交易发生时间,学号,姓名,交易类型,子系统名称,交易额,现有余额,次数,状态
2016/05/07 18:27:03,3a0eef7c5ce436f26d46a2ab62cff0c0f623d89b,00011391b02d5447fe6d148d03efcb3055928de3,持卡人消费,一校区水控新,-2.0,0.12,4190,正常
2016/05/24 11:06:04,3a0eef7c5ce436f26d46a2ab62cff0c0f623d89b,00011391b02d5447fe6d148d03efcb3055928de3,存款,现金充值机,200.0,200.12,4191,正常
2016/05/24 11:28:04,3a0eef7c5ce436f26d46a2ab62cff0c0f623d89b,00011391b02d5447fe6d148d03efcb3055928de3,持卡人消费,学苑楼商务网关,-7.8,192.32,4192,正常
2016/05/24 17:13:10,3a0eef7c5ce436f26d46a2ab62cff0c0f623d89b,00011391b02d5447fe6d148d03efcb3055928de3,持卡人消费,学苑楼商务网关,-7.0,185.32,4193,正常
2016/05/24 17:27:36,3a0eef7c5ce436f26d46a2ab62cff0c0f623d89b,00011391b02d5447fe6d148d03efcb3055928de3,持卡人消费,超市商务子系统,-2.5,182.82,4194,正常
2016/05/24 20:39:34,3a0eef7c5ce436f26d46a2ab62cff0c0f623d89b,00011391b02d5447fe6d148d03efcb3055928de3,持卡人消费,超市商务子系统,-7.1,175.72,4195,正常
2016/05/24 21:44:27,3a0eef7c5ce436f26d46a2ab62cff0c0f623d89b,00011391b02d5447fe6d148d03efcb3055928de3,持卡人消费,学子便利店A01后楼,-6.5,169.22,4196,正常
2016/05/25 08:46:42,3a0eef7c5ce436f26d46a2ab62cff0c0f623d89b,00011391b02d5447fe6d148d03efcb3055928de3,持卡人消费,学士楼商务网关,-3.2,166.02,4197,正常
2016/05/26 08:14:04,3a0eef7c5ce436f26d46a2ab62cff0c0f623d89b,00011391b02d5447fe6d148d03efcb3055928de3,持卡人消费,学士楼商务网关,-2.7,163.32,4198,正常
2016/05/26 11:22:48,3a0eef7c5ce436f26d46a2ab62cff0c0f623d89b,00011391b02d5447fe6d148d03efcb3055928de3,持卡人消费,学士楼商务网关,-9.6,153.72,4199,正常
2016/05/26 11:59:57,3a0eef7c5ce436f26d46a2ab62cff0c0f623d89b,00011391b02d5447fe6d148d03efcb3055928de3,持卡人消费,学子便利店A01后楼,-2.0,151.72,4200,正常
2016/05/26 15:48:12,3a0eef7c5ce436f26d46a2ab62cff0c0f623d89b,00011391b02d5447fe6d148d03efcb3055928de3,持卡人消费,学子便利店A01后楼,-2.0,149.72,4201,正常
2016/05/26 19:45:29,3a0eef7c5ce436f26d46a2ab62cff0c0f623d89b,00011391b02d5447fe6d148d03efcb3055928de3,持卡人消费,15公寓浴池,-1.62,148.10,4203,正常
2016/05/26 19:45:55,3a0eef7c5ce436f26d46a2ab62cff0c0f623d89b,00011391b02d5447fe6d148d03efcb3055928de3,持卡人消费,15公寓浴池,-0.06,148.04,4205,正常
2016/05/27 11:58:19,3a0eef7c5ce436f26d46a2ab62cff0c0f623d89b,00011391b02d5447fe6d148d03efcb3055928de3,持卡人消费,学苑楼商务网关,-8.0,140.04,4206,正常
2016/05/28 18:07:05,3a0eef7c5ce436f26d46a2ab62cff0c0f623d89b,00011391b02d5447fe6d148d03efcb3055928de3,持卡人消费,硕果园（工大商店）,-10.0,130.04,4207,正常
2016/05/28 18:11:23,3a0eef7c5ce436f26d46a2ab62cff0c0f623d89b,00011391b02d5447fe6d148d03efcb3055928de3,持卡人消费,硕果园（工大商店）,-3.5,126.54,4208,正常
2016/05/28 21:37:28,3a0eef7c5ce436f26d46a2ab62cff0c0f623d89b,00011391b02d5447fe6d148d03efcb3055928de3,持卡人消费,学子便利店A01后楼,-2.5,124.04,4209,正常
2016/05/28 22:12:34,3a0eef7c5ce436f26d46a2ab62cff0c0f623d89b,00011391b02d5447fe6d148d03efcb3055928de3,持卡人消费,学子便利店A01后楼,-3.0,121.04,4210,正常
2016/05/29 09:30:01,3a0eef7c5ce436f26d46a2ab62cff0c0f623d89b,00011391b02d5447fe6d148d03efcb3055928de3,持卡人消费,学子便利店A01后楼,-5.8,115.24,4211,正常
2016/05/29 17:23:08,3a0eef7c5ce436f26d46a2ab62cff0c0f623d89b,00011391b02d5447fe6d148d03efcb3055928de3,持卡人消费,学士楼商务网关,-8.1,107.14,4212,正常
2016/05/29 21:11:46,3a0eef7c5ce436f26d46a2ab62cff0c0f623d89b,00011391b02d5447fe6d148d03efcb3055928de3,持卡人消费,超市商务子系统,-9.6,97.54,4213,正常
2016/05/29 21:21:20,3a0eef7c5ce436f26d46a2ab62cff0c0f623d89b,00011391b02d5447fe6d148d03efcb3055928de3,持卡人消费,学子便利店A01后楼,-2.5,95.04,4214,正常
2016/05/30 11:38:31,3a0eef7c5ce436f26d46a2ab62cff0c0f623d89b,00011391b02d5447fe6d148d03efcb3055928de3,持卡人消费,学苑楼商务网关,-7.0,88.04,4215,正常
2016/05/30 11:40:03,3a0eef7c5ce436f26d46a2ab62cff0c0f623d89b,00011391b02d5447fe6d148d03efcb3055928de3,持卡人消费,学苑楼商务网关,-1.5,86.54,4216,正常
2016/05/30 16:08:12,3a0eef7c5ce436f26d46a2ab62cff0c0f623d89b,00011391b02d5447fe6d148d03efcb3055928de3,持卡人消费,学子便利店A01后楼,-2.0,84.54,4217,正常
2016/05/31 09:18:13,3a0eef7c5ce436f26d46a2ab62cff0c0f623d89b,00011391b02d5447fe6d148d03efcb3055928de3,持卡人消费,学子便利店A01后楼,-3.5,81.04,4218,正常
2016/05/31 11:15:52,3a0eef7c5ce436f26d46a2ab62cff0c0f623d89b,00011391b02d5447fe6d148d03efcb3055928de3,持卡人消费,学苑楼商务网关,-6.8,74.24,4219,正常
2016/05/31 13:23:01,3a0eef7c5ce436f26d46a2ab62cff0c0f623d89b,00011391b02d5447fe6d148d03efcb3055928de3,持卡人消费,15公寓浴池,-2.0,72.24,4220,正常
2016/05/31 13:26:02,3a0eef7c5ce436f26d46a2ab62cff0c0f623d89b,00011391b02d5447fe6d148d03efcb3055928de3,持卡人消费,15公寓浴池,-0.56,71.68,4222,正常
2016/05/31 16:51:19,3a0eef7c5ce436f26d46a2ab62cff0c0f623d89b,00011391b02d5447fe6d148d03efcb3055928de3,持卡人消费,学子便利店A01后楼,-6.2,65.48,4223,正常
2016/05/31 19:51:13,3a0eef7c5ce436f26d46a2ab62cff0c0f623d89b,00011391b02d5447fe6d148d03efcb3055928de3,持卡人消费,学士楼商务网关,-3.0,62.48,4224,正常
2016/05/31 19:51:20,3a0eef7c5ce436f26d46a2ab62cff0c0f623d89b,00011391b02d5447fe6d148d03efcb3055928de3,持卡人消费,学士楼商务网关,-3.0,59.48,4225,正常
2016/05/31 19:52:49,3a0eef7c5ce436f26d46a2ab62cff0c0f623d89b,00011391b02d5447fe6d148d03efcb3055928de3,持卡人消费,学士楼商务网关,-1.0,58.48,4226,正常
2016/05/31 20:18:24,3a0eef7c5ce436f26d46a2ab62cff0c0f623d89b,00011391b02d5447fe6d148d03efcb3055928de3,持卡人消费,学子便利店A01后楼,-2.0,56.48,4227,正常
