交易发生时间,学号,姓名,交易类型,子系统名称,交易额,现有余额,次数,状态
2016/05/26 21:04:50,6e5e89bba6a253e4711b97c8fca5e93c0e22bfac,000afac1c7c2e646816a2aa1113bd54e3d3805af,持卡人消费,超市商务子系统,-0.3,0.85,1891,正常
2016/05/27 17:21:19,6e5e89bba6a253e4711b97c8fca5e93c0e22bfac,000afac1c7c2e646816a2aa1113bd54e3d3805af,存款,卡中心综合业务,100.0,100.85,1892,正常
2016/05/28 12:01:19,6e5e89bba6a253e4711b97c8fca5e93c0e22bfac,000afac1c7c2e646816a2aa1113bd54e3d3805af,持卡人消费,硕果园（工大商店）,-13.0,87.85,1893,正常
2016/05/28 18:58:26,6e5e89bba6a253e4711b97c8fca5e93c0e22bfac,000afac1c7c2e646816a2aa1113bd54e3d3805af,持卡人消费,硕果园（工大商店）,-9.0,78.85,1894,正常
2016/05/29 12:38:11,6e5e89bba6a253e4711b97c8fca5e93c0e22bfac,000afac1c7c2e646816a2aa1113bd54e3d3805af,持卡人消费,15公寓浴池,-0.02,78.83,1896,正常
2016/05/29 12:48:45,6e5e89bba6a253e4711b97c8fca5e93c0e22bfac,000afac1c7c2e646816a2aa1113bd54e3d3805af,持卡人消费,15公寓浴池,-2.0,76.83,1897,正常
2016/05/31 11:45:16,6e5e89bba6a253e4711b97c8fca5e93c0e22bfac,000afac1c7c2e646816a2aa1113bd54e3d3805af,持卡人消费,超市商务子系统,-4.0,72.83,1898,正常
