交易发生时间,学号,姓名,交易类型,子系统名称,交易额,现有余额,次数,状态
2016/05/01 11:56:51,2a0354a001c9d2ec30d7c1811c89ffca320dbd95,0015f1abe904bfa7df4018906ebbe6c78a19505c,持卡人消费,学子便利店A01后楼,-0.9,15.44,3161,正常
2016/05/05 14:51:44,2a0354a001c9d2ec30d7c1811c89ffca320dbd95,0015f1abe904bfa7df4018906ebbe6c78a19505c,持卡人消费,学子便利店A01后楼,-0.7,14.74,3162,正常
2016/05/06 11:43:14,2a0354a001c9d2ec30d7c1811c89ffca320dbd95,0015f1abe904bfa7df4018906ebbe6c78a19505c,持卡人消费,学苑楼商务网关,-7.0,7.74,3163,正常
2016/05/06 11:47:43,2a0354a001c9d2ec30d7c1811c89ffca320dbd95,0015f1abe904bfa7df4018906ebbe6c78a19505c,持卡人消费,学苑楼商务网关,-0.8,6.94,3164,正常
2016/05/06 22:04:34,2a0354a001c9d2ec30d7c1811c89ffca320dbd95,0015f1abe904bfa7df4018906ebbe6c78a19505c,持卡人消费,学子便利店A01后楼,-0.8,6.14,3165,正常
2016/05/07 15:00:27,2a0354a001c9d2ec30d7c1811c89ffca320dbd95,0015f1abe904bfa7df4018906ebbe6c78a19505c,存款,现金充值机,50.0,56.14,3166,正常
2016/05/07 15:28:12,2a0354a001c9d2ec30d7c1811c89ffca320dbd95,0015f1abe904bfa7df4018906ebbe6c78a19505c,持卡人消费,超市商务子系统,-18.6,37.54,3167,正常
2016/05/07 19:31:04,2a0354a001c9d2ec30d7c1811c89ffca320dbd95,0015f1abe904bfa7df4018906ebbe6c78a19505c,持卡人消费,15公寓浴池,-0.02,37.52,3169,正常
2016/05/07 19:41:35,2a0354a001c9d2ec30d7c1811c89ffca320dbd95,0015f1abe904bfa7df4018906ebbe6c78a19505c,持卡人消费,15公寓浴池,-2.0,35.52,3170,正常
2016/05/07 19:36:22,2a0354a001c9d2ec30d7c1811c89ffca320dbd95,0015f1abe904bfa7df4018906ebbe6c78a19505c,持卡人消费,15公寓浴池,-0.99,34.53,3172,正常
2016/05/07 19:42:41,2a0354a001c9d2ec30d7c1811c89ffca320dbd95,0015f1abe904bfa7df4018906ebbe6c78a19505c,持卡人消费,15公寓浴池,-0.7,31.83,3175,正常
2016/05/07 19:42:49,2a0354a001c9d2ec30d7c1811c89ffca320dbd95,0015f1abe904bfa7df4018906ebbe6c78a19505c,持卡人消费,15公寓浴池,-0.22,33.61,3176,正常
2016/05/11 18:25:34,2a0354a001c9d2ec30d7c1811c89ffca320dbd95,0015f1abe904bfa7df4018906ebbe6c78a19505c,持卡人消费,超市商务子系统,-13.5,20.11,3177,正常
2016/05/11 18:49:49,2a0354a001c9d2ec30d7c1811c89ffca320dbd95,0015f1abe904bfa7df4018906ebbe6c78a19505c,持卡人消费,学子便利店A01后楼,-4.0,16.11,3178,正常
2016/05/12 17:44:24,2a0354a001c9d2ec30d7c1811c89ffca320dbd95,0015f1abe904bfa7df4018906ebbe6c78a19505c,持卡人消费,学子便利店A01后楼,-2.4,13.71,3179,正常
2016/05/14 14:53:52,2a0354a001c9d2ec30d7c1811c89ffca320dbd95,0015f1abe904bfa7df4018906ebbe6c78a19505c,持卡人消费,学子便利店A01后楼,-0.7,13.01,3180,正常
2016/05/15 12:25:37,2a0354a001c9d2ec30d7c1811c89ffca320dbd95,0015f1abe904bfa7df4018906ebbe6c78a19505c,持卡人消费,学子便利店A01后楼,-2.8,10.21,3181,正常
2016/05/16 20:31:15,2a0354a001c9d2ec30d7c1811c89ffca320dbd95,0015f1abe904bfa7df4018906ebbe6c78a19505c,持卡人消费,学子便利店A01后楼,-8.9,1.31,3182,正常
2016/05/22 12:14:27,2a0354a001c9d2ec30d7c1811c89ffca320dbd95,0015f1abe904bfa7df4018906ebbe6c78a19505c,持卡人消费,学子便利店A01后楼,-0.5,0.81,3183,正常
2016/05/23 17:31:32,2a0354a001c9d2ec30d7c1811c89ffca320dbd95,0015f1abe904bfa7df4018906ebbe6c78a19505c,存款,现金充值机,100.0,100.81,3184,正常
2016/05/23 17:58:17,2a0354a001c9d2ec30d7c1811c89ffca320dbd95,0015f1abe904bfa7df4018906ebbe6c78a19505c,持卡人消费,超市商务子系统,-17.1,83.71,3185,正常
2016/05/26 13:57:26,2a0354a001c9d2ec30d7c1811c89ffca320dbd95,0015f1abe904bfa7df4018906ebbe6c78a19505c,持卡人消费,学子便利店A01后楼,-8.0,75.71,3186,正常
2016/05/26 19:12:21,2a0354a001c9d2ec30d7c1811c89ffca320dbd95,0015f1abe904bfa7df4018906ebbe6c78a19505c,持卡人消费,学子便利店A01后楼,-3.6,72.11,3187,正常
2016/05/28 20:29:37,2a0354a001c9d2ec30d7c1811c89ffca320dbd95,0015f1abe904bfa7df4018906ebbe6c78a19505c,持卡人消费,超市商务子系统,-10.5,61.61,3188,正常
2016/05/28 20:30:09,2a0354a001c9d2ec30d7c1811c89ffca320dbd95,0015f1abe904bfa7df4018906ebbe6c78a19505c,持卡人消费,超市商务子系统,-0.4,61.21,3189,正常
2016/05/28 20:34:20,2a0354a001c9d2ec30d7c1811c89ffca320dbd95,0015f1abe904bfa7df4018906ebbe6c78a19505c,持卡人消费,超市商务子系统,-1.9,59.31,3190,正常
2016/05/29 14:56:58,2a0354a001c9d2ec30d7c1811c89ffca320dbd95,0015f1abe904bfa7df4018906ebbe6c78a19505c,持卡人消费,15公寓浴池,-1.84,57.47,3192,正常
2016/05/29 14:59:02,2a0354a001c9d2ec30d7c1811c89ffca320dbd95,0015f1abe904bfa7df4018906ebbe6c78a19505c,持卡人消费,15公寓浴池,-0.24,57.23,3194,正常
2016/05/29 22:07:57,2a0354a001c9d2ec30d7c1811c89ffca320dbd95,0015f1abe904bfa7df4018906ebbe6c78a19505c,持卡人消费,学子便利店A01后楼,-0.7,56.53,3195,正常
2016/05/30 19:31:29,2a0354a001c9d2ec30d7c1811c89ffca320dbd95,0015f1abe904bfa7df4018906ebbe6c78a19505c,持卡人消费,学子便利店A01后楼,-2.5,54.03,3196,正常
2016/05/30 19:40:39,2a0354a001c9d2ec30d7c1811c89ffca320dbd95,0015f1abe904bfa7df4018906ebbe6c78a19505c,持卡人消费,15公寓浴池,-0.85,53.18,3198,正常
2016/05/30 19:44:43,2a0354a001c9d2ec30d7c1811c89ffca320dbd95,0015f1abe904bfa7df4018906ebbe6c78a19505c,持卡人消费,15公寓浴池,-0.54,52.64,3200,正常
