交易发生时间,学号,姓名,交易类型,子系统名称,交易额,现有余额,次数,状态
2016/05/11 14:47:37,00d85abef0573996eef40893eccd9cdb49d80c4e,007c97a06b71d308f6b9c9757b29fbd028e201df,持卡人消费,一校区水控新,-0.26,18.59,1627,正常
2016/05/11 14:48:34,00d85abef0573996eef40893eccd9cdb49d80c4e,007c97a06b71d308f6b9c9757b29fbd028e201df,持卡人消费,一校区水控新,-0.11,18.48,1629,正常
2016/05/11 14:51:27,00d85abef0573996eef40893eccd9cdb49d80c4e,007c97a06b71d308f6b9c9757b29fbd028e201df,持卡人消费,一校区水控新,-0.34,18.14,1631,正常
2016/05/11 14:53:06,00d85abef0573996eef40893eccd9cdb49d80c4e,007c97a06b71d308f6b9c9757b29fbd028e201df,持卡人消费,一校区水控新,-0.06,18.08,1633,正常
2016/05/16 14:46:51,00d85abef0573996eef40893eccd9cdb49d80c4e,007c97a06b71d308f6b9c9757b29fbd028e201df,持卡人消费,一校区水控新,-0.37,17.71,1635,正常
2016/05/16 14:51:01,00d85abef0573996eef40893eccd9cdb49d80c4e,007c97a06b71d308f6b9c9757b29fbd028e201df,持卡人消费,一校区水控新,-0.4,17.31,1637,正常
2016/05/16 14:52:37,00d85abef0573996eef40893eccd9cdb49d80c4e,007c97a06b71d308f6b9c9757b29fbd028e201df,持卡人消费,一校区水控新,-0.05,17.26,1639,正常
2016/05/22 16:01:50,00d85abef0573996eef40893eccd9cdb49d80c4e,007c97a06b71d308f6b9c9757b29fbd028e201df,持卡人消费,一校区水控新,-0.7,16.56,1641,正常
2016/05/22 16:04:26,00d85abef0573996eef40893eccd9cdb49d80c4e,007c97a06b71d308f6b9c9757b29fbd028e201df,持卡人消费,一校区水控新,-0.24,16.32,1643,正常
2016/05/30 13:43:08,00d85abef0573996eef40893eccd9cdb49d80c4e,007c97a06b71d308f6b9c9757b29fbd028e201df,持卡人消费,一校区水控新,-0.37,15.95,1645,正常
2016/05/30 13:44:41,00d85abef0573996eef40893eccd9cdb49d80c4e,007c97a06b71d308f6b9c9757b29fbd028e201df,持卡人消费,一校区水控新,-0.19,15.76,1647,正常
2016/05/30 13:47:37,00d85abef0573996eef40893eccd9cdb49d80c4e,007c97a06b71d308f6b9c9757b29fbd028e201df,持卡人消费,一校区水控新,-0.29,15.47,1649,正常
