交易发生时间,学号,姓名,交易类型,子系统名称,交易额,现有余额,次数,状态
2016/05/01 11:39:31,460650546c708efcb5d08abf266beb33c5a1d1c9,00e0904ddbc155b769d8e983d0968f701e8ad1b5,持卡人消费,学子超市园丁总店,-3.6,24.86,3679,正常
2016/05/01 13:54:32,460650546c708efcb5d08abf266beb33c5a1d1c9,00e0904ddbc155b769d8e983d0968f701e8ad1b5,持卡人消费,硕果园（工大商店）,-1.0,23.86,3680,正常
2016/05/02 17:33:59,460650546c708efcb5d08abf266beb33c5a1d1c9,00e0904ddbc155b769d8e983d0968f701e8ad1b5,持卡人消费,硕果园（工大商店）,-10.0,13.86,3681,正常
2016/05/02 17:53:50,460650546c708efcb5d08abf266beb33c5a1d1c9,00e0904ddbc155b769d8e983d0968f701e8ad1b5,持卡人消费,超市商务子系统,-10.3,3.56,3682,正常
2016/05/02 17:44:06,460650546c708efcb5d08abf266beb33c5a1d1c9,00e0904ddbc155b769d8e983d0968f701e8ad1b5,存款,现金充值机,100.0,95.56,3683,正常
2016/05/02 20:22:09,460650546c708efcb5d08abf266beb33c5a1d1c9,00e0904ddbc155b769d8e983d0968f701e8ad1b5,持卡人消费,15公寓浴池,-2.0,93.56,3684,正常
2016/05/02 20:30:54,460650546c708efcb5d08abf266beb33c5a1d1c9,00e0904ddbc155b769d8e983d0968f701e8ad1b5,持卡人消费,15公寓浴池,-1.66,91.90,3686,正常
2016/05/03 15:42:14,460650546c708efcb5d08abf266beb33c5a1d1c9,00e0904ddbc155b769d8e983d0968f701e8ad1b5,持卡人消费,A15,-3.0,88.90,3687,正常
2016/05/03 18:05:26,460650546c708efcb5d08abf266beb33c5a1d1c9,00e0904ddbc155b769d8e983d0968f701e8ad1b5,持卡人消费,学子超市园丁总店,-5.9,83.00,3688,正常
2016/05/04 12:44:13,460650546c708efcb5d08abf266beb33c5a1d1c9,00e0904ddbc155b769d8e983d0968f701e8ad1b5,持卡人消费,学子超市园丁总店,-6.9,76.10,3689,正常
2016/05/04 17:46:42,460650546c708efcb5d08abf266beb33c5a1d1c9,00e0904ddbc155b769d8e983d0968f701e8ad1b5,持卡人消费,学士楼商务网关,-14.9,61.20,3691,正常
2016/05/04 18:31:09,460650546c708efcb5d08abf266beb33c5a1d1c9,00e0904ddbc155b769d8e983d0968f701e8ad1b5,持卡人消费,超市商务子系统,-7.1,54.10,3692,正常
2016/05/05 20:44:55,460650546c708efcb5d08abf266beb33c5a1d1c9,00e0904ddbc155b769d8e983d0968f701e8ad1b5,持卡人消费,学子超市园丁总店,-9.0,45.10,3693,正常
2016/05/06 10:38:15,460650546c708efcb5d08abf266beb33c5a1d1c9,00e0904ddbc155b769d8e983d0968f701e8ad1b5,持卡人消费,硕果园（工大商店）,-11.0,34.10,3694,正常
2016/05/07 15:46:29,460650546c708efcb5d08abf266beb33c5a1d1c9,00e0904ddbc155b769d8e983d0968f701e8ad1b5,持卡人消费,超市商务子系统,-19.4,14.70,3695,正常
2016/05/07 15:50:13,460650546c708efcb5d08abf266beb33c5a1d1c9,00e0904ddbc155b769d8e983d0968f701e8ad1b5,持卡人消费,超市商务子系统,-9.4,5.30,3696,正常
2016/05/11 08:33:43,460650546c708efcb5d08abf266beb33c5a1d1c9,00e0904ddbc155b769d8e983d0968f701e8ad1b5,持卡人消费,A15,-3.0,2.30,3697,正常
