交易发生时间,学号,姓名,交易类型,子系统名称,交易额,现有余额,次数,状态
2016/05/04 12:57:59,bb1fe8ec8c83696436a58cdde46f4f4ebf732d17,0109d680a4152bb7f171fa3295291893a99e7eae,持卡人消费,学士楼商务网关,-7.0,9.84,2081,正常
2016/05/04 13:02:36,bb1fe8ec8c83696436a58cdde46f4f4ebf732d17,0109d680a4152bb7f171fa3295291893a99e7eae,持卡人消费,学士楼商务网关,-1.0,8.84,2082,正常
2016/05/04 17:26:31,bb1fe8ec8c83696436a58cdde46f4f4ebf732d17,0109d680a4152bb7f171fa3295291893a99e7eae,持卡人消费,学苑楼商务网关,-6.0,2.84,2083,正常
2016/05/04 17:28:22,bb1fe8ec8c83696436a58cdde46f4f4ebf732d17,0109d680a4152bb7f171fa3295291893a99e7eae,持卡人消费,学苑楼商务网关,-0.5,2.34,2084,正常
2016/05/04 18:00:35,bb1fe8ec8c83696436a58cdde46f4f4ebf732d17,0109d680a4152bb7f171fa3295291893a99e7eae,持卡人消费,超市商务子系统,-0.1,2.24,2085,正常
2016/05/05 12:35:40,bb1fe8ec8c83696436a58cdde46f4f4ebf732d17,0109d680a4152bb7f171fa3295291893a99e7eae,存款,学苑楼综合业务2,100.0,102.24,2086,正常
2016/05/05 12:38:21,bb1fe8ec8c83696436a58cdde46f4f4ebf732d17,0109d680a4152bb7f171fa3295291893a99e7eae,持卡人消费,学士楼商务网关,-1.0,101.24,2087,正常
2016/05/05 12:39:28,bb1fe8ec8c83696436a58cdde46f4f4ebf732d17,0109d680a4152bb7f171fa3295291893a99e7eae,持卡人消费,学士楼商务网关,-2.6,98.64,2088,正常
2016/05/07 11:10:55,bb1fe8ec8c83696436a58cdde46f4f4ebf732d17,0109d680a4152bb7f171fa3295291893a99e7eae,持卡人消费,学苑楼商务网关,-5.0,93.64,2089,正常
2016/05/07 11:11:31,bb1fe8ec8c83696436a58cdde46f4f4ebf732d17,0109d680a4152bb7f171fa3295291893a99e7eae,持卡人消费,学苑楼商务网关,-4.0,89.64,2090,正常
2016/05/07 11:12:22,bb1fe8ec8c83696436a58cdde46f4f4ebf732d17,0109d680a4152bb7f171fa3295291893a99e7eae,持卡人消费,学苑楼商务网关,-0.4,89.24,2091,正常
2016/05/07 11:13:10,bb1fe8ec8c83696436a58cdde46f4f4ebf732d17,0109d680a4152bb7f171fa3295291893a99e7eae,持卡人消费,学苑楼商务网关,-0.5,88.74,2092,正常
2016/05/07 17:43:45,bb1fe8ec8c83696436a58cdde46f4f4ebf732d17,0109d680a4152bb7f171fa3295291893a99e7eae,持卡人消费,学苑楼商务网关,-6.0,82.74,2093,正常
2016/05/07 17:44:59,bb1fe8ec8c83696436a58cdde46f4f4ebf732d17,0109d680a4152bb7f171fa3295291893a99e7eae,持卡人消费,学苑楼商务网关,-0.4,82.34,2094,正常
2016/05/07 18:06:47,bb1fe8ec8c83696436a58cdde46f4f4ebf732d17,0109d680a4152bb7f171fa3295291893a99e7eae,持卡人消费,超市商务子系统,-3.3,79.04,2095,正常
2016/05/08 11:17:11,bb1fe8ec8c83696436a58cdde46f4f4ebf732d17,0109d680a4152bb7f171fa3295291893a99e7eae,持卡人消费,游泳馆,-6.0,73.04,2096,正常
2016/05/08 16:53:54,bb1fe8ec8c83696436a58cdde46f4f4ebf732d17,0109d680a4152bb7f171fa3295291893a99e7eae,持卡人消费,学苑楼商务网关,-5.0,68.04,2097,正常
2016/05/08 16:54:23,bb1fe8ec8c83696436a58cdde46f4f4ebf732d17,0109d680a4152bb7f171fa3295291893a99e7eae,持卡人消费,学苑楼商务网关,-4.0,64.04,2098,正常
2016/05/08 16:54:44,bb1fe8ec8c83696436a58cdde46f4f4ebf732d17,0109d680a4152bb7f171fa3295291893a99e7eae,持卡人消费,学苑楼商务网关,-0.4,63.64,2099,正常
2016/05/08 16:55:29,bb1fe8ec8c83696436a58cdde46f4f4ebf732d17,0109d680a4152bb7f171fa3295291893a99e7eae,持卡人消费,学苑楼商务网关,-0.4,63.24,2100,正常
2016/05/08 17:25:26,bb1fe8ec8c83696436a58cdde46f4f4ebf732d17,0109d680a4152bb7f171fa3295291893a99e7eae,持卡人消费,超市商务子系统,-4.3,58.94,2101,正常
2016/05/09 11:35:10,bb1fe8ec8c83696436a58cdde46f4f4ebf732d17,0109d680a4152bb7f171fa3295291893a99e7eae,持卡人消费,学苑楼商务网关,-5.0,53.94,2102,正常
2016/05/09 11:36:11,bb1fe8ec8c83696436a58cdde46f4f4ebf732d17,0109d680a4152bb7f171fa3295291893a99e7eae,持卡人消费,学苑楼商务网关,-0.5,53.44,2103,正常
2016/05/11 11:43:18,bb1fe8ec8c83696436a58cdde46f4f4ebf732d17,0109d680a4152bb7f171fa3295291893a99e7eae,持卡人消费,学子楼商务网关,-12.0,41.44,2104,正常
2016/05/13 17:49:42,bb1fe8ec8c83696436a58cdde46f4f4ebf732d17,0109d680a4152bb7f171fa3295291893a99e7eae,持卡人消费,学苑楼商务网关,-8.0,33.44,2105,正常
2016/05/22 17:55:46,bb1fe8ec8c83696436a58cdde46f4f4ebf732d17,0109d680a4152bb7f171fa3295291893a99e7eae,持卡人消费,学士楼商务网关,-3.0,30.44,2106,正常
2016/05/22 17:56:27,bb1fe8ec8c83696436a58cdde46f4f4ebf732d17,0109d680a4152bb7f171fa3295291893a99e7eae,持卡人消费,学士楼商务网关,-0.2,30.24,2107,正常
2016/05/22 20:59:02,bb1fe8ec8c83696436a58cdde46f4f4ebf732d17,0109d680a4152bb7f171fa3295291893a99e7eae,持卡人消费,学子超市园丁总店,-4.6,25.64,2108,正常
2016/05/24 11:30:38,bb1fe8ec8c83696436a58cdde46f4f4ebf732d17,0109d680a4152bb7f171fa3295291893a99e7eae,持卡人消费,学苑楼商务网关,-4.0,21.64,2109,正常
2016/05/24 11:31:17,bb1fe8ec8c83696436a58cdde46f4f4ebf732d17,0109d680a4152bb7f171fa3295291893a99e7eae,持卡人消费,学苑楼商务网关,-4.0,17.64,2110,正常
2016/05/24 11:33:11,bb1fe8ec8c83696436a58cdde46f4f4ebf732d17,0109d680a4152bb7f171fa3295291893a99e7eae,持卡人消费,学苑楼商务网关,-0.5,17.14,2111,正常
2016/05/24 11:58:41,bb1fe8ec8c83696436a58cdde46f4f4ebf732d17,0109d680a4152bb7f171fa3295291893a99e7eae,持卡人消费,超市商务子系统,-11.5,5.64,2112,正常
2016/05/26 11:39:40,bb1fe8ec8c83696436a58cdde46f4f4ebf732d17,0109d680a4152bb7f171fa3295291893a99e7eae,存款,卡中心综合业务,50.0,55.64,2113,正常
2016/05/26 11:43:03,bb1fe8ec8c83696436a58cdde46f4f4ebf732d17,0109d680a4152bb7f171fa3295291893a99e7eae,持卡人消费,学苑楼商务网关,-10.0,45.64,2114,正常
2016/05/26 11:44:50,bb1fe8ec8c83696436a58cdde46f4f4ebf732d17,0109d680a4152bb7f171fa3295291893a99e7eae,持卡人消费,学苑楼商务网关,-0.5,45.14,2115,正常
2016/05/26 12:04:36,bb1fe8ec8c83696436a58cdde46f4f4ebf732d17,0109d680a4152bb7f171fa3295291893a99e7eae,持卡人消费,学苑楼商务网关,-2.0,43.14,2116,正常
2016/05/26 17:34:10,bb1fe8ec8c83696436a58cdde46f4f4ebf732d17,0109d680a4152bb7f171fa3295291893a99e7eae,持卡人消费,学苑楼商务网关,-4.0,39.14,2117,正常
2016/05/26 17:34:43,bb1fe8ec8c83696436a58cdde46f4f4ebf732d17,0109d680a4152bb7f171fa3295291893a99e7eae,持卡人消费,学苑楼商务网关,-3.0,36.14,2118,正常
2016/05/26 17:36:34,bb1fe8ec8c83696436a58cdde46f4f4ebf732d17,0109d680a4152bb7f171fa3295291893a99e7eae,持卡人消费,学苑楼商务网关,-0.8,35.34,2119,正常
2016/05/29 15:00:54,bb1fe8ec8c83696436a58cdde46f4f4ebf732d17,0109d680a4152bb7f171fa3295291893a99e7eae,持卡人消费,游泳馆,-6.0,29.34,2120,正常
2016/05/30 18:33:41,bb1fe8ec8c83696436a58cdde46f4f4ebf732d17,0109d680a4152bb7f171fa3295291893a99e7eae,持卡人消费,学苑楼商务网关,-8.8,20.54,2121,正常
2016/05/30 18:34:09,bb1fe8ec8c83696436a58cdde46f4f4ebf732d17,0109d680a4152bb7f171fa3295291893a99e7eae,持卡人消费,学苑楼商务网关,-8.0,12.54,2122,正常
2016/05/30 18:36:27,bb1fe8ec8c83696436a58cdde46f4f4ebf732d17,0109d680a4152bb7f171fa3295291893a99e7eae,持卡人消费,学苑楼商务网关,-8.0,4.54,2123,正常
2016/05/31 13:05:15,bb1fe8ec8c83696436a58cdde46f4f4ebf732d17,0109d680a4152bb7f171fa3295291893a99e7eae,存款,学苑楼综合业务2,50.0,54.54,2124,正常
2016/05/31 13:07:50,bb1fe8ec8c83696436a58cdde46f4f4ebf732d17,0109d680a4152bb7f171fa3295291893a99e7eae,持卡人消费,学士楼商务网关,-7.0,47.54,2125,正常
2016/05/31 17:21:38,bb1fe8ec8c83696436a58cdde46f4f4ebf732d17,0109d680a4152bb7f171fa3295291893a99e7eae,持卡人消费,学苑楼商务网关,-4.0,43.54,2126,正常
2016/05/31 17:22:26,bb1fe8ec8c83696436a58cdde46f4f4ebf732d17,0109d680a4152bb7f171fa3295291893a99e7eae,持卡人消费,学苑楼商务网关,-0.5,43.04,2127,正常
2016/05/31 17:38:58,bb1fe8ec8c83696436a58cdde46f4f4ebf732d17,0109d680a4152bb7f171fa3295291893a99e7eae,持卡人消费,超市商务子系统,-3.6,39.44,2128,正常
2016/05/31 17:40:54,bb1fe8ec8c83696436a58cdde46f4f4ebf732d17,0109d680a4152bb7f171fa3295291893a99e7eae,持卡人消费,超市商务子系统,-2.8,36.64,2129,正常
