交易发生时间,学号,姓名,交易类型,子系统名称,交易额,现有余额,次数,状态
2016/05/09 17:01:03,8dbaf2763359a9f0d9cb556da79c48a307b67c26,010a3bd44cd4df79f2820ad4162a8942040bf904,持卡人消费,学士楼商务网关,-13.6,50.10,2665,正常
2016/05/14 18:50:09,8dbaf2763359a9f0d9cb556da79c48a307b67c26,010a3bd44cd4df79f2820ad4162a8942040bf904,持卡人消费,硕果园（工大商店）,-10.0,40.10,2666,正常
2016/05/17 17:21:59,8dbaf2763359a9f0d9cb556da79c48a307b67c26,010a3bd44cd4df79f2820ad4162a8942040bf904,持卡人消费,学士楼商务网关,-7.6,32.50,2667,正常
2016/05/18 12:07:15,8dbaf2763359a9f0d9cb556da79c48a307b67c26,010a3bd44cd4df79f2820ad4162a8942040bf904,持卡人消费,硕果园（工大商店）,-13.0,19.50,2668,正常
2016/05/18 17:28:05,8dbaf2763359a9f0d9cb556da79c48a307b67c26,010a3bd44cd4df79f2820ad4162a8942040bf904,持卡人消费,学士楼商务网关,-11.4,8.10,2669,正常
2016/05/19 19:28:24,8dbaf2763359a9f0d9cb556da79c48a307b67c26,010a3bd44cd4df79f2820ad4162a8942040bf904,持卡人消费,15公寓浴池,-0.03,8.07,2671,正常
2016/05/19 19:38:54,8dbaf2763359a9f0d9cb556da79c48a307b67c26,010a3bd44cd4df79f2820ad4162a8942040bf904,持卡人消费,15公寓浴池,-2.0,6.07,2672,正常
2016/05/19 19:45:27,8dbaf2763359a9f0d9cb556da79c48a307b67c26,010a3bd44cd4df79f2820ad4162a8942040bf904,持卡人消费,15公寓浴池,-0.35,5.72,2674,正常
2016/05/19 19:50:12,8dbaf2763359a9f0d9cb556da79c48a307b67c26,010a3bd44cd4df79f2820ad4162a8942040bf904,持卡人消费,15公寓浴池,-0.5,5.22,2676,正常
2016/05/19 19:58:09,8dbaf2763359a9f0d9cb556da79c48a307b67c26,010a3bd44cd4df79f2820ad4162a8942040bf904,持卡人消费,15公寓浴池,-0.88,4.34,2678,正常
2016/05/20 16:45:06,8dbaf2763359a9f0d9cb556da79c48a307b67c26,010a3bd44cd4df79f2820ad4162a8942040bf904,存款,现金充值机,100.0,104.34,2679,正常
2016/05/20 17:07:19,8dbaf2763359a9f0d9cb556da79c48a307b67c26,010a3bd44cd4df79f2820ad4162a8942040bf904,持卡人消费,学苑楼商务网关,-8.0,96.34,2680,正常
2016/05/20 17:08:23,8dbaf2763359a9f0d9cb556da79c48a307b67c26,010a3bd44cd4df79f2820ad4162a8942040bf904,持卡人消费,学苑楼商务网关,-1.5,94.84,2681,正常
2016/05/24 16:46:24,8dbaf2763359a9f0d9cb556da79c48a307b67c26,010a3bd44cd4df79f2820ad4162a8942040bf904,持卡人消费,学苑楼商务网关,-8.0,86.84,2682,正常
2016/05/25 17:28:41,8dbaf2763359a9f0d9cb556da79c48a307b67c26,010a3bd44cd4df79f2820ad4162a8942040bf904,持卡人消费,硕果园（工大商店）,-12.0,74.84,2683,正常
2016/05/26 20:29:09,8dbaf2763359a9f0d9cb556da79c48a307b67c26,010a3bd44cd4df79f2820ad4162a8942040bf904,持卡人消费,硕果园（工大商店）,-14.0,60.84,2684,正常
2016/05/26 20:35:23,8dbaf2763359a9f0d9cb556da79c48a307b67c26,010a3bd44cd4df79f2820ad4162a8942040bf904,持卡人消费,硕果园（工大商店）,-4.3,56.54,2685,正常
2016/05/27 17:11:44,8dbaf2763359a9f0d9cb556da79c48a307b67c26,010a3bd44cd4df79f2820ad4162a8942040bf904,持卡人消费,学士楼商务网关,-9.6,46.94,2686,正常
2016/05/30 12:21:36,8dbaf2763359a9f0d9cb556da79c48a307b67c26,010a3bd44cd4df79f2820ad4162a8942040bf904,持卡人消费,网络中心,-30.0,16.94,2687,正常
2016/05/31 19:37:59,8dbaf2763359a9f0d9cb556da79c48a307b67c26,010a3bd44cd4df79f2820ad4162a8942040bf904,持卡人消费,硕果园（工大商店）,-14.0,2.94,2688,正常
