交易发生时间,学号,姓名,交易类型,子系统名称,交易额,现有余额,次数,状态
2016/05/03 08:11:19,01550d3a3cd13da1ff0e521b9616b8fafd0540c4,010c2c8199acccdac64cb377778e5134d5505157,持卡人消费,学苑楼商务网关,-9.0,2.58,1203,正常
2016/05/06 08:12:49,01550d3a3cd13da1ff0e521b9616b8fafd0540c4,010c2c8199acccdac64cb377778e5134d5505157,存款,学苑楼综合业务2,50.0,52.58,1204,正常
2016/05/06 08:13:35,01550d3a3cd13da1ff0e521b9616b8fafd0540c4,010c2c8199acccdac64cb377778e5134d5505157,持卡人消费,学苑楼商务网关,-9.0,43.58,1205,正常
2016/05/06 11:44:20,01550d3a3cd13da1ff0e521b9616b8fafd0540c4,010c2c8199acccdac64cb377778e5134d5505157,持卡人消费,学士楼商务网关,-3.4,40.18,1206,正常
2016/05/06 17:14:55,01550d3a3cd13da1ff0e521b9616b8fafd0540c4,010c2c8199acccdac64cb377778e5134d5505157,持卡人消费,学苑楼商务网关,-8.5,31.68,1207,正常
2016/05/06 17:42:59,01550d3a3cd13da1ff0e521b9616b8fafd0540c4,010c2c8199acccdac64cb377778e5134d5505157,持卡人消费,超市商务子系统,-7.3,24.38,1208,正常
2016/05/07 07:40:44,01550d3a3cd13da1ff0e521b9616b8fafd0540c4,010c2c8199acccdac64cb377778e5134d5505157,持卡人消费,学士楼商务网关,-3.0,21.38,1209,正常
2016/05/07 12:12:18,01550d3a3cd13da1ff0e521b9616b8fafd0540c4,010c2c8199acccdac64cb377778e5134d5505157,持卡人消费,学苑楼商务网关,-7.0,14.38,1210,正常
2016/05/08 12:30:54,01550d3a3cd13da1ff0e521b9616b8fafd0540c4,010c2c8199acccdac64cb377778e5134d5505157,持卡人消费,学苑楼商务网关,-8.0,6.38,1211,正常
2016/05/08 12:31:22,01550d3a3cd13da1ff0e521b9616b8fafd0540c4,010c2c8199acccdac64cb377778e5134d5505157,持卡人消费,学苑楼商务网关,-1.5,4.88,1212,正常
2016/05/17 11:33:55,01550d3a3cd13da1ff0e521b9616b8fafd0540c4,010c2c8199acccdac64cb377778e5134d5505157,存款,现金充值机,100.0,104.88,1213,正常
2016/05/17 18:49:26,01550d3a3cd13da1ff0e521b9616b8fafd0540c4,010c2c8199acccdac64cb377778e5134d5505157,持卡人消费,硕果园（工大商店）,-12.0,92.88,1214,正常
2016/05/18 14:20:32,01550d3a3cd13da1ff0e521b9616b8fafd0540c4,010c2c8199acccdac64cb377778e5134d5505157,持卡人消费,硕果园（工大商店）,-12.0,80.88,1215,正常
2016/05/18 14:21:48,01550d3a3cd13da1ff0e521b9616b8fafd0540c4,010c2c8199acccdac64cb377778e5134d5505157,持卡人消费,硕果园（工大商店）,-3.0,77.88,1216,正常
2016/05/18 18:13:59,01550d3a3cd13da1ff0e521b9616b8fafd0540c4,010c2c8199acccdac64cb377778e5134d5505157,持卡人消费,硕果园（工大商店）,-7.0,70.88,1217,正常
2016/05/18 18:14:39,01550d3a3cd13da1ff0e521b9616b8fafd0540c4,010c2c8199acccdac64cb377778e5134d5505157,持卡人消费,硕果园（工大商店）,-14.0,56.88,1218,正常
2016/05/18 18:15:45,01550d3a3cd13da1ff0e521b9616b8fafd0540c4,010c2c8199acccdac64cb377778e5134d5505157,持卡人消费,硕果园（工大商店）,-6.0,50.88,1219,正常
2016/05/19 08:35:19,01550d3a3cd13da1ff0e521b9616b8fafd0540c4,010c2c8199acccdac64cb377778e5134d5505157,持卡人消费,学苑楼商务网关,-9.0,41.88,1220,正常
2016/05/19 14:01:04,01550d3a3cd13da1ff0e521b9616b8fafd0540c4,010c2c8199acccdac64cb377778e5134d5505157,持卡人消费,硕果园（工大商店）,-8.0,33.88,1221,正常
2016/05/19 14:02:52,01550d3a3cd13da1ff0e521b9616b8fafd0540c4,010c2c8199acccdac64cb377778e5134d5505157,持卡人消费,硕果园（工大商店）,-3.0,30.88,1222,正常
2016/05/20 07:37:46,01550d3a3cd13da1ff0e521b9616b8fafd0540c4,010c2c8199acccdac64cb377778e5134d5505157,持卡人消费,学苑楼商务网关,-9.0,21.88,1223,正常
2016/05/20 07:37:48,01550d3a3cd13da1ff0e521b9616b8fafd0540c4,010c2c8199acccdac64cb377778e5134d5505157,持卡人消费,学苑楼商务网关,-9.0,12.88,1224,正常
2016/05/21 11:44:20,01550d3a3cd13da1ff0e521b9616b8fafd0540c4,010c2c8199acccdac64cb377778e5134d5505157,存款,现金充值机,100.0,112.88,1225,正常
2016/05/21 12:07:43,01550d3a3cd13da1ff0e521b9616b8fafd0540c4,010c2c8199acccdac64cb377778e5134d5505157,持卡人消费,学苑楼商务网关,-13.8,99.08,1226,正常
2016/05/21 12:28:18,01550d3a3cd13da1ff0e521b9616b8fafd0540c4,010c2c8199acccdac64cb377778e5134d5505157,持卡人消费,网络中心,-30.0,69.08,1227,正常
2016/05/21 17:23:39,01550d3a3cd13da1ff0e521b9616b8fafd0540c4,010c2c8199acccdac64cb377778e5134d5505157,持卡人消费,学苑楼商务网关,-10.0,59.08,1228,正常
2016/05/21 17:42:07,01550d3a3cd13da1ff0e521b9616b8fafd0540c4,010c2c8199acccdac64cb377778e5134d5505157,持卡人消费,超市商务子系统,-28.9,30.18,1229,正常
2016/05/23 13:01:00,01550d3a3cd13da1ff0e521b9616b8fafd0540c4,010c2c8199acccdac64cb377778e5134d5505157,持卡人消费,硕果园（工大商店）,-7.0,23.18,1230,正常
2016/05/25 07:49:27,01550d3a3cd13da1ff0e521b9616b8fafd0540c4,010c2c8199acccdac64cb377778e5134d5505157,存款,现金充值机,100.0,123.18,1231,正常
2016/05/25 08:10:38,01550d3a3cd13da1ff0e521b9616b8fafd0540c4,010c2c8199acccdac64cb377778e5134d5505157,持卡人消费,学苑楼商务网关,-9.0,114.18,1232,正常
2016/05/28 18:07:41,01550d3a3cd13da1ff0e521b9616b8fafd0540c4,010c2c8199acccdac64cb377778e5134d5505157,持卡人消费,硕果园（工大商店）,-14.0,100.18,1233,正常
2016/05/28 18:09:12,01550d3a3cd13da1ff0e521b9616b8fafd0540c4,010c2c8199acccdac64cb377778e5134d5505157,持卡人消费,硕果园（工大商店）,-3.0,97.18,1234,正常
2016/05/28 18:10:16,01550d3a3cd13da1ff0e521b9616b8fafd0540c4,010c2c8199acccdac64cb377778e5134d5505157,持卡人消费,硕果园（工大商店）,-7.6,89.58,1235,正常
2016/05/28 18:49:28,01550d3a3cd13da1ff0e521b9616b8fafd0540c4,010c2c8199acccdac64cb377778e5134d5505157,持卡人消费,超市商务子系统,-14.9,74.68,1236,正常
2016/05/29 20:38:29,01550d3a3cd13da1ff0e521b9616b8fafd0540c4,010c2c8199acccdac64cb377778e5134d5505157,持卡人消费,超市商务子系统,-30.8,43.88,1237,正常
2016/05/30 18:42:47,01550d3a3cd13da1ff0e521b9616b8fafd0540c4,010c2c8199acccdac64cb377778e5134d5505157,持卡人消费,硕果园（工大商店）,-14.0,29.88,1238,正常
2016/05/30 18:42:55,01550d3a3cd13da1ff0e521b9616b8fafd0540c4,010c2c8199acccdac64cb377778e5134d5505157,持卡人消费,硕果园（工大商店）,-14.0,15.88,1239,正常
2016/05/30 18:43:48,01550d3a3cd13da1ff0e521b9616b8fafd0540c4,010c2c8199acccdac64cb377778e5134d5505157,持卡人消费,硕果园（工大商店）,-2.0,13.88,1240,正常
2016/05/30 19:00:53,01550d3a3cd13da1ff0e521b9616b8fafd0540c4,010c2c8199acccdac64cb377778e5134d5505157,持卡人消费,硕果园（工大商店）,-8.0,5.88,1241,正常
