交易发生时间,学号,姓名,交易类型,子系统名称,交易额,现有余额,次数,状态
2016/05/14 11:54:18,cd40b6b74b5d040da50f6c6ed49b6361c720210f,0122a9a81404fc15dccd1c5b0b9ac8814583c260,存款,卡中心综合业务,100.0,156.66,3371,正常
2016/05/14 12:04:09,cd40b6b74b5d040da50f6c6ed49b6361c720210f,0122a9a81404fc15dccd1c5b0b9ac8814583c260,持卡人消费,学士楼商务网关,-6.6,150.06,3372,正常
2016/05/14 18:03:42,cd40b6b74b5d040da50f6c6ed49b6361c720210f,0122a9a81404fc15dccd1c5b0b9ac8814583c260,持卡人消费,学士楼商务网关,-7.1,142.96,3373,正常
2016/05/15 12:28:23,cd40b6b74b5d040da50f6c6ed49b6361c720210f,0122a9a81404fc15dccd1c5b0b9ac8814583c260,持卡人消费,学士楼商务网关,-5.6,137.36,3374,正常
2016/05/15 18:10:30,cd40b6b74b5d040da50f6c6ed49b6361c720210f,0122a9a81404fc15dccd1c5b0b9ac8814583c260,持卡人消费,学苑楼商务网关,-8.0,129.36,3375,正常
2016/05/15 18:11:52,cd40b6b74b5d040da50f6c6ed49b6361c720210f,0122a9a81404fc15dccd1c5b0b9ac8814583c260,持卡人消费,学苑楼商务网关,-1.0,128.36,3376,正常
2016/05/16 08:15:40,cd40b6b74b5d040da50f6c6ed49b6361c720210f,0122a9a81404fc15dccd1c5b0b9ac8814583c260,持卡人消费,学士楼商务网关,-2.1,126.26,3377,正常
2016/05/16 13:16:32,cd40b6b74b5d040da50f6c6ed49b6361c720210f,0122a9a81404fc15dccd1c5b0b9ac8814583c260,持卡人消费,学士楼商务网关,-3.2,123.06,3378,正常
2016/05/16 13:17:06,cd40b6b74b5d040da50f6c6ed49b6361c720210f,0122a9a81404fc15dccd1c5b0b9ac8814583c260,持卡人消费,学士楼商务网关,-2.0,121.06,3379,正常
2016/05/16 13:21:14,cd40b6b74b5d040da50f6c6ed49b6361c720210f,0122a9a81404fc15dccd1c5b0b9ac8814583c260,持卡人消费,学士楼商务网关,-1.5,119.56,3380,正常
2016/05/16 18:10:37,cd40b6b74b5d040da50f6c6ed49b6361c720210f,0122a9a81404fc15dccd1c5b0b9ac8814583c260,持卡人消费,学苑楼商务网关,-10.0,109.56,3381,正常
2016/05/17 12:29:27,cd40b6b74b5d040da50f6c6ed49b6361c720210f,0122a9a81404fc15dccd1c5b0b9ac8814583c260,持卡人消费,学苑楼商务网关,-8.0,101.56,3382,正常
2016/05/17 12:37:52,cd40b6b74b5d040da50f6c6ed49b6361c720210f,0122a9a81404fc15dccd1c5b0b9ac8814583c260,持卡人消费,学苑楼商务网关,-1.0,100.56,3383,正常
2016/05/17 12:54:09,cd40b6b74b5d040da50f6c6ed49b6361c720210f,0122a9a81404fc15dccd1c5b0b9ac8814583c260,持卡人消费,超市商务子系统,-9.9,90.66,3384,正常
2016/05/17 18:22:21,cd40b6b74b5d040da50f6c6ed49b6361c720210f,0122a9a81404fc15dccd1c5b0b9ac8814583c260,持卡人消费,学士楼商务网关,-3.6,87.06,3385,正常
2016/05/17 18:25:25,cd40b6b74b5d040da50f6c6ed49b6361c720210f,0122a9a81404fc15dccd1c5b0b9ac8814583c260,持卡人消费,学士楼商务网关,-2.0,85.06,3386,正常
2016/05/18 07:28:47,cd40b6b74b5d040da50f6c6ed49b6361c720210f,0122a9a81404fc15dccd1c5b0b9ac8814583c260,持卡人消费,学士楼商务网关,-2.1,82.96,3387,正常
2016/05/18 12:26:28,cd40b6b74b5d040da50f6c6ed49b6361c720210f,0122a9a81404fc15dccd1c5b0b9ac8814583c260,持卡人消费,学苑楼商务网关,-9.0,73.96,3388,正常
2016/05/18 12:47:26,cd40b6b74b5d040da50f6c6ed49b6361c720210f,0122a9a81404fc15dccd1c5b0b9ac8814583c260,持卡人消费,学苑楼商务网关,-2.8,71.16,3389,正常
2016/05/18 16:06:44,cd40b6b74b5d040da50f6c6ed49b6361c720210f,0122a9a81404fc15dccd1c5b0b9ac8814583c260,持卡人消费,15公寓浴池,-2.0,67.16,3391,正常
2016/05/18 18:49:19,cd40b6b74b5d040da50f6c6ed49b6361c720210f,0122a9a81404fc15dccd1c5b0b9ac8814583c260,持卡人消费,硕果园（工大商店）,-15.0,54.16,3391,正常
2016/05/19 07:43:48,cd40b6b74b5d040da50f6c6ed49b6361c720210f,0122a9a81404fc15dccd1c5b0b9ac8814583c260,持卡人消费,学士楼商务网关,-2.9,51.26,3392,正常
2016/05/19 11:38:22,cd40b6b74b5d040da50f6c6ed49b6361c720210f,0122a9a81404fc15dccd1c5b0b9ac8814583c260,持卡人消费,学士楼商务网关,-7.0,44.26,3393,正常
2016/05/19 08:11:39,cd40b6b74b5d040da50f6c6ed49b6361c720210f,0122a9a81404fc15dccd1c5b0b9ac8814583c260,持卡人消费,学子楼商务网关,-7.2,37.06,3394,正常
2016/05/19 08:12:15,cd40b6b74b5d040da50f6c6ed49b6361c720210f,0122a9a81404fc15dccd1c5b0b9ac8814583c260,持卡人消费,学子楼商务网关,-4.8,32.26,3395,正常
2016/05/20 08:45:40,cd40b6b74b5d040da50f6c6ed49b6361c720210f,0122a9a81404fc15dccd1c5b0b9ac8814583c260,持卡人消费,学士楼商务网关,-2.6,29.66,3396,正常
2016/05/20 12:24:51,cd40b6b74b5d040da50f6c6ed49b6361c720210f,0122a9a81404fc15dccd1c5b0b9ac8814583c260,持卡人消费,学士楼商务网关,-7.0,22.66,3397,正常
2016/05/20 12:30:00,cd40b6b74b5d040da50f6c6ed49b6361c720210f,0122a9a81404fc15dccd1c5b0b9ac8814583c260,持卡人消费,学士楼商务网关,-2.0,20.66,3398,正常
2016/05/20 18:13:51,cd40b6b74b5d040da50f6c6ed49b6361c720210f,0122a9a81404fc15dccd1c5b0b9ac8814583c260,持卡人消费,学苑楼商务网关,-7.9,12.76,3399,正常
2016/05/20 18:31:48,cd40b6b74b5d040da50f6c6ed49b6361c720210f,0122a9a81404fc15dccd1c5b0b9ac8814583c260,持卡人消费,学苑楼商务网关,-3.8,8.96,3400,正常
2016/05/21 12:27:46,cd40b6b74b5d040da50f6c6ed49b6361c720210f,0122a9a81404fc15dccd1c5b0b9ac8814583c260,持卡人消费,学苑楼商务网关,-8.0,0.96,3401,正常
2016/05/22 12:17:14,cd40b6b74b5d040da50f6c6ed49b6361c720210f,0122a9a81404fc15dccd1c5b0b9ac8814583c260,存款,卡中心综合业务,200.0,200.96,3402,正常
2016/05/22 12:20:15,cd40b6b74b5d040da50f6c6ed49b6361c720210f,0122a9a81404fc15dccd1c5b0b9ac8814583c260,持卡人消费,学苑楼商务网关,-9.0,191.96,3403,正常
2016/05/22 17:22:17,cd40b6b74b5d040da50f6c6ed49b6361c720210f,0122a9a81404fc15dccd1c5b0b9ac8814583c260,持卡人消费,九食堂商务网关,-9.0,182.96,3404,正常
2016/05/23 12:35:51,cd40b6b74b5d040da50f6c6ed49b6361c720210f,0122a9a81404fc15dccd1c5b0b9ac8814583c260,持卡人消费,学苑楼商务网关,-7.0,175.96,3405,正常
2016/05/23 12:36:55,cd40b6b74b5d040da50f6c6ed49b6361c720210f,0122a9a81404fc15dccd1c5b0b9ac8814583c260,持卡人消费,学苑楼商务网关,-1.0,174.96,3406,正常
2016/05/23 17:54:21,cd40b6b74b5d040da50f6c6ed49b6361c720210f,0122a9a81404fc15dccd1c5b0b9ac8814583c260,持卡人消费,学苑楼商务网关,-8.0,166.96,3407,正常
2016/05/24 18:10:58,cd40b6b74b5d040da50f6c6ed49b6361c720210f,0122a9a81404fc15dccd1c5b0b9ac8814583c260,持卡人消费,学士楼商务网关,-8.0,158.96,3408,正常
2016/05/24 18:12:03,cd40b6b74b5d040da50f6c6ed49b6361c720210f,0122a9a81404fc15dccd1c5b0b9ac8814583c260,持卡人消费,学士楼商务网关,-2.0,156.96,3409,正常
2016/05/25 12:28:50,cd40b6b74b5d040da50f6c6ed49b6361c720210f,0122a9a81404fc15dccd1c5b0b9ac8814583c260,持卡人消费,学苑楼商务网关,-12.0,144.96,3410,正常
2016/05/25 18:17:01,cd40b6b74b5d040da50f6c6ed49b6361c720210f,0122a9a81404fc15dccd1c5b0b9ac8814583c260,持卡人消费,学士楼商务网关,-8.0,136.96,3411,正常
2016/05/26 12:01:33,cd40b6b74b5d040da50f6c6ed49b6361c720210f,0122a9a81404fc15dccd1c5b0b9ac8814583c260,持卡人消费,学士楼商务网关,-3.6,133.36,3412,正常
2016/05/26 12:02:05,cd40b6b74b5d040da50f6c6ed49b6361c720210f,0122a9a81404fc15dccd1c5b0b9ac8814583c260,持卡人消费,学士楼商务网关,-1.4,131.96,3413,正常
2016/05/26 17:39:10,cd40b6b74b5d040da50f6c6ed49b6361c720210f,0122a9a81404fc15dccd1c5b0b9ac8814583c260,持卡人消费,学士楼商务网关,-8.0,123.96,3414,正常
2016/05/26 17:40:14,cd40b6b74b5d040da50f6c6ed49b6361c720210f,0122a9a81404fc15dccd1c5b0b9ac8814583c260,持卡人消费,学士楼商务网关,-1.0,122.96,3415,正常
2016/05/27 12:19:28,cd40b6b74b5d040da50f6c6ed49b6361c720210f,0122a9a81404fc15dccd1c5b0b9ac8814583c260,持卡人消费,学士楼商务网关,-6.0,116.96,3416,正常
2016/05/27 18:38:41,cd40b6b74b5d040da50f6c6ed49b6361c720210f,0122a9a81404fc15dccd1c5b0b9ac8814583c260,持卡人消费,学士楼商务网关,-3.6,113.36,3417,正常
2016/05/27 18:39:44,cd40b6b74b5d040da50f6c6ed49b6361c720210f,0122a9a81404fc15dccd1c5b0b9ac8814583c260,持卡人消费,学士楼商务网关,-3.5,109.86,3418,正常
2016/05/28 12:22:43,cd40b6b74b5d040da50f6c6ed49b6361c720210f,0122a9a81404fc15dccd1c5b0b9ac8814583c260,持卡人消费,学苑楼商务网关,-9.0,100.86,3419,正常
2016/05/28 12:39:49,cd40b6b74b5d040da50f6c6ed49b6361c720210f,0122a9a81404fc15dccd1c5b0b9ac8814583c260,持卡人消费,学苑楼商务网关,-4.1,96.76,3420,正常
2016/05/28 18:18:29,cd40b6b74b5d040da50f6c6ed49b6361c720210f,0122a9a81404fc15dccd1c5b0b9ac8814583c260,持卡人消费,学苑楼商务网关,-8.0,88.76,3421,正常
2016/05/28 18:40:04,cd40b6b74b5d040da50f6c6ed49b6361c720210f,0122a9a81404fc15dccd1c5b0b9ac8814583c260,持卡人消费,超市商务子系统,-28.9,59.86,3422,正常
2016/05/29 12:04:23,cd40b6b74b5d040da50f6c6ed49b6361c720210f,0122a9a81404fc15dccd1c5b0b9ac8814583c260,持卡人消费,学士楼商务网关,-10.0,49.86,3423,正常
2016/05/29 18:07:55,cd40b6b74b5d040da50f6c6ed49b6361c720210f,0122a9a81404fc15dccd1c5b0b9ac8814583c260,持卡人消费,学士楼商务网关,-9.0,40.86,3424,正常
2016/05/29 18:10:16,cd40b6b74b5d040da50f6c6ed49b6361c720210f,0122a9a81404fc15dccd1c5b0b9ac8814583c260,持卡人消费,学士楼商务网关,-1.4,39.46,3425,正常
2016/05/30 12:20:50,cd40b6b74b5d040da50f6c6ed49b6361c720210f,0122a9a81404fc15dccd1c5b0b9ac8814583c260,持卡人消费,学士楼商务网关,-8.0,31.46,3426,正常
2016/05/30 02:23:09,cd40b6b74b5d040da50f6c6ed49b6361c720210f,0122a9a81404fc15dccd1c5b0b9ac8814583c260,持卡人消费,学士楼商务网关,-2.0,29.46,3427,正常
2016/05/30 18:01:26,cd40b6b74b5d040da50f6c6ed49b6361c720210f,0122a9a81404fc15dccd1c5b0b9ac8814583c260,持卡人消费,学苑楼商务网关,-7.5,21.96,3428,正常
2016/05/30 18:01:45,cd40b6b74b5d040da50f6c6ed49b6361c720210f,0122a9a81404fc15dccd1c5b0b9ac8814583c260,持卡人消费,学苑楼商务网关,-7.5,14.46,3429,正常
2016/05/30 18:04:10,cd40b6b74b5d040da50f6c6ed49b6361c720210f,0122a9a81404fc15dccd1c5b0b9ac8814583c260,持卡人消费,学苑楼商务网关,-1.5,12.96,3430,正常
2016/05/31 11:20:28,cd40b6b74b5d040da50f6c6ed49b6361c720210f,0122a9a81404fc15dccd1c5b0b9ac8814583c260,存款,卡中心综合业务,200.0,212.96,3431,正常
2016/05/31 11:22:36,cd40b6b74b5d040da50f6c6ed49b6361c720210f,0122a9a81404fc15dccd1c5b0b9ac8814583c260,持卡人消费,学苑楼商务网关,-6.0,206.96,3432,正常
2016/05/31 18:05:28,cd40b6b74b5d040da50f6c6ed49b6361c720210f,0122a9a81404fc15dccd1c5b0b9ac8814583c260,持卡人消费,学士楼商务网关,-7.6,199.36,3433,正常
2016/05/31 18:07:25,cd40b6b74b5d040da50f6c6ed49b6361c720210f,0122a9a81404fc15dccd1c5b0b9ac8814583c260,持卡人消费,学士楼商务网关,-2.0,197.36,3434,正常
