交易发生时间,学号,姓名,交易类型,子系统名称,交易额,现有余额,次数,状态
2016/05/01 13:46:20,82331f00d3a2c4f91aa63ed0be94fa847742ec14,013c566ed3b595f61ec0d77f938e48ceeace34ab,持卡人消费,硕果园（工大商店）,-13.0,126.09,2041,正常
2016/05/01 14:10:39,82331f00d3a2c4f91aa63ed0be94fa847742ec14,013c566ed3b595f61ec0d77f938e48ceeace34ab,持卡人消费,硕果园（工大商店）,-3.5,122.59,2042,正常
2016/05/02 14:18:28,82331f00d3a2c4f91aa63ed0be94fa847742ec14,013c566ed3b595f61ec0d77f938e48ceeace34ab,持卡人消费,学士楼商务网关,-5.0,117.59,2043,正常
2016/05/04 19:23:03,82331f00d3a2c4f91aa63ed0be94fa847742ec14,013c566ed3b595f61ec0d77f938e48ceeace34ab,持卡人消费,一校区水控新,-2.0,115.59,2044,正常
2016/05/04 19:27:55,82331f00d3a2c4f91aa63ed0be94fa847742ec14,013c566ed3b595f61ec0d77f938e48ceeace34ab,持卡人消费,一校区水控新,-0.91,114.68,2046,正常
2016/05/05 11:37:11,82331f00d3a2c4f91aa63ed0be94fa847742ec14,013c566ed3b595f61ec0d77f938e48ceeace34ab,持卡人消费,硕果园（工大商店）,-12.0,102.68,2047,正常
2016/05/06 08:47:49,82331f00d3a2c4f91aa63ed0be94fa847742ec14,013c566ed3b595f61ec0d77f938e48ceeace34ab,持卡人消费,硕果园（工大商店）,-6.0,96.68,2048,正常
2016/05/08 13:15:11,82331f00d3a2c4f91aa63ed0be94fa847742ec14,013c566ed3b595f61ec0d77f938e48ceeace34ab,持卡人消费,硕果园（工大商店）,-10.0,86.68,2049,正常
2016/05/11 12:46:46,82331f00d3a2c4f91aa63ed0be94fa847742ec14,013c566ed3b595f61ec0d77f938e48ceeace34ab,持卡人消费,硕果园（工大商店）,-12.0,74.68,2050,正常
2016/05/12 20:14:54,82331f00d3a2c4f91aa63ed0be94fa847742ec14,013c566ed3b595f61ec0d77f938e48ceeace34ab,持卡人消费,学士楼商务网关,-5.5,69.18,2051,正常
2016/05/12 20:15:57,82331f00d3a2c4f91aa63ed0be94fa847742ec14,013c566ed3b595f61ec0d77f938e48ceeace34ab,持卡人消费,学士楼商务网关,-1.5,67.68,2052,正常
2016/05/13 19:05:21,82331f00d3a2c4f91aa63ed0be94fa847742ec14,013c566ed3b595f61ec0d77f938e48ceeace34ab,持卡人消费,一校区水控新,-0.19,67.49,2053,正常
2016/05/13 19:09:01,82331f00d3a2c4f91aa63ed0be94fa847742ec14,013c566ed3b595f61ec0d77f938e48ceeace34ab,持卡人消费,一校区水控新,-0.35,67.14,2054,正常
2016/05/14 13:11:23,82331f00d3a2c4f91aa63ed0be94fa847742ec14,013c566ed3b595f61ec0d77f938e48ceeace34ab,持卡人消费,超市商务子系统,-37.7,29.44,2055,正常
2016/05/14 13:39:47,82331f00d3a2c4f91aa63ed0be94fa847742ec14,013c566ed3b595f61ec0d77f938e48ceeace34ab,持卡人消费,A2,-9.0,20.44,2056,正常
2016/05/14 19:14:13,82331f00d3a2c4f91aa63ed0be94fa847742ec14,013c566ed3b595f61ec0d77f938e48ceeace34ab,持卡人消费,学士楼商务网关,-7.0,13.44,2057,正常
2016/05/14 19:34:12,82331f00d3a2c4f91aa63ed0be94fa847742ec14,013c566ed3b595f61ec0d77f938e48ceeace34ab,持卡人消费,学士楼商务网关,-0.5,12.94,2058,正常
2016/05/15 17:58:35,82331f00d3a2c4f91aa63ed0be94fa847742ec14,013c566ed3b595f61ec0d77f938e48ceeace34ab,存款,现金充值机,100.0,112.94,2059,正常
2016/05/15 18:23:47,82331f00d3a2c4f91aa63ed0be94fa847742ec14,013c566ed3b595f61ec0d77f938e48ceeace34ab,持卡人消费,硕果园（工大商店）,-12.0,100.94,2060,正常
2016/05/15 18:32:14,82331f00d3a2c4f91aa63ed0be94fa847742ec14,013c566ed3b595f61ec0d77f938e48ceeace34ab,持卡人消费,硕果园（工大商店）,-11.5,89.44,2061,正常
2016/05/17 12:04:10,82331f00d3a2c4f91aa63ed0be94fa847742ec14,013c566ed3b595f61ec0d77f938e48ceeace34ab,持卡人消费,硕果园（工大商店）,-12.0,77.44,2062,正常
2016/05/19 14:19:16,82331f00d3a2c4f91aa63ed0be94fa847742ec14,013c566ed3b595f61ec0d77f938e48ceeace34ab,持卡人消费,硕果园（工大商店）,-3.0,74.44,2063,正常
2016/05/20 08:32:17,82331f00d3a2c4f91aa63ed0be94fa847742ec14,013c566ed3b595f61ec0d77f938e48ceeace34ab,持卡人消费,学士楼商务网关,-3.2,71.24,2064,正常
2016/05/20 08:32:37,82331f00d3a2c4f91aa63ed0be94fa847742ec14,013c566ed3b595f61ec0d77f938e48ceeace34ab,持卡人消费,学士楼商务网关,-1.5,69.74,2065,正常
2016/05/21 12:06:32,82331f00d3a2c4f91aa63ed0be94fa847742ec14,013c566ed3b595f61ec0d77f938e48ceeace34ab,持卡人消费,硕果园（工大商店）,-12.0,57.74,2066,正常
2016/05/22 19:32:58,82331f00d3a2c4f91aa63ed0be94fa847742ec14,013c566ed3b595f61ec0d77f938e48ceeace34ab,持卡人消费,一校区水控新,-2.0,55.74,2067,正常
2016/05/22 19:36:39,82331f00d3a2c4f91aa63ed0be94fa847742ec14,013c566ed3b595f61ec0d77f938e48ceeace34ab,持卡人消费,一校区水控新,-0.61,55.13,2069,正常
2016/05/23 08:52:26,82331f00d3a2c4f91aa63ed0be94fa847742ec14,013c566ed3b595f61ec0d77f938e48ceeace34ab,持卡人消费,硕果园（工大商店）,-5.0,50.13,2070,正常
2016/05/27 12:30:46,82331f00d3a2c4f91aa63ed0be94fa847742ec14,013c566ed3b595f61ec0d77f938e48ceeace34ab,持卡人消费,硕果园（工大商店）,-12.0,38.13,2071,正常
2016/05/28 14:58:33,82331f00d3a2c4f91aa63ed0be94fa847742ec14,013c566ed3b595f61ec0d77f938e48ceeace34ab,持卡人消费,硕果园（工大商店）,-10.0,28.13,2072,正常
2016/05/31 12:58:39,82331f00d3a2c4f91aa63ed0be94fa847742ec14,013c566ed3b595f61ec0d77f938e48ceeace34ab,持卡人消费,硕果园（工大商店）,-10.0,18.13,2073,正常
2016/05/31 13:13:06,82331f00d3a2c4f91aa63ed0be94fa847742ec14,013c566ed3b595f61ec0d77f938e48ceeace34ab,持卡人消费,硕果园（工大商店）,-5.5,12.63,2074,正常
