交易发生时间,学号,姓名,交易类型,子系统名称,交易额,现有余额,次数,状态
2016/05/01 09:07:34,bfb39cb8bddf1e656dbcb52c30d9cdf620401a8b,0154205c3bf33de47c8545c5dff403684359ca6d,持卡人消费,学子便利店B07,-16.0,48.72,5249,正常
2016/05/01 11:56:12,bfb39cb8bddf1e656dbcb52c30d9cdf620401a8b,0154205c3bf33de47c8545c5dff403684359ca6d,持卡人消费,五食堂商务网关,-8.0,40.72,5250,正常
2016/05/01 11:59:57,bfb39cb8bddf1e656dbcb52c30d9cdf620401a8b,0154205c3bf33de47c8545c5dff403684359ca6d,持卡人消费,五食堂商务网关,-1.0,39.72,5251,正常
2016/05/01 17:24:18,bfb39cb8bddf1e656dbcb52c30d9cdf620401a8b,0154205c3bf33de47c8545c5dff403684359ca6d,持卡人消费,五食堂商务网关,-4.0,35.72,5252,正常
2016/05/01 17:25:10,bfb39cb8bddf1e656dbcb52c30d9cdf620401a8b,0154205c3bf33de47c8545c5dff403684359ca6d,持卡人消费,五食堂商务网关,-1.5,34.22,5253,正常
2016/05/01 22:06:41,bfb39cb8bddf1e656dbcb52c30d9cdf620401a8b,0154205c3bf33de47c8545c5dff403684359ca6d,持卡人消费,学子便利店B07,-5.4,28.82,5254,正常
2016/05/02 11:39:23,bfb39cb8bddf1e656dbcb52c30d9cdf620401a8b,0154205c3bf33de47c8545c5dff403684359ca6d,持卡人消费,四食堂商务网关,-7.0,21.82,5255,正常
2016/05/02 17:17:08,bfb39cb8bddf1e656dbcb52c30d9cdf620401a8b,0154205c3bf33de47c8545c5dff403684359ca6d,持卡人消费,五食堂商务网关,-3.6,18.22,5256,正常
2016/05/02 18:53:17,bfb39cb8bddf1e656dbcb52c30d9cdf620401a8b,0154205c3bf33de47c8545c5dff403684359ca6d,持卡人消费,二区水控,-0.06,18.16,5258,正常
2016/05/02 19:06:08,bfb39cb8bddf1e656dbcb52c30d9cdf620401a8b,0154205c3bf33de47c8545c5dff403684359ca6d,持卡人消费,二区水控,-2.45,15.71,5260,正常
2016/05/03 09:07:18,bfb39cb8bddf1e656dbcb52c30d9cdf620401a8b,0154205c3bf33de47c8545c5dff403684359ca6d,持卡人消费,学子便利店B07,-7.2,8.51,5261,正常
2016/05/03 11:29:02,bfb39cb8bddf1e656dbcb52c30d9cdf620401a8b,0154205c3bf33de47c8545c5dff403684359ca6d,持卡人消费,九食堂商务网关,-5.0,3.51,5262,正常
2016/05/03 17:43:23,bfb39cb8bddf1e656dbcb52c30d9cdf620401a8b,0154205c3bf33de47c8545c5dff403684359ca6d,存款,2区卡中心综合业务,200.0,203.51,5263,正常
2016/05/03 17:44:56,bfb39cb8bddf1e656dbcb52c30d9cdf620401a8b,0154205c3bf33de47c8545c5dff403684359ca6d,持卡人消费,九食堂商务网关,-9.0,194.51,5264,正常
2016/05/03 18:03:53,bfb39cb8bddf1e656dbcb52c30d9cdf620401a8b,0154205c3bf33de47c8545c5dff403684359ca6d,持卡人消费,九食堂商务网关,-1.9,192.61,5265,正常
2016/05/04 11:35:01,bfb39cb8bddf1e656dbcb52c30d9cdf620401a8b,0154205c3bf33de47c8545c5dff403684359ca6d,持卡人消费,四食堂商务网关,-10.13,182.48,5266,正常
2016/05/04 11:49:14,bfb39cb8bddf1e656dbcb52c30d9cdf620401a8b,0154205c3bf33de47c8545c5dff403684359ca6d,持卡人消费,四食堂商务网关,-2.9,179.58,5267,正常
2016/05/04 18:05:57,bfb39cb8bddf1e656dbcb52c30d9cdf620401a8b,0154205c3bf33de47c8545c5dff403684359ca6d,持卡人消费,九食堂商务网关,-2.3,177.28,5268,正常
2016/05/04 20:28:18,bfb39cb8bddf1e656dbcb52c30d9cdf620401a8b,0154205c3bf33de47c8545c5dff403684359ca6d,持卡人消费,二区水控,-2.46,174.82,5270,正常
2016/05/04 21:37:55,bfb39cb8bddf1e656dbcb52c30d9cdf620401a8b,0154205c3bf33de47c8545c5dff403684359ca6d,持卡人消费,学子便利店B07,-4.5,170.32,5271,正常
2016/05/05 08:57:32,bfb39cb8bddf1e656dbcb52c30d9cdf620401a8b,0154205c3bf33de47c8545c5dff403684359ca6d,持卡人消费,学子便利店B07,-6.1,164.22,5272,正常
2016/05/05 11:35:00,bfb39cb8bddf1e656dbcb52c30d9cdf620401a8b,0154205c3bf33de47c8545c5dff403684359ca6d,持卡人消费,九食堂商务网关,-11.0,153.22,5273,正常
2016/05/05 17:09:54,bfb39cb8bddf1e656dbcb52c30d9cdf620401a8b,0154205c3bf33de47c8545c5dff403684359ca6d,持卡人消费,二区水控,-1.73,151.49,5275,正常
2016/05/05 17:16:26,bfb39cb8bddf1e656dbcb52c30d9cdf620401a8b,0154205c3bf33de47c8545c5dff403684359ca6d,持卡人消费,九食堂商务网关,-2.0,149.49,5276,正常
2016/05/05 17:17:17,bfb39cb8bddf1e656dbcb52c30d9cdf620401a8b,0154205c3bf33de47c8545c5dff403684359ca6d,持卡人消费,九食堂商务网关,-4.0,145.49,5277,正常
2016/05/06 11:33:06,bfb39cb8bddf1e656dbcb52c30d9cdf620401a8b,0154205c3bf33de47c8545c5dff403684359ca6d,持卡人消费,四食堂商务网关,-7.0,138.49,5278,正常
2016/05/06 15:51:27,bfb39cb8bddf1e656dbcb52c30d9cdf620401a8b,0154205c3bf33de47c8545c5dff403684359ca6d,持卡人消费,游泳馆,-6.0,132.49,5279,正常
2016/05/07 09:55:53,bfb39cb8bddf1e656dbcb52c30d9cdf620401a8b,0154205c3bf33de47c8545c5dff403684359ca6d,持卡人消费,学子便利店B07,-4.6,127.89,5280,正常
2016/05/07 02:41:54,bfb39cb8bddf1e656dbcb52c30d9cdf620401a8b,0154205c3bf33de47c8545c5dff403684359ca6d,持卡人消费,九食堂商务网关,-14.0,113.89,5281,正常
2016/05/08 12:16:57,bfb39cb8bddf1e656dbcb52c30d9cdf620401a8b,0154205c3bf33de47c8545c5dff403684359ca6d,持卡人消费,学子便利店B07,-4.8,109.09,5282,正常
2016/05/08 17:55:46,bfb39cb8bddf1e656dbcb52c30d9cdf620401a8b,0154205c3bf33de47c8545c5dff403684359ca6d,持卡人消费,二区水控,-1.85,107.24,5283,正常
2016/05/09 11:38:22,bfb39cb8bddf1e656dbcb52c30d9cdf620401a8b,0154205c3bf33de47c8545c5dff403684359ca6d,持卡人消费,九食堂商务网关,-10.0,97.24,5284,正常
2016/05/09 17:19:08,bfb39cb8bddf1e656dbcb52c30d9cdf620401a8b,0154205c3bf33de47c8545c5dff403684359ca6d,持卡人消费,二区水控,-2.88,94.36,5286,正常
2016/05/09 17:32:07,bfb39cb8bddf1e656dbcb52c30d9cdf620401a8b,0154205c3bf33de47c8545c5dff403684359ca6d,持卡人消费,学子便利店B07,-6.6,87.76,5287,正常
2016/05/09 21:33:36,bfb39cb8bddf1e656dbcb52c30d9cdf620401a8b,0154205c3bf33de47c8545c5dff403684359ca6d,持卡人消费,学子便利店B07,-8.2,79.56,5288,正常
2016/05/10 18:22:15,bfb39cb8bddf1e656dbcb52c30d9cdf620401a8b,0154205c3bf33de47c8545c5dff403684359ca6d,持卡人消费,学子便利店B07,-5.7,73.86,5289,正常
2016/05/10 18:51:42,bfb39cb8bddf1e656dbcb52c30d9cdf620401a8b,0154205c3bf33de47c8545c5dff403684359ca6d,持卡人消费,二区水控,-0.05,73.81,5291,正常
2016/05/10 19:03:47,bfb39cb8bddf1e656dbcb52c30d9cdf620401a8b,0154205c3bf33de47c8545c5dff403684359ca6d,持卡人消费,二区水控,-2.3,71.51,5293,正常
2016/05/10 22:09:43,bfb39cb8bddf1e656dbcb52c30d9cdf620401a8b,0154205c3bf33de47c8545c5dff403684359ca6d,持卡人消费,学子便利店B07,-5.9,65.61,5294,正常
2016/05/11 08:56:03,bfb39cb8bddf1e656dbcb52c30d9cdf620401a8b,0154205c3bf33de47c8545c5dff403684359ca6d,持卡人消费,学子便利店B07,-4.8,60.81,5295,正常
2016/05/11 11:36:14,bfb39cb8bddf1e656dbcb52c30d9cdf620401a8b,0154205c3bf33de47c8545c5dff403684359ca6d,持卡人消费,四食堂商务网关,-8.0,52.81,5296,正常
2016/05/11 16:54:33,bfb39cb8bddf1e656dbcb52c30d9cdf620401a8b,0154205c3bf33de47c8545c5dff403684359ca6d,持卡人消费,二区水控,-1.88,50.93,5297,正常
2016/05/12 11:14:24,bfb39cb8bddf1e656dbcb52c30d9cdf620401a8b,0154205c3bf33de47c8545c5dff403684359ca6d,持卡人消费,九食堂商务网关,-9.0,41.93,5298,正常
2016/05/12 11:14:30,bfb39cb8bddf1e656dbcb52c30d9cdf620401a8b,0154205c3bf33de47c8545c5dff403684359ca6d,持卡人消费,九食堂商务网关,-8.0,33.93,5299,正常
2016/05/12 17:08:09,bfb39cb8bddf1e656dbcb52c30d9cdf620401a8b,0154205c3bf33de47c8545c5dff403684359ca6d,持卡人消费,五食堂商务网关,-8.0,25.93,5300,正常
2016/05/12 17:09:12,bfb39cb8bddf1e656dbcb52c30d9cdf620401a8b,0154205c3bf33de47c8545c5dff403684359ca6d,持卡人消费,五食堂商务网关,-1.0,24.93,5301,正常
2016/05/12 17:23:23,bfb39cb8bddf1e656dbcb52c30d9cdf620401a8b,0154205c3bf33de47c8545c5dff403684359ca6d,持卡人消费,五食堂商务网关,-8.0,16.93,5302,正常
2016/05/13 08:27:19,bfb39cb8bddf1e656dbcb52c30d9cdf620401a8b,0154205c3bf33de47c8545c5dff403684359ca6d,持卡人消费,学子便利店B07,-5.0,11.93,5303,正常
2016/05/13 19:46:59,bfb39cb8bddf1e656dbcb52c30d9cdf620401a8b,0154205c3bf33de47c8545c5dff403684359ca6d,持卡人消费,二区水控,-2.32,9.61,5305,正常
2016/05/14 11:19:46,bfb39cb8bddf1e656dbcb52c30d9cdf620401a8b,0154205c3bf33de47c8545c5dff403684359ca6d,存款,2区卡中心综合业务,100.0,109.61,5306,正常
2016/05/14 11:21:32,bfb39cb8bddf1e656dbcb52c30d9cdf620401a8b,0154205c3bf33de47c8545c5dff403684359ca6d,持卡人消费,九食堂商务网关,-4.0,105.61,5307,正常
2016/05/14 11:22:03,bfb39cb8bddf1e656dbcb52c30d9cdf620401a8b,0154205c3bf33de47c8545c5dff403684359ca6d,持卡人消费,九食堂商务网关,-2.0,103.61,5308,正常
2016/05/15 10:36:16,bfb39cb8bddf1e656dbcb52c30d9cdf620401a8b,0154205c3bf33de47c8545c5dff403684359ca6d,持卡人消费,B7,-3.0,100.61,5309,正常
2016/05/15 11:04:54,bfb39cb8bddf1e656dbcb52c30d9cdf620401a8b,0154205c3bf33de47c8545c5dff403684359ca6d,持卡人消费,九食堂商务网关,-9.0,91.61,5310,正常
2016/05/15 11:05:22,bfb39cb8bddf1e656dbcb52c30d9cdf620401a8b,0154205c3bf33de47c8545c5dff403684359ca6d,持卡人消费,九食堂商务网关,-11.0,80.61,5311,正常
2016/05/15 17:55:54,bfb39cb8bddf1e656dbcb52c30d9cdf620401a8b,0154205c3bf33de47c8545c5dff403684359ca6d,持卡人消费,学子便利店B07,-9.0,71.61,5312,正常
2016/05/15 18:31:40,bfb39cb8bddf1e656dbcb52c30d9cdf620401a8b,0154205c3bf33de47c8545c5dff403684359ca6d,持卡人消费,二区水控,-0.02,71.59,5314,正常
2016/05/15 18:45:16,bfb39cb8bddf1e656dbcb52c30d9cdf620401a8b,0154205c3bf33de47c8545c5dff403684359ca6d,持卡人消费,二区水控,-2.59,69.00,5316,正常
2016/05/16 12:04:04,bfb39cb8bddf1e656dbcb52c30d9cdf620401a8b,0154205c3bf33de47c8545c5dff403684359ca6d,持卡人消费,九食堂商务网关,-9.0,60.00,5317,正常
2016/05/16 12:28:32,bfb39cb8bddf1e656dbcb52c30d9cdf620401a8b,0154205c3bf33de47c8545c5dff403684359ca6d,持卡人消费,九食堂商务网关,-3.0,57.00,5318,正常
2016/05/16 18:21:40,bfb39cb8bddf1e656dbcb52c30d9cdf620401a8b,0154205c3bf33de47c8545c5dff403684359ca6d,持卡人消费,四食堂商务网关,-8.0,49.00,5319,正常
2016/05/16 22:19:06,bfb39cb8bddf1e656dbcb52c30d9cdf620401a8b,0154205c3bf33de47c8545c5dff403684359ca6d,持卡人消费,学子便利店B07,-6.9,42.10,5320,正常
2016/05/17 11:14:11,bfb39cb8bddf1e656dbcb52c30d9cdf620401a8b,0154205c3bf33de47c8545c5dff403684359ca6d,持卡人消费,九食堂商务网关,-8.0,34.10,5321,正常
2016/05/17 11:14:17,bfb39cb8bddf1e656dbcb52c30d9cdf620401a8b,0154205c3bf33de47c8545c5dff403684359ca6d,持卡人消费,九食堂商务网关,-1.0,33.10,5322,正常
2016/05/17 17:11:48,bfb39cb8bddf1e656dbcb52c30d9cdf620401a8b,0154205c3bf33de47c8545c5dff403684359ca6d,持卡人消费,学子便利店B07,-7.2,25.90,5323,正常
2016/05/17 17:41:15,bfb39cb8bddf1e656dbcb52c30d9cdf620401a8b,0154205c3bf33de47c8545c5dff403684359ca6d,持卡人消费,二区水控,-1.95,23.95,5325,正常
2016/05/17 22:04:13,bfb39cb8bddf1e656dbcb52c30d9cdf620401a8b,0154205c3bf33de47c8545c5dff403684359ca6d,持卡人消费,学子便利店B07,-5.0,18.95,5326,正常
2016/05/18 11:29:58,bfb39cb8bddf1e656dbcb52c30d9cdf620401a8b,0154205c3bf33de47c8545c5dff403684359ca6d,持卡人消费,九食堂商务网关,-10.0,8.95,5327,正常
2016/05/18 17:24:19,bfb39cb8bddf1e656dbcb52c30d9cdf620401a8b,0154205c3bf33de47c8545c5dff403684359ca6d,存款,现金充值机,200.0,208.95,5328,正常
2016/05/18 17:58:26,bfb39cb8bddf1e656dbcb52c30d9cdf620401a8b,0154205c3bf33de47c8545c5dff403684359ca6d,持卡人消费,九食堂商务网关,-12.0,196.95,5329,正常
2016/05/19 10:54:20,bfb39cb8bddf1e656dbcb52c30d9cdf620401a8b,0154205c3bf33de47c8545c5dff403684359ca6d,持卡人消费,九食堂商务网关,-8.0,188.95,5330,正常
2016/05/19 10:55:15,bfb39cb8bddf1e656dbcb52c30d9cdf620401a8b,0154205c3bf33de47c8545c5dff403684359ca6d,持卡人消费,九食堂商务网关,-10.0,178.95,5331,正常
2016/05/19 17:55:39,bfb39cb8bddf1e656dbcb52c30d9cdf620401a8b,0154205c3bf33de47c8545c5dff403684359ca6d,持卡人消费,二区水控,-0.11,175.84,5334,正常
2016/05/19 18:03:24,bfb39cb8bddf1e656dbcb52c30d9cdf620401a8b,0154205c3bf33de47c8545c5dff403684359ca6d,持卡人消费,二区水控,-1.49,174.35,5336,正常
2016/05/19 18:04:27,bfb39cb8bddf1e656dbcb52c30d9cdf620401a8b,0154205c3bf33de47c8545c5dff403684359ca6d,持卡人消费,二区水控,-1.66,175.69,5337,正常
2016/05/19 18:11:24,bfb39cb8bddf1e656dbcb52c30d9cdf620401a8b,0154205c3bf33de47c8545c5dff403684359ca6d,持卡人消费,B7,-3.0,172.69,5338,正常
2016/05/20 12:52:35,bfb39cb8bddf1e656dbcb52c30d9cdf620401a8b,0154205c3bf33de47c8545c5dff403684359ca6d,持卡人消费,四食堂商务网关,-15.0,157.69,5339,正常
2016/05/20 18:05:13,bfb39cb8bddf1e656dbcb52c30d9cdf620401a8b,0154205c3bf33de47c8545c5dff403684359ca6d,持卡人消费,二区水控,-0.03,157.66,5340,正常
2016/05/20 18:15:23,bfb39cb8bddf1e656dbcb52c30d9cdf620401a8b,0154205c3bf33de47c8545c5dff403684359ca6d,持卡人消费,二区水控,-1.9,155.76,5342,正常
2016/05/20 18:44:46,bfb39cb8bddf1e656dbcb52c30d9cdf620401a8b,0154205c3bf33de47c8545c5dff403684359ca6d,持卡人消费,四食堂商务网关,-9.0,146.76,5343,正常
2016/05/20 22:29:10,bfb39cb8bddf1e656dbcb52c30d9cdf620401a8b,0154205c3bf33de47c8545c5dff403684359ca6d,持卡人消费,学子便利店B07,-4.3,142.46,5344,正常
2016/05/21 11:10:34,bfb39cb8bddf1e656dbcb52c30d9cdf620401a8b,0154205c3bf33de47c8545c5dff403684359ca6d,持卡人消费,九食堂商务网关,-10.0,132.46,5345,正常
2016/05/21 18:32:35,bfb39cb8bddf1e656dbcb52c30d9cdf620401a8b,0154205c3bf33de47c8545c5dff403684359ca6d,持卡人消费,二区水控,-0.02,132.44,5347,正常
2016/05/21 18:45:04,bfb39cb8bddf1e656dbcb52c30d9cdf620401a8b,0154205c3bf33de47c8545c5dff403684359ca6d,持卡人消费,二区水控,-2.36,130.08,5348,正常
2016/05/22 11:05:08,bfb39cb8bddf1e656dbcb52c30d9cdf620401a8b,0154205c3bf33de47c8545c5dff403684359ca6d,持卡人消费,九食堂商务网关,-9.0,121.08,5349,正常
2016/05/22 11:19:42,bfb39cb8bddf1e656dbcb52c30d9cdf620401a8b,0154205c3bf33de47c8545c5dff403684359ca6d,持卡人消费,九食堂商务网关,-2.7,118.38,5350,正常
2016/05/22 18:31:45,bfb39cb8bddf1e656dbcb52c30d9cdf620401a8b,0154205c3bf33de47c8545c5dff403684359ca6d,持卡人消费,四食堂商务网关,-12.0,106.38,5351,正常
2016/05/22 19:33:17,bfb39cb8bddf1e656dbcb52c30d9cdf620401a8b,0154205c3bf33de47c8545c5dff403684359ca6d,持卡人消费,四食堂商务网关,-10.5,95.88,5352,正常
2016/05/22 21:59:14,bfb39cb8bddf1e656dbcb52c30d9cdf620401a8b,0154205c3bf33de47c8545c5dff403684359ca6d,持卡人消费,学子便利店B07,-7.0,88.88,5353,正常
2016/05/23 12:13:07,bfb39cb8bddf1e656dbcb52c30d9cdf620401a8b,0154205c3bf33de47c8545c5dff403684359ca6d,持卡人消费,九食堂商务网关,-10.0,78.88,5354,正常
2016/05/24 11:43:44,bfb39cb8bddf1e656dbcb52c30d9cdf620401a8b,0154205c3bf33de47c8545c5dff403684359ca6d,持卡人消费,九食堂商务网关,-10.0,68.88,5355,正常
2016/05/24 20:33:36,bfb39cb8bddf1e656dbcb52c30d9cdf620401a8b,0154205c3bf33de47c8545c5dff403684359ca6d,持卡人消费,二区水控,-2.17,66.71,5356,正常
2016/05/24 21:15:39,bfb39cb8bddf1e656dbcb52c30d9cdf620401a8b,0154205c3bf33de47c8545c5dff403684359ca6d,持卡人消费,学子便利店B07,-11.4,55.31,5357,正常
2016/05/25 08:08:28,bfb39cb8bddf1e656dbcb52c30d9cdf620401a8b,0154205c3bf33de47c8545c5dff403684359ca6d,持卡人消费,四食堂商务网关,-3.0,52.31,5358,正常
2016/05/25 11:40:15,bfb39cb8bddf1e656dbcb52c30d9cdf620401a8b,0154205c3bf33de47c8545c5dff403684359ca6d,持卡人消费,四食堂商务网关,-5.0,47.31,5359,正常
2016/05/25 17:23:21,bfb39cb8bddf1e656dbcb52c30d9cdf620401a8b,0154205c3bf33de47c8545c5dff403684359ca6d,持卡人消费,四食堂商务网关,-6.0,41.31,5360,正常
2016/05/25 17:23:43,bfb39cb8bddf1e656dbcb52c30d9cdf620401a8b,0154205c3bf33de47c8545c5dff403684359ca6d,持卡人消费,四食堂商务网关,-3.0,38.31,5361,正常
2016/05/25 17:33:16,bfb39cb8bddf1e656dbcb52c30d9cdf620401a8b,0154205c3bf33de47c8545c5dff403684359ca6d,持卡人消费,四食堂商务网关,-3.0,35.31,5362,正常
2016/05/25 22:09:49,bfb39cb8bddf1e656dbcb52c30d9cdf620401a8b,0154205c3bf33de47c8545c5dff403684359ca6d,持卡人消费,学子便利店B07,-3.5,31.81,5363,正常
2016/05/26 08:31:22,bfb39cb8bddf1e656dbcb52c30d9cdf620401a8b,0154205c3bf33de47c8545c5dff403684359ca6d,持卡人消费,四食堂商务网关,-2.5,29.31,5364,正常
2016/05/26 11:41:18,bfb39cb8bddf1e656dbcb52c30d9cdf620401a8b,0154205c3bf33de47c8545c5dff403684359ca6d,持卡人消费,四食堂商务网关,-8.5,20.81,5365,正常
2016/05/26 19:36:02,bfb39cb8bddf1e656dbcb52c30d9cdf620401a8b,0154205c3bf33de47c8545c5dff403684359ca6d,持卡人消费,学子便利店B07,-8.8,12.01,5366,正常
2016/05/26 20:14:30,bfb39cb8bddf1e656dbcb52c30d9cdf620401a8b,0154205c3bf33de47c8545c5dff403684359ca6d,持卡人消费,二区水控,-1.98,10.03,5367,正常
2016/05/27 08:07:17,bfb39cb8bddf1e656dbcb52c30d9cdf620401a8b,0154205c3bf33de47c8545c5dff403684359ca6d,持卡人消费,四食堂商务网关,-2.0,8.03,5368,正常
2016/05/28 11:31:26,bfb39cb8bddf1e656dbcb52c30d9cdf620401a8b,0154205c3bf33de47c8545c5dff403684359ca6d,持卡人消费,四食堂商务网关,-5.0,3.03,5369,正常
2016/05/29 11:28:48,bfb39cb8bddf1e656dbcb52c30d9cdf620401a8b,0154205c3bf33de47c8545c5dff403684359ca6d,存款,2区卡中心综合业务,100.0,103.03,5370,正常
2016/05/29 11:30:11,bfb39cb8bddf1e656dbcb52c30d9cdf620401a8b,0154205c3bf33de47c8545c5dff403684359ca6d,持卡人消费,九食堂商务网关,-10.0,93.03,5371,正常
2016/05/29 11:43:15,bfb39cb8bddf1e656dbcb52c30d9cdf620401a8b,0154205c3bf33de47c8545c5dff403684359ca6d,持卡人消费,九食堂商务网关,-2.2,90.83,5372,正常
2016/05/29 17:07:13,bfb39cb8bddf1e656dbcb52c30d9cdf620401a8b,0154205c3bf33de47c8545c5dff403684359ca6d,持卡人消费,四食堂商务网关,-2.7,88.13,5373,正常
2016/05/30 08:17:37,bfb39cb8bddf1e656dbcb52c30d9cdf620401a8b,0154205c3bf33de47c8545c5dff403684359ca6d,持卡人消费,九食堂商务网关,-4.4,83.73,5374,正常
2016/05/30 11:17:10,bfb39cb8bddf1e656dbcb52c30d9cdf620401a8b,0154205c3bf33de47c8545c5dff403684359ca6d,持卡人消费,九食堂商务网关,-5.0,78.73,5375,正常
2016/05/30 11:18:00,bfb39cb8bddf1e656dbcb52c30d9cdf620401a8b,0154205c3bf33de47c8545c5dff403684359ca6d,持卡人消费,九食堂商务网关,-2.0,76.73,5376,正常
2016/05/30 13:47:30,bfb39cb8bddf1e656dbcb52c30d9cdf620401a8b,0154205c3bf33de47c8545c5dff403684359ca6d,持卡人消费,学子便利店B07,-2.5,74.23,5377,正常
2016/05/30 17:15:26,bfb39cb8bddf1e656dbcb52c30d9cdf620401a8b,0154205c3bf33de47c8545c5dff403684359ca6d,持卡人消费,四食堂商务网关,-3.5,70.73,5378,正常
2016/05/30 17:24:47,bfb39cb8bddf1e656dbcb52c30d9cdf620401a8b,0154205c3bf33de47c8545c5dff403684359ca6d,持卡人消费,四食堂商务网关,-1.0,69.73,5379,正常
2016/05/30 22:24:23,bfb39cb8bddf1e656dbcb52c30d9cdf620401a8b,0154205c3bf33de47c8545c5dff403684359ca6d,持卡人消费,学子便利店B07,-4.0,65.73,5380,正常
2016/05/31 11:19:37,bfb39cb8bddf1e656dbcb52c30d9cdf620401a8b,0154205c3bf33de47c8545c5dff403684359ca6d,持卡人消费,九食堂商务网关,-3.3,62.43,5381,正常
2016/05/31 11:20:37,bfb39cb8bddf1e656dbcb52c30d9cdf620401a8b,0154205c3bf33de47c8545c5dff403684359ca6d,持卡人消费,九食堂商务网关,-1.4,61.03,5382,正常
2016/05/31 13:56:08,bfb39cb8bddf1e656dbcb52c30d9cdf620401a8b,0154205c3bf33de47c8545c5dff403684359ca6d,持卡人消费,学子便利店B07,-3.4,57.63,5383,正常
2016/05/31 17:12:18,bfb39cb8bddf1e656dbcb52c30d9cdf620401a8b,0154205c3bf33de47c8545c5dff403684359ca6d,持卡人消费,二区水控,-2.24,55.39,5385,正常
2016/05/31 17:36:50,bfb39cb8bddf1e656dbcb52c30d9cdf620401a8b,0154205c3bf33de47c8545c5dff403684359ca6d,持卡人消费,九食堂商务网关,-7.0,48.39,5386,正常
2016/05/31 17:37:32,bfb39cb8bddf1e656dbcb52c30d9cdf620401a8b,0154205c3bf33de47c8545c5dff403684359ca6d,持卡人消费,九食堂商务网关,-1.0,47.39,5387,正常
2016/05/31 22:13:43,bfb39cb8bddf1e656dbcb52c30d9cdf620401a8b,0154205c3bf33de47c8545c5dff403684359ca6d,持卡人消费,学子便利店B07,-3.6,43.79,5388,正常
