交易发生时间,学号,姓名,交易类型,子系统名称,交易额,现有余额,次数,状态
2016/05/05 16:25:34,228ae224b8a82088c562b841ee69fd54ae33e31f,01c01f81f17c1ef579a9930df5c5c50ac609e678,持卡人消费,一校区水控新,-2.0,33.88,3679,正常
2016/05/05 16:27:19,228ae224b8a82088c562b841ee69fd54ae33e31f,01c01f81f17c1ef579a9930df5c5c50ac609e678,持卡人消费,一校区水控新,-0.28,33.60,3680,正常
2016/05/05 16:35:08,228ae224b8a82088c562b841ee69fd54ae33e31f,01c01f81f17c1ef579a9930df5c5c50ac609e678,持卡人消费,一校区水控新,-1.02,32.58,3681,正常
2016/05/05 17:46:21,228ae224b8a82088c562b841ee69fd54ae33e31f,01c01f81f17c1ef579a9930df5c5c50ac609e678,持卡人消费,A7,-3.0,29.58,3682,正常
2016/05/06 09:27:44,228ae224b8a82088c562b841ee69fd54ae33e31f,01c01f81f17c1ef579a9930df5c5c50ac609e678,持卡人消费,学士楼商务网关,-2.0,27.58,3683,正常
2016/05/06 09:29:30,228ae224b8a82088c562b841ee69fd54ae33e31f,01c01f81f17c1ef579a9930df5c5c50ac609e678,持卡人消费,学士楼商务网关,-0.4,27.18,3684,正常
2016/05/06 09:49:42,228ae224b8a82088c562b841ee69fd54ae33e31f,01c01f81f17c1ef579a9930df5c5c50ac609e678,持卡人消费,超市商务子系统,-0.8,26.38,3685,正常
2016/05/06 17:09:05,228ae224b8a82088c562b841ee69fd54ae33e31f,01c01f81f17c1ef579a9930df5c5c50ac609e678,持卡人消费,南苑网关,-1.5,24.88,3686,正常
2016/05/06 17:09:35,228ae224b8a82088c562b841ee69fd54ae33e31f,01c01f81f17c1ef579a9930df5c5c50ac609e678,持卡人消费,南苑网关,-16.2,8.68,3687,正常
2016/05/06 17:10:39,228ae224b8a82088c562b841ee69fd54ae33e31f,01c01f81f17c1ef579a9930df5c5c50ac609e678,持卡人消费,南苑网关,-0.5,8.18,3688,正常
2016/05/07 14:41:33,228ae224b8a82088c562b841ee69fd54ae33e31f,01c01f81f17c1ef579a9930df5c5c50ac609e678,持卡人消费,一校区水控新,-0.76,7.42,3689,正常
2016/05/07 14:45:29,228ae224b8a82088c562b841ee69fd54ae33e31f,01c01f81f17c1ef579a9930df5c5c50ac609e678,持卡人消费,一校区水控新,-0.51,6.91,3690,正常
2016/05/08 09:18:33,228ae224b8a82088c562b841ee69fd54ae33e31f,01c01f81f17c1ef579a9930df5c5c50ac609e678,持卡人消费,学士楼商务网关,-1.7,5.21,3691,正常
2016/05/08 11:06:33,228ae224b8a82088c562b841ee69fd54ae33e31f,01c01f81f17c1ef579a9930df5c5c50ac609e678,存款,现金充值机,100.0,105.21,3692,正常
2016/05/08 11:31:41,228ae224b8a82088c562b841ee69fd54ae33e31f,01c01f81f17c1ef579a9930df5c5c50ac609e678,持卡人消费,学苑楼商务网关,-9.0,96.21,3693,正常
2016/05/09 08:47:30,228ae224b8a82088c562b841ee69fd54ae33e31f,01c01f81f17c1ef579a9930df5c5c50ac609e678,持卡人消费,学士楼商务网关,-1.9,94.31,3694,正常
2016/05/09 11:12:09,228ae224b8a82088c562b841ee69fd54ae33e31f,01c01f81f17c1ef579a9930df5c5c50ac609e678,持卡人消费,南苑网关,-12.0,82.31,3695,正常
2016/05/10 11:17:07,228ae224b8a82088c562b841ee69fd54ae33e31f,01c01f81f17c1ef579a9930df5c5c50ac609e678,持卡人消费,南苑网关,-12.0,70.31,3696,正常
2016/05/10 16:57:43,228ae224b8a82088c562b841ee69fd54ae33e31f,01c01f81f17c1ef579a9930df5c5c50ac609e678,持卡人消费,硕果园（工大商店）,-12.0,58.31,3697,正常
2016/05/11 11:13:31,228ae224b8a82088c562b841ee69fd54ae33e31f,01c01f81f17c1ef579a9930df5c5c50ac609e678,持卡人消费,南苑网关,-15.6,42.71,3698,正常
2016/05/11 16:56:14,228ae224b8a82088c562b841ee69fd54ae33e31f,01c01f81f17c1ef579a9930df5c5c50ac609e678,持卡人消费,南苑网关,-11.28,31.43,3699,正常
2016/05/12 09:08:39,228ae224b8a82088c562b841ee69fd54ae33e31f,01c01f81f17c1ef579a9930df5c5c50ac609e678,持卡人消费,学士楼商务网关,-1.7,29.73,3700,正常
2016/05/12 11:08:59,228ae224b8a82088c562b841ee69fd54ae33e31f,01c01f81f17c1ef579a9930df5c5c50ac609e678,持卡人消费,南苑网关,-9.6,20.13,3701,正常
2016/05/12 17:07:17,228ae224b8a82088c562b841ee69fd54ae33e31f,01c01f81f17c1ef579a9930df5c5c50ac609e678,持卡人消费,南苑网关,-11.28,8.85,3702,正常
2016/05/12 19:36:41,228ae224b8a82088c562b841ee69fd54ae33e31f,01c01f81f17c1ef579a9930df5c5c50ac609e678,持卡人消费,一校区水控新,-0.69,8.16,3704,正常
2016/05/12 19:40:21,228ae224b8a82088c562b841ee69fd54ae33e31f,01c01f81f17c1ef579a9930df5c5c50ac609e678,持卡人消费,一校区水控新,-0.34,7.82,3706,正常
2016/05/14 17:07:22,228ae224b8a82088c562b841ee69fd54ae33e31f,01c01f81f17c1ef579a9930df5c5c50ac609e678,存款,现金充值机,100.0,107.82,3707,正常
2016/05/14 17:31:27,228ae224b8a82088c562b841ee69fd54ae33e31f,01c01f81f17c1ef579a9930df5c5c50ac609e678,持卡人消费,南苑网关,-9.6,98.22,3708,正常
2016/05/15 12:14:23,228ae224b8a82088c562b841ee69fd54ae33e31f,01c01f81f17c1ef579a9930df5c5c50ac609e678,持卡人消费,硕果园（工大商店）,-9.0,89.22,3709,正常
2016/05/15 12:16:05,228ae224b8a82088c562b841ee69fd54ae33e31f,01c01f81f17c1ef579a9930df5c5c50ac609e678,持卡人消费,硕果园（工大商店）,-1.0,88.22,3710,正常
2016/05/15 12:18:28,228ae224b8a82088c562b841ee69fd54ae33e31f,01c01f81f17c1ef579a9930df5c5c50ac609e678,持卡人消费,硕果园（工大商店）,-2.0,86.22,3711,正常
2016/05/15 12:40:48,228ae224b8a82088c562b841ee69fd54ae33e31f,01c01f81f17c1ef579a9930df5c5c50ac609e678,持卡人消费,一区图书馆APOS,-0.7,85.52,3712,正常
2016/05/15 17:25:23,228ae224b8a82088c562b841ee69fd54ae33e31f,01c01f81f17c1ef579a9930df5c5c50ac609e678,持卡人消费,A7,-3.0,82.52,3713,正常
2016/05/15 17:38:39,228ae224b8a82088c562b841ee69fd54ae33e31f,01c01f81f17c1ef579a9930df5c5c50ac609e678,持卡人消费,硕果园（工大商店）,-12.0,70.52,3714,正常
2016/05/16 16:52:02,228ae224b8a82088c562b841ee69fd54ae33e31f,01c01f81f17c1ef579a9930df5c5c50ac609e678,持卡人消费,学苑楼商务网关,-7.0,63.52,3715,正常
2016/05/16 16:52:38,228ae224b8a82088c562b841ee69fd54ae33e31f,01c01f81f17c1ef579a9930df5c5c50ac609e678,持卡人消费,学苑楼商务网关,-1.5,62.02,3716,正常
2016/05/17 11:06:06,228ae224b8a82088c562b841ee69fd54ae33e31f,01c01f81f17c1ef579a9930df5c5c50ac609e678,持卡人消费,南苑网关,-14.4,47.62,3717,正常
2016/05/17 16:45:55,228ae224b8a82088c562b841ee69fd54ae33e31f,01c01f81f17c1ef579a9930df5c5c50ac609e678,持卡人消费,硕果园（工大商店）,-12.0,35.62,3718,正常
2016/05/18 08:49:17,228ae224b8a82088c562b841ee69fd54ae33e31f,01c01f81f17c1ef579a9930df5c5c50ac609e678,持卡人消费,学士楼商务网关,-2.9,32.72,3719,正常
2016/05/18 11:11:39,228ae224b8a82088c562b841ee69fd54ae33e31f,01c01f81f17c1ef579a9930df5c5c50ac609e678,持卡人消费,南苑网关,-9.6,23.12,3720,正常
2016/05/18 17:24:32,228ae224b8a82088c562b841ee69fd54ae33e31f,01c01f81f17c1ef579a9930df5c5c50ac609e678,持卡人消费,南苑网关,-9.0,14.12,3721,正常
2016/05/19 10:45:13,228ae224b8a82088c562b841ee69fd54ae33e31f,01c01f81f17c1ef579a9930df5c5c50ac609e678,存款,现金充值机,100.0,114.12,3722,正常
2016/05/19 11:09:00,228ae224b8a82088c562b841ee69fd54ae33e31f,01c01f81f17c1ef579a9930df5c5c50ac609e678,持卡人消费,南苑网关,-12.0,102.12,3723,正常
2016/05/19 11:09:05,228ae224b8a82088c562b841ee69fd54ae33e31f,01c01f81f17c1ef579a9930df5c5c50ac609e678,持卡人消费,南苑网关,-12.72,89.40,3724,正常
2016/05/19 20:18:45,228ae224b8a82088c562b841ee69fd54ae33e31f,01c01f81f17c1ef579a9930df5c5c50ac609e678,持卡人消费,硕果园（工大商店）,-4.1,85.30,3725,正常
2016/05/19 20:39:22,228ae224b8a82088c562b841ee69fd54ae33e31f,01c01f81f17c1ef579a9930df5c5c50ac609e678,持卡人消费,一校区水控新,-0.1,85.20,3727,正常
2016/05/19 20:42:01,228ae224b8a82088c562b841ee69fd54ae33e31f,01c01f81f17c1ef579a9930df5c5c50ac609e678,持卡人消费,一校区水控新,-0.02,83.18,3730,正常
2016/05/19 20:46:22,228ae224b8a82088c562b841ee69fd54ae33e31f,01c01f81f17c1ef579a9930df5c5c50ac609e678,持卡人消费,一校区水控新,-1.31,83.87,3731,正常
2016/05/19 20:51:17,228ae224b8a82088c562b841ee69fd54ae33e31f,01c01f81f17c1ef579a9930df5c5c50ac609e678,持卡人消费,一校区水控新,-0.62,83.25,3733,正常
2016/05/21 17:17:59,228ae224b8a82088c562b841ee69fd54ae33e31f,01c01f81f17c1ef579a9930df5c5c50ac609e678,持卡人消费,南苑网关,-15.6,67.65,3734,正常
2016/05/22 09:48:35,228ae224b8a82088c562b841ee69fd54ae33e31f,01c01f81f17c1ef579a9930df5c5c50ac609e678,持卡人消费,超市商务子系统,-14.9,52.75,3735,正常
2016/05/23 11:15:44,228ae224b8a82088c562b841ee69fd54ae33e31f,01c01f81f17c1ef579a9930df5c5c50ac609e678,持卡人消费,南苑网关,-10.32,29.47,3737,正常
2016/05/23 17:37:25,228ae224b8a82088c562b841ee69fd54ae33e31f,01c01f81f17c1ef579a9930df5c5c50ac609e678,持卡人消费,南苑网关,-8.64,20.83,3738,正常
2016/05/24 11:07:57,228ae224b8a82088c562b841ee69fd54ae33e31f,01c01f81f17c1ef579a9930df5c5c50ac609e678,持卡人消费,南苑网关,-13.2,7.63,3739,正常
2016/05/25 10:41:29,228ae224b8a82088c562b841ee69fd54ae33e31f,01c01f81f17c1ef579a9930df5c5c50ac609e678,存款,现金充值机,100.0,107.63,3740,正常
2016/05/25 11:06:35,228ae224b8a82088c562b841ee69fd54ae33e31f,01c01f81f17c1ef579a9930df5c5c50ac609e678,持卡人消费,南苑网关,-12.72,94.91,3741,正常
2016/05/25 11:06:41,228ae224b8a82088c562b841ee69fd54ae33e31f,01c01f81f17c1ef579a9930df5c5c50ac609e678,持卡人消费,南苑网关,-17.28,77.63,3742,正常
2016/05/25 17:07:28,228ae224b8a82088c562b841ee69fd54ae33e31f,01c01f81f17c1ef579a9930df5c5c50ac609e678,持卡人消费,南苑网关,-12.24,65.39,3743,正常
2016/05/26 11:09:31,228ae224b8a82088c562b841ee69fd54ae33e31f,01c01f81f17c1ef579a9930df5c5c50ac609e678,持卡人消费,南苑网关,-11.28,54.11,3744,正常
2016/05/26 17:00:58,228ae224b8a82088c562b841ee69fd54ae33e31f,01c01f81f17c1ef579a9930df5c5c50ac609e678,持卡人消费,南苑网关,-10.32,43.79,3745,正常
2016/05/27 11:06:28,228ae224b8a82088c562b841ee69fd54ae33e31f,01c01f81f17c1ef579a9930df5c5c50ac609e678,持卡人消费,南苑网关,-9.84,33.95,3746,正常
2016/05/27 20:30:53,228ae224b8a82088c562b841ee69fd54ae33e31f,01c01f81f17c1ef579a9930df5c5c50ac609e678,持卡人消费,一校区水控新,-1.52,32.43,3748,正常
2016/05/27 20:37:13,228ae224b8a82088c562b841ee69fd54ae33e31f,01c01f81f17c1ef579a9930df5c5c50ac609e678,持卡人消费,一校区水控新,-0.86,31.57,3750,正常
2016/05/28 17:06:05,228ae224b8a82088c562b841ee69fd54ae33e31f,01c01f81f17c1ef579a9930df5c5c50ac609e678,持卡人消费,南苑网关,-11.04,20.53,3751,正常
2016/05/29 11:19:44,228ae224b8a82088c562b841ee69fd54ae33e31f,01c01f81f17c1ef579a9930df5c5c50ac609e678,持卡人消费,南苑网关,-11.04,9.49,3752,正常
2016/05/30 09:07:22,228ae224b8a82088c562b841ee69fd54ae33e31f,01c01f81f17c1ef579a9930df5c5c50ac609e678,持卡人消费,学士楼商务网关,-2.2,7.29,3753,正常
2016/05/30 10:41:28,228ae224b8a82088c562b841ee69fd54ae33e31f,01c01f81f17c1ef579a9930df5c5c50ac609e678,存款,现金充值机,100.0,107.29,3754,正常
2016/05/30 11:06:07,228ae224b8a82088c562b841ee69fd54ae33e31f,01c01f81f17c1ef579a9930df5c5c50ac609e678,持卡人消费,南苑网关,-9.84,97.45,3755,正常
