交易发生时间,学号,姓名,交易类型,子系统名称,交易额,现有余额,次数,状态
2016/05/03 11:45:52,871cfd9203828cec3b04eab8b6a18c483d67c030,01e5025357d801ca0aec008d61cd29c308e12233,存款,2区卡中心综合业务,100.0,101.59,4127,正常
2016/05/03 11:47:01,871cfd9203828cec3b04eab8b6a18c483d67c030,01e5025357d801ca0aec008d61cd29c308e12233,持卡人消费,九食堂商务网关,-9.0,92.59,4128,正常
2016/05/03 20:30:01,871cfd9203828cec3b04eab8b6a18c483d67c030,01e5025357d801ca0aec008d61cd29c308e12233,持卡人消费,学子便利店B07,-3.4,89.19,4129,正常
2016/05/04 08:40:22,871cfd9203828cec3b04eab8b6a18c483d67c030,01e5025357d801ca0aec008d61cd29c308e12233,持卡人消费,学子便利店B07,-9.1,80.09,4130,正常
2016/05/04 11:16:14,871cfd9203828cec3b04eab8b6a18c483d67c030,01e5025357d801ca0aec008d61cd29c308e12233,持卡人消费,九食堂商务网关,-3.0,77.09,4131,正常
2016/05/04 11:16:51,871cfd9203828cec3b04eab8b6a18c483d67c030,01e5025357d801ca0aec008d61cd29c308e12233,持卡人消费,九食堂商务网关,-0.4,76.69,4132,正常
2016/05/04 17:47:56,871cfd9203828cec3b04eab8b6a18c483d67c030,01e5025357d801ca0aec008d61cd29c308e12233,持卡人消费,硕果园（工大商店）,-10.0,66.69,4133,正常
2016/05/05 07:19:59,871cfd9203828cec3b04eab8b6a18c483d67c030,01e5025357d801ca0aec008d61cd29c308e12233,持卡人消费,九食堂商务网关,-3.2,63.49,4134,正常
2016/05/05 07:20:30,871cfd9203828cec3b04eab8b6a18c483d67c030,01e5025357d801ca0aec008d61cd29c308e12233,持卡人消费,九食堂商务网关,-0.5,62.99,4135,正常
2016/05/05 08:04:07,871cfd9203828cec3b04eab8b6a18c483d67c030,01e5025357d801ca0aec008d61cd29c308e12233,持卡人消费,学子便利店B07,-1.2,61.79,4136,正常
2016/05/05 11:13:38,871cfd9203828cec3b04eab8b6a18c483d67c030,01e5025357d801ca0aec008d61cd29c308e12233,持卡人消费,五食堂商务网关,-6.0,55.79,4137,正常
2016/05/05 17:29:57,871cfd9203828cec3b04eab8b6a18c483d67c030,01e5025357d801ca0aec008d61cd29c308e12233,持卡人消费,学子便利店B07,-6.7,49.09,4138,正常
2016/05/05 20:56:19,871cfd9203828cec3b04eab8b6a18c483d67c030,01e5025357d801ca0aec008d61cd29c308e12233,持卡人消费,学子便利店B07,-2.0,47.09,4139,正常
2016/05/06 12:16:22,871cfd9203828cec3b04eab8b6a18c483d67c030,01e5025357d801ca0aec008d61cd29c308e12233,持卡人消费,九食堂商务网关,-9.0,38.09,4140,正常
2016/05/06 12:58:20,871cfd9203828cec3b04eab8b6a18c483d67c030,01e5025357d801ca0aec008d61cd29c308e12233,持卡人消费,B7,-3.0,35.09,4142,正常
2016/05/06 12:59:55,871cfd9203828cec3b04eab8b6a18c483d67c030,01e5025357d801ca0aec008d61cd29c308e12233,持卡人消费,学子便利店B07,-2.0,33.09,4143,正常
2016/05/06 17:14:06,871cfd9203828cec3b04eab8b6a18c483d67c030,01e5025357d801ca0aec008d61cd29c308e12233,持卡人消费,九食堂商务网关,-10.0,23.09,4144,正常
2016/05/06 17:28:24,871cfd9203828cec3b04eab8b6a18c483d67c030,01e5025357d801ca0aec008d61cd29c308e12233,持卡人消费,学子便利店B07,-2.0,21.09,4145,正常
2016/05/07 11:25:57,871cfd9203828cec3b04eab8b6a18c483d67c030,01e5025357d801ca0aec008d61cd29c308e12233,持卡人消费,硕果园（工大商店）,-3.0,18.09,4146,正常
2016/05/07 11:27:29,871cfd9203828cec3b04eab8b6a18c483d67c030,01e5025357d801ca0aec008d61cd29c308e12233,持卡人消费,硕果园（工大商店）,-12.0,6.09,4147,正常
2016/05/07 17:21:04,871cfd9203828cec3b04eab8b6a18c483d67c030,01e5025357d801ca0aec008d61cd29c308e12233,存款,2区卡中心综合业务,100.0,106.09,4148,正常
2016/05/07 17:23:15,871cfd9203828cec3b04eab8b6a18c483d67c030,01e5025357d801ca0aec008d61cd29c308e12233,持卡人消费,九食堂商务网关,-12.0,94.09,4149,正常
2016/05/07 17:37:34,871cfd9203828cec3b04eab8b6a18c483d67c030,01e5025357d801ca0aec008d61cd29c308e12233,持卡人消费,九食堂商务网关,-6.0,88.09,4150,正常
2016/05/07 17:41:30,871cfd9203828cec3b04eab8b6a18c483d67c030,01e5025357d801ca0aec008d61cd29c308e12233,持卡人消费,学子便利店B07,-2.0,86.09,4151,正常
2016/05/08 11:17:42,871cfd9203828cec3b04eab8b6a18c483d67c030,01e5025357d801ca0aec008d61cd29c308e12233,持卡人消费,九食堂商务网关,-10.0,76.09,4152,正常
2016/05/08 11:27:48,871cfd9203828cec3b04eab8b6a18c483d67c030,01e5025357d801ca0aec008d61cd29c308e12233,持卡人消费,九食堂商务网关,-8.1,67.99,4153,正常
2016/05/08 15:25:00,871cfd9203828cec3b04eab8b6a18c483d67c030,01e5025357d801ca0aec008d61cd29c308e12233,持卡人消费,学子便利店B07,-9.3,58.69,4154,正常
2016/05/08 17:18:52,871cfd9203828cec3b04eab8b6a18c483d67c030,01e5025357d801ca0aec008d61cd29c308e12233,持卡人消费,九食堂商务网关,-1.0,57.69,4155,正常
2016/05/08 17:19:18,871cfd9203828cec3b04eab8b6a18c483d67c030,01e5025357d801ca0aec008d61cd29c308e12233,持卡人消费,九食堂商务网关,-14.0,43.69,4156,正常
2016/05/08 19:36:30,871cfd9203828cec3b04eab8b6a18c483d67c030,01e5025357d801ca0aec008d61cd29c308e12233,持卡人消费,学子便利店B07,-2.0,41.69,4157,正常
2016/05/08 20:39:52,871cfd9203828cec3b04eab8b6a18c483d67c030,01e5025357d801ca0aec008d61cd29c308e12233,持卡人消费,二区水控,-0.85,40.84,4159,正常
2016/05/09 11:43:29,871cfd9203828cec3b04eab8b6a18c483d67c030,01e5025357d801ca0aec008d61cd29c308e12233,持卡人消费,九食堂商务网关,-4.0,36.84,4160,正常
2016/05/09 16:51:22,871cfd9203828cec3b04eab8b6a18c483d67c030,01e5025357d801ca0aec008d61cd29c308e12233,持卡人消费,学子便利店B07,-13.4,23.44,4161,正常
2016/05/09 22:08:31,871cfd9203828cec3b04eab8b6a18c483d67c030,01e5025357d801ca0aec008d61cd29c308e12233,持卡人消费,学子便利店B07,-6.0,17.44,4162,正常
2016/05/10 09:44:28,871cfd9203828cec3b04eab8b6a18c483d67c030,01e5025357d801ca0aec008d61cd29c308e12233,持卡人消费,学子便利店B07,-3.9,13.54,4163,正常
2016/05/10 11:49:51,871cfd9203828cec3b04eab8b6a18c483d67c030,01e5025357d801ca0aec008d61cd29c308e12233,持卡人消费,五食堂商务网关,-6.0,7.54,4164,正常
2016/05/10 22:08:48,871cfd9203828cec3b04eab8b6a18c483d67c030,01e5025357d801ca0aec008d61cd29c308e12233,持卡人消费,学子便利店B07,-2.0,5.54,4165,正常
2016/05/11 07:19:42,871cfd9203828cec3b04eab8b6a18c483d67c030,01e5025357d801ca0aec008d61cd29c308e12233,持卡人消费,九食堂商务网关,-3.2,2.34,4166,正常
2016/05/11 07:20:37,871cfd9203828cec3b04eab8b6a18c483d67c030,01e5025357d801ca0aec008d61cd29c308e12233,持卡人消费,九食堂商务网关,-0.4,1.94,4167,正常
2016/05/11 11:24:53,871cfd9203828cec3b04eab8b6a18c483d67c030,01e5025357d801ca0aec008d61cd29c308e12233,存款,2区卡中心综合业务,100.0,101.94,4168,正常
2016/05/11 11:28:19,871cfd9203828cec3b04eab8b6a18c483d67c030,01e5025357d801ca0aec008d61cd29c308e12233,持卡人消费,九食堂商务网关,-8.0,93.94,4169,正常
2016/05/11 11:34:29,871cfd9203828cec3b04eab8b6a18c483d67c030,01e5025357d801ca0aec008d61cd29c308e12233,持卡人消费,九食堂商务网关,-1.0,92.94,4170,正常
2016/05/11 12:51:54,871cfd9203828cec3b04eab8b6a18c483d67c030,01e5025357d801ca0aec008d61cd29c308e12233,持卡人消费,学子便利店B07,-1.2,91.74,4171,正常
2016/05/11 19:35:15,871cfd9203828cec3b04eab8b6a18c483d67c030,01e5025357d801ca0aec008d61cd29c308e12233,持卡人消费,学子便利店B07,-8.9,82.84,4172,正常
2016/05/11 21:35:02,871cfd9203828cec3b04eab8b6a18c483d67c030,01e5025357d801ca0aec008d61cd29c308e12233,持卡人消费,学子便利店B07,-2.0,80.84,4173,正常
2016/05/12 08:12:06,871cfd9203828cec3b04eab8b6a18c483d67c030,01e5025357d801ca0aec008d61cd29c308e12233,持卡人消费,学子便利店B07,-3.0,77.84,4174,正常
2016/05/12 10:34:00,871cfd9203828cec3b04eab8b6a18c483d67c030,01e5025357d801ca0aec008d61cd29c308e12233,持卡人消费,硕果园（工大商店）,-8.0,69.84,4175,正常
2016/05/12 10:34:43,871cfd9203828cec3b04eab8b6a18c483d67c030,01e5025357d801ca0aec008d61cd29c308e12233,持卡人消费,硕果园（工大商店）,-10.0,59.84,4176,正常
2016/05/12 17:09:23,871cfd9203828cec3b04eab8b6a18c483d67c030,01e5025357d801ca0aec008d61cd29c308e12233,持卡人消费,九食堂商务网关,-8.0,51.84,4177,正常
2016/05/13 07:04:20,871cfd9203828cec3b04eab8b6a18c483d67c030,01e5025357d801ca0aec008d61cd29c308e12233,持卡人消费,九食堂商务网关,-3.2,48.64,4178,正常
2016/05/13 07:05:55,871cfd9203828cec3b04eab8b6a18c483d67c030,01e5025357d801ca0aec008d61cd29c308e12233,持卡人消费,九食堂商务网关,-0.4,48.24,4179,正常
2016/05/13 09:43:11,871cfd9203828cec3b04eab8b6a18c483d67c030,01e5025357d801ca0aec008d61cd29c308e12233,持卡人消费,学子便利店B07,-1.2,47.04,4180,正常
2016/05/13 12:05:07,871cfd9203828cec3b04eab8b6a18c483d67c030,01e5025357d801ca0aec008d61cd29c308e12233,持卡人消费,四食堂商务网关,-0.4,46.64,4181,正常
2016/05/13 12:05:30,871cfd9203828cec3b04eab8b6a18c483d67c030,01e5025357d801ca0aec008d61cd29c308e12233,持卡人消费,四食堂商务网关,-8.64,38.00,4182,正常
2016/05/14 11:32:08,871cfd9203828cec3b04eab8b6a18c483d67c030,01e5025357d801ca0aec008d61cd29c308e12233,持卡人消费,九食堂商务网关,-2.5,35.50,4183,正常
2016/05/14 11:32:41,871cfd9203828cec3b04eab8b6a18c483d67c030,01e5025357d801ca0aec008d61cd29c308e12233,持卡人消费,九食堂商务网关,-0.4,35.10,4184,正常
2016/05/14 11:41:27,871cfd9203828cec3b04eab8b6a18c483d67c030,01e5025357d801ca0aec008d61cd29c308e12233,持卡人消费,九食堂商务网关,-3.6,31.50,4185,正常
2016/05/15 07:04:37,871cfd9203828cec3b04eab8b6a18c483d67c030,01e5025357d801ca0aec008d61cd29c308e12233,持卡人消费,学子便利店B07,-3.2,28.30,4186,正常
2016/05/15 16:03:27,871cfd9203828cec3b04eab8b6a18c483d67c030,01e5025357d801ca0aec008d61cd29c308e12233,持卡人消费,学子便利店B07,-2.0,26.30,4187,正常
2016/05/15 17:16:47,871cfd9203828cec3b04eab8b6a18c483d67c030,01e5025357d801ca0aec008d61cd29c308e12233,持卡人消费,五食堂商务网关,-2.8,23.50,4188,正常
2016/05/15 18:58:55,871cfd9203828cec3b04eab8b6a18c483d67c030,01e5025357d801ca0aec008d61cd29c308e12233,持卡人消费,学子便利店B07,-5.5,18.00,4189,正常
2016/05/15 21:52:18,871cfd9203828cec3b04eab8b6a18c483d67c030,01e5025357d801ca0aec008d61cd29c308e12233,持卡人消费,学子便利店B07,-3.0,15.00,4190,正常
2016/05/16 08:47:02,871cfd9203828cec3b04eab8b6a18c483d67c030,01e5025357d801ca0aec008d61cd29c308e12233,持卡人消费,学士楼商务网关,-2.1,12.90,4191,正常
2016/05/16 08:47:43,871cfd9203828cec3b04eab8b6a18c483d67c030,01e5025357d801ca0aec008d61cd29c308e12233,持卡人消费,学士楼商务网关,-3.0,9.90,4192,正常
2016/05/16 12:21:17,871cfd9203828cec3b04eab8b6a18c483d67c030,01e5025357d801ca0aec008d61cd29c308e12233,持卡人消费,九食堂商务网关,-3.5,6.40,4193,正常
2016/05/16 12:21:33,871cfd9203828cec3b04eab8b6a18c483d67c030,01e5025357d801ca0aec008d61cd29c308e12233,持卡人消费,九食堂商务网关,-0.6,5.80,4194,正常
2016/05/16 16:50:15,871cfd9203828cec3b04eab8b6a18c483d67c030,01e5025357d801ca0aec008d61cd29c308e12233,持卡人消费,学子便利店B07,-0.1,5.70,4195,正常
2016/05/17 11:15:53,871cfd9203828cec3b04eab8b6a18c483d67c030,01e5025357d801ca0aec008d61cd29c308e12233,持卡人消费,九食堂商务网关,-2.5,3.20,4196,正常
2016/05/17 11:16:13,871cfd9203828cec3b04eab8b6a18c483d67c030,01e5025357d801ca0aec008d61cd29c308e12233,持卡人消费,九食堂商务网关,-0.4,2.80,4197,正常
2016/05/17 11:17:23,871cfd9203828cec3b04eab8b6a18c483d67c030,01e5025357d801ca0aec008d61cd29c308e12233,持卡人消费,九食堂商务网关,-0.6,2.20,4198,正常
2016/05/17 11:23:21,871cfd9203828cec3b04eab8b6a18c483d67c030,01e5025357d801ca0aec008d61cd29c308e12233,持卡人消费,九食堂商务网关,-0.5,1.70,4199,正常
2016/05/17 11:27:54,871cfd9203828cec3b04eab8b6a18c483d67c030,01e5025357d801ca0aec008d61cd29c308e12233,持卡人消费,学子便利店B07,-0.8,0.90,4200,正常
2016/05/17 16:55:58,871cfd9203828cec3b04eab8b6a18c483d67c030,01e5025357d801ca0aec008d61cd29c308e12233,存款,现金充值机,100.0,100.90,4201,正常
2016/05/17 17:28:08,871cfd9203828cec3b04eab8b6a18c483d67c030,01e5025357d801ca0aec008d61cd29c308e12233,持卡人消费,九食堂商务网关,-3.5,97.40,4202,正常
2016/05/17 17:28:41,871cfd9203828cec3b04eab8b6a18c483d67c030,01e5025357d801ca0aec008d61cd29c308e12233,持卡人消费,九食堂商务网关,-1.4,96.00,4203,正常
2016/05/17 17:39:51,871cfd9203828cec3b04eab8b6a18c483d67c030,01e5025357d801ca0aec008d61cd29c308e12233,持卡人消费,九食堂商务网关,-3.5,92.50,4204,正常
2016/05/17 19:23:58,871cfd9203828cec3b04eab8b6a18c483d67c030,01e5025357d801ca0aec008d61cd29c308e12233,持卡人消费,学子便利店B07,-2.0,90.50,4205,正常
2016/05/18 07:04:19,871cfd9203828cec3b04eab8b6a18c483d67c030,01e5025357d801ca0aec008d61cd29c308e12233,持卡人消费,九食堂商务网关,-3.2,87.30,4206,正常
2016/05/18 07:06:31,871cfd9203828cec3b04eab8b6a18c483d67c030,01e5025357d801ca0aec008d61cd29c308e12233,持卡人消费,九食堂商务网关,-4.4,82.90,4207,正常
2016/05/18 07:07:18,871cfd9203828cec3b04eab8b6a18c483d67c030,01e5025357d801ca0aec008d61cd29c308e12233,持卡人消费,九食堂商务网关,-2.7,80.20,4208,正常
2016/05/18 11:25:08,871cfd9203828cec3b04eab8b6a18c483d67c030,01e5025357d801ca0aec008d61cd29c308e12233,持卡人消费,九食堂商务网关,-2.6,77.60,4209,正常
2016/05/18 11:26:35,871cfd9203828cec3b04eab8b6a18c483d67c030,01e5025357d801ca0aec008d61cd29c308e12233,持卡人消费,九食堂商务网关,-3.5,74.10,4210,正常
2016/05/18 11:27:05,871cfd9203828cec3b04eab8b6a18c483d67c030,01e5025357d801ca0aec008d61cd29c308e12233,持卡人消费,九食堂商务网关,-1.0,73.10,4211,正常
2016/05/18 21:00:39,871cfd9203828cec3b04eab8b6a18c483d67c030,01e5025357d801ca0aec008d61cd29c308e12233,持卡人消费,学子便利店B07,-2.0,71.10,4212,正常
2016/05/19 06:44:10,871cfd9203828cec3b04eab8b6a18c483d67c030,01e5025357d801ca0aec008d61cd29c308e12233,持卡人消费,九食堂商务网关,-3.2,67.90,4213,正常
2016/05/19 06:45:15,871cfd9203828cec3b04eab8b6a18c483d67c030,01e5025357d801ca0aec008d61cd29c308e12233,持卡人消费,九食堂商务网关,-3.6,64.30,4214,正常
2016/05/20 07:05:18,871cfd9203828cec3b04eab8b6a18c483d67c030,01e5025357d801ca0aec008d61cd29c308e12233,持卡人消费,九食堂商务网关,-3.2,61.10,4215,正常
2016/05/20 07:06:33,871cfd9203828cec3b04eab8b6a18c483d67c030,01e5025357d801ca0aec008d61cd29c308e12233,持卡人消费,九食堂商务网关,-0.4,60.70,4216,正常
2016/05/20 07:18:52,871cfd9203828cec3b04eab8b6a18c483d67c030,01e5025357d801ca0aec008d61cd29c308e12233,持卡人消费,学子便利店B07,-6.0,54.70,4217,正常
2016/05/20 07:18:58,871cfd9203828cec3b04eab8b6a18c483d67c030,01e5025357d801ca0aec008d61cd29c308e12233,持卡人消费,学子便利店B07,-3.8,50.90,4218,正常
2016/05/20 11:25:06,871cfd9203828cec3b04eab8b6a18c483d67c030,01e5025357d801ca0aec008d61cd29c308e12233,持卡人消费,九食堂商务网关,-3.5,47.40,4219,正常
2016/05/20 11:25:54,871cfd9203828cec3b04eab8b6a18c483d67c030,01e5025357d801ca0aec008d61cd29c308e12233,持卡人消费,九食堂商务网关,-2.0,45.40,4220,正常
2016/05/20 15:58:44,871cfd9203828cec3b04eab8b6a18c483d67c030,01e5025357d801ca0aec008d61cd29c308e12233,持卡人消费,学子便利店B07,-4.0,41.40,4221,正常
2016/05/20 19:04:10,871cfd9203828cec3b04eab8b6a18c483d67c030,01e5025357d801ca0aec008d61cd29c308e12233,持卡人消费,学子便利店B07,-2.4,39.00,4222,正常
2016/05/21 18:14:32,871cfd9203828cec3b04eab8b6a18c483d67c030,01e5025357d801ca0aec008d61cd29c308e12233,持卡人消费,学子便利店B07,-4.1,34.90,4223,正常
2016/05/22 08:09:21,871cfd9203828cec3b04eab8b6a18c483d67c030,01e5025357d801ca0aec008d61cd29c308e12233,持卡人消费,学子便利店B07,-6.6,28.30,4224,正常
2016/05/22 10:44:53,871cfd9203828cec3b04eab8b6a18c483d67c030,01e5025357d801ca0aec008d61cd29c308e12233,持卡人消费,九食堂商务网关,-5.0,23.30,4225,正常
2016/05/22 10:47:53,871cfd9203828cec3b04eab8b6a18c483d67c030,01e5025357d801ca0aec008d61cd29c308e12233,持卡人消费,九食堂商务网关,-11.0,12.30,4226,正常
2016/05/22 11:04:34,871cfd9203828cec3b04eab8b6a18c483d67c030,01e5025357d801ca0aec008d61cd29c308e12233,持卡人消费,九食堂商务网关,-3.0,9.30,4227,正常
2016/05/22 18:26:48,871cfd9203828cec3b04eab8b6a18c483d67c030,01e5025357d801ca0aec008d61cd29c308e12233,持卡人消费,二区水控,-3.0,6.30,4228,正常
2016/05/23 06:20:53,871cfd9203828cec3b04eab8b6a18c483d67c030,01e5025357d801ca0aec008d61cd29c308e12233,存款,现金充值机,100.0,106.30,4229,正常
2016/05/23 06:52:37,871cfd9203828cec3b04eab8b6a18c483d67c030,01e5025357d801ca0aec008d61cd29c308e12233,持卡人消费,九食堂商务网关,-3.2,103.10,4230,正常
2016/05/23 06:53:05,871cfd9203828cec3b04eab8b6a18c483d67c030,01e5025357d801ca0aec008d61cd29c308e12233,持卡人消费,九食堂商务网关,-0.4,102.70,4231,正常
2016/05/23 07:23:30,871cfd9203828cec3b04eab8b6a18c483d67c030,01e5025357d801ca0aec008d61cd29c308e12233,持卡人消费,学子便利店B07,-1.2,101.50,4232,正常
2016/05/23 12:19:32,871cfd9203828cec3b04eab8b6a18c483d67c030,01e5025357d801ca0aec008d61cd29c308e12233,持卡人消费,硕果园（工大商店）,-10.0,91.50,4233,正常
2016/05/23 12:35:30,871cfd9203828cec3b04eab8b6a18c483d67c030,01e5025357d801ca0aec008d61cd29c308e12233,持卡人消费,硕果园（工大商店）,-6.0,85.50,4234,正常
2016/05/23 16:31:03,871cfd9203828cec3b04eab8b6a18c483d67c030,01e5025357d801ca0aec008d61cd29c308e12233,持卡人消费,硕果园（工大商店）,-7.0,78.50,4235,正常
2016/05/23 20:19:54,871cfd9203828cec3b04eab8b6a18c483d67c030,01e5025357d801ca0aec008d61cd29c308e12233,持卡人消费,学子便利店B07,-6.0,72.50,4236,正常
2016/05/24 10:46:54,871cfd9203828cec3b04eab8b6a18c483d67c030,01e5025357d801ca0aec008d61cd29c308e12233,持卡人消费,学子便利店B07,-11.0,61.50,4237,正常
2016/05/24 16:09:40,871cfd9203828cec3b04eab8b6a18c483d67c030,01e5025357d801ca0aec008d61cd29c308e12233,持卡人消费,硕果园（工大商店）,-24.0,37.50,4238,正常
2016/05/24 16:11:03,871cfd9203828cec3b04eab8b6a18c483d67c030,01e5025357d801ca0aec008d61cd29c308e12233,持卡人消费,硕果园（工大商店）,-7.0,30.50,4239,正常
2016/05/25 07:14:35,871cfd9203828cec3b04eab8b6a18c483d67c030,01e5025357d801ca0aec008d61cd29c308e12233,持卡人消费,九食堂商务网关,-3.2,27.30,4240,正常
2016/05/25 07:15:07,871cfd9203828cec3b04eab8b6a18c483d67c030,01e5025357d801ca0aec008d61cd29c308e12233,持卡人消费,九食堂商务网关,-0.4,26.90,4241,正常
2016/05/25 08:18:11,871cfd9203828cec3b04eab8b6a18c483d67c030,01e5025357d801ca0aec008d61cd29c308e12233,存款,现金充值机,100.0,126.90,4242,正常
2016/05/25 08:47:05,871cfd9203828cec3b04eab8b6a18c483d67c030,01e5025357d801ca0aec008d61cd29c308e12233,持卡人消费,网络中心,-30.0,96.90,4243,正常
2016/05/25 11:11:44,871cfd9203828cec3b04eab8b6a18c483d67c030,01e5025357d801ca0aec008d61cd29c308e12233,持卡人消费,九食堂商务网关,-3.5,93.40,4244,正常
2016/05/25 11:12:00,871cfd9203828cec3b04eab8b6a18c483d67c030,01e5025357d801ca0aec008d61cd29c308e12233,持卡人消费,九食堂商务网关,-0.4,93.00,4245,正常
2016/05/25 11:12:22,871cfd9203828cec3b04eab8b6a18c483d67c030,01e5025357d801ca0aec008d61cd29c308e12233,持卡人消费,九食堂商务网关,-1.0,92.00,4246,正常
2016/05/25 18:14:02,871cfd9203828cec3b04eab8b6a18c483d67c030,01e5025357d801ca0aec008d61cd29c308e12233,持卡人消费,学子便利店B07,-4.4,87.60,4247,正常
2016/05/26 07:27:42,871cfd9203828cec3b04eab8b6a18c483d67c030,01e5025357d801ca0aec008d61cd29c308e12233,持卡人消费,九食堂商务网关,-3.2,84.40,4248,正常
2016/05/26 07:28:16,871cfd9203828cec3b04eab8b6a18c483d67c030,01e5025357d801ca0aec008d61cd29c308e12233,持卡人消费,九食堂商务网关,-0.4,84.00,4249,正常
2016/05/26 12:06:16,871cfd9203828cec3b04eab8b6a18c483d67c030,01e5025357d801ca0aec008d61cd29c308e12233,持卡人消费,硕果园（工大商店）,-12.0,72.00,4250,正常
2016/05/26 12:08:55,871cfd9203828cec3b04eab8b6a18c483d67c030,01e5025357d801ca0aec008d61cd29c308e12233,持卡人消费,硕果园（工大商店）,-4.0,68.00,4251,正常
2016/05/26 19:15:41,871cfd9203828cec3b04eab8b6a18c483d67c030,01e5025357d801ca0aec008d61cd29c308e12233,持卡人消费,学子便利店B07,-4.0,64.00,4252,正常
2016/05/27 07:16:56,871cfd9203828cec3b04eab8b6a18c483d67c030,01e5025357d801ca0aec008d61cd29c308e12233,持卡人消费,九食堂商务网关,-3.2,60.80,4253,正常
2016/05/27 07:17:20,871cfd9203828cec3b04eab8b6a18c483d67c030,01e5025357d801ca0aec008d61cd29c308e12233,持卡人消费,九食堂商务网关,-0.4,60.40,4254,正常
2016/05/27 11:10:55,871cfd9203828cec3b04eab8b6a18c483d67c030,01e5025357d801ca0aec008d61cd29c308e12233,持卡人消费,九食堂商务网关,-10.0,50.40,4255,正常
2016/05/27 17:43:24,871cfd9203828cec3b04eab8b6a18c483d67c030,01e5025357d801ca0aec008d61cd29c308e12233,持卡人消费,学子便利店B07,-3.4,47.00,4256,正常
2016/05/27 19:36:06,871cfd9203828cec3b04eab8b6a18c483d67c030,01e5025357d801ca0aec008d61cd29c308e12233,持卡人消费,学子便利店B07,-2.0,45.00,4257,正常
2016/05/28 07:23:03,871cfd9203828cec3b04eab8b6a18c483d67c030,01e5025357d801ca0aec008d61cd29c308e12233,持卡人消费,九食堂商务网关,-3.0,42.00,4258,正常
2016/05/28 07:23:15,871cfd9203828cec3b04eab8b6a18c483d67c030,01e5025357d801ca0aec008d61cd29c308e12233,持卡人消费,九食堂商务网关,-0.1,41.90,4259,正常
2016/05/28 07:24:00,871cfd9203828cec3b04eab8b6a18c483d67c030,01e5025357d801ca0aec008d61cd29c308e12233,持卡人消费,九食堂商务网关,-1.0,40.90,4260,正常
2016/05/28 11:05:28,871cfd9203828cec3b04eab8b6a18c483d67c030,01e5025357d801ca0aec008d61cd29c308e12233,持卡人消费,硕果园（工大商店）,-10.0,30.90,4261,正常
2016/05/28 17:45:23,871cfd9203828cec3b04eab8b6a18c483d67c030,01e5025357d801ca0aec008d61cd29c308e12233,持卡人消费,学子便利店B07,-3.4,27.50,4262,正常
2016/05/29 20:37:50,871cfd9203828cec3b04eab8b6a18c483d67c030,01e5025357d801ca0aec008d61cd29c308e12233,持卡人消费,学子便利店B07,-6.2,21.30,4263,正常
2016/05/30 06:58:56,871cfd9203828cec3b04eab8b6a18c483d67c030,01e5025357d801ca0aec008d61cd29c308e12233,持卡人消费,九食堂商务网关,-3.2,18.10,4264,正常
2016/05/30 07:00:07,871cfd9203828cec3b04eab8b6a18c483d67c030,01e5025357d801ca0aec008d61cd29c308e12233,持卡人消费,九食堂商务网关,-0.4,17.70,4265,正常
2016/05/30 11:16:47,871cfd9203828cec3b04eab8b6a18c483d67c030,01e5025357d801ca0aec008d61cd29c308e12233,持卡人消费,九食堂商务网关,-1.4,16.30,4266,正常
2016/05/30 11:17:47,871cfd9203828cec3b04eab8b6a18c483d67c030,01e5025357d801ca0aec008d61cd29c308e12233,持卡人消费,九食堂商务网关,-3.5,12.80,4267,正常
2016/05/30 16:01:20,871cfd9203828cec3b04eab8b6a18c483d67c030,01e5025357d801ca0aec008d61cd29c308e12233,持卡人消费,学子便利店B07,-3.0,9.80,4268,正常
2016/05/30 20:15:16,871cfd9203828cec3b04eab8b6a18c483d67c030,01e5025357d801ca0aec008d61cd29c308e12233,持卡人消费,学子便利店B07,-2.0,7.80,4269,正常
2016/05/31 06:25:53,871cfd9203828cec3b04eab8b6a18c483d67c030,01e5025357d801ca0aec008d61cd29c308e12233,存款,现金充值机,100.0,107.80,4270,正常
2016/05/31 06:58:03,871cfd9203828cec3b04eab8b6a18c483d67c030,01e5025357d801ca0aec008d61cd29c308e12233,持卡人消费,九食堂商务网关,-3.2,104.60,4271,正常
2016/05/31 06:58:30,871cfd9203828cec3b04eab8b6a18c483d67c030,01e5025357d801ca0aec008d61cd29c308e12233,持卡人消费,九食堂商务网关,-0.4,104.20,4272,正常
2016/05/31 11:22:25,871cfd9203828cec3b04eab8b6a18c483d67c030,01e5025357d801ca0aec008d61cd29c308e12233,持卡人消费,五食堂商务网关,-0.4,103.80,4273,正常
2016/05/31 11:22:44,871cfd9203828cec3b04eab8b6a18c483d67c030,01e5025357d801ca0aec008d61cd29c308e12233,持卡人消费,五食堂商务网关,-1.5,102.30,4274,正常
2016/05/31 11:23:22,871cfd9203828cec3b04eab8b6a18c483d67c030,01e5025357d801ca0aec008d61cd29c308e12233,持卡人消费,五食堂商务网关,-2.5,99.80,4275,正常
2016/05/31 15:59:56,871cfd9203828cec3b04eab8b6a18c483d67c030,01e5025357d801ca0aec008d61cd29c308e12233,持卡人消费,学子便利店B07,-5.5,94.30,4276,正常
2016/05/31 17:28:42,871cfd9203828cec3b04eab8b6a18c483d67c030,01e5025357d801ca0aec008d61cd29c308e12233,持卡人消费,九食堂商务网关,-1.4,92.90,4277,正常
2016/05/31 19:44:04,871cfd9203828cec3b04eab8b6a18c483d67c030,01e5025357d801ca0aec008d61cd29c308e12233,持卡人消费,学子便利店B07,-6.4,86.50,4278,正常
2016/05/31 21:00:15,871cfd9203828cec3b04eab8b6a18c483d67c030,01e5025357d801ca0aec008d61cd29c308e12233,持卡人消费,学子便利店B07,-7.5,79.00,4279,正常
