交易发生时间,学号,姓名,交易类型,子系统名称,交易额,现有余额,次数,状态
2016/05/07 18:02:22,d342224ab7f409f5da1ff7bfdced69ebeb638ba4,029445e95f582e1aefc1f21abf173bcacce4a69b,持卡人消费,一校区水控新,-2.0,27.98,3910,正常
2016/05/10 14:45:28,d342224ab7f409f5da1ff7bfdced69ebeb638ba4,029445e95f582e1aefc1f21abf173bcacce4a69b,持卡人消费,一校区水控新,-2.0,25.98,3911,正常
2016/05/10 14:48:03,d342224ab7f409f5da1ff7bfdced69ebeb638ba4,029445e95f582e1aefc1f21abf173bcacce4a69b,持卡人消费,一校区水控新,-0.48,25.50,3913,正常
2016/05/12 17:16:44,d342224ab7f409f5da1ff7bfdced69ebeb638ba4,029445e95f582e1aefc1f21abf173bcacce4a69b,持卡人消费,一校区水控新,-1.5,24.00,3915,正常
2016/05/12 17:26:26,d342224ab7f409f5da1ff7bfdced69ebeb638ba4,029445e95f582e1aefc1f21abf173bcacce4a69b,持卡人消费,一校区水控新,-1.52,22.48,3917,正常
2016/05/12 19:01:58,d342224ab7f409f5da1ff7bfdced69ebeb638ba4,029445e95f582e1aefc1f21abf173bcacce4a69b,持卡人消费,一校区水控新,-2.0,20.48,3918,正常
2016/05/12 19:03:32,d342224ab7f409f5da1ff7bfdced69ebeb638ba4,029445e95f582e1aefc1f21abf173bcacce4a69b,持卡人消费,一校区水控新,-0.29,20.19,3920,正常
2016/05/13 20:33:37,d342224ab7f409f5da1ff7bfdced69ebeb638ba4,029445e95f582e1aefc1f21abf173bcacce4a69b,持卡人消费,学子便利店A01后楼,-0.1,20.09,3921,正常
2016/05/14 17:58:01,d342224ab7f409f5da1ff7bfdced69ebeb638ba4,029445e95f582e1aefc1f21abf173bcacce4a69b,持卡人消费,学子便利店A01后楼,-1.5,18.59,3922,正常
2016/05/15 17:18:54,d342224ab7f409f5da1ff7bfdced69ebeb638ba4,029445e95f582e1aefc1f21abf173bcacce4a69b,持卡人消费,一校区水控新,-2.0,16.59,3923,正常
2016/05/15 17:21:32,d342224ab7f409f5da1ff7bfdced69ebeb638ba4,029445e95f582e1aefc1f21abf173bcacce4a69b,持卡人消费,一校区水控新,-0.48,16.11,3925,正常
2016/05/15 18:41:58,d342224ab7f409f5da1ff7bfdced69ebeb638ba4,029445e95f582e1aefc1f21abf173bcacce4a69b,持卡人消费,超市商务子系统,-0.7,15.41,3926,正常
2016/05/17 20:44:18,d342224ab7f409f5da1ff7bfdced69ebeb638ba4,029445e95f582e1aefc1f21abf173bcacce4a69b,持卡人消费,学子便利店A01后楼,-0.1,15.31,3927,正常
2016/05/18 15:01:20,d342224ab7f409f5da1ff7bfdced69ebeb638ba4,029445e95f582e1aefc1f21abf173bcacce4a69b,持卡人消费,A1,-3.0,12.31,3928,正常
2016/05/18 15:15:18,d342224ab7f409f5da1ff7bfdced69ebeb638ba4,029445e95f582e1aefc1f21abf173bcacce4a69b,持卡人消费,一校区水控新,-1.78,10.53,3930,正常
2016/05/18 19:37:28,d342224ab7f409f5da1ff7bfdced69ebeb638ba4,029445e95f582e1aefc1f21abf173bcacce4a69b,持卡人消费,超市商务子系统,-0.9,9.63,3931,正常
2016/05/19 19:31:18,d342224ab7f409f5da1ff7bfdced69ebeb638ba4,029445e95f582e1aefc1f21abf173bcacce4a69b,持卡人消费,超市商务子系统,-0.8,8.83,3932,正常
2016/05/20 15:31:29,d342224ab7f409f5da1ff7bfdced69ebeb638ba4,029445e95f582e1aefc1f21abf173bcacce4a69b,持卡人消费,一校区水控新,-2.0,6.83,3933,正常
2016/05/20 15:32:03,d342224ab7f409f5da1ff7bfdced69ebeb638ba4,029445e95f582e1aefc1f21abf173bcacce4a69b,持卡人消费,一校区水控新,-0.1,6.73,3935,正常
2016/05/22 18:19:18,d342224ab7f409f5da1ff7bfdced69ebeb638ba4,029445e95f582e1aefc1f21abf173bcacce4a69b,持卡人消费,超市商务子系统,-0.9,5.83,3936,正常
2016/05/23 09:11:57,d342224ab7f409f5da1ff7bfdced69ebeb638ba4,029445e95f582e1aefc1f21abf173bcacce4a69b,持卡人消费,学士楼商务网关,-2.7,3.13,3937,正常
2016/05/23 09:29:18,d342224ab7f409f5da1ff7bfdced69ebeb638ba4,029445e95f582e1aefc1f21abf173bcacce4a69b,存款,卡中心综合业务,100.0,103.13,3938,正常
2016/05/23 09:35:34,d342224ab7f409f5da1ff7bfdced69ebeb638ba4,029445e95f582e1aefc1f21abf173bcacce4a69b,持卡人消费,一区图书馆APOS,-3.5,99.63,3939,正常
2016/05/23 11:29:59,d342224ab7f409f5da1ff7bfdced69ebeb638ba4,029445e95f582e1aefc1f21abf173bcacce4a69b,持卡人消费,硕果园（工大商店）,-12.0,87.63,3940,正常
2016/05/23 15:27:05,d342224ab7f409f5da1ff7bfdced69ebeb638ba4,029445e95f582e1aefc1f21abf173bcacce4a69b,持卡人消费,一校区水控新,-2.0,85.63,3941,正常
2016/05/23 15:31:59,d342224ab7f409f5da1ff7bfdced69ebeb638ba4,029445e95f582e1aefc1f21abf173bcacce4a69b,持卡人消费,一校区水控新,-0.91,84.72,3943,正常
2016/05/23 17:07:27,d342224ab7f409f5da1ff7bfdced69ebeb638ba4,029445e95f582e1aefc1f21abf173bcacce4a69b,持卡人消费,学苑楼商务网关,-3.6,81.12,3944,正常
2016/05/23 17:08:17,d342224ab7f409f5da1ff7bfdced69ebeb638ba4,029445e95f582e1aefc1f21abf173bcacce4a69b,持卡人消费,学苑楼商务网关,-6.0,75.12,3945,正常
2016/05/23 17:08:45,d342224ab7f409f5da1ff7bfdced69ebeb638ba4,029445e95f582e1aefc1f21abf173bcacce4a69b,持卡人消费,学苑楼商务网关,-4.0,71.12,3946,正常
2016/05/25 13:09:52,d342224ab7f409f5da1ff7bfdced69ebeb638ba4,029445e95f582e1aefc1f21abf173bcacce4a69b,持卡人消费,一校区水控新,-2.0,69.12,3947,正常
2016/05/25 13:10:55,d342224ab7f409f5da1ff7bfdced69ebeb638ba4,029445e95f582e1aefc1f21abf173bcacce4a69b,持卡人消费,一校区水控新,-0.19,68.93,3949,正常
2016/05/25 17:27:59,d342224ab7f409f5da1ff7bfdced69ebeb638ba4,029445e95f582e1aefc1f21abf173bcacce4a69b,持卡人消费,硕果园（工大商店）,-6.0,62.93,3950,正常
2016/05/25 17:28:07,d342224ab7f409f5da1ff7bfdced69ebeb638ba4,029445e95f582e1aefc1f21abf173bcacce4a69b,持卡人消费,硕果园（工大商店）,-16.0,46.93,3951,正常
2016/05/25 17:29:07,d342224ab7f409f5da1ff7bfdced69ebeb638ba4,029445e95f582e1aefc1f21abf173bcacce4a69b,持卡人消费,硕果园（工大商店）,-8.0,38.93,3952,正常
2016/05/26 13:18:43,d342224ab7f409f5da1ff7bfdced69ebeb638ba4,029445e95f582e1aefc1f21abf173bcacce4a69b,持卡人消费,超市商务子系统,-15.5,23.43,3953,正常
2016/05/27 10:56:34,d342224ab7f409f5da1ff7bfdced69ebeb638ba4,029445e95f582e1aefc1f21abf173bcacce4a69b,持卡人消费,硕果园（工大商店）,-10.0,13.43,3954,正常
2016/05/27 17:02:31,d342224ab7f409f5da1ff7bfdced69ebeb638ba4,029445e95f582e1aefc1f21abf173bcacce4a69b,持卡人消费,一校区水控新,-2.0,11.43,3955,正常
2016/05/27 17:06:01,d342224ab7f409f5da1ff7bfdced69ebeb638ba4,029445e95f582e1aefc1f21abf173bcacce4a69b,持卡人消费,一校区水控新,-0.66,10.77,3957,正常
2016/05/29 15:38:33,d342224ab7f409f5da1ff7bfdced69ebeb638ba4,029445e95f582e1aefc1f21abf173bcacce4a69b,持卡人消费,超市商务子系统,-2.8,7.97,3958,正常
2016/05/29 15:39:37,d342224ab7f409f5da1ff7bfdced69ebeb638ba4,029445e95f582e1aefc1f21abf173bcacce4a69b,持卡人消费,超市商务子系统,-0.5,7.47,3959,正常
2016/05/30 13:04:26,d342224ab7f409f5da1ff7bfdced69ebeb638ba4,029445e95f582e1aefc1f21abf173bcacce4a69b,持卡人消费,一校区水控新,-2.0,5.47,3960,正常
2016/05/30 13:05:22,d342224ab7f409f5da1ff7bfdced69ebeb638ba4,029445e95f582e1aefc1f21abf173bcacce4a69b,持卡人消费,一校区水控新,-0.12,5.35,3961,正常
