交易发生时间,学号,姓名,交易类型,子系统名称,交易额,现有余额,次数,状态
2016/05/01 13:59:35,7de6c1a878d78f4254b6e18a5bd6f2d89bdafc41,0298518abe0d4bb6bce1e25cec2cbd35ff2e3626,持卡人消费,硕果园（工大商店）,-3.0,21.74,2332,正常
2016/05/05 10:05:34,7de6c1a878d78f4254b6e18a5bd6f2d89bdafc41,0298518abe0d4bb6bce1e25cec2cbd35ff2e3626,持卡人消费,硕果园（工大商店）,-3.0,18.74,2333,正常
2016/05/07 08:05:15,7de6c1a878d78f4254b6e18a5bd6f2d89bdafc41,0298518abe0d4bb6bce1e25cec2cbd35ff2e3626,持卡人消费,学苑楼商务网关,-2.6,16.14,2334,正常
2016/05/11 18:21:28,7de6c1a878d78f4254b6e18a5bd6f2d89bdafc41,0298518abe0d4bb6bce1e25cec2cbd35ff2e3626,持卡人消费,学士楼商务网关,-8.0,8.14,2335,正常
2016/05/11 18:28:52,7de6c1a878d78f4254b6e18a5bd6f2d89bdafc41,0298518abe0d4bb6bce1e25cec2cbd35ff2e3626,持卡人消费,学士楼商务网关,-2.0,6.14,2336,正常
2016/05/12 11:26:30,7de6c1a878d78f4254b6e18a5bd6f2d89bdafc41,0298518abe0d4bb6bce1e25cec2cbd35ff2e3626,存款,卡中心综合业务,100.0,106.14,2337,正常
2016/05/12 11:28:22,7de6c1a878d78f4254b6e18a5bd6f2d89bdafc41,0298518abe0d4bb6bce1e25cec2cbd35ff2e3626,持卡人消费,学苑楼商务网关,-8.8,97.34,2338,正常
2016/05/14 11:48:38,7de6c1a878d78f4254b6e18a5bd6f2d89bdafc41,0298518abe0d4bb6bce1e25cec2cbd35ff2e3626,持卡人消费,学苑楼商务网关,-8.8,88.54,2339,正常
2016/05/16 16:57:08,7de6c1a878d78f4254b6e18a5bd6f2d89bdafc41,0298518abe0d4bb6bce1e25cec2cbd35ff2e3626,持卡人消费,南苑网关,-12.96,75.58,2340,正常
2016/05/20 13:45:54,7de6c1a878d78f4254b6e18a5bd6f2d89bdafc41,0298518abe0d4bb6bce1e25cec2cbd35ff2e3626,持卡人消费,硕果园（工大商店）,-3.0,72.58,2341,正常
2016/05/20 13:50:55,7de6c1a878d78f4254b6e18a5bd6f2d89bdafc41,0298518abe0d4bb6bce1e25cec2cbd35ff2e3626,持卡人消费,硕果园（工大商店）,-12.1,60.48,2342,正常
2016/05/20 19:56:51,7de6c1a878d78f4254b6e18a5bd6f2d89bdafc41,0298518abe0d4bb6bce1e25cec2cbd35ff2e3626,持卡人消费,硕果园（工大商店）,-12.0,48.48,2343,正常
2016/05/20 19:57:23,7de6c1a878d78f4254b6e18a5bd6f2d89bdafc41,0298518abe0d4bb6bce1e25cec2cbd35ff2e3626,持卡人消费,硕果园（工大商店）,-8.0,40.48,2344,正常
2016/05/23 17:37:06,7de6c1a878d78f4254b6e18a5bd6f2d89bdafc41,0298518abe0d4bb6bce1e25cec2cbd35ff2e3626,持卡人消费,南苑网关,-17.28,23.20,2345,正常
2016/05/23 17:51:29,7de6c1a878d78f4254b6e18a5bd6f2d89bdafc41,0298518abe0d4bb6bce1e25cec2cbd35ff2e3626,持卡人消费,南苑网关,-18.0,5.20,2346,正常
2016/05/24 17:53:40,7de6c1a878d78f4254b6e18a5bd6f2d89bdafc41,0298518abe0d4bb6bce1e25cec2cbd35ff2e3626,存款,学苑楼综合业务2,100.0,105.20,2347,正常
2016/05/24 17:56:24,7de6c1a878d78f4254b6e18a5bd6f2d89bdafc41,0298518abe0d4bb6bce1e25cec2cbd35ff2e3626,持卡人消费,学苑楼商务网关,-8.8,96.40,2348,正常
2016/05/24 17:57:52,7de6c1a878d78f4254b6e18a5bd6f2d89bdafc41,0298518abe0d4bb6bce1e25cec2cbd35ff2e3626,持卡人消费,学苑楼商务网关,-6.0,90.40,2349,正常
2016/05/24 17:59:37,7de6c1a878d78f4254b6e18a5bd6f2d89bdafc41,0298518abe0d4bb6bce1e25cec2cbd35ff2e3626,持卡人消费,学苑楼商务网关,-1.5,88.90,2350,正常
2016/05/24 18:24:56,7de6c1a878d78f4254b6e18a5bd6f2d89bdafc41,0298518abe0d4bb6bce1e25cec2cbd35ff2e3626,持卡人消费,超市商务子系统,-18.0,70.90,2351,正常
2016/05/25 11:06:20,7de6c1a878d78f4254b6e18a5bd6f2d89bdafc41,0298518abe0d4bb6bce1e25cec2cbd35ff2e3626,持卡人消费,学苑楼商务网关,-8.8,62.10,2352,正常
2016/05/25 17:47:25,7de6c1a878d78f4254b6e18a5bd6f2d89bdafc41,0298518abe0d4bb6bce1e25cec2cbd35ff2e3626,持卡人消费,学苑楼商务网关,-8.0,54.10,2353,正常
2016/05/27 17:51:07,7de6c1a878d78f4254b6e18a5bd6f2d89bdafc41,0298518abe0d4bb6bce1e25cec2cbd35ff2e3626,持卡人消费,南苑网关,-12.24,41.86,2354,正常
