交易发生时间,学号,姓名,交易类型,子系统名称,交易额,现有余额,次数,状态
2016/05/01 11:35:44,09ed0e35b38106f0d666471c49b3d4ef083e62e6,030d8b7b6fb9e57dc8d70fd6b2d27270809bdabc,持卡人消费,学子便利店A01后楼,-3.8,30.79,4047,正常
2016/05/02 09:49:48,09ed0e35b38106f0d666471c49b3d4ef083e62e6,030d8b7b6fb9e57dc8d70fd6b2d27270809bdabc,持卡人消费,学子便利店A01后楼,-12.8,17.99,4048,正常
2016/05/02 17:59:16,09ed0e35b38106f0d666471c49b3d4ef083e62e6,030d8b7b6fb9e57dc8d70fd6b2d27270809bdabc,持卡人消费,学子便利店A01后楼,-3.8,14.19,4049,正常
2016/05/02 21:35:07,09ed0e35b38106f0d666471c49b3d4ef083e62e6,030d8b7b6fb9e57dc8d70fd6b2d27270809bdabc,持卡人消费,学子便利店A01后楼,-7.5,6.69,4050,正常
2016/05/03 13:40:29,09ed0e35b38106f0d666471c49b3d4ef083e62e6,030d8b7b6fb9e57dc8d70fd6b2d27270809bdabc,持卡人消费,学子便利店A01后楼,-0.1,6.59,4051,正常
2016/05/04 16:26:22,09ed0e35b38106f0d666471c49b3d4ef083e62e6,030d8b7b6fb9e57dc8d70fd6b2d27270809bdabc,存款,现金充值机,100.0,106.59,4052,正常
2016/05/04 16:48:50,09ed0e35b38106f0d666471c49b3d4ef083e62e6,030d8b7b6fb9e57dc8d70fd6b2d27270809bdabc,持卡人消费,学士楼商务网关,-1.0,105.59,4053,正常
2016/05/04 16:49:04,09ed0e35b38106f0d666471c49b3d4ef083e62e6,030d8b7b6fb9e57dc8d70fd6b2d27270809bdabc,持卡人消费,学士楼商务网关,-1.0,104.59,4054,正常
2016/05/04 16:50:47,09ed0e35b38106f0d666471c49b3d4ef083e62e6,030d8b7b6fb9e57dc8d70fd6b2d27270809bdabc,持卡人消费,学士楼商务网关,-4.6,99.99,4055,正常
2016/05/04 17:14:49,09ed0e35b38106f0d666471c49b3d4ef083e62e6,030d8b7b6fb9e57dc8d70fd6b2d27270809bdabc,持卡人消费,超市商务子系统,-1.6,98.39,4056,正常
2016/05/04 17:21:21,09ed0e35b38106f0d666471c49b3d4ef083e62e6,030d8b7b6fb9e57dc8d70fd6b2d27270809bdabc,持卡人消费,A1,-6.0,92.39,4057,正常
2016/05/05 09:41:03,09ed0e35b38106f0d666471c49b3d4ef083e62e6,030d8b7b6fb9e57dc8d70fd6b2d27270809bdabc,持卡人消费,学子便利店A01后楼,-11.2,81.19,4058,正常
2016/05/05 20:45:43,09ed0e35b38106f0d666471c49b3d4ef083e62e6,030d8b7b6fb9e57dc8d70fd6b2d27270809bdabc,持卡人消费,学子超市园丁总店,-9.4,71.79,4059,正常
2016/05/06 09:18:36,09ed0e35b38106f0d666471c49b3d4ef083e62e6,030d8b7b6fb9e57dc8d70fd6b2d27270809bdabc,持卡人消费,学子便利店A01后楼,-9.3,62.49,4060,正常
2016/05/07 09:33:02,09ed0e35b38106f0d666471c49b3d4ef083e62e6,030d8b7b6fb9e57dc8d70fd6b2d27270809bdabc,持卡人消费,学子便利店A01后楼,-9.3,53.19,4061,正常
2016/05/07 15:21:56,09ed0e35b38106f0d666471c49b3d4ef083e62e6,030d8b7b6fb9e57dc8d70fd6b2d27270809bdabc,持卡人消费,一校区水控新,-0.54,52.65,4063,正常
2016/05/07 15:30:23,09ed0e35b38106f0d666471c49b3d4ef083e62e6,030d8b7b6fb9e57dc8d70fd6b2d27270809bdabc,持卡人消费,一校区水控新,-1.09,51.56,4065,正常
2016/05/07 17:41:24,09ed0e35b38106f0d666471c49b3d4ef083e62e6,030d8b7b6fb9e57dc8d70fd6b2d27270809bdabc,持卡人消费,学子便利店A01后楼,-11.7,39.86,4066,正常
2016/05/08 08:54:49,09ed0e35b38106f0d666471c49b3d4ef083e62e6,030d8b7b6fb9e57dc8d70fd6b2d27270809bdabc,持卡人消费,学子便利店A01后楼,-11.2,28.66,4067,正常
2016/05/09 11:37:41,09ed0e35b38106f0d666471c49b3d4ef083e62e6,030d8b7b6fb9e57dc8d70fd6b2d27270809bdabc,持卡人消费,学子便利店A01后楼,-3.9,24.76,4068,正常
2016/05/10 17:12:47,09ed0e35b38106f0d666471c49b3d4ef083e62e6,030d8b7b6fb9e57dc8d70fd6b2d27270809bdabc,持卡人消费,学子超市园丁总店,-2.7,22.06,4069,正常
2016/05/11 11:13:14,09ed0e35b38106f0d666471c49b3d4ef083e62e6,030d8b7b6fb9e57dc8d70fd6b2d27270809bdabc,持卡人消费,学士楼商务网关,-7.0,15.06,4070,正常
2016/05/11 11:31:03,09ed0e35b38106f0d666471c49b3d4ef083e62e6,030d8b7b6fb9e57dc8d70fd6b2d27270809bdabc,持卡人消费,超市商务子系统,-5.8,9.26,4071,正常
2016/05/11 17:10:44,09ed0e35b38106f0d666471c49b3d4ef083e62e6,030d8b7b6fb9e57dc8d70fd6b2d27270809bdabc,持卡人消费,学士楼商务网关,-1.0,8.26,4072,正常
2016/05/11 17:11:46,09ed0e35b38106f0d666471c49b3d4ef083e62e6,030d8b7b6fb9e57dc8d70fd6b2d27270809bdabc,持卡人消费,学士楼商务网关,-4.6,3.66,4073,正常
2016/05/12 10:49:55,09ed0e35b38106f0d666471c49b3d4ef083e62e6,030d8b7b6fb9e57dc8d70fd6b2d27270809bdabc,持卡人消费,学子便利店A01后楼,-3.0,0.66,4074,正常
2016/05/12 17:46:32,09ed0e35b38106f0d666471c49b3d4ef083e62e6,030d8b7b6fb9e57dc8d70fd6b2d27270809bdabc,存款,现金充值机,100.0,100.66,4075,正常
2016/05/12 18:11:35,09ed0e35b38106f0d666471c49b3d4ef083e62e6,030d8b7b6fb9e57dc8d70fd6b2d27270809bdabc,持卡人消费,超市商务子系统,-0.6,100.06,4076,正常
2016/05/13 16:55:01,09ed0e35b38106f0d666471c49b3d4ef083e62e6,030d8b7b6fb9e57dc8d70fd6b2d27270809bdabc,持卡人消费,超市商务子系统,-17.0,83.06,4077,正常
2016/05/13 17:36:13,09ed0e35b38106f0d666471c49b3d4ef083e62e6,030d8b7b6fb9e57dc8d70fd6b2d27270809bdabc,持卡人消费,学子便利店A01后楼,-4.5,78.56,4078,正常
2016/05/14 10:35:06,09ed0e35b38106f0d666471c49b3d4ef083e62e6,030d8b7b6fb9e57dc8d70fd6b2d27270809bdabc,持卡人消费,学子便利店A01后楼,-3.0,75.56,4079,正常
2016/05/14 13:50:14,09ed0e35b38106f0d666471c49b3d4ef083e62e6,030d8b7b6fb9e57dc8d70fd6b2d27270809bdabc,持卡人消费,学子超市园丁总店,-5.0,70.56,4080,正常
2016/05/14 15:05:21,09ed0e35b38106f0d666471c49b3d4ef083e62e6,030d8b7b6fb9e57dc8d70fd6b2d27270809bdabc,持卡人消费,学子超市园丁总店,-7.5,63.06,4081,正常
2016/05/15 10:31:42,09ed0e35b38106f0d666471c49b3d4ef083e62e6,030d8b7b6fb9e57dc8d70fd6b2d27270809bdabc,持卡人消费,学子便利店A01后楼,-3.0,60.06,4082,正常
2016/05/15 16:40:07,09ed0e35b38106f0d666471c49b3d4ef083e62e6,030d8b7b6fb9e57dc8d70fd6b2d27270809bdabc,持卡人消费,学子超市园丁总店,-7.8,52.26,4083,正常
2016/05/15 16:40:16,09ed0e35b38106f0d666471c49b3d4ef083e62e6,030d8b7b6fb9e57dc8d70fd6b2d27270809bdabc,持卡人消费,A1,-9.0,43.26,4084,正常
2016/05/15 16:40:34,09ed0e35b38106f0d666471c49b3d4ef083e62e6,030d8b7b6fb9e57dc8d70fd6b2d27270809bdabc,持卡人消费,A1,-6.0,37.26,4085,正常
2016/05/16 11:16:29,09ed0e35b38106f0d666471c49b3d4ef083e62e6,030d8b7b6fb9e57dc8d70fd6b2d27270809bdabc,持卡人消费,学士楼商务网关,-6.0,31.26,4086,正常
2016/05/16 11:32:30,09ed0e35b38106f0d666471c49b3d4ef083e62e6,030d8b7b6fb9e57dc8d70fd6b2d27270809bdabc,持卡人消费,超市商务子系统,-16.3,14.96,4087,正常
2016/05/16 18:36:31,09ed0e35b38106f0d666471c49b3d4ef083e62e6,030d8b7b6fb9e57dc8d70fd6b2d27270809bdabc,持卡人消费,学子超市园丁总店,-3.0,11.96,4088,正常
2016/05/17 09:51:12,09ed0e35b38106f0d666471c49b3d4ef083e62e6,030d8b7b6fb9e57dc8d70fd6b2d27270809bdabc,持卡人消费,学子便利店A01后楼,-9.3,2.66,4089,正常
2016/05/17 16:47:55,09ed0e35b38106f0d666471c49b3d4ef083e62e6,030d8b7b6fb9e57dc8d70fd6b2d27270809bdabc,存款,现金充值机,100.0,102.66,4090,正常
2016/05/17 17:15:05,09ed0e35b38106f0d666471c49b3d4ef083e62e6,030d8b7b6fb9e57dc8d70fd6b2d27270809bdabc,持卡人消费,超市商务子系统,-6.5,96.16,4091,正常
2016/05/17 17:16:58,09ed0e35b38106f0d666471c49b3d4ef083e62e6,030d8b7b6fb9e57dc8d70fd6b2d27270809bdabc,持卡人消费,超市商务子系统,-7.6,88.56,4092,正常
2016/05/17 17:18:58,09ed0e35b38106f0d666471c49b3d4ef083e62e6,030d8b7b6fb9e57dc8d70fd6b2d27270809bdabc,持卡人消费,学士楼商务网关,-1.0,87.56,4093,正常
2016/05/17 17:19:46,09ed0e35b38106f0d666471c49b3d4ef083e62e6,030d8b7b6fb9e57dc8d70fd6b2d27270809bdabc,持卡人消费,学士楼商务网关,-4.6,82.96,4094,正常
2016/05/18 11:10:17,09ed0e35b38106f0d666471c49b3d4ef083e62e6,030d8b7b6fb9e57dc8d70fd6b2d27270809bdabc,持卡人消费,学士楼商务网关,-7.0,75.96,4095,正常
2016/05/18 11:24:33,09ed0e35b38106f0d666471c49b3d4ef083e62e6,030d8b7b6fb9e57dc8d70fd6b2d27270809bdabc,持卡人消费,超市商务子系统,-23.5,52.46,4096,正常
2016/05/18 11:25:54,09ed0e35b38106f0d666471c49b3d4ef083e62e6,030d8b7b6fb9e57dc8d70fd6b2d27270809bdabc,持卡人消费,超市商务子系统,-4.8,47.66,4097,正常
2016/05/18 17:34:07,09ed0e35b38106f0d666471c49b3d4ef083e62e6,030d8b7b6fb9e57dc8d70fd6b2d27270809bdabc,持卡人消费,学子超市园丁总店,-2.7,44.96,4098,正常
2016/05/19 08:52:52,09ed0e35b38106f0d666471c49b3d4ef083e62e6,030d8b7b6fb9e57dc8d70fd6b2d27270809bdabc,持卡人消费,学子便利店A01后楼,-8.5,36.46,4099,正常
2016/05/19 11:42:33,09ed0e35b38106f0d666471c49b3d4ef083e62e6,030d8b7b6fb9e57dc8d70fd6b2d27270809bdabc,持卡人消费,学士楼商务网关,-5.0,31.46,4100,正常
2016/05/19 20:56:14,09ed0e35b38106f0d666471c49b3d4ef083e62e6,030d8b7b6fb9e57dc8d70fd6b2d27270809bdabc,持卡人消费,学子便利店A01后楼,-0.9,30.56,4101,正常
2016/05/20 11:32:07,09ed0e35b38106f0d666471c49b3d4ef083e62e6,030d8b7b6fb9e57dc8d70fd6b2d27270809bdabc,持卡人消费,学士楼商务网关,-6.0,24.56,4102,正常
2016/05/20 19:35:21,09ed0e35b38106f0d666471c49b3d4ef083e62e6,030d8b7b6fb9e57dc8d70fd6b2d27270809bdabc,持卡人消费,学子便利店A01后楼,-11.2,13.36,4103,正常
2016/05/21 11:19:37,09ed0e35b38106f0d666471c49b3d4ef083e62e6,030d8b7b6fb9e57dc8d70fd6b2d27270809bdabc,持卡人消费,学士楼商务网关,-1.0,12.36,4104,正常
2016/05/21 11:20:20,09ed0e35b38106f0d666471c49b3d4ef083e62e6,030d8b7b6fb9e57dc8d70fd6b2d27270809bdabc,持卡人消费,学士楼商务网关,-4.0,8.36,4105,正常
2016/05/21 11:20:25,09ed0e35b38106f0d666471c49b3d4ef083e62e6,030d8b7b6fb9e57dc8d70fd6b2d27270809bdabc,持卡人消费,学士楼商务网关,-0.6,7.76,4106,正常
2016/05/21 11:44:01,09ed0e35b38106f0d666471c49b3d4ef083e62e6,030d8b7b6fb9e57dc8d70fd6b2d27270809bdabc,持卡人消费,超市商务子系统,-4.8,2.96,4107,正常
2016/05/22 10:09:39,09ed0e35b38106f0d666471c49b3d4ef083e62e6,030d8b7b6fb9e57dc8d70fd6b2d27270809bdabc,持卡人消费,学子便利店A01后楼,-0.6,2.36,4108,正常
2016/05/22 11:40:53,09ed0e35b38106f0d666471c49b3d4ef083e62e6,030d8b7b6fb9e57dc8d70fd6b2d27270809bdabc,存款,现金充值机,100.0,102.36,4109,正常
2016/05/22 12:06:47,09ed0e35b38106f0d666471c49b3d4ef083e62e6,030d8b7b6fb9e57dc8d70fd6b2d27270809bdabc,持卡人消费,学士楼商务网关,-1.0,101.36,4110,正常
2016/05/22 12:08:09,09ed0e35b38106f0d666471c49b3d4ef083e62e6,030d8b7b6fb9e57dc8d70fd6b2d27270809bdabc,持卡人消费,学士楼商务网关,-3.6,97.76,4111,正常
2016/05/22 12:25:51,09ed0e35b38106f0d666471c49b3d4ef083e62e6,030d8b7b6fb9e57dc8d70fd6b2d27270809bdabc,持卡人消费,超市商务子系统,-32.5,65.26,4112,正常
2016/05/22 12:27:08,09ed0e35b38106f0d666471c49b3d4ef083e62e6,030d8b7b6fb9e57dc8d70fd6b2d27270809bdabc,持卡人消费,超市商务子系统,-4.8,60.46,4113,正常
2016/05/22 19:13:38,09ed0e35b38106f0d666471c49b3d4ef083e62e6,030d8b7b6fb9e57dc8d70fd6b2d27270809bdabc,持卡人消费,硕果园（工大商店）,-12.0,48.46,4114,正常
2016/05/23 10:10:38,09ed0e35b38106f0d666471c49b3d4ef083e62e6,030d8b7b6fb9e57dc8d70fd6b2d27270809bdabc,持卡人消费,学子便利店A01后楼,-10.0,38.46,4115,正常
2016/05/23 20:57:01,09ed0e35b38106f0d666471c49b3d4ef083e62e6,030d8b7b6fb9e57dc8d70fd6b2d27270809bdabc,持卡人消费,学子便利店A01后楼,-11.4,27.06,4116,正常
2016/05/24 09:34:22,09ed0e35b38106f0d666471c49b3d4ef083e62e6,030d8b7b6fb9e57dc8d70fd6b2d27270809bdabc,持卡人消费,学子便利店A01后楼,-5.5,21.56,4117,正常
2016/05/24 12:13:33,09ed0e35b38106f0d666471c49b3d4ef083e62e6,030d8b7b6fb9e57dc8d70fd6b2d27270809bdabc,持卡人消费,硕果园（工大商店）,-12.0,9.56,4118,正常
2016/05/24 18:31:37,09ed0e35b38106f0d666471c49b3d4ef083e62e6,030d8b7b6fb9e57dc8d70fd6b2d27270809bdabc,持卡人消费,学子便利店A01后楼,-0.9,8.66,4119,正常
2016/05/24 21:13:50,09ed0e35b38106f0d666471c49b3d4ef083e62e6,030d8b7b6fb9e57dc8d70fd6b2d27270809bdabc,持卡人消费,学子便利店A01后楼,-0.3,8.36,4120,正常
2016/05/25 11:04:51,09ed0e35b38106f0d666471c49b3d4ef083e62e6,030d8b7b6fb9e57dc8d70fd6b2d27270809bdabc,存款,现金充值机,100.0,108.36,4121,正常
2016/05/25 11:26:59,09ed0e35b38106f0d666471c49b3d4ef083e62e6,030d8b7b6fb9e57dc8d70fd6b2d27270809bdabc,持卡人消费,学士楼商务网关,-6.0,102.36,4122,正常
2016/05/25 11:47:32,09ed0e35b38106f0d666471c49b3d4ef083e62e6,030d8b7b6fb9e57dc8d70fd6b2d27270809bdabc,持卡人消费,超市商务子系统,-3.9,98.46,4123,正常
2016/05/25 18:31:33,09ed0e35b38106f0d666471c49b3d4ef083e62e6,030d8b7b6fb9e57dc8d70fd6b2d27270809bdabc,持卡人消费,学子便利店A01后楼,-5.9,92.56,4124,正常
2016/05/25 20:18:10,09ed0e35b38106f0d666471c49b3d4ef083e62e6,030d8b7b6fb9e57dc8d70fd6b2d27270809bdabc,持卡人消费,学子便利店A01后楼,-11.9,80.66,4125,正常
2016/05/26 10:06:28,09ed0e35b38106f0d666471c49b3d4ef083e62e6,030d8b7b6fb9e57dc8d70fd6b2d27270809bdabc,持卡人消费,学子便利店A01后楼,-6.3,74.36,4126,正常
2016/05/26 17:25:07,09ed0e35b38106f0d666471c49b3d4ef083e62e6,030d8b7b6fb9e57dc8d70fd6b2d27270809bdabc,持卡人消费,超市商务子系统,-19.9,54.46,4127,正常
2016/05/26 17:27:17,09ed0e35b38106f0d666471c49b3d4ef083e62e6,030d8b7b6fb9e57dc8d70fd6b2d27270809bdabc,持卡人消费,超市商务子系统,-3.9,50.56,4128,正常
2016/05/26 17:31:05,09ed0e35b38106f0d666471c49b3d4ef083e62e6,030d8b7b6fb9e57dc8d70fd6b2d27270809bdabc,持卡人消费,学士楼商务网关,-5.0,45.56,4129,正常
2016/05/26 19:45:23,09ed0e35b38106f0d666471c49b3d4ef083e62e6,030d8b7b6fb9e57dc8d70fd6b2d27270809bdabc,持卡人消费,学子便利店A01后楼,-8.0,37.56,4130,正常
2016/05/27 09:44:47,09ed0e35b38106f0d666471c49b3d4ef083e62e6,030d8b7b6fb9e57dc8d70fd6b2d27270809bdabc,持卡人消费,学子便利店A01后楼,-5.5,32.06,4131,正常
2016/05/28 08:53:11,09ed0e35b38106f0d666471c49b3d4ef083e62e6,030d8b7b6fb9e57dc8d70fd6b2d27270809bdabc,持卡人消费,学子便利店A01后楼,-0.1,31.96,4132,正常
2016/05/28 08:53:32,09ed0e35b38106f0d666471c49b3d4ef083e62e6,030d8b7b6fb9e57dc8d70fd6b2d27270809bdabc,持卡人消费,学子便利店A01后楼,-13.1,18.86,4133,正常
2016/05/28 20:43:37,09ed0e35b38106f0d666471c49b3d4ef083e62e6,030d8b7b6fb9e57dc8d70fd6b2d27270809bdabc,持卡人消费,学子便利店A01后楼,-0.4,18.46,4134,正常
2016/05/29 12:05:39,09ed0e35b38106f0d666471c49b3d4ef083e62e6,030d8b7b6fb9e57dc8d70fd6b2d27270809bdabc,持卡人消费,学苑楼商务网关,-6.0,12.46,4135,正常
2016/05/29 12:08:54,09ed0e35b38106f0d666471c49b3d4ef083e62e6,030d8b7b6fb9e57dc8d70fd6b2d27270809bdabc,持卡人消费,学苑楼商务网关,-3.6,8.86,4136,正常
2016/05/29 12:06:08,09ed0e35b38106f0d666471c49b3d4ef083e62e6,030d8b7b6fb9e57dc8d70fd6b2d27270809bdabc,存款,现金充值机,100.0,108.86,4137,正常
2016/05/29 12:28:26,09ed0e35b38106f0d666471c49b3d4ef083e62e6,030d8b7b6fb9e57dc8d70fd6b2d27270809bdabc,持卡人消费,超市商务子系统,-12.8,96.06,4138,正常
2016/05/29 12:30:37,09ed0e35b38106f0d666471c49b3d4ef083e62e6,030d8b7b6fb9e57dc8d70fd6b2d27270809bdabc,持卡人消费,超市商务子系统,-3.9,92.16,4139,正常
2016/05/29 21:14:59,09ed0e35b38106f0d666471c49b3d4ef083e62e6,030d8b7b6fb9e57dc8d70fd6b2d27270809bdabc,持卡人消费,学子便利店A01后楼,-7.6,84.56,4140,正常
2016/05/30 09:18:56,09ed0e35b38106f0d666471c49b3d4ef083e62e6,030d8b7b6fb9e57dc8d70fd6b2d27270809bdabc,持卡人消费,学子便利店A01后楼,-8.5,76.06,4141,正常
2016/05/30 21:23:27,09ed0e35b38106f0d666471c49b3d4ef083e62e6,030d8b7b6fb9e57dc8d70fd6b2d27270809bdabc,持卡人消费,学子便利店A01后楼,-4.5,71.56,4142,正常
2016/05/31 11:21:18,09ed0e35b38106f0d666471c49b3d4ef083e62e6,030d8b7b6fb9e57dc8d70fd6b2d27270809bdabc,持卡人消费,学士楼商务网关,-8.0,63.56,4143,正常
2016/05/31 17:26:55,09ed0e35b38106f0d666471c49b3d4ef083e62e6,030d8b7b6fb9e57dc8d70fd6b2d27270809bdabc,持卡人消费,学士楼商务网关,-6.0,57.56,4144,正常
2016/05/31 17:41:43,09ed0e35b38106f0d666471c49b3d4ef083e62e6,030d8b7b6fb9e57dc8d70fd6b2d27270809bdabc,持卡人消费,超市商务子系统,-13.8,43.76,4145,正常
2016/05/31 17:45:05,09ed0e35b38106f0d666471c49b3d4ef083e62e6,030d8b7b6fb9e57dc8d70fd6b2d27270809bdabc,持卡人消费,超市商务子系统,-10.0,33.76,4146,正常
2016/05/31 18:06:31,09ed0e35b38106f0d666471c49b3d4ef083e62e6,030d8b7b6fb9e57dc8d70fd6b2d27270809bdabc,持卡人消费,一校区水控新,-0.4,33.36,4148,正常
2016/05/31 18:14:24,09ed0e35b38106f0d666471c49b3d4ef083e62e6,030d8b7b6fb9e57dc8d70fd6b2d27270809bdabc,持卡人消费,一校区水控新,-0.96,32.40,4150,正常
