交易发生时间,学号,姓名,交易类型,子系统名称,交易额,现有余额,次数,状态
2016/05/01 08:11:03,ad5fe09f6f652919842f4a0b6826816b530e1794,0323d08ac9adbc192cc9eaf667bd9f5341a88d21,持卡人消费,学士楼商务网关,-3.6,76.60,2742,正常
2016/05/02 17:43:44,ad5fe09f6f652919842f4a0b6826816b530e1794,0323d08ac9adbc192cc9eaf667bd9f5341a88d21,持卡人消费,学士楼商务网关,-8.0,68.60,2743,正常
2016/05/02 17:45:10,ad5fe09f6f652919842f4a0b6826816b530e1794,0323d08ac9adbc192cc9eaf667bd9f5341a88d21,持卡人消费,学士楼商务网关,-7.0,61.60,2744,正常
2016/05/03 08:02:44,ad5fe09f6f652919842f4a0b6826816b530e1794,0323d08ac9adbc192cc9eaf667bd9f5341a88d21,持卡人消费,学士楼商务网关,-3.7,57.90,2745,正常
2016/05/04 11:46:13,ad5fe09f6f652919842f4a0b6826816b530e1794,0323d08ac9adbc192cc9eaf667bd9f5341a88d21,持卡人消费,硕果园（工大商店）,-13.3,44.60,2746,正常
2016/05/04 16:48:46,ad5fe09f6f652919842f4a0b6826816b530e1794,0323d08ac9adbc192cc9eaf667bd9f5341a88d21,持卡人消费,硕果园（工大商店）,-10.0,34.60,2747,正常
2016/05/04 16:50:04,ad5fe09f6f652919842f4a0b6826816b530e1794,0323d08ac9adbc192cc9eaf667bd9f5341a88d21,持卡人消费,硕果园（工大商店）,-10.0,24.60,2748,正常
2016/05/04 18:17:16,ad5fe09f6f652919842f4a0b6826816b530e1794,0323d08ac9adbc192cc9eaf667bd9f5341a88d21,持卡人消费,A7,-3.0,21.60,2749,正常
2016/05/04 20:57:35,ad5fe09f6f652919842f4a0b6826816b530e1794,0323d08ac9adbc192cc9eaf667bd9f5341a88d21,持卡人消费,学子超市园丁总店,-6.3,15.30,2750,正常
2016/05/05 08:32:07,ad5fe09f6f652919842f4a0b6826816b530e1794,0323d08ac9adbc192cc9eaf667bd9f5341a88d21,持卡人消费,学士楼商务网关,-2.6,12.70,2751,正常
2016/05/05 10:20:34,ad5fe09f6f652919842f4a0b6826816b530e1794,0323d08ac9adbc192cc9eaf667bd9f5341a88d21,持卡人消费,超市商务子系统,-7.0,5.70,2752,正常
2016/05/09 09:00:07,ad5fe09f6f652919842f4a0b6826816b530e1794,0323d08ac9adbc192cc9eaf667bd9f5341a88d21,存款,现金充值机,200.0,205.70,2753,正常
2016/05/09 09:24:41,ad5fe09f6f652919842f4a0b6826816b530e1794,0323d08ac9adbc192cc9eaf667bd9f5341a88d21,持卡人消费,超市商务子系统,-20.0,185.70,2754,正常
2016/05/09 09:28:41,ad5fe09f6f652919842f4a0b6826816b530e1794,0323d08ac9adbc192cc9eaf667bd9f5341a88d21,持卡人消费,硕果园（工大商店）,-10.0,175.70,2755,正常
2016/05/09 14:58:54,ad5fe09f6f652919842f4a0b6826816b530e1794,0323d08ac9adbc192cc9eaf667bd9f5341a88d21,持卡人消费,学子超市园丁总店,-2.7,173.00,2756,正常
2016/05/09 17:21:00,ad5fe09f6f652919842f4a0b6826816b530e1794,0323d08ac9adbc192cc9eaf667bd9f5341a88d21,持卡人消费,学苑楼商务网关,-9.8,163.20,2757,正常
2016/05/09 17:50:58,ad5fe09f6f652919842f4a0b6826816b530e1794,0323d08ac9adbc192cc9eaf667bd9f5341a88d21,持卡人消费,超市商务子系统,-13.5,149.70,2758,正常
2016/05/10 08:03:01,ad5fe09f6f652919842f4a0b6826816b530e1794,0323d08ac9adbc192cc9eaf667bd9f5341a88d21,持卡人消费,学士楼商务网关,-2.0,147.70,2759,正常
2016/05/10 21:20:02,ad5fe09f6f652919842f4a0b6826816b530e1794,0323d08ac9adbc192cc9eaf667bd9f5341a88d21,持卡人消费,学子超市园丁总店,-2.0,145.70,2760,正常
2016/05/11 10:49:52,ad5fe09f6f652919842f4a0b6826816b530e1794,0323d08ac9adbc192cc9eaf667bd9f5341a88d21,持卡人消费,学士楼商务网关,-6.5,139.20,2761,正常
2016/05/11 10:50:26,ad5fe09f6f652919842f4a0b6826816b530e1794,0323d08ac9adbc192cc9eaf667bd9f5341a88d21,持卡人消费,学士楼商务网关,-3.6,135.60,2762,正常
2016/05/11 11:09:38,ad5fe09f6f652919842f4a0b6826816b530e1794,0323d08ac9adbc192cc9eaf667bd9f5341a88d21,持卡人消费,硕果园（工大商店）,-7.9,127.70,2763,正常
2016/05/11 11:11:55,ad5fe09f6f652919842f4a0b6826816b530e1794,0323d08ac9adbc192cc9eaf667bd9f5341a88d21,持卡人消费,硕果园（工大商店）,-3.8,123.90,2764,正常
2016/05/12 20:55:32,ad5fe09f6f652919842f4a0b6826816b530e1794,0323d08ac9adbc192cc9eaf667bd9f5341a88d21,持卡人消费,学子超市园丁总店,-5.5,118.40,2765,正常
2016/05/13 08:50:14,ad5fe09f6f652919842f4a0b6826816b530e1794,0323d08ac9adbc192cc9eaf667bd9f5341a88d21,持卡人消费,学子超市园丁总店,-1.2,117.20,2766,正常
2016/05/14 10:06:35,ad5fe09f6f652919842f4a0b6826816b530e1794,0323d08ac9adbc192cc9eaf667bd9f5341a88d21,持卡人消费,学子超市园丁总店,-1.2,116.00,2767,正常
2016/05/16 11:05:33,ad5fe09f6f652919842f4a0b6826816b530e1794,0323d08ac9adbc192cc9eaf667bd9f5341a88d21,持卡人消费,学子超市园丁总店,-2.7,113.30,2768,正常
2016/05/17 11:09:23,ad5fe09f6f652919842f4a0b6826816b530e1794,0323d08ac9adbc192cc9eaf667bd9f5341a88d21,持卡人消费,南苑网关,-2.5,110.80,2769,正常
2016/05/17 11:10:15,ad5fe09f6f652919842f4a0b6826816b530e1794,0323d08ac9adbc192cc9eaf667bd9f5341a88d21,持卡人消费,南苑网关,-3.5,107.30,2770,正常
2016/05/17 11:22:20,ad5fe09f6f652919842f4a0b6826816b530e1794,0323d08ac9adbc192cc9eaf667bd9f5341a88d21,持卡人消费,南苑网关,-3.0,104.30,2771,正常
2016/05/18 11:16:57,ad5fe09f6f652919842f4a0b6826816b530e1794,0323d08ac9adbc192cc9eaf667bd9f5341a88d21,持卡人消费,南苑网关,-0.2,104.10,2772,正常
2016/05/18 11:17:46,ad5fe09f6f652919842f4a0b6826816b530e1794,0323d08ac9adbc192cc9eaf667bd9f5341a88d21,持卡人消费,南苑网关,-14.26,89.84,2773,正常
2016/05/18 11:18:06,ad5fe09f6f652919842f4a0b6826816b530e1794,0323d08ac9adbc192cc9eaf667bd9f5341a88d21,持卡人消费,南苑网关,-6.96,82.88,2774,正常
2016/05/18 17:43:45,ad5fe09f6f652919842f4a0b6826816b530e1794,0323d08ac9adbc192cc9eaf667bd9f5341a88d21,持卡人消费,硕果园（工大商店）,-14.0,68.88,2775,正常
2016/05/18 17:49:39,ad5fe09f6f652919842f4a0b6826816b530e1794,0323d08ac9adbc192cc9eaf667bd9f5341a88d21,持卡人消费,硕果园（工大商店）,-3.0,65.88,2776,正常
2016/05/18 19:28:32,ad5fe09f6f652919842f4a0b6826816b530e1794,0323d08ac9adbc192cc9eaf667bd9f5341a88d21,持卡人消费,A7,-3.0,62.88,2777,正常
2016/05/19 08:17:21,ad5fe09f6f652919842f4a0b6826816b530e1794,0323d08ac9adbc192cc9eaf667bd9f5341a88d21,持卡人消费,学士楼商务网关,-3.5,59.38,2778,正常
2016/05/20 08:39:27,ad5fe09f6f652919842f4a0b6826816b530e1794,0323d08ac9adbc192cc9eaf667bd9f5341a88d21,持卡人消费,学子超市园丁总店,-3.6,55.78,2779,正常
2016/05/20 11:10:02,ad5fe09f6f652919842f4a0b6826816b530e1794,0323d08ac9adbc192cc9eaf667bd9f5341a88d21,持卡人消费,南苑网关,-12.48,43.30,2780,正常
2016/05/20 11:11:01,ad5fe09f6f652919842f4a0b6826816b530e1794,0323d08ac9adbc192cc9eaf667bd9f5341a88d21,持卡人消费,南苑网关,-0.2,43.10,2781,正常
2016/05/20 17:25:33,ad5fe09f6f652919842f4a0b6826816b530e1794,0323d08ac9adbc192cc9eaf667bd9f5341a88d21,持卡人消费,硕果园（工大商店）,-10.0,33.10,2782,正常
2016/05/20 17:27:02,ad5fe09f6f652919842f4a0b6826816b530e1794,0323d08ac9adbc192cc9eaf667bd9f5341a88d21,持卡人消费,硕果园（工大商店）,-5.0,28.10,2783,正常
2016/05/21 08:16:09,ad5fe09f6f652919842f4a0b6826816b530e1794,0323d08ac9adbc192cc9eaf667bd9f5341a88d21,持卡人消费,学士楼商务网关,-2.8,25.30,2784,正常
2016/05/21 11:23:41,ad5fe09f6f652919842f4a0b6826816b530e1794,0323d08ac9adbc192cc9eaf667bd9f5341a88d21,持卡人消费,南苑网关,-10.8,14.50,2785,正常
2016/05/21 11:43:23,ad5fe09f6f652919842f4a0b6826816b530e1794,0323d08ac9adbc192cc9eaf667bd9f5341a88d21,持卡人消费,南苑网关,-4.5,10.00,2786,正常
2016/05/21 20:06:19,ad5fe09f6f652919842f4a0b6826816b530e1794,0323d08ac9adbc192cc9eaf667bd9f5341a88d21,持卡人消费,超市商务子系统,-6.3,3.70,2787,正常
2016/05/23 19:45:51,ad5fe09f6f652919842f4a0b6826816b530e1794,0323d08ac9adbc192cc9eaf667bd9f5341a88d21,持卡人消费,学子超市园丁总店,-2.7,1.00,2788,正常
2016/05/24 10:49:18,ad5fe09f6f652919842f4a0b6826816b530e1794,0323d08ac9adbc192cc9eaf667bd9f5341a88d21,存款,现金充值机,100.0,101.00,2789,正常
2016/05/24 11:13:48,ad5fe09f6f652919842f4a0b6826816b530e1794,0323d08ac9adbc192cc9eaf667bd9f5341a88d21,持卡人消费,南苑网关,-12.48,88.52,2790,正常
2016/05/25 11:04:41,ad5fe09f6f652919842f4a0b6826816b530e1794,0323d08ac9adbc192cc9eaf667bd9f5341a88d21,持卡人消费,南苑网关,-10.8,77.72,2791,正常
2016/05/25 17:22:48,ad5fe09f6f652919842f4a0b6826816b530e1794,0323d08ac9adbc192cc9eaf667bd9f5341a88d21,持卡人消费,南苑网关,-13.2,64.52,2792,正常
2016/05/25 19:44:53,ad5fe09f6f652919842f4a0b6826816b530e1794,0323d08ac9adbc192cc9eaf667bd9f5341a88d21,持卡人消费,超市商务子系统,-9.7,54.82,2793,正常
2016/05/26 11:12:42,ad5fe09f6f652919842f4a0b6826816b530e1794,0323d08ac9adbc192cc9eaf667bd9f5341a88d21,持卡人消费,南苑网关,-11.04,43.78,2794,正常
2016/05/26 17:14:41,ad5fe09f6f652919842f4a0b6826816b530e1794,0323d08ac9adbc192cc9eaf667bd9f5341a88d21,持卡人消费,南苑网关,-7.0,36.78,2795,正常
2016/05/26 17:16:56,ad5fe09f6f652919842f4a0b6826816b530e1794,0323d08ac9adbc192cc9eaf667bd9f5341a88d21,持卡人消费,南苑网关,-6.0,30.78,2796,正常
2016/05/27 08:29:32,ad5fe09f6f652919842f4a0b6826816b530e1794,0323d08ac9adbc192cc9eaf667bd9f5341a88d21,持卡人消费,学子超市园丁总店,-3.8,26.98,2797,正常
2016/05/27 11:39:18,ad5fe09f6f652919842f4a0b6826816b530e1794,0323d08ac9adbc192cc9eaf667bd9f5341a88d21,持卡人消费,南苑网关,-0.2,26.78,2798,正常
2016/05/27 11:39:33,ad5fe09f6f652919842f4a0b6826816b530e1794,0323d08ac9adbc192cc9eaf667bd9f5341a88d21,持卡人消费,南苑网关,-9.36,17.42,2799,正常
2016/05/27 11:54:28,ad5fe09f6f652919842f4a0b6826816b530e1794,0323d08ac9adbc192cc9eaf667bd9f5341a88d21,持卡人消费,南苑网关,-1.0,16.42,2800,正常
2016/05/27 14:44:20,ad5fe09f6f652919842f4a0b6826816b530e1794,0323d08ac9adbc192cc9eaf667bd9f5341a88d21,持卡人消费,超市商务子系统,-3.0,13.42,2801,正常
2016/05/28 08:05:22,ad5fe09f6f652919842f4a0b6826816b530e1794,0323d08ac9adbc192cc9eaf667bd9f5341a88d21,持卡人消费,学子超市园丁总店,-8.4,5.02,2802,正常
2016/05/28 08:05:34,ad5fe09f6f652919842f4a0b6826816b530e1794,0323d08ac9adbc192cc9eaf667bd9f5341a88d21,持卡人消费,学子超市园丁总店,-0.2,4.82,2803,正常
2016/05/28 11:26:02,ad5fe09f6f652919842f4a0b6826816b530e1794,0323d08ac9adbc192cc9eaf667bd9f5341a88d21,持卡人消费,超市商务子系统,-0.9,3.92,2804,正常
2016/05/29 20:19:40,ad5fe09f6f652919842f4a0b6826816b530e1794,0323d08ac9adbc192cc9eaf667bd9f5341a88d21,持卡人消费,学子超市园丁总店,-2.5,1.42,2805,正常
2016/05/29 20:20:46,ad5fe09f6f652919842f4a0b6826816b530e1794,0323d08ac9adbc192cc9eaf667bd9f5341a88d21,持卡人消费,学子超市园丁总店,-0.6,0.82,2806,正常
2016/05/30 11:12:44,ad5fe09f6f652919842f4a0b6826816b530e1794,0323d08ac9adbc192cc9eaf667bd9f5341a88d21,存款,学苑楼综合业务,100.0,100.82,2807,正常
2016/05/30 11:19:22,ad5fe09f6f652919842f4a0b6826816b530e1794,0323d08ac9adbc192cc9eaf667bd9f5341a88d21,持卡人消费,南苑网关,-0.2,100.62,2808,正常
2016/05/30 11:19:56,ad5fe09f6f652919842f4a0b6826816b530e1794,0323d08ac9adbc192cc9eaf667bd9f5341a88d21,持卡人消费,南苑网关,-12.0,88.62,2809,正常
2016/05/30 17:00:02,ad5fe09f6f652919842f4a0b6826816b530e1794,0323d08ac9adbc192cc9eaf667bd9f5341a88d21,持卡人消费,南苑网关,-0.2,88.42,2810,正常
2016/05/30 17:00:41,ad5fe09f6f652919842f4a0b6826816b530e1794,0323d08ac9adbc192cc9eaf667bd9f5341a88d21,持卡人消费,南苑网关,-10.8,77.62,2811,正常
2016/05/30 18:55:35,ad5fe09f6f652919842f4a0b6826816b530e1794,0323d08ac9adbc192cc9eaf667bd9f5341a88d21,持卡人消费,学子超市园丁总店,-4.3,73.32,2812,正常
2016/05/31 11:11:17,ad5fe09f6f652919842f4a0b6826816b530e1794,0323d08ac9adbc192cc9eaf667bd9f5341a88d21,持卡人消费,南苑网关,-11.04,62.28,2813,正常
2016/05/31 21:06:44,ad5fe09f6f652919842f4a0b6826816b530e1794,0323d08ac9adbc192cc9eaf667bd9f5341a88d21,持卡人消费,学子超市园丁总店,-3.6,58.68,2814,正常
