交易发生时间,学号,姓名,交易类型,子系统名称,交易额,现有余额,次数,状态
2016/05/02 18:05:00,a1236c9b7260ca3b9309cd8d250d969c878a9e68,0383e4bdbcae988e704b0f7d423a11035d01e215,持卡人消费,超市商务子系统,-9.0,99.43,3787,正常
2016/05/03 11:25:24,a1236c9b7260ca3b9309cd8d250d969c878a9e68,0383e4bdbcae988e704b0f7d423a11035d01e215,持卡人消费,学苑楼商务网关,-9.0,90.43,3788,正常
2016/05/03 18:06:05,a1236c9b7260ca3b9309cd8d250d969c878a9e68,0383e4bdbcae988e704b0f7d423a11035d01e215,持卡人消费,学苑楼商务网关,-9.0,81.43,3789,正常
2016/05/03 18:20:22,a1236c9b7260ca3b9309cd8d250d969c878a9e68,0383e4bdbcae988e704b0f7d423a11035d01e215,持卡人消费,超市商务子系统,-9.0,72.43,3790,正常
2016/05/04 17:00:00,a1236c9b7260ca3b9309cd8d250d969c878a9e68,0383e4bdbcae988e704b0f7d423a11035d01e215,持卡人消费,学士楼商务网关,-5.0,67.43,3791,正常
2016/05/04 17:01:36,a1236c9b7260ca3b9309cd8d250d969c878a9e68,0383e4bdbcae988e704b0f7d423a11035d01e215,持卡人消费,学士楼商务网关,-2.5,64.93,3792,正常
2016/05/05 08:38:09,a1236c9b7260ca3b9309cd8d250d969c878a9e68,0383e4bdbcae988e704b0f7d423a11035d01e215,持卡人消费,学士楼商务网关,-4.4,60.53,3793,正常
2016/05/05 16:37:06,a1236c9b7260ca3b9309cd8d250d969c878a9e68,0383e4bdbcae988e704b0f7d423a11035d01e215,持卡人消费,学苑楼商务网关,-8.8,51.73,3794,正常
2016/05/05 16:44:37,a1236c9b7260ca3b9309cd8d250d969c878a9e68,0383e4bdbcae988e704b0f7d423a11035d01e215,持卡人消费,学苑楼商务网关,-9.0,42.73,3795,正常
2016/05/05 16:57:09,a1236c9b7260ca3b9309cd8d250d969c878a9e68,0383e4bdbcae988e704b0f7d423a11035d01e215,持卡人消费,超市商务子系统,-3.4,39.33,3796,正常
2016/05/06 07:45:18,a1236c9b7260ca3b9309cd8d250d969c878a9e68,0383e4bdbcae988e704b0f7d423a11035d01e215,持卡人消费,学士楼商务网关,-6.3,33.03,3797,正常
2016/05/07 17:48:21,a1236c9b7260ca3b9309cd8d250d969c878a9e68,0383e4bdbcae988e704b0f7d423a11035d01e215,持卡人消费,学苑楼商务网关,-9.0,24.03,3798,正常
2016/05/07 18:08:27,a1236c9b7260ca3b9309cd8d250d969c878a9e68,0383e4bdbcae988e704b0f7d423a11035d01e215,持卡人消费,超市商务子系统,-16.3,7.73,3799,正常
2016/05/07 18:10:21,a1236c9b7260ca3b9309cd8d250d969c878a9e68,0383e4bdbcae988e704b0f7d423a11035d01e215,持卡人消费,超市商务子系统,-0.6,7.13,3800,正常
2016/05/08 17:15:21,a1236c9b7260ca3b9309cd8d250d969c878a9e68,0383e4bdbcae988e704b0f7d423a11035d01e215,持卡人消费,学苑楼商务网关,-7.0,0.13,3801,正常
2016/05/09 08:01:19,a1236c9b7260ca3b9309cd8d250d969c878a9e68,0383e4bdbcae988e704b0f7d423a11035d01e215,存款,现金充值机,90.0,90.13,3802,正常
2016/05/09 08:26:01,a1236c9b7260ca3b9309cd8d250d969c878a9e68,0383e4bdbcae988e704b0f7d423a11035d01e215,持卡人消费,学士楼商务网关,-5.4,84.73,3803,正常
2016/05/09 11:19:44,a1236c9b7260ca3b9309cd8d250d969c878a9e68,0383e4bdbcae988e704b0f7d423a11035d01e215,持卡人消费,学士楼商务网关,-5.0,79.73,3804,正常
2016/05/09 11:25:20,a1236c9b7260ca3b9309cd8d250d969c878a9e68,0383e4bdbcae988e704b0f7d423a11035d01e215,持卡人消费,学士楼商务网关,-1.5,78.23,3805,正常
2016/05/09 11:26:08,a1236c9b7260ca3b9309cd8d250d969c878a9e68,0383e4bdbcae988e704b0f7d423a11035d01e215,持卡人消费,学士楼商务网关,-0.5,77.73,3806,正常
2016/05/09 18:18:30,a1236c9b7260ca3b9309cd8d250d969c878a9e68,0383e4bdbcae988e704b0f7d423a11035d01e215,持卡人消费,学苑楼商务网关,-7.0,70.73,3807,正常
2016/05/10 17:09:18,a1236c9b7260ca3b9309cd8d250d969c878a9e68,0383e4bdbcae988e704b0f7d423a11035d01e215,持卡人消费,学士楼商务网关,-5.0,65.73,3808,正常
2016/05/10 17:13:37,a1236c9b7260ca3b9309cd8d250d969c878a9e68,0383e4bdbcae988e704b0f7d423a11035d01e215,持卡人消费,学士楼商务网关,-2.0,63.73,3809,正常
2016/05/10 17:15:58,a1236c9b7260ca3b9309cd8d250d969c878a9e68,0383e4bdbcae988e704b0f7d423a11035d01e215,持卡人消费,学士楼商务网关,-1.0,62.73,3810,正常
2016/05/11 11:30:35,a1236c9b7260ca3b9309cd8d250d969c878a9e68,0383e4bdbcae988e704b0f7d423a11035d01e215,持卡人消费,学士楼商务网关,-6.0,56.73,3811,正常
2016/05/11 11:31:44,a1236c9b7260ca3b9309cd8d250d969c878a9e68,0383e4bdbcae988e704b0f7d423a11035d01e215,持卡人消费,学士楼商务网关,-1.5,55.23,3812,正常
2016/05/11 18:40:02,a1236c9b7260ca3b9309cd8d250d969c878a9e68,0383e4bdbcae988e704b0f7d423a11035d01e215,持卡人消费,超市商务子系统,-15.9,39.33,3813,正常
2016/05/11 18:41:02,a1236c9b7260ca3b9309cd8d250d969c878a9e68,0383e4bdbcae988e704b0f7d423a11035d01e215,持卡人消费,超市商务子系统,-16.6,22.73,3814,正常
2016/05/14 11:24:53,a1236c9b7260ca3b9309cd8d250d969c878a9e68,0383e4bdbcae988e704b0f7d423a11035d01e215,持卡人消费,学士楼商务网关,-2.0,20.73,3815,正常
2016/05/14 11:25:43,a1236c9b7260ca3b9309cd8d250d969c878a9e68,0383e4bdbcae988e704b0f7d423a11035d01e215,持卡人消费,学士楼商务网关,-2.5,18.23,3816,正常
2016/05/14 11:26:20,a1236c9b7260ca3b9309cd8d250d969c878a9e68,0383e4bdbcae988e704b0f7d423a11035d01e215,持卡人消费,学士楼商务网关,-4.0,14.23,3817,正常
2016/05/14 11:40:33,a1236c9b7260ca3b9309cd8d250d969c878a9e68,0383e4bdbcae988e704b0f7d423a11035d01e215,持卡人消费,超市商务子系统,-7.6,6.63,3818,正常
2016/05/14 16:53:50,a1236c9b7260ca3b9309cd8d250d969c878a9e68,0383e4bdbcae988e704b0f7d423a11035d01e215,持卡人消费,学士楼商务网关,-2.0,4.63,3819,正常
2016/05/14 16:55:12,a1236c9b7260ca3b9309cd8d250d969c878a9e68,0383e4bdbcae988e704b0f7d423a11035d01e215,持卡人消费,学士楼商务网关,-2.5,2.13,3820,正常
2016/05/15 10:52:16,a1236c9b7260ca3b9309cd8d250d969c878a9e68,0383e4bdbcae988e704b0f7d423a11035d01e215,存款,现金充值机,100.0,102.13,3821,正常
2016/05/15 11:15:43,a1236c9b7260ca3b9309cd8d250d969c878a9e68,0383e4bdbcae988e704b0f7d423a11035d01e215,持卡人消费,学士楼商务网关,-3.5,98.63,3822,正常
2016/05/15 11:16:33,a1236c9b7260ca3b9309cd8d250d969c878a9e68,0383e4bdbcae988e704b0f7d423a11035d01e215,持卡人消费,学士楼商务网关,-2.5,96.13,3823,正常
2016/05/15 10:38:02,a1236c9b7260ca3b9309cd8d250d969c878a9e68,0383e4bdbcae988e704b0f7d423a11035d01e215,持卡人消费,学士楼商务网关,-1.0,95.13,3824,正常
2016/05/15 17:02:31,a1236c9b7260ca3b9309cd8d250d969c878a9e68,0383e4bdbcae988e704b0f7d423a11035d01e215,持卡人消费,学士楼商务网关,-7.5,87.63,3825,正常
2016/05/15 17:12:31,a1236c9b7260ca3b9309cd8d250d969c878a9e68,0383e4bdbcae988e704b0f7d423a11035d01e215,持卡人消费,硕果园（工大商店）,-1.0,86.63,3826,正常
2016/05/16 18:27:50,a1236c9b7260ca3b9309cd8d250d969c878a9e68,0383e4bdbcae988e704b0f7d423a11035d01e215,持卡人消费,学士楼商务网关,-2.5,84.13,3827,正常
2016/05/16 18:28:08,a1236c9b7260ca3b9309cd8d250d969c878a9e68,0383e4bdbcae988e704b0f7d423a11035d01e215,持卡人消费,学士楼商务网关,-1.0,83.13,3828,正常
2016/05/16 18:29:42,a1236c9b7260ca3b9309cd8d250d969c878a9e68,0383e4bdbcae988e704b0f7d423a11035d01e215,持卡人消费,学士楼商务网关,-2.0,81.13,3829,正常
2016/05/16 18:37:21,a1236c9b7260ca3b9309cd8d250d969c878a9e68,0383e4bdbcae988e704b0f7d423a11035d01e215,持卡人消费,硕果园（工大商店）,-3.5,77.63,3830,正常
2016/05/17 08:33:48,a1236c9b7260ca3b9309cd8d250d969c878a9e68,0383e4bdbcae988e704b0f7d423a11035d01e215,持卡人消费,学士楼商务网关,-3.8,73.83,3831,正常
2016/05/18 08:28:00,a1236c9b7260ca3b9309cd8d250d969c878a9e68,0383e4bdbcae988e704b0f7d423a11035d01e215,持卡人消费,学士楼商务网关,-4.6,69.23,3832,正常
2016/05/18 14:00:29,a1236c9b7260ca3b9309cd8d250d969c878a9e68,0383e4bdbcae988e704b0f7d423a11035d01e215,持卡人消费,A9,-3.0,66.23,3833,正常
2016/05/18 19:19:57,a1236c9b7260ca3b9309cd8d250d969c878a9e68,0383e4bdbcae988e704b0f7d423a11035d01e215,持卡人消费,15公寓浴池,-0.02,66.21,3835,正常
2016/05/18 19:28:03,a1236c9b7260ca3b9309cd8d250d969c878a9e68,0383e4bdbcae988e704b0f7d423a11035d01e215,持卡人消费,15公寓浴池,-0.03,66.18,3837,正常
2016/05/18 20:13:04,a1236c9b7260ca3b9309cd8d250d969c878a9e68,0383e4bdbcae988e704b0f7d423a11035d01e215,持卡人消费,A9,-3.0,63.18,3838,正常
2016/05/19 08:20:32,a1236c9b7260ca3b9309cd8d250d969c878a9e68,0383e4bdbcae988e704b0f7d423a11035d01e215,持卡人消费,学士楼商务网关,-4.9,58.28,3839,正常
2016/05/19 17:07:46,a1236c9b7260ca3b9309cd8d250d969c878a9e68,0383e4bdbcae988e704b0f7d423a11035d01e215,持卡人消费,学士楼商务网关,-2.5,55.78,3840,正常
2016/05/19 17:08:34,a1236c9b7260ca3b9309cd8d250d969c878a9e68,0383e4bdbcae988e704b0f7d423a11035d01e215,持卡人消费,学士楼商务网关,-2.5,53.28,3841,正常
2016/05/19 17:09:28,a1236c9b7260ca3b9309cd8d250d969c878a9e68,0383e4bdbcae988e704b0f7d423a11035d01e215,持卡人消费,学士楼商务网关,-1.5,51.78,3842,正常
2016/05/19 17:17:25,a1236c9b7260ca3b9309cd8d250d969c878a9e68,0383e4bdbcae988e704b0f7d423a11035d01e215,持卡人消费,学士楼商务网关,-1.5,50.28,3843,正常
2016/05/21 07:16:55,a1236c9b7260ca3b9309cd8d250d969c878a9e68,0383e4bdbcae988e704b0f7d423a11035d01e215,持卡人消费,学士楼商务网关,-2.95,47.33,3844,正常
2016/05/21 11:19:16,a1236c9b7260ca3b9309cd8d250d969c878a9e68,0383e4bdbcae988e704b0f7d423a11035d01e215,持卡人消费,学士楼商务网关,-2.5,44.83,3845,正常
2016/05/21 11:20:15,a1236c9b7260ca3b9309cd8d250d969c878a9e68,0383e4bdbcae988e704b0f7d423a11035d01e215,持卡人消费,学士楼商务网关,-1.0,43.83,3846,正常
2016/05/21 11:20:43,a1236c9b7260ca3b9309cd8d250d969c878a9e68,0383e4bdbcae988e704b0f7d423a11035d01e215,持卡人消费,学士楼商务网关,-3.0,40.83,3847,正常
2016/05/21 17:02:35,a1236c9b7260ca3b9309cd8d250d969c878a9e68,0383e4bdbcae988e704b0f7d423a11035d01e215,持卡人消费,学士楼商务网关,-2.5,38.33,3848,正常
2016/05/21 17:03:36,a1236c9b7260ca3b9309cd8d250d969c878a9e68,0383e4bdbcae988e704b0f7d423a11035d01e215,持卡人消费,学士楼商务网关,-0.5,37.83,3849,正常
2016/05/21 17:13:34,a1236c9b7260ca3b9309cd8d250d969c878a9e68,0383e4bdbcae988e704b0f7d423a11035d01e215,持卡人消费,硕果园（工大商店）,-1.0,36.83,3850,正常
2016/05/22 11:01:03,a1236c9b7260ca3b9309cd8d250d969c878a9e68,0383e4bdbcae988e704b0f7d423a11035d01e215,持卡人消费,学士楼商务网关,-2.5,34.33,3851,正常
2016/05/22 11:02:18,a1236c9b7260ca3b9309cd8d250d969c878a9e68,0383e4bdbcae988e704b0f7d423a11035d01e215,持卡人消费,学士楼商务网关,-3.0,31.33,3852,正常
2016/05/22 11:16:05,a1236c9b7260ca3b9309cd8d250d969c878a9e68,0383e4bdbcae988e704b0f7d423a11035d01e215,持卡人消费,超市商务子系统,-2.9,28.43,3853,正常
2016/05/22 11:17:38,a1236c9b7260ca3b9309cd8d250d969c878a9e68,0383e4bdbcae988e704b0f7d423a11035d01e215,持卡人消费,超市商务子系统,-8.3,20.13,3854,正常
2016/05/22 17:04:40,a1236c9b7260ca3b9309cd8d250d969c878a9e68,0383e4bdbcae988e704b0f7d423a11035d01e215,持卡人消费,学士楼商务网关,-2.5,17.63,3855,正常
2016/05/22 17:06:39,a1236c9b7260ca3b9309cd8d250d969c878a9e68,0383e4bdbcae988e704b0f7d423a11035d01e215,持卡人消费,学士楼商务网关,-3.0,14.63,3856,正常
2016/05/22 17:21:41,a1236c9b7260ca3b9309cd8d250d969c878a9e68,0383e4bdbcae988e704b0f7d423a11035d01e215,持卡人消费,硕果园（工大商店）,-1.0,13.63,3857,正常
2016/05/23 08:26:18,a1236c9b7260ca3b9309cd8d250d969c878a9e68,0383e4bdbcae988e704b0f7d423a11035d01e215,持卡人消费,学士楼商务网关,-3.0,10.63,3858,正常
2016/05/23 11:15:21,a1236c9b7260ca3b9309cd8d250d969c878a9e68,0383e4bdbcae988e704b0f7d423a11035d01e215,持卡人消费,学士楼商务网关,-2.5,8.13,3859,正常
2016/05/23 11:17:06,a1236c9b7260ca3b9309cd8d250d969c878a9e68,0383e4bdbcae988e704b0f7d423a11035d01e215,持卡人消费,学士楼商务网关,-2.5,5.63,3860,正常
2016/05/23 18:11:53,a1236c9b7260ca3b9309cd8d250d969c878a9e68,0383e4bdbcae988e704b0f7d423a11035d01e215,持卡人消费,硕果园（工大商店）,-2.0,3.63,3861,正常
2016/05/24 07:49:34,a1236c9b7260ca3b9309cd8d250d969c878a9e68,0383e4bdbcae988e704b0f7d423a11035d01e215,持卡人消费,学士楼商务网关,-2.3,1.33,3862,正常
2016/05/24 16:40:56,a1236c9b7260ca3b9309cd8d250d969c878a9e68,0383e4bdbcae988e704b0f7d423a11035d01e215,持卡人消费,学士楼商务网关,-1.0,0.33,3863,正常
2016/05/24 16:42:47,a1236c9b7260ca3b9309cd8d250d969c878a9e68,0383e4bdbcae988e704b0f7d423a11035d01e215,持卡人消费,学士楼商务网关,-0.2,0.13,3864,正常
2016/05/24 16:29:00,a1236c9b7260ca3b9309cd8d250d969c878a9e68,0383e4bdbcae988e704b0f7d423a11035d01e215,存款,现金充值机,200.0,200.13,3865,正常
2016/05/24 16:50:51,a1236c9b7260ca3b9309cd8d250d969c878a9e68,0383e4bdbcae988e704b0f7d423a11035d01e215,持卡人消费,学苑楼商务网关,-9.0,191.13,3866,正常
2016/05/25 17:07:07,a1236c9b7260ca3b9309cd8d250d969c878a9e68,0383e4bdbcae988e704b0f7d423a11035d01e215,持卡人消费,学士楼商务网关,-2.5,188.63,3867,正常
2016/05/25 17:08:19,a1236c9b7260ca3b9309cd8d250d969c878a9e68,0383e4bdbcae988e704b0f7d423a11035d01e215,持卡人消费,学士楼商务网关,-3.0,185.63,3868,正常
2016/05/25 17:09:24,a1236c9b7260ca3b9309cd8d250d969c878a9e68,0383e4bdbcae988e704b0f7d423a11035d01e215,持卡人消费,学士楼商务网关,-2.5,183.13,3869,正常
2016/05/26 08:32:56,a1236c9b7260ca3b9309cd8d250d969c878a9e68,0383e4bdbcae988e704b0f7d423a11035d01e215,持卡人消费,学士楼商务网关,-4.4,178.73,3870,正常
2016/05/26 16:43:52,a1236c9b7260ca3b9309cd8d250d969c878a9e68,0383e4bdbcae988e704b0f7d423a11035d01e215,持卡人消费,学士楼商务网关,-2.5,176.23,3871,正常
2016/05/26 16:45:03,a1236c9b7260ca3b9309cd8d250d969c878a9e68,0383e4bdbcae988e704b0f7d423a11035d01e215,持卡人消费,学士楼商务网关,-2.5,173.73,3872,正常
2016/05/26 16:57:22,a1236c9b7260ca3b9309cd8d250d969c878a9e68,0383e4bdbcae988e704b0f7d423a11035d01e215,持卡人消费,硕果园（工大商店）,-2.5,171.23,3873,正常
2016/05/27 18:28:09,a1236c9b7260ca3b9309cd8d250d969c878a9e68,0383e4bdbcae988e704b0f7d423a11035d01e215,持卡人消费,硕果园（工大商店）,-2.5,168.73,3874,正常
2016/05/28 07:34:43,a1236c9b7260ca3b9309cd8d250d969c878a9e68,0383e4bdbcae988e704b0f7d423a11035d01e215,持卡人消费,学士楼商务网关,-4.3,164.43,3875,正常
2016/05/28 07:42:53,a1236c9b7260ca3b9309cd8d250d969c878a9e68,0383e4bdbcae988e704b0f7d423a11035d01e215,持卡人消费,学士楼商务网关,-4.0,160.43,3876,正常
2016/05/29 11:56:53,a1236c9b7260ca3b9309cd8d250d969c878a9e68,0383e4bdbcae988e704b0f7d423a11035d01e215,持卡人消费,学苑楼商务网关,-9.0,151.43,3877,正常
2016/05/29 12:07:12,a1236c9b7260ca3b9309cd8d250d969c878a9e68,0383e4bdbcae988e704b0f7d423a11035d01e215,持卡人消费,学苑楼商务网关,-3.5,147.93,3878,正常
2016/05/29 17:18:20,a1236c9b7260ca3b9309cd8d250d969c878a9e68,0383e4bdbcae988e704b0f7d423a11035d01e215,持卡人消费,学士楼商务网关,-6.0,141.93,3879,正常
2016/05/29 17:29:13,a1236c9b7260ca3b9309cd8d250d969c878a9e68,0383e4bdbcae988e704b0f7d423a11035d01e215,持卡人消费,超市商务子系统,-5.8,136.13,3880,正常
2016/05/30 11:03:34,a1236c9b7260ca3b9309cd8d250d969c878a9e68,0383e4bdbcae988e704b0f7d423a11035d01e215,持卡人消费,学士楼商务网关,-1.5,134.63,3881,正常
2016/05/30 11:04:24,a1236c9b7260ca3b9309cd8d250d969c878a9e68,0383e4bdbcae988e704b0f7d423a11035d01e215,持卡人消费,学士楼商务网关,-4.4,130.23,3882,正常
2016/05/30 11:15:39,a1236c9b7260ca3b9309cd8d250d969c878a9e68,0383e4bdbcae988e704b0f7d423a11035d01e215,持卡人消费,学士楼商务网关,-8.0,122.23,3883,正常
2016/05/30 11:21:42,a1236c9b7260ca3b9309cd8d250d969c878a9e68,0383e4bdbcae988e704b0f7d423a11035d01e215,持卡人消费,学士楼商务网关,-5.0,117.23,3884,正常
2016/05/30 11:29:58,a1236c9b7260ca3b9309cd8d250d969c878a9e68,0383e4bdbcae988e704b0f7d423a11035d01e215,持卡人消费,硕果园（工大商店）,-2.0,115.23,3885,正常
2016/05/30 18:02:22,a1236c9b7260ca3b9309cd8d250d969c878a9e68,0383e4bdbcae988e704b0f7d423a11035d01e215,持卡人消费,学苑楼商务网关,-8.8,106.43,3886,正常
2016/05/30 18:09:08,a1236c9b7260ca3b9309cd8d250d969c878a9e68,0383e4bdbcae988e704b0f7d423a11035d01e215,持卡人消费,学苑楼商务网关,-4.4,102.03,3887,正常
2016/05/31 07:58:55,a1236c9b7260ca3b9309cd8d250d969c878a9e68,0383e4bdbcae988e704b0f7d423a11035d01e215,持卡人消费,学士楼商务网关,-5.3,96.73,3888,正常
2016/05/31 11:13:17,a1236c9b7260ca3b9309cd8d250d969c878a9e68,0383e4bdbcae988e704b0f7d423a11035d01e215,持卡人消费,学苑楼商务网关,-9.0,87.73,3889,正常
2016/05/31 12:11:11,a1236c9b7260ca3b9309cd8d250d969c878a9e68,0383e4bdbcae988e704b0f7d423a11035d01e215,持卡人消费,硕果园（工大商店）,-2.0,85.73,3890,正常
2016/05/31 17:18:20,a1236c9b7260ca3b9309cd8d250d969c878a9e68,0383e4bdbcae988e704b0f7d423a11035d01e215,持卡人消费,学士楼商务网关,-1.5,84.23,3891,正常
2016/05/31 17:18:40,a1236c9b7260ca3b9309cd8d250d969c878a9e68,0383e4bdbcae988e704b0f7d423a11035d01e215,持卡人消费,学士楼商务网关,-2.5,81.73,3892,正常
2016/05/31 17:19:18,a1236c9b7260ca3b9309cd8d250d969c878a9e68,0383e4bdbcae988e704b0f7d423a11035d01e215,持卡人消费,学士楼商务网关,-1.5,80.23,3893,正常
2016/05/31 17:28:13,a1236c9b7260ca3b9309cd8d250d969c878a9e68,0383e4bdbcae988e704b0f7d423a11035d01e215,持卡人消费,硕果园（工大商店）,-3.5,76.73,3894,正常
