交易发生时间,学号,姓名,交易类型,子系统名称,交易额,现有余额,次数,状态
2016/05/01 12:02:50,c44e39278d946300d4f9af0d0fc6590aa37bec5d,03851fac28f9c2401ee89afe1e7127e8e06f79c4,持卡人消费,学苑楼商务网关,-10.0,260.75,3874,正常
2016/05/01 12:03:47,c44e39278d946300d4f9af0d0fc6590aa37bec5d,03851fac28f9c2401ee89afe1e7127e8e06f79c4,持卡人消费,学苑楼商务网关,-4.6,256.15,3875,正常
2016/05/01 12:23:31,c44e39278d946300d4f9af0d0fc6590aa37bec5d,03851fac28f9c2401ee89afe1e7127e8e06f79c4,持卡人消费,A2,-3.0,253.15,3876,正常
2016/05/02 08:03:00,c44e39278d946300d4f9af0d0fc6590aa37bec5d,03851fac28f9c2401ee89afe1e7127e8e06f79c4,持卡人消费,学士楼商务网关,-2.6,250.55,3877,正常
2016/05/02 08:03:14,c44e39278d946300d4f9af0d0fc6590aa37bec5d,03851fac28f9c2401ee89afe1e7127e8e06f79c4,持卡人消费,学士楼商务网关,-0.3,250.25,3878,正常
2016/05/03 07:40:39,c44e39278d946300d4f9af0d0fc6590aa37bec5d,03851fac28f9c2401ee89afe1e7127e8e06f79c4,持卡人消费,学士楼商务网关,-2.8,247.45,3879,正常
2016/05/03 11:29:34,c44e39278d946300d4f9af0d0fc6590aa37bec5d,03851fac28f9c2401ee89afe1e7127e8e06f79c4,持卡人消费,学士楼商务网关,-6.6,240.85,3880,正常
2016/05/04 11:16:21,c44e39278d946300d4f9af0d0fc6590aa37bec5d,03851fac28f9c2401ee89afe1e7127e8e06f79c4,持卡人消费,学士楼商务网关,-8.4,232.45,3881,正常
2016/05/05 08:57:13,c44e39278d946300d4f9af0d0fc6590aa37bec5d,03851fac28f9c2401ee89afe1e7127e8e06f79c4,持卡人消费,学士楼商务网关,-2.0,230.45,3882,正常
2016/05/05 08:57:51,c44e39278d946300d4f9af0d0fc6590aa37bec5d,03851fac28f9c2401ee89afe1e7127e8e06f79c4,持卡人消费,学士楼商务网关,-0.9,229.55,3883,正常
2016/05/05 11:34:15,c44e39278d946300d4f9af0d0fc6590aa37bec5d,03851fac28f9c2401ee89afe1e7127e8e06f79c4,持卡人消费,学苑楼商务网关,-9.0,220.55,3884,正常
2016/05/05 11:34:23,c44e39278d946300d4f9af0d0fc6590aa37bec5d,03851fac28f9c2401ee89afe1e7127e8e06f79c4,持卡人消费,学苑楼商务网关,-7.9,212.65,3885,正常
2016/05/06 11:20:29,c44e39278d946300d4f9af0d0fc6590aa37bec5d,03851fac28f9c2401ee89afe1e7127e8e06f79c4,持卡人消费,学士楼商务网关,-8.1,204.55,3886,正常
2016/05/06 11:38:24,c44e39278d946300d4f9af0d0fc6590aa37bec5d,03851fac28f9c2401ee89afe1e7127e8e06f79c4,持卡人消费,超市商务子系统,-10.0,194.55,3887,正常
2016/05/07 08:19:22,c44e39278d946300d4f9af0d0fc6590aa37bec5d,03851fac28f9c2401ee89afe1e7127e8e06f79c4,持卡人消费,学士楼商务网关,-2.8,191.75,3888,正常
2016/05/07 11:41:08,c44e39278d946300d4f9af0d0fc6590aa37bec5d,03851fac28f9c2401ee89afe1e7127e8e06f79c4,持卡人消费,学士楼商务网关,-3.92,187.83,3889,正常
2016/05/07 11:42:39,c44e39278d946300d4f9af0d0fc6590aa37bec5d,03851fac28f9c2401ee89afe1e7127e8e06f79c4,持卡人消费,学士楼商务网关,-4.9,182.93,3890,正常
2016/05/08 12:15:02,c44e39278d946300d4f9af0d0fc6590aa37bec5d,03851fac28f9c2401ee89afe1e7127e8e06f79c4,持卡人消费,学士楼商务网关,-8.4,174.53,3891,正常
2016/05/08 12:16:25,c44e39278d946300d4f9af0d0fc6590aa37bec5d,03851fac28f9c2401ee89afe1e7127e8e06f79c4,持卡人消费,学士楼商务网关,-4.1,170.43,3892,正常
2016/05/09 11:17:21,c44e39278d946300d4f9af0d0fc6590aa37bec5d,03851fac28f9c2401ee89afe1e7127e8e06f79c4,持卡人消费,学士楼商务网关,-8.6,161.83,3893,正常
2016/05/09 14:40:23,c44e39278d946300d4f9af0d0fc6590aa37bec5d,03851fac28f9c2401ee89afe1e7127e8e06f79c4,持卡人消费,A2,-6.0,155.83,3894,正常
2016/05/10 11:39:41,c44e39278d946300d4f9af0d0fc6590aa37bec5d,03851fac28f9c2401ee89afe1e7127e8e06f79c4,持卡人消费,学士楼商务网关,-8.1,147.73,3895,正常
2016/05/11 11:30:02,c44e39278d946300d4f9af0d0fc6590aa37bec5d,03851fac28f9c2401ee89afe1e7127e8e06f79c4,持卡人消费,学士楼商务网关,-8.4,139.33,3896,正常
2016/05/12 11:25:45,c44e39278d946300d4f9af0d0fc6590aa37bec5d,03851fac28f9c2401ee89afe1e7127e8e06f79c4,持卡人消费,学士楼商务网关,-8.1,131.23,3897,正常
2016/05/13 11:26:34,c44e39278d946300d4f9af0d0fc6590aa37bec5d,03851fac28f9c2401ee89afe1e7127e8e06f79c4,持卡人消费,硕果园（工大商店）,-12.0,119.23,3898,正常
2016/05/13 11:53:02,c44e39278d946300d4f9af0d0fc6590aa37bec5d,03851fac28f9c2401ee89afe1e7127e8e06f79c4,持卡人消费,超市商务子系统,-10.4,108.83,3899,正常
2016/05/13 11:55:40,c44e39278d946300d4f9af0d0fc6590aa37bec5d,03851fac28f9c2401ee89afe1e7127e8e06f79c4,持卡人消费,超市商务子系统,-2.0,106.83,3900,正常
2016/05/15 11:22:22,c44e39278d946300d4f9af0d0fc6590aa37bec5d,03851fac28f9c2401ee89afe1e7127e8e06f79c4,持卡人消费,学士楼商务网关,-8.6,98.23,3901,正常
2016/05/16 11:25:17,c44e39278d946300d4f9af0d0fc6590aa37bec5d,03851fac28f9c2401ee89afe1e7127e8e06f79c4,持卡人消费,学子楼商务网关,-8.4,89.83,3902,正常
2016/05/17 11:28:27,c44e39278d946300d4f9af0d0fc6590aa37bec5d,03851fac28f9c2401ee89afe1e7127e8e06f79c4,持卡人消费,学士楼商务网关,-7.1,82.73,3903,正常
2016/05/18 11:41:05,c44e39278d946300d4f9af0d0fc6590aa37bec5d,03851fac28f9c2401ee89afe1e7127e8e06f79c4,持卡人消费,五食堂商务网关,-8.0,74.73,3904,正常
2016/05/18 11:42:17,c44e39278d946300d4f9af0d0fc6590aa37bec5d,03851fac28f9c2401ee89afe1e7127e8e06f79c4,持卡人消费,五食堂商务网关,-1.0,73.73,3905,正常
2016/05/19 07:37:26,c44e39278d946300d4f9af0d0fc6590aa37bec5d,03851fac28f9c2401ee89afe1e7127e8e06f79c4,持卡人消费,学士楼商务网关,-2.7,71.03,3906,正常
2016/05/19 10:13:27,c44e39278d946300d4f9af0d0fc6590aa37bec5d,03851fac28f9c2401ee89afe1e7127e8e06f79c4,持卡人消费,超市商务子系统,-2.0,69.03,3907,正常
2016/05/19 11:46:54,c44e39278d946300d4f9af0d0fc6590aa37bec5d,03851fac28f9c2401ee89afe1e7127e8e06f79c4,持卡人消费,九食堂商务网关,-9.0,60.03,3908,正常
2016/05/19 11:47:03,c44e39278d946300d4f9af0d0fc6590aa37bec5d,03851fac28f9c2401ee89afe1e7127e8e06f79c4,持卡人消费,九食堂商务网关,-10.0,50.03,3909,正常
2016/05/20 11:05:22,c44e39278d946300d4f9af0d0fc6590aa37bec5d,03851fac28f9c2401ee89afe1e7127e8e06f79c4,持卡人消费,学士楼商务网关,-7.6,42.43,3910,正常
2016/05/20 11:17:32,c44e39278d946300d4f9af0d0fc6590aa37bec5d,03851fac28f9c2401ee89afe1e7127e8e06f79c4,持卡人消费,超市商务子系统,-8.0,34.43,3911,正常
2016/05/20 18:59:04,c44e39278d946300d4f9af0d0fc6590aa37bec5d,03851fac28f9c2401ee89afe1e7127e8e06f79c4,持卡人消费,一校区水控新,-0.96,33.47,3913,正常
2016/05/20 19:02:58,c44e39278d946300d4f9af0d0fc6590aa37bec5d,03851fac28f9c2401ee89afe1e7127e8e06f79c4,持卡人消费,一校区水控新,-0.37,33.10,3915,正常
2016/05/20 19:09:38,c44e39278d946300d4f9af0d0fc6590aa37bec5d,03851fac28f9c2401ee89afe1e7127e8e06f79c4,持卡人消费,一校区水控新,-0.98,32.12,3917,正常
2016/05/21 08:26:24,c44e39278d946300d4f9af0d0fc6590aa37bec5d,03851fac28f9c2401ee89afe1e7127e8e06f79c4,持卡人消费,学士楼商务网关,-2.5,29.62,3918,正常
2016/05/21 11:21:45,c44e39278d946300d4f9af0d0fc6590aa37bec5d,03851fac28f9c2401ee89afe1e7127e8e06f79c4,持卡人消费,学士楼商务网关,-8.1,21.52,3919,正常
2016/05/23 11:23:14,c44e39278d946300d4f9af0d0fc6590aa37bec5d,03851fac28f9c2401ee89afe1e7127e8e06f79c4,持卡人消费,A2,-3.0,15.62,3921,正常
2016/05/23 11:28:24,c44e39278d946300d4f9af0d0fc6590aa37bec5d,03851fac28f9c2401ee89afe1e7127e8e06f79c4,存款,学苑楼综合业务3,100.0,115.62,3922,正常
2016/05/23 11:33:17,c44e39278d946300d4f9af0d0fc6590aa37bec5d,03851fac28f9c2401ee89afe1e7127e8e06f79c4,持卡人消费,学士楼商务网关,-6.6,109.02,3923,正常
2016/05/23 11:33:22,c44e39278d946300d4f9af0d0fc6590aa37bec5d,03851fac28f9c2401ee89afe1e7127e8e06f79c4,持卡人消费,学士楼商务网关,-13.1,95.92,3924,正常
2016/05/24 11:17:47,c44e39278d946300d4f9af0d0fc6590aa37bec5d,03851fac28f9c2401ee89afe1e7127e8e06f79c4,持卡人消费,学士楼商务网关,-9.1,86.82,3925,正常
2016/05/25 11:23:15,c44e39278d946300d4f9af0d0fc6590aa37bec5d,03851fac28f9c2401ee89afe1e7127e8e06f79c4,持卡人消费,学士楼商务网关,-7.1,79.72,3926,正常
2016/05/26 12:38:42,c44e39278d946300d4f9af0d0fc6590aa37bec5d,03851fac28f9c2401ee89afe1e7127e8e06f79c4,持卡人消费,硕果园（工大商店）,-12.0,67.72,3927,正常
2016/05/27 11:33:46,c44e39278d946300d4f9af0d0fc6590aa37bec5d,03851fac28f9c2401ee89afe1e7127e8e06f79c4,持卡人消费,学士楼商务网关,-8.6,59.12,3928,正常
2016/05/28 10:58:03,c44e39278d946300d4f9af0d0fc6590aa37bec5d,03851fac28f9c2401ee89afe1e7127e8e06f79c4,存款,现金充值机,200.0,259.12,3929,正常
2016/05/28 11:21:25,c44e39278d946300d4f9af0d0fc6590aa37bec5d,03851fac28f9c2401ee89afe1e7127e8e06f79c4,持卡人消费,学苑楼商务网关,-8.0,251.12,3930,正常
2016/05/28 11:36:37,c44e39278d946300d4f9af0d0fc6590aa37bec5d,03851fac28f9c2401ee89afe1e7127e8e06f79c4,持卡人消费,超市商务子系统,-2.0,249.12,3931,正常
2016/05/29 11:12:16,c44e39278d946300d4f9af0d0fc6590aa37bec5d,03851fac28f9c2401ee89afe1e7127e8e06f79c4,持卡人消费,学士楼商务网关,-8.1,241.02,3932,正常
2016/05/30 12:25:56,c44e39278d946300d4f9af0d0fc6590aa37bec5d,03851fac28f9c2401ee89afe1e7127e8e06f79c4,持卡人消费,硕果园（工大商店）,-12.5,228.52,3933,正常
2016/05/31 11:29:18,c44e39278d946300d4f9af0d0fc6590aa37bec5d,03851fac28f9c2401ee89afe1e7127e8e06f79c4,持卡人消费,学士楼商务网关,-8.1,220.42,3934,正常
