交易发生时间,学号,姓名,交易类型,子系统名称,交易额,现有余额,次数,状态
2016/05/01 14:02:09,ac281df6f2d0b3a3067e6de7c544696193ecab2d,038a43cb14633964d76bca0c30ebdd11cf593325,持卡人消费,学子便利店A01后楼,-12.5,60.13,2534,正常
2016/05/03 20:49:35,ac281df6f2d0b3a3067e6de7c544696193ecab2d,038a43cb14633964d76bca0c30ebdd11cf593325,持卡人消费,15公寓浴池,-1.94,58.19,2536,正常
2016/05/08 16:24:06,ac281df6f2d0b3a3067e6de7c544696193ecab2d,038a43cb14633964d76bca0c30ebdd11cf593325,持卡人消费,15公寓浴池,-2.0,56.19,2537,正常
2016/05/08 16:26:16,ac281df6f2d0b3a3067e6de7c544696193ecab2d,038a43cb14633964d76bca0c30ebdd11cf593325,持卡人消费,15公寓浴池,-0.38,55.81,2539,正常
2016/05/09 17:52:20,ac281df6f2d0b3a3067e6de7c544696193ecab2d,038a43cb14633964d76bca0c30ebdd11cf593325,持卡人消费,A1,-3.0,52.81,2540,正常
2016/05/11 12:58:39,ac281df6f2d0b3a3067e6de7c544696193ecab2d,038a43cb14633964d76bca0c30ebdd11cf593325,持卡人消费,硕果园（工大商店）,-12.0,40.81,2541,正常
2016/05/11 13:03:02,ac281df6f2d0b3a3067e6de7c544696193ecab2d,038a43cb14633964d76bca0c30ebdd11cf593325,持卡人消费,硕果园（工大商店）,-4.0,36.81,2542,正常
2016/05/15 14:33:00,ac281df6f2d0b3a3067e6de7c544696193ecab2d,038a43cb14633964d76bca0c30ebdd11cf593325,持卡人消费,学子超市园丁总店,-0.6,36.21,2543,正常
2016/05/15 20:48:38,ac281df6f2d0b3a3067e6de7c544696193ecab2d,038a43cb14633964d76bca0c30ebdd11cf593325,持卡人消费,15公寓浴池,-2.0,34.21,2544,正常
2016/05/15 20:52:54,ac281df6f2d0b3a3067e6de7c544696193ecab2d,038a43cb14633964d76bca0c30ebdd11cf593325,持卡人消费,15公寓浴池,-0.8,33.41,2546,正常
2016/05/15 21:01:46,ac281df6f2d0b3a3067e6de7c544696193ecab2d,038a43cb14633964d76bca0c30ebdd11cf593325,持卡人消费,A1,-3.0,30.41,2547,正常
2016/05/18 11:29:42,ac281df6f2d0b3a3067e6de7c544696193ecab2d,038a43cb14633964d76bca0c30ebdd11cf593325,持卡人消费,学子便利店A01后楼,-4.2,26.21,2548,正常
2016/05/19 12:13:25,ac281df6f2d0b3a3067e6de7c544696193ecab2d,038a43cb14633964d76bca0c30ebdd11cf593325,持卡人消费,15公寓浴池,-0.14,26.07,2550,正常
2016/05/19 12:23:58,ac281df6f2d0b3a3067e6de7c544696193ecab2d,038a43cb14633964d76bca0c30ebdd11cf593325,持卡人消费,15公寓浴池,-2.0,24.07,2551,正常
2016/05/19 12:29:20,ac281df6f2d0b3a3067e6de7c544696193ecab2d,038a43cb14633964d76bca0c30ebdd11cf593325,持卡人消费,15公寓浴池,-1.02,23.05,2553,正常
2016/05/22 17:43:41,ac281df6f2d0b3a3067e6de7c544696193ecab2d,038a43cb14633964d76bca0c30ebdd11cf593325,持卡人消费,15公寓浴池,-1.9,21.15,2555,正常
2016/05/22 17:54:25,ac281df6f2d0b3a3067e6de7c544696193ecab2d,038a43cb14633964d76bca0c30ebdd11cf593325,持卡人消费,15公寓浴池,-2.0,19.15,2556,正常
2016/05/26 15:38:42,ac281df6f2d0b3a3067e6de7c544696193ecab2d,038a43cb14633964d76bca0c30ebdd11cf593325,持卡人消费,15公寓浴池,-2.0,17.15,2557,正常
2016/05/26 15:46:54,ac281df6f2d0b3a3067e6de7c544696193ecab2d,038a43cb14633964d76bca0c30ebdd11cf593325,持卡人消费,15公寓浴池,-1.57,15.58,2559,正常
2016/05/29 20:28:52,ac281df6f2d0b3a3067e6de7c544696193ecab2d,038a43cb14633964d76bca0c30ebdd11cf593325,持卡人消费,15公寓浴池,-2.0,13.58,2560,正常
2016/05/29 20:28:53,ac281df6f2d0b3a3067e6de7c544696193ecab2d,038a43cb14633964d76bca0c30ebdd11cf593325,持卡人消费,15公寓浴池,-2.0,11.58,2561,正常
2016/05/29 20:31:35,ac281df6f2d0b3a3067e6de7c544696193ecab2d,038a43cb14633964d76bca0c30ebdd11cf593325,持卡人消费,15公寓浴池,-0.5,11.08,2563,正常
2016/05/30 12:37:01,ac281df6f2d0b3a3067e6de7c544696193ecab2d,038a43cb14633964d76bca0c30ebdd11cf593325,持卡人消费,学子便利店A01后楼,-1.0,10.08,2564,正常
2016/05/31 14:13:22,ac281df6f2d0b3a3067e6de7c544696193ecab2d,038a43cb14633964d76bca0c30ebdd11cf593325,持卡人消费,学子超市园丁总店,-0.1,9.98,2565,正常
