交易发生时间,学号,姓名,交易类型,子系统名称,交易额,现有余额,次数,状态
2016/05/01 19:04:01,ba340a36653a08ce9833abef55788f2070fe0e97,03b7fc06ae6113c204419f120f09a2fdb1230ed7,持卡人消费,学子便利店A01后楼,-3.0,59.48,1283,正常
2016/05/02 22:24:01,ba340a36653a08ce9833abef55788f2070fe0e97,03b7fc06ae6113c204419f120f09a2fdb1230ed7,持卡人消费,学子便利店A01后楼,-5.5,53.98,1284,正常
2016/05/06 18:21:15,ba340a36653a08ce9833abef55788f2070fe0e97,03b7fc06ae6113c204419f120f09a2fdb1230ed7,持卡人消费,15公寓浴池,-2.0,51.98,1285,正常
2016/05/06 18:21:45,ba340a36653a08ce9833abef55788f2070fe0e97,03b7fc06ae6113c204419f120f09a2fdb1230ed7,持卡人消费,15公寓浴池,-0.02,51.96,1287,正常
2016/05/06 18:23:43,ba340a36653a08ce9833abef55788f2070fe0e97,03b7fc06ae6113c204419f120f09a2fdb1230ed7,持卡人消费,15公寓浴池,-0.35,51.61,1289,正常
2016/05/08 20:33:34,ba340a36653a08ce9833abef55788f2070fe0e97,03b7fc06ae6113c204419f120f09a2fdb1230ed7,持卡人消费,学子便利店A01后楼,-2.4,49.21,1290,正常
2016/05/11 20:30:36,ba340a36653a08ce9833abef55788f2070fe0e97,03b7fc06ae6113c204419f120f09a2fdb1230ed7,持卡人消费,学子便利店A01后楼,-6.0,43.21,1291,正常
2016/05/14 19:34:44,ba340a36653a08ce9833abef55788f2070fe0e97,03b7fc06ae6113c204419f120f09a2fdb1230ed7,持卡人消费,学子便利店A01后楼,-9.5,33.71,1292,正常
2016/05/15 19:31:49,ba340a36653a08ce9833abef55788f2070fe0e97,03b7fc06ae6113c204419f120f09a2fdb1230ed7,持卡人消费,学子便利店A01后楼,-10.9,22.81,1293,正常
2016/05/16 19:25:07,ba340a36653a08ce9833abef55788f2070fe0e97,03b7fc06ae6113c204419f120f09a2fdb1230ed7,持卡人消费,学子便利店A01后楼,-4.0,18.81,1294,正常
2016/05/16 21:40:42,ba340a36653a08ce9833abef55788f2070fe0e97,03b7fc06ae6113c204419f120f09a2fdb1230ed7,持卡人消费,学子便利店A01后楼,-0.3,18.51,1295,正常
2016/05/17 19:31:16,ba340a36653a08ce9833abef55788f2070fe0e97,03b7fc06ae6113c204419f120f09a2fdb1230ed7,持卡人消费,学子便利店A01后楼,-3.8,14.71,1296,正常
2016/05/18 17:39:01,ba340a36653a08ce9833abef55788f2070fe0e97,03b7fc06ae6113c204419f120f09a2fdb1230ed7,存款,卡中心综合业务,50.0,64.71,1297,正常
2016/05/18 17:44:54,ba340a36653a08ce9833abef55788f2070fe0e97,03b7fc06ae6113c204419f120f09a2fdb1230ed7,持卡人消费,学士楼商务网关,-11.8,52.91,1298,正常
2016/05/20 20:09:09,ba340a36653a08ce9833abef55788f2070fe0e97,03b7fc06ae6113c204419f120f09a2fdb1230ed7,持卡人消费,学子便利店A01后楼,-2.0,50.91,1299,正常
2016/05/20 21:51:34,ba340a36653a08ce9833abef55788f2070fe0e97,03b7fc06ae6113c204419f120f09a2fdb1230ed7,持卡人消费,学子便利店A01后楼,-4.7,46.21,1300,正常
2016/05/21 21:08:54,ba340a36653a08ce9833abef55788f2070fe0e97,03b7fc06ae6113c204419f120f09a2fdb1230ed7,持卡人消费,学子便利店A01后楼,-9.9,36.31,1301,正常
2016/05/22 20:22:41,ba340a36653a08ce9833abef55788f2070fe0e97,03b7fc06ae6113c204419f120f09a2fdb1230ed7,持卡人消费,网络中心,-30.0,6.31,1302,正常
2016/05/22 22:09:59,ba340a36653a08ce9833abef55788f2070fe0e97,03b7fc06ae6113c204419f120f09a2fdb1230ed7,持卡人消费,学子便利店A01后楼,-0.8,5.51,1303,正常
