交易发生时间,学号,姓名,交易类型,子系统名称,交易额,现有余额,次数,状态
2016/05/03 09:44:43,6b60f12847d54eefa734cc59eaac6b0292870747,03d815ae220c4ddf3c85c253af17ab927bfd5e4d,存款,现金充值机,100.0,103.12,5133,正常
2016/05/03 10:20:07,6b60f12847d54eefa734cc59eaac6b0292870747,03d815ae220c4ddf3c85c253af17ab927bfd5e4d,持卡人消费,A1,-3.0,100.12,5134,正常
2016/05/03 20:36:03,6b60f12847d54eefa734cc59eaac6b0292870747,03d815ae220c4ddf3c85c253af17ab927bfd5e4d,持卡人消费,学子便利店A01后楼,-2.6,97.52,5135,正常
2016/05/04 09:55:41,6b60f12847d54eefa734cc59eaac6b0292870747,03d815ae220c4ddf3c85c253af17ab927bfd5e4d,持卡人消费,学子便利店A01后楼,-8.5,89.02,5136,正常
2016/05/04 15:51:32,6b60f12847d54eefa734cc59eaac6b0292870747,03d815ae220c4ddf3c85c253af17ab927bfd5e4d,持卡人消费,硕果园（工大商店）,-10.8,78.22,5137,正常
2016/05/04 19:02:14,6b60f12847d54eefa734cc59eaac6b0292870747,03d815ae220c4ddf3c85c253af17ab927bfd5e4d,持卡人消费,学士楼商务网关,-12.36,65.86,5138,正常
2016/05/04 19:28:41,6b60f12847d54eefa734cc59eaac6b0292870747,03d815ae220c4ddf3c85c253af17ab927bfd5e4d,持卡人消费,学子便利店A01后楼,-3.0,62.86,5139,正常
2016/05/04 19:50:34,6b60f12847d54eefa734cc59eaac6b0292870747,03d815ae220c4ddf3c85c253af17ab927bfd5e4d,持卡人消费,15公寓浴池,-1.71,61.15,5141,正常
2016/05/04 21:31:20,6b60f12847d54eefa734cc59eaac6b0292870747,03d815ae220c4ddf3c85c253af17ab927bfd5e4d,持卡人消费,学子便利店A01后楼,-8.2,52.95,5142,正常
2016/05/05 12:46:17,6b60f12847d54eefa734cc59eaac6b0292870747,03d815ae220c4ddf3c85c253af17ab927bfd5e4d,持卡人消费,一区图书馆APOS,-7.8,45.15,5143,正常
2016/05/06 10:19:18,6b60f12847d54eefa734cc59eaac6b0292870747,03d815ae220c4ddf3c85c253af17ab927bfd5e4d,持卡人消费,学子便利店A01后楼,-9.0,36.15,5144,正常
2016/05/07 17:26:32,6b60f12847d54eefa734cc59eaac6b0292870747,03d815ae220c4ddf3c85c253af17ab927bfd5e4d,持卡人消费,15公寓浴池,-1.07,33.08,5147,正常
2016/05/07 17:26:36,6b60f12847d54eefa734cc59eaac6b0292870747,03d815ae220c4ddf3c85c253af17ab927bfd5e4d,持卡人消费,15公寓浴池,-1.12,33.96,5148,正常
2016/05/08 10:22:31,6b60f12847d54eefa734cc59eaac6b0292870747,03d815ae220c4ddf3c85c253af17ab927bfd5e4d,持卡人消费,学子便利店A01后楼,-6.8,27.16,5149,正常
2016/05/10 18:17:18,6b60f12847d54eefa734cc59eaac6b0292870747,03d815ae220c4ddf3c85c253af17ab927bfd5e4d,持卡人消费,超市商务子系统,-11.9,15.26,5150,正常
2016/05/10 18:44:44,6b60f12847d54eefa734cc59eaac6b0292870747,03d815ae220c4ddf3c85c253af17ab927bfd5e4d,持卡人消费,硕果园（工大商店）,-9.0,6.26,5151,正常
2016/05/10 18:49:09,6b60f12847d54eefa734cc59eaac6b0292870747,03d815ae220c4ddf3c85c253af17ab927bfd5e4d,持卡人消费,学士楼商务网关,-2.5,3.76,5152,正常
2016/05/11 17:23:48,6b60f12847d54eefa734cc59eaac6b0292870747,03d815ae220c4ddf3c85c253af17ab927bfd5e4d,持卡人消费,15公寓浴池,-1.66,2.10,5154,正常
2016/05/12 21:38:51,6b60f12847d54eefa734cc59eaac6b0292870747,03d815ae220c4ddf3c85c253af17ab927bfd5e4d,持卡人消费,学子便利店A01后楼,-0.3,1.80,5155,正常
2016/05/15 10:10:56,6b60f12847d54eefa734cc59eaac6b0292870747,03d815ae220c4ddf3c85c253af17ab927bfd5e4d,持卡人消费,超市商务子系统,-0.3,1.50,5156,正常
2016/05/15 11:26:47,6b60f12847d54eefa734cc59eaac6b0292870747,03d815ae220c4ddf3c85c253af17ab927bfd5e4d,存款,学苑楼综合业务2,100.0,101.50,5157,正常
2016/05/15 11:30:04,6b60f12847d54eefa734cc59eaac6b0292870747,03d815ae220c4ddf3c85c253af17ab927bfd5e4d,持卡人消费,学苑楼商务网关,-0.5,101.00,5158,正常
2016/05/17 09:36:05,6b60f12847d54eefa734cc59eaac6b0292870747,03d815ae220c4ddf3c85c253af17ab927bfd5e4d,持卡人消费,超市商务子系统,-5.0,96.00,5159,正常
2016/05/17 11:31:28,6b60f12847d54eefa734cc59eaac6b0292870747,03d815ae220c4ddf3c85c253af17ab927bfd5e4d,持卡人消费,学苑楼商务网关,-5.0,91.00,5160,正常
2016/05/17 11:32:47,6b60f12847d54eefa734cc59eaac6b0292870747,03d815ae220c4ddf3c85c253af17ab927bfd5e4d,持卡人消费,学苑楼商务网关,-5.0,86.00,5161,正常
2016/05/17 11:33:40,6b60f12847d54eefa734cc59eaac6b0292870747,03d815ae220c4ddf3c85c253af17ab927bfd5e4d,持卡人消费,学苑楼商务网关,-2.5,83.50,5162,正常
2016/05/17 19:07:44,6b60f12847d54eefa734cc59eaac6b0292870747,03d815ae220c4ddf3c85c253af17ab927bfd5e4d,持卡人消费,超市商务子系统,-13.2,70.30,5163,正常
2016/05/17 19:09:45,6b60f12847d54eefa734cc59eaac6b0292870747,03d815ae220c4ddf3c85c253af17ab927bfd5e4d,持卡人消费,超市商务子系统,-2.5,67.80,5164,正常
2016/05/18 08:41:22,6b60f12847d54eefa734cc59eaac6b0292870747,03d815ae220c4ddf3c85c253af17ab927bfd5e4d,持卡人消费,学子便利店A01后楼,-12.3,55.50,5165,正常
2016/05/18 12:00:23,6b60f12847d54eefa734cc59eaac6b0292870747,03d815ae220c4ddf3c85c253af17ab927bfd5e4d,持卡人消费,学苑楼商务网关,-3.0,52.50,5166,正常
2016/05/18 12:00:58,6b60f12847d54eefa734cc59eaac6b0292870747,03d815ae220c4ddf3c85c253af17ab927bfd5e4d,持卡人消费,学苑楼商务网关,-10.0,42.50,5167,正常
2016/05/18 12:01:26,6b60f12847d54eefa734cc59eaac6b0292870747,03d815ae220c4ddf3c85c253af17ab927bfd5e4d,持卡人消费,学苑楼商务网关,-0.6,41.90,5168,正常
2016/05/18 12:25:53,6b60f12847d54eefa734cc59eaac6b0292870747,03d815ae220c4ddf3c85c253af17ab927bfd5e4d,持卡人消费,超市商务子系统,-6.2,35.70,5169,正常
2016/05/18 12:33:33,6b60f12847d54eefa734cc59eaac6b0292870747,03d815ae220c4ddf3c85c253af17ab927bfd5e4d,持卡人消费,A1,-3.0,32.70,5170,正常
2016/05/18 16:54:18,6b60f12847d54eefa734cc59eaac6b0292870747,03d815ae220c4ddf3c85c253af17ab927bfd5e4d,持卡人消费,学子便利店A01后楼,-1.0,31.70,5171,正常
2016/05/18 17:05:47,6b60f12847d54eefa734cc59eaac6b0292870747,03d815ae220c4ddf3c85c253af17ab927bfd5e4d,持卡人消费,15公寓浴池,-1.6,30.10,5173,正常
2016/05/18 18:01:56,6b60f12847d54eefa734cc59eaac6b0292870747,03d815ae220c4ddf3c85c253af17ab927bfd5e4d,持卡人消费,硕果园（工大商店）,-16.0,14.10,5174,正常
2016/05/18 18:20:28,6b60f12847d54eefa734cc59eaac6b0292870747,03d815ae220c4ddf3c85c253af17ab927bfd5e4d,持卡人消费,硕果园（工大商店）,-8.2,5.90,5175,正常
2016/05/19 08:37:20,6b60f12847d54eefa734cc59eaac6b0292870747,03d815ae220c4ddf3c85c253af17ab927bfd5e4d,持卡人消费,学士楼商务网关,-2.0,3.90,5176,正常
2016/05/19 08:37:52,6b60f12847d54eefa734cc59eaac6b0292870747,03d815ae220c4ddf3c85c253af17ab927bfd5e4d,持卡人消费,学士楼商务网关,-1.8,2.10,5177,正常
2016/05/19 08:40:11,6b60f12847d54eefa734cc59eaac6b0292870747,03d815ae220c4ddf3c85c253af17ab927bfd5e4d,持卡人消费,学士楼商务网关,-1.5,0.60,5178,正常
2016/05/19 11:23:23,6b60f12847d54eefa734cc59eaac6b0292870747,03d815ae220c4ddf3c85c253af17ab927bfd5e4d,存款,学苑楼综合业务2,100.0,100.60,5179,正常
2016/05/19 11:25:48,6b60f12847d54eefa734cc59eaac6b0292870747,03d815ae220c4ddf3c85c253af17ab927bfd5e4d,持卡人消费,学苑楼商务网关,-8.0,92.60,5180,正常
2016/05/19 11:27:08,6b60f12847d54eefa734cc59eaac6b0292870747,03d815ae220c4ddf3c85c253af17ab927bfd5e4d,持卡人消费,学苑楼商务网关,-6.0,86.60,5181,正常
2016/05/19 11:27:53,6b60f12847d54eefa734cc59eaac6b0292870747,03d815ae220c4ddf3c85c253af17ab927bfd5e4d,持卡人消费,学苑楼商务网关,-2.0,84.60,5182,正常
2016/05/19 12:36:59,6b60f12847d54eefa734cc59eaac6b0292870747,03d815ae220c4ddf3c85c253af17ab927bfd5e4d,持卡人消费,学子便利店A01后楼,-3.7,80.90,5183,正常
2016/05/19 16:44:01,6b60f12847d54eefa734cc59eaac6b0292870747,03d815ae220c4ddf3c85c253af17ab927bfd5e4d,持卡人消费,15公寓浴池,-0.99,79.91,5185,正常
2016/05/19 16:51:52,6b60f12847d54eefa734cc59eaac6b0292870747,03d815ae220c4ddf3c85c253af17ab927bfd5e4d,持卡人消费,学子便利店A01后楼,-3.4,76.51,5186,正常
2016/05/19 18:43:30,6b60f12847d54eefa734cc59eaac6b0292870747,03d815ae220c4ddf3c85c253af17ab927bfd5e4d,持卡人消费,硕果园（工大商店）,-12.0,64.51,5187,正常
2016/05/20 09:06:57,6b60f12847d54eefa734cc59eaac6b0292870747,03d815ae220c4ddf3c85c253af17ab927bfd5e4d,持卡人消费,学子便利店A01后楼,-6.9,57.61,5188,正常
2016/05/20 12:38:41,6b60f12847d54eefa734cc59eaac6b0292870747,03d815ae220c4ddf3c85c253af17ab927bfd5e4d,持卡人消费,超市商务子系统,-1.2,56.41,5189,正常
2016/05/20 19:59:57,6b60f12847d54eefa734cc59eaac6b0292870747,03d815ae220c4ddf3c85c253af17ab927bfd5e4d,持卡人消费,15公寓浴池,-1.54,54.87,5191,正常
2016/05/20 20:07:42,6b60f12847d54eefa734cc59eaac6b0292870747,03d815ae220c4ddf3c85c253af17ab927bfd5e4d,持卡人消费,学子便利店A01后楼,-6.9,47.97,5192,正常
2016/05/20 20:08:41,6b60f12847d54eefa734cc59eaac6b0292870747,03d815ae220c4ddf3c85c253af17ab927bfd5e4d,持卡人消费,学子便利店A01后楼,-6.9,41.07,5193,正常
2016/05/20 21:13:57,6b60f12847d54eefa734cc59eaac6b0292870747,03d815ae220c4ddf3c85c253af17ab927bfd5e4d,持卡人消费,学子超市园丁总店,-2.2,38.87,5194,正常
2016/05/21 08:49:45,6b60f12847d54eefa734cc59eaac6b0292870747,03d815ae220c4ddf3c85c253af17ab927bfd5e4d,持卡人消费,学士楼商务网关,-11.6,27.27,5195,正常
2016/05/21 12:47:52,6b60f12847d54eefa734cc59eaac6b0292870747,03d815ae220c4ddf3c85c253af17ab927bfd5e4d,持卡人消费,A1,-3.0,24.27,5196,正常
2016/05/21 15:25:44,6b60f12847d54eefa734cc59eaac6b0292870747,03d815ae220c4ddf3c85c253af17ab927bfd5e4d,持卡人消费,A1,-3.0,21.27,5197,正常
2016/05/22 07:36:34,6b60f12847d54eefa734cc59eaac6b0292870747,03d815ae220c4ddf3c85c253af17ab927bfd5e4d,持卡人消费,学士楼商务网关,-3.8,17.47,5198,正常
2016/05/22 07:37:48,6b60f12847d54eefa734cc59eaac6b0292870747,03d815ae220c4ddf3c85c253af17ab927bfd5e4d,持卡人消费,学士楼商务网关,-1.0,16.47,5199,正常
2016/05/22 07:39:17,6b60f12847d54eefa734cc59eaac6b0292870747,03d815ae220c4ddf3c85c253af17ab927bfd5e4d,持卡人消费,学士楼商务网关,-2.5,13.97,5200,正常
2016/05/22 19:47:34,6b60f12847d54eefa734cc59eaac6b0292870747,03d815ae220c4ddf3c85c253af17ab927bfd5e4d,持卡人消费,15公寓浴池,-1.49,10.48,5203,正常
2016/05/22 19:48:46,6b60f12847d54eefa734cc59eaac6b0292870747,03d815ae220c4ddf3c85c253af17ab927bfd5e4d,持卡人消费,15公寓浴池,-1.74,10.74,5204,正常
2016/05/22 19:57:24,6b60f12847d54eefa734cc59eaac6b0292870747,03d815ae220c4ddf3c85c253af17ab927bfd5e4d,持卡人消费,学子便利店A01后楼,-9.0,1.74,5205,正常
2016/05/24 08:43:37,6b60f12847d54eefa734cc59eaac6b0292870747,03d815ae220c4ddf3c85c253af17ab927bfd5e4d,持卡人消费,学子便利店A01后楼,-0.2,1.54,5206,正常
2016/05/25 11:33:32,6b60f12847d54eefa734cc59eaac6b0292870747,03d815ae220c4ddf3c85c253af17ab927bfd5e4d,存款,卡中心综合业务,100.0,101.54,5207,正常
2016/05/25 11:36:59,6b60f12847d54eefa734cc59eaac6b0292870747,03d815ae220c4ddf3c85c253af17ab927bfd5e4d,持卡人消费,学苑楼商务网关,-3.0,98.54,5208,正常
2016/05/25 11:37:09,6b60f12847d54eefa734cc59eaac6b0292870747,03d815ae220c4ddf3c85c253af17ab927bfd5e4d,持卡人消费,学苑楼商务网关,-8.0,90.54,5209,正常
2016/05/25 11:39:25,6b60f12847d54eefa734cc59eaac6b0292870747,03d815ae220c4ddf3c85c253af17ab927bfd5e4d,持卡人消费,学苑楼商务网关,-1.7,88.84,5210,正常
2016/05/25 12:01:13,6b60f12847d54eefa734cc59eaac6b0292870747,03d815ae220c4ddf3c85c253af17ab927bfd5e4d,持卡人消费,学苑楼商务网关,-9.0,79.84,5211,正常
2016/05/25 18:17:05,6b60f12847d54eefa734cc59eaac6b0292870747,03d815ae220c4ddf3c85c253af17ab927bfd5e4d,持卡人消费,学子便利店A01后楼,-12.9,66.94,5212,正常
2016/05/25 18:25:09,6b60f12847d54eefa734cc59eaac6b0292870747,03d815ae220c4ddf3c85c253af17ab927bfd5e4d,持卡人消费,15公寓浴池,-0.9,66.04,5214,正常
2016/05/26 08:32:44,6b60f12847d54eefa734cc59eaac6b0292870747,03d815ae220c4ddf3c85c253af17ab927bfd5e4d,持卡人消费,学士楼商务网关,-3.8,62.24,5215,正常
2016/05/26 08:34:06,6b60f12847d54eefa734cc59eaac6b0292870747,03d815ae220c4ddf3c85c253af17ab927bfd5e4d,持卡人消费,学士楼商务网关,-2.0,60.24,5216,正常
2016/05/26 08:34:10,6b60f12847d54eefa734cc59eaac6b0292870747,03d815ae220c4ddf3c85c253af17ab927bfd5e4d,持卡人消费,学士楼商务网关,-2.0,58.24,5217,正常
2016/05/26 08:34:11,6b60f12847d54eefa734cc59eaac6b0292870747,03d815ae220c4ddf3c85c253af17ab927bfd5e4d,持卡人消费,学士楼商务网关,-0.5,57.74,5218,正常
2016/05/26 16:00:49,6b60f12847d54eefa734cc59eaac6b0292870747,03d815ae220c4ddf3c85c253af17ab927bfd5e4d,持卡人消费,硕果园（工大商店）,-2.9,54.84,5219,正常
2016/05/27 08:53:37,6b60f12847d54eefa734cc59eaac6b0292870747,03d815ae220c4ddf3c85c253af17ab927bfd5e4d,持卡人消费,硕果园（工大商店）,-6.0,48.84,5220,正常
2016/05/27 08:54:07,6b60f12847d54eefa734cc59eaac6b0292870747,03d815ae220c4ddf3c85c253af17ab927bfd5e4d,持卡人消费,硕果园（工大商店）,-2.0,46.84,5221,正常
2016/05/27 12:30:00,6b60f12847d54eefa734cc59eaac6b0292870747,03d815ae220c4ddf3c85c253af17ab927bfd5e4d,持卡人消费,15公寓浴池,-0.02,46.82,5223,正常
2016/05/27 12:40:28,6b60f12847d54eefa734cc59eaac6b0292870747,03d815ae220c4ddf3c85c253af17ab927bfd5e4d,持卡人消费,15公寓浴池,-1.98,44.84,5225,正常
2016/05/27 15:15:03,6b60f12847d54eefa734cc59eaac6b0292870747,03d815ae220c4ddf3c85c253af17ab927bfd5e4d,持卡人消费,学子便利店A01后楼,-16.7,28.14,5226,正常
2016/05/28 15:47:33,6b60f12847d54eefa734cc59eaac6b0292870747,03d815ae220c4ddf3c85c253af17ab927bfd5e4d,持卡人消费,学子便利店A01后楼,-8.1,20.04,5227,正常
2016/05/29 16:29:19,6b60f12847d54eefa734cc59eaac6b0292870747,03d815ae220c4ddf3c85c253af17ab927bfd5e4d,持卡人消费,15公寓浴池,-1.15,16.89,5230,正常
2016/05/29 16:30:33,6b60f12847d54eefa734cc59eaac6b0292870747,03d815ae220c4ddf3c85c253af17ab927bfd5e4d,持卡人消费,15公寓浴池,-1.36,17.53,5231,正常
2016/05/29 19:34:06,6b60f12847d54eefa734cc59eaac6b0292870747,03d815ae220c4ddf3c85c253af17ab927bfd5e4d,持卡人消费,学子超市园丁总店,-3.5,14.03,5232,正常
2016/05/29 19:35:24,6b60f12847d54eefa734cc59eaac6b0292870747,03d815ae220c4ddf3c85c253af17ab927bfd5e4d,持卡人消费,学子超市园丁总店,-6.8,7.23,5233,正常
2016/05/29 22:21:19,6b60f12847d54eefa734cc59eaac6b0292870747,03d815ae220c4ddf3c85c253af17ab927bfd5e4d,持卡人消费,学子便利店A01后楼,-4.2,3.03,5234,正常
2016/05/29 22:21:23,6b60f12847d54eefa734cc59eaac6b0292870747,03d815ae220c4ddf3c85c253af17ab927bfd5e4d,持卡人消费,学子便利店A01后楼,-1.0,2.03,5235,正常
