交易发生时间,学号,姓名,交易类型,子系统名称,交易额,现有余额,次数,状态
2016/05/01 08:19:12,a640a501bdbbfb96da67045dc3eb5a1810314afa,043552d7795f3faa5d94ac2cf1ec976960755f19,持卡人消费,学士楼商务网关,-4.5,40.26,2365,正常
2016/05/02 07:57:29,a640a501bdbbfb96da67045dc3eb5a1810314afa,043552d7795f3faa5d94ac2cf1ec976960755f19,持卡人消费,学士楼商务网关,-3.5,36.76,2366,正常
2016/05/02 12:29:10,a640a501bdbbfb96da67045dc3eb5a1810314afa,043552d7795f3faa5d94ac2cf1ec976960755f19,持卡人消费,学苑楼商务网关,-6.0,30.76,2367,正常
2016/05/02 18:04:38,a640a501bdbbfb96da67045dc3eb5a1810314afa,043552d7795f3faa5d94ac2cf1ec976960755f19,持卡人消费,超市商务子系统,-11.1,19.66,2368,正常
2016/05/02 19:38:13,a640a501bdbbfb96da67045dc3eb5a1810314afa,043552d7795f3faa5d94ac2cf1ec976960755f19,持卡人消费,15公寓浴池,-1.66,18.00,2370,正常
2016/05/02 19:42:44,a640a501bdbbfb96da67045dc3eb5a1810314afa,043552d7795f3faa5d94ac2cf1ec976960755f19,持卡人消费,15公寓浴池,-0.42,17.58,2372,正常
2016/05/04 12:20:09,a640a501bdbbfb96da67045dc3eb5a1810314afa,043552d7795f3faa5d94ac2cf1ec976960755f19,持卡人消费,学苑楼商务网关,-6.0,11.58,2373,正常
2016/05/04 18:08:57,a640a501bdbbfb96da67045dc3eb5a1810314afa,043552d7795f3faa5d94ac2cf1ec976960755f19,持卡人消费,学苑楼商务网关,-8.0,3.58,2374,正常
2016/05/05 18:13:47,a640a501bdbbfb96da67045dc3eb5a1810314afa,043552d7795f3faa5d94ac2cf1ec976960755f19,存款,卡中心综合业务,200.0,203.58,2375,正常
2016/05/05 18:24:15,a640a501bdbbfb96da67045dc3eb5a1810314afa,043552d7795f3faa5d94ac2cf1ec976960755f19,持卡人消费,学子楼商务网关,-8.0,195.58,2376,正常
2016/05/05 18:24:38,a640a501bdbbfb96da67045dc3eb5a1810314afa,043552d7795f3faa5d94ac2cf1ec976960755f19,持卡人消费,学子楼商务网关,-8.0,187.58,2377,正常
2016/05/05 18:25:27,a640a501bdbbfb96da67045dc3eb5a1810314afa,043552d7795f3faa5d94ac2cf1ec976960755f19,持卡人消费,学子楼商务网关,-4.0,183.58,2378,正常
2016/05/06 12:22:01,a640a501bdbbfb96da67045dc3eb5a1810314afa,043552d7795f3faa5d94ac2cf1ec976960755f19,持卡人消费,学苑楼商务网关,-8.0,175.58,2379,正常
2016/05/06 12:22:24,a640a501bdbbfb96da67045dc3eb5a1810314afa,043552d7795f3faa5d94ac2cf1ec976960755f19,持卡人消费,学苑楼商务网关,-8.0,167.58,2380,正常
2016/05/07 09:46:55,a640a501bdbbfb96da67045dc3eb5a1810314afa,043552d7795f3faa5d94ac2cf1ec976960755f19,持卡人消费,A15,-3.0,164.58,2381,正常
2016/05/07 12:09:24,a640a501bdbbfb96da67045dc3eb5a1810314afa,043552d7795f3faa5d94ac2cf1ec976960755f19,持卡人消费,学苑楼商务网关,-3.0,161.58,2382,正常
2016/05/07 20:34:14,a640a501bdbbfb96da67045dc3eb5a1810314afa,043552d7795f3faa5d94ac2cf1ec976960755f19,持卡人消费,超市商务子系统,-5.0,156.58,2383,正常
2016/05/07 20:34:45,a640a501bdbbfb96da67045dc3eb5a1810314afa,043552d7795f3faa5d94ac2cf1ec976960755f19,持卡人消费,超市商务子系统,-20.2,136.38,2384,正常
2016/05/08 12:48:37,a640a501bdbbfb96da67045dc3eb5a1810314afa,043552d7795f3faa5d94ac2cf1ec976960755f19,持卡人消费,网络中心,-30.0,106.38,2385,正常
2016/05/09 20:28:29,a640a501bdbbfb96da67045dc3eb5a1810314afa,043552d7795f3faa5d94ac2cf1ec976960755f19,持卡人消费,15公寓浴池,-0.5,105.88,2387,正常
2016/05/09 20:35:56,a640a501bdbbfb96da67045dc3eb5a1810314afa,043552d7795f3faa5d94ac2cf1ec976960755f19,持卡人消费,15公寓浴池,-1.41,104.47,2389,正常
2016/05/09 20:38:18,a640a501bdbbfb96da67045dc3eb5a1810314afa,043552d7795f3faa5d94ac2cf1ec976960755f19,持卡人消费,15公寓浴池,-0.19,104.28,2391,正常
2016/05/12 11:43:23,a640a501bdbbfb96da67045dc3eb5a1810314afa,043552d7795f3faa5d94ac2cf1ec976960755f19,持卡人消费,学苑楼商务网关,-8.0,96.28,2392,正常
2016/05/14 15:56:01,a640a501bdbbfb96da67045dc3eb5a1810314afa,043552d7795f3faa5d94ac2cf1ec976960755f19,持卡人消费,超市商务子系统,-2.4,93.88,2393,正常
2016/05/14 15:57:42,a640a501bdbbfb96da67045dc3eb5a1810314afa,043552d7795f3faa5d94ac2cf1ec976960755f19,持卡人消费,超市商务子系统,-12.0,81.88,2394,正常
2016/05/14 15:58:55,a640a501bdbbfb96da67045dc3eb5a1810314afa,043552d7795f3faa5d94ac2cf1ec976960755f19,持卡人消费,超市商务子系统,-12.6,69.28,2395,正常
2016/05/15 13:16:46,a640a501bdbbfb96da67045dc3eb5a1810314afa,043552d7795f3faa5d94ac2cf1ec976960755f19,持卡人消费,超市商务子系统,-28.0,41.28,2396,正常
2016/05/27 18:09:57,a640a501bdbbfb96da67045dc3eb5a1810314afa,043552d7795f3faa5d94ac2cf1ec976960755f19,持卡人消费,学子楼商务网关,-10.5,30.78,2397,正常
2016/05/27 18:10:57,a640a501bdbbfb96da67045dc3eb5a1810314afa,043552d7795f3faa5d94ac2cf1ec976960755f19,持卡人消费,学子楼商务网关,-4.0,26.78,2398,正常
2016/05/27 18:41:41,a640a501bdbbfb96da67045dc3eb5a1810314afa,043552d7795f3faa5d94ac2cf1ec976960755f19,持卡人消费,超市商务子系统,-0.7,26.08,2399,正常
2016/05/27 18:41:53,a640a501bdbbfb96da67045dc3eb5a1810314afa,043552d7795f3faa5d94ac2cf1ec976960755f19,持卡人消费,超市商务子系统,-0.2,25.88,2400,正常
2016/05/31 20:23:51,a640a501bdbbfb96da67045dc3eb5a1810314afa,043552d7795f3faa5d94ac2cf1ec976960755f19,持卡人消费,超市商务子系统,-4.4,21.48,2401,正常
