交易发生时间,学号,姓名,交易类型,子系统名称,交易额,现有余额,次数,状态
2016/05/02 21:56:49,3be8884ca481ac91a673909726f5d4cc01f7cb0d,044ad088cf555bd46898036c0e18f011cfba69f3,持卡人消费,学子便利店A01后楼,-11.2,110.96,3003,正常
2016/05/04 12:09:37,3be8884ca481ac91a673909726f5d4cc01f7cb0d,044ad088cf555bd46898036c0e18f011cfba69f3,持卡人消费,学子便利店A01后楼,-6.4,104.56,3004,正常
2016/05/04 18:26:27,3be8884ca481ac91a673909726f5d4cc01f7cb0d,044ad088cf555bd46898036c0e18f011cfba69f3,持卡人消费,一校区水控新,-1.47,103.09,3005,正常
2016/05/04 19:57:12,3be8884ca481ac91a673909726f5d4cc01f7cb0d,044ad088cf555bd46898036c0e18f011cfba69f3,持卡人消费,学子便利店A01后楼,-7.3,95.79,3006,正常
2016/05/05 16:37:24,3be8884ca481ac91a673909726f5d4cc01f7cb0d,044ad088cf555bd46898036c0e18f011cfba69f3,持卡人消费,学苑楼商务网关,-9.0,86.79,3007,正常
2016/05/05 21:20:44,3be8884ca481ac91a673909726f5d4cc01f7cb0d,044ad088cf555bd46898036c0e18f011cfba69f3,持卡人消费,超市商务子系统,-12.0,74.79,3008,正常
2016/05/05 21:23:58,3be8884ca481ac91a673909726f5d4cc01f7cb0d,044ad088cf555bd46898036c0e18f011cfba69f3,持卡人消费,超市商务子系统,-9.3,65.49,3009,正常
2016/05/07 16:56:50,3be8884ca481ac91a673909726f5d4cc01f7cb0d,044ad088cf555bd46898036c0e18f011cfba69f3,持卡人消费,学子超市园丁总店,-6.8,58.69,3010,正常
2016/05/07 20:02:56,3be8884ca481ac91a673909726f5d4cc01f7cb0d,044ad088cf555bd46898036c0e18f011cfba69f3,持卡人消费,学子便利店A01后楼,-5.9,52.79,3011,正常
2016/05/08 13:15:41,3be8884ca481ac91a673909726f5d4cc01f7cb0d,044ad088cf555bd46898036c0e18f011cfba69f3,持卡人消费,学子便利店A01后楼,-5.8,46.99,3012,正常
2016/05/09 12:02:11,3be8884ca481ac91a673909726f5d4cc01f7cb0d,044ad088cf555bd46898036c0e18f011cfba69f3,持卡人消费,学苑楼商务网关,-14.0,32.99,3013,正常
2016/05/09 17:24:33,3be8884ca481ac91a673909726f5d4cc01f7cb0d,044ad088cf555bd46898036c0e18f011cfba69f3,持卡人消费,一校区水控新,-1.07,31.92,3014,正常
2016/05/10 10:38:57,3be8884ca481ac91a673909726f5d4cc01f7cb0d,044ad088cf555bd46898036c0e18f011cfba69f3,存款,卡中心综合业务,500.0,531.92,3015,正常
2016/05/10 10:47:55,3be8884ca481ac91a673909726f5d4cc01f7cb0d,044ad088cf555bd46898036c0e18f011cfba69f3,持卡人消费,一区图书馆存包柜,-140.0,391.92,3016,正常
2016/05/10 12:06:17,3be8884ca481ac91a673909726f5d4cc01f7cb0d,044ad088cf555bd46898036c0e18f011cfba69f3,持卡人消费,学士楼商务网关,-4.6,379.32,3018,正常
2016/05/10 19:38:10,3be8884ca481ac91a673909726f5d4cc01f7cb0d,044ad088cf555bd46898036c0e18f011cfba69f3,持卡人消费,学子便利店A01后楼,-6.8,372.52,3019,正常
2016/05/11 17:19:49,3be8884ca481ac91a673909726f5d4cc01f7cb0d,044ad088cf555bd46898036c0e18f011cfba69f3,持卡人消费,硕果园（工大商店）,-10.0,362.52,3020,正常
2016/05/11 17:34:04,3be8884ca481ac91a673909726f5d4cc01f7cb0d,044ad088cf555bd46898036c0e18f011cfba69f3,持卡人消费,硕果园（工大商店）,-10.0,352.52,3021,正常
2016/05/11 18:44:39,3be8884ca481ac91a673909726f5d4cc01f7cb0d,044ad088cf555bd46898036c0e18f011cfba69f3,持卡人消费,硕果园（工大商店）,-8.0,344.52,3022,正常
2016/05/12 17:46:30,3be8884ca481ac91a673909726f5d4cc01f7cb0d,044ad088cf555bd46898036c0e18f011cfba69f3,持卡人消费,学士楼商务网关,-8.4,336.12,3023,正常
2016/05/12 17:48:35,3be8884ca481ac91a673909726f5d4cc01f7cb0d,044ad088cf555bd46898036c0e18f011cfba69f3,持卡人消费,学士楼商务网关,-5.1,331.02,3024,正常
2016/05/12 20:15:27,3be8884ca481ac91a673909726f5d4cc01f7cb0d,044ad088cf555bd46898036c0e18f011cfba69f3,持卡人消费,A1,-9.0,322.02,3025,正常
2016/05/12 21:49:21,3be8884ca481ac91a673909726f5d4cc01f7cb0d,044ad088cf555bd46898036c0e18f011cfba69f3,持卡人消费,学子便利店A01后楼,-12.8,309.22,3026,正常
2016/05/13 16:50:17,3be8884ca481ac91a673909726f5d4cc01f7cb0d,044ad088cf555bd46898036c0e18f011cfba69f3,持卡人消费,一校区水控新,-1.66,307.56,3027,正常
2016/05/14 12:16:21,3be8884ca481ac91a673909726f5d4cc01f7cb0d,044ad088cf555bd46898036c0e18f011cfba69f3,持卡人消费,学子便利店A01后楼,-2.7,304.86,3028,正常
2016/05/16 12:01:35,3be8884ca481ac91a673909726f5d4cc01f7cb0d,044ad088cf555bd46898036c0e18f011cfba69f3,持卡人消费,学苑楼商务网关,-4.6,300.26,3029,正常
2016/05/16 12:02:05,3be8884ca481ac91a673909726f5d4cc01f7cb0d,044ad088cf555bd46898036c0e18f011cfba69f3,持卡人消费,学苑楼商务网关,-4.0,296.26,3030,正常
2016/05/16 17:41:45,3be8884ca481ac91a673909726f5d4cc01f7cb0d,044ad088cf555bd46898036c0e18f011cfba69f3,持卡人消费,硕果园（工大商店）,-14.0,282.26,3031,正常
2016/05/16 18:10:23,3be8884ca481ac91a673909726f5d4cc01f7cb0d,044ad088cf555bd46898036c0e18f011cfba69f3,持卡人消费,学苑楼商务网关,-11.0,271.26,3032,正常
2016/05/17 12:54:42,3be8884ca481ac91a673909726f5d4cc01f7cb0d,044ad088cf555bd46898036c0e18f011cfba69f3,持卡人消费,学子便利店A01后楼,-3.2,268.06,3033,正常
2016/05/17 17:07:32,3be8884ca481ac91a673909726f5d4cc01f7cb0d,044ad088cf555bd46898036c0e18f011cfba69f3,持卡人消费,一校区水控新,-1.34,266.72,3035,正常
2016/05/17 19:12:05,3be8884ca481ac91a673909726f5d4cc01f7cb0d,044ad088cf555bd46898036c0e18f011cfba69f3,持卡人消费,超市商务子系统,-9.1,257.62,3036,正常
2016/05/18 17:45:28,3be8884ca481ac91a673909726f5d4cc01f7cb0d,044ad088cf555bd46898036c0e18f011cfba69f3,持卡人消费,学苑楼商务网关,-8.8,248.82,3037,正常
2016/05/18 17:48:48,3be8884ca481ac91a673909726f5d4cc01f7cb0d,044ad088cf555bd46898036c0e18f011cfba69f3,持卡人消费,学苑楼商务网关,-0.5,248.32,3038,正常
2016/05/19 16:52:42,3be8884ca481ac91a673909726f5d4cc01f7cb0d,044ad088cf555bd46898036c0e18f011cfba69f3,持卡人消费,一校区水控新,-2.0,246.32,3039,正常
2016/05/19 16:53:42,3be8884ca481ac91a673909726f5d4cc01f7cb0d,044ad088cf555bd46898036c0e18f011cfba69f3,持卡人消费,一校区水控新,-0.16,246.16,3041,正常
2016/05/21 12:28:54,3be8884ca481ac91a673909726f5d4cc01f7cb0d,044ad088cf555bd46898036c0e18f011cfba69f3,持卡人消费,超市商务子系统,-12.5,233.66,3042,正常
2016/05/22 16:19:10,3be8884ca481ac91a673909726f5d4cc01f7cb0d,044ad088cf555bd46898036c0e18f011cfba69f3,持卡人消费,学苑楼商务网关,-8.1,225.56,3043,正常
2016/05/22 17:08:27,3be8884ca481ac91a673909726f5d4cc01f7cb0d,044ad088cf555bd46898036c0e18f011cfba69f3,持卡人消费,学苑楼商务网关,-2.0,223.56,3044,正常
2016/05/23 12:00:06,3be8884ca481ac91a673909726f5d4cc01f7cb0d,044ad088cf555bd46898036c0e18f011cfba69f3,持卡人消费,学苑楼商务网关,-4.4,219.16,3045,正常
2016/05/23 12:01:57,3be8884ca481ac91a673909726f5d4cc01f7cb0d,044ad088cf555bd46898036c0e18f011cfba69f3,持卡人消费,学苑楼商务网关,-10.0,209.16,3046,正常
2016/05/23 12:03:36,3be8884ca481ac91a673909726f5d4cc01f7cb0d,044ad088cf555bd46898036c0e18f011cfba69f3,持卡人消费,学苑楼商务网关,-1.5,207.66,3047,正常
2016/05/23 12:29:32,3be8884ca481ac91a673909726f5d4cc01f7cb0d,044ad088cf555bd46898036c0e18f011cfba69f3,持卡人消费,学苑楼商务网关,-0.1,207.56,3048,正常
2016/05/23 17:20:52,3be8884ca481ac91a673909726f5d4cc01f7cb0d,044ad088cf555bd46898036c0e18f011cfba69f3,持卡人消费,学士楼商务网关,-6.96,200.60,3049,正常
2016/05/23 17:22:39,3be8884ca481ac91a673909726f5d4cc01f7cb0d,044ad088cf555bd46898036c0e18f011cfba69f3,持卡人消费,学士楼商务网关,-6.6,194.00,3050,正常
2016/05/23 17:30:59,3be8884ca481ac91a673909726f5d4cc01f7cb0d,044ad088cf555bd46898036c0e18f011cfba69f3,持卡人消费,学士楼商务网关,-2.0,192.00,3051,正常
2016/05/23 20:05:42,3be8884ca481ac91a673909726f5d4cc01f7cb0d,044ad088cf555bd46898036c0e18f011cfba69f3,持卡人消费,身份前置机,-0.08,191.92,3052,正常
2016/05/23 20:59:20,3be8884ca481ac91a673909726f5d4cc01f7cb0d,044ad088cf555bd46898036c0e18f011cfba69f3,持卡人消费,一区图书馆BPOS,-3.75,188.17,3053,正常
2016/05/24 17:49:56,3be8884ca481ac91a673909726f5d4cc01f7cb0d,044ad088cf555bd46898036c0e18f011cfba69f3,持卡人消费,学士楼商务网关,-6.48,181.69,3054,正常
2016/05/24 17:51:54,3be8884ca481ac91a673909726f5d4cc01f7cb0d,044ad088cf555bd46898036c0e18f011cfba69f3,持卡人消费,学士楼商务网关,-4.1,177.59,3055,正常
2016/05/25 12:00:15,3be8884ca481ac91a673909726f5d4cc01f7cb0d,044ad088cf555bd46898036c0e18f011cfba69f3,持卡人消费,学苑楼商务网关,-9.0,168.59,3056,正常
2016/05/25 22:25:43,3be8884ca481ac91a673909726f5d4cc01f7cb0d,044ad088cf555bd46898036c0e18f011cfba69f3,持卡人消费,学子便利店A01后楼,-15.5,153.09,3057,正常
2016/05/26 12:05:20,3be8884ca481ac91a673909726f5d4cc01f7cb0d,044ad088cf555bd46898036c0e18f011cfba69f3,持卡人消费,学苑楼商务网关,-8.0,145.09,3058,正常
2016/05/26 12:05:32,3be8884ca481ac91a673909726f5d4cc01f7cb0d,044ad088cf555bd46898036c0e18f011cfba69f3,持卡人消费,学苑楼商务网关,-0.5,144.59,3059,正常
2016/05/26 17:43:06,3be8884ca481ac91a673909726f5d4cc01f7cb0d,044ad088cf555bd46898036c0e18f011cfba69f3,持卡人消费,学士楼商务网关,-13.44,131.15,3060,正常
2016/05/26 17:44:54,3be8884ca481ac91a673909726f5d4cc01f7cb0d,044ad088cf555bd46898036c0e18f011cfba69f3,持卡人消费,学士楼商务网关,-4.1,127.05,3061,正常
2016/05/28 12:19:44,3be8884ca481ac91a673909726f5d4cc01f7cb0d,044ad088cf555bd46898036c0e18f011cfba69f3,持卡人消费,硕果园（工大商店）,-15.2,111.85,3062,正常
2016/05/28 12:25:56,3be8884ca481ac91a673909726f5d4cc01f7cb0d,044ad088cf555bd46898036c0e18f011cfba69f3,持卡人消费,硕果园（工大商店）,-9.5,102.35,3063,正常
2016/05/28 18:29:55,3be8884ca481ac91a673909726f5d4cc01f7cb0d,044ad088cf555bd46898036c0e18f011cfba69f3,持卡人消费,一校区水控新,-1.15,101.20,3064,正常
2016/05/29 17:44:22,3be8884ca481ac91a673909726f5d4cc01f7cb0d,044ad088cf555bd46898036c0e18f011cfba69f3,持卡人消费,学苑楼商务网关,-8.0,93.20,3065,正常
2016/05/29 17:46:19,3be8884ca481ac91a673909726f5d4cc01f7cb0d,044ad088cf555bd46898036c0e18f011cfba69f3,持卡人消费,学苑楼商务网关,-2.0,91.20,3066,正常
2016/05/29 17:47:32,3be8884ca481ac91a673909726f5d4cc01f7cb0d,044ad088cf555bd46898036c0e18f011cfba69f3,持卡人消费,学苑楼商务网关,-7.08,84.12,3067,正常
2016/05/29 18:02:08,3be8884ca481ac91a673909726f5d4cc01f7cb0d,044ad088cf555bd46898036c0e18f011cfba69f3,持卡人消费,学苑楼商务网关,-0.5,83.62,3068,正常
2016/05/30 12:01:42,3be8884ca481ac91a673909726f5d4cc01f7cb0d,044ad088cf555bd46898036c0e18f011cfba69f3,持卡人消费,学苑楼商务网关,-7.0,76.62,3069,正常
2016/05/30 12:11:48,3be8884ca481ac91a673909726f5d4cc01f7cb0d,044ad088cf555bd46898036c0e18f011cfba69f3,持卡人消费,学苑楼商务网关,-1.5,75.12,3070,正常
2016/05/30 14:21:10,3be8884ca481ac91a673909726f5d4cc01f7cb0d,044ad088cf555bd46898036c0e18f011cfba69f3,持卡人消费,网络中心,-30.0,45.12,3071,正常
2016/05/31 10:01:29,3be8884ca481ac91a673909726f5d4cc01f7cb0d,044ad088cf555bd46898036c0e18f011cfba69f3,持卡人消费,学子便利店A01后楼,-7.3,37.82,3072,正常
2016/05/31 17:58:25,3be8884ca481ac91a673909726f5d4cc01f7cb0d,044ad088cf555bd46898036c0e18f011cfba69f3,持卡人消费,学苑楼商务网关,-8.0,29.82,3073,正常
2016/05/31 17:59:00,3be8884ca481ac91a673909726f5d4cc01f7cb0d,044ad088cf555bd46898036c0e18f011cfba69f3,持卡人消费,学苑楼商务网关,-7.0,22.82,3074,正常
