交易发生时间,学号,姓名,交易类型,子系统名称,交易额,现有余额,次数,状态
2016/05/25 12:22:05,cd4d0fcfa214989fbd48314773366fa8f9cfddf5,04534f5e83a48470c4c855693acb4bcd57c4c5f8,持卡人消费,学士楼商务网关,-3.6,125.20,1381,正常
2016/05/26 11:42:37,cd4d0fcfa214989fbd48314773366fa8f9cfddf5,04534f5e83a48470c4c855693acb4bcd57c4c5f8,持卡人消费,学苑楼商务网关,-8.0,117.20,1382,正常
2016/05/26 11:51:29,cd4d0fcfa214989fbd48314773366fa8f9cfddf5,04534f5e83a48470c4c855693acb4bcd57c4c5f8,持卡人消费,学苑楼商务网关,-8.0,109.20,1383,正常
2016/05/26 11:55:52,cd4d0fcfa214989fbd48314773366fa8f9cfddf5,04534f5e83a48470c4c855693acb4bcd57c4c5f8,持卡人消费,超市商务子系统,-8.3,100.90,1384,正常
2016/05/30 13:19:43,cd4d0fcfa214989fbd48314773366fa8f9cfddf5,04534f5e83a48470c4c855693acb4bcd57c4c5f8,持卡人消费,超市商务子系统,-0.2,100.70,1385,正常
