交易发生时间,学号,姓名,交易类型,子系统名称,交易额,现有余额,次数,状态
2016/05/01 09:29:51,0fc7593f102d7585c90cf76f3791ba0c89dbe51c,045c93e32f1d5a29e6436fc8e85835a3e9863fa2,持卡人消费,硕果园（工大商店）,-4.5,100.71,5030,正常
2016/05/01 11:49:24,0fc7593f102d7585c90cf76f3791ba0c89dbe51c,045c93e32f1d5a29e6436fc8e85835a3e9863fa2,持卡人消费,硕果园（工大商店）,-12.0,88.71,5031,正常
2016/05/01 17:15:56,0fc7593f102d7585c90cf76f3791ba0c89dbe51c,045c93e32f1d5a29e6436fc8e85835a3e9863fa2,持卡人消费,硕果园（工大商店）,-9.0,79.71,5032,正常
2016/05/02 08:51:51,0fc7593f102d7585c90cf76f3791ba0c89dbe51c,045c93e32f1d5a29e6436fc8e85835a3e9863fa2,持卡人消费,硕果园（工大商店）,-4.5,75.21,5033,正常
2016/05/02 17:25:09,0fc7593f102d7585c90cf76f3791ba0c89dbe51c,045c93e32f1d5a29e6436fc8e85835a3e9863fa2,持卡人消费,学苑楼商务网关,-9.0,66.21,5034,正常
2016/05/02 17:26:37,0fc7593f102d7585c90cf76f3791ba0c89dbe51c,045c93e32f1d5a29e6436fc8e85835a3e9863fa2,持卡人消费,学苑楼商务网关,-6.0,60.21,5035,正常
2016/05/02 17:33:39,0fc7593f102d7585c90cf76f3791ba0c89dbe51c,045c93e32f1d5a29e6436fc8e85835a3e9863fa2,持卡人消费,学苑楼商务网关,-1.5,58.71,5036,正常
2016/05/03 08:45:49,0fc7593f102d7585c90cf76f3791ba0c89dbe51c,045c93e32f1d5a29e6436fc8e85835a3e9863fa2,持卡人消费,硕果园（工大商店）,-4.5,54.21,5037,正常
2016/05/03 12:09:32,0fc7593f102d7585c90cf76f3791ba0c89dbe51c,045c93e32f1d5a29e6436fc8e85835a3e9863fa2,持卡人消费,硕果园（工大商店）,-10.0,44.21,5038,正常
2016/05/03 13:17:46,0fc7593f102d7585c90cf76f3791ba0c89dbe51c,045c93e32f1d5a29e6436fc8e85835a3e9863fa2,持卡人消费,A1,-9.0,35.21,5039,正常
2016/05/03 16:53:36,0fc7593f102d7585c90cf76f3791ba0c89dbe51c,045c93e32f1d5a29e6436fc8e85835a3e9863fa2,持卡人消费,学苑楼商务网关,-7.0,28.21,5040,正常
2016/05/08 19:12:25,0fc7593f102d7585c90cf76f3791ba0c89dbe51c,045c93e32f1d5a29e6436fc8e85835a3e9863fa2,持卡人消费,A1,-3.0,25.21,5041,正常
2016/05/08 19:58:09,0fc7593f102d7585c90cf76f3791ba0c89dbe51c,045c93e32f1d5a29e6436fc8e85835a3e9863fa2,持卡人消费,15公寓浴池,-0.02,25.19,5043,正常
2016/05/08 20:00:34,0fc7593f102d7585c90cf76f3791ba0c89dbe51c,045c93e32f1d5a29e6436fc8e85835a3e9863fa2,持卡人消费,15公寓浴池,-0.45,24.74,5045,正常
2016/05/08 20:01:32,0fc7593f102d7585c90cf76f3791ba0c89dbe51c,045c93e32f1d5a29e6436fc8e85835a3e9863fa2,持卡人消费,15公寓浴池,-0.06,24.68,5047,正常
2016/05/08 20:07:03,0fc7593f102d7585c90cf76f3791ba0c89dbe51c,045c93e32f1d5a29e6436fc8e85835a3e9863fa2,持卡人消费,15公寓浴池,-0.75,23.93,5049,正常
2016/05/09 08:22:42,0fc7593f102d7585c90cf76f3791ba0c89dbe51c,045c93e32f1d5a29e6436fc8e85835a3e9863fa2,持卡人消费,硕果园（工大商店）,-4.5,19.43,5050,正常
2016/05/09 08:23:17,0fc7593f102d7585c90cf76f3791ba0c89dbe51c,045c93e32f1d5a29e6436fc8e85835a3e9863fa2,持卡人消费,硕果园（工大商店）,-1.5,17.93,5051,正常
2016/05/09 11:27:11,0fc7593f102d7585c90cf76f3791ba0c89dbe51c,045c93e32f1d5a29e6436fc8e85835a3e9863fa2,持卡人消费,学苑楼商务网关,-10.0,7.93,5052,正常
2016/05/09 17:39:34,0fc7593f102d7585c90cf76f3791ba0c89dbe51c,045c93e32f1d5a29e6436fc8e85835a3e9863fa2,存款,卡中心综合业务,100.0,107.93,5053,正常
2016/05/09 17:42:35,0fc7593f102d7585c90cf76f3791ba0c89dbe51c,045c93e32f1d5a29e6436fc8e85835a3e9863fa2,持卡人消费,学苑楼商务网关,-7.0,100.93,5054,正常
2016/05/10 08:26:40,0fc7593f102d7585c90cf76f3791ba0c89dbe51c,045c93e32f1d5a29e6436fc8e85835a3e9863fa2,持卡人消费,硕果园（工大商店）,-4.5,96.43,5055,正常
2016/05/10 17:24:13,0fc7593f102d7585c90cf76f3791ba0c89dbe51c,045c93e32f1d5a29e6436fc8e85835a3e9863fa2,持卡人消费,一区图书馆APOS,-1.7,94.73,5056,正常
2016/05/10 17:28:56,0fc7593f102d7585c90cf76f3791ba0c89dbe51c,045c93e32f1d5a29e6436fc8e85835a3e9863fa2,持卡人消费,学苑楼商务网关,-7.0,87.73,5057,正常
2016/05/11 08:34:29,0fc7593f102d7585c90cf76f3791ba0c89dbe51c,045c93e32f1d5a29e6436fc8e85835a3e9863fa2,持卡人消费,硕果园（工大商店）,-4.5,83.23,5058,正常
2016/05/11 17:25:15,0fc7593f102d7585c90cf76f3791ba0c89dbe51c,045c93e32f1d5a29e6436fc8e85835a3e9863fa2,持卡人消费,硕果园（工大商店）,-8.0,75.23,5059,正常
2016/05/12 09:00:25,0fc7593f102d7585c90cf76f3791ba0c89dbe51c,045c93e32f1d5a29e6436fc8e85835a3e9863fa2,持卡人消费,硕果园（工大商店）,-4.5,70.73,5060,正常
2016/05/12 11:36:29,0fc7593f102d7585c90cf76f3791ba0c89dbe51c,045c93e32f1d5a29e6436fc8e85835a3e9863fa2,持卡人消费,学苑楼商务网关,-10.0,60.73,5061,正常
2016/05/12 17:40:25,0fc7593f102d7585c90cf76f3791ba0c89dbe51c,045c93e32f1d5a29e6436fc8e85835a3e9863fa2,持卡人消费,学苑楼商务网关,-8.8,51.93,5062,正常
2016/05/13 08:44:11,0fc7593f102d7585c90cf76f3791ba0c89dbe51c,045c93e32f1d5a29e6436fc8e85835a3e9863fa2,持卡人消费,硕果园（工大商店）,-4.5,47.43,5063,正常
2016/05/13 11:39:47,0fc7593f102d7585c90cf76f3791ba0c89dbe51c,045c93e32f1d5a29e6436fc8e85835a3e9863fa2,持卡人消费,硕果园（工大商店）,-12.0,35.43,5064,正常
2016/05/13 17:59:53,0fc7593f102d7585c90cf76f3791ba0c89dbe51c,045c93e32f1d5a29e6436fc8e85835a3e9863fa2,持卡人消费,学苑楼商务网关,-7.0,28.43,5065,正常
2016/05/15 08:36:33,0fc7593f102d7585c90cf76f3791ba0c89dbe51c,045c93e32f1d5a29e6436fc8e85835a3e9863fa2,持卡人消费,硕果园（工大商店）,-4.0,24.43,5066,正常
2016/05/15 11:53:33,0fc7593f102d7585c90cf76f3791ba0c89dbe51c,045c93e32f1d5a29e6436fc8e85835a3e9863fa2,持卡人消费,学苑楼商务网关,-3.0,21.43,5067,正常
2016/05/15 11:53:38,0fc7593f102d7585c90cf76f3791ba0c89dbe51c,045c93e32f1d5a29e6436fc8e85835a3e9863fa2,持卡人消费,学苑楼商务网关,-2.0,19.43,5068,正常
2016/05/15 18:27:10,0fc7593f102d7585c90cf76f3791ba0c89dbe51c,045c93e32f1d5a29e6436fc8e85835a3e9863fa2,持卡人消费,硕果园（工大商店）,-10.0,9.43,5069,正常
2016/05/16 08:59:35,0fc7593f102d7585c90cf76f3791ba0c89dbe51c,045c93e32f1d5a29e6436fc8e85835a3e9863fa2,持卡人消费,硕果园（工大商店）,-4.5,4.93,5070,正常
2016/05/16 17:17:34,0fc7593f102d7585c90cf76f3791ba0c89dbe51c,045c93e32f1d5a29e6436fc8e85835a3e9863fa2,存款,现金充值机,100.0,104.93,5071,正常
2016/05/16 17:40:19,0fc7593f102d7585c90cf76f3791ba0c89dbe51c,045c93e32f1d5a29e6436fc8e85835a3e9863fa2,持卡人消费,学苑楼商务网关,-7.0,97.93,5072,正常
2016/05/17 07:51:56,0fc7593f102d7585c90cf76f3791ba0c89dbe51c,045c93e32f1d5a29e6436fc8e85835a3e9863fa2,持卡人消费,硕果园（工大商店）,-4.5,93.43,5073,正常
2016/05/17 11:33:38,0fc7593f102d7585c90cf76f3791ba0c89dbe51c,045c93e32f1d5a29e6436fc8e85835a3e9863fa2,持卡人消费,硕果园（工大商店）,-7.0,86.43,5074,正常
2016/05/17 11:33:40,0fc7593f102d7585c90cf76f3791ba0c89dbe51c,045c93e32f1d5a29e6436fc8e85835a3e9863fa2,持卡人消费,硕果园（工大商店）,-1.0,85.43,5075,正常
2016/05/17 11:34:51,0fc7593f102d7585c90cf76f3791ba0c89dbe51c,045c93e32f1d5a29e6436fc8e85835a3e9863fa2,持卡人消费,硕果园（工大商店）,-2.0,83.43,5076,正常
2016/05/17 14:28:49,0fc7593f102d7585c90cf76f3791ba0c89dbe51c,045c93e32f1d5a29e6436fc8e85835a3e9863fa2,持卡人消费,15公寓浴池,-1.22,80.21,5079,正常
2016/05/17 14:28:54,0fc7593f102d7585c90cf76f3791ba0c89dbe51c,045c93e32f1d5a29e6436fc8e85835a3e9863fa2,持卡人消费,15公寓浴池,-1.22,80.99,5080,正常
2016/05/17 17:20:06,0fc7593f102d7585c90cf76f3791ba0c89dbe51c,045c93e32f1d5a29e6436fc8e85835a3e9863fa2,持卡人消费,学苑楼商务网关,-6.0,74.99,5081,正常
2016/05/18 08:15:06,0fc7593f102d7585c90cf76f3791ba0c89dbe51c,045c93e32f1d5a29e6436fc8e85835a3e9863fa2,持卡人消费,硕果园（工大商店）,-4.5,70.49,5082,正常
2016/05/18 11:29:27,0fc7593f102d7585c90cf76f3791ba0c89dbe51c,045c93e32f1d5a29e6436fc8e85835a3e9863fa2,持卡人消费,硕果园（工大商店）,-12.0,58.49,5083,正常
2016/05/18 20:38:18,0fc7593f102d7585c90cf76f3791ba0c89dbe51c,045c93e32f1d5a29e6436fc8e85835a3e9863fa2,持卡人消费,超市商务子系统,-0.7,57.79,5084,正常
2016/05/19 11:27:54,0fc7593f102d7585c90cf76f3791ba0c89dbe51c,045c93e32f1d5a29e6436fc8e85835a3e9863fa2,持卡人消费,硕果园（工大商店）,-10.0,47.79,5085,正常
2016/05/19 17:00:09,0fc7593f102d7585c90cf76f3791ba0c89dbe51c,045c93e32f1d5a29e6436fc8e85835a3e9863fa2,持卡人消费,15公寓浴池,-0.02,47.77,5087,正常
2016/05/19 17:02:06,0fc7593f102d7585c90cf76f3791ba0c89dbe51c,045c93e32f1d5a29e6436fc8e85835a3e9863fa2,持卡人消费,15公寓浴池,-0.29,47.48,5090,正常
2016/05/19 17:03:58,0fc7593f102d7585c90cf76f3791ba0c89dbe51c,045c93e32f1d5a29e6436fc8e85835a3e9863fa2,持卡人消费,15公寓浴池,-0.69,46.79,5092,正常
2016/05/19 17:04:39,0fc7593f102d7585c90cf76f3791ba0c89dbe51c,045c93e32f1d5a29e6436fc8e85835a3e9863fa2,持卡人消费,15公寓浴池,-0.34,48.45,5093,正常
2016/05/19 17:46:55,0fc7593f102d7585c90cf76f3791ba0c89dbe51c,045c93e32f1d5a29e6436fc8e85835a3e9863fa2,持卡人消费,硕果园（工大商店）,-8.0,40.45,5094,正常
2016/05/19 20:35:50,0fc7593f102d7585c90cf76f3791ba0c89dbe51c,045c93e32f1d5a29e6436fc8e85835a3e9863fa2,持卡人消费,A1,-3.0,37.45,5095,正常
2016/05/20 08:35:59,0fc7593f102d7585c90cf76f3791ba0c89dbe51c,045c93e32f1d5a29e6436fc8e85835a3e9863fa2,持卡人消费,硕果园（工大商店）,-4.5,32.95,5096,正常
2016/05/20 11:15:12,0fc7593f102d7585c90cf76f3791ba0c89dbe51c,045c93e32f1d5a29e6436fc8e85835a3e9863fa2,持卡人消费,学子便利店A01后楼,-2.7,30.25,5097,正常
2016/05/20 13:53:24,0fc7593f102d7585c90cf76f3791ba0c89dbe51c,045c93e32f1d5a29e6436fc8e85835a3e9863fa2,持卡人消费,15公寓浴池,-0.74,29.51,5100,正常
2016/05/20 13:53:49,0fc7593f102d7585c90cf76f3791ba0c89dbe51c,045c93e32f1d5a29e6436fc8e85835a3e9863fa2,持卡人消费,15公寓浴池,-0.83,30.68,5101,正常
2016/05/20 14:00:11,0fc7593f102d7585c90cf76f3791ba0c89dbe51c,045c93e32f1d5a29e6436fc8e85835a3e9863fa2,持卡人消费,学子便利店A01后楼,-8.7,21.98,5102,正常
2016/05/21 09:16:41,0fc7593f102d7585c90cf76f3791ba0c89dbe51c,045c93e32f1d5a29e6436fc8e85835a3e9863fa2,持卡人消费,硕果园（工大商店）,-4.5,17.48,5103,正常
2016/05/21 11:32:48,0fc7593f102d7585c90cf76f3791ba0c89dbe51c,045c93e32f1d5a29e6436fc8e85835a3e9863fa2,持卡人消费,硕果园（工大商店）,-9.0,8.48,5104,正常
2016/05/23 08:32:07,0fc7593f102d7585c90cf76f3791ba0c89dbe51c,045c93e32f1d5a29e6436fc8e85835a3e9863fa2,持卡人消费,硕果园（工大商店）,-4.5,3.98,5105,正常
2016/05/23 11:30:32,0fc7593f102d7585c90cf76f3791ba0c89dbe51c,045c93e32f1d5a29e6436fc8e85835a3e9863fa2,存款,学苑楼综合业务2,100.0,103.98,5106,正常
2016/05/23 11:33:44,0fc7593f102d7585c90cf76f3791ba0c89dbe51c,045c93e32f1d5a29e6436fc8e85835a3e9863fa2,持卡人消费,硕果园（工大商店）,-18.0,85.98,5107,正常
2016/05/23 13:56:59,0fc7593f102d7585c90cf76f3791ba0c89dbe51c,045c93e32f1d5a29e6436fc8e85835a3e9863fa2,持卡人消费,15公寓浴池,-0.99,82.99,5110,正常
2016/05/23 13:57:15,0fc7593f102d7585c90cf76f3791ba0c89dbe51c,045c93e32f1d5a29e6436fc8e85835a3e9863fa2,持卡人消费,15公寓浴池,-1.06,83.93,5111,正常
2016/05/23 13:57:51,0fc7593f102d7585c90cf76f3791ba0c89dbe51c,045c93e32f1d5a29e6436fc8e85835a3e9863fa2,持卡人消费,15公寓浴池,-0.08,83.85,5113,正常
2016/05/23 14:03:34,0fc7593f102d7585c90cf76f3791ba0c89dbe51c,045c93e32f1d5a29e6436fc8e85835a3e9863fa2,持卡人消费,学子便利店A01后楼,-7.9,75.95,5114,正常
2016/05/23 17:27:39,0fc7593f102d7585c90cf76f3791ba0c89dbe51c,045c93e32f1d5a29e6436fc8e85835a3e9863fa2,持卡人消费,学苑楼商务网关,-7.0,68.95,5115,正常
2016/05/24 08:55:24,0fc7593f102d7585c90cf76f3791ba0c89dbe51c,045c93e32f1d5a29e6436fc8e85835a3e9863fa2,持卡人消费,硕果园（工大商店）,-4.5,60.45,5117,正常
2016/05/24 08:57:50,0fc7593f102d7585c90cf76f3791ba0c89dbe51c,045c93e32f1d5a29e6436fc8e85835a3e9863fa2,持卡人消费,硕果园（工大商店）,-1.0,59.45,5118,正常
2016/05/26 12:42:01,0fc7593f102d7585c90cf76f3791ba0c89dbe51c,045c93e32f1d5a29e6436fc8e85835a3e9863fa2,持卡人消费,15公寓浴池,-0.34,59.11,5120,正常
2016/05/26 12:43:27,0fc7593f102d7585c90cf76f3791ba0c89dbe51c,045c93e32f1d5a29e6436fc8e85835a3e9863fa2,持卡人消费,15公寓浴池,-0.1,59.01,5122,正常
2016/05/26 12:48:10,0fc7593f102d7585c90cf76f3791ba0c89dbe51c,045c93e32f1d5a29e6436fc8e85835a3e9863fa2,持卡人消费,15公寓浴池,-0.67,58.34,5124,正常
2016/05/26 13:19:09,0fc7593f102d7585c90cf76f3791ba0c89dbe51c,045c93e32f1d5a29e6436fc8e85835a3e9863fa2,持卡人消费,硕果园（工大商店）,-12.0,46.34,5125,正常
2016/05/27 08:50:39,0fc7593f102d7585c90cf76f3791ba0c89dbe51c,045c93e32f1d5a29e6436fc8e85835a3e9863fa2,持卡人消费,硕果园（工大商店）,-4.5,41.84,5126,正常
2016/05/27 11:29:01,0fc7593f102d7585c90cf76f3791ba0c89dbe51c,045c93e32f1d5a29e6436fc8e85835a3e9863fa2,持卡人消费,硕果园（工大商店）,-9.0,32.84,5127,正常
2016/05/27 17:28:24,0fc7593f102d7585c90cf76f3791ba0c89dbe51c,045c93e32f1d5a29e6436fc8e85835a3e9863fa2,持卡人消费,学苑楼商务网关,-7.0,25.84,5128,正常
2016/05/28 11:29:44,0fc7593f102d7585c90cf76f3791ba0c89dbe51c,045c93e32f1d5a29e6436fc8e85835a3e9863fa2,持卡人消费,硕果园（工大商店）,-10.0,15.84,5129,正常
2016/05/28 18:20:16,0fc7593f102d7585c90cf76f3791ba0c89dbe51c,045c93e32f1d5a29e6436fc8e85835a3e9863fa2,持卡人消费,硕果园（工大商店）,-7.0,8.84,5130,正常
2016/05/29 08:00:06,0fc7593f102d7585c90cf76f3791ba0c89dbe51c,045c93e32f1d5a29e6436fc8e85835a3e9863fa2,持卡人消费,硕果园（工大商店）,-4.5,4.34,5131,正常
2016/05/29 11:49:49,0fc7593f102d7585c90cf76f3791ba0c89dbe51c,045c93e32f1d5a29e6436fc8e85835a3e9863fa2,存款,学苑楼综合业务3,100.0,104.34,5132,正常
2016/05/29 11:52:41,0fc7593f102d7585c90cf76f3791ba0c89dbe51c,045c93e32f1d5a29e6436fc8e85835a3e9863fa2,持卡人消费,硕果园（工大商店）,-12.0,92.34,5133,正常
2016/05/29 17:32:04,0fc7593f102d7585c90cf76f3791ba0c89dbe51c,045c93e32f1d5a29e6436fc8e85835a3e9863fa2,持卡人消费,学苑楼商务网关,-7.0,85.34,5134,正常
2016/05/30 08:51:48,0fc7593f102d7585c90cf76f3791ba0c89dbe51c,045c93e32f1d5a29e6436fc8e85835a3e9863fa2,持卡人消费,硕果园（工大商店）,-4.5,80.84,5135,正常
2016/05/30 11:40:43,0fc7593f102d7585c90cf76f3791ba0c89dbe51c,045c93e32f1d5a29e6436fc8e85835a3e9863fa2,持卡人消费,硕果园（工大商店）,-8.0,72.84,5136,正常
2016/05/30 17:58:34,0fc7593f102d7585c90cf76f3791ba0c89dbe51c,045c93e32f1d5a29e6436fc8e85835a3e9863fa2,持卡人消费,学苑楼商务网关,-3.0,69.84,5137,正常
2016/05/30 17:59:10,0fc7593f102d7585c90cf76f3791ba0c89dbe51c,045c93e32f1d5a29e6436fc8e85835a3e9863fa2,持卡人消费,学苑楼商务网关,-4.5,65.34,5138,正常
2016/05/31 08:24:28,0fc7593f102d7585c90cf76f3791ba0c89dbe51c,045c93e32f1d5a29e6436fc8e85835a3e9863fa2,持卡人消费,硕果园（工大商店）,-4.5,60.84,5139,正常
2016/05/31 08:24:59,0fc7593f102d7585c90cf76f3791ba0c89dbe51c,045c93e32f1d5a29e6436fc8e85835a3e9863fa2,持卡人消费,硕果园（工大商店）,-1.5,59.34,5140,正常
2016/05/31 11:29:03,0fc7593f102d7585c90cf76f3791ba0c89dbe51c,045c93e32f1d5a29e6436fc8e85835a3e9863fa2,持卡人消费,硕果园（工大商店）,-10.0,49.34,5141,正常
2016/05/31 18:01:32,0fc7593f102d7585c90cf76f3791ba0c89dbe51c,045c93e32f1d5a29e6436fc8e85835a3e9863fa2,持卡人消费,硕果园（工大商店）,-7.0,42.34,5142,正常
