交易发生时间,学号,姓名,交易类型,子系统名称,交易额,现有余额,次数,状态
2016/05/01 12:00:25,0803654857e392e7564156ee24c9cccb0a88d377,04ce89529b4df7f57e123bb0dcdc50a76c8368c5,持卡人消费,硕果园（工大商店）,-12.0,165.13,3957,正常
2016/05/01 12:02:45,0803654857e392e7564156ee24c9cccb0a88d377,04ce89529b4df7f57e123bb0dcdc50a76c8368c5,持卡人消费,硕果园（工大商店）,-15.0,150.13,3958,正常
2016/05/01 12:04:06,0803654857e392e7564156ee24c9cccb0a88d377,04ce89529b4df7f57e123bb0dcdc50a76c8368c5,持卡人消费,硕果园（工大商店）,-14.0,136.13,3959,正常
2016/05/01 12:09:48,0803654857e392e7564156ee24c9cccb0a88d377,04ce89529b4df7f57e123bb0dcdc50a76c8368c5,持卡人消费,硕果园（工大商店）,-5.5,130.63,3960,正常
2016/05/02 11:36:01,0803654857e392e7564156ee24c9cccb0a88d377,04ce89529b4df7f57e123bb0dcdc50a76c8368c5,持卡人消费,硕果园（工大商店）,-15.0,115.63,3961,正常
2016/05/02 18:18:13,0803654857e392e7564156ee24c9cccb0a88d377,04ce89529b4df7f57e123bb0dcdc50a76c8368c5,持卡人消费,硕果园（工大商店）,-13.0,102.63,3962,正常
2016/05/02 18:20:41,0803654857e392e7564156ee24c9cccb0a88d377,04ce89529b4df7f57e123bb0dcdc50a76c8368c5,持卡人消费,硕果园（工大商店）,-15.0,87.63,3963,正常
2016/05/02 18:31:30,0803654857e392e7564156ee24c9cccb0a88d377,04ce89529b4df7f57e123bb0dcdc50a76c8368c5,持卡人消费,硕果园（工大商店）,-1.5,86.13,3964,正常
2016/05/02 18:44:40,0803654857e392e7564156ee24c9cccb0a88d377,04ce89529b4df7f57e123bb0dcdc50a76c8368c5,持卡人消费,硕果园（工大商店）,-14.0,72.13,3965,正常
2016/05/03 11:10:21,0803654857e392e7564156ee24c9cccb0a88d377,04ce89529b4df7f57e123bb0dcdc50a76c8368c5,持卡人消费,硕果园（工大商店）,-15.0,57.13,3966,正常
2016/05/03 11:13:56,0803654857e392e7564156ee24c9cccb0a88d377,04ce89529b4df7f57e123bb0dcdc50a76c8368c5,持卡人消费,硕果园（工大商店）,-1.5,55.63,3967,正常
2016/05/03 11:30:44,0803654857e392e7564156ee24c9cccb0a88d377,04ce89529b4df7f57e123bb0dcdc50a76c8368c5,持卡人消费,硕果园（工大商店）,-9.0,46.63,3968,正常
2016/05/03 17:49:30,0803654857e392e7564156ee24c9cccb0a88d377,04ce89529b4df7f57e123bb0dcdc50a76c8368c5,持卡人消费,硕果园（工大商店）,-16.0,30.63,3969,正常
2016/05/03 17:49:57,0803654857e392e7564156ee24c9cccb0a88d377,04ce89529b4df7f57e123bb0dcdc50a76c8368c5,持卡人消费,硕果园（工大商店）,-15.0,15.63,3970,正常
2016/05/03 18:36:34,0803654857e392e7564156ee24c9cccb0a88d377,04ce89529b4df7f57e123bb0dcdc50a76c8368c5,持卡人消费,超市商务子系统,-3.0,12.63,3971,正常
2016/05/04 11:23:15,0803654857e392e7564156ee24c9cccb0a88d377,04ce89529b4df7f57e123bb0dcdc50a76c8368c5,持卡人消费,硕果园（工大商店）,-7.0,5.63,3972,正常
2016/05/04 11:24:52,0803654857e392e7564156ee24c9cccb0a88d377,04ce89529b4df7f57e123bb0dcdc50a76c8368c5,持卡人消费,硕果园（工大商店）,-1.0,4.63,3973,正常
2016/05/04 11:25:32,0803654857e392e7564156ee24c9cccb0a88d377,04ce89529b4df7f57e123bb0dcdc50a76c8368c5,持卡人消费,硕果园（工大商店）,-4.0,0.63,3974,正常
2016/05/07 11:44:34,0803654857e392e7564156ee24c9cccb0a88d377,04ce89529b4df7f57e123bb0dcdc50a76c8368c5,存款,学苑楼综合业务2,100.0,100.63,3975,正常
2016/05/07 11:54:51,0803654857e392e7564156ee24c9cccb0a88d377,04ce89529b4df7f57e123bb0dcdc50a76c8368c5,持卡人消费,学苑楼商务网关,-3.4,97.23,3976,正常
2016/05/07 11:56:50,0803654857e392e7564156ee24c9cccb0a88d377,04ce89529b4df7f57e123bb0dcdc50a76c8368c5,持卡人消费,学苑楼商务网关,-10.0,87.23,3977,正常
2016/05/07 11:58:13,0803654857e392e7564156ee24c9cccb0a88d377,04ce89529b4df7f57e123bb0dcdc50a76c8368c5,持卡人消费,学苑楼商务网关,-2.0,85.23,3978,正常
2016/05/08 09:35:27,0803654857e392e7564156ee24c9cccb0a88d377,04ce89529b4df7f57e123bb0dcdc50a76c8368c5,持卡人消费,超市商务子系统,-3.0,82.23,3979,正常
2016/05/08 12:33:51,0803654857e392e7564156ee24c9cccb0a88d377,04ce89529b4df7f57e123bb0dcdc50a76c8368c5,持卡人消费,学士楼商务网关,-2.5,79.73,3980,正常
2016/05/08 12:35:05,0803654857e392e7564156ee24c9cccb0a88d377,04ce89529b4df7f57e123bb0dcdc50a76c8368c5,持卡人消费,学士楼商务网关,-2.6,77.13,3981,正常
2016/05/08 12:35:55,0803654857e392e7564156ee24c9cccb0a88d377,04ce89529b4df7f57e123bb0dcdc50a76c8368c5,持卡人消费,学士楼商务网关,-1.5,75.63,3982,正常
2016/05/08 12:58:32,0803654857e392e7564156ee24c9cccb0a88d377,04ce89529b4df7f57e123bb0dcdc50a76c8368c5,持卡人消费,学士楼商务网关,-2.0,73.63,3983,正常
2016/05/08 17:11:58,0803654857e392e7564156ee24c9cccb0a88d377,04ce89529b4df7f57e123bb0dcdc50a76c8368c5,持卡人消费,学苑楼商务网关,-6.0,67.63,3984,正常
2016/05/09 09:22:43,0803654857e392e7564156ee24c9cccb0a88d377,04ce89529b4df7f57e123bb0dcdc50a76c8368c5,持卡人消费,超市商务子系统,-3.0,64.63,3985,正常
2016/05/09 09:24:30,0803654857e392e7564156ee24c9cccb0a88d377,04ce89529b4df7f57e123bb0dcdc50a76c8368c5,持卡人消费,超市商务子系统,-3.9,60.73,3986,正常
2016/05/09 12:14:49,0803654857e392e7564156ee24c9cccb0a88d377,04ce89529b4df7f57e123bb0dcdc50a76c8368c5,持卡人消费,学士楼商务网关,-4.0,56.73,3987,正常
2016/05/09 17:57:43,0803654857e392e7564156ee24c9cccb0a88d377,04ce89529b4df7f57e123bb0dcdc50a76c8368c5,持卡人消费,硕果园（工大商店）,-15.0,41.73,3988,正常
2016/05/10 15:08:18,0803654857e392e7564156ee24c9cccb0a88d377,04ce89529b4df7f57e123bb0dcdc50a76c8368c5,持卡人消费,一校区水控新,-1.7,40.03,3990,正常
2016/05/10 19:33:39,0803654857e392e7564156ee24c9cccb0a88d377,04ce89529b4df7f57e123bb0dcdc50a76c8368c5,持卡人消费,学士楼商务网关,-2.5,37.53,3991,正常
2016/05/10 19:33:55,0803654857e392e7564156ee24c9cccb0a88d377,04ce89529b4df7f57e123bb0dcdc50a76c8368c5,持卡人消费,学士楼商务网关,-2.0,35.53,3992,正常
2016/05/10 19:37:08,0803654857e392e7564156ee24c9cccb0a88d377,04ce89529b4df7f57e123bb0dcdc50a76c8368c5,持卡人消费,学士楼商务网关,-0.6,34.93,3993,正常
2016/05/10 19:37:49,0803654857e392e7564156ee24c9cccb0a88d377,04ce89529b4df7f57e123bb0dcdc50a76c8368c5,持卡人消费,学士楼商务网关,-3.0,31.93,3994,正常
2016/05/11 09:06:26,0803654857e392e7564156ee24c9cccb0a88d377,04ce89529b4df7f57e123bb0dcdc50a76c8368c5,持卡人消费,超市商务子系统,-9.0,22.93,3995,正常
2016/05/11 09:11:07,0803654857e392e7564156ee24c9cccb0a88d377,04ce89529b4df7f57e123bb0dcdc50a76c8368c5,持卡人消费,超市商务子系统,-3.8,19.13,3996,正常
2016/05/11 09:12:52,0803654857e392e7564156ee24c9cccb0a88d377,04ce89529b4df7f57e123bb0dcdc50a76c8368c5,持卡人消费,超市商务子系统,-1.6,17.53,3997,正常
2016/05/11 11:28:15,0803654857e392e7564156ee24c9cccb0a88d377,04ce89529b4df7f57e123bb0dcdc50a76c8368c5,持卡人消费,学士楼商务网关,-15.0,2.53,3998,正常
2016/05/11 11:29:30,0803654857e392e7564156ee24c9cccb0a88d377,04ce89529b4df7f57e123bb0dcdc50a76c8368c5,持卡人消费,学士楼商务网关,-0.4,2.13,3999,正常
2016/05/14 20:25:56,0803654857e392e7564156ee24c9cccb0a88d377,04ce89529b4df7f57e123bb0dcdc50a76c8368c5,持卡人消费,一校区水控新,-1.68,0.45,4001,正常
2016/05/15 11:21:52,0803654857e392e7564156ee24c9cccb0a88d377,04ce89529b4df7f57e123bb0dcdc50a76c8368c5,存款,卡中心综合业务,100.0,100.45,4002,正常
2016/05/15 11:24:39,0803654857e392e7564156ee24c9cccb0a88d377,04ce89529b4df7f57e123bb0dcdc50a76c8368c5,持卡人消费,硕果园（工大商店）,-5.5,94.95,4003,正常
2016/05/15 11:25:38,0803654857e392e7564156ee24c9cccb0a88d377,04ce89529b4df7f57e123bb0dcdc50a76c8368c5,持卡人消费,硕果园（工大商店）,-7.0,87.95,4004,正常
2016/05/15 11:44:59,0803654857e392e7564156ee24c9cccb0a88d377,04ce89529b4df7f57e123bb0dcdc50a76c8368c5,持卡人消费,硕果园（工大商店）,-15.0,72.95,4005,正常
2016/05/15 11:51:15,0803654857e392e7564156ee24c9cccb0a88d377,04ce89529b4df7f57e123bb0dcdc50a76c8368c5,持卡人消费,硕果园（工大商店）,-13.0,59.95,4006,正常
2016/05/15 18:17:22,0803654857e392e7564156ee24c9cccb0a88d377,04ce89529b4df7f57e123bb0dcdc50a76c8368c5,持卡人消费,硕果园（工大商店）,-5.5,54.45,4007,正常
2016/05/15 18:18:32,0803654857e392e7564156ee24c9cccb0a88d377,04ce89529b4df7f57e123bb0dcdc50a76c8368c5,持卡人消费,硕果园（工大商店）,-13.0,41.45,4008,正常
2016/05/15 18:25:34,0803654857e392e7564156ee24c9cccb0a88d377,04ce89529b4df7f57e123bb0dcdc50a76c8368c5,持卡人消费,硕果园（工大商店）,-1.0,40.45,4009,正常
2016/05/16 10:00:42,0803654857e392e7564156ee24c9cccb0a88d377,04ce89529b4df7f57e123bb0dcdc50a76c8368c5,持卡人消费,超市商务子系统,-3.0,37.45,4010,正常
2016/05/16 12:11:22,0803654857e392e7564156ee24c9cccb0a88d377,04ce89529b4df7f57e123bb0dcdc50a76c8368c5,持卡人消费,学士楼商务网关,-10.0,27.45,4011,正常
2016/05/16 12:13:03,0803654857e392e7564156ee24c9cccb0a88d377,04ce89529b4df7f57e123bb0dcdc50a76c8368c5,持卡人消费,学士楼商务网关,-8.4,19.05,4012,正常
2016/05/16 12:15:20,0803654857e392e7564156ee24c9cccb0a88d377,04ce89529b4df7f57e123bb0dcdc50a76c8368c5,持卡人消费,学士楼商务网关,-12.8,6.25,4013,正常
2016/05/16 17:45:26,0803654857e392e7564156ee24c9cccb0a88d377,04ce89529b4df7f57e123bb0dcdc50a76c8368c5,持卡人消费,学士楼商务网关,-4.6,1.65,4014,正常
2016/05/30 11:34:16,0803654857e392e7564156ee24c9cccb0a88d377,04ce89529b4df7f57e123bb0dcdc50a76c8368c5,存款,学苑楼综合业务2,100.0,101.65,4015,正常
2016/05/30 11:38:19,0803654857e392e7564156ee24c9cccb0a88d377,04ce89529b4df7f57e123bb0dcdc50a76c8368c5,持卡人消费,学士楼商务网关,-2.9,98.75,4016,正常
2016/05/30 11:38:22,0803654857e392e7564156ee24c9cccb0a88d377,04ce89529b4df7f57e123bb0dcdc50a76c8368c5,持卡人消费,学士楼商务网关,-2.5,96.25,4017,正常
2016/05/30 11:39:51,0803654857e392e7564156ee24c9cccb0a88d377,04ce89529b4df7f57e123bb0dcdc50a76c8368c5,持卡人消费,学士楼商务网关,-2.6,93.65,4018,正常
2016/05/30 11:40:24,0803654857e392e7564156ee24c9cccb0a88d377,04ce89529b4df7f57e123bb0dcdc50a76c8368c5,持卡人消费,学士楼商务网关,-4.0,89.65,4019,正常
