交易发生时间,学号,姓名,交易类型,子系统名称,交易额,现有余额,次数,状态
2016/05/01 13:21:54,4e0035e523ade471995dd642f0354a0b3dbb51ed,04e0ac6c4f46279d5567e8afbe1e88284d731216,持卡人消费,硕果园（工大商店）,-10.0,22.17,2538,正常
2016/05/01 13:23:36,4e0035e523ade471995dd642f0354a0b3dbb51ed,04e0ac6c4f46279d5567e8afbe1e88284d731216,持卡人消费,硕果园（工大商店）,-3.0,19.17,2539,正常
2016/05/02 13:36:13,4e0035e523ade471995dd642f0354a0b3dbb51ed,04e0ac6c4f46279d5567e8afbe1e88284d731216,存款,卡中心综合业务,300.0,319.17,2540,正常
2016/05/02 13:39:25,4e0035e523ade471995dd642f0354a0b3dbb51ed,04e0ac6c4f46279d5567e8afbe1e88284d731216,持卡人消费,硕果园（工大商店）,-14.0,305.17,2541,正常
2016/05/02 13:39:52,4e0035e523ade471995dd642f0354a0b3dbb51ed,04e0ac6c4f46279d5567e8afbe1e88284d731216,持卡人消费,硕果园（工大商店）,-4.0,301.17,2542,正常
2016/05/03 12:14:17,4e0035e523ade471995dd642f0354a0b3dbb51ed,04e0ac6c4f46279d5567e8afbe1e88284d731216,持卡人消费,硕果园（工大商店）,-12.0,289.17,2543,正常
2016/05/20 14:03:16,4e0035e523ade471995dd642f0354a0b3dbb51ed,04e0ac6c4f46279d5567e8afbe1e88284d731216,持卡人消费,硕果园（工大商店）,-16.0,273.17,2544,正常
2016/05/20 14:03:50,4e0035e523ade471995dd642f0354a0b3dbb51ed,04e0ac6c4f46279d5567e8afbe1e88284d731216,持卡人消费,硕果园（工大商店）,-3.0,270.17,2545,正常
2016/05/22 12:55:00,4e0035e523ade471995dd642f0354a0b3dbb51ed,04e0ac6c4f46279d5567e8afbe1e88284d731216,持卡人消费,硕果园（工大商店）,-16.0,254.17,2546,正常
2016/05/22 13:08:38,4e0035e523ade471995dd642f0354a0b3dbb51ed,04e0ac6c4f46279d5567e8afbe1e88284d731216,持卡人消费,硕果园（工大商店）,-3.0,251.17,2547,正常
2016/05/24 13:50:43,4e0035e523ade471995dd642f0354a0b3dbb51ed,04e0ac6c4f46279d5567e8afbe1e88284d731216,持卡人消费,硕果园（工大商店）,-14.0,237.17,2548,正常
2016/05/24 13:51:16,4e0035e523ade471995dd642f0354a0b3dbb51ed,04e0ac6c4f46279d5567e8afbe1e88284d731216,持卡人消费,硕果园（工大商店）,-4.0,233.17,2549,正常
2016/05/26 13:45:15,4e0035e523ade471995dd642f0354a0b3dbb51ed,04e0ac6c4f46279d5567e8afbe1e88284d731216,持卡人消费,硕果园（工大商店）,-13.0,220.17,2550,正常
2016/05/26 13:45:46,4e0035e523ade471995dd642f0354a0b3dbb51ed,04e0ac6c4f46279d5567e8afbe1e88284d731216,持卡人消费,硕果园（工大商店）,-3.0,217.17,2551,正常
2016/05/27 12:59:16,4e0035e523ade471995dd642f0354a0b3dbb51ed,04e0ac6c4f46279d5567e8afbe1e88284d731216,持卡人消费,硕果园（工大商店）,-6.5,210.67,2552,正常
2016/05/28 13:53:49,4e0035e523ade471995dd642f0354a0b3dbb51ed,04e0ac6c4f46279d5567e8afbe1e88284d731216,持卡人消费,硕果园（工大商店）,-12.0,198.67,2553,正常
2016/05/28 14:08:50,4e0035e523ade471995dd642f0354a0b3dbb51ed,04e0ac6c4f46279d5567e8afbe1e88284d731216,持卡人消费,硕果园（工大商店）,-3.0,195.67,2554,正常
2016/05/29 18:14:07,4e0035e523ade471995dd642f0354a0b3dbb51ed,04e0ac6c4f46279d5567e8afbe1e88284d731216,持卡人消费,硕果园（工大商店）,-13.0,182.67,2555,正常
2016/05/29 18:30:03,4e0035e523ade471995dd642f0354a0b3dbb51ed,04e0ac6c4f46279d5567e8afbe1e88284d731216,持卡人消费,网络中心,-30.0,152.67,2556,正常
2016/05/30 13:00:17,4e0035e523ade471995dd642f0354a0b3dbb51ed,04e0ac6c4f46279d5567e8afbe1e88284d731216,持卡人消费,硕果园（工大商店）,-16.0,136.67,2557,正常
2016/05/30 18:17:27,4e0035e523ade471995dd642f0354a0b3dbb51ed,04e0ac6c4f46279d5567e8afbe1e88284d731216,持卡人消费,硕果园（工大商店）,-7.0,129.67,2558,正常
2016/05/30 18:19:18,4e0035e523ade471995dd642f0354a0b3dbb51ed,04e0ac6c4f46279d5567e8afbe1e88284d731216,持卡人消费,硕果园（工大商店）,-1.0,128.67,2559,正常
2016/05/30 18:32:15,4e0035e523ade471995dd642f0354a0b3dbb51ed,04e0ac6c4f46279d5567e8afbe1e88284d731216,持卡人消费,硕果园（工大商店）,-3.0,125.67,2560,正常
2016/05/30 19:49:48,4e0035e523ade471995dd642f0354a0b3dbb51ed,04e0ac6c4f46279d5567e8afbe1e88284d731216,持卡人消费,15公寓浴池,-1.57,124.10,2562,正常
2016/05/30 20:02:03,4e0035e523ade471995dd642f0354a0b3dbb51ed,04e0ac6c4f46279d5567e8afbe1e88284d731216,持卡人消费,15公寓浴池,-2.0,122.10,2563,正常
2016/05/30 20:07:11,4e0035e523ade471995dd642f0354a0b3dbb51ed,04e0ac6c4f46279d5567e8afbe1e88284d731216,持卡人消费,15公寓浴池,-0.98,121.12,2565,正常
2016/05/31 13:26:09,4e0035e523ade471995dd642f0354a0b3dbb51ed,04e0ac6c4f46279d5567e8afbe1e88284d731216,持卡人消费,硕果园（工大商店）,-14.0,107.12,2566,正常
2016/05/31 13:26:45,4e0035e523ade471995dd642f0354a0b3dbb51ed,04e0ac6c4f46279d5567e8afbe1e88284d731216,持卡人消费,硕果园（工大商店）,-4.0,103.12,2567,正常
