交易发生时间,学号,姓名,交易类型,子系统名称,交易额,现有余额,次数,状态
2016/05/08 10:56:54,2d7df9d8b1e28e2d8b711ad5cc362550b78801b9,04f7a3e319f73bf0e8be8b3a0e19e2a45a668ab3,存款,现金充值机,100.0,107.68,2300,正常
2016/05/08 11:21:13,2d7df9d8b1e28e2d8b711ad5cc362550b78801b9,04f7a3e319f73bf0e8be8b3a0e19e2a45a668ab3,持卡人消费,学士楼商务网关,-4.6,103.08,2301,正常
2016/05/08 11:22:49,2d7df9d8b1e28e2d8b711ad5cc362550b78801b9,04f7a3e319f73bf0e8be8b3a0e19e2a45a668ab3,持卡人消费,学士楼商务网关,-1.5,101.58,2302,正常
2016/05/08 11:23:30,2d7df9d8b1e28e2d8b711ad5cc362550b78801b9,04f7a3e319f73bf0e8be8b3a0e19e2a45a668ab3,持卡人消费,学士楼商务网关,-1.75,99.83,2303,正常
2016/05/08 11:40:39,2d7df9d8b1e28e2d8b711ad5cc362550b78801b9,04f7a3e319f73bf0e8be8b3a0e19e2a45a668ab3,持卡人消费,硕果园（工大商店）,-6.0,93.83,2304,正常
2016/05/10 12:26:53,2d7df9d8b1e28e2d8b711ad5cc362550b78801b9,04f7a3e319f73bf0e8be8b3a0e19e2a45a668ab3,持卡人消费,学士楼商务网关,-3.6,87.13,2306,正常
2016/05/10 12:27:50,2d7df9d8b1e28e2d8b711ad5cc362550b78801b9,04f7a3e319f73bf0e8be8b3a0e19e2a45a668ab3,持卡人消费,学士楼商务网关,-3.0,84.13,2307,正常
2016/05/10 17:28:14,2d7df9d8b1e28e2d8b711ad5cc362550b78801b9,04f7a3e319f73bf0e8be8b3a0e19e2a45a668ab3,持卡人消费,学士楼商务网关,-5.6,78.53,2308,正常
2016/05/10 17:57:39,2d7df9d8b1e28e2d8b711ad5cc362550b78801b9,04f7a3e319f73bf0e8be8b3a0e19e2a45a668ab3,持卡人消费,一校区水控新,-1.53,77.00,2309,正常
2016/05/10 18:01:18,2d7df9d8b1e28e2d8b711ad5cc362550b78801b9,04f7a3e319f73bf0e8be8b3a0e19e2a45a668ab3,持卡人消费,一校区水控新,-0.27,76.73,2310,正常
2016/05/11 11:30:18,2d7df9d8b1e28e2d8b711ad5cc362550b78801b9,04f7a3e319f73bf0e8be8b3a0e19e2a45a668ab3,持卡人消费,学士楼商务网关,-3.1,73.63,2311,正常
2016/05/11 17:35:32,2d7df9d8b1e28e2d8b711ad5cc362550b78801b9,04f7a3e319f73bf0e8be8b3a0e19e2a45a668ab3,持卡人消费,学士楼商务网关,-1.8,71.83,2312,正常
2016/05/11 17:37:23,2d7df9d8b1e28e2d8b711ad5cc362550b78801b9,04f7a3e319f73bf0e8be8b3a0e19e2a45a668ab3,持卡人消费,学士楼商务网关,-1.75,70.08,2313,正常
2016/05/12 17:31:34,2d7df9d8b1e28e2d8b711ad5cc362550b78801b9,04f7a3e319f73bf0e8be8b3a0e19e2a45a668ab3,持卡人消费,学士楼商务网关,-4.8,65.28,2314,正常
2016/05/12 17:32:46,2d7df9d8b1e28e2d8b711ad5cc362550b78801b9,04f7a3e319f73bf0e8be8b3a0e19e2a45a668ab3,持卡人消费,学士楼商务网关,-2.24,63.04,2315,正常
2016/05/13 12:41:53,2d7df9d8b1e28e2d8b711ad5cc362550b78801b9,04f7a3e319f73bf0e8be8b3a0e19e2a45a668ab3,持卡人消费,一区图书馆APOS,-9.0,54.04,2316,正常
2016/05/13 12:45:20,2d7df9d8b1e28e2d8b711ad5cc362550b78801b9,04f7a3e319f73bf0e8be8b3a0e19e2a45a668ab3,持卡人消费,学子楼商务网关,-7.8,46.24,2317,正常
2016/05/13 17:59:22,2d7df9d8b1e28e2d8b711ad5cc362550b78801b9,04f7a3e319f73bf0e8be8b3a0e19e2a45a668ab3,持卡人消费,学子楼商务网关,-7.2,39.04,2318,正常
2016/05/14 12:01:26,2d7df9d8b1e28e2d8b711ad5cc362550b78801b9,04f7a3e319f73bf0e8be8b3a0e19e2a45a668ab3,持卡人消费,学士楼商务网关,-3.3,35.74,2319,正常
2016/05/14 12:01:55,2d7df9d8b1e28e2d8b711ad5cc362550b78801b9,04f7a3e319f73bf0e8be8b3a0e19e2a45a668ab3,持卡人消费,学士楼商务网关,-1.5,34.24,2320,正常
2016/05/14 17:55:41,2d7df9d8b1e28e2d8b711ad5cc362550b78801b9,04f7a3e319f73bf0e8be8b3a0e19e2a45a668ab3,持卡人消费,学子楼商务网关,-7.2,27.04,2321,正常
2016/05/14 18:18:52,2d7df9d8b1e28e2d8b711ad5cc362550b78801b9,04f7a3e319f73bf0e8be8b3a0e19e2a45a668ab3,持卡人消费,超市商务子系统,-8.3,18.74,2322,正常
2016/05/15 20:41:52,2d7df9d8b1e28e2d8b711ad5cc362550b78801b9,04f7a3e319f73bf0e8be8b3a0e19e2a45a668ab3,持卡人消费,一校区水控新,-1.5,17.24,2323,正常
2016/05/16 11:52:13,2d7df9d8b1e28e2d8b711ad5cc362550b78801b9,04f7a3e319f73bf0e8be8b3a0e19e2a45a668ab3,持卡人消费,学子楼商务网关,-7.2,10.04,2324,正常
2016/05/16 17:35:08,2d7df9d8b1e28e2d8b711ad5cc362550b78801b9,04f7a3e319f73bf0e8be8b3a0e19e2a45a668ab3,存款,学苑楼综合业务2,100.0,110.04,2325,正常
2016/05/16 17:37:29,2d7df9d8b1e28e2d8b711ad5cc362550b78801b9,04f7a3e319f73bf0e8be8b3a0e19e2a45a668ab3,持卡人消费,学苑楼商务网关,-8.0,102.04,2326,正常
2016/05/17 11:21:27,2d7df9d8b1e28e2d8b711ad5cc362550b78801b9,04f7a3e319f73bf0e8be8b3a0e19e2a45a668ab3,持卡人消费,学苑楼商务网关,-6.0,96.04,2327,正常
2016/05/17 11:21:55,2d7df9d8b1e28e2d8b711ad5cc362550b78801b9,04f7a3e319f73bf0e8be8b3a0e19e2a45a668ab3,持卡人消费,学苑楼商务网关,-7.0,89.04,2328,正常
2016/05/17 11:23:23,2d7df9d8b1e28e2d8b711ad5cc362550b78801b9,04f7a3e319f73bf0e8be8b3a0e19e2a45a668ab3,持卡人消费,学苑楼商务网关,-7.0,82.04,2329,正常
2016/05/17 11:23:46,2d7df9d8b1e28e2d8b711ad5cc362550b78801b9,04f7a3e319f73bf0e8be8b3a0e19e2a45a668ab3,持卡人消费,学苑楼商务网关,-1.5,80.54,2330,正常
2016/05/17 17:32:29,2d7df9d8b1e28e2d8b711ad5cc362550b78801b9,04f7a3e319f73bf0e8be8b3a0e19e2a45a668ab3,持卡人消费,学士楼商务网关,-9.1,71.44,2331,正常
2016/05/17 17:33:38,2d7df9d8b1e28e2d8b711ad5cc362550b78801b9,04f7a3e319f73bf0e8be8b3a0e19e2a45a668ab3,持卡人消费,学士楼商务网关,-3.0,68.44,2332,正常
2016/05/18 12:00:22,2d7df9d8b1e28e2d8b711ad5cc362550b78801b9,04f7a3e319f73bf0e8be8b3a0e19e2a45a668ab3,持卡人消费,学子楼商务网关,-3.0,65.44,2333,正常
2016/05/18 12:56:57,2d7df9d8b1e28e2d8b711ad5cc362550b78801b9,04f7a3e319f73bf0e8be8b3a0e19e2a45a668ab3,持卡人消费,学子楼商务网关,-7.2,58.24,2334,正常
2016/05/18 19:51:10,2d7df9d8b1e28e2d8b711ad5cc362550b78801b9,04f7a3e319f73bf0e8be8b3a0e19e2a45a668ab3,持卡人消费,超市商务子系统,-18.3,39.94,2335,正常
2016/05/19 18:43:30,2d7df9d8b1e28e2d8b711ad5cc362550b78801b9,04f7a3e319f73bf0e8be8b3a0e19e2a45a668ab3,持卡人消费,一校区水控新,-1.55,38.39,2337,正常
2016/05/20 17:54:39,2d7df9d8b1e28e2d8b711ad5cc362550b78801b9,04f7a3e319f73bf0e8be8b3a0e19e2a45a668ab3,持卡人消费,学士楼商务网关,-4.1,34.29,2338,正常
2016/05/20 18:00:54,2d7df9d8b1e28e2d8b711ad5cc362550b78801b9,04f7a3e319f73bf0e8be8b3a0e19e2a45a668ab3,持卡人消费,学士楼商务网关,-0.6,33.69,2339,正常
2016/05/21 17:46:59,2d7df9d8b1e28e2d8b711ad5cc362550b78801b9,04f7a3e319f73bf0e8be8b3a0e19e2a45a668ab3,持卡人消费,学士楼商务网关,-3.1,30.59,2340,正常
2016/05/22 17:14:15,2d7df9d8b1e28e2d8b711ad5cc362550b78801b9,04f7a3e319f73bf0e8be8b3a0e19e2a45a668ab3,持卡人消费,学子楼商务网关,-10.8,19.79,2341,正常
2016/05/23 11:31:40,2d7df9d8b1e28e2d8b711ad5cc362550b78801b9,04f7a3e319f73bf0e8be8b3a0e19e2a45a668ab3,持卡人消费,学苑楼商务网关,-1.8,17.99,2342,正常
2016/05/23 11:34:35,2d7df9d8b1e28e2d8b711ad5cc362550b78801b9,04f7a3e319f73bf0e8be8b3a0e19e2a45a668ab3,持卡人消费,学苑楼商务网关,-3.0,14.99,2343,正常
2016/05/23 17:35:57,2d7df9d8b1e28e2d8b711ad5cc362550b78801b9,04f7a3e319f73bf0e8be8b3a0e19e2a45a668ab3,持卡人消费,学士楼商务网关,-3.8,11.19,2344,正常
2016/05/23 17:36:51,2d7df9d8b1e28e2d8b711ad5cc362550b78801b9,04f7a3e319f73bf0e8be8b3a0e19e2a45a668ab3,持卡人消费,学士楼商务网关,-0.8,10.39,2345,正常
2016/05/23 17:36:55,2d7df9d8b1e28e2d8b711ad5cc362550b78801b9,04f7a3e319f73bf0e8be8b3a0e19e2a45a668ab3,持卡人消费,学士楼商务网关,-0.7,9.69,2346,正常
2016/05/25 12:22:22,2d7df9d8b1e28e2d8b711ad5cc362550b78801b9,04f7a3e319f73bf0e8be8b3a0e19e2a45a668ab3,持卡人消费,学子楼商务网关,-7.2,2.49,2347,正常
2016/05/25 17:39:26,2d7df9d8b1e28e2d8b711ad5cc362550b78801b9,04f7a3e319f73bf0e8be8b3a0e19e2a45a668ab3,存款,卡中心综合业务,100.0,102.49,2348,正常
2016/05/25 17:47:19,2d7df9d8b1e28e2d8b711ad5cc362550b78801b9,04f7a3e319f73bf0e8be8b3a0e19e2a45a668ab3,持卡人消费,学士楼商务网关,-4.6,97.89,2349,正常
2016/05/25 20:11:17,2d7df9d8b1e28e2d8b711ad5cc362550b78801b9,04f7a3e319f73bf0e8be8b3a0e19e2a45a668ab3,持卡人消费,一校区水控新,-1.98,95.91,2351,正常
2016/05/25 20:16:16,2d7df9d8b1e28e2d8b711ad5cc362550b78801b9,04f7a3e319f73bf0e8be8b3a0e19e2a45a668ab3,持卡人消费,一校区水控新,-0.45,95.46,2353,正常
2016/05/26 11:36:44,2d7df9d8b1e28e2d8b711ad5cc362550b78801b9,04f7a3e319f73bf0e8be8b3a0e19e2a45a668ab3,持卡人消费,硕果园（工大商店）,-8.0,87.46,2354,正常
2016/05/27 12:31:50,2d7df9d8b1e28e2d8b711ad5cc362550b78801b9,04f7a3e319f73bf0e8be8b3a0e19e2a45a668ab3,持卡人消费,超市商务子系统,-4.7,82.76,2355,正常
2016/05/27 12:36:20,2d7df9d8b1e28e2d8b711ad5cc362550b78801b9,04f7a3e319f73bf0e8be8b3a0e19e2a45a668ab3,持卡人消费,超市商务子系统,-3.9,78.86,2356,正常
2016/05/27 16:55:27,2d7df9d8b1e28e2d8b711ad5cc362550b78801b9,04f7a3e319f73bf0e8be8b3a0e19e2a45a668ab3,持卡人消费,硕果园（工大商店）,-8.0,70.86,2357,正常
2016/05/27 17:01:19,2d7df9d8b1e28e2d8b711ad5cc362550b78801b9,04f7a3e319f73bf0e8be8b3a0e19e2a45a668ab3,持卡人消费,学子楼商务网关,-9.0,61.86,2358,正常
2016/05/27 17:07:32,2d7df9d8b1e28e2d8b711ad5cc362550b78801b9,04f7a3e319f73bf0e8be8b3a0e19e2a45a668ab3,持卡人消费,学子楼商务网关,-4.0,57.86,2359,正常
2016/05/28 11:28:47,2d7df9d8b1e28e2d8b711ad5cc362550b78801b9,04f7a3e319f73bf0e8be8b3a0e19e2a45a668ab3,持卡人消费,学士楼商务网关,-3.6,54.26,2360,正常
2016/05/28 17:23:46,2d7df9d8b1e28e2d8b711ad5cc362550b78801b9,04f7a3e319f73bf0e8be8b3a0e19e2a45a668ab3,持卡人消费,学士楼商务网关,-6.6,47.66,2361,正常
2016/05/29 11:15:04,2d7df9d8b1e28e2d8b711ad5cc362550b78801b9,04f7a3e319f73bf0e8be8b3a0e19e2a45a668ab3,持卡人消费,学苑楼商务网关,-7.0,40.66,2362,正常
2016/05/30 11:44:02,2d7df9d8b1e28e2d8b711ad5cc362550b78801b9,04f7a3e319f73bf0e8be8b3a0e19e2a45a668ab3,持卡人消费,学士楼商务网关,-4.7,35.96,2363,正常
2016/05/30 17:30:30,2d7df9d8b1e28e2d8b711ad5cc362550b78801b9,04f7a3e319f73bf0e8be8b3a0e19e2a45a668ab3,持卡人消费,学士楼商务网关,-4.6,31.36,2364,正常
2016/05/30 20:36:09,2d7df9d8b1e28e2d8b711ad5cc362550b78801b9,04f7a3e319f73bf0e8be8b3a0e19e2a45a668ab3,持卡人消费,超市商务子系统,-4.3,27.06,2365,正常
2016/05/30 20:45:30,2d7df9d8b1e28e2d8b711ad5cc362550b78801b9,04f7a3e319f73bf0e8be8b3a0e19e2a45a668ab3,持卡人消费,超市商务子系统,-21.9,5.16,2366,正常
2016/05/31 11:56:09,2d7df9d8b1e28e2d8b711ad5cc362550b78801b9,04f7a3e319f73bf0e8be8b3a0e19e2a45a668ab3,存款,卡中心综合业务,100.0,105.16,2367,正常
2016/05/31 11:59:44,2d7df9d8b1e28e2d8b711ad5cc362550b78801b9,04f7a3e319f73bf0e8be8b3a0e19e2a45a668ab3,持卡人消费,学苑楼商务网关,-8.0,97.16,2368,正常
2016/05/31 12:07:59,2d7df9d8b1e28e2d8b711ad5cc362550b78801b9,04f7a3e319f73bf0e8be8b3a0e19e2a45a668ab3,持卡人消费,学苑楼商务网关,-3.0,94.16,2369,正常
2016/05/31 12:19:42,2d7df9d8b1e28e2d8b711ad5cc362550b78801b9,04f7a3e319f73bf0e8be8b3a0e19e2a45a668ab3,持卡人消费,硕果园（工大商店）,-6.0,88.16,2370,正常
