交易发生时间,学号,姓名,交易类型,子系统名称,交易额,现有余额,次数,状态
2016/05/01 12:18:30,4648b9fbbd8e4b6c097811e8ba4b61f3d4959aeb,0548095d5bdf092a1b0bc65c8433a73f2c68c4b4,持卡人消费,硕果园（工大商店）,-12.0,16.26,3585,正常
2016/05/02 12:33:02,4648b9fbbd8e4b6c097811e8ba4b61f3d4959aeb,0548095d5bdf092a1b0bc65c8433a73f2c68c4b4,持卡人消费,硕果园（工大商店）,-8.0,8.26,3586,正常
2016/05/02 14:47:36,4648b9fbbd8e4b6c097811e8ba4b61f3d4959aeb,0548095d5bdf092a1b0bc65c8433a73f2c68c4b4,持卡人消费,学子便利店A01后楼,-3.9,4.36,3587,正常
2016/05/04 12:35:48,4648b9fbbd8e4b6c097811e8ba4b61f3d4959aeb,0548095d5bdf092a1b0bc65c8433a73f2c68c4b4,存款,卡中心综合业务,200.0,204.36,3588,正常
2016/05/04 12:38:55,4648b9fbbd8e4b6c097811e8ba4b61f3d4959aeb,0548095d5bdf092a1b0bc65c8433a73f2c68c4b4,持卡人消费,学士楼商务网关,-7.0,197.36,3589,正常
2016/05/04 12:40:40,4648b9fbbd8e4b6c097811e8ba4b61f3d4959aeb,0548095d5bdf092a1b0bc65c8433a73f2c68c4b4,持卡人消费,学士楼商务网关,-1.0,196.36,3590,正常
2016/05/04 13:14:16,4648b9fbbd8e4b6c097811e8ba4b61f3d4959aeb,0548095d5bdf092a1b0bc65c8433a73f2c68c4b4,持卡人消费,15公寓浴池,-0.16,196.20,3592,正常
2016/05/04 13:25:07,4648b9fbbd8e4b6c097811e8ba4b61f3d4959aeb,0548095d5bdf092a1b0bc65c8433a73f2c68c4b4,持卡人消费,15公寓浴池,-2.0,194.20,3593,正常
2016/05/04 15:13:32,4648b9fbbd8e4b6c097811e8ba4b61f3d4959aeb,0548095d5bdf092a1b0bc65c8433a73f2c68c4b4,持卡人消费,学子便利店A01后楼,-6.5,187.70,3594,正常
2016/05/04 17:13:13,4648b9fbbd8e4b6c097811e8ba4b61f3d4959aeb,0548095d5bdf092a1b0bc65c8433a73f2c68c4b4,持卡人消费,硕果园（工大商店）,-13.0,174.70,3595,正常
2016/05/04 22:05:07,4648b9fbbd8e4b6c097811e8ba4b61f3d4959aeb,0548095d5bdf092a1b0bc65c8433a73f2c68c4b4,持卡人消费,学子便利店A01后楼,-5.3,169.40,3596,正常
2016/05/05 12:37:51,4648b9fbbd8e4b6c097811e8ba4b61f3d4959aeb,0548095d5bdf092a1b0bc65c8433a73f2c68c4b4,持卡人消费,硕果园（工大商店）,-9.0,160.40,3597,正常
2016/05/05 18:17:35,4648b9fbbd8e4b6c097811e8ba4b61f3d4959aeb,0548095d5bdf092a1b0bc65c8433a73f2c68c4b4,持卡人消费,硕果园（工大商店）,-10.0,150.40,3598,正常
2016/05/05 22:17:21,4648b9fbbd8e4b6c097811e8ba4b61f3d4959aeb,0548095d5bdf092a1b0bc65c8433a73f2c68c4b4,持卡人消费,学子便利店A01后楼,-3.9,146.50,3599,正常
2016/05/06 12:29:22,4648b9fbbd8e4b6c097811e8ba4b61f3d4959aeb,0548095d5bdf092a1b0bc65c8433a73f2c68c4b4,持卡人消费,学子便利店A01后楼,-8.8,137.70,3600,正常
2016/05/07 12:36:48,4648b9fbbd8e4b6c097811e8ba4b61f3d4959aeb,0548095d5bdf092a1b0bc65c8433a73f2c68c4b4,持卡人消费,硕果园（工大商店）,-9.0,128.70,3601,正常
2016/05/07 12:55:58,4648b9fbbd8e4b6c097811e8ba4b61f3d4959aeb,0548095d5bdf092a1b0bc65c8433a73f2c68c4b4,持卡人消费,学子便利店A01后楼,-2.8,125.90,3602,正常
2016/05/07 18:37:10,4648b9fbbd8e4b6c097811e8ba4b61f3d4959aeb,0548095d5bdf092a1b0bc65c8433a73f2c68c4b4,持卡人消费,硕果园（工大商店）,-10.0,115.90,3603,正常
2016/05/07 18:51:09,4648b9fbbd8e4b6c097811e8ba4b61f3d4959aeb,0548095d5bdf092a1b0bc65c8433a73f2c68c4b4,持卡人消费,硕果园（工大商店）,-12.8,103.10,3604,正常
2016/05/08 12:53:06,4648b9fbbd8e4b6c097811e8ba4b61f3d4959aeb,0548095d5bdf092a1b0bc65c8433a73f2c68c4b4,持卡人消费,硕果园（工大商店）,-8.0,95.10,3605,正常
2016/05/09 12:27:32,4648b9fbbd8e4b6c097811e8ba4b61f3d4959aeb,0548095d5bdf092a1b0bc65c8433a73f2c68c4b4,持卡人消费,学士楼商务网关,-5.3,89.80,3606,正常
2016/05/09 12:28:17,4648b9fbbd8e4b6c097811e8ba4b61f3d4959aeb,0548095d5bdf092a1b0bc65c8433a73f2c68c4b4,持卡人消费,学士楼商务网关,-3.91,85.89,3607,正常
2016/05/09 17:09:29,4648b9fbbd8e4b6c097811e8ba4b61f3d4959aeb,0548095d5bdf092a1b0bc65c8433a73f2c68c4b4,持卡人消费,学苑楼商务网关,-8.8,77.09,3608,正常
2016/05/09 17:26:16,4648b9fbbd8e4b6c097811e8ba4b61f3d4959aeb,0548095d5bdf092a1b0bc65c8433a73f2c68c4b4,持卡人消费,学子便利店A01后楼,-2.7,74.39,3609,正常
2016/05/09 20:07:32,4648b9fbbd8e4b6c097811e8ba4b61f3d4959aeb,0548095d5bdf092a1b0bc65c8433a73f2c68c4b4,持卡人消费,学子便利店A01后楼,-4.5,69.89,3610,正常
2016/05/10 12:27:57,4648b9fbbd8e4b6c097811e8ba4b61f3d4959aeb,0548095d5bdf092a1b0bc65c8433a73f2c68c4b4,持卡人消费,硕果园（工大商店）,-10.0,59.89,3611,正常
2016/05/10 17:13:39,4648b9fbbd8e4b6c097811e8ba4b61f3d4959aeb,0548095d5bdf092a1b0bc65c8433a73f2c68c4b4,持卡人消费,学士楼商务网关,-9.6,50.29,3612,正常
2016/05/10 21:11:24,4648b9fbbd8e4b6c097811e8ba4b61f3d4959aeb,0548095d5bdf092a1b0bc65c8433a73f2c68c4b4,持卡人消费,学子便利店A01后楼,-3.6,46.69,3613,正常
2016/05/11 12:33:41,4648b9fbbd8e4b6c097811e8ba4b61f3d4959aeb,0548095d5bdf092a1b0bc65c8433a73f2c68c4b4,持卡人消费,硕果园（工大商店）,-8.0,38.69,3614,正常
2016/05/11 12:43:33,4648b9fbbd8e4b6c097811e8ba4b61f3d4959aeb,0548095d5bdf092a1b0bc65c8433a73f2c68c4b4,持卡人消费,学子便利店A01后楼,-2.7,35.99,3615,正常
2016/05/11 17:10:32,4648b9fbbd8e4b6c097811e8ba4b61f3d4959aeb,0548095d5bdf092a1b0bc65c8433a73f2c68c4b4,持卡人消费,学苑楼商务网关,-8.0,27.99,3616,正常
2016/05/12 12:38:10,4648b9fbbd8e4b6c097811e8ba4b61f3d4959aeb,0548095d5bdf092a1b0bc65c8433a73f2c68c4b4,持卡人消费,学子便利店A01后楼,-9.0,18.99,3617,正常
2016/05/12 18:00:52,4648b9fbbd8e4b6c097811e8ba4b61f3d4959aeb,0548095d5bdf092a1b0bc65c8433a73f2c68c4b4,持卡人消费,学子便利店A01后楼,-1.5,17.49,3618,正常
2016/05/13 12:07:41,4648b9fbbd8e4b6c097811e8ba4b61f3d4959aeb,0548095d5bdf092a1b0bc65c8433a73f2c68c4b4,持卡人消费,学士楼商务网关,-6.1,11.39,3619,正常
2016/05/13 15:55:38,4648b9fbbd8e4b6c097811e8ba4b61f3d4959aeb,0548095d5bdf092a1b0bc65c8433a73f2c68c4b4,持卡人消费,学子便利店A01后楼,-6.5,4.89,3620,正常
2016/05/13 17:58:27,4648b9fbbd8e4b6c097811e8ba4b61f3d4959aeb,0548095d5bdf092a1b0bc65c8433a73f2c68c4b4,存款,学苑楼综合业务2,300.0,304.89,3621,正常
2016/05/13 18:00:07,4648b9fbbd8e4b6c097811e8ba4b61f3d4959aeb,0548095d5bdf092a1b0bc65c8433a73f2c68c4b4,持卡人消费,学苑楼商务网关,-7.0,297.89,3622,正常
2016/05/14 09:48:24,4648b9fbbd8e4b6c097811e8ba4b61f3d4959aeb,0548095d5bdf092a1b0bc65c8433a73f2c68c4b4,持卡人消费,学子便利店A01后楼,-4.8,293.09,3623,正常
2016/05/14 11:46:42,4648b9fbbd8e4b6c097811e8ba4b61f3d4959aeb,0548095d5bdf092a1b0bc65c8433a73f2c68c4b4,持卡人消费,学士楼商务网关,-4.4,288.69,3624,正常
2016/05/14 12:06:46,4648b9fbbd8e4b6c097811e8ba4b61f3d4959aeb,0548095d5bdf092a1b0bc65c8433a73f2c68c4b4,持卡人消费,学子便利店A01后楼,-2.6,286.09,3625,正常
2016/05/14 18:21:48,4648b9fbbd8e4b6c097811e8ba4b61f3d4959aeb,0548095d5bdf092a1b0bc65c8433a73f2c68c4b4,持卡人消费,硕果园（工大商店）,-12.0,274.09,3626,正常
2016/05/15 12:23:52,4648b9fbbd8e4b6c097811e8ba4b61f3d4959aeb,0548095d5bdf092a1b0bc65c8433a73f2c68c4b4,持卡人消费,学子便利店A01后楼,-8.4,265.69,3627,正常
2016/05/15 14:52:28,4648b9fbbd8e4b6c097811e8ba4b61f3d4959aeb,0548095d5bdf092a1b0bc65c8433a73f2c68c4b4,持卡人消费,学子便利店A01后楼,-2.8,262.89,3628,正常
2016/05/15 17:18:14,4648b9fbbd8e4b6c097811e8ba4b61f3d4959aeb,0548095d5bdf092a1b0bc65c8433a73f2c68c4b4,持卡人消费,硕果园（工大商店）,-13.0,249.89,3629,正常
2016/05/15 18:22:12,4648b9fbbd8e4b6c097811e8ba4b61f3d4959aeb,0548095d5bdf092a1b0bc65c8433a73f2c68c4b4,持卡人消费,15公寓浴池,-2.0,247.89,3630,正常
2016/05/15 18:23:32,4648b9fbbd8e4b6c097811e8ba4b61f3d4959aeb,0548095d5bdf092a1b0bc65c8433a73f2c68c4b4,持卡人消费,15公寓浴池,-0.22,247.67,3632,正常
2016/05/16 15:03:22,4648b9fbbd8e4b6c097811e8ba4b61f3d4959aeb,0548095d5bdf092a1b0bc65c8433a73f2c68c4b4,持卡人消费,学子便利店A01后楼,-2.6,245.07,3633,正常
2016/05/17 12:39:33,4648b9fbbd8e4b6c097811e8ba4b61f3d4959aeb,0548095d5bdf092a1b0bc65c8433a73f2c68c4b4,持卡人消费,硕果园（工大商店）,-8.0,237.07,3634,正常
2016/05/17 15:23:20,4648b9fbbd8e4b6c097811e8ba4b61f3d4959aeb,0548095d5bdf092a1b0bc65c8433a73f2c68c4b4,持卡人消费,学子便利店A01后楼,-1.2,235.87,3635,正常
2016/05/18 13:01:41,4648b9fbbd8e4b6c097811e8ba4b61f3d4959aeb,0548095d5bdf092a1b0bc65c8433a73f2c68c4b4,持卡人消费,学子便利店A01后楼,-5.5,230.37,3636,正常
2016/05/18 13:56:56,4648b9fbbd8e4b6c097811e8ba4b61f3d4959aeb,0548095d5bdf092a1b0bc65c8433a73f2c68c4b4,持卡人消费,学子便利店A01后楼,-2.6,227.77,3637,正常
2016/05/18 18:18:54,4648b9fbbd8e4b6c097811e8ba4b61f3d4959aeb,0548095d5bdf092a1b0bc65c8433a73f2c68c4b4,持卡人消费,学士楼商务网关,-7.0,220.77,3638,正常
2016/05/18 18:22:55,4648b9fbbd8e4b6c097811e8ba4b61f3d4959aeb,0548095d5bdf092a1b0bc65c8433a73f2c68c4b4,持卡人消费,学士楼商务网关,-1.0,219.77,3639,正常
2016/05/18 20:25:31,4648b9fbbd8e4b6c097811e8ba4b61f3d4959aeb,0548095d5bdf092a1b0bc65c8433a73f2c68c4b4,持卡人消费,15公寓浴池,-1.25,218.52,3641,正常
2016/05/22 07:14:47,4648b9fbbd8e4b6c097811e8ba4b61f3d4959aeb,0548095d5bdf092a1b0bc65c8433a73f2c68c4b4,持卡人消费,学子便利店A01后楼,-1.5,217.02,3642,正常
2016/05/22 19:26:10,4648b9fbbd8e4b6c097811e8ba4b61f3d4959aeb,0548095d5bdf092a1b0bc65c8433a73f2c68c4b4,持卡人消费,学子便利店A01后楼,-7.3,209.72,3643,正常
2016/05/23 07:38:05,4648b9fbbd8e4b6c097811e8ba4b61f3d4959aeb,0548095d5bdf092a1b0bc65c8433a73f2c68c4b4,持卡人消费,学子便利店A01后楼,-5.2,204.52,3644,正常
2016/05/24 07:34:31,4648b9fbbd8e4b6c097811e8ba4b61f3d4959aeb,0548095d5bdf092a1b0bc65c8433a73f2c68c4b4,持卡人消费,学子便利店A01后楼,-3.8,200.72,3645,正常
2016/05/24 20:16:14,4648b9fbbd8e4b6c097811e8ba4b61f3d4959aeb,0548095d5bdf092a1b0bc65c8433a73f2c68c4b4,持卡人消费,学子便利店A01后楼,-3.9,196.82,3646,正常
2016/05/24 22:10:14,4648b9fbbd8e4b6c097811e8ba4b61f3d4959aeb,0548095d5bdf092a1b0bc65c8433a73f2c68c4b4,持卡人消费,学子便利店A01后楼,-1.2,195.62,3647,正常
2016/05/25 07:33:08,4648b9fbbd8e4b6c097811e8ba4b61f3d4959aeb,0548095d5bdf092a1b0bc65c8433a73f2c68c4b4,持卡人消费,学子便利店A01后楼,-5.2,190.42,3648,正常
2016/05/25 15:31:09,4648b9fbbd8e4b6c097811e8ba4b61f3d4959aeb,0548095d5bdf092a1b0bc65c8433a73f2c68c4b4,持卡人消费,15公寓浴池,-2.0,188.42,3649,正常
2016/05/25 15:39:30,4648b9fbbd8e4b6c097811e8ba4b61f3d4959aeb,0548095d5bdf092a1b0bc65c8433a73f2c68c4b4,持卡人消费,学子便利店A01后楼,-2.6,185.82,3650,正常
2016/05/26 18:22:28,4648b9fbbd8e4b6c097811e8ba4b61f3d4959aeb,0548095d5bdf092a1b0bc65c8433a73f2c68c4b4,持卡人消费,A1,-3.0,182.82,3651,正常
2016/05/26 21:34:40,4648b9fbbd8e4b6c097811e8ba4b61f3d4959aeb,0548095d5bdf092a1b0bc65c8433a73f2c68c4b4,持卡人消费,学子便利店A01后楼,-10.2,172.62,3652,正常
2016/05/27 12:21:53,4648b9fbbd8e4b6c097811e8ba4b61f3d4959aeb,0548095d5bdf092a1b0bc65c8433a73f2c68c4b4,持卡人消费,硕果园（工大商店）,-8.0,164.62,3653,正常
2016/05/27 12:25:06,4648b9fbbd8e4b6c097811e8ba4b61f3d4959aeb,0548095d5bdf092a1b0bc65c8433a73f2c68c4b4,持卡人消费,硕果园（工大商店）,-13.1,151.52,3654,正常
2016/05/27 12:32:17,4648b9fbbd8e4b6c097811e8ba4b61f3d4959aeb,0548095d5bdf092a1b0bc65c8433a73f2c68c4b4,持卡人消费,学子便利店A01后楼,-2.6,148.92,3655,正常
2016/05/28 11:02:12,4648b9fbbd8e4b6c097811e8ba4b61f3d4959aeb,0548095d5bdf092a1b0bc65c8433a73f2c68c4b4,持卡人消费,学士楼商务网关,-5.75,143.17,3656,正常
2016/05/28 11:03:04,4648b9fbbd8e4b6c097811e8ba4b61f3d4959aeb,0548095d5bdf092a1b0bc65c8433a73f2c68c4b4,持卡人消费,学士楼商务网关,-4.8,138.37,3657,正常
2016/05/28 11:22:09,4648b9fbbd8e4b6c097811e8ba4b61f3d4959aeb,0548095d5bdf092a1b0bc65c8433a73f2c68c4b4,持卡人消费,学子便利店A01后楼,-1.2,137.17,3658,正常
2016/05/28 17:02:48,4648b9fbbd8e4b6c097811e8ba4b61f3d4959aeb,0548095d5bdf092a1b0bc65c8433a73f2c68c4b4,持卡人消费,硕果园（工大商店）,-13.0,124.17,3659,正常
2016/05/28 17:21:37,4648b9fbbd8e4b6c097811e8ba4b61f3d4959aeb,0548095d5bdf092a1b0bc65c8433a73f2c68c4b4,持卡人消费,学子便利店A01后楼,-2.0,122.17,3660,正常
2016/05/29 11:54:48,4648b9fbbd8e4b6c097811e8ba4b61f3d4959aeb,0548095d5bdf092a1b0bc65c8433a73f2c68c4b4,持卡人消费,学苑楼商务网关,-47.0,75.17,3661,正常
2016/05/29 12:19:50,4648b9fbbd8e4b6c097811e8ba4b61f3d4959aeb,0548095d5bdf092a1b0bc65c8433a73f2c68c4b4,持卡人消费,学子便利店A01后楼,-2.8,72.37,3662,正常
2016/05/29 17:06:07,4648b9fbbd8e4b6c097811e8ba4b61f3d4959aeb,0548095d5bdf092a1b0bc65c8433a73f2c68c4b4,持卡人消费,学苑楼商务网关,-7.9,64.47,3663,正常
2016/05/29 18:08:34,4648b9fbbd8e4b6c097811e8ba4b61f3d4959aeb,0548095d5bdf092a1b0bc65c8433a73f2c68c4b4,持卡人消费,15公寓浴池,-0.03,64.44,3665,正常
2016/05/29 18:16:37,4648b9fbbd8e4b6c097811e8ba4b61f3d4959aeb,0548095d5bdf092a1b0bc65c8433a73f2c68c4b4,持卡人消费,15公寓浴池,-1.54,62.90,3667,正常
2016/05/29 21:01:06,4648b9fbbd8e4b6c097811e8ba4b61f3d4959aeb,0548095d5bdf092a1b0bc65c8433a73f2c68c4b4,持卡人消费,学子便利店A01后楼,-7.5,55.40,3668,正常
2016/05/30 12:01:17,4648b9fbbd8e4b6c097811e8ba4b61f3d4959aeb,0548095d5bdf092a1b0bc65c8433a73f2c68c4b4,持卡人消费,学子便利店A01后楼,-2.6,52.80,3669,正常
