交易发生时间,学号,姓名,交易类型,子系统名称,交易额,现有余额,次数,状态
2016/05/02 11:31:15,418d21dbdb57d6ffb8971971b672ef104069b423,05617c61ae11cb6d7d19ce8e4e5b0e396ad57354,持卡人消费,土木楼网关,-7.0,30.21,4590,正常
2016/05/02 11:32:31,418d21dbdb57d6ffb8971971b672ef104069b423,05617c61ae11cb6d7d19ce8e4e5b0e396ad57354,持卡人消费,土木楼网关,-7.8,22.41,4591,正常
2016/05/02 17:49:58,418d21dbdb57d6ffb8971971b672ef104069b423,05617c61ae11cb6d7d19ce8e4e5b0e396ad57354,持卡人消费,土木楼网关,-14.5,7.91,4592,正常
2016/05/02 17:50:07,418d21dbdb57d6ffb8971971b672ef104069b423,05617c61ae11cb6d7d19ce8e4e5b0e396ad57354,持卡人消费,土木楼网关,-1.0,6.91,4593,正常
2016/05/03 17:01:18,418d21dbdb57d6ffb8971971b672ef104069b423,05617c61ae11cb6d7d19ce8e4e5b0e396ad57354,存款,现金充值机,20.0,26.91,4594,正常
2016/05/03 17:21:27,418d21dbdb57d6ffb8971971b672ef104069b423,05617c61ae11cb6d7d19ce8e4e5b0e396ad57354,持卡人消费,土木楼网关,-4.0,22.91,4595,正常
2016/05/03 17:37:46,418d21dbdb57d6ffb8971971b672ef104069b423,05617c61ae11cb6d7d19ce8e4e5b0e396ad57354,持卡人消费,土木楼网关,-4.0,18.91,4596,正常
2016/05/04 11:58:08,418d21dbdb57d6ffb8971971b672ef104069b423,05617c61ae11cb6d7d19ce8e4e5b0e396ad57354,持卡人消费,土木楼网关,-8.3,10.61,4597,正常
2016/05/04 17:24:06,418d21dbdb57d6ffb8971971b672ef104069b423,05617c61ae11cb6d7d19ce8e4e5b0e396ad57354,持卡人消费,土木楼网关,-4.0,6.61,4598,正常
2016/05/04 17:26:04,418d21dbdb57d6ffb8971971b672ef104069b423,05617c61ae11cb6d7d19ce8e4e5b0e396ad57354,持卡人消费,土木楼网关,-5.0,1.61,4599,正常
2016/05/05 11:50:44,418d21dbdb57d6ffb8971971b672ef104069b423,05617c61ae11cb6d7d19ce8e4e5b0e396ad57354,存款,土木楼综合业务,100.0,101.61,4600,正常
2016/05/05 11:51:58,418d21dbdb57d6ffb8971971b672ef104069b423,05617c61ae11cb6d7d19ce8e4e5b0e396ad57354,持卡人消费,土木楼网关,-6.3,95.31,4601,正常
2016/05/05 17:57:54,418d21dbdb57d6ffb8971971b672ef104069b423,05617c61ae11cb6d7d19ce8e4e5b0e396ad57354,持卡人消费,土木楼网关,-6.3,89.01,4602,正常
2016/05/05 18:00:57,418d21dbdb57d6ffb8971971b672ef104069b423,05617c61ae11cb6d7d19ce8e4e5b0e396ad57354,持卡人消费,土木楼网关,-6.0,83.01,4603,正常
2016/05/06 08:27:23,418d21dbdb57d6ffb8971971b672ef104069b423,05617c61ae11cb6d7d19ce8e4e5b0e396ad57354,持卡人消费,土木楼网关,-5.2,77.81,4604,正常
2016/05/06 08:29:31,418d21dbdb57d6ffb8971971b672ef104069b423,05617c61ae11cb6d7d19ce8e4e5b0e396ad57354,持卡人消费,土木楼网关,-2.0,75.81,4605,正常
2016/05/06 11:54:36,418d21dbdb57d6ffb8971971b672ef104069b423,05617c61ae11cb6d7d19ce8e4e5b0e396ad57354,持卡人消费,土木楼网关,-6.8,69.01,4606,正常
2016/05/06 11:55:20,418d21dbdb57d6ffb8971971b672ef104069b423,05617c61ae11cb6d7d19ce8e4e5b0e396ad57354,持卡人消费,土木楼网关,-0.2,68.81,4607,正常
2016/05/06 12:00:37,418d21dbdb57d6ffb8971971b672ef104069b423,05617c61ae11cb6d7d19ce8e4e5b0e396ad57354,持卡人消费,土木楼网关,-6.5,62.31,4608,正常
2016/05/06 18:02:04,418d21dbdb57d6ffb8971971b672ef104069b423,05617c61ae11cb6d7d19ce8e4e5b0e396ad57354,持卡人消费,土木楼网关,-4.0,58.31,4609,正常
2016/05/06 18:05:29,418d21dbdb57d6ffb8971971b672ef104069b423,05617c61ae11cb6d7d19ce8e4e5b0e396ad57354,持卡人消费,土木楼网关,-5.0,53.31,4610,正常
2016/05/07 12:04:06,418d21dbdb57d6ffb8971971b672ef104069b423,05617c61ae11cb6d7d19ce8e4e5b0e396ad57354,持卡人消费,土木楼网关,-8.8,44.51,4611,正常
2016/05/07 17:50:17,418d21dbdb57d6ffb8971971b672ef104069b423,05617c61ae11cb6d7d19ce8e4e5b0e396ad57354,持卡人消费,土木楼网关,-8.8,35.71,4612,正常
2016/05/08 17:10:33,418d21dbdb57d6ffb8971971b672ef104069b423,05617c61ae11cb6d7d19ce8e4e5b0e396ad57354,持卡人消费,学子超市A05,-2.0,33.71,4613,正常
2016/05/08 17:10:35,418d21dbdb57d6ffb8971971b672ef104069b423,05617c61ae11cb6d7d19ce8e4e5b0e396ad57354,持卡人消费,学子超市A05,-2.0,33.71,4613,正常
2016/05/08 18:57:44,418d21dbdb57d6ffb8971971b672ef104069b423,05617c61ae11cb6d7d19ce8e4e5b0e396ad57354,持卡人消费,硕果园（工大商店）,-5.0,28.71,4614,正常
2016/05/08 18:58:25,418d21dbdb57d6ffb8971971b672ef104069b423,05617c61ae11cb6d7d19ce8e4e5b0e396ad57354,持卡人消费,硕果园（工大商店）,-2.0,26.71,4615,正常
2016/05/08 19:00:11,418d21dbdb57d6ffb8971971b672ef104069b423,05617c61ae11cb6d7d19ce8e4e5b0e396ad57354,持卡人消费,硕果园（工大商店）,-5.0,21.71,4616,正常
2016/05/09 11:18:16,418d21dbdb57d6ffb8971971b672ef104069b423,05617c61ae11cb6d7d19ce8e4e5b0e396ad57354,持卡人消费,土木楼网关,-8.8,12.91,4617,正常
2016/05/09 11:18:55,418d21dbdb57d6ffb8971971b672ef104069b423,05617c61ae11cb6d7d19ce8e4e5b0e396ad57354,持卡人消费,土木楼网关,-2.9,10.01,4618,正常
2016/05/09 18:58:07,418d21dbdb57d6ffb8971971b672ef104069b423,05617c61ae11cb6d7d19ce8e4e5b0e396ad57354,持卡人消费,学子超市A05,-0.9,9.11,4619,正常
2016/05/09 19:00:58,418d21dbdb57d6ffb8971971b672ef104069b423,05617c61ae11cb6d7d19ce8e4e5b0e396ad57354,持卡人消费,学子超市A05,-4.4,4.71,4620,正常
2016/05/10 09:18:57,418d21dbdb57d6ffb8971971b672ef104069b423,05617c61ae11cb6d7d19ce8e4e5b0e396ad57354,持卡人消费,学子超市A05,-0.2,4.51,4621,正常
2016/05/10 10:57:12,418d21dbdb57d6ffb8971971b672ef104069b423,05617c61ae11cb6d7d19ce8e4e5b0e396ad57354,存款,现金充值机,50.0,54.51,4622,正常
2016/05/10 11:16:36,418d21dbdb57d6ffb8971971b672ef104069b423,05617c61ae11cb6d7d19ce8e4e5b0e396ad57354,持卡人消费,土木楼网关,-1.2,53.31,4623,正常
2016/05/10 11:18:43,418d21dbdb57d6ffb8971971b672ef104069b423,05617c61ae11cb6d7d19ce8e4e5b0e396ad57354,持卡人消费,土木楼网关,-5.5,47.81,4624,正常
2016/05/10 18:22:48,418d21dbdb57d6ffb8971971b672ef104069b423,05617c61ae11cb6d7d19ce8e4e5b0e396ad57354,持卡人消费,学子超市A05,-32.8,15.01,4625,正常
2016/05/10 18:34:01,418d21dbdb57d6ffb8971971b672ef104069b423,05617c61ae11cb6d7d19ce8e4e5b0e396ad57354,持卡人消费,土木楼水控,-0.65,14.36,4627,正常
2016/05/10 18:37:17,418d21dbdb57d6ffb8971971b672ef104069b423,05617c61ae11cb6d7d19ce8e4e5b0e396ad57354,持卡人消费,土木楼水控,-0.46,13.90,4629,正常
2016/05/11 19:13:04,418d21dbdb57d6ffb8971971b672ef104069b423,05617c61ae11cb6d7d19ce8e4e5b0e396ad57354,持卡人消费,土木楼水控,-0.02,13.88,4631,正常
2016/05/11 19:18:22,418d21dbdb57d6ffb8971971b672ef104069b423,05617c61ae11cb6d7d19ce8e4e5b0e396ad57354,持卡人消费,土木楼水控,-1.05,12.83,4632,正常
2016/05/11 19:20:44,418d21dbdb57d6ffb8971971b672ef104069b423,05617c61ae11cb6d7d19ce8e4e5b0e396ad57354,持卡人消费,土木楼水控,-0.18,12.65,4633,正常
2016/05/12 11:39:46,418d21dbdb57d6ffb8971971b672ef104069b423,05617c61ae11cb6d7d19ce8e4e5b0e396ad57354,持卡人消费,土木楼网关,-7.2,5.45,4634,正常
2016/05/12 11:39:51,418d21dbdb57d6ffb8971971b672ef104069b423,05617c61ae11cb6d7d19ce8e4e5b0e396ad57354,持卡人消费,土木楼网关,-0.6,4.85,4635,正常
2016/05/12 17:20:55,418d21dbdb57d6ffb8971971b672ef104069b423,05617c61ae11cb6d7d19ce8e4e5b0e396ad57354,存款,现金充值机,100.0,104.85,4636,正常
2016/05/12 17:40:48,418d21dbdb57d6ffb8971971b672ef104069b423,05617c61ae11cb6d7d19ce8e4e5b0e396ad57354,持卡人消费,土木楼网关,-4.0,100.85,4637,正常
2016/05/12 17:42:29,418d21dbdb57d6ffb8971971b672ef104069b423,05617c61ae11cb6d7d19ce8e4e5b0e396ad57354,持卡人消费,土木楼网关,-5.0,95.85,4638,正常
2016/05/14 11:45:46,418d21dbdb57d6ffb8971971b672ef104069b423,05617c61ae11cb6d7d19ce8e4e5b0e396ad57354,持卡人消费,土木楼网关,-10.3,83.55,4640,正常
2016/05/16 11:23:32,418d21dbdb57d6ffb8971971b672ef104069b423,05617c61ae11cb6d7d19ce8e4e5b0e396ad57354,持卡人消费,土木楼网关,-6.7,76.85,4641,正常
2016/05/17 08:20:35,418d21dbdb57d6ffb8971971b672ef104069b423,05617c61ae11cb6d7d19ce8e4e5b0e396ad57354,持卡人消费,土木楼网关,-4.2,72.65,4642,正常
2016/05/17 11:10:38,418d21dbdb57d6ffb8971971b672ef104069b423,05617c61ae11cb6d7d19ce8e4e5b0e396ad57354,持卡人消费,土木楼网关,-3.1,69.55,4643,正常
2016/05/18 12:10:52,418d21dbdb57d6ffb8971971b672ef104069b423,05617c61ae11cb6d7d19ce8e4e5b0e396ad57354,持卡人消费,土木楼网关,-5.4,59.15,4645,正常
2016/05/18 12:11:48,418d21dbdb57d6ffb8971971b672ef104069b423,05617c61ae11cb6d7d19ce8e4e5b0e396ad57354,持卡人消费,土木楼网关,-2.0,57.15,4646,正常
2016/05/18 13:03:18,418d21dbdb57d6ffb8971971b672ef104069b423,05617c61ae11cb6d7d19ce8e4e5b0e396ad57354,持卡人消费,学子超市A05,-2.6,54.55,4647,正常
2016/05/18 17:22:49,418d21dbdb57d6ffb8971971b672ef104069b423,05617c61ae11cb6d7d19ce8e4e5b0e396ad57354,持卡人消费,土木楼网关,-9.0,45.55,4648,正常
2016/05/18 17:23:28,418d21dbdb57d6ffb8971971b672ef104069b423,05617c61ae11cb6d7d19ce8e4e5b0e396ad57354,持卡人消费,土木楼网关,-4.0,41.55,4649,正常
2016/05/18 17:23:36,418d21dbdb57d6ffb8971971b672ef104069b423,05617c61ae11cb6d7d19ce8e4e5b0e396ad57354,持卡人消费,土木楼网关,-12.4,29.15,4650,正常
2016/05/19 21:34:25,418d21dbdb57d6ffb8971971b672ef104069b423,05617c61ae11cb6d7d19ce8e4e5b0e396ad57354,持卡人消费,学子超市A05,-2.6,26.55,4651,正常
2016/05/20 12:06:22,418d21dbdb57d6ffb8971971b672ef104069b423,05617c61ae11cb6d7d19ce8e4e5b0e396ad57354,持卡人消费,土木楼网关,-8.8,17.75,4652,正常
2016/05/20 13:56:42,418d21dbdb57d6ffb8971971b672ef104069b423,05617c61ae11cb6d7d19ce8e4e5b0e396ad57354,持卡人消费,学子超市A05,-2.6,15.15,4653,正常
2016/05/20 18:20:10,418d21dbdb57d6ffb8971971b672ef104069b423,05617c61ae11cb6d7d19ce8e4e5b0e396ad57354,持卡人消费,A5,-3.0,12.15,4654,正常
2016/05/20 18:20:26,418d21dbdb57d6ffb8971971b672ef104069b423,05617c61ae11cb6d7d19ce8e4e5b0e396ad57354,持卡人消费,A5,-3.0,9.15,4655,正常
2016/05/20 18:43:06,418d21dbdb57d6ffb8971971b672ef104069b423,05617c61ae11cb6d7d19ce8e4e5b0e396ad57354,持卡人消费,土木楼水控,-1.3,7.85,4656,正常
2016/05/21 17:10:34,418d21dbdb57d6ffb8971971b672ef104069b423,05617c61ae11cb6d7d19ce8e4e5b0e396ad57354,存款,现金充值机,50.0,57.85,4657,正常
2016/05/21 17:30:27,418d21dbdb57d6ffb8971971b672ef104069b423,05617c61ae11cb6d7d19ce8e4e5b0e396ad57354,持卡人消费,土木楼网关,-8.8,49.05,4658,正常
2016/05/22 08:11:37,418d21dbdb57d6ffb8971971b672ef104069b423,05617c61ae11cb6d7d19ce8e4e5b0e396ad57354,持卡人消费,网络中心,-30.0,19.05,4659,正常
2016/05/22 11:43:42,418d21dbdb57d6ffb8971971b672ef104069b423,05617c61ae11cb6d7d19ce8e4e5b0e396ad57354,持卡人消费,土木楼网关,-5.6,13.45,4660,正常
2016/05/23 11:53:44,418d21dbdb57d6ffb8971971b672ef104069b423,05617c61ae11cb6d7d19ce8e4e5b0e396ad57354,持卡人消费,土木楼网关,-5.3,8.15,4661,正常
2016/05/24 11:07:39,418d21dbdb57d6ffb8971971b672ef104069b423,05617c61ae11cb6d7d19ce8e4e5b0e396ad57354,持卡人消费,土木楼网关,-3.4,4.75,4662,正常
2016/05/25 11:20:11,418d21dbdb57d6ffb8971971b672ef104069b423,05617c61ae11cb6d7d19ce8e4e5b0e396ad57354,存款,现金充值机,100.0,104.75,4663,正常
2016/05/25 11:40:53,418d21dbdb57d6ffb8971971b672ef104069b423,05617c61ae11cb6d7d19ce8e4e5b0e396ad57354,持卡人消费,土木楼网关,-6.8,97.95,4664,正常
2016/05/25 17:45:39,418d21dbdb57d6ffb8971971b672ef104069b423,05617c61ae11cb6d7d19ce8e4e5b0e396ad57354,持卡人消费,土木楼网关,-5.8,92.15,4665,正常
2016/05/26 12:00:42,418d21dbdb57d6ffb8971971b672ef104069b423,05617c61ae11cb6d7d19ce8e4e5b0e396ad57354,持卡人消费,土木楼网关,-8.7,83.45,4666,正常
2016/05/27 11:36:35,418d21dbdb57d6ffb8971971b672ef104069b423,05617c61ae11cb6d7d19ce8e4e5b0e396ad57354,持卡人消费,土木楼网关,-8.8,74.65,4667,正常
2016/05/27 17:21:59,418d21dbdb57d6ffb8971971b672ef104069b423,05617c61ae11cb6d7d19ce8e4e5b0e396ad57354,持卡人消费,土木楼网关,-4.0,70.65,4668,正常
2016/05/28 11:36:51,418d21dbdb57d6ffb8971971b672ef104069b423,05617c61ae11cb6d7d19ce8e4e5b0e396ad57354,持卡人消费,土木楼网关,-9.8,60.85,4669,正常
2016/05/29 10:43:07,418d21dbdb57d6ffb8971971b672ef104069b423,05617c61ae11cb6d7d19ce8e4e5b0e396ad57354,持卡人消费,学子超市A05,-4.9,55.95,4670,正常
2016/05/30 21:34:41,418d21dbdb57d6ffb8971971b672ef104069b423,05617c61ae11cb6d7d19ce8e4e5b0e396ad57354,持卡人消费,学子超市A05,-2.8,53.15,4671,正常
2016/05/31 19:11:13,418d21dbdb57d6ffb8971971b672ef104069b423,05617c61ae11cb6d7d19ce8e4e5b0e396ad57354,持卡人消费,土木楼水控,-0.02,53.13,4673,正常
2016/05/31 19:26:07,418d21dbdb57d6ffb8971971b672ef104069b423,05617c61ae11cb6d7d19ce8e4e5b0e396ad57354,持卡人消费,土木楼水控,-3.0,50.13,4674,正常
2016/05/31 19:17:52,418d21dbdb57d6ffb8971971b672ef104069b423,05617c61ae11cb6d7d19ce8e4e5b0e396ad57354,持卡人消费,土木楼水控,-1.3,48.83,4675,正常
