交易发生时间,学号,姓名,交易类型,子系统名称,交易额,现有余额,次数,状态
2016/05/03 11:26:28,eeb8ab15efc013c418368da5f6908618cdb55346,05965254dfc7cd991ec96295e4c9b232d4c32c38,持卡人消费,学士楼商务网关,-9.1,67.93,3573,正常
2016/05/04 10:50:37,eeb8ab15efc013c418368da5f6908618cdb55346,05965254dfc7cd991ec96295e4c9b232d4c32c38,持卡人消费,学士楼商务网关,-4.9,63.03,3574,正常
2016/05/04 10:50:41,eeb8ab15efc013c418368da5f6908618cdb55346,05965254dfc7cd991ec96295e4c9b232d4c32c38,持卡人消费,学士楼商务网关,-2.0,61.03,3575,正常
2016/05/04 17:30:52,eeb8ab15efc013c418368da5f6908618cdb55346,05965254dfc7cd991ec96295e4c9b232d4c32c38,持卡人消费,A18,-3.0,58.03,3576,正常
2016/05/05 11:34:24,eeb8ab15efc013c418368da5f6908618cdb55346,05965254dfc7cd991ec96295e4c9b232d4c32c38,持卡人消费,学苑楼商务网关,-8.8,49.23,3577,正常
2016/05/05 17:35:53,eeb8ab15efc013c418368da5f6908618cdb55346,05965254dfc7cd991ec96295e4c9b232d4c32c38,持卡人消费,超市商务子系统,-3.8,45.43,3578,正常
2016/05/06 11:39:52,eeb8ab15efc013c418368da5f6908618cdb55346,05965254dfc7cd991ec96295e4c9b232d4c32c38,持卡人消费,学士楼商务网关,-8.6,36.83,3579,正常
2016/05/07 11:28:43,eeb8ab15efc013c418368da5f6908618cdb55346,05965254dfc7cd991ec96295e4c9b232d4c32c38,持卡人消费,学士楼商务网关,-7.9,28.93,3580,正常
2016/05/07 11:39:22,eeb8ab15efc013c418368da5f6908618cdb55346,05965254dfc7cd991ec96295e4c9b232d4c32c38,持卡人消费,超市商务子系统,-12.3,16.63,3581,正常
2016/05/10 11:26:31,eeb8ab15efc013c418368da5f6908618cdb55346,05965254dfc7cd991ec96295e4c9b232d4c32c38,持卡人消费,学士楼商务网关,-8.9,7.73,3582,正常
2016/05/10 11:36:42,eeb8ab15efc013c418368da5f6908618cdb55346,05965254dfc7cd991ec96295e4c9b232d4c32c38,持卡人消费,超市商务子系统,-3.8,3.93,3583,正常
2016/05/10 13:22:12,eeb8ab15efc013c418368da5f6908618cdb55346,05965254dfc7cd991ec96295e4c9b232d4c32c38,存款,现金充值机,100.0,103.93,3584,正常
2016/05/10 17:11:24,eeb8ab15efc013c418368da5f6908618cdb55346,05965254dfc7cd991ec96295e4c9b232d4c32c38,持卡人消费,一校区水控新,-1.1,102.83,3585,正常
2016/05/10 17:14:09,eeb8ab15efc013c418368da5f6908618cdb55346,05965254dfc7cd991ec96295e4c9b232d4c32c38,持卡人消费,一校区水控新,-0.19,102.64,3586,正常
2016/05/10 17:16:36,eeb8ab15efc013c418368da5f6908618cdb55346,05965254dfc7cd991ec96295e4c9b232d4c32c38,持卡人消费,一校区水控新,-0.19,102.45,3587,正常
2016/05/10 17:33:45,eeb8ab15efc013c418368da5f6908618cdb55346,05965254dfc7cd991ec96295e4c9b232d4c32c38,持卡人消费,学士楼商务网关,-7.9,94.55,3588,正常
2016/05/11 08:57:53,eeb8ab15efc013c418368da5f6908618cdb55346,05965254dfc7cd991ec96295e4c9b232d4c32c38,持卡人消费,超市商务子系统,-5.9,88.65,3589,正常
2016/05/12 17:34:17,eeb8ab15efc013c418368da5f6908618cdb55346,05965254dfc7cd991ec96295e4c9b232d4c32c38,持卡人消费,学士楼商务网关,-7.9,80.75,3590,正常
2016/05/13 16:57:30,eeb8ab15efc013c418368da5f6908618cdb55346,05965254dfc7cd991ec96295e4c9b232d4c32c38,持卡人消费,学士楼商务网关,-8.9,71.85,3591,正常
2016/05/14 11:08:08,eeb8ab15efc013c418368da5f6908618cdb55346,05965254dfc7cd991ec96295e4c9b232d4c32c38,持卡人消费,学士楼商务网关,-8.2,63.65,3592,正常
2016/05/14 11:08:13,eeb8ab15efc013c418368da5f6908618cdb55346,05965254dfc7cd991ec96295e4c9b232d4c32c38,持卡人消费,学士楼商务网关,-1.0,62.65,3593,正常
2016/05/16 11:33:20,eeb8ab15efc013c418368da5f6908618cdb55346,05965254dfc7cd991ec96295e4c9b232d4c32c38,持卡人消费,学士楼商务网关,-8.0,54.65,3594,正常
2016/05/17 10:32:02,eeb8ab15efc013c418368da5f6908618cdb55346,05965254dfc7cd991ec96295e4c9b232d4c32c38,持卡人消费,网络中心,-30.0,24.65,3595,正常
2016/05/18 17:26:38,eeb8ab15efc013c418368da5f6908618cdb55346,05965254dfc7cd991ec96295e4c9b232d4c32c38,持卡人消费,学士楼商务网关,-7.9,16.75,3596,正常
2016/05/18 17:27:32,eeb8ab15efc013c418368da5f6908618cdb55346,05965254dfc7cd991ec96295e4c9b232d4c32c38,存款,现金充值机,200.0,216.75,3597,正常
2016/05/18 17:51:25,eeb8ab15efc013c418368da5f6908618cdb55346,05965254dfc7cd991ec96295e4c9b232d4c32c38,持卡人消费,A18,-3.0,213.75,3598,正常
2016/05/19 11:58:10,eeb8ab15efc013c418368da5f6908618cdb55346,05965254dfc7cd991ec96295e4c9b232d4c32c38,持卡人消费,学士楼商务网关,-7.9,205.85,3599,正常
2016/05/19 12:17:50,eeb8ab15efc013c418368da5f6908618cdb55346,05965254dfc7cd991ec96295e4c9b232d4c32c38,持卡人消费,一校区水控新,-0.86,204.99,3601,正常
2016/05/19 12:19:41,eeb8ab15efc013c418368da5f6908618cdb55346,05965254dfc7cd991ec96295e4c9b232d4c32c38,持卡人消费,一校区水控新,-0.19,204.80,3603,正常
2016/05/19 12:22:09,eeb8ab15efc013c418368da5f6908618cdb55346,05965254dfc7cd991ec96295e4c9b232d4c32c38,持卡人消费,一校区水控新,-0.19,204.61,3605,正常
2016/05/21 11:01:57,eeb8ab15efc013c418368da5f6908618cdb55346,05965254dfc7cd991ec96295e4c9b232d4c32c38,持卡人消费,学苑楼商务网关,-8.8,195.81,3606,正常
2016/05/21 11:02:00,eeb8ab15efc013c418368da5f6908618cdb55346,05965254dfc7cd991ec96295e4c9b232d4c32c38,持卡人消费,学苑楼商务网关,-8.8,187.01,3607,正常
2016/05/21 11:02:09,eeb8ab15efc013c418368da5f6908618cdb55346,05965254dfc7cd991ec96295e4c9b232d4c32c38,持卡人消费,学苑楼商务网关,-8.8,178.21,3608,正常
2016/05/21 16:05:07,eeb8ab15efc013c418368da5f6908618cdb55346,05965254dfc7cd991ec96295e4c9b232d4c32c38,持卡人消费,超市商务子系统,-3.8,174.41,3609,正常
2016/05/23 16:36:41,eeb8ab15efc013c418368da5f6908618cdb55346,05965254dfc7cd991ec96295e4c9b232d4c32c38,持卡人消费,学士楼商务网关,-7.9,166.51,3610,正常
2016/05/23 16:55:21,eeb8ab15efc013c418368da5f6908618cdb55346,05965254dfc7cd991ec96295e4c9b232d4c32c38,持卡人消费,超市商务子系统,-7.8,158.71,3611,正常
2016/05/24 16:40:40,eeb8ab15efc013c418368da5f6908618cdb55346,05965254dfc7cd991ec96295e4c9b232d4c32c38,持卡人消费,学士楼商务网关,-7.4,151.31,3612,正常
2016/05/25 16:46:01,eeb8ab15efc013c418368da5f6908618cdb55346,05965254dfc7cd991ec96295e4c9b232d4c32c38,持卡人消费,学士楼商务网关,-11.9,139.41,3613,正常
2016/05/25 17:07:23,eeb8ab15efc013c418368da5f6908618cdb55346,05965254dfc7cd991ec96295e4c9b232d4c32c38,持卡人消费,超市商务子系统,-26.1,113.31,3614,正常
2016/05/26 16:56:12,eeb8ab15efc013c418368da5f6908618cdb55346,05965254dfc7cd991ec96295e4c9b232d4c32c38,持卡人消费,学士楼商务网关,-6.9,106.41,3615,正常
2016/05/29 17:00:35,eeb8ab15efc013c418368da5f6908618cdb55346,05965254dfc7cd991ec96295e4c9b232d4c32c38,持卡人消费,学士楼商务网关,-6.4,100.01,3616,正常
2016/05/29 17:13:26,eeb8ab15efc013c418368da5f6908618cdb55346,05965254dfc7cd991ec96295e4c9b232d4c32c38,持卡人消费,超市商务子系统,-12.0,88.01,3617,正常
2016/05/30 11:44:03,eeb8ab15efc013c418368da5f6908618cdb55346,05965254dfc7cd991ec96295e4c9b232d4c32c38,持卡人消费,学士楼商务网关,-8.0,80.01,3618,正常
2016/05/30 17:33:01,eeb8ab15efc013c418368da5f6908618cdb55346,05965254dfc7cd991ec96295e4c9b232d4c32c38,持卡人消费,学苑楼商务网关,-8.8,71.21,3619,正常
2016/05/31 11:36:02,eeb8ab15efc013c418368da5f6908618cdb55346,05965254dfc7cd991ec96295e4c9b232d4c32c38,持卡人消费,学士楼商务网关,-7.4,63.81,3620,正常
2016/05/31 11:45:50,eeb8ab15efc013c418368da5f6908618cdb55346,05965254dfc7cd991ec96295e4c9b232d4c32c38,持卡人消费,超市商务子系统,-4.0,59.81,3621,正常
