交易发生时间,学号,姓名,交易类型,子系统名称,交易额,现有余额,次数,状态
2016/05/04 18:07:46,9caade7767f5774f0f7d930e168744c6a2b2fe90,05a0e2e25b812f333bd5091bd12548a2b7013ba4,持卡人消费,学苑楼商务网关,-2.1,52.97,4514,正常
2016/05/04 18:09:03,9caade7767f5774f0f7d930e168744c6a2b2fe90,05a0e2e25b812f333bd5091bd12548a2b7013ba4,持卡人消费,学苑楼商务网关,-0.5,52.47,4515,正常
2016/05/04 22:00:17,9caade7767f5774f0f7d930e168744c6a2b2fe90,05a0e2e25b812f333bd5091bd12548a2b7013ba4,持卡人消费,A15,-6.0,46.47,4516,正常
2016/05/05 12:51:44,9caade7767f5774f0f7d930e168744c6a2b2fe90,05a0e2e25b812f333bd5091bd12548a2b7013ba4,持卡人消费,学苑楼商务网关,-9.0,37.47,4517,正常
2016/05/05 12:57:36,9caade7767f5774f0f7d930e168744c6a2b2fe90,05a0e2e25b812f333bd5091bd12548a2b7013ba4,存款,现金充值机,100.0,137.47,4518,正常
2016/05/05 13:22:19,9caade7767f5774f0f7d930e168744c6a2b2fe90,05a0e2e25b812f333bd5091bd12548a2b7013ba4,持卡人消费,超市商务子系统,-8.8,128.67,4519,正常
2016/05/05 17:59:44,9caade7767f5774f0f7d930e168744c6a2b2fe90,05a0e2e25b812f333bd5091bd12548a2b7013ba4,持卡人消费,学子楼商务网关,-2.5,126.17,4520,正常
2016/05/06 12:51:04,9caade7767f5774f0f7d930e168744c6a2b2fe90,05a0e2e25b812f333bd5091bd12548a2b7013ba4,持卡人消费,学苑楼商务网关,-6.0,120.17,4521,正常
2016/05/06 13:27:36,9caade7767f5774f0f7d930e168744c6a2b2fe90,05a0e2e25b812f333bd5091bd12548a2b7013ba4,持卡人消费,超市商务子系统,-1.7,118.47,4522,正常
2016/05/06 13:34:32,9caade7767f5774f0f7d930e168744c6a2b2fe90,05a0e2e25b812f333bd5091bd12548a2b7013ba4,持卡人消费,超市商务子系统,-2.0,116.47,4523,正常
2016/05/08 17:43:06,9caade7767f5774f0f7d930e168744c6a2b2fe90,05a0e2e25b812f333bd5091bd12548a2b7013ba4,持卡人消费,学士楼商务网关,-2.5,113.97,4524,正常
2016/05/08 17:44:17,9caade7767f5774f0f7d930e168744c6a2b2fe90,05a0e2e25b812f333bd5091bd12548a2b7013ba4,持卡人消费,学士楼商务网关,-2.0,111.97,4525,正常
2016/05/09 12:40:33,9caade7767f5774f0f7d930e168744c6a2b2fe90,05a0e2e25b812f333bd5091bd12548a2b7013ba4,持卡人消费,学士楼商务网关,-2.5,109.47,4526,正常
2016/05/09 18:37:33,9caade7767f5774f0f7d930e168744c6a2b2fe90,05a0e2e25b812f333bd5091bd12548a2b7013ba4,持卡人消费,游泳馆,-16.0,93.47,4527,正常
2016/05/10 11:50:17,9caade7767f5774f0f7d930e168744c6a2b2fe90,05a0e2e25b812f333bd5091bd12548a2b7013ba4,持卡人消费,学苑楼商务网关,-1.5,91.97,4528,正常
2016/05/10 11:52:52,9caade7767f5774f0f7d930e168744c6a2b2fe90,05a0e2e25b812f333bd5091bd12548a2b7013ba4,持卡人消费,学苑楼商务网关,-1.0,90.97,4529,正常
2016/05/10 17:49:31,9caade7767f5774f0f7d930e168744c6a2b2fe90,05a0e2e25b812f333bd5091bd12548a2b7013ba4,持卡人消费,学苑楼商务网关,-1.5,89.47,4530,正常
2016/05/10 17:49:59,9caade7767f5774f0f7d930e168744c6a2b2fe90,05a0e2e25b812f333bd5091bd12548a2b7013ba4,持卡人消费,学苑楼商务网关,-3.0,86.47,4531,正常
2016/05/11 12:02:09,9caade7767f5774f0f7d930e168744c6a2b2fe90,05a0e2e25b812f333bd5091bd12548a2b7013ba4,持卡人消费,学苑楼商务网关,-3.5,82.97,4532,正常
2016/05/11 12:02:44,9caade7767f5774f0f7d930e168744c6a2b2fe90,05a0e2e25b812f333bd5091bd12548a2b7013ba4,持卡人消费,学苑楼商务网关,-1.5,81.47,4533,正常
2016/05/11 18:02:29,9caade7767f5774f0f7d930e168744c6a2b2fe90,05a0e2e25b812f333bd5091bd12548a2b7013ba4,持卡人消费,学苑楼商务网关,-1.5,79.97,4534,正常
2016/05/11 18:02:36,9caade7767f5774f0f7d930e168744c6a2b2fe90,05a0e2e25b812f333bd5091bd12548a2b7013ba4,持卡人消费,学苑楼商务网关,-0.5,79.47,4535,正常
2016/05/12 12:26:27,9caade7767f5774f0f7d930e168744c6a2b2fe90,05a0e2e25b812f333bd5091bd12548a2b7013ba4,持卡人消费,学士楼商务网关,-2.0,77.47,4536,正常
2016/05/12 12:27:54,9caade7767f5774f0f7d930e168744c6a2b2fe90,05a0e2e25b812f333bd5091bd12548a2b7013ba4,持卡人消费,学士楼商务网关,-2.0,75.47,4537,正常
2016/05/12 12:52:44,9caade7767f5774f0f7d930e168744c6a2b2fe90,05a0e2e25b812f333bd5091bd12548a2b7013ba4,持卡人消费,学士楼商务网关,-72.0,3.47,4538,正常
2016/05/12 17:24:44,9caade7767f5774f0f7d930e168744c6a2b2fe90,05a0e2e25b812f333bd5091bd12548a2b7013ba4,存款,现金充值机,100.0,103.47,4539,正常
2016/05/12 17:46:31,9caade7767f5774f0f7d930e168744c6a2b2fe90,05a0e2e25b812f333bd5091bd12548a2b7013ba4,持卡人消费,学苑楼商务网关,-1.5,101.97,4540,正常
2016/05/12 17:46:44,9caade7767f5774f0f7d930e168744c6a2b2fe90,05a0e2e25b812f333bd5091bd12548a2b7013ba4,持卡人消费,学苑楼商务网关,-0.5,101.47,4541,正常
2016/05/13 13:10:54,9caade7767f5774f0f7d930e168744c6a2b2fe90,05a0e2e25b812f333bd5091bd12548a2b7013ba4,持卡人消费,硕果园（工大商店）,-12.0,89.47,4542,正常
2016/05/13 13:44:24,9caade7767f5774f0f7d930e168744c6a2b2fe90,05a0e2e25b812f333bd5091bd12548a2b7013ba4,持卡人消费,超市商务子系统,-2.7,86.77,4543,正常
2016/05/13 18:10:31,9caade7767f5774f0f7d930e168744c6a2b2fe90,05a0e2e25b812f333bd5091bd12548a2b7013ba4,持卡人消费,学苑楼商务网关,-1.5,85.27,4544,正常
2016/05/13 18:11:01,9caade7767f5774f0f7d930e168744c6a2b2fe90,05a0e2e25b812f333bd5091bd12548a2b7013ba4,持卡人消费,学苑楼商务网关,-0.5,84.77,4545,正常
2016/05/14 20:13:37,9caade7767f5774f0f7d930e168744c6a2b2fe90,05a0e2e25b812f333bd5091bd12548a2b7013ba4,持卡人消费,学士楼商务网关,-0.5,84.27,4546,正常
2016/05/14 20:15:00,9caade7767f5774f0f7d930e168744c6a2b2fe90,05a0e2e25b812f333bd5091bd12548a2b7013ba4,持卡人消费,学士楼商务网关,-2.0,82.27,4547,正常
2016/05/15 09:08:03,9caade7767f5774f0f7d930e168744c6a2b2fe90,05a0e2e25b812f333bd5091bd12548a2b7013ba4,持卡人消费,超市商务子系统,-2.5,79.77,4548,正常
2016/05/15 11:30:12,9caade7767f5774f0f7d930e168744c6a2b2fe90,05a0e2e25b812f333bd5091bd12548a2b7013ba4,持卡人消费,学士楼商务网关,-2.5,77.27,4549,正常
2016/05/15 12:12:20,9caade7767f5774f0f7d930e168744c6a2b2fe90,05a0e2e25b812f333bd5091bd12548a2b7013ba4,持卡人消费,超市商务子系统,-23.2,54.07,4550,正常
2016/05/15 12:13:34,9caade7767f5774f0f7d930e168744c6a2b2fe90,05a0e2e25b812f333bd5091bd12548a2b7013ba4,持卡人消费,超市商务子系统,-2.7,51.37,4551,正常
2016/05/15 20:04:29,9caade7767f5774f0f7d930e168744c6a2b2fe90,05a0e2e25b812f333bd5091bd12548a2b7013ba4,持卡人消费,超市商务子系统,-18.5,32.87,4552,正常
2016/05/16 12:41:56,9caade7767f5774f0f7d930e168744c6a2b2fe90,05a0e2e25b812f333bd5091bd12548a2b7013ba4,持卡人消费,学苑楼商务网关,-6.0,26.87,4553,正常
2016/05/16 13:15:01,9caade7767f5774f0f7d930e168744c6a2b2fe90,05a0e2e25b812f333bd5091bd12548a2b7013ba4,持卡人消费,超市商务子系统,-2.0,24.87,4554,正常
2016/05/16 18:21:25,9caade7767f5774f0f7d930e168744c6a2b2fe90,05a0e2e25b812f333bd5091bd12548a2b7013ba4,持卡人消费,超市商务子系统,-6.9,17.97,4555,正常
2016/05/16 18:47:46,9caade7767f5774f0f7d930e168744c6a2b2fe90,05a0e2e25b812f333bd5091bd12548a2b7013ba4,持卡人消费,游泳馆,-6.0,11.97,4556,正常
2016/05/17 12:32:35,9caade7767f5774f0f7d930e168744c6a2b2fe90,05a0e2e25b812f333bd5091bd12548a2b7013ba4,持卡人消费,硕果园（工大商店）,-5.0,6.97,4557,正常
2016/05/17 17:38:13,9caade7767f5774f0f7d930e168744c6a2b2fe90,05a0e2e25b812f333bd5091bd12548a2b7013ba4,存款,现金充值机,100.0,106.97,4558,正常
2016/05/17 18:02:00,9caade7767f5774f0f7d930e168744c6a2b2fe90,05a0e2e25b812f333bd5091bd12548a2b7013ba4,持卡人消费,学苑楼商务网关,-8.8,98.17,4559,正常
2016/05/18 12:42:49,9caade7767f5774f0f7d930e168744c6a2b2fe90,05a0e2e25b812f333bd5091bd12548a2b7013ba4,持卡人消费,学苑楼商务网关,-8.8,89.37,4560,正常
2016/05/18 18:39:24,9caade7767f5774f0f7d930e168744c6a2b2fe90,05a0e2e25b812f333bd5091bd12548a2b7013ba4,持卡人消费,超市商务子系统,-6.6,82.77,4561,正常
2016/05/18 18:42:13,9caade7767f5774f0f7d930e168744c6a2b2fe90,05a0e2e25b812f333bd5091bd12548a2b7013ba4,持卡人消费,超市商务子系统,-2.7,80.07,4562,正常
2016/05/19 12:02:54,9caade7767f5774f0f7d930e168744c6a2b2fe90,05a0e2e25b812f333bd5091bd12548a2b7013ba4,持卡人消费,学苑楼商务网关,-9.0,71.07,4563,正常
2016/05/19 12:11:16,9caade7767f5774f0f7d930e168744c6a2b2fe90,05a0e2e25b812f333bd5091bd12548a2b7013ba4,持卡人消费,学苑楼商务网关,-0.1,70.97,4564,正常
2016/05/20 12:31:41,9caade7767f5774f0f7d930e168744c6a2b2fe90,05a0e2e25b812f333bd5091bd12548a2b7013ba4,持卡人消费,学苑楼商务网关,-9.0,61.97,4565,正常
2016/05/20 12:50:43,9caade7767f5774f0f7d930e168744c6a2b2fe90,05a0e2e25b812f333bd5091bd12548a2b7013ba4,持卡人消费,学苑楼商务网关,-0.1,61.87,4566,正常
2016/05/20 18:03:27,9caade7767f5774f0f7d930e168744c6a2b2fe90,05a0e2e25b812f333bd5091bd12548a2b7013ba4,持卡人消费,超市商务子系统,-3.0,58.87,4567,正常
2016/05/20 18:08:32,9caade7767f5774f0f7d930e168744c6a2b2fe90,05a0e2e25b812f333bd5091bd12548a2b7013ba4,持卡人消费,学苑楼商务网关,-7.0,51.87,4568,正常
2016/05/20 18:34:43,9caade7767f5774f0f7d930e168744c6a2b2fe90,05a0e2e25b812f333bd5091bd12548a2b7013ba4,持卡人消费,硕果园（工大商店）,-3.0,48.87,4569,正常
2016/05/21 11:50:35,9caade7767f5774f0f7d930e168744c6a2b2fe90,05a0e2e25b812f333bd5091bd12548a2b7013ba4,持卡人消费,学士楼商务网关,-1.5,47.37,4570,正常
2016/05/21 11:51:25,9caade7767f5774f0f7d930e168744c6a2b2fe90,05a0e2e25b812f333bd5091bd12548a2b7013ba4,持卡人消费,学士楼商务网关,-2.0,45.37,4571,正常
2016/05/21 11:51:56,9caade7767f5774f0f7d930e168744c6a2b2fe90,05a0e2e25b812f333bd5091bd12548a2b7013ba4,持卡人消费,学士楼商务网关,-2.0,43.37,4572,正常
2016/05/21 16:33:41,9caade7767f5774f0f7d930e168744c6a2b2fe90,05a0e2e25b812f333bd5091bd12548a2b7013ba4,持卡人消费,游泳馆,-6.0,37.37,4573,正常
2016/05/22 12:22:50,9caade7767f5774f0f7d930e168744c6a2b2fe90,05a0e2e25b812f333bd5091bd12548a2b7013ba4,持卡人消费,学苑楼商务网关,-6.0,31.37,4574,正常
2016/05/22 12:55:28,9caade7767f5774f0f7d930e168744c6a2b2fe90,05a0e2e25b812f333bd5091bd12548a2b7013ba4,持卡人消费,超市商务子系统,-2.0,29.37,4575,正常
2016/05/23 12:33:09,9caade7767f5774f0f7d930e168744c6a2b2fe90,05a0e2e25b812f333bd5091bd12548a2b7013ba4,持卡人消费,学苑楼商务网关,-6.0,23.37,4576,正常
2016/05/23 16:17:51,9caade7767f5774f0f7d930e168744c6a2b2fe90,05a0e2e25b812f333bd5091bd12548a2b7013ba4,持卡人消费,硕果园（工大商店）,-3.0,20.37,4577,正常
2016/05/23 18:00:36,9caade7767f5774f0f7d930e168744c6a2b2fe90,05a0e2e25b812f333bd5091bd12548a2b7013ba4,持卡人消费,学苑楼商务网关,-6.0,14.37,4578,正常
2016/05/25 12:26:09,9caade7767f5774f0f7d930e168744c6a2b2fe90,05a0e2e25b812f333bd5091bd12548a2b7013ba4,持卡人消费,学子超市园丁总店,-2.0,12.37,4579,正常
2016/05/25 12:35:54,9caade7767f5774f0f7d930e168744c6a2b2fe90,05a0e2e25b812f333bd5091bd12548a2b7013ba4,持卡人消费,学苑楼商务网关,-8.0,4.37,4580,正常
2016/05/25 12:56:05,9caade7767f5774f0f7d930e168744c6a2b2fe90,05a0e2e25b812f333bd5091bd12548a2b7013ba4,存款,现金充值机,100.0,104.37,4581,正常
2016/05/25 20:06:49,9caade7767f5774f0f7d930e168744c6a2b2fe90,05a0e2e25b812f333bd5091bd12548a2b7013ba4,持卡人消费,15公寓浴池,-0.88,103.49,4583,正常
2016/05/25 20:12:36,9caade7767f5774f0f7d930e168744c6a2b2fe90,05a0e2e25b812f333bd5091bd12548a2b7013ba4,持卡人消费,15公寓浴池,-0.18,103.31,4585,正常
2016/05/25 20:26:40,9caade7767f5774f0f7d930e168744c6a2b2fe90,05a0e2e25b812f333bd5091bd12548a2b7013ba4,持卡人消费,15公寓浴池,-2.0,101.31,4586,正常
2016/05/25 20:32:27,9caade7767f5774f0f7d930e168744c6a2b2fe90,05a0e2e25b812f333bd5091bd12548a2b7013ba4,持卡人消费,15公寓浴池,-1.1,100.21,4588,正常
2016/05/25 20:38:16,9caade7767f5774f0f7d930e168744c6a2b2fe90,05a0e2e25b812f333bd5091bd12548a2b7013ba4,持卡人消费,15公寓浴池,-0.74,99.47,4590,正常
2016/05/25 20:46:38,9caade7767f5774f0f7d930e168744c6a2b2fe90,05a0e2e25b812f333bd5091bd12548a2b7013ba4,持卡人消费,15公寓浴池,-1.15,98.32,4592,正常
2016/05/26 11:47:58,9caade7767f5774f0f7d930e168744c6a2b2fe90,05a0e2e25b812f333bd5091bd12548a2b7013ba4,持卡人消费,学士楼商务网关,-3.0,95.32,4593,正常
2016/05/26 11:49:34,9caade7767f5774f0f7d930e168744c6a2b2fe90,05a0e2e25b812f333bd5091bd12548a2b7013ba4,持卡人消费,学士楼商务网关,-1.0,94.32,4594,正常
2016/05/26 11:51:28,9caade7767f5774f0f7d930e168744c6a2b2fe90,05a0e2e25b812f333bd5091bd12548a2b7013ba4,持卡人消费,学士楼商务网关,-4.0,90.32,4595,正常
2016/05/26 13:07:44,9caade7767f5774f0f7d930e168744c6a2b2fe90,05a0e2e25b812f333bd5091bd12548a2b7013ba4,持卡人消费,超市商务子系统,-1.8,88.52,4596,正常
2016/05/30 11:25:51,9caade7767f5774f0f7d930e168744c6a2b2fe90,05a0e2e25b812f333bd5091bd12548a2b7013ba4,持卡人消费,学士楼商务网关,-3.25,85.27,4597,正常
2016/05/30 11:26:29,9caade7767f5774f0f7d930e168744c6a2b2fe90,05a0e2e25b812f333bd5091bd12548a2b7013ba4,持卡人消费,学士楼商务网关,-3.5,81.77,4598,正常
2016/05/30 18:23:51,9caade7767f5774f0f7d930e168744c6a2b2fe90,05a0e2e25b812f333bd5091bd12548a2b7013ba4,持卡人消费,学苑楼商务网关,-6.0,75.77,4599,正常
2016/05/30 20:24:16,9caade7767f5774f0f7d930e168744c6a2b2fe90,05a0e2e25b812f333bd5091bd12548a2b7013ba4,持卡人消费,15公寓浴池,-2.0,73.77,4600,正常
2016/05/30 20:25:23,9caade7767f5774f0f7d930e168744c6a2b2fe90,05a0e2e25b812f333bd5091bd12548a2b7013ba4,持卡人消费,15公寓浴池,-0.19,73.58,4602,正常
2016/05/30 20:26:43,9caade7767f5774f0f7d930e168744c6a2b2fe90,05a0e2e25b812f333bd5091bd12548a2b7013ba4,持卡人消费,15公寓浴池,-0.11,73.47,4604,正常
2016/05/30 20:32:14,9caade7767f5774f0f7d930e168744c6a2b2fe90,05a0e2e25b812f333bd5091bd12548a2b7013ba4,持卡人消费,15公寓浴池,-1.02,72.45,4606,正常
2016/05/30 20:38:47,9caade7767f5774f0f7d930e168744c6a2b2fe90,05a0e2e25b812f333bd5091bd12548a2b7013ba4,持卡人消费,15公寓浴池,-0.7,71.75,4608,正常
2016/05/31 19:37:46,9caade7767f5774f0f7d930e168744c6a2b2fe90,05a0e2e25b812f333bd5091bd12548a2b7013ba4,持卡人消费,15公寓浴池,-0.02,71.73,4610,正常
2016/05/31 19:41:53,9caade7767f5774f0f7d930e168744c6a2b2fe90,05a0e2e25b812f333bd5091bd12548a2b7013ba4,持卡人消费,15公寓浴池,-0.77,70.96,4612,正常
2016/05/31 19:46:14,9caade7767f5774f0f7d930e168744c6a2b2fe90,05a0e2e25b812f333bd5091bd12548a2b7013ba4,持卡人消费,15公寓浴池,-0.08,70.88,4614,正常
2016/05/31 19:56:44,9caade7767f5774f0f7d930e168744c6a2b2fe90,05a0e2e25b812f333bd5091bd12548a2b7013ba4,持卡人消费,15公寓浴池,-2.0,68.88,4615,正常
2016/05/31 19:58:07,9caade7767f5774f0f7d930e168744c6a2b2fe90,05a0e2e25b812f333bd5091bd12548a2b7013ba4,持卡人消费,15公寓浴池,-0.26,68.62,4617,正常
2016/05/31 20:07:49,9caade7767f5774f0f7d930e168744c6a2b2fe90,05a0e2e25b812f333bd5091bd12548a2b7013ba4,持卡人消费,15公寓浴池,-1.46,67.16,4619,正常
2016/05/31 20:08:34,9caade7767f5774f0f7d930e168744c6a2b2fe90,05a0e2e25b812f333bd5091bd12548a2b7013ba4,持卡人消费,15公寓浴池,-0.03,67.13,4621,正常
2016/05/31 20:18:49,9caade7767f5774f0f7d930e168744c6a2b2fe90,05a0e2e25b812f333bd5091bd12548a2b7013ba4,持卡人消费,15公寓浴池,-1.71,65.42,4623,正常
