交易发生时间,学号,姓名,交易类型,子系统名称,交易额,现有余额,次数,状态
2016/05/27 06:59:43,cb365df5d48df8ea6b5848a6e60137b65d458d70,05a907c2ad8239abe1e0e5f2c64e9323a265bbda,存款,现金充值机,100.0,100.07,3537,正常
2016/05/27 07:21:31,cb365df5d48df8ea6b5848a6e60137b65d458d70,05a907c2ad8239abe1e0e5f2c64e9323a265bbda,持卡人消费,学苑楼商务网关,-9.0,91.07,3538,正常
2016/05/27 09:16:28,cb365df5d48df8ea6b5848a6e60137b65d458d70,05a907c2ad8239abe1e0e5f2c64e9323a265bbda,持卡人消费,学士楼商务网关,-4.0,87.07,3539,正常
2016/05/27 12:51:31,cb365df5d48df8ea6b5848a6e60137b65d458d70,05a907c2ad8239abe1e0e5f2c64e9323a265bbda,持卡人消费,超市商务子系统,-18.9,68.17,3540,正常
2016/05/27 12:55:25,cb365df5d48df8ea6b5848a6e60137b65d458d70,05a907c2ad8239abe1e0e5f2c64e9323a265bbda,持卡人消费,硕果园（工大商店）,-10.0,58.17,3541,正常
2016/05/27 13:00:37,cb365df5d48df8ea6b5848a6e60137b65d458d70,05a907c2ad8239abe1e0e5f2c64e9323a265bbda,持卡人消费,网络中心,-30.0,28.17,3542,正常
