交易发生时间,学号,姓名,交易类型,子系统名称,交易额,现有余额,次数,状态
2016/05/02 15:13:26,0f2cc285e2b20cb555039c2b4c9ad934047cdf0a,05cacf3f050e2d50f1e4d03d26ba60bbb7d41d5f,持卡人消费,学子超市A05,-12.2,14.25,3384,正常
2016/05/03 08:30:50,0f2cc285e2b20cb555039c2b4c9ad934047cdf0a,05cacf3f050e2d50f1e4d03d26ba60bbb7d41d5f,持卡人消费,学子超市A05,-10.0,4.25,3385,正常
2016/05/04 19:39:47,0f2cc285e2b20cb555039c2b4c9ad934047cdf0a,05cacf3f050e2d50f1e4d03d26ba60bbb7d41d5f,持卡人消费,超市商务子系统,-0.6,3.65,3386,正常
2016/05/10 13:46:10,0f2cc285e2b20cb555039c2b4c9ad934047cdf0a,05cacf3f050e2d50f1e4d03d26ba60bbb7d41d5f,持卡人消费,土木楼水控,-2.67,0.98,3388,正常
2016/05/15 18:14:49,0f2cc285e2b20cb555039c2b4c9ad934047cdf0a,05cacf3f050e2d50f1e4d03d26ba60bbb7d41d5f,存款,现金充值机,20.0,20.98,3389,正常
2016/05/16 17:49:34,0f2cc285e2b20cb555039c2b4c9ad934047cdf0a,05cacf3f050e2d50f1e4d03d26ba60bbb7d41d5f,持卡人消费,学子超市A05,-1.6,19.38,3390,正常
2016/05/16 17:49:38,0f2cc285e2b20cb555039c2b4c9ad934047cdf0a,05cacf3f050e2d50f1e4d03d26ba60bbb7d41d5f,持卡人消费,学子超市A05,-10.0,9.38,3391,正常
2016/05/19 11:24:52,0f2cc285e2b20cb555039c2b4c9ad934047cdf0a,05cacf3f050e2d50f1e4d03d26ba60bbb7d41d5f,持卡人消费,学子超市A05,-0.4,8.98,3392,正常
2016/05/24 11:14:52,0f2cc285e2b20cb555039c2b4c9ad934047cdf0a,05cacf3f050e2d50f1e4d03d26ba60bbb7d41d5f,存款,现金充值机,20.0,28.98,3393,正常
2016/05/24 11:36:35,0f2cc285e2b20cb555039c2b4c9ad934047cdf0a,05cacf3f050e2d50f1e4d03d26ba60bbb7d41d5f,持卡人消费,学子超市A05,-2.2,26.78,3394,正常
2016/05/24 11:22:14,0f2cc285e2b20cb555039c2b4c9ad934047cdf0a,05cacf3f050e2d50f1e4d03d26ba60bbb7d41d5f,存款,现金充值机,10.0,36.78,3395,正常
2016/05/24 11:38:34,0f2cc285e2b20cb555039c2b4c9ad934047cdf0a,05cacf3f050e2d50f1e4d03d26ba60bbb7d41d5f,持卡人消费,网络中心,-30.0,6.78,3396,正常
2016/05/27 16:00:08,0f2cc285e2b20cb555039c2b4c9ad934047cdf0a,05cacf3f050e2d50f1e4d03d26ba60bbb7d41d5f,持卡人消费,学子超市A05,-0.7,6.08,3397,正常
2016/05/31 11:56:47,0f2cc285e2b20cb555039c2b4c9ad934047cdf0a,05cacf3f050e2d50f1e4d03d26ba60bbb7d41d5f,持卡人消费,学子超市A05,-0.5,5.58,3398,正常
