交易发生时间,学号,姓名,交易类型,子系统名称,交易额,现有余额,次数,状态
2016/05/01 11:53:44,4df4938ef5ad54be6009df66edbbc04304b333ba,061d454ef6c3ec364c1fdb4c2ca6111ee4127156,持卡人消费,学苑楼商务网关,-3.4,17.84,3587,正常
2016/05/01 11:55:19,4df4938ef5ad54be6009df66edbbc04304b333ba,061d454ef6c3ec364c1fdb4c2ca6111ee4127156,持卡人消费,学苑楼商务网关,-1.5,16.34,3588,正常
2016/05/02 08:04:11,4df4938ef5ad54be6009df66edbbc04304b333ba,061d454ef6c3ec364c1fdb4c2ca6111ee4127156,持卡人消费,学苑楼商务网关,-1.1,15.24,3589,正常
2016/05/02 12:01:11,4df4938ef5ad54be6009df66edbbc04304b333ba,061d454ef6c3ec364c1fdb4c2ca6111ee4127156,存款,现金充值机,50.0,65.24,3590,正常
2016/05/02 12:32:09,4df4938ef5ad54be6009df66edbbc04304b333ba,061d454ef6c3ec364c1fdb4c2ca6111ee4127156,持卡人消费,超市商务子系统,-13.5,51.74,3591,正常
2016/05/02 12:35:23,4df4938ef5ad54be6009df66edbbc04304b333ba,061d454ef6c3ec364c1fdb4c2ca6111ee4127156,持卡人消费,硕果园（工大商店）,-10.0,41.74,3592,正常
2016/05/03 08:08:38,4df4938ef5ad54be6009df66edbbc04304b333ba,061d454ef6c3ec364c1fdb4c2ca6111ee4127156,持卡人消费,学士楼商务网关,-1.9,39.84,3593,正常
2016/05/04 07:55:34,4df4938ef5ad54be6009df66edbbc04304b333ba,061d454ef6c3ec364c1fdb4c2ca6111ee4127156,持卡人消费,学士楼商务网关,-1.9,37.94,3594,正常
2016/05/04 12:22:52,4df4938ef5ad54be6009df66edbbc04304b333ba,061d454ef6c3ec364c1fdb4c2ca6111ee4127156,持卡人消费,学苑楼商务网关,-6.0,31.94,3595,正常
2016/05/06 08:00:54,4df4938ef5ad54be6009df66edbbc04304b333ba,061d454ef6c3ec364c1fdb4c2ca6111ee4127156,持卡人消费,学士楼商务网关,-2.1,29.84,3596,正常
2016/05/06 13:14:12,4df4938ef5ad54be6009df66edbbc04304b333ba,061d454ef6c3ec364c1fdb4c2ca6111ee4127156,持卡人消费,硕果园（工大商店）,-9.0,20.84,3597,正常
2016/05/07 08:00:45,4df4938ef5ad54be6009df66edbbc04304b333ba,061d454ef6c3ec364c1fdb4c2ca6111ee4127156,持卡人消费,学士楼商务网关,-1.9,18.94,3598,正常
2016/05/07 11:45:33,4df4938ef5ad54be6009df66edbbc04304b333ba,061d454ef6c3ec364c1fdb4c2ca6111ee4127156,持卡人消费,学苑楼商务网关,-6.0,12.94,3599,正常
2016/05/07 12:18:34,4df4938ef5ad54be6009df66edbbc04304b333ba,061d454ef6c3ec364c1fdb4c2ca6111ee4127156,持卡人消费,超市商务子系统,-0.3,12.64,3600,正常
2016/05/07 19:44:30,4df4938ef5ad54be6009df66edbbc04304b333ba,061d454ef6c3ec364c1fdb4c2ca6111ee4127156,持卡人消费,15公寓浴池,-1.92,10.72,3602,正常
2016/05/07 19:48:56,4df4938ef5ad54be6009df66edbbc04304b333ba,061d454ef6c3ec364c1fdb4c2ca6111ee4127156,持卡人消费,15公寓浴池,-0.4,10.32,3604,正常
2016/05/08 08:04:05,4df4938ef5ad54be6009df66edbbc04304b333ba,061d454ef6c3ec364c1fdb4c2ca6111ee4127156,持卡人消费,学士楼商务网关,-2.3,8.02,3605,正常
2016/05/09 07:54:24,4df4938ef5ad54be6009df66edbbc04304b333ba,061d454ef6c3ec364c1fdb4c2ca6111ee4127156,持卡人消费,学士楼商务网关,-1.9,6.12,3606,正常
2016/05/10 07:55:03,4df4938ef5ad54be6009df66edbbc04304b333ba,061d454ef6c3ec364c1fdb4c2ca6111ee4127156,持卡人消费,学士楼商务网关,-2.1,4.02,3607,正常
2016/05/10 07:52:43,4df4938ef5ad54be6009df66edbbc04304b333ba,061d454ef6c3ec364c1fdb4c2ca6111ee4127156,存款,现金充值机,50.0,54.02,3608,正常
2016/05/10 11:04:12,4df4938ef5ad54be6009df66edbbc04304b333ba,061d454ef6c3ec364c1fdb4c2ca6111ee4127156,持卡人消费,学士楼商务网关,-6.1,47.92,3609,正常
2016/05/11 07:53:12,4df4938ef5ad54be6009df66edbbc04304b333ba,061d454ef6c3ec364c1fdb4c2ca6111ee4127156,持卡人消费,学士楼商务网关,-1.9,46.02,3610,正常
2016/05/11 11:24:58,4df4938ef5ad54be6009df66edbbc04304b333ba,061d454ef6c3ec364c1fdb4c2ca6111ee4127156,持卡人消费,学士楼商务网关,-5.1,40.92,3611,正常
2016/05/11 11:49:17,4df4938ef5ad54be6009df66edbbc04304b333ba,061d454ef6c3ec364c1fdb4c2ca6111ee4127156,持卡人消费,超市商务子系统,-1.8,39.12,3612,正常
2016/05/12 08:21:52,4df4938ef5ad54be6009df66edbbc04304b333ba,061d454ef6c3ec364c1fdb4c2ca6111ee4127156,持卡人消费,学士楼商务网关,-2.3,36.82,3613,正常
2016/05/12 08:50:02,4df4938ef5ad54be6009df66edbbc04304b333ba,061d454ef6c3ec364c1fdb4c2ca6111ee4127156,持卡人消费,超市商务子系统,-7.2,29.62,3614,正常
2016/05/12 19:50:35,4df4938ef5ad54be6009df66edbbc04304b333ba,061d454ef6c3ec364c1fdb4c2ca6111ee4127156,持卡人消费,超市商务子系统,-2.0,27.62,3615,正常
2016/05/14 14:49:48,4df4938ef5ad54be6009df66edbbc04304b333ba,061d454ef6c3ec364c1fdb4c2ca6111ee4127156,持卡人消费,超市商务子系统,-4.8,22.82,3616,正常
