交易发生时间,学号,姓名,交易类型,子系统名称,交易额,现有余额,次数,状态
2016/05/07 11:42:49,ef7f5250b972f3fc411bed56ee35a87e9b4bbfca,062dc539ba584de786350e50f0fd0f84612800b3,持卡人消费,学士楼商务网关,-11.6,70.38,663,正常
2016/05/07 11:43:38,ef7f5250b972f3fc411bed56ee35a87e9b4bbfca,062dc539ba584de786350e50f0fd0f84612800b3,持卡人消费,学士楼商务网关,-9.9,60.48,664,正常
2016/05/08 11:50:52,ef7f5250b972f3fc411bed56ee35a87e9b4bbfca,062dc539ba584de786350e50f0fd0f84612800b3,持卡人消费,学士楼商务网关,-9.1,51.38,665,正常
2016/05/08 11:50:58,ef7f5250b972f3fc411bed56ee35a87e9b4bbfca,062dc539ba584de786350e50f0fd0f84612800b3,持卡人消费,学士楼商务网关,-12.8,38.58,666,正常
2016/05/08 11:51:10,ef7f5250b972f3fc411bed56ee35a87e9b4bbfca,062dc539ba584de786350e50f0fd0f84612800b3,持卡人消费,学士楼商务网关,-7.0,31.58,667,正常
2016/05/14 11:47:46,ef7f5250b972f3fc411bed56ee35a87e9b4bbfca,062dc539ba584de786350e50f0fd0f84612800b3,存款,学苑楼综合业务2,100.0,131.58,668,正常
2016/05/14 11:52:55,ef7f5250b972f3fc411bed56ee35a87e9b4bbfca,062dc539ba584de786350e50f0fd0f84612800b3,持卡人消费,学士楼商务网关,-7.8,123.78,669,正常
2016/05/14 11:55:46,ef7f5250b972f3fc411bed56ee35a87e9b4bbfca,062dc539ba584de786350e50f0fd0f84612800b3,持卡人消费,学士楼商务网关,-9.8,113.98,670,正常
2016/05/14 11:57:23,ef7f5250b972f3fc411bed56ee35a87e9b4bbfca,062dc539ba584de786350e50f0fd0f84612800b3,持卡人消费,学士楼商务网关,-8.0,105.98,671,正常
2016/05/15 11:44:13,ef7f5250b972f3fc411bed56ee35a87e9b4bbfca,062dc539ba584de786350e50f0fd0f84612800b3,持卡人消费,学士楼商务网关,-11.5,94.48,672,正常
2016/05/15 11:44:17,ef7f5250b972f3fc411bed56ee35a87e9b4bbfca,062dc539ba584de786350e50f0fd0f84612800b3,持卡人消费,学士楼商务网关,-11.6,82.88,673,正常
2016/05/15 02:45:18,ef7f5250b972f3fc411bed56ee35a87e9b4bbfca,062dc539ba584de786350e50f0fd0f84612800b3,持卡人消费,学士楼商务网关,-10.2,72.68,674,正常
2016/05/21 11:51:46,ef7f5250b972f3fc411bed56ee35a87e9b4bbfca,062dc539ba584de786350e50f0fd0f84612800b3,持卡人消费,学士楼商务网关,-5.0,67.68,675,正常
2016/05/21 11:53:39,ef7f5250b972f3fc411bed56ee35a87e9b4bbfca,062dc539ba584de786350e50f0fd0f84612800b3,持卡人消费,学士楼商务网关,-11.0,56.68,676,正常
2016/05/21 11:53:43,ef7f5250b972f3fc411bed56ee35a87e9b4bbfca,062dc539ba584de786350e50f0fd0f84612800b3,持卡人消费,学士楼商务网关,-8.8,47.88,677,正常
2016/05/21 11:53:46,ef7f5250b972f3fc411bed56ee35a87e9b4bbfca,062dc539ba584de786350e50f0fd0f84612800b3,持卡人消费,学士楼商务网关,-6.0,41.88,678,正常
2016/05/22 12:05:48,ef7f5250b972f3fc411bed56ee35a87e9b4bbfca,062dc539ba584de786350e50f0fd0f84612800b3,持卡人消费,硕果园（工大商店）,-10.0,31.88,679,正常
2016/05/22 12:06:46,ef7f5250b972f3fc411bed56ee35a87e9b4bbfca,062dc539ba584de786350e50f0fd0f84612800b3,持卡人消费,硕果园（工大商店）,-5.0,26.88,680,正常
2016/05/28 12:08:33,ef7f5250b972f3fc411bed56ee35a87e9b4bbfca,062dc539ba584de786350e50f0fd0f84612800b3,持卡人消费,硕果园（工大商店）,-20.0,6.88,681,正常
2016/05/28 12:24:00,ef7f5250b972f3fc411bed56ee35a87e9b4bbfca,062dc539ba584de786350e50f0fd0f84612800b3,持卡人消费,硕果园（工大商店）,-5.0,1.88,682,正常
