交易发生时间,学号,姓名,交易类型,子系统名称,交易额,现有余额,次数,状态
2016/05/02 13:52:46,4531d9f73e864f6fa150be51efc077cc4e995bc2,066cbe8b7008796ea46e70f220949f88e0c5149b,存款,现金充值机,200.0,204.51,3596,正常
2016/05/02 17:36:22,4531d9f73e864f6fa150be51efc077cc4e995bc2,066cbe8b7008796ea46e70f220949f88e0c5149b,持卡人消费,学苑楼商务网关,-12.0,192.51,3597,正常
2016/05/02 22:00:47,4531d9f73e864f6fa150be51efc077cc4e995bc2,066cbe8b7008796ea46e70f220949f88e0c5149b,持卡人消费,学子便利店A01后楼,-6.0,186.51,3598,正常
2016/05/03 17:15:49,4531d9f73e864f6fa150be51efc077cc4e995bc2,066cbe8b7008796ea46e70f220949f88e0c5149b,持卡人消费,学士楼商务网关,-3.5,183.01,3599,正常
2016/05/03 17:16:36,4531d9f73e864f6fa150be51efc077cc4e995bc2,066cbe8b7008796ea46e70f220949f88e0c5149b,持卡人消费,学士楼商务网关,-1.0,182.01,3600,正常
2016/05/04 11:40:24,4531d9f73e864f6fa150be51efc077cc4e995bc2,066cbe8b7008796ea46e70f220949f88e0c5149b,持卡人消费,硕果园（工大商店）,-8.0,174.01,3601,正常
2016/05/05 11:33:20,4531d9f73e864f6fa150be51efc077cc4e995bc2,066cbe8b7008796ea46e70f220949f88e0c5149b,持卡人消费,硕果园（工大商店）,-8.0,166.01,3602,正常
2016/05/05 20:19:44,4531d9f73e864f6fa150be51efc077cc4e995bc2,066cbe8b7008796ea46e70f220949f88e0c5149b,持卡人消费,超市商务子系统,-5.0,161.01,3603,正常
2016/05/05 20:27:58,4531d9f73e864f6fa150be51efc077cc4e995bc2,066cbe8b7008796ea46e70f220949f88e0c5149b,持卡人消费,A1,-3.0,158.01,3604,正常
2016/05/06 17:11:10,4531d9f73e864f6fa150be51efc077cc4e995bc2,066cbe8b7008796ea46e70f220949f88e0c5149b,持卡人消费,学子楼商务网关,-7.5,150.51,3605,正常
2016/05/07 11:51:00,4531d9f73e864f6fa150be51efc077cc4e995bc2,066cbe8b7008796ea46e70f220949f88e0c5149b,持卡人消费,学苑楼商务网关,-8.0,142.51,3606,正常
2016/05/09 13:25:43,4531d9f73e864f6fa150be51efc077cc4e995bc2,066cbe8b7008796ea46e70f220949f88e0c5149b,持卡人消费,15公寓浴池,-1.9,140.61,3608,正常
2016/05/09 16:45:18,4531d9f73e864f6fa150be51efc077cc4e995bc2,066cbe8b7008796ea46e70f220949f88e0c5149b,持卡人消费,学子楼商务网关,-7.5,133.11,3609,正常
2016/05/09 21:00:59,4531d9f73e864f6fa150be51efc077cc4e995bc2,066cbe8b7008796ea46e70f220949f88e0c5149b,持卡人消费,超市商务子系统,-5.0,128.11,3610,正常
2016/05/10 22:07:12,4531d9f73e864f6fa150be51efc077cc4e995bc2,066cbe8b7008796ea46e70f220949f88e0c5149b,持卡人消费,学子便利店A01后楼,-2.6,125.51,3611,正常
2016/05/11 19:08:43,4531d9f73e864f6fa150be51efc077cc4e995bc2,066cbe8b7008796ea46e70f220949f88e0c5149b,持卡人消费,硕果园（工大商店）,-8.7,116.81,3612,正常
2016/05/11 19:14:53,4531d9f73e864f6fa150be51efc077cc4e995bc2,066cbe8b7008796ea46e70f220949f88e0c5149b,持卡人消费,硕果园（工大商店）,-1.0,115.81,3613,正常
2016/05/12 11:15:29,4531d9f73e864f6fa150be51efc077cc4e995bc2,066cbe8b7008796ea46e70f220949f88e0c5149b,持卡人消费,硕果园（工大商店）,-11.0,104.81,3614,正常
2016/05/12 17:26:09,4531d9f73e864f6fa150be51efc077cc4e995bc2,066cbe8b7008796ea46e70f220949f88e0c5149b,持卡人消费,学子楼商务网关,-5.4,99.41,3615,正常
2016/05/14 16:56:16,4531d9f73e864f6fa150be51efc077cc4e995bc2,066cbe8b7008796ea46e70f220949f88e0c5149b,持卡人消费,学子楼商务网关,-6.6,92.81,3616,正常
2016/05/14 16:57:20,4531d9f73e864f6fa150be51efc077cc4e995bc2,066cbe8b7008796ea46e70f220949f88e0c5149b,持卡人消费,学子楼商务网关,-0.1,92.71,3617,正常
2016/05/14 17:01:14,4531d9f73e864f6fa150be51efc077cc4e995bc2,066cbe8b7008796ea46e70f220949f88e0c5149b,持卡人消费,超市商务子系统,-5.0,87.71,3618,正常
2016/05/14 21:57:45,4531d9f73e864f6fa150be51efc077cc4e995bc2,066cbe8b7008796ea46e70f220949f88e0c5149b,持卡人消费,学子便利店A01后楼,-4.0,83.71,3619,正常
2016/05/16 11:12:54,4531d9f73e864f6fa150be51efc077cc4e995bc2,066cbe8b7008796ea46e70f220949f88e0c5149b,持卡人消费,学子楼商务网关,-7.5,76.21,3620,正常
2016/05/16 17:53:30,4531d9f73e864f6fa150be51efc077cc4e995bc2,066cbe8b7008796ea46e70f220949f88e0c5149b,持卡人消费,学士楼商务网关,-3.9,72.31,3621,正常
2016/05/16 17:54:23,4531d9f73e864f6fa150be51efc077cc4e995bc2,066cbe8b7008796ea46e70f220949f88e0c5149b,持卡人消费,学士楼商务网关,-1.5,70.81,3622,正常
2016/05/17 22:20:28,4531d9f73e864f6fa150be51efc077cc4e995bc2,066cbe8b7008796ea46e70f220949f88e0c5149b,持卡人消费,学子便利店A01后楼,-3.0,67.81,3623,正常
2016/05/18 10:04:59,4531d9f73e864f6fa150be51efc077cc4e995bc2,066cbe8b7008796ea46e70f220949f88e0c5149b,持卡人消费,学子便利店A01后楼,-3.5,64.31,3624,正常
2016/05/18 17:28:25,4531d9f73e864f6fa150be51efc077cc4e995bc2,066cbe8b7008796ea46e70f220949f88e0c5149b,持卡人消费,学士楼商务网关,-3.9,60.41,3625,正常
2016/05/18 17:29:40,4531d9f73e864f6fa150be51efc077cc4e995bc2,066cbe8b7008796ea46e70f220949f88e0c5149b,持卡人消费,学士楼商务网关,-3.3,57.11,3626,正常
2016/05/18 17:42:21,4531d9f73e864f6fa150be51efc077cc4e995bc2,066cbe8b7008796ea46e70f220949f88e0c5149b,持卡人消费,学子便利店A01后楼,-3.0,54.11,3627,正常
2016/05/18 18:49:35,4531d9f73e864f6fa150be51efc077cc4e995bc2,066cbe8b7008796ea46e70f220949f88e0c5149b,持卡人消费,硕果园（工大商店）,-1.0,53.11,3628,正常
2016/05/19 17:57:10,4531d9f73e864f6fa150be51efc077cc4e995bc2,066cbe8b7008796ea46e70f220949f88e0c5149b,持卡人消费,硕果园（工大商店）,-10.0,43.11,3629,正常
2016/05/20 11:41:54,4531d9f73e864f6fa150be51efc077cc4e995bc2,066cbe8b7008796ea46e70f220949f88e0c5149b,持卡人消费,学子便利店A01后楼,-0.2,42.91,3630,正常
2016/05/20 17:08:45,4531d9f73e864f6fa150be51efc077cc4e995bc2,066cbe8b7008796ea46e70f220949f88e0c5149b,持卡人消费,硕果园（工大商店）,-10.0,32.91,3631,正常
2016/05/20 17:29:40,4531d9f73e864f6fa150be51efc077cc4e995bc2,066cbe8b7008796ea46e70f220949f88e0c5149b,持卡人消费,学子便利店A01后楼,-5.4,27.51,3632,正常
2016/05/21 09:28:09,4531d9f73e864f6fa150be51efc077cc4e995bc2,066cbe8b7008796ea46e70f220949f88e0c5149b,持卡人消费,A1,-3.0,24.51,3633,正常
2016/05/21 17:48:50,4531d9f73e864f6fa150be51efc077cc4e995bc2,066cbe8b7008796ea46e70f220949f88e0c5149b,持卡人消费,学子便利店A01后楼,-3.0,21.51,3634,正常
2016/05/22 17:52:27,4531d9f73e864f6fa150be51efc077cc4e995bc2,066cbe8b7008796ea46e70f220949f88e0c5149b,持卡人消费,硕果园（工大商店）,-9.0,12.51,3635,正常
2016/05/23 21:12:09,4531d9f73e864f6fa150be51efc077cc4e995bc2,066cbe8b7008796ea46e70f220949f88e0c5149b,持卡人消费,学子便利店A01后楼,-6.7,5.81,3636,正常
2016/05/24 20:00:58,4531d9f73e864f6fa150be51efc077cc4e995bc2,066cbe8b7008796ea46e70f220949f88e0c5149b,持卡人消费,学子便利店A01后楼,-5.2,0.61,3637,正常
2016/05/26 17:02:40,4531d9f73e864f6fa150be51efc077cc4e995bc2,066cbe8b7008796ea46e70f220949f88e0c5149b,存款,现金充值机,100.0,100.61,3638,正常
2016/05/26 17:26:58,4531d9f73e864f6fa150be51efc077cc4e995bc2,066cbe8b7008796ea46e70f220949f88e0c5149b,持卡人消费,学苑楼商务网关,-6.0,94.61,3639,正常
2016/05/27 13:57:55,4531d9f73e864f6fa150be51efc077cc4e995bc2,066cbe8b7008796ea46e70f220949f88e0c5149b,持卡人消费,15公寓浴池,-1.82,92.79,3641,正常
2016/05/27 14:06:00,4531d9f73e864f6fa150be51efc077cc4e995bc2,066cbe8b7008796ea46e70f220949f88e0c5149b,持卡人消费,学子便利店A01后楼,-3.0,89.79,3642,正常
2016/05/27 20:09:11,4531d9f73e864f6fa150be51efc077cc4e995bc2,066cbe8b7008796ea46e70f220949f88e0c5149b,持卡人消费,学士楼商务网关,-2.0,87.79,3643,正常
2016/05/28 10:15:52,4531d9f73e864f6fa150be51efc077cc4e995bc2,066cbe8b7008796ea46e70f220949f88e0c5149b,持卡人消费,硕果园（工大商店）,-11.0,76.79,3644,正常
2016/05/28 19:32:19,4531d9f73e864f6fa150be51efc077cc4e995bc2,066cbe8b7008796ea46e70f220949f88e0c5149b,持卡人消费,学子便利店A01后楼,-3.0,73.79,3645,正常
2016/05/29 10:20:03,4531d9f73e864f6fa150be51efc077cc4e995bc2,066cbe8b7008796ea46e70f220949f88e0c5149b,持卡人消费,硕果园（工大商店）,-10.0,63.79,3646,正常
2016/05/29 21:20:37,4531d9f73e864f6fa150be51efc077cc4e995bc2,066cbe8b7008796ea46e70f220949f88e0c5149b,持卡人消费,学子便利店A01后楼,-2.7,61.09,3647,正常
2016/05/30 13:20:59,4531d9f73e864f6fa150be51efc077cc4e995bc2,066cbe8b7008796ea46e70f220949f88e0c5149b,持卡人消费,15公寓浴池,-1.04,60.05,3649,正常
2016/05/30 13:29:04,4531d9f73e864f6fa150be51efc077cc4e995bc2,066cbe8b7008796ea46e70f220949f88e0c5149b,持卡人消费,学子便利店A01后楼,-4.2,55.85,3650,正常
2016/05/30 17:57:30,4531d9f73e864f6fa150be51efc077cc4e995bc2,066cbe8b7008796ea46e70f220949f88e0c5149b,持卡人消费,学苑楼商务网关,-4.4,51.45,3651,正常
2016/05/30 18:00:01,4531d9f73e864f6fa150be51efc077cc4e995bc2,066cbe8b7008796ea46e70f220949f88e0c5149b,持卡人消费,学苑楼商务网关,-1.5,49.95,3652,正常
2016/05/30 22:23:44,4531d9f73e864f6fa150be51efc077cc4e995bc2,066cbe8b7008796ea46e70f220949f88e0c5149b,持卡人消费,A1,-3.0,46.95,3653,正常
2016/05/31 17:43:59,4531d9f73e864f6fa150be51efc077cc4e995bc2,066cbe8b7008796ea46e70f220949f88e0c5149b,持卡人消费,学苑楼商务网关,-8.0,38.95,3654,正常
