交易发生时间,学号,姓名,交易类型,子系统名称,交易额,现有余额,次数,状态
2016/05/01 17:34:14,3295477ab6657118db500af90cfdcf5d2db8321b,066f70d656c172925059e472d5948f07aa7f6bbb,持卡人消费,学苑楼商务网关,-9.0,124.84,4755,正常
2016/05/01 17:53:21,3295477ab6657118db500af90cfdcf5d2db8321b,066f70d656c172925059e472d5948f07aa7f6bbb,持卡人消费,超市商务子系统,-5.0,119.84,4756,正常
2016/05/02 08:51:10,3295477ab6657118db500af90cfdcf5d2db8321b,066f70d656c172925059e472d5948f07aa7f6bbb,持卡人消费,学士楼商务网关,-2.4,117.44,4757,正常
2016/05/02 11:21:50,3295477ab6657118db500af90cfdcf5d2db8321b,066f70d656c172925059e472d5948f07aa7f6bbb,持卡人消费,学苑楼商务网关,-8.0,109.44,4758,正常
2016/05/02 12:10:30,3295477ab6657118db500af90cfdcf5d2db8321b,066f70d656c172925059e472d5948f07aa7f6bbb,持卡人消费,一校区水控新,-0.99,108.45,4759,正常
2016/05/02 12:14:10,3295477ab6657118db500af90cfdcf5d2db8321b,066f70d656c172925059e472d5948f07aa7f6bbb,持卡人消费,一校区水控新,-0.3,108.15,4760,正常
2016/05/02 12:16:12,3295477ab6657118db500af90cfdcf5d2db8321b,066f70d656c172925059e472d5948f07aa7f6bbb,持卡人消费,一校区水控新,-0.22,107.93,4761,正常
2016/05/03 08:42:02,3295477ab6657118db500af90cfdcf5d2db8321b,066f70d656c172925059e472d5948f07aa7f6bbb,持卡人消费,学士楼商务网关,-3.1,104.83,4762,正常
2016/05/03 11:20:52,3295477ab6657118db500af90cfdcf5d2db8321b,066f70d656c172925059e472d5948f07aa7f6bbb,持卡人消费,学士楼商务网关,-8.9,95.93,4763,正常
2016/05/03 17:27:41,3295477ab6657118db500af90cfdcf5d2db8321b,066f70d656c172925059e472d5948f07aa7f6bbb,持卡人消费,学士楼商务网关,-10.7,85.23,4764,正常
2016/05/03 17:57:46,3295477ab6657118db500af90cfdcf5d2db8321b,066f70d656c172925059e472d5948f07aa7f6bbb,持卡人消费,超市商务子系统,-10.5,74.73,4765,正常
2016/05/04 08:29:23,3295477ab6657118db500af90cfdcf5d2db8321b,066f70d656c172925059e472d5948f07aa7f6bbb,持卡人消费,学士楼商务网关,-3.8,70.93,4766,正常
2016/05/04 11:14:02,3295477ab6657118db500af90cfdcf5d2db8321b,066f70d656c172925059e472d5948f07aa7f6bbb,持卡人消费,学苑楼商务网关,-7.0,63.93,4767,正常
2016/05/04 11:15:49,3295477ab6657118db500af90cfdcf5d2db8321b,066f70d656c172925059e472d5948f07aa7f6bbb,持卡人消费,学苑楼商务网关,-0.8,63.13,4768,正常
2016/05/04 17:09:15,3295477ab6657118db500af90cfdcf5d2db8321b,066f70d656c172925059e472d5948f07aa7f6bbb,持卡人消费,硕果园（工大商店）,-10.0,53.13,4769,正常
2016/05/05 07:51:50,3295477ab6657118db500af90cfdcf5d2db8321b,066f70d656c172925059e472d5948f07aa7f6bbb,持卡人消费,学士楼商务网关,-3.7,49.43,4770,正常
2016/05/05 17:42:50,3295477ab6657118db500af90cfdcf5d2db8321b,066f70d656c172925059e472d5948f07aa7f6bbb,持卡人消费,学士楼商务网关,-10.9,38.53,4771,正常
2016/05/06 08:16:09,3295477ab6657118db500af90cfdcf5d2db8321b,066f70d656c172925059e472d5948f07aa7f6bbb,持卡人消费,学士楼商务网关,-2.9,35.63,4772,正常
2016/05/06 11:11:24,3295477ab6657118db500af90cfdcf5d2db8321b,066f70d656c172925059e472d5948f07aa7f6bbb,持卡人消费,学苑楼商务网关,-6.0,29.63,4773,正常
2016/05/07 17:49:36,3295477ab6657118db500af90cfdcf5d2db8321b,066f70d656c172925059e472d5948f07aa7f6bbb,持卡人消费,学苑楼商务网关,-7.0,22.63,4774,正常
2016/05/08 11:34:09,3295477ab6657118db500af90cfdcf5d2db8321b,066f70d656c172925059e472d5948f07aa7f6bbb,持卡人消费,学苑楼商务网关,-8.0,14.63,4775,正常
2016/05/08 12:08:37,3295477ab6657118db500af90cfdcf5d2db8321b,066f70d656c172925059e472d5948f07aa7f6bbb,持卡人消费,学子便利店A01后楼,-5.8,8.83,4776,正常
2016/05/08 17:04:33,3295477ab6657118db500af90cfdcf5d2db8321b,066f70d656c172925059e472d5948f07aa7f6bbb,持卡人消费,一校区水控新,-1.12,7.71,4778,正常
2016/05/08 17:09:26,3295477ab6657118db500af90cfdcf5d2db8321b,066f70d656c172925059e472d5948f07aa7f6bbb,持卡人消费,一校区水控新,-0.7,7.01,4780,正常
2016/05/08 17:13:14,3295477ab6657118db500af90cfdcf5d2db8321b,066f70d656c172925059e472d5948f07aa7f6bbb,持卡人消费,一校区水控新,-0.59,6.42,4782,正常
2016/05/09 11:34:46,3295477ab6657118db500af90cfdcf5d2db8321b,066f70d656c172925059e472d5948f07aa7f6bbb,存款,学苑楼综合业务3,200.0,206.42,4783,正常
2016/05/09 11:37:13,3295477ab6657118db500af90cfdcf5d2db8321b,066f70d656c172925059e472d5948f07aa7f6bbb,持卡人消费,学苑楼商务网关,-7.5,198.92,4784,正常
2016/05/09 17:25:54,3295477ab6657118db500af90cfdcf5d2db8321b,066f70d656c172925059e472d5948f07aa7f6bbb,持卡人消费,学苑楼商务网关,-7.9,191.02,4785,正常
2016/05/09 17:45:56,3295477ab6657118db500af90cfdcf5d2db8321b,066f70d656c172925059e472d5948f07aa7f6bbb,持卡人消费,超市商务子系统,-3.9,187.12,4786,正常
2016/05/10 07:56:43,3295477ab6657118db500af90cfdcf5d2db8321b,066f70d656c172925059e472d5948f07aa7f6bbb,持卡人消费,学子便利店A01后楼,-6.6,180.52,4787,正常
2016/05/10 11:29:12,3295477ab6657118db500af90cfdcf5d2db8321b,066f70d656c172925059e472d5948f07aa7f6bbb,持卡人消费,学士楼商务网关,-8.6,171.92,4788,正常
2016/05/11 17:56:33,3295477ab6657118db500af90cfdcf5d2db8321b,066f70d656c172925059e472d5948f07aa7f6bbb,持卡人消费,学苑楼商务网关,-7.0,164.92,4789,正常
2016/05/11 17:57:48,3295477ab6657118db500af90cfdcf5d2db8321b,066f70d656c172925059e472d5948f07aa7f6bbb,持卡人消费,学苑楼商务网关,-0.8,164.12,4790,正常
2016/05/11 19:40:58,3295477ab6657118db500af90cfdcf5d2db8321b,066f70d656c172925059e472d5948f07aa7f6bbb,持卡人消费,超市商务子系统,-5.0,159.12,4791,正常
2016/05/12 08:34:47,3295477ab6657118db500af90cfdcf5d2db8321b,066f70d656c172925059e472d5948f07aa7f6bbb,持卡人消费,学子便利店A01后楼,-4.8,154.32,4792,正常
2016/05/12 12:44:43,3295477ab6657118db500af90cfdcf5d2db8321b,066f70d656c172925059e472d5948f07aa7f6bbb,持卡人消费,一校区水控新,-1.18,153.14,4794,正常
2016/05/12 12:47:47,3295477ab6657118db500af90cfdcf5d2db8321b,066f70d656c172925059e472d5948f07aa7f6bbb,持卡人消费,一校区水控新,-0.21,152.93,4796,正常
2016/05/12 12:51:43,3295477ab6657118db500af90cfdcf5d2db8321b,066f70d656c172925059e472d5948f07aa7f6bbb,持卡人消费,一校区水控新,-0.61,152.32,4798,正常
2016/05/12 17:11:10,3295477ab6657118db500af90cfdcf5d2db8321b,066f70d656c172925059e472d5948f07aa7f6bbb,持卡人消费,学子楼商务网关,-7.2,145.12,4799,正常
2016/05/12 21:56:10,3295477ab6657118db500af90cfdcf5d2db8321b,066f70d656c172925059e472d5948f07aa7f6bbb,持卡人消费,超市商务子系统,-8.5,136.62,4800,正常
2016/05/13 17:37:06,3295477ab6657118db500af90cfdcf5d2db8321b,066f70d656c172925059e472d5948f07aa7f6bbb,持卡人消费,学苑楼商务网关,-8.0,128.62,4801,正常
2016/05/14 11:08:47,3295477ab6657118db500af90cfdcf5d2db8321b,066f70d656c172925059e472d5948f07aa7f6bbb,持卡人消费,学苑楼商务网关,-8.8,119.82,4802,正常
2016/05/14 11:37:23,3295477ab6657118db500af90cfdcf5d2db8321b,066f70d656c172925059e472d5948f07aa7f6bbb,持卡人消费,超市商务子系统,-4.9,114.92,4803,正常
2016/05/14 17:17:05,3295477ab6657118db500af90cfdcf5d2db8321b,066f70d656c172925059e472d5948f07aa7f6bbb,持卡人消费,学苑楼商务网关,-7.0,107.92,4804,正常
2016/05/14 17:17:51,3295477ab6657118db500af90cfdcf5d2db8321b,066f70d656c172925059e472d5948f07aa7f6bbb,持卡人消费,学苑楼商务网关,-0.8,107.12,4805,正常
2016/05/15 02:36:53,3295477ab6657118db500af90cfdcf5d2db8321b,066f70d656c172925059e472d5948f07aa7f6bbb,持卡人消费,学士楼商务网关,-9.4,97.72,4806,正常
2016/05/16 17:14:33,3295477ab6657118db500af90cfdcf5d2db8321b,066f70d656c172925059e472d5948f07aa7f6bbb,持卡人消费,学苑楼商务网关,-7.9,89.82,4807,正常
2016/05/16 17:36:40,3295477ab6657118db500af90cfdcf5d2db8321b,066f70d656c172925059e472d5948f07aa7f6bbb,持卡人消费,超市商务子系统,-10.3,79.52,4808,正常
2016/05/17 17:04:31,3295477ab6657118db500af90cfdcf5d2db8321b,066f70d656c172925059e472d5948f07aa7f6bbb,持卡人消费,一校区水控新,-0.3,79.22,4810,正常
2016/05/17 17:04:43,3295477ab6657118db500af90cfdcf5d2db8321b,066f70d656c172925059e472d5948f07aa7f6bbb,持卡人消费,一校区水控新,-0.01,79.21,4811,正常
2016/05/17 17:08:40,3295477ab6657118db500af90cfdcf5d2db8321b,066f70d656c172925059e472d5948f07aa7f6bbb,持卡人消费,一校区水控新,-0.74,78.47,4813,正常
2016/05/17 17:12:19,3295477ab6657118db500af90cfdcf5d2db8321b,066f70d656c172925059e472d5948f07aa7f6bbb,持卡人消费,一校区水控新,-0.29,78.18,4815,正常
2016/05/17 17:14:15,3295477ab6657118db500af90cfdcf5d2db8321b,066f70d656c172925059e472d5948f07aa7f6bbb,持卡人消费,一校区水控新,-0.19,77.99,4817,正常
2016/05/18 08:04:08,3295477ab6657118db500af90cfdcf5d2db8321b,066f70d656c172925059e472d5948f07aa7f6bbb,持卡人消费,学士楼商务网关,-2.83,75.16,4818,正常
2016/05/18 11:17:52,3295477ab6657118db500af90cfdcf5d2db8321b,066f70d656c172925059e472d5948f07aa7f6bbb,持卡人消费,学士楼商务网关,-9.4,65.76,4819,正常
2016/05/18 19:08:13,3295477ab6657118db500af90cfdcf5d2db8321b,066f70d656c172925059e472d5948f07aa7f6bbb,持卡人消费,超市商务子系统,-6.0,59.76,4820,正常
2016/05/19 09:00:21,3295477ab6657118db500af90cfdcf5d2db8321b,066f70d656c172925059e472d5948f07aa7f6bbb,持卡人消费,学士楼商务网关,-3.1,56.66,4821,正常
2016/05/20 11:31:14,3295477ab6657118db500af90cfdcf5d2db8321b,066f70d656c172925059e472d5948f07aa7f6bbb,持卡人消费,学苑楼商务网关,-7.5,49.16,4822,正常
2016/05/20 17:31:49,3295477ab6657118db500af90cfdcf5d2db8321b,066f70d656c172925059e472d5948f07aa7f6bbb,持卡人消费,15公寓浴池,-1.82,47.34,4824,正常
2016/05/20 18:22:27,3295477ab6657118db500af90cfdcf5d2db8321b,066f70d656c172925059e472d5948f07aa7f6bbb,持卡人消费,超市商务子系统,-5.0,42.34,4825,正常
2016/05/21 09:12:43,3295477ab6657118db500af90cfdcf5d2db8321b,066f70d656c172925059e472d5948f07aa7f6bbb,持卡人消费,学士楼商务网关,-1.65,40.69,4826,正常
2016/05/21 09:12:58,3295477ab6657118db500af90cfdcf5d2db8321b,066f70d656c172925059e472d5948f07aa7f6bbb,持卡人消费,学士楼商务网关,-1.3,39.39,4827,正常
2016/05/21 11:24:47,3295477ab6657118db500af90cfdcf5d2db8321b,066f70d656c172925059e472d5948f07aa7f6bbb,持卡人消费,学苑楼商务网关,-8.0,31.39,4828,正常
2016/05/21 17:22:31,3295477ab6657118db500af90cfdcf5d2db8321b,066f70d656c172925059e472d5948f07aa7f6bbb,持卡人消费,硕果园（工大商店）,-11.0,20.39,4829,正常
2016/05/21 17:54:09,3295477ab6657118db500af90cfdcf5d2db8321b,066f70d656c172925059e472d5948f07aa7f6bbb,持卡人消费,超市商务子系统,-8.6,11.79,4830,正常
2016/05/22 11:16:44,3295477ab6657118db500af90cfdcf5d2db8321b,066f70d656c172925059e472d5948f07aa7f6bbb,持卡人消费,学苑楼商务网关,-8.0,3.79,4831,正常
2016/05/23 08:21:08,3295477ab6657118db500af90cfdcf5d2db8321b,066f70d656c172925059e472d5948f07aa7f6bbb,持卡人消费,学士楼商务网关,-3.3,0.49,4832,正常
2016/05/23 11:23:46,3295477ab6657118db500af90cfdcf5d2db8321b,066f70d656c172925059e472d5948f07aa7f6bbb,存款,学苑楼综合业务3,200.0,200.49,4833,正常
2016/05/23 11:26:20,3295477ab6657118db500af90cfdcf5d2db8321b,066f70d656c172925059e472d5948f07aa7f6bbb,持卡人消费,学苑楼商务网关,-7.0,193.49,4834,正常
2016/05/24 08:46:30,3295477ab6657118db500af90cfdcf5d2db8321b,066f70d656c172925059e472d5948f07aa7f6bbb,持卡人消费,学士楼商务网关,-2.8,190.69,4835,正常
2016/05/24 11:35:32,3295477ab6657118db500af90cfdcf5d2db8321b,066f70d656c172925059e472d5948f07aa7f6bbb,持卡人消费,学苑楼商务网关,-7.0,183.69,4836,正常
2016/05/24 16:27:19,3295477ab6657118db500af90cfdcf5d2db8321b,066f70d656c172925059e472d5948f07aa7f6bbb,持卡人消费,15公寓浴池,-1.89,177.80,4840,正常
2016/05/24 16:27:24,3295477ab6657118db500af90cfdcf5d2db8321b,066f70d656c172925059e472d5948f07aa7f6bbb,持卡人消费,15公寓浴池,-1.92,177.88,4841,正常
2016/05/24 17:29:17,3295477ab6657118db500af90cfdcf5d2db8321b,066f70d656c172925059e472d5948f07aa7f6bbb,持卡人消费,学苑楼商务网关,-9.0,168.88,4842,正常
2016/05/24 18:13:40,3295477ab6657118db500af90cfdcf5d2db8321b,066f70d656c172925059e472d5948f07aa7f6bbb,持卡人消费,超市商务子系统,-5.0,163.88,4843,正常
2016/05/25 08:44:43,3295477ab6657118db500af90cfdcf5d2db8321b,066f70d656c172925059e472d5948f07aa7f6bbb,持卡人消费,学士楼商务网关,-2.6,161.28,4844,正常
2016/05/25 11:20:49,3295477ab6657118db500af90cfdcf5d2db8321b,066f70d656c172925059e472d5948f07aa7f6bbb,持卡人消费,学子楼商务网关,-6.4,154.88,4845,正常
2016/05/25 14:35:05,3295477ab6657118db500af90cfdcf5d2db8321b,066f70d656c172925059e472d5948f07aa7f6bbb,持卡人消费,超市商务子系统,-4.8,150.08,4846,正常
2016/05/25 17:13:22,3295477ab6657118db500af90cfdcf5d2db8321b,066f70d656c172925059e472d5948f07aa7f6bbb,持卡人消费,学士楼商务网关,-12.9,137.18,4847,正常
2016/05/26 17:51:06,3295477ab6657118db500af90cfdcf5d2db8321b,066f70d656c172925059e472d5948f07aa7f6bbb,持卡人消费,学苑楼商务网关,-7.0,130.18,4848,正常
2016/05/26 18:08:16,3295477ab6657118db500af90cfdcf5d2db8321b,066f70d656c172925059e472d5948f07aa7f6bbb,持卡人消费,超市商务子系统,-3.9,126.28,4849,正常
2016/05/27 08:25:57,3295477ab6657118db500af90cfdcf5d2db8321b,066f70d656c172925059e472d5948f07aa7f6bbb,持卡人消费,学士楼商务网关,-4.0,122.28,4850,正常
2016/05/27 08:26:01,3295477ab6657118db500af90cfdcf5d2db8321b,066f70d656c172925059e472d5948f07aa7f6bbb,持卡人消费,学士楼商务网关,-0.1,122.18,4851,正常
2016/05/27 11:16:39,3295477ab6657118db500af90cfdcf5d2db8321b,066f70d656c172925059e472d5948f07aa7f6bbb,持卡人消费,学苑楼商务网关,-8.0,114.18,4852,正常
2016/05/27 17:30:21,3295477ab6657118db500af90cfdcf5d2db8321b,066f70d656c172925059e472d5948f07aa7f6bbb,持卡人消费,硕果园（工大商店）,-10.0,104.18,4853,正常
2016/05/29 08:26:27,3295477ab6657118db500af90cfdcf5d2db8321b,066f70d656c172925059e472d5948f07aa7f6bbb,持卡人消费,学子便利店A01后楼,-3.8,100.38,4854,正常
2016/05/29 11:42:48,3295477ab6657118db500af90cfdcf5d2db8321b,066f70d656c172925059e472d5948f07aa7f6bbb,持卡人消费,学士楼商务网关,-9.4,90.98,4855,正常
2016/05/29 12:44:53,3295477ab6657118db500af90cfdcf5d2db8321b,066f70d656c172925059e472d5948f07aa7f6bbb,持卡人消费,一校区水控新,-0.77,90.21,4857,正常
2016/05/29 12:48:21,3295477ab6657118db500af90cfdcf5d2db8321b,066f70d656c172925059e472d5948f07aa7f6bbb,持卡人消费,一校区水控新,-0.29,89.92,4859,正常
2016/05/29 12:51:03,3295477ab6657118db500af90cfdcf5d2db8321b,066f70d656c172925059e472d5948f07aa7f6bbb,持卡人消费,一校区水控新,-0.34,89.58,4861,正常
2016/05/29 17:12:46,3295477ab6657118db500af90cfdcf5d2db8321b,066f70d656c172925059e472d5948f07aa7f6bbb,持卡人消费,硕果园（工大商店）,-16.5,73.08,4862,正常
2016/05/30 11:39:27,3295477ab6657118db500af90cfdcf5d2db8321b,066f70d656c172925059e472d5948f07aa7f6bbb,持卡人消费,学苑楼商务网关,-8.0,65.08,4863,正常
2016/05/30 17:29:26,3295477ab6657118db500af90cfdcf5d2db8321b,066f70d656c172925059e472d5948f07aa7f6bbb,持卡人消费,硕果园（工大商店）,-14.8,50.28,4864,正常
2016/05/31 07:52:18,3295477ab6657118db500af90cfdcf5d2db8321b,066f70d656c172925059e472d5948f07aa7f6bbb,持卡人消费,学士楼商务网关,-3.6,46.68,4865,正常
2016/05/31 11:39:37,3295477ab6657118db500af90cfdcf5d2db8321b,066f70d656c172925059e472d5948f07aa7f6bbb,持卡人消费,学苑楼商务网关,-7.0,39.68,4866,正常
2016/05/31 11:40:55,3295477ab6657118db500af90cfdcf5d2db8321b,066f70d656c172925059e472d5948f07aa7f6bbb,持卡人消费,学苑楼商务网关,-1.0,38.68,4867,正常
