交易发生时间,学号,姓名,交易类型,子系统名称,交易额,现有余额,次数,状态
2016/05/02 18:05:14,689a1003a839e02d89db9af1c5471cde7dcb2411,067529b61a52c7b69436048cf78a52b3da45bb1e,存款,学苑楼综合业务2,100.0,101.92,4043,正常
2016/05/02 18:18:12,689a1003a839e02d89db9af1c5471cde7dcb2411,067529b61a52c7b69436048cf78a52b3da45bb1e,持卡人消费,学士楼商务网关,-10.8,91.12,4044,正常
2016/05/02 18:18:23,689a1003a839e02d89db9af1c5471cde7dcb2411,067529b61a52c7b69436048cf78a52b3da45bb1e,持卡人消费,学士楼商务网关,-2.0,89.12,4045,正常
2016/05/02 18:19:14,689a1003a839e02d89db9af1c5471cde7dcb2411,067529b61a52c7b69436048cf78a52b3da45bb1e,持卡人消费,学士楼商务网关,-0.2,88.92,4046,正常
2016/05/02 18:19:28,689a1003a839e02d89db9af1c5471cde7dcb2411,067529b61a52c7b69436048cf78a52b3da45bb1e,持卡人消费,学士楼商务网关,-1.5,87.42,4047,正常
2016/05/02 18:22:06,689a1003a839e02d89db9af1c5471cde7dcb2411,067529b61a52c7b69436048cf78a52b3da45bb1e,持卡人消费,学士楼商务网关,-1.3,86.12,4048,正常
2016/05/03 10:02:08,689a1003a839e02d89db9af1c5471cde7dcb2411,067529b61a52c7b69436048cf78a52b3da45bb1e,持卡人消费,学士楼商务网关,-6.0,80.12,4049,正常
2016/05/03 10:05:17,689a1003a839e02d89db9af1c5471cde7dcb2411,067529b61a52c7b69436048cf78a52b3da45bb1e,持卡人消费,学士楼商务网关,-0.5,79.62,4050,正常
2016/05/03 10:07:03,689a1003a839e02d89db9af1c5471cde7dcb2411,067529b61a52c7b69436048cf78a52b3da45bb1e,持卡人消费,学士楼商务网关,-0.6,79.02,4051,正常
2016/05/04 08:31:55,689a1003a839e02d89db9af1c5471cde7dcb2411,067529b61a52c7b69436048cf78a52b3da45bb1e,持卡人消费,学士楼商务网关,-6.0,73.02,4052,正常
2016/05/04 08:35:52,689a1003a839e02d89db9af1c5471cde7dcb2411,067529b61a52c7b69436048cf78a52b3da45bb1e,持卡人消费,学士楼商务网关,-1.2,71.82,4053,正常
2016/05/04 11:36:40,689a1003a839e02d89db9af1c5471cde7dcb2411,067529b61a52c7b69436048cf78a52b3da45bb1e,持卡人消费,硕果园（工大商店）,-12.0,59.82,4054,正常
2016/05/05 08:32:23,689a1003a839e02d89db9af1c5471cde7dcb2411,067529b61a52c7b69436048cf78a52b3da45bb1e,持卡人消费,学士楼商务网关,-6.0,53.82,4055,正常
2016/05/06 08:40:28,689a1003a839e02d89db9af1c5471cde7dcb2411,067529b61a52c7b69436048cf78a52b3da45bb1e,持卡人消费,学士楼商务网关,-6.0,47.82,4056,正常
2016/05/06 08:44:33,689a1003a839e02d89db9af1c5471cde7dcb2411,067529b61a52c7b69436048cf78a52b3da45bb1e,持卡人消费,学士楼商务网关,-1.2,46.62,4057,正常
2016/05/07 08:35:37,689a1003a839e02d89db9af1c5471cde7dcb2411,067529b61a52c7b69436048cf78a52b3da45bb1e,持卡人消费,学士楼商务网关,-6.0,40.62,4058,正常
2016/05/07 08:35:50,689a1003a839e02d89db9af1c5471cde7dcb2411,067529b61a52c7b69436048cf78a52b3da45bb1e,持卡人消费,学士楼商务网关,-6.0,34.62,4059,正常
2016/05/07 08:36:24,689a1003a839e02d89db9af1c5471cde7dcb2411,067529b61a52c7b69436048cf78a52b3da45bb1e,持卡人消费,学士楼商务网关,-1.8,32.82,4060,正常
2016/05/08 08:23:54,689a1003a839e02d89db9af1c5471cde7dcb2411,067529b61a52c7b69436048cf78a52b3da45bb1e,持卡人消费,学士楼商务网关,-6.0,26.82,4061,正常
2016/05/08 10:49:28,689a1003a839e02d89db9af1c5471cde7dcb2411,067529b61a52c7b69436048cf78a52b3da45bb1e,存款,现金充值机,100.0,126.82,4062,正常
2016/05/08 11:13:11,689a1003a839e02d89db9af1c5471cde7dcb2411,067529b61a52c7b69436048cf78a52b3da45bb1e,持卡人消费,学士楼商务网关,-6.0,120.82,4063,正常
2016/05/08 11:16:08,689a1003a839e02d89db9af1c5471cde7dcb2411,067529b61a52c7b69436048cf78a52b3da45bb1e,持卡人消费,学士楼商务网关,-4.6,116.22,4064,正常
2016/05/08 17:37:01,689a1003a839e02d89db9af1c5471cde7dcb2411,067529b61a52c7b69436048cf78a52b3da45bb1e,持卡人消费,学士楼商务网关,-5.1,111.12,4065,正常
2016/05/08 17:37:55,689a1003a839e02d89db9af1c5471cde7dcb2411,067529b61a52c7b69436048cf78a52b3da45bb1e,持卡人消费,学士楼商务网关,-2.5,108.62,4066,正常
2016/05/09 07:21:23,689a1003a839e02d89db9af1c5471cde7dcb2411,067529b61a52c7b69436048cf78a52b3da45bb1e,持卡人消费,学士楼商务网关,-6.0,102.62,4067,正常
2016/05/09 10:52:55,689a1003a839e02d89db9af1c5471cde7dcb2411,067529b61a52c7b69436048cf78a52b3da45bb1e,持卡人消费,硕果园（工大商店）,-8.0,94.62,4068,正常
2016/05/09 10:55:19,689a1003a839e02d89db9af1c5471cde7dcb2411,067529b61a52c7b69436048cf78a52b3da45bb1e,持卡人消费,硕果园（工大商店）,-3.0,91.62,4069,正常
2016/05/10 09:07:58,689a1003a839e02d89db9af1c5471cde7dcb2411,067529b61a52c7b69436048cf78a52b3da45bb1e,持卡人消费,学士楼商务网关,-6.0,85.62,4070,正常
2016/05/11 12:36:20,689a1003a839e02d89db9af1c5471cde7dcb2411,067529b61a52c7b69436048cf78a52b3da45bb1e,持卡人消费,15公寓浴池,-2.0,83.62,4071,正常
2016/05/11 12:37:46,689a1003a839e02d89db9af1c5471cde7dcb2411,067529b61a52c7b69436048cf78a52b3da45bb1e,持卡人消费,15公寓浴池,-0.26,83.36,4073,正常
2016/05/12 14:30:47,689a1003a839e02d89db9af1c5471cde7dcb2411,067529b61a52c7b69436048cf78a52b3da45bb1e,持卡人消费,学士楼商务网关,-7.0,76.36,4074,正常
2016/05/13 11:03:23,689a1003a839e02d89db9af1c5471cde7dcb2411,067529b61a52c7b69436048cf78a52b3da45bb1e,持卡人消费,学士楼商务网关,-6.0,70.36,4075,正常
2016/05/13 11:05:14,689a1003a839e02d89db9af1c5471cde7dcb2411,067529b61a52c7b69436048cf78a52b3da45bb1e,持卡人消费,学士楼商务网关,-6.4,63.96,4076,正常
2016/05/13 19:35:36,689a1003a839e02d89db9af1c5471cde7dcb2411,067529b61a52c7b69436048cf78a52b3da45bb1e,持卡人消费,学士楼商务网关,-7.0,56.96,4077,正常
2016/05/13 19:53:13,689a1003a839e02d89db9af1c5471cde7dcb2411,067529b61a52c7b69436048cf78a52b3da45bb1e,持卡人消费,学士楼商务网关,-2.05,54.91,4078,正常
2016/05/14 07:08:03,689a1003a839e02d89db9af1c5471cde7dcb2411,067529b61a52c7b69436048cf78a52b3da45bb1e,持卡人消费,学士楼商务网关,-2.6,52.31,4079,正常
2016/05/14 07:08:10,689a1003a839e02d89db9af1c5471cde7dcb2411,067529b61a52c7b69436048cf78a52b3da45bb1e,持卡人消费,学士楼商务网关,-0.4,51.91,4080,正常
2016/05/14 11:55:23,689a1003a839e02d89db9af1c5471cde7dcb2411,067529b61a52c7b69436048cf78a52b3da45bb1e,持卡人消费,硕果园（工大商店）,-8.0,43.91,4081,正常
2016/05/14 19:27:58,689a1003a839e02d89db9af1c5471cde7dcb2411,067529b61a52c7b69436048cf78a52b3da45bb1e,持卡人消费,硕果园（工大商店）,-8.0,35.91,4082,正常
2016/05/15 08:38:43,689a1003a839e02d89db9af1c5471cde7dcb2411,067529b61a52c7b69436048cf78a52b3da45bb1e,持卡人消费,学士楼商务网关,-12.0,23.91,4083,正常
2016/05/15 11:42:02,689a1003a839e02d89db9af1c5471cde7dcb2411,067529b61a52c7b69436048cf78a52b3da45bb1e,持卡人消费,硕果园（工大商店）,-11.0,12.91,4084,正常
2016/05/15 11:43:42,689a1003a839e02d89db9af1c5471cde7dcb2411,067529b61a52c7b69436048cf78a52b3da45bb1e,持卡人消费,硕果园（工大商店）,-11.0,1.91,4085,正常
2016/05/17 08:11:20,689a1003a839e02d89db9af1c5471cde7dcb2411,067529b61a52c7b69436048cf78a52b3da45bb1e,存款,卡中心综合业务,100.0,101.91,4086,正常
2016/05/17 08:13:31,689a1003a839e02d89db9af1c5471cde7dcb2411,067529b61a52c7b69436048cf78a52b3da45bb1e,持卡人消费,学苑楼商务网关,-3.8,98.11,4087,正常
2016/05/17 08:14:42,689a1003a839e02d89db9af1c5471cde7dcb2411,067529b61a52c7b69436048cf78a52b3da45bb1e,持卡人消费,学苑楼商务网关,-0.5,97.61,4088,正常
2016/05/17 11:30:00,689a1003a839e02d89db9af1c5471cde7dcb2411,067529b61a52c7b69436048cf78a52b3da45bb1e,持卡人消费,硕果园（工大商店）,-8.0,89.61,4089,正常
2016/05/17 16:59:05,689a1003a839e02d89db9af1c5471cde7dcb2411,067529b61a52c7b69436048cf78a52b3da45bb1e,持卡人消费,游泳馆,-6.0,83.61,4090,正常
2016/05/18 17:25:22,689a1003a839e02d89db9af1c5471cde7dcb2411,067529b61a52c7b69436048cf78a52b3da45bb1e,持卡人消费,学士楼商务网关,-9.5,74.11,4091,正常
2016/05/18 17:43:33,689a1003a839e02d89db9af1c5471cde7dcb2411,067529b61a52c7b69436048cf78a52b3da45bb1e,持卡人消费,硕果园（工大商店）,-11.0,63.11,4092,正常
2016/05/19 09:16:11,689a1003a839e02d89db9af1c5471cde7dcb2411,067529b61a52c7b69436048cf78a52b3da45bb1e,持卡人消费,学士楼商务网关,-6.0,57.11,4093,正常
2016/05/19 12:31:20,689a1003a839e02d89db9af1c5471cde7dcb2411,067529b61a52c7b69436048cf78a52b3da45bb1e,持卡人消费,学子楼商务网关,-26.5,30.61,4094,正常
2016/05/19 12:55:57,689a1003a839e02d89db9af1c5471cde7dcb2411,067529b61a52c7b69436048cf78a52b3da45bb1e,持卡人消费,学子楼商务网关,-9.0,21.61,4095,正常
2016/05/20 08:10:57,689a1003a839e02d89db9af1c5471cde7dcb2411,067529b61a52c7b69436048cf78a52b3da45bb1e,持卡人消费,学士楼商务网关,-2.6,19.01,4096,正常
2016/05/20 08:11:15,689a1003a839e02d89db9af1c5471cde7dcb2411,067529b61a52c7b69436048cf78a52b3da45bb1e,持卡人消费,学士楼商务网关,-1.0,18.01,4097,正常
2016/05/21 09:25:31,689a1003a839e02d89db9af1c5471cde7dcb2411,067529b61a52c7b69436048cf78a52b3da45bb1e,持卡人消费,学士楼商务网关,-6.0,12.01,4098,正常
2016/05/22 09:07:47,689a1003a839e02d89db9af1c5471cde7dcb2411,067529b61a52c7b69436048cf78a52b3da45bb1e,持卡人消费,学士楼商务网关,-6.0,6.01,4099,正常
2016/05/22 09:11:44,689a1003a839e02d89db9af1c5471cde7dcb2411,067529b61a52c7b69436048cf78a52b3da45bb1e,持卡人消费,学士楼商务网关,-1.0,5.01,4100,正常
2016/05/22 20:13:25,689a1003a839e02d89db9af1c5471cde7dcb2411,067529b61a52c7b69436048cf78a52b3da45bb1e,持卡人消费,一校区水控新,-1.81,3.20,4102,正常
2016/05/23 08:02:07,689a1003a839e02d89db9af1c5471cde7dcb2411,067529b61a52c7b69436048cf78a52b3da45bb1e,存款,卡中心综合业务,200.0,203.20,4103,正常
2016/05/23 08:04:19,689a1003a839e02d89db9af1c5471cde7dcb2411,067529b61a52c7b69436048cf78a52b3da45bb1e,持卡人消费,学苑楼商务网关,-3.8,199.40,4104,正常
2016/05/23 08:05:12,689a1003a839e02d89db9af1c5471cde7dcb2411,067529b61a52c7b69436048cf78a52b3da45bb1e,持卡人消费,学苑楼商务网关,-0.5,198.90,4105,正常
2016/05/23 14:23:43,689a1003a839e02d89db9af1c5471cde7dcb2411,067529b61a52c7b69436048cf78a52b3da45bb1e,持卡人消费,学士楼商务网关,-2.0,196.90,4106,正常
2016/05/23 14:24:04,689a1003a839e02d89db9af1c5471cde7dcb2411,067529b61a52c7b69436048cf78a52b3da45bb1e,持卡人消费,学士楼商务网关,-12.0,184.90,4107,正常
2016/05/24 17:21:23,689a1003a839e02d89db9af1c5471cde7dcb2411,067529b61a52c7b69436048cf78a52b3da45bb1e,持卡人消费,学士楼商务网关,-11.6,173.30,4108,正常
2016/05/24 19:55:29,689a1003a839e02d89db9af1c5471cde7dcb2411,067529b61a52c7b69436048cf78a52b3da45bb1e,持卡人消费,超市商务子系统,-10.0,163.30,4109,正常
2016/05/25 08:53:14,689a1003a839e02d89db9af1c5471cde7dcb2411,067529b61a52c7b69436048cf78a52b3da45bb1e,持卡人消费,学士楼商务网关,-6.0,157.30,4110,正常
2016/05/26 08:12:06,689a1003a839e02d89db9af1c5471cde7dcb2411,067529b61a52c7b69436048cf78a52b3da45bb1e,持卡人消费,学士楼商务网关,-1.0,156.30,4111,正常
2016/05/26 08:13:59,689a1003a839e02d89db9af1c5471cde7dcb2411,067529b61a52c7b69436048cf78a52b3da45bb1e,持卡人消费,学士楼商务网关,-2.0,154.30,4112,正常
2016/05/26 10:39:56,689a1003a839e02d89db9af1c5471cde7dcb2411,067529b61a52c7b69436048cf78a52b3da45bb1e,持卡人消费,学士楼商务网关,-12.0,142.30,4113,正常
2016/05/27 08:00:07,689a1003a839e02d89db9af1c5471cde7dcb2411,067529b61a52c7b69436048cf78a52b3da45bb1e,持卡人消费,学士楼商务网关,-6.0,136.30,4114,正常
2016/05/28 09:27:46,689a1003a839e02d89db9af1c5471cde7dcb2411,067529b61a52c7b69436048cf78a52b3da45bb1e,持卡人消费,硕果园（工大商店）,-8.0,128.30,4115,正常
2016/05/28 09:28:41,689a1003a839e02d89db9af1c5471cde7dcb2411,067529b61a52c7b69436048cf78a52b3da45bb1e,持卡人消费,硕果园（工大商店）,-2.0,126.30,4116,正常
2016/05/28 17:12:12,689a1003a839e02d89db9af1c5471cde7dcb2411,067529b61a52c7b69436048cf78a52b3da45bb1e,持卡人消费,网络中心,-30.0,96.30,4117,正常
2016/05/28 17:22:00,689a1003a839e02d89db9af1c5471cde7dcb2411,067529b61a52c7b69436048cf78a52b3da45bb1e,持卡人消费,学士楼商务网关,-6.16,90.14,4118,正常
2016/05/28 17:24:47,689a1003a839e02d89db9af1c5471cde7dcb2411,067529b61a52c7b69436048cf78a52b3da45bb1e,持卡人消费,学士楼商务网关,-6.6,83.54,4119,正常
2016/05/29 09:04:36,689a1003a839e02d89db9af1c5471cde7dcb2411,067529b61a52c7b69436048cf78a52b3da45bb1e,持卡人消费,学士楼商务网关,-6.0,77.54,4120,正常
2016/05/29 12:03:13,689a1003a839e02d89db9af1c5471cde7dcb2411,067529b61a52c7b69436048cf78a52b3da45bb1e,持卡人消费,硕果园（工大商店）,-8.0,69.54,4121,正常
2016/05/31 19:44:17,689a1003a839e02d89db9af1c5471cde7dcb2411,067529b61a52c7b69436048cf78a52b3da45bb1e,持卡人消费,学士楼商务网关,-9.35,60.19,4122,正常
2016/05/31 19:44:54,689a1003a839e02d89db9af1c5471cde7dcb2411,067529b61a52c7b69436048cf78a52b3da45bb1e,持卡人消费,学士楼商务网关,-1.0,59.19,4123,正常
2016/05/31 19:45:44,689a1003a839e02d89db9af1c5471cde7dcb2411,067529b61a52c7b69436048cf78a52b3da45bb1e,持卡人消费,学士楼商务网关,-2.5,56.69,4124,正常
2016/05/31 19:46:23,689a1003a839e02d89db9af1c5471cde7dcb2411,067529b61a52c7b69436048cf78a52b3da45bb1e,持卡人消费,学士楼商务网关,-0.7,55.99,4125,正常
