交易发生时间,学号,姓名,交易类型,子系统名称,交易额,现有余额,次数,状态
2016/05/01 11:58:48,a56a99a9b63be03002a3f871a0c58394b8a2b13b,0680ee7fc52797e69eb7f8242e03c64a1f41a402,持卡人消费,学士楼商务网关,-4.1,65.61,4511,正常
2016/05/01 18:18:59,a56a99a9b63be03002a3f871a0c58394b8a2b13b,0680ee7fc52797e69eb7f8242e03c64a1f41a402,持卡人消费,学士楼商务网关,-5.1,60.51,4512,正常
2016/05/09 18:27:33,a56a99a9b63be03002a3f871a0c58394b8a2b13b,0680ee7fc52797e69eb7f8242e03c64a1f41a402,持卡人消费,一校区水控新,-0.1,60.41,4514,正常
2016/05/09 18:28:02,a56a99a9b63be03002a3f871a0c58394b8a2b13b,0680ee7fc52797e69eb7f8242e03c64a1f41a402,持卡人消费,一校区水控新,-0.06,60.35,4515,正常
2016/05/09 18:32:38,a56a99a9b63be03002a3f871a0c58394b8a2b13b,0680ee7fc52797e69eb7f8242e03c64a1f41a402,持卡人消费,一校区水控新,-0.86,59.49,4517,正常
2016/05/09 18:34:57,a56a99a9b63be03002a3f871a0c58394b8a2b13b,0680ee7fc52797e69eb7f8242e03c64a1f41a402,持卡人消费,一校区水控新,-0.03,59.46,4519,正常
2016/05/09 18:54:44,a56a99a9b63be03002a3f871a0c58394b8a2b13b,0680ee7fc52797e69eb7f8242e03c64a1f41a402,持卡人消费,一校区水控新,-1.63,57.83,4521,正常
2016/05/09 19:09:23,a56a99a9b63be03002a3f871a0c58394b8a2b13b,0680ee7fc52797e69eb7f8242e03c64a1f41a402,持卡人消费,硕果园（工大商店）,-9.0,48.83,4522,正常
2016/05/09 20:15:31,a56a99a9b63be03002a3f871a0c58394b8a2b13b,0680ee7fc52797e69eb7f8242e03c64a1f41a402,持卡人消费,A7,-3.0,45.83,4523,正常
2016/05/10 10:03:04,a56a99a9b63be03002a3f871a0c58394b8a2b13b,0680ee7fc52797e69eb7f8242e03c64a1f41a402,持卡人消费,身份前置机,-0.53,45.30,4524,正常
2016/05/10 11:32:16,a56a99a9b63be03002a3f871a0c58394b8a2b13b,0680ee7fc52797e69eb7f8242e03c64a1f41a402,持卡人消费,学士楼商务网关,-3.6,41.70,4525,正常
2016/05/10 17:31:38,a56a99a9b63be03002a3f871a0c58394b8a2b13b,0680ee7fc52797e69eb7f8242e03c64a1f41a402,持卡人消费,学士楼商务网关,-4.6,37.10,4526,正常
2016/05/10 17:34:48,a56a99a9b63be03002a3f871a0c58394b8a2b13b,0680ee7fc52797e69eb7f8242e03c64a1f41a402,持卡人消费,学士楼商务网关,-2.5,34.60,4527,正常
2016/05/11 11:31:27,a56a99a9b63be03002a3f871a0c58394b8a2b13b,0680ee7fc52797e69eb7f8242e03c64a1f41a402,持卡人消费,学士楼商务网关,-6.0,28.60,4528,正常
2016/05/11 20:54:20,a56a99a9b63be03002a3f871a0c58394b8a2b13b,0680ee7fc52797e69eb7f8242e03c64a1f41a402,持卡人消费,超市商务子系统,-5.5,23.10,4529,正常
2016/05/12 11:16:04,a56a99a9b63be03002a3f871a0c58394b8a2b13b,0680ee7fc52797e69eb7f8242e03c64a1f41a402,持卡人消费,学士楼商务网关,-4.6,18.50,4530,正常
2016/05/12 17:27:42,a56a99a9b63be03002a3f871a0c58394b8a2b13b,0680ee7fc52797e69eb7f8242e03c64a1f41a402,持卡人消费,学士楼商务网关,-7.0,11.50,4531,正常
2016/05/13 11:34:41,a56a99a9b63be03002a3f871a0c58394b8a2b13b,0680ee7fc52797e69eb7f8242e03c64a1f41a402,持卡人消费,学士楼商务网关,-6.6,4.90,4532,正常
2016/05/13 17:15:08,a56a99a9b63be03002a3f871a0c58394b8a2b13b,0680ee7fc52797e69eb7f8242e03c64a1f41a402,存款,现金充值机,100.0,104.90,4533,正常
2016/05/13 17:35:53,a56a99a9b63be03002a3f871a0c58394b8a2b13b,0680ee7fc52797e69eb7f8242e03c64a1f41a402,存款,卡中心综合业务,100.0,204.90,4534,正常
2016/05/13 17:36:58,a56a99a9b63be03002a3f871a0c58394b8a2b13b,0680ee7fc52797e69eb7f8242e03c64a1f41a402,持卡人消费,学苑楼商务网关,-8.0,196.90,4535,正常
2016/05/13 18:03:08,a56a99a9b63be03002a3f871a0c58394b8a2b13b,0680ee7fc52797e69eb7f8242e03c64a1f41a402,持卡人消费,超市商务子系统,-1.5,195.40,4536,正常
2016/05/14 07:44:46,a56a99a9b63be03002a3f871a0c58394b8a2b13b,0680ee7fc52797e69eb7f8242e03c64a1f41a402,持卡人消费,学士楼商务网关,-3.5,191.90,4537,正常
2016/05/14 07:45:12,a56a99a9b63be03002a3f871a0c58394b8a2b13b,0680ee7fc52797e69eb7f8242e03c64a1f41a402,持卡人消费,学士楼商务网关,-0.3,191.60,4538,正常
2016/05/14 11:44:13,a56a99a9b63be03002a3f871a0c58394b8a2b13b,0680ee7fc52797e69eb7f8242e03c64a1f41a402,持卡人消费,学士楼商务网关,-3.6,188.00,4539,正常
2016/05/14 11:45:17,a56a99a9b63be03002a3f871a0c58394b8a2b13b,0680ee7fc52797e69eb7f8242e03c64a1f41a402,持卡人消费,学士楼商务网关,-2.5,185.50,4540,正常
2016/05/14 17:36:18,a56a99a9b63be03002a3f871a0c58394b8a2b13b,0680ee7fc52797e69eb7f8242e03c64a1f41a402,持卡人消费,学士楼商务网关,-7.0,178.50,4541,正常
2016/05/15 11:34:09,a56a99a9b63be03002a3f871a0c58394b8a2b13b,0680ee7fc52797e69eb7f8242e03c64a1f41a402,持卡人消费,学士楼商务网关,-4.1,174.40,4542,正常
2016/05/15 11:35:29,a56a99a9b63be03002a3f871a0c58394b8a2b13b,0680ee7fc52797e69eb7f8242e03c64a1f41a402,持卡人消费,学士楼商务网关,-1.4,173.00,4543,正常
2016/05/15 16:43:27,a56a99a9b63be03002a3f871a0c58394b8a2b13b,0680ee7fc52797e69eb7f8242e03c64a1f41a402,持卡人消费,学士楼商务网关,-7.0,166.00,4544,正常
2016/05/16 08:04:46,a56a99a9b63be03002a3f871a0c58394b8a2b13b,0680ee7fc52797e69eb7f8242e03c64a1f41a402,持卡人消费,学士楼商务网关,-2.5,163.50,4545,正常
2016/05/16 17:17:02,a56a99a9b63be03002a3f871a0c58394b8a2b13b,0680ee7fc52797e69eb7f8242e03c64a1f41a402,持卡人消费,学士楼商务网关,-3.1,160.40,4546,正常
2016/05/17 11:23:02,a56a99a9b63be03002a3f871a0c58394b8a2b13b,0680ee7fc52797e69eb7f8242e03c64a1f41a402,持卡人消费,学士楼商务网关,-4.6,155.80,4547,正常
2016/05/17 11:24:23,a56a99a9b63be03002a3f871a0c58394b8a2b13b,0680ee7fc52797e69eb7f8242e03c64a1f41a402,持卡人消费,学士楼商务网关,-1.5,154.30,4548,正常
2016/05/17 16:07:43,a56a99a9b63be03002a3f871a0c58394b8a2b13b,0680ee7fc52797e69eb7f8242e03c64a1f41a402,持卡人消费,一校区水控新,-1.16,153.14,4549,正常
2016/05/17 16:22:41,a56a99a9b63be03002a3f871a0c58394b8a2b13b,0680ee7fc52797e69eb7f8242e03c64a1f41a402,持卡人消费,一校区水控新,-1.1,152.04,4550,正常
2016/05/17 17:37:34,a56a99a9b63be03002a3f871a0c58394b8a2b13b,0680ee7fc52797e69eb7f8242e03c64a1f41a402,持卡人消费,学士楼商务网关,-4.6,147.44,4551,正常
2016/05/17 17:38:37,a56a99a9b63be03002a3f871a0c58394b8a2b13b,0680ee7fc52797e69eb7f8242e03c64a1f41a402,持卡人消费,学士楼商务网关,-1.5,145.94,4552,正常
2016/05/17 17:55:37,a56a99a9b63be03002a3f871a0c58394b8a2b13b,0680ee7fc52797e69eb7f8242e03c64a1f41a402,持卡人消费,超市商务子系统,-5.5,140.44,4553,正常
2016/05/18 15:53:24,a56a99a9b63be03002a3f871a0c58394b8a2b13b,0680ee7fc52797e69eb7f8242e03c64a1f41a402,持卡人消费,硕果园（工大商店）,-9.0,131.44,4554,正常
2016/05/18 15:55:11,a56a99a9b63be03002a3f871a0c58394b8a2b13b,0680ee7fc52797e69eb7f8242e03c64a1f41a402,持卡人消费,硕果园（工大商店）,-3.0,128.44,4555,正常
2016/05/19 08:10:59,a56a99a9b63be03002a3f871a0c58394b8a2b13b,0680ee7fc52797e69eb7f8242e03c64a1f41a402,持卡人消费,学士楼商务网关,-2.3,126.14,4556,正常
2016/05/19 11:42:02,a56a99a9b63be03002a3f871a0c58394b8a2b13b,0680ee7fc52797e69eb7f8242e03c64a1f41a402,持卡人消费,学士楼商务网关,-4.6,121.54,4557,正常
2016/05/19 17:23:45,a56a99a9b63be03002a3f871a0c58394b8a2b13b,0680ee7fc52797e69eb7f8242e03c64a1f41a402,持卡人消费,学士楼商务网关,-7.6,113.94,4558,正常
2016/05/20 11:37:56,a56a99a9b63be03002a3f871a0c58394b8a2b13b,0680ee7fc52797e69eb7f8242e03c64a1f41a402,持卡人消费,学士楼商务网关,-4.6,109.34,4559,正常
2016/05/20 17:24:15,a56a99a9b63be03002a3f871a0c58394b8a2b13b,0680ee7fc52797e69eb7f8242e03c64a1f41a402,持卡人消费,学士楼商务网关,-4.6,104.74,4560,正常
2016/05/20 19:50:20,a56a99a9b63be03002a3f871a0c58394b8a2b13b,0680ee7fc52797e69eb7f8242e03c64a1f41a402,持卡人消费,一校区水控新,-0.96,103.78,4562,正常
2016/05/20 19:51:26,a56a99a9b63be03002a3f871a0c58394b8a2b13b,0680ee7fc52797e69eb7f8242e03c64a1f41a402,持卡人消费,一校区水控新,-0.18,103.60,4564,正常
2016/05/20 19:53:41,a56a99a9b63be03002a3f871a0c58394b8a2b13b,0680ee7fc52797e69eb7f8242e03c64a1f41a402,持卡人消费,一校区水控新,-0.4,103.20,4566,正常
2016/05/20 19:54:01,a56a99a9b63be03002a3f871a0c58394b8a2b13b,0680ee7fc52797e69eb7f8242e03c64a1f41a402,持卡人消费,一校区水控新,-0.02,103.18,4568,正常
2016/05/20 20:04:46,a56a99a9b63be03002a3f871a0c58394b8a2b13b,0680ee7fc52797e69eb7f8242e03c64a1f41a402,持卡人消费,一校区水控新,-0.8,102.38,4570,正常
2016/05/21 11:24:12,a56a99a9b63be03002a3f871a0c58394b8a2b13b,0680ee7fc52797e69eb7f8242e03c64a1f41a402,持卡人消费,学士楼商务网关,-7.1,95.28,4571,正常
2016/05/21 17:33:02,a56a99a9b63be03002a3f871a0c58394b8a2b13b,0680ee7fc52797e69eb7f8242e03c64a1f41a402,持卡人消费,学士楼商务网关,-4.1,91.18,4572,正常
2016/05/21 17:34:08,a56a99a9b63be03002a3f871a0c58394b8a2b13b,0680ee7fc52797e69eb7f8242e03c64a1f41a402,持卡人消费,学士楼商务网关,-1.5,89.68,4573,正常
2016/05/21 17:58:28,a56a99a9b63be03002a3f871a0c58394b8a2b13b,0680ee7fc52797e69eb7f8242e03c64a1f41a402,持卡人消费,超市商务子系统,-1.7,87.98,4574,正常
2016/05/22 11:22:09,a56a99a9b63be03002a3f871a0c58394b8a2b13b,0680ee7fc52797e69eb7f8242e03c64a1f41a402,持卡人消费,学士楼商务网关,-4.1,83.88,4575,正常
2016/05/22 17:37:30,a56a99a9b63be03002a3f871a0c58394b8a2b13b,0680ee7fc52797e69eb7f8242e03c64a1f41a402,持卡人消费,学士楼商务网关,-1.6,82.28,4576,正常
2016/05/22 17:39:15,a56a99a9b63be03002a3f871a0c58394b8a2b13b,0680ee7fc52797e69eb7f8242e03c64a1f41a402,持卡人消费,学士楼商务网关,-4.3,77.98,4577,正常
2016/05/23 11:12:27,a56a99a9b63be03002a3f871a0c58394b8a2b13b,0680ee7fc52797e69eb7f8242e03c64a1f41a402,持卡人消费,学士楼商务网关,-3.6,74.38,4578,正常
2016/05/23 11:13:53,a56a99a9b63be03002a3f871a0c58394b8a2b13b,0680ee7fc52797e69eb7f8242e03c64a1f41a402,持卡人消费,学士楼商务网关,-1.5,72.88,4579,正常
2016/05/23 17:04:31,a56a99a9b63be03002a3f871a0c58394b8a2b13b,0680ee7fc52797e69eb7f8242e03c64a1f41a402,持卡人消费,学士楼商务网关,-4.6,68.28,4580,正常
2016/05/24 09:56:26,a56a99a9b63be03002a3f871a0c58394b8a2b13b,0680ee7fc52797e69eb7f8242e03c64a1f41a402,持卡人消费,身份前置机,-0.39,67.89,4581,正常
2016/05/24 11:26:52,a56a99a9b63be03002a3f871a0c58394b8a2b13b,0680ee7fc52797e69eb7f8242e03c64a1f41a402,持卡人消费,学士楼商务网关,-4.6,63.29,4582,正常
2016/05/24 11:28:14,a56a99a9b63be03002a3f871a0c58394b8a2b13b,0680ee7fc52797e69eb7f8242e03c64a1f41a402,持卡人消费,学士楼商务网关,-1.0,62.29,4583,正常
2016/05/24 17:21:06,a56a99a9b63be03002a3f871a0c58394b8a2b13b,0680ee7fc52797e69eb7f8242e03c64a1f41a402,持卡人消费,学士楼商务网关,-4.6,57.69,4584,正常
2016/05/24 17:22:33,a56a99a9b63be03002a3f871a0c58394b8a2b13b,0680ee7fc52797e69eb7f8242e03c64a1f41a402,持卡人消费,学士楼商务网关,-1.5,56.19,4585,正常
2016/05/24 18:57:17,a56a99a9b63be03002a3f871a0c58394b8a2b13b,0680ee7fc52797e69eb7f8242e03c64a1f41a402,持卡人消费,游泳馆,-6.0,50.19,4586,正常
2016/05/25 11:24:13,a56a99a9b63be03002a3f871a0c58394b8a2b13b,0680ee7fc52797e69eb7f8242e03c64a1f41a402,持卡人消费,学士楼商务网关,-4.6,45.59,4587,正常
2016/05/25 11:25:39,a56a99a9b63be03002a3f871a0c58394b8a2b13b,0680ee7fc52797e69eb7f8242e03c64a1f41a402,持卡人消费,学士楼商务网关,-1.0,44.59,4588,正常
2016/05/25 18:01:43,a56a99a9b63be03002a3f871a0c58394b8a2b13b,0680ee7fc52797e69eb7f8242e03c64a1f41a402,持卡人消费,学士楼商务网关,-7.0,37.59,4589,正常
2016/05/25 18:12:23,a56a99a9b63be03002a3f871a0c58394b8a2b13b,0680ee7fc52797e69eb7f8242e03c64a1f41a402,持卡人消费,学士楼商务网关,-0.5,37.09,4590,正常
2016/05/26 11:32:59,a56a99a9b63be03002a3f871a0c58394b8a2b13b,0680ee7fc52797e69eb7f8242e03c64a1f41a402,持卡人消费,学士楼商务网关,-4.6,32.49,4591,正常
2016/05/26 17:26:00,a56a99a9b63be03002a3f871a0c58394b8a2b13b,0680ee7fc52797e69eb7f8242e03c64a1f41a402,持卡人消费,学士楼商务网关,-4.6,27.89,4592,正常
2016/05/26 20:05:40,a56a99a9b63be03002a3f871a0c58394b8a2b13b,0680ee7fc52797e69eb7f8242e03c64a1f41a402,持卡人消费,超市商务子系统,-9.8,18.09,4593,正常
2016/05/27 11:24:53,a56a99a9b63be03002a3f871a0c58394b8a2b13b,0680ee7fc52797e69eb7f8242e03c64a1f41a402,持卡人消费,学士楼商务网关,-4.6,13.49,4594,正常
2016/05/27 17:25:43,a56a99a9b63be03002a3f871a0c58394b8a2b13b,0680ee7fc52797e69eb7f8242e03c64a1f41a402,持卡人消费,学士楼商务网关,-7.0,6.49,4595,正常
2016/05/28 11:13:54,a56a99a9b63be03002a3f871a0c58394b8a2b13b,0680ee7fc52797e69eb7f8242e03c64a1f41a402,存款,学苑楼综合业务2,200.0,206.49,4596,正常
2016/05/28 11:17:39,a56a99a9b63be03002a3f871a0c58394b8a2b13b,0680ee7fc52797e69eb7f8242e03c64a1f41a402,持卡人消费,学士楼商务网关,-4.6,201.89,4597,正常
2016/05/29 11:42:22,a56a99a9b63be03002a3f871a0c58394b8a2b13b,0680ee7fc52797e69eb7f8242e03c64a1f41a402,持卡人消费,学士楼商务网关,-3.1,198.79,4598,正常
2016/05/29 11:44:08,a56a99a9b63be03002a3f871a0c58394b8a2b13b,0680ee7fc52797e69eb7f8242e03c64a1f41a402,持卡人消费,学士楼商务网关,-2.0,196.79,4599,正常
2016/05/29 17:34:11,a56a99a9b63be03002a3f871a0c58394b8a2b13b,0680ee7fc52797e69eb7f8242e03c64a1f41a402,持卡人消费,学士楼商务网关,-4.6,192.19,4600,正常
2016/05/29 17:35:22,a56a99a9b63be03002a3f871a0c58394b8a2b13b,0680ee7fc52797e69eb7f8242e03c64a1f41a402,持卡人消费,学士楼商务网关,-1.5,190.69,4601,正常
2016/05/29 17:55:55,a56a99a9b63be03002a3f871a0c58394b8a2b13b,0680ee7fc52797e69eb7f8242e03c64a1f41a402,持卡人消费,超市商务子系统,-12.5,178.19,4602,正常
2016/05/30 11:22:24,a56a99a9b63be03002a3f871a0c58394b8a2b13b,0680ee7fc52797e69eb7f8242e03c64a1f41a402,持卡人消费,学士楼商务网关,-4.6,173.59,4603,正常
2016/05/30 11:23:33,a56a99a9b63be03002a3f871a0c58394b8a2b13b,0680ee7fc52797e69eb7f8242e03c64a1f41a402,持卡人消费,学士楼商务网关,-1.0,172.59,4604,正常
2016/05/30 17:33:01,a56a99a9b63be03002a3f871a0c58394b8a2b13b,0680ee7fc52797e69eb7f8242e03c64a1f41a402,持卡人消费,学士楼商务网关,-4.1,168.49,4605,正常
2016/05/30 17:34:50,a56a99a9b63be03002a3f871a0c58394b8a2b13b,0680ee7fc52797e69eb7f8242e03c64a1f41a402,持卡人消费,学士楼商务网关,-1.5,166.99,4606,正常
2016/05/30 18:53:35,a56a99a9b63be03002a3f871a0c58394b8a2b13b,0680ee7fc52797e69eb7f8242e03c64a1f41a402,持卡人消费,游泳馆,-6.0,160.99,4607,正常
2016/05/31 11:30:28,a56a99a9b63be03002a3f871a0c58394b8a2b13b,0680ee7fc52797e69eb7f8242e03c64a1f41a402,持卡人消费,学士楼商务网关,-4.6,156.39,4608,正常
2016/05/31 11:31:42,a56a99a9b63be03002a3f871a0c58394b8a2b13b,0680ee7fc52797e69eb7f8242e03c64a1f41a402,持卡人消费,学士楼商务网关,-1.5,154.89,4609,正常
2016/05/31 11:58:13,a56a99a9b63be03002a3f871a0c58394b8a2b13b,0680ee7fc52797e69eb7f8242e03c64a1f41a402,持卡人消费,超市商务子系统,-1.0,153.89,4610,正常
2016/05/31 17:08:47,a56a99a9b63be03002a3f871a0c58394b8a2b13b,0680ee7fc52797e69eb7f8242e03c64a1f41a402,持卡人消费,学士楼商务网关,-3.6,150.29,4611,正常
