交易发生时间,学号,姓名,交易类型,子系统名称,交易额,现有余额,次数,状态
2016/05/01 15:48:39,caafd473c9a41fed8ec760a6cf180c1ccf260f28,06adf90fd0cb169e57f7d1d6af862245ce85d59e,持卡人消费,超市商务子系统,-0.7,2.39,3218,正常
2016/05/17 19:50:30,caafd473c9a41fed8ec760a6cf180c1ccf260f28,06adf90fd0cb169e57f7d1d6af862245ce85d59e,持卡人消费,15公寓浴池,-1.63,0.76,3220,正常
2016/05/17 21:07:32,caafd473c9a41fed8ec760a6cf180c1ccf260f28,06adf90fd0cb169e57f7d1d6af862245ce85d59e,持卡人消费,超市商务子系统,-0.3,0.46,3221,正常
2016/05/22 12:41:18,caafd473c9a41fed8ec760a6cf180c1ccf260f28,06adf90fd0cb169e57f7d1d6af862245ce85d59e,存款,现金充值机,100.0,100.46,3222,正常
2016/05/22 17:09:22,caafd473c9a41fed8ec760a6cf180c1ccf260f28,06adf90fd0cb169e57f7d1d6af862245ce85d59e,持卡人消费,硕果园（工大商店）,-10.0,90.46,3223,正常
2016/05/23 13:02:13,caafd473c9a41fed8ec760a6cf180c1ccf260f28,06adf90fd0cb169e57f7d1d6af862245ce85d59e,持卡人消费,硕果园（工大商店）,-10.0,80.46,3224,正常
2016/05/23 16:59:38,caafd473c9a41fed8ec760a6cf180c1ccf260f28,06adf90fd0cb169e57f7d1d6af862245ce85d59e,持卡人消费,硕果园（工大商店）,-10.0,70.46,3225,正常
2016/05/24 11:42:15,caafd473c9a41fed8ec760a6cf180c1ccf260f28,06adf90fd0cb169e57f7d1d6af862245ce85d59e,持卡人消费,硕果园（工大商店）,-14.0,56.46,3226,正常
2016/05/25 12:49:52,caafd473c9a41fed8ec760a6cf180c1ccf260f28,06adf90fd0cb169e57f7d1d6af862245ce85d59e,持卡人消费,一校区水控新,-0.54,55.92,3228,正常
2016/05/25 12:54:45,caafd473c9a41fed8ec760a6cf180c1ccf260f28,06adf90fd0cb169e57f7d1d6af862245ce85d59e,持卡人消费,一校区水控新,-0.64,55.28,3230,正常
2016/05/25 12:58:53,caafd473c9a41fed8ec760a6cf180c1ccf260f28,06adf90fd0cb169e57f7d1d6af862245ce85d59e,持卡人消费,一校区水控新,-0.45,54.83,3232,正常
2016/05/25 12:59:16,caafd473c9a41fed8ec760a6cf180c1ccf260f28,06adf90fd0cb169e57f7d1d6af862245ce85d59e,持卡人消费,一校区水控新,-0.03,54.80,3234,正常
2016/05/25 19:00:28,caafd473c9a41fed8ec760a6cf180c1ccf260f28,06adf90fd0cb169e57f7d1d6af862245ce85d59e,持卡人消费,硕果园（工大商店）,-24.0,30.80,3235,正常
2016/05/26 11:54:54,caafd473c9a41fed8ec760a6cf180c1ccf260f28,06adf90fd0cb169e57f7d1d6af862245ce85d59e,持卡人消费,硕果园（工大商店）,-12.0,18.80,3236,正常
2016/05/26 20:35:39,caafd473c9a41fed8ec760a6cf180c1ccf260f28,06adf90fd0cb169e57f7d1d6af862245ce85d59e,持卡人消费,硕果园（工大商店）,-8.0,10.80,3237,正常
2016/05/26 20:55:08,caafd473c9a41fed8ec760a6cf180c1ccf260f28,06adf90fd0cb169e57f7d1d6af862245ce85d59e,持卡人消费,超市商务子系统,-0.9,9.90,3238,正常
2016/05/27 18:04:53,caafd473c9a41fed8ec760a6cf180c1ccf260f28,06adf90fd0cb169e57f7d1d6af862245ce85d59e,存款,现金充值机,100.0,109.90,3239,正常
2016/05/27 18:30:44,caafd473c9a41fed8ec760a6cf180c1ccf260f28,06adf90fd0cb169e57f7d1d6af862245ce85d59e,持卡人消费,超市商务子系统,-7.5,102.40,3240,正常
2016/05/28 17:32:08,caafd473c9a41fed8ec760a6cf180c1ccf260f28,06adf90fd0cb169e57f7d1d6af862245ce85d59e,持卡人消费,硕果园（工大商店）,-9.0,93.40,3241,正常
2016/05/28 17:34:10,caafd473c9a41fed8ec760a6cf180c1ccf260f28,06adf90fd0cb169e57f7d1d6af862245ce85d59e,持卡人消费,硕果园（工大商店）,-4.0,89.40,3242,正常
2016/05/29 19:38:10,caafd473c9a41fed8ec760a6cf180c1ccf260f28,06adf90fd0cb169e57f7d1d6af862245ce85d59e,持卡人消费,一校区水控新,-1.85,87.55,3243,正常
2016/05/29 19:43:14,caafd473c9a41fed8ec760a6cf180c1ccf260f28,06adf90fd0cb169e57f7d1d6af862245ce85d59e,持卡人消费,一校区水控新,-0.51,87.04,3244,正常
