交易发生时间,学号,姓名,交易类型,子系统名称,交易额,现有余额,次数,状态
2016/05/04 08:17:56,a3e08317b9c96fe960776023c2741f34b5c9eeb1,06c6df3d442226426f51c3c285bbd0c162b8ab50,存款,学苑楼综合业务3,100.0,104.24,1022,正常
2016/05/04 08:18:56,a3e08317b9c96fe960776023c2741f34b5c9eeb1,06c6df3d442226426f51c3c285bbd0c162b8ab50,持卡人消费,学苑楼商务网关,-6.0,98.24,1023,正常
2016/05/04 12:53:52,a3e08317b9c96fe960776023c2741f34b5c9eeb1,06c6df3d442226426f51c3c285bbd0c162b8ab50,持卡人消费,超市商务子系统,-6.0,92.24,1024,正常
2016/05/04 13:00:37,a3e08317b9c96fe960776023c2741f34b5c9eeb1,06c6df3d442226426f51c3c285bbd0c162b8ab50,持卡人消费,硕果园（工大商店）,-10.0,82.24,1025,正常
2016/05/04 18:09:07,a3e08317b9c96fe960776023c2741f34b5c9eeb1,06c6df3d442226426f51c3c285bbd0c162b8ab50,持卡人消费,学苑楼商务网关,-8.8,73.44,1026,正常
2016/05/05 14:43:41,a3e08317b9c96fe960776023c2741f34b5c9eeb1,06c6df3d442226426f51c3c285bbd0c162b8ab50,持卡人消费,超市商务子系统,-4.3,69.14,1027,正常
2016/05/05 21:10:00,a3e08317b9c96fe960776023c2741f34b5c9eeb1,06c6df3d442226426f51c3c285bbd0c162b8ab50,持卡人消费,硕果园（工大商店）,-8.0,61.14,1028,正常
2016/05/05 21:16:11,a3e08317b9c96fe960776023c2741f34b5c9eeb1,06c6df3d442226426f51c3c285bbd0c162b8ab50,持卡人消费,超市商务子系统,-14.7,46.44,1029,正常
2016/05/06 11:08:33,a3e08317b9c96fe960776023c2741f34b5c9eeb1,06c6df3d442226426f51c3c285bbd0c162b8ab50,持卡人消费,学苑楼商务网关,-20.0,26.44,1030,正常
2016/05/06 11:35:52,a3e08317b9c96fe960776023c2741f34b5c9eeb1,06c6df3d442226426f51c3c285bbd0c162b8ab50,持卡人消费,超市商务子系统,-3.8,22.64,1031,正常
2016/05/06 19:45:12,a3e08317b9c96fe960776023c2741f34b5c9eeb1,06c6df3d442226426f51c3c285bbd0c162b8ab50,持卡人消费,硕果园（工大商店）,-12.0,10.64,1032,正常
2016/05/07 10:12:04,a3e08317b9c96fe960776023c2741f34b5c9eeb1,06c6df3d442226426f51c3c285bbd0c162b8ab50,持卡人消费,硕果园（工大商店）,-8.0,2.64,1033,正常
2016/05/07 10:14:22,a3e08317b9c96fe960776023c2741f34b5c9eeb1,06c6df3d442226426f51c3c285bbd0c162b8ab50,持卡人消费,硕果园（工大商店）,-1.0,1.64,1034,正常
2016/05/09 17:39:46,a3e08317b9c96fe960776023c2741f34b5c9eeb1,06c6df3d442226426f51c3c285bbd0c162b8ab50,存款,学苑楼综合业务3,100.0,101.64,1035,正常
2016/05/09 17:41:02,a3e08317b9c96fe960776023c2741f34b5c9eeb1,06c6df3d442226426f51c3c285bbd0c162b8ab50,持卡人消费,学苑楼商务网关,-5.0,96.64,1036,正常
2016/05/09 17:41:13,a3e08317b9c96fe960776023c2741f34b5c9eeb1,06c6df3d442226426f51c3c285bbd0c162b8ab50,持卡人消费,学苑楼商务网关,-1.0,95.64,1037,正常
2016/05/09 17:55:44,a3e08317b9c96fe960776023c2741f34b5c9eeb1,06c6df3d442226426f51c3c285bbd0c162b8ab50,持卡人消费,超市商务子系统,-1.8,93.84,1038,正常
2016/05/10 12:28:40,a3e08317b9c96fe960776023c2741f34b5c9eeb1,06c6df3d442226426f51c3c285bbd0c162b8ab50,持卡人消费,学苑楼商务网关,-9.0,84.84,1039,正常
2016/05/10 12:43:50,a3e08317b9c96fe960776023c2741f34b5c9eeb1,06c6df3d442226426f51c3c285bbd0c162b8ab50,持卡人消费,超市商务子系统,-4.4,80.44,1040,正常
2016/05/10 17:28:22,a3e08317b9c96fe960776023c2741f34b5c9eeb1,06c6df3d442226426f51c3c285bbd0c162b8ab50,持卡人消费,学苑楼商务网关,-6.0,74.44,1041,正常
2016/05/10 17:46:52,a3e08317b9c96fe960776023c2741f34b5c9eeb1,06c6df3d442226426f51c3c285bbd0c162b8ab50,持卡人消费,超市商务子系统,-13.2,61.24,1042,正常
2016/05/10 21:07:57,a3e08317b9c96fe960776023c2741f34b5c9eeb1,06c6df3d442226426f51c3c285bbd0c162b8ab50,持卡人消费,超市商务子系统,-18.0,43.24,1043,正常
2016/05/11 09:17:08,a3e08317b9c96fe960776023c2741f34b5c9eeb1,06c6df3d442226426f51c3c285bbd0c162b8ab50,持卡人消费,硕果园（工大商店）,-12.0,31.24,1044,正常
2016/05/11 13:23:30,a3e08317b9c96fe960776023c2741f34b5c9eeb1,06c6df3d442226426f51c3c285bbd0c162b8ab50,持卡人消费,超市商务子系统,-11.1,20.14,1045,正常
2016/05/11 18:05:39,a3e08317b9c96fe960776023c2741f34b5c9eeb1,06c6df3d442226426f51c3c285bbd0c162b8ab50,持卡人消费,学士楼商务网关,-10.5,9.64,1046,正常
2016/05/12 12:06:57,a3e08317b9c96fe960776023c2741f34b5c9eeb1,06c6df3d442226426f51c3c285bbd0c162b8ab50,持卡人消费,学苑楼商务网关,-8.0,1.64,1047,正常
2016/05/16 11:11:31,a3e08317b9c96fe960776023c2741f34b5c9eeb1,06c6df3d442226426f51c3c285bbd0c162b8ab50,存款,学苑楼综合业务3,100.0,101.64,1048,正常
2016/05/16 11:13:06,a3e08317b9c96fe960776023c2741f34b5c9eeb1,06c6df3d442226426f51c3c285bbd0c162b8ab50,持卡人消费,学苑楼商务网关,-6.0,95.64,1049,正常
2016/05/16 17:39:55,a3e08317b9c96fe960776023c2741f34b5c9eeb1,06c6df3d442226426f51c3c285bbd0c162b8ab50,持卡人消费,学士楼商务网关,-11.5,84.14,1050,正常
2016/05/16 17:58:56,a3e08317b9c96fe960776023c2741f34b5c9eeb1,06c6df3d442226426f51c3c285bbd0c162b8ab50,持卡人消费,超市商务子系统,-13.8,70.34,1051,正常
2016/05/17 10:41:12,a3e08317b9c96fe960776023c2741f34b5c9eeb1,06c6df3d442226426f51c3c285bbd0c162b8ab50,持卡人消费,学苑楼商务网关,-6.0,64.34,1052,正常
2016/05/17 10:42:09,a3e08317b9c96fe960776023c2741f34b5c9eeb1,06c6df3d442226426f51c3c285bbd0c162b8ab50,持卡人消费,学苑楼商务网关,-6.0,58.34,1053,正常
2016/05/17 19:46:50,a3e08317b9c96fe960776023c2741f34b5c9eeb1,06c6df3d442226426f51c3c285bbd0c162b8ab50,持卡人消费,超市商务子系统,-7.9,50.44,1054,正常
2016/05/18 10:47:10,a3e08317b9c96fe960776023c2741f34b5c9eeb1,06c6df3d442226426f51c3c285bbd0c162b8ab50,持卡人消费,学士楼商务网关,-6.4,44.04,1055,正常
2016/05/18 11:03:45,a3e08317b9c96fe960776023c2741f34b5c9eeb1,06c6df3d442226426f51c3c285bbd0c162b8ab50,持卡人消费,超市商务子系统,-8.0,36.04,1056,正常
2016/05/18 17:50:05,a3e08317b9c96fe960776023c2741f34b5c9eeb1,06c6df3d442226426f51c3c285bbd0c162b8ab50,持卡人消费,学苑楼商务网关,-7.0,29.04,1057,正常
2016/05/19 10:30:35,a3e08317b9c96fe960776023c2741f34b5c9eeb1,06c6df3d442226426f51c3c285bbd0c162b8ab50,持卡人消费,超市商务子系统,-2.5,26.54,1058,正常
2016/05/19 10:43:26,a3e08317b9c96fe960776023c2741f34b5c9eeb1,06c6df3d442226426f51c3c285bbd0c162b8ab50,持卡人消费,学苑楼商务网关,-9.0,17.54,1059,正常
2016/05/19 17:55:03,a3e08317b9c96fe960776023c2741f34b5c9eeb1,06c6df3d442226426f51c3c285bbd0c162b8ab50,持卡人消费,学苑楼商务网关,-8.0,9.54,1060,正常
2016/05/19 18:32:43,a3e08317b9c96fe960776023c2741f34b5c9eeb1,06c6df3d442226426f51c3c285bbd0c162b8ab50,持卡人消费,超市商务子系统,-4.0,5.54,1061,正常
2016/05/20 11:42:08,a3e08317b9c96fe960776023c2741f34b5c9eeb1,06c6df3d442226426f51c3c285bbd0c162b8ab50,持卡人消费,超市商务子系统,-4.3,1.24,1062,正常
2016/05/20 17:39:31,a3e08317b9c96fe960776023c2741f34b5c9eeb1,06c6df3d442226426f51c3c285bbd0c162b8ab50,持卡人消费,学士楼商务网关,-0.6,0.64,1063,正常
