交易发生时间,学号,姓名,交易类型,子系统名称,交易额,现有余额,次数,状态
2016/05/01 09:03:46,aad7cc7b943310afbb43742c9969b42488870d06,06f834dcae88a5ef73d24d228b37e631fb761a9a,持卡人消费,网络中心,-30.0,12.52,4070,正常
2016/05/01 10:48:20,aad7cc7b943310afbb43742c9969b42488870d06,06f834dcae88a5ef73d24d228b37e631fb761a9a,存款,现金充值机,200.0,212.52,4071,正常
2016/05/01 10:49:58,aad7cc7b943310afbb43742c9969b42488870d06,06f834dcae88a5ef73d24d228b37e631fb761a9a,持卡人消费,五食堂商务网关,-6.0,206.52,4072,正常
2016/05/01 13:18:25,aad7cc7b943310afbb43742c9969b42488870d06,06f834dcae88a5ef73d24d228b37e631fb761a9a,持卡人消费,学子便利店B07,-2.6,203.92,4073,正常
2016/05/01 21:46:27,aad7cc7b943310afbb43742c9969b42488870d06,06f834dcae88a5ef73d24d228b37e631fb761a9a,持卡人消费,网络中心,-30.0,173.92,4074,正常
2016/05/02 20:49:13,aad7cc7b943310afbb43742c9969b42488870d06,06f834dcae88a5ef73d24d228b37e631fb761a9a,持卡人消费,学子便利店B07,-5.5,168.42,4075,正常
2016/05/03 21:02:46,aad7cc7b943310afbb43742c9969b42488870d06,06f834dcae88a5ef73d24d228b37e631fb761a9a,持卡人消费,学子便利店B07,-2.6,165.82,4076,正常
2016/05/04 08:32:06,aad7cc7b943310afbb43742c9969b42488870d06,06f834dcae88a5ef73d24d228b37e631fb761a9a,持卡人消费,学子便利店B07,-6.7,159.12,4077,正常
2016/05/04 19:14:08,aad7cc7b943310afbb43742c9969b42488870d06,06f834dcae88a5ef73d24d228b37e631fb761a9a,持卡人消费,学子便利店B07,-3.5,155.62,4078,正常
2016/05/05 10:51:17,aad7cc7b943310afbb43742c9969b42488870d06,06f834dcae88a5ef73d24d228b37e631fb761a9a,持卡人消费,九食堂商务网关,-12.0,143.62,4079,正常
2016/05/05 13:55:03,aad7cc7b943310afbb43742c9969b42488870d06,06f834dcae88a5ef73d24d228b37e631fb761a9a,持卡人消费,学子便利店B07,-12.7,130.92,4080,正常
2016/05/05 17:46:12,aad7cc7b943310afbb43742c9969b42488870d06,06f834dcae88a5ef73d24d228b37e631fb761a9a,持卡人消费,学子便利店B07,-5.0,125.92,4081,正常
2016/05/06 11:06:25,aad7cc7b943310afbb43742c9969b42488870d06,06f834dcae88a5ef73d24d228b37e631fb761a9a,持卡人消费,九食堂商务网关,-10.0,115.92,4082,正常
2016/05/06 20:45:40,aad7cc7b943310afbb43742c9969b42488870d06,06f834dcae88a5ef73d24d228b37e631fb761a9a,持卡人消费,学子便利店B07,-5.5,110.42,4083,正常
2016/05/07 21:35:02,aad7cc7b943310afbb43742c9969b42488870d06,06f834dcae88a5ef73d24d228b37e631fb761a9a,持卡人消费,学子便利店B07,-5.5,104.92,4084,正常
2016/05/08 11:11:44,aad7cc7b943310afbb43742c9969b42488870d06,06f834dcae88a5ef73d24d228b37e631fb761a9a,持卡人消费,九食堂商务网关,-14.0,90.92,4085,正常
2016/05/08 20:32:40,aad7cc7b943310afbb43742c9969b42488870d06,06f834dcae88a5ef73d24d228b37e631fb761a9a,持卡人消费,学子便利店B07,-4.0,86.92,4086,正常
2016/05/08 21:49:57,aad7cc7b943310afbb43742c9969b42488870d06,06f834dcae88a5ef73d24d228b37e631fb761a9a,持卡人消费,学子便利店B07,-8.5,78.42,4087,正常
2016/05/09 10:59:46,aad7cc7b943310afbb43742c9969b42488870d06,06f834dcae88a5ef73d24d228b37e631fb761a9a,持卡人消费,九食堂商务网关,-8.0,70.42,4088,正常
2016/05/09 16:49:08,aad7cc7b943310afbb43742c9969b42488870d06,06f834dcae88a5ef73d24d228b37e631fb761a9a,持卡人消费,二区水控,-0.82,69.60,4090,正常
2016/05/09 16:53:30,aad7cc7b943310afbb43742c9969b42488870d06,06f834dcae88a5ef73d24d228b37e631fb761a9a,持卡人消费,二区水控,-0.4,69.20,4092,正常
2016/05/10 11:07:50,aad7cc7b943310afbb43742c9969b42488870d06,06f834dcae88a5ef73d24d228b37e631fb761a9a,持卡人消费,九食堂商务网关,-13.0,56.20,4093,正常
2016/05/10 13:58:15,aad7cc7b943310afbb43742c9969b42488870d06,06f834dcae88a5ef73d24d228b37e631fb761a9a,持卡人消费,学子便利店B07,-4.6,51.60,4094,正常
2016/05/11 11:11:45,aad7cc7b943310afbb43742c9969b42488870d06,06f834dcae88a5ef73d24d228b37e631fb761a9a,持卡人消费,九食堂商务网关,-11.0,40.60,4095,正常
2016/05/11 20:55:49,aad7cc7b943310afbb43742c9969b42488870d06,06f834dcae88a5ef73d24d228b37e631fb761a9a,持卡人消费,学子便利店B07,-2.0,38.60,4096,正常
2016/05/12 10:52:02,aad7cc7b943310afbb43742c9969b42488870d06,06f834dcae88a5ef73d24d228b37e631fb761a9a,持卡人消费,九食堂商务网关,-14.0,24.60,4097,正常
2016/05/12 11:15:37,aad7cc7b943310afbb43742c9969b42488870d06,06f834dcae88a5ef73d24d228b37e631fb761a9a,持卡人消费,学子便利店B07,-3.2,21.40,4098,正常
2016/05/12 21:58:29,aad7cc7b943310afbb43742c9969b42488870d06,06f834dcae88a5ef73d24d228b37e631fb761a9a,持卡人消费,学子便利店B07,-7.5,13.90,4099,正常
2016/05/13 10:29:31,aad7cc7b943310afbb43742c9969b42488870d06,06f834dcae88a5ef73d24d228b37e631fb761a9a,存款,现金充值机,200.0,213.90,4100,正常
2016/05/13 11:02:25,aad7cc7b943310afbb43742c9969b42488870d06,06f834dcae88a5ef73d24d228b37e631fb761a9a,持卡人消费,九食堂商务网关,-9.0,204.90,4101,正常
2016/05/13 18:45:33,aad7cc7b943310afbb43742c9969b42488870d06,06f834dcae88a5ef73d24d228b37e631fb761a9a,持卡人消费,学子便利店B07,-2.0,202.90,4102,正常
2016/05/13 21:10:40,aad7cc7b943310afbb43742c9969b42488870d06,06f834dcae88a5ef73d24d228b37e631fb761a9a,持卡人消费,学子便利店B07,-4.2,198.70,4103,正常
2016/05/15 11:01:14,aad7cc7b943310afbb43742c9969b42488870d06,06f834dcae88a5ef73d24d228b37e631fb761a9a,持卡人消费,九食堂商务网关,-12.0,186.70,4104,正常
2016/05/15 19:16:51,aad7cc7b943310afbb43742c9969b42488870d06,06f834dcae88a5ef73d24d228b37e631fb761a9a,持卡人消费,学子便利店B07,-7.5,179.20,4105,正常
2016/05/16 10:50:57,aad7cc7b943310afbb43742c9969b42488870d06,06f834dcae88a5ef73d24d228b37e631fb761a9a,持卡人消费,九食堂商务网关,-10.0,169.20,4106,正常
2016/05/16 11:04:11,aad7cc7b943310afbb43742c9969b42488870d06,06f834dcae88a5ef73d24d228b37e631fb761a9a,持卡人消费,九食堂商务网关,-2.7,166.50,4107,正常
2016/05/16 18:35:54,aad7cc7b943310afbb43742c9969b42488870d06,06f834dcae88a5ef73d24d228b37e631fb761a9a,持卡人消费,学子便利店B07,-2.0,164.50,4108,正常
2016/05/16 21:13:00,aad7cc7b943310afbb43742c9969b42488870d06,06f834dcae88a5ef73d24d228b37e631fb761a9a,持卡人消费,学子便利店B07,-6.9,157.60,4109,正常
2016/05/17 11:14:30,aad7cc7b943310afbb43742c9969b42488870d06,06f834dcae88a5ef73d24d228b37e631fb761a9a,持卡人消费,九食堂商务网关,-12.0,145.60,4110,正常
2016/05/17 11:31:22,aad7cc7b943310afbb43742c9969b42488870d06,06f834dcae88a5ef73d24d228b37e631fb761a9a,持卡人消费,学子便利店B07,-3.9,141.70,4111,正常
2016/05/17 15:46:45,aad7cc7b943310afbb43742c9969b42488870d06,06f834dcae88a5ef73d24d228b37e631fb761a9a,持卡人消费,二区水控,-1.22,140.48,4113,正常
2016/05/17 15:50:38,aad7cc7b943310afbb43742c9969b42488870d06,06f834dcae88a5ef73d24d228b37e631fb761a9a,持卡人消费,二区水控,-0.35,140.13,4115,正常
2016/05/17 15:57:14,aad7cc7b943310afbb43742c9969b42488870d06,06f834dcae88a5ef73d24d228b37e631fb761a9a,持卡人消费,B7,-6.0,134.13,4116,正常
2016/05/17 16:40:38,aad7cc7b943310afbb43742c9969b42488870d06,06f834dcae88a5ef73d24d228b37e631fb761a9a,持卡人消费,九食堂商务网关,-6.0,128.13,4117,正常
2016/05/17 16:43:02,aad7cc7b943310afbb43742c9969b42488870d06,06f834dcae88a5ef73d24d228b37e631fb761a9a,持卡人消费,九食堂商务网关,-0.6,127.53,4118,正常
2016/05/18 11:06:18,aad7cc7b943310afbb43742c9969b42488870d06,06f834dcae88a5ef73d24d228b37e631fb761a9a,持卡人消费,九食堂商务网关,-12.0,115.53,4119,正常
2016/05/19 10:57:42,aad7cc7b943310afbb43742c9969b42488870d06,06f834dcae88a5ef73d24d228b37e631fb761a9a,持卡人消费,九食堂商务网关,-11.0,104.53,4120,正常
2016/05/19 12:54:50,aad7cc7b943310afbb43742c9969b42488870d06,06f834dcae88a5ef73d24d228b37e631fb761a9a,持卡人消费,学子便利店B07,-3.0,101.53,4121,正常
2016/05/19 19:21:46,aad7cc7b943310afbb43742c9969b42488870d06,06f834dcae88a5ef73d24d228b37e631fb761a9a,持卡人消费,学子便利店B07,-2.0,99.53,4122,正常
2016/05/20 11:17:16,aad7cc7b943310afbb43742c9969b42488870d06,06f834dcae88a5ef73d24d228b37e631fb761a9a,持卡人消费,九食堂商务网关,-9.0,90.53,4123,正常
2016/05/22 11:14:21,aad7cc7b943310afbb43742c9969b42488870d06,06f834dcae88a5ef73d24d228b37e631fb761a9a,持卡人消费,九食堂商务网关,-10.0,80.53,4124,正常
2016/05/23 11:18:57,aad7cc7b943310afbb43742c9969b42488870d06,06f834dcae88a5ef73d24d228b37e631fb761a9a,持卡人消费,九食堂商务网关,-10.0,70.53,4125,正常
2016/05/23 18:28:18,aad7cc7b943310afbb43742c9969b42488870d06,06f834dcae88a5ef73d24d228b37e631fb761a9a,持卡人消费,二区水控,-0.74,69.79,4127,正常
2016/05/23 18:32:44,aad7cc7b943310afbb43742c9969b42488870d06,06f834dcae88a5ef73d24d228b37e631fb761a9a,持卡人消费,二区水控,-0.34,69.45,4129,正常
2016/05/23 18:54:18,aad7cc7b943310afbb43742c9969b42488870d06,06f834dcae88a5ef73d24d228b37e631fb761a9a,持卡人消费,学子便利店B07,-6.9,62.55,4130,正常
2016/05/24 11:08:41,aad7cc7b943310afbb43742c9969b42488870d06,06f834dcae88a5ef73d24d228b37e631fb761a9a,持卡人消费,九食堂商务网关,-8.0,54.55,4131,正常
2016/05/24 13:53:56,aad7cc7b943310afbb43742c9969b42488870d06,06f834dcae88a5ef73d24d228b37e631fb761a9a,持卡人消费,学子便利店B07,-10.4,44.15,4132,正常
2016/05/24 22:14:34,aad7cc7b943310afbb43742c9969b42488870d06,06f834dcae88a5ef73d24d228b37e631fb761a9a,持卡人消费,学子便利店B07,-3.2,40.95,4133,正常
2016/05/25 11:28:44,aad7cc7b943310afbb43742c9969b42488870d06,06f834dcae88a5ef73d24d228b37e631fb761a9a,持卡人消费,五食堂商务网关,-6.0,34.95,4134,正常
2016/05/25 11:29:35,aad7cc7b943310afbb43742c9969b42488870d06,06f834dcae88a5ef73d24d228b37e631fb761a9a,持卡人消费,五食堂商务网关,-3.0,31.95,4135,正常
2016/05/28 11:17:22,aad7cc7b943310afbb43742c9969b42488870d06,06f834dcae88a5ef73d24d228b37e631fb761a9a,持卡人消费,五食堂商务网关,-6.0,25.95,4136,正常
2016/05/28 11:33:00,aad7cc7b943310afbb43742c9969b42488870d06,06f834dcae88a5ef73d24d228b37e631fb761a9a,持卡人消费,学子便利店B07,-9.0,16.95,4137,正常
2016/05/28 21:25:09,aad7cc7b943310afbb43742c9969b42488870d06,06f834dcae88a5ef73d24d228b37e631fb761a9a,持卡人消费,学子便利店B07,-6.9,10.05,4138,正常
2016/05/29 11:09:20,aad7cc7b943310afbb43742c9969b42488870d06,06f834dcae88a5ef73d24d228b37e631fb761a9a,持卡人消费,五食堂商务网关,-5.0,5.05,4139,正常
2016/05/29 11:15:15,aad7cc7b943310afbb43742c9969b42488870d06,06f834dcae88a5ef73d24d228b37e631fb761a9a,存款,现金充值机,100.0,105.05,4140,正常
2016/05/29 15:02:22,aad7cc7b943310afbb43742c9969b42488870d06,06f834dcae88a5ef73d24d228b37e631fb761a9a,持卡人消费,二区水控,-1.1,103.95,4142,正常
2016/05/29 15:07:42,aad7cc7b943310afbb43742c9969b42488870d06,06f834dcae88a5ef73d24d228b37e631fb761a9a,持卡人消费,二区水控,-0.59,103.36,4144,正常
2016/05/30 10:55:55,aad7cc7b943310afbb43742c9969b42488870d06,06f834dcae88a5ef73d24d228b37e631fb761a9a,持卡人消费,五食堂商务网关,-5.0,98.36,4145,正常
2016/05/30 15:18:42,aad7cc7b943310afbb43742c9969b42488870d06,06f834dcae88a5ef73d24d228b37e631fb761a9a,持卡人消费,学子便利店B07,-2.6,95.76,4146,正常
2016/05/30 18:47:10,aad7cc7b943310afbb43742c9969b42488870d06,06f834dcae88a5ef73d24d228b37e631fb761a9a,持卡人消费,学子便利店B07,-3.0,92.76,4147,正常
2016/05/31 08:40:23,aad7cc7b943310afbb43742c9969b42488870d06,06f834dcae88a5ef73d24d228b37e631fb761a9a,持卡人消费,学子便利店B07,-8.9,83.86,4148,正常
2016/05/31 08:45:19,aad7cc7b943310afbb43742c9969b42488870d06,06f834dcae88a5ef73d24d228b37e631fb761a9a,持卡人消费,学子便利店B07,-2.4,81.46,4149,正常
2016/05/31 21:30:38,aad7cc7b943310afbb43742c9969b42488870d06,06f834dcae88a5ef73d24d228b37e631fb761a9a,持卡人消费,学子便利店B07,-10.3,71.16,4150,正常
