交易发生时间,学号,姓名,交易类型,子系统名称,交易额,现有余额,次数,状态
2016/05/01 17:42:55,959fc35b977bfd4fee35eb3d8729dbf5d5eb6348,07093a962a5e06ca064e4de19d1eedbc9185b0fa,存款,学苑楼综合业务3,100.0,101.31,2640,正常
2016/05/01 17:45:49,959fc35b977bfd4fee35eb3d8729dbf5d5eb6348,07093a962a5e06ca064e4de19d1eedbc9185b0fa,持卡人消费,学苑楼商务网关,-3.0,98.31,2641,正常
2016/05/01 17:47:11,959fc35b977bfd4fee35eb3d8729dbf5d5eb6348,07093a962a5e06ca064e4de19d1eedbc9185b0fa,持卡人消费,学苑楼商务网关,-6.0,92.31,2642,正常
2016/05/01 18:17:30,959fc35b977bfd4fee35eb3d8729dbf5d5eb6348,07093a962a5e06ca064e4de19d1eedbc9185b0fa,持卡人消费,硕果园（工大商店）,-9.0,83.31,2643,正常
2016/05/02 08:43:15,959fc35b977bfd4fee35eb3d8729dbf5d5eb6348,07093a962a5e06ca064e4de19d1eedbc9185b0fa,持卡人消费,学苑楼商务网关,-2.1,81.21,2644,正常
2016/05/02 11:06:02,959fc35b977bfd4fee35eb3d8729dbf5d5eb6348,07093a962a5e06ca064e4de19d1eedbc9185b0fa,持卡人消费,学苑楼商务网关,-3.0,78.21,2645,正常
2016/05/02 11:10:43,959fc35b977bfd4fee35eb3d8729dbf5d5eb6348,07093a962a5e06ca064e4de19d1eedbc9185b0fa,持卡人消费,学苑楼商务网关,-6.0,72.21,2646,正常
2016/05/02 11:16:09,959fc35b977bfd4fee35eb3d8729dbf5d5eb6348,07093a962a5e06ca064e4de19d1eedbc9185b0fa,持卡人消费,学苑楼商务网关,-7.0,65.21,2647,正常
2016/05/10 11:23:45,959fc35b977bfd4fee35eb3d8729dbf5d5eb6348,07093a962a5e06ca064e4de19d1eedbc9185b0fa,持卡人消费,学苑楼商务网关,-3.0,62.21,2648,正常
2016/05/10 11:26:17,959fc35b977bfd4fee35eb3d8729dbf5d5eb6348,07093a962a5e06ca064e4de19d1eedbc9185b0fa,持卡人消费,学苑楼商务网关,-8.0,54.21,2649,正常
2016/05/10 11:28:11,959fc35b977bfd4fee35eb3d8729dbf5d5eb6348,07093a962a5e06ca064e4de19d1eedbc9185b0fa,持卡人消费,学苑楼商务网关,-6.0,48.21,2650,正常
2016/05/10 11:50:55,959fc35b977bfd4fee35eb3d8729dbf5d5eb6348,07093a962a5e06ca064e4de19d1eedbc9185b0fa,持卡人消费,学子楼商务网关,-5.4,42.81,2651,正常
2016/05/11 11:18:44,959fc35b977bfd4fee35eb3d8729dbf5d5eb6348,07093a962a5e06ca064e4de19d1eedbc9185b0fa,持卡人消费,学苑楼商务网关,-7.8,35.01,2652,正常
2016/05/17 11:21:30,959fc35b977bfd4fee35eb3d8729dbf5d5eb6348,07093a962a5e06ca064e4de19d1eedbc9185b0fa,持卡人消费,学苑楼商务网关,-7.0,28.01,2653,正常
2016/05/17 11:22:58,959fc35b977bfd4fee35eb3d8729dbf5d5eb6348,07093a962a5e06ca064e4de19d1eedbc9185b0fa,持卡人消费,学苑楼商务网关,-0.8,27.21,2654,正常
2016/05/23 11:30:52,959fc35b977bfd4fee35eb3d8729dbf5d5eb6348,07093a962a5e06ca064e4de19d1eedbc9185b0fa,持卡人消费,学苑楼商务网关,-8.0,19.21,2655,正常
2016/05/23 11:53:43,959fc35b977bfd4fee35eb3d8729dbf5d5eb6348,07093a962a5e06ca064e4de19d1eedbc9185b0fa,存款,卡中心综合业务,100.0,119.21,2656,正常
2016/05/23 12:01:52,959fc35b977bfd4fee35eb3d8729dbf5d5eb6348,07093a962a5e06ca064e4de19d1eedbc9185b0fa,持卡人消费,学苑楼商务网关,-3.0,116.21,2657,正常
2016/05/23 16:48:17,959fc35b977bfd4fee35eb3d8729dbf5d5eb6348,07093a962a5e06ca064e4de19d1eedbc9185b0fa,持卡人消费,学苑楼商务网关,-3.5,112.71,2658,正常
2016/05/23 16:49:14,959fc35b977bfd4fee35eb3d8729dbf5d5eb6348,07093a962a5e06ca064e4de19d1eedbc9185b0fa,持卡人消费,学苑楼商务网关,-6.0,106.71,2659,正常
2016/05/26 11:06:55,959fc35b977bfd4fee35eb3d8729dbf5d5eb6348,07093a962a5e06ca064e4de19d1eedbc9185b0fa,持卡人消费,学苑楼商务网关,-6.0,100.71,2660,正常
2016/05/26 11:09:37,959fc35b977bfd4fee35eb3d8729dbf5d5eb6348,07093a962a5e06ca064e4de19d1eedbc9185b0fa,持卡人消费,学苑楼商务网关,-7.0,93.71,2661,正常
2016/05/26 12:37:25,959fc35b977bfd4fee35eb3d8729dbf5d5eb6348,07093a962a5e06ca064e4de19d1eedbc9185b0fa,持卡人消费,身份前置机,-0.72,92.99,2662,正常
2016/05/29 10:46:41,959fc35b977bfd4fee35eb3d8729dbf5d5eb6348,07093a962a5e06ca064e4de19d1eedbc9185b0fa,持卡人消费,超市商务子系统,-6.0,86.99,2663,正常
2016/05/30 11:20:31,959fc35b977bfd4fee35eb3d8729dbf5d5eb6348,07093a962a5e06ca064e4de19d1eedbc9185b0fa,持卡人消费,学苑楼商务网关,-7.8,79.19,2664,正常
2016/05/30 11:49:53,959fc35b977bfd4fee35eb3d8729dbf5d5eb6348,07093a962a5e06ca064e4de19d1eedbc9185b0fa,持卡人消费,超市商务子系统,-12.0,67.19,2665,正常
2016/05/31 11:30:09,959fc35b977bfd4fee35eb3d8729dbf5d5eb6348,07093a962a5e06ca064e4de19d1eedbc9185b0fa,持卡人消费,学苑楼商务网关,-8.0,59.19,2666,正常
