交易发生时间,学号,姓名,交易类型,子系统名称,交易额,现有余额,次数,状态
2016/05/01 17:18:28,ddaa572d20d4256754f3197d8faa3ce23330b885,07134baa318acd1c39b03f8403dd7d13cf304151,存款,现金充值机,30.0,30.08,2606,正常
2016/05/01 17:40:50,ddaa572d20d4256754f3197d8faa3ce23330b885,07134baa318acd1c39b03f8403dd7d13cf304151,持卡人消费,学苑楼商务网关,-8.0,22.08,2607,正常
2016/05/01 17:51:56,ddaa572d20d4256754f3197d8faa3ce23330b885,07134baa318acd1c39b03f8403dd7d13cf304151,持卡人消费,学苑楼商务网关,-7.0,15.08,2608,正常
2016/05/01 17:55:04,ddaa572d20d4256754f3197d8faa3ce23330b885,07134baa318acd1c39b03f8403dd7d13cf304151,持卡人消费,硕果园（工大商店）,-4.0,11.08,2609,正常
2016/05/01 18:03:43,ddaa572d20d4256754f3197d8faa3ce23330b885,07134baa318acd1c39b03f8403dd7d13cf304151,持卡人消费,A2,-3.0,8.08,2610,正常
2016/05/10 20:20:14,ddaa572d20d4256754f3197d8faa3ce23330b885,07134baa318acd1c39b03f8403dd7d13cf304151,持卡人消费,超市商务子系统,-6.5,1.58,2611,正常
2016/05/14 17:29:38,ddaa572d20d4256754f3197d8faa3ce23330b885,07134baa318acd1c39b03f8403dd7d13cf304151,存款,现金充值机,100.0,101.58,2612,正常
2016/05/14 17:52:50,ddaa572d20d4256754f3197d8faa3ce23330b885,07134baa318acd1c39b03f8403dd7d13cf304151,持卡人消费,学苑楼商务网关,-8.8,92.78,2613,正常
2016/05/14 18:14:53,ddaa572d20d4256754f3197d8faa3ce23330b885,07134baa318acd1c39b03f8403dd7d13cf304151,持卡人消费,超市商务子系统,-12.9,79.88,2614,正常
2016/05/16 18:21:21,ddaa572d20d4256754f3197d8faa3ce23330b885,07134baa318acd1c39b03f8403dd7d13cf304151,持卡人消费,学士楼商务网关,-8.0,71.88,2615,正常
2016/05/16 18:24:11,ddaa572d20d4256754f3197d8faa3ce23330b885,07134baa318acd1c39b03f8403dd7d13cf304151,持卡人消费,学士楼商务网关,-1.5,70.38,2616,正常
2016/05/16 21:02:12,ddaa572d20d4256754f3197d8faa3ce23330b885,07134baa318acd1c39b03f8403dd7d13cf304151,持卡人消费,A2,-6.0,64.38,2617,正常
2016/05/18 12:02:51,ddaa572d20d4256754f3197d8faa3ce23330b885,07134baa318acd1c39b03f8403dd7d13cf304151,持卡人消费,学苑楼商务网关,-8.0,56.38,2618,正常
2016/05/18 12:03:48,ddaa572d20d4256754f3197d8faa3ce23330b885,07134baa318acd1c39b03f8403dd7d13cf304151,持卡人消费,学苑楼商务网关,-8.0,48.38,2619,正常
2016/05/18 19:35:09,ddaa572d20d4256754f3197d8faa3ce23330b885,07134baa318acd1c39b03f8403dd7d13cf304151,持卡人消费,一校区水控新,-2.0,46.38,2620,正常
2016/05/18 19:33:40,ddaa572d20d4256754f3197d8faa3ce23330b885,07134baa318acd1c39b03f8403dd7d13cf304151,持卡人消费,一校区水控新,-1.68,44.70,2621,正常
2016/05/18 19:41:38,ddaa572d20d4256754f3197d8faa3ce23330b885,07134baa318acd1c39b03f8403dd7d13cf304151,持卡人消费,一校区水控新,-2.0,42.70,2622,正常
2016/05/18 19:41:08,ddaa572d20d4256754f3197d8faa3ce23330b885,07134baa318acd1c39b03f8403dd7d13cf304151,持卡人消费,一校区水控新,-1.09,41.61,2624,正常
2016/05/18 19:46:24,ddaa572d20d4256754f3197d8faa3ce23330b885,07134baa318acd1c39b03f8403dd7d13cf304151,持卡人消费,一校区水控新,-2.0,37.61,2626,正常
2016/05/18 19:44:38,ddaa572d20d4256754f3197d8faa3ce23330b885,07134baa318acd1c39b03f8403dd7d13cf304151,持卡人消费,一校区水控新,-0.3,39.31,2627,正常
2016/05/18 19:51:51,ddaa572d20d4256754f3197d8faa3ce23330b885,07134baa318acd1c39b03f8403dd7d13cf304151,持卡人消费,一校区水控新,-0.62,36.69,2629,正常
2016/05/18 19:59:16,ddaa572d20d4256754f3197d8faa3ce23330b885,07134baa318acd1c39b03f8403dd7d13cf304151,持卡人消费,一校区水控新,-2.0,34.69,2630,正常
2016/05/18 19:53:19,ddaa572d20d4256754f3197d8faa3ce23330b885,07134baa318acd1c39b03f8403dd7d13cf304151,持卡人消费,一校区水控新,-1.02,35.67,2631,正常
2016/05/19 11:36:12,ddaa572d20d4256754f3197d8faa3ce23330b885,07134baa318acd1c39b03f8403dd7d13cf304151,持卡人消费,学苑楼商务网关,-9.0,26.67,2632,正常
2016/05/19 11:36:36,ddaa572d20d4256754f3197d8faa3ce23330b885,07134baa318acd1c39b03f8403dd7d13cf304151,持卡人消费,学苑楼商务网关,-1.0,25.67,2633,正常
2016/05/19 11:37:20,ddaa572d20d4256754f3197d8faa3ce23330b885,07134baa318acd1c39b03f8403dd7d13cf304151,持卡人消费,学苑楼商务网关,-8.0,17.67,2634,正常
2016/05/19 11:57:44,ddaa572d20d4256754f3197d8faa3ce23330b885,07134baa318acd1c39b03f8403dd7d13cf304151,持卡人消费,超市商务子系统,-5.5,12.17,2635,正常
2016/05/19 17:22:31,ddaa572d20d4256754f3197d8faa3ce23330b885,07134baa318acd1c39b03f8403dd7d13cf304151,持卡人消费,学苑楼商务网关,-3.0,9.17,2636,正常
2016/05/19 17:22:39,ddaa572d20d4256754f3197d8faa3ce23330b885,07134baa318acd1c39b03f8403dd7d13cf304151,持卡人消费,学苑楼商务网关,-4.6,4.57,2637,正常
2016/05/19 17:23:30,ddaa572d20d4256754f3197d8faa3ce23330b885,07134baa318acd1c39b03f8403dd7d13cf304151,持卡人消费,学苑楼商务网关,-3.0,1.57,2638,正常
2016/05/19 17:36:58,ddaa572d20d4256754f3197d8faa3ce23330b885,07134baa318acd1c39b03f8403dd7d13cf304151,持卡人消费,超市商务子系统,-1.5,0.07,2639,正常
2016/05/20 11:13:00,ddaa572d20d4256754f3197d8faa3ce23330b885,07134baa318acd1c39b03f8403dd7d13cf304151,存款,现金充值机,20.0,20.07,2640,正常
2016/05/20 11:36:21,ddaa572d20d4256754f3197d8faa3ce23330b885,07134baa318acd1c39b03f8403dd7d13cf304151,持卡人消费,学苑楼商务网关,-7.0,13.07,2641,正常
2016/05/21 12:33:25,ddaa572d20d4256754f3197d8faa3ce23330b885,07134baa318acd1c39b03f8403dd7d13cf304151,持卡人消费,硕果园（工大商店）,-12.0,1.07,2642,正常
2016/05/31 14:24:47,ddaa572d20d4256754f3197d8faa3ce23330b885,07134baa318acd1c39b03f8403dd7d13cf304151,持卡人消费,超市商务子系统,-0.9,0.17,2643,正常
