交易发生时间,学号,姓名,交易类型,子系统名称,交易额,现有余额,次数,状态
2016/05/02 11:44:01,7d51883c5ca1d2ac1b4627b3ef6ac07b3792ceaf,0751c6c8402ce47dc9235929919888a75de11b9d,持卡人消费,学苑楼商务网关,-6.0,18.11,2743,正常
2016/05/02 12:10:18,7d51883c5ca1d2ac1b4627b3ef6ac07b3792ceaf,0751c6c8402ce47dc9235929919888a75de11b9d,存款,卡中心综合业务,100.0,118.11,2744,正常
2016/05/02 12:11:39,7d51883c5ca1d2ac1b4627b3ef6ac07b3792ceaf,0751c6c8402ce47dc9235929919888a75de11b9d,持卡人消费,学苑楼商务网关,-12.6,105.51,2745,正常
2016/05/02 12:11:46,7d51883c5ca1d2ac1b4627b3ef6ac07b3792ceaf,0751c6c8402ce47dc9235929919888a75de11b9d,持卡人消费,学苑楼商务网关,-2.2,103.31,2746,正常
2016/05/02 12:33:26,7d51883c5ca1d2ac1b4627b3ef6ac07b3792ceaf,0751c6c8402ce47dc9235929919888a75de11b9d,持卡人消费,学子超市园丁总店,-7.3,96.01,2747,正常
2016/05/03 10:55:06,7d51883c5ca1d2ac1b4627b3ef6ac07b3792ceaf,0751c6c8402ce47dc9235929919888a75de11b9d,持卡人消费,学苑楼商务网关,-6.6,89.41,2748,正常
2016/05/03 11:07:33,7d51883c5ca1d2ac1b4627b3ef6ac07b3792ceaf,0751c6c8402ce47dc9235929919888a75de11b9d,持卡人消费,学苑楼商务网关,-1.0,88.41,2749,正常
2016/05/03 11:24:05,7d51883c5ca1d2ac1b4627b3ef6ac07b3792ceaf,0751c6c8402ce47dc9235929919888a75de11b9d,持卡人消费,学苑楼商务网关,-3.2,85.21,2750,正常
2016/05/03 17:15:48,7d51883c5ca1d2ac1b4627b3ef6ac07b3792ceaf,0751c6c8402ce47dc9235929919888a75de11b9d,持卡人消费,超市商务子系统,-3.5,81.71,2751,正常
2016/05/03 17:20:33,7d51883c5ca1d2ac1b4627b3ef6ac07b3792ceaf,0751c6c8402ce47dc9235929919888a75de11b9d,持卡人消费,超市商务子系统,-15.5,66.21,2752,正常
2016/05/04 21:08:38,7d51883c5ca1d2ac1b4627b3ef6ac07b3792ceaf,0751c6c8402ce47dc9235929919888a75de11b9d,持卡人消费,学子超市园丁总店,-4.2,62.01,2753,正常
2016/05/05 11:35:56,7d51883c5ca1d2ac1b4627b3ef6ac07b3792ceaf,0751c6c8402ce47dc9235929919888a75de11b9d,持卡人消费,学苑楼商务网关,-6.6,55.41,2754,正常
2016/05/05 11:52:24,7d51883c5ca1d2ac1b4627b3ef6ac07b3792ceaf,0751c6c8402ce47dc9235929919888a75de11b9d,持卡人消费,学苑楼商务网关,-2.6,52.81,2755,正常
2016/05/05 13:16:00,7d51883c5ca1d2ac1b4627b3ef6ac07b3792ceaf,0751c6c8402ce47dc9235929919888a75de11b9d,持卡人消费,网络中心,-30.0,22.81,2756,正常
2016/05/06 11:53:33,7d51883c5ca1d2ac1b4627b3ef6ac07b3792ceaf,0751c6c8402ce47dc9235929919888a75de11b9d,持卡人消费,学苑楼商务网关,-6.0,16.81,2757,正常
2016/05/06 11:56:16,7d51883c5ca1d2ac1b4627b3ef6ac07b3792ceaf,0751c6c8402ce47dc9235929919888a75de11b9d,持卡人消费,学苑楼商务网关,-0.6,16.21,2758,正常
2016/05/06 11:58:03,7d51883c5ca1d2ac1b4627b3ef6ac07b3792ceaf,0751c6c8402ce47dc9235929919888a75de11b9d,持卡人消费,学苑楼商务网关,-1.0,15.21,2759,正常
2016/05/06 12:20:23,7d51883c5ca1d2ac1b4627b3ef6ac07b3792ceaf,0751c6c8402ce47dc9235929919888a75de11b9d,存款,卡中心综合业务,100.0,115.21,2760,正常
2016/05/06 12:33:10,7d51883c5ca1d2ac1b4627b3ef6ac07b3792ceaf,0751c6c8402ce47dc9235929919888a75de11b9d,持卡人消费,超市商务子系统,-13.5,101.71,2761,正常
2016/05/07 11:34:54,7d51883c5ca1d2ac1b4627b3ef6ac07b3792ceaf,0751c6c8402ce47dc9235929919888a75de11b9d,持卡人消费,学苑楼商务网关,-7.6,94.11,2762,正常
2016/05/07 13:56:28,7d51883c5ca1d2ac1b4627b3ef6ac07b3792ceaf,0751c6c8402ce47dc9235929919888a75de11b9d,持卡人消费,15公寓浴池,-2.0,92.11,2763,正常
2016/05/07 14:01:25,7d51883c5ca1d2ac1b4627b3ef6ac07b3792ceaf,0751c6c8402ce47dc9235929919888a75de11b9d,持卡人消费,15公寓浴池,-0.66,91.45,2765,正常
2016/05/07 17:12:47,7d51883c5ca1d2ac1b4627b3ef6ac07b3792ceaf,0751c6c8402ce47dc9235929919888a75de11b9d,持卡人消费,学子超市园丁总店,-15.7,75.75,2766,正常
2016/05/08 11:58:37,7d51883c5ca1d2ac1b4627b3ef6ac07b3792ceaf,0751c6c8402ce47dc9235929919888a75de11b9d,持卡人消费,学苑楼商务网关,-6.0,69.75,2767,正常
2016/05/08 12:02:34,7d51883c5ca1d2ac1b4627b3ef6ac07b3792ceaf,0751c6c8402ce47dc9235929919888a75de11b9d,持卡人消费,学苑楼商务网关,-0.1,69.65,2768,正常
2016/05/09 11:42:58,7d51883c5ca1d2ac1b4627b3ef6ac07b3792ceaf,0751c6c8402ce47dc9235929919888a75de11b9d,持卡人消费,学苑楼商务网关,-6.0,63.65,2769,正常
2016/05/09 11:46:49,7d51883c5ca1d2ac1b4627b3ef6ac07b3792ceaf,0751c6c8402ce47dc9235929919888a75de11b9d,持卡人消费,学苑楼商务网关,-1.6,62.05,2770,正常
2016/05/09 12:14:43,7d51883c5ca1d2ac1b4627b3ef6ac07b3792ceaf,0751c6c8402ce47dc9235929919888a75de11b9d,持卡人消费,超市商务子系统,-2.4,59.65,2771,正常
2016/05/09 12:21:27,7d51883c5ca1d2ac1b4627b3ef6ac07b3792ceaf,0751c6c8402ce47dc9235929919888a75de11b9d,持卡人消费,超市商务子系统,-9.0,50.65,2772,正常
2016/05/10 11:33:46,7d51883c5ca1d2ac1b4627b3ef6ac07b3792ceaf,0751c6c8402ce47dc9235929919888a75de11b9d,持卡人消费,学苑楼商务网关,-5.0,45.65,2773,正常
2016/05/10 11:34:54,7d51883c5ca1d2ac1b4627b3ef6ac07b3792ceaf,0751c6c8402ce47dc9235929919888a75de11b9d,持卡人消费,学苑楼商务网关,-0.6,45.05,2774,正常
2016/05/11 18:06:27,7d51883c5ca1d2ac1b4627b3ef6ac07b3792ceaf,0751c6c8402ce47dc9235929919888a75de11b9d,持卡人消费,学子超市园丁总店,-5.5,39.55,2775,正常
2016/05/13 11:51:19,7d51883c5ca1d2ac1b4627b3ef6ac07b3792ceaf,0751c6c8402ce47dc9235929919888a75de11b9d,持卡人消费,学苑楼商务网关,-6.0,33.55,2776,正常
2016/05/13 11:54:16,7d51883c5ca1d2ac1b4627b3ef6ac07b3792ceaf,0751c6c8402ce47dc9235929919888a75de11b9d,持卡人消费,学苑楼商务网关,-1.0,32.55,2777,正常
2016/05/13 12:17:06,7d51883c5ca1d2ac1b4627b3ef6ac07b3792ceaf,0751c6c8402ce47dc9235929919888a75de11b9d,存款,卡中心综合业务,100.0,132.55,2778,正常
2016/05/13 13:42:45,7d51883c5ca1d2ac1b4627b3ef6ac07b3792ceaf,0751c6c8402ce47dc9235929919888a75de11b9d,持卡人消费,15公寓浴池,-0.05,132.50,2780,正常
2016/05/13 13:53:19,7d51883c5ca1d2ac1b4627b3ef6ac07b3792ceaf,0751c6c8402ce47dc9235929919888a75de11b9d,持卡人消费,15公寓浴池,-2.0,130.50,2781,正常
2016/05/13 13:58:33,7d51883c5ca1d2ac1b4627b3ef6ac07b3792ceaf,0751c6c8402ce47dc9235929919888a75de11b9d,持卡人消费,15公寓浴池,-0.98,129.52,2783,正常
2016/05/14 08:00:59,7d51883c5ca1d2ac1b4627b3ef6ac07b3792ceaf,0751c6c8402ce47dc9235929919888a75de11b9d,持卡人消费,超市商务子系统,-1.0,128.52,2784,正常
2016/05/14 11:04:42,7d51883c5ca1d2ac1b4627b3ef6ac07b3792ceaf,0751c6c8402ce47dc9235929919888a75de11b9d,持卡人消费,学苑楼商务网关,-3.0,125.52,2785,正常
2016/05/14 11:12:02,7d51883c5ca1d2ac1b4627b3ef6ac07b3792ceaf,0751c6c8402ce47dc9235929919888a75de11b9d,持卡人消费,学苑楼商务网关,-0.5,125.02,2786,正常
2016/05/14 17:13:55,7d51883c5ca1d2ac1b4627b3ef6ac07b3792ceaf,0751c6c8402ce47dc9235929919888a75de11b9d,持卡人消费,学苑楼商务网关,-7.0,118.02,2787,正常
2016/05/15 11:54:03,7d51883c5ca1d2ac1b4627b3ef6ac07b3792ceaf,0751c6c8402ce47dc9235929919888a75de11b9d,持卡人消费,学苑楼商务网关,-6.6,111.42,2788,正常
2016/05/15 12:15:01,7d51883c5ca1d2ac1b4627b3ef6ac07b3792ceaf,0751c6c8402ce47dc9235929919888a75de11b9d,持卡人消费,学苑楼商务网关,-2.6,108.82,2789,正常
2016/05/16 11:08:07,7d51883c5ca1d2ac1b4627b3ef6ac07b3792ceaf,0751c6c8402ce47dc9235929919888a75de11b9d,持卡人消费,学苑楼商务网关,-7.0,101.82,2790,正常
2016/05/16 17:00:49,7d51883c5ca1d2ac1b4627b3ef6ac07b3792ceaf,0751c6c8402ce47dc9235929919888a75de11b9d,持卡人消费,学子超市园丁总店,-6.7,95.12,2791,正常
2016/05/17 08:10:39,7d51883c5ca1d2ac1b4627b3ef6ac07b3792ceaf,0751c6c8402ce47dc9235929919888a75de11b9d,持卡人消费,超市商务子系统,-1.0,94.12,2792,正常
2016/05/17 11:52:36,7d51883c5ca1d2ac1b4627b3ef6ac07b3792ceaf,0751c6c8402ce47dc9235929919888a75de11b9d,持卡人消费,学苑楼商务网关,-6.0,88.12,2793,正常
2016/05/17 11:57:05,7d51883c5ca1d2ac1b4627b3ef6ac07b3792ceaf,0751c6c8402ce47dc9235929919888a75de11b9d,持卡人消费,学苑楼商务网关,-1.0,87.12,2794,正常
2016/05/17 17:10:47,7d51883c5ca1d2ac1b4627b3ef6ac07b3792ceaf,0751c6c8402ce47dc9235929919888a75de11b9d,持卡人消费,学子超市园丁总店,-5.5,81.62,2795,正常
2016/05/18 11:03:39,7d51883c5ca1d2ac1b4627b3ef6ac07b3792ceaf,0751c6c8402ce47dc9235929919888a75de11b9d,持卡人消费,学士楼商务网关,-6.0,75.62,2796,正常
2016/05/18 11:05:59,7d51883c5ca1d2ac1b4627b3ef6ac07b3792ceaf,0751c6c8402ce47dc9235929919888a75de11b9d,持卡人消费,学士楼商务网关,-0.2,75.42,2797,正常
2016/05/18 17:10:01,7d51883c5ca1d2ac1b4627b3ef6ac07b3792ceaf,0751c6c8402ce47dc9235929919888a75de11b9d,持卡人消费,学子超市园丁总店,-5.8,69.62,2798,正常
2016/05/19 11:52:35,7d51883c5ca1d2ac1b4627b3ef6ac07b3792ceaf,0751c6c8402ce47dc9235929919888a75de11b9d,持卡人消费,学苑楼商务网关,-5.0,64.62,2799,正常
2016/05/19 11:52:51,7d51883c5ca1d2ac1b4627b3ef6ac07b3792ceaf,0751c6c8402ce47dc9235929919888a75de11b9d,持卡人消费,学苑楼商务网关,-0.6,64.02,2800,正常
2016/05/20 17:12:58,7d51883c5ca1d2ac1b4627b3ef6ac07b3792ceaf,0751c6c8402ce47dc9235929919888a75de11b9d,持卡人消费,15公寓浴池,-1.71,62.31,2802,正常
2016/05/20 17:15:12,7d51883c5ca1d2ac1b4627b3ef6ac07b3792ceaf,0751c6c8402ce47dc9235929919888a75de11b9d,持卡人消费,15公寓浴池,-0.19,62.12,2804,正常
2016/05/20 17:27:37,7d51883c5ca1d2ac1b4627b3ef6ac07b3792ceaf,0751c6c8402ce47dc9235929919888a75de11b9d,持卡人消费,学子超市园丁总店,-5.9,56.22,2805,正常
2016/05/21 18:16:50,7d51883c5ca1d2ac1b4627b3ef6ac07b3792ceaf,0751c6c8402ce47dc9235929919888a75de11b9d,持卡人消费,学子超市园丁总店,-2.5,53.72,2806,正常
2016/05/23 20:00:36,7d51883c5ca1d2ac1b4627b3ef6ac07b3792ceaf,0751c6c8402ce47dc9235929919888a75de11b9d,持卡人消费,15公寓浴池,-2.0,49.72,2808,正常
2016/05/23 19:53:40,7d51883c5ca1d2ac1b4627b3ef6ac07b3792ceaf,0751c6c8402ce47dc9235929919888a75de11b9d,持卡人消费,15公寓浴池,-0.67,51.05,2809,正常
2016/05/23 19:55:04,7d51883c5ca1d2ac1b4627b3ef6ac07b3792ceaf,0751c6c8402ce47dc9235929919888a75de11b9d,持卡人消费,15公寓浴池,-0.21,50.84,2811,正常
2016/05/23 19:55:58,7d51883c5ca1d2ac1b4627b3ef6ac07b3792ceaf,0751c6c8402ce47dc9235929919888a75de11b9d,持卡人消费,15公寓浴池,-0.13,50.71,2813,正常
2016/05/23 19:59:04,7d51883c5ca1d2ac1b4627b3ef6ac07b3792ceaf,0751c6c8402ce47dc9235929919888a75de11b9d,持卡人消费,15公寓浴池,-0.13,50.58,2815,正常
2016/05/23 20:00:21,7d51883c5ca1d2ac1b4627b3ef6ac07b3792ceaf,0751c6c8402ce47dc9235929919888a75de11b9d,持卡人消费,15公寓浴池,-0.05,50.53,2817,正常
2016/05/23 20:05:29,7d51883c5ca1d2ac1b4627b3ef6ac07b3792ceaf,0751c6c8402ce47dc9235929919888a75de11b9d,持卡人消费,15公寓浴池,-0.83,47.70,2820,正常
2016/05/23 20:09:27,7d51883c5ca1d2ac1b4627b3ef6ac07b3792ceaf,0751c6c8402ce47dc9235929919888a75de11b9d,持卡人消费,15公寓浴池,-0.88,48.82,2821,正常
2016/05/24 16:52:12,7d51883c5ca1d2ac1b4627b3ef6ac07b3792ceaf,0751c6c8402ce47dc9235929919888a75de11b9d,持卡人消费,学苑楼商务网关,-7.0,41.82,2822,正常
2016/05/24 17:25:02,7d51883c5ca1d2ac1b4627b3ef6ac07b3792ceaf,0751c6c8402ce47dc9235929919888a75de11b9d,持卡人消费,学子超市园丁总店,-0.8,41.02,2823,正常
2016/05/27 11:28:17,7d51883c5ca1d2ac1b4627b3ef6ac07b3792ceaf,0751c6c8402ce47dc9235929919888a75de11b9d,存款,学苑楼综合业务3,100.0,141.02,2824,正常
2016/05/27 11:29:35,7d51883c5ca1d2ac1b4627b3ef6ac07b3792ceaf,0751c6c8402ce47dc9235929919888a75de11b9d,持卡人消费,学苑楼商务网关,-6.0,135.02,2825,正常
2016/05/27 11:31:16,7d51883c5ca1d2ac1b4627b3ef6ac07b3792ceaf,0751c6c8402ce47dc9235929919888a75de11b9d,持卡人消费,学苑楼商务网关,-1.0,134.02,2826,正常
2016/05/27 17:36:48,7d51883c5ca1d2ac1b4627b3ef6ac07b3792ceaf,0751c6c8402ce47dc9235929919888a75de11b9d,持卡人消费,学苑楼商务网关,-0.6,133.42,2827,正常
2016/05/27 17:38:31,7d51883c5ca1d2ac1b4627b3ef6ac07b3792ceaf,0751c6c8402ce47dc9235929919888a75de11b9d,持卡人消费,学苑楼商务网关,-1.0,132.42,2828,正常
2016/05/27 17:40:35,7d51883c5ca1d2ac1b4627b3ef6ac07b3792ceaf,0751c6c8402ce47dc9235929919888a75de11b9d,持卡人消费,学苑楼商务网关,-1.0,131.42,2829,正常
2016/05/27 17:52:42,7d51883c5ca1d2ac1b4627b3ef6ac07b3792ceaf,0751c6c8402ce47dc9235929919888a75de11b9d,持卡人消费,学苑楼商务网关,-1.0,130.42,2830,正常
2016/05/27 18:16:37,7d51883c5ca1d2ac1b4627b3ef6ac07b3792ceaf,0751c6c8402ce47dc9235929919888a75de11b9d,持卡人消费,学子超市园丁总店,-6.0,124.42,2831,正常
2016/05/28 17:50:54,7d51883c5ca1d2ac1b4627b3ef6ac07b3792ceaf,0751c6c8402ce47dc9235929919888a75de11b9d,持卡人消费,学士楼商务网关,-4.0,120.42,2832,正常
2016/05/29 17:17:33,7d51883c5ca1d2ac1b4627b3ef6ac07b3792ceaf,0751c6c8402ce47dc9235929919888a75de11b9d,持卡人消费,学子超市园丁总店,-4.8,115.62,2833,正常
2016/05/30 12:53:18,7d51883c5ca1d2ac1b4627b3ef6ac07b3792ceaf,0751c6c8402ce47dc9235929919888a75de11b9d,持卡人消费,学子楼商务网关,-7.2,108.42,2834,正常
2016/05/30 16:49:39,7d51883c5ca1d2ac1b4627b3ef6ac07b3792ceaf,0751c6c8402ce47dc9235929919888a75de11b9d,持卡人消费,15公寓浴池,-1.47,106.95,2836,正常
2016/05/31 11:30:03,7d51883c5ca1d2ac1b4627b3ef6ac07b3792ceaf,0751c6c8402ce47dc9235929919888a75de11b9d,持卡人消费,学士楼商务网关,-6.0,100.95,2837,正常
2016/05/31 11:58:39,7d51883c5ca1d2ac1b4627b3ef6ac07b3792ceaf,0751c6c8402ce47dc9235929919888a75de11b9d,持卡人消费,学子超市园丁总店,-3.0,97.95,2838,正常
2016/05/31 16:49:54,7d51883c5ca1d2ac1b4627b3ef6ac07b3792ceaf,0751c6c8402ce47dc9235929919888a75de11b9d,持卡人消费,学子超市园丁总店,-2.2,95.75,2839,正常
