交易发生时间,学号,姓名,交易类型,子系统名称,交易额,现有余额,次数,状态
2016/05/03 07:35:58,0cd83d23cca3711bc622bf1f9d7d9f6de2fed87e,07524ea6e640539455626060f19f0a6993f0b5fb,存款,卡中心综合业务,100.0,100.03,4844,正常
2016/05/03 07:36:41,0cd83d23cca3711bc622bf1f9d7d9f6de2fed87e,07524ea6e640539455626060f19f0a6993f0b5fb,持卡人消费,学苑楼商务网关,-2.6,97.43,4845,正常
2016/05/03 12:40:47,0cd83d23cca3711bc622bf1f9d7d9f6de2fed87e,07524ea6e640539455626060f19f0a6993f0b5fb,持卡人消费,学士楼商务网关,-8.6,88.83,4846,正常
2016/05/03 12:43:12,0cd83d23cca3711bc622bf1f9d7d9f6de2fed87e,07524ea6e640539455626060f19f0a6993f0b5fb,持卡人消费,学士楼商务网关,-4.0,84.83,4847,正常
2016/05/03 16:55:32,0cd83d23cca3711bc622bf1f9d7d9f6de2fed87e,07524ea6e640539455626060f19f0a6993f0b5fb,持卡人消费,学苑楼商务网关,-6.0,78.83,4848,正常
2016/05/03 17:19:14,0cd83d23cca3711bc622bf1f9d7d9f6de2fed87e,07524ea6e640539455626060f19f0a6993f0b5fb,持卡人消费,超市商务子系统,-4.6,74.23,4849,正常
2016/05/04 07:28:54,0cd83d23cca3711bc622bf1f9d7d9f6de2fed87e,07524ea6e640539455626060f19f0a6993f0b5fb,持卡人消费,学苑楼商务网关,-3.5,70.73,4850,正常
2016/05/04 12:06:00,0cd83d23cca3711bc622bf1f9d7d9f6de2fed87e,07524ea6e640539455626060f19f0a6993f0b5fb,持卡人消费,学苑楼商务网关,-8.0,62.73,4851,正常
2016/05/06 18:01:46,0cd83d23cca3711bc622bf1f9d7d9f6de2fed87e,07524ea6e640539455626060f19f0a6993f0b5fb,持卡人消费,南苑网关,-7.0,55.73,4852,正常
2016/05/07 07:31:50,0cd83d23cca3711bc622bf1f9d7d9f6de2fed87e,07524ea6e640539455626060f19f0a6993f0b5fb,持卡人消费,学苑楼商务网关,-2.0,53.73,4853,正常
2016/05/07 18:00:30,0cd83d23cca3711bc622bf1f9d7d9f6de2fed87e,07524ea6e640539455626060f19f0a6993f0b5fb,持卡人消费,南苑网关,-5.1,48.63,4854,正常
2016/05/07 18:01:35,0cd83d23cca3711bc622bf1f9d7d9f6de2fed87e,07524ea6e640539455626060f19f0a6993f0b5fb,持卡人消费,南苑网关,-3.0,45.63,4855,正常
2016/05/08 07:28:11,0cd83d23cca3711bc622bf1f9d7d9f6de2fed87e,07524ea6e640539455626060f19f0a6993f0b5fb,持卡人消费,学苑楼商务网关,-3.5,42.13,4856,正常
2016/05/08 18:12:25,0cd83d23cca3711bc622bf1f9d7d9f6de2fed87e,07524ea6e640539455626060f19f0a6993f0b5fb,持卡人消费,学士楼商务网关,-3.1,39.03,4857,正常
2016/05/09 07:29:38,0cd83d23cca3711bc622bf1f9d7d9f6de2fed87e,07524ea6e640539455626060f19f0a6993f0b5fb,持卡人消费,学苑楼商务网关,-2.6,36.43,4858,正常
2016/05/09 12:35:43,0cd83d23cca3711bc622bf1f9d7d9f6de2fed87e,07524ea6e640539455626060f19f0a6993f0b5fb,持卡人消费,学苑楼商务网关,-7.5,28.93,4859,正常
2016/05/09 12:36:52,0cd83d23cca3711bc622bf1f9d7d9f6de2fed87e,07524ea6e640539455626060f19f0a6993f0b5fb,持卡人消费,学苑楼商务网关,-1.5,27.43,4860,正常
2016/05/10 06:06:38,0cd83d23cca3711bc622bf1f9d7d9f6de2fed87e,07524ea6e640539455626060f19f0a6993f0b5fb,持卡人消费,学士楼商务网关,-2.6,24.83,4861,正常
2016/05/10 18:31:42,0cd83d23cca3711bc622bf1f9d7d9f6de2fed87e,07524ea6e640539455626060f19f0a6993f0b5fb,持卡人消费,学苑楼商务网关,-8.0,16.83,4862,正常
2016/05/10 19:25:32,0cd83d23cca3711bc622bf1f9d7d9f6de2fed87e,07524ea6e640539455626060f19f0a6993f0b5fb,持卡人消费,超市商务子系统,-3.0,13.83,4863,正常
2016/05/10 19:29:11,0cd83d23cca3711bc622bf1f9d7d9f6de2fed87e,07524ea6e640539455626060f19f0a6993f0b5fb,持卡人消费,超市商务子系统,-0.8,13.03,4864,正常
2016/05/12 12:53:42,0cd83d23cca3711bc622bf1f9d7d9f6de2fed87e,07524ea6e640539455626060f19f0a6993f0b5fb,持卡人消费,A1,-3.0,10.03,4865,正常
2016/05/12 13:20:03,0cd83d23cca3711bc622bf1f9d7d9f6de2fed87e,07524ea6e640539455626060f19f0a6993f0b5fb,持卡人消费,一校区水控新,-2.0,8.03,4866,正常
2016/05/12 13:25:30,0cd83d23cca3711bc622bf1f9d7d9f6de2fed87e,07524ea6e640539455626060f19f0a6993f0b5fb,持卡人消费,一校区水控新,-1.02,7.01,4868,正常
2016/05/13 08:54:44,0cd83d23cca3711bc622bf1f9d7d9f6de2fed87e,07524ea6e640539455626060f19f0a6993f0b5fb,持卡人消费,学士楼商务网关,-2.0,5.01,4869,正常
2016/05/13 08:56:25,0cd83d23cca3711bc622bf1f9d7d9f6de2fed87e,07524ea6e640539455626060f19f0a6993f0b5fb,持卡人消费,学士楼商务网关,-0.6,4.41,4870,正常
2016/05/13 12:37:10,0cd83d23cca3711bc622bf1f9d7d9f6de2fed87e,07524ea6e640539455626060f19f0a6993f0b5fb,持卡人消费,超市商务子系统,-0.8,3.61,4871,正常
2016/05/13 18:23:56,0cd83d23cca3711bc622bf1f9d7d9f6de2fed87e,07524ea6e640539455626060f19f0a6993f0b5fb,存款,学苑楼综合业务2,50.0,53.61,4872,正常
2016/05/13 18:26:02,0cd83d23cca3711bc622bf1f9d7d9f6de2fed87e,07524ea6e640539455626060f19f0a6993f0b5fb,持卡人消费,学苑楼商务网关,-6.0,47.61,4873,正常
2016/05/13 18:26:18,0cd83d23cca3711bc622bf1f9d7d9f6de2fed87e,07524ea6e640539455626060f19f0a6993f0b5fb,持卡人消费,学苑楼商务网关,-6.0,41.61,4874,正常
2016/05/13 21:40:20,0cd83d23cca3711bc622bf1f9d7d9f6de2fed87e,07524ea6e640539455626060f19f0a6993f0b5fb,持卡人消费,学子超市园丁总店,-2.5,39.11,4875,正常
2016/05/14 17:52:12,0cd83d23cca3711bc622bf1f9d7d9f6de2fed87e,07524ea6e640539455626060f19f0a6993f0b5fb,持卡人消费,学苑楼商务网关,-4.0,35.11,4876,正常
2016/05/14 17:53:20,0cd83d23cca3711bc622bf1f9d7d9f6de2fed87e,07524ea6e640539455626060f19f0a6993f0b5fb,持卡人消费,学苑楼商务网关,-6.8,28.31,4877,正常
2016/05/15 11:59:22,0cd83d23cca3711bc622bf1f9d7d9f6de2fed87e,07524ea6e640539455626060f19f0a6993f0b5fb,持卡人消费,学士楼商务网关,-13.1,15.21,4878,正常
2016/05/15 17:09:24,0cd83d23cca3711bc622bf1f9d7d9f6de2fed87e,07524ea6e640539455626060f19f0a6993f0b5fb,持卡人消费,学士楼商务网关,-4.3,10.91,4879,正常
2016/05/16 08:42:40,0cd83d23cca3711bc622bf1f9d7d9f6de2fed87e,07524ea6e640539455626060f19f0a6993f0b5fb,持卡人消费,学士楼商务网关,-2.1,8.81,4880,正常
2016/05/16 11:58:03,0cd83d23cca3711bc622bf1f9d7d9f6de2fed87e,07524ea6e640539455626060f19f0a6993f0b5fb,持卡人消费,学苑楼商务网关,-4.0,4.81,4881,正常
2016/05/16 12:15:54,0cd83d23cca3711bc622bf1f9d7d9f6de2fed87e,07524ea6e640539455626060f19f0a6993f0b5fb,持卡人消费,学苑楼商务网关,-3.5,1.31,4882,正常
2016/05/16 11:57:31,0cd83d23cca3711bc622bf1f9d7d9f6de2fed87e,07524ea6e640539455626060f19f0a6993f0b5fb,存款,现金充值机,100.0,101.31,4883,正常
2016/05/17 12:16:50,0cd83d23cca3711bc622bf1f9d7d9f6de2fed87e,07524ea6e640539455626060f19f0a6993f0b5fb,持卡人消费,学士楼商务网关,-3.1,98.21,4884,正常
2016/05/17 12:18:18,0cd83d23cca3711bc622bf1f9d7d9f6de2fed87e,07524ea6e640539455626060f19f0a6993f0b5fb,持卡人消费,学士楼商务网关,-2.5,95.71,4885,正常
2016/05/18 11:54:19,0cd83d23cca3711bc622bf1f9d7d9f6de2fed87e,07524ea6e640539455626060f19f0a6993f0b5fb,持卡人消费,学苑楼商务网关,-5.0,90.71,4886,正常
2016/05/18 12:05:20,0cd83d23cca3711bc622bf1f9d7d9f6de2fed87e,07524ea6e640539455626060f19f0a6993f0b5fb,持卡人消费,学苑楼商务网关,-3.0,87.71,4887,正常
2016/05/18 18:10:26,0cd83d23cca3711bc622bf1f9d7d9f6de2fed87e,07524ea6e640539455626060f19f0a6993f0b5fb,持卡人消费,一校区水控新,-1.79,85.92,4889,正常
2016/05/18 18:51:35,0cd83d23cca3711bc622bf1f9d7d9f6de2fed87e,07524ea6e640539455626060f19f0a6993f0b5fb,持卡人消费,学士楼商务网关,-7.0,78.92,4890,正常
2016/05/18 18:53:28,0cd83d23cca3711bc622bf1f9d7d9f6de2fed87e,07524ea6e640539455626060f19f0a6993f0b5fb,持卡人消费,学士楼商务网关,-1.0,77.92,4891,正常
2016/05/18 21:10:20,0cd83d23cca3711bc622bf1f9d7d9f6de2fed87e,07524ea6e640539455626060f19f0a6993f0b5fb,持卡人消费,硕果园（工大商店）,-7.8,70.12,4892,正常
2016/05/18 21:38:30,0cd83d23cca3711bc622bf1f9d7d9f6de2fed87e,07524ea6e640539455626060f19f0a6993f0b5fb,持卡人消费,A1,-3.0,67.12,4893,正常
2016/05/19 08:58:57,0cd83d23cca3711bc622bf1f9d7d9f6de2fed87e,07524ea6e640539455626060f19f0a6993f0b5fb,持卡人消费,学士楼商务网关,-1.6,65.52,4894,正常
2016/05/19 09:00:11,0cd83d23cca3711bc622bf1f9d7d9f6de2fed87e,07524ea6e640539455626060f19f0a6993f0b5fb,持卡人消费,学士楼商务网关,-2.0,63.52,4895,正常
2016/05/19 12:14:47,0cd83d23cca3711bc622bf1f9d7d9f6de2fed87e,07524ea6e640539455626060f19f0a6993f0b5fb,持卡人消费,学苑楼商务网关,-2.0,61.52,4896,正常
2016/05/19 17:53:45,0cd83d23cca3711bc622bf1f9d7d9f6de2fed87e,07524ea6e640539455626060f19f0a6993f0b5fb,持卡人消费,学苑楼商务网关,-9.8,51.72,4897,正常
2016/05/19 21:04:45,0cd83d23cca3711bc622bf1f9d7d9f6de2fed87e,07524ea6e640539455626060f19f0a6993f0b5fb,持卡人消费,超市商务子系统,-0.9,50.82,4898,正常
2016/05/20 12:03:42,0cd83d23cca3711bc622bf1f9d7d9f6de2fed87e,07524ea6e640539455626060f19f0a6993f0b5fb,持卡人消费,学苑楼商务网关,-3.2,47.62,4899,正常
2016/05/20 12:09:25,0cd83d23cca3711bc622bf1f9d7d9f6de2fed87e,07524ea6e640539455626060f19f0a6993f0b5fb,持卡人消费,学苑楼商务网关,-4.0,43.62,4900,正常
2016/05/20 12:28:12,0cd83d23cca3711bc622bf1f9d7d9f6de2fed87e,07524ea6e640539455626060f19f0a6993f0b5fb,持卡人消费,超市商务子系统,-7.5,36.12,4901,正常
2016/05/21 08:21:35,0cd83d23cca3711bc622bf1f9d7d9f6de2fed87e,07524ea6e640539455626060f19f0a6993f0b5fb,持卡人消费,学士楼商务网关,-2.6,33.52,4902,正常
2016/05/21 17:45:49,0cd83d23cca3711bc622bf1f9d7d9f6de2fed87e,07524ea6e640539455626060f19f0a6993f0b5fb,持卡人消费,南苑网关,-7.44,26.08,4903,正常
2016/05/23 08:32:15,0cd83d23cca3711bc622bf1f9d7d9f6de2fed87e,07524ea6e640539455626060f19f0a6993f0b5fb,持卡人消费,学士楼商务网关,-1.8,15.88,4905,正常
2016/05/23 08:33:37,0cd83d23cca3711bc622bf1f9d7d9f6de2fed87e,07524ea6e640539455626060f19f0a6993f0b5fb,持卡人消费,学士楼商务网关,-1.5,14.38,4906,正常
2016/05/23 12:05:12,0cd83d23cca3711bc622bf1f9d7d9f6de2fed87e,07524ea6e640539455626060f19f0a6993f0b5fb,持卡人消费,学士楼商务网关,-3.6,10.78,4907,正常
2016/05/23 20:21:21,0cd83d23cca3711bc622bf1f9d7d9f6de2fed87e,07524ea6e640539455626060f19f0a6993f0b5fb,持卡人消费,一校区水控新,-1.47,9.31,4909,正常
2016/05/23 21:12:20,0cd83d23cca3711bc622bf1f9d7d9f6de2fed87e,07524ea6e640539455626060f19f0a6993f0b5fb,持卡人消费,A1,-3.0,6.31,4910,正常
2016/05/24 08:03:55,0cd83d23cca3711bc622bf1f9d7d9f6de2fed87e,07524ea6e640539455626060f19f0a6993f0b5fb,持卡人消费,学士楼商务网关,-2.3,4.01,4911,正常
2016/05/25 08:12:04,0cd83d23cca3711bc622bf1f9d7d9f6de2fed87e,07524ea6e640539455626060f19f0a6993f0b5fb,持卡人消费,学士楼商务网关,-2.1,1.91,4912,正常
2016/05/25 11:45:11,0cd83d23cca3711bc622bf1f9d7d9f6de2fed87e,07524ea6e640539455626060f19f0a6993f0b5fb,存款,学苑楼综合业务3,50.0,51.91,4913,正常
2016/05/25 11:46:02,0cd83d23cca3711bc622bf1f9d7d9f6de2fed87e,07524ea6e640539455626060f19f0a6993f0b5fb,持卡人消费,学苑楼商务网关,-4.3,47.61,4914,正常
2016/05/25 22:01:25,0cd83d23cca3711bc622bf1f9d7d9f6de2fed87e,07524ea6e640539455626060f19f0a6993f0b5fb,持卡人消费,学子便利店A01后楼,-12.7,34.91,4915,正常
2016/05/25 22:01:48,0cd83d23cca3711bc622bf1f9d7d9f6de2fed87e,07524ea6e640539455626060f19f0a6993f0b5fb,持卡人消费,学子便利店A01后楼,-2.0,32.91,4916,正常
2016/05/26 11:51:44,0cd83d23cca3711bc622bf1f9d7d9f6de2fed87e,07524ea6e640539455626060f19f0a6993f0b5fb,持卡人消费,学苑楼商务网关,-5.0,27.91,4917,正常
2016/05/27 12:11:01,0cd83d23cca3711bc622bf1f9d7d9f6de2fed87e,07524ea6e640539455626060f19f0a6993f0b5fb,持卡人消费,学士楼商务网关,-14.6,13.31,4918,正常
2016/05/27 17:36:39,0cd83d23cca3711bc622bf1f9d7d9f6de2fed87e,07524ea6e640539455626060f19f0a6993f0b5fb,持卡人消费,南苑网关,-6.96,6.35,4919,正常
2016/05/29 11:46:17,0cd83d23cca3711bc622bf1f9d7d9f6de2fed87e,07524ea6e640539455626060f19f0a6993f0b5fb,存款,学苑楼综合业务3,100.0,106.35,4920,正常
2016/05/29 11:49:00,0cd83d23cca3711bc622bf1f9d7d9f6de2fed87e,07524ea6e640539455626060f19f0a6993f0b5fb,持卡人消费,学苑楼商务网关,-6.0,100.35,4921,正常
2016/05/29 12:08:23,0cd83d23cca3711bc622bf1f9d7d9f6de2fed87e,07524ea6e640539455626060f19f0a6993f0b5fb,持卡人消费,学苑楼商务网关,-4.0,96.35,4922,正常
2016/05/29 17:31:28,0cd83d23cca3711bc622bf1f9d7d9f6de2fed87e,07524ea6e640539455626060f19f0a6993f0b5fb,持卡人消费,南苑网关,-8.4,87.95,4923,正常
2016/05/30 12:08:40,0cd83d23cca3711bc622bf1f9d7d9f6de2fed87e,07524ea6e640539455626060f19f0a6993f0b5fb,持卡人消费,学苑楼商务网关,-4.8,83.15,4924,正常
2016/05/30 12:34:24,0cd83d23cca3711bc622bf1f9d7d9f6de2fed87e,07524ea6e640539455626060f19f0a6993f0b5fb,持卡人消费,超市商务子系统,-2.0,81.15,4925,正常
2016/05/31 11:58:41,0cd83d23cca3711bc622bf1f9d7d9f6de2fed87e,07524ea6e640539455626060f19f0a6993f0b5fb,持卡人消费,学苑楼商务网关,-8.0,73.15,4926,正常
2016/05/31 12:20:59,0cd83d23cca3711bc622bf1f9d7d9f6de2fed87e,07524ea6e640539455626060f19f0a6993f0b5fb,持卡人消费,超市商务子系统,-7.0,66.15,4927,正常
2016/05/31 13:00:58,0cd83d23cca3711bc622bf1f9d7d9f6de2fed87e,07524ea6e640539455626060f19f0a6993f0b5fb,持卡人消费,一校区水控新,-2.0,64.15,4928,正常
2016/05/31 13:03:07,0cd83d23cca3711bc622bf1f9d7d9f6de2fed87e,07524ea6e640539455626060f19f0a6993f0b5fb,持卡人消费,一校区水控新,-0.38,63.77,4929,正常
2016/05/31 17:52:47,0cd83d23cca3711bc622bf1f9d7d9f6de2fed87e,07524ea6e640539455626060f19f0a6993f0b5fb,持卡人消费,学苑楼商务网关,-4.5,59.27,4930,正常
2016/05/31 17:54:26,0cd83d23cca3711bc622bf1f9d7d9f6de2fed87e,07524ea6e640539455626060f19f0a6993f0b5fb,持卡人消费,学苑楼商务网关,-8.8,50.47,4931,正常
