交易发生时间,学号,姓名,交易类型,子系统名称,交易额,现有余额,次数,状态
2016/05/01 11:34:31,aa91fe9925781898ae09ee4bfe4b8121d9a78865,0754c74a0ef66306ef813ba3d536f48c4ea5b7da,持卡人消费,硕果园（工大商店）,-10.0,72.81,4643,正常
2016/05/01 17:36:41,aa91fe9925781898ae09ee4bfe4b8121d9a78865,0754c74a0ef66306ef813ba3d536f48c4ea5b7da,持卡人消费,超市商务子系统,-2.5,70.31,4644,正常
2016/05/01 17:41:50,aa91fe9925781898ae09ee4bfe4b8121d9a78865,0754c74a0ef66306ef813ba3d536f48c4ea5b7da,持卡人消费,硕果园（工大商店）,-10.0,60.31,4645,正常
2016/05/01 17:44:29,aa91fe9925781898ae09ee4bfe4b8121d9a78865,0754c74a0ef66306ef813ba3d536f48c4ea5b7da,持卡人消费,硕果园（工大商店）,-5.0,55.31,4646,正常
2016/05/02 12:32:39,aa91fe9925781898ae09ee4bfe4b8121d9a78865,0754c74a0ef66306ef813ba3d536f48c4ea5b7da,持卡人消费,硕果园（工大商店）,-10.0,45.31,4647,正常
2016/05/02 12:33:29,aa91fe9925781898ae09ee4bfe4b8121d9a78865,0754c74a0ef66306ef813ba3d536f48c4ea5b7da,持卡人消费,硕果园（工大商店）,-4.0,41.31,4648,正常
2016/05/02 12:39:32,aa91fe9925781898ae09ee4bfe4b8121d9a78865,0754c74a0ef66306ef813ba3d536f48c4ea5b7da,持卡人消费,硕果园（工大商店）,-1.0,40.31,4649,正常
2016/05/02 16:48:00,aa91fe9925781898ae09ee4bfe4b8121d9a78865,0754c74a0ef66306ef813ba3d536f48c4ea5b7da,持卡人消费,一校区水控新,-1.89,38.42,4651,正常
2016/05/02 17:04:39,aa91fe9925781898ae09ee4bfe4b8121d9a78865,0754c74a0ef66306ef813ba3d536f48c4ea5b7da,持卡人消费,超市商务子系统,-12.0,26.42,4652,正常
2016/05/02 17:06:48,aa91fe9925781898ae09ee4bfe4b8121d9a78865,0754c74a0ef66306ef813ba3d536f48c4ea5b7da,持卡人消费,超市商务子系统,-0.8,25.62,4653,正常
2016/05/02 17:09:06,aa91fe9925781898ae09ee4bfe4b8121d9a78865,0754c74a0ef66306ef813ba3d536f48c4ea5b7da,持卡人消费,超市商务子系统,-9.3,16.32,4654,正常
2016/05/03 11:29:49,aa91fe9925781898ae09ee4bfe4b8121d9a78865,0754c74a0ef66306ef813ba3d536f48c4ea5b7da,持卡人消费,硕果园（工大商店）,-10.0,6.32,4655,正常
2016/05/03 17:06:24,aa91fe9925781898ae09ee4bfe4b8121d9a78865,0754c74a0ef66306ef813ba3d536f48c4ea5b7da,存款,现金充值机,100.0,106.32,4656,正常
2016/05/03 17:30:43,aa91fe9925781898ae09ee4bfe4b8121d9a78865,0754c74a0ef66306ef813ba3d536f48c4ea5b7da,持卡人消费,学苑楼商务网关,-8.0,98.32,4657,正常
2016/05/04 11:00:00,aa91fe9925781898ae09ee4bfe4b8121d9a78865,0754c74a0ef66306ef813ba3d536f48c4ea5b7da,持卡人消费,硕果园（工大商店）,-9.0,89.32,4658,正常
2016/05/04 17:41:45,aa91fe9925781898ae09ee4bfe4b8121d9a78865,0754c74a0ef66306ef813ba3d536f48c4ea5b7da,持卡人消费,超市商务子系统,-15.8,73.52,4659,正常
2016/05/04 17:44:11,aa91fe9925781898ae09ee4bfe4b8121d9a78865,0754c74a0ef66306ef813ba3d536f48c4ea5b7da,持卡人消费,超市商务子系统,-15.9,57.62,4660,正常
2016/05/05 17:32:35,aa91fe9925781898ae09ee4bfe4b8121d9a78865,0754c74a0ef66306ef813ba3d536f48c4ea5b7da,持卡人消费,学子楼商务网关,-9.0,48.62,4661,正常
2016/05/05 20:32:36,aa91fe9925781898ae09ee4bfe4b8121d9a78865,0754c74a0ef66306ef813ba3d536f48c4ea5b7da,持卡人消费,A18,-9.0,39.62,4662,正常
2016/05/06 12:33:24,aa91fe9925781898ae09ee4bfe4b8121d9a78865,0754c74a0ef66306ef813ba3d536f48c4ea5b7da,持卡人消费,一校区水控新,-1.82,37.80,4664,正常
2016/05/06 17:40:57,aa91fe9925781898ae09ee4bfe4b8121d9a78865,0754c74a0ef66306ef813ba3d536f48c4ea5b7da,持卡人消费,学苑楼商务网关,-8.0,29.80,4665,正常
2016/05/08 18:25:50,aa91fe9925781898ae09ee4bfe4b8121d9a78865,0754c74a0ef66306ef813ba3d536f48c4ea5b7da,持卡人消费,硕果园（工大商店）,-5.5,24.30,4666,正常
2016/05/09 11:34:43,aa91fe9925781898ae09ee4bfe4b8121d9a78865,0754c74a0ef66306ef813ba3d536f48c4ea5b7da,持卡人消费,学苑楼商务网关,-8.0,16.30,4667,正常
2016/05/09 11:36:45,aa91fe9925781898ae09ee4bfe4b8121d9a78865,0754c74a0ef66306ef813ba3d536f48c4ea5b7da,持卡人消费,学苑楼商务网关,-5.6,10.70,4668,正常
2016/05/09 17:13:14,aa91fe9925781898ae09ee4bfe4b8121d9a78865,0754c74a0ef66306ef813ba3d536f48c4ea5b7da,持卡人消费,学苑楼商务网关,-7.0,3.70,4669,正常
2016/05/09 17:15:02,aa91fe9925781898ae09ee4bfe4b8121d9a78865,0754c74a0ef66306ef813ba3d536f48c4ea5b7da,持卡人消费,学苑楼商务网关,-3.5,0.20,4670,正常
2016/05/10 10:53:28,aa91fe9925781898ae09ee4bfe4b8121d9a78865,0754c74a0ef66306ef813ba3d536f48c4ea5b7da,存款,现金充值机,100.0,100.20,4671,正常
2016/05/10 11:15:30,aa91fe9925781898ae09ee4bfe4b8121d9a78865,0754c74a0ef66306ef813ba3d536f48c4ea5b7da,持卡人消费,硕果园（工大商店）,-11.0,89.20,4672,正常
2016/05/10 11:16:34,aa91fe9925781898ae09ee4bfe4b8121d9a78865,0754c74a0ef66306ef813ba3d536f48c4ea5b7da,持卡人消费,硕果园（工大商店）,-4.0,85.20,4673,正常
2016/05/10 12:42:39,aa91fe9925781898ae09ee4bfe4b8121d9a78865,0754c74a0ef66306ef813ba3d536f48c4ea5b7da,持卡人消费,一校区水控新,-1.76,83.44,4675,正常
2016/05/10 17:28:36,aa91fe9925781898ae09ee4bfe4b8121d9a78865,0754c74a0ef66306ef813ba3d536f48c4ea5b7da,持卡人消费,学苑楼商务网关,-7.68,75.76,4676,正常
2016/05/10 17:31:46,aa91fe9925781898ae09ee4bfe4b8121d9a78865,0754c74a0ef66306ef813ba3d536f48c4ea5b7da,持卡人消费,学苑楼商务网关,-4.6,71.16,4677,正常
2016/05/10 17:31:56,aa91fe9925781898ae09ee4bfe4b8121d9a78865,0754c74a0ef66306ef813ba3d536f48c4ea5b7da,持卡人消费,学苑楼商务网关,-1.5,69.66,4678,正常
2016/05/11 17:36:37,aa91fe9925781898ae09ee4bfe4b8121d9a78865,0754c74a0ef66306ef813ba3d536f48c4ea5b7da,持卡人消费,学苑楼商务网关,-7.92,61.74,4679,正常
2016/05/11 17:38:44,aa91fe9925781898ae09ee4bfe4b8121d9a78865,0754c74a0ef66306ef813ba3d536f48c4ea5b7da,持卡人消费,学苑楼商务网关,-7.0,54.74,4680,正常
2016/05/11 17:38:57,aa91fe9925781898ae09ee4bfe4b8121d9a78865,0754c74a0ef66306ef813ba3d536f48c4ea5b7da,持卡人消费,学苑楼商务网关,-0.6,54.14,4681,正常
2016/05/12 11:31:45,aa91fe9925781898ae09ee4bfe4b8121d9a78865,0754c74a0ef66306ef813ba3d536f48c4ea5b7da,持卡人消费,硕果园（工大商店）,-20.9,33.24,4682,正常
2016/05/13 12:25:53,aa91fe9925781898ae09ee4bfe4b8121d9a78865,0754c74a0ef66306ef813ba3d536f48c4ea5b7da,持卡人消费,一校区水控新,-1.9,31.34,4684,正常
2016/05/13 17:26:49,aa91fe9925781898ae09ee4bfe4b8121d9a78865,0754c74a0ef66306ef813ba3d536f48c4ea5b7da,持卡人消费,学苑楼商务网关,-9.6,21.74,4685,正常
2016/05/13 17:29:22,aa91fe9925781898ae09ee4bfe4b8121d9a78865,0754c74a0ef66306ef813ba3d536f48c4ea5b7da,持卡人消费,学苑楼商务网关,-4.1,17.64,4686,正常
2016/05/13 19:23:17,aa91fe9925781898ae09ee4bfe4b8121d9a78865,0754c74a0ef66306ef813ba3d536f48c4ea5b7da,持卡人消费,硕果园（工大商店）,-0.5,17.14,4687,正常
2016/05/14 08:03:15,aa91fe9925781898ae09ee4bfe4b8121d9a78865,0754c74a0ef66306ef813ba3d536f48c4ea5b7da,持卡人消费,硕果园（工大商店）,-9.3,7.84,4688,正常
2016/05/14 11:08:15,aa91fe9925781898ae09ee4bfe4b8121d9a78865,0754c74a0ef66306ef813ba3d536f48c4ea5b7da,持卡人消费,硕果园（工大商店）,-4.0,3.84,4689,正常
2016/05/16 17:00:47,aa91fe9925781898ae09ee4bfe4b8121d9a78865,0754c74a0ef66306ef813ba3d536f48c4ea5b7da,存款,现金充值机,100.0,103.84,4690,正常
2016/05/16 17:22:46,aa91fe9925781898ae09ee4bfe4b8121d9a78865,0754c74a0ef66306ef813ba3d536f48c4ea5b7da,持卡人消费,学苑楼商务网关,-6.0,97.84,4691,正常
2016/05/17 11:28:20,aa91fe9925781898ae09ee4bfe4b8121d9a78865,0754c74a0ef66306ef813ba3d536f48c4ea5b7da,持卡人消费,硕果园（工大商店）,-8.0,89.84,4692,正常
2016/05/17 11:29:09,aa91fe9925781898ae09ee4bfe4b8121d9a78865,0754c74a0ef66306ef813ba3d536f48c4ea5b7da,持卡人消费,硕果园（工大商店）,-5.0,84.84,4693,正常
2016/05/17 12:17:57,aa91fe9925781898ae09ee4bfe4b8121d9a78865,0754c74a0ef66306ef813ba3d536f48c4ea5b7da,持卡人消费,一校区水控新,-1.86,82.98,4695,正常
2016/05/17 12:18:32,aa91fe9925781898ae09ee4bfe4b8121d9a78865,0754c74a0ef66306ef813ba3d536f48c4ea5b7da,持卡人消费,一校区水控新,-0.08,82.90,4697,正常
2016/05/18 09:55:36,aa91fe9925781898ae09ee4bfe4b8121d9a78865,0754c74a0ef66306ef813ba3d536f48c4ea5b7da,持卡人消费,硕果园（工大商店）,-3.9,79.00,4698,正常
2016/05/18 17:32:18,aa91fe9925781898ae09ee4bfe4b8121d9a78865,0754c74a0ef66306ef813ba3d536f48c4ea5b7da,持卡人消费,学苑楼商务网关,-9.36,69.64,4699,正常
2016/05/18 17:35:42,aa91fe9925781898ae09ee4bfe4b8121d9a78865,0754c74a0ef66306ef813ba3d536f48c4ea5b7da,持卡人消费,学苑楼商务网关,-4.6,65.04,4700,正常
2016/05/19 11:33:47,aa91fe9925781898ae09ee4bfe4b8121d9a78865,0754c74a0ef66306ef813ba3d536f48c4ea5b7da,持卡人消费,硕果园（工大商店）,-11.0,54.04,4701,正常
2016/05/19 11:34:17,aa91fe9925781898ae09ee4bfe4b8121d9a78865,0754c74a0ef66306ef813ba3d536f48c4ea5b7da,持卡人消费,硕果园（工大商店）,-5.0,49.04,4702,正常
2016/05/19 18:25:43,aa91fe9925781898ae09ee4bfe4b8121d9a78865,0754c74a0ef66306ef813ba3d536f48c4ea5b7da,持卡人消费,15公寓浴池,-1.9,47.14,4704,正常
2016/05/19 18:42:40,aa91fe9925781898ae09ee4bfe4b8121d9a78865,0754c74a0ef66306ef813ba3d536f48c4ea5b7da,持卡人消费,硕果园（工大商店）,-10.0,37.14,4705,正常
2016/05/20 08:17:56,aa91fe9925781898ae09ee4bfe4b8121d9a78865,0754c74a0ef66306ef813ba3d536f48c4ea5b7da,持卡人消费,学士楼商务网关,-3.0,34.14,4706,正常
2016/05/20 08:18:44,aa91fe9925781898ae09ee4bfe4b8121d9a78865,0754c74a0ef66306ef813ba3d536f48c4ea5b7da,持卡人消费,学士楼商务网关,-2.0,32.14,4707,正常
2016/05/20 11:35:13,aa91fe9925781898ae09ee4bfe4b8121d9a78865,0754c74a0ef66306ef813ba3d536f48c4ea5b7da,持卡人消费,硕果园（工大商店）,-10.0,22.14,4708,正常
2016/05/20 11:36:04,aa91fe9925781898ae09ee4bfe4b8121d9a78865,0754c74a0ef66306ef813ba3d536f48c4ea5b7da,持卡人消费,硕果园（工大商店）,-5.0,17.14,4709,正常
2016/05/20 20:36:42,aa91fe9925781898ae09ee4bfe4b8121d9a78865,0754c74a0ef66306ef813ba3d536f48c4ea5b7da,持卡人消费,一校区水控新,-1.69,15.45,4710,正常
2016/05/22 19:23:29,aa91fe9925781898ae09ee4bfe4b8121d9a78865,0754c74a0ef66306ef813ba3d536f48c4ea5b7da,持卡人消费,一校区水控新,-1.57,13.88,4712,正常
2016/05/22 19:37:15,aa91fe9925781898ae09ee4bfe4b8121d9a78865,0754c74a0ef66306ef813ba3d536f48c4ea5b7da,持卡人消费,A18,-3.0,10.88,4713,正常
2016/05/23 08:42:24,aa91fe9925781898ae09ee4bfe4b8121d9a78865,0754c74a0ef66306ef813ba3d536f48c4ea5b7da,存款,现金充值机,100.0,110.88,4714,正常
2016/05/23 09:06:45,aa91fe9925781898ae09ee4bfe4b8121d9a78865,0754c74a0ef66306ef813ba3d536f48c4ea5b7da,持卡人消费,硕果园（工大商店）,-6.9,103.98,4715,正常
2016/05/23 11:30:14,aa91fe9925781898ae09ee4bfe4b8121d9a78865,0754c74a0ef66306ef813ba3d536f48c4ea5b7da,持卡人消费,硕果园（工大商店）,-12.0,91.98,4716,正常
2016/05/23 11:32:11,aa91fe9925781898ae09ee4bfe4b8121d9a78865,0754c74a0ef66306ef813ba3d536f48c4ea5b7da,持卡人消费,硕果园（工大商店）,-5.0,86.98,4717,正常
2016/05/23 17:27:55,aa91fe9925781898ae09ee4bfe4b8121d9a78865,0754c74a0ef66306ef813ba3d536f48c4ea5b7da,持卡人消费,硕果园（工大商店）,-10.0,76.98,4718,正常
2016/05/24 09:27:15,aa91fe9925781898ae09ee4bfe4b8121d9a78865,0754c74a0ef66306ef813ba3d536f48c4ea5b7da,持卡人消费,硕果园（工大商店）,-8.5,38.48,4720,正常
2016/05/25 12:40:55,aa91fe9925781898ae09ee4bfe4b8121d9a78865,0754c74a0ef66306ef813ba3d536f48c4ea5b7da,持卡人消费,一校区水控新,-1.6,36.88,4721,正常
2016/05/25 17:22:40,aa91fe9925781898ae09ee4bfe4b8121d9a78865,0754c74a0ef66306ef813ba3d536f48c4ea5b7da,持卡人消费,学苑楼商务网关,-7.0,29.88,4722,正常
2016/05/25 21:07:56,aa91fe9925781898ae09ee4bfe4b8121d9a78865,0754c74a0ef66306ef813ba3d536f48c4ea5b7da,持卡人消费,A18,-9.0,20.88,4723,正常
2016/05/26 17:23:24,aa91fe9925781898ae09ee4bfe4b8121d9a78865,0754c74a0ef66306ef813ba3d536f48c4ea5b7da,持卡人消费,学苑楼商务网关,-11.04,9.84,4724,正常
2016/05/26 17:24:55,aa91fe9925781898ae09ee4bfe4b8121d9a78865,0754c74a0ef66306ef813ba3d536f48c4ea5b7da,持卡人消费,学苑楼商务网关,-0.6,9.24,4725,正常
2016/05/27 09:46:45,aa91fe9925781898ae09ee4bfe4b8121d9a78865,0754c74a0ef66306ef813ba3d536f48c4ea5b7da,持卡人消费,硕果园（工大商店）,-8.0,1.24,4726,正常
2016/05/27 13:32:58,aa91fe9925781898ae09ee4bfe4b8121d9a78865,0754c74a0ef66306ef813ba3d536f48c4ea5b7da,存款,现金充值机,100.0,101.24,4727,正常
2016/05/27 20:45:14,aa91fe9925781898ae09ee4bfe4b8121d9a78865,0754c74a0ef66306ef813ba3d536f48c4ea5b7da,持卡人消费,一校区水控新,-2.0,99.24,4728,正常
2016/05/27 20:48:41,aa91fe9925781898ae09ee4bfe4b8121d9a78865,0754c74a0ef66306ef813ba3d536f48c4ea5b7da,持卡人消费,一校区水控新,-0.66,98.58,4730,正常
2016/05/29 11:31:03,aa91fe9925781898ae09ee4bfe4b8121d9a78865,0754c74a0ef66306ef813ba3d536f48c4ea5b7da,持卡人消费,硕果园（工大商店）,-11.0,87.58,4731,正常
2016/05/29 11:32:11,aa91fe9925781898ae09ee4bfe4b8121d9a78865,0754c74a0ef66306ef813ba3d536f48c4ea5b7da,持卡人消费,硕果园（工大商店）,-5.0,82.58,4732,正常
2016/05/29 19:04:33,aa91fe9925781898ae09ee4bfe4b8121d9a78865,0754c74a0ef66306ef813ba3d536f48c4ea5b7da,持卡人消费,一校区水控新,-2.0,80.58,4733,正常
2016/05/29 19:10:47,aa91fe9925781898ae09ee4bfe4b8121d9a78865,0754c74a0ef66306ef813ba3d536f48c4ea5b7da,持卡人消费,一校区水控新,-1.18,79.40,4735,正常
2016/05/29 19:49:45,aa91fe9925781898ae09ee4bfe4b8121d9a78865,0754c74a0ef66306ef813ba3d536f48c4ea5b7da,持卡人消费,超市商务子系统,-7.0,72.40,4736,正常
2016/05/30 09:41:33,aa91fe9925781898ae09ee4bfe4b8121d9a78865,0754c74a0ef66306ef813ba3d536f48c4ea5b7da,持卡人消费,硕果园（工大商店）,-6.5,65.90,4737,正常
2016/05/30 11:31:50,aa91fe9925781898ae09ee4bfe4b8121d9a78865,0754c74a0ef66306ef813ba3d536f48c4ea5b7da,持卡人消费,硕果园（工大商店）,-10.0,55.90,4738,正常
2016/05/30 11:32:42,aa91fe9925781898ae09ee4bfe4b8121d9a78865,0754c74a0ef66306ef813ba3d536f48c4ea5b7da,持卡人消费,硕果园（工大商店）,-5.0,50.90,4739,正常
2016/05/31 11:36:37,aa91fe9925781898ae09ee4bfe4b8121d9a78865,0754c74a0ef66306ef813ba3d536f48c4ea5b7da,持卡人消费,硕果园（工大商店）,-12.0,38.90,4740,正常
2016/05/31 11:37:30,aa91fe9925781898ae09ee4bfe4b8121d9a78865,0754c74a0ef66306ef813ba3d536f48c4ea5b7da,持卡人消费,硕果园（工大商店）,-4.6,34.30,4741,正常
2016/05/31 17:42:29,aa91fe9925781898ae09ee4bfe4b8121d9a78865,0754c74a0ef66306ef813ba3d536f48c4ea5b7da,持卡人消费,一校区水控新,-2.0,32.30,4742,正常
2016/05/31 17:43:38,aa91fe9925781898ae09ee4bfe4b8121d9a78865,0754c74a0ef66306ef813ba3d536f48c4ea5b7da,持卡人消费,一校区水控新,-0.21,32.09,4744,正常
