交易发生时间,学号,姓名,交易类型,子系统名称,交易额,现有余额,次数,状态
2016/05/11 17:52:43,8374026a618a9213e61e2ac49b202af2dd929ed7,07dffdf1601de04f1f7d8676e3ebbe1f9357ad79,持卡人消费,学子超市A05,-0.5,0.49,1677,正常
2016/05/25 10:23:20,8374026a618a9213e61e2ac49b202af2dd929ed7,07dffdf1601de04f1f7d8676e3ebbe1f9357ad79,存款,现金充值机,100.0,100.49,1678,正常
2016/05/25 10:45:44,8374026a618a9213e61e2ac49b202af2dd929ed7,07dffdf1601de04f1f7d8676e3ebbe1f9357ad79,持卡人消费,学子超市A05,-1.5,98.99,1679,正常
2016/05/25 10:43:02,8374026a618a9213e61e2ac49b202af2dd929ed7,07dffdf1601de04f1f7d8676e3ebbe1f9357ad79,持卡人消费,网络中心,-50.0,48.99,1680,正常
2016/05/31 14:47:43,8374026a618a9213e61e2ac49b202af2dd929ed7,07dffdf1601de04f1f7d8676e3ebbe1f9357ad79,持卡人消费,土木楼图书馆POS,-1.95,47.04,1681,正常
