交易发生时间,学号,姓名,交易类型,子系统名称,交易额,现有余额,次数,状态
2016/05/05 10:53:55,6cdd39ef3699311ea8096f4fd2846c2559e0a261,07ecbadf00a806dab450c6aec6ff48aea6a27179,持卡人消费,学苑楼商务网关,-5.0,84.10,1385,正常
2016/05/05 10:54:12,6cdd39ef3699311ea8096f4fd2846c2559e0a261,07ecbadf00a806dab450c6aec6ff48aea6a27179,持卡人消费,学苑楼商务网关,-0.4,83.70,1386,正常
2016/05/05 10:55:02,6cdd39ef3699311ea8096f4fd2846c2559e0a261,07ecbadf00a806dab450c6aec6ff48aea6a27179,持卡人消费,学苑楼商务网关,-3.0,80.70,1387,正常
2016/05/05 10:55:38,6cdd39ef3699311ea8096f4fd2846c2559e0a261,07ecbadf00a806dab450c6aec6ff48aea6a27179,持卡人消费,学苑楼商务网关,-1.0,79.70,1388,正常
2016/05/05 10:56:09,6cdd39ef3699311ea8096f4fd2846c2559e0a261,07ecbadf00a806dab450c6aec6ff48aea6a27179,持卡人消费,学苑楼商务网关,-4.0,75.70,1389,正常
2016/05/05 10:57:49,6cdd39ef3699311ea8096f4fd2846c2559e0a261,07ecbadf00a806dab450c6aec6ff48aea6a27179,持卡人消费,学苑楼商务网关,-1.5,74.20,1390,正常
2016/05/05 11:05:58,6cdd39ef3699311ea8096f4fd2846c2559e0a261,07ecbadf00a806dab450c6aec6ff48aea6a27179,持卡人消费,学苑楼商务网关,-5.0,69.20,1391,正常
2016/05/05 17:19:49,6cdd39ef3699311ea8096f4fd2846c2559e0a261,07ecbadf00a806dab450c6aec6ff48aea6a27179,持卡人消费,学苑楼商务网关,-3.0,66.20,1392,正常
2016/05/05 17:20:36,6cdd39ef3699311ea8096f4fd2846c2559e0a261,07ecbadf00a806dab450c6aec6ff48aea6a27179,持卡人消费,学苑楼商务网关,-2.5,63.70,1393,正常
2016/05/05 17:23:46,6cdd39ef3699311ea8096f4fd2846c2559e0a261,07ecbadf00a806dab450c6aec6ff48aea6a27179,持卡人消费,学苑楼商务网关,-3.0,60.70,1394,正常
2016/05/05 17:24:24,6cdd39ef3699311ea8096f4fd2846c2559e0a261,07ecbadf00a806dab450c6aec6ff48aea6a27179,持卡人消费,学苑楼商务网关,-1.5,59.20,1395,正常
2016/05/05 17:25:17,6cdd39ef3699311ea8096f4fd2846c2559e0a261,07ecbadf00a806dab450c6aec6ff48aea6a27179,持卡人消费,学苑楼商务网关,-0.2,59.00,1396,正常
2016/05/06 18:04:34,6cdd39ef3699311ea8096f4fd2846c2559e0a261,07ecbadf00a806dab450c6aec6ff48aea6a27179,持卡人消费,学苑楼商务网关,-6.0,53.00,1397,正常
2016/05/06 18:23:45,6cdd39ef3699311ea8096f4fd2846c2559e0a261,07ecbadf00a806dab450c6aec6ff48aea6a27179,存款,学苑楼综合业务3,200.0,253.00,1398,正常
2016/05/10 11:53:17,6cdd39ef3699311ea8096f4fd2846c2559e0a261,07ecbadf00a806dab450c6aec6ff48aea6a27179,持卡人消费,学苑楼商务网关,-7.0,246.00,1399,正常
2016/05/10 11:56:37,6cdd39ef3699311ea8096f4fd2846c2559e0a261,07ecbadf00a806dab450c6aec6ff48aea6a27179,持卡人消费,学苑楼商务网关,-1.0,245.00,1400,正常
2016/05/10 11:56:55,6cdd39ef3699311ea8096f4fd2846c2559e0a261,07ecbadf00a806dab450c6aec6ff48aea6a27179,持卡人消费,学苑楼商务网关,-1.0,244.00,1401,正常
2016/05/10 11:57:50,6cdd39ef3699311ea8096f4fd2846c2559e0a261,07ecbadf00a806dab450c6aec6ff48aea6a27179,持卡人消费,学苑楼商务网关,-1.0,243.00,1402,正常
2016/05/10 12:00:47,6cdd39ef3699311ea8096f4fd2846c2559e0a261,07ecbadf00a806dab450c6aec6ff48aea6a27179,持卡人消费,学苑楼商务网关,-1.5,241.50,1403,正常
2016/05/10 12:12:05,6cdd39ef3699311ea8096f4fd2846c2559e0a261,07ecbadf00a806dab450c6aec6ff48aea6a27179,持卡人消费,学苑楼商务网关,-9.0,232.50,1404,正常
2016/05/11 11:41:59,6cdd39ef3699311ea8096f4fd2846c2559e0a261,07ecbadf00a806dab450c6aec6ff48aea6a27179,持卡人消费,学苑楼商务网关,-7.5,225.00,1405,正常
2016/05/11 11:43:52,6cdd39ef3699311ea8096f4fd2846c2559e0a261,07ecbadf00a806dab450c6aec6ff48aea6a27179,持卡人消费,学苑楼商务网关,-6.0,219.00,1406,正常
2016/05/11 11:48:35,6cdd39ef3699311ea8096f4fd2846c2559e0a261,07ecbadf00a806dab450c6aec6ff48aea6a27179,持卡人消费,学苑楼商务网关,-7.0,212.00,1407,正常
2016/05/11 11:48:46,6cdd39ef3699311ea8096f4fd2846c2559e0a261,07ecbadf00a806dab450c6aec6ff48aea6a27179,持卡人消费,学苑楼商务网关,-0.1,211.90,1408,正常
2016/05/11 11:49:39,6cdd39ef3699311ea8096f4fd2846c2559e0a261,07ecbadf00a806dab450c6aec6ff48aea6a27179,持卡人消费,学苑楼商务网关,-3.6,208.30,1409,正常
2016/05/11 16:38:24,6cdd39ef3699311ea8096f4fd2846c2559e0a261,07ecbadf00a806dab450c6aec6ff48aea6a27179,持卡人消费,学苑楼商务网关,-3.0,205.30,1410,正常
2016/05/11 16:39:47,6cdd39ef3699311ea8096f4fd2846c2559e0a261,07ecbadf00a806dab450c6aec6ff48aea6a27179,持卡人消费,学苑楼商务网关,-2.0,203.30,1411,正常
2016/05/11 16:41:25,6cdd39ef3699311ea8096f4fd2846c2559e0a261,07ecbadf00a806dab450c6aec6ff48aea6a27179,持卡人消费,学苑楼商务网关,-1.5,201.80,1412,正常
2016/05/11 16:46:48,6cdd39ef3699311ea8096f4fd2846c2559e0a261,07ecbadf00a806dab450c6aec6ff48aea6a27179,持卡人消费,学苑楼商务网关,-0.8,201.00,1413,正常
2016/05/11 16:48:15,6cdd39ef3699311ea8096f4fd2846c2559e0a261,07ecbadf00a806dab450c6aec6ff48aea6a27179,持卡人消费,学苑楼商务网关,-3.7,197.30,1414,正常
2016/05/16 11:51:47,6cdd39ef3699311ea8096f4fd2846c2559e0a261,07ecbadf00a806dab450c6aec6ff48aea6a27179,持卡人消费,学苑楼商务网关,-4.0,193.30,1415,正常
2016/05/16 11:53:12,6cdd39ef3699311ea8096f4fd2846c2559e0a261,07ecbadf00a806dab450c6aec6ff48aea6a27179,持卡人消费,学苑楼商务网关,-7.0,186.30,1416,正常
2016/05/16 11:54:17,6cdd39ef3699311ea8096f4fd2846c2559e0a261,07ecbadf00a806dab450c6aec6ff48aea6a27179,持卡人消费,学苑楼商务网关,-0.4,185.90,1417,正常
2016/05/16 12:00:38,6cdd39ef3699311ea8096f4fd2846c2559e0a261,07ecbadf00a806dab450c6aec6ff48aea6a27179,持卡人消费,学苑楼商务网关,-4.1,181.80,1418,正常
2016/05/18 12:04:01,6cdd39ef3699311ea8096f4fd2846c2559e0a261,07ecbadf00a806dab450c6aec6ff48aea6a27179,持卡人消费,学苑楼商务网关,-7.5,174.30,1419,正常
2016/05/18 12:07:08,6cdd39ef3699311ea8096f4fd2846c2559e0a261,07ecbadf00a806dab450c6aec6ff48aea6a27179,持卡人消费,学苑楼商务网关,-4.8,169.50,1420,正常
2016/05/18 12:07:44,6cdd39ef3699311ea8096f4fd2846c2559e0a261,07ecbadf00a806dab450c6aec6ff48aea6a27179,持卡人消费,学苑楼商务网关,-7.0,162.50,1421,正常
2016/05/23 11:59:23,6cdd39ef3699311ea8096f4fd2846c2559e0a261,07ecbadf00a806dab450c6aec6ff48aea6a27179,持卡人消费,学苑楼商务网关,-7.5,155.00,1422,正常
2016/05/23 12:00:17,6cdd39ef3699311ea8096f4fd2846c2559e0a261,07ecbadf00a806dab450c6aec6ff48aea6a27179,持卡人消费,学苑楼商务网关,-7.0,148.00,1423,正常
2016/05/23 12:01:24,6cdd39ef3699311ea8096f4fd2846c2559e0a261,07ecbadf00a806dab450c6aec6ff48aea6a27179,持卡人消费,学苑楼商务网关,-5.0,143.00,1424,正常
2016/05/23 12:11:51,6cdd39ef3699311ea8096f4fd2846c2559e0a261,07ecbadf00a806dab450c6aec6ff48aea6a27179,持卡人消费,学苑楼商务网关,-0.1,142.90,1425,正常
2016/05/25 16:40:53,6cdd39ef3699311ea8096f4fd2846c2559e0a261,07ecbadf00a806dab450c6aec6ff48aea6a27179,持卡人消费,学苑楼商务网关,-6.1,136.80,1426,正常
2016/05/25 16:41:47,6cdd39ef3699311ea8096f4fd2846c2559e0a261,07ecbadf00a806dab450c6aec6ff48aea6a27179,持卡人消费,学苑楼商务网关,-0.5,136.30,1427,正常
2016/05/26 11:34:07,6cdd39ef3699311ea8096f4fd2846c2559e0a261,07ecbadf00a806dab450c6aec6ff48aea6a27179,持卡人消费,土木楼网关,-2.5,133.80,1428,正常
2016/05/26 11:35:19,6cdd39ef3699311ea8096f4fd2846c2559e0a261,07ecbadf00a806dab450c6aec6ff48aea6a27179,持卡人消费,土木楼网关,-6.0,127.80,1429,正常
2016/05/26 11:35:47,6cdd39ef3699311ea8096f4fd2846c2559e0a261,07ecbadf00a806dab450c6aec6ff48aea6a27179,持卡人消费,土木楼网关,-0.4,127.40,1430,正常
2016/05/28 17:11:43,6cdd39ef3699311ea8096f4fd2846c2559e0a261,07ecbadf00a806dab450c6aec6ff48aea6a27179,持卡人消费,学苑楼商务网关,-7.0,120.40,1431,正常
2016/05/28 17:12:20,6cdd39ef3699311ea8096f4fd2846c2559e0a261,07ecbadf00a806dab450c6aec6ff48aea6a27179,持卡人消费,学苑楼商务网关,-5.0,115.40,1432,正常
2016/05/28 17:12:51,6cdd39ef3699311ea8096f4fd2846c2559e0a261,07ecbadf00a806dab450c6aec6ff48aea6a27179,持卡人消费,学苑楼商务网关,-0.4,115.00,1433,正常
2016/05/28 17:15:18,6cdd39ef3699311ea8096f4fd2846c2559e0a261,07ecbadf00a806dab450c6aec6ff48aea6a27179,持卡人消费,学苑楼商务网关,-6.0,109.00,1434,正常
2016/05/28 17:15:34,6cdd39ef3699311ea8096f4fd2846c2559e0a261,07ecbadf00a806dab450c6aec6ff48aea6a27179,持卡人消费,学苑楼商务网关,-2.0,107.00,1435,正常
2016/05/28 17:16:18,6cdd39ef3699311ea8096f4fd2846c2559e0a261,07ecbadf00a806dab450c6aec6ff48aea6a27179,持卡人消费,学苑楼商务网关,-3.6,103.40,1436,正常
2016/05/29 17:36:29,6cdd39ef3699311ea8096f4fd2846c2559e0a261,07ecbadf00a806dab450c6aec6ff48aea6a27179,持卡人消费,学苑楼商务网关,-0.8,102.60,1437,正常
2016/05/29 17:37:47,6cdd39ef3699311ea8096f4fd2846c2559e0a261,07ecbadf00a806dab450c6aec6ff48aea6a27179,持卡人消费,学苑楼商务网关,-3.0,99.60,1438,正常
2016/05/29 17:46:37,6cdd39ef3699311ea8096f4fd2846c2559e0a261,07ecbadf00a806dab450c6aec6ff48aea6a27179,持卡人消费,学苑楼商务网关,-2.2,97.40,1439,正常
2016/05/29 17:48:47,6cdd39ef3699311ea8096f4fd2846c2559e0a261,07ecbadf00a806dab450c6aec6ff48aea6a27179,存款,卡中心综合业务,100.0,197.40,1440,正常
