交易发生时间,学号,姓名,交易类型,子系统名称,交易额,现有余额,次数,状态
2016/05/02 18:07:46,2c04d0f413a4bca19335c496b4d2fb4f9edef7e3,07ffb5559316d267ec592d1812c168e7feb9226a,持卡人消费,学士楼商务网关,-7.0,63.67,5202,正常
2016/05/02 18:10:54,2c04d0f413a4bca19335c496b4d2fb4f9edef7e3,07ffb5559316d267ec592d1812c168e7feb9226a,持卡人消费,学士楼商务网关,-1.7,61.97,5203,正常
2016/05/03 08:05:07,2c04d0f413a4bca19335c496b4d2fb4f9edef7e3,07ffb5559316d267ec592d1812c168e7feb9226a,持卡人消费,学苑楼商务网关,-0.3,61.67,5204,正常
2016/05/03 08:06:19,2c04d0f413a4bca19335c496b4d2fb4f9edef7e3,07ffb5559316d267ec592d1812c168e7feb9226a,持卡人消费,学苑楼商务网关,-2.5,59.17,5205,正常
2016/05/03 12:49:40,2c04d0f413a4bca19335c496b4d2fb4f9edef7e3,07ffb5559316d267ec592d1812c168e7feb9226a,持卡人消费,硕果园（工大商店）,-14.3,44.87,5206,正常
2016/05/03 12:51:48,2c04d0f413a4bca19335c496b4d2fb4f9edef7e3,07ffb5559316d267ec592d1812c168e7feb9226a,持卡人消费,硕果园（工大商店）,-2.5,42.37,5207,正常
2016/05/03 18:14:48,2c04d0f413a4bca19335c496b4d2fb4f9edef7e3,07ffb5559316d267ec592d1812c168e7feb9226a,存款,学苑楼综合业务3,100.0,142.37,5208,正常
2016/05/03 18:19:28,2c04d0f413a4bca19335c496b4d2fb4f9edef7e3,07ffb5559316d267ec592d1812c168e7feb9226a,持卡人消费,学苑楼商务网关,-7.0,135.37,5209,正常
2016/05/03 20:23:15,2c04d0f413a4bca19335c496b4d2fb4f9edef7e3,07ffb5559316d267ec592d1812c168e7feb9226a,持卡人消费,硕果园（工大商店）,-5.5,129.87,5210,正常
2016/05/04 08:20:09,2c04d0f413a4bca19335c496b4d2fb4f9edef7e3,07ffb5559316d267ec592d1812c168e7feb9226a,持卡人消费,学苑楼商务网关,-0.3,129.57,5211,正常
2016/05/04 08:21:14,2c04d0f413a4bca19335c496b4d2fb4f9edef7e3,07ffb5559316d267ec592d1812c168e7feb9226a,持卡人消费,学苑楼商务网关,-1.3,128.27,5212,正常
2016/05/04 11:01:32,2c04d0f413a4bca19335c496b4d2fb4f9edef7e3,07ffb5559316d267ec592d1812c168e7feb9226a,持卡人消费,学士楼商务网关,-7.2,121.07,5213,正常
2016/05/05 15:48:55,2c04d0f413a4bca19335c496b4d2fb4f9edef7e3,07ffb5559316d267ec592d1812c168e7feb9226a,持卡人消费,硕果园（工大商店）,-11.4,109.67,5214,正常
2016/05/06 08:32:29,2c04d0f413a4bca19335c496b4d2fb4f9edef7e3,07ffb5559316d267ec592d1812c168e7feb9226a,持卡人消费,学士楼商务网关,-1.5,108.17,5215,正常
2016/05/06 08:32:46,2c04d0f413a4bca19335c496b4d2fb4f9edef7e3,07ffb5559316d267ec592d1812c168e7feb9226a,持卡人消费,学士楼商务网关,-0.9,107.27,5216,正常
2016/05/06 11:28:40,2c04d0f413a4bca19335c496b4d2fb4f9edef7e3,07ffb5559316d267ec592d1812c168e7feb9226a,持卡人消费,学苑楼商务网关,-2.5,104.77,5217,正常
2016/05/06 11:30:47,2c04d0f413a4bca19335c496b4d2fb4f9edef7e3,07ffb5559316d267ec592d1812c168e7feb9226a,持卡人消费,学苑楼商务网关,-1.7,103.07,5218,正常
2016/05/06 11:33:09,2c04d0f413a4bca19335c496b4d2fb4f9edef7e3,07ffb5559316d267ec592d1812c168e7feb9226a,持卡人消费,学苑楼商务网关,-7.0,96.07,5219,正常
2016/05/06 19:01:25,2c04d0f413a4bca19335c496b4d2fb4f9edef7e3,07ffb5559316d267ec592d1812c168e7feb9226a,持卡人消费,超市商务子系统,-32.4,63.67,5220,正常
2016/05/07 11:28:13,2c04d0f413a4bca19335c496b4d2fb4f9edef7e3,07ffb5559316d267ec592d1812c168e7feb9226a,持卡人消费,学苑楼商务网关,-7.0,56.67,5221,正常
2016/05/07 11:33:10,2c04d0f413a4bca19335c496b4d2fb4f9edef7e3,07ffb5559316d267ec592d1812c168e7feb9226a,持卡人消费,学苑楼商务网关,-8.0,48.67,5222,正常
2016/05/07 19:23:44,2c04d0f413a4bca19335c496b4d2fb4f9edef7e3,07ffb5559316d267ec592d1812c168e7feb9226a,持卡人消费,硕果园（工大商店）,-6.0,42.67,5223,正常
2016/05/07 19:26:02,2c04d0f413a4bca19335c496b4d2fb4f9edef7e3,07ffb5559316d267ec592d1812c168e7feb9226a,持卡人消费,硕果园（工大商店）,-10.0,32.67,5224,正常
2016/05/07 19:57:10,2c04d0f413a4bca19335c496b4d2fb4f9edef7e3,07ffb5559316d267ec592d1812c168e7feb9226a,持卡人消费,硕果园（工大商店）,-6.5,26.17,5225,正常
2016/05/08 14:07:34,2c04d0f413a4bca19335c496b4d2fb4f9edef7e3,07ffb5559316d267ec592d1812c168e7feb9226a,持卡人消费,硕果园（工大商店）,-12.0,14.17,5226,正常
2016/05/08 18:22:09,2c04d0f413a4bca19335c496b4d2fb4f9edef7e3,07ffb5559316d267ec592d1812c168e7feb9226a,持卡人消费,硕果园（工大商店）,-4.5,9.67,5227,正常
2016/05/08 18:28:57,2c04d0f413a4bca19335c496b4d2fb4f9edef7e3,07ffb5559316d267ec592d1812c168e7feb9226a,持卡人消费,硕果园（工大商店）,-6.0,3.67,5228,正常
2016/05/08 20:53:26,2c04d0f413a4bca19335c496b4d2fb4f9edef7e3,07ffb5559316d267ec592d1812c168e7feb9226a,持卡人消费,硕果园（工大商店）,-1.0,2.67,5229,正常
2016/05/09 16:35:45,2c04d0f413a4bca19335c496b4d2fb4f9edef7e3,07ffb5559316d267ec592d1812c168e7feb9226a,存款,现金充值机,70.0,72.67,5230,正常
2016/05/09 16:57:46,2c04d0f413a4bca19335c496b4d2fb4f9edef7e3,07ffb5559316d267ec592d1812c168e7feb9226a,持卡人消费,学苑楼商务网关,-9.0,63.67,5231,正常
2016/05/10 14:28:54,2c04d0f413a4bca19335c496b4d2fb4f9edef7e3,07ffb5559316d267ec592d1812c168e7feb9226a,持卡人消费,硕果园（工大商店）,-9.0,54.67,5232,正常
2016/05/10 14:29:40,2c04d0f413a4bca19335c496b4d2fb4f9edef7e3,07ffb5559316d267ec592d1812c168e7feb9226a,持卡人消费,硕果园（工大商店）,-2.0,52.67,5233,正常
2016/05/11 07:52:57,2c04d0f413a4bca19335c496b4d2fb4f9edef7e3,07ffb5559316d267ec592d1812c168e7feb9226a,持卡人消费,网络中心,-30.0,22.67,5234,正常
2016/05/11 08:01:26,2c04d0f413a4bca19335c496b4d2fb4f9edef7e3,07ffb5559316d267ec592d1812c168e7feb9226a,持卡人消费,学苑楼商务网关,-0.3,22.37,5235,正常
2016/05/11 08:02:32,2c04d0f413a4bca19335c496b4d2fb4f9edef7e3,07ffb5559316d267ec592d1812c168e7feb9226a,持卡人消费,学苑楼商务网关,-1.1,21.27,5236,正常
2016/05/11 11:21:13,2c04d0f413a4bca19335c496b4d2fb4f9edef7e3,07ffb5559316d267ec592d1812c168e7feb9226a,持卡人消费,一区图书馆APOS,-0.2,21.07,5237,正常
2016/05/11 11:26:37,2c04d0f413a4bca19335c496b4d2fb4f9edef7e3,07ffb5559316d267ec592d1812c168e7feb9226a,持卡人消费,硕果园（工大商店）,-2.5,18.57,5238,正常
2016/05/11 11:28:59,2c04d0f413a4bca19335c496b4d2fb4f9edef7e3,07ffb5559316d267ec592d1812c168e7feb9226a,持卡人消费,硕果园（工大商店）,-9.2,9.37,5239,正常
2016/05/11 17:35:55,2c04d0f413a4bca19335c496b4d2fb4f9edef7e3,07ffb5559316d267ec592d1812c168e7feb9226a,持卡人消费,学苑楼商务网关,-8.0,1.37,5240,正常
2016/05/11 17:36:56,2c04d0f413a4bca19335c496b4d2fb4f9edef7e3,07ffb5559316d267ec592d1812c168e7feb9226a,持卡人消费,学苑楼商务网关,-0.4,0.97,5241,正常
2016/05/11 17:54:28,2c04d0f413a4bca19335c496b4d2fb4f9edef7e3,07ffb5559316d267ec592d1812c168e7feb9226a,存款,学苑楼综合业务3,100.0,100.97,5242,正常
2016/05/11 21:32:39,2c04d0f413a4bca19335c496b4d2fb4f9edef7e3,07ffb5559316d267ec592d1812c168e7feb9226a,持卡人消费,超市商务子系统,-9.9,91.07,5243,正常
2016/05/12 13:36:33,2c04d0f413a4bca19335c496b4d2fb4f9edef7e3,07ffb5559316d267ec592d1812c168e7feb9226a,持卡人消费,超市商务子系统,-5.6,85.47,5244,正常
2016/05/13 08:08:27,2c04d0f413a4bca19335c496b4d2fb4f9edef7e3,07ffb5559316d267ec592d1812c168e7feb9226a,持卡人消费,学士楼商务网关,-6.7,78.77,5245,正常
2016/05/13 08:08:30,2c04d0f413a4bca19335c496b4d2fb4f9edef7e3,07ffb5559316d267ec592d1812c168e7feb9226a,持卡人消费,学士楼商务网关,-0.5,78.27,5246,正常
2016/05/14 11:16:50,2c04d0f413a4bca19335c496b4d2fb4f9edef7e3,07ffb5559316d267ec592d1812c168e7feb9226a,持卡人消费,硕果园（工大商店）,-9.0,69.27,5247,正常
2016/05/14 11:18:05,2c04d0f413a4bca19335c496b4d2fb4f9edef7e3,07ffb5559316d267ec592d1812c168e7feb9226a,持卡人消费,硕果园（工大商店）,-2.0,67.27,5248,正常
2016/05/14 18:38:49,2c04d0f413a4bca19335c496b4d2fb4f9edef7e3,07ffb5559316d267ec592d1812c168e7feb9226a,持卡人消费,硕果园（工大商店）,-9.0,58.27,5249,正常
2016/05/14 19:12:07,2c04d0f413a4bca19335c496b4d2fb4f9edef7e3,07ffb5559316d267ec592d1812c168e7feb9226a,持卡人消费,超市商务子系统,-12.0,46.27,5250,正常
2016/05/14 19:45:18,2c04d0f413a4bca19335c496b4d2fb4f9edef7e3,07ffb5559316d267ec592d1812c168e7feb9226a,持卡人消费,超市商务子系统,-8.9,37.37,5251,正常
2016/05/15 12:41:04,2c04d0f413a4bca19335c496b4d2fb4f9edef7e3,07ffb5559316d267ec592d1812c168e7feb9226a,持卡人消费,A18,-6.0,31.37,5252,正常
2016/05/15 18:26:11,2c04d0f413a4bca19335c496b4d2fb4f9edef7e3,07ffb5559316d267ec592d1812c168e7feb9226a,持卡人消费,硕果园（工大商店）,-9.2,22.17,5253,正常
2016/05/15 18:26:42,2c04d0f413a4bca19335c496b4d2fb4f9edef7e3,07ffb5559316d267ec592d1812c168e7feb9226a,持卡人消费,硕果园（工大商店）,-6.0,16.17,5254,正常
2016/05/15 18:52:25,2c04d0f413a4bca19335c496b4d2fb4f9edef7e3,07ffb5559316d267ec592d1812c168e7feb9226a,持卡人消费,硕果园（工大商店）,-2.5,13.67,5255,正常
2016/05/16 09:11:00,2c04d0f413a4bca19335c496b4d2fb4f9edef7e3,07ffb5559316d267ec592d1812c168e7feb9226a,持卡人消费,学士楼商务网关,-6.0,7.67,5256,正常
2016/05/16 09:11:07,2c04d0f413a4bca19335c496b4d2fb4f9edef7e3,07ffb5559316d267ec592d1812c168e7feb9226a,持卡人消费,学士楼商务网关,-7.0,0.67,5257,正常
2016/05/16 09:03:12,2c04d0f413a4bca19335c496b4d2fb4f9edef7e3,07ffb5559316d267ec592d1812c168e7feb9226a,存款,现金充值机,100.0,100.67,5258,正常
2016/05/16 11:41:48,2c04d0f413a4bca19335c496b4d2fb4f9edef7e3,07ffb5559316d267ec592d1812c168e7feb9226a,持卡人消费,学子便利店B05,-8.0,92.67,5259,正常
2016/05/16 12:25:13,2c04d0f413a4bca19335c496b4d2fb4f9edef7e3,07ffb5559316d267ec592d1812c168e7feb9226a,持卡人消费,硕果园（工大商店）,-1.0,91.67,5260,正常
2016/05/16 17:52:27,2c04d0f413a4bca19335c496b4d2fb4f9edef7e3,07ffb5559316d267ec592d1812c168e7feb9226a,持卡人消费,硕果园（工大商店）,-14.0,77.67,5261,正常
2016/05/16 18:28:00,2c04d0f413a4bca19335c496b4d2fb4f9edef7e3,07ffb5559316d267ec592d1812c168e7feb9226a,持卡人消费,硕果园（工大商店）,-2.5,75.17,5262,正常
2016/05/17 09:51:41,2c04d0f413a4bca19335c496b4d2fb4f9edef7e3,07ffb5559316d267ec592d1812c168e7feb9226a,持卡人消费,超市商务子系统,-3.0,72.17,5263,正常
2016/05/17 12:23:14,2c04d0f413a4bca19335c496b4d2fb4f9edef7e3,07ffb5559316d267ec592d1812c168e7feb9226a,持卡人消费,学士楼商务网关,-7.0,65.17,5264,正常
2016/05/17 18:52:17,2c04d0f413a4bca19335c496b4d2fb4f9edef7e3,07ffb5559316d267ec592d1812c168e7feb9226a,持卡人消费,学士楼商务网关,-0.4,64.77,5265,正常
2016/05/17 18:53:24,2c04d0f413a4bca19335c496b4d2fb4f9edef7e3,07ffb5559316d267ec592d1812c168e7feb9226a,持卡人消费,学士楼商务网关,-3.9,60.87,5266,正常
2016/05/17 19:07:16,2c04d0f413a4bca19335c496b4d2fb4f9edef7e3,07ffb5559316d267ec592d1812c168e7feb9226a,持卡人消费,硕果园（工大商店）,-6.0,54.87,5267,正常
2016/05/17 20:24:00,2c04d0f413a4bca19335c496b4d2fb4f9edef7e3,07ffb5559316d267ec592d1812c168e7feb9226a,持卡人消费,超市商务子系统,-7.0,47.87,5268,正常
2016/05/18 12:34:31,2c04d0f413a4bca19335c496b4d2fb4f9edef7e3,07ffb5559316d267ec592d1812c168e7feb9226a,持卡人消费,学士楼商务网关,-7.0,40.87,5269,正常
2016/05/18 17:32:07,2c04d0f413a4bca19335c496b4d2fb4f9edef7e3,07ffb5559316d267ec592d1812c168e7feb9226a,持卡人消费,学苑楼商务网关,-7.0,33.87,5270,正常
2016/05/19 08:36:20,2c04d0f413a4bca19335c496b4d2fb4f9edef7e3,07ffb5559316d267ec592d1812c168e7feb9226a,持卡人消费,学苑楼商务网关,-3.5,30.37,5271,正常
2016/05/19 17:29:19,2c04d0f413a4bca19335c496b4d2fb4f9edef7e3,07ffb5559316d267ec592d1812c168e7feb9226a,持卡人消费,学子楼商务网关,-4.0,26.37,5272,正常
2016/05/20 19:02:53,2c04d0f413a4bca19335c496b4d2fb4f9edef7e3,07ffb5559316d267ec592d1812c168e7feb9226a,持卡人消费,学士楼商务网关,-7.0,19.37,5273,正常
2016/05/20 19:09:13,2c04d0f413a4bca19335c496b4d2fb4f9edef7e3,07ffb5559316d267ec592d1812c168e7feb9226a,持卡人消费,学士楼商务网关,-0.2,19.17,5274,正常
2016/05/21 16:04:47,2c04d0f413a4bca19335c496b4d2fb4f9edef7e3,07ffb5559316d267ec592d1812c168e7feb9226a,持卡人消费,超市商务子系统,-2.0,17.17,5275,正常
2016/05/22 10:32:33,2c04d0f413a4bca19335c496b4d2fb4f9edef7e3,07ffb5559316d267ec592d1812c168e7feb9226a,持卡人消费,学士楼商务网关,-7.0,10.17,5276,正常
2016/05/22 10:33:35,2c04d0f413a4bca19335c496b4d2fb4f9edef7e3,07ffb5559316d267ec592d1812c168e7feb9226a,持卡人消费,学士楼商务网关,-0.2,9.97,5277,正常
2016/05/23 08:22:54,2c04d0f413a4bca19335c496b4d2fb4f9edef7e3,07ffb5559316d267ec592d1812c168e7feb9226a,持卡人消费,学苑楼商务网关,-5.1,4.87,5278,正常
2016/05/23 08:03:47,2c04d0f413a4bca19335c496b4d2fb4f9edef7e3,07ffb5559316d267ec592d1812c168e7feb9226a,存款,现金充值机,10.0,14.87,5279,正常
2016/05/23 08:25:22,2c04d0f413a4bca19335c496b4d2fb4f9edef7e3,07ffb5559316d267ec592d1812c168e7feb9226a,存款,学苑楼综合业务2,70.0,84.87,5280,正常
2016/05/23 14:55:17,2c04d0f413a4bca19335c496b4d2fb4f9edef7e3,07ffb5559316d267ec592d1812c168e7feb9226a,持卡人消费,硕果园（工大商店）,-14.0,70.87,5281,正常
2016/05/23 15:23:15,2c04d0f413a4bca19335c496b4d2fb4f9edef7e3,07ffb5559316d267ec592d1812c168e7feb9226a,持卡人消费,硕果园（工大商店）,-2.5,68.37,5282,正常
2016/05/24 11:32:12,2c04d0f413a4bca19335c496b4d2fb4f9edef7e3,07ffb5559316d267ec592d1812c168e7feb9226a,持卡人消费,超市商务子系统,-24.1,44.27,5283,正常
2016/05/25 20:47:07,2c04d0f413a4bca19335c496b4d2fb4f9edef7e3,07ffb5559316d267ec592d1812c168e7feb9226a,持卡人消费,超市商务子系统,-5.5,38.77,5284,正常
2016/05/26 13:14:19,2c04d0f413a4bca19335c496b4d2fb4f9edef7e3,07ffb5559316d267ec592d1812c168e7feb9226a,持卡人消费,学士楼商务网关,-7.0,31.77,5285,正常
2016/05/26 13:37:30,2c04d0f413a4bca19335c496b4d2fb4f9edef7e3,07ffb5559316d267ec592d1812c168e7feb9226a,持卡人消费,超市商务子系统,-3.9,27.87,5286,正常
2016/05/26 20:13:48,2c04d0f413a4bca19335c496b4d2fb4f9edef7e3,07ffb5559316d267ec592d1812c168e7feb9226a,持卡人消费,硕果园（工大商店）,-12.0,15.87,5287,正常
2016/05/27 12:14:39,2c04d0f413a4bca19335c496b4d2fb4f9edef7e3,07ffb5559316d267ec592d1812c168e7feb9226a,持卡人消费,学苑楼商务网关,-8.0,7.87,5288,正常
2016/05/27 12:15:36,2c04d0f413a4bca19335c496b4d2fb4f9edef7e3,07ffb5559316d267ec592d1812c168e7feb9226a,持卡人消费,学苑楼商务网关,-0.4,7.47,5289,正常
2016/05/27 21:06:56,2c04d0f413a4bca19335c496b4d2fb4f9edef7e3,07ffb5559316d267ec592d1812c168e7feb9226a,持卡人消费,超市商务子系统,-2.6,4.87,5290,正常
2016/05/28 15:14:15,2c04d0f413a4bca19335c496b4d2fb4f9edef7e3,07ffb5559316d267ec592d1812c168e7feb9226a,持卡人消费,超市商务子系统,-0.5,4.37,5291,正常
2016/05/28 21:51:29,2c04d0f413a4bca19335c496b4d2fb4f9edef7e3,07ffb5559316d267ec592d1812c168e7feb9226a,持卡人消费,超市商务子系统,-2.6,1.77,5292,正常
2016/05/30 11:57:27,2c04d0f413a4bca19335c496b4d2fb4f9edef7e3,07ffb5559316d267ec592d1812c168e7feb9226a,存款,学苑楼综合业务2,100.0,101.77,5293,正常
2016/05/30 12:02:24,2c04d0f413a4bca19335c496b4d2fb4f9edef7e3,07ffb5559316d267ec592d1812c168e7feb9226a,持卡人消费,学士楼商务网关,-6.0,95.77,5294,正常
2016/05/30 12:02:40,2c04d0f413a4bca19335c496b4d2fb4f9edef7e3,07ffb5559316d267ec592d1812c168e7feb9226a,持卡人消费,学士楼商务网关,-1.0,94.77,5295,正常
2016/05/30 21:19:59,2c04d0f413a4bca19335c496b4d2fb4f9edef7e3,07ffb5559316d267ec592d1812c168e7feb9226a,持卡人消费,超市商务子系统,-6.9,87.87,5296,正常
2016/05/31 11:14:39,2c04d0f413a4bca19335c496b4d2fb4f9edef7e3,07ffb5559316d267ec592d1812c168e7feb9226a,持卡人消费,学苑楼商务网关,-8.0,79.87,5297,正常
2016/05/31 11:30:33,2c04d0f413a4bca19335c496b4d2fb4f9edef7e3,07ffb5559316d267ec592d1812c168e7feb9226a,持卡人消费,超市商务子系统,-2.6,77.27,5298,正常
2016/05/31 17:45:06,2c04d0f413a4bca19335c496b4d2fb4f9edef7e3,07ffb5559316d267ec592d1812c168e7feb9226a,持卡人消费,硕果园（工大商店）,-15.0,62.27,5299,正常
2016/05/31 18:05:57,2c04d0f413a4bca19335c496b4d2fb4f9edef7e3,07ffb5559316d267ec592d1812c168e7feb9226a,持卡人消费,硕果园（工大商店）,-1.0,61.27,5300,正常
