交易发生时间,学号,姓名,交易类型,子系统名称,交易额,现有余额,次数,状态
2016/05/02 11:34:09,7ba357a4f20b3d08d4f0693ddb38d73df047217e,081f1b928c0fb87c98e460c8c7f939dff3aa5ed0,持卡人消费,五食堂商务网关,-6.0,25.29,4123,正常
2016/05/02 13:36:46,7ba357a4f20b3d08d4f0693ddb38d73df047217e,081f1b928c0fb87c98e460c8c7f939dff3aa5ed0,持卡人消费,B7,-6.0,19.29,4124,正常
2016/05/02 14:19:04,7ba357a4f20b3d08d4f0693ddb38d73df047217e,081f1b928c0fb87c98e460c8c7f939dff3aa5ed0,持卡人消费,学子便利店B07,-2.0,17.29,4125,正常
2016/05/02 17:32:33,7ba357a4f20b3d08d4f0693ddb38d73df047217e,081f1b928c0fb87c98e460c8c7f939dff3aa5ed0,持卡人消费,二区水控,-3.0,14.29,4126,正常
2016/05/03 19:37:54,7ba357a4f20b3d08d4f0693ddb38d73df047217e,081f1b928c0fb87c98e460c8c7f939dff3aa5ed0,持卡人消费,四食堂商务网关,-8.0,6.29,4127,正常
2016/05/03 19:38:03,7ba357a4f20b3d08d4f0693ddb38d73df047217e,081f1b928c0fb87c98e460c8c7f939dff3aa5ed0,持卡人消费,四食堂商务网关,-2.0,4.29,4128,正常
2016/05/04 10:46:36,7ba357a4f20b3d08d4f0693ddb38d73df047217e,081f1b928c0fb87c98e460c8c7f939dff3aa5ed0,存款,现金充值机,400.0,404.29,4129,正常
2016/05/04 11:20:31,7ba357a4f20b3d08d4f0693ddb38d73df047217e,081f1b928c0fb87c98e460c8c7f939dff3aa5ed0,持卡人消费,九食堂商务网关,-10.0,394.29,4130,正常
2016/05/04 15:20:04,7ba357a4f20b3d08d4f0693ddb38d73df047217e,081f1b928c0fb87c98e460c8c7f939dff3aa5ed0,持卡人消费,二区水控,-1.2,393.09,4132,正常
2016/05/04 19:49:14,7ba357a4f20b3d08d4f0693ddb38d73df047217e,081f1b928c0fb87c98e460c8c7f939dff3aa5ed0,持卡人消费,四食堂商务网关,-10.0,383.09,4133,正常
2016/05/05 07:20:44,7ba357a4f20b3d08d4f0693ddb38d73df047217e,081f1b928c0fb87c98e460c8c7f939dff3aa5ed0,持卡人消费,四食堂商务网关,-3.2,379.89,4134,正常
2016/05/05 11:17:58,7ba357a4f20b3d08d4f0693ddb38d73df047217e,081f1b928c0fb87c98e460c8c7f939dff3aa5ed0,持卡人消费,九食堂商务网关,-11.0,368.89,4135,正常
2016/05/05 20:58:55,7ba357a4f20b3d08d4f0693ddb38d73df047217e,081f1b928c0fb87c98e460c8c7f939dff3aa5ed0,持卡人消费,学子便利店B07,-4.3,364.59,4136,正常
2016/05/06 08:45:32,7ba357a4f20b3d08d4f0693ddb38d73df047217e,081f1b928c0fb87c98e460c8c7f939dff3aa5ed0,持卡人消费,四食堂商务网关,-1.0,363.59,4137,正常
2016/05/06 20:29:08,7ba357a4f20b3d08d4f0693ddb38d73df047217e,081f1b928c0fb87c98e460c8c7f939dff3aa5ed0,持卡人消费,学子便利店B07,-5.4,358.19,4138,正常
2016/05/07 22:37:38,7ba357a4f20b3d08d4f0693ddb38d73df047217e,081f1b928c0fb87c98e460c8c7f939dff3aa5ed0,持卡人消费,学子便利店B07,-3.0,355.19,4139,正常
2016/05/09 10:11:35,7ba357a4f20b3d08d4f0693ddb38d73df047217e,081f1b928c0fb87c98e460c8c7f939dff3aa5ed0,持卡人消费,学子便利店B07,-7.0,348.19,4140,正常
2016/05/10 09:56:56,7ba357a4f20b3d08d4f0693ddb38d73df047217e,081f1b928c0fb87c98e460c8c7f939dff3aa5ed0,持卡人消费,B7,-6.0,342.19,4141,正常
2016/05/10 11:14:45,7ba357a4f20b3d08d4f0693ddb38d73df047217e,081f1b928c0fb87c98e460c8c7f939dff3aa5ed0,持卡人消费,九食堂商务网关,-9.0,333.19,4142,正常
2016/05/10 16:55:17,7ba357a4f20b3d08d4f0693ddb38d73df047217e,081f1b928c0fb87c98e460c8c7f939dff3aa5ed0,持卡人消费,二区水控,-3.0,330.19,4143,正常
2016/05/10 21:29:02,7ba357a4f20b3d08d4f0693ddb38d73df047217e,081f1b928c0fb87c98e460c8c7f939dff3aa5ed0,持卡人消费,学子便利店B07,-8.9,321.29,4144,正常
2016/05/11 11:26:54,7ba357a4f20b3d08d4f0693ddb38d73df047217e,081f1b928c0fb87c98e460c8c7f939dff3aa5ed0,持卡人消费,五食堂商务网关,-8.0,313.29,4145,正常
2016/05/11 16:24:42,7ba357a4f20b3d08d4f0693ddb38d73df047217e,081f1b928c0fb87c98e460c8c7f939dff3aa5ed0,持卡人消费,四食堂商务网关,-10.0,303.29,4146,正常
2016/05/11 21:07:12,7ba357a4f20b3d08d4f0693ddb38d73df047217e,081f1b928c0fb87c98e460c8c7f939dff3aa5ed0,持卡人消费,学子便利店B07,-8.4,294.89,4147,正常
2016/05/12 11:19:50,7ba357a4f20b3d08d4f0693ddb38d73df047217e,081f1b928c0fb87c98e460c8c7f939dff3aa5ed0,持卡人消费,九食堂商务网关,-10.0,284.89,4148,正常
2016/05/14 11:18:36,7ba357a4f20b3d08d4f0693ddb38d73df047217e,081f1b928c0fb87c98e460c8c7f939dff3aa5ed0,持卡人消费,九食堂商务网关,-9.0,275.89,4149,正常
2016/05/15 16:42:57,7ba357a4f20b3d08d4f0693ddb38d73df047217e,081f1b928c0fb87c98e460c8c7f939dff3aa5ed0,持卡人消费,二区水控,-2.89,273.00,4150,正常
2016/05/15 16:49:22,7ba357a4f20b3d08d4f0693ddb38d73df047217e,081f1b928c0fb87c98e460c8c7f939dff3aa5ed0,持卡人消费,B7,-3.0,270.00,4151,正常
2016/05/15 18:47:10,7ba357a4f20b3d08d4f0693ddb38d73df047217e,081f1b928c0fb87c98e460c8c7f939dff3aa5ed0,持卡人消费,学子便利店B07,-10.6,259.40,4152,正常
2016/05/16 11:15:31,7ba357a4f20b3d08d4f0693ddb38d73df047217e,081f1b928c0fb87c98e460c8c7f939dff3aa5ed0,持卡人消费,九食堂商务网关,-10.0,249.40,4153,正常
2016/05/16 22:01:36,7ba357a4f20b3d08d4f0693ddb38d73df047217e,081f1b928c0fb87c98e460c8c7f939dff3aa5ed0,持卡人消费,学子便利店B07,-11.3,238.10,4154,正常
2016/05/17 14:56:19,7ba357a4f20b3d08d4f0693ddb38d73df047217e,081f1b928c0fb87c98e460c8c7f939dff3aa5ed0,持卡人消费,学子便利店B07,-7.5,230.60,4155,正常
2016/05/18 00:10:34,7ba357a4f20b3d08d4f0693ddb38d73df047217e,081f1b928c0fb87c98e460c8c7f939dff3aa5ed0,持卡人消费,网络中心,-30.0,200.60,4156,正常
2016/05/18 18:09:53,7ba357a4f20b3d08d4f0693ddb38d73df047217e,081f1b928c0fb87c98e460c8c7f939dff3aa5ed0,持卡人消费,二区水控,-2.66,197.94,4158,正常
2016/05/19 18:20:25,7ba357a4f20b3d08d4f0693ddb38d73df047217e,081f1b928c0fb87c98e460c8c7f939dff3aa5ed0,持卡人消费,二区水控,-0.75,194.19,4162,正常
2016/05/19 22:13:36,7ba357a4f20b3d08d4f0693ddb38d73df047217e,081f1b928c0fb87c98e460c8c7f939dff3aa5ed0,持卡人消费,学子便利店B07,-6.3,187.89,4163,正常
2016/05/19 22:28:31,7ba357a4f20b3d08d4f0693ddb38d73df047217e,081f1b928c0fb87c98e460c8c7f939dff3aa5ed0,持卡人消费,学子便利店B07,-2.9,184.99,4164,正常
2016/05/20 22:27:51,7ba357a4f20b3d08d4f0693ddb38d73df047217e,081f1b928c0fb87c98e460c8c7f939dff3aa5ed0,持卡人消费,学子便利店B07,-4.3,180.69,4165,正常
2016/05/21 11:25:29,7ba357a4f20b3d08d4f0693ddb38d73df047217e,081f1b928c0fb87c98e460c8c7f939dff3aa5ed0,持卡人消费,九食堂商务网关,-12.0,168.69,4166,正常
2016/05/21 11:34:27,7ba357a4f20b3d08d4f0693ddb38d73df047217e,081f1b928c0fb87c98e460c8c7f939dff3aa5ed0,持卡人消费,九食堂商务网关,-2.6,166.09,4167,正常
2016/05/21 16:24:01,7ba357a4f20b3d08d4f0693ddb38d73df047217e,081f1b928c0fb87c98e460c8c7f939dff3aa5ed0,持卡人消费,二区水控,-2.53,163.56,4169,正常
2016/05/22 11:40:16,7ba357a4f20b3d08d4f0693ddb38d73df047217e,081f1b928c0fb87c98e460c8c7f939dff3aa5ed0,持卡人消费,九食堂商务网关,-10.0,153.56,4170,正常
2016/05/23 09:26:13,7ba357a4f20b3d08d4f0693ddb38d73df047217e,081f1b928c0fb87c98e460c8c7f939dff3aa5ed0,持卡人消费,学子便利店B07,-19.9,133.66,4171,正常
2016/05/23 16:19:54,7ba357a4f20b3d08d4f0693ddb38d73df047217e,081f1b928c0fb87c98e460c8c7f939dff3aa5ed0,持卡人消费,二区水控,-1.63,132.03,4173,正常
2016/05/24 12:36:08,7ba357a4f20b3d08d4f0693ddb38d73df047217e,081f1b928c0fb87c98e460c8c7f939dff3aa5ed0,持卡人消费,学子便利店B07,-2.5,129.53,4174,正常
2016/05/24 16:51:57,7ba357a4f20b3d08d4f0693ddb38d73df047217e,081f1b928c0fb87c98e460c8c7f939dff3aa5ed0,持卡人消费,四食堂商务网关,-11.0,118.53,4175,正常
2016/05/24 17:13:50,7ba357a4f20b3d08d4f0693ddb38d73df047217e,081f1b928c0fb87c98e460c8c7f939dff3aa5ed0,持卡人消费,学子便利店B07,-5.5,113.03,4176,正常
2016/05/25 09:14:54,7ba357a4f20b3d08d4f0693ddb38d73df047217e,081f1b928c0fb87c98e460c8c7f939dff3aa5ed0,持卡人消费,学子便利店B07,-13.0,100.03,4177,正常
2016/05/26 11:13:44,7ba357a4f20b3d08d4f0693ddb38d73df047217e,081f1b928c0fb87c98e460c8c7f939dff3aa5ed0,持卡人消费,五食堂商务网关,-11.1,88.93,4178,正常
2016/05/27 09:11:54,7ba357a4f20b3d08d4f0693ddb38d73df047217e,081f1b928c0fb87c98e460c8c7f939dff3aa5ed0,持卡人消费,学子便利店B07,-6.8,82.13,4179,正常
2016/05/27 18:30:35,7ba357a4f20b3d08d4f0693ddb38d73df047217e,081f1b928c0fb87c98e460c8c7f939dff3aa5ed0,持卡人消费,学子便利店B07,-5.0,77.13,4180,正常
2016/05/27 20:34:36,7ba357a4f20b3d08d4f0693ddb38d73df047217e,081f1b928c0fb87c98e460c8c7f939dff3aa5ed0,持卡人消费,学子便利店B07,-10.8,66.33,4181,正常
2016/05/28 10:32:43,7ba357a4f20b3d08d4f0693ddb38d73df047217e,081f1b928c0fb87c98e460c8c7f939dff3aa5ed0,持卡人消费,学子便利店B07,-3.4,62.93,4182,正常
2016/05/28 15:08:37,7ba357a4f20b3d08d4f0693ddb38d73df047217e,081f1b928c0fb87c98e460c8c7f939dff3aa5ed0,持卡人消费,二区水控,-1.63,61.30,4184,正常
2016/05/28 15:31:05,7ba357a4f20b3d08d4f0693ddb38d73df047217e,081f1b928c0fb87c98e460c8c7f939dff3aa5ed0,持卡人消费,学子便利店B07,-4.5,56.80,4185,正常
2016/05/29 20:35:31,7ba357a4f20b3d08d4f0693ddb38d73df047217e,081f1b928c0fb87c98e460c8c7f939dff3aa5ed0,持卡人消费,学子便利店B07,-7.0,49.80,4186,正常
2016/05/29 21:37:07,7ba357a4f20b3d08d4f0693ddb38d73df047217e,081f1b928c0fb87c98e460c8c7f939dff3aa5ed0,持卡人消费,学子便利店B07,-4.0,45.80,4187,正常
2016/05/30 20:07:00,7ba357a4f20b3d08d4f0693ddb38d73df047217e,081f1b928c0fb87c98e460c8c7f939dff3aa5ed0,持卡人消费,二区水控,-1.92,43.88,4188,正常
2016/05/30 21:24:20,7ba357a4f20b3d08d4f0693ddb38d73df047217e,081f1b928c0fb87c98e460c8c7f939dff3aa5ed0,持卡人消费,学子便利店B07,-5.4,38.48,4189,正常
2016/05/31 12:04:58,7ba357a4f20b3d08d4f0693ddb38d73df047217e,081f1b928c0fb87c98e460c8c7f939dff3aa5ed0,持卡人消费,九食堂商务网关,-12.0,26.48,4190,正常
2016/05/31 12:12:50,7ba357a4f20b3d08d4f0693ddb38d73df047217e,081f1b928c0fb87c98e460c8c7f939dff3aa5ed0,持卡人消费,九食堂商务网关,-8.0,18.48,4191,正常
