交易发生时间,学号,姓名,交易类型,子系统名称,交易额,现有余额,次数,状态
2016/05/01 09:38:56,f1a2a776300811aadc43acb08aaddfd4a8b67771,083934388824f52416b76a5e165b01c6de3fea2b,持卡人消费,学士楼商务网关,-2.5,176.19,6933,正常
2016/05/01 12:33:40,f1a2a776300811aadc43acb08aaddfd4a8b67771,083934388824f52416b76a5e165b01c6de3fea2b,持卡人消费,学士楼商务网关,-3.6,172.59,6934,正常
2016/05/01 12:34:39,f1a2a776300811aadc43acb08aaddfd4a8b67771,083934388824f52416b76a5e165b01c6de3fea2b,持卡人消费,学士楼商务网关,-0.6,171.99,6935,正常
2016/05/01 20:54:30,f1a2a776300811aadc43acb08aaddfd4a8b67771,083934388824f52416b76a5e165b01c6de3fea2b,持卡人消费,硕果园（工大商店）,-6.5,165.49,6936,正常
2016/05/02 12:11:25,f1a2a776300811aadc43acb08aaddfd4a8b67771,083934388824f52416b76a5e165b01c6de3fea2b,持卡人消费,学士楼商务网关,-4.8,160.69,6937,正常
2016/05/02 12:13:00,f1a2a776300811aadc43acb08aaddfd4a8b67771,083934388824f52416b76a5e165b01c6de3fea2b,持卡人消费,学士楼商务网关,-2.0,158.69,6938,正常
2016/05/02 12:13:11,f1a2a776300811aadc43acb08aaddfd4a8b67771,083934388824f52416b76a5e165b01c6de3fea2b,持卡人消费,学士楼商务网关,-0.5,158.19,6939,正常
2016/05/02 12:13:30,f1a2a776300811aadc43acb08aaddfd4a8b67771,083934388824f52416b76a5e165b01c6de3fea2b,持卡人消费,学士楼商务网关,-2.5,155.69,6940,正常
2016/05/02 13:22:07,f1a2a776300811aadc43acb08aaddfd4a8b67771,083934388824f52416b76a5e165b01c6de3fea2b,持卡人消费,一校区水控新,-0.02,153.67,6943,正常
2016/05/02 13:29:14,f1a2a776300811aadc43acb08aaddfd4a8b67771,083934388824f52416b76a5e165b01c6de3fea2b,持卡人消费,一校区水控新,-1.44,154.23,6944,正常
2016/05/02 13:40:10,f1a2a776300811aadc43acb08aaddfd4a8b67771,083934388824f52416b76a5e165b01c6de3fea2b,持卡人消费,一校区水控新,-1.34,152.89,6946,正常
2016/05/02 17:32:16,f1a2a776300811aadc43acb08aaddfd4a8b67771,083934388824f52416b76a5e165b01c6de3fea2b,持卡人消费,学士楼商务网关,-3.6,149.29,6947,正常
2016/05/02 17:33:50,f1a2a776300811aadc43acb08aaddfd4a8b67771,083934388824f52416b76a5e165b01c6de3fea2b,持卡人消费,学士楼商务网关,-0.6,148.69,6948,正常
2016/05/02 19:02:03,f1a2a776300811aadc43acb08aaddfd4a8b67771,083934388824f52416b76a5e165b01c6de3fea2b,持卡人消费,超市商务子系统,-4.5,144.19,6949,正常
2016/05/03 08:44:22,f1a2a776300811aadc43acb08aaddfd4a8b67771,083934388824f52416b76a5e165b01c6de3fea2b,持卡人消费,学士楼商务网关,-2.6,141.59,6950,正常
2016/05/03 08:45:22,f1a2a776300811aadc43acb08aaddfd4a8b67771,083934388824f52416b76a5e165b01c6de3fea2b,持卡人消费,学士楼商务网关,-0.6,140.99,6951,正常
2016/05/04 11:42:01,f1a2a776300811aadc43acb08aaddfd4a8b67771,083934388824f52416b76a5e165b01c6de3fea2b,持卡人消费,学士楼商务网关,-2.5,138.49,6952,正常
2016/05/04 11:42:15,f1a2a776300811aadc43acb08aaddfd4a8b67771,083934388824f52416b76a5e165b01c6de3fea2b,持卡人消费,学士楼商务网关,-3.8,134.69,6953,正常
2016/05/04 20:17:41,f1a2a776300811aadc43acb08aaddfd4a8b67771,083934388824f52416b76a5e165b01c6de3fea2b,持卡人消费,硕果园（工大商店）,-8.0,126.69,6954,正常
2016/05/04 20:42:51,f1a2a776300811aadc43acb08aaddfd4a8b67771,083934388824f52416b76a5e165b01c6de3fea2b,持卡人消费,一校区水控新,-0.02,126.67,6956,正常
2016/05/04 20:48:27,f1a2a776300811aadc43acb08aaddfd4a8b67771,083934388824f52416b76a5e165b01c6de3fea2b,持卡人消费,一校区水控新,-0.94,125.73,6958,正常
2016/05/04 20:50:43,f1a2a776300811aadc43acb08aaddfd4a8b67771,083934388824f52416b76a5e165b01c6de3fea2b,持卡人消费,一校区水控新,-0.4,125.33,6960,正常
2016/05/04 20:58:53,f1a2a776300811aadc43acb08aaddfd4a8b67771,083934388824f52416b76a5e165b01c6de3fea2b,持卡人消费,一校区水控新,-0.94,124.39,6962,正常
2016/05/04 21:00:17,f1a2a776300811aadc43acb08aaddfd4a8b67771,083934388824f52416b76a5e165b01c6de3fea2b,持卡人消费,一校区水控新,-0.02,124.37,6964,正常
2016/05/04 21:26:10,f1a2a776300811aadc43acb08aaddfd4a8b67771,083934388824f52416b76a5e165b01c6de3fea2b,持卡人消费,超市商务子系统,-12.5,111.87,6965,正常
2016/05/05 08:55:36,f1a2a776300811aadc43acb08aaddfd4a8b67771,083934388824f52416b76a5e165b01c6de3fea2b,持卡人消费,学士楼商务网关,-2.0,109.87,6966,正常
2016/05/05 08:55:59,f1a2a776300811aadc43acb08aaddfd4a8b67771,083934388824f52416b76a5e165b01c6de3fea2b,持卡人消费,学士楼商务网关,-0.3,109.57,6967,正常
2016/05/05 19:50:14,f1a2a776300811aadc43acb08aaddfd4a8b67771,083934388824f52416b76a5e165b01c6de3fea2b,持卡人消费,学士楼商务网关,-3.8,105.77,6968,正常
2016/05/05 19:50:58,f1a2a776300811aadc43acb08aaddfd4a8b67771,083934388824f52416b76a5e165b01c6de3fea2b,持卡人消费,学士楼商务网关,-0.5,105.27,6969,正常
2016/05/05 19:51:27,f1a2a776300811aadc43acb08aaddfd4a8b67771,083934388824f52416b76a5e165b01c6de3fea2b,持卡人消费,学士楼商务网关,-0.6,104.67,6970,正常
2016/05/05 20:19:09,f1a2a776300811aadc43acb08aaddfd4a8b67771,083934388824f52416b76a5e165b01c6de3fea2b,持卡人消费,超市商务子系统,-23.9,80.77,6971,正常
2016/05/06 13:33:45,f1a2a776300811aadc43acb08aaddfd4a8b67771,083934388824f52416b76a5e165b01c6de3fea2b,持卡人消费,学士楼商务网关,-4.8,75.97,6972,正常
2016/05/06 13:34:35,f1a2a776300811aadc43acb08aaddfd4a8b67771,083934388824f52416b76a5e165b01c6de3fea2b,持卡人消费,学士楼商务网关,-4.24,71.73,6973,正常
2016/05/06 18:12:02,f1a2a776300811aadc43acb08aaddfd4a8b67771,083934388824f52416b76a5e165b01c6de3fea2b,持卡人消费,学士楼商务网关,-5.9,65.83,6974,正常
2016/05/06 20:18:18,f1a2a776300811aadc43acb08aaddfd4a8b67771,083934388824f52416b76a5e165b01c6de3fea2b,持卡人消费,学士楼商务网关,-4.0,61.83,6975,正常
2016/05/06 20:18:37,f1a2a776300811aadc43acb08aaddfd4a8b67771,083934388824f52416b76a5e165b01c6de3fea2b,持卡人消费,学士楼商务网关,-1.0,60.83,6976,正常
2016/05/06 20:18:50,f1a2a776300811aadc43acb08aaddfd4a8b67771,083934388824f52416b76a5e165b01c6de3fea2b,持卡人消费,学士楼商务网关,-2.0,58.83,6977,正常
2016/05/06 20:18:53,f1a2a776300811aadc43acb08aaddfd4a8b67771,083934388824f52416b76a5e165b01c6de3fea2b,持卡人消费,学士楼商务网关,-1.0,57.83,6978,正常
2016/05/07 11:24:29,f1a2a776300811aadc43acb08aaddfd4a8b67771,083934388824f52416b76a5e165b01c6de3fea2b,持卡人消费,学士楼商务网关,-9.8,48.03,6979,正常
2016/05/07 20:48:16,f1a2a776300811aadc43acb08aaddfd4a8b67771,083934388824f52416b76a5e165b01c6de3fea2b,持卡人消费,一校区水控新,-0.72,47.31,6981,正常
2016/05/07 20:56:40,f1a2a776300811aadc43acb08aaddfd4a8b67771,083934388824f52416b76a5e165b01c6de3fea2b,持卡人消费,一校区水控新,-0.93,46.38,6983,正常
2016/05/08 08:15:07,f1a2a776300811aadc43acb08aaddfd4a8b67771,083934388824f52416b76a5e165b01c6de3fea2b,持卡人消费,学士楼商务网关,-4.5,41.88,6984,正常
2016/05/08 19:05:59,f1a2a776300811aadc43acb08aaddfd4a8b67771,083934388824f52416b76a5e165b01c6de3fea2b,持卡人消费,学士楼商务网关,-4.8,37.08,6985,正常
2016/05/08 19:06:16,f1a2a776300811aadc43acb08aaddfd4a8b67771,083934388824f52416b76a5e165b01c6de3fea2b,持卡人消费,学士楼商务网关,-6.6,30.48,6986,正常
2016/05/08 19:07:39,f1a2a776300811aadc43acb08aaddfd4a8b67771,083934388824f52416b76a5e165b01c6de3fea2b,持卡人消费,学士楼商务网关,-0.5,29.98,6987,正常
2016/05/08 19:16:00,f1a2a776300811aadc43acb08aaddfd4a8b67771,083934388824f52416b76a5e165b01c6de3fea2b,持卡人消费,学士楼商务网关,-0.5,29.48,6988,正常
2016/05/08 19:33:30,f1a2a776300811aadc43acb08aaddfd4a8b67771,083934388824f52416b76a5e165b01c6de3fea2b,持卡人消费,超市商务子系统,-14.5,14.98,6989,正常
2016/05/09 08:24:39,f1a2a776300811aadc43acb08aaddfd4a8b67771,083934388824f52416b76a5e165b01c6de3fea2b,持卡人消费,学士楼商务网关,-2.6,12.38,6990,正常
2016/05/09 08:24:59,f1a2a776300811aadc43acb08aaddfd4a8b67771,083934388824f52416b76a5e165b01c6de3fea2b,持卡人消费,学士楼商务网关,-6.0,6.38,6991,正常
2016/05/09 08:26:29,f1a2a776300811aadc43acb08aaddfd4a8b67771,083934388824f52416b76a5e165b01c6de3fea2b,持卡人消费,学士楼商务网关,-1.0,5.38,6992,正常
2016/05/09 08:43:02,f1a2a776300811aadc43acb08aaddfd4a8b67771,083934388824f52416b76a5e165b01c6de3fea2b,存款,卡中心综合业务,50.0,55.38,6993,正常
2016/05/09 18:32:32,f1a2a776300811aadc43acb08aaddfd4a8b67771,083934388824f52416b76a5e165b01c6de3fea2b,持卡人消费,学士楼商务网关,-3.3,52.08,6994,正常
2016/05/09 18:34:17,f1a2a776300811aadc43acb08aaddfd4a8b67771,083934388824f52416b76a5e165b01c6de3fea2b,持卡人消费,学士楼商务网关,-0.5,51.58,6995,正常
2016/05/12 12:52:45,f1a2a776300811aadc43acb08aaddfd4a8b67771,083934388824f52416b76a5e165b01c6de3fea2b,持卡人消费,学士楼商务网关,-12.0,39.58,6996,正常
2016/05/12 12:53:55,f1a2a776300811aadc43acb08aaddfd4a8b67771,083934388824f52416b76a5e165b01c6de3fea2b,持卡人消费,学士楼商务网关,-0.5,39.08,6997,正常
2016/05/12 17:25:22,f1a2a776300811aadc43acb08aaddfd4a8b67771,083934388824f52416b76a5e165b01c6de3fea2b,持卡人消费,一校区水控新,-1.6,37.48,6998,正常
2016/05/12 17:36:55,f1a2a776300811aadc43acb08aaddfd4a8b67771,083934388824f52416b76a5e165b01c6de3fea2b,持卡人消费,一校区水控新,-1.34,36.14,6999,正常
2016/05/12 18:22:55,f1a2a776300811aadc43acb08aaddfd4a8b67771,083934388824f52416b76a5e165b01c6de3fea2b,持卡人消费,学士楼商务网关,-3.8,32.34,7000,正常
2016/05/12 18:23:42,f1a2a776300811aadc43acb08aaddfd4a8b67771,083934388824f52416b76a5e165b01c6de3fea2b,持卡人消费,学士楼商务网关,-0.6,31.74,7001,正常
2016/05/12 18:24:00,f1a2a776300811aadc43acb08aaddfd4a8b67771,083934388824f52416b76a5e165b01c6de3fea2b,持卡人消费,学士楼商务网关,-0.5,31.24,7002,正常
2016/05/12 18:58:03,f1a2a776300811aadc43acb08aaddfd4a8b67771,083934388824f52416b76a5e165b01c6de3fea2b,持卡人消费,超市商务子系统,-16.5,14.74,7003,正常
2016/05/12 20:07:37,f1a2a776300811aadc43acb08aaddfd4a8b67771,083934388824f52416b76a5e165b01c6de3fea2b,持卡人消费,A7,-3.0,11.74,7004,正常
2016/05/13 08:41:53,f1a2a776300811aadc43acb08aaddfd4a8b67771,083934388824f52416b76a5e165b01c6de3fea2b,持卡人消费,学士楼商务网关,-2.0,9.74,7005,正常
2016/05/13 08:42:34,f1a2a776300811aadc43acb08aaddfd4a8b67771,083934388824f52416b76a5e165b01c6de3fea2b,持卡人消费,学士楼商务网关,-1.1,8.64,7006,正常
2016/05/13 19:45:50,f1a2a776300811aadc43acb08aaddfd4a8b67771,083934388824f52416b76a5e165b01c6de3fea2b,持卡人消费,超市商务子系统,-3.5,5.14,7007,正常
2016/05/13 19:49:19,f1a2a776300811aadc43acb08aaddfd4a8b67771,083934388824f52416b76a5e165b01c6de3fea2b,持卡人消费,学士楼商务网关,-3.8,1.34,7008,正常
2016/05/13 19:51:09,f1a2a776300811aadc43acb08aaddfd4a8b67771,083934388824f52416b76a5e165b01c6de3fea2b,持卡人消费,学士楼商务网关,-0.5,0.84,7009,正常
2016/05/14 09:06:16,f1a2a776300811aadc43acb08aaddfd4a8b67771,083934388824f52416b76a5e165b01c6de3fea2b,存款,现金充值机,100.0,100.84,7010,正常
2016/05/15 12:02:35,f1a2a776300811aadc43acb08aaddfd4a8b67771,083934388824f52416b76a5e165b01c6de3fea2b,持卡人消费,学苑楼商务网关,-8.0,92.84,7011,正常
2016/05/15 12:11:24,f1a2a776300811aadc43acb08aaddfd4a8b67771,083934388824f52416b76a5e165b01c6de3fea2b,持卡人消费,学苑楼商务网关,-0.4,92.44,7012,正常
2016/05/15 17:56:25,f1a2a776300811aadc43acb08aaddfd4a8b67771,083934388824f52416b76a5e165b01c6de3fea2b,持卡人消费,一校区水控新,-1.25,91.19,7014,正常
2016/05/15 18:07:13,f1a2a776300811aadc43acb08aaddfd4a8b67771,083934388824f52416b76a5e165b01c6de3fea2b,持卡人消费,一校区水控新,-1.09,90.10,7016,正常
2016/05/15 18:30:01,f1a2a776300811aadc43acb08aaddfd4a8b67771,083934388824f52416b76a5e165b01c6de3fea2b,持卡人消费,学士楼商务网关,-8.0,82.10,7017,正常
2016/05/15 18:30:52,f1a2a776300811aadc43acb08aaddfd4a8b67771,083934388824f52416b76a5e165b01c6de3fea2b,持卡人消费,学士楼商务网关,-4.0,78.10,7018,正常
2016/05/15 18:31:36,f1a2a776300811aadc43acb08aaddfd4a8b67771,083934388824f52416b76a5e165b01c6de3fea2b,持卡人消费,学士楼商务网关,-0.8,77.30,7019,正常
2016/05/15 18:32:34,f1a2a776300811aadc43acb08aaddfd4a8b67771,083934388824f52416b76a5e165b01c6de3fea2b,持卡人消费,学士楼商务网关,-0.5,76.80,7020,正常
2016/05/15 18:33:50,f1a2a776300811aadc43acb08aaddfd4a8b67771,083934388824f52416b76a5e165b01c6de3fea2b,持卡人消费,学士楼商务网关,-0.6,76.20,7021,正常
2016/05/16 08:43:21,f1a2a776300811aadc43acb08aaddfd4a8b67771,083934388824f52416b76a5e165b01c6de3fea2b,持卡人消费,学士楼商务网关,-2.6,73.60,7022,正常
2016/05/16 08:44:24,f1a2a776300811aadc43acb08aaddfd4a8b67771,083934388824f52416b76a5e165b01c6de3fea2b,持卡人消费,学士楼商务网关,-0.3,73.30,7023,正常
2016/05/16 20:12:10,f1a2a776300811aadc43acb08aaddfd4a8b67771,083934388824f52416b76a5e165b01c6de3fea2b,持卡人消费,硕果园（工大商店）,-2.5,70.80,7024,正常
2016/05/17 09:13:52,f1a2a776300811aadc43acb08aaddfd4a8b67771,083934388824f52416b76a5e165b01c6de3fea2b,持卡人消费,学士楼商务网关,-2.0,68.80,7025,正常
2016/05/17 09:14:03,f1a2a776300811aadc43acb08aaddfd4a8b67771,083934388824f52416b76a5e165b01c6de3fea2b,持卡人消费,学士楼商务网关,-1.0,67.80,7026,正常
2016/05/17 11:10:45,f1a2a776300811aadc43acb08aaddfd4a8b67771,083934388824f52416b76a5e165b01c6de3fea2b,持卡人消费,学苑楼商务网关,-6.0,61.80,7027,正常
2016/05/17 17:52:02,f1a2a776300811aadc43acb08aaddfd4a8b67771,083934388824f52416b76a5e165b01c6de3fea2b,持卡人消费,学士楼商务网关,-6.8,55.00,7028,正常
2016/05/17 20:29:16,f1a2a776300811aadc43acb08aaddfd4a8b67771,083934388824f52416b76a5e165b01c6de3fea2b,持卡人消费,一校区水控新,-0.35,54.65,7029,正常
2016/05/17 20:34:15,f1a2a776300811aadc43acb08aaddfd4a8b67771,083934388824f52416b76a5e165b01c6de3fea2b,持卡人消费,一校区水控新,-2.0,50.65,7031,正常
2016/05/17 20:29:34,f1a2a776300811aadc43acb08aaddfd4a8b67771,083934388824f52416b76a5e165b01c6de3fea2b,持卡人消费,一校区水控新,-0.05,52.60,7032,正常
2016/05/17 20:42:57,f1a2a776300811aadc43acb08aaddfd4a8b67771,083934388824f52416b76a5e165b01c6de3fea2b,持卡人消费,一校区水控新,-1.13,51.47,7033,正常
2016/05/18 08:41:10,f1a2a776300811aadc43acb08aaddfd4a8b67771,083934388824f52416b76a5e165b01c6de3fea2b,持卡人消费,学士楼商务网关,-3.2,48.27,7034,正常
2016/05/18 19:59:32,f1a2a776300811aadc43acb08aaddfd4a8b67771,083934388824f52416b76a5e165b01c6de3fea2b,持卡人消费,学士楼商务网关,-6.3,41.97,7035,正常
2016/05/18 20:01:02,f1a2a776300811aadc43acb08aaddfd4a8b67771,083934388824f52416b76a5e165b01c6de3fea2b,持卡人消费,学士楼商务网关,-2.0,39.97,7036,正常
2016/05/19 08:48:37,f1a2a776300811aadc43acb08aaddfd4a8b67771,083934388824f52416b76a5e165b01c6de3fea2b,持卡人消费,学士楼商务网关,-3.8,36.17,7037,正常
2016/05/20 07:57:59,f1a2a776300811aadc43acb08aaddfd4a8b67771,083934388824f52416b76a5e165b01c6de3fea2b,持卡人消费,学士楼商务网关,-4.4,31.77,7038,正常
2016/05/20 19:14:47,f1a2a776300811aadc43acb08aaddfd4a8b67771,083934388824f52416b76a5e165b01c6de3fea2b,持卡人消费,一校区水控新,-0.9,30.87,7040,正常
2016/05/20 19:23:42,f1a2a776300811aadc43acb08aaddfd4a8b67771,083934388824f52416b76a5e165b01c6de3fea2b,持卡人消费,一校区水控新,-1.1,29.77,7042,正常
2016/05/21 13:28:19,f1a2a776300811aadc43acb08aaddfd4a8b67771,083934388824f52416b76a5e165b01c6de3fea2b,持卡人消费,学士楼商务网关,-6.8,22.97,7043,正常
2016/05/21 13:29:26,f1a2a776300811aadc43acb08aaddfd4a8b67771,083934388824f52416b76a5e165b01c6de3fea2b,持卡人消费,学士楼商务网关,-0.5,22.47,7044,正常
2016/05/22 20:09:37,f1a2a776300811aadc43acb08aaddfd4a8b67771,083934388824f52416b76a5e165b01c6de3fea2b,持卡人消费,硕果园（工大商店）,-8.0,14.47,7045,正常
2016/05/22 20:51:59,f1a2a776300811aadc43acb08aaddfd4a8b67771,083934388824f52416b76a5e165b01c6de3fea2b,持卡人消费,一校区水控新,-2.0,12.47,7046,正常
2016/05/22 20:54:45,f1a2a776300811aadc43acb08aaddfd4a8b67771,083934388824f52416b76a5e165b01c6de3fea2b,持卡人消费,一校区水控新,-0.48,11.99,7048,正常
2016/05/23 09:21:08,f1a2a776300811aadc43acb08aaddfd4a8b67771,083934388824f52416b76a5e165b01c6de3fea2b,持卡人消费,学士楼商务网关,-1.5,10.49,7049,正常
2016/05/23 09:21:13,f1a2a776300811aadc43acb08aaddfd4a8b67771,083934388824f52416b76a5e165b01c6de3fea2b,持卡人消费,学士楼商务网关,-1.5,8.99,7050,正常
2016/05/23 13:12:14,f1a2a776300811aadc43acb08aaddfd4a8b67771,083934388824f52416b76a5e165b01c6de3fea2b,存款,现金充值机,100.0,108.99,7051,正常
2016/05/23 13:34:20,f1a2a776300811aadc43acb08aaddfd4a8b67771,083934388824f52416b76a5e165b01c6de3fea2b,持卡人消费,学子楼商务网关,-11.0,97.99,7052,正常
2016/05/23 18:46:09,f1a2a776300811aadc43acb08aaddfd4a8b67771,083934388824f52416b76a5e165b01c6de3fea2b,持卡人消费,学士楼商务网关,-7.1,90.89,7053,正常
2016/05/24 08:52:17,f1a2a776300811aadc43acb08aaddfd4a8b67771,083934388824f52416b76a5e165b01c6de3fea2b,持卡人消费,学士楼商务网关,-2.7,88.19,7054,正常
2016/05/24 17:58:50,f1a2a776300811aadc43acb08aaddfd4a8b67771,083934388824f52416b76a5e165b01c6de3fea2b,持卡人消费,学苑楼商务网关,-7.0,81.19,7055,正常
2016/05/24 20:58:55,f1a2a776300811aadc43acb08aaddfd4a8b67771,083934388824f52416b76a5e165b01c6de3fea2b,持卡人消费,超市商务子系统,-22.2,58.99,7056,正常
2016/05/24 21:02:09,f1a2a776300811aadc43acb08aaddfd4a8b67771,083934388824f52416b76a5e165b01c6de3fea2b,持卡人消费,学士楼商务网关,-1.5,57.49,7057,正常
2016/05/25 07:42:38,f1a2a776300811aadc43acb08aaddfd4a8b67771,083934388824f52416b76a5e165b01c6de3fea2b,持卡人消费,学士楼商务网关,-5.2,52.29,7058,正常
2016/05/25 20:01:20,f1a2a776300811aadc43acb08aaddfd4a8b67771,083934388824f52416b76a5e165b01c6de3fea2b,持卡人消费,一校区水控新,-1.04,51.25,7059,正常
2016/05/25 20:09:53,f1a2a776300811aadc43acb08aaddfd4a8b67771,083934388824f52416b76a5e165b01c6de3fea2b,持卡人消费,一校区水控新,-1.0,50.25,7060,正常
2016/05/25 20:10:54,f1a2a776300811aadc43acb08aaddfd4a8b67771,083934388824f52416b76a5e165b01c6de3fea2b,持卡人消费,一校区水控新,-0.03,50.22,7061,正常
2016/05/25 20:58:17,f1a2a776300811aadc43acb08aaddfd4a8b67771,083934388824f52416b76a5e165b01c6de3fea2b,持卡人消费,学士楼商务网关,-1.5,48.72,7062,正常
2016/05/25 21:00:36,f1a2a776300811aadc43acb08aaddfd4a8b67771,083934388824f52416b76a5e165b01c6de3fea2b,持卡人消费,学士楼商务网关,-3.8,44.92,7063,正常
2016/05/25 21:03:52,f1a2a776300811aadc43acb08aaddfd4a8b67771,083934388824f52416b76a5e165b01c6de3fea2b,持卡人消费,学士楼商务网关,-0.6,44.32,7064,正常
2016/05/26 08:33:43,f1a2a776300811aadc43acb08aaddfd4a8b67771,083934388824f52416b76a5e165b01c6de3fea2b,持卡人消费,学士楼商务网关,-0.9,43.42,7065,正常
2016/05/27 21:07:51,f1a2a776300811aadc43acb08aaddfd4a8b67771,083934388824f52416b76a5e165b01c6de3fea2b,持卡人消费,学士楼商务网关,-6.8,36.62,7066,正常
2016/05/27 21:08:00,f1a2a776300811aadc43acb08aaddfd4a8b67771,083934388824f52416b76a5e165b01c6de3fea2b,持卡人消费,学士楼商务网关,-2.5,34.12,7067,正常
2016/05/27 21:10:13,f1a2a776300811aadc43acb08aaddfd4a8b67771,083934388824f52416b76a5e165b01c6de3fea2b,持卡人消费,学士楼商务网关,-1.5,32.62,7068,正常
2016/05/28 08:32:40,f1a2a776300811aadc43acb08aaddfd4a8b67771,083934388824f52416b76a5e165b01c6de3fea2b,持卡人消费,学士楼商务网关,-3.1,29.52,7069,正常
2016/05/28 20:41:36,f1a2a776300811aadc43acb08aaddfd4a8b67771,083934388824f52416b76a5e165b01c6de3fea2b,持卡人消费,一校区水控新,-1.3,28.22,7071,正常
2016/05/28 20:50:52,f1a2a776300811aadc43acb08aaddfd4a8b67771,083934388824f52416b76a5e165b01c6de3fea2b,持卡人消费,一校区水控新,-1.5,26.72,7073,正常
2016/05/29 12:17:29,f1a2a776300811aadc43acb08aaddfd4a8b67771,083934388824f52416b76a5e165b01c6de3fea2b,持卡人消费,学士楼商务网关,-6.0,20.72,7074,正常
2016/05/29 12:18:34,f1a2a776300811aadc43acb08aaddfd4a8b67771,083934388824f52416b76a5e165b01c6de3fea2b,持卡人消费,学士楼商务网关,-0.8,19.92,7075,正常
2016/05/29 17:43:15,f1a2a776300811aadc43acb08aaddfd4a8b67771,083934388824f52416b76a5e165b01c6de3fea2b,持卡人消费,学士楼商务网关,-4.8,15.12,7076,正常
2016/05/29 17:44:05,f1a2a776300811aadc43acb08aaddfd4a8b67771,083934388824f52416b76a5e165b01c6de3fea2b,持卡人消费,学士楼商务网关,-4.9,10.22,7077,正常
