交易发生时间,学号,姓名,交易类型,子系统名称,交易额,现有余额,次数,状态
2016/05/01 08:20:47,69416071f463d4b5ebb7a3e3513ae08f36d6f020,08b4cff87f7c6aefaf3c8509fc0dac5883a1f474,持卡人消费,四食堂商务网关,-2.8,86.96,4836,正常
2016/05/01 08:21:43,69416071f463d4b5ebb7a3e3513ae08f36d6f020,08b4cff87f7c6aefaf3c8509fc0dac5883a1f474,持卡人消费,四食堂商务网关,-0.2,86.76,4837,正常
2016/05/01 16:19:01,69416071f463d4b5ebb7a3e3513ae08f36d6f020,08b4cff87f7c6aefaf3c8509fc0dac5883a1f474,持卡人消费,学子便利店B03,-7.2,79.56,4838,正常
2016/05/08 07:58:31,69416071f463d4b5ebb7a3e3513ae08f36d6f020,08b4cff87f7c6aefaf3c8509fc0dac5883a1f474,持卡人消费,四食堂商务网关,-2.6,76.96,4839,正常
2016/05/08 07:59:10,69416071f463d4b5ebb7a3e3513ae08f36d6f020,08b4cff87f7c6aefaf3c8509fc0dac5883a1f474,持卡人消费,四食堂商务网关,-0.2,76.76,4840,正常
2016/05/08 11:42:54,69416071f463d4b5ebb7a3e3513ae08f36d6f020,08b4cff87f7c6aefaf3c8509fc0dac5883a1f474,持卡人消费,五食堂商务网关,-1.5,75.26,4841,正常
2016/05/08 11:50:12,69416071f463d4b5ebb7a3e3513ae08f36d6f020,08b4cff87f7c6aefaf3c8509fc0dac5883a1f474,持卡人消费,九食堂商务网关,-14.0,61.26,4842,正常
2016/05/08 12:10:17,69416071f463d4b5ebb7a3e3513ae08f36d6f020,08b4cff87f7c6aefaf3c8509fc0dac5883a1f474,持卡人消费,九食堂商务网关,-2.5,58.76,4843,正常
2016/05/08 12:22:14,69416071f463d4b5ebb7a3e3513ae08f36d6f020,08b4cff87f7c6aefaf3c8509fc0dac5883a1f474,持卡人消费,二区水控,-0.03,58.73,4845,正常
2016/05/08 12:33:21,69416071f463d4b5ebb7a3e3513ae08f36d6f020,08b4cff87f7c6aefaf3c8509fc0dac5883a1f474,持卡人消费,二区水控,-2.11,56.62,4847,正常
2016/05/08 12:37:10,69416071f463d4b5ebb7a3e3513ae08f36d6f020,08b4cff87f7c6aefaf3c8509fc0dac5883a1f474,持卡人消费,二区水控,-0.38,56.24,4849,正常
2016/05/10 08:23:41,69416071f463d4b5ebb7a3e3513ae08f36d6f020,08b4cff87f7c6aefaf3c8509fc0dac5883a1f474,持卡人消费,四食堂商务网关,-2.6,53.64,4850,正常
2016/05/10 08:24:28,69416071f463d4b5ebb7a3e3513ae08f36d6f020,08b4cff87f7c6aefaf3c8509fc0dac5883a1f474,持卡人消费,四食堂商务网关,-0.2,53.44,4851,正常
2016/05/10 11:56:57,69416071f463d4b5ebb7a3e3513ae08f36d6f020,08b4cff87f7c6aefaf3c8509fc0dac5883a1f474,持卡人消费,学士楼商务网关,-9.4,44.04,4852,正常
2016/05/10 17:43:57,69416071f463d4b5ebb7a3e3513ae08f36d6f020,08b4cff87f7c6aefaf3c8509fc0dac5883a1f474,持卡人消费,学子便利店B03,-4.2,39.84,4853,正常
2016/05/11 08:28:36,69416071f463d4b5ebb7a3e3513ae08f36d6f020,08b4cff87f7c6aefaf3c8509fc0dac5883a1f474,持卡人消费,四食堂商务网关,-2.6,37.24,4854,正常
2016/05/11 08:29:14,69416071f463d4b5ebb7a3e3513ae08f36d6f020,08b4cff87f7c6aefaf3c8509fc0dac5883a1f474,持卡人消费,四食堂商务网关,-0.2,37.04,4855,正常
2016/05/11 11:20:42,69416071f463d4b5ebb7a3e3513ae08f36d6f020,08b4cff87f7c6aefaf3c8509fc0dac5883a1f474,持卡人消费,九食堂商务网关,-6.0,31.04,4856,正常
2016/05/11 11:22:21,69416071f463d4b5ebb7a3e3513ae08f36d6f020,08b4cff87f7c6aefaf3c8509fc0dac5883a1f474,持卡人消费,九食堂商务网关,-1.0,30.04,4857,正常
2016/05/11 15:21:41,69416071f463d4b5ebb7a3e3513ae08f36d6f020,08b4cff87f7c6aefaf3c8509fc0dac5883a1f474,持卡人消费,学子便利店B03,-3.5,26.54,4858,正常
2016/05/11 20:12:26,69416071f463d4b5ebb7a3e3513ae08f36d6f020,08b4cff87f7c6aefaf3c8509fc0dac5883a1f474,持卡人消费,学子便利店B03,-11.0,15.54,4859,正常
2016/05/13 08:39:40,69416071f463d4b5ebb7a3e3513ae08f36d6f020,08b4cff87f7c6aefaf3c8509fc0dac5883a1f474,持卡人消费,四食堂商务网关,-2.6,12.94,4860,正常
2016/05/13 08:40:35,69416071f463d4b5ebb7a3e3513ae08f36d6f020,08b4cff87f7c6aefaf3c8509fc0dac5883a1f474,持卡人消费,四食堂商务网关,-0.2,12.74,4861,正常
2016/05/13 12:03:52,69416071f463d4b5ebb7a3e3513ae08f36d6f020,08b4cff87f7c6aefaf3c8509fc0dac5883a1f474,持卡人消费,九食堂商务网关,-3.9,8.84,4862,正常
2016/05/13 12:30:40,69416071f463d4b5ebb7a3e3513ae08f36d6f020,08b4cff87f7c6aefaf3c8509fc0dac5883a1f474,持卡人消费,二区水控,-2.18,6.66,4864,正常
2016/05/13 12:34:43,69416071f463d4b5ebb7a3e3513ae08f36d6f020,08b4cff87f7c6aefaf3c8509fc0dac5883a1f474,持卡人消费,二区水控,-0.53,6.13,4866,正常
2016/05/13 17:40:47,69416071f463d4b5ebb7a3e3513ae08f36d6f020,08b4cff87f7c6aefaf3c8509fc0dac5883a1f474,存款,现金充值机,50.0,56.13,4867,正常
2016/05/13 17:42:26,69416071f463d4b5ebb7a3e3513ae08f36d6f020,08b4cff87f7c6aefaf3c8509fc0dac5883a1f474,持卡人消费,五食堂商务网关,-5.4,50.73,4868,正常
2016/05/14 08:33:39,69416071f463d4b5ebb7a3e3513ae08f36d6f020,08b4cff87f7c6aefaf3c8509fc0dac5883a1f474,持卡人消费,四食堂商务网关,-2.3,48.43,4869,正常
2016/05/14 08:34:28,69416071f463d4b5ebb7a3e3513ae08f36d6f020,08b4cff87f7c6aefaf3c8509fc0dac5883a1f474,持卡人消费,四食堂商务网关,-0.2,48.23,4870,正常
2016/05/14 11:32:02,69416071f463d4b5ebb7a3e3513ae08f36d6f020,08b4cff87f7c6aefaf3c8509fc0dac5883a1f474,持卡人消费,九食堂商务网关,-2.9,45.33,4871,正常
2016/05/15 08:42:02,69416071f463d4b5ebb7a3e3513ae08f36d6f020,08b4cff87f7c6aefaf3c8509fc0dac5883a1f474,持卡人消费,四食堂商务网关,-3.1,42.23,4872,正常
2016/05/15 08:42:49,69416071f463d4b5ebb7a3e3513ae08f36d6f020,08b4cff87f7c6aefaf3c8509fc0dac5883a1f474,持卡人消费,四食堂商务网关,-0.2,42.03,4873,正常
2016/05/15 11:31:23,69416071f463d4b5ebb7a3e3513ae08f36d6f020,08b4cff87f7c6aefaf3c8509fc0dac5883a1f474,持卡人消费,九食堂商务网关,-3.9,38.13,4874,正常
2016/05/15 17:02:42,69416071f463d4b5ebb7a3e3513ae08f36d6f020,08b4cff87f7c6aefaf3c8509fc0dac5883a1f474,持卡人消费,九食堂商务网关,-3.4,34.73,4875,正常
2016/05/16 08:40:08,69416071f463d4b5ebb7a3e3513ae08f36d6f020,08b4cff87f7c6aefaf3c8509fc0dac5883a1f474,持卡人消费,四食堂商务网关,-2.1,32.63,4876,正常
2016/05/16 08:40:46,69416071f463d4b5ebb7a3e3513ae08f36d6f020,08b4cff87f7c6aefaf3c8509fc0dac5883a1f474,持卡人消费,四食堂商务网关,-0.2,32.43,4877,正常
2016/05/16 11:35:23,69416071f463d4b5ebb7a3e3513ae08f36d6f020,08b4cff87f7c6aefaf3c8509fc0dac5883a1f474,持卡人消费,九食堂商务网关,-3.9,28.53,4878,正常
2016/05/17 06:43:13,69416071f463d4b5ebb7a3e3513ae08f36d6f020,08b4cff87f7c6aefaf3c8509fc0dac5883a1f474,持卡人消费,四食堂商务网关,-2.1,26.43,4879,正常
2016/05/17 06:44:15,69416071f463d4b5ebb7a3e3513ae08f36d6f020,08b4cff87f7c6aefaf3c8509fc0dac5883a1f474,持卡人消费,四食堂商务网关,-0.2,26.23,4880,正常
2016/05/17 18:31:07,69416071f463d4b5ebb7a3e3513ae08f36d6f020,08b4cff87f7c6aefaf3c8509fc0dac5883a1f474,持卡人消费,二区水控,-1.81,24.42,4882,正常
2016/05/17 18:34:20,69416071f463d4b5ebb7a3e3513ae08f36d6f020,08b4cff87f7c6aefaf3c8509fc0dac5883a1f474,持卡人消费,二区水控,-0.45,23.97,4884,正常
2016/05/18 07:30:09,69416071f463d4b5ebb7a3e3513ae08f36d6f020,08b4cff87f7c6aefaf3c8509fc0dac5883a1f474,持卡人消费,四食堂商务网关,-2.1,21.87,4885,正常
2016/05/18 07:31:18,69416071f463d4b5ebb7a3e3513ae08f36d6f020,08b4cff87f7c6aefaf3c8509fc0dac5883a1f474,持卡人消费,四食堂商务网关,-0.2,21.67,4886,正常
2016/05/19 06:50:02,69416071f463d4b5ebb7a3e3513ae08f36d6f020,08b4cff87f7c6aefaf3c8509fc0dac5883a1f474,持卡人消费,四食堂商务网关,-3.1,18.57,4887,正常
2016/05/19 06:50:41,69416071f463d4b5ebb7a3e3513ae08f36d6f020,08b4cff87f7c6aefaf3c8509fc0dac5883a1f474,持卡人消费,四食堂商务网关,-0.2,18.37,4888,正常
2016/05/19 11:28:55,69416071f463d4b5ebb7a3e3513ae08f36d6f020,08b4cff87f7c6aefaf3c8509fc0dac5883a1f474,持卡人消费,四食堂商务网关,-5.4,12.97,4889,正常
2016/05/19 17:13:53,69416071f463d4b5ebb7a3e3513ae08f36d6f020,08b4cff87f7c6aefaf3c8509fc0dac5883a1f474,持卡人消费,九食堂商务网关,-6.0,6.97,4890,正常
2016/05/19 17:31:41,69416071f463d4b5ebb7a3e3513ae08f36d6f020,08b4cff87f7c6aefaf3c8509fc0dac5883a1f474,持卡人消费,二区水控,-0.03,6.94,4892,正常
2016/05/19 17:42:32,69416071f463d4b5ebb7a3e3513ae08f36d6f020,08b4cff87f7c6aefaf3c8509fc0dac5883a1f474,持卡人消费,二区水控,-2.08,4.86,4894,正常
2016/05/19 17:46:51,69416071f463d4b5ebb7a3e3513ae08f36d6f020,08b4cff87f7c6aefaf3c8509fc0dac5883a1f474,持卡人消费,二区水控,-0.5,4.36,4896,正常
2016/05/20 08:21:56,69416071f463d4b5ebb7a3e3513ae08f36d6f020,08b4cff87f7c6aefaf3c8509fc0dac5883a1f474,持卡人消费,四食堂商务网关,-2.3,2.06,4897,正常
2016/05/20 08:22:39,69416071f463d4b5ebb7a3e3513ae08f36d6f020,08b4cff87f7c6aefaf3c8509fc0dac5883a1f474,持卡人消费,四食堂商务网关,-0.2,1.86,4898,正常
2016/05/21 11:18:58,69416071f463d4b5ebb7a3e3513ae08f36d6f020,08b4cff87f7c6aefaf3c8509fc0dac5883a1f474,存款,现金充值机,40.0,41.86,4899,正常
2016/05/21 11:52:22,69416071f463d4b5ebb7a3e3513ae08f36d6f020,08b4cff87f7c6aefaf3c8509fc0dac5883a1f474,持卡人消费,九食堂商务网关,-2.5,39.36,4900,正常
2016/05/21 11:52:43,69416071f463d4b5ebb7a3e3513ae08f36d6f020,08b4cff87f7c6aefaf3c8509fc0dac5883a1f474,持卡人消费,九食堂商务网关,-0.4,38.96,4901,正常
2016/05/21 12:06:53,69416071f463d4b5ebb7a3e3513ae08f36d6f020,08b4cff87f7c6aefaf3c8509fc0dac5883a1f474,持卡人消费,二区水控,-0.03,38.93,4903,正常
2016/05/21 12:07:36,69416071f463d4b5ebb7a3e3513ae08f36d6f020,08b4cff87f7c6aefaf3c8509fc0dac5883a1f474,持卡人消费,二区水控,-0.13,38.80,4905,正常
2016/05/21 12:18:11,69416071f463d4b5ebb7a3e3513ae08f36d6f020,08b4cff87f7c6aefaf3c8509fc0dac5883a1f474,持卡人消费,二区水控,-1.97,36.83,4907,正常
2016/05/21 12:22:07,69416071f463d4b5ebb7a3e3513ae08f36d6f020,08b4cff87f7c6aefaf3c8509fc0dac5883a1f474,持卡人消费,二区水控,-0.3,36.53,4909,正常
2016/05/21 17:42:44,69416071f463d4b5ebb7a3e3513ae08f36d6f020,08b4cff87f7c6aefaf3c8509fc0dac5883a1f474,持卡人消费,四食堂商务网关,-3.43,33.10,4910,正常
2016/05/22 08:28:34,69416071f463d4b5ebb7a3e3513ae08f36d6f020,08b4cff87f7c6aefaf3c8509fc0dac5883a1f474,持卡人消费,四食堂商务网关,-2.1,31.00,4911,正常
2016/05/22 08:29:13,69416071f463d4b5ebb7a3e3513ae08f36d6f020,08b4cff87f7c6aefaf3c8509fc0dac5883a1f474,持卡人消费,四食堂商务网关,-0.2,30.80,4912,正常
2016/05/23 06:55:10,69416071f463d4b5ebb7a3e3513ae08f36d6f020,08b4cff87f7c6aefaf3c8509fc0dac5883a1f474,持卡人消费,四食堂商务网关,-3.1,27.70,4913,正常
2016/05/23 06:56:02,69416071f463d4b5ebb7a3e3513ae08f36d6f020,08b4cff87f7c6aefaf3c8509fc0dac5883a1f474,持卡人消费,四食堂商务网关,-0.2,27.50,4914,正常
2016/05/23 17:09:59,69416071f463d4b5ebb7a3e3513ae08f36d6f020,08b4cff87f7c6aefaf3c8509fc0dac5883a1f474,持卡人消费,四食堂商务网关,-4.34,23.16,4915,正常
2016/05/23 17:45:56,69416071f463d4b5ebb7a3e3513ae08f36d6f020,08b4cff87f7c6aefaf3c8509fc0dac5883a1f474,持卡人消费,二区水控,-1.49,21.67,4917,正常
2016/05/23 17:51:12,69416071f463d4b5ebb7a3e3513ae08f36d6f020,08b4cff87f7c6aefaf3c8509fc0dac5883a1f474,持卡人消费,二区水控,-0.13,21.54,4919,正常
2016/05/23 17:55:27,69416071f463d4b5ebb7a3e3513ae08f36d6f020,08b4cff87f7c6aefaf3c8509fc0dac5883a1f474,持卡人消费,二区水控,-0.56,20.98,4921,正常
2016/05/24 06:54:00,69416071f463d4b5ebb7a3e3513ae08f36d6f020,08b4cff87f7c6aefaf3c8509fc0dac5883a1f474,持卡人消费,四食堂商务网关,-2.1,18.88,4922,正常
2016/05/24 06:54:58,69416071f463d4b5ebb7a3e3513ae08f36d6f020,08b4cff87f7c6aefaf3c8509fc0dac5883a1f474,持卡人消费,四食堂商务网关,-1.0,17.88,4923,正常
2016/05/24 17:09:03,69416071f463d4b5ebb7a3e3513ae08f36d6f020,08b4cff87f7c6aefaf3c8509fc0dac5883a1f474,持卡人消费,四食堂商务网关,-5.26,12.62,4924,正常
2016/05/25 06:54:33,69416071f463d4b5ebb7a3e3513ae08f36d6f020,08b4cff87f7c6aefaf3c8509fc0dac5883a1f474,持卡人消费,四食堂商务网关,-1.8,10.82,4925,正常
2016/05/25 06:55:27,69416071f463d4b5ebb7a3e3513ae08f36d6f020,08b4cff87f7c6aefaf3c8509fc0dac5883a1f474,持卡人消费,四食堂商务网关,-0.2,10.62,4926,正常
2016/05/26 06:55:39,69416071f463d4b5ebb7a3e3513ae08f36d6f020,08b4cff87f7c6aefaf3c8509fc0dac5883a1f474,持卡人消费,四食堂商务网关,-2.6,8.02,4927,正常
2016/05/26 06:56:11,69416071f463d4b5ebb7a3e3513ae08f36d6f020,08b4cff87f7c6aefaf3c8509fc0dac5883a1f474,持卡人消费,四食堂商务网关,-0.2,7.82,4928,正常
2016/05/27 06:58:41,69416071f463d4b5ebb7a3e3513ae08f36d6f020,08b4cff87f7c6aefaf3c8509fc0dac5883a1f474,持卡人消费,四食堂商务网关,-2.1,5.72,4929,正常
2016/05/27 06:59:23,69416071f463d4b5ebb7a3e3513ae08f36d6f020,08b4cff87f7c6aefaf3c8509fc0dac5883a1f474,持卡人消费,四食堂商务网关,-0.2,5.52,4930,正常
2016/05/28 19:16:40,69416071f463d4b5ebb7a3e3513ae08f36d6f020,08b4cff87f7c6aefaf3c8509fc0dac5883a1f474,持卡人消费,二区水控,-2.11,3.41,4931,正常
2016/05/28 19:19:57,69416071f463d4b5ebb7a3e3513ae08f36d6f020,08b4cff87f7c6aefaf3c8509fc0dac5883a1f474,持卡人消费,二区水控,-0.38,3.03,4932,正常
2016/05/31 08:48:17,69416071f463d4b5ebb7a3e3513ae08f36d6f020,08b4cff87f7c6aefaf3c8509fc0dac5883a1f474,持卡人消费,四食堂商务网关,-1.2,1.83,4933,正常
2016/05/31 08:48:56,69416071f463d4b5ebb7a3e3513ae08f36d6f020,08b4cff87f7c6aefaf3c8509fc0dac5883a1f474,持卡人消费,四食堂商务网关,-0.2,1.63,4934,正常
