交易发生时间,学号,姓名,交易类型,子系统名称,交易额,现有余额,次数,状态
2016/05/02 19:10:17,bdd21593a312308e99bb2ce3e3fd5eaaed734dc9,08d2bd77ad393a5896ff54140457ca458ec88019,持卡人消费,15公寓浴池,-1.62,61.43,3490,正常
2016/05/02 19:20:43,bdd21593a312308e99bb2ce3e3fd5eaaed734dc9,08d2bd77ad393a5896ff54140457ca458ec88019,持卡人消费,15公寓浴池,-1.09,60.34,3492,正常
2016/05/02 19:24:56,bdd21593a312308e99bb2ce3e3fd5eaaed734dc9,08d2bd77ad393a5896ff54140457ca458ec88019,持卡人消费,15公寓浴池,-0.46,59.88,3494,正常
2016/05/03 07:55:07,bdd21593a312308e99bb2ce3e3fd5eaaed734dc9,08d2bd77ad393a5896ff54140457ca458ec88019,持卡人消费,学士楼商务网关,-7.76,52.12,3495,正常
2016/05/04 07:58:58,bdd21593a312308e99bb2ce3e3fd5eaaed734dc9,08d2bd77ad393a5896ff54140457ca458ec88019,持卡人消费,学士楼商务网关,-8.63,43.49,3496,正常
2016/05/05 07:57:46,bdd21593a312308e99bb2ce3e3fd5eaaed734dc9,08d2bd77ad393a5896ff54140457ca458ec88019,持卡人消费,学士楼商务网关,-9.33,34.16,3497,正常
2016/05/05 11:53:32,bdd21593a312308e99bb2ce3e3fd5eaaed734dc9,08d2bd77ad393a5896ff54140457ca458ec88019,持卡人消费,学子便利店A01后楼,-4.0,30.16,3498,正常
2016/05/06 07:54:58,bdd21593a312308e99bb2ce3e3fd5eaaed734dc9,08d2bd77ad393a5896ff54140457ca458ec88019,持卡人消费,学士楼商务网关,-9.0,21.16,3499,正常
2016/05/07 13:40:11,bdd21593a312308e99bb2ce3e3fd5eaaed734dc9,08d2bd77ad393a5896ff54140457ca458ec88019,持卡人消费,学子便利店A01后楼,-4.0,17.16,3500,正常
2016/05/07 14:07:28,bdd21593a312308e99bb2ce3e3fd5eaaed734dc9,08d2bd77ad393a5896ff54140457ca458ec88019,持卡人消费,学子便利店A01后楼,-0.4,16.76,3501,正常
2016/05/09 07:58:19,bdd21593a312308e99bb2ce3e3fd5eaaed734dc9,08d2bd77ad393a5896ff54140457ca458ec88019,持卡人消费,学士楼商务网关,-9.8,6.96,3502,正常
2016/05/09 07:59:14,bdd21593a312308e99bb2ce3e3fd5eaaed734dc9,08d2bd77ad393a5896ff54140457ca458ec88019,持卡人消费,学士楼商务网关,-0.6,6.36,3503,正常
