交易发生时间,学号,姓名,交易类型,子系统名称,交易额,现有余额,次数,状态
2016/05/27 16:52:15,adfb36c5e369882b6bd49c12f17688191fcf8dfe,091ba9fb5222e23dc56cc00ffcf413a796f5af73,存款,现金充值机,100.0,100.26,3959,正常
2016/05/28 12:20:34,adfb36c5e369882b6bd49c12f17688191fcf8dfe,091ba9fb5222e23dc56cc00ffcf413a796f5af73,持卡人消费,网络中心,-30.0,70.26,3960,正常
2016/05/31 18:07:18,adfb36c5e369882b6bd49c12f17688191fcf8dfe,091ba9fb5222e23dc56cc00ffcf413a796f5af73,持卡人消费,学子超市A05,-2.1,68.16,3961,正常
2016/05/31 19:53:40,adfb36c5e369882b6bd49c12f17688191fcf8dfe,091ba9fb5222e23dc56cc00ffcf413a796f5af73,持卡人消费,土木楼水控,-3.0,65.16,3962,正常
2016/05/31 19:54:57,adfb36c5e369882b6bd49c12f17688191fcf8dfe,091ba9fb5222e23dc56cc00ffcf413a796f5af73,持卡人消费,土木楼水控,-1.07,64.09,3964,正常
2016/05/31 20:11:43,adfb36c5e369882b6bd49c12f17688191fcf8dfe,091ba9fb5222e23dc56cc00ffcf413a796f5af73,持卡人消费,土木楼水控,-3.0,61.09,3965,正常
2016/05/31 20:14:06,adfb36c5e369882b6bd49c12f17688191fcf8dfe,091ba9fb5222e23dc56cc00ffcf413a796f5af73,持卡人消费,土木楼水控,-3.0,58.09,3966,正常
2016/05/31 20:14:20,adfb36c5e369882b6bd49c12f17688191fcf8dfe,091ba9fb5222e23dc56cc00ffcf413a796f5af73,持卡人消费,土木楼水控,-0.49,57.60,3967,正常
2016/05/31 20:26:25,adfb36c5e369882b6bd49c12f17688191fcf8dfe,091ba9fb5222e23dc56cc00ffcf413a796f5af73,持卡人消费,土木楼水控,-3.0,51.60,3969,正常
2016/05/31 20:19:08,adfb36c5e369882b6bd49c12f17688191fcf8dfe,091ba9fb5222e23dc56cc00ffcf413a796f5af73,持卡人消费,土木楼水控,-0.9,53.70,3970,正常
2016/05/31 20:25:44,adfb36c5e369882b6bd49c12f17688191fcf8dfe,091ba9fb5222e23dc56cc00ffcf413a796f5af73,持卡人消费,土木楼水控,-0.44,53.26,3972,正常
2016/05/31 20:49:22,adfb36c5e369882b6bd49c12f17688191fcf8dfe,091ba9fb5222e23dc56cc00ffcf413a796f5af73,持卡人消费,学子超市A05,-5.5,47.76,3973,正常
