交易发生时间,学号,姓名,交易类型,子系统名称,交易额,现有余额,次数,状态
2016/05/02 16:54:37,d9820b6044a90489ea72e18721eee1d167ea68a6,092debbca3e717cfc19482e7396c7945c0cdb6a4,存款,现金充值机,200.0,200.82,4367,正常
2016/05/02 17:16:51,d9820b6044a90489ea72e18721eee1d167ea68a6,092debbca3e717cfc19482e7396c7945c0cdb6a4,持卡人消费,学苑楼商务网关,-6.6,194.22,4368,正常
2016/05/02 17:18:42,d9820b6044a90489ea72e18721eee1d167ea68a6,092debbca3e717cfc19482e7396c7945c0cdb6a4,持卡人消费,学苑楼商务网关,-10.0,184.22,4369,正常
2016/05/04 08:11:27,d9820b6044a90489ea72e18721eee1d167ea68a6,092debbca3e717cfc19482e7396c7945c0cdb6a4,持卡人消费,学子便利店A01后楼,-6.5,177.72,4370,正常
2016/05/04 10:52:39,d9820b6044a90489ea72e18721eee1d167ea68a6,092debbca3e717cfc19482e7396c7945c0cdb6a4,持卡人消费,学士楼商务网关,-6.0,171.72,4371,正常
2016/05/04 16:53:52,d9820b6044a90489ea72e18721eee1d167ea68a6,092debbca3e717cfc19482e7396c7945c0cdb6a4,持卡人消费,学苑楼商务网关,-6.0,165.72,4372,正常
2016/05/04 16:54:29,d9820b6044a90489ea72e18721eee1d167ea68a6,092debbca3e717cfc19482e7396c7945c0cdb6a4,持卡人消费,学苑楼商务网关,-4.0,161.72,4373,正常
2016/05/04 16:55:01,d9820b6044a90489ea72e18721eee1d167ea68a6,092debbca3e717cfc19482e7396c7945c0cdb6a4,持卡人消费,学苑楼商务网关,-0.6,161.12,4374,正常
2016/05/04 16:56:25,d9820b6044a90489ea72e18721eee1d167ea68a6,092debbca3e717cfc19482e7396c7945c0cdb6a4,持卡人消费,学苑楼商务网关,-1.2,159.92,4375,正常
2016/05/05 07:47:39,d9820b6044a90489ea72e18721eee1d167ea68a6,092debbca3e717cfc19482e7396c7945c0cdb6a4,持卡人消费,学子便利店A01后楼,-6.2,153.72,4376,正常
2016/05/06 13:24:26,d9820b6044a90489ea72e18721eee1d167ea68a6,092debbca3e717cfc19482e7396c7945c0cdb6a4,持卡人消费,学士楼商务网关,-3.95,149.77,4377,正常
2016/05/06 13:25:37,d9820b6044a90489ea72e18721eee1d167ea68a6,092debbca3e717cfc19482e7396c7945c0cdb6a4,持卡人消费,学士楼商务网关,-2.0,147.77,4378,正常
2016/05/06 17:01:35,d9820b6044a90489ea72e18721eee1d167ea68a6,092debbca3e717cfc19482e7396c7945c0cdb6a4,持卡人消费,学苑楼商务网关,-7.0,140.77,4379,正常
2016/05/06 17:02:10,d9820b6044a90489ea72e18721eee1d167ea68a6,092debbca3e717cfc19482e7396c7945c0cdb6a4,持卡人消费,学苑楼商务网关,-4.0,136.77,4380,正常
2016/05/06 17:02:27,d9820b6044a90489ea72e18721eee1d167ea68a6,092debbca3e717cfc19482e7396c7945c0cdb6a4,持卡人消费,学苑楼商务网关,-0.8,135.97,4381,正常
2016/05/06 17:03:08,d9820b6044a90489ea72e18721eee1d167ea68a6,092debbca3e717cfc19482e7396c7945c0cdb6a4,持卡人消费,学苑楼商务网关,-1.2,134.77,4382,正常
2016/05/07 09:07:32,d9820b6044a90489ea72e18721eee1d167ea68a6,092debbca3e717cfc19482e7396c7945c0cdb6a4,持卡人消费,学士楼商务网关,-7.3,127.47,4383,正常
2016/05/07 09:23:03,d9820b6044a90489ea72e18721eee1d167ea68a6,092debbca3e717cfc19482e7396c7945c0cdb6a4,持卡人消费,超市商务子系统,-18.8,108.67,4384,正常
2016/05/07 09:25:24,d9820b6044a90489ea72e18721eee1d167ea68a6,092debbca3e717cfc19482e7396c7945c0cdb6a4,持卡人消费,超市商务子系统,-8.5,100.17,4385,正常
2016/05/07 18:11:08,d9820b6044a90489ea72e18721eee1d167ea68a6,092debbca3e717cfc19482e7396c7945c0cdb6a4,持卡人消费,学苑楼商务网关,-7.0,93.17,4386,正常
2016/05/07 18:11:19,d9820b6044a90489ea72e18721eee1d167ea68a6,092debbca3e717cfc19482e7396c7945c0cdb6a4,持卡人消费,学苑楼商务网关,-1.2,91.97,4387,正常
2016/05/07 18:12:40,d9820b6044a90489ea72e18721eee1d167ea68a6,092debbca3e717cfc19482e7396c7945c0cdb6a4,持卡人消费,学苑楼商务网关,-2.5,89.47,4388,正常
2016/05/09 08:35:54,d9820b6044a90489ea72e18721eee1d167ea68a6,092debbca3e717cfc19482e7396c7945c0cdb6a4,持卡人消费,学士楼商务网关,-3.2,86.27,4389,正常
2016/05/09 08:37:02,d9820b6044a90489ea72e18721eee1d167ea68a6,092debbca3e717cfc19482e7396c7945c0cdb6a4,持卡人消费,学士楼商务网关,-1.5,84.77,4390,正常
2016/05/09 11:20:25,d9820b6044a90489ea72e18721eee1d167ea68a6,092debbca3e717cfc19482e7396c7945c0cdb6a4,持卡人消费,学士楼商务网关,-7.0,77.77,4391,正常
2016/05/09 11:20:57,d9820b6044a90489ea72e18721eee1d167ea68a6,092debbca3e717cfc19482e7396c7945c0cdb6a4,持卡人消费,学士楼商务网关,-6.0,71.77,4392,正常
2016/05/09 17:44:14,d9820b6044a90489ea72e18721eee1d167ea68a6,092debbca3e717cfc19482e7396c7945c0cdb6a4,持卡人消费,学苑楼商务网关,-10.0,61.77,4393,正常
2016/05/09 17:45:05,d9820b6044a90489ea72e18721eee1d167ea68a6,092debbca3e717cfc19482e7396c7945c0cdb6a4,持卡人消费,学苑楼商务网关,-6.0,55.77,4394,正常
2016/05/09 17:46:25,d9820b6044a90489ea72e18721eee1d167ea68a6,092debbca3e717cfc19482e7396c7945c0cdb6a4,持卡人消费,学苑楼商务网关,-1.2,54.57,4395,正常
2016/05/09 17:46:59,d9820b6044a90489ea72e18721eee1d167ea68a6,092debbca3e717cfc19482e7396c7945c0cdb6a4,持卡人消费,学苑楼商务网关,-0.8,53.77,4396,正常
2016/05/10 11:01:40,d9820b6044a90489ea72e18721eee1d167ea68a6,092debbca3e717cfc19482e7396c7945c0cdb6a4,持卡人消费,学士楼商务网关,-15.3,38.47,4397,正常
2016/05/10 17:27:30,d9820b6044a90489ea72e18721eee1d167ea68a6,092debbca3e717cfc19482e7396c7945c0cdb6a4,持卡人消费,学子便利店A01后楼,-7.2,31.27,4398,正常
2016/05/10 19:31:57,d9820b6044a90489ea72e18721eee1d167ea68a6,092debbca3e717cfc19482e7396c7945c0cdb6a4,持卡人消费,学士楼商务网关,-1.95,29.32,4399,正常
2016/05/10 19:32:04,d9820b6044a90489ea72e18721eee1d167ea68a6,092debbca3e717cfc19482e7396c7945c0cdb6a4,持卡人消费,学士楼商务网关,-1.0,28.32,4400,正常
2016/05/10 19:32:54,d9820b6044a90489ea72e18721eee1d167ea68a6,092debbca3e717cfc19482e7396c7945c0cdb6a4,持卡人消费,学士楼商务网关,-2.0,26.32,4401,正常
2016/05/11 09:05:46,d9820b6044a90489ea72e18721eee1d167ea68a6,092debbca3e717cfc19482e7396c7945c0cdb6a4,持卡人消费,学士楼商务网关,-5.2,21.12,4402,正常
2016/05/11 11:38:24,d9820b6044a90489ea72e18721eee1d167ea68a6,092debbca3e717cfc19482e7396c7945c0cdb6a4,持卡人消费,学士楼商务网关,-1.0,20.12,4403,正常
2016/05/11 11:41:36,d9820b6044a90489ea72e18721eee1d167ea68a6,092debbca3e717cfc19482e7396c7945c0cdb6a4,持卡人消费,学士楼商务网关,-13.5,6.62,4404,正常
2016/05/11 15:38:10,d9820b6044a90489ea72e18721eee1d167ea68a6,092debbca3e717cfc19482e7396c7945c0cdb6a4,持卡人消费,学子便利店A01后楼,-4.2,2.42,4405,正常
2016/05/11 19:05:11,d9820b6044a90489ea72e18721eee1d167ea68a6,092debbca3e717cfc19482e7396c7945c0cdb6a4,持卡人消费,学士楼商务网关,-2.0,0.42,4406,正常
2016/05/11 19:06:23,d9820b6044a90489ea72e18721eee1d167ea68a6,092debbca3e717cfc19482e7396c7945c0cdb6a4,持卡人消费,学士楼商务网关,-0.4,0.02,4407,正常
2016/05/13 10:30:32,d9820b6044a90489ea72e18721eee1d167ea68a6,092debbca3e717cfc19482e7396c7945c0cdb6a4,存款,现金充值机,200.0,200.02,4408,正常
2016/05/13 10:55:35,d9820b6044a90489ea72e18721eee1d167ea68a6,092debbca3e717cfc19482e7396c7945c0cdb6a4,持卡人消费,超市商务子系统,-19.5,180.52,4409,正常
2016/05/13 14:00:52,d9820b6044a90489ea72e18721eee1d167ea68a6,092debbca3e717cfc19482e7396c7945c0cdb6a4,持卡人消费,学士楼商务网关,-2.0,178.52,4410,正常
2016/05/13 14:01:27,d9820b6044a90489ea72e18721eee1d167ea68a6,092debbca3e717cfc19482e7396c7945c0cdb6a4,持卡人消费,学士楼商务网关,-0.5,178.02,4411,正常
2016/05/14 18:24:52,d9820b6044a90489ea72e18721eee1d167ea68a6,092debbca3e717cfc19482e7396c7945c0cdb6a4,持卡人消费,硕果园（工大商店）,-12.0,166.02,4412,正常
2016/05/15 09:03:58,d9820b6044a90489ea72e18721eee1d167ea68a6,092debbca3e717cfc19482e7396c7945c0cdb6a4,持卡人消费,学士楼商务网关,-5.2,160.82,4413,正常
2016/05/15 18:33:57,d9820b6044a90489ea72e18721eee1d167ea68a6,092debbca3e717cfc19482e7396c7945c0cdb6a4,持卡人消费,学士楼商务网关,-2.5,158.32,4414,正常
2016/05/15 18:34:46,d9820b6044a90489ea72e18721eee1d167ea68a6,092debbca3e717cfc19482e7396c7945c0cdb6a4,持卡人消费,学士楼商务网关,-1.0,157.32,4415,正常
2016/05/15 18:35:16,d9820b6044a90489ea72e18721eee1d167ea68a6,092debbca3e717cfc19482e7396c7945c0cdb6a4,持卡人消费,学士楼商务网关,-2.0,155.32,4416,正常
2016/05/16 11:30:31,d9820b6044a90489ea72e18721eee1d167ea68a6,092debbca3e717cfc19482e7396c7945c0cdb6a4,持卡人消费,学士楼商务网关,-9.0,146.32,4417,正常
2016/05/16 17:09:10,d9820b6044a90489ea72e18721eee1d167ea68a6,092debbca3e717cfc19482e7396c7945c0cdb6a4,持卡人消费,学士楼商务网关,-6.6,139.72,4418,正常
2016/05/16 17:10:48,d9820b6044a90489ea72e18721eee1d167ea68a6,092debbca3e717cfc19482e7396c7945c0cdb6a4,持卡人消费,学士楼商务网关,-11.4,128.32,4419,正常
2016/05/16 19:47:31,d9820b6044a90489ea72e18721eee1d167ea68a6,092debbca3e717cfc19482e7396c7945c0cdb6a4,持卡人消费,学士楼商务网关,-2.0,126.32,4420,正常
2016/05/17 08:51:31,d9820b6044a90489ea72e18721eee1d167ea68a6,092debbca3e717cfc19482e7396c7945c0cdb6a4,持卡人消费,学士楼商务网关,-5.2,121.12,4421,正常
2016/05/17 11:56:14,d9820b6044a90489ea72e18721eee1d167ea68a6,092debbca3e717cfc19482e7396c7945c0cdb6a4,持卡人消费,学苑楼商务网关,-10.0,111.12,4422,正常
2016/05/17 11:57:01,d9820b6044a90489ea72e18721eee1d167ea68a6,092debbca3e717cfc19482e7396c7945c0cdb6a4,持卡人消费,学苑楼商务网关,-5.6,105.52,4423,正常
2016/05/18 11:33:02,d9820b6044a90489ea72e18721eee1d167ea68a6,092debbca3e717cfc19482e7396c7945c0cdb6a4,持卡人消费,学士楼商务网关,-9.0,96.52,4424,正常
2016/05/18 15:30:59,d9820b6044a90489ea72e18721eee1d167ea68a6,092debbca3e717cfc19482e7396c7945c0cdb6a4,持卡人消费,学士楼商务网关,-2.0,94.52,4425,正常
2016/05/18 15:31:45,d9820b6044a90489ea72e18721eee1d167ea68a6,092debbca3e717cfc19482e7396c7945c0cdb6a4,持卡人消费,学士楼商务网关,-0.2,94.32,4426,正常
2016/05/18 17:43:24,d9820b6044a90489ea72e18721eee1d167ea68a6,092debbca3e717cfc19482e7396c7945c0cdb6a4,持卡人消费,学士楼商务网关,-8.4,85.92,4427,正常
2016/05/18 17:43:43,d9820b6044a90489ea72e18721eee1d167ea68a6,092debbca3e717cfc19482e7396c7945c0cdb6a4,持卡人消费,学士楼商务网关,-1.0,84.92,4428,正常
2016/05/20 09:23:01,d9820b6044a90489ea72e18721eee1d167ea68a6,092debbca3e717cfc19482e7396c7945c0cdb6a4,持卡人消费,学子便利店A01后楼,-4.9,80.02,4429,正常
2016/05/20 12:35:59,d9820b6044a90489ea72e18721eee1d167ea68a6,092debbca3e717cfc19482e7396c7945c0cdb6a4,持卡人消费,学苑楼商务网关,-8.8,71.22,4430,正常
2016/05/20 12:50:28,d9820b6044a90489ea72e18721eee1d167ea68a6,092debbca3e717cfc19482e7396c7945c0cdb6a4,持卡人消费,学苑楼商务网关,-0.8,70.42,4431,正常
2016/05/20 15:11:27,d9820b6044a90489ea72e18721eee1d167ea68a6,092debbca3e717cfc19482e7396c7945c0cdb6a4,持卡人消费,超市商务子系统,-19.4,51.02,4432,正常
2016/05/20 15:16:47,d9820b6044a90489ea72e18721eee1d167ea68a6,092debbca3e717cfc19482e7396c7945c0cdb6a4,持卡人消费,超市商务子系统,-8.9,42.12,4433,正常
2016/05/21 11:51:46,d9820b6044a90489ea72e18721eee1d167ea68a6,092debbca3e717cfc19482e7396c7945c0cdb6a4,持卡人消费,学苑楼商务网关,-10.0,32.12,4434,正常
2016/05/21 11:52:29,d9820b6044a90489ea72e18721eee1d167ea68a6,092debbca3e717cfc19482e7396c7945c0cdb6a4,持卡人消费,学苑楼商务网关,-4.8,27.32,4435,正常
2016/05/21 11:53:07,d9820b6044a90489ea72e18721eee1d167ea68a6,092debbca3e717cfc19482e7396c7945c0cdb6a4,持卡人消费,学苑楼商务网关,-1.2,26.12,4436,正常
2016/05/22 08:54:56,d9820b6044a90489ea72e18721eee1d167ea68a6,092debbca3e717cfc19482e7396c7945c0cdb6a4,持卡人消费,学士楼商务网关,-5.8,20.32,4437,正常
2016/05/23 13:01:07,d9820b6044a90489ea72e18721eee1d167ea68a6,092debbca3e717cfc19482e7396c7945c0cdb6a4,持卡人消费,学士楼商务网关,-3.6,16.72,4438,正常
2016/05/23 13:01:58,d9820b6044a90489ea72e18721eee1d167ea68a6,092debbca3e717cfc19482e7396c7945c0cdb6a4,持卡人消费,学士楼商务网关,-1.0,15.72,4439,正常
2016/05/23 13:02:59,d9820b6044a90489ea72e18721eee1d167ea68a6,092debbca3e717cfc19482e7396c7945c0cdb6a4,持卡人消费,学士楼商务网关,-2.0,13.72,4440,正常
2016/05/23 13:03:35,d9820b6044a90489ea72e18721eee1d167ea68a6,092debbca3e717cfc19482e7396c7945c0cdb6a4,持卡人消费,学士楼商务网关,-1.0,12.72,4441,正常
2016/05/24 17:48:32,d9820b6044a90489ea72e18721eee1d167ea68a6,092debbca3e717cfc19482e7396c7945c0cdb6a4,持卡人消费,南苑网关,-9.84,2.88,4442,正常
2016/05/26 13:06:47,d9820b6044a90489ea72e18721eee1d167ea68a6,092debbca3e717cfc19482e7396c7945c0cdb6a4,持卡人消费,超市商务子系统,-0.5,2.38,4443,正常
2016/05/26 12:48:46,d9820b6044a90489ea72e18721eee1d167ea68a6,092debbca3e717cfc19482e7396c7945c0cdb6a4,存款,现金充值机,300.0,302.38,4444,正常
2016/05/26 13:13:06,d9820b6044a90489ea72e18721eee1d167ea68a6,092debbca3e717cfc19482e7396c7945c0cdb6a4,持卡人消费,学士楼商务网关,-7.0,295.38,4445,正常
2016/05/26 13:13:55,d9820b6044a90489ea72e18721eee1d167ea68a6,092debbca3e717cfc19482e7396c7945c0cdb6a4,持卡人消费,学士楼商务网关,-1.2,294.18,4446,正常
2016/05/26 13:16:31,d9820b6044a90489ea72e18721eee1d167ea68a6,092debbca3e717cfc19482e7396c7945c0cdb6a4,持卡人消费,学士楼商务网关,-1.0,293.18,4447,正常
2016/05/27 09:04:18,d9820b6044a90489ea72e18721eee1d167ea68a6,092debbca3e717cfc19482e7396c7945c0cdb6a4,持卡人消费,学士楼商务网关,-6.4,286.78,4448,正常
2016/05/27 11:50:09,d9820b6044a90489ea72e18721eee1d167ea68a6,092debbca3e717cfc19482e7396c7945c0cdb6a4,持卡人消费,学士楼商务网关,-8.0,278.78,4449,正常
2016/05/27 14:42:11,d9820b6044a90489ea72e18721eee1d167ea68a6,092debbca3e717cfc19482e7396c7945c0cdb6a4,持卡人消费,学士楼商务网关,-1.2,277.58,4450,正常
2016/05/27 14:42:29,d9820b6044a90489ea72e18721eee1d167ea68a6,092debbca3e717cfc19482e7396c7945c0cdb6a4,持卡人消费,学士楼商务网关,-0.2,277.38,4451,正常
2016/05/27 17:51:21,d9820b6044a90489ea72e18721eee1d167ea68a6,092debbca3e717cfc19482e7396c7945c0cdb6a4,持卡人消费,南苑网关,-9.36,268.02,4452,正常
2016/05/27 18:07:53,d9820b6044a90489ea72e18721eee1d167ea68a6,092debbca3e717cfc19482e7396c7945c0cdb6a4,持卡人消费,南苑网关,-4.5,263.52,4453,正常
2016/05/28 09:15:34,d9820b6044a90489ea72e18721eee1d167ea68a6,092debbca3e717cfc19482e7396c7945c0cdb6a4,持卡人消费,学子便利店A01后楼,-6.2,257.32,4454,正常
2016/05/28 12:01:36,d9820b6044a90489ea72e18721eee1d167ea68a6,092debbca3e717cfc19482e7396c7945c0cdb6a4,持卡人消费,学士楼商务网关,-3.9,253.42,4455,正常
2016/05/28 12:02:39,d9820b6044a90489ea72e18721eee1d167ea68a6,092debbca3e717cfc19482e7396c7945c0cdb6a4,持卡人消费,学士楼商务网关,-5.6,247.82,4456,正常
2016/05/28 12:19:12,d9820b6044a90489ea72e18721eee1d167ea68a6,092debbca3e717cfc19482e7396c7945c0cdb6a4,持卡人消费,学士楼商务网关,-0.9,246.92,4457,正常
2016/05/28 15:14:20,d9820b6044a90489ea72e18721eee1d167ea68a6,092debbca3e717cfc19482e7396c7945c0cdb6a4,持卡人消费,学士楼商务网关,-2.0,244.92,4458,正常
2016/05/28 15:14:43,d9820b6044a90489ea72e18721eee1d167ea68a6,092debbca3e717cfc19482e7396c7945c0cdb6a4,持卡人消费,学士楼商务网关,-2.0,242.92,4459,正常
2016/05/29 17:36:24,d9820b6044a90489ea72e18721eee1d167ea68a6,092debbca3e717cfc19482e7396c7945c0cdb6a4,持卡人消费,学士楼商务网关,-13.9,229.02,4460,正常
2016/05/30 07:50:19,d9820b6044a90489ea72e18721eee1d167ea68a6,092debbca3e717cfc19482e7396c7945c0cdb6a4,持卡人消费,学子便利店A01后楼,-5.9,223.12,4461,正常
2016/05/30 12:18:55,d9820b6044a90489ea72e18721eee1d167ea68a6,092debbca3e717cfc19482e7396c7945c0cdb6a4,持卡人消费,学士楼商务网关,-17.0,206.12,4462,正常
2016/05/30 12:35:10,d9820b6044a90489ea72e18721eee1d167ea68a6,092debbca3e717cfc19482e7396c7945c0cdb6a4,持卡人消费,超市商务子系统,-17.4,188.72,4463,正常
2016/05/30 17:33:14,d9820b6044a90489ea72e18721eee1d167ea68a6,092debbca3e717cfc19482e7396c7945c0cdb6a4,持卡人消费,学士楼商务网关,-6.3,182.42,4464,正常
2016/05/30 17:40:10,d9820b6044a90489ea72e18721eee1d167ea68a6,092debbca3e717cfc19482e7396c7945c0cdb6a4,持卡人消费,学士楼商务网关,-8.4,174.02,4465,正常
2016/05/31 08:58:34,d9820b6044a90489ea72e18721eee1d167ea68a6,092debbca3e717cfc19482e7396c7945c0cdb6a4,持卡人消费,学士楼商务网关,-5.8,168.22,4466,正常
2016/05/31 17:44:30,d9820b6044a90489ea72e18721eee1d167ea68a6,092debbca3e717cfc19482e7396c7945c0cdb6a4,持卡人消费,学士楼商务网关,-7.1,161.12,4467,正常
