交易发生时间,学号,姓名,交易类型,子系统名称,交易额,现有余额,次数,状态
2016/05/03 07:13:43,2cb52766fb38cecfd1a5a6e7127b5825cf21a18f,094eb27cfce1c6cd9154a73efe6b6a5c33b53440,持卡人消费,学士楼商务网关,-1.9,2.75,3643,正常
2016/05/17 19:28:12,2cb52766fb38cecfd1a5a6e7127b5825cf21a18f,094eb27cfce1c6cd9154a73efe6b6a5c33b53440,持卡人消费,一校区水控新,-1.9,0.85,3645,正常
2016/05/20 10:40:46,2cb52766fb38cecfd1a5a6e7127b5825cf21a18f,094eb27cfce1c6cd9154a73efe6b6a5c33b53440,存款,学苑楼综合业务3,100.0,100.85,3646,正常
2016/05/20 10:43:58,2cb52766fb38cecfd1a5a6e7127b5825cf21a18f,094eb27cfce1c6cd9154a73efe6b6a5c33b53440,持卡人消费,学士楼商务网关,-3.0,97.85,3647,正常
2016/05/20 10:44:36,2cb52766fb38cecfd1a5a6e7127b5825cf21a18f,094eb27cfce1c6cd9154a73efe6b6a5c33b53440,持卡人消费,学士楼商务网关,-1.1,96.75,3648,正常
2016/05/22 11:39:48,2cb52766fb38cecfd1a5a6e7127b5825cf21a18f,094eb27cfce1c6cd9154a73efe6b6a5c33b53440,持卡人消费,硕果园（工大商店）,-10.0,86.75,3649,正常
2016/05/22 13:16:33,2cb52766fb38cecfd1a5a6e7127b5825cf21a18f,094eb27cfce1c6cd9154a73efe6b6a5c33b53440,持卡人消费,一校区水控新,-1.12,85.63,3651,正常
2016/05/22 13:21:49,2cb52766fb38cecfd1a5a6e7127b5825cf21a18f,094eb27cfce1c6cd9154a73efe6b6a5c33b53440,持卡人消费,一校区水控新,-0.45,85.18,3653,正常
2016/05/22 17:46:24,2cb52766fb38cecfd1a5a6e7127b5825cf21a18f,094eb27cfce1c6cd9154a73efe6b6a5c33b53440,持卡人消费,学士楼商务网关,-3.0,82.18,3654,正常
2016/05/22 17:46:46,2cb52766fb38cecfd1a5a6e7127b5825cf21a18f,094eb27cfce1c6cd9154a73efe6b6a5c33b53440,持卡人消费,学士楼商务网关,-0.8,81.38,3655,正常
2016/05/23 07:08:27,2cb52766fb38cecfd1a5a6e7127b5825cf21a18f,094eb27cfce1c6cd9154a73efe6b6a5c33b53440,持卡人消费,学士楼商务网关,-2.4,78.98,3656,正常
2016/05/23 11:39:13,2cb52766fb38cecfd1a5a6e7127b5825cf21a18f,094eb27cfce1c6cd9154a73efe6b6a5c33b53440,持卡人消费,学士楼商务网关,-1.2,77.78,3657,正常
2016/05/23 11:40:04,2cb52766fb38cecfd1a5a6e7127b5825cf21a18f,094eb27cfce1c6cd9154a73efe6b6a5c33b53440,持卡人消费,学士楼商务网关,-4.0,73.78,3658,正常
2016/05/23 15:51:59,2cb52766fb38cecfd1a5a6e7127b5825cf21a18f,094eb27cfce1c6cd9154a73efe6b6a5c33b53440,持卡人消费,学士楼商务网关,-0.9,72.88,3659,正常
2016/05/24 11:34:04,2cb52766fb38cecfd1a5a6e7127b5825cf21a18f,094eb27cfce1c6cd9154a73efe6b6a5c33b53440,持卡人消费,硕果园（工大商店）,-10.0,62.88,3660,正常
2016/05/25 07:04:33,2cb52766fb38cecfd1a5a6e7127b5825cf21a18f,094eb27cfce1c6cd9154a73efe6b6a5c33b53440,持卡人消费,学士楼商务网关,-2.4,60.48,3661,正常
2016/05/25 18:57:29,2cb52766fb38cecfd1a5a6e7127b5825cf21a18f,094eb27cfce1c6cd9154a73efe6b6a5c33b53440,持卡人消费,硕果园（工大商店）,-12.0,48.48,3662,正常
2016/05/26 07:45:39,2cb52766fb38cecfd1a5a6e7127b5825cf21a18f,094eb27cfce1c6cd9154a73efe6b6a5c33b53440,持卡人消费,学士楼商务网关,-2.4,46.08,3663,正常
2016/05/26 19:21:34,2cb52766fb38cecfd1a5a6e7127b5825cf21a18f,094eb27cfce1c6cd9154a73efe6b6a5c33b53440,持卡人消费,超市商务子系统,-8.8,37.28,3664,正常
2016/05/26 19:25:21,2cb52766fb38cecfd1a5a6e7127b5825cf21a18f,094eb27cfce1c6cd9154a73efe6b6a5c33b53440,持卡人消费,学士楼商务网关,-0.4,36.88,3665,正常
2016/05/26 19:26:55,2cb52766fb38cecfd1a5a6e7127b5825cf21a18f,094eb27cfce1c6cd9154a73efe6b6a5c33b53440,持卡人消费,学士楼商务网关,-3.0,33.88,3666,正常
2016/05/26 19:28:23,2cb52766fb38cecfd1a5a6e7127b5825cf21a18f,094eb27cfce1c6cd9154a73efe6b6a5c33b53440,持卡人消费,学士楼商务网关,-2.0,31.88,3667,正常
2016/05/27 07:40:18,2cb52766fb38cecfd1a5a6e7127b5825cf21a18f,094eb27cfce1c6cd9154a73efe6b6a5c33b53440,持卡人消费,学士楼商务网关,-3.9,27.98,3668,正常
2016/05/29 07:53:46,2cb52766fb38cecfd1a5a6e7127b5825cf21a18f,094eb27cfce1c6cd9154a73efe6b6a5c33b53440,持卡人消费,学士楼商务网关,-1.2,26.78,3669,正常
2016/05/29 07:54:13,2cb52766fb38cecfd1a5a6e7127b5825cf21a18f,094eb27cfce1c6cd9154a73efe6b6a5c33b53440,持卡人消费,学士楼商务网关,-0.4,26.38,3670,正常
2016/05/30 11:22:37,2cb52766fb38cecfd1a5a6e7127b5825cf21a18f,094eb27cfce1c6cd9154a73efe6b6a5c33b53440,持卡人消费,硕果园（工大商店）,-15.0,11.38,3671,正常
2016/05/30 11:24:21,2cb52766fb38cecfd1a5a6e7127b5825cf21a18f,094eb27cfce1c6cd9154a73efe6b6a5c33b53440,持卡人消费,硕果园（工大商店）,-10.0,1.38,3672,正常
2016/05/30 11:27:39,2cb52766fb38cecfd1a5a6e7127b5825cf21a18f,094eb27cfce1c6cd9154a73efe6b6a5c33b53440,持卡人消费,硕果园（工大商店）,-1.0,0.38,3673,正常
