交易发生时间,学号,姓名,交易类型,子系统名称,交易额,现有余额,次数,状态
2016/05/01 08:02:27,5cf01f94c2d5aad5013afd60f3fe8e2c537ec777,0a0efc2d3fa8890c71913b2e3662ed164da2bcd1,持卡人消费,学士楼商务网关,-1.1,164.27,4881,正常
2016/05/02 08:14:52,5cf01f94c2d5aad5013afd60f3fe8e2c537ec777,0a0efc2d3fa8890c71913b2e3662ed164da2bcd1,持卡人消费,学士楼商务网关,-3.0,161.27,4882,正常
2016/05/02 11:34:12,5cf01f94c2d5aad5013afd60f3fe8e2c537ec777,0a0efc2d3fa8890c71913b2e3662ed164da2bcd1,持卡人消费,学苑楼商务网关,-7.0,154.27,4883,正常
2016/05/02 17:53:13,5cf01f94c2d5aad5013afd60f3fe8e2c537ec777,0a0efc2d3fa8890c71913b2e3662ed164da2bcd1,持卡人消费,学苑楼商务网关,-8.0,146.27,4884,正常
2016/05/03 08:00:06,5cf01f94c2d5aad5013afd60f3fe8e2c537ec777,0a0efc2d3fa8890c71913b2e3662ed164da2bcd1,持卡人消费,学士楼商务网关,-2.1,144.17,4885,正常
2016/05/03 11:35:09,5cf01f94c2d5aad5013afd60f3fe8e2c537ec777,0a0efc2d3fa8890c71913b2e3662ed164da2bcd1,持卡人消费,学士楼商务网关,-8.8,135.37,4886,正常
2016/05/03 17:25:45,5cf01f94c2d5aad5013afd60f3fe8e2c537ec777,0a0efc2d3fa8890c71913b2e3662ed164da2bcd1,持卡人消费,学士楼商务网关,-11.1,124.27,4887,正常
2016/05/04 08:02:05,5cf01f94c2d5aad5013afd60f3fe8e2c537ec777,0a0efc2d3fa8890c71913b2e3662ed164da2bcd1,持卡人消费,学士楼商务网关,-2.0,122.27,4888,正常
2016/05/04 11:32:47,5cf01f94c2d5aad5013afd60f3fe8e2c537ec777,0a0efc2d3fa8890c71913b2e3662ed164da2bcd1,持卡人消费,学士楼商务网关,-15.2,107.07,4889,正常
2016/05/04 17:20:42,5cf01f94c2d5aad5013afd60f3fe8e2c537ec777,0a0efc2d3fa8890c71913b2e3662ed164da2bcd1,持卡人消费,学苑楼商务网关,-10.6,96.47,4890,正常
2016/05/04 17:22:18,5cf01f94c2d5aad5013afd60f3fe8e2c537ec777,0a0efc2d3fa8890c71913b2e3662ed164da2bcd1,持卡人消费,学苑楼商务网关,-3.0,93.47,4891,正常
2016/05/05 07:54:00,5cf01f94c2d5aad5013afd60f3fe8e2c537ec777,0a0efc2d3fa8890c71913b2e3662ed164da2bcd1,持卡人消费,学士楼商务网关,-1.9,91.57,4892,正常
2016/05/05 11:40:02,5cf01f94c2d5aad5013afd60f3fe8e2c537ec777,0a0efc2d3fa8890c71913b2e3662ed164da2bcd1,持卡人消费,学士楼商务网关,-11.8,79.77,4893,正常
2016/05/05 17:18:30,5cf01f94c2d5aad5013afd60f3fe8e2c537ec777,0a0efc2d3fa8890c71913b2e3662ed164da2bcd1,持卡人消费,学苑楼商务网关,-7.5,72.27,4894,正常
2016/05/05 17:19:30,5cf01f94c2d5aad5013afd60f3fe8e2c537ec777,0a0efc2d3fa8890c71913b2e3662ed164da2bcd1,持卡人消费,学苑楼商务网关,-1.5,70.77,4895,正常
2016/05/06 08:03:59,5cf01f94c2d5aad5013afd60f3fe8e2c537ec777,0a0efc2d3fa8890c71913b2e3662ed164da2bcd1,持卡人消费,学士楼商务网关,-2.9,67.87,4896,正常
2016/05/06 11:42:55,5cf01f94c2d5aad5013afd60f3fe8e2c537ec777,0a0efc2d3fa8890c71913b2e3662ed164da2bcd1,持卡人消费,学士楼商务网关,-11.3,56.57,4897,正常
2016/05/06 17:37:07,5cf01f94c2d5aad5013afd60f3fe8e2c537ec777,0a0efc2d3fa8890c71913b2e3662ed164da2bcd1,持卡人消费,学苑楼商务网关,-9.0,47.57,4898,正常
2016/05/07 07:59:27,5cf01f94c2d5aad5013afd60f3fe8e2c537ec777,0a0efc2d3fa8890c71913b2e3662ed164da2bcd1,持卡人消费,学士楼商务网关,-2.6,44.97,4899,正常
2016/05/07 11:37:36,5cf01f94c2d5aad5013afd60f3fe8e2c537ec777,0a0efc2d3fa8890c71913b2e3662ed164da2bcd1,持卡人消费,学士楼商务网关,-10.3,34.67,4900,正常
2016/05/07 18:18:52,5cf01f94c2d5aad5013afd60f3fe8e2c537ec777,0a0efc2d3fa8890c71913b2e3662ed164da2bcd1,持卡人消费,硕果园（工大商店）,-9.0,25.67,4901,正常
2016/05/08 17:49:31,5cf01f94c2d5aad5013afd60f3fe8e2c537ec777,0a0efc2d3fa8890c71913b2e3662ed164da2bcd1,持卡人消费,学苑楼商务网关,-5.0,20.67,4902,正常
2016/05/08 17:51:03,5cf01f94c2d5aad5013afd60f3fe8e2c537ec777,0a0efc2d3fa8890c71913b2e3662ed164da2bcd1,持卡人消费,学苑楼商务网关,-3.0,17.67,4903,正常
2016/05/09 08:03:31,5cf01f94c2d5aad5013afd60f3fe8e2c537ec777,0a0efc2d3fa8890c71913b2e3662ed164da2bcd1,持卡人消费,学士楼商务网关,-3.1,14.57,4904,正常
2016/05/09 11:33:50,5cf01f94c2d5aad5013afd60f3fe8e2c537ec777,0a0efc2d3fa8890c71913b2e3662ed164da2bcd1,存款,学苑楼综合业务2,100.0,114.57,4905,正常
2016/05/09 11:36:26,5cf01f94c2d5aad5013afd60f3fe8e2c537ec777,0a0efc2d3fa8890c71913b2e3662ed164da2bcd1,持卡人消费,学士楼商务网关,-11.1,103.47,4906,正常
2016/05/09 21:05:22,5cf01f94c2d5aad5013afd60f3fe8e2c537ec777,0a0efc2d3fa8890c71913b2e3662ed164da2bcd1,持卡人消费,超市商务子系统,-3.9,99.57,4907,正常
2016/05/10 19:18:22,5cf01f94c2d5aad5013afd60f3fe8e2c537ec777,0a0efc2d3fa8890c71913b2e3662ed164da2bcd1,持卡人消费,一校区水控新,-2.0,97.57,4908,正常
2016/05/10 19:23:35,5cf01f94c2d5aad5013afd60f3fe8e2c537ec777,0a0efc2d3fa8890c71913b2e3662ed164da2bcd1,持卡人消费,一校区水控新,-0.98,96.59,4910,正常
2016/05/10 19:44:52,5cf01f94c2d5aad5013afd60f3fe8e2c537ec777,0a0efc2d3fa8890c71913b2e3662ed164da2bcd1,持卡人消费,A1,-6.0,89.13,4917,正常
2016/05/11 07:53:16,5cf01f94c2d5aad5013afd60f3fe8e2c537ec777,0a0efc2d3fa8890c71913b2e3662ed164da2bcd1,持卡人消费,学士楼商务网关,-2.4,86.73,4918,正常
2016/05/11 11:31:36,5cf01f94c2d5aad5013afd60f3fe8e2c537ec777,0a0efc2d3fa8890c71913b2e3662ed164da2bcd1,持卡人消费,学士楼商务网关,-10.8,75.93,4919,正常
2016/05/11 17:46:32,5cf01f94c2d5aad5013afd60f3fe8e2c537ec777,0a0efc2d3fa8890c71913b2e3662ed164da2bcd1,持卡人消费,学苑楼商务网关,-8.0,67.93,4920,正常
2016/05/11 17:49:00,5cf01f94c2d5aad5013afd60f3fe8e2c537ec777,0a0efc2d3fa8890c71913b2e3662ed164da2bcd1,持卡人消费,学苑楼商务网关,-1.5,66.43,4921,正常
2016/05/12 11:31:58,5cf01f94c2d5aad5013afd60f3fe8e2c537ec777,0a0efc2d3fa8890c71913b2e3662ed164da2bcd1,持卡人消费,学士楼商务网关,-10.8,55.63,4922,正常
2016/05/12 17:29:41,5cf01f94c2d5aad5013afd60f3fe8e2c537ec777,0a0efc2d3fa8890c71913b2e3662ed164da2bcd1,持卡人消费,学苑楼商务网关,-5.0,50.63,4923,正常
2016/05/12 17:34:07,5cf01f94c2d5aad5013afd60f3fe8e2c537ec777,0a0efc2d3fa8890c71913b2e3662ed164da2bcd1,持卡人消费,学苑楼商务网关,-3.5,47.13,4924,正常
2016/05/13 08:00:52,5cf01f94c2d5aad5013afd60f3fe8e2c537ec777,0a0efc2d3fa8890c71913b2e3662ed164da2bcd1,持卡人消费,学士楼商务网关,-2.4,44.73,4925,正常
2016/05/13 11:40:41,5cf01f94c2d5aad5013afd60f3fe8e2c537ec777,0a0efc2d3fa8890c71913b2e3662ed164da2bcd1,持卡人消费,硕果园（工大商店）,-11.0,33.73,4926,正常
2016/05/13 17:57:25,5cf01f94c2d5aad5013afd60f3fe8e2c537ec777,0a0efc2d3fa8890c71913b2e3662ed164da2bcd1,持卡人消费,学苑楼商务网关,-6.0,27.73,4927,正常
2016/05/13 18:02:29,5cf01f94c2d5aad5013afd60f3fe8e2c537ec777,0a0efc2d3fa8890c71913b2e3662ed164da2bcd1,持卡人消费,学苑楼商务网关,-3.0,24.73,4928,正常
2016/05/14 08:01:01,5cf01f94c2d5aad5013afd60f3fe8e2c537ec777,0a0efc2d3fa8890c71913b2e3662ed164da2bcd1,持卡人消费,学士楼商务网关,-3.6,21.13,4929,正常
2016/05/14 11:38:56,5cf01f94c2d5aad5013afd60f3fe8e2c537ec777,0a0efc2d3fa8890c71913b2e3662ed164da2bcd1,持卡人消费,学苑楼商务网关,-8.8,12.33,4930,正常
2016/05/14 11:29:11,5cf01f94c2d5aad5013afd60f3fe8e2c537ec777,0a0efc2d3fa8890c71913b2e3662ed164da2bcd1,存款,现金充值机,100.0,112.33,4931,正常
2016/05/14 17:31:52,5cf01f94c2d5aad5013afd60f3fe8e2c537ec777,0a0efc2d3fa8890c71913b2e3662ed164da2bcd1,持卡人消费,学苑楼商务网关,-10.0,102.33,4932,正常
2016/05/14 21:34:57,5cf01f94c2d5aad5013afd60f3fe8e2c537ec777,0a0efc2d3fa8890c71913b2e3662ed164da2bcd1,持卡人消费,超市商务子系统,-20.8,81.53,4933,正常
2016/05/15 08:03:33,5cf01f94c2d5aad5013afd60f3fe8e2c537ec777,0a0efc2d3fa8890c71913b2e3662ed164da2bcd1,持卡人消费,学士楼商务网关,-2.2,79.33,4934,正常
2016/05/15 11:38:50,5cf01f94c2d5aad5013afd60f3fe8e2c537ec777,0a0efc2d3fa8890c71913b2e3662ed164da2bcd1,持卡人消费,学士楼商务网关,-15.8,63.53,4935,正常
2016/05/15 17:01:55,5cf01f94c2d5aad5013afd60f3fe8e2c537ec777,0a0efc2d3fa8890c71913b2e3662ed164da2bcd1,持卡人消费,一校区水控新,-1.44,62.09,4937,正常
2016/05/15 17:02:13,5cf01f94c2d5aad5013afd60f3fe8e2c537ec777,0a0efc2d3fa8890c71913b2e3662ed164da2bcd1,持卡人消费,一校区水控新,-0.03,62.06,4939,正常
2016/05/15 17:10:35,5cf01f94c2d5aad5013afd60f3fe8e2c537ec777,0a0efc2d3fa8890c71913b2e3662ed164da2bcd1,持卡人消费,一校区水控新,-1.34,60.72,4941,正常
2016/05/15 17:31:30,5cf01f94c2d5aad5013afd60f3fe8e2c537ec777,0a0efc2d3fa8890c71913b2e3662ed164da2bcd1,持卡人消费,A1,-3.0,57.72,4942,正常
2016/05/15 17:43:54,5cf01f94c2d5aad5013afd60f3fe8e2c537ec777,0a0efc2d3fa8890c71913b2e3662ed164da2bcd1,持卡人消费,学士楼商务网关,-5.1,52.62,4943,正常
2016/05/16 07:53:15,5cf01f94c2d5aad5013afd60f3fe8e2c537ec777,0a0efc2d3fa8890c71913b2e3662ed164da2bcd1,持卡人消费,学士楼商务网关,-2.8,49.82,4944,正常
2016/05/16 07:53:26,5cf01f94c2d5aad5013afd60f3fe8e2c537ec777,0a0efc2d3fa8890c71913b2e3662ed164da2bcd1,持卡人消费,学士楼商务网关,-1.0,48.82,4945,正常
2016/05/16 11:38:19,5cf01f94c2d5aad5013afd60f3fe8e2c537ec777,0a0efc2d3fa8890c71913b2e3662ed164da2bcd1,持卡人消费,学士楼商务网关,-9.3,39.52,4946,正常
2016/05/16 18:24:59,5cf01f94c2d5aad5013afd60f3fe8e2c537ec777,0a0efc2d3fa8890c71913b2e3662ed164da2bcd1,持卡人消费,硕果园（工大商店）,-15.0,24.52,4947,正常
2016/05/17 07:59:32,5cf01f94c2d5aad5013afd60f3fe8e2c537ec777,0a0efc2d3fa8890c71913b2e3662ed164da2bcd1,持卡人消费,学士楼商务网关,-3.1,21.42,4948,正常
2016/05/17 11:39:12,5cf01f94c2d5aad5013afd60f3fe8e2c537ec777,0a0efc2d3fa8890c71913b2e3662ed164da2bcd1,持卡人消费,学士楼商务网关,-16.3,5.12,4949,正常
2016/05/18 07:54:44,5cf01f94c2d5aad5013afd60f3fe8e2c537ec777,0a0efc2d3fa8890c71913b2e3662ed164da2bcd1,持卡人消费,学士楼商务网关,-2.0,3.12,4950,正常
2016/05/18 08:02:17,5cf01f94c2d5aad5013afd60f3fe8e2c537ec777,0a0efc2d3fa8890c71913b2e3662ed164da2bcd1,持卡人消费,学士楼商务网关,-2.6,0.52,4951,正常
2016/05/20 18:17:24,5cf01f94c2d5aad5013afd60f3fe8e2c537ec777,0a0efc2d3fa8890c71913b2e3662ed164da2bcd1,存款,现金充值机,100.0,100.52,4952,正常
2016/05/21 08:16:53,5cf01f94c2d5aad5013afd60f3fe8e2c537ec777,0a0efc2d3fa8890c71913b2e3662ed164da2bcd1,持卡人消费,学士楼商务网关,-2.5,98.02,4953,正常
2016/05/21 11:50:02,5cf01f94c2d5aad5013afd60f3fe8e2c537ec777,0a0efc2d3fa8890c71913b2e3662ed164da2bcd1,持卡人消费,学苑楼商务网关,-10.0,88.02,4954,正常
2016/05/21 18:25:23,5cf01f94c2d5aad5013afd60f3fe8e2c537ec777,0a0efc2d3fa8890c71913b2e3662ed164da2bcd1,持卡人消费,硕果园（工大商店）,-13.0,75.02,4955,正常
2016/05/22 20:36:46,5cf01f94c2d5aad5013afd60f3fe8e2c537ec777,0a0efc2d3fa8890c71913b2e3662ed164da2bcd1,持卡人消费,硕果园（工大商店）,-12.0,63.02,4956,正常
2016/05/22 21:03:43,5cf01f94c2d5aad5013afd60f3fe8e2c537ec777,0a0efc2d3fa8890c71913b2e3662ed164da2bcd1,持卡人消费,超市商务子系统,-2.5,60.52,4957,正常
2016/05/23 07:40:29,5cf01f94c2d5aad5013afd60f3fe8e2c537ec777,0a0efc2d3fa8890c71913b2e3662ed164da2bcd1,持卡人消费,学士楼商务网关,-2.2,58.32,4958,正常
2016/05/23 11:35:04,5cf01f94c2d5aad5013afd60f3fe8e2c537ec777,0a0efc2d3fa8890c71913b2e3662ed164da2bcd1,持卡人消费,硕果园（工大商店）,-12.0,46.32,4959,正常
2016/05/23 18:21:02,5cf01f94c2d5aad5013afd60f3fe8e2c537ec777,0a0efc2d3fa8890c71913b2e3662ed164da2bcd1,持卡人消费,硕果园（工大商店）,-1.5,44.82,4960,正常
2016/05/24 08:27:08,5cf01f94c2d5aad5013afd60f3fe8e2c537ec777,0a0efc2d3fa8890c71913b2e3662ed164da2bcd1,持卡人消费,学士楼商务网关,-3.2,41.62,4961,正常
2016/05/24 11:42:33,5cf01f94c2d5aad5013afd60f3fe8e2c537ec777,0a0efc2d3fa8890c71913b2e3662ed164da2bcd1,持卡人消费,学士楼商务网关,-19.5,22.12,4962,正常
2016/05/25 12:27:43,5cf01f94c2d5aad5013afd60f3fe8e2c537ec777,0a0efc2d3fa8890c71913b2e3662ed164da2bcd1,持卡人消费,学士楼商务网关,-2.0,20.12,4963,正常
2016/05/25 18:42:29,5cf01f94c2d5aad5013afd60f3fe8e2c537ec777,0a0efc2d3fa8890c71913b2e3662ed164da2bcd1,持卡人消费,一校区水控新,-1.46,18.66,4965,正常
2016/05/25 18:51:07,5cf01f94c2d5aad5013afd60f3fe8e2c537ec777,0a0efc2d3fa8890c71913b2e3662ed164da2bcd1,持卡人消费,一校区水控新,-1.46,17.20,4967,正常
2016/05/25 19:16:03,5cf01f94c2d5aad5013afd60f3fe8e2c537ec777,0a0efc2d3fa8890c71913b2e3662ed164da2bcd1,持卡人消费,A1,-3.0,14.20,4968,正常
2016/05/25 19:38:04,5cf01f94c2d5aad5013afd60f3fe8e2c537ec777,0a0efc2d3fa8890c71913b2e3662ed164da2bcd1,持卡人消费,学士楼商务网关,-7.6,6.60,4969,正常
2016/05/26 07:57:30,5cf01f94c2d5aad5013afd60f3fe8e2c537ec777,0a0efc2d3fa8890c71913b2e3662ed164da2bcd1,持卡人消费,学士楼商务网关,-3.6,3.00,4970,正常
2016/05/26 11:32:46,5cf01f94c2d5aad5013afd60f3fe8e2c537ec777,0a0efc2d3fa8890c71913b2e3662ed164da2bcd1,存款,卡中心综合业务,100.0,103.00,4971,正常
2016/05/26 11:34:59,5cf01f94c2d5aad5013afd60f3fe8e2c537ec777,0a0efc2d3fa8890c71913b2e3662ed164da2bcd1,持卡人消费,学士楼商务网关,-9.8,93.20,4972,正常
2016/05/26 17:21:03,5cf01f94c2d5aad5013afd60f3fe8e2c537ec777,0a0efc2d3fa8890c71913b2e3662ed164da2bcd1,持卡人消费,学苑楼商务网关,-7.0,86.20,4973,正常
2016/05/27 08:08:08,5cf01f94c2d5aad5013afd60f3fe8e2c537ec777,0a0efc2d3fa8890c71913b2e3662ed164da2bcd1,持卡人消费,学士楼商务网关,-3.6,82.60,4974,正常
2016/05/27 11:35:33,5cf01f94c2d5aad5013afd60f3fe8e2c537ec777,0a0efc2d3fa8890c71913b2e3662ed164da2bcd1,持卡人消费,学士楼商务网关,-7.4,75.20,4975,正常
2016/05/27 18:09:39,5cf01f94c2d5aad5013afd60f3fe8e2c537ec777,0a0efc2d3fa8890c71913b2e3662ed164da2bcd1,持卡人消费,硕果园（工大商店）,-10.0,65.20,4976,正常
2016/05/28 08:02:36,5cf01f94c2d5aad5013afd60f3fe8e2c537ec777,0a0efc2d3fa8890c71913b2e3662ed164da2bcd1,持卡人消费,学士楼商务网关,-3.25,61.95,4977,正常
2016/05/28 11:37:12,5cf01f94c2d5aad5013afd60f3fe8e2c537ec777,0a0efc2d3fa8890c71913b2e3662ed164da2bcd1,持卡人消费,学士楼商务网关,-13.6,48.35,4978,正常
2016/05/28 12:13:16,5cf01f94c2d5aad5013afd60f3fe8e2c537ec777,0a0efc2d3fa8890c71913b2e3662ed164da2bcd1,持卡人消费,一校区水控新,-2.0,46.35,4979,正常
2016/05/28 12:15:30,5cf01f94c2d5aad5013afd60f3fe8e2c537ec777,0a0efc2d3fa8890c71913b2e3662ed164da2bcd1,持卡人消费,一校区水控新,-0.03,46.32,4980,正常
2016/05/28 12:18:33,5cf01f94c2d5aad5013afd60f3fe8e2c537ec777,0a0efc2d3fa8890c71913b2e3662ed164da2bcd1,持卡人消费,一校区水控新,-0.44,45.88,4981,正常
2016/05/28 17:56:52,5cf01f94c2d5aad5013afd60f3fe8e2c537ec777,0a0efc2d3fa8890c71913b2e3662ed164da2bcd1,持卡人消费,硕果园（工大商店）,-10.0,35.88,4982,正常
2016/05/29 08:01:07,5cf01f94c2d5aad5013afd60f3fe8e2c537ec777,0a0efc2d3fa8890c71913b2e3662ed164da2bcd1,持卡人消费,学士楼商务网关,-2.7,33.18,4983,正常
2016/05/29 11:40:21,5cf01f94c2d5aad5013afd60f3fe8e2c537ec777,0a0efc2d3fa8890c71913b2e3662ed164da2bcd1,持卡人消费,学士楼商务网关,-7.0,26.18,4984,正常
2016/05/29 20:34:51,5cf01f94c2d5aad5013afd60f3fe8e2c537ec777,0a0efc2d3fa8890c71913b2e3662ed164da2bcd1,持卡人消费,硕果园（工大商店）,-4.0,22.18,4985,正常
2016/05/30 07:53:35,5cf01f94c2d5aad5013afd60f3fe8e2c537ec777,0a0efc2d3fa8890c71913b2e3662ed164da2bcd1,持卡人消费,学士楼商务网关,-2.6,19.58,4986,正常
2016/05/31 13:59:58,5cf01f94c2d5aad5013afd60f3fe8e2c537ec777,0a0efc2d3fa8890c71913b2e3662ed164da2bcd1,持卡人消费,一校区水控新,-1.26,18.32,4988,正常
2016/05/31 14:06:57,5cf01f94c2d5aad5013afd60f3fe8e2c537ec777,0a0efc2d3fa8890c71913b2e3662ed164da2bcd1,持卡人消费,一校区水控新,-1.18,17.14,4990,正常
2016/05/31 17:51:32,5cf01f94c2d5aad5013afd60f3fe8e2c537ec777,0a0efc2d3fa8890c71913b2e3662ed164da2bcd1,持卡人消费,硕果园（工大商店）,-3.0,14.14,4991,正常
