交易发生时间,学号,姓名,交易类型,子系统名称,交易额,现有余额,次数,状态
2016/05/01 10:53:43,3fa6897b0be60012a1e7ce89b7baed7d43f7b7c4,0a52d8f6ea717a298219bbbb605ee46869521afc,持卡人消费,网络中心,-30.0,137.98,1757,正常
2016/05/01 17:58:57,3fa6897b0be60012a1e7ce89b7baed7d43f7b7c4,0a52d8f6ea717a298219bbbb605ee46869521afc,持卡人消费,硕果园（工大商店）,-10.0,127.98,1758,正常
2016/05/01 17:59:32,3fa6897b0be60012a1e7ce89b7baed7d43f7b7c4,0a52d8f6ea717a298219bbbb605ee46869521afc,持卡人消费,硕果园（工大商店）,-3.0,124.98,1759,正常
2016/05/01 18:01:25,3fa6897b0be60012a1e7ce89b7baed7d43f7b7c4,0a52d8f6ea717a298219bbbb605ee46869521afc,持卡人消费,硕果园（工大商店）,-4.0,120.98,1760,正常
2016/05/02 17:10:33,3fa6897b0be60012a1e7ce89b7baed7d43f7b7c4,0a52d8f6ea717a298219bbbb605ee46869521afc,持卡人消费,学士楼商务网关,-4.0,116.98,1761,正常
2016/05/02 17:33:06,3fa6897b0be60012a1e7ce89b7baed7d43f7b7c4,0a52d8f6ea717a298219bbbb605ee46869521afc,持卡人消费,硕果园（工大商店）,-10.0,106.98,1762,正常
2016/05/02 17:35:25,3fa6897b0be60012a1e7ce89b7baed7d43f7b7c4,0a52d8f6ea717a298219bbbb605ee46869521afc,持卡人消费,硕果园（工大商店）,-4.0,102.98,1763,正常
2016/05/03 08:38:09,3fa6897b0be60012a1e7ce89b7baed7d43f7b7c4,0a52d8f6ea717a298219bbbb605ee46869521afc,持卡人消费,学士楼商务网关,-2.7,100.28,1764,正常
2016/05/03 11:27:55,3fa6897b0be60012a1e7ce89b7baed7d43f7b7c4,0a52d8f6ea717a298219bbbb605ee46869521afc,持卡人消费,硕果园（工大商店）,-13.0,87.28,1765,正常
2016/05/03 17:10:54,3fa6897b0be60012a1e7ce89b7baed7d43f7b7c4,0a52d8f6ea717a298219bbbb605ee46869521afc,持卡人消费,硕果园（工大商店）,-7.0,80.28,1766,正常
2016/05/03 17:25:05,3fa6897b0be60012a1e7ce89b7baed7d43f7b7c4,0a52d8f6ea717a298219bbbb605ee46869521afc,持卡人消费,硕果园（工大商店）,-3.0,77.28,1767,正常
2016/05/07 11:31:23,3fa6897b0be60012a1e7ce89b7baed7d43f7b7c4,0a52d8f6ea717a298219bbbb605ee46869521afc,持卡人消费,硕果园（工大商店）,-12.0,65.28,1768,正常
2016/05/07 11:32:19,3fa6897b0be60012a1e7ce89b7baed7d43f7b7c4,0a52d8f6ea717a298219bbbb605ee46869521afc,持卡人消费,硕果园（工大商店）,-3.0,62.28,1769,正常
2016/05/07 11:32:51,3fa6897b0be60012a1e7ce89b7baed7d43f7b7c4,0a52d8f6ea717a298219bbbb605ee46869521afc,持卡人消费,硕果园（工大商店）,-3.0,59.28,1770,正常
2016/05/08 11:28:49,3fa6897b0be60012a1e7ce89b7baed7d43f7b7c4,0a52d8f6ea717a298219bbbb605ee46869521afc,持卡人消费,硕果园（工大商店）,-14.0,45.28,1771,正常
2016/05/08 11:29:23,3fa6897b0be60012a1e7ce89b7baed7d43f7b7c4,0a52d8f6ea717a298219bbbb605ee46869521afc,持卡人消费,硕果园（工大商店）,-3.0,42.28,1772,正常
2016/05/08 11:32:48,3fa6897b0be60012a1e7ce89b7baed7d43f7b7c4,0a52d8f6ea717a298219bbbb605ee46869521afc,持卡人消费,硕果园（工大商店）,-3.0,39.28,1773,正常
2016/05/09 11:34:16,3fa6897b0be60012a1e7ce89b7baed7d43f7b7c4,0a52d8f6ea717a298219bbbb605ee46869521afc,持卡人消费,硕果园（工大商店）,-14.0,25.28,1774,正常
2016/05/09 11:34:50,3fa6897b0be60012a1e7ce89b7baed7d43f7b7c4,0a52d8f6ea717a298219bbbb605ee46869521afc,持卡人消费,硕果园（工大商店）,-2.5,22.78,1775,正常
2016/05/09 11:35:23,3fa6897b0be60012a1e7ce89b7baed7d43f7b7c4,0a52d8f6ea717a298219bbbb605ee46869521afc,持卡人消费,硕果园（工大商店）,-3.0,19.78,1776,正常
2016/05/10 11:14:55,3fa6897b0be60012a1e7ce89b7baed7d43f7b7c4,0a52d8f6ea717a298219bbbb605ee46869521afc,持卡人消费,硕果园（工大商店）,-10.0,9.78,1777,正常
2016/05/10 11:19:45,3fa6897b0be60012a1e7ce89b7baed7d43f7b7c4,0a52d8f6ea717a298219bbbb605ee46869521afc,持卡人消费,硕果园（工大商店）,-3.0,6.78,1778,正常
2016/05/10 11:21:17,3fa6897b0be60012a1e7ce89b7baed7d43f7b7c4,0a52d8f6ea717a298219bbbb605ee46869521afc,持卡人消费,硕果园（工大商店）,-2.5,4.28,1779,正常
2016/05/10 16:14:22,3fa6897b0be60012a1e7ce89b7baed7d43f7b7c4,0a52d8f6ea717a298219bbbb605ee46869521afc,持卡人消费,15公寓浴池,-2.0,2.28,1780,正常
2016/05/10 16:15:11,3fa6897b0be60012a1e7ce89b7baed7d43f7b7c4,0a52d8f6ea717a298219bbbb605ee46869521afc,持卡人消费,15公寓浴池,-0.14,2.14,1782,正常
