交易发生时间,学号,姓名,交易类型,子系统名称,交易额,现有余额,次数,状态
2016/05/03 11:38:34,170db31dcb55621b72571131fd5dd43d798f1ef4,0b9ab9538984adc3054a1d91a2c19b8f736c1e06,持卡人消费,硕果园（工大商店）,-10.0,29.05,5374,正常
2016/05/03 17:35:46,170db31dcb55621b72571131fd5dd43d798f1ef4,0b9ab9538984adc3054a1d91a2c19b8f736c1e06,持卡人消费,学士楼商务网关,-3.0,26.05,5375,正常
2016/05/03 17:37:19,170db31dcb55621b72571131fd5dd43d798f1ef4,0b9ab9538984adc3054a1d91a2c19b8f736c1e06,持卡人消费,学士楼商务网关,-4.0,22.05,5376,正常
2016/05/03 17:38:06,170db31dcb55621b72571131fd5dd43d798f1ef4,0b9ab9538984adc3054a1d91a2c19b8f736c1e06,持卡人消费,学士楼商务网关,-0.5,21.55,5377,正常
2016/05/04 11:39:53,170db31dcb55621b72571131fd5dd43d798f1ef4,0b9ab9538984adc3054a1d91a2c19b8f736c1e06,持卡人消费,学苑楼商务网关,-7.0,14.55,5378,正常
2016/05/04 11:40:31,170db31dcb55621b72571131fd5dd43d798f1ef4,0b9ab9538984adc3054a1d91a2c19b8f736c1e06,持卡人消费,学苑楼商务网关,-6.0,8.55,5379,正常
2016/05/04 11:43:16,170db31dcb55621b72571131fd5dd43d798f1ef4,0b9ab9538984adc3054a1d91a2c19b8f736c1e06,持卡人消费,学苑楼商务网关,-1.0,7.55,5380,正常
2016/05/04 12:04:53,170db31dcb55621b72571131fd5dd43d798f1ef4,0b9ab9538984adc3054a1d91a2c19b8f736c1e06,存款,学苑楼综合业务2,100.0,107.55,5381,正常
2016/05/04 12:15:43,170db31dcb55621b72571131fd5dd43d798f1ef4,0b9ab9538984adc3054a1d91a2c19b8f736c1e06,持卡人消费,超市商务子系统,-4.2,103.35,5382,正常
2016/05/04 17:25:11,170db31dcb55621b72571131fd5dd43d798f1ef4,0b9ab9538984adc3054a1d91a2c19b8f736c1e06,持卡人消费,学士楼商务网关,-8.0,95.35,5383,正常
2016/05/04 17:27:34,170db31dcb55621b72571131fd5dd43d798f1ef4,0b9ab9538984adc3054a1d91a2c19b8f736c1e06,持卡人消费,学士楼商务网关,-1.5,93.85,5384,正常
2016/05/05 07:54:27,170db31dcb55621b72571131fd5dd43d798f1ef4,0b9ab9538984adc3054a1d91a2c19b8f736c1e06,持卡人消费,学苑楼商务网关,-9.0,84.85,5385,正常
2016/05/05 08:09:44,170db31dcb55621b72571131fd5dd43d798f1ef4,0b9ab9538984adc3054a1d91a2c19b8f736c1e06,存款,现金充值机,100.0,184.85,5386,正常
2016/05/05 10:01:53,170db31dcb55621b72571131fd5dd43d798f1ef4,0b9ab9538984adc3054a1d91a2c19b8f736c1e06,持卡人消费,一区图书馆存包柜,-50.0,134.85,5387,正常
2016/05/05 11:19:29,170db31dcb55621b72571131fd5dd43d798f1ef4,0b9ab9538984adc3054a1d91a2c19b8f736c1e06,持卡人消费,学苑楼商务网关,-15.0,119.85,5388,正常
2016/05/05 11:20:14,170db31dcb55621b72571131fd5dd43d798f1ef4,0b9ab9538984adc3054a1d91a2c19b8f736c1e06,持卡人消费,学苑楼商务网关,-1.0,118.85,5389,正常
2016/05/05 16:04:54,170db31dcb55621b72571131fd5dd43d798f1ef4,0b9ab9538984adc3054a1d91a2c19b8f736c1e06,持卡人消费,15公寓浴池,-1.22,117.63,5391,正常
2016/05/05 16:12:47,170db31dcb55621b72571131fd5dd43d798f1ef4,0b9ab9538984adc3054a1d91a2c19b8f736c1e06,持卡人消费,15公寓浴池,-1.26,116.37,5393,正常
2016/05/05 16:13:04,170db31dcb55621b72571131fd5dd43d798f1ef4,0b9ab9538984adc3054a1d91a2c19b8f736c1e06,持卡人消费,15公寓浴池,-0.03,116.34,5395,正常
2016/05/05 16:22:33,170db31dcb55621b72571131fd5dd43d798f1ef4,0b9ab9538984adc3054a1d91a2c19b8f736c1e06,持卡人消费,15公寓浴池,-1.36,114.98,5397,正常
2016/05/05 18:31:14,170db31dcb55621b72571131fd5dd43d798f1ef4,0b9ab9538984adc3054a1d91a2c19b8f736c1e06,持卡人消费,硕果园（工大商店）,-6.0,108.98,5398,正常
2016/05/05 19:08:14,170db31dcb55621b72571131fd5dd43d798f1ef4,0b9ab9538984adc3054a1d91a2c19b8f736c1e06,持卡人消费,超市商务子系统,-14.5,94.48,5399,正常
2016/05/05 19:14:29,170db31dcb55621b72571131fd5dd43d798f1ef4,0b9ab9538984adc3054a1d91a2c19b8f736c1e06,持卡人消费,超市商务子系统,-10.5,83.98,5400,正常
2016/05/06 14:21:51,170db31dcb55621b72571131fd5dd43d798f1ef4,0b9ab9538984adc3054a1d91a2c19b8f736c1e06,持卡人消费,超市商务子系统,-2.7,81.28,5401,正常
2016/05/06 17:29:04,170db31dcb55621b72571131fd5dd43d798f1ef4,0b9ab9538984adc3054a1d91a2c19b8f736c1e06,持卡人消费,学苑楼商务网关,-7.0,74.28,5402,正常
2016/05/07 07:41:19,170db31dcb55621b72571131fd5dd43d798f1ef4,0b9ab9538984adc3054a1d91a2c19b8f736c1e06,持卡人消费,学士楼商务网关,-2.6,71.68,5403,正常
2016/05/09 11:50:03,170db31dcb55621b72571131fd5dd43d798f1ef4,0b9ab9538984adc3054a1d91a2c19b8f736c1e06,持卡人消费,硕果园（工大商店）,-12.0,59.68,5404,正常
2016/05/09 11:52:14,170db31dcb55621b72571131fd5dd43d798f1ef4,0b9ab9538984adc3054a1d91a2c19b8f736c1e06,持卡人消费,硕果园（工大商店）,-3.0,56.68,5405,正常
2016/05/10 11:09:39,170db31dcb55621b72571131fd5dd43d798f1ef4,0b9ab9538984adc3054a1d91a2c19b8f736c1e06,持卡人消费,学士楼商务网关,-4.8,51.88,5406,正常
2016/05/10 11:11:23,170db31dcb55621b72571131fd5dd43d798f1ef4,0b9ab9538984adc3054a1d91a2c19b8f736c1e06,持卡人消费,学士楼商务网关,-11.7,40.18,5407,正常
2016/05/10 11:23:08,170db31dcb55621b72571131fd5dd43d798f1ef4,0b9ab9538984adc3054a1d91a2c19b8f736c1e06,持卡人消费,学士楼商务网关,-3.0,37.18,5408,正常
2016/05/10 14:28:28,170db31dcb55621b72571131fd5dd43d798f1ef4,0b9ab9538984adc3054a1d91a2c19b8f736c1e06,持卡人消费,15公寓浴池,-0.3,36.88,5410,正常
2016/05/10 14:38:57,170db31dcb55621b72571131fd5dd43d798f1ef4,0b9ab9538984adc3054a1d91a2c19b8f736c1e06,持卡人消费,15公寓浴池,-2.0,34.88,5411,正常
2016/05/10 14:45:42,170db31dcb55621b72571131fd5dd43d798f1ef4,0b9ab9538984adc3054a1d91a2c19b8f736c1e06,持卡人消费,15公寓浴池,-0.99,33.89,5413,正常
2016/05/11 17:01:46,170db31dcb55621b72571131fd5dd43d798f1ef4,0b9ab9538984adc3054a1d91a2c19b8f736c1e06,持卡人消费,超市商务子系统,-1.7,32.19,5414,正常
2016/05/11 17:06:58,170db31dcb55621b72571131fd5dd43d798f1ef4,0b9ab9538984adc3054a1d91a2c19b8f736c1e06,存款,现金充值机,100.0,132.19,5415,正常
2016/05/11 17:29:16,170db31dcb55621b72571131fd5dd43d798f1ef4,0b9ab9538984adc3054a1d91a2c19b8f736c1e06,持卡人消费,学苑楼商务网关,-15.0,117.19,5416,正常
2016/05/12 07:59:05,170db31dcb55621b72571131fd5dd43d798f1ef4,0b9ab9538984adc3054a1d91a2c19b8f736c1e06,持卡人消费,超市商务子系统,-3.5,113.69,5417,正常
2016/05/13 11:17:17,170db31dcb55621b72571131fd5dd43d798f1ef4,0b9ab9538984adc3054a1d91a2c19b8f736c1e06,持卡人消费,硕果园（工大商店）,-16.0,97.69,5418,正常
2016/05/13 11:19:14,170db31dcb55621b72571131fd5dd43d798f1ef4,0b9ab9538984adc3054a1d91a2c19b8f736c1e06,持卡人消费,硕果园（工大商店）,-7.0,90.69,5419,正常
2016/05/13 11:23:01,170db31dcb55621b72571131fd5dd43d798f1ef4,0b9ab9538984adc3054a1d91a2c19b8f736c1e06,持卡人消费,硕果园（工大商店）,-3.0,87.69,5420,正常
2016/05/13 16:51:27,170db31dcb55621b72571131fd5dd43d798f1ef4,0b9ab9538984adc3054a1d91a2c19b8f736c1e06,持卡人消费,15公寓浴池,-2.0,85.69,5421,正常
2016/05/13 16:51:59,170db31dcb55621b72571131fd5dd43d798f1ef4,0b9ab9538984adc3054a1d91a2c19b8f736c1e06,持卡人消费,15公寓浴池,-0.1,85.59,5423,正常
2016/05/13 17:00:23,170db31dcb55621b72571131fd5dd43d798f1ef4,0b9ab9538984adc3054a1d91a2c19b8f736c1e06,持卡人消费,15公寓浴池,-1.18,84.41,5425,正常
2016/05/13 18:23:34,170db31dcb55621b72571131fd5dd43d798f1ef4,0b9ab9538984adc3054a1d91a2c19b8f736c1e06,持卡人消费,硕果园（工大商店）,-8.0,76.41,5426,正常
2016/05/13 18:32:15,170db31dcb55621b72571131fd5dd43d798f1ef4,0b9ab9538984adc3054a1d91a2c19b8f736c1e06,持卡人消费,硕果园（工大商店）,-1.5,74.91,5427,正常
2016/05/13 18:59:09,170db31dcb55621b72571131fd5dd43d798f1ef4,0b9ab9538984adc3054a1d91a2c19b8f736c1e06,持卡人消费,超市商务子系统,-16.8,58.11,5428,正常
2016/05/14 09:05:44,170db31dcb55621b72571131fd5dd43d798f1ef4,0b9ab9538984adc3054a1d91a2c19b8f736c1e06,持卡人消费,硕果园（工大商店）,-5.0,53.11,5429,正常
2016/05/15 12:27:48,170db31dcb55621b72571131fd5dd43d798f1ef4,0b9ab9538984adc3054a1d91a2c19b8f736c1e06,持卡人消费,15公寓浴池,-1.26,51.85,5431,正常
2016/05/15 12:36:24,170db31dcb55621b72571131fd5dd43d798f1ef4,0b9ab9538984adc3054a1d91a2c19b8f736c1e06,持卡人消费,15公寓浴池,-1.25,50.60,5433,正常
2016/05/15 13:33:04,170db31dcb55621b72571131fd5dd43d798f1ef4,0b9ab9538984adc3054a1d91a2c19b8f736c1e06,持卡人消费,硕果园（工大商店）,-12.0,38.60,5434,正常
2016/05/15 13:37:21,170db31dcb55621b72571131fd5dd43d798f1ef4,0b9ab9538984adc3054a1d91a2c19b8f736c1e06,持卡人消费,学士楼商务网关,-0.5,38.10,5435,正常
2016/05/15 19:51:54,170db31dcb55621b72571131fd5dd43d798f1ef4,0b9ab9538984adc3054a1d91a2c19b8f736c1e06,持卡人消费,学子超市园丁总店,-0.9,37.20,5436,正常
2016/05/16 07:53:17,170db31dcb55621b72571131fd5dd43d798f1ef4,0b9ab9538984adc3054a1d91a2c19b8f736c1e06,持卡人消费,学苑楼商务网关,-4.5,32.70,5437,正常
2016/05/16 11:28:32,170db31dcb55621b72571131fd5dd43d798f1ef4,0b9ab9538984adc3054a1d91a2c19b8f736c1e06,持卡人消费,学苑楼商务网关,-15.0,17.70,5438,正常
2016/05/16 11:57:06,170db31dcb55621b72571131fd5dd43d798f1ef4,0b9ab9538984adc3054a1d91a2c19b8f736c1e06,存款,卡中心综合业务,100.0,117.70,5439,正常
2016/05/16 19:11:53,170db31dcb55621b72571131fd5dd43d798f1ef4,0b9ab9538984adc3054a1d91a2c19b8f736c1e06,持卡人消费,超市商务子系统,-7.3,110.40,5440,正常
2016/05/17 07:24:45,170db31dcb55621b72571131fd5dd43d798f1ef4,0b9ab9538984adc3054a1d91a2c19b8f736c1e06,持卡人消费,学士楼商务网关,-3.3,107.10,5441,正常
2016/05/17 11:11:24,170db31dcb55621b72571131fd5dd43d798f1ef4,0b9ab9538984adc3054a1d91a2c19b8f736c1e06,持卡人消费,学士楼商务网关,-8.0,99.10,5442,正常
2016/05/17 18:21:09,170db31dcb55621b72571131fd5dd43d798f1ef4,0b9ab9538984adc3054a1d91a2c19b8f736c1e06,持卡人消费,学士楼商务网关,-0.5,98.60,5443,正常
2016/05/17 18:23:20,170db31dcb55621b72571131fd5dd43d798f1ef4,0b9ab9538984adc3054a1d91a2c19b8f736c1e06,持卡人消费,学士楼商务网关,-2.0,96.60,5444,正常
2016/05/17 20:09:38,170db31dcb55621b72571131fd5dd43d798f1ef4,0b9ab9538984adc3054a1d91a2c19b8f736c1e06,持卡人消费,超市商务子系统,-5.0,91.60,5445,正常
2016/05/18 07:43:39,170db31dcb55621b72571131fd5dd43d798f1ef4,0b9ab9538984adc3054a1d91a2c19b8f736c1e06,持卡人消费,硕果园（工大商店）,-10.0,81.60,5446,正常
2016/05/18 10:59:25,170db31dcb55621b72571131fd5dd43d798f1ef4,0b9ab9538984adc3054a1d91a2c19b8f736c1e06,持卡人消费,南苑网关,-5.76,75.84,5447,正常
2016/05/18 10:59:32,170db31dcb55621b72571131fd5dd43d798f1ef4,0b9ab9538984adc3054a1d91a2c19b8f736c1e06,持卡人消费,南苑网关,-6.24,69.60,5448,正常
2016/05/18 18:10:41,170db31dcb55621b72571131fd5dd43d798f1ef4,0b9ab9538984adc3054a1d91a2c19b8f736c1e06,持卡人消费,学士楼商务网关,-2.0,67.60,5449,正常
2016/05/18 18:12:15,170db31dcb55621b72571131fd5dd43d798f1ef4,0b9ab9538984adc3054a1d91a2c19b8f736c1e06,持卡人消费,学士楼商务网关,-0.5,67.10,5450,正常
2016/05/18 18:19:22,170db31dcb55621b72571131fd5dd43d798f1ef4,0b9ab9538984adc3054a1d91a2c19b8f736c1e06,持卡人消费,学士楼商务网关,-0.4,66.70,5451,正常
2016/05/19 07:52:18,170db31dcb55621b72571131fd5dd43d798f1ef4,0b9ab9538984adc3054a1d91a2c19b8f736c1e06,持卡人消费,学士楼商务网关,-1.5,65.20,5452,正常
2016/05/19 08:18:30,170db31dcb55621b72571131fd5dd43d798f1ef4,0b9ab9538984adc3054a1d91a2c19b8f736c1e06,持卡人消费,学子超市园丁总店,-4.2,61.00,5453,正常
2016/05/19 12:52:29,170db31dcb55621b72571131fd5dd43d798f1ef4,0b9ab9538984adc3054a1d91a2c19b8f736c1e06,持卡人消费,15公寓浴池,-1.73,59.27,5455,正常
2016/05/19 12:58:26,170db31dcb55621b72571131fd5dd43d798f1ef4,0b9ab9538984adc3054a1d91a2c19b8f736c1e06,持卡人消费,15公寓浴池,-0.78,58.49,5457,正常
2016/05/19 14:26:39,170db31dcb55621b72571131fd5dd43d798f1ef4,0b9ab9538984adc3054a1d91a2c19b8f736c1e06,持卡人消费,超市商务子系统,-14.5,43.99,5458,正常
2016/05/19 14:30:53,170db31dcb55621b72571131fd5dd43d798f1ef4,0b9ab9538984adc3054a1d91a2c19b8f736c1e06,持卡人消费,超市商务子系统,-1.6,42.39,5459,正常
2016/05/19 14:35:13,170db31dcb55621b72571131fd5dd43d798f1ef4,0b9ab9538984adc3054a1d91a2c19b8f736c1e06,持卡人消费,硕果园（工大商店）,-12.0,30.39,5460,正常
2016/05/20 11:30:27,170db31dcb55621b72571131fd5dd43d798f1ef4,0b9ab9538984adc3054a1d91a2c19b8f736c1e06,持卡人消费,学士楼商务网关,-1.2,29.19,5461,正常
2016/05/20 11:30:37,170db31dcb55621b72571131fd5dd43d798f1ef4,0b9ab9538984adc3054a1d91a2c19b8f736c1e06,持卡人消费,学士楼商务网关,-2.2,26.99,5462,正常
2016/05/20 11:31:54,170db31dcb55621b72571131fd5dd43d798f1ef4,0b9ab9538984adc3054a1d91a2c19b8f736c1e06,持卡人消费,学士楼商务网关,-2.0,24.99,5463,正常
2016/05/20 11:32:45,170db31dcb55621b72571131fd5dd43d798f1ef4,0b9ab9538984adc3054a1d91a2c19b8f736c1e06,持卡人消费,学士楼商务网关,-1.5,23.49,5464,正常
2016/05/23 07:36:49,170db31dcb55621b72571131fd5dd43d798f1ef4,0b9ab9538984adc3054a1d91a2c19b8f736c1e06,持卡人消费,超市商务子系统,-2.0,21.49,5465,正常
2016/05/23 11:38:29,170db31dcb55621b72571131fd5dd43d798f1ef4,0b9ab9538984adc3054a1d91a2c19b8f736c1e06,持卡人消费,学士楼商务网关,-6.16,15.33,5466,正常
2016/05/23 11:41:29,170db31dcb55621b72571131fd5dd43d798f1ef4,0b9ab9538984adc3054a1d91a2c19b8f736c1e06,持卡人消费,学士楼商务网关,-7.8,7.53,5467,正常
2016/05/23 11:50:37,170db31dcb55621b72571131fd5dd43d798f1ef4,0b9ab9538984adc3054a1d91a2c19b8f736c1e06,持卡人消费,学士楼商务网关,-3.0,4.53,5468,正常
2016/05/24 16:30:39,170db31dcb55621b72571131fd5dd43d798f1ef4,0b9ab9538984adc3054a1d91a2c19b8f736c1e06,持卡人消费,15公寓浴池,-2.0,2.53,5469,正常
2016/05/24 16:36:11,170db31dcb55621b72571131fd5dd43d798f1ef4,0b9ab9538984adc3054a1d91a2c19b8f736c1e06,持卡人消费,15公寓浴池,-0.38,2.15,5471,正常
2016/05/24 16:42:53,170db31dcb55621b72571131fd5dd43d798f1ef4,0b9ab9538984adc3054a1d91a2c19b8f736c1e06,持卡人消费,15公寓浴池,-0.91,1.24,5473,正常
2016/05/24 19:29:03,170db31dcb55621b72571131fd5dd43d798f1ef4,0b9ab9538984adc3054a1d91a2c19b8f736c1e06,持卡人消费,学子超市园丁总店,-1.0,0.24,5474,正常
2016/05/25 07:41:16,170db31dcb55621b72571131fd5dd43d798f1ef4,0b9ab9538984adc3054a1d91a2c19b8f736c1e06,存款,现金充值机,100.0,100.24,5475,正常
2016/05/25 08:02:13,170db31dcb55621b72571131fd5dd43d798f1ef4,0b9ab9538984adc3054a1d91a2c19b8f736c1e06,持卡人消费,学苑楼商务网关,-9.0,91.24,5476,正常
2016/05/26 07:58:24,170db31dcb55621b72571131fd5dd43d798f1ef4,0b9ab9538984adc3054a1d91a2c19b8f736c1e06,持卡人消费,硕果园（工大商店）,-5.0,86.24,5477,正常
2016/05/29 07:37:34,170db31dcb55621b72571131fd5dd43d798f1ef4,0b9ab9538984adc3054a1d91a2c19b8f736c1e06,持卡人消费,学士楼商务网关,-2.0,84.24,5478,正常
2016/05/29 07:37:39,170db31dcb55621b72571131fd5dd43d798f1ef4,0b9ab9538984adc3054a1d91a2c19b8f736c1e06,持卡人消费,学士楼商务网关,-0.5,83.74,5479,正常
2016/05/29 07:38:39,170db31dcb55621b72571131fd5dd43d798f1ef4,0b9ab9538984adc3054a1d91a2c19b8f736c1e06,持卡人消费,学士楼商务网关,-2.0,81.74,5480,正常
2016/05/29 12:59:55,170db31dcb55621b72571131fd5dd43d798f1ef4,0b9ab9538984adc3054a1d91a2c19b8f736c1e06,持卡人消费,15公寓浴池,-1.87,79.87,5482,正常
2016/05/29 13:05:45,170db31dcb55621b72571131fd5dd43d798f1ef4,0b9ab9538984adc3054a1d91a2c19b8f736c1e06,持卡人消费,15公寓浴池,-0.8,79.07,5484,正常
2016/05/29 19:57:05,170db31dcb55621b72571131fd5dd43d798f1ef4,0b9ab9538984adc3054a1d91a2c19b8f736c1e06,持卡人消费,超市商务子系统,-17.3,61.77,5485,正常
2016/05/30 07:49:50,170db31dcb55621b72571131fd5dd43d798f1ef4,0b9ab9538984adc3054a1d91a2c19b8f736c1e06,持卡人消费,学士楼商务网关,-4.0,57.77,5486,正常
2016/05/30 19:45:12,170db31dcb55621b72571131fd5dd43d798f1ef4,0b9ab9538984adc3054a1d91a2c19b8f736c1e06,持卡人消费,超市商务子系统,-12.1,45.67,5487,正常
2016/05/31 11:49:08,170db31dcb55621b72571131fd5dd43d798f1ef4,0b9ab9538984adc3054a1d91a2c19b8f736c1e06,持卡人消费,南苑网关,-7.92,37.75,5488,正常
2016/05/31 11:49:14,170db31dcb55621b72571131fd5dd43d798f1ef4,0b9ab9538984adc3054a1d91a2c19b8f736c1e06,持卡人消费,南苑网关,-3.12,34.63,5489,正常
