交易发生时间,学号,姓名,交易类型,子系统名称,交易额,现有余额,次数,状态
2016/05/04 17:22:24,ae8b331a10483d35c691e7a354f3ff30e1c4daa4,0bd040f134df51fcfe2f7a79a8fdb3eaadf8421b,存款,学苑楼综合业务3,50.0,51.91,3161,正常
2016/05/04 17:23:28,ae8b331a10483d35c691e7a354f3ff30e1c4daa4,0bd040f134df51fcfe2f7a79a8fdb3eaadf8421b,持卡人消费,学苑楼商务网关,-4.0,47.91,3162,正常
2016/05/04 17:35:54,ae8b331a10483d35c691e7a354f3ff30e1c4daa4,0bd040f134df51fcfe2f7a79a8fdb3eaadf8421b,持卡人消费,学苑楼商务网关,-7.0,40.91,3163,正常
2016/05/04 17:35:55,ae8b331a10483d35c691e7a354f3ff30e1c4daa4,0bd040f134df51fcfe2f7a79a8fdb3eaadf8421b,持卡人消费,学苑楼商务网关,-0.6,40.31,3164,正常
2016/05/04 17:36:15,ae8b331a10483d35c691e7a354f3ff30e1c4daa4,0bd040f134df51fcfe2f7a79a8fdb3eaadf8421b,持卡人消费,学苑楼商务网关,-0.8,39.51,3165,正常
2016/05/04 17:37:40,ae8b331a10483d35c691e7a354f3ff30e1c4daa4,0bd040f134df51fcfe2f7a79a8fdb3eaadf8421b,持卡人消费,学苑楼商务网关,-3.0,36.51,3166,正常
2016/05/06 06:56:45,ae8b331a10483d35c691e7a354f3ff30e1c4daa4,0bd040f134df51fcfe2f7a79a8fdb3eaadf8421b,持卡人消费,超市商务子系统,-2.0,34.51,3167,正常
2016/05/06 13:28:33,ae8b331a10483d35c691e7a354f3ff30e1c4daa4,0bd040f134df51fcfe2f7a79a8fdb3eaadf8421b,持卡人消费,15公寓浴池,-2.0,32.51,3168,正常
2016/05/06 13:35:33,ae8b331a10483d35c691e7a354f3ff30e1c4daa4,0bd040f134df51fcfe2f7a79a8fdb3eaadf8421b,持卡人消费,15公寓浴池,-0.59,31.92,3170,正常
2016/05/06 13:40:26,ae8b331a10483d35c691e7a354f3ff30e1c4daa4,0bd040f134df51fcfe2f7a79a8fdb3eaadf8421b,持卡人消费,15公寓浴池,-0.24,31.68,3172,正常
2016/05/06 13:44:15,ae8b331a10483d35c691e7a354f3ff30e1c4daa4,0bd040f134df51fcfe2f7a79a8fdb3eaadf8421b,持卡人消费,15公寓浴池,-0.58,31.10,3174,正常
2016/05/06 17:38:36,ae8b331a10483d35c691e7a354f3ff30e1c4daa4,0bd040f134df51fcfe2f7a79a8fdb3eaadf8421b,持卡人消费,学士楼商务网关,-8.0,23.10,3175,正常
2016/05/06 17:38:39,ae8b331a10483d35c691e7a354f3ff30e1c4daa4,0bd040f134df51fcfe2f7a79a8fdb3eaadf8421b,持卡人消费,学士楼商务网关,-1.0,22.10,3176,正常
2016/05/06 22:15:32,ae8b331a10483d35c691e7a354f3ff30e1c4daa4,0bd040f134df51fcfe2f7a79a8fdb3eaadf8421b,持卡人消费,A2,-3.0,19.10,3177,正常
2016/05/07 11:47:45,ae8b331a10483d35c691e7a354f3ff30e1c4daa4,0bd040f134df51fcfe2f7a79a8fdb3eaadf8421b,持卡人消费,硕果园（工大商店）,-10.0,9.10,3178,正常
2016/05/07 12:05:52,ae8b331a10483d35c691e7a354f3ff30e1c4daa4,0bd040f134df51fcfe2f7a79a8fdb3eaadf8421b,持卡人消费,硕果园（工大商店）,-2.0,7.10,3179,正常
2016/05/08 13:38:00,ae8b331a10483d35c691e7a354f3ff30e1c4daa4,0bd040f134df51fcfe2f7a79a8fdb3eaadf8421b,持卡人消费,15公寓浴池,-2.0,5.10,3180,正常
2016/05/08 13:38:31,ae8b331a10483d35c691e7a354f3ff30e1c4daa4,0bd040f134df51fcfe2f7a79a8fdb3eaadf8421b,持卡人消费,15公寓浴池,-0.08,5.02,3182,正常
2016/05/08 13:42:55,ae8b331a10483d35c691e7a354f3ff30e1c4daa4,0bd040f134df51fcfe2f7a79a8fdb3eaadf8421b,持卡人消费,15公寓浴池,-0.34,4.68,3184,正常
2016/05/08 13:50:16,ae8b331a10483d35c691e7a354f3ff30e1c4daa4,0bd040f134df51fcfe2f7a79a8fdb3eaadf8421b,持卡人消费,15公寓浴池,-1.12,3.56,3186,正常
2016/05/09 12:04:54,ae8b331a10483d35c691e7a354f3ff30e1c4daa4,0bd040f134df51fcfe2f7a79a8fdb3eaadf8421b,存款,学苑楼综合业务3,100.0,103.56,3187,正常
2016/05/09 12:08:27,ae8b331a10483d35c691e7a354f3ff30e1c4daa4,0bd040f134df51fcfe2f7a79a8fdb3eaadf8421b,持卡人消费,超市商务子系统,-10.5,93.06,3188,正常
2016/05/09 12:12:56,ae8b331a10483d35c691e7a354f3ff30e1c4daa4,0bd040f134df51fcfe2f7a79a8fdb3eaadf8421b,持卡人消费,网络中心,-30.0,63.06,3189,正常
2016/05/09 12:24:50,ae8b331a10483d35c691e7a354f3ff30e1c4daa4,0bd040f134df51fcfe2f7a79a8fdb3eaadf8421b,持卡人消费,A15,-3.0,60.06,3190,正常
2016/05/09 17:25:00,ae8b331a10483d35c691e7a354f3ff30e1c4daa4,0bd040f134df51fcfe2f7a79a8fdb3eaadf8421b,持卡人消费,超市商务子系统,-0.8,59.26,3191,正常
2016/05/10 11:22:20,ae8b331a10483d35c691e7a354f3ff30e1c4daa4,0bd040f134df51fcfe2f7a79a8fdb3eaadf8421b,持卡人消费,学士楼商务网关,-9.95,49.31,3192,正常
2016/05/10 17:18:02,ae8b331a10483d35c691e7a354f3ff30e1c4daa4,0bd040f134df51fcfe2f7a79a8fdb3eaadf8421b,持卡人消费,学士楼商务网关,-6.7,42.61,3193,正常
2016/05/10 17:19:08,ae8b331a10483d35c691e7a354f3ff30e1c4daa4,0bd040f134df51fcfe2f7a79a8fdb3eaadf8421b,持卡人消费,学士楼商务网关,-4.0,38.61,3194,正常
2016/05/10 17:20:16,ae8b331a10483d35c691e7a354f3ff30e1c4daa4,0bd040f134df51fcfe2f7a79a8fdb3eaadf8421b,持卡人消费,学士楼商务网关,-2.4,36.21,3195,正常
2016/05/11 11:28:00,ae8b331a10483d35c691e7a354f3ff30e1c4daa4,0bd040f134df51fcfe2f7a79a8fdb3eaadf8421b,持卡人消费,学士楼商务网关,-15.0,21.21,3196,正常
2016/05/12 16:26:52,ae8b331a10483d35c691e7a354f3ff30e1c4daa4,0bd040f134df51fcfe2f7a79a8fdb3eaadf8421b,持卡人消费,15公寓浴池,-2.0,19.21,3197,正常
2016/05/12 16:16:42,ae8b331a10483d35c691e7a354f3ff30e1c4daa4,0bd040f134df51fcfe2f7a79a8fdb3eaadf8421b,持卡人消费,15公寓浴池,-0.03,19.18,3199,正常
2016/05/12 16:18:13,ae8b331a10483d35c691e7a354f3ff30e1c4daa4,0bd040f134df51fcfe2f7a79a8fdb3eaadf8421b,持卡人消费,15公寓浴池,-0.27,18.91,3201,正常
2016/05/12 16:18:36,ae8b331a10483d35c691e7a354f3ff30e1c4daa4,0bd040f134df51fcfe2f7a79a8fdb3eaadf8421b,持卡人消费,15公寓浴池,-0.03,18.88,3203,正常
2016/05/12 16:19:09,ae8b331a10483d35c691e7a354f3ff30e1c4daa4,0bd040f134df51fcfe2f7a79a8fdb3eaadf8421b,持卡人消费,15公寓浴池,-0.08,18.80,3205,正常
2016/05/12 16:28:46,ae8b331a10483d35c691e7a354f3ff30e1c4daa4,0bd040f134df51fcfe2f7a79a8fdb3eaadf8421b,持卡人消费,15公寓浴池,-1.81,16.99,3207,正常
2016/05/12 16:29:14,ae8b331a10483d35c691e7a354f3ff30e1c4daa4,0bd040f134df51fcfe2f7a79a8fdb3eaadf8421b,持卡人消费,15公寓浴池,-0.05,16.94,3209,正常
2016/05/12 16:31:46,ae8b331a10483d35c691e7a354f3ff30e1c4daa4,0bd040f134df51fcfe2f7a79a8fdb3eaadf8421b,持卡人消费,15公寓浴池,-0.42,16.52,3211,正常
2016/05/12 16:34:22,ae8b331a10483d35c691e7a354f3ff30e1c4daa4,0bd040f134df51fcfe2f7a79a8fdb3eaadf8421b,持卡人消费,15公寓浴池,-0.26,14.26,3214,正常
2016/05/12 16:34:35,ae8b331a10483d35c691e7a354f3ff30e1c4daa4,0bd040f134df51fcfe2f7a79a8fdb3eaadf8421b,持卡人消费,15公寓浴池,-0.3,15.96,3215,正常
2016/05/12 16:35:43,ae8b331a10483d35c691e7a354f3ff30e1c4daa4,0bd040f134df51fcfe2f7a79a8fdb3eaadf8421b,持卡人消费,15公寓浴池,-0.16,15.80,3217,正常
2016/05/12 16:40:30,ae8b331a10483d35c691e7a354f3ff30e1c4daa4,0bd040f134df51fcfe2f7a79a8fdb3eaadf8421b,持卡人消费,15公寓浴池,-0.48,13.32,3220,正常
2016/05/12 16:40:35,ae8b331a10483d35c691e7a354f3ff30e1c4daa4,0bd040f134df51fcfe2f7a79a8fdb3eaadf8421b,持卡人消费,15公寓浴池,-0.51,14.81,3221,正常
2016/05/12 17:45:12,ae8b331a10483d35c691e7a354f3ff30e1c4daa4,0bd040f134df51fcfe2f7a79a8fdb3eaadf8421b,存款,卡中心综合业务,50.0,64.81,3222,正常
2016/05/12 17:50:50,ae8b331a10483d35c691e7a354f3ff30e1c4daa4,0bd040f134df51fcfe2f7a79a8fdb3eaadf8421b,持卡人消费,学苑楼商务网关,-2.6,62.21,3223,正常
2016/05/12 17:54:16,ae8b331a10483d35c691e7a354f3ff30e1c4daa4,0bd040f134df51fcfe2f7a79a8fdb3eaadf8421b,持卡人消费,学苑楼商务网关,-10.56,51.65,3224,正常
2016/05/12 17:55:29,ae8b331a10483d35c691e7a354f3ff30e1c4daa4,0bd040f134df51fcfe2f7a79a8fdb3eaadf8421b,持卡人消费,学苑楼商务网关,-8.0,43.65,3225,正常
2016/05/12 18:40:09,ae8b331a10483d35c691e7a354f3ff30e1c4daa4,0bd040f134df51fcfe2f7a79a8fdb3eaadf8421b,持卡人消费,超市商务子系统,-0.1,43.55,3226,正常
2016/05/13 17:37:46,ae8b331a10483d35c691e7a354f3ff30e1c4daa4,0bd040f134df51fcfe2f7a79a8fdb3eaadf8421b,持卡人消费,学士楼商务网关,-0.6,42.95,3227,正常
2016/05/13 17:44:32,ae8b331a10483d35c691e7a354f3ff30e1c4daa4,0bd040f134df51fcfe2f7a79a8fdb3eaadf8421b,持卡人消费,学士楼商务网关,-5.0,37.95,3228,正常
2016/05/13 17:45:21,ae8b331a10483d35c691e7a354f3ff30e1c4daa4,0bd040f134df51fcfe2f7a79a8fdb3eaadf8421b,持卡人消费,学士楼商务网关,-2.0,35.95,3229,正常
2016/05/14 18:24:35,ae8b331a10483d35c691e7a354f3ff30e1c4daa4,0bd040f134df51fcfe2f7a79a8fdb3eaadf8421b,持卡人消费,超市商务子系统,-0.2,35.75,3230,正常
2016/05/14 19:19:07,ae8b331a10483d35c691e7a354f3ff30e1c4daa4,0bd040f134df51fcfe2f7a79a8fdb3eaadf8421b,持卡人消费,15公寓浴池,-2.0,33.75,3231,正常
2016/05/14 19:22:39,ae8b331a10483d35c691e7a354f3ff30e1c4daa4,0bd040f134df51fcfe2f7a79a8fdb3eaadf8421b,持卡人消费,15公寓浴池,-0.67,33.08,3233,正常
2016/05/14 19:26:18,ae8b331a10483d35c691e7a354f3ff30e1c4daa4,0bd040f134df51fcfe2f7a79a8fdb3eaadf8421b,持卡人消费,15公寓浴池,-0.18,32.90,3235,正常
2016/05/14 19:27:31,ae8b331a10483d35c691e7a354f3ff30e1c4daa4,0bd040f134df51fcfe2f7a79a8fdb3eaadf8421b,持卡人消费,15公寓浴池,-0.02,32.88,3237,正常
2016/05/14 19:33:50,ae8b331a10483d35c691e7a354f3ff30e1c4daa4,0bd040f134df51fcfe2f7a79a8fdb3eaadf8421b,持卡人消费,15公寓浴池,-0.82,32.06,3239,正常
2016/05/15 06:57:23,ae8b331a10483d35c691e7a354f3ff30e1c4daa4,0bd040f134df51fcfe2f7a79a8fdb3eaadf8421b,持卡人消费,超市商务子系统,-2.0,30.06,3240,正常
2016/05/15 12:38:22,ae8b331a10483d35c691e7a354f3ff30e1c4daa4,0bd040f134df51fcfe2f7a79a8fdb3eaadf8421b,持卡人消费,学士楼商务网关,-12.0,18.06,3241,正常
2016/05/15 12:39:01,ae8b331a10483d35c691e7a354f3ff30e1c4daa4,0bd040f134df51fcfe2f7a79a8fdb3eaadf8421b,持卡人消费,学士楼商务网关,-4.0,14.06,3242,正常
2016/05/15 12:40:37,ae8b331a10483d35c691e7a354f3ff30e1c4daa4,0bd040f134df51fcfe2f7a79a8fdb3eaadf8421b,持卡人消费,学士楼商务网关,-0.8,13.26,3243,正常
2016/05/15 12:58:11,ae8b331a10483d35c691e7a354f3ff30e1c4daa4,0bd040f134df51fcfe2f7a79a8fdb3eaadf8421b,持卡人消费,学士楼商务网关,-0.2,13.06,3244,正常
2016/05/16 18:28:17,ae8b331a10483d35c691e7a354f3ff30e1c4daa4,0bd040f134df51fcfe2f7a79a8fdb3eaadf8421b,持卡人消费,超市商务子系统,-0.8,12.26,3245,正常
2016/05/16 18:30:56,ae8b331a10483d35c691e7a354f3ff30e1c4daa4,0bd040f134df51fcfe2f7a79a8fdb3eaadf8421b,持卡人消费,超市商务子系统,-2.3,9.96,3246,正常
2016/05/17 11:47:30,ae8b331a10483d35c691e7a354f3ff30e1c4daa4,0bd040f134df51fcfe2f7a79a8fdb3eaadf8421b,存款,学苑楼综合业务3,50.0,59.96,3247,正常
2016/05/17 11:52:55,ae8b331a10483d35c691e7a354f3ff30e1c4daa4,0bd040f134df51fcfe2f7a79a8fdb3eaadf8421b,持卡人消费,学苑楼商务网关,-4.0,55.96,3248,正常
2016/05/17 11:54:11,ae8b331a10483d35c691e7a354f3ff30e1c4daa4,0bd040f134df51fcfe2f7a79a8fdb3eaadf8421b,持卡人消费,学苑楼商务网关,-4.0,51.96,3249,正常
2016/05/17 11:54:50,ae8b331a10483d35c691e7a354f3ff30e1c4daa4,0bd040f134df51fcfe2f7a79a8fdb3eaadf8421b,持卡人消费,学苑楼商务网关,-0.8,51.16,3250,正常
2016/05/17 11:55:22,ae8b331a10483d35c691e7a354f3ff30e1c4daa4,0bd040f134df51fcfe2f7a79a8fdb3eaadf8421b,持卡人消费,学苑楼商务网关,-8.0,43.16,3251,正常
2016/05/17 11:56:04,ae8b331a10483d35c691e7a354f3ff30e1c4daa4,0bd040f134df51fcfe2f7a79a8fdb3eaadf8421b,持卡人消费,学苑楼商务网关,-3.0,40.16,3252,正常
2016/05/17 23:17:14,ae8b331a10483d35c691e7a354f3ff30e1c4daa4,0bd040f134df51fcfe2f7a79a8fdb3eaadf8421b,持卡人消费,A2,-3.0,37.16,3253,正常
2016/05/18 11:16:47,ae8b331a10483d35c691e7a354f3ff30e1c4daa4,0bd040f134df51fcfe2f7a79a8fdb3eaadf8421b,持卡人消费,学士楼商务网关,-15.24,21.92,3254,正常
2016/05/18 11:17:35,ae8b331a10483d35c691e7a354f3ff30e1c4daa4,0bd040f134df51fcfe2f7a79a8fdb3eaadf8421b,持卡人消费,学士楼商务网关,-3.6,18.32,3255,正常
2016/05/18 13:41:48,ae8b331a10483d35c691e7a354f3ff30e1c4daa4,0bd040f134df51fcfe2f7a79a8fdb3eaadf8421b,持卡人消费,15公寓浴池,-0.02,16.30,3258,正常
2016/05/18 13:41:56,ae8b331a10483d35c691e7a354f3ff30e1c4daa4,0bd040f134df51fcfe2f7a79a8fdb3eaadf8421b,持卡人消费,15公寓浴池,-0.06,18.24,3259,正常
2016/05/18 13:42:33,ae8b331a10483d35c691e7a354f3ff30e1c4daa4,0bd040f134df51fcfe2f7a79a8fdb3eaadf8421b,持卡人消费,15公寓浴池,-0.02,18.22,3262,正常
2016/05/18 13:42:50,ae8b331a10483d35c691e7a354f3ff30e1c4daa4,0bd040f134df51fcfe2f7a79a8fdb3eaadf8421b,持卡人消费,15公寓浴池,-0.03,18.19,3264,正常
2016/05/18 13:53:27,ae8b331a10483d35c691e7a354f3ff30e1c4daa4,0bd040f134df51fcfe2f7a79a8fdb3eaadf8421b,持卡人消费,15公寓浴池,-2.0,16.19,3265,正常
2016/05/18 13:53:34,ae8b331a10483d35c691e7a354f3ff30e1c4daa4,0bd040f134df51fcfe2f7a79a8fdb3eaadf8421b,持卡人消费,15公寓浴池,-2.0,14.19,3266,正常
2016/05/18 13:43:15,ae8b331a10483d35c691e7a354f3ff30e1c4daa4,0bd040f134df51fcfe2f7a79a8fdb3eaadf8421b,持卡人消费,15公寓浴池,-0.16,16.03,3267,正常
2016/05/18 13:54:31,ae8b331a10483d35c691e7a354f3ff30e1c4daa4,0bd040f134df51fcfe2f7a79a8fdb3eaadf8421b,持卡人消费,15公寓浴池,-0.16,13.87,3270,正常
2016/05/18 13:56:22,ae8b331a10483d35c691e7a354f3ff30e1c4daa4,0bd040f134df51fcfe2f7a79a8fdb3eaadf8421b,持卡人消费,15公寓浴池,-0.48,13.39,3272,正常
2016/05/18 13:58:08,ae8b331a10483d35c691e7a354f3ff30e1c4daa4,0bd040f134df51fcfe2f7a79a8fdb3eaadf8421b,持卡人消费,15公寓浴池,-0.5,14.89,3273,正常
2016/05/18 13:59:32,ae8b331a10483d35c691e7a354f3ff30e1c4daa4,0bd040f134df51fcfe2f7a79a8fdb3eaadf8421b,持卡人消费,15公寓浴池,-0.21,14.68,3275,正常
2016/05/18 14:05:33,ae8b331a10483d35c691e7a354f3ff30e1c4daa4,0bd040f134df51fcfe2f7a79a8fdb3eaadf8421b,持卡人消费,15公寓浴池,-0.99,11.69,3278,正常
2016/05/18 14:05:53,ae8b331a10483d35c691e7a354f3ff30e1c4daa4,0bd040f134df51fcfe2f7a79a8fdb3eaadf8421b,持卡人消费,15公寓浴池,-0.77,12.92,3279,正常
2016/05/19 12:05:15,ae8b331a10483d35c691e7a354f3ff30e1c4daa4,0bd040f134df51fcfe2f7a79a8fdb3eaadf8421b,持卡人消费,学士楼商务网关,-3.8,9.12,3280,正常
2016/05/19 12:07:18,ae8b331a10483d35c691e7a354f3ff30e1c4daa4,0bd040f134df51fcfe2f7a79a8fdb3eaadf8421b,持卡人消费,学士楼商务网关,-4.0,5.12,3281,正常
2016/05/19 12:08:54,ae8b331a10483d35c691e7a354f3ff30e1c4daa4,0bd040f134df51fcfe2f7a79a8fdb3eaadf8421b,持卡人消费,学士楼商务网关,-3.0,2.12,3282,正常
2016/05/19 12:09:46,ae8b331a10483d35c691e7a354f3ff30e1c4daa4,0bd040f134df51fcfe2f7a79a8fdb3eaadf8421b,持卡人消费,学士楼商务网关,-2.0,0.12,3283,正常
2016/05/20 17:15:09,ae8b331a10483d35c691e7a354f3ff30e1c4daa4,0bd040f134df51fcfe2f7a79a8fdb3eaadf8421b,存款,学苑楼综合业务3,50.0,50.12,3284,正常
2016/05/21 11:57:17,ae8b331a10483d35c691e7a354f3ff30e1c4daa4,0bd040f134df51fcfe2f7a79a8fdb3eaadf8421b,持卡人消费,学苑楼商务网关,-0.5,49.62,3285,正常
2016/05/21 12:01:18,ae8b331a10483d35c691e7a354f3ff30e1c4daa4,0bd040f134df51fcfe2f7a79a8fdb3eaadf8421b,持卡人消费,学苑楼商务网关,-8.0,41.62,3286,正常
2016/05/21 12:04:00,ae8b331a10483d35c691e7a354f3ff30e1c4daa4,0bd040f134df51fcfe2f7a79a8fdb3eaadf8421b,持卡人消费,学苑楼商务网关,-2.8,38.82,3287,正常
2016/05/21 14:43:07,ae8b331a10483d35c691e7a354f3ff30e1c4daa4,0bd040f134df51fcfe2f7a79a8fdb3eaadf8421b,持卡人消费,15公寓浴池,-2.0,36.82,3288,正常
2016/05/21 14:44:13,ae8b331a10483d35c691e7a354f3ff30e1c4daa4,0bd040f134df51fcfe2f7a79a8fdb3eaadf8421b,持卡人消费,15公寓浴池,-0.06,36.76,3290,正常
2016/05/21 14:46:59,ae8b331a10483d35c691e7a354f3ff30e1c4daa4,0bd040f134df51fcfe2f7a79a8fdb3eaadf8421b,持卡人消费,15公寓浴池,-0.18,36.58,3292,正常
2016/05/21 14:53:19,ae8b331a10483d35c691e7a354f3ff30e1c4daa4,0bd040f134df51fcfe2f7a79a8fdb3eaadf8421b,持卡人消费,15公寓浴池,-0.78,35.80,3294,正常
2016/05/21 17:21:14,ae8b331a10483d35c691e7a354f3ff30e1c4daa4,0bd040f134df51fcfe2f7a79a8fdb3eaadf8421b,持卡人消费,学士楼商务网关,-1.73,34.07,3295,正常
2016/05/21 17:27:52,ae8b331a10483d35c691e7a354f3ff30e1c4daa4,0bd040f134df51fcfe2f7a79a8fdb3eaadf8421b,持卡人消费,学士楼商务网关,-7.2,26.87,3296,正常
2016/05/21 17:27:57,ae8b331a10483d35c691e7a354f3ff30e1c4daa4,0bd040f134df51fcfe2f7a79a8fdb3eaadf8421b,持卡人消费,学士楼商务网关,-7.4,19.47,3297,正常
2016/05/21 17:29:28,ae8b331a10483d35c691e7a354f3ff30e1c4daa4,0bd040f134df51fcfe2f7a79a8fdb3eaadf8421b,持卡人消费,学士楼商务网关,-0.1,19.37,3298,正常
2016/05/21 17:55:26,ae8b331a10483d35c691e7a354f3ff30e1c4daa4,0bd040f134df51fcfe2f7a79a8fdb3eaadf8421b,持卡人消费,超市商务子系统,-3.7,15.67,3299,正常
2016/05/21 17:57:20,ae8b331a10483d35c691e7a354f3ff30e1c4daa4,0bd040f134df51fcfe2f7a79a8fdb3eaadf8421b,持卡人消费,超市商务子系统,-2.0,13.67,3300,正常
2016/05/21 19:40:15,ae8b331a10483d35c691e7a354f3ff30e1c4daa4,0bd040f134df51fcfe2f7a79a8fdb3eaadf8421b,持卡人消费,15公寓浴池,-1.41,12.26,3302,正常
2016/05/21 19:45:02,ae8b331a10483d35c691e7a354f3ff30e1c4daa4,0bd040f134df51fcfe2f7a79a8fdb3eaadf8421b,持卡人消费,15公寓浴池,-0.61,11.65,3304,正常
2016/05/22 08:29:37,ae8b331a10483d35c691e7a354f3ff30e1c4daa4,0bd040f134df51fcfe2f7a79a8fdb3eaadf8421b,持卡人消费,学士楼商务网关,-3.0,8.65,3305,正常
2016/05/22 11:46:02,ae8b331a10483d35c691e7a354f3ff30e1c4daa4,0bd040f134df51fcfe2f7a79a8fdb3eaadf8421b,存款,学苑楼综合业务3,50.0,58.65,3306,正常
2016/05/22 11:49:54,ae8b331a10483d35c691e7a354f3ff30e1c4daa4,0bd040f134df51fcfe2f7a79a8fdb3eaadf8421b,持卡人消费,学苑楼商务网关,-3.0,55.65,3307,正常
2016/05/22 11:50:35,ae8b331a10483d35c691e7a354f3ff30e1c4daa4,0bd040f134df51fcfe2f7a79a8fdb3eaadf8421b,持卡人消费,学苑楼商务网关,-6.0,49.65,3308,正常
2016/05/22 11:51:35,ae8b331a10483d35c691e7a354f3ff30e1c4daa4,0bd040f134df51fcfe2f7a79a8fdb3eaadf8421b,持卡人消费,学苑楼商务网关,-2.0,47.65,3309,正常
2016/05/22 11:52:46,ae8b331a10483d35c691e7a354f3ff30e1c4daa4,0bd040f134df51fcfe2f7a79a8fdb3eaadf8421b,持卡人消费,学苑楼商务网关,-10.0,37.65,3310,正常
2016/05/22 11:53:13,ae8b331a10483d35c691e7a354f3ff30e1c4daa4,0bd040f134df51fcfe2f7a79a8fdb3eaadf8421b,持卡人消费,学苑楼商务网关,-0.8,36.85,3311,正常
2016/05/22 11:54:48,ae8b331a10483d35c691e7a354f3ff30e1c4daa4,0bd040f134df51fcfe2f7a79a8fdb3eaadf8421b,持卡人消费,学苑楼商务网关,-4.0,32.85,3312,正常
2016/05/22 14:35:53,ae8b331a10483d35c691e7a354f3ff30e1c4daa4,0bd040f134df51fcfe2f7a79a8fdb3eaadf8421b,持卡人消费,超市商务子系统,-2.5,30.35,3313,正常
2016/05/22 17:35:39,ae8b331a10483d35c691e7a354f3ff30e1c4daa4,0bd040f134df51fcfe2f7a79a8fdb3eaadf8421b,持卡人消费,学士楼商务网关,-4.0,26.35,3314,正常
2016/05/22 17:36:27,ae8b331a10483d35c691e7a354f3ff30e1c4daa4,0bd040f134df51fcfe2f7a79a8fdb3eaadf8421b,持卡人消费,学士楼商务网关,-2.5,23.85,3315,正常
2016/05/22 17:36:41,ae8b331a10483d35c691e7a354f3ff30e1c4daa4,0bd040f134df51fcfe2f7a79a8fdb3eaadf8421b,持卡人消费,学士楼商务网关,-3.5,20.35,3316,正常
2016/05/22 17:36:46,ae8b331a10483d35c691e7a354f3ff30e1c4daa4,0bd040f134df51fcfe2f7a79a8fdb3eaadf8421b,持卡人消费,学士楼商务网关,-0.8,19.55,3317,正常
2016/05/22 17:37:44,ae8b331a10483d35c691e7a354f3ff30e1c4daa4,0bd040f134df51fcfe2f7a79a8fdb3eaadf8421b,持卡人消费,学士楼商务网关,-3.0,16.55,3318,正常
2016/05/22 18:07:54,ae8b331a10483d35c691e7a354f3ff30e1c4daa4,0bd040f134df51fcfe2f7a79a8fdb3eaadf8421b,持卡人消费,超市商务子系统,-5.1,11.45,3319,正常
2016/05/22 18:11:09,ae8b331a10483d35c691e7a354f3ff30e1c4daa4,0bd040f134df51fcfe2f7a79a8fdb3eaadf8421b,持卡人消费,超市商务子系统,-4.0,7.45,3320,正常
2016/05/24 17:55:32,ae8b331a10483d35c691e7a354f3ff30e1c4daa4,0bd040f134df51fcfe2f7a79a8fdb3eaadf8421b,持卡人消费,学士楼商务网关,-3.0,2.45,3322,正常
2016/05/24 17:59:24,ae8b331a10483d35c691e7a354f3ff30e1c4daa4,0bd040f134df51fcfe2f7a79a8fdb3eaadf8421b,持卡人消费,学士楼商务网关,-0.8,1.65,3323,正常
2016/05/25 12:08:00,ae8b331a10483d35c691e7a354f3ff30e1c4daa4,0bd040f134df51fcfe2f7a79a8fdb3eaadf8421b,存款,卡中心综合业务,50.0,51.65,3324,正常
2016/05/25 12:09:19,ae8b331a10483d35c691e7a354f3ff30e1c4daa4,0bd040f134df51fcfe2f7a79a8fdb3eaadf8421b,持卡人消费,学苑楼商务网关,-4.7,46.95,3325,正常
2016/05/25 12:12:26,ae8b331a10483d35c691e7a354f3ff30e1c4daa4,0bd040f134df51fcfe2f7a79a8fdb3eaadf8421b,持卡人消费,学苑楼商务网关,-8.8,38.15,3326,正常
2016/05/25 12:14:46,ae8b331a10483d35c691e7a354f3ff30e1c4daa4,0bd040f134df51fcfe2f7a79a8fdb3eaadf8421b,持卡人消费,学苑楼商务网关,-7.0,31.15,3327,正常
2016/05/26 12:04:28,ae8b331a10483d35c691e7a354f3ff30e1c4daa4,0bd040f134df51fcfe2f7a79a8fdb3eaadf8421b,持卡人消费,学苑楼商务网关,-4.7,26.45,3328,正常
2016/05/26 17:52:05,ae8b331a10483d35c691e7a354f3ff30e1c4daa4,0bd040f134df51fcfe2f7a79a8fdb3eaadf8421b,持卡人消费,学士楼商务网关,-11.8,14.65,3329,正常
2016/05/26 17:55:58,ae8b331a10483d35c691e7a354f3ff30e1c4daa4,0bd040f134df51fcfe2f7a79a8fdb3eaadf8421b,持卡人消费,学士楼商务网关,-10.0,4.65,3330,正常
2016/05/26 19:54:54,ae8b331a10483d35c691e7a354f3ff30e1c4daa4,0bd040f134df51fcfe2f7a79a8fdb3eaadf8421b,持卡人消费,一校区水控新,-2.0,2.65,3331,正常
2016/05/26 19:54:34,ae8b331a10483d35c691e7a354f3ff30e1c4daa4,0bd040f134df51fcfe2f7a79a8fdb3eaadf8421b,持卡人消费,一校区水控新,-0.51,2.14,3333,正常
2016/05/27 17:14:09,ae8b331a10483d35c691e7a354f3ff30e1c4daa4,0bd040f134df51fcfe2f7a79a8fdb3eaadf8421b,存款,卡中心综合业务,100.0,102.14,3334,正常
2016/05/27 17:16:48,ae8b331a10483d35c691e7a354f3ff30e1c4daa4,0bd040f134df51fcfe2f7a79a8fdb3eaadf8421b,持卡人消费,学苑楼商务网关,-9.8,92.34,3335,正常
2016/05/27 17:20:17,ae8b331a10483d35c691e7a354f3ff30e1c4daa4,0bd040f134df51fcfe2f7a79a8fdb3eaadf8421b,持卡人消费,学苑楼商务网关,-2.5,89.84,3336,正常
2016/05/27 17:21:27,ae8b331a10483d35c691e7a354f3ff30e1c4daa4,0bd040f134df51fcfe2f7a79a8fdb3eaadf8421b,持卡人消费,学苑楼商务网关,-0.6,89.24,3337,正常
2016/05/27 17:24:59,ae8b331a10483d35c691e7a354f3ff30e1c4daa4,0bd040f134df51fcfe2f7a79a8fdb3eaadf8421b,持卡人消费,学苑楼商务网关,-8.0,81.24,3338,正常
2016/05/27 18:08:49,ae8b331a10483d35c691e7a354f3ff30e1c4daa4,0bd040f134df51fcfe2f7a79a8fdb3eaadf8421b,持卡人消费,超市商务子系统,-0.4,80.84,3339,正常
2016/05/28 08:48:41,ae8b331a10483d35c691e7a354f3ff30e1c4daa4,0bd040f134df51fcfe2f7a79a8fdb3eaadf8421b,持卡人消费,学士楼商务网关,-10.9,69.94,3340,正常
2016/05/28 08:51:51,ae8b331a10483d35c691e7a354f3ff30e1c4daa4,0bd040f134df51fcfe2f7a79a8fdb3eaadf8421b,持卡人消费,学士楼商务网关,-0.1,69.84,3341,正常
2016/05/28 12:06:27,ae8b331a10483d35c691e7a354f3ff30e1c4daa4,0bd040f134df51fcfe2f7a79a8fdb3eaadf8421b,持卡人消费,学士楼商务网关,-4.0,65.84,3342,正常
2016/05/28 12:07:51,ae8b331a10483d35c691e7a354f3ff30e1c4daa4,0bd040f134df51fcfe2f7a79a8fdb3eaadf8421b,持卡人消费,学士楼商务网关,-3.5,62.34,3343,正常
2016/05/28 12:08:05,ae8b331a10483d35c691e7a354f3ff30e1c4daa4,0bd040f134df51fcfe2f7a79a8fdb3eaadf8421b,持卡人消费,学士楼商务网关,-4.0,58.34,3344,正常
2016/05/28 12:08:15,ae8b331a10483d35c691e7a354f3ff30e1c4daa4,0bd040f134df51fcfe2f7a79a8fdb3eaadf8421b,持卡人消费,学士楼商务网关,-0.8,57.54,3345,正常
2016/05/28 14:21:09,ae8b331a10483d35c691e7a354f3ff30e1c4daa4,0bd040f134df51fcfe2f7a79a8fdb3eaadf8421b,持卡人消费,超市商务子系统,-2.0,55.54,3346,正常
2016/05/28 17:49:17,ae8b331a10483d35c691e7a354f3ff30e1c4daa4,0bd040f134df51fcfe2f7a79a8fdb3eaadf8421b,持卡人消费,硕果园（工大商店）,-19.0,36.54,3347,正常
2016/05/28 18:14:09,ae8b331a10483d35c691e7a354f3ff30e1c4daa4,0bd040f134df51fcfe2f7a79a8fdb3eaadf8421b,持卡人消费,硕果园（工大商店）,-5.0,31.54,3348,正常
2016/05/28 19:41:36,ae8b331a10483d35c691e7a354f3ff30e1c4daa4,0bd040f134df51fcfe2f7a79a8fdb3eaadf8421b,持卡人消费,一校区水控新,-2.0,29.54,3349,正常
2016/05/28 19:46:00,ae8b331a10483d35c691e7a354f3ff30e1c4daa4,0bd040f134df51fcfe2f7a79a8fdb3eaadf8421b,持卡人消费,一校区水控新,-0.78,28.76,3350,正常
2016/05/29 10:08:17,ae8b331a10483d35c691e7a354f3ff30e1c4daa4,0bd040f134df51fcfe2f7a79a8fdb3eaadf8421b,持卡人消费,A15,-3.0,25.76,3351,正常
2016/05/30 10:19:45,ae8b331a10483d35c691e7a354f3ff30e1c4daa4,0bd040f134df51fcfe2f7a79a8fdb3eaadf8421b,持卡人消费,一区图书馆BPOS,-1.65,24.11,3352,正常
2016/05/30 11:41:38,ae8b331a10483d35c691e7a354f3ff30e1c4daa4,0bd040f134df51fcfe2f7a79a8fdb3eaadf8421b,持卡人消费,学士楼商务网关,-22.2,1.91,3353,正常
2016/05/30 14:21:15,ae8b331a10483d35c691e7a354f3ff30e1c4daa4,0bd040f134df51fcfe2f7a79a8fdb3eaadf8421b,持卡人消费,超市商务子系统,-0.2,1.71,3354,正常
2016/05/30 18:16:19,ae8b331a10483d35c691e7a354f3ff30e1c4daa4,0bd040f134df51fcfe2f7a79a8fdb3eaadf8421b,持卡人消费,超市商务子系统,-0.5,1.21,3355,正常
2016/05/30 18:17:21,ae8b331a10483d35c691e7a354f3ff30e1c4daa4,0bd040f134df51fcfe2f7a79a8fdb3eaadf8421b,持卡人消费,超市商务子系统,-0.8,0.41,3356,正常
2016/05/31 11:38:57,ae8b331a10483d35c691e7a354f3ff30e1c4daa4,0bd040f134df51fcfe2f7a79a8fdb3eaadf8421b,存款,学苑楼综合业务2,100.0,100.41,3357,正常
2016/05/31 11:43:26,ae8b331a10483d35c691e7a354f3ff30e1c4daa4,0bd040f134df51fcfe2f7a79a8fdb3eaadf8421b,持卡人消费,学士楼商务网关,-0.65,99.76,3358,正常
2016/05/31 11:43:42,ae8b331a10483d35c691e7a354f3ff30e1c4daa4,0bd040f134df51fcfe2f7a79a8fdb3eaadf8421b,持卡人消费,学士楼商务网关,-3.8,95.96,3359,正常
2016/05/31 11:45:30,ae8b331a10483d35c691e7a354f3ff30e1c4daa4,0bd040f134df51fcfe2f7a79a8fdb3eaadf8421b,持卡人消费,学士楼商务网关,-2.0,93.96,3360,正常
2016/05/31 11:46:59,ae8b331a10483d35c691e7a354f3ff30e1c4daa4,0bd040f134df51fcfe2f7a79a8fdb3eaadf8421b,持卡人消费,学士楼商务网关,-4.0,89.96,3361,正常
2016/05/31 11:47:08,ae8b331a10483d35c691e7a354f3ff30e1c4daa4,0bd040f134df51fcfe2f7a79a8fdb3eaadf8421b,持卡人消费,学士楼商务网关,-4.0,85.96,3362,正常
2016/05/31 17:30:51,ae8b331a10483d35c691e7a354f3ff30e1c4daa4,0bd040f134df51fcfe2f7a79a8fdb3eaadf8421b,持卡人消费,硕果园（工大商店）,-9.0,76.96,3363,正常
2016/05/31 17:32:39,ae8b331a10483d35c691e7a354f3ff30e1c4daa4,0bd040f134df51fcfe2f7a79a8fdb3eaadf8421b,持卡人消费,硕果园（工大商店）,-10.0,66.96,3364,正常
2016/05/31 19:52:13,ae8b331a10483d35c691e7a354f3ff30e1c4daa4,0bd040f134df51fcfe2f7a79a8fdb3eaadf8421b,持卡人消费,一校区水控新,-2.0,64.96,3365,正常
2016/05/31 19:52:21,ae8b331a10483d35c691e7a354f3ff30e1c4daa4,0bd040f134df51fcfe2f7a79a8fdb3eaadf8421b,持卡人消费,一校区水控新,-2.0,62.96,3366,正常
