交易发生时间,学号,姓名,交易类型,子系统名称,交易额,现有余额,次数,状态
2016/05/01 14:37:55,da76127ccde5c6aa458f7fc65fdf5786fadcbf85,0d0a35c561411da90e9b476e1f6bed5833d9840d,持卡人消费,超市商务子系统,-2.6,80.24,3562,正常
2016/05/02 12:34:56,da76127ccde5c6aa458f7fc65fdf5786fadcbf85,0d0a35c561411da90e9b476e1f6bed5833d9840d,持卡人消费,硕果园（工大商店）,-9.0,71.24,3563,正常
2016/05/02 12:36:12,da76127ccde5c6aa458f7fc65fdf5786fadcbf85,0d0a35c561411da90e9b476e1f6bed5833d9840d,持卡人消费,硕果园（工大商店）,-5.0,66.24,3564,正常
2016/05/02 20:18:26,da76127ccde5c6aa458f7fc65fdf5786fadcbf85,0d0a35c561411da90e9b476e1f6bed5833d9840d,持卡人消费,学士楼商务网关,-4.0,62.24,3565,正常
2016/05/02 20:19:16,da76127ccde5c6aa458f7fc65fdf5786fadcbf85,0d0a35c561411da90e9b476e1f6bed5833d9840d,持卡人消费,学士楼商务网关,-2.0,60.24,3566,正常
2016/05/03 11:16:55,da76127ccde5c6aa458f7fc65fdf5786fadcbf85,0d0a35c561411da90e9b476e1f6bed5833d9840d,持卡人消费,硕果园（工大商店）,-13.0,47.24,3567,正常
2016/05/03 11:35:08,da76127ccde5c6aa458f7fc65fdf5786fadcbf85,0d0a35c561411da90e9b476e1f6bed5833d9840d,持卡人消费,超市商务子系统,-9.8,37.44,3568,正常
2016/05/03 11:37:06,da76127ccde5c6aa458f7fc65fdf5786fadcbf85,0d0a35c561411da90e9b476e1f6bed5833d9840d,持卡人消费,超市商务子系统,-9.4,28.04,3569,正常
2016/05/03 19:19:20,da76127ccde5c6aa458f7fc65fdf5786fadcbf85,0d0a35c561411da90e9b476e1f6bed5833d9840d,持卡人消费,硕果园（工大商店）,-8.0,20.04,3570,正常
2016/05/04 12:19:09,da76127ccde5c6aa458f7fc65fdf5786fadcbf85,0d0a35c561411da90e9b476e1f6bed5833d9840d,持卡人消费,硕果园（工大商店）,-8.0,12.04,3571,正常
2016/05/04 12:33:33,da76127ccde5c6aa458f7fc65fdf5786fadcbf85,0d0a35c561411da90e9b476e1f6bed5833d9840d,存款,卡中心综合业务,200.0,212.04,3572,正常
2016/05/04 12:37:39,da76127ccde5c6aa458f7fc65fdf5786fadcbf85,0d0a35c561411da90e9b476e1f6bed5833d9840d,持卡人消费,超市商务子系统,-2.0,210.04,3573,正常
2016/05/04 18:13:34,da76127ccde5c6aa458f7fc65fdf5786fadcbf85,0d0a35c561411da90e9b476e1f6bed5833d9840d,持卡人消费,硕果园（工大商店）,-12.0,198.04,3574,正常
2016/05/05 12:30:19,da76127ccde5c6aa458f7fc65fdf5786fadcbf85,0d0a35c561411da90e9b476e1f6bed5833d9840d,持卡人消费,硕果园（工大商店）,-8.0,190.04,3575,正常
2016/05/05 17:28:23,da76127ccde5c6aa458f7fc65fdf5786fadcbf85,0d0a35c561411da90e9b476e1f6bed5833d9840d,持卡人消费,硕果园（工大商店）,-9.0,181.04,3576,正常
2016/05/06 12:25:50,da76127ccde5c6aa458f7fc65fdf5786fadcbf85,0d0a35c561411da90e9b476e1f6bed5833d9840d,持卡人消费,一校区水控新,-2.0,179.04,3577,正常
2016/05/06 12:30:11,da76127ccde5c6aa458f7fc65fdf5786fadcbf85,0d0a35c561411da90e9b476e1f6bed5833d9840d,持卡人消费,一校区水控新,-0.83,178.21,3579,正常
2016/05/06 13:06:43,da76127ccde5c6aa458f7fc65fdf5786fadcbf85,0d0a35c561411da90e9b476e1f6bed5833d9840d,持卡人消费,硕果园（工大商店）,-8.0,170.21,3580,正常
2016/05/06 13:19:51,da76127ccde5c6aa458f7fc65fdf5786fadcbf85,0d0a35c561411da90e9b476e1f6bed5833d9840d,持卡人消费,硕果园（工大商店）,-1.0,169.21,3581,正常
2016/05/06 19:04:54,da76127ccde5c6aa458f7fc65fdf5786fadcbf85,0d0a35c561411da90e9b476e1f6bed5833d9840d,持卡人消费,超市商务子系统,-6.0,163.21,3582,正常
2016/05/08 12:14:20,da76127ccde5c6aa458f7fc65fdf5786fadcbf85,0d0a35c561411da90e9b476e1f6bed5833d9840d,持卡人消费,硕果园（工大商店）,-12.0,151.21,3583,正常
2016/05/08 12:34:23,da76127ccde5c6aa458f7fc65fdf5786fadcbf85,0d0a35c561411da90e9b476e1f6bed5833d9840d,持卡人消费,超市商务子系统,-2.0,149.21,3584,正常
2016/05/08 17:35:47,da76127ccde5c6aa458f7fc65fdf5786fadcbf85,0d0a35c561411da90e9b476e1f6bed5833d9840d,持卡人消费,硕果园（工大商店）,-8.0,141.21,3585,正常
2016/05/08 17:36:59,da76127ccde5c6aa458f7fc65fdf5786fadcbf85,0d0a35c561411da90e9b476e1f6bed5833d9840d,持卡人消费,硕果园（工大商店）,-5.0,136.21,3586,正常
2016/05/08 21:01:42,da76127ccde5c6aa458f7fc65fdf5786fadcbf85,0d0a35c561411da90e9b476e1f6bed5833d9840d,持卡人消费,超市商务子系统,-6.0,130.21,3587,正常
2016/05/09 10:56:03,da76127ccde5c6aa458f7fc65fdf5786fadcbf85,0d0a35c561411da90e9b476e1f6bed5833d9840d,持卡人消费,硕果园（工大商店）,-12.0,118.21,3588,正常
2016/05/09 12:54:17,da76127ccde5c6aa458f7fc65fdf5786fadcbf85,0d0a35c561411da90e9b476e1f6bed5833d9840d,持卡人消费,超市商务子系统,-9.8,108.41,3589,正常
2016/05/09 17:25:52,da76127ccde5c6aa458f7fc65fdf5786fadcbf85,0d0a35c561411da90e9b476e1f6bed5833d9840d,持卡人消费,硕果园（工大商店）,-8.0,100.41,3590,正常
2016/05/09 17:27:15,da76127ccde5c6aa458f7fc65fdf5786fadcbf85,0d0a35c561411da90e9b476e1f6bed5833d9840d,持卡人消费,硕果园（工大商店）,-5.0,95.41,3591,正常
2016/05/10 11:00:30,da76127ccde5c6aa458f7fc65fdf5786fadcbf85,0d0a35c561411da90e9b476e1f6bed5833d9840d,持卡人消费,硕果园（工大商店）,-12.0,83.41,3592,正常
2016/05/10 15:38:21,da76127ccde5c6aa458f7fc65fdf5786fadcbf85,0d0a35c561411da90e9b476e1f6bed5833d9840d,持卡人消费,超市商务子系统,-2.6,80.81,3593,正常
2016/05/10 17:18:07,da76127ccde5c6aa458f7fc65fdf5786fadcbf85,0d0a35c561411da90e9b476e1f6bed5833d9840d,持卡人消费,硕果园（工大商店）,-13.0,67.81,3594,正常
2016/05/11 12:03:11,da76127ccde5c6aa458f7fc65fdf5786fadcbf85,0d0a35c561411da90e9b476e1f6bed5833d9840d,持卡人消费,学士楼商务网关,-6.0,61.81,3595,正常
2016/05/11 12:03:42,da76127ccde5c6aa458f7fc65fdf5786fadcbf85,0d0a35c561411da90e9b476e1f6bed5833d9840d,持卡人消费,学士楼商务网关,-0.4,61.41,3596,正常
2016/05/11 17:10:47,da76127ccde5c6aa458f7fc65fdf5786fadcbf85,0d0a35c561411da90e9b476e1f6bed5833d9840d,持卡人消费,硕果园（工大商店）,-8.0,53.41,3597,正常
2016/05/12 11:27:39,da76127ccde5c6aa458f7fc65fdf5786fadcbf85,0d0a35c561411da90e9b476e1f6bed5833d9840d,持卡人消费,硕果园（工大商店）,-12.0,41.41,3598,正常
2016/05/12 17:22:44,da76127ccde5c6aa458f7fc65fdf5786fadcbf85,0d0a35c561411da90e9b476e1f6bed5833d9840d,持卡人消费,硕果园（工大商店）,-8.0,33.41,3599,正常
2016/05/13 11:39:31,da76127ccde5c6aa458f7fc65fdf5786fadcbf85,0d0a35c561411da90e9b476e1f6bed5833d9840d,持卡人消费,硕果园（工大商店）,-13.0,20.41,3600,正常
2016/05/13 17:10:40,da76127ccde5c6aa458f7fc65fdf5786fadcbf85,0d0a35c561411da90e9b476e1f6bed5833d9840d,持卡人消费,硕果园（工大商店）,-8.0,12.41,3601,正常
2016/05/13 17:12:19,da76127ccde5c6aa458f7fc65fdf5786fadcbf85,0d0a35c561411da90e9b476e1f6bed5833d9840d,持卡人消费,硕果园（工大商店）,-5.0,7.41,3602,正常
2016/05/14 10:57:38,da76127ccde5c6aa458f7fc65fdf5786fadcbf85,0d0a35c561411da90e9b476e1f6bed5833d9840d,存款,学苑楼综合业务2,200.0,207.41,3603,正常
2016/05/14 11:01:17,da76127ccde5c6aa458f7fc65fdf5786fadcbf85,0d0a35c561411da90e9b476e1f6bed5833d9840d,持卡人消费,硕果园（工大商店）,-12.0,195.41,3604,正常
2016/05/14 12:01:49,da76127ccde5c6aa458f7fc65fdf5786fadcbf85,0d0a35c561411da90e9b476e1f6bed5833d9840d,持卡人消费,一校区水控新,-0.02,195.39,3606,正常
2016/05/14 12:10:20,da76127ccde5c6aa458f7fc65fdf5786fadcbf85,0d0a35c561411da90e9b476e1f6bed5833d9840d,持卡人消费,一校区水控新,-1.55,193.84,3607,正常
2016/05/14 17:44:53,da76127ccde5c6aa458f7fc65fdf5786fadcbf85,0d0a35c561411da90e9b476e1f6bed5833d9840d,持卡人消费,硕果园（工大商店）,-8.0,185.84,3608,正常
2016/05/14 17:46:40,da76127ccde5c6aa458f7fc65fdf5786fadcbf85,0d0a35c561411da90e9b476e1f6bed5833d9840d,持卡人消费,硕果园（工大商店）,-5.0,180.84,3609,正常
2016/05/14 18:14:33,da76127ccde5c6aa458f7fc65fdf5786fadcbf85,0d0a35c561411da90e9b476e1f6bed5833d9840d,持卡人消费,超市商务子系统,-20.1,160.74,3610,正常
2016/05/15 12:04:14,da76127ccde5c6aa458f7fc65fdf5786fadcbf85,0d0a35c561411da90e9b476e1f6bed5833d9840d,持卡人消费,硕果园（工大商店）,-12.0,148.74,3611,正常
2016/05/15 17:43:34,da76127ccde5c6aa458f7fc65fdf5786fadcbf85,0d0a35c561411da90e9b476e1f6bed5833d9840d,持卡人消费,硕果园（工大商店）,-12.0,136.74,3612,正常
2016/05/15 18:12:51,da76127ccde5c6aa458f7fc65fdf5786fadcbf85,0d0a35c561411da90e9b476e1f6bed5833d9840d,持卡人消费,超市商务子系统,-1.9,134.84,3613,正常
2016/05/16 19:19:32,da76127ccde5c6aa458f7fc65fdf5786fadcbf85,0d0a35c561411da90e9b476e1f6bed5833d9840d,持卡人消费,硕果园（工大商店）,-12.0,122.84,3614,正常
2016/05/18 19:49:47,da76127ccde5c6aa458f7fc65fdf5786fadcbf85,0d0a35c561411da90e9b476e1f6bed5833d9840d,持卡人消费,超市商务子系统,-0.9,121.94,3615,正常
2016/05/18 19:56:31,da76127ccde5c6aa458f7fc65fdf5786fadcbf85,0d0a35c561411da90e9b476e1f6bed5833d9840d,持卡人消费,超市商务子系统,-2.8,119.14,3616,正常
2016/05/19 19:36:27,da76127ccde5c6aa458f7fc65fdf5786fadcbf85,0d0a35c561411da90e9b476e1f6bed5833d9840d,持卡人消费,超市商务子系统,-6.8,112.34,3617,正常
2016/05/21 12:55:59,da76127ccde5c6aa458f7fc65fdf5786fadcbf85,0d0a35c561411da90e9b476e1f6bed5833d9840d,持卡人消费,一校区水控新,-0.02,112.32,3619,正常
2016/05/21 13:06:32,da76127ccde5c6aa458f7fc65fdf5786fadcbf85,0d0a35c561411da90e9b476e1f6bed5833d9840d,持卡人消费,一校区水控新,-2.0,110.32,3620,正常
2016/05/21 13:09:39,da76127ccde5c6aa458f7fc65fdf5786fadcbf85,0d0a35c561411da90e9b476e1f6bed5833d9840d,持卡人消费,一校区水控新,-0.56,109.76,3621,正常
2016/05/21 17:28:17,da76127ccde5c6aa458f7fc65fdf5786fadcbf85,0d0a35c561411da90e9b476e1f6bed5833d9840d,持卡人消费,硕果园（工大商店）,-8.0,101.76,3622,正常
2016/05/21 17:46:46,da76127ccde5c6aa458f7fc65fdf5786fadcbf85,0d0a35c561411da90e9b476e1f6bed5833d9840d,持卡人消费,超市商务子系统,-7.3,94.46,3623,正常
2016/05/21 17:49:06,da76127ccde5c6aa458f7fc65fdf5786fadcbf85,0d0a35c561411da90e9b476e1f6bed5833d9840d,持卡人消费,超市商务子系统,-1.5,92.96,3624,正常
2016/05/22 17:24:04,da76127ccde5c6aa458f7fc65fdf5786fadcbf85,0d0a35c561411da90e9b476e1f6bed5833d9840d,持卡人消费,硕果园（工大商店）,-12.0,80.96,3625,正常
2016/05/23 11:14:20,da76127ccde5c6aa458f7fc65fdf5786fadcbf85,0d0a35c561411da90e9b476e1f6bed5833d9840d,持卡人消费,硕果园（工大商店）,-12.0,68.96,3626,正常
2016/05/23 13:14:17,da76127ccde5c6aa458f7fc65fdf5786fadcbf85,0d0a35c561411da90e9b476e1f6bed5833d9840d,持卡人消费,超市商务子系统,-1.8,67.16,3627,正常
2016/05/23 17:29:30,da76127ccde5c6aa458f7fc65fdf5786fadcbf85,0d0a35c561411da90e9b476e1f6bed5833d9840d,持卡人消费,硕果园（工大商店）,-10.0,57.16,3628,正常
2016/05/23 17:50:03,da76127ccde5c6aa458f7fc65fdf5786fadcbf85,0d0a35c561411da90e9b476e1f6bed5833d9840d,持卡人消费,超市商务子系统,-1.8,55.36,3629,正常
2016/05/24 11:51:14,da76127ccde5c6aa458f7fc65fdf5786fadcbf85,0d0a35c561411da90e9b476e1f6bed5833d9840d,持卡人消费,硕果园（工大商店）,-12.0,43.36,3630,正常
2016/05/24 12:11:35,da76127ccde5c6aa458f7fc65fdf5786fadcbf85,0d0a35c561411da90e9b476e1f6bed5833d9840d,持卡人消费,超市商务子系统,-3.4,39.96,3631,正常
2016/05/24 12:15:49,da76127ccde5c6aa458f7fc65fdf5786fadcbf85,0d0a35c561411da90e9b476e1f6bed5833d9840d,持卡人消费,超市商务子系统,-1.8,38.16,3632,正常
2016/05/25 14:09:27,da76127ccde5c6aa458f7fc65fdf5786fadcbf85,0d0a35c561411da90e9b476e1f6bed5833d9840d,存款,学苑楼综合业务2,200.0,238.16,3633,正常
2016/05/25 14:11:28,da76127ccde5c6aa458f7fc65fdf5786fadcbf85,0d0a35c561411da90e9b476e1f6bed5833d9840d,持卡人消费,超市商务子系统,-3.6,234.56,3634,正常
2016/05/26 12:29:13,da76127ccde5c6aa458f7fc65fdf5786fadcbf85,0d0a35c561411da90e9b476e1f6bed5833d9840d,持卡人消费,超市商务子系统,-4.3,230.26,3635,正常
2016/05/27 11:17:57,da76127ccde5c6aa458f7fc65fdf5786fadcbf85,0d0a35c561411da90e9b476e1f6bed5833d9840d,持卡人消费,硕果园（工大商店）,-26.8,203.46,3636,正常
2016/05/27 17:29:28,da76127ccde5c6aa458f7fc65fdf5786fadcbf85,0d0a35c561411da90e9b476e1f6bed5833d9840d,持卡人消费,超市商务子系统,-13.5,189.96,3637,正常
2016/05/28 20:17:11,da76127ccde5c6aa458f7fc65fdf5786fadcbf85,0d0a35c561411da90e9b476e1f6bed5833d9840d,持卡人消费,一校区水控新,-1.92,188.04,3639,正常
2016/05/28 21:21:50,da76127ccde5c6aa458f7fc65fdf5786fadcbf85,0d0a35c561411da90e9b476e1f6bed5833d9840d,持卡人消费,超市商务子系统,-1.8,186.24,3640,正常
2016/05/29 11:12:18,da76127ccde5c6aa458f7fc65fdf5786fadcbf85,0d0a35c561411da90e9b476e1f6bed5833d9840d,持卡人消费,硕果园（工大商店）,-12.0,174.24,3641,正常
2016/05/29 17:18:20,da76127ccde5c6aa458f7fc65fdf5786fadcbf85,0d0a35c561411da90e9b476e1f6bed5833d9840d,持卡人消费,硕果园（工大商店）,-17.0,157.24,3642,正常
2016/05/29 17:48:57,da76127ccde5c6aa458f7fc65fdf5786fadcbf85,0d0a35c561411da90e9b476e1f6bed5833d9840d,持卡人消费,超市商务子系统,-12.0,145.24,3643,正常
2016/05/29 20:39:39,da76127ccde5c6aa458f7fc65fdf5786fadcbf85,0d0a35c561411da90e9b476e1f6bed5833d9840d,持卡人消费,超市商务子系统,-7.5,137.74,3644,正常
2016/05/30 13:14:43,da76127ccde5c6aa458f7fc65fdf5786fadcbf85,0d0a35c561411da90e9b476e1f6bed5833d9840d,持卡人消费,硕果园（工大商店）,-12.0,125.74,3645,正常
2016/05/30 17:20:46,da76127ccde5c6aa458f7fc65fdf5786fadcbf85,0d0a35c561411da90e9b476e1f6bed5833d9840d,持卡人消费,硕果园（工大商店）,-8.0,117.74,3646,正常
2016/05/31 11:50:17,da76127ccde5c6aa458f7fc65fdf5786fadcbf85,0d0a35c561411da90e9b476e1f6bed5833d9840d,持卡人消费,硕果园（工大商店）,-12.0,105.74,3647,正常
2016/05/31 17:18:22,da76127ccde5c6aa458f7fc65fdf5786fadcbf85,0d0a35c561411da90e9b476e1f6bed5833d9840d,持卡人消费,硕果园（工大商店）,-8.0,97.74,3648,正常
2016/05/31 18:17:31,da76127ccde5c6aa458f7fc65fdf5786fadcbf85,0d0a35c561411da90e9b476e1f6bed5833d9840d,持卡人消费,超市商务子系统,-3.6,94.14,3649,正常
