交易发生时间,学号,姓名,交易类型,子系统名称,交易额,现有余额,次数,状态
2016/05/09 17:17:32,2da53bb7deb815cd30839d4bf8cc0133221fe023,0d32bdae4be80a9203665f3c491e44db811d6528,持卡人消费,学苑楼商务网关,-9.0,52.17,2453,正常
2016/05/10 07:52:00,2da53bb7deb815cd30839d4bf8cc0133221fe023,0d32bdae4be80a9203665f3c491e44db811d6528,持卡人消费,硕果园（工大商店）,-5.0,47.17,2454,正常
2016/05/11 07:03:12,2da53bb7deb815cd30839d4bf8cc0133221fe023,0d32bdae4be80a9203665f3c491e44db811d6528,持卡人消费,学士楼商务网关,-5.1,42.07,2455,正常
2016/05/11 11:25:40,2da53bb7deb815cd30839d4bf8cc0133221fe023,0d32bdae4be80a9203665f3c491e44db811d6528,持卡人消费,学士楼商务网关,-8.4,33.67,2456,正常
2016/05/13 07:04:34,2da53bb7deb815cd30839d4bf8cc0133221fe023,0d32bdae4be80a9203665f3c491e44db811d6528,持卡人消费,硕果园（工大商店）,-5.0,28.67,2457,正常
2016/05/13 18:26:02,2da53bb7deb815cd30839d4bf8cc0133221fe023,0d32bdae4be80a9203665f3c491e44db811d6528,持卡人消费,学苑楼商务网关,-7.0,21.67,2458,正常
2016/05/17 12:06:48,2da53bb7deb815cd30839d4bf8cc0133221fe023,0d32bdae4be80a9203665f3c491e44db811d6528,持卡人消费,学士楼商务网关,-3.0,18.67,2459,正常
2016/05/17 12:15:51,2da53bb7deb815cd30839d4bf8cc0133221fe023,0d32bdae4be80a9203665f3c491e44db811d6528,持卡人消费,超市商务子系统,-2.8,15.87,2460,正常
2016/05/18 12:07:44,2da53bb7deb815cd30839d4bf8cc0133221fe023,0d32bdae4be80a9203665f3c491e44db811d6528,持卡人消费,学士楼商务网关,-8.0,7.87,2461,正常
2016/05/18 12:08:48,2da53bb7deb815cd30839d4bf8cc0133221fe023,0d32bdae4be80a9203665f3c491e44db811d6528,持卡人消费,学士楼商务网关,-3.0,4.87,2462,正常
2016/05/18 12:30:03,2da53bb7deb815cd30839d4bf8cc0133221fe023,0d32bdae4be80a9203665f3c491e44db811d6528,持卡人消费,超市商务子系统,-2.6,2.27,2463,正常
2016/05/19 10:47:25,2da53bb7deb815cd30839d4bf8cc0133221fe023,0d32bdae4be80a9203665f3c491e44db811d6528,存款,现金充值机,100.0,102.27,2464,正常
2016/05/19 11:12:26,2da53bb7deb815cd30839d4bf8cc0133221fe023,0d32bdae4be80a9203665f3c491e44db811d6528,持卡人消费,学苑楼商务网关,-3.0,99.27,2465,正常
2016/05/19 11:13:49,2da53bb7deb815cd30839d4bf8cc0133221fe023,0d32bdae4be80a9203665f3c491e44db811d6528,持卡人消费,学苑楼商务网关,-10.0,89.27,2466,正常
2016/05/20 12:50:28,2da53bb7deb815cd30839d4bf8cc0133221fe023,0d32bdae4be80a9203665f3c491e44db811d6528,持卡人消费,硕果园（工大商店）,-12.0,77.27,2467,正常
2016/05/20 12:51:24,2da53bb7deb815cd30839d4bf8cc0133221fe023,0d32bdae4be80a9203665f3c491e44db811d6528,持卡人消费,硕果园（工大商店）,-3.0,74.27,2468,正常
2016/05/20 14:13:03,2da53bb7deb815cd30839d4bf8cc0133221fe023,0d32bdae4be80a9203665f3c491e44db811d6528,持卡人消费,学子便利店A01后楼,-3.5,70.77,2469,正常
2016/05/22 12:58:54,2da53bb7deb815cd30839d4bf8cc0133221fe023,0d32bdae4be80a9203665f3c491e44db811d6528,持卡人消费,学子便利店A01后楼,-4.2,66.57,2470,正常
2016/05/22 17:11:17,2da53bb7deb815cd30839d4bf8cc0133221fe023,0d32bdae4be80a9203665f3c491e44db811d6528,持卡人消费,南苑网关,-0.2,66.37,2471,正常
2016/05/22 17:11:34,2da53bb7deb815cd30839d4bf8cc0133221fe023,0d32bdae4be80a9203665f3c491e44db811d6528,持卡人消费,南苑网关,-9.36,57.01,2472,正常
2016/05/23 17:31:46,2da53bb7deb815cd30839d4bf8cc0133221fe023,0d32bdae4be80a9203665f3c491e44db811d6528,持卡人消费,学苑楼商务网关,-9.0,48.01,2473,正常
2016/05/23 17:32:12,2da53bb7deb815cd30839d4bf8cc0133221fe023,0d32bdae4be80a9203665f3c491e44db811d6528,持卡人消费,学苑楼商务网关,-3.0,45.01,2474,正常
2016/05/24 09:55:16,2da53bb7deb815cd30839d4bf8cc0133221fe023,0d32bdae4be80a9203665f3c491e44db811d6528,持卡人消费,硕果园（工大商店）,-12.0,33.01,2475,正常
2016/05/24 09:56:01,2da53bb7deb815cd30839d4bf8cc0133221fe023,0d32bdae4be80a9203665f3c491e44db811d6528,持卡人消费,硕果园（工大商店）,-3.0,30.01,2476,正常
2016/05/26 13:07:44,2da53bb7deb815cd30839d4bf8cc0133221fe023,0d32bdae4be80a9203665f3c491e44db811d6528,持卡人消费,硕果园（工大商店）,-3.0,27.01,2477,正常
2016/05/28 11:03:25,2da53bb7deb815cd30839d4bf8cc0133221fe023,0d32bdae4be80a9203665f3c491e44db811d6528,持卡人消费,学苑楼商务网关,-6.0,21.01,2478,正常
2016/05/28 11:04:03,2da53bb7deb815cd30839d4bf8cc0133221fe023,0d32bdae4be80a9203665f3c491e44db811d6528,持卡人消费,学苑楼商务网关,-1.5,19.51,2479,正常
2016/05/28 13:22:32,2da53bb7deb815cd30839d4bf8cc0133221fe023,0d32bdae4be80a9203665f3c491e44db811d6528,持卡人消费,学子便利店A01后楼,-3.0,16.51,2480,正常
2016/05/29 11:35:43,2da53bb7deb815cd30839d4bf8cc0133221fe023,0d32bdae4be80a9203665f3c491e44db811d6528,持卡人消费,南苑网关,-0.2,16.31,2481,正常
2016/05/29 11:35:58,2da53bb7deb815cd30839d4bf8cc0133221fe023,0d32bdae4be80a9203665f3c491e44db811d6528,持卡人消费,南苑网关,-11.76,4.55,2482,正常
2016/05/29 11:36:40,2da53bb7deb815cd30839d4bf8cc0133221fe023,0d32bdae4be80a9203665f3c491e44db811d6528,持卡人消费,南苑网关,-3.0,1.55,2483,正常
2016/05/30 11:44:39,2da53bb7deb815cd30839d4bf8cc0133221fe023,0d32bdae4be80a9203665f3c491e44db811d6528,存款,学苑楼综合业务,100.0,101.55,2484,正常
2016/05/30 11:50:53,2da53bb7deb815cd30839d4bf8cc0133221fe023,0d32bdae4be80a9203665f3c491e44db811d6528,持卡人消费,南苑网关,-0.2,101.35,2485,正常
2016/05/30 11:51:16,2da53bb7deb815cd30839d4bf8cc0133221fe023,0d32bdae4be80a9203665f3c491e44db811d6528,持卡人消费,南苑网关,-12.48,88.87,2486,正常
2016/05/30 11:52:54,2da53bb7deb815cd30839d4bf8cc0133221fe023,0d32bdae4be80a9203665f3c491e44db811d6528,持卡人消费,南苑网关,-3.0,85.87,2487,正常
