交易发生时间,学号,姓名,交易类型,子系统名称,交易额,现有余额,次数,状态
2016/05/04 19:40:44,0d1f7d6ecf553c190b8606d23c25174d430448f6,0d38bb250193bc09a68df1d18d0095f44d184ace,持卡人消费,学子便利店B07,-2.0,183.29,3373,正常
2016/05/04 22:04:47,0d1f7d6ecf553c190b8606d23c25174d430448f6,0d38bb250193bc09a68df1d18d0095f44d184ace,持卡人消费,学子便利店B07,-3.5,179.79,3374,正常
2016/05/05 11:38:53,0d1f7d6ecf553c190b8606d23c25174d430448f6,0d38bb250193bc09a68df1d18d0095f44d184ace,持卡人消费,九食堂商务网关,-10.0,169.79,3375,正常
2016/05/05 17:53:53,0d1f7d6ecf553c190b8606d23c25174d430448f6,0d38bb250193bc09a68df1d18d0095f44d184ace,持卡人消费,九食堂商务网关,-12.0,157.79,3376,正常
2016/05/06 20:26:21,0d1f7d6ecf553c190b8606d23c25174d430448f6,0d38bb250193bc09a68df1d18d0095f44d184ace,持卡人消费,学子便利店B07,-3.5,154.29,3377,正常
2016/05/07 11:30:57,0d1f7d6ecf553c190b8606d23c25174d430448f6,0d38bb250193bc09a68df1d18d0095f44d184ace,持卡人消费,五食堂商务网关,-6.0,148.29,3378,正常
2016/05/07 17:39:00,0d1f7d6ecf553c190b8606d23c25174d430448f6,0d38bb250193bc09a68df1d18d0095f44d184ace,持卡人消费,九食堂商务网关,-10.0,138.29,3379,正常
2016/05/08 11:47:46,0d1f7d6ecf553c190b8606d23c25174d430448f6,0d38bb250193bc09a68df1d18d0095f44d184ace,持卡人消费,九食堂商务网关,-10.0,128.29,3380,正常
2016/05/08 18:08:03,0d1f7d6ecf553c190b8606d23c25174d430448f6,0d38bb250193bc09a68df1d18d0095f44d184ace,持卡人消费,九食堂商务网关,-10.0,118.29,3381,正常
2016/05/09 11:29:23,0d1f7d6ecf553c190b8606d23c25174d430448f6,0d38bb250193bc09a68df1d18d0095f44d184ace,持卡人消费,九食堂商务网关,-10.0,108.29,3382,正常
2016/05/09 18:19:22,0d1f7d6ecf553c190b8606d23c25174d430448f6,0d38bb250193bc09a68df1d18d0095f44d184ace,持卡人消费,九食堂商务网关,-9.0,99.29,3383,正常
2016/05/09 18:19:46,0d1f7d6ecf553c190b8606d23c25174d430448f6,0d38bb250193bc09a68df1d18d0095f44d184ace,持卡人消费,九食堂商务网关,-10.0,89.29,3384,正常
2016/05/09 20:14:15,0d1f7d6ecf553c190b8606d23c25174d430448f6,0d38bb250193bc09a68df1d18d0095f44d184ace,持卡人消费,学子便利店B07,-1.2,88.09,3385,正常
2016/05/10 12:10:14,0d1f7d6ecf553c190b8606d23c25174d430448f6,0d38bb250193bc09a68df1d18d0095f44d184ace,持卡人消费,九食堂商务网关,-9.0,79.09,3386,正常
2016/05/12 11:30:59,0d1f7d6ecf553c190b8606d23c25174d430448f6,0d38bb250193bc09a68df1d18d0095f44d184ace,持卡人消费,九食堂商务网关,-8.0,71.09,3387,正常
2016/05/12 18:04:01,0d1f7d6ecf553c190b8606d23c25174d430448f6,0d38bb250193bc09a68df1d18d0095f44d184ace,持卡人消费,九食堂商务网关,-9.0,62.09,3388,正常
2016/05/13 11:26:32,0d1f7d6ecf553c190b8606d23c25174d430448f6,0d38bb250193bc09a68df1d18d0095f44d184ace,持卡人消费,九食堂商务网关,-8.0,54.09,3389,正常
2016/05/13 19:47:14,0d1f7d6ecf553c190b8606d23c25174d430448f6,0d38bb250193bc09a68df1d18d0095f44d184ace,持卡人消费,学子便利店B07,-2.7,51.39,3390,正常
2016/05/14 08:58:09,0d1f7d6ecf553c190b8606d23c25174d430448f6,0d38bb250193bc09a68df1d18d0095f44d184ace,持卡人消费,学子便利店B07,-3.8,47.59,3391,正常
2016/05/15 11:22:24,0d1f7d6ecf553c190b8606d23c25174d430448f6,0d38bb250193bc09a68df1d18d0095f44d184ace,持卡人消费,九食堂商务网关,-10.0,37.59,3392,正常
2016/05/15 11:53:44,0d1f7d6ecf553c190b8606d23c25174d430448f6,0d38bb250193bc09a68df1d18d0095f44d184ace,持卡人消费,学子便利店B07,-4.5,33.09,3393,正常
2016/05/15 18:46:09,0d1f7d6ecf553c190b8606d23c25174d430448f6,0d38bb250193bc09a68df1d18d0095f44d184ace,持卡人消费,二区水控,-2.85,30.24,3395,正常
2016/05/15 19:38:47,0d1f7d6ecf553c190b8606d23c25174d430448f6,0d38bb250193bc09a68df1d18d0095f44d184ace,持卡人消费,学子便利店B07,-4.6,25.64,3396,正常
2016/05/19 09:55:55,0d1f7d6ecf553c190b8606d23c25174d430448f6,0d38bb250193bc09a68df1d18d0095f44d184ace,持卡人消费,学子便利店B07,-2.5,23.14,3397,正常
2016/05/19 11:09:44,0d1f7d6ecf553c190b8606d23c25174d430448f6,0d38bb250193bc09a68df1d18d0095f44d184ace,持卡人消费,五食堂商务网关,-8.0,15.14,3398,正常
2016/05/19 11:10:21,0d1f7d6ecf553c190b8606d23c25174d430448f6,0d38bb250193bc09a68df1d18d0095f44d184ace,持卡人消费,五食堂商务网关,-0.6,14.54,3399,正常
2016/05/19 20:58:51,0d1f7d6ecf553c190b8606d23c25174d430448f6,0d38bb250193bc09a68df1d18d0095f44d184ace,持卡人消费,学子便利店B07,-1.8,12.74,3400,正常
2016/05/20 11:53:10,0d1f7d6ecf553c190b8606d23c25174d430448f6,0d38bb250193bc09a68df1d18d0095f44d184ace,持卡人消费,学子便利店B07,-6.3,6.44,3401,正常
2016/05/22 12:17:26,0d1f7d6ecf553c190b8606d23c25174d430448f6,0d38bb250193bc09a68df1d18d0095f44d184ace,持卡人消费,四食堂商务网关,-6.4,0.04,3402,正常
2016/05/24 11:08:27,0d1f7d6ecf553c190b8606d23c25174d430448f6,0d38bb250193bc09a68df1d18d0095f44d184ace,存款,现金充值机,40.0,40.04,3403,正常
2016/05/24 11:43:26,0d1f7d6ecf553c190b8606d23c25174d430448f6,0d38bb250193bc09a68df1d18d0095f44d184ace,持卡人消费,九食堂商务网关,-10.0,30.04,3404,正常
2016/05/24 19:46:25,0d1f7d6ecf553c190b8606d23c25174d430448f6,0d38bb250193bc09a68df1d18d0095f44d184ace,持卡人消费,学子便利店B07,-3.6,26.44,3405,正常
2016/05/25 17:10:48,0d1f7d6ecf553c190b8606d23c25174d430448f6,0d38bb250193bc09a68df1d18d0095f44d184ace,持卡人消费,学子便利店B07,-2.0,24.44,3406,正常
2016/05/26 12:15:02,0d1f7d6ecf553c190b8606d23c25174d430448f6,0d38bb250193bc09a68df1d18d0095f44d184ace,持卡人消费,九食堂商务网关,-10.0,14.44,3407,正常
2016/05/26 22:25:33,0d1f7d6ecf553c190b8606d23c25174d430448f6,0d38bb250193bc09a68df1d18d0095f44d184ace,持卡人消费,学子便利店B07,-1.5,12.94,3408,正常
2016/05/27 11:40:39,0d1f7d6ecf553c190b8606d23c25174d430448f6,0d38bb250193bc09a68df1d18d0095f44d184ace,持卡人消费,九食堂商务网关,-11.0,1.94,3409,正常
2016/05/28 06:35:16,0d1f7d6ecf553c190b8606d23c25174d430448f6,0d38bb250193bc09a68df1d18d0095f44d184ace,存款,现金充值机,100.0,101.94,3410,正常
2016/05/28 07:08:09,0d1f7d6ecf553c190b8606d23c25174d430448f6,0d38bb250193bc09a68df1d18d0095f44d184ace,持卡人消费,九食堂商务网关,-4.0,97.94,3411,正常
2016/05/28 07:08:48,0d1f7d6ecf553c190b8606d23c25174d430448f6,0d38bb250193bc09a68df1d18d0095f44d184ace,持卡人消费,九食堂商务网关,-0.6,97.34,3412,正常
2016/05/28 07:10:08,0d1f7d6ecf553c190b8606d23c25174d430448f6,0d38bb250193bc09a68df1d18d0095f44d184ace,持卡人消费,九食堂商务网关,-1.0,96.34,3413,正常
2016/05/28 11:27:48,0d1f7d6ecf553c190b8606d23c25174d430448f6,0d38bb250193bc09a68df1d18d0095f44d184ace,持卡人消费,九食堂商务网关,-10.0,86.34,3414,正常
2016/05/28 11:30:45,0d1f7d6ecf553c190b8606d23c25174d430448f6,0d38bb250193bc09a68df1d18d0095f44d184ace,持卡人消费,九食堂商务网关,-2.5,83.84,3415,正常
2016/05/29 10:02:16,0d1f7d6ecf553c190b8606d23c25174d430448f6,0d38bb250193bc09a68df1d18d0095f44d184ace,持卡人消费,学子便利店B07,-5.5,78.34,3416,正常
2016/05/30 12:24:37,0d1f7d6ecf553c190b8606d23c25174d430448f6,0d38bb250193bc09a68df1d18d0095f44d184ace,持卡人消费,九食堂商务网关,-13.0,65.34,3417,正常
2016/05/30 15:49:06,0d1f7d6ecf553c190b8606d23c25174d430448f6,0d38bb250193bc09a68df1d18d0095f44d184ace,持卡人消费,学子便利店B07,-24.9,40.44,3418,正常
2016/05/30 16:09:57,0d1f7d6ecf553c190b8606d23c25174d430448f6,0d38bb250193bc09a68df1d18d0095f44d184ace,持卡人消费,二区水控,-3.0,37.44,3419,正常
2016/05/31 12:02:11,0d1f7d6ecf553c190b8606d23c25174d430448f6,0d38bb250193bc09a68df1d18d0095f44d184ace,持卡人消费,九食堂商务网关,-10.0,27.44,3420,正常
