交易发生时间,学号,姓名,交易类型,子系统名称,交易额,现有余额,次数,状态
2016/05/01 08:08:20,742955441fe7e4c0aa4a2f695c792aec15a68224,0d4f968ce0a8a681cc6499fa8d46505d1a6ab3a5,持卡人消费,学苑楼商务网关,-2.5,594.58,4255,正常
2016/05/01 11:17:48,742955441fe7e4c0aa4a2f695c792aec15a68224,0d4f968ce0a8a681cc6499fa8d46505d1a6ab3a5,持卡人消费,学苑楼商务网关,-7.0,587.58,4256,正常
2016/05/01 16:57:53,742955441fe7e4c0aa4a2f695c792aec15a68224,0d4f968ce0a8a681cc6499fa8d46505d1a6ab3a5,持卡人消费,学苑楼商务网关,-2.8,584.78,4257,正常
2016/05/01 16:58:07,742955441fe7e4c0aa4a2f695c792aec15a68224,0d4f968ce0a8a681cc6499fa8d46505d1a6ab3a5,持卡人消费,学苑楼商务网关,-1.4,583.38,4258,正常
2016/05/01 16:58:55,742955441fe7e4c0aa4a2f695c792aec15a68224,0d4f968ce0a8a681cc6499fa8d46505d1a6ab3a5,持卡人消费,学苑楼商务网关,-4.0,579.38,4259,正常
2016/05/02 09:07:07,742955441fe7e4c0aa4a2f695c792aec15a68224,0d4f968ce0a8a681cc6499fa8d46505d1a6ab3a5,持卡人消费,超市商务子系统,-4.5,574.88,4260,正常
2016/05/02 10:51:13,742955441fe7e4c0aa4a2f695c792aec15a68224,0d4f968ce0a8a681cc6499fa8d46505d1a6ab3a5,持卡人消费,学苑楼商务网关,-7.0,567.88,4261,正常
2016/05/02 17:04:47,742955441fe7e4c0aa4a2f695c792aec15a68224,0d4f968ce0a8a681cc6499fa8d46505d1a6ab3a5,持卡人消费,学苑楼商务网关,-2.9,564.98,4262,正常
2016/05/02 17:05:50,742955441fe7e4c0aa4a2f695c792aec15a68224,0d4f968ce0a8a681cc6499fa8d46505d1a6ab3a5,持卡人消费,学苑楼商务网关,-1.5,563.48,4263,正常
2016/05/03 07:17:35,742955441fe7e4c0aa4a2f695c792aec15a68224,0d4f968ce0a8a681cc6499fa8d46505d1a6ab3a5,持卡人消费,学苑楼商务网关,-2.1,561.38,4264,正常
2016/05/03 11:08:32,742955441fe7e4c0aa4a2f695c792aec15a68224,0d4f968ce0a8a681cc6499fa8d46505d1a6ab3a5,持卡人消费,学士楼商务网关,-4.8,556.58,4265,正常
2016/05/03 17:19:57,742955441fe7e4c0aa4a2f695c792aec15a68224,0d4f968ce0a8a681cc6499fa8d46505d1a6ab3a5,持卡人消费,学士楼商务网关,-8.7,547.88,4266,正常
2016/05/03 17:20:55,742955441fe7e4c0aa4a2f695c792aec15a68224,0d4f968ce0a8a681cc6499fa8d46505d1a6ab3a5,持卡人消费,学士楼商务网关,-4.6,543.28,4267,正常
2016/05/04 06:57:27,742955441fe7e4c0aa4a2f695c792aec15a68224,0d4f968ce0a8a681cc6499fa8d46505d1a6ab3a5,持卡人消费,学苑楼商务网关,-2.5,540.78,4268,正常
2016/05/04 11:29:34,742955441fe7e4c0aa4a2f695c792aec15a68224,0d4f968ce0a8a681cc6499fa8d46505d1a6ab3a5,持卡人消费,学士楼商务网关,-3.8,536.98,4269,正常
2016/05/04 17:13:41,742955441fe7e4c0aa4a2f695c792aec15a68224,0d4f968ce0a8a681cc6499fa8d46505d1a6ab3a5,持卡人消费,学士楼商务网关,-3.7,533.28,4270,正常
2016/05/04 17:15:30,742955441fe7e4c0aa4a2f695c792aec15a68224,0d4f968ce0a8a681cc6499fa8d46505d1a6ab3a5,持卡人消费,学士楼商务网关,-1.5,531.78,4271,正常
2016/05/05 06:35:30,742955441fe7e4c0aa4a2f695c792aec15a68224,0d4f968ce0a8a681cc6499fa8d46505d1a6ab3a5,持卡人消费,学苑楼商务网关,-2.1,529.68,4272,正常
2016/05/05 11:46:50,742955441fe7e4c0aa4a2f695c792aec15a68224,0d4f968ce0a8a681cc6499fa8d46505d1a6ab3a5,持卡人消费,学士楼商务网关,-3.8,525.88,4273,正常
2016/05/05 12:46:50,742955441fe7e4c0aa4a2f695c792aec15a68224,0d4f968ce0a8a681cc6499fa8d46505d1a6ab3a5,持卡人消费,超市商务子系统,-6.7,519.18,4274,正常
2016/05/09 17:01:38,742955441fe7e4c0aa4a2f695c792aec15a68224,0d4f968ce0a8a681cc6499fa8d46505d1a6ab3a5,持卡人消费,学士楼商务网关,-2.3,516.88,4275,正常
2016/05/09 17:02:37,742955441fe7e4c0aa4a2f695c792aec15a68224,0d4f968ce0a8a681cc6499fa8d46505d1a6ab3a5,持卡人消费,学士楼商务网关,-2.5,514.38,4276,正常
2016/05/10 07:12:53,742955441fe7e4c0aa4a2f695c792aec15a68224,0d4f968ce0a8a681cc6499fa8d46505d1a6ab3a5,持卡人消费,学苑楼商务网关,-2.5,511.88,4277,正常
2016/05/10 11:13:47,742955441fe7e4c0aa4a2f695c792aec15a68224,0d4f968ce0a8a681cc6499fa8d46505d1a6ab3a5,持卡人消费,一区图书馆BPOS,-0.1,511.78,4278,正常
2016/05/10 11:18:20,742955441fe7e4c0aa4a2f695c792aec15a68224,0d4f968ce0a8a681cc6499fa8d46505d1a6ab3a5,持卡人消费,学士楼商务网关,-3.8,507.98,4279,正常
2016/05/10 13:20:48,742955441fe7e4c0aa4a2f695c792aec15a68224,0d4f968ce0a8a681cc6499fa8d46505d1a6ab3a5,持卡人消费,一校区水控新,-1.84,506.14,4281,正常
2016/05/10 13:23:53,742955441fe7e4c0aa4a2f695c792aec15a68224,0d4f968ce0a8a681cc6499fa8d46505d1a6ab3a5,持卡人消费,一校区水控新,-0.56,505.58,4283,正常
2016/05/10 17:42:03,742955441fe7e4c0aa4a2f695c792aec15a68224,0d4f968ce0a8a681cc6499fa8d46505d1a6ab3a5,持卡人消费,学士楼商务网关,-6.1,499.48,4284,正常
2016/05/11 06:41:16,742955441fe7e4c0aa4a2f695c792aec15a68224,0d4f968ce0a8a681cc6499fa8d46505d1a6ab3a5,持卡人消费,学苑楼商务网关,-2.1,497.38,4285,正常
2016/05/11 11:24:12,742955441fe7e4c0aa4a2f695c792aec15a68224,0d4f968ce0a8a681cc6499fa8d46505d1a6ab3a5,持卡人消费,学士楼商务网关,-4.3,493.08,4286,正常
2016/05/11 17:12:35,742955441fe7e4c0aa4a2f695c792aec15a68224,0d4f968ce0a8a681cc6499fa8d46505d1a6ab3a5,持卡人消费,学苑楼商务网关,-7.5,485.58,4287,正常
2016/05/12 07:08:10,742955441fe7e4c0aa4a2f695c792aec15a68224,0d4f968ce0a8a681cc6499fa8d46505d1a6ab3a5,持卡人消费,学苑楼商务网关,-2.5,483.08,4288,正常
2016/05/12 11:20:37,742955441fe7e4c0aa4a2f695c792aec15a68224,0d4f968ce0a8a681cc6499fa8d46505d1a6ab3a5,持卡人消费,学苑楼商务网关,-7.5,475.58,4289,正常
2016/05/12 17:06:32,742955441fe7e4c0aa4a2f695c792aec15a68224,0d4f968ce0a8a681cc6499fa8d46505d1a6ab3a5,持卡人消费,学士楼商务网关,-1.9,473.68,4290,正常
2016/05/12 17:07:43,742955441fe7e4c0aa4a2f695c792aec15a68224,0d4f968ce0a8a681cc6499fa8d46505d1a6ab3a5,持卡人消费,学士楼商务网关,-1.5,472.18,4291,正常
2016/05/13 06:56:54,742955441fe7e4c0aa4a2f695c792aec15a68224,0d4f968ce0a8a681cc6499fa8d46505d1a6ab3a5,持卡人消费,学苑楼商务网关,-2.1,470.08,4292,正常
2016/05/13 11:15:37,742955441fe7e4c0aa4a2f695c792aec15a68224,0d4f968ce0a8a681cc6499fa8d46505d1a6ab3a5,持卡人消费,学士楼商务网关,-4.8,465.28,4293,正常
2016/05/13 17:06:28,742955441fe7e4c0aa4a2f695c792aec15a68224,0d4f968ce0a8a681cc6499fa8d46505d1a6ab3a5,持卡人消费,学苑楼商务网关,-7.0,458.28,4294,正常
2016/05/14 07:10:15,742955441fe7e4c0aa4a2f695c792aec15a68224,0d4f968ce0a8a681cc6499fa8d46505d1a6ab3a5,持卡人消费,学苑楼商务网关,-2.5,455.78,4295,正常
2016/05/14 11:18:02,742955441fe7e4c0aa4a2f695c792aec15a68224,0d4f968ce0a8a681cc6499fa8d46505d1a6ab3a5,持卡人消费,学士楼商务网关,-4.4,451.38,4296,正常
2016/05/14 17:08:32,742955441fe7e4c0aa4a2f695c792aec15a68224,0d4f968ce0a8a681cc6499fa8d46505d1a6ab3a5,持卡人消费,学士楼商务网关,-0.8,450.58,4297,正常
2016/05/14 17:09:32,742955441fe7e4c0aa4a2f695c792aec15a68224,0d4f968ce0a8a681cc6499fa8d46505d1a6ab3a5,持卡人消费,学士楼商务网关,-3.5,447.08,4298,正常
2016/05/15 11:06:43,742955441fe7e4c0aa4a2f695c792aec15a68224,0d4f968ce0a8a681cc6499fa8d46505d1a6ab3a5,持卡人消费,学苑楼商务网关,-6.0,441.08,4299,正常
2016/05/15 17:21:02,742955441fe7e4c0aa4a2f695c792aec15a68224,0d4f968ce0a8a681cc6499fa8d46505d1a6ab3a5,持卡人消费,学士楼商务网关,-3.8,437.28,4300,正常
2016/05/16 07:02:08,742955441fe7e4c0aa4a2f695c792aec15a68224,0d4f968ce0a8a681cc6499fa8d46505d1a6ab3a5,持卡人消费,学苑楼商务网关,-2.1,435.18,4301,正常
2016/05/16 11:21:26,742955441fe7e4c0aa4a2f695c792aec15a68224,0d4f968ce0a8a681cc6499fa8d46505d1a6ab3a5,持卡人消费,学士楼商务网关,-4.8,430.38,4302,正常
2016/05/16 17:37:30,742955441fe7e4c0aa4a2f695c792aec15a68224,0d4f968ce0a8a681cc6499fa8d46505d1a6ab3a5,持卡人消费,硕果园（工大商店）,-10.0,420.38,4303,正常
2016/05/17 10:49:42,742955441fe7e4c0aa4a2f695c792aec15a68224,0d4f968ce0a8a681cc6499fa8d46505d1a6ab3a5,持卡人消费,学苑楼商务网关,-7.0,413.38,4304,正常
2016/05/17 17:04:44,742955441fe7e4c0aa4a2f695c792aec15a68224,0d4f968ce0a8a681cc6499fa8d46505d1a6ab3a5,持卡人消费,学士楼商务网关,-1.4,411.98,4305,正常
2016/05/17 17:05:55,742955441fe7e4c0aa4a2f695c792aec15a68224,0d4f968ce0a8a681cc6499fa8d46505d1a6ab3a5,持卡人消费,学士楼商务网关,-2.5,409.48,4306,正常
2016/05/18 07:04:55,742955441fe7e4c0aa4a2f695c792aec15a68224,0d4f968ce0a8a681cc6499fa8d46505d1a6ab3a5,持卡人消费,学苑楼商务网关,-2.5,406.98,4307,正常
2016/05/18 11:07:58,742955441fe7e4c0aa4a2f695c792aec15a68224,0d4f968ce0a8a681cc6499fa8d46505d1a6ab3a5,持卡人消费,学士楼商务网关,-4.8,402.18,4308,正常
2016/05/18 17:01:50,742955441fe7e4c0aa4a2f695c792aec15a68224,0d4f968ce0a8a681cc6499fa8d46505d1a6ab3a5,持卡人消费,学士楼商务网关,-3.8,398.38,4309,正常
2016/05/18 17:02:36,742955441fe7e4c0aa4a2f695c792aec15a68224,0d4f968ce0a8a681cc6499fa8d46505d1a6ab3a5,持卡人消费,学士楼商务网关,-1.5,396.88,4310,正常
2016/05/18 19:56:13,742955441fe7e4c0aa4a2f695c792aec15a68224,0d4f968ce0a8a681cc6499fa8d46505d1a6ab3a5,持卡人消费,超市商务子系统,-4.4,392.48,4311,正常
2016/05/19 07:17:31,742955441fe7e4c0aa4a2f695c792aec15a68224,0d4f968ce0a8a681cc6499fa8d46505d1a6ab3a5,持卡人消费,学苑楼商务网关,-2.5,389.98,4312,正常
2016/05/19 11:08:50,742955441fe7e4c0aa4a2f695c792aec15a68224,0d4f968ce0a8a681cc6499fa8d46505d1a6ab3a5,持卡人消费,学士楼商务网关,-4.8,385.18,4313,正常
2016/05/19 17:07:57,742955441fe7e4c0aa4a2f695c792aec15a68224,0d4f968ce0a8a681cc6499fa8d46505d1a6ab3a5,持卡人消费,学士楼商务网关,-4.3,380.88,4314,正常
2016/05/19 17:21:06,742955441fe7e4c0aa4a2f695c792aec15a68224,0d4f968ce0a8a681cc6499fa8d46505d1a6ab3a5,持卡人消费,学士楼商务网关,-1.5,379.38,4315,正常
2016/05/20 07:01:24,742955441fe7e4c0aa4a2f695c792aec15a68224,0d4f968ce0a8a681cc6499fa8d46505d1a6ab3a5,持卡人消费,学苑楼商务网关,-2.1,377.28,4316,正常
2016/05/20 11:21:34,742955441fe7e4c0aa4a2f695c792aec15a68224,0d4f968ce0a8a681cc6499fa8d46505d1a6ab3a5,持卡人消费,学苑楼商务网关,-7.5,369.78,4317,正常
2016/05/20 17:07:37,742955441fe7e4c0aa4a2f695c792aec15a68224,0d4f968ce0a8a681cc6499fa8d46505d1a6ab3a5,持卡人消费,学士楼商务网关,-4.8,364.98,4318,正常
2016/05/20 17:08:44,742955441fe7e4c0aa4a2f695c792aec15a68224,0d4f968ce0a8a681cc6499fa8d46505d1a6ab3a5,持卡人消费,学士楼商务网关,-3.0,361.98,4319,正常
2016/05/21 06:58:25,742955441fe7e4c0aa4a2f695c792aec15a68224,0d4f968ce0a8a681cc6499fa8d46505d1a6ab3a5,持卡人消费,学苑楼商务网关,-2.1,359.88,4320,正常
2016/05/21 11:48:38,742955441fe7e4c0aa4a2f695c792aec15a68224,0d4f968ce0a8a681cc6499fa8d46505d1a6ab3a5,持卡人消费,学士楼商务网关,-4.3,355.58,4321,正常
2016/05/21 21:13:24,742955441fe7e4c0aa4a2f695c792aec15a68224,0d4f968ce0a8a681cc6499fa8d46505d1a6ab3a5,持卡人消费,超市商务子系统,-2.7,352.88,4322,正常
2016/05/22 07:05:26,742955441fe7e4c0aa4a2f695c792aec15a68224,0d4f968ce0a8a681cc6499fa8d46505d1a6ab3a5,持卡人消费,学苑楼商务网关,-2.0,350.88,4323,正常
2016/05/22 11:02:19,742955441fe7e4c0aa4a2f695c792aec15a68224,0d4f968ce0a8a681cc6499fa8d46505d1a6ab3a5,持卡人消费,学苑楼商务网关,-6.0,344.88,4324,正常
2016/05/22 17:09:48,742955441fe7e4c0aa4a2f695c792aec15a68224,0d4f968ce0a8a681cc6499fa8d46505d1a6ab3a5,持卡人消费,学士楼商务网关,-3.8,341.08,4325,正常
2016/05/23 06:54:12,742955441fe7e4c0aa4a2f695c792aec15a68224,0d4f968ce0a8a681cc6499fa8d46505d1a6ab3a5,持卡人消费,学士楼商务网关,-1.9,339.18,4326,正常
2016/05/23 11:04:28,742955441fe7e4c0aa4a2f695c792aec15a68224,0d4f968ce0a8a681cc6499fa8d46505d1a6ab3a5,持卡人消费,学士楼商务网关,-6.4,332.78,4327,正常
2016/05/23 12:23:02,742955441fe7e4c0aa4a2f695c792aec15a68224,0d4f968ce0a8a681cc6499fa8d46505d1a6ab3a5,持卡人消费,一校区水控新,-1.6,331.18,4329,正常
2016/05/23 12:30:00,742955441fe7e4c0aa4a2f695c792aec15a68224,0d4f968ce0a8a681cc6499fa8d46505d1a6ab3a5,持卡人消费,一校区水控新,-1.12,330.06,4331,正常
2016/05/23 17:08:14,742955441fe7e4c0aa4a2f695c792aec15a68224,0d4f968ce0a8a681cc6499fa8d46505d1a6ab3a5,持卡人消费,学士楼商务网关,-1.9,328.16,4332,正常
2016/05/23 17:09:19,742955441fe7e4c0aa4a2f695c792aec15a68224,0d4f968ce0a8a681cc6499fa8d46505d1a6ab3a5,持卡人消费,学士楼商务网关,-2.5,325.66,4333,正常
2016/05/24 06:46:12,742955441fe7e4c0aa4a2f695c792aec15a68224,0d4f968ce0a8a681cc6499fa8d46505d1a6ab3a5,持卡人消费,学士楼商务网关,-2.4,323.26,4334,正常
2016/05/24 10:55:36,742955441fe7e4c0aa4a2f695c792aec15a68224,0d4f968ce0a8a681cc6499fa8d46505d1a6ab3a5,持卡人消费,学苑楼商务网关,-7.0,316.26,4335,正常
2016/05/24 17:11:30,742955441fe7e4c0aa4a2f695c792aec15a68224,0d4f968ce0a8a681cc6499fa8d46505d1a6ab3a5,持卡人消费,学士楼商务网关,-4.8,311.46,4336,正常
2016/05/25 07:09:53,742955441fe7e4c0aa4a2f695c792aec15a68224,0d4f968ce0a8a681cc6499fa8d46505d1a6ab3a5,持卡人消费,学士楼商务网关,-2.9,308.56,4337,正常
2016/05/25 11:36:02,742955441fe7e4c0aa4a2f695c792aec15a68224,0d4f968ce0a8a681cc6499fa8d46505d1a6ab3a5,持卡人消费,学苑楼商务网关,-7.0,301.56,4338,正常
2016/05/25 17:45:22,742955441fe7e4c0aa4a2f695c792aec15a68224,0d4f968ce0a8a681cc6499fa8d46505d1a6ab3a5,持卡人消费,学士楼商务网关,-1.7,299.86,4339,正常
2016/05/25 17:46:20,742955441fe7e4c0aa4a2f695c792aec15a68224,0d4f968ce0a8a681cc6499fa8d46505d1a6ab3a5,持卡人消费,学士楼商务网关,-3.0,296.86,4340,正常
2016/05/26 06:52:00,742955441fe7e4c0aa4a2f695c792aec15a68224,0d4f968ce0a8a681cc6499fa8d46505d1a6ab3a5,持卡人消费,学士楼商务网关,-2.4,294.46,4341,正常
2016/05/26 11:10:12,742955441fe7e4c0aa4a2f695c792aec15a68224,0d4f968ce0a8a681cc6499fa8d46505d1a6ab3a5,持卡人消费,学士楼商务网关,-4.8,289.66,4342,正常
2016/05/26 17:06:22,742955441fe7e4c0aa4a2f695c792aec15a68224,0d4f968ce0a8a681cc6499fa8d46505d1a6ab3a5,持卡人消费,学士楼商务网关,-4.3,285.36,4343,正常
2016/05/27 06:50:09,742955441fe7e4c0aa4a2f695c792aec15a68224,0d4f968ce0a8a681cc6499fa8d46505d1a6ab3a5,持卡人消费,学士楼商务网关,-1.53,283.83,4344,正常
2016/05/27 11:12:27,742955441fe7e4c0aa4a2f695c792aec15a68224,0d4f968ce0a8a681cc6499fa8d46505d1a6ab3a5,持卡人消费,学苑楼商务网关,-7.0,276.83,4345,正常
2016/05/27 17:19:36,742955441fe7e4c0aa4a2f695c792aec15a68224,0d4f968ce0a8a681cc6499fa8d46505d1a6ab3a5,持卡人消费,学士楼商务网关,-1.9,274.93,4346,正常
2016/05/27 17:20:52,742955441fe7e4c0aa4a2f695c792aec15a68224,0d4f968ce0a8a681cc6499fa8d46505d1a6ab3a5,持卡人消费,学士楼商务网关,-3.0,271.93,4347,正常
2016/05/28 06:54:35,742955441fe7e4c0aa4a2f695c792aec15a68224,0d4f968ce0a8a681cc6499fa8d46505d1a6ab3a5,持卡人消费,学苑楼商务网关,-2.1,269.83,4348,正常
2016/05/28 11:29:21,742955441fe7e4c0aa4a2f695c792aec15a68224,0d4f968ce0a8a681cc6499fa8d46505d1a6ab3a5,持卡人消费,学苑楼商务网关,-6.0,263.83,4349,正常
2016/05/28 17:04:33,742955441fe7e4c0aa4a2f695c792aec15a68224,0d4f968ce0a8a681cc6499fa8d46505d1a6ab3a5,持卡人消费,学士楼商务网关,-4.3,259.53,4350,正常
2016/05/28 21:28:55,742955441fe7e4c0aa4a2f695c792aec15a68224,0d4f968ce0a8a681cc6499fa8d46505d1a6ab3a5,持卡人消费,超市商务子系统,-11.9,247.63,4351,正常
2016/05/29 07:28:01,742955441fe7e4c0aa4a2f695c792aec15a68224,0d4f968ce0a8a681cc6499fa8d46505d1a6ab3a5,持卡人消费,学苑楼商务网关,-1.2,246.43,4352,正常
2016/05/29 10:33:37,742955441fe7e4c0aa4a2f695c792aec15a68224,0d4f968ce0a8a681cc6499fa8d46505d1a6ab3a5,存款,卡中心综合业务,300.0,546.43,4353,正常
2016/05/29 11:09:24,742955441fe7e4c0aa4a2f695c792aec15a68224,0d4f968ce0a8a681cc6499fa8d46505d1a6ab3a5,持卡人消费,学苑楼商务网关,-6.0,540.43,4354,正常
2016/05/29 17:02:06,742955441fe7e4c0aa4a2f695c792aec15a68224,0d4f968ce0a8a681cc6499fa8d46505d1a6ab3a5,持卡人消费,学苑楼商务网关,-2.9,537.53,4355,正常
2016/05/29 17:03:02,742955441fe7e4c0aa4a2f695c792aec15a68224,0d4f968ce0a8a681cc6499fa8d46505d1a6ab3a5,持卡人消费,学苑楼商务网关,-2.5,535.03,4356,正常
2016/05/30 07:14:53,742955441fe7e4c0aa4a2f695c792aec15a68224,0d4f968ce0a8a681cc6499fa8d46505d1a6ab3a5,持卡人消费,学苑楼商务网关,-2.5,532.53,4357,正常
2016/05/30 11:05:27,742955441fe7e4c0aa4a2f695c792aec15a68224,0d4f968ce0a8a681cc6499fa8d46505d1a6ab3a5,持卡人消费,学苑楼商务网关,-7.0,525.53,4358,正常
2016/05/30 17:17:22,742955441fe7e4c0aa4a2f695c792aec15a68224,0d4f968ce0a8a681cc6499fa8d46505d1a6ab3a5,持卡人消费,学苑楼商务网关,-6.0,519.53,4359,正常
2016/05/31 07:07:59,742955441fe7e4c0aa4a2f695c792aec15a68224,0d4f968ce0a8a681cc6499fa8d46505d1a6ab3a5,持卡人消费,学士楼商务网关,-2.3,517.23,4360,正常
2016/05/31 07:08:06,742955441fe7e4c0aa4a2f695c792aec15a68224,0d4f968ce0a8a681cc6499fa8d46505d1a6ab3a5,持卡人消费,学士楼商务网关,-0.2,517.03,4361,正常
2016/05/31 11:24:58,742955441fe7e4c0aa4a2f695c792aec15a68224,0d4f968ce0a8a681cc6499fa8d46505d1a6ab3a5,持卡人消费,学士楼商务网关,-6.9,510.13,4362,正常
2016/05/31 17:12:24,742955441fe7e4c0aa4a2f695c792aec15a68224,0d4f968ce0a8a681cc6499fa8d46505d1a6ab3a5,持卡人消费,学士楼商务网关,-1.9,508.23,4363,正常
2016/05/31 17:13:30,742955441fe7e4c0aa4a2f695c792aec15a68224,0d4f968ce0a8a681cc6499fa8d46505d1a6ab3a5,持卡人消费,学士楼商务网关,-3.0,505.23,4364,正常
