交易发生时间,学号,姓名,交易类型,子系统名称,交易额,现有余额,次数,状态
2016/05/01 16:59:19,ae945c8b26493121ba1bc170046a7d0bca30685e,0d90fa028de4926cdc598e08c818c801bafe597f,持卡人消费,土木楼网关,-4.9,91.13,950,正常
2016/05/01 16:59:38,ae945c8b26493121ba1bc170046a7d0bca30685e,0d90fa028de4926cdc598e08c818c801bafe597f,持卡人消费,土木楼网关,-4.5,86.63,951,正常
2016/05/01 17:00:03,ae945c8b26493121ba1bc170046a7d0bca30685e,0d90fa028de4926cdc598e08c818c801bafe597f,持卡人消费,土木楼网关,-0.5,86.13,952,正常
2016/05/02 12:32:46,ae945c8b26493121ba1bc170046a7d0bca30685e,0d90fa028de4926cdc598e08c818c801bafe597f,持卡人消费,学子超市A05,-2.8,83.33,953,正常
2016/05/03 11:30:51,ae945c8b26493121ba1bc170046a7d0bca30685e,0d90fa028de4926cdc598e08c818c801bafe597f,持卡人消费,学子超市A05,-10.9,72.43,954,正常
2016/05/04 16:56:33,ae945c8b26493121ba1bc170046a7d0bca30685e,0d90fa028de4926cdc598e08c818c801bafe597f,存款,现金充值机,100.0,172.43,955,正常
2016/05/04 17:18:52,ae945c8b26493121ba1bc170046a7d0bca30685e,0d90fa028de4926cdc598e08c818c801bafe597f,持卡人消费,土木楼网关,-7.0,165.43,956,正常
2016/05/04 17:20:07,ae945c8b26493121ba1bc170046a7d0bca30685e,0d90fa028de4926cdc598e08c818c801bafe597f,持卡人消费,土木楼网关,-3.0,162.43,957,正常
2016/05/04 17:20:57,ae945c8b26493121ba1bc170046a7d0bca30685e,0d90fa028de4926cdc598e08c818c801bafe597f,持卡人消费,土木楼网关,-0.2,162.23,958,正常
2016/05/04 17:22:33,ae945c8b26493121ba1bc170046a7d0bca30685e,0d90fa028de4926cdc598e08c818c801bafe597f,持卡人消费,土木楼网关,-4.0,158.23,959,正常
2016/05/04 17:46:10,ae945c8b26493121ba1bc170046a7d0bca30685e,0d90fa028de4926cdc598e08c818c801bafe597f,持卡人消费,网络中心,-30.0,128.23,960,正常
2016/05/05 17:38:05,ae945c8b26493121ba1bc170046a7d0bca30685e,0d90fa028de4926cdc598e08c818c801bafe597f,持卡人消费,土木楼网关,-3.0,125.23,961,正常
2016/05/05 17:39:01,ae945c8b26493121ba1bc170046a7d0bca30685e,0d90fa028de4926cdc598e08c818c801bafe597f,持卡人消费,土木楼网关,-0.2,125.03,962,正常
2016/05/05 17:40:48,ae945c8b26493121ba1bc170046a7d0bca30685e,0d90fa028de4926cdc598e08c818c801bafe597f,持卡人消费,土木楼网关,-8.4,116.63,963,正常
2016/05/06 11:35:39,ae945c8b26493121ba1bc170046a7d0bca30685e,0d90fa028de4926cdc598e08c818c801bafe597f,持卡人消费,土木楼网关,-5.9,110.73,964,正常
2016/05/06 11:37:38,ae945c8b26493121ba1bc170046a7d0bca30685e,0d90fa028de4926cdc598e08c818c801bafe597f,持卡人消费,土木楼网关,-3.7,107.03,965,正常
2016/05/09 08:25:55,ae945c8b26493121ba1bc170046a7d0bca30685e,0d90fa028de4926cdc598e08c818c801bafe597f,持卡人消费,网络中心,-30.0,75.78,967,正常
2016/05/09 08:34:14,ae945c8b26493121ba1bc170046a7d0bca30685e,0d90fa028de4926cdc598e08c818c801bafe597f,持卡人消费,土木楼网关,-4.25,71.53,968,正常
2016/05/11 12:02:58,ae945c8b26493121ba1bc170046a7d0bca30685e,0d90fa028de4926cdc598e08c818c801bafe597f,持卡人消费,土木楼水控,-0.24,71.29,970,正常
2016/05/11 12:03:25,ae945c8b26493121ba1bc170046a7d0bca30685e,0d90fa028de4926cdc598e08c818c801bafe597f,持卡人消费,土木楼水控,-0.09,71.20,972,正常
2016/05/11 12:18:18,ae945c8b26493121ba1bc170046a7d0bca30685e,0d90fa028de4926cdc598e08c818c801bafe597f,持卡人消费,土木楼水控,-3.0,68.20,973,正常
2016/05/11 12:21:48,ae945c8b26493121ba1bc170046a7d0bca30685e,0d90fa028de4926cdc598e08c818c801bafe597f,持卡人消费,土木楼水控,-0.7,67.50,975,正常
2016/05/13 11:38:36,ae945c8b26493121ba1bc170046a7d0bca30685e,0d90fa028de4926cdc598e08c818c801bafe597f,持卡人消费,土木楼网关,-3.0,64.50,976,正常
2016/05/13 11:40:20,ae945c8b26493121ba1bc170046a7d0bca30685e,0d90fa028de4926cdc598e08c818c801bafe597f,持卡人消费,土木楼网关,-1.0,63.50,977,正常
2016/05/13 16:08:55,ae945c8b26493121ba1bc170046a7d0bca30685e,0d90fa028de4926cdc598e08c818c801bafe597f,持卡人消费,学子超市A05,-11.5,52.00,978,正常
2016/05/13 20:17:53,ae945c8b26493121ba1bc170046a7d0bca30685e,0d90fa028de4926cdc598e08c818c801bafe597f,持卡人消费,土木楼水控,-0.01,51.99,979,正常
2016/05/13 20:18:00,ae945c8b26493121ba1bc170046a7d0bca30685e,0d90fa028de4926cdc598e08c818c801bafe597f,持卡人消费,土木楼水控,-0.02,51.97,981,正常
2016/05/13 20:18:33,ae945c8b26493121ba1bc170046a7d0bca30685e,0d90fa028de4926cdc598e08c818c801bafe597f,持卡人消费,土木楼水控,-0.01,51.96,982,正常
2016/05/13 20:31:25,ae945c8b26493121ba1bc170046a7d0bca30685e,0d90fa028de4926cdc598e08c818c801bafe597f,持卡人消费,土木楼水控,-2.6,49.36,983,正常
2016/05/13 20:35:12,ae945c8b26493121ba1bc170046a7d0bca30685e,0d90fa028de4926cdc598e08c818c801bafe597f,持卡人消费,土木楼水控,-0.4,48.96,984,正常
2016/05/15 11:25:52,ae945c8b26493121ba1bc170046a7d0bca30685e,0d90fa028de4926cdc598e08c818c801bafe597f,存款,现金充值机,100.0,148.96,985,正常
2016/05/15 11:45:52,ae945c8b26493121ba1bc170046a7d0bca30685e,0d90fa028de4926cdc598e08c818c801bafe597f,持卡人消费,土木楼网关,-0.2,148.76,986,正常
2016/05/15 11:46:24,ae945c8b26493121ba1bc170046a7d0bca30685e,0d90fa028de4926cdc598e08c818c801bafe597f,持卡人消费,土木楼网关,-5.0,143.76,987,正常
2016/05/15 20:27:12,ae945c8b26493121ba1bc170046a7d0bca30685e,0d90fa028de4926cdc598e08c818c801bafe597f,持卡人消费,土木楼水控,-0.73,143.03,989,正常
2016/05/15 20:37:56,ae945c8b26493121ba1bc170046a7d0bca30685e,0d90fa028de4926cdc598e08c818c801bafe597f,持卡人消费,土木楼水控,-2.06,140.97,991,正常
2016/05/15 20:41:56,ae945c8b26493121ba1bc170046a7d0bca30685e,0d90fa028de4926cdc598e08c818c801bafe597f,持卡人消费,土木楼水控,-0.31,140.66,993,正常
2016/05/15 20:47:33,ae945c8b26493121ba1bc170046a7d0bca30685e,0d90fa028de4926cdc598e08c818c801bafe597f,持卡人消费,土木楼水控,-0.82,139.84,995,正常
2016/05/20 11:24:15,ae945c8b26493121ba1bc170046a7d0bca30685e,0d90fa028de4926cdc598e08c818c801bafe597f,持卡人消费,土木楼网关,-0.2,139.64,996,正常
2016/05/20 11:27:43,ae945c8b26493121ba1bc170046a7d0bca30685e,0d90fa028de4926cdc598e08c818c801bafe597f,持卡人消费,土木楼网关,-1.5,138.14,997,正常
2016/05/25 12:22:36,ae945c8b26493121ba1bc170046a7d0bca30685e,0d90fa028de4926cdc598e08c818c801bafe597f,持卡人消费,土木楼水控,-2.3,135.84,999,正常
2016/05/25 12:24:32,ae945c8b26493121ba1bc170046a7d0bca30685e,0d90fa028de4926cdc598e08c818c801bafe597f,持卡人消费,土木楼水控,-0.24,135.60,1001,正常
2016/05/25 12:27:06,ae945c8b26493121ba1bc170046a7d0bca30685e,0d90fa028de4926cdc598e08c818c801bafe597f,持卡人消费,土木楼水控,-0.37,135.23,1003,正常
2016/05/25 12:40:27,ae945c8b26493121ba1bc170046a7d0bca30685e,0d90fa028de4926cdc598e08c818c801bafe597f,持卡人消费,学子超市A05,-7.1,128.13,1004,正常
2016/05/27 13:53:39,ae945c8b26493121ba1bc170046a7d0bca30685e,0d90fa028de4926cdc598e08c818c801bafe597f,持卡人消费,土木楼水控,-3.0,125.13,1005,正常
2016/05/27 13:55:32,ae945c8b26493121ba1bc170046a7d0bca30685e,0d90fa028de4926cdc598e08c818c801bafe597f,持卡人消费,土木楼水控,-0.37,124.76,1007,正常
2016/05/27 14:02:00,ae945c8b26493121ba1bc170046a7d0bca30685e,0d90fa028de4926cdc598e08c818c801bafe597f,持卡人消费,土木楼水控,-1.07,123.69,1009,正常
2016/05/27 14:09:00,ae945c8b26493121ba1bc170046a7d0bca30685e,0d90fa028de4926cdc598e08c818c801bafe597f,持卡人消费,土木楼水控,-0.47,123.22,1010,正常
2016/05/27 14:15:15,ae945c8b26493121ba1bc170046a7d0bca30685e,0d90fa028de4926cdc598e08c818c801bafe597f,持卡人消费,土木楼水控,-0.76,122.46,1011,正常
2016/05/27 14:30:26,ae945c8b26493121ba1bc170046a7d0bca30685e,0d90fa028de4926cdc598e08c818c801bafe597f,持卡人消费,土木楼水控,-3.0,119.46,1012,正常
2016/05/27 14:30:37,ae945c8b26493121ba1bc170046a7d0bca30685e,0d90fa028de4926cdc598e08c818c801bafe597f,持卡人消费,土木楼水控,-3.0,116.46,1013,正常
2016/05/27 14:36:34,ae945c8b26493121ba1bc170046a7d0bca30685e,0d90fa028de4926cdc598e08c818c801bafe597f,持卡人消费,土木楼水控,-0.34,116.12,1015,正常
2016/05/28 13:10:57,ae945c8b26493121ba1bc170046a7d0bca30685e,0d90fa028de4926cdc598e08c818c801bafe597f,持卡人消费,网络中心,-30.0,86.12,1016,正常
2016/05/29 13:52:02,ae945c8b26493121ba1bc170046a7d0bca30685e,0d90fa028de4926cdc598e08c818c801bafe597f,持卡人消费,土木楼水控,-3.0,83.12,1017,正常
2016/05/29 13:52:29,ae945c8b26493121ba1bc170046a7d0bca30685e,0d90fa028de4926cdc598e08c818c801bafe597f,持卡人消费,土木楼水控,-0.05,83.07,1019,正常
2016/05/29 14:01:58,ae945c8b26493121ba1bc170046a7d0bca30685e,0d90fa028de4926cdc598e08c818c801bafe597f,持卡人消费,土木楼水控,-1.62,81.45,1021,正常
2016/05/29 17:46:55,ae945c8b26493121ba1bc170046a7d0bca30685e,0d90fa028de4926cdc598e08c818c801bafe597f,持卡人消费,学苑楼商务网关,-6.0,75.45,1022,正常
2016/05/31 12:31:13,ae945c8b26493121ba1bc170046a7d0bca30685e,0d90fa028de4926cdc598e08c818c801bafe597f,持卡人消费,硕果园（工大商店）,-7.0,68.45,1023,正常
2016/05/31 18:12:37,ae945c8b26493121ba1bc170046a7d0bca30685e,0d90fa028de4926cdc598e08c818c801bafe597f,持卡人消费,超市商务子系统,-3.0,65.45,1024,正常
