交易发生时间,学号,姓名,交易类型,子系统名称,交易额,现有余额,次数,状态
2016/05/12 22:15:41,a455eb5a889d0ea4c871f079618d2cb8f2dc6fc2,0d9f948a35fc39199c6bb610bf25d00bc8698533,持卡人消费,学子便利店A01后楼,-9.5,106.11,1946,正常
2016/05/12 22:24:43,a455eb5a889d0ea4c871f079618d2cb8f2dc6fc2,0d9f948a35fc39199c6bb610bf25d00bc8698533,持卡人消费,网络中心,-30.0,76.11,1947,正常
2016/05/13 17:45:52,a455eb5a889d0ea4c871f079618d2cb8f2dc6fc2,0d9f948a35fc39199c6bb610bf25d00bc8698533,持卡人消费,学子便利店A01后楼,-2.8,73.31,1948,正常
2016/05/13 21:49:55,a455eb5a889d0ea4c871f079618d2cb8f2dc6fc2,0d9f948a35fc39199c6bb610bf25d00bc8698533,持卡人消费,学子便利店A01后楼,-6.9,66.41,1949,正常
2016/05/14 08:35:34,a455eb5a889d0ea4c871f079618d2cb8f2dc6fc2,0d9f948a35fc39199c6bb610bf25d00bc8698533,持卡人消费,学子便利店A01后楼,-8.1,58.31,1950,正常
2016/05/14 12:28:25,a455eb5a889d0ea4c871f079618d2cb8f2dc6fc2,0d9f948a35fc39199c6bb610bf25d00bc8698533,持卡人消费,15公寓浴池,-2.0,56.31,1951,正常
2016/05/14 12:33:37,a455eb5a889d0ea4c871f079618d2cb8f2dc6fc2,0d9f948a35fc39199c6bb610bf25d00bc8698533,持卡人消费,15公寓浴池,-0.98,55.33,1953,正常
2016/05/15 22:21:44,a455eb5a889d0ea4c871f079618d2cb8f2dc6fc2,0d9f948a35fc39199c6bb610bf25d00bc8698533,持卡人消费,学子便利店A01后楼,-10.9,44.43,1954,正常
2016/05/17 17:49:56,a455eb5a889d0ea4c871f079618d2cb8f2dc6fc2,0d9f948a35fc39199c6bb610bf25d00bc8698533,持卡人消费,学子便利店A01后楼,-3.5,40.93,1955,正常
2016/05/18 12:31:49,a455eb5a889d0ea4c871f079618d2cb8f2dc6fc2,0d9f948a35fc39199c6bb610bf25d00bc8698533,持卡人消费,学子便利店A01后楼,-2.8,38.13,1956,正常
2016/05/19 21:57:59,a455eb5a889d0ea4c871f079618d2cb8f2dc6fc2,0d9f948a35fc39199c6bb610bf25d00bc8698533,持卡人消费,学子便利店A01后楼,-5.9,32.23,1957,正常
2016/05/20 13:58:49,a455eb5a889d0ea4c871f079618d2cb8f2dc6fc2,0d9f948a35fc39199c6bb610bf25d00bc8698533,持卡人消费,15公寓浴池,-0.02,32.21,1959,正常
2016/05/20 14:09:17,a455eb5a889d0ea4c871f079618d2cb8f2dc6fc2,0d9f948a35fc39199c6bb610bf25d00bc8698533,持卡人消费,15公寓浴池,-2.0,30.21,1960,正常
2016/05/20 14:10:49,a455eb5a889d0ea4c871f079618d2cb8f2dc6fc2,0d9f948a35fc39199c6bb610bf25d00bc8698533,持卡人消费,15公寓浴池,-0.27,29.94,1962,正常
2016/05/22 09:05:26,a455eb5a889d0ea4c871f079618d2cb8f2dc6fc2,0d9f948a35fc39199c6bb610bf25d00bc8698533,持卡人消费,学子便利店A01后楼,-2.8,27.14,1963,正常
2016/05/22 12:29:18,a455eb5a889d0ea4c871f079618d2cb8f2dc6fc2,0d9f948a35fc39199c6bb610bf25d00bc8698533,存款,现金充值机,100.0,127.14,1964,正常
2016/05/23 22:04:59,a455eb5a889d0ea4c871f079618d2cb8f2dc6fc2,0d9f948a35fc39199c6bb610bf25d00bc8698533,持卡人消费,学子便利店A01后楼,-11.9,115.24,1965,正常
2016/05/24 10:45:55,a455eb5a889d0ea4c871f079618d2cb8f2dc6fc2,0d9f948a35fc39199c6bb610bf25d00bc8698533,持卡人消费,学子便利店A01后楼,-14.7,100.54,1966,正常
2016/05/25 17:52:44,a455eb5a889d0ea4c871f079618d2cb8f2dc6fc2,0d9f948a35fc39199c6bb610bf25d00bc8698533,持卡人消费,15公寓浴池,-2.0,98.54,1967,正常
2016/05/25 17:56:57,a455eb5a889d0ea4c871f079618d2cb8f2dc6fc2,0d9f948a35fc39199c6bb610bf25d00bc8698533,持卡人消费,15公寓浴池,-0.8,97.74,1969,正常
2016/05/25 21:53:26,a455eb5a889d0ea4c871f079618d2cb8f2dc6fc2,0d9f948a35fc39199c6bb610bf25d00bc8698533,持卡人消费,学子便利店A01后楼,-2.8,94.94,1970,正常
2016/05/27 12:26:52,a455eb5a889d0ea4c871f079618d2cb8f2dc6fc2,0d9f948a35fc39199c6bb610bf25d00bc8698533,持卡人消费,学子便利店A01后楼,-2.8,92.14,1971,正常
2016/05/29 11:11:44,a455eb5a889d0ea4c871f079618d2cb8f2dc6fc2,0d9f948a35fc39199c6bb610bf25d00bc8698533,持卡人消费,学子便利店A01后楼,-2.8,89.34,1972,正常
2016/05/31 21:46:02,a455eb5a889d0ea4c871f079618d2cb8f2dc6fc2,0d9f948a35fc39199c6bb610bf25d00bc8698533,持卡人消费,学子便利店A01后楼,-2.0,87.34,1973,正常
