交易发生时间,学号,姓名,交易类型,子系统名称,交易额,现有余额,次数,状态
2016/05/05 07:57:29,e4e56d8d1baf1f936cace5e55c18c9c64a953f3a,0dec6058446c3a06d32e17cc81f4a97147f5fc4a,存款,现金充值机,200.0,201.09,3190,正常
2016/05/05 08:19:14,e4e56d8d1baf1f936cace5e55c18c9c64a953f3a,0dec6058446c3a06d32e17cc81f4a97147f5fc4a,持卡人消费,学苑楼商务网关,-1.8,199.29,3191,正常
2016/05/05 18:11:00,e4e56d8d1baf1f936cace5e55c18c9c64a953f3a,0dec6058446c3a06d32e17cc81f4a97147f5fc4a,持卡人消费,学苑楼商务网关,-7.0,192.29,3192,正常
2016/05/05 18:28:08,e4e56d8d1baf1f936cace5e55c18c9c64a953f3a,0dec6058446c3a06d32e17cc81f4a97147f5fc4a,持卡人消费,硕果园（工大商店）,-7.0,185.29,3193,正常
2016/05/06 09:00:01,e4e56d8d1baf1f936cace5e55c18c9c64a953f3a,0dec6058446c3a06d32e17cc81f4a97147f5fc4a,持卡人消费,学士楼商务网关,-3.3,181.99,3194,正常
2016/05/07 08:24:55,e4e56d8d1baf1f936cace5e55c18c9c64a953f3a,0dec6058446c3a06d32e17cc81f4a97147f5fc4a,持卡人消费,学士楼商务网关,-1.9,180.09,3195,正常
2016/05/07 12:18:57,e4e56d8d1baf1f936cace5e55c18c9c64a953f3a,0dec6058446c3a06d32e17cc81f4a97147f5fc4a,持卡人消费,学苑楼商务网关,-7.0,173.09,3196,正常
2016/05/07 12:41:05,e4e56d8d1baf1f936cace5e55c18c9c64a953f3a,0dec6058446c3a06d32e17cc81f4a97147f5fc4a,持卡人消费,硕果园（工大商店）,-5.0,168.09,3197,正常
2016/05/07 17:47:48,e4e56d8d1baf1f936cace5e55c18c9c64a953f3a,0dec6058446c3a06d32e17cc81f4a97147f5fc4a,持卡人消费,学士楼商务网关,-7.1,160.99,3198,正常
2016/05/07 18:05:05,e4e56d8d1baf1f936cace5e55c18c9c64a953f3a,0dec6058446c3a06d32e17cc81f4a97147f5fc4a,持卡人消费,超市商务子系统,-9.4,151.59,3199,正常
2016/05/08 12:39:04,e4e56d8d1baf1f936cace5e55c18c9c64a953f3a,0dec6058446c3a06d32e17cc81f4a97147f5fc4a,持卡人消费,硕果园（工大商店）,-8.0,143.59,3200,正常
2016/05/09 12:18:55,e4e56d8d1baf1f936cace5e55c18c9c64a953f3a,0dec6058446c3a06d32e17cc81f4a97147f5fc4a,持卡人消费,学苑楼商务网关,-9.0,134.59,3201,正常
2016/05/09 17:43:55,e4e56d8d1baf1f936cace5e55c18c9c64a953f3a,0dec6058446c3a06d32e17cc81f4a97147f5fc4a,持卡人消费,学士楼商务网关,-6.5,128.09,3202,正常
2016/05/09 20:06:23,e4e56d8d1baf1f936cace5e55c18c9c64a953f3a,0dec6058446c3a06d32e17cc81f4a97147f5fc4a,持卡人消费,一校区水控新,-2.0,126.09,3203,正常
2016/05/09 20:18:36,e4e56d8d1baf1f936cace5e55c18c9c64a953f3a,0dec6058446c3a06d32e17cc81f4a97147f5fc4a,持卡人消费,一校区水控新,-1.84,124.25,3205,正常
2016/05/10 08:30:34,e4e56d8d1baf1f936cace5e55c18c9c64a953f3a,0dec6058446c3a06d32e17cc81f4a97147f5fc4a,持卡人消费,学士楼商务网关,-1.9,122.35,3206,正常
2016/05/10 11:40:58,e4e56d8d1baf1f936cace5e55c18c9c64a953f3a,0dec6058446c3a06d32e17cc81f4a97147f5fc4a,持卡人消费,学苑楼商务网关,-10.0,112.35,3207,正常
2016/05/10 11:42:11,e4e56d8d1baf1f936cace5e55c18c9c64a953f3a,0dec6058446c3a06d32e17cc81f4a97147f5fc4a,持卡人消费,学苑楼商务网关,-0.6,111.75,3208,正常
2016/05/10 17:32:01,e4e56d8d1baf1f936cace5e55c18c9c64a953f3a,0dec6058446c3a06d32e17cc81f4a97147f5fc4a,持卡人消费,学士楼商务网关,-6.2,105.55,3209,正常
2016/05/11 08:41:40,e4e56d8d1baf1f936cace5e55c18c9c64a953f3a,0dec6058446c3a06d32e17cc81f4a97147f5fc4a,持卡人消费,学士楼商务网关,-3.5,102.05,3210,正常
2016/05/11 12:04:55,e4e56d8d1baf1f936cace5e55c18c9c64a953f3a,0dec6058446c3a06d32e17cc81f4a97147f5fc4a,持卡人消费,学苑楼商务网关,-7.0,95.05,3211,正常
2016/05/11 12:26:10,e4e56d8d1baf1f936cace5e55c18c9c64a953f3a,0dec6058446c3a06d32e17cc81f4a97147f5fc4a,持卡人消费,硕果园（工大商店）,-5.0,90.05,3212,正常
2016/05/12 12:10:09,e4e56d8d1baf1f936cace5e55c18c9c64a953f3a,0dec6058446c3a06d32e17cc81f4a97147f5fc4a,持卡人消费,学苑楼商务网关,-7.0,83.05,3213,正常
2016/05/13 08:07:23,e4e56d8d1baf1f936cace5e55c18c9c64a953f3a,0dec6058446c3a06d32e17cc81f4a97147f5fc4a,持卡人消费,学士楼商务网关,-1.3,81.75,3214,正常
2016/05/13 11:59:25,e4e56d8d1baf1f936cace5e55c18c9c64a953f3a,0dec6058446c3a06d32e17cc81f4a97147f5fc4a,持卡人消费,学苑楼商务网关,-7.0,74.75,3215,正常
2016/05/14 09:03:47,e4e56d8d1baf1f936cace5e55c18c9c64a953f3a,0dec6058446c3a06d32e17cc81f4a97147f5fc4a,持卡人消费,学士楼商务网关,-1.3,73.45,3216,正常
2016/05/14 12:11:36,e4e56d8d1baf1f936cace5e55c18c9c64a953f3a,0dec6058446c3a06d32e17cc81f4a97147f5fc4a,持卡人消费,学苑楼商务网关,-7.0,66.45,3217,正常
2016/05/14 12:30:05,e4e56d8d1baf1f936cace5e55c18c9c64a953f3a,0dec6058446c3a06d32e17cc81f4a97147f5fc4a,持卡人消费,硕果园（工大商店）,-2.0,64.45,3218,正常
2016/05/15 11:47:40,e4e56d8d1baf1f936cace5e55c18c9c64a953f3a,0dec6058446c3a06d32e17cc81f4a97147f5fc4a,持卡人消费,学苑楼商务网关,-9.0,55.45,3219,正常
2016/05/15 18:10:25,e4e56d8d1baf1f936cace5e55c18c9c64a953f3a,0dec6058446c3a06d32e17cc81f4a97147f5fc4a,持卡人消费,学苑楼商务网关,-8.0,47.45,3220,正常
2016/05/16 12:12:29,e4e56d8d1baf1f936cace5e55c18c9c64a953f3a,0dec6058446c3a06d32e17cc81f4a97147f5fc4a,持卡人消费,学苑楼商务网关,-8.8,38.65,3221,正常
2016/05/16 17:41:12,e4e56d8d1baf1f936cace5e55c18c9c64a953f3a,0dec6058446c3a06d32e17cc81f4a97147f5fc4a,持卡人消费,学士楼商务网关,-5.7,32.95,3222,正常
2016/05/17 08:09:10,e4e56d8d1baf1f936cace5e55c18c9c64a953f3a,0dec6058446c3a06d32e17cc81f4a97147f5fc4a,持卡人消费,学士楼商务网关,-2.6,30.35,3223,正常
2016/05/17 12:08:17,e4e56d8d1baf1f936cace5e55c18c9c64a953f3a,0dec6058446c3a06d32e17cc81f4a97147f5fc4a,持卡人消费,学苑楼商务网关,-7.0,23.35,3224,正常
2016/05/17 17:37:00,e4e56d8d1baf1f936cace5e55c18c9c64a953f3a,0dec6058446c3a06d32e17cc81f4a97147f5fc4a,持卡人消费,学苑楼商务网关,-7.0,16.35,3225,正常
2016/05/17 17:59:10,e4e56d8d1baf1f936cace5e55c18c9c64a953f3a,0dec6058446c3a06d32e17cc81f4a97147f5fc4a,持卡人消费,超市商务子系统,-0.9,15.45,3226,正常
2016/05/18 08:34:05,e4e56d8d1baf1f936cace5e55c18c9c64a953f3a,0dec6058446c3a06d32e17cc81f4a97147f5fc4a,持卡人消费,学士楼商务网关,-2.1,13.35,3227,正常
2016/05/18 11:48:49,e4e56d8d1baf1f936cace5e55c18c9c64a953f3a,0dec6058446c3a06d32e17cc81f4a97147f5fc4a,存款,现金充值机,50.0,63.35,3228,正常
2016/05/18 12:11:46,e4e56d8d1baf1f936cace5e55c18c9c64a953f3a,0dec6058446c3a06d32e17cc81f4a97147f5fc4a,持卡人消费,学苑楼商务网关,-7.0,56.35,3229,正常
2016/05/18 17:14:44,e4e56d8d1baf1f936cace5e55c18c9c64a953f3a,0dec6058446c3a06d32e17cc81f4a97147f5fc4a,持卡人消费,一校区水控新,-2.0,54.35,3230,正常
2016/05/18 17:21:31,e4e56d8d1baf1f936cace5e55c18c9c64a953f3a,0dec6058446c3a06d32e17cc81f4a97147f5fc4a,持卡人消费,一校区水控新,-1.1,53.25,3232,正常
2016/05/19 12:12:14,e4e56d8d1baf1f936cace5e55c18c9c64a953f3a,0dec6058446c3a06d32e17cc81f4a97147f5fc4a,持卡人消费,学苑楼商务网关,-9.0,44.25,3233,正常
2016/05/20 08:20:35,e4e56d8d1baf1f936cace5e55c18c9c64a953f3a,0dec6058446c3a06d32e17cc81f4a97147f5fc4a,持卡人消费,学士楼商务网关,-1.6,42.65,3234,正常
2016/05/20 11:35:18,e4e56d8d1baf1f936cace5e55c18c9c64a953f3a,0dec6058446c3a06d32e17cc81f4a97147f5fc4a,持卡人消费,学苑楼商务网关,-9.0,33.65,3235,正常
2016/05/21 11:31:01,e4e56d8d1baf1f936cace5e55c18c9c64a953f3a,0dec6058446c3a06d32e17cc81f4a97147f5fc4a,持卡人消费,学苑楼商务网关,-7.0,26.65,3236,正常
2016/05/27 11:51:06,e4e56d8d1baf1f936cace5e55c18c9c64a953f3a,0dec6058446c3a06d32e17cc81f4a97147f5fc4a,持卡人消费,学苑楼商务网关,-7.0,19.65,3237,正常
2016/05/27 12:14:35,e4e56d8d1baf1f936cace5e55c18c9c64a953f3a,0dec6058446c3a06d32e17cc81f4a97147f5fc4a,持卡人消费,硕果园（工大商店）,-5.0,14.65,3238,正常
2016/05/28 08:37:36,e4e56d8d1baf1f936cace5e55c18c9c64a953f3a,0dec6058446c3a06d32e17cc81f4a97147f5fc4a,持卡人消费,学士楼商务网关,-3.3,11.35,3239,正常
2016/05/28 12:02:13,e4e56d8d1baf1f936cace5e55c18c9c64a953f3a,0dec6058446c3a06d32e17cc81f4a97147f5fc4a,持卡人消费,学苑楼商务网关,-7.0,4.35,3240,正常
2016/05/28 17:46:28,e4e56d8d1baf1f936cace5e55c18c9c64a953f3a,0dec6058446c3a06d32e17cc81f4a97147f5fc4a,存款,现金充值机,50.0,54.35,3241,正常
2016/05/28 18:09:03,e4e56d8d1baf1f936cace5e55c18c9c64a953f3a,0dec6058446c3a06d32e17cc81f4a97147f5fc4a,持卡人消费,学苑楼商务网关,-9.0,45.35,3242,正常
2016/05/29 11:52:08,e4e56d8d1baf1f936cace5e55c18c9c64a953f3a,0dec6058446c3a06d32e17cc81f4a97147f5fc4a,持卡人消费,学苑楼商务网关,-9.0,36.35,3243,正常
2016/05/29 12:08:58,e4e56d8d1baf1f936cace5e55c18c9c64a953f3a,0dec6058446c3a06d32e17cc81f4a97147f5fc4a,持卡人消费,硕果园（工大商店）,-5.0,31.35,3244,正常
2016/05/30 12:13:16,e4e56d8d1baf1f936cace5e55c18c9c64a953f3a,0dec6058446c3a06d32e17cc81f4a97147f5fc4a,持卡人消费,学苑楼商务网关,-8.0,23.35,3245,正常
2016/05/30 20:32:14,e4e56d8d1baf1f936cace5e55c18c9c64a953f3a,0dec6058446c3a06d32e17cc81f4a97147f5fc4a,持卡人消费,超市商务子系统,-3.8,19.55,3246,正常
2016/05/31 12:06:02,e4e56d8d1baf1f936cace5e55c18c9c64a953f3a,0dec6058446c3a06d32e17cc81f4a97147f5fc4a,持卡人消费,学苑楼商务网关,-9.0,10.55,3247,正常
