交易发生时间,学号,姓名,交易类型,子系统名称,交易额,现有余额,次数,状态
2016/05/02 00:06:09,f2df4c9ab6be51fda2e3e91fb2d67ba67e2fe41b,0e38cdf8de9089793e23c732c11402e262ed7215,持卡人消费,网络中心,-30.0,54.90,3158,正常
2016/05/02 21:05:27,f2df4c9ab6be51fda2e3e91fb2d67ba67e2fe41b,0e38cdf8de9089793e23c732c11402e262ed7215,持卡人消费,超市商务子系统,-16.4,38.50,3159,正常
2016/05/02 21:06:31,f2df4c9ab6be51fda2e3e91fb2d67ba67e2fe41b,0e38cdf8de9089793e23c732c11402e262ed7215,持卡人消费,超市商务子系统,-7.2,31.30,3160,正常
2016/05/03 11:03:49,f2df4c9ab6be51fda2e3e91fb2d67ba67e2fe41b,0e38cdf8de9089793e23c732c11402e262ed7215,持卡人消费,硕果园（工大商店）,-19.6,11.70,3161,正常
2016/05/04 17:31:31,f2df4c9ab6be51fda2e3e91fb2d67ba67e2fe41b,0e38cdf8de9089793e23c732c11402e262ed7215,持卡人消费,一校区水控新,-1.44,10.26,3163,正常
2016/05/04 17:38:08,f2df4c9ab6be51fda2e3e91fb2d67ba67e2fe41b,0e38cdf8de9089793e23c732c11402e262ed7215,持卡人消费,一校区水控新,-1.12,9.14,3165,正常
2016/05/05 07:42:25,f2df4c9ab6be51fda2e3e91fb2d67ba67e2fe41b,0e38cdf8de9089793e23c732c11402e262ed7215,持卡人消费,学士楼商务网关,-4.2,4.94,3166,正常
2016/05/07 16:11:21,f2df4c9ab6be51fda2e3e91fb2d67ba67e2fe41b,0e38cdf8de9089793e23c732c11402e262ed7215,存款,现金充值机,200.0,204.94,3167,正常
2016/05/07 16:37:27,f2df4c9ab6be51fda2e3e91fb2d67ba67e2fe41b,0e38cdf8de9089793e23c732c11402e262ed7215,持卡人消费,A7,-3.0,201.94,3168,正常
2016/05/07 18:21:37,f2df4c9ab6be51fda2e3e91fb2d67ba67e2fe41b,0e38cdf8de9089793e23c732c11402e262ed7215,持卡人消费,硕果园（工大商店）,-12.0,189.94,3169,正常
2016/05/07 18:30:28,f2df4c9ab6be51fda2e3e91fb2d67ba67e2fe41b,0e38cdf8de9089793e23c732c11402e262ed7215,持卡人消费,硕果园（工大商店）,-3.0,186.94,3170,正常
2016/05/07 21:18:06,f2df4c9ab6be51fda2e3e91fb2d67ba67e2fe41b,0e38cdf8de9089793e23c732c11402e262ed7215,持卡人消费,超市商务子系统,-6.8,180.14,3171,正常
2016/05/08 15:06:33,f2df4c9ab6be51fda2e3e91fb2d67ba67e2fe41b,0e38cdf8de9089793e23c732c11402e262ed7215,持卡人消费,超市商务子系统,-5.0,175.14,3172,正常
2016/05/09 11:04:19,f2df4c9ab6be51fda2e3e91fb2d67ba67e2fe41b,0e38cdf8de9089793e23c732c11402e262ed7215,持卡人消费,南苑网关,-0.2,174.94,3173,正常
2016/05/09 11:04:44,f2df4c9ab6be51fda2e3e91fb2d67ba67e2fe41b,0e38cdf8de9089793e23c732c11402e262ed7215,持卡人消费,南苑网关,-10.56,164.38,3174,正常
2016/05/09 16:46:44,f2df4c9ab6be51fda2e3e91fb2d67ba67e2fe41b,0e38cdf8de9089793e23c732c11402e262ed7215,持卡人消费,硕果园（工大商店）,-12.0,152.38,3175,正常
2016/05/10 20:36:40,f2df4c9ab6be51fda2e3e91fb2d67ba67e2fe41b,0e38cdf8de9089793e23c732c11402e262ed7215,持卡人消费,超市商务子系统,-17.5,134.88,3176,正常
2016/05/10 20:37:28,f2df4c9ab6be51fda2e3e91fb2d67ba67e2fe41b,0e38cdf8de9089793e23c732c11402e262ed7215,持卡人消费,超市商务子系统,-5.0,129.88,3177,正常
2016/05/11 15:42:12,f2df4c9ab6be51fda2e3e91fb2d67ba67e2fe41b,0e38cdf8de9089793e23c732c11402e262ed7215,持卡人消费,一校区水控新,-0.1,129.78,3179,正常
2016/05/11 15:42:27,f2df4c9ab6be51fda2e3e91fb2d67ba67e2fe41b,0e38cdf8de9089793e23c732c11402e262ed7215,持卡人消费,一校区水控新,-0.01,129.77,3180,正常
2016/05/11 15:52:55,f2df4c9ab6be51fda2e3e91fb2d67ba67e2fe41b,0e38cdf8de9089793e23c732c11402e262ed7215,持卡人消费,一校区水控新,-2.0,127.77,3181,正常
2016/05/11 15:55:34,f2df4c9ab6be51fda2e3e91fb2d67ba67e2fe41b,0e38cdf8de9089793e23c732c11402e262ed7215,持卡人消费,一校区水控新,-0.5,127.27,3183,正常
2016/05/11 15:56:17,f2df4c9ab6be51fda2e3e91fb2d67ba67e2fe41b,0e38cdf8de9089793e23c732c11402e262ed7215,持卡人消费,一校区水控新,-0.05,127.22,3185,正常
2016/05/11 19:36:38,f2df4c9ab6be51fda2e3e91fb2d67ba67e2fe41b,0e38cdf8de9089793e23c732c11402e262ed7215,持卡人消费,超市商务子系统,-6.3,120.92,3186,正常
2016/05/12 11:07:28,f2df4c9ab6be51fda2e3e91fb2d67ba67e2fe41b,0e38cdf8de9089793e23c732c11402e262ed7215,持卡人消费,南苑网关,-13.68,107.24,3187,正常
2016/05/12 17:08:44,f2df4c9ab6be51fda2e3e91fb2d67ba67e2fe41b,0e38cdf8de9089793e23c732c11402e262ed7215,持卡人消费,南苑网关,-14.88,92.36,3188,正常
2016/05/15 20:19:59,f2df4c9ab6be51fda2e3e91fb2d67ba67e2fe41b,0e38cdf8de9089793e23c732c11402e262ed7215,持卡人消费,一校区水控新,-2.0,90.36,3189,正常
2016/05/15 20:28:39,f2df4c9ab6be51fda2e3e91fb2d67ba67e2fe41b,0e38cdf8de9089793e23c732c11402e262ed7215,持卡人消费,一校区水控新,-1.64,88.72,3190,正常
2016/05/17 16:38:59,f2df4c9ab6be51fda2e3e91fb2d67ba67e2fe41b,0e38cdf8de9089793e23c732c11402e262ed7215,持卡人消费,硕果园（工大商店）,-2.5,86.22,3191,正常
2016/05/17 20:30:36,f2df4c9ab6be51fda2e3e91fb2d67ba67e2fe41b,0e38cdf8de9089793e23c732c11402e262ed7215,持卡人消费,超市商务子系统,-4.0,82.22,3192,正常
2016/05/17 20:33:00,f2df4c9ab6be51fda2e3e91fb2d67ba67e2fe41b,0e38cdf8de9089793e23c732c11402e262ed7215,持卡人消费,超市商务子系统,-10.9,71.32,3193,正常
2016/05/18 19:26:50,f2df4c9ab6be51fda2e3e91fb2d67ba67e2fe41b,0e38cdf8de9089793e23c732c11402e262ed7215,持卡人消费,硕果园（工大商店）,-13.5,57.82,3194,正常
2016/05/18 19:27:33,f2df4c9ab6be51fda2e3e91fb2d67ba67e2fe41b,0e38cdf8de9089793e23c732c11402e262ed7215,持卡人消费,硕果园（工大商店）,-11.0,46.82,3195,正常
2016/05/18 20:30:45,f2df4c9ab6be51fda2e3e91fb2d67ba67e2fe41b,0e38cdf8de9089793e23c732c11402e262ed7215,持卡人消费,一校区水控新,-2.0,44.82,3196,正常
2016/05/18 20:31:08,f2df4c9ab6be51fda2e3e91fb2d67ba67e2fe41b,0e38cdf8de9089793e23c732c11402e262ed7215,持卡人消费,一校区水控新,-0.06,44.76,3198,正常
2016/05/19 07:56:43,f2df4c9ab6be51fda2e3e91fb2d67ba67e2fe41b,0e38cdf8de9089793e23c732c11402e262ed7215,持卡人消费,A7,-3.0,41.76,3199,正常
2016/05/21 19:38:20,f2df4c9ab6be51fda2e3e91fb2d67ba67e2fe41b,0e38cdf8de9089793e23c732c11402e262ed7215,持卡人消费,硕果园（工大商店）,-10.0,31.76,3200,正常
2016/05/22 15:31:23,f2df4c9ab6be51fda2e3e91fb2d67ba67e2fe41b,0e38cdf8de9089793e23c732c11402e262ed7215,持卡人消费,超市商务子系统,-5.0,26.76,3201,正常
2016/05/23 10:59:25,f2df4c9ab6be51fda2e3e91fb2d67ba67e2fe41b,0e38cdf8de9089793e23c732c11402e262ed7215,持卡人消费,南苑网关,-6.96,19.80,3202,正常
2016/05/23 18:29:03,f2df4c9ab6be51fda2e3e91fb2d67ba67e2fe41b,0e38cdf8de9089793e23c732c11402e262ed7215,持卡人消费,一校区水控新,-2.0,17.80,3203,正常
2016/05/23 18:29:54,f2df4c9ab6be51fda2e3e91fb2d67ba67e2fe41b,0e38cdf8de9089793e23c732c11402e262ed7215,持卡人消费,一校区水控新,-0.14,17.66,3205,正常
2016/05/23 18:30:18,f2df4c9ab6be51fda2e3e91fb2d67ba67e2fe41b,0e38cdf8de9089793e23c732c11402e262ed7215,持卡人消费,一校区水控新,-0.05,17.61,3207,正常
2016/05/23 19:31:04,f2df4c9ab6be51fda2e3e91fb2d67ba67e2fe41b,0e38cdf8de9089793e23c732c11402e262ed7215,持卡人消费,超市商务子系统,-2.8,14.81,3208,正常
2016/05/24 09:24:34,f2df4c9ab6be51fda2e3e91fb2d67ba67e2fe41b,0e38cdf8de9089793e23c732c11402e262ed7215,持卡人消费,超市商务子系统,-10.4,4.41,3209,正常
2016/05/24 13:47:54,f2df4c9ab6be51fda2e3e91fb2d67ba67e2fe41b,0e38cdf8de9089793e23c732c11402e262ed7215,存款,现金充值机,200.0,204.41,3210,正常
2016/05/24 14:10:55,f2df4c9ab6be51fda2e3e91fb2d67ba67e2fe41b,0e38cdf8de9089793e23c732c11402e262ed7215,持卡人消费,超市商务子系统,-2.8,201.61,3211,正常
2016/05/25 12:50:41,f2df4c9ab6be51fda2e3e91fb2d67ba67e2fe41b,0e38cdf8de9089793e23c732c11402e262ed7215,持卡人消费,硕果园（工大商店）,-16.2,185.41,3212,正常
2016/05/25 12:57:09,f2df4c9ab6be51fda2e3e91fb2d67ba67e2fe41b,0e38cdf8de9089793e23c732c11402e262ed7215,持卡人消费,硕果园（工大商店）,-3.0,182.41,3213,正常
2016/05/25 16:01:00,f2df4c9ab6be51fda2e3e91fb2d67ba67e2fe41b,0e38cdf8de9089793e23c732c11402e262ed7215,持卡人消费,一校区水控新,-2.0,180.41,3214,正常
2016/05/25 16:09:45,f2df4c9ab6be51fda2e3e91fb2d67ba67e2fe41b,0e38cdf8de9089793e23c732c11402e262ed7215,持卡人消费,一校区水控新,-1.68,178.73,3216,正常
2016/05/25 19:46:14,f2df4c9ab6be51fda2e3e91fb2d67ba67e2fe41b,0e38cdf8de9089793e23c732c11402e262ed7215,持卡人消费,超市商务子系统,-15.6,163.13,3217,正常
2016/05/26 13:28:50,f2df4c9ab6be51fda2e3e91fb2d67ba67e2fe41b,0e38cdf8de9089793e23c732c11402e262ed7215,持卡人消费,超市商务子系统,-5.0,158.13,3218,正常
2016/05/26 19:39:47,f2df4c9ab6be51fda2e3e91fb2d67ba67e2fe41b,0e38cdf8de9089793e23c732c11402e262ed7215,持卡人消费,硕果园（工大商店）,-16.0,142.13,3219,正常
2016/05/27 15:34:18,f2df4c9ab6be51fda2e3e91fb2d67ba67e2fe41b,0e38cdf8de9089793e23c732c11402e262ed7215,持卡人消费,超市商务子系统,-12.9,129.23,3220,正常
2016/05/27 19:33:50,f2df4c9ab6be51fda2e3e91fb2d67ba67e2fe41b,0e38cdf8de9089793e23c732c11402e262ed7215,持卡人消费,硕果园（工大商店）,-14.0,115.23,3221,正常
2016/05/27 19:38:47,f2df4c9ab6be51fda2e3e91fb2d67ba67e2fe41b,0e38cdf8de9089793e23c732c11402e262ed7215,持卡人消费,硕果园（工大商店）,-3.0,112.23,3222,正常
2016/05/28 13:05:22,f2df4c9ab6be51fda2e3e91fb2d67ba67e2fe41b,0e38cdf8de9089793e23c732c11402e262ed7215,持卡人消费,一校区水控新,-2.0,110.23,3223,正常
2016/05/28 13:07:23,f2df4c9ab6be51fda2e3e91fb2d67ba67e2fe41b,0e38cdf8de9089793e23c732c11402e262ed7215,持卡人消费,一校区水控新,-0.27,109.96,3224,正常
2016/05/28 20:11:04,f2df4c9ab6be51fda2e3e91fb2d67ba67e2fe41b,0e38cdf8de9089793e23c732c11402e262ed7215,持卡人消费,A7,-3.0,106.96,3225,正常
2016/05/29 19:51:02,f2df4c9ab6be51fda2e3e91fb2d67ba67e2fe41b,0e38cdf8de9089793e23c732c11402e262ed7215,持卡人消费,超市商务子系统,-0.4,106.56,3226,正常
2016/05/30 08:34:26,f2df4c9ab6be51fda2e3e91fb2d67ba67e2fe41b,0e38cdf8de9089793e23c732c11402e262ed7215,持卡人消费,学士楼商务网关,-5.1,101.46,3227,正常
2016/05/30 13:15:00,f2df4c9ab6be51fda2e3e91fb2d67ba67e2fe41b,0e38cdf8de9089793e23c732c11402e262ed7215,持卡人消费,超市商务子系统,-19.1,82.36,3228,正常
2016/05/30 20:22:06,f2df4c9ab6be51fda2e3e91fb2d67ba67e2fe41b,0e38cdf8de9089793e23c732c11402e262ed7215,持卡人消费,超市商务子系统,-5.0,77.36,3229,正常
2016/05/31 08:07:44,f2df4c9ab6be51fda2e3e91fb2d67ba67e2fe41b,0e38cdf8de9089793e23c732c11402e262ed7215,持卡人消费,学士楼商务网关,-4.7,72.66,3230,正常
2016/05/31 11:14:53,f2df4c9ab6be51fda2e3e91fb2d67ba67e2fe41b,0e38cdf8de9089793e23c732c11402e262ed7215,持卡人消费,南苑网关,-12.24,60.42,3231,正常
