交易发生时间,学号,姓名,交易类型,子系统名称,交易额,现有余额,次数,状态
2016/05/01 12:29:22,b352d4cbd825ef167e7d27464a6113346dced1f2,0e6bd7b484afa75023dacb56eb659032edf203c8,持卡人消费,硕果园（工大商店）,-21.3,88.11,3523,正常
2016/05/01 12:31:23,b352d4cbd825ef167e7d27464a6113346dced1f2,0e6bd7b484afa75023dacb56eb659032edf203c8,持卡人消费,硕果园（工大商店）,-9.0,79.11,3524,正常
2016/05/02 12:41:06,b352d4cbd825ef167e7d27464a6113346dced1f2,0e6bd7b484afa75023dacb56eb659032edf203c8,持卡人消费,15公寓浴池,-0.08,79.03,3526,正常
2016/05/02 12:48:50,b352d4cbd825ef167e7d27464a6113346dced1f2,0e6bd7b484afa75023dacb56eb659032edf203c8,持卡人消费,15公寓浴池,-1.47,77.56,3528,正常
2016/05/02 12:53:09,b352d4cbd825ef167e7d27464a6113346dced1f2,0e6bd7b484afa75023dacb56eb659032edf203c8,持卡人消费,15公寓浴池,-0.53,77.03,3530,正常
2016/05/02 17:36:38,b352d4cbd825ef167e7d27464a6113346dced1f2,0e6bd7b484afa75023dacb56eb659032edf203c8,持卡人消费,硕果园（工大商店）,-10.0,67.03,3531,正常
2016/05/04 11:46:23,b352d4cbd825ef167e7d27464a6113346dced1f2,0e6bd7b484afa75023dacb56eb659032edf203c8,持卡人消费,学苑楼商务网关,-6.0,61.03,3532,正常
2016/05/04 11:46:27,b352d4cbd825ef167e7d27464a6113346dced1f2,0e6bd7b484afa75023dacb56eb659032edf203c8,持卡人消费,学苑楼商务网关,-6.0,55.03,3533,正常
2016/05/04 12:03:22,b352d4cbd825ef167e7d27464a6113346dced1f2,0e6bd7b484afa75023dacb56eb659032edf203c8,持卡人消费,学苑楼商务网关,-9.0,46.03,3534,正常
2016/05/04 17:33:05,b352d4cbd825ef167e7d27464a6113346dced1f2,0e6bd7b484afa75023dacb56eb659032edf203c8,持卡人消费,15公寓浴池,-1.86,44.17,3536,正常
2016/05/04 17:37:29,b352d4cbd825ef167e7d27464a6113346dced1f2,0e6bd7b484afa75023dacb56eb659032edf203c8,持卡人消费,15公寓浴池,-0.54,43.63,3538,正常
2016/05/04 18:21:41,b352d4cbd825ef167e7d27464a6113346dced1f2,0e6bd7b484afa75023dacb56eb659032edf203c8,持卡人消费,A15,-3.0,40.63,3539,正常
2016/05/05 11:34:36,b352d4cbd825ef167e7d27464a6113346dced1f2,0e6bd7b484afa75023dacb56eb659032edf203c8,持卡人消费,硕果园（工大商店）,-10.0,30.63,3540,正常
2016/05/05 11:59:11,b352d4cbd825ef167e7d27464a6113346dced1f2,0e6bd7b484afa75023dacb56eb659032edf203c8,持卡人消费,超市商务子系统,-6.0,24.63,3541,正常
2016/05/06 11:47:27,b352d4cbd825ef167e7d27464a6113346dced1f2,0e6bd7b484afa75023dacb56eb659032edf203c8,持卡人消费,超市商务子系统,-14.0,10.63,3542,正常
2016/05/06 12:27:39,b352d4cbd825ef167e7d27464a6113346dced1f2,0e6bd7b484afa75023dacb56eb659032edf203c8,持卡人消费,四食堂商务网关,-7.0,3.63,3543,正常
2016/05/07 12:36:43,b352d4cbd825ef167e7d27464a6113346dced1f2,0e6bd7b484afa75023dacb56eb659032edf203c8,存款,现金充值机,100.0,103.63,3544,正常
2016/05/07 15:14:55,b352d4cbd825ef167e7d27464a6113346dced1f2,0e6bd7b484afa75023dacb56eb659032edf203c8,持卡人消费,15公寓浴池,-1.36,102.27,3546,正常
2016/05/07 15:22:23,b352d4cbd825ef167e7d27464a6113346dced1f2,0e6bd7b484afa75023dacb56eb659032edf203c8,持卡人消费,15公寓浴池,-0.86,101.41,3548,正常
2016/05/07 18:14:58,b352d4cbd825ef167e7d27464a6113346dced1f2,0e6bd7b484afa75023dacb56eb659032edf203c8,持卡人消费,超市商务子系统,-46.0,55.41,3549,正常
2016/05/07 18:15:42,b352d4cbd825ef167e7d27464a6113346dced1f2,0e6bd7b484afa75023dacb56eb659032edf203c8,持卡人消费,超市商务子系统,-3.0,52.41,3550,正常
2016/05/08 13:25:01,b352d4cbd825ef167e7d27464a6113346dced1f2,0e6bd7b484afa75023dacb56eb659032edf203c8,持卡人消费,网络中心,-30.0,22.41,3551,正常
2016/05/09 15:16:08,b352d4cbd825ef167e7d27464a6113346dced1f2,0e6bd7b484afa75023dacb56eb659032edf203c8,持卡人消费,15公寓浴池,-0.19,22.22,3553,正常
2016/05/09 15:25:31,b352d4cbd825ef167e7d27464a6113346dced1f2,0e6bd7b484afa75023dacb56eb659032edf203c8,持卡人消费,15公寓浴池,-1.68,20.54,3555,正常
2016/05/09 15:30:49,b352d4cbd825ef167e7d27464a6113346dced1f2,0e6bd7b484afa75023dacb56eb659032edf203c8,持卡人消费,15公寓浴池,-0.66,19.88,3557,正常
2016/05/09 17:36:42,b352d4cbd825ef167e7d27464a6113346dced1f2,0e6bd7b484afa75023dacb56eb659032edf203c8,持卡人消费,超市商务子系统,-19.4,0.48,3558,正常
2016/05/11 17:24:01,b352d4cbd825ef167e7d27464a6113346dced1f2,0e6bd7b484afa75023dacb56eb659032edf203c8,存款,现金充值机,100.0,100.48,3559,正常
2016/05/11 17:51:05,b352d4cbd825ef167e7d27464a6113346dced1f2,0e6bd7b484afa75023dacb56eb659032edf203c8,持卡人消费,超市商务子系统,-10.0,90.48,3560,正常
2016/05/11 17:51:49,b352d4cbd825ef167e7d27464a6113346dced1f2,0e6bd7b484afa75023dacb56eb659032edf203c8,持卡人消费,超市商务子系统,-8.0,82.48,3561,正常
2016/05/13 12:47:45,b352d4cbd825ef167e7d27464a6113346dced1f2,0e6bd7b484afa75023dacb56eb659032edf203c8,持卡人消费,硕果园（工大商店）,-12.0,70.48,3562,正常
2016/05/13 13:17:12,b352d4cbd825ef167e7d27464a6113346dced1f2,0e6bd7b484afa75023dacb56eb659032edf203c8,持卡人消费,超市商务子系统,-16.8,53.68,3563,正常
2016/05/14 14:37:28,b352d4cbd825ef167e7d27464a6113346dced1f2,0e6bd7b484afa75023dacb56eb659032edf203c8,持卡人消费,15公寓浴池,-2.0,51.68,3564,正常
2016/05/14 14:44:03,b352d4cbd825ef167e7d27464a6113346dced1f2,0e6bd7b484afa75023dacb56eb659032edf203c8,持卡人消费,15公寓浴池,-0.88,50.80,3566,正常
2016/05/15 21:35:03,b352d4cbd825ef167e7d27464a6113346dced1f2,0e6bd7b484afa75023dacb56eb659032edf203c8,持卡人消费,超市商务子系统,-11.4,39.40,3567,正常
2016/05/16 10:40:00,b352d4cbd825ef167e7d27464a6113346dced1f2,0e6bd7b484afa75023dacb56eb659032edf203c8,持卡人消费,网络中心,-30.0,9.40,3568,正常
2016/05/16 13:38:56,b352d4cbd825ef167e7d27464a6113346dced1f2,0e6bd7b484afa75023dacb56eb659032edf203c8,持卡人消费,15公寓浴池,-1.92,7.48,3570,正常
2016/05/16 13:43:51,b352d4cbd825ef167e7d27464a6113346dced1f2,0e6bd7b484afa75023dacb56eb659032edf203c8,持卡人消费,15公寓浴池,-0.74,6.74,3572,正常
2016/05/16 13:53:04,b352d4cbd825ef167e7d27464a6113346dced1f2,0e6bd7b484afa75023dacb56eb659032edf203c8,持卡人消费,A15,-3.0,3.74,3573,正常
2016/05/17 12:20:34,b352d4cbd825ef167e7d27464a6113346dced1f2,0e6bd7b484afa75023dacb56eb659032edf203c8,存款,现金充值机,200.0,203.74,3574,正常
2016/05/17 12:44:02,b352d4cbd825ef167e7d27464a6113346dced1f2,0e6bd7b484afa75023dacb56eb659032edf203c8,持卡人消费,硕果园（工大商店）,-8.0,195.74,3575,正常
2016/05/18 13:11:07,b352d4cbd825ef167e7d27464a6113346dced1f2,0e6bd7b484afa75023dacb56eb659032edf203c8,持卡人消费,15公寓浴池,-1.23,194.51,3577,正常
2016/05/18 13:12:43,b352d4cbd825ef167e7d27464a6113346dced1f2,0e6bd7b484afa75023dacb56eb659032edf203c8,持卡人消费,15公寓浴池,-0.29,194.22,3579,正常
2016/05/18 13:17:48,b352d4cbd825ef167e7d27464a6113346dced1f2,0e6bd7b484afa75023dacb56eb659032edf203c8,持卡人消费,15公寓浴池,-0.74,193.48,3581,正常
2016/05/18 19:27:42,b352d4cbd825ef167e7d27464a6113346dced1f2,0e6bd7b484afa75023dacb56eb659032edf203c8,持卡人消费,超市商务子系统,-8.7,184.78,3582,正常
2016/05/18 19:29:55,b352d4cbd825ef167e7d27464a6113346dced1f2,0e6bd7b484afa75023dacb56eb659032edf203c8,持卡人消费,超市商务子系统,-23.0,161.78,3583,正常
2016/05/20 15:28:39,b352d4cbd825ef167e7d27464a6113346dced1f2,0e6bd7b484afa75023dacb56eb659032edf203c8,持卡人消费,超市商务子系统,-8.4,153.38,3584,正常
2016/05/20 18:04:53,b352d4cbd825ef167e7d27464a6113346dced1f2,0e6bd7b484afa75023dacb56eb659032edf203c8,持卡人消费,15公寓浴池,-0.3,153.08,3586,正常
2016/05/20 18:12:19,b352d4cbd825ef167e7d27464a6113346dced1f2,0e6bd7b484afa75023dacb56eb659032edf203c8,持卡人消费,15公寓浴池,-1.38,151.70,3588,正常
2016/05/20 18:16:51,b352d4cbd825ef167e7d27464a6113346dced1f2,0e6bd7b484afa75023dacb56eb659032edf203c8,持卡人消费,15公寓浴池,-0.56,151.14,3590,正常
2016/05/22 13:13:43,b352d4cbd825ef167e7d27464a6113346dced1f2,0e6bd7b484afa75023dacb56eb659032edf203c8,持卡人消费,15公寓浴池,-1.84,149.30,3592,正常
2016/05/22 13:16:29,b352d4cbd825ef167e7d27464a6113346dced1f2,0e6bd7b484afa75023dacb56eb659032edf203c8,持卡人消费,15公寓浴池,-0.34,148.96,3594,正常
2016/05/22 16:33:23,b352d4cbd825ef167e7d27464a6113346dced1f2,0e6bd7b484afa75023dacb56eb659032edf203c8,持卡人消费,硕果园（工大商店）,-25.8,123.16,3595,正常
2016/05/22 17:13:57,b352d4cbd825ef167e7d27464a6113346dced1f2,0e6bd7b484afa75023dacb56eb659032edf203c8,持卡人消费,超市商务子系统,-8.9,114.26,3596,正常
2016/05/23 20:17:23,b352d4cbd825ef167e7d27464a6113346dced1f2,0e6bd7b484afa75023dacb56eb659032edf203c8,持卡人消费,学子超市园丁总店,-2.5,111.76,3597,正常
2016/05/24 18:05:13,b352d4cbd825ef167e7d27464a6113346dced1f2,0e6bd7b484afa75023dacb56eb659032edf203c8,持卡人消费,超市商务子系统,-8.0,103.76,3598,正常
2016/05/25 18:41:48,b352d4cbd825ef167e7d27464a6113346dced1f2,0e6bd7b484afa75023dacb56eb659032edf203c8,持卡人消费,学子超市园丁总店,-3.0,100.76,3599,正常
2016/05/26 09:19:03,b352d4cbd825ef167e7d27464a6113346dced1f2,0e6bd7b484afa75023dacb56eb659032edf203c8,持卡人消费,学士楼商务网关,-1.0,99.76,3600,正常
2016/05/26 10:52:40,b352d4cbd825ef167e7d27464a6113346dced1f2,0e6bd7b484afa75023dacb56eb659032edf203c8,持卡人消费,硕果园（工大商店）,-9.0,90.76,3601,正常
2016/05/27 13:44:02,b352d4cbd825ef167e7d27464a6113346dced1f2,0e6bd7b484afa75023dacb56eb659032edf203c8,持卡人消费,15公寓浴池,-1.74,89.02,3603,正常
2016/05/27 13:48:00,b352d4cbd825ef167e7d27464a6113346dced1f2,0e6bd7b484afa75023dacb56eb659032edf203c8,持卡人消费,15公寓浴池,-0.51,88.51,3605,正常
2016/05/27 14:32:02,b352d4cbd825ef167e7d27464a6113346dced1f2,0e6bd7b484afa75023dacb56eb659032edf203c8,持卡人消费,A15,-3.0,85.51,3606,正常
2016/05/28 06:32:41,b352d4cbd825ef167e7d27464a6113346dced1f2,0e6bd7b484afa75023dacb56eb659032edf203c8,持卡人消费,超市商务子系统,-1.0,84.51,3607,正常
2016/05/28 14:43:16,b352d4cbd825ef167e7d27464a6113346dced1f2,0e6bd7b484afa75023dacb56eb659032edf203c8,持卡人消费,15公寓浴池,-1.81,82.70,3609,正常
2016/05/28 14:48:32,b352d4cbd825ef167e7d27464a6113346dced1f2,0e6bd7b484afa75023dacb56eb659032edf203c8,持卡人消费,15公寓浴池,-0.75,81.95,3611,正常
2016/05/29 11:32:07,b352d4cbd825ef167e7d27464a6113346dced1f2,0e6bd7b484afa75023dacb56eb659032edf203c8,持卡人消费,学苑楼商务网关,-6.0,75.95,3612,正常
2016/05/29 12:37:07,b352d4cbd825ef167e7d27464a6113346dced1f2,0e6bd7b484afa75023dacb56eb659032edf203c8,持卡人消费,超市商务子系统,-11.5,64.45,3613,正常
2016/05/29 20:25:18,b352d4cbd825ef167e7d27464a6113346dced1f2,0e6bd7b484afa75023dacb56eb659032edf203c8,持卡人消费,硕果园（工大商店）,-8.0,56.45,3614,正常
2016/05/29 20:27:17,b352d4cbd825ef167e7d27464a6113346dced1f2,0e6bd7b484afa75023dacb56eb659032edf203c8,持卡人消费,硕果园（工大商店）,-3.9,52.55,3615,正常
2016/05/29 20:27:52,b352d4cbd825ef167e7d27464a6113346dced1f2,0e6bd7b484afa75023dacb56eb659032edf203c8,持卡人消费,硕果园（工大商店）,-4.0,48.55,3616,正常
2016/05/30 11:16:36,b352d4cbd825ef167e7d27464a6113346dced1f2,0e6bd7b484afa75023dacb56eb659032edf203c8,持卡人消费,硕果园（工大商店）,-24.7,23.85,3617,正常
2016/05/30 13:18:54,b352d4cbd825ef167e7d27464a6113346dced1f2,0e6bd7b484afa75023dacb56eb659032edf203c8,持卡人消费,15公寓浴池,-1.74,22.11,3619,正常
2016/05/30 13:23:05,b352d4cbd825ef167e7d27464a6113346dced1f2,0e6bd7b484afa75023dacb56eb659032edf203c8,持卡人消费,15公寓浴池,-0.48,21.63,3621,正常
2016/05/31 12:18:24,b352d4cbd825ef167e7d27464a6113346dced1f2,0e6bd7b484afa75023dacb56eb659032edf203c8,持卡人消费,A15,-3.0,18.63,3622,正常
