交易发生时间,学号,姓名,交易类型,子系统名称,交易额,现有余额,次数,状态
2016/05/03 20:01:54,da15f2666a9c38c4646207c3f4377f07ac621ad6,0ec485a57812459dcf7a1a6c747bceea88efaccd,持卡人消费,学子便利店A01后楼,-14.0,48.39,2355,正常
2016/05/08 11:51:29,da15f2666a9c38c4646207c3f4377f07ac621ad6,0ec485a57812459dcf7a1a6c747bceea88efaccd,持卡人消费,学子便利店A01后楼,-6.2,42.19,2356,正常
2016/05/08 21:27:58,da15f2666a9c38c4646207c3f4377f07ac621ad6,0ec485a57812459dcf7a1a6c747bceea88efaccd,持卡人消费,学子便利店A01后楼,-14.6,27.59,2357,正常
2016/05/13 19:21:48,da15f2666a9c38c4646207c3f4377f07ac621ad6,0ec485a57812459dcf7a1a6c747bceea88efaccd,持卡人消费,学子超市园丁总店,-0.4,27.19,2358,正常
2016/05/15 18:12:44,da15f2666a9c38c4646207c3f4377f07ac621ad6,0ec485a57812459dcf7a1a6c747bceea88efaccd,持卡人消费,硕果园（工大商店）,-10.0,17.19,2359,正常
2016/05/18 20:57:28,da15f2666a9c38c4646207c3f4377f07ac621ad6,0ec485a57812459dcf7a1a6c747bceea88efaccd,持卡人消费,学子超市园丁总店,-0.2,16.99,2360,正常
2016/05/27 20:14:01,da15f2666a9c38c4646207c3f4377f07ac621ad6,0ec485a57812459dcf7a1a6c747bceea88efaccd,持卡人消费,15公寓浴池,-0.13,16.86,2362,正常
2016/05/27 20:16:52,da15f2666a9c38c4646207c3f4377f07ac621ad6,0ec485a57812459dcf7a1a6c747bceea88efaccd,持卡人消费,15公寓浴池,-0.34,16.52,2364,正常
2016/05/27 20:18:34,da15f2666a9c38c4646207c3f4377f07ac621ad6,0ec485a57812459dcf7a1a6c747bceea88efaccd,持卡人消费,15公寓浴池,-0.18,16.34,2366,正常
2016/05/27 20:27:53,da15f2666a9c38c4646207c3f4377f07ac621ad6,0ec485a57812459dcf7a1a6c747bceea88efaccd,持卡人消费,15公寓浴池,-1.58,14.76,2368,正常
2016/05/27 20:39:47,da15f2666a9c38c4646207c3f4377f07ac621ad6,0ec485a57812459dcf7a1a6c747bceea88efaccd,持卡人消费,15公寓浴池,-1.92,12.84,2370,正常
2016/05/28 12:40:11,da15f2666a9c38c4646207c3f4377f07ac621ad6,0ec485a57812459dcf7a1a6c747bceea88efaccd,持卡人消费,一校区水控新,-1.57,11.27,2372,正常
2016/05/28 21:58:56,da15f2666a9c38c4646207c3f4377f07ac621ad6,0ec485a57812459dcf7a1a6c747bceea88efaccd,持卡人消费,学子超市园丁总店,-3.9,7.37,2373,正常
