交易发生时间,学号,姓名,交易类型,子系统名称,交易额,现有余额,次数,状态
2016/05/01 08:18:41,497b335a28fad0ba0ccfc48694e862bee36fcc85,0eea3ad49d5a0a8995597a0ad115ec6b2bda9c03,持卡人消费,学士楼商务网关,-2.4,178.07,4978,正常
2016/05/01 11:40:26,497b335a28fad0ba0ccfc48694e862bee36fcc85,0eea3ad49d5a0a8995597a0ad115ec6b2bda9c03,持卡人消费,南苑网关,-0.2,177.87,4979,正常
2016/05/01 11:40:36,497b335a28fad0ba0ccfc48694e862bee36fcc85,0eea3ad49d5a0a8995597a0ad115ec6b2bda9c03,持卡人消费,南苑网关,-6.96,170.91,4980,正常
2016/05/01 17:40:19,497b335a28fad0ba0ccfc48694e862bee36fcc85,0eea3ad49d5a0a8995597a0ad115ec6b2bda9c03,持卡人消费,学苑楼商务网关,-3.0,167.91,4981,正常
2016/05/02 09:15:27,497b335a28fad0ba0ccfc48694e862bee36fcc85,0eea3ad49d5a0a8995597a0ad115ec6b2bda9c03,持卡人消费,学士楼商务网关,-2.5,165.41,4982,正常
2016/05/02 11:31:31,497b335a28fad0ba0ccfc48694e862bee36fcc85,0eea3ad49d5a0a8995597a0ad115ec6b2bda9c03,持卡人消费,南苑网关,-0.2,165.21,4983,正常
2016/05/02 11:31:43,497b335a28fad0ba0ccfc48694e862bee36fcc85,0eea3ad49d5a0a8995597a0ad115ec6b2bda9c03,持卡人消费,南苑网关,-8.16,157.05,4984,正常
2016/05/02 11:40:30,497b335a28fad0ba0ccfc48694e862bee36fcc85,0eea3ad49d5a0a8995597a0ad115ec6b2bda9c03,持卡人消费,南苑网关,-0.2,156.85,4985,正常
2016/05/02 11:40:32,497b335a28fad0ba0ccfc48694e862bee36fcc85,0eea3ad49d5a0a8995597a0ad115ec6b2bda9c03,持卡人消费,南苑网关,-0.2,156.65,4986,正常
2016/05/02 17:29:18,497b335a28fad0ba0ccfc48694e862bee36fcc85,0eea3ad49d5a0a8995597a0ad115ec6b2bda9c03,持卡人消费,南苑网关,-0.2,156.45,4987,正常
2016/05/02 17:29:35,497b335a28fad0ba0ccfc48694e862bee36fcc85,0eea3ad49d5a0a8995597a0ad115ec6b2bda9c03,持卡人消费,南苑网关,-7.44,149.01,4988,正常
2016/05/03 07:51:31,497b335a28fad0ba0ccfc48694e862bee36fcc85,0eea3ad49d5a0a8995597a0ad115ec6b2bda9c03,持卡人消费,学士楼商务网关,-3.1,145.91,4989,正常
2016/05/03 11:26:15,497b335a28fad0ba0ccfc48694e862bee36fcc85,0eea3ad49d5a0a8995597a0ad115ec6b2bda9c03,持卡人消费,学苑楼商务网关,-4.1,141.81,4990,正常
2016/05/03 11:27:27,497b335a28fad0ba0ccfc48694e862bee36fcc85,0eea3ad49d5a0a8995597a0ad115ec6b2bda9c03,持卡人消费,学苑楼商务网关,-1.0,140.81,4991,正常
2016/05/03 17:21:29,497b335a28fad0ba0ccfc48694e862bee36fcc85,0eea3ad49d5a0a8995597a0ad115ec6b2bda9c03,持卡人消费,南苑网关,-3.6,137.21,4992,正常
2016/05/03 17:22:49,497b335a28fad0ba0ccfc48694e862bee36fcc85,0eea3ad49d5a0a8995597a0ad115ec6b2bda9c03,持卡人消费,南苑网关,-1.0,136.21,4993,正常
2016/05/03 17:33:40,497b335a28fad0ba0ccfc48694e862bee36fcc85,0eea3ad49d5a0a8995597a0ad115ec6b2bda9c03,持卡人消费,南苑网关,-0.4,135.81,4994,正常
2016/05/04 08:37:35,497b335a28fad0ba0ccfc48694e862bee36fcc85,0eea3ad49d5a0a8995597a0ad115ec6b2bda9c03,持卡人消费,学士楼商务网关,-4.0,131.81,4995,正常
2016/05/04 11:37:36,497b335a28fad0ba0ccfc48694e862bee36fcc85,0eea3ad49d5a0a8995597a0ad115ec6b2bda9c03,持卡人消费,南苑网关,-0.2,131.61,4996,正常
2016/05/04 11:37:51,497b335a28fad0ba0ccfc48694e862bee36fcc85,0eea3ad49d5a0a8995597a0ad115ec6b2bda9c03,持卡人消费,南苑网关,-7.44,124.17,4997,正常
2016/05/04 17:25:44,497b335a28fad0ba0ccfc48694e862bee36fcc85,0eea3ad49d5a0a8995597a0ad115ec6b2bda9c03,持卡人消费,南苑网关,-3.1,121.07,4998,正常
2016/05/05 07:59:50,497b335a28fad0ba0ccfc48694e862bee36fcc85,0eea3ad49d5a0a8995597a0ad115ec6b2bda9c03,持卡人消费,学士楼商务网关,-4.1,116.97,4999,正常
2016/05/05 11:33:36,497b335a28fad0ba0ccfc48694e862bee36fcc85,0eea3ad49d5a0a8995597a0ad115ec6b2bda9c03,持卡人消费,学苑楼商务网关,-4.3,112.67,5000,正常
2016/05/05 11:34:50,497b335a28fad0ba0ccfc48694e862bee36fcc85,0eea3ad49d5a0a8995597a0ad115ec6b2bda9c03,持卡人消费,学苑楼商务网关,-1.0,111.67,5001,正常
2016/05/06 09:07:18,497b335a28fad0ba0ccfc48694e862bee36fcc85,0eea3ad49d5a0a8995597a0ad115ec6b2bda9c03,持卡人消费,学士楼商务网关,-3.2,108.47,5002,正常
2016/05/06 11:29:30,497b335a28fad0ba0ccfc48694e862bee36fcc85,0eea3ad49d5a0a8995597a0ad115ec6b2bda9c03,持卡人消费,南苑网关,-0.2,108.27,5003,正常
2016/05/06 11:29:44,497b335a28fad0ba0ccfc48694e862bee36fcc85,0eea3ad49d5a0a8995597a0ad115ec6b2bda9c03,持卡人消费,南苑网关,-10.32,97.95,5004,正常
2016/05/06 17:40:21,497b335a28fad0ba0ccfc48694e862bee36fcc85,0eea3ad49d5a0a8995597a0ad115ec6b2bda9c03,持卡人消费,南苑网关,-2.0,95.95,5005,正常
2016/05/06 17:40:31,497b335a28fad0ba0ccfc48694e862bee36fcc85,0eea3ad49d5a0a8995597a0ad115ec6b2bda9c03,持卡人消费,南苑网关,-0.6,95.35,5006,正常
2016/05/07 07:39:43,497b335a28fad0ba0ccfc48694e862bee36fcc85,0eea3ad49d5a0a8995597a0ad115ec6b2bda9c03,持卡人消费,学士楼商务网关,-3.6,91.75,5007,正常
2016/05/07 11:27:25,497b335a28fad0ba0ccfc48694e862bee36fcc85,0eea3ad49d5a0a8995597a0ad115ec6b2bda9c03,持卡人消费,南苑网关,-3.6,88.15,5008,正常
2016/05/07 11:28:30,497b335a28fad0ba0ccfc48694e862bee36fcc85,0eea3ad49d5a0a8995597a0ad115ec6b2bda9c03,持卡人消费,南苑网关,-0.6,87.55,5009,正常
2016/05/07 17:24:31,497b335a28fad0ba0ccfc48694e862bee36fcc85,0eea3ad49d5a0a8995597a0ad115ec6b2bda9c03,持卡人消费,学士楼商务网关,-5.1,82.45,5010,正常
2016/05/07 18:03:02,497b335a28fad0ba0ccfc48694e862bee36fcc85,0eea3ad49d5a0a8995597a0ad115ec6b2bda9c03,持卡人消费,超市商务子系统,-9.5,72.95,5011,正常
2016/05/08 17:16:52,497b335a28fad0ba0ccfc48694e862bee36fcc85,0eea3ad49d5a0a8995597a0ad115ec6b2bda9c03,持卡人消费,学苑楼商务网关,-4.1,68.85,5012,正常
2016/05/08 17:19:03,497b335a28fad0ba0ccfc48694e862bee36fcc85,0eea3ad49d5a0a8995597a0ad115ec6b2bda9c03,持卡人消费,学苑楼商务网关,-1.2,67.65,5013,正常
2016/05/09 09:03:13,497b335a28fad0ba0ccfc48694e862bee36fcc85,0eea3ad49d5a0a8995597a0ad115ec6b2bda9c03,持卡人消费,学士楼商务网关,-2.4,65.25,5014,正常
2016/05/09 11:27:10,497b335a28fad0ba0ccfc48694e862bee36fcc85,0eea3ad49d5a0a8995597a0ad115ec6b2bda9c03,持卡人消费,学苑楼商务网关,-4.3,60.95,5015,正常
2016/05/09 11:27:26,497b335a28fad0ba0ccfc48694e862bee36fcc85,0eea3ad49d5a0a8995597a0ad115ec6b2bda9c03,持卡人消费,学苑楼商务网关,-4.0,56.95,5016,正常
2016/05/09 17:13:41,497b335a28fad0ba0ccfc48694e862bee36fcc85,0eea3ad49d5a0a8995597a0ad115ec6b2bda9c03,持卡人消费,南苑网关,-0.2,56.75,5017,正常
2016/05/09 17:13:53,497b335a28fad0ba0ccfc48694e862bee36fcc85,0eea3ad49d5a0a8995597a0ad115ec6b2bda9c03,持卡人消费,南苑网关,-12.72,44.03,5018,正常
2016/05/10 07:56:24,497b335a28fad0ba0ccfc48694e862bee36fcc85,0eea3ad49d5a0a8995597a0ad115ec6b2bda9c03,持卡人消费,学士楼商务网关,-3.13,40.90,5019,正常
2016/05/10 11:27:54,497b335a28fad0ba0ccfc48694e862bee36fcc85,0eea3ad49d5a0a8995597a0ad115ec6b2bda9c03,持卡人消费,学苑楼商务网关,-4.3,36.60,5020,正常
2016/05/10 15:04:18,497b335a28fad0ba0ccfc48694e862bee36fcc85,0eea3ad49d5a0a8995597a0ad115ec6b2bda9c03,持卡人消费,一校区水控新,-0.54,36.06,5021,正常
2016/05/10 15:08:25,497b335a28fad0ba0ccfc48694e862bee36fcc85,0eea3ad49d5a0a8995597a0ad115ec6b2bda9c03,持卡人消费,一校区水控新,-0.54,35.52,5022,正常
2016/05/10 15:12:02,497b335a28fad0ba0ccfc48694e862bee36fcc85,0eea3ad49d5a0a8995597a0ad115ec6b2bda9c03,持卡人消费,一校区水控新,-0.54,34.98,5023,正常
2016/05/10 17:23:39,497b335a28fad0ba0ccfc48694e862bee36fcc85,0eea3ad49d5a0a8995597a0ad115ec6b2bda9c03,持卡人消费,南苑网关,-0.2,34.78,5024,正常
2016/05/10 17:23:57,497b335a28fad0ba0ccfc48694e862bee36fcc85,0eea3ad49d5a0a8995597a0ad115ec6b2bda9c03,持卡人消费,南苑网关,-11.52,23.26,5025,正常
2016/05/11 07:49:27,497b335a28fad0ba0ccfc48694e862bee36fcc85,0eea3ad49d5a0a8995597a0ad115ec6b2bda9c03,持卡人消费,学士楼商务网关,-3.5,19.76,5026,正常
2016/05/11 11:50:33,497b335a28fad0ba0ccfc48694e862bee36fcc85,0eea3ad49d5a0a8995597a0ad115ec6b2bda9c03,持卡人消费,南苑网关,-0.2,19.56,5027,正常
2016/05/11 11:50:35,497b335a28fad0ba0ccfc48694e862bee36fcc85,0eea3ad49d5a0a8995597a0ad115ec6b2bda9c03,持卡人消费,南苑网关,-0.2,19.36,5028,正常
2016/05/11 11:51:05,497b335a28fad0ba0ccfc48694e862bee36fcc85,0eea3ad49d5a0a8995597a0ad115ec6b2bda9c03,持卡人消费,南苑网关,-6.96,12.40,5029,正常
2016/05/11 17:32:00,497b335a28fad0ba0ccfc48694e862bee36fcc85,0eea3ad49d5a0a8995597a0ad115ec6b2bda9c03,存款,卡中心综合业务,300.0,312.40,5030,正常
2016/05/11 17:32:45,497b335a28fad0ba0ccfc48694e862bee36fcc85,0eea3ad49d5a0a8995597a0ad115ec6b2bda9c03,持卡人消费,学苑楼商务网关,-4.1,308.30,5031,正常
2016/05/12 08:07:29,497b335a28fad0ba0ccfc48694e862bee36fcc85,0eea3ad49d5a0a8995597a0ad115ec6b2bda9c03,持卡人消费,学士楼商务网关,-3.5,304.80,5032,正常
2016/05/12 11:32:24,497b335a28fad0ba0ccfc48694e862bee36fcc85,0eea3ad49d5a0a8995597a0ad115ec6b2bda9c03,持卡人消费,学苑楼商务网关,-4.1,300.70,5033,正常
2016/05/12 11:34:44,497b335a28fad0ba0ccfc48694e862bee36fcc85,0eea3ad49d5a0a8995597a0ad115ec6b2bda9c03,持卡人消费,学苑楼商务网关,-0.8,299.90,5034,正常
2016/05/12 17:26:01,497b335a28fad0ba0ccfc48694e862bee36fcc85,0eea3ad49d5a0a8995597a0ad115ec6b2bda9c03,持卡人消费,南苑网关,-0.2,299.70,5035,正常
2016/05/12 17:26:28,497b335a28fad0ba0ccfc48694e862bee36fcc85,0eea3ad49d5a0a8995597a0ad115ec6b2bda9c03,持卡人消费,南苑网关,-7.68,292.02,5036,正常
2016/05/13 06:33:44,497b335a28fad0ba0ccfc48694e862bee36fcc85,0eea3ad49d5a0a8995597a0ad115ec6b2bda9c03,持卡人消费,学士楼商务网关,-0.5,291.52,5037,正常
2016/05/13 06:35:50,497b335a28fad0ba0ccfc48694e862bee36fcc85,0eea3ad49d5a0a8995597a0ad115ec6b2bda9c03,持卡人消费,学士楼商务网关,-3.5,288.02,5038,正常
2016/05/13 11:29:23,497b335a28fad0ba0ccfc48694e862bee36fcc85,0eea3ad49d5a0a8995597a0ad115ec6b2bda9c03,持卡人消费,南苑网关,-0.2,287.82,5039,正常
2016/05/13 11:29:34,497b335a28fad0ba0ccfc48694e862bee36fcc85,0eea3ad49d5a0a8995597a0ad115ec6b2bda9c03,持卡人消费,南苑网关,-9.6,278.22,5040,正常
2016/05/13 17:37:04,497b335a28fad0ba0ccfc48694e862bee36fcc85,0eea3ad49d5a0a8995597a0ad115ec6b2bda9c03,持卡人消费,学士楼商务网关,-3.8,274.42,5041,正常
2016/05/14 08:37:43,497b335a28fad0ba0ccfc48694e862bee36fcc85,0eea3ad49d5a0a8995597a0ad115ec6b2bda9c03,持卡人消费,学士楼商务网关,-4.0,270.42,5042,正常
2016/05/14 11:36:40,497b335a28fad0ba0ccfc48694e862bee36fcc85,0eea3ad49d5a0a8995597a0ad115ec6b2bda9c03,持卡人消费,南苑网关,-0.2,270.22,5043,正常
2016/05/14 11:37:14,497b335a28fad0ba0ccfc48694e862bee36fcc85,0eea3ad49d5a0a8995597a0ad115ec6b2bda9c03,持卡人消费,南苑网关,-5.52,264.70,5044,正常
2016/05/14 17:32:25,497b335a28fad0ba0ccfc48694e862bee36fcc85,0eea3ad49d5a0a8995597a0ad115ec6b2bda9c03,持卡人消费,南苑网关,-0.2,264.50,5045,正常
2016/05/14 17:32:38,497b335a28fad0ba0ccfc48694e862bee36fcc85,0eea3ad49d5a0a8995597a0ad115ec6b2bda9c03,持卡人消费,南苑网关,-6.72,257.78,5046,正常
2016/05/15 11:39:03,497b335a28fad0ba0ccfc48694e862bee36fcc85,0eea3ad49d5a0a8995597a0ad115ec6b2bda9c03,持卡人消费,南苑网关,-0.2,257.58,5047,正常
2016/05/15 11:39:17,497b335a28fad0ba0ccfc48694e862bee36fcc85,0eea3ad49d5a0a8995597a0ad115ec6b2bda9c03,持卡人消费,南苑网关,-7.44,250.14,5048,正常
2016/05/16 08:00:28,497b335a28fad0ba0ccfc48694e862bee36fcc85,0eea3ad49d5a0a8995597a0ad115ec6b2bda9c03,持卡人消费,学士楼商务网关,-3.5,246.64,5049,正常
2016/05/16 11:32:14,497b335a28fad0ba0ccfc48694e862bee36fcc85,0eea3ad49d5a0a8995597a0ad115ec6b2bda9c03,持卡人消费,南苑网关,-0.2,246.44,5050,正常
2016/05/16 11:32:31,497b335a28fad0ba0ccfc48694e862bee36fcc85,0eea3ad49d5a0a8995597a0ad115ec6b2bda9c03,持卡人消费,南苑网关,-9.6,236.84,5051,正常
2016/05/16 17:26:01,497b335a28fad0ba0ccfc48694e862bee36fcc85,0eea3ad49d5a0a8995597a0ad115ec6b2bda9c03,持卡人消费,南苑网关,-0.2,236.64,5052,正常
2016/05/16 17:26:19,497b335a28fad0ba0ccfc48694e862bee36fcc85,0eea3ad49d5a0a8995597a0ad115ec6b2bda9c03,持卡人消费,南苑网关,-9.84,226.80,5053,正常
2016/05/17 07:14:18,497b335a28fad0ba0ccfc48694e862bee36fcc85,0eea3ad49d5a0a8995597a0ad115ec6b2bda9c03,持卡人消费,学士楼商务网关,-2.5,224.30,5054,正常
2016/05/17 11:44:54,497b335a28fad0ba0ccfc48694e862bee36fcc85,0eea3ad49d5a0a8995597a0ad115ec6b2bda9c03,持卡人消费,学苑楼商务网关,-4.1,220.20,5055,正常
2016/05/17 17:19:47,497b335a28fad0ba0ccfc48694e862bee36fcc85,0eea3ad49d5a0a8995597a0ad115ec6b2bda9c03,持卡人消费,南苑网关,-0.2,220.00,5056,正常
2016/05/17 17:20:08,497b335a28fad0ba0ccfc48694e862bee36fcc85,0eea3ad49d5a0a8995597a0ad115ec6b2bda9c03,持卡人消费,南苑网关,-7.68,212.32,5057,正常
2016/05/18 08:14:32,497b335a28fad0ba0ccfc48694e862bee36fcc85,0eea3ad49d5a0a8995597a0ad115ec6b2bda9c03,持卡人消费,学士楼商务网关,-1.9,210.42,5058,正常
2016/05/18 11:24:31,497b335a28fad0ba0ccfc48694e862bee36fcc85,0eea3ad49d5a0a8995597a0ad115ec6b2bda9c03,持卡人消费,南苑网关,-0.2,210.22,5059,正常
2016/05/18 11:24:53,497b335a28fad0ba0ccfc48694e862bee36fcc85,0eea3ad49d5a0a8995597a0ad115ec6b2bda9c03,持卡人消费,南苑网关,-7.68,202.54,5060,正常
2016/05/18 17:42:46,497b335a28fad0ba0ccfc48694e862bee36fcc85,0eea3ad49d5a0a8995597a0ad115ec6b2bda9c03,持卡人消费,南苑网关,-6.72,195.82,5061,正常
2016/05/19 08:00:17,497b335a28fad0ba0ccfc48694e862bee36fcc85,0eea3ad49d5a0a8995597a0ad115ec6b2bda9c03,持卡人消费,学士楼商务网关,-3.8,192.02,5062,正常
2016/05/19 11:37:53,497b335a28fad0ba0ccfc48694e862bee36fcc85,0eea3ad49d5a0a8995597a0ad115ec6b2bda9c03,持卡人消费,学苑楼商务网关,-4.1,187.92,5063,正常
2016/05/19 17:19:55,497b335a28fad0ba0ccfc48694e862bee36fcc85,0eea3ad49d5a0a8995597a0ad115ec6b2bda9c03,持卡人消费,南苑网关,-0.2,187.72,5064,正常
2016/05/19 17:22:56,497b335a28fad0ba0ccfc48694e862bee36fcc85,0eea3ad49d5a0a8995597a0ad115ec6b2bda9c03,持卡人消费,南苑网关,-6.48,181.24,5065,正常
2016/05/19 17:23:01,497b335a28fad0ba0ccfc48694e862bee36fcc85,0eea3ad49d5a0a8995597a0ad115ec6b2bda9c03,持卡人消费,南苑网关,-11.76,169.48,5066,正常
2016/05/20 08:02:09,497b335a28fad0ba0ccfc48694e862bee36fcc85,0eea3ad49d5a0a8995597a0ad115ec6b2bda9c03,持卡人消费,学士楼商务网关,-3.5,165.98,5067,正常
2016/05/20 11:28:08,497b335a28fad0ba0ccfc48694e862bee36fcc85,0eea3ad49d5a0a8995597a0ad115ec6b2bda9c03,持卡人消费,南苑网关,-0.2,165.78,5068,正常
2016/05/20 11:28:26,497b335a28fad0ba0ccfc48694e862bee36fcc85,0eea3ad49d5a0a8995597a0ad115ec6b2bda9c03,持卡人消费,南苑网关,-8.16,157.62,5069,正常
2016/05/20 15:46:24,497b335a28fad0ba0ccfc48694e862bee36fcc85,0eea3ad49d5a0a8995597a0ad115ec6b2bda9c03,持卡人消费,一校区水控新,-0.53,157.09,5071,正常
2016/05/20 15:49:52,497b335a28fad0ba0ccfc48694e862bee36fcc85,0eea3ad49d5a0a8995597a0ad115ec6b2bda9c03,持卡人消费,一校区水控新,-0.38,156.71,5073,正常
2016/05/20 15:52:32,497b335a28fad0ba0ccfc48694e862bee36fcc85,0eea3ad49d5a0a8995597a0ad115ec6b2bda9c03,持卡人消费,一校区水控新,-0.34,156.37,5075,正常
2016/05/20 15:54:47,497b335a28fad0ba0ccfc48694e862bee36fcc85,0eea3ad49d5a0a8995597a0ad115ec6b2bda9c03,持卡人消费,一校区水控新,-0.27,156.10,5077,正常
2016/05/20 17:32:45,497b335a28fad0ba0ccfc48694e862bee36fcc85,0eea3ad49d5a0a8995597a0ad115ec6b2bda9c03,持卡人消费,南苑网关,-0.2,155.90,5078,正常
2016/05/20 17:33:07,497b335a28fad0ba0ccfc48694e862bee36fcc85,0eea3ad49d5a0a8995597a0ad115ec6b2bda9c03,持卡人消费,南苑网关,-6.24,149.66,5079,正常
2016/05/21 11:28:12,497b335a28fad0ba0ccfc48694e862bee36fcc85,0eea3ad49d5a0a8995597a0ad115ec6b2bda9c03,持卡人消费,南苑网关,-0.2,149.46,5080,正常
2016/05/21 11:28:29,497b335a28fad0ba0ccfc48694e862bee36fcc85,0eea3ad49d5a0a8995597a0ad115ec6b2bda9c03,持卡人消费,南苑网关,-8.64,140.82,5081,正常
2016/05/21 11:28:42,497b335a28fad0ba0ccfc48694e862bee36fcc85,0eea3ad49d5a0a8995597a0ad115ec6b2bda9c03,持卡人消费,南苑网关,-16.8,124.02,5082,正常
2016/05/21 11:28:54,497b335a28fad0ba0ccfc48694e862bee36fcc85,0eea3ad49d5a0a8995597a0ad115ec6b2bda9c03,持卡人消费,南苑网关,-10.0,114.02,5083,正常
2016/05/23 07:59:43,497b335a28fad0ba0ccfc48694e862bee36fcc85,0eea3ad49d5a0a8995597a0ad115ec6b2bda9c03,持卡人消费,学士楼商务网关,-3.0,111.02,5084,正常
2016/05/23 11:31:28,497b335a28fad0ba0ccfc48694e862bee36fcc85,0eea3ad49d5a0a8995597a0ad115ec6b2bda9c03,持卡人消费,南苑网关,-0.2,110.82,5085,正常
2016/05/23 11:32:09,497b335a28fad0ba0ccfc48694e862bee36fcc85,0eea3ad49d5a0a8995597a0ad115ec6b2bda9c03,持卡人消费,南苑网关,-10.32,100.50,5086,正常
2016/05/24 08:07:08,497b335a28fad0ba0ccfc48694e862bee36fcc85,0eea3ad49d5a0a8995597a0ad115ec6b2bda9c03,持卡人消费,学士楼商务网关,-3.5,97.00,5087,正常
2016/05/24 11:27:18,497b335a28fad0ba0ccfc48694e862bee36fcc85,0eea3ad49d5a0a8995597a0ad115ec6b2bda9c03,持卡人消费,学苑楼商务网关,-4.0,93.00,5088,正常
2016/05/24 17:39:44,497b335a28fad0ba0ccfc48694e862bee36fcc85,0eea3ad49d5a0a8995597a0ad115ec6b2bda9c03,持卡人消费,南苑网关,-0.2,92.80,5089,正常
2016/05/24 17:40:08,497b335a28fad0ba0ccfc48694e862bee36fcc85,0eea3ad49d5a0a8995597a0ad115ec6b2bda9c03,持卡人消费,南苑网关,-6.96,85.84,5090,正常
2016/05/25 07:47:22,497b335a28fad0ba0ccfc48694e862bee36fcc85,0eea3ad49d5a0a8995597a0ad115ec6b2bda9c03,持卡人消费,学士楼商务网关,-2.5,83.34,5091,正常
2016/05/25 11:25:20,497b335a28fad0ba0ccfc48694e862bee36fcc85,0eea3ad49d5a0a8995597a0ad115ec6b2bda9c03,持卡人消费,南苑网关,-0.2,83.14,5092,正常
2016/05/25 11:25:49,497b335a28fad0ba0ccfc48694e862bee36fcc85,0eea3ad49d5a0a8995597a0ad115ec6b2bda9c03,持卡人消费,南苑网关,-7.92,75.22,5093,正常
2016/05/26 07:58:31,497b335a28fad0ba0ccfc48694e862bee36fcc85,0eea3ad49d5a0a8995597a0ad115ec6b2bda9c03,持卡人消费,学士楼商务网关,-3.1,72.12,5094,正常
2016/05/26 11:27:50,497b335a28fad0ba0ccfc48694e862bee36fcc85,0eea3ad49d5a0a8995597a0ad115ec6b2bda9c03,持卡人消费,学苑楼商务网关,-4.1,68.02,5095,正常
2016/05/26 11:29:03,497b335a28fad0ba0ccfc48694e862bee36fcc85,0eea3ad49d5a0a8995597a0ad115ec6b2bda9c03,持卡人消费,学苑楼商务网关,-2.1,65.92,5096,正常
2016/05/26 20:05:18,497b335a28fad0ba0ccfc48694e862bee36fcc85,0eea3ad49d5a0a8995597a0ad115ec6b2bda9c03,持卡人消费,超市商务子系统,-4.0,61.92,5097,正常
2016/05/26 20:11:16,497b335a28fad0ba0ccfc48694e862bee36fcc85,0eea3ad49d5a0a8995597a0ad115ec6b2bda9c03,持卡人消费,超市商务子系统,-0.1,61.82,5098,正常
2016/05/27 06:51:00,497b335a28fad0ba0ccfc48694e862bee36fcc85,0eea3ad49d5a0a8995597a0ad115ec6b2bda9c03,持卡人消费,学士楼商务网关,-2.5,59.32,5099,正常
2016/05/27 11:33:15,497b335a28fad0ba0ccfc48694e862bee36fcc85,0eea3ad49d5a0a8995597a0ad115ec6b2bda9c03,持卡人消费,南苑网关,-0.2,59.12,5100,正常
2016/05/27 11:33:27,497b335a28fad0ba0ccfc48694e862bee36fcc85,0eea3ad49d5a0a8995597a0ad115ec6b2bda9c03,持卡人消费,南苑网关,-6.96,52.16,5101,正常
2016/05/28 07:52:05,497b335a28fad0ba0ccfc48694e862bee36fcc85,0eea3ad49d5a0a8995597a0ad115ec6b2bda9c03,持卡人消费,学士楼商务网关,-3.5,48.66,5102,正常
2016/05/28 11:04:57,497b335a28fad0ba0ccfc48694e862bee36fcc85,0eea3ad49d5a0a8995597a0ad115ec6b2bda9c03,存款,现金充值机,200.0,248.66,5103,正常
2016/05/28 11:26:21,497b335a28fad0ba0ccfc48694e862bee36fcc85,0eea3ad49d5a0a8995597a0ad115ec6b2bda9c03,持卡人消费,南苑网关,-0.2,248.46,5104,正常
2016/05/28 11:26:31,497b335a28fad0ba0ccfc48694e862bee36fcc85,0eea3ad49d5a0a8995597a0ad115ec6b2bda9c03,持卡人消费,南苑网关,-8.4,240.06,5105,正常
2016/05/29 08:15:34,497b335a28fad0ba0ccfc48694e862bee36fcc85,0eea3ad49d5a0a8995597a0ad115ec6b2bda9c03,持卡人消费,学士楼商务网关,-2.7,237.36,5106,正常
2016/05/29 11:21:12,497b335a28fad0ba0ccfc48694e862bee36fcc85,0eea3ad49d5a0a8995597a0ad115ec6b2bda9c03,持卡人消费,南苑网关,-0.2,237.16,5107,正常
2016/05/29 11:21:29,497b335a28fad0ba0ccfc48694e862bee36fcc85,0eea3ad49d5a0a8995597a0ad115ec6b2bda9c03,持卡人消费,南苑网关,-6.72,230.44,5108,正常
2016/05/29 16:38:15,497b335a28fad0ba0ccfc48694e862bee36fcc85,0eea3ad49d5a0a8995597a0ad115ec6b2bda9c03,持卡人消费,一校区水控新,-0.54,229.90,5109,正常
2016/05/29 16:42:14,497b335a28fad0ba0ccfc48694e862bee36fcc85,0eea3ad49d5a0a8995597a0ad115ec6b2bda9c03,持卡人消费,一校区水控新,-0.48,229.42,5110,正常
2016/05/29 16:44:33,497b335a28fad0ba0ccfc48694e862bee36fcc85,0eea3ad49d5a0a8995597a0ad115ec6b2bda9c03,持卡人消费,一校区水控新,-0.2,229.22,5111,正常
2016/05/29 16:47:16,497b335a28fad0ba0ccfc48694e862bee36fcc85,0eea3ad49d5a0a8995597a0ad115ec6b2bda9c03,持卡人消费,一校区水控新,-0.19,229.03,5112,正常
2016/05/29 17:35:18,497b335a28fad0ba0ccfc48694e862bee36fcc85,0eea3ad49d5a0a8995597a0ad115ec6b2bda9c03,持卡人消费,学士楼商务网关,-6.1,222.93,5113,正常
2016/05/30 07:50:07,497b335a28fad0ba0ccfc48694e862bee36fcc85,0eea3ad49d5a0a8995597a0ad115ec6b2bda9c03,持卡人消费,学士楼商务网关,-2.5,220.43,5114,正常
2016/05/30 11:26:43,497b335a28fad0ba0ccfc48694e862bee36fcc85,0eea3ad49d5a0a8995597a0ad115ec6b2bda9c03,持卡人消费,南苑网关,-0.2,220.23,5115,正常
2016/05/30 11:28:32,497b335a28fad0ba0ccfc48694e862bee36fcc85,0eea3ad49d5a0a8995597a0ad115ec6b2bda9c03,持卡人消费,南苑网关,-7.2,213.03,5116,正常
2016/05/30 17:35:41,497b335a28fad0ba0ccfc48694e862bee36fcc85,0eea3ad49d5a0a8995597a0ad115ec6b2bda9c03,持卡人消费,南苑网关,-0.2,212.83,5117,正常
2016/05/30 17:35:58,497b335a28fad0ba0ccfc48694e862bee36fcc85,0eea3ad49d5a0a8995597a0ad115ec6b2bda9c03,持卡人消费,南苑网关,-6.0,206.83,5118,正常
2016/05/31 07:33:38,497b335a28fad0ba0ccfc48694e862bee36fcc85,0eea3ad49d5a0a8995597a0ad115ec6b2bda9c03,持卡人消费,南苑网关,-2.8,204.03,5119,正常
2016/05/31 11:53:46,497b335a28fad0ba0ccfc48694e862bee36fcc85,0eea3ad49d5a0a8995597a0ad115ec6b2bda9c03,持卡人消费,学苑楼商务网关,-3.6,200.43,5120,正常
2016/05/31 11:54:58,497b335a28fad0ba0ccfc48694e862bee36fcc85,0eea3ad49d5a0a8995597a0ad115ec6b2bda9c03,持卡人消费,学苑楼商务网关,-0.8,199.63,5121,正常
2016/05/31 17:31:03,497b335a28fad0ba0ccfc48694e862bee36fcc85,0eea3ad49d5a0a8995597a0ad115ec6b2bda9c03,持卡人消费,南苑网关,-0.2,199.43,5122,正常
2016/05/31 17:31:21,497b335a28fad0ba0ccfc48694e862bee36fcc85,0eea3ad49d5a0a8995597a0ad115ec6b2bda9c03,持卡人消费,南苑网关,-6.72,192.71,5123,正常
