交易发生时间,学号,姓名,交易类型,子系统名称,交易额,现有余额,次数,状态
2016/05/23 07:43:13,1253603ae739e751a9d02dbc2c38b467221048f3,0ef5ef2046b9c8afa5bd03bb21f540059758ece3,持卡人消费,九食堂商务网关,-2.6,90.46,3233,正常
2016/05/23 07:44:34,1253603ae739e751a9d02dbc2c38b467221048f3,0ef5ef2046b9c8afa5bd03bb21f540059758ece3,持卡人消费,九食堂商务网关,-1.0,89.46,3234,正常
2016/05/23 07:57:12,1253603ae739e751a9d02dbc2c38b467221048f3,0ef5ef2046b9c8afa5bd03bb21f540059758ece3,持卡人消费,学子便利店B03,-18.1,71.36,3235,正常
2016/05/24 07:58:20,1253603ae739e751a9d02dbc2c38b467221048f3,0ef5ef2046b9c8afa5bd03bb21f540059758ece3,持卡人消费,五食堂商务网关,-4.0,67.36,3236,正常
2016/05/24 07:59:24,1253603ae739e751a9d02dbc2c38b467221048f3,0ef5ef2046b9c8afa5bd03bb21f540059758ece3,持卡人消费,五食堂商务网关,-1.05,66.31,3237,正常
2016/05/24 20:33:09,1253603ae739e751a9d02dbc2c38b467221048f3,0ef5ef2046b9c8afa5bd03bb21f540059758ece3,持卡人消费,二区水控,-3.0,63.31,3238,正常
2016/05/24 20:38:07,1253603ae739e751a9d02dbc2c38b467221048f3,0ef5ef2046b9c8afa5bd03bb21f540059758ece3,持卡人消费,二区水控,-3.0,60.31,3239,正常
2016/05/24 20:46:38,1253603ae739e751a9d02dbc2c38b467221048f3,0ef5ef2046b9c8afa5bd03bb21f540059758ece3,持卡人消费,二区水控,-1.63,58.68,3241,正常
2016/05/25 11:19:27,1253603ae739e751a9d02dbc2c38b467221048f3,0ef5ef2046b9c8afa5bd03bb21f540059758ece3,持卡人消费,九食堂商务网关,-8.0,50.68,3242,正常
2016/05/26 08:11:06,1253603ae739e751a9d02dbc2c38b467221048f3,0ef5ef2046b9c8afa5bd03bb21f540059758ece3,持卡人消费,九食堂商务网关,-2.6,48.08,3243,正常
2016/05/26 08:12:21,1253603ae739e751a9d02dbc2c38b467221048f3,0ef5ef2046b9c8afa5bd03bb21f540059758ece3,持卡人消费,九食堂商务网关,-0.5,47.58,3244,正常
2016/05/26 14:59:12,1253603ae739e751a9d02dbc2c38b467221048f3,0ef5ef2046b9c8afa5bd03bb21f540059758ece3,持卡人消费,学子便利店B03,-3.4,44.18,3245,正常
2016/05/27 11:21:48,1253603ae739e751a9d02dbc2c38b467221048f3,0ef5ef2046b9c8afa5bd03bb21f540059758ece3,持卡人消费,九食堂商务网关,-8.0,36.18,3246,正常
2016/05/27 11:46:22,1253603ae739e751a9d02dbc2c38b467221048f3,0ef5ef2046b9c8afa5bd03bb21f540059758ece3,持卡人消费,学子便利店B03,-3.0,33.18,3247,正常
2016/05/29 15:08:46,1253603ae739e751a9d02dbc2c38b467221048f3,0ef5ef2046b9c8afa5bd03bb21f540059758ece3,持卡人消费,学子便利店B03,-4.5,28.68,3248,正常
2016/05/29 19:38:24,1253603ae739e751a9d02dbc2c38b467221048f3,0ef5ef2046b9c8afa5bd03bb21f540059758ece3,持卡人消费,二区水控,-3.0,25.68,3249,正常
2016/05/29 19:44:24,1253603ae739e751a9d02dbc2c38b467221048f3,0ef5ef2046b9c8afa5bd03bb21f540059758ece3,持卡人消费,二区水控,-1.1,24.58,3251,正常
2016/05/30 07:58:15,1253603ae739e751a9d02dbc2c38b467221048f3,0ef5ef2046b9c8afa5bd03bb21f540059758ece3,持卡人消费,九食堂商务网关,-2.6,21.98,3252,正常
2016/05/30 07:59:26,1253603ae739e751a9d02dbc2c38b467221048f3,0ef5ef2046b9c8afa5bd03bb21f540059758ece3,持卡人消费,九食堂商务网关,-0.5,21.48,3253,正常
2016/05/30 08:14:52,1253603ae739e751a9d02dbc2c38b467221048f3,0ef5ef2046b9c8afa5bd03bb21f540059758ece3,存款,2区卡中心综合业务,100.0,121.48,3254,正常
2016/05/30 16:32:44,1253603ae739e751a9d02dbc2c38b467221048f3,0ef5ef2046b9c8afa5bd03bb21f540059758ece3,持卡人消费,九食堂商务网关,-7.0,114.48,3255,正常
2016/05/30 20:09:12,1253603ae739e751a9d02dbc2c38b467221048f3,0ef5ef2046b9c8afa5bd03bb21f540059758ece3,持卡人消费,学子便利店B03,-11.9,102.58,3256,正常
