交易发生时间,学号,姓名,交易类型,子系统名称,交易额,现有余额,次数,状态
2016/05/02 16:43:11,f556968e1069bcb2814d4a5883ab735b19be6567,0f015418cce26d7aaacaf160ea2603687124eaac,存款,现金充值机,50.0,51.22,2960,正常
2016/05/02 17:05:05,f556968e1069bcb2814d4a5883ab735b19be6567,0f015418cce26d7aaacaf160ea2603687124eaac,持卡人消费,南苑网关,-0.2,51.02,2961,正常
2016/05/02 17:05:21,f556968e1069bcb2814d4a5883ab735b19be6567,0f015418cce26d7aaacaf160ea2603687124eaac,持卡人消费,南苑网关,-7.92,43.10,2962,正常
2016/05/03 13:42:28,f556968e1069bcb2814d4a5883ab735b19be6567,0f015418cce26d7aaacaf160ea2603687124eaac,持卡人消费,15公寓浴池,-0.9,42.20,2964,正常
2016/05/03 13:49:04,f556968e1069bcb2814d4a5883ab735b19be6567,0f015418cce26d7aaacaf160ea2603687124eaac,持卡人消费,学子便利店A01后楼,-4.8,37.40,2965,正常
2016/05/05 17:13:37,f556968e1069bcb2814d4a5883ab735b19be6567,0f015418cce26d7aaacaf160ea2603687124eaac,持卡人消费,南苑网关,-3.6,33.80,2966,正常
2016/05/05 17:15:17,f556968e1069bcb2814d4a5883ab735b19be6567,0f015418cce26d7aaacaf160ea2603687124eaac,持卡人消费,南苑网关,-2.0,31.80,2967,正常
2016/05/05 17:16:48,f556968e1069bcb2814d4a5883ab735b19be6567,0f015418cce26d7aaacaf160ea2603687124eaac,持卡人消费,南苑网关,-3.0,28.80,2968,正常
2016/05/06 17:36:38,f556968e1069bcb2814d4a5883ab735b19be6567,0f015418cce26d7aaacaf160ea2603687124eaac,持卡人消费,学苑楼商务网关,-7.0,21.80,2969,正常
2016/05/06 17:37:42,f556968e1069bcb2814d4a5883ab735b19be6567,0f015418cce26d7aaacaf160ea2603687124eaac,持卡人消费,学苑楼商务网关,-10.0,11.80,2970,正常
2016/05/08 17:00:21,f556968e1069bcb2814d4a5883ab735b19be6567,0f015418cce26d7aaacaf160ea2603687124eaac,持卡人消费,南苑网关,-3.0,8.80,2971,正常
2016/05/08 17:01:42,f556968e1069bcb2814d4a5883ab735b19be6567,0f015418cce26d7aaacaf160ea2603687124eaac,持卡人消费,南苑网关,-4.14,4.66,2972,正常
2016/05/08 17:02:33,f556968e1069bcb2814d4a5883ab735b19be6567,0f015418cce26d7aaacaf160ea2603687124eaac,持卡人消费,南苑网关,-0.4,4.26,2973,正常
2016/05/10 09:20:18,f556968e1069bcb2814d4a5883ab735b19be6567,0f015418cce26d7aaacaf160ea2603687124eaac,持卡人消费,学子便利店A01后楼,-0.5,3.76,2974,正常
2016/05/13 08:11:26,f556968e1069bcb2814d4a5883ab735b19be6567,0f015418cce26d7aaacaf160ea2603687124eaac,持卡人消费,学子便利店A01后楼,-0.9,2.86,2975,正常
2016/05/15 16:37:31,f556968e1069bcb2814d4a5883ab735b19be6567,0f015418cce26d7aaacaf160ea2603687124eaac,持卡人消费,一区图书馆APOS,-1.7,1.16,2976,正常
2016/05/15 17:22:59,f556968e1069bcb2814d4a5883ab735b19be6567,0f015418cce26d7aaacaf160ea2603687124eaac,持卡人消费,超市商务子系统,-0.3,0.86,2977,正常
2016/05/29 16:32:23,f556968e1069bcb2814d4a5883ab735b19be6567,0f015418cce26d7aaacaf160ea2603687124eaac,存款,现金充值机,50.0,50.86,2978,正常
2016/05/29 16:54:20,f556968e1069bcb2814d4a5883ab735b19be6567,0f015418cce26d7aaacaf160ea2603687124eaac,持卡人消费,南苑网关,-10.56,40.30,2979,正常
2016/05/29 16:54:40,f556968e1069bcb2814d4a5883ab735b19be6567,0f015418cce26d7aaacaf160ea2603687124eaac,持卡人消费,南苑网关,-3.0,37.30,2980,正常
2016/05/30 17:15:27,f556968e1069bcb2814d4a5883ab735b19be6567,0f015418cce26d7aaacaf160ea2603687124eaac,持卡人消费,南苑网关,-6.72,30.58,2981,正常
2016/05/30 20:19:15,f556968e1069bcb2814d4a5883ab735b19be6567,0f015418cce26d7aaacaf160ea2603687124eaac,持卡人消费,学子便利店A01后楼,-2.5,28.08,2982,正常
2016/05/31 18:09:39,f556968e1069bcb2814d4a5883ab735b19be6567,0f015418cce26d7aaacaf160ea2603687124eaac,持卡人消费,超市商务子系统,-7.0,21.08,2983,正常
2016/05/31 18:21:09,f556968e1069bcb2814d4a5883ab735b19be6567,0f015418cce26d7aaacaf160ea2603687124eaac,持卡人消费,学子便利店A01后楼,-0.5,20.58,2984,正常
