交易发生时间,学号,姓名,交易类型,子系统名称,交易额,现有余额,次数,状态
2016/05/01 11:19:17,e6398386bfba5adb3a6c278d955b5064fbc8f423,0f1bc5e356ed274d1ff29c576a56a074525cceec,持卡人消费,学苑楼商务网关,-8.0,41.15,2619,正常
2016/05/02 11:17:11,e6398386bfba5adb3a6c278d955b5064fbc8f423,0f1bc5e356ed274d1ff29c576a56a074525cceec,持卡人消费,学士楼商务网关,-3.6,37.55,2620,正常
2016/05/02 12:16:42,e6398386bfba5adb3a6c278d955b5064fbc8f423,0f1bc5e356ed274d1ff29c576a56a074525cceec,持卡人消费,网络中心,-30.0,7.55,2621,正常
2016/05/02 17:08:33,e6398386bfba5adb3a6c278d955b5064fbc8f423,0f1bc5e356ed274d1ff29c576a56a074525cceec,持卡人消费,学士楼商务网关,-3.6,3.95,2622,正常
2016/05/02 17:09:52,e6398386bfba5adb3a6c278d955b5064fbc8f423,0f1bc5e356ed274d1ff29c576a56a074525cceec,持卡人消费,学士楼商务网关,-1.6,2.35,2623,正常
2016/05/03 10:56:30,e6398386bfba5adb3a6c278d955b5064fbc8f423,0f1bc5e356ed274d1ff29c576a56a074525cceec,存款,现金充值机,100.0,102.35,2624,正常
2016/05/03 11:20:56,e6398386bfba5adb3a6c278d955b5064fbc8f423,0f1bc5e356ed274d1ff29c576a56a074525cceec,持卡人消费,南苑网关,-10.08,92.27,2625,正常
2016/05/03 17:11:45,e6398386bfba5adb3a6c278d955b5064fbc8f423,0f1bc5e356ed274d1ff29c576a56a074525cceec,持卡人消费,南苑网关,-5.3,86.97,2626,正常
2016/05/04 11:03:28,e6398386bfba5adb3a6c278d955b5064fbc8f423,0f1bc5e356ed274d1ff29c576a56a074525cceec,持卡人消费,南苑网关,-10.56,76.41,2627,正常
2016/05/04 16:41:06,e6398386bfba5adb3a6c278d955b5064fbc8f423,0f1bc5e356ed274d1ff29c576a56a074525cceec,持卡人消费,南苑网关,-6.0,70.41,2628,正常
2016/05/05 11:11:25,e6398386bfba5adb3a6c278d955b5064fbc8f423,0f1bc5e356ed274d1ff29c576a56a074525cceec,持卡人消费,南苑网关,-11.04,59.37,2629,正常
2016/05/05 17:02:45,e6398386bfba5adb3a6c278d955b5064fbc8f423,0f1bc5e356ed274d1ff29c576a56a074525cceec,持卡人消费,南苑网关,-6.0,53.37,2630,正常
2016/05/06 11:08:54,e6398386bfba5adb3a6c278d955b5064fbc8f423,0f1bc5e356ed274d1ff29c576a56a074525cceec,持卡人消费,南苑网关,-9.12,44.25,2631,正常
2016/05/06 17:01:52,e6398386bfba5adb3a6c278d955b5064fbc8f423,0f1bc5e356ed274d1ff29c576a56a074525cceec,持卡人消费,南苑网关,-7.0,37.25,2632,正常
2016/05/07 11:10:23,e6398386bfba5adb3a6c278d955b5064fbc8f423,0f1bc5e356ed274d1ff29c576a56a074525cceec,持卡人消费,南苑网关,-3.6,33.65,2633,正常
2016/05/07 17:10:21,e6398386bfba5adb3a6c278d955b5064fbc8f423,0f1bc5e356ed274d1ff29c576a56a074525cceec,持卡人消费,南苑网关,-6.0,27.65,2634,正常
2016/05/08 15:02:59,e6398386bfba5adb3a6c278d955b5064fbc8f423,0f1bc5e356ed274d1ff29c576a56a074525cceec,持卡人消费,15公寓浴池,-2.0,25.65,2635,正常
2016/05/08 15:07:31,e6398386bfba5adb3a6c278d955b5064fbc8f423,0f1bc5e356ed274d1ff29c576a56a074525cceec,持卡人消费,15公寓浴池,-0.85,24.80,2637,正常
2016/05/09 11:09:52,e6398386bfba5adb3a6c278d955b5064fbc8f423,0f1bc5e356ed274d1ff29c576a56a074525cceec,持卡人消费,南苑网关,-9.84,14.96,2638,正常
2016/05/09 17:10:30,e6398386bfba5adb3a6c278d955b5064fbc8f423,0f1bc5e356ed274d1ff29c576a56a074525cceec,持卡人消费,南苑网关,-8.88,6.08,2639,正常
2016/05/10 17:08:33,e6398386bfba5adb3a6c278d955b5064fbc8f423,0f1bc5e356ed274d1ff29c576a56a074525cceec,持卡人消费,南苑网关,-6.0,0.08,2640,正常
2016/05/12 10:51:52,e6398386bfba5adb3a6c278d955b5064fbc8f423,0f1bc5e356ed274d1ff29c576a56a074525cceec,存款,现金充值机,100.0,100.08,2641,正常
2016/05/12 11:16:00,e6398386bfba5adb3a6c278d955b5064fbc8f423,0f1bc5e356ed274d1ff29c576a56a074525cceec,持卡人消费,南苑网关,-9.12,90.96,2642,正常
2016/05/12 17:09:01,e6398386bfba5adb3a6c278d955b5064fbc8f423,0f1bc5e356ed274d1ff29c576a56a074525cceec,持卡人消费,南苑网关,-8.16,82.80,2643,正常
2016/05/13 11:13:26,e6398386bfba5adb3a6c278d955b5064fbc8f423,0f1bc5e356ed274d1ff29c576a56a074525cceec,持卡人消费,南苑网关,-9.12,73.68,2644,正常
2016/05/13 17:11:31,e6398386bfba5adb3a6c278d955b5064fbc8f423,0f1bc5e356ed274d1ff29c576a56a074525cceec,持卡人消费,南苑网关,-8.16,65.52,2645,正常
2016/05/14 11:11:56,e6398386bfba5adb3a6c278d955b5064fbc8f423,0f1bc5e356ed274d1ff29c576a56a074525cceec,持卡人消费,南苑网关,-9.36,56.16,2646,正常
2016/05/01 11:14:58,e6398386bfba5adb3a6c278d955b5064fbc8f423,0f1bc5e356ed274d1ff29c576a56a074525cceec,持卡人消费,南苑网关,-6.0,50.16,2647,正常
2016/05/01 11:15:02,e6398386bfba5adb3a6c278d955b5064fbc8f423,0f1bc5e356ed274d1ff29c576a56a074525cceec,持卡人消费,南苑网关,-1.0,49.16,2648,正常
2016/05/15 11:18:17,e6398386bfba5adb3a6c278d955b5064fbc8f423,0f1bc5e356ed274d1ff29c576a56a074525cceec,持卡人消费,南苑网关,-11.76,37.40,2649,正常
2016/05/15 11:18:24,e6398386bfba5adb3a6c278d955b5064fbc8f423,0f1bc5e356ed274d1ff29c576a56a074525cceec,持卡人消费,南苑网关,-10.32,27.08,2650,正常
2016/05/15 17:10:43,e6398386bfba5adb3a6c278d955b5064fbc8f423,0f1bc5e356ed274d1ff29c576a56a074525cceec,持卡人消费,学士楼商务网关,-3.6,23.48,2651,正常
2016/05/15 17:12:32,e6398386bfba5adb3a6c278d955b5064fbc8f423,0f1bc5e356ed274d1ff29c576a56a074525cceec,持卡人消费,学士楼商务网关,-4.37,19.11,2652,正常
2016/05/15 17:25:08,e6398386bfba5adb3a6c278d955b5064fbc8f423,0f1bc5e356ed274d1ff29c576a56a074525cceec,持卡人消费,学士楼商务网关,-2.5,16.61,2653,正常
2016/05/15 17:38:48,e6398386bfba5adb3a6c278d955b5064fbc8f423,0f1bc5e356ed274d1ff29c576a56a074525cceec,持卡人消费,超市商务子系统,-10.9,5.71,2654,正常
2016/05/15 18:36:55,e6398386bfba5adb3a6c278d955b5064fbc8f423,0f1bc5e356ed274d1ff29c576a56a074525cceec,持卡人消费,15公寓浴池,-2.0,3.71,2655,正常
2016/05/15 18:40:32,e6398386bfba5adb3a6c278d955b5064fbc8f423,0f1bc5e356ed274d1ff29c576a56a074525cceec,持卡人消费,15公寓浴池,-0.16,3.55,2657,正常
2016/05/16 10:51:14,e6398386bfba5adb3a6c278d955b5064fbc8f423,0f1bc5e356ed274d1ff29c576a56a074525cceec,存款,现金充值机,100.0,103.55,2658,正常
2016/05/16 11:15:08,e6398386bfba5adb3a6c278d955b5064fbc8f423,0f1bc5e356ed274d1ff29c576a56a074525cceec,持卡人消费,南苑网关,-10.8,92.75,2659,正常
2016/05/16 13:48:32,e6398386bfba5adb3a6c278d955b5064fbc8f423,0f1bc5e356ed274d1ff29c576a56a074525cceec,持卡人消费,超市商务子系统,-10.0,82.75,2660,正常
2016/05/16 17:14:57,e6398386bfba5adb3a6c278d955b5064fbc8f423,0f1bc5e356ed274d1ff29c576a56a074525cceec,持卡人消费,南苑网关,-8.16,74.59,2661,正常
2016/05/17 11:18:57,e6398386bfba5adb3a6c278d955b5064fbc8f423,0f1bc5e356ed274d1ff29c576a56a074525cceec,持卡人消费,南苑网关,-9.84,64.75,2662,正常
2016/05/17 17:24:58,e6398386bfba5adb3a6c278d955b5064fbc8f423,0f1bc5e356ed274d1ff29c576a56a074525cceec,持卡人消费,南苑网关,-9.12,55.63,2663,正常
2016/05/19 11:15:13,e6398386bfba5adb3a6c278d955b5064fbc8f423,0f1bc5e356ed274d1ff29c576a56a074525cceec,持卡人消费,南苑网关,-8.64,46.99,2664,正常
2016/05/19 17:09:19,e6398386bfba5adb3a6c278d955b5064fbc8f423,0f1bc5e356ed274d1ff29c576a56a074525cceec,持卡人消费,南苑网关,-9.6,37.39,2665,正常
2016/05/21 11:26:36,e6398386bfba5adb3a6c278d955b5064fbc8f423,0f1bc5e356ed274d1ff29c576a56a074525cceec,持卡人消费,南苑网关,-9.6,27.79,2666,正常
2016/05/23 10:09:35,e6398386bfba5adb3a6c278d955b5064fbc8f423,0f1bc5e356ed274d1ff29c576a56a074525cceec,持卡人消费,硕果园（工大商店）,-10.0,17.79,2667,正常
2016/05/25 11:16:49,e6398386bfba5adb3a6c278d955b5064fbc8f423,0f1bc5e356ed274d1ff29c576a56a074525cceec,持卡人消费,南苑网关,-7.44,10.35,2668,正常
2016/05/25 17:11:30,e6398386bfba5adb3a6c278d955b5064fbc8f423,0f1bc5e356ed274d1ff29c576a56a074525cceec,持卡人消费,南苑网关,-6.72,3.63,2669,正常
2016/05/26 10:53:32,e6398386bfba5adb3a6c278d955b5064fbc8f423,0f1bc5e356ed274d1ff29c576a56a074525cceec,存款,现金充值机,100.0,103.63,2670,正常
2016/05/26 11:17:06,e6398386bfba5adb3a6c278d955b5064fbc8f423,0f1bc5e356ed274d1ff29c576a56a074525cceec,持卡人消费,南苑网关,-7.68,95.95,2671,正常
2016/05/26 17:10:15,e6398386bfba5adb3a6c278d955b5064fbc8f423,0f1bc5e356ed274d1ff29c576a56a074525cceec,持卡人消费,南苑网关,-8.88,87.07,2672,正常
2016/05/27 11:11:55,e6398386bfba5adb3a6c278d955b5064fbc8f423,0f1bc5e356ed274d1ff29c576a56a074525cceec,持卡人消费,南苑网关,-8.64,78.43,2673,正常
2016/05/27 17:11:57,e6398386bfba5adb3a6c278d955b5064fbc8f423,0f1bc5e356ed274d1ff29c576a56a074525cceec,持卡人消费,南苑网关,-9.36,69.07,2674,正常
2016/05/28 10:52:24,e6398386bfba5adb3a6c278d955b5064fbc8f423,0f1bc5e356ed274d1ff29c576a56a074525cceec,存款,现金充值机,100.0,169.07,2675,正常
2016/05/28 11:15:21,e6398386bfba5adb3a6c278d955b5064fbc8f423,0f1bc5e356ed274d1ff29c576a56a074525cceec,持卡人消费,南苑网关,-9.6,159.47,2676,正常
2016/05/28 15:35:49,e6398386bfba5adb3a6c278d955b5064fbc8f423,0f1bc5e356ed274d1ff29c576a56a074525cceec,持卡人消费,15公寓浴池,-2.0,157.47,2677,正常
2016/05/28 15:41:19,e6398386bfba5adb3a6c278d955b5064fbc8f423,0f1bc5e356ed274d1ff29c576a56a074525cceec,持卡人消费,15公寓浴池,-0.53,156.94,2679,正常
2016/05/28 15:45:35,e6398386bfba5adb3a6c278d955b5064fbc8f423,0f1bc5e356ed274d1ff29c576a56a074525cceec,持卡人消费,15公寓浴池,-0.35,156.59,2681,正常
2016/05/28 17:37:19,e6398386bfba5adb3a6c278d955b5064fbc8f423,0f1bc5e356ed274d1ff29c576a56a074525cceec,持卡人消费,硕果园（工大商店）,-12.0,144.59,2682,正常
2016/05/29 11:25:02,e6398386bfba5adb3a6c278d955b5064fbc8f423,0f1bc5e356ed274d1ff29c576a56a074525cceec,持卡人消费,硕果园（工大商店）,-9.0,135.59,2683,正常
2016/05/30 11:09:32,e6398386bfba5adb3a6c278d955b5064fbc8f423,0f1bc5e356ed274d1ff29c576a56a074525cceec,持卡人消费,南苑网关,-8.4,127.19,2684,正常
2016/05/31 11:13:59,e6398386bfba5adb3a6c278d955b5064fbc8f423,0f1bc5e356ed274d1ff29c576a56a074525cceec,持卡人消费,南苑网关,-7.92,119.27,2685,正常
2016/05/31 16:52:56,e6398386bfba5adb3a6c278d955b5064fbc8f423,0f1bc5e356ed274d1ff29c576a56a074525cceec,持卡人消费,学士楼商务网关,-3.6,115.67,2686,正常
2016/05/31 16:57:33,e6398386bfba5adb3a6c278d955b5064fbc8f423,0f1bc5e356ed274d1ff29c576a56a074525cceec,持卡人消费,学士楼商务网关,-1.2,114.47,2687,正常
