交易发生时间,学号,姓名,交易类型,子系统名称,交易额,现有余额,次数,状态
2016/05/08 15:59:26,d3eebeeb8c959a73e924c6fb40a7e83b6ee1a827,0f8839e075c23adc7a874f9e7611aff6b6a72958,存款,学苑楼综合业务3,100.0,102.14,3243,正常
2016/05/08 16:31:57,d3eebeeb8c959a73e924c6fb40a7e83b6ee1a827,0f8839e075c23adc7a874f9e7611aff6b6a72958,持卡人消费,硕果园（工大商店）,-10.0,92.14,3244,正常
2016/05/08 16:32:07,d3eebeeb8c959a73e924c6fb40a7e83b6ee1a827,0f8839e075c23adc7a874f9e7611aff6b6a72958,持卡人消费,硕果园（工大商店）,-7.0,85.14,3245,正常
2016/05/09 11:27:28,d3eebeeb8c959a73e924c6fb40a7e83b6ee1a827,0f8839e075c23adc7a874f9e7611aff6b6a72958,持卡人消费,学苑楼商务网关,-8.0,77.14,3246,正常
2016/05/10 11:39:35,d3eebeeb8c959a73e924c6fb40a7e83b6ee1a827,0f8839e075c23adc7a874f9e7611aff6b6a72958,持卡人消费,学苑楼商务网关,-9.0,68.14,3247,正常
2016/05/11 12:20:20,d3eebeeb8c959a73e924c6fb40a7e83b6ee1a827,0f8839e075c23adc7a874f9e7611aff6b6a72958,持卡人消费,学士楼商务网关,-12.1,56.04,3248,正常
2016/05/11 12:26:46,d3eebeeb8c959a73e924c6fb40a7e83b6ee1a827,0f8839e075c23adc7a874f9e7611aff6b6a72958,持卡人消费,学士楼商务网关,-0.6,55.44,3249,正常
2016/05/11 15:29:33,d3eebeeb8c959a73e924c6fb40a7e83b6ee1a827,0f8839e075c23adc7a874f9e7611aff6b6a72958,持卡人消费,15公寓浴池,-2.0,53.44,3250,正常
2016/05/11 16:43:56,d3eebeeb8c959a73e924c6fb40a7e83b6ee1a827,0f8839e075c23adc7a874f9e7611aff6b6a72958,持卡人消费,超市商务子系统,-18.2,35.24,3251,正常
2016/05/12 14:43:49,d3eebeeb8c959a73e924c6fb40a7e83b6ee1a827,0f8839e075c23adc7a874f9e7611aff6b6a72958,持卡人消费,学士楼商务网关,-5.3,29.94,3252,正常
2016/05/12 14:45:05,d3eebeeb8c959a73e924c6fb40a7e83b6ee1a827,0f8839e075c23adc7a874f9e7611aff6b6a72958,持卡人消费,学士楼商务网关,-1.0,28.94,3253,正常
2016/05/13 11:40:50,d3eebeeb8c959a73e924c6fb40a7e83b6ee1a827,0f8839e075c23adc7a874f9e7611aff6b6a72958,持卡人消费,学苑楼商务网关,-13.0,15.94,3254,正常
2016/05/13 17:40:52,d3eebeeb8c959a73e924c6fb40a7e83b6ee1a827,0f8839e075c23adc7a874f9e7611aff6b6a72958,持卡人消费,学苑楼商务网关,-9.0,6.94,3255,正常
2016/05/21 15:45:43,d3eebeeb8c959a73e924c6fb40a7e83b6ee1a827,0f8839e075c23adc7a874f9e7611aff6b6a72958,存款,现金充值机,100.0,106.94,3256,正常
2016/05/21 17:37:02,d3eebeeb8c959a73e924c6fb40a7e83b6ee1a827,0f8839e075c23adc7a874f9e7611aff6b6a72958,持卡人消费,学士楼商务网关,-7.8,99.14,3257,正常
2016/05/23 08:51:59,d3eebeeb8c959a73e924c6fb40a7e83b6ee1a827,0f8839e075c23adc7a874f9e7611aff6b6a72958,持卡人消费,学士楼商务网关,-1.6,97.54,3258,正常
2016/05/23 11:56:47,d3eebeeb8c959a73e924c6fb40a7e83b6ee1a827,0f8839e075c23adc7a874f9e7611aff6b6a72958,持卡人消费,学士楼商务网关,-8.1,89.44,3259,正常
2016/05/24 12:37:44,d3eebeeb8c959a73e924c6fb40a7e83b6ee1a827,0f8839e075c23adc7a874f9e7611aff6b6a72958,持卡人消费,学士楼商务网关,-6.8,82.64,3260,正常
2016/05/24 12:38:46,d3eebeeb8c959a73e924c6fb40a7e83b6ee1a827,0f8839e075c23adc7a874f9e7611aff6b6a72958,持卡人消费,学士楼商务网关,-1.0,81.64,3261,正常
2016/05/24 13:09:38,d3eebeeb8c959a73e924c6fb40a7e83b6ee1a827,0f8839e075c23adc7a874f9e7611aff6b6a72958,持卡人消费,超市商务子系统,-5.7,75.94,3262,正常
2016/05/24 18:01:58,d3eebeeb8c959a73e924c6fb40a7e83b6ee1a827,0f8839e075c23adc7a874f9e7611aff6b6a72958,持卡人消费,学子楼商务网关,-5.5,70.44,3263,正常
2016/05/25 15:55:50,d3eebeeb8c959a73e924c6fb40a7e83b6ee1a827,0f8839e075c23adc7a874f9e7611aff6b6a72958,持卡人消费,15公寓浴池,-2.0,68.44,3264,正常
2016/05/28 17:37:30,d3eebeeb8c959a73e924c6fb40a7e83b6ee1a827,0f8839e075c23adc7a874f9e7611aff6b6a72958,持卡人消费,学士楼商务网关,-9.3,59.14,3265,正常
2016/05/28 18:04:38,d3eebeeb8c959a73e924c6fb40a7e83b6ee1a827,0f8839e075c23adc7a874f9e7611aff6b6a72958,持卡人消费,超市商务子系统,-23.7,35.44,3266,正常
2016/05/28 18:34:39,d3eebeeb8c959a73e924c6fb40a7e83b6ee1a827,0f8839e075c23adc7a874f9e7611aff6b6a72958,持卡人消费,15公寓浴池,-2.0,33.44,3267,正常
2016/05/30 11:09:21,d3eebeeb8c959a73e924c6fb40a7e83b6ee1a827,0f8839e075c23adc7a874f9e7611aff6b6a72958,持卡人消费,学士楼商务网关,-5.3,28.14,3268,正常
2016/05/30 11:10:59,d3eebeeb8c959a73e924c6fb40a7e83b6ee1a827,0f8839e075c23adc7a874f9e7611aff6b6a72958,持卡人消费,学士楼商务网关,-2.0,26.14,3269,正常
2016/05/30 11:29:40,d3eebeeb8c959a73e924c6fb40a7e83b6ee1a827,0f8839e075c23adc7a874f9e7611aff6b6a72958,持卡人消费,超市商务子系统,-3.8,22.34,3270,正常
2016/05/30 18:46:38,d3eebeeb8c959a73e924c6fb40a7e83b6ee1a827,0f8839e075c23adc7a874f9e7611aff6b6a72958,存款,现金充值机,100.0,122.34,3271,正常
2016/05/30 19:11:26,d3eebeeb8c959a73e924c6fb40a7e83b6ee1a827,0f8839e075c23adc7a874f9e7611aff6b6a72958,持卡人消费,硕果园（工大商店）,-10.0,112.34,3272,正常
