交易发生时间,学号,姓名,交易类型,子系统名称,交易额,现有余额,次数,状态
2016/05/02 08:12:29,eee5d8bf0b2aca7690d26f05e9bed5c5117e287d,0fadc2f3cfd313c9ef533874fe52e36fee8ebeb4,持卡人消费,学士楼商务网关,-2.0,65.15,2734,正常
2016/05/02 11:35:59,eee5d8bf0b2aca7690d26f05e9bed5c5117e287d,0fadc2f3cfd313c9ef533874fe52e36fee8ebeb4,持卡人消费,硕果园（工大商店）,-15.0,50.15,2735,正常
2016/05/07 07:16:30,eee5d8bf0b2aca7690d26f05e9bed5c5117e287d,0fadc2f3cfd313c9ef533874fe52e36fee8ebeb4,持卡人消费,学士楼商务网关,-7.0,43.15,2736,正常
2016/05/07 11:32:30,eee5d8bf0b2aca7690d26f05e9bed5c5117e287d,0fadc2f3cfd313c9ef533874fe52e36fee8ebeb4,持卡人消费,学子楼商务网关,-6.4,36.75,2737,正常
2016/05/07 17:12:01,eee5d8bf0b2aca7690d26f05e9bed5c5117e287d,0fadc2f3cfd313c9ef533874fe52e36fee8ebeb4,持卡人消费,学士楼商务网关,-4.3,32.45,2738,正常
2016/05/07 17:17:04,eee5d8bf0b2aca7690d26f05e9bed5c5117e287d,0fadc2f3cfd313c9ef533874fe52e36fee8ebeb4,持卡人消费,学士楼商务网关,-5.0,27.45,2739,正常
2016/05/07 20:45:04,eee5d8bf0b2aca7690d26f05e9bed5c5117e287d,0fadc2f3cfd313c9ef533874fe52e36fee8ebeb4,持卡人消费,硕果园（工大商店）,-10.0,17.45,2740,正常
2016/05/11 20:10:34,eee5d8bf0b2aca7690d26f05e9bed5c5117e287d,0fadc2f3cfd313c9ef533874fe52e36fee8ebeb4,持卡人消费,硕果园（工大商店）,-11.0,6.45,2741,正常
2016/05/13 11:25:49,eee5d8bf0b2aca7690d26f05e9bed5c5117e287d,0fadc2f3cfd313c9ef533874fe52e36fee8ebeb4,持卡人消费,学士楼商务网关,-4.3,2.15,2742,正常
