交易发生时间,学号,姓名,交易类型,子系统名称,交易额,现有余额,次数,状态
2016/05/01 12:03:06,252acc4ca43f80edc04b9e2c0dea6263e2597a9d,0fd30f0de806695944b48d1d264c72940672fef3,持卡人消费,学苑楼商务网关,-6.0,60.69,4210,正常
2016/05/02 11:53:02,252acc4ca43f80edc04b9e2c0dea6263e2597a9d,0fd30f0de806695944b48d1d264c72940672fef3,持卡人消费,学苑楼商务网关,-7.0,53.69,4211,正常
2016/05/02 11:54:09,252acc4ca43f80edc04b9e2c0dea6263e2597a9d,0fd30f0de806695944b48d1d264c72940672fef3,持卡人消费,学苑楼商务网关,-0.8,52.89,4212,正常
2016/05/02 12:17:00,252acc4ca43f80edc04b9e2c0dea6263e2597a9d,0fd30f0de806695944b48d1d264c72940672fef3,持卡人消费,超市商务子系统,-10.9,41.99,4213,正常
2016/05/02 17:25:12,252acc4ca43f80edc04b9e2c0dea6263e2597a9d,0fd30f0de806695944b48d1d264c72940672fef3,持卡人消费,学苑楼商务网关,-7.8,34.19,4214,正常
2016/05/02 17:45:33,252acc4ca43f80edc04b9e2c0dea6263e2597a9d,0fd30f0de806695944b48d1d264c72940672fef3,持卡人消费,A18,-3.0,31.19,4215,正常
2016/05/03 07:55:05,252acc4ca43f80edc04b9e2c0dea6263e2597a9d,0fd30f0de806695944b48d1d264c72940672fef3,持卡人消费,学士楼商务网关,-2.6,28.59,4216,正常
2016/05/03 12:06:02,252acc4ca43f80edc04b9e2c0dea6263e2597a9d,0fd30f0de806695944b48d1d264c72940672fef3,持卡人消费,学苑楼商务网关,-6.0,22.59,4217,正常
2016/05/03 18:03:03,252acc4ca43f80edc04b9e2c0dea6263e2597a9d,0fd30f0de806695944b48d1d264c72940672fef3,持卡人消费,学苑楼商务网关,-4.8,17.79,4218,正常
2016/05/03 18:03:52,252acc4ca43f80edc04b9e2c0dea6263e2597a9d,0fd30f0de806695944b48d1d264c72940672fef3,持卡人消费,学苑楼商务网关,-1.5,16.29,4219,正常
2016/05/04 11:40:35,252acc4ca43f80edc04b9e2c0dea6263e2597a9d,0fd30f0de806695944b48d1d264c72940672fef3,持卡人消费,学苑楼商务网关,-8.0,8.29,4220,正常
2016/05/05 11:36:03,252acc4ca43f80edc04b9e2c0dea6263e2597a9d,0fd30f0de806695944b48d1d264c72940672fef3,存款,学苑楼综合业务3,100.0,108.29,4221,正常
2016/05/05 11:38:28,252acc4ca43f80edc04b9e2c0dea6263e2597a9d,0fd30f0de806695944b48d1d264c72940672fef3,持卡人消费,学苑楼商务网关,-8.0,100.29,4222,正常
2016/05/05 11:50:30,252acc4ca43f80edc04b9e2c0dea6263e2597a9d,0fd30f0de806695944b48d1d264c72940672fef3,持卡人消费,学苑楼商务网关,-8.8,91.49,4223,正常
2016/05/05 17:44:57,252acc4ca43f80edc04b9e2c0dea6263e2597a9d,0fd30f0de806695944b48d1d264c72940672fef3,持卡人消费,学苑楼商务网关,-8.64,82.85,4224,正常
2016/05/06 17:28:21,252acc4ca43f80edc04b9e2c0dea6263e2597a9d,0fd30f0de806695944b48d1d264c72940672fef3,持卡人消费,学苑楼商务网关,-7.0,75.85,4225,正常
2016/05/06 17:39:25,252acc4ca43f80edc04b9e2c0dea6263e2597a9d,0fd30f0de806695944b48d1d264c72940672fef3,持卡人消费,学苑楼商务网关,-8.8,67.05,4226,正常
2016/05/07 07:40:20,252acc4ca43f80edc04b9e2c0dea6263e2597a9d,0fd30f0de806695944b48d1d264c72940672fef3,持卡人消费,学士楼商务网关,-2.6,64.45,4227,正常
2016/05/07 11:28:18,252acc4ca43f80edc04b9e2c0dea6263e2597a9d,0fd30f0de806695944b48d1d264c72940672fef3,持卡人消费,学苑楼商务网关,-7.0,57.45,4228,正常
2016/05/07 11:45:22,252acc4ca43f80edc04b9e2c0dea6263e2597a9d,0fd30f0de806695944b48d1d264c72940672fef3,持卡人消费,学苑楼商务网关,-12.6,44.85,4229,正常
2016/05/08 11:37:30,252acc4ca43f80edc04b9e2c0dea6263e2597a9d,0fd30f0de806695944b48d1d264c72940672fef3,持卡人消费,学士楼商务网关,-6.1,38.75,4230,正常
2016/05/08 16:25:15,252acc4ca43f80edc04b9e2c0dea6263e2597a9d,0fd30f0de806695944b48d1d264c72940672fef3,持卡人消费,一校区水控新,-1.36,37.39,4232,正常
2016/05/08 16:31:51,252acc4ca43f80edc04b9e2c0dea6263e2597a9d,0fd30f0de806695944b48d1d264c72940672fef3,持卡人消费,一校区水控新,-0.59,36.80,4234,正常
2016/05/08 17:03:52,252acc4ca43f80edc04b9e2c0dea6263e2597a9d,0fd30f0de806695944b48d1d264c72940672fef3,持卡人消费,学苑楼商务网关,-7.0,29.80,4235,正常
2016/05/09 08:07:02,252acc4ca43f80edc04b9e2c0dea6263e2597a9d,0fd30f0de806695944b48d1d264c72940672fef3,持卡人消费,学士楼商务网关,-4.5,25.30,4236,正常
2016/05/09 11:40:03,252acc4ca43f80edc04b9e2c0dea6263e2597a9d,0fd30f0de806695944b48d1d264c72940672fef3,持卡人消费,学苑楼商务网关,-8.8,16.50,4237,正常
2016/05/09 17:15:05,252acc4ca43f80edc04b9e2c0dea6263e2597a9d,0fd30f0de806695944b48d1d264c72940672fef3,持卡人消费,学士楼商务网关,-9.6,6.90,4238,正常
2016/05/11 11:02:03,252acc4ca43f80edc04b9e2c0dea6263e2597a9d,0fd30f0de806695944b48d1d264c72940672fef3,存款,现金充值机,100.0,106.90,4239,正常
2016/05/11 11:25:41,252acc4ca43f80edc04b9e2c0dea6263e2597a9d,0fd30f0de806695944b48d1d264c72940672fef3,持卡人消费,学苑楼商务网关,-7.0,99.90,4240,正常
2016/05/11 17:43:00,252acc4ca43f80edc04b9e2c0dea6263e2597a9d,0fd30f0de806695944b48d1d264c72940672fef3,持卡人消费,学苑楼商务网关,-6.0,93.90,4241,正常
2016/05/12 11:26:43,252acc4ca43f80edc04b9e2c0dea6263e2597a9d,0fd30f0de806695944b48d1d264c72940672fef3,持卡人消费,学士楼商务网关,-9.8,84.10,4242,正常
2016/05/12 11:26:45,252acc4ca43f80edc04b9e2c0dea6263e2597a9d,0fd30f0de806695944b48d1d264c72940672fef3,持卡人消费,学士楼商务网关,-5.8,78.30,4243,正常
2016/05/13 11:38:25,252acc4ca43f80edc04b9e2c0dea6263e2597a9d,0fd30f0de806695944b48d1d264c72940672fef3,持卡人消费,学苑楼商务网关,-6.0,72.30,4244,正常
2016/05/13 18:58:01,252acc4ca43f80edc04b9e2c0dea6263e2597a9d,0fd30f0de806695944b48d1d264c72940672fef3,持卡人消费,硕果园（工大商店）,-0.6,71.70,4245,正常
2016/05/14 07:18:01,252acc4ca43f80edc04b9e2c0dea6263e2597a9d,0fd30f0de806695944b48d1d264c72940672fef3,持卡人消费,学苑楼商务网关,-2.0,69.70,4246,正常
2016/05/14 18:43:19,252acc4ca43f80edc04b9e2c0dea6263e2597a9d,0fd30f0de806695944b48d1d264c72940672fef3,持卡人消费,一校区水控新,-1.5,68.20,4247,正常
2016/05/14 18:43:27,252acc4ca43f80edc04b9e2c0dea6263e2597a9d,0fd30f0de806695944b48d1d264c72940672fef3,持卡人消费,一校区水控新,-0.01,68.19,4248,正常
2016/05/14 18:47:46,252acc4ca43f80edc04b9e2c0dea6263e2597a9d,0fd30f0de806695944b48d1d264c72940672fef3,持卡人消费,一校区水控新,-0.27,67.92,4249,正常
2016/05/14 21:16:41,252acc4ca43f80edc04b9e2c0dea6263e2597a9d,0fd30f0de806695944b48d1d264c72940672fef3,持卡人消费,A18,-3.0,64.92,4250,正常
2016/05/15 21:19:08,252acc4ca43f80edc04b9e2c0dea6263e2597a9d,0fd30f0de806695944b48d1d264c72940672fef3,持卡人消费,超市商务子系统,-8.1,56.82,4251,正常
2016/05/16 11:47:21,252acc4ca43f80edc04b9e2c0dea6263e2597a9d,0fd30f0de806695944b48d1d264c72940672fef3,持卡人消费,学苑楼商务网关,-8.8,48.02,4252,正常
2016/05/16 17:22:39,252acc4ca43f80edc04b9e2c0dea6263e2597a9d,0fd30f0de806695944b48d1d264c72940672fef3,持卡人消费,学苑楼商务网关,-1.0,47.02,4253,正常
2016/05/16 17:22:55,252acc4ca43f80edc04b9e2c0dea6263e2597a9d,0fd30f0de806695944b48d1d264c72940672fef3,持卡人消费,学苑楼商务网关,-1.5,45.52,4254,正常
2016/05/16 17:23:13,252acc4ca43f80edc04b9e2c0dea6263e2597a9d,0fd30f0de806695944b48d1d264c72940672fef3,持卡人消费,学苑楼商务网关,-3.3,42.22,4255,正常
2016/05/16 17:24:11,252acc4ca43f80edc04b9e2c0dea6263e2597a9d,0fd30f0de806695944b48d1d264c72940672fef3,持卡人消费,学苑楼商务网关,-3.0,39.22,4256,正常
2016/05/16 17:24:54,252acc4ca43f80edc04b9e2c0dea6263e2597a9d,0fd30f0de806695944b48d1d264c72940672fef3,持卡人消费,学苑楼商务网关,-4.4,34.82,4257,正常
2016/05/17 11:13:07,252acc4ca43f80edc04b9e2c0dea6263e2597a9d,0fd30f0de806695944b48d1d264c72940672fef3,持卡人消费,学苑楼商务网关,-7.8,27.02,4258,正常
2016/05/18 17:50:03,252acc4ca43f80edc04b9e2c0dea6263e2597a9d,0fd30f0de806695944b48d1d264c72940672fef3,持卡人消费,学苑楼商务网关,-8.8,18.22,4259,正常
2016/05/19 11:19:51,252acc4ca43f80edc04b9e2c0dea6263e2597a9d,0fd30f0de806695944b48d1d264c72940672fef3,持卡人消费,学苑楼商务网关,-7.0,11.22,4260,正常
2016/05/19 16:22:33,252acc4ca43f80edc04b9e2c0dea6263e2597a9d,0fd30f0de806695944b48d1d264c72940672fef3,持卡人消费,超市商务子系统,-3.4,7.82,4261,正常
2016/05/19 18:07:06,252acc4ca43f80edc04b9e2c0dea6263e2597a9d,0fd30f0de806695944b48d1d264c72940672fef3,持卡人消费,一校区水控新,-0.91,6.91,4263,正常
2016/05/19 18:14:10,252acc4ca43f80edc04b9e2c0dea6263e2597a9d,0fd30f0de806695944b48d1d264c72940672fef3,持卡人消费,一校区水控新,-0.53,6.38,4265,正常
2016/05/21 08:26:35,252acc4ca43f80edc04b9e2c0dea6263e2597a9d,0fd30f0de806695944b48d1d264c72940672fef3,持卡人消费,学士楼商务网关,-4.2,2.18,4266,正常
2016/05/23 08:40:58,252acc4ca43f80edc04b9e2c0dea6263e2597a9d,0fd30f0de806695944b48d1d264c72940672fef3,存款,现金充值机,100.0,102.18,4267,正常
2016/05/23 11:30:44,252acc4ca43f80edc04b9e2c0dea6263e2597a9d,0fd30f0de806695944b48d1d264c72940672fef3,持卡人消费,学苑楼商务网关,-9.0,93.18,4268,正常
2016/05/23 18:06:29,252acc4ca43f80edc04b9e2c0dea6263e2597a9d,0fd30f0de806695944b48d1d264c72940672fef3,持卡人消费,学苑楼商务网关,-6.0,87.18,4269,正常
2016/05/24 22:44:04,252acc4ca43f80edc04b9e2c0dea6263e2597a9d,0fd30f0de806695944b48d1d264c72940672fef3,持卡人消费,A18,-3.0,84.18,4270,正常
2016/05/25 11:36:06,252acc4ca43f80edc04b9e2c0dea6263e2597a9d,0fd30f0de806695944b48d1d264c72940672fef3,持卡人消费,学苑楼商务网关,-8.8,75.38,4271,正常
2016/05/25 17:24:44,252acc4ca43f80edc04b9e2c0dea6263e2597a9d,0fd30f0de806695944b48d1d264c72940672fef3,持卡人消费,学苑楼商务网关,-7.0,68.38,4272,正常
2016/05/25 19:06:21,252acc4ca43f80edc04b9e2c0dea6263e2597a9d,0fd30f0de806695944b48d1d264c72940672fef3,持卡人消费,一校区水控新,-1.15,67.23,4273,正常
2016/05/25 19:11:40,252acc4ca43f80edc04b9e2c0dea6263e2597a9d,0fd30f0de806695944b48d1d264c72940672fef3,持卡人消费,一校区水控新,-0.52,66.71,4274,正常
2016/05/26 11:45:42,252acc4ca43f80edc04b9e2c0dea6263e2597a9d,0fd30f0de806695944b48d1d264c72940672fef3,持卡人消费,学苑楼商务网关,-7.0,59.71,4275,正常
2016/05/26 17:10:56,252acc4ca43f80edc04b9e2c0dea6263e2597a9d,0fd30f0de806695944b48d1d264c72940672fef3,持卡人消费,学苑楼商务网关,-10.0,49.71,4276,正常
2016/05/27 08:33:05,252acc4ca43f80edc04b9e2c0dea6263e2597a9d,0fd30f0de806695944b48d1d264c72940672fef3,持卡人消费,学士楼商务网关,-3.5,46.21,4277,正常
2016/05/27 11:50:48,252acc4ca43f80edc04b9e2c0dea6263e2597a9d,0fd30f0de806695944b48d1d264c72940672fef3,持卡人消费,学苑楼商务网关,-3.8,42.41,4278,正常
2016/05/27 11:52:26,252acc4ca43f80edc04b9e2c0dea6263e2597a9d,0fd30f0de806695944b48d1d264c72940672fef3,持卡人消费,学苑楼商务网关,-4.0,38.41,4279,正常
2016/05/29 11:59:40,252acc4ca43f80edc04b9e2c0dea6263e2597a9d,0fd30f0de806695944b48d1d264c72940672fef3,持卡人消费,学苑楼商务网关,-6.0,32.41,4280,正常
2016/05/29 14:31:56,252acc4ca43f80edc04b9e2c0dea6263e2597a9d,0fd30f0de806695944b48d1d264c72940672fef3,持卡人消费,超市商务子系统,-1.5,30.91,4281,正常
2016/05/30 12:26:56,252acc4ca43f80edc04b9e2c0dea6263e2597a9d,0fd30f0de806695944b48d1d264c72940672fef3,持卡人消费,一校区水控新,-0.85,30.06,4283,正常
2016/05/30 12:32:14,252acc4ca43f80edc04b9e2c0dea6263e2597a9d,0fd30f0de806695944b48d1d264c72940672fef3,持卡人消费,一校区水控新,-0.42,29.64,4285,正常
2016/05/30 12:44:42,252acc4ca43f80edc04b9e2c0dea6263e2597a9d,0fd30f0de806695944b48d1d264c72940672fef3,持卡人消费,学士楼商务网关,-4.6,25.04,4286,正常
2016/05/30 12:58:58,252acc4ca43f80edc04b9e2c0dea6263e2597a9d,0fd30f0de806695944b48d1d264c72940672fef3,持卡人消费,超市商务子系统,-4.0,21.04,4287,正常
2016/05/31 09:26:13,252acc4ca43f80edc04b9e2c0dea6263e2597a9d,0fd30f0de806695944b48d1d264c72940672fef3,持卡人消费,学士楼商务网关,-3.8,17.24,4288,正常
2016/05/31 09:36:45,252acc4ca43f80edc04b9e2c0dea6263e2597a9d,0fd30f0de806695944b48d1d264c72940672fef3,持卡人消费,超市商务子系统,-4.0,13.24,4289,正常
2016/05/31 11:46:04,252acc4ca43f80edc04b9e2c0dea6263e2597a9d,0fd30f0de806695944b48d1d264c72940672fef3,持卡人消费,学苑楼商务网关,-6.0,7.24,4290,正常
2016/05/31 17:34:22,252acc4ca43f80edc04b9e2c0dea6263e2597a9d,0fd30f0de806695944b48d1d264c72940672fef3,存款,学苑楼综合业务2,100.0,107.24,4291,正常
2016/05/31 17:37:02,252acc4ca43f80edc04b9e2c0dea6263e2597a9d,0fd30f0de806695944b48d1d264c72940672fef3,持卡人消费,学苑楼商务网关,-7.0,100.24,4292,正常
