交易发生时间,学号,姓名,交易类型,子系统名称,交易额,现有余额,次数,状态
2016/05/01 16:40:51,908a7e280e433ac071b250c5613ab1918679d47c,104683296af6a51ab0a262cd5f2e76d1ced610ff,持卡人消费,硕果园（工大商店）,-10.0,80.43,3337,正常
2016/05/02 17:20:45,908a7e280e433ac071b250c5613ab1918679d47c,104683296af6a51ab0a262cd5f2e76d1ced610ff,持卡人消费,学士楼商务网关,-6.8,73.63,3338,正常
2016/05/03 17:21:00,908a7e280e433ac071b250c5613ab1918679d47c,104683296af6a51ab0a262cd5f2e76d1ced610ff,持卡人消费,学苑楼商务网关,-8.0,65.63,3339,正常
2016/05/05 18:02:30,908a7e280e433ac071b250c5613ab1918679d47c,104683296af6a51ab0a262cd5f2e76d1ced610ff,存款,卡中心综合业务,100.0,165.63,3340,正常
2016/05/05 18:06:55,908a7e280e433ac071b250c5613ab1918679d47c,104683296af6a51ab0a262cd5f2e76d1ced610ff,持卡人消费,硕果园（工大商店）,-14.0,151.63,3341,正常
2016/05/06 12:04:26,908a7e280e433ac071b250c5613ab1918679d47c,104683296af6a51ab0a262cd5f2e76d1ced610ff,持卡人消费,学士楼商务网关,-3.4,148.23,3342,正常
2016/05/06 12:04:33,908a7e280e433ac071b250c5613ab1918679d47c,104683296af6a51ab0a262cd5f2e76d1ced610ff,持卡人消费,学士楼商务网关,-0.4,147.83,3343,正常
2016/05/06 12:05:28,908a7e280e433ac071b250c5613ab1918679d47c,104683296af6a51ab0a262cd5f2e76d1ced610ff,持卡人消费,学士楼商务网关,-3.0,144.83,3344,正常
2016/05/06 16:00:58,908a7e280e433ac071b250c5613ab1918679d47c,104683296af6a51ab0a262cd5f2e76d1ced610ff,持卡人消费,15公寓浴池,-2.0,142.83,3345,正常
2016/05/06 17:59:30,908a7e280e433ac071b250c5613ab1918679d47c,104683296af6a51ab0a262cd5f2e76d1ced610ff,持卡人消费,学士楼商务网关,-3.3,139.53,3346,正常
2016/05/07 11:25:48,908a7e280e433ac071b250c5613ab1918679d47c,104683296af6a51ab0a262cd5f2e76d1ced610ff,持卡人消费,学士楼商务网关,-7.3,132.23,3347,正常
2016/05/07 17:07:18,908a7e280e433ac071b250c5613ab1918679d47c,104683296af6a51ab0a262cd5f2e76d1ced610ff,持卡人消费,学士楼商务网关,-5.8,126.43,3348,正常
2016/05/08 18:12:45,908a7e280e433ac071b250c5613ab1918679d47c,104683296af6a51ab0a262cd5f2e76d1ced610ff,持卡人消费,学士楼商务网关,-6.0,120.43,3349,正常
2016/05/09 11:16:06,908a7e280e433ac071b250c5613ab1918679d47c,104683296af6a51ab0a262cd5f2e76d1ced610ff,持卡人消费,学士楼商务网关,-2.0,115.03,3352,正常
2016/05/09 17:04:56,908a7e280e433ac071b250c5613ab1918679d47c,104683296af6a51ab0a262cd5f2e76d1ced610ff,持卡人消费,硕果园（工大商店）,-12.0,103.03,3353,正常
2016/05/10 18:13:15,908a7e280e433ac071b250c5613ab1918679d47c,104683296af6a51ab0a262cd5f2e76d1ced610ff,持卡人消费,学士楼商务网关,-3.8,99.23,3354,正常
2016/05/10 18:21:15,908a7e280e433ac071b250c5613ab1918679d47c,104683296af6a51ab0a262cd5f2e76d1ced610ff,持卡人消费,学士楼商务网关,-2.0,97.23,3355,正常
2016/05/12 11:32:59,908a7e280e433ac071b250c5613ab1918679d47c,104683296af6a51ab0a262cd5f2e76d1ced610ff,持卡人消费,网络中心,-30.0,67.23,3356,正常
2016/05/12 18:05:04,908a7e280e433ac071b250c5613ab1918679d47c,104683296af6a51ab0a262cd5f2e76d1ced610ff,持卡人消费,学士楼商务网关,-5.0,62.23,3357,正常
2016/05/13 12:22:08,908a7e280e433ac071b250c5613ab1918679d47c,104683296af6a51ab0a262cd5f2e76d1ced610ff,持卡人消费,15公寓浴池,-0.21,62.02,3359,正常
2016/05/13 12:23:52,908a7e280e433ac071b250c5613ab1918679d47c,104683296af6a51ab0a262cd5f2e76d1ced610ff,持卡人消费,15公寓浴池,-0.27,61.75,3361,正常
2016/05/13 12:34:24,908a7e280e433ac071b250c5613ab1918679d47c,104683296af6a51ab0a262cd5f2e76d1ced610ff,持卡人消费,15公寓浴池,-2.0,59.75,3362,正常
2016/05/13 12:43:18,908a7e280e433ac071b250c5613ab1918679d47c,104683296af6a51ab0a262cd5f2e76d1ced610ff,持卡人消费,15公寓浴池,-1.7,58.05,3364,正常
2016/05/13 17:38:02,908a7e280e433ac071b250c5613ab1918679d47c,104683296af6a51ab0a262cd5f2e76d1ced610ff,持卡人消费,学士楼商务网关,-8.8,49.25,3365,正常
2016/05/14 17:55:38,908a7e280e433ac071b250c5613ab1918679d47c,104683296af6a51ab0a262cd5f2e76d1ced610ff,持卡人消费,学士楼商务网关,-6.0,43.25,3366,正常
2016/05/14 18:12:09,908a7e280e433ac071b250c5613ab1918679d47c,104683296af6a51ab0a262cd5f2e76d1ced610ff,持卡人消费,学士楼商务网关,-2.0,41.25,3367,正常
2016/05/15 18:04:22,908a7e280e433ac071b250c5613ab1918679d47c,104683296af6a51ab0a262cd5f2e76d1ced610ff,持卡人消费,学士楼商务网关,-3.8,37.45,3368,正常
2016/05/15 18:11:42,908a7e280e433ac071b250c5613ab1918679d47c,104683296af6a51ab0a262cd5f2e76d1ced610ff,持卡人消费,学士楼商务网关,-2.0,35.45,3369,正常
2016/05/15 18:12:31,908a7e280e433ac071b250c5613ab1918679d47c,104683296af6a51ab0a262cd5f2e76d1ced610ff,持卡人消费,学士楼商务网关,-2.0,33.45,3370,正常
2016/05/16 12:32:33,908a7e280e433ac071b250c5613ab1918679d47c,104683296af6a51ab0a262cd5f2e76d1ced610ff,持卡人消费,学士楼商务网关,-2.0,31.45,3371,正常
2016/05/16 12:33:09,908a7e280e433ac071b250c5613ab1918679d47c,104683296af6a51ab0a262cd5f2e76d1ced610ff,持卡人消费,学士楼商务网关,-0.4,31.05,3372,正常
2016/05/16 12:34:22,908a7e280e433ac071b250c5613ab1918679d47c,104683296af6a51ab0a262cd5f2e76d1ced610ff,持卡人消费,学士楼商务网关,-2.0,29.05,3373,正常
2016/05/17 12:26:09,908a7e280e433ac071b250c5613ab1918679d47c,104683296af6a51ab0a262cd5f2e76d1ced610ff,持卡人消费,学士楼商务网关,-5.3,23.75,3374,正常
2016/05/17 12:35:22,908a7e280e433ac071b250c5613ab1918679d47c,104683296af6a51ab0a262cd5f2e76d1ced610ff,持卡人消费,学士楼商务网关,-2.0,21.75,3375,正常
2016/05/17 18:02:58,908a7e280e433ac071b250c5613ab1918679d47c,104683296af6a51ab0a262cd5f2e76d1ced610ff,持卡人消费,学士楼商务网关,-1.4,20.35,3376,正常
2016/05/17 18:03:18,908a7e280e433ac071b250c5613ab1918679d47c,104683296af6a51ab0a262cd5f2e76d1ced610ff,持卡人消费,学士楼商务网关,-0.4,19.95,3377,正常
2016/05/17 18:04:49,908a7e280e433ac071b250c5613ab1918679d47c,104683296af6a51ab0a262cd5f2e76d1ced610ff,持卡人消费,学士楼商务网关,-2.0,17.95,3378,正常
2016/05/18 16:56:40,908a7e280e433ac071b250c5613ab1918679d47c,104683296af6a51ab0a262cd5f2e76d1ced610ff,持卡人消费,15公寓浴池,-2.0,15.95,3379,正常
2016/05/18 17:02:35,908a7e280e433ac071b250c5613ab1918679d47c,104683296af6a51ab0a262cd5f2e76d1ced610ff,持卡人消费,15公寓浴池,-1.12,14.83,3381,正常
2016/05/20 11:32:10,908a7e280e433ac071b250c5613ab1918679d47c,104683296af6a51ab0a262cd5f2e76d1ced610ff,持卡人消费,学苑楼商务网关,-6.0,8.83,3382,正常
2016/05/20 17:36:39,908a7e280e433ac071b250c5613ab1918679d47c,104683296af6a51ab0a262cd5f2e76d1ced610ff,持卡人消费,学士楼商务网关,-2.0,6.83,3383,正常
2016/05/20 17:37:23,908a7e280e433ac071b250c5613ab1918679d47c,104683296af6a51ab0a262cd5f2e76d1ced610ff,持卡人消费,学士楼商务网关,-0.4,6.43,3384,正常
2016/05/20 17:39:13,908a7e280e433ac071b250c5613ab1918679d47c,104683296af6a51ab0a262cd5f2e76d1ced610ff,持卡人消费,学士楼商务网关,-2.0,4.43,3385,正常
2016/05/21 14:27:51,908a7e280e433ac071b250c5613ab1918679d47c,104683296af6a51ab0a262cd5f2e76d1ced610ff,存款,现金充值机,200.0,204.43,3386,正常
2016/05/21 17:14:06,908a7e280e433ac071b250c5613ab1918679d47c,104683296af6a51ab0a262cd5f2e76d1ced610ff,持卡人消费,学苑楼商务网关,-6.0,198.43,3387,正常
2016/05/22 11:23:40,908a7e280e433ac071b250c5613ab1918679d47c,104683296af6a51ab0a262cd5f2e76d1ced610ff,持卡人消费,学士楼商务网关,-4.1,194.33,3388,正常
2016/05/22 17:10:40,908a7e280e433ac071b250c5613ab1918679d47c,104683296af6a51ab0a262cd5f2e76d1ced610ff,持卡人消费,学士楼商务网关,-7.6,186.73,3389,正常
2016/05/24 11:21:34,908a7e280e433ac071b250c5613ab1918679d47c,104683296af6a51ab0a262cd5f2e76d1ced610ff,持卡人消费,硕果园（工大商店）,-9.0,177.73,3390,正常
2016/05/25 11:43:39,908a7e280e433ac071b250c5613ab1918679d47c,104683296af6a51ab0a262cd5f2e76d1ced610ff,持卡人消费,学士楼商务网关,-6.5,171.23,3391,正常
2016/05/25 17:49:36,908a7e280e433ac071b250c5613ab1918679d47c,104683296af6a51ab0a262cd5f2e76d1ced610ff,持卡人消费,15公寓浴池,-2.0,169.23,3392,正常
2016/05/25 17:49:54,908a7e280e433ac071b250c5613ab1918679d47c,104683296af6a51ab0a262cd5f2e76d1ced610ff,持卡人消费,15公寓浴池,-2.0,167.23,3393,正常
2016/05/25 17:52:21,908a7e280e433ac071b250c5613ab1918679d47c,104683296af6a51ab0a262cd5f2e76d1ced610ff,持卡人消费,15公寓浴池,-0.51,164.72,3396,正常
2016/05/25 17:57:36,908a7e280e433ac071b250c5613ab1918679d47c,104683296af6a51ab0a262cd5f2e76d1ced610ff,持卡人消费,15公寓浴池,-1.2,165.52,3397,正常
2016/05/25 18:12:29,908a7e280e433ac071b250c5613ab1918679d47c,104683296af6a51ab0a262cd5f2e76d1ced610ff,持卡人消费,学士楼商务网关,-3.0,162.52,3398,正常
2016/05/25 18:12:56,908a7e280e433ac071b250c5613ab1918679d47c,104683296af6a51ab0a262cd5f2e76d1ced610ff,持卡人消费,学士楼商务网关,-0.2,162.32,3399,正常
2016/05/25 18:14:24,908a7e280e433ac071b250c5613ab1918679d47c,104683296af6a51ab0a262cd5f2e76d1ced610ff,持卡人消费,学士楼商务网关,-2.5,159.82,3400,正常
2016/05/27 11:50:22,908a7e280e433ac071b250c5613ab1918679d47c,104683296af6a51ab0a262cd5f2e76d1ced610ff,持卡人消费,学士楼商务网关,-8.5,151.32,3401,正常
2016/05/27 22:23:57,908a7e280e433ac071b250c5613ab1918679d47c,104683296af6a51ab0a262cd5f2e76d1ced610ff,持卡人消费,A2,-3.0,148.32,3402,正常
2016/05/28 10:44:19,908a7e280e433ac071b250c5613ab1918679d47c,104683296af6a51ab0a262cd5f2e76d1ced610ff,持卡人消费,学士楼商务网关,-4.8,143.52,3403,正常
2016/05/29 08:29:42,908a7e280e433ac071b250c5613ab1918679d47c,104683296af6a51ab0a262cd5f2e76d1ced610ff,持卡人消费,学苑楼商务网关,-9.0,134.52,3404,正常
2016/05/29 17:53:10,908a7e280e433ac071b250c5613ab1918679d47c,104683296af6a51ab0a262cd5f2e76d1ced610ff,持卡人消费,学士楼商务网关,-3.0,131.52,3405,正常
2016/05/29 17:53:46,908a7e280e433ac071b250c5613ab1918679d47c,104683296af6a51ab0a262cd5f2e76d1ced610ff,持卡人消费,学士楼商务网关,-0.2,131.32,3406,正常
2016/05/29 19:12:58,908a7e280e433ac071b250c5613ab1918679d47c,104683296af6a51ab0a262cd5f2e76d1ced610ff,持卡人消费,学士楼商务网关,-12.0,119.32,3407,正常
2016/05/30 11:39:52,908a7e280e433ac071b250c5613ab1918679d47c,104683296af6a51ab0a262cd5f2e76d1ced610ff,持卡人消费,学苑楼商务网关,-9.0,110.32,3408,正常
2016/05/30 18:40:50,908a7e280e433ac071b250c5613ab1918679d47c,104683296af6a51ab0a262cd5f2e76d1ced610ff,持卡人消费,硕果园（工大商店）,-16.0,94.32,3409,正常
2016/05/31 10:58:57,908a7e280e433ac071b250c5613ab1918679d47c,104683296af6a51ab0a262cd5f2e76d1ced610ff,持卡人消费,学子楼商务网关,-5.5,88.82,3410,正常
2016/05/31 17:18:56,908a7e280e433ac071b250c5613ab1918679d47c,104683296af6a51ab0a262cd5f2e76d1ced610ff,持卡人消费,学士楼商务网关,-9.0,79.82,3411,正常
