交易发生时间,学号,姓名,交易类型,子系统名称,交易额,现有余额,次数,状态
2016/05/01 09:52:21,54de27000baef9b5df4ce51a53a414fb6dd6eef4,104e2d15a631c82edb39783fde56a1e7b58af020,持卡人消费,学子便利店A01后楼,-2.7,56.09,6428,正常
2016/05/01 11:40:14,54de27000baef9b5df4ce51a53a414fb6dd6eef4,104e2d15a631c82edb39783fde56a1e7b58af020,持卡人消费,南苑网关,-0.2,55.89,6429,正常
2016/05/01 11:40:28,54de27000baef9b5df4ce51a53a414fb6dd6eef4,104e2d15a631c82edb39783fde56a1e7b58af020,持卡人消费,南苑网关,-10.32,45.57,6430,正常
2016/05/01 17:46:14,54de27000baef9b5df4ce51a53a414fb6dd6eef4,104e2d15a631c82edb39783fde56a1e7b58af020,持卡人消费,南苑网关,-0.2,45.37,6431,正常
2016/05/01 17:46:26,54de27000baef9b5df4ce51a53a414fb6dd6eef4,104e2d15a631c82edb39783fde56a1e7b58af020,持卡人消费,南苑网关,-10.08,35.29,6432,正常
2016/05/01 21:54:23,54de27000baef9b5df4ce51a53a414fb6dd6eef4,104e2d15a631c82edb39783fde56a1e7b58af020,持卡人消费,学子便利店A01后楼,-1.7,33.59,6433,正常
2016/05/02 11:35:05,54de27000baef9b5df4ce51a53a414fb6dd6eef4,104e2d15a631c82edb39783fde56a1e7b58af020,存款,现金充值机,200.0,233.59,6434,正常
2016/05/02 11:58:50,54de27000baef9b5df4ce51a53a414fb6dd6eef4,104e2d15a631c82edb39783fde56a1e7b58af020,持卡人消费,学士楼商务网关,-5.1,228.49,6435,正常
2016/05/02 17:07:39,54de27000baef9b5df4ce51a53a414fb6dd6eef4,104e2d15a631c82edb39783fde56a1e7b58af020,持卡人消费,学苑楼商务网关,-6.0,222.49,6436,正常
2016/05/02 17:08:02,54de27000baef9b5df4ce51a53a414fb6dd6eef4,104e2d15a631c82edb39783fde56a1e7b58af020,持卡人消费,学苑楼商务网关,-4.4,218.09,6437,正常
2016/05/02 17:09:06,54de27000baef9b5df4ce51a53a414fb6dd6eef4,104e2d15a631c82edb39783fde56a1e7b58af020,持卡人消费,学苑楼商务网关,-0.6,217.49,6438,正常
2016/05/02 17:28:14,54de27000baef9b5df4ce51a53a414fb6dd6eef4,104e2d15a631c82edb39783fde56a1e7b58af020,持卡人消费,学苑楼商务网关,-13.4,204.09,6439,正常
2016/05/02 17:33:29,54de27000baef9b5df4ce51a53a414fb6dd6eef4,104e2d15a631c82edb39783fde56a1e7b58af020,持卡人消费,超市商务子系统,-2.7,201.39,6440,正常
2016/05/03 08:38:51,54de27000baef9b5df4ce51a53a414fb6dd6eef4,104e2d15a631c82edb39783fde56a1e7b58af020,持卡人消费,学士楼商务网关,-2.0,199.39,6441,正常
2016/05/03 08:39:13,54de27000baef9b5df4ce51a53a414fb6dd6eef4,104e2d15a631c82edb39783fde56a1e7b58af020,持卡人消费,学士楼商务网关,-2.7,196.69,6442,正常
2016/05/03 19:15:56,54de27000baef9b5df4ce51a53a414fb6dd6eef4,104e2d15a631c82edb39783fde56a1e7b58af020,持卡人消费,学士楼商务网关,-7.0,189.69,6443,正常
2016/05/03 19:16:54,54de27000baef9b5df4ce51a53a414fb6dd6eef4,104e2d15a631c82edb39783fde56a1e7b58af020,持卡人消费,学士楼商务网关,-2.9,186.79,6444,正常
2016/05/04 11:16:15,54de27000baef9b5df4ce51a53a414fb6dd6eef4,104e2d15a631c82edb39783fde56a1e7b58af020,持卡人消费,南苑网关,-0.2,186.59,6445,正常
2016/05/04 11:16:49,54de27000baef9b5df4ce51a53a414fb6dd6eef4,104e2d15a631c82edb39783fde56a1e7b58af020,持卡人消费,南苑网关,-10.3,176.29,6446,正常
2016/05/04 17:25:30,54de27000baef9b5df4ce51a53a414fb6dd6eef4,104e2d15a631c82edb39783fde56a1e7b58af020,持卡人消费,南苑网关,-7.0,169.29,6447,正常
2016/05/04 17:37:59,54de27000baef9b5df4ce51a53a414fb6dd6eef4,104e2d15a631c82edb39783fde56a1e7b58af020,持卡人消费,南苑网关,-2.4,166.89,6448,正常
2016/05/04 20:23:07,54de27000baef9b5df4ce51a53a414fb6dd6eef4,104e2d15a631c82edb39783fde56a1e7b58af020,持卡人消费,15公寓浴池,-1.38,165.51,6450,正常
2016/05/04 20:32:45,54de27000baef9b5df4ce51a53a414fb6dd6eef4,104e2d15a631c82edb39783fde56a1e7b58af020,持卡人消费,15公寓浴池,-1.1,164.41,6452,正常
2016/05/05 08:47:17,54de27000baef9b5df4ce51a53a414fb6dd6eef4,104e2d15a631c82edb39783fde56a1e7b58af020,持卡人消费,学士楼商务网关,-2.0,162.41,6453,正常
2016/05/05 08:47:52,54de27000baef9b5df4ce51a53a414fb6dd6eef4,104e2d15a631c82edb39783fde56a1e7b58af020,持卡人消费,学士楼商务网关,-2.7,159.71,6454,正常
2016/05/05 17:41:45,54de27000baef9b5df4ce51a53a414fb6dd6eef4,104e2d15a631c82edb39783fde56a1e7b58af020,持卡人消费,南苑网关,-7.9,151.81,6455,正常
2016/05/05 17:43:02,54de27000baef9b5df4ce51a53a414fb6dd6eef4,104e2d15a631c82edb39783fde56a1e7b58af020,持卡人消费,南苑网关,-0.4,151.41,6456,正常
2016/05/05 19:00:22,54de27000baef9b5df4ce51a53a414fb6dd6eef4,104e2d15a631c82edb39783fde56a1e7b58af020,持卡人消费,学子便利店A01后楼,-2.5,148.91,6457,正常
2016/05/06 08:54:46,54de27000baef9b5df4ce51a53a414fb6dd6eef4,104e2d15a631c82edb39783fde56a1e7b58af020,持卡人消费,学士楼商务网关,-2.0,146.91,6458,正常
2016/05/06 08:55:09,54de27000baef9b5df4ce51a53a414fb6dd6eef4,104e2d15a631c82edb39783fde56a1e7b58af020,持卡人消费,学士楼商务网关,-2.7,144.21,6459,正常
2016/05/06 11:40:25,54de27000baef9b5df4ce51a53a414fb6dd6eef4,104e2d15a631c82edb39783fde56a1e7b58af020,持卡人消费,学士楼商务网关,-12.6,131.61,6460,正常
2016/05/06 17:25:49,54de27000baef9b5df4ce51a53a414fb6dd6eef4,104e2d15a631c82edb39783fde56a1e7b58af020,持卡人消费,南苑网关,-4.6,127.01,6461,正常
2016/05/06 17:27:01,54de27000baef9b5df4ce51a53a414fb6dd6eef4,104e2d15a631c82edb39783fde56a1e7b58af020,持卡人消费,南苑网关,-2.5,124.51,6462,正常
2016/05/06 20:53:35,54de27000baef9b5df4ce51a53a414fb6dd6eef4,104e2d15a631c82edb39783fde56a1e7b58af020,持卡人消费,学子便利店A01后楼,-2.0,122.51,6463,正常
2016/05/07 11:43:39,54de27000baef9b5df4ce51a53a414fb6dd6eef4,104e2d15a631c82edb39783fde56a1e7b58af020,持卡人消费,学子楼商务网关,-3.0,119.51,6464,正常
2016/05/07 11:44:47,54de27000baef9b5df4ce51a53a414fb6dd6eef4,104e2d15a631c82edb39783fde56a1e7b58af020,持卡人消费,学子楼商务网关,-7.2,112.31,6465,正常
2016/05/07 12:11:38,54de27000baef9b5df4ce51a53a414fb6dd6eef4,104e2d15a631c82edb39783fde56a1e7b58af020,持卡人消费,超市商务子系统,-11.4,100.91,6466,正常
2016/05/08 07:42:29,54de27000baef9b5df4ce51a53a414fb6dd6eef4,104e2d15a631c82edb39783fde56a1e7b58af020,持卡人消费,学士楼商务网关,-2.6,98.31,6467,正常
2016/05/08 07:42:52,54de27000baef9b5df4ce51a53a414fb6dd6eef4,104e2d15a631c82edb39783fde56a1e7b58af020,持卡人消费,学士楼商务网关,-2.1,96.21,6468,正常
2016/05/08 20:19:40,54de27000baef9b5df4ce51a53a414fb6dd6eef4,104e2d15a631c82edb39783fde56a1e7b58af020,持卡人消费,一校区水控新,-1.36,94.85,6470,正常
2016/05/08 20:29:53,54de27000baef9b5df4ce51a53a414fb6dd6eef4,104e2d15a631c82edb39783fde56a1e7b58af020,持卡人消费,一校区水控新,-1.23,93.62,6472,正常
2016/05/09 11:03:40,54de27000baef9b5df4ce51a53a414fb6dd6eef4,104e2d15a631c82edb39783fde56a1e7b58af020,持卡人消费,南苑网关,-0.2,93.42,6473,正常
2016/05/09 11:04:20,54de27000baef9b5df4ce51a53a414fb6dd6eef4,104e2d15a631c82edb39783fde56a1e7b58af020,持卡人消费,南苑网关,-11.52,81.90,6474,正常
2016/05/09 13:44:09,54de27000baef9b5df4ce51a53a414fb6dd6eef4,104e2d15a631c82edb39783fde56a1e7b58af020,持卡人消费,学子便利店A01后楼,-5.0,76.90,6475,正常
2016/05/10 11:50:23,54de27000baef9b5df4ce51a53a414fb6dd6eef4,104e2d15a631c82edb39783fde56a1e7b58af020,持卡人消费,南苑网关,-0.2,76.70,6476,正常
2016/05/10 11:51:19,54de27000baef9b5df4ce51a53a414fb6dd6eef4,104e2d15a631c82edb39783fde56a1e7b58af020,持卡人消费,南苑网关,-10.56,66.14,6477,正常
2016/05/10 12:00:34,54de27000baef9b5df4ce51a53a414fb6dd6eef4,104e2d15a631c82edb39783fde56a1e7b58af020,持卡人消费,南苑网关,-3.0,63.14,6478,正常
2016/05/11 09:42:54,54de27000baef9b5df4ce51a53a414fb6dd6eef4,104e2d15a631c82edb39783fde56a1e7b58af020,持卡人消费,学士楼商务网关,-2.0,61.14,6479,正常
2016/05/11 09:44:19,54de27000baef9b5df4ce51a53a414fb6dd6eef4,104e2d15a631c82edb39783fde56a1e7b58af020,持卡人消费,学士楼商务网关,-0.4,60.74,6480,正常
2016/05/11 10:04:14,54de27000baef9b5df4ce51a53a414fb6dd6eef4,104e2d15a631c82edb39783fde56a1e7b58af020,持卡人消费,超市商务子系统,-22.8,37.94,6481,正常
2016/05/11 17:38:18,54de27000baef9b5df4ce51a53a414fb6dd6eef4,104e2d15a631c82edb39783fde56a1e7b58af020,存款,卡中心综合业务,100.0,137.94,6482,正常
2016/05/11 17:42:21,54de27000baef9b5df4ce51a53a414fb6dd6eef4,104e2d15a631c82edb39783fde56a1e7b58af020,持卡人消费,学苑楼商务网关,-9.0,128.94,6483,正常
2016/05/11 17:52:37,54de27000baef9b5df4ce51a53a414fb6dd6eef4,104e2d15a631c82edb39783fde56a1e7b58af020,持卡人消费,学苑楼商务网关,-3.5,125.44,6484,正常
2016/05/11 18:04:55,54de27000baef9b5df4ce51a53a414fb6dd6eef4,104e2d15a631c82edb39783fde56a1e7b58af020,持卡人消费,超市商务子系统,-9.8,115.64,6485,正常
2016/05/11 20:06:29,54de27000baef9b5df4ce51a53a414fb6dd6eef4,104e2d15a631c82edb39783fde56a1e7b58af020,持卡人消费,15公寓浴池,-1.34,114.30,6487,正常
2016/05/11 20:14:52,54de27000baef9b5df4ce51a53a414fb6dd6eef4,104e2d15a631c82edb39783fde56a1e7b58af020,持卡人消费,15公寓浴池,-1.01,113.29,6489,正常
2016/05/12 11:01:45,54de27000baef9b5df4ce51a53a414fb6dd6eef4,104e2d15a631c82edb39783fde56a1e7b58af020,持卡人消费,学士楼商务网关,-4.5,108.79,6490,正常
2016/05/12 11:03:04,54de27000baef9b5df4ce51a53a414fb6dd6eef4,104e2d15a631c82edb39783fde56a1e7b58af020,持卡人消费,学士楼商务网关,-8.1,100.69,6491,正常
2016/05/13 11:27:43,54de27000baef9b5df4ce51a53a414fb6dd6eef4,104e2d15a631c82edb39783fde56a1e7b58af020,持卡人消费,学苑楼商务网关,-8.8,91.89,6492,正常
2016/05/13 11:28:25,54de27000baef9b5df4ce51a53a414fb6dd6eef4,104e2d15a631c82edb39783fde56a1e7b58af020,持卡人消费,学苑楼商务网关,-9.0,82.89,6493,正常
2016/05/13 18:38:42,54de27000baef9b5df4ce51a53a414fb6dd6eef4,104e2d15a631c82edb39783fde56a1e7b58af020,持卡人消费,学士楼商务网关,-3.6,79.29,6494,正常
2016/05/13 18:42:42,54de27000baef9b5df4ce51a53a414fb6dd6eef4,104e2d15a631c82edb39783fde56a1e7b58af020,持卡人消费,学士楼商务网关,-2.0,77.29,6495,正常
2016/05/13 18:43:23,54de27000baef9b5df4ce51a53a414fb6dd6eef4,104e2d15a631c82edb39783fde56a1e7b58af020,持卡人消费,学士楼商务网关,-1.5,75.79,6496,正常
2016/05/14 18:57:51,54de27000baef9b5df4ce51a53a414fb6dd6eef4,104e2d15a631c82edb39783fde56a1e7b58af020,持卡人消费,学士楼商务网关,-1.0,74.79,6497,正常
2016/05/14 18:58:52,54de27000baef9b5df4ce51a53a414fb6dd6eef4,104e2d15a631c82edb39783fde56a1e7b58af020,持卡人消费,学士楼商务网关,-1.0,73.79,6498,正常
2016/05/14 19:03:56,54de27000baef9b5df4ce51a53a414fb6dd6eef4,104e2d15a631c82edb39783fde56a1e7b58af020,持卡人消费,学士楼商务网关,-3.8,69.99,6499,正常
2016/05/15 18:26:24,54de27000baef9b5df4ce51a53a414fb6dd6eef4,104e2d15a631c82edb39783fde56a1e7b58af020,持卡人消费,学士楼商务网关,-1.0,68.99,6500,正常
2016/05/15 18:26:58,54de27000baef9b5df4ce51a53a414fb6dd6eef4,104e2d15a631c82edb39783fde56a1e7b58af020,持卡人消费,学士楼商务网关,-0.4,68.59,6501,正常
2016/05/15 18:28:10,54de27000baef9b5df4ce51a53a414fb6dd6eef4,104e2d15a631c82edb39783fde56a1e7b58af020,持卡人消费,学士楼商务网关,-6.4,62.19,6502,正常
2016/05/15 18:28:52,54de27000baef9b5df4ce51a53a414fb6dd6eef4,104e2d15a631c82edb39783fde56a1e7b58af020,持卡人消费,学士楼商务网关,-2.0,60.19,6503,正常
2016/05/15 20:17:43,54de27000baef9b5df4ce51a53a414fb6dd6eef4,104e2d15a631c82edb39783fde56a1e7b58af020,持卡人消费,15公寓浴池,-0.78,59.41,6505,正常
2016/05/15 20:25:56,54de27000baef9b5df4ce51a53a414fb6dd6eef4,104e2d15a631c82edb39783fde56a1e7b58af020,持卡人消费,15公寓浴池,-0.94,58.47,6507,正常
2016/05/16 17:17:45,54de27000baef9b5df4ce51a53a414fb6dd6eef4,104e2d15a631c82edb39783fde56a1e7b58af020,持卡人消费,学士楼商务网关,-4.6,53.87,6508,正常
2016/05/16 17:18:43,54de27000baef9b5df4ce51a53a414fb6dd6eef4,104e2d15a631c82edb39783fde56a1e7b58af020,持卡人消费,学士楼商务网关,-2.0,51.87,6509,正常
2016/05/17 11:21:15,54de27000baef9b5df4ce51a53a414fb6dd6eef4,104e2d15a631c82edb39783fde56a1e7b58af020,持卡人消费,南苑网关,-0.2,51.67,6510,正常
2016/05/17 11:21:27,54de27000baef9b5df4ce51a53a414fb6dd6eef4,104e2d15a631c82edb39783fde56a1e7b58af020,持卡人消费,南苑网关,-9.12,42.55,6511,正常
2016/05/17 17:31:04,54de27000baef9b5df4ce51a53a414fb6dd6eef4,104e2d15a631c82edb39783fde56a1e7b58af020,持卡人消费,学士楼商务网关,-4.6,37.95,6512,正常
2016/05/17 17:32:05,54de27000baef9b5df4ce51a53a414fb6dd6eef4,104e2d15a631c82edb39783fde56a1e7b58af020,持卡人消费,学士楼商务网关,-4.8,33.15,6513,正常
2016/05/17 22:10:13,54de27000baef9b5df4ce51a53a414fb6dd6eef4,104e2d15a631c82edb39783fde56a1e7b58af020,持卡人消费,学子便利店A01后楼,-2.0,31.15,6514,正常
2016/05/18 11:21:20,54de27000baef9b5df4ce51a53a414fb6dd6eef4,104e2d15a631c82edb39783fde56a1e7b58af020,持卡人消费,南苑网关,-3.1,28.05,6515,正常
2016/05/18 11:22:30,54de27000baef9b5df4ce51a53a414fb6dd6eef4,104e2d15a631c82edb39783fde56a1e7b58af020,持卡人消费,南苑网关,-3.0,25.05,6516,正常
2016/05/18 17:25:28,54de27000baef9b5df4ce51a53a414fb6dd6eef4,104e2d15a631c82edb39783fde56a1e7b58af020,持卡人消费,学士楼商务网关,-1.5,23.55,6517,正常
2016/05/18 17:26:33,54de27000baef9b5df4ce51a53a414fb6dd6eef4,104e2d15a631c82edb39783fde56a1e7b58af020,持卡人消费,学士楼商务网关,-4.6,18.95,6518,正常
2016/05/18 17:28:16,54de27000baef9b5df4ce51a53a414fb6dd6eef4,104e2d15a631c82edb39783fde56a1e7b58af020,持卡人消费,学士楼商务网关,-4.2,14.75,6519,正常
2016/05/18 20:15:06,54de27000baef9b5df4ce51a53a414fb6dd6eef4,104e2d15a631c82edb39783fde56a1e7b58af020,持卡人消费,15公寓浴池,-1.06,13.69,6521,正常
2016/05/18 20:22:56,54de27000baef9b5df4ce51a53a414fb6dd6eef4,104e2d15a631c82edb39783fde56a1e7b58af020,持卡人消费,15公寓浴池,-0.94,12.75,6523,正常
2016/05/19 09:04:58,54de27000baef9b5df4ce51a53a414fb6dd6eef4,104e2d15a631c82edb39783fde56a1e7b58af020,持卡人消费,学士楼商务网关,-4.5,8.25,6524,正常
2016/05/19 09:05:52,54de27000baef9b5df4ce51a53a414fb6dd6eef4,104e2d15a631c82edb39783fde56a1e7b58af020,持卡人消费,学士楼商务网关,-0.4,7.85,6525,正常
2016/05/19 08:56:57,54de27000baef9b5df4ce51a53a414fb6dd6eef4,104e2d15a631c82edb39783fde56a1e7b58af020,存款,现金充值机,100.0,107.85,6526,正常
2016/05/19 13:09:55,54de27000baef9b5df4ce51a53a414fb6dd6eef4,104e2d15a631c82edb39783fde56a1e7b58af020,持卡人消费,学士楼商务网关,-8.1,99.75,6527,正常
2016/05/19 13:21:44,54de27000baef9b5df4ce51a53a414fb6dd6eef4,104e2d15a631c82edb39783fde56a1e7b58af020,持卡人消费,超市商务子系统,-0.6,99.15,6528,正常
2016/05/19 17:07:48,54de27000baef9b5df4ce51a53a414fb6dd6eef4,104e2d15a631c82edb39783fde56a1e7b58af020,持卡人消费,学士楼商务网关,-4.6,94.55,6529,正常
2016/05/19 17:08:47,54de27000baef9b5df4ce51a53a414fb6dd6eef4,104e2d15a631c82edb39783fde56a1e7b58af020,持卡人消费,学士楼商务网关,-6.3,88.25,6530,正常
2016/05/21 18:08:55,54de27000baef9b5df4ce51a53a414fb6dd6eef4,104e2d15a631c82edb39783fde56a1e7b58af020,持卡人消费,学士楼商务网关,-6.0,82.25,6531,正常
2016/05/21 18:09:33,54de27000baef9b5df4ce51a53a414fb6dd6eef4,104e2d15a631c82edb39783fde56a1e7b58af020,持卡人消费,学士楼商务网关,-3.6,78.65,6532,正常
2016/05/21 18:10:10,54de27000baef9b5df4ce51a53a414fb6dd6eef4,104e2d15a631c82edb39783fde56a1e7b58af020,持卡人消费,学士楼商务网关,-0.2,78.45,6533,正常
2016/05/21 20:11:01,54de27000baef9b5df4ce51a53a414fb6dd6eef4,104e2d15a631c82edb39783fde56a1e7b58af020,持卡人消费,15公寓浴池,-1.02,77.43,6535,正常
2016/05/21 20:18:39,54de27000baef9b5df4ce51a53a414fb6dd6eef4,104e2d15a631c82edb39783fde56a1e7b58af020,持卡人消费,15公寓浴池,-0.9,76.53,6537,正常
2016/05/22 18:07:13,54de27000baef9b5df4ce51a53a414fb6dd6eef4,104e2d15a631c82edb39783fde56a1e7b58af020,持卡人消费,学士楼商务网关,-9.1,67.43,6538,正常
2016/05/22 18:09:05,54de27000baef9b5df4ce51a53a414fb6dd6eef4,104e2d15a631c82edb39783fde56a1e7b58af020,持卡人消费,学士楼商务网关,-0.2,67.23,6539,正常
2016/05/22 21:40:46,54de27000baef9b5df4ce51a53a414fb6dd6eef4,104e2d15a631c82edb39783fde56a1e7b58af020,持卡人消费,超市商务子系统,-2.8,64.43,6540,正常
2016/05/24 18:29:08,54de27000baef9b5df4ce51a53a414fb6dd6eef4,104e2d15a631c82edb39783fde56a1e7b58af020,持卡人消费,学士楼商务网关,-2.5,61.93,6541,正常
2016/05/24 18:29:15,54de27000baef9b5df4ce51a53a414fb6dd6eef4,104e2d15a631c82edb39783fde56a1e7b58af020,持卡人消费,学士楼商务网关,-8.6,53.33,6542,正常
2016/05/25 12:29:30,54de27000baef9b5df4ce51a53a414fb6dd6eef4,104e2d15a631c82edb39783fde56a1e7b58af020,持卡人消费,学士楼商务网关,-9.6,43.73,6543,正常
2016/05/25 12:30:29,54de27000baef9b5df4ce51a53a414fb6dd6eef4,104e2d15a631c82edb39783fde56a1e7b58af020,持卡人消费,学士楼商务网关,-0.2,43.53,6544,正常
2016/05/25 17:13:22,54de27000baef9b5df4ce51a53a414fb6dd6eef4,104e2d15a631c82edb39783fde56a1e7b58af020,持卡人消费,学士楼商务网关,-4.6,38.93,6545,正常
2016/05/25 17:14:10,54de27000baef9b5df4ce51a53a414fb6dd6eef4,104e2d15a631c82edb39783fde56a1e7b58af020,持卡人消费,学士楼商务网关,-4.8,34.13,6546,正常
2016/05/26 08:42:15,54de27000baef9b5df4ce51a53a414fb6dd6eef4,104e2d15a631c82edb39783fde56a1e7b58af020,持卡人消费,学士楼商务网关,-3.2,30.93,6547,正常
2016/05/26 08:43:25,54de27000baef9b5df4ce51a53a414fb6dd6eef4,104e2d15a631c82edb39783fde56a1e7b58af020,持卡人消费,学士楼商务网关,-1.0,29.93,6548,正常
2016/05/26 13:02:59,54de27000baef9b5df4ce51a53a414fb6dd6eef4,104e2d15a631c82edb39783fde56a1e7b58af020,持卡人消费,学士楼商务网关,-3.6,26.33,6549,正常
2016/05/26 13:04:45,54de27000baef9b5df4ce51a53a414fb6dd6eef4,104e2d15a631c82edb39783fde56a1e7b58af020,持卡人消费,学士楼商务网关,-5.1,21.23,6550,正常
2016/05/26 17:11:52,54de27000baef9b5df4ce51a53a414fb6dd6eef4,104e2d15a631c82edb39783fde56a1e7b58af020,存款,现金充值机,100.0,121.23,6551,正常
2016/05/26 17:34:29,54de27000baef9b5df4ce51a53a414fb6dd6eef4,104e2d15a631c82edb39783fde56a1e7b58af020,持卡人消费,南苑网关,-0.2,121.03,6552,正常
2016/05/26 17:34:43,54de27000baef9b5df4ce51a53a414fb6dd6eef4,104e2d15a631c82edb39783fde56a1e7b58af020,持卡人消费,南苑网关,-10.08,110.95,6553,正常
2016/05/27 11:35:58,54de27000baef9b5df4ce51a53a414fb6dd6eef4,104e2d15a631c82edb39783fde56a1e7b58af020,持卡人消费,南苑网关,-3.1,107.85,6554,正常
2016/05/27 11:36:06,54de27000baef9b5df4ce51a53a414fb6dd6eef4,104e2d15a631c82edb39783fde56a1e7b58af020,持卡人消费,南苑网关,-24.5,83.35,6555,正常
2016/05/27 11:39:19,54de27000baef9b5df4ce51a53a414fb6dd6eef4,104e2d15a631c82edb39783fde56a1e7b58af020,持卡人消费,南苑网关,-8.6,74.75,6556,正常
2016/05/27 17:24:39,54de27000baef9b5df4ce51a53a414fb6dd6eef4,104e2d15a631c82edb39783fde56a1e7b58af020,持卡人消费,南苑网关,-0.2,74.55,6557,正常
2016/05/27 17:24:57,54de27000baef9b5df4ce51a53a414fb6dd6eef4,104e2d15a631c82edb39783fde56a1e7b58af020,持卡人消费,南苑网关,-10.8,63.75,6558,正常
2016/05/27 20:16:27,54de27000baef9b5df4ce51a53a414fb6dd6eef4,104e2d15a631c82edb39783fde56a1e7b58af020,持卡人消费,15公寓浴池,-1.1,62.65,6560,正常
2016/05/27 20:27:10,54de27000baef9b5df4ce51a53a414fb6dd6eef4,104e2d15a631c82edb39783fde56a1e7b58af020,持卡人消费,15公寓浴池,-1.42,61.23,6562,正常
2016/05/28 11:31:58,54de27000baef9b5df4ce51a53a414fb6dd6eef4,104e2d15a631c82edb39783fde56a1e7b58af020,持卡人消费,学士楼商务网关,-4.6,56.63,6563,正常
2016/05/28 11:33:19,54de27000baef9b5df4ce51a53a414fb6dd6eef4,104e2d15a631c82edb39783fde56a1e7b58af020,持卡人消费,学士楼商务网关,-2.0,54.63,6564,正常
2016/05/28 17:28:06,54de27000baef9b5df4ce51a53a414fb6dd6eef4,104e2d15a631c82edb39783fde56a1e7b58af020,持卡人消费,学士楼商务网关,-4.6,50.03,6565,正常
2016/05/28 17:29:35,54de27000baef9b5df4ce51a53a414fb6dd6eef4,104e2d15a631c82edb39783fde56a1e7b58af020,持卡人消费,学士楼商务网关,-2.0,48.03,6566,正常
2016/05/28 17:51:45,54de27000baef9b5df4ce51a53a414fb6dd6eef4,104e2d15a631c82edb39783fde56a1e7b58af020,持卡人消费,超市商务子系统,-3.9,44.13,6567,正常
2016/05/29 00:05:20,54de27000baef9b5df4ce51a53a414fb6dd6eef4,104e2d15a631c82edb39783fde56a1e7b58af020,持卡人消费,网络中心,-30.0,14.13,6568,正常
2016/05/29 11:22:54,54de27000baef9b5df4ce51a53a414fb6dd6eef4,104e2d15a631c82edb39783fde56a1e7b58af020,存款,现金充值机,200.0,214.13,6569,正常
2016/05/29 11:45:17,54de27000baef9b5df4ce51a53a414fb6dd6eef4,104e2d15a631c82edb39783fde56a1e7b58af020,持卡人消费,学士楼商务网关,-4.6,209.53,6570,正常
2016/05/29 11:46:19,54de27000baef9b5df4ce51a53a414fb6dd6eef4,104e2d15a631c82edb39783fde56a1e7b58af020,持卡人消费,学士楼商务网关,-7.2,202.33,6571,正常
2016/05/30 08:43:56,54de27000baef9b5df4ce51a53a414fb6dd6eef4,104e2d15a631c82edb39783fde56a1e7b58af020,持卡人消费,学士楼商务网关,-3.0,199.33,6572,正常
2016/05/30 08:44:25,54de27000baef9b5df4ce51a53a414fb6dd6eef4,104e2d15a631c82edb39783fde56a1e7b58af020,持卡人消费,学士楼商务网关,-2.5,196.83,6573,正常
2016/05/30 11:43:29,54de27000baef9b5df4ce51a53a414fb6dd6eef4,104e2d15a631c82edb39783fde56a1e7b58af020,持卡人消费,学士楼商务网关,-3.6,193.23,6574,正常
2016/05/30 11:44:35,54de27000baef9b5df4ce51a53a414fb6dd6eef4,104e2d15a631c82edb39783fde56a1e7b58af020,持卡人消费,学士楼商务网关,-4.0,189.23,6575,正常
2016/05/30 17:36:11,54de27000baef9b5df4ce51a53a414fb6dd6eef4,104e2d15a631c82edb39783fde56a1e7b58af020,持卡人消费,学士楼商务网关,-6.0,183.23,6576,正常
2016/05/30 17:38:10,54de27000baef9b5df4ce51a53a414fb6dd6eef4,104e2d15a631c82edb39783fde56a1e7b58af020,持卡人消费,学士楼商务网关,-5.0,178.23,6577,正常
2016/05/31 08:35:41,54de27000baef9b5df4ce51a53a414fb6dd6eef4,104e2d15a631c82edb39783fde56a1e7b58af020,持卡人消费,学士楼商务网关,-2.6,175.63,6578,正常
2016/05/31 08:37:17,54de27000baef9b5df4ce51a53a414fb6dd6eef4,104e2d15a631c82edb39783fde56a1e7b58af020,持卡人消费,学士楼商务网关,-2.1,173.53,6579,正常
2016/05/31 13:18:04,54de27000baef9b5df4ce51a53a414fb6dd6eef4,104e2d15a631c82edb39783fde56a1e7b58af020,持卡人消费,学士楼商务网关,-5.9,167.63,6580,正常
2016/05/31 13:18:56,54de27000baef9b5df4ce51a53a414fb6dd6eef4,104e2d15a631c82edb39783fde56a1e7b58af020,持卡人消费,学士楼商务网关,-1.0,166.63,6581,正常
2016/05/31 20:35:55,54de27000baef9b5df4ce51a53a414fb6dd6eef4,104e2d15a631c82edb39783fde56a1e7b58af020,持卡人消费,15公寓浴池,-0.88,165.75,6583,正常
2016/05/31 20:43:55,54de27000baef9b5df4ce51a53a414fb6dd6eef4,104e2d15a631c82edb39783fde56a1e7b58af020,持卡人消费,15公寓浴池,-0.94,164.81,6585,正常
