交易发生时间,学号,姓名,交易类型,子系统名称,交易额,现有余额,次数,状态
2016/05/10 16:58:41,26e922941f719fa9cb88a4463a4ee796d467ecbf,10be7d3f7dfebc454cbe3e86609f799236c24cc5,存款,现金充值机,50.0,55.33,1223,正常
2016/05/10 17:16:58,26e922941f719fa9cb88a4463a4ee796d467ecbf,10be7d3f7dfebc454cbe3e86609f799236c24cc5,持卡人消费,网络中心,-30.0,25.33,1224,正常
2016/05/11 11:56:29,26e922941f719fa9cb88a4463a4ee796d467ecbf,10be7d3f7dfebc454cbe3e86609f799236c24cc5,持卡人消费,硕果园（工大商店）,-14.0,11.33,1225,正常
2016/05/11 12:00:31,26e922941f719fa9cb88a4463a4ee796d467ecbf,10be7d3f7dfebc454cbe3e86609f799236c24cc5,持卡人消费,硕果园（工大商店）,-11.0,0.33,1226,正常
2016/05/23 11:23:22,26e922941f719fa9cb88a4463a4ee796d467ecbf,10be7d3f7dfebc454cbe3e86609f799236c24cc5,存款,现金充值机,100.0,100.33,1227,正常
2016/05/23 11:43:52,26e922941f719fa9cb88a4463a4ee796d467ecbf,10be7d3f7dfebc454cbe3e86609f799236c24cc5,持卡人消费,土木楼网关,-3.4,96.93,1228,正常
2016/05/23 11:45:05,26e922941f719fa9cb88a4463a4ee796d467ecbf,10be7d3f7dfebc454cbe3e86609f799236c24cc5,持卡人消费,土木楼网关,-5.0,91.93,1229,正常
2016/05/23 11:45:35,26e922941f719fa9cb88a4463a4ee796d467ecbf,10be7d3f7dfebc454cbe3e86609f799236c24cc5,持卡人消费,土木楼网关,-4.0,87.93,1230,正常
2016/05/23 11:46:47,26e922941f719fa9cb88a4463a4ee796d467ecbf,10be7d3f7dfebc454cbe3e86609f799236c24cc5,持卡人消费,土木楼网关,-4.5,83.43,1231,正常
2016/05/23 11:48:53,26e922941f719fa9cb88a4463a4ee796d467ecbf,10be7d3f7dfebc454cbe3e86609f799236c24cc5,持卡人消费,土木楼网关,-1.5,81.93,1232,正常
