交易发生时间,学号,姓名,交易类型,子系统名称,交易额,现有余额,次数,状态
2016/05/06 16:32:35,4ada5f85f9bfe4529ae7ac13862830c3d30e76aa,11513cc884487dc88223e7ae57470c2a7869df70,存款,现金充值机,10.0,10.24,4317,正常
2016/05/06 16:52:57,4ada5f85f9bfe4529ae7ac13862830c3d30e76aa,11513cc884487dc88223e7ae57470c2a7869df70,持卡人消费,学苑楼商务网关,-7.0,3.24,4318,正常
2016/05/06 20:39:33,4ada5f85f9bfe4529ae7ac13862830c3d30e76aa,11513cc884487dc88223e7ae57470c2a7869df70,持卡人消费,超市商务子系统,-0.9,2.34,4319,正常
2016/05/07 17:00:20,4ada5f85f9bfe4529ae7ac13862830c3d30e76aa,11513cc884487dc88223e7ae57470c2a7869df70,存款,现金充值机,100.0,102.34,4320,正常
2016/05/07 17:23:24,4ada5f85f9bfe4529ae7ac13862830c3d30e76aa,11513cc884487dc88223e7ae57470c2a7869df70,持卡人消费,学苑楼商务网关,-6.0,96.34,4321,正常
2016/05/07 17:46:19,4ada5f85f9bfe4529ae7ac13862830c3d30e76aa,11513cc884487dc88223e7ae57470c2a7869df70,持卡人消费,超市商务子系统,-4.0,92.34,4322,正常
2016/05/09 08:15:38,4ada5f85f9bfe4529ae7ac13862830c3d30e76aa,11513cc884487dc88223e7ae57470c2a7869df70,持卡人消费,学苑楼商务网关,-3.2,89.14,4323,正常
2016/05/09 18:24:09,4ada5f85f9bfe4529ae7ac13862830c3d30e76aa,11513cc884487dc88223e7ae57470c2a7869df70,持卡人消费,超市商务子系统,-3.8,85.34,4324,正常
2016/05/10 08:06:07,4ada5f85f9bfe4529ae7ac13862830c3d30e76aa,11513cc884487dc88223e7ae57470c2a7869df70,持卡人消费,学士楼商务网关,-2.6,82.74,4325,正常
2016/05/10 14:42:26,4ada5f85f9bfe4529ae7ac13862830c3d30e76aa,11513cc884487dc88223e7ae57470c2a7869df70,持卡人消费,超市商务子系统,-5.5,77.24,4326,正常
2016/05/10 19:15:43,4ada5f85f9bfe4529ae7ac13862830c3d30e76aa,11513cc884487dc88223e7ae57470c2a7869df70,持卡人消费,一校区水控新,-0.01,77.23,4327,正常
2016/05/10 19:21:34,4ada5f85f9bfe4529ae7ac13862830c3d30e76aa,11513cc884487dc88223e7ae57470c2a7869df70,持卡人消费,一校区水控新,-1.09,76.14,4329,正常
2016/05/10 19:27:10,4ada5f85f9bfe4529ae7ac13862830c3d30e76aa,11513cc884487dc88223e7ae57470c2a7869df70,持卡人消费,一校区水控新,-0.86,75.28,4331,正常
2016/05/10 19:46:39,4ada5f85f9bfe4529ae7ac13862830c3d30e76aa,11513cc884487dc88223e7ae57470c2a7869df70,持卡人消费,超市商务子系统,-1.3,73.98,4332,正常
2016/05/11 09:13:18,4ada5f85f9bfe4529ae7ac13862830c3d30e76aa,11513cc884487dc88223e7ae57470c2a7869df70,持卡人消费,硕果园（工大商店）,-9.0,64.98,4333,正常
2016/05/11 15:31:55,4ada5f85f9bfe4529ae7ac13862830c3d30e76aa,11513cc884487dc88223e7ae57470c2a7869df70,持卡人消费,硕果园（工大商店）,-12.0,52.98,4334,正常
2016/05/12 10:04:55,4ada5f85f9bfe4529ae7ac13862830c3d30e76aa,11513cc884487dc88223e7ae57470c2a7869df70,持卡人消费,学士楼商务网关,-4.3,48.68,4335,正常
2016/05/12 10:05:43,4ada5f85f9bfe4529ae7ac13862830c3d30e76aa,11513cc884487dc88223e7ae57470c2a7869df70,持卡人消费,学士楼商务网关,-2.0,46.68,4336,正常
2016/05/12 14:35:58,4ada5f85f9bfe4529ae7ac13862830c3d30e76aa,11513cc884487dc88223e7ae57470c2a7869df70,持卡人消费,硕果园（工大商店）,-9.0,37.68,4337,正常
2016/05/12 14:37:45,4ada5f85f9bfe4529ae7ac13862830c3d30e76aa,11513cc884487dc88223e7ae57470c2a7869df70,持卡人消费,硕果园（工大商店）,-4.9,32.78,4338,正常
2016/05/13 10:15:43,4ada5f85f9bfe4529ae7ac13862830c3d30e76aa,11513cc884487dc88223e7ae57470c2a7869df70,持卡人消费,学士楼商务网关,-4.8,27.98,4339,正常
2016/05/13 15:31:29,4ada5f85f9bfe4529ae7ac13862830c3d30e76aa,11513cc884487dc88223e7ae57470c2a7869df70,持卡人消费,硕果园（工大商店）,-3.0,24.98,4340,正常
2016/05/13 19:17:22,4ada5f85f9bfe4529ae7ac13862830c3d30e76aa,11513cc884487dc88223e7ae57470c2a7869df70,持卡人消费,硕果园（工大商店）,-9.0,15.98,4341,正常
2016/05/14 07:40:33,4ada5f85f9bfe4529ae7ac13862830c3d30e76aa,11513cc884487dc88223e7ae57470c2a7869df70,持卡人消费,学苑楼商务网关,-2.4,13.58,4342,正常
2016/05/14 07:47:35,4ada5f85f9bfe4529ae7ac13862830c3d30e76aa,11513cc884487dc88223e7ae57470c2a7869df70,持卡人消费,学苑楼商务网关,-2.0,11.58,4343,正常
2016/05/14 10:57:34,4ada5f85f9bfe4529ae7ac13862830c3d30e76aa,11513cc884487dc88223e7ae57470c2a7869df70,持卡人消费,硕果园（工大商店）,-9.0,2.58,4344,正常
2016/05/14 11:27:31,4ada5f85f9bfe4529ae7ac13862830c3d30e76aa,11513cc884487dc88223e7ae57470c2a7869df70,持卡人消费,超市商务子系统,-0.4,2.18,4345,正常
2016/05/14 17:14:56,4ada5f85f9bfe4529ae7ac13862830c3d30e76aa,11513cc884487dc88223e7ae57470c2a7869df70,存款,现金充值机,100.0,102.18,4346,正常
2016/05/14 17:36:03,4ada5f85f9bfe4529ae7ac13862830c3d30e76aa,11513cc884487dc88223e7ae57470c2a7869df70,持卡人消费,学苑楼商务网关,-3.1,99.08,4347,正常
2016/05/14 18:04:45,4ada5f85f9bfe4529ae7ac13862830c3d30e76aa,11513cc884487dc88223e7ae57470c2a7869df70,持卡人消费,超市商务子系统,-2.0,97.08,4348,正常
2016/05/15 12:14:14,4ada5f85f9bfe4529ae7ac13862830c3d30e76aa,11513cc884487dc88223e7ae57470c2a7869df70,持卡人消费,硕果园（工大商店）,-3.9,93.18,4349,正常
2016/05/15 18:10:29,4ada5f85f9bfe4529ae7ac13862830c3d30e76aa,11513cc884487dc88223e7ae57470c2a7869df70,持卡人消费,学苑楼商务网关,-7.0,86.18,4350,正常
2016/05/16 07:34:29,4ada5f85f9bfe4529ae7ac13862830c3d30e76aa,11513cc884487dc88223e7ae57470c2a7869df70,持卡人消费,学士楼商务网关,-2.0,84.18,4351,正常
2016/05/16 07:34:41,4ada5f85f9bfe4529ae7ac13862830c3d30e76aa,11513cc884487dc88223e7ae57470c2a7869df70,持卡人消费,学士楼商务网关,-0.2,83.98,4352,正常
2016/05/16 07:40:46,4ada5f85f9bfe4529ae7ac13862830c3d30e76aa,11513cc884487dc88223e7ae57470c2a7869df70,持卡人消费,学士楼商务网关,-1.5,82.48,4353,正常
2016/05/16 11:27:32,4ada5f85f9bfe4529ae7ac13862830c3d30e76aa,11513cc884487dc88223e7ae57470c2a7869df70,持卡人消费,硕果园（工大商店）,-9.0,73.48,4354,正常
2016/05/16 11:45:55,4ada5f85f9bfe4529ae7ac13862830c3d30e76aa,11513cc884487dc88223e7ae57470c2a7869df70,持卡人消费,硕果园（工大商店）,-3.0,70.48,4355,正常
2016/05/16 17:53:00,4ada5f85f9bfe4529ae7ac13862830c3d30e76aa,11513cc884487dc88223e7ae57470c2a7869df70,持卡人消费,学士楼商务网关,-4.6,65.88,4356,正常
2016/05/17 15:40:55,4ada5f85f9bfe4529ae7ac13862830c3d30e76aa,11513cc884487dc88223e7ae57470c2a7869df70,持卡人消费,硕果园（工大商店）,-18.1,47.78,4357,正常
2016/05/18 15:29:18,4ada5f85f9bfe4529ae7ac13862830c3d30e76aa,11513cc884487dc88223e7ae57470c2a7869df70,持卡人消费,硕果园（工大商店）,-5.0,42.78,4358,正常
2016/05/18 16:59:17,4ada5f85f9bfe4529ae7ac13862830c3d30e76aa,11513cc884487dc88223e7ae57470c2a7869df70,持卡人消费,硕果园（工大商店）,-10.0,32.78,4359,正常
2016/05/18 17:26:18,4ada5f85f9bfe4529ae7ac13862830c3d30e76aa,11513cc884487dc88223e7ae57470c2a7869df70,持卡人消费,超市商务子系统,-6.0,26.78,4360,正常
2016/05/19 08:24:35,4ada5f85f9bfe4529ae7ac13862830c3d30e76aa,11513cc884487dc88223e7ae57470c2a7869df70,持卡人消费,学士楼商务网关,-2.2,24.58,4361,正常
2016/05/19 08:39:16,4ada5f85f9bfe4529ae7ac13862830c3d30e76aa,11513cc884487dc88223e7ae57470c2a7869df70,持卡人消费,硕果园（工大商店）,-1.0,23.58,4362,正常
2016/05/19 18:39:55,4ada5f85f9bfe4529ae7ac13862830c3d30e76aa,11513cc884487dc88223e7ae57470c2a7869df70,持卡人消费,学士楼商务网关,-4.6,18.98,4363,正常
2016/05/20 08:38:30,4ada5f85f9bfe4529ae7ac13862830c3d30e76aa,11513cc884487dc88223e7ae57470c2a7869df70,持卡人消费,学士楼商务网关,-2.0,16.98,4364,正常
2016/05/20 08:40:24,4ada5f85f9bfe4529ae7ac13862830c3d30e76aa,11513cc884487dc88223e7ae57470c2a7869df70,持卡人消费,学士楼商务网关,-1.0,15.98,4365,正常
2016/05/20 11:27:45,4ada5f85f9bfe4529ae7ac13862830c3d30e76aa,11513cc884487dc88223e7ae57470c2a7869df70,持卡人消费,硕果园（工大商店）,-8.0,7.98,4366,正常
2016/05/20 12:28:12,4ada5f85f9bfe4529ae7ac13862830c3d30e76aa,11513cc884487dc88223e7ae57470c2a7869df70,持卡人消费,一校区水控新,-1.97,6.01,4368,正常
2016/05/21 11:44:42,4ada5f85f9bfe4529ae7ac13862830c3d30e76aa,11513cc884487dc88223e7ae57470c2a7869df70,持卡人消费,学士楼商务网关,-4.1,1.91,4369,正常
2016/05/24 07:30:04,4ada5f85f9bfe4529ae7ac13862830c3d30e76aa,11513cc884487dc88223e7ae57470c2a7869df70,存款,现金充值机,50.0,51.91,4370,正常
2016/05/24 07:52:39,4ada5f85f9bfe4529ae7ac13862830c3d30e76aa,11513cc884487dc88223e7ae57470c2a7869df70,持卡人消费,学苑楼商务网关,-2.5,49.41,4371,正常
2016/05/24 11:13:31,4ada5f85f9bfe4529ae7ac13862830c3d30e76aa,11513cc884487dc88223e7ae57470c2a7869df70,持卡人消费,南苑网关,-0.2,49.21,4372,正常
2016/05/24 11:14:22,4ada5f85f9bfe4529ae7ac13862830c3d30e76aa,11513cc884487dc88223e7ae57470c2a7869df70,持卡人消费,南苑网关,-8.64,40.57,4373,正常
2016/05/25 10:06:14,4ada5f85f9bfe4529ae7ac13862830c3d30e76aa,11513cc884487dc88223e7ae57470c2a7869df70,持卡人消费,学士楼商务网关,-3.6,36.97,4374,正常
2016/05/25 10:12:17,4ada5f85f9bfe4529ae7ac13862830c3d30e76aa,11513cc884487dc88223e7ae57470c2a7869df70,持卡人消费,学士楼商务网关,-1.2,35.77,4375,正常
2016/05/25 12:20:28,4ada5f85f9bfe4529ae7ac13862830c3d30e76aa,11513cc884487dc88223e7ae57470c2a7869df70,持卡人消费,硕果园（工大商店）,-5.8,29.97,4376,正常
2016/05/25 12:21:42,4ada5f85f9bfe4529ae7ac13862830c3d30e76aa,11513cc884487dc88223e7ae57470c2a7869df70,持卡人消费,硕果园（工大商店）,-2.0,27.97,4377,正常
2016/05/25 16:01:16,4ada5f85f9bfe4529ae7ac13862830c3d30e76aa,11513cc884487dc88223e7ae57470c2a7869df70,持卡人消费,学士楼商务网关,-4.3,23.67,4378,正常
2016/05/25 16:03:01,4ada5f85f9bfe4529ae7ac13862830c3d30e76aa,11513cc884487dc88223e7ae57470c2a7869df70,持卡人消费,学士楼商务网关,-2.0,21.67,4379,正常
2016/05/26 17:33:23,4ada5f85f9bfe4529ae7ac13862830c3d30e76aa,11513cc884487dc88223e7ae57470c2a7869df70,持卡人消费,学士楼商务网关,-4.6,17.07,4380,正常
2016/05/26 17:43:55,4ada5f85f9bfe4529ae7ac13862830c3d30e76aa,11513cc884487dc88223e7ae57470c2a7869df70,持卡人消费,硕果园（工大商店）,-7.4,9.67,4381,正常
2016/05/27 15:17:39,4ada5f85f9bfe4529ae7ac13862830c3d30e76aa,11513cc884487dc88223e7ae57470c2a7869df70,存款,现金充值机,100.0,109.67,4382,正常
2016/05/27 15:41:34,4ada5f85f9bfe4529ae7ac13862830c3d30e76aa,11513cc884487dc88223e7ae57470c2a7869df70,持卡人消费,一区图书馆APOS,-39.5,70.17,4383,正常
2016/05/28 10:50:07,4ada5f85f9bfe4529ae7ac13862830c3d30e76aa,11513cc884487dc88223e7ae57470c2a7869df70,持卡人消费,硕果园（工大商店）,-8.0,62.17,4384,正常
2016/05/28 17:07:17,4ada5f85f9bfe4529ae7ac13862830c3d30e76aa,11513cc884487dc88223e7ae57470c2a7869df70,持卡人消费,学士楼商务网关,-4.1,58.07,4385,正常
2016/05/28 17:31:59,4ada5f85f9bfe4529ae7ac13862830c3d30e76aa,11513cc884487dc88223e7ae57470c2a7869df70,持卡人消费,超市商务子系统,-4.2,53.87,4386,正常
2016/05/29 10:16:07,4ada5f85f9bfe4529ae7ac13862830c3d30e76aa,11513cc884487dc88223e7ae57470c2a7869df70,持卡人消费,硕果园（工大商店）,-6.0,47.87,4387,正常
2016/05/29 18:08:39,4ada5f85f9bfe4529ae7ac13862830c3d30e76aa,11513cc884487dc88223e7ae57470c2a7869df70,持卡人消费,硕果园（工大商店）,-5.9,41.97,4388,正常
2016/05/29 18:09:38,4ada5f85f9bfe4529ae7ac13862830c3d30e76aa,11513cc884487dc88223e7ae57470c2a7869df70,持卡人消费,硕果园（工大商店）,-4.0,37.97,4389,正常
2016/05/29 18:10:06,4ada5f85f9bfe4529ae7ac13862830c3d30e76aa,11513cc884487dc88223e7ae57470c2a7869df70,持卡人消费,硕果园（工大商店）,-3.0,34.97,4390,正常
2016/05/29 19:48:50,4ada5f85f9bfe4529ae7ac13862830c3d30e76aa,11513cc884487dc88223e7ae57470c2a7869df70,持卡人消费,一校区水控新,-1.78,31.19,4393,正常
2016/05/29 19:49:17,4ada5f85f9bfe4529ae7ac13862830c3d30e76aa,11513cc884487dc88223e7ae57470c2a7869df70,持卡人消费,一校区水控新,-1.86,31.33,4394,正常
2016/05/30 09:49:22,4ada5f85f9bfe4529ae7ac13862830c3d30e76aa,11513cc884487dc88223e7ae57470c2a7869df70,持卡人消费,超市商务子系统,-4.7,26.63,4395,正常
2016/05/30 09:49:58,4ada5f85f9bfe4529ae7ac13862830c3d30e76aa,11513cc884487dc88223e7ae57470c2a7869df70,持卡人消费,超市商务子系统,-7.4,19.23,4396,正常
2016/05/31 10:25:40,4ada5f85f9bfe4529ae7ac13862830c3d30e76aa,11513cc884487dc88223e7ae57470c2a7869df70,持卡人消费,硕果园（工大商店）,-3.5,15.73,4397,正常
2016/05/31 17:20:32,4ada5f85f9bfe4529ae7ac13862830c3d30e76aa,11513cc884487dc88223e7ae57470c2a7869df70,持卡人消费,学苑楼商务网关,-3.4,12.33,4398,正常
2016/05/31 20:32:32,4ada5f85f9bfe4529ae7ac13862830c3d30e76aa,11513cc884487dc88223e7ae57470c2a7869df70,持卡人消费,一校区水控新,-0.01,12.32,4399,正常
2016/05/31 20:37:50,4ada5f85f9bfe4529ae7ac13862830c3d30e76aa,11513cc884487dc88223e7ae57470c2a7869df70,持卡人消费,一校区水控新,-0.99,11.33,4401,正常
2016/05/31 20:49:06,4ada5f85f9bfe4529ae7ac13862830c3d30e76aa,11513cc884487dc88223e7ae57470c2a7869df70,持卡人消费,超市商务子系统,-0.5,10.83,4402,正常
