交易发生时间,学号,姓名,交易类型,子系统名称,交易额,现有余额,次数,状态
2016/05/01 07:17:03,ed459e6d8218768e01e8b69c0c44cd2e2e8fc086,11a6dca42fd83d2c91b25152a30827bf24fdd6f7,持卡人消费,学士楼商务网关,-2.6,102.28,3771,正常
2016/05/01 07:17:12,ed459e6d8218768e01e8b69c0c44cd2e2e8fc086,11a6dca42fd83d2c91b25152a30827bf24fdd6f7,持卡人消费,学士楼商务网关,-0.6,101.68,3772,正常
2016/05/01 11:12:51,ed459e6d8218768e01e8b69c0c44cd2e2e8fc086,11a6dca42fd83d2c91b25152a30827bf24fdd6f7,持卡人消费,学苑楼商务网关,-7.5,94.18,3773,正常
2016/05/01 17:22:44,ed459e6d8218768e01e8b69c0c44cd2e2e8fc086,11a6dca42fd83d2c91b25152a30827bf24fdd6f7,持卡人消费,学苑楼商务网关,-8.0,86.18,3774,正常
2016/05/01 17:46:02,ed459e6d8218768e01e8b69c0c44cd2e2e8fc086,11a6dca42fd83d2c91b25152a30827bf24fdd6f7,持卡人消费,超市商务子系统,-12.5,73.68,3775,正常
2016/05/02 08:01:36,ed459e6d8218768e01e8b69c0c44cd2e2e8fc086,11a6dca42fd83d2c91b25152a30827bf24fdd6f7,持卡人消费,学士楼商务网关,-2.6,71.08,3776,正常
2016/05/02 08:02:01,ed459e6d8218768e01e8b69c0c44cd2e2e8fc086,11a6dca42fd83d2c91b25152a30827bf24fdd6f7,持卡人消费,学士楼商务网关,-0.3,70.78,3777,正常
2016/05/02 10:19:35,ed459e6d8218768e01e8b69c0c44cd2e2e8fc086,11a6dca42fd83d2c91b25152a30827bf24fdd6f7,持卡人消费,超市商务子系统,-9.8,60.98,3778,正常
2016/05/08 19:05:01,ed459e6d8218768e01e8b69c0c44cd2e2e8fc086,11a6dca42fd83d2c91b25152a30827bf24fdd6f7,持卡人消费,硕果园（工大商店）,-14.0,46.98,3779,正常
2016/05/08 19:24:53,ed459e6d8218768e01e8b69c0c44cd2e2e8fc086,11a6dca42fd83d2c91b25152a30827bf24fdd6f7,持卡人消费,硕果园（工大商店）,-3.0,43.98,3780,正常
2016/05/09 11:35:20,ed459e6d8218768e01e8b69c0c44cd2e2e8fc086,11a6dca42fd83d2c91b25152a30827bf24fdd6f7,持卡人消费,学士楼商务网关,-8.1,35.88,3781,正常
2016/05/09 18:21:26,ed459e6d8218768e01e8b69c0c44cd2e2e8fc086,11a6dca42fd83d2c91b25152a30827bf24fdd6f7,持卡人消费,硕果园（工大商店）,-7.0,28.88,3782,正常
2016/05/09 18:40:12,ed459e6d8218768e01e8b69c0c44cd2e2e8fc086,11a6dca42fd83d2c91b25152a30827bf24fdd6f7,持卡人消费,硕果园（工大商店）,-2.5,26.38,3783,正常
2016/05/10 08:01:03,ed459e6d8218768e01e8b69c0c44cd2e2e8fc086,11a6dca42fd83d2c91b25152a30827bf24fdd6f7,持卡人消费,学士楼商务网关,-4.1,22.28,3784,正常
2016/05/10 11:31:54,ed459e6d8218768e01e8b69c0c44cd2e2e8fc086,11a6dca42fd83d2c91b25152a30827bf24fdd6f7,持卡人消费,学苑楼商务网关,-7.0,15.28,3785,正常
2016/05/10 17:42:25,ed459e6d8218768e01e8b69c0c44cd2e2e8fc086,11a6dca42fd83d2c91b25152a30827bf24fdd6f7,存款,学苑楼综合业务2,200.0,215.28,3786,正常
2016/05/10 17:43:40,ed459e6d8218768e01e8b69c0c44cd2e2e8fc086,11a6dca42fd83d2c91b25152a30827bf24fdd6f7,持卡人消费,学苑楼商务网关,-9.0,206.28,3787,正常
2016/05/11 09:00:45,ed459e6d8218768e01e8b69c0c44cd2e2e8fc086,11a6dca42fd83d2c91b25152a30827bf24fdd6f7,持卡人消费,学士楼商务网关,-3.3,202.98,3788,正常
2016/05/11 11:24:49,ed459e6d8218768e01e8b69c0c44cd2e2e8fc086,11a6dca42fd83d2c91b25152a30827bf24fdd6f7,持卡人消费,学士楼商务网关,-7.1,195.88,3789,正常
2016/05/11 11:28:20,ed459e6d8218768e01e8b69c0c44cd2e2e8fc086,11a6dca42fd83d2c91b25152a30827bf24fdd6f7,持卡人消费,学士楼商务网关,-1.5,194.38,3790,正常
2016/05/11 16:39:23,ed459e6d8218768e01e8b69c0c44cd2e2e8fc086,11a6dca42fd83d2c91b25152a30827bf24fdd6f7,持卡人消费,硕果园（工大商店）,-10.0,184.38,3791,正常
2016/05/11 19:09:50,ed459e6d8218768e01e8b69c0c44cd2e2e8fc086,11a6dca42fd83d2c91b25152a30827bf24fdd6f7,持卡人消费,一校区水控新,-0.64,183.74,3793,正常
2016/05/11 19:12:35,ed459e6d8218768e01e8b69c0c44cd2e2e8fc086,11a6dca42fd83d2c91b25152a30827bf24fdd6f7,持卡人消费,一校区水控新,-0.24,183.50,3795,正常
2016/05/12 11:21:40,ed459e6d8218768e01e8b69c0c44cd2e2e8fc086,11a6dca42fd83d2c91b25152a30827bf24fdd6f7,持卡人消费,学士楼商务网关,-7.0,176.50,3796,正常
2016/05/12 17:03:42,ed459e6d8218768e01e8b69c0c44cd2e2e8fc086,11a6dca42fd83d2c91b25152a30827bf24fdd6f7,持卡人消费,学士楼商务网关,-8.3,168.20,3797,正常
2016/05/13 11:01:44,ed459e6d8218768e01e8b69c0c44cd2e2e8fc086,11a6dca42fd83d2c91b25152a30827bf24fdd6f7,持卡人消费,学士楼商务网关,-4.8,163.40,3798,正常
2016/05/13 16:52:14,ed459e6d8218768e01e8b69c0c44cd2e2e8fc086,11a6dca42fd83d2c91b25152a30827bf24fdd6f7,持卡人消费,学苑楼商务网关,-7.0,156.40,3799,正常
2016/05/14 15:49:46,ed459e6d8218768e01e8b69c0c44cd2e2e8fc086,11a6dca42fd83d2c91b25152a30827bf24fdd6f7,持卡人消费,硕果园（工大商店）,-12.0,144.40,3800,正常
2016/05/15 07:44:21,ed459e6d8218768e01e8b69c0c44cd2e2e8fc086,11a6dca42fd83d2c91b25152a30827bf24fdd6f7,持卡人消费,学士楼商务网关,-3.7,140.70,3801,正常
2016/05/15 11:36:16,ed459e6d8218768e01e8b69c0c44cd2e2e8fc086,11a6dca42fd83d2c91b25152a30827bf24fdd6f7,持卡人消费,学士楼商务网关,-4.5,136.20,3802,正常
2016/05/15 17:17:20,ed459e6d8218768e01e8b69c0c44cd2e2e8fc086,11a6dca42fd83d2c91b25152a30827bf24fdd6f7,持卡人消费,学士楼商务网关,-7.6,128.60,3803,正常
2016/05/16 07:59:46,ed459e6d8218768e01e8b69c0c44cd2e2e8fc086,11a6dca42fd83d2c91b25152a30827bf24fdd6f7,持卡人消费,学士楼商务网关,-3.7,124.90,3804,正常
2016/05/16 11:19:37,ed459e6d8218768e01e8b69c0c44cd2e2e8fc086,11a6dca42fd83d2c91b25152a30827bf24fdd6f7,持卡人消费,学苑楼商务网关,-9.0,115.90,3805,正常
2016/05/16 17:13:54,ed459e6d8218768e01e8b69c0c44cd2e2e8fc086,11a6dca42fd83d2c91b25152a30827bf24fdd6f7,持卡人消费,学苑楼商务网关,-7.0,108.90,3806,正常
2016/05/16 17:14:59,ed459e6d8218768e01e8b69c0c44cd2e2e8fc086,11a6dca42fd83d2c91b25152a30827bf24fdd6f7,持卡人消费,学苑楼商务网关,-0.6,108.30,3807,正常
2016/05/17 08:04:36,ed459e6d8218768e01e8b69c0c44cd2e2e8fc086,11a6dca42fd83d2c91b25152a30827bf24fdd6f7,持卡人消费,学士楼商务网关,-4.1,104.20,3808,正常
2016/05/17 11:20:46,ed459e6d8218768e01e8b69c0c44cd2e2e8fc086,11a6dca42fd83d2c91b25152a30827bf24fdd6f7,持卡人消费,学苑楼商务网关,-8.0,96.20,3809,正常
2016/05/17 18:57:28,ed459e6d8218768e01e8b69c0c44cd2e2e8fc086,11a6dca42fd83d2c91b25152a30827bf24fdd6f7,持卡人消费,硕果园（工大商店）,-12.0,84.20,3810,正常
2016/05/17 19:18:23,ed459e6d8218768e01e8b69c0c44cd2e2e8fc086,11a6dca42fd83d2c91b25152a30827bf24fdd6f7,持卡人消费,超市商务子系统,-10.3,73.90,3811,正常
2016/05/17 19:19:38,ed459e6d8218768e01e8b69c0c44cd2e2e8fc086,11a6dca42fd83d2c91b25152a30827bf24fdd6f7,持卡人消费,超市商务子系统,-2.8,71.10,3812,正常
2016/05/18 07:47:37,ed459e6d8218768e01e8b69c0c44cd2e2e8fc086,11a6dca42fd83d2c91b25152a30827bf24fdd6f7,持卡人消费,学士楼商务网关,-4.7,66.40,3813,正常
2016/05/18 11:28:21,ed459e6d8218768e01e8b69c0c44cd2e2e8fc086,11a6dca42fd83d2c91b25152a30827bf24fdd6f7,持卡人消费,学苑楼商务网关,-7.9,58.50,3814,正常
2016/05/20 07:26:24,ed459e6d8218768e01e8b69c0c44cd2e2e8fc086,11a6dca42fd83d2c91b25152a30827bf24fdd6f7,持卡人消费,学士楼商务网关,-4.2,54.30,3815,正常
2016/05/20 11:19:28,ed459e6d8218768e01e8b69c0c44cd2e2e8fc086,11a6dca42fd83d2c91b25152a30827bf24fdd6f7,持卡人消费,学苑楼商务网关,-7.0,47.30,3816,正常
2016/05/20 18:38:02,ed459e6d8218768e01e8b69c0c44cd2e2e8fc086,11a6dca42fd83d2c91b25152a30827bf24fdd6f7,持卡人消费,硕果园（工大商店）,-10.0,37.30,3817,正常
2016/05/20 18:47:22,ed459e6d8218768e01e8b69c0c44cd2e2e8fc086,11a6dca42fd83d2c91b25152a30827bf24fdd6f7,持卡人消费,硕果园（工大商店）,-3.5,33.80,3818,正常
2016/05/21 11:37:28,ed459e6d8218768e01e8b69c0c44cd2e2e8fc086,11a6dca42fd83d2c91b25152a30827bf24fdd6f7,持卡人消费,学士楼商务网关,-5.6,28.20,3819,正常
2016/05/21 17:35:48,ed459e6d8218768e01e8b69c0c44cd2e2e8fc086,11a6dca42fd83d2c91b25152a30827bf24fdd6f7,持卡人消费,学士楼商务网关,-6.2,22.00,3820,正常
2016/05/21 17:49:53,ed459e6d8218768e01e8b69c0c44cd2e2e8fc086,11a6dca42fd83d2c91b25152a30827bf24fdd6f7,持卡人消费,超市商务子系统,-2.6,19.40,3821,正常
2016/05/22 07:57:48,ed459e6d8218768e01e8b69c0c44cd2e2e8fc086,11a6dca42fd83d2c91b25152a30827bf24fdd6f7,持卡人消费,学士楼商务网关,-3.5,15.90,3822,正常
2016/05/22 12:19:33,ed459e6d8218768e01e8b69c0c44cd2e2e8fc086,11a6dca42fd83d2c91b25152a30827bf24fdd6f7,持卡人消费,学苑楼商务网关,-8.0,7.90,3823,正常
2016/05/22 12:33:07,ed459e6d8218768e01e8b69c0c44cd2e2e8fc086,11a6dca42fd83d2c91b25152a30827bf24fdd6f7,持卡人消费,超市商务子系统,-2.5,5.40,3824,正常
2016/05/22 17:30:52,ed459e6d8218768e01e8b69c0c44cd2e2e8fc086,11a6dca42fd83d2c91b25152a30827bf24fdd6f7,持卡人消费,学士楼商务网关,-3.8,1.60,3825,正常
2016/05/23 08:20:43,ed459e6d8218768e01e8b69c0c44cd2e2e8fc086,11a6dca42fd83d2c91b25152a30827bf24fdd6f7,存款,学苑楼综合业务2,200.0,201.60,3826,正常
2016/05/23 08:21:38,ed459e6d8218768e01e8b69c0c44cd2e2e8fc086,11a6dca42fd83d2c91b25152a30827bf24fdd6f7,持卡人消费,学苑楼商务网关,-1.9,199.70,3827,正常
2016/05/23 11:19:40,ed459e6d8218768e01e8b69c0c44cd2e2e8fc086,11a6dca42fd83d2c91b25152a30827bf24fdd6f7,持卡人消费,学苑楼商务网关,-7.0,192.70,3828,正常
2016/05/23 17:32:49,ed459e6d8218768e01e8b69c0c44cd2e2e8fc086,11a6dca42fd83d2c91b25152a30827bf24fdd6f7,持卡人消费,学苑楼商务网关,-8.0,184.70,3829,正常
2016/05/24 08:33:43,ed459e6d8218768e01e8b69c0c44cd2e2e8fc086,11a6dca42fd83d2c91b25152a30827bf24fdd6f7,持卡人消费,学士楼商务网关,-2.7,182.00,3830,正常
2016/05/24 11:15:20,ed459e6d8218768e01e8b69c0c44cd2e2e8fc086,11a6dca42fd83d2c91b25152a30827bf24fdd6f7,持卡人消费,学苑楼商务网关,-7.0,175.00,3831,正常
2016/05/24 17:29:57,ed459e6d8218768e01e8b69c0c44cd2e2e8fc086,11a6dca42fd83d2c91b25152a30827bf24fdd6f7,持卡人消费,学士楼商务网关,-8.7,166.30,3832,正常
2016/05/25 08:10:41,ed459e6d8218768e01e8b69c0c44cd2e2e8fc086,11a6dca42fd83d2c91b25152a30827bf24fdd6f7,持卡人消费,学士楼商务网关,-3.6,162.70,3833,正常
2016/05/25 11:35:26,ed459e6d8218768e01e8b69c0c44cd2e2e8fc086,11a6dca42fd83d2c91b25152a30827bf24fdd6f7,持卡人消费,学苑楼商务网关,-8.8,153.90,3834,正常
2016/05/25 17:42:00,ed459e6d8218768e01e8b69c0c44cd2e2e8fc086,11a6dca42fd83d2c91b25152a30827bf24fdd6f7,持卡人消费,学苑楼商务网关,-7.0,146.90,3835,正常
2016/05/26 08:15:07,ed459e6d8218768e01e8b69c0c44cd2e2e8fc086,11a6dca42fd83d2c91b25152a30827bf24fdd6f7,持卡人消费,学士楼商务网关,-3.7,143.20,3836,正常
2016/05/26 11:24:56,ed459e6d8218768e01e8b69c0c44cd2e2e8fc086,11a6dca42fd83d2c91b25152a30827bf24fdd6f7,持卡人消费,学苑楼商务网关,-4.0,139.20,3837,正常
2016/05/26 17:18:38,ed459e6d8218768e01e8b69c0c44cd2e2e8fc086,11a6dca42fd83d2c91b25152a30827bf24fdd6f7,持卡人消费,学士楼商务网关,-9.5,129.70,3838,正常
2016/05/26 22:54:28,ed459e6d8218768e01e8b69c0c44cd2e2e8fc086,11a6dca42fd83d2c91b25152a30827bf24fdd6f7,持卡人消费,网络中心,-30.0,99.70,3839,正常
2016/05/27 07:47:34,ed459e6d8218768e01e8b69c0c44cd2e2e8fc086,11a6dca42fd83d2c91b25152a30827bf24fdd6f7,持卡人消费,学士楼商务网关,-4.5,95.20,3840,正常
2016/05/27 11:56:19,ed459e6d8218768e01e8b69c0c44cd2e2e8fc086,11a6dca42fd83d2c91b25152a30827bf24fdd6f7,持卡人消费,学苑楼商务网关,-8.0,87.20,3841,正常
2016/05/27 17:13:30,ed459e6d8218768e01e8b69c0c44cd2e2e8fc086,11a6dca42fd83d2c91b25152a30827bf24fdd6f7,持卡人消费,学士楼商务网关,-8.1,79.10,3842,正常
2016/05/28 07:11:31,ed459e6d8218768e01e8b69c0c44cd2e2e8fc086,11a6dca42fd83d2c91b25152a30827bf24fdd6f7,持卡人消费,学士楼商务网关,-2.9,76.20,3843,正常
2016/05/28 12:44:24,ed459e6d8218768e01e8b69c0c44cd2e2e8fc086,11a6dca42fd83d2c91b25152a30827bf24fdd6f7,持卡人消费,学士楼商务网关,-6.7,69.50,3844,正常
2016/05/28 17:36:18,ed459e6d8218768e01e8b69c0c44cd2e2e8fc086,11a6dca42fd83d2c91b25152a30827bf24fdd6f7,持卡人消费,学士楼商务网关,-7.7,61.80,3845,正常
2016/05/29 07:29:48,ed459e6d8218768e01e8b69c0c44cd2e2e8fc086,11a6dca42fd83d2c91b25152a30827bf24fdd6f7,持卡人消费,学士楼商务网关,-4.2,57.60,3846,正常
2016/05/29 11:00:40,ed459e6d8218768e01e8b69c0c44cd2e2e8fc086,11a6dca42fd83d2c91b25152a30827bf24fdd6f7,持卡人消费,学苑楼商务网关,-6.8,50.80,3847,正常
2016/05/29 11:16:15,ed459e6d8218768e01e8b69c0c44cd2e2e8fc086,11a6dca42fd83d2c91b25152a30827bf24fdd6f7,存款,学苑楼综合业务3,200.0,250.80,3848,正常
2016/05/29 11:25:23,ed459e6d8218768e01e8b69c0c44cd2e2e8fc086,11a6dca42fd83d2c91b25152a30827bf24fdd6f7,持卡人消费,网络中心,-30.0,220.80,3849,正常
2016/05/29 17:19:11,ed459e6d8218768e01e8b69c0c44cd2e2e8fc086,11a6dca42fd83d2c91b25152a30827bf24fdd6f7,持卡人消费,学士楼商务网关,-8.0,212.80,3850,正常
2016/05/29 17:34:22,ed459e6d8218768e01e8b69c0c44cd2e2e8fc086,11a6dca42fd83d2c91b25152a30827bf24fdd6f7,持卡人消费,学士楼商务网关,-3.0,209.80,3851,正常
2016/05/29 19:23:38,ed459e6d8218768e01e8b69c0c44cd2e2e8fc086,11a6dca42fd83d2c91b25152a30827bf24fdd6f7,持卡人消费,一校区水控新,-0.98,208.82,3853,正常
2016/05/29 19:27:14,ed459e6d8218768e01e8b69c0c44cd2e2e8fc086,11a6dca42fd83d2c91b25152a30827bf24fdd6f7,持卡人消费,一校区水控新,-0.38,208.44,3855,正常
2016/05/30 08:05:55,ed459e6d8218768e01e8b69c0c44cd2e2e8fc086,11a6dca42fd83d2c91b25152a30827bf24fdd6f7,持卡人消费,学士楼商务网关,-3.6,204.84,3856,正常
2016/05/30 11:31:00,ed459e6d8218768e01e8b69c0c44cd2e2e8fc086,11a6dca42fd83d2c91b25152a30827bf24fdd6f7,持卡人消费,学苑楼商务网关,-8.0,196.84,3857,正常
2016/05/30 17:18:41,ed459e6d8218768e01e8b69c0c44cd2e2e8fc086,11a6dca42fd83d2c91b25152a30827bf24fdd6f7,持卡人消费,学苑楼商务网关,-4.0,192.84,3858,正常
2016/05/30 17:20:43,ed459e6d8218768e01e8b69c0c44cd2e2e8fc086,11a6dca42fd83d2c91b25152a30827bf24fdd6f7,持卡人消费,学苑楼商务网关,-3.2,189.64,3859,正常
2016/05/31 07:47:42,ed459e6d8218768e01e8b69c0c44cd2e2e8fc086,11a6dca42fd83d2c91b25152a30827bf24fdd6f7,持卡人消费,学士楼商务网关,-4.1,185.54,3860,正常
2016/05/31 11:17:09,ed459e6d8218768e01e8b69c0c44cd2e2e8fc086,11a6dca42fd83d2c91b25152a30827bf24fdd6f7,持卡人消费,学苑楼商务网关,-8.0,177.54,3861,正常
2016/05/31 17:17:23,ed459e6d8218768e01e8b69c0c44cd2e2e8fc086,11a6dca42fd83d2c91b25152a30827bf24fdd6f7,持卡人消费,学士楼商务网关,-6.6,170.94,3862,正常
