交易发生时间,学号,姓名,交易类型,子系统名称,交易额,现有余额,次数,状态
2016/05/06 09:14:24,3d8da594b64d637fe7e48e2bfdcd3e96420c5a95,1215ed4ad16136df114b6c063b4a44fffab6586f,持卡人消费,学子便利店B04,-3.4,270.74,4652,正常
2016/05/06 12:13:02,3d8da594b64d637fe7e48e2bfdcd3e96420c5a95,1215ed4ad16136df114b6c063b4a44fffab6586f,持卡人消费,九食堂商务网关,-8.0,262.74,4653,正常
2016/05/06 14:08:26,3d8da594b64d637fe7e48e2bfdcd3e96420c5a95,1215ed4ad16136df114b6c063b4a44fffab6586f,持卡人消费,学子便利店B04,-1.8,260.94,4654,正常
2016/05/07 07:30:55,3d8da594b64d637fe7e48e2bfdcd3e96420c5a95,1215ed4ad16136df114b6c063b4a44fffab6586f,持卡人消费,学子便利店B04,-21.9,239.04,4655,正常
2016/05/08 07:34:43,3d8da594b64d637fe7e48e2bfdcd3e96420c5a95,1215ed4ad16136df114b6c063b4a44fffab6586f,持卡人消费,四食堂商务网关,-2.6,236.44,4656,正常
2016/05/08 07:35:16,3d8da594b64d637fe7e48e2bfdcd3e96420c5a95,1215ed4ad16136df114b6c063b4a44fffab6586f,持卡人消费,四食堂商务网关,-1.0,235.44,4657,正常
2016/05/08 11:18:56,3d8da594b64d637fe7e48e2bfdcd3e96420c5a95,1215ed4ad16136df114b6c063b4a44fffab6586f,持卡人消费,四食堂商务网关,-5.0,230.44,4658,正常
2016/05/08 11:20:26,3d8da594b64d637fe7e48e2bfdcd3e96420c5a95,1215ed4ad16136df114b6c063b4a44fffab6586f,持卡人消费,四食堂商务网关,-2.5,227.94,4659,正常
2016/05/12 11:18:13,3d8da594b64d637fe7e48e2bfdcd3e96420c5a95,1215ed4ad16136df114b6c063b4a44fffab6586f,持卡人消费,九食堂商务网关,-7.0,220.94,4660,正常
2016/05/12 11:41:14,3d8da594b64d637fe7e48e2bfdcd3e96420c5a95,1215ed4ad16136df114b6c063b4a44fffab6586f,持卡人消费,学子便利店B04,-3.6,217.34,4661,正常
2016/05/12 17:56:17,3d8da594b64d637fe7e48e2bfdcd3e96420c5a95,1215ed4ad16136df114b6c063b4a44fffab6586f,持卡人消费,四食堂商务网关,-5.0,212.34,4662,正常
2016/05/13 08:14:19,3d8da594b64d637fe7e48e2bfdcd3e96420c5a95,1215ed4ad16136df114b6c063b4a44fffab6586f,持卡人消费,四食堂商务网关,-2.6,209.74,4663,正常
2016/05/13 08:15:06,3d8da594b64d637fe7e48e2bfdcd3e96420c5a95,1215ed4ad16136df114b6c063b4a44fffab6586f,持卡人消费,四食堂商务网关,-1.0,208.74,4664,正常
2016/05/13 08:27:42,3d8da594b64d637fe7e48e2bfdcd3e96420c5a95,1215ed4ad16136df114b6c063b4a44fffab6586f,持卡人消费,学子便利店B05,-25.0,183.74,4665,正常
2016/05/13 09:43:07,3d8da594b64d637fe7e48e2bfdcd3e96420c5a95,1215ed4ad16136df114b6c063b4a44fffab6586f,持卡人消费,学子便利店B04,-3.6,180.14,4666,正常
2016/05/13 11:18:14,3d8da594b64d637fe7e48e2bfdcd3e96420c5a95,1215ed4ad16136df114b6c063b4a44fffab6586f,持卡人消费,九食堂商务网关,-8.0,172.14,4667,正常
2016/05/13 17:31:03,3d8da594b64d637fe7e48e2bfdcd3e96420c5a95,1215ed4ad16136df114b6c063b4a44fffab6586f,持卡人消费,学苑楼商务网关,-12.0,160.14,4668,正常
2016/05/13 17:33:38,3d8da594b64d637fe7e48e2bfdcd3e96420c5a95,1215ed4ad16136df114b6c063b4a44fffab6586f,持卡人消费,学苑楼商务网关,-0.8,159.34,4669,正常
2016/05/14 07:12:27,3d8da594b64d637fe7e48e2bfdcd3e96420c5a95,1215ed4ad16136df114b6c063b4a44fffab6586f,持卡人消费,四食堂商务网关,-2.6,156.74,4670,正常
2016/05/14 07:13:19,3d8da594b64d637fe7e48e2bfdcd3e96420c5a95,1215ed4ad16136df114b6c063b4a44fffab6586f,持卡人消费,四食堂商务网关,-1.0,155.74,4671,正常
2016/05/14 11:33:04,3d8da594b64d637fe7e48e2bfdcd3e96420c5a95,1215ed4ad16136df114b6c063b4a44fffab6586f,持卡人消费,学苑楼商务网关,-6.0,149.74,4672,正常
2016/05/14 17:00:03,3d8da594b64d637fe7e48e2bfdcd3e96420c5a95,1215ed4ad16136df114b6c063b4a44fffab6586f,持卡人消费,九食堂商务网关,-9.0,140.74,4673,正常
2016/05/14 19:14:00,3d8da594b64d637fe7e48e2bfdcd3e96420c5a95,1215ed4ad16136df114b6c063b4a44fffab6586f,持卡人消费,学子便利店B04,-2.8,137.94,4674,正常
2016/05/14 21:50:52,3d8da594b64d637fe7e48e2bfdcd3e96420c5a95,1215ed4ad16136df114b6c063b4a44fffab6586f,持卡人消费,学子便利店B04,-6.5,131.44,4675,正常
2016/05/15 07:41:24,3d8da594b64d637fe7e48e2bfdcd3e96420c5a95,1215ed4ad16136df114b6c063b4a44fffab6586f,持卡人消费,五食堂商务网关,-2.6,128.84,4676,正常
2016/05/15 07:42:20,3d8da594b64d637fe7e48e2bfdcd3e96420c5a95,1215ed4ad16136df114b6c063b4a44fffab6586f,持卡人消费,五食堂商务网关,-0.2,128.64,4677,正常
2016/05/15 11:34:03,3d8da594b64d637fe7e48e2bfdcd3e96420c5a95,1215ed4ad16136df114b6c063b4a44fffab6586f,持卡人消费,四食堂商务网关,-5.0,123.64,4678,正常
2016/05/21 06:32:19,3d8da594b64d637fe7e48e2bfdcd3e96420c5a95,1215ed4ad16136df114b6c063b4a44fffab6586f,持卡人消费,学苑楼商务网关,-2.0,121.64,4679,正常
2016/05/21 11:02:17,3d8da594b64d637fe7e48e2bfdcd3e96420c5a95,1215ed4ad16136df114b6c063b4a44fffab6586f,持卡人消费,学苑楼商务网关,-8.0,113.64,4680,正常
2016/05/21 11:13:51,3d8da594b64d637fe7e48e2bfdcd3e96420c5a95,1215ed4ad16136df114b6c063b4a44fffab6586f,持卡人消费,学苑楼商务网关,-0.2,113.44,4681,正常
2016/05/21 11:41:56,3d8da594b64d637fe7e48e2bfdcd3e96420c5a95,1215ed4ad16136df114b6c063b4a44fffab6586f,持卡人消费,超市商务子系统,-22.7,90.74,4682,正常
2016/05/21 13:11:02,3d8da594b64d637fe7e48e2bfdcd3e96420c5a95,1215ed4ad16136df114b6c063b4a44fffab6586f,持卡人消费,学苑楼商务网关,-8.0,82.74,4683,正常
2016/05/21 17:44:02,3d8da594b64d637fe7e48e2bfdcd3e96420c5a95,1215ed4ad16136df114b6c063b4a44fffab6586f,持卡人消费,学苑楼商务网关,-7.5,75.24,4684,正常
2016/05/21 18:02:04,3d8da594b64d637fe7e48e2bfdcd3e96420c5a95,1215ed4ad16136df114b6c063b4a44fffab6586f,持卡人消费,学苑楼商务网关,-0.2,75.04,4685,正常
