交易发生时间,学号,姓名,交易类型,子系统名称,交易额,现有余额,次数,状态
2016/05/01 18:47:03,176aefab642f16c0398087d6236fae5d1306fee6,12e5459821a5dd926b6cc2f4ea28efa379767bd0,持卡人消费,学子便利店B07,-26.5,37.14,3458,正常
2016/05/01 20:39:34,176aefab642f16c0398087d6236fae5d1306fee6,12e5459821a5dd926b6cc2f4ea28efa379767bd0,持卡人消费,学子便利店B07,-16.9,20.24,3459,正常
2016/05/03 10:54:51,176aefab642f16c0398087d6236fae5d1306fee6,12e5459821a5dd926b6cc2f4ea28efa379767bd0,存款,现金充值机,200.0,220.24,3460,正常
2016/05/03 10:55:59,176aefab642f16c0398087d6236fae5d1306fee6,12e5459821a5dd926b6cc2f4ea28efa379767bd0,持卡人消费,五食堂商务网关,-5.6,214.64,3461,正常
2016/05/04 11:13:55,176aefab642f16c0398087d6236fae5d1306fee6,12e5459821a5dd926b6cc2f4ea28efa379767bd0,持卡人消费,九食堂商务网关,-13.0,201.64,3462,正常
2016/05/04 11:15:28,176aefab642f16c0398087d6236fae5d1306fee6,12e5459821a5dd926b6cc2f4ea28efa379767bd0,持卡人消费,九食堂商务网关,-11.0,190.64,3463,正常
2016/05/04 16:13:55,176aefab642f16c0398087d6236fae5d1306fee6,12e5459821a5dd926b6cc2f4ea28efa379767bd0,持卡人消费,二区水控,-3.0,187.64,3464,正常
2016/05/04 16:15:08,176aefab642f16c0398087d6236fae5d1306fee6,12e5459821a5dd926b6cc2f4ea28efa379767bd0,持卡人消费,二区水控,-3.0,184.64,3467,正常
2016/05/04 16:14:25,176aefab642f16c0398087d6236fae5d1306fee6,12e5459821a5dd926b6cc2f4ea28efa379767bd0,持卡人消费,二区水控,-0.02,184.62,3471,正常
2016/05/04 16:15:23,176aefab642f16c0398087d6236fae5d1306fee6,12e5459821a5dd926b6cc2f4ea28efa379767bd0,持卡人消费,二区水控,-0.18,184.44,3473,正常
2016/05/04 16:34:38,176aefab642f16c0398087d6236fae5d1306fee6,12e5459821a5dd926b6cc2f4ea28efa379767bd0,持卡人消费,二区水控,-3.0,181.44,3474,正常
2016/05/04 16:35:47,176aefab642f16c0398087d6236fae5d1306fee6,12e5459821a5dd926b6cc2f4ea28efa379767bd0,持卡人消费,二区水控,-0.13,181.31,3476,正常
2016/05/04 17:58:42,176aefab642f16c0398087d6236fae5d1306fee6,12e5459821a5dd926b6cc2f4ea28efa379767bd0,持卡人消费,学子便利店B07,-16.7,164.61,3477,正常
2016/05/04 19:31:37,176aefab642f16c0398087d6236fae5d1306fee6,12e5459821a5dd926b6cc2f4ea28efa379767bd0,持卡人消费,二区水控,-2.7,161.91,3478,正常
2016/05/05 08:13:57,176aefab642f16c0398087d6236fae5d1306fee6,12e5459821a5dd926b6cc2f4ea28efa379767bd0,持卡人消费,九食堂商务网关,-1.8,160.11,3479,正常
2016/05/05 15:19:21,176aefab642f16c0398087d6236fae5d1306fee6,12e5459821a5dd926b6cc2f4ea28efa379767bd0,持卡人消费,网络中心,-30.0,130.11,3480,正常
2016/05/05 16:46:04,176aefab642f16c0398087d6236fae5d1306fee6,12e5459821a5dd926b6cc2f4ea28efa379767bd0,持卡人消费,九食堂商务网关,-13.0,117.11,3481,正常
2016/05/05 19:00:59,176aefab642f16c0398087d6236fae5d1306fee6,12e5459821a5dd926b6cc2f4ea28efa379767bd0,持卡人消费,二区水控,-3.0,114.11,3482,正常
2016/05/06 08:11:33,176aefab642f16c0398087d6236fae5d1306fee6,12e5459821a5dd926b6cc2f4ea28efa379767bd0,持卡人消费,九食堂商务网关,-2.5,111.61,3483,正常
2016/05/06 11:01:27,176aefab642f16c0398087d6236fae5d1306fee6,12e5459821a5dd926b6cc2f4ea28efa379767bd0,持卡人消费,五食堂商务网关,-7.0,104.61,3484,正常
2016/05/06 19:46:34,176aefab642f16c0398087d6236fae5d1306fee6,12e5459821a5dd926b6cc2f4ea28efa379767bd0,持卡人消费,二区水控,-2.93,101.68,3486,正常
2016/05/06 19:50:30,176aefab642f16c0398087d6236fae5d1306fee6,12e5459821a5dd926b6cc2f4ea28efa379767bd0,持卡人消费,二区水控,-0.72,100.96,3488,正常
2016/05/07 10:55:19,176aefab642f16c0398087d6236fae5d1306fee6,12e5459821a5dd926b6cc2f4ea28efa379767bd0,持卡人消费,五食堂商务网关,-7.0,93.96,3489,正常
2016/05/08 11:08:18,176aefab642f16c0398087d6236fae5d1306fee6,12e5459821a5dd926b6cc2f4ea28efa379767bd0,持卡人消费,九食堂商务网关,-9.0,84.96,3490,正常
2016/05/08 16:48:57,176aefab642f16c0398087d6236fae5d1306fee6,12e5459821a5dd926b6cc2f4ea28efa379767bd0,持卡人消费,九食堂商务网关,-10.0,74.96,3491,正常
2016/05/09 11:22:59,176aefab642f16c0398087d6236fae5d1306fee6,12e5459821a5dd926b6cc2f4ea28efa379767bd0,持卡人消费,五食堂商务网关,-7.0,67.96,3492,正常
2016/05/10 08:15:42,176aefab642f16c0398087d6236fae5d1306fee6,12e5459821a5dd926b6cc2f4ea28efa379767bd0,持卡人消费,九食堂商务网关,-1.8,66.16,3493,正常
2016/05/10 11:24:56,176aefab642f16c0398087d6236fae5d1306fee6,12e5459821a5dd926b6cc2f4ea28efa379767bd0,持卡人消费,五食堂商务网关,-7.0,59.16,3494,正常
2016/05/10 17:20:33,176aefab642f16c0398087d6236fae5d1306fee6,12e5459821a5dd926b6cc2f4ea28efa379767bd0,持卡人消费,四食堂商务网关,-6.19,52.97,3495,正常
2016/05/11 08:31:57,176aefab642f16c0398087d6236fae5d1306fee6,12e5459821a5dd926b6cc2f4ea28efa379767bd0,持卡人消费,学子便利店B07,-5.2,47.77,3496,正常
2016/05/11 11:25:46,176aefab642f16c0398087d6236fae5d1306fee6,12e5459821a5dd926b6cc2f4ea28efa379767bd0,持卡人消费,五食堂商务网关,-7.0,40.77,3497,正常
2016/05/11 17:05:35,176aefab642f16c0398087d6236fae5d1306fee6,12e5459821a5dd926b6cc2f4ea28efa379767bd0,持卡人消费,九食堂商务网关,-13.0,27.77,3498,正常
2016/05/12 11:21:19,176aefab642f16c0398087d6236fae5d1306fee6,12e5459821a5dd926b6cc2f4ea28efa379767bd0,持卡人消费,五食堂商务网关,-6.0,21.77,3499,正常
2016/05/12 21:15:40,176aefab642f16c0398087d6236fae5d1306fee6,12e5459821a5dd926b6cc2f4ea28efa379767bd0,持卡人消费,学子便利店B07,-10.0,11.77,3500,正常
2016/05/13 08:23:02,176aefab642f16c0398087d6236fae5d1306fee6,12e5459821a5dd926b6cc2f4ea28efa379767bd0,持卡人消费,九食堂商务网关,-3.3,8.47,3501,正常
2016/05/13 11:04:22,176aefab642f16c0398087d6236fae5d1306fee6,12e5459821a5dd926b6cc2f4ea28efa379767bd0,持卡人消费,五食堂商务网关,-7.0,1.47,3502,正常
2016/05/14 11:24:51,176aefab642f16c0398087d6236fae5d1306fee6,12e5459821a5dd926b6cc2f4ea28efa379767bd0,存款,现金充值机,200.0,201.47,3503,正常
2016/05/14 11:26:23,176aefab642f16c0398087d6236fae5d1306fee6,12e5459821a5dd926b6cc2f4ea28efa379767bd0,持卡人消费,五食堂商务网关,-5.6,195.87,3504,正常
2016/05/14 12:25:22,176aefab642f16c0398087d6236fae5d1306fee6,12e5459821a5dd926b6cc2f4ea28efa379767bd0,持卡人消费,学子便利店B07,-10.5,185.37,3505,正常
2016/05/15 11:11:45,176aefab642f16c0398087d6236fae5d1306fee6,12e5459821a5dd926b6cc2f4ea28efa379767bd0,持卡人消费,五食堂商务网关,-7.0,178.37,3506,正常
2016/05/15 11:15:51,176aefab642f16c0398087d6236fae5d1306fee6,12e5459821a5dd926b6cc2f4ea28efa379767bd0,持卡人消费,五食堂商务网关,-1.0,177.37,3507,正常
2016/05/16 11:27:38,176aefab642f16c0398087d6236fae5d1306fee6,12e5459821a5dd926b6cc2f4ea28efa379767bd0,持卡人消费,五食堂商务网关,-7.0,170.37,3508,正常
2016/05/16 11:29:24,176aefab642f16c0398087d6236fae5d1306fee6,12e5459821a5dd926b6cc2f4ea28efa379767bd0,持卡人消费,五食堂商务网关,-1.0,169.37,3509,正常
2016/05/16 17:06:13,176aefab642f16c0398087d6236fae5d1306fee6,12e5459821a5dd926b6cc2f4ea28efa379767bd0,持卡人消费,九食堂商务网关,-13.0,156.37,3510,正常
2016/05/17 11:09:56,176aefab642f16c0398087d6236fae5d1306fee6,12e5459821a5dd926b6cc2f4ea28efa379767bd0,持卡人消费,九食堂商务网关,-13.0,143.37,3511,正常
2016/05/17 17:15:41,176aefab642f16c0398087d6236fae5d1306fee6,12e5459821a5dd926b6cc2f4ea28efa379767bd0,持卡人消费,五食堂商务网关,-5.6,137.77,3512,正常
2016/05/17 18:43:47,176aefab642f16c0398087d6236fae5d1306fee6,12e5459821a5dd926b6cc2f4ea28efa379767bd0,持卡人消费,二区水控,-0.01,137.76,3513,正常
2016/05/17 18:58:51,176aefab642f16c0398087d6236fae5d1306fee6,12e5459821a5dd926b6cc2f4ea28efa379767bd0,持卡人消费,二区水控,-2.88,134.88,3515,正常
2016/05/18 11:36:08,176aefab642f16c0398087d6236fae5d1306fee6,12e5459821a5dd926b6cc2f4ea28efa379767bd0,持卡人消费,五食堂商务网关,-9.5,125.38,3516,正常
2016/05/18 17:12:44,176aefab642f16c0398087d6236fae5d1306fee6,12e5459821a5dd926b6cc2f4ea28efa379767bd0,持卡人消费,五食堂商务网关,-7.0,118.38,3517,正常
2016/05/18 17:13:57,176aefab642f16c0398087d6236fae5d1306fee6,12e5459821a5dd926b6cc2f4ea28efa379767bd0,持卡人消费,五食堂商务网关,-1.0,117.38,3518,正常
2016/05/19 02:23:11,176aefab642f16c0398087d6236fae5d1306fee6,12e5459821a5dd926b6cc2f4ea28efa379767bd0,持卡人消费,五食堂商务网关,-7.0,110.38,3519,正常
2016/05/19 02:24:10,176aefab642f16c0398087d6236fae5d1306fee6,12e5459821a5dd926b6cc2f4ea28efa379767bd0,持卡人消费,五食堂商务网关,-1.0,109.38,3520,正常
2016/05/19 16:44:44,176aefab642f16c0398087d6236fae5d1306fee6,12e5459821a5dd926b6cc2f4ea28efa379767bd0,持卡人消费,五食堂商务网关,-7.0,102.38,3521,正常
2016/05/19 16:47:04,176aefab642f16c0398087d6236fae5d1306fee6,12e5459821a5dd926b6cc2f4ea28efa379767bd0,持卡人消费,五食堂商务网关,-1.0,101.38,3522,正常
2016/05/20 08:20:23,176aefab642f16c0398087d6236fae5d1306fee6,12e5459821a5dd926b6cc2f4ea28efa379767bd0,持卡人消费,九食堂商务网关,-1.8,99.58,3523,正常
2016/05/20 16:55:54,176aefab642f16c0398087d6236fae5d1306fee6,12e5459821a5dd926b6cc2f4ea28efa379767bd0,持卡人消费,二区水控,-0.01,99.57,3524,正常
2016/05/20 17:11:38,176aefab642f16c0398087d6236fae5d1306fee6,12e5459821a5dd926b6cc2f4ea28efa379767bd0,持卡人消费,二区水控,-3.0,96.57,3525,正常
2016/05/22 08:26:01,176aefab642f16c0398087d6236fae5d1306fee6,12e5459821a5dd926b6cc2f4ea28efa379767bd0,持卡人消费,四食堂商务网关,-2.5,94.07,3526,正常
2016/05/22 11:34:29,176aefab642f16c0398087d6236fae5d1306fee6,12e5459821a5dd926b6cc2f4ea28efa379767bd0,持卡人消费,五食堂商务网关,-7.0,87.07,3527,正常
2016/05/22 11:35:22,176aefab642f16c0398087d6236fae5d1306fee6,12e5459821a5dd926b6cc2f4ea28efa379767bd0,持卡人消费,五食堂商务网关,-1.0,86.07,3528,正常
2016/05/22 14:55:19,176aefab642f16c0398087d6236fae5d1306fee6,12e5459821a5dd926b6cc2f4ea28efa379767bd0,持卡人消费,二区水控,-2.3,83.77,3529,正常
2016/05/22 14:59:29,176aefab642f16c0398087d6236fae5d1306fee6,12e5459821a5dd926b6cc2f4ea28efa379767bd0,持卡人消费,二区水控,-0.76,83.01,3530,正常
2016/05/22 17:27:55,176aefab642f16c0398087d6236fae5d1306fee6,12e5459821a5dd926b6cc2f4ea28efa379767bd0,持卡人消费,学子便利店B07,-8.5,74.51,3531,正常
2016/05/23 08:42:05,176aefab642f16c0398087d6236fae5d1306fee6,12e5459821a5dd926b6cc2f4ea28efa379767bd0,持卡人消费,四食堂商务网关,-2.0,72.51,3532,正常
2016/05/23 11:45:05,176aefab642f16c0398087d6236fae5d1306fee6,12e5459821a5dd926b6cc2f4ea28efa379767bd0,持卡人消费,五食堂商务网关,-7.0,65.51,3533,正常
2016/05/23 11:47:20,176aefab642f16c0398087d6236fae5d1306fee6,12e5459821a5dd926b6cc2f4ea28efa379767bd0,持卡人消费,五食堂商务网关,-1.0,64.51,3534,正常
2016/05/23 17:24:14,176aefab642f16c0398087d6236fae5d1306fee6,12e5459821a5dd926b6cc2f4ea28efa379767bd0,持卡人消费,五食堂商务网关,-8.0,56.51,3535,正常
2016/05/24 08:50:50,176aefab642f16c0398087d6236fae5d1306fee6,12e5459821a5dd926b6cc2f4ea28efa379767bd0,持卡人消费,四食堂商务网关,-1.5,55.01,3536,正常
2016/05/24 11:31:50,176aefab642f16c0398087d6236fae5d1306fee6,12e5459821a5dd926b6cc2f4ea28efa379767bd0,持卡人消费,五食堂商务网关,-7.0,48.01,3537,正常
2016/05/24 11:33:24,176aefab642f16c0398087d6236fae5d1306fee6,12e5459821a5dd926b6cc2f4ea28efa379767bd0,持卡人消费,五食堂商务网关,-1.0,47.01,3538,正常
2016/05/24 16:57:39,176aefab642f16c0398087d6236fae5d1306fee6,12e5459821a5dd926b6cc2f4ea28efa379767bd0,持卡人消费,五食堂商务网关,-8.0,39.01,3539,正常
2016/05/25 08:42:22,176aefab642f16c0398087d6236fae5d1306fee6,12e5459821a5dd926b6cc2f4ea28efa379767bd0,持卡人消费,四食堂商务网关,-1.5,37.51,3540,正常
2016/05/25 08:42:34,176aefab642f16c0398087d6236fae5d1306fee6,12e5459821a5dd926b6cc2f4ea28efa379767bd0,持卡人消费,四食堂商务网关,-1.5,36.01,3541,正常
2016/05/25 11:27:40,176aefab642f16c0398087d6236fae5d1306fee6,12e5459821a5dd926b6cc2f4ea28efa379767bd0,持卡人消费,五食堂商务网关,-7.0,29.01,3542,正常
2016/05/25 11:28:52,176aefab642f16c0398087d6236fae5d1306fee6,12e5459821a5dd926b6cc2f4ea28efa379767bd0,持卡人消费,五食堂商务网关,-1.0,28.01,3543,正常
2016/05/25 12:28:04,176aefab642f16c0398087d6236fae5d1306fee6,12e5459821a5dd926b6cc2f4ea28efa379767bd0,持卡人消费,二区水控,-3.0,25.01,3544,正常
2016/05/25 17:18:00,176aefab642f16c0398087d6236fae5d1306fee6,12e5459821a5dd926b6cc2f4ea28efa379767bd0,存款,现金充值机,200.0,225.01,3545,正常
2016/05/25 17:20:36,176aefab642f16c0398087d6236fae5d1306fee6,12e5459821a5dd926b6cc2f4ea28efa379767bd0,持卡人消费,五食堂商务网关,-13.0,212.01,3546,正常
2016/05/26 11:26:54,176aefab642f16c0398087d6236fae5d1306fee6,12e5459821a5dd926b6cc2f4ea28efa379767bd0,持卡人消费,五食堂商务网关,-11.5,200.51,3547,正常
2016/05/26 16:56:08,176aefab642f16c0398087d6236fae5d1306fee6,12e5459821a5dd926b6cc2f4ea28efa379767bd0,持卡人消费,五食堂商务网关,-8.0,192.51,3548,正常
2016/05/27 11:32:18,176aefab642f16c0398087d6236fae5d1306fee6,12e5459821a5dd926b6cc2f4ea28efa379767bd0,持卡人消费,五食堂商务网关,-7.0,185.51,3549,正常
2016/05/27 11:33:34,176aefab642f16c0398087d6236fae5d1306fee6,12e5459821a5dd926b6cc2f4ea28efa379767bd0,持卡人消费,五食堂商务网关,-1.0,184.51,3550,正常
2016/05/28 11:29:23,176aefab642f16c0398087d6236fae5d1306fee6,12e5459821a5dd926b6cc2f4ea28efa379767bd0,持卡人消费,五食堂商务网关,-7.0,177.51,3551,正常
2016/05/28 11:30:34,176aefab642f16c0398087d6236fae5d1306fee6,12e5459821a5dd926b6cc2f4ea28efa379767bd0,持卡人消费,五食堂商务网关,-1.0,176.51,3552,正常
2016/05/28 12:26:40,176aefab642f16c0398087d6236fae5d1306fee6,12e5459821a5dd926b6cc2f4ea28efa379767bd0,持卡人消费,二区水控,-3.0,173.51,3553,正常
2016/05/29 09:27:40,176aefab642f16c0398087d6236fae5d1306fee6,12e5459821a5dd926b6cc2f4ea28efa379767bd0,持卡人消费,网络中心,-30.0,143.51,3554,正常
2016/05/29 10:58:24,176aefab642f16c0398087d6236fae5d1306fee6,12e5459821a5dd926b6cc2f4ea28efa379767bd0,持卡人消费,学子便利店B07,-8.5,135.01,3555,正常
2016/05/31 11:21:46,176aefab642f16c0398087d6236fae5d1306fee6,12e5459821a5dd926b6cc2f4ea28efa379767bd0,持卡人消费,五食堂商务网关,-7.0,128.01,3556,正常
2016/05/31 12:16:54,176aefab642f16c0398087d6236fae5d1306fee6,12e5459821a5dd926b6cc2f4ea28efa379767bd0,持卡人消费,二区水控,-0.08,127.93,3558,正常
2016/05/31 12:32:26,176aefab642f16c0398087d6236fae5d1306fee6,12e5459821a5dd926b6cc2f4ea28efa379767bd0,持卡人消费,二区水控,-2.94,124.99,3560,正常
