交易发生时间,学号,姓名,交易类型,子系统名称,交易额,现有余额,次数,状态
2016/05/15 15:53:22,5ba3fe607b4e0a4713cc5da2e6e9a148672e1594,12fd77b7fa93edfcafa1c006295a7dd95150f2e9,持卡人消费,15公寓浴池,-1.09,169.10,3430,正常
2016/05/15 15:57:31,5ba3fe607b4e0a4713cc5da2e6e9a148672e1594,12fd77b7fa93edfcafa1c006295a7dd95150f2e9,持卡人消费,15公寓浴池,-0.24,168.86,3432,正常
2016/05/15 16:06:34,5ba3fe607b4e0a4713cc5da2e6e9a148672e1594,12fd77b7fa93edfcafa1c006295a7dd95150f2e9,持卡人消费,15公寓浴池,-1.5,167.36,3434,正常
2016/05/16 18:21:42,5ba3fe607b4e0a4713cc5da2e6e9a148672e1594,12fd77b7fa93edfcafa1c006295a7dd95150f2e9,持卡人消费,学子便利店A01后楼,-6.5,160.86,3435,正常
2016/05/16 22:10:08,5ba3fe607b4e0a4713cc5da2e6e9a148672e1594,12fd77b7fa93edfcafa1c006295a7dd95150f2e9,持卡人消费,学子便利店A01后楼,-2.6,158.26,3436,正常
2016/05/17 15:49:51,5ba3fe607b4e0a4713cc5da2e6e9a148672e1594,12fd77b7fa93edfcafa1c006295a7dd95150f2e9,持卡人消费,15公寓浴池,-2.0,156.26,3437,正常
2016/05/17 15:50:13,5ba3fe607b4e0a4713cc5da2e6e9a148672e1594,12fd77b7fa93edfcafa1c006295a7dd95150f2e9,持卡人消费,15公寓浴池,-2.0,154.26,3438,正常
2016/05/17 15:50:18,5ba3fe607b4e0a4713cc5da2e6e9a148672e1594,12fd77b7fa93edfcafa1c006295a7dd95150f2e9,持卡人消费,15公寓浴池,-2.0,152.26,3439,正常
2016/05/17 15:53:12,5ba3fe607b4e0a4713cc5da2e6e9a148672e1594,12fd77b7fa93edfcafa1c006295a7dd95150f2e9,持卡人消费,15公寓浴池,-0.61,151.65,3441,正常
2016/05/17 16:01:07,5ba3fe607b4e0a4713cc5da2e6e9a148672e1594,12fd77b7fa93edfcafa1c006295a7dd95150f2e9,持卡人消费,学子便利店A01后楼,-9.0,142.65,3442,正常
2016/05/17 16:23:21,5ba3fe607b4e0a4713cc5da2e6e9a148672e1594,12fd77b7fa93edfcafa1c006295a7dd95150f2e9,持卡人消费,学子便利店A01后楼,-10.0,132.65,3443,正常
2016/05/17 17:48:36,5ba3fe607b4e0a4713cc5da2e6e9a148672e1594,12fd77b7fa93edfcafa1c006295a7dd95150f2e9,持卡人消费,学苑楼商务网关,-11.0,121.65,3444,正常
2016/05/18 12:19:18,5ba3fe607b4e0a4713cc5da2e6e9a148672e1594,12fd77b7fa93edfcafa1c006295a7dd95150f2e9,持卡人消费,硕果园（工大商店）,-4.0,117.65,3445,正常
2016/05/18 16:45:15,5ba3fe607b4e0a4713cc5da2e6e9a148672e1594,12fd77b7fa93edfcafa1c006295a7dd95150f2e9,持卡人消费,超市商务子系统,-6.0,111.65,3446,正常
2016/05/18 22:19:48,5ba3fe607b4e0a4713cc5da2e6e9a148672e1594,12fd77b7fa93edfcafa1c006295a7dd95150f2e9,持卡人消费,学子便利店A01后楼,-24.4,87.25,3447,正常
2016/05/18 22:26:26,5ba3fe607b4e0a4713cc5da2e6e9a148672e1594,12fd77b7fa93edfcafa1c006295a7dd95150f2e9,持卡人消费,学子便利店A01后楼,-11.9,75.35,3448,正常
2016/05/19 12:15:08,5ba3fe607b4e0a4713cc5da2e6e9a148672e1594,12fd77b7fa93edfcafa1c006295a7dd95150f2e9,持卡人消费,15公寓浴池,-1.28,74.07,3450,正常
2016/05/20 13:55:49,5ba3fe607b4e0a4713cc5da2e6e9a148672e1594,12fd77b7fa93edfcafa1c006295a7dd95150f2e9,持卡人消费,一校区水控新,-2.0,72.07,3451,正常
2016/05/23 19:50:46,5ba3fe607b4e0a4713cc5da2e6e9a148672e1594,12fd77b7fa93edfcafa1c006295a7dd95150f2e9,持卡人消费,15公寓浴池,-2.0,70.07,3452,正常
2016/05/23 19:40:38,5ba3fe607b4e0a4713cc5da2e6e9a148672e1594,12fd77b7fa93edfcafa1c006295a7dd95150f2e9,持卡人消费,15公寓浴池,-0.02,70.05,3454,正常
2016/05/23 19:51:13,5ba3fe607b4e0a4713cc5da2e6e9a148672e1594,12fd77b7fa93edfcafa1c006295a7dd95150f2e9,持卡人消费,15公寓浴池,-2.0,68.05,3455,正常
2016/05/23 19:51:23,5ba3fe607b4e0a4713cc5da2e6e9a148672e1594,12fd77b7fa93edfcafa1c006295a7dd95150f2e9,持卡人消费,15公寓浴池,-2.0,66.05,3456,正常
2016/05/23 19:52:32,5ba3fe607b4e0a4713cc5da2e6e9a148672e1594,12fd77b7fa93edfcafa1c006295a7dd95150f2e9,持卡人消费,15公寓浴池,-0.32,65.73,3458,正常
2016/05/25 11:48:19,5ba3fe607b4e0a4713cc5da2e6e9a148672e1594,12fd77b7fa93edfcafa1c006295a7dd95150f2e9,持卡人消费,学苑楼商务网关,-8.0,57.73,3459,正常
2016/05/26 10:09:58,5ba3fe607b4e0a4713cc5da2e6e9a148672e1594,12fd77b7fa93edfcafa1c006295a7dd95150f2e9,持卡人消费,学子便利店A01后楼,-4.5,53.23,3460,正常
2016/05/26 11:56:36,5ba3fe607b4e0a4713cc5da2e6e9a148672e1594,12fd77b7fa93edfcafa1c006295a7dd95150f2e9,持卡人消费,学子便利店A01后楼,-2.9,50.33,3461,正常
2016/05/26 12:55:42,5ba3fe607b4e0a4713cc5da2e6e9a148672e1594,12fd77b7fa93edfcafa1c006295a7dd95150f2e9,持卡人消费,15公寓浴池,-2.0,48.33,3462,正常
2016/05/26 12:56:38,5ba3fe607b4e0a4713cc5da2e6e9a148672e1594,12fd77b7fa93edfcafa1c006295a7dd95150f2e9,持卡人消费,15公寓浴池,-2.0,46.33,3463,正常
2016/05/26 12:59:06,5ba3fe607b4e0a4713cc5da2e6e9a148672e1594,12fd77b7fa93edfcafa1c006295a7dd95150f2e9,持卡人消费,15公寓浴池,-0.64,43.69,3466,正常
2016/05/26 13:01:57,5ba3fe607b4e0a4713cc5da2e6e9a148672e1594,12fd77b7fa93edfcafa1c006295a7dd95150f2e9,持卡人消费,15公寓浴池,-1.01,44.68,3467,正常
2016/05/28 12:03:48,5ba3fe607b4e0a4713cc5da2e6e9a148672e1594,12fd77b7fa93edfcafa1c006295a7dd95150f2e9,持卡人消费,学苑楼商务网关,-9.0,35.68,3468,正常
2016/05/28 15:15:00,5ba3fe607b4e0a4713cc5da2e6e9a148672e1594,12fd77b7fa93edfcafa1c006295a7dd95150f2e9,持卡人消费,15公寓浴池,-2.0,33.68,3469,正常
2016/05/28 19:14:35,5ba3fe607b4e0a4713cc5da2e6e9a148672e1594,12fd77b7fa93edfcafa1c006295a7dd95150f2e9,持卡人消费,15公寓浴池,-0.06,33.62,3471,正常
2016/05/28 19:25:16,5ba3fe607b4e0a4713cc5da2e6e9a148672e1594,12fd77b7fa93edfcafa1c006295a7dd95150f2e9,持卡人消费,15公寓浴池,-2.0,31.62,3472,正常
2016/05/28 19:25:18,5ba3fe607b4e0a4713cc5da2e6e9a148672e1594,12fd77b7fa93edfcafa1c006295a7dd95150f2e9,持卡人消费,15公寓浴池,-2.0,29.62,3473,正常
2016/05/28 19:26:03,5ba3fe607b4e0a4713cc5da2e6e9a148672e1594,12fd77b7fa93edfcafa1c006295a7dd95150f2e9,持卡人消费,15公寓浴池,-0.13,29.49,3475,正常
2016/05/29 12:08:01,5ba3fe607b4e0a4713cc5da2e6e9a148672e1594,12fd77b7fa93edfcafa1c006295a7dd95150f2e9,持卡人消费,学子便利店A01后楼,-2.9,26.59,3476,正常
2016/05/30 08:16:34,5ba3fe607b4e0a4713cc5da2e6e9a148672e1594,12fd77b7fa93edfcafa1c006295a7dd95150f2e9,持卡人消费,学子便利店A01后楼,-3.5,23.09,3477,正常
2016/05/30 11:41:48,5ba3fe607b4e0a4713cc5da2e6e9a148672e1594,12fd77b7fa93edfcafa1c006295a7dd95150f2e9,持卡人消费,学子便利店A01后楼,-3.5,19.59,3478,正常
2016/05/30 22:10:42,5ba3fe607b4e0a4713cc5da2e6e9a148672e1594,12fd77b7fa93edfcafa1c006295a7dd95150f2e9,持卡人消费,A1,-6.0,13.59,3479,正常
2016/05/30 22:20:38,5ba3fe607b4e0a4713cc5da2e6e9a148672e1594,12fd77b7fa93edfcafa1c006295a7dd95150f2e9,持卡人消费,学子便利店A01后楼,-0.7,12.89,3480,正常
2016/05/31 12:32:32,5ba3fe607b4e0a4713cc5da2e6e9a148672e1594,12fd77b7fa93edfcafa1c006295a7dd95150f2e9,持卡人消费,15公寓浴池,-2.0,10.89,3481,正常
2016/05/31 12:32:52,5ba3fe607b4e0a4713cc5da2e6e9a148672e1594,12fd77b7fa93edfcafa1c006295a7dd95150f2e9,持卡人消费,15公寓浴池,-2.0,4.89,3484,正常
2016/05/31 12:26:40,5ba3fe607b4e0a4713cc5da2e6e9a148672e1594,12fd77b7fa93edfcafa1c006295a7dd95150f2e9,持卡人消费,15公寓浴池,-0.85,6.04,3485,正常
2016/05/31 12:28:16,5ba3fe607b4e0a4713cc5da2e6e9a148672e1594,12fd77b7fa93edfcafa1c006295a7dd95150f2e9,持卡人消费,15公寓浴池,-1.15,6.89,3486,正常
2016/05/31 12:39:29,5ba3fe607b4e0a4713cc5da2e6e9a148672e1594,12fd77b7fa93edfcafa1c006295a7dd95150f2e9,持卡人消费,15公寓浴池,-2.0,4.89,3487,正常
2016/05/31 12:39:22,5ba3fe607b4e0a4713cc5da2e6e9a148672e1594,12fd77b7fa93edfcafa1c006295a7dd95150f2e9,持卡人消费,15公寓浴池,-0.77,4.12,3489,正常
