交易发生时间,学号,姓名,交易类型,子系统名称,交易额,现有余额,次数,状态
2016/05/03 18:35:41,948d6ff003bec94331b967cf76422f5d9fe056ef,1343e19e227ff9819fad70db530adb1ea104afab,持卡人消费,一校区水控新,-0.48,119.26,3781,正常
2016/05/03 18:37:36,948d6ff003bec94331b967cf76422f5d9fe056ef,1343e19e227ff9819fad70db530adb1ea104afab,持卡人消费,一校区水控新,-0.22,119.04,3783,正常
2016/05/03 18:49:53,948d6ff003bec94331b967cf76422f5d9fe056ef,1343e19e227ff9819fad70db530adb1ea104afab,持卡人消费,一校区水控新,-2.0,117.04,3784,正常
2016/05/03 18:51:58,948d6ff003bec94331b967cf76422f5d9fe056ef,1343e19e227ff9819fad70db530adb1ea104afab,持卡人消费,一校区水控新,-0.18,116.86,3786,正常
2016/05/03 19:16:31,948d6ff003bec94331b967cf76422f5d9fe056ef,1343e19e227ff9819fad70db530adb1ea104afab,持卡人消费,超市商务子系统,-26.4,90.46,3787,正常
2016/05/04 11:24:00,948d6ff003bec94331b967cf76422f5d9fe056ef,1343e19e227ff9819fad70db530adb1ea104afab,持卡人消费,学士楼商务网关,-9.6,80.86,3788,正常
2016/05/04 19:49:35,948d6ff003bec94331b967cf76422f5d9fe056ef,1343e19e227ff9819fad70db530adb1ea104afab,持卡人消费,超市商务子系统,-31.0,49.86,3789,正常
2016/05/18 15:56:40,948d6ff003bec94331b967cf76422f5d9fe056ef,1343e19e227ff9819fad70db530adb1ea104afab,持卡人消费,A9,-3.0,16.86,3791,正常
2016/05/18 15:57:14,948d6ff003bec94331b967cf76422f5d9fe056ef,1343e19e227ff9819fad70db530adb1ea104afab,持卡人消费,A9,-3.0,13.86,3792,正常
2016/05/20 16:43:09,948d6ff003bec94331b967cf76422f5d9fe056ef,1343e19e227ff9819fad70db530adb1ea104afab,持卡人消费,一校区水控新,-0.51,13.35,3794,正常
2016/05/20 16:47:04,948d6ff003bec94331b967cf76422f5d9fe056ef,1343e19e227ff9819fad70db530adb1ea104afab,持卡人消费,一校区水控新,-0.45,12.90,3796,正常
2016/05/20 16:53:32,948d6ff003bec94331b967cf76422f5d9fe056ef,1343e19e227ff9819fad70db530adb1ea104afab,持卡人消费,一校区水控新,-0.86,12.04,3798,正常
2016/05/20 17:13:58,948d6ff003bec94331b967cf76422f5d9fe056ef,1343e19e227ff9819fad70db530adb1ea104afab,持卡人消费,硕果园（工大商店）,-3.5,8.54,3799,正常
2016/05/24 15:20:26,948d6ff003bec94331b967cf76422f5d9fe056ef,1343e19e227ff9819fad70db530adb1ea104afab,持卡人消费,A9,-3.0,5.54,3800,正常
2016/05/27 18:17:15,948d6ff003bec94331b967cf76422f5d9fe056ef,1343e19e227ff9819fad70db530adb1ea104afab,持卡人消费,一校区水控新,-0.22,5.32,3801,正常
2016/05/27 18:20:03,948d6ff003bec94331b967cf76422f5d9fe056ef,1343e19e227ff9819fad70db530adb1ea104afab,持卡人消费,一校区水控新,-0.35,4.97,3802,正常
2016/05/27 18:31:35,948d6ff003bec94331b967cf76422f5d9fe056ef,1343e19e227ff9819fad70db530adb1ea104afab,持卡人消费,一校区水控新,-1.77,3.20,3803,正常
2016/05/27 18:36:27,948d6ff003bec94331b967cf76422f5d9fe056ef,1343e19e227ff9819fad70db530adb1ea104afab,持卡人消费,一校区水控新,-0.3,2.90,3804,正常
2016/05/30 17:57:38,948d6ff003bec94331b967cf76422f5d9fe056ef,1343e19e227ff9819fad70db530adb1ea104afab,存款,现金充值机,50.0,52.90,3805,正常
2016/05/30 18:27:28,948d6ff003bec94331b967cf76422f5d9fe056ef,1343e19e227ff9819fad70db530adb1ea104afab,持卡人消费,超市商务子系统,-6.5,46.40,3806,正常
2016/05/30 18:31:32,948d6ff003bec94331b967cf76422f5d9fe056ef,1343e19e227ff9819fad70db530adb1ea104afab,持卡人消费,硕果园（工大商店）,-10.0,36.40,3807,正常
2016/05/31 17:45:08,948d6ff003bec94331b967cf76422f5d9fe056ef,1343e19e227ff9819fad70db530adb1ea104afab,持卡人消费,超市商务子系统,-4.4,32.00,3808,正常
