交易发生时间,学号,姓名,交易类型,子系统名称,交易额,现有余额,次数,状态
2016/05/01 21:31:20,295d79bdfe9c9cf7467d1d9f9fafcf61b9c8e8ed,13f2574d408fe343e5f173a582a0ab4e3c531802,持卡人消费,学子便利店A01后楼,-6.6,43.28,4646,正常
2016/05/02 18:34:29,295d79bdfe9c9cf7467d1d9f9fafcf61b9c8e8ed,13f2574d408fe343e5f173a582a0ab4e3c531802,持卡人消费,15公寓浴池,-0.67,42.61,4648,正常
2016/05/02 18:41:12,295d79bdfe9c9cf7467d1d9f9fafcf61b9c8e8ed,13f2574d408fe343e5f173a582a0ab4e3c531802,持卡人消费,15公寓浴池,-0.42,42.19,4650,正常
2016/05/02 18:43:02,295d79bdfe9c9cf7467d1d9f9fafcf61b9c8e8ed,13f2574d408fe343e5f173a582a0ab4e3c531802,持卡人消费,15公寓浴池,-0.34,41.85,4652,正常
2016/05/03 11:30:31,295d79bdfe9c9cf7467d1d9f9fafcf61b9c8e8ed,13f2574d408fe343e5f173a582a0ab4e3c531802,持卡人消费,学苑楼商务网关,-9.0,32.85,4653,正常
2016/05/06 14:56:57,295d79bdfe9c9cf7467d1d9f9fafcf61b9c8e8ed,13f2574d408fe343e5f173a582a0ab4e3c531802,持卡人消费,学子便利店A01后楼,-6.8,26.05,4654,正常
2016/05/06 17:00:24,295d79bdfe9c9cf7467d1d9f9fafcf61b9c8e8ed,13f2574d408fe343e5f173a582a0ab4e3c531802,持卡人消费,15公寓浴池,-1.23,24.82,4656,正常
2016/05/06 17:07:35,295d79bdfe9c9cf7467d1d9f9fafcf61b9c8e8ed,13f2574d408fe343e5f173a582a0ab4e3c531802,持卡人消费,15公寓浴池,-0.56,24.26,4658,正常
2016/05/07 19:22:20,295d79bdfe9c9cf7467d1d9f9fafcf61b9c8e8ed,13f2574d408fe343e5f173a582a0ab4e3c531802,持卡人消费,学子便利店A01后楼,-8.9,15.36,4659,正常
2016/05/07 19:40:08,295d79bdfe9c9cf7467d1d9f9fafcf61b9c8e8ed,13f2574d408fe343e5f173a582a0ab4e3c531802,持卡人消费,15公寓浴池,-2.0,13.36,4660,正常
2016/05/07 19:32:07,295d79bdfe9c9cf7467d1d9f9fafcf61b9c8e8ed,13f2574d408fe343e5f173a582a0ab4e3c531802,持卡人消费,15公寓浴池,-0.43,12.93,4662,正常
2016/05/07 19:40:47,295d79bdfe9c9cf7467d1d9f9fafcf61b9c8e8ed,13f2574d408fe343e5f173a582a0ab4e3c531802,持卡人消费,15公寓浴池,-0.06,10.87,4665,正常
2016/05/07 19:41:10,295d79bdfe9c9cf7467d1d9f9fafcf61b9c8e8ed,13f2574d408fe343e5f173a582a0ab4e3c531802,持卡人消费,15公寓浴池,-1.09,11.78,4666,正常
2016/05/10 19:00:13,295d79bdfe9c9cf7467d1d9f9fafcf61b9c8e8ed,13f2574d408fe343e5f173a582a0ab4e3c531802,持卡人消费,15公寓浴池,-0.93,10.85,4668,正常
2016/05/10 19:05:38,295d79bdfe9c9cf7467d1d9f9fafcf61b9c8e8ed,13f2574d408fe343e5f173a582a0ab4e3c531802,持卡人消费,15公寓浴池,-0.34,10.51,4670,正常
2016/05/11 08:10:26,295d79bdfe9c9cf7467d1d9f9fafcf61b9c8e8ed,13f2574d408fe343e5f173a582a0ab4e3c531802,持卡人消费,学士楼商务网关,-3.4,7.11,4671,正常
2016/05/11 13:09:12,295d79bdfe9c9cf7467d1d9f9fafcf61b9c8e8ed,13f2574d408fe343e5f173a582a0ab4e3c531802,持卡人消费,学子便利店A01后楼,-0.3,6.81,4672,正常
2016/05/11 19:09:47,295d79bdfe9c9cf7467d1d9f9fafcf61b9c8e8ed,13f2574d408fe343e5f173a582a0ab4e3c531802,持卡人消费,15公寓浴池,-0.19,6.62,4674,正常
2016/05/11 19:10:58,295d79bdfe9c9cf7467d1d9f9fafcf61b9c8e8ed,13f2574d408fe343e5f173a582a0ab4e3c531802,持卡人消费,15公寓浴池,-0.08,6.54,4676,正常
2016/05/11 19:15:38,295d79bdfe9c9cf7467d1d9f9fafcf61b9c8e8ed,13f2574d408fe343e5f173a582a0ab4e3c531802,持卡人消费,15公寓浴池,-0.58,5.96,4678,正常
2016/05/13 18:49:52,295d79bdfe9c9cf7467d1d9f9fafcf61b9c8e8ed,13f2574d408fe343e5f173a582a0ab4e3c531802,持卡人消费,学子便利店A01后楼,-4.5,1.46,4679,正常
2016/05/14 09:04:21,295d79bdfe9c9cf7467d1d9f9fafcf61b9c8e8ed,13f2574d408fe343e5f173a582a0ab4e3c531802,持卡人消费,学子便利店A01后楼,-0.6,0.86,4680,正常
2016/05/14 10:03:37,295d79bdfe9c9cf7467d1d9f9fafcf61b9c8e8ed,13f2574d408fe343e5f173a582a0ab4e3c531802,持卡人消费,学子便利店A01后楼,-0.2,0.66,4681,正常
2016/05/19 07:34:17,295d79bdfe9c9cf7467d1d9f9fafcf61b9c8e8ed,13f2574d408fe343e5f173a582a0ab4e3c531802,存款,现金充值机,100.0,100.66,4682,正常
2016/05/19 07:55:50,295d79bdfe9c9cf7467d1d9f9fafcf61b9c8e8ed,13f2574d408fe343e5f173a582a0ab4e3c531802,持卡人消费,学苑楼商务网关,-9.0,91.66,4683,正常
2016/05/19 07:55:52,295d79bdfe9c9cf7467d1d9f9fafcf61b9c8e8ed,13f2574d408fe343e5f173a582a0ab4e3c531802,持卡人消费,学苑楼商务网关,-9.0,82.66,4684,正常
2016/05/19 07:55:53,295d79bdfe9c9cf7467d1d9f9fafcf61b9c8e8ed,13f2574d408fe343e5f173a582a0ab4e3c531802,持卡人消费,学苑楼商务网关,-9.0,73.66,4685,正常
2016/05/19 07:55:55,295d79bdfe9c9cf7467d1d9f9fafcf61b9c8e8ed,13f2574d408fe343e5f173a582a0ab4e3c531802,持卡人消费,学苑楼商务网关,-9.0,64.66,4686,正常
2016/05/20 08:05:43,295d79bdfe9c9cf7467d1d9f9fafcf61b9c8e8ed,13f2574d408fe343e5f173a582a0ab4e3c531802,持卡人消费,学士楼商务网关,-3.2,61.46,4687,正常
2016/05/20 17:30:28,295d79bdfe9c9cf7467d1d9f9fafcf61b9c8e8ed,13f2574d408fe343e5f173a582a0ab4e3c531802,持卡人消费,15公寓浴池,-2.0,59.46,4688,正常
2016/05/20 17:24:48,295d79bdfe9c9cf7467d1d9f9fafcf61b9c8e8ed,13f2574d408fe343e5f173a582a0ab4e3c531802,持卡人消费,15公寓浴池,-0.88,58.58,4690,正常
2016/05/20 17:30:49,295d79bdfe9c9cf7467d1d9f9fafcf61b9c8e8ed,13f2574d408fe343e5f173a582a0ab4e3c531802,持卡人消费,15公寓浴池,-0.5,56.08,4693,正常
2016/05/20 17:31:53,295d79bdfe9c9cf7467d1d9f9fafcf61b9c8e8ed,13f2574d408fe343e5f173a582a0ab4e3c531802,持卡人消费,15公寓浴池,-0.22,57.86,4694,正常
2016/05/21 08:12:02,295d79bdfe9c9cf7467d1d9f9fafcf61b9c8e8ed,13f2574d408fe343e5f173a582a0ab4e3c531802,持卡人消费,学士楼商务网关,-2.7,55.16,4695,正常
2016/05/21 13:00:08,295d79bdfe9c9cf7467d1d9f9fafcf61b9c8e8ed,13f2574d408fe343e5f173a582a0ab4e3c531802,持卡人消费,学子便利店A01后楼,-19.9,35.26,4696,正常
2016/05/21 13:07:38,295d79bdfe9c9cf7467d1d9f9fafcf61b9c8e8ed,13f2574d408fe343e5f173a582a0ab4e3c531802,持卡人消费,15公寓浴池,-0.51,34.75,4698,正常
2016/05/21 13:13:08,295d79bdfe9c9cf7467d1d9f9fafcf61b9c8e8ed,13f2574d408fe343e5f173a582a0ab4e3c531802,持卡人消费,15公寓浴池,-0.45,34.30,4700,正常
2016/05/22 09:55:11,295d79bdfe9c9cf7467d1d9f9fafcf61b9c8e8ed,13f2574d408fe343e5f173a582a0ab4e3c531802,持卡人消费,学子便利店A01后楼,-5.6,28.70,4701,正常
2016/05/24 13:58:32,295d79bdfe9c9cf7467d1d9f9fafcf61b9c8e8ed,13f2574d408fe343e5f173a582a0ab4e3c531802,持卡人消费,15公寓浴池,-2.0,24.70,4703,正常
2016/05/24 13:49:23,295d79bdfe9c9cf7467d1d9f9fafcf61b9c8e8ed,13f2574d408fe343e5f173a582a0ab4e3c531802,持卡人消费,15公寓浴池,-0.02,24.68,4705,正常
2016/05/24 13:52:09,295d79bdfe9c9cf7467d1d9f9fafcf61b9c8e8ed,13f2574d408fe343e5f173a582a0ab4e3c531802,持卡人消费,15公寓浴池,-1.02,25.66,4706,正常
2016/05/24 13:57:32,295d79bdfe9c9cf7467d1d9f9fafcf61b9c8e8ed,13f2574d408fe343e5f173a582a0ab4e3c531802,持卡人消费,15公寓浴池,-0.35,25.31,4708,正常
2016/05/26 19:04:17,295d79bdfe9c9cf7467d1d9f9fafcf61b9c8e8ed,13f2574d408fe343e5f173a582a0ab4e3c531802,持卡人消费,学子便利店A01后楼,-5.1,20.21,4709,正常
2016/05/27 17:45:08,295d79bdfe9c9cf7467d1d9f9fafcf61b9c8e8ed,13f2574d408fe343e5f173a582a0ab4e3c531802,持卡人消费,学子便利店A01后楼,-3.0,17.21,4710,正常
2016/05/27 18:06:30,295d79bdfe9c9cf7467d1d9f9fafcf61b9c8e8ed,13f2574d408fe343e5f173a582a0ab4e3c531802,持卡人消费,15公寓浴池,-2.0,15.21,4711,正常
2016/05/27 17:56:32,295d79bdfe9c9cf7467d1d9f9fafcf61b9c8e8ed,13f2574d408fe343e5f173a582a0ab4e3c531802,持卡人消费,15公寓浴池,-0.05,15.16,4713,正常
2016/05/27 18:01:18,295d79bdfe9c9cf7467d1d9f9fafcf61b9c8e8ed,13f2574d408fe343e5f173a582a0ab4e3c531802,持卡人消费,15公寓浴池,-0.86,14.30,4715,正常
2016/05/27 18:06:37,295d79bdfe9c9cf7467d1d9f9fafcf61b9c8e8ed,13f2574d408fe343e5f173a582a0ab4e3c531802,持卡人消费,15公寓浴池,-0.4,13.90,4717,正常
2016/05/29 13:33:32,295d79bdfe9c9cf7467d1d9f9fafcf61b9c8e8ed,13f2574d408fe343e5f173a582a0ab4e3c531802,持卡人消费,超市商务子系统,-0.7,13.20,4718,正常
2016/05/29 17:10:41,295d79bdfe9c9cf7467d1d9f9fafcf61b9c8e8ed,13f2574d408fe343e5f173a582a0ab4e3c531802,存款,2区卡中心综合业务,100.0,113.20,4719,正常
2016/05/29 17:15:04,295d79bdfe9c9cf7467d1d9f9fafcf61b9c8e8ed,13f2574d408fe343e5f173a582a0ab4e3c531802,持卡人消费,九食堂商务网关,-14.0,99.20,4720,正常
2016/05/29 17:27:43,295d79bdfe9c9cf7467d1d9f9fafcf61b9c8e8ed,13f2574d408fe343e5f173a582a0ab4e3c531802,持卡人消费,九食堂商务网关,-5.0,94.20,4721,正常
2016/05/31 12:12:12,295d79bdfe9c9cf7467d1d9f9fafcf61b9c8e8ed,13f2574d408fe343e5f173a582a0ab4e3c531802,持卡人消费,15公寓浴池,-1.04,93.16,4723,正常
2016/05/31 12:18:49,295d79bdfe9c9cf7467d1d9f9fafcf61b9c8e8ed,13f2574d408fe343e5f173a582a0ab4e3c531802,持卡人消费,15公寓浴池,-0.54,92.62,4725,正常
2016/05/31 12:25:28,295d79bdfe9c9cf7467d1d9f9fafcf61b9c8e8ed,13f2574d408fe343e5f173a582a0ab4e3c531802,持卡人消费,学子便利店A01后楼,-5.7,86.92,4726,正常
