交易发生时间,学号,姓名,交易类型,子系统名称,交易额,现有余额,次数,状态
2016/05/05 11:55:45,b5d4662b4a857a1a39b989b4dcb8c7f3f1298d89,1483dffbe01f69081ce106c87002fadf0d132c06,存款,卡中心综合业务,50.0,55.72,3798,正常
2016/05/05 12:01:08,b5d4662b4a857a1a39b989b4dcb8c7f3f1298d89,1483dffbe01f69081ce106c87002fadf0d132c06,持卡人消费,学苑楼商务网关,-3.4,52.32,3799,正常
2016/05/05 12:02:26,b5d4662b4a857a1a39b989b4dcb8c7f3f1298d89,1483dffbe01f69081ce106c87002fadf0d132c06,持卡人消费,学苑楼商务网关,-10.0,42.32,3800,正常
2016/05/06 14:05:56,b5d4662b4a857a1a39b989b4dcb8c7f3f1298d89,1483dffbe01f69081ce106c87002fadf0d132c06,持卡人消费,15公寓浴池,-1.5,40.82,3802,正常
2016/05/06 14:13:18,b5d4662b4a857a1a39b989b4dcb8c7f3f1298d89,1483dffbe01f69081ce106c87002fadf0d132c06,持卡人消费,15公寓浴池,-0.67,40.15,3804,正常
2016/05/06 14:18:45,b5d4662b4a857a1a39b989b4dcb8c7f3f1298d89,1483dffbe01f69081ce106c87002fadf0d132c06,持卡人消费,15公寓浴池,-0.72,39.43,3806,正常
2016/05/08 15:43:10,b5d4662b4a857a1a39b989b4dcb8c7f3f1298d89,1483dffbe01f69081ce106c87002fadf0d132c06,持卡人消费,15公寓浴池,-1.44,37.99,3808,正常
2016/05/09 07:13:51,b5d4662b4a857a1a39b989b4dcb8c7f3f1298d89,1483dffbe01f69081ce106c87002fadf0d132c06,持卡人消费,超市商务子系统,-3.0,34.99,3809,正常
2016/05/10 11:47:34,b5d4662b4a857a1a39b989b4dcb8c7f3f1298d89,1483dffbe01f69081ce106c87002fadf0d132c06,持卡人消费,学士楼商务网关,-6.2,28.79,3810,正常
2016/05/10 12:46:38,b5d4662b4a857a1a39b989b4dcb8c7f3f1298d89,1483dffbe01f69081ce106c87002fadf0d132c06,持卡人消费,15公寓浴池,-0.75,28.04,3812,正常
2016/05/10 12:54:55,b5d4662b4a857a1a39b989b4dcb8c7f3f1298d89,1483dffbe01f69081ce106c87002fadf0d132c06,持卡人消费,15公寓浴池,-0.98,27.06,3814,正常
2016/05/11 11:32:21,b5d4662b4a857a1a39b989b4dcb8c7f3f1298d89,1483dffbe01f69081ce106c87002fadf0d132c06,持卡人消费,南苑网关,-12.72,14.34,3815,正常
2016/05/11 11:39:49,b5d4662b4a857a1a39b989b4dcb8c7f3f1298d89,1483dffbe01f69081ce106c87002fadf0d132c06,存款,现金充值机,50.0,64.34,3816,正常
2016/05/11 19:32:47,b5d4662b4a857a1a39b989b4dcb8c7f3f1298d89,1483dffbe01f69081ce106c87002fadf0d132c06,持卡人消费,学士楼商务网关,-7.0,57.34,3817,正常
2016/05/12 09:05:40,b5d4662b4a857a1a39b989b4dcb8c7f3f1298d89,1483dffbe01f69081ce106c87002fadf0d132c06,持卡人消费,网络中心,-30.0,27.34,3818,正常
2016/05/12 14:34:37,b5d4662b4a857a1a39b989b4dcb8c7f3f1298d89,1483dffbe01f69081ce106c87002fadf0d132c06,持卡人消费,超市商务子系统,-7.5,19.84,3819,正常
2016/05/13 12:21:00,b5d4662b4a857a1a39b989b4dcb8c7f3f1298d89,1483dffbe01f69081ce106c87002fadf0d132c06,持卡人消费,15公寓浴池,-0.16,19.68,3821,正常
2016/05/13 12:30:05,b5d4662b4a857a1a39b989b4dcb8c7f3f1298d89,1483dffbe01f69081ce106c87002fadf0d132c06,持卡人消费,15公寓浴池,-1.68,18.00,3823,正常
2016/05/13 12:42:40,b5d4662b4a857a1a39b989b4dcb8c7f3f1298d89,1483dffbe01f69081ce106c87002fadf0d132c06,持卡人消费,15公寓浴池,-0.42,17.58,3825,正常
2016/05/13 12:46:25,b5d4662b4a857a1a39b989b4dcb8c7f3f1298d89,1483dffbe01f69081ce106c87002fadf0d132c06,持卡人消费,15公寓浴池,-0.18,17.40,3827,正常
2016/05/13 12:47:43,b5d4662b4a857a1a39b989b4dcb8c7f3f1298d89,1483dffbe01f69081ce106c87002fadf0d132c06,持卡人消费,15公寓浴池,-0.16,17.24,3829,正常
2016/05/13 21:42:06,b5d4662b4a857a1a39b989b4dcb8c7f3f1298d89,1483dffbe01f69081ce106c87002fadf0d132c06,持卡人消费,超市商务子系统,-5.6,11.64,3830,正常
2016/05/14 12:52:18,b5d4662b4a857a1a39b989b4dcb8c7f3f1298d89,1483dffbe01f69081ce106c87002fadf0d132c06,持卡人消费,硕果园（工大商店）,-8.0,3.64,3831,正常
2016/05/19 12:08:22,b5d4662b4a857a1a39b989b4dcb8c7f3f1298d89,1483dffbe01f69081ce106c87002fadf0d132c06,持卡人消费,15公寓浴池,-0.54,3.10,3833,正常
2016/05/19 12:11:10,b5d4662b4a857a1a39b989b4dcb8c7f3f1298d89,1483dffbe01f69081ce106c87002fadf0d132c06,持卡人消费,15公寓浴池,-0.19,2.91,3835,正常
2016/05/19 12:17:52,b5d4662b4a857a1a39b989b4dcb8c7f3f1298d89,1483dffbe01f69081ce106c87002fadf0d132c06,持卡人消费,15公寓浴池,-0.14,2.77,3837,正常
2016/05/19 12:20:39,b5d4662b4a857a1a39b989b4dcb8c7f3f1298d89,1483dffbe01f69081ce106c87002fadf0d132c06,持卡人消费,15公寓浴池,-0.02,2.75,3839,正常
2016/05/19 12:24:16,b5d4662b4a857a1a39b989b4dcb8c7f3f1298d89,1483dffbe01f69081ce106c87002fadf0d132c06,持卡人消费,15公寓浴池,-0.67,2.08,3841,正常
2016/05/23 11:58:34,b5d4662b4a857a1a39b989b4dcb8c7f3f1298d89,1483dffbe01f69081ce106c87002fadf0d132c06,存款,现金充值机,10.0,12.08,3842,正常
2016/05/25 17:35:44,b5d4662b4a857a1a39b989b4dcb8c7f3f1298d89,1483dffbe01f69081ce106c87002fadf0d132c06,持卡人消费,超市商务子系统,-1.7,10.38,3843,正常
2016/05/29 16:15:58,b5d4662b4a857a1a39b989b4dcb8c7f3f1298d89,1483dffbe01f69081ce106c87002fadf0d132c06,持卡人消费,15公寓浴池,-0.32,10.06,3845,正常
2016/05/29 16:22:59,b5d4662b4a857a1a39b989b4dcb8c7f3f1298d89,1483dffbe01f69081ce106c87002fadf0d132c06,持卡人消费,15公寓浴池,-1.28,8.78,3847,正常
2016/05/29 16:26:40,b5d4662b4a857a1a39b989b4dcb8c7f3f1298d89,1483dffbe01f69081ce106c87002fadf0d132c06,持卡人消费,15公寓浴池,-0.06,8.72,3849,正常
2016/05/29 16:29:40,b5d4662b4a857a1a39b989b4dcb8c7f3f1298d89,1483dffbe01f69081ce106c87002fadf0d132c06,持卡人消费,15公寓浴池,-0.22,8.50,3851,正常
2016/05/29 16:39:35,b5d4662b4a857a1a39b989b4dcb8c7f3f1298d89,1483dffbe01f69081ce106c87002fadf0d132c06,持卡人消费,15公寓浴池,-0.38,8.12,3853,正常
2016/05/29 16:45:19,b5d4662b4a857a1a39b989b4dcb8c7f3f1298d89,1483dffbe01f69081ce106c87002fadf0d132c06,持卡人消费,15公寓浴池,-0.1,8.02,3855,正常
2016/05/29 16:48:45,b5d4662b4a857a1a39b989b4dcb8c7f3f1298d89,1483dffbe01f69081ce106c87002fadf0d132c06,持卡人消费,15公寓浴池,-0.37,7.65,3857,正常
2016/05/30 20:42:08,b5d4662b4a857a1a39b989b4dcb8c7f3f1298d89,1483dffbe01f69081ce106c87002fadf0d132c06,持卡人消费,南苑超市A17,-1.8,5.85,3858,正常
