交易发生时间,学号,姓名,交易类型,子系统名称,交易额,现有余额,次数,状态
2016/05/01 13:18:28,9a3446b170ec65abffa4e4223ccf9c1421cf43a2,1505985e9318a1ba7d7d483efcb04de7353a65e3,持卡人消费,硕果园（工大商店）,-8.0,64.27,1894,正常
2016/05/01 13:19:03,9a3446b170ec65abffa4e4223ccf9c1421cf43a2,1505985e9318a1ba7d7d483efcb04de7353a65e3,持卡人消费,硕果园（工大商店）,-5.0,59.27,1895,正常
2016/05/01 13:20:19,9a3446b170ec65abffa4e4223ccf9c1421cf43a2,1505985e9318a1ba7d7d483efcb04de7353a65e3,持卡人消费,硕果园（工大商店）,-1.0,58.27,1896,正常
2016/05/05 11:53:24,9a3446b170ec65abffa4e4223ccf9c1421cf43a2,1505985e9318a1ba7d7d483efcb04de7353a65e3,持卡人消费,硕果园（工大商店）,-12.0,46.27,1897,正常
2016/05/09 18:37:23,9a3446b170ec65abffa4e4223ccf9c1421cf43a2,1505985e9318a1ba7d7d483efcb04de7353a65e3,持卡人消费,硕果园（工大商店）,-16.0,30.27,1898,正常
2016/05/18 09:12:47,9a3446b170ec65abffa4e4223ccf9c1421cf43a2,1505985e9318a1ba7d7d483efcb04de7353a65e3,持卡人消费,学士楼商务网关,-5.6,24.67,1899,正常
2016/05/18 09:18:40,9a3446b170ec65abffa4e4223ccf9c1421cf43a2,1505985e9318a1ba7d7d483efcb04de7353a65e3,持卡人消费,学士楼商务网关,-3.0,21.67,1900,正常
2016/05/18 16:30:07,9a3446b170ec65abffa4e4223ccf9c1421cf43a2,1505985e9318a1ba7d7d483efcb04de7353a65e3,持卡人消费,学士楼商务网关,-21.0,0.67,1901,正常
2016/05/18 16:50:59,9a3446b170ec65abffa4e4223ccf9c1421cf43a2,1505985e9318a1ba7d7d483efcb04de7353a65e3,存款,学苑楼综合业务2,100.0,100.67,1902,正常
2016/05/20 18:00:55,9a3446b170ec65abffa4e4223ccf9c1421cf43a2,1505985e9318a1ba7d7d483efcb04de7353a65e3,持卡人消费,硕果园（工大商店）,-7.0,93.67,1903,正常
2016/05/20 18:06:07,9a3446b170ec65abffa4e4223ccf9c1421cf43a2,1505985e9318a1ba7d7d483efcb04de7353a65e3,持卡人消费,硕果园（工大商店）,-1.0,92.67,1904,正常
2016/05/22 12:04:59,9a3446b170ec65abffa4e4223ccf9c1421cf43a2,1505985e9318a1ba7d7d483efcb04de7353a65e3,持卡人消费,硕果园（工大商店）,-9.0,83.67,1905,正常
2016/05/25 10:06:46,9a3446b170ec65abffa4e4223ccf9c1421cf43a2,1505985e9318a1ba7d7d483efcb04de7353a65e3,持卡人消费,硕果园（工大商店）,-9.0,74.67,1906,正常
2016/05/29 11:33:55,9a3446b170ec65abffa4e4223ccf9c1421cf43a2,1505985e9318a1ba7d7d483efcb04de7353a65e3,持卡人消费,硕果园（工大商店）,-9.0,65.67,1907,正常
2016/05/31 09:48:24,9a3446b170ec65abffa4e4223ccf9c1421cf43a2,1505985e9318a1ba7d7d483efcb04de7353a65e3,持卡人消费,学士楼商务网关,-6.0,59.67,1908,正常
2016/05/31 09:52:51,9a3446b170ec65abffa4e4223ccf9c1421cf43a2,1505985e9318a1ba7d7d483efcb04de7353a65e3,持卡人消费,学士楼商务网关,-3.0,56.67,1909,正常
