交易发生时间,学号,姓名,交易类型,子系统名称,交易额,现有余额,次数,状态
2016/05/04 17:49:31,9d46658bca4b78ec917477da1a87aa66b00505ae,1509632600d5200e448dabf02ee8b3e3ac6d550a,持卡人消费,学士楼商务网关,-3.0,29.72,3379,正常
2016/05/04 17:52:32,9d46658bca4b78ec917477da1a87aa66b00505ae,1509632600d5200e448dabf02ee8b3e3ac6d550a,持卡人消费,学士楼商务网关,-3.0,26.72,3380,正常
2016/05/04 17:53:02,9d46658bca4b78ec917477da1a87aa66b00505ae,1509632600d5200e448dabf02ee8b3e3ac6d550a,持卡人消费,学士楼商务网关,-0.8,25.92,3381,正常
2016/05/05 16:34:26,9d46658bca4b78ec917477da1a87aa66b00505ae,1509632600d5200e448dabf02ee8b3e3ac6d550a,持卡人消费,15公寓浴池,-1.68,24.24,3383,正常
2016/05/05 16:42:01,9d46658bca4b78ec917477da1a87aa66b00505ae,1509632600d5200e448dabf02ee8b3e3ac6d550a,持卡人消费,15公寓浴池,-0.83,23.41,3385,正常
2016/05/07 17:07:30,9d46658bca4b78ec917477da1a87aa66b00505ae,1509632600d5200e448dabf02ee8b3e3ac6d550a,持卡人消费,15公寓浴池,-1.22,20.19,3388,正常
2016/05/07 17:09:15,9d46658bca4b78ec917477da1a87aa66b00505ae,1509632600d5200e448dabf02ee8b3e3ac6d550a,持卡人消费,15公寓浴池,-1.47,20.72,3389,正常
2016/05/07 17:13:37,9d46658bca4b78ec917477da1a87aa66b00505ae,1509632600d5200e448dabf02ee8b3e3ac6d550a,持卡人消费,15公寓浴池,-0.66,18.06,3392,正常
2016/05/07 17:13:59,9d46658bca4b78ec917477da1a87aa66b00505ae,1509632600d5200e448dabf02ee8b3e3ac6d550a,持卡人消费,15公寓浴池,-0.78,19.28,3393,正常
2016/05/10 16:40:53,9d46658bca4b78ec917477da1a87aa66b00505ae,1509632600d5200e448dabf02ee8b3e3ac6d550a,持卡人消费,15公寓浴池,-1.39,17.89,3395,正常
2016/05/10 16:45:51,9d46658bca4b78ec917477da1a87aa66b00505ae,1509632600d5200e448dabf02ee8b3e3ac6d550a,持卡人消费,15公寓浴池,-0.66,17.23,3397,正常
2016/05/11 11:42:23,9d46658bca4b78ec917477da1a87aa66b00505ae,1509632600d5200e448dabf02ee8b3e3ac6d550a,持卡人消费,学士楼商务网关,-2.9,14.33,3398,正常
2016/05/12 15:42:13,9d46658bca4b78ec917477da1a87aa66b00505ae,1509632600d5200e448dabf02ee8b3e3ac6d550a,持卡人消费,超市商务子系统,-0.1,14.23,3399,正常
2016/05/12 15:54:59,9d46658bca4b78ec917477da1a87aa66b00505ae,1509632600d5200e448dabf02ee8b3e3ac6d550a,持卡人消费,超市商务子系统,-8.2,6.03,3400,正常
2016/05/13 12:07:19,9d46658bca4b78ec917477da1a87aa66b00505ae,1509632600d5200e448dabf02ee8b3e3ac6d550a,存款,现金充值机,100.0,106.03,3401,正常
2016/05/13 16:42:34,9d46658bca4b78ec917477da1a87aa66b00505ae,1509632600d5200e448dabf02ee8b3e3ac6d550a,持卡人消费,15公寓浴池,-1.39,104.64,3403,正常
2016/05/13 16:51:50,9d46658bca4b78ec917477da1a87aa66b00505ae,1509632600d5200e448dabf02ee8b3e3ac6d550a,持卡人消费,15公寓浴池,-1.06,103.58,3405,正常
2016/05/17 19:57:43,9d46658bca4b78ec917477da1a87aa66b00505ae,1509632600d5200e448dabf02ee8b3e3ac6d550a,持卡人消费,15公寓浴池,-1.65,101.93,3407,正常
2016/05/17 20:05:14,9d46658bca4b78ec917477da1a87aa66b00505ae,1509632600d5200e448dabf02ee8b3e3ac6d550a,持卡人消费,15公寓浴池,-1.15,100.78,3409,正常
2016/05/18 19:52:15,9d46658bca4b78ec917477da1a87aa66b00505ae,1509632600d5200e448dabf02ee8b3e3ac6d550a,持卡人消费,15公寓浴池,-2.0,98.78,3410,正常
2016/05/18 19:54:51,9d46658bca4b78ec917477da1a87aa66b00505ae,1509632600d5200e448dabf02ee8b3e3ac6d550a,持卡人消费,15公寓浴池,-0.37,98.41,3412,正常
2016/05/18 20:02:08,9d46658bca4b78ec917477da1a87aa66b00505ae,1509632600d5200e448dabf02ee8b3e3ac6d550a,持卡人消费,15公寓浴池,-0.83,97.58,3414,正常
2016/05/19 06:51:45,9d46658bca4b78ec917477da1a87aa66b00505ae,1509632600d5200e448dabf02ee8b3e3ac6d550a,持卡人消费,超市商务子系统,-5.5,92.08,3415,正常
2016/05/20 08:32:28,9d46658bca4b78ec917477da1a87aa66b00505ae,1509632600d5200e448dabf02ee8b3e3ac6d550a,持卡人消费,超市商务子系统,-3.0,89.08,3416,正常
2016/05/20 09:27:20,9d46658bca4b78ec917477da1a87aa66b00505ae,1509632600d5200e448dabf02ee8b3e3ac6d550a,持卡人消费,身份前置机,-0.47,88.61,3417,正常
2016/05/21 13:32:24,9d46658bca4b78ec917477da1a87aa66b00505ae,1509632600d5200e448dabf02ee8b3e3ac6d550a,持卡人消费,15公寓浴池,-1.54,87.07,3419,正常
2016/05/21 13:39:40,9d46658bca4b78ec917477da1a87aa66b00505ae,1509632600d5200e448dabf02ee8b3e3ac6d550a,持卡人消费,15公寓浴池,-1.06,86.01,3421,正常
2016/05/24 14:46:57,9d46658bca4b78ec917477da1a87aa66b00505ae,1509632600d5200e448dabf02ee8b3e3ac6d550a,持卡人消费,学士楼商务网关,-1.9,84.11,3422,正常
2016/05/24 17:00:36,9d46658bca4b78ec917477da1a87aa66b00505ae,1509632600d5200e448dabf02ee8b3e3ac6d550a,持卡人消费,15公寓浴池,-2.0,80.11,3424,正常
2016/05/24 16:57:26,9d46658bca4b78ec917477da1a87aa66b00505ae,1509632600d5200e448dabf02ee8b3e3ac6d550a,持卡人消费,15公寓浴池,-1.41,80.70,3425,正常
2016/05/24 17:05:32,9d46658bca4b78ec917477da1a87aa66b00505ae,1509632600d5200e448dabf02ee8b3e3ac6d550a,持卡人消费,15公寓浴池,-0.74,77.96,3428,正常
2016/05/24 17:05:42,9d46658bca4b78ec917477da1a87aa66b00505ae,1509632600d5200e448dabf02ee8b3e3ac6d550a,持卡人消费,15公寓浴池,-1.09,78.87,3429,正常
2016/05/25 18:02:24,9d46658bca4b78ec917477da1a87aa66b00505ae,1509632600d5200e448dabf02ee8b3e3ac6d550a,持卡人消费,学士楼商务网关,-1.4,77.47,3430,正常
2016/05/25 18:02:31,9d46658bca4b78ec917477da1a87aa66b00505ae,1509632600d5200e448dabf02ee8b3e3ac6d550a,持卡人消费,学士楼商务网关,-0.7,76.77,3431,正常
2016/05/25 18:02:52,9d46658bca4b78ec917477da1a87aa66b00505ae,1509632600d5200e448dabf02ee8b3e3ac6d550a,持卡人消费,学士楼商务网关,-3.4,73.37,3432,正常
2016/05/25 18:20:46,9d46658bca4b78ec917477da1a87aa66b00505ae,1509632600d5200e448dabf02ee8b3e3ac6d550a,持卡人消费,学士楼商务网关,-0.1,73.27,3433,正常
2016/05/26 12:04:30,9d46658bca4b78ec917477da1a87aa66b00505ae,1509632600d5200e448dabf02ee8b3e3ac6d550a,持卡人消费,学士楼商务网关,-4.0,69.27,3434,正常
2016/05/26 12:07:00,9d46658bca4b78ec917477da1a87aa66b00505ae,1509632600d5200e448dabf02ee8b3e3ac6d550a,持卡人消费,学士楼商务网关,-0.4,68.87,3435,正常
2016/05/26 12:14:43,9d46658bca4b78ec917477da1a87aa66b00505ae,1509632600d5200e448dabf02ee8b3e3ac6d550a,存款,现金充值机,100.0,168.87,3436,正常
2016/05/27 09:36:13,9d46658bca4b78ec917477da1a87aa66b00505ae,1509632600d5200e448dabf02ee8b3e3ac6d550a,持卡人消费,超市商务子系统,-5.5,163.37,3437,正常
2016/05/27 16:36:57,9d46658bca4b78ec917477da1a87aa66b00505ae,1509632600d5200e448dabf02ee8b3e3ac6d550a,持卡人消费,15公寓浴池,-1.39,161.98,3439,正常
2016/05/27 16:44:23,9d46658bca4b78ec917477da1a87aa66b00505ae,1509632600d5200e448dabf02ee8b3e3ac6d550a,持卡人消费,15公寓浴池,-1.06,160.92,3441,正常
2016/05/27 17:53:37,9d46658bca4b78ec917477da1a87aa66b00505ae,1509632600d5200e448dabf02ee8b3e3ac6d550a,持卡人消费,硕果园（工大商店）,-8.0,152.92,3442,正常
2016/05/28 12:04:53,9d46658bca4b78ec917477da1a87aa66b00505ae,1509632600d5200e448dabf02ee8b3e3ac6d550a,持卡人消费,学士楼商务网关,-4.0,148.92,3443,正常
2016/05/28 12:05:35,9d46658bca4b78ec917477da1a87aa66b00505ae,1509632600d5200e448dabf02ee8b3e3ac6d550a,持卡人消费,学士楼商务网关,-1.4,147.52,3444,正常
2016/05/28 12:07:13,9d46658bca4b78ec917477da1a87aa66b00505ae,1509632600d5200e448dabf02ee8b3e3ac6d550a,持卡人消费,学士楼商务网关,-3.4,144.12,3445,正常
2016/05/28 12:07:49,9d46658bca4b78ec917477da1a87aa66b00505ae,1509632600d5200e448dabf02ee8b3e3ac6d550a,持卡人消费,学士楼商务网关,-1.0,143.12,3446,正常
2016/05/28 12:08:10,9d46658bca4b78ec917477da1a87aa66b00505ae,1509632600d5200e448dabf02ee8b3e3ac6d550a,持卡人消费,学士楼商务网关,-1.0,142.12,3447,正常
