交易发生时间,学号,姓名,交易类型,子系统名称,交易额,现有余额,次数,状态
2016/05/01 13:03:36,e1f3b695944bffbb8474f522bcaa0f086b90e9bc,15242c7573224500f29822dc764fe58cdb6bcb71,持卡人消费,学士楼商务网关,-2.1,31.04,5579,正常
2016/05/01 13:05:11,e1f3b695944bffbb8474f522bcaa0f086b90e9bc,15242c7573224500f29822dc764fe58cdb6bcb71,持卡人消费,学士楼商务网关,-2.5,28.54,5580,正常
2016/05/01 17:15:14,e1f3b695944bffbb8474f522bcaa0f086b90e9bc,15242c7573224500f29822dc764fe58cdb6bcb71,持卡人消费,学苑楼商务网关,-3.8,24.74,5581,正常
2016/05/02 12:37:58,e1f3b695944bffbb8474f522bcaa0f086b90e9bc,15242c7573224500f29822dc764fe58cdb6bcb71,持卡人消费,学士楼商务网关,-3.3,21.44,5582,正常
2016/05/02 17:47:43,e1f3b695944bffbb8474f522bcaa0f086b90e9bc,15242c7573224500f29822dc764fe58cdb6bcb71,持卡人消费,学苑楼商务网关,-5.0,16.44,5583,正常
2016/05/03 11:20:00,e1f3b695944bffbb8474f522bcaa0f086b90e9bc,15242c7573224500f29822dc764fe58cdb6bcb71,持卡人消费,学士楼商务网关,-3.3,13.14,5584,正常
2016/05/03 17:07:50,e1f3b695944bffbb8474f522bcaa0f086b90e9bc,15242c7573224500f29822dc764fe58cdb6bcb71,持卡人消费,学苑楼商务网关,-3.8,9.34,5585,正常
2016/05/04 09:38:43,e1f3b695944bffbb8474f522bcaa0f086b90e9bc,15242c7573224500f29822dc764fe58cdb6bcb71,持卡人消费,学士楼商务网关,-2.55,6.79,5586,正常
2016/05/04 09:38:47,e1f3b695944bffbb8474f522bcaa0f086b90e9bc,15242c7573224500f29822dc764fe58cdb6bcb71,持卡人消费,学士楼商务网关,-0.1,6.69,5587,正常
2016/05/04 12:14:32,e1f3b695944bffbb8474f522bcaa0f086b90e9bc,15242c7573224500f29822dc764fe58cdb6bcb71,持卡人消费,学苑楼商务网关,-3.8,2.89,5588,正常
2016/05/04 18:11:17,e1f3b695944bffbb8474f522bcaa0f086b90e9bc,15242c7573224500f29822dc764fe58cdb6bcb71,持卡人消费,学苑楼商务网关,-1.0,1.89,5589,正常
2016/05/04 18:12:37,e1f3b695944bffbb8474f522bcaa0f086b90e9bc,15242c7573224500f29822dc764fe58cdb6bcb71,持卡人消费,学苑楼商务网关,-0.8,1.09,5590,正常
2016/05/05 12:24:00,e1f3b695944bffbb8474f522bcaa0f086b90e9bc,15242c7573224500f29822dc764fe58cdb6bcb71,持卡人消费,学士楼商务网关,-0.1,0.99,5591,正常
2016/05/05 17:24:39,e1f3b695944bffbb8474f522bcaa0f086b90e9bc,15242c7573224500f29822dc764fe58cdb6bcb71,存款,卡中心综合业务,80.0,80.99,5592,正常
2016/05/05 17:25:37,e1f3b695944bffbb8474f522bcaa0f086b90e9bc,15242c7573224500f29822dc764fe58cdb6bcb71,持卡人消费,学苑楼商务网关,-3.8,77.19,5593,正常
2016/05/06 09:41:29,e1f3b695944bffbb8474f522bcaa0f086b90e9bc,15242c7573224500f29822dc764fe58cdb6bcb71,持卡人消费,学士楼商务网关,-0.6,76.59,5594,正常
2016/05/06 09:42:54,e1f3b695944bffbb8474f522bcaa0f086b90e9bc,15242c7573224500f29822dc764fe58cdb6bcb71,持卡人消费,学士楼商务网关,-2.0,74.59,5595,正常
2016/05/06 16:56:43,e1f3b695944bffbb8474f522bcaa0f086b90e9bc,15242c7573224500f29822dc764fe58cdb6bcb71,持卡人消费,学士楼商务网关,-3.8,70.79,5596,正常
2016/05/07 12:15:21,e1f3b695944bffbb8474f522bcaa0f086b90e9bc,15242c7573224500f29822dc764fe58cdb6bcb71,持卡人消费,学士楼商务网关,-3.8,66.99,5597,正常
2016/05/07 12:26:23,e1f3b695944bffbb8474f522bcaa0f086b90e9bc,15242c7573224500f29822dc764fe58cdb6bcb71,持卡人消费,学士楼商务网关,-0.4,66.59,5598,正常
2016/05/07 19:09:59,e1f3b695944bffbb8474f522bcaa0f086b90e9bc,15242c7573224500f29822dc764fe58cdb6bcb71,持卡人消费,学士楼商务网关,-3.3,63.29,5599,正常
2016/05/07 19:18:42,e1f3b695944bffbb8474f522bcaa0f086b90e9bc,15242c7573224500f29822dc764fe58cdb6bcb71,持卡人消费,学士楼商务网关,-0.4,62.89,5600,正常
2016/05/08 10:43:36,e1f3b695944bffbb8474f522bcaa0f086b90e9bc,15242c7573224500f29822dc764fe58cdb6bcb71,持卡人消费,学士楼商务网关,-2.1,60.79,5601,正常
2016/05/08 16:10:12,e1f3b695944bffbb8474f522bcaa0f086b90e9bc,15242c7573224500f29822dc764fe58cdb6bcb71,持卡人消费,学士楼商务网关,-3.3,57.49,5602,正常
2016/05/08 16:11:33,e1f3b695944bffbb8474f522bcaa0f086b90e9bc,15242c7573224500f29822dc764fe58cdb6bcb71,持卡人消费,学士楼商务网关,-0.4,57.09,5603,正常
2016/05/09 10:04:39,e1f3b695944bffbb8474f522bcaa0f086b90e9bc,15242c7573224500f29822dc764fe58cdb6bcb71,持卡人消费,超市商务子系统,-2.5,54.59,5604,正常
2016/05/09 13:05:41,e1f3b695944bffbb8474f522bcaa0f086b90e9bc,15242c7573224500f29822dc764fe58cdb6bcb71,持卡人消费,学士楼商务网关,-2.0,52.59,5605,正常
2016/05/09 13:06:23,e1f3b695944bffbb8474f522bcaa0f086b90e9bc,15242c7573224500f29822dc764fe58cdb6bcb71,持卡人消费,学士楼商务网关,-0.6,51.99,5606,正常
2016/05/09 17:19:38,e1f3b695944bffbb8474f522bcaa0f086b90e9bc,15242c7573224500f29822dc764fe58cdb6bcb71,持卡人消费,学士楼商务网关,-2.3,49.69,5607,正常
2016/05/09 17:21:08,e1f3b695944bffbb8474f522bcaa0f086b90e9bc,15242c7573224500f29822dc764fe58cdb6bcb71,持卡人消费,学士楼商务网关,-2.0,47.69,5608,正常
2016/05/10 10:58:35,e1f3b695944bffbb8474f522bcaa0f086b90e9bc,15242c7573224500f29822dc764fe58cdb6bcb71,持卡人消费,学士楼商务网关,-3.3,44.39,5609,正常
2016/05/10 17:41:34,e1f3b695944bffbb8474f522bcaa0f086b90e9bc,15242c7573224500f29822dc764fe58cdb6bcb71,持卡人消费,学士楼商务网关,-3.8,40.59,5610,正常
2016/05/11 07:59:56,e1f3b695944bffbb8474f522bcaa0f086b90e9bc,15242c7573224500f29822dc764fe58cdb6bcb71,持卡人消费,学士楼商务网关,-1.5,39.09,5611,正常
2016/05/11 08:00:06,e1f3b695944bffbb8474f522bcaa0f086b90e9bc,15242c7573224500f29822dc764fe58cdb6bcb71,持卡人消费,学士楼商务网关,-0.6,38.49,5612,正常
2016/05/11 08:08:35,e1f3b695944bffbb8474f522bcaa0f086b90e9bc,15242c7573224500f29822dc764fe58cdb6bcb71,持卡人消费,学士楼商务网关,-1.1,37.39,5613,正常
2016/05/11 11:16:40,e1f3b695944bffbb8474f522bcaa0f086b90e9bc,15242c7573224500f29822dc764fe58cdb6bcb71,持卡人消费,学士楼商务网关,-4.0,33.39,5614,正常
2016/05/11 16:38:56,e1f3b695944bffbb8474f522bcaa0f086b90e9bc,15242c7573224500f29822dc764fe58cdb6bcb71,持卡人消费,学士楼商务网关,-3.3,30.09,5615,正常
2016/05/12 10:36:42,e1f3b695944bffbb8474f522bcaa0f086b90e9bc,15242c7573224500f29822dc764fe58cdb6bcb71,持卡人消费,学士楼商务网关,-3.3,26.79,5616,正常
2016/05/12 17:25:15,e1f3b695944bffbb8474f522bcaa0f086b90e9bc,15242c7573224500f29822dc764fe58cdb6bcb71,持卡人消费,学士楼商务网关,-3.8,22.99,5617,正常
2016/05/12 17:38:41,e1f3b695944bffbb8474f522bcaa0f086b90e9bc,15242c7573224500f29822dc764fe58cdb6bcb71,持卡人消费,学士楼商务网关,-0.5,22.49,5618,正常
2016/05/13 10:34:48,e1f3b695944bffbb8474f522bcaa0f086b90e9bc,15242c7573224500f29822dc764fe58cdb6bcb71,持卡人消费,学士楼商务网关,-3.3,19.19,5619,正常
2016/05/13 10:35:57,e1f3b695944bffbb8474f522bcaa0f086b90e9bc,15242c7573224500f29822dc764fe58cdb6bcb71,持卡人消费,学士楼商务网关,-0.2,18.99,5620,正常
2016/05/13 17:41:43,e1f3b695944bffbb8474f522bcaa0f086b90e9bc,15242c7573224500f29822dc764fe58cdb6bcb71,持卡人消费,学士楼商务网关,-3.3,15.69,5621,正常
2016/05/13 17:43:08,e1f3b695944bffbb8474f522bcaa0f086b90e9bc,15242c7573224500f29822dc764fe58cdb6bcb71,持卡人消费,学士楼商务网关,-1.0,14.69,5622,正常
2016/05/13 17:57:19,e1f3b695944bffbb8474f522bcaa0f086b90e9bc,15242c7573224500f29822dc764fe58cdb6bcb71,持卡人消费,学士楼商务网关,-0.4,14.29,5623,正常
2016/05/14 10:01:58,e1f3b695944bffbb8474f522bcaa0f086b90e9bc,15242c7573224500f29822dc764fe58cdb6bcb71,持卡人消费,学士楼商务网关,-3.3,10.99,5624,正常
2016/05/14 10:02:55,e1f3b695944bffbb8474f522bcaa0f086b90e9bc,15242c7573224500f29822dc764fe58cdb6bcb71,持卡人消费,学士楼商务网关,-0.2,10.79,5625,正常
2016/05/14 16:02:28,e1f3b695944bffbb8474f522bcaa0f086b90e9bc,15242c7573224500f29822dc764fe58cdb6bcb71,持卡人消费,学士楼商务网关,-3.3,7.49,5626,正常
2016/05/14 16:10:46,e1f3b695944bffbb8474f522bcaa0f086b90e9bc,15242c7573224500f29822dc764fe58cdb6bcb71,持卡人消费,学士楼商务网关,-0.4,7.09,5627,正常
2016/05/15 11:26:36,e1f3b695944bffbb8474f522bcaa0f086b90e9bc,15242c7573224500f29822dc764fe58cdb6bcb71,持卡人消费,学士楼商务网关,-3.8,3.29,5628,正常
2016/05/15 17:10:17,e1f3b695944bffbb8474f522bcaa0f086b90e9bc,15242c7573224500f29822dc764fe58cdb6bcb71,存款,学苑楼综合业务3,40.0,43.29,5629,正常
2016/05/15 17:11:31,e1f3b695944bffbb8474f522bcaa0f086b90e9bc,15242c7573224500f29822dc764fe58cdb6bcb71,持卡人消费,学苑楼商务网关,-3.8,39.49,5630,正常
2016/05/16 08:44:55,e1f3b695944bffbb8474f522bcaa0f086b90e9bc,15242c7573224500f29822dc764fe58cdb6bcb71,持卡人消费,学士楼商务网关,-2.5,36.99,5631,正常
2016/05/16 12:00:18,e1f3b695944bffbb8474f522bcaa0f086b90e9bc,15242c7573224500f29822dc764fe58cdb6bcb71,持卡人消费,学苑楼商务网关,-5.0,31.99,5632,正常
2016/05/16 17:18:34,e1f3b695944bffbb8474f522bcaa0f086b90e9bc,15242c7573224500f29822dc764fe58cdb6bcb71,持卡人消费,学士楼商务网关,-3.3,28.69,5633,正常
2016/05/16 17:19:22,e1f3b695944bffbb8474f522bcaa0f086b90e9bc,15242c7573224500f29822dc764fe58cdb6bcb71,持卡人消费,学士楼商务网关,-1.0,27.69,5634,正常
2016/05/17 10:22:43,e1f3b695944bffbb8474f522bcaa0f086b90e9bc,15242c7573224500f29822dc764fe58cdb6bcb71,持卡人消费,学士楼商务网关,-3.8,23.89,5635,正常
2016/05/17 15:30:59,e1f3b695944bffbb8474f522bcaa0f086b90e9bc,15242c7573224500f29822dc764fe58cdb6bcb71,持卡人消费,学士楼商务网关,-3.8,20.09,5636,正常
2016/05/17 19:35:21,e1f3b695944bffbb8474f522bcaa0f086b90e9bc,15242c7573224500f29822dc764fe58cdb6bcb71,持卡人消费,学士楼商务网关,-3.3,16.79,5637,正常
2016/05/18 10:29:21,e1f3b695944bffbb8474f522bcaa0f086b90e9bc,15242c7573224500f29822dc764fe58cdb6bcb71,持卡人消费,学士楼商务网关,-2.05,14.74,5638,正常
2016/05/18 10:29:43,e1f3b695944bffbb8474f522bcaa0f086b90e9bc,15242c7573224500f29822dc764fe58cdb6bcb71,持卡人消费,学士楼商务网关,-0.6,14.14,5639,正常
2016/05/18 14:14:59,e1f3b695944bffbb8474f522bcaa0f086b90e9bc,15242c7573224500f29822dc764fe58cdb6bcb71,持卡人消费,学士楼商务网关,-2.0,12.14,5640,正常
2016/05/18 14:15:58,e1f3b695944bffbb8474f522bcaa0f086b90e9bc,15242c7573224500f29822dc764fe58cdb6bcb71,持卡人消费,学士楼商务网关,-0.4,11.74,5641,正常
2016/05/18 14:16:11,e1f3b695944bffbb8474f522bcaa0f086b90e9bc,15242c7573224500f29822dc764fe58cdb6bcb71,持卡人消费,学士楼商务网关,-0.8,10.94,5642,正常
2016/05/18 18:21:28,e1f3b695944bffbb8474f522bcaa0f086b90e9bc,15242c7573224500f29822dc764fe58cdb6bcb71,持卡人消费,学苑楼商务网关,-2.5,8.44,5643,正常
2016/05/18 18:22:05,e1f3b695944bffbb8474f522bcaa0f086b90e9bc,15242c7573224500f29822dc764fe58cdb6bcb71,持卡人消费,学苑楼商务网关,-0.6,7.84,5644,正常
2016/05/18 18:33:46,e1f3b695944bffbb8474f522bcaa0f086b90e9bc,15242c7573224500f29822dc764fe58cdb6bcb71,持卡人消费,学苑楼商务网关,-1.7,6.14,5645,正常
2016/05/19 10:45:09,e1f3b695944bffbb8474f522bcaa0f086b90e9bc,15242c7573224500f29822dc764fe58cdb6bcb71,持卡人消费,学士楼商务网关,-3.8,2.34,5646,正常
2016/05/19 17:10:27,e1f3b695944bffbb8474f522bcaa0f086b90e9bc,15242c7573224500f29822dc764fe58cdb6bcb71,存款,现金充值机,100.0,102.34,5647,正常
2016/05/19 17:32:01,e1f3b695944bffbb8474f522bcaa0f086b90e9bc,15242c7573224500f29822dc764fe58cdb6bcb71,持卡人消费,学苑楼商务网关,-2.3,100.04,5648,正常
2016/05/19 17:33:17,e1f3b695944bffbb8474f522bcaa0f086b90e9bc,15242c7573224500f29822dc764fe58cdb6bcb71,持卡人消费,学苑楼商务网关,-1.0,99.04,5649,正常
2016/05/20 09:55:24,e1f3b695944bffbb8474f522bcaa0f086b90e9bc,15242c7573224500f29822dc764fe58cdb6bcb71,持卡人消费,学士楼商务网关,-2.2,96.84,5650,正常
2016/05/20 15:01:21,e1f3b695944bffbb8474f522bcaa0f086b90e9bc,15242c7573224500f29822dc764fe58cdb6bcb71,持卡人消费,学士楼商务网关,-3.3,93.54,5651,正常
2016/05/20 15:02:06,e1f3b695944bffbb8474f522bcaa0f086b90e9bc,15242c7573224500f29822dc764fe58cdb6bcb71,持卡人消费,学士楼商务网关,-0.2,93.34,5652,正常
2016/05/20 19:53:54,e1f3b695944bffbb8474f522bcaa0f086b90e9bc,15242c7573224500f29822dc764fe58cdb6bcb71,持卡人消费,学士楼商务网关,-1.8,91.54,5653,正常
2016/05/21 10:25:57,e1f3b695944bffbb8474f522bcaa0f086b90e9bc,15242c7573224500f29822dc764fe58cdb6bcb71,持卡人消费,学士楼商务网关,-3.8,87.74,5654,正常
2016/05/21 17:06:04,e1f3b695944bffbb8474f522bcaa0f086b90e9bc,15242c7573224500f29822dc764fe58cdb6bcb71,持卡人消费,学苑楼商务网关,-3.8,83.94,5655,正常
2016/05/22 10:51:56,e1f3b695944bffbb8474f522bcaa0f086b90e9bc,15242c7573224500f29822dc764fe58cdb6bcb71,持卡人消费,学士楼商务网关,-3.3,80.64,5656,正常
2016/05/22 19:52:55,e1f3b695944bffbb8474f522bcaa0f086b90e9bc,15242c7573224500f29822dc764fe58cdb6bcb71,持卡人消费,学士楼商务网关,-3.8,76.84,5657,正常
2016/05/22 19:53:40,e1f3b695944bffbb8474f522bcaa0f086b90e9bc,15242c7573224500f29822dc764fe58cdb6bcb71,持卡人消费,学士楼商务网关,-0.5,76.34,5658,正常
2016/05/23 10:05:12,e1f3b695944bffbb8474f522bcaa0f086b90e9bc,15242c7573224500f29822dc764fe58cdb6bcb71,持卡人消费,学士楼商务网关,-3.3,73.04,5659,正常
2016/05/23 10:06:04,e1f3b695944bffbb8474f522bcaa0f086b90e9bc,15242c7573224500f29822dc764fe58cdb6bcb71,持卡人消费,学士楼商务网关,-1.2,71.84,5660,正常
2016/05/23 16:53:08,e1f3b695944bffbb8474f522bcaa0f086b90e9bc,15242c7573224500f29822dc764fe58cdb6bcb71,持卡人消费,学苑楼商务网关,-2.3,69.54,5661,正常
2016/05/24 10:19:11,e1f3b695944bffbb8474f522bcaa0f086b90e9bc,15242c7573224500f29822dc764fe58cdb6bcb71,持卡人消费,学士楼商务网关,-3.8,65.74,5662,正常
2016/05/24 17:51:01,e1f3b695944bffbb8474f522bcaa0f086b90e9bc,15242c7573224500f29822dc764fe58cdb6bcb71,持卡人消费,学苑楼商务网关,-3.8,61.94,5663,正常
2016/05/25 11:58:10,e1f3b695944bffbb8474f522bcaa0f086b90e9bc,15242c7573224500f29822dc764fe58cdb6bcb71,持卡人消费,学士楼商务网关,-3.3,58.64,5664,正常
2016/05/25 17:22:13,e1f3b695944bffbb8474f522bcaa0f086b90e9bc,15242c7573224500f29822dc764fe58cdb6bcb71,持卡人消费,学士楼商务网关,-3.3,55.34,5665,正常
2016/05/26 10:23:28,e1f3b695944bffbb8474f522bcaa0f086b90e9bc,15242c7573224500f29822dc764fe58cdb6bcb71,持卡人消费,学士楼商务网关,-3.3,52.04,5666,正常
2016/05/26 17:17:32,e1f3b695944bffbb8474f522bcaa0f086b90e9bc,15242c7573224500f29822dc764fe58cdb6bcb71,持卡人消费,学士楼商务网关,-3.3,48.74,5667,正常
2016/05/26 17:19:11,e1f3b695944bffbb8474f522bcaa0f086b90e9bc,15242c7573224500f29822dc764fe58cdb6bcb71,持卡人消费,学士楼商务网关,-1.0,47.74,5668,正常
2016/05/27 10:06:30,e1f3b695944bffbb8474f522bcaa0f086b90e9bc,15242c7573224500f29822dc764fe58cdb6bcb71,持卡人消费,学士楼商务网关,-3.8,43.94,5669,正常
2016/05/27 10:07:41,e1f3b695944bffbb8474f522bcaa0f086b90e9bc,15242c7573224500f29822dc764fe58cdb6bcb71,持卡人消费,学士楼商务网关,-0.6,43.34,5670,正常
2016/05/27 16:53:56,e1f3b695944bffbb8474f522bcaa0f086b90e9bc,15242c7573224500f29822dc764fe58cdb6bcb71,持卡人消费,学士楼商务网关,-3.3,40.04,5671,正常
2016/05/27 17:12:28,e1f3b695944bffbb8474f522bcaa0f086b90e9bc,15242c7573224500f29822dc764fe58cdb6bcb71,持卡人消费,学士楼商务网关,-0.4,39.64,5672,正常
2016/05/28 12:06:59,e1f3b695944bffbb8474f522bcaa0f086b90e9bc,15242c7573224500f29822dc764fe58cdb6bcb71,持卡人消费,学士楼商务网关,-3.9,35.74,5673,正常
2016/05/28 12:18:24,e1f3b695944bffbb8474f522bcaa0f086b90e9bc,15242c7573224500f29822dc764fe58cdb6bcb71,持卡人消费,学士楼商务网关,-0.4,35.34,5674,正常
2016/05/28 12:28:59,e1f3b695944bffbb8474f522bcaa0f086b90e9bc,15242c7573224500f29822dc764fe58cdb6bcb71,持卡人消费,学子楼商务网关,-3.0,32.34,5675,正常
2016/05/28 17:51:46,e1f3b695944bffbb8474f522bcaa0f086b90e9bc,15242c7573224500f29822dc764fe58cdb6bcb71,持卡人消费,学士楼商务网关,-3.8,28.54,5676,正常
2016/05/29 09:31:12,e1f3b695944bffbb8474f522bcaa0f086b90e9bc,15242c7573224500f29822dc764fe58cdb6bcb71,持卡人消费,学士楼商务网关,-1.5,27.04,5677,正常
2016/05/29 09:33:12,e1f3b695944bffbb8474f522bcaa0f086b90e9bc,15242c7573224500f29822dc764fe58cdb6bcb71,持卡人消费,学士楼商务网关,-1.2,25.84,5678,正常
2016/05/29 09:38:55,e1f3b695944bffbb8474f522bcaa0f086b90e9bc,15242c7573224500f29822dc764fe58cdb6bcb71,持卡人消费,学士楼商务网关,-0.6,25.24,5679,正常
2016/05/29 17:26:49,e1f3b695944bffbb8474f522bcaa0f086b90e9bc,15242c7573224500f29822dc764fe58cdb6bcb71,持卡人消费,学士楼商务网关,-3.3,21.94,5680,正常
2016/05/29 17:28:52,e1f3b695944bffbb8474f522bcaa0f086b90e9bc,15242c7573224500f29822dc764fe58cdb6bcb71,持卡人消费,学士楼商务网关,-2.0,19.94,5681,正常
2016/05/30 10:37:13,e1f3b695944bffbb8474f522bcaa0f086b90e9bc,15242c7573224500f29822dc764fe58cdb6bcb71,持卡人消费,学士楼商务网关,-3.3,16.64,5682,正常
2016/05/30 18:14:05,e1f3b695944bffbb8474f522bcaa0f086b90e9bc,15242c7573224500f29822dc764fe58cdb6bcb71,持卡人消费,学士楼商务网关,-3.8,12.84,5683,正常
2016/05/30 18:24:47,e1f3b695944bffbb8474f522bcaa0f086b90e9bc,15242c7573224500f29822dc764fe58cdb6bcb71,持卡人消费,学士楼商务网关,-0.4,12.44,5684,正常
2016/05/31 09:52:30,e1f3b695944bffbb8474f522bcaa0f086b90e9bc,15242c7573224500f29822dc764fe58cdb6bcb71,持卡人消费,学士楼商务网关,-3.3,9.14,5685,正常
2016/05/31 09:53:54,e1f3b695944bffbb8474f522bcaa0f086b90e9bc,15242c7573224500f29822dc764fe58cdb6bcb71,持卡人消费,学士楼商务网关,-0.4,8.74,5686,正常
2016/05/31 16:06:06,e1f3b695944bffbb8474f522bcaa0f086b90e9bc,15242c7573224500f29822dc764fe58cdb6bcb71,持卡人消费,学士楼商务网关,-3.0,5.74,5687,正常
2016/05/31 16:06:12,e1f3b695944bffbb8474f522bcaa0f086b90e9bc,15242c7573224500f29822dc764fe58cdb6bcb71,持卡人消费,学士楼商务网关,-0.8,4.94,5688,正常
