交易发生时间,学号,姓名,交易类型,子系统名称,交易额,现有余额,次数,状态
2016/05/02 14:55:22,83d8f2e63e0c9e4857f5c33e2cec0c261a5d5c8f,15f1872b2f006314a0b51015d4008192cf04af99,持卡人消费,硕果园（工大商店）,-12.0,114.49,3433,正常
2016/05/02 15:12:01,83d8f2e63e0c9e4857f5c33e2cec0c261a5d5c8f,15f1872b2f006314a0b51015d4008192cf04af99,持卡人消费,超市商务子系统,-9.2,105.29,3434,正常
2016/05/03 16:22:01,83d8f2e63e0c9e4857f5c33e2cec0c261a5d5c8f,15f1872b2f006314a0b51015d4008192cf04af99,持卡人消费,硕果园（工大商店）,-14.0,91.29,3435,正常
2016/05/03 16:24:01,83d8f2e63e0c9e4857f5c33e2cec0c261a5d5c8f,15f1872b2f006314a0b51015d4008192cf04af99,持卡人消费,硕果园（工大商店）,-12.4,78.89,3436,正常
2016/05/03 16:26:14,83d8f2e63e0c9e4857f5c33e2cec0c261a5d5c8f,15f1872b2f006314a0b51015d4008192cf04af99,持卡人消费,硕果园（工大商店）,-2.5,76.39,3437,正常
2016/05/04 14:45:21,83d8f2e63e0c9e4857f5c33e2cec0c261a5d5c8f,15f1872b2f006314a0b51015d4008192cf04af99,持卡人消费,硕果园（工大商店）,-7.2,69.19,3438,正常
2016/05/04 14:46:30,83d8f2e63e0c9e4857f5c33e2cec0c261a5d5c8f,15f1872b2f006314a0b51015d4008192cf04af99,持卡人消费,硕果园（工大商店）,-12.0,57.19,3439,正常
2016/05/04 14:55:27,83d8f2e63e0c9e4857f5c33e2cec0c261a5d5c8f,15f1872b2f006314a0b51015d4008192cf04af99,持卡人消费,超市商务子系统,-4.0,53.19,3440,正常
2016/05/04 14:56:03,83d8f2e63e0c9e4857f5c33e2cec0c261a5d5c8f,15f1872b2f006314a0b51015d4008192cf04af99,持卡人消费,超市商务子系统,-2.0,51.19,3441,正常
2016/05/05 11:29:43,83d8f2e63e0c9e4857f5c33e2cec0c261a5d5c8f,15f1872b2f006314a0b51015d4008192cf04af99,持卡人消费,学苑楼商务网关,-6.0,45.19,3442,正常
2016/05/05 11:32:27,83d8f2e63e0c9e4857f5c33e2cec0c261a5d5c8f,15f1872b2f006314a0b51015d4008192cf04af99,持卡人消费,学苑楼商务网关,-0.8,44.39,3443,正常
2016/05/05 11:51:18,83d8f2e63e0c9e4857f5c33e2cec0c261a5d5c8f,15f1872b2f006314a0b51015d4008192cf04af99,持卡人消费,超市商务子系统,-3.6,40.79,3444,正常
2016/05/05 17:39:04,83d8f2e63e0c9e4857f5c33e2cec0c261a5d5c8f,15f1872b2f006314a0b51015d4008192cf04af99,持卡人消费,学苑楼商务网关,-7.0,33.79,3445,正常
2016/05/05 17:40:59,83d8f2e63e0c9e4857f5c33e2cec0c261a5d5c8f,15f1872b2f006314a0b51015d4008192cf04af99,持卡人消费,学苑楼商务网关,-0.8,32.99,3446,正常
2016/05/05 17:43:42,83d8f2e63e0c9e4857f5c33e2cec0c261a5d5c8f,15f1872b2f006314a0b51015d4008192cf04af99,持卡人消费,学苑楼商务网关,-1.5,31.49,3447,正常
2016/05/06 11:20:24,83d8f2e63e0c9e4857f5c33e2cec0c261a5d5c8f,15f1872b2f006314a0b51015d4008192cf04af99,持卡人消费,学苑楼商务网关,-7.0,24.49,3448,正常
2016/05/06 11:22:46,83d8f2e63e0c9e4857f5c33e2cec0c261a5d5c8f,15f1872b2f006314a0b51015d4008192cf04af99,持卡人消费,学苑楼商务网关,-0.8,23.69,3449,正常
2016/05/31 17:57:40,83d8f2e63e0c9e4857f5c33e2cec0c261a5d5c8f,15f1872b2f006314a0b51015d4008192cf04af99,存款,卡中心综合业务,300.0,323.69,3450,正常
2016/05/31 18:06:23,83d8f2e63e0c9e4857f5c33e2cec0c261a5d5c8f,15f1872b2f006314a0b51015d4008192cf04af99,持卡人消费,超市商务子系统,-4.0,319.69,3451,正常
2016/05/31 18:11:27,83d8f2e63e0c9e4857f5c33e2cec0c261a5d5c8f,15f1872b2f006314a0b51015d4008192cf04af99,持卡人消费,硕果园（工大商店）,-8.0,311.69,3452,正常
2016/05/31 18:27:13,83d8f2e63e0c9e4857f5c33e2cec0c261a5d5c8f,15f1872b2f006314a0b51015d4008192cf04af99,持卡人消费,网络中心,-30.0,281.69,3453,正常
