交易发生时间,学号,姓名,交易类型,子系统名称,交易额,现有余额,次数,状态
2016/05/08 09:32:40,7a6eff1b9702d6bc017f314bcc07b674837e3494,15f86c0e1dd135c05a08da85fb5ac6aedd63c101,持卡人消费,网络中心,-30.0,76.11,1103,正常
2016/05/14 17:36:20,7a6eff1b9702d6bc017f314bcc07b674837e3494,15f86c0e1dd135c05a08da85fb5ac6aedd63c101,持卡人消费,学士楼商务网关,-4.0,72.11,1104,正常
2016/05/14 17:37:16,7a6eff1b9702d6bc017f314bcc07b674837e3494,15f86c0e1dd135c05a08da85fb5ac6aedd63c101,持卡人消费,学士楼商务网关,-3.0,69.11,1105,正常
2016/05/14 17:38:17,7a6eff1b9702d6bc017f314bcc07b674837e3494,15f86c0e1dd135c05a08da85fb5ac6aedd63c101,持卡人消费,学士楼商务网关,-0.5,68.61,1106,正常
2016/05/15 17:02:44,7a6eff1b9702d6bc017f314bcc07b674837e3494,15f86c0e1dd135c05a08da85fb5ac6aedd63c101,持卡人消费,A1,-3.0,65.61,1107,正常
2016/05/16 11:51:57,7a6eff1b9702d6bc017f314bcc07b674837e3494,15f86c0e1dd135c05a08da85fb5ac6aedd63c101,持卡人消费,南苑网关,-2.0,63.61,1108,正常
2016/05/16 11:52:09,7a6eff1b9702d6bc017f314bcc07b674837e3494,15f86c0e1dd135c05a08da85fb5ac6aedd63c101,持卡人消费,南苑网关,-17.4,46.21,1109,正常
2016/05/16 11:54:01,7a6eff1b9702d6bc017f314bcc07b674837e3494,15f86c0e1dd135c05a08da85fb5ac6aedd63c101,持卡人消费,南苑网关,-0.4,45.81,1110,正常
2016/05/17 07:54:57,7a6eff1b9702d6bc017f314bcc07b674837e3494,15f86c0e1dd135c05a08da85fb5ac6aedd63c101,持卡人消费,学士楼商务网关,-3.2,42.61,1111,正常
2016/05/17 10:01:45,7a6eff1b9702d6bc017f314bcc07b674837e3494,15f86c0e1dd135c05a08da85fb5ac6aedd63c101,持卡人消费,学子便利店A01后楼,-4.2,38.41,1112,正常
2016/05/27 10:57:34,7a6eff1b9702d6bc017f314bcc07b674837e3494,15f86c0e1dd135c05a08da85fb5ac6aedd63c101,持卡人消费,A1,-3.0,35.41,1113,正常
