交易发生时间,学号,姓名,交易类型,子系统名称,交易额,现有余额,次数,状态
2016/05/03 06:49:44,3ddb241dec62656f159c89604d2bb6a2fbf39226,16186b90c2a19a0030f9b7742aef8f795908e1a1,存款,现金充值机,50.0,50.80,2399,正常
2016/05/03 07:15:36,3ddb241dec62656f159c89604d2bb6a2fbf39226,16186b90c2a19a0030f9b7742aef8f795908e1a1,持卡人消费,学士楼商务网关,-3.2,47.60,2400,正常
2016/05/04 16:57:28,3ddb241dec62656f159c89604d2bb6a2fbf39226,16186b90c2a19a0030f9b7742aef8f795908e1a1,持卡人消费,学苑楼商务网关,-4.0,43.60,2401,正常
2016/05/04 16:58:14,3ddb241dec62656f159c89604d2bb6a2fbf39226,16186b90c2a19a0030f9b7742aef8f795908e1a1,持卡人消费,学苑楼商务网关,-1.0,42.60,2402,正常
2016/05/04 17:00:08,3ddb241dec62656f159c89604d2bb6a2fbf39226,16186b90c2a19a0030f9b7742aef8f795908e1a1,持卡人消费,学苑楼商务网关,-4.5,38.10,2403,正常
2016/05/04 17:00:18,3ddb241dec62656f159c89604d2bb6a2fbf39226,16186b90c2a19a0030f9b7742aef8f795908e1a1,持卡人消费,学苑楼商务网关,-4.5,33.60,2404,正常
2016/05/04 17:03:55,3ddb241dec62656f159c89604d2bb6a2fbf39226,16186b90c2a19a0030f9b7742aef8f795908e1a1,持卡人消费,学苑楼商务网关,-4.5,29.10,2405,正常
2016/05/05 13:54:58,3ddb241dec62656f159c89604d2bb6a2fbf39226,16186b90c2a19a0030f9b7742aef8f795908e1a1,持卡人消费,硕果园（工大商店）,-2.0,27.10,2406,正常
2016/05/08 07:24:39,3ddb241dec62656f159c89604d2bb6a2fbf39226,16186b90c2a19a0030f9b7742aef8f795908e1a1,持卡人消费,学士楼商务网关,-4.4,22.70,2407,正常
2016/05/08 11:18:46,3ddb241dec62656f159c89604d2bb6a2fbf39226,16186b90c2a19a0030f9b7742aef8f795908e1a1,持卡人消费,硕果园（工大商店）,-4.0,18.70,2408,正常
2016/05/10 08:18:55,3ddb241dec62656f159c89604d2bb6a2fbf39226,16186b90c2a19a0030f9b7742aef8f795908e1a1,持卡人消费,学士楼商务网关,-4.4,14.30,2409,正常
2016/05/10 14:32:33,3ddb241dec62656f159c89604d2bb6a2fbf39226,16186b90c2a19a0030f9b7742aef8f795908e1a1,持卡人消费,一校区水控新,-0.94,13.36,2410,正常
2016/05/10 14:36:43,3ddb241dec62656f159c89604d2bb6a2fbf39226,16186b90c2a19a0030f9b7742aef8f795908e1a1,持卡人消费,一校区水控新,-0.41,12.95,2411,正常
2016/05/11 07:37:59,3ddb241dec62656f159c89604d2bb6a2fbf39226,16186b90c2a19a0030f9b7742aef8f795908e1a1,持卡人消费,学士楼商务网关,-5.9,7.05,2412,正常
2016/05/12 08:33:11,3ddb241dec62656f159c89604d2bb6a2fbf39226,16186b90c2a19a0030f9b7742aef8f795908e1a1,持卡人消费,学士楼商务网关,-5.9,1.15,2413,正常
2016/05/13 06:34:25,3ddb241dec62656f159c89604d2bb6a2fbf39226,16186b90c2a19a0030f9b7742aef8f795908e1a1,存款,现金充值机,100.0,101.15,2414,正常
2016/05/13 06:58:29,3ddb241dec62656f159c89604d2bb6a2fbf39226,16186b90c2a19a0030f9b7742aef8f795908e1a1,持卡人消费,学士楼商务网关,-2.9,98.25,2415,正常
2016/05/13 07:10:18,3ddb241dec62656f159c89604d2bb6a2fbf39226,16186b90c2a19a0030f9b7742aef8f795908e1a1,持卡人消费,学士楼商务网关,-3.0,95.25,2416,正常
2016/05/13 19:36:47,3ddb241dec62656f159c89604d2bb6a2fbf39226,16186b90c2a19a0030f9b7742aef8f795908e1a1,持卡人消费,学子超市园丁总店,-0.5,94.75,2417,正常
2016/05/14 06:57:14,3ddb241dec62656f159c89604d2bb6a2fbf39226,16186b90c2a19a0030f9b7742aef8f795908e1a1,持卡人消费,学士楼商务网关,-5.9,88.85,2418,正常
2016/05/15 16:55:37,3ddb241dec62656f159c89604d2bb6a2fbf39226,16186b90c2a19a0030f9b7742aef8f795908e1a1,持卡人消费,硕果园（工大商店）,-6.0,82.85,2419,正常
2016/05/15 16:56:05,3ddb241dec62656f159c89604d2bb6a2fbf39226,16186b90c2a19a0030f9b7742aef8f795908e1a1,持卡人消费,硕果园（工大商店）,-4.0,78.85,2420,正常
2016/05/15 16:57:16,3ddb241dec62656f159c89604d2bb6a2fbf39226,16186b90c2a19a0030f9b7742aef8f795908e1a1,持卡人消费,硕果园（工大商店）,-17.5,61.35,2421,正常
2016/05/16 07:00:47,3ddb241dec62656f159c89604d2bb6a2fbf39226,16186b90c2a19a0030f9b7742aef8f795908e1a1,持卡人消费,学士楼商务网关,-5.9,55.45,2422,正常
2016/05/16 14:09:35,3ddb241dec62656f159c89604d2bb6a2fbf39226,16186b90c2a19a0030f9b7742aef8f795908e1a1,持卡人消费,一校区水控新,-1.15,54.30,2423,正常
2016/05/16 14:15:49,3ddb241dec62656f159c89604d2bb6a2fbf39226,16186b90c2a19a0030f9b7742aef8f795908e1a1,持卡人消费,一校区水控新,-0.6,53.70,2424,正常
2016/05/16 18:29:07,3ddb241dec62656f159c89604d2bb6a2fbf39226,16186b90c2a19a0030f9b7742aef8f795908e1a1,持卡人消费,硕果园（工大商店）,-3.0,50.70,2425,正常
2016/05/16 18:30:19,3ddb241dec62656f159c89604d2bb6a2fbf39226,16186b90c2a19a0030f9b7742aef8f795908e1a1,持卡人消费,硕果园（工大商店）,-4.0,46.70,2426,正常
2016/05/17 07:25:32,3ddb241dec62656f159c89604d2bb6a2fbf39226,16186b90c2a19a0030f9b7742aef8f795908e1a1,持卡人消费,学士楼商务网关,-5.9,40.80,2427,正常
2016/05/18 07:07:14,3ddb241dec62656f159c89604d2bb6a2fbf39226,16186b90c2a19a0030f9b7742aef8f795908e1a1,持卡人消费,学士楼商务网关,-5.9,34.90,2428,正常
2016/05/18 10:46:28,3ddb241dec62656f159c89604d2bb6a2fbf39226,16186b90c2a19a0030f9b7742aef8f795908e1a1,持卡人消费,超市商务子系统,-6.7,28.20,2429,正常
2016/05/18 16:58:40,3ddb241dec62656f159c89604d2bb6a2fbf39226,16186b90c2a19a0030f9b7742aef8f795908e1a1,持卡人消费,学士楼商务网关,-2.24,25.96,2430,正常
2016/05/18 16:59:15,3ddb241dec62656f159c89604d2bb6a2fbf39226,16186b90c2a19a0030f9b7742aef8f795908e1a1,持卡人消费,学士楼商务网关,-8.4,17.56,2431,正常
2016/05/18 17:00:32,3ddb241dec62656f159c89604d2bb6a2fbf39226,16186b90c2a19a0030f9b7742aef8f795908e1a1,持卡人消费,学士楼商务网关,-5.0,12.56,2432,正常
2016/05/18 17:22:10,3ddb241dec62656f159c89604d2bb6a2fbf39226,16186b90c2a19a0030f9b7742aef8f795908e1a1,持卡人消费,一校区水控新,-1.24,11.32,2433,正常
2016/05/18 17:26:40,3ddb241dec62656f159c89604d2bb6a2fbf39226,16186b90c2a19a0030f9b7742aef8f795908e1a1,持卡人消费,一校区水控新,-0.35,10.97,2434,正常
2016/05/18 17:31:44,3ddb241dec62656f159c89604d2bb6a2fbf39226,16186b90c2a19a0030f9b7742aef8f795908e1a1,持卡人消费,一校区水控新,-0.48,10.49,2435,正常
2016/05/19 06:57:16,3ddb241dec62656f159c89604d2bb6a2fbf39226,16186b90c2a19a0030f9b7742aef8f795908e1a1,持卡人消费,学士楼商务网关,-5.9,4.59,2436,正常
2016/05/20 18:04:25,3ddb241dec62656f159c89604d2bb6a2fbf39226,16186b90c2a19a0030f9b7742aef8f795908e1a1,存款,现金充值机,100.0,104.59,2437,正常
2016/05/21 11:28:24,3ddb241dec62656f159c89604d2bb6a2fbf39226,16186b90c2a19a0030f9b7742aef8f795908e1a1,持卡人消费,学士楼商务网关,-3.33,101.26,2438,正常
2016/05/21 11:28:50,3ddb241dec62656f159c89604d2bb6a2fbf39226,16186b90c2a19a0030f9b7742aef8f795908e1a1,持卡人消费,学士楼商务网关,-17.4,83.86,2439,正常
2016/05/21 11:30:06,3ddb241dec62656f159c89604d2bb6a2fbf39226,16186b90c2a19a0030f9b7742aef8f795908e1a1,持卡人消费,学士楼商务网关,-10.0,73.86,2440,正常
2016/05/21 11:33:32,3ddb241dec62656f159c89604d2bb6a2fbf39226,16186b90c2a19a0030f9b7742aef8f795908e1a1,持卡人消费,学士楼商务网关,-8.0,65.86,2441,正常
2016/05/21 11:56:24,3ddb241dec62656f159c89604d2bb6a2fbf39226,16186b90c2a19a0030f9b7742aef8f795908e1a1,持卡人消费,硕果园（工大商店）,-4.0,61.86,2442,正常
2016/05/22 13:10:22,3ddb241dec62656f159c89604d2bb6a2fbf39226,16186b90c2a19a0030f9b7742aef8f795908e1a1,持卡人消费,一校区水控新,-0.94,60.92,2444,正常
2016/05/22 13:18:50,3ddb241dec62656f159c89604d2bb6a2fbf39226,16186b90c2a19a0030f9b7742aef8f795908e1a1,持卡人消费,一校区水控新,-1.07,59.85,2446,正常
2016/05/22 13:39:49,3ddb241dec62656f159c89604d2bb6a2fbf39226,16186b90c2a19a0030f9b7742aef8f795908e1a1,持卡人消费,超市商务子系统,-10.9,48.95,2447,正常
2016/05/22 13:43:11,3ddb241dec62656f159c89604d2bb6a2fbf39226,16186b90c2a19a0030f9b7742aef8f795908e1a1,持卡人消费,硕果园（工大商店）,-4.0,44.95,2448,正常
2016/05/22 18:42:19,3ddb241dec62656f159c89604d2bb6a2fbf39226,16186b90c2a19a0030f9b7742aef8f795908e1a1,持卡人消费,硕果园（工大商店）,-14.0,30.95,2449,正常
2016/05/22 18:50:00,3ddb241dec62656f159c89604d2bb6a2fbf39226,16186b90c2a19a0030f9b7742aef8f795908e1a1,持卡人消费,硕果园（工大商店）,-11.7,19.25,2450,正常
2016/05/23 08:20:22,3ddb241dec62656f159c89604d2bb6a2fbf39226,16186b90c2a19a0030f9b7742aef8f795908e1a1,持卡人消费,学士楼商务网关,-8.4,10.85,2451,正常
2016/05/26 07:06:19,3ddb241dec62656f159c89604d2bb6a2fbf39226,16186b90c2a19a0030f9b7742aef8f795908e1a1,持卡人消费,学士楼商务网关,-5.9,4.95,2452,正常
2016/05/27 08:07:36,3ddb241dec62656f159c89604d2bb6a2fbf39226,16186b90c2a19a0030f9b7742aef8f795908e1a1,存款,现金充值机,100.0,104.95,2453,正常
2016/05/27 08:32:47,3ddb241dec62656f159c89604d2bb6a2fbf39226,16186b90c2a19a0030f9b7742aef8f795908e1a1,持卡人消费,学士楼商务网关,-5.9,99.05,2454,正常
2016/05/28 08:36:34,3ddb241dec62656f159c89604d2bb6a2fbf39226,16186b90c2a19a0030f9b7742aef8f795908e1a1,持卡人消费,学士楼商务网关,-5.9,93.15,2455,正常
2016/05/28 15:40:24,3ddb241dec62656f159c89604d2bb6a2fbf39226,16186b90c2a19a0030f9b7742aef8f795908e1a1,持卡人消费,一校区水控新,-0.89,92.26,2456,正常
2016/05/28 15:50:51,3ddb241dec62656f159c89604d2bb6a2fbf39226,16186b90c2a19a0030f9b7742aef8f795908e1a1,持卡人消费,一校区水控新,-1.1,91.16,2457,正常
2016/05/28 16:44:39,3ddb241dec62656f159c89604d2bb6a2fbf39226,16186b90c2a19a0030f9b7742aef8f795908e1a1,持卡人消费,硕果园（工大商店）,-4.0,87.16,2458,正常
2016/05/29 08:35:53,3ddb241dec62656f159c89604d2bb6a2fbf39226,16186b90c2a19a0030f9b7742aef8f795908e1a1,持卡人消费,学士楼商务网关,-5.9,81.26,2459,正常
2016/05/29 16:19:27,3ddb241dec62656f159c89604d2bb6a2fbf39226,16186b90c2a19a0030f9b7742aef8f795908e1a1,持卡人消费,硕果园（工大商店）,-4.0,77.26,2460,正常
2016/05/30 08:31:18,3ddb241dec62656f159c89604d2bb6a2fbf39226,16186b90c2a19a0030f9b7742aef8f795908e1a1,持卡人消费,学士楼商务网关,-5.9,71.36,2461,正常
2016/05/30 11:29:34,3ddb241dec62656f159c89604d2bb6a2fbf39226,16186b90c2a19a0030f9b7742aef8f795908e1a1,持卡人消费,学士楼商务网关,-16.13,55.23,2462,正常
2016/05/30 11:30:15,3ddb241dec62656f159c89604d2bb6a2fbf39226,16186b90c2a19a0030f9b7742aef8f795908e1a1,持卡人消费,学士楼商务网关,-3.0,52.23,2463,正常
2016/05/30 20:53:58,3ddb241dec62656f159c89604d2bb6a2fbf39226,16186b90c2a19a0030f9b7742aef8f795908e1a1,持卡人消费,硕果园（工大商店）,-4.0,48.23,2464,正常
