交易发生时间,学号,姓名,交易类型,子系统名称,交易额,现有余额,次数,状态
2016/05/03 17:03:59,cd1c7f107b87f4e28e8cbf87ecc3d666d9e29dc7,1624957dab07306a6115985314ef4c81a5c7149f,持卡人消费,五食堂商务网关,-7.0,90.02,3731,正常
2016/05/03 17:19:51,cd1c7f107b87f4e28e8cbf87ecc3d666d9e29dc7,1624957dab07306a6115985314ef4c81a5c7149f,持卡人消费,学子便利店B07,-9.4,80.62,3732,正常
2016/05/04 17:00:44,cd1c7f107b87f4e28e8cbf87ecc3d666d9e29dc7,1624957dab07306a6115985314ef4c81a5c7149f,持卡人消费,九食堂商务网关,-10.0,70.62,3733,正常
2016/05/04 17:12:14,cd1c7f107b87f4e28e8cbf87ecc3d666d9e29dc7,1624957dab07306a6115985314ef4c81a5c7149f,持卡人消费,学子便利店B07,-12.8,57.82,3734,正常
2016/05/04 17:12:28,cd1c7f107b87f4e28e8cbf87ecc3d666d9e29dc7,1624957dab07306a6115985314ef4c81a5c7149f,持卡人消费,学子便利店B07,-0.4,57.42,3735,正常
2016/05/04 17:13:00,cd1c7f107b87f4e28e8cbf87ecc3d666d9e29dc7,1624957dab07306a6115985314ef4c81a5c7149f,持卡人消费,学子便利店B07,-2.0,55.42,3736,正常
2016/05/05 11:34:19,cd1c7f107b87f4e28e8cbf87ecc3d666d9e29dc7,1624957dab07306a6115985314ef4c81a5c7149f,持卡人消费,九食堂商务网关,-11.0,44.42,3737,正常
2016/05/05 18:26:14,cd1c7f107b87f4e28e8cbf87ecc3d666d9e29dc7,1624957dab07306a6115985314ef4c81a5c7149f,持卡人消费,学子便利店B07,-12.3,32.12,3738,正常
2016/05/06 08:04:18,cd1c7f107b87f4e28e8cbf87ecc3d666d9e29dc7,1624957dab07306a6115985314ef4c81a5c7149f,持卡人消费,学子便利店B07,-5.2,26.92,3739,正常
2016/05/06 10:52:24,cd1c7f107b87f4e28e8cbf87ecc3d666d9e29dc7,1624957dab07306a6115985314ef4c81a5c7149f,存款,现金充值机,200.0,226.92,3740,正常
2016/05/06 11:27:29,cd1c7f107b87f4e28e8cbf87ecc3d666d9e29dc7,1624957dab07306a6115985314ef4c81a5c7149f,持卡人消费,九食堂商务网关,-10.0,216.92,3741,正常
2016/05/06 19:50:53,cd1c7f107b87f4e28e8cbf87ecc3d666d9e29dc7,1624957dab07306a6115985314ef4c81a5c7149f,持卡人消费,学子便利店B07,-13.0,203.92,3742,正常
2016/05/07 10:59:14,cd1c7f107b87f4e28e8cbf87ecc3d666d9e29dc7,1624957dab07306a6115985314ef4c81a5c7149f,持卡人消费,学子便利店B07,-2.0,201.92,3743,正常
2016/05/07 20:51:40,cd1c7f107b87f4e28e8cbf87ecc3d666d9e29dc7,1624957dab07306a6115985314ef4c81a5c7149f,持卡人消费,学子便利店B07,-9.2,192.72,3744,正常
2016/05/08 17:20:44,cd1c7f107b87f4e28e8cbf87ecc3d666d9e29dc7,1624957dab07306a6115985314ef4c81a5c7149f,持卡人消费,学子便利店B07,-13.0,179.72,3745,正常
2016/05/09 11:08:59,cd1c7f107b87f4e28e8cbf87ecc3d666d9e29dc7,1624957dab07306a6115985314ef4c81a5c7149f,持卡人消费,九食堂商务网关,-11.0,168.72,3746,正常
2016/05/09 18:21:20,cd1c7f107b87f4e28e8cbf87ecc3d666d9e29dc7,1624957dab07306a6115985314ef4c81a5c7149f,持卡人消费,学子便利店B07,-12.9,155.82,3747,正常
2016/05/10 07:32:00,cd1c7f107b87f4e28e8cbf87ecc3d666d9e29dc7,1624957dab07306a6115985314ef4c81a5c7149f,持卡人消费,九食堂商务网关,-2.5,153.32,3748,正常
2016/05/10 07:48:16,cd1c7f107b87f4e28e8cbf87ecc3d666d9e29dc7,1624957dab07306a6115985314ef4c81a5c7149f,持卡人消费,九食堂商务网关,-2.6,150.72,3749,正常
2016/05/10 09:33:29,cd1c7f107b87f4e28e8cbf87ecc3d666d9e29dc7,1624957dab07306a6115985314ef4c81a5c7149f,持卡人消费,学子便利店B07,-3.0,147.72,3750,正常
2016/05/10 11:08:43,cd1c7f107b87f4e28e8cbf87ecc3d666d9e29dc7,1624957dab07306a6115985314ef4c81a5c7149f,持卡人消费,九食堂商务网关,-10.0,137.72,3751,正常
2016/05/10 11:08:56,cd1c7f107b87f4e28e8cbf87ecc3d666d9e29dc7,1624957dab07306a6115985314ef4c81a5c7149f,持卡人消费,九食堂商务网关,-10.0,127.72,3752,正常
2016/05/10 20:20:31,cd1c7f107b87f4e28e8cbf87ecc3d666d9e29dc7,1624957dab07306a6115985314ef4c81a5c7149f,持卡人消费,学子便利店B07,-13.0,114.72,3753,正常
2016/05/11 11:03:58,cd1c7f107b87f4e28e8cbf87ecc3d666d9e29dc7,1624957dab07306a6115985314ef4c81a5c7149f,持卡人消费,九食堂商务网关,-10.0,104.72,3754,正常
2016/05/11 19:17:28,cd1c7f107b87f4e28e8cbf87ecc3d666d9e29dc7,1624957dab07306a6115985314ef4c81a5c7149f,持卡人消费,二区水控,-0.88,103.84,3756,正常
2016/05/11 19:22:06,cd1c7f107b87f4e28e8cbf87ecc3d666d9e29dc7,1624957dab07306a6115985314ef4c81a5c7149f,持卡人消费,二区水控,-0.51,103.33,3758,正常
2016/05/11 19:31:50,cd1c7f107b87f4e28e8cbf87ecc3d666d9e29dc7,1624957dab07306a6115985314ef4c81a5c7149f,持卡人消费,学子便利店B07,-13.2,90.13,3759,正常
2016/05/12 11:07:04,cd1c7f107b87f4e28e8cbf87ecc3d666d9e29dc7,1624957dab07306a6115985314ef4c81a5c7149f,持卡人消费,九食堂商务网关,-14.0,76.13,3760,正常
2016/05/12 19:58:50,cd1c7f107b87f4e28e8cbf87ecc3d666d9e29dc7,1624957dab07306a6115985314ef4c81a5c7149f,持卡人消费,学子便利店B07,-13.0,63.13,3761,正常
2016/05/13 11:03:37,cd1c7f107b87f4e28e8cbf87ecc3d666d9e29dc7,1624957dab07306a6115985314ef4c81a5c7149f,持卡人消费,九食堂商务网关,-11.0,52.13,3762,正常
2016/05/13 17:54:47,cd1c7f107b87f4e28e8cbf87ecc3d666d9e29dc7,1624957dab07306a6115985314ef4c81a5c7149f,持卡人消费,学子便利店B07,-12.7,39.43,3763,正常
2016/05/14 11:07:52,cd1c7f107b87f4e28e8cbf87ecc3d666d9e29dc7,1624957dab07306a6115985314ef4c81a5c7149f,持卡人消费,九食堂商务网关,-11.0,28.43,3764,正常
2016/05/14 18:14:19,cd1c7f107b87f4e28e8cbf87ecc3d666d9e29dc7,1624957dab07306a6115985314ef4c81a5c7149f,持卡人消费,学子便利店B07,-13.0,15.43,3765,正常
2016/05/15 10:57:13,cd1c7f107b87f4e28e8cbf87ecc3d666d9e29dc7,1624957dab07306a6115985314ef4c81a5c7149f,持卡人消费,九食堂商务网关,-10.0,5.43,3766,正常
2016/05/15 10:34:06,cd1c7f107b87f4e28e8cbf87ecc3d666d9e29dc7,1624957dab07306a6115985314ef4c81a5c7149f,存款,现金充值机,200.0,205.43,3767,正常
2016/05/15 14:00:04,cd1c7f107b87f4e28e8cbf87ecc3d666d9e29dc7,1624957dab07306a6115985314ef4c81a5c7149f,持卡人消费,学子便利店B07,-3.5,201.93,3768,正常
2016/05/15 19:16:37,cd1c7f107b87f4e28e8cbf87ecc3d666d9e29dc7,1624957dab07306a6115985314ef4c81a5c7149f,持卡人消费,学子便利店B07,-13.0,188.93,3769,正常
2016/05/16 18:13:36,cd1c7f107b87f4e28e8cbf87ecc3d666d9e29dc7,1624957dab07306a6115985314ef4c81a5c7149f,持卡人消费,学子便利店B07,-13.0,175.93,3770,正常
2016/05/17 08:09:22,cd1c7f107b87f4e28e8cbf87ecc3d666d9e29dc7,1624957dab07306a6115985314ef4c81a5c7149f,持卡人消费,学子便利店B07,-6.0,169.93,3771,正常
2016/05/17 18:28:26,cd1c7f107b87f4e28e8cbf87ecc3d666d9e29dc7,1624957dab07306a6115985314ef4c81a5c7149f,持卡人消费,学子便利店B07,-13.0,156.93,3772,正常
2016/05/18 10:59:55,cd1c7f107b87f4e28e8cbf87ecc3d666d9e29dc7,1624957dab07306a6115985314ef4c81a5c7149f,持卡人消费,九食堂商务网关,-11.0,145.93,3773,正常
2016/05/18 17:30:30,cd1c7f107b87f4e28e8cbf87ecc3d666d9e29dc7,1624957dab07306a6115985314ef4c81a5c7149f,持卡人消费,学子便利店B07,-13.0,132.93,3774,正常
2016/05/19 11:07:25,cd1c7f107b87f4e28e8cbf87ecc3d666d9e29dc7,1624957dab07306a6115985314ef4c81a5c7149f,持卡人消费,九食堂商务网关,-11.0,121.93,3775,正常
2016/05/19 21:24:29,cd1c7f107b87f4e28e8cbf87ecc3d666d9e29dc7,1624957dab07306a6115985314ef4c81a5c7149f,持卡人消费,学子便利店B07,-13.0,108.93,3776,正常
2016/05/20 11:12:45,cd1c7f107b87f4e28e8cbf87ecc3d666d9e29dc7,1624957dab07306a6115985314ef4c81a5c7149f,持卡人消费,九食堂商务网关,-11.0,97.93,3777,正常
2016/05/20 13:49:29,cd1c7f107b87f4e28e8cbf87ecc3d666d9e29dc7,1624957dab07306a6115985314ef4c81a5c7149f,持卡人消费,二区水控,-1.55,96.38,3779,正常
2016/05/20 13:55:43,cd1c7f107b87f4e28e8cbf87ecc3d666d9e29dc7,1624957dab07306a6115985314ef4c81a5c7149f,持卡人消费,二区水控,-0.78,95.60,3781,正常
2016/05/20 14:04:29,cd1c7f107b87f4e28e8cbf87ecc3d666d9e29dc7,1624957dab07306a6115985314ef4c81a5c7149f,持卡人消费,学子便利店B07,-3.9,91.70,3782,正常
2016/05/21 11:10:57,cd1c7f107b87f4e28e8cbf87ecc3d666d9e29dc7,1624957dab07306a6115985314ef4c81a5c7149f,持卡人消费,九食堂商务网关,-11.0,80.70,3783,正常
2016/05/21 17:03:46,cd1c7f107b87f4e28e8cbf87ecc3d666d9e29dc7,1624957dab07306a6115985314ef4c81a5c7149f,持卡人消费,九食堂商务网关,-9.0,71.70,3784,正常
2016/05/21 20:30:17,cd1c7f107b87f4e28e8cbf87ecc3d666d9e29dc7,1624957dab07306a6115985314ef4c81a5c7149f,持卡人消费,学子便利店B07,-7.2,64.50,3785,正常
2016/05/22 08:16:20,cd1c7f107b87f4e28e8cbf87ecc3d666d9e29dc7,1624957dab07306a6115985314ef4c81a5c7149f,持卡人消费,学子便利店B07,-6.0,58.50,3786,正常
2016/05/22 11:08:04,cd1c7f107b87f4e28e8cbf87ecc3d666d9e29dc7,1624957dab07306a6115985314ef4c81a5c7149f,持卡人消费,九食堂商务网关,-9.0,49.50,3787,正常
2016/05/22 17:02:16,cd1c7f107b87f4e28e8cbf87ecc3d666d9e29dc7,1624957dab07306a6115985314ef4c81a5c7149f,持卡人消费,九食堂商务网关,-9.0,40.50,3788,正常
2016/05/22 17:17:38,cd1c7f107b87f4e28e8cbf87ecc3d666d9e29dc7,1624957dab07306a6115985314ef4c81a5c7149f,持卡人消费,学子便利店B07,-10.7,29.80,3789,正常
2016/05/23 11:04:11,cd1c7f107b87f4e28e8cbf87ecc3d666d9e29dc7,1624957dab07306a6115985314ef4c81a5c7149f,持卡人消费,九食堂商务网关,-8.5,21.30,3790,正常
2016/05/23 17:03:03,cd1c7f107b87f4e28e8cbf87ecc3d666d9e29dc7,1624957dab07306a6115985314ef4c81a5c7149f,持卡人消费,九食堂商务网关,-11.0,10.30,3791,正常
2016/05/23 16:39:58,cd1c7f107b87f4e28e8cbf87ecc3d666d9e29dc7,1624957dab07306a6115985314ef4c81a5c7149f,存款,现金充值机,200.0,210.30,3792,正常
2016/05/23 17:17:37,cd1c7f107b87f4e28e8cbf87ecc3d666d9e29dc7,1624957dab07306a6115985314ef4c81a5c7149f,持卡人消费,学子便利店B07,-13.2,197.10,3793,正常
2016/05/24 11:03:44,cd1c7f107b87f4e28e8cbf87ecc3d666d9e29dc7,1624957dab07306a6115985314ef4c81a5c7149f,持卡人消费,九食堂商务网关,-11.0,186.10,3794,正常
2016/05/24 17:01:37,cd1c7f107b87f4e28e8cbf87ecc3d666d9e29dc7,1624957dab07306a6115985314ef4c81a5c7149f,持卡人消费,九食堂商务网关,-10.0,176.10,3795,正常
2016/05/24 20:02:05,cd1c7f107b87f4e28e8cbf87ecc3d666d9e29dc7,1624957dab07306a6115985314ef4c81a5c7149f,持卡人消费,学子便利店B07,-7.7,168.40,3796,正常
2016/05/25 11:08:59,cd1c7f107b87f4e28e8cbf87ecc3d666d9e29dc7,1624957dab07306a6115985314ef4c81a5c7149f,持卡人消费,九食堂商务网关,-10.0,158.40,3797,正常
2016/05/25 17:15:33,cd1c7f107b87f4e28e8cbf87ecc3d666d9e29dc7,1624957dab07306a6115985314ef4c81a5c7149f,持卡人消费,九食堂商务网关,-11.0,147.40,3798,正常
2016/05/25 17:38:10,cd1c7f107b87f4e28e8cbf87ecc3d666d9e29dc7,1624957dab07306a6115985314ef4c81a5c7149f,持卡人消费,学子便利店B07,-13.2,134.20,3799,正常
2016/05/26 11:17:13,cd1c7f107b87f4e28e8cbf87ecc3d666d9e29dc7,1624957dab07306a6115985314ef4c81a5c7149f,持卡人消费,九食堂商务网关,-11.0,123.20,3800,正常
2016/05/26 17:14:31,cd1c7f107b87f4e28e8cbf87ecc3d666d9e29dc7,1624957dab07306a6115985314ef4c81a5c7149f,持卡人消费,九食堂商务网关,-11.0,112.20,3801,正常
2016/05/26 17:26:35,cd1c7f107b87f4e28e8cbf87ecc3d666d9e29dc7,1624957dab07306a6115985314ef4c81a5c7149f,持卡人消费,学子便利店B07,-9.2,103.00,3802,正常
2016/05/27 11:03:25,cd1c7f107b87f4e28e8cbf87ecc3d666d9e29dc7,1624957dab07306a6115985314ef4c81a5c7149f,持卡人消费,九食堂商务网关,-10.0,93.00,3803,正常
2016/05/27 16:49:20,cd1c7f107b87f4e28e8cbf87ecc3d666d9e29dc7,1624957dab07306a6115985314ef4c81a5c7149f,持卡人消费,九食堂商务网关,-11.0,82.00,3804,正常
2016/05/27 17:03:41,cd1c7f107b87f4e28e8cbf87ecc3d666d9e29dc7,1624957dab07306a6115985314ef4c81a5c7149f,持卡人消费,学子便利店B07,-14.0,68.00,3805,正常
2016/05/28 14:54:40,cd1c7f107b87f4e28e8cbf87ecc3d666d9e29dc7,1624957dab07306a6115985314ef4c81a5c7149f,持卡人消费,学子便利店B07,-3.8,64.20,3806,正常
2016/05/28 17:07:31,cd1c7f107b87f4e28e8cbf87ecc3d666d9e29dc7,1624957dab07306a6115985314ef4c81a5c7149f,持卡人消费,九食堂商务网关,-9.0,55.20,3807,正常
2016/05/28 19:15:53,cd1c7f107b87f4e28e8cbf87ecc3d666d9e29dc7,1624957dab07306a6115985314ef4c81a5c7149f,持卡人消费,学子便利店B07,-13.8,41.40,3808,正常
2016/05/29 11:10:23,cd1c7f107b87f4e28e8cbf87ecc3d666d9e29dc7,1624957dab07306a6115985314ef4c81a5c7149f,持卡人消费,九食堂商务网关,-10.0,31.40,3809,正常
2016/05/29 17:05:28,cd1c7f107b87f4e28e8cbf87ecc3d666d9e29dc7,1624957dab07306a6115985314ef4c81a5c7149f,持卡人消费,九食堂商务网关,-10.0,21.40,3810,正常
2016/05/29 16:43:03,cd1c7f107b87f4e28e8cbf87ecc3d666d9e29dc7,1624957dab07306a6115985314ef4c81a5c7149f,存款,现金充值机,200.0,221.40,3811,正常
2016/05/29 17:20:12,cd1c7f107b87f4e28e8cbf87ecc3d666d9e29dc7,1624957dab07306a6115985314ef4c81a5c7149f,持卡人消费,学子便利店B07,-13.2,208.20,3812,正常
2016/05/30 11:09:46,cd1c7f107b87f4e28e8cbf87ecc3d666d9e29dc7,1624957dab07306a6115985314ef4c81a5c7149f,持卡人消费,九食堂商务网关,-11.0,197.20,3813,正常
2016/05/30 11:21:07,cd1c7f107b87f4e28e8cbf87ecc3d666d9e29dc7,1624957dab07306a6115985314ef4c81a5c7149f,持卡人消费,学子便利店B07,-9.1,188.10,3814,正常
2016/05/31 10:56:26,cd1c7f107b87f4e28e8cbf87ecc3d666d9e29dc7,1624957dab07306a6115985314ef4c81a5c7149f,持卡人消费,九食堂商务网关,-11.0,177.10,3815,正常
2016/05/31 17:02:56,cd1c7f107b87f4e28e8cbf87ecc3d666d9e29dc7,1624957dab07306a6115985314ef4c81a5c7149f,持卡人消费,九食堂商务网关,-9.0,168.10,3816,正常
2016/05/31 21:09:29,cd1c7f107b87f4e28e8cbf87ecc3d666d9e29dc7,1624957dab07306a6115985314ef4c81a5c7149f,持卡人消费,学子便利店B07,-10.5,157.60,3817,正常
