交易发生时间,学号,姓名,交易类型,子系统名称,交易额,现有余额,次数,状态
2016/05/02 12:18:24,98de41f3bf724630d43c458d9de5e0100f94ff22,164cca526d2aaf12911fed82ed9c812617922765,存款,现金充值机,100.0,100.57,4528,正常
2016/05/02 12:38:54,98de41f3bf724630d43c458d9de5e0100f94ff22,164cca526d2aaf12911fed82ed9c812617922765,持卡人消费,学苑楼商务网关,-8.0,92.57,4529,正常
2016/05/02 13:42:52,98de41f3bf724630d43c458d9de5e0100f94ff22,164cca526d2aaf12911fed82ed9c812617922765,持卡人消费,A15,-6.0,86.57,4530,正常
2016/05/03 09:45:53,98de41f3bf724630d43c458d9de5e0100f94ff22,164cca526d2aaf12911fed82ed9c812617922765,持卡人消费,超市商务子系统,-3.0,83.57,4531,正常
2016/05/06 11:55:06,98de41f3bf724630d43c458d9de5e0100f94ff22,164cca526d2aaf12911fed82ed9c812617922765,持卡人消费,学士楼商务网关,-4.0,79.57,4532,正常
2016/05/07 13:11:12,98de41f3bf724630d43c458d9de5e0100f94ff22,164cca526d2aaf12911fed82ed9c812617922765,持卡人消费,一区图书馆BPOS,-1.05,78.52,4533,正常
2016/05/08 12:14:23,98de41f3bf724630d43c458d9de5e0100f94ff22,164cca526d2aaf12911fed82ed9c812617922765,持卡人消费,学子楼商务网关,-6.8,71.72,4534,正常
2016/05/08 12:15:26,98de41f3bf724630d43c458d9de5e0100f94ff22,164cca526d2aaf12911fed82ed9c812617922765,持卡人消费,学子楼商务网关,-4.8,66.92,4535,正常
2016/05/08 12:15:44,98de41f3bf724630d43c458d9de5e0100f94ff22,164cca526d2aaf12911fed82ed9c812617922765,持卡人消费,学子楼商务网关,-2.4,64.52,4536,正常
2016/05/09 11:38:19,98de41f3bf724630d43c458d9de5e0100f94ff22,164cca526d2aaf12911fed82ed9c812617922765,持卡人消费,南苑网关,-1.5,63.02,4537,正常
2016/05/09 11:39:58,98de41f3bf724630d43c458d9de5e0100f94ff22,164cca526d2aaf12911fed82ed9c812617922765,持卡人消费,南苑网关,-4.0,59.02,4538,正常
2016/05/10 17:39:16,98de41f3bf724630d43c458d9de5e0100f94ff22,164cca526d2aaf12911fed82ed9c812617922765,持卡人消费,游泳馆,-6.0,53.02,4539,正常
2016/05/11 15:39:04,98de41f3bf724630d43c458d9de5e0100f94ff22,164cca526d2aaf12911fed82ed9c812617922765,持卡人消费,学子超市园丁总店,-4.0,49.02,4540,正常
2016/05/11 20:51:31,98de41f3bf724630d43c458d9de5e0100f94ff22,164cca526d2aaf12911fed82ed9c812617922765,持卡人消费,A15,-3.0,46.02,4541,正常
2016/05/12 17:36:04,98de41f3bf724630d43c458d9de5e0100f94ff22,164cca526d2aaf12911fed82ed9c812617922765,持卡人消费,游泳馆,-6.0,40.02,4542,正常
2016/05/13 08:58:08,98de41f3bf724630d43c458d9de5e0100f94ff22,164cca526d2aaf12911fed82ed9c812617922765,持卡人消费,超市商务子系统,-1.0,39.02,4543,正常
2016/05/14 14:35:15,98de41f3bf724630d43c458d9de5e0100f94ff22,164cca526d2aaf12911fed82ed9c812617922765,持卡人消费,超市商务子系统,-8.8,30.22,4544,正常
2016/05/17 17:16:33,98de41f3bf724630d43c458d9de5e0100f94ff22,164cca526d2aaf12911fed82ed9c812617922765,持卡人消费,学士楼商务网关,-2.5,27.72,4545,正常
2016/05/17 17:17:23,98de41f3bf724630d43c458d9de5e0100f94ff22,164cca526d2aaf12911fed82ed9c812617922765,持卡人消费,学士楼商务网关,-5.8,21.92,4546,正常
2016/05/17 17:17:29,98de41f3bf724630d43c458d9de5e0100f94ff22,164cca526d2aaf12911fed82ed9c812617922765,持卡人消费,学士楼商务网关,-3.0,18.92,4547,正常
2016/05/17 17:18:24,98de41f3bf724630d43c458d9de5e0100f94ff22,164cca526d2aaf12911fed82ed9c812617922765,持卡人消费,学士楼商务网关,-3.0,15.92,4548,正常
2016/05/17 17:19:27,98de41f3bf724630d43c458d9de5e0100f94ff22,164cca526d2aaf12911fed82ed9c812617922765,持卡人消费,学士楼商务网关,-2.0,13.92,4549,正常
2016/05/17 17:29:16,98de41f3bf724630d43c458d9de5e0100f94ff22,164cca526d2aaf12911fed82ed9c812617922765,持卡人消费,学士楼商务网关,-2.6,11.32,4550,正常
2016/05/17 18:09:43,98de41f3bf724630d43c458d9de5e0100f94ff22,164cca526d2aaf12911fed82ed9c812617922765,持卡人消费,游泳馆,-6.0,5.32,4551,正常
2016/05/25 07:28:51,98de41f3bf724630d43c458d9de5e0100f94ff22,164cca526d2aaf12911fed82ed9c812617922765,持卡人消费,学士楼商务网关,-1.5,3.82,4552,正常
