交易发生时间,学号,姓名,交易类型,子系统名称,交易额,现有余额,次数,状态
2016/05/20 13:35:36,1ea577c5694f0ce1d65ab54245e2e4064ed73a55,1668536683d2d96fab8629a76f414ec71c2d8c32,持卡人消费,超市商务子系统,-6.2,41.70,2472,正常
2016/05/20 13:41:42,1ea577c5694f0ce1d65ab54245e2e4064ed73a55,1668536683d2d96fab8629a76f414ec71c2d8c32,持卡人消费,一区图书馆APOS,-0.55,41.15,2473,正常
2016/05/26 13:23:34,1ea577c5694f0ce1d65ab54245e2e4064ed73a55,1668536683d2d96fab8629a76f414ec71c2d8c32,持卡人消费,15公寓浴池,-1.1,40.05,2475,正常
2016/05/26 13:27:17,1ea577c5694f0ce1d65ab54245e2e4064ed73a55,1668536683d2d96fab8629a76f414ec71c2d8c32,持卡人消费,15公寓浴池,-0.46,39.59,2477,正常
2016/05/26 13:32:58,1ea577c5694f0ce1d65ab54245e2e4064ed73a55,1668536683d2d96fab8629a76f414ec71c2d8c32,持卡人消费,15公寓浴池,-0.61,38.98,2479,正常
2016/05/26 13:34:09,1ea577c5694f0ce1d65ab54245e2e4064ed73a55,1668536683d2d96fab8629a76f414ec71c2d8c32,持卡人消费,15公寓浴池,-0.13,38.85,2481,正常
2016/05/30 11:49:12,1ea577c5694f0ce1d65ab54245e2e4064ed73a55,1668536683d2d96fab8629a76f414ec71c2d8c32,持卡人消费,硕果园（工大商店）,-8.0,30.85,2482,正常
