交易发生时间,学号,姓名,交易类型,子系统名称,交易额,现有余额,次数,状态
2016/05/01 12:32:46,753b1713e51884810dcdc881ccb38c49f7aa2618,17468f2af865e3176e10a0f8ce2cd7a0f27f092e,持卡人消费,学苑楼商务网关,-6.0,158.82,2429,正常
2016/05/01 12:51:38,753b1713e51884810dcdc881ccb38c49f7aa2618,17468f2af865e3176e10a0f8ce2cd7a0f27f092e,持卡人消费,超市商务子系统,-2.9,155.92,2430,正常
2016/05/01 12:53:35,753b1713e51884810dcdc881ccb38c49f7aa2618,17468f2af865e3176e10a0f8ce2cd7a0f27f092e,持卡人消费,超市商务子系统,-8.5,147.42,2431,正常
2016/05/01 18:43:48,753b1713e51884810dcdc881ccb38c49f7aa2618,17468f2af865e3176e10a0f8ce2cd7a0f27f092e,持卡人消费,学士楼商务网关,-0.9,146.52,2432,正常
2016/05/02 12:19:23,753b1713e51884810dcdc881ccb38c49f7aa2618,17468f2af865e3176e10a0f8ce2cd7a0f27f092e,持卡人消费,学苑楼商务网关,-6.0,140.52,2433,正常
2016/05/02 18:44:55,753b1713e51884810dcdc881ccb38c49f7aa2618,17468f2af865e3176e10a0f8ce2cd7a0f27f092e,持卡人消费,硕果园（工大商店）,-12.0,128.52,2434,正常
2016/05/03 11:48:28,753b1713e51884810dcdc881ccb38c49f7aa2618,17468f2af865e3176e10a0f8ce2cd7a0f27f092e,持卡人消费,学士楼商务网关,-6.6,121.92,2435,正常
2016/05/04 11:58:39,753b1713e51884810dcdc881ccb38c49f7aa2618,17468f2af865e3176e10a0f8ce2cd7a0f27f092e,持卡人消费,学士楼商务网关,-4.4,117.52,2436,正常
2016/05/04 17:26:16,753b1713e51884810dcdc881ccb38c49f7aa2618,17468f2af865e3176e10a0f8ce2cd7a0f27f092e,持卡人消费,学士楼商务网关,-4.6,112.92,2437,正常
2016/05/05 11:47:20,753b1713e51884810dcdc881ccb38c49f7aa2618,17468f2af865e3176e10a0f8ce2cd7a0f27f092e,持卡人消费,学士楼商务网关,-6.6,106.32,2438,正常
2016/05/05 17:17:30,753b1713e51884810dcdc881ccb38c49f7aa2618,17468f2af865e3176e10a0f8ce2cd7a0f27f092e,持卡人消费,学苑楼商务网关,-6.0,100.32,2439,正常
2016/05/07 12:22:16,753b1713e51884810dcdc881ccb38c49f7aa2618,17468f2af865e3176e10a0f8ce2cd7a0f27f092e,持卡人消费,学士楼商务网关,-6.4,93.92,2440,正常
2016/05/07 17:31:23,753b1713e51884810dcdc881ccb38c49f7aa2618,17468f2af865e3176e10a0f8ce2cd7a0f27f092e,持卡人消费,学士楼商务网关,-6.6,87.32,2441,正常
2016/05/08 17:23:10,753b1713e51884810dcdc881ccb38c49f7aa2618,17468f2af865e3176e10a0f8ce2cd7a0f27f092e,持卡人消费,学士楼商务网关,-6.6,80.72,2442,正常
2016/05/08 17:48:42,753b1713e51884810dcdc881ccb38c49f7aa2618,17468f2af865e3176e10a0f8ce2cd7a0f27f092e,持卡人消费,超市商务子系统,-3.5,77.22,2443,正常
2016/05/08 20:23:25,753b1713e51884810dcdc881ccb38c49f7aa2618,17468f2af865e3176e10a0f8ce2cd7a0f27f092e,持卡人消费,15公寓浴池,-2.0,75.22,2444,正常
2016/05/09 17:38:41,753b1713e51884810dcdc881ccb38c49f7aa2618,17468f2af865e3176e10a0f8ce2cd7a0f27f092e,持卡人消费,学士楼商务网关,-6.4,68.82,2445,正常
2016/05/10 11:30:55,753b1713e51884810dcdc881ccb38c49f7aa2618,17468f2af865e3176e10a0f8ce2cd7a0f27f092e,持卡人消费,学苑楼商务网关,-6.0,62.82,2446,正常
2016/05/11 11:09:19,753b1713e51884810dcdc881ccb38c49f7aa2618,17468f2af865e3176e10a0f8ce2cd7a0f27f092e,持卡人消费,学士楼商务网关,-4.6,58.22,2447,正常
2016/05/11 18:11:05,753b1713e51884810dcdc881ccb38c49f7aa2618,17468f2af865e3176e10a0f8ce2cd7a0f27f092e,持卡人消费,学士楼商务网关,-7.4,50.82,2448,正常
2016/05/11 18:30:05,753b1713e51884810dcdc881ccb38c49f7aa2618,17468f2af865e3176e10a0f8ce2cd7a0f27f092e,持卡人消费,超市商务子系统,-10.7,40.12,2449,正常
2016/05/12 11:43:11,753b1713e51884810dcdc881ccb38c49f7aa2618,17468f2af865e3176e10a0f8ce2cd7a0f27f092e,持卡人消费,学苑楼商务网关,-6.0,34.12,2450,正常
2016/05/13 11:23:38,753b1713e51884810dcdc881ccb38c49f7aa2618,17468f2af865e3176e10a0f8ce2cd7a0f27f092e,持卡人消费,学士楼商务网关,-6.6,27.52,2451,正常
2016/05/13 17:57:09,753b1713e51884810dcdc881ccb38c49f7aa2618,17468f2af865e3176e10a0f8ce2cd7a0f27f092e,持卡人消费,学苑楼商务网关,-6.0,21.52,2452,正常
2016/05/13 19:07:29,753b1713e51884810dcdc881ccb38c49f7aa2618,17468f2af865e3176e10a0f8ce2cd7a0f27f092e,持卡人消费,15公寓浴池,-0.02,21.50,2454,正常
2016/05/13 19:17:57,753b1713e51884810dcdc881ccb38c49f7aa2618,17468f2af865e3176e10a0f8ce2cd7a0f27f092e,持卡人消费,15公寓浴池,-2.0,19.50,2455,正常
2016/05/14 11:31:07,753b1713e51884810dcdc881ccb38c49f7aa2618,17468f2af865e3176e10a0f8ce2cd7a0f27f092e,持卡人消费,学士楼商务网关,-6.4,13.10,2456,正常
2016/05/14 16:54:06,753b1713e51884810dcdc881ccb38c49f7aa2618,17468f2af865e3176e10a0f8ce2cd7a0f27f092e,持卡人消费,硕果园（工大商店）,-9.0,4.10,2457,正常
2016/05/15 11:46:03,753b1713e51884810dcdc881ccb38c49f7aa2618,17468f2af865e3176e10a0f8ce2cd7a0f27f092e,存款,现金充值机,200.0,204.10,2458,正常
2016/05/15 12:09:39,753b1713e51884810dcdc881ccb38c49f7aa2618,17468f2af865e3176e10a0f8ce2cd7a0f27f092e,持卡人消费,学苑楼商务网关,-8.8,195.30,2459,正常
2016/05/16 11:49:39,753b1713e51884810dcdc881ccb38c49f7aa2618,17468f2af865e3176e10a0f8ce2cd7a0f27f092e,持卡人消费,学士楼商务网关,-4.4,190.90,2460,正常
2016/05/16 17:34:54,753b1713e51884810dcdc881ccb38c49f7aa2618,17468f2af865e3176e10a0f8ce2cd7a0f27f092e,持卡人消费,学苑楼商务网关,-6.0,184.90,2461,正常
2016/05/17 11:25:45,753b1713e51884810dcdc881ccb38c49f7aa2618,17468f2af865e3176e10a0f8ce2cd7a0f27f092e,持卡人消费,硕果园（工大商店）,-9.0,175.90,2462,正常
2016/05/17 17:02:24,753b1713e51884810dcdc881ccb38c49f7aa2618,17468f2af865e3176e10a0f8ce2cd7a0f27f092e,持卡人消费,15公寓浴池,-2.0,173.90,2463,正常
2016/05/17 18:18:30,753b1713e51884810dcdc881ccb38c49f7aa2618,17468f2af865e3176e10a0f8ce2cd7a0f27f092e,持卡人消费,硕果园（工大商店）,-6.0,167.90,2464,正常
2016/05/18 11:38:50,753b1713e51884810dcdc881ccb38c49f7aa2618,17468f2af865e3176e10a0f8ce2cd7a0f27f092e,持卡人消费,学苑楼商务网关,-6.0,161.90,2465,正常
2016/05/18 18:02:14,753b1713e51884810dcdc881ccb38c49f7aa2618,17468f2af865e3176e10a0f8ce2cd7a0f27f092e,持卡人消费,硕果园（工大商店）,-13.0,148.90,2466,正常
2016/05/19 11:42:50,753b1713e51884810dcdc881ccb38c49f7aa2618,17468f2af865e3176e10a0f8ce2cd7a0f27f092e,持卡人消费,硕果园（工大商店）,-13.0,135.90,2467,正常
2016/05/20 12:09:49,753b1713e51884810dcdc881ccb38c49f7aa2618,17468f2af865e3176e10a0f8ce2cd7a0f27f092e,持卡人消费,学苑楼商务网关,-6.0,129.90,2468,正常
2016/05/20 17:43:18,753b1713e51884810dcdc881ccb38c49f7aa2618,17468f2af865e3176e10a0f8ce2cd7a0f27f092e,持卡人消费,学苑楼商务网关,-6.0,123.90,2469,正常
2016/05/21 12:04:43,753b1713e51884810dcdc881ccb38c49f7aa2618,17468f2af865e3176e10a0f8ce2cd7a0f27f092e,持卡人消费,学苑楼商务网关,-7.5,116.40,2470,正常
2016/05/21 18:32:54,753b1713e51884810dcdc881ccb38c49f7aa2618,17468f2af865e3176e10a0f8ce2cd7a0f27f092e,持卡人消费,超市商务子系统,-3.2,113.20,2471,正常
2016/05/22 11:32:18,753b1713e51884810dcdc881ccb38c49f7aa2618,17468f2af865e3176e10a0f8ce2cd7a0f27f092e,持卡人消费,硕果园（工大商店）,-13.0,100.20,2472,正常
2016/05/22 19:01:30,753b1713e51884810dcdc881ccb38c49f7aa2618,17468f2af865e3176e10a0f8ce2cd7a0f27f092e,持卡人消费,硕果园（工大商店）,-6.0,94.20,2473,正常
2016/05/22 20:08:55,753b1713e51884810dcdc881ccb38c49f7aa2618,17468f2af865e3176e10a0f8ce2cd7a0f27f092e,持卡人消费,15公寓浴池,-0.02,94.18,2475,正常
2016/05/22 20:19:47,753b1713e51884810dcdc881ccb38c49f7aa2618,17468f2af865e3176e10a0f8ce2cd7a0f27f092e,持卡人消费,15公寓浴池,-2.0,92.18,2476,正常
2016/05/22 20:28:04,753b1713e51884810dcdc881ccb38c49f7aa2618,17468f2af865e3176e10a0f8ce2cd7a0f27f092e,持卡人消费,A15,-6.0,86.18,2477,正常
2016/05/24 08:42:42,753b1713e51884810dcdc881ccb38c49f7aa2618,17468f2af865e3176e10a0f8ce2cd7a0f27f092e,持卡人消费,学苑楼商务网关,-9.0,77.18,2478,正常
2016/05/25 11:27:14,753b1713e51884810dcdc881ccb38c49f7aa2618,17468f2af865e3176e10a0f8ce2cd7a0f27f092e,存款,卡中心综合业务,100.0,177.18,2479,正常
2016/05/25 11:29:49,753b1713e51884810dcdc881ccb38c49f7aa2618,17468f2af865e3176e10a0f8ce2cd7a0f27f092e,持卡人消费,学苑楼商务网关,-6.0,171.18,2480,正常
2016/05/26 12:15:12,753b1713e51884810dcdc881ccb38c49f7aa2618,17468f2af865e3176e10a0f8ce2cd7a0f27f092e,持卡人消费,学苑楼商务网关,-6.0,165.18,2481,正常
2016/05/26 17:53:37,753b1713e51884810dcdc881ccb38c49f7aa2618,17468f2af865e3176e10a0f8ce2cd7a0f27f092e,持卡人消费,硕果园（工大商店）,-6.0,159.18,2482,正常
2016/05/27 11:30:07,753b1713e51884810dcdc881ccb38c49f7aa2618,17468f2af865e3176e10a0f8ce2cd7a0f27f092e,持卡人消费,学苑楼商务网关,-8.8,150.38,2483,正常
2016/05/27 16:51:07,753b1713e51884810dcdc881ccb38c49f7aa2618,17468f2af865e3176e10a0f8ce2cd7a0f27f092e,持卡人消费,15公寓浴池,-1.54,148.84,2485,正常
2016/05/28 11:28:37,753b1713e51884810dcdc881ccb38c49f7aa2618,17468f2af865e3176e10a0f8ce2cd7a0f27f092e,持卡人消费,学苑楼商务网关,-7.0,141.84,2486,正常
2016/05/28 17:19:02,753b1713e51884810dcdc881ccb38c49f7aa2618,17468f2af865e3176e10a0f8ce2cd7a0f27f092e,持卡人消费,学苑楼商务网关,-6.0,135.84,2487,正常
2016/05/29 12:03:44,753b1713e51884810dcdc881ccb38c49f7aa2618,17468f2af865e3176e10a0f8ce2cd7a0f27f092e,持卡人消费,学苑楼商务网关,-6.0,129.84,2488,正常
2016/05/29 12:40:19,753b1713e51884810dcdc881ccb38c49f7aa2618,17468f2af865e3176e10a0f8ce2cd7a0f27f092e,持卡人消费,一区图书馆BPOS,-0.9,128.94,2489,正常
2016/05/29 13:05:29,753b1713e51884810dcdc881ccb38c49f7aa2618,17468f2af865e3176e10a0f8ce2cd7a0f27f092e,持卡人消费,超市商务子系统,-0.5,128.44,2490,正常
2016/05/30 13:27:19,753b1713e51884810dcdc881ccb38c49f7aa2618,17468f2af865e3176e10a0f8ce2cd7a0f27f092e,持卡人消费,硕果园（工大商店）,-13.0,115.44,2491,正常
2016/05/30 18:17:14,753b1713e51884810dcdc881ccb38c49f7aa2618,17468f2af865e3176e10a0f8ce2cd7a0f27f092e,持卡人消费,游泳馆,-6.0,109.44,2492,正常
2016/05/31 11:34:58,753b1713e51884810dcdc881ccb38c49f7aa2618,17468f2af865e3176e10a0f8ce2cd7a0f27f092e,持卡人消费,学苑楼商务网关,-6.0,103.44,2493,正常
