交易发生时间,学号,姓名,交易类型,子系统名称,交易额,现有余额,次数,状态
2016/05/01 11:37:49,5bf787674f8ef0dea9cdbace51328ca6b95e0411,174bd1e911cf5cc911ad8590857985bfae69f6b9,持卡人消费,学苑楼商务网关,-3.4,15.79,5282,正常
2016/05/01 17:34:03,5bf787674f8ef0dea9cdbace51328ca6b95e0411,174bd1e911cf5cc911ad8590857985bfae69f6b9,持卡人消费,学苑楼商务网关,-5.6,10.19,5283,正常
2016/05/03 17:21:10,5bf787674f8ef0dea9cdbace51328ca6b95e0411,174bd1e911cf5cc911ad8590857985bfae69f6b9,持卡人消费,学苑楼商务网关,-6.6,3.59,5284,正常
2016/05/03 17:51:23,5bf787674f8ef0dea9cdbace51328ca6b95e0411,174bd1e911cf5cc911ad8590857985bfae69f6b9,持卡人消费,学子超市园丁总店,-0.5,3.09,5285,正常
2016/05/04 11:42:48,5bf787674f8ef0dea9cdbace51328ca6b95e0411,174bd1e911cf5cc911ad8590857985bfae69f6b9,存款,学苑楼综合业务3,100.0,103.09,5286,正常
2016/05/04 11:45:38,5bf787674f8ef0dea9cdbace51328ca6b95e0411,174bd1e911cf5cc911ad8590857985bfae69f6b9,持卡人消费,学苑楼商务网关,-0.9,102.19,5287,正常
2016/05/04 11:47:07,5bf787674f8ef0dea9cdbace51328ca6b95e0411,174bd1e911cf5cc911ad8590857985bfae69f6b9,持卡人消费,学苑楼商务网关,-3.0,99.19,5288,正常
2016/05/04 12:11:42,5bf787674f8ef0dea9cdbace51328ca6b95e0411,174bd1e911cf5cc911ad8590857985bfae69f6b9,持卡人消费,超市商务子系统,-3.1,96.09,5289,正常
2016/05/04 17:52:15,5bf787674f8ef0dea9cdbace51328ca6b95e0411,174bd1e911cf5cc911ad8590857985bfae69f6b9,持卡人消费,学子超市园丁总店,-1.6,94.49,5290,正常
2016/05/05 11:28:54,5bf787674f8ef0dea9cdbace51328ca6b95e0411,174bd1e911cf5cc911ad8590857985bfae69f6b9,持卡人消费,学苑楼商务网关,-8.0,86.49,5291,正常
2016/05/05 17:22:26,5bf787674f8ef0dea9cdbace51328ca6b95e0411,174bd1e911cf5cc911ad8590857985bfae69f6b9,持卡人消费,学士楼商务网关,-1.3,85.19,5292,正常
2016/05/05 17:23:09,5bf787674f8ef0dea9cdbace51328ca6b95e0411,174bd1e911cf5cc911ad8590857985bfae69f6b9,持卡人消费,学士楼商务网关,-0.5,84.69,5293,正常
2016/05/05 17:24:16,5bf787674f8ef0dea9cdbace51328ca6b95e0411,174bd1e911cf5cc911ad8590857985bfae69f6b9,持卡人消费,学士楼商务网关,-1.0,83.69,5294,正常
2016/05/06 08:11:33,5bf787674f8ef0dea9cdbace51328ca6b95e0411,174bd1e911cf5cc911ad8590857985bfae69f6b9,持卡人消费,学士楼商务网关,-2.4,81.29,5295,正常
2016/05/06 17:20:15,5bf787674f8ef0dea9cdbace51328ca6b95e0411,174bd1e911cf5cc911ad8590857985bfae69f6b9,持卡人消费,学士楼商务网关,-4.4,76.89,5296,正常
2016/05/07 12:23:38,5bf787674f8ef0dea9cdbace51328ca6b95e0411,174bd1e911cf5cc911ad8590857985bfae69f6b9,持卡人消费,15公寓浴池,-0.38,76.51,5298,正常
2016/05/07 12:26:31,5bf787674f8ef0dea9cdbace51328ca6b95e0411,174bd1e911cf5cc911ad8590857985bfae69f6b9,持卡人消费,15公寓浴池,-0.5,76.01,5300,正常
2016/05/07 12:30:31,5bf787674f8ef0dea9cdbace51328ca6b95e0411,174bd1e911cf5cc911ad8590857985bfae69f6b9,持卡人消费,15公寓浴池,-0.14,75.87,5302,正常
2016/05/07 12:31:39,5bf787674f8ef0dea9cdbace51328ca6b95e0411,174bd1e911cf5cc911ad8590857985bfae69f6b9,持卡人消费,15公寓浴池,-0.03,75.84,5304,正常
2016/05/07 12:33:54,5bf787674f8ef0dea9cdbace51328ca6b95e0411,174bd1e911cf5cc911ad8590857985bfae69f6b9,持卡人消费,15公寓浴池,-0.18,75.66,5306,正常
2016/05/07 12:35:49,5bf787674f8ef0dea9cdbace51328ca6b95e0411,174bd1e911cf5cc911ad8590857985bfae69f6b9,持卡人消费,15公寓浴池,-0.13,75.53,5308,正常
2016/05/07 12:41:31,5bf787674f8ef0dea9cdbace51328ca6b95e0411,174bd1e911cf5cc911ad8590857985bfae69f6b9,持卡人消费,15公寓浴池,-0.45,75.08,5310,正常
2016/05/07 12:44:29,5bf787674f8ef0dea9cdbace51328ca6b95e0411,174bd1e911cf5cc911ad8590857985bfae69f6b9,持卡人消费,15公寓浴池,-0.38,74.70,5312,正常
2016/05/08 08:10:52,5bf787674f8ef0dea9cdbace51328ca6b95e0411,174bd1e911cf5cc911ad8590857985bfae69f6b9,持卡人消费,学士楼商务网关,-2.4,72.30,5313,正常
2016/05/09 11:34:39,5bf787674f8ef0dea9cdbace51328ca6b95e0411,174bd1e911cf5cc911ad8590857985bfae69f6b9,持卡人消费,学苑楼商务网关,-5.0,67.30,5314,正常
2016/05/09 11:35:29,5bf787674f8ef0dea9cdbace51328ca6b95e0411,174bd1e911cf5cc911ad8590857985bfae69f6b9,持卡人消费,学苑楼商务网关,-0.4,66.90,5315,正常
2016/05/09 17:09:24,5bf787674f8ef0dea9cdbace51328ca6b95e0411,174bd1e911cf5cc911ad8590857985bfae69f6b9,持卡人消费,学子超市园丁总店,-1.6,65.30,5316,正常
2016/05/10 08:06:52,5bf787674f8ef0dea9cdbace51328ca6b95e0411,174bd1e911cf5cc911ad8590857985bfae69f6b9,持卡人消费,学士楼商务网关,-2.4,62.90,5317,正常
2016/05/11 08:07:00,5bf787674f8ef0dea9cdbace51328ca6b95e0411,174bd1e911cf5cc911ad8590857985bfae69f6b9,持卡人消费,学士楼商务网关,-2.4,60.50,5318,正常
2016/05/11 11:21:29,5bf787674f8ef0dea9cdbace51328ca6b95e0411,174bd1e911cf5cc911ad8590857985bfae69f6b9,持卡人消费,学士楼商务网关,-4.4,56.10,5319,正常
2016/05/11 11:53:27,5bf787674f8ef0dea9cdbace51328ca6b95e0411,174bd1e911cf5cc911ad8590857985bfae69f6b9,持卡人消费,超市商务子系统,-10.9,45.20,5320,正常
2016/05/12 08:05:14,5bf787674f8ef0dea9cdbace51328ca6b95e0411,174bd1e911cf5cc911ad8590857985bfae69f6b9,持卡人消费,学士楼商务网关,-2.4,42.80,5321,正常
2016/05/12 12:27:49,5bf787674f8ef0dea9cdbace51328ca6b95e0411,174bd1e911cf5cc911ad8590857985bfae69f6b9,持卡人消费,硕果园（工大商店）,-22.0,20.80,5322,正常
2016/05/13 11:16:04,5bf787674f8ef0dea9cdbace51328ca6b95e0411,174bd1e911cf5cc911ad8590857985bfae69f6b9,持卡人消费,学士楼商务网关,-7.0,13.80,5323,正常
2016/05/13 17:41:03,5bf787674f8ef0dea9cdbace51328ca6b95e0411,174bd1e911cf5cc911ad8590857985bfae69f6b9,持卡人消费,学士楼商务网关,-0.7,12.40,5324,正常
2016/05/13 17:41:07,5bf787674f8ef0dea9cdbace51328ca6b95e0411,174bd1e911cf5cc911ad8590857985bfae69f6b9,持卡人消费,学士楼商务网关,-0.7,12.40,5325,正常
2016/05/13 17:41:21,5bf787674f8ef0dea9cdbace51328ca6b95e0411,174bd1e911cf5cc911ad8590857985bfae69f6b9,持卡人消费,学士楼商务网关,-0.5,11.90,5326,正常
2016/05/14 07:53:24,5bf787674f8ef0dea9cdbace51328ca6b95e0411,174bd1e911cf5cc911ad8590857985bfae69f6b9,持卡人消费,学士楼商务网关,-2.4,9.50,5327,正常
2016/05/14 17:20:48,5bf787674f8ef0dea9cdbace51328ca6b95e0411,174bd1e911cf5cc911ad8590857985bfae69f6b9,持卡人消费,学子超市园丁总店,-1.6,7.90,5328,正常
2016/05/15 11:28:34,5bf787674f8ef0dea9cdbace51328ca6b95e0411,174bd1e911cf5cc911ad8590857985bfae69f6b9,持卡人消费,学苑楼商务网关,-7.0,0.90,5329,正常
2016/05/15 17:09:44,5bf787674f8ef0dea9cdbace51328ca6b95e0411,174bd1e911cf5cc911ad8590857985bfae69f6b9,存款,学苑楼综合业务3,100.0,100.90,5330,正常
2016/05/15 17:11:57,5bf787674f8ef0dea9cdbace51328ca6b95e0411,174bd1e911cf5cc911ad8590857985bfae69f6b9,持卡人消费,学苑楼商务网关,-5.0,95.90,5331,正常
2016/05/15 17:12:40,5bf787674f8ef0dea9cdbace51328ca6b95e0411,174bd1e911cf5cc911ad8590857985bfae69f6b9,持卡人消费,学苑楼商务网关,-0.4,95.50,5332,正常
2016/05/15 17:58:46,5bf787674f8ef0dea9cdbace51328ca6b95e0411,174bd1e911cf5cc911ad8590857985bfae69f6b9,持卡人消费,15公寓浴池,-0.29,95.21,5334,正常
2016/05/15 18:00:49,5bf787674f8ef0dea9cdbace51328ca6b95e0411,174bd1e911cf5cc911ad8590857985bfae69f6b9,持卡人消费,15公寓浴池,-0.13,95.08,5336,正常
2016/05/15 18:03:58,5bf787674f8ef0dea9cdbace51328ca6b95e0411,174bd1e911cf5cc911ad8590857985bfae69f6b9,持卡人消费,15公寓浴池,-0.02,95.06,5338,正常
2016/05/15 18:05:05,5bf787674f8ef0dea9cdbace51328ca6b95e0411,174bd1e911cf5cc911ad8590857985bfae69f6b9,持卡人消费,15公寓浴池,-0.14,94.92,5340,正常
2016/05/15 18:09:06,5bf787674f8ef0dea9cdbace51328ca6b95e0411,174bd1e911cf5cc911ad8590857985bfae69f6b9,持卡人消费,15公寓浴池,-0.19,94.73,5342,正常
2016/05/15 18:11:10,5bf787674f8ef0dea9cdbace51328ca6b95e0411,174bd1e911cf5cc911ad8590857985bfae69f6b9,持卡人消费,15公寓浴池,-0.27,94.46,5344,正常
2016/05/15 18:11:20,5bf787674f8ef0dea9cdbace51328ca6b95e0411,174bd1e911cf5cc911ad8590857985bfae69f6b9,持卡人消费,15公寓浴池,-0.02,94.44,5346,正常
2016/05/16 08:16:37,5bf787674f8ef0dea9cdbace51328ca6b95e0411,174bd1e911cf5cc911ad8590857985bfae69f6b9,持卡人消费,学士楼商务网关,-2.3,92.14,5347,正常
2016/05/16 11:24:43,5bf787674f8ef0dea9cdbace51328ca6b95e0411,174bd1e911cf5cc911ad8590857985bfae69f6b9,持卡人消费,学苑楼商务网关,-6.0,86.14,5348,正常
2016/05/16 11:47:15,5bf787674f8ef0dea9cdbace51328ca6b95e0411,174bd1e911cf5cc911ad8590857985bfae69f6b9,持卡人消费,超市商务子系统,-2.9,83.24,5349,正常
2016/05/16 11:48:13,5bf787674f8ef0dea9cdbace51328ca6b95e0411,174bd1e911cf5cc911ad8590857985bfae69f6b9,持卡人消费,超市商务子系统,-1.0,82.24,5350,正常
2016/05/16 17:20:10,5bf787674f8ef0dea9cdbace51328ca6b95e0411,174bd1e911cf5cc911ad8590857985bfae69f6b9,持卡人消费,学士楼商务网关,-3.9,78.34,5351,正常
2016/05/17 08:15:06,5bf787674f8ef0dea9cdbace51328ca6b95e0411,174bd1e911cf5cc911ad8590857985bfae69f6b9,持卡人消费,学士楼商务网关,-2.4,75.94,5352,正常
2016/05/17 11:12:41,5bf787674f8ef0dea9cdbace51328ca6b95e0411,174bd1e911cf5cc911ad8590857985bfae69f6b9,持卡人消费,学苑楼商务网关,-9.72,66.22,5353,正常
2016/05/17 11:15:00,5bf787674f8ef0dea9cdbace51328ca6b95e0411,174bd1e911cf5cc911ad8590857985bfae69f6b9,持卡人消费,学苑楼商务网关,-1.5,64.72,5354,正常
2016/05/17 17:21:37,5bf787674f8ef0dea9cdbace51328ca6b95e0411,174bd1e911cf5cc911ad8590857985bfae69f6b9,持卡人消费,学士楼商务网关,-5.6,59.12,5355,正常
2016/05/17 18:22:03,5bf787674f8ef0dea9cdbace51328ca6b95e0411,174bd1e911cf5cc911ad8590857985bfae69f6b9,持卡人消费,超市商务子系统,-5.2,53.92,5356,正常
2016/05/18 08:13:25,5bf787674f8ef0dea9cdbace51328ca6b95e0411,174bd1e911cf5cc911ad8590857985bfae69f6b9,持卡人消费,学士楼商务网关,-2.4,51.52,5357,正常
2016/05/18 11:29:49,5bf787674f8ef0dea9cdbace51328ca6b95e0411,174bd1e911cf5cc911ad8590857985bfae69f6b9,持卡人消费,学苑楼商务网关,-7.0,44.52,5358,正常
2016/05/18 17:14:33,5bf787674f8ef0dea9cdbace51328ca6b95e0411,174bd1e911cf5cc911ad8590857985bfae69f6b9,持卡人消费,学士楼商务网关,-5.6,38.92,5359,正常
2016/05/19 14:28:56,5bf787674f8ef0dea9cdbace51328ca6b95e0411,174bd1e911cf5cc911ad8590857985bfae69f6b9,持卡人消费,15公寓浴池,-0.37,38.55,5361,正常
2016/05/19 14:31:27,5bf787674f8ef0dea9cdbace51328ca6b95e0411,174bd1e911cf5cc911ad8590857985bfae69f6b9,持卡人消费,15公寓浴池,-0.22,38.33,5363,正常
2016/05/19 14:34:55,5bf787674f8ef0dea9cdbace51328ca6b95e0411,174bd1e911cf5cc911ad8590857985bfae69f6b9,持卡人消费,15公寓浴池,-0.19,38.14,5365,正常
2016/05/19 14:36:32,5bf787674f8ef0dea9cdbace51328ca6b95e0411,174bd1e911cf5cc911ad8590857985bfae69f6b9,持卡人消费,15公寓浴池,-0.05,38.09,5367,正常
2016/05/19 14:39:28,5bf787674f8ef0dea9cdbace51328ca6b95e0411,174bd1e911cf5cc911ad8590857985bfae69f6b9,持卡人消费,15公寓浴池,-0.42,37.67,5369,正常
2016/05/19 14:41:49,5bf787674f8ef0dea9cdbace51328ca6b95e0411,174bd1e911cf5cc911ad8590857985bfae69f6b9,持卡人消费,15公寓浴池,-0.37,37.30,5371,正常
2016/05/19 20:46:57,5bf787674f8ef0dea9cdbace51328ca6b95e0411,174bd1e911cf5cc911ad8590857985bfae69f6b9,持卡人消费,超市商务子系统,-1.0,36.30,5372,正常
2016/05/20 08:24:15,5bf787674f8ef0dea9cdbace51328ca6b95e0411,174bd1e911cf5cc911ad8590857985bfae69f6b9,持卡人消费,学士楼商务网关,-2.4,33.90,5373,正常
2016/05/21 08:24:07,5bf787674f8ef0dea9cdbace51328ca6b95e0411,174bd1e911cf5cc911ad8590857985bfae69f6b9,持卡人消费,学士楼商务网关,-2.4,31.50,5374,正常
2016/05/21 11:17:11,5bf787674f8ef0dea9cdbace51328ca6b95e0411,174bd1e911cf5cc911ad8590857985bfae69f6b9,持卡人消费,学士楼商务网关,-4.1,27.40,5375,正常
2016/05/21 11:17:16,5bf787674f8ef0dea9cdbace51328ca6b95e0411,174bd1e911cf5cc911ad8590857985bfae69f6b9,持卡人消费,学士楼商务网关,-5.6,21.80,5376,正常
2016/05/22 11:17:46,5bf787674f8ef0dea9cdbace51328ca6b95e0411,174bd1e911cf5cc911ad8590857985bfae69f6b9,持卡人消费,学苑楼商务网关,-6.0,13.40,5378,正常
2016/05/22 17:29:35,5bf787674f8ef0dea9cdbace51328ca6b95e0411,174bd1e911cf5cc911ad8590857985bfae69f6b9,存款,卡中心综合业务,200.0,213.40,5379,正常
2016/05/22 17:36:30,5bf787674f8ef0dea9cdbace51328ca6b95e0411,174bd1e911cf5cc911ad8590857985bfae69f6b9,持卡人消费,学苑楼商务网关,-6.96,206.44,5380,正常
2016/05/22 18:41:27,5bf787674f8ef0dea9cdbace51328ca6b95e0411,174bd1e911cf5cc911ad8590857985bfae69f6b9,持卡人消费,15公寓浴池,-0.02,206.42,5382,正常
2016/05/22 18:42:10,5bf787674f8ef0dea9cdbace51328ca6b95e0411,174bd1e911cf5cc911ad8590857985bfae69f6b9,持卡人消费,15公寓浴池,-0.11,206.31,5384,正常
2016/05/22 18:44:08,5bf787674f8ef0dea9cdbace51328ca6b95e0411,174bd1e911cf5cc911ad8590857985bfae69f6b9,持卡人消费,15公寓浴池,-0.1,206.21,5386,正常
2016/05/22 18:47:09,5bf787674f8ef0dea9cdbace51328ca6b95e0411,174bd1e911cf5cc911ad8590857985bfae69f6b9,持卡人消费,15公寓浴池,-0.11,206.10,5388,正常
2016/05/22 18:48:14,5bf787674f8ef0dea9cdbace51328ca6b95e0411,174bd1e911cf5cc911ad8590857985bfae69f6b9,持卡人消费,15公寓浴池,-0.05,206.05,5390,正常
2016/05/22 18:51:40,5bf787674f8ef0dea9cdbace51328ca6b95e0411,174bd1e911cf5cc911ad8590857985bfae69f6b9,持卡人消费,15公寓浴池,-0.37,205.68,5392,正常
2016/05/22 18:54:35,5bf787674f8ef0dea9cdbace51328ca6b95e0411,174bd1e911cf5cc911ad8590857985bfae69f6b9,持卡人消费,15公寓浴池,-0.38,205.30,5394,正常
2016/05/23 11:21:19,5bf787674f8ef0dea9cdbace51328ca6b95e0411,174bd1e911cf5cc911ad8590857985bfae69f6b9,持卡人消费,超市商务子系统,-6.0,199.30,5395,正常
2016/05/23 11:27:16,5bf787674f8ef0dea9cdbace51328ca6b95e0411,174bd1e911cf5cc911ad8590857985bfae69f6b9,持卡人消费,学苑楼商务网关,-7.0,192.30,5396,正常
2016/05/23 17:28:30,5bf787674f8ef0dea9cdbace51328ca6b95e0411,174bd1e911cf5cc911ad8590857985bfae69f6b9,持卡人消费,学士楼商务网关,-6.6,185.70,5397,正常
2016/05/25 08:05:45,5bf787674f8ef0dea9cdbace51328ca6b95e0411,174bd1e911cf5cc911ad8590857985bfae69f6b9,持卡人消费,学士楼商务网关,-2.4,183.30,5398,正常
2016/05/25 17:22:09,5bf787674f8ef0dea9cdbace51328ca6b95e0411,174bd1e911cf5cc911ad8590857985bfae69f6b9,持卡人消费,学士楼商务网关,-5.6,177.70,5399,正常
2016/05/25 19:51:37,5bf787674f8ef0dea9cdbace51328ca6b95e0411,174bd1e911cf5cc911ad8590857985bfae69f6b9,持卡人消费,超市商务子系统,-5.8,171.90,5400,正常
2016/05/26 08:24:08,5bf787674f8ef0dea9cdbace51328ca6b95e0411,174bd1e911cf5cc911ad8590857985bfae69f6b9,持卡人消费,学士楼商务网关,-2.4,169.50,5401,正常
2016/05/26 17:24:16,5bf787674f8ef0dea9cdbace51328ca6b95e0411,174bd1e911cf5cc911ad8590857985bfae69f6b9,持卡人消费,学子超市园丁总店,-1.6,167.90,5402,正常
2016/05/26 20:24:17,5bf787674f8ef0dea9cdbace51328ca6b95e0411,174bd1e911cf5cc911ad8590857985bfae69f6b9,持卡人消费,15公寓浴池,-0.1,167.80,5404,正常
2016/05/26 20:25:29,5bf787674f8ef0dea9cdbace51328ca6b95e0411,174bd1e911cf5cc911ad8590857985bfae69f6b9,持卡人消费,15公寓浴池,-0.13,167.67,5406,正常
2016/05/26 20:27:44,5bf787674f8ef0dea9cdbace51328ca6b95e0411,174bd1e911cf5cc911ad8590857985bfae69f6b9,持卡人消费,15公寓浴池,-0.24,167.43,5408,正常
2016/05/26 20:30:55,5bf787674f8ef0dea9cdbace51328ca6b95e0411,174bd1e911cf5cc911ad8590857985bfae69f6b9,持卡人消费,15公寓浴池,-0.24,167.19,5410,正常
2016/05/26 20:33:24,5bf787674f8ef0dea9cdbace51328ca6b95e0411,174bd1e911cf5cc911ad8590857985bfae69f6b9,持卡人消费,15公寓浴池,-0.37,166.82,5412,正常
2016/05/27 08:18:28,5bf787674f8ef0dea9cdbace51328ca6b95e0411,174bd1e911cf5cc911ad8590857985bfae69f6b9,持卡人消费,学士楼商务网关,-2.8,164.02,5413,正常
2016/05/27 11:28:24,5bf787674f8ef0dea9cdbace51328ca6b95e0411,174bd1e911cf5cc911ad8590857985bfae69f6b9,持卡人消费,学苑楼商务网关,-6.0,158.02,5414,正常
2016/05/27 17:11:24,5bf787674f8ef0dea9cdbace51328ca6b95e0411,174bd1e911cf5cc911ad8590857985bfae69f6b9,持卡人消费,学子超市园丁总店,-1.6,156.42,5415,正常
2016/05/28 11:49:27,5bf787674f8ef0dea9cdbace51328ca6b95e0411,174bd1e911cf5cc911ad8590857985bfae69f6b9,持卡人消费,网络中心,-30.0,126.42,5416,正常
2016/05/28 17:26:05,5bf787674f8ef0dea9cdbace51328ca6b95e0411,174bd1e911cf5cc911ad8590857985bfae69f6b9,持卡人消费,学士楼商务网关,-5.6,120.82,5417,正常
2016/05/28 17:45:50,5bf787674f8ef0dea9cdbace51328ca6b95e0411,174bd1e911cf5cc911ad8590857985bfae69f6b9,持卡人消费,超市商务子系统,-2.6,118.22,5418,正常
2016/05/29 11:16:12,5bf787674f8ef0dea9cdbace51328ca6b95e0411,174bd1e911cf5cc911ad8590857985bfae69f6b9,持卡人消费,学士楼商务网关,-5.6,112.62,5419,正常
2016/05/29 17:44:20,5bf787674f8ef0dea9cdbace51328ca6b95e0411,174bd1e911cf5cc911ad8590857985bfae69f6b9,持卡人消费,学士楼商务网关,-4.6,108.02,5420,正常
2016/05/30 08:15:52,5bf787674f8ef0dea9cdbace51328ca6b95e0411,174bd1e911cf5cc911ad8590857985bfae69f6b9,持卡人消费,学士楼商务网关,-2.4,105.62,5421,正常
2016/05/30 11:28:47,5bf787674f8ef0dea9cdbace51328ca6b95e0411,174bd1e911cf5cc911ad8590857985bfae69f6b9,持卡人消费,学苑楼商务网关,-7.0,98.62,5422,正常
2016/05/30 11:29:58,5bf787674f8ef0dea9cdbace51328ca6b95e0411,174bd1e911cf5cc911ad8590857985bfae69f6b9,持卡人消费,学苑楼商务网关,-1.5,97.12,5423,正常
2016/05/30 15:48:22,5bf787674f8ef0dea9cdbace51328ca6b95e0411,174bd1e911cf5cc911ad8590857985bfae69f6b9,持卡人消费,15公寓浴池,-2.0,95.12,5424,正常
2016/05/30 15:50:39,5bf787674f8ef0dea9cdbace51328ca6b95e0411,174bd1e911cf5cc911ad8590857985bfae69f6b9,持卡人消费,15公寓浴池,-0.38,94.74,5426,正常
2016/05/30 16:31:23,5bf787674f8ef0dea9cdbace51328ca6b95e0411,174bd1e911cf5cc911ad8590857985bfae69f6b9,持卡人消费,15公寓浴池,-0.03,94.71,5428,正常
2016/05/30 16:31:35,5bf787674f8ef0dea9cdbace51328ca6b95e0411,174bd1e911cf5cc911ad8590857985bfae69f6b9,持卡人消费,15公寓浴池,-0.03,94.68,5430,正常
2016/05/30 16:31:57,5bf787674f8ef0dea9cdbace51328ca6b95e0411,174bd1e911cf5cc911ad8590857985bfae69f6b9,持卡人消费,15公寓浴池,-0.02,94.66,5432,正常
2016/05/30 16:32:32,5bf787674f8ef0dea9cdbace51328ca6b95e0411,174bd1e911cf5cc911ad8590857985bfae69f6b9,持卡人消费,15公寓浴池,-0.1,94.56,5434,正常
2016/05/30 16:33:23,5bf787674f8ef0dea9cdbace51328ca6b95e0411,174bd1e911cf5cc911ad8590857985bfae69f6b9,持卡人消费,15公寓浴池,-0.1,94.46,5436,正常
2016/05/30 16:36:28,5bf787674f8ef0dea9cdbace51328ca6b95e0411,174bd1e911cf5cc911ad8590857985bfae69f6b9,持卡人消费,15公寓浴池,-0.18,94.28,5438,正常
2016/05/30 16:37:41,5bf787674f8ef0dea9cdbace51328ca6b95e0411,174bd1e911cf5cc911ad8590857985bfae69f6b9,持卡人消费,15公寓浴池,-0.08,94.20,5440,正常
2016/05/30 16:40:36,5bf787674f8ef0dea9cdbace51328ca6b95e0411,174bd1e911cf5cc911ad8590857985bfae69f6b9,持卡人消费,15公寓浴池,-0.32,93.88,5442,正常
2016/05/30 16:44:29,5bf787674f8ef0dea9cdbace51328ca6b95e0411,174bd1e911cf5cc911ad8590857985bfae69f6b9,持卡人消费,15公寓浴池,-0.54,93.34,5444,正常
2016/05/30 17:34:19,5bf787674f8ef0dea9cdbace51328ca6b95e0411,174bd1e911cf5cc911ad8590857985bfae69f6b9,持卡人消费,学苑楼商务网关,-5.0,88.34,5445,正常
2016/05/30 17:37:11,5bf787674f8ef0dea9cdbace51328ca6b95e0411,174bd1e911cf5cc911ad8590857985bfae69f6b9,持卡人消费,学苑楼商务网关,-0.6,87.74,5446,正常
2016/05/31 08:16:27,5bf787674f8ef0dea9cdbace51328ca6b95e0411,174bd1e911cf5cc911ad8590857985bfae69f6b9,持卡人消费,学士楼商务网关,-2.4,85.34,5447,正常
2016/05/31 11:35:23,5bf787674f8ef0dea9cdbace51328ca6b95e0411,174bd1e911cf5cc911ad8590857985bfae69f6b9,持卡人消费,学苑楼商务网关,-8.0,77.34,5448,正常
2016/05/31 11:57:03,5bf787674f8ef0dea9cdbace51328ca6b95e0411,174bd1e911cf5cc911ad8590857985bfae69f6b9,持卡人消费,学苑楼商务网关,-8.0,69.34,5449,正常
2016/05/31 16:41:40,5bf787674f8ef0dea9cdbace51328ca6b95e0411,174bd1e911cf5cc911ad8590857985bfae69f6b9,持卡人消费,学子超市园丁总店,-1.6,67.74,5450,正常
