交易发生时间,学号,姓名,交易类型,子系统名称,交易额,现有余额,次数,状态
2016/05/09 17:38:01,fcda5972cdffa448cb3507902d78bd92aee8f61a,174bcab68deda43749442f67a5a78ced4fd86d54,存款,现金充值机,100.0,101.07,3467,正常
2016/05/09 18:00:04,fcda5972cdffa448cb3507902d78bd92aee8f61a,174bcab68deda43749442f67a5a78ced4fd86d54,持卡人消费,学苑楼商务网关,-7.5,93.57,3468,正常
2016/05/10 12:24:18,fcda5972cdffa448cb3507902d78bd92aee8f61a,174bcab68deda43749442f67a5a78ced4fd86d54,持卡人消费,学士楼商务网关,-3.1,90.47,3469,正常
2016/05/10 17:33:29,fcda5972cdffa448cb3507902d78bd92aee8f61a,174bcab68deda43749442f67a5a78ced4fd86d54,持卡人消费,学苑楼商务网关,-7.5,82.97,3470,正常
2016/05/10 17:45:40,fcda5972cdffa448cb3507902d78bd92aee8f61a,174bcab68deda43749442f67a5a78ced4fd86d54,持卡人消费,学苑楼商务网关,-8.0,74.97,3471,正常
2016/05/11 17:20:20,fcda5972cdffa448cb3507902d78bd92aee8f61a,174bcab68deda43749442f67a5a78ced4fd86d54,持卡人消费,学苑楼商务网关,-7.5,67.47,3472,正常
2016/05/12 13:04:40,fcda5972cdffa448cb3507902d78bd92aee8f61a,174bcab68deda43749442f67a5a78ced4fd86d54,持卡人消费,硕果园（工大商店）,-9.0,58.47,3473,正常
2016/05/13 17:38:52,fcda5972cdffa448cb3507902d78bd92aee8f61a,174bcab68deda43749442f67a5a78ced4fd86d54,持卡人消费,学士楼商务网关,-2.5,55.97,3474,正常
2016/05/13 17:38:54,fcda5972cdffa448cb3507902d78bd92aee8f61a,174bcab68deda43749442f67a5a78ced4fd86d54,持卡人消费,学士楼商务网关,-0.6,55.37,3475,正常
2016/05/13 17:40:03,fcda5972cdffa448cb3507902d78bd92aee8f61a,174bcab68deda43749442f67a5a78ced4fd86d54,持卡人消费,学士楼商务网关,-4.6,50.77,3476,正常
2016/05/13 17:51:47,fcda5972cdffa448cb3507902d78bd92aee8f61a,174bcab68deda43749442f67a5a78ced4fd86d54,持卡人消费,学士楼商务网关,-3.0,47.77,3477,正常
2016/05/14 11:22:06,fcda5972cdffa448cb3507902d78bd92aee8f61a,174bcab68deda43749442f67a5a78ced4fd86d54,持卡人消费,学士楼商务网关,-5.4,42.37,3478,正常
2016/05/15 11:25:59,fcda5972cdffa448cb3507902d78bd92aee8f61a,174bcab68deda43749442f67a5a78ced4fd86d54,持卡人消费,学士楼商务网关,-1.28,41.09,3479,正常
2016/05/15 02:28:17,fcda5972cdffa448cb3507902d78bd92aee8f61a,174bcab68deda43749442f67a5a78ced4fd86d54,持卡人消费,学士楼商务网关,-5.4,35.69,3480,正常
2016/05/15 18:01:52,fcda5972cdffa448cb3507902d78bd92aee8f61a,174bcab68deda43749442f67a5a78ced4fd86d54,持卡人消费,网络中心,-30.0,5.69,3481,正常
2016/05/17 12:18:54,fcda5972cdffa448cb3507902d78bd92aee8f61a,174bcab68deda43749442f67a5a78ced4fd86d54,存款,卡中心综合业务,200.0,205.69,3482,正常
2016/05/17 12:20:35,fcda5972cdffa448cb3507902d78bd92aee8f61a,174bcab68deda43749442f67a5a78ced4fd86d54,持卡人消费,学苑楼商务网关,-9.0,196.69,3483,正常
2016/05/17 17:26:20,fcda5972cdffa448cb3507902d78bd92aee8f61a,174bcab68deda43749442f67a5a78ced4fd86d54,持卡人消费,学苑楼商务网关,-14.0,182.69,3484,正常
2016/05/17 17:52:38,fcda5972cdffa448cb3507902d78bd92aee8f61a,174bcab68deda43749442f67a5a78ced4fd86d54,持卡人消费,学士楼商务网关,-4.0,178.69,3485,正常
2016/05/18 11:21:19,fcda5972cdffa448cb3507902d78bd92aee8f61a,174bcab68deda43749442f67a5a78ced4fd86d54,持卡人消费,学士楼商务网关,-4.6,174.09,3486,正常
2016/05/18 11:22:31,fcda5972cdffa448cb3507902d78bd92aee8f61a,174bcab68deda43749442f67a5a78ced4fd86d54,持卡人消费,学士楼商务网关,-4.37,169.72,3487,正常
2016/05/21 11:24:19,fcda5972cdffa448cb3507902d78bd92aee8f61a,174bcab68deda43749442f67a5a78ced4fd86d54,持卡人消费,学苑楼商务网关,-7.5,162.22,3488,正常
2016/05/21 17:27:37,fcda5972cdffa448cb3507902d78bd92aee8f61a,174bcab68deda43749442f67a5a78ced4fd86d54,持卡人消费,学苑楼商务网关,-14.0,148.22,3489,正常
2016/05/21 17:50:30,fcda5972cdffa448cb3507902d78bd92aee8f61a,174bcab68deda43749442f67a5a78ced4fd86d54,持卡人消费,超市商务子系统,-8.9,139.32,3490,正常
2016/05/23 11:35:28,fcda5972cdffa448cb3507902d78bd92aee8f61a,174bcab68deda43749442f67a5a78ced4fd86d54,持卡人消费,学苑楼商务网关,-7.5,131.82,3491,正常
2016/05/23 14:05:53,fcda5972cdffa448cb3507902d78bd92aee8f61a,174bcab68deda43749442f67a5a78ced4fd86d54,持卡人消费,超市商务子系统,-4.0,127.82,3492,正常
2016/05/23 17:36:09,fcda5972cdffa448cb3507902d78bd92aee8f61a,174bcab68deda43749442f67a5a78ced4fd86d54,持卡人消费,学苑楼商务网关,-14.0,113.82,3493,正常
2016/05/24 17:00:11,fcda5972cdffa448cb3507902d78bd92aee8f61a,174bcab68deda43749442f67a5a78ced4fd86d54,持卡人消费,学苑楼商务网关,-7.0,106.82,3494,正常
2016/05/24 17:01:37,fcda5972cdffa448cb3507902d78bd92aee8f61a,174bcab68deda43749442f67a5a78ced4fd86d54,持卡人消费,学苑楼商务网关,-0.8,106.02,3495,正常
2016/05/24 17:21:10,fcda5972cdffa448cb3507902d78bd92aee8f61a,174bcab68deda43749442f67a5a78ced4fd86d54,持卡人消费,超市商务子系统,-5.8,100.22,3496,正常
2016/05/25 11:34:40,fcda5972cdffa448cb3507902d78bd92aee8f61a,174bcab68deda43749442f67a5a78ced4fd86d54,持卡人消费,学苑楼商务网关,-14.0,86.22,3497,正常
2016/05/25 11:54:23,fcda5972cdffa448cb3507902d78bd92aee8f61a,174bcab68deda43749442f67a5a78ced4fd86d54,持卡人消费,超市商务子系统,-4.0,82.22,3498,正常
2016/05/25 17:27:43,fcda5972cdffa448cb3507902d78bd92aee8f61a,174bcab68deda43749442f67a5a78ced4fd86d54,持卡人消费,学苑楼商务网关,-7.5,74.72,3499,正常
2016/05/26 11:26:38,fcda5972cdffa448cb3507902d78bd92aee8f61a,174bcab68deda43749442f67a5a78ced4fd86d54,持卡人消费,学苑楼商务网关,-14.0,60.72,3500,正常
2016/05/26 18:53:26,fcda5972cdffa448cb3507902d78bd92aee8f61a,174bcab68deda43749442f67a5a78ced4fd86d54,持卡人消费,硕果园（工大商店）,-8.0,52.72,3501,正常
2016/05/28 07:28:28,fcda5972cdffa448cb3507902d78bd92aee8f61a,174bcab68deda43749442f67a5a78ced4fd86d54,持卡人消费,学士楼商务网关,-4.5,48.22,3502,正常
2016/05/28 11:46:18,fcda5972cdffa448cb3507902d78bd92aee8f61a,174bcab68deda43749442f67a5a78ced4fd86d54,持卡人消费,九食堂商务网关,-8.0,40.22,3503,正常
2016/05/28 17:09:44,fcda5972cdffa448cb3507902d78bd92aee8f61a,174bcab68deda43749442f67a5a78ced4fd86d54,持卡人消费,超市商务子系统,-6.0,34.22,3504,正常
2016/05/29 11:05:24,fcda5972cdffa448cb3507902d78bd92aee8f61a,174bcab68deda43749442f67a5a78ced4fd86d54,持卡人消费,学苑楼商务网关,-7.5,26.72,3505,正常
2016/05/29 11:20:47,fcda5972cdffa448cb3507902d78bd92aee8f61a,174bcab68deda43749442f67a5a78ced4fd86d54,持卡人消费,超市商务子系统,-7.0,19.72,3506,正常
2016/05/30 17:53:57,fcda5972cdffa448cb3507902d78bd92aee8f61a,174bcab68deda43749442f67a5a78ced4fd86d54,持卡人消费,学士楼商务网关,-3.6,16.12,3507,正常
2016/05/30 17:54:49,fcda5972cdffa448cb3507902d78bd92aee8f61a,174bcab68deda43749442f67a5a78ced4fd86d54,持卡人消费,学士楼商务网关,-2.0,14.12,3508,正常
2016/05/31 11:53:40,fcda5972cdffa448cb3507902d78bd92aee8f61a,174bcab68deda43749442f67a5a78ced4fd86d54,持卡人消费,学苑楼商务网关,-14.0,0.12,3509,正常
2016/05/31 11:54:17,fcda5972cdffa448cb3507902d78bd92aee8f61a,174bcab68deda43749442f67a5a78ced4fd86d54,存款,现金充值机,200.0,200.12,3510,正常
