交易发生时间,学号,姓名,交易类型,子系统名称,交易额,现有余额,次数,状态
2016/05/03 10:29:44,6c34bf2b73dad53c478f405385dad22b8d586d49,1753e4d0c46f7f256da29fed3cf1958755dffc94,持卡人消费,超市商务子系统,-6.7,66.24,1972,正常
2016/05/03 10:30:57,6c34bf2b73dad53c478f405385dad22b8d586d49,1753e4d0c46f7f256da29fed3cf1958755dffc94,持卡人消费,超市商务子系统,-3.1,63.14,1973,正常
2016/05/03 10:33:03,6c34bf2b73dad53c478f405385dad22b8d586d49,1753e4d0c46f7f256da29fed3cf1958755dffc94,持卡人消费,超市商务子系统,-4.0,59.14,1974,正常
2016/05/10 10:26:49,6c34bf2b73dad53c478f405385dad22b8d586d49,1753e4d0c46f7f256da29fed3cf1958755dffc94,持卡人消费,超市商务子系统,-4.0,55.14,1975,正常
2016/05/10 10:28:30,6c34bf2b73dad53c478f405385dad22b8d586d49,1753e4d0c46f7f256da29fed3cf1958755dffc94,持卡人消费,超市商务子系统,-5.1,50.04,1976,正常
2016/05/10 10:29:48,6c34bf2b73dad53c478f405385dad22b8d586d49,1753e4d0c46f7f256da29fed3cf1958755dffc94,持卡人消费,超市商务子系统,-39.1,10.94,1977,正常
