交易发生时间,学号,姓名,交易类型,子系统名称,交易额,现有余额,次数,状态
2016/05/01 15:34:43,8d615b67eb58d7c5907e7e1c4549458ba6d700bf,17571f189e63113b2c2aed5d78ae1d2a129b84b1,持卡人消费,学子便利店A01后楼,-13.6,28.65,3593,正常
2016/05/03 11:39:41,8d615b67eb58d7c5907e7e1c4549458ba6d700bf,17571f189e63113b2c2aed5d78ae1d2a129b84b1,持卡人消费,学士楼商务网关,-7.0,21.65,3594,正常
2016/05/04 12:25:31,8d615b67eb58d7c5907e7e1c4549458ba6d700bf,17571f189e63113b2c2aed5d78ae1d2a129b84b1,持卡人消费,学士楼商务网关,-7.0,14.65,3595,正常
2016/05/04 12:47:52,8d615b67eb58d7c5907e7e1c4549458ba6d700bf,17571f189e63113b2c2aed5d78ae1d2a129b84b1,持卡人消费,超市商务子系统,-0.1,14.55,3596,正常
2016/05/04 12:48:54,8d615b67eb58d7c5907e7e1c4549458ba6d700bf,17571f189e63113b2c2aed5d78ae1d2a129b84b1,持卡人消费,超市商务子系统,-0.5,14.05,3597,正常
2016/05/04 12:48:56,8d615b67eb58d7c5907e7e1c4549458ba6d700bf,17571f189e63113b2c2aed5d78ae1d2a129b84b1,持卡人消费,超市商务子系统,-0.2,13.85,3598,正常
2016/05/05 08:09:47,8d615b67eb58d7c5907e7e1c4549458ba6d700bf,17571f189e63113b2c2aed5d78ae1d2a129b84b1,持卡人消费,学士楼商务网关,-2.0,11.85,3599,正常
2016/05/05 08:10:54,8d615b67eb58d7c5907e7e1c4549458ba6d700bf,17571f189e63113b2c2aed5d78ae1d2a129b84b1,持卡人消费,学士楼商务网关,-1.5,10.35,3600,正常
2016/05/05 11:52:54,8d615b67eb58d7c5907e7e1c4549458ba6d700bf,17571f189e63113b2c2aed5d78ae1d2a129b84b1,存款,现金充值机,100.0,110.35,3601,正常
2016/05/05 12:13:45,8d615b67eb58d7c5907e7e1c4549458ba6d700bf,17571f189e63113b2c2aed5d78ae1d2a129b84b1,持卡人消费,学苑楼商务网关,-13.3,97.05,3602,正常
2016/05/05 12:16:19,8d615b67eb58d7c5907e7e1c4549458ba6d700bf,17571f189e63113b2c2aed5d78ae1d2a129b84b1,持卡人消费,学士楼商务网关,-7.0,90.05,3603,正常
2016/05/05 19:15:04,8d615b67eb58d7c5907e7e1c4549458ba6d700bf,17571f189e63113b2c2aed5d78ae1d2a129b84b1,持卡人消费,硕果园（工大商店）,-10.0,80.05,3604,正常
2016/05/05 19:41:43,8d615b67eb58d7c5907e7e1c4549458ba6d700bf,17571f189e63113b2c2aed5d78ae1d2a129b84b1,持卡人消费,学士楼商务网关,-3.1,76.95,3605,正常
2016/05/05 22:10:06,8d615b67eb58d7c5907e7e1c4549458ba6d700bf,17571f189e63113b2c2aed5d78ae1d2a129b84b1,持卡人消费,学子便利店A01后楼,-9.4,67.55,3606,正常
2016/05/06 12:06:25,8d615b67eb58d7c5907e7e1c4549458ba6d700bf,17571f189e63113b2c2aed5d78ae1d2a129b84b1,持卡人消费,学士楼商务网关,-8.0,59.55,3607,正常
2016/05/07 13:01:54,8d615b67eb58d7c5907e7e1c4549458ba6d700bf,17571f189e63113b2c2aed5d78ae1d2a129b84b1,持卡人消费,学士楼商务网关,-8.0,51.55,3608,正常
2016/05/08 11:34:04,8d615b67eb58d7c5907e7e1c4549458ba6d700bf,17571f189e63113b2c2aed5d78ae1d2a129b84b1,持卡人消费,学士楼商务网关,-3.3,48.25,3609,正常
2016/05/08 11:35:29,8d615b67eb58d7c5907e7e1c4549458ba6d700bf,17571f189e63113b2c2aed5d78ae1d2a129b84b1,持卡人消费,学士楼商务网关,-3.0,45.25,3610,正常
2016/05/08 16:33:11,8d615b67eb58d7c5907e7e1c4549458ba6d700bf,17571f189e63113b2c2aed5d78ae1d2a129b84b1,持卡人消费,学士楼商务网关,-8.0,37.25,3611,正常
2016/05/09 11:13:07,8d615b67eb58d7c5907e7e1c4549458ba6d700bf,17571f189e63113b2c2aed5d78ae1d2a129b84b1,持卡人消费,学士楼商务网关,-8.0,29.25,3612,正常
2016/05/09 11:34:50,8d615b67eb58d7c5907e7e1c4549458ba6d700bf,17571f189e63113b2c2aed5d78ae1d2a129b84b1,持卡人消费,学子便利店A01后楼,-6.8,22.45,3613,正常
2016/05/10 18:17:57,8d615b67eb58d7c5907e7e1c4549458ba6d700bf,17571f189e63113b2c2aed5d78ae1d2a129b84b1,持卡人消费,学士楼商务网关,-8.0,14.45,3614,正常
2016/05/11 11:53:32,8d615b67eb58d7c5907e7e1c4549458ba6d700bf,17571f189e63113b2c2aed5d78ae1d2a129b84b1,持卡人消费,学士楼商务网关,-8.0,6.45,3615,正常
2016/05/11 11:49:05,8d615b67eb58d7c5907e7e1c4549458ba6d700bf,17571f189e63113b2c2aed5d78ae1d2a129b84b1,存款,现金充值机,100.0,106.45,3616,正常
2016/05/11 12:14:02,8d615b67eb58d7c5907e7e1c4549458ba6d700bf,17571f189e63113b2c2aed5d78ae1d2a129b84b1,持卡人消费,一区图书馆APOS,-2.8,103.65,3617,正常
2016/05/11 12:57:42,8d615b67eb58d7c5907e7e1c4549458ba6d700bf,17571f189e63113b2c2aed5d78ae1d2a129b84b1,持卡人消费,身份前置机,-0.03,103.62,3618,正常
2016/05/11 17:52:46,8d615b67eb58d7c5907e7e1c4549458ba6d700bf,17571f189e63113b2c2aed5d78ae1d2a129b84b1,持卡人消费,学士楼商务网关,-4.3,99.32,3619,正常
2016/05/11 17:53:52,8d615b67eb58d7c5907e7e1c4549458ba6d700bf,17571f189e63113b2c2aed5d78ae1d2a129b84b1,持卡人消费,学士楼商务网关,-1.0,98.32,3620,正常
2016/05/12 12:34:31,8d615b67eb58d7c5907e7e1c4549458ba6d700bf,17571f189e63113b2c2aed5d78ae1d2a129b84b1,持卡人消费,学士楼商务网关,-7.0,91.32,3621,正常
2016/05/14 11:53:23,8d615b67eb58d7c5907e7e1c4549458ba6d700bf,17571f189e63113b2c2aed5d78ae1d2a129b84b1,持卡人消费,学苑楼商务网关,-6.0,85.32,3622,正常
2016/05/14 11:54:44,8d615b67eb58d7c5907e7e1c4549458ba6d700bf,17571f189e63113b2c2aed5d78ae1d2a129b84b1,持卡人消费,学苑楼商务网关,-3.0,82.32,3623,正常
2016/05/14 12:08:13,8d615b67eb58d7c5907e7e1c4549458ba6d700bf,17571f189e63113b2c2aed5d78ae1d2a129b84b1,持卡人消费,学苑楼商务网关,-13.5,68.82,3624,正常
2016/05/14 18:11:30,8d615b67eb58d7c5907e7e1c4549458ba6d700bf,17571f189e63113b2c2aed5d78ae1d2a129b84b1,持卡人消费,学士楼商务网关,-8.0,60.82,3625,正常
2016/05/14 18:36:07,8d615b67eb58d7c5907e7e1c4549458ba6d700bf,17571f189e63113b2c2aed5d78ae1d2a129b84b1,持卡人消费,超市商务子系统,-16.7,44.12,3626,正常
2016/05/15 12:16:30,8d615b67eb58d7c5907e7e1c4549458ba6d700bf,17571f189e63113b2c2aed5d78ae1d2a129b84b1,持卡人消费,学苑楼商务网关,-7.0,37.12,3627,正常
2016/05/15 17:41:12,8d615b67eb58d7c5907e7e1c4549458ba6d700bf,17571f189e63113b2c2aed5d78ae1d2a129b84b1,持卡人消费,学子楼商务网关,-8.6,28.52,3628,正常
2016/05/16 12:41:45,8d615b67eb58d7c5907e7e1c4549458ba6d700bf,17571f189e63113b2c2aed5d78ae1d2a129b84b1,持卡人消费,硕果园（工大商店）,-10.0,18.52,3629,正常
2016/05/16 13:04:44,8d615b67eb58d7c5907e7e1c4549458ba6d700bf,17571f189e63113b2c2aed5d78ae1d2a129b84b1,持卡人消费,硕果园（工大商店）,-5.0,13.52,3630,正常
2016/05/17 17:05:19,8d615b67eb58d7c5907e7e1c4549458ba6d700bf,17571f189e63113b2c2aed5d78ae1d2a129b84b1,持卡人消费,15公寓浴池,-1.26,12.26,3632,正常
2016/05/20 11:33:29,8d615b67eb58d7c5907e7e1c4549458ba6d700bf,17571f189e63113b2c2aed5d78ae1d2a129b84b1,存款,学苑楼综合业务2,100.0,112.26,3633,正常
2016/05/20 11:35:23,8d615b67eb58d7c5907e7e1c4549458ba6d700bf,17571f189e63113b2c2aed5d78ae1d2a129b84b1,持卡人消费,学苑楼商务网关,-8.0,104.26,3634,正常
2016/05/21 10:57:47,8d615b67eb58d7c5907e7e1c4549458ba6d700bf,17571f189e63113b2c2aed5d78ae1d2a129b84b1,持卡人消费,学士楼商务网关,-8.0,96.26,3635,正常
2016/05/21 11:08:13,8d615b67eb58d7c5907e7e1c4549458ba6d700bf,17571f189e63113b2c2aed5d78ae1d2a129b84b1,持卡人消费,学士楼商务网关,-3.0,93.26,3636,正常
2016/05/23 12:58:01,8d615b67eb58d7c5907e7e1c4549458ba6d700bf,17571f189e63113b2c2aed5d78ae1d2a129b84b1,持卡人消费,网络中心,-30.0,63.26,3637,正常
2016/05/23 17:21:17,8d615b67eb58d7c5907e7e1c4549458ba6d700bf,17571f189e63113b2c2aed5d78ae1d2a129b84b1,持卡人消费,15公寓浴池,-1.7,61.56,3639,正常
2016/05/24 11:39:50,8d615b67eb58d7c5907e7e1c4549458ba6d700bf,17571f189e63113b2c2aed5d78ae1d2a129b84b1,持卡人消费,学士楼商务网关,-8.0,53.56,3640,正常
2016/05/24 11:40:19,8d615b67eb58d7c5907e7e1c4549458ba6d700bf,17571f189e63113b2c2aed5d78ae1d2a129b84b1,持卡人消费,学士楼商务网关,-2.0,51.56,3641,正常
2016/05/24 18:00:31,8d615b67eb58d7c5907e7e1c4549458ba6d700bf,17571f189e63113b2c2aed5d78ae1d2a129b84b1,持卡人消费,学子超市园丁总店,-6.8,44.76,3642,正常
2016/05/25 17:39:00,8d615b67eb58d7c5907e7e1c4549458ba6d700bf,17571f189e63113b2c2aed5d78ae1d2a129b84b1,持卡人消费,15公寓浴池,-1.76,43.00,3644,正常
2016/05/26 12:01:36,8d615b67eb58d7c5907e7e1c4549458ba6d700bf,17571f189e63113b2c2aed5d78ae1d2a129b84b1,持卡人消费,学苑楼商务网关,-4.8,38.20,3645,正常
2016/05/26 12:02:21,8d615b67eb58d7c5907e7e1c4549458ba6d700bf,17571f189e63113b2c2aed5d78ae1d2a129b84b1,持卡人消费,学苑楼商务网关,-4.0,34.20,3646,正常
2016/05/28 13:28:45,8d615b67eb58d7c5907e7e1c4549458ba6d700bf,17571f189e63113b2c2aed5d78ae1d2a129b84b1,持卡人消费,硕果园（工大商店）,-11.0,23.20,3647,正常
