交易发生时间,学号,姓名,交易类型,子系统名称,交易额,现有余额,次数,状态
2016/05/04 17:32:01,868c0e560d616b194ca23ffe99fb837862bb9f57,17bd7a0a0451229b00a85bc57756677ed6ad54bf,存款,卡中心综合业务,100.0,101.20,5221,正常
2016/05/05 07:27:31,868c0e560d616b194ca23ffe99fb837862bb9f57,17bd7a0a0451229b00a85bc57756677ed6ad54bf,持卡人消费,超市商务子系统,-2.0,99.20,5222,正常
2016/05/05 12:10:53,868c0e560d616b194ca23ffe99fb837862bb9f57,17bd7a0a0451229b00a85bc57756677ed6ad54bf,持卡人消费,学士楼商务网关,-3.6,95.60,5223,正常
2016/05/05 12:11:50,868c0e560d616b194ca23ffe99fb837862bb9f57,17bd7a0a0451229b00a85bc57756677ed6ad54bf,持卡人消费,学士楼商务网关,-1.0,94.60,5224,正常
2016/05/05 12:22:00,868c0e560d616b194ca23ffe99fb837862bb9f57,17bd7a0a0451229b00a85bc57756677ed6ad54bf,持卡人消费,学士楼商务网关,-2.5,92.10,5225,正常
2016/05/05 12:44:35,868c0e560d616b194ca23ffe99fb837862bb9f57,17bd7a0a0451229b00a85bc57756677ed6ad54bf,持卡人消费,一区图书馆APOS,-2.55,89.55,5226,正常
2016/05/05 20:23:05,868c0e560d616b194ca23ffe99fb837862bb9f57,17bd7a0a0451229b00a85bc57756677ed6ad54bf,持卡人消费,15公寓浴池,-0.03,89.52,5228,正常
2016/05/05 20:24:39,868c0e560d616b194ca23ffe99fb837862bb9f57,17bd7a0a0451229b00a85bc57756677ed6ad54bf,持卡人消费,15公寓浴池,-0.24,89.28,5230,正常
2016/05/05 20:36:30,868c0e560d616b194ca23ffe99fb837862bb9f57,17bd7a0a0451229b00a85bc57756677ed6ad54bf,持卡人消费,15公寓浴池,-2.0,87.28,5231,正常
2016/05/05 20:39:58,868c0e560d616b194ca23ffe99fb837862bb9f57,17bd7a0a0451229b00a85bc57756677ed6ad54bf,持卡人消费,15公寓浴池,-0.64,86.64,5233,正常
2016/05/07 19:12:56,868c0e560d616b194ca23ffe99fb837862bb9f57,17bd7a0a0451229b00a85bc57756677ed6ad54bf,持卡人消费,15公寓浴池,-0.43,86.21,5235,正常
2016/05/07 19:15:59,868c0e560d616b194ca23ffe99fb837862bb9f57,17bd7a0a0451229b00a85bc57756677ed6ad54bf,持卡人消费,15公寓浴池,-0.35,85.86,5237,正常
2016/05/07 19:20:13,868c0e560d616b194ca23ffe99fb837862bb9f57,17bd7a0a0451229b00a85bc57756677ed6ad54bf,持卡人消费,15公寓浴池,-0.61,85.25,5239,正常
2016/05/07 19:22:25,868c0e560d616b194ca23ffe99fb837862bb9f57,17bd7a0a0451229b00a85bc57756677ed6ad54bf,持卡人消费,15公寓浴池,-0.16,85.09,5241,正常
2016/05/07 19:29:19,868c0e560d616b194ca23ffe99fb837862bb9f57,17bd7a0a0451229b00a85bc57756677ed6ad54bf,持卡人消费,15公寓浴池,-1.07,84.02,5243,正常
2016/05/08 07:24:04,868c0e560d616b194ca23ffe99fb837862bb9f57,17bd7a0a0451229b00a85bc57756677ed6ad54bf,持卡人消费,超市商务子系统,-2.0,82.02,5244,正常
2016/05/08 17:10:12,868c0e560d616b194ca23ffe99fb837862bb9f57,17bd7a0a0451229b00a85bc57756677ed6ad54bf,持卡人消费,学士楼商务网关,-3.5,78.52,5245,正常
2016/05/09 07:29:12,868c0e560d616b194ca23ffe99fb837862bb9f57,17bd7a0a0451229b00a85bc57756677ed6ad54bf,持卡人消费,超市商务子系统,-1.0,77.52,5246,正常
2016/05/09 17:18:29,868c0e560d616b194ca23ffe99fb837862bb9f57,17bd7a0a0451229b00a85bc57756677ed6ad54bf,持卡人消费,学士楼商务网关,-7.6,69.92,5247,正常
2016/05/09 17:48:47,868c0e560d616b194ca23ffe99fb837862bb9f57,17bd7a0a0451229b00a85bc57756677ed6ad54bf,持卡人消费,超市商务子系统,-15.6,54.32,5248,正常
2016/05/10 19:15:56,868c0e560d616b194ca23ffe99fb837862bb9f57,17bd7a0a0451229b00a85bc57756677ed6ad54bf,持卡人消费,15公寓浴池,-0.32,54.00,5250,正常
2016/05/10 19:19:40,868c0e560d616b194ca23ffe99fb837862bb9f57,17bd7a0a0451229b00a85bc57756677ed6ad54bf,持卡人消费,15公寓浴池,-0.48,53.52,5252,正常
2016/05/10 19:23:42,868c0e560d616b194ca23ffe99fb837862bb9f57,17bd7a0a0451229b00a85bc57756677ed6ad54bf,持卡人消费,15公寓浴池,-0.5,53.02,5254,正常
2016/05/10 19:28:15,868c0e560d616b194ca23ffe99fb837862bb9f57,17bd7a0a0451229b00a85bc57756677ed6ad54bf,持卡人消费,15公寓浴池,-0.64,52.38,5256,正常
2016/05/10 19:31:53,868c0e560d616b194ca23ffe99fb837862bb9f57,17bd7a0a0451229b00a85bc57756677ed6ad54bf,持卡人消费,15公寓浴池,-0.59,51.79,5258,正常
2016/05/11 11:30:30,868c0e560d616b194ca23ffe99fb837862bb9f57,17bd7a0a0451229b00a85bc57756677ed6ad54bf,持卡人消费,学士楼商务网关,-8.0,43.79,5259,正常
2016/05/11 11:34:05,868c0e560d616b194ca23ffe99fb837862bb9f57,17bd7a0a0451229b00a85bc57756677ed6ad54bf,持卡人消费,学士楼商务网关,-6.6,37.19,5260,正常
2016/05/14 08:00:26,868c0e560d616b194ca23ffe99fb837862bb9f57,17bd7a0a0451229b00a85bc57756677ed6ad54bf,持卡人消费,超市商务子系统,-1.0,36.19,5261,正常
2016/05/16 20:03:57,868c0e560d616b194ca23ffe99fb837862bb9f57,17bd7a0a0451229b00a85bc57756677ed6ad54bf,持卡人消费,15公寓浴池,-0.27,35.92,5263,正常
2016/05/16 20:07:51,868c0e560d616b194ca23ffe99fb837862bb9f57,17bd7a0a0451229b00a85bc57756677ed6ad54bf,持卡人消费,15公寓浴池,-0.46,35.46,5265,正常
2016/05/16 20:17:59,868c0e560d616b194ca23ffe99fb837862bb9f57,17bd7a0a0451229b00a85bc57756677ed6ad54bf,持卡人消费,15公寓浴池,-1.74,33.72,5267,正常
2016/05/17 11:54:54,868c0e560d616b194ca23ffe99fb837862bb9f57,17bd7a0a0451229b00a85bc57756677ed6ad54bf,持卡人消费,学士楼商务网关,-7.6,26.12,5268,正常
2016/05/17 22:07:20,868c0e560d616b194ca23ffe99fb837862bb9f57,17bd7a0a0451229b00a85bc57756677ed6ad54bf,持卡人消费,A15,-3.0,23.12,5269,正常
2016/05/18 11:57:29,868c0e560d616b194ca23ffe99fb837862bb9f57,17bd7a0a0451229b00a85bc57756677ed6ad54bf,持卡人消费,学子楼商务网关,-4.6,18.52,5270,正常
2016/05/18 11:57:49,868c0e560d616b194ca23ffe99fb837862bb9f57,17bd7a0a0451229b00a85bc57756677ed6ad54bf,持卡人消费,学子楼商务网关,-1.0,17.52,5271,正常
2016/05/19 13:24:35,868c0e560d616b194ca23ffe99fb837862bb9f57,17bd7a0a0451229b00a85bc57756677ed6ad54bf,持卡人消费,学士楼商务网关,-6.7,10.82,5272,正常
2016/05/20 12:37:05,868c0e560d616b194ca23ffe99fb837862bb9f57,17bd7a0a0451229b00a85bc57756677ed6ad54bf,持卡人消费,学士楼商务网关,-4.1,6.72,5273,正常
2016/05/20 12:38:53,868c0e560d616b194ca23ffe99fb837862bb9f57,17bd7a0a0451229b00a85bc57756677ed6ad54bf,持卡人消费,学士楼商务网关,-2.0,4.72,5274,正常
2016/05/21 07:44:40,868c0e560d616b194ca23ffe99fb837862bb9f57,17bd7a0a0451229b00a85bc57756677ed6ad54bf,存款,卡中心综合业务,100.0,104.72,5275,正常
2016/05/21 07:45:36,868c0e560d616b194ca23ffe99fb837862bb9f57,17bd7a0a0451229b00a85bc57756677ed6ad54bf,持卡人消费,学苑楼商务网关,-9.0,95.72,5276,正常
2016/05/22 08:40:18,868c0e560d616b194ca23ffe99fb837862bb9f57,17bd7a0a0451229b00a85bc57756677ed6ad54bf,持卡人消费,超市商务子系统,-2.0,93.72,5277,正常
2016/05/22 20:30:05,868c0e560d616b194ca23ffe99fb837862bb9f57,17bd7a0a0451229b00a85bc57756677ed6ad54bf,持卡人消费,15公寓浴池,-0.19,93.53,5279,正常
2016/05/22 20:33:40,868c0e560d616b194ca23ffe99fb837862bb9f57,17bd7a0a0451229b00a85bc57756677ed6ad54bf,持卡人消费,15公寓浴池,-0.4,93.13,5281,正常
2016/05/22 20:39:03,868c0e560d616b194ca23ffe99fb837862bb9f57,17bd7a0a0451229b00a85bc57756677ed6ad54bf,持卡人消费,15公寓浴池,-0.77,92.36,5283,正常
2016/05/24 12:34:36,868c0e560d616b194ca23ffe99fb837862bb9f57,17bd7a0a0451229b00a85bc57756677ed6ad54bf,持卡人消费,硕果园（工大商店）,-13.0,79.36,5284,正常
2016/05/24 17:19:52,868c0e560d616b194ca23ffe99fb837862bb9f57,17bd7a0a0451229b00a85bc57756677ed6ad54bf,持卡人消费,网络中心,-30.0,49.36,5285,正常
2016/05/25 06:54:11,868c0e560d616b194ca23ffe99fb837862bb9f57,17bd7a0a0451229b00a85bc57756677ed6ad54bf,持卡人消费,超市商务子系统,-1.0,48.36,5286,正常
2016/05/25 12:34:23,868c0e560d616b194ca23ffe99fb837862bb9f57,17bd7a0a0451229b00a85bc57756677ed6ad54bf,持卡人消费,硕果园（工大商店）,-10.0,38.36,5287,正常
2016/05/25 19:05:38,868c0e560d616b194ca23ffe99fb837862bb9f57,17bd7a0a0451229b00a85bc57756677ed6ad54bf,持卡人消费,15公寓浴池,-0.32,38.04,5289,正常
2016/05/25 19:10:24,868c0e560d616b194ca23ffe99fb837862bb9f57,17bd7a0a0451229b00a85bc57756677ed6ad54bf,持卡人消费,15公寓浴池,-0.56,37.48,5291,正常
2016/05/25 19:13:25,868c0e560d616b194ca23ffe99fb837862bb9f57,17bd7a0a0451229b00a85bc57756677ed6ad54bf,持卡人消费,15公寓浴池,-0.35,37.13,5293,正常
2016/05/25 19:15:33,868c0e560d616b194ca23ffe99fb837862bb9f57,17bd7a0a0451229b00a85bc57756677ed6ad54bf,持卡人消费,15公寓浴池,-0.16,36.97,5295,正常
2016/05/25 19:17:42,868c0e560d616b194ca23ffe99fb837862bb9f57,17bd7a0a0451229b00a85bc57756677ed6ad54bf,持卡人消费,15公寓浴池,-0.19,36.78,5297,正常
2016/05/25 19:22:06,868c0e560d616b194ca23ffe99fb837862bb9f57,17bd7a0a0451229b00a85bc57756677ed6ad54bf,持卡人消费,15公寓浴池,-0.72,36.06,5299,正常
2016/05/26 06:55:02,868c0e560d616b194ca23ffe99fb837862bb9f57,17bd7a0a0451229b00a85bc57756677ed6ad54bf,持卡人消费,超市商务子系统,-1.0,35.06,5300,正常
2016/05/27 20:36:47,868c0e560d616b194ca23ffe99fb837862bb9f57,17bd7a0a0451229b00a85bc57756677ed6ad54bf,持卡人消费,15公寓浴池,-0.35,34.71,5302,正常
2016/05/27 20:43:12,868c0e560d616b194ca23ffe99fb837862bb9f57,17bd7a0a0451229b00a85bc57756677ed6ad54bf,持卡人消费,15公寓浴池,-0.83,33.88,5304,正常
2016/05/27 20:48:26,868c0e560d616b194ca23ffe99fb837862bb9f57,17bd7a0a0451229b00a85bc57756677ed6ad54bf,持卡人消费,15公寓浴池,-0.72,33.16,5306,正常
2016/05/27 20:49:08,868c0e560d616b194ca23ffe99fb837862bb9f57,17bd7a0a0451229b00a85bc57756677ed6ad54bf,持卡人消费,15公寓浴池,-0.06,33.10,5308,正常
2016/05/29 20:32:41,868c0e560d616b194ca23ffe99fb837862bb9f57,17bd7a0a0451229b00a85bc57756677ed6ad54bf,持卡人消费,15公寓浴池,-0.27,32.83,5310,正常
2016/05/29 20:36:27,868c0e560d616b194ca23ffe99fb837862bb9f57,17bd7a0a0451229b00a85bc57756677ed6ad54bf,持卡人消费,15公寓浴池,-0.38,32.45,5312,正常
2016/05/29 20:47:58,868c0e560d616b194ca23ffe99fb837862bb9f57,17bd7a0a0451229b00a85bc57756677ed6ad54bf,持卡人消费,15公寓浴池,-1.92,30.53,5314,正常
2016/05/31 11:24:54,868c0e560d616b194ca23ffe99fb837862bb9f57,17bd7a0a0451229b00a85bc57756677ed6ad54bf,持卡人消费,学士楼商务网关,-7.6,22.93,5315,正常
2016/05/31 17:49:22,868c0e560d616b194ca23ffe99fb837862bb9f57,17bd7a0a0451229b00a85bc57756677ed6ad54bf,持卡人消费,学苑楼商务网关,-5.0,17.93,5316,正常
2016/05/31 18:01:24,868c0e560d616b194ca23ffe99fb837862bb9f57,17bd7a0a0451229b00a85bc57756677ed6ad54bf,存款,卡中心综合业务,50.0,67.93,5317,正常
2016/05/31 18:03:16,868c0e560d616b194ca23ffe99fb837862bb9f57,17bd7a0a0451229b00a85bc57756677ed6ad54bf,持卡人消费,超市商务子系统,-9.0,58.93,5318,正常
2016/05/31 18:03:37,868c0e560d616b194ca23ffe99fb837862bb9f57,17bd7a0a0451229b00a85bc57756677ed6ad54bf,持卡人消费,超市商务子系统,-5.0,53.93,5319,正常
2016/05/31 18:45:44,868c0e560d616b194ca23ffe99fb837862bb9f57,17bd7a0a0451229b00a85bc57756677ed6ad54bf,持卡人消费,15公寓浴池,-0.27,53.66,5321,正常
2016/05/31 18:48:25,868c0e560d616b194ca23ffe99fb837862bb9f57,17bd7a0a0451229b00a85bc57756677ed6ad54bf,持卡人消费,15公寓浴池,-0.22,53.44,5323,正常
2016/05/31 18:59:15,868c0e560d616b194ca23ffe99fb837862bb9f57,17bd7a0a0451229b00a85bc57756677ed6ad54bf,持卡人消费,15公寓浴池,-1.84,51.60,5325,正常
