交易发生时间,学号,姓名,交易类型,子系统名称,交易额,现有余额,次数,状态
2016/05/01 18:11:56,6ce0b9c046b25df18f408b94dc80006c6eb5ef0c,1886e2e27f1cb2411cc7d02498f863fe5c8e89b4,存款,学苑楼综合业务3,50.0,51.30,3878,正常
2016/05/01 18:13:43,6ce0b9c046b25df18f408b94dc80006c6eb5ef0c,1886e2e27f1cb2411cc7d02498f863fe5c8e89b4,持卡人消费,学苑楼商务网关,-8.0,43.30,3879,正常
2016/05/01 18:15:07,6ce0b9c046b25df18f408b94dc80006c6eb5ef0c,1886e2e27f1cb2411cc7d02498f863fe5c8e89b4,持卡人消费,学苑楼商务网关,-1.5,41.80,3880,正常
2016/05/02 11:12:37,6ce0b9c046b25df18f408b94dc80006c6eb5ef0c,1886e2e27f1cb2411cc7d02498f863fe5c8e89b4,持卡人消费,学苑楼商务网关,-8.0,33.80,3881,正常
2016/05/02 11:13:09,6ce0b9c046b25df18f408b94dc80006c6eb5ef0c,1886e2e27f1cb2411cc7d02498f863fe5c8e89b4,持卡人消费,学苑楼商务网关,-1.5,32.30,3882,正常
2016/05/02 20:03:55,6ce0b9c046b25df18f408b94dc80006c6eb5ef0c,1886e2e27f1cb2411cc7d02498f863fe5c8e89b4,持卡人消费,硕果园（工大商店）,-3.0,29.30,3883,正常
2016/05/03 17:28:59,6ce0b9c046b25df18f408b94dc80006c6eb5ef0c,1886e2e27f1cb2411cc7d02498f863fe5c8e89b4,持卡人消费,硕果园（工大商店）,-15.5,13.80,3884,正常
2016/05/04 19:11:02,6ce0b9c046b25df18f408b94dc80006c6eb5ef0c,1886e2e27f1cb2411cc7d02498f863fe5c8e89b4,持卡人消费,学士楼商务网关,-3.0,10.80,3885,正常
2016/05/04 19:12:27,6ce0b9c046b25df18f408b94dc80006c6eb5ef0c,1886e2e27f1cb2411cc7d02498f863fe5c8e89b4,持卡人消费,学士楼商务网关,-2.5,8.30,3886,正常
2016/05/05 11:10:07,6ce0b9c046b25df18f408b94dc80006c6eb5ef0c,1886e2e27f1cb2411cc7d02498f863fe5c8e89b4,存款,学苑楼综合业务3,50.0,58.30,3887,正常
2016/05/05 11:11:44,6ce0b9c046b25df18f408b94dc80006c6eb5ef0c,1886e2e27f1cb2411cc7d02498f863fe5c8e89b4,持卡人消费,学苑楼商务网关,-8.8,49.50,3888,正常
2016/05/05 11:13:13,6ce0b9c046b25df18f408b94dc80006c6eb5ef0c,1886e2e27f1cb2411cc7d02498f863fe5c8e89b4,持卡人消费,学苑楼商务网关,-1.5,48.00,3889,正常
2016/05/05 17:13:38,6ce0b9c046b25df18f408b94dc80006c6eb5ef0c,1886e2e27f1cb2411cc7d02498f863fe5c8e89b4,持卡人消费,学苑楼商务网关,-8.0,40.00,3890,正常
2016/05/05 17:15:05,6ce0b9c046b25df18f408b94dc80006c6eb5ef0c,1886e2e27f1cb2411cc7d02498f863fe5c8e89b4,持卡人消费,学苑楼商务网关,-1.5,38.50,3891,正常
2016/05/06 12:24:06,6ce0b9c046b25df18f408b94dc80006c6eb5ef0c,1886e2e27f1cb2411cc7d02498f863fe5c8e89b4,持卡人消费,学苑楼商务网关,-8.8,29.70,3892,正常
2016/05/06 12:25:52,6ce0b9c046b25df18f408b94dc80006c6eb5ef0c,1886e2e27f1cb2411cc7d02498f863fe5c8e89b4,持卡人消费,学苑楼商务网关,-3.0,26.70,3893,正常
2016/05/07 11:45:14,6ce0b9c046b25df18f408b94dc80006c6eb5ef0c,1886e2e27f1cb2411cc7d02498f863fe5c8e89b4,持卡人消费,学苑楼商务网关,-7.0,19.70,3894,正常
2016/05/07 11:46:08,6ce0b9c046b25df18f408b94dc80006c6eb5ef0c,1886e2e27f1cb2411cc7d02498f863fe5c8e89b4,持卡人消费,学苑楼商务网关,-1.5,18.20,3895,正常
2016/05/07 17:18:06,6ce0b9c046b25df18f408b94dc80006c6eb5ef0c,1886e2e27f1cb2411cc7d02498f863fe5c8e89b4,持卡人消费,学苑楼商务网关,-8.0,10.20,3896,正常
2016/05/07 17:19:05,6ce0b9c046b25df18f408b94dc80006c6eb5ef0c,1886e2e27f1cb2411cc7d02498f863fe5c8e89b4,持卡人消费,学苑楼商务网关,-1.5,8.70,3897,正常
2016/05/08 13:01:42,6ce0b9c046b25df18f408b94dc80006c6eb5ef0c,1886e2e27f1cb2411cc7d02498f863fe5c8e89b4,持卡人消费,学士楼商务网关,-4.9,3.80,3898,正常
2016/05/08 18:05:46,6ce0b9c046b25df18f408b94dc80006c6eb5ef0c,1886e2e27f1cb2411cc7d02498f863fe5c8e89b4,存款,卡中心综合业务,20.0,23.80,3899,正常
2016/05/08 18:07:34,6ce0b9c046b25df18f408b94dc80006c6eb5ef0c,1886e2e27f1cb2411cc7d02498f863fe5c8e89b4,持卡人消费,学苑楼商务网关,-7.9,15.90,3900,正常
2016/05/09 12:34:38,6ce0b9c046b25df18f408b94dc80006c6eb5ef0c,1886e2e27f1cb2411cc7d02498f863fe5c8e89b4,存款,学苑楼综合业务3,100.0,115.90,3901,正常
2016/05/09 12:36:11,6ce0b9c046b25df18f408b94dc80006c6eb5ef0c,1886e2e27f1cb2411cc7d02498f863fe5c8e89b4,持卡人消费,学苑楼商务网关,-8.8,107.10,3902,正常
2016/05/09 18:03:10,6ce0b9c046b25df18f408b94dc80006c6eb5ef0c,1886e2e27f1cb2411cc7d02498f863fe5c8e89b4,持卡人消费,学苑楼商务网关,-8.0,99.10,3903,正常
2016/05/09 18:04:43,6ce0b9c046b25df18f408b94dc80006c6eb5ef0c,1886e2e27f1cb2411cc7d02498f863fe5c8e89b4,持卡人消费,学苑楼商务网关,-3.0,96.10,3904,正常
2016/05/10 12:07:17,6ce0b9c046b25df18f408b94dc80006c6eb5ef0c,1886e2e27f1cb2411cc7d02498f863fe5c8e89b4,持卡人消费,学苑楼商务网关,-13.0,83.10,3905,正常
2016/05/10 12:08:04,6ce0b9c046b25df18f408b94dc80006c6eb5ef0c,1886e2e27f1cb2411cc7d02498f863fe5c8e89b4,持卡人消费,学苑楼商务网关,-1.5,81.60,3906,正常
2016/05/10 17:30:03,6ce0b9c046b25df18f408b94dc80006c6eb5ef0c,1886e2e27f1cb2411cc7d02498f863fe5c8e89b4,持卡人消费,学苑楼商务网关,-8.8,72.80,3907,正常
2016/05/11 12:03:45,6ce0b9c046b25df18f408b94dc80006c6eb5ef0c,1886e2e27f1cb2411cc7d02498f863fe5c8e89b4,持卡人消费,学苑楼商务网关,-8.0,64.80,3908,正常
2016/05/11 12:04:41,6ce0b9c046b25df18f408b94dc80006c6eb5ef0c,1886e2e27f1cb2411cc7d02498f863fe5c8e89b4,持卡人消费,学苑楼商务网关,-1.5,63.30,3909,正常
2016/05/11 17:27:12,6ce0b9c046b25df18f408b94dc80006c6eb5ef0c,1886e2e27f1cb2411cc7d02498f863fe5c8e89b4,持卡人消费,学士楼商务网关,-10.6,52.70,3910,正常
2016/05/12 17:03:35,6ce0b9c046b25df18f408b94dc80006c6eb5ef0c,1886e2e27f1cb2411cc7d02498f863fe5c8e89b4,持卡人消费,学苑楼商务网关,-9.0,43.70,3911,正常
2016/05/12 17:04:15,6ce0b9c046b25df18f408b94dc80006c6eb5ef0c,1886e2e27f1cb2411cc7d02498f863fe5c8e89b4,持卡人消费,学苑楼商务网关,-3.0,40.70,3912,正常
2016/05/13 11:15:49,6ce0b9c046b25df18f408b94dc80006c6eb5ef0c,1886e2e27f1cb2411cc7d02498f863fe5c8e89b4,持卡人消费,学苑楼商务网关,-8.0,32.70,3913,正常
2016/05/13 11:16:20,6ce0b9c046b25df18f408b94dc80006c6eb5ef0c,1886e2e27f1cb2411cc7d02498f863fe5c8e89b4,持卡人消费,学苑楼商务网关,-1.5,31.20,3914,正常
2016/05/13 17:13:52,6ce0b9c046b25df18f408b94dc80006c6eb5ef0c,1886e2e27f1cb2411cc7d02498f863fe5c8e89b4,持卡人消费,学士楼商务网关,-9.0,22.20,3915,正常
2016/05/14 08:11:02,6ce0b9c046b25df18f408b94dc80006c6eb5ef0c,1886e2e27f1cb2411cc7d02498f863fe5c8e89b4,持卡人消费,学苑楼商务网关,-4.1,18.10,3916,正常
2016/05/14 13:02:16,6ce0b9c046b25df18f408b94dc80006c6eb5ef0c,1886e2e27f1cb2411cc7d02498f863fe5c8e89b4,持卡人消费,硕果园（工大商店）,-2.5,15.60,3917,正常
2016/05/15 12:47:08,6ce0b9c046b25df18f408b94dc80006c6eb5ef0c,1886e2e27f1cb2411cc7d02498f863fe5c8e89b4,持卡人消费,硕果园（工大商店）,-10.0,5.60,3918,正常
2016/05/15 12:52:02,6ce0b9c046b25df18f408b94dc80006c6eb5ef0c,1886e2e27f1cb2411cc7d02498f863fe5c8e89b4,持卡人消费,硕果园（工大商店）,-2.5,3.10,3919,正常
2016/05/18 11:18:16,6ce0b9c046b25df18f408b94dc80006c6eb5ef0c,1886e2e27f1cb2411cc7d02498f863fe5c8e89b4,存款,学苑楼综合业务3,20.0,23.10,3920,正常
2016/05/18 11:20:36,6ce0b9c046b25df18f408b94dc80006c6eb5ef0c,1886e2e27f1cb2411cc7d02498f863fe5c8e89b4,持卡人消费,学苑楼商务网关,-7.0,16.10,3921,正常
2016/05/18 11:21:28,6ce0b9c046b25df18f408b94dc80006c6eb5ef0c,1886e2e27f1cb2411cc7d02498f863fe5c8e89b4,持卡人消费,学苑楼商务网关,-3.0,13.10,3922,正常
2016/05/18 18:12:41,6ce0b9c046b25df18f408b94dc80006c6eb5ef0c,1886e2e27f1cb2411cc7d02498f863fe5c8e89b4,持卡人消费,硕果园（工大商店）,-12.0,1.10,3923,正常
