交易发生时间,学号,姓名,交易类型,子系统名称,交易额,现有余额,次数,状态
2016/05/11 11:47:35,8fce36f09b141108cfaae0ea94d750f94d12f276,18919be1b0c3d3b1662d5ebeccd8c427ee1e8d0e,持卡人消费,学苑楼商务网关,-3.0,2.79,3962,正常
2016/05/18 17:51:26,8fce36f09b141108cfaae0ea94d750f94d12f276,18919be1b0c3d3b1662d5ebeccd8c427ee1e8d0e,存款,现金充值机,200.0,202.79,3963,正常
2016/05/18 18:15:06,8fce36f09b141108cfaae0ea94d750f94d12f276,18919be1b0c3d3b1662d5ebeccd8c427ee1e8d0e,持卡人消费,学苑楼商务网关,-3.5,199.29,3964,正常
2016/05/18 18:18:56,8fce36f09b141108cfaae0ea94d750f94d12f276,18919be1b0c3d3b1662d5ebeccd8c427ee1e8d0e,持卡人消费,学苑楼商务网关,-4.0,195.29,3965,正常
2016/05/18 18:20:02,8fce36f09b141108cfaae0ea94d750f94d12f276,18919be1b0c3d3b1662d5ebeccd8c427ee1e8d0e,持卡人消费,学苑楼商务网关,-4.0,191.29,3966,正常
2016/05/18 18:20:49,8fce36f09b141108cfaae0ea94d750f94d12f276,18919be1b0c3d3b1662d5ebeccd8c427ee1e8d0e,持卡人消费,学苑楼商务网关,-0.8,190.49,3967,正常
2016/05/19 07:56:31,8fce36f09b141108cfaae0ea94d750f94d12f276,18919be1b0c3d3b1662d5ebeccd8c427ee1e8d0e,持卡人消费,学士楼商务网关,-4.75,185.74,3968,正常
2016/05/19 11:40:48,8fce36f09b141108cfaae0ea94d750f94d12f276,18919be1b0c3d3b1662d5ebeccd8c427ee1e8d0e,持卡人消费,学苑楼商务网关,-7.0,178.74,3969,正常
2016/05/19 11:41:00,8fce36f09b141108cfaae0ea94d750f94d12f276,18919be1b0c3d3b1662d5ebeccd8c427ee1e8d0e,持卡人消费,学苑楼商务网关,-3.0,175.74,3970,正常
2016/05/19 11:42:19,8fce36f09b141108cfaae0ea94d750f94d12f276,18919be1b0c3d3b1662d5ebeccd8c427ee1e8d0e,持卡人消费,学苑楼商务网关,-4.0,171.74,3971,正常
2016/05/19 11:43:25,8fce36f09b141108cfaae0ea94d750f94d12f276,18919be1b0c3d3b1662d5ebeccd8c427ee1e8d0e,持卡人消费,学苑楼商务网关,-0.4,171.34,3972,正常
2016/05/19 11:44:45,8fce36f09b141108cfaae0ea94d750f94d12f276,18919be1b0c3d3b1662d5ebeccd8c427ee1e8d0e,持卡人消费,学苑楼商务网关,-2.25,169.09,3973,正常
2016/05/19 12:54:54,8fce36f09b141108cfaae0ea94d750f94d12f276,18919be1b0c3d3b1662d5ebeccd8c427ee1e8d0e,持卡人消费,超市商务子系统,-10.3,158.79,3974,正常
2016/05/19 12:57:09,8fce36f09b141108cfaae0ea94d750f94d12f276,18919be1b0c3d3b1662d5ebeccd8c427ee1e8d0e,持卡人消费,超市商务子系统,-1.5,157.29,3975,正常
2016/05/19 19:02:35,8fce36f09b141108cfaae0ea94d750f94d12f276,18919be1b0c3d3b1662d5ebeccd8c427ee1e8d0e,持卡人消费,硕果园（工大商店）,-12.0,145.29,3976,正常
2016/05/20 06:40:24,8fce36f09b141108cfaae0ea94d750f94d12f276,18919be1b0c3d3b1662d5ebeccd8c427ee1e8d0e,持卡人消费,游泳馆,-5.0,140.29,3977,正常
2016/05/20 08:14:56,8fce36f09b141108cfaae0ea94d750f94d12f276,18919be1b0c3d3b1662d5ebeccd8c427ee1e8d0e,持卡人消费,学士楼商务网关,-6.2,134.09,3978,正常
2016/05/21 09:03:30,8fce36f09b141108cfaae0ea94d750f94d12f276,18919be1b0c3d3b1662d5ebeccd8c427ee1e8d0e,持卡人消费,学士楼商务网关,-1.0,133.09,3979,正常
2016/05/21 09:03:37,8fce36f09b141108cfaae0ea94d750f94d12f276,18919be1b0c3d3b1662d5ebeccd8c427ee1e8d0e,持卡人消费,学士楼商务网关,-2.6,130.49,3980,正常
2016/05/21 09:03:44,8fce36f09b141108cfaae0ea94d750f94d12f276,18919be1b0c3d3b1662d5ebeccd8c427ee1e8d0e,持卡人消费,学士楼商务网关,-2.0,128.49,3981,正常
2016/05/21 09:05:04,8fce36f09b141108cfaae0ea94d750f94d12f276,18919be1b0c3d3b1662d5ebeccd8c427ee1e8d0e,持卡人消费,学士楼商务网关,-2.0,126.49,3982,正常
2016/05/21 09:06:28,8fce36f09b141108cfaae0ea94d750f94d12f276,18919be1b0c3d3b1662d5ebeccd8c427ee1e8d0e,持卡人消费,学士楼商务网关,-0.5,125.99,3983,正常
2016/05/21 17:33:12,8fce36f09b141108cfaae0ea94d750f94d12f276,18919be1b0c3d3b1662d5ebeccd8c427ee1e8d0e,持卡人消费,超市商务子系统,-6.0,119.99,3984,正常
2016/05/21 17:35:46,8fce36f09b141108cfaae0ea94d750f94d12f276,18919be1b0c3d3b1662d5ebeccd8c427ee1e8d0e,持卡人消费,超市商务子系统,-20.0,99.99,3985,正常
2016/05/22 08:35:24,8fce36f09b141108cfaae0ea94d750f94d12f276,18919be1b0c3d3b1662d5ebeccd8c427ee1e8d0e,持卡人消费,学士楼商务网关,-1.85,98.14,3986,正常
2016/05/22 08:44:46,8fce36f09b141108cfaae0ea94d750f94d12f276,18919be1b0c3d3b1662d5ebeccd8c427ee1e8d0e,持卡人消费,超市商务子系统,-7.0,91.14,3987,正常
2016/05/22 14:10:20,8fce36f09b141108cfaae0ea94d750f94d12f276,18919be1b0c3d3b1662d5ebeccd8c427ee1e8d0e,持卡人消费,学士楼商务网关,-8.0,83.14,3988,正常
2016/05/22 14:25:08,8fce36f09b141108cfaae0ea94d750f94d12f276,18919be1b0c3d3b1662d5ebeccd8c427ee1e8d0e,持卡人消费,硕果园（工大商店）,-8.7,74.44,3989,正常
2016/05/23 11:53:36,8fce36f09b141108cfaae0ea94d750f94d12f276,18919be1b0c3d3b1662d5ebeccd8c427ee1e8d0e,持卡人消费,学子楼商务网关,-4.0,70.44,3990,正常
2016/05/23 11:54:42,8fce36f09b141108cfaae0ea94d750f94d12f276,18919be1b0c3d3b1662d5ebeccd8c427ee1e8d0e,持卡人消费,学子楼商务网关,-7.2,63.24,3991,正常
2016/05/23 12:29:29,8fce36f09b141108cfaae0ea94d750f94d12f276,18919be1b0c3d3b1662d5ebeccd8c427ee1e8d0e,持卡人消费,硕果园（工大商店）,-5.0,58.24,3992,正常
2016/05/24 06:26:02,8fce36f09b141108cfaae0ea94d750f94d12f276,18919be1b0c3d3b1662d5ebeccd8c427ee1e8d0e,持卡人消费,游泳馆,-5.0,53.24,3993,正常
2016/05/25 07:34:56,8fce36f09b141108cfaae0ea94d750f94d12f276,18919be1b0c3d3b1662d5ebeccd8c427ee1e8d0e,持卡人消费,学士楼商务网关,-3.25,49.99,3994,正常
2016/05/25 18:53:37,8fce36f09b141108cfaae0ea94d750f94d12f276,18919be1b0c3d3b1662d5ebeccd8c427ee1e8d0e,持卡人消费,超市商务子系统,-3.9,46.09,3995,正常
2016/05/25 18:59:57,8fce36f09b141108cfaae0ea94d750f94d12f276,18919be1b0c3d3b1662d5ebeccd8c427ee1e8d0e,持卡人消费,超市商务子系统,-2.7,43.39,3996,正常
2016/05/26 06:25:09,8fce36f09b141108cfaae0ea94d750f94d12f276,18919be1b0c3d3b1662d5ebeccd8c427ee1e8d0e,持卡人消费,游泳馆,-5.0,38.39,3997,正常
2016/05/28 07:58:21,8fce36f09b141108cfaae0ea94d750f94d12f276,18919be1b0c3d3b1662d5ebeccd8c427ee1e8d0e,持卡人消费,学士楼商务网关,-2.1,36.29,3998,正常
2016/05/28 07:58:57,8fce36f09b141108cfaae0ea94d750f94d12f276,18919be1b0c3d3b1662d5ebeccd8c427ee1e8d0e,持卡人消费,学士楼商务网关,-0.6,35.69,3999,正常
2016/05/28 07:59:51,8fce36f09b141108cfaae0ea94d750f94d12f276,18919be1b0c3d3b1662d5ebeccd8c427ee1e8d0e,持卡人消费,学士楼商务网关,-2.6,33.09,4000,正常
2016/05/28 08:00:18,8fce36f09b141108cfaae0ea94d750f94d12f276,18919be1b0c3d3b1662d5ebeccd8c427ee1e8d0e,持卡人消费,学士楼商务网关,-2.0,31.09,4001,正常
2016/05/28 12:01:19,8fce36f09b141108cfaae0ea94d750f94d12f276,18919be1b0c3d3b1662d5ebeccd8c427ee1e8d0e,持卡人消费,学苑楼商务网关,-2.0,29.09,4002,正常
2016/05/28 12:03:07,8fce36f09b141108cfaae0ea94d750f94d12f276,18919be1b0c3d3b1662d5ebeccd8c427ee1e8d0e,持卡人消费,学苑楼商务网关,-3.0,26.09,4003,正常
2016/05/28 12:05:15,8fce36f09b141108cfaae0ea94d750f94d12f276,18919be1b0c3d3b1662d5ebeccd8c427ee1e8d0e,持卡人消费,学苑楼商务网关,-6.0,20.09,4004,正常
2016/05/28 12:07:23,8fce36f09b141108cfaae0ea94d750f94d12f276,18919be1b0c3d3b1662d5ebeccd8c427ee1e8d0e,持卡人消费,学苑楼商务网关,-1.75,18.34,4005,正常
2016/05/28 13:05:43,8fce36f09b141108cfaae0ea94d750f94d12f276,18919be1b0c3d3b1662d5ebeccd8c427ee1e8d0e,持卡人消费,超市商务子系统,-15.2,3.14,4006,正常
2016/05/29 12:49:35,8fce36f09b141108cfaae0ea94d750f94d12f276,18919be1b0c3d3b1662d5ebeccd8c427ee1e8d0e,存款,学苑楼综合业务3,100.0,103.14,4007,正常
2016/05/29 12:53:27,8fce36f09b141108cfaae0ea94d750f94d12f276,18919be1b0c3d3b1662d5ebeccd8c427ee1e8d0e,持卡人消费,学士楼商务网关,-3.0,100.14,4008,正常
2016/05/29 12:54:09,8fce36f09b141108cfaae0ea94d750f94d12f276,18919be1b0c3d3b1662d5ebeccd8c427ee1e8d0e,持卡人消费,学士楼商务网关,-3.0,97.14,4009,正常
2016/05/29 12:55:54,8fce36f09b141108cfaae0ea94d750f94d12f276,18919be1b0c3d3b1662d5ebeccd8c427ee1e8d0e,持卡人消费,学士楼商务网关,-7.0,90.14,4010,正常
2016/05/29 12:57:13,8fce36f09b141108cfaae0ea94d750f94d12f276,18919be1b0c3d3b1662d5ebeccd8c427ee1e8d0e,持卡人消费,学士楼商务网关,-3.0,87.14,4011,正常
2016/05/29 12:57:53,8fce36f09b141108cfaae0ea94d750f94d12f276,18919be1b0c3d3b1662d5ebeccd8c427ee1e8d0e,持卡人消费,学士楼商务网关,-1.0,86.14,4012,正常
2016/05/29 13:26:38,8fce36f09b141108cfaae0ea94d750f94d12f276,18919be1b0c3d3b1662d5ebeccd8c427ee1e8d0e,持卡人消费,超市商务子系统,-9.5,76.64,4013,正常
2016/05/29 13:30:02,8fce36f09b141108cfaae0ea94d750f94d12f276,18919be1b0c3d3b1662d5ebeccd8c427ee1e8d0e,持卡人消费,超市商务子系统,-4.0,72.64,4014,正常
2016/05/29 19:29:49,8fce36f09b141108cfaae0ea94d750f94d12f276,18919be1b0c3d3b1662d5ebeccd8c427ee1e8d0e,持卡人消费,学士楼商务网关,-2.0,70.64,4015,正常
2016/05/29 19:30:55,8fce36f09b141108cfaae0ea94d750f94d12f276,18919be1b0c3d3b1662d5ebeccd8c427ee1e8d0e,持卡人消费,学士楼商务网关,-0.2,70.44,4016,正常
2016/05/30 06:33:05,8fce36f09b141108cfaae0ea94d750f94d12f276,18919be1b0c3d3b1662d5ebeccd8c427ee1e8d0e,持卡人消费,游泳馆,-5.0,65.44,4017,正常
2016/05/30 11:52:58,8fce36f09b141108cfaae0ea94d750f94d12f276,18919be1b0c3d3b1662d5ebeccd8c427ee1e8d0e,持卡人消费,学苑楼商务网关,-1.5,63.94,4018,正常
2016/05/30 11:59:49,8fce36f09b141108cfaae0ea94d750f94d12f276,18919be1b0c3d3b1662d5ebeccd8c427ee1e8d0e,持卡人消费,学苑楼商务网关,-0.65,63.29,4019,正常
2016/05/30 12:56:01,8fce36f09b141108cfaae0ea94d750f94d12f276,18919be1b0c3d3b1662d5ebeccd8c427ee1e8d0e,持卡人消费,超市商务子系统,-15.5,47.79,4020,正常
2016/05/30 12:57:18,8fce36f09b141108cfaae0ea94d750f94d12f276,18919be1b0c3d3b1662d5ebeccd8c427ee1e8d0e,持卡人消费,超市商务子系统,-1.2,46.59,4021,正常
2016/05/30 20:06:45,8fce36f09b141108cfaae0ea94d750f94d12f276,18919be1b0c3d3b1662d5ebeccd8c427ee1e8d0e,持卡人消费,学士楼商务网关,-2.0,44.59,4022,正常
2016/05/30 20:07:50,8fce36f09b141108cfaae0ea94d750f94d12f276,18919be1b0c3d3b1662d5ebeccd8c427ee1e8d0e,持卡人消费,学士楼商务网关,-0.2,44.39,4023,正常
2016/05/31 11:41:42,8fce36f09b141108cfaae0ea94d750f94d12f276,18919be1b0c3d3b1662d5ebeccd8c427ee1e8d0e,持卡人消费,学苑楼商务网关,-11.0,33.39,4024,正常
2016/05/31 11:42:24,8fce36f09b141108cfaae0ea94d750f94d12f276,18919be1b0c3d3b1662d5ebeccd8c427ee1e8d0e,持卡人消费,学苑楼商务网关,-4.0,29.39,4025,正常
2016/05/31 11:43:13,8fce36f09b141108cfaae0ea94d750f94d12f276,18919be1b0c3d3b1662d5ebeccd8c427ee1e8d0e,持卡人消费,学苑楼商务网关,-3.4,25.99,4026,正常
2016/05/31 11:44:23,8fce36f09b141108cfaae0ea94d750f94d12f276,18919be1b0c3d3b1662d5ebeccd8c427ee1e8d0e,持卡人消费,学苑楼商务网关,-1.0,24.99,4027,正常
2016/05/31 11:45:25,8fce36f09b141108cfaae0ea94d750f94d12f276,18919be1b0c3d3b1662d5ebeccd8c427ee1e8d0e,持卡人消费,学苑楼商务网关,-1.0,23.99,4028,正常
2016/05/31 11:54:59,8fce36f09b141108cfaae0ea94d750f94d12f276,18919be1b0c3d3b1662d5ebeccd8c427ee1e8d0e,存款,现金充值机,200.0,223.99,4029,正常
2016/05/31 12:30:32,8fce36f09b141108cfaae0ea94d750f94d12f276,18919be1b0c3d3b1662d5ebeccd8c427ee1e8d0e,持卡人消费,超市商务子系统,-23.3,200.69,4030,正常
2016/05/31 18:13:15,8fce36f09b141108cfaae0ea94d750f94d12f276,18919be1b0c3d3b1662d5ebeccd8c427ee1e8d0e,持卡人消费,硕果园（工大商店）,-12.0,188.69,4031,正常
2016/05/31 18:21:46,8fce36f09b141108cfaae0ea94d750f94d12f276,18919be1b0c3d3b1662d5ebeccd8c427ee1e8d0e,持卡人消费,硕果园（工大商店）,-5.0,183.69,4032,正常
