交易发生时间,学号,姓名,交易类型,子系统名称,交易额,现有余额,次数,状态
2016/05/04 12:30:00,a32fc5236610cbebaf5061ca948eeeeb4269e94f,18a2d693f1c5457c862c0973535cab02ee4a3706,存款,现金充值机,200.0,200.34,4934,正常
2016/05/04 13:28:16,a32fc5236610cbebaf5061ca948eeeeb4269e94f,18a2d693f1c5457c862c0973535cab02ee4a3706,持卡人消费,15公寓浴池,-1.22,199.12,4936,正常
2016/05/04 13:35:47,a32fc5236610cbebaf5061ca948eeeeb4269e94f,18a2d693f1c5457c862c0973535cab02ee4a3706,持卡人消费,15公寓浴池,-1.15,197.97,4938,正常
2016/05/04 18:30:27,a32fc5236610cbebaf5061ca948eeeeb4269e94f,18a2d693f1c5457c862c0973535cab02ee4a3706,持卡人消费,硕果园（工大商店）,-8.0,189.97,4939,正常
2016/05/04 18:31:04,a32fc5236610cbebaf5061ca948eeeeb4269e94f,18a2d693f1c5457c862c0973535cab02ee4a3706,持卡人消费,硕果园（工大商店）,-1.0,188.97,4940,正常
2016/05/05 12:39:06,a32fc5236610cbebaf5061ca948eeeeb4269e94f,18a2d693f1c5457c862c0973535cab02ee4a3706,持卡人消费,学子便利店A01后楼,-1.2,187.77,4941,正常
2016/05/05 13:06:20,a32fc5236610cbebaf5061ca948eeeeb4269e94f,18a2d693f1c5457c862c0973535cab02ee4a3706,持卡人消费,A1,-6.0,181.77,4942,正常
2016/05/05 15:38:05,a32fc5236610cbebaf5061ca948eeeeb4269e94f,18a2d693f1c5457c862c0973535cab02ee4a3706,持卡人消费,学子便利店A01后楼,-14.5,167.27,4943,正常
2016/05/05 17:25:06,a32fc5236610cbebaf5061ca948eeeeb4269e94f,18a2d693f1c5457c862c0973535cab02ee4a3706,持卡人消费,学士楼商务网关,-5.0,162.27,4944,正常
2016/05/06 22:08:00,a32fc5236610cbebaf5061ca948eeeeb4269e94f,18a2d693f1c5457c862c0973535cab02ee4a3706,持卡人消费,学子便利店A01后楼,-2.8,159.47,4945,正常
2016/05/07 09:49:35,a32fc5236610cbebaf5061ca948eeeeb4269e94f,18a2d693f1c5457c862c0973535cab02ee4a3706,持卡人消费,学子便利店A01后楼,-1.5,157.97,4946,正常
2016/05/07 10:27:38,a32fc5236610cbebaf5061ca948eeeeb4269e94f,18a2d693f1c5457c862c0973535cab02ee4a3706,持卡人消费,超市商务子系统,-3.5,154.47,4947,正常
2016/05/07 12:05:14,a32fc5236610cbebaf5061ca948eeeeb4269e94f,18a2d693f1c5457c862c0973535cab02ee4a3706,持卡人消费,学子楼商务网关,-5.4,149.07,4948,正常
2016/05/08 11:36:39,a32fc5236610cbebaf5061ca948eeeeb4269e94f,18a2d693f1c5457c862c0973535cab02ee4a3706,持卡人消费,学子便利店A01后楼,-3.8,145.27,4949,正常
2016/05/08 12:16:02,a32fc5236610cbebaf5061ca948eeeeb4269e94f,18a2d693f1c5457c862c0973535cab02ee4a3706,持卡人消费,学子便利店A01后楼,-8.9,136.37,4950,正常
2016/05/08 15:49:54,a32fc5236610cbebaf5061ca948eeeeb4269e94f,18a2d693f1c5457c862c0973535cab02ee4a3706,持卡人消费,学子便利店A01后楼,-2.0,134.37,4951,正常
2016/05/09 13:02:29,a32fc5236610cbebaf5061ca948eeeeb4269e94f,18a2d693f1c5457c862c0973535cab02ee4a3706,持卡人消费,15公寓浴池,-0.96,133.41,4953,正常
2016/05/09 13:08:00,a32fc5236610cbebaf5061ca948eeeeb4269e94f,18a2d693f1c5457c862c0973535cab02ee4a3706,持卡人消费,15公寓浴池,-0.82,132.59,4955,正常
2016/05/09 14:59:34,a32fc5236610cbebaf5061ca948eeeeb4269e94f,18a2d693f1c5457c862c0973535cab02ee4a3706,持卡人消费,学子便利店A01后楼,-3.0,129.59,4956,正常
2016/05/09 19:17:46,a32fc5236610cbebaf5061ca948eeeeb4269e94f,18a2d693f1c5457c862c0973535cab02ee4a3706,持卡人消费,学子便利店A01后楼,-2.6,126.99,4957,正常
2016/05/10 17:10:17,a32fc5236610cbebaf5061ca948eeeeb4269e94f,18a2d693f1c5457c862c0973535cab02ee4a3706,持卡人消费,学子便利店A01后楼,-2.8,124.19,4958,正常
2016/05/10 18:43:48,a32fc5236610cbebaf5061ca948eeeeb4269e94f,18a2d693f1c5457c862c0973535cab02ee4a3706,持卡人消费,学子超市园丁总店,-4.9,119.29,4959,正常
2016/05/11 12:29:33,a32fc5236610cbebaf5061ca948eeeeb4269e94f,18a2d693f1c5457c862c0973535cab02ee4a3706,持卡人消费,学子超市园丁总店,-4.0,115.29,4960,正常
2016/05/11 12:29:36,a32fc5236610cbebaf5061ca948eeeeb4269e94f,18a2d693f1c5457c862c0973535cab02ee4a3706,持卡人消费,学子超市园丁总店,-1.0,114.29,4961,正常
2016/05/11 21:24:12,a32fc5236610cbebaf5061ca948eeeeb4269e94f,18a2d693f1c5457c862c0973535cab02ee4a3706,持卡人消费,学子便利店A01后楼,-2.8,111.49,4962,正常
2016/05/12 18:41:50,a32fc5236610cbebaf5061ca948eeeeb4269e94f,18a2d693f1c5457c862c0973535cab02ee4a3706,持卡人消费,硕果园（工大商店）,-8.0,103.49,4963,正常
2016/05/13 15:49:46,a32fc5236610cbebaf5061ca948eeeeb4269e94f,18a2d693f1c5457c862c0973535cab02ee4a3706,持卡人消费,学子便利店A01后楼,-2.8,100.69,4964,正常
2016/05/14 14:01:16,a32fc5236610cbebaf5061ca948eeeeb4269e94f,18a2d693f1c5457c862c0973535cab02ee4a3706,持卡人消费,学子便利店A01后楼,-3.7,96.99,4965,正常
2016/05/14 15:53:43,a32fc5236610cbebaf5061ca948eeeeb4269e94f,18a2d693f1c5457c862c0973535cab02ee4a3706,持卡人消费,15公寓浴池,-0.86,96.13,4967,正常
2016/05/14 15:59:20,a32fc5236610cbebaf5061ca948eeeeb4269e94f,18a2d693f1c5457c862c0973535cab02ee4a3706,持卡人消费,15公寓浴池,-0.86,95.27,4969,正常
2016/05/14 19:14:04,a32fc5236610cbebaf5061ca948eeeeb4269e94f,18a2d693f1c5457c862c0973535cab02ee4a3706,持卡人消费,A1,-3.0,92.27,4970,正常
2016/05/14 19:45:41,a32fc5236610cbebaf5061ca948eeeeb4269e94f,18a2d693f1c5457c862c0973535cab02ee4a3706,持卡人消费,学子便利店A01后楼,-2.8,89.47,4971,正常
2016/05/15 12:02:44,a32fc5236610cbebaf5061ca948eeeeb4269e94f,18a2d693f1c5457c862c0973535cab02ee4a3706,持卡人消费,学子便利店A01后楼,-6.0,83.47,4972,正常
2016/05/15 19:27:28,a32fc5236610cbebaf5061ca948eeeeb4269e94f,18a2d693f1c5457c862c0973535cab02ee4a3706,持卡人消费,学子便利店A01后楼,-3.8,79.67,4973,正常
2016/05/16 11:43:47,a32fc5236610cbebaf5061ca948eeeeb4269e94f,18a2d693f1c5457c862c0973535cab02ee4a3706,持卡人消费,学子便利店A01后楼,-2.8,76.87,4974,正常
2016/05/16 12:20:30,a32fc5236610cbebaf5061ca948eeeeb4269e94f,18a2d693f1c5457c862c0973535cab02ee4a3706,持卡人消费,学子超市园丁总店,-5.0,71.87,4975,正常
2016/05/17 08:06:48,a32fc5236610cbebaf5061ca948eeeeb4269e94f,18a2d693f1c5457c862c0973535cab02ee4a3706,持卡人消费,硕果园（工大商店）,-6.0,65.87,4976,正常
2016/05/17 08:08:10,a32fc5236610cbebaf5061ca948eeeeb4269e94f,18a2d693f1c5457c862c0973535cab02ee4a3706,持卡人消费,硕果园（工大商店）,-4.0,61.87,4977,正常
2016/05/17 13:09:26,a32fc5236610cbebaf5061ca948eeeeb4269e94f,18a2d693f1c5457c862c0973535cab02ee4a3706,持卡人消费,学子便利店A01后楼,-2.6,59.27,4978,正常
2016/05/17 18:49:37,a32fc5236610cbebaf5061ca948eeeeb4269e94f,18a2d693f1c5457c862c0973535cab02ee4a3706,持卡人消费,硕果园（工大商店）,-10.0,49.27,4979,正常
2016/05/17 19:08:50,a32fc5236610cbebaf5061ca948eeeeb4269e94f,18a2d693f1c5457c862c0973535cab02ee4a3706,持卡人消费,学子便利店A01后楼,-2.8,46.47,4980,正常
2016/05/17 19:22:34,a32fc5236610cbebaf5061ca948eeeeb4269e94f,18a2d693f1c5457c862c0973535cab02ee4a3706,持卡人消费,15公寓浴池,-1.04,45.43,4982,正常
2016/05/17 19:28:48,a32fc5236610cbebaf5061ca948eeeeb4269e94f,18a2d693f1c5457c862c0973535cab02ee4a3706,持卡人消费,15公寓浴池,-0.94,44.49,4984,正常
2016/05/17 19:31:01,a32fc5236610cbebaf5061ca948eeeeb4269e94f,18a2d693f1c5457c862c0973535cab02ee4a3706,持卡人消费,15公寓浴池,-0.08,44.41,4986,正常
2016/05/18 14:27:07,a32fc5236610cbebaf5061ca948eeeeb4269e94f,18a2d693f1c5457c862c0973535cab02ee4a3706,持卡人消费,学子便利店A01后楼,-8.0,36.41,4987,正常
2016/05/18 19:54:36,a32fc5236610cbebaf5061ca948eeeeb4269e94f,18a2d693f1c5457c862c0973535cab02ee4a3706,持卡人消费,学子便利店A01后楼,-3.8,32.61,4988,正常
2016/05/19 12:22:33,a32fc5236610cbebaf5061ca948eeeeb4269e94f,18a2d693f1c5457c862c0973535cab02ee4a3706,持卡人消费,学子便利店A01后楼,-3.0,29.61,4989,正常
2016/05/19 18:20:40,a32fc5236610cbebaf5061ca948eeeeb4269e94f,18a2d693f1c5457c862c0973535cab02ee4a3706,持卡人消费,学子超市园丁总店,-5.0,24.61,4990,正常
2016/05/19 18:38:31,a32fc5236610cbebaf5061ca948eeeeb4269e94f,18a2d693f1c5457c862c0973535cab02ee4a3706,持卡人消费,15公寓浴池,-0.91,23.70,4992,正常
2016/05/19 18:45:14,a32fc5236610cbebaf5061ca948eeeeb4269e94f,18a2d693f1c5457c862c0973535cab02ee4a3706,持卡人消费,15公寓浴池,-1.02,22.68,4994,正常
2016/05/20 08:39:11,a32fc5236610cbebaf5061ca948eeeeb4269e94f,18a2d693f1c5457c862c0973535cab02ee4a3706,持卡人消费,学子便利店A01后楼,-3.8,18.88,4995,正常
2016/05/20 08:51:59,a32fc5236610cbebaf5061ca948eeeeb4269e94f,18a2d693f1c5457c862c0973535cab02ee4a3706,持卡人消费,学士楼商务网关,-1.8,17.08,4996,正常
2016/05/20 09:53:17,a32fc5236610cbebaf5061ca948eeeeb4269e94f,18a2d693f1c5457c862c0973535cab02ee4a3706,持卡人消费,身份前置机,-0.26,16.82,4997,正常
2016/05/20 12:06:10,a32fc5236610cbebaf5061ca948eeeeb4269e94f,18a2d693f1c5457c862c0973535cab02ee4a3706,持卡人消费,一校区水控新,-0.67,16.15,4999,正常
2016/05/20 12:08:17,a32fc5236610cbebaf5061ca948eeeeb4269e94f,18a2d693f1c5457c862c0973535cab02ee4a3706,持卡人消费,一校区水控新,-0.1,16.05,5001,正常
2016/05/20 12:14:53,a32fc5236610cbebaf5061ca948eeeeb4269e94f,18a2d693f1c5457c862c0973535cab02ee4a3706,持卡人消费,一校区水控新,-0.91,15.14,5003,正常
2016/05/20 15:29:25,a32fc5236610cbebaf5061ca948eeeeb4269e94f,18a2d693f1c5457c862c0973535cab02ee4a3706,持卡人消费,学子便利店A01后楼,-2.8,12.34,5004,正常
2016/05/20 18:27:29,a32fc5236610cbebaf5061ca948eeeeb4269e94f,18a2d693f1c5457c862c0973535cab02ee4a3706,持卡人消费,学子便利店A01后楼,-5.5,6.84,5005,正常
2016/05/21 12:48:56,a32fc5236610cbebaf5061ca948eeeeb4269e94f,18a2d693f1c5457c862c0973535cab02ee4a3706,持卡人消费,学子便利店A01后楼,-0.7,6.14,5006,正常
2016/05/21 18:33:34,a32fc5236610cbebaf5061ca948eeeeb4269e94f,18a2d693f1c5457c862c0973535cab02ee4a3706,持卡人消费,学子便利店A01后楼,-6.0,0.14,5007,正常
2016/05/24 13:18:24,a32fc5236610cbebaf5061ca948eeeeb4269e94f,18a2d693f1c5457c862c0973535cab02ee4a3706,存款,现金充值机,100.0,100.14,5008,正常
2016/05/24 13:18:45,a32fc5236610cbebaf5061ca948eeeeb4269e94f,18a2d693f1c5457c862c0973535cab02ee4a3706,存款,现金充值机,50.0,150.14,5009,正常
2016/05/24 18:15:17,a32fc5236610cbebaf5061ca948eeeeb4269e94f,18a2d693f1c5457c862c0973535cab02ee4a3706,持卡人消费,学子便利店A01后楼,-3.8,146.34,5010,正常
2016/05/24 18:41:25,a32fc5236610cbebaf5061ca948eeeeb4269e94f,18a2d693f1c5457c862c0973535cab02ee4a3706,持卡人消费,学子便利店A01后楼,-7.5,138.84,5011,正常
2016/05/24 20:48:23,a32fc5236610cbebaf5061ca948eeeeb4269e94f,18a2d693f1c5457c862c0973535cab02ee4a3706,持卡人消费,学子便利店A01后楼,-3.8,135.04,5012,正常
2016/05/25 11:52:09,a32fc5236610cbebaf5061ca948eeeeb4269e94f,18a2d693f1c5457c862c0973535cab02ee4a3706,持卡人消费,学子超市园丁总店,-5.0,130.04,5013,正常
2016/05/25 19:21:20,a32fc5236610cbebaf5061ca948eeeeb4269e94f,18a2d693f1c5457c862c0973535cab02ee4a3706,持卡人消费,学子便利店A01后楼,-6.5,123.54,5014,正常
2016/05/25 21:18:59,a32fc5236610cbebaf5061ca948eeeeb4269e94f,18a2d693f1c5457c862c0973535cab02ee4a3706,持卡人消费,学子便利店A01后楼,-7.4,116.14,5015,正常
2016/05/26 12:22:50,a32fc5236610cbebaf5061ca948eeeeb4269e94f,18a2d693f1c5457c862c0973535cab02ee4a3706,持卡人消费,学子便利店A01后楼,-4.5,111.64,5016,正常
2016/05/26 15:54:38,a32fc5236610cbebaf5061ca948eeeeb4269e94f,18a2d693f1c5457c862c0973535cab02ee4a3706,持卡人消费,学子便利店A01后楼,-2.8,108.84,5017,正常
2016/05/26 18:01:44,a32fc5236610cbebaf5061ca948eeeeb4269e94f,18a2d693f1c5457c862c0973535cab02ee4a3706,持卡人消费,学子便利店A01后楼,-2.7,106.14,5018,正常
2016/05/27 11:15:31,a32fc5236610cbebaf5061ca948eeeeb4269e94f,18a2d693f1c5457c862c0973535cab02ee4a3706,持卡人消费,硕果园（工大商店）,-15.0,91.14,5019,正常
2016/05/27 11:36:05,a32fc5236610cbebaf5061ca948eeeeb4269e94f,18a2d693f1c5457c862c0973535cab02ee4a3706,持卡人消费,硕果园（工大商店）,-5.0,86.14,5020,正常
2016/05/27 15:50:37,a32fc5236610cbebaf5061ca948eeeeb4269e94f,18a2d693f1c5457c862c0973535cab02ee4a3706,持卡人消费,学子便利店A01后楼,-4.0,82.14,5021,正常
2016/05/28 11:49:55,a32fc5236610cbebaf5061ca948eeeeb4269e94f,18a2d693f1c5457c862c0973535cab02ee4a3706,持卡人消费,学子便利店A01后楼,-12.0,70.14,5022,正常
2016/05/28 15:25:38,a32fc5236610cbebaf5061ca948eeeeb4269e94f,18a2d693f1c5457c862c0973535cab02ee4a3706,持卡人消费,15公寓浴池,-1.18,68.96,5024,正常
2016/05/28 15:33:16,a32fc5236610cbebaf5061ca948eeeeb4269e94f,18a2d693f1c5457c862c0973535cab02ee4a3706,持卡人消费,15公寓浴池,-1.22,67.74,5026,正常
2016/05/28 20:52:14,a32fc5236610cbebaf5061ca948eeeeb4269e94f,18a2d693f1c5457c862c0973535cab02ee4a3706,持卡人消费,A1,-3.0,64.74,5027,正常
2016/05/28 21:23:55,a32fc5236610cbebaf5061ca948eeeeb4269e94f,18a2d693f1c5457c862c0973535cab02ee4a3706,持卡人消费,学子便利店A01后楼,-2.0,62.74,5028,正常
2016/05/29 12:30:52,a32fc5236610cbebaf5061ca948eeeeb4269e94f,18a2d693f1c5457c862c0973535cab02ee4a3706,持卡人消费,硕果园（工大商店）,-9.0,53.74,5029,正常
2016/05/29 12:31:49,a32fc5236610cbebaf5061ca948eeeeb4269e94f,18a2d693f1c5457c862c0973535cab02ee4a3706,持卡人消费,硕果园（工大商店）,-1.0,52.74,5030,正常
2016/05/29 12:47:48,a32fc5236610cbebaf5061ca948eeeeb4269e94f,18a2d693f1c5457c862c0973535cab02ee4a3706,持卡人消费,硕果园（工大商店）,-1.0,51.74,5031,正常
2016/05/29 12:48:55,a32fc5236610cbebaf5061ca948eeeeb4269e94f,18a2d693f1c5457c862c0973535cab02ee4a3706,持卡人消费,硕果园（工大商店）,-5.0,46.74,5032,正常
2016/05/29 15:03:45,a32fc5236610cbebaf5061ca948eeeeb4269e94f,18a2d693f1c5457c862c0973535cab02ee4a3706,持卡人消费,学子便利店A01后楼,-1.5,50.24,5032,正常
2016/05/29 20:54:13,a32fc5236610cbebaf5061ca948eeeeb4269e94f,18a2d693f1c5457c862c0973535cab02ee4a3706,持卡人消费,学子便利店A01后楼,-4.0,46.24,5033,正常
2016/05/30 12:58:42,a32fc5236610cbebaf5061ca948eeeeb4269e94f,18a2d693f1c5457c862c0973535cab02ee4a3706,持卡人消费,学子便利店A01后楼,-6.5,39.74,5034,正常
2016/05/30 14:15:23,a32fc5236610cbebaf5061ca948eeeeb4269e94f,18a2d693f1c5457c862c0973535cab02ee4a3706,持卡人消费,学子便利店A01后楼,-1.5,38.24,5035,正常
2016/05/30 20:55:38,a32fc5236610cbebaf5061ca948eeeeb4269e94f,18a2d693f1c5457c862c0973535cab02ee4a3706,持卡人消费,学子便利店A01后楼,-6.6,31.64,5036,正常
2016/05/31 21:21:55,a32fc5236610cbebaf5061ca948eeeeb4269e94f,18a2d693f1c5457c862c0973535cab02ee4a3706,持卡人消费,学子便利店A01后楼,-3.8,27.84,5037,正常
