交易发生时间,学号,姓名,交易类型,子系统名称,交易额,现有余额,次数,状态
2016/05/03 11:27:25,3d7c5ff8e0ed12efd80b81339655764c57b6fcca,18bd8cad86dfa01df18fb7579cbd9042a4ac3950,存款,现金充值机,100.0,101.71,3254,正常
2016/05/03 11:51:19,3d7c5ff8e0ed12efd80b81339655764c57b6fcca,18bd8cad86dfa01df18fb7579cbd9042a4ac3950,持卡人消费,学苑楼商务网关,-8.0,93.71,3255,正常
2016/05/03 12:12:57,3d7c5ff8e0ed12efd80b81339655764c57b6fcca,18bd8cad86dfa01df18fb7579cbd9042a4ac3950,持卡人消费,硕果园（工大商店）,-9.0,84.71,3256,正常
2016/05/03 13:46:42,3d7c5ff8e0ed12efd80b81339655764c57b6fcca,18bd8cad86dfa01df18fb7579cbd9042a4ac3950,持卡人消费,15公寓浴池,-0.46,82.25,3259,正常
2016/05/03 13:52:03,3d7c5ff8e0ed12efd80b81339655764c57b6fcca,18bd8cad86dfa01df18fb7579cbd9042a4ac3950,持卡人消费,15公寓浴池,-0.3,81.95,3261,正常
2016/05/03 13:52:13,3d7c5ff8e0ed12efd80b81339655764c57b6fcca,18bd8cad86dfa01df18fb7579cbd9042a4ac3950,持卡人消费,15公寓浴池,-1.44,82.51,3262,正常
2016/05/03 13:53:36,3d7c5ff8e0ed12efd80b81339655764c57b6fcca,18bd8cad86dfa01df18fb7579cbd9042a4ac3950,持卡人消费,15公寓浴池,-0.13,82.38,3264,正常
2016/05/03 13:59:21,3d7c5ff8e0ed12efd80b81339655764c57b6fcca,18bd8cad86dfa01df18fb7579cbd9042a4ac3950,持卡人消费,15公寓浴池,-0.99,79.39,3267,正常
2016/05/03 14:00:23,3d7c5ff8e0ed12efd80b81339655764c57b6fcca,18bd8cad86dfa01df18fb7579cbd9042a4ac3950,持卡人消费,15公寓浴池,-1.09,80.30,3268,正常
2016/05/05 08:02:50,3d7c5ff8e0ed12efd80b81339655764c57b6fcca,18bd8cad86dfa01df18fb7579cbd9042a4ac3950,持卡人消费,学士楼商务网关,-5.4,74.90,3269,正常
2016/05/05 16:58:01,3d7c5ff8e0ed12efd80b81339655764c57b6fcca,18bd8cad86dfa01df18fb7579cbd9042a4ac3950,持卡人消费,超市商务子系统,-12.9,62.00,3270,正常
2016/05/05 17:00:07,3d7c5ff8e0ed12efd80b81339655764c57b6fcca,18bd8cad86dfa01df18fb7579cbd9042a4ac3950,持卡人消费,超市商务子系统,-5.2,56.80,3271,正常
2016/05/06 16:38:24,3d7c5ff8e0ed12efd80b81339655764c57b6fcca,18bd8cad86dfa01df18fb7579cbd9042a4ac3950,持卡人消费,一区图书馆APOS,-1.2,55.60,3272,正常
2016/05/07 11:56:00,3d7c5ff8e0ed12efd80b81339655764c57b6fcca,18bd8cad86dfa01df18fb7579cbd9042a4ac3950,持卡人消费,学士楼商务网关,-4.1,51.50,3273,正常
2016/05/07 18:02:17,3d7c5ff8e0ed12efd80b81339655764c57b6fcca,18bd8cad86dfa01df18fb7579cbd9042a4ac3950,持卡人消费,学士楼商务网关,-8.5,43.00,3274,正常
2016/05/08 11:49:03,3d7c5ff8e0ed12efd80b81339655764c57b6fcca,18bd8cad86dfa01df18fb7579cbd9042a4ac3950,持卡人消费,学士楼商务网关,-8.6,34.40,3275,正常
2016/05/09 11:24:48,3d7c5ff8e0ed12efd80b81339655764c57b6fcca,18bd8cad86dfa01df18fb7579cbd9042a4ac3950,持卡人消费,学苑楼商务网关,-8.0,26.40,3276,正常
2016/05/09 11:43:51,3d7c5ff8e0ed12efd80b81339655764c57b6fcca,18bd8cad86dfa01df18fb7579cbd9042a4ac3950,持卡人消费,学苑楼商务网关,-2.5,23.90,3277,正常
2016/05/09 20:19:00,3d7c5ff8e0ed12efd80b81339655764c57b6fcca,18bd8cad86dfa01df18fb7579cbd9042a4ac3950,持卡人消费,硕果园（工大商店）,-8.0,15.90,3278,正常
2016/05/10 07:42:24,3d7c5ff8e0ed12efd80b81339655764c57b6fcca,18bd8cad86dfa01df18fb7579cbd9042a4ac3950,持卡人消费,学士楼商务网关,-4.1,11.80,3279,正常
2016/05/10 11:28:44,3d7c5ff8e0ed12efd80b81339655764c57b6fcca,18bd8cad86dfa01df18fb7579cbd9042a4ac3950,持卡人消费,学士楼商务网关,-10.6,1.20,3280,正常
2016/05/13 09:32:18,3d7c5ff8e0ed12efd80b81339655764c57b6fcca,18bd8cad86dfa01df18fb7579cbd9042a4ac3950,存款,现金充值机,100.0,101.20,3281,正常
2016/05/13 09:54:54,3d7c5ff8e0ed12efd80b81339655764c57b6fcca,18bd8cad86dfa01df18fb7579cbd9042a4ac3950,持卡人消费,学苑楼商务网关,-3.0,98.20,3282,正常
2016/05/13 12:40:49,3d7c5ff8e0ed12efd80b81339655764c57b6fcca,18bd8cad86dfa01df18fb7579cbd9042a4ac3950,持卡人消费,学苑楼商务网关,-8.0,90.20,3283,正常
2016/05/13 12:40:55,3d7c5ff8e0ed12efd80b81339655764c57b6fcca,18bd8cad86dfa01df18fb7579cbd9042a4ac3950,持卡人消费,学苑楼商务网关,-1.0,89.20,3284,正常
2016/05/13 17:56:26,3d7c5ff8e0ed12efd80b81339655764c57b6fcca,18bd8cad86dfa01df18fb7579cbd9042a4ac3950,持卡人消费,学士楼商务网关,-4.1,85.10,3285,正常
2016/05/14 14:15:01,3d7c5ff8e0ed12efd80b81339655764c57b6fcca,18bd8cad86dfa01df18fb7579cbd9042a4ac3950,持卡人消费,15公寓浴池,-0.32,84.78,3287,正常
2016/05/14 14:17:11,3d7c5ff8e0ed12efd80b81339655764c57b6fcca,18bd8cad86dfa01df18fb7579cbd9042a4ac3950,持卡人消费,15公寓浴池,-0.02,84.76,3289,正常
2016/05/14 14:19:54,3d7c5ff8e0ed12efd80b81339655764c57b6fcca,18bd8cad86dfa01df18fb7579cbd9042a4ac3950,持卡人消费,15公寓浴池,-0.29,84.47,3291,正常
2016/05/14 14:24:02,3d7c5ff8e0ed12efd80b81339655764c57b6fcca,18bd8cad86dfa01df18fb7579cbd9042a4ac3950,持卡人消费,15公寓浴池,-0.69,83.78,3293,正常
2016/05/15 12:00:12,3d7c5ff8e0ed12efd80b81339655764c57b6fcca,18bd8cad86dfa01df18fb7579cbd9042a4ac3950,持卡人消费,硕果园（工大商店）,-10.0,73.78,3294,正常
2016/05/16 10:33:28,3d7c5ff8e0ed12efd80b81339655764c57b6fcca,18bd8cad86dfa01df18fb7579cbd9042a4ac3950,持卡人消费,学士楼商务网关,-3.6,70.18,3295,正常
2016/05/16 10:33:35,3d7c5ff8e0ed12efd80b81339655764c57b6fcca,18bd8cad86dfa01df18fb7579cbd9042a4ac3950,持卡人消费,学士楼商务网关,-2.5,67.68,3296,正常
2016/05/17 10:43:27,3d7c5ff8e0ed12efd80b81339655764c57b6fcca,18bd8cad86dfa01df18fb7579cbd9042a4ac3950,持卡人消费,学士楼商务网关,-5.4,62.28,3297,正常
2016/05/17 13:29:50,3d7c5ff8e0ed12efd80b81339655764c57b6fcca,18bd8cad86dfa01df18fb7579cbd9042a4ac3950,持卡人消费,15公寓浴池,-0.29,61.99,3299,正常
2016/05/17 13:32:16,3d7c5ff8e0ed12efd80b81339655764c57b6fcca,18bd8cad86dfa01df18fb7579cbd9042a4ac3950,持卡人消费,15公寓浴池,-0.03,61.96,3301,正常
2016/05/17 13:36:03,3d7c5ff8e0ed12efd80b81339655764c57b6fcca,18bd8cad86dfa01df18fb7579cbd9042a4ac3950,持卡人消费,15公寓浴池,-0.46,61.50,3303,正常
2016/05/17 13:38:36,3d7c5ff8e0ed12efd80b81339655764c57b6fcca,18bd8cad86dfa01df18fb7579cbd9042a4ac3950,持卡人消费,15公寓浴池,-0.37,61.13,3305,正常
2016/05/17 13:40:02,3d7c5ff8e0ed12efd80b81339655764c57b6fcca,18bd8cad86dfa01df18fb7579cbd9042a4ac3950,持卡人消费,15公寓浴池,-0.18,60.95,3307,正常
2016/05/17 13:41:21,3d7c5ff8e0ed12efd80b81339655764c57b6fcca,18bd8cad86dfa01df18fb7579cbd9042a4ac3950,持卡人消费,15公寓浴池,-0.16,60.79,3309,正常
2016/05/17 13:42:12,3d7c5ff8e0ed12efd80b81339655764c57b6fcca,18bd8cad86dfa01df18fb7579cbd9042a4ac3950,持卡人消费,15公寓浴池,-0.11,60.68,3311,正常
2016/05/18 10:50:01,3d7c5ff8e0ed12efd80b81339655764c57b6fcca,18bd8cad86dfa01df18fb7579cbd9042a4ac3950,持卡人消费,硕果园（工大商店）,-8.0,52.68,3312,正常
2016/05/18 18:18:59,3d7c5ff8e0ed12efd80b81339655764c57b6fcca,18bd8cad86dfa01df18fb7579cbd9042a4ac3950,持卡人消费,学苑楼商务网关,-8.0,44.68,3313,正常
2016/05/19 09:56:11,3d7c5ff8e0ed12efd80b81339655764c57b6fcca,18bd8cad86dfa01df18fb7579cbd9042a4ac3950,持卡人消费,A2,-9.0,35.68,3314,正常
2016/05/19 09:56:21,3d7c5ff8e0ed12efd80b81339655764c57b6fcca,18bd8cad86dfa01df18fb7579cbd9042a4ac3950,持卡人消费,A2,-6.0,29.68,3315,正常
2016/05/19 14:29:02,3d7c5ff8e0ed12efd80b81339655764c57b6fcca,18bd8cad86dfa01df18fb7579cbd9042a4ac3950,持卡人消费,15公寓浴池,-0.02,29.66,3317,正常
2016/05/19 14:30:16,3d7c5ff8e0ed12efd80b81339655764c57b6fcca,18bd8cad86dfa01df18fb7579cbd9042a4ac3950,持卡人消费,15公寓浴池,-0.22,29.44,3319,正常
2016/05/19 14:30:38,3d7c5ff8e0ed12efd80b81339655764c57b6fcca,18bd8cad86dfa01df18fb7579cbd9042a4ac3950,持卡人消费,15公寓浴池,-0.02,29.42,3321,正常
2016/05/19 14:32:39,3d7c5ff8e0ed12efd80b81339655764c57b6fcca,18bd8cad86dfa01df18fb7579cbd9042a4ac3950,持卡人消费,15公寓浴池,-0.02,29.40,3323,正常
2016/05/19 14:36:23,3d7c5ff8e0ed12efd80b81339655764c57b6fcca,18bd8cad86dfa01df18fb7579cbd9042a4ac3950,持卡人消费,15公寓浴池,-0.4,29.00,3325,正常
2016/05/19 14:37:42,3d7c5ff8e0ed12efd80b81339655764c57b6fcca,18bd8cad86dfa01df18fb7579cbd9042a4ac3950,持卡人消费,15公寓浴池,-0.13,28.87,3327,正常
2016/05/19 14:38:52,3d7c5ff8e0ed12efd80b81339655764c57b6fcca,18bd8cad86dfa01df18fb7579cbd9042a4ac3950,持卡人消费,15公寓浴池,-0.14,28.73,3329,正常
2016/05/19 14:40:01,3d7c5ff8e0ed12efd80b81339655764c57b6fcca,18bd8cad86dfa01df18fb7579cbd9042a4ac3950,持卡人消费,15公寓浴池,-0.11,28.62,3331,正常
2016/05/19 14:41:35,3d7c5ff8e0ed12efd80b81339655764c57b6fcca,18bd8cad86dfa01df18fb7579cbd9042a4ac3950,持卡人消费,15公寓浴池,-0.19,28.43,3333,正常
2016/05/20 09:30:36,3d7c5ff8e0ed12efd80b81339655764c57b6fcca,18bd8cad86dfa01df18fb7579cbd9042a4ac3950,持卡人消费,学士楼商务网关,-1.0,27.43,3334,正常
2016/05/20 09:31:03,3d7c5ff8e0ed12efd80b81339655764c57b6fcca,18bd8cad86dfa01df18fb7579cbd9042a4ac3950,持卡人消费,学士楼商务网关,-1.0,26.43,3335,正常
2016/05/20 12:30:33,3d7c5ff8e0ed12efd80b81339655764c57b6fcca,18bd8cad86dfa01df18fb7579cbd9042a4ac3950,持卡人消费,学苑楼商务网关,-9.0,17.43,3336,正常
2016/05/21 18:52:35,3d7c5ff8e0ed12efd80b81339655764c57b6fcca,18bd8cad86dfa01df18fb7579cbd9042a4ac3950,持卡人消费,硕果园（工大商店）,-0.6,16.83,3337,正常
2016/05/22 08:08:16,3d7c5ff8e0ed12efd80b81339655764c57b6fcca,18bd8cad86dfa01df18fb7579cbd9042a4ac3950,持卡人消费,学士楼商务网关,-1.6,15.23,3338,正常
2016/05/23 08:45:01,3d7c5ff8e0ed12efd80b81339655764c57b6fcca,18bd8cad86dfa01df18fb7579cbd9042a4ac3950,持卡人消费,学士楼商务网关,-2.0,13.23,3339,正常
2016/05/23 14:37:08,3d7c5ff8e0ed12efd80b81339655764c57b6fcca,18bd8cad86dfa01df18fb7579cbd9042a4ac3950,持卡人消费,15公寓浴池,-0.24,12.99,3341,正常
2016/05/23 14:37:22,3d7c5ff8e0ed12efd80b81339655764c57b6fcca,18bd8cad86dfa01df18fb7579cbd9042a4ac3950,持卡人消费,15公寓浴池,-0.02,12.97,3343,正常
2016/05/23 14:39:05,3d7c5ff8e0ed12efd80b81339655764c57b6fcca,18bd8cad86dfa01df18fb7579cbd9042a4ac3950,持卡人消费,15公寓浴池,-0.02,12.95,3345,正常
2016/05/23 14:41:30,3d7c5ff8e0ed12efd80b81339655764c57b6fcca,18bd8cad86dfa01df18fb7579cbd9042a4ac3950,持卡人消费,15公寓浴池,-0.27,12.68,3347,正常
2016/05/23 14:43:09,3d7c5ff8e0ed12efd80b81339655764c57b6fcca,18bd8cad86dfa01df18fb7579cbd9042a4ac3950,持卡人消费,15公寓浴池,-0.21,12.47,3349,正常
2016/05/23 14:44:16,3d7c5ff8e0ed12efd80b81339655764c57b6fcca,18bd8cad86dfa01df18fb7579cbd9042a4ac3950,持卡人消费,15公寓浴池,-0.13,12.34,3351,正常
2016/05/23 14:45:50,3d7c5ff8e0ed12efd80b81339655764c57b6fcca,18bd8cad86dfa01df18fb7579cbd9042a4ac3950,持卡人消费,15公寓浴池,-0.16,12.18,3353,正常
2016/05/23 14:47:28,3d7c5ff8e0ed12efd80b81339655764c57b6fcca,18bd8cad86dfa01df18fb7579cbd9042a4ac3950,持卡人消费,15公寓浴池,-0.18,12.00,3355,正常
2016/05/23 14:48:01,3d7c5ff8e0ed12efd80b81339655764c57b6fcca,18bd8cad86dfa01df18fb7579cbd9042a4ac3950,持卡人消费,15公寓浴池,-0.05,11.95,3357,正常
2016/05/23 17:33:40,3d7c5ff8e0ed12efd80b81339655764c57b6fcca,18bd8cad86dfa01df18fb7579cbd9042a4ac3950,持卡人消费,学士楼商务网关,-6.6,5.35,3358,正常
2016/05/24 16:55:34,3d7c5ff8e0ed12efd80b81339655764c57b6fcca,18bd8cad86dfa01df18fb7579cbd9042a4ac3950,存款,现金充值机,100.0,105.35,3359,正常
2016/05/24 17:19:03,3d7c5ff8e0ed12efd80b81339655764c57b6fcca,18bd8cad86dfa01df18fb7579cbd9042a4ac3950,持卡人消费,学苑楼商务网关,-6.0,99.35,3360,正常
2016/05/24 17:19:32,3d7c5ff8e0ed12efd80b81339655764c57b6fcca,18bd8cad86dfa01df18fb7579cbd9042a4ac3950,持卡人消费,学苑楼商务网关,-3.0,96.35,3361,正常
2016/05/24 17:21:02,3d7c5ff8e0ed12efd80b81339655764c57b6fcca,18bd8cad86dfa01df18fb7579cbd9042a4ac3950,持卡人消费,学苑楼商务网关,-3.6,92.75,3362,正常
2016/05/24 17:46:37,3d7c5ff8e0ed12efd80b81339655764c57b6fcca,18bd8cad86dfa01df18fb7579cbd9042a4ac3950,持卡人消费,学苑楼商务网关,-2.0,90.75,3363,正常
2016/05/25 17:44:08,3d7c5ff8e0ed12efd80b81339655764c57b6fcca,18bd8cad86dfa01df18fb7579cbd9042a4ac3950,持卡人消费,硕果园（工大商店）,-5.0,85.75,3364,正常
2016/05/26 12:24:41,3d7c5ff8e0ed12efd80b81339655764c57b6fcca,18bd8cad86dfa01df18fb7579cbd9042a4ac3950,持卡人消费,硕果园（工大商店）,-8.0,77.75,3365,正常
2016/05/26 16:45:48,3d7c5ff8e0ed12efd80b81339655764c57b6fcca,18bd8cad86dfa01df18fb7579cbd9042a4ac3950,持卡人消费,15公寓浴池,-0.22,77.53,3367,正常
2016/05/26 16:50:58,3d7c5ff8e0ed12efd80b81339655764c57b6fcca,18bd8cad86dfa01df18fb7579cbd9042a4ac3950,持卡人消费,15公寓浴池,-0.37,77.16,3369,正常
2016/05/26 16:53:40,3d7c5ff8e0ed12efd80b81339655764c57b6fcca,18bd8cad86dfa01df18fb7579cbd9042a4ac3950,持卡人消费,15公寓浴池,-0.35,76.81,3371,正常
2016/05/26 16:57:39,3d7c5ff8e0ed12efd80b81339655764c57b6fcca,18bd8cad86dfa01df18fb7579cbd9042a4ac3950,持卡人消费,15公寓浴池,-0.62,76.19,3373,正常
2016/05/26 17:50:05,3d7c5ff8e0ed12efd80b81339655764c57b6fcca,18bd8cad86dfa01df18fb7579cbd9042a4ac3950,持卡人消费,学士楼商务网关,-1.6,74.59,3374,正常
2016/05/29 10:16:51,3d7c5ff8e0ed12efd80b81339655764c57b6fcca,18bd8cad86dfa01df18fb7579cbd9042a4ac3950,持卡人消费,学士楼商务网关,-1.6,72.99,3375,正常
2016/05/29 17:21:58,3d7c5ff8e0ed12efd80b81339655764c57b6fcca,18bd8cad86dfa01df18fb7579cbd9042a4ac3950,持卡人消费,学苑楼商务网关,-4.0,68.99,3376,正常
2016/05/29 17:22:08,3d7c5ff8e0ed12efd80b81339655764c57b6fcca,18bd8cad86dfa01df18fb7579cbd9042a4ac3950,持卡人消费,学苑楼商务网关,-0.6,68.39,3377,正常
2016/05/29 17:23:45,3d7c5ff8e0ed12efd80b81339655764c57b6fcca,18bd8cad86dfa01df18fb7579cbd9042a4ac3950,持卡人消费,学苑楼商务网关,-5.0,63.39,3378,正常
2016/05/30 10:35:49,3d7c5ff8e0ed12efd80b81339655764c57b6fcca,18bd8cad86dfa01df18fb7579cbd9042a4ac3950,持卡人消费,学士楼商务网关,-6.3,57.09,3379,正常
2016/05/30 18:28:22,3d7c5ff8e0ed12efd80b81339655764c57b6fcca,18bd8cad86dfa01df18fb7579cbd9042a4ac3950,持卡人消费,15公寓浴池,-0.03,57.06,3381,正常
2016/05/30 18:28:32,3d7c5ff8e0ed12efd80b81339655764c57b6fcca,18bd8cad86dfa01df18fb7579cbd9042a4ac3950,持卡人消费,15公寓浴池,-0.02,57.04,3383,正常
2016/05/30 18:32:08,3d7c5ff8e0ed12efd80b81339655764c57b6fcca,18bd8cad86dfa01df18fb7579cbd9042a4ac3950,持卡人消费,15公寓浴池,-0.67,56.37,3385,正常
2016/05/30 18:32:26,3d7c5ff8e0ed12efd80b81339655764c57b6fcca,18bd8cad86dfa01df18fb7579cbd9042a4ac3950,持卡人消费,15公寓浴池,-0.02,56.35,3387,正常
2016/05/30 18:36:55,3d7c5ff8e0ed12efd80b81339655764c57b6fcca,18bd8cad86dfa01df18fb7579cbd9042a4ac3950,持卡人消费,15公寓浴池,-0.26,56.09,3389,正常
2016/05/30 18:37:47,3d7c5ff8e0ed12efd80b81339655764c57b6fcca,18bd8cad86dfa01df18fb7579cbd9042a4ac3950,持卡人消费,15公寓浴池,-0.08,56.01,3391,正常
2016/05/30 18:40:20,3d7c5ff8e0ed12efd80b81339655764c57b6fcca,18bd8cad86dfa01df18fb7579cbd9042a4ac3950,持卡人消费,15公寓浴池,-0.34,55.67,3393,正常
2016/05/30 18:41:41,3d7c5ff8e0ed12efd80b81339655764c57b6fcca,18bd8cad86dfa01df18fb7579cbd9042a4ac3950,持卡人消费,15公寓浴池,-0.14,55.53,3395,正常
2016/05/31 17:37:39,3d7c5ff8e0ed12efd80b81339655764c57b6fcca,18bd8cad86dfa01df18fb7579cbd9042a4ac3950,持卡人消费,学苑楼商务网关,-8.0,47.53,3396,正常
