交易发生时间,学号,姓名,交易类型,子系统名称,交易额,现有余额,次数,状态
2016/05/01 20:29:04,3d5ee4d570791cb4ae81c64aebe3fc74039437d6,18c960ac8264350437239aa7fd3ef7b8395d986c,持卡人消费,A1,-3.0,67.54,3168,正常
2016/05/02 13:20:37,3d5ee4d570791cb4ae81c64aebe3fc74039437d6,18c960ac8264350437239aa7fd3ef7b8395d986c,持卡人消费,超市商务子系统,-8.0,59.54,3169,正常
2016/05/02 13:23:01,3d5ee4d570791cb4ae81c64aebe3fc74039437d6,18c960ac8264350437239aa7fd3ef7b8395d986c,持卡人消费,超市商务子系统,-11.8,47.74,3170,正常
2016/05/02 18:13:48,3d5ee4d570791cb4ae81c64aebe3fc74039437d6,18c960ac8264350437239aa7fd3ef7b8395d986c,持卡人消费,硕果园（工大商店）,-12.0,35.74,3171,正常
2016/05/02 18:14:57,3d5ee4d570791cb4ae81c64aebe3fc74039437d6,18c960ac8264350437239aa7fd3ef7b8395d986c,持卡人消费,硕果园（工大商店）,-8.0,27.74,3172,正常
2016/05/03 09:00:44,3d5ee4d570791cb4ae81c64aebe3fc74039437d6,18c960ac8264350437239aa7fd3ef7b8395d986c,持卡人消费,学子便利店A01后楼,-5.5,22.24,3173,正常
2016/05/04 17:07:57,3d5ee4d570791cb4ae81c64aebe3fc74039437d6,18c960ac8264350437239aa7fd3ef7b8395d986c,存款,现金充值机,200.0,222.24,3174,正常
2016/05/04 17:30:49,3d5ee4d570791cb4ae81c64aebe3fc74039437d6,18c960ac8264350437239aa7fd3ef7b8395d986c,持卡人消费,学苑楼商务网关,-4.5,217.74,3175,正常
2016/05/04 17:31:52,3d5ee4d570791cb4ae81c64aebe3fc74039437d6,18c960ac8264350437239aa7fd3ef7b8395d986c,持卡人消费,学苑楼商务网关,-8.0,209.74,3176,正常
2016/05/05 12:53:38,3d5ee4d570791cb4ae81c64aebe3fc74039437d6,18c960ac8264350437239aa7fd3ef7b8395d986c,持卡人消费,硕果园（工大商店）,-14.0,195.74,3177,正常
2016/05/06 11:26:03,3d5ee4d570791cb4ae81c64aebe3fc74039437d6,18c960ac8264350437239aa7fd3ef7b8395d986c,持卡人消费,南苑网关,-9.84,185.90,3178,正常
2016/05/06 17:14:38,3d5ee4d570791cb4ae81c64aebe3fc74039437d6,18c960ac8264350437239aa7fd3ef7b8395d986c,持卡人消费,超市商务子系统,-3.7,182.20,3179,正常
2016/05/06 17:15:55,3d5ee4d570791cb4ae81c64aebe3fc74039437d6,18c960ac8264350437239aa7fd3ef7b8395d986c,持卡人消费,超市商务子系统,-15.7,166.50,3180,正常
2016/05/06 19:58:01,3d5ee4d570791cb4ae81c64aebe3fc74039437d6,18c960ac8264350437239aa7fd3ef7b8395d986c,持卡人消费,硕果园（工大商店）,-12.0,154.50,3181,正常
2016/05/06 20:00:54,3d5ee4d570791cb4ae81c64aebe3fc74039437d6,18c960ac8264350437239aa7fd3ef7b8395d986c,持卡人消费,硕果园（工大商店）,-3.0,151.50,3182,正常
2016/05/07 20:01:37,3d5ee4d570791cb4ae81c64aebe3fc74039437d6,18c960ac8264350437239aa7fd3ef7b8395d986c,持卡人消费,超市商务子系统,-3.6,147.90,3183,正常
2016/05/07 20:01:53,3d5ee4d570791cb4ae81c64aebe3fc74039437d6,18c960ac8264350437239aa7fd3ef7b8395d986c,持卡人消费,超市商务子系统,-1.8,146.10,3184,正常
2016/05/07 20:03:49,3d5ee4d570791cb4ae81c64aebe3fc74039437d6,18c960ac8264350437239aa7fd3ef7b8395d986c,持卡人消费,超市商务子系统,-3.5,142.60,3185,正常
2016/05/08 10:42:20,3d5ee4d570791cb4ae81c64aebe3fc74039437d6,18c960ac8264350437239aa7fd3ef7b8395d986c,持卡人消费,学子便利店A01后楼,-2.0,140.60,3186,正常
2016/05/08 12:27:39,3d5ee4d570791cb4ae81c64aebe3fc74039437d6,18c960ac8264350437239aa7fd3ef7b8395d986c,持卡人消费,超市商务子系统,-37.8,102.80,3187,正常
2016/05/09 08:35:36,3d5ee4d570791cb4ae81c64aebe3fc74039437d6,18c960ac8264350437239aa7fd3ef7b8395d986c,持卡人消费,学士楼商务网关,-1.9,100.90,3188,正常
2016/05/10 11:01:53,3d5ee4d570791cb4ae81c64aebe3fc74039437d6,18c960ac8264350437239aa7fd3ef7b8395d986c,持卡人消费,学士楼商务网关,-14.5,86.40,3189,正常
2016/05/10 19:33:56,3d5ee4d570791cb4ae81c64aebe3fc74039437d6,18c960ac8264350437239aa7fd3ef7b8395d986c,持卡人消费,超市商务子系统,-4.0,82.40,3190,正常
2016/05/10 19:35:14,3d5ee4d570791cb4ae81c64aebe3fc74039437d6,18c960ac8264350437239aa7fd3ef7b8395d986c,持卡人消费,超市商务子系统,-13.8,68.60,3191,正常
2016/05/11 11:28:45,3d5ee4d570791cb4ae81c64aebe3fc74039437d6,18c960ac8264350437239aa7fd3ef7b8395d986c,持卡人消费,南苑网关,-10.32,58.28,3192,正常
2016/05/12 08:15:55,3d5ee4d570791cb4ae81c64aebe3fc74039437d6,18c960ac8264350437239aa7fd3ef7b8395d986c,持卡人消费,学子便利店A01后楼,-5.1,53.18,3193,正常
2016/05/12 11:07:49,3d5ee4d570791cb4ae81c64aebe3fc74039437d6,18c960ac8264350437239aa7fd3ef7b8395d986c,持卡人消费,南苑网关,-9.84,43.34,3194,正常
2016/05/13 20:34:41,3d5ee4d570791cb4ae81c64aebe3fc74039437d6,18c960ac8264350437239aa7fd3ef7b8395d986c,持卡人消费,超市商务子系统,-5.6,37.74,3195,正常
2016/05/13 20:37:21,3d5ee4d570791cb4ae81c64aebe3fc74039437d6,18c960ac8264350437239aa7fd3ef7b8395d986c,持卡人消费,超市商务子系统,-11.5,26.24,3196,正常
2016/05/16 11:29:07,3d5ee4d570791cb4ae81c64aebe3fc74039437d6,18c960ac8264350437239aa7fd3ef7b8395d986c,持卡人消费,南苑网关,-8.16,18.08,3197,正常
2016/05/16 11:29:38,3d5ee4d570791cb4ae81c64aebe3fc74039437d6,18c960ac8264350437239aa7fd3ef7b8395d986c,持卡人消费,南苑网关,-6.96,11.12,3198,正常
2016/05/16 16:54:39,3d5ee4d570791cb4ae81c64aebe3fc74039437d6,18c960ac8264350437239aa7fd3ef7b8395d986c,存款,现金充值机,100.0,111.12,3199,正常
2016/05/16 17:16:38,3d5ee4d570791cb4ae81c64aebe3fc74039437d6,18c960ac8264350437239aa7fd3ef7b8395d986c,持卡人消费,学苑楼商务网关,-8.0,103.12,3200,正常
2016/05/16 17:27:14,3d5ee4d570791cb4ae81c64aebe3fc74039437d6,18c960ac8264350437239aa7fd3ef7b8395d986c,持卡人消费,学苑楼商务网关,-8.0,95.12,3201,正常
2016/05/17 08:33:42,3d5ee4d570791cb4ae81c64aebe3fc74039437d6,18c960ac8264350437239aa7fd3ef7b8395d986c,持卡人消费,学子便利店A01后楼,-5.9,89.22,3202,正常
2016/05/17 11:14:28,3d5ee4d570791cb4ae81c64aebe3fc74039437d6,18c960ac8264350437239aa7fd3ef7b8395d986c,持卡人消费,南苑网关,-11.28,77.94,3203,正常
2016/05/17 19:23:10,3d5ee4d570791cb4ae81c64aebe3fc74039437d6,18c960ac8264350437239aa7fd3ef7b8395d986c,持卡人消费,超市商务子系统,-19.7,58.24,3204,正常
2016/05/18 08:40:51,3d5ee4d570791cb4ae81c64aebe3fc74039437d6,18c960ac8264350437239aa7fd3ef7b8395d986c,持卡人消费,学子便利店A01后楼,-7.0,51.24,3205,正常
2016/05/18 11:21:34,3d5ee4d570791cb4ae81c64aebe3fc74039437d6,18c960ac8264350437239aa7fd3ef7b8395d986c,持卡人消费,南苑网关,-12.96,38.28,3206,正常
2016/05/18 11:22:00,3d5ee4d570791cb4ae81c64aebe3fc74039437d6,18c960ac8264350437239aa7fd3ef7b8395d986c,持卡人消费,南苑网关,-9.6,28.68,3207,正常
2016/05/18 17:36:46,3d5ee4d570791cb4ae81c64aebe3fc74039437d6,18c960ac8264350437239aa7fd3ef7b8395d986c,持卡人消费,超市商务子系统,-6.0,22.68,3208,正常
2016/05/18 17:36:50,3d5ee4d570791cb4ae81c64aebe3fc74039437d6,18c960ac8264350437239aa7fd3ef7b8395d986c,持卡人消费,超市商务子系统,-6.0,16.68,3209,正常
2016/05/20 11:18:48,3d5ee4d570791cb4ae81c64aebe3fc74039437d6,18c960ac8264350437239aa7fd3ef7b8395d986c,持卡人消费,南苑网关,-8.16,8.52,3210,正常
2016/05/21 15:28:51,3d5ee4d570791cb4ae81c64aebe3fc74039437d6,18c960ac8264350437239aa7fd3ef7b8395d986c,持卡人消费,超市商务子系统,-6.0,2.52,3211,正常
2016/05/21 15:32:53,3d5ee4d570791cb4ae81c64aebe3fc74039437d6,18c960ac8264350437239aa7fd3ef7b8395d986c,持卡人消费,超市商务子系统,-0.3,2.22,3212,正常
2016/05/21 15:34:32,3d5ee4d570791cb4ae81c64aebe3fc74039437d6,18c960ac8264350437239aa7fd3ef7b8395d986c,持卡人消费,超市商务子系统,-0.3,1.92,3213,正常
2016/05/24 19:27:59,3d5ee4d570791cb4ae81c64aebe3fc74039437d6,18c960ac8264350437239aa7fd3ef7b8395d986c,持卡人消费,超市商务子系统,-0.1,1.82,3214,正常
2016/05/25 10:51:35,3d5ee4d570791cb4ae81c64aebe3fc74039437d6,18c960ac8264350437239aa7fd3ef7b8395d986c,存款,现金充值机,100.0,101.82,3215,正常
2016/05/25 11:15:59,3d5ee4d570791cb4ae81c64aebe3fc74039437d6,18c960ac8264350437239aa7fd3ef7b8395d986c,持卡人消费,南苑网关,-9.36,92.46,3216,正常
2016/05/25 16:58:17,3d5ee4d570791cb4ae81c64aebe3fc74039437d6,18c960ac8264350437239aa7fd3ef7b8395d986c,持卡人消费,硕果园（工大商店）,-14.0,78.46,3217,正常
2016/05/26 12:21:22,3d5ee4d570791cb4ae81c64aebe3fc74039437d6,18c960ac8264350437239aa7fd3ef7b8395d986c,持卡人消费,学子便利店A01后楼,-8.3,70.16,3218,正常
2016/05/27 08:45:30,3d5ee4d570791cb4ae81c64aebe3fc74039437d6,18c960ac8264350437239aa7fd3ef7b8395d986c,持卡人消费,学子便利店A01后楼,-5.6,64.56,3219,正常
2016/05/27 18:39:18,3d5ee4d570791cb4ae81c64aebe3fc74039437d6,18c960ac8264350437239aa7fd3ef7b8395d986c,持卡人消费,超市商务子系统,-5.7,58.86,3220,正常
2016/05/28 09:28:22,3d5ee4d570791cb4ae81c64aebe3fc74039437d6,18c960ac8264350437239aa7fd3ef7b8395d986c,持卡人消费,学子便利店A01后楼,-5.5,53.36,3221,正常
2016/05/29 09:40:22,3d5ee4d570791cb4ae81c64aebe3fc74039437d6,18c960ac8264350437239aa7fd3ef7b8395d986c,持卡人消费,学子便利店A01后楼,-5.9,47.46,3222,正常
2016/05/29 13:15:25,3d5ee4d570791cb4ae81c64aebe3fc74039437d6,18c960ac8264350437239aa7fd3ef7b8395d986c,持卡人消费,超市商务子系统,-1.8,45.66,3223,正常
2016/05/30 08:41:47,3d5ee4d570791cb4ae81c64aebe3fc74039437d6,18c960ac8264350437239aa7fd3ef7b8395d986c,持卡人消费,学子便利店A01后楼,-3.1,42.56,3224,正常
2016/05/30 11:16:29,3d5ee4d570791cb4ae81c64aebe3fc74039437d6,18c960ac8264350437239aa7fd3ef7b8395d986c,持卡人消费,南苑网关,-6.96,35.60,3225,正常
2016/05/30 11:29:41,3d5ee4d570791cb4ae81c64aebe3fc74039437d6,18c960ac8264350437239aa7fd3ef7b8395d986c,持卡人消费,南苑网关,-3.8,31.80,3226,正常
2016/05/31 09:22:24,3d5ee4d570791cb4ae81c64aebe3fc74039437d6,18c960ac8264350437239aa7fd3ef7b8395d986c,持卡人消费,学子便利店A01后楼,-4.5,27.30,3227,正常
2016/05/31 11:28:19,3d5ee4d570791cb4ae81c64aebe3fc74039437d6,18c960ac8264350437239aa7fd3ef7b8395d986c,持卡人消费,南苑网关,-7.44,19.86,3228,正常
