交易发生时间,学号,姓名,交易类型,子系统名称,交易额,现有余额,次数,状态
2016/05/07 13:21:29,f1102bbfa5a7c327c7b919fac7fa17ca2bf3e47d,18fdd87c05e6907cfd9caa92e25f12d9c1b30f95,持卡人消费,网络中心,-30.0,12.15,5286,正常
2016/05/08 08:20:30,f1102bbfa5a7c327c7b919fac7fa17ca2bf3e47d,18fdd87c05e6907cfd9caa92e25f12d9c1b30f95,持卡人消费,学士楼商务网关,-2.2,9.95,5287,正常
2016/05/08 15:41:21,f1102bbfa5a7c327c7b919fac7fa17ca2bf3e47d,18fdd87c05e6907cfd9caa92e25f12d9c1b30f95,持卡人消费,15公寓浴池,-0.02,9.93,5289,正常
2016/05/08 15:48:23,f1102bbfa5a7c327c7b919fac7fa17ca2bf3e47d,18fdd87c05e6907cfd9caa92e25f12d9c1b30f95,持卡人消费,15公寓浴池,-1.33,8.60,5291,正常
2016/05/08 15:57:44,f1102bbfa5a7c327c7b919fac7fa17ca2bf3e47d,18fdd87c05e6907cfd9caa92e25f12d9c1b30f95,持卡人消费,15公寓浴池,-1.36,7.24,5293,正常
2016/05/16 16:20:59,f1102bbfa5a7c327c7b919fac7fa17ca2bf3e47d,18fdd87c05e6907cfd9caa92e25f12d9c1b30f95,存款,现金充值机,200.0,207.24,5294,正常
2016/05/16 16:47:37,f1102bbfa5a7c327c7b919fac7fa17ca2bf3e47d,18fdd87c05e6907cfd9caa92e25f12d9c1b30f95,持卡人消费,超市商务子系统,-11.7,195.54,5295,正常
2016/05/16 16:49:46,f1102bbfa5a7c327c7b919fac7fa17ca2bf3e47d,18fdd87c05e6907cfd9caa92e25f12d9c1b30f95,持卡人消费,学士楼商务网关,-4.6,190.94,5296,正常
2016/05/16 17:03:15,f1102bbfa5a7c327c7b919fac7fa17ca2bf3e47d,18fdd87c05e6907cfd9caa92e25f12d9c1b30f95,持卡人消费,学士楼商务网关,-4.68,186.26,5297,正常
2016/05/16 17:03:30,f1102bbfa5a7c327c7b919fac7fa17ca2bf3e47d,18fdd87c05e6907cfd9caa92e25f12d9c1b30f95,持卡人消费,学士楼商务网关,-0.1,186.16,5298,正常
2016/05/17 11:30:14,f1102bbfa5a7c327c7b919fac7fa17ca2bf3e47d,18fdd87c05e6907cfd9caa92e25f12d9c1b30f95,持卡人消费,硕果园（工大商店）,-13.0,173.16,5299,正常
2016/05/18 11:19:03,f1102bbfa5a7c327c7b919fac7fa17ca2bf3e47d,18fdd87c05e6907cfd9caa92e25f12d9c1b30f95,持卡人消费,学士楼商务网关,-4.6,168.56,5300,正常
2016/05/18 11:26:48,f1102bbfa5a7c327c7b919fac7fa17ca2bf3e47d,18fdd87c05e6907cfd9caa92e25f12d9c1b30f95,持卡人消费,学士楼商务网关,-3.98,164.58,5301,正常
2016/05/18 17:26:27,f1102bbfa5a7c327c7b919fac7fa17ca2bf3e47d,18fdd87c05e6907cfd9caa92e25f12d9c1b30f95,持卡人消费,学士楼商务网关,-5.6,158.98,5302,正常
2016/05/19 15:08:23,f1102bbfa5a7c327c7b919fac7fa17ca2bf3e47d,18fdd87c05e6907cfd9caa92e25f12d9c1b30f95,持卡人消费,15公寓浴池,-1.14,157.84,5304,正常
2016/05/19 15:13:22,f1102bbfa5a7c327c7b919fac7fa17ca2bf3e47d,18fdd87c05e6907cfd9caa92e25f12d9c1b30f95,持卡人消费,15公寓浴池,-0.42,157.42,5306,正常
2016/05/19 15:20:16,f1102bbfa5a7c327c7b919fac7fa17ca2bf3e47d,18fdd87c05e6907cfd9caa92e25f12d9c1b30f95,持卡人消费,15公寓浴池,-1.22,156.20,5308,正常
2016/05/19 15:27:21,f1102bbfa5a7c327c7b919fac7fa17ca2bf3e47d,18fdd87c05e6907cfd9caa92e25f12d9c1b30f95,持卡人消费,学子便利店A01后楼,-5.9,150.30,5309,正常
2016/05/19 17:26:42,f1102bbfa5a7c327c7b919fac7fa17ca2bf3e47d,18fdd87c05e6907cfd9caa92e25f12d9c1b30f95,持卡人消费,学士楼商务网关,-1.0,149.30,5310,正常
2016/05/19 17:28:22,f1102bbfa5a7c327c7b919fac7fa17ca2bf3e47d,18fdd87c05e6907cfd9caa92e25f12d9c1b30f95,持卡人消费,学士楼商务网关,-3.0,146.30,5311,正常
2016/05/20 11:31:29,f1102bbfa5a7c327c7b919fac7fa17ca2bf3e47d,18fdd87c05e6907cfd9caa92e25f12d9c1b30f95,持卡人消费,学士楼商务网关,-5.6,140.70,5312,正常
2016/05/20 17:25:11,f1102bbfa5a7c327c7b919fac7fa17ca2bf3e47d,18fdd87c05e6907cfd9caa92e25f12d9c1b30f95,持卡人消费,学士楼商务网关,-1.0,139.70,5313,正常
2016/05/20 17:26:04,f1102bbfa5a7c327c7b919fac7fa17ca2bf3e47d,18fdd87c05e6907cfd9caa92e25f12d9c1b30f95,持卡人消费,学士楼商务网关,-3.0,136.70,5314,正常
2016/05/20 17:37:01,f1102bbfa5a7c327c7b919fac7fa17ca2bf3e47d,18fdd87c05e6907cfd9caa92e25f12d9c1b30f95,持卡人消费,学士楼商务网关,-2.0,134.70,5315,正常
2016/05/21 11:19:05,f1102bbfa5a7c327c7b919fac7fa17ca2bf3e47d,18fdd87c05e6907cfd9caa92e25f12d9c1b30f95,持卡人消费,学士楼商务网关,-3.6,131.10,5316,正常
2016/05/22 18:01:32,f1102bbfa5a7c327c7b919fac7fa17ca2bf3e47d,18fdd87c05e6907cfd9caa92e25f12d9c1b30f95,持卡人消费,学苑楼商务网关,-8.0,123.10,5317,正常
2016/05/22 18:17:35,f1102bbfa5a7c327c7b919fac7fa17ca2bf3e47d,18fdd87c05e6907cfd9caa92e25f12d9c1b30f95,持卡人消费,学苑楼商务网关,-7.0,116.10,5318,正常
2016/05/23 15:16:06,f1102bbfa5a7c327c7b919fac7fa17ca2bf3e47d,18fdd87c05e6907cfd9caa92e25f12d9c1b30f95,持卡人消费,15公寓浴池,-1.58,114.52,5320,正常
2016/05/23 15:25:08,f1102bbfa5a7c327c7b919fac7fa17ca2bf3e47d,18fdd87c05e6907cfd9caa92e25f12d9c1b30f95,持卡人消费,15公寓浴池,-1.25,113.27,5322,正常
2016/05/23 15:32:47,f1102bbfa5a7c327c7b919fac7fa17ca2bf3e47d,18fdd87c05e6907cfd9caa92e25f12d9c1b30f95,持卡人消费,学子便利店A01后楼,-2.0,111.27,5323,正常
2016/05/23 17:29:41,f1102bbfa5a7c327c7b919fac7fa17ca2bf3e47d,18fdd87c05e6907cfd9caa92e25f12d9c1b30f95,持卡人消费,学士楼商务网关,-7.0,104.27,5324,正常
2016/05/24 11:31:16,f1102bbfa5a7c327c7b919fac7fa17ca2bf3e47d,18fdd87c05e6907cfd9caa92e25f12d9c1b30f95,持卡人消费,学士楼商务网关,-4.6,99.67,5325,正常
2016/05/24 15:50:26,f1102bbfa5a7c327c7b919fac7fa17ca2bf3e47d,18fdd87c05e6907cfd9caa92e25f12d9c1b30f95,持卡人消费,网络中心,-30.0,69.67,5326,正常
2016/05/24 17:19:12,f1102bbfa5a7c327c7b919fac7fa17ca2bf3e47d,18fdd87c05e6907cfd9caa92e25f12d9c1b30f95,持卡人消费,学士楼商务网关,-1.0,68.67,5327,正常
2016/05/24 17:20:02,f1102bbfa5a7c327c7b919fac7fa17ca2bf3e47d,18fdd87c05e6907cfd9caa92e25f12d9c1b30f95,持卡人消费,学士楼商务网关,-1.5,67.17,5328,正常
2016/05/24 17:20:57,f1102bbfa5a7c327c7b919fac7fa17ca2bf3e47d,18fdd87c05e6907cfd9caa92e25f12d9c1b30f95,持卡人消费,学士楼商务网关,-2.0,65.17,5329,正常
2016/05/25 11:17:20,f1102bbfa5a7c327c7b919fac7fa17ca2bf3e47d,18fdd87c05e6907cfd9caa92e25f12d9c1b30f95,持卡人消费,学士楼商务网关,-6.0,59.17,5330,正常
2016/05/25 14:23:35,f1102bbfa5a7c327c7b919fac7fa17ca2bf3e47d,18fdd87c05e6907cfd9caa92e25f12d9c1b30f95,持卡人消费,学子便利店A01后楼,-3.4,55.77,5331,正常
2016/05/25 17:15:44,f1102bbfa5a7c327c7b919fac7fa17ca2bf3e47d,18fdd87c05e6907cfd9caa92e25f12d9c1b30f95,持卡人消费,学士楼商务网关,-2.5,53.27,5332,正常
2016/05/25 17:17:52,f1102bbfa5a7c327c7b919fac7fa17ca2bf3e47d,18fdd87c05e6907cfd9caa92e25f12d9c1b30f95,持卡人消费,学士楼商务网关,-3.0,50.27,5333,正常
2016/05/26 08:24:56,f1102bbfa5a7c327c7b919fac7fa17ca2bf3e47d,18fdd87c05e6907cfd9caa92e25f12d9c1b30f95,持卡人消费,学子便利店A01后楼,-4.0,46.27,5334,正常
2016/05/26 11:45:23,f1102bbfa5a7c327c7b919fac7fa17ca2bf3e47d,18fdd87c05e6907cfd9caa92e25f12d9c1b30f95,持卡人消费,南苑网关,-4.6,41.67,5335,正常
2016/05/26 17:28:27,f1102bbfa5a7c327c7b919fac7fa17ca2bf3e47d,18fdd87c05e6907cfd9caa92e25f12d9c1b30f95,持卡人消费,南苑网关,-7.44,34.23,5336,正常
2016/05/26 20:10:44,f1102bbfa5a7c327c7b919fac7fa17ca2bf3e47d,18fdd87c05e6907cfd9caa92e25f12d9c1b30f95,持卡人消费,15公寓浴池,-1.25,32.98,5338,正常
2016/05/26 20:14:12,f1102bbfa5a7c327c7b919fac7fa17ca2bf3e47d,18fdd87c05e6907cfd9caa92e25f12d9c1b30f95,持卡人消费,15公寓浴池,-0.19,32.79,5340,正常
2016/05/26 20:18:51,f1102bbfa5a7c327c7b919fac7fa17ca2bf3e47d,18fdd87c05e6907cfd9caa92e25f12d9c1b30f95,持卡人消费,15公寓浴池,-0.88,31.91,5342,正常
2016/05/26 20:26:21,f1102bbfa5a7c327c7b919fac7fa17ca2bf3e47d,18fdd87c05e6907cfd9caa92e25f12d9c1b30f95,持卡人消费,学子便利店A01后楼,-3.0,28.91,5343,正常
2016/05/27 17:29:04,f1102bbfa5a7c327c7b919fac7fa17ca2bf3e47d,18fdd87c05e6907cfd9caa92e25f12d9c1b30f95,持卡人消费,南苑网关,-6.96,21.95,5344,正常
2016/05/27 21:49:49,f1102bbfa5a7c327c7b919fac7fa17ca2bf3e47d,18fdd87c05e6907cfd9caa92e25f12d9c1b30f95,持卡人消费,学子便利店A01后楼,-1.3,20.65,5345,正常
2016/05/28 09:38:20,f1102bbfa5a7c327c7b919fac7fa17ca2bf3e47d,18fdd87c05e6907cfd9caa92e25f12d9c1b30f95,持卡人消费,学子便利店A01后楼,-2.0,18.65,5346,正常
2016/05/28 11:28:47,f1102bbfa5a7c327c7b919fac7fa17ca2bf3e47d,18fdd87c05e6907cfd9caa92e25f12d9c1b30f95,持卡人消费,南苑网关,-6.0,12.65,5347,正常
2016/05/28 11:22:50,f1102bbfa5a7c327c7b919fac7fa17ca2bf3e47d,18fdd87c05e6907cfd9caa92e25f12d9c1b30f95,存款,现金充值机,100.0,112.65,5348,正常
2016/05/28 11:41:49,f1102bbfa5a7c327c7b919fac7fa17ca2bf3e47d,18fdd87c05e6907cfd9caa92e25f12d9c1b30f95,持卡人消费,南苑网关,-4.5,108.15,5349,正常
2016/05/29 17:40:33,f1102bbfa5a7c327c7b919fac7fa17ca2bf3e47d,18fdd87c05e6907cfd9caa92e25f12d9c1b30f95,持卡人消费,学士楼商务网关,-3.0,105.15,5350,正常
2016/05/29 17:41:37,f1102bbfa5a7c327c7b919fac7fa17ca2bf3e47d,18fdd87c05e6907cfd9caa92e25f12d9c1b30f95,持卡人消费,学士楼商务网关,-2.0,103.15,5351,正常
2016/05/29 19:47:05,f1102bbfa5a7c327c7b919fac7fa17ca2bf3e47d,18fdd87c05e6907cfd9caa92e25f12d9c1b30f95,持卡人消费,15公寓浴池,-1.1,102.05,5353,正常
2016/05/29 19:47:48,f1102bbfa5a7c327c7b919fac7fa17ca2bf3e47d,18fdd87c05e6907cfd9caa92e25f12d9c1b30f95,持卡人消费,15公寓浴池,-0.08,101.97,5355,正常
2016/05/29 19:56:20,f1102bbfa5a7c327c7b919fac7fa17ca2bf3e47d,18fdd87c05e6907cfd9caa92e25f12d9c1b30f95,持卡人消费,15公寓浴池,-1.23,100.74,5357,正常
2016/05/30 08:06:00,f1102bbfa5a7c327c7b919fac7fa17ca2bf3e47d,18fdd87c05e6907cfd9caa92e25f12d9c1b30f95,持卡人消费,学士楼商务网关,-3.1,97.64,5358,正常
2016/05/30 08:06:48,f1102bbfa5a7c327c7b919fac7fa17ca2bf3e47d,18fdd87c05e6907cfd9caa92e25f12d9c1b30f95,持卡人消费,学士楼商务网关,-1.5,96.14,5359,正常
2016/05/30 17:45:04,f1102bbfa5a7c327c7b919fac7fa17ca2bf3e47d,18fdd87c05e6907cfd9caa92e25f12d9c1b30f95,持卡人消费,南苑网关,-5.04,91.10,5360,正常
2016/05/31 08:07:11,f1102bbfa5a7c327c7b919fac7fa17ca2bf3e47d,18fdd87c05e6907cfd9caa92e25f12d9c1b30f95,持卡人消费,学子便利店A01后楼,-2.5,88.60,5361,正常
2016/05/31 11:54:07,f1102bbfa5a7c327c7b919fac7fa17ca2bf3e47d,18fdd87c05e6907cfd9caa92e25f12d9c1b30f95,持卡人消费,南苑网关,-7.44,81.16,5362,正常
2016/05/31 12:10:45,f1102bbfa5a7c327c7b919fac7fa17ca2bf3e47d,18fdd87c05e6907cfd9caa92e25f12d9c1b30f95,持卡人消费,南苑网关,-16.6,64.56,5363,正常
2016/05/31 17:22:45,f1102bbfa5a7c327c7b919fac7fa17ca2bf3e47d,18fdd87c05e6907cfd9caa92e25f12d9c1b30f95,持卡人消费,学士楼商务网关,-1.0,63.56,5364,正常
2016/05/31 17:24:42,f1102bbfa5a7c327c7b919fac7fa17ca2bf3e47d,18fdd87c05e6907cfd9caa92e25f12d9c1b30f95,持卡人消费,学士楼商务网关,-1.4,62.16,5365,正常
2016/05/31 17:25:20,f1102bbfa5a7c327c7b919fac7fa17ca2bf3e47d,18fdd87c05e6907cfd9caa92e25f12d9c1b30f95,持卡人消费,学士楼商务网关,-2.0,60.16,5366,正常
