交易发生时间,学号,姓名,交易类型,子系统名称,交易额,现有余额,次数,状态
2016/05/01 15:31:10,7caeb1ba4903224dcfa9f3696ba2ced060dbdcd7,193c3fbaf66b978523d769297c9de0b5dc773e18,持卡人消费,硕果园（工大商店）,-6.0,23.57,3564,正常
2016/05/01 19:02:05,7caeb1ba4903224dcfa9f3696ba2ced060dbdcd7,193c3fbaf66b978523d769297c9de0b5dc773e18,持卡人消费,学子便利店B07,-2.0,21.57,3565,正常
2016/05/02 11:30:28,7caeb1ba4903224dcfa9f3696ba2ced060dbdcd7,193c3fbaf66b978523d769297c9de0b5dc773e18,持卡人消费,五食堂商务网关,-6.0,15.57,3566,正常
2016/05/02 16:48:40,7caeb1ba4903224dcfa9f3696ba2ced060dbdcd7,193c3fbaf66b978523d769297c9de0b5dc773e18,持卡人消费,五食堂商务网关,-6.0,9.57,3567,正常
2016/05/02 22:01:08,7caeb1ba4903224dcfa9f3696ba2ced060dbdcd7,193c3fbaf66b978523d769297c9de0b5dc773e18,持卡人消费,学子便利店B07,-6.3,3.27,3568,正常
2016/05/03 09:41:51,7caeb1ba4903224dcfa9f3696ba2ced060dbdcd7,193c3fbaf66b978523d769297c9de0b5dc773e18,存款,现金充值机,10.0,13.27,3569,正常
2016/05/03 12:34:46,7caeb1ba4903224dcfa9f3696ba2ced060dbdcd7,193c3fbaf66b978523d769297c9de0b5dc773e18,持卡人消费,九食堂商务网关,-8.0,5.27,3570,正常
2016/05/03 18:30:04,7caeb1ba4903224dcfa9f3696ba2ced060dbdcd7,193c3fbaf66b978523d769297c9de0b5dc773e18,持卡人消费,学子便利店B07,-2.8,2.47,3571,正常
2016/05/03 18:47:00,7caeb1ba4903224dcfa9f3696ba2ced060dbdcd7,193c3fbaf66b978523d769297c9de0b5dc773e18,持卡人消费,学子便利店B07,-2.2,0.27,3572,正常
2016/05/04 12:04:28,7caeb1ba4903224dcfa9f3696ba2ced060dbdcd7,193c3fbaf66b978523d769297c9de0b5dc773e18,存款,现金充值机,100.0,100.27,3573,正常
2016/05/04 12:08:01,7caeb1ba4903224dcfa9f3696ba2ced060dbdcd7,193c3fbaf66b978523d769297c9de0b5dc773e18,持卡人消费,四食堂商务网关,-9.0,91.27,3574,正常
2016/05/04 12:10:52,7caeb1ba4903224dcfa9f3696ba2ced060dbdcd7,193c3fbaf66b978523d769297c9de0b5dc773e18,持卡人消费,四食堂商务网关,-1.0,90.27,3575,正常
2016/05/04 17:42:58,7caeb1ba4903224dcfa9f3696ba2ced060dbdcd7,193c3fbaf66b978523d769297c9de0b5dc773e18,持卡人消费,五食堂商务网关,-6.0,84.27,3576,正常
2016/05/05 11:10:34,7caeb1ba4903224dcfa9f3696ba2ced060dbdcd7,193c3fbaf66b978523d769297c9de0b5dc773e18,持卡人消费,九食堂商务网关,-9.0,75.27,3577,正常
2016/05/05 16:46:45,7caeb1ba4903224dcfa9f3696ba2ced060dbdcd7,193c3fbaf66b978523d769297c9de0b5dc773e18,持卡人消费,九食堂商务网关,-9.0,66.27,3578,正常
2016/05/06 08:28:11,7caeb1ba4903224dcfa9f3696ba2ced060dbdcd7,193c3fbaf66b978523d769297c9de0b5dc773e18,持卡人消费,九食堂商务网关,-2.6,63.67,3579,正常
2016/05/06 11:34:03,7caeb1ba4903224dcfa9f3696ba2ced060dbdcd7,193c3fbaf66b978523d769297c9de0b5dc773e18,持卡人消费,四食堂商务网关,-7.0,56.67,3580,正常
2016/05/06 16:38:40,7caeb1ba4903224dcfa9f3696ba2ced060dbdcd7,193c3fbaf66b978523d769297c9de0b5dc773e18,持卡人消费,四食堂商务网关,-9.1,47.57,3581,正常
2016/05/07 11:05:09,7caeb1ba4903224dcfa9f3696ba2ced060dbdcd7,193c3fbaf66b978523d769297c9de0b5dc773e18,持卡人消费,九食堂商务网关,-9.0,38.57,3582,正常
2016/05/07 16:36:08,7caeb1ba4903224dcfa9f3696ba2ced060dbdcd7,193c3fbaf66b978523d769297c9de0b5dc773e18,持卡人消费,四食堂商务网关,-8.18,30.39,3583,正常
2016/05/08 11:09:30,7caeb1ba4903224dcfa9f3696ba2ced060dbdcd7,193c3fbaf66b978523d769297c9de0b5dc773e18,持卡人消费,九食堂商务网关,-9.0,21.39,3584,正常
2016/05/08 17:10:45,7caeb1ba4903224dcfa9f3696ba2ced060dbdcd7,193c3fbaf66b978523d769297c9de0b5dc773e18,持卡人消费,学子便利店B07,-2.0,19.39,3585,正常
2016/05/08 17:16:34,7caeb1ba4903224dcfa9f3696ba2ced060dbdcd7,193c3fbaf66b978523d769297c9de0b5dc773e18,持卡人消费,四食堂商务网关,-6.0,13.39,3586,正常
2016/05/09 11:10:46,7caeb1ba4903224dcfa9f3696ba2ced060dbdcd7,193c3fbaf66b978523d769297c9de0b5dc773e18,持卡人消费,九食堂商务网关,-9.0,4.39,3587,正常
2016/05/09 17:24:12,7caeb1ba4903224dcfa9f3696ba2ced060dbdcd7,193c3fbaf66b978523d769297c9de0b5dc773e18,存款,现金充值机,10.0,14.39,3588,正常
2016/05/09 17:26:16,7caeb1ba4903224dcfa9f3696ba2ced060dbdcd7,193c3fbaf66b978523d769297c9de0b5dc773e18,持卡人消费,五食堂商务网关,-6.0,8.39,3589,正常
2016/05/09 17:27:22,7caeb1ba4903224dcfa9f3696ba2ced060dbdcd7,193c3fbaf66b978523d769297c9de0b5dc773e18,持卡人消费,五食堂商务网关,-3.0,5.39,3590,正常
2016/05/10 08:52:28,7caeb1ba4903224dcfa9f3696ba2ced060dbdcd7,193c3fbaf66b978523d769297c9de0b5dc773e18,持卡人消费,四食堂商务网关,-2.5,2.89,3591,正常
2016/05/10 10:37:38,7caeb1ba4903224dcfa9f3696ba2ced060dbdcd7,193c3fbaf66b978523d769297c9de0b5dc773e18,存款,现金充值机,100.0,102.89,3592,正常
2016/05/10 11:11:04,7caeb1ba4903224dcfa9f3696ba2ced060dbdcd7,193c3fbaf66b978523d769297c9de0b5dc773e18,持卡人消费,九食堂商务网关,-9.0,93.89,3593,正常
2016/05/10 18:17:32,7caeb1ba4903224dcfa9f3696ba2ced060dbdcd7,193c3fbaf66b978523d769297c9de0b5dc773e18,持卡人消费,二区水控,-0.96,92.93,3595,正常
2016/05/10 18:25:05,7caeb1ba4903224dcfa9f3696ba2ced060dbdcd7,193c3fbaf66b978523d769297c9de0b5dc773e18,持卡人消费,二区水控,-1.01,91.92,3597,正常
2016/05/11 11:26:31,7caeb1ba4903224dcfa9f3696ba2ced060dbdcd7,193c3fbaf66b978523d769297c9de0b5dc773e18,持卡人消费,四食堂商务网关,-6.0,85.92,3598,正常
2016/05/11 18:39:02,7caeb1ba4903224dcfa9f3696ba2ced060dbdcd7,193c3fbaf66b978523d769297c9de0b5dc773e18,持卡人消费,四食堂商务网关,-10.0,75.92,3599,正常
2016/05/11 18:43:49,7caeb1ba4903224dcfa9f3696ba2ced060dbdcd7,193c3fbaf66b978523d769297c9de0b5dc773e18,持卡人消费,四食堂商务网关,-3.6,72.32,3600,正常
2016/05/12 11:21:40,7caeb1ba4903224dcfa9f3696ba2ced060dbdcd7,193c3fbaf66b978523d769297c9de0b5dc773e18,持卡人消费,九食堂商务网关,-9.0,63.32,3601,正常
2016/05/13 10:39:20,7caeb1ba4903224dcfa9f3696ba2ced060dbdcd7,193c3fbaf66b978523d769297c9de0b5dc773e18,持卡人消费,九食堂商务网关,-9.0,54.32,3602,正常
2016/05/13 19:25:02,7caeb1ba4903224dcfa9f3696ba2ced060dbdcd7,193c3fbaf66b978523d769297c9de0b5dc773e18,持卡人消费,四食堂商务网关,-10.0,44.32,3603,正常
2016/05/14 10:49:15,7caeb1ba4903224dcfa9f3696ba2ced060dbdcd7,193c3fbaf66b978523d769297c9de0b5dc773e18,持卡人消费,九食堂商务网关,-9.0,35.32,3604,正常
2016/05/14 16:33:22,7caeb1ba4903224dcfa9f3696ba2ced060dbdcd7,193c3fbaf66b978523d769297c9de0b5dc773e18,持卡人消费,四食堂商务网关,-15.0,20.32,3605,正常
2016/05/14 16:34:34,7caeb1ba4903224dcfa9f3696ba2ced060dbdcd7,193c3fbaf66b978523d769297c9de0b5dc773e18,持卡人消费,四食堂商务网关,-12.0,8.32,3606,正常
2016/05/14 16:36:42,7caeb1ba4903224dcfa9f3696ba2ced060dbdcd7,193c3fbaf66b978523d769297c9de0b5dc773e18,持卡人消费,四食堂商务网关,-3.0,5.32,3607,正常
2016/05/15 10:49:54,7caeb1ba4903224dcfa9f3696ba2ced060dbdcd7,193c3fbaf66b978523d769297c9de0b5dc773e18,存款,现金充值机,50.0,55.32,3608,正常
2016/05/15 11:23:12,7caeb1ba4903224dcfa9f3696ba2ced060dbdcd7,193c3fbaf66b978523d769297c9de0b5dc773e18,持卡人消费,九食堂商务网关,-9.0,46.32,3609,正常
2016/05/15 16:33:57,7caeb1ba4903224dcfa9f3696ba2ced060dbdcd7,193c3fbaf66b978523d769297c9de0b5dc773e18,持卡人消费,四食堂商务网关,-8.0,38.32,3610,正常
2016/05/16 08:53:15,7caeb1ba4903224dcfa9f3696ba2ced060dbdcd7,193c3fbaf66b978523d769297c9de0b5dc773e18,持卡人消费,四食堂商务网关,-3.6,34.72,3611,正常
2016/05/16 11:20:50,7caeb1ba4903224dcfa9f3696ba2ced060dbdcd7,193c3fbaf66b978523d769297c9de0b5dc773e18,持卡人消费,九食堂商务网关,-9.0,25.72,3612,正常
2016/05/16 18:16:00,7caeb1ba4903224dcfa9f3696ba2ced060dbdcd7,193c3fbaf66b978523d769297c9de0b5dc773e18,持卡人消费,四食堂商务网关,-8.0,17.72,3613,正常
2016/05/17 08:34:49,7caeb1ba4903224dcfa9f3696ba2ced060dbdcd7,193c3fbaf66b978523d769297c9de0b5dc773e18,持卡人消费,学子便利店B07,-8.2,9.52,3614,正常
2016/05/17 08:52:12,7caeb1ba4903224dcfa9f3696ba2ced060dbdcd7,193c3fbaf66b978523d769297c9de0b5dc773e18,持卡人消费,四食堂商务网关,-1.6,7.92,3615,正常
2016/05/17 10:50:40,7caeb1ba4903224dcfa9f3696ba2ced060dbdcd7,193c3fbaf66b978523d769297c9de0b5dc773e18,存款,现金充值机,200.0,207.92,3616,正常
2016/05/17 11:23:16,7caeb1ba4903224dcfa9f3696ba2ced060dbdcd7,193c3fbaf66b978523d769297c9de0b5dc773e18,持卡人消费,九食堂商务网关,-9.0,198.92,3617,正常
2016/05/17 18:44:00,7caeb1ba4903224dcfa9f3696ba2ced060dbdcd7,193c3fbaf66b978523d769297c9de0b5dc773e18,持卡人消费,四食堂商务网关,-10.0,188.92,3618,正常
2016/05/18 11:09:52,7caeb1ba4903224dcfa9f3696ba2ced060dbdcd7,193c3fbaf66b978523d769297c9de0b5dc773e18,持卡人消费,九食堂商务网关,-9.0,179.92,3619,正常
2016/05/18 19:03:31,7caeb1ba4903224dcfa9f3696ba2ced060dbdcd7,193c3fbaf66b978523d769297c9de0b5dc773e18,持卡人消费,四食堂商务网关,-7.2,172.72,3620,正常
2016/05/18 19:06:23,7caeb1ba4903224dcfa9f3696ba2ced060dbdcd7,193c3fbaf66b978523d769297c9de0b5dc773e18,持卡人消费,四食堂商务网关,-3.0,169.72,3621,正常
2016/05/19 10:52:17,7caeb1ba4903224dcfa9f3696ba2ced060dbdcd7,193c3fbaf66b978523d769297c9de0b5dc773e18,持卡人消费,九食堂商务网关,-10.0,159.72,3622,正常
2016/05/19 17:38:51,7caeb1ba4903224dcfa9f3696ba2ced060dbdcd7,193c3fbaf66b978523d769297c9de0b5dc773e18,持卡人消费,九食堂商务网关,-9.0,150.72,3623,正常
2016/05/20 11:10:50,7caeb1ba4903224dcfa9f3696ba2ced060dbdcd7,193c3fbaf66b978523d769297c9de0b5dc773e18,持卡人消费,九食堂商务网关,-10.0,140.72,3624,正常
2016/05/20 16:53:22,7caeb1ba4903224dcfa9f3696ba2ced060dbdcd7,193c3fbaf66b978523d769297c9de0b5dc773e18,持卡人消费,九食堂商务网关,-11.0,129.72,3625,正常
2016/05/20 17:17:40,7caeb1ba4903224dcfa9f3696ba2ced060dbdcd7,193c3fbaf66b978523d769297c9de0b5dc773e18,持卡人消费,B7,-3.0,126.72,3626,正常
2016/05/20 22:05:35,7caeb1ba4903224dcfa9f3696ba2ced060dbdcd7,193c3fbaf66b978523d769297c9de0b5dc773e18,持卡人消费,学子便利店B07,-3.2,123.52,3627,正常
2016/05/21 10:37:07,7caeb1ba4903224dcfa9f3696ba2ced060dbdcd7,193c3fbaf66b978523d769297c9de0b5dc773e18,持卡人消费,九食堂商务网关,-11.0,112.52,3628,正常
2016/05/21 22:27:16,7caeb1ba4903224dcfa9f3696ba2ced060dbdcd7,193c3fbaf66b978523d769297c9de0b5dc773e18,持卡人消费,学子便利店B07,-2.4,110.12,3629,正常
2016/05/22 08:19:08,7caeb1ba4903224dcfa9f3696ba2ced060dbdcd7,193c3fbaf66b978523d769297c9de0b5dc773e18,持卡人消费,学子便利店B07,-2.8,107.32,3630,正常
2016/05/22 08:45:33,7caeb1ba4903224dcfa9f3696ba2ced060dbdcd7,193c3fbaf66b978523d769297c9de0b5dc773e18,持卡人消费,四食堂商务网关,-3.1,104.22,3631,正常
2016/05/22 11:05:30,7caeb1ba4903224dcfa9f3696ba2ced060dbdcd7,193c3fbaf66b978523d769297c9de0b5dc773e18,持卡人消费,九食堂商务网关,-9.0,95.22,3632,正常
2016/05/22 22:39:06,7caeb1ba4903224dcfa9f3696ba2ced060dbdcd7,193c3fbaf66b978523d769297c9de0b5dc773e18,持卡人消费,学子便利店B07,-6.5,88.72,3633,正常
2016/05/23 11:21:26,7caeb1ba4903224dcfa9f3696ba2ced060dbdcd7,193c3fbaf66b978523d769297c9de0b5dc773e18,持卡人消费,九食堂商务网关,-11.0,77.72,3634,正常
2016/05/23 16:39:16,7caeb1ba4903224dcfa9f3696ba2ced060dbdcd7,193c3fbaf66b978523d769297c9de0b5dc773e18,持卡人消费,四食堂商务网关,-10.15,67.57,3635,正常
2016/05/23 16:53:24,7caeb1ba4903224dcfa9f3696ba2ced060dbdcd7,193c3fbaf66b978523d769297c9de0b5dc773e18,持卡人消费,四食堂商务网关,-8.0,59.57,3636,正常
2016/05/23 20:25:13,7caeb1ba4903224dcfa9f3696ba2ced060dbdcd7,193c3fbaf66b978523d769297c9de0b5dc773e18,持卡人消费,四食堂商务网关,-10.0,49.57,3637,正常
2016/05/24 11:11:12,7caeb1ba4903224dcfa9f3696ba2ced060dbdcd7,193c3fbaf66b978523d769297c9de0b5dc773e18,持卡人消费,四食堂商务网关,-5.0,44.57,3638,正常
2016/05/24 16:12:45,7caeb1ba4903224dcfa9f3696ba2ced060dbdcd7,193c3fbaf66b978523d769297c9de0b5dc773e18,持卡人消费,学子便利店B07,-1.8,42.77,3639,正常
2016/05/24 16:24:37,7caeb1ba4903224dcfa9f3696ba2ced060dbdcd7,193c3fbaf66b978523d769297c9de0b5dc773e18,持卡人消费,九食堂商务网关,-11.0,31.77,3640,正常
2016/05/25 10:50:58,7caeb1ba4903224dcfa9f3696ba2ced060dbdcd7,193c3fbaf66b978523d769297c9de0b5dc773e18,持卡人消费,四食堂商务网关,-5.2,26.57,3641,正常
2016/05/25 18:09:02,7caeb1ba4903224dcfa9f3696ba2ced060dbdcd7,193c3fbaf66b978523d769297c9de0b5dc773e18,持卡人消费,四食堂商务网关,-10.5,16.07,3642,正常
2016/05/25 18:09:37,7caeb1ba4903224dcfa9f3696ba2ced060dbdcd7,193c3fbaf66b978523d769297c9de0b5dc773e18,持卡人消费,四食堂商务网关,-1.5,14.57,3643,正常
2016/05/25 22:17:13,7caeb1ba4903224dcfa9f3696ba2ced060dbdcd7,193c3fbaf66b978523d769297c9de0b5dc773e18,持卡人消费,学子便利店B07,-4.5,10.07,3644,正常
2016/05/25 22:22:43,7caeb1ba4903224dcfa9f3696ba2ced060dbdcd7,193c3fbaf66b978523d769297c9de0b5dc773e18,持卡人消费,学子便利店B07,-2.0,8.07,3645,正常
2016/05/26 10:41:28,7caeb1ba4903224dcfa9f3696ba2ced060dbdcd7,193c3fbaf66b978523d769297c9de0b5dc773e18,持卡人消费,四食堂商务网关,-5.0,3.07,3646,正常
2016/05/26 18:55:48,7caeb1ba4903224dcfa9f3696ba2ced060dbdcd7,193c3fbaf66b978523d769297c9de0b5dc773e18,持卡人消费,四食堂商务网关,-1.5,1.57,3647,正常
2016/05/27 10:59:02,7caeb1ba4903224dcfa9f3696ba2ced060dbdcd7,193c3fbaf66b978523d769297c9de0b5dc773e18,存款,现金充值机,50.0,51.57,3648,正常
2016/05/27 11:02:47,7caeb1ba4903224dcfa9f3696ba2ced060dbdcd7,193c3fbaf66b978523d769297c9de0b5dc773e18,持卡人消费,四食堂商务网关,-5.0,46.57,3649,正常
2016/05/27 16:52:01,7caeb1ba4903224dcfa9f3696ba2ced060dbdcd7,193c3fbaf66b978523d769297c9de0b5dc773e18,持卡人消费,九食堂商务网关,-11.0,35.57,3650,正常
2016/05/28 10:52:20,7caeb1ba4903224dcfa9f3696ba2ced060dbdcd7,193c3fbaf66b978523d769297c9de0b5dc773e18,持卡人消费,九食堂商务网关,-11.0,24.57,3651,正常
2016/05/28 16:32:11,7caeb1ba4903224dcfa9f3696ba2ced060dbdcd7,193c3fbaf66b978523d769297c9de0b5dc773e18,持卡人消费,四食堂商务网关,-5.0,19.57,3652,正常
2016/05/28 20:03:46,7caeb1ba4903224dcfa9f3696ba2ced060dbdcd7,193c3fbaf66b978523d769297c9de0b5dc773e18,持卡人消费,学子便利店B07,-2.7,16.87,3653,正常
2016/05/28 21:09:19,7caeb1ba4903224dcfa9f3696ba2ced060dbdcd7,193c3fbaf66b978523d769297c9de0b5dc773e18,持卡人消费,学子便利店B07,-7.5,9.37,3654,正常
2016/05/29 10:16:58,7caeb1ba4903224dcfa9f3696ba2ced060dbdcd7,193c3fbaf66b978523d769297c9de0b5dc773e18,持卡人消费,四食堂商务网关,-8.0,1.37,3655,正常
2016/05/29 20:18:32,7caeb1ba4903224dcfa9f3696ba2ced060dbdcd7,193c3fbaf66b978523d769297c9de0b5dc773e18,持卡人消费,学子便利店B07,-1.2,0.17,3656,正常
2016/05/30 11:30:51,7caeb1ba4903224dcfa9f3696ba2ced060dbdcd7,193c3fbaf66b978523d769297c9de0b5dc773e18,存款,现金充值机,200.0,200.17,3657,正常
2016/05/30 11:33:54,7caeb1ba4903224dcfa9f3696ba2ced060dbdcd7,193c3fbaf66b978523d769297c9de0b5dc773e18,持卡人消费,五食堂商务网关,-8.0,192.17,3658,正常
2016/05/30 17:00:48,7caeb1ba4903224dcfa9f3696ba2ced060dbdcd7,193c3fbaf66b978523d769297c9de0b5dc773e18,持卡人消费,四食堂商务网关,-6.2,185.97,3659,正常
2016/05/30 22:23:57,7caeb1ba4903224dcfa9f3696ba2ced060dbdcd7,193c3fbaf66b978523d769297c9de0b5dc773e18,持卡人消费,学子便利店B07,-7.0,178.97,3660,正常
2016/05/31 11:00:12,7caeb1ba4903224dcfa9f3696ba2ced060dbdcd7,193c3fbaf66b978523d769297c9de0b5dc773e18,持卡人消费,九食堂商务网关,-11.0,167.97,3661,正常
2016/05/31 18:43:37,7caeb1ba4903224dcfa9f3696ba2ced060dbdcd7,193c3fbaf66b978523d769297c9de0b5dc773e18,持卡人消费,学子便利店B07,-2.7,165.27,3662,正常
