交易发生时间,学号,姓名,交易类型,子系统名称,交易额,现有余额,次数,状态
2016/05/02 16:49:57,4d797020643743fc861daf9ce5e1adf2f3efb7eb,1944bcbc1191a152e58fb4422d51511a5aec3339,持卡人消费,A15,-3.0,62.33,2733,正常
2016/05/02 18:44:38,4d797020643743fc861daf9ce5e1adf2f3efb7eb,1944bcbc1191a152e58fb4422d51511a5aec3339,持卡人消费,15公寓浴池,-2.0,60.33,2734,正常
2016/05/02 18:50:26,4d797020643743fc861daf9ce5e1adf2f3efb7eb,1944bcbc1191a152e58fb4422d51511a5aec3339,持卡人消费,15公寓浴池,-1.1,59.23,2736,正常
2016/05/02 18:55:19,4d797020643743fc861daf9ce5e1adf2f3efb7eb,1944bcbc1191a152e58fb4422d51511a5aec3339,持卡人消费,15公寓浴池,-0.72,58.51,2738,正常
2016/05/14 14:23:41,4d797020643743fc861daf9ce5e1adf2f3efb7eb,1944bcbc1191a152e58fb4422d51511a5aec3339,持卡人消费,网络中心,-30.0,28.51,2739,正常
2016/05/14 14:26:39,4d797020643743fc861daf9ce5e1adf2f3efb7eb,1944bcbc1191a152e58fb4422d51511a5aec3339,持卡人消费,A15,-6.0,22.51,2740,正常
2016/05/14 14:27:08,4d797020643743fc861daf9ce5e1adf2f3efb7eb,1944bcbc1191a152e58fb4422d51511a5aec3339,持卡人消费,A15,-3.0,19.51,2741,正常
2016/05/14 18:42:48,4d797020643743fc861daf9ce5e1adf2f3efb7eb,1944bcbc1191a152e58fb4422d51511a5aec3339,持卡人消费,15公寓浴池,-2.0,17.51,2742,正常
2016/05/14 18:51:30,4d797020643743fc861daf9ce5e1adf2f3efb7eb,1944bcbc1191a152e58fb4422d51511a5aec3339,持卡人消费,15公寓浴池,-1.66,15.85,2744,正常
2016/05/14 18:54:37,4d797020643743fc861daf9ce5e1adf2f3efb7eb,1944bcbc1191a152e58fb4422d51511a5aec3339,持卡人消费,15公寓浴池,-0.4,15.45,2746,正常
2016/05/16 11:09:53,4d797020643743fc861daf9ce5e1adf2f3efb7eb,1944bcbc1191a152e58fb4422d51511a5aec3339,持卡人消费,学士楼商务网关,-0.5,14.95,2747,正常
2016/05/16 11:10:51,4d797020643743fc861daf9ce5e1adf2f3efb7eb,1944bcbc1191a152e58fb4422d51511a5aec3339,持卡人消费,学士楼商务网关,-5.0,9.95,2748,正常
2016/05/16 11:11:23,4d797020643743fc861daf9ce5e1adf2f3efb7eb,1944bcbc1191a152e58fb4422d51511a5aec3339,持卡人消费,学士楼商务网关,-1.0,8.95,2749,正常
2016/05/17 10:52:33,4d797020643743fc861daf9ce5e1adf2f3efb7eb,1944bcbc1191a152e58fb4422d51511a5aec3339,持卡人消费,学士楼商务网关,-0.2,8.75,2750,正常
2016/05/17 10:53:39,4d797020643743fc861daf9ce5e1adf2f3efb7eb,1944bcbc1191a152e58fb4422d51511a5aec3339,持卡人消费,学士楼商务网关,-3.0,5.75,2751,正常
2016/05/17 10:55:39,4d797020643743fc861daf9ce5e1adf2f3efb7eb,1944bcbc1191a152e58fb4422d51511a5aec3339,持卡人消费,学士楼商务网关,-1.0,4.75,2752,正常
2016/05/17 10:57:45,4d797020643743fc861daf9ce5e1adf2f3efb7eb,1944bcbc1191a152e58fb4422d51511a5aec3339,持卡人消费,学士楼商务网关,-2.0,2.75,2753,正常
2016/05/17 17:28:27,4d797020643743fc861daf9ce5e1adf2f3efb7eb,1944bcbc1191a152e58fb4422d51511a5aec3339,存款,现金充值机,100.0,102.75,2754,正常
2016/05/17 17:53:29,4d797020643743fc861daf9ce5e1adf2f3efb7eb,1944bcbc1191a152e58fb4422d51511a5aec3339,持卡人消费,学苑楼商务网关,-6.0,96.75,2755,正常
2016/05/17 17:53:35,4d797020643743fc861daf9ce5e1adf2f3efb7eb,1944bcbc1191a152e58fb4422d51511a5aec3339,持卡人消费,学苑楼商务网关,-6.0,90.75,2756,正常
2016/05/17 17:56:16,4d797020643743fc861daf9ce5e1adf2f3efb7eb,1944bcbc1191a152e58fb4422d51511a5aec3339,持卡人消费,学苑楼商务网关,-4.0,86.75,2757,正常
2016/05/17 18:17:40,4d797020643743fc861daf9ce5e1adf2f3efb7eb,1944bcbc1191a152e58fb4422d51511a5aec3339,持卡人消费,超市商务子系统,-5.8,80.95,2758,正常
2016/05/18 18:48:34,4d797020643743fc861daf9ce5e1adf2f3efb7eb,1944bcbc1191a152e58fb4422d51511a5aec3339,持卡人消费,学士楼商务网关,-0.5,80.45,2759,正常
2016/05/18 18:49:11,4d797020643743fc861daf9ce5e1adf2f3efb7eb,1944bcbc1191a152e58fb4422d51511a5aec3339,持卡人消费,学士楼商务网关,-1.0,79.45,2760,正常
2016/05/18 18:50:14,4d797020643743fc861daf9ce5e1adf2f3efb7eb,1944bcbc1191a152e58fb4422d51511a5aec3339,持卡人消费,学士楼商务网关,-6.0,73.45,2761,正常
2016/05/19 08:38:12,4d797020643743fc861daf9ce5e1adf2f3efb7eb,1944bcbc1191a152e58fb4422d51511a5aec3339,持卡人消费,学士楼商务网关,-0.5,72.95,2762,正常
2016/05/19 08:40:56,4d797020643743fc861daf9ce5e1adf2f3efb7eb,1944bcbc1191a152e58fb4422d51511a5aec3339,持卡人消费,学士楼商务网关,-2.0,70.95,2763,正常
2016/05/19 08:42:03,4d797020643743fc861daf9ce5e1adf2f3efb7eb,1944bcbc1191a152e58fb4422d51511a5aec3339,持卡人消费,学士楼商务网关,-1.5,69.45,2764,正常
2016/05/19 15:44:24,4d797020643743fc861daf9ce5e1adf2f3efb7eb,1944bcbc1191a152e58fb4422d51511a5aec3339,持卡人消费,15公寓浴池,-2.0,67.45,2765,正常
2016/05/19 15:47:57,4d797020643743fc861daf9ce5e1adf2f3efb7eb,1944bcbc1191a152e58fb4422d51511a5aec3339,持卡人消费,15公寓浴池,-0.67,66.78,2767,正常
2016/05/19 15:49:58,4d797020643743fc861daf9ce5e1adf2f3efb7eb,1944bcbc1191a152e58fb4422d51511a5aec3339,持卡人消费,15公寓浴池,-0.24,66.54,2769,正常
2016/05/20 12:22:10,4d797020643743fc861daf9ce5e1adf2f3efb7eb,1944bcbc1191a152e58fb4422d51511a5aec3339,持卡人消费,学苑楼商务网关,-6.0,60.54,2770,正常
2016/05/20 12:44:16,4d797020643743fc861daf9ce5e1adf2f3efb7eb,1944bcbc1191a152e58fb4422d51511a5aec3339,持卡人消费,超市商务子系统,-7.9,52.64,2771,正常
2016/05/23 18:04:55,4d797020643743fc861daf9ce5e1adf2f3efb7eb,1944bcbc1191a152e58fb4422d51511a5aec3339,持卡人消费,超市商务子系统,-18.0,34.64,2772,正常
2016/05/25 21:04:10,4d797020643743fc861daf9ce5e1adf2f3efb7eb,1944bcbc1191a152e58fb4422d51511a5aec3339,持卡人消费,学士楼商务网关,-0.5,34.14,2773,正常
2016/05/25 21:04:43,4d797020643743fc861daf9ce5e1adf2f3efb7eb,1944bcbc1191a152e58fb4422d51511a5aec3339,持卡人消费,学士楼商务网关,-2.0,32.14,2774,正常
2016/05/25 21:04:47,4d797020643743fc861daf9ce5e1adf2f3efb7eb,1944bcbc1191a152e58fb4422d51511a5aec3339,持卡人消费,学士楼商务网关,-1.5,30.64,2775,正常
2016/05/25 21:07:24,4d797020643743fc861daf9ce5e1adf2f3efb7eb,1944bcbc1191a152e58fb4422d51511a5aec3339,持卡人消费,学士楼商务网关,-6.0,24.64,2776,正常
2016/05/25 21:14:26,4d797020643743fc861daf9ce5e1adf2f3efb7eb,1944bcbc1191a152e58fb4422d51511a5aec3339,持卡人消费,学士楼商务网关,-5.0,19.64,2777,正常
2016/05/26 16:05:34,4d797020643743fc861daf9ce5e1adf2f3efb7eb,1944bcbc1191a152e58fb4422d51511a5aec3339,持卡人消费,15公寓浴池,-2.0,17.64,2778,正常
2016/05/26 16:09:56,4d797020643743fc861daf9ce5e1adf2f3efb7eb,1944bcbc1191a152e58fb4422d51511a5aec3339,持卡人消费,15公寓浴池,-0.83,16.81,2780,正常
2016/05/26 16:14:21,4d797020643743fc861daf9ce5e1adf2f3efb7eb,1944bcbc1191a152e58fb4422d51511a5aec3339,持卡人消费,15公寓浴池,-0.59,16.22,2782,正常
2016/05/27 18:15:55,4d797020643743fc861daf9ce5e1adf2f3efb7eb,1944bcbc1191a152e58fb4422d51511a5aec3339,持卡人消费,硕果园（工大商店）,-8.0,8.22,2783,正常
2016/05/27 18:37:26,4d797020643743fc861daf9ce5e1adf2f3efb7eb,1944bcbc1191a152e58fb4422d51511a5aec3339,持卡人消费,硕果园（工大商店）,-2.0,6.22,2784,正常
2016/05/29 17:51:33,4d797020643743fc861daf9ce5e1adf2f3efb7eb,1944bcbc1191a152e58fb4422d51511a5aec3339,持卡人消费,15公寓浴池,-0.14,6.08,2786,正常
2016/05/29 17:55:47,4d797020643743fc861daf9ce5e1adf2f3efb7eb,1944bcbc1191a152e58fb4422d51511a5aec3339,持卡人消费,15公寓浴池,-0.21,5.87,2788,正常
2016/05/29 18:04:29,4d797020643743fc861daf9ce5e1adf2f3efb7eb,1944bcbc1191a152e58fb4422d51511a5aec3339,持卡人消费,15公寓浴池,-1.09,4.78,2790,正常
2016/05/29 18:05:01,4d797020643743fc861daf9ce5e1adf2f3efb7eb,1944bcbc1191a152e58fb4422d51511a5aec3339,持卡人消费,15公寓浴池,-0.05,4.73,2792,正常
2016/05/29 18:15:30,4d797020643743fc861daf9ce5e1adf2f3efb7eb,1944bcbc1191a152e58fb4422d51511a5aec3339,持卡人消费,15公寓浴池,-0.9,3.83,2794,正常
2016/05/29 18:20:36,4d797020643743fc861daf9ce5e1adf2f3efb7eb,1944bcbc1191a152e58fb4422d51511a5aec3339,持卡人消费,15公寓浴池,-0.03,3.80,2796,正常
2016/05/30 12:33:48,4d797020643743fc861daf9ce5e1adf2f3efb7eb,1944bcbc1191a152e58fb4422d51511a5aec3339,持卡人消费,硕果园（工大商店）,-0.1,3.70,2797,正常
2016/05/30 12:34:10,4d797020643743fc861daf9ce5e1adf2f3efb7eb,1944bcbc1191a152e58fb4422d51511a5aec3339,持卡人消费,硕果园（工大商店）,-0.2,3.50,2798,正常
