交易发生时间,学号,姓名,交易类型,子系统名称,交易额,现有余额,次数,状态
2016/05/01 08:03:02,bbcd599f26d94688c6d5de67c8122d8255b19ef4,19542f91aa1f69af25b67e1004e4c4b783bdc0bd,持卡人消费,学士楼商务网关,-1.5,107.79,7873,正常
2016/05/01 08:04:19,bbcd599f26d94688c6d5de67c8122d8255b19ef4,19542f91aa1f69af25b67e1004e4c4b783bdc0bd,持卡人消费,学士楼商务网关,-2.1,105.69,7874,正常
2016/05/01 17:31:25,bbcd599f26d94688c6d5de67c8122d8255b19ef4,19542f91aa1f69af25b67e1004e4c4b783bdc0bd,持卡人消费,硕果园（工大商店）,-8.0,97.69,7875,正常
2016/05/01 17:34:30,bbcd599f26d94688c6d5de67c8122d8255b19ef4,19542f91aa1f69af25b67e1004e4c4b783bdc0bd,持卡人消费,硕果园（工大商店）,-5.0,92.69,7876,正常
2016/05/03 11:10:53,bbcd599f26d94688c6d5de67c8122d8255b19ef4,19542f91aa1f69af25b67e1004e4c4b783bdc0bd,持卡人消费,南苑网关,-10.32,82.37,7877,正常
2016/05/03 11:23:35,bbcd599f26d94688c6d5de67c8122d8255b19ef4,19542f91aa1f69af25b67e1004e4c4b783bdc0bd,持卡人消费,南苑网关,-5.0,77.37,7878,正常
2016/05/03 17:05:54,bbcd599f26d94688c6d5de67c8122d8255b19ef4,19542f91aa1f69af25b67e1004e4c4b783bdc0bd,持卡人消费,南苑网关,-7.0,70.37,7879,正常
2016/05/03 17:07:34,bbcd599f26d94688c6d5de67c8122d8255b19ef4,19542f91aa1f69af25b67e1004e4c4b783bdc0bd,持卡人消费,南苑网关,-1.0,69.37,7880,正常
2016/05/03 17:21:34,bbcd599f26d94688c6d5de67c8122d8255b19ef4,19542f91aa1f69af25b67e1004e4c4b783bdc0bd,持卡人消费,南苑网关,-0.4,68.97,7881,正常
2016/05/03 19:48:56,bbcd599f26d94688c6d5de67c8122d8255b19ef4,19542f91aa1f69af25b67e1004e4c4b783bdc0bd,持卡人消费,硕果园（工大商店）,-18.5,50.47,7882,正常
2016/05/03 19:51:33,bbcd599f26d94688c6d5de67c8122d8255b19ef4,19542f91aa1f69af25b67e1004e4c4b783bdc0bd,持卡人消费,A18,-6.0,44.47,7883,正常
2016/05/04 08:16:07,bbcd599f26d94688c6d5de67c8122d8255b19ef4,19542f91aa1f69af25b67e1004e4c4b783bdc0bd,持卡人消费,硕果园（工大商店）,-4.0,40.47,7884,正常
2016/05/04 08:17:49,bbcd599f26d94688c6d5de67c8122d8255b19ef4,19542f91aa1f69af25b67e1004e4c4b783bdc0bd,持卡人消费,硕果园（工大商店）,-1.0,39.47,7885,正常
2016/05/04 11:08:03,bbcd599f26d94688c6d5de67c8122d8255b19ef4,19542f91aa1f69af25b67e1004e4c4b783bdc0bd,持卡人消费,南苑网关,-9.36,30.11,7886,正常
2016/05/04 15:50:28,bbcd599f26d94688c6d5de67c8122d8255b19ef4,19542f91aa1f69af25b67e1004e4c4b783bdc0bd,存款,现金充值机,200.0,230.11,7887,正常
2016/05/04 20:11:18,bbcd599f26d94688c6d5de67c8122d8255b19ef4,19542f91aa1f69af25b67e1004e4c4b783bdc0bd,持卡人消费,硕果园（工大商店）,-8.0,222.11,7888,正常
2016/05/04 20:12:03,bbcd599f26d94688c6d5de67c8122d8255b19ef4,19542f91aa1f69af25b67e1004e4c4b783bdc0bd,持卡人消费,硕果园（工大商店）,-5.0,217.11,7889,正常
2016/05/05 08:15:17,bbcd599f26d94688c6d5de67c8122d8255b19ef4,19542f91aa1f69af25b67e1004e4c4b783bdc0bd,持卡人消费,南苑网关,-2.6,214.51,7890,正常
2016/05/05 11:09:30,bbcd599f26d94688c6d5de67c8122d8255b19ef4,19542f91aa1f69af25b67e1004e4c4b783bdc0bd,持卡人消费,南苑网关,-8.16,206.35,7891,正常
2016/05/06 08:14:50,bbcd599f26d94688c6d5de67c8122d8255b19ef4,19542f91aa1f69af25b67e1004e4c4b783bdc0bd,持卡人消费,南苑网关,-2.1,204.25,7892,正常
2016/05/06 12:05:34,bbcd599f26d94688c6d5de67c8122d8255b19ef4,19542f91aa1f69af25b67e1004e4c4b783bdc0bd,持卡人消费,硕果园（工大商店）,-7.0,197.25,7893,正常
2016/05/06 12:06:07,bbcd599f26d94688c6d5de67c8122d8255b19ef4,19542f91aa1f69af25b67e1004e4c4b783bdc0bd,持卡人消费,硕果园（工大商店）,-5.0,192.25,7894,正常
2016/05/07 11:29:02,bbcd599f26d94688c6d5de67c8122d8255b19ef4,19542f91aa1f69af25b67e1004e4c4b783bdc0bd,持卡人消费,学苑楼商务网关,-1.0,191.25,7895,正常
2016/05/07 11:30:07,bbcd599f26d94688c6d5de67c8122d8255b19ef4,19542f91aa1f69af25b67e1004e4c4b783bdc0bd,持卡人消费,学苑楼商务网关,-0.4,190.85,7896,正常
2016/05/07 11:30:11,bbcd599f26d94688c6d5de67c8122d8255b19ef4,19542f91aa1f69af25b67e1004e4c4b783bdc0bd,持卡人消费,学苑楼商务网关,-1.0,189.85,7897,正常
2016/05/07 11:32:59,bbcd599f26d94688c6d5de67c8122d8255b19ef4,19542f91aa1f69af25b67e1004e4c4b783bdc0bd,持卡人消费,学苑楼商务网关,-10.0,179.85,7898,正常
2016/05/07 18:56:15,bbcd599f26d94688c6d5de67c8122d8255b19ef4,19542f91aa1f69af25b67e1004e4c4b783bdc0bd,持卡人消费,硕果园（工大商店）,-12.0,167.85,7899,正常
2016/05/08 11:10:23,bbcd599f26d94688c6d5de67c8122d8255b19ef4,19542f91aa1f69af25b67e1004e4c4b783bdc0bd,持卡人消费,南苑网关,-2.4,165.45,7900,正常
2016/05/08 11:23:02,bbcd599f26d94688c6d5de67c8122d8255b19ef4,19542f91aa1f69af25b67e1004e4c4b783bdc0bd,持卡人消费,南苑网关,-2.6,162.85,7901,正常
2016/05/08 11:23:11,bbcd599f26d94688c6d5de67c8122d8255b19ef4,19542f91aa1f69af25b67e1004e4c4b783bdc0bd,持卡人消费,南苑网关,-4.5,158.35,7902,正常
2016/05/08 11:23:14,bbcd599f26d94688c6d5de67c8122d8255b19ef4,19542f91aa1f69af25b67e1004e4c4b783bdc0bd,持卡人消费,南苑网关,-0.5,157.85,7903,正常
2016/05/08 17:01:20,bbcd599f26d94688c6d5de67c8122d8255b19ef4,19542f91aa1f69af25b67e1004e4c4b783bdc0bd,持卡人消费,南苑网关,-7.0,150.85,7904,正常
2016/05/08 17:02:52,bbcd599f26d94688c6d5de67c8122d8255b19ef4,19542f91aa1f69af25b67e1004e4c4b783bdc0bd,持卡人消费,南苑网关,-1.1,149.75,7905,正常
2016/05/09 08:32:25,bbcd599f26d94688c6d5de67c8122d8255b19ef4,19542f91aa1f69af25b67e1004e4c4b783bdc0bd,持卡人消费,南苑网关,-1.9,147.85,7906,正常
2016/05/09 11:30:38,bbcd599f26d94688c6d5de67c8122d8255b19ef4,19542f91aa1f69af25b67e1004e4c4b783bdc0bd,持卡人消费,硕果园（工大商店）,-12.0,135.85,7907,正常
2016/05/10 08:56:09,bbcd599f26d94688c6d5de67c8122d8255b19ef4,19542f91aa1f69af25b67e1004e4c4b783bdc0bd,持卡人消费,学士楼商务网关,-3.0,132.85,7908,正常
2016/05/10 12:19:51,bbcd599f26d94688c6d5de67c8122d8255b19ef4,19542f91aa1f69af25b67e1004e4c4b783bdc0bd,持卡人消费,硕果园（工大商店）,-12.0,120.85,7909,正常
2016/05/11 07:35:27,bbcd599f26d94688c6d5de67c8122d8255b19ef4,19542f91aa1f69af25b67e1004e4c4b783bdc0bd,持卡人消费,硕果园（工大商店）,-5.0,115.85,7910,正常
2016/05/11 17:57:42,bbcd599f26d94688c6d5de67c8122d8255b19ef4,19542f91aa1f69af25b67e1004e4c4b783bdc0bd,持卡人消费,硕果园（工大商店）,-7.0,108.85,7911,正常
2016/05/12 11:06:52,bbcd599f26d94688c6d5de67c8122d8255b19ef4,19542f91aa1f69af25b67e1004e4c4b783bdc0bd,持卡人消费,硕果园（工大商店）,-7.0,101.85,7912,正常
2016/05/12 11:07:55,bbcd599f26d94688c6d5de67c8122d8255b19ef4,19542f91aa1f69af25b67e1004e4c4b783bdc0bd,持卡人消费,硕果园（工大商店）,-1.0,100.85,7913,正常
2016/05/13 07:43:55,bbcd599f26d94688c6d5de67c8122d8255b19ef4,19542f91aa1f69af25b67e1004e4c4b783bdc0bd,持卡人消费,硕果园（工大商店）,-5.0,95.85,7914,正常
2016/05/13 11:07:59,bbcd599f26d94688c6d5de67c8122d8255b19ef4,19542f91aa1f69af25b67e1004e4c4b783bdc0bd,持卡人消费,硕果园（工大商店）,-12.0,83.85,7915,正常
2016/05/13 18:21:35,bbcd599f26d94688c6d5de67c8122d8255b19ef4,19542f91aa1f69af25b67e1004e4c4b783bdc0bd,持卡人消费,硕果园（工大商店）,-8.0,75.85,7916,正常
2016/05/13 18:21:45,bbcd599f26d94688c6d5de67c8122d8255b19ef4,19542f91aa1f69af25b67e1004e4c4b783bdc0bd,持卡人消费,硕果园（工大商店）,-1.0,74.85,7917,正常
2016/05/13 18:47:12,bbcd599f26d94688c6d5de67c8122d8255b19ef4,19542f91aa1f69af25b67e1004e4c4b783bdc0bd,持卡人消费,一校区水控新,-0.19,74.66,7919,正常
2016/05/13 18:49:38,bbcd599f26d94688c6d5de67c8122d8255b19ef4,19542f91aa1f69af25b67e1004e4c4b783bdc0bd,持卡人消费,一校区水控新,-0.27,74.39,7921,正常
2016/05/13 18:52:05,bbcd599f26d94688c6d5de67c8122d8255b19ef4,19542f91aa1f69af25b67e1004e4c4b783bdc0bd,持卡人消费,一校区水控新,-0.21,74.18,7923,正常
2016/05/13 18:53:41,bbcd599f26d94688c6d5de67c8122d8255b19ef4,19542f91aa1f69af25b67e1004e4c4b783bdc0bd,持卡人消费,一校区水控新,-0.14,74.04,7925,正常
2016/05/13 18:57:10,bbcd599f26d94688c6d5de67c8122d8255b19ef4,19542f91aa1f69af25b67e1004e4c4b783bdc0bd,持卡人消费,一校区水控新,-0.4,73.64,7927,正常
2016/05/13 18:59:31,bbcd599f26d94688c6d5de67c8122d8255b19ef4,19542f91aa1f69af25b67e1004e4c4b783bdc0bd,持卡人消费,一校区水控新,-0.21,73.43,7929,正常
2016/05/14 08:16:20,bbcd599f26d94688c6d5de67c8122d8255b19ef4,19542f91aa1f69af25b67e1004e4c4b783bdc0bd,持卡人消费,硕果园（工大商店）,-3.0,70.43,7930,正常
2016/05/14 11:26:57,bbcd599f26d94688c6d5de67c8122d8255b19ef4,19542f91aa1f69af25b67e1004e4c4b783bdc0bd,持卡人消费,硕果园（工大商店）,-8.0,62.43,7931,正常
2016/05/14 13:08:38,bbcd599f26d94688c6d5de67c8122d8255b19ef4,19542f91aa1f69af25b67e1004e4c4b783bdc0bd,持卡人消费,硕果园（工大商店）,-0.4,62.03,7932,正常
2016/05/14 21:10:57,bbcd599f26d94688c6d5de67c8122d8255b19ef4,19542f91aa1f69af25b67e1004e4c4b783bdc0bd,持卡人消费,超市商务子系统,-3.8,58.23,7933,正常
2016/05/15 08:10:55,bbcd599f26d94688c6d5de67c8122d8255b19ef4,19542f91aa1f69af25b67e1004e4c4b783bdc0bd,持卡人消费,学士楼商务网关,-2.1,56.13,7934,正常
2016/05/15 08:11:01,bbcd599f26d94688c6d5de67c8122d8255b19ef4,19542f91aa1f69af25b67e1004e4c4b783bdc0bd,持卡人消费,学士楼商务网关,-0.6,55.53,7935,正常
2016/05/16 18:29:12,bbcd599f26d94688c6d5de67c8122d8255b19ef4,19542f91aa1f69af25b67e1004e4c4b783bdc0bd,持卡人消费,硕果园（工大商店）,-7.0,48.53,7936,正常
2016/05/16 18:29:41,bbcd599f26d94688c6d5de67c8122d8255b19ef4,19542f91aa1f69af25b67e1004e4c4b783bdc0bd,持卡人消费,硕果园（工大商店）,-5.0,43.53,7937,正常
2016/05/17 08:08:19,bbcd599f26d94688c6d5de67c8122d8255b19ef4,19542f91aa1f69af25b67e1004e4c4b783bdc0bd,持卡人消费,硕果园（工大商店）,-4.5,39.03,7938,正常
2016/05/17 07:57:06,bbcd599f26d94688c6d5de67c8122d8255b19ef4,19542f91aa1f69af25b67e1004e4c4b783bdc0bd,存款,现金充值机,100.0,139.03,7939,正常
2016/05/17 11:26:57,bbcd599f26d94688c6d5de67c8122d8255b19ef4,19542f91aa1f69af25b67e1004e4c4b783bdc0bd,持卡人消费,硕果园（工大商店）,-12.0,127.03,7940,正常
2016/05/20 18:15:35,bbcd599f26d94688c6d5de67c8122d8255b19ef4,19542f91aa1f69af25b67e1004e4c4b783bdc0bd,持卡人消费,硕果园（工大商店）,-7.0,120.03,7941,正常
2016/05/21 07:48:19,bbcd599f26d94688c6d5de67c8122d8255b19ef4,19542f91aa1f69af25b67e1004e4c4b783bdc0bd,持卡人消费,硕果园（工大商店）,-5.5,114.53,7942,正常
2016/05/22 17:10:43,bbcd599f26d94688c6d5de67c8122d8255b19ef4,19542f91aa1f69af25b67e1004e4c4b783bdc0bd,持卡人消费,四食堂商务网关,-4.8,109.73,7943,正常
2016/05/26 19:01:08,bbcd599f26d94688c6d5de67c8122d8255b19ef4,19542f91aa1f69af25b67e1004e4c4b783bdc0bd,持卡人消费,硕果园（工大商店）,-12.0,97.73,7944,正常
2016/05/26 19:05:31,bbcd599f26d94688c6d5de67c8122d8255b19ef4,19542f91aa1f69af25b67e1004e4c4b783bdc0bd,持卡人消费,硕果园（工大商店）,-0.9,96.83,7945,正常
2016/05/26 20:08:51,bbcd599f26d94688c6d5de67c8122d8255b19ef4,19542f91aa1f69af25b67e1004e4c4b783bdc0bd,持卡人消费,一校区水控新,-0.45,96.38,7947,正常
2016/05/26 20:11:51,bbcd599f26d94688c6d5de67c8122d8255b19ef4,19542f91aa1f69af25b67e1004e4c4b783bdc0bd,持卡人消费,一校区水控新,-0.43,95.95,7949,正常
2016/05/26 20:15:22,bbcd599f26d94688c6d5de67c8122d8255b19ef4,19542f91aa1f69af25b67e1004e4c4b783bdc0bd,持卡人消费,一校区水控新,-0.45,95.50,7951,正常
2016/05/26 20:19:46,bbcd599f26d94688c6d5de67c8122d8255b19ef4,19542f91aa1f69af25b67e1004e4c4b783bdc0bd,持卡人消费,一校区水控新,-0.7,94.80,7953,正常
2016/05/26 20:22:42,bbcd599f26d94688c6d5de67c8122d8255b19ef4,19542f91aa1f69af25b67e1004e4c4b783bdc0bd,持卡人消费,一校区水控新,-0.38,94.42,7955,正常
2016/05/26 20:25:58,bbcd599f26d94688c6d5de67c8122d8255b19ef4,19542f91aa1f69af25b67e1004e4c4b783bdc0bd,持卡人消费,一校区水控新,-0.4,94.02,7957,正常
2016/05/27 08:23:32,bbcd599f26d94688c6d5de67c8122d8255b19ef4,19542f91aa1f69af25b67e1004e4c4b783bdc0bd,持卡人消费,硕果园（工大商店）,-6.5,87.52,7958,正常
2016/05/28 08:45:56,bbcd599f26d94688c6d5de67c8122d8255b19ef4,19542f91aa1f69af25b67e1004e4c4b783bdc0bd,持卡人消费,硕果园（工大商店）,-5.0,82.52,7959,正常
2016/05/28 17:42:12,bbcd599f26d94688c6d5de67c8122d8255b19ef4,19542f91aa1f69af25b67e1004e4c4b783bdc0bd,持卡人消费,四食堂商务网关,-8.71,73.81,7960,正常
2016/05/29 07:22:32,bbcd599f26d94688c6d5de67c8122d8255b19ef4,19542f91aa1f69af25b67e1004e4c4b783bdc0bd,持卡人消费,九食堂商务网关,-2.0,71.81,7961,正常
2016/05/29 07:23:23,bbcd599f26d94688c6d5de67c8122d8255b19ef4,19542f91aa1f69af25b67e1004e4c4b783bdc0bd,持卡人消费,九食堂商务网关,-2.5,69.31,7962,正常
2016/05/29 11:43:12,bbcd599f26d94688c6d5de67c8122d8255b19ef4,19542f91aa1f69af25b67e1004e4c4b783bdc0bd,持卡人消费,四食堂商务网关,-10.25,59.06,7963,正常
2016/05/30 18:38:20,bbcd599f26d94688c6d5de67c8122d8255b19ef4,19542f91aa1f69af25b67e1004e4c4b783bdc0bd,持卡人消费,四食堂商务网关,-5.4,53.66,7964,正常
2016/05/31 17:26:38,bbcd599f26d94688c6d5de67c8122d8255b19ef4,19542f91aa1f69af25b67e1004e4c4b783bdc0bd,持卡人消费,A18,-3.0,50.66,7965,正常
2016/05/31 20:19:46,bbcd599f26d94688c6d5de67c8122d8255b19ef4,19542f91aa1f69af25b67e1004e4c4b783bdc0bd,持卡人消费,一校区水控新,-0.34,50.32,7967,正常
2016/05/31 20:22:33,bbcd599f26d94688c6d5de67c8122d8255b19ef4,19542f91aa1f69af25b67e1004e4c4b783bdc0bd,持卡人消费,一校区水控新,-0.19,50.13,7969,正常
2016/05/31 20:25:01,bbcd599f26d94688c6d5de67c8122d8255b19ef4,19542f91aa1f69af25b67e1004e4c4b783bdc0bd,持卡人消费,一校区水控新,-0.29,49.84,7971,正常
2016/05/31 20:26:01,bbcd599f26d94688c6d5de67c8122d8255b19ef4,19542f91aa1f69af25b67e1004e4c4b783bdc0bd,持卡人消费,一校区水控新,-0.08,49.76,7973,正常
2016/05/31 20:28:47,bbcd599f26d94688c6d5de67c8122d8255b19ef4,19542f91aa1f69af25b67e1004e4c4b783bdc0bd,持卡人消费,一校区水控新,-0.24,49.52,7975,正常
2016/05/31 20:30:57,bbcd599f26d94688c6d5de67c8122d8255b19ef4,19542f91aa1f69af25b67e1004e4c4b783bdc0bd,持卡人消费,一校区水控新,-0.22,49.30,7977,正常
2016/05/31 20:46:27,bbcd599f26d94688c6d5de67c8122d8255b19ef4,19542f91aa1f69af25b67e1004e4c4b783bdc0bd,持卡人消费,硕果园（工大商店）,-8.0,41.30,7978,正常
2016/05/31 20:55:11,bbcd599f26d94688c6d5de67c8122d8255b19ef4,19542f91aa1f69af25b67e1004e4c4b783bdc0bd,持卡人消费,硕果园（工大商店）,-4.0,37.30,7979,正常
