交易发生时间,学号,姓名,交易类型,子系统名称,交易额,现有余额,次数,状态
2016/05/05 12:14:35,713db1e629a144eb9b1c47c137de5ede274969bc,1956ea179d08962b7aa4c0437eaf145d2629f4a7,持卡人消费,学苑楼商务网关,-7.5,25.84,3260,正常
2016/05/05 14:38:23,713db1e629a144eb9b1c47c137de5ede274969bc,1956ea179d08962b7aa4c0437eaf145d2629f4a7,持卡人消费,超市商务子系统,-7.8,18.04,3261,正常
2016/05/10 08:25:24,713db1e629a144eb9b1c47c137de5ede274969bc,1956ea179d08962b7aa4c0437eaf145d2629f4a7,持卡人消费,学士楼商务网关,-2.7,15.34,3262,正常
2016/05/10 11:38:20,713db1e629a144eb9b1c47c137de5ede274969bc,1956ea179d08962b7aa4c0437eaf145d2629f4a7,持卡人消费,学士楼商务网关,-8.0,7.34,3263,正常
2016/05/12 15:40:02,713db1e629a144eb9b1c47c137de5ede274969bc,1956ea179d08962b7aa4c0437eaf145d2629f4a7,持卡人消费,超市商务子系统,-3.5,3.84,3264,正常
2016/05/12 15:41:19,713db1e629a144eb9b1c47c137de5ede274969bc,1956ea179d08962b7aa4c0437eaf145d2629f4a7,持卡人消费,超市商务子系统,-2.7,1.14,3265,正常
2016/05/13 16:32:43,713db1e629a144eb9b1c47c137de5ede274969bc,1956ea179d08962b7aa4c0437eaf145d2629f4a7,存款,学苑楼综合业务2,100.0,101.14,3266,正常
2016/05/13 16:36:22,713db1e629a144eb9b1c47c137de5ede274969bc,1956ea179d08962b7aa4c0437eaf145d2629f4a7,持卡人消费,学士楼商务网关,-1.28,99.86,3267,正常
2016/05/13 16:39:55,713db1e629a144eb9b1c47c137de5ede274969bc,1956ea179d08962b7aa4c0437eaf145d2629f4a7,持卡人消费,学士楼商务网关,-6.0,93.86,3268,正常
2016/05/13 16:52:13,713db1e629a144eb9b1c47c137de5ede274969bc,1956ea179d08962b7aa4c0437eaf145d2629f4a7,持卡人消费,学士楼商务网关,-7.0,86.86,3269,正常
2016/05/13 20:26:18,713db1e629a144eb9b1c47c137de5ede274969bc,1956ea179d08962b7aa4c0437eaf145d2629f4a7,持卡人消费,超市商务子系统,-7.9,78.96,3270,正常
2016/05/13 20:28:57,713db1e629a144eb9b1c47c137de5ede274969bc,1956ea179d08962b7aa4c0437eaf145d2629f4a7,持卡人消费,超市商务子系统,-6.4,72.56,3271,正常
2016/05/13 20:39:22,713db1e629a144eb9b1c47c137de5ede274969bc,1956ea179d08962b7aa4c0437eaf145d2629f4a7,持卡人消费,学子超市园丁总店,-8.5,64.06,3272,正常
2016/05/13 20:41:02,713db1e629a144eb9b1c47c137de5ede274969bc,1956ea179d08962b7aa4c0437eaf145d2629f4a7,持卡人消费,A15,-3.0,61.06,3273,正常
2016/05/14 08:07:36,713db1e629a144eb9b1c47c137de5ede274969bc,1956ea179d08962b7aa4c0437eaf145d2629f4a7,持卡人消费,超市商务子系统,-5.0,56.06,3274,正常
2016/05/14 11:19:09,713db1e629a144eb9b1c47c137de5ede274969bc,1956ea179d08962b7aa4c0437eaf145d2629f4a7,持卡人消费,学士楼商务网关,-8.4,47.66,3275,正常
2016/05/14 11:19:11,713db1e629a144eb9b1c47c137de5ede274969bc,1956ea179d08962b7aa4c0437eaf145d2629f4a7,持卡人消费,学士楼商务网关,-7.1,40.56,3276,正常
2016/05/14 11:53:21,713db1e629a144eb9b1c47c137de5ede274969bc,1956ea179d08962b7aa4c0437eaf145d2629f4a7,持卡人消费,超市商务子系统,-4.5,36.06,3277,正常
2016/05/15 10:26:15,713db1e629a144eb9b1c47c137de5ede274969bc,1956ea179d08962b7aa4c0437eaf145d2629f4a7,持卡人消费,学子超市园丁总店,-5.8,30.26,3278,正常
2016/05/16 08:23:15,713db1e629a144eb9b1c47c137de5ede274969bc,1956ea179d08962b7aa4c0437eaf145d2629f4a7,持卡人消费,硕果园（工大商店）,-2.5,27.76,3279,正常
2016/05/17 08:24:21,713db1e629a144eb9b1c47c137de5ede274969bc,1956ea179d08962b7aa4c0437eaf145d2629f4a7,持卡人消费,学士楼商务网关,-3.2,24.56,3280,正常
2016/05/17 13:47:20,713db1e629a144eb9b1c47c137de5ede274969bc,1956ea179d08962b7aa4c0437eaf145d2629f4a7,持卡人消费,硕果园（工大商店）,-7.0,17.56,3281,正常
2016/05/17 14:06:52,713db1e629a144eb9b1c47c137de5ede274969bc,1956ea179d08962b7aa4c0437eaf145d2629f4a7,持卡人消费,超市商务子系统,-0.2,17.36,3282,正常
2016/05/17 17:12:47,713db1e629a144eb9b1c47c137de5ede274969bc,1956ea179d08962b7aa4c0437eaf145d2629f4a7,持卡人消费,学士楼商务网关,-8.5,8.86,3283,正常
2016/05/18 11:29:48,713db1e629a144eb9b1c47c137de5ede274969bc,1956ea179d08962b7aa4c0437eaf145d2629f4a7,持卡人消费,学士楼商务网关,-1.86,7.00,3284,正常
2016/05/18 11:32:34,713db1e629a144eb9b1c47c137de5ede274969bc,1956ea179d08962b7aa4c0437eaf145d2629f4a7,持卡人消费,学士楼商务网关,-6.0,1.00,3285,正常
2016/05/28 13:38:17,713db1e629a144eb9b1c47c137de5ede274969bc,1956ea179d08962b7aa4c0437eaf145d2629f4a7,存款,现金充值机,100.0,101.00,3286,正常
2016/05/28 14:05:33,713db1e629a144eb9b1c47c137de5ede274969bc,1956ea179d08962b7aa4c0437eaf145d2629f4a7,持卡人消费,超市商务子系统,-15.7,85.30,3287,正常
2016/05/28 14:08:56,713db1e629a144eb9b1c47c137de5ede274969bc,1956ea179d08962b7aa4c0437eaf145d2629f4a7,持卡人消费,超市商务子系统,-4.9,80.40,3288,正常
2016/05/28 14:10:04,713db1e629a144eb9b1c47c137de5ede274969bc,1956ea179d08962b7aa4c0437eaf145d2629f4a7,持卡人消费,网络中心,-30.0,50.40,3289,正常
