交易发生时间,学号,姓名,交易类型,子系统名称,交易额,现有余额,次数,状态
2016/05/02 19:50:39,3d5e18f7d36d1243d97484a382640d0ecaa47d7d,198b89798fedec87cfd3ea454c40279267acecac,持卡人消费,超市商务子系统,-9.8,71.87,2520,正常
2016/05/03 14:15:48,3d5e18f7d36d1243d97484a382640d0ecaa47d7d,198b89798fedec87cfd3ea454c40279267acecac,持卡人消费,硕果园（工大商店）,-13.0,58.87,2521,正常
2016/05/04 07:40:37,3d5e18f7d36d1243d97484a382640d0ecaa47d7d,198b89798fedec87cfd3ea454c40279267acecac,持卡人消费,学士楼商务网关,-2.6,56.27,2522,正常
2016/05/04 07:41:35,3d5e18f7d36d1243d97484a382640d0ecaa47d7d,198b89798fedec87cfd3ea454c40279267acecac,持卡人消费,学士楼商务网关,-2.0,54.27,2523,正常
2016/05/04 21:38:17,3d5e18f7d36d1243d97484a382640d0ecaa47d7d,198b89798fedec87cfd3ea454c40279267acecac,持卡人消费,超市商务子系统,-13.2,41.07,2524,正常
2016/05/05 10:47:15,3d5e18f7d36d1243d97484a382640d0ecaa47d7d,198b89798fedec87cfd3ea454c40279267acecac,持卡人消费,硕果园（工大商店）,-8.0,33.07,2525,正常
2016/05/06 07:25:53,3d5e18f7d36d1243d97484a382640d0ecaa47d7d,198b89798fedec87cfd3ea454c40279267acecac,持卡人消费,学士楼商务网关,-2.6,30.47,2526,正常
2016/05/06 19:38:14,3d5e18f7d36d1243d97484a382640d0ecaa47d7d,198b89798fedec87cfd3ea454c40279267acecac,持卡人消费,硕果园（工大商店）,-10.0,20.47,2527,正常
2016/05/06 19:41:13,3d5e18f7d36d1243d97484a382640d0ecaa47d7d,198b89798fedec87cfd3ea454c40279267acecac,持卡人消费,硕果园（工大商店）,-3.0,17.47,2528,正常
2016/05/09 07:34:33,3d5e18f7d36d1243d97484a382640d0ecaa47d7d,198b89798fedec87cfd3ea454c40279267acecac,持卡人消费,学士楼商务网关,-2.1,15.37,2529,正常
2016/05/10 17:42:09,3d5e18f7d36d1243d97484a382640d0ecaa47d7d,198b89798fedec87cfd3ea454c40279267acecac,存款,现金充值机,100.0,115.37,2530,正常
2016/05/10 18:14:51,3d5e18f7d36d1243d97484a382640d0ecaa47d7d,198b89798fedec87cfd3ea454c40279267acecac,持卡人消费,一校区水控新,-0.06,115.31,2532,正常
2016/05/10 18:25:52,3d5e18f7d36d1243d97484a382640d0ecaa47d7d,198b89798fedec87cfd3ea454c40279267acecac,持卡人消费,一校区水控新,-2.0,113.31,2533,正常
2016/05/10 18:49:50,3d5e18f7d36d1243d97484a382640d0ecaa47d7d,198b89798fedec87cfd3ea454c40279267acecac,持卡人消费,超市商务子系统,-1.4,111.91,2534,正常
2016/05/10 18:53:33,3d5e18f7d36d1243d97484a382640d0ecaa47d7d,198b89798fedec87cfd3ea454c40279267acecac,持卡人消费,硕果园（工大商店）,-10.7,101.21,2535,正常
2016/05/11 11:51:32,3d5e18f7d36d1243d97484a382640d0ecaa47d7d,198b89798fedec87cfd3ea454c40279267acecac,持卡人消费,学子楼商务网关,-6.5,94.71,2536,正常
2016/05/13 09:58:31,3d5e18f7d36d1243d97484a382640d0ecaa47d7d,198b89798fedec87cfd3ea454c40279267acecac,持卡人消费,硕果园（工大商店）,-10.0,84.71,2537,正常
2016/05/13 09:59:31,3d5e18f7d36d1243d97484a382640d0ecaa47d7d,198b89798fedec87cfd3ea454c40279267acecac,持卡人消费,硕果园（工大商店）,-8.0,76.71,2538,正常
2016/05/13 10:00:01,3d5e18f7d36d1243d97484a382640d0ecaa47d7d,198b89798fedec87cfd3ea454c40279267acecac,持卡人消费,硕果园（工大商店）,-8.0,68.71,2539,正常
2016/05/13 20:34:40,3d5e18f7d36d1243d97484a382640d0ecaa47d7d,198b89798fedec87cfd3ea454c40279267acecac,持卡人消费,超市商务子系统,-0.6,68.11,2540,正常
2016/05/14 11:22:32,3d5e18f7d36d1243d97484a382640d0ecaa47d7d,198b89798fedec87cfd3ea454c40279267acecac,持卡人消费,硕果园（工大商店）,-12.0,56.11,2541,正常
2016/05/14 16:33:46,3d5e18f7d36d1243d97484a382640d0ecaa47d7d,198b89798fedec87cfd3ea454c40279267acecac,持卡人消费,硕果园（工大商店）,-3.0,53.11,2542,正常
2016/05/14 16:35:02,3d5e18f7d36d1243d97484a382640d0ecaa47d7d,198b89798fedec87cfd3ea454c40279267acecac,持卡人消费,硕果园（工大商店）,-12.0,41.11,2543,正常
2016/05/16 11:32:02,3d5e18f7d36d1243d97484a382640d0ecaa47d7d,198b89798fedec87cfd3ea454c40279267acecac,持卡人消费,学苑楼商务网关,-8.8,32.31,2544,正常
2016/05/16 15:25:12,3d5e18f7d36d1243d97484a382640d0ecaa47d7d,198b89798fedec87cfd3ea454c40279267acecac,持卡人消费,超市商务子系统,-3.5,28.81,2545,正常
2016/05/17 11:21:56,3d5e18f7d36d1243d97484a382640d0ecaa47d7d,198b89798fedec87cfd3ea454c40279267acecac,持卡人消费,硕果园（工大商店）,-0.2,28.61,2546,正常
2016/05/19 12:11:46,3d5e18f7d36d1243d97484a382640d0ecaa47d7d,198b89798fedec87cfd3ea454c40279267acecac,持卡人消费,学苑楼商务网关,-7.5,21.11,2547,正常
2016/05/19 14:59:36,3d5e18f7d36d1243d97484a382640d0ecaa47d7d,198b89798fedec87cfd3ea454c40279267acecac,持卡人消费,超市商务子系统,-11.7,9.41,2548,正常
2016/05/20 10:09:02,3d5e18f7d36d1243d97484a382640d0ecaa47d7d,198b89798fedec87cfd3ea454c40279267acecac,持卡人消费,硕果园（工大商店）,-8.0,1.41,2549,正常
2016/05/31 16:15:37,3d5e18f7d36d1243d97484a382640d0ecaa47d7d,198b89798fedec87cfd3ea454c40279267acecac,存款,学苑楼综合业务2,100.0,101.41,2550,正常
2016/05/31 18:35:15,3d5e18f7d36d1243d97484a382640d0ecaa47d7d,198b89798fedec87cfd3ea454c40279267acecac,持卡人消费,A9,-3.0,98.41,2551,正常
2016/05/31 18:59:04,3d5e18f7d36d1243d97484a382640d0ecaa47d7d,198b89798fedec87cfd3ea454c40279267acecac,持卡人消费,一校区水控新,-1.26,97.15,2553,正常
2016/05/31 19:21:25,3d5e18f7d36d1243d97484a382640d0ecaa47d7d,198b89798fedec87cfd3ea454c40279267acecac,持卡人消费,超市商务子系统,-18.4,78.75,2554,正常
