交易发生时间,学号,姓名,交易类型,子系统名称,交易额,现有余额,次数,状态
2016/05/02 10:55:02,5a66c8ce3ba28b3a9358632ddc98c6cb7e21a147,1a20888861b7a3a69d20e43b0d2b86debd03a1de,持卡人消费,硕果园（工大商店）,-11.0,23.93,5007,正常
2016/05/02 10:55:06,5a66c8ce3ba28b3a9358632ddc98c6cb7e21a147,1a20888861b7a3a69d20e43b0d2b86debd03a1de,持卡人消费,硕果园（工大商店）,-1.0,22.93,5008,正常
2016/05/02 17:46:24,5a66c8ce3ba28b3a9358632ddc98c6cb7e21a147,1a20888861b7a3a69d20e43b0d2b86debd03a1de,持卡人消费,学苑楼商务网关,-6.6,16.33,5009,正常
2016/05/02 17:47:04,5a66c8ce3ba28b3a9358632ddc98c6cb7e21a147,1a20888861b7a3a69d20e43b0d2b86debd03a1de,持卡人消费,学苑楼商务网关,-3.0,13.33,5010,正常
2016/05/03 11:24:50,5a66c8ce3ba28b3a9358632ddc98c6cb7e21a147,1a20888861b7a3a69d20e43b0d2b86debd03a1de,持卡人消费,学苑楼商务网关,-5.6,7.73,5011,正常
2016/05/06 16:30:30,5a66c8ce3ba28b3a9358632ddc98c6cb7e21a147,1a20888861b7a3a69d20e43b0d2b86debd03a1de,持卡人消费,一校区水控新,-2.0,5.73,5012,正常
2016/05/09 12:08:51,5a66c8ce3ba28b3a9358632ddc98c6cb7e21a147,1a20888861b7a3a69d20e43b0d2b86debd03a1de,持卡人消费,一校区水控新,-1.53,4.20,5013,正常
2016/05/09 12:14:22,5a66c8ce3ba28b3a9358632ddc98c6cb7e21a147,1a20888861b7a3a69d20e43b0d2b86debd03a1de,持卡人消费,一校区水控新,-0.59,3.61,5014,正常
2016/05/09 18:02:08,5a66c8ce3ba28b3a9358632ddc98c6cb7e21a147,1a20888861b7a3a69d20e43b0d2b86debd03a1de,存款,现金充值机,100.0,103.61,5015,正常
2016/05/10 12:14:23,5a66c8ce3ba28b3a9358632ddc98c6cb7e21a147,1a20888861b7a3a69d20e43b0d2b86debd03a1de,持卡人消费,学士楼商务网关,-8.1,95.51,5016,正常
2016/05/10 18:55:09,5a66c8ce3ba28b3a9358632ddc98c6cb7e21a147,1a20888861b7a3a69d20e43b0d2b86debd03a1de,持卡人消费,硕果园（工大商店）,-10.0,85.51,5017,正常
2016/05/11 11:46:35,5a66c8ce3ba28b3a9358632ddc98c6cb7e21a147,1a20888861b7a3a69d20e43b0d2b86debd03a1de,持卡人消费,学士楼商务网关,-10.6,74.91,5018,正常
2016/05/11 16:04:47,5a66c8ce3ba28b3a9358632ddc98c6cb7e21a147,1a20888861b7a3a69d20e43b0d2b86debd03a1de,持卡人消费,一校区水控新,-1.21,73.70,5019,正常
2016/05/11 16:11:08,5a66c8ce3ba28b3a9358632ddc98c6cb7e21a147,1a20888861b7a3a69d20e43b0d2b86debd03a1de,持卡人消费,一校区水控新,-0.51,73.19,5020,正常
2016/05/11 20:03:46,5a66c8ce3ba28b3a9358632ddc98c6cb7e21a147,1a20888861b7a3a69d20e43b0d2b86debd03a1de,持卡人消费,硕果园（工大商店）,-8.0,65.19,5021,正常
2016/05/12 17:33:09,5a66c8ce3ba28b3a9358632ddc98c6cb7e21a147,1a20888861b7a3a69d20e43b0d2b86debd03a1de,持卡人消费,学士楼商务网关,-10.9,54.29,5022,正常
2016/05/12 17:33:12,5a66c8ce3ba28b3a9358632ddc98c6cb7e21a147,1a20888861b7a3a69d20e43b0d2b86debd03a1de,持卡人消费,学士楼商务网关,-0.6,53.69,5023,正常
2016/05/13 11:35:01,5a66c8ce3ba28b3a9358632ddc98c6cb7e21a147,1a20888861b7a3a69d20e43b0d2b86debd03a1de,持卡人消费,学苑楼商务网关,-6.0,47.69,5024,正常
2016/05/13 11:35:51,5a66c8ce3ba28b3a9358632ddc98c6cb7e21a147,1a20888861b7a3a69d20e43b0d2b86debd03a1de,持卡人消费,学苑楼商务网关,-4.0,43.69,5025,正常
2016/05/13 12:25:56,5a66c8ce3ba28b3a9358632ddc98c6cb7e21a147,1a20888861b7a3a69d20e43b0d2b86debd03a1de,持卡人消费,一校区水控新,-2.0,41.69,5026,正常
2016/05/13 12:26:35,5a66c8ce3ba28b3a9358632ddc98c6cb7e21a147,1a20888861b7a3a69d20e43b0d2b86debd03a1de,持卡人消费,一校区水控新,-0.04,41.65,5027,正常
2016/05/14 10:05:29,5a66c8ce3ba28b3a9358632ddc98c6cb7e21a147,1a20888861b7a3a69d20e43b0d2b86debd03a1de,持卡人消费,硕果园（工大商店）,-24.0,17.65,5028,正常
2016/05/14 10:06:29,5a66c8ce3ba28b3a9358632ddc98c6cb7e21a147,1a20888861b7a3a69d20e43b0d2b86debd03a1de,持卡人消费,硕果园（工大商店）,-13.0,4.65,5029,正常
2016/05/14 10:09:23,5a66c8ce3ba28b3a9358632ddc98c6cb7e21a147,1a20888861b7a3a69d20e43b0d2b86debd03a1de,持卡人消费,硕果园（工大商店）,-2.5,2.15,5030,正常
2016/05/17 21:28:52,5a66c8ce3ba28b3a9358632ddc98c6cb7e21a147,1a20888861b7a3a69d20e43b0d2b86debd03a1de,持卡人消费,超市商务子系统,-0.2,1.95,5031,正常
