交易发生时间,学号,姓名,交易类型,子系统名称,交易额,现有余额,次数,状态
2016/05/03 20:36:47,5841d52a4c300bc3ae42f85b7105b5f4bd316822,1a2ce2863f1509bb114ddaff6d8ee69cb2b8693c,持卡人消费,硕果园（工大商店）,-14.0,271.24,5111,正常
2016/05/04 13:34:13,5841d52a4c300bc3ae42f85b7105b5f4bd316822,1a2ce2863f1509bb114ddaff6d8ee69cb2b8693c,持卡人消费,学子便利店A01后楼,-1.2,270.04,5112,正常
2016/05/04 18:04:24,5841d52a4c300bc3ae42f85b7105b5f4bd316822,1a2ce2863f1509bb114ddaff6d8ee69cb2b8693c,持卡人消费,学苑楼商务网关,-6.0,264.04,5113,正常
2016/05/04 18:06:43,5841d52a4c300bc3ae42f85b7105b5f4bd316822,1a2ce2863f1509bb114ddaff6d8ee69cb2b8693c,持卡人消费,学苑楼商务网关,-1.5,262.54,5114,正常
2016/05/04 18:28:21,5841d52a4c300bc3ae42f85b7105b5f4bd316822,1a2ce2863f1509bb114ddaff6d8ee69cb2b8693c,持卡人消费,超市商务子系统,-9.8,252.74,5115,正常
2016/05/05 17:41:15,5841d52a4c300bc3ae42f85b7105b5f4bd316822,1a2ce2863f1509bb114ddaff6d8ee69cb2b8693c,持卡人消费,硕果园（工大商店）,-14.0,238.74,5116,正常
2016/05/05 17:42:04,5841d52a4c300bc3ae42f85b7105b5f4bd316822,1a2ce2863f1509bb114ddaff6d8ee69cb2b8693c,持卡人消费,硕果园（工大商店）,-3.0,235.74,5117,正常
2016/05/05 19:00:17,5841d52a4c300bc3ae42f85b7105b5f4bd316822,1a2ce2863f1509bb114ddaff6d8ee69cb2b8693c,持卡人消费,游泳馆,-6.0,229.74,5118,正常
2016/05/06 20:07:22,5841d52a4c300bc3ae42f85b7105b5f4bd316822,1a2ce2863f1509bb114ddaff6d8ee69cb2b8693c,持卡人消费,硕果园（工大商店）,-12.0,217.74,5119,正常
2016/05/06 20:24:46,5841d52a4c300bc3ae42f85b7105b5f4bd316822,1a2ce2863f1509bb114ddaff6d8ee69cb2b8693c,持卡人消费,超市商务子系统,-9.5,208.24,5120,正常
2016/05/07 11:39:18,5841d52a4c300bc3ae42f85b7105b5f4bd316822,1a2ce2863f1509bb114ddaff6d8ee69cb2b8693c,持卡人消费,硕果园（工大商店）,-14.0,194.24,5121,正常
2016/05/07 11:39:40,5841d52a4c300bc3ae42f85b7105b5f4bd316822,1a2ce2863f1509bb114ddaff6d8ee69cb2b8693c,持卡人消费,硕果园（工大商店）,-3.0,191.24,5122,正常
2016/05/07 18:57:04,5841d52a4c300bc3ae42f85b7105b5f4bd316822,1a2ce2863f1509bb114ddaff6d8ee69cb2b8693c,持卡人消费,硕果园（工大商店）,-12.0,179.24,5123,正常
2016/05/08 12:02:54,5841d52a4c300bc3ae42f85b7105b5f4bd316822,1a2ce2863f1509bb114ddaff6d8ee69cb2b8693c,持卡人消费,硕果园（工大商店）,-14.0,165.24,5124,正常
2016/05/08 12:06:52,5841d52a4c300bc3ae42f85b7105b5f4bd316822,1a2ce2863f1509bb114ddaff6d8ee69cb2b8693c,持卡人消费,硕果园（工大商店）,-3.0,162.24,5125,正常
2016/05/08 17:05:28,5841d52a4c300bc3ae42f85b7105b5f4bd316822,1a2ce2863f1509bb114ddaff6d8ee69cb2b8693c,持卡人消费,学苑楼商务网关,-3.0,159.24,5126,正常
2016/05/01 17:06:02,5841d52a4c300bc3ae42f85b7105b5f4bd316822,1a2ce2863f1509bb114ddaff6d8ee69cb2b8693c,持卡人消费,学苑楼商务网关,-3.0,156.24,5127,正常
2016/05/08 17:07:23,5841d52a4c300bc3ae42f85b7105b5f4bd316822,1a2ce2863f1509bb114ddaff6d8ee69cb2b8693c,持卡人消费,学苑楼商务网关,-0.8,155.44,5128,正常
2016/05/08 17:07:54,5841d52a4c300bc3ae42f85b7105b5f4bd316822,1a2ce2863f1509bb114ddaff6d8ee69cb2b8693c,持卡人消费,学苑楼商务网关,-1.05,154.39,5129,正常
2016/05/08 17:47:08,5841d52a4c300bc3ae42f85b7105b5f4bd316822,1a2ce2863f1509bb114ddaff6d8ee69cb2b8693c,持卡人消费,超市商务子系统,-7.4,146.99,5130,正常
2016/05/08 19:54:15,5841d52a4c300bc3ae42f85b7105b5f4bd316822,1a2ce2863f1509bb114ddaff6d8ee69cb2b8693c,持卡人消费,15公寓浴池,-0.08,146.91,5132,正常
2016/05/08 20:04:46,5841d52a4c300bc3ae42f85b7105b5f4bd316822,1a2ce2863f1509bb114ddaff6d8ee69cb2b8693c,持卡人消费,15公寓浴池,-2.0,144.91,5133,正常
2016/05/08 20:06:46,5841d52a4c300bc3ae42f85b7105b5f4bd316822,1a2ce2863f1509bb114ddaff6d8ee69cb2b8693c,持卡人消费,15公寓浴池,-0.37,144.54,5135,正常
2016/05/09 14:05:24,5841d52a4c300bc3ae42f85b7105b5f4bd316822,1a2ce2863f1509bb114ddaff6d8ee69cb2b8693c,持卡人消费,超市商务子系统,-2.0,142.54,5136,正常
2016/05/09 19:33:22,5841d52a4c300bc3ae42f85b7105b5f4bd316822,1a2ce2863f1509bb114ddaff6d8ee69cb2b8693c,持卡人消费,硕果园（工大商店）,-14.0,128.54,5137,正常
2016/05/09 19:58:35,5841d52a4c300bc3ae42f85b7105b5f4bd316822,1a2ce2863f1509bb114ddaff6d8ee69cb2b8693c,持卡人消费,超市商务子系统,-10.0,118.54,5138,正常
2016/05/10 12:19:54,5841d52a4c300bc3ae42f85b7105b5f4bd316822,1a2ce2863f1509bb114ddaff6d8ee69cb2b8693c,持卡人消费,硕果园（工大商店）,-10.0,108.54,5139,正常
2016/05/10 18:02:13,5841d52a4c300bc3ae42f85b7105b5f4bd316822,1a2ce2863f1509bb114ddaff6d8ee69cb2b8693c,持卡人消费,学苑楼商务网关,-6.0,102.54,5140,正常
2016/05/10 18:03:18,5841d52a4c300bc3ae42f85b7105b5f4bd316822,1a2ce2863f1509bb114ddaff6d8ee69cb2b8693c,持卡人消费,学苑楼商务网关,-0.6,101.94,5141,正常
2016/05/10 18:05:16,5841d52a4c300bc3ae42f85b7105b5f4bd316822,1a2ce2863f1509bb114ddaff6d8ee69cb2b8693c,持卡人消费,学苑楼商务网关,-1.5,100.44,5142,正常
2016/05/10 18:05:27,5841d52a4c300bc3ae42f85b7105b5f4bd316822,1a2ce2863f1509bb114ddaff6d8ee69cb2b8693c,持卡人消费,学苑楼商务网关,-1.0,99.44,5143,正常
2016/05/11 08:59:23,5841d52a4c300bc3ae42f85b7105b5f4bd316822,1a2ce2863f1509bb114ddaff6d8ee69cb2b8693c,持卡人消费,学士楼商务网关,-2.6,96.84,5144,正常
2016/05/11 18:12:44,5841d52a4c300bc3ae42f85b7105b5f4bd316822,1a2ce2863f1509bb114ddaff6d8ee69cb2b8693c,持卡人消费,学子楼商务网关,-8.0,88.84,5145,正常
2016/05/11 18:34:58,5841d52a4c300bc3ae42f85b7105b5f4bd316822,1a2ce2863f1509bb114ddaff6d8ee69cb2b8693c,持卡人消费,超市商务子系统,-8.9,79.94,5146,正常
2016/05/11 18:47:33,5841d52a4c300bc3ae42f85b7105b5f4bd316822,1a2ce2863f1509bb114ddaff6d8ee69cb2b8693c,持卡人消费,学子便利店A01后楼,-3.7,76.24,5147,正常
2016/05/12 12:52:35,5841d52a4c300bc3ae42f85b7105b5f4bd316822,1a2ce2863f1509bb114ddaff6d8ee69cb2b8693c,持卡人消费,硕果园（工大商店）,-14.0,62.24,5148,正常
2016/05/12 20:31:03,5841d52a4c300bc3ae42f85b7105b5f4bd316822,1a2ce2863f1509bb114ddaff6d8ee69cb2b8693c,持卡人消费,硕果园（工大商店）,-12.0,50.24,5149,正常
2016/05/12 20:48:11,5841d52a4c300bc3ae42f85b7105b5f4bd316822,1a2ce2863f1509bb114ddaff6d8ee69cb2b8693c,持卡人消费,超市商务子系统,-10.9,39.34,5150,正常
2016/05/13 08:58:45,5841d52a4c300bc3ae42f85b7105b5f4bd316822,1a2ce2863f1509bb114ddaff6d8ee69cb2b8693c,持卡人消费,学士楼商务网关,-5.0,34.34,5151,正常
2016/05/13 08:59:21,5841d52a4c300bc3ae42f85b7105b5f4bd316822,1a2ce2863f1509bb114ddaff6d8ee69cb2b8693c,持卡人消费,学士楼商务网关,-0.6,33.74,5152,正常
2016/05/13 13:06:55,5841d52a4c300bc3ae42f85b7105b5f4bd316822,1a2ce2863f1509bb114ddaff6d8ee69cb2b8693c,持卡人消费,硕果园（工大商店）,-12.0,21.74,5153,正常
2016/05/13 17:46:12,5841d52a4c300bc3ae42f85b7105b5f4bd316822,1a2ce2863f1509bb114ddaff6d8ee69cb2b8693c,存款,现金充值机,300.0,321.74,5154,正常
2016/05/13 18:09:23,5841d52a4c300bc3ae42f85b7105b5f4bd316822,1a2ce2863f1509bb114ddaff6d8ee69cb2b8693c,持卡人消费,学苑楼商务网关,-8.0,313.74,5155,正常
2016/05/13 18:10:23,5841d52a4c300bc3ae42f85b7105b5f4bd316822,1a2ce2863f1509bb114ddaff6d8ee69cb2b8693c,持卡人消费,学苑楼商务网关,-0.5,313.24,5156,正常
2016/05/13 18:38:24,5841d52a4c300bc3ae42f85b7105b5f4bd316822,1a2ce2863f1509bb114ddaff6d8ee69cb2b8693c,持卡人消费,超市商务子系统,-4.0,309.24,5157,正常
2016/05/13 18:41:16,5841d52a4c300bc3ae42f85b7105b5f4bd316822,1a2ce2863f1509bb114ddaff6d8ee69cb2b8693c,持卡人消费,硕果园（工大商店）,-6.0,303.24,5158,正常
2016/05/13 18:55:55,5841d52a4c300bc3ae42f85b7105b5f4bd316822,1a2ce2863f1509bb114ddaff6d8ee69cb2b8693c,持卡人消费,学子便利店A01后楼,-5.5,297.74,5159,正常
2016/05/14 19:33:43,5841d52a4c300bc3ae42f85b7105b5f4bd316822,1a2ce2863f1509bb114ddaff6d8ee69cb2b8693c,持卡人消费,硕果园（工大商店）,-12.0,285.74,5160,正常
2016/05/14 19:57:56,5841d52a4c300bc3ae42f85b7105b5f4bd316822,1a2ce2863f1509bb114ddaff6d8ee69cb2b8693c,持卡人消费,超市商务子系统,-0.7,285.04,5161,正常
2016/05/15 11:25:30,5841d52a4c300bc3ae42f85b7105b5f4bd316822,1a2ce2863f1509bb114ddaff6d8ee69cb2b8693c,持卡人消费,硕果园（工大商店）,-14.0,271.04,5162,正常
2016/05/16 09:01:35,5841d52a4c300bc3ae42f85b7105b5f4bd316822,1a2ce2863f1509bb114ddaff6d8ee69cb2b8693c,持卡人消费,学子便利店A01后楼,-1.2,269.84,5163,正常
2016/05/16 13:34:14,5841d52a4c300bc3ae42f85b7105b5f4bd316822,1a2ce2863f1509bb114ddaff6d8ee69cb2b8693c,持卡人消费,硕果园（工大商店）,-7.0,262.84,5164,正常
2016/05/16 18:02:28,5841d52a4c300bc3ae42f85b7105b5f4bd316822,1a2ce2863f1509bb114ddaff6d8ee69cb2b8693c,持卡人消费,学苑楼商务网关,-10.0,252.84,5165,正常
2016/05/16 18:03:08,5841d52a4c300bc3ae42f85b7105b5f4bd316822,1a2ce2863f1509bb114ddaff6d8ee69cb2b8693c,持卡人消费,学苑楼商务网关,-0.5,252.34,5166,正常
2016/05/16 18:04:11,5841d52a4c300bc3ae42f85b7105b5f4bd316822,1a2ce2863f1509bb114ddaff6d8ee69cb2b8693c,持卡人消费,学苑楼商务网关,-1.0,251.34,5167,正常
2016/05/16 18:26:42,5841d52a4c300bc3ae42f85b7105b5f4bd316822,1a2ce2863f1509bb114ddaff6d8ee69cb2b8693c,持卡人消费,超市商务子系统,-7.5,243.84,5168,正常
2016/05/16 19:09:51,5841d52a4c300bc3ae42f85b7105b5f4bd316822,1a2ce2863f1509bb114ddaff6d8ee69cb2b8693c,持卡人消费,15公寓浴池,-2.0,241.84,5169,正常
2016/05/16 19:12:53,5841d52a4c300bc3ae42f85b7105b5f4bd316822,1a2ce2863f1509bb114ddaff6d8ee69cb2b8693c,持卡人消费,15公寓浴池,-0.58,241.26,5171,正常
2016/05/17 09:09:43,5841d52a4c300bc3ae42f85b7105b5f4bd316822,1a2ce2863f1509bb114ddaff6d8ee69cb2b8693c,持卡人消费,学士楼商务网关,-4.0,237.26,5172,正常
2016/05/17 09:09:54,5841d52a4c300bc3ae42f85b7105b5f4bd316822,1a2ce2863f1509bb114ddaff6d8ee69cb2b8693c,持卡人消费,学士楼商务网关,-2.0,235.26,5173,正常
2016/05/17 09:10:13,5841d52a4c300bc3ae42f85b7105b5f4bd316822,1a2ce2863f1509bb114ddaff6d8ee69cb2b8693c,持卡人消费,学士楼商务网关,-1.0,234.26,5174,正常
2016/05/17 13:42:47,5841d52a4c300bc3ae42f85b7105b5f4bd316822,1a2ce2863f1509bb114ddaff6d8ee69cb2b8693c,持卡人消费,硕果园（工大商店）,-8.0,226.26,5175,正常
2016/05/17 18:10:55,5841d52a4c300bc3ae42f85b7105b5f4bd316822,1a2ce2863f1509bb114ddaff6d8ee69cb2b8693c,持卡人消费,学苑楼商务网关,-8.0,218.26,5176,正常
2016/05/17 18:12:23,5841d52a4c300bc3ae42f85b7105b5f4bd316822,1a2ce2863f1509bb114ddaff6d8ee69cb2b8693c,持卡人消费,学苑楼商务网关,-3.0,215.26,5177,正常
2016/05/17 18:12:54,5841d52a4c300bc3ae42f85b7105b5f4bd316822,1a2ce2863f1509bb114ddaff6d8ee69cb2b8693c,持卡人消费,学苑楼商务网关,-1.5,213.76,5178,正常
2016/05/17 18:36:45,5841d52a4c300bc3ae42f85b7105b5f4bd316822,1a2ce2863f1509bb114ddaff6d8ee69cb2b8693c,持卡人消费,超市商务子系统,-4.0,209.76,5179,正常
2016/05/17 19:29:06,5841d52a4c300bc3ae42f85b7105b5f4bd316822,1a2ce2863f1509bb114ddaff6d8ee69cb2b8693c,持卡人消费,超市商务子系统,-4.6,205.16,5180,正常
2016/05/18 09:00:15,5841d52a4c300bc3ae42f85b7105b5f4bd316822,1a2ce2863f1509bb114ddaff6d8ee69cb2b8693c,持卡人消费,学士楼商务网关,-3.6,201.56,5181,正常
2016/05/18 13:49:36,5841d52a4c300bc3ae42f85b7105b5f4bd316822,1a2ce2863f1509bb114ddaff6d8ee69cb2b8693c,持卡人消费,硕果园（工大商店）,-8.0,193.56,5182,正常
2016/05/18 18:11:54,5841d52a4c300bc3ae42f85b7105b5f4bd316822,1a2ce2863f1509bb114ddaff6d8ee69cb2b8693c,持卡人消费,学苑楼商务网关,-8.0,185.56,5183,正常
2016/05/18 18:12:32,5841d52a4c300bc3ae42f85b7105b5f4bd316822,1a2ce2863f1509bb114ddaff6d8ee69cb2b8693c,持卡人消费,学苑楼商务网关,-4.0,181.56,5184,正常
2016/05/18 18:13:57,5841d52a4c300bc3ae42f85b7105b5f4bd316822,1a2ce2863f1509bb114ddaff6d8ee69cb2b8693c,持卡人消费,学苑楼商务网关,-1.8,179.76,5185,正常
2016/05/18 18:15:05,5841d52a4c300bc3ae42f85b7105b5f4bd316822,1a2ce2863f1509bb114ddaff6d8ee69cb2b8693c,持卡人消费,学苑楼商务网关,-2.0,177.76,5186,正常
2016/05/18 18:40:27,5841d52a4c300bc3ae42f85b7105b5f4bd316822,1a2ce2863f1509bb114ddaff6d8ee69cb2b8693c,持卡人消费,超市商务子系统,-10.0,167.76,5187,正常
2016/05/19 09:07:34,5841d52a4c300bc3ae42f85b7105b5f4bd316822,1a2ce2863f1509bb114ddaff6d8ee69cb2b8693c,持卡人消费,学子便利店A01后楼,-1.2,166.56,5188,正常
2016/05/19 09:14:38,5841d52a4c300bc3ae42f85b7105b5f4bd316822,1a2ce2863f1509bb114ddaff6d8ee69cb2b8693c,持卡人消费,学士楼商务网关,-3.5,163.06,5189,正常
2016/05/19 13:42:35,5841d52a4c300bc3ae42f85b7105b5f4bd316822,1a2ce2863f1509bb114ddaff6d8ee69cb2b8693c,持卡人消费,硕果园（工大商店）,-8.0,155.06,5190,正常
2016/05/19 19:13:03,5841d52a4c300bc3ae42f85b7105b5f4bd316822,1a2ce2863f1509bb114ddaff6d8ee69cb2b8693c,持卡人消费,超市商务子系统,-8.9,146.16,5191,正常
2016/05/20 09:29:55,5841d52a4c300bc3ae42f85b7105b5f4bd316822,1a2ce2863f1509bb114ddaff6d8ee69cb2b8693c,持卡人消费,硕果园（工大商店）,-12.0,134.16,5192,正常
2016/05/20 17:15:24,5841d52a4c300bc3ae42f85b7105b5f4bd316822,1a2ce2863f1509bb114ddaff6d8ee69cb2b8693c,持卡人消费,学苑楼商务网关,-7.0,127.16,5193,正常
2016/05/20 17:18:02,5841d52a4c300bc3ae42f85b7105b5f4bd316822,1a2ce2863f1509bb114ddaff6d8ee69cb2b8693c,持卡人消费,学苑楼商务网关,-1.5,125.66,5194,正常
2016/05/20 17:18:11,5841d52a4c300bc3ae42f85b7105b5f4bd316822,1a2ce2863f1509bb114ddaff6d8ee69cb2b8693c,持卡人消费,学苑楼商务网关,-2.0,123.66,5195,正常
2016/05/20 17:45:49,5841d52a4c300bc3ae42f85b7105b5f4bd316822,1a2ce2863f1509bb114ddaff6d8ee69cb2b8693c,持卡人消费,超市商务子系统,-4.8,118.86,5196,正常
2016/05/21 10:20:05,5841d52a4c300bc3ae42f85b7105b5f4bd316822,1a2ce2863f1509bb114ddaff6d8ee69cb2b8693c,持卡人消费,学子便利店A01后楼,-1.2,117.66,5197,正常
2016/05/21 20:27:35,5841d52a4c300bc3ae42f85b7105b5f4bd316822,1a2ce2863f1509bb114ddaff6d8ee69cb2b8693c,持卡人消费,硕果园（工大商店）,-10.5,107.16,5198,正常
2016/05/21 20:28:24,5841d52a4c300bc3ae42f85b7105b5f4bd316822,1a2ce2863f1509bb114ddaff6d8ee69cb2b8693c,持卡人消费,硕果园（工大商店）,-1.5,105.66,5199,正常
2016/05/21 20:52:32,5841d52a4c300bc3ae42f85b7105b5f4bd316822,1a2ce2863f1509bb114ddaff6d8ee69cb2b8693c,持卡人消费,超市商务子系统,-8.9,96.76,5200,正常
2016/05/22 11:01:53,5841d52a4c300bc3ae42f85b7105b5f4bd316822,1a2ce2863f1509bb114ddaff6d8ee69cb2b8693c,持卡人消费,学子便利店A01后楼,-1.2,95.56,5201,正常
2016/05/22 11:10:12,5841d52a4c300bc3ae42f85b7105b5f4bd316822,1a2ce2863f1509bb114ddaff6d8ee69cb2b8693c,持卡人消费,硕果园（工大商店）,-12.0,83.56,5202,正常
2016/05/22 11:11:20,5841d52a4c300bc3ae42f85b7105b5f4bd316822,1a2ce2863f1509bb114ddaff6d8ee69cb2b8693c,持卡人消费,硕果园（工大商店）,-3.0,80.56,5203,正常
2016/05/22 17:13:57,5841d52a4c300bc3ae42f85b7105b5f4bd316822,1a2ce2863f1509bb114ddaff6d8ee69cb2b8693c,持卡人消费,学苑楼商务网关,-7.0,73.56,5204,正常
2016/05/22 17:16:40,5841d52a4c300bc3ae42f85b7105b5f4bd316822,1a2ce2863f1509bb114ddaff6d8ee69cb2b8693c,持卡人消费,学苑楼商务网关,-1.5,72.06,5205,正常
2016/05/22 17:17:03,5841d52a4c300bc3ae42f85b7105b5f4bd316822,1a2ce2863f1509bb114ddaff6d8ee69cb2b8693c,持卡人消费,学苑楼商务网关,-2.0,70.06,5206,正常
2016/05/22 17:45:57,5841d52a4c300bc3ae42f85b7105b5f4bd316822,1a2ce2863f1509bb114ddaff6d8ee69cb2b8693c,持卡人消费,超市商务子系统,-8.9,61.16,5207,正常
2016/05/22 20:25:31,5841d52a4c300bc3ae42f85b7105b5f4bd316822,1a2ce2863f1509bb114ddaff6d8ee69cb2b8693c,持卡人消费,15公寓浴池,-2.0,59.16,5208,正常
2016/05/22 20:27:39,5841d52a4c300bc3ae42f85b7105b5f4bd316822,1a2ce2863f1509bb114ddaff6d8ee69cb2b8693c,持卡人消费,15公寓浴池,-0.38,58.78,5210,正常
2016/05/23 09:17:43,5841d52a4c300bc3ae42f85b7105b5f4bd316822,1a2ce2863f1509bb114ddaff6d8ee69cb2b8693c,持卡人消费,学士楼商务网关,-3.1,55.68,5211,正常
2016/05/23 17:51:41,5841d52a4c300bc3ae42f85b7105b5f4bd316822,1a2ce2863f1509bb114ddaff6d8ee69cb2b8693c,存款,现金充值机,200.0,255.68,5212,正常
2016/05/23 17:52:00,5841d52a4c300bc3ae42f85b7105b5f4bd316822,1a2ce2863f1509bb114ddaff6d8ee69cb2b8693c,存款,现金充值机,100.0,355.68,5213,正常
2016/05/23 18:14:46,5841d52a4c300bc3ae42f85b7105b5f4bd316822,1a2ce2863f1509bb114ddaff6d8ee69cb2b8693c,持卡人消费,学苑楼商务网关,-8.0,347.68,5214,正常
2016/05/23 18:15:26,5841d52a4c300bc3ae42f85b7105b5f4bd316822,1a2ce2863f1509bb114ddaff6d8ee69cb2b8693c,持卡人消费,学苑楼商务网关,-3.0,344.68,5215,正常
2016/05/23 18:16:54,5841d52a4c300bc3ae42f85b7105b5f4bd316822,1a2ce2863f1509bb114ddaff6d8ee69cb2b8693c,持卡人消费,学苑楼商务网关,-1.5,343.18,5216,正常
2016/05/23 18:18:20,5841d52a4c300bc3ae42f85b7105b5f4bd316822,1a2ce2863f1509bb114ddaff6d8ee69cb2b8693c,持卡人消费,学苑楼商务网关,-1.5,341.68,5217,正常
2016/05/23 18:45:18,5841d52a4c300bc3ae42f85b7105b5f4bd316822,1a2ce2863f1509bb114ddaff6d8ee69cb2b8693c,持卡人消费,超市商务子系统,-4.9,336.78,5218,正常
2016/05/24 09:15:08,5841d52a4c300bc3ae42f85b7105b5f4bd316822,1a2ce2863f1509bb114ddaff6d8ee69cb2b8693c,持卡人消费,学子便利店A01后楼,-2.0,334.78,5219,正常
2016/05/24 09:22:44,5841d52a4c300bc3ae42f85b7105b5f4bd316822,1a2ce2863f1509bb114ddaff6d8ee69cb2b8693c,持卡人消费,学士楼商务网关,-4.0,330.78,5220,正常
2016/05/24 14:32:56,5841d52a4c300bc3ae42f85b7105b5f4bd316822,1a2ce2863f1509bb114ddaff6d8ee69cb2b8693c,持卡人消费,硕果园（工大商店）,-13.0,317.78,5221,正常
2016/05/24 14:33:38,5841d52a4c300bc3ae42f85b7105b5f4bd316822,1a2ce2863f1509bb114ddaff6d8ee69cb2b8693c,持卡人消费,硕果园（工大商店）,-3.0,314.78,5222,正常
2016/05/24 18:28:59,5841d52a4c300bc3ae42f85b7105b5f4bd316822,1a2ce2863f1509bb114ddaff6d8ee69cb2b8693c,持卡人消费,硕果园（工大商店）,-16.0,298.78,5223,正常
2016/05/24 18:55:06,5841d52a4c300bc3ae42f85b7105b5f4bd316822,1a2ce2863f1509bb114ddaff6d8ee69cb2b8693c,持卡人消费,超市商务子系统,-4.9,293.88,5224,正常
2016/05/25 09:27:43,5841d52a4c300bc3ae42f85b7105b5f4bd316822,1a2ce2863f1509bb114ddaff6d8ee69cb2b8693c,持卡人消费,学士楼商务网关,-2.2,291.68,5225,正常
2016/05/25 13:49:23,5841d52a4c300bc3ae42f85b7105b5f4bd316822,1a2ce2863f1509bb114ddaff6d8ee69cb2b8693c,持卡人消费,硕果园（工大商店）,-8.0,283.68,5226,正常
2016/05/25 18:20:40,5841d52a4c300bc3ae42f85b7105b5f4bd316822,1a2ce2863f1509bb114ddaff6d8ee69cb2b8693c,持卡人消费,硕果园（工大商店）,-14.0,269.68,5227,正常
2016/05/25 18:49:24,5841d52a4c300bc3ae42f85b7105b5f4bd316822,1a2ce2863f1509bb114ddaff6d8ee69cb2b8693c,持卡人消费,超市商务子系统,-3.5,266.18,5228,正常
2016/05/26 09:26:59,5841d52a4c300bc3ae42f85b7105b5f4bd316822,1a2ce2863f1509bb114ddaff6d8ee69cb2b8693c,持卡人消费,学士楼商务网关,-2.6,263.58,5229,正常
2016/05/26 09:27:23,5841d52a4c300bc3ae42f85b7105b5f4bd316822,1a2ce2863f1509bb114ddaff6d8ee69cb2b8693c,持卡人消费,学士楼商务网关,-2.0,261.58,5230,正常
2016/05/26 19:32:15,5841d52a4c300bc3ae42f85b7105b5f4bd316822,1a2ce2863f1509bb114ddaff6d8ee69cb2b8693c,持卡人消费,硕果园（工大商店）,-11.3,250.28,5231,正常
2016/05/26 19:33:00,5841d52a4c300bc3ae42f85b7105b5f4bd316822,1a2ce2863f1509bb114ddaff6d8ee69cb2b8693c,持卡人消费,硕果园（工大商店）,-1.5,248.78,5232,正常
2016/05/26 20:01:03,5841d52a4c300bc3ae42f85b7105b5f4bd316822,1a2ce2863f1509bb114ddaff6d8ee69cb2b8693c,持卡人消费,超市商务子系统,-7.0,241.78,5233,正常
2016/05/27 09:25:59,5841d52a4c300bc3ae42f85b7105b5f4bd316822,1a2ce2863f1509bb114ddaff6d8ee69cb2b8693c,持卡人消费,学士楼商务网关,-3.0,238.78,5234,正常
2016/05/27 13:14:20,5841d52a4c300bc3ae42f85b7105b5f4bd316822,1a2ce2863f1509bb114ddaff6d8ee69cb2b8693c,持卡人消费,学子便利店A01后楼,-7.0,231.78,5235,正常
2016/05/27 19:35:58,5841d52a4c300bc3ae42f85b7105b5f4bd316822,1a2ce2863f1509bb114ddaff6d8ee69cb2b8693c,持卡人消费,超市商务子系统,-8.9,222.88,5236,正常
2016/05/27 19:46:37,5841d52a4c300bc3ae42f85b7105b5f4bd316822,1a2ce2863f1509bb114ddaff6d8ee69cb2b8693c,持卡人消费,学子便利店A01后楼,-4.6,218.28,5237,正常
2016/05/28 08:41:03,5841d52a4c300bc3ae42f85b7105b5f4bd316822,1a2ce2863f1509bb114ddaff6d8ee69cb2b8693c,持卡人消费,学子便利店A01后楼,-1.2,217.08,5238,正常
2016/05/28 08:47:55,5841d52a4c300bc3ae42f85b7105b5f4bd316822,1a2ce2863f1509bb114ddaff6d8ee69cb2b8693c,持卡人消费,学士楼商务网关,-4.0,213.08,5239,正常
2016/05/28 12:07:03,5841d52a4c300bc3ae42f85b7105b5f4bd316822,1a2ce2863f1509bb114ddaff6d8ee69cb2b8693c,持卡人消费,学苑楼商务网关,-10.0,203.08,5240,正常
2016/05/28 12:09:31,5841d52a4c300bc3ae42f85b7105b5f4bd316822,1a2ce2863f1509bb114ddaff6d8ee69cb2b8693c,持卡人消费,学苑楼商务网关,-1.13,201.95,5241,正常
2016/05/28 18:04:01,5841d52a4c300bc3ae42f85b7105b5f4bd316822,1a2ce2863f1509bb114ddaff6d8ee69cb2b8693c,持卡人消费,硕果园（工大商店）,-14.0,187.95,5242,正常
2016/05/28 18:04:28,5841d52a4c300bc3ae42f85b7105b5f4bd316822,1a2ce2863f1509bb114ddaff6d8ee69cb2b8693c,持卡人消费,硕果园（工大商店）,-1.5,186.45,5243,正常
2016/05/28 18:42:33,5841d52a4c300bc3ae42f85b7105b5f4bd316822,1a2ce2863f1509bb114ddaff6d8ee69cb2b8693c,持卡人消费,超市商务子系统,-9.5,176.95,5244,正常
2016/05/28 21:35:01,5841d52a4c300bc3ae42f85b7105b5f4bd316822,1a2ce2863f1509bb114ddaff6d8ee69cb2b8693c,持卡人消费,学子便利店A01后楼,-2.7,174.25,5245,正常
2016/05/29 18:07:33,5841d52a4c300bc3ae42f85b7105b5f4bd316822,1a2ce2863f1509bb114ddaff6d8ee69cb2b8693c,持卡人消费,学苑楼商务网关,-8.0,166.25,5246,正常
2016/05/29 18:08:29,5841d52a4c300bc3ae42f85b7105b5f4bd316822,1a2ce2863f1509bb114ddaff6d8ee69cb2b8693c,持卡人消费,学苑楼商务网关,-3.0,163.25,5247,正常
2016/05/29 18:10:02,5841d52a4c300bc3ae42f85b7105b5f4bd316822,1a2ce2863f1509bb114ddaff6d8ee69cb2b8693c,持卡人消费,学苑楼商务网关,-0.8,162.45,5248,正常
2016/05/29 18:10:33,5841d52a4c300bc3ae42f85b7105b5f4bd316822,1a2ce2863f1509bb114ddaff6d8ee69cb2b8693c,持卡人消费,学苑楼商务网关,-1.5,160.95,5249,正常
2016/05/29 18:41:22,5841d52a4c300bc3ae42f85b7105b5f4bd316822,1a2ce2863f1509bb114ddaff6d8ee69cb2b8693c,持卡人消费,超市商务子系统,-8.9,152.05,5250,正常
2016/05/29 19:15:00,5841d52a4c300bc3ae42f85b7105b5f4bd316822,1a2ce2863f1509bb114ddaff6d8ee69cb2b8693c,持卡人消费,15公寓浴池,-2.0,150.05,5251,正常
2016/05/29 19:20:09,5841d52a4c300bc3ae42f85b7105b5f4bd316822,1a2ce2863f1509bb114ddaff6d8ee69cb2b8693c,持卡人消费,15公寓浴池,-0.9,149.15,5253,正常
2016/05/30 09:20:01,5841d52a4c300bc3ae42f85b7105b5f4bd316822,1a2ce2863f1509bb114ddaff6d8ee69cb2b8693c,持卡人消费,学士楼商务网关,-2.0,147.15,5254,正常
2016/05/30 19:28:29,5841d52a4c300bc3ae42f85b7105b5f4bd316822,1a2ce2863f1509bb114ddaff6d8ee69cb2b8693c,持卡人消费,硕果园（工大商店）,-12.0,135.15,5255,正常
2016/05/30 19:48:06,5841d52a4c300bc3ae42f85b7105b5f4bd316822,1a2ce2863f1509bb114ddaff6d8ee69cb2b8693c,持卡人消费,超市商务子系统,-6.5,128.65,5256,正常
2016/05/31 09:19:22,5841d52a4c300bc3ae42f85b7105b5f4bd316822,1a2ce2863f1509bb114ddaff6d8ee69cb2b8693c,持卡人消费,学士楼商务网关,-2.6,126.05,5257,正常
2016/05/31 14:16:35,5841d52a4c300bc3ae42f85b7105b5f4bd316822,1a2ce2863f1509bb114ddaff6d8ee69cb2b8693c,持卡人消费,硕果园（工大商店）,-8.0,118.05,5258,正常
2016/05/31 18:49:02,5841d52a4c300bc3ae42f85b7105b5f4bd316822,1a2ce2863f1509bb114ddaff6d8ee69cb2b8693c,持卡人消费,学子便利店A01后楼,-6.9,111.15,5259,正常
2016/05/31 19:58:32,5841d52a4c300bc3ae42f85b7105b5f4bd316822,1a2ce2863f1509bb114ddaff6d8ee69cb2b8693c,持卡人消费,超市商务子系统,-6.6,104.55,5260,正常
