交易发生时间,学号,姓名,交易类型,子系统名称,交易额,现有余额,次数,状态
2016/05/01 11:30:05,098cb5aeffbc7028d2e96aebcb055a8b3b40ed51,1aa5f65b64c4c957c41ff7b4f672f890184d3f72,持卡人消费,硕果园（工大商店）,-9.0,136.19,3911,正常
2016/05/02 06:11:24,098cb5aeffbc7028d2e96aebcb055a8b3b40ed51,1aa5f65b64c4c957c41ff7b4f672f890184d3f72,持卡人消费,学士楼商务网关,-3.0,133.19,3912,正常
2016/05/02 06:11:45,098cb5aeffbc7028d2e96aebcb055a8b3b40ed51,1aa5f65b64c4c957c41ff7b4f672f890184d3f72,持卡人消费,学士楼商务网关,-2.0,131.19,3913,正常
2016/05/02 06:12:08,098cb5aeffbc7028d2e96aebcb055a8b3b40ed51,1aa5f65b64c4c957c41ff7b4f672f890184d3f72,持卡人消费,学士楼商务网关,-5.0,126.19,3914,正常
2016/05/03 07:12:03,098cb5aeffbc7028d2e96aebcb055a8b3b40ed51,1aa5f65b64c4c957c41ff7b4f672f890184d3f72,持卡人消费,学士楼商务网关,-5.5,120.69,3915,正常
2016/05/04 07:09:05,098cb5aeffbc7028d2e96aebcb055a8b3b40ed51,1aa5f65b64c4c957c41ff7b4f672f890184d3f72,持卡人消费,学士楼商务网关,-4.9,115.79,3916,正常
2016/05/04 11:11:40,098cb5aeffbc7028d2e96aebcb055a8b3b40ed51,1aa5f65b64c4c957c41ff7b4f672f890184d3f72,持卡人消费,硕果园（工大商店）,-10.0,105.79,3917,正常
2016/05/04 17:14:47,098cb5aeffbc7028d2e96aebcb055a8b3b40ed51,1aa5f65b64c4c957c41ff7b4f672f890184d3f72,持卡人消费,硕果园（工大商店）,-8.0,97.79,3918,正常
2016/05/05 07:15:26,098cb5aeffbc7028d2e96aebcb055a8b3b40ed51,1aa5f65b64c4c957c41ff7b4f672f890184d3f72,持卡人消费,学士楼商务网关,-7.7,90.09,3919,正常
2016/05/05 11:10:38,098cb5aeffbc7028d2e96aebcb055a8b3b40ed51,1aa5f65b64c4c957c41ff7b4f672f890184d3f72,持卡人消费,学士楼商务网关,-3.1,86.99,3920,正常
2016/05/05 20:21:02,098cb5aeffbc7028d2e96aebcb055a8b3b40ed51,1aa5f65b64c4c957c41ff7b4f672f890184d3f72,持卡人消费,A2,-12.0,74.99,3921,正常
2016/05/06 07:12:50,098cb5aeffbc7028d2e96aebcb055a8b3b40ed51,1aa5f65b64c4c957c41ff7b4f672f890184d3f72,持卡人消费,学士楼商务网关,-3.2,71.79,3922,正常
2016/05/06 08:48:48,098cb5aeffbc7028d2e96aebcb055a8b3b40ed51,1aa5f65b64c4c957c41ff7b4f672f890184d3f72,持卡人消费,网络中心,-30.0,41.79,3923,正常
2016/05/06 11:14:59,098cb5aeffbc7028d2e96aebcb055a8b3b40ed51,1aa5f65b64c4c957c41ff7b4f672f890184d3f72,持卡人消费,学士楼商务网关,-8.0,33.79,3924,正常
2016/05/06 11:16:31,098cb5aeffbc7028d2e96aebcb055a8b3b40ed51,1aa5f65b64c4c957c41ff7b4f672f890184d3f72,持卡人消费,学士楼商务网关,-5.9,27.89,3925,正常
2016/05/06 17:23:20,098cb5aeffbc7028d2e96aebcb055a8b3b40ed51,1aa5f65b64c4c957c41ff7b4f672f890184d3f72,持卡人消费,学苑楼商务网关,-10.0,17.89,3926,正常
2016/05/07 11:44:04,098cb5aeffbc7028d2e96aebcb055a8b3b40ed51,1aa5f65b64c4c957c41ff7b4f672f890184d3f72,持卡人消费,学士楼商务网关,-8.1,9.79,3927,正常
2016/05/07 14:29:00,098cb5aeffbc7028d2e96aebcb055a8b3b40ed51,1aa5f65b64c4c957c41ff7b4f672f890184d3f72,持卡人消费,15公寓浴池,-0.82,8.97,3929,正常
2016/05/07 14:37:58,098cb5aeffbc7028d2e96aebcb055a8b3b40ed51,1aa5f65b64c4c957c41ff7b4f672f890184d3f72,持卡人消费,15公寓浴池,-0.98,7.99,3931,正常
2016/05/07 17:34:05,098cb5aeffbc7028d2e96aebcb055a8b3b40ed51,1aa5f65b64c4c957c41ff7b4f672f890184d3f72,持卡人消费,硕果园（工大商店）,-0.8,7.19,3932,正常
2016/05/08 07:14:45,098cb5aeffbc7028d2e96aebcb055a8b3b40ed51,1aa5f65b64c4c957c41ff7b4f672f890184d3f72,存款,现金充值机,300.0,307.19,3933,正常
2016/05/08 07:38:59,098cb5aeffbc7028d2e96aebcb055a8b3b40ed51,1aa5f65b64c4c957c41ff7b4f672f890184d3f72,持卡人消费,学士楼商务网关,-5.4,301.79,3934,正常
2016/05/08 11:16:15,098cb5aeffbc7028d2e96aebcb055a8b3b40ed51,1aa5f65b64c4c957c41ff7b4f672f890184d3f72,持卡人消费,硕果园（工大商店）,-10.0,291.79,3935,正常
2016/05/08 11:52:42,098cb5aeffbc7028d2e96aebcb055a8b3b40ed51,1aa5f65b64c4c957c41ff7b4f672f890184d3f72,持卡人消费,硕果园（工大商店）,-12.0,279.79,3936,正常
2016/05/08 12:59:45,098cb5aeffbc7028d2e96aebcb055a8b3b40ed51,1aa5f65b64c4c957c41ff7b4f672f890184d3f72,持卡人消费,超市商务子系统,-3.8,275.99,3937,正常
2016/05/08 19:00:06,098cb5aeffbc7028d2e96aebcb055a8b3b40ed51,1aa5f65b64c4c957c41ff7b4f672f890184d3f72,持卡人消费,超市商务子系统,-8.8,267.19,3938,正常
2016/05/09 07:38:01,098cb5aeffbc7028d2e96aebcb055a8b3b40ed51,1aa5f65b64c4c957c41ff7b4f672f890184d3f72,持卡人消费,学士楼商务网关,-6.4,260.79,3939,正常
2016/05/09 11:12:41,098cb5aeffbc7028d2e96aebcb055a8b3b40ed51,1aa5f65b64c4c957c41ff7b4f672f890184d3f72,持卡人消费,学士楼商务网关,-8.0,252.79,3940,正常
2016/05/09 11:14:59,098cb5aeffbc7028d2e96aebcb055a8b3b40ed51,1aa5f65b64c4c957c41ff7b4f672f890184d3f72,持卡人消费,学士楼商务网关,-7.4,245.39,3941,正常
2016/05/09 17:13:06,098cb5aeffbc7028d2e96aebcb055a8b3b40ed51,1aa5f65b64c4c957c41ff7b4f672f890184d3f72,持卡人消费,硕果园（工大商店）,-9.0,236.39,3942,正常
2016/05/09 17:46:44,098cb5aeffbc7028d2e96aebcb055a8b3b40ed51,1aa5f65b64c4c957c41ff7b4f672f890184d3f72,持卡人消费,超市商务子系统,-19.5,216.89,3943,正常
2016/05/10 11:27:23,098cb5aeffbc7028d2e96aebcb055a8b3b40ed51,1aa5f65b64c4c957c41ff7b4f672f890184d3f72,持卡人消费,学士楼商务网关,-6.0,210.89,3944,正常
2016/05/10 11:28:56,098cb5aeffbc7028d2e96aebcb055a8b3b40ed51,1aa5f65b64c4c957c41ff7b4f672f890184d3f72,持卡人消费,学士楼商务网关,-4.0,206.89,3945,正常
2016/05/10 17:13:48,098cb5aeffbc7028d2e96aebcb055a8b3b40ed51,1aa5f65b64c4c957c41ff7b4f672f890184d3f72,持卡人消费,学苑楼商务网关,-9.0,197.89,3946,正常
2016/05/11 07:14:47,098cb5aeffbc7028d2e96aebcb055a8b3b40ed51,1aa5f65b64c4c957c41ff7b4f672f890184d3f72,持卡人消费,学士楼商务网关,-4.5,193.39,3947,正常
2016/05/11 17:22:16,098cb5aeffbc7028d2e96aebcb055a8b3b40ed51,1aa5f65b64c4c957c41ff7b4f672f890184d3f72,持卡人消费,硕果园（工大商店）,-9.0,184.39,3948,正常
2016/05/11 17:39:36,098cb5aeffbc7028d2e96aebcb055a8b3b40ed51,1aa5f65b64c4c957c41ff7b4f672f890184d3f72,持卡人消费,超市商务子系统,-5.5,178.89,3949,正常
2016/05/11 17:39:48,098cb5aeffbc7028d2e96aebcb055a8b3b40ed51,1aa5f65b64c4c957c41ff7b4f672f890184d3f72,持卡人消费,超市商务子系统,-0.1,178.79,3950,正常
2016/05/11 17:41:02,098cb5aeffbc7028d2e96aebcb055a8b3b40ed51,1aa5f65b64c4c957c41ff7b4f672f890184d3f72,持卡人消费,超市商务子系统,-5.5,173.29,3951,正常
2016/05/12 10:32:50,098cb5aeffbc7028d2e96aebcb055a8b3b40ed51,1aa5f65b64c4c957c41ff7b4f672f890184d3f72,持卡人消费,硕果园（工大商店）,-8.0,165.29,3952,正常
2016/05/13 08:05:15,098cb5aeffbc7028d2e96aebcb055a8b3b40ed51,1aa5f65b64c4c957c41ff7b4f672f890184d3f72,持卡人消费,学士楼商务网关,-4.3,160.99,3953,正常
2016/05/13 17:32:14,098cb5aeffbc7028d2e96aebcb055a8b3b40ed51,1aa5f65b64c4c957c41ff7b4f672f890184d3f72,持卡人消费,硕果园（工大商店）,-8.0,152.99,3954,正常
2016/05/13 17:53:52,098cb5aeffbc7028d2e96aebcb055a8b3b40ed51,1aa5f65b64c4c957c41ff7b4f672f890184d3f72,持卡人消费,超市商务子系统,-8.3,144.69,3955,正常
2016/05/13 17:54:46,098cb5aeffbc7028d2e96aebcb055a8b3b40ed51,1aa5f65b64c4c957c41ff7b4f672f890184d3f72,持卡人消费,超市商务子系统,-5.5,139.19,3956,正常
2016/05/13 17:55:55,098cb5aeffbc7028d2e96aebcb055a8b3b40ed51,1aa5f65b64c4c957c41ff7b4f672f890184d3f72,持卡人消费,超市商务子系统,-5.5,133.69,3957,正常
2016/05/14 11:08:15,098cb5aeffbc7028d2e96aebcb055a8b3b40ed51,1aa5f65b64c4c957c41ff7b4f672f890184d3f72,持卡人消费,学苑楼商务网关,-8.0,125.69,3958,正常
2016/05/14 17:21:07,098cb5aeffbc7028d2e96aebcb055a8b3b40ed51,1aa5f65b64c4c957c41ff7b4f672f890184d3f72,持卡人消费,硕果园（工大商店）,-15.1,110.59,3959,正常
2016/05/14 17:54:47,098cb5aeffbc7028d2e96aebcb055a8b3b40ed51,1aa5f65b64c4c957c41ff7b4f672f890184d3f72,持卡人消费,超市商务子系统,-5.5,105.09,3960,正常
2016/05/15 13:30:20,098cb5aeffbc7028d2e96aebcb055a8b3b40ed51,1aa5f65b64c4c957c41ff7b4f672f890184d3f72,持卡人消费,游泳馆,-6.0,99.09,3961,正常
2016/05/15 17:07:17,098cb5aeffbc7028d2e96aebcb055a8b3b40ed51,1aa5f65b64c4c957c41ff7b4f672f890184d3f72,持卡人消费,硕果园（工大商店）,-10.0,89.09,3962,正常
2016/05/15 17:27:47,098cb5aeffbc7028d2e96aebcb055a8b3b40ed51,1aa5f65b64c4c957c41ff7b4f672f890184d3f72,持卡人消费,超市商务子系统,-9.8,79.29,3963,正常
2016/05/16 08:28:04,098cb5aeffbc7028d2e96aebcb055a8b3b40ed51,1aa5f65b64c4c957c41ff7b4f672f890184d3f72,持卡人消费,学士楼商务网关,-5.3,73.99,3964,正常
2016/05/16 17:20:37,098cb5aeffbc7028d2e96aebcb055a8b3b40ed51,1aa5f65b64c4c957c41ff7b4f672f890184d3f72,持卡人消费,硕果园（工大商店）,-10.0,63.99,3965,正常
2016/05/16 17:34:33,098cb5aeffbc7028d2e96aebcb055a8b3b40ed51,1aa5f65b64c4c957c41ff7b4f672f890184d3f72,持卡人消费,硕果园（工大商店）,-5.0,58.99,3966,正常
2016/05/17 07:46:33,098cb5aeffbc7028d2e96aebcb055a8b3b40ed51,1aa5f65b64c4c957c41ff7b4f672f890184d3f72,持卡人消费,学士楼商务网关,-4.4,54.59,3967,正常
2016/05/18 08:24:19,098cb5aeffbc7028d2e96aebcb055a8b3b40ed51,1aa5f65b64c4c957c41ff7b4f672f890184d3f72,持卡人消费,学士楼商务网关,-6.8,47.79,3968,正常
2016/05/18 17:53:18,098cb5aeffbc7028d2e96aebcb055a8b3b40ed51,1aa5f65b64c4c957c41ff7b4f672f890184d3f72,持卡人消费,硕果园（工大商店）,-7.0,40.79,3969,正常
2016/05/19 07:04:43,098cb5aeffbc7028d2e96aebcb055a8b3b40ed51,1aa5f65b64c4c957c41ff7b4f672f890184d3f72,持卡人消费,学士楼商务网关,-8.4,32.39,3970,正常
2016/05/19 11:12:33,098cb5aeffbc7028d2e96aebcb055a8b3b40ed51,1aa5f65b64c4c957c41ff7b4f672f890184d3f72,持卡人消费,硕果园（工大商店）,-8.0,24.39,3971,正常
2016/05/19 18:04:24,098cb5aeffbc7028d2e96aebcb055a8b3b40ed51,1aa5f65b64c4c957c41ff7b4f672f890184d3f72,持卡人消费,硕果园（工大商店）,-8.0,16.39,3972,正常
2016/05/19 18:21:40,098cb5aeffbc7028d2e96aebcb055a8b3b40ed51,1aa5f65b64c4c957c41ff7b4f672f890184d3f72,持卡人消费,硕果园（工大商店）,-7.0,9.39,3973,正常
2016/05/20 08:21:54,098cb5aeffbc7028d2e96aebcb055a8b3b40ed51,1aa5f65b64c4c957c41ff7b4f672f890184d3f72,持卡人消费,学士楼商务网关,-5.8,3.59,3974,正常
2016/05/21 07:48:36,098cb5aeffbc7028d2e96aebcb055a8b3b40ed51,1aa5f65b64c4c957c41ff7b4f672f890184d3f72,存款,卡中心综合业务,300.0,303.59,3975,正常
2016/05/21 07:50:21,098cb5aeffbc7028d2e96aebcb055a8b3b40ed51,1aa5f65b64c4c957c41ff7b4f672f890184d3f72,持卡人消费,学苑楼商务网关,-3.8,299.79,3976,正常
2016/05/21 10:59:15,098cb5aeffbc7028d2e96aebcb055a8b3b40ed51,1aa5f65b64c4c957c41ff7b4f672f890184d3f72,持卡人消费,学苑楼商务网关,-8.0,291.79,3977,正常
2016/05/21 11:16:26,098cb5aeffbc7028d2e96aebcb055a8b3b40ed51,1aa5f65b64c4c957c41ff7b4f672f890184d3f72,持卡人消费,学苑楼商务网关,-9.0,282.79,3978,正常
2016/05/21 17:25:58,098cb5aeffbc7028d2e96aebcb055a8b3b40ed51,1aa5f65b64c4c957c41ff7b4f672f890184d3f72,持卡人消费,学士楼商务网关,-8.0,274.79,3979,正常
2016/05/21 17:36:32,098cb5aeffbc7028d2e96aebcb055a8b3b40ed51,1aa5f65b64c4c957c41ff7b4f672f890184d3f72,持卡人消费,学士楼商务网关,-5.0,269.79,3980,正常
2016/05/21 17:54:57,098cb5aeffbc7028d2e96aebcb055a8b3b40ed51,1aa5f65b64c4c957c41ff7b4f672f890184d3f72,持卡人消费,超市商务子系统,-4.5,265.29,3981,正常
2016/05/21 17:59:23,098cb5aeffbc7028d2e96aebcb055a8b3b40ed51,1aa5f65b64c4c957c41ff7b4f672f890184d3f72,持卡人消费,超市商务子系统,-37.9,227.39,3982,正常
2016/05/22 18:54:04,098cb5aeffbc7028d2e96aebcb055a8b3b40ed51,1aa5f65b64c4c957c41ff7b4f672f890184d3f72,持卡人消费,硕果园（工大商店）,-13.0,214.39,3983,正常
2016/05/23 11:16:21,098cb5aeffbc7028d2e96aebcb055a8b3b40ed51,1aa5f65b64c4c957c41ff7b4f672f890184d3f72,持卡人消费,硕果园（工大商店）,-14.8,199.59,3984,正常
2016/05/23 11:18:14,098cb5aeffbc7028d2e96aebcb055a8b3b40ed51,1aa5f65b64c4c957c41ff7b4f672f890184d3f72,持卡人消费,硕果园（工大商店）,-2.5,197.09,3985,正常
2016/05/23 15:49:09,098cb5aeffbc7028d2e96aebcb055a8b3b40ed51,1aa5f65b64c4c957c41ff7b4f672f890184d3f72,持卡人消费,15公寓浴池,-0.74,196.35,3987,正常
2016/05/23 15:56:54,098cb5aeffbc7028d2e96aebcb055a8b3b40ed51,1aa5f65b64c4c957c41ff7b4f672f890184d3f72,持卡人消费,15公寓浴池,-0.9,195.45,3989,正常
2016/05/25 10:40:45,098cb5aeffbc7028d2e96aebcb055a8b3b40ed51,1aa5f65b64c4c957c41ff7b4f672f890184d3f72,持卡人消费,学士楼商务网关,-7.5,187.95,3990,正常
2016/05/25 17:37:44,098cb5aeffbc7028d2e96aebcb055a8b3b40ed51,1aa5f65b64c4c957c41ff7b4f672f890184d3f72,持卡人消费,硕果园（工大商店）,-8.0,179.95,3991,正常
2016/05/25 18:01:38,098cb5aeffbc7028d2e96aebcb055a8b3b40ed51,1aa5f65b64c4c957c41ff7b4f672f890184d3f72,持卡人消费,超市商务子系统,-9.0,170.95,3992,正常
2016/05/25 18:03:32,098cb5aeffbc7028d2e96aebcb055a8b3b40ed51,1aa5f65b64c4c957c41ff7b4f672f890184d3f72,持卡人消费,超市商务子系统,-5.8,165.15,3993,正常
2016/05/25 18:06:43,098cb5aeffbc7028d2e96aebcb055a8b3b40ed51,1aa5f65b64c4c957c41ff7b4f672f890184d3f72,持卡人消费,硕果园（工大商店）,-8.0,157.15,3994,正常
2016/05/26 12:09:03,098cb5aeffbc7028d2e96aebcb055a8b3b40ed51,1aa5f65b64c4c957c41ff7b4f672f890184d3f72,持卡人消费,硕果园（工大商店）,-11.0,146.15,3995,正常
2016/05/27 11:07:35,098cb5aeffbc7028d2e96aebcb055a8b3b40ed51,1aa5f65b64c4c957c41ff7b4f672f890184d3f72,持卡人消费,硕果园（工大商店）,-10.0,136.15,3996,正常
2016/05/27 17:55:18,098cb5aeffbc7028d2e96aebcb055a8b3b40ed51,1aa5f65b64c4c957c41ff7b4f672f890184d3f72,持卡人消费,15公寓浴池,-1.02,135.13,3998,正常
2016/05/27 18:00:22,098cb5aeffbc7028d2e96aebcb055a8b3b40ed51,1aa5f65b64c4c957c41ff7b4f672f890184d3f72,持卡人消费,15公寓浴池,-0.93,134.20,4000,正常
2016/05/28 07:21:22,098cb5aeffbc7028d2e96aebcb055a8b3b40ed51,1aa5f65b64c4c957c41ff7b4f672f890184d3f72,持卡人消费,学士楼商务网关,-5.4,128.80,4001,正常
2016/05/28 10:35:47,098cb5aeffbc7028d2e96aebcb055a8b3b40ed51,1aa5f65b64c4c957c41ff7b4f672f890184d3f72,持卡人消费,硕果园（工大商店）,-10.0,118.80,4002,正常
2016/05/29 07:30:09,098cb5aeffbc7028d2e96aebcb055a8b3b40ed51,1aa5f65b64c4c957c41ff7b4f672f890184d3f72,持卡人消费,学士楼商务网关,-3.9,114.90,4003,正常
2016/05/29 10:55:40,098cb5aeffbc7028d2e96aebcb055a8b3b40ed51,1aa5f65b64c4c957c41ff7b4f672f890184d3f72,持卡人消费,学苑楼商务网关,-6.0,108.90,4004,正常
2016/05/29 10:57:51,098cb5aeffbc7028d2e96aebcb055a8b3b40ed51,1aa5f65b64c4c957c41ff7b4f672f890184d3f72,持卡人消费,学苑楼商务网关,-6.0,102.90,4005,正常
2016/05/30 07:07:47,098cb5aeffbc7028d2e96aebcb055a8b3b40ed51,1aa5f65b64c4c957c41ff7b4f672f890184d3f72,持卡人消费,学士楼商务网关,-4.3,98.60,4006,正常
2016/05/30 11:16:58,098cb5aeffbc7028d2e96aebcb055a8b3b40ed51,1aa5f65b64c4c957c41ff7b4f672f890184d3f72,持卡人消费,硕果园（工大商店）,-9.0,89.60,4007,正常
2016/05/30 11:19:59,098cb5aeffbc7028d2e96aebcb055a8b3b40ed51,1aa5f65b64c4c957c41ff7b4f672f890184d3f72,持卡人消费,硕果园（工大商店）,-10.0,79.60,4008,正常
2016/05/30 17:56:19,098cb5aeffbc7028d2e96aebcb055a8b3b40ed51,1aa5f65b64c4c957c41ff7b4f672f890184d3f72,持卡人消费,学士楼商务网关,-13.0,66.60,4009,正常
2016/05/31 07:08:50,098cb5aeffbc7028d2e96aebcb055a8b3b40ed51,1aa5f65b64c4c957c41ff7b4f672f890184d3f72,持卡人消费,学士楼商务网关,-4.9,61.70,4010,正常
2016/05/31 11:00:22,098cb5aeffbc7028d2e96aebcb055a8b3b40ed51,1aa5f65b64c4c957c41ff7b4f672f890184d3f72,持卡人消费,硕果园（工大商店）,-8.0,53.70,4011,正常
2016/05/31 17:29:52,098cb5aeffbc7028d2e96aebcb055a8b3b40ed51,1aa5f65b64c4c957c41ff7b4f672f890184d3f72,存款,卡中心综合业务,300.0,353.70,4012,正常
2016/05/31 17:39:39,098cb5aeffbc7028d2e96aebcb055a8b3b40ed51,1aa5f65b64c4c957c41ff7b4f672f890184d3f72,持卡人消费,硕果园（工大商店）,-8.0,345.70,4013,正常
2016/05/31 18:07:27,098cb5aeffbc7028d2e96aebcb055a8b3b40ed51,1aa5f65b64c4c957c41ff7b4f672f890184d3f72,持卡人消费,超市商务子系统,-3.0,342.70,4014,正常
