交易发生时间,学号,姓名,交易类型,子系统名称,交易额,现有余额,次数,状态
2016/05/01 12:14:08,f514bcb4f42aa5bf93c090cc84d640dc5ab991a1,1ab2205db37ecd11ccaff04056c9292d54569287,持卡人消费,学苑楼商务网关,-8.0,204.20,2863,正常
2016/05/01 12:30:52,f514bcb4f42aa5bf93c090cc84d640dc5ab991a1,1ab2205db37ecd11ccaff04056c9292d54569287,持卡人消费,超市商务子系统,-4.9,199.30,2864,正常
2016/05/01 12:32:40,f514bcb4f42aa5bf93c090cc84d640dc5ab991a1,1ab2205db37ecd11ccaff04056c9292d54569287,持卡人消费,超市商务子系统,-9.6,189.70,2865,正常
2016/05/02 12:42:14,f514bcb4f42aa5bf93c090cc84d640dc5ab991a1,1ab2205db37ecd11ccaff04056c9292d54569287,持卡人消费,硕果园（工大商店）,-12.0,177.70,2866,正常
2016/05/02 12:46:48,f514bcb4f42aa5bf93c090cc84d640dc5ab991a1,1ab2205db37ecd11ccaff04056c9292d54569287,持卡人消费,硕果园（工大商店）,-3.5,174.20,2867,正常
2016/05/04 12:48:20,f514bcb4f42aa5bf93c090cc84d640dc5ab991a1,1ab2205db37ecd11ccaff04056c9292d54569287,持卡人消费,硕果园（工大商店）,-12.0,162.20,2868,正常
2016/05/04 12:53:01,f514bcb4f42aa5bf93c090cc84d640dc5ab991a1,1ab2205db37ecd11ccaff04056c9292d54569287,持卡人消费,硕果园（工大商店）,-2.6,159.60,2869,正常
2016/05/05 12:06:56,f514bcb4f42aa5bf93c090cc84d640dc5ab991a1,1ab2205db37ecd11ccaff04056c9292d54569287,持卡人消费,硕果园（工大商店）,-24.0,135.60,2870,正常
2016/05/05 12:15:28,f514bcb4f42aa5bf93c090cc84d640dc5ab991a1,1ab2205db37ecd11ccaff04056c9292d54569287,持卡人消费,硕果园（工大商店）,-2.8,132.80,2871,正常
2016/05/05 17:17:09,f514bcb4f42aa5bf93c090cc84d640dc5ab991a1,1ab2205db37ecd11ccaff04056c9292d54569287,持卡人消费,一校区水控新,-1.42,131.38,2873,正常
2016/05/05 17:29:02,f514bcb4f42aa5bf93c090cc84d640dc5ab991a1,1ab2205db37ecd11ccaff04056c9292d54569287,持卡人消费,一校区水控新,-2.0,129.38,2874,正常
2016/05/06 13:11:30,f514bcb4f42aa5bf93c090cc84d640dc5ab991a1,1ab2205db37ecd11ccaff04056c9292d54569287,持卡人消费,硕果园（工大商店）,-12.0,117.38,2875,正常
2016/05/06 18:18:27,f514bcb4f42aa5bf93c090cc84d640dc5ab991a1,1ab2205db37ecd11ccaff04056c9292d54569287,持卡人消费,硕果园（工大商店）,-17.0,100.38,2876,正常
2016/05/06 18:26:46,f514bcb4f42aa5bf93c090cc84d640dc5ab991a1,1ab2205db37ecd11ccaff04056c9292d54569287,持卡人消费,硕果园（工大商店）,-4.7,95.68,2877,正常
2016/05/08 12:24:02,f514bcb4f42aa5bf93c090cc84d640dc5ab991a1,1ab2205db37ecd11ccaff04056c9292d54569287,持卡人消费,硕果园（工大商店）,-12.0,83.68,2878,正常
2016/05/09 12:00:43,f514bcb4f42aa5bf93c090cc84d640dc5ab991a1,1ab2205db37ecd11ccaff04056c9292d54569287,持卡人消费,硕果园（工大商店）,-12.0,71.68,2879,正常
2016/05/09 12:07:01,f514bcb4f42aa5bf93c090cc84d640dc5ab991a1,1ab2205db37ecd11ccaff04056c9292d54569287,持卡人消费,硕果园（工大商店）,-2.0,69.68,2880,正常
2016/05/09 18:22:07,f514bcb4f42aa5bf93c090cc84d640dc5ab991a1,1ab2205db37ecd11ccaff04056c9292d54569287,持卡人消费,硕果园（工大商店）,-16.6,53.08,2881,正常
2016/05/09 18:26:43,f514bcb4f42aa5bf93c090cc84d640dc5ab991a1,1ab2205db37ecd11ccaff04056c9292d54569287,持卡人消费,硕果园（工大商店）,-2.2,50.88,2882,正常
2016/05/10 11:50:09,f514bcb4f42aa5bf93c090cc84d640dc5ab991a1,1ab2205db37ecd11ccaff04056c9292d54569287,持卡人消费,硕果园（工大商店）,-12.0,38.88,2883,正常
2016/05/11 11:40:00,f514bcb4f42aa5bf93c090cc84d640dc5ab991a1,1ab2205db37ecd11ccaff04056c9292d54569287,持卡人消费,硕果园（工大商店）,-12.0,26.88,2884,正常
2016/05/11 11:48:37,f514bcb4f42aa5bf93c090cc84d640dc5ab991a1,1ab2205db37ecd11ccaff04056c9292d54569287,持卡人消费,硕果园（工大商店）,-3.0,23.88,2885,正常
2016/05/11 18:19:05,f514bcb4f42aa5bf93c090cc84d640dc5ab991a1,1ab2205db37ecd11ccaff04056c9292d54569287,持卡人消费,硕果园（工大商店）,-17.0,6.88,2886,正常
2016/05/11 18:22:48,f514bcb4f42aa5bf93c090cc84d640dc5ab991a1,1ab2205db37ecd11ccaff04056c9292d54569287,持卡人消费,硕果园（工大商店）,-2.6,4.28,2887,正常
2016/05/12 17:51:27,f514bcb4f42aa5bf93c090cc84d640dc5ab991a1,1ab2205db37ecd11ccaff04056c9292d54569287,存款,现金充值机,500.0,504.28,2888,正常
2016/05/12 18:15:13,f514bcb4f42aa5bf93c090cc84d640dc5ab991a1,1ab2205db37ecd11ccaff04056c9292d54569287,持卡人消费,硕果园（工大商店）,-12.0,492.28,2889,正常
2016/05/14 12:00:32,f514bcb4f42aa5bf93c090cc84d640dc5ab991a1,1ab2205db37ecd11ccaff04056c9292d54569287,持卡人消费,硕果园（工大商店）,-12.0,480.28,2890,正常
2016/05/14 12:05:37,f514bcb4f42aa5bf93c090cc84d640dc5ab991a1,1ab2205db37ecd11ccaff04056c9292d54569287,持卡人消费,硕果园（工大商店）,-2.3,477.98,2891,正常
2016/05/14 19:17:29,f514bcb4f42aa5bf93c090cc84d640dc5ab991a1,1ab2205db37ecd11ccaff04056c9292d54569287,持卡人消费,一校区水控新,-1.9,476.08,2892,正常
2016/05/14 19:41:43,f514bcb4f42aa5bf93c090cc84d640dc5ab991a1,1ab2205db37ecd11ccaff04056c9292d54569287,持卡人消费,硕果园（工大商店）,-0.3,475.78,2893,正常
2016/05/15 14:06:58,f514bcb4f42aa5bf93c090cc84d640dc5ab991a1,1ab2205db37ecd11ccaff04056c9292d54569287,持卡人消费,一校区水控新,-2.0,473.78,2894,正常
2016/05/15 14:13:41,f514bcb4f42aa5bf93c090cc84d640dc5ab991a1,1ab2205db37ecd11ccaff04056c9292d54569287,持卡人消费,一校区水控新,-1.18,472.60,2896,正常
2016/05/15 14:25:16,f514bcb4f42aa5bf93c090cc84d640dc5ab991a1,1ab2205db37ecd11ccaff04056c9292d54569287,持卡人消费,硕果园（工大商店）,-12.0,460.60,2897,正常
2016/05/15 14:32:32,f514bcb4f42aa5bf93c090cc84d640dc5ab991a1,1ab2205db37ecd11ccaff04056c9292d54569287,持卡人消费,硕果园（工大商店）,-2.7,457.90,2898,正常
2016/05/17 12:01:52,f514bcb4f42aa5bf93c090cc84d640dc5ab991a1,1ab2205db37ecd11ccaff04056c9292d54569287,持卡人消费,硕果园（工大商店）,-10.0,447.90,2899,正常
2016/05/17 12:02:41,f514bcb4f42aa5bf93c090cc84d640dc5ab991a1,1ab2205db37ecd11ccaff04056c9292d54569287,持卡人消费,硕果园（工大商店）,-12.0,435.90,2900,正常
2016/05/17 12:13:19,f514bcb4f42aa5bf93c090cc84d640dc5ab991a1,1ab2205db37ecd11ccaff04056c9292d54569287,持卡人消费,硕果园（工大商店）,-1.7,434.20,2901,正常
2016/05/17 19:32:10,f514bcb4f42aa5bf93c090cc84d640dc5ab991a1,1ab2205db37ecd11ccaff04056c9292d54569287,持卡人消费,硕果园（工大商店）,-11.4,422.80,2902,正常
2016/05/17 19:38:15,f514bcb4f42aa5bf93c090cc84d640dc5ab991a1,1ab2205db37ecd11ccaff04056c9292d54569287,持卡人消费,硕果园（工大商店）,-2.4,420.40,2903,正常
2016/05/18 17:31:11,f514bcb4f42aa5bf93c090cc84d640dc5ab991a1,1ab2205db37ecd11ccaff04056c9292d54569287,持卡人消费,硕果园（工大商店）,-12.0,408.40,2904,正常
2016/05/18 17:36:04,f514bcb4f42aa5bf93c090cc84d640dc5ab991a1,1ab2205db37ecd11ccaff04056c9292d54569287,持卡人消费,硕果园（工大商店）,-1.5,406.90,2905,正常
2016/05/19 13:08:18,f514bcb4f42aa5bf93c090cc84d640dc5ab991a1,1ab2205db37ecd11ccaff04056c9292d54569287,持卡人消费,硕果园（工大商店）,-17.0,389.90,2906,正常
2016/05/19 18:21:09,f514bcb4f42aa5bf93c090cc84d640dc5ab991a1,1ab2205db37ecd11ccaff04056c9292d54569287,持卡人消费,硕果园（工大商店）,-12.0,377.90,2907,正常
2016/05/19 18:29:03,f514bcb4f42aa5bf93c090cc84d640dc5ab991a1,1ab2205db37ecd11ccaff04056c9292d54569287,持卡人消费,硕果园（工大商店）,-2.7,375.20,2908,正常
2016/05/20 16:13:00,f514bcb4f42aa5bf93c090cc84d640dc5ab991a1,1ab2205db37ecd11ccaff04056c9292d54569287,持卡人消费,一校区水控新,-1.47,373.73,2910,正常
2016/05/20 16:20:52,f514bcb4f42aa5bf93c090cc84d640dc5ab991a1,1ab2205db37ecd11ccaff04056c9292d54569287,持卡人消费,一校区水控新,-1.26,372.47,2912,正常
2016/05/20 18:42:28,f514bcb4f42aa5bf93c090cc84d640dc5ab991a1,1ab2205db37ecd11ccaff04056c9292d54569287,持卡人消费,硕果园（工大商店）,-12.0,360.47,2913,正常
2016/05/21 12:48:25,f514bcb4f42aa5bf93c090cc84d640dc5ab991a1,1ab2205db37ecd11ccaff04056c9292d54569287,持卡人消费,硕果园（工大商店）,-12.0,348.47,2914,正常
2016/05/21 12:56:58,f514bcb4f42aa5bf93c090cc84d640dc5ab991a1,1ab2205db37ecd11ccaff04056c9292d54569287,持卡人消费,超市商务子系统,-5.2,343.27,2915,正常
2016/05/21 18:22:00,f514bcb4f42aa5bf93c090cc84d640dc5ab991a1,1ab2205db37ecd11ccaff04056c9292d54569287,持卡人消费,硕果园（工大商店）,-17.0,326.27,2916,正常
2016/05/22 12:36:21,f514bcb4f42aa5bf93c090cc84d640dc5ab991a1,1ab2205db37ecd11ccaff04056c9292d54569287,持卡人消费,硕果园（工大商店）,-12.0,314.27,2917,正常
2016/05/22 12:44:55,f514bcb4f42aa5bf93c090cc84d640dc5ab991a1,1ab2205db37ecd11ccaff04056c9292d54569287,持卡人消费,硕果园（工大商店）,-3.0,311.27,2918,正常
2016/05/23 19:19:41,f514bcb4f42aa5bf93c090cc84d640dc5ab991a1,1ab2205db37ecd11ccaff04056c9292d54569287,持卡人消费,硕果园（工大商店）,-12.0,299.27,2919,正常
2016/05/24 12:16:24,f514bcb4f42aa5bf93c090cc84d640dc5ab991a1,1ab2205db37ecd11ccaff04056c9292d54569287,持卡人消费,硕果园（工大商店）,-12.0,287.27,2920,正常
2016/05/24 12:23:56,f514bcb4f42aa5bf93c090cc84d640dc5ab991a1,1ab2205db37ecd11ccaff04056c9292d54569287,持卡人消费,硕果园（工大商店）,-2.9,284.37,2921,正常
2016/05/24 18:11:38,f514bcb4f42aa5bf93c090cc84d640dc5ab991a1,1ab2205db37ecd11ccaff04056c9292d54569287,持卡人消费,一校区水控新,-2.0,282.37,2922,正常
2016/05/24 18:14:41,f514bcb4f42aa5bf93c090cc84d640dc5ab991a1,1ab2205db37ecd11ccaff04056c9292d54569287,持卡人消费,一校区水控新,-0.5,281.87,2924,正常
2016/05/24 18:15:02,f514bcb4f42aa5bf93c090cc84d640dc5ab991a1,1ab2205db37ecd11ccaff04056c9292d54569287,持卡人消费,一校区水控新,-0.03,281.84,2926,正常
2016/05/25 12:21:30,f514bcb4f42aa5bf93c090cc84d640dc5ab991a1,1ab2205db37ecd11ccaff04056c9292d54569287,持卡人消费,硕果园（工大商店）,-24.0,257.84,2927,正常
2016/05/25 12:27:08,f514bcb4f42aa5bf93c090cc84d640dc5ab991a1,1ab2205db37ecd11ccaff04056c9292d54569287,持卡人消费,硕果园（工大商店）,-2.2,255.64,2928,正常
2016/05/25 17:53:12,f514bcb4f42aa5bf93c090cc84d640dc5ab991a1,1ab2205db37ecd11ccaff04056c9292d54569287,持卡人消费,硕果园（工大商店）,-12.0,243.64,2929,正常
2016/05/25 17:59:28,f514bcb4f42aa5bf93c090cc84d640dc5ab991a1,1ab2205db37ecd11ccaff04056c9292d54569287,持卡人消费,硕果园（工大商店）,-2.6,241.04,2930,正常
2016/05/26 17:02:57,f514bcb4f42aa5bf93c090cc84d640dc5ab991a1,1ab2205db37ecd11ccaff04056c9292d54569287,持卡人消费,硕果园（工大商店）,-17.0,224.04,2931,正常
2016/05/26 17:12:21,f514bcb4f42aa5bf93c090cc84d640dc5ab991a1,1ab2205db37ecd11ccaff04056c9292d54569287,持卡人消费,硕果园（工大商店）,-2.5,221.54,2932,正常
2016/05/27 18:05:51,f514bcb4f42aa5bf93c090cc84d640dc5ab991a1,1ab2205db37ecd11ccaff04056c9292d54569287,持卡人消费,硕果园（工大商店）,-12.0,209.54,2933,正常
2016/05/28 13:12:31,f514bcb4f42aa5bf93c090cc84d640dc5ab991a1,1ab2205db37ecd11ccaff04056c9292d54569287,持卡人消费,网络中心,-30.0,179.54,2934,正常
2016/05/28 17:29:17,f514bcb4f42aa5bf93c090cc84d640dc5ab991a1,1ab2205db37ecd11ccaff04056c9292d54569287,持卡人消费,硕果园（工大商店）,-12.0,167.54,2935,正常
2016/05/28 19:08:08,f514bcb4f42aa5bf93c090cc84d640dc5ab991a1,1ab2205db37ecd11ccaff04056c9292d54569287,持卡人消费,一校区水控新,-1.36,166.18,2937,正常
2016/05/28 19:16:53,f514bcb4f42aa5bf93c090cc84d640dc5ab991a1,1ab2205db37ecd11ccaff04056c9292d54569287,持卡人消费,一校区水控新,-1.55,164.63,2939,正常
2016/05/29 20:41:53,f514bcb4f42aa5bf93c090cc84d640dc5ab991a1,1ab2205db37ecd11ccaff04056c9292d54569287,持卡人消费,超市商务子系统,-5.8,158.83,2940,正常
2016/05/30 12:13:34,f514bcb4f42aa5bf93c090cc84d640dc5ab991a1,1ab2205db37ecd11ccaff04056c9292d54569287,持卡人消费,硕果园（工大商店）,-12.0,146.83,2941,正常
2016/05/30 12:22:42,f514bcb4f42aa5bf93c090cc84d640dc5ab991a1,1ab2205db37ecd11ccaff04056c9292d54569287,持卡人消费,硕果园（工大商店）,-2.3,144.53,2942,正常
2016/05/30 20:29:19,f514bcb4f42aa5bf93c090cc84d640dc5ab991a1,1ab2205db37ecd11ccaff04056c9292d54569287,持卡人消费,硕果园（工大商店）,-4.7,139.83,2943,正常
2016/05/31 13:33:52,f514bcb4f42aa5bf93c090cc84d640dc5ab991a1,1ab2205db37ecd11ccaff04056c9292d54569287,持卡人消费,硕果园（工大商店）,-12.0,127.83,2944,正常
2016/05/31 13:41:20,f514bcb4f42aa5bf93c090cc84d640dc5ab991a1,1ab2205db37ecd11ccaff04056c9292d54569287,持卡人消费,硕果园（工大商店）,-2.4,125.43,2945,正常
