交易发生时间,学号,姓名,交易类型,子系统名称,交易额,现有余额,次数,状态
2016/05/01 12:11:21,81635bc0bd32cc5f9e2bd11b249514f7b1b5a974,1abf2fa0f76498514ac7b5e39fd7316de3bd3f94,持卡人消费,硕果园（工大商店）,-12.0,36.67,4790,正常
2016/05/01 19:13:29,81635bc0bd32cc5f9e2bd11b249514f7b1b5a974,1abf2fa0f76498514ac7b5e39fd7316de3bd3f94,持卡人消费,超市商务子系统,-5.5,31.17,4791,正常
2016/05/02 11:32:18,81635bc0bd32cc5f9e2bd11b249514f7b1b5a974,1abf2fa0f76498514ac7b5e39fd7316de3bd3f94,持卡人消费,硕果园（工大商店）,-13.0,18.17,4792,正常
2016/05/02 19:07:42,81635bc0bd32cc5f9e2bd11b249514f7b1b5a974,1abf2fa0f76498514ac7b5e39fd7316de3bd3f94,持卡人消费,硕果园（工大商店）,-1.2,16.97,4793,正常
2016/05/03 11:16:39,81635bc0bd32cc5f9e2bd11b249514f7b1b5a974,1abf2fa0f76498514ac7b5e39fd7316de3bd3f94,存款,现金充值机,200.0,216.97,4794,正常
2016/05/03 11:38:23,81635bc0bd32cc5f9e2bd11b249514f7b1b5a974,1abf2fa0f76498514ac7b5e39fd7316de3bd3f94,持卡人消费,学苑楼商务网关,-9.0,207.97,4795,正常
2016/05/03 13:10:42,81635bc0bd32cc5f9e2bd11b249514f7b1b5a974,1abf2fa0f76498514ac7b5e39fd7316de3bd3f94,持卡人消费,一校区水控新,-1.36,206.61,4797,正常
2016/05/03 19:21:47,81635bc0bd32cc5f9e2bd11b249514f7b1b5a974,1abf2fa0f76498514ac7b5e39fd7316de3bd3f94,持卡人消费,硕果园（工大商店）,-14.7,191.91,4798,正常
2016/05/04 19:29:18,81635bc0bd32cc5f9e2bd11b249514f7b1b5a974,1abf2fa0f76498514ac7b5e39fd7316de3bd3f94,持卡人消费,硕果园（工大商店）,-15.8,176.11,4799,正常
2016/05/05 12:50:24,81635bc0bd32cc5f9e2bd11b249514f7b1b5a974,1abf2fa0f76498514ac7b5e39fd7316de3bd3f94,持卡人消费,一校区水控新,-1.01,175.10,4801,正常
2016/05/05 18:57:09,81635bc0bd32cc5f9e2bd11b249514f7b1b5a974,1abf2fa0f76498514ac7b5e39fd7316de3bd3f94,持卡人消费,硕果园（工大商店）,-14.8,160.30,4802,正常
2016/05/06 11:40:11,81635bc0bd32cc5f9e2bd11b249514f7b1b5a974,1abf2fa0f76498514ac7b5e39fd7316de3bd3f94,持卡人消费,学苑楼商务网关,-9.0,151.30,4803,正常
2016/05/07 11:19:10,81635bc0bd32cc5f9e2bd11b249514f7b1b5a974,1abf2fa0f76498514ac7b5e39fd7316de3bd3f94,持卡人消费,硕果园（工大商店）,-17.2,134.10,4804,正常
2016/05/07 14:18:08,81635bc0bd32cc5f9e2bd11b249514f7b1b5a974,1abf2fa0f76498514ac7b5e39fd7316de3bd3f94,持卡人消费,一校区水控新,-1.63,132.47,4805,正常
2016/05/08 16:12:11,81635bc0bd32cc5f9e2bd11b249514f7b1b5a974,1abf2fa0f76498514ac7b5e39fd7316de3bd3f94,持卡人消费,一校区水控新,-1.38,131.09,4807,正常
2016/05/08 18:50:32,81635bc0bd32cc5f9e2bd11b249514f7b1b5a974,1abf2fa0f76498514ac7b5e39fd7316de3bd3f94,持卡人消费,超市商务子系统,-10.9,120.19,4808,正常
2016/05/08 18:57:21,81635bc0bd32cc5f9e2bd11b249514f7b1b5a974,1abf2fa0f76498514ac7b5e39fd7316de3bd3f94,持卡人消费,硕果园（工大商店）,-14.5,105.69,4809,正常
2016/05/09 17:57:42,81635bc0bd32cc5f9e2bd11b249514f7b1b5a974,1abf2fa0f76498514ac7b5e39fd7316de3bd3f94,持卡人消费,学苑楼商务网关,-8.8,96.89,4810,正常
2016/05/10 11:38:43,81635bc0bd32cc5f9e2bd11b249514f7b1b5a974,1abf2fa0f76498514ac7b5e39fd7316de3bd3f94,持卡人消费,硕果园（工大商店）,-13.7,83.19,4811,正常
2016/05/10 14:02:09,81635bc0bd32cc5f9e2bd11b249514f7b1b5a974,1abf2fa0f76498514ac7b5e39fd7316de3bd3f94,持卡人消费,一校区水控新,-1.41,81.78,4813,正常
2016/05/10 18:27:51,81635bc0bd32cc5f9e2bd11b249514f7b1b5a974,1abf2fa0f76498514ac7b5e39fd7316de3bd3f94,持卡人消费,超市商务子系统,-9.7,72.08,4814,正常
2016/05/11 11:29:52,81635bc0bd32cc5f9e2bd11b249514f7b1b5a974,1abf2fa0f76498514ac7b5e39fd7316de3bd3f94,持卡人消费,硕果园（工大商店）,-12.0,60.08,4815,正常
2016/05/11 11:31:11,81635bc0bd32cc5f9e2bd11b249514f7b1b5a974,1abf2fa0f76498514ac7b5e39fd7316de3bd3f94,持卡人消费,硕果园（工大商店）,-10.0,50.08,4816,正常
2016/05/12 12:16:26,81635bc0bd32cc5f9e2bd11b249514f7b1b5a974,1abf2fa0f76498514ac7b5e39fd7316de3bd3f94,持卡人消费,硕果园（工大商店）,-9.0,41.08,4817,正常
2016/05/12 12:17:42,81635bc0bd32cc5f9e2bd11b249514f7b1b5a974,1abf2fa0f76498514ac7b5e39fd7316de3bd3f94,持卡人消费,硕果园（工大商店）,-10.0,31.08,4818,正常
2016/05/12 14:27:05,81635bc0bd32cc5f9e2bd11b249514f7b1b5a974,1abf2fa0f76498514ac7b5e39fd7316de3bd3f94,持卡人消费,一校区水控新,-1.31,29.77,4820,正常
2016/05/12 19:15:14,81635bc0bd32cc5f9e2bd11b249514f7b1b5a974,1abf2fa0f76498514ac7b5e39fd7316de3bd3f94,持卡人消费,硕果园（工大商店）,-12.2,17.57,4821,正常
2016/05/13 11:34:10,81635bc0bd32cc5f9e2bd11b249514f7b1b5a974,1abf2fa0f76498514ac7b5e39fd7316de3bd3f94,持卡人消费,硕果园（工大商店）,-12.0,5.57,4822,正常
2016/05/15 11:07:02,81635bc0bd32cc5f9e2bd11b249514f7b1b5a974,1abf2fa0f76498514ac7b5e39fd7316de3bd3f94,存款,现金充值机,200.0,205.57,4823,正常
2016/05/15 11:30:13,81635bc0bd32cc5f9e2bd11b249514f7b1b5a974,1abf2fa0f76498514ac7b5e39fd7316de3bd3f94,持卡人消费,硕果园（工大商店）,-10.0,195.57,4824,正常
2016/05/15 11:34:37,81635bc0bd32cc5f9e2bd11b249514f7b1b5a974,1abf2fa0f76498514ac7b5e39fd7316de3bd3f94,持卡人消费,硕果园（工大商店）,-13.6,181.97,4825,正常
2016/05/15 13:19:01,81635bc0bd32cc5f9e2bd11b249514f7b1b5a974,1abf2fa0f76498514ac7b5e39fd7316de3bd3f94,持卡人消费,一校区水控新,-0.99,180.98,4827,正常
2016/05/15 19:20:36,81635bc0bd32cc5f9e2bd11b249514f7b1b5a974,1abf2fa0f76498514ac7b5e39fd7316de3bd3f94,持卡人消费,硕果园（工大商店）,-12.0,168.98,4828,正常
2016/05/16 11:33:21,81635bc0bd32cc5f9e2bd11b249514f7b1b5a974,1abf2fa0f76498514ac7b5e39fd7316de3bd3f94,持卡人消费,学苑楼商务网关,-9.0,159.98,4829,正常
2016/05/16 19:01:48,81635bc0bd32cc5f9e2bd11b249514f7b1b5a974,1abf2fa0f76498514ac7b5e39fd7316de3bd3f94,持卡人消费,硕果园（工大商店）,-11.7,148.28,4830,正常
2016/05/17 11:34:26,81635bc0bd32cc5f9e2bd11b249514f7b1b5a974,1abf2fa0f76498514ac7b5e39fd7316de3bd3f94,持卡人消费,硕果园（工大商店）,-13.0,135.28,4831,正常
2016/05/17 18:31:54,81635bc0bd32cc5f9e2bd11b249514f7b1b5a974,1abf2fa0f76498514ac7b5e39fd7316de3bd3f94,持卡人消费,超市商务子系统,-5.5,129.78,4832,正常
2016/05/18 11:15:27,81635bc0bd32cc5f9e2bd11b249514f7b1b5a974,1abf2fa0f76498514ac7b5e39fd7316de3bd3f94,持卡人消费,硕果园（工大商店）,-12.0,117.78,4833,正常
2016/05/18 12:48:13,81635bc0bd32cc5f9e2bd11b249514f7b1b5a974,1abf2fa0f76498514ac7b5e39fd7316de3bd3f94,持卡人消费,一校区水控新,-1.09,116.69,4835,正常
2016/05/18 19:15:18,81635bc0bd32cc5f9e2bd11b249514f7b1b5a974,1abf2fa0f76498514ac7b5e39fd7316de3bd3f94,持卡人消费,硕果园（工大商店）,-14.8,101.89,4836,正常
2016/05/19 11:41:30,81635bc0bd32cc5f9e2bd11b249514f7b1b5a974,1abf2fa0f76498514ac7b5e39fd7316de3bd3f94,持卡人消费,硕果园（工大商店）,-12.0,89.89,4837,正常
2016/05/19 19:19:18,81635bc0bd32cc5f9e2bd11b249514f7b1b5a974,1abf2fa0f76498514ac7b5e39fd7316de3bd3f94,持卡人消费,硕果园（工大商店）,-10.8,79.09,4838,正常
2016/05/19 19:44:19,81635bc0bd32cc5f9e2bd11b249514f7b1b5a974,1abf2fa0f76498514ac7b5e39fd7316de3bd3f94,持卡人消费,超市商务子系统,-5.5,73.59,4839,正常
2016/05/20 11:36:29,81635bc0bd32cc5f9e2bd11b249514f7b1b5a974,1abf2fa0f76498514ac7b5e39fd7316de3bd3f94,持卡人消费,学苑楼商务网关,-9.0,64.59,4840,正常
2016/05/20 18:08:11,81635bc0bd32cc5f9e2bd11b249514f7b1b5a974,1abf2fa0f76498514ac7b5e39fd7316de3bd3f94,持卡人消费,一校区水控新,-0.86,63.73,4841,正常
2016/05/21 11:43:47,81635bc0bd32cc5f9e2bd11b249514f7b1b5a974,1abf2fa0f76498514ac7b5e39fd7316de3bd3f94,持卡人消费,学苑楼商务网关,-8.8,54.93,4842,正常
2016/05/22 13:57:16,81635bc0bd32cc5f9e2bd11b249514f7b1b5a974,1abf2fa0f76498514ac7b5e39fd7316de3bd3f94,持卡人消费,一校区水控新,-1.09,53.84,4844,正常
2016/05/23 15:12:16,81635bc0bd32cc5f9e2bd11b249514f7b1b5a974,1abf2fa0f76498514ac7b5e39fd7316de3bd3f94,持卡人消费,一校区水控新,-1.02,52.82,4846,正常
2016/05/24 08:24:58,81635bc0bd32cc5f9e2bd11b249514f7b1b5a974,1abf2fa0f76498514ac7b5e39fd7316de3bd3f94,持卡人消费,学苑楼商务网关,-9.0,43.82,4847,正常
2016/05/25 12:12:22,81635bc0bd32cc5f9e2bd11b249514f7b1b5a974,1abf2fa0f76498514ac7b5e39fd7316de3bd3f94,持卡人消费,硕果园（工大商店）,-9.0,25.42,4849,正常
2016/05/25 18:04:29,81635bc0bd32cc5f9e2bd11b249514f7b1b5a974,1abf2fa0f76498514ac7b5e39fd7316de3bd3f94,持卡人消费,一校区水控新,-0.78,24.64,4851,正常
2016/05/26 08:16:06,81635bc0bd32cc5f9e2bd11b249514f7b1b5a974,1abf2fa0f76498514ac7b5e39fd7316de3bd3f94,持卡人消费,学苑楼商务网关,-9.0,15.64,4852,正常
2016/05/27 08:15:05,81635bc0bd32cc5f9e2bd11b249514f7b1b5a974,1abf2fa0f76498514ac7b5e39fd7316de3bd3f94,存款,学苑楼综合业务3,100.0,115.64,4853,正常
2016/05/27 08:15:41,81635bc0bd32cc5f9e2bd11b249514f7b1b5a974,1abf2fa0f76498514ac7b5e39fd7316de3bd3f94,持卡人消费,学苑楼商务网关,-9.0,106.64,4854,正常
2016/05/27 11:31:06,81635bc0bd32cc5f9e2bd11b249514f7b1b5a974,1abf2fa0f76498514ac7b5e39fd7316de3bd3f94,持卡人消费,学苑楼商务网关,-7.0,99.64,4855,正常
2016/05/27 17:48:24,81635bc0bd32cc5f9e2bd11b249514f7b1b5a974,1abf2fa0f76498514ac7b5e39fd7316de3bd3f94,持卡人消费,一校区水控新,-1.07,98.57,4857,正常
2016/05/28 08:36:34,81635bc0bd32cc5f9e2bd11b249514f7b1b5a974,1abf2fa0f76498514ac7b5e39fd7316de3bd3f94,持卡人消费,学苑楼商务网关,-9.0,89.57,4858,正常
2016/05/28 11:41:02,81635bc0bd32cc5f9e2bd11b249514f7b1b5a974,1abf2fa0f76498514ac7b5e39fd7316de3bd3f94,持卡人消费,学士楼商务网关,-8.9,80.67,4859,正常
2016/05/28 19:22:28,81635bc0bd32cc5f9e2bd11b249514f7b1b5a974,1abf2fa0f76498514ac7b5e39fd7316de3bd3f94,持卡人消费,硕果园（工大商店）,-13.5,67.17,4860,正常
2016/05/28 19:45:09,81635bc0bd32cc5f9e2bd11b249514f7b1b5a974,1abf2fa0f76498514ac7b5e39fd7316de3bd3f94,持卡人消费,超市商务子系统,-10.3,56.87,4861,正常
2016/05/29 11:46:31,81635bc0bd32cc5f9e2bd11b249514f7b1b5a974,1abf2fa0f76498514ac7b5e39fd7316de3bd3f94,持卡人消费,学士楼商务网关,-9.0,47.87,4862,正常
2016/05/29 12:55:26,81635bc0bd32cc5f9e2bd11b249514f7b1b5a974,1abf2fa0f76498514ac7b5e39fd7316de3bd3f94,持卡人消费,一校区水控新,-1.09,46.78,4864,正常
2016/05/29 17:29:41,81635bc0bd32cc5f9e2bd11b249514f7b1b5a974,1abf2fa0f76498514ac7b5e39fd7316de3bd3f94,持卡人消费,学苑楼商务网关,-9.0,37.78,4865,正常
2016/05/29 17:47:55,81635bc0bd32cc5f9e2bd11b249514f7b1b5a974,1abf2fa0f76498514ac7b5e39fd7316de3bd3f94,持卡人消费,超市商务子系统,-18.9,18.88,4866,正常
2016/05/30 07:48:06,81635bc0bd32cc5f9e2bd11b249514f7b1b5a974,1abf2fa0f76498514ac7b5e39fd7316de3bd3f94,存款,现金充值机,200.0,218.88,4867,正常
2016/05/30 08:08:42,81635bc0bd32cc5f9e2bd11b249514f7b1b5a974,1abf2fa0f76498514ac7b5e39fd7316de3bd3f94,持卡人消费,学苑楼商务网关,-9.0,209.88,4868,正常
2016/05/30 11:36:48,81635bc0bd32cc5f9e2bd11b249514f7b1b5a974,1abf2fa0f76498514ac7b5e39fd7316de3bd3f94,持卡人消费,学苑楼商务网关,-8.0,201.88,4869,正常
2016/05/30 19:01:03,81635bc0bd32cc5f9e2bd11b249514f7b1b5a974,1abf2fa0f76498514ac7b5e39fd7316de3bd3f94,持卡人消费,硕果园（工大商店）,-13.0,188.88,4870,正常
2016/05/31 13:49:34,81635bc0bd32cc5f9e2bd11b249514f7b1b5a974,1abf2fa0f76498514ac7b5e39fd7316de3bd3f94,持卡人消费,一校区水控新,-1.17,187.71,4872,正常
2016/05/31 19:24:05,81635bc0bd32cc5f9e2bd11b249514f7b1b5a974,1abf2fa0f76498514ac7b5e39fd7316de3bd3f94,持卡人消费,硕果园（工大商店）,-12.5,175.21,4873,正常
2016/05/31 19:45:40,81635bc0bd32cc5f9e2bd11b249514f7b1b5a974,1abf2fa0f76498514ac7b5e39fd7316de3bd3f94,持卡人消费,超市商务子系统,-5.5,169.71,4874,正常
