交易发生时间,学号,姓名,交易类型,子系统名称,交易额,现有余额,次数,状态
2016/05/13 12:06:53,ab8733b1a77fb1fdad4f9c9983a5e6a5ebc77c23,1acd738b6ab39f8d8899a89bf4053fd86e818b7a,持卡人消费,五食堂商务网关,-20.0,2.85,2808,正常
2016/05/13 12:16:37,ab8733b1a77fb1fdad4f9c9983a5e6a5ebc77c23,1acd738b6ab39f8d8899a89bf4053fd86e818b7a,持卡人消费,五食堂商务网关,-0.5,2.35,2809,正常
2016/05/16 11:06:37,ab8733b1a77fb1fdad4f9c9983a5e6a5ebc77c23,1acd738b6ab39f8d8899a89bf4053fd86e818b7a,存款,现金充值机,100.0,102.35,2810,正常
2016/05/16 17:28:47,ab8733b1a77fb1fdad4f9c9983a5e6a5ebc77c23,1acd738b6ab39f8d8899a89bf4053fd86e818b7a,持卡人消费,硕果园（工大商店）,-16.0,86.35,2811,正常
2016/05/16 17:30:35,ab8733b1a77fb1fdad4f9c9983a5e6a5ebc77c23,1acd738b6ab39f8d8899a89bf4053fd86e818b7a,持卡人消费,硕果园（工大商店）,-20.0,66.35,2812,正常
2016/05/16 17:31:54,ab8733b1a77fb1fdad4f9c9983a5e6a5ebc77c23,1acd738b6ab39f8d8899a89bf4053fd86e818b7a,持卡人消费,硕果园（工大商店）,-4.5,61.85,2813,正常
2016/05/16 17:33:59,ab8733b1a77fb1fdad4f9c9983a5e6a5ebc77c23,1acd738b6ab39f8d8899a89bf4053fd86e818b7a,持卡人消费,硕果园（工大商店）,-6.0,55.85,2814,正常
2016/05/16 17:36:32,ab8733b1a77fb1fdad4f9c9983a5e6a5ebc77c23,1acd738b6ab39f8d8899a89bf4053fd86e818b7a,持卡人消费,网络中心,-30.0,25.85,2815,正常
2016/05/25 11:25:41,ab8733b1a77fb1fdad4f9c9983a5e6a5ebc77c23,1acd738b6ab39f8d8899a89bf4053fd86e818b7a,持卡人消费,学士楼商务网关,-2.0,23.85,2816,正常
