交易发生时间,学号,姓名,交易类型,子系统名称,交易额,现有余额,次数,状态
2016/05/01 11:51:50,d2a9245896b5fc36e6adbe341a5b003c312fec76,1b3f46fe235cb8a3eb9200228b2a836f10e86326,持卡人消费,学士楼商务网关,-4.9,1.14,2954,正常
2016/05/05 11:10:07,d2a9245896b5fc36e6adbe341a5b003c312fec76,1b3f46fe235cb8a3eb9200228b2a836f10e86326,存款,现金充值机,200.0,201.14,2955,正常
2016/05/05 11:31:42,d2a9245896b5fc36e6adbe341a5b003c312fec76,1b3f46fe235cb8a3eb9200228b2a836f10e86326,持卡人消费,学苑楼商务网关,-1.1,200.04,2956,正常
2016/05/05 11:32:05,d2a9245896b5fc36e6adbe341a5b003c312fec76,1b3f46fe235cb8a3eb9200228b2a836f10e86326,持卡人消费,学苑楼商务网关,-0.5,199.54,2957,正常
2016/05/05 11:32:35,d2a9245896b5fc36e6adbe341a5b003c312fec76,1b3f46fe235cb8a3eb9200228b2a836f10e86326,持卡人消费,学苑楼商务网关,-3.5,196.04,2958,正常
2016/05/06 17:43:23,d2a9245896b5fc36e6adbe341a5b003c312fec76,1b3f46fe235cb8a3eb9200228b2a836f10e86326,持卡人消费,硕果园（工大商店）,-14.0,182.04,2959,正常
2016/05/08 11:08:03,d2a9245896b5fc36e6adbe341a5b003c312fec76,1b3f46fe235cb8a3eb9200228b2a836f10e86326,持卡人消费,学士楼商务网关,-4.2,177.84,2960,正常
2016/05/08 17:10:16,d2a9245896b5fc36e6adbe341a5b003c312fec76,1b3f46fe235cb8a3eb9200228b2a836f10e86326,持卡人消费,学士楼商务网关,-5.5,172.34,2961,正常
2016/05/09 17:23:47,d2a9245896b5fc36e6adbe341a5b003c312fec76,1b3f46fe235cb8a3eb9200228b2a836f10e86326,持卡人消费,学士楼商务网关,-7.0,165.34,2962,正常
2016/05/09 20:00:54,d2a9245896b5fc36e6adbe341a5b003c312fec76,1b3f46fe235cb8a3eb9200228b2a836f10e86326,持卡人消费,15公寓浴池,-1.38,163.96,2964,正常
2016/05/09 20:03:05,d2a9245896b5fc36e6adbe341a5b003c312fec76,1b3f46fe235cb8a3eb9200228b2a836f10e86326,持卡人消费,15公寓浴池,-0.22,163.74,2966,正常
2016/05/09 20:07:33,d2a9245896b5fc36e6adbe341a5b003c312fec76,1b3f46fe235cb8a3eb9200228b2a836f10e86326,持卡人消费,15公寓浴池,-0.27,163.47,2968,正常
2016/05/09 20:11:44,d2a9245896b5fc36e6adbe341a5b003c312fec76,1b3f46fe235cb8a3eb9200228b2a836f10e86326,持卡人消费,15公寓浴池,-0.34,163.13,2970,正常
2016/05/09 20:15:02,d2a9245896b5fc36e6adbe341a5b003c312fec76,1b3f46fe235cb8a3eb9200228b2a836f10e86326,持卡人消费,15公寓浴池,-0.51,162.62,2972,正常
2016/05/10 13:07:44,d2a9245896b5fc36e6adbe341a5b003c312fec76,1b3f46fe235cb8a3eb9200228b2a836f10e86326,持卡人消费,硕果园（工大商店）,-9.0,153.62,2973,正常
2016/05/10 17:06:30,d2a9245896b5fc36e6adbe341a5b003c312fec76,1b3f46fe235cb8a3eb9200228b2a836f10e86326,持卡人消费,学士楼商务网关,-10.6,143.02,2974,正常
2016/05/10 17:06:39,d2a9245896b5fc36e6adbe341a5b003c312fec76,1b3f46fe235cb8a3eb9200228b2a836f10e86326,持卡人消费,学士楼商务网关,-0.1,142.92,2975,正常
2016/05/11 08:05:17,d2a9245896b5fc36e6adbe341a5b003c312fec76,1b3f46fe235cb8a3eb9200228b2a836f10e86326,持卡人消费,学士楼商务网关,-1.8,141.12,2976,正常
2016/05/11 08:06:31,d2a9245896b5fc36e6adbe341a5b003c312fec76,1b3f46fe235cb8a3eb9200228b2a836f10e86326,持卡人消费,学士楼商务网关,-2.0,139.12,2977,正常
2016/05/11 11:38:00,d2a9245896b5fc36e6adbe341a5b003c312fec76,1b3f46fe235cb8a3eb9200228b2a836f10e86326,持卡人消费,学士楼商务网关,-8.0,131.12,2978,正常
2016/05/11 17:14:22,d2a9245896b5fc36e6adbe341a5b003c312fec76,1b3f46fe235cb8a3eb9200228b2a836f10e86326,持卡人消费,学士楼商务网关,-5.0,126.12,2979,正常
2016/05/12 08:09:34,d2a9245896b5fc36e6adbe341a5b003c312fec76,1b3f46fe235cb8a3eb9200228b2a836f10e86326,持卡人消费,学士楼商务网关,-3.3,122.82,2980,正常
2016/05/12 11:28:44,d2a9245896b5fc36e6adbe341a5b003c312fec76,1b3f46fe235cb8a3eb9200228b2a836f10e86326,持卡人消费,学士楼商务网关,-6.0,116.82,2981,正常
2016/05/12 16:02:36,d2a9245896b5fc36e6adbe341a5b003c312fec76,1b3f46fe235cb8a3eb9200228b2a836f10e86326,持卡人消费,学士楼商务网关,-4.9,111.92,2982,正常
2016/05/13 08:07:59,d2a9245896b5fc36e6adbe341a5b003c312fec76,1b3f46fe235cb8a3eb9200228b2a836f10e86326,持卡人消费,学士楼商务网关,-2.0,109.92,2983,正常
2016/05/13 11:31:55,d2a9245896b5fc36e6adbe341a5b003c312fec76,1b3f46fe235cb8a3eb9200228b2a836f10e86326,持卡人消费,学苑楼商务网关,-13.0,96.92,2984,正常
2016/05/13 17:13:49,d2a9245896b5fc36e6adbe341a5b003c312fec76,1b3f46fe235cb8a3eb9200228b2a836f10e86326,持卡人消费,学士楼商务网关,-4.0,92.92,2985,正常
2016/05/13 17:14:24,d2a9245896b5fc36e6adbe341a5b003c312fec76,1b3f46fe235cb8a3eb9200228b2a836f10e86326,持卡人消费,学士楼商务网关,-0.2,92.72,2986,正常
2016/05/14 17:14:46,d2a9245896b5fc36e6adbe341a5b003c312fec76,1b3f46fe235cb8a3eb9200228b2a836f10e86326,持卡人消费,学士楼商务网关,-4.9,87.82,2987,正常
2016/05/16 08:00:04,d2a9245896b5fc36e6adbe341a5b003c312fec76,1b3f46fe235cb8a3eb9200228b2a836f10e86326,持卡人消费,学士楼商务网关,-3.3,84.52,2988,正常
2016/05/16 11:42:23,d2a9245896b5fc36e6adbe341a5b003c312fec76,1b3f46fe235cb8a3eb9200228b2a836f10e86326,持卡人消费,学士楼商务网关,-3.4,81.12,2989,正常
2016/05/16 15:10:01,d2a9245896b5fc36e6adbe341a5b003c312fec76,1b3f46fe235cb8a3eb9200228b2a836f10e86326,持卡人消费,A15,-3.0,78.12,2990,正常
2016/05/17 11:31:36,d2a9245896b5fc36e6adbe341a5b003c312fec76,1b3f46fe235cb8a3eb9200228b2a836f10e86326,持卡人消费,学士楼商务网关,-5.4,72.72,2991,正常
2016/05/17 11:42:56,d2a9245896b5fc36e6adbe341a5b003c312fec76,1b3f46fe235cb8a3eb9200228b2a836f10e86326,持卡人消费,学士楼商务网关,-0.6,72.12,2992,正常
2016/05/18 08:11:45,d2a9245896b5fc36e6adbe341a5b003c312fec76,1b3f46fe235cb8a3eb9200228b2a836f10e86326,持卡人消费,学士楼商务网关,-3.3,68.82,2993,正常
2016/05/18 11:39:25,d2a9245896b5fc36e6adbe341a5b003c312fec76,1b3f46fe235cb8a3eb9200228b2a836f10e86326,持卡人消费,学士楼商务网关,-9.5,59.32,2994,正常
2016/05/18 16:25:43,d2a9245896b5fc36e6adbe341a5b003c312fec76,1b3f46fe235cb8a3eb9200228b2a836f10e86326,持卡人消费,学士楼商务网关,-2.5,56.82,2995,正常
2016/05/18 16:27:33,d2a9245896b5fc36e6adbe341a5b003c312fec76,1b3f46fe235cb8a3eb9200228b2a836f10e86326,持卡人消费,学士楼商务网关,-1.5,55.32,2996,正常
2016/05/18 16:42:13,d2a9245896b5fc36e6adbe341a5b003c312fec76,1b3f46fe235cb8a3eb9200228b2a836f10e86326,持卡人消费,学士楼商务网关,-4.1,51.22,2997,正常
2016/05/18 16:43:22,d2a9245896b5fc36e6adbe341a5b003c312fec76,1b3f46fe235cb8a3eb9200228b2a836f10e86326,持卡人消费,学士楼商务网关,-0.4,50.82,2998,正常
2016/05/19 07:54:51,d2a9245896b5fc36e6adbe341a5b003c312fec76,1b3f46fe235cb8a3eb9200228b2a836f10e86326,持卡人消费,学苑楼商务网关,-9.0,41.82,2999,正常
2016/05/19 11:42:01,d2a9245896b5fc36e6adbe341a5b003c312fec76,1b3f46fe235cb8a3eb9200228b2a836f10e86326,持卡人消费,学士楼商务网关,-6.6,35.22,3000,正常
2016/05/19 18:03:09,d2a9245896b5fc36e6adbe341a5b003c312fec76,1b3f46fe235cb8a3eb9200228b2a836f10e86326,持卡人消费,硕果园（工大商店）,-6.0,29.22,3001,正常
2016/05/21 12:00:15,d2a9245896b5fc36e6adbe341a5b003c312fec76,1b3f46fe235cb8a3eb9200228b2a836f10e86326,持卡人消费,硕果园（工大商店）,-6.0,23.22,3002,正常
2016/05/30 15:50:30,d2a9245896b5fc36e6adbe341a5b003c312fec76,1b3f46fe235cb8a3eb9200228b2a836f10e86326,持卡人消费,15公寓浴池,-2.0,21.22,3003,正常
2016/05/30 15:58:21,d2a9245896b5fc36e6adbe341a5b003c312fec76,1b3f46fe235cb8a3eb9200228b2a836f10e86326,持卡人消费,15公寓浴池,-0.9,20.32,3005,正常
2016/05/31 11:07:22,d2a9245896b5fc36e6adbe341a5b003c312fec76,1b3f46fe235cb8a3eb9200228b2a836f10e86326,持卡人消费,学苑楼商务网关,-6.29,14.03,3006,正常
2016/05/31 11:10:25,d2a9245896b5fc36e6adbe341a5b003c312fec76,1b3f46fe235cb8a3eb9200228b2a836f10e86326,持卡人消费,学苑楼商务网关,-3.4,10.63,3007,正常
