交易发生时间,学号,姓名,交易类型,子系统名称,交易额,现有余额,次数,状态
2016/05/04 17:02:44,c823bc7e9e3d62abf4878365df690802bdbe8c5a,1b7dac95c1b2866b90601fb9feb979faa51f756b,持卡人消费,学士楼商务网关,-3.9,106.41,3671,正常
2016/05/04 19:43:28,c823bc7e9e3d62abf4878365df690802bdbe8c5a,1b7dac95c1b2866b90601fb9feb979faa51f756b,持卡人消费,15公寓浴池,-0.8,105.61,3673,正常
2016/05/04 19:50:01,c823bc7e9e3d62abf4878365df690802bdbe8c5a,1b7dac95c1b2866b90601fb9feb979faa51f756b,持卡人消费,15公寓浴池,-0.98,104.63,3675,正常
2016/05/04 20:01:04,c823bc7e9e3d62abf4878365df690802bdbe8c5a,1b7dac95c1b2866b90601fb9feb979faa51f756b,持卡人消费,15公寓浴池,-2.0,102.63,3676,正常
2016/05/04 20:17:23,c823bc7e9e3d62abf4878365df690802bdbe8c5a,1b7dac95c1b2866b90601fb9feb979faa51f756b,持卡人消费,15公寓浴池,-2.0,100.63,3677,正常
2016/05/04 20:19:56,c823bc7e9e3d62abf4878365df690802bdbe8c5a,1b7dac95c1b2866b90601fb9feb979faa51f756b,持卡人消费,15公寓浴池,-0.48,100.15,3679,正常
2016/05/05 12:00:16,c823bc7e9e3d62abf4878365df690802bdbe8c5a,1b7dac95c1b2866b90601fb9feb979faa51f756b,持卡人消费,学士楼商务网关,-10.6,89.55,3680,正常
2016/05/05 18:07:54,c823bc7e9e3d62abf4878365df690802bdbe8c5a,1b7dac95c1b2866b90601fb9feb979faa51f756b,持卡人消费,学士楼商务网关,-8.9,80.65,3681,正常
2016/05/05 20:01:38,c823bc7e9e3d62abf4878365df690802bdbe8c5a,1b7dac95c1b2866b90601fb9feb979faa51f756b,持卡人消费,硕果园（工大商店）,-7.0,73.65,3682,正常
2016/05/07 13:43:32,c823bc7e9e3d62abf4878365df690802bdbe8c5a,1b7dac95c1b2866b90601fb9feb979faa51f756b,持卡人消费,硕果园（工大商店）,-14.0,59.65,3683,正常
2016/05/07 13:44:49,c823bc7e9e3d62abf4878365df690802bdbe8c5a,1b7dac95c1b2866b90601fb9feb979faa51f756b,持卡人消费,硕果园（工大商店）,-5.0,54.65,3684,正常
2016/05/07 21:14:02,c823bc7e9e3d62abf4878365df690802bdbe8c5a,1b7dac95c1b2866b90601fb9feb979faa51f756b,持卡人消费,超市商务子系统,-5.0,49.65,3685,正常
2016/05/07 21:16:41,c823bc7e9e3d62abf4878365df690802bdbe8c5a,1b7dac95c1b2866b90601fb9feb979faa51f756b,持卡人消费,超市商务子系统,-6.0,43.65,3686,正常
2016/05/08 21:09:35,c823bc7e9e3d62abf4878365df690802bdbe8c5a,1b7dac95c1b2866b90601fb9feb979faa51f756b,持卡人消费,超市商务子系统,-4.7,38.95,3687,正常
2016/05/10 14:22:18,c823bc7e9e3d62abf4878365df690802bdbe8c5a,1b7dac95c1b2866b90601fb9feb979faa51f756b,持卡人消费,硕果园（工大商店）,-8.0,30.95,3688,正常
2016/05/12 21:39:43,c823bc7e9e3d62abf4878365df690802bdbe8c5a,1b7dac95c1b2866b90601fb9feb979faa51f756b,持卡人消费,学子超市园丁总店,-11.3,19.65,3689,正常
2016/05/15 17:24:20,c823bc7e9e3d62abf4878365df690802bdbe8c5a,1b7dac95c1b2866b90601fb9feb979faa51f756b,存款,学苑楼综合业务3,300.0,319.65,3690,正常
2016/05/15 17:25:01,c823bc7e9e3d62abf4878365df690802bdbe8c5a,1b7dac95c1b2866b90601fb9feb979faa51f756b,持卡人消费,学苑楼商务网关,-9.0,310.65,3691,正常
2016/05/15 17:29:40,c823bc7e9e3d62abf4878365df690802bdbe8c5a,1b7dac95c1b2866b90601fb9feb979faa51f756b,持卡人消费,学士楼商务网关,-5.9,304.75,3692,正常
2016/05/17 08:03:08,c823bc7e9e3d62abf4878365df690802bdbe8c5a,1b7dac95c1b2866b90601fb9feb979faa51f756b,持卡人消费,学士楼商务网关,-2.2,302.55,3693,正常
2016/05/17 11:36:34,c823bc7e9e3d62abf4878365df690802bdbe8c5a,1b7dac95c1b2866b90601fb9feb979faa51f756b,持卡人消费,学士楼商务网关,-5.8,296.75,3694,正常
2016/05/18 12:04:32,c823bc7e9e3d62abf4878365df690802bdbe8c5a,1b7dac95c1b2866b90601fb9feb979faa51f756b,持卡人消费,硕果园（工大商店）,-5.0,291.75,3695,正常
2016/05/18 12:05:48,c823bc7e9e3d62abf4878365df690802bdbe8c5a,1b7dac95c1b2866b90601fb9feb979faa51f756b,持卡人消费,硕果园（工大商店）,-14.0,277.75,3696,正常
2016/05/18 18:47:11,c823bc7e9e3d62abf4878365df690802bdbe8c5a,1b7dac95c1b2866b90601fb9feb979faa51f756b,持卡人消费,学子楼商务网关,-9.4,268.35,3697,正常
2016/05/18 19:54:13,c823bc7e9e3d62abf4878365df690802bdbe8c5a,1b7dac95c1b2866b90601fb9feb979faa51f756b,持卡人消费,15公寓浴池,-2.0,266.35,3698,正常
2016/05/18 20:01:43,c823bc7e9e3d62abf4878365df690802bdbe8c5a,1b7dac95c1b2866b90601fb9feb979faa51f756b,持卡人消费,15公寓浴池,-1.09,265.26,3700,正常
2016/05/18 20:15:56,c823bc7e9e3d62abf4878365df690802bdbe8c5a,1b7dac95c1b2866b90601fb9feb979faa51f756b,持卡人消费,15公寓浴池,-2.0,263.26,3701,正常
2016/05/19 11:22:20,c823bc7e9e3d62abf4878365df690802bdbe8c5a,1b7dac95c1b2866b90601fb9feb979faa51f756b,持卡人消费,学士楼商务网关,-7.4,255.86,3702,正常
2016/05/19 18:03:44,c823bc7e9e3d62abf4878365df690802bdbe8c5a,1b7dac95c1b2866b90601fb9feb979faa51f756b,持卡人消费,学子楼商务网关,-5.5,250.36,3703,正常
2016/05/19 20:53:20,c823bc7e9e3d62abf4878365df690802bdbe8c5a,1b7dac95c1b2866b90601fb9feb979faa51f756b,持卡人消费,超市商务子系统,-9.5,240.86,3704,正常
2016/05/20 17:17:14,c823bc7e9e3d62abf4878365df690802bdbe8c5a,1b7dac95c1b2866b90601fb9feb979faa51f756b,持卡人消费,学苑楼商务网关,-1.8,239.06,3705,正常
2016/05/20 17:18:19,c823bc7e9e3d62abf4878365df690802bdbe8c5a,1b7dac95c1b2866b90601fb9feb979faa51f756b,持卡人消费,学苑楼商务网关,-5.2,233.86,3706,正常
2016/05/21 06:30:38,c823bc7e9e3d62abf4878365df690802bdbe8c5a,1b7dac95c1b2866b90601fb9feb979faa51f756b,持卡人消费,硕果园（工大商店）,-10.0,223.86,3707,正常
2016/05/24 19:00:39,c823bc7e9e3d62abf4878365df690802bdbe8c5a,1b7dac95c1b2866b90601fb9feb979faa51f756b,持卡人消费,硕果园（工大商店）,-14.0,209.86,3708,正常
2016/05/24 20:02:45,c823bc7e9e3d62abf4878365df690802bdbe8c5a,1b7dac95c1b2866b90601fb9feb979faa51f756b,持卡人消费,学子超市园丁总店,-3.0,206.86,3709,正常
2016/05/25 17:49:08,c823bc7e9e3d62abf4878365df690802bdbe8c5a,1b7dac95c1b2866b90601fb9feb979faa51f756b,持卡人消费,硕果园（工大商店）,-8.0,198.86,3710,正常
2016/05/25 17:54:03,c823bc7e9e3d62abf4878365df690802bdbe8c5a,1b7dac95c1b2866b90601fb9feb979faa51f756b,持卡人消费,硕果园（工大商店）,-5.0,193.86,3711,正常
2016/05/26 14:38:22,c823bc7e9e3d62abf4878365df690802bdbe8c5a,1b7dac95c1b2866b90601fb9feb979faa51f756b,持卡人消费,硕果园（工大商店）,-6.0,187.86,3712,正常
2016/05/26 17:21:56,c823bc7e9e3d62abf4878365df690802bdbe8c5a,1b7dac95c1b2866b90601fb9feb979faa51f756b,持卡人消费,学子楼商务网关,-4.0,183.86,3713,正常
2016/05/27 17:32:27,c823bc7e9e3d62abf4878365df690802bdbe8c5a,1b7dac95c1b2866b90601fb9feb979faa51f756b,持卡人消费,学士楼商务网关,-9.1,174.76,3714,正常
2016/05/27 19:49:41,c823bc7e9e3d62abf4878365df690802bdbe8c5a,1b7dac95c1b2866b90601fb9feb979faa51f756b,持卡人消费,15公寓浴池,-2.0,172.76,3715,正常
2016/05/27 20:02:22,c823bc7e9e3d62abf4878365df690802bdbe8c5a,1b7dac95c1b2866b90601fb9feb979faa51f756b,持卡人消费,15公寓浴池,-2.0,170.76,3716,正常
2016/05/27 20:09:21,c823bc7e9e3d62abf4878365df690802bdbe8c5a,1b7dac95c1b2866b90601fb9feb979faa51f756b,持卡人消费,15公寓浴池,-0.48,170.28,3718,正常
2016/05/27 20:23:21,c823bc7e9e3d62abf4878365df690802bdbe8c5a,1b7dac95c1b2866b90601fb9feb979faa51f756b,持卡人消费,15公寓浴池,-2.0,168.28,3719,正常
2016/05/27 20:34:39,c823bc7e9e3d62abf4878365df690802bdbe8c5a,1b7dac95c1b2866b90601fb9feb979faa51f756b,持卡人消费,15公寓浴池,-1.79,166.49,3721,正常
2016/05/28 07:45:52,c823bc7e9e3d62abf4878365df690802bdbe8c5a,1b7dac95c1b2866b90601fb9feb979faa51f756b,持卡人消费,学士楼商务网关,-2.73,163.76,3722,正常
2016/05/28 17:22:23,c823bc7e9e3d62abf4878365df690802bdbe8c5a,1b7dac95c1b2866b90601fb9feb979faa51f756b,持卡人消费,学士楼商务网关,-9.9,153.86,3723,正常
2016/05/30 14:33:28,c823bc7e9e3d62abf4878365df690802bdbe8c5a,1b7dac95c1b2866b90601fb9feb979faa51f756b,持卡人消费,网络中心,-30.0,123.86,3724,正常
2016/05/30 19:41:09,c823bc7e9e3d62abf4878365df690802bdbe8c5a,1b7dac95c1b2866b90601fb9feb979faa51f756b,持卡人消费,超市商务子系统,-14.8,109.06,3725,正常
2016/05/30 19:43:12,c823bc7e9e3d62abf4878365df690802bdbe8c5a,1b7dac95c1b2866b90601fb9feb979faa51f756b,持卡人消费,超市商务子系统,-8.0,101.06,3726,正常
2016/05/30 19:47:06,c823bc7e9e3d62abf4878365df690802bdbe8c5a,1b7dac95c1b2866b90601fb9feb979faa51f756b,持卡人消费,硕果园（工大商店）,-14.0,87.06,3727,正常
2016/05/31 08:15:11,c823bc7e9e3d62abf4878365df690802bdbe8c5a,1b7dac95c1b2866b90601fb9feb979faa51f756b,持卡人消费,学士楼商务网关,-0.93,86.13,3728,正常
2016/05/31 11:57:01,c823bc7e9e3d62abf4878365df690802bdbe8c5a,1b7dac95c1b2866b90601fb9feb979faa51f756b,持卡人消费,学士楼商务网关,-8.6,77.53,3729,正常
