交易发生时间,学号,姓名,交易类型,子系统名称,交易额,现有余额,次数,状态
2016/05/05 07:17:16,316be0e3d62e6c079fa67af9ef035fc6e765c07f,1c04da6a10eb75886446fa285fec9f7bc6248d52,持卡人消费,学士楼商务网关,-3.5,24.88,4203,正常
2016/05/05 07:18:46,316be0e3d62e6c079fa67af9ef035fc6e765c07f,1c04da6a10eb75886446fa285fec9f7bc6248d52,持卡人消费,学士楼商务网关,-0.6,24.28,4204,正常
2016/05/05 10:51:57,316be0e3d62e6c079fa67af9ef035fc6e765c07f,1c04da6a10eb75886446fa285fec9f7bc6248d52,持卡人消费,学士楼商务网关,-8.0,16.28,4205,正常
2016/05/05 10:52:31,316be0e3d62e6c079fa67af9ef035fc6e765c07f,1c04da6a10eb75886446fa285fec9f7bc6248d52,银行转帐,转账前置机,50.0,16.28,4205,正常
2016/05/05 10:53:15,316be0e3d62e6c079fa67af9ef035fc6e765c07f,1c04da6a10eb75886446fa285fec9f7bc6248d52,持卡人消费,学士楼商务网关,-1.7,14.58,4206,正常
2016/05/05 10:54:49,316be0e3d62e6c079fa67af9ef035fc6e765c07f,1c04da6a10eb75886446fa285fec9f7bc6248d52,持卡人消费,学士楼商务网关,-2.0,62.58,4208,正常
2016/05/05 17:34:36,316be0e3d62e6c079fa67af9ef035fc6e765c07f,1c04da6a10eb75886446fa285fec9f7bc6248d52,持卡人消费,学苑楼商务网关,-6.0,56.58,4209,正常
2016/05/05 17:37:53,316be0e3d62e6c079fa67af9ef035fc6e765c07f,1c04da6a10eb75886446fa285fec9f7bc6248d52,持卡人消费,学苑楼商务网关,-1.5,55.08,4210,正常
2016/05/06 11:49:23,316be0e3d62e6c079fa67af9ef035fc6e765c07f,1c04da6a10eb75886446fa285fec9f7bc6248d52,持卡人消费,学士楼商务网关,-7.7,47.38,4211,正常
2016/05/06 17:18:28,316be0e3d62e6c079fa67af9ef035fc6e765c07f,1c04da6a10eb75886446fa285fec9f7bc6248d52,持卡人消费,超市商务子系统,-6.0,41.38,4212,正常
2016/05/07 17:49:45,316be0e3d62e6c079fa67af9ef035fc6e765c07f,1c04da6a10eb75886446fa285fec9f7bc6248d52,持卡人消费,超市商务子系统,-3.4,37.98,4213,正常
2016/05/08 11:42:35,316be0e3d62e6c079fa67af9ef035fc6e765c07f,1c04da6a10eb75886446fa285fec9f7bc6248d52,持卡人消费,学苑楼商务网关,-7.9,30.08,4214,正常
2016/05/08 17:28:27,316be0e3d62e6c079fa67af9ef035fc6e765c07f,1c04da6a10eb75886446fa285fec9f7bc6248d52,持卡人消费,学士楼商务网关,-11.7,18.38,4215,正常
2016/05/08 17:30:24,316be0e3d62e6c079fa67af9ef035fc6e765c07f,1c04da6a10eb75886446fa285fec9f7bc6248d52,银行转帐,转账前置机,50.0,18.38,4215,正常
2016/05/08 17:30:59,316be0e3d62e6c079fa67af9ef035fc6e765c07f,1c04da6a10eb75886446fa285fec9f7bc6248d52,存款,现金充值机,100.0,118.38,4216,正常
2016/05/08 17:52:11,316be0e3d62e6c079fa67af9ef035fc6e765c07f,1c04da6a10eb75886446fa285fec9f7bc6248d52,持卡人消费,网络中心,-30.0,88.38,4217,正常
2016/05/09 11:25:00,316be0e3d62e6c079fa67af9ef035fc6e765c07f,1c04da6a10eb75886446fa285fec9f7bc6248d52,持卡人消费,学苑楼商务网关,-4.0,134.38,4219,正常
2016/05/09 11:25:33,316be0e3d62e6c079fa67af9ef035fc6e765c07f,1c04da6a10eb75886446fa285fec9f7bc6248d52,持卡人消费,学苑楼商务网关,-0.6,133.78,4220,正常
2016/05/09 17:05:53,316be0e3d62e6c079fa67af9ef035fc6e765c07f,1c04da6a10eb75886446fa285fec9f7bc6248d52,持卡人消费,学苑楼商务网关,-6.0,127.78,4221,正常
2016/05/09 17:07:01,316be0e3d62e6c079fa67af9ef035fc6e765c07f,1c04da6a10eb75886446fa285fec9f7bc6248d52,持卡人消费,学苑楼商务网关,-1.5,126.28,4222,正常
2016/05/10 11:15:15,316be0e3d62e6c079fa67af9ef035fc6e765c07f,1c04da6a10eb75886446fa285fec9f7bc6248d52,持卡人消费,学士楼商务网关,-9.5,116.78,4223,正常
2016/05/11 11:42:22,316be0e3d62e6c079fa67af9ef035fc6e765c07f,1c04da6a10eb75886446fa285fec9f7bc6248d52,持卡人消费,学苑楼商务网关,-6.0,110.78,4224,正常
2016/05/11 11:43:40,316be0e3d62e6c079fa67af9ef035fc6e765c07f,1c04da6a10eb75886446fa285fec9f7bc6248d52,持卡人消费,学苑楼商务网关,-1.5,109.28,4225,正常
2016/05/11 14:18:42,316be0e3d62e6c079fa67af9ef035fc6e765c07f,1c04da6a10eb75886446fa285fec9f7bc6248d52,持卡人消费,超市商务子系统,-4.2,105.08,4226,正常
2016/05/11 17:16:24,316be0e3d62e6c079fa67af9ef035fc6e765c07f,1c04da6a10eb75886446fa285fec9f7bc6248d52,持卡人消费,学苑楼商务网关,-4.3,100.78,4227,正常
2016/05/11 17:17:05,316be0e3d62e6c079fa67af9ef035fc6e765c07f,1c04da6a10eb75886446fa285fec9f7bc6248d52,持卡人消费,学苑楼商务网关,-1.5,99.28,4228,正常
2016/05/11 19:33:34,316be0e3d62e6c079fa67af9ef035fc6e765c07f,1c04da6a10eb75886446fa285fec9f7bc6248d52,持卡人消费,超市商务子系统,-3.8,95.48,4229,正常
2016/05/12 11:20:42,316be0e3d62e6c079fa67af9ef035fc6e765c07f,1c04da6a10eb75886446fa285fec9f7bc6248d52,持卡人消费,学士楼商务网关,-7.2,88.28,4230,正常
2016/05/12 17:10:20,316be0e3d62e6c079fa67af9ef035fc6e765c07f,1c04da6a10eb75886446fa285fec9f7bc6248d52,持卡人消费,学士楼商务网关,-10.0,78.28,4231,正常
2016/05/12 17:12:05,316be0e3d62e6c079fa67af9ef035fc6e765c07f,1c04da6a10eb75886446fa285fec9f7bc6248d52,持卡人消费,学士楼商务网关,-0.9,77.38,4232,正常
2016/05/12 19:53:29,316be0e3d62e6c079fa67af9ef035fc6e765c07f,1c04da6a10eb75886446fa285fec9f7bc6248d52,持卡人消费,一校区水控新,-2.0,75.38,4233,正常
2016/05/12 19:55:16,316be0e3d62e6c079fa67af9ef035fc6e765c07f,1c04da6a10eb75886446fa285fec9f7bc6248d52,持卡人消费,一校区水控新,-0.32,75.06,4235,正常
2016/05/12 19:57:42,316be0e3d62e6c079fa67af9ef035fc6e765c07f,1c04da6a10eb75886446fa285fec9f7bc6248d52,持卡人消费,一校区水控新,-0.37,74.69,4237,正常
2016/05/13 11:28:11,316be0e3d62e6c079fa67af9ef035fc6e765c07f,1c04da6a10eb75886446fa285fec9f7bc6248d52,持卡人消费,学苑楼商务网关,-8.0,66.69,4238,正常
2016/05/13 11:29:28,316be0e3d62e6c079fa67af9ef035fc6e765c07f,1c04da6a10eb75886446fa285fec9f7bc6248d52,持卡人消费,学苑楼商务网关,-1.5,65.19,4239,正常
2016/05/13 12:01:30,316be0e3d62e6c079fa67af9ef035fc6e765c07f,1c04da6a10eb75886446fa285fec9f7bc6248d52,持卡人消费,A7,-3.0,62.19,4240,正常
2016/05/13 17:01:11,316be0e3d62e6c079fa67af9ef035fc6e765c07f,1c04da6a10eb75886446fa285fec9f7bc6248d52,持卡人消费,学苑楼商务网关,-8.0,54.19,4241,正常
2016/05/13 21:43:31,316be0e3d62e6c079fa67af9ef035fc6e765c07f,1c04da6a10eb75886446fa285fec9f7bc6248d52,持卡人消费,超市商务子系统,-2.9,51.29,4242,正常
2016/05/13 21:45:50,316be0e3d62e6c079fa67af9ef035fc6e765c07f,1c04da6a10eb75886446fa285fec9f7bc6248d52,持卡人消费,超市商务子系统,-4.0,47.29,4243,正常
2016/05/14 11:28:57,316be0e3d62e6c079fa67af9ef035fc6e765c07f,1c04da6a10eb75886446fa285fec9f7bc6248d52,持卡人消费,学士楼商务网关,-6.0,41.29,4244,正常
2016/05/14 11:30:03,316be0e3d62e6c079fa67af9ef035fc6e765c07f,1c04da6a10eb75886446fa285fec9f7bc6248d52,持卡人消费,学士楼商务网关,-6.0,35.29,4245,正常
2016/05/15 07:35:07,316be0e3d62e6c079fa67af9ef035fc6e765c07f,1c04da6a10eb75886446fa285fec9f7bc6248d52,持卡人消费,学士楼商务网关,-3.1,32.19,4246,正常
2016/05/15 11:57:07,316be0e3d62e6c079fa67af9ef035fc6e765c07f,1c04da6a10eb75886446fa285fec9f7bc6248d52,持卡人消费,学苑楼商务网关,-6.0,26.19,4247,正常
2016/05/15 18:27:07,316be0e3d62e6c079fa67af9ef035fc6e765c07f,1c04da6a10eb75886446fa285fec9f7bc6248d52,持卡人消费,超市商务子系统,-3.4,22.79,4248,正常
2016/05/16 11:30:01,316be0e3d62e6c079fa67af9ef035fc6e765c07f,1c04da6a10eb75886446fa285fec9f7bc6248d52,持卡人消费,学士楼商务网关,-8.2,14.59,4249,正常
2016/05/16 17:14:16,316be0e3d62e6c079fa67af9ef035fc6e765c07f,1c04da6a10eb75886446fa285fec9f7bc6248d52,持卡人消费,学苑楼商务网关,-6.0,8.59,4250,正常
2016/05/16 17:17:56,316be0e3d62e6c079fa67af9ef035fc6e765c07f,1c04da6a10eb75886446fa285fec9f7bc6248d52,持卡人消费,学苑楼商务网关,-1.5,7.09,4251,正常
2016/05/16 17:17:17,316be0e3d62e6c079fa67af9ef035fc6e765c07f,1c04da6a10eb75886446fa285fec9f7bc6248d52,存款,现金充值机,100.0,107.09,4252,正常
2016/05/17 13:17:59,316be0e3d62e6c079fa67af9ef035fc6e765c07f,1c04da6a10eb75886446fa285fec9f7bc6248d52,持卡人消费,超市商务子系统,-2.5,104.59,4253,正常
2016/05/17 17:21:22,316be0e3d62e6c079fa67af9ef035fc6e765c07f,1c04da6a10eb75886446fa285fec9f7bc6248d52,持卡人消费,学苑楼商务网关,-7.0,97.59,4254,正常
2016/05/17 17:22:48,316be0e3d62e6c079fa67af9ef035fc6e765c07f,1c04da6a10eb75886446fa285fec9f7bc6248d52,持卡人消费,学苑楼商务网关,-1.5,96.09,4255,正常
2016/05/18 11:33:52,316be0e3d62e6c079fa67af9ef035fc6e765c07f,1c04da6a10eb75886446fa285fec9f7bc6248d52,持卡人消费,学苑楼商务网关,-8.0,88.09,4256,正常
2016/05/18 11:35:17,316be0e3d62e6c079fa67af9ef035fc6e765c07f,1c04da6a10eb75886446fa285fec9f7bc6248d52,持卡人消费,学苑楼商务网关,-1.5,86.59,4257,正常
2016/05/18 17:11:48,316be0e3d62e6c079fa67af9ef035fc6e765c07f,1c04da6a10eb75886446fa285fec9f7bc6248d52,持卡人消费,学士楼商务网关,-5.2,81.39,4258,正常
2016/05/18 20:21:35,316be0e3d62e6c079fa67af9ef035fc6e765c07f,1c04da6a10eb75886446fa285fec9f7bc6248d52,持卡人消费,一校区水控新,-2.0,79.39,4259,正常
2016/05/18 20:21:46,316be0e3d62e6c079fa67af9ef035fc6e765c07f,1c04da6a10eb75886446fa285fec9f7bc6248d52,持卡人消费,一校区水控新,-0.02,79.37,4261,正常
2016/05/18 20:25:11,316be0e3d62e6c079fa67af9ef035fc6e765c07f,1c04da6a10eb75886446fa285fec9f7bc6248d52,持卡人消费,一校区水控新,-0.51,78.86,4263,正常
2016/05/18 20:58:16,316be0e3d62e6c079fa67af9ef035fc6e765c07f,1c04da6a10eb75886446fa285fec9f7bc6248d52,持卡人消费,超市商务子系统,-3.4,75.46,4264,正常
2016/05/18 20:59:24,316be0e3d62e6c079fa67af9ef035fc6e765c07f,1c04da6a10eb75886446fa285fec9f7bc6248d52,持卡人消费,超市商务子系统,-2.5,72.96,4265,正常
2016/05/19 11:35:24,316be0e3d62e6c079fa67af9ef035fc6e765c07f,1c04da6a10eb75886446fa285fec9f7bc6248d52,持卡人消费,学苑楼商务网关,-8.0,64.96,4266,正常
2016/05/19 11:36:56,316be0e3d62e6c079fa67af9ef035fc6e765c07f,1c04da6a10eb75886446fa285fec9f7bc6248d52,持卡人消费,学苑楼商务网关,-1.5,63.46,4267,正常
2016/05/19 14:54:19,316be0e3d62e6c079fa67af9ef035fc6e765c07f,1c04da6a10eb75886446fa285fec9f7bc6248d52,持卡人消费,超市商务子系统,-3.4,60.06,4268,正常
2016/05/19 17:29:57,316be0e3d62e6c079fa67af9ef035fc6e765c07f,1c04da6a10eb75886446fa285fec9f7bc6248d52,持卡人消费,学士楼商务网关,-6.2,53.86,4269,正常
2016/05/20 11:26:36,316be0e3d62e6c079fa67af9ef035fc6e765c07f,1c04da6a10eb75886446fa285fec9f7bc6248d52,持卡人消费,学苑楼商务网关,-8.8,45.06,4270,正常
2016/05/20 11:28:03,316be0e3d62e6c079fa67af9ef035fc6e765c07f,1c04da6a10eb75886446fa285fec9f7bc6248d52,持卡人消费,学苑楼商务网关,-1.5,43.56,4271,正常
2016/05/20 11:46:07,316be0e3d62e6c079fa67af9ef035fc6e765c07f,1c04da6a10eb75886446fa285fec9f7bc6248d52,持卡人消费,超市商务子系统,-5.2,38.36,4272,正常
2016/05/20 13:48:04,316be0e3d62e6c079fa67af9ef035fc6e765c07f,1c04da6a10eb75886446fa285fec9f7bc6248d52,持卡人消费,超市商务子系统,-3.8,34.56,4273,正常
2016/05/20 17:09:42,316be0e3d62e6c079fa67af9ef035fc6e765c07f,1c04da6a10eb75886446fa285fec9f7bc6248d52,持卡人消费,学苑楼商务网关,-8.8,25.76,4274,正常
2016/05/21 12:05:21,316be0e3d62e6c079fa67af9ef035fc6e765c07f,1c04da6a10eb75886446fa285fec9f7bc6248d52,持卡人消费,超市商务子系统,-8.6,17.16,4275,正常
2016/05/21 12:08:50,316be0e3d62e6c079fa67af9ef035fc6e765c07f,1c04da6a10eb75886446fa285fec9f7bc6248d52,银行转帐,转账前置机,50.0,17.16,4275,正常
2016/05/22 12:46:38,316be0e3d62e6c079fa67af9ef035fc6e765c07f,1c04da6a10eb75886446fa285fec9f7bc6248d52,持卡人消费,硕果园（工大商店）,-9.0,58.16,4277,正常
2016/05/22 12:56:07,316be0e3d62e6c079fa67af9ef035fc6e765c07f,1c04da6a10eb75886446fa285fec9f7bc6248d52,持卡人消费,硕果园（工大商店）,-2.5,55.66,4278,正常
2016/05/22 17:15:49,316be0e3d62e6c079fa67af9ef035fc6e765c07f,1c04da6a10eb75886446fa285fec9f7bc6248d52,持卡人消费,学士楼商务网关,-7.7,47.96,4279,正常
2016/05/23 17:26:27,316be0e3d62e6c079fa67af9ef035fc6e765c07f,1c04da6a10eb75886446fa285fec9f7bc6248d52,持卡人消费,学士楼商务网关,-5.0,42.96,4280,正常
2016/05/23 20:02:54,316be0e3d62e6c079fa67af9ef035fc6e765c07f,1c04da6a10eb75886446fa285fec9f7bc6248d52,持卡人消费,一校区水控新,-1.5,41.46,4282,正常
2016/05/23 20:06:33,316be0e3d62e6c079fa67af9ef035fc6e765c07f,1c04da6a10eb75886446fa285fec9f7bc6248d52,持卡人消费,一校区水控新,-0.64,40.82,4284,正常
2016/05/24 13:26:44,316be0e3d62e6c079fa67af9ef035fc6e765c07f,1c04da6a10eb75886446fa285fec9f7bc6248d52,持卡人消费,超市商务子系统,-3.9,36.92,4285,正常
2016/05/24 17:54:00,316be0e3d62e6c079fa67af9ef035fc6e765c07f,1c04da6a10eb75886446fa285fec9f7bc6248d52,持卡人消费,学苑楼商务网关,-9.0,27.92,4286,正常
2016/05/25 11:14:52,316be0e3d62e6c079fa67af9ef035fc6e765c07f,1c04da6a10eb75886446fa285fec9f7bc6248d52,持卡人消费,学苑楼商务网关,-6.0,21.92,4287,正常
2016/05/25 11:20:18,316be0e3d62e6c079fa67af9ef035fc6e765c07f,1c04da6a10eb75886446fa285fec9f7bc6248d52,持卡人消费,学苑楼商务网关,-1.5,20.42,4288,正常
2016/05/25 17:25:54,316be0e3d62e6c079fa67af9ef035fc6e765c07f,1c04da6a10eb75886446fa285fec9f7bc6248d52,持卡人消费,学士楼商务网关,-11.5,8.92,4289,正常
2016/05/25 17:28:54,316be0e3d62e6c079fa67af9ef035fc6e765c07f,1c04da6a10eb75886446fa285fec9f7bc6248d52,银行转帐,转账前置机,50.0,8.92,4289,正常
2016/05/26 13:24:56,316be0e3d62e6c079fa67af9ef035fc6e765c07f,1c04da6a10eb75886446fa285fec9f7bc6248d52,持卡人消费,超市商务子系统,-8.5,50.42,4291,正常
2016/05/26 17:34:22,316be0e3d62e6c079fa67af9ef035fc6e765c07f,1c04da6a10eb75886446fa285fec9f7bc6248d52,持卡人消费,学苑楼商务网关,-6.0,44.42,4292,正常
2016/05/26 17:36:31,316be0e3d62e6c079fa67af9ef035fc6e765c07f,1c04da6a10eb75886446fa285fec9f7bc6248d52,持卡人消费,学苑楼商务网关,-1.5,42.92,4293,正常
2016/05/27 12:02:21,316be0e3d62e6c079fa67af9ef035fc6e765c07f,1c04da6a10eb75886446fa285fec9f7bc6248d52,持卡人消费,学苑楼商务网关,-4.8,38.12,4294,正常
2016/05/27 12:02:37,316be0e3d62e6c079fa67af9ef035fc6e765c07f,1c04da6a10eb75886446fa285fec9f7bc6248d52,持卡人消费,学苑楼商务网关,-5.0,33.12,4295,正常
2016/05/27 17:15:12,316be0e3d62e6c079fa67af9ef035fc6e765c07f,1c04da6a10eb75886446fa285fec9f7bc6248d52,持卡人消费,学苑楼商务网关,-4.0,29.12,4296,正常
2016/05/27 17:15:38,316be0e3d62e6c079fa67af9ef035fc6e765c07f,1c04da6a10eb75886446fa285fec9f7bc6248d52,持卡人消费,学苑楼商务网关,-0.8,28.32,4297,正常
2016/05/27 18:26:56,316be0e3d62e6c079fa67af9ef035fc6e765c07f,1c04da6a10eb75886446fa285fec9f7bc6248d52,持卡人消费,A7,-3.0,25.32,4298,正常
2016/05/28 11:26:31,316be0e3d62e6c079fa67af9ef035fc6e765c07f,1c04da6a10eb75886446fa285fec9f7bc6248d52,持卡人消费,学苑楼商务网关,-6.0,19.32,4299,正常
2016/05/28 11:27:44,316be0e3d62e6c079fa67af9ef035fc6e765c07f,1c04da6a10eb75886446fa285fec9f7bc6248d52,持卡人消费,学苑楼商务网关,-1.5,17.82,4300,正常
2016/05/28 11:30:08,316be0e3d62e6c079fa67af9ef035fc6e765c07f,1c04da6a10eb75886446fa285fec9f7bc6248d52,银行转帐,转账前置机,50.0,17.82,4300,正常
2016/05/28 17:13:34,316be0e3d62e6c079fa67af9ef035fc6e765c07f,1c04da6a10eb75886446fa285fec9f7bc6248d52,持卡人消费,学士楼商务网关,-4.6,63.22,4302,正常
2016/05/28 17:13:49,316be0e3d62e6c079fa67af9ef035fc6e765c07f,1c04da6a10eb75886446fa285fec9f7bc6248d52,持卡人消费,学士楼商务网关,-4.6,58.62,4303,正常
2016/05/28 17:15:36,316be0e3d62e6c079fa67af9ef035fc6e765c07f,1c04da6a10eb75886446fa285fec9f7bc6248d52,持卡人消费,学士楼商务网关,-2.0,56.62,4304,正常
2016/05/28 17:41:31,316be0e3d62e6c079fa67af9ef035fc6e765c07f,1c04da6a10eb75886446fa285fec9f7bc6248d52,持卡人消费,硕果园（工大商店）,-8.7,47.92,4305,正常
2016/05/29 18:00:12,316be0e3d62e6c079fa67af9ef035fc6e765c07f,1c04da6a10eb75886446fa285fec9f7bc6248d52,持卡人消费,学苑楼商务网关,-8.0,39.92,4306,正常
2016/05/29 18:01:15,316be0e3d62e6c079fa67af9ef035fc6e765c07f,1c04da6a10eb75886446fa285fec9f7bc6248d52,持卡人消费,学苑楼商务网关,-1.5,38.42,4307,正常
2016/05/30 11:49:07,316be0e3d62e6c079fa67af9ef035fc6e765c07f,1c04da6a10eb75886446fa285fec9f7bc6248d52,持卡人消费,超市商务子系统,-3.4,35.02,4308,正常
2016/05/30 17:17:06,316be0e3d62e6c079fa67af9ef035fc6e765c07f,1c04da6a10eb75886446fa285fec9f7bc6248d52,持卡人消费,学苑楼商务网关,-6.0,29.02,4309,正常
2016/05/30 17:18:49,316be0e3d62e6c079fa67af9ef035fc6e765c07f,1c04da6a10eb75886446fa285fec9f7bc6248d52,持卡人消费,学苑楼商务网关,-1.5,27.52,4310,正常
2016/05/31 11:16:06,316be0e3d62e6c079fa67af9ef035fc6e765c07f,1c04da6a10eb75886446fa285fec9f7bc6248d52,持卡人消费,学士楼商务网关,-4.8,22.72,4311,正常
2016/05/31 11:47:39,316be0e3d62e6c079fa67af9ef035fc6e765c07f,1c04da6a10eb75886446fa285fec9f7bc6248d52,持卡人消费,超市商务子系统,-8.5,14.22,4312,正常
2016/05/31 11:55:45,316be0e3d62e6c079fa67af9ef035fc6e765c07f,1c04da6a10eb75886446fa285fec9f7bc6248d52,银行转帐,转账前置机,50.0,14.22,4312,正常
2016/05/31 17:22:34,316be0e3d62e6c079fa67af9ef035fc6e765c07f,1c04da6a10eb75886446fa285fec9f7bc6248d52,持卡人消费,一校区水控新,-2.0,12.22,4313,正常
2016/05/31 17:23:55,316be0e3d62e6c079fa67af9ef035fc6e765c07f,1c04da6a10eb75886446fa285fec9f7bc6248d52,持卡人消费,一校区水控新,-0.24,11.98,4315,正常
2016/05/31 17:27:39,316be0e3d62e6c079fa67af9ef035fc6e765c07f,1c04da6a10eb75886446fa285fec9f7bc6248d52,持卡人消费,一校区水控新,-0.62,11.36,4317,正常
