交易发生时间,学号,姓名,交易类型,子系统名称,交易额,现有余额,次数,状态
2016/05/02 11:43:03,9c12788bfd6abcabb2d873369642651fb522104e,1c15936b5964487f9fc2626fe9683fc3fcd9fb82,存款,现金充值机,100.0,102.76,4643,正常
2016/05/02 11:47:04,9c12788bfd6abcabb2d873369642651fb522104e,1c15936b5964487f9fc2626fe9683fc3fcd9fb82,持卡人消费,四食堂商务网关,-8.0,94.76,4644,正常
2016/05/02 11:51:31,9c12788bfd6abcabb2d873369642651fb522104e,1c15936b5964487f9fc2626fe9683fc3fcd9fb82,持卡人消费,四食堂商务网关,-3.0,91.76,4645,正常
2016/05/03 11:12:38,9c12788bfd6abcabb2d873369642651fb522104e,1c15936b5964487f9fc2626fe9683fc3fcd9fb82,持卡人消费,九食堂商务网关,-1.0,90.76,4646,正常
2016/05/03 11:16:39,9c12788bfd6abcabb2d873369642651fb522104e,1c15936b5964487f9fc2626fe9683fc3fcd9fb82,持卡人消费,九食堂商务网关,-12.0,78.76,4647,正常
2016/05/03 17:29:12,9c12788bfd6abcabb2d873369642651fb522104e,1c15936b5964487f9fc2626fe9683fc3fcd9fb82,持卡人消费,九食堂商务网关,-9.0,69.76,4648,正常
2016/05/03 21:40:13,9c12788bfd6abcabb2d873369642651fb522104e,1c15936b5964487f9fc2626fe9683fc3fcd9fb82,持卡人消费,学子便利店B07,-5.0,64.76,4649,正常
2016/05/03 22:32:39,9c12788bfd6abcabb2d873369642651fb522104e,1c15936b5964487f9fc2626fe9683fc3fcd9fb82,持卡人消费,学子便利店B07,-2.0,62.76,4650,正常
2016/05/04 11:11:08,9c12788bfd6abcabb2d873369642651fb522104e,1c15936b5964487f9fc2626fe9683fc3fcd9fb82,持卡人消费,B7,-3.0,59.76,4651,正常
2016/05/04 11:18:30,9c12788bfd6abcabb2d873369642651fb522104e,1c15936b5964487f9fc2626fe9683fc3fcd9fb82,持卡人消费,九食堂商务网关,-11.0,48.76,4652,正常
2016/05/04 11:41:45,9c12788bfd6abcabb2d873369642651fb522104e,1c15936b5964487f9fc2626fe9683fc3fcd9fb82,持卡人消费,九食堂商务网关,-3.0,45.76,4653,正常
2016/05/04 21:28:38,9c12788bfd6abcabb2d873369642651fb522104e,1c15936b5964487f9fc2626fe9683fc3fcd9fb82,持卡人消费,学子便利店B05,-8.0,37.76,4654,正常
2016/05/05 07:12:36,9c12788bfd6abcabb2d873369642651fb522104e,1c15936b5964487f9fc2626fe9683fc3fcd9fb82,持卡人消费,九食堂商务网关,-2.0,35.76,4655,正常
2016/05/05 07:12:46,9c12788bfd6abcabb2d873369642651fb522104e,1c15936b5964487f9fc2626fe9683fc3fcd9fb82,持卡人消费,九食堂商务网关,-0.5,35.26,4656,正常
2016/05/05 07:13:59,9c12788bfd6abcabb2d873369642651fb522104e,1c15936b5964487f9fc2626fe9683fc3fcd9fb82,持卡人消费,九食堂商务网关,-1.0,34.26,4657,正常
2016/05/05 07:14:36,9c12788bfd6abcabb2d873369642651fb522104e,1c15936b5964487f9fc2626fe9683fc3fcd9fb82,持卡人消费,九食堂商务网关,-0.2,34.06,4658,正常
2016/05/05 12:12:11,9c12788bfd6abcabb2d873369642651fb522104e,1c15936b5964487f9fc2626fe9683fc3fcd9fb82,持卡人消费,九食堂商务网关,-10.0,24.06,4659,正常
2016/05/05 12:13:16,9c12788bfd6abcabb2d873369642651fb522104e,1c15936b5964487f9fc2626fe9683fc3fcd9fb82,持卡人消费,九食堂商务网关,-4.0,20.06,4660,正常
2016/05/05 19:53:50,9c12788bfd6abcabb2d873369642651fb522104e,1c15936b5964487f9fc2626fe9683fc3fcd9fb82,持卡人消费,二区水控,-2.74,17.32,4662,正常
2016/05/06 11:49:50,9c12788bfd6abcabb2d873369642651fb522104e,1c15936b5964487f9fc2626fe9683fc3fcd9fb82,持卡人消费,九食堂商务网关,-10.0,7.32,4663,正常
2016/05/06 11:50:41,9c12788bfd6abcabb2d873369642651fb522104e,1c15936b5964487f9fc2626fe9683fc3fcd9fb82,持卡人消费,九食堂商务网关,-3.0,4.32,4664,正常
2016/05/07 12:05:54,9c12788bfd6abcabb2d873369642651fb522104e,1c15936b5964487f9fc2626fe9683fc3fcd9fb82,存款,2区卡中心综合业务,100.0,104.32,4665,正常
2016/05/07 12:07:02,9c12788bfd6abcabb2d873369642651fb522104e,1c15936b5964487f9fc2626fe9683fc3fcd9fb82,持卡人消费,九食堂商务网关,-3.0,101.32,4666,正常
2016/05/07 17:21:52,9c12788bfd6abcabb2d873369642651fb522104e,1c15936b5964487f9fc2626fe9683fc3fcd9fb82,持卡人消费,B7,-3.0,98.32,4667,正常
2016/05/07 17:23:18,9c12788bfd6abcabb2d873369642651fb522104e,1c15936b5964487f9fc2626fe9683fc3fcd9fb82,持卡人消费,学子便利店B07,-2.2,96.12,4668,正常
2016/05/08 11:41:04,9c12788bfd6abcabb2d873369642651fb522104e,1c15936b5964487f9fc2626fe9683fc3fcd9fb82,持卡人消费,九食堂商务网关,-12.0,84.12,4669,正常
2016/05/08 11:42:01,9c12788bfd6abcabb2d873369642651fb522104e,1c15936b5964487f9fc2626fe9683fc3fcd9fb82,持卡人消费,九食堂商务网关,-3.0,81.12,4670,正常
2016/05/08 14:43:32,9c12788bfd6abcabb2d873369642651fb522104e,1c15936b5964487f9fc2626fe9683fc3fcd9fb82,持卡人消费,二区水控,-3.0,78.12,4671,正常
2016/05/08 14:47:52,9c12788bfd6abcabb2d873369642651fb522104e,1c15936b5964487f9fc2626fe9683fc3fcd9fb82,持卡人消费,二区水控,-0.6,77.52,4672,正常
2016/05/08 21:27:21,9c12788bfd6abcabb2d873369642651fb522104e,1c15936b5964487f9fc2626fe9683fc3fcd9fb82,持卡人消费,学子便利店B07,-2.0,75.52,4673,正常
2016/05/09 11:20:26,9c12788bfd6abcabb2d873369642651fb522104e,1c15936b5964487f9fc2626fe9683fc3fcd9fb82,持卡人消费,九食堂商务网关,-9.0,66.52,4674,正常
2016/05/09 15:17:47,9c12788bfd6abcabb2d873369642651fb522104e,1c15936b5964487f9fc2626fe9683fc3fcd9fb82,持卡人消费,二区水控,-2.72,63.80,4676,正常
2016/05/09 15:29:01,9c12788bfd6abcabb2d873369642651fb522104e,1c15936b5964487f9fc2626fe9683fc3fcd9fb82,持卡人消费,B7,-9.0,54.80,4677,正常
2016/05/09 15:31:45,9c12788bfd6abcabb2d873369642651fb522104e,1c15936b5964487f9fc2626fe9683fc3fcd9fb82,持卡人消费,学子便利店B07,-6.2,48.60,4678,正常
2016/05/09 16:26:51,9c12788bfd6abcabb2d873369642651fb522104e,1c15936b5964487f9fc2626fe9683fc3fcd9fb82,存款,现金充值机,50.0,98.60,4679,正常
2016/05/09 17:07:44,9c12788bfd6abcabb2d873369642651fb522104e,1c15936b5964487f9fc2626fe9683fc3fcd9fb82,持卡人消费,九食堂商务网关,-9.0,89.60,4680,正常
2016/05/09 17:11:05,9c12788bfd6abcabb2d873369642651fb522104e,1c15936b5964487f9fc2626fe9683fc3fcd9fb82,持卡人消费,九食堂商务网关,-3.0,86.60,4681,正常
2016/05/10 11:20:21,9c12788bfd6abcabb2d873369642651fb522104e,1c15936b5964487f9fc2626fe9683fc3fcd9fb82,持卡人消费,九食堂商务网关,-14.0,72.60,4682,正常
2016/05/10 21:57:49,9c12788bfd6abcabb2d873369642651fb522104e,1c15936b5964487f9fc2626fe9683fc3fcd9fb82,持卡人消费,学子便利店B05,-4.0,68.60,4683,正常
2016/05/11 10:13:15,9c12788bfd6abcabb2d873369642651fb522104e,1c15936b5964487f9fc2626fe9683fc3fcd9fb82,持卡人消费,学子便利店B07,-5.2,63.40,4684,正常
2016/05/11 10:47:52,9c12788bfd6abcabb2d873369642651fb522104e,1c15936b5964487f9fc2626fe9683fc3fcd9fb82,持卡人消费,超市商务子系统,-4.0,59.40,4685,正常
2016/05/11 13:22:06,9c12788bfd6abcabb2d873369642651fb522104e,1c15936b5964487f9fc2626fe9683fc3fcd9fb82,持卡人消费,硕果园（工大商店）,-3.0,56.40,4686,正常
2016/05/11 13:22:57,9c12788bfd6abcabb2d873369642651fb522104e,1c15936b5964487f9fc2626fe9683fc3fcd9fb82,持卡人消费,硕果园（工大商店）,-12.0,44.40,4687,正常
2016/05/11 13:38:45,9c12788bfd6abcabb2d873369642651fb522104e,1c15936b5964487f9fc2626fe9683fc3fcd9fb82,持卡人消费,硕果园（工大商店）,-8.0,36.40,4688,正常
2016/05/11 17:32:06,9c12788bfd6abcabb2d873369642651fb522104e,1c15936b5964487f9fc2626fe9683fc3fcd9fb82,持卡人消费,四食堂商务网关,-3.0,33.40,4689,正常
2016/05/12 09:00:56,9c12788bfd6abcabb2d873369642651fb522104e,1c15936b5964487f9fc2626fe9683fc3fcd9fb82,持卡人消费,学子便利店B07,-6.6,26.80,4690,正常
2016/05/12 14:28:04,9c12788bfd6abcabb2d873369642651fb522104e,1c15936b5964487f9fc2626fe9683fc3fcd9fb82,持卡人消费,二区水控,-2.88,23.92,4692,正常
2016/05/12 14:36:47,9c12788bfd6abcabb2d873369642651fb522104e,1c15936b5964487f9fc2626fe9683fc3fcd9fb82,持卡人消费,二区水控,-1.65,22.27,4694,正常
2016/05/12 14:38:02,9c12788bfd6abcabb2d873369642651fb522104e,1c15936b5964487f9fc2626fe9683fc3fcd9fb82,持卡人消费,二区水控,-0.16,22.11,4696,正常
2016/05/12 15:18:35,9c12788bfd6abcabb2d873369642651fb522104e,1c15936b5964487f9fc2626fe9683fc3fcd9fb82,持卡人消费,学子便利店B07,-7.4,14.71,4697,正常
2016/05/12 17:02:56,9c12788bfd6abcabb2d873369642651fb522104e,1c15936b5964487f9fc2626fe9683fc3fcd9fb82,持卡人消费,九食堂商务网关,-7.0,7.71,4698,正常
2016/05/12 17:03:03,9c12788bfd6abcabb2d873369642651fb522104e,1c15936b5964487f9fc2626fe9683fc3fcd9fb82,持卡人消费,九食堂商务网关,-6.0,1.71,4699,正常
2016/05/12 17:27:59,9c12788bfd6abcabb2d873369642651fb522104e,1c15936b5964487f9fc2626fe9683fc3fcd9fb82,存款,2区卡中心综合业务,100.0,101.71,4700,正常
2016/05/13 11:19:48,9c12788bfd6abcabb2d873369642651fb522104e,1c15936b5964487f9fc2626fe9683fc3fcd9fb82,持卡人消费,九食堂商务网关,-12.0,89.71,4701,正常
2016/05/13 11:20:57,9c12788bfd6abcabb2d873369642651fb522104e,1c15936b5964487f9fc2626fe9683fc3fcd9fb82,持卡人消费,九食堂商务网关,-3.0,86.71,4702,正常
2016/05/13 11:40:53,9c12788bfd6abcabb2d873369642651fb522104e,1c15936b5964487f9fc2626fe9683fc3fcd9fb82,持卡人消费,九食堂商务网关,-1.5,85.21,4703,正常
2016/05/13 17:18:25,9c12788bfd6abcabb2d873369642651fb522104e,1c15936b5964487f9fc2626fe9683fc3fcd9fb82,持卡人消费,九食堂商务网关,-2.0,83.21,4704,正常
2016/05/13 17:21:49,9c12788bfd6abcabb2d873369642651fb522104e,1c15936b5964487f9fc2626fe9683fc3fcd9fb82,持卡人消费,九食堂商务网关,-0.5,82.71,4705,正常
2016/05/14 11:15:57,9c12788bfd6abcabb2d873369642651fb522104e,1c15936b5964487f9fc2626fe9683fc3fcd9fb82,持卡人消费,B7,-3.0,79.71,4706,正常
2016/05/14 11:46:33,9c12788bfd6abcabb2d873369642651fb522104e,1c15936b5964487f9fc2626fe9683fc3fcd9fb82,持卡人消费,九食堂商务网关,-9.0,70.71,4707,正常
2016/05/14 12:14:22,9c12788bfd6abcabb2d873369642651fb522104e,1c15936b5964487f9fc2626fe9683fc3fcd9fb82,持卡人消费,九食堂商务网关,-1.5,69.21,4708,正常
2016/05/14 17:07:13,9c12788bfd6abcabb2d873369642651fb522104e,1c15936b5964487f9fc2626fe9683fc3fcd9fb82,持卡人消费,九食堂商务网关,-1.0,68.21,4709,正常
2016/05/14 17:09:04,9c12788bfd6abcabb2d873369642651fb522104e,1c15936b5964487f9fc2626fe9683fc3fcd9fb82,持卡人消费,九食堂商务网关,-1.0,67.21,4710,正常
2016/05/14 17:09:42,9c12788bfd6abcabb2d873369642651fb522104e,1c15936b5964487f9fc2626fe9683fc3fcd9fb82,持卡人消费,九食堂商务网关,-2.5,64.71,4711,正常
2016/05/14 21:04:15,9c12788bfd6abcabb2d873369642651fb522104e,1c15936b5964487f9fc2626fe9683fc3fcd9fb82,持卡人消费,学子便利店B05,-0.2,64.51,4712,正常
2016/05/14 21:06:53,9c12788bfd6abcabb2d873369642651fb522104e,1c15936b5964487f9fc2626fe9683fc3fcd9fb82,持卡人消费,学子便利店B05,-21.5,43.01,4713,正常
2016/05/15 11:38:11,9c12788bfd6abcabb2d873369642651fb522104e,1c15936b5964487f9fc2626fe9683fc3fcd9fb82,持卡人消费,九食堂商务网关,-12.0,31.01,4714,正常
2016/05/15 17:12:00,9c12788bfd6abcabb2d873369642651fb522104e,1c15936b5964487f9fc2626fe9683fc3fcd9fb82,持卡人消费,九食堂商务网关,-0.5,30.51,4715,正常
2016/05/15 17:12:33,9c12788bfd6abcabb2d873369642651fb522104e,1c15936b5964487f9fc2626fe9683fc3fcd9fb82,持卡人消费,九食堂商务网关,-1.0,29.51,4716,正常
2016/05/15 17:13:19,9c12788bfd6abcabb2d873369642651fb522104e,1c15936b5964487f9fc2626fe9683fc3fcd9fb82,持卡人消费,九食堂商务网关,-0.5,29.01,4717,正常
2016/05/15 21:23:00,9c12788bfd6abcabb2d873369642651fb522104e,1c15936b5964487f9fc2626fe9683fc3fcd9fb82,持卡人消费,学子便利店B05,-2.2,26.81,4718,正常
2016/05/16 11:31:18,9c12788bfd6abcabb2d873369642651fb522104e,1c15936b5964487f9fc2626fe9683fc3fcd9fb82,持卡人消费,九食堂商务网关,-10.0,16.81,4719,正常
2016/05/16 17:14:10,9c12788bfd6abcabb2d873369642651fb522104e,1c15936b5964487f9fc2626fe9683fc3fcd9fb82,持卡人消费,九食堂商务网关,-1.0,15.81,4720,正常
2016/05/16 17:14:54,9c12788bfd6abcabb2d873369642651fb522104e,1c15936b5964487f9fc2626fe9683fc3fcd9fb82,持卡人消费,九食堂商务网关,-0.5,15.31,4721,正常
2016/05/16 17:00:46,9c12788bfd6abcabb2d873369642651fb522104e,1c15936b5964487f9fc2626fe9683fc3fcd9fb82,存款,现金充值机,100.0,115.31,4722,正常
2016/05/16 17:33:29,9c12788bfd6abcabb2d873369642651fb522104e,1c15936b5964487f9fc2626fe9683fc3fcd9fb82,持卡人消费,九食堂商务网关,-1.5,113.81,4723,正常
2016/05/17 11:20:01,9c12788bfd6abcabb2d873369642651fb522104e,1c15936b5964487f9fc2626fe9683fc3fcd9fb82,持卡人消费,九食堂商务网关,-9.0,104.81,4724,正常
2016/05/17 11:29:42,9c12788bfd6abcabb2d873369642651fb522104e,1c15936b5964487f9fc2626fe9683fc3fcd9fb82,持卡人消费,九食堂商务网关,-3.0,101.81,4725,正常
2016/05/17 20:09:03,9c12788bfd6abcabb2d873369642651fb522104e,1c15936b5964487f9fc2626fe9683fc3fcd9fb82,持卡人消费,学子便利店B07,-2.6,99.21,4726,正常
2016/05/18 15:41:38,9c12788bfd6abcabb2d873369642651fb522104e,1c15936b5964487f9fc2626fe9683fc3fcd9fb82,持卡人消费,学子便利店B07,-3.6,95.61,4727,正常
2016/05/18 22:08:59,9c12788bfd6abcabb2d873369642651fb522104e,1c15936b5964487f9fc2626fe9683fc3fcd9fb82,持卡人消费,学子便利店B05,-8.6,87.01,4728,正常
2016/05/19 11:32:39,9c12788bfd6abcabb2d873369642651fb522104e,1c15936b5964487f9fc2626fe9683fc3fcd9fb82,持卡人消费,九食堂商务网关,-11.0,76.01,4729,正常
2016/05/19 17:21:27,9c12788bfd6abcabb2d873369642651fb522104e,1c15936b5964487f9fc2626fe9683fc3fcd9fb82,持卡人消费,九食堂商务网关,-4.5,71.51,4730,正常
2016/05/19 17:22:51,9c12788bfd6abcabb2d873369642651fb522104e,1c15936b5964487f9fc2626fe9683fc3fcd9fb82,持卡人消费,九食堂商务网关,-8.0,63.51,4731,正常
2016/05/19 17:32:48,9c12788bfd6abcabb2d873369642651fb522104e,1c15936b5964487f9fc2626fe9683fc3fcd9fb82,持卡人消费,九食堂商务网关,-0.4,63.11,4732,正常
2016/05/19 21:35:28,9c12788bfd6abcabb2d873369642651fb522104e,1c15936b5964487f9fc2626fe9683fc3fcd9fb82,持卡人消费,学子便利店B05,-2.2,60.91,4733,正常
2016/05/20 17:34:31,9c12788bfd6abcabb2d873369642651fb522104e,1c15936b5964487f9fc2626fe9683fc3fcd9fb82,持卡人消费,九食堂商务网关,-1.2,59.71,4734,正常
2016/05/20 17:35:23,9c12788bfd6abcabb2d873369642651fb522104e,1c15936b5964487f9fc2626fe9683fc3fcd9fb82,持卡人消费,九食堂商务网关,-3.5,56.21,4735,正常
2016/05/20 17:55:33,9c12788bfd6abcabb2d873369642651fb522104e,1c15936b5964487f9fc2626fe9683fc3fcd9fb82,持卡人消费,九食堂商务网关,-3.0,53.21,4736,正常
2016/05/21 11:52:39,9c12788bfd6abcabb2d873369642651fb522104e,1c15936b5964487f9fc2626fe9683fc3fcd9fb82,持卡人消费,九食堂商务网关,-1.5,51.71,4737,正常
2016/05/21 12:00:26,9c12788bfd6abcabb2d873369642651fb522104e,1c15936b5964487f9fc2626fe9683fc3fcd9fb82,持卡人消费,九食堂商务网关,-10.0,41.71,4738,正常
2016/05/21 12:59:19,9c12788bfd6abcabb2d873369642651fb522104e,1c15936b5964487f9fc2626fe9683fc3fcd9fb82,持卡人消费,B7,-3.0,38.71,4739,正常
2016/05/21 14:09:04,9c12788bfd6abcabb2d873369642651fb522104e,1c15936b5964487f9fc2626fe9683fc3fcd9fb82,持卡人消费,学子便利店B07,-2.7,36.01,4740,正常
2016/05/21 17:27:59,9c12788bfd6abcabb2d873369642651fb522104e,1c15936b5964487f9fc2626fe9683fc3fcd9fb82,持卡人消费,九食堂商务网关,-4.0,32.01,4741,正常
2016/05/21 17:28:20,9c12788bfd6abcabb2d873369642651fb522104e,1c15936b5964487f9fc2626fe9683fc3fcd9fb82,持卡人消费,九食堂商务网关,-0.5,31.51,4742,正常
2016/05/21 17:30:18,9c12788bfd6abcabb2d873369642651fb522104e,1c15936b5964487f9fc2626fe9683fc3fcd9fb82,持卡人消费,九食堂商务网关,-1.5,30.01,4743,正常
2016/05/22 12:23:08,9c12788bfd6abcabb2d873369642651fb522104e,1c15936b5964487f9fc2626fe9683fc3fcd9fb82,持卡人消费,四食堂商务网关,-3.0,27.01,4744,正常
2016/05/22 12:25:28,9c12788bfd6abcabb2d873369642651fb522104e,1c15936b5964487f9fc2626fe9683fc3fcd9fb82,持卡人消费,四食堂商务网关,-10.0,17.01,4745,正常
2016/05/22 12:26:46,9c12788bfd6abcabb2d873369642651fb522104e,1c15936b5964487f9fc2626fe9683fc3fcd9fb82,持卡人消费,四食堂商务网关,-1.0,16.01,4746,正常
2016/05/22 14:07:47,9c12788bfd6abcabb2d873369642651fb522104e,1c15936b5964487f9fc2626fe9683fc3fcd9fb82,持卡人消费,二区水控,-2.83,13.18,4748,正常
2016/05/22 14:21:04,9c12788bfd6abcabb2d873369642651fb522104e,1c15936b5964487f9fc2626fe9683fc3fcd9fb82,持卡人消费,二区水控,-2.53,10.65,4750,正常
2016/05/22 16:38:58,9c12788bfd6abcabb2d873369642651fb522104e,1c15936b5964487f9fc2626fe9683fc3fcd9fb82,持卡人消费,学子便利店B07,-2.0,8.65,4751,正常
2016/05/22 17:43:56,9c12788bfd6abcabb2d873369642651fb522104e,1c15936b5964487f9fc2626fe9683fc3fcd9fb82,持卡人消费,四食堂商务网关,-1.5,7.15,4752,正常
2016/05/22 17:44:17,9c12788bfd6abcabb2d873369642651fb522104e,1c15936b5964487f9fc2626fe9683fc3fcd9fb82,持卡人消费,四食堂商务网关,-2.9,4.25,4753,正常
2016/05/23 11:24:25,9c12788bfd6abcabb2d873369642651fb522104e,1c15936b5964487f9fc2626fe9683fc3fcd9fb82,持卡人消费,九食堂商务网关,-3.0,1.25,4754,正常
2016/05/23 17:15:21,9c12788bfd6abcabb2d873369642651fb522104e,1c15936b5964487f9fc2626fe9683fc3fcd9fb82,存款,2区卡中心综合业务,100.0,101.25,4755,正常
2016/05/23 17:16:13,9c12788bfd6abcabb2d873369642651fb522104e,1c15936b5964487f9fc2626fe9683fc3fcd9fb82,持卡人消费,九食堂商务网关,-0.9,100.35,4756,正常
2016/05/23 17:17:02,9c12788bfd6abcabb2d873369642651fb522104e,1c15936b5964487f9fc2626fe9683fc3fcd9fb82,持卡人消费,九食堂商务网关,-1.0,99.35,4757,正常
2016/05/23 17:17:44,9c12788bfd6abcabb2d873369642651fb522104e,1c15936b5964487f9fc2626fe9683fc3fcd9fb82,持卡人消费,九食堂商务网关,-2.4,96.95,4758,正常
2016/05/23 21:51:35,9c12788bfd6abcabb2d873369642651fb522104e,1c15936b5964487f9fc2626fe9683fc3fcd9fb82,持卡人消费,学子便利店B05,-2.5,94.45,4759,正常
2016/05/23 21:55:46,9c12788bfd6abcabb2d873369642651fb522104e,1c15936b5964487f9fc2626fe9683fc3fcd9fb82,持卡人消费,学子便利店B07,-10.5,83.95,4760,正常
2016/05/24 10:13:20,9c12788bfd6abcabb2d873369642651fb522104e,1c15936b5964487f9fc2626fe9683fc3fcd9fb82,持卡人消费,学子便利店B07,-5.1,78.85,4761,正常
2016/05/24 11:22:29,9c12788bfd6abcabb2d873369642651fb522104e,1c15936b5964487f9fc2626fe9683fc3fcd9fb82,持卡人消费,九食堂商务网关,-11.0,67.85,4762,正常
2016/05/24 11:23:51,9c12788bfd6abcabb2d873369642651fb522104e,1c15936b5964487f9fc2626fe9683fc3fcd9fb82,持卡人消费,九食堂商务网关,-3.0,64.85,4763,正常
2016/05/24 17:20:44,9c12788bfd6abcabb2d873369642651fb522104e,1c15936b5964487f9fc2626fe9683fc3fcd9fb82,持卡人消费,九食堂商务网关,-7.0,57.85,4764,正常
2016/05/25 11:22:19,9c12788bfd6abcabb2d873369642651fb522104e,1c15936b5964487f9fc2626fe9683fc3fcd9fb82,持卡人消费,九食堂商务网关,-3.0,54.85,4765,正常
2016/05/25 11:23:02,9c12788bfd6abcabb2d873369642651fb522104e,1c15936b5964487f9fc2626fe9683fc3fcd9fb82,持卡人消费,九食堂商务网关,-12.0,42.85,4766,正常
2016/05/25 12:05:38,9c12788bfd6abcabb2d873369642651fb522104e,1c15936b5964487f9fc2626fe9683fc3fcd9fb82,持卡人消费,四食堂商务网关,-1.5,41.35,4767,正常
2016/05/25 17:18:27,9c12788bfd6abcabb2d873369642651fb522104e,1c15936b5964487f9fc2626fe9683fc3fcd9fb82,持卡人消费,九食堂商务网关,-3.0,38.35,4768,正常
2016/05/25 17:20:46,9c12788bfd6abcabb2d873369642651fb522104e,1c15936b5964487f9fc2626fe9683fc3fcd9fb82,持卡人消费,九食堂商务网关,-2.5,35.85,4769,正常
2016/05/26 11:35:38,9c12788bfd6abcabb2d873369642651fb522104e,1c15936b5964487f9fc2626fe9683fc3fcd9fb82,持卡人消费,九食堂商务网关,-9.0,26.85,4770,正常
2016/05/26 11:36:24,9c12788bfd6abcabb2d873369642651fb522104e,1c15936b5964487f9fc2626fe9683fc3fcd9fb82,持卡人消费,九食堂商务网关,-3.0,23.85,4771,正常
2016/05/26 17:11:07,9c12788bfd6abcabb2d873369642651fb522104e,1c15936b5964487f9fc2626fe9683fc3fcd9fb82,持卡人消费,九食堂商务网关,-4.5,19.35,4772,正常
2016/05/26 17:12:34,9c12788bfd6abcabb2d873369642651fb522104e,1c15936b5964487f9fc2626fe9683fc3fcd9fb82,持卡人消费,九食堂商务网关,-3.5,15.85,4773,正常
2016/05/29 06:52:24,9c12788bfd6abcabb2d873369642651fb522104e,1c15936b5964487f9fc2626fe9683fc3fcd9fb82,存款,现金充值机,300.0,315.85,4774,正常
2016/05/29 11:38:38,9c12788bfd6abcabb2d873369642651fb522104e,1c15936b5964487f9fc2626fe9683fc3fcd9fb82,持卡人消费,九食堂商务网关,-1.5,314.35,4775,正常
2016/05/29 11:38:41,9c12788bfd6abcabb2d873369642651fb522104e,1c15936b5964487f9fc2626fe9683fc3fcd9fb82,持卡人消费,九食堂商务网关,-3.0,311.35,4776,正常
2016/05/29 11:38:48,9c12788bfd6abcabb2d873369642651fb522104e,1c15936b5964487f9fc2626fe9683fc3fcd9fb82,持卡人消费,九食堂商务网关,-0.5,310.85,4777,正常
2016/05/29 11:41:28,9c12788bfd6abcabb2d873369642651fb522104e,1c15936b5964487f9fc2626fe9683fc3fcd9fb82,持卡人消费,九食堂商务网关,-10.0,300.85,4778,正常
2016/05/30 11:25:10,9c12788bfd6abcabb2d873369642651fb522104e,1c15936b5964487f9fc2626fe9683fc3fcd9fb82,持卡人消费,九食堂商务网关,-9.0,291.85,4779,正常
2016/05/30 11:26:28,9c12788bfd6abcabb2d873369642651fb522104e,1c15936b5964487f9fc2626fe9683fc3fcd9fb82,持卡人消费,九食堂商务网关,-3.0,288.85,4780,正常
2016/05/30 12:39:29,9c12788bfd6abcabb2d873369642651fb522104e,1c15936b5964487f9fc2626fe9683fc3fcd9fb82,持卡人消费,网络中心,-30.0,258.85,4781,正常
2016/05/31 10:12:14,9c12788bfd6abcabb2d873369642651fb522104e,1c15936b5964487f9fc2626fe9683fc3fcd9fb82,持卡人消费,学子便利店B07,-5.1,253.75,4782,正常
2016/05/31 11:29:02,9c12788bfd6abcabb2d873369642651fb522104e,1c15936b5964487f9fc2626fe9683fc3fcd9fb82,持卡人消费,九食堂商务网关,-10.0,243.75,4783,正常
2016/05/31 11:42:30,9c12788bfd6abcabb2d873369642651fb522104e,1c15936b5964487f9fc2626fe9683fc3fcd9fb82,持卡人消费,九食堂商务网关,-1.0,242.75,4784,正常
