交易发生时间,学号,姓名,交易类型,子系统名称,交易额,现有余额,次数,状态
2016/05/01 15:22:15,bba2948a86b2d04a3b1f0206877b1fdcaef7ac4f,1c2465d8194ff9dbf6e3e2f9ffc20f474fb646d3,银行转帐,转账前置机,50.0,15.65,3091,正常
2016/05/01 15:22:51,bba2948a86b2d04a3b1f0206877b1fdcaef7ac4f,1c2465d8194ff9dbf6e3e2f9ffc20f474fb646d3,持卡人消费,A7,-6.0,15.65,3091,正常
2016/05/02 13:05:46,bba2948a86b2d04a3b1f0206877b1fdcaef7ac4f,1c2465d8194ff9dbf6e3e2f9ffc20f474fb646d3,持卡人消费,硕果园（工大商店）,-12.0,53.65,3093,正常
2016/05/02 13:20:26,bba2948a86b2d04a3b1f0206877b1fdcaef7ac4f,1c2465d8194ff9dbf6e3e2f9ffc20f474fb646d3,持卡人消费,硕果园（工大商店）,-10.0,43.65,3094,正常
2016/05/02 19:35:04,bba2948a86b2d04a3b1f0206877b1fdcaef7ac4f,1c2465d8194ff9dbf6e3e2f9ffc20f474fb646d3,持卡人消费,硕果园（工大商店）,-12.0,31.65,3095,正常
2016/05/06 10:18:19,bba2948a86b2d04a3b1f0206877b1fdcaef7ac4f,1c2465d8194ff9dbf6e3e2f9ffc20f474fb646d3,持卡人消费,硕果园（工大商店）,-13.0,18.65,3096,正常
2016/05/06 10:19:09,bba2948a86b2d04a3b1f0206877b1fdcaef7ac4f,1c2465d8194ff9dbf6e3e2f9ffc20f474fb646d3,银行转帐,转账前置机,50.0,18.65,3096,正常
2016/05/07 11:50:30,bba2948a86b2d04a3b1f0206877b1fdcaef7ac4f,1c2465d8194ff9dbf6e3e2f9ffc20f474fb646d3,持卡人消费,硕果园（工大商店）,-12.0,56.65,3098,正常
2016/05/07 18:01:11,bba2948a86b2d04a3b1f0206877b1fdcaef7ac4f,1c2465d8194ff9dbf6e3e2f9ffc20f474fb646d3,持卡人消费,硕果园（工大商店）,-12.0,44.65,3099,正常
2016/05/10 15:31:39,bba2948a86b2d04a3b1f0206877b1fdcaef7ac4f,1c2465d8194ff9dbf6e3e2f9ffc20f474fb646d3,持卡人消费,一校区水控新,-1.92,42.73,3101,正常
2016/05/10 18:10:42,bba2948a86b2d04a3b1f0206877b1fdcaef7ac4f,1c2465d8194ff9dbf6e3e2f9ffc20f474fb646d3,持卡人消费,硕果园（工大商店）,-12.0,30.73,3102,正常
2016/05/10 18:41:15,bba2948a86b2d04a3b1f0206877b1fdcaef7ac4f,1c2465d8194ff9dbf6e3e2f9ffc20f474fb646d3,持卡人消费,超市商务子系统,-5.9,24.83,3103,正常
2016/05/10 18:47:26,bba2948a86b2d04a3b1f0206877b1fdcaef7ac4f,1c2465d8194ff9dbf6e3e2f9ffc20f474fb646d3,持卡人消费,超市商务子系统,-5.1,19.73,3104,正常
2016/05/19 17:00:32,bba2948a86b2d04a3b1f0206877b1fdcaef7ac4f,1c2465d8194ff9dbf6e3e2f9ffc20f474fb646d3,持卡人消费,硕果园（工大商店）,-12.0,7.73,3105,正常
2016/05/19 17:01:17,bba2948a86b2d04a3b1f0206877b1fdcaef7ac4f,1c2465d8194ff9dbf6e3e2f9ffc20f474fb646d3,银行转帐,转账前置机,50.0,7.73,3105,正常
2016/05/20 15:24:51,bba2948a86b2d04a3b1f0206877b1fdcaef7ac4f,1c2465d8194ff9dbf6e3e2f9ffc20f474fb646d3,持卡人消费,一校区水控新,-0.99,6.74,3107,正常
2016/05/20 15:44:27,bba2948a86b2d04a3b1f0206877b1fdcaef7ac4f,1c2465d8194ff9dbf6e3e2f9ffc20f474fb646d3,持卡人消费,硕果园（工大商店）,-8.0,48.74,3109,正常
2016/05/20 15:45:15,bba2948a86b2d04a3b1f0206877b1fdcaef7ac4f,1c2465d8194ff9dbf6e3e2f9ffc20f474fb646d3,持卡人消费,硕果园（工大商店）,-4.5,44.24,3110,正常
2016/05/20 20:52:48,bba2948a86b2d04a3b1f0206877b1fdcaef7ac4f,1c2465d8194ff9dbf6e3e2f9ffc20f474fb646d3,持卡人消费,A7,-3.0,41.24,3111,正常
2016/05/21 11:41:47,bba2948a86b2d04a3b1f0206877b1fdcaef7ac4f,1c2465d8194ff9dbf6e3e2f9ffc20f474fb646d3,持卡人消费,学士楼商务网关,-2.0,39.24,3112,正常
2016/05/21 11:43:09,bba2948a86b2d04a3b1f0206877b1fdcaef7ac4f,1c2465d8194ff9dbf6e3e2f9ffc20f474fb646d3,持卡人消费,学士楼商务网关,-3.25,35.99,3113,正常
2016/05/21 11:44:20,bba2948a86b2d04a3b1f0206877b1fdcaef7ac4f,1c2465d8194ff9dbf6e3e2f9ffc20f474fb646d3,持卡人消费,学士楼商务网关,-0.2,35.79,3114,正常
2016/05/21 12:04:12,bba2948a86b2d04a3b1f0206877b1fdcaef7ac4f,1c2465d8194ff9dbf6e3e2f9ffc20f474fb646d3,持卡人消费,超市商务子系统,-8.0,27.79,3115,正常
2016/05/21 12:09:39,bba2948a86b2d04a3b1f0206877b1fdcaef7ac4f,1c2465d8194ff9dbf6e3e2f9ffc20f474fb646d3,持卡人消费,超市商务子系统,-20.1,7.69,3116,正常
2016/05/21 12:12:37,bba2948a86b2d04a3b1f0206877b1fdcaef7ac4f,1c2465d8194ff9dbf6e3e2f9ffc20f474fb646d3,银行转帐,转账前置机,50.0,7.69,3116,正常
2016/05/21 14:52:39,bba2948a86b2d04a3b1f0206877b1fdcaef7ac4f,1c2465d8194ff9dbf6e3e2f9ffc20f474fb646d3,持卡人消费,超市商务子系统,-2.8,54.89,3118,正常
2016/05/22 12:11:59,bba2948a86b2d04a3b1f0206877b1fdcaef7ac4f,1c2465d8194ff9dbf6e3e2f9ffc20f474fb646d3,持卡人消费,学士楼商务网关,-3.25,51.64,3119,正常
2016/05/22 12:12:17,bba2948a86b2d04a3b1f0206877b1fdcaef7ac4f,1c2465d8194ff9dbf6e3e2f9ffc20f474fb646d3,持卡人消费,学士楼商务网关,-0.7,50.94,3120,正常
2016/05/22 12:13:35,bba2948a86b2d04a3b1f0206877b1fdcaef7ac4f,1c2465d8194ff9dbf6e3e2f9ffc20f474fb646d3,持卡人消费,学士楼商务网关,-0.4,50.54,3121,正常
2016/05/22 14:56:54,bba2948a86b2d04a3b1f0206877b1fdcaef7ac4f,1c2465d8194ff9dbf6e3e2f9ffc20f474fb646d3,持卡人消费,超市商务子系统,-1.5,49.04,3122,正常
2016/05/22 18:08:47,bba2948a86b2d04a3b1f0206877b1fdcaef7ac4f,1c2465d8194ff9dbf6e3e2f9ffc20f474fb646d3,持卡人消费,学士楼商务网关,-8.2,40.84,3123,正常
2016/05/23 12:11:40,bba2948a86b2d04a3b1f0206877b1fdcaef7ac4f,1c2465d8194ff9dbf6e3e2f9ffc20f474fb646d3,持卡人消费,学士楼商务网关,-2.0,38.84,3124,正常
2016/05/23 12:12:09,bba2948a86b2d04a3b1f0206877b1fdcaef7ac4f,1c2465d8194ff9dbf6e3e2f9ffc20f474fb646d3,持卡人消费,学士楼商务网关,-3.2,35.64,3125,正常
2016/05/23 12:13:33,bba2948a86b2d04a3b1f0206877b1fdcaef7ac4f,1c2465d8194ff9dbf6e3e2f9ffc20f474fb646d3,持卡人消费,学士楼商务网关,-0.4,35.24,3126,正常
2016/05/24 13:09:14,bba2948a86b2d04a3b1f0206877b1fdcaef7ac4f,1c2465d8194ff9dbf6e3e2f9ffc20f474fb646d3,持卡人消费,学士楼商务网关,-7.0,28.24,3127,正常
2016/05/24 13:09:58,bba2948a86b2d04a3b1f0206877b1fdcaef7ac4f,1c2465d8194ff9dbf6e3e2f9ffc20f474fb646d3,持卡人消费,学士楼商务网关,-0.4,27.84,3128,正常
2016/05/24 18:56:17,bba2948a86b2d04a3b1f0206877b1fdcaef7ac4f,1c2465d8194ff9dbf6e3e2f9ffc20f474fb646d3,持卡人消费,学士楼商务网关,-3.25,24.59,3129,正常
2016/05/24 18:58:33,bba2948a86b2d04a3b1f0206877b1fdcaef7ac4f,1c2465d8194ff9dbf6e3e2f9ffc20f474fb646d3,持卡人消费,学士楼商务网关,-0.4,24.19,3130,正常
2016/05/24 18:58:38,bba2948a86b2d04a3b1f0206877b1fdcaef7ac4f,1c2465d8194ff9dbf6e3e2f9ffc20f474fb646d3,持卡人消费,学士楼商务网关,-1.0,23.19,3131,正常
2016/05/25 12:33:11,bba2948a86b2d04a3b1f0206877b1fdcaef7ac4f,1c2465d8194ff9dbf6e3e2f9ffc20f474fb646d3,持卡人消费,学士楼商务网关,-5.0,18.19,3132,正常
2016/05/25 12:34:42,bba2948a86b2d04a3b1f0206877b1fdcaef7ac4f,1c2465d8194ff9dbf6e3e2f9ffc20f474fb646d3,持卡人消费,学士楼商务网关,-0.4,17.79,3133,正常
2016/05/25 12:34:51,bba2948a86b2d04a3b1f0206877b1fdcaef7ac4f,1c2465d8194ff9dbf6e3e2f9ffc20f474fb646d3,持卡人消费,学士楼商务网关,-1.0,16.79,3134,正常
2016/05/25 12:37:09,bba2948a86b2d04a3b1f0206877b1fdcaef7ac4f,1c2465d8194ff9dbf6e3e2f9ffc20f474fb646d3,银行转帐,转账前置机,50.0,16.79,3134,正常
2016/05/25 14:58:43,bba2948a86b2d04a3b1f0206877b1fdcaef7ac4f,1c2465d8194ff9dbf6e3e2f9ffc20f474fb646d3,持卡人消费,一校区水控新,-1.02,15.77,3136,正常
2016/05/25 19:21:16,bba2948a86b2d04a3b1f0206877b1fdcaef7ac4f,1c2465d8194ff9dbf6e3e2f9ffc20f474fb646d3,持卡人消费,硕果园（工大商店）,-11.0,54.77,3138,正常
2016/05/26 11:40:47,bba2948a86b2d04a3b1f0206877b1fdcaef7ac4f,1c2465d8194ff9dbf6e3e2f9ffc20f474fb646d3,持卡人消费,学士楼商务网关,-1.5,53.27,3139,正常
2016/05/26 11:42:08,bba2948a86b2d04a3b1f0206877b1fdcaef7ac4f,1c2465d8194ff9dbf6e3e2f9ffc20f474fb646d3,持卡人消费,学士楼商务网关,-3.4,49.87,3140,正常
2016/05/26 11:53:05,bba2948a86b2d04a3b1f0206877b1fdcaef7ac4f,1c2465d8194ff9dbf6e3e2f9ffc20f474fb646d3,持卡人消费,学士楼商务网关,-1.4,48.47,3141,正常
2016/05/26 11:53:07,bba2948a86b2d04a3b1f0206877b1fdcaef7ac4f,1c2465d8194ff9dbf6e3e2f9ffc20f474fb646d3,持卡人消费,学士楼商务网关,-0.1,48.37,3142,正常
2016/05/26 16:57:29,bba2948a86b2d04a3b1f0206877b1fdcaef7ac4f,1c2465d8194ff9dbf6e3e2f9ffc20f474fb646d3,持卡人消费,硕果园（工大商店）,-10.0,38.37,3143,正常
2016/05/27 12:43:14,bba2948a86b2d04a3b1f0206877b1fdcaef7ac4f,1c2465d8194ff9dbf6e3e2f9ffc20f474fb646d3,持卡人消费,学士楼商务网关,-4.9,33.47,3144,正常
2016/05/27 12:43:38,bba2948a86b2d04a3b1f0206877b1fdcaef7ac4f,1c2465d8194ff9dbf6e3e2f9ffc20f474fb646d3,持卡人消费,学士楼商务网关,-1.0,32.47,3145,正常
2016/05/27 16:46:07,bba2948a86b2d04a3b1f0206877b1fdcaef7ac4f,1c2465d8194ff9dbf6e3e2f9ffc20f474fb646d3,持卡人消费,一校区水控新,-0.96,31.51,3147,正常
2016/05/27 16:58:56,bba2948a86b2d04a3b1f0206877b1fdcaef7ac4f,1c2465d8194ff9dbf6e3e2f9ffc20f474fb646d3,持卡人消费,学士楼商务网关,-7.68,23.83,3148,正常
2016/05/27 16:59:33,bba2948a86b2d04a3b1f0206877b1fdcaef7ac4f,1c2465d8194ff9dbf6e3e2f9ffc20f474fb646d3,持卡人消费,学士楼商务网关,-2.0,21.83,3149,正常
2016/05/28 13:39:22,bba2948a86b2d04a3b1f0206877b1fdcaef7ac4f,1c2465d8194ff9dbf6e3e2f9ffc20f474fb646d3,持卡人消费,学士楼商务网关,-5.0,16.83,3150,正常
2016/05/28 13:39:46,bba2948a86b2d04a3b1f0206877b1fdcaef7ac4f,1c2465d8194ff9dbf6e3e2f9ffc20f474fb646d3,持卡人消费,学士楼商务网关,-0.5,16.33,3151,正常
2016/05/28 13:40:34,bba2948a86b2d04a3b1f0206877b1fdcaef7ac4f,1c2465d8194ff9dbf6e3e2f9ffc20f474fb646d3,银行转帐,转账前置机,50.0,16.33,3151,正常
2016/05/28 14:56:15,bba2948a86b2d04a3b1f0206877b1fdcaef7ac4f,1c2465d8194ff9dbf6e3e2f9ffc20f474fb646d3,持卡人消费,超市商务子系统,-3.0,63.33,3153,正常
2016/05/29 13:11:27,bba2948a86b2d04a3b1f0206877b1fdcaef7ac4f,1c2465d8194ff9dbf6e3e2f9ffc20f474fb646d3,持卡人消费,一校区水控新,-0.77,62.56,3155,正常
2016/05/29 13:11:50,bba2948a86b2d04a3b1f0206877b1fdcaef7ac4f,1c2465d8194ff9dbf6e3e2f9ffc20f474fb646d3,持卡人消费,一校区水控新,-0.03,62.53,3157,正常
2016/05/29 13:17:11,bba2948a86b2d04a3b1f0206877b1fdcaef7ac4f,1c2465d8194ff9dbf6e3e2f9ffc20f474fb646d3,持卡人消费,一校区水控新,-0.7,61.83,3159,正常
2016/05/29 13:23:29,bba2948a86b2d04a3b1f0206877b1fdcaef7ac4f,1c2465d8194ff9dbf6e3e2f9ffc20f474fb646d3,持卡人消费,一校区水控新,-0.83,61.00,3161,正常
2016/05/29 13:30:02,bba2948a86b2d04a3b1f0206877b1fdcaef7ac4f,1c2465d8194ff9dbf6e3e2f9ffc20f474fb646d3,持卡人消费,A7,-3.0,58.00,3162,正常
2016/05/29 18:31:12,bba2948a86b2d04a3b1f0206877b1fdcaef7ac4f,1c2465d8194ff9dbf6e3e2f9ffc20f474fb646d3,持卡人消费,一校区水控新,-1.18,56.82,3164,正常
2016/05/30 11:56:18,bba2948a86b2d04a3b1f0206877b1fdcaef7ac4f,1c2465d8194ff9dbf6e3e2f9ffc20f474fb646d3,持卡人消费,学士楼商务网关,-2.4,54.42,3165,正常
2016/05/30 11:57:36,bba2948a86b2d04a3b1f0206877b1fdcaef7ac4f,1c2465d8194ff9dbf6e3e2f9ffc20f474fb646d3,持卡人消费,学士楼商务网关,-4.6,49.82,3166,正常
2016/05/30 11:58:58,bba2948a86b2d04a3b1f0206877b1fdcaef7ac4f,1c2465d8194ff9dbf6e3e2f9ffc20f474fb646d3,持卡人消费,学士楼商务网关,-3.0,46.82,3167,正常
2016/05/30 11:59:04,bba2948a86b2d04a3b1f0206877b1fdcaef7ac4f,1c2465d8194ff9dbf6e3e2f9ffc20f474fb646d3,持卡人消费,学士楼商务网关,-4.0,42.82,3168,正常
2016/05/30 12:07:25,bba2948a86b2d04a3b1f0206877b1fdcaef7ac4f,1c2465d8194ff9dbf6e3e2f9ffc20f474fb646d3,持卡人消费,学士楼商务网关,-0.5,42.32,3169,正常
2016/05/30 18:04:42,bba2948a86b2d04a3b1f0206877b1fdcaef7ac4f,1c2465d8194ff9dbf6e3e2f9ffc20f474fb646d3,持卡人消费,学士楼商务网关,-10.7,31.62,3170,正常
