交易发生时间,学号,姓名,交易类型,子系统名称,交易额,现有余额,次数,状态
2016/05/01 16:47:32,d7e9de1bda4f878073fd09a1880e58cf53edd333,1c38b5f27b7652c9c8bcfeb1813f2d77e664fdc8,持卡人消费,硕果园（工大商店）,-14.0,174.41,3625,正常
2016/05/02 16:39:20,d7e9de1bda4f878073fd09a1880e58cf53edd333,1c38b5f27b7652c9c8bcfeb1813f2d77e664fdc8,持卡人消费,学苑楼商务网关,-8.8,165.61,3626,正常
2016/05/02 16:54:33,d7e9de1bda4f878073fd09a1880e58cf53edd333,1c38b5f27b7652c9c8bcfeb1813f2d77e664fdc8,持卡人消费,学苑楼商务网关,-8.6,157.01,3627,正常
2016/05/03 11:24:31,d7e9de1bda4f878073fd09a1880e58cf53edd333,1c38b5f27b7652c9c8bcfeb1813f2d77e664fdc8,持卡人消费,学苑楼商务网关,-7.5,149.51,3628,正常
2016/05/03 16:38:34,d7e9de1bda4f878073fd09a1880e58cf53edd333,1c38b5f27b7652c9c8bcfeb1813f2d77e664fdc8,持卡人消费,学苑楼商务网关,-7.8,141.71,3629,正常
2016/05/03 16:39:09,d7e9de1bda4f878073fd09a1880e58cf53edd333,1c38b5f27b7652c9c8bcfeb1813f2d77e664fdc8,持卡人消费,学苑楼商务网关,-7.0,134.71,3630,正常
2016/05/04 07:44:46,d7e9de1bda4f878073fd09a1880e58cf53edd333,1c38b5f27b7652c9c8bcfeb1813f2d77e664fdc8,持卡人消费,学士楼商务网关,-3.5,131.21,3631,正常
2016/05/04 11:05:29,d7e9de1bda4f878073fd09a1880e58cf53edd333,1c38b5f27b7652c9c8bcfeb1813f2d77e664fdc8,持卡人消费,学苑楼商务网关,-8.0,123.21,3632,正常
2016/05/04 17:08:39,d7e9de1bda4f878073fd09a1880e58cf53edd333,1c38b5f27b7652c9c8bcfeb1813f2d77e664fdc8,持卡人消费,学苑楼商务网关,-6.0,117.21,3633,正常
2016/05/04 17:19:29,d7e9de1bda4f878073fd09a1880e58cf53edd333,1c38b5f27b7652c9c8bcfeb1813f2d77e664fdc8,持卡人消费,学苑楼商务网关,-6.0,111.21,3634,正常
2016/05/04 17:19:33,d7e9de1bda4f878073fd09a1880e58cf53edd333,1c38b5f27b7652c9c8bcfeb1813f2d77e664fdc8,持卡人消费,学苑楼商务网关,-2.4,108.81,3635,正常
2016/05/05 07:51:44,d7e9de1bda4f878073fd09a1880e58cf53edd333,1c38b5f27b7652c9c8bcfeb1813f2d77e664fdc8,持卡人消费,学士楼商务网关,-4.0,104.81,3636,正常
2016/05/05 10:58:10,d7e9de1bda4f878073fd09a1880e58cf53edd333,1c38b5f27b7652c9c8bcfeb1813f2d77e664fdc8,持卡人消费,学苑楼商务网关,-10.0,94.81,3637,正常
2016/05/05 17:04:26,d7e9de1bda4f878073fd09a1880e58cf53edd333,1c38b5f27b7652c9c8bcfeb1813f2d77e664fdc8,持卡人消费,学苑楼商务网关,-7.0,87.81,3638,正常
2016/05/06 07:43:38,d7e9de1bda4f878073fd09a1880e58cf53edd333,1c38b5f27b7652c9c8bcfeb1813f2d77e664fdc8,持卡人消费,学士楼商务网关,-3.5,84.31,3639,正常
2016/05/06 11:15:49,d7e9de1bda4f878073fd09a1880e58cf53edd333,1c38b5f27b7652c9c8bcfeb1813f2d77e664fdc8,持卡人消费,学苑楼商务网关,-10.0,74.31,3640,正常
2016/05/06 11:30:27,d7e9de1bda4f878073fd09a1880e58cf53edd333,1c38b5f27b7652c9c8bcfeb1813f2d77e664fdc8,持卡人消费,学苑楼商务网关,-6.0,68.31,3641,正常
2016/05/06 16:56:10,d7e9de1bda4f878073fd09a1880e58cf53edd333,1c38b5f27b7652c9c8bcfeb1813f2d77e664fdc8,持卡人消费,学苑楼商务网关,-8.8,59.51,3642,正常
2016/05/07 11:04:03,d7e9de1bda4f878073fd09a1880e58cf53edd333,1c38b5f27b7652c9c8bcfeb1813f2d77e664fdc8,持卡人消费,学苑楼商务网关,-7.9,51.61,3643,正常
2016/05/07 17:01:13,d7e9de1bda4f878073fd09a1880e58cf53edd333,1c38b5f27b7652c9c8bcfeb1813f2d77e664fdc8,持卡人消费,硕果园（工大商店）,-38.0,13.61,3644,正常
2016/05/08 11:00:58,d7e9de1bda4f878073fd09a1880e58cf53edd333,1c38b5f27b7652c9c8bcfeb1813f2d77e664fdc8,持卡人消费,学苑楼商务网关,-6.0,7.61,3645,正常
2016/05/08 11:01:53,d7e9de1bda4f878073fd09a1880e58cf53edd333,1c38b5f27b7652c9c8bcfeb1813f2d77e664fdc8,持卡人消费,学苑楼商务网关,-1.5,6.11,3646,正常
2016/05/08 19:00:38,d7e9de1bda4f878073fd09a1880e58cf53edd333,1c38b5f27b7652c9c8bcfeb1813f2d77e664fdc8,持卡人消费,超市商务子系统,-0.5,5.61,3647,正常
2016/05/08 19:04:08,d7e9de1bda4f878073fd09a1880e58cf53edd333,1c38b5f27b7652c9c8bcfeb1813f2d77e664fdc8,持卡人消费,超市商务子系统,-0.3,5.31,3648,正常
2016/05/08 19:04:16,d7e9de1bda4f878073fd09a1880e58cf53edd333,1c38b5f27b7652c9c8bcfeb1813f2d77e664fdc8,持卡人消费,超市商务子系统,-0.2,5.11,3649,正常
2016/05/09 17:12:17,d7e9de1bda4f878073fd09a1880e58cf53edd333,1c38b5f27b7652c9c8bcfeb1813f2d77e664fdc8,存款,现金充值机,100.0,105.11,3650,正常
2016/05/09 17:34:54,d7e9de1bda4f878073fd09a1880e58cf53edd333,1c38b5f27b7652c9c8bcfeb1813f2d77e664fdc8,持卡人消费,学苑楼商务网关,-8.0,97.11,3651,正常
2016/05/10 10:57:31,d7e9de1bda4f878073fd09a1880e58cf53edd333,1c38b5f27b7652c9c8bcfeb1813f2d77e664fdc8,持卡人消费,学苑楼商务网关,-10.0,87.11,3652,正常
2016/05/10 10:58:12,d7e9de1bda4f878073fd09a1880e58cf53edd333,1c38b5f27b7652c9c8bcfeb1813f2d77e664fdc8,持卡人消费,学苑楼商务网关,-1.5,85.61,3653,正常
2016/05/10 10:58:15,d7e9de1bda4f878073fd09a1880e58cf53edd333,1c38b5f27b7652c9c8bcfeb1813f2d77e664fdc8,持卡人消费,学苑楼商务网关,-1.5,84.11,3654,正常
2016/05/10 15:55:01,d7e9de1bda4f878073fd09a1880e58cf53edd333,1c38b5f27b7652c9c8bcfeb1813f2d77e664fdc8,持卡人消费,一校区水控新,-2.0,82.11,3655,正常
2016/05/10 15:57:36,d7e9de1bda4f878073fd09a1880e58cf53edd333,1c38b5f27b7652c9c8bcfeb1813f2d77e664fdc8,持卡人消费,一校区水控新,-0.21,81.90,3657,正常
2016/05/11 11:14:09,d7e9de1bda4f878073fd09a1880e58cf53edd333,1c38b5f27b7652c9c8bcfeb1813f2d77e664fdc8,持卡人消费,学苑楼商务网关,-8.0,73.90,3658,正常
2016/05/11 17:16:52,d7e9de1bda4f878073fd09a1880e58cf53edd333,1c38b5f27b7652c9c8bcfeb1813f2d77e664fdc8,持卡人消费,学士楼商务网关,-3.1,70.80,3659,正常
2016/05/12 11:01:03,d7e9de1bda4f878073fd09a1880e58cf53edd333,1c38b5f27b7652c9c8bcfeb1813f2d77e664fdc8,持卡人消费,学苑楼商务网关,-10.0,60.80,3660,正常
2016/05/12 11:06:45,d7e9de1bda4f878073fd09a1880e58cf53edd333,1c38b5f27b7652c9c8bcfeb1813f2d77e664fdc8,持卡人消费,学苑楼商务网关,-1.5,59.30,3661,正常
2016/05/12 21:01:12,d7e9de1bda4f878073fd09a1880e58cf53edd333,1c38b5f27b7652c9c8bcfeb1813f2d77e664fdc8,持卡人消费,A7,-3.0,56.30,3662,正常
2016/05/13 07:51:09,d7e9de1bda4f878073fd09a1880e58cf53edd333,1c38b5f27b7652c9c8bcfeb1813f2d77e664fdc8,持卡人消费,学士楼商务网关,-4.0,52.30,3663,正常
2016/05/13 11:06:36,d7e9de1bda4f878073fd09a1880e58cf53edd333,1c38b5f27b7652c9c8bcfeb1813f2d77e664fdc8,持卡人消费,学苑楼商务网关,-7.5,44.80,3664,正常
2016/05/13 16:33:36,d7e9de1bda4f878073fd09a1880e58cf53edd333,1c38b5f27b7652c9c8bcfeb1813f2d77e664fdc8,持卡人消费,学苑楼商务网关,-10.0,34.80,3665,正常
2016/05/15 17:36:49,d7e9de1bda4f878073fd09a1880e58cf53edd333,1c38b5f27b7652c9c8bcfeb1813f2d77e664fdc8,持卡人消费,学士楼商务网关,-1.4,33.40,3666,正常
2016/05/15 17:38:06,d7e9de1bda4f878073fd09a1880e58cf53edd333,1c38b5f27b7652c9c8bcfeb1813f2d77e664fdc8,持卡人消费,学士楼商务网关,-3.1,30.30,3667,正常
2016/05/16 10:59:26,d7e9de1bda4f878073fd09a1880e58cf53edd333,1c38b5f27b7652c9c8bcfeb1813f2d77e664fdc8,持卡人消费,学苑楼商务网关,-8.0,22.30,3668,正常
2016/05/16 17:08:15,d7e9de1bda4f878073fd09a1880e58cf53edd333,1c38b5f27b7652c9c8bcfeb1813f2d77e664fdc8,持卡人消费,学苑楼商务网关,-8.0,14.30,3669,正常
2016/05/17 10:14:07,d7e9de1bda4f878073fd09a1880e58cf53edd333,1c38b5f27b7652c9c8bcfeb1813f2d77e664fdc8,存款,现金充值机,50.0,64.30,3670,正常
2016/05/17 10:37:07,d7e9de1bda4f878073fd09a1880e58cf53edd333,1c38b5f27b7652c9c8bcfeb1813f2d77e664fdc8,持卡人消费,学苑楼商务网关,-8.8,55.50,3671,正常
2016/05/18 11:15:44,d7e9de1bda4f878073fd09a1880e58cf53edd333,1c38b5f27b7652c9c8bcfeb1813f2d77e664fdc8,持卡人消费,学苑楼商务网关,-8.0,47.50,3672,正常
2016/05/18 17:04:17,d7e9de1bda4f878073fd09a1880e58cf53edd333,1c38b5f27b7652c9c8bcfeb1813f2d77e664fdc8,持卡人消费,学苑楼商务网关,-11.0,36.50,3673,正常
2016/05/18 17:05:33,d7e9de1bda4f878073fd09a1880e58cf53edd333,1c38b5f27b7652c9c8bcfeb1813f2d77e664fdc8,持卡人消费,学苑楼商务网关,-3.0,33.50,3674,正常
2016/05/18 17:22:06,d7e9de1bda4f878073fd09a1880e58cf53edd333,1c38b5f27b7652c9c8bcfeb1813f2d77e664fdc8,持卡人消费,学苑楼商务网关,-8.0,25.50,3675,正常
2016/05/19 11:21:30,d7e9de1bda4f878073fd09a1880e58cf53edd333,1c38b5f27b7652c9c8bcfeb1813f2d77e664fdc8,持卡人消费,学苑楼商务网关,-7.0,18.50,3676,正常
2016/05/19 11:33:09,d7e9de1bda4f878073fd09a1880e58cf53edd333,1c38b5f27b7652c9c8bcfeb1813f2d77e664fdc8,持卡人消费,学苑楼商务网关,-1.5,17.00,3677,正常
2016/05/19 17:06:08,d7e9de1bda4f878073fd09a1880e58cf53edd333,1c38b5f27b7652c9c8bcfeb1813f2d77e664fdc8,持卡人消费,学苑楼商务网关,-7.0,10.00,3678,正常
2016/05/19 17:07:16,d7e9de1bda4f878073fd09a1880e58cf53edd333,1c38b5f27b7652c9c8bcfeb1813f2d77e664fdc8,持卡人消费,学苑楼商务网关,-7.0,3.00,3679,正常
2016/05/24 15:14:58,d7e9de1bda4f878073fd09a1880e58cf53edd333,1c38b5f27b7652c9c8bcfeb1813f2d77e664fdc8,持卡人消费,一校区水控新,-2.0,1.00,3680,正常
2016/05/25 10:28:12,d7e9de1bda4f878073fd09a1880e58cf53edd333,1c38b5f27b7652c9c8bcfeb1813f2d77e664fdc8,存款,现金充值机,50.0,51.00,3681,正常
2016/05/25 10:51:46,d7e9de1bda4f878073fd09a1880e58cf53edd333,1c38b5f27b7652c9c8bcfeb1813f2d77e664fdc8,持卡人消费,学苑楼商务网关,-7.0,44.00,3682,正常
2016/05/25 16:59:20,d7e9de1bda4f878073fd09a1880e58cf53edd333,1c38b5f27b7652c9c8bcfeb1813f2d77e664fdc8,持卡人消费,学苑楼商务网关,-8.8,35.20,3683,正常
2016/05/25 17:00:06,d7e9de1bda4f878073fd09a1880e58cf53edd333,1c38b5f27b7652c9c8bcfeb1813f2d77e664fdc8,持卡人消费,学苑楼商务网关,-8.0,27.20,3684,正常
2016/05/25 18:28:59,d7e9de1bda4f878073fd09a1880e58cf53edd333,1c38b5f27b7652c9c8bcfeb1813f2d77e664fdc8,持卡人消费,一校区水控新,-2.0,25.20,3685,正常
2016/05/26 17:03:05,d7e9de1bda4f878073fd09a1880e58cf53edd333,1c38b5f27b7652c9c8bcfeb1813f2d77e664fdc8,持卡人消费,学苑楼商务网关,-7.5,17.70,3686,正常
2016/05/27 17:04:06,d7e9de1bda4f878073fd09a1880e58cf53edd333,1c38b5f27b7652c9c8bcfeb1813f2d77e664fdc8,持卡人消费,学苑楼商务网关,-8.0,9.70,3687,正常
2016/05/28 10:29:16,d7e9de1bda4f878073fd09a1880e58cf53edd333,1c38b5f27b7652c9c8bcfeb1813f2d77e664fdc8,存款,现金充值机,100.0,109.70,3688,正常
2016/05/28 10:53:21,d7e9de1bda4f878073fd09a1880e58cf53edd333,1c38b5f27b7652c9c8bcfeb1813f2d77e664fdc8,持卡人消费,学苑楼商务网关,-6.0,103.70,3689,正常
2016/05/28 11:07:28,d7e9de1bda4f878073fd09a1880e58cf53edd333,1c38b5f27b7652c9c8bcfeb1813f2d77e664fdc8,持卡人消费,学苑楼商务网关,-8.0,95.70,3690,正常
2016/05/30 11:12:15,d7e9de1bda4f878073fd09a1880e58cf53edd333,1c38b5f27b7652c9c8bcfeb1813f2d77e664fdc8,持卡人消费,学苑楼商务网关,-7.0,88.70,3691,正常
2016/05/30 17:20:01,d7e9de1bda4f878073fd09a1880e58cf53edd333,1c38b5f27b7652c9c8bcfeb1813f2d77e664fdc8,持卡人消费,硕果园（工大商店）,-12.0,76.70,3692,正常
2016/05/31 17:25:49,d7e9de1bda4f878073fd09a1880e58cf53edd333,1c38b5f27b7652c9c8bcfeb1813f2d77e664fdc8,持卡人消费,学苑楼商务网关,-7.0,69.70,3693,正常
2016/05/31 17:40:57,d7e9de1bda4f878073fd09a1880e58cf53edd333,1c38b5f27b7652c9c8bcfeb1813f2d77e664fdc8,持卡人消费,学苑楼商务网关,-8.0,61.70,3694,正常
