交易发生时间,学号,姓名,交易类型,子系统名称,交易额,现有余额,次数,状态
2016/05/15 19:29:08,ef018b5378907d746122bf161941da8ca65ebacc,1cc52f01121ac3ea1431ea94ab03e29294c9166b,持卡人消费,二区水控,-1.92,17.51,2947,正常
2016/05/15 21:08:56,ef018b5378907d746122bf161941da8ca65ebacc,1cc52f01121ac3ea1431ea94ab03e29294c9166b,持卡人消费,学子便利店B07,-3.8,13.71,2948,正常
2016/05/16 21:59:36,ef018b5378907d746122bf161941da8ca65ebacc,1cc52f01121ac3ea1431ea94ab03e29294c9166b,持卡人消费,学子便利店B07,-3.2,10.51,2949,正常
2016/05/16 21:59:40,ef018b5378907d746122bf161941da8ca65ebacc,1cc52f01121ac3ea1431ea94ab03e29294c9166b,持卡人消费,学子便利店B07,-2.0,8.51,2950,正常
2016/05/17 16:38:58,ef018b5378907d746122bf161941da8ca65ebacc,1cc52f01121ac3ea1431ea94ab03e29294c9166b,持卡人消费,二区水控,-1.76,6.75,2952,正常
2016/05/22 14:20:01,ef018b5378907d746122bf161941da8ca65ebacc,1cc52f01121ac3ea1431ea94ab03e29294c9166b,持卡人消费,二区水控,-1.79,4.96,2954,正常
2016/05/22 14:28:03,ef018b5378907d746122bf161941da8ca65ebacc,1cc52f01121ac3ea1431ea94ab03e29294c9166b,持卡人消费,B7,-3.0,1.96,2955,正常
