交易发生时间,学号,姓名,交易类型,子系统名称,交易额,现有余额,次数,状态
2016/05/01 11:33:22,71b903eafc46c0fa1ace01de671dc97bfc95eb35,1d0008d813742f381dc02194f9f99add52f85a98,持卡人消费,学士楼商务网关,-12.0,107.51,3221,正常
2016/05/01 11:34:22,71b903eafc46c0fa1ace01de671dc97bfc95eb35,1d0008d813742f381dc02194f9f99add52f85a98,持卡人消费,学士楼商务网关,-0.8,106.71,3222,正常
2016/05/01 20:51:08,71b903eafc46c0fa1ace01de671dc97bfc95eb35,1d0008d813742f381dc02194f9f99add52f85a98,持卡人消费,网络中心,-30.0,76.71,3223,正常
2016/05/04 12:26:28,71b903eafc46c0fa1ace01de671dc97bfc95eb35,1d0008d813742f381dc02194f9f99add52f85a98,持卡人消费,学士楼商务网关,-9.8,66.91,3224,正常
2016/05/05 11:29:28,71b903eafc46c0fa1ace01de671dc97bfc95eb35,1d0008d813742f381dc02194f9f99add52f85a98,持卡人消费,硕果园（工大商店）,-7.0,59.91,3225,正常
2016/05/05 11:30:17,71b903eafc46c0fa1ace01de671dc97bfc95eb35,1d0008d813742f381dc02194f9f99add52f85a98,持卡人消费,硕果园（工大商店）,-12.0,47.91,3226,正常
2016/05/05 11:46:56,71b903eafc46c0fa1ace01de671dc97bfc95eb35,1d0008d813742f381dc02194f9f99add52f85a98,持卡人消费,硕果园（工大商店）,-6.0,41.91,3227,正常
2016/05/05 11:59:12,71b903eafc46c0fa1ace01de671dc97bfc95eb35,1d0008d813742f381dc02194f9f99add52f85a98,持卡人消费,一区图书馆APOS,-1.05,40.86,3228,正常
2016/05/07 11:54:17,71b903eafc46c0fa1ace01de671dc97bfc95eb35,1d0008d813742f381dc02194f9f99add52f85a98,持卡人消费,学士楼商务网关,-8.0,32.86,3229,正常
2016/05/07 11:54:58,71b903eafc46c0fa1ace01de671dc97bfc95eb35,1d0008d813742f381dc02194f9f99add52f85a98,持卡人消费,学士楼商务网关,-3.1,29.76,3230,正常
2016/05/08 18:47:31,71b903eafc46c0fa1ace01de671dc97bfc95eb35,1d0008d813742f381dc02194f9f99add52f85a98,持卡人消费,硕果园（工大商店）,-5.0,24.76,3231,正常
2016/05/08 18:48:41,71b903eafc46c0fa1ace01de671dc97bfc95eb35,1d0008d813742f381dc02194f9f99add52f85a98,持卡人消费,硕果园（工大商店）,-10.0,14.76,3232,正常
2016/05/09 12:11:18,71b903eafc46c0fa1ace01de671dc97bfc95eb35,1d0008d813742f381dc02194f9f99add52f85a98,持卡人消费,硕果园（工大商店）,-7.0,7.76,3233,正常
2016/05/09 12:13:31,71b903eafc46c0fa1ace01de671dc97bfc95eb35,1d0008d813742f381dc02194f9f99add52f85a98,持卡人消费,硕果园（工大商店）,-3.0,4.76,3234,正常
2016/05/11 11:13:53,71b903eafc46c0fa1ace01de671dc97bfc95eb35,1d0008d813742f381dc02194f9f99add52f85a98,存款,现金充值机,100.0,104.76,3235,正常
2016/05/11 11:14:07,71b903eafc46c0fa1ace01de671dc97bfc95eb35,1d0008d813742f381dc02194f9f99add52f85a98,存款,现金充值机,100.0,204.76,3236,正常
2016/05/11 11:36:50,71b903eafc46c0fa1ace01de671dc97bfc95eb35,1d0008d813742f381dc02194f9f99add52f85a98,持卡人消费,学苑楼商务网关,-7.0,197.76,3237,正常
2016/05/11 11:37:05,71b903eafc46c0fa1ace01de671dc97bfc95eb35,1d0008d813742f381dc02194f9f99add52f85a98,持卡人消费,学苑楼商务网关,-9.0,188.76,3238,正常
2016/05/11 11:43:27,71b903eafc46c0fa1ace01de671dc97bfc95eb35,1d0008d813742f381dc02194f9f99add52f85a98,持卡人消费,学苑楼商务网关,-0.5,188.26,3239,正常
2016/05/11 11:43:44,71b903eafc46c0fa1ace01de671dc97bfc95eb35,1d0008d813742f381dc02194f9f99add52f85a98,持卡人消费,学苑楼商务网关,-7.0,181.26,3240,正常
2016/05/11 14:58:43,71b903eafc46c0fa1ace01de671dc97bfc95eb35,1d0008d813742f381dc02194f9f99add52f85a98,持卡人消费,超市商务子系统,-5.0,176.26,3241,正常
2016/05/11 16:49:47,71b903eafc46c0fa1ace01de671dc97bfc95eb35,1d0008d813742f381dc02194f9f99add52f85a98,持卡人消费,学士楼商务网关,-12.0,164.26,3242,正常
2016/05/11 16:50:59,71b903eafc46c0fa1ace01de671dc97bfc95eb35,1d0008d813742f381dc02194f9f99add52f85a98,持卡人消费,学士楼商务网关,-7.9,156.36,3243,正常
2016/05/11 20:08:12,71b903eafc46c0fa1ace01de671dc97bfc95eb35,1d0008d813742f381dc02194f9f99add52f85a98,持卡人消费,学子便利店A01后楼,-4.2,152.16,3244,正常
2016/05/12 17:48:08,71b903eafc46c0fa1ace01de671dc97bfc95eb35,1d0008d813742f381dc02194f9f99add52f85a98,持卡人消费,硕果园（工大商店）,-20.0,132.16,3245,正常
2016/05/13 12:07:31,71b903eafc46c0fa1ace01de671dc97bfc95eb35,1d0008d813742f381dc02194f9f99add52f85a98,持卡人消费,学士楼商务网关,-16.6,115.56,3246,正常
2016/05/15 12:25:16,71b903eafc46c0fa1ace01de671dc97bfc95eb35,1d0008d813742f381dc02194f9f99add52f85a98,持卡人消费,学士楼商务网关,-9.2,106.36,3247,正常
2016/05/15 12:27:44,71b903eafc46c0fa1ace01de671dc97bfc95eb35,1d0008d813742f381dc02194f9f99add52f85a98,持卡人消费,学士楼商务网关,-14.0,92.36,3248,正常
2016/05/16 14:57:55,71b903eafc46c0fa1ace01de671dc97bfc95eb35,1d0008d813742f381dc02194f9f99add52f85a98,持卡人消费,15公寓浴池,-1.84,90.52,3250,正常
2016/05/16 15:06:16,71b903eafc46c0fa1ace01de671dc97bfc95eb35,1d0008d813742f381dc02194f9f99add52f85a98,持卡人消费,学子便利店A01后楼,-5.8,84.72,3251,正常
2016/05/16 18:05:57,71b903eafc46c0fa1ace01de671dc97bfc95eb35,1d0008d813742f381dc02194f9f99add52f85a98,持卡人消费,学士楼商务网关,-13.4,71.32,3252,正常
2016/05/16 18:06:41,71b903eafc46c0fa1ace01de671dc97bfc95eb35,1d0008d813742f381dc02194f9f99add52f85a98,持卡人消费,学士楼商务网关,-3.5,67.82,3253,正常
2016/05/16 18:25:39,71b903eafc46c0fa1ace01de671dc97bfc95eb35,1d0008d813742f381dc02194f9f99add52f85a98,持卡人消费,学士楼商务网关,-7.0,60.82,3254,正常
2016/05/16 21:51:17,71b903eafc46c0fa1ace01de671dc97bfc95eb35,1d0008d813742f381dc02194f9f99add52f85a98,持卡人消费,学子便利店A01后楼,-8.2,52.62,3255,正常
2016/05/18 09:57:22,71b903eafc46c0fa1ace01de671dc97bfc95eb35,1d0008d813742f381dc02194f9f99add52f85a98,持卡人消费,硕果园（工大商店）,-10.0,42.62,3256,正常
2016/05/18 21:14:44,71b903eafc46c0fa1ace01de671dc97bfc95eb35,1d0008d813742f381dc02194f9f99add52f85a98,持卡人消费,学子便利店A01后楼,-11.4,31.22,3257,正常
2016/05/22 21:31:41,71b903eafc46c0fa1ace01de671dc97bfc95eb35,1d0008d813742f381dc02194f9f99add52f85a98,持卡人消费,A1,-6.0,25.22,3258,正常
2016/05/23 18:09:24,71b903eafc46c0fa1ace01de671dc97bfc95eb35,1d0008d813742f381dc02194f9f99add52f85a98,持卡人消费,学子便利店A01后楼,-4.2,21.02,3259,正常
2016/05/23 19:23:03,71b903eafc46c0fa1ace01de671dc97bfc95eb35,1d0008d813742f381dc02194f9f99add52f85a98,持卡人消费,硕果园（工大商店）,-14.0,7.02,3260,正常
2016/05/25 19:00:53,71b903eafc46c0fa1ace01de671dc97bfc95eb35,1d0008d813742f381dc02194f9f99add52f85a98,持卡人消费,学子便利店A01后楼,-6.4,0.62,3261,正常
2016/05/30 12:44:45,71b903eafc46c0fa1ace01de671dc97bfc95eb35,1d0008d813742f381dc02194f9f99add52f85a98,存款,卡中心综合业务,100.0,100.62,3262,正常
2016/05/30 18:50:44,71b903eafc46c0fa1ace01de671dc97bfc95eb35,1d0008d813742f381dc02194f9f99add52f85a98,持卡人消费,超市商务子系统,-6.8,93.82,3263,正常
2016/05/30 18:50:46,71b903eafc46c0fa1ace01de671dc97bfc95eb35,1d0008d813742f381dc02194f9f99add52f85a98,持卡人消费,超市商务子系统,-0.1,93.72,3264,正常
