交易发生时间,学号,姓名,交易类型,子系统名称,交易额,现有余额,次数,状态
2016/05/01 07:32:03,4bed82e36f3f79ddeb051a51baf8830bdbebdec7,1d39f0ea9efe1a8b2d3190910e06353c4bd4499d,持卡人消费,硕果园（工大商店）,-3.5,13.73,3007,正常
2016/05/03 10:16:58,4bed82e36f3f79ddeb051a51baf8830bdbebdec7,1d39f0ea9efe1a8b2d3190910e06353c4bd4499d,存款,现金充值机,100.0,113.73,3008,正常
2016/05/03 10:39:52,4bed82e36f3f79ddeb051a51baf8830bdbebdec7,1d39f0ea9efe1a8b2d3190910e06353c4bd4499d,持卡人消费,学苑楼商务网关,-9.0,104.73,3009,正常
2016/05/04 17:40:21,4bed82e36f3f79ddeb051a51baf8830bdbebdec7,1d39f0ea9efe1a8b2d3190910e06353c4bd4499d,持卡人消费,学苑楼商务网关,-7.0,97.73,3010,正常
2016/05/04 18:16:00,4bed82e36f3f79ddeb051a51baf8830bdbebdec7,1d39f0ea9efe1a8b2d3190910e06353c4bd4499d,持卡人消费,超市商务子系统,-6.0,91.73,3011,正常
2016/05/05 14:28:16,4bed82e36f3f79ddeb051a51baf8830bdbebdec7,1d39f0ea9efe1a8b2d3190910e06353c4bd4499d,持卡人消费,一校区水控新,-1.39,90.34,3013,正常
2016/05/06 18:17:07,4bed82e36f3f79ddeb051a51baf8830bdbebdec7,1d39f0ea9efe1a8b2d3190910e06353c4bd4499d,持卡人消费,学子楼商务网关,-9.6,80.74,3014,正常
2016/05/06 18:37:28,4bed82e36f3f79ddeb051a51baf8830bdbebdec7,1d39f0ea9efe1a8b2d3190910e06353c4bd4499d,持卡人消费,超市商务子系统,-15.8,64.94,3015,正常
2016/05/06 18:46:43,4bed82e36f3f79ddeb051a51baf8830bdbebdec7,1d39f0ea9efe1a8b2d3190910e06353c4bd4499d,持卡人消费,超市商务子系统,-13.6,51.34,3016,正常
2016/05/08 10:52:20,4bed82e36f3f79ddeb051a51baf8830bdbebdec7,1d39f0ea9efe1a8b2d3190910e06353c4bd4499d,存款,现金充值机,100.0,151.34,3017,正常
2016/05/08 11:14:15,4bed82e36f3f79ddeb051a51baf8830bdbebdec7,1d39f0ea9efe1a8b2d3190910e06353c4bd4499d,持卡人消费,学苑楼商务网关,-7.8,143.54,3018,正常
2016/05/09 16:53:51,4bed82e36f3f79ddeb051a51baf8830bdbebdec7,1d39f0ea9efe1a8b2d3190910e06353c4bd4499d,持卡人消费,硕果园（工大商店）,-15.0,128.54,3019,正常
2016/05/12 15:06:40,4bed82e36f3f79ddeb051a51baf8830bdbebdec7,1d39f0ea9efe1a8b2d3190910e06353c4bd4499d,持卡人消费,一校区水控新,-2.0,126.54,3020,正常
2016/05/25 12:12:31,4bed82e36f3f79ddeb051a51baf8830bdbebdec7,1d39f0ea9efe1a8b2d3190910e06353c4bd4499d,持卡人消费,硕果园（工大商店）,-2.0,112.54,3022,正常
2016/05/25 14:59:46,4bed82e36f3f79ddeb051a51baf8830bdbebdec7,1d39f0ea9efe1a8b2d3190910e06353c4bd4499d,持卡人消费,一校区水控新,-1.84,110.70,3024,正常
2016/05/25 20:37:29,4bed82e36f3f79ddeb051a51baf8830bdbebdec7,1d39f0ea9efe1a8b2d3190910e06353c4bd4499d,持卡人消费,超市商务子系统,-12.4,98.30,3025,正常
2016/05/25 20:42:08,4bed82e36f3f79ddeb051a51baf8830bdbebdec7,1d39f0ea9efe1a8b2d3190910e06353c4bd4499d,持卡人消费,超市商务子系统,-3.0,95.30,3026,正常
2016/05/27 17:11:41,4bed82e36f3f79ddeb051a51baf8830bdbebdec7,1d39f0ea9efe1a8b2d3190910e06353c4bd4499d,持卡人消费,学苑楼商务网关,-7.8,87.50,3027,正常
2016/05/27 17:27:12,4bed82e36f3f79ddeb051a51baf8830bdbebdec7,1d39f0ea9efe1a8b2d3190910e06353c4bd4499d,持卡人消费,超市商务子系统,-6.0,81.50,3028,正常
2016/05/28 08:14:12,4bed82e36f3f79ddeb051a51baf8830bdbebdec7,1d39f0ea9efe1a8b2d3190910e06353c4bd4499d,持卡人消费,学士楼商务网关,-3.5,78.00,3029,正常
2016/05/28 11:08:42,4bed82e36f3f79ddeb051a51baf8830bdbebdec7,1d39f0ea9efe1a8b2d3190910e06353c4bd4499d,持卡人消费,学士楼商务网关,-6.3,71.70,3030,正常
2016/05/28 11:08:54,4bed82e36f3f79ddeb051a51baf8830bdbebdec7,1d39f0ea9efe1a8b2d3190910e06353c4bd4499d,持卡人消费,学士楼商务网关,-4.0,67.70,3031,正常
2016/05/28 11:10:04,4bed82e36f3f79ddeb051a51baf8830bdbebdec7,1d39f0ea9efe1a8b2d3190910e06353c4bd4499d,持卡人消费,学士楼商务网关,-1.5,66.20,3032,正常
2016/05/28 11:11:10,4bed82e36f3f79ddeb051a51baf8830bdbebdec7,1d39f0ea9efe1a8b2d3190910e06353c4bd4499d,持卡人消费,学士楼商务网关,-3.5,62.70,3033,正常
2016/05/29 18:43:10,4bed82e36f3f79ddeb051a51baf8830bdbebdec7,1d39f0ea9efe1a8b2d3190910e06353c4bd4499d,持卡人消费,学子楼商务网关,-6.4,56.30,3034,正常
2016/05/30 14:40:36,4bed82e36f3f79ddeb051a51baf8830bdbebdec7,1d39f0ea9efe1a8b2d3190910e06353c4bd4499d,持卡人消费,超市商务子系统,-7.0,49.30,3035,正常
2016/05/31 13:51:41,4bed82e36f3f79ddeb051a51baf8830bdbebdec7,1d39f0ea9efe1a8b2d3190910e06353c4bd4499d,持卡人消费,学士楼商务网关,-6.3,43.00,3036,正常
2016/05/31 13:54:31,4bed82e36f3f79ddeb051a51baf8830bdbebdec7,1d39f0ea9efe1a8b2d3190910e06353c4bd4499d,持卡人消费,学士楼商务网关,-2.5,40.50,3037,正常
2016/05/31 14:08:52,4bed82e36f3f79ddeb051a51baf8830bdbebdec7,1d39f0ea9efe1a8b2d3190910e06353c4bd4499d,持卡人消费,学士楼商务网关,-7.0,33.50,3038,正常
2016/05/31 20:22:10,4bed82e36f3f79ddeb051a51baf8830bdbebdec7,1d39f0ea9efe1a8b2d3190910e06353c4bd4499d,持卡人消费,超市商务子系统,-0.7,32.80,3039,正常
2016/05/31 20:27:48,4bed82e36f3f79ddeb051a51baf8830bdbebdec7,1d39f0ea9efe1a8b2d3190910e06353c4bd4499d,持卡人消费,硕果园（工大商店）,-14.1,18.70,3040,正常
