交易发生时间,学号,姓名,交易类型,子系统名称,交易额,现有余额,次数,状态
2016/05/01 08:37:49,24d97a6dc02a05051a559b06f1d204829cdca5ca,1d5f512b9579d7649ec0958dd0920b71fa6426a2,持卡人消费,学苑楼商务网关,-6.0,74.75,3966,正常
2016/05/01 11:54:49,24d97a6dc02a05051a559b06f1d204829cdca5ca,1d5f512b9579d7649ec0958dd0920b71fa6426a2,持卡人消费,学苑楼商务网关,-7.0,67.75,3967,正常
2016/05/01 11:55:00,24d97a6dc02a05051a559b06f1d204829cdca5ca,1d5f512b9579d7649ec0958dd0920b71fa6426a2,持卡人消费,学苑楼商务网关,-0.6,67.15,3968,正常
2016/05/01 18:49:32,24d97a6dc02a05051a559b06f1d204829cdca5ca,1d5f512b9579d7649ec0958dd0920b71fa6426a2,持卡人消费,硕果园（工大商店）,-8.0,59.15,3969,正常
2016/05/02 08:18:26,24d97a6dc02a05051a559b06f1d204829cdca5ca,1d5f512b9579d7649ec0958dd0920b71fa6426a2,持卡人消费,学苑楼商务网关,-2.2,56.95,3970,正常
2016/05/02 08:18:31,24d97a6dc02a05051a559b06f1d204829cdca5ca,1d5f512b9579d7649ec0958dd0920b71fa6426a2,持卡人消费,学苑楼商务网关,-1.0,55.95,3971,正常
2016/05/02 12:22:03,24d97a6dc02a05051a559b06f1d204829cdca5ca,1d5f512b9579d7649ec0958dd0920b71fa6426a2,持卡人消费,学苑楼商务网关,-7.0,48.95,3972,正常
2016/05/03 14:56:30,24d97a6dc02a05051a559b06f1d204829cdca5ca,1d5f512b9579d7649ec0958dd0920b71fa6426a2,持卡人消费,硕果园（工大商店）,-9.0,39.95,3973,正常
2016/05/03 19:51:55,24d97a6dc02a05051a559b06f1d204829cdca5ca,1d5f512b9579d7649ec0958dd0920b71fa6426a2,持卡人消费,15公寓浴池,-2.0,37.95,3974,正常
2016/05/03 20:55:29,24d97a6dc02a05051a559b06f1d204829cdca5ca,1d5f512b9579d7649ec0958dd0920b71fa6426a2,持卡人消费,硕果园（工大商店）,-10.0,27.95,3975,正常
2016/05/05 12:04:50,24d97a6dc02a05051a559b06f1d204829cdca5ca,1d5f512b9579d7649ec0958dd0920b71fa6426a2,持卡人消费,学苑楼商务网关,-7.8,20.15,3976,正常
2016/05/05 20:39:09,24d97a6dc02a05051a559b06f1d204829cdca5ca,1d5f512b9579d7649ec0958dd0920b71fa6426a2,持卡人消费,硕果园（工大商店）,-10.0,10.15,3977,正常
2016/05/05 20:54:26,24d97a6dc02a05051a559b06f1d204829cdca5ca,1d5f512b9579d7649ec0958dd0920b71fa6426a2,持卡人消费,硕果园（工大商店）,-3.0,7.15,3978,正常
2016/05/05 21:40:04,24d97a6dc02a05051a559b06f1d204829cdca5ca,1d5f512b9579d7649ec0958dd0920b71fa6426a2,持卡人消费,A9,-3.0,4.15,3979,正常
2016/05/06 11:49:39,24d97a6dc02a05051a559b06f1d204829cdca5ca,1d5f512b9579d7649ec0958dd0920b71fa6426a2,存款,现金充值机,100.0,104.15,3980,正常
2016/05/06 12:10:34,24d97a6dc02a05051a559b06f1d204829cdca5ca,1d5f512b9579d7649ec0958dd0920b71fa6426a2,持卡人消费,学苑楼商务网关,-7.8,96.35,3981,正常
2016/05/06 12:27:00,24d97a6dc02a05051a559b06f1d204829cdca5ca,1d5f512b9579d7649ec0958dd0920b71fa6426a2,持卡人消费,学苑楼商务网关,-18.0,78.35,3982,正常
2016/05/06 19:02:53,24d97a6dc02a05051a559b06f1d204829cdca5ca,1d5f512b9579d7649ec0958dd0920b71fa6426a2,持卡人消费,15公寓浴池,-2.0,76.35,3983,正常
2016/05/06 19:40:31,24d97a6dc02a05051a559b06f1d204829cdca5ca,1d5f512b9579d7649ec0958dd0920b71fa6426a2,持卡人消费,硕果园（工大商店）,-8.0,68.35,3984,正常
2016/05/06 20:02:29,24d97a6dc02a05051a559b06f1d204829cdca5ca,1d5f512b9579d7649ec0958dd0920b71fa6426a2,持卡人消费,超市商务子系统,-27.9,40.45,3985,正常
2016/05/18 09:57:58,24d97a6dc02a05051a559b06f1d204829cdca5ca,1d5f512b9579d7649ec0958dd0920b71fa6426a2,持卡人消费,硕果园（工大商店）,-12.0,28.45,3986,正常
2016/05/18 20:35:15,24d97a6dc02a05051a559b06f1d204829cdca5ca,1d5f512b9579d7649ec0958dd0920b71fa6426a2,持卡人消费,15公寓浴池,-2.0,26.45,3987,正常
2016/05/19 08:00:08,24d97a6dc02a05051a559b06f1d204829cdca5ca,1d5f512b9579d7649ec0958dd0920b71fa6426a2,持卡人消费,学苑楼商务网关,-2.2,24.25,3988,正常
2016/05/19 07:46:47,24d97a6dc02a05051a559b06f1d204829cdca5ca,1d5f512b9579d7649ec0958dd0920b71fa6426a2,存款,现金充值机,100.0,124.25,3989,正常
2016/05/19 12:18:04,24d97a6dc02a05051a559b06f1d204829cdca5ca,1d5f512b9579d7649ec0958dd0920b71fa6426a2,持卡人消费,一区图书馆APOS,-1.7,122.55,3990,正常
2016/05/19 12:25:12,24d97a6dc02a05051a559b06f1d204829cdca5ca,1d5f512b9579d7649ec0958dd0920b71fa6426a2,持卡人消费,学苑楼商务网关,-7.0,115.55,3991,正常
2016/05/19 12:28:20,24d97a6dc02a05051a559b06f1d204829cdca5ca,1d5f512b9579d7649ec0958dd0920b71fa6426a2,持卡人消费,学苑楼商务网关,-0.8,114.75,3992,正常
2016/05/19 12:40:10,24d97a6dc02a05051a559b06f1d204829cdca5ca,1d5f512b9579d7649ec0958dd0920b71fa6426a2,持卡人消费,学苑楼商务网关,-12.9,101.85,3993,正常
2016/05/19 18:19:59,24d97a6dc02a05051a559b06f1d204829cdca5ca,1d5f512b9579d7649ec0958dd0920b71fa6426a2,持卡人消费,硕果园（工大商店）,-10.0,91.85,3994,正常
2016/05/20 07:59:37,24d97a6dc02a05051a559b06f1d204829cdca5ca,1d5f512b9579d7649ec0958dd0920b71fa6426a2,持卡人消费,学苑楼商务网关,-2.2,89.65,3995,正常
2016/05/20 12:56:45,24d97a6dc02a05051a559b06f1d204829cdca5ca,1d5f512b9579d7649ec0958dd0920b71fa6426a2,持卡人消费,学苑楼商务网关,-7.0,82.65,3996,正常
2016/05/20 12:56:48,24d97a6dc02a05051a559b06f1d204829cdca5ca,1d5f512b9579d7649ec0958dd0920b71fa6426a2,持卡人消费,学苑楼商务网关,-0.8,81.85,3997,正常
2016/05/20 13:10:27,24d97a6dc02a05051a559b06f1d204829cdca5ca,1d5f512b9579d7649ec0958dd0920b71fa6426a2,持卡人消费,学苑楼商务网关,-2.3,79.55,3998,正常
2016/05/20 20:29:28,24d97a6dc02a05051a559b06f1d204829cdca5ca,1d5f512b9579d7649ec0958dd0920b71fa6426a2,持卡人消费,硕果园（工大商店）,-9.0,70.55,3999,正常
2016/05/21 08:54:07,24d97a6dc02a05051a559b06f1d204829cdca5ca,1d5f512b9579d7649ec0958dd0920b71fa6426a2,持卡人消费,学士楼商务网关,-3.5,67.05,4000,正常
2016/05/21 11:58:36,24d97a6dc02a05051a559b06f1d204829cdca5ca,1d5f512b9579d7649ec0958dd0920b71fa6426a2,持卡人消费,硕果园（工大商店）,-12.0,55.05,4001,正常
2016/05/21 21:28:57,24d97a6dc02a05051a559b06f1d204829cdca5ca,1d5f512b9579d7649ec0958dd0920b71fa6426a2,持卡人消费,A9,-3.0,52.05,4002,正常
2016/05/22 08:13:06,24d97a6dc02a05051a559b06f1d204829cdca5ca,1d5f512b9579d7649ec0958dd0920b71fa6426a2,持卡人消费,学苑楼商务网关,-2.2,49.85,4003,正常
2016/05/22 08:13:52,24d97a6dc02a05051a559b06f1d204829cdca5ca,1d5f512b9579d7649ec0958dd0920b71fa6426a2,持卡人消费,学苑楼商务网关,-1.0,48.85,4004,正常
2016/05/22 12:18:19,24d97a6dc02a05051a559b06f1d204829cdca5ca,1d5f512b9579d7649ec0958dd0920b71fa6426a2,持卡人消费,硕果园（工大商店）,-12.0,36.85,4005,正常
2016/05/22 17:33:26,24d97a6dc02a05051a559b06f1d204829cdca5ca,1d5f512b9579d7649ec0958dd0920b71fa6426a2,持卡人消费,学苑楼商务网关,-7.0,29.85,4006,正常
2016/05/22 17:43:17,24d97a6dc02a05051a559b06f1d204829cdca5ca,1d5f512b9579d7649ec0958dd0920b71fa6426a2,持卡人消费,学苑楼商务网关,-3.0,26.85,4007,正常
2016/05/22 20:47:25,24d97a6dc02a05051a559b06f1d204829cdca5ca,1d5f512b9579d7649ec0958dd0920b71fa6426a2,持卡人消费,15公寓浴池,-2.0,24.85,4008,正常
2016/05/23 07:51:31,24d97a6dc02a05051a559b06f1d204829cdca5ca,1d5f512b9579d7649ec0958dd0920b71fa6426a2,持卡人消费,学苑楼商务网关,-2.2,22.65,4009,正常
2016/05/23 12:57:58,24d97a6dc02a05051a559b06f1d204829cdca5ca,1d5f512b9579d7649ec0958dd0920b71fa6426a2,持卡人消费,学苑楼商务网关,-7.0,15.65,4010,正常
2016/05/23 12:59:18,24d97a6dc02a05051a559b06f1d204829cdca5ca,1d5f512b9579d7649ec0958dd0920b71fa6426a2,持卡人消费,学苑楼商务网关,-0.8,14.85,4011,正常
2016/05/23 13:11:02,24d97a6dc02a05051a559b06f1d204829cdca5ca,1d5f512b9579d7649ec0958dd0920b71fa6426a2,持卡人消费,学苑楼商务网关,-4.3,10.55,4012,正常
2016/05/23 20:09:10,24d97a6dc02a05051a559b06f1d204829cdca5ca,1d5f512b9579d7649ec0958dd0920b71fa6426a2,持卡人消费,硕果园（工大商店）,-9.0,1.55,4013,正常
2016/05/24 07:17:34,24d97a6dc02a05051a559b06f1d204829cdca5ca,1d5f512b9579d7649ec0958dd0920b71fa6426a2,存款,现金充值机,100.0,101.55,4014,正常
2016/05/24 07:38:40,24d97a6dc02a05051a559b06f1d204829cdca5ca,1d5f512b9579d7649ec0958dd0920b71fa6426a2,持卡人消费,学苑楼商务网关,-2.2,99.35,4015,正常
2016/05/25 07:54:45,24d97a6dc02a05051a559b06f1d204829cdca5ca,1d5f512b9579d7649ec0958dd0920b71fa6426a2,持卡人消费,学苑楼商务网关,-2.2,97.15,4016,正常
2016/05/25 09:00:24,24d97a6dc02a05051a559b06f1d204829cdca5ca,1d5f512b9579d7649ec0958dd0920b71fa6426a2,持卡人消费,网络中心,-30.0,67.15,4017,正常
2016/05/25 11:45:19,24d97a6dc02a05051a559b06f1d204829cdca5ca,1d5f512b9579d7649ec0958dd0920b71fa6426a2,持卡人消费,学苑楼商务网关,-7.0,60.15,4018,正常
2016/05/25 11:48:16,24d97a6dc02a05051a559b06f1d204829cdca5ca,1d5f512b9579d7649ec0958dd0920b71fa6426a2,持卡人消费,学苑楼商务网关,-0.8,59.35,4019,正常
2016/05/25 18:00:34,24d97a6dc02a05051a559b06f1d204829cdca5ca,1d5f512b9579d7649ec0958dd0920b71fa6426a2,持卡人消费,学苑楼商务网关,-7.0,52.35,4020,正常
2016/05/25 18:27:55,24d97a6dc02a05051a559b06f1d204829cdca5ca,1d5f512b9579d7649ec0958dd0920b71fa6426a2,持卡人消费,学苑楼商务网关,-5.5,46.85,4021,正常
2016/05/25 21:52:27,24d97a6dc02a05051a559b06f1d204829cdca5ca,1d5f512b9579d7649ec0958dd0920b71fa6426a2,持卡人消费,A9,-3.0,43.85,4022,正常
2016/05/26 07:46:45,24d97a6dc02a05051a559b06f1d204829cdca5ca,1d5f512b9579d7649ec0958dd0920b71fa6426a2,持卡人消费,学苑楼商务网关,-2.2,41.65,4023,正常
2016/05/26 17:53:20,24d97a6dc02a05051a559b06f1d204829cdca5ca,1d5f512b9579d7649ec0958dd0920b71fa6426a2,持卡人消费,学苑楼商务网关,-3.0,38.65,4024,正常
2016/05/27 08:03:26,24d97a6dc02a05051a559b06f1d204829cdca5ca,1d5f512b9579d7649ec0958dd0920b71fa6426a2,持卡人消费,学苑楼商务网关,-2.2,36.45,4025,正常
2016/05/27 12:03:00,24d97a6dc02a05051a559b06f1d204829cdca5ca,1d5f512b9579d7649ec0958dd0920b71fa6426a2,持卡人消费,学苑楼商务网关,-9.0,27.45,4026,正常
2016/05/27 12:17:07,24d97a6dc02a05051a559b06f1d204829cdca5ca,1d5f512b9579d7649ec0958dd0920b71fa6426a2,持卡人消费,学苑楼商务网关,-4.5,22.95,4027,正常
2016/05/27 17:22:13,24d97a6dc02a05051a559b06f1d204829cdca5ca,1d5f512b9579d7649ec0958dd0920b71fa6426a2,持卡人消费,学苑楼商务网关,-7.0,15.95,4028,正常
2016/05/27 17:25:46,24d97a6dc02a05051a559b06f1d204829cdca5ca,1d5f512b9579d7649ec0958dd0920b71fa6426a2,持卡人消费,学苑楼商务网关,-0.8,15.15,4029,正常
2016/05/27 20:34:12,24d97a6dc02a05051a559b06f1d204829cdca5ca,1d5f512b9579d7649ec0958dd0920b71fa6426a2,持卡人消费,15公寓浴池,-2.0,13.15,4030,正常
2016/05/28 08:42:45,24d97a6dc02a05051a559b06f1d204829cdca5ca,1d5f512b9579d7649ec0958dd0920b71fa6426a2,持卡人消费,学士楼商务网关,-4.4,8.75,4031,正常
2016/05/28 12:29:43,24d97a6dc02a05051a559b06f1d204829cdca5ca,1d5f512b9579d7649ec0958dd0920b71fa6426a2,持卡人消费,学苑楼商务网关,-7.0,1.75,4032,正常
2016/05/28 12:23:20,24d97a6dc02a05051a559b06f1d204829cdca5ca,1d5f512b9579d7649ec0958dd0920b71fa6426a2,存款,现金充值机,100.0,101.75,4033,正常
2016/05/28 18:16:38,24d97a6dc02a05051a559b06f1d204829cdca5ca,1d5f512b9579d7649ec0958dd0920b71fa6426a2,持卡人消费,学苑楼商务网关,-7.0,94.75,4034,正常
2016/05/29 08:08:48,24d97a6dc02a05051a559b06f1d204829cdca5ca,1d5f512b9579d7649ec0958dd0920b71fa6426a2,持卡人消费,学苑楼商务网关,-2.2,92.55,4035,正常
2016/05/29 12:25:52,24d97a6dc02a05051a559b06f1d204829cdca5ca,1d5f512b9579d7649ec0958dd0920b71fa6426a2,持卡人消费,学苑楼商务网关,-7.0,85.55,4036,正常
2016/05/30 09:51:14,24d97a6dc02a05051a559b06f1d204829cdca5ca,1d5f512b9579d7649ec0958dd0920b71fa6426a2,持卡人消费,硕果园（工大商店）,-7.0,78.55,4037,正常
2016/05/30 11:48:01,24d97a6dc02a05051a559b06f1d204829cdca5ca,1d5f512b9579d7649ec0958dd0920b71fa6426a2,持卡人消费,学苑楼商务网关,-7.0,71.55,4038,正常
2016/05/30 11:52:52,24d97a6dc02a05051a559b06f1d204829cdca5ca,1d5f512b9579d7649ec0958dd0920b71fa6426a2,持卡人消费,学苑楼商务网关,-0.8,70.75,4039,正常
2016/05/30 18:09:12,24d97a6dc02a05051a559b06f1d204829cdca5ca,1d5f512b9579d7649ec0958dd0920b71fa6426a2,持卡人消费,硕果园（工大商店）,-10.0,60.75,4040,正常
