交易发生时间,学号,姓名,交易类型,子系统名称,交易额,现有余额,次数,状态
2016/05/02 11:56:45,8456ed1f566263aebb56dc78ec5b46b67709f8d0,1d7a99d89fa11657fba94509ad0074067ea248ed,持卡人消费,学子超市A05,-8.0,71.86,3409,正常
2016/05/02 18:11:25,8456ed1f566263aebb56dc78ec5b46b67709f8d0,1d7a99d89fa11657fba94509ad0074067ea248ed,持卡人消费,土木楼水控,-3.0,68.86,3410,正常
2016/05/02 18:13:08,8456ed1f566263aebb56dc78ec5b46b67709f8d0,1d7a99d89fa11657fba94509ad0074067ea248ed,持卡人消费,土木楼水控,-0.32,68.54,3411,正常
2016/05/03 12:43:05,8456ed1f566263aebb56dc78ec5b46b67709f8d0,1d7a99d89fa11657fba94509ad0074067ea248ed,持卡人消费,学子超市A05,-4.5,64.04,3412,正常
2016/05/05 11:27:21,8456ed1f566263aebb56dc78ec5b46b67709f8d0,1d7a99d89fa11657fba94509ad0074067ea248ed,持卡人消费,土木楼网关,-4.5,59.54,3413,正常
2016/05/05 11:29:59,8456ed1f566263aebb56dc78ec5b46b67709f8d0,1d7a99d89fa11657fba94509ad0074067ea248ed,持卡人消费,土木楼网关,-3.1,56.44,3414,正常
2016/05/05 20:26:09,8456ed1f566263aebb56dc78ec5b46b67709f8d0,1d7a99d89fa11657fba94509ad0074067ea248ed,持卡人消费,土木楼水控,-3.0,53.44,3415,正常
2016/05/06 20:47:28,8456ed1f566263aebb56dc78ec5b46b67709f8d0,1d7a99d89fa11657fba94509ad0074067ea248ed,持卡人消费,学子超市A05,-5.5,47.94,3416,正常
2016/05/07 12:00:30,8456ed1f566263aebb56dc78ec5b46b67709f8d0,1d7a99d89fa11657fba94509ad0074067ea248ed,持卡人消费,土木楼网关,-8.8,39.14,3417,正常
2016/05/08 08:43:36,8456ed1f566263aebb56dc78ec5b46b67709f8d0,1d7a99d89fa11657fba94509ad0074067ea248ed,持卡人消费,学子超市A05,-1.8,37.34,3418,正常
2016/05/10 10:54:58,8456ed1f566263aebb56dc78ec5b46b67709f8d0,1d7a99d89fa11657fba94509ad0074067ea248ed,持卡人消费,A5,-3.0,34.34,3419,正常
2016/05/10 11:34:26,8456ed1f566263aebb56dc78ec5b46b67709f8d0,1d7a99d89fa11657fba94509ad0074067ea248ed,持卡人消费,土木楼网关,-6.0,28.34,3420,正常
2016/05/10 11:38:13,8456ed1f566263aebb56dc78ec5b46b67709f8d0,1d7a99d89fa11657fba94509ad0074067ea248ed,持卡人消费,土木楼网关,-3.2,25.14,3421,正常
2016/05/10 18:13:39,8456ed1f566263aebb56dc78ec5b46b67709f8d0,1d7a99d89fa11657fba94509ad0074067ea248ed,持卡人消费,土木楼水控,-0.02,25.12,3423,正常
2016/05/10 18:14:00,8456ed1f566263aebb56dc78ec5b46b67709f8d0,1d7a99d89fa11657fba94509ad0074067ea248ed,持卡人消费,土木楼水控,-0.03,25.09,3425,正常
2016/05/10 18:28:50,8456ed1f566263aebb56dc78ec5b46b67709f8d0,1d7a99d89fa11657fba94509ad0074067ea248ed,持卡人消费,土木楼水控,-3.0,22.09,3426,正常
2016/05/10 18:31:06,8456ed1f566263aebb56dc78ec5b46b67709f8d0,1d7a99d89fa11657fba94509ad0074067ea248ed,持卡人消费,土木楼水控,-0.44,21.65,3428,正常
2016/05/11 11:29:06,8456ed1f566263aebb56dc78ec5b46b67709f8d0,1d7a99d89fa11657fba94509ad0074067ea248ed,持卡人消费,土木楼网关,-8.8,12.85,3429,正常
2016/05/13 11:29:20,8456ed1f566263aebb56dc78ec5b46b67709f8d0,1d7a99d89fa11657fba94509ad0074067ea248ed,持卡人消费,土木楼网关,-6.0,6.85,3430,正常
2016/05/13 11:29:54,8456ed1f566263aebb56dc78ec5b46b67709f8d0,1d7a99d89fa11657fba94509ad0074067ea248ed,持卡人消费,土木楼网关,-1.8,5.05,3431,正常
2016/05/13 11:24:18,8456ed1f566263aebb56dc78ec5b46b67709f8d0,1d7a99d89fa11657fba94509ad0074067ea248ed,存款,现金充值机,20.0,25.05,3432,正常
2016/05/13 16:06:02,8456ed1f566263aebb56dc78ec5b46b67709f8d0,1d7a99d89fa11657fba94509ad0074067ea248ed,持卡人消费,学子超市A05,-4.2,20.85,3433,正常
2016/05/13 20:31:37,8456ed1f566263aebb56dc78ec5b46b67709f8d0,1d7a99d89fa11657fba94509ad0074067ea248ed,持卡人消费,土木楼水控,-3.0,14.85,3435,正常
2016/05/13 20:16:55,8456ed1f566263aebb56dc78ec5b46b67709f8d0,1d7a99d89fa11657fba94509ad0074067ea248ed,持卡人消费,土木楼水控,-0.07,17.78,3436,正常
2016/05/13 20:41:00,8456ed1f566263aebb56dc78ec5b46b67709f8d0,1d7a99d89fa11657fba94509ad0074067ea248ed,持卡人消费,土木楼水控,-1.87,15.91,3438,正常
2016/05/13 20:50:47,8456ed1f566263aebb56dc78ec5b46b67709f8d0,1d7a99d89fa11657fba94509ad0074067ea248ed,持卡人消费,学子超市A05,-1.5,14.41,3439,正常
2016/05/16 18:32:16,8456ed1f566263aebb56dc78ec5b46b67709f8d0,1d7a99d89fa11657fba94509ad0074067ea248ed,持卡人消费,土木楼水控,-3.0,11.41,3440,正常
2016/05/16 18:39:26,8456ed1f566263aebb56dc78ec5b46b67709f8d0,1d7a99d89fa11657fba94509ad0074067ea248ed,持卡人消费,土木楼水控,-1.42,9.99,3441,正常
2016/05/16 18:49:58,8456ed1f566263aebb56dc78ec5b46b67709f8d0,1d7a99d89fa11657fba94509ad0074067ea248ed,持卡人消费,学子超市A05,-4.0,5.99,3442,正常
2016/05/17 11:09:21,8456ed1f566263aebb56dc78ec5b46b67709f8d0,1d7a99d89fa11657fba94509ad0074067ea248ed,持卡人消费,A5,-3.0,2.99,3443,正常
2016/05/17 10:53:47,8456ed1f566263aebb56dc78ec5b46b67709f8d0,1d7a99d89fa11657fba94509ad0074067ea248ed,存款,现金充值机,100.0,102.99,3444,正常
2016/05/17 11:14:21,8456ed1f566263aebb56dc78ec5b46b67709f8d0,1d7a99d89fa11657fba94509ad0074067ea248ed,持卡人消费,土木楼网关,-8.0,94.99,3445,正常
2016/05/17 11:15:13,8456ed1f566263aebb56dc78ec5b46b67709f8d0,1d7a99d89fa11657fba94509ad0074067ea248ed,持卡人消费,土木楼网关,-8.0,86.99,3446,正常
2016/05/17 11:16:19,8456ed1f566263aebb56dc78ec5b46b67709f8d0,1d7a99d89fa11657fba94509ad0074067ea248ed,持卡人消费,土木楼网关,-2.0,84.99,3447,正常
2016/05/17 11:17:20,8456ed1f566263aebb56dc78ec5b46b67709f8d0,1d7a99d89fa11657fba94509ad0074067ea248ed,持卡人消费,土木楼网关,-14.0,70.99,3448,正常
2016/05/17 11:21:32,8456ed1f566263aebb56dc78ec5b46b67709f8d0,1d7a99d89fa11657fba94509ad0074067ea248ed,持卡人消费,土木楼网关,-0.4,70.59,3449,正常
2016/05/18 20:01:03,8456ed1f566263aebb56dc78ec5b46b67709f8d0,1d7a99d89fa11657fba94509ad0074067ea248ed,持卡人消费,土木楼水控,-3.0,67.59,3450,正常
2016/05/18 20:07:12,8456ed1f566263aebb56dc78ec5b46b67709f8d0,1d7a99d89fa11657fba94509ad0074067ea248ed,持卡人消费,土木楼水控,-1.22,66.37,3451,正常
2016/05/20 19:57:05,8456ed1f566263aebb56dc78ec5b46b67709f8d0,1d7a99d89fa11657fba94509ad0074067ea248ed,持卡人消费,A5,-3.0,63.37,3452,正常
2016/05/20 20:16:36,8456ed1f566263aebb56dc78ec5b46b67709f8d0,1d7a99d89fa11657fba94509ad0074067ea248ed,持卡人消费,土木楼水控,-3.0,60.37,3453,正常
2016/05/20 20:17:21,8456ed1f566263aebb56dc78ec5b46b67709f8d0,1d7a99d89fa11657fba94509ad0074067ea248ed,持卡人消费,土木楼水控,-3.0,57.37,3454,正常
2016/05/20 20:25:16,8456ed1f566263aebb56dc78ec5b46b67709f8d0,1d7a99d89fa11657fba94509ad0074067ea248ed,持卡人消费,土木楼水控,-3.0,54.37,3455,正常
2016/05/20 20:26:01,8456ed1f566263aebb56dc78ec5b46b67709f8d0,1d7a99d89fa11657fba94509ad0074067ea248ed,持卡人消费,土木楼水控,-1.56,52.81,3457,正常
2016/05/20 20:26:55,8456ed1f566263aebb56dc78ec5b46b67709f8d0,1d7a99d89fa11657fba94509ad0074067ea248ed,持卡人消费,土木楼水控,-0.05,52.76,3459,正常
2016/05/20 20:30:54,8456ed1f566263aebb56dc78ec5b46b67709f8d0,1d7a99d89fa11657fba94509ad0074067ea248ed,持卡人消费,土木楼水控,-0.37,52.39,3461,正常
2016/05/22 10:53:29,8456ed1f566263aebb56dc78ec5b46b67709f8d0,1d7a99d89fa11657fba94509ad0074067ea248ed,持卡人消费,土木楼网关,-8.9,43.49,3462,正常
2016/05/22 11:01:39,8456ed1f566263aebb56dc78ec5b46b67709f8d0,1d7a99d89fa11657fba94509ad0074067ea248ed,持卡人消费,学子超市A05,-3.5,39.99,3463,正常
2016/05/22 20:17:10,8456ed1f566263aebb56dc78ec5b46b67709f8d0,1d7a99d89fa11657fba94509ad0074067ea248ed,持卡人消费,土木楼水控,-3.0,36.99,3464,正常
2016/05/22 20:21:41,8456ed1f566263aebb56dc78ec5b46b67709f8d0,1d7a99d89fa11657fba94509ad0074067ea248ed,持卡人消费,土木楼水控,-0.88,36.11,3466,正常
2016/05/23 12:06:24,8456ed1f566263aebb56dc78ec5b46b67709f8d0,1d7a99d89fa11657fba94509ad0074067ea248ed,持卡人消费,学子超市A05,-1.8,34.31,3467,正常
2016/05/24 11:30:58,8456ed1f566263aebb56dc78ec5b46b67709f8d0,1d7a99d89fa11657fba94509ad0074067ea248ed,持卡人消费,硕果园（工大商店）,-12.0,22.31,3468,正常
2016/05/24 18:24:41,8456ed1f566263aebb56dc78ec5b46b67709f8d0,1d7a99d89fa11657fba94509ad0074067ea248ed,持卡人消费,土木楼水控,-0.01,22.30,3469,正常
2016/05/24 18:39:27,8456ed1f566263aebb56dc78ec5b46b67709f8d0,1d7a99d89fa11657fba94509ad0074067ea248ed,持卡人消费,土木楼水控,-3.0,19.30,3470,正常
2016/05/24 18:47:12,8456ed1f566263aebb56dc78ec5b46b67709f8d0,1d7a99d89fa11657fba94509ad0074067ea248ed,持卡人消费,土木楼水控,-1.53,17.77,3471,正常
2016/05/26 12:00:50,8456ed1f566263aebb56dc78ec5b46b67709f8d0,1d7a99d89fa11657fba94509ad0074067ea248ed,持卡人消费,学子超市A05,-1.8,15.97,3472,正常
2016/05/27 12:00:09,8456ed1f566263aebb56dc78ec5b46b67709f8d0,1d7a99d89fa11657fba94509ad0074067ea248ed,持卡人消费,学子超市A05,-4.0,11.97,3473,正常
2016/05/27 14:05:17,8456ed1f566263aebb56dc78ec5b46b67709f8d0,1d7a99d89fa11657fba94509ad0074067ea248ed,持卡人消费,A5,-3.0,8.97,3474,正常
2016/05/27 20:03:30,8456ed1f566263aebb56dc78ec5b46b67709f8d0,1d7a99d89fa11657fba94509ad0074067ea248ed,持卡人消费,土木楼水控,-3.0,5.97,3475,正常
2016/05/27 20:09:43,8456ed1f566263aebb56dc78ec5b46b67709f8d0,1d7a99d89fa11657fba94509ad0074067ea248ed,持卡人消费,土木楼水控,-1.22,4.75,3476,正常
2016/05/28 12:13:03,8456ed1f566263aebb56dc78ec5b46b67709f8d0,1d7a99d89fa11657fba94509ad0074067ea248ed,持卡人消费,学子超市A05,-4.0,0.75,3477,正常
2016/05/29 10:53:32,8456ed1f566263aebb56dc78ec5b46b67709f8d0,1d7a99d89fa11657fba94509ad0074067ea248ed,存款,现金充值机,100.0,100.75,3478,正常
2016/05/29 11:15:13,8456ed1f566263aebb56dc78ec5b46b67709f8d0,1d7a99d89fa11657fba94509ad0074067ea248ed,持卡人消费,土木楼网关,-14.9,85.85,3479,正常
2016/05/29 11:26:42,8456ed1f566263aebb56dc78ec5b46b67709f8d0,1d7a99d89fa11657fba94509ad0074067ea248ed,持卡人消费,网络中心,-30.0,55.85,3480,正常
2016/05/29 20:04:58,8456ed1f566263aebb56dc78ec5b46b67709f8d0,1d7a99d89fa11657fba94509ad0074067ea248ed,持卡人消费,土木楼水控,-3.0,52.85,3481,正常
2016/05/29 20:11:54,8456ed1f566263aebb56dc78ec5b46b67709f8d0,1d7a99d89fa11657fba94509ad0074067ea248ed,持卡人消费,土木楼水控,-1.38,51.47,3483,正常
2016/05/31 11:53:16,8456ed1f566263aebb56dc78ec5b46b67709f8d0,1d7a99d89fa11657fba94509ad0074067ea248ed,持卡人消费,土木楼水控,-0.07,48.40,3486,正常
2016/05/31 11:54:09,8456ed1f566263aebb56dc78ec5b46b67709f8d0,1d7a99d89fa11657fba94509ad0074067ea248ed,持卡人消费,土木楼水控,-0.22,51.18,3487,正常
2016/05/31 11:54:27,8456ed1f566263aebb56dc78ec5b46b67709f8d0,1d7a99d89fa11657fba94509ad0074067ea248ed,持卡人消费,土木楼水控,-0.03,51.15,3489,正常
2016/05/31 11:54:36,8456ed1f566263aebb56dc78ec5b46b67709f8d0,1d7a99d89fa11657fba94509ad0074067ea248ed,持卡人消费,土木楼水控,-0.02,51.13,3491,正常
2016/05/31 11:58:27,8456ed1f566263aebb56dc78ec5b46b67709f8d0,1d7a99d89fa11657fba94509ad0074067ea248ed,持卡人消费,土木楼水控,-0.73,50.40,3493,正常
2016/05/31 12:18:58,8456ed1f566263aebb56dc78ec5b46b67709f8d0,1d7a99d89fa11657fba94509ad0074067ea248ed,持卡人消费,土木楼水控,-3.0,41.40,3496,正常
2016/05/31 12:08:20,8456ed1f566263aebb56dc78ec5b46b67709f8d0,1d7a99d89fa11657fba94509ad0074067ea248ed,持卡人消费,土木楼水控,-1.6,42.80,3497,正常
