交易发生时间,学号,姓名,交易类型,子系统名称,交易额,现有余额,次数,状态
2016/05/02 09:36:04,87f24d9a4f1a62a333afb65210e8fd441d96c727,1d82ae4a4f4385c7f22051b69b03730144ebd1fc,持卡人消费,学子超市A05,-3.2,52.03,2818,正常
2016/05/04 09:32:03,87f24d9a4f1a62a333afb65210e8fd441d96c727,1d82ae4a4f4385c7f22051b69b03730144ebd1fc,持卡人消费,学子超市A05,-0.7,51.33,2819,正常
2016/05/04 17:34:03,87f24d9a4f1a62a333afb65210e8fd441d96c727,1d82ae4a4f4385c7f22051b69b03730144ebd1fc,持卡人消费,土木楼网关,-12.6,38.73,2820,正常
2016/05/04 17:34:38,87f24d9a4f1a62a333afb65210e8fd441d96c727,1d82ae4a4f4385c7f22051b69b03730144ebd1fc,持卡人消费,土木楼网关,-5.0,33.73,2821,正常
2016/05/04 17:46:22,87f24d9a4f1a62a333afb65210e8fd441d96c727,1d82ae4a4f4385c7f22051b69b03730144ebd1fc,持卡人消费,土木楼网关,-5.8,27.93,2822,正常
2016/05/07 16:21:13,87f24d9a4f1a62a333afb65210e8fd441d96c727,1d82ae4a4f4385c7f22051b69b03730144ebd1fc,持卡人消费,A5,-3.0,21.58,2824,正常
2016/05/10 12:40:35,87f24d9a4f1a62a333afb65210e8fd441d96c727,1d82ae4a4f4385c7f22051b69b03730144ebd1fc,持卡人消费,学子超市A05,-1.6,19.98,2825,正常
2016/05/10 20:45:52,87f24d9a4f1a62a333afb65210e8fd441d96c727,1d82ae4a4f4385c7f22051b69b03730144ebd1fc,持卡人消费,土木楼水控,-0.52,19.46,2826,正常
2016/05/10 20:50:23,87f24d9a4f1a62a333afb65210e8fd441d96c727,1d82ae4a4f4385c7f22051b69b03730144ebd1fc,持卡人消费,土木楼水控,-0.83,18.63,2827,正常
2016/05/12 12:34:08,87f24d9a4f1a62a333afb65210e8fd441d96c727,1d82ae4a4f4385c7f22051b69b03730144ebd1fc,持卡人消费,学子超市A05,-9.1,9.53,2828,正常
2016/05/16 20:34:41,87f24d9a4f1a62a333afb65210e8fd441d96c727,1d82ae4a4f4385c7f22051b69b03730144ebd1fc,持卡人消费,学子超市A05,-6.9,2.63,2829,正常
2016/05/17 16:49:12,87f24d9a4f1a62a333afb65210e8fd441d96c727,1d82ae4a4f4385c7f22051b69b03730144ebd1fc,存款,现金充值机,100.0,102.63,2830,正常
2016/05/17 17:10:00,87f24d9a4f1a62a333afb65210e8fd441d96c727,1d82ae4a4f4385c7f22051b69b03730144ebd1fc,持卡人消费,土木楼网关,-15.2,87.43,2831,正常
2016/05/17 17:10:07,87f24d9a4f1a62a333afb65210e8fd441d96c727,1d82ae4a4f4385c7f22051b69b03730144ebd1fc,持卡人消费,土木楼网关,-0.1,87.33,2832,正常
2016/05/17 17:10:47,87f24d9a4f1a62a333afb65210e8fd441d96c727,1d82ae4a4f4385c7f22051b69b03730144ebd1fc,持卡人消费,土木楼网关,-7.0,80.33,2833,正常
2016/05/18 11:26:26,87f24d9a4f1a62a333afb65210e8fd441d96c727,1d82ae4a4f4385c7f22051b69b03730144ebd1fc,持卡人消费,土木楼网关,-6.0,74.33,2834,正常
2016/05/18 11:27:18,87f24d9a4f1a62a333afb65210e8fd441d96c727,1d82ae4a4f4385c7f22051b69b03730144ebd1fc,持卡人消费,土木楼网关,-8.0,66.33,2835,正常
2016/05/18 11:28:28,87f24d9a4f1a62a333afb65210e8fd441d96c727,1d82ae4a4f4385c7f22051b69b03730144ebd1fc,持卡人消费,土木楼网关,-1.0,65.33,2836,正常
2016/05/18 11:29:08,87f24d9a4f1a62a333afb65210e8fd441d96c727,1d82ae4a4f4385c7f22051b69b03730144ebd1fc,持卡人消费,土木楼网关,-0.8,64.53,2837,正常
2016/05/19 17:18:52,87f24d9a4f1a62a333afb65210e8fd441d96c727,1d82ae4a4f4385c7f22051b69b03730144ebd1fc,持卡人消费,土木楼网关,-2.0,62.53,2838,正常
2016/05/19 17:19:50,87f24d9a4f1a62a333afb65210e8fd441d96c727,1d82ae4a4f4385c7f22051b69b03730144ebd1fc,持卡人消费,土木楼网关,-8.3,54.23,2839,正常
2016/05/20 13:45:01,87f24d9a4f1a62a333afb65210e8fd441d96c727,1d82ae4a4f4385c7f22051b69b03730144ebd1fc,持卡人消费,网络中心,-30.0,24.23,2840,正常
2016/05/20 13:50:32,87f24d9a4f1a62a333afb65210e8fd441d96c727,1d82ae4a4f4385c7f22051b69b03730144ebd1fc,持卡人消费,学子超市A05,-9.7,14.53,2841,正常
2016/05/21 11:39:50,87f24d9a4f1a62a333afb65210e8fd441d96c727,1d82ae4a4f4385c7f22051b69b03730144ebd1fc,持卡人消费,土木楼网关,-9.5,5.03,2842,正常
2016/05/21 11:40:31,87f24d9a4f1a62a333afb65210e8fd441d96c727,1d82ae4a4f4385c7f22051b69b03730144ebd1fc,持卡人消费,土木楼网关,-2.0,3.03,2843,正常
