交易发生时间,学号,姓名,交易类型,子系统名称,交易额,现有余额,次数,状态
2016/05/02 17:48:06,ad910c2cb46165b46636513f35fe6c37e3ddf71d,1d9f88b89ea1af49baaca189eedb5bc96832a91e,持卡人消费,一校区水控新,-2.0,22.33,4244,正常
2016/05/02 17:52:46,ad910c2cb46165b46636513f35fe6c37e3ddf71d,1d9f88b89ea1af49baaca189eedb5bc96832a91e,持卡人消费,一校区水控新,-0.35,21.98,4246,正常
2016/05/02 18:34:57,ad910c2cb46165b46636513f35fe6c37e3ddf71d,1d9f88b89ea1af49baaca189eedb5bc96832a91e,持卡人消费,硕果园（工大商店）,-14.0,7.98,4247,正常
2016/05/02 18:35:00,ad910c2cb46165b46636513f35fe6c37e3ddf71d,1d9f88b89ea1af49baaca189eedb5bc96832a91e,持卡人消费,硕果园（工大商店）,-1.0,6.98,4248,正常
2016/05/03 14:17:30,ad910c2cb46165b46636513f35fe6c37e3ddf71d,1d9f88b89ea1af49baaca189eedb5bc96832a91e,持卡人消费,A7,-6.0,0.98,4249,正常
2016/05/04 10:18:47,ad910c2cb46165b46636513f35fe6c37e3ddf71d,1d9f88b89ea1af49baaca189eedb5bc96832a91e,存款,现金充值机,200.0,200.98,4250,正常
2016/05/04 10:42:06,ad910c2cb46165b46636513f35fe6c37e3ddf71d,1d9f88b89ea1af49baaca189eedb5bc96832a91e,持卡人消费,学苑楼商务网关,-8.8,192.18,4251,正常
2016/05/04 17:20:37,ad910c2cb46165b46636513f35fe6c37e3ddf71d,1d9f88b89ea1af49baaca189eedb5bc96832a91e,持卡人消费,超市商务子系统,-36.2,155.98,4252,正常
2016/05/04 17:42:38,ad910c2cb46165b46636513f35fe6c37e3ddf71d,1d9f88b89ea1af49baaca189eedb5bc96832a91e,持卡人消费,学苑楼商务网关,-8.0,147.98,4253,正常
2016/05/04 17:42:56,ad910c2cb46165b46636513f35fe6c37e3ddf71d,1d9f88b89ea1af49baaca189eedb5bc96832a91e,持卡人消费,学苑楼商务网关,-8.0,139.98,4254,正常
2016/05/05 15:29:10,ad910c2cb46165b46636513f35fe6c37e3ddf71d,1d9f88b89ea1af49baaca189eedb5bc96832a91e,持卡人消费,一校区水控新,-0.9,139.08,4256,正常
2016/05/05 15:34:36,ad910c2cb46165b46636513f35fe6c37e3ddf71d,1d9f88b89ea1af49baaca189eedb5bc96832a91e,持卡人消费,一校区水控新,-0.48,138.60,4258,正常
2016/05/05 15:37:44,ad910c2cb46165b46636513f35fe6c37e3ddf71d,1d9f88b89ea1af49baaca189eedb5bc96832a91e,持卡人消费,一校区水控新,-0.32,138.28,4260,正常
2016/05/05 15:50:56,ad910c2cb46165b46636513f35fe6c37e3ddf71d,1d9f88b89ea1af49baaca189eedb5bc96832a91e,持卡人消费,学子超市园丁总店,-6.6,131.68,4261,正常
2016/05/06 17:27:55,ad910c2cb46165b46636513f35fe6c37e3ddf71d,1d9f88b89ea1af49baaca189eedb5bc96832a91e,持卡人消费,学苑楼商务网关,-8.8,122.88,4262,正常
2016/05/08 18:20:08,ad910c2cb46165b46636513f35fe6c37e3ddf71d,1d9f88b89ea1af49baaca189eedb5bc96832a91e,持卡人消费,一校区水控新,-1.31,121.57,4264,正常
2016/05/08 18:23:55,ad910c2cb46165b46636513f35fe6c37e3ddf71d,1d9f88b89ea1af49baaca189eedb5bc96832a91e,持卡人消费,一校区水控新,-0.48,121.09,4266,正常
2016/05/08 18:41:38,ad910c2cb46165b46636513f35fe6c37e3ddf71d,1d9f88b89ea1af49baaca189eedb5bc96832a91e,持卡人消费,学子超市园丁总店,-6.6,114.49,4267,正常
2016/05/09 15:30:02,ad910c2cb46165b46636513f35fe6c37e3ddf71d,1d9f88b89ea1af49baaca189eedb5bc96832a91e,持卡人消费,超市商务子系统,-2.0,112.49,4268,正常
2016/05/09 15:32:52,ad910c2cb46165b46636513f35fe6c37e3ddf71d,1d9f88b89ea1af49baaca189eedb5bc96832a91e,持卡人消费,超市商务子系统,-27.4,85.09,4269,正常
2016/05/13 18:15:27,ad910c2cb46165b46636513f35fe6c37e3ddf71d,1d9f88b89ea1af49baaca189eedb5bc96832a91e,持卡人消费,学苑楼商务网关,-3.5,81.59,4270,正常
2016/05/13 18:16:25,ad910c2cb46165b46636513f35fe6c37e3ddf71d,1d9f88b89ea1af49baaca189eedb5bc96832a91e,持卡人消费,学苑楼商务网关,-7.9,73.69,4271,正常
2016/05/14 17:14:07,ad910c2cb46165b46636513f35fe6c37e3ddf71d,1d9f88b89ea1af49baaca189eedb5bc96832a91e,持卡人消费,一校区水控新,-0.85,72.84,4273,正常
2016/05/14 17:24:15,ad910c2cb46165b46636513f35fe6c37e3ddf71d,1d9f88b89ea1af49baaca189eedb5bc96832a91e,持卡人消费,一校区水控新,-1.02,71.82,4275,正常
2016/05/14 18:05:48,ad910c2cb46165b46636513f35fe6c37e3ddf71d,1d9f88b89ea1af49baaca189eedb5bc96832a91e,持卡人消费,硕果园（工大商店）,-17.0,54.82,4276,正常
2016/05/17 18:12:32,ad910c2cb46165b46636513f35fe6c37e3ddf71d,1d9f88b89ea1af49baaca189eedb5bc96832a91e,持卡人消费,一校区水控新,-2.0,50.82,4278,正常
2016/05/17 18:11:56,ad910c2cb46165b46636513f35fe6c37e3ddf71d,1d9f88b89ea1af49baaca189eedb5bc96832a91e,持卡人消费,一校区水控新,-1.36,51.46,4279,正常
2016/05/17 18:15:26,ad910c2cb46165b46636513f35fe6c37e3ddf71d,1d9f88b89ea1af49baaca189eedb5bc96832a91e,持卡人消费,一校区水控新,-0.3,51.16,4281,正常
2016/05/18 18:44:23,ad910c2cb46165b46636513f35fe6c37e3ddf71d,1d9f88b89ea1af49baaca189eedb5bc96832a91e,持卡人消费,学士楼商务网关,-2.5,48.66,4282,正常
2016/05/18 18:45:01,ad910c2cb46165b46636513f35fe6c37e3ddf71d,1d9f88b89ea1af49baaca189eedb5bc96832a91e,持卡人消费,学士楼商务网关,-2.0,46.66,4283,正常
2016/05/20 18:10:35,ad910c2cb46165b46636513f35fe6c37e3ddf71d,1d9f88b89ea1af49baaca189eedb5bc96832a91e,持卡人消费,硕果园（工大商店）,-10.0,36.66,4284,正常
2016/05/21 16:30:54,ad910c2cb46165b46636513f35fe6c37e3ddf71d,1d9f88b89ea1af49baaca189eedb5bc96832a91e,持卡人消费,一校区水控新,-0.9,35.76,4286,正常
2016/05/21 19:30:36,ad910c2cb46165b46636513f35fe6c37e3ddf71d,1d9f88b89ea1af49baaca189eedb5bc96832a91e,持卡人消费,一校区水控新,-1.73,34.03,4288,正常
2016/05/21 19:36:07,ad910c2cb46165b46636513f35fe6c37e3ddf71d,1d9f88b89ea1af49baaca189eedb5bc96832a91e,持卡人消费,一校区水控新,-0.77,33.26,4290,正常
2016/05/22 12:33:27,ad910c2cb46165b46636513f35fe6c37e3ddf71d,1d9f88b89ea1af49baaca189eedb5bc96832a91e,持卡人消费,A7,-3.0,30.26,4291,正常
2016/05/22 18:05:00,ad910c2cb46165b46636513f35fe6c37e3ddf71d,1d9f88b89ea1af49baaca189eedb5bc96832a91e,持卡人消费,学苑楼商务网关,-8.8,21.46,4292,正常
2016/05/22 18:06:13,ad910c2cb46165b46636513f35fe6c37e3ddf71d,1d9f88b89ea1af49baaca189eedb5bc96832a91e,持卡人消费,学苑楼商务网关,-2.0,19.46,4293,正常
2016/05/22 18:32:00,ad910c2cb46165b46636513f35fe6c37e3ddf71d,1d9f88b89ea1af49baaca189eedb5bc96832a91e,持卡人消费,超市商务子系统,-4.2,15.26,4294,正常
2016/05/23 19:09:36,ad910c2cb46165b46636513f35fe6c37e3ddf71d,1d9f88b89ea1af49baaca189eedb5bc96832a91e,持卡人消费,一校区水控新,-1.04,14.22,4296,正常
2016/05/23 19:10:26,ad910c2cb46165b46636513f35fe6c37e3ddf71d,1d9f88b89ea1af49baaca189eedb5bc96832a91e,持卡人消费,一校区水控新,-0.05,14.17,4298,正常
2016/05/23 19:16:09,ad910c2cb46165b46636513f35fe6c37e3ddf71d,1d9f88b89ea1af49baaca189eedb5bc96832a91e,持卡人消费,一校区水控新,-0.75,13.42,4300,正常
2016/05/23 20:22:03,ad910c2cb46165b46636513f35fe6c37e3ddf71d,1d9f88b89ea1af49baaca189eedb5bc96832a91e,持卡人消费,硕果园（工大商店）,-7.0,6.42,4301,正常
2016/05/26 15:08:46,ad910c2cb46165b46636513f35fe6c37e3ddf71d,1d9f88b89ea1af49baaca189eedb5bc96832a91e,持卡人消费,A7,-3.0,3.42,4302,正常
2016/05/27 15:23:56,ad910c2cb46165b46636513f35fe6c37e3ddf71d,1d9f88b89ea1af49baaca189eedb5bc96832a91e,存款,现金充值机,200.0,203.42,4303,正常
2016/05/29 14:54:58,ad910c2cb46165b46636513f35fe6c37e3ddf71d,1d9f88b89ea1af49baaca189eedb5bc96832a91e,持卡人消费,一校区水控新,-2.0,201.42,4304,正常
2016/05/29 15:02:32,ad910c2cb46165b46636513f35fe6c37e3ddf71d,1d9f88b89ea1af49baaca189eedb5bc96832a91e,持卡人消费,一校区水控新,-1.42,200.00,4305,正常
2016/05/30 17:11:42,ad910c2cb46165b46636513f35fe6c37e3ddf71d,1d9f88b89ea1af49baaca189eedb5bc96832a91e,持卡人消费,学苑楼商务网关,-8.8,191.20,4306,正常
2016/05/30 17:34:50,ad910c2cb46165b46636513f35fe6c37e3ddf71d,1d9f88b89ea1af49baaca189eedb5bc96832a91e,持卡人消费,超市商务子系统,-50.9,140.30,4307,正常
2016/05/31 17:55:54,ad910c2cb46165b46636513f35fe6c37e3ddf71d,1d9f88b89ea1af49baaca189eedb5bc96832a91e,持卡人消费,一校区水控新,-2.0,136.30,4309,正常
2016/05/31 17:53:06,ad910c2cb46165b46636513f35fe6c37e3ddf71d,1d9f88b89ea1af49baaca189eedb5bc96832a91e,持卡人消费,一校区水控新,-1.1,137.20,4310,正常
2016/05/31 17:56:19,ad910c2cb46165b46636513f35fe6c37e3ddf71d,1d9f88b89ea1af49baaca189eedb5bc96832a91e,持卡人消费,一校区水控新,-0.03,135.17,4312,正常
2016/05/31 17:57:44,ad910c2cb46165b46636513f35fe6c37e3ddf71d,1d9f88b89ea1af49baaca189eedb5bc96832a91e,持卡人消费,一校区水控新,-0.03,135.14,4313,正常
2016/05/31 17:58:00,ad910c2cb46165b46636513f35fe6c37e3ddf71d,1d9f88b89ea1af49baaca189eedb5bc96832a91e,持卡人消费,一校区水控新,-0.64,136.50,4314,正常
