交易发生时间,学号,姓名,交易类型,子系统名称,交易额,现有余额,次数,状态
2016/05/01 20:09:20,a1980f072225882e274f607d36730f8f8f3bf87c,1dcdb6aff6d0af5fe81914d09e58f8bb1fcac75b,持卡人消费,学子超市园丁总店,-0.9,3.68,3040,正常
2016/05/02 11:41:31,a1980f072225882e274f607d36730f8f8f3bf87c,1dcdb6aff6d0af5fe81914d09e58f8bb1fcac75b,存款,现金充值机,50.0,53.68,3041,正常
2016/05/02 16:39:50,a1980f072225882e274f607d36730f8f8f3bf87c,1dcdb6aff6d0af5fe81914d09e58f8bb1fcac75b,持卡人消费,15公寓浴池,-2.0,51.68,3042,正常
2016/05/02 16:48:34,a1980f072225882e274f607d36730f8f8f3bf87c,1dcdb6aff6d0af5fe81914d09e58f8bb1fcac75b,持卡人消费,15公寓浴池,-1.66,50.02,3044,正常
2016/05/02 16:49:42,a1980f072225882e274f607d36730f8f8f3bf87c,1dcdb6aff6d0af5fe81914d09e58f8bb1fcac75b,持卡人消费,15公寓浴池,-0.05,49.97,3046,正常
2016/05/02 16:52:31,a1980f072225882e274f607d36730f8f8f3bf87c,1dcdb6aff6d0af5fe81914d09e58f8bb1fcac75b,持卡人消费,15公寓浴池,-0.24,49.73,3048,正常
2016/05/02 18:08:32,a1980f072225882e274f607d36730f8f8f3bf87c,1dcdb6aff6d0af5fe81914d09e58f8bb1fcac75b,持卡人消费,学士楼商务网关,-7.0,42.73,3049,正常
2016/05/02 18:09:31,a1980f072225882e274f607d36730f8f8f3bf87c,1dcdb6aff6d0af5fe81914d09e58f8bb1fcac75b,持卡人消费,学士楼商务网关,-2.0,40.73,3050,正常
2016/05/03 11:45:27,a1980f072225882e274f607d36730f8f8f3bf87c,1dcdb6aff6d0af5fe81914d09e58f8bb1fcac75b,持卡人消费,学士楼商务网关,-0.5,40.23,3051,正常
2016/05/05 08:19:11,a1980f072225882e274f607d36730f8f8f3bf87c,1dcdb6aff6d0af5fe81914d09e58f8bb1fcac75b,持卡人消费,学士楼商务网关,-2.0,38.23,3052,正常
2016/05/05 11:44:27,a1980f072225882e274f607d36730f8f8f3bf87c,1dcdb6aff6d0af5fe81914d09e58f8bb1fcac75b,持卡人消费,学苑楼商务网关,-2.7,35.53,3053,正常
2016/05/05 11:44:47,a1980f072225882e274f607d36730f8f8f3bf87c,1dcdb6aff6d0af5fe81914d09e58f8bb1fcac75b,持卡人消费,学苑楼商务网关,-0.5,35.03,3054,正常
2016/05/05 11:45:46,a1980f072225882e274f607d36730f8f8f3bf87c,1dcdb6aff6d0af5fe81914d09e58f8bb1fcac75b,持卡人消费,学苑楼商务网关,-4.0,31.03,3055,正常
2016/05/05 16:36:20,a1980f072225882e274f607d36730f8f8f3bf87c,1dcdb6aff6d0af5fe81914d09e58f8bb1fcac75b,持卡人消费,15公寓浴池,-2.0,29.03,3056,正常
2016/05/05 16:38:51,a1980f072225882e274f607d36730f8f8f3bf87c,1dcdb6aff6d0af5fe81914d09e58f8bb1fcac75b,持卡人消费,15公寓浴池,-0.48,28.55,3058,正常
2016/05/05 16:41:31,a1980f072225882e274f607d36730f8f8f3bf87c,1dcdb6aff6d0af5fe81914d09e58f8bb1fcac75b,持卡人消费,15公寓浴池,-0.3,28.25,3060,正常
2016/05/05 16:45:29,a1980f072225882e274f607d36730f8f8f3bf87c,1dcdb6aff6d0af5fe81914d09e58f8bb1fcac75b,持卡人消费,15公寓浴池,-0.59,27.66,3062,正常
2016/05/05 18:11:13,a1980f072225882e274f607d36730f8f8f3bf87c,1dcdb6aff6d0af5fe81914d09e58f8bb1fcac75b,持卡人消费,学苑楼商务网关,-7.5,20.16,3063,正常
2016/05/05 18:11:24,a1980f072225882e274f607d36730f8f8f3bf87c,1dcdb6aff6d0af5fe81914d09e58f8bb1fcac75b,持卡人消费,学苑楼商务网关,-9.0,11.16,3064,正常
2016/05/06 11:26:33,a1980f072225882e274f607d36730f8f8f3bf87c,1dcdb6aff6d0af5fe81914d09e58f8bb1fcac75b,持卡人消费,学士楼商务网关,-9.9,1.26,3065,正常
2016/05/07 18:16:35,a1980f072225882e274f607d36730f8f8f3bf87c,1dcdb6aff6d0af5fe81914d09e58f8bb1fcac75b,存款,卡中心综合业务,100.0,101.26,3066,正常
2016/05/07 18:20:12,a1980f072225882e274f607d36730f8f8f3bf87c,1dcdb6aff6d0af5fe81914d09e58f8bb1fcac75b,持卡人消费,学苑楼商务网关,-4.0,97.26,3067,正常
2016/05/07 18:20:19,a1980f072225882e274f607d36730f8f8f3bf87c,1dcdb6aff6d0af5fe81914d09e58f8bb1fcac75b,持卡人消费,学苑楼商务网关,-0.4,96.86,3068,正常
2016/05/08 09:37:30,a1980f072225882e274f607d36730f8f8f3bf87c,1dcdb6aff6d0af5fe81914d09e58f8bb1fcac75b,持卡人消费,硕果园（工大商店）,-10.0,86.86,3069,正常
2016/05/08 16:07:48,a1980f072225882e274f607d36730f8f8f3bf87c,1dcdb6aff6d0af5fe81914d09e58f8bb1fcac75b,持卡人消费,超市商务子系统,-14.9,71.96,3070,正常
2016/05/08 16:48:55,a1980f072225882e274f607d36730f8f8f3bf87c,1dcdb6aff6d0af5fe81914d09e58f8bb1fcac75b,持卡人消费,学士楼商务网关,-1.5,70.46,3071,正常
2016/05/09 18:14:07,a1980f072225882e274f607d36730f8f8f3bf87c,1dcdb6aff6d0af5fe81914d09e58f8bb1fcac75b,持卡人消费,学苑楼商务网关,-3.5,66.96,3072,正常
2016/05/09 18:14:16,a1980f072225882e274f607d36730f8f8f3bf87c,1dcdb6aff6d0af5fe81914d09e58f8bb1fcac75b,持卡人消费,学苑楼商务网关,-1.2,65.76,3073,正常
2016/05/09 18:14:48,a1980f072225882e274f607d36730f8f8f3bf87c,1dcdb6aff6d0af5fe81914d09e58f8bb1fcac75b,持卡人消费,学苑楼商务网关,-2.5,63.26,3074,正常
2016/05/09 18:15:23,a1980f072225882e274f607d36730f8f8f3bf87c,1dcdb6aff6d0af5fe81914d09e58f8bb1fcac75b,持卡人消费,学苑楼商务网关,-0.5,62.76,3075,正常
2016/05/10 08:19:59,a1980f072225882e274f607d36730f8f8f3bf87c,1dcdb6aff6d0af5fe81914d09e58f8bb1fcac75b,持卡人消费,超市商务子系统,-3.5,59.26,3076,正常
2016/05/10 17:36:37,a1980f072225882e274f607d36730f8f8f3bf87c,1dcdb6aff6d0af5fe81914d09e58f8bb1fcac75b,持卡人消费,学子超市园丁总店,-1.0,58.26,3077,正常
2016/05/11 08:06:20,a1980f072225882e274f607d36730f8f8f3bf87c,1dcdb6aff6d0af5fe81914d09e58f8bb1fcac75b,持卡人消费,学士楼商务网关,-3.0,55.26,3078,正常
2016/05/11 11:27:04,a1980f072225882e274f607d36730f8f8f3bf87c,1dcdb6aff6d0af5fe81914d09e58f8bb1fcac75b,持卡人消费,学士楼商务网关,-2.0,53.26,3079,正常
2016/05/11 11:28:42,a1980f072225882e274f607d36730f8f8f3bf87c,1dcdb6aff6d0af5fe81914d09e58f8bb1fcac75b,持卡人消费,学士楼商务网关,-0.4,52.86,3080,正常
2016/05/13 08:11:36,a1980f072225882e274f607d36730f8f8f3bf87c,1dcdb6aff6d0af5fe81914d09e58f8bb1fcac75b,持卡人消费,学士楼商务网关,-2.5,50.36,3081,正常
2016/05/13 16:36:11,a1980f072225882e274f607d36730f8f8f3bf87c,1dcdb6aff6d0af5fe81914d09e58f8bb1fcac75b,持卡人消费,15公寓浴池,-0.14,50.22,3083,正常
2016/05/13 16:46:58,a1980f072225882e274f607d36730f8f8f3bf87c,1dcdb6aff6d0af5fe81914d09e58f8bb1fcac75b,持卡人消费,15公寓浴池,-2.0,48.22,3084,正常
2016/05/13 16:51:24,a1980f072225882e274f607d36730f8f8f3bf87c,1dcdb6aff6d0af5fe81914d09e58f8bb1fcac75b,持卡人消费,15公寓浴池,-0.85,47.37,3086,正常
2016/05/13 16:54:27,a1980f072225882e274f607d36730f8f8f3bf87c,1dcdb6aff6d0af5fe81914d09e58f8bb1fcac75b,持卡人消费,15公寓浴池,-0.46,46.91,3088,正常
2016/05/14 08:34:35,a1980f072225882e274f607d36730f8f8f3bf87c,1dcdb6aff6d0af5fe81914d09e58f8bb1fcac75b,持卡人消费,学士楼商务网关,-2.5,44.41,3089,正常
2016/05/14 18:31:03,a1980f072225882e274f607d36730f8f8f3bf87c,1dcdb6aff6d0af5fe81914d09e58f8bb1fcac75b,持卡人消费,学子楼商务网关,-8.0,36.41,3090,正常
2016/05/14 18:31:17,a1980f072225882e274f607d36730f8f8f3bf87c,1dcdb6aff6d0af5fe81914d09e58f8bb1fcac75b,持卡人消费,学子楼商务网关,-5.5,30.91,3091,正常
2016/05/15 06:58:13,a1980f072225882e274f607d36730f8f8f3bf87c,1dcdb6aff6d0af5fe81914d09e58f8bb1fcac75b,持卡人消费,学士楼商务网关,-6.9,24.01,3092,正常
2016/05/15 18:16:18,a1980f072225882e274f607d36730f8f8f3bf87c,1dcdb6aff6d0af5fe81914d09e58f8bb1fcac75b,持卡人消费,学士楼商务网关,-0.8,23.21,3093,正常
2016/05/15 18:16:31,a1980f072225882e274f607d36730f8f8f3bf87c,1dcdb6aff6d0af5fe81914d09e58f8bb1fcac75b,持卡人消费,学士楼商务网关,-0.4,22.81,3094,正常
2016/05/15 18:16:48,a1980f072225882e274f607d36730f8f8f3bf87c,1dcdb6aff6d0af5fe81914d09e58f8bb1fcac75b,持卡人消费,学士楼商务网关,-3.0,19.81,3095,正常
2016/05/15 18:26:10,a1980f072225882e274f607d36730f8f8f3bf87c,1dcdb6aff6d0af5fe81914d09e58f8bb1fcac75b,存款,现金充值机,100.0,119.81,3096,正常
2016/05/15 18:54:17,a1980f072225882e274f607d36730f8f8f3bf87c,1dcdb6aff6d0af5fe81914d09e58f8bb1fcac75b,持卡人消费,超市商务子系统,-7.4,112.41,3097,正常
2016/05/16 08:36:57,a1980f072225882e274f607d36730f8f8f3bf87c,1dcdb6aff6d0af5fe81914d09e58f8bb1fcac75b,持卡人消费,学士楼商务网关,-1.8,110.61,3098,正常
2016/05/16 11:23:05,a1980f072225882e274f607d36730f8f8f3bf87c,1dcdb6aff6d0af5fe81914d09e58f8bb1fcac75b,持卡人消费,学士楼商务网关,-12.0,98.61,3099,正常
2016/05/16 17:43:48,a1980f072225882e274f607d36730f8f8f3bf87c,1dcdb6aff6d0af5fe81914d09e58f8bb1fcac75b,持卡人消费,学苑楼商务网关,-2.0,96.61,3100,正常
2016/05/17 11:28:06,a1980f072225882e274f607d36730f8f8f3bf87c,1dcdb6aff6d0af5fe81914d09e58f8bb1fcac75b,持卡人消费,学士楼商务网关,-2.5,94.11,3101,正常
2016/05/17 18:30:08,a1980f072225882e274f607d36730f8f8f3bf87c,1dcdb6aff6d0af5fe81914d09e58f8bb1fcac75b,持卡人消费,硕果园（工大商店）,-10.0,84.11,3102,正常
2016/05/17 18:42:36,a1980f072225882e274f607d36730f8f8f3bf87c,1dcdb6aff6d0af5fe81914d09e58f8bb1fcac75b,持卡人消费,硕果园（工大商店）,-13.0,71.11,3103,正常
2016/05/17 19:54:36,a1980f072225882e274f607d36730f8f8f3bf87c,1dcdb6aff6d0af5fe81914d09e58f8bb1fcac75b,持卡人消费,15公寓浴池,-1.04,70.07,3105,正常
2016/05/17 20:05:33,a1980f072225882e274f607d36730f8f8f3bf87c,1dcdb6aff6d0af5fe81914d09e58f8bb1fcac75b,持卡人消费,15公寓浴池,-2.0,68.07,3106,正常
2016/05/20 08:03:41,a1980f072225882e274f607d36730f8f8f3bf87c,1dcdb6aff6d0af5fe81914d09e58f8bb1fcac75b,持卡人消费,超市商务子系统,-2.0,66.07,3107,正常
2016/05/21 12:18:38,a1980f072225882e274f607d36730f8f8f3bf87c,1dcdb6aff6d0af5fe81914d09e58f8bb1fcac75b,持卡人消费,学苑楼商务网关,-5.4,60.67,3108,正常
2016/05/21 12:19:38,a1980f072225882e274f607d36730f8f8f3bf87c,1dcdb6aff6d0af5fe81914d09e58f8bb1fcac75b,持卡人消费,学苑楼商务网关,-5.0,55.67,3109,正常
2016/05/21 12:21:04,a1980f072225882e274f607d36730f8f8f3bf87c,1dcdb6aff6d0af5fe81914d09e58f8bb1fcac75b,持卡人消费,学苑楼商务网关,-0.25,55.42,3110,正常
2016/05/21 12:22:54,a1980f072225882e274f607d36730f8f8f3bf87c,1dcdb6aff6d0af5fe81914d09e58f8bb1fcac75b,持卡人消费,学苑楼商务网关,-11.88,43.54,3111,正常
2016/05/21 12:23:14,a1980f072225882e274f607d36730f8f8f3bf87c,1dcdb6aff6d0af5fe81914d09e58f8bb1fcac75b,持卡人消费,学苑楼商务网关,-13.44,30.10,3112,正常
2016/05/21 12:24:09,a1980f072225882e274f607d36730f8f8f3bf87c,1dcdb6aff6d0af5fe81914d09e58f8bb1fcac75b,持卡人消费,学苑楼商务网关,-13.32,16.78,3113,正常
2016/05/21 13:32:26,a1980f072225882e274f607d36730f8f8f3bf87c,1dcdb6aff6d0af5fe81914d09e58f8bb1fcac75b,持卡人消费,15公寓浴池,-1.5,15.28,3115,正常
2016/05/21 13:42:37,a1980f072225882e274f607d36730f8f8f3bf87c,1dcdb6aff6d0af5fe81914d09e58f8bb1fcac75b,持卡人消费,15公寓浴池,-1.78,13.50,3117,正常
2016/05/22 07:35:47,a1980f072225882e274f607d36730f8f8f3bf87c,1dcdb6aff6d0af5fe81914d09e58f8bb1fcac75b,持卡人消费,学士楼商务网关,-0.3,13.20,3118,正常
2016/05/23 08:14:49,a1980f072225882e274f607d36730f8f8f3bf87c,1dcdb6aff6d0af5fe81914d09e58f8bb1fcac75b,持卡人消费,学士楼商务网关,-7.2,6.00,3119,正常
2016/05/23 11:34:16,a1980f072225882e274f607d36730f8f8f3bf87c,1dcdb6aff6d0af5fe81914d09e58f8bb1fcac75b,持卡人消费,学士楼商务网关,-2.0,4.00,3120,正常
2016/05/23 11:34:27,a1980f072225882e274f607d36730f8f8f3bf87c,1dcdb6aff6d0af5fe81914d09e58f8bb1fcac75b,持卡人消费,学士楼商务网关,-3.0,1.00,3121,正常
2016/05/25 11:58:50,a1980f072225882e274f607d36730f8f8f3bf87c,1dcdb6aff6d0af5fe81914d09e58f8bb1fcac75b,存款,学苑楼综合业务3,100.0,101.00,3122,正常
2016/05/25 12:00:26,a1980f072225882e274f607d36730f8f8f3bf87c,1dcdb6aff6d0af5fe81914d09e58f8bb1fcac75b,持卡人消费,学苑楼商务网关,-10.0,91.00,3123,正常
2016/05/26 12:18:20,a1980f072225882e274f607d36730f8f8f3bf87c,1dcdb6aff6d0af5fe81914d09e58f8bb1fcac75b,持卡人消费,学苑楼商务网关,-7.0,84.00,3124,正常
2016/05/26 12:19:56,a1980f072225882e274f607d36730f8f8f3bf87c,1dcdb6aff6d0af5fe81914d09e58f8bb1fcac75b,持卡人消费,学苑楼商务网关,-8.8,75.20,3125,正常
2016/05/26 12:57:16,a1980f072225882e274f607d36730f8f8f3bf87c,1dcdb6aff6d0af5fe81914d09e58f8bb1fcac75b,持卡人消费,超市商务子系统,-6.5,68.70,3126,正常
2016/05/26 16:58:20,a1980f072225882e274f607d36730f8f8f3bf87c,1dcdb6aff6d0af5fe81914d09e58f8bb1fcac75b,持卡人消费,学士楼商务网关,-5.0,63.70,3127,正常
2016/05/27 08:22:42,a1980f072225882e274f607d36730f8f8f3bf87c,1dcdb6aff6d0af5fe81914d09e58f8bb1fcac75b,持卡人消费,学士楼商务网关,-2.3,61.40,3128,正常
2016/05/27 12:03:13,a1980f072225882e274f607d36730f8f8f3bf87c,1dcdb6aff6d0af5fe81914d09e58f8bb1fcac75b,持卡人消费,学士楼商务网关,-7.0,54.40,3129,正常
2016/05/27 12:29:08,a1980f072225882e274f607d36730f8f8f3bf87c,1dcdb6aff6d0af5fe81914d09e58f8bb1fcac75b,持卡人消费,超市商务子系统,-15.0,39.40,3130,正常
2016/05/28 12:03:20,a1980f072225882e274f607d36730f8f8f3bf87c,1dcdb6aff6d0af5fe81914d09e58f8bb1fcac75b,持卡人消费,学苑楼商务网关,-5.0,34.40,3131,正常
2016/05/28 12:03:45,a1980f072225882e274f607d36730f8f8f3bf87c,1dcdb6aff6d0af5fe81914d09e58f8bb1fcac75b,持卡人消费,学苑楼商务网关,-6.0,28.40,3132,正常
2016/05/28 12:05:00,a1980f072225882e274f607d36730f8f8f3bf87c,1dcdb6aff6d0af5fe81914d09e58f8bb1fcac75b,持卡人消费,学苑楼商务网关,-3.5,24.90,3133,正常
2016/05/28 12:06:05,a1980f072225882e274f607d36730f8f8f3bf87c,1dcdb6aff6d0af5fe81914d09e58f8bb1fcac75b,持卡人消费,学苑楼商务网关,-6.0,18.90,3134,正常
2016/05/30 08:23:12,a1980f072225882e274f607d36730f8f8f3bf87c,1dcdb6aff6d0af5fe81914d09e58f8bb1fcac75b,持卡人消费,学士楼商务网关,-3.8,15.10,3135,正常
2016/05/30 13:50:23,a1980f072225882e274f607d36730f8f8f3bf87c,1dcdb6aff6d0af5fe81914d09e58f8bb1fcac75b,持卡人消费,15公寓浴池,-2.0,13.10,3136,正常
2016/05/30 13:55:49,a1980f072225882e274f607d36730f8f8f3bf87c,1dcdb6aff6d0af5fe81914d09e58f8bb1fcac75b,持卡人消费,15公寓浴池,-1.02,12.08,3138,正常
2016/05/30 14:00:22,a1980f072225882e274f607d36730f8f8f3bf87c,1dcdb6aff6d0af5fe81914d09e58f8bb1fcac75b,持卡人消费,15公寓浴池,-0.7,11.38,3140,正常
2016/05/30 17:32:15,a1980f072225882e274f607d36730f8f8f3bf87c,1dcdb6aff6d0af5fe81914d09e58f8bb1fcac75b,持卡人消费,学子楼商务网关,-4.0,7.38,3141,正常
2016/05/31 08:59:18,a1980f072225882e274f607d36730f8f8f3bf87c,1dcdb6aff6d0af5fe81914d09e58f8bb1fcac75b,持卡人消费,学士楼商务网关,-1.6,5.78,3142,正常
2016/05/31 11:21:08,a1980f072225882e274f607d36730f8f8f3bf87c,1dcdb6aff6d0af5fe81914d09e58f8bb1fcac75b,存款,现金充值机,100.0,105.78,3143,正常
2016/05/31 11:47:11,a1980f072225882e274f607d36730f8f8f3bf87c,1dcdb6aff6d0af5fe81914d09e58f8bb1fcac75b,持卡人消费,学苑楼商务网关,-8.0,97.78,3144,正常
