交易发生时间,学号,姓名,交易类型,子系统名称,交易额,现有余额,次数,状态
2016/05/05 11:15:22,7cf19109fdd734e81fe2f82940bad33b8dba2b18,1e406a68ba6a73030b4b7170f917fae01e4bfc41,持卡人消费,学士楼商务网关,-3.0,15.81,3291,正常
2016/05/05 11:15:44,7cf19109fdd734e81fe2f82940bad33b8dba2b18,1e406a68ba6a73030b4b7170f917fae01e4bfc41,持卡人消费,学士楼商务网关,-0.5,15.31,3292,正常
2016/05/05 19:06:50,7cf19109fdd734e81fe2f82940bad33b8dba2b18,1e406a68ba6a73030b4b7170f917fae01e4bfc41,持卡人消费,硕果园（工大商店）,-10.0,5.31,3293,正常
2016/05/06 10:31:52,7cf19109fdd734e81fe2f82940bad33b8dba2b18,1e406a68ba6a73030b4b7170f917fae01e4bfc41,存款,现金充值机,100.0,105.31,3294,正常
2016/05/06 10:52:56,7cf19109fdd734e81fe2f82940bad33b8dba2b18,1e406a68ba6a73030b4b7170f917fae01e4bfc41,持卡人消费,学苑楼商务网关,-2.0,103.31,3295,正常
2016/05/06 20:01:56,7cf19109fdd734e81fe2f82940bad33b8dba2b18,1e406a68ba6a73030b4b7170f917fae01e4bfc41,持卡人消费,硕果园（工大商店）,-11.8,91.51,3296,正常
2016/05/07 11:30:02,7cf19109fdd734e81fe2f82940bad33b8dba2b18,1e406a68ba6a73030b4b7170f917fae01e4bfc41,持卡人消费,硕果园（工大商店）,-11.0,80.51,3297,正常
2016/05/08 11:27:53,7cf19109fdd734e81fe2f82940bad33b8dba2b18,1e406a68ba6a73030b4b7170f917fae01e4bfc41,持卡人消费,学士楼商务网关,-9.1,71.41,3298,正常
2016/05/08 11:45:18,7cf19109fdd734e81fe2f82940bad33b8dba2b18,1e406a68ba6a73030b4b7170f917fae01e4bfc41,持卡人消费,硕果园（工大商店）,-5.0,66.41,3299,正常
2016/05/10 16:34:56,7cf19109fdd734e81fe2f82940bad33b8dba2b18,1e406a68ba6a73030b4b7170f917fae01e4bfc41,持卡人消费,一校区水控新,-1.79,64.62,3301,正常
2016/05/10 16:38:42,7cf19109fdd734e81fe2f82940bad33b8dba2b18,1e406a68ba6a73030b4b7170f917fae01e4bfc41,持卡人消费,一校区水控新,-0.42,64.20,3303,正常
2016/05/10 17:06:08,7cf19109fdd734e81fe2f82940bad33b8dba2b18,1e406a68ba6a73030b4b7170f917fae01e4bfc41,持卡人消费,学苑楼商务网关,-3.6,60.60,3304,正常
2016/05/10 17:06:48,7cf19109fdd734e81fe2f82940bad33b8dba2b18,1e406a68ba6a73030b4b7170f917fae01e4bfc41,持卡人消费,学苑楼商务网关,-1.5,59.10,3305,正常
2016/05/10 17:07:48,7cf19109fdd734e81fe2f82940bad33b8dba2b18,1e406a68ba6a73030b4b7170f917fae01e4bfc41,持卡人消费,学苑楼商务网关,-3.5,55.60,3306,正常
2016/05/12 11:26:53,7cf19109fdd734e81fe2f82940bad33b8dba2b18,1e406a68ba6a73030b4b7170f917fae01e4bfc41,持卡人消费,南苑网关,-8.88,46.72,3307,正常
2016/05/13 11:17:27,7cf19109fdd734e81fe2f82940bad33b8dba2b18,1e406a68ba6a73030b4b7170f917fae01e4bfc41,持卡人消费,学士楼商务网关,-4.8,41.92,3308,正常
2016/05/13 17:29:26,7cf19109fdd734e81fe2f82940bad33b8dba2b18,1e406a68ba6a73030b4b7170f917fae01e4bfc41,持卡人消费,学士楼商务网关,-10.4,31.52,3309,正常
2016/05/14 11:20:14,7cf19109fdd734e81fe2f82940bad33b8dba2b18,1e406a68ba6a73030b4b7170f917fae01e4bfc41,持卡人消费,学士楼商务网关,-8.3,23.22,3310,正常
2016/05/15 02:28:42,7cf19109fdd734e81fe2f82940bad33b8dba2b18,1e406a68ba6a73030b4b7170f917fae01e4bfc41,持卡人消费,学士楼商务网关,-3.8,19.42,3311,正常
2016/05/15 17:10:45,7cf19109fdd734e81fe2f82940bad33b8dba2b18,1e406a68ba6a73030b4b7170f917fae01e4bfc41,持卡人消费,学士楼商务网关,-3.0,16.42,3312,正常
2016/05/15 17:11:15,7cf19109fdd734e81fe2f82940bad33b8dba2b18,1e406a68ba6a73030b4b7170f917fae01e4bfc41,持卡人消费,学士楼商务网关,-0.5,15.92,3313,正常
2016/05/15 17:13:33,7cf19109fdd734e81fe2f82940bad33b8dba2b18,1e406a68ba6a73030b4b7170f917fae01e4bfc41,持卡人消费,学士楼商务网关,-3.5,12.42,3314,正常
2016/05/17 08:43:40,7cf19109fdd734e81fe2f82940bad33b8dba2b18,1e406a68ba6a73030b4b7170f917fae01e4bfc41,持卡人消费,学士楼商务网关,-0.8,11.62,3315,正常
2016/05/17 13:50:16,7cf19109fdd734e81fe2f82940bad33b8dba2b18,1e406a68ba6a73030b4b7170f917fae01e4bfc41,存款,现金充值机,100.0,111.62,3316,正常
2016/05/17 14:11:34,7cf19109fdd734e81fe2f82940bad33b8dba2b18,1e406a68ba6a73030b4b7170f917fae01e4bfc41,持卡人消费,学苑楼商务网关,-9.0,102.62,3317,正常
2016/05/17 14:14:37,7cf19109fdd734e81fe2f82940bad33b8dba2b18,1e406a68ba6a73030b4b7170f917fae01e4bfc41,持卡人消费,硕果园（工大商店）,-7.0,95.62,3318,正常
2016/05/18 10:28:16,7cf19109fdd734e81fe2f82940bad33b8dba2b18,1e406a68ba6a73030b4b7170f917fae01e4bfc41,持卡人消费,学士楼商务网关,-3.6,92.02,3319,正常
2016/05/19 09:47:27,7cf19109fdd734e81fe2f82940bad33b8dba2b18,1e406a68ba6a73030b4b7170f917fae01e4bfc41,持卡人消费,学士楼商务网关,-0.2,91.82,3320,正常
2016/05/19 11:07:01,7cf19109fdd734e81fe2f82940bad33b8dba2b18,1e406a68ba6a73030b4b7170f917fae01e4bfc41,持卡人消费,学士楼商务网关,-7.6,84.22,3321,正常
2016/05/19 14:53:21,7cf19109fdd734e81fe2f82940bad33b8dba2b18,1e406a68ba6a73030b4b7170f917fae01e4bfc41,持卡人消费,一校区水控新,-1.79,82.43,3323,正常
2016/05/19 14:58:41,7cf19109fdd734e81fe2f82940bad33b8dba2b18,1e406a68ba6a73030b4b7170f917fae01e4bfc41,持卡人消费,一校区水控新,-1.01,81.42,3325,正常
2016/05/19 17:15:46,7cf19109fdd734e81fe2f82940bad33b8dba2b18,1e406a68ba6a73030b4b7170f917fae01e4bfc41,持卡人消费,学士楼商务网关,-9.1,72.32,3326,正常
2016/05/21 11:11:16,7cf19109fdd734e81fe2f82940bad33b8dba2b18,1e406a68ba6a73030b4b7170f917fae01e4bfc41,持卡人消费,学士楼商务网关,-4.6,67.72,3327,正常
2016/05/21 11:12:06,7cf19109fdd734e81fe2f82940bad33b8dba2b18,1e406a68ba6a73030b4b7170f917fae01e4bfc41,持卡人消费,学士楼商务网关,-4.5,63.22,3328,正常
2016/05/21 11:29:09,7cf19109fdd734e81fe2f82940bad33b8dba2b18,1e406a68ba6a73030b4b7170f917fae01e4bfc41,持卡人消费,硕果园（工大商店）,-6.0,57.22,3329,正常
2016/05/21 17:26:16,7cf19109fdd734e81fe2f82940bad33b8dba2b18,1e406a68ba6a73030b4b7170f917fae01e4bfc41,持卡人消费,硕果园（工大商店）,-9.0,48.22,3330,正常
2016/05/21 17:39:33,7cf19109fdd734e81fe2f82940bad33b8dba2b18,1e406a68ba6a73030b4b7170f917fae01e4bfc41,持卡人消费,硕果园（工大商店）,-8.0,40.22,3331,正常
2016/05/22 11:15:36,7cf19109fdd734e81fe2f82940bad33b8dba2b18,1e406a68ba6a73030b4b7170f917fae01e4bfc41,持卡人消费,学士楼商务网关,-4.6,35.62,3332,正常
2016/05/22 17:16:17,7cf19109fdd734e81fe2f82940bad33b8dba2b18,1e406a68ba6a73030b4b7170f917fae01e4bfc41,持卡人消费,学士楼商务网关,-6.1,29.52,3333,正常
2016/05/22 17:30:19,7cf19109fdd734e81fe2f82940bad33b8dba2b18,1e406a68ba6a73030b4b7170f917fae01e4bfc41,持卡人消费,硕果园（工大商店）,-5.3,24.22,3334,正常
2016/05/26 18:39:23,7cf19109fdd734e81fe2f82940bad33b8dba2b18,1e406a68ba6a73030b4b7170f917fae01e4bfc41,持卡人消费,游泳馆,-6.0,18.22,3335,正常
2016/05/27 14:14:11,7cf19109fdd734e81fe2f82940bad33b8dba2b18,1e406a68ba6a73030b4b7170f917fae01e4bfc41,存款,现金充值机,100.0,118.22,3336,正常
2016/05/27 16:26:16,7cf19109fdd734e81fe2f82940bad33b8dba2b18,1e406a68ba6a73030b4b7170f917fae01e4bfc41,持卡人消费,硕果园（工大商店）,-14.5,103.72,3337,正常
2016/05/27 16:39:15,7cf19109fdd734e81fe2f82940bad33b8dba2b18,1e406a68ba6a73030b4b7170f917fae01e4bfc41,持卡人消费,硕果园（工大商店）,-9.0,94.72,3338,正常
2016/05/28 11:16:43,7cf19109fdd734e81fe2f82940bad33b8dba2b18,1e406a68ba6a73030b4b7170f917fae01e4bfc41,持卡人消费,学士楼商务网关,-8.1,86.62,3339,正常
2016/05/28 17:11:14,7cf19109fdd734e81fe2f82940bad33b8dba2b18,1e406a68ba6a73030b4b7170f917fae01e4bfc41,持卡人消费,学苑楼商务网关,-8.0,78.62,3340,正常
2016/05/28 17:34:22,7cf19109fdd734e81fe2f82940bad33b8dba2b18,1e406a68ba6a73030b4b7170f917fae01e4bfc41,持卡人消费,超市商务子系统,-11.6,67.02,3341,正常
2016/05/29 11:12:08,7cf19109fdd734e81fe2f82940bad33b8dba2b18,1e406a68ba6a73030b4b7170f917fae01e4bfc41,持卡人消费,学士楼商务网关,-9.6,57.42,3342,正常
2016/05/30 09:34:23,7cf19109fdd734e81fe2f82940bad33b8dba2b18,1e406a68ba6a73030b4b7170f917fae01e4bfc41,持卡人消费,硕果园（工大商店）,-9.0,48.42,3343,正常
2016/05/30 15:16:57,7cf19109fdd734e81fe2f82940bad33b8dba2b18,1e406a68ba6a73030b4b7170f917fae01e4bfc41,持卡人消费,一校区水控新,-0.03,48.39,3345,正常
2016/05/30 15:17:08,7cf19109fdd734e81fe2f82940bad33b8dba2b18,1e406a68ba6a73030b4b7170f917fae01e4bfc41,持卡人消费,一校区水控新,-0.02,48.37,3347,正常
2016/05/30 15:27:39,7cf19109fdd734e81fe2f82940bad33b8dba2b18,1e406a68ba6a73030b4b7170f917fae01e4bfc41,持卡人消费,一校区水控新,-2.0,46.37,3348,正常
2016/05/30 15:29:51,7cf19109fdd734e81fe2f82940bad33b8dba2b18,1e406a68ba6a73030b4b7170f917fae01e4bfc41,持卡人消费,一校区水控新,-0.35,46.02,3349,正常
2016/05/30 15:42:58,7cf19109fdd734e81fe2f82940bad33b8dba2b18,1e406a68ba6a73030b4b7170f917fae01e4bfc41,持卡人消费,硕果园（工大商店）,-8.0,38.02,3350,正常
2016/05/31 18:53:39,7cf19109fdd734e81fe2f82940bad33b8dba2b18,1e406a68ba6a73030b4b7170f917fae01e4bfc41,持卡人消费,硕果园（工大商店）,-10.3,27.72,3351,正常
