交易发生时间,学号,姓名,交易类型,子系统名称,交易额,现有余额,次数,状态
2016/05/05 16:07:03,caa4f6f2d0b43bfef8b8080c0810ae318670ab6a,1eaad522646ebb6c3298612f2caa7d6abe52a198,持卡人消费,网络中心,-30.0,41.50,5132,正常
2016/05/05 20:00:36,caa4f6f2d0b43bfef8b8080c0810ae318670ab6a,1eaad522646ebb6c3298612f2caa7d6abe52a198,持卡人消费,15公寓浴池,-1.31,40.19,5134,正常
2016/05/05 20:07:58,caa4f6f2d0b43bfef8b8080c0810ae318670ab6a,1eaad522646ebb6c3298612f2caa7d6abe52a198,持卡人消费,15公寓浴池,-0.21,39.98,5136,正常
2016/05/05 20:16:21,caa4f6f2d0b43bfef8b8080c0810ae318670ab6a,1eaad522646ebb6c3298612f2caa7d6abe52a198,持卡人消费,15公寓浴池,-0.45,39.53,5138,正常
2016/05/05 20:22:59,caa4f6f2d0b43bfef8b8080c0810ae318670ab6a,1eaad522646ebb6c3298612f2caa7d6abe52a198,持卡人消费,15公寓浴池,-1.02,38.51,5140,正常
2016/05/05 20:25:01,caa4f6f2d0b43bfef8b8080c0810ae318670ab6a,1eaad522646ebb6c3298612f2caa7d6abe52a198,持卡人消费,15公寓浴池,-0.08,38.43,5142,正常
2016/05/05 20:34:28,caa4f6f2d0b43bfef8b8080c0810ae318670ab6a,1eaad522646ebb6c3298612f2caa7d6abe52a198,持卡人消费,15公寓浴池,-1.23,37.20,5144,正常
2016/05/05 20:35:53,caa4f6f2d0b43bfef8b8080c0810ae318670ab6a,1eaad522646ebb6c3298612f2caa7d6abe52a198,持卡人消费,15公寓浴池,-0.06,37.14,5146,正常
2016/05/06 09:29:19,caa4f6f2d0b43bfef8b8080c0810ae318670ab6a,1eaad522646ebb6c3298612f2caa7d6abe52a198,持卡人消费,网络中心,-30.0,7.14,5147,正常
2016/05/06 15:03:42,caa4f6f2d0b43bfef8b8080c0810ae318670ab6a,1eaad522646ebb6c3298612f2caa7d6abe52a198,存款,学苑楼综合业务2,50.0,57.14,5148,正常
2016/05/06 15:07:21,caa4f6f2d0b43bfef8b8080c0810ae318670ab6a,1eaad522646ebb6c3298612f2caa7d6abe52a198,持卡人消费,一区图书馆APOS,-2.6,54.54,5149,正常
2016/05/08 06:53:45,caa4f6f2d0b43bfef8b8080c0810ae318670ab6a,1eaad522646ebb6c3298612f2caa7d6abe52a198,持卡人消费,超市商务子系统,-3.5,51.04,5150,正常
2016/05/09 06:50:24,caa4f6f2d0b43bfef8b8080c0810ae318670ab6a,1eaad522646ebb6c3298612f2caa7d6abe52a198,持卡人消费,超市商务子系统,-3.5,47.54,5151,正常
2016/05/09 19:39:12,caa4f6f2d0b43bfef8b8080c0810ae318670ab6a,1eaad522646ebb6c3298612f2caa7d6abe52a198,持卡人消费,15公寓浴池,-1.02,46.52,5153,正常
2016/05/09 19:47:48,caa4f6f2d0b43bfef8b8080c0810ae318670ab6a,1eaad522646ebb6c3298612f2caa7d6abe52a198,持卡人消费,15公寓浴池,-0.24,46.28,5155,正常
2016/05/09 19:56:39,caa4f6f2d0b43bfef8b8080c0810ae318670ab6a,1eaad522646ebb6c3298612f2caa7d6abe52a198,持卡人消费,15公寓浴池,-0.51,45.77,5157,正常
2016/05/09 20:06:13,caa4f6f2d0b43bfef8b8080c0810ae318670ab6a,1eaad522646ebb6c3298612f2caa7d6abe52a198,持卡人消费,15公寓浴池,-1.41,44.36,5159,正常
2016/05/09 20:12:04,caa4f6f2d0b43bfef8b8080c0810ae318670ab6a,1eaad522646ebb6c3298612f2caa7d6abe52a198,持卡人消费,15公寓浴池,-0.48,43.88,5161,正常
2016/05/09 20:18:08,caa4f6f2d0b43bfef8b8080c0810ae318670ab6a,1eaad522646ebb6c3298612f2caa7d6abe52a198,持卡人消费,15公寓浴池,-0.94,42.94,5163,正常
2016/05/09 20:19:49,caa4f6f2d0b43bfef8b8080c0810ae318670ab6a,1eaad522646ebb6c3298612f2caa7d6abe52a198,持卡人消费,15公寓浴池,-0.06,42.88,5165,正常
2016/05/10 06:57:16,caa4f6f2d0b43bfef8b8080c0810ae318670ab6a,1eaad522646ebb6c3298612f2caa7d6abe52a198,持卡人消费,超市商务子系统,-2.5,40.38,5166,正常
2016/05/11 07:01:10,caa4f6f2d0b43bfef8b8080c0810ae318670ab6a,1eaad522646ebb6c3298612f2caa7d6abe52a198,持卡人消费,超市商务子系统,-4.5,35.88,5167,正常
2016/05/11 07:01:27,caa4f6f2d0b43bfef8b8080c0810ae318670ab6a,1eaad522646ebb6c3298612f2caa7d6abe52a198,持卡人消费,超市商务子系统,-2.5,33.38,5168,正常
2016/05/11 13:57:34,caa4f6f2d0b43bfef8b8080c0810ae318670ab6a,1eaad522646ebb6c3298612f2caa7d6abe52a198,持卡人消费,15公寓浴池,-0.5,32.88,5170,正常
2016/05/11 14:02:29,caa4f6f2d0b43bfef8b8080c0810ae318670ab6a,1eaad522646ebb6c3298612f2caa7d6abe52a198,持卡人消费,15公寓浴池,-0.22,32.66,5172,正常
2016/05/11 14:05:33,caa4f6f2d0b43bfef8b8080c0810ae318670ab6a,1eaad522646ebb6c3298612f2caa7d6abe52a198,持卡人消费,15公寓浴池,-0.14,32.52,5174,正常
2016/05/11 14:08:32,caa4f6f2d0b43bfef8b8080c0810ae318670ab6a,1eaad522646ebb6c3298612f2caa7d6abe52a198,持卡人消费,15公寓浴池,-0.16,32.36,5176,正常
2016/05/11 14:11:00,caa4f6f2d0b43bfef8b8080c0810ae318670ab6a,1eaad522646ebb6c3298612f2caa7d6abe52a198,持卡人消费,15公寓浴池,-0.14,32.22,5178,正常
2016/05/11 14:12:57,caa4f6f2d0b43bfef8b8080c0810ae318670ab6a,1eaad522646ebb6c3298612f2caa7d6abe52a198,持卡人消费,15公寓浴池,-0.06,32.16,5180,正常
2016/05/11 14:17:03,caa4f6f2d0b43bfef8b8080c0810ae318670ab6a,1eaad522646ebb6c3298612f2caa7d6abe52a198,持卡人消费,15公寓浴池,-0.11,32.05,5182,正常
2016/05/11 14:22:10,caa4f6f2d0b43bfef8b8080c0810ae318670ab6a,1eaad522646ebb6c3298612f2caa7d6abe52a198,持卡人消费,15公寓浴池,-0.37,31.68,5184,正常
2016/05/11 14:27:02,caa4f6f2d0b43bfef8b8080c0810ae318670ab6a,1eaad522646ebb6c3298612f2caa7d6abe52a198,持卡人消费,15公寓浴池,-0.3,31.38,5186,正常
2016/05/11 14:28:56,caa4f6f2d0b43bfef8b8080c0810ae318670ab6a,1eaad522646ebb6c3298612f2caa7d6abe52a198,持卡人消费,15公寓浴池,-0.18,31.20,5188,正常
2016/05/11 14:35:29,caa4f6f2d0b43bfef8b8080c0810ae318670ab6a,1eaad522646ebb6c3298612f2caa7d6abe52a198,持卡人消费,15公寓浴池,-1.07,30.13,5190,正常
2016/05/11 14:41:15,caa4f6f2d0b43bfef8b8080c0810ae318670ab6a,1eaad522646ebb6c3298612f2caa7d6abe52a198,持卡人消费,15公寓浴池,-0.58,29.55,5192,正常
2016/05/11 14:48:10,caa4f6f2d0b43bfef8b8080c0810ae318670ab6a,1eaad522646ebb6c3298612f2caa7d6abe52a198,持卡人消费,15公寓浴池,-0.94,28.61,5194,正常
2016/05/11 14:57:17,caa4f6f2d0b43bfef8b8080c0810ae318670ab6a,1eaad522646ebb6c3298612f2caa7d6abe52a198,持卡人消费,15公寓浴池,-1.54,27.07,5196,正常
2016/05/11 15:08:39,caa4f6f2d0b43bfef8b8080c0810ae318670ab6a,1eaad522646ebb6c3298612f2caa7d6abe52a198,持卡人消费,A15,-3.0,24.07,5197,正常
2016/05/11 19:07:08,caa4f6f2d0b43bfef8b8080c0810ae318670ab6a,1eaad522646ebb6c3298612f2caa7d6abe52a198,持卡人消费,硕果园（工大商店）,-6.0,18.07,5198,正常
2016/05/11 19:11:10,caa4f6f2d0b43bfef8b8080c0810ae318670ab6a,1eaad522646ebb6c3298612f2caa7d6abe52a198,持卡人消费,超市商务子系统,-10.0,8.07,5199,正常
2016/05/12 06:50:52,caa4f6f2d0b43bfef8b8080c0810ae318670ab6a,1eaad522646ebb6c3298612f2caa7d6abe52a198,持卡人消费,超市商务子系统,-3.5,4.57,5200,正常
2016/05/12 06:51:09,caa4f6f2d0b43bfef8b8080c0810ae318670ab6a,1eaad522646ebb6c3298612f2caa7d6abe52a198,持卡人消费,超市商务子系统,-3.5,1.07,5201,正常
2016/05/12 17:23:07,caa4f6f2d0b43bfef8b8080c0810ae318670ab6a,1eaad522646ebb6c3298612f2caa7d6abe52a198,持卡人消费,学子超市园丁总店,-0.7,0.37,5202,正常
2016/05/16 17:31:02,caa4f6f2d0b43bfef8b8080c0810ae318670ab6a,1eaad522646ebb6c3298612f2caa7d6abe52a198,存款,学苑楼综合业务2,100.0,100.37,5203,正常
2016/05/16 17:32:08,caa4f6f2d0b43bfef8b8080c0810ae318670ab6a,1eaad522646ebb6c3298612f2caa7d6abe52a198,持卡人消费,学苑楼商务网关,-7.1,93.27,5204,正常
2016/05/16 17:42:45,caa4f6f2d0b43bfef8b8080c0810ae318670ab6a,1eaad522646ebb6c3298612f2caa7d6abe52a198,持卡人消费,硕果园（工大商店）,-2.0,91.27,5205,正常
2016/05/17 06:15:58,caa4f6f2d0b43bfef8b8080c0810ae318670ab6a,1eaad522646ebb6c3298612f2caa7d6abe52a198,持卡人消费,超市商务子系统,-3.5,87.77,5206,正常
2016/05/17 17:17:35,caa4f6f2d0b43bfef8b8080c0810ae318670ab6a,1eaad522646ebb6c3298612f2caa7d6abe52a198,持卡人消费,学苑楼商务网关,-3.5,84.27,5207,正常
2016/05/17 17:18:12,caa4f6f2d0b43bfef8b8080c0810ae318670ab6a,1eaad522646ebb6c3298612f2caa7d6abe52a198,持卡人消费,学苑楼商务网关,-5.0,79.27,5208,正常
2016/05/18 13:46:16,caa4f6f2d0b43bfef8b8080c0810ae318670ab6a,1eaad522646ebb6c3298612f2caa7d6abe52a198,持卡人消费,硕果园（工大商店）,-3.0,76.27,5209,正常
2016/05/18 19:08:59,caa4f6f2d0b43bfef8b8080c0810ae318670ab6a,1eaad522646ebb6c3298612f2caa7d6abe52a198,持卡人消费,15公寓浴池,-1.26,75.01,5211,正常
2016/05/18 19:17:30,caa4f6f2d0b43bfef8b8080c0810ae318670ab6a,1eaad522646ebb6c3298612f2caa7d6abe52a198,持卡人消费,15公寓浴池,-0.3,74.71,5213,正常
2016/05/18 19:26:15,caa4f6f2d0b43bfef8b8080c0810ae318670ab6a,1eaad522646ebb6c3298612f2caa7d6abe52a198,持卡人消费,15公寓浴池,-0.48,74.23,5215,正常
2016/05/18 19:37:40,caa4f6f2d0b43bfef8b8080c0810ae318670ab6a,1eaad522646ebb6c3298612f2caa7d6abe52a198,持卡人消费,15公寓浴池,-1.55,72.68,5217,正常
2016/05/18 19:43:57,caa4f6f2d0b43bfef8b8080c0810ae318670ab6a,1eaad522646ebb6c3298612f2caa7d6abe52a198,持卡人消费,15公寓浴池,-0.51,72.17,5219,正常
2016/05/18 19:51:09,caa4f6f2d0b43bfef8b8080c0810ae318670ab6a,1eaad522646ebb6c3298612f2caa7d6abe52a198,持卡人消费,15公寓浴池,-1.1,71.07,5221,正常
2016/05/18 19:51:45,caa4f6f2d0b43bfef8b8080c0810ae318670ab6a,1eaad522646ebb6c3298612f2caa7d6abe52a198,持卡人消费,15公寓浴池,-0.02,71.05,5223,正常
2016/05/18 19:53:11,caa4f6f2d0b43bfef8b8080c0810ae318670ab6a,1eaad522646ebb6c3298612f2caa7d6abe52a198,持卡人消费,15公寓浴池,-0.06,70.99,5225,正常
2016/05/19 07:05:15,caa4f6f2d0b43bfef8b8080c0810ae318670ab6a,1eaad522646ebb6c3298612f2caa7d6abe52a198,持卡人消费,超市商务子系统,-3.0,67.99,5226,正常
2016/05/19 18:18:00,caa4f6f2d0b43bfef8b8080c0810ae318670ab6a,1eaad522646ebb6c3298612f2caa7d6abe52a198,持卡人消费,硕果园（工大商店）,-5.0,62.99,5227,正常
2016/05/20 06:46:22,caa4f6f2d0b43bfef8b8080c0810ae318670ab6a,1eaad522646ebb6c3298612f2caa7d6abe52a198,持卡人消费,超市商务子系统,-3.0,59.99,5228,正常
2016/05/21 07:39:42,caa4f6f2d0b43bfef8b8080c0810ae318670ab6a,1eaad522646ebb6c3298612f2caa7d6abe52a198,持卡人消费,超市商务子系统,-3.0,56.99,5229,正常
2016/05/22 13:52:49,caa4f6f2d0b43bfef8b8080c0810ae318670ab6a,1eaad522646ebb6c3298612f2caa7d6abe52a198,持卡人消费,15公寓浴池,-0.93,56.06,5231,正常
2016/05/22 14:01:07,caa4f6f2d0b43bfef8b8080c0810ae318670ab6a,1eaad522646ebb6c3298612f2caa7d6abe52a198,持卡人消费,15公寓浴池,-0.21,55.85,5233,正常
2016/05/22 14:08:23,caa4f6f2d0b43bfef8b8080c0810ae318670ab6a,1eaad522646ebb6c3298612f2caa7d6abe52a198,持卡人消费,15公寓浴池,-0.45,55.40,5235,正常
2016/05/22 14:17:28,caa4f6f2d0b43bfef8b8080c0810ae318670ab6a,1eaad522646ebb6c3298612f2caa7d6abe52a198,持卡人消费,15公寓浴池,-1.34,54.06,5237,正常
2016/05/22 14:23:07,caa4f6f2d0b43bfef8b8080c0810ae318670ab6a,1eaad522646ebb6c3298612f2caa7d6abe52a198,持卡人消费,15公寓浴池,-0.56,53.50,5239,正常
2016/05/22 14:28:21,caa4f6f2d0b43bfef8b8080c0810ae318670ab6a,1eaad522646ebb6c3298612f2caa7d6abe52a198,持卡人消费,15公寓浴池,-0.72,52.78,5241,正常
2016/05/22 17:47:28,caa4f6f2d0b43bfef8b8080c0810ae318670ab6a,1eaad522646ebb6c3298612f2caa7d6abe52a198,持卡人消费,硕果园（工大商店）,-8.0,44.78,5242,正常
2016/05/22 17:47:33,caa4f6f2d0b43bfef8b8080c0810ae318670ab6a,1eaad522646ebb6c3298612f2caa7d6abe52a198,持卡人消费,硕果园（工大商店）,-0.1,44.68,5243,正常
2016/05/23 07:53:29,caa4f6f2d0b43bfef8b8080c0810ae318670ab6a,1eaad522646ebb6c3298612f2caa7d6abe52a198,持卡人消费,超市商务子系统,-3.0,41.68,5244,正常
2016/05/23 12:20:47,caa4f6f2d0b43bfef8b8080c0810ae318670ab6a,1eaad522646ebb6c3298612f2caa7d6abe52a198,持卡人消费,学苑楼商务网关,-6.0,35.68,5245,正常
2016/05/23 12:20:56,caa4f6f2d0b43bfef8b8080c0810ae318670ab6a,1eaad522646ebb6c3298612f2caa7d6abe52a198,持卡人消费,学苑楼商务网关,-0.1,35.58,5246,正常
2016/05/23 14:25:14,caa4f6f2d0b43bfef8b8080c0810ae318670ab6a,1eaad522646ebb6c3298612f2caa7d6abe52a198,持卡人消费,15公寓浴池,-1.18,34.40,5248,正常
2016/05/23 14:28:40,caa4f6f2d0b43bfef8b8080c0810ae318670ab6a,1eaad522646ebb6c3298612f2caa7d6abe52a198,持卡人消费,15公寓浴池,-0.35,34.05,5250,正常
2016/05/23 14:38:39,caa4f6f2d0b43bfef8b8080c0810ae318670ab6a,1eaad522646ebb6c3298612f2caa7d6abe52a198,持卡人消费,15公寓浴池,-1.6,32.45,5252,正常
2016/05/24 12:10:42,caa4f6f2d0b43bfef8b8080c0810ae318670ab6a,1eaad522646ebb6c3298612f2caa7d6abe52a198,持卡人消费,学苑楼商务网关,-12.0,20.45,5253,正常
2016/05/24 12:12:02,caa4f6f2d0b43bfef8b8080c0810ae318670ab6a,1eaad522646ebb6c3298612f2caa7d6abe52a198,持卡人消费,学苑楼商务网关,-6.0,14.45,5254,正常
2016/05/24 12:12:19,caa4f6f2d0b43bfef8b8080c0810ae318670ab6a,1eaad522646ebb6c3298612f2caa7d6abe52a198,持卡人消费,学苑楼商务网关,-0.8,13.65,5255,正常
2016/05/24 17:17:52,caa4f6f2d0b43bfef8b8080c0810ae318670ab6a,1eaad522646ebb6c3298612f2caa7d6abe52a198,持卡人消费,学子超市园丁总店,-1.9,11.75,5256,正常
2016/05/25 11:21:34,caa4f6f2d0b43bfef8b8080c0810ae318670ab6a,1eaad522646ebb6c3298612f2caa7d6abe52a198,存款,学苑楼综合业务2,50.0,61.75,5257,正常
2016/05/25 11:35:05,caa4f6f2d0b43bfef8b8080c0810ae318670ab6a,1eaad522646ebb6c3298612f2caa7d6abe52a198,持卡人消费,学苑楼商务网关,-7.0,54.75,5258,正常
2016/05/25 11:39:10,caa4f6f2d0b43bfef8b8080c0810ae318670ab6a,1eaad522646ebb6c3298612f2caa7d6abe52a198,持卡人消费,学苑楼商务网关,-1.0,53.75,5259,正常
2016/05/25 11:42:54,caa4f6f2d0b43bfef8b8080c0810ae318670ab6a,1eaad522646ebb6c3298612f2caa7d6abe52a198,持卡人消费,学苑楼商务网关,-0.5,53.25,5260,正常
2016/05/25 11:43:04,caa4f6f2d0b43bfef8b8080c0810ae318670ab6a,1eaad522646ebb6c3298612f2caa7d6abe52a198,持卡人消费,学苑楼商务网关,-8.0,45.25,5261,正常
2016/05/25 12:05:05,caa4f6f2d0b43bfef8b8080c0810ae318670ab6a,1eaad522646ebb6c3298612f2caa7d6abe52a198,持卡人消费,学苑楼商务网关,-6.5,38.75,5262,正常
2016/05/25 16:58:18,caa4f6f2d0b43bfef8b8080c0810ae318670ab6a,1eaad522646ebb6c3298612f2caa7d6abe52a198,持卡人消费,硕果园（工大商店）,-12.0,26.75,5263,正常
2016/05/25 17:03:58,caa4f6f2d0b43bfef8b8080c0810ae318670ab6a,1eaad522646ebb6c3298612f2caa7d6abe52a198,持卡人消费,学苑楼商务网关,-1.3,25.45,5264,正常
2016/05/25 17:05:35,caa4f6f2d0b43bfef8b8080c0810ae318670ab6a,1eaad522646ebb6c3298612f2caa7d6abe52a198,持卡人消费,学苑楼商务网关,-1.0,24.45,5265,正常
2016/05/25 19:52:51,caa4f6f2d0b43bfef8b8080c0810ae318670ab6a,1eaad522646ebb6c3298612f2caa7d6abe52a198,持卡人消费,15公寓浴池,-0.94,21.51,5268,正常
2016/05/25 19:53:29,caa4f6f2d0b43bfef8b8080c0810ae318670ab6a,1eaad522646ebb6c3298612f2caa7d6abe52a198,持卡人消费,15公寓浴池,-1.15,22.36,5269,正常
2016/05/25 19:54:34,caa4f6f2d0b43bfef8b8080c0810ae318670ab6a,1eaad522646ebb6c3298612f2caa7d6abe52a198,持卡人消费,15公寓浴池,-0.06,22.30,5271,正常
2016/05/25 19:58:47,caa4f6f2d0b43bfef8b8080c0810ae318670ab6a,1eaad522646ebb6c3298612f2caa7d6abe52a198,持卡人消费,15公寓浴池,-0.16,22.14,5273,正常
2016/05/25 20:00:00,caa4f6f2d0b43bfef8b8080c0810ae318670ab6a,1eaad522646ebb6c3298612f2caa7d6abe52a198,持卡人消费,15公寓浴池,-0.22,21.92,5275,正常
2016/05/25 20:01:42,caa4f6f2d0b43bfef8b8080c0810ae318670ab6a,1eaad522646ebb6c3298612f2caa7d6abe52a198,持卡人消费,15公寓浴池,-0.24,21.68,5277,正常
2016/05/25 20:04:07,caa4f6f2d0b43bfef8b8080c0810ae318670ab6a,1eaad522646ebb6c3298612f2caa7d6abe52a198,持卡人消费,15公寓浴池,-0.11,21.57,5279,正常
2016/05/25 20:05:29,caa4f6f2d0b43bfef8b8080c0810ae318670ab6a,1eaad522646ebb6c3298612f2caa7d6abe52a198,持卡人消费,15公寓浴池,-0.11,21.46,5281,正常
2016/05/25 20:08:50,caa4f6f2d0b43bfef8b8080c0810ae318670ab6a,1eaad522646ebb6c3298612f2caa7d6abe52a198,持卡人消费,15公寓浴池,-0.48,18.98,5284,正常
2016/05/25 20:08:52,caa4f6f2d0b43bfef8b8080c0810ae318670ab6a,1eaad522646ebb6c3298612f2caa7d6abe52a198,持卡人消费,15公寓浴池,-0.3,20.68,5285,正常
2016/05/25 20:12:49,caa4f6f2d0b43bfef8b8080c0810ae318670ab6a,1eaad522646ebb6c3298612f2caa7d6abe52a198,持卡人消费,15公寓浴池,-0.1,18.58,5288,正常
2016/05/25 20:12:52,caa4f6f2d0b43bfef8b8080c0810ae318670ab6a,1eaad522646ebb6c3298612f2caa7d6abe52a198,持卡人消费,15公寓浴池,-0.1,20.48,5289,正常
2016/05/25 20:17:29,caa4f6f2d0b43bfef8b8080c0810ae318670ab6a,1eaad522646ebb6c3298612f2caa7d6abe52a198,持卡人消费,15公寓浴池,-0.38,20.10,5291,正常
2016/05/25 20:22:56,caa4f6f2d0b43bfef8b8080c0810ae318670ab6a,1eaad522646ebb6c3298612f2caa7d6abe52a198,持卡人消费,15公寓浴池,-1.02,17.08,5294,正常
2016/05/25 20:25:46,caa4f6f2d0b43bfef8b8080c0810ae318670ab6a,1eaad522646ebb6c3298612f2caa7d6abe52a198,持卡人消费,15公寓浴池,-0.1,16.98,5296,正常
2016/05/25 20:25:52,caa4f6f2d0b43bfef8b8080c0810ae318670ab6a,1eaad522646ebb6c3298612f2caa7d6abe52a198,持卡人消费,15公寓浴池,-1.3,17.68,5297,正常
2016/05/25 20:28:37,caa4f6f2d0b43bfef8b8080c0810ae318670ab6a,1eaad522646ebb6c3298612f2caa7d6abe52a198,持卡人消费,15公寓浴池,-0.3,15.38,5300,正常
2016/05/25 20:29:59,caa4f6f2d0b43bfef8b8080c0810ae318670ab6a,1eaad522646ebb6c3298612f2caa7d6abe52a198,持卡人消费,15公寓浴池,-0.37,17.01,5301,正常
2016/05/25 20:32:55,caa4f6f2d0b43bfef8b8080c0810ae318670ab6a,1eaad522646ebb6c3298612f2caa7d6abe52a198,持卡人消费,15公寓浴池,-0.22,14.79,5304,正常
2016/05/25 20:33:44,caa4f6f2d0b43bfef8b8080c0810ae318670ab6a,1eaad522646ebb6c3298612f2caa7d6abe52a198,持卡人消费,15公寓浴池,-0.67,16.12,5305,正常
2016/05/25 20:38:19,caa4f6f2d0b43bfef8b8080c0810ae318670ab6a,1eaad522646ebb6c3298612f2caa7d6abe52a198,持卡人消费,15公寓浴池,-0.56,15.56,5307,正常
2016/05/25 20:39:32,caa4f6f2d0b43bfef8b8080c0810ae318670ab6a,1eaad522646ebb6c3298612f2caa7d6abe52a198,持卡人消费,15公寓浴池,-0.03,15.53,5309,正常
2016/05/26 17:26:51,caa4f6f2d0b43bfef8b8080c0810ae318670ab6a,1eaad522646ebb6c3298612f2caa7d6abe52a198,持卡人消费,硕果园（工大商店）,-5.0,10.53,5310,正常
2016/05/27 11:25:35,caa4f6f2d0b43bfef8b8080c0810ae318670ab6a,1eaad522646ebb6c3298612f2caa7d6abe52a198,存款,学苑楼综合业务3,20.0,30.53,5311,正常
2016/05/27 11:26:39,caa4f6f2d0b43bfef8b8080c0810ae318670ab6a,1eaad522646ebb6c3298612f2caa7d6abe52a198,持卡人消费,学苑楼商务网关,-7.0,23.53,5312,正常
2016/05/27 11:27:47,caa4f6f2d0b43bfef8b8080c0810ae318670ab6a,1eaad522646ebb6c3298612f2caa7d6abe52a198,持卡人消费,学苑楼商务网关,-8.0,15.53,5313,正常
2016/05/27 11:29:53,caa4f6f2d0b43bfef8b8080c0810ae318670ab6a,1eaad522646ebb6c3298612f2caa7d6abe52a198,持卡人消费,学苑楼商务网关,-0.5,15.03,5314,正常
2016/05/27 11:33:32,caa4f6f2d0b43bfef8b8080c0810ae318670ab6a,1eaad522646ebb6c3298612f2caa7d6abe52a198,持卡人消费,学苑楼商务网关,-3.0,12.03,5315,正常
2016/05/27 17:11:18,caa4f6f2d0b43bfef8b8080c0810ae318670ab6a,1eaad522646ebb6c3298612f2caa7d6abe52a198,持卡人消费,学子超市园丁总店,-0.9,11.13,5316,正常
2016/05/27 20:23:30,caa4f6f2d0b43bfef8b8080c0810ae318670ab6a,1eaad522646ebb6c3298612f2caa7d6abe52a198,持卡人消费,15公寓浴池,-0.02,11.11,5318,正常
2016/05/27 20:24:04,caa4f6f2d0b43bfef8b8080c0810ae318670ab6a,1eaad522646ebb6c3298612f2caa7d6abe52a198,持卡人消费,15公寓浴池,-0.03,11.08,5320,正常
2016/05/27 20:31:03,caa4f6f2d0b43bfef8b8080c0810ae318670ab6a,1eaad522646ebb6c3298612f2caa7d6abe52a198,持卡人消费,15公寓浴池,-1.31,9.77,5322,正常
2016/05/27 20:40:15,caa4f6f2d0b43bfef8b8080c0810ae318670ab6a,1eaad522646ebb6c3298612f2caa7d6abe52a198,持卡人消费,15公寓浴池,-1.52,8.25,5324,正常
2016/05/28 16:24:58,caa4f6f2d0b43bfef8b8080c0810ae318670ab6a,1eaad522646ebb6c3298612f2caa7d6abe52a198,持卡人消费,硕果园（工大商店）,-5.0,3.25,5325,正常
2016/05/28 16:37:21,caa4f6f2d0b43bfef8b8080c0810ae318670ab6a,1eaad522646ebb6c3298612f2caa7d6abe52a198,持卡人消费,学子超市园丁总店,-0.9,2.35,5326,正常
2016/05/29 15:33:55,caa4f6f2d0b43bfef8b8080c0810ae318670ab6a,1eaad522646ebb6c3298612f2caa7d6abe52a198,持卡人消费,学子超市园丁总店,-0.8,1.55,5327,正常
2016/05/29 16:53:15,caa4f6f2d0b43bfef8b8080c0810ae318670ab6a,1eaad522646ebb6c3298612f2caa7d6abe52a198,存款,学苑楼综合业务2,100.0,101.55,5328,正常
2016/05/29 16:55:58,caa4f6f2d0b43bfef8b8080c0810ae318670ab6a,1eaad522646ebb6c3298612f2caa7d6abe52a198,持卡人消费,硕果园（工大商店）,-4.5,97.05,5329,正常
2016/05/29 17:06:57,caa4f6f2d0b43bfef8b8080c0810ae318670ab6a,1eaad522646ebb6c3298612f2caa7d6abe52a198,持卡人消费,学子超市园丁总店,-1.6,95.45,5330,正常
2016/05/29 18:50:46,caa4f6f2d0b43bfef8b8080c0810ae318670ab6a,1eaad522646ebb6c3298612f2caa7d6abe52a198,持卡人消费,15公寓浴池,-1.14,94.31,5332,正常
2016/05/29 19:05:47,caa4f6f2d0b43bfef8b8080c0810ae318670ab6a,1eaad522646ebb6c3298612f2caa7d6abe52a198,持卡人消费,15公寓浴池,-0.37,93.94,5334,正常
2016/05/29 19:14:15,caa4f6f2d0b43bfef8b8080c0810ae318670ab6a,1eaad522646ebb6c3298612f2caa7d6abe52a198,持卡人消费,15公寓浴池,-1.28,92.66,5336,正常
2016/05/29 19:19:22,caa4f6f2d0b43bfef8b8080c0810ae318670ab6a,1eaad522646ebb6c3298612f2caa7d6abe52a198,持卡人消费,15公寓浴池,-0.42,92.24,5338,正常
2016/05/29 19:25:36,caa4f6f2d0b43bfef8b8080c0810ae318670ab6a,1eaad522646ebb6c3298612f2caa7d6abe52a198,持卡人消费,15公寓浴池,-0.86,91.38,5340,正常
2016/05/29 19:27:38,caa4f6f2d0b43bfef8b8080c0810ae318670ab6a,1eaad522646ebb6c3298612f2caa7d6abe52a198,持卡人消费,15公寓浴池,-0.05,91.33,5342,正常
2016/05/30 11:13:24,caa4f6f2d0b43bfef8b8080c0810ae318670ab6a,1eaad522646ebb6c3298612f2caa7d6abe52a198,持卡人消费,学苑楼商务网关,-7.6,83.73,5343,正常
2016/05/30 11:16:51,caa4f6f2d0b43bfef8b8080c0810ae318670ab6a,1eaad522646ebb6c3298612f2caa7d6abe52a198,持卡人消费,硕果园（工大商店）,-8.9,74.83,5344,正常
2016/05/30 15:24:57,caa4f6f2d0b43bfef8b8080c0810ae318670ab6a,1eaad522646ebb6c3298612f2caa7d6abe52a198,持卡人消费,学子超市园丁总店,-9.2,65.63,5345,正常
2016/05/31 08:44:03,caa4f6f2d0b43bfef8b8080c0810ae318670ab6a,1eaad522646ebb6c3298612f2caa7d6abe52a198,持卡人消费,超市商务子系统,-2.0,63.63,5346,正常
2016/05/31 19:07:50,caa4f6f2d0b43bfef8b8080c0810ae318670ab6a,1eaad522646ebb6c3298612f2caa7d6abe52a198,持卡人消费,15公寓浴池,-1.09,62.54,5348,正常
2016/05/31 19:15:18,caa4f6f2d0b43bfef8b8080c0810ae318670ab6a,1eaad522646ebb6c3298612f2caa7d6abe52a198,持卡人消费,15公寓浴池,-0.19,62.35,5350,正常
2016/05/31 19:18:16,caa4f6f2d0b43bfef8b8080c0810ae318670ab6a,1eaad522646ebb6c3298612f2caa7d6abe52a198,持卡人消费,15公寓浴池,-0.19,62.16,5352,正常
2016/05/31 19:23:05,caa4f6f2d0b43bfef8b8080c0810ae318670ab6a,1eaad522646ebb6c3298612f2caa7d6abe52a198,持卡人消费,15公寓浴池,-0.53,61.63,5354,正常
2016/05/31 19:25:03,caa4f6f2d0b43bfef8b8080c0810ae318670ab6a,1eaad522646ebb6c3298612f2caa7d6abe52a198,持卡人消费,15公寓浴池,-0.14,61.49,5356,正常
2016/05/31 19:25:36,caa4f6f2d0b43bfef8b8080c0810ae318670ab6a,1eaad522646ebb6c3298612f2caa7d6abe52a198,持卡人消费,15公寓浴池,-0.06,61.43,5358,正常
2016/05/31 19:26:52,caa4f6f2d0b43bfef8b8080c0810ae318670ab6a,1eaad522646ebb6c3298612f2caa7d6abe52a198,持卡人消费,15公寓浴池,-0.21,61.22,5360,正常
2016/05/31 19:31:09,caa4f6f2d0b43bfef8b8080c0810ae318670ab6a,1eaad522646ebb6c3298612f2caa7d6abe52a198,持卡人消费,15公寓浴池,-0.03,61.19,5362,正常
2016/05/31 19:34:30,caa4f6f2d0b43bfef8b8080c0810ae318670ab6a,1eaad522646ebb6c3298612f2caa7d6abe52a198,持卡人消费,15公寓浴池,-0.3,60.89,5364,正常
2016/05/31 19:36:40,caa4f6f2d0b43bfef8b8080c0810ae318670ab6a,1eaad522646ebb6c3298612f2caa7d6abe52a198,持卡人消费,15公寓浴池,-0.1,60.79,5366,正常
2016/05/31 19:40:07,caa4f6f2d0b43bfef8b8080c0810ae318670ab6a,1eaad522646ebb6c3298612f2caa7d6abe52a198,持卡人消费,15公寓浴池,-0.24,58.55,5369,正常
2016/05/31 19:40:57,caa4f6f2d0b43bfef8b8080c0810ae318670ab6a,1eaad522646ebb6c3298612f2caa7d6abe52a198,持卡人消费,15公寓浴池,-0.42,58.13,5371,正常
2016/05/31 19:45:18,caa4f6f2d0b43bfef8b8080c0810ae318670ab6a,1eaad522646ebb6c3298612f2caa7d6abe52a198,持卡人消费,15公寓浴池,-0.93,57.20,5373,正常
2016/05/31 19:46:58,caa4f6f2d0b43bfef8b8080c0810ae318670ab6a,1eaad522646ebb6c3298612f2caa7d6abe52a198,持卡人消费,15公寓浴池,-0.82,56.38,5375,正常
2016/05/31 19:53:53,caa4f6f2d0b43bfef8b8080c0810ae318670ab6a,1eaad522646ebb6c3298612f2caa7d6abe52a198,持卡人消费,15公寓浴池,-1.36,55.02,5377,正常
2016/05/31 19:57:35,caa4f6f2d0b43bfef8b8080c0810ae318670ab6a,1eaad522646ebb6c3298612f2caa7d6abe52a198,持卡人消费,15公寓浴池,-1.42,53.60,5379,正常
2016/05/31 20:00:06,caa4f6f2d0b43bfef8b8080c0810ae318670ab6a,1eaad522646ebb6c3298612f2caa7d6abe52a198,持卡人消费,15公寓浴池,-0.56,53.04,5381,正常
2016/05/31 20:04:10,caa4f6f2d0b43bfef8b8080c0810ae318670ab6a,1eaad522646ebb6c3298612f2caa7d6abe52a198,持卡人消费,15公寓浴池,-0.93,52.11,5383,正常
2016/05/31 20:04:48,caa4f6f2d0b43bfef8b8080c0810ae318670ab6a,1eaad522646ebb6c3298612f2caa7d6abe52a198,持卡人消费,15公寓浴池,-0.62,53.49,5384,正常
2016/05/31 20:06:12,caa4f6f2d0b43bfef8b8080c0810ae318670ab6a,1eaad522646ebb6c3298612f2caa7d6abe52a198,持卡人消费,15公寓浴池,-0.24,53.25,5386,正常
