交易发生时间,学号,姓名,交易类型,子系统名称,交易额,现有余额,次数,状态
2016/05/01 09:18:35,bcf4f2ce28a5b11cd09168247702dc7c6da7c8b7,1f104c8ccc1291b946ed7b19f89707a330cccb2d,持卡人消费,网络中心,-30.0,130.56,3514,正常
2016/05/03 11:24:13,bcf4f2ce28a5b11cd09168247702dc7c6da7c8b7,1f104c8ccc1291b946ed7b19f89707a330cccb2d,持卡人消费,南苑网关,-7.44,123.12,3515,正常
2016/05/04 11:16:08,bcf4f2ce28a5b11cd09168247702dc7c6da7c8b7,1f104c8ccc1291b946ed7b19f89707a330cccb2d,持卡人消费,南苑网关,-1.2,121.92,3516,正常
2016/05/04 11:16:45,bcf4f2ce28a5b11cd09168247702dc7c6da7c8b7,1f104c8ccc1291b946ed7b19f89707a330cccb2d,持卡人消费,南苑网关,-7.0,114.92,3517,正常
2016/05/04 11:18:45,bcf4f2ce28a5b11cd09168247702dc7c6da7c8b7,1f104c8ccc1291b946ed7b19f89707a330cccb2d,持卡人消费,南苑网关,-1.0,113.92,3518,正常
2016/05/04 11:32:59,bcf4f2ce28a5b11cd09168247702dc7c6da7c8b7,1f104c8ccc1291b946ed7b19f89707a330cccb2d,持卡人消费,南苑网关,-5.0,108.92,3519,正常
2016/05/05 11:33:54,bcf4f2ce28a5b11cd09168247702dc7c6da7c8b7,1f104c8ccc1291b946ed7b19f89707a330cccb2d,持卡人消费,学苑楼商务网关,-12.0,96.92,3520,正常
2016/05/06 11:23:58,bcf4f2ce28a5b11cd09168247702dc7c6da7c8b7,1f104c8ccc1291b946ed7b19f89707a330cccb2d,持卡人消费,南苑网关,-6.48,90.44,3521,正常
2016/05/06 19:31:36,bcf4f2ce28a5b11cd09168247702dc7c6da7c8b7,1f104c8ccc1291b946ed7b19f89707a330cccb2d,持卡人消费,硕果园（工大商店）,-12.0,78.44,3522,正常
2016/05/07 17:49:36,bcf4f2ce28a5b11cd09168247702dc7c6da7c8b7,1f104c8ccc1291b946ed7b19f89707a330cccb2d,持卡人消费,学子便利店A01后楼,-8.4,70.04,3523,正常
2016/05/07 19:37:51,bcf4f2ce28a5b11cd09168247702dc7c6da7c8b7,1f104c8ccc1291b946ed7b19f89707a330cccb2d,持卡人消费,一校区水控新,-1.36,68.68,3525,正常
2016/05/07 19:42:23,bcf4f2ce28a5b11cd09168247702dc7c6da7c8b7,1f104c8ccc1291b946ed7b19f89707a330cccb2d,持卡人消费,一校区水控新,-0.35,68.33,3527,正常
2016/05/09 11:17:35,bcf4f2ce28a5b11cd09168247702dc7c6da7c8b7,1f104c8ccc1291b946ed7b19f89707a330cccb2d,持卡人消费,南苑网关,-8.0,60.33,3528,正常
2016/05/09 11:19:19,bcf4f2ce28a5b11cd09168247702dc7c6da7c8b7,1f104c8ccc1291b946ed7b19f89707a330cccb2d,持卡人消费,南苑网关,-0.6,59.73,3529,正常
2016/05/09 11:39:33,bcf4f2ce28a5b11cd09168247702dc7c6da7c8b7,1f104c8ccc1291b946ed7b19f89707a330cccb2d,持卡人消费,南苑网关,-2.0,57.73,3530,正常
2016/05/09 19:21:17,bcf4f2ce28a5b11cd09168247702dc7c6da7c8b7,1f104c8ccc1291b946ed7b19f89707a330cccb2d,持卡人消费,硕果园（工大商店）,-10.0,47.73,3531,正常
2016/05/10 11:37:20,bcf4f2ce28a5b11cd09168247702dc7c6da7c8b7,1f104c8ccc1291b946ed7b19f89707a330cccb2d,存款,学苑楼综合业务,300.0,347.73,3532,正常
2016/05/10 11:42:23,bcf4f2ce28a5b11cd09168247702dc7c6da7c8b7,1f104c8ccc1291b946ed7b19f89707a330cccb2d,持卡人消费,南苑网关,-6.72,341.01,3533,正常
2016/05/10 16:45:48,bcf4f2ce28a5b11cd09168247702dc7c6da7c8b7,1f104c8ccc1291b946ed7b19f89707a330cccb2d,持卡人消费,硕果园（工大商店）,-9.0,332.01,3534,正常
2016/05/10 16:46:23,bcf4f2ce28a5b11cd09168247702dc7c6da7c8b7,1f104c8ccc1291b946ed7b19f89707a330cccb2d,持卡人消费,硕果园（工大商店）,-1.0,331.01,3535,正常
2016/05/11 11:30:56,bcf4f2ce28a5b11cd09168247702dc7c6da7c8b7,1f104c8ccc1291b946ed7b19f89707a330cccb2d,持卡人消费,学苑楼商务网关,-8.0,323.01,3536,正常
2016/05/11 11:31:52,bcf4f2ce28a5b11cd09168247702dc7c6da7c8b7,1f104c8ccc1291b946ed7b19f89707a330cccb2d,持卡人消费,学苑楼商务网关,-2.5,320.51,3537,正常
2016/05/11 17:11:43,bcf4f2ce28a5b11cd09168247702dc7c6da7c8b7,1f104c8ccc1291b946ed7b19f89707a330cccb2d,持卡人消费,学士楼商务网关,-8.0,312.51,3538,正常
2016/05/11 17:17:52,bcf4f2ce28a5b11cd09168247702dc7c6da7c8b7,1f104c8ccc1291b946ed7b19f89707a330cccb2d,持卡人消费,学士楼商务网关,-4.1,308.41,3539,正常
2016/05/12 17:18:42,bcf4f2ce28a5b11cd09168247702dc7c6da7c8b7,1f104c8ccc1291b946ed7b19f89707a330cccb2d,持卡人消费,南苑网关,-7.44,300.97,3540,正常
2016/05/12 17:36:25,bcf4f2ce28a5b11cd09168247702dc7c6da7c8b7,1f104c8ccc1291b946ed7b19f89707a330cccb2d,持卡人消费,南苑网关,-2.3,298.67,3541,正常
2016/05/13 11:05:07,bcf4f2ce28a5b11cd09168247702dc7c6da7c8b7,1f104c8ccc1291b946ed7b19f89707a330cccb2d,持卡人消费,超市商务子系统,-7.2,291.47,3542,正常
2016/05/14 09:15:21,bcf4f2ce28a5b11cd09168247702dc7c6da7c8b7,1f104c8ccc1291b946ed7b19f89707a330cccb2d,持卡人消费,学士楼商务网关,-2.5,288.97,3543,正常
2016/05/15 14:56:20,bcf4f2ce28a5b11cd09168247702dc7c6da7c8b7,1f104c8ccc1291b946ed7b19f89707a330cccb2d,持卡人消费,一校区水控新,-1.89,287.08,3545,正常
2016/05/15 14:57:05,bcf4f2ce28a5b11cd09168247702dc7c6da7c8b7,1f104c8ccc1291b946ed7b19f89707a330cccb2d,持卡人消费,一校区水控新,-0.02,287.06,3547,正常
2016/05/15 15:00:42,bcf4f2ce28a5b11cd09168247702dc7c6da7c8b7,1f104c8ccc1291b946ed7b19f89707a330cccb2d,持卡人消费,一校区水控新,-0.26,286.80,3549,正常
2016/05/16 11:27:12,bcf4f2ce28a5b11cd09168247702dc7c6da7c8b7,1f104c8ccc1291b946ed7b19f89707a330cccb2d,持卡人消费,南苑网关,-6.0,280.80,3550,正常
2016/05/17 11:18:37,bcf4f2ce28a5b11cd09168247702dc7c6da7c8b7,1f104c8ccc1291b946ed7b19f89707a330cccb2d,持卡人消费,南苑网关,-7.2,273.60,3551,正常
2016/05/17 11:36:32,bcf4f2ce28a5b11cd09168247702dc7c6da7c8b7,1f104c8ccc1291b946ed7b19f89707a330cccb2d,持卡人消费,南苑网关,-2.3,271.30,3552,正常
2016/05/18 11:13:25,bcf4f2ce28a5b11cd09168247702dc7c6da7c8b7,1f104c8ccc1291b946ed7b19f89707a330cccb2d,持卡人消费,南苑网关,-8.4,262.90,3553,正常
2016/05/19 11:31:20,bcf4f2ce28a5b11cd09168247702dc7c6da7c8b7,1f104c8ccc1291b946ed7b19f89707a330cccb2d,持卡人消费,硕果园（工大商店）,-15.0,247.90,3554,正常
2016/05/21 07:30:10,bcf4f2ce28a5b11cd09168247702dc7c6da7c8b7,1f104c8ccc1291b946ed7b19f89707a330cccb2d,持卡人消费,学士楼商务网关,-2.1,245.80,3555,正常
2016/05/21 07:30:25,bcf4f2ce28a5b11cd09168247702dc7c6da7c8b7,1f104c8ccc1291b946ed7b19f89707a330cccb2d,持卡人消费,学士楼商务网关,-0.4,245.40,3556,正常
2016/05/21 16:22:45,bcf4f2ce28a5b11cd09168247702dc7c6da7c8b7,1f104c8ccc1291b946ed7b19f89707a330cccb2d,持卡人消费,一校区水控新,-0.09,245.31,3557,正常
2016/05/21 16:29:41,bcf4f2ce28a5b11cd09168247702dc7c6da7c8b7,1f104c8ccc1291b946ed7b19f89707a330cccb2d,持卡人消费,一校区水控新,-1.33,243.98,3559,正常
2016/05/21 16:35:04,bcf4f2ce28a5b11cd09168247702dc7c6da7c8b7,1f104c8ccc1291b946ed7b19f89707a330cccb2d,持卡人消费,一校区水控新,-0.48,243.50,3561,正常
2016/05/21 19:38:58,bcf4f2ce28a5b11cd09168247702dc7c6da7c8b7,1f104c8ccc1291b946ed7b19f89707a330cccb2d,持卡人消费,学子便利店A01后楼,-8.0,235.50,3562,正常
2016/05/22 21:39:06,bcf4f2ce28a5b11cd09168247702dc7c6da7c8b7,1f104c8ccc1291b946ed7b19f89707a330cccb2d,持卡人消费,学子便利店A01后楼,-11.1,224.40,3563,正常
2016/05/23 11:21:31,bcf4f2ce28a5b11cd09168247702dc7c6da7c8b7,1f104c8ccc1291b946ed7b19f89707a330cccb2d,持卡人消费,南苑网关,-7.2,217.20,3564,正常
2016/05/23 11:37:33,bcf4f2ce28a5b11cd09168247702dc7c6da7c8b7,1f104c8ccc1291b946ed7b19f89707a330cccb2d,持卡人消费,南苑网关,-1.9,215.30,3565,正常
2016/05/24 19:14:42,bcf4f2ce28a5b11cd09168247702dc7c6da7c8b7,1f104c8ccc1291b946ed7b19f89707a330cccb2d,持卡人消费,硕果园（工大商店）,-4.0,211.30,3566,正常
2016/05/24 19:15:25,bcf4f2ce28a5b11cd09168247702dc7c6da7c8b7,1f104c8ccc1291b946ed7b19f89707a330cccb2d,持卡人消费,硕果园（工大商店）,-8.0,203.30,3567,正常
2016/05/25 11:24:52,bcf4f2ce28a5b11cd09168247702dc7c6da7c8b7,1f104c8ccc1291b946ed7b19f89707a330cccb2d,持卡人消费,南苑网关,-8.64,194.66,3568,正常
2016/05/26 11:22:31,bcf4f2ce28a5b11cd09168247702dc7c6da7c8b7,1f104c8ccc1291b946ed7b19f89707a330cccb2d,持卡人消费,南苑网关,-7.68,186.98,3569,正常
2016/05/26 11:39:51,bcf4f2ce28a5b11cd09168247702dc7c6da7c8b7,1f104c8ccc1291b946ed7b19f89707a330cccb2d,持卡人消费,南苑网关,-3.1,183.88,3570,正常
2016/05/26 19:23:57,bcf4f2ce28a5b11cd09168247702dc7c6da7c8b7,1f104c8ccc1291b946ed7b19f89707a330cccb2d,持卡人消费,硕果园（工大商店）,-13.9,169.98,3571,正常
2016/05/27 11:19:48,bcf4f2ce28a5b11cd09168247702dc7c6da7c8b7,1f104c8ccc1291b946ed7b19f89707a330cccb2d,持卡人消费,南苑网关,-9.6,160.38,3572,正常
2016/05/28 20:43:56,bcf4f2ce28a5b11cd09168247702dc7c6da7c8b7,1f104c8ccc1291b946ed7b19f89707a330cccb2d,持卡人消费,一校区水控新,-0.69,159.69,3574,正常
2016/05/28 20:47:16,bcf4f2ce28a5b11cd09168247702dc7c6da7c8b7,1f104c8ccc1291b946ed7b19f89707a330cccb2d,持卡人消费,一校区水控新,-0.62,159.07,3575,正常
2016/05/28 20:51:36,bcf4f2ce28a5b11cd09168247702dc7c6da7c8b7,1f104c8ccc1291b946ed7b19f89707a330cccb2d,持卡人消费,一校区水控新,-0.28,158.79,3576,正常
2016/05/29 10:06:03,bcf4f2ce28a5b11cd09168247702dc7c6da7c8b7,1f104c8ccc1291b946ed7b19f89707a330cccb2d,持卡人消费,A1,-6.0,152.79,3577,正常
2016/05/29 19:32:04,bcf4f2ce28a5b11cd09168247702dc7c6da7c8b7,1f104c8ccc1291b946ed7b19f89707a330cccb2d,持卡人消费,硕果园（工大商店）,-10.0,142.79,3578,正常
2016/05/30 08:36:33,bcf4f2ce28a5b11cd09168247702dc7c6da7c8b7,1f104c8ccc1291b946ed7b19f89707a330cccb2d,持卡人消费,学子便利店A01后楼,-4.2,138.59,3579,正常
2016/05/31 08:47:01,bcf4f2ce28a5b11cd09168247702dc7c6da7c8b7,1f104c8ccc1291b946ed7b19f89707a330cccb2d,持卡人消费,学子便利店A01后楼,-4.5,134.09,3580,正常
2016/05/31 11:26:47,bcf4f2ce28a5b11cd09168247702dc7c6da7c8b7,1f104c8ccc1291b946ed7b19f89707a330cccb2d,持卡人消费,学苑楼商务网关,-9.0,125.09,3581,正常
2016/05/31 11:50:22,bcf4f2ce28a5b11cd09168247702dc7c6da7c8b7,1f104c8ccc1291b946ed7b19f89707a330cccb2d,持卡人消费,超市商务子系统,-0.5,124.59,3582,正常
