交易发生时间,学号,姓名,交易类型,子系统名称,交易额,现有余额,次数,状态
2016/03/01 17:26:54,6fe0a77a5b4a34a529c678f55a7e3e1ea59bf85d,004e48134d126c0b89562628f1411e543d850a9c,持卡人消费,硕果园（工大商店）,-14.0,60.13,2418,正常
2016/03/04 18:29:34,6fe0a77a5b4a34a529c678f55a7e3e1ea59bf85d,004e48134d126c0b89562628f1411e543d850a9c,持卡人消费,超市商务子系统,-5.0,55.13,2419,正常
2016/03/06 13:17:22,6fe0a77a5b4a34a529c678f55a7e3e1ea59bf85d,004e48134d126c0b89562628f1411e543d850a9c,持卡人消费,学子便利店A01后楼,-17.8,37.33,2420,正常
2016/03/07 15:04:06,6fe0a77a5b4a34a529c678f55a7e3e1ea59bf85d,004e48134d126c0b89562628f1411e543d850a9c,持卡人消费,超市商务子系统,-5.0,32.33,2421,正常
2016/03/08 16:46:35,6fe0a77a5b4a34a529c678f55a7e3e1ea59bf85d,004e48134d126c0b89562628f1411e543d850a9c,持卡人消费,硕果园（工大商店）,-16.0,16.33,2422,正常
2016/03/08 17:08:27,6fe0a77a5b4a34a529c678f55a7e3e1ea59bf85d,004e48134d126c0b89562628f1411e543d850a9c,持卡人消费,硕果园（工大商店）,-4.5,11.83,2423,正常
2016/03/15 20:13:37,6fe0a77a5b4a34a529c678f55a7e3e1ea59bf85d,004e48134d126c0b89562628f1411e543d850a9c,持卡人消费,学子便利店A01后楼,-4.5,5.33,2425,正常
2016/03/16 16:34:28,6fe0a77a5b4a34a529c678f55a7e3e1ea59bf85d,004e48134d126c0b89562628f1411e543d850a9c,持卡人消费,学子便利店A01后楼,-4.2,1.13,2426,正常
2016/03/20 19:51:00,6fe0a77a5b4a34a529c678f55a7e3e1ea59bf85d,004e48134d126c0b89562628f1411e543d850a9c,持卡人消费,学子便利店A01后楼,-0.5,0.63,2427,正常
2016/03/26 18:52:47,6fe0a77a5b4a34a529c678f55a7e3e1ea59bf85d,004e48134d126c0b89562628f1411e543d850a9c,持卡人消费,学子便利店A01后楼,-0.5,0.13,2428,正常
2016/03/29 06:57:00,6fe0a77a5b4a34a529c678f55a7e3e1ea59bf85d,004e48134d126c0b89562628f1411e543d850a9c,存款,现金充值机,100.0,100.13,2429,正常
2016/03/29 07:13:21,6fe0a77a5b4a34a529c678f55a7e3e1ea59bf85d,004e48134d126c0b89562628f1411e543d850a9c,持卡人消费,学苑楼商务网关,-6.7,93.43,2430,正常
2016/03/29 07:13:40,6fe0a77a5b4a34a529c678f55a7e3e1ea59bf85d,004e48134d126c0b89562628f1411e543d850a9c,持卡人消费,学苑楼商务网关,-0.6,92.83,2431,正常
2016/03/29 12:08:24,6fe0a77a5b4a34a529c678f55a7e3e1ea59bf85d,004e48134d126c0b89562628f1411e543d850a9c,持卡人消费,学苑楼商务网关,-12.0,80.83,2432,正常
2016/03/29 12:11:23,6fe0a77a5b4a34a529c678f55a7e3e1ea59bf85d,004e48134d126c0b89562628f1411e543d850a9c,持卡人消费,学苑楼商务网关,-7.0,73.83,2433,正常
2016/03/29 17:06:03,6fe0a77a5b4a34a529c678f55a7e3e1ea59bf85d,004e48134d126c0b89562628f1411e543d850a9c,持卡人消费,学士楼商务网关,-3.0,70.83,2434,正常
2016/03/29 17:06:35,6fe0a77a5b4a34a529c678f55a7e3e1ea59bf85d,004e48134d126c0b89562628f1411e543d850a9c,持卡人消费,学士楼商务网关,-0.8,70.03,2435,正常
2016/03/30 07:08:41,6fe0a77a5b4a34a529c678f55a7e3e1ea59bf85d,004e48134d126c0b89562628f1411e543d850a9c,持卡人消费,学士楼商务网关,-1.6,68.43,2436,正常
2016/03/30 07:21:35,6fe0a77a5b4a34a529c678f55a7e3e1ea59bf85d,004e48134d126c0b89562628f1411e543d850a9c,持卡人消费,学苑楼商务网关,-2.7,65.73,2437,正常
2016/03/30 07:21:49,6fe0a77a5b4a34a529c678f55a7e3e1ea59bf85d,004e48134d126c0b89562628f1411e543d850a9c,持卡人消费,学苑楼商务网关,-1.0,64.73,2438,正常
2016/03/30 13:10:07,6fe0a77a5b4a34a529c678f55a7e3e1ea59bf85d,004e48134d126c0b89562628f1411e543d850a9c,持卡人消费,超市商务子系统,-5.0,59.73,2439,正常
2016/03/31 13:08:43,6fe0a77a5b4a34a529c678f55a7e3e1ea59bf85d,004e48134d126c0b89562628f1411e543d850a9c,持卡人消费,学子便利店A01后楼,-18.8,40.93,2440,正常
