交易发生时间,学号,姓名,交易类型,子系统名称,交易额,现有余额,次数,状态
2016/03/03 17:45:48,2b20c09aa008963c6f6565fdc99e7a532fc7d396,018dc2a7813972d1d956a3cb2b1529bd6839a0af,持卡人消费,硕果园（工大商店）,-8.0,97.17,2813,正常
2016/03/05 11:51:47,2b20c09aa008963c6f6565fdc99e7a532fc7d396,018dc2a7813972d1d956a3cb2b1529bd6839a0af,持卡人消费,学士楼商务网关,-2.0,95.17,2814,正常
2016/03/05 11:53:35,2b20c09aa008963c6f6565fdc99e7a532fc7d396,018dc2a7813972d1d956a3cb2b1529bd6839a0af,持卡人消费,学士楼商务网关,-5.0,90.17,2815,正常
2016/03/05 12:04:22,2b20c09aa008963c6f6565fdc99e7a532fc7d396,018dc2a7813972d1d956a3cb2b1529bd6839a0af,持卡人消费,学士楼商务网关,-1.9,88.27,2816,正常
2016/03/05 17:12:41,2b20c09aa008963c6f6565fdc99e7a532fc7d396,018dc2a7813972d1d956a3cb2b1529bd6839a0af,持卡人消费,学士楼商务网关,-0.5,87.77,2817,正常
2016/03/05 17:14:17,2b20c09aa008963c6f6565fdc99e7a532fc7d396,018dc2a7813972d1d956a3cb2b1529bd6839a0af,持卡人消费,学士楼商务网关,-2.0,85.77,2818,正常
2016/03/06 06:36:49,2b20c09aa008963c6f6565fdc99e7a532fc7d396,018dc2a7813972d1d956a3cb2b1529bd6839a0af,持卡人消费,学士楼商务网关,-4.6,81.17,2819,正常
2016/03/06 14:49:53,2b20c09aa008963c6f6565fdc99e7a532fc7d396,018dc2a7813972d1d956a3cb2b1529bd6839a0af,持卡人消费,15公寓浴池,-2.0,79.17,2820,正常
2016/03/06 14:50:42,2b20c09aa008963c6f6565fdc99e7a532fc7d396,018dc2a7813972d1d956a3cb2b1529bd6839a0af,持卡人消费,15公寓浴池,-2.0,77.17,2821,正常
2016/03/06 14:51:24,2b20c09aa008963c6f6565fdc99e7a532fc7d396,018dc2a7813972d1d956a3cb2b1529bd6839a0af,持卡人消费,15公寓浴池,-0.03,73.14,2825,正常
2016/03/06 14:52:23,2b20c09aa008963c6f6565fdc99e7a532fc7d396,018dc2a7813972d1d956a3cb2b1529bd6839a0af,持卡人消费,15公寓浴池,-0.3,72.84,2827,正常
2016/03/06 14:56:52,2b20c09aa008963c6f6565fdc99e7a532fc7d396,018dc2a7813972d1d956a3cb2b1529bd6839a0af,持卡人消费,15公寓浴池,-1.06,71.78,2829,正常
2016/03/06 14:56:56,2b20c09aa008963c6f6565fdc99e7a532fc7d396,018dc2a7813972d1d956a3cb2b1529bd6839a0af,持卡人消费,15公寓浴池,-0.82,72.96,2830,正常
2016/03/06 15:00:15,2b20c09aa008963c6f6565fdc99e7a532fc7d396,018dc2a7813972d1d956a3cb2b1529bd6839a0af,持卡人消费,15公寓浴池,-1.54,71.42,2832,正常
2016/03/06 15:04:20,2b20c09aa008963c6f6565fdc99e7a532fc7d396,018dc2a7813972d1d956a3cb2b1529bd6839a0af,持卡人消费,15公寓浴池,-1.39,72.03,2833,正常
2016/03/06 17:15:54,2b20c09aa008963c6f6565fdc99e7a532fc7d396,018dc2a7813972d1d956a3cb2b1529bd6839a0af,持卡人消费,学士楼商务网关,-1.0,71.03,2834,正常
2016/03/06 17:16:14,2b20c09aa008963c6f6565fdc99e7a532fc7d396,018dc2a7813972d1d956a3cb2b1529bd6839a0af,持卡人消费,学士楼商务网关,-1.0,70.03,2835,正常
2016/03/06 17:16:49,2b20c09aa008963c6f6565fdc99e7a532fc7d396,018dc2a7813972d1d956a3cb2b1529bd6839a0af,持卡人消费,学士楼商务网关,-6.0,64.03,2836,正常
2016/03/06 17:17:42,2b20c09aa008963c6f6565fdc99e7a532fc7d396,018dc2a7813972d1d956a3cb2b1529bd6839a0af,持卡人消费,学士楼商务网关,-1.5,62.53,2837,正常
2016/03/06 17:17:53,2b20c09aa008963c6f6565fdc99e7a532fc7d396,018dc2a7813972d1d956a3cb2b1529bd6839a0af,持卡人消费,学士楼商务网关,-3.3,59.23,2838,正常
2016/03/07 12:46:18,2b20c09aa008963c6f6565fdc99e7a532fc7d396,018dc2a7813972d1d956a3cb2b1529bd6839a0af,持卡人消费,学士楼商务网关,-6.0,53.23,2839,正常
2016/03/07 12:50:32,2b20c09aa008963c6f6565fdc99e7a532fc7d396,018dc2a7813972d1d956a3cb2b1529bd6839a0af,持卡人消费,学士楼商务网关,-2.0,51.23,2840,正常
2016/03/07 18:31:56,2b20c09aa008963c6f6565fdc99e7a532fc7d396,018dc2a7813972d1d956a3cb2b1529bd6839a0af,持卡人消费,学士楼商务网关,-2.6,48.63,2841,正常
2016/03/07 18:33:03,2b20c09aa008963c6f6565fdc99e7a532fc7d396,018dc2a7813972d1d956a3cb2b1529bd6839a0af,持卡人消费,学士楼商务网关,-2.5,46.13,2842,正常
2016/03/07 18:40:25,2b20c09aa008963c6f6565fdc99e7a532fc7d396,018dc2a7813972d1d956a3cb2b1529bd6839a0af,持卡人消费,学士楼商务网关,-6.0,40.13,2843,正常
2016/03/09 11:28:57,2b20c09aa008963c6f6565fdc99e7a532fc7d396,018dc2a7813972d1d956a3cb2b1529bd6839a0af,持卡人消费,学士楼商务网关,-3.1,37.03,2844,正常
2016/03/09 11:29:50,2b20c09aa008963c6f6565fdc99e7a532fc7d396,018dc2a7813972d1d956a3cb2b1529bd6839a0af,持卡人消费,学士楼商务网关,-5.0,32.03,2845,正常
2016/03/09 17:30:50,2b20c09aa008963c6f6565fdc99e7a532fc7d396,018dc2a7813972d1d956a3cb2b1529bd6839a0af,持卡人消费,学士楼商务网关,-2.9,29.13,2846,正常
2016/03/09 17:32:34,2b20c09aa008963c6f6565fdc99e7a532fc7d396,018dc2a7813972d1d956a3cb2b1529bd6839a0af,持卡人消费,学士楼商务网关,-4.0,25.13,2847,正常
2016/03/10 17:49:19,2b20c09aa008963c6f6565fdc99e7a532fc7d396,018dc2a7813972d1d956a3cb2b1529bd6839a0af,持卡人消费,硕果园（工大商店）,-8.0,17.13,2848,正常
2016/03/11 12:53:29,2b20c09aa008963c6f6565fdc99e7a532fc7d396,018dc2a7813972d1d956a3cb2b1529bd6839a0af,持卡人消费,学士楼商务网关,-7.0,10.13,2849,正常
2016/03/11 12:56:29,2b20c09aa008963c6f6565fdc99e7a532fc7d396,018dc2a7813972d1d956a3cb2b1529bd6839a0af,持卡人消费,学士楼商务网关,-1.0,9.13,2850,正常
2016/03/11 13:03:05,2b20c09aa008963c6f6565fdc99e7a532fc7d396,018dc2a7813972d1d956a3cb2b1529bd6839a0af,持卡人消费,学士楼商务网关,-6.0,3.13,2851,正常
2016/03/11 18:50:24,2b20c09aa008963c6f6565fdc99e7a532fc7d396,018dc2a7813972d1d956a3cb2b1529bd6839a0af,持卡人消费,硕果园（工大商店）,-3.1,0.03,2852,正常
2016/03/15 11:13:10,2b20c09aa008963c6f6565fdc99e7a532fc7d396,018dc2a7813972d1d956a3cb2b1529bd6839a0af,存款,卡中心综合业务,200.0,200.03,2853,正常
2016/03/15 11:15:43,2b20c09aa008963c6f6565fdc99e7a532fc7d396,018dc2a7813972d1d956a3cb2b1529bd6839a0af,持卡人消费,学苑楼商务网关,-7.0,193.03,2854,正常
2016/03/15 11:19:35,2b20c09aa008963c6f6565fdc99e7a532fc7d396,018dc2a7813972d1d956a3cb2b1529bd6839a0af,持卡人消费,学苑楼商务网关,-0.25,192.78,2855,正常
2016/03/15 11:41:50,2b20c09aa008963c6f6565fdc99e7a532fc7d396,018dc2a7813972d1d956a3cb2b1529bd6839a0af,持卡人消费,超市商务子系统,-9.5,183.28,2856,正常
2016/03/15 17:30:23,2b20c09aa008963c6f6565fdc99e7a532fc7d396,018dc2a7813972d1d956a3cb2b1529bd6839a0af,持卡人消费,学士楼商务网关,-4.6,178.68,2857,正常
2016/03/15 17:31:22,2b20c09aa008963c6f6565fdc99e7a532fc7d396,018dc2a7813972d1d956a3cb2b1529bd6839a0af,持卡人消费,学士楼商务网关,-5.0,173.68,2858,正常
2016/03/16 07:30:08,2b20c09aa008963c6f6565fdc99e7a532fc7d396,018dc2a7813972d1d956a3cb2b1529bd6839a0af,持卡人消费,学士楼商务网关,-4.6,169.08,2859,正常
2016/03/16 16:20:51,2b20c09aa008963c6f6565fdc99e7a532fc7d396,018dc2a7813972d1d956a3cb2b1529bd6839a0af,持卡人消费,硕果园（工大商店）,-12.4,156.68,2860,正常
2016/03/16 16:22:39,2b20c09aa008963c6f6565fdc99e7a532fc7d396,018dc2a7813972d1d956a3cb2b1529bd6839a0af,持卡人消费,学士楼商务网关,-6.0,150.68,2861,正常
2016/03/16 16:25:35,2b20c09aa008963c6f6565fdc99e7a532fc7d396,018dc2a7813972d1d956a3cb2b1529bd6839a0af,持卡人消费,学士楼商务网关,-4.0,146.68,2862,正常
2016/03/18 12:48:44,2b20c09aa008963c6f6565fdc99e7a532fc7d396,018dc2a7813972d1d956a3cb2b1529bd6839a0af,持卡人消费,学士楼商务网关,-6.0,140.68,2863,正常
2016/03/18 12:51:06,2b20c09aa008963c6f6565fdc99e7a532fc7d396,018dc2a7813972d1d956a3cb2b1529bd6839a0af,持卡人消费,学士楼商务网关,-6.0,134.68,2864,正常
2016/03/18 17:07:19,2b20c09aa008963c6f6565fdc99e7a532fc7d396,018dc2a7813972d1d956a3cb2b1529bd6839a0af,持卡人消费,学士楼商务网关,-6.0,128.68,2865,正常
2016/03/18 17:08:05,2b20c09aa008963c6f6565fdc99e7a532fc7d396,018dc2a7813972d1d956a3cb2b1529bd6839a0af,持卡人消费,学士楼商务网关,-2.0,126.68,2866,正常
2016/03/19 17:57:05,2b20c09aa008963c6f6565fdc99e7a532fc7d396,018dc2a7813972d1d956a3cb2b1529bd6839a0af,持卡人消费,学士楼商务网关,-6.0,120.68,2867,正常
2016/03/19 18:00:34,2b20c09aa008963c6f6565fdc99e7a532fc7d396,018dc2a7813972d1d956a3cb2b1529bd6839a0af,持卡人消费,学士楼商务网关,-4.0,116.68,2868,正常
2016/03/20 11:10:05,2b20c09aa008963c6f6565fdc99e7a532fc7d396,018dc2a7813972d1d956a3cb2b1529bd6839a0af,持卡人消费,学士楼商务网关,-0.4,116.28,2869,正常
2016/03/20 11:10:19,2b20c09aa008963c6f6565fdc99e7a532fc7d396,018dc2a7813972d1d956a3cb2b1529bd6839a0af,持卡人消费,学士楼商务网关,-1.0,115.28,2870,正常
2016/03/20 11:11:25,2b20c09aa008963c6f6565fdc99e7a532fc7d396,018dc2a7813972d1d956a3cb2b1529bd6839a0af,持卡人消费,学士楼商务网关,-3.0,112.28,2871,正常
2016/03/20 11:23:59,2b20c09aa008963c6f6565fdc99e7a532fc7d396,018dc2a7813972d1d956a3cb2b1529bd6839a0af,持卡人消费,学士楼商务网关,-3.0,109.28,2872,正常
2016/03/21 08:15:27,2b20c09aa008963c6f6565fdc99e7a532fc7d396,018dc2a7813972d1d956a3cb2b1529bd6839a0af,持卡人消费,学士楼商务网关,-4.0,105.28,2873,正常
2016/03/21 11:19:25,2b20c09aa008963c6f6565fdc99e7a532fc7d396,018dc2a7813972d1d956a3cb2b1529bd6839a0af,持卡人消费,学苑楼商务网关,-7.5,97.78,2874,正常
2016/03/22 11:20:41,2b20c09aa008963c6f6565fdc99e7a532fc7d396,018dc2a7813972d1d956a3cb2b1529bd6839a0af,持卡人消费,硕果园（工大商店）,-9.0,88.78,2875,正常
2016/03/22 16:58:22,2b20c09aa008963c6f6565fdc99e7a532fc7d396,018dc2a7813972d1d956a3cb2b1529bd6839a0af,持卡人消费,硕果园（工大商店）,-8.0,80.78,2876,正常
