交易发生时间,学号,姓名,交易类型,子系统名称,交易额,现有余额,次数,状态
2016/03/04 17:35:43,ac966715c59a93eeec2ab04bbad57f8cfb5dd904,01b94fb2c6f214ee64be7da19487503012776dca,存款,学苑楼综合业务3,200.0,200.70,1849,正常
2016/03/04 17:37:27,ac966715c59a93eeec2ab04bbad57f8cfb5dd904,01b94fb2c6f214ee64be7da19487503012776dca,持卡人消费,学苑楼商务网关,-10.0,190.70,1850,正常
2016/03/04 20:51:19,ac966715c59a93eeec2ab04bbad57f8cfb5dd904,01b94fb2c6f214ee64be7da19487503012776dca,持卡人消费,学子便利店A01后楼,-6.9,183.80,1851,正常
2016/03/14 13:09:46,ac966715c59a93eeec2ab04bbad57f8cfb5dd904,01b94fb2c6f214ee64be7da19487503012776dca,持卡人消费,硕果园（工大商店）,-17.9,152.40,1853,正常
2016/03/14 13:10:39,ac966715c59a93eeec2ab04bbad57f8cfb5dd904,01b94fb2c6f214ee64be7da19487503012776dca,持卡人消费,硕果园（工大商店）,-3.0,149.40,1854,正常
2016/03/15 13:22:45,ac966715c59a93eeec2ab04bbad57f8cfb5dd904,01b94fb2c6f214ee64be7da19487503012776dca,持卡人消费,学子便利店A01后楼,-12.9,136.50,1855,正常
2016/03/15 18:18:05,ac966715c59a93eeec2ab04bbad57f8cfb5dd904,01b94fb2c6f214ee64be7da19487503012776dca,持卡人消费,硕果园（工大商店）,-23.0,113.50,1856,正常
2016/03/16 11:33:35,ac966715c59a93eeec2ab04bbad57f8cfb5dd904,01b94fb2c6f214ee64be7da19487503012776dca,持卡人消费,学子便利店A01后楼,-17.6,95.90,1857,正常
2016/03/16 18:43:25,ac966715c59a93eeec2ab04bbad57f8cfb5dd904,01b94fb2c6f214ee64be7da19487503012776dca,持卡人消费,硕果园（工大商店）,-8.0,87.90,1858,正常
2016/03/16 18:45:08,ac966715c59a93eeec2ab04bbad57f8cfb5dd904,01b94fb2c6f214ee64be7da19487503012776dca,持卡人消费,硕果园（工大商店）,-12.0,75.90,1859,正常
2016/03/17 18:49:57,ac966715c59a93eeec2ab04bbad57f8cfb5dd904,01b94fb2c6f214ee64be7da19487503012776dca,持卡人消费,硕果园（工大商店）,-8.0,67.90,1860,正常
2016/03/17 18:51:52,ac966715c59a93eeec2ab04bbad57f8cfb5dd904,01b94fb2c6f214ee64be7da19487503012776dca,持卡人消费,硕果园（工大商店）,-15.0,52.90,1861,正常
2016/03/18 17:48:44,ac966715c59a93eeec2ab04bbad57f8cfb5dd904,01b94fb2c6f214ee64be7da19487503012776dca,持卡人消费,学苑楼商务网关,-9.0,43.90,1862,正常
2016/03/21 17:25:04,ac966715c59a93eeec2ab04bbad57f8cfb5dd904,01b94fb2c6f214ee64be7da19487503012776dca,持卡人消费,学子便利店A01后楼,-18.4,25.50,1863,正常
2016/03/22 07:39:02,ac966715c59a93eeec2ab04bbad57f8cfb5dd904,01b94fb2c6f214ee64be7da19487503012776dca,持卡人消费,硕果园（工大商店）,-11.0,14.50,1864,正常
2016/03/25 18:26:13,ac966715c59a93eeec2ab04bbad57f8cfb5dd904,01b94fb2c6f214ee64be7da19487503012776dca,持卡人消费,学子便利店A01后楼,-9.9,4.60,1865,正常
