交易发生时间,学号,姓名,交易类型,子系统名称,交易额,现有余额,次数,状态
2016/03/01 08:31:48,6b9e073ebf9596a64007b90e57374d4e42e19ac3,01dee72addb43e47f655da8fef87a9154eef1e05,持卡人消费,学士楼商务网关,-4.6,75.02,4835,正常
2016/03/01 12:12:24,6b9e073ebf9596a64007b90e57374d4e42e19ac3,01dee72addb43e47f655da8fef87a9154eef1e05,持卡人消费,硕果园（工大商店）,-12.0,63.02,4836,正常
2016/03/02 08:12:43,6b9e073ebf9596a64007b90e57374d4e42e19ac3,01dee72addb43e47f655da8fef87a9154eef1e05,持卡人消费,学士楼商务网关,-3.4,59.62,4837,正常
2016/03/02 11:24:19,6b9e073ebf9596a64007b90e57374d4e42e19ac3,01dee72addb43e47f655da8fef87a9154eef1e05,持卡人消费,学苑楼商务网关,-7.5,52.12,4838,正常
2016/03/02 11:43:09,6b9e073ebf9596a64007b90e57374d4e42e19ac3,01dee72addb43e47f655da8fef87a9154eef1e05,持卡人消费,超市商务子系统,-7.1,45.02,4839,正常
2016/03/02 17:15:42,6b9e073ebf9596a64007b90e57374d4e42e19ac3,01dee72addb43e47f655da8fef87a9154eef1e05,持卡人消费,硕果园（工大商店）,-12.0,33.02,4840,正常
2016/03/03 11:59:32,6b9e073ebf9596a64007b90e57374d4e42e19ac3,01dee72addb43e47f655da8fef87a9154eef1e05,持卡人消费,学士楼商务网关,-5.0,28.02,4841,正常
2016/03/03 19:31:24,6b9e073ebf9596a64007b90e57374d4e42e19ac3,01dee72addb43e47f655da8fef87a9154eef1e05,持卡人消费,学士楼商务网关,-8.0,20.02,4842,正常
2016/03/04 12:21:42,6b9e073ebf9596a64007b90e57374d4e42e19ac3,01dee72addb43e47f655da8fef87a9154eef1e05,持卡人消费,硕果园（工大商店）,-10.0,10.02,4843,正常
2016/03/04 17:48:34,6b9e073ebf9596a64007b90e57374d4e42e19ac3,01dee72addb43e47f655da8fef87a9154eef1e05,持卡人消费,学士楼商务网关,-5.0,5.02,4844,正常
2016/03/05 15:55:39,6b9e073ebf9596a64007b90e57374d4e42e19ac3,01dee72addb43e47f655da8fef87a9154eef1e05,持卡人消费,一校区水控新,-0.03,4.99,4846,正常
2016/03/05 15:57:18,6b9e073ebf9596a64007b90e57374d4e42e19ac3,01dee72addb43e47f655da8fef87a9154eef1e05,持卡人消费,一校区水控新,-0.08,4.91,4848,正常
2016/03/05 15:57:38,6b9e073ebf9596a64007b90e57374d4e42e19ac3,01dee72addb43e47f655da8fef87a9154eef1e05,持卡人消费,一校区水控新,-0.05,4.86,4850,正常
2016/03/05 16:00:15,6b9e073ebf9596a64007b90e57374d4e42e19ac3,01dee72addb43e47f655da8fef87a9154eef1e05,持卡人消费,一校区水控新,-0.24,4.62,4852,正常
2016/03/05 16:05:24,6b9e073ebf9596a64007b90e57374d4e42e19ac3,01dee72addb43e47f655da8fef87a9154eef1e05,持卡人消费,一校区水控新,-0.38,4.24,4854,正常
2016/03/05 16:15:05,6b9e073ebf9596a64007b90e57374d4e42e19ac3,01dee72addb43e47f655da8fef87a9154eef1e05,持卡人消费,一校区水控新,-1.18,3.06,4856,正常
2016/03/08 18:09:19,6b9e073ebf9596a64007b90e57374d4e42e19ac3,01dee72addb43e47f655da8fef87a9154eef1e05,存款,现金充值机,100.0,103.06,4857,正常
2016/03/08 18:37:52,6b9e073ebf9596a64007b90e57374d4e42e19ac3,01dee72addb43e47f655da8fef87a9154eef1e05,持卡人消费,硕果园（工大商店）,-12.0,91.06,4858,正常
2016/03/10 12:20:55,6b9e073ebf9596a64007b90e57374d4e42e19ac3,01dee72addb43e47f655da8fef87a9154eef1e05,持卡人消费,学士楼商务网关,-4.6,86.46,4859,正常
2016/03/10 12:24:44,6b9e073ebf9596a64007b90e57374d4e42e19ac3,01dee72addb43e47f655da8fef87a9154eef1e05,持卡人消费,学士楼商务网关,-5.0,81.46,4860,正常
2016/03/10 17:18:08,6b9e073ebf9596a64007b90e57374d4e42e19ac3,01dee72addb43e47f655da8fef87a9154eef1e05,持卡人消费,学苑楼商务网关,-7.5,73.96,4861,正常
2016/03/11 12:11:23,6b9e073ebf9596a64007b90e57374d4e42e19ac3,01dee72addb43e47f655da8fef87a9154eef1e05,持卡人消费,学士楼商务网关,-8.0,65.96,4862,正常
2016/03/11 16:42:04,6b9e073ebf9596a64007b90e57374d4e42e19ac3,01dee72addb43e47f655da8fef87a9154eef1e05,持卡人消费,一校区水控新,-0.05,65.91,4864,正常
2016/03/11 16:45:18,6b9e073ebf9596a64007b90e57374d4e42e19ac3,01dee72addb43e47f655da8fef87a9154eef1e05,持卡人消费,一校区水控新,-0.37,65.54,4866,正常
2016/03/11 16:51:26,6b9e073ebf9596a64007b90e57374d4e42e19ac3,01dee72addb43e47f655da8fef87a9154eef1e05,持卡人消费,一校区水控新,-0.42,65.12,4868,正常
2016/03/11 16:54:46,6b9e073ebf9596a64007b90e57374d4e42e19ac3,01dee72addb43e47f655da8fef87a9154eef1e05,持卡人消费,一校区水控新,-0.16,64.96,4870,正常
2016/03/11 17:03:38,6b9e073ebf9596a64007b90e57374d4e42e19ac3,01dee72addb43e47f655da8fef87a9154eef1e05,持卡人消费,一校区水控新,-1.41,63.55,4872,正常
2016/03/11 17:36:05,6b9e073ebf9596a64007b90e57374d4e42e19ac3,01dee72addb43e47f655da8fef87a9154eef1e05,持卡人消费,学苑楼商务网关,-9.0,54.55,4873,正常
2016/03/12 11:40:29,6b9e073ebf9596a64007b90e57374d4e42e19ac3,01dee72addb43e47f655da8fef87a9154eef1e05,持卡人消费,硕果园（工大商店）,-9.0,45.55,4874,正常
2016/03/12 17:12:05,6b9e073ebf9596a64007b90e57374d4e42e19ac3,01dee72addb43e47f655da8fef87a9154eef1e05,持卡人消费,学士楼商务网关,-6.0,39.55,4875,正常
2016/03/14 11:32:05,6b9e073ebf9596a64007b90e57374d4e42e19ac3,01dee72addb43e47f655da8fef87a9154eef1e05,持卡人消费,硕果园（工大商店）,-10.0,6.55,4879,正常
2016/03/14 16:40:40,6b9e073ebf9596a64007b90e57374d4e42e19ac3,01dee72addb43e47f655da8fef87a9154eef1e05,持卡人消费,一校区水控新,-0.93,5.62,4881,正常
2016/03/14 16:44:25,6b9e073ebf9596a64007b90e57374d4e42e19ac3,01dee72addb43e47f655da8fef87a9154eef1e05,持卡人消费,一校区水控新,-0.27,5.35,4883,正常
2016/03/14 16:48:40,6b9e073ebf9596a64007b90e57374d4e42e19ac3,01dee72addb43e47f655da8fef87a9154eef1e05,持卡人消费,一校区水控新,-0.5,4.85,4885,正常
2016/03/14 17:25:11,6b9e073ebf9596a64007b90e57374d4e42e19ac3,01dee72addb43e47f655da8fef87a9154eef1e05,存款,现金充值机,50.0,54.85,4886,正常
2016/03/14 17:41:55,6b9e073ebf9596a64007b90e57374d4e42e19ac3,01dee72addb43e47f655da8fef87a9154eef1e05,持卡人消费,学苑楼商务网关,-6.0,48.85,4887,正常
2016/03/15 11:28:22,6b9e073ebf9596a64007b90e57374d4e42e19ac3,01dee72addb43e47f655da8fef87a9154eef1e05,持卡人消费,学苑楼商务网关,-7.5,41.35,4888,正常
2016/03/15 17:11:47,6b9e073ebf9596a64007b90e57374d4e42e19ac3,01dee72addb43e47f655da8fef87a9154eef1e05,持卡人消费,学苑楼商务网关,-8.0,33.35,4889,正常
2016/03/16 11:22:22,6b9e073ebf9596a64007b90e57374d4e42e19ac3,01dee72addb43e47f655da8fef87a9154eef1e05,持卡人消费,学士楼商务网关,-4.6,28.75,4890,正常
2016/03/16 11:23:43,6b9e073ebf9596a64007b90e57374d4e42e19ac3,01dee72addb43e47f655da8fef87a9154eef1e05,持卡人消费,学士楼商务网关,-2.5,26.25,4891,正常
2016/03/16 17:09:43,6b9e073ebf9596a64007b90e57374d4e42e19ac3,01dee72addb43e47f655da8fef87a9154eef1e05,持卡人消费,学苑楼商务网关,-7.5,18.75,4892,正常
2016/03/17 11:22:25,6b9e073ebf9596a64007b90e57374d4e42e19ac3,01dee72addb43e47f655da8fef87a9154eef1e05,存款,学苑楼综合业务3,200.0,218.75,4893,正常
2016/03/17 11:24:10,6b9e073ebf9596a64007b90e57374d4e42e19ac3,01dee72addb43e47f655da8fef87a9154eef1e05,持卡人消费,学苑楼商务网关,-8.0,210.75,4894,正常
2016/03/17 17:24:45,6b9e073ebf9596a64007b90e57374d4e42e19ac3,01dee72addb43e47f655da8fef87a9154eef1e05,持卡人消费,学苑楼商务网关,-7.5,203.25,4895,正常
2016/03/18 12:43:53,6b9e073ebf9596a64007b90e57374d4e42e19ac3,01dee72addb43e47f655da8fef87a9154eef1e05,持卡人消费,学士楼商务网关,-8.0,195.25,4896,正常
2016/03/18 17:03:49,6b9e073ebf9596a64007b90e57374d4e42e19ac3,01dee72addb43e47f655da8fef87a9154eef1e05,持卡人消费,学苑楼商务网关,-7.0,188.25,4897,正常
2016/03/19 11:48:21,6b9e073ebf9596a64007b90e57374d4e42e19ac3,01dee72addb43e47f655da8fef87a9154eef1e05,持卡人消费,硕果园（工大商店）,-9.0,179.25,4898,正常
2016/03/19 16:39:01,6b9e073ebf9596a64007b90e57374d4e42e19ac3,01dee72addb43e47f655da8fef87a9154eef1e05,持卡人消费,一校区水控新,-0.06,179.19,4900,正常
2016/03/19 16:42:18,6b9e073ebf9596a64007b90e57374d4e42e19ac3,01dee72addb43e47f655da8fef87a9154eef1e05,持卡人消费,一校区水控新,-0.3,178.89,4902,正常
2016/03/19 16:48:43,6b9e073ebf9596a64007b90e57374d4e42e19ac3,01dee72addb43e47f655da8fef87a9154eef1e05,持卡人消费,一校区水控新,-0.66,178.23,4904,正常
2016/03/19 16:50:22,6b9e073ebf9596a64007b90e57374d4e42e19ac3,01dee72addb43e47f655da8fef87a9154eef1e05,持卡人消费,一校区水控新,-0.05,178.18,4906,正常
2016/03/19 16:57:39,6b9e073ebf9596a64007b90e57374d4e42e19ac3,01dee72addb43e47f655da8fef87a9154eef1e05,持卡人消费,一校区水控新,-1.07,177.11,4908,正常
2016/03/19 17:02:22,6b9e073ebf9596a64007b90e57374d4e42e19ac3,01dee72addb43e47f655da8fef87a9154eef1e05,持卡人消费,一校区水控新,-0.78,176.33,4910,正常
2016/03/19 17:31:28,6b9e073ebf9596a64007b90e57374d4e42e19ac3,01dee72addb43e47f655da8fef87a9154eef1e05,持卡人消费,学士楼商务网关,-6.8,169.53,4911,正常
2016/03/19 17:31:43,6b9e073ebf9596a64007b90e57374d4e42e19ac3,01dee72addb43e47f655da8fef87a9154eef1e05,持卡人消费,学士楼商务网关,-1.9,167.63,4912,正常
2016/03/19 17:33:05,6b9e073ebf9596a64007b90e57374d4e42e19ac3,01dee72addb43e47f655da8fef87a9154eef1e05,持卡人消费,学士楼商务网关,-3.4,164.23,4913,正常
2016/03/20 12:11:38,6b9e073ebf9596a64007b90e57374d4e42e19ac3,01dee72addb43e47f655da8fef87a9154eef1e05,持卡人消费,学士楼商务网关,-6.0,158.23,4914,正常
2016/03/20 17:19:27,6b9e073ebf9596a64007b90e57374d4e42e19ac3,01dee72addb43e47f655da8fef87a9154eef1e05,持卡人消费,学苑楼商务网关,-8.5,149.73,4915,正常
2016/03/21 11:35:01,6b9e073ebf9596a64007b90e57374d4e42e19ac3,01dee72addb43e47f655da8fef87a9154eef1e05,持卡人消费,学士楼商务网关,-4.6,145.13,4916,正常
2016/03/21 11:35:36,6b9e073ebf9596a64007b90e57374d4e42e19ac3,01dee72addb43e47f655da8fef87a9154eef1e05,持卡人消费,学士楼商务网关,-1.0,144.13,4917,正常
2016/03/21 17:53:44,6b9e073ebf9596a64007b90e57374d4e42e19ac3,01dee72addb43e47f655da8fef87a9154eef1e05,持卡人消费,学士楼商务网关,-8.0,136.13,4918,正常
2016/03/22 11:40:13,6b9e073ebf9596a64007b90e57374d4e42e19ac3,01dee72addb43e47f655da8fef87a9154eef1e05,持卡人消费,学苑楼商务网关,-7.5,128.63,4919,正常
2016/03/22 18:00:50,6b9e073ebf9596a64007b90e57374d4e42e19ac3,01dee72addb43e47f655da8fef87a9154eef1e05,持卡人消费,硕果园（工大商店）,-10.0,118.63,4920,正常
2016/03/23 11:38:53,6b9e073ebf9596a64007b90e57374d4e42e19ac3,01dee72addb43e47f655da8fef87a9154eef1e05,持卡人消费,硕果园（工大商店）,-9.0,109.63,4921,正常
2016/03/23 17:54:55,6b9e073ebf9596a64007b90e57374d4e42e19ac3,01dee72addb43e47f655da8fef87a9154eef1e05,持卡人消费,学士楼商务网关,-8.0,101.63,4922,正常
2016/03/24 11:26:37,6b9e073ebf9596a64007b90e57374d4e42e19ac3,01dee72addb43e47f655da8fef87a9154eef1e05,持卡人消费,硕果园（工大商店）,-12.0,89.63,4923,正常
2016/03/24 17:22:13,6b9e073ebf9596a64007b90e57374d4e42e19ac3,01dee72addb43e47f655da8fef87a9154eef1e05,持卡人消费,学苑楼商务网关,-7.5,82.13,4924,正常
2016/03/25 10:37:25,6b9e073ebf9596a64007b90e57374d4e42e19ac3,01dee72addb43e47f655da8fef87a9154eef1e05,持卡人消费,学士楼商务网关,-7.6,74.53,4925,正常
2016/03/25 17:03:50,6b9e073ebf9596a64007b90e57374d4e42e19ac3,01dee72addb43e47f655da8fef87a9154eef1e05,持卡人消费,学苑楼商务网关,-7.5,67.03,4926,正常
2016/03/26 12:02:42,6b9e073ebf9596a64007b90e57374d4e42e19ac3,01dee72addb43e47f655da8fef87a9154eef1e05,持卡人消费,学士楼商务网关,-8.0,59.03,4927,正常
2016/03/27 10:05:08,6b9e073ebf9596a64007b90e57374d4e42e19ac3,01dee72addb43e47f655da8fef87a9154eef1e05,持卡人消费,A1,-3.0,56.03,4928,正常
2016/03/27 15:01:55,6b9e073ebf9596a64007b90e57374d4e42e19ac3,01dee72addb43e47f655da8fef87a9154eef1e05,持卡人消费,一校区水控新,-0.08,55.95,4930,正常
2016/03/27 15:05:14,6b9e073ebf9596a64007b90e57374d4e42e19ac3,01dee72addb43e47f655da8fef87a9154eef1e05,持卡人消费,一校区水控新,-0.3,55.65,4932,正常
2016/03/27 15:11:44,6b9e073ebf9596a64007b90e57374d4e42e19ac3,01dee72addb43e47f655da8fef87a9154eef1e05,持卡人消费,一校区水控新,-0.48,55.17,4934,正常
2016/03/27 15:13:43,6b9e073ebf9596a64007b90e57374d4e42e19ac3,01dee72addb43e47f655da8fef87a9154eef1e05,持卡人消费,一校区水控新,-0.06,55.11,4936,正常
2016/03/27 15:15:16,6b9e073ebf9596a64007b90e57374d4e42e19ac3,01dee72addb43e47f655da8fef87a9154eef1e05,持卡人消费,一校区水控新,-0.03,55.08,4938,正常
2016/03/27 15:25:46,6b9e073ebf9596a64007b90e57374d4e42e19ac3,01dee72addb43e47f655da8fef87a9154eef1e05,持卡人消费,一校区水控新,-1.82,53.26,4940,正常
2016/03/27 15:26:48,6b9e073ebf9596a64007b90e57374d4e42e19ac3,01dee72addb43e47f655da8fef87a9154eef1e05,持卡人消费,一校区水控新,-0.11,53.15,4942,正常
2016/03/28 08:13:17,6b9e073ebf9596a64007b90e57374d4e42e19ac3,01dee72addb43e47f655da8fef87a9154eef1e05,持卡人消费,学苑楼商务网关,-3.6,49.55,4943,正常
2016/03/28 11:21:41,6b9e073ebf9596a64007b90e57374d4e42e19ac3,01dee72addb43e47f655da8fef87a9154eef1e05,持卡人消费,学苑楼商务网关,-8.0,41.55,4944,正常
2016/03/28 11:36:32,6b9e073ebf9596a64007b90e57374d4e42e19ac3,01dee72addb43e47f655da8fef87a9154eef1e05,持卡人消费,网络中心,-30.0,11.55,4945,正常
2016/03/28 17:23:34,6b9e073ebf9596a64007b90e57374d4e42e19ac3,01dee72addb43e47f655da8fef87a9154eef1e05,持卡人消费,学苑楼商务网关,-7.5,4.05,4946,正常
2016/03/30 10:59:49,6b9e073ebf9596a64007b90e57374d4e42e19ac3,01dee72addb43e47f655da8fef87a9154eef1e05,存款,现金充值机,100.0,104.05,4947,正常
2016/03/30 11:17:33,6b9e073ebf9596a64007b90e57374d4e42e19ac3,01dee72addb43e47f655da8fef87a9154eef1e05,持卡人消费,学苑楼商务网关,-7.0,97.05,4948,正常
2016/03/30 11:19:31,6b9e073ebf9596a64007b90e57374d4e42e19ac3,01dee72addb43e47f655da8fef87a9154eef1e05,持卡人消费,学苑楼商务网关,-6.0,91.05,4949,正常
2016/03/31 17:02:06,6b9e073ebf9596a64007b90e57374d4e42e19ac3,01dee72addb43e47f655da8fef87a9154eef1e05,持卡人消费,学士楼商务网关,-5.0,86.05,4950,正常
2016/03/31 17:05:19,6b9e073ebf9596a64007b90e57374d4e42e19ac3,01dee72addb43e47f655da8fef87a9154eef1e05,持卡人消费,学士楼商务网关,-3.0,83.05,4951,正常
