交易发生时间,学号,姓名,交易类型,子系统名称,交易额,现有余额,次数,状态
2016/03/01 07:49:11,b37a0c8cdfa07e9464945de41a4c52adf24c65dc,01e7d3746070f3bb082b7ea9b756ca789ab377a9,持卡人消费,学士楼商务网关,-2.1,43.81,5082,正常
2016/03/01 11:17:32,b37a0c8cdfa07e9464945de41a4c52adf24c65dc,01e7d3746070f3bb082b7ea9b756ca789ab377a9,持卡人消费,学士楼商务网关,-4.6,39.21,5083,正常
2016/03/01 14:52:54,b37a0c8cdfa07e9464945de41a4c52adf24c65dc,01e7d3746070f3bb082b7ea9b756ca789ab377a9,持卡人消费,身份前置机,-0.7,38.51,5084,正常
2016/03/01 17:06:09,b37a0c8cdfa07e9464945de41a4c52adf24c65dc,01e7d3746070f3bb082b7ea9b756ca789ab377a9,持卡人消费,学苑楼商务网关,-8.0,30.51,5085,正常
2016/03/01 18:25:56,b37a0c8cdfa07e9464945de41a4c52adf24c65dc,01e7d3746070f3bb082b7ea9b756ca789ab377a9,持卡人消费,15公寓浴池,-0.18,30.33,5087,正常
2016/03/01 18:28:02,b37a0c8cdfa07e9464945de41a4c52adf24c65dc,01e7d3746070f3bb082b7ea9b756ca789ab377a9,持卡人消费,15公寓浴池,-0.02,30.31,5089,正常
2016/03/01 18:30:58,b37a0c8cdfa07e9464945de41a4c52adf24c65dc,01e7d3746070f3bb082b7ea9b756ca789ab377a9,持卡人消费,15公寓浴池,-0.21,30.10,5091,正常
2016/03/01 18:33:55,b37a0c8cdfa07e9464945de41a4c52adf24c65dc,01e7d3746070f3bb082b7ea9b756ca789ab377a9,持卡人消费,15公寓浴池,-0.35,29.75,5093,正常
2016/03/01 19:22:12,b37a0c8cdfa07e9464945de41a4c52adf24c65dc,01e7d3746070f3bb082b7ea9b756ca789ab377a9,持卡人消费,A1,-3.0,26.75,5094,正常
2016/03/02 07:52:11,b37a0c8cdfa07e9464945de41a4c52adf24c65dc,01e7d3746070f3bb082b7ea9b756ca789ab377a9,持卡人消费,学士楼商务网关,-1.9,24.85,5095,正常
2016/03/02 07:58:28,b37a0c8cdfa07e9464945de41a4c52adf24c65dc,01e7d3746070f3bb082b7ea9b756ca789ab377a9,持卡人消费,学士楼商务网关,-0.4,24.45,5096,正常
2016/03/02 11:26:58,b37a0c8cdfa07e9464945de41a4c52adf24c65dc,01e7d3746070f3bb082b7ea9b756ca789ab377a9,持卡人消费,学苑楼商务网关,-2.5,21.95,5097,正常
2016/03/02 17:06:10,b37a0c8cdfa07e9464945de41a4c52adf24c65dc,01e7d3746070f3bb082b7ea9b756ca789ab377a9,持卡人消费,学苑楼商务网关,-3.0,18.95,5098,正常
2016/03/02 17:13:33,b37a0c8cdfa07e9464945de41a4c52adf24c65dc,01e7d3746070f3bb082b7ea9b756ca789ab377a9,持卡人消费,学苑楼商务网关,-4.6,14.35,5099,正常
2016/03/03 11:55:15,b37a0c8cdfa07e9464945de41a4c52adf24c65dc,01e7d3746070f3bb082b7ea9b756ca789ab377a9,持卡人消费,学苑楼商务网关,-4.6,9.75,5100,正常
2016/03/03 17:22:43,b37a0c8cdfa07e9464945de41a4c52adf24c65dc,01e7d3746070f3bb082b7ea9b756ca789ab377a9,持卡人消费,学士楼商务网关,-3.1,6.65,5101,正常
2016/03/03 17:28:16,b37a0c8cdfa07e9464945de41a4c52adf24c65dc,01e7d3746070f3bb082b7ea9b756ca789ab377a9,持卡人消费,学士楼商务网关,-4.0,2.65,5102,正常
2016/03/03 17:53:14,b37a0c8cdfa07e9464945de41a4c52adf24c65dc,01e7d3746070f3bb082b7ea9b756ca789ab377a9,持卡人消费,学子便利店A01后楼,-0.6,2.05,5103,正常
2016/03/04 11:44:57,b37a0c8cdfa07e9464945de41a4c52adf24c65dc,01e7d3746070f3bb082b7ea9b756ca789ab377a9,存款,卡中心综合业务,100.0,102.05,5104,正常
2016/03/04 11:48:13,b37a0c8cdfa07e9464945de41a4c52adf24c65dc,01e7d3746070f3bb082b7ea9b756ca789ab377a9,持卡人消费,学苑楼商务网关,-5.0,97.05,5105,正常
2016/03/04 11:54:27,b37a0c8cdfa07e9464945de41a4c52adf24c65dc,01e7d3746070f3bb082b7ea9b756ca789ab377a9,持卡人消费,学苑楼商务网关,-0.1,96.95,5106,正常
2016/03/05 11:59:47,b37a0c8cdfa07e9464945de41a4c52adf24c65dc,01e7d3746070f3bb082b7ea9b756ca789ab377a9,持卡人消费,学苑楼商务网关,-6.0,90.95,5107,正常
2016/03/05 12:16:47,b37a0c8cdfa07e9464945de41a4c52adf24c65dc,01e7d3746070f3bb082b7ea9b756ca789ab377a9,持卡人消费,超市商务子系统,-0.8,90.15,5108,正常
2016/03/05 17:24:17,b37a0c8cdfa07e9464945de41a4c52adf24c65dc,01e7d3746070f3bb082b7ea9b756ca789ab377a9,持卡人消费,学士楼商务网关,-1.1,89.05,5109,正常
2016/03/06 10:55:49,b37a0c8cdfa07e9464945de41a4c52adf24c65dc,01e7d3746070f3bb082b7ea9b756ca789ab377a9,持卡人消费,学士楼商务网关,-4.6,84.45,5110,正常
2016/03/06 12:51:57,b37a0c8cdfa07e9464945de41a4c52adf24c65dc,01e7d3746070f3bb082b7ea9b756ca789ab377a9,持卡人消费,学子便利店A01后楼,-0.6,83.85,5111,正常
2016/03/06 17:17:42,b37a0c8cdfa07e9464945de41a4c52adf24c65dc,01e7d3746070f3bb082b7ea9b756ca789ab377a9,持卡人消费,学苑楼商务网关,-5.0,78.85,5112,正常
2016/03/06 17:29:04,b37a0c8cdfa07e9464945de41a4c52adf24c65dc,01e7d3746070f3bb082b7ea9b756ca789ab377a9,持卡人消费,学苑楼商务网关,-2.6,76.25,5113,正常
2016/03/07 09:04:20,b37a0c8cdfa07e9464945de41a4c52adf24c65dc,01e7d3746070f3bb082b7ea9b756ca789ab377a9,持卡人消费,学子便利店A01后楼,-2.5,73.75,5114,正常
2016/03/07 11:41:00,b37a0c8cdfa07e9464945de41a4c52adf24c65dc,01e7d3746070f3bb082b7ea9b756ca789ab377a9,持卡人消费,学士楼商务网关,-2.5,71.25,5115,正常
2016/03/07 11:41:23,b37a0c8cdfa07e9464945de41a4c52adf24c65dc,01e7d3746070f3bb082b7ea9b756ca789ab377a9,持卡人消费,学士楼商务网关,-0.6,70.65,5116,正常
2016/03/07 12:01:34,b37a0c8cdfa07e9464945de41a4c52adf24c65dc,01e7d3746070f3bb082b7ea9b756ca789ab377a9,存款,现金充值机,200.0,270.65,5117,正常
2016/03/07 17:19:17,b37a0c8cdfa07e9464945de41a4c52adf24c65dc,01e7d3746070f3bb082b7ea9b756ca789ab377a9,持卡人消费,学士楼商务网关,-3.0,267.65,5118,正常
2016/03/07 17:19:33,b37a0c8cdfa07e9464945de41a4c52adf24c65dc,01e7d3746070f3bb082b7ea9b756ca789ab377a9,持卡人消费,学士楼商务网关,-0.6,267.05,5119,正常
2016/03/08 09:10:59,b37a0c8cdfa07e9464945de41a4c52adf24c65dc,01e7d3746070f3bb082b7ea9b756ca789ab377a9,持卡人消费,学子便利店A01后楼,-3.0,264.05,5120,正常
2016/03/08 11:25:12,b37a0c8cdfa07e9464945de41a4c52adf24c65dc,01e7d3746070f3bb082b7ea9b756ca789ab377a9,持卡人消费,学苑楼商务网关,-6.16,257.89,5121,正常
2016/03/08 17:13:00,b37a0c8cdfa07e9464945de41a4c52adf24c65dc,01e7d3746070f3bb082b7ea9b756ca789ab377a9,持卡人消费,学士楼商务网关,-5.8,252.09,5122,正常
2016/03/09 11:17:39,b37a0c8cdfa07e9464945de41a4c52adf24c65dc,01e7d3746070f3bb082b7ea9b756ca789ab377a9,持卡人消费,学士楼商务网关,-3.1,248.99,5123,正常
2016/03/09 17:46:29,b37a0c8cdfa07e9464945de41a4c52adf24c65dc,01e7d3746070f3bb082b7ea9b756ca789ab377a9,持卡人消费,学苑楼商务网关,-8.8,240.19,5124,正常
2016/03/10 11:37:14,b37a0c8cdfa07e9464945de41a4c52adf24c65dc,01e7d3746070f3bb082b7ea9b756ca789ab377a9,持卡人消费,学苑楼商务网关,-10.0,230.19,5125,正常
2016/03/10 11:25:30,b37a0c8cdfa07e9464945de41a4c52adf24c65dc,01e7d3746070f3bb082b7ea9b756ca789ab377a9,持卡人消费,学苑楼商务网关,-0.6,229.59,5126,正常
2016/03/10 17:23:34,b37a0c8cdfa07e9464945de41a4c52adf24c65dc,01e7d3746070f3bb082b7ea9b756ca789ab377a9,持卡人消费,学士楼商务网关,-1.1,228.49,5127,正常
2016/03/11 08:43:45,b37a0c8cdfa07e9464945de41a4c52adf24c65dc,01e7d3746070f3bb082b7ea9b756ca789ab377a9,持卡人消费,学士楼商务网关,-2.6,225.89,5128,正常
2016/03/11 11:36:26,b37a0c8cdfa07e9464945de41a4c52adf24c65dc,01e7d3746070f3bb082b7ea9b756ca789ab377a9,持卡人消费,学士楼商务网关,-1.5,224.39,5129,正常
2016/03/11 11:36:57,b37a0c8cdfa07e9464945de41a4c52adf24c65dc,01e7d3746070f3bb082b7ea9b756ca789ab377a9,持卡人消费,学士楼商务网关,-0.6,223.79,5130,正常
2016/03/11 17:09:01,b37a0c8cdfa07e9464945de41a4c52adf24c65dc,01e7d3746070f3bb082b7ea9b756ca789ab377a9,持卡人消费,学苑楼商务网关,-6.0,217.79,5131,正常
2016/03/11 17:18:10,b37a0c8cdfa07e9464945de41a4c52adf24c65dc,01e7d3746070f3bb082b7ea9b756ca789ab377a9,持卡人消费,学苑楼商务网关,-4.6,213.19,5132,正常
2016/03/11 17:34:43,b37a0c8cdfa07e9464945de41a4c52adf24c65dc,01e7d3746070f3bb082b7ea9b756ca789ab377a9,持卡人消费,超市商务子系统,-1.5,211.69,5133,正常
2016/03/11 18:23:38,b37a0c8cdfa07e9464945de41a4c52adf24c65dc,01e7d3746070f3bb082b7ea9b756ca789ab377a9,持卡人消费,15公寓浴池,-0.3,211.39,5135,正常
2016/03/11 18:25:08,b37a0c8cdfa07e9464945de41a4c52adf24c65dc,01e7d3746070f3bb082b7ea9b756ca789ab377a9,持卡人消费,15公寓浴池,-0.05,211.34,5137,正常
2016/03/11 18:26:41,b37a0c8cdfa07e9464945de41a4c52adf24c65dc,01e7d3746070f3bb082b7ea9b756ca789ab377a9,持卡人消费,15公寓浴池,-0.05,211.29,5139,正常
2016/03/11 18:28:37,b37a0c8cdfa07e9464945de41a4c52adf24c65dc,01e7d3746070f3bb082b7ea9b756ca789ab377a9,持卡人消费,15公寓浴池,-0.16,211.13,5141,正常
2016/03/11 18:34:25,b37a0c8cdfa07e9464945de41a4c52adf24c65dc,01e7d3746070f3bb082b7ea9b756ca789ab377a9,持卡人消费,15公寓浴池,-0.54,210.59,5143,正常
2016/03/12 09:47:55,b37a0c8cdfa07e9464945de41a4c52adf24c65dc,01e7d3746070f3bb082b7ea9b756ca789ab377a9,持卡人消费,学子便利店A01后楼,-1.3,209.29,5144,正常
2016/03/12 11:31:27,b37a0c8cdfa07e9464945de41a4c52adf24c65dc,01e7d3746070f3bb082b7ea9b756ca789ab377a9,持卡人消费,学士楼商务网关,-2.0,207.29,5145,正常
2016/03/12 11:32:52,b37a0c8cdfa07e9464945de41a4c52adf24c65dc,01e7d3746070f3bb082b7ea9b756ca789ab377a9,持卡人消费,学士楼商务网关,-0.6,206.69,5146,正常
2016/03/12 17:32:24,b37a0c8cdfa07e9464945de41a4c52adf24c65dc,01e7d3746070f3bb082b7ea9b756ca789ab377a9,持卡人消费,学士楼商务网关,-4.6,202.09,5147,正常
2016/03/14 11:08:26,b37a0c8cdfa07e9464945de41a4c52adf24c65dc,01e7d3746070f3bb082b7ea9b756ca789ab377a9,持卡人消费,学士楼商务网关,-1.6,188.49,5153,正常
2016/03/15 11:14:33,b37a0c8cdfa07e9464945de41a4c52adf24c65dc,01e7d3746070f3bb082b7ea9b756ca789ab377a9,持卡人消费,学苑楼商务网关,-4.1,184.39,5154,正常
2016/03/15 11:21:07,b37a0c8cdfa07e9464945de41a4c52adf24c65dc,01e7d3746070f3bb082b7ea9b756ca789ab377a9,持卡人消费,学苑楼商务网关,-1.6,182.79,5155,正常
2016/03/15 16:49:58,b37a0c8cdfa07e9464945de41a4c52adf24c65dc,01e7d3746070f3bb082b7ea9b756ca789ab377a9,持卡人消费,学苑楼商务网关,-4.6,178.19,5156,正常
2016/03/16 07:54:59,b37a0c8cdfa07e9464945de41a4c52adf24c65dc,01e7d3746070f3bb082b7ea9b756ca789ab377a9,持卡人消费,学苑楼商务网关,-1.5,176.69,5157,正常
2016/03/16 11:18:03,b37a0c8cdfa07e9464945de41a4c52adf24c65dc,01e7d3746070f3bb082b7ea9b756ca789ab377a9,持卡人消费,学士楼商务网关,-4.6,172.09,5158,正常
2016/03/16 16:59:02,b37a0c8cdfa07e9464945de41a4c52adf24c65dc,01e7d3746070f3bb082b7ea9b756ca789ab377a9,持卡人消费,学士楼商务网关,-4.6,167.49,5159,正常
2016/03/16 17:11:11,b37a0c8cdfa07e9464945de41a4c52adf24c65dc,01e7d3746070f3bb082b7ea9b756ca789ab377a9,持卡人消费,学士楼商务网关,-1.5,165.99,5160,正常
2016/03/17 09:08:21,b37a0c8cdfa07e9464945de41a4c52adf24c65dc,01e7d3746070f3bb082b7ea9b756ca789ab377a9,持卡人消费,学苑楼商务网关,-2.7,163.29,5161,正常
2016/03/17 11:15:24,b37a0c8cdfa07e9464945de41a4c52adf24c65dc,01e7d3746070f3bb082b7ea9b756ca789ab377a9,持卡人消费,学士楼商务网关,-3.1,160.19,5162,正常
2016/03/17 16:53:17,b37a0c8cdfa07e9464945de41a4c52adf24c65dc,01e7d3746070f3bb082b7ea9b756ca789ab377a9,持卡人消费,学士楼商务网关,-4.6,155.59,5163,正常
2016/03/18 11:01:31,b37a0c8cdfa07e9464945de41a4c52adf24c65dc,01e7d3746070f3bb082b7ea9b756ca789ab377a9,持卡人消费,学士楼商务网关,-5.6,149.99,5164,正常
2016/03/18 16:53:25,b37a0c8cdfa07e9464945de41a4c52adf24c65dc,01e7d3746070f3bb082b7ea9b756ca789ab377a9,持卡人消费,学士楼商务网关,-4.8,145.19,5165,正常
2016/03/19 08:12:59,b37a0c8cdfa07e9464945de41a4c52adf24c65dc,01e7d3746070f3bb082b7ea9b756ca789ab377a9,持卡人消费,学苑楼商务网关,-1.5,143.69,5166,正常
2016/03/19 11:03:43,b37a0c8cdfa07e9464945de41a4c52adf24c65dc,01e7d3746070f3bb082b7ea9b756ca789ab377a9,持卡人消费,学士楼商务网关,-4.06,139.63,5167,正常
2016/03/19 16:54:12,b37a0c8cdfa07e9464945de41a4c52adf24c65dc,01e7d3746070f3bb082b7ea9b756ca789ab377a9,持卡人消费,学苑楼商务网关,-6.0,133.63,5168,正常
2016/03/20 09:02:32,b37a0c8cdfa07e9464945de41a4c52adf24c65dc,01e7d3746070f3bb082b7ea9b756ca789ab377a9,持卡人消费,学苑楼商务网关,-2.5,131.13,5169,正常
2016/03/20 11:08:12,b37a0c8cdfa07e9464945de41a4c52adf24c65dc,01e7d3746070f3bb082b7ea9b756ca789ab377a9,持卡人消费,学苑楼商务网关,-6.0,125.13,5170,正常
2016/03/20 12:30:43,b37a0c8cdfa07e9464945de41a4c52adf24c65dc,01e7d3746070f3bb082b7ea9b756ca789ab377a9,持卡人消费,15公寓浴池,-0.34,124.79,5172,正常
2016/03/20 12:32:38,b37a0c8cdfa07e9464945de41a4c52adf24c65dc,01e7d3746070f3bb082b7ea9b756ca789ab377a9,持卡人消费,15公寓浴池,-0.18,124.61,5174,正常
2016/03/20 12:35:23,b37a0c8cdfa07e9464945de41a4c52adf24c65dc,01e7d3746070f3bb082b7ea9b756ca789ab377a9,持卡人消费,15公寓浴池,-0.1,124.51,5176,正常
2016/03/20 12:40:34,b37a0c8cdfa07e9464945de41a4c52adf24c65dc,01e7d3746070f3bb082b7ea9b756ca789ab377a9,持卡人消费,15公寓浴池,-0.54,123.97,5178,正常
2016/03/20 12:44:28,b37a0c8cdfa07e9464945de41a4c52adf24c65dc,01e7d3746070f3bb082b7ea9b756ca789ab377a9,持卡人消费,15公寓浴池,-0.19,123.78,5180,正常
2016/03/20 17:07:48,b37a0c8cdfa07e9464945de41a4c52adf24c65dc,01e7d3746070f3bb082b7ea9b756ca789ab377a9,持卡人消费,学士楼商务网关,-3.39,120.39,5181,正常
2016/03/20 19:07:19,b37a0c8cdfa07e9464945de41a4c52adf24c65dc,01e7d3746070f3bb082b7ea9b756ca789ab377a9,持卡人消费,学士楼商务网关,-7.0,113.39,5182,正常
2016/03/20 19:10:18,b37a0c8cdfa07e9464945de41a4c52adf24c65dc,01e7d3746070f3bb082b7ea9b756ca789ab377a9,持卡人消费,学士楼商务网关,-14.0,99.39,5183,正常
2016/03/21 08:48:20,b37a0c8cdfa07e9464945de41a4c52adf24c65dc,01e7d3746070f3bb082b7ea9b756ca789ab377a9,持卡人消费,学苑楼商务网关,-2.9,96.49,5184,正常
2016/03/21 10:21:18,b37a0c8cdfa07e9464945de41a4c52adf24c65dc,01e7d3746070f3bb082b7ea9b756ca789ab377a9,持卡人消费,身份前置机,-0.07,96.42,5185,正常
2016/03/21 11:04:30,b37a0c8cdfa07e9464945de41a4c52adf24c65dc,01e7d3746070f3bb082b7ea9b756ca789ab377a9,持卡人消费,学士楼商务网关,-1.6,94.82,5186,正常
2016/03/21 11:08:28,b37a0c8cdfa07e9464945de41a4c52adf24c65dc,01e7d3746070f3bb082b7ea9b756ca789ab377a9,持卡人消费,学士楼商务网关,-1.5,93.32,5187,正常
2016/03/21 17:11:57,b37a0c8cdfa07e9464945de41a4c52adf24c65dc,01e7d3746070f3bb082b7ea9b756ca789ab377a9,持卡人消费,学士楼商务网关,-5.6,87.72,5188,正常
2016/03/21 17:26:01,b37a0c8cdfa07e9464945de41a4c52adf24c65dc,01e7d3746070f3bb082b7ea9b756ca789ab377a9,持卡人消费,超市商务子系统,-0.3,87.42,5189,正常
2016/03/22 08:43:34,b37a0c8cdfa07e9464945de41a4c52adf24c65dc,01e7d3746070f3bb082b7ea9b756ca789ab377a9,持卡人消费,学苑楼商务网关,-1.5,85.92,5190,正常
2016/03/22 11:05:55,b37a0c8cdfa07e9464945de41a4c52adf24c65dc,01e7d3746070f3bb082b7ea9b756ca789ab377a9,持卡人消费,学士楼商务网关,-1.6,84.32,5191,正常
2016/03/22 17:00:07,b37a0c8cdfa07e9464945de41a4c52adf24c65dc,01e7d3746070f3bb082b7ea9b756ca789ab377a9,持卡人消费,学士楼商务网关,-1.6,82.72,5192,正常
2016/03/22 17:01:35,b37a0c8cdfa07e9464945de41a4c52adf24c65dc,01e7d3746070f3bb082b7ea9b756ca789ab377a9,持卡人消费,学士楼商务网关,-1.5,81.22,5193,正常
2016/03/23 07:51:52,b37a0c8cdfa07e9464945de41a4c52adf24c65dc,01e7d3746070f3bb082b7ea9b756ca789ab377a9,持卡人消费,学苑楼商务网关,-9.0,72.22,5194,正常
2016/03/24 08:32:53,b37a0c8cdfa07e9464945de41a4c52adf24c65dc,01e7d3746070f3bb082b7ea9b756ca789ab377a9,持卡人消费,学苑楼商务网关,-2.6,69.62,5195,正常
2016/03/24 11:06:55,b37a0c8cdfa07e9464945de41a4c52adf24c65dc,01e7d3746070f3bb082b7ea9b756ca789ab377a9,持卡人消费,学士楼商务网关,-2.1,67.52,5196,正常
2016/03/24 17:04:15,b37a0c8cdfa07e9464945de41a4c52adf24c65dc,01e7d3746070f3bb082b7ea9b756ca789ab377a9,持卡人消费,学士楼商务网关,-4.8,62.72,5197,正常
2016/03/24 17:15:59,b37a0c8cdfa07e9464945de41a4c52adf24c65dc,01e7d3746070f3bb082b7ea9b756ca789ab377a9,持卡人消费,学士楼商务网关,-1.0,61.72,5198,正常
2016/03/24 19:51:43,b37a0c8cdfa07e9464945de41a4c52adf24c65dc,01e7d3746070f3bb082b7ea9b756ca789ab377a9,持卡人消费,超市商务子系统,-0.4,61.32,5199,正常
2016/03/24 19:51:50,b37a0c8cdfa07e9464945de41a4c52adf24c65dc,01e7d3746070f3bb082b7ea9b756ca789ab377a9,持卡人消费,超市商务子系统,-1.0,60.32,5200,正常
2016/03/25 08:25:09,b37a0c8cdfa07e9464945de41a4c52adf24c65dc,01e7d3746070f3bb082b7ea9b756ca789ab377a9,持卡人消费,学苑楼商务网关,-2.4,57.92,5201,正常
2016/03/25 11:00:30,b37a0c8cdfa07e9464945de41a4c52adf24c65dc,01e7d3746070f3bb082b7ea9b756ca789ab377a9,持卡人消费,学苑楼商务网关,-8.0,49.92,5202,正常
2016/03/25 16:52:49,b37a0c8cdfa07e9464945de41a4c52adf24c65dc,01e7d3746070f3bb082b7ea9b756ca789ab377a9,持卡人消费,15公寓浴池,-0.22,49.70,5204,正常
2016/03/25 16:54:46,b37a0c8cdfa07e9464945de41a4c52adf24c65dc,01e7d3746070f3bb082b7ea9b756ca789ab377a9,持卡人消费,15公寓浴池,-0.14,49.56,5206,正常
2016/03/25 16:58:43,b37a0c8cdfa07e9464945de41a4c52adf24c65dc,01e7d3746070f3bb082b7ea9b756ca789ab377a9,持卡人消费,15公寓浴池,-0.18,49.38,5208,正常
2016/03/25 17:02:08,b37a0c8cdfa07e9464945de41a4c52adf24c65dc,01e7d3746070f3bb082b7ea9b756ca789ab377a9,持卡人消费,15公寓浴池,-0.46,48.92,5210,正常
2016/03/25 20:21:45,b37a0c8cdfa07e9464945de41a4c52adf24c65dc,01e7d3746070f3bb082b7ea9b756ca789ab377a9,持卡人消费,超市商务子系统,-6.1,42.82,5211,正常
2016/03/26 17:38:55,b37a0c8cdfa07e9464945de41a4c52adf24c65dc,01e7d3746070f3bb082b7ea9b756ca789ab377a9,持卡人消费,学苑楼商务网关,-4.6,38.22,5212,正常
2016/03/26 17:47:02,b37a0c8cdfa07e9464945de41a4c52adf24c65dc,01e7d3746070f3bb082b7ea9b756ca789ab377a9,持卡人消费,学士楼商务网关,-2.84,35.38,5213,正常
2016/03/27 17:09:22,b37a0c8cdfa07e9464945de41a4c52adf24c65dc,01e7d3746070f3bb082b7ea9b756ca789ab377a9,持卡人消费,学士楼商务网关,-4.6,30.78,5214,正常
2016/03/28 08:36:00,b37a0c8cdfa07e9464945de41a4c52adf24c65dc,01e7d3746070f3bb082b7ea9b756ca789ab377a9,持卡人消费,学士楼商务网关,-3.0,27.78,5215,正常
2016/03/28 08:39:12,b37a0c8cdfa07e9464945de41a4c52adf24c65dc,01e7d3746070f3bb082b7ea9b756ca789ab377a9,持卡人消费,学士楼商务网关,-0.3,27.48,5216,正常
2016/03/28 12:29:57,b37a0c8cdfa07e9464945de41a4c52adf24c65dc,01e7d3746070f3bb082b7ea9b756ca789ab377a9,持卡人消费,学苑楼商务网关,-8.8,18.68,5217,正常
2016/03/28 18:09:44,b37a0c8cdfa07e9464945de41a4c52adf24c65dc,01e7d3746070f3bb082b7ea9b756ca789ab377a9,持卡人消费,学士楼商务网关,-6.6,12.08,5218,正常
2016/03/29 11:23:04,b37a0c8cdfa07e9464945de41a4c52adf24c65dc,01e7d3746070f3bb082b7ea9b756ca789ab377a9,持卡人消费,学士楼商务网关,-8.1,3.98,5219,正常
2016/03/29 17:36:08,b37a0c8cdfa07e9464945de41a4c52adf24c65dc,01e7d3746070f3bb082b7ea9b756ca789ab377a9,存款,卡中心综合业务,200.0,203.98,5220,正常
2016/03/29 17:46:04,b37a0c8cdfa07e9464945de41a4c52adf24c65dc,01e7d3746070f3bb082b7ea9b756ca789ab377a9,持卡人消费,学苑楼商务网关,-4.0,199.98,5221,正常
2016/03/30 08:19:40,b37a0c8cdfa07e9464945de41a4c52adf24c65dc,01e7d3746070f3bb082b7ea9b756ca789ab377a9,持卡人消费,学士楼商务网关,-1.2,198.78,5222,正常
2016/03/30 11:24:37,b37a0c8cdfa07e9464945de41a4c52adf24c65dc,01e7d3746070f3bb082b7ea9b756ca789ab377a9,持卡人消费,学士楼商务网关,-3.6,195.18,5223,正常
2016/03/30 17:03:03,b37a0c8cdfa07e9464945de41a4c52adf24c65dc,01e7d3746070f3bb082b7ea9b756ca789ab377a9,持卡人消费,学士楼商务网关,-7.1,188.08,5224,正常
2016/03/30 17:09:25,b37a0c8cdfa07e9464945de41a4c52adf24c65dc,01e7d3746070f3bb082b7ea9b756ca789ab377a9,持卡人消费,学士楼商务网关,-1.0,187.08,5225,正常
2016/03/31 08:05:11,b37a0c8cdfa07e9464945de41a4c52adf24c65dc,01e7d3746070f3bb082b7ea9b756ca789ab377a9,持卡人消费,学士楼商务网关,-1.7,185.38,5226,正常
2016/03/31 17:46:44,b37a0c8cdfa07e9464945de41a4c52adf24c65dc,01e7d3746070f3bb082b7ea9b756ca789ab377a9,持卡人消费,学士楼商务网关,-1.0,184.38,5227,正常
2016/03/31 20:53:13,b37a0c8cdfa07e9464945de41a4c52adf24c65dc,01e7d3746070f3bb082b7ea9b756ca789ab377a9,持卡人消费,学士楼商务网关,-2.1,182.28,5228,正常
2016/03/31 20:53:58,b37a0c8cdfa07e9464945de41a4c52adf24c65dc,01e7d3746070f3bb082b7ea9b756ca789ab377a9,持卡人消费,学士楼商务网关,-1.5,180.78,5229,正常
