交易发生时间,学号,姓名,交易类型,子系统名称,交易额,现有余额,次数,状态
2016/03/01 11:04:04,987aec508eecd314df740a901f4b1bf8f904beac,01e9734ed1957fe8f439f7f5425f41361d12387a,持卡人消费,九食堂商务网关,-9.0,52.84,2320,正常
2016/03/01 11:04:26,987aec508eecd314df740a901f4b1bf8f904beac,01e9734ed1957fe8f439f7f5425f41361d12387a,持卡人消费,九食堂商务网关,-2.0,50.84,2321,正常
2016/03/01 17:20:13,987aec508eecd314df740a901f4b1bf8f904beac,01e9734ed1957fe8f439f7f5425f41361d12387a,持卡人消费,九食堂商务网关,-11.0,39.84,2322,正常
2016/03/01 17:28:23,987aec508eecd314df740a901f4b1bf8f904beac,01e9734ed1957fe8f439f7f5425f41361d12387a,持卡人消费,九食堂商务网关,-1.7,38.14,2323,正常
2016/03/01 17:32:03,987aec508eecd314df740a901f4b1bf8f904beac,01e9734ed1957fe8f439f7f5425f41361d12387a,持卡人消费,学子便利店B07,-7.5,30.64,2324,正常
2016/03/02 11:03:12,987aec508eecd314df740a901f4b1bf8f904beac,01e9734ed1957fe8f439f7f5425f41361d12387a,持卡人消费,九食堂商务网关,-9.0,21.64,2325,正常
2016/03/02 11:13:57,987aec508eecd314df740a901f4b1bf8f904beac,01e9734ed1957fe8f439f7f5425f41361d12387a,持卡人消费,九食堂商务网关,-8.0,13.64,2326,正常
2016/03/03 11:01:59,987aec508eecd314df740a901f4b1bf8f904beac,01e9734ed1957fe8f439f7f5425f41361d12387a,存款,现金充值机,200.0,213.64,2327,正常
2016/03/03 11:28:15,987aec508eecd314df740a901f4b1bf8f904beac,01e9734ed1957fe8f439f7f5425f41361d12387a,持卡人消费,九食堂商务网关,-10.0,203.64,2328,正常
2016/03/03 11:28:58,987aec508eecd314df740a901f4b1bf8f904beac,01e9734ed1957fe8f439f7f5425f41361d12387a,持卡人消费,九食堂商务网关,-9.0,194.64,2329,正常
2016/03/03 11:44:02,987aec508eecd314df740a901f4b1bf8f904beac,01e9734ed1957fe8f439f7f5425f41361d12387a,持卡人消费,学子便利店B07,-0.2,194.44,2330,正常
2016/03/03 11:44:10,987aec508eecd314df740a901f4b1bf8f904beac,01e9734ed1957fe8f439f7f5425f41361d12387a,持卡人消费,学子便利店B07,-6.0,188.44,2331,正常
2016/03/04 19:20:35,987aec508eecd314df740a901f4b1bf8f904beac,01e9734ed1957fe8f439f7f5425f41361d12387a,持卡人消费,学子便利店B07,-5.3,183.14,2332,正常
2016/03/05 11:34:06,987aec508eecd314df740a901f4b1bf8f904beac,01e9734ed1957fe8f439f7f5425f41361d12387a,持卡人消费,九食堂商务网关,-9.0,174.14,2333,正常
2016/03/05 11:49:42,987aec508eecd314df740a901f4b1bf8f904beac,01e9734ed1957fe8f439f7f5425f41361d12387a,持卡人消费,九食堂商务网关,-9.0,165.14,2334,正常
2016/03/05 15:47:22,987aec508eecd314df740a901f4b1bf8f904beac,01e9734ed1957fe8f439f7f5425f41361d12387a,持卡人消费,学子便利店B07,-3.4,161.74,2335,正常
2016/03/05 20:34:13,987aec508eecd314df740a901f4b1bf8f904beac,01e9734ed1957fe8f439f7f5425f41361d12387a,持卡人消费,学子便利店B07,-3.4,158.34,2336,正常
2016/03/06 22:19:18,987aec508eecd314df740a901f4b1bf8f904beac,01e9734ed1957fe8f439f7f5425f41361d12387a,持卡人消费,学子便利店B07,-9.7,148.64,2337,正常
2016/03/07 11:32:56,987aec508eecd314df740a901f4b1bf8f904beac,01e9734ed1957fe8f439f7f5425f41361d12387a,持卡人消费,九食堂商务网关,-10.0,138.64,2338,正常
2016/03/07 11:33:19,987aec508eecd314df740a901f4b1bf8f904beac,01e9734ed1957fe8f439f7f5425f41361d12387a,持卡人消费,九食堂商务网关,-9.0,129.64,2339,正常
2016/03/08 07:53:55,987aec508eecd314df740a901f4b1bf8f904beac,01e9734ed1957fe8f439f7f5425f41361d12387a,持卡人消费,九食堂商务网关,-2.4,127.24,2340,正常
2016/03/08 11:22:59,987aec508eecd314df740a901f4b1bf8f904beac,01e9734ed1957fe8f439f7f5425f41361d12387a,持卡人消费,九食堂商务网关,-9.5,117.74,2341,正常
2016/03/08 11:23:28,987aec508eecd314df740a901f4b1bf8f904beac,01e9734ed1957fe8f439f7f5425f41361d12387a,持卡人消费,九食堂商务网关,-1.0,116.74,2342,正常
2016/03/08 11:39:43,987aec508eecd314df740a901f4b1bf8f904beac,01e9734ed1957fe8f439f7f5425f41361d12387a,持卡人消费,九食堂商务网关,-9.0,107.74,2343,正常
2016/03/08 16:13:01,987aec508eecd314df740a901f4b1bf8f904beac,01e9734ed1957fe8f439f7f5425f41361d12387a,持卡人消费,学子便利店B07,-7.0,100.74,2344,正常
2016/03/08 17:59:09,987aec508eecd314df740a901f4b1bf8f904beac,01e9734ed1957fe8f439f7f5425f41361d12387a,持卡人消费,B7,-3.0,97.74,2345,正常
2016/03/08 18:00:34,987aec508eecd314df740a901f4b1bf8f904beac,01e9734ed1957fe8f439f7f5425f41361d12387a,持卡人消费,学子便利店B07,-3.9,93.84,2346,正常
2016/03/08 21:17:43,987aec508eecd314df740a901f4b1bf8f904beac,01e9734ed1957fe8f439f7f5425f41361d12387a,持卡人消费,学子便利店B07,-10.5,83.34,2347,正常
2016/03/09 07:45:19,987aec508eecd314df740a901f4b1bf8f904beac,01e9734ed1957fe8f439f7f5425f41361d12387a,持卡人消费,九食堂商务网关,-2.0,81.34,2348,正常
2016/03/09 11:03:09,987aec508eecd314df740a901f4b1bf8f904beac,01e9734ed1957fe8f439f7f5425f41361d12387a,持卡人消费,九食堂商务网关,-16.0,65.34,2349,正常
2016/03/09 11:26:38,987aec508eecd314df740a901f4b1bf8f904beac,01e9734ed1957fe8f439f7f5425f41361d12387a,持卡人消费,九食堂商务网关,-8.0,57.34,2350,正常
2016/03/09 19:25:11,987aec508eecd314df740a901f4b1bf8f904beac,01e9734ed1957fe8f439f7f5425f41361d12387a,持卡人消费,B7,-3.0,54.34,2351,正常
2016/03/09 21:09:40,987aec508eecd314df740a901f4b1bf8f904beac,01e9734ed1957fe8f439f7f5425f41361d12387a,持卡人消费,学子便利店B07,-3.4,50.94,2352,正常
2016/03/10 08:11:33,987aec508eecd314df740a901f4b1bf8f904beac,01e9734ed1957fe8f439f7f5425f41361d12387a,持卡人消费,九食堂商务网关,-1.0,49.94,2353,正常
2016/03/10 08:12:07,987aec508eecd314df740a901f4b1bf8f904beac,01e9734ed1957fe8f439f7f5425f41361d12387a,持卡人消费,九食堂商务网关,-2.0,47.94,2354,正常
2016/03/10 08:15:41,987aec508eecd314df740a901f4b1bf8f904beac,01e9734ed1957fe8f439f7f5425f41361d12387a,持卡人消费,九食堂商务网关,-0.4,47.54,2355,正常
2016/03/10 10:53:03,987aec508eecd314df740a901f4b1bf8f904beac,01e9734ed1957fe8f439f7f5425f41361d12387a,持卡人消费,四食堂商务网关,-13.13,34.41,2356,正常
2016/03/10 19:06:45,987aec508eecd314df740a901f4b1bf8f904beac,01e9734ed1957fe8f439f7f5425f41361d12387a,持卡人消费,B7,-3.0,31.41,2357,正常
2016/03/10 20:46:39,987aec508eecd314df740a901f4b1bf8f904beac,01e9734ed1957fe8f439f7f5425f41361d12387a,持卡人消费,学子便利店B07,-6.8,24.61,2358,正常
2016/03/11 07:54:56,987aec508eecd314df740a901f4b1bf8f904beac,01e9734ed1957fe8f439f7f5425f41361d12387a,持卡人消费,九食堂商务网关,-2.6,22.01,2359,正常
2016/03/11 21:09:36,987aec508eecd314df740a901f4b1bf8f904beac,01e9734ed1957fe8f439f7f5425f41361d12387a,持卡人消费,学子便利店B07,-10.0,12.01,2360,正常
2016/03/12 17:29:39,987aec508eecd314df740a901f4b1bf8f904beac,01e9734ed1957fe8f439f7f5425f41361d12387a,持卡人消费,九食堂商务网关,-9.0,3.01,2361,正常
2016/03/14 20:20:35,987aec508eecd314df740a901f4b1bf8f904beac,01e9734ed1957fe8f439f7f5425f41361d12387a,持卡人消费,学子便利店B07,-1.1,1.91,2362,正常
