交易发生时间,学号,姓名,交易类型,子系统名称,交易额,现有余额,次数,状态
2016/03/01 11:19:17,ebddb3008eda00d129ba8ba42bab304a0f33615d,02104408bd0704bd5d6fa8724fda39e0d0dab714,持卡人消费,学苑楼商务网关,-7.0,78.41,3890,正常
2016/03/01 11:48:23,ebddb3008eda00d129ba8ba42bab304a0f33615d,02104408bd0704bd5d6fa8724fda39e0d0dab714,持卡人消费,学苑楼商务网关,-4.3,74.11,3891,正常
2016/03/01 17:17:13,ebddb3008eda00d129ba8ba42bab304a0f33615d,02104408bd0704bd5d6fa8724fda39e0d0dab714,持卡人消费,学苑楼商务网关,-6.0,68.11,3892,正常
2016/03/01 18:26:08,ebddb3008eda00d129ba8ba42bab304a0f33615d,02104408bd0704bd5d6fa8724fda39e0d0dab714,持卡人消费,15公寓浴池,-2.0,66.11,3893,正常
2016/03/01 18:29:10,ebddb3008eda00d129ba8ba42bab304a0f33615d,02104408bd0704bd5d6fa8724fda39e0d0dab714,持卡人消费,15公寓浴池,-0.56,65.55,3895,正常
2016/03/02 08:17:31,ebddb3008eda00d129ba8ba42bab304a0f33615d,02104408bd0704bd5d6fa8724fda39e0d0dab714,持卡人消费,学士楼商务网关,-2.6,62.95,3896,正常
2016/03/02 08:19:17,ebddb3008eda00d129ba8ba42bab304a0f33615d,02104408bd0704bd5d6fa8724fda39e0d0dab714,持卡人消费,学士楼商务网关,-1.5,61.45,3897,正常
2016/03/02 11:21:46,ebddb3008eda00d129ba8ba42bab304a0f33615d,02104408bd0704bd5d6fa8724fda39e0d0dab714,持卡人消费,学苑楼商务网关,-7.0,54.45,3898,正常
2016/03/02 11:21:48,ebddb3008eda00d129ba8ba42bab304a0f33615d,02104408bd0704bd5d6fa8724fda39e0d0dab714,持卡人消费,学苑楼商务网关,-1.0,53.45,3899,正常
2016/03/02 11:22:05,ebddb3008eda00d129ba8ba42bab304a0f33615d,02104408bd0704bd5d6fa8724fda39e0d0dab714,持卡人消费,学苑楼商务网关,-8.0,45.45,3900,正常
2016/03/02 11:25:38,ebddb3008eda00d129ba8ba42bab304a0f33615d,02104408bd0704bd5d6fa8724fda39e0d0dab714,持卡人消费,学苑楼商务网关,-1.0,44.45,3901,正常
2016/03/02 11:28:57,ebddb3008eda00d129ba8ba42bab304a0f33615d,02104408bd0704bd5d6fa8724fda39e0d0dab714,持卡人消费,学苑楼商务网关,-3.0,41.45,3902,正常
2016/03/02 14:06:31,ebddb3008eda00d129ba8ba42bab304a0f33615d,02104408bd0704bd5d6fa8724fda39e0d0dab714,持卡人消费,学子便利店A01后楼,-1.0,40.45,3903,正常
2016/03/03 08:21:20,ebddb3008eda00d129ba8ba42bab304a0f33615d,02104408bd0704bd5d6fa8724fda39e0d0dab714,持卡人消费,学士楼商务网关,-3.1,37.35,3904,正常
2016/03/03 11:44:08,ebddb3008eda00d129ba8ba42bab304a0f33615d,02104408bd0704bd5d6fa8724fda39e0d0dab714,持卡人消费,学士楼商务网关,-12.6,24.75,3905,正常
2016/03/04 08:32:49,ebddb3008eda00d129ba8ba42bab304a0f33615d,02104408bd0704bd5d6fa8724fda39e0d0dab714,持卡人消费,学士楼商务网关,-2.4,22.35,3906,正常
2016/03/04 08:33:59,ebddb3008eda00d129ba8ba42bab304a0f33615d,02104408bd0704bd5d6fa8724fda39e0d0dab714,持卡人消费,学士楼商务网关,-1.5,20.85,3907,正常
2016/03/04 11:16:55,ebddb3008eda00d129ba8ba42bab304a0f33615d,02104408bd0704bd5d6fa8724fda39e0d0dab714,持卡人消费,学苑楼商务网关,-7.0,13.85,3908,正常
2016/03/04 17:33:41,ebddb3008eda00d129ba8ba42bab304a0f33615d,02104408bd0704bd5d6fa8724fda39e0d0dab714,持卡人消费,学苑楼商务网关,-7.0,6.85,3909,正常
2016/03/04 17:44:44,ebddb3008eda00d129ba8ba42bab304a0f33615d,02104408bd0704bd5d6fa8724fda39e0d0dab714,存款,学苑楼综合业务3,100.0,106.85,3910,正常
2016/03/04 17:49:24,ebddb3008eda00d129ba8ba42bab304a0f33615d,02104408bd0704bd5d6fa8724fda39e0d0dab714,持卡人消费,超市商务子系统,-5.5,101.35,3911,正常
2016/03/05 08:36:31,ebddb3008eda00d129ba8ba42bab304a0f33615d,02104408bd0704bd5d6fa8724fda39e0d0dab714,持卡人消费,学士楼商务网关,-2.1,99.25,3912,正常
2016/03/07 11:04:50,ebddb3008eda00d129ba8ba42bab304a0f33615d,02104408bd0704bd5d6fa8724fda39e0d0dab714,持卡人消费,学苑楼商务网关,-7.5,91.75,3913,正常
2016/03/07 11:22:31,ebddb3008eda00d129ba8ba42bab304a0f33615d,02104408bd0704bd5d6fa8724fda39e0d0dab714,持卡人消费,学苑楼商务网关,-8.0,83.75,3914,正常
2016/03/07 17:35:19,ebddb3008eda00d129ba8ba42bab304a0f33615d,02104408bd0704bd5d6fa8724fda39e0d0dab714,持卡人消费,学苑楼商务网关,-8.0,75.75,3915,正常
2016/03/08 08:26:18,ebddb3008eda00d129ba8ba42bab304a0f33615d,02104408bd0704bd5d6fa8724fda39e0d0dab714,持卡人消费,学士楼商务网关,-2.1,73.65,3916,正常
2016/03/08 11:11:08,ebddb3008eda00d129ba8ba42bab304a0f33615d,02104408bd0704bd5d6fa8724fda39e0d0dab714,持卡人消费,学士楼商务网关,-9.6,64.05,3917,正常
2016/03/08 17:41:21,ebddb3008eda00d129ba8ba42bab304a0f33615d,02104408bd0704bd5d6fa8724fda39e0d0dab714,持卡人消费,学士楼商务网关,-5.0,59.05,3918,正常
2016/03/08 17:42:40,ebddb3008eda00d129ba8ba42bab304a0f33615d,02104408bd0704bd5d6fa8724fda39e0d0dab714,持卡人消费,学士楼商务网关,-2.75,56.30,3919,正常
2016/03/08 17:44:13,ebddb3008eda00d129ba8ba42bab304a0f33615d,02104408bd0704bd5d6fa8724fda39e0d0dab714,持卡人消费,学士楼商务网关,-3.0,53.30,3920,正常
2016/03/09 08:16:11,ebddb3008eda00d129ba8ba42bab304a0f33615d,02104408bd0704bd5d6fa8724fda39e0d0dab714,持卡人消费,学子便利店A01后楼,-2.0,51.30,3921,正常
2016/03/09 08:25:11,ebddb3008eda00d129ba8ba42bab304a0f33615d,02104408bd0704bd5d6fa8724fda39e0d0dab714,持卡人消费,学士楼商务网关,-4.4,46.90,3922,正常
2016/03/09 11:40:17,ebddb3008eda00d129ba8ba42bab304a0f33615d,02104408bd0704bd5d6fa8724fda39e0d0dab714,持卡人消费,学苑楼商务网关,-7.0,39.90,3923,正常
2016/03/09 17:10:00,ebddb3008eda00d129ba8ba42bab304a0f33615d,02104408bd0704bd5d6fa8724fda39e0d0dab714,持卡人消费,学苑楼商务网关,-8.0,31.90,3924,正常
2016/03/09 19:23:10,ebddb3008eda00d129ba8ba42bab304a0f33615d,02104408bd0704bd5d6fa8724fda39e0d0dab714,持卡人消费,超市商务子系统,-25.9,6.00,3925,正常
2016/03/09 19:54:32,ebddb3008eda00d129ba8ba42bab304a0f33615d,02104408bd0704bd5d6fa8724fda39e0d0dab714,持卡人消费,15公寓浴池,-2.0,4.00,3926,正常
2016/03/09 19:58:40,ebddb3008eda00d129ba8ba42bab304a0f33615d,02104408bd0704bd5d6fa8724fda39e0d0dab714,持卡人消费,15公寓浴池,-0.59,3.41,3928,正常
2016/03/10 09:04:48,ebddb3008eda00d129ba8ba42bab304a0f33615d,02104408bd0704bd5d6fa8724fda39e0d0dab714,持卡人消费,学士楼商务网关,-2.1,1.31,3929,正常
2016/03/10 11:31:01,ebddb3008eda00d129ba8ba42bab304a0f33615d,02104408bd0704bd5d6fa8724fda39e0d0dab714,存款,卡中心综合业务,100.0,101.31,3930,正常
2016/03/10 11:35:06,ebddb3008eda00d129ba8ba42bab304a0f33615d,02104408bd0704bd5d6fa8724fda39e0d0dab714,持卡人消费,学苑楼商务网关,-9.0,92.31,3931,正常
2016/03/10 17:32:48,ebddb3008eda00d129ba8ba42bab304a0f33615d,02104408bd0704bd5d6fa8724fda39e0d0dab714,持卡人消费,超市商务子系统,-30.4,61.91,3932,正常
2016/03/11 08:28:30,ebddb3008eda00d129ba8ba42bab304a0f33615d,02104408bd0704bd5d6fa8724fda39e0d0dab714,持卡人消费,学士楼商务网关,-2.1,59.81,3933,正常
2016/03/11 11:13:24,ebddb3008eda00d129ba8ba42bab304a0f33615d,02104408bd0704bd5d6fa8724fda39e0d0dab714,持卡人消费,学苑楼商务网关,-7.0,52.81,3934,正常
2016/03/12 17:40:53,ebddb3008eda00d129ba8ba42bab304a0f33615d,02104408bd0704bd5d6fa8724fda39e0d0dab714,持卡人消费,15公寓浴池,-2.0,50.81,3935,正常
2016/03/12 17:42:49,ebddb3008eda00d129ba8ba42bab304a0f33615d,02104408bd0704bd5d6fa8724fda39e0d0dab714,持卡人消费,15公寓浴池,-0.35,50.46,3937,正常
2016/03/12 18:27:06,ebddb3008eda00d129ba8ba42bab304a0f33615d,02104408bd0704bd5d6fa8724fda39e0d0dab714,持卡人消费,学子便利店A01后楼,-1.7,48.76,3938,正常
2016/03/14 08:53:14,ebddb3008eda00d129ba8ba42bab304a0f33615d,02104408bd0704bd5d6fa8724fda39e0d0dab714,持卡人消费,学士楼商务网关,-3.0,20.26,3943,正常
2016/03/14 11:37:17,ebddb3008eda00d129ba8ba42bab304a0f33615d,02104408bd0704bd5d6fa8724fda39e0d0dab714,持卡人消费,学苑楼商务网关,-7.0,13.26,3944,正常
2016/03/14 12:51:24,ebddb3008eda00d129ba8ba42bab304a0f33615d,02104408bd0704bd5d6fa8724fda39e0d0dab714,持卡人消费,15公寓浴池,-2.0,11.26,3945,正常
2016/03/14 12:56:13,ebddb3008eda00d129ba8ba42bab304a0f33615d,02104408bd0704bd5d6fa8724fda39e0d0dab714,持卡人消费,15公寓浴池,-0.91,10.35,3947,正常
2016/03/14 13:04:42,ebddb3008eda00d129ba8ba42bab304a0f33615d,02104408bd0704bd5d6fa8724fda39e0d0dab714,持卡人消费,学子便利店A01后楼,-1.7,8.65,3948,正常
2016/03/14 17:03:36,ebddb3008eda00d129ba8ba42bab304a0f33615d,02104408bd0704bd5d6fa8724fda39e0d0dab714,存款,现金充值机,100.0,108.65,3949,正常
2016/03/14 17:22:57,ebddb3008eda00d129ba8ba42bab304a0f33615d,02104408bd0704bd5d6fa8724fda39e0d0dab714,持卡人消费,学苑楼商务网关,-8.0,100.65,3950,正常
2016/03/14 17:43:55,ebddb3008eda00d129ba8ba42bab304a0f33615d,02104408bd0704bd5d6fa8724fda39e0d0dab714,持卡人消费,超市商务子系统,-18.8,81.85,3951,正常
2016/03/15 08:19:34,ebddb3008eda00d129ba8ba42bab304a0f33615d,02104408bd0704bd5d6fa8724fda39e0d0dab714,持卡人消费,学士楼商务网关,-3.1,78.75,3952,正常
2016/03/15 11:20:56,ebddb3008eda00d129ba8ba42bab304a0f33615d,02104408bd0704bd5d6fa8724fda39e0d0dab714,持卡人消费,学苑楼商务网关,-8.0,70.75,3953,正常
2016/03/15 17:43:55,ebddb3008eda00d129ba8ba42bab304a0f33615d,02104408bd0704bd5d6fa8724fda39e0d0dab714,持卡人消费,学苑楼商务网关,-7.0,63.75,3954,正常
2016/03/16 18:30:16,ebddb3008eda00d129ba8ba42bab304a0f33615d,02104408bd0704bd5d6fa8724fda39e0d0dab714,持卡人消费,硕果园（工大商店）,-12.0,51.75,3955,正常
2016/03/16 21:33:27,ebddb3008eda00d129ba8ba42bab304a0f33615d,02104408bd0704bd5d6fa8724fda39e0d0dab714,持卡人消费,学子便利店A01后楼,-2.0,49.75,3956,正常
2016/03/17 11:33:03,ebddb3008eda00d129ba8ba42bab304a0f33615d,02104408bd0704bd5d6fa8724fda39e0d0dab714,持卡人消费,学苑楼商务网关,-8.0,41.75,3957,正常
2016/03/17 16:29:02,ebddb3008eda00d129ba8ba42bab304a0f33615d,02104408bd0704bd5d6fa8724fda39e0d0dab714,持卡人消费,身份前置机,-0.51,41.24,3958,正常
2016/03/17 17:37:05,ebddb3008eda00d129ba8ba42bab304a0f33615d,02104408bd0704bd5d6fa8724fda39e0d0dab714,持卡人消费,学苑楼商务网关,-8.0,33.24,3959,正常
2016/03/18 07:22:17,ebddb3008eda00d129ba8ba42bab304a0f33615d,02104408bd0704bd5d6fa8724fda39e0d0dab714,持卡人消费,学士楼商务网关,-2.1,31.14,3960,正常
2016/03/18 07:22:29,ebddb3008eda00d129ba8ba42bab304a0f33615d,02104408bd0704bd5d6fa8724fda39e0d0dab714,持卡人消费,学士楼商务网关,-2.1,29.04,3961,正常
2016/03/18 11:32:35,ebddb3008eda00d129ba8ba42bab304a0f33615d,02104408bd0704bd5d6fa8724fda39e0d0dab714,持卡人消费,学苑楼商务网关,-8.0,21.04,3962,正常
2016/03/18 11:39:28,ebddb3008eda00d129ba8ba42bab304a0f33615d,02104408bd0704bd5d6fa8724fda39e0d0dab714,持卡人消费,学苑楼商务网关,-1.5,19.54,3963,正常
2016/03/18 15:15:00,ebddb3008eda00d129ba8ba42bab304a0f33615d,02104408bd0704bd5d6fa8724fda39e0d0dab714,持卡人消费,超市商务子系统,-7.3,12.24,3964,正常
2016/03/18 20:28:08,ebddb3008eda00d129ba8ba42bab304a0f33615d,02104408bd0704bd5d6fa8724fda39e0d0dab714,持卡人消费,学子便利店A01后楼,-2.0,10.24,3965,正常
2016/03/19 19:42:41,ebddb3008eda00d129ba8ba42bab304a0f33615d,02104408bd0704bd5d6fa8724fda39e0d0dab714,持卡人消费,15公寓浴池,-2.0,8.24,3966,正常
2016/03/19 19:46:23,ebddb3008eda00d129ba8ba42bab304a0f33615d,02104408bd0704bd5d6fa8724fda39e0d0dab714,持卡人消费,15公寓浴池,-0.66,7.58,3968,正常
2016/03/20 12:07:47,ebddb3008eda00d129ba8ba42bab304a0f33615d,02104408bd0704bd5d6fa8724fda39e0d0dab714,持卡人消费,学苑楼商务网关,-7.0,0.58,3969,正常
2016/03/20 18:05:12,ebddb3008eda00d129ba8ba42bab304a0f33615d,02104408bd0704bd5d6fa8724fda39e0d0dab714,存款,学苑楼综合业务3,100.0,100.58,3970,正常
2016/03/20 18:08:29,ebddb3008eda00d129ba8ba42bab304a0f33615d,02104408bd0704bd5d6fa8724fda39e0d0dab714,持卡人消费,学苑楼商务网关,-8.0,92.58,3971,正常
2016/03/20 20:26:53,ebddb3008eda00d129ba8ba42bab304a0f33615d,02104408bd0704bd5d6fa8724fda39e0d0dab714,持卡人消费,学子便利店A01后楼,-4.0,88.58,3972,正常
2016/03/21 17:41:41,ebddb3008eda00d129ba8ba42bab304a0f33615d,02104408bd0704bd5d6fa8724fda39e0d0dab714,持卡人消费,学苑楼商务网关,-7.0,81.58,3973,正常
2016/03/21 17:44:04,ebddb3008eda00d129ba8ba42bab304a0f33615d,02104408bd0704bd5d6fa8724fda39e0d0dab714,持卡人消费,学苑楼商务网关,-3.5,78.08,3974,正常
2016/03/21 18:14:42,ebddb3008eda00d129ba8ba42bab304a0f33615d,02104408bd0704bd5d6fa8724fda39e0d0dab714,持卡人消费,学士楼商务网关,-7.0,71.08,3975,正常
2016/03/21 19:07:33,ebddb3008eda00d129ba8ba42bab304a0f33615d,02104408bd0704bd5d6fa8724fda39e0d0dab714,持卡人消费,15公寓浴池,-2.0,69.08,3976,正常
2016/03/21 19:12:55,ebddb3008eda00d129ba8ba42bab304a0f33615d,02104408bd0704bd5d6fa8724fda39e0d0dab714,持卡人消费,15公寓浴池,-1.02,68.06,3978,正常
2016/03/21 19:22:22,ebddb3008eda00d129ba8ba42bab304a0f33615d,02104408bd0704bd5d6fa8724fda39e0d0dab714,持卡人消费,学子便利店A01后楼,-3.9,64.16,3979,正常
2016/03/22 13:33:25,ebddb3008eda00d129ba8ba42bab304a0f33615d,02104408bd0704bd5d6fa8724fda39e0d0dab714,持卡人消费,15公寓浴池,-2.0,62.16,3980,正常
2016/03/22 17:35:38,ebddb3008eda00d129ba8ba42bab304a0f33615d,02104408bd0704bd5d6fa8724fda39e0d0dab714,持卡人消费,学苑楼商务网关,-10.0,52.16,3981,正常
2016/03/22 17:36:33,ebddb3008eda00d129ba8ba42bab304a0f33615d,02104408bd0704bd5d6fa8724fda39e0d0dab714,持卡人消费,学苑楼商务网关,-0.8,51.36,3982,正常
2016/03/22 17:57:28,ebddb3008eda00d129ba8ba42bab304a0f33615d,02104408bd0704bd5d6fa8724fda39e0d0dab714,持卡人消费,超市商务子系统,-10.9,40.46,3983,正常
2016/03/23 17:55:29,ebddb3008eda00d129ba8ba42bab304a0f33615d,02104408bd0704bd5d6fa8724fda39e0d0dab714,持卡人消费,学士楼商务网关,-1.34,39.12,3984,正常
2016/03/23 17:55:57,ebddb3008eda00d129ba8ba42bab304a0f33615d,02104408bd0704bd5d6fa8724fda39e0d0dab714,持卡人消费,学士楼商务网关,-6.6,32.52,3985,正常
2016/03/23 18:12:30,ebddb3008eda00d129ba8ba42bab304a0f33615d,02104408bd0704bd5d6fa8724fda39e0d0dab714,持卡人消费,学士楼商务网关,-7.0,25.52,3986,正常
2016/03/25 08:16:11,ebddb3008eda00d129ba8ba42bab304a0f33615d,02104408bd0704bd5d6fa8724fda39e0d0dab714,持卡人消费,学士楼商务网关,-4.5,21.02,3987,正常
2016/03/25 11:52:33,ebddb3008eda00d129ba8ba42bab304a0f33615d,02104408bd0704bd5d6fa8724fda39e0d0dab714,持卡人消费,学子楼商务网关,-4.1,16.92,3988,正常
2016/03/25 11:52:52,ebddb3008eda00d129ba8ba42bab304a0f33615d,02104408bd0704bd5d6fa8724fda39e0d0dab714,持卡人消费,学子楼商务网关,-3.0,13.92,3989,正常
2016/03/25 12:23:49,ebddb3008eda00d129ba8ba42bab304a0f33615d,02104408bd0704bd5d6fa8724fda39e0d0dab714,持卡人消费,学子便利店A01后楼,-3.2,10.72,3990,正常
2016/03/26 18:41:07,ebddb3008eda00d129ba8ba42bab304a0f33615d,02104408bd0704bd5d6fa8724fda39e0d0dab714,持卡人消费,15公寓浴池,-2.0,8.72,3991,正常
2016/03/26 18:44:15,ebddb3008eda00d129ba8ba42bab304a0f33615d,02104408bd0704bd5d6fa8724fda39e0d0dab714,持卡人消费,15公寓浴池,-0.58,8.14,3993,正常
2016/03/27 10:33:28,ebddb3008eda00d129ba8ba42bab304a0f33615d,02104408bd0704bd5d6fa8724fda39e0d0dab714,持卡人消费,学子便利店A01后楼,-1.7,6.44,3994,正常
2016/03/27 11:43:20,ebddb3008eda00d129ba8ba42bab304a0f33615d,02104408bd0704bd5d6fa8724fda39e0d0dab714,存款,卡中心综合业务,100.0,106.44,3995,正常
2016/03/28 11:08:05,ebddb3008eda00d129ba8ba42bab304a0f33615d,02104408bd0704bd5d6fa8724fda39e0d0dab714,存款,现金充值机,100.0,206.44,3996,正常
2016/03/28 11:24:39,ebddb3008eda00d129ba8ba42bab304a0f33615d,02104408bd0704bd5d6fa8724fda39e0d0dab714,持卡人消费,学苑楼商务网关,-8.0,198.44,3997,正常
2016/03/28 11:24:52,ebddb3008eda00d129ba8ba42bab304a0f33615d,02104408bd0704bd5d6fa8724fda39e0d0dab714,持卡人消费,学苑楼商务网关,-1.5,196.94,3998,正常
2016/03/28 11:48:09,ebddb3008eda00d129ba8ba42bab304a0f33615d,02104408bd0704bd5d6fa8724fda39e0d0dab714,持卡人消费,超市商务子系统,-7.0,189.94,3999,正常
2016/03/28 18:49:56,ebddb3008eda00d129ba8ba42bab304a0f33615d,02104408bd0704bd5d6fa8724fda39e0d0dab714,持卡人消费,15公寓浴池,-2.0,187.94,4000,正常
2016/03/28 18:52:54,ebddb3008eda00d129ba8ba42bab304a0f33615d,02104408bd0704bd5d6fa8724fda39e0d0dab714,持卡人消费,15公寓浴池,-0.54,187.40,4002,正常
2016/03/29 08:37:23,ebddb3008eda00d129ba8ba42bab304a0f33615d,02104408bd0704bd5d6fa8724fda39e0d0dab714,持卡人消费,学士楼商务网关,-2.2,185.20,4003,正常
2016/03/29 11:14:36,ebddb3008eda00d129ba8ba42bab304a0f33615d,02104408bd0704bd5d6fa8724fda39e0d0dab714,持卡人消费,学苑楼商务网关,-8.0,177.20,4004,正常
2016/03/29 18:47:52,ebddb3008eda00d129ba8ba42bab304a0f33615d,02104408bd0704bd5d6fa8724fda39e0d0dab714,持卡人消费,15公寓浴池,-2.0,175.20,4005,正常
2016/03/29 18:51:54,ebddb3008eda00d129ba8ba42bab304a0f33615d,02104408bd0704bd5d6fa8724fda39e0d0dab714,持卡人消费,15公寓浴池,-0.77,174.43,4007,正常
2016/03/29 19:19:26,ebddb3008eda00d129ba8ba42bab304a0f33615d,02104408bd0704bd5d6fa8724fda39e0d0dab714,持卡人消费,学士楼商务网关,-5.0,169.43,4008,正常
2016/03/29 19:19:42,ebddb3008eda00d129ba8ba42bab304a0f33615d,02104408bd0704bd5d6fa8724fda39e0d0dab714,持卡人消费,学士楼商务网关,-0.8,168.63,4009,正常
2016/03/29 19:20:25,ebddb3008eda00d129ba8ba42bab304a0f33615d,02104408bd0704bd5d6fa8724fda39e0d0dab714,持卡人消费,学士楼商务网关,-2.5,166.13,4010,正常
2016/03/29 19:21:53,ebddb3008eda00d129ba8ba42bab304a0f33615d,02104408bd0704bd5d6fa8724fda39e0d0dab714,持卡人消费,学士楼商务网关,-7.0,159.13,4011,正常
2016/03/30 08:23:59,ebddb3008eda00d129ba8ba42bab304a0f33615d,02104408bd0704bd5d6fa8724fda39e0d0dab714,持卡人消费,学士楼商务网关,-3.2,155.93,4012,正常
2016/03/30 19:10:19,ebddb3008eda00d129ba8ba42bab304a0f33615d,02104408bd0704bd5d6fa8724fda39e0d0dab714,持卡人消费,15公寓浴池,-2.0,153.93,4013,正常
2016/03/30 19:12:57,ebddb3008eda00d129ba8ba42bab304a0f33615d,02104408bd0704bd5d6fa8724fda39e0d0dab714,持卡人消费,15公寓浴池,-0.5,153.43,4015,正常
2016/03/31 08:22:59,ebddb3008eda00d129ba8ba42bab304a0f33615d,02104408bd0704bd5d6fa8724fda39e0d0dab714,持卡人消费,学士楼商务网关,-2.6,150.83,4016,正常
2016/03/31 08:23:35,ebddb3008eda00d129ba8ba42bab304a0f33615d,02104408bd0704bd5d6fa8724fda39e0d0dab714,持卡人消费,学士楼商务网关,-0.6,150.23,4017,正常
2016/03/31 11:29:37,ebddb3008eda00d129ba8ba42bab304a0f33615d,02104408bd0704bd5d6fa8724fda39e0d0dab714,持卡人消费,学苑楼商务网关,-7.0,143.23,4018,正常
2016/03/31 12:45:39,ebddb3008eda00d129ba8ba42bab304a0f33615d,02104408bd0704bd5d6fa8724fda39e0d0dab714,持卡人消费,学子便利店A01后楼,-1.7,141.53,4019,正常
