交易发生时间,学号,姓名,交易类型,子系统名称,交易额,现有余额,次数,状态
2016/03/01 18:06:08,a8037214782482d64473b23d76632dafb1d70153,023257210eaac3ea8fb938c28dad15ecaa1a81a3,持卡人消费,学士楼商务网关,-8.0,96.45,4658,正常
2016/03/01 18:06:12,a8037214782482d64473b23d76632dafb1d70153,023257210eaac3ea8fb938c28dad15ecaa1a81a3,持卡人消费,学士楼商务网关,-1.0,95.45,4659,正常
2016/03/02 08:44:12,a8037214782482d64473b23d76632dafb1d70153,023257210eaac3ea8fb938c28dad15ecaa1a81a3,持卡人消费,学子便利店A01后楼,-8.8,86.65,4660,正常
2016/03/02 11:32:42,a8037214782482d64473b23d76632dafb1d70153,023257210eaac3ea8fb938c28dad15ecaa1a81a3,持卡人消费,学士楼商务网关,-3.6,83.05,4661,正常
2016/03/02 13:07:53,a8037214782482d64473b23d76632dafb1d70153,023257210eaac3ea8fb938c28dad15ecaa1a81a3,持卡人消费,15公寓浴池,-0.54,82.51,4663,正常
2016/03/02 13:13:19,a8037214782482d64473b23d76632dafb1d70153,023257210eaac3ea8fb938c28dad15ecaa1a81a3,持卡人消费,15公寓浴池,-0.74,81.77,4665,正常
2016/03/03 10:22:55,a8037214782482d64473b23d76632dafb1d70153,023257210eaac3ea8fb938c28dad15ecaa1a81a3,持卡人消费,学子便利店A01后楼,-3.0,78.77,4666,正常
2016/03/04 14:08:12,a8037214782482d64473b23d76632dafb1d70153,023257210eaac3ea8fb938c28dad15ecaa1a81a3,持卡人消费,学子便利店A01后楼,-3.0,75.77,4667,正常
2016/03/04 16:49:40,a8037214782482d64473b23d76632dafb1d70153,023257210eaac3ea8fb938c28dad15ecaa1a81a3,持卡人消费,学子便利店A01后楼,-3.6,72.17,4668,正常
2016/03/04 18:23:25,a8037214782482d64473b23d76632dafb1d70153,023257210eaac3ea8fb938c28dad15ecaa1a81a3,持卡人消费,学子便利店A01后楼,-3.5,68.67,4669,正常
2016/03/04 18:33:38,a8037214782482d64473b23d76632dafb1d70153,023257210eaac3ea8fb938c28dad15ecaa1a81a3,持卡人消费,15公寓浴池,-1.15,67.52,4671,正常
2016/03/04 18:39:32,a8037214782482d64473b23d76632dafb1d70153,023257210eaac3ea8fb938c28dad15ecaa1a81a3,持卡人消费,15公寓浴池,-0.43,67.09,4673,正常
2016/03/06 12:55:20,a8037214782482d64473b23d76632dafb1d70153,023257210eaac3ea8fb938c28dad15ecaa1a81a3,持卡人消费,学子便利店A01后楼,-3.9,63.19,4674,正常
2016/03/07 17:13:26,a8037214782482d64473b23d76632dafb1d70153,023257210eaac3ea8fb938c28dad15ecaa1a81a3,持卡人消费,学士楼商务网关,-5.3,57.89,4675,正常
2016/03/07 17:14:12,a8037214782482d64473b23d76632dafb1d70153,023257210eaac3ea8fb938c28dad15ecaa1a81a3,持卡人消费,学士楼商务网关,-2.0,55.89,4676,正常
2016/03/07 17:35:16,a8037214782482d64473b23d76632dafb1d70153,023257210eaac3ea8fb938c28dad15ecaa1a81a3,持卡人消费,超市商务子系统,-3.8,52.09,4677,正常
2016/03/08 11:00:39,a8037214782482d64473b23d76632dafb1d70153,023257210eaac3ea8fb938c28dad15ecaa1a81a3,持卡人消费,学士楼商务网关,-9.0,43.09,4678,正常
2016/03/08 11:15:07,a8037214782482d64473b23d76632dafb1d70153,023257210eaac3ea8fb938c28dad15ecaa1a81a3,持卡人消费,学士楼商务网关,-1.0,42.09,4679,正常
2016/03/08 17:13:16,a8037214782482d64473b23d76632dafb1d70153,023257210eaac3ea8fb938c28dad15ecaa1a81a3,存款,现金充值机,100.0,142.09,4680,正常
2016/03/08 17:28:51,a8037214782482d64473b23d76632dafb1d70153,023257210eaac3ea8fb938c28dad15ecaa1a81a3,持卡人消费,学苑楼商务网关,-9.0,133.09,4681,正常
2016/03/08 17:40:35,a8037214782482d64473b23d76632dafb1d70153,023257210eaac3ea8fb938c28dad15ecaa1a81a3,持卡人消费,学苑楼商务网关,-8.8,124.29,4682,正常
2016/03/08 17:50:05,a8037214782482d64473b23d76632dafb1d70153,023257210eaac3ea8fb938c28dad15ecaa1a81a3,持卡人消费,学子便利店A01后楼,-5.6,118.69,4683,正常
2016/03/09 12:40:14,a8037214782482d64473b23d76632dafb1d70153,023257210eaac3ea8fb938c28dad15ecaa1a81a3,持卡人消费,15公寓浴池,-0.13,118.56,4685,正常
2016/03/09 12:46:03,a8037214782482d64473b23d76632dafb1d70153,023257210eaac3ea8fb938c28dad15ecaa1a81a3,持卡人消费,15公寓浴池,-1.02,117.54,4687,正常
2016/03/09 12:49:58,a8037214782482d64473b23d76632dafb1d70153,023257210eaac3ea8fb938c28dad15ecaa1a81a3,持卡人消费,15公寓浴池,-0.37,117.17,4689,正常
2016/03/09 13:40:07,a8037214782482d64473b23d76632dafb1d70153,023257210eaac3ea8fb938c28dad15ecaa1a81a3,持卡人消费,硕果园（工大商店）,-8.0,109.17,4690,正常
2016/03/09 17:02:48,a8037214782482d64473b23d76632dafb1d70153,023257210eaac3ea8fb938c28dad15ecaa1a81a3,持卡人消费,学苑楼商务网关,-7.0,102.17,4691,正常
2016/03/09 18:35:48,a8037214782482d64473b23d76632dafb1d70153,023257210eaac3ea8fb938c28dad15ecaa1a81a3,持卡人消费,身份前置机,-1.02,101.15,4692,正常
2016/03/09 18:46:46,a8037214782482d64473b23d76632dafb1d70153,023257210eaac3ea8fb938c28dad15ecaa1a81a3,持卡人消费,学子便利店A01后楼,-0.4,100.75,4693,正常
2016/03/10 08:28:20,a8037214782482d64473b23d76632dafb1d70153,023257210eaac3ea8fb938c28dad15ecaa1a81a3,持卡人消费,学士楼商务网关,-3.8,96.95,4694,正常
2016/03/10 09:11:39,a8037214782482d64473b23d76632dafb1d70153,023257210eaac3ea8fb938c28dad15ecaa1a81a3,持卡人消费,学子便利店A01后楼,-3.6,93.35,4695,正常
2016/03/10 12:59:56,a8037214782482d64473b23d76632dafb1d70153,023257210eaac3ea8fb938c28dad15ecaa1a81a3,持卡人消费,学子便利店A01后楼,-11.9,81.45,4696,正常
2016/03/10 19:09:52,a8037214782482d64473b23d76632dafb1d70153,023257210eaac3ea8fb938c28dad15ecaa1a81a3,持卡人消费,硕果园（工大商店）,-12.0,69.45,4697,正常
2016/03/10 22:15:27,a8037214782482d64473b23d76632dafb1d70153,023257210eaac3ea8fb938c28dad15ecaa1a81a3,持卡人消费,学子便利店A01后楼,-4.6,64.85,4698,正常
2016/03/11 18:36:25,a8037214782482d64473b23d76632dafb1d70153,023257210eaac3ea8fb938c28dad15ecaa1a81a3,持卡人消费,硕果园（工大商店）,-24.0,40.85,4699,正常
2016/03/11 18:49:18,a8037214782482d64473b23d76632dafb1d70153,023257210eaac3ea8fb938c28dad15ecaa1a81a3,持卡人消费,硕果园（工大商店）,-1.0,39.85,4700,正常
2016/03/11 18:58:03,a8037214782482d64473b23d76632dafb1d70153,023257210eaac3ea8fb938c28dad15ecaa1a81a3,持卡人消费,学子便利店A01后楼,-6.3,33.55,4701,正常
2016/03/12 10:47:04,a8037214782482d64473b23d76632dafb1d70153,023257210eaac3ea8fb938c28dad15ecaa1a81a3,持卡人消费,学子便利店A01后楼,-6.8,26.75,4702,正常
2016/03/15 08:58:27,a8037214782482d64473b23d76632dafb1d70153,023257210eaac3ea8fb938c28dad15ecaa1a81a3,持卡人消费,硕果园（工大商店）,-5.8,6.75,4704,正常
2016/03/15 09:05:06,a8037214782482d64473b23d76632dafb1d70153,023257210eaac3ea8fb938c28dad15ecaa1a81a3,持卡人消费,学子便利店A01后楼,-0.7,6.05,4705,正常
2016/03/15 11:20:35,a8037214782482d64473b23d76632dafb1d70153,023257210eaac3ea8fb938c28dad15ecaa1a81a3,持卡人消费,学子便利店A01后楼,-0.8,5.25,4706,正常
2016/03/15 12:36:48,a8037214782482d64473b23d76632dafb1d70153,023257210eaac3ea8fb938c28dad15ecaa1a81a3,持卡人消费,15公寓浴池,-0.59,4.66,4708,正常
2016/03/15 12:44:04,a8037214782482d64473b23d76632dafb1d70153,023257210eaac3ea8fb938c28dad15ecaa1a81a3,持卡人消费,15公寓浴池,-0.85,3.81,4710,正常
2016/03/26 15:09:08,a8037214782482d64473b23d76632dafb1d70153,023257210eaac3ea8fb938c28dad15ecaa1a81a3,持卡人消费,学子便利店A01后楼,-0.3,3.51,4711,正常
2016/03/26 19:55:33,a8037214782482d64473b23d76632dafb1d70153,023257210eaac3ea8fb938c28dad15ecaa1a81a3,持卡人消费,硕果园（工大商店）,-1.4,2.11,4712,正常
2016/03/26 20:51:11,a8037214782482d64473b23d76632dafb1d70153,023257210eaac3ea8fb938c28dad15ecaa1a81a3,持卡人消费,学子便利店A01后楼,-0.5,1.61,4713,正常
2016/03/27 21:55:07,a8037214782482d64473b23d76632dafb1d70153,023257210eaac3ea8fb938c28dad15ecaa1a81a3,持卡人消费,学子便利店A01后楼,-0.8,0.81,4714,正常
2016/03/30 08:46:06,a8037214782482d64473b23d76632dafb1d70153,023257210eaac3ea8fb938c28dad15ecaa1a81a3,存款,现金充值机,300.0,300.81,4715,正常
2016/03/30 09:03:20,a8037214782482d64473b23d76632dafb1d70153,023257210eaac3ea8fb938c28dad15ecaa1a81a3,持卡人消费,硕果园（工大商店）,-5.0,295.81,4716,正常
2016/03/30 09:11:35,a8037214782482d64473b23d76632dafb1d70153,023257210eaac3ea8fb938c28dad15ecaa1a81a3,持卡人消费,学子便利店A01后楼,-3.6,292.21,4717,正常
2016/03/30 13:33:57,a8037214782482d64473b23d76632dafb1d70153,023257210eaac3ea8fb938c28dad15ecaa1a81a3,持卡人消费,硕果园（工大商店）,-8.0,284.21,4718,正常
2016/03/30 16:58:32,a8037214782482d64473b23d76632dafb1d70153,023257210eaac3ea8fb938c28dad15ecaa1a81a3,持卡人消费,硕果园（工大商店）,-14.0,270.21,4719,正常
2016/03/30 17:10:50,a8037214782482d64473b23d76632dafb1d70153,023257210eaac3ea8fb938c28dad15ecaa1a81a3,持卡人消费,学子便利店A01后楼,-3.0,267.21,4720,正常
2016/03/31 09:42:23,a8037214782482d64473b23d76632dafb1d70153,023257210eaac3ea8fb938c28dad15ecaa1a81a3,持卡人消费,硕果园（工大商店）,-13.0,254.21,4721,正常
2016/03/31 09:43:31,a8037214782482d64473b23d76632dafb1d70153,023257210eaac3ea8fb938c28dad15ecaa1a81a3,持卡人消费,硕果园（工大商店）,-4.0,250.21,4722,正常
2016/03/31 20:07:31,a8037214782482d64473b23d76632dafb1d70153,023257210eaac3ea8fb938c28dad15ecaa1a81a3,持卡人消费,学子便利店A01后楼,-4.0,246.21,4723,正常
2016/03/31 20:15:44,a8037214782482d64473b23d76632dafb1d70153,023257210eaac3ea8fb938c28dad15ecaa1a81a3,持卡人消费,15公寓浴池,-0.74,245.47,4725,正常
2016/03/31 20:16:56,a8037214782482d64473b23d76632dafb1d70153,023257210eaac3ea8fb938c28dad15ecaa1a81a3,持卡人消费,15公寓浴池,-0.08,245.39,4727,正常
2016/03/31 20:23:54,a8037214782482d64473b23d76632dafb1d70153,023257210eaac3ea8fb938c28dad15ecaa1a81a3,持卡人消费,15公寓浴池,-0.88,244.51,4729,正常
