交易发生时间,学号,姓名,交易类型,子系统名称,交易额,现有余额,次数,状态
2016/03/01 16:08:58,2ad37aea887e6a9ac62bc9f7b42d9492ad78215e,028b464a190f775d953376f7ef1425fbd7a726a7,存款,现金充值机,200.0,200.44,3061,正常
2016/03/01 16:35:42,2ad37aea887e6a9ac62bc9f7b42d9492ad78215e,028b464a190f775d953376f7ef1425fbd7a726a7,持卡人消费,九食堂商务网关,-9.0,191.44,3062,正常
2016/03/01 16:36:06,2ad37aea887e6a9ac62bc9f7b42d9492ad78215e,028b464a190f775d953376f7ef1425fbd7a726a7,持卡人消费,九食堂商务网关,-15.0,176.44,3063,正常
2016/03/01 16:37:01,2ad37aea887e6a9ac62bc9f7b42d9492ad78215e,028b464a190f775d953376f7ef1425fbd7a726a7,持卡人消费,九食堂商务网关,-2.0,174.44,3064,正常
2016/03/01 16:37:21,2ad37aea887e6a9ac62bc9f7b42d9492ad78215e,028b464a190f775d953376f7ef1425fbd7a726a7,持卡人消费,九食堂商务网关,-0.8,173.64,3065,正常
2016/03/01 16:38:30,2ad37aea887e6a9ac62bc9f7b42d9492ad78215e,028b464a190f775d953376f7ef1425fbd7a726a7,持卡人消费,九食堂商务网关,-3.0,170.64,3066,正常
2016/03/02 07:02:52,2ad37aea887e6a9ac62bc9f7b42d9492ad78215e,028b464a190f775d953376f7ef1425fbd7a726a7,持卡人消费,九食堂商务网关,-4.8,165.84,3067,正常
2016/03/02 07:03:24,2ad37aea887e6a9ac62bc9f7b42d9492ad78215e,028b464a190f775d953376f7ef1425fbd7a726a7,持卡人消费,九食堂商务网关,-1.0,164.84,3068,正常
2016/03/02 11:17:48,2ad37aea887e6a9ac62bc9f7b42d9492ad78215e,028b464a190f775d953376f7ef1425fbd7a726a7,持卡人消费,九食堂商务网关,-10.0,154.84,3069,正常
2016/03/02 18:56:25,2ad37aea887e6a9ac62bc9f7b42d9492ad78215e,028b464a190f775d953376f7ef1425fbd7a726a7,持卡人消费,学子便利店B07,-7.8,147.04,3070,正常
2016/03/03 07:27:52,2ad37aea887e6a9ac62bc9f7b42d9492ad78215e,028b464a190f775d953376f7ef1425fbd7a726a7,持卡人消费,九食堂商务网关,-3.6,143.44,3071,正常
2016/03/03 10:55:38,2ad37aea887e6a9ac62bc9f7b42d9492ad78215e,028b464a190f775d953376f7ef1425fbd7a726a7,持卡人消费,九食堂商务网关,-10.0,133.44,3072,正常
2016/03/03 15:03:28,2ad37aea887e6a9ac62bc9f7b42d9492ad78215e,028b464a190f775d953376f7ef1425fbd7a726a7,持卡人消费,学子便利店B07,-3.5,129.94,3073,正常
2016/03/03 16:56:43,2ad37aea887e6a9ac62bc9f7b42d9492ad78215e,028b464a190f775d953376f7ef1425fbd7a726a7,持卡人消费,九食堂商务网关,-15.0,114.94,3074,正常
2016/03/03 16:57:19,2ad37aea887e6a9ac62bc9f7b42d9492ad78215e,028b464a190f775d953376f7ef1425fbd7a726a7,持卡人消费,九食堂商务网关,-0.8,114.14,3075,正常
2016/03/03 16:58:14,2ad37aea887e6a9ac62bc9f7b42d9492ad78215e,028b464a190f775d953376f7ef1425fbd7a726a7,持卡人消费,九食堂商务网关,-2.0,112.14,3076,正常
2016/03/03 16:58:16,2ad37aea887e6a9ac62bc9f7b42d9492ad78215e,028b464a190f775d953376f7ef1425fbd7a726a7,持卡人消费,九食堂商务网关,-1.5,110.64,3077,正常
2016/03/04 07:43:01,2ad37aea887e6a9ac62bc9f7b42d9492ad78215e,028b464a190f775d953376f7ef1425fbd7a726a7,持卡人消费,九食堂商务网关,-4.2,106.44,3078,正常
2016/03/04 10:45:15,2ad37aea887e6a9ac62bc9f7b42d9492ad78215e,028b464a190f775d953376f7ef1425fbd7a726a7,持卡人消费,九食堂商务网关,-9.0,97.44,3079,正常
2016/03/05 11:22:16,2ad37aea887e6a9ac62bc9f7b42d9492ad78215e,028b464a190f775d953376f7ef1425fbd7a726a7,持卡人消费,九食堂商务网关,-15.0,82.44,3080,正常
2016/03/05 11:37:34,2ad37aea887e6a9ac62bc9f7b42d9492ad78215e,028b464a190f775d953376f7ef1425fbd7a726a7,持卡人消费,九食堂商务网关,-9.0,73.44,3081,正常
2016/03/05 20:36:29,2ad37aea887e6a9ac62bc9f7b42d9492ad78215e,028b464a190f775d953376f7ef1425fbd7a726a7,持卡人消费,学子便利店B07,-5.4,68.04,3082,正常
2016/03/07 08:13:07,2ad37aea887e6a9ac62bc9f7b42d9492ad78215e,028b464a190f775d953376f7ef1425fbd7a726a7,持卡人消费,九食堂商务网关,-3.0,65.04,3083,正常
2016/03/07 11:18:44,2ad37aea887e6a9ac62bc9f7b42d9492ad78215e,028b464a190f775d953376f7ef1425fbd7a726a7,持卡人消费,九食堂商务网关,-10.0,55.04,3084,正常
2016/03/07 17:25:21,2ad37aea887e6a9ac62bc9f7b42d9492ad78215e,028b464a190f775d953376f7ef1425fbd7a726a7,持卡人消费,九食堂商务网关,-9.0,46.04,3085,正常
2016/03/08 08:02:08,2ad37aea887e6a9ac62bc9f7b42d9492ad78215e,028b464a190f775d953376f7ef1425fbd7a726a7,持卡人消费,九食堂商务网关,-2.0,44.04,3086,正常
2016/03/08 08:02:11,2ad37aea887e6a9ac62bc9f7b42d9492ad78215e,028b464a190f775d953376f7ef1425fbd7a726a7,持卡人消费,九食堂商务网关,-0.6,43.44,3087,正常
2016/03/08 11:09:05,2ad37aea887e6a9ac62bc9f7b42d9492ad78215e,028b464a190f775d953376f7ef1425fbd7a726a7,持卡人消费,九食堂商务网关,-11.0,32.44,3088,正常
2016/03/08 11:36:55,2ad37aea887e6a9ac62bc9f7b42d9492ad78215e,028b464a190f775d953376f7ef1425fbd7a726a7,持卡人消费,学子便利店B07,-5.0,27.44,3089,正常
2016/03/08 16:47:51,2ad37aea887e6a9ac62bc9f7b42d9492ad78215e,028b464a190f775d953376f7ef1425fbd7a726a7,持卡人消费,九食堂商务网关,-15.0,12.44,3090,正常
2016/03/08 16:48:26,2ad37aea887e6a9ac62bc9f7b42d9492ad78215e,028b464a190f775d953376f7ef1425fbd7a726a7,持卡人消费,九食堂商务网关,-1.5,10.94,3091,正常
2016/03/08 16:48:25,2ad37aea887e6a9ac62bc9f7b42d9492ad78215e,028b464a190f775d953376f7ef1425fbd7a726a7,持卡人消费,九食堂商务网关,-2.0,8.94,3092,正常
2016/03/08 16:49:17,2ad37aea887e6a9ac62bc9f7b42d9492ad78215e,028b464a190f775d953376f7ef1425fbd7a726a7,持卡人消费,九食堂商务网关,-0.8,8.14,3093,正常
2016/03/09 09:35:19,2ad37aea887e6a9ac62bc9f7b42d9492ad78215e,028b464a190f775d953376f7ef1425fbd7a726a7,持卡人消费,学子便利店B07,-7.6,0.54,3094,正常
2016/03/09 17:20:27,2ad37aea887e6a9ac62bc9f7b42d9492ad78215e,028b464a190f775d953376f7ef1425fbd7a726a7,持卡人消费,学子便利店B07,-0.1,0.44,3095,正常
2016/03/10 07:04:35,2ad37aea887e6a9ac62bc9f7b42d9492ad78215e,028b464a190f775d953376f7ef1425fbd7a726a7,存款,现金充值机,10.0,10.44,3096,正常
2016/03/10 07:30:50,2ad37aea887e6a9ac62bc9f7b42d9492ad78215e,028b464a190f775d953376f7ef1425fbd7a726a7,持卡人消费,九食堂商务网关,-3.0,7.44,3097,正常
2016/03/10 10:38:50,2ad37aea887e6a9ac62bc9f7b42d9492ad78215e,028b464a190f775d953376f7ef1425fbd7a726a7,存款,现金充值机,10.0,17.44,3098,正常
2016/03/10 11:05:49,2ad37aea887e6a9ac62bc9f7b42d9492ad78215e,028b464a190f775d953376f7ef1425fbd7a726a7,持卡人消费,九食堂商务网关,-9.0,8.44,3099,正常
2016/03/10 11:23:29,2ad37aea887e6a9ac62bc9f7b42d9492ad78215e,028b464a190f775d953376f7ef1425fbd7a726a7,持卡人消费,学子便利店B07,-0.3,8.14,3100,正常
2016/03/10 17:53:55,2ad37aea887e6a9ac62bc9f7b42d9492ad78215e,028b464a190f775d953376f7ef1425fbd7a726a7,持卡人消费,九食堂商务网关,-5.0,3.14,3101,正常
2016/03/11 20:21:10,2ad37aea887e6a9ac62bc9f7b42d9492ad78215e,028b464a190f775d953376f7ef1425fbd7a726a7,持卡人消费,学子便利店B07,-0.6,2.54,3102,正常
2016/03/12 19:51:31,2ad37aea887e6a9ac62bc9f7b42d9492ad78215e,028b464a190f775d953376f7ef1425fbd7a726a7,持卡人消费,学子便利店B07,-0.5,2.04,3103,正常
2016/03/14 10:44:22,2ad37aea887e6a9ac62bc9f7b42d9492ad78215e,028b464a190f775d953376f7ef1425fbd7a726a7,持卡人消费,九食堂商务网关,-11.0,161.94,3108,正常
2016/03/14 11:02:07,2ad37aea887e6a9ac62bc9f7b42d9492ad78215e,028b464a190f775d953376f7ef1425fbd7a726a7,持卡人消费,学子便利店B07,-5.6,156.34,3109,正常
2016/03/14 17:28:32,2ad37aea887e6a9ac62bc9f7b42d9492ad78215e,028b464a190f775d953376f7ef1425fbd7a726a7,持卡人消费,九食堂商务网关,-15.0,141.34,3110,正常
2016/03/14 17:29:02,2ad37aea887e6a9ac62bc9f7b42d9492ad78215e,028b464a190f775d953376f7ef1425fbd7a726a7,持卡人消费,九食堂商务网关,-0.8,140.54,3111,正常
2016/03/14 17:29:13,2ad37aea887e6a9ac62bc9f7b42d9492ad78215e,028b464a190f775d953376f7ef1425fbd7a726a7,持卡人消费,九食堂商务网关,-3.5,137.04,3112,正常
2016/03/14 17:34:42,2ad37aea887e6a9ac62bc9f7b42d9492ad78215e,028b464a190f775d953376f7ef1425fbd7a726a7,持卡人消费,九食堂商务网关,-1.5,135.54,3113,正常
2016/03/14 19:21:43,2ad37aea887e6a9ac62bc9f7b42d9492ad78215e,028b464a190f775d953376f7ef1425fbd7a726a7,持卡人消费,学子便利店B07,-4.5,131.04,3114,正常
2016/03/15 11:24:57,2ad37aea887e6a9ac62bc9f7b42d9492ad78215e,028b464a190f775d953376f7ef1425fbd7a726a7,持卡人消费,九食堂商务网关,-8.0,123.04,3115,正常
2016/03/15 11:38:23,2ad37aea887e6a9ac62bc9f7b42d9492ad78215e,028b464a190f775d953376f7ef1425fbd7a726a7,持卡人消费,九食堂商务网关,-9.0,114.04,3116,正常
2016/03/15 04:57:30,2ad37aea887e6a9ac62bc9f7b42d9492ad78215e,028b464a190f775d953376f7ef1425fbd7a726a7,持卡人消费,九食堂商务网关,-14.0,100.04,3117,正常
2016/03/16 11:31:31,2ad37aea887e6a9ac62bc9f7b42d9492ad78215e,028b464a190f775d953376f7ef1425fbd7a726a7,持卡人消费,九食堂商务网关,-9.0,91.04,3118,正常
2016/03/16 11:32:20,2ad37aea887e6a9ac62bc9f7b42d9492ad78215e,028b464a190f775d953376f7ef1425fbd7a726a7,持卡人消费,九食堂商务网关,-8.0,83.04,3119,正常
2016/03/16 11:49:45,2ad37aea887e6a9ac62bc9f7b42d9492ad78215e,028b464a190f775d953376f7ef1425fbd7a726a7,持卡人消费,九食堂商务网关,-9.0,74.04,3120,正常
2016/03/16 14:16:22,2ad37aea887e6a9ac62bc9f7b42d9492ad78215e,028b464a190f775d953376f7ef1425fbd7a726a7,持卡人消费,学子便利店B07,-9.7,64.34,3121,正常
2016/03/16 15:33:51,2ad37aea887e6a9ac62bc9f7b42d9492ad78215e,028b464a190f775d953376f7ef1425fbd7a726a7,持卡人消费,二区水控,-3.0,61.34,3122,正常
2016/03/16 20:51:42,2ad37aea887e6a9ac62bc9f7b42d9492ad78215e,028b464a190f775d953376f7ef1425fbd7a726a7,持卡人消费,学子便利店B07,-8.0,53.34,3123,正常
2016/03/17 11:48:51,2ad37aea887e6a9ac62bc9f7b42d9492ad78215e,028b464a190f775d953376f7ef1425fbd7a726a7,持卡人消费,九食堂商务网关,-15.0,38.34,3124,正常
2016/03/17 11:49:26,2ad37aea887e6a9ac62bc9f7b42d9492ad78215e,028b464a190f775d953376f7ef1425fbd7a726a7,持卡人消费,九食堂商务网关,-2.0,36.34,3125,正常
2016/03/17 11:49:29,2ad37aea887e6a9ac62bc9f7b42d9492ad78215e,028b464a190f775d953376f7ef1425fbd7a726a7,持卡人消费,九食堂商务网关,-1.5,34.84,3126,正常
2016/03/17 11:50:42,2ad37aea887e6a9ac62bc9f7b42d9492ad78215e,028b464a190f775d953376f7ef1425fbd7a726a7,持卡人消费,九食堂商务网关,-0.8,34.04,3127,正常
2016/03/17 17:52:21,2ad37aea887e6a9ac62bc9f7b42d9492ad78215e,028b464a190f775d953376f7ef1425fbd7a726a7,持卡人消费,九食堂商务网关,-9.0,25.04,3128,正常
2016/03/17 18:03:38,2ad37aea887e6a9ac62bc9f7b42d9492ad78215e,028b464a190f775d953376f7ef1425fbd7a726a7,持卡人消费,九食堂商务网关,-9.0,16.04,3129,正常
2016/03/17 19:12:39,2ad37aea887e6a9ac62bc9f7b42d9492ad78215e,028b464a190f775d953376f7ef1425fbd7a726a7,持卡人消费,学子便利店B07,-5.5,10.54,3130,正常
2016/03/18 08:47:54,2ad37aea887e6a9ac62bc9f7b42d9492ad78215e,028b464a190f775d953376f7ef1425fbd7a726a7,持卡人消费,四食堂商务网关,-3.8,6.74,3131,正常
2016/03/18 10:40:39,2ad37aea887e6a9ac62bc9f7b42d9492ad78215e,028b464a190f775d953376f7ef1425fbd7a726a7,存款,现金充值机,100.0,106.74,3132,正常
2016/03/18 10:40:59,2ad37aea887e6a9ac62bc9f7b42d9492ad78215e,028b464a190f775d953376f7ef1425fbd7a726a7,存款,现金充值机,100.0,206.74,3133,正常
2016/03/18 11:07:09,2ad37aea887e6a9ac62bc9f7b42d9492ad78215e,028b464a190f775d953376f7ef1425fbd7a726a7,持卡人消费,九食堂商务网关,-0.8,205.94,3134,正常
2016/03/18 11:07:50,2ad37aea887e6a9ac62bc9f7b42d9492ad78215e,028b464a190f775d953376f7ef1425fbd7a726a7,持卡人消费,九食堂商务网关,-15.0,190.94,3135,正常
2016/03/18 11:08:32,2ad37aea887e6a9ac62bc9f7b42d9492ad78215e,028b464a190f775d953376f7ef1425fbd7a726a7,持卡人消费,九食堂商务网关,-1.5,189.44,3136,正常
2016/03/18 11:09:24,2ad37aea887e6a9ac62bc9f7b42d9492ad78215e,028b464a190f775d953376f7ef1425fbd7a726a7,持卡人消费,九食堂商务网关,-4.0,185.44,3137,正常
2016/03/18 17:57:42,2ad37aea887e6a9ac62bc9f7b42d9492ad78215e,028b464a190f775d953376f7ef1425fbd7a726a7,持卡人消费,九食堂商务网关,-8.0,177.44,3138,正常
2016/03/19 11:49:04,2ad37aea887e6a9ac62bc9f7b42d9492ad78215e,028b464a190f775d953376f7ef1425fbd7a726a7,持卡人消费,九食堂商务网关,-9.0,168.44,3139,正常
2016/03/19 15:49:29,2ad37aea887e6a9ac62bc9f7b42d9492ad78215e,028b464a190f775d953376f7ef1425fbd7a726a7,持卡人消费,学子便利店B07,-4.0,164.44,3140,正常
2016/03/19 18:58:54,2ad37aea887e6a9ac62bc9f7b42d9492ad78215e,028b464a190f775d953376f7ef1425fbd7a726a7,持卡人消费,学子便利店B07,-7.5,156.94,3141,正常
2016/03/20 13:52:32,2ad37aea887e6a9ac62bc9f7b42d9492ad78215e,028b464a190f775d953376f7ef1425fbd7a726a7,持卡人消费,四食堂商务网关,-7.2,149.74,3142,正常
2016/03/20 13:53:21,2ad37aea887e6a9ac62bc9f7b42d9492ad78215e,028b464a190f775d953376f7ef1425fbd7a726a7,持卡人消费,四食堂商务网关,-8.0,141.74,3143,正常
2016/03/20 13:54:58,2ad37aea887e6a9ac62bc9f7b42d9492ad78215e,028b464a190f775d953376f7ef1425fbd7a726a7,持卡人消费,四食堂商务网关,-3.0,138.74,3144,正常
2016/03/20 14:47:39,2ad37aea887e6a9ac62bc9f7b42d9492ad78215e,028b464a190f775d953376f7ef1425fbd7a726a7,持卡人消费,网络中心,-30.0,108.74,3145,正常
2016/03/21 11:53:35,2ad37aea887e6a9ac62bc9f7b42d9492ad78215e,028b464a190f775d953376f7ef1425fbd7a726a7,持卡人消费,九食堂商务网关,-13.0,95.74,3146,正常
2016/03/21 12:15:51,2ad37aea887e6a9ac62bc9f7b42d9492ad78215e,028b464a190f775d953376f7ef1425fbd7a726a7,持卡人消费,学子便利店B07,-3.5,92.24,3147,正常
2016/03/21 16:22:01,2ad37aea887e6a9ac62bc9f7b42d9492ad78215e,028b464a190f775d953376f7ef1425fbd7a726a7,持卡人消费,九食堂商务网关,-10.0,82.24,3148,正常
2016/03/21 16:23:15,2ad37aea887e6a9ac62bc9f7b42d9492ad78215e,028b464a190f775d953376f7ef1425fbd7a726a7,持卡人消费,九食堂商务网关,-8.0,74.24,3149,正常
2016/03/22 18:27:55,2ad37aea887e6a9ac62bc9f7b42d9492ad78215e,028b464a190f775d953376f7ef1425fbd7a726a7,持卡人消费,四食堂商务网关,-7.2,67.04,3150,正常
2016/03/22 18:29:41,2ad37aea887e6a9ac62bc9f7b42d9492ad78215e,028b464a190f775d953376f7ef1425fbd7a726a7,持卡人消费,四食堂商务网关,-8.0,59.04,3151,正常
2016/03/23 11:21:11,2ad37aea887e6a9ac62bc9f7b42d9492ad78215e,028b464a190f775d953376f7ef1425fbd7a726a7,持卡人消费,九食堂商务网关,-10.0,49.04,3152,正常
2016/03/23 16:38:37,2ad37aea887e6a9ac62bc9f7b42d9492ad78215e,028b464a190f775d953376f7ef1425fbd7a726a7,持卡人消费,九食堂商务网关,-15.0,34.04,3153,正常
2016/03/23 16:39:05,2ad37aea887e6a9ac62bc9f7b42d9492ad78215e,028b464a190f775d953376f7ef1425fbd7a726a7,持卡人消费,九食堂商务网关,-0.8,33.24,3154,正常
2016/03/23 16:39:57,2ad37aea887e6a9ac62bc9f7b42d9492ad78215e,028b464a190f775d953376f7ef1425fbd7a726a7,持卡人消费,九食堂商务网关,-1.5,31.74,3155,正常
2016/03/23 21:02:57,2ad37aea887e6a9ac62bc9f7b42d9492ad78215e,028b464a190f775d953376f7ef1425fbd7a726a7,持卡人消费,学子便利店B07,-5.4,26.34,3156,正常
2016/03/24 11:22:47,2ad37aea887e6a9ac62bc9f7b42d9492ad78215e,028b464a190f775d953376f7ef1425fbd7a726a7,持卡人消费,九食堂商务网关,-10.0,16.34,3157,正常
2016/03/24 11:42:18,2ad37aea887e6a9ac62bc9f7b42d9492ad78215e,028b464a190f775d953376f7ef1425fbd7a726a7,持卡人消费,学子便利店B07,-5.5,10.84,3158,正常
2016/03/24 18:37:25,2ad37aea887e6a9ac62bc9f7b42d9492ad78215e,028b464a190f775d953376f7ef1425fbd7a726a7,持卡人消费,学子便利店B07,-6.6,4.24,3159,正常
2016/03/25 18:02:27,2ad37aea887e6a9ac62bc9f7b42d9492ad78215e,028b464a190f775d953376f7ef1425fbd7a726a7,持卡人消费,学子便利店B07,-0.8,3.44,3160,正常
2016/03/26 10:51:33,2ad37aea887e6a9ac62bc9f7b42d9492ad78215e,028b464a190f775d953376f7ef1425fbd7a726a7,存款,现金充值机,200.0,203.44,3161,正常
2016/03/26 11:18:10,2ad37aea887e6a9ac62bc9f7b42d9492ad78215e,028b464a190f775d953376f7ef1425fbd7a726a7,持卡人消费,九食堂商务网关,-0.8,202.64,3162,正常
2016/03/26 11:18:56,2ad37aea887e6a9ac62bc9f7b42d9492ad78215e,028b464a190f775d953376f7ef1425fbd7a726a7,持卡人消费,九食堂商务网关,-15.0,187.64,3163,正常
2016/03/26 11:19:38,2ad37aea887e6a9ac62bc9f7b42d9492ad78215e,028b464a190f775d953376f7ef1425fbd7a726a7,持卡人消费,九食堂商务网关,-2.0,185.64,3164,正常
2016/03/26 11:20:48,2ad37aea887e6a9ac62bc9f7b42d9492ad78215e,028b464a190f775d953376f7ef1425fbd7a726a7,持卡人消费,九食堂商务网关,-1.5,184.14,3165,正常
2016/03/26 17:40:21,2ad37aea887e6a9ac62bc9f7b42d9492ad78215e,028b464a190f775d953376f7ef1425fbd7a726a7,持卡人消费,九食堂商务网关,-10.0,174.14,3166,正常
2016/03/26 17:54:55,2ad37aea887e6a9ac62bc9f7b42d9492ad78215e,028b464a190f775d953376f7ef1425fbd7a726a7,持卡人消费,学子便利店B07,-5.0,169.14,3167,正常
2016/03/27 11:12:21,2ad37aea887e6a9ac62bc9f7b42d9492ad78215e,028b464a190f775d953376f7ef1425fbd7a726a7,持卡人消费,九食堂商务网关,-10.0,159.14,3168,正常
2016/03/27 11:29:44,2ad37aea887e6a9ac62bc9f7b42d9492ad78215e,028b464a190f775d953376f7ef1425fbd7a726a7,持卡人消费,学子便利店B07,-4.5,154.64,3169,正常
2016/03/27 16:49:14,2ad37aea887e6a9ac62bc9f7b42d9492ad78215e,028b464a190f775d953376f7ef1425fbd7a726a7,持卡人消费,九食堂商务网关,-15.0,139.64,3170,正常
2016/03/27 16:49:47,2ad37aea887e6a9ac62bc9f7b42d9492ad78215e,028b464a190f775d953376f7ef1425fbd7a726a7,持卡人消费,九食堂商务网关,-0.8,138.84,3171,正常
2016/03/28 11:16:40,2ad37aea887e6a9ac62bc9f7b42d9492ad78215e,028b464a190f775d953376f7ef1425fbd7a726a7,持卡人消费,九食堂商务网关,-13.0,125.84,3172,正常
2016/03/28 11:37:58,2ad37aea887e6a9ac62bc9f7b42d9492ad78215e,028b464a190f775d953376f7ef1425fbd7a726a7,持卡人消费,学子便利店B07,-5.6,120.24,3173,正常
2016/03/28 20:17:03,2ad37aea887e6a9ac62bc9f7b42d9492ad78215e,028b464a190f775d953376f7ef1425fbd7a726a7,持卡人消费,四食堂商务网关,-7.2,113.04,3174,正常
2016/03/28 20:18:25,2ad37aea887e6a9ac62bc9f7b42d9492ad78215e,028b464a190f775d953376f7ef1425fbd7a726a7,持卡人消费,四食堂商务网关,-3.0,110.04,3175,正常
2016/03/29 11:06:42,2ad37aea887e6a9ac62bc9f7b42d9492ad78215e,028b464a190f775d953376f7ef1425fbd7a726a7,持卡人消费,九食堂商务网关,-15.0,95.04,3176,正常
2016/03/29 11:07:13,2ad37aea887e6a9ac62bc9f7b42d9492ad78215e,028b464a190f775d953376f7ef1425fbd7a726a7,持卡人消费,九食堂商务网关,-0.8,94.24,3177,正常
2016/03/29 11:07:37,2ad37aea887e6a9ac62bc9f7b42d9492ad78215e,028b464a190f775d953376f7ef1425fbd7a726a7,持卡人消费,九食堂商务网关,-2.0,92.24,3178,正常
2016/03/29 11:08:51,2ad37aea887e6a9ac62bc9f7b42d9492ad78215e,028b464a190f775d953376f7ef1425fbd7a726a7,持卡人消费,九食堂商务网关,-6.5,85.74,3179,正常
2016/03/29 17:02:37,2ad37aea887e6a9ac62bc9f7b42d9492ad78215e,028b464a190f775d953376f7ef1425fbd7a726a7,持卡人消费,九食堂商务网关,-9.0,76.74,3180,正常
2016/03/29 17:22:32,2ad37aea887e6a9ac62bc9f7b42d9492ad78215e,028b464a190f775d953376f7ef1425fbd7a726a7,持卡人消费,学子便利店B07,-4.8,71.94,3181,正常
2016/03/30 10:56:27,2ad37aea887e6a9ac62bc9f7b42d9492ad78215e,028b464a190f775d953376f7ef1425fbd7a726a7,持卡人消费,九食堂商务网关,-10.0,61.94,3182,正常
2016/03/30 15:20:15,2ad37aea887e6a9ac62bc9f7b42d9492ad78215e,028b464a190f775d953376f7ef1425fbd7a726a7,持卡人消费,学子便利店B07,-2.6,59.34,3183,正常
2016/03/30 17:14:45,2ad37aea887e6a9ac62bc9f7b42d9492ad78215e,028b464a190f775d953376f7ef1425fbd7a726a7,持卡人消费,九食堂商务网关,-8.0,51.34,3184,正常
2016/03/30 17:30:22,2ad37aea887e6a9ac62bc9f7b42d9492ad78215e,028b464a190f775d953376f7ef1425fbd7a726a7,持卡人消费,学子便利店B07,-8.8,42.54,3185,正常
2016/03/31 11:12:08,2ad37aea887e6a9ac62bc9f7b42d9492ad78215e,028b464a190f775d953376f7ef1425fbd7a726a7,持卡人消费,九食堂商务网关,-15.0,27.54,3186,正常
2016/03/31 11:12:39,2ad37aea887e6a9ac62bc9f7b42d9492ad78215e,028b464a190f775d953376f7ef1425fbd7a726a7,持卡人消费,九食堂商务网关,-0.8,26.74,3187,正常
2016/03/31 11:13:04,2ad37aea887e6a9ac62bc9f7b42d9492ad78215e,028b464a190f775d953376f7ef1425fbd7a726a7,持卡人消费,九食堂商务网关,-1.5,25.24,3188,正常
2016/03/31 11:14:26,2ad37aea887e6a9ac62bc9f7b42d9492ad78215e,028b464a190f775d953376f7ef1425fbd7a726a7,持卡人消费,九食堂商务网关,-7.5,17.74,3189,正常
2016/03/31 11:15:19,2ad37aea887e6a9ac62bc9f7b42d9492ad78215e,028b464a190f775d953376f7ef1425fbd7a726a7,持卡人消费,九食堂商务网关,-2.0,15.74,3190,正常
