交易发生时间,学号,姓名,交易类型,子系统名称,交易额,现有余额,次数,状态
2016/03/01 15:52:21,6752aabba88b400ae1d3c816f782c5ea9d976771,02cd132f5cfecb593d6cc1a767c701d7c3d74c81,持卡人消费,游泳馆,-6.0,195.16,887,正常
2016/03/01 17:32:12,6752aabba88b400ae1d3c816f782c5ea9d976771,02cd132f5cfecb593d6cc1a767c701d7c3d74c81,持卡人消费,学士楼商务网关,-12.5,182.66,888,正常
2016/03/01 17:35:56,6752aabba88b400ae1d3c816f782c5ea9d976771,02cd132f5cfecb593d6cc1a767c701d7c3d74c81,持卡人消费,学士楼商务网关,-1.0,181.66,889,正常
2016/03/08 12:03:23,6752aabba88b400ae1d3c816f782c5ea9d976771,02cd132f5cfecb593d6cc1a767c701d7c3d74c81,持卡人消费,学士楼商务网关,-7.0,174.66,890,正常
2016/03/10 12:55:18,6752aabba88b400ae1d3c816f782c5ea9d976771,02cd132f5cfecb593d6cc1a767c701d7c3d74c81,持卡人消费,游泳馆,-6.0,168.66,891,正常
2016/03/11 17:08:23,6752aabba88b400ae1d3c816f782c5ea9d976771,02cd132f5cfecb593d6cc1a767c701d7c3d74c81,持卡人消费,15公寓浴池,-2.0,166.66,892,正常
2016/03/11 17:09:59,6752aabba88b400ae1d3c816f782c5ea9d976771,02cd132f5cfecb593d6cc1a767c701d7c3d74c81,持卡人消费,15公寓浴池,-0.29,166.37,894,正常
2016/03/14 11:58:04,6752aabba88b400ae1d3c816f782c5ea9d976771,02cd132f5cfecb593d6cc1a767c701d7c3d74c81,持卡人消费,学士楼商务网关,-8.42,157.95,895,正常
2016/03/14 12:02:20,6752aabba88b400ae1d3c816f782c5ea9d976771,02cd132f5cfecb593d6cc1a767c701d7c3d74c81,持卡人消费,学士楼商务网关,-7.15,150.80,896,正常
2016/03/14 17:47:44,6752aabba88b400ae1d3c816f782c5ea9d976771,02cd132f5cfecb593d6cc1a767c701d7c3d74c81,持卡人消费,游泳馆,-6.0,144.80,897,正常
2016/03/17 17:12:55,6752aabba88b400ae1d3c816f782c5ea9d976771,02cd132f5cfecb593d6cc1a767c701d7c3d74c81,持卡人消费,游泳馆,-6.0,138.80,898,正常
2016/03/21 11:54:40,6752aabba88b400ae1d3c816f782c5ea9d976771,02cd132f5cfecb593d6cc1a767c701d7c3d74c81,持卡人消费,学士楼商务网关,-6.6,132.20,899,正常
2016/03/21 11:54:49,6752aabba88b400ae1d3c816f782c5ea9d976771,02cd132f5cfecb593d6cc1a767c701d7c3d74c81,持卡人消费,学士楼商务网关,-1.47,130.73,900,正常
2016/03/21 11:58:09,6752aabba88b400ae1d3c816f782c5ea9d976771,02cd132f5cfecb593d6cc1a767c701d7c3d74c81,持卡人消费,学士楼商务网关,-8.2,122.53,901,正常
2016/03/22 17:38:26,6752aabba88b400ae1d3c816f782c5ea9d976771,02cd132f5cfecb593d6cc1a767c701d7c3d74c81,持卡人消费,游泳馆,-6.0,116.53,902,正常
2016/03/24 18:11:15,6752aabba88b400ae1d3c816f782c5ea9d976771,02cd132f5cfecb593d6cc1a767c701d7c3d74c81,持卡人消费,游泳馆,-6.0,110.53,903,正常
2016/03/24 19:36:21,6752aabba88b400ae1d3c816f782c5ea9d976771,02cd132f5cfecb593d6cc1a767c701d7c3d74c81,持卡人消费,学士楼商务网关,-0.5,110.03,904,正常
2016/03/24 19:36:48,6752aabba88b400ae1d3c816f782c5ea9d976771,02cd132f5cfecb593d6cc1a767c701d7c3d74c81,持卡人消费,学士楼商务网关,-0.5,109.53,905,正常
2016/03/24 19:37:57,6752aabba88b400ae1d3c816f782c5ea9d976771,02cd132f5cfecb593d6cc1a767c701d7c3d74c81,持卡人消费,学士楼商务网关,-3.84,105.69,906,正常
2016/03/24 19:39:32,6752aabba88b400ae1d3c816f782c5ea9d976771,02cd132f5cfecb593d6cc1a767c701d7c3d74c81,持卡人消费,学士楼商务网关,-7.2,98.49,907,正常
2016/03/24 19:42:33,6752aabba88b400ae1d3c816f782c5ea9d976771,02cd132f5cfecb593d6cc1a767c701d7c3d74c81,持卡人消费,学士楼商务网关,-1.0,97.49,908,正常
2016/03/24 19:49:54,6752aabba88b400ae1d3c816f782c5ea9d976771,02cd132f5cfecb593d6cc1a767c701d7c3d74c81,持卡人消费,学士楼商务网关,-0.2,97.29,909,正常
2016/03/24 20:00:24,6752aabba88b400ae1d3c816f782c5ea9d976771,02cd132f5cfecb593d6cc1a767c701d7c3d74c81,持卡人消费,学士楼商务网关,-1.4,95.89,910,正常
2016/03/24 20:00:58,6752aabba88b400ae1d3c816f782c5ea9d976771,02cd132f5cfecb593d6cc1a767c701d7c3d74c81,持卡人消费,学士楼商务网关,-2.6,93.29,911,正常
