交易发生时间,学号,姓名,交易类型,子系统名称,交易额,现有余额,次数,状态
2016/03/01 10:52:58,023cc97ff12dff559afeb7d65ce131e9caf10438,02f8aad62a03abdceba90cdf7850dab16f1acaaa,持卡人消费,九食堂商务网关,-8.0,61.43,1762,正常
2016/03/01 10:53:44,023cc97ff12dff559afeb7d65ce131e9caf10438,02f8aad62a03abdceba90cdf7850dab16f1acaaa,持卡人消费,九食堂商务网关,-9.0,52.43,1763,正常
2016/03/01 17:12:23,023cc97ff12dff559afeb7d65ce131e9caf10438,02f8aad62a03abdceba90cdf7850dab16f1acaaa,持卡人消费,九食堂商务网关,-5.1,47.33,1764,正常
2016/03/01 20:17:31,023cc97ff12dff559afeb7d65ce131e9caf10438,02f8aad62a03abdceba90cdf7850dab16f1acaaa,持卡人消费,二区水控,-1.54,45.79,1766,正常
2016/03/01 20:29:18,023cc97ff12dff559afeb7d65ce131e9caf10438,02f8aad62a03abdceba90cdf7850dab16f1acaaa,持卡人消费,二区水控,-1.87,43.92,1768,正常
2016/03/02 07:21:09,023cc97ff12dff559afeb7d65ce131e9caf10438,02f8aad62a03abdceba90cdf7850dab16f1acaaa,持卡人消费,九食堂商务网关,-2.0,41.92,1769,正常
2016/03/02 07:22:56,023cc97ff12dff559afeb7d65ce131e9caf10438,02f8aad62a03abdceba90cdf7850dab16f1acaaa,持卡人消费,九食堂商务网关,-0.5,41.42,1770,正常
2016/03/03 07:47:52,023cc97ff12dff559afeb7d65ce131e9caf10438,02f8aad62a03abdceba90cdf7850dab16f1acaaa,持卡人消费,九食堂商务网关,-2.0,39.42,1771,正常
2016/03/03 11:16:50,023cc97ff12dff559afeb7d65ce131e9caf10438,02f8aad62a03abdceba90cdf7850dab16f1acaaa,持卡人消费,九食堂商务网关,-10.0,29.42,1772,正常
2016/03/03 11:21:37,023cc97ff12dff559afeb7d65ce131e9caf10438,02f8aad62a03abdceba90cdf7850dab16f1acaaa,持卡人消费,九食堂商务网关,-9.0,20.42,1773,正常
2016/03/04 12:36:33,023cc97ff12dff559afeb7d65ce131e9caf10438,02f8aad62a03abdceba90cdf7850dab16f1acaaa,持卡人消费,四食堂商务网关,-8.0,12.42,1774,正常
2016/03/04 12:37:29,023cc97ff12dff559afeb7d65ce131e9caf10438,02f8aad62a03abdceba90cdf7850dab16f1acaaa,持卡人消费,四食堂商务网关,-5.4,7.02,1775,正常
2016/03/04 20:42:26,023cc97ff12dff559afeb7d65ce131e9caf10438,02f8aad62a03abdceba90cdf7850dab16f1acaaa,持卡人消费,学子便利店B07,-7.0,0.02,1776,正常
