交易发生时间,学号,姓名,交易类型,子系统名称,交易额,现有余额,次数,状态
2016/03/01 07:58:58,0198bdf5f70bcaf142269157cebc2e9390fb1a9a,03233b32adcbfe82f973bb4ee967ad7b05817f64,持卡人消费,学士楼商务网关,-2.4,14.32,3999,正常
2016/03/01 10:54:46,0198bdf5f70bcaf142269157cebc2e9390fb1a9a,03233b32adcbfe82f973bb4ee967ad7b05817f64,存款,现金充值机,200.0,214.32,4000,正常
2016/03/01 11:13:23,0198bdf5f70bcaf142269157cebc2e9390fb1a9a,03233b32adcbfe82f973bb4ee967ad7b05817f64,持卡人消费,南苑网关,-12.0,202.32,4001,正常
2016/03/01 11:14:01,0198bdf5f70bcaf142269157cebc2e9390fb1a9a,03233b32adcbfe82f973bb4ee967ad7b05817f64,持卡人消费,南苑网关,-3.0,199.32,4002,正常
2016/03/01 17:38:35,0198bdf5f70bcaf142269157cebc2e9390fb1a9a,03233b32adcbfe82f973bb4ee967ad7b05817f64,持卡人消费,学苑楼商务网关,-8.0,191.32,4003,正常
2016/03/02 08:01:08,0198bdf5f70bcaf142269157cebc2e9390fb1a9a,03233b32adcbfe82f973bb4ee967ad7b05817f64,持卡人消费,学士楼商务网关,-2.5,188.82,4004,正常
2016/03/02 11:19:33,0198bdf5f70bcaf142269157cebc2e9390fb1a9a,03233b32adcbfe82f973bb4ee967ad7b05817f64,持卡人消费,学苑楼商务网关,-8.0,180.82,4005,正常
2016/03/02 18:11:40,0198bdf5f70bcaf142269157cebc2e9390fb1a9a,03233b32adcbfe82f973bb4ee967ad7b05817f64,持卡人消费,学子楼商务网关,-7.2,173.62,4006,正常
2016/03/03 08:06:00,0198bdf5f70bcaf142269157cebc2e9390fb1a9a,03233b32adcbfe82f973bb4ee967ad7b05817f64,持卡人消费,学士楼商务网关,-3.0,170.62,4007,正常
2016/03/03 18:10:06,0198bdf5f70bcaf142269157cebc2e9390fb1a9a,03233b32adcbfe82f973bb4ee967ad7b05817f64,持卡人消费,学士楼商务网关,-8.0,162.62,4008,正常
2016/03/03 19:56:23,0198bdf5f70bcaf142269157cebc2e9390fb1a9a,03233b32adcbfe82f973bb4ee967ad7b05817f64,持卡人消费,A18,-3.0,159.62,4009,正常
2016/03/03 20:18:21,0198bdf5f70bcaf142269157cebc2e9390fb1a9a,03233b32adcbfe82f973bb4ee967ad7b05817f64,持卡人消费,一校区水控新,-0.96,158.66,4011,正常
2016/03/03 20:34:22,0198bdf5f70bcaf142269157cebc2e9390fb1a9a,03233b32adcbfe82f973bb4ee967ad7b05817f64,持卡人消费,一校区水控新,-2.0,154.66,4013,正常
2016/03/03 20:25:58,0198bdf5f70bcaf142269157cebc2e9390fb1a9a,03233b32adcbfe82f973bb4ee967ad7b05817f64,持卡人消费,一校区水控新,-0.88,155.78,4014,正常
2016/03/04 08:09:58,0198bdf5f70bcaf142269157cebc2e9390fb1a9a,03233b32adcbfe82f973bb4ee967ad7b05817f64,持卡人消费,学苑楼商务网关,-2.3,153.48,4015,正常
2016/03/04 08:11:20,0198bdf5f70bcaf142269157cebc2e9390fb1a9a,03233b32adcbfe82f973bb4ee967ad7b05817f64,持卡人消费,学苑楼商务网关,-0.6,152.88,4016,正常
2016/03/05 08:30:09,0198bdf5f70bcaf142269157cebc2e9390fb1a9a,03233b32adcbfe82f973bb4ee967ad7b05817f64,持卡人消费,学士楼商务网关,-3.0,149.88,4017,正常
2016/03/05 18:09:36,0198bdf5f70bcaf142269157cebc2e9390fb1a9a,03233b32adcbfe82f973bb4ee967ad7b05817f64,持卡人消费,学士楼商务网关,-5.8,144.08,4018,正常
2016/03/05 18:22:57,0198bdf5f70bcaf142269157cebc2e9390fb1a9a,03233b32adcbfe82f973bb4ee967ad7b05817f64,持卡人消费,硕果园（工大商店）,-3.6,140.48,4019,正常
2016/03/06 08:12:18,0198bdf5f70bcaf142269157cebc2e9390fb1a9a,03233b32adcbfe82f973bb4ee967ad7b05817f64,持卡人消费,学士楼商务网关,-3.5,136.98,4020,正常
2016/03/06 12:10:53,0198bdf5f70bcaf142269157cebc2e9390fb1a9a,03233b32adcbfe82f973bb4ee967ad7b05817f64,持卡人消费,学苑楼商务网关,-9.0,127.98,4021,正常
2016/03/06 17:32:24,0198bdf5f70bcaf142269157cebc2e9390fb1a9a,03233b32adcbfe82f973bb4ee967ad7b05817f64,持卡人消费,学士楼商务网关,-6.3,121.68,4022,正常
2016/03/07 07:40:31,0198bdf5f70bcaf142269157cebc2e9390fb1a9a,03233b32adcbfe82f973bb4ee967ad7b05817f64,持卡人消费,学子超市园丁总店,-4.3,117.38,4023,正常
2016/03/07 11:16:04,0198bdf5f70bcaf142269157cebc2e9390fb1a9a,03233b32adcbfe82f973bb4ee967ad7b05817f64,持卡人消费,南苑网关,-14.64,102.74,4024,正常
2016/03/07 11:16:41,0198bdf5f70bcaf142269157cebc2e9390fb1a9a,03233b32adcbfe82f973bb4ee967ad7b05817f64,持卡人消费,南苑网关,-3.0,99.74,4025,正常
2016/03/07 17:53:13,0198bdf5f70bcaf142269157cebc2e9390fb1a9a,03233b32adcbfe82f973bb4ee967ad7b05817f64,持卡人消费,学苑楼商务网关,-9.0,90.74,4026,正常
2016/03/08 08:16:24,0198bdf5f70bcaf142269157cebc2e9390fb1a9a,03233b32adcbfe82f973bb4ee967ad7b05817f64,持卡人消费,学士楼商务网关,-2.9,87.84,4027,正常
2016/03/08 12:10:57,0198bdf5f70bcaf142269157cebc2e9390fb1a9a,03233b32adcbfe82f973bb4ee967ad7b05817f64,持卡人消费,学子楼商务网关,-8.0,79.84,4028,正常
2016/03/08 18:00:38,0198bdf5f70bcaf142269157cebc2e9390fb1a9a,03233b32adcbfe82f973bb4ee967ad7b05817f64,持卡人消费,硕果园（工大商店）,-5.0,74.84,4029,正常
2016/03/08 20:22:05,0198bdf5f70bcaf142269157cebc2e9390fb1a9a,03233b32adcbfe82f973bb4ee967ad7b05817f64,持卡人消费,超市商务子系统,-14.0,60.84,4030,正常
2016/03/09 07:57:41,0198bdf5f70bcaf142269157cebc2e9390fb1a9a,03233b32adcbfe82f973bb4ee967ad7b05817f64,持卡人消费,学苑楼商务网关,-2.2,58.64,4031,正常
2016/03/09 17:03:21,0198bdf5f70bcaf142269157cebc2e9390fb1a9a,03233b32adcbfe82f973bb4ee967ad7b05817f64,持卡人消费,学士楼商务网关,-5.3,53.34,4032,正常
2016/03/09 17:06:05,0198bdf5f70bcaf142269157cebc2e9390fb1a9a,03233b32adcbfe82f973bb4ee967ad7b05817f64,持卡人消费,学士楼商务网关,-3.8,49.54,4033,正常
2016/03/10 08:17:06,0198bdf5f70bcaf142269157cebc2e9390fb1a9a,03233b32adcbfe82f973bb4ee967ad7b05817f64,持卡人消费,学士楼商务网关,-2.0,47.54,4034,正常
2016/03/10 18:10:14,0198bdf5f70bcaf142269157cebc2e9390fb1a9a,03233b32adcbfe82f973bb4ee967ad7b05817f64,持卡人消费,硕果园（工大商店）,-6.0,41.54,4035,正常
2016/03/10 20:09:20,0198bdf5f70bcaf142269157cebc2e9390fb1a9a,03233b32adcbfe82f973bb4ee967ad7b05817f64,持卡人消费,硕果园（工大商店）,-3.3,38.24,4036,正常
2016/03/11 08:26:31,0198bdf5f70bcaf142269157cebc2e9390fb1a9a,03233b32adcbfe82f973bb4ee967ad7b05817f64,持卡人消费,学士楼商务网关,-2.5,35.74,4037,正常
2016/03/11 11:33:22,0198bdf5f70bcaf142269157cebc2e9390fb1a9a,03233b32adcbfe82f973bb4ee967ad7b05817f64,持卡人消费,南苑网关,-0.2,35.54,4038,正常
2016/03/11 11:33:58,0198bdf5f70bcaf142269157cebc2e9390fb1a9a,03233b32adcbfe82f973bb4ee967ad7b05817f64,持卡人消费,南苑网关,-7.2,28.34,4039,正常
2016/03/11 11:34:36,0198bdf5f70bcaf142269157cebc2e9390fb1a9a,03233b32adcbfe82f973bb4ee967ad7b05817f64,持卡人消费,南苑网关,-1.0,27.34,4040,正常
2016/03/11 17:02:27,0198bdf5f70bcaf142269157cebc2e9390fb1a9a,03233b32adcbfe82f973bb4ee967ad7b05817f64,持卡人消费,南苑网关,-8.8,18.54,4041,正常
2016/03/11 17:02:45,0198bdf5f70bcaf142269157cebc2e9390fb1a9a,03233b32adcbfe82f973bb4ee967ad7b05817f64,持卡人消费,南苑网关,-3.0,15.54,4042,正常
2016/03/12 08:20:20,0198bdf5f70bcaf142269157cebc2e9390fb1a9a,03233b32adcbfe82f973bb4ee967ad7b05817f64,持卡人消费,学士楼商务网关,-3.5,12.04,4043,正常
2016/03/12 18:05:33,0198bdf5f70bcaf142269157cebc2e9390fb1a9a,03233b32adcbfe82f973bb4ee967ad7b05817f64,持卡人消费,学士楼商务网关,-6.8,5.24,4044,正常
2016/03/12 20:00:31,0198bdf5f70bcaf142269157cebc2e9390fb1a9a,03233b32adcbfe82f973bb4ee967ad7b05817f64,持卡人消费,一校区水控新,-0.83,4.41,4046,正常
2016/03/12 20:04:30,0198bdf5f70bcaf142269157cebc2e9390fb1a9a,03233b32adcbfe82f973bb4ee967ad7b05817f64,持卡人消费,一校区水控新,-0.43,3.98,4048,正常
2016/03/15 08:15:17,0198bdf5f70bcaf142269157cebc2e9390fb1a9a,03233b32adcbfe82f973bb4ee967ad7b05817f64,持卡人消费,学士楼商务网关,-2.5,1.48,4049,正常
2016/03/16 08:31:45,0198bdf5f70bcaf142269157cebc2e9390fb1a9a,03233b32adcbfe82f973bb4ee967ad7b05817f64,存款,学苑楼综合业务2,100.0,101.48,4050,正常
2016/03/16 08:33:06,0198bdf5f70bcaf142269157cebc2e9390fb1a9a,03233b32adcbfe82f973bb4ee967ad7b05817f64,持卡人消费,学苑楼商务网关,-2.0,99.48,4051,正常
2016/03/16 08:43:17,0198bdf5f70bcaf142269157cebc2e9390fb1a9a,03233b32adcbfe82f973bb4ee967ad7b05817f64,持卡人消费,一区图书馆APOS,-0.2,99.28,4052,正常
2016/03/16 11:49:56,0198bdf5f70bcaf142269157cebc2e9390fb1a9a,03233b32adcbfe82f973bb4ee967ad7b05817f64,持卡人消费,南苑网关,-0.2,99.08,4053,正常
2016/03/16 11:50:21,0198bdf5f70bcaf142269157cebc2e9390fb1a9a,03233b32adcbfe82f973bb4ee967ad7b05817f64,持卡人消费,南苑网关,-8.4,90.68,4054,正常
2016/03/16 18:07:57,0198bdf5f70bcaf142269157cebc2e9390fb1a9a,03233b32adcbfe82f973bb4ee967ad7b05817f64,持卡人消费,学苑楼商务网关,-8.0,82.68,4055,正常
2016/03/17 08:26:31,0198bdf5f70bcaf142269157cebc2e9390fb1a9a,03233b32adcbfe82f973bb4ee967ad7b05817f64,持卡人消费,学士楼商务网关,-3.1,79.58,4056,正常
2016/03/17 11:41:35,0198bdf5f70bcaf142269157cebc2e9390fb1a9a,03233b32adcbfe82f973bb4ee967ad7b05817f64,持卡人消费,南苑网关,-0.2,79.38,4057,正常
2016/03/17 11:41:50,0198bdf5f70bcaf142269157cebc2e9390fb1a9a,03233b32adcbfe82f973bb4ee967ad7b05817f64,持卡人消费,南苑网关,-7.92,71.46,4058,正常
2016/03/17 18:07:37,0198bdf5f70bcaf142269157cebc2e9390fb1a9a,03233b32adcbfe82f973bb4ee967ad7b05817f64,持卡人消费,学士楼商务网关,-5.8,65.66,4059,正常
2016/03/18 08:19:58,0198bdf5f70bcaf142269157cebc2e9390fb1a9a,03233b32adcbfe82f973bb4ee967ad7b05817f64,持卡人消费,学士楼商务网关,-3.2,62.46,4060,正常
2016/03/18 11:53:28,0198bdf5f70bcaf142269157cebc2e9390fb1a9a,03233b32adcbfe82f973bb4ee967ad7b05817f64,持卡人消费,南苑网关,-0.2,62.26,4061,正常
2016/03/18 11:53:45,0198bdf5f70bcaf142269157cebc2e9390fb1a9a,03233b32adcbfe82f973bb4ee967ad7b05817f64,持卡人消费,南苑网关,-9.6,52.66,4062,正常
2016/03/19 07:58:05,0198bdf5f70bcaf142269157cebc2e9390fb1a9a,03233b32adcbfe82f973bb4ee967ad7b05817f64,持卡人消费,学士楼商务网关,-3.0,49.66,4063,正常
2016/03/19 18:41:31,0198bdf5f70bcaf142269157cebc2e9390fb1a9a,03233b32adcbfe82f973bb4ee967ad7b05817f64,持卡人消费,硕果园（工大商店）,-13.0,36.66,4064,正常
2016/03/20 07:40:14,0198bdf5f70bcaf142269157cebc2e9390fb1a9a,03233b32adcbfe82f973bb4ee967ad7b05817f64,持卡人消费,学士楼商务网关,-3.0,33.66,4065,正常
2016/03/20 11:44:56,0198bdf5f70bcaf142269157cebc2e9390fb1a9a,03233b32adcbfe82f973bb4ee967ad7b05817f64,持卡人消费,学士楼商务网关,-1.4,32.26,4066,正常
2016/03/20 11:45:23,0198bdf5f70bcaf142269157cebc2e9390fb1a9a,03233b32adcbfe82f973bb4ee967ad7b05817f64,持卡人消费,学士楼商务网关,-5.4,26.86,4067,正常
2016/03/20 17:29:05,0198bdf5f70bcaf142269157cebc2e9390fb1a9a,03233b32adcbfe82f973bb4ee967ad7b05817f64,持卡人消费,学苑楼商务网关,-8.0,18.86,4068,正常
2016/03/20 20:18:51,0198bdf5f70bcaf142269157cebc2e9390fb1a9a,03233b32adcbfe82f973bb4ee967ad7b05817f64,持卡人消费,一校区水控新,-0.78,18.08,4069,正常
2016/03/20 20:23:23,0198bdf5f70bcaf142269157cebc2e9390fb1a9a,03233b32adcbfe82f973bb4ee967ad7b05817f64,持卡人消费,一校区水控新,-0.41,17.67,4070,正常
2016/03/20 20:35:35,0198bdf5f70bcaf142269157cebc2e9390fb1a9a,03233b32adcbfe82f973bb4ee967ad7b05817f64,持卡人消费,A18,-3.0,14.67,4071,正常
2016/03/21 08:02:21,0198bdf5f70bcaf142269157cebc2e9390fb1a9a,03233b32adcbfe82f973bb4ee967ad7b05817f64,持卡人消费,学士楼商务网关,-2.6,12.07,4072,正常
2016/03/21 11:31:26,0198bdf5f70bcaf142269157cebc2e9390fb1a9a,03233b32adcbfe82f973bb4ee967ad7b05817f64,持卡人消费,南苑网关,-0.2,11.87,4073,正常
2016/03/21 11:31:44,0198bdf5f70bcaf142269157cebc2e9390fb1a9a,03233b32adcbfe82f973bb4ee967ad7b05817f64,持卡人消费,南苑网关,-8.4,3.47,4074,正常
2016/03/21 17:43:40,0198bdf5f70bcaf142269157cebc2e9390fb1a9a,03233b32adcbfe82f973bb4ee967ad7b05817f64,存款,现金充值机,100.0,103.47,4075,正常
2016/03/21 18:00:52,0198bdf5f70bcaf142269157cebc2e9390fb1a9a,03233b32adcbfe82f973bb4ee967ad7b05817f64,持卡人消费,学苑楼商务网关,-8.0,95.47,4076,正常
2016/03/22 08:22:07,0198bdf5f70bcaf142269157cebc2e9390fb1a9a,03233b32adcbfe82f973bb4ee967ad7b05817f64,持卡人消费,学士楼商务网关,-3.0,92.47,4077,正常
2016/03/22 11:41:09,0198bdf5f70bcaf142269157cebc2e9390fb1a9a,03233b32adcbfe82f973bb4ee967ad7b05817f64,持卡人消费,南苑网关,-0.2,92.27,4078,正常
2016/03/22 11:41:27,0198bdf5f70bcaf142269157cebc2e9390fb1a9a,03233b32adcbfe82f973bb4ee967ad7b05817f64,持卡人消费,南苑网关,-10.08,82.19,4079,正常
2016/03/23 08:11:14,0198bdf5f70bcaf142269157cebc2e9390fb1a9a,03233b32adcbfe82f973bb4ee967ad7b05817f64,持卡人消费,学士楼商务网关,-4.0,78.19,4080,正常
2016/03/23 11:47:57,0198bdf5f70bcaf142269157cebc2e9390fb1a9a,03233b32adcbfe82f973bb4ee967ad7b05817f64,持卡人消费,南苑网关,-0.2,77.99,4081,正常
2016/03/23 11:48:18,0198bdf5f70bcaf142269157cebc2e9390fb1a9a,03233b32adcbfe82f973bb4ee967ad7b05817f64,持卡人消费,南苑网关,-10.32,67.67,4082,正常
2016/03/23 11:52:06,0198bdf5f70bcaf142269157cebc2e9390fb1a9a,03233b32adcbfe82f973bb4ee967ad7b05817f64,存款,现金充值机,100.0,167.67,4083,正常
2016/03/23 19:03:56,0198bdf5f70bcaf142269157cebc2e9390fb1a9a,03233b32adcbfe82f973bb4ee967ad7b05817f64,持卡人消费,超市商务子系统,-5.5,162.17,4084,正常
2016/03/24 08:07:12,0198bdf5f70bcaf142269157cebc2e9390fb1a9a,03233b32adcbfe82f973bb4ee967ad7b05817f64,持卡人消费,学士楼商务网关,-3.0,159.17,4085,正常
2016/03/24 11:39:26,0198bdf5f70bcaf142269157cebc2e9390fb1a9a,03233b32adcbfe82f973bb4ee967ad7b05817f64,持卡人消费,南苑网关,-0.2,158.97,4086,正常
2016/03/24 11:39:38,0198bdf5f70bcaf142269157cebc2e9390fb1a9a,03233b32adcbfe82f973bb4ee967ad7b05817f64,持卡人消费,南苑网关,-7.6,151.37,4087,正常
2016/03/24 17:49:14,0198bdf5f70bcaf142269157cebc2e9390fb1a9a,03233b32adcbfe82f973bb4ee967ad7b05817f64,持卡人消费,学苑楼商务网关,-8.0,143.37,4088,正常
2016/03/25 08:00:34,0198bdf5f70bcaf142269157cebc2e9390fb1a9a,03233b32adcbfe82f973bb4ee967ad7b05817f64,持卡人消费,学士楼商务网关,-3.0,140.37,4089,正常
2016/03/25 11:36:45,0198bdf5f70bcaf142269157cebc2e9390fb1a9a,03233b32adcbfe82f973bb4ee967ad7b05817f64,持卡人消费,南苑网关,-0.2,140.17,4090,正常
2016/03/25 11:37:05,0198bdf5f70bcaf142269157cebc2e9390fb1a9a,03233b32adcbfe82f973bb4ee967ad7b05817f64,持卡人消费,南苑网关,-8.64,131.53,4091,正常
2016/03/25 17:58:45,0198bdf5f70bcaf142269157cebc2e9390fb1a9a,03233b32adcbfe82f973bb4ee967ad7b05817f64,持卡人消费,学苑楼商务网关,-9.0,122.53,4092,正常
2016/03/26 07:58:22,0198bdf5f70bcaf142269157cebc2e9390fb1a9a,03233b32adcbfe82f973bb4ee967ad7b05817f64,持卡人消费,学士楼商务网关,-3.0,119.53,4093,正常
2016/03/26 17:59:16,0198bdf5f70bcaf142269157cebc2e9390fb1a9a,03233b32adcbfe82f973bb4ee967ad7b05817f64,持卡人消费,学苑楼商务网关,-7.0,112.53,4094,正常
2016/03/27 06:33:24,0198bdf5f70bcaf142269157cebc2e9390fb1a9a,03233b32adcbfe82f973bb4ee967ad7b05817f64,持卡人消费,学士楼商务网关,-2.5,110.03,4095,正常
2016/03/27 11:11:50,0198bdf5f70bcaf142269157cebc2e9390fb1a9a,03233b32adcbfe82f973bb4ee967ad7b05817f64,持卡人消费,学士楼商务网关,-9.6,100.43,4096,正常
2016/03/27 17:33:54,0198bdf5f70bcaf142269157cebc2e9390fb1a9a,03233b32adcbfe82f973bb4ee967ad7b05817f64,持卡人消费,学苑楼商务网关,-8.0,92.43,4097,正常
2016/03/27 20:27:42,0198bdf5f70bcaf142269157cebc2e9390fb1a9a,03233b32adcbfe82f973bb4ee967ad7b05817f64,持卡人消费,超市商务子系统,-1.8,90.63,4098,正常
2016/03/28 07:30:31,0198bdf5f70bcaf142269157cebc2e9390fb1a9a,03233b32adcbfe82f973bb4ee967ad7b05817f64,持卡人消费,学士楼商务网关,-2.5,88.13,4099,正常
2016/03/28 11:42:00,0198bdf5f70bcaf142269157cebc2e9390fb1a9a,03233b32adcbfe82f973bb4ee967ad7b05817f64,持卡人消费,南苑网关,-0.2,87.93,4100,正常
2016/03/28 11:42:46,0198bdf5f70bcaf142269157cebc2e9390fb1a9a,03233b32adcbfe82f973bb4ee967ad7b05817f64,持卡人消费,南苑网关,-9.84,78.09,4101,正常
2016/03/28 11:44:01,0198bdf5f70bcaf142269157cebc2e9390fb1a9a,03233b32adcbfe82f973bb4ee967ad7b05817f64,持卡人消费,南苑网关,-17.72,60.37,4102,正常
2016/03/29 08:02:43,0198bdf5f70bcaf142269157cebc2e9390fb1a9a,03233b32adcbfe82f973bb4ee967ad7b05817f64,持卡人消费,学士楼商务网关,-3.6,56.77,4103,正常
2016/03/29 11:26:46,0198bdf5f70bcaf142269157cebc2e9390fb1a9a,03233b32adcbfe82f973bb4ee967ad7b05817f64,持卡人消费,南苑网关,-0.2,56.57,4104,正常
2016/03/29 11:27:08,0198bdf5f70bcaf142269157cebc2e9390fb1a9a,03233b32adcbfe82f973bb4ee967ad7b05817f64,持卡人消费,南苑网关,-8.64,47.93,4105,正常
2016/03/29 17:59:12,0198bdf5f70bcaf142269157cebc2e9390fb1a9a,03233b32adcbfe82f973bb4ee967ad7b05817f64,持卡人消费,学子楼商务网关,-7.2,40.73,4106,正常
2016/03/30 07:39:42,0198bdf5f70bcaf142269157cebc2e9390fb1a9a,03233b32adcbfe82f973bb4ee967ad7b05817f64,持卡人消费,学士楼商务网关,-3.4,37.33,4107,正常
2016/03/30 11:13:59,0198bdf5f70bcaf142269157cebc2e9390fb1a9a,03233b32adcbfe82f973bb4ee967ad7b05817f64,存款,现金充值机,100.0,137.33,4108,正常
2016/03/30 11:31:17,0198bdf5f70bcaf142269157cebc2e9390fb1a9a,03233b32adcbfe82f973bb4ee967ad7b05817f64,持卡人消费,南苑网关,-16.56,120.77,4109,正常
2016/03/30 11:31:51,0198bdf5f70bcaf142269157cebc2e9390fb1a9a,03233b32adcbfe82f973bb4ee967ad7b05817f64,持卡人消费,南苑网关,-0.2,120.57,4110,正常
2016/03/30 11:32:19,0198bdf5f70bcaf142269157cebc2e9390fb1a9a,03233b32adcbfe82f973bb4ee967ad7b05817f64,持卡人消费,南苑网关,-9.84,110.73,4111,正常
2016/03/30 20:15:20,0198bdf5f70bcaf142269157cebc2e9390fb1a9a,03233b32adcbfe82f973bb4ee967ad7b05817f64,持卡人消费,一校区水控新,-0.66,110.07,4113,正常
2016/03/30 20:20:49,0198bdf5f70bcaf142269157cebc2e9390fb1a9a,03233b32adcbfe82f973bb4ee967ad7b05817f64,持卡人消费,一校区水控新,-0.58,109.49,4115,正常
2016/03/31 07:46:09,0198bdf5f70bcaf142269157cebc2e9390fb1a9a,03233b32adcbfe82f973bb4ee967ad7b05817f64,持卡人消费,学士楼商务网关,-3.0,106.49,4116,正常
2016/03/31 11:36:37,0198bdf5f70bcaf142269157cebc2e9390fb1a9a,03233b32adcbfe82f973bb4ee967ad7b05817f64,持卡人消费,南苑网关,-0.2,106.29,4117,正常
2016/03/31 11:36:47,0198bdf5f70bcaf142269157cebc2e9390fb1a9a,03233b32adcbfe82f973bb4ee967ad7b05817f64,持卡人消费,南苑网关,-8.16,98.13,4118,正常
2016/03/31 17:49:19,0198bdf5f70bcaf142269157cebc2e9390fb1a9a,03233b32adcbfe82f973bb4ee967ad7b05817f64,持卡人消费,学苑楼商务网关,-7.0,91.13,4119,正常
