交易发生时间,学号,姓名,交易类型,子系统名称,交易额,现有余额,次数,状态
2016/03/02 16:54:13,64c9137e28da3b1204b445a6b598a0e1b77e58e9,03694b45ffd74777720cb4e7cfdbfdd7cd28de5b,持卡人消费,学苑楼商务网关,-6.6,81.85,1866,正常
2016/03/02 16:54:59,64c9137e28da3b1204b445a6b598a0e1b77e58e9,03694b45ffd74777720cb4e7cfdbfdd7cd28de5b,持卡人消费,学苑楼商务网关,-8.0,73.85,1867,正常
2016/03/03 16:15:38,64c9137e28da3b1204b445a6b598a0e1b77e58e9,03694b45ffd74777720cb4e7cfdbfdd7cd28de5b,持卡人消费,一校区水控新,-0.1,73.75,1869,正常
2016/03/03 16:16:00,64c9137e28da3b1204b445a6b598a0e1b77e58e9,03694b45ffd74777720cb4e7cfdbfdd7cd28de5b,持卡人消费,一校区水控新,-0.05,73.70,1871,正常
2016/03/03 16:16:14,64c9137e28da3b1204b445a6b598a0e1b77e58e9,03694b45ffd74777720cb4e7cfdbfdd7cd28de5b,持卡人消费,一校区水控新,-0.03,73.67,1873,正常
2016/03/03 16:16:30,64c9137e28da3b1204b445a6b598a0e1b77e58e9,03694b45ffd74777720cb4e7cfdbfdd7cd28de5b,持卡人消费,一校区水控新,-0.03,73.64,1875,正常
2016/03/03 16:27:00,64c9137e28da3b1204b445a6b598a0e1b77e58e9,03694b45ffd74777720cb4e7cfdbfdd7cd28de5b,持卡人消费,一校区水控新,-2.0,71.64,1876,正常
2016/03/03 16:31:06,64c9137e28da3b1204b445a6b598a0e1b77e58e9,03694b45ffd74777720cb4e7cfdbfdd7cd28de5b,持卡人消费,一校区水控新,-0.78,70.86,1878,正常
2016/03/04 17:33:46,64c9137e28da3b1204b445a6b598a0e1b77e58e9,03694b45ffd74777720cb4e7cfdbfdd7cd28de5b,持卡人消费,学士楼商务网关,-9.2,61.66,1879,正常
2016/03/04 17:35:00,64c9137e28da3b1204b445a6b598a0e1b77e58e9,03694b45ffd74777720cb4e7cfdbfdd7cd28de5b,持卡人消费,学士楼商务网关,-0.6,61.06,1880,正常
2016/03/10 11:17:48,64c9137e28da3b1204b445a6b598a0e1b77e58e9,03694b45ffd74777720cb4e7cfdbfdd7cd28de5b,持卡人消费,学苑楼商务网关,-6.0,55.06,1881,正常
2016/03/10 11:20:13,64c9137e28da3b1204b445a6b598a0e1b77e58e9,03694b45ffd74777720cb4e7cfdbfdd7cd28de5b,持卡人消费,学苑楼商务网关,-14.0,41.06,1882,正常
2016/03/11 11:41:17,64c9137e28da3b1204b445a6b598a0e1b77e58e9,03694b45ffd74777720cb4e7cfdbfdd7cd28de5b,持卡人消费,学士楼商务网关,-7.6,33.46,1883,正常
2016/03/11 11:45:00,64c9137e28da3b1204b445a6b598a0e1b77e58e9,03694b45ffd74777720cb4e7cfdbfdd7cd28de5b,持卡人消费,学士楼商务网关,-2.5,30.96,1884,正常
2016/03/11 12:15:00,64c9137e28da3b1204b445a6b598a0e1b77e58e9,03694b45ffd74777720cb4e7cfdbfdd7cd28de5b,持卡人消费,超市商务子系统,-10.7,20.26,1885,正常
2016/03/14 11:28:55,64c9137e28da3b1204b445a6b598a0e1b77e58e9,03694b45ffd74777720cb4e7cfdbfdd7cd28de5b,持卡人消费,学士楼商务网关,-6.0,6.66,1888,正常
2016/03/14 11:30:03,64c9137e28da3b1204b445a6b598a0e1b77e58e9,03694b45ffd74777720cb4e7cfdbfdd7cd28de5b,持卡人消费,学士楼商务网关,-0.6,6.06,1889,正常
2016/03/19 17:46:32,64c9137e28da3b1204b445a6b598a0e1b77e58e9,03694b45ffd74777720cb4e7cfdbfdd7cd28de5b,持卡人消费,学士楼商务网关,-6.0,0.06,1890,正常
