交易发生时间,学号,姓名,交易类型,子系统名称,交易额,现有余额,次数,状态
2016/03/02 17:31:51,6a175cc858d4967aa31ccc3ceadb5e85c0f149bf,03f4f322b12a60a7ed266333af63e703b159d82f,持卡人消费,学苑楼商务网关,-14.0,139.66,1452,正常
2016/03/02 17:33:33,6a175cc858d4967aa31ccc3ceadb5e85c0f149bf,03f4f322b12a60a7ed266333af63e703b159d82f,持卡人消费,学苑楼商务网关,-2.5,137.16,1453,正常
2016/03/02 17:34:16,6a175cc858d4967aa31ccc3ceadb5e85c0f149bf,03f4f322b12a60a7ed266333af63e703b159d82f,持卡人消费,学苑楼商务网关,-2.5,134.66,1454,正常
2016/03/02 17:37:31,6a175cc858d4967aa31ccc3ceadb5e85c0f149bf,03f4f322b12a60a7ed266333af63e703b159d82f,持卡人消费,学苑楼商务网关,-1.5,133.16,1455,正常
2016/03/02 17:39:24,6a175cc858d4967aa31ccc3ceadb5e85c0f149bf,03f4f322b12a60a7ed266333af63e703b159d82f,持卡人消费,学苑楼商务网关,-12.0,121.16,1456,正常
2016/03/02 17:54:34,6a175cc858d4967aa31ccc3ceadb5e85c0f149bf,03f4f322b12a60a7ed266333af63e703b159d82f,持卡人消费,学苑楼商务网关,-6.0,115.16,1457,正常
2016/03/02 18:00:22,6a175cc858d4967aa31ccc3ceadb5e85c0f149bf,03f4f322b12a60a7ed266333af63e703b159d82f,持卡人消费,学苑楼商务网关,-0.3,114.86,1458,正常
2016/03/04 10:57:25,6a175cc858d4967aa31ccc3ceadb5e85c0f149bf,03f4f322b12a60a7ed266333af63e703b159d82f,持卡人消费,学苑楼商务网关,-7.0,107.86,1459,正常
2016/03/04 10:58:34,6a175cc858d4967aa31ccc3ceadb5e85c0f149bf,03f4f322b12a60a7ed266333af63e703b159d82f,持卡人消费,学苑楼商务网关,-5.0,102.86,1460,正常
2016/03/04 11:00:39,6a175cc858d4967aa31ccc3ceadb5e85c0f149bf,03f4f322b12a60a7ed266333af63e703b159d82f,持卡人消费,学苑楼商务网关,-7.0,95.86,1461,正常
2016/03/04 11:07:30,6a175cc858d4967aa31ccc3ceadb5e85c0f149bf,03f4f322b12a60a7ed266333af63e703b159d82f,持卡人消费,学苑楼商务网关,-0.5,95.36,1462,正常
2016/03/04 11:08:04,6a175cc858d4967aa31ccc3ceadb5e85c0f149bf,03f4f322b12a60a7ed266333af63e703b159d82f,持卡人消费,学苑楼商务网关,-1.93,93.43,1463,正常
2016/03/04 11:10:15,6a175cc858d4967aa31ccc3ceadb5e85c0f149bf,03f4f322b12a60a7ed266333af63e703b159d82f,持卡人消费,学苑楼商务网关,-5.9,87.53,1464,正常
2016/03/04 11:10:18,6a175cc858d4967aa31ccc3ceadb5e85c0f149bf,03f4f322b12a60a7ed266333af63e703b159d82f,持卡人消费,学苑楼商务网关,-0.09,87.44,1465,正常
2016/03/07 11:41:27,6a175cc858d4967aa31ccc3ceadb5e85c0f149bf,03f4f322b12a60a7ed266333af63e703b159d82f,持卡人消费,学士楼商务网关,-0.63,86.81,1466,正常
2016/03/07 11:42:25,6a175cc858d4967aa31ccc3ceadb5e85c0f149bf,03f4f322b12a60a7ed266333af63e703b159d82f,持卡人消费,学士楼商务网关,-5.0,81.81,1467,正常
2016/03/09 11:40:29,6a175cc858d4967aa31ccc3ceadb5e85c0f149bf,03f4f322b12a60a7ed266333af63e703b159d82f,持卡人消费,学士楼商务网关,-0.4,81.41,1468,正常
2016/03/09 11:42:02,6a175cc858d4967aa31ccc3ceadb5e85c0f149bf,03f4f322b12a60a7ed266333af63e703b159d82f,持卡人消费,学士楼商务网关,-5.0,76.41,1469,正常
2016/03/10 11:39:32,6a175cc858d4967aa31ccc3ceadb5e85c0f149bf,03f4f322b12a60a7ed266333af63e703b159d82f,持卡人消费,学士楼商务网关,-1.4,75.01,1470,正常
2016/03/10 11:42:30,6a175cc858d4967aa31ccc3ceadb5e85c0f149bf,03f4f322b12a60a7ed266333af63e703b159d82f,持卡人消费,学士楼商务网关,-3.0,72.01,1471,正常
2016/03/15 11:38:33,6a175cc858d4967aa31ccc3ceadb5e85c0f149bf,03f4f322b12a60a7ed266333af63e703b159d82f,持卡人消费,学士楼商务网关,-0.8,71.21,1472,正常
2016/03/15 11:40:25,6a175cc858d4967aa31ccc3ceadb5e85c0f149bf,03f4f322b12a60a7ed266333af63e703b159d82f,持卡人消费,学士楼商务网关,-5.0,66.21,1473,正常
2016/03/15 11:47:36,6a175cc858d4967aa31ccc3ceadb5e85c0f149bf,03f4f322b12a60a7ed266333af63e703b159d82f,持卡人消费,学士楼商务网关,-1.5,64.71,1474,正常
2016/03/15 12:43:21,6a175cc858d4967aa31ccc3ceadb5e85c0f149bf,03f4f322b12a60a7ed266333af63e703b159d82f,持卡人消费,超市商务子系统,-2.1,62.61,1475,正常
2016/03/15 12:43:49,6a175cc858d4967aa31ccc3ceadb5e85c0f149bf,03f4f322b12a60a7ed266333af63e703b159d82f,持卡人消费,超市商务子系统,-3.0,59.61,1476,正常
2016/03/17 11:43:18,6a175cc858d4967aa31ccc3ceadb5e85c0f149bf,03f4f322b12a60a7ed266333af63e703b159d82f,持卡人消费,学士楼商务网关,-1.26,58.35,1477,正常
2016/03/17 11:46:32,6a175cc858d4967aa31ccc3ceadb5e85c0f149bf,03f4f322b12a60a7ed266333af63e703b159d82f,持卡人消费,学士楼商务网关,-1.5,56.85,1478,正常
2016/03/17 11:48:07,6a175cc858d4967aa31ccc3ceadb5e85c0f149bf,03f4f322b12a60a7ed266333af63e703b159d82f,持卡人消费,学士楼商务网关,-2.0,54.85,1479,正常
2016/03/18 11:41:27,6a175cc858d4967aa31ccc3ceadb5e85c0f149bf,03f4f322b12a60a7ed266333af63e703b159d82f,持卡人消费,学士楼商务网关,-0.4,54.45,1480,正常
2016/03/18 11:43:21,6a175cc858d4967aa31ccc3ceadb5e85c0f149bf,03f4f322b12a60a7ed266333af63e703b159d82f,持卡人消费,学士楼商务网关,-3.0,51.45,1481,正常
2016/03/18 11:45:23,6a175cc858d4967aa31ccc3ceadb5e85c0f149bf,03f4f322b12a60a7ed266333af63e703b159d82f,持卡人消费,学士楼商务网关,-2.0,49.45,1482,正常
2016/03/18 12:10:05,6a175cc858d4967aa31ccc3ceadb5e85c0f149bf,03f4f322b12a60a7ed266333af63e703b159d82f,持卡人消费,超市商务子系统,-3.1,46.35,1483,正常
2016/03/18 12:11:14,6a175cc858d4967aa31ccc3ceadb5e85c0f149bf,03f4f322b12a60a7ed266333af63e703b159d82f,持卡人消费,超市商务子系统,-2.0,44.35,1484,正常
2016/03/22 12:37:34,6a175cc858d4967aa31ccc3ceadb5e85c0f149bf,03f4f322b12a60a7ed266333af63e703b159d82f,持卡人消费,学士楼商务网关,-7.0,37.35,1485,正常
2016/03/22 12:38:41,6a175cc858d4967aa31ccc3ceadb5e85c0f149bf,03f4f322b12a60a7ed266333af63e703b159d82f,持卡人消费,学士楼商务网关,-1.0,36.35,1486,正常
2016/03/22 12:47:56,6a175cc858d4967aa31ccc3ceadb5e85c0f149bf,03f4f322b12a60a7ed266333af63e703b159d82f,持卡人消费,学士楼商务网关,-2.0,34.35,1487,正常
2016/03/23 12:09:52,6a175cc858d4967aa31ccc3ceadb5e85c0f149bf,03f4f322b12a60a7ed266333af63e703b159d82f,存款,卡中心综合业务,200.0,234.35,1488,正常
2016/03/23 12:19:00,6a175cc858d4967aa31ccc3ceadb5e85c0f149bf,03f4f322b12a60a7ed266333af63e703b159d82f,持卡人消费,超市商务子系统,-9.6,224.75,1489,正常
2016/03/23 12:20:39,6a175cc858d4967aa31ccc3ceadb5e85c0f149bf,03f4f322b12a60a7ed266333af63e703b159d82f,持卡人消费,超市商务子系统,-4.0,220.75,1490,正常
2016/03/24 11:45:33,6a175cc858d4967aa31ccc3ceadb5e85c0f149bf,03f4f322b12a60a7ed266333af63e703b159d82f,持卡人消费,学士楼商务网关,-2.1,218.65,1491,正常
2016/03/24 11:47:26,6a175cc858d4967aa31ccc3ceadb5e85c0f149bf,03f4f322b12a60a7ed266333af63e703b159d82f,持卡人消费,学士楼商务网关,-2.0,216.65,1492,正常
2016/03/25 17:52:25,6a175cc858d4967aa31ccc3ceadb5e85c0f149bf,03f4f322b12a60a7ed266333af63e703b159d82f,持卡人消费,学苑楼商务网关,-7.0,209.65,1493,正常
2016/03/25 17:53:23,6a175cc858d4967aa31ccc3ceadb5e85c0f149bf,03f4f322b12a60a7ed266333af63e703b159d82f,持卡人消费,学苑楼商务网关,-3.0,206.65,1494,正常
2016/03/25 17:53:58,6a175cc858d4967aa31ccc3ceadb5e85c0f149bf,03f4f322b12a60a7ed266333af63e703b159d82f,持卡人消费,学苑楼商务网关,-3.0,203.65,1495,正常
2016/03/25 17:54:34,6a175cc858d4967aa31ccc3ceadb5e85c0f149bf,03f4f322b12a60a7ed266333af63e703b159d82f,持卡人消费,学苑楼商务网关,-0.5,203.15,1496,正常
2016/03/25 17:55:50,6a175cc858d4967aa31ccc3ceadb5e85c0f149bf,03f4f322b12a60a7ed266333af63e703b159d82f,持卡人消费,学苑楼商务网关,-3.0,200.15,1497,正常
