交易发生时间,学号,姓名,交易类型,子系统名称,交易额,现有余额,次数,状态
2016/03/01 09:28:04,8eb5376ecb2c0a1dfa3be40707ea553a9c41d8e2,03fb3f5393357152ea076c53a3eae1dd2c739d2e,持卡人消费,学士楼商务网关,-3.0,15.72,2714,正常
2016/03/01 14:23:07,8eb5376ecb2c0a1dfa3be40707ea553a9c41d8e2,03fb3f5393357152ea076c53a3eae1dd2c739d2e,持卡人消费,硕果园（工大商店）,-8.0,7.72,2715,正常
2016/03/01 14:29:50,8eb5376ecb2c0a1dfa3be40707ea553a9c41d8e2,03fb3f5393357152ea076c53a3eae1dd2c739d2e,持卡人消费,硕果园（工大商店）,-1.5,6.22,2716,正常
2016/03/01 15:20:23,8eb5376ecb2c0a1dfa3be40707ea553a9c41d8e2,03fb3f5393357152ea076c53a3eae1dd2c739d2e,持卡人消费,15公寓浴池,-0.5,5.72,2718,正常
2016/03/01 15:35:58,8eb5376ecb2c0a1dfa3be40707ea553a9c41d8e2,03fb3f5393357152ea076c53a3eae1dd2c739d2e,持卡人消费,15公寓浴池,-1.79,3.93,2720,正常
2016/03/01 21:09:24,8eb5376ecb2c0a1dfa3be40707ea553a9c41d8e2,03fb3f5393357152ea076c53a3eae1dd2c739d2e,持卡人消费,超市商务子系统,-3.5,0.43,2721,正常
2016/03/08 21:44:55,8eb5376ecb2c0a1dfa3be40707ea553a9c41d8e2,03fb3f5393357152ea076c53a3eae1dd2c739d2e,持卡人消费,超市商务子系统,-0.2,0.23,2722,正常
2016/03/09 11:03:02,8eb5376ecb2c0a1dfa3be40707ea553a9c41d8e2,03fb3f5393357152ea076c53a3eae1dd2c739d2e,存款,现金充值机,100.0,100.23,2723,正常
2016/03/09 11:21:09,8eb5376ecb2c0a1dfa3be40707ea553a9c41d8e2,03fb3f5393357152ea076c53a3eae1dd2c739d2e,持卡人消费,南苑网关,-6.72,93.51,2724,正常
2016/03/09 16:39:48,8eb5376ecb2c0a1dfa3be40707ea553a9c41d8e2,03fb3f5393357152ea076c53a3eae1dd2c739d2e,持卡人消费,学苑楼商务网关,-8.0,85.51,2725,正常
2016/03/09 17:48:26,8eb5376ecb2c0a1dfa3be40707ea553a9c41d8e2,03fb3f5393357152ea076c53a3eae1dd2c739d2e,持卡人消费,15公寓浴池,-0.72,84.79,2727,正常
2016/03/09 18:06:11,8eb5376ecb2c0a1dfa3be40707ea553a9c41d8e2,03fb3f5393357152ea076c53a3eae1dd2c739d2e,持卡人消费,15公寓浴池,-2.0,82.79,2728,正常
2016/03/11 17:30:12,8eb5376ecb2c0a1dfa3be40707ea553a9c41d8e2,03fb3f5393357152ea076c53a3eae1dd2c739d2e,持卡人消费,学苑楼商务网关,-6.0,76.79,2729,正常
2016/03/11 18:00:00,8eb5376ecb2c0a1dfa3be40707ea553a9c41d8e2,03fb3f5393357152ea076c53a3eae1dd2c739d2e,持卡人消费,超市商务子系统,-7.8,68.99,2730,正常
2016/03/14 16:43:19,8eb5376ecb2c0a1dfa3be40707ea553a9c41d8e2,03fb3f5393357152ea076c53a3eae1dd2c739d2e,持卡人消费,学苑楼商务网关,-9.0,45.19,2733,正常
2016/03/14 16:43:53,8eb5376ecb2c0a1dfa3be40707ea553a9c41d8e2,03fb3f5393357152ea076c53a3eae1dd2c739d2e,持卡人消费,学苑楼商务网关,-5.0,40.19,2734,正常
2016/03/15 11:11:22,8eb5376ecb2c0a1dfa3be40707ea553a9c41d8e2,03fb3f5393357152ea076c53a3eae1dd2c739d2e,持卡人消费,学苑楼商务网关,-5.0,35.19,2735,正常
2016/03/15 11:12:01,8eb5376ecb2c0a1dfa3be40707ea553a9c41d8e2,03fb3f5393357152ea076c53a3eae1dd2c739d2e,持卡人消费,学苑楼商务网关,-7.0,28.19,2736,正常
2016/03/15 11:15:54,8eb5376ecb2c0a1dfa3be40707ea553a9c41d8e2,03fb3f5393357152ea076c53a3eae1dd2c739d2e,持卡人消费,学苑楼商务网关,-3.0,25.19,2737,正常
2016/03/16 09:41:08,8eb5376ecb2c0a1dfa3be40707ea553a9c41d8e2,03fb3f5393357152ea076c53a3eae1dd2c739d2e,持卡人消费,硕果园（工大商店）,-5.5,19.69,2738,正常
2016/03/17 11:23:42,8eb5376ecb2c0a1dfa3be40707ea553a9c41d8e2,03fb3f5393357152ea076c53a3eae1dd2c739d2e,持卡人消费,南苑网关,-9.84,9.85,2739,正常
2016/03/17 16:40:00,8eb5376ecb2c0a1dfa3be40707ea553a9c41d8e2,03fb3f5393357152ea076c53a3eae1dd2c739d2e,持卡人消费,学苑楼商务网关,-6.0,3.85,2740,正常
2016/03/17 17:36:04,8eb5376ecb2c0a1dfa3be40707ea553a9c41d8e2,03fb3f5393357152ea076c53a3eae1dd2c739d2e,持卡人消费,15公寓浴池,-0.5,3.35,2742,正常
2016/03/17 17:48:40,8eb5376ecb2c0a1dfa3be40707ea553a9c41d8e2,03fb3f5393357152ea076c53a3eae1dd2c739d2e,持卡人消费,15公寓浴池,-0.96,2.39,2744,正常
2016/03/17 17:52:59,8eb5376ecb2c0a1dfa3be40707ea553a9c41d8e2,03fb3f5393357152ea076c53a3eae1dd2c739d2e,持卡人消费,15公寓浴池,-0.64,1.75,2746,正常
2016/03/18 16:24:41,8eb5376ecb2c0a1dfa3be40707ea553a9c41d8e2,03fb3f5393357152ea076c53a3eae1dd2c739d2e,存款,现金充值机,100.0,101.75,2747,正常
2016/03/18 16:41:25,8eb5376ecb2c0a1dfa3be40707ea553a9c41d8e2,03fb3f5393357152ea076c53a3eae1dd2c739d2e,持卡人消费,学苑楼商务网关,-8.0,93.75,2748,正常
2016/03/18 16:41:56,8eb5376ecb2c0a1dfa3be40707ea553a9c41d8e2,03fb3f5393357152ea076c53a3eae1dd2c739d2e,持卡人消费,学苑楼商务网关,-7.0,86.75,2749,正常
2016/03/18 16:43:14,8eb5376ecb2c0a1dfa3be40707ea553a9c41d8e2,03fb3f5393357152ea076c53a3eae1dd2c739d2e,持卡人消费,学苑楼商务网关,-7.0,79.75,2750,正常
2016/03/21 10:20:45,8eb5376ecb2c0a1dfa3be40707ea553a9c41d8e2,03fb3f5393357152ea076c53a3eae1dd2c739d2e,持卡人消费,学苑楼商务网关,-6.0,73.75,2751,正常
2016/03/21 10:31:01,8eb5376ecb2c0a1dfa3be40707ea553a9c41d8e2,03fb3f5393357152ea076c53a3eae1dd2c739d2e,持卡人消费,学苑楼商务网关,-11.0,62.75,2752,正常
2016/03/21 19:19:16,8eb5376ecb2c0a1dfa3be40707ea553a9c41d8e2,03fb3f5393357152ea076c53a3eae1dd2c739d2e,持卡人消费,超市商务子系统,-3.2,59.55,2753,正常
2016/03/21 19:20:14,8eb5376ecb2c0a1dfa3be40707ea553a9c41d8e2,03fb3f5393357152ea076c53a3eae1dd2c739d2e,持卡人消费,超市商务子系统,-4.8,54.75,2754,正常
2016/03/22 11:12:49,8eb5376ecb2c0a1dfa3be40707ea553a9c41d8e2,03fb3f5393357152ea076c53a3eae1dd2c739d2e,持卡人消费,南苑网关,-8.4,46.35,2755,正常
2016/03/23 11:21:48,8eb5376ecb2c0a1dfa3be40707ea553a9c41d8e2,03fb3f5393357152ea076c53a3eae1dd2c739d2e,持卡人消费,南苑网关,-10.08,36.27,2756,正常
2016/03/23 20:58:22,8eb5376ecb2c0a1dfa3be40707ea553a9c41d8e2,03fb3f5393357152ea076c53a3eae1dd2c739d2e,持卡人消费,超市商务子系统,-11.5,24.77,2757,正常
2016/03/24 18:47:53,8eb5376ecb2c0a1dfa3be40707ea553a9c41d8e2,03fb3f5393357152ea076c53a3eae1dd2c739d2e,持卡人消费,硕果园（工大商店）,-10.0,14.77,2758,正常
2016/03/24 18:50:50,8eb5376ecb2c0a1dfa3be40707ea553a9c41d8e2,03fb3f5393357152ea076c53a3eae1dd2c739d2e,持卡人消费,硕果园（工大商店）,-3.5,11.27,2759,正常
2016/03/27 17:08:22,8eb5376ecb2c0a1dfa3be40707ea553a9c41d8e2,03fb3f5393357152ea076c53a3eae1dd2c739d2e,持卡人消费,学苑楼商务网关,-7.0,4.27,2760,正常
2016/03/27 17:35:03,8eb5376ecb2c0a1dfa3be40707ea553a9c41d8e2,03fb3f5393357152ea076c53a3eae1dd2c739d2e,持卡人消费,超市商务子系统,-3.3,0.97,2761,正常
2016/03/28 10:50:29,8eb5376ecb2c0a1dfa3be40707ea553a9c41d8e2,03fb3f5393357152ea076c53a3eae1dd2c739d2e,存款,现金充值机,100.0,100.97,2762,正常
2016/03/28 11:09:06,8eb5376ecb2c0a1dfa3be40707ea553a9c41d8e2,03fb3f5393357152ea076c53a3eae1dd2c739d2e,持卡人消费,南苑网关,-9.84,91.13,2763,正常
2016/03/28 11:33:48,8eb5376ecb2c0a1dfa3be40707ea553a9c41d8e2,03fb3f5393357152ea076c53a3eae1dd2c739d2e,持卡人消费,南苑网关,-3.0,88.13,2764,正常
2016/03/28 16:40:39,8eb5376ecb2c0a1dfa3be40707ea553a9c41d8e2,03fb3f5393357152ea076c53a3eae1dd2c739d2e,持卡人消费,学子楼商务网关,-3.6,84.53,2765,正常
2016/03/28 16:50:38,8eb5376ecb2c0a1dfa3be40707ea553a9c41d8e2,03fb3f5393357152ea076c53a3eae1dd2c739d2e,持卡人消费,学子楼商务网关,-12.0,72.53,2766,正常
2016/03/28 17:58:45,8eb5376ecb2c0a1dfa3be40707ea553a9c41d8e2,03fb3f5393357152ea076c53a3eae1dd2c739d2e,持卡人消费,15公寓浴池,-0.75,71.78,2768,正常
2016/03/28 18:15:30,8eb5376ecb2c0a1dfa3be40707ea553a9c41d8e2,03fb3f5393357152ea076c53a3eae1dd2c739d2e,持卡人消费,15公寓浴池,-2.0,69.78,2769,正常
2016/03/28 21:09:08,8eb5376ecb2c0a1dfa3be40707ea553a9c41d8e2,03fb3f5393357152ea076c53a3eae1dd2c739d2e,持卡人消费,超市商务子系统,-2.0,67.78,2770,正常
2016/03/29 17:21:02,8eb5376ecb2c0a1dfa3be40707ea553a9c41d8e2,03fb3f5393357152ea076c53a3eae1dd2c739d2e,持卡人消费,南苑网关,-6.0,61.78,2771,正常
2016/03/29 22:15:30,8eb5376ecb2c0a1dfa3be40707ea553a9c41d8e2,03fb3f5393357152ea076c53a3eae1dd2c739d2e,持卡人消费,A18,-3.0,58.78,2772,正常
2016/03/31 11:10:00,8eb5376ecb2c0a1dfa3be40707ea553a9c41d8e2,03fb3f5393357152ea076c53a3eae1dd2c739d2e,持卡人消费,南苑网关,-10.8,47.98,2773,正常
2016/03/31 16:45:02,8eb5376ecb2c0a1dfa3be40707ea553a9c41d8e2,03fb3f5393357152ea076c53a3eae1dd2c739d2e,持卡人消费,学子楼商务网关,-15.2,32.78,2774,正常
2016/03/31 21:32:17,8eb5376ecb2c0a1dfa3be40707ea553a9c41d8e2,03fb3f5393357152ea076c53a3eae1dd2c739d2e,持卡人消费,超市商务子系统,-2.0,30.78,2775,正常
