交易发生时间,学号,姓名,交易类型,子系统名称,交易额,现有余额,次数,状态
2016/03/01 11:29:14,9a4baf1073dbcafc6ac565527d483ae684acaeab,04403492d0107c710a481d8c95de8a2e6bce7761,持卡人消费,学苑楼商务网关,-7.5,147.46,5251,正常
2016/03/01 17:40:57,9a4baf1073dbcafc6ac565527d483ae684acaeab,04403492d0107c710a481d8c95de8a2e6bce7761,持卡人消费,学苑楼商务网关,-7.5,139.96,5252,正常
2016/03/02 07:44:21,9a4baf1073dbcafc6ac565527d483ae684acaeab,04403492d0107c710a481d8c95de8a2e6bce7761,持卡人消费,学士楼商务网关,-2.6,137.36,5253,正常
2016/03/02 07:44:58,9a4baf1073dbcafc6ac565527d483ae684acaeab,04403492d0107c710a481d8c95de8a2e6bce7761,持卡人消费,学士楼商务网关,-0.3,137.06,5254,正常
2016/03/02 11:16:49,9a4baf1073dbcafc6ac565527d483ae684acaeab,04403492d0107c710a481d8c95de8a2e6bce7761,持卡人消费,学苑楼商务网关,-7.5,129.56,5255,正常
2016/03/02 17:43:59,9a4baf1073dbcafc6ac565527d483ae684acaeab,04403492d0107c710a481d8c95de8a2e6bce7761,持卡人消费,学苑楼商务网关,-7.5,122.06,5256,正常
2016/03/02 17:55:57,9a4baf1073dbcafc6ac565527d483ae684acaeab,04403492d0107c710a481d8c95de8a2e6bce7761,持卡人消费,超市商务子系统,-5.6,116.46,5257,正常
2016/03/02 18:00:12,9a4baf1073dbcafc6ac565527d483ae684acaeab,04403492d0107c710a481d8c95de8a2e6bce7761,持卡人消费,硕果园（工大商店）,-6.9,109.56,5258,正常
2016/03/03 10:40:10,9a4baf1073dbcafc6ac565527d483ae684acaeab,04403492d0107c710a481d8c95de8a2e6bce7761,持卡人消费,学士楼商务网关,-6.0,103.56,5259,正常
2016/03/03 10:41:03,9a4baf1073dbcafc6ac565527d483ae684acaeab,04403492d0107c710a481d8c95de8a2e6bce7761,持卡人消费,学士楼商务网关,-1.0,102.56,5260,正常
2016/03/03 10:41:50,9a4baf1073dbcafc6ac565527d483ae684acaeab,04403492d0107c710a481d8c95de8a2e6bce7761,持卡人消费,学士楼商务网关,-2.0,100.56,5261,正常
2016/03/03 16:56:12,9a4baf1073dbcafc6ac565527d483ae684acaeab,04403492d0107c710a481d8c95de8a2e6bce7761,持卡人消费,学苑楼商务网关,-7.5,93.06,5262,正常
2016/03/03 17:38:41,9a4baf1073dbcafc6ac565527d483ae684acaeab,04403492d0107c710a481d8c95de8a2e6bce7761,持卡人消费,一校区水控新,-2.0,91.06,5263,正常
2016/03/03 17:40:55,9a4baf1073dbcafc6ac565527d483ae684acaeab,04403492d0107c710a481d8c95de8a2e6bce7761,持卡人消费,一校区水控新,-0.42,90.64,5265,正常
2016/03/04 11:34:55,9a4baf1073dbcafc6ac565527d483ae684acaeab,04403492d0107c710a481d8c95de8a2e6bce7761,持卡人消费,硕果园（工大商店）,-12.0,78.64,5266,正常
2016/03/04 17:44:27,9a4baf1073dbcafc6ac565527d483ae684acaeab,04403492d0107c710a481d8c95de8a2e6bce7761,持卡人消费,学苑楼商务网关,-7.5,71.14,5267,正常
2016/03/04 17:56:53,9a4baf1073dbcafc6ac565527d483ae684acaeab,04403492d0107c710a481d8c95de8a2e6bce7761,持卡人消费,超市商务子系统,-4.5,66.64,5268,正常
2016/03/04 17:59:19,9a4baf1073dbcafc6ac565527d483ae684acaeab,04403492d0107c710a481d8c95de8a2e6bce7761,持卡人消费,硕果园（工大商店）,-5.0,61.64,5269,正常
2016/03/05 11:38:37,9a4baf1073dbcafc6ac565527d483ae684acaeab,04403492d0107c710a481d8c95de8a2e6bce7761,持卡人消费,学苑楼商务网关,-8.8,52.84,5270,正常
2016/03/05 17:51:28,9a4baf1073dbcafc6ac565527d483ae684acaeab,04403492d0107c710a481d8c95de8a2e6bce7761,持卡人消费,超市商务子系统,-9.8,43.04,5271,正常
2016/03/05 17:55:10,9a4baf1073dbcafc6ac565527d483ae684acaeab,04403492d0107c710a481d8c95de8a2e6bce7761,持卡人消费,硕果园（工大商店）,-4.8,38.24,5272,正常
2016/03/06 11:24:07,9a4baf1073dbcafc6ac565527d483ae684acaeab,04403492d0107c710a481d8c95de8a2e6bce7761,持卡人消费,学苑楼商务网关,-7.5,30.74,5273,正常
2016/03/06 17:36:10,9a4baf1073dbcafc6ac565527d483ae684acaeab,04403492d0107c710a481d8c95de8a2e6bce7761,持卡人消费,学士楼商务网关,-2.4,28.34,5274,正常
2016/03/06 17:38:30,9a4baf1073dbcafc6ac565527d483ae684acaeab,04403492d0107c710a481d8c95de8a2e6bce7761,持卡人消费,学士楼商务网关,-4.6,23.74,5275,正常
2016/03/07 08:45:12,9a4baf1073dbcafc6ac565527d483ae684acaeab,04403492d0107c710a481d8c95de8a2e6bce7761,持卡人消费,学士楼商务网关,-3.0,20.74,5276,正常
2016/03/07 11:33:46,9a4baf1073dbcafc6ac565527d483ae684acaeab,04403492d0107c710a481d8c95de8a2e6bce7761,持卡人消费,学苑楼商务网关,-8.0,12.74,5277,正常
2016/03/07 11:34:34,9a4baf1073dbcafc6ac565527d483ae684acaeab,04403492d0107c710a481d8c95de8a2e6bce7761,持卡人消费,学苑楼商务网关,-3.6,9.14,5278,正常
2016/03/09 08:38:44,9a4baf1073dbcafc6ac565527d483ae684acaeab,04403492d0107c710a481d8c95de8a2e6bce7761,持卡人消费,学士楼商务网关,-0.9,8.24,5279,正常
2016/03/09 08:40:43,9a4baf1073dbcafc6ac565527d483ae684acaeab,04403492d0107c710a481d8c95de8a2e6bce7761,持卡人消费,学士楼商务网关,-1.5,6.74,5280,正常
2016/03/09 08:36:17,9a4baf1073dbcafc6ac565527d483ae684acaeab,04403492d0107c710a481d8c95de8a2e6bce7761,存款,现金充值机,100.0,106.74,5281,正常
2016/03/09 17:44:35,9a4baf1073dbcafc6ac565527d483ae684acaeab,04403492d0107c710a481d8c95de8a2e6bce7761,持卡人消费,学苑楼商务网关,-7.5,99.24,5282,正常
2016/03/09 18:04:12,9a4baf1073dbcafc6ac565527d483ae684acaeab,04403492d0107c710a481d8c95de8a2e6bce7761,持卡人消费,超市商务子系统,-3.8,95.44,5283,正常
2016/03/10 11:26:30,9a4baf1073dbcafc6ac565527d483ae684acaeab,04403492d0107c710a481d8c95de8a2e6bce7761,持卡人消费,学苑楼商务网关,-7.5,87.94,5284,正常
2016/03/10 11:28:19,9a4baf1073dbcafc6ac565527d483ae684acaeab,04403492d0107c710a481d8c95de8a2e6bce7761,持卡人消费,学苑楼商务网关,-1.5,86.44,5285,正常
2016/03/10 17:30:13,9a4baf1073dbcafc6ac565527d483ae684acaeab,04403492d0107c710a481d8c95de8a2e6bce7761,持卡人消费,学士楼商务网关,-6.0,80.44,5286,正常
2016/03/10 17:36:10,9a4baf1073dbcafc6ac565527d483ae684acaeab,04403492d0107c710a481d8c95de8a2e6bce7761,持卡人消费,学士楼商务网关,-4.0,76.44,5287,正常
2016/03/11 09:16:24,9a4baf1073dbcafc6ac565527d483ae684acaeab,04403492d0107c710a481d8c95de8a2e6bce7761,持卡人消费,学士楼商务网关,-1.7,74.74,5288,正常
2016/03/11 09:17:15,9a4baf1073dbcafc6ac565527d483ae684acaeab,04403492d0107c710a481d8c95de8a2e6bce7761,持卡人消费,学士楼商务网关,-0.6,74.14,5289,正常
2016/03/12 09:04:42,9a4baf1073dbcafc6ac565527d483ae684acaeab,04403492d0107c710a481d8c95de8a2e6bce7761,持卡人消费,学士楼商务网关,-1.7,72.44,5290,正常
2016/03/12 09:06:12,9a4baf1073dbcafc6ac565527d483ae684acaeab,04403492d0107c710a481d8c95de8a2e6bce7761,持卡人消费,学士楼商务网关,-0.6,71.84,5291,正常
2016/03/12 11:39:40,9a4baf1073dbcafc6ac565527d483ae684acaeab,04403492d0107c710a481d8c95de8a2e6bce7761,持卡人消费,硕果园（工大商店）,-8.0,63.84,5292,正常
2016/03/12 17:32:36,9a4baf1073dbcafc6ac565527d483ae684acaeab,04403492d0107c710a481d8c95de8a2e6bce7761,持卡人消费,硕果园（工大商店）,-10.0,53.84,5293,正常
2016/03/14 11:32:14,9a4baf1073dbcafc6ac565527d483ae684acaeab,04403492d0107c710a481d8c95de8a2e6bce7761,持卡人消费,硕果园（工大商店）,-10.0,0.84,5298,正常
2016/03/14 18:29:10,9a4baf1073dbcafc6ac565527d483ae684acaeab,04403492d0107c710a481d8c95de8a2e6bce7761,存款,现金充值机,100.0,100.84,5299,正常
2016/03/14 19:25:28,9a4baf1073dbcafc6ac565527d483ae684acaeab,04403492d0107c710a481d8c95de8a2e6bce7761,持卡人消费,一校区水控新,-0.53,100.31,5301,正常
2016/03/14 19:33:00,9a4baf1073dbcafc6ac565527d483ae684acaeab,04403492d0107c710a481d8c95de8a2e6bce7761,持卡人消费,一校区水控新,-1.06,99.25,5303,正常
2016/03/15 08:43:02,9a4baf1073dbcafc6ac565527d483ae684acaeab,04403492d0107c710a481d8c95de8a2e6bce7761,持卡人消费,学士楼商务网关,-4.4,94.85,5304,正常
2016/03/15 11:32:16,9a4baf1073dbcafc6ac565527d483ae684acaeab,04403492d0107c710a481d8c95de8a2e6bce7761,持卡人消费,学苑楼商务网关,-7.5,87.35,5305,正常
2016/03/16 08:58:33,9a4baf1073dbcafc6ac565527d483ae684acaeab,04403492d0107c710a481d8c95de8a2e6bce7761,持卡人消费,学士楼商务网关,-0.9,86.45,5306,正常
2016/03/16 08:59:42,9a4baf1073dbcafc6ac565527d483ae684acaeab,04403492d0107c710a481d8c95de8a2e6bce7761,持卡人消费,学士楼商务网关,-2.0,84.45,5307,正常
2016/03/16 11:52:06,9a4baf1073dbcafc6ac565527d483ae684acaeab,04403492d0107c710a481d8c95de8a2e6bce7761,持卡人消费,学士楼商务网关,-6.0,78.45,5308,正常
2016/03/16 11:54:07,9a4baf1073dbcafc6ac565527d483ae684acaeab,04403492d0107c710a481d8c95de8a2e6bce7761,持卡人消费,学士楼商务网关,-2.0,76.45,5309,正常
2016/03/16 17:38:07,9a4baf1073dbcafc6ac565527d483ae684acaeab,04403492d0107c710a481d8c95de8a2e6bce7761,持卡人消费,学士楼商务网关,-2.69,73.76,5310,正常
2016/03/16 17:42:32,9a4baf1073dbcafc6ac565527d483ae684acaeab,04403492d0107c710a481d8c95de8a2e6bce7761,持卡人消费,学士楼商务网关,-6.1,67.66,5311,正常
2016/03/16 17:59:11,9a4baf1073dbcafc6ac565527d483ae684acaeab,04403492d0107c710a481d8c95de8a2e6bce7761,持卡人消费,超市商务子系统,-8.3,59.36,5312,正常
2016/03/17 11:39:14,9a4baf1073dbcafc6ac565527d483ae684acaeab,04403492d0107c710a481d8c95de8a2e6bce7761,持卡人消费,学苑楼商务网关,-7.5,51.86,5313,正常
2016/03/17 11:54:54,9a4baf1073dbcafc6ac565527d483ae684acaeab,04403492d0107c710a481d8c95de8a2e6bce7761,持卡人消费,超市商务子系统,-21.3,30.56,5314,正常
2016/03/18 08:53:02,9a4baf1073dbcafc6ac565527d483ae684acaeab,04403492d0107c710a481d8c95de8a2e6bce7761,持卡人消费,学士楼商务网关,-0.9,29.66,5315,正常
2016/03/18 08:53:35,9a4baf1073dbcafc6ac565527d483ae684acaeab,04403492d0107c710a481d8c95de8a2e6bce7761,持卡人消费,学士楼商务网关,-2.0,27.66,5316,正常
2016/03/18 17:33:52,9a4baf1073dbcafc6ac565527d483ae684acaeab,04403492d0107c710a481d8c95de8a2e6bce7761,持卡人消费,学子楼商务网关,-10.2,17.46,5317,正常
2016/03/18 17:35:19,9a4baf1073dbcafc6ac565527d483ae684acaeab,04403492d0107c710a481d8c95de8a2e6bce7761,持卡人消费,学子楼商务网关,-3.0,14.46,5318,正常
2016/03/18 17:52:35,9a4baf1073dbcafc6ac565527d483ae684acaeab,04403492d0107c710a481d8c95de8a2e6bce7761,持卡人消费,超市商务子系统,-5.5,8.96,5319,正常
2016/03/19 12:12:55,9a4baf1073dbcafc6ac565527d483ae684acaeab,04403492d0107c710a481d8c95de8a2e6bce7761,持卡人消费,学苑楼商务网关,-8.8,0.16,5320,正常
2016/03/20 17:41:50,9a4baf1073dbcafc6ac565527d483ae684acaeab,04403492d0107c710a481d8c95de8a2e6bce7761,存款,现金充值机,300.0,300.16,5321,正常
2016/03/20 17:58:56,9a4baf1073dbcafc6ac565527d483ae684acaeab,04403492d0107c710a481d8c95de8a2e6bce7761,持卡人消费,学苑楼商务网关,-8.8,291.36,5322,正常
2016/03/20 18:20:33,9a4baf1073dbcafc6ac565527d483ae684acaeab,04403492d0107c710a481d8c95de8a2e6bce7761,持卡人消费,超市商务子系统,-13.3,278.06,5323,正常
2016/03/20 18:24:17,9a4baf1073dbcafc6ac565527d483ae684acaeab,04403492d0107c710a481d8c95de8a2e6bce7761,持卡人消费,硕果园（工大商店）,-3.4,274.66,5324,正常
2016/03/21 09:46:09,9a4baf1073dbcafc6ac565527d483ae684acaeab,04403492d0107c710a481d8c95de8a2e6bce7761,持卡人消费,超市商务子系统,-4.9,269.76,5325,正常
2016/03/21 18:44:52,9a4baf1073dbcafc6ac565527d483ae684acaeab,04403492d0107c710a481d8c95de8a2e6bce7761,持卡人消费,硕果园（工大商店）,-3.2,266.56,5326,正常
2016/03/22 11:41:21,9a4baf1073dbcafc6ac565527d483ae684acaeab,04403492d0107c710a481d8c95de8a2e6bce7761,持卡人消费,学士楼商务网关,-2.6,263.96,5327,正常
2016/03/22 11:45:45,9a4baf1073dbcafc6ac565527d483ae684acaeab,04403492d0107c710a481d8c95de8a2e6bce7761,持卡人消费,学士楼商务网关,-7.1,256.86,5328,正常
2016/03/22 17:51:01,9a4baf1073dbcafc6ac565527d483ae684acaeab,04403492d0107c710a481d8c95de8a2e6bce7761,持卡人消费,硕果园（工大商店）,-12.0,244.86,5329,正常
2016/03/22 19:08:13,9a4baf1073dbcafc6ac565527d483ae684acaeab,04403492d0107c710a481d8c95de8a2e6bce7761,持卡人消费,一校区水控新,-0.67,244.19,5331,正常
2016/03/22 19:20:46,9a4baf1073dbcafc6ac565527d483ae684acaeab,04403492d0107c710a481d8c95de8a2e6bce7761,持卡人消费,一校区水控新,-2.0,242.19,5332,正常
2016/03/22 19:22:58,9a4baf1073dbcafc6ac565527d483ae684acaeab,04403492d0107c710a481d8c95de8a2e6bce7761,持卡人消费,一校区水控新,-0.4,241.79,5334,正常
2016/03/23 07:12:02,9a4baf1073dbcafc6ac565527d483ae684acaeab,04403492d0107c710a481d8c95de8a2e6bce7761,持卡人消费,学士楼商务网关,-4.7,237.09,5335,正常
2016/03/23 11:13:04,9a4baf1073dbcafc6ac565527d483ae684acaeab,04403492d0107c710a481d8c95de8a2e6bce7761,持卡人消费,学苑楼商务网关,-8.0,229.09,5336,正常
2016/03/23 17:39:49,9a4baf1073dbcafc6ac565527d483ae684acaeab,04403492d0107c710a481d8c95de8a2e6bce7761,持卡人消费,学苑楼商务网关,-7.5,221.59,5337,正常
2016/03/23 17:41:44,9a4baf1073dbcafc6ac565527d483ae684acaeab,04403492d0107c710a481d8c95de8a2e6bce7761,持卡人消费,学苑楼商务网关,-1.5,220.09,5338,正常
2016/03/24 11:29:48,9a4baf1073dbcafc6ac565527d483ae684acaeab,04403492d0107c710a481d8c95de8a2e6bce7761,持卡人消费,学士楼商务网关,-1.86,218.23,5339,正常
2016/03/24 11:32:42,9a4baf1073dbcafc6ac565527d483ae684acaeab,04403492d0107c710a481d8c95de8a2e6bce7761,持卡人消费,学士楼商务网关,-6.6,211.63,5340,正常
2016/03/24 17:19:15,9a4baf1073dbcafc6ac565527d483ae684acaeab,04403492d0107c710a481d8c95de8a2e6bce7761,持卡人消费,学苑楼商务网关,-7.5,204.13,5341,正常
2016/03/24 17:31:51,9a4baf1073dbcafc6ac565527d483ae684acaeab,04403492d0107c710a481d8c95de8a2e6bce7761,持卡人消费,超市商务子系统,-10.9,193.23,5342,正常
2016/03/24 17:35:38,9a4baf1073dbcafc6ac565527d483ae684acaeab,04403492d0107c710a481d8c95de8a2e6bce7761,持卡人消费,硕果园（工大商店）,-6.0,187.23,5343,正常
2016/03/25 12:01:33,9a4baf1073dbcafc6ac565527d483ae684acaeab,04403492d0107c710a481d8c95de8a2e6bce7761,持卡人消费,硕果园（工大商店）,-12.0,175.23,5344,正常
2016/03/28 11:22:06,9a4baf1073dbcafc6ac565527d483ae684acaeab,04403492d0107c710a481d8c95de8a2e6bce7761,持卡人消费,学苑楼商务网关,-7.0,168.23,5345,正常
2016/03/28 11:36:14,9a4baf1073dbcafc6ac565527d483ae684acaeab,04403492d0107c710a481d8c95de8a2e6bce7761,持卡人消费,网络中心,-90.0,78.23,5346,正常
2016/03/28 17:14:53,9a4baf1073dbcafc6ac565527d483ae684acaeab,04403492d0107c710a481d8c95de8a2e6bce7761,持卡人消费,硕果园（工大商店）,-9.0,69.23,5347,正常
2016/03/28 17:16:52,9a4baf1073dbcafc6ac565527d483ae684acaeab,04403492d0107c710a481d8c95de8a2e6bce7761,持卡人消费,硕果园（工大商店）,-3.3,65.93,5348,正常
2016/03/29 11:37:39,9a4baf1073dbcafc6ac565527d483ae684acaeab,04403492d0107c710a481d8c95de8a2e6bce7761,持卡人消费,学士楼商务网关,-1.86,64.07,5349,正常
2016/03/29 11:44:31,9a4baf1073dbcafc6ac565527d483ae684acaeab,04403492d0107c710a481d8c95de8a2e6bce7761,持卡人消费,学士楼商务网关,-5.0,59.07,5350,正常
2016/03/29 17:18:57,9a4baf1073dbcafc6ac565527d483ae684acaeab,04403492d0107c710a481d8c95de8a2e6bce7761,持卡人消费,硕果园（工大商店）,-12.0,47.07,5351,正常
2016/03/29 17:40:04,9a4baf1073dbcafc6ac565527d483ae684acaeab,04403492d0107c710a481d8c95de8a2e6bce7761,持卡人消费,超市商务子系统,-9.2,37.87,5352,正常
2016/03/29 17:40:26,9a4baf1073dbcafc6ac565527d483ae684acaeab,04403492d0107c710a481d8c95de8a2e6bce7761,持卡人消费,超市商务子系统,-2.0,35.87,5353,正常
