交易发生时间,学号,姓名,交易类型,子系统名称,交易额,现有余额,次数,状态
2016/03/01 19:26:04,185b1e0c7c297bb66006c5488fb483518127595b,04de6a516de7225dc930f481f9d2b44dd10f8dda,持卡人消费,硕果园（工大商店）,-9.0,59.19,3350,正常
2016/03/01 19:28:53,185b1e0c7c297bb66006c5488fb483518127595b,04de6a516de7225dc930f481f9d2b44dd10f8dda,持卡人消费,硕果园（工大商店）,-12.0,47.19,3351,正常
2016/03/02 11:32:07,185b1e0c7c297bb66006c5488fb483518127595b,04de6a516de7225dc930f481f9d2b44dd10f8dda,存款,现金充值机,100.0,147.19,3352,正常
2016/03/02 11:48:34,185b1e0c7c297bb66006c5488fb483518127595b,04de6a516de7225dc930f481f9d2b44dd10f8dda,持卡人消费,学苑楼商务网关,-2.1,145.09,3353,正常
2016/03/02 17:06:41,185b1e0c7c297bb66006c5488fb483518127595b,04de6a516de7225dc930f481f9d2b44dd10f8dda,持卡人消费,学士楼商务网关,-5.0,140.09,3354,正常
2016/03/03 18:01:18,185b1e0c7c297bb66006c5488fb483518127595b,04de6a516de7225dc930f481f9d2b44dd10f8dda,持卡人消费,学士楼商务网关,-5.0,135.09,3355,正常
2016/03/05 19:00:09,185b1e0c7c297bb66006c5488fb483518127595b,04de6a516de7225dc930f481f9d2b44dd10f8dda,持卡人消费,学子超市园丁总店,-7.0,128.09,3356,正常
2016/03/07 15:25:21,185b1e0c7c297bb66006c5488fb483518127595b,04de6a516de7225dc930f481f9d2b44dd10f8dda,持卡人消费,超市商务子系统,-16.0,112.09,3357,正常
2016/03/07 15:26:39,185b1e0c7c297bb66006c5488fb483518127595b,04de6a516de7225dc930f481f9d2b44dd10f8dda,持卡人消费,超市商务子系统,-4.0,108.09,3358,正常
2016/03/07 15:27:19,185b1e0c7c297bb66006c5488fb483518127595b,04de6a516de7225dc930f481f9d2b44dd10f8dda,持卡人消费,超市商务子系统,-2.0,106.09,3359,正常
2016/03/07 17:44:16,185b1e0c7c297bb66006c5488fb483518127595b,04de6a516de7225dc930f481f9d2b44dd10f8dda,持卡人消费,学士楼商务网关,-8.4,97.69,3360,正常
2016/03/08 17:38:31,185b1e0c7c297bb66006c5488fb483518127595b,04de6a516de7225dc930f481f9d2b44dd10f8dda,持卡人消费,学苑楼商务网关,-7.0,90.69,3361,正常
2016/03/08 17:41:55,185b1e0c7c297bb66006c5488fb483518127595b,04de6a516de7225dc930f481f9d2b44dd10f8dda,持卡人消费,学苑楼商务网关,-2.5,88.19,3362,正常
2016/03/08 18:03:18,185b1e0c7c297bb66006c5488fb483518127595b,04de6a516de7225dc930f481f9d2b44dd10f8dda,持卡人消费,超市商务子系统,-7.5,80.69,3363,正常
2016/03/08 19:11:38,185b1e0c7c297bb66006c5488fb483518127595b,04de6a516de7225dc930f481f9d2b44dd10f8dda,持卡人消费,一校区水控新,-0.16,78.53,3366,正常
2016/03/08 19:11:58,185b1e0c7c297bb66006c5488fb483518127595b,04de6a516de7225dc930f481f9d2b44dd10f8dda,持卡人消费,一校区水控新,-0.27,80.26,3367,正常
2016/03/08 19:14:00,185b1e0c7c297bb66006c5488fb483518127595b,04de6a516de7225dc930f481f9d2b44dd10f8dda,持卡人消费,一校区水控新,-0.18,78.08,3371,正常
2016/03/08 19:19:02,185b1e0c7c297bb66006c5488fb483518127595b,04de6a516de7225dc930f481f9d2b44dd10f8dda,持卡人消费,一校区水控新,-0.22,77.86,3373,正常
2016/03/08 19:20:54,185b1e0c7c297bb66006c5488fb483518127595b,04de6a516de7225dc930f481f9d2b44dd10f8dda,持卡人消费,一校区水控新,-1.49,76.37,3375,正常
2016/03/08 19:20:59,185b1e0c7c297bb66006c5488fb483518127595b,04de6a516de7225dc930f481f9d2b44dd10f8dda,持卡人消费,一校区水控新,-0.06,78.31,3376,正常
2016/03/08 19:23:42,185b1e0c7c297bb66006c5488fb483518127595b,04de6a516de7225dc930f481f9d2b44dd10f8dda,持卡人消费,一校区水控新,-0.38,77.93,3378,正常
2016/03/09 11:46:00,185b1e0c7c297bb66006c5488fb483518127595b,04de6a516de7225dc930f481f9d2b44dd10f8dda,持卡人消费,学士楼商务网关,-1.1,76.83,3379,正常
2016/03/10 17:33:26,185b1e0c7c297bb66006c5488fb483518127595b,04de6a516de7225dc930f481f9d2b44dd10f8dda,持卡人消费,学士楼商务网关,-4.8,72.03,3380,正常
2016/03/11 11:36:12,185b1e0c7c297bb66006c5488fb483518127595b,04de6a516de7225dc930f481f9d2b44dd10f8dda,持卡人消费,学士楼商务网关,-8.0,64.03,3381,正常
2016/03/11 11:36:51,185b1e0c7c297bb66006c5488fb483518127595b,04de6a516de7225dc930f481f9d2b44dd10f8dda,持卡人消费,学士楼商务网关,-1.5,62.53,3382,正常
2016/03/11 17:31:11,185b1e0c7c297bb66006c5488fb483518127595b,04de6a516de7225dc930f481f9d2b44dd10f8dda,持卡人消费,学士楼商务网关,-1.6,60.93,3383,正常
2016/03/12 11:20:05,185b1e0c7c297bb66006c5488fb483518127595b,04de6a516de7225dc930f481f9d2b44dd10f8dda,持卡人消费,学苑楼商务网关,-7.0,53.93,3384,正常
2016/03/12 11:41:06,185b1e0c7c297bb66006c5488fb483518127595b,04de6a516de7225dc930f481f9d2b44dd10f8dda,持卡人消费,超市商务子系统,-7.5,46.43,3385,正常
2016/03/15 12:53:29,185b1e0c7c297bb66006c5488fb483518127595b,04de6a516de7225dc930f481f9d2b44dd10f8dda,持卡人消费,超市商务子系统,-7.5,38.93,3386,正常
2016/03/15 12:56:09,185b1e0c7c297bb66006c5488fb483518127595b,04de6a516de7225dc930f481f9d2b44dd10f8dda,持卡人消费,学士楼商务网关,-3.6,35.33,3387,正常
2016/03/16 11:45:35,185b1e0c7c297bb66006c5488fb483518127595b,04de6a516de7225dc930f481f9d2b44dd10f8dda,持卡人消费,学士楼商务网关,-4.7,30.63,3388,正常
2016/03/16 16:58:48,185b1e0c7c297bb66006c5488fb483518127595b,04de6a516de7225dc930f481f9d2b44dd10f8dda,持卡人消费,学士楼商务网关,-4.8,25.83,3389,正常
2016/03/17 11:36:55,185b1e0c7c297bb66006c5488fb483518127595b,04de6a516de7225dc930f481f9d2b44dd10f8dda,存款,现金充值机,100.0,125.83,3390,正常
2016/03/17 11:56:38,185b1e0c7c297bb66006c5488fb483518127595b,04de6a516de7225dc930f481f9d2b44dd10f8dda,持卡人消费,学士楼商务网关,-7.3,118.53,3391,正常
2016/03/18 12:11:20,185b1e0c7c297bb66006c5488fb483518127595b,04de6a516de7225dc930f481f9d2b44dd10f8dda,持卡人消费,学士楼商务网关,-4.6,113.93,3392,正常
2016/03/18 16:00:32,185b1e0c7c297bb66006c5488fb483518127595b,04de6a516de7225dc930f481f9d2b44dd10f8dda,持卡人消费,超市商务子系统,-7.9,106.03,3393,正常
2016/03/19 12:49:35,185b1e0c7c297bb66006c5488fb483518127595b,04de6a516de7225dc930f481f9d2b44dd10f8dda,持卡人消费,硕果园（工大商店）,-7.0,99.03,3394,正常
2016/03/19 18:29:34,185b1e0c7c297bb66006c5488fb483518127595b,04de6a516de7225dc930f481f9d2b44dd10f8dda,持卡人消费,硕果园（工大商店）,-9.0,90.03,3395,正常
2016/03/19 21:12:01,185b1e0c7c297bb66006c5488fb483518127595b,04de6a516de7225dc930f481f9d2b44dd10f8dda,持卡人消费,超市商务子系统,-10.0,80.03,3396,正常
2016/03/19 21:13:33,185b1e0c7c297bb66006c5488fb483518127595b,04de6a516de7225dc930f481f9d2b44dd10f8dda,持卡人消费,超市商务子系统,-1.7,78.33,3397,正常
2016/03/21 08:54:17,185b1e0c7c297bb66006c5488fb483518127595b,04de6a516de7225dc930f481f9d2b44dd10f8dda,持卡人消费,学士楼商务网关,-2.0,76.33,3398,正常
2016/03/21 08:55:02,185b1e0c7c297bb66006c5488fb483518127595b,04de6a516de7225dc930f481f9d2b44dd10f8dda,持卡人消费,学士楼商务网关,-1.5,74.83,3399,正常
2016/03/21 11:30:16,185b1e0c7c297bb66006c5488fb483518127595b,04de6a516de7225dc930f481f9d2b44dd10f8dda,持卡人消费,学士楼商务网关,-5.0,69.83,3400,正常
2016/03/21 11:30:44,185b1e0c7c297bb66006c5488fb483518127595b,04de6a516de7225dc930f481f9d2b44dd10f8dda,持卡人消费,学士楼商务网关,-3.0,66.83,3401,正常
2016/03/21 17:40:34,185b1e0c7c297bb66006c5488fb483518127595b,04de6a516de7225dc930f481f9d2b44dd10f8dda,持卡人消费,学士楼商务网关,-4.8,62.03,3402,正常
2016/03/22 09:48:54,185b1e0c7c297bb66006c5488fb483518127595b,04de6a516de7225dc930f481f9d2b44dd10f8dda,持卡人消费,学士楼商务网关,-5.1,56.93,3403,正常
2016/03/22 16:00:10,185b1e0c7c297bb66006c5488fb483518127595b,04de6a516de7225dc930f481f9d2b44dd10f8dda,持卡人消费,硕果园（工大商店）,-8.0,48.93,3404,正常
2016/03/22 18:12:01,185b1e0c7c297bb66006c5488fb483518127595b,04de6a516de7225dc930f481f9d2b44dd10f8dda,持卡人消费,一校区水控新,-0.21,48.72,3406,正常
2016/03/22 18:18:18,185b1e0c7c297bb66006c5488fb483518127595b,04de6a516de7225dc930f481f9d2b44dd10f8dda,持卡人消费,一校区水控新,-0.61,48.11,3408,正常
2016/03/22 18:21:56,185b1e0c7c297bb66006c5488fb483518127595b,04de6a516de7225dc930f481f9d2b44dd10f8dda,持卡人消费,一校区水控新,-0.19,47.92,3410,正常
2016/03/22 18:25:35,185b1e0c7c297bb66006c5488fb483518127595b,04de6a516de7225dc930f481f9d2b44dd10f8dda,持卡人消费,一校区水控新,-0.32,47.60,3412,正常
2016/03/23 12:30:46,185b1e0c7c297bb66006c5488fb483518127595b,04de6a516de7225dc930f481f9d2b44dd10f8dda,持卡人消费,学士楼商务网关,-3.0,44.60,3413,正常
2016/03/23 12:30:51,185b1e0c7c297bb66006c5488fb483518127595b,04de6a516de7225dc930f481f9d2b44dd10f8dda,持卡人消费,学士楼商务网关,-0.6,44.00,3414,正常
2016/03/23 12:31:24,185b1e0c7c297bb66006c5488fb483518127595b,04de6a516de7225dc930f481f9d2b44dd10f8dda,持卡人消费,学士楼商务网关,-4.0,40.00,3415,正常
2016/03/24 11:48:58,185b1e0c7c297bb66006c5488fb483518127595b,04de6a516de7225dc930f481f9d2b44dd10f8dda,持卡人消费,学士楼商务网关,-4.6,35.40,3416,正常
2016/03/26 11:00:03,185b1e0c7c297bb66006c5488fb483518127595b,04de6a516de7225dc930f481f9d2b44dd10f8dda,存款,现金充值机,100.0,135.40,3417,正常
2016/03/26 11:17:38,185b1e0c7c297bb66006c5488fb483518127595b,04de6a516de7225dc930f481f9d2b44dd10f8dda,持卡人消费,学苑楼商务网关,-7.0,128.40,3418,正常
2016/03/26 11:19:25,185b1e0c7c297bb66006c5488fb483518127595b,04de6a516de7225dc930f481f9d2b44dd10f8dda,持卡人消费,学苑楼商务网关,-2.5,125.90,3419,正常
2016/03/26 18:37:14,185b1e0c7c297bb66006c5488fb483518127595b,04de6a516de7225dc930f481f9d2b44dd10f8dda,持卡人消费,学子楼商务网关,-8.0,117.90,3420,正常
2016/03/28 10:46:13,185b1e0c7c297bb66006c5488fb483518127595b,04de6a516de7225dc930f481f9d2b44dd10f8dda,持卡人消费,学士楼商务网关,-1.6,116.30,3421,正常
2016/03/28 10:47:08,185b1e0c7c297bb66006c5488fb483518127595b,04de6a516de7225dc930f481f9d2b44dd10f8dda,持卡人消费,学士楼商务网关,-3.0,113.30,3422,正常
2016/03/28 15:19:46,185b1e0c7c297bb66006c5488fb483518127595b,04de6a516de7225dc930f481f9d2b44dd10f8dda,持卡人消费,超市商务子系统,-10.0,103.30,3423,正常
2016/03/28 15:22:10,185b1e0c7c297bb66006c5488fb483518127595b,04de6a516de7225dc930f481f9d2b44dd10f8dda,持卡人消费,超市商务子系统,-1.7,101.60,3424,正常
2016/03/29 10:15:32,185b1e0c7c297bb66006c5488fb483518127595b,04de6a516de7225dc930f481f9d2b44dd10f8dda,持卡人消费,学士楼商务网关,-7.0,94.60,3425,正常
2016/03/29 17:47:53,185b1e0c7c297bb66006c5488fb483518127595b,04de6a516de7225dc930f481f9d2b44dd10f8dda,持卡人消费,学士楼商务网关,-6.4,88.20,3426,正常
2016/03/30 20:46:32,185b1e0c7c297bb66006c5488fb483518127595b,04de6a516de7225dc930f481f9d2b44dd10f8dda,持卡人消费,超市商务子系统,-13.1,75.10,3427,正常
2016/03/30 21:25:30,185b1e0c7c297bb66006c5488fb483518127595b,04de6a516de7225dc930f481f9d2b44dd10f8dda,持卡人消费,超市商务子系统,-7.5,67.60,3428,正常
2016/03/31 11:41:36,185b1e0c7c297bb66006c5488fb483518127595b,04de6a516de7225dc930f481f9d2b44dd10f8dda,持卡人消费,学士楼商务网关,-3.6,64.00,3429,正常
2016/03/31 17:44:45,185b1e0c7c297bb66006c5488fb483518127595b,04de6a516de7225dc930f481f9d2b44dd10f8dda,持卡人消费,学士楼商务网关,-4.8,59.20,3430,正常
