交易发生时间,学号,姓名,交易类型,子系统名称,交易额,现有余额,次数,状态
2016/03/01 07:16:50,a7bc75876ad43098b97e3add9c5a0959da0b709c,052847bcef2197c3d3d5aee1fd334bc935073817,持卡人消费,学士楼商务网关,-0.2,42.74,3008,正常
2016/03/01 07:18:11,a7bc75876ad43098b97e3add9c5a0959da0b709c,052847bcef2197c3d3d5aee1fd334bc935073817,持卡人消费,学士楼商务网关,-0.6,42.14,3009,正常
2016/03/01 07:20:27,a7bc75876ad43098b97e3add9c5a0959da0b709c,052847bcef2197c3d3d5aee1fd334bc935073817,持卡人消费,学士楼商务网关,-2.0,40.14,3010,正常
2016/03/01 15:47:16,a7bc75876ad43098b97e3add9c5a0959da0b709c,052847bcef2197c3d3d5aee1fd334bc935073817,持卡人消费,超市商务子系统,-5.0,35.14,3011,正常
2016/03/02 07:53:41,a7bc75876ad43098b97e3add9c5a0959da0b709c,052847bcef2197c3d3d5aee1fd334bc935073817,持卡人消费,学士楼商务网关,-2.6,32.54,3012,正常
2016/03/02 11:09:22,a7bc75876ad43098b97e3add9c5a0959da0b709c,052847bcef2197c3d3d5aee1fd334bc935073817,持卡人消费,学苑楼商务网关,-1.5,31.04,3013,正常
2016/03/02 11:09:31,a7bc75876ad43098b97e3add9c5a0959da0b709c,052847bcef2197c3d3d5aee1fd334bc935073817,持卡人消费,学苑楼商务网关,-1.5,29.54,3014,正常
2016/03/02 11:11:31,a7bc75876ad43098b97e3add9c5a0959da0b709c,052847bcef2197c3d3d5aee1fd334bc935073817,持卡人消费,学苑楼商务网关,-3.9,25.64,3015,正常
2016/03/02 17:37:42,a7bc75876ad43098b97e3add9c5a0959da0b709c,052847bcef2197c3d3d5aee1fd334bc935073817,持卡人消费,学士楼商务网关,-9.9,15.74,3016,正常
2016/03/03 08:33:30,a7bc75876ad43098b97e3add9c5a0959da0b709c,052847bcef2197c3d3d5aee1fd334bc935073817,持卡人消费,超市商务子系统,-2.0,13.74,3017,正常
2016/03/04 07:40:44,a7bc75876ad43098b97e3add9c5a0959da0b709c,052847bcef2197c3d3d5aee1fd334bc935073817,持卡人消费,学士楼商务网关,-1.73,12.01,3018,正常
2016/03/04 11:54:48,a7bc75876ad43098b97e3add9c5a0959da0b709c,052847bcef2197c3d3d5aee1fd334bc935073817,持卡人消费,学苑楼商务网关,-4.5,7.51,3019,正常
2016/03/05 08:39:21,a7bc75876ad43098b97e3add9c5a0959da0b709c,052847bcef2197c3d3d5aee1fd334bc935073817,持卡人消费,超市商务子系统,-2.0,5.51,3020,正常
2016/03/06 07:55:04,a7bc75876ad43098b97e3add9c5a0959da0b709c,052847bcef2197c3d3d5aee1fd334bc935073817,持卡人消费,学士楼商务网关,-3.1,2.41,3021,正常
2016/03/06 07:55:49,a7bc75876ad43098b97e3add9c5a0959da0b709c,052847bcef2197c3d3d5aee1fd334bc935073817,持卡人消费,学士楼商务网关,-0.9,1.51,3022,正常
2016/03/07 12:18:32,a7bc75876ad43098b97e3add9c5a0959da0b709c,052847bcef2197c3d3d5aee1fd334bc935073817,持卡人消费,超市商务子系统,-0.8,0.71,3023,正常
2016/03/09 12:59:34,a7bc75876ad43098b97e3add9c5a0959da0b709c,052847bcef2197c3d3d5aee1fd334bc935073817,持卡人消费,超市商务子系统,-0.4,0.31,3024,正常
2016/03/11 14:56:23,a7bc75876ad43098b97e3add9c5a0959da0b709c,052847bcef2197c3d3d5aee1fd334bc935073817,存款,现金充值机,100.0,100.31,3025,正常
2016/03/12 09:32:19,a7bc75876ad43098b97e3add9c5a0959da0b709c,052847bcef2197c3d3d5aee1fd334bc935073817,持卡人消费,学士楼商务网关,-0.6,99.71,3026,正常
2016/03/12 09:34:16,a7bc75876ad43098b97e3add9c5a0959da0b709c,052847bcef2197c3d3d5aee1fd334bc935073817,持卡人消费,学士楼商务网关,-2.0,97.71,3027,正常
2016/03/12 09:43:56,a7bc75876ad43098b97e3add9c5a0959da0b709c,052847bcef2197c3d3d5aee1fd334bc935073817,持卡人消费,学士楼商务网关,-5.0,92.71,3028,正常
2016/03/12 15:26:58,a7bc75876ad43098b97e3add9c5a0959da0b709c,052847bcef2197c3d3d5aee1fd334bc935073817,持卡人消费,超市商务子系统,-6.7,86.01,3029,正常
2016/03/12 15:27:07,a7bc75876ad43098b97e3add9c5a0959da0b709c,052847bcef2197c3d3d5aee1fd334bc935073817,持卡人消费,超市商务子系统,-0.1,85.91,3030,正常
2016/03/12 15:31:40,a7bc75876ad43098b97e3add9c5a0959da0b709c,052847bcef2197c3d3d5aee1fd334bc935073817,持卡人消费,超市商务子系统,-6.7,79.21,3031,正常
2016/03/14 09:49:12,a7bc75876ad43098b97e3add9c5a0959da0b709c,052847bcef2197c3d3d5aee1fd334bc935073817,持卡人消费,超市商务子系统,-27.0,42.56,3036,正常
2016/03/14 11:58:07,a7bc75876ad43098b97e3add9c5a0959da0b709c,052847bcef2197c3d3d5aee1fd334bc935073817,持卡人消费,学苑楼商务网关,-7.0,35.56,3037,正常
2016/03/14 12:01:45,a7bc75876ad43098b97e3add9c5a0959da0b709c,052847bcef2197c3d3d5aee1fd334bc935073817,持卡人消费,学苑楼商务网关,-8.8,26.76,3038,正常
2016/03/14 12:24:06,a7bc75876ad43098b97e3add9c5a0959da0b709c,052847bcef2197c3d3d5aee1fd334bc935073817,持卡人消费,超市商务子系统,-7.0,19.76,3039,正常
2016/03/14 17:43:53,a7bc75876ad43098b97e3add9c5a0959da0b709c,052847bcef2197c3d3d5aee1fd334bc935073817,持卡人消费,学苑楼商务网关,-3.5,16.26,3040,正常
2016/03/14 17:44:24,a7bc75876ad43098b97e3add9c5a0959da0b709c,052847bcef2197c3d3d5aee1fd334bc935073817,持卡人消费,学苑楼商务网关,-0.4,15.86,3041,正常
2016/03/15 11:14:10,a7bc75876ad43098b97e3add9c5a0959da0b709c,052847bcef2197c3d3d5aee1fd334bc935073817,持卡人消费,学苑楼商务网关,-6.0,9.86,3042,正常
2016/03/17 17:47:27,a7bc75876ad43098b97e3add9c5a0959da0b709c,052847bcef2197c3d3d5aee1fd334bc935073817,持卡人消费,一区图书馆APOS,-0.15,9.71,3043,正常
2016/03/18 08:01:07,a7bc75876ad43098b97e3add9c5a0959da0b709c,052847bcef2197c3d3d5aee1fd334bc935073817,持卡人消费,学士楼商务网关,-2.3,7.41,3044,正常
2016/03/18 08:01:44,a7bc75876ad43098b97e3add9c5a0959da0b709c,052847bcef2197c3d3d5aee1fd334bc935073817,持卡人消费,学士楼商务网关,-1.7,5.71,3045,正常
2016/03/19 09:45:08,a7bc75876ad43098b97e3add9c5a0959da0b709c,052847bcef2197c3d3d5aee1fd334bc935073817,存款,现金充值机,60.0,65.71,3046,正常
2016/03/19 09:45:36,a7bc75876ad43098b97e3add9c5a0959da0b709c,052847bcef2197c3d3d5aee1fd334bc935073817,存款,现金充值机,20.0,85.71,3047,正常
2016/03/20 19:02:41,a7bc75876ad43098b97e3add9c5a0959da0b709c,052847bcef2197c3d3d5aee1fd334bc935073817,持卡人消费,超市商务子系统,-39.6,46.11,3048,正常
2016/03/21 16:45:07,a7bc75876ad43098b97e3add9c5a0959da0b709c,052847bcef2197c3d3d5aee1fd334bc935073817,持卡人消费,A15,-3.0,43.11,3049,正常
2016/03/22 08:23:42,a7bc75876ad43098b97e3add9c5a0959da0b709c,052847bcef2197c3d3d5aee1fd334bc935073817,持卡人消费,学士楼商务网关,-0.6,42.51,3050,正常
2016/03/22 08:24:53,a7bc75876ad43098b97e3add9c5a0959da0b709c,052847bcef2197c3d3d5aee1fd334bc935073817,持卡人消费,学士楼商务网关,-2.0,40.51,3051,正常
2016/03/22 08:25:35,a7bc75876ad43098b97e3add9c5a0959da0b709c,052847bcef2197c3d3d5aee1fd334bc935073817,持卡人消费,学士楼商务网关,-2.0,38.51,3052,正常
2016/03/22 11:05:12,a7bc75876ad43098b97e3add9c5a0959da0b709c,052847bcef2197c3d3d5aee1fd334bc935073817,持卡人消费,学士楼商务网关,-10.0,28.51,3053,正常
2016/03/22 16:57:10,a7bc75876ad43098b97e3add9c5a0959da0b709c,052847bcef2197c3d3d5aee1fd334bc935073817,持卡人消费,15公寓浴池,-2.0,26.51,3054,正常
2016/03/22 16:49:02,a7bc75876ad43098b97e3add9c5a0959da0b709c,052847bcef2197c3d3d5aee1fd334bc935073817,持卡人消费,15公寓浴池,-0.4,26.11,3056,正常
2016/03/22 16:58:34,a7bc75876ad43098b97e3add9c5a0959da0b709c,052847bcef2197c3d3d5aee1fd334bc935073817,持卡人消费,15公寓浴池,-0.24,23.87,3059,正常
2016/03/22 16:58:38,a7bc75876ad43098b97e3add9c5a0959da0b709c,052847bcef2197c3d3d5aee1fd334bc935073817,持卡人消费,15公寓浴池,-1.1,24.77,3060,正常
2016/03/22 17:03:13,a7bc75876ad43098b97e3add9c5a0959da0b709c,052847bcef2197c3d3d5aee1fd334bc935073817,持卡人消费,15公寓浴池,-0.85,23.92,3062,正常
2016/03/23 08:40:55,a7bc75876ad43098b97e3add9c5a0959da0b709c,052847bcef2197c3d3d5aee1fd334bc935073817,持卡人消费,学士楼商务网关,-0.6,23.32,3063,正常
2016/03/23 08:41:16,a7bc75876ad43098b97e3add9c5a0959da0b709c,052847bcef2197c3d3d5aee1fd334bc935073817,持卡人消费,学士楼商务网关,-2.0,21.32,3064,正常
2016/03/23 08:42:24,a7bc75876ad43098b97e3add9c5a0959da0b709c,052847bcef2197c3d3d5aee1fd334bc935073817,持卡人消费,学士楼商务网关,-0.5,20.82,3065,正常
2016/03/23 11:50:49,a7bc75876ad43098b97e3add9c5a0959da0b709c,052847bcef2197c3d3d5aee1fd334bc935073817,持卡人消费,学苑楼商务网关,-8.0,12.82,3066,正常
2016/03/23 11:52:19,a7bc75876ad43098b97e3add9c5a0959da0b709c,052847bcef2197c3d3d5aee1fd334bc935073817,持卡人消费,学苑楼商务网关,-8.0,4.82,3067,正常
2016/03/23 11:53:12,a7bc75876ad43098b97e3add9c5a0959da0b709c,052847bcef2197c3d3d5aee1fd334bc935073817,存款,现金充值机,100.0,104.82,3068,正常
2016/03/24 09:08:07,a7bc75876ad43098b97e3add9c5a0959da0b709c,052847bcef2197c3d3d5aee1fd334bc935073817,持卡人消费,学士楼商务网关,-2.0,102.82,3069,正常
2016/03/24 09:08:23,a7bc75876ad43098b97e3add9c5a0959da0b709c,052847bcef2197c3d3d5aee1fd334bc935073817,持卡人消费,学士楼商务网关,-0.6,102.22,3070,正常
2016/03/24 09:09:19,a7bc75876ad43098b97e3add9c5a0959da0b709c,052847bcef2197c3d3d5aee1fd334bc935073817,持卡人消费,学士楼商务网关,-0.5,101.72,3071,正常
2016/03/24 11:50:54,a7bc75876ad43098b97e3add9c5a0959da0b709c,052847bcef2197c3d3d5aee1fd334bc935073817,持卡人消费,学士楼商务网关,-10.0,91.72,3072,正常
2016/03/24 12:16:02,a7bc75876ad43098b97e3add9c5a0959da0b709c,052847bcef2197c3d3d5aee1fd334bc935073817,持卡人消费,超市商务子系统,-3.8,87.92,3073,正常
2016/03/24 17:22:20,a7bc75876ad43098b97e3add9c5a0959da0b709c,052847bcef2197c3d3d5aee1fd334bc935073817,持卡人消费,超市商务子系统,-6.0,81.92,3074,正常
2016/03/25 08:39:41,a7bc75876ad43098b97e3add9c5a0959da0b709c,052847bcef2197c3d3d5aee1fd334bc935073817,持卡人消费,学士楼商务网关,-1.6,80.32,3075,正常
2016/03/25 08:40:18,a7bc75876ad43098b97e3add9c5a0959da0b709c,052847bcef2197c3d3d5aee1fd334bc935073817,持卡人消费,学士楼商务网关,-0.5,79.82,3076,正常
2016/03/25 08:48:47,a7bc75876ad43098b97e3add9c5a0959da0b709c,052847bcef2197c3d3d5aee1fd334bc935073817,持卡人消费,学士楼商务网关,-5.0,74.82,3077,正常
2016/03/25 11:28:40,a7bc75876ad43098b97e3add9c5a0959da0b709c,052847bcef2197c3d3d5aee1fd334bc935073817,持卡人消费,学苑楼商务网关,-6.0,68.82,3078,正常
2016/03/25 20:52:53,a7bc75876ad43098b97e3add9c5a0959da0b709c,052847bcef2197c3d3d5aee1fd334bc935073817,持卡人消费,超市商务子系统,-3.3,65.52,3079,正常
2016/03/26 08:44:52,a7bc75876ad43098b97e3add9c5a0959da0b709c,052847bcef2197c3d3d5aee1fd334bc935073817,持卡人消费,超市商务子系统,-3.5,62.02,3080,正常
2016/03/26 09:47:06,a7bc75876ad43098b97e3add9c5a0959da0b709c,052847bcef2197c3d3d5aee1fd334bc935073817,持卡人消费,硕果园（工大商店）,-2.3,59.72,3081,正常
2016/03/26 12:00:03,a7bc75876ad43098b97e3add9c5a0959da0b709c,052847bcef2197c3d3d5aee1fd334bc935073817,持卡人消费,学士楼商务网关,-10.9,48.82,3082,正常
2016/03/27 16:33:55,a7bc75876ad43098b97e3add9c5a0959da0b709c,052847bcef2197c3d3d5aee1fd334bc935073817,持卡人消费,超市商务子系统,-7.2,41.62,3083,正常
2016/03/27 18:30:41,a7bc75876ad43098b97e3add9c5a0959da0b709c,052847bcef2197c3d3d5aee1fd334bc935073817,持卡人消费,15公寓浴池,-2.0,39.62,3084,正常
2016/03/27 18:38:20,a7bc75876ad43098b97e3add9c5a0959da0b709c,052847bcef2197c3d3d5aee1fd334bc935073817,持卡人消费,15公寓浴池,-0.9,38.72,3086,正常
2016/03/27 18:44:05,a7bc75876ad43098b97e3add9c5a0959da0b709c,052847bcef2197c3d3d5aee1fd334bc935073817,持卡人消费,15公寓浴池,-2.0,34.72,3088,正常
2016/03/27 18:48:11,a7bc75876ad43098b97e3add9c5a0959da0b709c,052847bcef2197c3d3d5aee1fd334bc935073817,持卡人消费,15公寓浴池,-1.09,33.63,3090,正常
2016/03/27 18:52:21,a7bc75876ad43098b97e3add9c5a0959da0b709c,052847bcef2197c3d3d5aee1fd334bc935073817,持卡人消费,15公寓浴池,-1.18,34.45,3091,正常
2016/03/27 19:10:37,a7bc75876ad43098b97e3add9c5a0959da0b709c,052847bcef2197c3d3d5aee1fd334bc935073817,持卡人消费,A15,-3.0,31.45,3092,正常
2016/03/28 11:59:44,a7bc75876ad43098b97e3add9c5a0959da0b709c,052847bcef2197c3d3d5aee1fd334bc935073817,持卡人消费,学士楼商务网关,-8.4,23.05,3093,正常
2016/03/29 08:30:36,a7bc75876ad43098b97e3add9c5a0959da0b709c,052847bcef2197c3d3d5aee1fd334bc935073817,持卡人消费,学士楼商务网关,-1.5,21.55,3094,正常
2016/03/29 08:30:53,a7bc75876ad43098b97e3add9c5a0959da0b709c,052847bcef2197c3d3d5aee1fd334bc935073817,持卡人消费,学士楼商务网关,-1.0,20.55,3095,正常
2016/03/29 08:31:59,a7bc75876ad43098b97e3add9c5a0959da0b709c,052847bcef2197c3d3d5aee1fd334bc935073817,持卡人消费,学士楼商务网关,-0.5,20.05,3096,正常
2016/03/29 11:30:09,a7bc75876ad43098b97e3add9c5a0959da0b709c,052847bcef2197c3d3d5aee1fd334bc935073817,持卡人消费,学士楼商务网关,-3.6,16.45,3097,正常
2016/03/29 14:31:33,a7bc75876ad43098b97e3add9c5a0959da0b709c,052847bcef2197c3d3d5aee1fd334bc935073817,持卡人消费,超市商务子系统,-5.8,10.65,3098,正常
2016/03/29 20:26:40,a7bc75876ad43098b97e3add9c5a0959da0b709c,052847bcef2197c3d3d5aee1fd334bc935073817,持卡人消费,15公寓浴池,-0.91,9.74,3100,正常
2016/03/29 20:29:00,a7bc75876ad43098b97e3add9c5a0959da0b709c,052847bcef2197c3d3d5aee1fd334bc935073817,持卡人消费,15公寓浴池,-0.22,9.52,3102,正常
2016/03/30 08:45:59,a7bc75876ad43098b97e3add9c5a0959da0b709c,052847bcef2197c3d3d5aee1fd334bc935073817,持卡人消费,学士楼商务网关,-1.6,7.92,3103,正常
2016/03/30 08:48:43,a7bc75876ad43098b97e3add9c5a0959da0b709c,052847bcef2197c3d3d5aee1fd334bc935073817,持卡人消费,学士楼商务网关,-0.5,7.42,3104,正常
2016/03/30 11:20:57,a7bc75876ad43098b97e3add9c5a0959da0b709c,052847bcef2197c3d3d5aee1fd334bc935073817,存款,现金充值机,100.0,107.42,3105,正常
2016/03/30 11:38:06,a7bc75876ad43098b97e3add9c5a0959da0b709c,052847bcef2197c3d3d5aee1fd334bc935073817,持卡人消费,学苑楼商务网关,-8.0,99.42,3106,正常
2016/03/30 12:03:46,a7bc75876ad43098b97e3add9c5a0959da0b709c,052847bcef2197c3d3d5aee1fd334bc935073817,持卡人消费,超市商务子系统,-18.7,80.72,3107,正常
2016/03/31 08:14:44,a7bc75876ad43098b97e3add9c5a0959da0b709c,052847bcef2197c3d3d5aee1fd334bc935073817,持卡人消费,超市商务子系统,-3.0,77.72,3108,正常
2016/03/31 11:35:03,a7bc75876ad43098b97e3add9c5a0959da0b709c,052847bcef2197c3d3d5aee1fd334bc935073817,持卡人消费,学士楼商务网关,-6.9,70.82,3109,正常
2016/03/31 12:08:48,a7bc75876ad43098b97e3add9c5a0959da0b709c,052847bcef2197c3d3d5aee1fd334bc935073817,持卡人消费,超市商务子系统,-3.2,67.62,3110,正常
2016/03/31 18:56:58,a7bc75876ad43098b97e3add9c5a0959da0b709c,052847bcef2197c3d3d5aee1fd334bc935073817,持卡人消费,学子超市园丁总店,-2.4,65.22,3111,正常
