交易发生时间,学号,姓名,交易类型,子系统名称,交易额,现有余额,次数,状态
2016/03/02 07:47:40,7ddb745659f0ea8707a58407be0f82ddc59b7c4d,052bee323319875cabe5d0fe191dfcf4a07954f3,持卡人消费,学士楼商务网关,-7.2,3.69,5447,正常
2016/03/02 14:59:55,7ddb745659f0ea8707a58407be0f82ddc59b7c4d,052bee323319875cabe5d0fe191dfcf4a07954f3,持卡人消费,一校区水控新,-0.97,2.72,5448,正常
2016/03/02 15:00:02,7ddb745659f0ea8707a58407be0f82ddc59b7c4d,052bee323319875cabe5d0fe191dfcf4a07954f3,持卡人消费,一校区水控新,-0.01,2.71,5449,正常
2016/03/02 15:06:52,7ddb745659f0ea8707a58407be0f82ddc59b7c4d,052bee323319875cabe5d0fe191dfcf4a07954f3,持卡人消费,一校区水控新,-1.28,1.43,5450,正常
2016/03/03 17:55:46,7ddb745659f0ea8707a58407be0f82ddc59b7c4d,052bee323319875cabe5d0fe191dfcf4a07954f3,存款,卡中心综合业务,100.0,101.43,5451,正常
2016/03/03 17:58:14,7ddb745659f0ea8707a58407be0f82ddc59b7c4d,052bee323319875cabe5d0fe191dfcf4a07954f3,持卡人消费,学苑楼商务网关,-7.0,94.43,5452,正常
2016/03/03 17:59:26,7ddb745659f0ea8707a58407be0f82ddc59b7c4d,052bee323319875cabe5d0fe191dfcf4a07954f3,持卡人消费,学苑楼商务网关,-3.0,91.43,5453,正常
2016/03/03 18:00:10,7ddb745659f0ea8707a58407be0f82ddc59b7c4d,052bee323319875cabe5d0fe191dfcf4a07954f3,持卡人消费,学苑楼商务网关,-0.5,90.93,5454,正常
2016/03/04 18:20:54,7ddb745659f0ea8707a58407be0f82ddc59b7c4d,052bee323319875cabe5d0fe191dfcf4a07954f3,持卡人消费,学士楼商务网关,-1.0,89.93,5455,正常
2016/03/04 18:21:54,7ddb745659f0ea8707a58407be0f82ddc59b7c4d,052bee323319875cabe5d0fe191dfcf4a07954f3,持卡人消费,学士楼商务网关,-1.3,88.63,5456,正常
2016/03/04 18:22:01,7ddb745659f0ea8707a58407be0f82ddc59b7c4d,052bee323319875cabe5d0fe191dfcf4a07954f3,持卡人消费,学士楼商务网关,-2.0,86.63,5457,正常
2016/03/04 18:23:28,7ddb745659f0ea8707a58407be0f82ddc59b7c4d,052bee323319875cabe5d0fe191dfcf4a07954f3,持卡人消费,学士楼商务网关,-1.0,85.63,5458,正常
2016/03/04 18:24:41,7ddb745659f0ea8707a58407be0f82ddc59b7c4d,052bee323319875cabe5d0fe191dfcf4a07954f3,持卡人消费,学士楼商务网关,-2.5,83.13,5459,正常
2016/03/05 11:33:41,7ddb745659f0ea8707a58407be0f82ddc59b7c4d,052bee323319875cabe5d0fe191dfcf4a07954f3,持卡人消费,学士楼商务网关,-13.4,69.73,5460,正常
2016/03/05 20:19:07,7ddb745659f0ea8707a58407be0f82ddc59b7c4d,052bee323319875cabe5d0fe191dfcf4a07954f3,持卡人消费,A1,-6.0,63.73,5461,正常
2016/03/06 07:45:06,7ddb745659f0ea8707a58407be0f82ddc59b7c4d,052bee323319875cabe5d0fe191dfcf4a07954f3,持卡人消费,学士楼商务网关,-3.8,59.93,5462,正常
2016/03/06 12:05:01,7ddb745659f0ea8707a58407be0f82ddc59b7c4d,052bee323319875cabe5d0fe191dfcf4a07954f3,持卡人消费,学苑楼商务网关,-9.0,50.93,5463,正常
2016/03/06 12:09:18,7ddb745659f0ea8707a58407be0f82ddc59b7c4d,052bee323319875cabe5d0fe191dfcf4a07954f3,持卡人消费,学苑楼商务网关,-1.5,49.43,5464,正常
2016/03/06 12:09:39,7ddb745659f0ea8707a58407be0f82ddc59b7c4d,052bee323319875cabe5d0fe191dfcf4a07954f3,持卡人消费,学苑楼商务网关,-1.5,47.93,5465,正常
2016/03/07 08:05:47,7ddb745659f0ea8707a58407be0f82ddc59b7c4d,052bee323319875cabe5d0fe191dfcf4a07954f3,持卡人消费,学士楼商务网关,-4.0,43.93,5466,正常
2016/03/07 08:10:20,7ddb745659f0ea8707a58407be0f82ddc59b7c4d,052bee323319875cabe5d0fe191dfcf4a07954f3,持卡人消费,学士楼商务网关,-1.0,42.93,5467,正常
2016/03/07 10:52:43,7ddb745659f0ea8707a58407be0f82ddc59b7c4d,052bee323319875cabe5d0fe191dfcf4a07954f3,持卡人消费,学士楼商务网关,-7.3,35.63,5468,正常
2016/03/07 17:03:10,7ddb745659f0ea8707a58407be0f82ddc59b7c4d,052bee323319875cabe5d0fe191dfcf4a07954f3,持卡人消费,学士楼商务网关,-10.8,24.83,5469,正常
2016/03/08 08:48:46,7ddb745659f0ea8707a58407be0f82ddc59b7c4d,052bee323319875cabe5d0fe191dfcf4a07954f3,持卡人消费,学士楼商务网关,-4.1,20.73,5470,正常
2016/03/08 08:50:38,7ddb745659f0ea8707a58407be0f82ddc59b7c4d,052bee323319875cabe5d0fe191dfcf4a07954f3,持卡人消费,学士楼商务网关,-0.3,20.43,5471,正常
2016/03/08 11:16:00,7ddb745659f0ea8707a58407be0f82ddc59b7c4d,052bee323319875cabe5d0fe191dfcf4a07954f3,持卡人消费,学士楼商务网关,-9.6,10.83,5472,正常
2016/03/08 19:35:22,7ddb745659f0ea8707a58407be0f82ddc59b7c4d,052bee323319875cabe5d0fe191dfcf4a07954f3,持卡人消费,一校区水控新,-1.25,9.58,5474,正常
2016/03/08 19:40:30,7ddb745659f0ea8707a58407be0f82ddc59b7c4d,052bee323319875cabe5d0fe191dfcf4a07954f3,持卡人消费,一校区水控新,-0.53,9.05,5476,正常
2016/03/09 07:46:58,7ddb745659f0ea8707a58407be0f82ddc59b7c4d,052bee323319875cabe5d0fe191dfcf4a07954f3,持卡人消费,学士楼商务网关,-3.2,5.85,5477,正常
2016/03/09 11:23:45,7ddb745659f0ea8707a58407be0f82ddc59b7c4d,052bee323319875cabe5d0fe191dfcf4a07954f3,存款,卡中心综合业务,100.0,105.85,5478,正常
2016/03/09 11:27:43,7ddb745659f0ea8707a58407be0f82ddc59b7c4d,052bee323319875cabe5d0fe191dfcf4a07954f3,持卡人消费,学苑楼商务网关,-4.0,101.85,5479,正常
2016/03/09 11:28:13,7ddb745659f0ea8707a58407be0f82ddc59b7c4d,052bee323319875cabe5d0fe191dfcf4a07954f3,持卡人消费,学苑楼商务网关,-10.0,91.85,5480,正常
2016/03/09 11:29:20,7ddb745659f0ea8707a58407be0f82ddc59b7c4d,052bee323319875cabe5d0fe191dfcf4a07954f3,持卡人消费,学苑楼商务网关,-0.8,91.05,5481,正常
2016/03/09 11:30:17,7ddb745659f0ea8707a58407be0f82ddc59b7c4d,052bee323319875cabe5d0fe191dfcf4a07954f3,持卡人消费,学苑楼商务网关,-0.5,90.55,5482,正常
2016/03/09 17:19:30,7ddb745659f0ea8707a58407be0f82ddc59b7c4d,052bee323319875cabe5d0fe191dfcf4a07954f3,持卡人消费,学苑楼商务网关,-8.8,81.75,5483,正常
2016/03/09 17:21:22,7ddb745659f0ea8707a58407be0f82ddc59b7c4d,052bee323319875cabe5d0fe191dfcf4a07954f3,持卡人消费,学苑楼商务网关,-0.5,81.25,5484,正常
2016/03/10 07:40:11,7ddb745659f0ea8707a58407be0f82ddc59b7c4d,052bee323319875cabe5d0fe191dfcf4a07954f3,持卡人消费,学士楼商务网关,-7.4,73.85,5485,正常
2016/03/10 11:13:01,7ddb745659f0ea8707a58407be0f82ddc59b7c4d,052bee323319875cabe5d0fe191dfcf4a07954f3,持卡人消费,学士楼商务网关,-10.0,63.85,5486,正常
2016/03/10 15:56:05,7ddb745659f0ea8707a58407be0f82ddc59b7c4d,052bee323319875cabe5d0fe191dfcf4a07954f3,持卡人消费,一校区水控新,-0.92,62.93,5487,正常
2016/03/10 16:01:48,7ddb745659f0ea8707a58407be0f82ddc59b7c4d,052bee323319875cabe5d0fe191dfcf4a07954f3,持卡人消费,一校区水控新,-0.64,62.29,5488,正常
2016/03/10 16:37:48,7ddb745659f0ea8707a58407be0f82ddc59b7c4d,052bee323319875cabe5d0fe191dfcf4a07954f3,持卡人消费,学士楼商务网关,-6.0,56.29,5489,正常
2016/03/11 07:53:25,7ddb745659f0ea8707a58407be0f82ddc59b7c4d,052bee323319875cabe5d0fe191dfcf4a07954f3,持卡人消费,学士楼商务网关,-3.8,52.49,5490,正常
2016/03/11 11:11:14,7ddb745659f0ea8707a58407be0f82ddc59b7c4d,052bee323319875cabe5d0fe191dfcf4a07954f3,持卡人消费,身份前置机,-0.56,51.93,5491,正常
2016/03/11 11:19:50,7ddb745659f0ea8707a58407be0f82ddc59b7c4d,052bee323319875cabe5d0fe191dfcf4a07954f3,持卡人消费,学苑楼商务网关,-8.04,43.89,5492,正常
2016/03/11 11:20:23,7ddb745659f0ea8707a58407be0f82ddc59b7c4d,052bee323319875cabe5d0fe191dfcf4a07954f3,持卡人消费,学苑楼商务网关,-0.5,43.39,5493,正常
2016/03/14 16:36:19,7ddb745659f0ea8707a58407be0f82ddc59b7c4d,052bee323319875cabe5d0fe191dfcf4a07954f3,持卡人消费,一校区水控新,-1.48,27.91,5497,正常
2016/03/14 16:42:12,7ddb745659f0ea8707a58407be0f82ddc59b7c4d,052bee323319875cabe5d0fe191dfcf4a07954f3,持卡人消费,一校区水控新,-0.65,27.26,5498,正常
2016/03/14 17:26:09,7ddb745659f0ea8707a58407be0f82ddc59b7c4d,052bee323319875cabe5d0fe191dfcf4a07954f3,持卡人消费,学士楼商务网关,-11.9,15.36,5499,正常
2016/03/15 08:08:00,7ddb745659f0ea8707a58407be0f82ddc59b7c4d,052bee323319875cabe5d0fe191dfcf4a07954f3,持卡人消费,学士楼商务网关,-6.6,8.76,5500,正常
2016/03/15 10:55:33,7ddb745659f0ea8707a58407be0f82ddc59b7c4d,052bee323319875cabe5d0fe191dfcf4a07954f3,存款,现金充值机,200.0,208.76,5501,正常
2016/03/15 11:16:31,7ddb745659f0ea8707a58407be0f82ddc59b7c4d,052bee323319875cabe5d0fe191dfcf4a07954f3,持卡人消费,学士楼商务网关,-5.32,203.44,5502,正常
2016/03/15 11:17:36,7ddb745659f0ea8707a58407be0f82ddc59b7c4d,052bee323319875cabe5d0fe191dfcf4a07954f3,持卡人消费,学士楼商务网关,-11.1,192.34,5503,正常
2016/03/15 17:19:30,7ddb745659f0ea8707a58407be0f82ddc59b7c4d,052bee323319875cabe5d0fe191dfcf4a07954f3,持卡人消费,学士楼商务网关,-13.4,178.94,5504,正常
2016/03/15 18:53:34,7ddb745659f0ea8707a58407be0f82ddc59b7c4d,052bee323319875cabe5d0fe191dfcf4a07954f3,持卡人消费,A1,-6.0,172.94,5505,正常
2016/03/16 17:19:40,7ddb745659f0ea8707a58407be0f82ddc59b7c4d,052bee323319875cabe5d0fe191dfcf4a07954f3,持卡人消费,学士楼商务网关,-11.5,161.44,5506,正常
2016/03/16 18:01:58,7ddb745659f0ea8707a58407be0f82ddc59b7c4d,052bee323319875cabe5d0fe191dfcf4a07954f3,持卡人消费,超市商务子系统,-5.2,156.24,5507,正常
2016/03/16 18:04:15,7ddb745659f0ea8707a58407be0f82ddc59b7c4d,052bee323319875cabe5d0fe191dfcf4a07954f3,持卡人消费,超市商务子系统,-9.9,146.34,5508,正常
2016/03/17 07:53:02,7ddb745659f0ea8707a58407be0f82ddc59b7c4d,052bee323319875cabe5d0fe191dfcf4a07954f3,持卡人消费,学士楼商务网关,-6.2,140.14,5509,正常
2016/03/18 07:34:47,7ddb745659f0ea8707a58407be0f82ddc59b7c4d,052bee323319875cabe5d0fe191dfcf4a07954f3,持卡人消费,学士楼商务网关,-6.2,133.94,5510,正常
2016/03/18 18:05:32,7ddb745659f0ea8707a58407be0f82ddc59b7c4d,052bee323319875cabe5d0fe191dfcf4a07954f3,持卡人消费,学士楼商务网关,-7.1,126.84,5511,正常
2016/03/18 18:05:41,7ddb745659f0ea8707a58407be0f82ddc59b7c4d,052bee323319875cabe5d0fe191dfcf4a07954f3,持卡人消费,学士楼商务网关,-0.2,126.64,5512,正常
2016/03/18 21:27:05,7ddb745659f0ea8707a58407be0f82ddc59b7c4d,052bee323319875cabe5d0fe191dfcf4a07954f3,持卡人消费,学子超市园丁总店,-4.1,122.54,5513,正常
2016/03/19 07:07:26,7ddb745659f0ea8707a58407be0f82ddc59b7c4d,052bee323319875cabe5d0fe191dfcf4a07954f3,持卡人消费,学士楼商务网关,-6.5,116.04,5514,正常
2016/03/19 11:38:55,7ddb745659f0ea8707a58407be0f82ddc59b7c4d,052bee323319875cabe5d0fe191dfcf4a07954f3,持卡人消费,学士楼商务网关,-20.1,95.94,5515,正常
2016/03/19 11:41:47,7ddb745659f0ea8707a58407be0f82ddc59b7c4d,052bee323319875cabe5d0fe191dfcf4a07954f3,持卡人消费,学士楼商务网关,-4.8,91.14,5516,正常
2016/03/19 12:01:37,7ddb745659f0ea8707a58407be0f82ddc59b7c4d,052bee323319875cabe5d0fe191dfcf4a07954f3,持卡人消费,学士楼商务网关,-2.0,89.14,5517,正常
2016/03/19 20:05:31,7ddb745659f0ea8707a58407be0f82ddc59b7c4d,052bee323319875cabe5d0fe191dfcf4a07954f3,持卡人消费,学士楼商务网关,-3.8,85.34,5518,正常
2016/03/19 20:06:52,7ddb745659f0ea8707a58407be0f82ddc59b7c4d,052bee323319875cabe5d0fe191dfcf4a07954f3,持卡人消费,学士楼商务网关,-10.8,74.54,5519,正常
2016/03/20 07:25:36,7ddb745659f0ea8707a58407be0f82ddc59b7c4d,052bee323319875cabe5d0fe191dfcf4a07954f3,持卡人消费,学士楼商务网关,-7.2,67.34,5520,正常
2016/03/20 11:26:49,7ddb745659f0ea8707a58407be0f82ddc59b7c4d,052bee323319875cabe5d0fe191dfcf4a07954f3,持卡人消费,学苑楼商务网关,-1.0,66.34,5521,正常
2016/03/20 11:28:47,7ddb745659f0ea8707a58407be0f82ddc59b7c4d,052bee323319875cabe5d0fe191dfcf4a07954f3,持卡人消费,学苑楼商务网关,-1.86,64.48,5522,正常
2016/03/20 11:29:23,7ddb745659f0ea8707a58407be0f82ddc59b7c4d,052bee323319875cabe5d0fe191dfcf4a07954f3,持卡人消费,学苑楼商务网关,-6.0,58.48,5523,正常
2016/03/20 19:48:51,7ddb745659f0ea8707a58407be0f82ddc59b7c4d,052bee323319875cabe5d0fe191dfcf4a07954f3,持卡人消费,硕果园（工大商店）,-10.0,48.48,5524,正常
2016/03/21 07:55:20,7ddb745659f0ea8707a58407be0f82ddc59b7c4d,052bee323319875cabe5d0fe191dfcf4a07954f3,持卡人消费,学士楼商务网关,-12.6,35.88,5525,正常
2016/03/21 11:33:00,7ddb745659f0ea8707a58407be0f82ddc59b7c4d,052bee323319875cabe5d0fe191dfcf4a07954f3,持卡人消费,学士楼商务网关,-5.6,30.28,5526,正常
2016/03/21 14:24:28,7ddb745659f0ea8707a58407be0f82ddc59b7c4d,052bee323319875cabe5d0fe191dfcf4a07954f3,持卡人消费,一校区水控新,-0.01,30.27,5527,正常
2016/03/21 14:32:01,7ddb745659f0ea8707a58407be0f82ddc59b7c4d,052bee323319875cabe5d0fe191dfcf4a07954f3,持卡人消费,一校区水控新,-1.4,28.87,5528,正常
2016/03/21 14:39:10,7ddb745659f0ea8707a58407be0f82ddc59b7c4d,052bee323319875cabe5d0fe191dfcf4a07954f3,持卡人消费,一校区水控新,-0.88,27.99,5529,正常
2016/03/21 17:20:38,7ddb745659f0ea8707a58407be0f82ddc59b7c4d,052bee323319875cabe5d0fe191dfcf4a07954f3,存款,学苑楼综合业务2,100.0,127.99,5530,正常
2016/03/21 17:24:14,7ddb745659f0ea8707a58407be0f82ddc59b7c4d,052bee323319875cabe5d0fe191dfcf4a07954f3,持卡人消费,学苑楼商务网关,-3.0,124.99,5531,正常
2016/03/21 17:24:54,7ddb745659f0ea8707a58407be0f82ddc59b7c4d,052bee323319875cabe5d0fe191dfcf4a07954f3,持卡人消费,学苑楼商务网关,-1.7,123.29,5532,正常
2016/03/22 07:52:57,7ddb745659f0ea8707a58407be0f82ddc59b7c4d,052bee323319875cabe5d0fe191dfcf4a07954f3,持卡人消费,学苑楼商务网关,-9.0,114.29,5533,正常
2016/03/22 07:52:59,7ddb745659f0ea8707a58407be0f82ddc59b7c4d,052bee323319875cabe5d0fe191dfcf4a07954f3,持卡人消费,学苑楼商务网关,-9.0,105.29,5534,正常
2016/03/22 11:33:16,7ddb745659f0ea8707a58407be0f82ddc59b7c4d,052bee323319875cabe5d0fe191dfcf4a07954f3,持卡人消费,学苑楼商务网关,-9.48,95.81,5535,正常
2016/03/22 11:33:52,7ddb745659f0ea8707a58407be0f82ddc59b7c4d,052bee323319875cabe5d0fe191dfcf4a07954f3,持卡人消费,学苑楼商务网关,-0.5,95.31,5536,正常
2016/03/22 17:26:05,7ddb745659f0ea8707a58407be0f82ddc59b7c4d,052bee323319875cabe5d0fe191dfcf4a07954f3,持卡人消费,学苑楼商务网关,-6.0,89.31,5537,正常
2016/03/23 13:45:55,7ddb745659f0ea8707a58407be0f82ddc59b7c4d,052bee323319875cabe5d0fe191dfcf4a07954f3,持卡人消费,学士楼商务网关,-3.0,86.31,5538,正常
2016/03/23 13:47:26,7ddb745659f0ea8707a58407be0f82ddc59b7c4d,052bee323319875cabe5d0fe191dfcf4a07954f3,持卡人消费,学士楼商务网关,-6.0,80.31,5539,正常
2016/03/23 13:47:58,7ddb745659f0ea8707a58407be0f82ddc59b7c4d,052bee323319875cabe5d0fe191dfcf4a07954f3,持卡人消费,学士楼商务网关,-2.0,78.31,5540,正常
2016/03/23 17:19:11,7ddb745659f0ea8707a58407be0f82ddc59b7c4d,052bee323319875cabe5d0fe191dfcf4a07954f3,持卡人消费,学苑楼商务网关,-7.0,71.31,5541,正常
2016/03/23 17:20:44,7ddb745659f0ea8707a58407be0f82ddc59b7c4d,052bee323319875cabe5d0fe191dfcf4a07954f3,持卡人消费,学苑楼商务网关,-1.6,69.71,5542,正常
2016/03/24 07:36:07,7ddb745659f0ea8707a58407be0f82ddc59b7c4d,052bee323319875cabe5d0fe191dfcf4a07954f3,持卡人消费,学士楼商务网关,-7.7,62.01,5543,正常
2016/03/24 07:36:14,7ddb745659f0ea8707a58407be0f82ddc59b7c4d,052bee323319875cabe5d0fe191dfcf4a07954f3,持卡人消费,学士楼商务网关,-10.1,51.91,5544,正常
2016/03/24 11:32:54,7ddb745659f0ea8707a58407be0f82ddc59b7c4d,052bee323319875cabe5d0fe191dfcf4a07954f3,持卡人消费,学士楼商务网关,-7.6,44.31,5545,正常
2016/03/24 14:17:03,7ddb745659f0ea8707a58407be0f82ddc59b7c4d,052bee323319875cabe5d0fe191dfcf4a07954f3,持卡人消费,一校区水控新,-1.44,42.87,5547,正常
2016/03/24 14:23:29,7ddb745659f0ea8707a58407be0f82ddc59b7c4d,052bee323319875cabe5d0fe191dfcf4a07954f3,持卡人消费,一校区水控新,-0.75,42.12,5549,正常
2016/03/24 14:30:32,7ddb745659f0ea8707a58407be0f82ddc59b7c4d,052bee323319875cabe5d0fe191dfcf4a07954f3,持卡人消费,A1,-6.0,36.12,5550,正常
2016/03/24 18:00:40,7ddb745659f0ea8707a58407be0f82ddc59b7c4d,052bee323319875cabe5d0fe191dfcf4a07954f3,持卡人消费,硕果园（工大商店）,-17.0,19.12,5551,正常
2016/03/25 07:43:19,7ddb745659f0ea8707a58407be0f82ddc59b7c4d,052bee323319875cabe5d0fe191dfcf4a07954f3,持卡人消费,学苑楼商务网关,-9.0,10.12,5552,正常
2016/03/25 11:50:17,7ddb745659f0ea8707a58407be0f82ddc59b7c4d,052bee323319875cabe5d0fe191dfcf4a07954f3,持卡人消费,学士楼商务网关,-7.35,2.77,5553,正常
2016/03/25 17:19:11,7ddb745659f0ea8707a58407be0f82ddc59b7c4d,052bee323319875cabe5d0fe191dfcf4a07954f3,存款,现金充值机,50.0,52.77,5554,正常
2016/03/25 17:39:45,7ddb745659f0ea8707a58407be0f82ddc59b7c4d,052bee323319875cabe5d0fe191dfcf4a07954f3,持卡人消费,学苑楼商务网关,-7.0,45.77,5555,正常
2016/03/25 17:41:35,7ddb745659f0ea8707a58407be0f82ddc59b7c4d,052bee323319875cabe5d0fe191dfcf4a07954f3,持卡人消费,学苑楼商务网关,-5.0,40.77,5556,正常
2016/03/25 17:41:47,7ddb745659f0ea8707a58407be0f82ddc59b7c4d,052bee323319875cabe5d0fe191dfcf4a07954f3,持卡人消费,学苑楼商务网关,-1.0,39.77,5557,正常
2016/03/31 18:54:15,7ddb745659f0ea8707a58407be0f82ddc59b7c4d,052bee323319875cabe5d0fe191dfcf4a07954f3,持卡人消费,15公寓浴池,-1.76,38.01,5559,正常
2016/03/31 19:01:53,7ddb745659f0ea8707a58407be0f82ddc59b7c4d,052bee323319875cabe5d0fe191dfcf4a07954f3,持卡人消费,15公寓浴池,-0.91,37.10,5561,正常
