交易发生时间,学号,姓名,交易类型,子系统名称,交易额,现有余额,次数,状态
2016/03/01 20:14:35,395fcf3a0f6fe20ebc568daf84839577e14a462c,0549e313584c99da80080c07fa438c59bd6c0ac0,持卡人消费,学子便利店B06,-10.9,37.63,4881,正常
2016/03/02 12:29:46,395fcf3a0f6fe20ebc568daf84839577e14a462c,0549e313584c99da80080c07fa438c59bd6c0ac0,持卡人消费,学子便利店B06,-13.1,24.53,4882,正常
2016/03/02 15:15:30,395fcf3a0f6fe20ebc568daf84839577e14a462c,0549e313584c99da80080c07fa438c59bd6c0ac0,持卡人消费,B6,-6.0,18.53,4883,正常
2016/03/02 18:00:13,395fcf3a0f6fe20ebc568daf84839577e14a462c,0549e313584c99da80080c07fa438c59bd6c0ac0,持卡人消费,四食堂商务网关,-5.9,12.63,4884,正常
2016/03/02 18:01:07,395fcf3a0f6fe20ebc568daf84839577e14a462c,0549e313584c99da80080c07fa438c59bd6c0ac0,持卡人消费,四食堂商务网关,-2.3,10.33,4885,正常
2016/03/02 18:22:54,395fcf3a0f6fe20ebc568daf84839577e14a462c,0549e313584c99da80080c07fa438c59bd6c0ac0,持卡人消费,二区水控,-0.03,10.30,4887,正常
2016/03/02 18:28:06,395fcf3a0f6fe20ebc568daf84839577e14a462c,0549e313584c99da80080c07fa438c59bd6c0ac0,持卡人消费,二区水控,-0.96,9.34,4889,正常
2016/03/02 18:39:37,395fcf3a0f6fe20ebc568daf84839577e14a462c,0549e313584c99da80080c07fa438c59bd6c0ac0,持卡人消费,学子便利店B06,-3.0,6.34,4890,正常
2016/03/02 19:51:47,395fcf3a0f6fe20ebc568daf84839577e14a462c,0549e313584c99da80080c07fa438c59bd6c0ac0,持卡人消费,学子便利店B06,-2.2,4.14,4891,正常
2016/03/03 21:33:59,395fcf3a0f6fe20ebc568daf84839577e14a462c,0549e313584c99da80080c07fa438c59bd6c0ac0,持卡人消费,学子便利店B06,-3.8,0.34,4892,正常
2016/03/04 12:52:36,395fcf3a0f6fe20ebc568daf84839577e14a462c,0549e313584c99da80080c07fa438c59bd6c0ac0,存款,2区卡中心综合业务,70.0,70.34,4893,正常
2016/03/04 13:02:33,395fcf3a0f6fe20ebc568daf84839577e14a462c,0549e313584c99da80080c07fa438c59bd6c0ac0,持卡人消费,二区水控,-1.28,69.06,4895,正常
2016/03/04 14:09:48,395fcf3a0f6fe20ebc568daf84839577e14a462c,0549e313584c99da80080c07fa438c59bd6c0ac0,持卡人消费,四食堂商务网关,-6.8,62.26,4896,正常
2016/03/04 14:10:31,395fcf3a0f6fe20ebc568daf84839577e14a462c,0549e313584c99da80080c07fa438c59bd6c0ac0,持卡人消费,四食堂商务网关,-3.0,59.26,4897,正常
2016/03/05 12:04:15,395fcf3a0f6fe20ebc568daf84839577e14a462c,0549e313584c99da80080c07fa438c59bd6c0ac0,持卡人消费,九食堂商务网关,-3.7,55.56,4898,正常
2016/03/05 12:05:31,395fcf3a0f6fe20ebc568daf84839577e14a462c,0549e313584c99da80080c07fa438c59bd6c0ac0,持卡人消费,九食堂商务网关,-9.0,46.56,4899,正常
2016/03/06 07:48:38,395fcf3a0f6fe20ebc568daf84839577e14a462c,0549e313584c99da80080c07fa438c59bd6c0ac0,持卡人消费,学子便利店B06,-5.4,41.16,4900,正常
2016/03/06 11:02:18,395fcf3a0f6fe20ebc568daf84839577e14a462c,0549e313584c99da80080c07fa438c59bd6c0ac0,持卡人消费,四食堂商务网关,-3.5,37.66,4901,正常
2016/03/06 11:03:22,395fcf3a0f6fe20ebc568daf84839577e14a462c,0549e313584c99da80080c07fa438c59bd6c0ac0,持卡人消费,四食堂商务网关,-6.0,31.66,4902,正常
2016/03/06 11:25:16,395fcf3a0f6fe20ebc568daf84839577e14a462c,0549e313584c99da80080c07fa438c59bd6c0ac0,持卡人消费,学子便利店B06,-2.6,29.06,4903,正常
2016/03/06 17:45:56,395fcf3a0f6fe20ebc568daf84839577e14a462c,0549e313584c99da80080c07fa438c59bd6c0ac0,持卡人消费,九食堂商务网关,-3.1,25.96,4904,正常
2016/03/06 17:46:53,395fcf3a0f6fe20ebc568daf84839577e14a462c,0549e313584c99da80080c07fa438c59bd6c0ac0,持卡人消费,九食堂商务网关,-0.4,25.56,4905,正常
2016/03/06 17:50:06,395fcf3a0f6fe20ebc568daf84839577e14a462c,0549e313584c99da80080c07fa438c59bd6c0ac0,持卡人消费,九食堂商务网关,-2.0,23.56,4906,正常
2016/03/06 18:01:24,395fcf3a0f6fe20ebc568daf84839577e14a462c,0549e313584c99da80080c07fa438c59bd6c0ac0,持卡人消费,九食堂商务网关,-3.4,20.16,4907,正常
2016/03/07 11:24:22,395fcf3a0f6fe20ebc568daf84839577e14a462c,0549e313584c99da80080c07fa438c59bd6c0ac0,持卡人消费,九食堂商务网关,-9.0,11.16,4908,正常
2016/03/07 11:39:00,395fcf3a0f6fe20ebc568daf84839577e14a462c,0549e313584c99da80080c07fa438c59bd6c0ac0,持卡人消费,九食堂商务网关,-4.0,7.16,4909,正常
2016/03/07 16:35:39,395fcf3a0f6fe20ebc568daf84839577e14a462c,0549e313584c99da80080c07fa438c59bd6c0ac0,存款,现金充值机,50.0,57.16,4910,正常
2016/03/07 17:02:31,395fcf3a0f6fe20ebc568daf84839577e14a462c,0549e313584c99da80080c07fa438c59bd6c0ac0,持卡人消费,九食堂商务网关,-2.5,54.66,4911,正常
2016/03/07 17:03:06,395fcf3a0f6fe20ebc568daf84839577e14a462c,0549e313584c99da80080c07fa438c59bd6c0ac0,持卡人消费,九食堂商务网关,-3.3,51.36,4912,正常
2016/03/07 17:15:20,395fcf3a0f6fe20ebc568daf84839577e14a462c,0549e313584c99da80080c07fa438c59bd6c0ac0,持卡人消费,九食堂商务网关,-9.0,42.36,4913,正常
2016/03/07 21:55:02,395fcf3a0f6fe20ebc568daf84839577e14a462c,0549e313584c99da80080c07fa438c59bd6c0ac0,持卡人消费,学子便利店B06,-10.1,32.26,4914,正常
2016/03/08 11:21:47,395fcf3a0f6fe20ebc568daf84839577e14a462c,0549e313584c99da80080c07fa438c59bd6c0ac0,持卡人消费,九食堂商务网关,-9.0,23.26,4915,正常
2016/03/08 20:37:19,395fcf3a0f6fe20ebc568daf84839577e14a462c,0549e313584c99da80080c07fa438c59bd6c0ac0,持卡人消费,二区水控,-0.64,22.62,4917,正常
2016/03/08 20:47:18,395fcf3a0f6fe20ebc568daf84839577e14a462c,0549e313584c99da80080c07fa438c59bd6c0ac0,持卡人消费,二区水控,-1.18,21.44,4919,正常
2016/03/08 20:56:04,395fcf3a0f6fe20ebc568daf84839577e14a462c,0549e313584c99da80080c07fa438c59bd6c0ac0,持卡人消费,学子便利店B06,-6.9,14.54,4920,正常
2016/03/09 11:14:31,395fcf3a0f6fe20ebc568daf84839577e14a462c,0549e313584c99da80080c07fa438c59bd6c0ac0,持卡人消费,九食堂商务网关,-8.0,6.54,4921,正常
2016/03/09 11:16:09,395fcf3a0f6fe20ebc568daf84839577e14a462c,0549e313584c99da80080c07fa438c59bd6c0ac0,持卡人消费,九食堂商务网关,-1.0,5.54,4922,正常
2016/03/09 11:16:48,395fcf3a0f6fe20ebc568daf84839577e14a462c,0549e313584c99da80080c07fa438c59bd6c0ac0,持卡人消费,九食堂商务网关,-2.0,3.54,4923,正常
2016/03/18 22:06:03,395fcf3a0f6fe20ebc568daf84839577e14a462c,0549e313584c99da80080c07fa438c59bd6c0ac0,持卡人消费,学子便利店B06,-0.7,2.84,4924,正常
2016/03/19 11:36:01,395fcf3a0f6fe20ebc568daf84839577e14a462c,0549e313584c99da80080c07fa438c59bd6c0ac0,存款,2区卡中心综合业务,100.0,102.84,4925,正常
2016/03/19 11:38:30,395fcf3a0f6fe20ebc568daf84839577e14a462c,0549e313584c99da80080c07fa438c59bd6c0ac0,持卡人消费,九食堂商务网关,-10.0,92.84,4926,正常
2016/03/19 16:41:02,395fcf3a0f6fe20ebc568daf84839577e14a462c,0549e313584c99da80080c07fa438c59bd6c0ac0,持卡人消费,学子便利店B06,-7.3,85.54,4927,正常
2016/03/19 17:33:43,395fcf3a0f6fe20ebc568daf84839577e14a462c,0549e313584c99da80080c07fa438c59bd6c0ac0,持卡人消费,九食堂商务网关,-9.0,76.54,4928,正常
2016/03/19 17:48:16,395fcf3a0f6fe20ebc568daf84839577e14a462c,0549e313584c99da80080c07fa438c59bd6c0ac0,持卡人消费,B6,-3.0,73.54,4929,正常
2016/03/19 17:49:16,395fcf3a0f6fe20ebc568daf84839577e14a462c,0549e313584c99da80080c07fa438c59bd6c0ac0,持卡人消费,学子便利店B06,-7.0,66.54,4930,正常
2016/03/20 07:59:56,395fcf3a0f6fe20ebc568daf84839577e14a462c,0549e313584c99da80080c07fa438c59bd6c0ac0,持卡人消费,九食堂商务网关,-0.5,66.04,4931,正常
2016/03/20 08:00:21,395fcf3a0f6fe20ebc568daf84839577e14a462c,0549e313584c99da80080c07fa438c59bd6c0ac0,持卡人消费,九食堂商务网关,-3.0,63.04,4932,正常
2016/03/21 11:35:37,395fcf3a0f6fe20ebc568daf84839577e14a462c,0549e313584c99da80080c07fa438c59bd6c0ac0,持卡人消费,九食堂商务网关,-10.0,53.04,4933,正常
2016/03/21 16:56:52,395fcf3a0f6fe20ebc568daf84839577e14a462c,0549e313584c99da80080c07fa438c59bd6c0ac0,持卡人消费,二区水控,-1.1,51.94,4935,正常
2016/03/21 17:05:48,395fcf3a0f6fe20ebc568daf84839577e14a462c,0549e313584c99da80080c07fa438c59bd6c0ac0,持卡人消费,学子便利店B06,-2.0,49.94,4936,正常
2016/03/22 09:20:21,395fcf3a0f6fe20ebc568daf84839577e14a462c,0549e313584c99da80080c07fa438c59bd6c0ac0,持卡人消费,学子便利店B06,-8.5,41.44,4937,正常
2016/03/22 22:21:18,395fcf3a0f6fe20ebc568daf84839577e14a462c,0549e313584c99da80080c07fa438c59bd6c0ac0,持卡人消费,学子便利店B06,-9.9,31.54,4938,正常
2016/03/23 17:03:09,395fcf3a0f6fe20ebc568daf84839577e14a462c,0549e313584c99da80080c07fa438c59bd6c0ac0,持卡人消费,学子便利店B06,-4.4,27.14,4939,正常
2016/03/23 17:25:29,395fcf3a0f6fe20ebc568daf84839577e14a462c,0549e313584c99da80080c07fa438c59bd6c0ac0,持卡人消费,二区水控,-0.03,27.11,4941,正常
2016/03/23 17:32:05,395fcf3a0f6fe20ebc568daf84839577e14a462c,0549e313584c99da80080c07fa438c59bd6c0ac0,持卡人消费,二区水控,-1.23,25.88,4943,正常
2016/03/24 11:36:21,395fcf3a0f6fe20ebc568daf84839577e14a462c,0549e313584c99da80080c07fa438c59bd6c0ac0,持卡人消费,九食堂商务网关,-8.0,17.88,4944,正常
2016/03/24 17:16:33,395fcf3a0f6fe20ebc568daf84839577e14a462c,0549e313584c99da80080c07fa438c59bd6c0ac0,持卡人消费,九食堂商务网关,-10.0,7.88,4945,正常
2016/03/24 17:33:24,395fcf3a0f6fe20ebc568daf84839577e14a462c,0549e313584c99da80080c07fa438c59bd6c0ac0,持卡人消费,学子便利店B06,-5.3,2.58,4946,正常
2016/03/25 14:37:47,395fcf3a0f6fe20ebc568daf84839577e14a462c,0549e313584c99da80080c07fa438c59bd6c0ac0,持卡人消费,学子便利店B06,-1.6,0.98,4947,正常
2016/03/25 16:54:15,395fcf3a0f6fe20ebc568daf84839577e14a462c,0549e313584c99da80080c07fa438c59bd6c0ac0,存款,2区卡中心综合业务,100.0,100.98,4948,正常
2016/03/25 17:09:36,395fcf3a0f6fe20ebc568daf84839577e14a462c,0549e313584c99da80080c07fa438c59bd6c0ac0,持卡人消费,二区水控,-2.19,98.79,4949,正常
2016/03/26 11:17:33,395fcf3a0f6fe20ebc568daf84839577e14a462c,0549e313584c99da80080c07fa438c59bd6c0ac0,持卡人消费,九食堂商务网关,-3.5,95.29,4950,正常
2016/03/26 11:17:50,395fcf3a0f6fe20ebc568daf84839577e14a462c,0549e313584c99da80080c07fa438c59bd6c0ac0,持卡人消费,九食堂商务网关,-6.0,89.29,4951,正常
2016/03/26 11:19:49,395fcf3a0f6fe20ebc568daf84839577e14a462c,0549e313584c99da80080c07fa438c59bd6c0ac0,持卡人消费,九食堂商务网关,-3.3,85.99,4952,正常
2016/03/27 08:55:06,395fcf3a0f6fe20ebc568daf84839577e14a462c,0549e313584c99da80080c07fa438c59bd6c0ac0,持卡人消费,学子便利店B06,-6.4,79.59,4953,正常
2016/03/27 16:42:56,395fcf3a0f6fe20ebc568daf84839577e14a462c,0549e313584c99da80080c07fa438c59bd6c0ac0,持卡人消费,九食堂商务网关,-3.5,76.09,4954,正常
2016/03/27 16:44:01,395fcf3a0f6fe20ebc568daf84839577e14a462c,0549e313584c99da80080c07fa438c59bd6c0ac0,持卡人消费,九食堂商务网关,-2.0,74.09,4955,正常
2016/03/27 16:44:36,395fcf3a0f6fe20ebc568daf84839577e14a462c,0549e313584c99da80080c07fa438c59bd6c0ac0,持卡人消费,九食堂商务网关,-1.3,72.79,4956,正常
2016/03/27 19:40:04,395fcf3a0f6fe20ebc568daf84839577e14a462c,0549e313584c99da80080c07fa438c59bd6c0ac0,持卡人消费,学子便利店B06,-8.8,63.99,4957,正常
2016/03/27 20:03:26,395fcf3a0f6fe20ebc568daf84839577e14a462c,0549e313584c99da80080c07fa438c59bd6c0ac0,持卡人消费,二区水控,-1.63,62.36,4959,正常
2016/03/27 20:06:05,395fcf3a0f6fe20ebc568daf84839577e14a462c,0549e313584c99da80080c07fa438c59bd6c0ac0,持卡人消费,二区水控,-0.03,62.33,4961,正常
2016/03/27 22:25:40,395fcf3a0f6fe20ebc568daf84839577e14a462c,0549e313584c99da80080c07fa438c59bd6c0ac0,持卡人消费,学子便利店B06,-2.7,59.63,4962,正常
2016/03/28 11:27:07,395fcf3a0f6fe20ebc568daf84839577e14a462c,0549e313584c99da80080c07fa438c59bd6c0ac0,持卡人消费,九食堂商务网关,-3.1,56.53,4963,正常
2016/03/29 11:13:27,395fcf3a0f6fe20ebc568daf84839577e14a462c,0549e313584c99da80080c07fa438c59bd6c0ac0,持卡人消费,九食堂商务网关,-12.0,44.53,4964,正常
2016/03/29 18:03:02,395fcf3a0f6fe20ebc568daf84839577e14a462c,0549e313584c99da80080c07fa438c59bd6c0ac0,持卡人消费,九食堂商务网关,-4.1,40.43,4965,正常
2016/03/29 18:06:18,395fcf3a0f6fe20ebc568daf84839577e14a462c,0549e313584c99da80080c07fa438c59bd6c0ac0,持卡人消费,学子便利店B06,-2.7,37.73,4966,正常
2016/03/29 22:14:25,395fcf3a0f6fe20ebc568daf84839577e14a462c,0549e313584c99da80080c07fa438c59bd6c0ac0,持卡人消费,学子便利店B06,-2.6,35.13,4967,正常
2016/03/30 17:48:48,395fcf3a0f6fe20ebc568daf84839577e14a462c,0549e313584c99da80080c07fa438c59bd6c0ac0,持卡人消费,九食堂商务网关,-8.0,27.13,4968,正常
2016/03/30 17:49:35,395fcf3a0f6fe20ebc568daf84839577e14a462c,0549e313584c99da80080c07fa438c59bd6c0ac0,持卡人消费,九食堂商务网关,-1.0,26.13,4969,正常
2016/03/30 20:00:37,395fcf3a0f6fe20ebc568daf84839577e14a462c,0549e313584c99da80080c07fa438c59bd6c0ac0,持卡人消费,二区水控,-0.67,25.46,4973,正常
2016/03/30 20:10:36,395fcf3a0f6fe20ebc568daf84839577e14a462c,0549e313584c99da80080c07fa438c59bd6c0ac0,持卡人消费,二区水控,-1.14,24.32,4975,正常
2016/03/31 17:26:17,395fcf3a0f6fe20ebc568daf84839577e14a462c,0549e313584c99da80080c07fa438c59bd6c0ac0,持卡人消费,学子便利店B06,-6.4,17.92,4976,正常
