交易发生时间,学号,姓名,交易类型,子系统名称,交易额,现有余额,次数,状态
2016/03/06 21:14:26,400ebeeb8f4b2d51919022c371b2363fb8e2dfa0,055d9478a3caaab3a85ee2c679cca11952af7c51,持卡人消费,学子便利店A01后楼,-0.9,85.54,3302,正常
2016/03/07 14:22:43,400ebeeb8f4b2d51919022c371b2363fb8e2dfa0,055d9478a3caaab3a85ee2c679cca11952af7c51,持卡人消费,15公寓浴池,-2.0,83.54,3303,正常
2016/03/07 14:27:13,400ebeeb8f4b2d51919022c371b2363fb8e2dfa0,055d9478a3caaab3a85ee2c679cca11952af7c51,持卡人消费,15公寓浴池,-0.83,82.71,3305,正常
2016/03/10 20:17:37,400ebeeb8f4b2d51919022c371b2363fb8e2dfa0,055d9478a3caaab3a85ee2c679cca11952af7c51,持卡人消费,学子便利店A01后楼,-7.4,75.31,3306,正常
2016/03/12 07:38:38,400ebeeb8f4b2d51919022c371b2363fb8e2dfa0,055d9478a3caaab3a85ee2c679cca11952af7c51,持卡人消费,学子便利店A01后楼,-0.8,74.51,3307,正常
2016/03/12 17:14:45,400ebeeb8f4b2d51919022c371b2363fb8e2dfa0,055d9478a3caaab3a85ee2c679cca11952af7c51,持卡人消费,15公寓浴池,-2.0,72.51,3308,正常
2016/03/12 17:15:42,400ebeeb8f4b2d51919022c371b2363fb8e2dfa0,055d9478a3caaab3a85ee2c679cca11952af7c51,持卡人消费,15公寓浴池,-0.18,72.33,3310,正常
2016/03/15 09:46:59,400ebeeb8f4b2d51919022c371b2363fb8e2dfa0,055d9478a3caaab3a85ee2c679cca11952af7c51,持卡人消费,游泳馆,-6.0,66.33,3311,正常
2016/03/17 09:05:03,400ebeeb8f4b2d51919022c371b2363fb8e2dfa0,055d9478a3caaab3a85ee2c679cca11952af7c51,持卡人消费,学子便利店A01后楼,-1.9,64.43,3312,正常
2016/03/17 17:36:58,400ebeeb8f4b2d51919022c371b2363fb8e2dfa0,055d9478a3caaab3a85ee2c679cca11952af7c51,持卡人消费,15公寓浴池,-1.63,62.80,3314,正常
2016/03/17 18:08:56,400ebeeb8f4b2d51919022c371b2363fb8e2dfa0,055d9478a3caaab3a85ee2c679cca11952af7c51,持卡人消费,学苑楼商务网关,-8.8,54.00,3315,正常
2016/03/17 18:10:05,400ebeeb8f4b2d51919022c371b2363fb8e2dfa0,055d9478a3caaab3a85ee2c679cca11952af7c51,持卡人消费,学苑楼商务网关,-7.0,47.00,3316,正常
2016/03/17 18:30:23,400ebeeb8f4b2d51919022c371b2363fb8e2dfa0,055d9478a3caaab3a85ee2c679cca11952af7c51,存款,现金充值机,200.0,247.00,3317,正常
2016/03/18 22:22:43,400ebeeb8f4b2d51919022c371b2363fb8e2dfa0,055d9478a3caaab3a85ee2c679cca11952af7c51,持卡人消费,学子便利店A01后楼,-7.3,239.70,3318,正常
2016/03/19 09:47:40,400ebeeb8f4b2d51919022c371b2363fb8e2dfa0,055d9478a3caaab3a85ee2c679cca11952af7c51,持卡人消费,学士楼商务网关,-3.0,236.70,3319,正常
2016/03/19 09:48:50,400ebeeb8f4b2d51919022c371b2363fb8e2dfa0,055d9478a3caaab3a85ee2c679cca11952af7c51,持卡人消费,学士楼商务网关,-4.0,232.70,3320,正常
2016/03/20 07:43:20,400ebeeb8f4b2d51919022c371b2363fb8e2dfa0,055d9478a3caaab3a85ee2c679cca11952af7c51,持卡人消费,学子便利店A01后楼,-2.8,229.90,3321,正常
2016/03/20 11:08:38,400ebeeb8f4b2d51919022c371b2363fb8e2dfa0,055d9478a3caaab3a85ee2c679cca11952af7c51,持卡人消费,学子便利店A01后楼,-6.5,223.40,3322,正常
2016/03/20 12:32:12,400ebeeb8f4b2d51919022c371b2363fb8e2dfa0,055d9478a3caaab3a85ee2c679cca11952af7c51,持卡人消费,15公寓浴池,-0.53,222.87,3324,正常
2016/03/20 12:38:51,400ebeeb8f4b2d51919022c371b2363fb8e2dfa0,055d9478a3caaab3a85ee2c679cca11952af7c51,持卡人消费,15公寓浴池,-1.26,221.61,3326,正常
2016/03/21 12:24:21,400ebeeb8f4b2d51919022c371b2363fb8e2dfa0,055d9478a3caaab3a85ee2c679cca11952af7c51,持卡人消费,学子便利店A01后楼,-2.5,219.11,3327,正常
2016/03/21 12:50:45,400ebeeb8f4b2d51919022c371b2363fb8e2dfa0,055d9478a3caaab3a85ee2c679cca11952af7c51,持卡人消费,15公寓浴池,-1.63,215.48,3330,正常
2016/03/21 12:50:58,400ebeeb8f4b2d51919022c371b2363fb8e2dfa0,055d9478a3caaab3a85ee2c679cca11952af7c51,持卡人消费,15公寓浴池,-1.73,215.75,3331,正常
2016/03/21 12:57:18,400ebeeb8f4b2d51919022c371b2363fb8e2dfa0,055d9478a3caaab3a85ee2c679cca11952af7c51,持卡人消费,15公寓浴池,-0.85,212.90,3334,正常
2016/03/21 12:57:24,400ebeeb8f4b2d51919022c371b2363fb8e2dfa0,055d9478a3caaab3a85ee2c679cca11952af7c51,持卡人消费,15公寓浴池,-1.14,213.76,3335,正常
2016/03/21 14:52:13,400ebeeb8f4b2d51919022c371b2363fb8e2dfa0,055d9478a3caaab3a85ee2c679cca11952af7c51,持卡人消费,超市商务子系统,-10.0,203.76,3336,正常
2016/03/22 15:03:43,400ebeeb8f4b2d51919022c371b2363fb8e2dfa0,055d9478a3caaab3a85ee2c679cca11952af7c51,持卡人消费,学子便利店A01后楼,-2.3,201.46,3337,正常
2016/03/24 08:18:15,400ebeeb8f4b2d51919022c371b2363fb8e2dfa0,055d9478a3caaab3a85ee2c679cca11952af7c51,持卡人消费,学子便利店A01后楼,-5.3,196.16,3338,正常
2016/03/25 18:06:49,400ebeeb8f4b2d51919022c371b2363fb8e2dfa0,055d9478a3caaab3a85ee2c679cca11952af7c51,持卡人消费,学子便利店A01后楼,-2.8,193.36,3339,正常
2016/03/26 09:04:45,400ebeeb8f4b2d51919022c371b2363fb8e2dfa0,055d9478a3caaab3a85ee2c679cca11952af7c51,持卡人消费,学子便利店A01后楼,-7.6,185.76,3340,正常
2016/03/26 16:14:09,400ebeeb8f4b2d51919022c371b2363fb8e2dfa0,055d9478a3caaab3a85ee2c679cca11952af7c51,持卡人消费,15公寓浴池,-2.0,183.76,3341,正常
2016/03/26 16:15:47,400ebeeb8f4b2d51919022c371b2363fb8e2dfa0,055d9478a3caaab3a85ee2c679cca11952af7c51,持卡人消费,15公寓浴池,-2.0,181.76,3342,正常
2016/03/26 16:17:59,400ebeeb8f4b2d51919022c371b2363fb8e2dfa0,055d9478a3caaab3a85ee2c679cca11952af7c51,持卡人消费,15公寓浴池,-0.67,181.09,3344,正常
2016/03/28 12:42:47,400ebeeb8f4b2d51919022c371b2363fb8e2dfa0,055d9478a3caaab3a85ee2c679cca11952af7c51,持卡人消费,学子便利店A01后楼,-13.0,168.09,3345,正常
2016/03/28 22:49:00,400ebeeb8f4b2d51919022c371b2363fb8e2dfa0,055d9478a3caaab3a85ee2c679cca11952af7c51,持卡人消费,A1,-3.0,165.09,3346,正常
2016/03/29 14:03:44,400ebeeb8f4b2d51919022c371b2363fb8e2dfa0,055d9478a3caaab3a85ee2c679cca11952af7c51,持卡人消费,15公寓浴池,-2.0,163.09,3347,正常
2016/03/29 14:03:52,400ebeeb8f4b2d51919022c371b2363fb8e2dfa0,055d9478a3caaab3a85ee2c679cca11952af7c51,持卡人消费,15公寓浴池,-2.0,161.09,3348,正常
2016/03/29 14:02:53,400ebeeb8f4b2d51919022c371b2363fb8e2dfa0,055d9478a3caaab3a85ee2c679cca11952af7c51,持卡人消费,15公寓浴池,-2.0,159.09,3349,正常
2016/03/29 14:04:51,400ebeeb8f4b2d51919022c371b2363fb8e2dfa0,055d9478a3caaab3a85ee2c679cca11952af7c51,持卡人消费,15公寓浴池,-2.0,157.09,3350,正常
2016/03/29 14:06:24,400ebeeb8f4b2d51919022c371b2363fb8e2dfa0,055d9478a3caaab3a85ee2c679cca11952af7c51,持卡人消费,15公寓浴池,-0.24,156.85,3352,正常
2016/03/29 17:32:54,400ebeeb8f4b2d51919022c371b2363fb8e2dfa0,055d9478a3caaab3a85ee2c679cca11952af7c51,持卡人消费,学苑楼商务网关,-5.0,151.85,3353,正常
2016/03/29 17:38:22,400ebeeb8f4b2d51919022c371b2363fb8e2dfa0,055d9478a3caaab3a85ee2c679cca11952af7c51,持卡人消费,学苑楼商务网关,-9.0,142.85,3354,正常
2016/03/29 18:04:48,400ebeeb8f4b2d51919022c371b2363fb8e2dfa0,055d9478a3caaab3a85ee2c679cca11952af7c51,持卡人消费,学苑楼商务网关,-9.0,133.85,3355,正常
2016/03/30 10:02:18,400ebeeb8f4b2d51919022c371b2363fb8e2dfa0,055d9478a3caaab3a85ee2c679cca11952af7c51,持卡人消费,学子便利店A01后楼,-2.5,131.35,3356,正常
2016/03/30 10:52:37,400ebeeb8f4b2d51919022c371b2363fb8e2dfa0,055d9478a3caaab3a85ee2c679cca11952af7c51,持卡人消费,学子便利店A01后楼,-8.9,122.45,3357,正常
2016/03/30 13:45:49,400ebeeb8f4b2d51919022c371b2363fb8e2dfa0,055d9478a3caaab3a85ee2c679cca11952af7c51,持卡人消费,学子便利店A01后楼,-1.0,121.45,3358,正常
2016/03/31 09:57:41,400ebeeb8f4b2d51919022c371b2363fb8e2dfa0,055d9478a3caaab3a85ee2c679cca11952af7c51,持卡人消费,学子便利店A01后楼,-4.9,116.55,3359,正常
2016/03/31 13:36:25,400ebeeb8f4b2d51919022c371b2363fb8e2dfa0,055d9478a3caaab3a85ee2c679cca11952af7c51,持卡人消费,学子便利店A01后楼,-0.9,115.65,3360,正常
