交易发生时间,学号,姓名,交易类型,子系统名称,交易额,现有余额,次数,状态
2016/03/10 14:36:05,e9a77b72045c8c8e30140821efc70f3c3bd161d2,05cb4f438c04ab01040bbb4aba05bc189f704247,存款,现金充值机,100.0,100.04,2837,正常
2016/03/15 11:14:04,e9a77b72045c8c8e30140821efc70f3c3bd161d2,05cb4f438c04ab01040bbb4aba05bc189f704247,持卡人消费,九食堂商务网关,-9.0,77.71,2840,正常
2016/03/15 11:15:25,e9a77b72045c8c8e30140821efc70f3c3bd161d2,05cb4f438c04ab01040bbb4aba05bc189f704247,持卡人消费,九食堂商务网关,-2.0,75.71,2841,正常
2016/03/15 17:14:12,e9a77b72045c8c8e30140821efc70f3c3bd161d2,05cb4f438c04ab01040bbb4aba05bc189f704247,持卡人消费,五食堂商务网关,-7.0,68.71,2842,正常
2016/03/16 10:54:56,e9a77b72045c8c8e30140821efc70f3c3bd161d2,05cb4f438c04ab01040bbb4aba05bc189f704247,持卡人消费,四食堂商务网关,-5.0,63.71,2843,正常
2016/03/16 10:56:09,e9a77b72045c8c8e30140821efc70f3c3bd161d2,05cb4f438c04ab01040bbb4aba05bc189f704247,持卡人消费,四食堂商务网关,-1.5,62.21,2844,正常
2016/03/16 17:00:11,e9a77b72045c8c8e30140821efc70f3c3bd161d2,05cb4f438c04ab01040bbb4aba05bc189f704247,持卡人消费,四食堂商务网关,-6.0,56.21,2845,正常
2016/03/16 17:12:10,e9a77b72045c8c8e30140821efc70f3c3bd161d2,05cb4f438c04ab01040bbb4aba05bc189f704247,持卡人消费,学子便利店B07,-4.3,51.91,2846,正常
2016/03/17 11:34:32,e9a77b72045c8c8e30140821efc70f3c3bd161d2,05cb4f438c04ab01040bbb4aba05bc189f704247,持卡人消费,四食堂商务网关,-5.0,46.91,2847,正常
2016/03/17 11:37:35,e9a77b72045c8c8e30140821efc70f3c3bd161d2,05cb4f438c04ab01040bbb4aba05bc189f704247,持卡人消费,四食堂商务网关,-3.0,43.91,2848,正常
2016/03/17 17:09:20,e9a77b72045c8c8e30140821efc70f3c3bd161d2,05cb4f438c04ab01040bbb4aba05bc189f704247,持卡人消费,四食堂商务网关,-9.46,34.45,2849,正常
2016/03/17 20:38:31,e9a77b72045c8c8e30140821efc70f3c3bd161d2,05cb4f438c04ab01040bbb4aba05bc189f704247,持卡人消费,学子便利店B07,-2.0,32.45,2850,正常
2016/03/18 10:40:54,e9a77b72045c8c8e30140821efc70f3c3bd161d2,05cb4f438c04ab01040bbb4aba05bc189f704247,持卡人消费,四食堂商务网关,-5.0,27.45,2851,正常
2016/03/18 13:25:55,e9a77b72045c8c8e30140821efc70f3c3bd161d2,05cb4f438c04ab01040bbb4aba05bc189f704247,持卡人消费,学子便利店B07,-2.7,24.75,2852,正常
2016/03/18 17:06:58,e9a77b72045c8c8e30140821efc70f3c3bd161d2,05cb4f438c04ab01040bbb4aba05bc189f704247,持卡人消费,九食堂商务网关,-10.0,14.75,2853,正常
2016/03/19 11:32:04,e9a77b72045c8c8e30140821efc70f3c3bd161d2,05cb4f438c04ab01040bbb4aba05bc189f704247,持卡人消费,九食堂商务网关,-10.0,4.75,2854,正常
2016/03/19 11:19:31,e9a77b72045c8c8e30140821efc70f3c3bd161d2,05cb4f438c04ab01040bbb4aba05bc189f704247,存款,现金充值机,100.0,104.75,2855,正常
2016/03/19 11:49:03,e9a77b72045c8c8e30140821efc70f3c3bd161d2,05cb4f438c04ab01040bbb4aba05bc189f704247,持卡人消费,学子便利店B07,-4.7,100.05,2856,正常
2016/03/20 22:01:54,e9a77b72045c8c8e30140821efc70f3c3bd161d2,05cb4f438c04ab01040bbb4aba05bc189f704247,持卡人消费,学子便利店B07,-3.5,96.55,2857,正常
2016/03/21 10:11:47,e9a77b72045c8c8e30140821efc70f3c3bd161d2,05cb4f438c04ab01040bbb4aba05bc189f704247,持卡人消费,硕果园（工大商店）,-2.5,94.05,2858,正常
2016/03/21 10:27:15,e9a77b72045c8c8e30140821efc70f3c3bd161d2,05cb4f438c04ab01040bbb4aba05bc189f704247,持卡人消费,硕果园（工大商店）,-1.5,92.55,2859,正常
2016/03/22 11:04:44,e9a77b72045c8c8e30140821efc70f3c3bd161d2,05cb4f438c04ab01040bbb4aba05bc189f704247,持卡人消费,四食堂商务网关,-5.0,87.55,2860,正常
2016/03/22 11:05:44,e9a77b72045c8c8e30140821efc70f3c3bd161d2,05cb4f438c04ab01040bbb4aba05bc189f704247,持卡人消费,四食堂商务网关,-2.5,85.05,2861,正常
2016/03/22 17:42:26,e9a77b72045c8c8e30140821efc70f3c3bd161d2,05cb4f438c04ab01040bbb4aba05bc189f704247,持卡人消费,四食堂商务网关,-10.58,74.47,2862,正常
2016/03/23 09:45:20,e9a77b72045c8c8e30140821efc70f3c3bd161d2,05cb4f438c04ab01040bbb4aba05bc189f704247,持卡人消费,四食堂商务网关,-6.8,67.67,2863,正常
2016/03/23 09:46:22,e9a77b72045c8c8e30140821efc70f3c3bd161d2,05cb4f438c04ab01040bbb4aba05bc189f704247,持卡人消费,四食堂商务网关,-6.0,61.67,2864,正常
2016/03/23 09:51:11,e9a77b72045c8c8e30140821efc70f3c3bd161d2,05cb4f438c04ab01040bbb4aba05bc189f704247,持卡人消费,四食堂商务网关,-3.0,58.67,2865,正常
2016/03/23 17:25:57,e9a77b72045c8c8e30140821efc70f3c3bd161d2,05cb4f438c04ab01040bbb4aba05bc189f704247,持卡人消费,九食堂商务网关,-10.0,48.67,2866,正常
2016/03/23 17:27:07,e9a77b72045c8c8e30140821efc70f3c3bd161d2,05cb4f438c04ab01040bbb4aba05bc189f704247,持卡人消费,九食堂商务网关,-11.0,37.67,2867,正常
2016/03/23 17:31:40,e9a77b72045c8c8e30140821efc70f3c3bd161d2,05cb4f438c04ab01040bbb4aba05bc189f704247,持卡人消费,九食堂商务网关,-2.0,35.67,2868,正常
2016/03/23 22:19:09,e9a77b72045c8c8e30140821efc70f3c3bd161d2,05cb4f438c04ab01040bbb4aba05bc189f704247,持卡人消费,学子便利店B07,-2.2,33.47,2869,正常
2016/03/24 09:45:51,e9a77b72045c8c8e30140821efc70f3c3bd161d2,05cb4f438c04ab01040bbb4aba05bc189f704247,持卡人消费,学子便利店B07,-8.2,25.27,2870,正常
2016/03/24 09:51:56,e9a77b72045c8c8e30140821efc70f3c3bd161d2,05cb4f438c04ab01040bbb4aba05bc189f704247,持卡人消费,四食堂商务网关,-3.6,21.67,2871,正常
2016/03/24 09:54:11,e9a77b72045c8c8e30140821efc70f3c3bd161d2,05cb4f438c04ab01040bbb4aba05bc189f704247,持卡人消费,四食堂商务网关,-3.0,18.67,2872,正常
2016/03/24 09:54:21,e9a77b72045c8c8e30140821efc70f3c3bd161d2,05cb4f438c04ab01040bbb4aba05bc189f704247,持卡人消费,四食堂商务网关,-0.6,18.07,2873,正常
2016/03/24 16:38:27,e9a77b72045c8c8e30140821efc70f3c3bd161d2,05cb4f438c04ab01040bbb4aba05bc189f704247,持卡人消费,四食堂商务网关,-9.65,8.42,2874,正常
2016/03/24 16:52:43,e9a77b72045c8c8e30140821efc70f3c3bd161d2,05cb4f438c04ab01040bbb4aba05bc189f704247,持卡人消费,学子便利店B05,-3.5,4.92,2875,正常
2016/03/24 17:26:06,e9a77b72045c8c8e30140821efc70f3c3bd161d2,05cb4f438c04ab01040bbb4aba05bc189f704247,持卡人消费,二区水控,-2.54,2.38,2877,正常
2016/03/24 17:50:06,e9a77b72045c8c8e30140821efc70f3c3bd161d2,05cb4f438c04ab01040bbb4aba05bc189f704247,持卡人消费,学子便利店B07,-0.7,1.68,2878,正常
2016/03/26 10:32:13,e9a77b72045c8c8e30140821efc70f3c3bd161d2,05cb4f438c04ab01040bbb4aba05bc189f704247,存款,现金充值机,20.0,21.68,2879,正常
2016/03/26 11:02:18,e9a77b72045c8c8e30140821efc70f3c3bd161d2,05cb4f438c04ab01040bbb4aba05bc189f704247,持卡人消费,四食堂商务网关,-9.0,12.68,2880,正常
2016/03/26 16:51:55,e9a77b72045c8c8e30140821efc70f3c3bd161d2,05cb4f438c04ab01040bbb4aba05bc189f704247,持卡人消费,四食堂商务网关,-5.4,7.28,2881,正常
2016/03/28 12:16:02,e9a77b72045c8c8e30140821efc70f3c3bd161d2,05cb4f438c04ab01040bbb4aba05bc189f704247,持卡人消费,二区水控,-3.0,4.28,2882,正常
2016/03/28 12:20:17,e9a77b72045c8c8e30140821efc70f3c3bd161d2,05cb4f438c04ab01040bbb4aba05bc189f704247,持卡人消费,二区水控,-0.82,3.46,2884,正常
2016/03/28 14:17:53,e9a77b72045c8c8e30140821efc70f3c3bd161d2,05cb4f438c04ab01040bbb4aba05bc189f704247,持卡人消费,学子便利店B07,-3.0,0.46,2885,正常
2016/03/30 10:07:05,e9a77b72045c8c8e30140821efc70f3c3bd161d2,05cb4f438c04ab01040bbb4aba05bc189f704247,存款,现金充值机,100.0,100.46,2886,正常
2016/03/30 10:35:17,e9a77b72045c8c8e30140821efc70f3c3bd161d2,05cb4f438c04ab01040bbb4aba05bc189f704247,持卡人消费,九食堂商务网关,-13.0,87.46,2887,正常
2016/03/30 10:40:02,e9a77b72045c8c8e30140821efc70f3c3bd161d2,05cb4f438c04ab01040bbb4aba05bc189f704247,持卡人消费,九食堂商务网关,-5.0,82.46,2888,正常
2016/03/30 17:32:49,e9a77b72045c8c8e30140821efc70f3c3bd161d2,05cb4f438c04ab01040bbb4aba05bc189f704247,持卡人消费,四食堂商务网关,-10.1,72.36,2889,正常
2016/03/31 15:34:29,e9a77b72045c8c8e30140821efc70f3c3bd161d2,05cb4f438c04ab01040bbb4aba05bc189f704247,持卡人消费,网络中心,-30.0,42.36,2890,正常
2016/03/31 17:45:20,e9a77b72045c8c8e30140821efc70f3c3bd161d2,05cb4f438c04ab01040bbb4aba05bc189f704247,持卡人消费,九食堂商务网关,-10.0,32.36,2891,正常
2016/03/31 18:06:30,e9a77b72045c8c8e30140821efc70f3c3bd161d2,05cb4f438c04ab01040bbb4aba05bc189f704247,持卡人消费,学子便利店B05,-2.0,30.36,2892,正常
2016/03/31 19:03:37,e9a77b72045c8c8e30140821efc70f3c3bd161d2,05cb4f438c04ab01040bbb4aba05bc189f704247,持卡人消费,学子便利店B07,-5.4,24.96,2893,正常
