交易发生时间,学号,姓名,交易类型,子系统名称,交易额,现有余额,次数,状态
2016/03/01 12:28:48,237201cdd168981a2de0066c5392f6c05f6f0f7f,062be1412e7c12bce97bb467e9b0d4c231a74735,持卡人消费,学子便利店B03,-1.6,93.29,2790,正常
2016/03/01 12:53:00,237201cdd168981a2de0066c5392f6c05f6f0f7f,062be1412e7c12bce97bb467e9b0d4c231a74735,持卡人消费,四食堂商务网关,-4.8,88.49,2791,正常
2016/03/01 12:53:20,237201cdd168981a2de0066c5392f6c05f6f0f7f,062be1412e7c12bce97bb467e9b0d4c231a74735,持卡人消费,四食堂商务网关,-3.0,85.49,2792,正常
2016/03/01 17:06:18,237201cdd168981a2de0066c5392f6c05f6f0f7f,062be1412e7c12bce97bb467e9b0d4c231a74735,持卡人消费,九食堂商务网关,-2.0,83.49,2793,正常
2016/03/01 17:06:56,237201cdd168981a2de0066c5392f6c05f6f0f7f,062be1412e7c12bce97bb467e9b0d4c231a74735,持卡人消费,九食堂商务网关,-0.4,83.09,2794,正常
2016/03/01 19:28:43,237201cdd168981a2de0066c5392f6c05f6f0f7f,062be1412e7c12bce97bb467e9b0d4c231a74735,持卡人消费,学子便利店B03,-9.9,73.19,2795,正常
2016/03/01 20:35:28,237201cdd168981a2de0066c5392f6c05f6f0f7f,062be1412e7c12bce97bb467e9b0d4c231a74735,持卡人消费,学子便利店B03,-2.0,71.19,2796,正常
2016/03/02 18:03:27,237201cdd168981a2de0066c5392f6c05f6f0f7f,062be1412e7c12bce97bb467e9b0d4c231a74735,持卡人消费,九食堂商务网关,-9.0,62.19,2797,正常
2016/03/02 18:04:01,237201cdd168981a2de0066c5392f6c05f6f0f7f,062be1412e7c12bce97bb467e9b0d4c231a74735,持卡人消费,九食堂商务网关,-10.0,52.19,2798,正常
2016/03/02 18:05:24,237201cdd168981a2de0066c5392f6c05f6f0f7f,062be1412e7c12bce97bb467e9b0d4c231a74735,持卡人消费,九食堂商务网关,-3.0,49.19,2799,正常
2016/03/03 08:26:09,237201cdd168981a2de0066c5392f6c05f6f0f7f,062be1412e7c12bce97bb467e9b0d4c231a74735,持卡人消费,四食堂商务网关,-2.5,46.69,2800,正常
2016/03/03 10:29:55,237201cdd168981a2de0066c5392f6c05f6f0f7f,062be1412e7c12bce97bb467e9b0d4c231a74735,持卡人消费,学子便利店B03,-3.5,43.19,2801,正常
2016/03/03 11:38:29,237201cdd168981a2de0066c5392f6c05f6f0f7f,062be1412e7c12bce97bb467e9b0d4c231a74735,持卡人消费,九食堂商务网关,-10.0,33.19,2802,正常
2016/03/04 11:39:49,237201cdd168981a2de0066c5392f6c05f6f0f7f,062be1412e7c12bce97bb467e9b0d4c231a74735,持卡人消费,四食堂商务网关,-5.0,28.19,2803,正常
2016/03/04 21:29:38,237201cdd168981a2de0066c5392f6c05f6f0f7f,062be1412e7c12bce97bb467e9b0d4c231a74735,持卡人消费,学子便利店B03,-7.6,20.59,2804,正常
2016/03/05 08:20:42,237201cdd168981a2de0066c5392f6c05f6f0f7f,062be1412e7c12bce97bb467e9b0d4c231a74735,持卡人消费,学子便利店B03,-4.5,16.09,2805,正常
2016/03/06 18:29:22,237201cdd168981a2de0066c5392f6c05f6f0f7f,062be1412e7c12bce97bb467e9b0d4c231a74735,持卡人消费,四食堂商务网关,-3.6,12.49,2806,正常
2016/03/07 16:02:38,237201cdd168981a2de0066c5392f6c05f6f0f7f,062be1412e7c12bce97bb467e9b0d4c231a74735,持卡人消费,学子便利店B03,-5.8,6.69,2807,正常
2016/03/07 17:53:50,237201cdd168981a2de0066c5392f6c05f6f0f7f,062be1412e7c12bce97bb467e9b0d4c231a74735,持卡人消费,九食堂商务网关,-0.4,6.29,2808,正常
2016/03/07 17:54:46,237201cdd168981a2de0066c5392f6c05f6f0f7f,062be1412e7c12bce97bb467e9b0d4c231a74735,持卡人消费,九食堂商务网关,-0.4,5.89,2809,正常
2016/03/07 21:00:56,237201cdd168981a2de0066c5392f6c05f6f0f7f,062be1412e7c12bce97bb467e9b0d4c231a74735,持卡人消费,学子便利店B03,-0.5,5.39,2810,正常
2016/03/08 07:16:25,237201cdd168981a2de0066c5392f6c05f6f0f7f,062be1412e7c12bce97bb467e9b0d4c231a74735,持卡人消费,五食堂商务网关,-2.6,2.79,2811,正常
2016/03/08 18:20:31,237201cdd168981a2de0066c5392f6c05f6f0f7f,062be1412e7c12bce97bb467e9b0d4c231a74735,持卡人消费,学子便利店B03,-2.7,0.09,2812,正常
2016/03/09 11:14:26,237201cdd168981a2de0066c5392f6c05f6f0f7f,062be1412e7c12bce97bb467e9b0d4c231a74735,存款,现金充值机,100.0,100.09,2813,正常
2016/03/09 11:42:18,237201cdd168981a2de0066c5392f6c05f6f0f7f,062be1412e7c12bce97bb467e9b0d4c231a74735,持卡人消费,九食堂商务网关,-9.0,91.09,2814,正常
2016/03/09 11:42:38,237201cdd168981a2de0066c5392f6c05f6f0f7f,062be1412e7c12bce97bb467e9b0d4c231a74735,持卡人消费,九食堂商务网关,-9.0,82.09,2815,正常
2016/03/10 10:28:55,237201cdd168981a2de0066c5392f6c05f6f0f7f,062be1412e7c12bce97bb467e9b0d4c231a74735,持卡人消费,学子便利店B03,-2.6,79.49,2816,正常
2016/03/10 11:44:24,237201cdd168981a2de0066c5392f6c05f6f0f7f,062be1412e7c12bce97bb467e9b0d4c231a74735,持卡人消费,九食堂商务网关,-14.0,65.49,2817,正常
2016/03/11 07:40:47,237201cdd168981a2de0066c5392f6c05f6f0f7f,062be1412e7c12bce97bb467e9b0d4c231a74735,持卡人消费,九食堂商务网关,-0.2,65.29,2818,正常
2016/03/11 07:43:12,237201cdd168981a2de0066c5392f6c05f6f0f7f,062be1412e7c12bce97bb467e9b0d4c231a74735,持卡人消费,九食堂商务网关,-2.0,63.29,2819,正常
2016/03/11 11:21:34,237201cdd168981a2de0066c5392f6c05f6f0f7f,062be1412e7c12bce97bb467e9b0d4c231a74735,持卡人消费,九食堂商务网关,-8.0,55.29,2820,正常
2016/03/11 19:56:14,237201cdd168981a2de0066c5392f6c05f6f0f7f,062be1412e7c12bce97bb467e9b0d4c231a74735,持卡人消费,学子便利店B03,-6.7,48.59,2821,正常
2016/03/12 08:08:30,237201cdd168981a2de0066c5392f6c05f6f0f7f,062be1412e7c12bce97bb467e9b0d4c231a74735,持卡人消费,学子便利店B03,-7.0,41.59,2822,正常
2016/03/12 13:55:55,237201cdd168981a2de0066c5392f6c05f6f0f7f,062be1412e7c12bce97bb467e9b0d4c231a74735,持卡人消费,学子便利店B03,-7.5,34.09,2823,正常
2016/03/12 15:39:31,237201cdd168981a2de0066c5392f6c05f6f0f7f,062be1412e7c12bce97bb467e9b0d4c231a74735,持卡人消费,学子便利店B03,-7.8,26.29,2824,正常
2016/03/14 11:07:02,237201cdd168981a2de0066c5392f6c05f6f0f7f,062be1412e7c12bce97bb467e9b0d4c231a74735,持卡人消费,九食堂商务网关,-8.0,10.29,2827,正常
2016/03/14 16:13:25,237201cdd168981a2de0066c5392f6c05f6f0f7f,062be1412e7c12bce97bb467e9b0d4c231a74735,持卡人消费,学子便利店B03,-7.7,2.59,2828,正常
2016/03/14 17:09:36,237201cdd168981a2de0066c5392f6c05f6f0f7f,062be1412e7c12bce97bb467e9b0d4c231a74735,存款,现金充值机,100.0,102.59,2829,正常
2016/03/14 17:39:10,237201cdd168981a2de0066c5392f6c05f6f0f7f,062be1412e7c12bce97bb467e9b0d4c231a74735,持卡人消费,九食堂商务网关,-21.0,81.59,2830,正常
2016/03/15 11:20:38,237201cdd168981a2de0066c5392f6c05f6f0f7f,062be1412e7c12bce97bb467e9b0d4c231a74735,持卡人消费,四食堂商务网关,-7.0,74.59,2831,正常
2016/03/15 18:08:21,237201cdd168981a2de0066c5392f6c05f6f0f7f,062be1412e7c12bce97bb467e9b0d4c231a74735,持卡人消费,四食堂商务网关,-9.0,65.59,2832,正常
2016/03/15 18:37:24,237201cdd168981a2de0066c5392f6c05f6f0f7f,062be1412e7c12bce97bb467e9b0d4c231a74735,持卡人消费,学子便利店B03,-4.7,60.89,2833,正常
2016/03/15 21:57:21,237201cdd168981a2de0066c5392f6c05f6f0f7f,062be1412e7c12bce97bb467e9b0d4c231a74735,持卡人消费,学子便利店B03,-4.0,56.89,2834,正常
2016/03/16 08:02:17,237201cdd168981a2de0066c5392f6c05f6f0f7f,062be1412e7c12bce97bb467e9b0d4c231a74735,持卡人消费,学子便利店B03,-3.3,53.59,2835,正常
2016/03/16 11:11:01,237201cdd168981a2de0066c5392f6c05f6f0f7f,062be1412e7c12bce97bb467e9b0d4c231a74735,持卡人消费,九食堂商务网关,-4.4,49.19,2836,正常
2016/03/16 16:27:54,237201cdd168981a2de0066c5392f6c05f6f0f7f,062be1412e7c12bce97bb467e9b0d4c231a74735,持卡人消费,五食堂商务网关,-7.0,42.19,2837,正常
2016/03/16 16:35:40,237201cdd168981a2de0066c5392f6c05f6f0f7f,062be1412e7c12bce97bb467e9b0d4c231a74735,持卡人消费,五食堂商务网关,-3.0,39.19,2838,正常
2016/03/16 19:07:07,237201cdd168981a2de0066c5392f6c05f6f0f7f,062be1412e7c12bce97bb467e9b0d4c231a74735,持卡人消费,学子便利店B03,-20.9,18.29,2839,正常
2016/03/17 08:41:15,237201cdd168981a2de0066c5392f6c05f6f0f7f,062be1412e7c12bce97bb467e9b0d4c231a74735,持卡人消费,学子便利店B03,-7.6,10.69,2840,正常
2016/03/17 21:02:59,237201cdd168981a2de0066c5392f6c05f6f0f7f,062be1412e7c12bce97bb467e9b0d4c231a74735,持卡人消费,学子便利店B03,-9.3,1.39,2841,正常
2016/03/20 12:07:20,237201cdd168981a2de0066c5392f6c05f6f0f7f,062be1412e7c12bce97bb467e9b0d4c231a74735,存款,2区卡中心综合业务,80.0,81.39,2842,正常
2016/03/20 18:51:27,237201cdd168981a2de0066c5392f6c05f6f0f7f,062be1412e7c12bce97bb467e9b0d4c231a74735,持卡人消费,四食堂商务网关,-8.0,73.39,2843,正常
2016/03/21 07:41:06,237201cdd168981a2de0066c5392f6c05f6f0f7f,062be1412e7c12bce97bb467e9b0d4c231a74735,持卡人消费,九食堂商务网关,-3.6,69.79,2844,正常
2016/03/21 11:30:50,237201cdd168981a2de0066c5392f6c05f6f0f7f,062be1412e7c12bce97bb467e9b0d4c231a74735,持卡人消费,九食堂商务网关,-10.0,59.79,2845,正常
2016/03/21 12:01:42,237201cdd168981a2de0066c5392f6c05f6f0f7f,062be1412e7c12bce97bb467e9b0d4c231a74735,持卡人消费,学子便利店B03,-4.0,55.79,2846,正常
2016/03/22 13:29:48,237201cdd168981a2de0066c5392f6c05f6f0f7f,062be1412e7c12bce97bb467e9b0d4c231a74735,持卡人消费,学子便利店B03,-6.2,49.59,2847,正常
2016/03/22 17:11:25,237201cdd168981a2de0066c5392f6c05f6f0f7f,062be1412e7c12bce97bb467e9b0d4c231a74735,持卡人消费,四食堂商务网关,-7.0,42.59,2848,正常
2016/03/22 17:47:58,237201cdd168981a2de0066c5392f6c05f6f0f7f,062be1412e7c12bce97bb467e9b0d4c231a74735,持卡人消费,五食堂商务网关,-1.1,41.49,2849,正常
2016/03/22 17:49:01,237201cdd168981a2de0066c5392f6c05f6f0f7f,062be1412e7c12bce97bb467e9b0d4c231a74735,持卡人消费,五食堂商务网关,-2.1,39.39,2850,正常
2016/03/22 17:52:27,237201cdd168981a2de0066c5392f6c05f6f0f7f,062be1412e7c12bce97bb467e9b0d4c231a74735,持卡人消费,学子便利店B03,-1.3,38.09,2851,正常
2016/03/22 18:26:41,237201cdd168981a2de0066c5392f6c05f6f0f7f,062be1412e7c12bce97bb467e9b0d4c231a74735,持卡人消费,学子便利店B03,-6.3,31.79,2852,正常
2016/03/23 07:35:35,237201cdd168981a2de0066c5392f6c05f6f0f7f,062be1412e7c12bce97bb467e9b0d4c231a74735,持卡人消费,五食堂商务网关,-5.6,26.19,2853,正常
2016/03/23 17:34:57,237201cdd168981a2de0066c5392f6c05f6f0f7f,062be1412e7c12bce97bb467e9b0d4c231a74735,持卡人消费,学子便利店B03,-1.6,24.59,2854,正常
2016/03/23 17:40:29,237201cdd168981a2de0066c5392f6c05f6f0f7f,062be1412e7c12bce97bb467e9b0d4c231a74735,持卡人消费,学子便利店B03,-10.4,14.19,2855,正常
2016/03/24 18:32:07,237201cdd168981a2de0066c5392f6c05f6f0f7f,062be1412e7c12bce97bb467e9b0d4c231a74735,持卡人消费,学子便利店B03,-1.6,12.59,2856,正常
2016/03/25 11:21:11,237201cdd168981a2de0066c5392f6c05f6f0f7f,062be1412e7c12bce97bb467e9b0d4c231a74735,持卡人消费,学子便利店B03,-0.2,12.39,2857,正常
2016/03/25 20:51:25,237201cdd168981a2de0066c5392f6c05f6f0f7f,062be1412e7c12bce97bb467e9b0d4c231a74735,持卡人消费,学子便利店B03,-2.6,9.79,2858,正常
2016/03/27 11:35:54,237201cdd168981a2de0066c5392f6c05f6f0f7f,062be1412e7c12bce97bb467e9b0d4c231a74735,持卡人消费,四食堂商务网关,-1.9,7.89,2859,正常
2016/03/27 15:37:32,237201cdd168981a2de0066c5392f6c05f6f0f7f,062be1412e7c12bce97bb467e9b0d4c231a74735,持卡人消费,学子便利店B03,-1.6,6.29,2860,正常
2016/03/27 15:38:16,237201cdd168981a2de0066c5392f6c05f6f0f7f,062be1412e7c12bce97bb467e9b0d4c231a74735,持卡人消费,学子便利店B03,-3.5,2.79,2861,正常
2016/03/27 17:04:34,237201cdd168981a2de0066c5392f6c05f6f0f7f,062be1412e7c12bce97bb467e9b0d4c231a74735,存款,现金充值机,100.0,102.79,2862,正常
2016/03/27 17:31:11,237201cdd168981a2de0066c5392f6c05f6f0f7f,062be1412e7c12bce97bb467e9b0d4c231a74735,持卡人消费,九食堂商务网关,-0.5,102.29,2863,正常
2016/03/27 17:35:18,237201cdd168981a2de0066c5392f6c05f6f0f7f,062be1412e7c12bce97bb467e9b0d4c231a74735,持卡人消费,九食堂商务网关,-11.0,91.29,2864,正常
2016/03/28 07:26:31,237201cdd168981a2de0066c5392f6c05f6f0f7f,062be1412e7c12bce97bb467e9b0d4c231a74735,持卡人消费,五食堂商务网关,-4.1,87.19,2865,正常
2016/03/28 11:33:32,237201cdd168981a2de0066c5392f6c05f6f0f7f,062be1412e7c12bce97bb467e9b0d4c231a74735,持卡人消费,五食堂商务网关,-7.0,80.19,2866,正常
2016/03/28 18:13:59,237201cdd168981a2de0066c5392f6c05f6f0f7f,062be1412e7c12bce97bb467e9b0d4c231a74735,持卡人消费,学子便利店B03,-1.6,78.59,2867,正常
2016/03/28 21:50:15,237201cdd168981a2de0066c5392f6c05f6f0f7f,062be1412e7c12bce97bb467e9b0d4c231a74735,持卡人消费,学子便利店B03,-10.4,68.19,2868,正常
2016/03/29 10:50:22,237201cdd168981a2de0066c5392f6c05f6f0f7f,062be1412e7c12bce97bb467e9b0d4c231a74735,持卡人消费,九食堂商务网关,-2.9,65.29,2869,正常
2016/03/29 10:54:58,237201cdd168981a2de0066c5392f6c05f6f0f7f,062be1412e7c12bce97bb467e9b0d4c231a74735,持卡人消费,九食堂商务网关,-6.84,58.45,2870,正常
2016/03/30 08:32:45,237201cdd168981a2de0066c5392f6c05f6f0f7f,062be1412e7c12bce97bb467e9b0d4c231a74735,持卡人消费,学子便利店B03,-4.9,53.55,2871,正常
2016/03/30 12:12:21,237201cdd168981a2de0066c5392f6c05f6f0f7f,062be1412e7c12bce97bb467e9b0d4c231a74735,持卡人消费,四食堂商务网关,-2.4,51.15,2872,正常
2016/03/30 12:13:14,237201cdd168981a2de0066c5392f6c05f6f0f7f,062be1412e7c12bce97bb467e9b0d4c231a74735,持卡人消费,四食堂商务网关,-2.0,49.15,2873,正常
2016/03/30 17:06:42,237201cdd168981a2de0066c5392f6c05f6f0f7f,062be1412e7c12bce97bb467e9b0d4c231a74735,持卡人消费,九食堂商务网关,-11.0,38.15,2874,正常
2016/03/31 07:11:32,237201cdd168981a2de0066c5392f6c05f6f0f7f,062be1412e7c12bce97bb467e9b0d4c231a74735,持卡人消费,学子便利店B03,-7.5,30.65,2875,正常
