交易发生时间,学号,姓名,交易类型,子系统名称,交易额,现有余额,次数,状态
2016/03/12 16:13:15,d725fc1a14350dae3cbd75ce2ed2ae2df45fcdbb,06ae4875882efb8f581b653bce3e95601a6bdb91,存款,现金充值机,100.0,114.03,3958,正常
2016/03/12 16:13:39,d725fc1a14350dae3cbd75ce2ed2ae2df45fcdbb,06ae4875882efb8f581b653bce3e95601a6bdb91,存款,现金充值机,100.0,214.03,3959,正常
2016/03/12 16:29:30,d725fc1a14350dae3cbd75ce2ed2ae2df45fcdbb,06ae4875882efb8f581b653bce3e95601a6bdb91,持卡人消费,学苑楼商务网关,-8.0,206.03,3960,正常
2016/03/12 16:33:22,d725fc1a14350dae3cbd75ce2ed2ae2df45fcdbb,06ae4875882efb8f581b653bce3e95601a6bdb91,持卡人消费,学苑楼商务网关,-1.5,204.53,3961,正常
2016/03/12 16:52:31,d725fc1a14350dae3cbd75ce2ed2ae2df45fcdbb,06ae4875882efb8f581b653bce3e95601a6bdb91,持卡人消费,网络中心,-30.0,174.53,3962,正常
2016/03/14 07:55:46,d725fc1a14350dae3cbd75ce2ed2ae2df45fcdbb,06ae4875882efb8f581b653bce3e95601a6bdb91,持卡人消费,学士楼商务网关,-4.0,154.43,3967,正常
2016/03/14 07:57:05,d725fc1a14350dae3cbd75ce2ed2ae2df45fcdbb,06ae4875882efb8f581b653bce3e95601a6bdb91,持卡人消费,学士楼商务网关,-3.3,151.13,3968,正常
2016/03/14 17:48:18,d725fc1a14350dae3cbd75ce2ed2ae2df45fcdbb,06ae4875882efb8f581b653bce3e95601a6bdb91,持卡人消费,学苑楼商务网关,-8.0,143.13,3969,正常
2016/03/14 17:51:09,d725fc1a14350dae3cbd75ce2ed2ae2df45fcdbb,06ae4875882efb8f581b653bce3e95601a6bdb91,持卡人消费,学苑楼商务网关,-1.5,141.63,3970,正常
2016/03/15 07:18:40,d725fc1a14350dae3cbd75ce2ed2ae2df45fcdbb,06ae4875882efb8f581b653bce3e95601a6bdb91,持卡人消费,学苑楼商务网关,-3.1,138.53,3971,正常
2016/03/15 07:18:46,d725fc1a14350dae3cbd75ce2ed2ae2df45fcdbb,06ae4875882efb8f581b653bce3e95601a6bdb91,持卡人消费,学苑楼商务网关,-1.5,137.03,3972,正常
2016/03/15 13:43:01,d725fc1a14350dae3cbd75ce2ed2ae2df45fcdbb,06ae4875882efb8f581b653bce3e95601a6bdb91,持卡人消费,硕果园（工大商店）,-9.0,128.03,3973,正常
2016/03/15 13:43:29,d725fc1a14350dae3cbd75ce2ed2ae2df45fcdbb,06ae4875882efb8f581b653bce3e95601a6bdb91,持卡人消费,硕果园（工大商店）,-1.0,127.03,3974,正常
2016/03/15 19:50:26,d725fc1a14350dae3cbd75ce2ed2ae2df45fcdbb,06ae4875882efb8f581b653bce3e95601a6bdb91,持卡人消费,硕果园（工大商店）,-8.0,119.03,3975,正常
2016/03/16 08:26:14,d725fc1a14350dae3cbd75ce2ed2ae2df45fcdbb,06ae4875882efb8f581b653bce3e95601a6bdb91,持卡人消费,超市商务子系统,-5.0,114.03,3976,正常
2016/03/16 10:41:16,d725fc1a14350dae3cbd75ce2ed2ae2df45fcdbb,06ae4875882efb8f581b653bce3e95601a6bdb91,持卡人消费,硕果园（工大商店）,-15.0,99.03,3977,正常
2016/03/16 10:42:43,d725fc1a14350dae3cbd75ce2ed2ae2df45fcdbb,06ae4875882efb8f581b653bce3e95601a6bdb91,持卡人消费,硕果园（工大商店）,-4.0,95.03,3978,正常
2016/03/16 15:57:25,d725fc1a14350dae3cbd75ce2ed2ae2df45fcdbb,06ae4875882efb8f581b653bce3e95601a6bdb91,持卡人消费,超市商务子系统,-5.0,90.03,3979,正常
2016/03/16 16:00:42,d725fc1a14350dae3cbd75ce2ed2ae2df45fcdbb,06ae4875882efb8f581b653bce3e95601a6bdb91,持卡人消费,超市商务子系统,-15.6,74.43,3980,正常
2016/03/17 10:45:20,d725fc1a14350dae3cbd75ce2ed2ae2df45fcdbb,06ae4875882efb8f581b653bce3e95601a6bdb91,持卡人消费,超市商务子系统,-3.0,71.43,3981,正常
2016/03/17 11:11:55,d725fc1a14350dae3cbd75ce2ed2ae2df45fcdbb,06ae4875882efb8f581b653bce3e95601a6bdb91,持卡人消费,学苑楼商务网关,-9.0,62.43,3982,正常
2016/03/17 11:16:01,d725fc1a14350dae3cbd75ce2ed2ae2df45fcdbb,06ae4875882efb8f581b653bce3e95601a6bdb91,持卡人消费,学苑楼商务网关,-4.5,57.93,3983,正常
2016/03/17 17:39:51,d725fc1a14350dae3cbd75ce2ed2ae2df45fcdbb,06ae4875882efb8f581b653bce3e95601a6bdb91,持卡人消费,学苑楼商务网关,-8.0,49.93,3984,正常
2016/03/17 17:40:31,d725fc1a14350dae3cbd75ce2ed2ae2df45fcdbb,06ae4875882efb8f581b653bce3e95601a6bdb91,持卡人消费,学苑楼商务网关,-1.0,48.93,3985,正常
2016/03/18 12:53:20,d725fc1a14350dae3cbd75ce2ed2ae2df45fcdbb,06ae4875882efb8f581b653bce3e95601a6bdb91,持卡人消费,超市商务子系统,-6.9,42.03,3986,正常
2016/03/19 11:38:23,d725fc1a14350dae3cbd75ce2ed2ae2df45fcdbb,06ae4875882efb8f581b653bce3e95601a6bdb91,持卡人消费,学苑楼商务网关,-7.0,35.03,3987,正常
2016/03/19 11:38:35,d725fc1a14350dae3cbd75ce2ed2ae2df45fcdbb,06ae4875882efb8f581b653bce3e95601a6bdb91,持卡人消费,学苑楼商务网关,-1.5,33.53,3988,正常
2016/03/19 17:02:08,d725fc1a14350dae3cbd75ce2ed2ae2df45fcdbb,06ae4875882efb8f581b653bce3e95601a6bdb91,持卡人消费,学苑楼商务网关,-10.6,22.93,3989,正常
2016/03/19 17:05:02,d725fc1a14350dae3cbd75ce2ed2ae2df45fcdbb,06ae4875882efb8f581b653bce3e95601a6bdb91,持卡人消费,学苑楼商务网关,-4.5,18.43,3990,正常
2016/03/20 12:34:33,d725fc1a14350dae3cbd75ce2ed2ae2df45fcdbb,06ae4875882efb8f581b653bce3e95601a6bdb91,持卡人消费,学苑楼商务网关,-8.0,10.43,3991,正常
2016/03/20 15:48:05,d725fc1a14350dae3cbd75ce2ed2ae2df45fcdbb,06ae4875882efb8f581b653bce3e95601a6bdb91,持卡人消费,超市商务子系统,-1.2,9.23,3992,正常
2016/03/20 15:52:49,d725fc1a14350dae3cbd75ce2ed2ae2df45fcdbb,06ae4875882efb8f581b653bce3e95601a6bdb91,持卡人消费,A18,-9.0,0.23,3993,正常
2016/03/21 11:24:40,d725fc1a14350dae3cbd75ce2ed2ae2df45fcdbb,06ae4875882efb8f581b653bce3e95601a6bdb91,存款,现金充值机,300.0,300.23,3994,正常
2016/03/21 11:41:20,d725fc1a14350dae3cbd75ce2ed2ae2df45fcdbb,06ae4875882efb8f581b653bce3e95601a6bdb91,持卡人消费,学苑楼商务网关,-7.9,292.33,3995,正常
2016/03/21 16:28:49,d725fc1a14350dae3cbd75ce2ed2ae2df45fcdbb,06ae4875882efb8f581b653bce3e95601a6bdb91,持卡人消费,学苑楼商务网关,-8.0,284.33,3996,正常
2016/03/21 16:29:22,d725fc1a14350dae3cbd75ce2ed2ae2df45fcdbb,06ae4875882efb8f581b653bce3e95601a6bdb91,持卡人消费,学苑楼商务网关,-1.5,282.83,3997,正常
2016/03/22 11:37:49,d725fc1a14350dae3cbd75ce2ed2ae2df45fcdbb,06ae4875882efb8f581b653bce3e95601a6bdb91,持卡人消费,学苑楼商务网关,-8.0,274.83,3998,正常
2016/03/22 16:58:25,d725fc1a14350dae3cbd75ce2ed2ae2df45fcdbb,06ae4875882efb8f581b653bce3e95601a6bdb91,持卡人消费,学苑楼商务网关,-9.0,265.83,3999,正常
2016/03/23 12:57:52,d725fc1a14350dae3cbd75ce2ed2ae2df45fcdbb,06ae4875882efb8f581b653bce3e95601a6bdb91,持卡人消费,硕果园（工大商店）,-10.0,255.83,4000,正常
2016/03/24 12:13:42,d725fc1a14350dae3cbd75ce2ed2ae2df45fcdbb,06ae4875882efb8f581b653bce3e95601a6bdb91,持卡人消费,硕果园（工大商店）,-10.0,245.83,4001,正常
2016/03/24 18:39:33,d725fc1a14350dae3cbd75ce2ed2ae2df45fcdbb,06ae4875882efb8f581b653bce3e95601a6bdb91,持卡人消费,硕果园（工大商店）,-9.0,236.83,4002,正常
2016/03/24 18:40:19,d725fc1a14350dae3cbd75ce2ed2ae2df45fcdbb,06ae4875882efb8f581b653bce3e95601a6bdb91,持卡人消费,硕果园（工大商店）,-4.0,232.83,4003,正常
2016/03/25 12:24:49,d725fc1a14350dae3cbd75ce2ed2ae2df45fcdbb,06ae4875882efb8f581b653bce3e95601a6bdb91,持卡人消费,硕果园（工大商店）,-6.0,226.83,4004,正常
2016/03/25 19:18:14,d725fc1a14350dae3cbd75ce2ed2ae2df45fcdbb,06ae4875882efb8f581b653bce3e95601a6bdb91,持卡人消费,硕果园（工大商店）,-5.0,221.83,4005,正常
2016/03/25 19:18:39,d725fc1a14350dae3cbd75ce2ed2ae2df45fcdbb,06ae4875882efb8f581b653bce3e95601a6bdb91,持卡人消费,硕果园（工大商店）,-9.0,212.83,4006,正常
2016/03/25 19:52:10,d725fc1a14350dae3cbd75ce2ed2ae2df45fcdbb,06ae4875882efb8f581b653bce3e95601a6bdb91,持卡人消费,一校区水控新,-1.34,211.49,4008,正常
2016/03/25 19:58:54,d725fc1a14350dae3cbd75ce2ed2ae2df45fcdbb,06ae4875882efb8f581b653bce3e95601a6bdb91,持卡人消费,一校区水控新,-0.77,210.72,4010,正常
2016/03/25 20:03:24,d725fc1a14350dae3cbd75ce2ed2ae2df45fcdbb,06ae4875882efb8f581b653bce3e95601a6bdb91,持卡人消费,一校区水控新,-0.35,210.37,4012,正常
2016/03/25 20:08:54,d725fc1a14350dae3cbd75ce2ed2ae2df45fcdbb,06ae4875882efb8f581b653bce3e95601a6bdb91,持卡人消费,一校区水控新,-0.69,209.68,4014,正常
2016/03/26 20:35:57,d725fc1a14350dae3cbd75ce2ed2ae2df45fcdbb,06ae4875882efb8f581b653bce3e95601a6bdb91,持卡人消费,硕果园（工大商店）,-16.8,192.88,4015,正常
2016/03/27 08:05:07,d725fc1a14350dae3cbd75ce2ed2ae2df45fcdbb,06ae4875882efb8f581b653bce3e95601a6bdb91,持卡人消费,学士楼商务网关,-5.0,187.88,4016,正常
2016/03/27 11:10:45,d725fc1a14350dae3cbd75ce2ed2ae2df45fcdbb,06ae4875882efb8f581b653bce3e95601a6bdb91,持卡人消费,硕果园（工大商店）,-9.0,178.88,4017,正常
2016/03/29 20:51:15,d725fc1a14350dae3cbd75ce2ed2ae2df45fcdbb,06ae4875882efb8f581b653bce3e95601a6bdb91,持卡人消费,硕果园（工大商店）,-11.1,167.78,4018,正常
2016/03/29 20:52:58,d725fc1a14350dae3cbd75ce2ed2ae2df45fcdbb,06ae4875882efb8f581b653bce3e95601a6bdb91,持卡人消费,硕果园（工大商店）,-7.5,160.28,4019,正常
2016/03/30 12:08:25,d725fc1a14350dae3cbd75ce2ed2ae2df45fcdbb,06ae4875882efb8f581b653bce3e95601a6bdb91,持卡人消费,学苑楼商务网关,-8.0,152.28,4020,正常
2016/03/30 12:08:45,d725fc1a14350dae3cbd75ce2ed2ae2df45fcdbb,06ae4875882efb8f581b653bce3e95601a6bdb91,持卡人消费,学苑楼商务网关,-1.5,150.78,4021,正常
2016/03/31 16:35:52,d725fc1a14350dae3cbd75ce2ed2ae2df45fcdbb,06ae4875882efb8f581b653bce3e95601a6bdb91,持卡人消费,一校区水控新,-0.94,149.84,4023,正常
2016/03/31 16:40:11,d725fc1a14350dae3cbd75ce2ed2ae2df45fcdbb,06ae4875882efb8f581b653bce3e95601a6bdb91,持卡人消费,一校区水控新,-0.43,149.41,4025,正常
2016/03/31 16:43:18,d725fc1a14350dae3cbd75ce2ed2ae2df45fcdbb,06ae4875882efb8f581b653bce3e95601a6bdb91,持卡人消费,一校区水控新,-0.32,149.09,4027,正常
