交易发生时间,学号,姓名,交易类型,子系统名称,交易额,现有余额,次数,状态
2016/03/01 17:36:18,066103f86247eceac1ad6006f22ddfc3b1e5c276,070a081dbabcc24509077e110be4e2cbd2d42ae0,持卡人消费,学士楼商务网关,-4.0,74.79,5403,正常
2016/03/01 17:36:22,066103f86247eceac1ad6006f22ddfc3b1e5c276,070a081dbabcc24509077e110be4e2cbd2d42ae0,持卡人消费,学士楼商务网关,-0.4,74.39,5404,正常
2016/03/01 17:56:27,066103f86247eceac1ad6006f22ddfc3b1e5c276,070a081dbabcc24509077e110be4e2cbd2d42ae0,持卡人消费,超市商务子系统,-8.1,66.29,5405,正常
2016/03/01 17:58:32,066103f86247eceac1ad6006f22ddfc3b1e5c276,070a081dbabcc24509077e110be4e2cbd2d42ae0,持卡人消费,超市商务子系统,-9.9,56.39,5406,正常
2016/03/02 08:13:56,066103f86247eceac1ad6006f22ddfc3b1e5c276,070a081dbabcc24509077e110be4e2cbd2d42ae0,持卡人消费,学士楼商务网关,-3.2,53.19,5407,正常
2016/03/02 11:34:26,066103f86247eceac1ad6006f22ddfc3b1e5c276,070a081dbabcc24509077e110be4e2cbd2d42ae0,持卡人消费,学士楼商务网关,-4.4,48.79,5408,正常
2016/03/02 11:58:34,066103f86247eceac1ad6006f22ddfc3b1e5c276,070a081dbabcc24509077e110be4e2cbd2d42ae0,持卡人消费,超市商务子系统,-7.8,40.99,5409,正常
2016/03/03 08:19:51,066103f86247eceac1ad6006f22ddfc3b1e5c276,070a081dbabcc24509077e110be4e2cbd2d42ae0,持卡人消费,学士楼商务网关,-4.3,36.69,5410,正常
2016/03/03 11:38:11,066103f86247eceac1ad6006f22ddfc3b1e5c276,070a081dbabcc24509077e110be4e2cbd2d42ae0,持卡人消费,学士楼商务网关,-2.9,33.79,5411,正常
2016/03/03 11:57:19,066103f86247eceac1ad6006f22ddfc3b1e5c276,070a081dbabcc24509077e110be4e2cbd2d42ae0,持卡人消费,超市商务子系统,-7.4,26.39,5412,正常
2016/03/03 11:58:59,066103f86247eceac1ad6006f22ddfc3b1e5c276,070a081dbabcc24509077e110be4e2cbd2d42ae0,持卡人消费,超市商务子系统,-7.5,18.89,5413,正常
2016/03/03 17:19:33,066103f86247eceac1ad6006f22ddfc3b1e5c276,070a081dbabcc24509077e110be4e2cbd2d42ae0,持卡人消费,学士楼商务网关,-3.4,15.49,5414,正常
2016/03/04 08:00:33,066103f86247eceac1ad6006f22ddfc3b1e5c276,070a081dbabcc24509077e110be4e2cbd2d42ae0,持卡人消费,学士楼商务网关,-4.3,11.19,5415,正常
2016/03/04 11:20:17,066103f86247eceac1ad6006f22ddfc3b1e5c276,070a081dbabcc24509077e110be4e2cbd2d42ae0,持卡人消费,学士楼商务网关,-7.9,3.29,5416,正常
2016/03/04 11:40:17,066103f86247eceac1ad6006f22ddfc3b1e5c276,070a081dbabcc24509077e110be4e2cbd2d42ae0,存款,学苑楼综合业务3,200.0,203.29,5417,正常
2016/03/04 11:52:34,066103f86247eceac1ad6006f22ddfc3b1e5c276,070a081dbabcc24509077e110be4e2cbd2d42ae0,持卡人消费,超市商务子系统,-8.5,194.79,5418,正常
2016/03/04 17:22:45,066103f86247eceac1ad6006f22ddfc3b1e5c276,070a081dbabcc24509077e110be4e2cbd2d42ae0,持卡人消费,学士楼商务网关,-7.2,187.59,5419,正常
2016/03/04 17:39:30,066103f86247eceac1ad6006f22ddfc3b1e5c276,070a081dbabcc24509077e110be4e2cbd2d42ae0,持卡人消费,超市商务子系统,-9.4,178.19,5420,正常
2016/03/05 08:48:17,066103f86247eceac1ad6006f22ddfc3b1e5c276,070a081dbabcc24509077e110be4e2cbd2d42ae0,持卡人消费,学士楼商务网关,-2.8,175.39,5421,正常
2016/03/06 13:06:04,066103f86247eceac1ad6006f22ddfc3b1e5c276,070a081dbabcc24509077e110be4e2cbd2d42ae0,持卡人消费,15公寓浴池,-0.03,175.36,5423,正常
2016/03/06 13:16:33,066103f86247eceac1ad6006f22ddfc3b1e5c276,070a081dbabcc24509077e110be4e2cbd2d42ae0,持卡人消费,15公寓浴池,-2.0,173.36,5424,正常
2016/03/06 13:16:46,066103f86247eceac1ad6006f22ddfc3b1e5c276,070a081dbabcc24509077e110be4e2cbd2d42ae0,持卡人消费,15公寓浴池,-0.02,173.34,5426,正常
2016/03/06 13:22:49,066103f86247eceac1ad6006f22ddfc3b1e5c276,070a081dbabcc24509077e110be4e2cbd2d42ae0,持卡人消费,15公寓浴池,-0.29,173.05,5428,正常
2016/03/06 13:26:41,066103f86247eceac1ad6006f22ddfc3b1e5c276,070a081dbabcc24509077e110be4e2cbd2d42ae0,持卡人消费,15公寓浴池,-0.1,172.95,5430,正常
2016/03/06 13:29:20,066103f86247eceac1ad6006f22ddfc3b1e5c276,070a081dbabcc24509077e110be4e2cbd2d42ae0,持卡人消费,15公寓浴池,-0.08,172.87,5432,正常
2016/03/06 13:33:07,066103f86247eceac1ad6006f22ddfc3b1e5c276,070a081dbabcc24509077e110be4e2cbd2d42ae0,持卡人消费,15公寓浴池,-0.1,172.77,5434,正常
2016/03/06 13:37:31,066103f86247eceac1ad6006f22ddfc3b1e5c276,070a081dbabcc24509077e110be4e2cbd2d42ae0,持卡人消费,15公寓浴池,-0.1,172.67,5436,正常
2016/03/06 13:42:13,066103f86247eceac1ad6006f22ddfc3b1e5c276,070a081dbabcc24509077e110be4e2cbd2d42ae0,持卡人消费,15公寓浴池,-0.62,172.05,5438,正常
2016/03/06 13:48:06,066103f86247eceac1ad6006f22ddfc3b1e5c276,070a081dbabcc24509077e110be4e2cbd2d42ae0,持卡人消费,15公寓浴池,-0.61,171.44,5440,正常
2016/03/06 13:54:43,066103f86247eceac1ad6006f22ddfc3b1e5c276,070a081dbabcc24509077e110be4e2cbd2d42ae0,持卡人消费,15公寓浴池,-0.94,170.50,5442,正常
2016/03/06 15:51:44,066103f86247eceac1ad6006f22ddfc3b1e5c276,070a081dbabcc24509077e110be4e2cbd2d42ae0,持卡人消费,超市商务子系统,-8.3,162.20,5443,正常
2016/03/06 15:54:08,066103f86247eceac1ad6006f22ddfc3b1e5c276,070a081dbabcc24509077e110be4e2cbd2d42ae0,持卡人消费,超市商务子系统,-10.0,152.20,5444,正常
2016/03/07 08:19:41,066103f86247eceac1ad6006f22ddfc3b1e5c276,070a081dbabcc24509077e110be4e2cbd2d42ae0,持卡人消费,学士楼商务网关,-4.3,147.90,5445,正常
2016/03/08 08:05:30,066103f86247eceac1ad6006f22ddfc3b1e5c276,070a081dbabcc24509077e110be4e2cbd2d42ae0,持卡人消费,学士楼商务网关,-4.3,143.60,5446,正常
2016/03/09 07:38:36,066103f86247eceac1ad6006f22ddfc3b1e5c276,070a081dbabcc24509077e110be4e2cbd2d42ae0,持卡人消费,学士楼商务网关,-4.3,139.30,5447,正常
2016/03/09 19:15:09,066103f86247eceac1ad6006f22ddfc3b1e5c276,070a081dbabcc24509077e110be4e2cbd2d42ae0,持卡人消费,超市商务子系统,-12.0,127.30,5448,正常
2016/03/09 19:18:09,066103f86247eceac1ad6006f22ddfc3b1e5c276,070a081dbabcc24509077e110be4e2cbd2d42ae0,持卡人消费,超市商务子系统,-7.9,119.40,5449,正常
2016/03/10 07:50:41,066103f86247eceac1ad6006f22ddfc3b1e5c276,070a081dbabcc24509077e110be4e2cbd2d42ae0,持卡人消费,学士楼商务网关,-4.3,115.10,5450,正常
2016/03/11 07:10:03,066103f86247eceac1ad6006f22ddfc3b1e5c276,070a081dbabcc24509077e110be4e2cbd2d42ae0,持卡人消费,超市商务子系统,-3.0,112.10,5451,正常
2016/03/11 13:59:20,066103f86247eceac1ad6006f22ddfc3b1e5c276,070a081dbabcc24509077e110be4e2cbd2d42ae0,持卡人消费,15公寓浴池,-0.14,111.96,5453,正常
2016/03/11 14:09:50,066103f86247eceac1ad6006f22ddfc3b1e5c276,070a081dbabcc24509077e110be4e2cbd2d42ae0,持卡人消费,15公寓浴池,-2.0,109.96,5454,正常
2016/03/11 14:13:41,066103f86247eceac1ad6006f22ddfc3b1e5c276,070a081dbabcc24509077e110be4e2cbd2d42ae0,持卡人消费,15公寓浴池,-0.29,109.67,5456,正常
2016/03/11 14:20:06,066103f86247eceac1ad6006f22ddfc3b1e5c276,070a081dbabcc24509077e110be4e2cbd2d42ae0,持卡人消费,15公寓浴池,-0.11,109.56,5458,正常
2016/03/11 14:25:12,066103f86247eceac1ad6006f22ddfc3b1e5c276,070a081dbabcc24509077e110be4e2cbd2d42ae0,持卡人消费,15公寓浴池,-0.18,109.38,5460,正常
2016/03/11 14:30:41,066103f86247eceac1ad6006f22ddfc3b1e5c276,070a081dbabcc24509077e110be4e2cbd2d42ae0,持卡人消费,15公寓浴池,-0.7,108.68,5462,正常
2016/03/11 14:39:26,066103f86247eceac1ad6006f22ddfc3b1e5c276,070a081dbabcc24509077e110be4e2cbd2d42ae0,持卡人消费,15公寓浴池,-1.09,107.59,5464,正常
2016/03/11 17:21:50,066103f86247eceac1ad6006f22ddfc3b1e5c276,070a081dbabcc24509077e110be4e2cbd2d42ae0,持卡人消费,超市商务子系统,-10.0,97.59,5465,正常
2016/03/11 17:24:06,066103f86247eceac1ad6006f22ddfc3b1e5c276,070a081dbabcc24509077e110be4e2cbd2d42ae0,持卡人消费,超市商务子系统,-6.7,90.89,5466,正常
2016/03/11 17:25:57,066103f86247eceac1ad6006f22ddfc3b1e5c276,070a081dbabcc24509077e110be4e2cbd2d42ae0,持卡人消费,超市商务子系统,-7.0,83.89,5467,正常
2016/03/12 08:03:55,066103f86247eceac1ad6006f22ddfc3b1e5c276,070a081dbabcc24509077e110be4e2cbd2d42ae0,持卡人消费,学士楼商务网关,-4.8,79.09,5468,正常
2016/03/12 12:29:09,066103f86247eceac1ad6006f22ddfc3b1e5c276,070a081dbabcc24509077e110be4e2cbd2d42ae0,持卡人消费,超市商务子系统,-12.1,66.99,5469,正常
2016/03/14 07:56:36,066103f86247eceac1ad6006f22ddfc3b1e5c276,070a081dbabcc24509077e110be4e2cbd2d42ae0,持卡人消费,学士楼商务网关,-4.3,62.69,5470,正常
2016/03/14 11:21:25,066103f86247eceac1ad6006f22ddfc3b1e5c276,070a081dbabcc24509077e110be4e2cbd2d42ae0,持卡人消费,学苑楼商务网关,-7.0,55.69,5471,正常
2016/03/14 12:04:16,066103f86247eceac1ad6006f22ddfc3b1e5c276,070a081dbabcc24509077e110be4e2cbd2d42ae0,存款,卡中心综合业务,200.0,255.69,5472,正常
2016/03/14 12:08:29,066103f86247eceac1ad6006f22ddfc3b1e5c276,070a081dbabcc24509077e110be4e2cbd2d42ae0,持卡人消费,超市商务子系统,-11.3,244.39,5473,正常
2016/03/14 12:10:19,066103f86247eceac1ad6006f22ddfc3b1e5c276,070a081dbabcc24509077e110be4e2cbd2d42ae0,持卡人消费,超市商务子系统,-10.0,234.39,5474,正常
2016/03/14 12:12:54,066103f86247eceac1ad6006f22ddfc3b1e5c276,070a081dbabcc24509077e110be4e2cbd2d42ae0,持卡人消费,超市商务子系统,-7.0,227.39,5475,正常
2016/03/15 07:43:23,066103f86247eceac1ad6006f22ddfc3b1e5c276,070a081dbabcc24509077e110be4e2cbd2d42ae0,持卡人消费,学士楼商务网关,-3.3,224.09,5476,正常
2016/03/16 07:50:07,066103f86247eceac1ad6006f22ddfc3b1e5c276,070a081dbabcc24509077e110be4e2cbd2d42ae0,持卡人消费,学士楼商务网关,-4.3,219.79,5477,正常
2016/03/17 07:50:56,066103f86247eceac1ad6006f22ddfc3b1e5c276,070a081dbabcc24509077e110be4e2cbd2d42ae0,持卡人消费,学士楼商务网关,-4.6,215.19,5478,正常
2016/03/17 11:13:59,066103f86247eceac1ad6006f22ddfc3b1e5c276,070a081dbabcc24509077e110be4e2cbd2d42ae0,持卡人消费,超市商务子系统,-16.9,198.29,5479,正常
2016/03/17 18:15:55,066103f86247eceac1ad6006f22ddfc3b1e5c276,070a081dbabcc24509077e110be4e2cbd2d42ae0,持卡人消费,15公寓浴池,-2.0,196.29,5480,正常
2016/03/17 18:16:40,066103f86247eceac1ad6006f22ddfc3b1e5c276,070a081dbabcc24509077e110be4e2cbd2d42ae0,持卡人消费,15公寓浴池,-0.08,196.21,5482,正常
2016/03/17 18:19:23,066103f86247eceac1ad6006f22ddfc3b1e5c276,070a081dbabcc24509077e110be4e2cbd2d42ae0,持卡人消费,15公寓浴池,-0.06,196.15,5484,正常
2016/03/17 18:20:24,066103f86247eceac1ad6006f22ddfc3b1e5c276,070a081dbabcc24509077e110be4e2cbd2d42ae0,持卡人消费,15公寓浴池,-0.19,195.96,5486,正常
2016/03/17 18:24:50,066103f86247eceac1ad6006f22ddfc3b1e5c276,070a081dbabcc24509077e110be4e2cbd2d42ae0,持卡人消费,15公寓浴池,-0.1,195.86,5488,正常
2016/03/17 18:28:35,066103f86247eceac1ad6006f22ddfc3b1e5c276,070a081dbabcc24509077e110be4e2cbd2d42ae0,持卡人消费,15公寓浴池,-0.1,195.76,5490,正常
2016/03/17 18:34:00,066103f86247eceac1ad6006f22ddfc3b1e5c276,070a081dbabcc24509077e110be4e2cbd2d42ae0,持卡人消费,15公寓浴池,-0.16,195.60,5492,正常
2016/03/17 18:35:50,066103f86247eceac1ad6006f22ddfc3b1e5c276,070a081dbabcc24509077e110be4e2cbd2d42ae0,持卡人消费,15公寓浴池,-0.08,195.52,5494,正常
2016/03/17 18:37:08,066103f86247eceac1ad6006f22ddfc3b1e5c276,070a081dbabcc24509077e110be4e2cbd2d42ae0,持卡人消费,15公寓浴池,-0.08,195.44,5496,正常
2016/03/17 18:37:40,066103f86247eceac1ad6006f22ddfc3b1e5c276,070a081dbabcc24509077e110be4e2cbd2d42ae0,持卡人消费,15公寓浴池,-0.02,195.42,5498,正常
2016/03/17 18:42:57,066103f86247eceac1ad6006f22ddfc3b1e5c276,070a081dbabcc24509077e110be4e2cbd2d42ae0,持卡人消费,15公寓浴池,-0.69,194.73,5500,正常
2016/03/17 18:52:08,066103f86247eceac1ad6006f22ddfc3b1e5c276,070a081dbabcc24509077e110be4e2cbd2d42ae0,持卡人消费,15公寓浴池,-1.17,193.56,5502,正常
2016/03/18 07:43:08,066103f86247eceac1ad6006f22ddfc3b1e5c276,070a081dbabcc24509077e110be4e2cbd2d42ae0,持卡人消费,学士楼商务网关,-4.3,189.26,5503,正常
2016/03/18 17:14:43,066103f86247eceac1ad6006f22ddfc3b1e5c276,070a081dbabcc24509077e110be4e2cbd2d42ae0,持卡人消费,超市商务子系统,-10.0,179.26,5504,正常
2016/03/18 17:16:23,066103f86247eceac1ad6006f22ddfc3b1e5c276,070a081dbabcc24509077e110be4e2cbd2d42ae0,持卡人消费,超市商务子系统,-8.0,171.26,5505,正常
2016/03/19 07:52:38,066103f86247eceac1ad6006f22ddfc3b1e5c276,070a081dbabcc24509077e110be4e2cbd2d42ae0,持卡人消费,学士楼商务网关,-4.8,166.46,5506,正常
2016/03/19 17:45:06,066103f86247eceac1ad6006f22ddfc3b1e5c276,070a081dbabcc24509077e110be4e2cbd2d42ae0,持卡人消费,超市商务子系统,-15.5,150.96,5507,正常
2016/03/20 07:41:42,066103f86247eceac1ad6006f22ddfc3b1e5c276,070a081dbabcc24509077e110be4e2cbd2d42ae0,持卡人消费,学士楼商务网关,-4.3,146.66,5508,正常
2016/03/20 18:10:55,066103f86247eceac1ad6006f22ddfc3b1e5c276,070a081dbabcc24509077e110be4e2cbd2d42ae0,持卡人消费,超市商务子系统,-11.4,135.26,5509,正常
2016/03/20 18:14:25,066103f86247eceac1ad6006f22ddfc3b1e5c276,070a081dbabcc24509077e110be4e2cbd2d42ae0,持卡人消费,超市商务子系统,-13.9,121.36,5510,正常
2016/03/21 07:56:15,066103f86247eceac1ad6006f22ddfc3b1e5c276,070a081dbabcc24509077e110be4e2cbd2d42ae0,持卡人消费,学士楼商务网关,-4.3,117.06,5511,正常
2016/03/21 11:13:31,066103f86247eceac1ad6006f22ddfc3b1e5c276,070a081dbabcc24509077e110be4e2cbd2d42ae0,持卡人消费,超市商务子系统,-18.5,98.56,5512,正常
2016/03/22 07:49:17,066103f86247eceac1ad6006f22ddfc3b1e5c276,070a081dbabcc24509077e110be4e2cbd2d42ae0,持卡人消费,学士楼商务网关,-3.3,95.26,5513,正常
2016/03/22 11:12:43,066103f86247eceac1ad6006f22ddfc3b1e5c276,070a081dbabcc24509077e110be4e2cbd2d42ae0,持卡人消费,超市商务子系统,-8.0,87.26,5514,正常
2016/03/22 11:14:29,066103f86247eceac1ad6006f22ddfc3b1e5c276,070a081dbabcc24509077e110be4e2cbd2d42ae0,持卡人消费,超市商务子系统,-15.9,71.36,5515,正常
2016/03/23 07:48:19,066103f86247eceac1ad6006f22ddfc3b1e5c276,070a081dbabcc24509077e110be4e2cbd2d42ae0,持卡人消费,学士楼商务网关,-3.3,68.06,5516,正常
2016/03/23 11:22:32,066103f86247eceac1ad6006f22ddfc3b1e5c276,070a081dbabcc24509077e110be4e2cbd2d42ae0,持卡人消费,学苑楼商务网关,-7.0,61.06,5517,正常
2016/03/23 12:06:42,066103f86247eceac1ad6006f22ddfc3b1e5c276,070a081dbabcc24509077e110be4e2cbd2d42ae0,持卡人消费,超市商务子系统,-7.0,54.06,5518,正常
2016/03/24 10:48:25,066103f86247eceac1ad6006f22ddfc3b1e5c276,070a081dbabcc24509077e110be4e2cbd2d42ae0,持卡人消费,学苑楼商务网关,-7.0,47.06,5519,正常
2016/03/24 12:08:40,066103f86247eceac1ad6006f22ddfc3b1e5c276,070a081dbabcc24509077e110be4e2cbd2d42ae0,持卡人消费,15公寓浴池,-1.78,45.28,5521,正常
2016/03/24 12:12:28,066103f86247eceac1ad6006f22ddfc3b1e5c276,070a081dbabcc24509077e110be4e2cbd2d42ae0,持卡人消费,15公寓浴池,-0.24,45.04,5523,正常
2016/03/24 12:18:32,066103f86247eceac1ad6006f22ddfc3b1e5c276,070a081dbabcc24509077e110be4e2cbd2d42ae0,持卡人消费,15公寓浴池,-0.1,44.94,5525,正常
2016/03/24 12:20:28,066103f86247eceac1ad6006f22ddfc3b1e5c276,070a081dbabcc24509077e110be4e2cbd2d42ae0,持卡人消费,15公寓浴池,-0.06,44.88,5527,正常
2016/03/24 12:30:57,066103f86247eceac1ad6006f22ddfc3b1e5c276,070a081dbabcc24509077e110be4e2cbd2d42ae0,持卡人消费,15公寓浴池,-1.09,43.79,5529,正常
2016/03/24 12:34:45,066103f86247eceac1ad6006f22ddfc3b1e5c276,070a081dbabcc24509077e110be4e2cbd2d42ae0,持卡人消费,15公寓浴池,-0.27,43.52,5531,正常
2016/03/24 12:40:54,066103f86247eceac1ad6006f22ddfc3b1e5c276,070a081dbabcc24509077e110be4e2cbd2d42ae0,持卡人消费,15公寓浴池,-0.8,42.72,5533,正常
2016/03/25 08:02:40,066103f86247eceac1ad6006f22ddfc3b1e5c276,070a081dbabcc24509077e110be4e2cbd2d42ae0,持卡人消费,学士楼商务网关,-3.8,38.92,5534,正常
2016/03/25 17:42:46,066103f86247eceac1ad6006f22ddfc3b1e5c276,070a081dbabcc24509077e110be4e2cbd2d42ae0,持卡人消费,超市商务子系统,-12.0,26.92,5535,正常
2016/03/25 17:45:59,066103f86247eceac1ad6006f22ddfc3b1e5c276,070a081dbabcc24509077e110be4e2cbd2d42ae0,持卡人消费,超市商务子系统,-1.0,25.92,5536,正常
2016/03/26 07:47:32,066103f86247eceac1ad6006f22ddfc3b1e5c276,070a081dbabcc24509077e110be4e2cbd2d42ae0,持卡人消费,学士楼商务网关,-4.3,21.62,5537,正常
2016/03/26 17:22:39,066103f86247eceac1ad6006f22ddfc3b1e5c276,070a081dbabcc24509077e110be4e2cbd2d42ae0,存款,学苑楼综合业务3,200.0,221.62,5538,正常
2016/03/26 17:25:43,066103f86247eceac1ad6006f22ddfc3b1e5c276,070a081dbabcc24509077e110be4e2cbd2d42ae0,持卡人消费,超市商务子系统,-9.0,212.62,5539,正常
2016/03/27 07:41:45,066103f86247eceac1ad6006f22ddfc3b1e5c276,070a081dbabcc24509077e110be4e2cbd2d42ae0,持卡人消费,学士楼商务网关,-4.3,208.32,5540,正常
2016/03/27 17:20:29,066103f86247eceac1ad6006f22ddfc3b1e5c276,070a081dbabcc24509077e110be4e2cbd2d42ae0,持卡人消费,超市商务子系统,-3.9,204.42,5541,正常
2016/03/28 07:46:03,066103f86247eceac1ad6006f22ddfc3b1e5c276,070a081dbabcc24509077e110be4e2cbd2d42ae0,持卡人消费,学士楼商务网关,-4.3,200.12,5542,正常
2016/03/29 07:49:34,066103f86247eceac1ad6006f22ddfc3b1e5c276,070a081dbabcc24509077e110be4e2cbd2d42ae0,持卡人消费,学士楼商务网关,-3.8,196.32,5543,正常
2016/03/30 07:45:02,066103f86247eceac1ad6006f22ddfc3b1e5c276,070a081dbabcc24509077e110be4e2cbd2d42ae0,持卡人消费,学士楼商务网关,-3.8,192.52,5544,正常
2016/03/31 07:13:25,066103f86247eceac1ad6006f22ddfc3b1e5c276,070a081dbabcc24509077e110be4e2cbd2d42ae0,持卡人消费,超市商务子系统,-1.0,191.52,5545,正常
2016/03/31 10:55:13,066103f86247eceac1ad6006f22ddfc3b1e5c276,070a081dbabcc24509077e110be4e2cbd2d42ae0,持卡人消费,学士楼商务网关,-4.6,186.92,5546,正常
2016/03/31 12:20:29,066103f86247eceac1ad6006f22ddfc3b1e5c276,070a081dbabcc24509077e110be4e2cbd2d42ae0,持卡人消费,15公寓浴池,-2.0,184.92,5547,正常
2016/03/31 12:21:18,066103f86247eceac1ad6006f22ddfc3b1e5c276,070a081dbabcc24509077e110be4e2cbd2d42ae0,持卡人消费,15公寓浴池,-0.13,184.79,5549,正常
2016/03/31 12:25:39,066103f86247eceac1ad6006f22ddfc3b1e5c276,070a081dbabcc24509077e110be4e2cbd2d42ae0,持卡人消费,15公寓浴池,-0.29,184.50,5551,正常
2016/03/31 12:30:43,066103f86247eceac1ad6006f22ddfc3b1e5c276,070a081dbabcc24509077e110be4e2cbd2d42ae0,持卡人消费,15公寓浴池,-0.11,184.39,5553,正常
2016/03/31 12:35:43,066103f86247eceac1ad6006f22ddfc3b1e5c276,070a081dbabcc24509077e110be4e2cbd2d42ae0,持卡人消费,15公寓浴池,-0.14,184.25,5555,正常
2016/03/31 12:39:46,066103f86247eceac1ad6006f22ddfc3b1e5c276,070a081dbabcc24509077e110be4e2cbd2d42ae0,持卡人消费,15公寓浴池,-0.1,184.15,5557,正常
2016/03/31 12:44:31,066103f86247eceac1ad6006f22ddfc3b1e5c276,070a081dbabcc24509077e110be4e2cbd2d42ae0,持卡人消费,15公寓浴池,-0.58,183.57,5559,正常
2016/03/31 12:47:33,066103f86247eceac1ad6006f22ddfc3b1e5c276,070a081dbabcc24509077e110be4e2cbd2d42ae0,持卡人消费,15公寓浴池,-0.21,183.36,5561,正常
2016/03/31 12:47:58,066103f86247eceac1ad6006f22ddfc3b1e5c276,070a081dbabcc24509077e110be4e2cbd2d42ae0,持卡人消费,15公寓浴池,-0.02,183.34,5563,正常
2016/03/31 12:56:43,066103f86247eceac1ad6006f22ddfc3b1e5c276,070a081dbabcc24509077e110be4e2cbd2d42ae0,持卡人消费,15公寓浴池,-1.18,182.16,5565,正常
2016/03/31 18:34:18,066103f86247eceac1ad6006f22ddfc3b1e5c276,070a081dbabcc24509077e110be4e2cbd2d42ae0,持卡人消费,学士楼商务网关,-6.4,175.76,5566,正常
