交易发生时间,学号,姓名,交易类型,子系统名称,交易额,现有余额,次数,状态
2016/03/01 11:12:03,3752f66becf590b9ab1ef835d86a49c2e70f9a0a,073465bc6498d5916e66ffd4475fc273a554cb75,持卡人消费,九食堂商务网关,-9.0,155.16,3230,正常
2016/03/01 18:27:54,3752f66becf590b9ab1ef835d86a49c2e70f9a0a,073465bc6498d5916e66ffd4475fc273a554cb75,持卡人消费,学子便利店B07,-5.2,149.96,3231,正常
2016/03/02 11:03:25,3752f66becf590b9ab1ef835d86a49c2e70f9a0a,073465bc6498d5916e66ffd4475fc273a554cb75,持卡人消费,九食堂商务网关,-12.0,137.96,3232,正常
2016/03/02 11:03:43,3752f66becf590b9ab1ef835d86a49c2e70f9a0a,073465bc6498d5916e66ffd4475fc273a554cb75,持卡人消费,九食堂商务网关,-9.0,128.96,3233,正常
2016/03/02 17:07:49,3752f66becf590b9ab1ef835d86a49c2e70f9a0a,073465bc6498d5916e66ffd4475fc273a554cb75,持卡人消费,五食堂商务网关,-6.0,122.96,3234,正常
2016/03/02 17:07:51,3752f66becf590b9ab1ef835d86a49c2e70f9a0a,073465bc6498d5916e66ffd4475fc273a554cb75,持卡人消费,五食堂商务网关,-2.0,120.96,3235,正常
2016/03/03 11:19:42,3752f66becf590b9ab1ef835d86a49c2e70f9a0a,073465bc6498d5916e66ffd4475fc273a554cb75,持卡人消费,九食堂商务网关,-11.0,109.96,3236,正常
2016/03/04 11:09:40,3752f66becf590b9ab1ef835d86a49c2e70f9a0a,073465bc6498d5916e66ffd4475fc273a554cb75,持卡人消费,九食堂商务网关,-9.0,100.96,3237,正常
2016/03/04 17:19:00,3752f66becf590b9ab1ef835d86a49c2e70f9a0a,073465bc6498d5916e66ffd4475fc273a554cb75,持卡人消费,五食堂商务网关,-5.0,95.96,3238,正常
2016/03/04 19:08:05,3752f66becf590b9ab1ef835d86a49c2e70f9a0a,073465bc6498d5916e66ffd4475fc273a554cb75,持卡人消费,二区水控,-0.82,95.14,3240,正常
2016/03/04 19:21:38,3752f66becf590b9ab1ef835d86a49c2e70f9a0a,073465bc6498d5916e66ffd4475fc273a554cb75,持卡人消费,二区水控,-2.59,92.55,3242,正常
2016/03/05 07:53:51,3752f66becf590b9ab1ef835d86a49c2e70f9a0a,073465bc6498d5916e66ffd4475fc273a554cb75,持卡人消费,九食堂商务网关,-2.6,89.95,3243,正常
2016/03/05 07:54:26,3752f66becf590b9ab1ef835d86a49c2e70f9a0a,073465bc6498d5916e66ffd4475fc273a554cb75,持卡人消费,九食堂商务网关,-1.2,88.75,3244,正常
2016/03/05 11:15:03,3752f66becf590b9ab1ef835d86a49c2e70f9a0a,073465bc6498d5916e66ffd4475fc273a554cb75,持卡人消费,九食堂商务网关,-8.5,80.25,3245,正常
2016/03/05 17:42:31,3752f66becf590b9ab1ef835d86a49c2e70f9a0a,073465bc6498d5916e66ffd4475fc273a554cb75,持卡人消费,九食堂商务网关,-8.0,72.25,3246,正常
2016/03/06 09:33:19,3752f66becf590b9ab1ef835d86a49c2e70f9a0a,073465bc6498d5916e66ffd4475fc273a554cb75,持卡人消费,学子便利店B07,-3.5,68.75,3247,正常
2016/03/06 11:05:51,3752f66becf590b9ab1ef835d86a49c2e70f9a0a,073465bc6498d5916e66ffd4475fc273a554cb75,持卡人消费,九食堂商务网关,-12.0,56.75,3248,正常
2016/03/06 18:52:50,3752f66becf590b9ab1ef835d86a49c2e70f9a0a,073465bc6498d5916e66ffd4475fc273a554cb75,持卡人消费,学子便利店B07,-5.2,51.55,3249,正常
2016/03/07 10:40:42,3752f66becf590b9ab1ef835d86a49c2e70f9a0a,073465bc6498d5916e66ffd4475fc273a554cb75,持卡人消费,九食堂商务网关,-11.0,40.55,3250,正常
2016/03/08 11:03:42,3752f66becf590b9ab1ef835d86a49c2e70f9a0a,073465bc6498d5916e66ffd4475fc273a554cb75,持卡人消费,九食堂商务网关,-10.0,30.55,3251,正常
2016/03/09 07:51:20,3752f66becf590b9ab1ef835d86a49c2e70f9a0a,073465bc6498d5916e66ffd4475fc273a554cb75,持卡人消费,九食堂商务网关,-2.6,27.95,3252,正常
2016/03/09 07:52:26,3752f66becf590b9ab1ef835d86a49c2e70f9a0a,073465bc6498d5916e66ffd4475fc273a554cb75,持卡人消费,九食堂商务网关,-1.0,26.95,3253,正常
2016/03/09 07:36:06,3752f66becf590b9ab1ef835d86a49c2e70f9a0a,073465bc6498d5916e66ffd4475fc273a554cb75,存款,现金充值机,200.0,226.95,3254,正常
2016/03/09 10:25:54,3752f66becf590b9ab1ef835d86a49c2e70f9a0a,073465bc6498d5916e66ffd4475fc273a554cb75,持卡人消费,学子便利店B07,-3.9,223.05,3255,正常
2016/03/09 17:08:25,3752f66becf590b9ab1ef835d86a49c2e70f9a0a,073465bc6498d5916e66ffd4475fc273a554cb75,持卡人消费,九食堂商务网关,-12.0,211.05,3256,正常
2016/03/10 07:47:22,3752f66becf590b9ab1ef835d86a49c2e70f9a0a,073465bc6498d5916e66ffd4475fc273a554cb75,持卡人消费,九食堂商务网关,-1.8,209.25,3257,正常
2016/03/10 07:48:08,3752f66becf590b9ab1ef835d86a49c2e70f9a0a,073465bc6498d5916e66ffd4475fc273a554cb75,持卡人消费,九食堂商务网关,-1.0,208.25,3258,正常
2016/03/10 11:07:34,3752f66becf590b9ab1ef835d86a49c2e70f9a0a,073465bc6498d5916e66ffd4475fc273a554cb75,持卡人消费,九食堂商务网关,-9.0,199.25,3259,正常
2016/03/10 14:45:09,3752f66becf590b9ab1ef835d86a49c2e70f9a0a,073465bc6498d5916e66ffd4475fc273a554cb75,持卡人消费,学子便利店B07,-2.6,196.65,3260,正常
2016/03/10 17:26:58,3752f66becf590b9ab1ef835d86a49c2e70f9a0a,073465bc6498d5916e66ffd4475fc273a554cb75,持卡人消费,九食堂商务网关,-8.0,188.65,3261,正常
2016/03/11 07:54:58,3752f66becf590b9ab1ef835d86a49c2e70f9a0a,073465bc6498d5916e66ffd4475fc273a554cb75,持卡人消费,九食堂商务网关,-2.6,186.05,3262,正常
2016/03/11 07:55:20,3752f66becf590b9ab1ef835d86a49c2e70f9a0a,073465bc6498d5916e66ffd4475fc273a554cb75,持卡人消费,九食堂商务网关,-2.0,184.05,3263,正常
2016/03/12 11:20:19,3752f66becf590b9ab1ef835d86a49c2e70f9a0a,073465bc6498d5916e66ffd4475fc273a554cb75,持卡人消费,九食堂商务网关,-12.0,172.05,3264,正常
2016/03/12 17:15:21,3752f66becf590b9ab1ef835d86a49c2e70f9a0a,073465bc6498d5916e66ffd4475fc273a554cb75,持卡人消费,九食堂商务网关,-8.0,164.05,3265,正常
2016/03/14 07:53:54,3752f66becf590b9ab1ef835d86a49c2e70f9a0a,073465bc6498d5916e66ffd4475fc273a554cb75,持卡人消费,九食堂商务网关,-2.6,153.32,3273,正常
2016/03/14 07:54:27,3752f66becf590b9ab1ef835d86a49c2e70f9a0a,073465bc6498d5916e66ffd4475fc273a554cb75,持卡人消费,九食堂商务网关,-1.0,152.32,3274,正常
2016/03/14 11:17:15,3752f66becf590b9ab1ef835d86a49c2e70f9a0a,073465bc6498d5916e66ffd4475fc273a554cb75,持卡人消费,九食堂商务网关,-10.0,142.32,3275,正常
2016/03/15 07:59:33,3752f66becf590b9ab1ef835d86a49c2e70f9a0a,073465bc6498d5916e66ffd4475fc273a554cb75,持卡人消费,九食堂商务网关,-2.2,140.12,3276,正常
2016/03/15 08:00:06,3752f66becf590b9ab1ef835d86a49c2e70f9a0a,073465bc6498d5916e66ffd4475fc273a554cb75,持卡人消费,九食堂商务网关,-1.0,139.12,3277,正常
2016/03/15 11:33:14,3752f66becf590b9ab1ef835d86a49c2e70f9a0a,073465bc6498d5916e66ffd4475fc273a554cb75,持卡人消费,九食堂商务网关,-9.0,130.12,3278,正常
2016/03/15 04:46:31,3752f66becf590b9ab1ef835d86a49c2e70f9a0a,073465bc6498d5916e66ffd4475fc273a554cb75,持卡人消费,九食堂商务网关,-8.0,122.12,3279,正常
2016/03/16 11:16:56,3752f66becf590b9ab1ef835d86a49c2e70f9a0a,073465bc6498d5916e66ffd4475fc273a554cb75,持卡人消费,九食堂商务网关,-10.0,112.12,3280,正常
2016/03/17 11:06:23,3752f66becf590b9ab1ef835d86a49c2e70f9a0a,073465bc6498d5916e66ffd4475fc273a554cb75,持卡人消费,九食堂商务网关,-14.0,98.12,3281,正常
2016/03/17 11:24:21,3752f66becf590b9ab1ef835d86a49c2e70f9a0a,073465bc6498d5916e66ffd4475fc273a554cb75,持卡人消费,学子便利店B07,-4.2,93.92,3282,正常
2016/03/17 20:47:06,3752f66becf590b9ab1ef835d86a49c2e70f9a0a,073465bc6498d5916e66ffd4475fc273a554cb75,持卡人消费,二区水控,-2.05,91.87,3284,正常
2016/03/17 21:27:16,3752f66becf590b9ab1ef835d86a49c2e70f9a0a,073465bc6498d5916e66ffd4475fc273a554cb75,持卡人消费,学子便利店B07,-1.2,90.67,3285,正常
2016/03/18 08:00:49,3752f66becf590b9ab1ef835d86a49c2e70f9a0a,073465bc6498d5916e66ffd4475fc273a554cb75,持卡人消费,九食堂商务网关,-2.6,88.07,3286,正常
2016/03/18 08:01:17,3752f66becf590b9ab1ef835d86a49c2e70f9a0a,073465bc6498d5916e66ffd4475fc273a554cb75,持卡人消费,九食堂商务网关,-2.0,86.07,3287,正常
2016/03/18 08:18:16,3752f66becf590b9ab1ef835d86a49c2e70f9a0a,073465bc6498d5916e66ffd4475fc273a554cb75,持卡人消费,二区图书馆APOS,-10.35,75.72,3288,正常
2016/03/18 11:15:40,3752f66becf590b9ab1ef835d86a49c2e70f9a0a,073465bc6498d5916e66ffd4475fc273a554cb75,持卡人消费,九食堂商务网关,-10.0,65.72,3289,正常
2016/03/18 17:29:55,3752f66becf590b9ab1ef835d86a49c2e70f9a0a,073465bc6498d5916e66ffd4475fc273a554cb75,持卡人消费,九食堂商务网关,-8.0,57.72,3290,正常
2016/03/19 11:31:41,3752f66becf590b9ab1ef835d86a49c2e70f9a0a,073465bc6498d5916e66ffd4475fc273a554cb75,持卡人消费,九食堂商务网关,-15.0,42.72,3291,正常
2016/03/20 11:11:45,3752f66becf590b9ab1ef835d86a49c2e70f9a0a,073465bc6498d5916e66ffd4475fc273a554cb75,存款,现金充值机,200.0,242.72,3292,正常
2016/03/20 11:40:17,3752f66becf590b9ab1ef835d86a49c2e70f9a0a,073465bc6498d5916e66ffd4475fc273a554cb75,持卡人消费,九食堂商务网关,-12.0,230.72,3293,正常
2016/03/20 19:13:34,3752f66becf590b9ab1ef835d86a49c2e70f9a0a,073465bc6498d5916e66ffd4475fc273a554cb75,持卡人消费,二区水控,-2.22,228.50,3295,正常
2016/03/20 19:24:28,3752f66becf590b9ab1ef835d86a49c2e70f9a0a,073465bc6498d5916e66ffd4475fc273a554cb75,持卡人消费,学子便利店B07,-7.9,220.60,3296,正常
2016/03/21 11:01:40,3752f66becf590b9ab1ef835d86a49c2e70f9a0a,073465bc6498d5916e66ffd4475fc273a554cb75,持卡人消费,九食堂商务网关,-9.0,211.60,3297,正常
2016/03/21 17:01:07,3752f66becf590b9ab1ef835d86a49c2e70f9a0a,073465bc6498d5916e66ffd4475fc273a554cb75,持卡人消费,九食堂商务网关,-12.0,199.60,3298,正常
2016/03/22 11:18:07,3752f66becf590b9ab1ef835d86a49c2e70f9a0a,073465bc6498d5916e66ffd4475fc273a554cb75,持卡人消费,九食堂商务网关,-10.0,189.60,3299,正常
2016/03/22 18:09:30,3752f66becf590b9ab1ef835d86a49c2e70f9a0a,073465bc6498d5916e66ffd4475fc273a554cb75,持卡人消费,学子便利店B07,-6.3,183.30,3300,正常
2016/03/23 11:02:33,3752f66becf590b9ab1ef835d86a49c2e70f9a0a,073465bc6498d5916e66ffd4475fc273a554cb75,持卡人消费,九食堂商务网关,-10.0,173.30,3301,正常
2016/03/23 16:58:50,3752f66becf590b9ab1ef835d86a49c2e70f9a0a,073465bc6498d5916e66ffd4475fc273a554cb75,持卡人消费,学子便利店B07,-3.6,169.70,3302,正常
2016/03/24 11:19:26,3752f66becf590b9ab1ef835d86a49c2e70f9a0a,073465bc6498d5916e66ffd4475fc273a554cb75,持卡人消费,九食堂商务网关,-10.0,159.70,3303,正常
2016/03/24 11:39:13,3752f66becf590b9ab1ef835d86a49c2e70f9a0a,073465bc6498d5916e66ffd4475fc273a554cb75,持卡人消费,学子便利店B07,-2.5,157.20,3304,正常
2016/03/25 07:57:05,3752f66becf590b9ab1ef835d86a49c2e70f9a0a,073465bc6498d5916e66ffd4475fc273a554cb75,持卡人消费,九食堂商务网关,-2.6,154.60,3305,正常
2016/03/25 11:14:43,3752f66becf590b9ab1ef835d86a49c2e70f9a0a,073465bc6498d5916e66ffd4475fc273a554cb75,持卡人消费,九食堂商务网关,-10.0,144.60,3306,正常
2016/03/25 11:34:07,3752f66becf590b9ab1ef835d86a49c2e70f9a0a,073465bc6498d5916e66ffd4475fc273a554cb75,持卡人消费,学子便利店B07,-2.6,142.00,3307,正常
2016/03/26 07:51:46,3752f66becf590b9ab1ef835d86a49c2e70f9a0a,073465bc6498d5916e66ffd4475fc273a554cb75,持卡人消费,九食堂商务网关,-2.7,139.30,3308,正常
2016/03/26 07:52:31,3752f66becf590b9ab1ef835d86a49c2e70f9a0a,073465bc6498d5916e66ffd4475fc273a554cb75,持卡人消费,九食堂商务网关,-1.0,138.30,3309,正常
2016/03/26 11:24:43,3752f66becf590b9ab1ef835d86a49c2e70f9a0a,073465bc6498d5916e66ffd4475fc273a554cb75,持卡人消费,九食堂商务网关,-9.0,129.30,3310,正常
2016/03/27 09:19:33,3752f66becf590b9ab1ef835d86a49c2e70f9a0a,073465bc6498d5916e66ffd4475fc273a554cb75,持卡人消费,网络中心,-30.0,99.30,3311,正常
2016/03/28 11:12:23,3752f66becf590b9ab1ef835d86a49c2e70f9a0a,073465bc6498d5916e66ffd4475fc273a554cb75,持卡人消费,九食堂商务网关,-10.0,89.30,3312,正常
2016/03/28 19:55:01,3752f66becf590b9ab1ef835d86a49c2e70f9a0a,073465bc6498d5916e66ffd4475fc273a554cb75,持卡人消费,学子便利店B07,-5.7,83.60,3313,正常
2016/03/29 11:30:46,3752f66becf590b9ab1ef835d86a49c2e70f9a0a,073465bc6498d5916e66ffd4475fc273a554cb75,持卡人消费,九食堂商务网关,-10.0,73.60,3314,正常
2016/03/29 11:32:12,3752f66becf590b9ab1ef835d86a49c2e70f9a0a,073465bc6498d5916e66ffd4475fc273a554cb75,持卡人消费,九食堂商务网关,-9.0,64.60,3315,正常
2016/03/30 11:18:12,3752f66becf590b9ab1ef835d86a49c2e70f9a0a,073465bc6498d5916e66ffd4475fc273a554cb75,持卡人消费,九食堂商务网关,-9.0,55.60,3316,正常
2016/03/30 11:26:19,3752f66becf590b9ab1ef835d86a49c2e70f9a0a,073465bc6498d5916e66ffd4475fc273a554cb75,持卡人消费,九食堂商务网关,-10.0,45.60,3317,正常
2016/03/30 19:45:20,3752f66becf590b9ab1ef835d86a49c2e70f9a0a,073465bc6498d5916e66ffd4475fc273a554cb75,持卡人消费,学子便利店B07,-6.0,39.60,3318,正常
2016/03/30 20:19:36,3752f66becf590b9ab1ef835d86a49c2e70f9a0a,073465bc6498d5916e66ffd4475fc273a554cb75,持卡人消费,二区水控,-0.14,36.46,3321,正常
2016/03/30 20:30:49,3752f66becf590b9ab1ef835d86a49c2e70f9a0a,073465bc6498d5916e66ffd4475fc273a554cb75,持卡人消费,二区水控,-2.18,34.28,3323,正常
2016/03/30 20:31:03,3752f66becf590b9ab1ef835d86a49c2e70f9a0a,073465bc6498d5916e66ffd4475fc273a554cb75,持卡人消费,二区水控,-2.18,35.10,3324,正常
2016/03/31 17:21:35,3752f66becf590b9ab1ef835d86a49c2e70f9a0a,073465bc6498d5916e66ffd4475fc273a554cb75,持卡人消费,九食堂商务网关,-12.0,23.10,3325,正常
