交易发生时间,学号,姓名,交易类型,子系统名称,交易额,现有余额,次数,状态
2016/03/01 08:57:37,a21a03a589c0ff788b92fb40029bb01a3b27d32a,07e73b23bd7a92ddb0ec578e9feaa2b01d560285,持卡人消费,超市商务子系统,-2.2,12.73,4888,正常
2016/03/01 11:33:12,a21a03a589c0ff788b92fb40029bb01a3b27d32a,07e73b23bd7a92ddb0ec578e9feaa2b01d560285,存款,卡中心综合业务,200.0,212.73,4889,正常
2016/03/01 11:41:23,a21a03a589c0ff788b92fb40029bb01a3b27d32a,07e73b23bd7a92ddb0ec578e9feaa2b01d560285,持卡人消费,学苑楼商务网关,-5.4,207.33,4890,正常
2016/03/01 11:42:00,a21a03a589c0ff788b92fb40029bb01a3b27d32a,07e73b23bd7a92ddb0ec578e9feaa2b01d560285,持卡人消费,学苑楼商务网关,-10.0,197.33,4891,正常
2016/03/01 12:06:28,a21a03a589c0ff788b92fb40029bb01a3b27d32a,07e73b23bd7a92ddb0ec578e9feaa2b01d560285,持卡人消费,硕果园（工大商店）,-4.8,192.53,4892,正常
2016/03/02 09:23:42,a21a03a589c0ff788b92fb40029bb01a3b27d32a,07e73b23bd7a92ddb0ec578e9feaa2b01d560285,持卡人消费,超市商务子系统,-6.0,186.53,4893,正常
2016/03/02 09:43:58,a21a03a589c0ff788b92fb40029bb01a3b27d32a,07e73b23bd7a92ddb0ec578e9feaa2b01d560285,持卡人消费,身份前置机,-0.09,186.44,4894,正常
2016/03/02 11:26:17,a21a03a589c0ff788b92fb40029bb01a3b27d32a,07e73b23bd7a92ddb0ec578e9feaa2b01d560285,持卡人消费,学苑楼商务网关,-5.0,181.44,4895,正常
2016/03/02 11:26:31,a21a03a589c0ff788b92fb40029bb01a3b27d32a,07e73b23bd7a92ddb0ec578e9feaa2b01d560285,持卡人消费,学苑楼商务网关,-8.0,173.44,4896,正常
2016/03/02 11:27:45,a21a03a589c0ff788b92fb40029bb01a3b27d32a,07e73b23bd7a92ddb0ec578e9feaa2b01d560285,持卡人消费,学苑楼商务网关,-1.5,171.94,4897,正常
2016/03/02 17:13:43,a21a03a589c0ff788b92fb40029bb01a3b27d32a,07e73b23bd7a92ddb0ec578e9feaa2b01d560285,持卡人消费,学苑楼商务网关,-3.0,168.94,4898,正常
2016/03/02 17:14:34,a21a03a589c0ff788b92fb40029bb01a3b27d32a,07e73b23bd7a92ddb0ec578e9feaa2b01d560285,持卡人消费,学苑楼商务网关,-3.5,165.44,4899,正常
2016/03/02 17:17:02,a21a03a589c0ff788b92fb40029bb01a3b27d32a,07e73b23bd7a92ddb0ec578e9feaa2b01d560285,持卡人消费,学苑楼商务网关,-2.0,163.44,4900,正常
2016/03/02 17:38:02,a21a03a589c0ff788b92fb40029bb01a3b27d32a,07e73b23bd7a92ddb0ec578e9feaa2b01d560285,持卡人消费,超市商务子系统,-9.3,154.14,4901,正常
2016/03/03 14:44:08,a21a03a589c0ff788b92fb40029bb01a3b27d32a,07e73b23bd7a92ddb0ec578e9feaa2b01d560285,持卡人消费,15公寓浴池,-1.62,152.52,4903,正常
2016/03/04 13:57:17,a21a03a589c0ff788b92fb40029bb01a3b27d32a,07e73b23bd7a92ddb0ec578e9feaa2b01d560285,持卡人消费,硕果园（工大商店）,-10.0,142.52,4904,正常
2016/03/04 21:06:35,a21a03a589c0ff788b92fb40029bb01a3b27d32a,07e73b23bd7a92ddb0ec578e9feaa2b01d560285,持卡人消费,超市商务子系统,-6.0,136.52,4905,正常
2016/03/04 21:07:43,a21a03a589c0ff788b92fb40029bb01a3b27d32a,07e73b23bd7a92ddb0ec578e9feaa2b01d560285,持卡人消费,超市商务子系统,-6.4,130.12,4906,正常
2016/03/04 21:08:09,a21a03a589c0ff788b92fb40029bb01a3b27d32a,07e73b23bd7a92ddb0ec578e9feaa2b01d560285,持卡人消费,超市商务子系统,-6.4,123.72,4907,正常
2016/03/04 21:15:09,a21a03a589c0ff788b92fb40029bb01a3b27d32a,07e73b23bd7a92ddb0ec578e9feaa2b01d560285,持卡人消费,A1,-9.0,114.72,4908,正常
2016/03/05 11:46:26,a21a03a589c0ff788b92fb40029bb01a3b27d32a,07e73b23bd7a92ddb0ec578e9feaa2b01d560285,持卡人消费,学士楼商务网关,-2.69,112.03,4909,正常
2016/03/05 11:47:11,a21a03a589c0ff788b92fb40029bb01a3b27d32a,07e73b23bd7a92ddb0ec578e9feaa2b01d560285,持卡人消费,学士楼商务网关,-8.0,104.03,4910,正常
2016/03/05 12:07:59,a21a03a589c0ff788b92fb40029bb01a3b27d32a,07e73b23bd7a92ddb0ec578e9feaa2b01d560285,持卡人消费,硕果园（工大商店）,-8.6,95.43,4911,正常
2016/03/05 16:23:13,a21a03a589c0ff788b92fb40029bb01a3b27d32a,07e73b23bd7a92ddb0ec578e9feaa2b01d560285,持卡人消费,身份前置机,-0.84,94.59,4912,正常
2016/03/05 18:08:54,a21a03a589c0ff788b92fb40029bb01a3b27d32a,07e73b23bd7a92ddb0ec578e9feaa2b01d560285,持卡人消费,超市商务子系统,-6.4,88.19,4913,正常
2016/03/07 09:09:05,a21a03a589c0ff788b92fb40029bb01a3b27d32a,07e73b23bd7a92ddb0ec578e9feaa2b01d560285,持卡人消费,超市商务子系统,-10.4,77.79,4914,正常
2016/03/08 12:23:20,a21a03a589c0ff788b92fb40029bb01a3b27d32a,07e73b23bd7a92ddb0ec578e9feaa2b01d560285,持卡人消费,学子楼商务网关,-9.6,68.19,4915,正常
2016/03/08 12:44:47,a21a03a589c0ff788b92fb40029bb01a3b27d32a,07e73b23bd7a92ddb0ec578e9feaa2b01d560285,持卡人消费,超市商务子系统,-4.7,63.49,4916,正常
2016/03/08 17:12:15,a21a03a589c0ff788b92fb40029bb01a3b27d32a,07e73b23bd7a92ddb0ec578e9feaa2b01d560285,持卡人消费,15公寓浴池,-1.86,61.63,4918,正常
2016/03/10 09:45:01,a21a03a589c0ff788b92fb40029bb01a3b27d32a,07e73b23bd7a92ddb0ec578e9feaa2b01d560285,持卡人消费,硕果园（工大商店）,-3.3,58.33,4919,正常
2016/03/10 09:47:08,a21a03a589c0ff788b92fb40029bb01a3b27d32a,07e73b23bd7a92ddb0ec578e9feaa2b01d560285,持卡人消费,硕果园（工大商店）,-6.0,52.33,4920,正常
2016/03/10 11:33:36,a21a03a589c0ff788b92fb40029bb01a3b27d32a,07e73b23bd7a92ddb0ec578e9feaa2b01d560285,持卡人消费,学苑楼商务网关,-7.0,45.33,4921,正常
2016/03/10 11:33:47,a21a03a589c0ff788b92fb40029bb01a3b27d32a,07e73b23bd7a92ddb0ec578e9feaa2b01d560285,持卡人消费,学苑楼商务网关,-5.0,40.33,4922,正常
2016/03/10 11:35:09,a21a03a589c0ff788b92fb40029bb01a3b27d32a,07e73b23bd7a92ddb0ec578e9feaa2b01d560285,持卡人消费,学苑楼商务网关,-0.4,39.93,4923,正常
2016/03/10 21:52:20,a21a03a589c0ff788b92fb40029bb01a3b27d32a,07e73b23bd7a92ddb0ec578e9feaa2b01d560285,持卡人消费,学子便利店A01后楼,-4.2,35.73,4924,正常
2016/03/11 17:22:14,a21a03a589c0ff788b92fb40029bb01a3b27d32a,07e73b23bd7a92ddb0ec578e9feaa2b01d560285,持卡人消费,学苑楼商务网关,-6.5,29.23,4925,正常
2016/03/11 17:23:26,a21a03a589c0ff788b92fb40029bb01a3b27d32a,07e73b23bd7a92ddb0ec578e9feaa2b01d560285,持卡人消费,学苑楼商务网关,-1.8,27.43,4926,正常
2016/03/11 17:43:51,a21a03a589c0ff788b92fb40029bb01a3b27d32a,07e73b23bd7a92ddb0ec578e9feaa2b01d560285,持卡人消费,超市商务子系统,-5.8,21.63,4927,正常
2016/03/12 16:04:42,a21a03a589c0ff788b92fb40029bb01a3b27d32a,07e73b23bd7a92ddb0ec578e9feaa2b01d560285,持卡人消费,15公寓浴池,-1.28,20.35,4929,正常
2016/03/14 08:21:51,a21a03a589c0ff788b92fb40029bb01a3b27d32a,07e73b23bd7a92ddb0ec578e9feaa2b01d560285,持卡人消费,硕果园（工大商店）,-2.0,18.35,4930,正常
2016/03/14 08:22:54,a21a03a589c0ff788b92fb40029bb01a3b27d32a,07e73b23bd7a92ddb0ec578e9feaa2b01d560285,持卡人消费,硕果园（工大商店）,-5.0,13.35,4931,正常
2016/03/14 08:24:04,a21a03a589c0ff788b92fb40029bb01a3b27d32a,07e73b23bd7a92ddb0ec578e9feaa2b01d560285,持卡人消费,硕果园（工大商店）,-1.0,12.35,4932,正常
2016/03/14 11:52:49,a21a03a589c0ff788b92fb40029bb01a3b27d32a,07e73b23bd7a92ddb0ec578e9feaa2b01d560285,持卡人消费,学士楼商务网关,-4.76,7.59,4933,正常
2016/03/14 11:54:07,a21a03a589c0ff788b92fb40029bb01a3b27d32a,07e73b23bd7a92ddb0ec578e9feaa2b01d560285,持卡人消费,学士楼商务网关,-5.6,1.99,4934,正常
2016/03/14 16:52:48,a21a03a589c0ff788b92fb40029bb01a3b27d32a,07e73b23bd7a92ddb0ec578e9feaa2b01d560285,存款,现金充值机,100.0,101.99,4935,正常
2016/03/14 17:10:33,a21a03a589c0ff788b92fb40029bb01a3b27d32a,07e73b23bd7a92ddb0ec578e9feaa2b01d560285,持卡人消费,学苑楼商务网关,-5.0,96.99,4936,正常
2016/03/14 17:11:19,a21a03a589c0ff788b92fb40029bb01a3b27d32a,07e73b23bd7a92ddb0ec578e9feaa2b01d560285,持卡人消费,学苑楼商务网关,-2.5,94.49,4937,正常
2016/03/14 17:12:24,a21a03a589c0ff788b92fb40029bb01a3b27d32a,07e73b23bd7a92ddb0ec578e9feaa2b01d560285,持卡人消费,学苑楼商务网关,-1.5,92.99,4938,正常
2016/03/14 17:25:28,a21a03a589c0ff788b92fb40029bb01a3b27d32a,07e73b23bd7a92ddb0ec578e9feaa2b01d560285,持卡人消费,学苑楼商务网关,-3.5,89.49,4939,正常
2016/03/15 12:40:52,a21a03a589c0ff788b92fb40029bb01a3b27d32a,07e73b23bd7a92ddb0ec578e9feaa2b01d560285,持卡人消费,学子楼商务网关,-7.2,82.29,4940,正常
2016/03/15 13:00:31,a21a03a589c0ff788b92fb40029bb01a3b27d32a,07e73b23bd7a92ddb0ec578e9feaa2b01d560285,持卡人消费,超市商务子系统,-12.1,70.19,4941,正常
2016/03/15 14:49:55,a21a03a589c0ff788b92fb40029bb01a3b27d32a,07e73b23bd7a92ddb0ec578e9feaa2b01d560285,持卡人消费,学子便利店A01后楼,-5.8,64.39,4942,正常
2016/03/18 07:44:20,a21a03a589c0ff788b92fb40029bb01a3b27d32a,07e73b23bd7a92ddb0ec578e9feaa2b01d560285,持卡人消费,学士楼商务网关,-4.1,60.29,4943,正常
2016/03/18 11:47:03,a21a03a589c0ff788b92fb40029bb01a3b27d32a,07e73b23bd7a92ddb0ec578e9feaa2b01d560285,持卡人消费,学苑楼商务网关,-9.0,51.29,4944,正常
2016/03/18 11:47:31,a21a03a589c0ff788b92fb40029bb01a3b27d32a,07e73b23bd7a92ddb0ec578e9feaa2b01d560285,持卡人消费,学苑楼商务网关,-5.0,46.29,4945,正常
2016/03/18 11:47:57,a21a03a589c0ff788b92fb40029bb01a3b27d32a,07e73b23bd7a92ddb0ec578e9feaa2b01d560285,持卡人消费,学苑楼商务网关,-6.0,40.29,4946,正常
2016/03/18 12:11:23,a21a03a589c0ff788b92fb40029bb01a3b27d32a,07e73b23bd7a92ddb0ec578e9feaa2b01d560285,持卡人消费,超市商务子系统,-8.9,31.39,4947,正常
2016/03/18 16:22:25,a21a03a589c0ff788b92fb40029bb01a3b27d32a,07e73b23bd7a92ddb0ec578e9feaa2b01d560285,持卡人消费,15公寓浴池,-1.9,29.49,4949,正常
2016/03/19 11:20:47,a21a03a589c0ff788b92fb40029bb01a3b27d32a,07e73b23bd7a92ddb0ec578e9feaa2b01d560285,持卡人消费,A1,-6.0,23.49,4950,正常
2016/03/19 13:32:16,a21a03a589c0ff788b92fb40029bb01a3b27d32a,07e73b23bd7a92ddb0ec578e9feaa2b01d560285,持卡人消费,15公寓浴池,-0.85,22.64,4952,正常
2016/03/20 11:35:58,a21a03a589c0ff788b92fb40029bb01a3b27d32a,07e73b23bd7a92ddb0ec578e9feaa2b01d560285,持卡人消费,学苑楼商务网关,-6.0,16.64,4953,正常
2016/03/20 11:36:50,a21a03a589c0ff788b92fb40029bb01a3b27d32a,07e73b23bd7a92ddb0ec578e9feaa2b01d560285,持卡人消费,学苑楼商务网关,-3.0,13.64,4954,正常
2016/03/20 11:36:58,a21a03a589c0ff788b92fb40029bb01a3b27d32a,07e73b23bd7a92ddb0ec578e9feaa2b01d560285,持卡人消费,学苑楼商务网关,-0.4,13.24,4955,正常
2016/03/20 12:01:25,a21a03a589c0ff788b92fb40029bb01a3b27d32a,07e73b23bd7a92ddb0ec578e9feaa2b01d560285,持卡人消费,超市商务子系统,-6.8,6.44,4956,正常
2016/03/21 11:40:59,a21a03a589c0ff788b92fb40029bb01a3b27d32a,07e73b23bd7a92ddb0ec578e9feaa2b01d560285,存款,现金充值机,100.0,106.44,4957,正常
2016/03/21 11:58:01,a21a03a589c0ff788b92fb40029bb01a3b27d32a,07e73b23bd7a92ddb0ec578e9feaa2b01d560285,持卡人消费,学苑楼商务网关,-13.0,93.44,4958,正常
2016/03/21 11:58:43,a21a03a589c0ff788b92fb40029bb01a3b27d32a,07e73b23bd7a92ddb0ec578e9feaa2b01d560285,持卡人消费,学苑楼商务网关,-0.4,93.04,4959,正常
2016/03/21 12:17:12,a21a03a589c0ff788b92fb40029bb01a3b27d32a,07e73b23bd7a92ddb0ec578e9feaa2b01d560285,持卡人消费,超市商务子系统,-8.0,85.04,4960,正常
2016/03/21 14:32:16,a21a03a589c0ff788b92fb40029bb01a3b27d32a,07e73b23bd7a92ddb0ec578e9feaa2b01d560285,持卡人消费,超市商务子系统,-1.8,83.24,4961,正常
2016/03/21 17:15:43,a21a03a589c0ff788b92fb40029bb01a3b27d32a,07e73b23bd7a92ddb0ec578e9feaa2b01d560285,持卡人消费,学苑楼商务网关,-3.0,80.24,4962,正常
2016/03/21 17:16:21,a21a03a589c0ff788b92fb40029bb01a3b27d32a,07e73b23bd7a92ddb0ec578e9feaa2b01d560285,持卡人消费,学苑楼商务网关,-2.5,77.74,4963,正常
2016/03/21 17:17:03,a21a03a589c0ff788b92fb40029bb01a3b27d32a,07e73b23bd7a92ddb0ec578e9feaa2b01d560285,持卡人消费,学苑楼商务网关,-1.5,76.24,4964,正常
2016/03/21 17:36:17,a21a03a589c0ff788b92fb40029bb01a3b27d32a,07e73b23bd7a92ddb0ec578e9feaa2b01d560285,持卡人消费,超市商务子系统,-5.8,70.44,4965,正常
2016/03/22 17:07:47,a21a03a589c0ff788b92fb40029bb01a3b27d32a,07e73b23bd7a92ddb0ec578e9feaa2b01d560285,持卡人消费,15公寓浴池,-1.39,69.05,4967,正常
2016/03/23 16:54:45,a21a03a589c0ff788b92fb40029bb01a3b27d32a,07e73b23bd7a92ddb0ec578e9feaa2b01d560285,持卡人消费,超市商务子系统,-2.5,66.55,4968,正常
2016/03/23 16:54:50,a21a03a589c0ff788b92fb40029bb01a3b27d32a,07e73b23bd7a92ddb0ec578e9feaa2b01d560285,持卡人消费,超市商务子系统,-4.0,62.55,4969,正常
2016/03/23 17:56:38,a21a03a589c0ff788b92fb40029bb01a3b27d32a,07e73b23bd7a92ddb0ec578e9feaa2b01d560285,持卡人消费,学苑楼商务网关,-11.88,50.67,4970,正常
2016/03/23 20:11:46,a21a03a589c0ff788b92fb40029bb01a3b27d32a,07e73b23bd7a92ddb0ec578e9feaa2b01d560285,持卡人消费,超市商务子系统,-5.8,44.87,4971,正常
2016/03/24 17:22:16,a21a03a589c0ff788b92fb40029bb01a3b27d32a,07e73b23bd7a92ddb0ec578e9feaa2b01d560285,持卡人消费,学苑楼商务网关,-1.8,43.07,4972,正常
2016/03/24 17:23:14,a21a03a589c0ff788b92fb40029bb01a3b27d32a,07e73b23bd7a92ddb0ec578e9feaa2b01d560285,持卡人消费,学苑楼商务网关,-5.5,37.57,4973,正常
2016/03/24 17:48:51,a21a03a589c0ff788b92fb40029bb01a3b27d32a,07e73b23bd7a92ddb0ec578e9feaa2b01d560285,持卡人消费,超市商务子系统,-11.1,26.47,4974,正常
2016/03/24 21:41:26,a21a03a589c0ff788b92fb40029bb01a3b27d32a,07e73b23bd7a92ddb0ec578e9feaa2b01d560285,持卡人消费,学子便利店A01后楼,-4.8,21.67,4975,正常
2016/03/25 08:32:52,a21a03a589c0ff788b92fb40029bb01a3b27d32a,07e73b23bd7a92ddb0ec578e9feaa2b01d560285,持卡人消费,学士楼商务网关,-5.1,16.57,4976,正常
2016/03/25 08:49:31,a21a03a589c0ff788b92fb40029bb01a3b27d32a,07e73b23bd7a92ddb0ec578e9feaa2b01d560285,持卡人消费,硕果园（工大商店）,-2.5,14.07,4977,正常
2016/03/25 17:39:07,a21a03a589c0ff788b92fb40029bb01a3b27d32a,07e73b23bd7a92ddb0ec578e9feaa2b01d560285,持卡人消费,学苑楼商务网关,-6.0,8.07,4978,正常
2016/03/25 17:54:48,a21a03a589c0ff788b92fb40029bb01a3b27d32a,07e73b23bd7a92ddb0ec578e9feaa2b01d560285,持卡人消费,超市商务子系统,-5.8,2.27,4979,正常
2016/03/26 11:38:20,a21a03a589c0ff788b92fb40029bb01a3b27d32a,07e73b23bd7a92ddb0ec578e9feaa2b01d560285,存款,现金充值机,100.0,102.27,4980,正常
2016/03/26 11:56:24,a21a03a589c0ff788b92fb40029bb01a3b27d32a,07e73b23bd7a92ddb0ec578e9feaa2b01d560285,持卡人消费,学苑楼商务网关,-8.4,93.87,4981,正常
2016/03/26 11:58:01,a21a03a589c0ff788b92fb40029bb01a3b27d32a,07e73b23bd7a92ddb0ec578e9feaa2b01d560285,持卡人消费,学苑楼商务网关,-5.0,88.87,4982,正常
2016/03/26 12:20:50,a21a03a589c0ff788b92fb40029bb01a3b27d32a,07e73b23bd7a92ddb0ec578e9feaa2b01d560285,持卡人消费,超市商务子系统,-7.0,81.87,4983,正常
2016/03/26 12:23:16,a21a03a589c0ff788b92fb40029bb01a3b27d32a,07e73b23bd7a92ddb0ec578e9feaa2b01d560285,持卡人消费,超市商务子系统,-0.2,81.67,4984,正常
2016/03/26 17:43:01,a21a03a589c0ff788b92fb40029bb01a3b27d32a,07e73b23bd7a92ddb0ec578e9feaa2b01d560285,持卡人消费,15公寓浴池,-0.38,81.29,4986,正常
2016/03/26 17:45:03,a21a03a589c0ff788b92fb40029bb01a3b27d32a,07e73b23bd7a92ddb0ec578e9feaa2b01d560285,持卡人消费,15公寓浴池,-0.18,81.11,4988,正常
2016/03/26 18:15:15,a21a03a589c0ff788b92fb40029bb01a3b27d32a,07e73b23bd7a92ddb0ec578e9feaa2b01d560285,持卡人消费,15公寓浴池,-0.94,80.17,4990,正常
2016/03/26 18:44:57,a21a03a589c0ff788b92fb40029bb01a3b27d32a,07e73b23bd7a92ddb0ec578e9feaa2b01d560285,持卡人消费,硕果园（工大商店）,-13.2,66.97,4991,正常
2016/03/26 18:53:54,a21a03a589c0ff788b92fb40029bb01a3b27d32a,07e73b23bd7a92ddb0ec578e9feaa2b01d560285,持卡人消费,学子便利店A01后楼,-1.8,65.17,4992,正常
2016/03/27 13:18:11,a21a03a589c0ff788b92fb40029bb01a3b27d32a,07e73b23bd7a92ddb0ec578e9feaa2b01d560285,持卡人消费,15公寓浴池,-0.29,64.88,4994,正常
2016/03/27 13:20:12,a21a03a589c0ff788b92fb40029bb01a3b27d32a,07e73b23bd7a92ddb0ec578e9feaa2b01d560285,持卡人消费,15公寓浴池,-0.21,64.67,4996,正常
2016/03/28 11:55:20,a21a03a589c0ff788b92fb40029bb01a3b27d32a,07e73b23bd7a92ddb0ec578e9feaa2b01d560285,持卡人消费,学苑楼商务网关,-11.4,53.27,4997,正常
2016/03/28 12:18:37,a21a03a589c0ff788b92fb40029bb01a3b27d32a,07e73b23bd7a92ddb0ec578e9feaa2b01d560285,持卡人消费,超市商务子系统,-19.3,33.97,4998,正常
2016/03/28 15:33:09,a21a03a589c0ff788b92fb40029bb01a3b27d32a,07e73b23bd7a92ddb0ec578e9feaa2b01d560285,持卡人消费,学子便利店A01后楼,-1.0,32.97,4999,正常
2016/03/28 15:44:43,a21a03a589c0ff788b92fb40029bb01a3b27d32a,07e73b23bd7a92ddb0ec578e9feaa2b01d560285,持卡人消费,15公寓浴池,-1.25,31.72,5001,正常
2016/03/28 17:35:59,a21a03a589c0ff788b92fb40029bb01a3b27d32a,07e73b23bd7a92ddb0ec578e9feaa2b01d560285,持卡人消费,学士楼商务网关,-2.18,29.54,5002,正常
2016/03/28 17:38:33,a21a03a589c0ff788b92fb40029bb01a3b27d32a,07e73b23bd7a92ddb0ec578e9feaa2b01d560285,持卡人消费,学士楼商务网关,-2.2,27.34,5003,正常
2016/03/29 08:27:24,a21a03a589c0ff788b92fb40029bb01a3b27d32a,07e73b23bd7a92ddb0ec578e9feaa2b01d560285,持卡人消费,学士楼商务网关,-5.6,21.74,5004,正常
2016/03/29 21:18:49,a21a03a589c0ff788b92fb40029bb01a3b27d32a,07e73b23bd7a92ddb0ec578e9feaa2b01d560285,持卡人消费,A1,-3.0,18.74,5005,正常
2016/03/30 18:01:32,a21a03a589c0ff788b92fb40029bb01a3b27d32a,07e73b23bd7a92ddb0ec578e9feaa2b01d560285,持卡人消费,学士楼商务网关,-7.56,11.18,5006,正常
2016/03/30 18:04:18,a21a03a589c0ff788b92fb40029bb01a3b27d32a,07e73b23bd7a92ddb0ec578e9feaa2b01d560285,持卡人消费,学士楼商务网关,-5.4,5.78,5007,正常
2016/03/30 19:42:00,a21a03a589c0ff788b92fb40029bb01a3b27d32a,07e73b23bd7a92ddb0ec578e9feaa2b01d560285,持卡人消费,超市商务子系统,-2.3,3.48,5008,正常
2016/03/30 21:54:07,a21a03a589c0ff788b92fb40029bb01a3b27d32a,07e73b23bd7a92ddb0ec578e9feaa2b01d560285,持卡人消费,学子便利店A01后楼,-3.0,0.48,5009,正常
2016/03/31 12:14:41,a21a03a589c0ff788b92fb40029bb01a3b27d32a,07e73b23bd7a92ddb0ec578e9feaa2b01d560285,存款,卡中心综合业务,100.0,100.48,5010,正常
2016/03/31 12:17:30,a21a03a589c0ff788b92fb40029bb01a3b27d32a,07e73b23bd7a92ddb0ec578e9feaa2b01d560285,持卡人消费,学苑楼商务网关,-10.0,90.48,5011,正常
2016/03/31 12:18:28,a21a03a589c0ff788b92fb40029bb01a3b27d32a,07e73b23bd7a92ddb0ec578e9feaa2b01d560285,持卡人消费,学苑楼商务网关,-0.5,89.98,5012,正常
2016/03/31 12:18:45,a21a03a589c0ff788b92fb40029bb01a3b27d32a,07e73b23bd7a92ddb0ec578e9feaa2b01d560285,持卡人消费,学苑楼商务网关,-1.2,88.78,5013,正常
2016/03/31 12:19:37,a21a03a589c0ff788b92fb40029bb01a3b27d32a,07e73b23bd7a92ddb0ec578e9feaa2b01d560285,持卡人消费,学苑楼商务网关,-4.0,84.78,5014,正常
2016/03/31 12:40:38,a21a03a589c0ff788b92fb40029bb01a3b27d32a,07e73b23bd7a92ddb0ec578e9feaa2b01d560285,持卡人消费,超市商务子系统,-2.9,81.88,5015,正常
2016/03/31 15:58:37,a21a03a589c0ff788b92fb40029bb01a3b27d32a,07e73b23bd7a92ddb0ec578e9feaa2b01d560285,持卡人消费,超市商务子系统,-3.2,78.68,5016,正常
2016/03/31 16:01:56,a21a03a589c0ff788b92fb40029bb01a3b27d32a,07e73b23bd7a92ddb0ec578e9feaa2b01d560285,持卡人消费,超市商务子系统,-2.0,76.68,5017,正常
2016/03/31 17:40:21,a21a03a589c0ff788b92fb40029bb01a3b27d32a,07e73b23bd7a92ddb0ec578e9feaa2b01d560285,持卡人消费,学苑楼商务网关,-2.3,74.38,5018,正常
2016/03/31 17:41:12,a21a03a589c0ff788b92fb40029bb01a3b27d32a,07e73b23bd7a92ddb0ec578e9feaa2b01d560285,持卡人消费,学苑楼商务网关,-4.0,70.38,5019,正常
2016/03/31 17:42:32,a21a03a589c0ff788b92fb40029bb01a3b27d32a,07e73b23bd7a92ddb0ec578e9feaa2b01d560285,持卡人消费,学苑楼商务网关,-6.0,64.38,5020,正常
2016/03/31 18:12:48,a21a03a589c0ff788b92fb40029bb01a3b27d32a,07e73b23bd7a92ddb0ec578e9feaa2b01d560285,持卡人消费,超市商务子系统,-1.0,63.38,5021,正常
