交易发生时间,学号,姓名,交易类型,子系统名称,交易额,现有余额,次数,状态
2016/03/03 11:14:51,aeb80db21d8913a5aaf3d54c726a25a0671f3df1,090d968bf856f980651eec15a3fe6937236a41a7,存款,现金充值机,100.0,100.89,4222,正常
2016/03/03 11:16:04,aeb80db21d8913a5aaf3d54c726a25a0671f3df1,090d968bf856f980651eec15a3fe6937236a41a7,持卡人消费,五食堂商务网关,-5.0,95.89,4223,正常
2016/03/04 08:53:38,aeb80db21d8913a5aaf3d54c726a25a0671f3df1,090d968bf856f980651eec15a3fe6937236a41a7,持卡人消费,学子便利店B03,-4.0,91.89,4224,正常
2016/03/04 11:16:13,aeb80db21d8913a5aaf3d54c726a25a0671f3df1,090d968bf856f980651eec15a3fe6937236a41a7,持卡人消费,四食堂商务网关,-7.0,84.89,4225,正常
2016/03/04 19:43:07,aeb80db21d8913a5aaf3d54c726a25a0671f3df1,090d968bf856f980651eec15a3fe6937236a41a7,持卡人消费,学子便利店B03,-28.2,56.69,4226,正常
2016/03/05 09:22:52,aeb80db21d8913a5aaf3d54c726a25a0671f3df1,090d968bf856f980651eec15a3fe6937236a41a7,持卡人消费,学子便利店B03,-2.6,54.09,4227,正常
2016/03/05 11:38:17,aeb80db21d8913a5aaf3d54c726a25a0671f3df1,090d968bf856f980651eec15a3fe6937236a41a7,持卡人消费,四食堂商务网关,-6.0,48.09,4228,正常
2016/03/05 21:45:52,aeb80db21d8913a5aaf3d54c726a25a0671f3df1,090d968bf856f980651eec15a3fe6937236a41a7,持卡人消费,学子便利店B03,-7.9,40.19,4229,正常
2016/03/06 07:39:28,aeb80db21d8913a5aaf3d54c726a25a0671f3df1,090d968bf856f980651eec15a3fe6937236a41a7,持卡人消费,四食堂商务网关,-2.5,37.69,4230,正常
2016/03/06 07:39:38,aeb80db21d8913a5aaf3d54c726a25a0671f3df1,090d968bf856f980651eec15a3fe6937236a41a7,持卡人消费,四食堂商务网关,-2.1,35.59,4231,正常
2016/03/11 17:18:04,aeb80db21d8913a5aaf3d54c726a25a0671f3df1,090d968bf856f980651eec15a3fe6937236a41a7,持卡人消费,四食堂商务网关,-6.0,29.59,4232,正常
2016/03/11 17:48:55,aeb80db21d8913a5aaf3d54c726a25a0671f3df1,090d968bf856f980651eec15a3fe6937236a41a7,持卡人消费,二区水控,-1.81,27.78,4234,正常
2016/03/11 17:59:25,aeb80db21d8913a5aaf3d54c726a25a0671f3df1,090d968bf856f980651eec15a3fe6937236a41a7,持卡人消费,二区水控,-3.0,21.78,4236,正常
2016/03/11 17:56:51,aeb80db21d8913a5aaf3d54c726a25a0671f3df1,090d968bf856f980651eec15a3fe6937236a41a7,持卡人消费,二区水控,-1.18,23.60,4237,正常
2016/03/12 08:19:47,aeb80db21d8913a5aaf3d54c726a25a0671f3df1,090d968bf856f980651eec15a3fe6937236a41a7,持卡人消费,学子便利店B03,-2.5,21.10,4238,正常
2016/03/12 11:36:31,aeb80db21d8913a5aaf3d54c726a25a0671f3df1,090d968bf856f980651eec15a3fe6937236a41a7,持卡人消费,五食堂商务网关,-7.0,14.10,4239,正常
2016/03/12 12:33:41,aeb80db21d8913a5aaf3d54c726a25a0671f3df1,090d968bf856f980651eec15a3fe6937236a41a7,持卡人消费,学子便利店B03,-1.8,12.30,4240,正常
2016/03/14 08:24:23,aeb80db21d8913a5aaf3d54c726a25a0671f3df1,090d968bf856f980651eec15a3fe6937236a41a7,持卡人消费,四食堂商务网关,-2.5,91.60,4245,正常
2016/03/14 11:31:00,aeb80db21d8913a5aaf3d54c726a25a0671f3df1,090d968bf856f980651eec15a3fe6937236a41a7,持卡人消费,四食堂商务网关,-6.0,85.60,4246,正常
2016/03/14 11:43:08,aeb80db21d8913a5aaf3d54c726a25a0671f3df1,090d968bf856f980651eec15a3fe6937236a41a7,持卡人消费,学子便利店B03,-6.6,79.00,4247,正常
2016/03/14 17:41:21,aeb80db21d8913a5aaf3d54c726a25a0671f3df1,090d968bf856f980651eec15a3fe6937236a41a7,持卡人消费,四食堂商务网关,-5.0,74.00,4248,正常
2016/03/14 17:57:20,aeb80db21d8913a5aaf3d54c726a25a0671f3df1,090d968bf856f980651eec15a3fe6937236a41a7,持卡人消费,学子便利店B03,-2.2,71.80,4249,正常
2016/03/15 08:33:41,aeb80db21d8913a5aaf3d54c726a25a0671f3df1,090d968bf856f980651eec15a3fe6937236a41a7,持卡人消费,四食堂商务网关,-2.5,69.30,4250,正常
2016/03/15 12:02:48,aeb80db21d8913a5aaf3d54c726a25a0671f3df1,090d968bf856f980651eec15a3fe6937236a41a7,持卡人消费,四食堂商务网关,-5.0,64.30,4251,正常
2016/03/15 04:40:54,aeb80db21d8913a5aaf3d54c726a25a0671f3df1,090d968bf856f980651eec15a3fe6937236a41a7,持卡人消费,九食堂商务网关,-6.0,58.30,4252,正常
2016/03/15 18:55:40,aeb80db21d8913a5aaf3d54c726a25a0671f3df1,090d968bf856f980651eec15a3fe6937236a41a7,持卡人消费,二区水控,-1.9,56.40,4254,正常
2016/03/15 19:04:22,aeb80db21d8913a5aaf3d54c726a25a0671f3df1,090d968bf856f980651eec15a3fe6937236a41a7,持卡人消费,二区水控,-1.14,55.26,4256,正常
2016/03/16 08:16:08,aeb80db21d8913a5aaf3d54c726a25a0671f3df1,090d968bf856f980651eec15a3fe6937236a41a7,持卡人消费,学子便利店B03,-7.6,47.66,4257,正常
2016/03/16 11:38:37,aeb80db21d8913a5aaf3d54c726a25a0671f3df1,090d968bf856f980651eec15a3fe6937236a41a7,持卡人消费,四食堂商务网关,-9.72,37.94,4258,正常
2016/03/16 16:52:42,aeb80db21d8913a5aaf3d54c726a25a0671f3df1,090d968bf856f980651eec15a3fe6937236a41a7,持卡人消费,四食堂商务网关,-5.0,32.94,4259,正常
2016/03/17 07:35:19,aeb80db21d8913a5aaf3d54c726a25a0671f3df1,090d968bf856f980651eec15a3fe6937236a41a7,持卡人消费,四食堂商务网关,-2.5,30.44,4260,正常
2016/03/17 10:26:56,aeb80db21d8913a5aaf3d54c726a25a0671f3df1,090d968bf856f980651eec15a3fe6937236a41a7,持卡人消费,第三方对接子系统,-0.33,30.11,4261,正常
2016/03/17 11:38:27,aeb80db21d8913a5aaf3d54c726a25a0671f3df1,090d968bf856f980651eec15a3fe6937236a41a7,持卡人消费,四食堂商务网关,-6.0,24.11,4262,正常
2016/03/17 15:13:18,aeb80db21d8913a5aaf3d54c726a25a0671f3df1,090d968bf856f980651eec15a3fe6937236a41a7,持卡人消费,身份前置机,-0.54,23.57,4263,正常
2016/03/17 15:18:15,aeb80db21d8913a5aaf3d54c726a25a0671f3df1,090d968bf856f980651eec15a3fe6937236a41a7,持卡人消费,学子便利店B03,-3.0,20.57,4264,正常
2016/03/17 17:20:05,aeb80db21d8913a5aaf3d54c726a25a0671f3df1,090d968bf856f980651eec15a3fe6937236a41a7,持卡人消费,四食堂商务网关,-5.0,15.57,4265,正常
2016/03/17 17:47:14,aeb80db21d8913a5aaf3d54c726a25a0671f3df1,090d968bf856f980651eec15a3fe6937236a41a7,持卡人消费,学子便利店B03,-3.5,12.07,4266,正常
2016/03/18 08:35:26,aeb80db21d8913a5aaf3d54c726a25a0671f3df1,090d968bf856f980651eec15a3fe6937236a41a7,持卡人消费,学子便利店B03,-6.4,5.67,4267,正常
2016/03/18 11:29:14,aeb80db21d8913a5aaf3d54c726a25a0671f3df1,090d968bf856f980651eec15a3fe6937236a41a7,持卡人消费,四食堂商务网关,-5.0,0.67,4268,正常
2016/03/18 11:41:57,aeb80db21d8913a5aaf3d54c726a25a0671f3df1,090d968bf856f980651eec15a3fe6937236a41a7,存款,现金充值机,100.0,100.67,4269,正常
2016/03/18 17:29:32,aeb80db21d8913a5aaf3d54c726a25a0671f3df1,090d968bf856f980651eec15a3fe6937236a41a7,持卡人消费,九食堂商务网关,-7.0,93.67,4270,正常
2016/03/18 17:49:34,aeb80db21d8913a5aaf3d54c726a25a0671f3df1,090d968bf856f980651eec15a3fe6937236a41a7,持卡人消费,学子便利店B03,-1.8,91.87,4271,正常
2016/03/19 08:51:41,aeb80db21d8913a5aaf3d54c726a25a0671f3df1,090d968bf856f980651eec15a3fe6937236a41a7,持卡人消费,学子便利店B03,-7.7,84.17,4272,正常
2016/03/19 11:30:47,aeb80db21d8913a5aaf3d54c726a25a0671f3df1,090d968bf856f980651eec15a3fe6937236a41a7,持卡人消费,四食堂商务网关,-5.0,79.17,4273,正常
2016/03/19 19:42:40,aeb80db21d8913a5aaf3d54c726a25a0671f3df1,090d968bf856f980651eec15a3fe6937236a41a7,持卡人消费,学子便利店B03,-3.2,75.97,4274,正常
2016/03/20 07:53:37,aeb80db21d8913a5aaf3d54c726a25a0671f3df1,090d968bf856f980651eec15a3fe6937236a41a7,持卡人消费,四食堂商务网关,-3.0,72.97,4275,正常
2016/03/20 10:48:36,aeb80db21d8913a5aaf3d54c726a25a0671f3df1,090d968bf856f980651eec15a3fe6937236a41a7,持卡人消费,九食堂商务网关,-6.0,66.97,4276,正常
2016/03/20 17:29:54,aeb80db21d8913a5aaf3d54c726a25a0671f3df1,090d968bf856f980651eec15a3fe6937236a41a7,持卡人消费,二区水控,-0.05,66.92,4278,正常
2016/03/20 17:40:44,aeb80db21d8913a5aaf3d54c726a25a0671f3df1,090d968bf856f980651eec15a3fe6937236a41a7,持卡人消费,二区水控,-2.02,64.90,4280,正常
2016/03/20 17:53:04,aeb80db21d8913a5aaf3d54c726a25a0671f3df1,090d968bf856f980651eec15a3fe6937236a41a7,持卡人消费,二区水控,-1.86,63.04,4282,正常
2016/03/20 18:04:41,aeb80db21d8913a5aaf3d54c726a25a0671f3df1,090d968bf856f980651eec15a3fe6937236a41a7,持卡人消费,九食堂商务网关,-8.0,55.04,4283,正常
2016/03/20 18:29:31,aeb80db21d8913a5aaf3d54c726a25a0671f3df1,090d968bf856f980651eec15a3fe6937236a41a7,持卡人消费,二区水控,-0.61,54.43,4285,正常
2016/03/20 18:34:49,aeb80db21d8913a5aaf3d54c726a25a0671f3df1,090d968bf856f980651eec15a3fe6937236a41a7,持卡人消费,二区水控,-0.45,53.98,4287,正常
2016/03/20 18:39:48,aeb80db21d8913a5aaf3d54c726a25a0671f3df1,090d968bf856f980651eec15a3fe6937236a41a7,持卡人消费,二区水控,-0.3,53.68,4289,正常
2016/03/20 18:46:52,aeb80db21d8913a5aaf3d54c726a25a0671f3df1,090d968bf856f980651eec15a3fe6937236a41a7,持卡人消费,二区水控,-0.72,52.96,4291,正常
2016/03/20 18:47:52,aeb80db21d8913a5aaf3d54c726a25a0671f3df1,090d968bf856f980651eec15a3fe6937236a41a7,持卡人消费,二区水控,-0.05,52.91,4293,正常
2016/03/21 08:27:30,aeb80db21d8913a5aaf3d54c726a25a0671f3df1,090d968bf856f980651eec15a3fe6937236a41a7,持卡人消费,四食堂商务网关,-3.0,49.91,4294,正常
2016/03/21 08:27:46,aeb80db21d8913a5aaf3d54c726a25a0671f3df1,090d968bf856f980651eec15a3fe6937236a41a7,持卡人消费,四食堂商务网关,-2.6,47.31,4295,正常
2016/03/21 12:15:25,aeb80db21d8913a5aaf3d54c726a25a0671f3df1,090d968bf856f980651eec15a3fe6937236a41a7,持卡人消费,学苑楼商务网关,-7.0,40.31,4296,正常
2016/03/21 18:39:31,aeb80db21d8913a5aaf3d54c726a25a0671f3df1,090d968bf856f980651eec15a3fe6937236a41a7,持卡人消费,学子便利店B03,-5.5,34.81,4297,正常
2016/03/22 08:54:19,aeb80db21d8913a5aaf3d54c726a25a0671f3df1,090d968bf856f980651eec15a3fe6937236a41a7,持卡人消费,学子便利店B03,-9.7,25.11,4298,正常
2016/03/22 11:59:53,aeb80db21d8913a5aaf3d54c726a25a0671f3df1,090d968bf856f980651eec15a3fe6937236a41a7,持卡人消费,四食堂商务网关,-6.0,19.11,4299,正常
2016/03/23 12:05:17,aeb80db21d8913a5aaf3d54c726a25a0671f3df1,090d968bf856f980651eec15a3fe6937236a41a7,持卡人消费,四食堂商务网关,-5.0,14.11,4300,正常
2016/03/23 17:19:34,aeb80db21d8913a5aaf3d54c726a25a0671f3df1,090d968bf856f980651eec15a3fe6937236a41a7,持卡人消费,五食堂商务网关,-4.4,9.71,4301,正常
2016/03/24 07:37:23,aeb80db21d8913a5aaf3d54c726a25a0671f3df1,090d968bf856f980651eec15a3fe6937236a41a7,持卡人消费,四食堂商务网关,-3.0,6.71,4302,正常
2016/03/24 11:10:53,aeb80db21d8913a5aaf3d54c726a25a0671f3df1,090d968bf856f980651eec15a3fe6937236a41a7,存款,现金充值机,50.0,56.71,4303,正常
2016/03/24 11:41:43,aeb80db21d8913a5aaf3d54c726a25a0671f3df1,090d968bf856f980651eec15a3fe6937236a41a7,持卡人消费,九食堂商务网关,-9.0,47.71,4304,正常
2016/03/24 12:10:15,aeb80db21d8913a5aaf3d54c726a25a0671f3df1,090d968bf856f980651eec15a3fe6937236a41a7,持卡人消费,学子便利店B03,-3.3,44.41,4305,正常
2016/03/24 19:46:15,aeb80db21d8913a5aaf3d54c726a25a0671f3df1,090d968bf856f980651eec15a3fe6937236a41a7,持卡人消费,学子便利店B03,-9.8,34.61,4306,正常
2016/03/25 11:25:13,aeb80db21d8913a5aaf3d54c726a25a0671f3df1,090d968bf856f980651eec15a3fe6937236a41a7,持卡人消费,四食堂商务网关,-6.0,28.61,4307,正常
2016/03/26 09:42:07,aeb80db21d8913a5aaf3d54c726a25a0671f3df1,090d968bf856f980651eec15a3fe6937236a41a7,持卡人消费,学子便利店B03,-3.2,25.41,4308,正常
2016/03/26 11:38:46,aeb80db21d8913a5aaf3d54c726a25a0671f3df1,090d968bf856f980651eec15a3fe6937236a41a7,持卡人消费,四食堂商务网关,-5.0,20.41,4309,正常
2016/03/26 11:44:57,aeb80db21d8913a5aaf3d54c726a25a0671f3df1,090d968bf856f980651eec15a3fe6937236a41a7,持卡人消费,四食堂商务网关,-10.0,10.41,4310,正常
2016/03/26 17:38:01,aeb80db21d8913a5aaf3d54c726a25a0671f3df1,090d968bf856f980651eec15a3fe6937236a41a7,持卡人消费,五食堂商务网关,-7.0,3.41,4311,正常
2016/03/27 08:03:39,aeb80db21d8913a5aaf3d54c726a25a0671f3df1,090d968bf856f980651eec15a3fe6937236a41a7,存款,现金充值机,100.0,103.41,4312,正常
2016/03/27 08:04:15,aeb80db21d8913a5aaf3d54c726a25a0671f3df1,090d968bf856f980651eec15a3fe6937236a41a7,持卡人消费,五食堂商务网关,-2.0,101.41,4313,正常
2016/03/27 11:26:56,aeb80db21d8913a5aaf3d54c726a25a0671f3df1,090d968bf856f980651eec15a3fe6937236a41a7,持卡人消费,四食堂商务网关,-6.0,95.41,4314,正常
2016/03/27 16:58:49,aeb80db21d8913a5aaf3d54c726a25a0671f3df1,090d968bf856f980651eec15a3fe6937236a41a7,持卡人消费,二区水控,-1.78,93.63,4316,正常
2016/03/27 17:13:07,aeb80db21d8913a5aaf3d54c726a25a0671f3df1,090d968bf856f980651eec15a3fe6937236a41a7,持卡人消费,二区水控,-2.16,91.47,4318,正常
2016/03/27 17:43:56,aeb80db21d8913a5aaf3d54c726a25a0671f3df1,090d968bf856f980651eec15a3fe6937236a41a7,持卡人消费,九食堂商务网关,-11.0,80.47,4319,正常
2016/03/27 17:59:39,aeb80db21d8913a5aaf3d54c726a25a0671f3df1,090d968bf856f980651eec15a3fe6937236a41a7,持卡人消费,学子便利店B03,-1.8,78.67,4320,正常
2016/03/28 09:04:35,aeb80db21d8913a5aaf3d54c726a25a0671f3df1,090d968bf856f980651eec15a3fe6937236a41a7,持卡人消费,学子便利店B03,-3.5,75.17,4321,正常
2016/03/28 11:36:24,aeb80db21d8913a5aaf3d54c726a25a0671f3df1,090d968bf856f980651eec15a3fe6937236a41a7,持卡人消费,九食堂商务网关,-6.0,69.17,4322,正常
2016/03/28 15:33:32,aeb80db21d8913a5aaf3d54c726a25a0671f3df1,090d968bf856f980651eec15a3fe6937236a41a7,持卡人消费,学子便利店B03,-5.5,63.67,4323,正常
2016/03/29 08:15:41,aeb80db21d8913a5aaf3d54c726a25a0671f3df1,090d968bf856f980651eec15a3fe6937236a41a7,持卡人消费,四食堂商务网关,-2.0,61.67,4324,正常
2016/03/29 11:56:58,aeb80db21d8913a5aaf3d54c726a25a0671f3df1,090d968bf856f980651eec15a3fe6937236a41a7,持卡人消费,九食堂商务网关,-4.4,57.27,4325,正常
2016/03/29 15:43:20,aeb80db21d8913a5aaf3d54c726a25a0671f3df1,090d968bf856f980651eec15a3fe6937236a41a7,持卡人消费,学子便利店B03,-2.1,55.17,4326,正常
2016/03/29 17:14:41,aeb80db21d8913a5aaf3d54c726a25a0671f3df1,090d968bf856f980651eec15a3fe6937236a41a7,持卡人消费,四食堂商务网关,-5.0,50.17,4327,正常
2016/03/30 08:20:35,aeb80db21d8913a5aaf3d54c726a25a0671f3df1,090d968bf856f980651eec15a3fe6937236a41a7,持卡人消费,四食堂商务网关,-2.0,48.17,4328,正常
2016/03/30 11:23:30,aeb80db21d8913a5aaf3d54c726a25a0671f3df1,090d968bf856f980651eec15a3fe6937236a41a7,持卡人消费,四食堂商务网关,-5.0,43.17,4329,正常
2016/03/31 07:39:11,aeb80db21d8913a5aaf3d54c726a25a0671f3df1,090d968bf856f980651eec15a3fe6937236a41a7,持卡人消费,四食堂商务网关,-3.0,40.17,4330,正常
2016/03/31 10:58:50,aeb80db21d8913a5aaf3d54c726a25a0671f3df1,090d968bf856f980651eec15a3fe6937236a41a7,持卡人消费,九食堂商务网关,-10.0,30.17,4331,正常
2016/03/31 17:38:06,aeb80db21d8913a5aaf3d54c726a25a0671f3df1,090d968bf856f980651eec15a3fe6937236a41a7,持卡人消费,四食堂商务网关,-5.0,25.17,4332,正常
2016/03/31 19:34:16,aeb80db21d8913a5aaf3d54c726a25a0671f3df1,090d968bf856f980651eec15a3fe6937236a41a7,持卡人消费,二区水控,-1.33,23.84,4334,正常
2016/03/31 19:43:35,aeb80db21d8913a5aaf3d54c726a25a0671f3df1,090d968bf856f980651eec15a3fe6937236a41a7,持卡人消费,二区水控,-1.23,22.61,4336,正常
2016/03/31 21:15:55,aeb80db21d8913a5aaf3d54c726a25a0671f3df1,090d968bf856f980651eec15a3fe6937236a41a7,持卡人消费,学子便利店B03,-3.3,19.31,4337,正常
