交易发生时间,学号,姓名,交易类型,子系统名称,交易额,现有余额,次数,状态
2016/03/01 11:57:09,58114fffd02ebe842ff72ed62e5ca8fd41c91923,0979e04ed0e6dda0c46f85b4dea3b5cb8c1498c8,存款,学苑楼综合业务3,200.0,227.40,1908,正常
2016/03/01 12:31:50,58114fffd02ebe842ff72ed62e5ca8fd41c91923,0979e04ed0e6dda0c46f85b4dea3b5cb8c1498c8,持卡人消费,硕果园（工大商店）,-12.0,215.40,1909,正常
2016/03/01 18:50:32,58114fffd02ebe842ff72ed62e5ca8fd41c91923,0979e04ed0e6dda0c46f85b4dea3b5cb8c1498c8,持卡人消费,15公寓浴池,-2.0,213.40,1910,正常
2016/03/01 18:54:46,58114fffd02ebe842ff72ed62e5ca8fd41c91923,0979e04ed0e6dda0c46f85b4dea3b5cb8c1498c8,持卡人消费,15公寓浴池,-0.8,212.60,1912,正常
2016/03/01 18:57:35,58114fffd02ebe842ff72ed62e5ca8fd41c91923,0979e04ed0e6dda0c46f85b4dea3b5cb8c1498c8,持卡人消费,15公寓浴池,-0.29,212.31,1914,正常
2016/03/01 19:02:11,58114fffd02ebe842ff72ed62e5ca8fd41c91923,0979e04ed0e6dda0c46f85b4dea3b5cb8c1498c8,持卡人消费,15公寓浴池,-0.66,211.65,1916,正常
2016/03/01 19:05:00,58114fffd02ebe842ff72ed62e5ca8fd41c91923,0979e04ed0e6dda0c46f85b4dea3b5cb8c1498c8,持卡人消费,15公寓浴池,-0.02,211.63,1918,正常
2016/03/01 19:06:53,58114fffd02ebe842ff72ed62e5ca8fd41c91923,0979e04ed0e6dda0c46f85b4dea3b5cb8c1498c8,持卡人消费,15公寓浴池,-0.35,211.28,1920,正常
2016/03/02 11:35:08,58114fffd02ebe842ff72ed62e5ca8fd41c91923,0979e04ed0e6dda0c46f85b4dea3b5cb8c1498c8,持卡人消费,硕果园（工大商店）,-11.0,200.28,1921,正常
2016/03/02 19:07:39,58114fffd02ebe842ff72ed62e5ca8fd41c91923,0979e04ed0e6dda0c46f85b4dea3b5cb8c1498c8,持卡人消费,超市商务子系统,-8.8,191.48,1922,正常
2016/03/02 19:13:18,58114fffd02ebe842ff72ed62e5ca8fd41c91923,0979e04ed0e6dda0c46f85b4dea3b5cb8c1498c8,持卡人消费,超市商务子系统,-7.0,184.48,1923,正常
2016/03/07 19:09:19,58114fffd02ebe842ff72ed62e5ca8fd41c91923,0979e04ed0e6dda0c46f85b4dea3b5cb8c1498c8,持卡人消费,15公寓浴池,-1.06,183.42,1925,正常
2016/03/07 19:14:06,58114fffd02ebe842ff72ed62e5ca8fd41c91923,0979e04ed0e6dda0c46f85b4dea3b5cb8c1498c8,持卡人消费,15公寓浴池,-0.62,182.80,1927,正常
2016/03/07 19:14:32,58114fffd02ebe842ff72ed62e5ca8fd41c91923,0979e04ed0e6dda0c46f85b4dea3b5cb8c1498c8,持卡人消费,15公寓浴池,-0.03,182.77,1929,正常
2016/03/07 19:24:28,58114fffd02ebe842ff72ed62e5ca8fd41c91923,0979e04ed0e6dda0c46f85b4dea3b5cb8c1498c8,持卡人消费,A15,-6.0,176.77,1930,正常
2016/03/11 18:22:25,58114fffd02ebe842ff72ed62e5ca8fd41c91923,0979e04ed0e6dda0c46f85b4dea3b5cb8c1498c8,持卡人消费,超市商务子系统,-32.5,144.27,1931,正常
2016/03/15 08:24:12,58114fffd02ebe842ff72ed62e5ca8fd41c91923,0979e04ed0e6dda0c46f85b4dea3b5cb8c1498c8,持卡人消费,超市商务子系统,-3.5,140.77,1932,正常
2016/03/16 07:01:46,58114fffd02ebe842ff72ed62e5ca8fd41c91923,0979e04ed0e6dda0c46f85b4dea3b5cb8c1498c8,持卡人消费,超市商务子系统,-2.5,138.27,1933,正常
2016/03/18 17:14:20,58114fffd02ebe842ff72ed62e5ca8fd41c91923,0979e04ed0e6dda0c46f85b4dea3b5cb8c1498c8,持卡人消费,15公寓浴池,-1.66,136.61,1935,正常
2016/03/18 17:21:14,58114fffd02ebe842ff72ed62e5ca8fd41c91923,0979e04ed0e6dda0c46f85b4dea3b5cb8c1498c8,持卡人消费,15公寓浴池,-1.07,135.54,1937,正常
2016/03/18 17:23:16,58114fffd02ebe842ff72ed62e5ca8fd41c91923,0979e04ed0e6dda0c46f85b4dea3b5cb8c1498c8,持卡人消费,15公寓浴池,-0.06,135.48,1939,正常
2016/03/20 13:56:34,58114fffd02ebe842ff72ed62e5ca8fd41c91923,0979e04ed0e6dda0c46f85b4dea3b5cb8c1498c8,持卡人消费,A15,-6.0,129.48,1940,正常
2016/03/20 13:59:22,58114fffd02ebe842ff72ed62e5ca8fd41c91923,0979e04ed0e6dda0c46f85b4dea3b5cb8c1498c8,持卡人消费,A15,-9.0,120.48,1941,正常
2016/03/21 10:10:48,58114fffd02ebe842ff72ed62e5ca8fd41c91923,0979e04ed0e6dda0c46f85b4dea3b5cb8c1498c8,持卡人消费,硕果园（工大商店）,-12.0,108.48,1942,正常
2016/03/21 10:11:54,58114fffd02ebe842ff72ed62e5ca8fd41c91923,0979e04ed0e6dda0c46f85b4dea3b5cb8c1498c8,持卡人消费,硕果园（工大商店）,-11.4,97.08,1943,正常
2016/03/22 14:33:47,58114fffd02ebe842ff72ed62e5ca8fd41c91923,0979e04ed0e6dda0c46f85b4dea3b5cb8c1498c8,持卡人消费,15公寓浴池,-1.97,95.11,1945,正常
2016/03/22 14:38:42,58114fffd02ebe842ff72ed62e5ca8fd41c91923,0979e04ed0e6dda0c46f85b4dea3b5cb8c1498c8,持卡人消费,15公寓浴池,-0.78,94.33,1947,正常
2016/03/23 00:14:17,58114fffd02ebe842ff72ed62e5ca8fd41c91923,0979e04ed0e6dda0c46f85b4dea3b5cb8c1498c8,持卡人消费,网络中心,-30.0,64.33,1948,正常
2016/03/29 17:55:53,58114fffd02ebe842ff72ed62e5ca8fd41c91923,0979e04ed0e6dda0c46f85b4dea3b5cb8c1498c8,持卡人消费,超市商务子系统,-13.0,51.33,1949,正常
2016/03/30 19:11:05,58114fffd02ebe842ff72ed62e5ca8fd41c91923,0979e04ed0e6dda0c46f85b4dea3b5cb8c1498c8,持卡人消费,15公寓浴池,-2.0,49.33,1950,正常
2016/03/31 07:54:16,58114fffd02ebe842ff72ed62e5ca8fd41c91923,0979e04ed0e6dda0c46f85b4dea3b5cb8c1498c8,持卡人消费,超市商务子系统,-3.5,45.83,1951,正常
2016/03/31 20:07:43,58114fffd02ebe842ff72ed62e5ca8fd41c91923,0979e04ed0e6dda0c46f85b4dea3b5cb8c1498c8,持卡人消费,15公寓浴池,-1.58,44.25,1953,正常
2016/03/31 20:21:08,58114fffd02ebe842ff72ed62e5ca8fd41c91923,0979e04ed0e6dda0c46f85b4dea3b5cb8c1498c8,持卡人消费,15公寓浴池,-2.0,42.25,1954,正常
2016/03/31 20:26:23,58114fffd02ebe842ff72ed62e5ca8fd41c91923,0979e04ed0e6dda0c46f85b4dea3b5cb8c1498c8,持卡人消费,15公寓浴池,-0.54,41.71,1956,正常
