交易发生时间,学号,姓名,交易类型,子系统名称,交易额,现有余额,次数,状态
2016/03/01 11:24:22,1099b08ac04ea89cea4571884a56cd5e54ffb2e0,0999766dd8df8f76ba088f77ed21c01628d438d5,持卡人消费,学苑楼商务网关,-8.8,260.38,4067,正常
2016/03/01 16:50:46,1099b08ac04ea89cea4571884a56cd5e54ffb2e0,0999766dd8df8f76ba088f77ed21c01628d438d5,持卡人消费,学苑楼商务网关,-7.5,252.88,4068,正常
2016/03/01 17:21:43,1099b08ac04ea89cea4571884a56cd5e54ffb2e0,0999766dd8df8f76ba088f77ed21c01628d438d5,持卡人消费,超市商务子系统,-2.3,250.58,4069,正常
2016/03/01 18:35:53,1099b08ac04ea89cea4571884a56cd5e54ffb2e0,0999766dd8df8f76ba088f77ed21c01628d438d5,持卡人消费,一校区水控新,-2.0,248.58,4070,正常
2016/03/01 18:42:53,1099b08ac04ea89cea4571884a56cd5e54ffb2e0,0999766dd8df8f76ba088f77ed21c01628d438d5,持卡人消费,一校区水控新,-0.75,247.83,4072,正常
2016/03/02 11:27:47,1099b08ac04ea89cea4571884a56cd5e54ffb2e0,0999766dd8df8f76ba088f77ed21c01628d438d5,持卡人消费,学苑楼商务网关,-8.8,239.03,4073,正常
2016/03/02 12:05:15,1099b08ac04ea89cea4571884a56cd5e54ffb2e0,0999766dd8df8f76ba088f77ed21c01628d438d5,持卡人消费,超市商务子系统,-3.5,235.53,4074,正常
2016/03/02 17:14:10,1099b08ac04ea89cea4571884a56cd5e54ffb2e0,0999766dd8df8f76ba088f77ed21c01628d438d5,持卡人消费,学苑楼商务网关,-7.5,228.03,4075,正常
2016/03/03 11:22:05,1099b08ac04ea89cea4571884a56cd5e54ffb2e0,0999766dd8df8f76ba088f77ed21c01628d438d5,持卡人消费,学士楼商务网关,-6.1,221.93,4076,正常
2016/03/03 13:03:42,1099b08ac04ea89cea4571884a56cd5e54ffb2e0,0999766dd8df8f76ba088f77ed21c01628d438d5,持卡人消费,超市商务子系统,-5.6,216.33,4077,正常
2016/03/03 17:12:28,1099b08ac04ea89cea4571884a56cd5e54ffb2e0,0999766dd8df8f76ba088f77ed21c01628d438d5,持卡人消费,学苑楼商务网关,-7.5,208.83,4078,正常
2016/03/04 10:34:49,1099b08ac04ea89cea4571884a56cd5e54ffb2e0,0999766dd8df8f76ba088f77ed21c01628d438d5,持卡人消费,学子楼商务网关,-5.4,203.43,4079,正常
2016/03/04 14:26:05,1099b08ac04ea89cea4571884a56cd5e54ffb2e0,0999766dd8df8f76ba088f77ed21c01628d438d5,持卡人消费,超市商务子系统,-2.0,201.43,4080,正常
2016/03/05 11:32:19,1099b08ac04ea89cea4571884a56cd5e54ffb2e0,0999766dd8df8f76ba088f77ed21c01628d438d5,持卡人消费,学士楼商务网关,-4.1,197.33,4081,正常
2016/03/05 20:26:54,1099b08ac04ea89cea4571884a56cd5e54ffb2e0,0999766dd8df8f76ba088f77ed21c01628d438d5,持卡人消费,超市商务子系统,-1.7,195.63,4082,正常
2016/03/06 11:36:27,1099b08ac04ea89cea4571884a56cd5e54ffb2e0,0999766dd8df8f76ba088f77ed21c01628d438d5,持卡人消费,学苑楼商务网关,-7.5,188.13,4083,正常
2016/03/06 18:03:34,1099b08ac04ea89cea4571884a56cd5e54ffb2e0,0999766dd8df8f76ba088f77ed21c01628d438d5,持卡人消费,学士楼商务网关,-8.1,180.03,4084,正常
2016/03/06 18:44:24,1099b08ac04ea89cea4571884a56cd5e54ffb2e0,0999766dd8df8f76ba088f77ed21c01628d438d5,持卡人消费,一校区水控新,-0.96,179.07,4086,正常
2016/03/06 19:00:21,1099b08ac04ea89cea4571884a56cd5e54ffb2e0,0999766dd8df8f76ba088f77ed21c01628d438d5,持卡人消费,一校区水控新,-0.37,178.70,4088,正常
2016/03/06 19:04:37,1099b08ac04ea89cea4571884a56cd5e54ffb2e0,0999766dd8df8f76ba088f77ed21c01628d438d5,持卡人消费,一校区水控新,-0.51,178.19,4090,正常
2016/03/07 11:34:43,1099b08ac04ea89cea4571884a56cd5e54ffb2e0,0999766dd8df8f76ba088f77ed21c01628d438d5,持卡人消费,学苑楼商务网关,-8.8,169.39,4091,正常
2016/03/07 11:55:40,1099b08ac04ea89cea4571884a56cd5e54ffb2e0,0999766dd8df8f76ba088f77ed21c01628d438d5,持卡人消费,超市商务子系统,-4.3,165.09,4092,正常
2016/03/07 18:11:38,1099b08ac04ea89cea4571884a56cd5e54ffb2e0,0999766dd8df8f76ba088f77ed21c01628d438d5,持卡人消费,学苑楼商务网关,-8.0,157.09,4093,正常
2016/03/07 18:34:47,1099b08ac04ea89cea4571884a56cd5e54ffb2e0,0999766dd8df8f76ba088f77ed21c01628d438d5,持卡人消费,超市商务子系统,-8.6,148.49,4094,正常
2016/03/09 14:18:44,1099b08ac04ea89cea4571884a56cd5e54ffb2e0,0999766dd8df8f76ba088f77ed21c01628d438d5,持卡人消费,超市商务子系统,-2.0,146.49,4095,正常
2016/03/10 11:32:14,1099b08ac04ea89cea4571884a56cd5e54ffb2e0,0999766dd8df8f76ba088f77ed21c01628d438d5,持卡人消费,学士楼商务网关,-8.0,138.49,4096,正常
2016/03/10 11:32:43,1099b08ac04ea89cea4571884a56cd5e54ffb2e0,0999766dd8df8f76ba088f77ed21c01628d438d5,持卡人消费,学士楼商务网关,-6.0,132.49,4097,正常
2016/03/10 11:34:25,1099b08ac04ea89cea4571884a56cd5e54ffb2e0,0999766dd8df8f76ba088f77ed21c01628d438d5,持卡人消费,学士楼商务网关,-0.6,131.89,4098,正常
2016/03/10 18:02:20,1099b08ac04ea89cea4571884a56cd5e54ffb2e0,0999766dd8df8f76ba088f77ed21c01628d438d5,持卡人消费,超市商务子系统,-3.7,128.19,4099,正常
2016/03/10 19:32:26,1099b08ac04ea89cea4571884a56cd5e54ffb2e0,0999766dd8df8f76ba088f77ed21c01628d438d5,持卡人消费,学子超市园丁总店,-1.7,126.49,4100,正常
2016/03/11 11:56:52,1099b08ac04ea89cea4571884a56cd5e54ffb2e0,0999766dd8df8f76ba088f77ed21c01628d438d5,持卡人消费,学士楼商务网关,-4.6,121.89,4101,正常
2016/03/11 11:57:05,1099b08ac04ea89cea4571884a56cd5e54ffb2e0,0999766dd8df8f76ba088f77ed21c01628d438d5,持卡人消费,学士楼商务网关,-4.6,117.29,4102,正常
2016/03/11 12:22:36,1099b08ac04ea89cea4571884a56cd5e54ffb2e0,0999766dd8df8f76ba088f77ed21c01628d438d5,持卡人消费,超市商务子系统,-4.5,112.79,4103,正常
2016/03/11 17:55:48,1099b08ac04ea89cea4571884a56cd5e54ffb2e0,0999766dd8df8f76ba088f77ed21c01628d438d5,持卡人消费,学苑楼商务网关,-4.5,108.29,4104,正常
2016/03/11 17:56:13,1099b08ac04ea89cea4571884a56cd5e54ffb2e0,0999766dd8df8f76ba088f77ed21c01628d438d5,持卡人消费,学苑楼商务网关,-10.0,98.29,4105,正常
2016/03/12 11:52:49,1099b08ac04ea89cea4571884a56cd5e54ffb2e0,0999766dd8df8f76ba088f77ed21c01628d438d5,持卡人消费,学苑楼商务网关,-7.5,90.79,4106,正常
2016/03/12 11:52:55,1099b08ac04ea89cea4571884a56cd5e54ffb2e0,0999766dd8df8f76ba088f77ed21c01628d438d5,持卡人消费,学苑楼商务网关,-7.5,83.29,4107,正常
2016/03/14 09:11:41,1099b08ac04ea89cea4571884a56cd5e54ffb2e0,0999766dd8df8f76ba088f77ed21c01628d438d5,持卡人消费,学士楼商务网关,-5.0,61.69,4117,正常
2016/03/14 16:31:49,1099b08ac04ea89cea4571884a56cd5e54ffb2e0,0999766dd8df8f76ba088f77ed21c01628d438d5,持卡人消费,学子楼商务网关,-5.4,56.29,4118,正常
2016/03/14 17:11:46,1099b08ac04ea89cea4571884a56cd5e54ffb2e0,0999766dd8df8f76ba088f77ed21c01628d438d5,持卡人消费,超市商务子系统,-22.9,33.39,4119,正常
2016/03/15 16:54:26,1099b08ac04ea89cea4571884a56cd5e54ffb2e0,0999766dd8df8f76ba088f77ed21c01628d438d5,持卡人消费,学苑楼商务网关,-3.2,30.19,4120,正常
2016/03/15 18:48:55,1099b08ac04ea89cea4571884a56cd5e54ffb2e0,0999766dd8df8f76ba088f77ed21c01628d438d5,持卡人消费,一校区水控新,-2.0,28.19,4121,正常
2016/03/15 18:56:59,1099b08ac04ea89cea4571884a56cd5e54ffb2e0,0999766dd8df8f76ba088f77ed21c01628d438d5,持卡人消费,一校区水控新,-0.56,27.63,4123,正常
2016/03/15 19:00:01,1099b08ac04ea89cea4571884a56cd5e54ffb2e0,0999766dd8df8f76ba088f77ed21c01628d438d5,持卡人消费,一校区水控新,-0.3,27.33,4125,正常
2016/03/15 19:01:50,1099b08ac04ea89cea4571884a56cd5e54ffb2e0,0999766dd8df8f76ba088f77ed21c01628d438d5,持卡人消费,一校区水控新,-0.27,27.06,4127,正常
2016/03/16 17:16:13,1099b08ac04ea89cea4571884a56cd5e54ffb2e0,0999766dd8df8f76ba088f77ed21c01628d438d5,持卡人消费,学士楼商务网关,-4.6,22.46,4128,正常
2016/03/17 09:19:39,1099b08ac04ea89cea4571884a56cd5e54ffb2e0,0999766dd8df8f76ba088f77ed21c01628d438d5,持卡人消费,学士楼商务网关,-1.9,20.56,4129,正常
2016/03/17 09:27:48,1099b08ac04ea89cea4571884a56cd5e54ffb2e0,0999766dd8df8f76ba088f77ed21c01628d438d5,持卡人消费,学士楼商务网关,-0.4,20.16,4130,正常
2016/03/17 11:59:25,1099b08ac04ea89cea4571884a56cd5e54ffb2e0,0999766dd8df8f76ba088f77ed21c01628d438d5,存款,现金充值机,500.0,520.16,4131,正常
2016/03/17 12:15:06,1099b08ac04ea89cea4571884a56cd5e54ffb2e0,0999766dd8df8f76ba088f77ed21c01628d438d5,持卡人消费,学苑楼商务网关,-7.0,513.16,4132,正常
2016/03/17 12:44:17,1099b08ac04ea89cea4571884a56cd5e54ffb2e0,0999766dd8df8f76ba088f77ed21c01628d438d5,持卡人消费,硕果园（工大商店）,-7.9,505.26,4133,正常
2016/03/17 16:21:42,1099b08ac04ea89cea4571884a56cd5e54ffb2e0,0999766dd8df8f76ba088f77ed21c01628d438d5,持卡人消费,超市商务子系统,-11.4,493.86,4134,正常
2016/03/18 17:28:39,1099b08ac04ea89cea4571884a56cd5e54ffb2e0,0999766dd8df8f76ba088f77ed21c01628d438d5,持卡人消费,学苑楼商务网关,-1.75,492.11,4135,正常
2016/03/19 09:20:33,1099b08ac04ea89cea4571884a56cd5e54ffb2e0,0999766dd8df8f76ba088f77ed21c01628d438d5,持卡人消费,网络中心,-30.0,462.11,4136,正常
2016/03/19 12:17:36,1099b08ac04ea89cea4571884a56cd5e54ffb2e0,0999766dd8df8f76ba088f77ed21c01628d438d5,持卡人消费,学苑楼商务网关,-0.25,461.86,4137,正常
2016/03/19 12:17:50,1099b08ac04ea89cea4571884a56cd5e54ffb2e0,0999766dd8df8f76ba088f77ed21c01628d438d5,持卡人消费,学苑楼商务网关,-1.5,460.36,4138,正常
2016/03/19 18:26:00,1099b08ac04ea89cea4571884a56cd5e54ffb2e0,0999766dd8df8f76ba088f77ed21c01628d438d5,持卡人消费,学士楼商务网关,-0.4,459.96,4139,正常
2016/03/20 11:37:01,1099b08ac04ea89cea4571884a56cd5e54ffb2e0,0999766dd8df8f76ba088f77ed21c01628d438d5,持卡人消费,学苑楼商务网关,-8.0,451.96,4140,正常
2016/03/20 11:39:32,1099b08ac04ea89cea4571884a56cd5e54ffb2e0,0999766dd8df8f76ba088f77ed21c01628d438d5,持卡人消费,学苑楼商务网关,-1.75,450.21,4141,正常
2016/03/20 18:16:20,1099b08ac04ea89cea4571884a56cd5e54ffb2e0,0999766dd8df8f76ba088f77ed21c01628d438d5,持卡人消费,学士楼商务网关,-1.0,449.21,4142,正常
2016/03/20 18:20:04,1099b08ac04ea89cea4571884a56cd5e54ffb2e0,0999766dd8df8f76ba088f77ed21c01628d438d5,持卡人消费,学士楼商务网关,-0.6,448.61,4143,正常
2016/03/20 18:50:21,1099b08ac04ea89cea4571884a56cd5e54ffb2e0,0999766dd8df8f76ba088f77ed21c01628d438d5,持卡人消费,超市商务子系统,-9.7,438.91,4144,正常
2016/03/20 18:53:15,1099b08ac04ea89cea4571884a56cd5e54ffb2e0,0999766dd8df8f76ba088f77ed21c01628d438d5,持卡人消费,超市商务子系统,-8.3,430.61,4145,正常
2016/03/21 11:35:16,1099b08ac04ea89cea4571884a56cd5e54ffb2e0,0999766dd8df8f76ba088f77ed21c01628d438d5,持卡人消费,学士楼商务网关,-5.9,424.71,4146,正常
2016/03/21 17:52:16,1099b08ac04ea89cea4571884a56cd5e54ffb2e0,0999766dd8df8f76ba088f77ed21c01628d438d5,持卡人消费,学苑楼商务网关,-3.4,421.31,4147,正常
2016/03/21 17:54:40,1099b08ac04ea89cea4571884a56cd5e54ffb2e0,0999766dd8df8f76ba088f77ed21c01628d438d5,持卡人消费,学苑楼商务网关,-0.8,420.51,4148,正常
2016/03/22 11:39:02,1099b08ac04ea89cea4571884a56cd5e54ffb2e0,0999766dd8df8f76ba088f77ed21c01628d438d5,持卡人消费,学苑楼商务网关,-8.8,411.71,4149,正常
2016/03/22 17:21:43,1099b08ac04ea89cea4571884a56cd5e54ffb2e0,0999766dd8df8f76ba088f77ed21c01628d438d5,持卡人消费,学苑楼商务网关,-3.4,408.31,4150,正常
2016/03/22 17:34:44,1099b08ac04ea89cea4571884a56cd5e54ffb2e0,0999766dd8df8f76ba088f77ed21c01628d438d5,持卡人消费,学苑楼商务网关,-4.0,404.31,4151,正常
2016/03/22 17:49:51,1099b08ac04ea89cea4571884a56cd5e54ffb2e0,0999766dd8df8f76ba088f77ed21c01628d438d5,持卡人消费,超市商务子系统,-2.0,402.31,4152,正常
2016/03/23 11:27:39,1099b08ac04ea89cea4571884a56cd5e54ffb2e0,0999766dd8df8f76ba088f77ed21c01628d438d5,持卡人消费,学子楼商务网关,-9.6,392.71,4153,正常
2016/03/23 18:07:43,1099b08ac04ea89cea4571884a56cd5e54ffb2e0,0999766dd8df8f76ba088f77ed21c01628d438d5,持卡人消费,硕果园（工大商店）,-8.0,384.71,4154,正常
2016/03/23 18:34:51,1099b08ac04ea89cea4571884a56cd5e54ffb2e0,0999766dd8df8f76ba088f77ed21c01628d438d5,持卡人消费,超市商务子系统,-2.0,382.71,4155,正常
2016/03/23 19:06:09,1099b08ac04ea89cea4571884a56cd5e54ffb2e0,0999766dd8df8f76ba088f77ed21c01628d438d5,持卡人消费,一校区水控新,-2.0,380.71,4156,正常
2016/03/23 19:07:34,1099b08ac04ea89cea4571884a56cd5e54ffb2e0,0999766dd8df8f76ba088f77ed21c01628d438d5,持卡人消费,一校区水控新,-0.03,380.68,4158,正常
2016/03/23 19:21:05,1099b08ac04ea89cea4571884a56cd5e54ffb2e0,0999766dd8df8f76ba088f77ed21c01628d438d5,持卡人消费,一校区水控新,-0.51,380.17,4160,正常
2016/03/24 07:59:43,1099b08ac04ea89cea4571884a56cd5e54ffb2e0,0999766dd8df8f76ba088f77ed21c01628d438d5,持卡人消费,网络中心,-30.0,350.17,4161,正常
2016/03/24 10:59:33,1099b08ac04ea89cea4571884a56cd5e54ffb2e0,0999766dd8df8f76ba088f77ed21c01628d438d5,持卡人消费,学苑楼商务网关,-7.0,343.17,4162,正常
2016/03/24 18:10:03,1099b08ac04ea89cea4571884a56cd5e54ffb2e0,0999766dd8df8f76ba088f77ed21c01628d438d5,持卡人消费,学士楼商务网关,-6.6,336.57,4163,正常
2016/03/24 18:28:40,1099b08ac04ea89cea4571884a56cd5e54ffb2e0,0999766dd8df8f76ba088f77ed21c01628d438d5,持卡人消费,超市商务子系统,-1.7,334.87,4164,正常
2016/03/25 10:36:54,1099b08ac04ea89cea4571884a56cd5e54ffb2e0,0999766dd8df8f76ba088f77ed21c01628d438d5,持卡人消费,学士楼商务网关,-7.0,327.87,4165,正常
2016/03/25 18:18:07,1099b08ac04ea89cea4571884a56cd5e54ffb2e0,0999766dd8df8f76ba088f77ed21c01628d438d5,持卡人消费,学士楼商务网关,-6.6,321.27,4166,正常
2016/03/25 18:20:49,1099b08ac04ea89cea4571884a56cd5e54ffb2e0,0999766dd8df8f76ba088f77ed21c01628d438d5,持卡人消费,学士楼商务网关,-2.0,319.27,4167,正常
2016/03/25 18:20:56,1099b08ac04ea89cea4571884a56cd5e54ffb2e0,0999766dd8df8f76ba088f77ed21c01628d438d5,持卡人消费,学士楼商务网关,-1.0,318.27,4168,正常
2016/03/25 18:44:38,1099b08ac04ea89cea4571884a56cd5e54ffb2e0,0999766dd8df8f76ba088f77ed21c01628d438d5,持卡人消费,超市商务子系统,-4.9,313.37,4169,正常
2016/03/26 19:43:02,1099b08ac04ea89cea4571884a56cd5e54ffb2e0,0999766dd8df8f76ba088f77ed21c01628d438d5,持卡人消费,学子超市园丁总店,-3.9,309.47,4170,正常
2016/03/27 11:26:00,1099b08ac04ea89cea4571884a56cd5e54ffb2e0,0999766dd8df8f76ba088f77ed21c01628d438d5,持卡人消费,学苑楼商务网关,-8.8,300.67,4171,正常
2016/03/27 12:00:29,1099b08ac04ea89cea4571884a56cd5e54ffb2e0,0999766dd8df8f76ba088f77ed21c01628d438d5,持卡人消费,超市商务子系统,-3.5,297.17,4172,正常
2016/03/27 15:59:49,1099b08ac04ea89cea4571884a56cd5e54ffb2e0,0999766dd8df8f76ba088f77ed21c01628d438d5,持卡人消费,一校区水控新,-2.0,295.17,4173,正常
2016/03/27 16:08:59,1099b08ac04ea89cea4571884a56cd5e54ffb2e0,0999766dd8df8f76ba088f77ed21c01628d438d5,持卡人消费,一校区水控新,-1.49,293.68,4175,正常
2016/03/27 16:23:06,1099b08ac04ea89cea4571884a56cd5e54ffb2e0,0999766dd8df8f76ba088f77ed21c01628d438d5,持卡人消费,一校区水控新,-0.82,292.86,4177,正常
2016/03/28 11:39:05,1099b08ac04ea89cea4571884a56cd5e54ffb2e0,0999766dd8df8f76ba088f77ed21c01628d438d5,持卡人消费,学苑楼商务网关,-8.8,284.06,4178,正常
2016/03/28 18:17:02,1099b08ac04ea89cea4571884a56cd5e54ffb2e0,0999766dd8df8f76ba088f77ed21c01628d438d5,持卡人消费,学士楼商务网关,-6.6,277.46,4179,正常
2016/03/28 18:48:56,1099b08ac04ea89cea4571884a56cd5e54ffb2e0,0999766dd8df8f76ba088f77ed21c01628d438d5,持卡人消费,超市商务子系统,-12.7,264.76,4180,正常
2016/03/29 11:27:17,1099b08ac04ea89cea4571884a56cd5e54ffb2e0,0999766dd8df8f76ba088f77ed21c01628d438d5,持卡人消费,学苑楼商务网关,-7.5,257.26,4181,正常
2016/03/29 11:28:26,1099b08ac04ea89cea4571884a56cd5e54ffb2e0,0999766dd8df8f76ba088f77ed21c01628d438d5,持卡人消费,学苑楼商务网关,-7.5,249.76,4182,正常
2016/03/29 17:52:10,1099b08ac04ea89cea4571884a56cd5e54ffb2e0,0999766dd8df8f76ba088f77ed21c01628d438d5,持卡人消费,学子楼商务网关,-6.8,242.96,4183,正常
2016/03/30 15:00:07,1099b08ac04ea89cea4571884a56cd5e54ffb2e0,0999766dd8df8f76ba088f77ed21c01628d438d5,持卡人消费,超市商务子系统,-2.5,240.46,4184,正常
2016/03/30 20:06:18,1099b08ac04ea89cea4571884a56cd5e54ffb2e0,0999766dd8df8f76ba088f77ed21c01628d438d5,持卡人消费,超市商务子系统,-1.7,238.76,4185,正常
2016/03/31 11:33:43,1099b08ac04ea89cea4571884a56cd5e54ffb2e0,0999766dd8df8f76ba088f77ed21c01628d438d5,持卡人消费,学苑楼商务网关,-8.8,229.96,4186,正常
2016/03/31 18:03:49,1099b08ac04ea89cea4571884a56cd5e54ffb2e0,0999766dd8df8f76ba088f77ed21c01628d438d5,持卡人消费,学士楼商务网关,-6.0,223.96,4187,正常
2016/03/31 18:32:09,1099b08ac04ea89cea4571884a56cd5e54ffb2e0,0999766dd8df8f76ba088f77ed21c01628d438d5,持卡人消费,超市商务子系统,-7.9,216.06,4188,正常
2016/03/31 19:37:47,1099b08ac04ea89cea4571884a56cd5e54ffb2e0,0999766dd8df8f76ba088f77ed21c01628d438d5,持卡人消费,一校区水控新,-2.0,214.06,4189,正常
2016/03/31 19:46:05,1099b08ac04ea89cea4571884a56cd5e54ffb2e0,0999766dd8df8f76ba088f77ed21c01628d438d5,持卡人消费,一校区水控新,-1.07,212.99,4191,正常
