交易发生时间,学号,姓名,交易类型,子系统名称,交易额,现有余额,次数,状态
2016/03/01 12:30:04,71aa0b0aea7f094ec51a3d4aa2eeea750ff2c63b,09e6372667c6715ea880b6610b25f2011501de0f,持卡人消费,硕果园（工大商店）,-9.0,92.92,5624,正常
2016/03/01 17:43:57,71aa0b0aea7f094ec51a3d4aa2eeea750ff2c63b,09e6372667c6715ea880b6610b25f2011501de0f,持卡人消费,硕果园（工大商店）,-10.0,82.92,5625,正常
2016/03/01 18:09:39,71aa0b0aea7f094ec51a3d4aa2eeea750ff2c63b,09e6372667c6715ea880b6610b25f2011501de0f,持卡人消费,一校区水控新,-0.69,82.23,5627,正常
2016/03/01 18:15:01,71aa0b0aea7f094ec51a3d4aa2eeea750ff2c63b,09e6372667c6715ea880b6610b25f2011501de0f,持卡人消费,一校区水控新,-0.77,81.46,5629,正常
2016/03/04 13:18:10,71aa0b0aea7f094ec51a3d4aa2eeea750ff2c63b,09e6372667c6715ea880b6610b25f2011501de0f,持卡人消费,一校区水控新,-0.94,80.52,5631,正常
2016/03/04 13:27:19,71aa0b0aea7f094ec51a3d4aa2eeea750ff2c63b,09e6372667c6715ea880b6610b25f2011501de0f,持卡人消费,一校区水控新,-1.36,79.16,5633,正常
2016/03/04 17:16:28,71aa0b0aea7f094ec51a3d4aa2eeea750ff2c63b,09e6372667c6715ea880b6610b25f2011501de0f,持卡人消费,学子楼商务网关,-3.8,75.36,5634,正常
2016/03/04 17:17:52,71aa0b0aea7f094ec51a3d4aa2eeea750ff2c63b,09e6372667c6715ea880b6610b25f2011501de0f,持卡人消费,学子楼商务网关,-2.5,72.86,5635,正常
2016/03/05 09:43:15,71aa0b0aea7f094ec51a3d4aa2eeea750ff2c63b,09e6372667c6715ea880b6610b25f2011501de0f,持卡人消费,学士楼商务网关,-1.4,71.46,5636,正常
2016/03/05 09:45:30,71aa0b0aea7f094ec51a3d4aa2eeea750ff2c63b,09e6372667c6715ea880b6610b25f2011501de0f,持卡人消费,学士楼商务网关,-1.6,69.86,5637,正常
2016/03/05 12:21:17,71aa0b0aea7f094ec51a3d4aa2eeea750ff2c63b,09e6372667c6715ea880b6610b25f2011501de0f,持卡人消费,学苑楼商务网关,-6.8,63.06,5638,正常
2016/03/05 12:40:16,71aa0b0aea7f094ec51a3d4aa2eeea750ff2c63b,09e6372667c6715ea880b6610b25f2011501de0f,存款,卡中心综合业务,400.0,463.06,5639,正常
2016/03/05 18:06:29,71aa0b0aea7f094ec51a3d4aa2eeea750ff2c63b,09e6372667c6715ea880b6610b25f2011501de0f,持卡人消费,游泳馆,-6.0,457.06,5640,正常
2016/03/06 12:36:14,71aa0b0aea7f094ec51a3d4aa2eeea750ff2c63b,09e6372667c6715ea880b6610b25f2011501de0f,持卡人消费,硕果园（工大商店）,-28.0,429.06,5641,正常
2016/03/06 12:38:38,71aa0b0aea7f094ec51a3d4aa2eeea750ff2c63b,09e6372667c6715ea880b6610b25f2011501de0f,持卡人消费,硕果园（工大商店）,-10.0,419.06,5642,正常
2016/03/07 07:17:15,71aa0b0aea7f094ec51a3d4aa2eeea750ff2c63b,09e6372667c6715ea880b6610b25f2011501de0f,持卡人消费,学苑楼商务网关,-9.0,410.06,5643,正常
2016/03/08 20:38:52,71aa0b0aea7f094ec51a3d4aa2eeea750ff2c63b,09e6372667c6715ea880b6610b25f2011501de0f,持卡人消费,一校区水控新,-0.14,409.92,5645,正常
2016/03/08 20:45:28,71aa0b0aea7f094ec51a3d4aa2eeea750ff2c63b,09e6372667c6715ea880b6610b25f2011501de0f,持卡人消费,一校区水控新,-1.1,408.82,5647,正常
2016/03/08 20:46:27,71aa0b0aea7f094ec51a3d4aa2eeea750ff2c63b,09e6372667c6715ea880b6610b25f2011501de0f,持卡人消费,一校区水控新,-0.18,408.64,5649,正常
2016/03/09 20:53:42,71aa0b0aea7f094ec51a3d4aa2eeea750ff2c63b,09e6372667c6715ea880b6610b25f2011501de0f,持卡人消费,一校区水控新,-0.53,408.11,5651,正常
2016/03/09 20:54:10,71aa0b0aea7f094ec51a3d4aa2eeea750ff2c63b,09e6372667c6715ea880b6610b25f2011501de0f,持卡人消费,一校区水控新,-0.05,408.06,5653,正常
2016/03/14 10:50:06,71aa0b0aea7f094ec51a3d4aa2eeea750ff2c63b,09e6372667c6715ea880b6610b25f2011501de0f,持卡人消费,学士楼商务网关,-2.0,403.00,5661,正常
2016/03/14 10:50:26,71aa0b0aea7f094ec51a3d4aa2eeea750ff2c63b,09e6372667c6715ea880b6610b25f2011501de0f,持卡人消费,学士楼商务网关,-3.0,400.00,5662,正常
2016/03/14 10:52:00,71aa0b0aea7f094ec51a3d4aa2eeea750ff2c63b,09e6372667c6715ea880b6610b25f2011501de0f,持卡人消费,学士楼商务网关,-1.0,399.00,5663,正常
2016/03/14 10:53:09,71aa0b0aea7f094ec51a3d4aa2eeea750ff2c63b,09e6372667c6715ea880b6610b25f2011501de0f,持卡人消费,学士楼商务网关,-2.0,397.00,5664,正常
2016/03/14 16:13:09,71aa0b0aea7f094ec51a3d4aa2eeea750ff2c63b,09e6372667c6715ea880b6610b25f2011501de0f,持卡人消费,硕果园（工大商店）,-10.0,387.00,5665,正常
2016/03/14 16:37:24,71aa0b0aea7f094ec51a3d4aa2eeea750ff2c63b,09e6372667c6715ea880b6610b25f2011501de0f,持卡人消费,超市商务子系统,-9.8,377.20,5666,正常
2016/03/14 20:55:41,71aa0b0aea7f094ec51a3d4aa2eeea750ff2c63b,09e6372667c6715ea880b6610b25f2011501de0f,持卡人消费,一校区水控新,-0.64,376.56,5667,正常
2016/03/15 12:24:13,71aa0b0aea7f094ec51a3d4aa2eeea750ff2c63b,09e6372667c6715ea880b6610b25f2011501de0f,持卡人消费,学苑楼商务网关,-6.8,369.76,5668,正常
2016/03/15 17:05:54,71aa0b0aea7f094ec51a3d4aa2eeea750ff2c63b,09e6372667c6715ea880b6610b25f2011501de0f,持卡人消费,学士楼商务网关,-8.8,360.96,5669,正常
2016/03/15 17:49:27,71aa0b0aea7f094ec51a3d4aa2eeea750ff2c63b,09e6372667c6715ea880b6610b25f2011501de0f,持卡人消费,一校区水控新,-0.75,360.21,5671,正常
2016/03/15 17:55:11,71aa0b0aea7f094ec51a3d4aa2eeea750ff2c63b,09e6372667c6715ea880b6610b25f2011501de0f,持卡人消费,一校区水控新,-0.8,359.41,5673,正常
2016/03/16 16:57:11,71aa0b0aea7f094ec51a3d4aa2eeea750ff2c63b,09e6372667c6715ea880b6610b25f2011501de0f,持卡人消费,学苑楼商务网关,-6.8,352.61,5674,正常
2016/03/16 20:50:27,71aa0b0aea7f094ec51a3d4aa2eeea750ff2c63b,09e6372667c6715ea880b6610b25f2011501de0f,持卡人消费,一校区水控新,-1.06,351.55,5676,正常
2016/03/16 20:50:46,71aa0b0aea7f094ec51a3d4aa2eeea750ff2c63b,09e6372667c6715ea880b6610b25f2011501de0f,持卡人消费,一校区水控新,-0.02,351.53,5678,正常
2016/03/17 17:05:09,71aa0b0aea7f094ec51a3d4aa2eeea750ff2c63b,09e6372667c6715ea880b6610b25f2011501de0f,持卡人消费,学苑楼商务网关,-6.8,344.73,5679,正常
2016/03/18 15:42:50,71aa0b0aea7f094ec51a3d4aa2eeea750ff2c63b,09e6372667c6715ea880b6610b25f2011501de0f,持卡人消费,一校区水控新,-1.52,343.21,5681,正常
2016/03/19 17:54:12,71aa0b0aea7f094ec51a3d4aa2eeea750ff2c63b,09e6372667c6715ea880b6610b25f2011501de0f,持卡人消费,学士楼商务网关,-1.0,342.21,5682,正常
2016/03/19 17:55:55,71aa0b0aea7f094ec51a3d4aa2eeea750ff2c63b,09e6372667c6715ea880b6610b25f2011501de0f,持卡人消费,学士楼商务网关,-0.5,341.71,5683,正常
2016/03/19 17:57:11,71aa0b0aea7f094ec51a3d4aa2eeea750ff2c63b,09e6372667c6715ea880b6610b25f2011501de0f,持卡人消费,学士楼商务网关,-3.0,338.71,5684,正常
2016/03/20 14:03:52,71aa0b0aea7f094ec51a3d4aa2eeea750ff2c63b,09e6372667c6715ea880b6610b25f2011501de0f,持卡人消费,学士楼商务网关,-1.0,337.71,5685,正常
2016/03/20 14:05:14,71aa0b0aea7f094ec51a3d4aa2eeea750ff2c63b,09e6372667c6715ea880b6610b25f2011501de0f,持卡人消费,学士楼商务网关,-3.5,334.21,5686,正常
2016/03/20 18:36:57,71aa0b0aea7f094ec51a3d4aa2eeea750ff2c63b,09e6372667c6715ea880b6610b25f2011501de0f,持卡人消费,一校区水控新,-1.38,332.83,5688,正常
2016/03/21 12:03:14,71aa0b0aea7f094ec51a3d4aa2eeea750ff2c63b,09e6372667c6715ea880b6610b25f2011501de0f,持卡人消费,学士楼商务网关,-3.0,329.83,5689,正常
2016/03/21 12:04:12,71aa0b0aea7f094ec51a3d4aa2eeea750ff2c63b,09e6372667c6715ea880b6610b25f2011501de0f,持卡人消费,学士楼商务网关,-1.5,328.33,5690,正常
2016/03/22 19:12:58,71aa0b0aea7f094ec51a3d4aa2eeea750ff2c63b,09e6372667c6715ea880b6610b25f2011501de0f,持卡人消费,一校区水控新,-2.0,326.33,5691,正常
2016/03/22 19:14:01,71aa0b0aea7f094ec51a3d4aa2eeea750ff2c63b,09e6372667c6715ea880b6610b25f2011501de0f,持卡人消费,一校区水控新,-0.19,326.14,5693,正常
2016/03/23 16:19:07,71aa0b0aea7f094ec51a3d4aa2eeea750ff2c63b,09e6372667c6715ea880b6610b25f2011501de0f,持卡人消费,一校区水控新,-0.03,326.11,5695,正常
2016/03/23 16:28:33,71aa0b0aea7f094ec51a3d4aa2eeea750ff2c63b,09e6372667c6715ea880b6610b25f2011501de0f,持卡人消费,一校区水控新,-1.78,324.33,5697,正常
2016/03/24 11:06:39,71aa0b0aea7f094ec51a3d4aa2eeea750ff2c63b,09e6372667c6715ea880b6610b25f2011501de0f,持卡人消费,学士楼商务网关,-3.3,321.03,5698,正常
2016/03/24 19:41:22,71aa0b0aea7f094ec51a3d4aa2eeea750ff2c63b,09e6372667c6715ea880b6610b25f2011501de0f,持卡人消费,一校区水控新,-1.01,320.02,5700,正常
2016/03/24 19:46:42,71aa0b0aea7f094ec51a3d4aa2eeea750ff2c63b,09e6372667c6715ea880b6610b25f2011501de0f,持卡人消费,一校区水控新,-0.69,319.33,5702,正常
2016/03/25 09:35:00,71aa0b0aea7f094ec51a3d4aa2eeea750ff2c63b,09e6372667c6715ea880b6610b25f2011501de0f,持卡人消费,学士楼商务网关,-1.7,317.63,5703,正常
2016/03/25 11:30:18,71aa0b0aea7f094ec51a3d4aa2eeea750ff2c63b,09e6372667c6715ea880b6610b25f2011501de0f,持卡人消费,学苑楼商务网关,-8.0,309.63,5704,正常
2016/03/25 17:19:35,71aa0b0aea7f094ec51a3d4aa2eeea750ff2c63b,09e6372667c6715ea880b6610b25f2011501de0f,持卡人消费,学士楼商务网关,-3.0,306.63,5705,正常
2016/03/25 17:20:41,71aa0b0aea7f094ec51a3d4aa2eeea750ff2c63b,09e6372667c6715ea880b6610b25f2011501de0f,持卡人消费,学士楼商务网关,-4.8,301.83,5706,正常
2016/03/26 11:40:32,71aa0b0aea7f094ec51a3d4aa2eeea750ff2c63b,09e6372667c6715ea880b6610b25f2011501de0f,持卡人消费,学苑楼商务网关,-8.8,293.03,5707,正常
2016/03/28 10:06:38,71aa0b0aea7f094ec51a3d4aa2eeea750ff2c63b,09e6372667c6715ea880b6610b25f2011501de0f,持卡人消费,网络中心,-30.0,263.03,5708,正常
2016/03/28 10:42:28,71aa0b0aea7f094ec51a3d4aa2eeea750ff2c63b,09e6372667c6715ea880b6610b25f2011501de0f,持卡人消费,学苑楼商务网关,-0.4,262.63,5709,正常
2016/03/28 10:43:06,71aa0b0aea7f094ec51a3d4aa2eeea750ff2c63b,09e6372667c6715ea880b6610b25f2011501de0f,持卡人消费,学苑楼商务网关,-1.0,261.63,5710,正常
2016/03/28 16:03:25,71aa0b0aea7f094ec51a3d4aa2eeea750ff2c63b,09e6372667c6715ea880b6610b25f2011501de0f,持卡人消费,一校区水控新,-2.0,259.63,5711,正常
2016/03/28 16:04:17,71aa0b0aea7f094ec51a3d4aa2eeea750ff2c63b,09e6372667c6715ea880b6610b25f2011501de0f,持卡人消费,一校区水控新,-0.11,259.52,5713,正常
2016/03/29 10:45:57,71aa0b0aea7f094ec51a3d4aa2eeea750ff2c63b,09e6372667c6715ea880b6610b25f2011501de0f,持卡人消费,A1,-3.0,256.52,5714,正常
2016/03/29 11:21:47,71aa0b0aea7f094ec51a3d4aa2eeea750ff2c63b,09e6372667c6715ea880b6610b25f2011501de0f,持卡人消费,学士楼商务网关,-7.3,249.22,5715,正常
2016/03/30 17:14:25,71aa0b0aea7f094ec51a3d4aa2eeea750ff2c63b,09e6372667c6715ea880b6610b25f2011501de0f,持卡人消费,学士楼商务网关,-6.3,242.92,5716,正常
