交易发生时间,学号,姓名,交易类型,子系统名称,交易额,现有余额,次数,状态
2016/03/02 10:53:36,cde2c42f763f25114bb0343fb932f3ee3e0e2af8,0a78e7a98a21cafef03ccea8cb9d3b3a39642867,存款,2区卡中心综合业务,400.0,400.74,3505,正常
2016/03/02 10:55:38,cde2c42f763f25114bb0343fb932f3ee3e0e2af8,0a78e7a98a21cafef03ccea8cb9d3b3a39642867,持卡人消费,B7,-6.0,394.74,3506,正常
2016/03/02 18:58:31,cde2c42f763f25114bb0343fb932f3ee3e0e2af8,0a78e7a98a21cafef03ccea8cb9d3b3a39642867,持卡人消费,学子便利店B07,-5.9,388.84,3507,正常
2016/03/02 19:33:30,cde2c42f763f25114bb0343fb932f3ee3e0e2af8,0a78e7a98a21cafef03ccea8cb9d3b3a39642867,持卡人消费,学子便利店B07,-2.2,386.64,3508,正常
2016/03/03 09:40:52,cde2c42f763f25114bb0343fb932f3ee3e0e2af8,0a78e7a98a21cafef03ccea8cb9d3b3a39642867,持卡人消费,学子便利店B07,-2.0,384.64,3509,正常
2016/03/03 14:21:45,cde2c42f763f25114bb0343fb932f3ee3e0e2af8,0a78e7a98a21cafef03ccea8cb9d3b3a39642867,持卡人消费,学子便利店B07,-2.0,382.64,3510,正常
2016/03/04 09:10:32,cde2c42f763f25114bb0343fb932f3ee3e0e2af8,0a78e7a98a21cafef03ccea8cb9d3b3a39642867,持卡人消费,学子便利店B07,-2.0,380.64,3511,正常
2016/03/04 14:56:48,cde2c42f763f25114bb0343fb932f3ee3e0e2af8,0a78e7a98a21cafef03ccea8cb9d3b3a39642867,持卡人消费,学子便利店B07,-3.0,377.64,3512,正常
2016/03/04 19:33:32,cde2c42f763f25114bb0343fb932f3ee3e0e2af8,0a78e7a98a21cafef03ccea8cb9d3b3a39642867,持卡人消费,学子便利店B05,-21.0,356.64,3513,正常
2016/03/04 19:37:13,cde2c42f763f25114bb0343fb932f3ee3e0e2af8,0a78e7a98a21cafef03ccea8cb9d3b3a39642867,持卡人消费,学子便利店B07,-6.5,350.14,3514,正常
2016/03/05 18:16:13,cde2c42f763f25114bb0343fb932f3ee3e0e2af8,0a78e7a98a21cafef03ccea8cb9d3b3a39642867,持卡人消费,学子便利店B07,-2.0,348.14,3515,正常
2016/03/05 22:23:12,cde2c42f763f25114bb0343fb932f3ee3e0e2af8,0a78e7a98a21cafef03ccea8cb9d3b3a39642867,持卡人消费,学子便利店B07,-3.0,345.14,3516,正常
2016/03/06 11:45:02,cde2c42f763f25114bb0343fb932f3ee3e0e2af8,0a78e7a98a21cafef03ccea8cb9d3b3a39642867,持卡人消费,学子便利店B07,-7.5,337.64,3517,正常
2016/03/06 15:47:06,cde2c42f763f25114bb0343fb932f3ee3e0e2af8,0a78e7a98a21cafef03ccea8cb9d3b3a39642867,持卡人消费,学子便利店B07,-3.9,333.74,3518,正常
2016/03/07 09:01:01,cde2c42f763f25114bb0343fb932f3ee3e0e2af8,0a78e7a98a21cafef03ccea8cb9d3b3a39642867,持卡人消费,学子便利店B07,-2.5,331.24,3519,正常
2016/03/07 11:07:36,cde2c42f763f25114bb0343fb932f3ee3e0e2af8,0a78e7a98a21cafef03ccea8cb9d3b3a39642867,持卡人消费,五食堂商务网关,-7.0,324.24,3520,正常
2016/03/07 11:09:08,cde2c42f763f25114bb0343fb932f3ee3e0e2af8,0a78e7a98a21cafef03ccea8cb9d3b3a39642867,持卡人消费,五食堂商务网关,-1.0,323.24,3521,正常
2016/03/07 11:21:00,cde2c42f763f25114bb0343fb932f3ee3e0e2af8,0a78e7a98a21cafef03ccea8cb9d3b3a39642867,持卡人消费,五食堂商务网关,-1.9,321.34,3522,正常
2016/03/07 14:59:23,cde2c42f763f25114bb0343fb932f3ee3e0e2af8,0a78e7a98a21cafef03ccea8cb9d3b3a39642867,持卡人消费,学子便利店B07,-2.5,318.84,3523,正常
2016/03/07 17:47:43,cde2c42f763f25114bb0343fb932f3ee3e0e2af8,0a78e7a98a21cafef03ccea8cb9d3b3a39642867,持卡人消费,学子便利店B07,-7.0,311.84,3524,正常
2016/03/08 13:11:26,cde2c42f763f25114bb0343fb932f3ee3e0e2af8,0a78e7a98a21cafef03ccea8cb9d3b3a39642867,持卡人消费,学子便利店B07,-9.7,302.14,3525,正常
2016/03/08 14:23:52,cde2c42f763f25114bb0343fb932f3ee3e0e2af8,0a78e7a98a21cafef03ccea8cb9d3b3a39642867,持卡人消费,二区水控,-3.0,299.14,3526,正常
2016/03/08 15:08:46,cde2c42f763f25114bb0343fb932f3ee3e0e2af8,0a78e7a98a21cafef03ccea8cb9d3b3a39642867,持卡人消费,学子便利店B07,-3.2,295.94,3527,正常
2016/03/09 10:18:40,cde2c42f763f25114bb0343fb932f3ee3e0e2af8,0a78e7a98a21cafef03ccea8cb9d3b3a39642867,持卡人消费,学子便利店B07,-2.0,293.94,3528,正常
2016/03/09 10:39:25,cde2c42f763f25114bb0343fb932f3ee3e0e2af8,0a78e7a98a21cafef03ccea8cb9d3b3a39642867,持卡人消费,五食堂商务网关,-0.5,293.44,3529,正常
2016/03/09 10:40:37,cde2c42f763f25114bb0343fb932f3ee3e0e2af8,0a78e7a98a21cafef03ccea8cb9d3b3a39642867,持卡人消费,五食堂商务网关,-7.0,286.44,3530,正常
2016/03/09 10:54:12,cde2c42f763f25114bb0343fb932f3ee3e0e2af8,0a78e7a98a21cafef03ccea8cb9d3b3a39642867,持卡人消费,五食堂商务网关,-1.9,284.54,3531,正常
2016/03/09 15:21:10,cde2c42f763f25114bb0343fb932f3ee3e0e2af8,0a78e7a98a21cafef03ccea8cb9d3b3a39642867,持卡人消费,学子便利店B07,-2.0,282.54,3532,正常
2016/03/09 22:00:35,cde2c42f763f25114bb0343fb932f3ee3e0e2af8,0a78e7a98a21cafef03ccea8cb9d3b3a39642867,持卡人消费,学子便利店B07,-2.5,280.04,3533,正常
2016/03/10 13:39:21,cde2c42f763f25114bb0343fb932f3ee3e0e2af8,0a78e7a98a21cafef03ccea8cb9d3b3a39642867,持卡人消费,学子便利店B07,-4.9,275.14,3534,正常
2016/03/10 14:05:02,cde2c42f763f25114bb0343fb932f3ee3e0e2af8,0a78e7a98a21cafef03ccea8cb9d3b3a39642867,持卡人消费,学子便利店B07,-2.5,272.64,3535,正常
2016/03/10 18:57:01,cde2c42f763f25114bb0343fb932f3ee3e0e2af8,0a78e7a98a21cafef03ccea8cb9d3b3a39642867,持卡人消费,学子便利店B07,-3.5,269.14,3536,正常
2016/03/11 08:54:24,cde2c42f763f25114bb0343fb932f3ee3e0e2af8,0a78e7a98a21cafef03ccea8cb9d3b3a39642867,持卡人消费,学子便利店B07,-2.2,266.94,3537,正常
2016/03/11 15:21:21,cde2c42f763f25114bb0343fb932f3ee3e0e2af8,0a78e7a98a21cafef03ccea8cb9d3b3a39642867,持卡人消费,学子便利店B07,-4.9,262.04,3538,正常
2016/03/11 21:03:02,cde2c42f763f25114bb0343fb932f3ee3e0e2af8,0a78e7a98a21cafef03ccea8cb9d3b3a39642867,持卡人消费,学子便利店B07,-1.9,260.14,3539,正常
2016/03/12 09:23:26,cde2c42f763f25114bb0343fb932f3ee3e0e2af8,0a78e7a98a21cafef03ccea8cb9d3b3a39642867,持卡人消费,学子便利店B07,-2.2,257.94,3540,正常
2016/03/12 11:00:54,cde2c42f763f25114bb0343fb932f3ee3e0e2af8,0a78e7a98a21cafef03ccea8cb9d3b3a39642867,持卡人消费,九食堂商务网关,-23.84,234.10,3541,正常
2016/03/12 11:54:29,cde2c42f763f25114bb0343fb932f3ee3e0e2af8,0a78e7a98a21cafef03ccea8cb9d3b3a39642867,持卡人消费,九食堂商务网关,-8.0,226.10,3542,正常
2016/03/14 11:40:44,cde2c42f763f25114bb0343fb932f3ee3e0e2af8,0a78e7a98a21cafef03ccea8cb9d3b3a39642867,持卡人消费,五食堂商务网关,-7.0,207.90,3545,正常
2016/03/14 11:40:45,cde2c42f763f25114bb0343fb932f3ee3e0e2af8,0a78e7a98a21cafef03ccea8cb9d3b3a39642867,持卡人消费,五食堂商务网关,-1.0,206.90,3546,正常
2016/03/14 11:41:41,cde2c42f763f25114bb0343fb932f3ee3e0e2af8,0a78e7a98a21cafef03ccea8cb9d3b3a39642867,持卡人消费,五食堂商务网关,-11.0,195.90,3547,正常
2016/03/14 11:41:55,cde2c42f763f25114bb0343fb932f3ee3e0e2af8,0a78e7a98a21cafef03ccea8cb9d3b3a39642867,持卡人消费,五食堂商务网关,-8.0,187.90,3548,正常
2016/03/14 11:59:41,cde2c42f763f25114bb0343fb932f3ee3e0e2af8,0a78e7a98a21cafef03ccea8cb9d3b3a39642867,持卡人消费,五食堂商务网关,-1.9,186.00,3549,正常
2016/03/14 12:00:09,cde2c42f763f25114bb0343fb932f3ee3e0e2af8,0a78e7a98a21cafef03ccea8cb9d3b3a39642867,持卡人消费,五食堂商务网关,-4.4,181.60,3550,正常
2016/03/16 09:05:08,cde2c42f763f25114bb0343fb932f3ee3e0e2af8,0a78e7a98a21cafef03ccea8cb9d3b3a39642867,持卡人消费,学子便利店B07,-2.2,179.40,3551,正常
2016/03/16 12:07:13,cde2c42f763f25114bb0343fb932f3ee3e0e2af8,0a78e7a98a21cafef03ccea8cb9d3b3a39642867,持卡人消费,学子便利店B07,-19.9,159.50,3552,正常
2016/03/16 14:27:04,cde2c42f763f25114bb0343fb932f3ee3e0e2af8,0a78e7a98a21cafef03ccea8cb9d3b3a39642867,持卡人消费,学子便利店B07,-3.9,155.60,3553,正常
2016/03/16 18:14:23,cde2c42f763f25114bb0343fb932f3ee3e0e2af8,0a78e7a98a21cafef03ccea8cb9d3b3a39642867,持卡人消费,二区水控,-0.85,154.75,3555,正常
2016/03/16 19:31:03,cde2c42f763f25114bb0343fb932f3ee3e0e2af8,0a78e7a98a21cafef03ccea8cb9d3b3a39642867,持卡人消费,学子便利店B05,-21.0,133.75,3556,正常
2016/03/16 21:28:49,cde2c42f763f25114bb0343fb932f3ee3e0e2af8,0a78e7a98a21cafef03ccea8cb9d3b3a39642867,持卡人消费,学子便利店B07,-1.5,132.25,3557,正常
2016/03/17 10:00:04,cde2c42f763f25114bb0343fb932f3ee3e0e2af8,0a78e7a98a21cafef03ccea8cb9d3b3a39642867,持卡人消费,学子便利店B07,-2.2,130.05,3558,正常
2016/03/18 10:21:56,cde2c42f763f25114bb0343fb932f3ee3e0e2af8,0a78e7a98a21cafef03ccea8cb9d3b3a39642867,持卡人消费,学子便利店B07,-2.3,127.75,3559,正常
2016/03/19 06:59:48,cde2c42f763f25114bb0343fb932f3ee3e0e2af8,0a78e7a98a21cafef03ccea8cb9d3b3a39642867,持卡人消费,学子便利店B07,-1.5,126.25,3560,正常
2016/03/19 20:38:35,cde2c42f763f25114bb0343fb932f3ee3e0e2af8,0a78e7a98a21cafef03ccea8cb9d3b3a39642867,持卡人消费,二区水控,-1.84,124.41,3562,正常
2016/03/19 20:40:21,cde2c42f763f25114bb0343fb932f3ee3e0e2af8,0a78e7a98a21cafef03ccea8cb9d3b3a39642867,持卡人消费,二区水控,-0.08,124.33,3564,正常
2016/03/19 21:30:01,cde2c42f763f25114bb0343fb932f3ee3e0e2af8,0a78e7a98a21cafef03ccea8cb9d3b3a39642867,持卡人消费,学子便利店B07,-2.0,122.33,3565,正常
2016/03/20 16:33:09,cde2c42f763f25114bb0343fb932f3ee3e0e2af8,0a78e7a98a21cafef03ccea8cb9d3b3a39642867,持卡人消费,学子便利店B07,-2.0,120.33,3566,正常
2016/03/21 08:53:28,cde2c42f763f25114bb0343fb932f3ee3e0e2af8,0a78e7a98a21cafef03ccea8cb9d3b3a39642867,持卡人消费,学子便利店B07,-6.5,113.83,3567,正常
2016/03/21 11:43:17,cde2c42f763f25114bb0343fb932f3ee3e0e2af8,0a78e7a98a21cafef03ccea8cb9d3b3a39642867,持卡人消费,学子便利店B07,-5.9,107.93,3568,正常
2016/03/21 15:44:45,cde2c42f763f25114bb0343fb932f3ee3e0e2af8,0a78e7a98a21cafef03ccea8cb9d3b3a39642867,持卡人消费,学子便利店B07,-3.3,104.63,3569,正常
2016/03/21 16:50:59,cde2c42f763f25114bb0343fb932f3ee3e0e2af8,0a78e7a98a21cafef03ccea8cb9d3b3a39642867,持卡人消费,九食堂商务网关,-9.0,95.63,3570,正常
2016/03/21 16:57:40,cde2c42f763f25114bb0343fb932f3ee3e0e2af8,0a78e7a98a21cafef03ccea8cb9d3b3a39642867,持卡人消费,九食堂商务网关,-1.0,94.63,3571,正常
2016/03/21 17:11:07,cde2c42f763f25114bb0343fb932f3ee3e0e2af8,0a78e7a98a21cafef03ccea8cb9d3b3a39642867,持卡人消费,九食堂商务网关,-8.0,86.63,3572,正常
2016/03/21 21:42:56,cde2c42f763f25114bb0343fb932f3ee3e0e2af8,0a78e7a98a21cafef03ccea8cb9d3b3a39642867,持卡人消费,学子便利店B07,-2.3,84.33,3573,正常
2016/03/22 15:06:04,cde2c42f763f25114bb0343fb932f3ee3e0e2af8,0a78e7a98a21cafef03ccea8cb9d3b3a39642867,持卡人消费,学子便利店B07,-4.0,80.33,3574,正常
2016/03/22 19:38:07,cde2c42f763f25114bb0343fb932f3ee3e0e2af8,0a78e7a98a21cafef03ccea8cb9d3b3a39642867,持卡人消费,学子便利店B07,-2.3,78.03,3575,正常
2016/03/23 09:37:11,cde2c42f763f25114bb0343fb932f3ee3e0e2af8,0a78e7a98a21cafef03ccea8cb9d3b3a39642867,持卡人消费,学子便利店B07,-2.3,75.73,3576,正常
2016/03/23 11:32:11,cde2c42f763f25114bb0343fb932f3ee3e0e2af8,0a78e7a98a21cafef03ccea8cb9d3b3a39642867,持卡人消费,五食堂商务网关,-8.0,67.73,3577,正常
2016/03/23 11:48:11,cde2c42f763f25114bb0343fb932f3ee3e0e2af8,0a78e7a98a21cafef03ccea8cb9d3b3a39642867,持卡人消费,五食堂商务网关,-1.9,65.83,3578,正常
2016/03/23 16:18:52,cde2c42f763f25114bb0343fb932f3ee3e0e2af8,0a78e7a98a21cafef03ccea8cb9d3b3a39642867,持卡人消费,学子便利店B07,-6.0,59.83,3579,正常
2016/03/24 13:58:38,cde2c42f763f25114bb0343fb932f3ee3e0e2af8,0a78e7a98a21cafef03ccea8cb9d3b3a39642867,持卡人消费,二区水控,-0.33,59.50,3580,正常
2016/03/24 14:10:33,cde2c42f763f25114bb0343fb932f3ee3e0e2af8,0a78e7a98a21cafef03ccea8cb9d3b3a39642867,持卡人消费,二区水控,-2.14,57.36,3581,正常
2016/03/24 17:03:33,cde2c42f763f25114bb0343fb932f3ee3e0e2af8,0a78e7a98a21cafef03ccea8cb9d3b3a39642867,持卡人消费,九食堂商务网关,-10.0,47.36,3582,正常
2016/03/24 17:15:38,cde2c42f763f25114bb0343fb932f3ee3e0e2af8,0a78e7a98a21cafef03ccea8cb9d3b3a39642867,持卡人消费,九食堂商务网关,-3.1,44.26,3583,正常
2016/03/24 21:59:34,cde2c42f763f25114bb0343fb932f3ee3e0e2af8,0a78e7a98a21cafef03ccea8cb9d3b3a39642867,持卡人消费,学子便利店B07,-2.5,41.76,3584,正常
2016/03/25 11:01:16,cde2c42f763f25114bb0343fb932f3ee3e0e2af8,0a78e7a98a21cafef03ccea8cb9d3b3a39642867,持卡人消费,学子便利店B07,-2.0,39.76,3585,正常
2016/03/26 17:31:50,cde2c42f763f25114bb0343fb932f3ee3e0e2af8,0a78e7a98a21cafef03ccea8cb9d3b3a39642867,持卡人消费,九食堂商务网关,-9.0,30.76,3586,正常
2016/03/26 17:31:54,cde2c42f763f25114bb0343fb932f3ee3e0e2af8,0a78e7a98a21cafef03ccea8cb9d3b3a39642867,持卡人消费,九食堂商务网关,-9.0,21.76,3587,正常
2016/03/26 17:32:01,cde2c42f763f25114bb0343fb932f3ee3e0e2af8,0a78e7a98a21cafef03ccea8cb9d3b3a39642867,持卡人消费,九食堂商务网关,-1.0,20.76,3588,正常
2016/03/26 20:53:58,cde2c42f763f25114bb0343fb932f3ee3e0e2af8,0a78e7a98a21cafef03ccea8cb9d3b3a39642867,持卡人消费,学子便利店B07,-3.2,17.56,3589,正常
2016/03/26 22:11:14,cde2c42f763f25114bb0343fb932f3ee3e0e2af8,0a78e7a98a21cafef03ccea8cb9d3b3a39642867,持卡人消费,学子便利店B07,-1.0,16.56,3590,正常
2016/03/27 08:46:53,cde2c42f763f25114bb0343fb932f3ee3e0e2af8,0a78e7a98a21cafef03ccea8cb9d3b3a39642867,持卡人消费,学子便利店B07,-2.0,14.56,3591,正常
2016/03/27 20:48:33,cde2c42f763f25114bb0343fb932f3ee3e0e2af8,0a78e7a98a21cafef03ccea8cb9d3b3a39642867,持卡人消费,学子便利店B07,-3.7,10.86,3592,正常
2016/03/28 08:59:53,cde2c42f763f25114bb0343fb932f3ee3e0e2af8,0a78e7a98a21cafef03ccea8cb9d3b3a39642867,持卡人消费,学子便利店B07,-2.2,8.66,3593,正常
2016/03/28 09:59:55,cde2c42f763f25114bb0343fb932f3ee3e0e2af8,0a78e7a98a21cafef03ccea8cb9d3b3a39642867,持卡人消费,B7,-3.0,5.66,3594,正常
