交易发生时间,学号,姓名,交易类型,子系统名称,交易额,现有余额,次数,状态
2016/03/01 17:31:56,5dc2577790f9a61faa90b189e531bd80e42959ed,0af0f00ca94bdee1bfd6e6ad8842c72e5c982f66,持卡人消费,硕果园（工大商店）,-9.0,16.08,2060,正常
2016/03/01 20:22:09,5dc2577790f9a61faa90b189e531bd80e42959ed,0af0f00ca94bdee1bfd6e6ad8842c72e5c982f66,持卡人消费,一校区水控新,-2.0,14.08,2061,正常
2016/03/01 20:23:30,5dc2577790f9a61faa90b189e531bd80e42959ed,0af0f00ca94bdee1bfd6e6ad8842c72e5c982f66,持卡人消费,一校区水控新,-0.24,13.84,2063,正常
2016/03/03 20:46:52,5dc2577790f9a61faa90b189e531bd80e42959ed,0af0f00ca94bdee1bfd6e6ad8842c72e5c982f66,持卡人消费,一校区水控新,-2.0,11.84,2064,正常
2016/03/06 19:06:48,5dc2577790f9a61faa90b189e531bd80e42959ed,0af0f00ca94bdee1bfd6e6ad8842c72e5c982f66,持卡人消费,一校区水控新,-1.98,9.86,2066,正常
2016/03/07 13:46:23,5dc2577790f9a61faa90b189e531bd80e42959ed,0af0f00ca94bdee1bfd6e6ad8842c72e5c982f66,持卡人消费,一校区水控新,-2.0,7.86,2067,正常
2016/03/07 14:15:56,5dc2577790f9a61faa90b189e531bd80e42959ed,0af0f00ca94bdee1bfd6e6ad8842c72e5c982f66,持卡人消费,A2,-3.0,4.86,2068,正常
2016/03/09 20:02:10,5dc2577790f9a61faa90b189e531bd80e42959ed,0af0f00ca94bdee1bfd6e6ad8842c72e5c982f66,持卡人消费,一校区水控新,-1.57,3.29,2070,正常
2016/03/10 11:42:00,5dc2577790f9a61faa90b189e531bd80e42959ed,0af0f00ca94bdee1bfd6e6ad8842c72e5c982f66,存款,学苑楼综合业务3,100.0,103.29,2071,正常
2016/03/10 11:47:19,5dc2577790f9a61faa90b189e531bd80e42959ed,0af0f00ca94bdee1bfd6e6ad8842c72e5c982f66,持卡人消费,学苑楼商务网关,-8.0,95.29,2072,正常
2016/03/10 17:38:55,5dc2577790f9a61faa90b189e531bd80e42959ed,0af0f00ca94bdee1bfd6e6ad8842c72e5c982f66,持卡人消费,硕果园（工大商店）,-4.9,90.39,2073,正常
2016/03/10 17:39:09,5dc2577790f9a61faa90b189e531bd80e42959ed,0af0f00ca94bdee1bfd6e6ad8842c72e5c982f66,持卡人消费,硕果园（工大商店）,-7.8,82.59,2074,正常
2016/03/11 16:51:31,5dc2577790f9a61faa90b189e531bd80e42959ed,0af0f00ca94bdee1bfd6e6ad8842c72e5c982f66,持卡人消费,硕果园（工大商店）,-12.0,70.59,2075,正常
2016/03/12 20:33:36,5dc2577790f9a61faa90b189e531bd80e42959ed,0af0f00ca94bdee1bfd6e6ad8842c72e5c982f66,持卡人消费,一校区水控新,-1.38,69.21,2077,正常
2016/03/15 18:01:30,5dc2577790f9a61faa90b189e531bd80e42959ed,0af0f00ca94bdee1bfd6e6ad8842c72e5c982f66,持卡人消费,硕果园（工大商店）,-15.9,35.31,2079,正常
2016/03/18 19:12:30,5dc2577790f9a61faa90b189e531bd80e42959ed,0af0f00ca94bdee1bfd6e6ad8842c72e5c982f66,持卡人消费,一校区水控新,-1.52,33.79,2081,正常
2016/03/19 11:44:14,5dc2577790f9a61faa90b189e531bd80e42959ed,0af0f00ca94bdee1bfd6e6ad8842c72e5c982f66,持卡人消费,硕果园（工大商店）,-10.0,23.79,2082,正常
2016/03/20 17:19:19,5dc2577790f9a61faa90b189e531bd80e42959ed,0af0f00ca94bdee1bfd6e6ad8842c72e5c982f66,持卡人消费,一校区水控新,-1.38,22.41,2084,正常
2016/03/20 17:44:11,5dc2577790f9a61faa90b189e531bd80e42959ed,0af0f00ca94bdee1bfd6e6ad8842c72e5c982f66,持卡人消费,硕果园（工大商店）,-11.0,11.41,2085,正常
2016/03/22 18:22:16,5dc2577790f9a61faa90b189e531bd80e42959ed,0af0f00ca94bdee1bfd6e6ad8842c72e5c982f66,持卡人消费,A2,-3.0,8.41,2086,正常
2016/03/24 09:18:26,5dc2577790f9a61faa90b189e531bd80e42959ed,0af0f00ca94bdee1bfd6e6ad8842c72e5c982f66,存款,现金充值机,200.0,208.41,2087,正常
2016/03/24 11:43:44,5dc2577790f9a61faa90b189e531bd80e42959ed,0af0f00ca94bdee1bfd6e6ad8842c72e5c982f66,持卡人消费,学士楼商务网关,-8.0,200.41,2088,正常
2016/03/24 11:59:10,5dc2577790f9a61faa90b189e531bd80e42959ed,0af0f00ca94bdee1bfd6e6ad8842c72e5c982f66,持卡人消费,网络中心,-30.0,170.41,2089,正常
2016/03/26 12:10:59,5dc2577790f9a61faa90b189e531bd80e42959ed,0af0f00ca94bdee1bfd6e6ad8842c72e5c982f66,持卡人消费,学苑楼商务网关,-8.8,161.61,2090,正常
2016/03/26 16:12:42,5dc2577790f9a61faa90b189e531bd80e42959ed,0af0f00ca94bdee1bfd6e6ad8842c72e5c982f66,持卡人消费,超市商务子系统,-10.0,151.61,2091,正常
2016/03/26 16:17:32,5dc2577790f9a61faa90b189e531bd80e42959ed,0af0f00ca94bdee1bfd6e6ad8842c72e5c982f66,持卡人消费,超市商务子系统,-11.1,140.51,2092,正常
2016/03/27 16:19:14,5dc2577790f9a61faa90b189e531bd80e42959ed,0af0f00ca94bdee1bfd6e6ad8842c72e5c982f66,持卡人消费,硕果园（工大商店）,-0.5,140.01,2093,正常
2016/03/28 11:15:41,5dc2577790f9a61faa90b189e531bd80e42959ed,0af0f00ca94bdee1bfd6e6ad8842c72e5c982f66,持卡人消费,硕果园（工大商店）,-10.0,130.01,2094,正常
2016/03/28 17:14:46,5dc2577790f9a61faa90b189e531bd80e42959ed,0af0f00ca94bdee1bfd6e6ad8842c72e5c982f66,持卡人消费,一校区水控新,-1.55,128.46,2096,正常
2016/03/30 17:42:45,5dc2577790f9a61faa90b189e531bd80e42959ed,0af0f00ca94bdee1bfd6e6ad8842c72e5c982f66,持卡人消费,硕果园（工大商店）,-9.0,119.46,2097,正常
2016/03/31 11:46:33,5dc2577790f9a61faa90b189e531bd80e42959ed,0af0f00ca94bdee1bfd6e6ad8842c72e5c982f66,持卡人消费,学苑楼商务网关,-3.6,115.86,2098,正常
2016/03/31 13:54:48,5dc2577790f9a61faa90b189e531bd80e42959ed,0af0f00ca94bdee1bfd6e6ad8842c72e5c982f66,持卡人消费,硕果园（工大商店）,-1.5,114.36,2099,正常
2016/03/31 17:50:56,5dc2577790f9a61faa90b189e531bd80e42959ed,0af0f00ca94bdee1bfd6e6ad8842c72e5c982f66,持卡人消费,学苑楼商务网关,-8.0,106.36,2100,正常
