交易发生时间,学号,姓名,交易类型,子系统名称,交易额,现有余额,次数,状态
2016/03/01 17:58:10,455b7f0008485b3a00ad884e90d76848bd118fd4,0b2cf0c058dce696de3c3c8bb38b2a68aa4db9a0,持卡人消费,学士楼商务网关,-1.5,171.46,3061,正常
2016/03/01 17:58:52,455b7f0008485b3a00ad884e90d76848bd118fd4,0b2cf0c058dce696de3c3c8bb38b2a68aa4db9a0,持卡人消费,学士楼商务网关,-5.5,165.96,3062,正常
2016/03/01 18:19:12,455b7f0008485b3a00ad884e90d76848bd118fd4,0b2cf0c058dce696de3c3c8bb38b2a68aa4db9a0,持卡人消费,超市商务子系统,-12.5,153.46,3063,正常
2016/03/02 18:00:25,455b7f0008485b3a00ad884e90d76848bd118fd4,0b2cf0c058dce696de3c3c8bb38b2a68aa4db9a0,持卡人消费,学士楼商务网关,-5.0,148.46,3064,正常
2016/03/03 19:09:30,455b7f0008485b3a00ad884e90d76848bd118fd4,0b2cf0c058dce696de3c3c8bb38b2a68aa4db9a0,持卡人消费,15公寓浴池,-2.0,146.46,3065,正常
2016/03/03 19:09:35,455b7f0008485b3a00ad884e90d76848bd118fd4,0b2cf0c058dce696de3c3c8bb38b2a68aa4db9a0,持卡人消费,15公寓浴池,-2.0,144.46,3066,正常
2016/03/03 19:14:36,455b7f0008485b3a00ad884e90d76848bd118fd4,0b2cf0c058dce696de3c3c8bb38b2a68aa4db9a0,持卡人消费,15公寓浴池,-0.94,143.52,3068,正常
2016/03/03 20:04:37,455b7f0008485b3a00ad884e90d76848bd118fd4,0b2cf0c058dce696de3c3c8bb38b2a68aa4db9a0,持卡人消费,学子便利店A01后楼,-5.8,137.72,3069,正常
2016/03/04 20:10:22,455b7f0008485b3a00ad884e90d76848bd118fd4,0b2cf0c058dce696de3c3c8bb38b2a68aa4db9a0,持卡人消费,学子便利店A01后楼,-9.2,128.52,3070,正常
2016/03/06 17:42:39,455b7f0008485b3a00ad884e90d76848bd118fd4,0b2cf0c058dce696de3c3c8bb38b2a68aa4db9a0,持卡人消费,学苑楼商务网关,-7.0,121.52,3071,正常
2016/03/06 18:05:36,455b7f0008485b3a00ad884e90d76848bd118fd4,0b2cf0c058dce696de3c3c8bb38b2a68aa4db9a0,持卡人消费,超市商务子系统,-5.5,116.02,3072,正常
2016/03/07 08:09:56,455b7f0008485b3a00ad884e90d76848bd118fd4,0b2cf0c058dce696de3c3c8bb38b2a68aa4db9a0,持卡人消费,A1,-3.0,113.02,3073,正常
2016/03/08 15:48:26,455b7f0008485b3a00ad884e90d76848bd118fd4,0b2cf0c058dce696de3c3c8bb38b2a68aa4db9a0,持卡人消费,学子便利店A01后楼,-4.2,108.82,3074,正常
2016/03/08 17:39:00,455b7f0008485b3a00ad884e90d76848bd118fd4,0b2cf0c058dce696de3c3c8bb38b2a68aa4db9a0,持卡人消费,学子便利店A01后楼,-7.5,101.32,3075,正常
2016/03/09 15:27:54,455b7f0008485b3a00ad884e90d76848bd118fd4,0b2cf0c058dce696de3c3c8bb38b2a68aa4db9a0,持卡人消费,学子便利店A01后楼,-7.4,93.92,3076,正常
2016/03/10 17:44:11,455b7f0008485b3a00ad884e90d76848bd118fd4,0b2cf0c058dce696de3c3c8bb38b2a68aa4db9a0,持卡人消费,15公寓浴池,-2.0,91.92,3077,正常
2016/03/10 17:46:36,455b7f0008485b3a00ad884e90d76848bd118fd4,0b2cf0c058dce696de3c3c8bb38b2a68aa4db9a0,持卡人消费,15公寓浴池,-0.46,91.46,3079,正常
2016/03/11 15:07:28,455b7f0008485b3a00ad884e90d76848bd118fd4,0b2cf0c058dce696de3c3c8bb38b2a68aa4db9a0,持卡人消费,学子便利店A01后楼,-2.6,88.86,3080,正常
2016/03/14 17:42:06,455b7f0008485b3a00ad884e90d76848bd118fd4,0b2cf0c058dce696de3c3c8bb38b2a68aa4db9a0,持卡人消费,硕果园（工大商店）,-12.0,76.86,3081,正常
2016/03/14 18:08:36,455b7f0008485b3a00ad884e90d76848bd118fd4,0b2cf0c058dce696de3c3c8bb38b2a68aa4db9a0,持卡人消费,学子便利店A01后楼,-4.5,72.36,3082,正常
2016/03/15 10:11:06,455b7f0008485b3a00ad884e90d76848bd118fd4,0b2cf0c058dce696de3c3c8bb38b2a68aa4db9a0,持卡人消费,超市商务子系统,-8.3,64.06,3083,正常
2016/03/15 10:13:14,455b7f0008485b3a00ad884e90d76848bd118fd4,0b2cf0c058dce696de3c3c8bb38b2a68aa4db9a0,持卡人消费,超市商务子系统,-19.4,44.66,3084,正常
2016/03/16 15:19:10,455b7f0008485b3a00ad884e90d76848bd118fd4,0b2cf0c058dce696de3c3c8bb38b2a68aa4db9a0,持卡人消费,学子便利店A01后楼,-5.2,39.46,3085,正常
2016/03/16 17:47:22,455b7f0008485b3a00ad884e90d76848bd118fd4,0b2cf0c058dce696de3c3c8bb38b2a68aa4db9a0,持卡人消费,学苑楼商务网关,-6.0,33.46,3086,正常
2016/03/16 17:47:33,455b7f0008485b3a00ad884e90d76848bd118fd4,0b2cf0c058dce696de3c3c8bb38b2a68aa4db9a0,持卡人消费,学苑楼商务网关,-8.0,25.46,3087,正常
2016/03/16 17:50:37,455b7f0008485b3a00ad884e90d76848bd118fd4,0b2cf0c058dce696de3c3c8bb38b2a68aa4db9a0,持卡人消费,学苑楼商务网关,-1.5,23.96,3088,正常
2016/03/17 17:07:31,455b7f0008485b3a00ad884e90d76848bd118fd4,0b2cf0c058dce696de3c3c8bb38b2a68aa4db9a0,持卡人消费,硕果园（工大商店）,-10.0,13.96,3089,正常
2016/03/18 16:34:12,455b7f0008485b3a00ad884e90d76848bd118fd4,0b2cf0c058dce696de3c3c8bb38b2a68aa4db9a0,存款,学苑楼综合业务2,200.0,213.96,3090,正常
2016/03/18 16:36:34,455b7f0008485b3a00ad884e90d76848bd118fd4,0b2cf0c058dce696de3c3c8bb38b2a68aa4db9a0,持卡人消费,学苑楼商务网关,-7.0,206.96,3091,正常
2016/03/18 16:37:17,455b7f0008485b3a00ad884e90d76848bd118fd4,0b2cf0c058dce696de3c3c8bb38b2a68aa4db9a0,持卡人消费,学苑楼商务网关,-1.5,205.46,3092,正常
2016/03/19 13:26:18,455b7f0008485b3a00ad884e90d76848bd118fd4,0b2cf0c058dce696de3c3c8bb38b2a68aa4db9a0,持卡人消费,学子便利店A01后楼,-4.5,200.96,3093,正常
2016/03/19 16:21:32,455b7f0008485b3a00ad884e90d76848bd118fd4,0b2cf0c058dce696de3c3c8bb38b2a68aa4db9a0,持卡人消费,超市商务子系统,-9.9,191.06,3094,正常
2016/03/19 17:03:32,455b7f0008485b3a00ad884e90d76848bd118fd4,0b2cf0c058dce696de3c3c8bb38b2a68aa4db9a0,持卡人消费,游泳馆,-6.0,185.06,3095,正常
2016/03/20 09:23:57,455b7f0008485b3a00ad884e90d76848bd118fd4,0b2cf0c058dce696de3c3c8bb38b2a68aa4db9a0,持卡人消费,学子便利店A01后楼,-3.9,181.16,3096,正常
2016/03/20 12:40:10,455b7f0008485b3a00ad884e90d76848bd118fd4,0b2cf0c058dce696de3c3c8bb38b2a68aa4db9a0,持卡人消费,学子便利店A01后楼,-7.8,173.36,3097,正常
2016/03/22 10:28:14,455b7f0008485b3a00ad884e90d76848bd118fd4,0b2cf0c058dce696de3c3c8bb38b2a68aa4db9a0,持卡人消费,学子便利店A01后楼,-4.2,169.16,3098,正常
2016/03/22 17:30:43,455b7f0008485b3a00ad884e90d76848bd118fd4,0b2cf0c058dce696de3c3c8bb38b2a68aa4db9a0,持卡人消费,游泳馆,-6.0,163.16,3099,正常
2016/03/24 18:08:12,455b7f0008485b3a00ad884e90d76848bd118fd4,0b2cf0c058dce696de3c3c8bb38b2a68aa4db9a0,持卡人消费,硕果园（工大商店）,-10.0,153.16,3100,正常
2016/03/24 18:24:22,455b7f0008485b3a00ad884e90d76848bd118fd4,0b2cf0c058dce696de3c3c8bb38b2a68aa4db9a0,持卡人消费,硕果园（工大商店）,-1.0,152.16,3101,正常
2016/03/24 20:56:39,455b7f0008485b3a00ad884e90d76848bd118fd4,0b2cf0c058dce696de3c3c8bb38b2a68aa4db9a0,持卡人消费,学子便利店A01后楼,-4.6,147.56,3102,正常
2016/03/25 14:46:18,455b7f0008485b3a00ad884e90d76848bd118fd4,0b2cf0c058dce696de3c3c8bb38b2a68aa4db9a0,持卡人消费,15公寓浴池,-1.55,146.01,3104,正常
2016/03/25 15:54:59,455b7f0008485b3a00ad884e90d76848bd118fd4,0b2cf0c058dce696de3c3c8bb38b2a68aa4db9a0,持卡人消费,学子便利店A01后楼,-3.2,142.81,3105,正常
2016/03/29 20:35:21,455b7f0008485b3a00ad884e90d76848bd118fd4,0b2cf0c058dce696de3c3c8bb38b2a68aa4db9a0,持卡人消费,一校区水控新,-2.0,140.81,3106,正常
2016/03/30 08:53:10,455b7f0008485b3a00ad884e90d76848bd118fd4,0b2cf0c058dce696de3c3c8bb38b2a68aa4db9a0,持卡人消费,超市商务子系统,-9.9,130.91,3107,正常
2016/03/30 08:54:16,455b7f0008485b3a00ad884e90d76848bd118fd4,0b2cf0c058dce696de3c3c8bb38b2a68aa4db9a0,持卡人消费,超市商务子系统,-6.0,124.91,3108,正常
2016/03/31 14:37:12,455b7f0008485b3a00ad884e90d76848bd118fd4,0b2cf0c058dce696de3c3c8bb38b2a68aa4db9a0,持卡人消费,游泳馆,-12.0,112.91,3109,正常
