交易发生时间,学号,姓名,交易类型,子系统名称,交易额,现有余额,次数,状态
2016/03/01 11:36:23,ba4c0bac18c154b73bd5c56276499eac081b9582,0b8a99346babb6b95c374daf669c384290ecc10b,持卡人消费,学士楼商务网关,-10.0,34.42,5704,正常
2016/03/01 19:43:09,ba4c0bac18c154b73bd5c56276499eac081b9582,0b8a99346babb6b95c374daf669c384290ecc10b,持卡人消费,一校区水控新,-0.27,34.15,5705,正常
2016/03/01 19:49:55,ba4c0bac18c154b73bd5c56276499eac081b9582,0b8a99346babb6b95c374daf669c384290ecc10b,持卡人消费,一校区水控新,-0.86,33.29,5706,正常
2016/03/05 11:31:54,ba4c0bac18c154b73bd5c56276499eac081b9582,0b8a99346babb6b95c374daf669c384290ecc10b,存款,学苑楼综合业务3,100.0,133.29,5707,正常
2016/03/05 11:33:59,ba4c0bac18c154b73bd5c56276499eac081b9582,0b8a99346babb6b95c374daf669c384290ecc10b,持卡人消费,学苑楼商务网关,-8.8,124.49,5708,正常
2016/03/05 19:27:13,ba4c0bac18c154b73bd5c56276499eac081b9582,0b8a99346babb6b95c374daf669c384290ecc10b,持卡人消费,一校区水控新,-0.54,123.95,5710,正常
2016/03/05 19:32:55,ba4c0bac18c154b73bd5c56276499eac081b9582,0b8a99346babb6b95c374daf669c384290ecc10b,持卡人消费,一校区水控新,-0.64,123.31,5712,正常
2016/03/06 08:35:21,ba4c0bac18c154b73bd5c56276499eac081b9582,0b8a99346babb6b95c374daf669c384290ecc10b,持卡人消费,学士楼商务网关,-4.0,119.31,5713,正常
2016/03/06 08:35:33,ba4c0bac18c154b73bd5c56276499eac081b9582,0b8a99346babb6b95c374daf669c384290ecc10b,持卡人消费,学士楼商务网关,-0.6,118.71,5714,正常
2016/03/07 08:35:41,ba4c0bac18c154b73bd5c56276499eac081b9582,0b8a99346babb6b95c374daf669c384290ecc10b,持卡人消费,学士楼商务网关,-2.0,116.71,5715,正常
2016/03/07 08:36:46,ba4c0bac18c154b73bd5c56276499eac081b9582,0b8a99346babb6b95c374daf669c384290ecc10b,持卡人消费,学士楼商务网关,-0.6,116.11,5716,正常
2016/03/07 11:30:19,ba4c0bac18c154b73bd5c56276499eac081b9582,0b8a99346babb6b95c374daf669c384290ecc10b,持卡人消费,学苑楼商务网关,-8.8,107.31,5717,正常
2016/03/07 17:07:03,ba4c0bac18c154b73bd5c56276499eac081b9582,0b8a99346babb6b95c374daf669c384290ecc10b,持卡人消费,学苑楼商务网关,-7.5,99.81,5718,正常
2016/03/08 17:12:17,ba4c0bac18c154b73bd5c56276499eac081b9582,0b8a99346babb6b95c374daf669c384290ecc10b,持卡人消费,学苑楼商务网关,-8.0,91.81,5719,正常
2016/03/08 17:12:52,ba4c0bac18c154b73bd5c56276499eac081b9582,0b8a99346babb6b95c374daf669c384290ecc10b,持卡人消费,学苑楼商务网关,-8.0,83.81,5720,正常
2016/03/09 08:48:07,ba4c0bac18c154b73bd5c56276499eac081b9582,0b8a99346babb6b95c374daf669c384290ecc10b,持卡人消费,学士楼商务网关,-5.0,78.81,5721,正常
2016/03/09 08:49:26,ba4c0bac18c154b73bd5c56276499eac081b9582,0b8a99346babb6b95c374daf669c384290ecc10b,持卡人消费,学士楼商务网关,-0.6,78.21,5722,正常
2016/03/09 18:56:53,ba4c0bac18c154b73bd5c56276499eac081b9582,0b8a99346babb6b95c374daf669c384290ecc10b,持卡人消费,硕果园（工大商店）,-9.0,69.21,5723,正常
2016/03/09 20:13:42,ba4c0bac18c154b73bd5c56276499eac081b9582,0b8a99346babb6b95c374daf669c384290ecc10b,持卡人消费,一校区水控新,-0.83,68.38,5724,正常
2016/03/09 20:20:03,ba4c0bac18c154b73bd5c56276499eac081b9582,0b8a99346babb6b95c374daf669c384290ecc10b,持卡人消费,一校区水控新,-0.72,67.66,5725,正常
2016/03/10 08:57:07,ba4c0bac18c154b73bd5c56276499eac081b9582,0b8a99346babb6b95c374daf669c384290ecc10b,持卡人消费,学士楼商务网关,-2.0,65.66,5726,正常
2016/03/10 08:58:00,ba4c0bac18c154b73bd5c56276499eac081b9582,0b8a99346babb6b95c374daf669c384290ecc10b,持卡人消费,学士楼商务网关,-0.6,65.06,5727,正常
2016/03/10 12:14:33,ba4c0bac18c154b73bd5c56276499eac081b9582,0b8a99346babb6b95c374daf669c384290ecc10b,持卡人消费,学苑楼商务网关,-8.8,56.26,5728,正常
2016/03/10 17:25:02,ba4c0bac18c154b73bd5c56276499eac081b9582,0b8a99346babb6b95c374daf669c384290ecc10b,持卡人消费,学苑楼商务网关,-9.0,47.26,5729,正常
2016/03/10 17:45:50,ba4c0bac18c154b73bd5c56276499eac081b9582,0b8a99346babb6b95c374daf669c384290ecc10b,持卡人消费,学苑楼商务网关,-2.9,44.36,5730,正常
2016/03/12 11:48:09,ba4c0bac18c154b73bd5c56276499eac081b9582,0b8a99346babb6b95c374daf669c384290ecc10b,持卡人消费,学苑楼商务网关,-7.5,36.86,5731,正常
2016/03/12 17:28:43,ba4c0bac18c154b73bd5c56276499eac081b9582,0b8a99346babb6b95c374daf669c384290ecc10b,持卡人消费,学苑楼商务网关,-6.0,30.86,5732,正常
2016/03/14 08:54:12,ba4c0bac18c154b73bd5c56276499eac081b9582,0b8a99346babb6b95c374daf669c384290ecc10b,持卡人消费,超市商务子系统,-6.0,11.98,5740,正常
2016/03/14 11:25:58,ba4c0bac18c154b73bd5c56276499eac081b9582,0b8a99346babb6b95c374daf669c384290ecc10b,持卡人消费,学苑楼商务网关,-8.8,3.18,5741,正常
2016/03/15 11:30:38,ba4c0bac18c154b73bd5c56276499eac081b9582,0b8a99346babb6b95c374daf669c384290ecc10b,存款,学苑楼综合业务2,50.0,53.18,5742,正常
2016/03/15 11:34:38,ba4c0bac18c154b73bd5c56276499eac081b9582,0b8a99346babb6b95c374daf669c384290ecc10b,持卡人消费,学苑楼商务网关,-7.0,46.18,5743,正常
2016/03/15 11:55:42,ba4c0bac18c154b73bd5c56276499eac081b9582,0b8a99346babb6b95c374daf669c384290ecc10b,持卡人消费,超市商务子系统,-4.5,41.68,5744,正常
2016/03/15 11:57:05,ba4c0bac18c154b73bd5c56276499eac081b9582,0b8a99346babb6b95c374daf669c384290ecc10b,持卡人消费,超市商务子系统,-2.1,39.58,5745,正常
2016/03/15 17:18:37,ba4c0bac18c154b73bd5c56276499eac081b9582,0b8a99346babb6b95c374daf669c384290ecc10b,持卡人消费,学苑楼商务网关,-7.0,32.58,5746,正常
2016/03/16 13:25:45,ba4c0bac18c154b73bd5c56276499eac081b9582,0b8a99346babb6b95c374daf669c384290ecc10b,持卡人消费,一校区水控新,-0.51,32.07,5748,正常
2016/03/16 13:32:28,ba4c0bac18c154b73bd5c56276499eac081b9582,0b8a99346babb6b95c374daf669c384290ecc10b,持卡人消费,一校区水控新,-0.88,31.19,5750,正常
2016/03/17 11:22:49,ba4c0bac18c154b73bd5c56276499eac081b9582,0b8a99346babb6b95c374daf669c384290ecc10b,持卡人消费,学苑楼商务网关,-10.0,21.19,5751,正常
2016/03/17 17:16:27,ba4c0bac18c154b73bd5c56276499eac081b9582,0b8a99346babb6b95c374daf669c384290ecc10b,持卡人消费,学苑楼商务网关,-8.8,12.39,5752,正常
2016/03/18 08:23:21,ba4c0bac18c154b73bd5c56276499eac081b9582,0b8a99346babb6b95c374daf669c384290ecc10b,持卡人消费,学士楼商务网关,-2.0,10.39,5753,正常
2016/03/18 08:23:31,ba4c0bac18c154b73bd5c56276499eac081b9582,0b8a99346babb6b95c374daf669c384290ecc10b,持卡人消费,学士楼商务网关,-0.6,9.79,5754,正常
2016/03/18 17:36:48,ba4c0bac18c154b73bd5c56276499eac081b9582,0b8a99346babb6b95c374daf669c384290ecc10b,持卡人消费,学苑楼商务网关,-8.0,1.79,5755,正常
2016/03/20 17:21:33,ba4c0bac18c154b73bd5c56276499eac081b9582,0b8a99346babb6b95c374daf669c384290ecc10b,存款,学苑楼综合业务2,100.0,101.79,5756,正常
2016/03/20 17:23:37,ba4c0bac18c154b73bd5c56276499eac081b9582,0b8a99346babb6b95c374daf669c384290ecc10b,持卡人消费,学苑楼商务网关,-8.0,93.79,5757,正常
2016/03/20 17:24:13,ba4c0bac18c154b73bd5c56276499eac081b9582,0b8a99346babb6b95c374daf669c384290ecc10b,持卡人消费,学苑楼商务网关,-8.0,85.79,5758,正常
2016/03/20 17:46:07,ba4c0bac18c154b73bd5c56276499eac081b9582,0b8a99346babb6b95c374daf669c384290ecc10b,持卡人消费,学苑楼商务网关,-2.5,83.29,5759,正常
2016/03/20 17:46:11,ba4c0bac18c154b73bd5c56276499eac081b9582,0b8a99346babb6b95c374daf669c384290ecc10b,持卡人消费,学苑楼商务网关,-2.5,80.79,5760,正常
2016/03/21 17:12:22,ba4c0bac18c154b73bd5c56276499eac081b9582,0b8a99346babb6b95c374daf669c384290ecc10b,持卡人消费,学苑楼商务网关,-6.0,74.79,5761,正常
2016/03/21 17:21:26,ba4c0bac18c154b73bd5c56276499eac081b9582,0b8a99346babb6b95c374daf669c384290ecc10b,持卡人消费,学苑楼商务网关,-0.4,74.39,5762,正常
2016/03/22 11:28:31,ba4c0bac18c154b73bd5c56276499eac081b9582,0b8a99346babb6b95c374daf669c384290ecc10b,持卡人消费,学苑楼商务网关,-8.8,65.59,5763,正常
2016/03/22 12:25:04,ba4c0bac18c154b73bd5c56276499eac081b9582,0b8a99346babb6b95c374daf669c384290ecc10b,持卡人消费,一校区水控新,-0.8,64.79,5765,正常
2016/03/22 12:29:29,ba4c0bac18c154b73bd5c56276499eac081b9582,0b8a99346babb6b95c374daf669c384290ecc10b,持卡人消费,一校区水控新,-0.5,64.29,5767,正常
2016/03/22 17:03:30,ba4c0bac18c154b73bd5c56276499eac081b9582,0b8a99346babb6b95c374daf669c384290ecc10b,持卡人消费,学苑楼商务网关,-4.6,59.69,5768,正常
2016/03/22 17:05:20,ba4c0bac18c154b73bd5c56276499eac081b9582,0b8a99346babb6b95c374daf669c384290ecc10b,持卡人消费,学苑楼商务网关,-2.0,57.69,5769,正常
2016/03/23 11:26:30,ba4c0bac18c154b73bd5c56276499eac081b9582,0b8a99346babb6b95c374daf669c384290ecc10b,持卡人消费,学苑楼商务网关,-9.0,48.69,5770,正常
2016/03/23 11:45:38,ba4c0bac18c154b73bd5c56276499eac081b9582,0b8a99346babb6b95c374daf669c384290ecc10b,持卡人消费,学苑楼商务网关,-2.8,45.89,5771,正常
2016/03/23 17:16:05,ba4c0bac18c154b73bd5c56276499eac081b9582,0b8a99346babb6b95c374daf669c384290ecc10b,持卡人消费,学苑楼商务网关,-5.0,40.89,5772,正常
2016/03/23 17:17:47,ba4c0bac18c154b73bd5c56276499eac081b9582,0b8a99346babb6b95c374daf669c384290ecc10b,持卡人消费,学苑楼商务网关,-0.8,40.09,5773,正常
2016/03/23 17:19:42,ba4c0bac18c154b73bd5c56276499eac081b9582,0b8a99346babb6b95c374daf669c384290ecc10b,持卡人消费,学苑楼商务网关,-3.0,37.09,5774,正常
2016/03/23 21:14:33,ba4c0bac18c154b73bd5c56276499eac081b9582,0b8a99346babb6b95c374daf669c384290ecc10b,持卡人消费,A1,-3.0,34.09,5775,正常
2016/03/24 11:17:49,ba4c0bac18c154b73bd5c56276499eac081b9582,0b8a99346babb6b95c374daf669c384290ecc10b,持卡人消费,学苑楼商务网关,-4.0,30.09,5776,正常
2016/03/24 11:18:43,ba4c0bac18c154b73bd5c56276499eac081b9582,0b8a99346babb6b95c374daf669c384290ecc10b,持卡人消费,学苑楼商务网关,-0.8,29.29,5777,正常
2016/03/24 11:20:25,ba4c0bac18c154b73bd5c56276499eac081b9582,0b8a99346babb6b95c374daf669c384290ecc10b,持卡人消费,学苑楼商务网关,-2.0,27.29,5778,正常
2016/03/24 17:01:41,ba4c0bac18c154b73bd5c56276499eac081b9582,0b8a99346babb6b95c374daf669c384290ecc10b,持卡人消费,学苑楼商务网关,-8.8,18.49,5779,正常
2016/03/25 11:21:27,ba4c0bac18c154b73bd5c56276499eac081b9582,0b8a99346babb6b95c374daf669c384290ecc10b,持卡人消费,学苑楼商务网关,-8.8,9.69,5780,正常
2016/03/25 13:39:09,ba4c0bac18c154b73bd5c56276499eac081b9582,0b8a99346babb6b95c374daf669c384290ecc10b,存款,现金充值机,100.0,109.69,5781,正常
2016/03/26 07:42:46,ba4c0bac18c154b73bd5c56276499eac081b9582,0b8a99346babb6b95c374daf669c384290ecc10b,持卡人消费,学士楼商务网关,-2.0,107.69,5782,正常
2016/03/27 12:58:05,ba4c0bac18c154b73bd5c56276499eac081b9582,0b8a99346babb6b95c374daf669c384290ecc10b,持卡人消费,一校区水控新,-0.89,106.80,5783,正常
2016/03/27 13:03:14,ba4c0bac18c154b73bd5c56276499eac081b9582,0b8a99346babb6b95c374daf669c384290ecc10b,持卡人消费,一校区水控新,-0.97,105.83,5784,正常
2016/03/29 19:18:39,ba4c0bac18c154b73bd5c56276499eac081b9582,0b8a99346babb6b95c374daf669c384290ecc10b,持卡人消费,一校区水控新,-0.64,105.19,5786,正常
2016/03/29 19:18:58,ba4c0bac18c154b73bd5c56276499eac081b9582,0b8a99346babb6b95c374daf669c384290ecc10b,持卡人消费,一校区水控新,-0.05,105.14,5788,正常
2016/03/29 19:24:59,ba4c0bac18c154b73bd5c56276499eac081b9582,0b8a99346babb6b95c374daf669c384290ecc10b,持卡人消费,一校区水控新,-0.75,104.39,5790,正常
2016/03/30 08:56:59,ba4c0bac18c154b73bd5c56276499eac081b9582,0b8a99346babb6b95c374daf669c384290ecc10b,持卡人消费,超市商务子系统,-5.0,99.39,5791,正常
2016/03/30 12:05:27,ba4c0bac18c154b73bd5c56276499eac081b9582,0b8a99346babb6b95c374daf669c384290ecc10b,持卡人消费,硕果园（工大商店）,-12.0,87.39,5792,正常
