交易发生时间,学号,姓名,交易类型,子系统名称,交易额,现有余额,次数,状态
2016/03/01 17:05:57,a8643801bdbaf309dfee6a0a35c073f3db1f848b,0bd57099ad322b9866ff9583769dfa7910318891,持卡人消费,学苑楼商务网关,-5.0,37.45,2684,正常
2016/03/02 11:25:05,a8643801bdbaf309dfee6a0a35c073f3db1f848b,0bd57099ad322b9866ff9583769dfa7910318891,持卡人消费,学苑楼商务网关,-8.0,29.45,2685,正常
2016/03/02 11:26:01,a8643801bdbaf309dfee6a0a35c073f3db1f848b,0bd57099ad322b9866ff9583769dfa7910318891,持卡人消费,学苑楼商务网关,-8.8,20.65,2686,正常
2016/03/02 17:55:38,a8643801bdbaf309dfee6a0a35c073f3db1f848b,0bd57099ad322b9866ff9583769dfa7910318891,持卡人消费,学苑楼商务网关,-2.5,18.15,2687,正常
2016/03/02 17:55:54,a8643801bdbaf309dfee6a0a35c073f3db1f848b,0bd57099ad322b9866ff9583769dfa7910318891,持卡人消费,学苑楼商务网关,-1.0,17.15,2688,正常
2016/03/03 08:27:48,a8643801bdbaf309dfee6a0a35c073f3db1f848b,0bd57099ad322b9866ff9583769dfa7910318891,持卡人消费,超市商务子系统,-2.0,15.15,2689,正常
2016/03/03 11:31:26,a8643801bdbaf309dfee6a0a35c073f3db1f848b,0bd57099ad322b9866ff9583769dfa7910318891,持卡人消费,学苑楼商务网关,-8.0,7.15,2690,正常
2016/03/04 11:26:07,a8643801bdbaf309dfee6a0a35c073f3db1f848b,0bd57099ad322b9866ff9583769dfa7910318891,持卡人消费,学苑楼商务网关,-7.0,0.15,2691,正常
2016/03/07 11:30:42,a8643801bdbaf309dfee6a0a35c073f3db1f848b,0bd57099ad322b9866ff9583769dfa7910318891,存款,学苑楼综合业务2,100.0,100.15,2692,正常
2016/03/07 11:32:26,a8643801bdbaf309dfee6a0a35c073f3db1f848b,0bd57099ad322b9866ff9583769dfa7910318891,持卡人消费,学苑楼商务网关,-1.5,98.65,2693,正常
2016/03/07 11:41:40,a8643801bdbaf309dfee6a0a35c073f3db1f848b,0bd57099ad322b9866ff9583769dfa7910318891,持卡人消费,学苑楼商务网关,-0.5,98.15,2694,正常
2016/03/07 17:25:12,a8643801bdbaf309dfee6a0a35c073f3db1f848b,0bd57099ad322b9866ff9583769dfa7910318891,持卡人消费,学苑楼商务网关,-1.2,96.95,2695,正常
2016/03/08 11:33:53,a8643801bdbaf309dfee6a0a35c073f3db1f848b,0bd57099ad322b9866ff9583769dfa7910318891,持卡人消费,学苑楼商务网关,-7.0,89.95,2696,正常
2016/03/09 11:23:13,a8643801bdbaf309dfee6a0a35c073f3db1f848b,0bd57099ad322b9866ff9583769dfa7910318891,持卡人消费,学子楼商务网关,-4.8,85.15,2697,正常
2016/03/09 11:58:46,a8643801bdbaf309dfee6a0a35c073f3db1f848b,0bd57099ad322b9866ff9583769dfa7910318891,持卡人消费,超市商务子系统,-2.9,82.25,2698,正常
2016/03/12 11:22:16,a8643801bdbaf309dfee6a0a35c073f3db1f848b,0bd57099ad322b9866ff9583769dfa7910318891,持卡人消费,学苑楼商务网关,-6.0,76.25,2699,正常
2016/03/14 11:30:31,a8643801bdbaf309dfee6a0a35c073f3db1f848b,0bd57099ad322b9866ff9583769dfa7910318891,持卡人消费,学苑楼商务网关,-3.0,73.25,2700,正常
2016/03/15 11:49:03,a8643801bdbaf309dfee6a0a35c073f3db1f848b,0bd57099ad322b9866ff9583769dfa7910318891,持卡人消费,学苑楼商务网关,-7.0,66.25,2701,正常
2016/03/16 11:40:25,a8643801bdbaf309dfee6a0a35c073f3db1f848b,0bd57099ad322b9866ff9583769dfa7910318891,持卡人消费,学苑楼商务网关,-3.5,62.75,2702,正常
2016/03/16 17:35:16,a8643801bdbaf309dfee6a0a35c073f3db1f848b,0bd57099ad322b9866ff9583769dfa7910318891,持卡人消费,学苑楼商务网关,-8.0,54.75,2703,正常
2016/03/21 11:34:08,a8643801bdbaf309dfee6a0a35c073f3db1f848b,0bd57099ad322b9866ff9583769dfa7910318891,持卡人消费,学苑楼商务网关,-6.0,48.75,2704,正常
2016/03/22 11:33:41,a8643801bdbaf309dfee6a0a35c073f3db1f848b,0bd57099ad322b9866ff9583769dfa7910318891,持卡人消费,学苑楼商务网关,-3.5,45.25,2705,正常
2016/03/22 16:56:12,a8643801bdbaf309dfee6a0a35c073f3db1f848b,0bd57099ad322b9866ff9583769dfa7910318891,持卡人消费,学苑楼商务网关,-6.0,39.25,2706,正常
2016/03/23 11:27:34,a8643801bdbaf309dfee6a0a35c073f3db1f848b,0bd57099ad322b9866ff9583769dfa7910318891,持卡人消费,学苑楼商务网关,-7.0,32.25,2707,正常
2016/03/24 11:31:37,a8643801bdbaf309dfee6a0a35c073f3db1f848b,0bd57099ad322b9866ff9583769dfa7910318891,持卡人消费,学苑楼商务网关,-7.0,25.25,2708,正常
2016/03/29 11:34:31,a8643801bdbaf309dfee6a0a35c073f3db1f848b,0bd57099ad322b9866ff9583769dfa7910318891,持卡人消费,学苑楼商务网关,-8.0,17.25,2709,正常
