交易发生时间,学号,姓名,交易类型,子系统名称,交易额,现有余额,次数,状态
2016/03/01 11:17:34,c010eb17478c68d9b83982a1d9ff277527edd10b,0bf7def93fa18a9634043af5b3bf4d76970930b6,持卡人消费,学士楼商务网关,-7.1,42.44,4094,正常
2016/03/01 16:11:49,c010eb17478c68d9b83982a1d9ff277527edd10b,0bf7def93fa18a9634043af5b3bf4d76970930b6,持卡人消费,学子便利店A01后楼,-4.9,37.54,4095,正常
2016/03/01 17:42:05,c010eb17478c68d9b83982a1d9ff277527edd10b,0bf7def93fa18a9634043af5b3bf4d76970930b6,持卡人消费,学苑楼商务网关,-10.0,27.54,4096,正常
2016/03/01 17:43:19,c010eb17478c68d9b83982a1d9ff277527edd10b,0bf7def93fa18a9634043af5b3bf4d76970930b6,持卡人消费,学苑楼商务网关,-0.4,27.14,4097,正常
2016/03/01 17:44:54,c010eb17478c68d9b83982a1d9ff277527edd10b,0bf7def93fa18a9634043af5b3bf4d76970930b6,持卡人消费,学苑楼商务网关,-5.0,22.14,4098,正常
2016/03/02 09:11:57,c010eb17478c68d9b83982a1d9ff277527edd10b,0bf7def93fa18a9634043af5b3bf4d76970930b6,持卡人消费,学士楼商务网关,-2.6,19.54,4099,正常
2016/03/02 09:13:58,c010eb17478c68d9b83982a1d9ff277527edd10b,0bf7def93fa18a9634043af5b3bf4d76970930b6,持卡人消费,学士楼商务网关,-2.0,17.54,4100,正常
2016/03/03 11:48:24,c010eb17478c68d9b83982a1d9ff277527edd10b,0bf7def93fa18a9634043af5b3bf4d76970930b6,持卡人消费,学子便利店A01后楼,-2.0,15.54,4101,正常
2016/03/03 12:35:47,c010eb17478c68d9b83982a1d9ff277527edd10b,0bf7def93fa18a9634043af5b3bf4d76970930b6,持卡人消费,游泳馆,-6.0,9.54,4102,正常
2016/03/03 17:44:14,c010eb17478c68d9b83982a1d9ff277527edd10b,0bf7def93fa18a9634043af5b3bf4d76970930b6,持卡人消费,硕果园（工大商店）,-0.1,9.44,4103,正常
2016/03/04 09:07:44,c010eb17478c68d9b83982a1d9ff277527edd10b,0bf7def93fa18a9634043af5b3bf4d76970930b6,持卡人消费,学士楼商务网关,-3.2,6.24,4104,正常
2016/03/04 09:08:47,c010eb17478c68d9b83982a1d9ff277527edd10b,0bf7def93fa18a9634043af5b3bf4d76970930b6,持卡人消费,学士楼商务网关,-4.6,1.64,4105,正常
2016/03/04 09:04:08,c010eb17478c68d9b83982a1d9ff277527edd10b,0bf7def93fa18a9634043af5b3bf4d76970930b6,存款,现金充值机,200.0,201.64,4106,正常
2016/03/04 11:10:01,c010eb17478c68d9b83982a1d9ff277527edd10b,0bf7def93fa18a9634043af5b3bf4d76970930b6,持卡人消费,硕果园（工大商店）,-14.0,187.64,4107,正常
2016/03/04 13:22:17,c010eb17478c68d9b83982a1d9ff277527edd10b,0bf7def93fa18a9634043af5b3bf4d76970930b6,持卡人消费,超市商务子系统,-9.5,178.14,4108,正常
2016/03/04 13:23:38,c010eb17478c68d9b83982a1d9ff277527edd10b,0bf7def93fa18a9634043af5b3bf4d76970930b6,持卡人消费,超市商务子系统,-6.0,172.14,4109,正常
2016/03/04 15:35:50,c010eb17478c68d9b83982a1d9ff277527edd10b,0bf7def93fa18a9634043af5b3bf4d76970930b6,持卡人消费,学子便利店A01后楼,-6.0,166.14,4110,正常
2016/03/05 11:43:26,c010eb17478c68d9b83982a1d9ff277527edd10b,0bf7def93fa18a9634043af5b3bf4d76970930b6,持卡人消费,硕果园（工大商店）,-12.0,154.14,4111,正常
2016/03/05 12:02:47,c010eb17478c68d9b83982a1d9ff277527edd10b,0bf7def93fa18a9634043af5b3bf4d76970930b6,持卡人消费,学子便利店A01后楼,-2.0,152.14,4112,正常
2016/03/06 12:25:08,c010eb17478c68d9b83982a1d9ff277527edd10b,0bf7def93fa18a9634043af5b3bf4d76970930b6,持卡人消费,学子便利店A01后楼,-4.0,148.14,4113,正常
2016/03/06 17:33:50,c010eb17478c68d9b83982a1d9ff277527edd10b,0bf7def93fa18a9634043af5b3bf4d76970930b6,持卡人消费,硕果园（工大商店）,-12.0,136.14,4114,正常
2016/03/06 17:53:11,c010eb17478c68d9b83982a1d9ff277527edd10b,0bf7def93fa18a9634043af5b3bf4d76970930b6,持卡人消费,学子便利店A01后楼,-3.8,132.34,4115,正常
2016/03/07 13:37:33,c010eb17478c68d9b83982a1d9ff277527edd10b,0bf7def93fa18a9634043af5b3bf4d76970930b6,持卡人消费,超市商务子系统,-6.0,126.34,4116,正常
2016/03/07 17:14:33,c010eb17478c68d9b83982a1d9ff277527edd10b,0bf7def93fa18a9634043af5b3bf4d76970930b6,持卡人消费,硕果园（工大商店）,-10.0,116.34,4117,正常
2016/03/07 17:21:26,c010eb17478c68d9b83982a1d9ff277527edd10b,0bf7def93fa18a9634043af5b3bf4d76970930b6,持卡人消费,学士楼商务网关,-1.0,115.34,4118,正常
2016/03/08 10:43:21,c010eb17478c68d9b83982a1d9ff277527edd10b,0bf7def93fa18a9634043af5b3bf4d76970930b6,持卡人消费,硕果园（工大商店）,-12.0,103.34,4119,正常
2016/03/08 20:45:41,c010eb17478c68d9b83982a1d9ff277527edd10b,0bf7def93fa18a9634043af5b3bf4d76970930b6,持卡人消费,学子便利店A01后楼,-6.5,96.84,4120,正常
2016/03/08 21:21:38,c010eb17478c68d9b83982a1d9ff277527edd10b,0bf7def93fa18a9634043af5b3bf4d76970930b6,持卡人消费,超市商务子系统,-46.9,49.94,4121,正常
2016/03/12 08:26:11,c010eb17478c68d9b83982a1d9ff277527edd10b,0bf7def93fa18a9634043af5b3bf4d76970930b6,持卡人消费,A1,-6.0,43.94,4122,正常
2016/03/12 08:31:32,c010eb17478c68d9b83982a1d9ff277527edd10b,0bf7def93fa18a9634043af5b3bf4d76970930b6,持卡人消费,学子便利店A01后楼,-4.5,39.44,4123,正常
2016/03/12 13:06:59,c010eb17478c68d9b83982a1d9ff277527edd10b,0bf7def93fa18a9634043af5b3bf4d76970930b6,持卡人消费,学子超市园丁总店,-3.8,35.64,4124,正常
2016/03/12 17:16:22,c010eb17478c68d9b83982a1d9ff277527edd10b,0bf7def93fa18a9634043af5b3bf4d76970930b6,持卡人消费,硕果园（工大商店）,-10.0,25.64,4125,正常
2016/03/14 09:28:15,c010eb17478c68d9b83982a1d9ff277527edd10b,0bf7def93fa18a9634043af5b3bf4d76970930b6,持卡人消费,超市商务子系统,-6.0,12.64,4127,正常
2016/03/14 13:59:26,c010eb17478c68d9b83982a1d9ff277527edd10b,0bf7def93fa18a9634043af5b3bf4d76970930b6,持卡人消费,超市商务子系统,-5.5,7.14,4128,正常
2016/03/15 07:33:45,c010eb17478c68d9b83982a1d9ff277527edd10b,0bf7def93fa18a9634043af5b3bf4d76970930b6,持卡人消费,学士楼商务网关,-3.1,4.04,4129,正常
2016/03/15 10:45:44,c010eb17478c68d9b83982a1d9ff277527edd10b,0bf7def93fa18a9634043af5b3bf4d76970930b6,存款,现金充值机,200.0,204.04,4130,正常
2016/03/15 11:04:01,c010eb17478c68d9b83982a1d9ff277527edd10b,0bf7def93fa18a9634043af5b3bf4d76970930b6,持卡人消费,硕果园（工大商店）,-12.0,192.04,4131,正常
2016/03/15 11:21:21,c010eb17478c68d9b83982a1d9ff277527edd10b,0bf7def93fa18a9634043af5b3bf4d76970930b6,持卡人消费,学子便利店A01后楼,-9.7,182.34,4132,正常
2016/03/15 13:39:53,c010eb17478c68d9b83982a1d9ff277527edd10b,0bf7def93fa18a9634043af5b3bf4d76970930b6,持卡人消费,超市商务子系统,-6.0,176.34,4133,正常
2016/03/15 17:05:04,c010eb17478c68d9b83982a1d9ff277527edd10b,0bf7def93fa18a9634043af5b3bf4d76970930b6,持卡人消费,超市商务子系统,-18.1,158.24,4134,正常
2016/03/15 17:12:22,c010eb17478c68d9b83982a1d9ff277527edd10b,0bf7def93fa18a9634043af5b3bf4d76970930b6,持卡人消费,硕果园（工大商店）,-8.0,150.24,4135,正常
2016/03/15 18:12:23,c010eb17478c68d9b83982a1d9ff277527edd10b,0bf7def93fa18a9634043af5b3bf4d76970930b6,持卡人消费,15公寓浴池,-0.88,149.36,4137,正常
2016/03/16 11:26:52,c010eb17478c68d9b83982a1d9ff277527edd10b,0bf7def93fa18a9634043af5b3bf4d76970930b6,持卡人消费,硕果园（工大商店）,-28.0,121.36,4138,正常
2016/03/16 11:40:33,c010eb17478c68d9b83982a1d9ff277527edd10b,0bf7def93fa18a9634043af5b3bf4d76970930b6,持卡人消费,硕果园（工大商店）,-3.5,117.86,4139,正常
2016/03/17 08:06:50,c010eb17478c68d9b83982a1d9ff277527edd10b,0bf7def93fa18a9634043af5b3bf4d76970930b6,持卡人消费,学士楼商务网关,-4.0,113.86,4140,正常
2016/03/17 11:16:16,c010eb17478c68d9b83982a1d9ff277527edd10b,0bf7def93fa18a9634043af5b3bf4d76970930b6,持卡人消费,硕果园（工大商店）,-12.0,101.86,4141,正常
2016/03/17 11:25:05,c010eb17478c68d9b83982a1d9ff277527edd10b,0bf7def93fa18a9634043af5b3bf4d76970930b6,持卡人消费,学士楼商务网关,-2.0,99.86,4142,正常
2016/03/17 13:19:52,c010eb17478c68d9b83982a1d9ff277527edd10b,0bf7def93fa18a9634043af5b3bf4d76970930b6,持卡人消费,学子便利店A01后楼,-3.9,95.96,4143,正常
2016/03/17 16:53:45,c010eb17478c68d9b83982a1d9ff277527edd10b,0bf7def93fa18a9634043af5b3bf4d76970930b6,持卡人消费,硕果园（工大商店）,-12.0,83.96,4144,正常
2016/03/17 20:14:51,c010eb17478c68d9b83982a1d9ff277527edd10b,0bf7def93fa18a9634043af5b3bf4d76970930b6,持卡人消费,学士楼商务网关,-4.0,79.96,4145,正常
2016/03/18 11:12:41,c010eb17478c68d9b83982a1d9ff277527edd10b,0bf7def93fa18a9634043af5b3bf4d76970930b6,持卡人消费,硕果园（工大商店）,-14.0,65.96,4146,正常
2016/03/18 22:18:43,c010eb17478c68d9b83982a1d9ff277527edd10b,0bf7def93fa18a9634043af5b3bf4d76970930b6,持卡人消费,学子便利店A01后楼,-7.9,58.06,4147,正常
2016/03/19 08:56:56,c010eb17478c68d9b83982a1d9ff277527edd10b,0bf7def93fa18a9634043af5b3bf4d76970930b6,持卡人消费,学士楼商务网关,-3.5,54.56,4148,正常
2016/03/19 08:57:21,c010eb17478c68d9b83982a1d9ff277527edd10b,0bf7def93fa18a9634043af5b3bf4d76970930b6,持卡人消费,学士楼商务网关,-0.6,53.96,4149,正常
2016/03/19 11:22:53,c010eb17478c68d9b83982a1d9ff277527edd10b,0bf7def93fa18a9634043af5b3bf4d76970930b6,持卡人消费,硕果园（工大商店）,-8.0,45.96,4150,正常
2016/03/19 11:24:30,c010eb17478c68d9b83982a1d9ff277527edd10b,0bf7def93fa18a9634043af5b3bf4d76970930b6,持卡人消费,硕果园（工大商店）,-8.0,37.96,4151,正常
2016/03/19 11:54:22,c010eb17478c68d9b83982a1d9ff277527edd10b,0bf7def93fa18a9634043af5b3bf4d76970930b6,持卡人消费,学子便利店A01后楼,-3.7,34.26,4152,正常
2016/03/19 13:43:49,c010eb17478c68d9b83982a1d9ff277527edd10b,0bf7def93fa18a9634043af5b3bf4d76970930b6,持卡人消费,超市商务子系统,-6.0,28.26,4153,正常
2016/03/19 16:19:22,c010eb17478c68d9b83982a1d9ff277527edd10b,0bf7def93fa18a9634043af5b3bf4d76970930b6,持卡人消费,15公寓浴池,-1.38,26.88,4155,正常
2016/03/19 16:58:01,c010eb17478c68d9b83982a1d9ff277527edd10b,0bf7def93fa18a9634043af5b3bf4d76970930b6,持卡人消费,学士楼商务网关,-2.0,24.88,4156,正常
2016/03/19 16:58:31,c010eb17478c68d9b83982a1d9ff277527edd10b,0bf7def93fa18a9634043af5b3bf4d76970930b6,持卡人消费,学士楼商务网关,-4.0,20.88,4157,正常
2016/03/20 09:42:28,c010eb17478c68d9b83982a1d9ff277527edd10b,0bf7def93fa18a9634043af5b3bf4d76970930b6,持卡人消费,硕果园（工大商店）,-2.1,18.78,4158,正常
2016/03/20 11:39:03,c010eb17478c68d9b83982a1d9ff277527edd10b,0bf7def93fa18a9634043af5b3bf4d76970930b6,持卡人消费,硕果园（工大商店）,-12.0,6.78,4159,正常
2016/03/20 11:56:26,c010eb17478c68d9b83982a1d9ff277527edd10b,0bf7def93fa18a9634043af5b3bf4d76970930b6,持卡人消费,学子便利店A01后楼,-3.9,2.88,4160,正常
2016/03/20 16:46:42,c010eb17478c68d9b83982a1d9ff277527edd10b,0bf7def93fa18a9634043af5b3bf4d76970930b6,存款,现金充值机,200.0,202.88,4161,正常
2016/03/20 17:09:37,c010eb17478c68d9b83982a1d9ff277527edd10b,0bf7def93fa18a9634043af5b3bf4d76970930b6,持卡人消费,硕果园（工大商店）,-8.0,194.88,4162,正常
2016/03/20 17:10:27,c010eb17478c68d9b83982a1d9ff277527edd10b,0bf7def93fa18a9634043af5b3bf4d76970930b6,持卡人消费,硕果园（工大商店）,-5.0,189.88,4163,正常
2016/03/21 14:08:11,c010eb17478c68d9b83982a1d9ff277527edd10b,0bf7def93fa18a9634043af5b3bf4d76970930b6,持卡人消费,超市商务子系统,-6.0,183.88,4164,正常
2016/03/21 14:12:14,c010eb17478c68d9b83982a1d9ff277527edd10b,0bf7def93fa18a9634043af5b3bf4d76970930b6,持卡人消费,超市商务子系统,-30.5,153.38,4165,正常
2016/03/21 17:49:46,c010eb17478c68d9b83982a1d9ff277527edd10b,0bf7def93fa18a9634043af5b3bf4d76970930b6,持卡人消费,硕果园（工大商店）,-10.0,143.38,4166,正常
2016/03/22 07:46:18,c010eb17478c68d9b83982a1d9ff277527edd10b,0bf7def93fa18a9634043af5b3bf4d76970930b6,持卡人消费,学士楼商务网关,-3.2,140.18,4167,正常
2016/03/22 11:23:58,c010eb17478c68d9b83982a1d9ff277527edd10b,0bf7def93fa18a9634043af5b3bf4d76970930b6,持卡人消费,学士楼商务网关,-3.4,136.78,4168,正常
2016/03/22 11:24:35,c010eb17478c68d9b83982a1d9ff277527edd10b,0bf7def93fa18a9634043af5b3bf4d76970930b6,持卡人消费,学士楼商务网关,-3.0,133.78,4169,正常
2016/03/22 11:29:23,c010eb17478c68d9b83982a1d9ff277527edd10b,0bf7def93fa18a9634043af5b3bf4d76970930b6,持卡人消费,学士楼商务网关,-7.0,126.78,4170,正常
2016/03/22 16:40:49,c010eb17478c68d9b83982a1d9ff277527edd10b,0bf7def93fa18a9634043af5b3bf4d76970930b6,持卡人消费,硕果园（工大商店）,-12.0,114.78,4171,正常
2016/03/22 16:49:12,c010eb17478c68d9b83982a1d9ff277527edd10b,0bf7def93fa18a9634043af5b3bf4d76970930b6,持卡人消费,硕果园（工大商店）,-5.6,109.18,4172,正常
2016/03/23 08:39:51,c010eb17478c68d9b83982a1d9ff277527edd10b,0bf7def93fa18a9634043af5b3bf4d76970930b6,持卡人消费,学士楼商务网关,-3.5,105.68,4173,正常
2016/03/23 08:40:03,c010eb17478c68d9b83982a1d9ff277527edd10b,0bf7def93fa18a9634043af5b3bf4d76970930b6,持卡人消费,学士楼商务网关,-0.6,105.08,4174,正常
2016/03/23 11:52:05,c010eb17478c68d9b83982a1d9ff277527edd10b,0bf7def93fa18a9634043af5b3bf4d76970930b6,持卡人消费,学士楼商务网关,-3.4,101.68,4175,正常
2016/03/23 11:52:49,c010eb17478c68d9b83982a1d9ff277527edd10b,0bf7def93fa18a9634043af5b3bf4d76970930b6,持卡人消费,学士楼商务网关,-6.0,95.68,4176,正常
