交易发生时间,学号,姓名,交易类型,子系统名称,交易额,现有余额,次数,状态
2016/03/11 16:21:38,3f6d0b142863e4d0cb82d879896ceb650babc6a3,0c65447a2dda42d4bcbcd231f92484b9eea1845c,持卡人消费,15公寓浴池,-2.0,46.15,2263,正常
2016/03/11 16:25:52,3f6d0b142863e4d0cb82d879896ceb650babc6a3,0c65447a2dda42d4bcbcd231f92484b9eea1845c,持卡人消费,15公寓浴池,-0.64,45.51,2265,正常
2016/03/11 16:26:36,3f6d0b142863e4d0cb82d879896ceb650babc6a3,0c65447a2dda42d4bcbcd231f92484b9eea1845c,持卡人消费,15公寓浴池,-0.03,45.48,2267,正常
2016/03/11 16:39:12,3f6d0b142863e4d0cb82d879896ceb650babc6a3,0c65447a2dda42d4bcbcd231f92484b9eea1845c,持卡人消费,15公寓浴池,-0.21,45.27,2269,正常
2016/03/11 16:48:47,3f6d0b142863e4d0cb82d879896ceb650babc6a3,0c65447a2dda42d4bcbcd231f92484b9eea1845c,持卡人消费,15公寓浴池,-0.98,44.29,2271,正常
2016/03/18 07:42:42,3f6d0b142863e4d0cb82d879896ceb650babc6a3,0c65447a2dda42d4bcbcd231f92484b9eea1845c,持卡人消费,学苑楼商务网关,-4.1,40.19,2272,正常
