交易发生时间,学号,姓名,交易类型,子系统名称,交易额,现有余额,次数,状态
2016/03/01 09:26:36,72713cee8951763a93682c360fd6b49fcdbf5788,0cd90e99e9fac4120daa7ee0923e101f3ff8802d,持卡人消费,硕果园（工大商店）,-6.0,2.37,3426,正常
2016/03/01 11:57:18,72713cee8951763a93682c360fd6b49fcdbf5788,0cd90e99e9fac4120daa7ee0923e101f3ff8802d,存款,学苑楼综合业务3,200.0,202.37,3427,正常
2016/03/01 11:59:13,72713cee8951763a93682c360fd6b49fcdbf5788,0cd90e99e9fac4120daa7ee0923e101f3ff8802d,持卡人消费,学苑楼商务网关,-6.0,196.37,3428,正常
2016/03/01 18:29:40,72713cee8951763a93682c360fd6b49fcdbf5788,0cd90e99e9fac4120daa7ee0923e101f3ff8802d,持卡人消费,硕果园（工大商店）,-10.0,186.37,3429,正常
2016/03/02 16:32:55,72713cee8951763a93682c360fd6b49fcdbf5788,0cd90e99e9fac4120daa7ee0923e101f3ff8802d,持卡人消费,硕果园（工大商店）,-10.0,176.37,3430,正常
2016/03/03 17:05:56,72713cee8951763a93682c360fd6b49fcdbf5788,0cd90e99e9fac4120daa7ee0923e101f3ff8802d,持卡人消费,学子楼商务网关,-10.0,166.37,3431,正常
2016/03/03 18:59:49,72713cee8951763a93682c360fd6b49fcdbf5788,0cd90e99e9fac4120daa7ee0923e101f3ff8802d,持卡人消费,一校区水控新,-1.02,165.35,3433,正常
2016/03/03 19:08:33,72713cee8951763a93682c360fd6b49fcdbf5788,0cd90e99e9fac4120daa7ee0923e101f3ff8802d,持卡人消费,一校区水控新,-1.23,164.12,3435,正常
2016/03/03 19:36:53,72713cee8951763a93682c360fd6b49fcdbf5788,0cd90e99e9fac4120daa7ee0923e101f3ff8802d,持卡人消费,A2,-9.0,155.12,3436,正常
2016/03/04 09:15:06,72713cee8951763a93682c360fd6b49fcdbf5788,0cd90e99e9fac4120daa7ee0923e101f3ff8802d,持卡人消费,学士楼商务网关,-2.6,152.52,3437,正常
2016/03/04 09:15:26,72713cee8951763a93682c360fd6b49fcdbf5788,0cd90e99e9fac4120daa7ee0923e101f3ff8802d,持卡人消费,学士楼商务网关,-1.0,151.52,3438,正常
2016/03/04 11:11:07,72713cee8951763a93682c360fd6b49fcdbf5788,0cd90e99e9fac4120daa7ee0923e101f3ff8802d,持卡人消费,硕果园（工大商店）,-10.0,141.52,3439,正常
2016/03/04 18:08:34,72713cee8951763a93682c360fd6b49fcdbf5788,0cd90e99e9fac4120daa7ee0923e101f3ff8802d,持卡人消费,学子楼商务网关,-9.6,131.92,3440,正常
2016/03/05 11:38:30,72713cee8951763a93682c360fd6b49fcdbf5788,0cd90e99e9fac4120daa7ee0923e101f3ff8802d,持卡人消费,学苑楼商务网关,-8.8,123.12,3441,正常
2016/03/05 18:30:32,72713cee8951763a93682c360fd6b49fcdbf5788,0cd90e99e9fac4120daa7ee0923e101f3ff8802d,持卡人消费,硕果园（工大商店）,-10.0,113.12,3442,正常
2016/03/06 11:31:04,72713cee8951763a93682c360fd6b49fcdbf5788,0cd90e99e9fac4120daa7ee0923e101f3ff8802d,持卡人消费,学苑楼商务网关,-9.0,104.12,3443,正常
2016/03/06 18:36:21,72713cee8951763a93682c360fd6b49fcdbf5788,0cd90e99e9fac4120daa7ee0923e101f3ff8802d,持卡人消费,硕果园（工大商店）,-9.0,95.12,3444,正常
2016/03/07 11:52:16,72713cee8951763a93682c360fd6b49fcdbf5788,0cd90e99e9fac4120daa7ee0923e101f3ff8802d,持卡人消费,学苑楼商务网关,-6.0,89.12,3445,正常
2016/03/07 14:56:44,72713cee8951763a93682c360fd6b49fcdbf5788,0cd90e99e9fac4120daa7ee0923e101f3ff8802d,持卡人消费,超市商务子系统,-5.5,83.62,3446,正常
2016/03/07 17:09:27,72713cee8951763a93682c360fd6b49fcdbf5788,0cd90e99e9fac4120daa7ee0923e101f3ff8802d,持卡人消费,学苑楼商务网关,-9.0,74.62,3447,正常
2016/03/08 11:04:17,72713cee8951763a93682c360fd6b49fcdbf5788,0cd90e99e9fac4120daa7ee0923e101f3ff8802d,持卡人消费,学苑楼商务网关,-9.0,65.62,3448,正常
2016/03/08 17:17:30,72713cee8951763a93682c360fd6b49fcdbf5788,0cd90e99e9fac4120daa7ee0923e101f3ff8802d,持卡人消费,学士楼商务网关,-8.0,57.62,3449,正常
2016/03/08 17:33:49,72713cee8951763a93682c360fd6b49fcdbf5788,0cd90e99e9fac4120daa7ee0923e101f3ff8802d,持卡人消费,超市商务子系统,-8.8,48.82,3450,正常
2016/03/09 11:41:07,72713cee8951763a93682c360fd6b49fcdbf5788,0cd90e99e9fac4120daa7ee0923e101f3ff8802d,持卡人消费,硕果园（工大商店）,-10.0,38.82,3451,正常
2016/03/10 11:16:20,72713cee8951763a93682c360fd6b49fcdbf5788,0cd90e99e9fac4120daa7ee0923e101f3ff8802d,持卡人消费,学苑楼商务网关,-9.0,29.82,3452,正常
2016/03/11 11:01:02,72713cee8951763a93682c360fd6b49fcdbf5788,0cd90e99e9fac4120daa7ee0923e101f3ff8802d,持卡人消费,学子楼商务网关,-9.6,20.22,3453,正常
2016/03/12 11:36:43,72713cee8951763a93682c360fd6b49fcdbf5788,0cd90e99e9fac4120daa7ee0923e101f3ff8802d,持卡人消费,学苑楼商务网关,-6.0,14.22,3454,正常
2016/03/12 20:35:16,72713cee8951763a93682c360fd6b49fcdbf5788,0cd90e99e9fac4120daa7ee0923e101f3ff8802d,持卡人消费,硕果园（工大商店）,-10.0,4.22,3455,正常
2016/03/14 14:54:22,72713cee8951763a93682c360fd6b49fcdbf5788,0cd90e99e9fac4120daa7ee0923e101f3ff8802d,持卡人消费,超市商务子系统,-8.8,176.42,3459,正常
2016/03/14 16:48:50,72713cee8951763a93682c360fd6b49fcdbf5788,0cd90e99e9fac4120daa7ee0923e101f3ff8802d,持卡人消费,学苑楼商务网关,-12.0,164.42,3460,正常
2016/03/14 19:51:59,72713cee8951763a93682c360fd6b49fcdbf5788,0cd90e99e9fac4120daa7ee0923e101f3ff8802d,持卡人消费,超市商务子系统,-8.8,155.62,3461,正常
2016/03/14 20:19:59,72713cee8951763a93682c360fd6b49fcdbf5788,0cd90e99e9fac4120daa7ee0923e101f3ff8802d,持卡人消费,一校区水控新,-1.95,153.67,3463,正常
2016/03/14 20:26:05,72713cee8951763a93682c360fd6b49fcdbf5788,0cd90e99e9fac4120daa7ee0923e101f3ff8802d,持卡人消费,一校区水控新,-0.86,152.81,3465,正常
2016/03/14 20:27:06,72713cee8951763a93682c360fd6b49fcdbf5788,0cd90e99e9fac4120daa7ee0923e101f3ff8802d,持卡人消费,一校区水控新,-0.08,152.73,3467,正常
2016/03/15 17:57:33,72713cee8951763a93682c360fd6b49fcdbf5788,0cd90e99e9fac4120daa7ee0923e101f3ff8802d,持卡人消费,学苑楼商务网关,-8.8,143.93,3468,正常
2016/03/16 11:47:17,72713cee8951763a93682c360fd6b49fcdbf5788,0cd90e99e9fac4120daa7ee0923e101f3ff8802d,持卡人消费,学苑楼商务网关,-8.0,135.93,3469,正常
2016/03/16 17:13:07,72713cee8951763a93682c360fd6b49fcdbf5788,0cd90e99e9fac4120daa7ee0923e101f3ff8802d,持卡人消费,学苑楼商务网关,-8.8,127.13,3470,正常
2016/03/23 10:52:36,72713cee8951763a93682c360fd6b49fcdbf5788,0cd90e99e9fac4120daa7ee0923e101f3ff8802d,持卡人消费,学苑楼商务网关,-8.8,118.33,3471,正常
2016/03/23 19:03:07,72713cee8951763a93682c360fd6b49fcdbf5788,0cd90e99e9fac4120daa7ee0923e101f3ff8802d,持卡人消费,硕果园（工大商店）,-10.0,108.33,3472,正常
2016/03/24 11:19:53,72713cee8951763a93682c360fd6b49fcdbf5788,0cd90e99e9fac4120daa7ee0923e101f3ff8802d,持卡人消费,学苑楼商务网关,-8.8,99.53,3473,正常
2016/03/24 16:59:49,72713cee8951763a93682c360fd6b49fcdbf5788,0cd90e99e9fac4120daa7ee0923e101f3ff8802d,持卡人消费,学子楼商务网关,-9.6,89.93,3474,正常
2016/03/24 17:24:45,72713cee8951763a93682c360fd6b49fcdbf5788,0cd90e99e9fac4120daa7ee0923e101f3ff8802d,持卡人消费,超市商务子系统,-8.8,81.13,3475,正常
2016/03/25 20:33:01,72713cee8951763a93682c360fd6b49fcdbf5788,0cd90e99e9fac4120daa7ee0923e101f3ff8802d,持卡人消费,硕果园（工大商店）,-20.0,61.13,3476,正常
2016/03/25 20:33:30,72713cee8951763a93682c360fd6b49fcdbf5788,0cd90e99e9fac4120daa7ee0923e101f3ff8802d,持卡人消费,硕果园（工大商店）,-5.0,56.13,3477,正常
2016/03/26 18:44:26,72713cee8951763a93682c360fd6b49fcdbf5788,0cd90e99e9fac4120daa7ee0923e101f3ff8802d,持卡人消费,硕果园（工大商店）,-10.0,46.13,3478,正常
2016/03/27 12:12:12,72713cee8951763a93682c360fd6b49fcdbf5788,0cd90e99e9fac4120daa7ee0923e101f3ff8802d,持卡人消费,学苑楼商务网关,-8.8,37.33,3479,正常
2016/03/27 18:40:56,72713cee8951763a93682c360fd6b49fcdbf5788,0cd90e99e9fac4120daa7ee0923e101f3ff8802d,持卡人消费,硕果园（工大商店）,-5.0,32.33,3480,正常
2016/03/28 11:32:38,72713cee8951763a93682c360fd6b49fcdbf5788,0cd90e99e9fac4120daa7ee0923e101f3ff8802d,持卡人消费,学苑楼商务网关,-8.8,23.53,3481,正常
2016/03/28 18:01:33,72713cee8951763a93682c360fd6b49fcdbf5788,0cd90e99e9fac4120daa7ee0923e101f3ff8802d,持卡人消费,学苑楼商务网关,-8.8,14.73,3482,正常
2016/03/30 11:38:46,72713cee8951763a93682c360fd6b49fcdbf5788,0cd90e99e9fac4120daa7ee0923e101f3ff8802d,持卡人消费,学苑楼商务网关,-9.0,5.73,3483,正常
2016/03/30 18:14:34,72713cee8951763a93682c360fd6b49fcdbf5788,0cd90e99e9fac4120daa7ee0923e101f3ff8802d,存款,学苑楼综合业务2,100.0,105.73,3484,正常
2016/03/30 18:16:25,72713cee8951763a93682c360fd6b49fcdbf5788,0cd90e99e9fac4120daa7ee0923e101f3ff8802d,持卡人消费,学苑楼商务网关,-8.0,97.73,3485,正常
2016/03/31 17:13:50,72713cee8951763a93682c360fd6b49fcdbf5788,0cd90e99e9fac4120daa7ee0923e101f3ff8802d,持卡人消费,学士楼商务网关,-7.3,90.43,3486,正常
2016/03/31 17:36:00,72713cee8951763a93682c360fd6b49fcdbf5788,0cd90e99e9fac4120daa7ee0923e101f3ff8802d,持卡人消费,超市商务子系统,-14.9,75.53,3487,正常
