交易发生时间,学号,姓名,交易类型,子系统名称,交易额,现有余额,次数,状态
2016/03/01 07:56:28,50fc1a504b0a6934b62dfefcdf9c82b7e82824be,0cd90e99e9fac4120daa7ee0923e101f3ff8802d,持卡人消费,学子便利店B07,-3.0,29.41,4964,正常
2016/03/01 10:55:41,50fc1a504b0a6934b62dfefcdf9c82b7e82824be,0cd90e99e9fac4120daa7ee0923e101f3ff8802d,持卡人消费,九食堂商务网关,-9.0,20.41,4965,正常
2016/03/01 16:41:09,50fc1a504b0a6934b62dfefcdf9c82b7e82824be,0cd90e99e9fac4120daa7ee0923e101f3ff8802d,持卡人消费,二区水控,-2.22,18.19,4967,正常
2016/03/01 16:32:15,50fc1a504b0a6934b62dfefcdf9c82b7e82824be,0cd90e99e9fac4120daa7ee0923e101f3ff8802d,存款,现金充值机,200.0,218.19,4968,正常
2016/03/01 16:58:56,50fc1a504b0a6934b62dfefcdf9c82b7e82824be,0cd90e99e9fac4120daa7ee0923e101f3ff8802d,持卡人消费,九食堂商务网关,-6.0,212.19,4969,正常
2016/03/01 16:59:34,50fc1a504b0a6934b62dfefcdf9c82b7e82824be,0cd90e99e9fac4120daa7ee0923e101f3ff8802d,持卡人消费,九食堂商务网关,-5.0,207.19,4970,正常
2016/03/02 17:02:27,50fc1a504b0a6934b62dfefcdf9c82b7e82824be,0cd90e99e9fac4120daa7ee0923e101f3ff8802d,持卡人消费,九食堂商务网关,-4.6,202.59,4971,正常
2016/03/03 07:53:08,50fc1a504b0a6934b62dfefcdf9c82b7e82824be,0cd90e99e9fac4120daa7ee0923e101f3ff8802d,持卡人消费,五食堂商务网关,-3.6,198.99,4972,正常
2016/03/03 11:14:50,50fc1a504b0a6934b62dfefcdf9c82b7e82824be,0cd90e99e9fac4120daa7ee0923e101f3ff8802d,持卡人消费,五食堂商务网关,-5.0,193.99,4973,正常
2016/03/03 14:16:51,50fc1a504b0a6934b62dfefcdf9c82b7e82824be,0cd90e99e9fac4120daa7ee0923e101f3ff8802d,持卡人消费,二区水控,-2.22,191.77,4975,正常
2016/03/03 16:54:26,50fc1a504b0a6934b62dfefcdf9c82b7e82824be,0cd90e99e9fac4120daa7ee0923e101f3ff8802d,持卡人消费,四食堂商务网关,-6.6,185.17,4976,正常
2016/03/04 07:35:13,50fc1a504b0a6934b62dfefcdf9c82b7e82824be,0cd90e99e9fac4120daa7ee0923e101f3ff8802d,持卡人消费,学子便利店B07,-4.8,180.37,4977,正常
2016/03/04 11:20:48,50fc1a504b0a6934b62dfefcdf9c82b7e82824be,0cd90e99e9fac4120daa7ee0923e101f3ff8802d,持卡人消费,九食堂商务网关,-9.0,171.37,4978,正常
2016/03/05 10:00:49,50fc1a504b0a6934b62dfefcdf9c82b7e82824be,0cd90e99e9fac4120daa7ee0923e101f3ff8802d,持卡人消费,学子便利店B07,-8.8,162.57,4979,正常
2016/03/05 13:25:10,50fc1a504b0a6934b62dfefcdf9c82b7e82824be,0cd90e99e9fac4120daa7ee0923e101f3ff8802d,持卡人消费,二区水控,-1.7,160.87,4981,正常
2016/03/05 17:02:58,50fc1a504b0a6934b62dfefcdf9c82b7e82824be,0cd90e99e9fac4120daa7ee0923e101f3ff8802d,持卡人消费,四食堂商务网关,-8.4,152.47,4982,正常
2016/03/05 17:03:21,50fc1a504b0a6934b62dfefcdf9c82b7e82824be,0cd90e99e9fac4120daa7ee0923e101f3ff8802d,持卡人消费,四食堂商务网关,-4.0,148.47,4983,正常
2016/03/06 07:56:46,50fc1a504b0a6934b62dfefcdf9c82b7e82824be,0cd90e99e9fac4120daa7ee0923e101f3ff8802d,持卡人消费,四食堂商务网关,-3.1,145.37,4984,正常
2016/03/06 07:58:03,50fc1a504b0a6934b62dfefcdf9c82b7e82824be,0cd90e99e9fac4120daa7ee0923e101f3ff8802d,持卡人消费,四食堂商务网关,-0.2,145.17,4985,正常
2016/03/06 11:34:57,50fc1a504b0a6934b62dfefcdf9c82b7e82824be,0cd90e99e9fac4120daa7ee0923e101f3ff8802d,持卡人消费,四食堂商务网关,-5.0,140.17,4986,正常
2016/03/06 17:25:49,50fc1a504b0a6934b62dfefcdf9c82b7e82824be,0cd90e99e9fac4120daa7ee0923e101f3ff8802d,持卡人消费,九食堂商务网关,-4.6,135.57,4987,正常
2016/03/07 08:17:11,50fc1a504b0a6934b62dfefcdf9c82b7e82824be,0cd90e99e9fac4120daa7ee0923e101f3ff8802d,持卡人消费,四食堂商务网关,-3.6,131.97,4988,正常
2016/03/07 11:26:55,50fc1a504b0a6934b62dfefcdf9c82b7e82824be,0cd90e99e9fac4120daa7ee0923e101f3ff8802d,持卡人消费,四食堂商务网关,-2.6,129.37,4989,正常
2016/03/08 09:56:22,50fc1a504b0a6934b62dfefcdf9c82b7e82824be,0cd90e99e9fac4120daa7ee0923e101f3ff8802d,持卡人消费,四食堂商务网关,-10.0,119.37,4990,正常
2016/03/08 17:03:33,50fc1a504b0a6934b62dfefcdf9c82b7e82824be,0cd90e99e9fac4120daa7ee0923e101f3ff8802d,持卡人消费,四食堂商务网关,-3.0,116.37,4991,正常
2016/03/08 17:04:58,50fc1a504b0a6934b62dfefcdf9c82b7e82824be,0cd90e99e9fac4120daa7ee0923e101f3ff8802d,持卡人消费,四食堂商务网关,-1.5,114.87,4992,正常
2016/03/09 08:44:38,50fc1a504b0a6934b62dfefcdf9c82b7e82824be,0cd90e99e9fac4120daa7ee0923e101f3ff8802d,持卡人消费,学子便利店B07,-5.5,109.37,4993,正常
2016/03/09 11:17:41,50fc1a504b0a6934b62dfefcdf9c82b7e82824be,0cd90e99e9fac4120daa7ee0923e101f3ff8802d,持卡人消费,九食堂商务网关,-7.0,102.37,4994,正常
2016/03/09 13:38:09,50fc1a504b0a6934b62dfefcdf9c82b7e82824be,0cd90e99e9fac4120daa7ee0923e101f3ff8802d,持卡人消费,二区水控,-1.82,100.55,4996,正常
2016/03/09 17:00:38,50fc1a504b0a6934b62dfefcdf9c82b7e82824be,0cd90e99e9fac4120daa7ee0923e101f3ff8802d,持卡人消费,九食堂商务网关,-6.1,94.45,4997,正常
2016/03/09 17:02:17,50fc1a504b0a6934b62dfefcdf9c82b7e82824be,0cd90e99e9fac4120daa7ee0923e101f3ff8802d,持卡人消费,九食堂商务网关,-2.7,91.75,4998,正常
2016/03/10 11:27:55,50fc1a504b0a6934b62dfefcdf9c82b7e82824be,0cd90e99e9fac4120daa7ee0923e101f3ff8802d,持卡人消费,九食堂商务网关,-3.6,88.15,4999,正常
2016/03/10 15:45:30,50fc1a504b0a6934b62dfefcdf9c82b7e82824be,0cd90e99e9fac4120daa7ee0923e101f3ff8802d,持卡人消费,四食堂商务网关,-6.6,81.55,5000,正常
2016/03/10 15:47:14,50fc1a504b0a6934b62dfefcdf9c82b7e82824be,0cd90e99e9fac4120daa7ee0923e101f3ff8802d,持卡人消费,四食堂商务网关,-3.0,78.55,5001,正常
2016/03/11 07:57:38,50fc1a504b0a6934b62dfefcdf9c82b7e82824be,0cd90e99e9fac4120daa7ee0923e101f3ff8802d,持卡人消费,四食堂商务网关,-4.1,74.45,5002,正常
2016/03/11 11:30:26,50fc1a504b0a6934b62dfefcdf9c82b7e82824be,0cd90e99e9fac4120daa7ee0923e101f3ff8802d,持卡人消费,四食堂商务网关,-3.6,70.85,5003,正常
2016/03/11 17:05:01,50fc1a504b0a6934b62dfefcdf9c82b7e82824be,0cd90e99e9fac4120daa7ee0923e101f3ff8802d,持卡人消费,五食堂商务网关,-13.0,57.85,5004,正常
2016/03/12 11:23:41,50fc1a504b0a6934b62dfefcdf9c82b7e82824be,0cd90e99e9fac4120daa7ee0923e101f3ff8802d,持卡人消费,九食堂商务网关,-9.0,48.85,5005,正常
2016/03/12 17:10:21,50fc1a504b0a6934b62dfefcdf9c82b7e82824be,0cd90e99e9fac4120daa7ee0923e101f3ff8802d,持卡人消费,四食堂商务网关,-1.5,47.35,5006,正常
2016/03/12 17:11:11,50fc1a504b0a6934b62dfefcdf9c82b7e82824be,0cd90e99e9fac4120daa7ee0923e101f3ff8802d,持卡人消费,四食堂商务网关,-0.4,46.95,5007,正常
2016/03/12 18:47:03,50fc1a504b0a6934b62dfefcdf9c82b7e82824be,0cd90e99e9fac4120daa7ee0923e101f3ff8802d,持卡人消费,二区水控,-2.41,44.54,5008,正常
2016/03/14 07:38:28,50fc1a504b0a6934b62dfefcdf9c82b7e82824be,0cd90e99e9fac4120daa7ee0923e101f3ff8802d,持卡人消费,四食堂商务网关,-2.6,209.94,5016,正常
2016/03/14 11:39:11,50fc1a504b0a6934b62dfefcdf9c82b7e82824be,0cd90e99e9fac4120daa7ee0923e101f3ff8802d,持卡人消费,四食堂商务网关,-2.1,207.84,5017,正常
2016/03/14 11:40:22,50fc1a504b0a6934b62dfefcdf9c82b7e82824be,0cd90e99e9fac4120daa7ee0923e101f3ff8802d,持卡人消费,四食堂商务网关,-2.5,205.34,5018,正常
2016/03/14 17:10:10,50fc1a504b0a6934b62dfefcdf9c82b7e82824be,0cd90e99e9fac4120daa7ee0923e101f3ff8802d,持卡人消费,四食堂商务网关,-2.0,203.34,5019,正常
2016/03/14 17:11:58,50fc1a504b0a6934b62dfefcdf9c82b7e82824be,0cd90e99e9fac4120daa7ee0923e101f3ff8802d,持卡人消费,四食堂商务网关,-6.0,197.34,5020,正常
2016/03/14 17:12:44,50fc1a504b0a6934b62dfefcdf9c82b7e82824be,0cd90e99e9fac4120daa7ee0923e101f3ff8802d,持卡人消费,四食堂商务网关,-0.7,196.64,5021,正常
2016/03/15 07:49:43,50fc1a504b0a6934b62dfefcdf9c82b7e82824be,0cd90e99e9fac4120daa7ee0923e101f3ff8802d,持卡人消费,五食堂商务网关,-2.6,194.04,5022,正常
2016/03/15 07:51:45,50fc1a504b0a6934b62dfefcdf9c82b7e82824be,0cd90e99e9fac4120daa7ee0923e101f3ff8802d,持卡人消费,五食堂商务网关,-0.2,193.84,5023,正常
2016/03/15 11:19:27,50fc1a504b0a6934b62dfefcdf9c82b7e82824be,0cd90e99e9fac4120daa7ee0923e101f3ff8802d,持卡人消费,四食堂商务网关,-3.1,190.74,5024,正常
2016/03/16 09:50:33,50fc1a504b0a6934b62dfefcdf9c82b7e82824be,0cd90e99e9fac4120daa7ee0923e101f3ff8802d,持卡人消费,四食堂商务网关,-10.0,180.74,5025,正常
2016/03/16 13:59:59,50fc1a504b0a6934b62dfefcdf9c82b7e82824be,0cd90e99e9fac4120daa7ee0923e101f3ff8802d,持卡人消费,二区水控,-3.0,177.74,5026,正常
2016/03/16 14:00:49,50fc1a504b0a6934b62dfefcdf9c82b7e82824be,0cd90e99e9fac4120daa7ee0923e101f3ff8802d,持卡人消费,二区水控,-0.05,177.69,5028,正常
2016/03/16 17:08:42,50fc1a504b0a6934b62dfefcdf9c82b7e82824be,0cd90e99e9fac4120daa7ee0923e101f3ff8802d,持卡人消费,四食堂商务网关,-6.6,171.09,5029,正常
2016/03/16 17:11:01,50fc1a504b0a6934b62dfefcdf9c82b7e82824be,0cd90e99e9fac4120daa7ee0923e101f3ff8802d,持卡人消费,四食堂商务网关,-4.0,167.09,5030,正常
2016/03/17 08:18:52,50fc1a504b0a6934b62dfefcdf9c82b7e82824be,0cd90e99e9fac4120daa7ee0923e101f3ff8802d,持卡人消费,九食堂商务网关,-2.4,164.69,5031,正常
2016/03/17 08:19:10,50fc1a504b0a6934b62dfefcdf9c82b7e82824be,0cd90e99e9fac4120daa7ee0923e101f3ff8802d,持卡人消费,九食堂商务网关,-2.0,162.69,5032,正常
2016/03/17 11:46:35,50fc1a504b0a6934b62dfefcdf9c82b7e82824be,0cd90e99e9fac4120daa7ee0923e101f3ff8802d,持卡人消费,四食堂商务网关,-5.0,157.69,5033,正常
2016/03/17 12:30:34,50fc1a504b0a6934b62dfefcdf9c82b7e82824be,0cd90e99e9fac4120daa7ee0923e101f3ff8802d,持卡人消费,网络中心,-30.0,127.69,5034,正常
2016/03/17 17:19:00,50fc1a504b0a6934b62dfefcdf9c82b7e82824be,0cd90e99e9fac4120daa7ee0923e101f3ff8802d,持卡人消费,九食堂商务网关,-9.0,118.69,5035,正常
2016/03/18 08:23:05,50fc1a504b0a6934b62dfefcdf9c82b7e82824be,0cd90e99e9fac4120daa7ee0923e101f3ff8802d,持卡人消费,四食堂商务网关,-4.4,114.29,5036,正常
2016/03/18 11:15:26,50fc1a504b0a6934b62dfefcdf9c82b7e82824be,0cd90e99e9fac4120daa7ee0923e101f3ff8802d,持卡人消费,九食堂商务网关,-8.0,106.29,5037,正常
2016/03/18 11:16:14,50fc1a504b0a6934b62dfefcdf9c82b7e82824be,0cd90e99e9fac4120daa7ee0923e101f3ff8802d,持卡人消费,九食堂商务网关,-14.0,92.29,5038,正常
2016/03/18 16:00:35,50fc1a504b0a6934b62dfefcdf9c82b7e82824be,0cd90e99e9fac4120daa7ee0923e101f3ff8802d,持卡人消费,二区水控,-2.58,89.71,5040,正常
2016/03/19 07:01:33,50fc1a504b0a6934b62dfefcdf9c82b7e82824be,0cd90e99e9fac4120daa7ee0923e101f3ff8802d,持卡人消费,九食堂商务网关,-4.4,85.31,5041,正常
2016/03/26 16:53:52,50fc1a504b0a6934b62dfefcdf9c82b7e82824be,0cd90e99e9fac4120daa7ee0923e101f3ff8802d,持卡人消费,二区水控,-1.84,83.47,5043,正常
2016/03/27 01:36:11,50fc1a504b0a6934b62dfefcdf9c82b7e82824be,0cd90e99e9fac4120daa7ee0923e101f3ff8802d,持卡人消费,网络中心,-30.0,53.47,5044,正常
2016/03/27 11:05:34,50fc1a504b0a6934b62dfefcdf9c82b7e82824be,0cd90e99e9fac4120daa7ee0923e101f3ff8802d,持卡人消费,九食堂商务网关,-10.0,43.47,5045,正常
2016/03/27 17:00:49,50fc1a504b0a6934b62dfefcdf9c82b7e82824be,0cd90e99e9fac4120daa7ee0923e101f3ff8802d,持卡人消费,二区水控,-1.66,41.81,5047,正常
2016/03/28 08:28:42,50fc1a504b0a6934b62dfefcdf9c82b7e82824be,0cd90e99e9fac4120daa7ee0923e101f3ff8802d,持卡人消费,四食堂商务网关,-2.6,39.21,5048,正常
2016/03/28 08:29:54,50fc1a504b0a6934b62dfefcdf9c82b7e82824be,0cd90e99e9fac4120daa7ee0923e101f3ff8802d,持卡人消费,四食堂商务网关,-1.0,38.21,5049,正常
2016/03/28 11:15:04,50fc1a504b0a6934b62dfefcdf9c82b7e82824be,0cd90e99e9fac4120daa7ee0923e101f3ff8802d,持卡人消费,九食堂商务网关,-9.0,29.21,5050,正常
2016/03/28 17:19:37,50fc1a504b0a6934b62dfefcdf9c82b7e82824be,0cd90e99e9fac4120daa7ee0923e101f3ff8802d,持卡人消费,九食堂商务网关,-6.0,23.21,5051,正常
2016/03/29 08:26:03,50fc1a504b0a6934b62dfefcdf9c82b7e82824be,0cd90e99e9fac4120daa7ee0923e101f3ff8802d,存款,现金充值机,200.0,223.21,5052,正常
2016/03/29 08:28:18,50fc1a504b0a6934b62dfefcdf9c82b7e82824be,0cd90e99e9fac4120daa7ee0923e101f3ff8802d,持卡人消费,四食堂商务网关,-3.6,219.61,5053,正常
2016/03/29 08:29:05,50fc1a504b0a6934b62dfefcdf9c82b7e82824be,0cd90e99e9fac4120daa7ee0923e101f3ff8802d,持卡人消费,四食堂商务网关,-0.2,219.41,5054,正常
2016/03/29 11:21:03,50fc1a504b0a6934b62dfefcdf9c82b7e82824be,0cd90e99e9fac4120daa7ee0923e101f3ff8802d,持卡人消费,四食堂商务网关,-5.0,214.41,5055,正常
2016/03/29 17:24:00,50fc1a504b0a6934b62dfefcdf9c82b7e82824be,0cd90e99e9fac4120daa7ee0923e101f3ff8802d,持卡人消费,九食堂商务网关,-1.8,212.61,5056,正常
2016/03/29 17:24:32,50fc1a504b0a6934b62dfefcdf9c82b7e82824be,0cd90e99e9fac4120daa7ee0923e101f3ff8802d,持卡人消费,九食堂商务网关,-5.0,207.61,5057,正常
2016/03/29 18:09:54,50fc1a504b0a6934b62dfefcdf9c82b7e82824be,0cd90e99e9fac4120daa7ee0923e101f3ff8802d,持卡人消费,二区水控,-2.02,205.59,5059,正常
2016/03/30 07:20:56,50fc1a504b0a6934b62dfefcdf9c82b7e82824be,0cd90e99e9fac4120daa7ee0923e101f3ff8802d,持卡人消费,四食堂商务网关,-3.2,202.39,5060,正常
2016/03/30 07:21:51,50fc1a504b0a6934b62dfefcdf9c82b7e82824be,0cd90e99e9fac4120daa7ee0923e101f3ff8802d,持卡人消费,四食堂商务网关,-0.2,202.19,5061,正常
2016/03/30 07:32:29,50fc1a504b0a6934b62dfefcdf9c82b7e82824be,0cd90e99e9fac4120daa7ee0923e101f3ff8802d,持卡人消费,四食堂商务网关,-1.8,200.39,5062,正常
2016/03/30 11:02:35,50fc1a504b0a6934b62dfefcdf9c82b7e82824be,0cd90e99e9fac4120daa7ee0923e101f3ff8802d,持卡人消费,九食堂商务网关,-12.0,188.39,5063,正常
2016/03/30 16:42:14,50fc1a504b0a6934b62dfefcdf9c82b7e82824be,0cd90e99e9fac4120daa7ee0923e101f3ff8802d,持卡人消费,硕果园（工大商店）,-6.0,182.39,5064,正常
2016/03/31 07:50:52,50fc1a504b0a6934b62dfefcdf9c82b7e82824be,0cd90e99e9fac4120daa7ee0923e101f3ff8802d,持卡人消费,九食堂商务网关,-2.6,179.79,5065,正常
2016/03/31 07:51:23,50fc1a504b0a6934b62dfefcdf9c82b7e82824be,0cd90e99e9fac4120daa7ee0923e101f3ff8802d,持卡人消费,九食堂商务网关,-0.4,179.39,5066,正常
2016/03/31 11:35:08,50fc1a504b0a6934b62dfefcdf9c82b7e82824be,0cd90e99e9fac4120daa7ee0923e101f3ff8802d,持卡人消费,九食堂商务网关,-7.0,172.39,5067,正常
2016/03/31 11:36:41,50fc1a504b0a6934b62dfefcdf9c82b7e82824be,0cd90e99e9fac4120daa7ee0923e101f3ff8802d,持卡人消费,九食堂商务网关,-0.8,171.59,5068,正常
2016/03/31 17:49:14,50fc1a504b0a6934b62dfefcdf9c82b7e82824be,0cd90e99e9fac4120daa7ee0923e101f3ff8802d,持卡人消费,九食堂商务网关,-5.5,166.09,5069,正常
2016/03/31 20:22:46,50fc1a504b0a6934b62dfefcdf9c82b7e82824be,0cd90e99e9fac4120daa7ee0923e101f3ff8802d,持卡人消费,二区水控,-2.19,163.90,5071,正常
