交易发生时间,学号,姓名,交易类型,子系统名称,交易额,现有余额,次数,状态
2016/03/01 20:17:19,26bdbdbb83ae9714e121d15ca57865045710b02d,0cdbcdc9befb5233a46343be1ad40683346f1fd9,持卡人消费,学子超市A05,-5.7,16.00,4293,正常
2016/03/01 20:47:29,26bdbdbb83ae9714e121d15ca57865045710b02d,0cdbcdc9befb5233a46343be1ad40683346f1fd9,持卡人消费,土木楼水控,-3.0,13.00,4294,正常
2016/03/01 20:48:03,26bdbdbb83ae9714e121d15ca57865045710b02d,0cdbcdc9befb5233a46343be1ad40683346f1fd9,持卡人消费,土木楼水控,-0.09,12.91,4296,正常
2016/03/02 19:21:36,26bdbdbb83ae9714e121d15ca57865045710b02d,0cdbcdc9befb5233a46343be1ad40683346f1fd9,持卡人消费,土木楼水控,-0.73,12.18,4298,正常
2016/03/03 16:28:01,26bdbdbb83ae9714e121d15ca57865045710b02d,0cdbcdc9befb5233a46343be1ad40683346f1fd9,持卡人消费,学子超市A05,-1.6,10.58,4299,正常
2016/03/03 19:30:21,26bdbdbb83ae9714e121d15ca57865045710b02d,0cdbcdc9befb5233a46343be1ad40683346f1fd9,持卡人消费,A5,-3.0,7.58,4300,正常
2016/03/04 16:25:53,26bdbdbb83ae9714e121d15ca57865045710b02d,0cdbcdc9befb5233a46343be1ad40683346f1fd9,持卡人消费,学子超市A05,-2.9,4.68,4301,正常
2016/03/04 16:42:42,26bdbdbb83ae9714e121d15ca57865045710b02d,0cdbcdc9befb5233a46343be1ad40683346f1fd9,持卡人消费,土木楼水控,-0.82,3.86,4303,正常
2016/03/04 20:30:16,26bdbdbb83ae9714e121d15ca57865045710b02d,0cdbcdc9befb5233a46343be1ad40683346f1fd9,持卡人消费,土木楼水控,-2.11,1.75,4305,正常
2016/03/16 17:04:38,26bdbdbb83ae9714e121d15ca57865045710b02d,0cdbcdc9befb5233a46343be1ad40683346f1fd9,存款,现金充值机,100.0,101.75,4306,正常
2016/03/16 17:18:51,26bdbdbb83ae9714e121d15ca57865045710b02d,0cdbcdc9befb5233a46343be1ad40683346f1fd9,持卡人消费,土木楼网关,-6.0,95.75,4307,正常
2016/03/16 18:32:07,26bdbdbb83ae9714e121d15ca57865045710b02d,0cdbcdc9befb5233a46343be1ad40683346f1fd9,持卡人消费,学子超市A05,-2.0,93.75,4308,正常
2016/03/17 18:21:17,26bdbdbb83ae9714e121d15ca57865045710b02d,0cdbcdc9befb5233a46343be1ad40683346f1fd9,持卡人消费,学子超市A05,-11.7,82.05,4309,正常
2016/03/17 18:21:54,26bdbdbb83ae9714e121d15ca57865045710b02d,0cdbcdc9befb5233a46343be1ad40683346f1fd9,持卡人消费,A5,-3.0,79.05,4310,正常
2016/03/18 14:39:23,26bdbdbb83ae9714e121d15ca57865045710b02d,0cdbcdc9befb5233a46343be1ad40683346f1fd9,持卡人消费,土木楼水控,-2.94,76.11,4312,正常
2016/03/19 14:47:00,26bdbdbb83ae9714e121d15ca57865045710b02d,0cdbcdc9befb5233a46343be1ad40683346f1fd9,持卡人消费,学子超市A05,-1.7,74.41,4313,正常
2016/03/19 16:14:39,26bdbdbb83ae9714e121d15ca57865045710b02d,0cdbcdc9befb5233a46343be1ad40683346f1fd9,持卡人消费,学子超市A05,-6.9,67.51,4314,正常
2016/03/19 18:37:31,26bdbdbb83ae9714e121d15ca57865045710b02d,0cdbcdc9befb5233a46343be1ad40683346f1fd9,持卡人消费,学子超市A05,-2.2,65.31,4315,正常
2016/03/20 15:23:01,26bdbdbb83ae9714e121d15ca57865045710b02d,0cdbcdc9befb5233a46343be1ad40683346f1fd9,持卡人消费,土木楼水控,-2.62,62.69,4317,正常
2016/03/21 11:31:55,26bdbdbb83ae9714e121d15ca57865045710b02d,0cdbcdc9befb5233a46343be1ad40683346f1fd9,持卡人消费,学子超市A05,-2.0,60.69,4318,正常
2016/03/21 19:09:59,26bdbdbb83ae9714e121d15ca57865045710b02d,0cdbcdc9befb5233a46343be1ad40683346f1fd9,持卡人消费,学子超市A05,-0.7,59.99,4319,正常
2016/03/23 18:43:06,26bdbdbb83ae9714e121d15ca57865045710b02d,0cdbcdc9befb5233a46343be1ad40683346f1fd9,持卡人消费,土木楼水控,-0.02,59.97,4321,正常
2016/03/23 18:56:32,26bdbdbb83ae9714e121d15ca57865045710b02d,0cdbcdc9befb5233a46343be1ad40683346f1fd9,持卡人消费,土木楼水控,-2.7,57.27,4323,正常
2016/03/23 19:46:10,26bdbdbb83ae9714e121d15ca57865045710b02d,0cdbcdc9befb5233a46343be1ad40683346f1fd9,持卡人消费,学子超市A05,-4.6,52.67,4324,正常
2016/03/25 14:40:21,26bdbdbb83ae9714e121d15ca57865045710b02d,0cdbcdc9befb5233a46343be1ad40683346f1fd9,持卡人消费,A5,-3.0,49.67,4325,正常
2016/03/26 15:19:11,26bdbdbb83ae9714e121d15ca57865045710b02d,0cdbcdc9befb5233a46343be1ad40683346f1fd9,持卡人消费,学子超市A05,-7.5,42.17,4326,正常
2016/03/26 17:21:45,26bdbdbb83ae9714e121d15ca57865045710b02d,0cdbcdc9befb5233a46343be1ad40683346f1fd9,持卡人消费,土木楼水控,-1.14,38.03,4329,正常
2016/03/26 17:26:28,26bdbdbb83ae9714e121d15ca57865045710b02d,0cdbcdc9befb5233a46343be1ad40683346f1fd9,持卡人消费,土木楼水控,-2.16,38.87,4330,正常
2016/03/28 18:07:35,26bdbdbb83ae9714e121d15ca57865045710b02d,0cdbcdc9befb5233a46343be1ad40683346f1fd9,持卡人消费,土木楼水控,-3.0,35.87,4331,正常
2016/03/28 17:54:17,26bdbdbb83ae9714e121d15ca57865045710b02d,0cdbcdc9befb5233a46343be1ad40683346f1fd9,持卡人消费,土木楼水控,-3.0,32.87,4332,正常
2016/03/28 17:54:33,26bdbdbb83ae9714e121d15ca57865045710b02d,0cdbcdc9befb5233a46343be1ad40683346f1fd9,持卡人消费,土木楼水控,-0.01,32.86,4333,正常
2016/03/28 17:55:20,26bdbdbb83ae9714e121d15ca57865045710b02d,0cdbcdc9befb5233a46343be1ad40683346f1fd9,持卡人消费,土木楼水控,-3.0,29.86,4334,正常
2016/03/28 18:05:24,26bdbdbb83ae9714e121d15ca57865045710b02d,0cdbcdc9befb5233a46343be1ad40683346f1fd9,持卡人消费,土木楼水控,-3.0,26.86,4335,正常
2016/03/29 13:24:29,26bdbdbb83ae9714e121d15ca57865045710b02d,0cdbcdc9befb5233a46343be1ad40683346f1fd9,持卡人消费,土木楼水控,-1.7,25.16,4337,正常
2016/03/30 14:28:54,26bdbdbb83ae9714e121d15ca57865045710b02d,0cdbcdc9befb5233a46343be1ad40683346f1fd9,持卡人消费,学子超市A05,-0.4,24.76,4338,正常
2016/03/30 17:12:18,26bdbdbb83ae9714e121d15ca57865045710b02d,0cdbcdc9befb5233a46343be1ad40683346f1fd9,持卡人消费,土木楼水控,-1.39,23.37,4340,正常
2016/03/30 17:36:43,26bdbdbb83ae9714e121d15ca57865045710b02d,0cdbcdc9befb5233a46343be1ad40683346f1fd9,持卡人消费,土木楼水控,-1.16,22.21,4342,正常
2016/03/30 17:41:02,26bdbdbb83ae9714e121d15ca57865045710b02d,0cdbcdc9befb5233a46343be1ad40683346f1fd9,持卡人消费,A5,-3.0,19.21,4343,正常
2016/03/31 17:15:35,26bdbdbb83ae9714e121d15ca57865045710b02d,0cdbcdc9befb5233a46343be1ad40683346f1fd9,持卡人消费,学子超市A05,-2.6,16.61,4344,正常
2016/03/31 17:29:41,26bdbdbb83ae9714e121d15ca57865045710b02d,0cdbcdc9befb5233a46343be1ad40683346f1fd9,持卡人消费,土木楼水控,-3.0,13.61,4345,正常
2016/03/31 17:21:51,26bdbdbb83ae9714e121d15ca57865045710b02d,0cdbcdc9befb5233a46343be1ad40683346f1fd9,持卡人消费,土木楼水控,-0.02,13.59,4347,正常
2016/03/31 17:29:56,26bdbdbb83ae9714e121d15ca57865045710b02d,0cdbcdc9befb5233a46343be1ad40683346f1fd9,持卡人消费,土木楼水控,-3.0,10.59,4348,正常
2016/03/31 17:30:35,26bdbdbb83ae9714e121d15ca57865045710b02d,0cdbcdc9befb5233a46343be1ad40683346f1fd9,持卡人消费,土木楼水控,-3.0,7.59,4349,正常
2016/03/31 17:22:18,26bdbdbb83ae9714e121d15ca57865045710b02d,0cdbcdc9befb5233a46343be1ad40683346f1fd9,持卡人消费,土木楼水控,-0.02,7.57,4351,正常
2016/03/31 17:22:24,26bdbdbb83ae9714e121d15ca57865045710b02d,0cdbcdc9befb5233a46343be1ad40683346f1fd9,持卡人消费,土木楼水控,-0.01,7.56,4352,正常
2016/03/31 17:32:15,26bdbdbb83ae9714e121d15ca57865045710b02d,0cdbcdc9befb5233a46343be1ad40683346f1fd9,持卡人消费,土木楼水控,-1.95,5.61,4353,正常
2016/03/31 17:39:44,26bdbdbb83ae9714e121d15ca57865045710b02d,0cdbcdc9befb5233a46343be1ad40683346f1fd9,持卡人消费,学子超市A05,-4.4,1.21,4354,正常
