交易发生时间,学号,姓名,交易类型,子系统名称,交易额,现有余额,次数,状态
2016/03/02 07:56:33,4dada30becd78a3d2eaf45cf706aecaaa6f1d489,0d5d9325861482a747ff48d24f02c9e6bf0459a0,持卡人消费,土木楼网关,-3.7,22.95,2468,正常
2016/03/03 11:33:29,4dada30becd78a3d2eaf45cf706aecaaa6f1d489,0d5d9325861482a747ff48d24f02c9e6bf0459a0,持卡人消费,土木楼网关,-11.0,11.95,2469,正常
2016/03/03 11:34:19,4dada30becd78a3d2eaf45cf706aecaaa6f1d489,0d5d9325861482a747ff48d24f02c9e6bf0459a0,持卡人消费,土木楼网关,-0.9,11.05,2470,正常
2016/03/03 11:42:48,4dada30becd78a3d2eaf45cf706aecaaa6f1d489,0d5d9325861482a747ff48d24f02c9e6bf0459a0,银行转帐,转账前置机,50.0,11.05,2470,正常
2016/03/03 12:14:03,4dada30becd78a3d2eaf45cf706aecaaa6f1d489,0d5d9325861482a747ff48d24f02c9e6bf0459a0,持卡人消费,A5,-6.0,5.05,2471,正常
2016/03/04 07:44:29,4dada30becd78a3d2eaf45cf706aecaaa6f1d489,0d5d9325861482a747ff48d24f02c9e6bf0459a0,持卡人消费,土木楼网关,-3.9,51.15,2473,正常
2016/03/04 11:48:46,4dada30becd78a3d2eaf45cf706aecaaa6f1d489,0d5d9325861482a747ff48d24f02c9e6bf0459a0,持卡人消费,土木楼网关,-6.6,44.55,2474,正常
2016/03/04 11:49:48,4dada30becd78a3d2eaf45cf706aecaaa6f1d489,0d5d9325861482a747ff48d24f02c9e6bf0459a0,持卡人消费,土木楼网关,-2.5,42.05,2475,正常
2016/03/04 12:26:54,4dada30becd78a3d2eaf45cf706aecaaa6f1d489,0d5d9325861482a747ff48d24f02c9e6bf0459a0,持卡人消费,土木楼水控,-0.66,41.39,2477,正常
2016/03/04 12:30:24,4dada30becd78a3d2eaf45cf706aecaaa6f1d489,0d5d9325861482a747ff48d24f02c9e6bf0459a0,持卡人消费,土木楼水控,-0.31,41.08,2479,正常
2016/03/04 12:34:32,4dada30becd78a3d2eaf45cf706aecaaa6f1d489,0d5d9325861482a747ff48d24f02c9e6bf0459a0,持卡人消费,土木楼水控,-0.24,40.84,2481,正常
2016/03/04 12:37:05,4dada30becd78a3d2eaf45cf706aecaaa6f1d489,0d5d9325861482a747ff48d24f02c9e6bf0459a0,持卡人消费,土木楼水控,-0.15,40.69,2483,正常
2016/03/04 17:42:22,4dada30becd78a3d2eaf45cf706aecaaa6f1d489,0d5d9325861482a747ff48d24f02c9e6bf0459a0,持卡人消费,土木楼网关,-3.6,37.09,2484,正常
2016/03/04 17:42:58,4dada30becd78a3d2eaf45cf706aecaaa6f1d489,0d5d9325861482a747ff48d24f02c9e6bf0459a0,持卡人消费,土木楼网关,-2.0,35.09,2485,正常
2016/03/04 17:59:35,4dada30becd78a3d2eaf45cf706aecaaa6f1d489,0d5d9325861482a747ff48d24f02c9e6bf0459a0,持卡人消费,学子超市A05,-4.5,30.59,2486,正常
2016/03/05 08:14:58,4dada30becd78a3d2eaf45cf706aecaaa6f1d489,0d5d9325861482a747ff48d24f02c9e6bf0459a0,持卡人消费,土木楼网关,-4.1,26.49,2487,正常
2016/03/05 11:42:05,4dada30becd78a3d2eaf45cf706aecaaa6f1d489,0d5d9325861482a747ff48d24f02c9e6bf0459a0,持卡人消费,土木楼网关,-2.1,24.39,2488,正常
2016/03/05 11:42:46,4dada30becd78a3d2eaf45cf706aecaaa6f1d489,0d5d9325861482a747ff48d24f02c9e6bf0459a0,持卡人消费,土木楼网关,-4.5,19.89,2489,正常
2016/03/05 11:53:40,4dada30becd78a3d2eaf45cf706aecaaa6f1d489,0d5d9325861482a747ff48d24f02c9e6bf0459a0,银行转帐,转账前置机,50.0,19.89,2489,正常
2016/03/05 11:57:01,4dada30becd78a3d2eaf45cf706aecaaa6f1d489,0d5d9325861482a747ff48d24f02c9e6bf0459a0,持卡人消费,A5,-3.0,16.89,2490,正常
2016/03/05 19:58:21,4dada30becd78a3d2eaf45cf706aecaaa6f1d489,0d5d9325861482a747ff48d24f02c9e6bf0459a0,持卡人消费,学子超市A05,-8.5,8.39,2491,正常
2016/03/06 07:38:29,4dada30becd78a3d2eaf45cf706aecaaa6f1d489,0d5d9325861482a747ff48d24f02c9e6bf0459a0,持卡人消费,土木楼网关,-3.9,54.49,2493,正常
2016/03/06 17:42:05,4dada30becd78a3d2eaf45cf706aecaaa6f1d489,0d5d9325861482a747ff48d24f02c9e6bf0459a0,持卡人消费,土木楼网关,-5.0,49.49,2494,正常
2016/03/07 07:26:11,4dada30becd78a3d2eaf45cf706aecaaa6f1d489,0d5d9325861482a747ff48d24f02c9e6bf0459a0,持卡人消费,土木楼网关,-2.2,47.29,2495,正常
2016/03/07 07:26:31,4dada30becd78a3d2eaf45cf706aecaaa6f1d489,0d5d9325861482a747ff48d24f02c9e6bf0459a0,持卡人消费,土木楼网关,-0.6,46.69,2496,正常
2016/03/07 11:47:27,4dada30becd78a3d2eaf45cf706aecaaa6f1d489,0d5d9325861482a747ff48d24f02c9e6bf0459a0,持卡人消费,土木楼网关,-8.1,38.59,2497,正常
2016/03/07 16:37:15,4dada30becd78a3d2eaf45cf706aecaaa6f1d489,0d5d9325861482a747ff48d24f02c9e6bf0459a0,持卡人消费,土木楼网关,-8.1,30.49,2498,正常
2016/03/08 07:11:07,4dada30becd78a3d2eaf45cf706aecaaa6f1d489,0d5d9325861482a747ff48d24f02c9e6bf0459a0,持卡人消费,土木楼网关,-2.4,28.09,2499,正常
2016/03/08 07:11:18,4dada30becd78a3d2eaf45cf706aecaaa6f1d489,0d5d9325861482a747ff48d24f02c9e6bf0459a0,持卡人消费,土木楼网关,-0.6,27.49,2500,正常
2016/03/08 11:42:26,4dada30becd78a3d2eaf45cf706aecaaa6f1d489,0d5d9325861482a747ff48d24f02c9e6bf0459a0,持卡人消费,土木楼网关,-3.6,23.89,2501,正常
2016/03/08 11:45:08,4dada30becd78a3d2eaf45cf706aecaaa6f1d489,0d5d9325861482a747ff48d24f02c9e6bf0459a0,持卡人消费,土木楼网关,-2.5,21.39,2502,正常
2016/03/08 12:22:17,4dada30becd78a3d2eaf45cf706aecaaa6f1d489,0d5d9325861482a747ff48d24f02c9e6bf0459a0,持卡人消费,土木楼水控,-0.85,20.54,2504,正常
2016/03/08 12:25:54,4dada30becd78a3d2eaf45cf706aecaaa6f1d489,0d5d9325861482a747ff48d24f02c9e6bf0459a0,持卡人消费,土木楼水控,-0.22,20.32,2506,正常
2016/03/08 12:29:27,4dada30becd78a3d2eaf45cf706aecaaa6f1d489,0d5d9325861482a747ff48d24f02c9e6bf0459a0,持卡人消费,土木楼水控,-0.27,20.05,2508,正常
2016/03/08 12:53:11,4dada30becd78a3d2eaf45cf706aecaaa6f1d489,0d5d9325861482a747ff48d24f02c9e6bf0459a0,持卡人消费,A5,-6.0,14.05,2509,正常
2016/03/08 13:00:02,4dada30becd78a3d2eaf45cf706aecaaa6f1d489,0d5d9325861482a747ff48d24f02c9e6bf0459a0,银行转帐,转账前置机,50.0,14.05,2509,正常
2016/03/09 06:58:25,4dada30becd78a3d2eaf45cf706aecaaa6f1d489,0d5d9325861482a747ff48d24f02c9e6bf0459a0,持卡人消费,土木楼网关,-2.2,61.85,2511,正常
2016/03/09 06:58:43,4dada30becd78a3d2eaf45cf706aecaaa6f1d489,0d5d9325861482a747ff48d24f02c9e6bf0459a0,持卡人消费,土木楼网关,-1.0,60.85,2512,正常
2016/03/09 11:38:33,4dada30becd78a3d2eaf45cf706aecaaa6f1d489,0d5d9325861482a747ff48d24f02c9e6bf0459a0,持卡人消费,土木楼网关,-4.9,55.95,2513,正常
2016/03/09 11:39:40,4dada30becd78a3d2eaf45cf706aecaaa6f1d489,0d5d9325861482a747ff48d24f02c9e6bf0459a0,持卡人消费,土木楼网关,-3.0,52.95,2514,正常
2016/03/09 17:48:51,4dada30becd78a3d2eaf45cf706aecaaa6f1d489,0d5d9325861482a747ff48d24f02c9e6bf0459a0,持卡人消费,土木楼网关,-11.9,41.05,2515,正常
2016/03/10 06:42:13,4dada30becd78a3d2eaf45cf706aecaaa6f1d489,0d5d9325861482a747ff48d24f02c9e6bf0459a0,持卡人消费,土木楼网关,-2.0,39.05,2516,正常
2016/03/10 11:43:42,4dada30becd78a3d2eaf45cf706aecaaa6f1d489,0d5d9325861482a747ff48d24f02c9e6bf0459a0,持卡人消费,土木楼网关,-2.1,36.95,2517,正常
2016/03/10 11:45:07,4dada30becd78a3d2eaf45cf706aecaaa6f1d489,0d5d9325861482a747ff48d24f02c9e6bf0459a0,持卡人消费,土木楼网关,-10.0,26.95,2518,正常
2016/03/11 06:59:26,4dada30becd78a3d2eaf45cf706aecaaa6f1d489,0d5d9325861482a747ff48d24f02c9e6bf0459a0,持卡人消费,土木楼网关,-2.8,24.15,2519,正常
2016/03/11 11:39:55,4dada30becd78a3d2eaf45cf706aecaaa6f1d489,0d5d9325861482a747ff48d24f02c9e6bf0459a0,持卡人消费,土木楼网关,-4.0,20.15,2520,正常
2016/03/11 11:43:26,4dada30becd78a3d2eaf45cf706aecaaa6f1d489,0d5d9325861482a747ff48d24f02c9e6bf0459a0,持卡人消费,土木楼网关,-2.1,18.05,2521,正常
2016/03/11 11:56:19,4dada30becd78a3d2eaf45cf706aecaaa6f1d489,0d5d9325861482a747ff48d24f02c9e6bf0459a0,银行转帐,转账前置机,50.0,18.05,2521,正常
2016/03/12 07:12:20,4dada30becd78a3d2eaf45cf706aecaaa6f1d489,0d5d9325861482a747ff48d24f02c9e6bf0459a0,持卡人消费,土木楼网关,-5.2,62.85,2523,正常
2016/03/12 11:34:26,4dada30becd78a3d2eaf45cf706aecaaa6f1d489,0d5d9325861482a747ff48d24f02c9e6bf0459a0,持卡人消费,土木楼网关,-2.1,60.75,2524,正常
2016/03/12 11:36:58,4dada30becd78a3d2eaf45cf706aecaaa6f1d489,0d5d9325861482a747ff48d24f02c9e6bf0459a0,持卡人消费,土木楼网关,-0.8,59.95,2525,正常
2016/03/12 11:37:16,4dada30becd78a3d2eaf45cf706aecaaa6f1d489,0d5d9325861482a747ff48d24f02c9e6bf0459a0,持卡人消费,土木楼网关,-6.0,53.95,2526,正常
2016/03/12 12:20:58,4dada30becd78a3d2eaf45cf706aecaaa6f1d489,0d5d9325861482a747ff48d24f02c9e6bf0459a0,持卡人消费,土木楼水控,-1.05,52.90,2528,正常
2016/03/12 12:27:50,4dada30becd78a3d2eaf45cf706aecaaa6f1d489,0d5d9325861482a747ff48d24f02c9e6bf0459a0,持卡人消费,土木楼水控,-0.51,52.39,2530,正常
2016/03/12 13:09:15,4dada30becd78a3d2eaf45cf706aecaaa6f1d489,0d5d9325861482a747ff48d24f02c9e6bf0459a0,持卡人消费,A5,-3.0,49.39,2531,正常
2016/03/12 13:53:01,4dada30becd78a3d2eaf45cf706aecaaa6f1d489,0d5d9325861482a747ff48d24f02c9e6bf0459a0,持卡人消费,A5,-3.0,46.39,2532,正常
2016/03/14 06:55:51,4dada30becd78a3d2eaf45cf706aecaaa6f1d489,0d5d9325861482a747ff48d24f02c9e6bf0459a0,持卡人消费,土木楼网关,-2.2,40.89,2534,正常
2016/03/14 06:56:21,4dada30becd78a3d2eaf45cf706aecaaa6f1d489,0d5d9325861482a747ff48d24f02c9e6bf0459a0,持卡人消费,土木楼网关,-0.5,40.39,2535,正常
2016/03/14 18:49:53,4dada30becd78a3d2eaf45cf706aecaaa6f1d489,0d5d9325861482a747ff48d24f02c9e6bf0459a0,持卡人消费,超市商务子系统,-2.9,37.49,2536,正常
2016/03/14 18:51:11,4dada30becd78a3d2eaf45cf706aecaaa6f1d489,0d5d9325861482a747ff48d24f02c9e6bf0459a0,持卡人消费,超市商务子系统,-0.2,37.29,2537,正常
2016/03/14 18:59:14,4dada30becd78a3d2eaf45cf706aecaaa6f1d489,0d5d9325861482a747ff48d24f02c9e6bf0459a0,持卡人消费,硕果园（工大商店）,-15.0,22.29,2538,正常
2016/03/15 07:25:00,4dada30becd78a3d2eaf45cf706aecaaa6f1d489,0d5d9325861482a747ff48d24f02c9e6bf0459a0,持卡人消费,土木楼网关,-1.9,20.39,2539,正常
2016/03/15 07:25:14,4dada30becd78a3d2eaf45cf706aecaaa6f1d489,0d5d9325861482a747ff48d24f02c9e6bf0459a0,持卡人消费,土木楼网关,-0.3,20.09,2540,正常
2016/03/15 11:42:43,4dada30becd78a3d2eaf45cf706aecaaa6f1d489,0d5d9325861482a747ff48d24f02c9e6bf0459a0,持卡人消费,土木楼网关,-12.0,8.09,2541,正常
2016/03/15 11:43:30,4dada30becd78a3d2eaf45cf706aecaaa6f1d489,0d5d9325861482a747ff48d24f02c9e6bf0459a0,持卡人消费,土木楼网关,-2.1,5.99,2542,正常
2016/03/15 11:54:17,4dada30becd78a3d2eaf45cf706aecaaa6f1d489,0d5d9325861482a747ff48d24f02c9e6bf0459a0,银行转帐,转账前置机,50.0,5.99,2542,正常
2016/03/16 06:54:05,4dada30becd78a3d2eaf45cf706aecaaa6f1d489,0d5d9325861482a747ff48d24f02c9e6bf0459a0,持卡人消费,土木楼网关,-2.2,53.79,2544,正常
2016/03/16 17:28:22,4dada30becd78a3d2eaf45cf706aecaaa6f1d489,0d5d9325861482a747ff48d24f02c9e6bf0459a0,持卡人消费,土木楼网关,-10.6,43.19,2545,正常
2016/03/16 17:28:51,4dada30becd78a3d2eaf45cf706aecaaa6f1d489,0d5d9325861482a747ff48d24f02c9e6bf0459a0,持卡人消费,土木楼网关,-2.0,41.19,2546,正常
2016/03/16 18:35:30,4dada30becd78a3d2eaf45cf706aecaaa6f1d489,0d5d9325861482a747ff48d24f02c9e6bf0459a0,持卡人消费,土木楼水控,-1.48,39.71,2548,正常
2016/03/16 18:41:47,4dada30becd78a3d2eaf45cf706aecaaa6f1d489,0d5d9325861482a747ff48d24f02c9e6bf0459a0,持卡人消费,土木楼水控,-0.56,39.15,2550,正常
2016/03/16 18:42:36,4dada30becd78a3d2eaf45cf706aecaaa6f1d489,0d5d9325861482a747ff48d24f02c9e6bf0459a0,持卡人消费,土木楼水控,-0.02,39.13,2552,正常
2016/03/17 06:49:46,4dada30becd78a3d2eaf45cf706aecaaa6f1d489,0d5d9325861482a747ff48d24f02c9e6bf0459a0,持卡人消费,土木楼网关,-2.3,36.83,2553,正常
2016/03/17 11:37:26,4dada30becd78a3d2eaf45cf706aecaaa6f1d489,0d5d9325861482a747ff48d24f02c9e6bf0459a0,持卡人消费,土木楼网关,-12.0,24.83,2554,正常
2016/03/17 11:39:07,4dada30becd78a3d2eaf45cf706aecaaa6f1d489,0d5d9325861482a747ff48d24f02c9e6bf0459a0,持卡人消费,土木楼网关,-2.4,22.43,2555,正常
2016/03/17 20:44:36,4dada30becd78a3d2eaf45cf706aecaaa6f1d489,0d5d9325861482a747ff48d24f02c9e6bf0459a0,持卡人消费,A5,-3.0,19.43,2556,正常
2016/03/17 20:49:42,4dada30becd78a3d2eaf45cf706aecaaa6f1d489,0d5d9325861482a747ff48d24f02c9e6bf0459a0,银行转帐,转账前置机,50.0,19.43,2556,正常
2016/03/18 06:56:29,4dada30becd78a3d2eaf45cf706aecaaa6f1d489,0d5d9325861482a747ff48d24f02c9e6bf0459a0,持卡人消费,土木楼网关,-2.4,67.03,2558,正常
2016/03/21 07:55:10,4dada30becd78a3d2eaf45cf706aecaaa6f1d489,0d5d9325861482a747ff48d24f02c9e6bf0459a0,持卡人消费,土木楼网关,-3.4,63.63,2559,正常
2016/03/21 12:33:43,4dada30becd78a3d2eaf45cf706aecaaa6f1d489,0d5d9325861482a747ff48d24f02c9e6bf0459a0,持卡人消费,土木楼网关,-11.1,52.53,2560,正常
2016/03/21 13:09:19,4dada30becd78a3d2eaf45cf706aecaaa6f1d489,0d5d9325861482a747ff48d24f02c9e6bf0459a0,持卡人消费,A5,-3.0,49.53,2561,正常
2016/03/21 13:22:39,4dada30becd78a3d2eaf45cf706aecaaa6f1d489,0d5d9325861482a747ff48d24f02c9e6bf0459a0,持卡人消费,土木楼水控,-0.1,49.43,2562,正常
2016/03/21 13:23:05,4dada30becd78a3d2eaf45cf706aecaaa6f1d489,0d5d9325861482a747ff48d24f02c9e6bf0459a0,持卡人消费,土木楼水控,-0.02,49.41,2564,正常
2016/03/21 13:28:41,4dada30becd78a3d2eaf45cf706aecaaa6f1d489,0d5d9325861482a747ff48d24f02c9e6bf0459a0,持卡人消费,土木楼水控,-1.04,48.37,2566,正常
2016/03/21 13:36:18,4dada30becd78a3d2eaf45cf706aecaaa6f1d489,0d5d9325861482a747ff48d24f02c9e6bf0459a0,持卡人消费,土木楼水控,-0.95,47.42,2568,正常
2016/03/22 10:42:03,4dada30becd78a3d2eaf45cf706aecaaa6f1d489,0d5d9325861482a747ff48d24f02c9e6bf0459a0,持卡人消费,土木楼网关,-10.0,37.42,2569,正常
2016/03/22 10:42:23,4dada30becd78a3d2eaf45cf706aecaaa6f1d489,0d5d9325861482a747ff48d24f02c9e6bf0459a0,持卡人消费,土木楼网关,-4.5,32.92,2570,正常
2016/03/22 10:43:43,4dada30becd78a3d2eaf45cf706aecaaa6f1d489,0d5d9325861482a747ff48d24f02c9e6bf0459a0,持卡人消费,土木楼网关,-3.3,29.62,2571,正常
2016/03/22 10:57:38,4dada30becd78a3d2eaf45cf706aecaaa6f1d489,0d5d9325861482a747ff48d24f02c9e6bf0459a0,持卡人消费,土木楼网关,-2.0,27.62,2572,正常
2016/03/22 18:31:37,4dada30becd78a3d2eaf45cf706aecaaa6f1d489,0d5d9325861482a747ff48d24f02c9e6bf0459a0,持卡人消费,学子超市A05,-3.5,24.12,2573,正常
2016/03/23 08:50:43,4dada30becd78a3d2eaf45cf706aecaaa6f1d489,0d5d9325861482a747ff48d24f02c9e6bf0459a0,持卡人消费,学子超市A05,-8.8,15.32,2574,正常
2016/03/23 08:56:21,4dada30becd78a3d2eaf45cf706aecaaa6f1d489,0d5d9325861482a747ff48d24f02c9e6bf0459a0,银行转帐,转账前置机,50.0,15.32,2574,正常
2016/03/24 08:08:57,4dada30becd78a3d2eaf45cf706aecaaa6f1d489,0d5d9325861482a747ff48d24f02c9e6bf0459a0,持卡人消费,土木楼网关,-8.0,57.32,2576,正常
2016/03/25 06:59:56,4dada30becd78a3d2eaf45cf706aecaaa6f1d489,0d5d9325861482a747ff48d24f02c9e6bf0459a0,持卡人消费,土木楼网关,-2.2,55.12,2577,正常
2016/03/25 12:11:00,4dada30becd78a3d2eaf45cf706aecaaa6f1d489,0d5d9325861482a747ff48d24f02c9e6bf0459a0,持卡人消费,土木楼网关,-5.1,50.02,2578,正常
2016/03/25 12:41:49,4dada30becd78a3d2eaf45cf706aecaaa6f1d489,0d5d9325861482a747ff48d24f02c9e6bf0459a0,持卡人消费,A5,-3.0,47.02,2579,正常
2016/03/25 14:29:38,4dada30becd78a3d2eaf45cf706aecaaa6f1d489,0d5d9325861482a747ff48d24f02c9e6bf0459a0,持卡人消费,网络中心,-30.0,17.02,2580,正常
2016/03/25 14:34:07,4dada30becd78a3d2eaf45cf706aecaaa6f1d489,0d5d9325861482a747ff48d24f02c9e6bf0459a0,银行转帐,转账前置机,50.0,17.02,2580,正常
2016/03/28 06:47:38,4dada30becd78a3d2eaf45cf706aecaaa6f1d489,0d5d9325861482a747ff48d24f02c9e6bf0459a0,持卡人消费,土木楼网关,-7.0,60.02,2582,正常
2016/03/28 06:48:19,4dada30becd78a3d2eaf45cf706aecaaa6f1d489,0d5d9325861482a747ff48d24f02c9e6bf0459a0,持卡人消费,土木楼网关,-2.1,57.92,2583,正常
2016/03/29 12:14:42,4dada30becd78a3d2eaf45cf706aecaaa6f1d489,0d5d9325861482a747ff48d24f02c9e6bf0459a0,持卡人消费,土木楼水控,-0.03,57.89,2585,正常
2016/03/29 12:15:42,4dada30becd78a3d2eaf45cf706aecaaa6f1d489,0d5d9325861482a747ff48d24f02c9e6bf0459a0,持卡人消费,土木楼水控,-0.19,57.70,2587,正常
2016/03/29 12:15:55,4dada30becd78a3d2eaf45cf706aecaaa6f1d489,0d5d9325861482a747ff48d24f02c9e6bf0459a0,持卡人消费,土木楼水控,-0.01,57.69,2588,正常
2016/03/29 12:23:57,4dada30becd78a3d2eaf45cf706aecaaa6f1d489,0d5d9325861482a747ff48d24f02c9e6bf0459a0,持卡人消费,土木楼水控,-1.53,53.16,2591,正常
2016/03/29 12:24:00,4dada30becd78a3d2eaf45cf706aecaaa6f1d489,0d5d9325861482a747ff48d24f02c9e6bf0459a0,持卡人消费,土木楼水控,-0.03,56.13,2592,正常
2016/03/29 12:28:05,4dada30becd78a3d2eaf45cf706aecaaa6f1d489,0d5d9325861482a747ff48d24f02c9e6bf0459a0,持卡人消费,土木楼水控,-0.82,55.31,2594,正常
2016/03/29 12:32:42,4dada30becd78a3d2eaf45cf706aecaaa6f1d489,0d5d9325861482a747ff48d24f02c9e6bf0459a0,持卡人消费,土木楼水控,-0.46,54.85,2596,正常
2016/03/29 12:34:56,4dada30becd78a3d2eaf45cf706aecaaa6f1d489,0d5d9325861482a747ff48d24f02c9e6bf0459a0,持卡人消费,土木楼水控,-0.29,54.56,2598,正常
2016/03/29 13:05:04,4dada30becd78a3d2eaf45cf706aecaaa6f1d489,0d5d9325861482a747ff48d24f02c9e6bf0459a0,持卡人消费,A5,-6.0,48.56,2599,正常
2016/03/29 13:08:38,4dada30becd78a3d2eaf45cf706aecaaa6f1d489,0d5d9325861482a747ff48d24f02c9e6bf0459a0,持卡人消费,学子超市A05,-6.0,42.56,2600,正常
