交易发生时间,学号,姓名,交易类型,子系统名称,交易额,现有余额,次数,状态
2016/03/01 17:15:57,9e5fe32e6ba2563cc64340cba3c92738f41718ec,0dc1a66412a1e786d750ad23ae212c6a9aef6668,持卡人消费,学苑楼商务网关,-9.0,142.26,3258,正常
2016/03/03 16:40:53,9e5fe32e6ba2563cc64340cba3c92738f41718ec,0dc1a66412a1e786d750ad23ae212c6a9aef6668,持卡人消费,超市商务子系统,-2.0,140.26,3259,正常
2016/03/05 09:46:59,9e5fe32e6ba2563cc64340cba3c92738f41718ec,0dc1a66412a1e786d750ad23ae212c6a9aef6668,持卡人消费,超市商务子系统,-18.5,121.76,3260,正常
2016/03/06 11:36:32,9e5fe32e6ba2563cc64340cba3c92738f41718ec,0dc1a66412a1e786d750ad23ae212c6a9aef6668,持卡人消费,南苑网关,-4.6,117.16,3261,正常
2016/03/07 17:19:16,9e5fe32e6ba2563cc64340cba3c92738f41718ec,0dc1a66412a1e786d750ad23ae212c6a9aef6668,持卡人消费,南苑网关,-7.1,110.06,3262,正常
2016/03/08 11:16:40,9e5fe32e6ba2563cc64340cba3c92738f41718ec,0dc1a66412a1e786d750ad23ae212c6a9aef6668,持卡人消费,南苑网关,-7.68,102.38,3263,正常
2016/03/09 12:55:07,9e5fe32e6ba2563cc64340cba3c92738f41718ec,0dc1a66412a1e786d750ad23ae212c6a9aef6668,持卡人消费,15公寓浴池,-1.33,101.05,3265,正常
2016/03/09 17:20:15,9e5fe32e6ba2563cc64340cba3c92738f41718ec,0dc1a66412a1e786d750ad23ae212c6a9aef6668,持卡人消费,硕果园（工大商店）,-9.0,92.05,3266,正常
2016/03/10 17:36:16,9e5fe32e6ba2563cc64340cba3c92738f41718ec,0dc1a66412a1e786d750ad23ae212c6a9aef6668,持卡人消费,学士楼商务网关,-7.1,84.95,3267,正常
2016/03/11 11:15:36,9e5fe32e6ba2563cc64340cba3c92738f41718ec,0dc1a66412a1e786d750ad23ae212c6a9aef6668,持卡人消费,南苑网关,-5.95,79.00,3268,正常
2016/03/11 11:15:57,9e5fe32e6ba2563cc64340cba3c92738f41718ec,0dc1a66412a1e786d750ad23ae212c6a9aef6668,持卡人消费,南苑网关,-3.1,75.90,3269,正常
2016/03/11 16:55:11,9e5fe32e6ba2563cc64340cba3c92738f41718ec,0dc1a66412a1e786d750ad23ae212c6a9aef6668,持卡人消费,南苑网关,-5.78,70.12,3270,正常
2016/03/11 16:55:36,9e5fe32e6ba2563cc64340cba3c92738f41718ec,0dc1a66412a1e786d750ad23ae212c6a9aef6668,持卡人消费,南苑网关,-3.6,66.52,3271,正常
2016/03/12 17:42:49,9e5fe32e6ba2563cc64340cba3c92738f41718ec,0dc1a66412a1e786d750ad23ae212c6a9aef6668,持卡人消费,硕果园（工大商店）,-14.0,52.52,3272,正常
2016/03/14 11:55:59,9e5fe32e6ba2563cc64340cba3c92738f41718ec,0dc1a66412a1e786d750ad23ae212c6a9aef6668,持卡人消费,学士楼商务网关,-4.6,47.92,3273,正常
2016/03/14 12:46:09,9e5fe32e6ba2563cc64340cba3c92738f41718ec,0dc1a66412a1e786d750ad23ae212c6a9aef6668,持卡人消费,15公寓浴池,-1.74,46.18,3275,正常
2016/03/15 09:43:56,9e5fe32e6ba2563cc64340cba3c92738f41718ec,0dc1a66412a1e786d750ad23ae212c6a9aef6668,持卡人消费,超市商务子系统,-28.9,17.28,3276,正常
2016/03/15 09:45:35,9e5fe32e6ba2563cc64340cba3c92738f41718ec,0dc1a66412a1e786d750ad23ae212c6a9aef6668,持卡人消费,超市商务子系统,-14.0,3.28,3277,正常
2016/03/16 11:25:35,9e5fe32e6ba2563cc64340cba3c92738f41718ec,0dc1a66412a1e786d750ad23ae212c6a9aef6668,存款,现金充值机,200.0,203.28,3278,正常
2016/03/16 11:40:00,9e5fe32e6ba2563cc64340cba3c92738f41718ec,0dc1a66412a1e786d750ad23ae212c6a9aef6668,持卡人消费,南苑网关,-5.76,197.52,3279,正常
2016/03/16 11:52:24,9e5fe32e6ba2563cc64340cba3c92738f41718ec,0dc1a66412a1e786d750ad23ae212c6a9aef6668,持卡人消费,南苑网关,-3.0,194.52,3280,正常
2016/03/17 11:05:39,9e5fe32e6ba2563cc64340cba3c92738f41718ec,0dc1a66412a1e786d750ad23ae212c6a9aef6668,持卡人消费,南苑网关,-3.1,191.42,3281,正常
2016/03/17 11:06:08,9e5fe32e6ba2563cc64340cba3c92738f41718ec,0dc1a66412a1e786d750ad23ae212c6a9aef6668,持卡人消费,南苑网关,-3.0,188.42,3282,正常
2016/03/18 09:37:17,9e5fe32e6ba2563cc64340cba3c92738f41718ec,0dc1a66412a1e786d750ad23ae212c6a9aef6668,持卡人消费,超市商务子系统,-44.2,144.22,3283,正常
2016/03/18 10:55:22,9e5fe32e6ba2563cc64340cba3c92738f41718ec,0dc1a66412a1e786d750ad23ae212c6a9aef6668,持卡人消费,南苑网关,-6.72,137.50,3284,正常
2016/03/19 11:33:46,9e5fe32e6ba2563cc64340cba3c92738f41718ec,0dc1a66412a1e786d750ad23ae212c6a9aef6668,持卡人消费,南苑网关,-7.95,129.55,3285,正常
2016/03/19 11:34:25,9e5fe32e6ba2563cc64340cba3c92738f41718ec,0dc1a66412a1e786d750ad23ae212c6a9aef6668,持卡人消费,南苑网关,-0.6,128.95,3286,正常
2016/03/19 17:03:47,9e5fe32e6ba2563cc64340cba3c92738f41718ec,0dc1a66412a1e786d750ad23ae212c6a9aef6668,持卡人消费,超市商务子系统,-11.8,117.15,3287,正常
2016/03/19 17:04:33,9e5fe32e6ba2563cc64340cba3c92738f41718ec,0dc1a66412a1e786d750ad23ae212c6a9aef6668,持卡人消费,超市商务子系统,-14.5,102.65,3288,正常
2016/03/20 15:40:13,9e5fe32e6ba2563cc64340cba3c92738f41718ec,0dc1a66412a1e786d750ad23ae212c6a9aef6668,持卡人消费,15公寓浴池,-1.73,100.92,3290,正常
2016/03/22 11:12:45,9e5fe32e6ba2563cc64340cba3c92738f41718ec,0dc1a66412a1e786d750ad23ae212c6a9aef6668,持卡人消费,南苑网关,-8.4,92.52,3291,正常
2016/03/23 11:02:00,9e5fe32e6ba2563cc64340cba3c92738f41718ec,0dc1a66412a1e786d750ad23ae212c6a9aef6668,持卡人消费,南苑网关,-8.4,84.12,3292,正常
2016/03/23 16:11:14,9e5fe32e6ba2563cc64340cba3c92738f41718ec,0dc1a66412a1e786d750ad23ae212c6a9aef6668,持卡人消费,超市商务子系统,-9.2,74.92,3293,正常
2016/03/23 16:12:17,9e5fe32e6ba2563cc64340cba3c92738f41718ec,0dc1a66412a1e786d750ad23ae212c6a9aef6668,持卡人消费,超市商务子系统,-15.9,59.02,3294,正常
2016/03/25 11:15:07,9e5fe32e6ba2563cc64340cba3c92738f41718ec,0dc1a66412a1e786d750ad23ae212c6a9aef6668,持卡人消费,南苑网关,-7.92,51.10,3295,正常
2016/03/25 16:58:37,9e5fe32e6ba2563cc64340cba3c92738f41718ec,0dc1a66412a1e786d750ad23ae212c6a9aef6668,持卡人消费,南苑网关,-4.1,47.00,3296,正常
2016/03/25 17:00:03,9e5fe32e6ba2563cc64340cba3c92738f41718ec,0dc1a66412a1e786d750ad23ae212c6a9aef6668,持卡人消费,南苑网关,-2.0,45.00,3297,正常
2016/03/25 19:33:07,9e5fe32e6ba2563cc64340cba3c92738f41718ec,0dc1a66412a1e786d750ad23ae212c6a9aef6668,持卡人消费,网络中心,-30.0,15.00,3298,正常
2016/03/27 07:24:42,9e5fe32e6ba2563cc64340cba3c92738f41718ec,0dc1a66412a1e786d750ad23ae212c6a9aef6668,存款,现金充值机,200.0,215.00,3299,正常
2016/03/27 07:44:06,9e5fe32e6ba2563cc64340cba3c92738f41718ec,0dc1a66412a1e786d750ad23ae212c6a9aef6668,持卡人消费,学士楼商务网关,-1.0,214.00,3300,正常
2016/03/27 15:52:33,9e5fe32e6ba2563cc64340cba3c92738f41718ec,0dc1a66412a1e786d750ad23ae212c6a9aef6668,持卡人消费,15公寓浴池,-1.41,212.59,3302,正常
2016/03/28 11:54:12,9e5fe32e6ba2563cc64340cba3c92738f41718ec,0dc1a66412a1e786d750ad23ae212c6a9aef6668,持卡人消费,硕果园（工大商店）,-10.0,202.59,3303,正常
2016/03/29 09:45:35,9e5fe32e6ba2563cc64340cba3c92738f41718ec,0dc1a66412a1e786d750ad23ae212c6a9aef6668,持卡人消费,超市商务子系统,-22.9,179.69,3304,正常
2016/03/30 11:04:25,9e5fe32e6ba2563cc64340cba3c92738f41718ec,0dc1a66412a1e786d750ad23ae212c6a9aef6668,持卡人消费,南苑网关,-7.2,172.49,3305,正常
2016/03/30 17:07:43,9e5fe32e6ba2563cc64340cba3c92738f41718ec,0dc1a66412a1e786d750ad23ae212c6a9aef6668,持卡人消费,学士楼商务网关,-7.4,165.09,3306,正常
2016/03/31 11:32:33,9e5fe32e6ba2563cc64340cba3c92738f41718ec,0dc1a66412a1e786d750ad23ae212c6a9aef6668,持卡人消费,南苑网关,-6.48,158.61,3307,正常
