交易发生时间,学号,姓名,交易类型,子系统名称,交易额,现有余额,次数,状态
2016/03/01 10:45:52,62610d2b875faba124570dccd2fed6f94ebc135a,0df5ae7583c400023ba809b4a0bc5da2573a0319,持卡人消费,学苑楼商务网关,-1.4,122.36,2879,正常
2016/03/01 10:51:35,62610d2b875faba124570dccd2fed6f94ebc135a,0df5ae7583c400023ba809b4a0bc5da2573a0319,持卡人消费,学苑楼商务网关,-3.0,119.36,2880,正常
2016/03/01 11:06:36,62610d2b875faba124570dccd2fed6f94ebc135a,0df5ae7583c400023ba809b4a0bc5da2573a0319,持卡人消费,超市商务子系统,-8.8,110.56,2881,正常
2016/03/01 17:46:14,62610d2b875faba124570dccd2fed6f94ebc135a,0df5ae7583c400023ba809b4a0bc5da2573a0319,持卡人消费,学苑楼商务网关,-6.0,104.56,2882,正常
2016/03/02 11:31:14,62610d2b875faba124570dccd2fed6f94ebc135a,0df5ae7583c400023ba809b4a0bc5da2573a0319,持卡人消费,学苑楼商务网关,-3.0,101.56,2883,正常
2016/03/02 11:32:22,62610d2b875faba124570dccd2fed6f94ebc135a,0df5ae7583c400023ba809b4a0bc5da2573a0319,持卡人消费,学苑楼商务网关,-1.9,99.66,2884,正常
2016/03/02 17:16:03,62610d2b875faba124570dccd2fed6f94ebc135a,0df5ae7583c400023ba809b4a0bc5da2573a0319,持卡人消费,学苑楼商务网关,-4.5,95.16,2885,正常
2016/03/02 17:22:26,62610d2b875faba124570dccd2fed6f94ebc135a,0df5ae7583c400023ba809b4a0bc5da2573a0319,持卡人消费,学苑楼商务网关,-3.0,92.16,2886,正常
2016/03/03 10:19:28,62610d2b875faba124570dccd2fed6f94ebc135a,0df5ae7583c400023ba809b4a0bc5da2573a0319,持卡人消费,硕果园（工大商店）,-7.0,85.16,2887,正常
2016/03/03 10:43:34,62610d2b875faba124570dccd2fed6f94ebc135a,0df5ae7583c400023ba809b4a0bc5da2573a0319,持卡人消费,超市商务子系统,-11.0,74.16,2888,正常
2016/03/03 10:44:31,62610d2b875faba124570dccd2fed6f94ebc135a,0df5ae7583c400023ba809b4a0bc5da2573a0319,持卡人消费,超市商务子系统,-3.4,70.76,2889,正常
2016/03/03 10:47:23,62610d2b875faba124570dccd2fed6f94ebc135a,0df5ae7583c400023ba809b4a0bc5da2573a0319,持卡人消费,超市商务子系统,-4.2,66.56,2890,正常
2016/03/03 16:17:12,62610d2b875faba124570dccd2fed6f94ebc135a,0df5ae7583c400023ba809b4a0bc5da2573a0319,持卡人消费,15公寓浴池,-1.87,64.69,2892,正常
2016/03/03 16:24:46,62610d2b875faba124570dccd2fed6f94ebc135a,0df5ae7583c400023ba809b4a0bc5da2573a0319,持卡人消费,15公寓浴池,-1.02,63.67,2894,正常
2016/03/03 17:33:29,62610d2b875faba124570dccd2fed6f94ebc135a,0df5ae7583c400023ba809b4a0bc5da2573a0319,持卡人消费,学苑楼商务网关,-1.9,61.77,2895,正常
2016/03/03 17:34:35,62610d2b875faba124570dccd2fed6f94ebc135a,0df5ae7583c400023ba809b4a0bc5da2573a0319,持卡人消费,学苑楼商务网关,-3.0,58.77,2896,正常
2016/03/04 12:45:31,62610d2b875faba124570dccd2fed6f94ebc135a,0df5ae7583c400023ba809b4a0bc5da2573a0319,持卡人消费,硕果园（工大商店）,-11.1,47.67,2897,正常
2016/03/05 17:12:58,62610d2b875faba124570dccd2fed6f94ebc135a,0df5ae7583c400023ba809b4a0bc5da2573a0319,持卡人消费,学苑楼商务网关,-1.9,45.77,2898,正常
2016/03/05 17:14:00,62610d2b875faba124570dccd2fed6f94ebc135a,0df5ae7583c400023ba809b4a0bc5da2573a0319,持卡人消费,学苑楼商务网关,-2.5,43.27,2899,正常
2016/03/05 17:26:47,62610d2b875faba124570dccd2fed6f94ebc135a,0df5ae7583c400023ba809b4a0bc5da2573a0319,持卡人消费,超市商务子系统,-4.4,38.87,2900,正常
2016/03/05 17:29:01,62610d2b875faba124570dccd2fed6f94ebc135a,0df5ae7583c400023ba809b4a0bc5da2573a0319,持卡人消费,超市商务子系统,-8.0,30.87,2901,正常
2016/03/06 16:25:11,62610d2b875faba124570dccd2fed6f94ebc135a,0df5ae7583c400023ba809b4a0bc5da2573a0319,持卡人消费,15公寓浴池,-2.0,28.87,2902,正常
2016/03/06 16:29:53,62610d2b875faba124570dccd2fed6f94ebc135a,0df5ae7583c400023ba809b4a0bc5da2573a0319,持卡人消费,15公寓浴池,-0.42,28.45,2904,正常
2016/03/06 17:44:04,62610d2b875faba124570dccd2fed6f94ebc135a,0df5ae7583c400023ba809b4a0bc5da2573a0319,存款,卡中心综合业务,200.0,228.45,2905,正常
2016/03/06 17:45:53,62610d2b875faba124570dccd2fed6f94ebc135a,0df5ae7583c400023ba809b4a0bc5da2573a0319,持卡人消费,学苑楼商务网关,-1.4,227.05,2906,正常
2016/03/06 17:46:37,62610d2b875faba124570dccd2fed6f94ebc135a,0df5ae7583c400023ba809b4a0bc5da2573a0319,持卡人消费,学苑楼商务网关,-4.0,223.05,2907,正常
2016/03/06 18:06:23,62610d2b875faba124570dccd2fed6f94ebc135a,0df5ae7583c400023ba809b4a0bc5da2573a0319,持卡人消费,超市商务子系统,-4.5,218.55,2908,正常
2016/03/07 11:24:47,62610d2b875faba124570dccd2fed6f94ebc135a,0df5ae7583c400023ba809b4a0bc5da2573a0319,持卡人消费,学苑楼商务网关,-3.0,215.55,2909,正常
2016/03/07 11:26:20,62610d2b875faba124570dccd2fed6f94ebc135a,0df5ae7583c400023ba809b4a0bc5da2573a0319,持卡人消费,学苑楼商务网关,-1.9,213.65,2910,正常
2016/03/07 17:23:24,62610d2b875faba124570dccd2fed6f94ebc135a,0df5ae7583c400023ba809b4a0bc5da2573a0319,持卡人消费,学苑楼商务网关,-1.9,211.75,2911,正常
2016/03/07 17:24:37,62610d2b875faba124570dccd2fed6f94ebc135a,0df5ae7583c400023ba809b4a0bc5da2573a0319,持卡人消费,学苑楼商务网关,-3.0,208.75,2912,正常
2016/03/07 17:40:20,62610d2b875faba124570dccd2fed6f94ebc135a,0df5ae7583c400023ba809b4a0bc5da2573a0319,持卡人消费,超市商务子系统,-9.3,199.45,2913,正常
2016/03/09 11:33:10,62610d2b875faba124570dccd2fed6f94ebc135a,0df5ae7583c400023ba809b4a0bc5da2573a0319,持卡人消费,学士楼商务网关,-14.0,185.45,2914,正常
2016/03/09 11:34:50,62610d2b875faba124570dccd2fed6f94ebc135a,0df5ae7583c400023ba809b4a0bc5da2573a0319,持卡人消费,学士楼商务网关,-0.4,185.05,2915,正常
2016/03/09 11:52:28,62610d2b875faba124570dccd2fed6f94ebc135a,0df5ae7583c400023ba809b4a0bc5da2573a0319,持卡人消费,超市商务子系统,-9.9,175.15,2916,正常
2016/03/09 15:38:09,62610d2b875faba124570dccd2fed6f94ebc135a,0df5ae7583c400023ba809b4a0bc5da2573a0319,持卡人消费,15公寓浴池,-2.0,173.15,2917,正常
2016/03/09 15:42:08,62610d2b875faba124570dccd2fed6f94ebc135a,0df5ae7583c400023ba809b4a0bc5da2573a0319,持卡人消费,15公寓浴池,-0.32,172.83,2919,正常
2016/03/10 10:32:27,62610d2b875faba124570dccd2fed6f94ebc135a,0df5ae7583c400023ba809b4a0bc5da2573a0319,持卡人消费,学苑楼商务网关,-7.0,165.83,2920,正常
2016/03/10 16:58:12,62610d2b875faba124570dccd2fed6f94ebc135a,0df5ae7583c400023ba809b4a0bc5da2573a0319,持卡人消费,学苑楼商务网关,-1.5,164.33,2921,正常
2016/03/10 16:59:37,62610d2b875faba124570dccd2fed6f94ebc135a,0df5ae7583c400023ba809b4a0bc5da2573a0319,持卡人消费,学苑楼商务网关,-4.0,160.33,2922,正常
2016/03/10 17:18:34,62610d2b875faba124570dccd2fed6f94ebc135a,0df5ae7583c400023ba809b4a0bc5da2573a0319,持卡人消费,超市商务子系统,-3.2,157.13,2923,正常
2016/03/11 11:27:18,62610d2b875faba124570dccd2fed6f94ebc135a,0df5ae7583c400023ba809b4a0bc5da2573a0319,持卡人消费,学苑楼商务网关,-3.0,154.13,2924,正常
2016/03/11 11:28:20,62610d2b875faba124570dccd2fed6f94ebc135a,0df5ae7583c400023ba809b4a0bc5da2573a0319,持卡人消费,学苑楼商务网关,-1.4,152.73,2925,正常
2016/03/11 11:46:57,62610d2b875faba124570dccd2fed6f94ebc135a,0df5ae7583c400023ba809b4a0bc5da2573a0319,持卡人消费,超市商务子系统,-8.0,144.73,2926,正常
2016/03/11 17:38:24,62610d2b875faba124570dccd2fed6f94ebc135a,0df5ae7583c400023ba809b4a0bc5da2573a0319,持卡人消费,学苑楼商务网关,-1.92,142.81,2927,正常
2016/03/11 17:38:35,62610d2b875faba124570dccd2fed6f94ebc135a,0df5ae7583c400023ba809b4a0bc5da2573a0319,持卡人消费,学苑楼商务网关,-0.2,142.61,2928,正常
2016/03/11 17:40:59,62610d2b875faba124570dccd2fed6f94ebc135a,0df5ae7583c400023ba809b4a0bc5da2573a0319,持卡人消费,学苑楼商务网关,-3.0,139.61,2929,正常
2016/03/12 12:23:24,62610d2b875faba124570dccd2fed6f94ebc135a,0df5ae7583c400023ba809b4a0bc5da2573a0319,持卡人消费,A15,-6.0,133.61,2930,正常
2016/03/14 12:13:23,62610d2b875faba124570dccd2fed6f94ebc135a,0df5ae7583c400023ba809b4a0bc5da2573a0319,持卡人消费,15公寓浴池,-2.0,121.61,2932,正常
2016/03/14 12:17:28,62610d2b875faba124570dccd2fed6f94ebc135a,0df5ae7583c400023ba809b4a0bc5da2573a0319,持卡人消费,15公寓浴池,-0.66,120.95,2934,正常
2016/03/14 12:21:01,62610d2b875faba124570dccd2fed6f94ebc135a,0df5ae7583c400023ba809b4a0bc5da2573a0319,持卡人消费,15公寓浴池,-0.27,120.68,2936,正常
2016/03/14 16:58:51,62610d2b875faba124570dccd2fed6f94ebc135a,0df5ae7583c400023ba809b4a0bc5da2573a0319,持卡人消费,学苑楼商务网关,-3.0,117.68,2937,正常
2016/03/14 17:00:03,62610d2b875faba124570dccd2fed6f94ebc135a,0df5ae7583c400023ba809b4a0bc5da2573a0319,持卡人消费,学苑楼商务网关,-1.2,116.48,2938,正常
2016/03/15 10:19:13,62610d2b875faba124570dccd2fed6f94ebc135a,0df5ae7583c400023ba809b4a0bc5da2573a0319,持卡人消费,硕果园（工大商店）,-11.1,105.38,2939,正常
2016/03/15 16:51:32,62610d2b875faba124570dccd2fed6f94ebc135a,0df5ae7583c400023ba809b4a0bc5da2573a0319,持卡人消费,学苑楼商务网关,-4.5,100.88,2940,正常
2016/03/15 17:00:34,62610d2b875faba124570dccd2fed6f94ebc135a,0df5ae7583c400023ba809b4a0bc5da2573a0319,持卡人消费,学苑楼商务网关,-3.0,97.88,2941,正常
2016/03/16 15:15:18,62610d2b875faba124570dccd2fed6f94ebc135a,0df5ae7583c400023ba809b4a0bc5da2573a0319,持卡人消费,15公寓浴池,-1.65,96.23,2943,正常
2016/03/16 15:21:13,62610d2b875faba124570dccd2fed6f94ebc135a,0df5ae7583c400023ba809b4a0bc5da2573a0319,持卡人消费,15公寓浴池,-0.98,95.25,2945,正常
2016/03/16 15:24:47,62610d2b875faba124570dccd2fed6f94ebc135a,0df5ae7583c400023ba809b4a0bc5da2573a0319,持卡人消费,15公寓浴池,-0.3,94.95,2947,正常
2016/03/19 14:18:21,62610d2b875faba124570dccd2fed6f94ebc135a,0df5ae7583c400023ba809b4a0bc5da2573a0319,持卡人消费,超市商务子系统,-6.6,88.35,2948,正常
2016/03/19 14:24:45,62610d2b875faba124570dccd2fed6f94ebc135a,0df5ae7583c400023ba809b4a0bc5da2573a0319,持卡人消费,超市商务子系统,-8.0,80.35,2949,正常
2016/03/19 14:25:42,62610d2b875faba124570dccd2fed6f94ebc135a,0df5ae7583c400023ba809b4a0bc5da2573a0319,持卡人消费,超市商务子系统,-2.0,78.35,2950,正常
2016/03/21 10:42:29,62610d2b875faba124570dccd2fed6f94ebc135a,0df5ae7583c400023ba809b4a0bc5da2573a0319,持卡人消费,学苑楼商务网关,-3.0,75.35,2951,正常
2016/03/21 10:43:37,62610d2b875faba124570dccd2fed6f94ebc135a,0df5ae7583c400023ba809b4a0bc5da2573a0319,持卡人消费,学苑楼商务网关,-1.5,73.85,2952,正常
2016/03/21 10:45:02,62610d2b875faba124570dccd2fed6f94ebc135a,0df5ae7583c400023ba809b4a0bc5da2573a0319,持卡人消费,学苑楼商务网关,-0.2,73.65,2953,正常
2016/03/21 17:08:51,62610d2b875faba124570dccd2fed6f94ebc135a,0df5ae7583c400023ba809b4a0bc5da2573a0319,持卡人消费,学苑楼商务网关,-4.0,69.65,2954,正常
2016/03/21 17:22:46,62610d2b875faba124570dccd2fed6f94ebc135a,0df5ae7583c400023ba809b4a0bc5da2573a0319,持卡人消费,超市商务子系统,-7.2,62.45,2955,正常
2016/03/22 12:51:28,62610d2b875faba124570dccd2fed6f94ebc135a,0df5ae7583c400023ba809b4a0bc5da2573a0319,持卡人消费,15公寓浴池,-2.0,60.45,2956,正常
2016/03/22 12:56:50,62610d2b875faba124570dccd2fed6f94ebc135a,0df5ae7583c400023ba809b4a0bc5da2573a0319,持卡人消费,15公寓浴池,-0.93,59.52,2958,正常
2016/03/22 15:18:55,62610d2b875faba124570dccd2fed6f94ebc135a,0df5ae7583c400023ba809b4a0bc5da2573a0319,持卡人消费,超市商务子系统,-7.0,52.52,2959,正常
2016/03/22 15:25:13,62610d2b875faba124570dccd2fed6f94ebc135a,0df5ae7583c400023ba809b4a0bc5da2573a0319,持卡人消费,超市商务子系统,-2.0,50.52,2960,正常
2016/03/23 10:39:24,62610d2b875faba124570dccd2fed6f94ebc135a,0df5ae7583c400023ba809b4a0bc5da2573a0319,持卡人消费,学苑楼商务网关,-0.9,49.62,2961,正常
2016/03/23 10:40:50,62610d2b875faba124570dccd2fed6f94ebc135a,0df5ae7583c400023ba809b4a0bc5da2573a0319,持卡人消费,学苑楼商务网关,-3.0,46.62,2962,正常
2016/03/23 16:32:28,62610d2b875faba124570dccd2fed6f94ebc135a,0df5ae7583c400023ba809b4a0bc5da2573a0319,持卡人消费,学苑楼商务网关,-4.0,42.62,2963,正常
2016/03/23 16:35:12,62610d2b875faba124570dccd2fed6f94ebc135a,0df5ae7583c400023ba809b4a0bc5da2573a0319,持卡人消费,学苑楼商务网关,-8.0,34.62,2964,正常
2016/03/24 11:00:02,62610d2b875faba124570dccd2fed6f94ebc135a,0df5ae7583c400023ba809b4a0bc5da2573a0319,持卡人消费,学苑楼商务网关,-3.9,30.72,2965,正常
2016/03/24 11:01:26,62610d2b875faba124570dccd2fed6f94ebc135a,0df5ae7583c400023ba809b4a0bc5da2573a0319,持卡人消费,学苑楼商务网关,-1.5,29.22,2966,正常
2016/03/24 11:15:35,62610d2b875faba124570dccd2fed6f94ebc135a,0df5ae7583c400023ba809b4a0bc5da2573a0319,持卡人消费,超市商务子系统,-7.2,22.02,2967,正常
2016/03/25 12:47:49,62610d2b875faba124570dccd2fed6f94ebc135a,0df5ae7583c400023ba809b4a0bc5da2573a0319,持卡人消费,15公寓浴池,-2.0,20.02,2968,正常
2016/03/25 12:51:35,62610d2b875faba124570dccd2fed6f94ebc135a,0df5ae7583c400023ba809b4a0bc5da2573a0319,持卡人消费,15公寓浴池,-0.61,19.41,2970,正常
2016/03/25 12:57:09,62610d2b875faba124570dccd2fed6f94ebc135a,0df5ae7583c400023ba809b4a0bc5da2573a0319,持卡人消费,15公寓浴池,-0.35,19.06,2972,正常
2016/03/25 15:13:06,62610d2b875faba124570dccd2fed6f94ebc135a,0df5ae7583c400023ba809b4a0bc5da2573a0319,持卡人消费,超市商务子系统,-2.0,17.06,2973,正常
2016/03/27 11:13:33,62610d2b875faba124570dccd2fed6f94ebc135a,0df5ae7583c400023ba809b4a0bc5da2573a0319,持卡人消费,学士楼商务网关,-2.9,14.16,2974,正常
2016/03/27 11:26:52,62610d2b875faba124570dccd2fed6f94ebc135a,0df5ae7583c400023ba809b4a0bc5da2573a0319,持卡人消费,超市商务子系统,-10.4,3.76,2975,正常
2016/03/27 15:52:18,62610d2b875faba124570dccd2fed6f94ebc135a,0df5ae7583c400023ba809b4a0bc5da2573a0319,存款,学苑楼综合业务3,200.0,203.76,2976,正常
2016/03/27 15:54:20,62610d2b875faba124570dccd2fed6f94ebc135a,0df5ae7583c400023ba809b4a0bc5da2573a0319,持卡人消费,超市商务子系统,-2.0,201.76,2977,正常
2016/03/28 08:11:13,62610d2b875faba124570dccd2fed6f94ebc135a,0df5ae7583c400023ba809b4a0bc5da2573a0319,持卡人消费,学士楼商务网关,-1.0,200.76,2978,正常
2016/03/28 08:11:28,62610d2b875faba124570dccd2fed6f94ebc135a,0df5ae7583c400023ba809b4a0bc5da2573a0319,持卡人消费,学士楼商务网关,-1.0,199.76,2979,正常
2016/03/28 08:12:34,62610d2b875faba124570dccd2fed6f94ebc135a,0df5ae7583c400023ba809b4a0bc5da2573a0319,持卡人消费,学士楼商务网关,-2.2,197.56,2980,正常
2016/03/28 17:12:32,62610d2b875faba124570dccd2fed6f94ebc135a,0df5ae7583c400023ba809b4a0bc5da2573a0319,持卡人消费,学苑楼商务网关,-3.0,194.56,2981,正常
2016/03/28 17:13:53,62610d2b875faba124570dccd2fed6f94ebc135a,0df5ae7583c400023ba809b4a0bc5da2573a0319,持卡人消费,学苑楼商务网关,-1.9,192.66,2982,正常
2016/03/29 11:25:10,62610d2b875faba124570dccd2fed6f94ebc135a,0df5ae7583c400023ba809b4a0bc5da2573a0319,持卡人消费,超市商务子系统,-8.4,184.26,2983,正常
2016/03/30 13:03:03,62610d2b875faba124570dccd2fed6f94ebc135a,0df5ae7583c400023ba809b4a0bc5da2573a0319,持卡人消费,15公寓浴池,-2.0,181.26,2985,正常
2016/03/30 13:12:59,62610d2b875faba124570dccd2fed6f94ebc135a,0df5ae7583c400023ba809b4a0bc5da2573a0319,持卡人消费,15公寓浴池,-0.94,180.32,2987,正常
2016/03/31 13:28:25,62610d2b875faba124570dccd2fed6f94ebc135a,0df5ae7583c400023ba809b4a0bc5da2573a0319,持卡人消费,学子楼商务网关,-3.6,176.72,2988,正常
