交易发生时间,学号,姓名,交易类型,子系统名称,交易额,现有余额,次数,状态
2016/03/01 18:39:44,21013682106e340d712601e33498ddc236aecfad,0df9fb7c827668f1bf72307ce1a7d8bb22ecbf62,持卡人消费,硕果园（工大商店）,-10.0,38.92,4112,正常
2016/03/02 07:36:08,21013682106e340d712601e33498ddc236aecfad,0df9fb7c827668f1bf72307ce1a7d8bb22ecbf62,持卡人消费,学士楼商务网关,-2.3,36.62,4113,正常
2016/03/02 07:37:31,21013682106e340d712601e33498ddc236aecfad,0df9fb7c827668f1bf72307ce1a7d8bb22ecbf62,持卡人消费,学士楼商务网关,-1.5,35.12,4114,正常
2016/03/03 11:17:32,21013682106e340d712601e33498ddc236aecfad,0df9fb7c827668f1bf72307ce1a7d8bb22ecbf62,持卡人消费,学苑楼商务网关,-7.1,28.02,4115,正常
2016/03/03 17:39:29,21013682106e340d712601e33498ddc236aecfad,0df9fb7c827668f1bf72307ce1a7d8bb22ecbf62,持卡人消费,学苑楼商务网关,-4.0,24.02,4116,正常
2016/03/03 17:40:15,21013682106e340d712601e33498ddc236aecfad,0df9fb7c827668f1bf72307ce1a7d8bb22ecbf62,持卡人消费,学苑楼商务网关,-2.0,22.02,4117,正常
2016/03/04 07:29:07,21013682106e340d712601e33498ddc236aecfad,0df9fb7c827668f1bf72307ce1a7d8bb22ecbf62,持卡人消费,学士楼商务网关,-1.5,20.52,4118,正常
2016/03/04 11:15:49,21013682106e340d712601e33498ddc236aecfad,0df9fb7c827668f1bf72307ce1a7d8bb22ecbf62,持卡人消费,学士楼商务网关,-4.6,15.92,4119,正常
2016/03/04 11:25:04,21013682106e340d712601e33498ddc236aecfad,0df9fb7c827668f1bf72307ce1a7d8bb22ecbf62,持卡人消费,学士楼商务网关,-1.4,14.52,4120,正常
2016/03/05 11:34:05,21013682106e340d712601e33498ddc236aecfad,0df9fb7c827668f1bf72307ce1a7d8bb22ecbf62,持卡人消费,学士楼商务网关,-1.4,13.12,4121,正常
2016/03/05 11:35:32,21013682106e340d712601e33498ddc236aecfad,0df9fb7c827668f1bf72307ce1a7d8bb22ecbf62,持卡人消费,学士楼商务网关,-5.0,8.12,4122,正常
2016/03/07 07:22:19,21013682106e340d712601e33498ddc236aecfad,0df9fb7c827668f1bf72307ce1a7d8bb22ecbf62,持卡人消费,学士楼商务网关,-5.1,3.02,4123,正常
2016/03/07 11:41:03,21013682106e340d712601e33498ddc236aecfad,0df9fb7c827668f1bf72307ce1a7d8bb22ecbf62,存款,现金充值机,100.0,103.02,4124,正常
2016/03/07 11:59:01,21013682106e340d712601e33498ddc236aecfad,0df9fb7c827668f1bf72307ce1a7d8bb22ecbf62,持卡人消费,学苑楼商务网关,-4.0,99.02,4125,正常
2016/03/08 08:43:26,21013682106e340d712601e33498ddc236aecfad,0df9fb7c827668f1bf72307ce1a7d8bb22ecbf62,持卡人消费,学士楼商务网关,-2.0,97.02,4126,正常
2016/03/08 08:43:32,21013682106e340d712601e33498ddc236aecfad,0df9fb7c827668f1bf72307ce1a7d8bb22ecbf62,持卡人消费,学士楼商务网关,-2.0,95.02,4127,正常
2016/03/08 08:44:36,21013682106e340d712601e33498ddc236aecfad,0df9fb7c827668f1bf72307ce1a7d8bb22ecbf62,持卡人消费,学士楼商务网关,-0.9,94.12,4128,正常
2016/03/08 08:44:48,21013682106e340d712601e33498ddc236aecfad,0df9fb7c827668f1bf72307ce1a7d8bb22ecbf62,持卡人消费,学士楼商务网关,-3.2,90.92,4129,正常
2016/03/08 11:34:53,21013682106e340d712601e33498ddc236aecfad,0df9fb7c827668f1bf72307ce1a7d8bb22ecbf62,持卡人消费,学苑楼商务网关,-6.0,84.92,4130,正常
2016/03/08 11:37:00,21013682106e340d712601e33498ddc236aecfad,0df9fb7c827668f1bf72307ce1a7d8bb22ecbf62,持卡人消费,学苑楼商务网关,-1.0,83.92,4131,正常
2016/03/08 11:38:09,21013682106e340d712601e33498ddc236aecfad,0df9fb7c827668f1bf72307ce1a7d8bb22ecbf62,持卡人消费,学苑楼商务网关,-8.0,75.92,4132,正常
2016/03/08 17:01:41,21013682106e340d712601e33498ddc236aecfad,0df9fb7c827668f1bf72307ce1a7d8bb22ecbf62,持卡人消费,学苑楼商务网关,-5.0,70.92,4133,正常
2016/03/08 17:33:46,21013682106e340d712601e33498ddc236aecfad,0df9fb7c827668f1bf72307ce1a7d8bb22ecbf62,持卡人消费,超市商务子系统,-3.1,67.82,4134,正常
2016/03/09 07:30:26,21013682106e340d712601e33498ddc236aecfad,0df9fb7c827668f1bf72307ce1a7d8bb22ecbf62,持卡人消费,学士楼商务网关,-3.0,64.82,4135,正常
2016/03/09 12:56:10,21013682106e340d712601e33498ddc236aecfad,0df9fb7c827668f1bf72307ce1a7d8bb22ecbf62,持卡人消费,一校区水控新,-0.5,64.32,4137,正常
2016/03/09 13:00:43,21013682106e340d712601e33498ddc236aecfad,0df9fb7c827668f1bf72307ce1a7d8bb22ecbf62,持卡人消费,一校区水控新,-0.56,63.76,4139,正常
2016/03/09 18:09:00,21013682106e340d712601e33498ddc236aecfad,0df9fb7c827668f1bf72307ce1a7d8bb22ecbf62,持卡人消费,身份前置机,-0.61,63.15,4140,正常
2016/03/10 08:26:38,21013682106e340d712601e33498ddc236aecfad,0df9fb7c827668f1bf72307ce1a7d8bb22ecbf62,持卡人消费,学士楼商务网关,-2.9,60.25,4141,正常
2016/03/10 11:17:41,21013682106e340d712601e33498ddc236aecfad,0df9fb7c827668f1bf72307ce1a7d8bb22ecbf62,持卡人消费,学苑楼商务网关,-10.0,50.25,4142,正常
2016/03/10 11:32:30,21013682106e340d712601e33498ddc236aecfad,0df9fb7c827668f1bf72307ce1a7d8bb22ecbf62,持卡人消费,学苑楼商务网关,-2.8,47.45,4143,正常
2016/03/10 18:58:31,21013682106e340d712601e33498ddc236aecfad,0df9fb7c827668f1bf72307ce1a7d8bb22ecbf62,持卡人消费,身份前置机,-1.26,46.19,4144,正常
2016/03/11 08:10:29,21013682106e340d712601e33498ddc236aecfad,0df9fb7c827668f1bf72307ce1a7d8bb22ecbf62,持卡人消费,学士楼商务网关,-2.9,43.29,4145,正常
2016/03/11 17:01:25,21013682106e340d712601e33498ddc236aecfad,0df9fb7c827668f1bf72307ce1a7d8bb22ecbf62,持卡人消费,超市商务子系统,-8.2,35.09,4146,正常
2016/03/14 15:34:02,21013682106e340d712601e33498ddc236aecfad,0df9fb7c827668f1bf72307ce1a7d8bb22ecbf62,持卡人消费,超市商务子系统,-6.0,16.88,4152,正常
2016/03/14 16:43:46,21013682106e340d712601e33498ddc236aecfad,0df9fb7c827668f1bf72307ce1a7d8bb22ecbf62,存款,现金充值机,100.0,116.88,4153,正常
2016/03/14 16:59:31,21013682106e340d712601e33498ddc236aecfad,0df9fb7c827668f1bf72307ce1a7d8bb22ecbf62,持卡人消费,学苑楼商务网关,-4.6,112.28,4154,正常
2016/03/15 08:20:02,21013682106e340d712601e33498ddc236aecfad,0df9fb7c827668f1bf72307ce1a7d8bb22ecbf62,持卡人消费,学士楼商务网关,-2.6,109.68,4155,正常
2016/03/15 11:09:55,21013682106e340d712601e33498ddc236aecfad,0df9fb7c827668f1bf72307ce1a7d8bb22ecbf62,持卡人消费,学苑楼商务网关,-7.0,102.68,4156,正常
2016/03/15 16:57:05,21013682106e340d712601e33498ddc236aecfad,0df9fb7c827668f1bf72307ce1a7d8bb22ecbf62,持卡人消费,身份前置机,-1.26,101.42,4157,正常
2016/03/15 17:15:23,21013682106e340d712601e33498ddc236aecfad,0df9fb7c827668f1bf72307ce1a7d8bb22ecbf62,持卡人消费,学苑楼商务网关,-8.0,93.42,4158,正常
2016/03/16 20:10:38,21013682106e340d712601e33498ddc236aecfad,0df9fb7c827668f1bf72307ce1a7d8bb22ecbf62,持卡人消费,身份前置机,-1.01,92.41,4159,正常
2016/03/17 08:22:22,21013682106e340d712601e33498ddc236aecfad,0df9fb7c827668f1bf72307ce1a7d8bb22ecbf62,持卡人消费,硕果园（工大商店）,-5.0,87.41,4160,正常
2016/03/18 11:22:14,21013682106e340d712601e33498ddc236aecfad,0df9fb7c827668f1bf72307ce1a7d8bb22ecbf62,持卡人消费,学苑楼商务网关,-8.0,79.41,4161,正常
2016/03/18 12:56:11,21013682106e340d712601e33498ddc236aecfad,0df9fb7c827668f1bf72307ce1a7d8bb22ecbf62,持卡人消费,身份前置机,-0.43,78.98,4162,正常
2016/03/18 15:57:22,21013682106e340d712601e33498ddc236aecfad,0df9fb7c827668f1bf72307ce1a7d8bb22ecbf62,持卡人消费,超市商务子系统,-1.9,77.08,4163,正常
2016/03/19 17:52:46,21013682106e340d712601e33498ddc236aecfad,0df9fb7c827668f1bf72307ce1a7d8bb22ecbf62,持卡人消费,一校区水控新,-0.58,76.50,4165,正常
2016/03/19 17:57:30,21013682106e340d712601e33498ddc236aecfad,0df9fb7c827668f1bf72307ce1a7d8bb22ecbf62,持卡人消费,一校区水控新,-0.64,75.86,4167,正常
2016/03/20 09:28:46,21013682106e340d712601e33498ddc236aecfad,0df9fb7c827668f1bf72307ce1a7d8bb22ecbf62,持卡人消费,超市商务子系统,-5.0,70.86,4168,正常
2016/03/20 17:46:50,21013682106e340d712601e33498ddc236aecfad,0df9fb7c827668f1bf72307ce1a7d8bb22ecbf62,持卡人消费,学苑楼商务网关,-6.0,64.86,4169,正常
2016/03/20 18:03:01,21013682106e340d712601e33498ddc236aecfad,0df9fb7c827668f1bf72307ce1a7d8bb22ecbf62,持卡人消费,超市商务子系统,-2.2,62.66,4170,正常
2016/03/21 08:18:36,21013682106e340d712601e33498ddc236aecfad,0df9fb7c827668f1bf72307ce1a7d8bb22ecbf62,持卡人消费,学士楼商务网关,-2.0,60.66,4171,正常
2016/03/21 08:18:58,21013682106e340d712601e33498ddc236aecfad,0df9fb7c827668f1bf72307ce1a7d8bb22ecbf62,持卡人消费,学士楼商务网关,-0.6,60.06,4172,正常
2016/03/21 08:19:27,21013682106e340d712601e33498ddc236aecfad,0df9fb7c827668f1bf72307ce1a7d8bb22ecbf62,持卡人消费,学士楼商务网关,-0.3,59.76,4173,正常
2016/03/22 08:30:02,21013682106e340d712601e33498ddc236aecfad,0df9fb7c827668f1bf72307ce1a7d8bb22ecbf62,持卡人消费,学士楼商务网关,-2.1,57.66,4174,正常
2016/03/22 11:28:15,21013682106e340d712601e33498ddc236aecfad,0df9fb7c827668f1bf72307ce1a7d8bb22ecbf62,持卡人消费,学苑楼商务网关,-12.0,45.66,4175,正常
2016/03/22 17:16:23,21013682106e340d712601e33498ddc236aecfad,0df9fb7c827668f1bf72307ce1a7d8bb22ecbf62,持卡人消费,学苑楼商务网关,-8.0,37.66,4176,正常
2016/03/23 11:32:28,21013682106e340d712601e33498ddc236aecfad,0df9fb7c827668f1bf72307ce1a7d8bb22ecbf62,持卡人消费,学苑楼商务网关,-5.0,32.66,4177,正常
2016/03/23 11:33:17,21013682106e340d712601e33498ddc236aecfad,0df9fb7c827668f1bf72307ce1a7d8bb22ecbf62,持卡人消费,学苑楼商务网关,-0.6,32.06,4178,正常
2016/03/23 11:34:30,21013682106e340d712601e33498ddc236aecfad,0df9fb7c827668f1bf72307ce1a7d8bb22ecbf62,持卡人消费,学苑楼商务网关,-4.0,28.06,4179,正常
2016/03/23 11:51:18,21013682106e340d712601e33498ddc236aecfad,0df9fb7c827668f1bf72307ce1a7d8bb22ecbf62,持卡人消费,超市商务子系统,-0.5,27.56,4180,正常
2016/03/23 17:09:23,21013682106e340d712601e33498ddc236aecfad,0df9fb7c827668f1bf72307ce1a7d8bb22ecbf62,持卡人消费,学苑楼商务网关,-8.0,19.56,4181,正常
2016/03/23 17:21:44,21013682106e340d712601e33498ddc236aecfad,0df9fb7c827668f1bf72307ce1a7d8bb22ecbf62,持卡人消费,学苑楼商务网关,-2.8,16.76,4182,正常
2016/03/24 08:18:42,21013682106e340d712601e33498ddc236aecfad,0df9fb7c827668f1bf72307ce1a7d8bb22ecbf62,持卡人消费,学士楼商务网关,-2.6,14.16,4183,正常
2016/03/24 08:19:36,21013682106e340d712601e33498ddc236aecfad,0df9fb7c827668f1bf72307ce1a7d8bb22ecbf62,持卡人消费,学士楼商务网关,-0.3,13.86,4184,正常
2016/03/24 11:28:17,21013682106e340d712601e33498ddc236aecfad,0df9fb7c827668f1bf72307ce1a7d8bb22ecbf62,持卡人消费,学苑楼商务网关,-7.0,6.86,4185,正常
2016/03/24 11:26:10,21013682106e340d712601e33498ddc236aecfad,0df9fb7c827668f1bf72307ce1a7d8bb22ecbf62,存款,现金充值机,100.0,106.86,4186,正常
2016/03/24 16:06:08,21013682106e340d712601e33498ddc236aecfad,0df9fb7c827668f1bf72307ce1a7d8bb22ecbf62,持卡人消费,身份前置机,-1.32,105.54,4187,正常
2016/03/24 16:46:17,21013682106e340d712601e33498ddc236aecfad,0df9fb7c827668f1bf72307ce1a7d8bb22ecbf62,持卡人消费,身份前置机,-0.62,104.92,4188,正常
2016/03/24 19:53:21,21013682106e340d712601e33498ddc236aecfad,0df9fb7c827668f1bf72307ce1a7d8bb22ecbf62,持卡人消费,硕果园（工大商店）,-8.0,96.92,4189,正常
2016/03/25 08:01:34,21013682106e340d712601e33498ddc236aecfad,0df9fb7c827668f1bf72307ce1a7d8bb22ecbf62,持卡人消费,学士楼商务网关,-3.8,93.12,4190,正常
2016/03/25 11:22:15,21013682106e340d712601e33498ddc236aecfad,0df9fb7c827668f1bf72307ce1a7d8bb22ecbf62,持卡人消费,学苑楼商务网关,-8.0,85.12,4191,正常
2016/03/26 07:42:38,21013682106e340d712601e33498ddc236aecfad,0df9fb7c827668f1bf72307ce1a7d8bb22ecbf62,持卡人消费,学士楼商务网关,-3.1,82.02,4192,正常
2016/03/26 17:01:23,21013682106e340d712601e33498ddc236aecfad,0df9fb7c827668f1bf72307ce1a7d8bb22ecbf62,持卡人消费,学苑楼商务网关,-7.0,75.02,4193,正常
2016/03/28 11:53:18,21013682106e340d712601e33498ddc236aecfad,0df9fb7c827668f1bf72307ce1a7d8bb22ecbf62,持卡人消费,学苑楼商务网关,-6.0,69.02,4194,正常
2016/03/28 18:01:27,21013682106e340d712601e33498ddc236aecfad,0df9fb7c827668f1bf72307ce1a7d8bb22ecbf62,持卡人消费,硕果园（工大商店）,-10.0,59.02,4195,正常
2016/03/29 21:14:56,21013682106e340d712601e33498ddc236aecfad,0df9fb7c827668f1bf72307ce1a7d8bb22ecbf62,持卡人消费,超市商务子系统,-1.4,57.62,4196,正常
2016/03/30 18:46:05,21013682106e340d712601e33498ddc236aecfad,0df9fb7c827668f1bf72307ce1a7d8bb22ecbf62,持卡人消费,硕果园（工大商店）,-4.0,53.62,4197,正常
2016/03/30 18:48:31,21013682106e340d712601e33498ddc236aecfad,0df9fb7c827668f1bf72307ce1a7d8bb22ecbf62,持卡人消费,硕果园（工大商店）,-8.0,45.62,4198,正常
2016/03/30 19:00:55,21013682106e340d712601e33498ddc236aecfad,0df9fb7c827668f1bf72307ce1a7d8bb22ecbf62,持卡人消费,硕果园（工大商店）,-1.0,44.62,4199,正常
2016/03/31 16:49:09,21013682106e340d712601e33498ddc236aecfad,0df9fb7c827668f1bf72307ce1a7d8bb22ecbf62,持卡人消费,学士楼商务网关,-4.6,40.02,4200,正常
