交易发生时间,学号,姓名,交易类型,子系统名称,交易额,现有余额,次数,状态
2016/03/02 15:45:14,ccc68a39d339a252911066278db45b6de9b7d644,0e3f895f5bf327053c9e98a223233c2f83ab9fd1,持卡人消费,一校区水控新,-1.95,2.01,2004,正常
2016/03/03 11:49:20,ccc68a39d339a252911066278db45b6de9b7d644,0e3f895f5bf327053c9e98a223233c2f83ab9fd1,存款,现金充值机,100.0,102.01,2005,正常
2016/03/03 12:05:35,ccc68a39d339a252911066278db45b6de9b7d644,0e3f895f5bf327053c9e98a223233c2f83ab9fd1,持卡人消费,学苑楼商务网关,-8.0,94.01,2006,正常
2016/03/03 12:21:09,ccc68a39d339a252911066278db45b6de9b7d644,0e3f895f5bf327053c9e98a223233c2f83ab9fd1,持卡人消费,学苑楼商务网关,-9.0,85.01,2007,正常
2016/03/04 12:19:58,ccc68a39d339a252911066278db45b6de9b7d644,0e3f895f5bf327053c9e98a223233c2f83ab9fd1,持卡人消费,硕果园（工大商店）,-9.0,76.01,2008,正常
2016/03/04 17:49:54,ccc68a39d339a252911066278db45b6de9b7d644,0e3f895f5bf327053c9e98a223233c2f83ab9fd1,持卡人消费,硕果园（工大商店）,-8.0,68.01,2009,正常
2016/03/06 13:22:42,ccc68a39d339a252911066278db45b6de9b7d644,0e3f895f5bf327053c9e98a223233c2f83ab9fd1,持卡人消费,硕果园（工大商店）,-10.0,58.01,2010,正常
2016/03/06 13:34:50,ccc68a39d339a252911066278db45b6de9b7d644,0e3f895f5bf327053c9e98a223233c2f83ab9fd1,持卡人消费,硕果园（工大商店）,-4.0,54.01,2011,正常
2016/03/06 18:09:40,ccc68a39d339a252911066278db45b6de9b7d644,0e3f895f5bf327053c9e98a223233c2f83ab9fd1,持卡人消费,硕果园（工大商店）,-9.0,45.01,2012,正常
2016/03/07 07:56:00,ccc68a39d339a252911066278db45b6de9b7d644,0e3f895f5bf327053c9e98a223233c2f83ab9fd1,持卡人消费,学苑楼商务网关,-2.5,42.51,2013,正常
2016/03/07 07:57:13,ccc68a39d339a252911066278db45b6de9b7d644,0e3f895f5bf327053c9e98a223233c2f83ab9fd1,持卡人消费,学苑楼商务网关,-0.2,42.31,2014,正常
2016/03/07 11:02:52,ccc68a39d339a252911066278db45b6de9b7d644,0e3f895f5bf327053c9e98a223233c2f83ab9fd1,持卡人消费,学苑楼商务网关,-3.6,38.71,2015,正常
2016/03/07 11:18:05,ccc68a39d339a252911066278db45b6de9b7d644,0e3f895f5bf327053c9e98a223233c2f83ab9fd1,持卡人消费,学苑楼商务网关,-9.0,29.71,2016,正常
2016/03/11 10:27:06,ccc68a39d339a252911066278db45b6de9b7d644,0e3f895f5bf327053c9e98a223233c2f83ab9fd1,持卡人消费,硕果园（工大商店）,-11.0,18.71,2017,正常
2016/03/15 07:21:47,ccc68a39d339a252911066278db45b6de9b7d644,0e3f895f5bf327053c9e98a223233c2f83ab9fd1,存款,现金充值机,100.0,108.71,2019,正常
2016/03/15 07:38:37,ccc68a39d339a252911066278db45b6de9b7d644,0e3f895f5bf327053c9e98a223233c2f83ab9fd1,持卡人消费,学苑楼商务网关,-3.5,105.21,2020,正常
2016/03/15 11:21:34,ccc68a39d339a252911066278db45b6de9b7d644,0e3f895f5bf327053c9e98a223233c2f83ab9fd1,持卡人消费,学苑楼商务网关,-7.0,98.21,2021,正常
2016/03/16 11:08:42,ccc68a39d339a252911066278db45b6de9b7d644,0e3f895f5bf327053c9e98a223233c2f83ab9fd1,持卡人消费,学苑楼商务网关,-7.0,91.21,2022,正常
2016/03/16 17:11:36,ccc68a39d339a252911066278db45b6de9b7d644,0e3f895f5bf327053c9e98a223233c2f83ab9fd1,持卡人消费,硕果园（工大商店）,-14.0,77.21,2023,正常
2016/03/16 17:39:53,ccc68a39d339a252911066278db45b6de9b7d644,0e3f895f5bf327053c9e98a223233c2f83ab9fd1,持卡人消费,硕果园（工大商店）,-3.0,74.21,2024,正常
2016/03/17 07:36:56,ccc68a39d339a252911066278db45b6de9b7d644,0e3f895f5bf327053c9e98a223233c2f83ab9fd1,持卡人消费,学苑楼商务网关,-6.0,68.21,2025,正常
2016/03/17 10:58:05,ccc68a39d339a252911066278db45b6de9b7d644,0e3f895f5bf327053c9e98a223233c2f83ab9fd1,持卡人消费,硕果园（工大商店）,-16.0,52.21,2026,正常
2016/03/17 17:06:40,ccc68a39d339a252911066278db45b6de9b7d644,0e3f895f5bf327053c9e98a223233c2f83ab9fd1,持卡人消费,学苑楼商务网关,-8.0,44.21,2027,正常
2016/03/18 11:13:47,ccc68a39d339a252911066278db45b6de9b7d644,0e3f895f5bf327053c9e98a223233c2f83ab9fd1,持卡人消费,学苑楼商务网关,-8.0,36.21,2028,正常
2016/03/18 17:02:33,ccc68a39d339a252911066278db45b6de9b7d644,0e3f895f5bf327053c9e98a223233c2f83ab9fd1,持卡人消费,学子楼商务网关,-8.0,28.21,2029,正常
2016/03/19 11:28:15,ccc68a39d339a252911066278db45b6de9b7d644,0e3f895f5bf327053c9e98a223233c2f83ab9fd1,持卡人消费,硕果园（工大商店）,-10.0,18.21,2030,正常
2016/03/19 17:47:14,ccc68a39d339a252911066278db45b6de9b7d644,0e3f895f5bf327053c9e98a223233c2f83ab9fd1,持卡人消费,硕果园（工大商店）,-16.0,2.21,2031,正常
2016/03/20 11:09:55,ccc68a39d339a252911066278db45b6de9b7d644,0e3f895f5bf327053c9e98a223233c2f83ab9fd1,存款,现金充值机,100.0,102.21,2032,正常
2016/03/20 11:26:39,ccc68a39d339a252911066278db45b6de9b7d644,0e3f895f5bf327053c9e98a223233c2f83ab9fd1,持卡人消费,学苑楼商务网关,-8.8,93.41,2033,正常
2016/03/20 17:21:22,ccc68a39d339a252911066278db45b6de9b7d644,0e3f895f5bf327053c9e98a223233c2f83ab9fd1,持卡人消费,硕果园（工大商店）,-10.0,83.41,2034,正常
2016/03/21 11:28:17,ccc68a39d339a252911066278db45b6de9b7d644,0e3f895f5bf327053c9e98a223233c2f83ab9fd1,持卡人消费,学苑楼商务网关,-9.0,74.41,2035,正常
2016/03/21 17:50:25,ccc68a39d339a252911066278db45b6de9b7d644,0e3f895f5bf327053c9e98a223233c2f83ab9fd1,持卡人消费,学苑楼商务网关,-9.0,65.41,2036,正常
2016/03/23 11:11:27,ccc68a39d339a252911066278db45b6de9b7d644,0e3f895f5bf327053c9e98a223233c2f83ab9fd1,持卡人消费,硕果园（工大商店）,-9.0,56.41,2037,正常
2016/03/23 17:14:27,ccc68a39d339a252911066278db45b6de9b7d644,0e3f895f5bf327053c9e98a223233c2f83ab9fd1,持卡人消费,硕果园（工大商店）,-10.0,46.41,2038,正常
2016/03/24 07:37:27,ccc68a39d339a252911066278db45b6de9b7d644,0e3f895f5bf327053c9e98a223233c2f83ab9fd1,持卡人消费,学苑楼商务网关,-3.5,42.91,2039,正常
2016/03/24 07:49:49,ccc68a39d339a252911066278db45b6de9b7d644,0e3f895f5bf327053c9e98a223233c2f83ab9fd1,持卡人消费,学苑楼商务网关,-9.0,33.91,2040,正常
2016/03/24 11:19:24,ccc68a39d339a252911066278db45b6de9b7d644,0e3f895f5bf327053c9e98a223233c2f83ab9fd1,持卡人消费,硕果园（工大商店）,-9.0,24.91,2041,正常
2016/03/25 08:02:54,ccc68a39d339a252911066278db45b6de9b7d644,0e3f895f5bf327053c9e98a223233c2f83ab9fd1,持卡人消费,学苑楼商务网关,-3.5,21.41,2042,正常
2016/03/25 11:22:02,ccc68a39d339a252911066278db45b6de9b7d644,0e3f895f5bf327053c9e98a223233c2f83ab9fd1,持卡人消费,硕果园（工大商店）,-14.0,7.41,2043,正常
2016/03/26 07:46:29,ccc68a39d339a252911066278db45b6de9b7d644,0e3f895f5bf327053c9e98a223233c2f83ab9fd1,持卡人消费,学苑楼商务网关,-2.5,4.91,2044,正常
2016/03/26 07:47:04,ccc68a39d339a252911066278db45b6de9b7d644,0e3f895f5bf327053c9e98a223233c2f83ab9fd1,持卡人消费,学苑楼商务网关,-0.2,4.71,2045,正常
2016/03/26 17:40:18,ccc68a39d339a252911066278db45b6de9b7d644,0e3f895f5bf327053c9e98a223233c2f83ab9fd1,存款,现金充值机,100.0,104.71,2046,正常
2016/03/26 17:55:44,ccc68a39d339a252911066278db45b6de9b7d644,0e3f895f5bf327053c9e98a223233c2f83ab9fd1,持卡人消费,学苑楼商务网关,-15.0,89.71,2047,正常
2016/03/27 07:20:28,ccc68a39d339a252911066278db45b6de9b7d644,0e3f895f5bf327053c9e98a223233c2f83ab9fd1,持卡人消费,学苑楼商务网关,-1.6,88.11,2048,正常
2016/03/27 21:06:41,ccc68a39d339a252911066278db45b6de9b7d644,0e3f895f5bf327053c9e98a223233c2f83ab9fd1,持卡人消费,超市商务子系统,-36.9,51.21,2049,正常
2016/03/28 10:01:02,ccc68a39d339a252911066278db45b6de9b7d644,0e3f895f5bf327053c9e98a223233c2f83ab9fd1,持卡人消费,硕果园（工大商店）,-8.0,43.21,2050,正常
2016/03/30 10:35:31,ccc68a39d339a252911066278db45b6de9b7d644,0e3f895f5bf327053c9e98a223233c2f83ab9fd1,持卡人消费,硕果园（工大商店）,-10.0,33.21,2051,正常
2016/03/30 18:29:36,ccc68a39d339a252911066278db45b6de9b7d644,0e3f895f5bf327053c9e98a223233c2f83ab9fd1,持卡人消费,硕果园（工大商店）,-9.0,24.21,2052,正常
2016/03/30 18:50:36,ccc68a39d339a252911066278db45b6de9b7d644,0e3f895f5bf327053c9e98a223233c2f83ab9fd1,持卡人消费,硕果园（工大商店）,-4.0,20.21,2053,正常
