交易发生时间,学号,姓名,交易类型,子系统名称,交易额,现有余额,次数,状态
2016/03/01 11:07:11,0987f176b56ab955d17ed2d2b43936affcda782f,0e483dffced1498aff89cf1d9396f17bb909e746,持卡人消费,九食堂商务网关,-3.8,22.50,4534,正常
2016/03/01 11:08:38,0987f176b56ab955d17ed2d2b43936affcda782f,0e483dffced1498aff89cf1d9396f17bb909e746,持卡人消费,九食堂商务网关,-0.4,22.10,4535,正常
2016/03/01 17:10:12,0987f176b56ab955d17ed2d2b43936affcda782f,0e483dffced1498aff89cf1d9396f17bb909e746,持卡人消费,九食堂商务网关,-9.0,13.10,4536,正常
2016/03/01 17:23:35,0987f176b56ab955d17ed2d2b43936affcda782f,0e483dffced1498aff89cf1d9396f17bb909e746,持卡人消费,九食堂商务网关,-2.3,10.80,4537,正常
2016/03/02 11:07:01,0987f176b56ab955d17ed2d2b43936affcda782f,0e483dffced1498aff89cf1d9396f17bb909e746,持卡人消费,九食堂商务网关,-3.6,7.20,4538,正常
2016/03/02 11:07:51,0987f176b56ab955d17ed2d2b43936affcda782f,0e483dffced1498aff89cf1d9396f17bb909e746,持卡人消费,九食堂商务网关,-1.0,6.20,4539,正常
2016/03/03 07:48:33,0987f176b56ab955d17ed2d2b43936affcda782f,0e483dffced1498aff89cf1d9396f17bb909e746,持卡人消费,学子便利店B06,-5.1,1.10,4540,正常
2016/03/03 11:30:41,0987f176b56ab955d17ed2d2b43936affcda782f,0e483dffced1498aff89cf1d9396f17bb909e746,存款,2区卡中心综合业务,200.0,201.10,4541,正常
2016/03/03 11:31:09,0987f176b56ab955d17ed2d2b43936affcda782f,0e483dffced1498aff89cf1d9396f17bb909e746,持卡人消费,九食堂商务网关,-4.1,197.00,4542,正常
2016/03/03 11:31:24,0987f176b56ab955d17ed2d2b43936affcda782f,0e483dffced1498aff89cf1d9396f17bb909e746,持卡人消费,九食堂商务网关,-0.5,196.50,4543,正常
2016/03/03 17:07:27,0987f176b56ab955d17ed2d2b43936affcda782f,0e483dffced1498aff89cf1d9396f17bb909e746,持卡人消费,九食堂商务网关,-4.6,191.90,4544,正常
2016/03/04 11:15:50,0987f176b56ab955d17ed2d2b43936affcda782f,0e483dffced1498aff89cf1d9396f17bb909e746,持卡人消费,九食堂商务网关,-3.1,188.80,4545,正常
2016/03/04 11:16:29,0987f176b56ab955d17ed2d2b43936affcda782f,0e483dffced1498aff89cf1d9396f17bb909e746,持卡人消费,九食堂商务网关,-1.0,187.80,4546,正常
2016/03/04 17:11:05,0987f176b56ab955d17ed2d2b43936affcda782f,0e483dffced1498aff89cf1d9396f17bb909e746,持卡人消费,九食堂商务网关,-4.1,183.70,4547,正常
2016/03/05 11:02:30,0987f176b56ab955d17ed2d2b43936affcda782f,0e483dffced1498aff89cf1d9396f17bb909e746,持卡人消费,九食堂商务网关,-3.3,180.40,4548,正常
2016/03/05 11:03:16,0987f176b56ab955d17ed2d2b43936affcda782f,0e483dffced1498aff89cf1d9396f17bb909e746,持卡人消费,九食堂商务网关,-1.0,179.40,4549,正常
2016/03/05 11:03:32,0987f176b56ab955d17ed2d2b43936affcda782f,0e483dffced1498aff89cf1d9396f17bb909e746,持卡人消费,九食堂商务网关,-1.5,177.90,4550,正常
2016/03/05 11:04:10,0987f176b56ab955d17ed2d2b43936affcda782f,0e483dffced1498aff89cf1d9396f17bb909e746,持卡人消费,九食堂商务网关,-7.8,170.10,4551,正常
2016/03/05 17:19:42,0987f176b56ab955d17ed2d2b43936affcda782f,0e483dffced1498aff89cf1d9396f17bb909e746,持卡人消费,九食堂商务网关,-5.2,164.90,4552,正常
2016/03/05 17:20:23,0987f176b56ab955d17ed2d2b43936affcda782f,0e483dffced1498aff89cf1d9396f17bb909e746,持卡人消费,九食堂商务网关,-2.0,162.90,4553,正常
2016/03/05 17:21:20,0987f176b56ab955d17ed2d2b43936affcda782f,0e483dffced1498aff89cf1d9396f17bb909e746,持卡人消费,九食堂商务网关,-1.0,161.90,4554,正常
2016/03/06 11:14:54,0987f176b56ab955d17ed2d2b43936affcda782f,0e483dffced1498aff89cf1d9396f17bb909e746,持卡人消费,九食堂商务网关,-6.9,155.00,4555,正常
2016/03/06 11:15:22,0987f176b56ab955d17ed2d2b43936affcda782f,0e483dffced1498aff89cf1d9396f17bb909e746,持卡人消费,九食堂商务网关,-2.0,153.00,4556,正常
2016/03/06 11:16:09,0987f176b56ab955d17ed2d2b43936affcda782f,0e483dffced1498aff89cf1d9396f17bb909e746,持卡人消费,九食堂商务网关,-0.4,152.60,4557,正常
2016/03/06 12:42:54,0987f176b56ab955d17ed2d2b43936affcda782f,0e483dffced1498aff89cf1d9396f17bb909e746,持卡人消费,二区水控,-2.66,149.94,4559,正常
2016/03/06 17:01:56,0987f176b56ab955d17ed2d2b43936affcda782f,0e483dffced1498aff89cf1d9396f17bb909e746,持卡人消费,九食堂商务网关,-5.06,144.88,4560,正常
2016/03/06 17:02:19,0987f176b56ab955d17ed2d2b43936affcda782f,0e483dffced1498aff89cf1d9396f17bb909e746,持卡人消费,九食堂商务网关,-0.8,144.08,4561,正常
2016/03/06 17:20:11,0987f176b56ab955d17ed2d2b43936affcda782f,0e483dffced1498aff89cf1d9396f17bb909e746,持卡人消费,B6,-3.0,141.08,4562,正常
2016/03/07 08:27:46,0987f176b56ab955d17ed2d2b43936affcda782f,0e483dffced1498aff89cf1d9396f17bb909e746,持卡人消费,学子便利店B06,-2.1,138.98,4563,正常
2016/03/07 11:10:25,0987f176b56ab955d17ed2d2b43936affcda782f,0e483dffced1498aff89cf1d9396f17bb909e746,持卡人消费,九食堂商务网关,-3.5,135.48,4564,正常
2016/03/07 11:11:37,0987f176b56ab955d17ed2d2b43936affcda782f,0e483dffced1498aff89cf1d9396f17bb909e746,持卡人消费,九食堂商务网关,-2.0,133.48,4565,正常
2016/03/07 17:04:21,0987f176b56ab955d17ed2d2b43936affcda782f,0e483dffced1498aff89cf1d9396f17bb909e746,持卡人消费,九食堂商务网关,-3.3,130.18,4566,正常
2016/03/08 11:15:24,0987f176b56ab955d17ed2d2b43936affcda782f,0e483dffced1498aff89cf1d9396f17bb909e746,持卡人消费,九食堂商务网关,-3.3,126.88,4567,正常
2016/03/08 11:16:26,0987f176b56ab955d17ed2d2b43936affcda782f,0e483dffced1498aff89cf1d9396f17bb909e746,持卡人消费,九食堂商务网关,-1.0,125.88,4568,正常
2016/03/09 11:02:57,0987f176b56ab955d17ed2d2b43936affcda782f,0e483dffced1498aff89cf1d9396f17bb909e746,持卡人消费,九食堂商务网关,-3.3,122.58,4569,正常
2016/03/09 17:05:23,0987f176b56ab955d17ed2d2b43936affcda782f,0e483dffced1498aff89cf1d9396f17bb909e746,持卡人消费,九食堂商务网关,-3.5,119.08,4570,正常
2016/03/10 11:04:57,0987f176b56ab955d17ed2d2b43936affcda782f,0e483dffced1498aff89cf1d9396f17bb909e746,持卡人消费,九食堂商务网关,-5.86,113.22,4571,正常
2016/03/10 11:07:01,0987f176b56ab955d17ed2d2b43936affcda782f,0e483dffced1498aff89cf1d9396f17bb909e746,持卡人消费,九食堂商务网关,-2.0,111.22,4572,正常
2016/03/10 17:08:49,0987f176b56ab955d17ed2d2b43936affcda782f,0e483dffced1498aff89cf1d9396f17bb909e746,持卡人消费,学子便利店B06,-5.3,105.92,4573,正常
2016/03/11 11:38:02,0987f176b56ab955d17ed2d2b43936affcda782f,0e483dffced1498aff89cf1d9396f17bb909e746,持卡人消费,九食堂商务网关,-9.0,96.92,4574,正常
2016/03/12 11:03:15,0987f176b56ab955d17ed2d2b43936affcda782f,0e483dffced1498aff89cf1d9396f17bb909e746,持卡人消费,九食堂商务网关,-3.8,93.12,4575,正常
2016/03/12 11:04:07,0987f176b56ab955d17ed2d2b43936affcda782f,0e483dffced1498aff89cf1d9396f17bb909e746,持卡人消费,九食堂商务网关,-1.0,92.12,4576,正常
2016/03/12 15:14:59,0987f176b56ab955d17ed2d2b43936affcda782f,0e483dffced1498aff89cf1d9396f17bb909e746,持卡人消费,学子便利店B06,-4.5,87.62,4577,正常
2016/03/12 16:28:20,0987f176b56ab955d17ed2d2b43936affcda782f,0e483dffced1498aff89cf1d9396f17bb909e746,持卡人消费,二区水控,-1.71,85.91,4579,正常
2016/03/12 17:13:16,0987f176b56ab955d17ed2d2b43936affcda782f,0e483dffced1498aff89cf1d9396f17bb909e746,持卡人消费,九食堂商务网关,-3.3,82.61,4580,正常
2016/03/12 17:14:36,0987f176b56ab955d17ed2d2b43936affcda782f,0e483dffced1498aff89cf1d9396f17bb909e746,持卡人消费,九食堂商务网关,-2.0,80.61,4581,正常
2016/03/14 11:11:22,0987f176b56ab955d17ed2d2b43936affcda782f,0e483dffced1498aff89cf1d9396f17bb909e746,持卡人消费,九食堂商务网关,-3.4,63.03,4585,正常
2016/03/14 17:09:21,0987f176b56ab955d17ed2d2b43936affcda782f,0e483dffced1498aff89cf1d9396f17bb909e746,持卡人消费,九食堂商务网关,-3.5,59.53,4586,正常
2016/03/14 17:10:03,0987f176b56ab955d17ed2d2b43936affcda782f,0e483dffced1498aff89cf1d9396f17bb909e746,持卡人消费,九食堂商务网关,-1.0,58.53,4587,正常
2016/03/14 17:11:02,0987f176b56ab955d17ed2d2b43936affcda782f,0e483dffced1498aff89cf1d9396f17bb909e746,持卡人消费,九食堂商务网关,-4.6,53.93,4588,正常
2016/03/15 08:45:06,0987f176b56ab955d17ed2d2b43936affcda782f,0e483dffced1498aff89cf1d9396f17bb909e746,持卡人消费,学子便利店B06,-2.1,51.83,4589,正常
2016/03/15 11:00:24,0987f176b56ab955d17ed2d2b43936affcda782f,0e483dffced1498aff89cf1d9396f17bb909e746,持卡人消费,九食堂商务网关,-9.0,42.83,4590,正常
2016/03/15 11:00:47,0987f176b56ab955d17ed2d2b43936affcda782f,0e483dffced1498aff89cf1d9396f17bb909e746,持卡人消费,九食堂商务网关,-6.03,36.80,4591,正常
2016/03/15 11:01:36,0987f176b56ab955d17ed2d2b43936affcda782f,0e483dffced1498aff89cf1d9396f17bb909e746,持卡人消费,九食堂商务网关,-0.8,36.00,4592,正常
2016/03/15 11:04:54,0987f176b56ab955d17ed2d2b43936affcda782f,0e483dffced1498aff89cf1d9396f17bb909e746,持卡人消费,九食堂商务网关,-0.8,35.20,4593,正常
2016/03/15 17:11:52,0987f176b56ab955d17ed2d2b43936affcda782f,0e483dffced1498aff89cf1d9396f17bb909e746,持卡人消费,九食堂商务网关,-4.0,31.20,4594,正常
2016/03/16 08:24:08,0987f176b56ab955d17ed2d2b43936affcda782f,0e483dffced1498aff89cf1d9396f17bb909e746,持卡人消费,学子便利店B06,-3.3,27.90,4595,正常
2016/03/16 10:57:03,0987f176b56ab955d17ed2d2b43936affcda782f,0e483dffced1498aff89cf1d9396f17bb909e746,持卡人消费,九食堂商务网关,-3.8,24.10,4596,正常
2016/03/16 16:31:15,0987f176b56ab955d17ed2d2b43936affcda782f,0e483dffced1498aff89cf1d9396f17bb909e746,持卡人消费,九食堂商务网关,-4.3,19.80,4597,正常
2016/03/17 11:10:03,0987f176b56ab955d17ed2d2b43936affcda782f,0e483dffced1498aff89cf1d9396f17bb909e746,持卡人消费,九食堂商务网关,-5.52,14.28,4598,正常
2016/03/17 11:11:29,0987f176b56ab955d17ed2d2b43936affcda782f,0e483dffced1498aff89cf1d9396f17bb909e746,持卡人消费,九食堂商务网关,-3.3,10.98,4599,正常
2016/03/17 17:07:41,0987f176b56ab955d17ed2d2b43936affcda782f,0e483dffced1498aff89cf1d9396f17bb909e746,持卡人消费,四食堂商务网关,-7.39,3.59,4600,正常
2016/03/18 11:27:16,0987f176b56ab955d17ed2d2b43936affcda782f,0e483dffced1498aff89cf1d9396f17bb909e746,存款,2区卡中心综合业务,100.0,103.59,4601,正常
2016/03/18 11:27:39,0987f176b56ab955d17ed2d2b43936affcda782f,0e483dffced1498aff89cf1d9396f17bb909e746,持卡人消费,九食堂商务网关,-3.5,100.09,4602,正常
2016/03/18 17:03:58,0987f176b56ab955d17ed2d2b43936affcda782f,0e483dffced1498aff89cf1d9396f17bb909e746,持卡人消费,九食堂商务网关,-2.5,97.59,4603,正常
2016/03/18 17:04:20,0987f176b56ab955d17ed2d2b43936affcda782f,0e483dffced1498aff89cf1d9396f17bb909e746,持卡人消费,九食堂商务网关,-3.5,94.09,4604,正常
2016/03/19 08:39:50,0987f176b56ab955d17ed2d2b43936affcda782f,0e483dffced1498aff89cf1d9396f17bb909e746,持卡人消费,学子便利店B06,-3.0,91.09,4605,正常
2016/03/19 11:09:24,0987f176b56ab955d17ed2d2b43936affcda782f,0e483dffced1498aff89cf1d9396f17bb909e746,持卡人消费,九食堂商务网关,-4.1,86.99,4606,正常
2016/03/19 11:10:14,0987f176b56ab955d17ed2d2b43936affcda782f,0e483dffced1498aff89cf1d9396f17bb909e746,持卡人消费,九食堂商务网关,-0.4,86.59,4607,正常
2016/03/19 11:19:21,0987f176b56ab955d17ed2d2b43936affcda782f,0e483dffced1498aff89cf1d9396f17bb909e746,持卡人消费,九食堂商务网关,-9.0,77.59,4608,正常
2016/03/19 17:13:16,0987f176b56ab955d17ed2d2b43936affcda782f,0e483dffced1498aff89cf1d9396f17bb909e746,持卡人消费,九食堂商务网关,-3.4,74.19,4609,正常
2016/03/19 17:13:58,0987f176b56ab955d17ed2d2b43936affcda782f,0e483dffced1498aff89cf1d9396f17bb909e746,持卡人消费,九食堂商务网关,-0.4,73.79,4610,正常
2016/03/20 07:53:28,0987f176b56ab955d17ed2d2b43936affcda782f,0e483dffced1498aff89cf1d9396f17bb909e746,持卡人消费,九食堂商务网关,-3.6,70.19,4611,正常
2016/03/20 07:54:34,0987f176b56ab955d17ed2d2b43936affcda782f,0e483dffced1498aff89cf1d9396f17bb909e746,持卡人消费,九食堂商务网关,-0.4,69.79,4612,正常
2016/03/20 11:12:51,0987f176b56ab955d17ed2d2b43936affcda782f,0e483dffced1498aff89cf1d9396f17bb909e746,持卡人消费,五食堂商务网关,-8.0,61.79,4613,正常
2016/03/20 16:52:16,0987f176b56ab955d17ed2d2b43936affcda782f,0e483dffced1498aff89cf1d9396f17bb909e746,持卡人消费,学子便利店B06,-4.5,57.29,4614,正常
2016/03/20 16:59:38,0987f176b56ab955d17ed2d2b43936affcda782f,0e483dffced1498aff89cf1d9396f17bb909e746,持卡人消费,九食堂商务网关,-3.5,53.79,4615,正常
2016/03/20 17:00:26,0987f176b56ab955d17ed2d2b43936affcda782f,0e483dffced1498aff89cf1d9396f17bb909e746,持卡人消费,九食堂商务网关,-0.4,53.39,4616,正常
2016/03/20 17:03:27,0987f176b56ab955d17ed2d2b43936affcda782f,0e483dffced1498aff89cf1d9396f17bb909e746,持卡人消费,九食堂商务网关,-0.4,52.99,4617,正常
2016/03/21 07:58:16,0987f176b56ab955d17ed2d2b43936affcda782f,0e483dffced1498aff89cf1d9396f17bb909e746,持卡人消费,九食堂商务网关,-1.0,51.99,4618,正常
2016/03/21 07:58:39,0987f176b56ab955d17ed2d2b43936affcda782f,0e483dffced1498aff89cf1d9396f17bb909e746,持卡人消费,九食堂商务网关,-0.4,51.59,4619,正常
2016/03/21 07:59:30,0987f176b56ab955d17ed2d2b43936affcda782f,0e483dffced1498aff89cf1d9396f17bb909e746,持卡人消费,九食堂商务网关,-0.6,50.99,4620,正常
2016/03/21 11:03:28,0987f176b56ab955d17ed2d2b43936affcda782f,0e483dffced1498aff89cf1d9396f17bb909e746,持卡人消费,九食堂商务网关,-3.8,47.19,4621,正常
2016/03/21 12:40:35,0987f176b56ab955d17ed2d2b43936affcda782f,0e483dffced1498aff89cf1d9396f17bb909e746,持卡人消费,二区水控,-2.96,44.23,4623,正常
2016/03/21 17:12:17,0987f176b56ab955d17ed2d2b43936affcda782f,0e483dffced1498aff89cf1d9396f17bb909e746,持卡人消费,九食堂商务网关,-8.5,35.73,4624,正常
2016/03/22 04:09:55,0987f176b56ab955d17ed2d2b43936affcda782f,0e483dffced1498aff89cf1d9396f17bb909e746,持卡人消费,九食堂商务网关,-2.0,33.73,4625,正常
2016/03/22 04:14:06,0987f176b56ab955d17ed2d2b43936affcda782f,0e483dffced1498aff89cf1d9396f17bb909e746,持卡人消费,九食堂商务网关,-0.2,33.53,4626,正常
2016/03/22 08:29:22,0987f176b56ab955d17ed2d2b43936affcda782f,0e483dffced1498aff89cf1d9396f17bb909e746,持卡人消费,网络中心,-30.0,3.53,4627,正常
2016/03/22 10:34:07,0987f176b56ab955d17ed2d2b43936affcda782f,0e483dffced1498aff89cf1d9396f17bb909e746,存款,现金充值机,200.0,203.53,4628,正常
2016/03/22 11:01:01,0987f176b56ab955d17ed2d2b43936affcda782f,0e483dffced1498aff89cf1d9396f17bb909e746,持卡人消费,九食堂商务网关,-3.3,200.23,4629,正常
2016/03/22 11:02:19,0987f176b56ab955d17ed2d2b43936affcda782f,0e483dffced1498aff89cf1d9396f17bb909e746,持卡人消费,九食堂商务网关,-0.4,199.83,4630,正常
2016/03/22 17:11:39,0987f176b56ab955d17ed2d2b43936affcda782f,0e483dffced1498aff89cf1d9396f17bb909e746,持卡人消费,九食堂商务网关,-3.6,196.23,4631,正常
2016/03/22 17:17:22,0987f176b56ab955d17ed2d2b43936affcda782f,0e483dffced1498aff89cf1d9396f17bb909e746,持卡人消费,九食堂商务网关,-9.0,187.23,4632,正常
2016/03/23 07:59:20,0987f176b56ab955d17ed2d2b43936affcda782f,0e483dffced1498aff89cf1d9396f17bb909e746,持卡人消费,九食堂商务网关,-2.5,184.73,4633,正常
2016/03/23 08:00:46,0987f176b56ab955d17ed2d2b43936affcda782f,0e483dffced1498aff89cf1d9396f17bb909e746,持卡人消费,九食堂商务网关,-0.6,184.13,4634,正常
2016/03/23 11:11:42,0987f176b56ab955d17ed2d2b43936affcda782f,0e483dffced1498aff89cf1d9396f17bb909e746,持卡人消费,九食堂商务网关,-3.8,180.33,4635,正常
2016/03/23 11:12:34,0987f176b56ab955d17ed2d2b43936affcda782f,0e483dffced1498aff89cf1d9396f17bb909e746,持卡人消费,九食堂商务网关,-1.0,179.33,4636,正常
2016/03/23 16:43:18,0987f176b56ab955d17ed2d2b43936affcda782f,0e483dffced1498aff89cf1d9396f17bb909e746,持卡人消费,九食堂商务网关,-4.1,175.23,4637,正常
2016/03/23 16:44:19,0987f176b56ab955d17ed2d2b43936affcda782f,0e483dffced1498aff89cf1d9396f17bb909e746,持卡人消费,九食堂商务网关,-2.0,173.23,4638,正常
2016/03/24 07:36:22,0987f176b56ab955d17ed2d2b43936affcda782f,0e483dffced1498aff89cf1d9396f17bb909e746,持卡人消费,九食堂商务网关,-3.6,169.63,4639,正常
2016/03/24 11:13:07,0987f176b56ab955d17ed2d2b43936affcda782f,0e483dffced1498aff89cf1d9396f17bb909e746,持卡人消费,九食堂商务网关,-5.5,164.13,4640,正常
2016/03/24 17:10:52,0987f176b56ab955d17ed2d2b43936affcda782f,0e483dffced1498aff89cf1d9396f17bb909e746,持卡人消费,九食堂商务网关,-2.0,162.13,4641,正常
2016/03/24 17:12:42,0987f176b56ab955d17ed2d2b43936affcda782f,0e483dffced1498aff89cf1d9396f17bb909e746,持卡人消费,九食堂商务网关,-4.1,158.03,4642,正常
2016/03/24 20:50:19,0987f176b56ab955d17ed2d2b43936affcda782f,0e483dffced1498aff89cf1d9396f17bb909e746,持卡人消费,学子便利店B06,-6.5,151.53,4643,正常
2016/03/25 07:57:32,0987f176b56ab955d17ed2d2b43936affcda782f,0e483dffced1498aff89cf1d9396f17bb909e746,持卡人消费,九食堂商务网关,-2.1,149.43,4644,正常
2016/03/25 11:39:02,0987f176b56ab955d17ed2d2b43936affcda782f,0e483dffced1498aff89cf1d9396f17bb909e746,持卡人消费,九食堂商务网关,-5.5,143.93,4645,正常
2016/03/25 16:58:27,0987f176b56ab955d17ed2d2b43936affcda782f,0e483dffced1498aff89cf1d9396f17bb909e746,持卡人消费,九食堂商务网关,-7.0,136.93,4646,正常
2016/03/26 07:29:48,0987f176b56ab955d17ed2d2b43936affcda782f,0e483dffced1498aff89cf1d9396f17bb909e746,持卡人消费,九食堂商务网关,-2.3,134.63,4647,正常
2016/03/26 11:08:40,0987f176b56ab955d17ed2d2b43936affcda782f,0e483dffced1498aff89cf1d9396f17bb909e746,持卡人消费,九食堂商务网关,-4.3,130.33,4648,正常
2016/03/26 11:09:19,0987f176b56ab955d17ed2d2b43936affcda782f,0e483dffced1498aff89cf1d9396f17bb909e746,持卡人消费,九食堂商务网关,-0.4,129.93,4649,正常
2016/03/26 17:15:12,0987f176b56ab955d17ed2d2b43936affcda782f,0e483dffced1498aff89cf1d9396f17bb909e746,持卡人消费,九食堂商务网关,-8.0,121.93,4650,正常
2016/03/26 17:16:46,0987f176b56ab955d17ed2d2b43936affcda782f,0e483dffced1498aff89cf1d9396f17bb909e746,持卡人消费,九食堂商务网关,-0.8,121.13,4651,正常
2016/03/27 12:35:32,0987f176b56ab955d17ed2d2b43936affcda782f,0e483dffced1498aff89cf1d9396f17bb909e746,持卡人消费,学子便利店B06,-3.9,117.23,4652,正常
2016/03/27 16:52:01,0987f176b56ab955d17ed2d2b43936affcda782f,0e483dffced1498aff89cf1d9396f17bb909e746,持卡人消费,九食堂商务网关,-4.0,113.23,4653,正常
2016/03/27 16:52:05,0987f176b56ab955d17ed2d2b43936affcda782f,0e483dffced1498aff89cf1d9396f17bb909e746,持卡人消费,九食堂商务网关,-0.6,112.63,4654,正常
2016/03/27 18:16:05,0987f176b56ab955d17ed2d2b43936affcda782f,0e483dffced1498aff89cf1d9396f17bb909e746,持卡人消费,二区水控,-2.38,110.25,4656,正常
2016/03/28 10:54:12,0987f176b56ab955d17ed2d2b43936affcda782f,0e483dffced1498aff89cf1d9396f17bb909e746,持卡人消费,学苑楼商务网关,-8.0,102.25,4657,正常
2016/03/28 10:56:52,0987f176b56ab955d17ed2d2b43936affcda782f,0e483dffced1498aff89cf1d9396f17bb909e746,持卡人消费,学苑楼商务网关,-0.6,101.65,4658,正常
2016/03/28 16:45:24,0987f176b56ab955d17ed2d2b43936affcda782f,0e483dffced1498aff89cf1d9396f17bb909e746,持卡人消费,九食堂商务网关,-4.6,97.05,4659,正常
2016/03/29 08:09:50,0987f176b56ab955d17ed2d2b43936affcda782f,0e483dffced1498aff89cf1d9396f17bb909e746,持卡人消费,九食堂商务网关,-2.6,94.45,4660,正常
2016/03/29 08:10:32,0987f176b56ab955d17ed2d2b43936affcda782f,0e483dffced1498aff89cf1d9396f17bb909e746,持卡人消费,九食堂商务网关,-0.4,94.05,4661,正常
2016/03/29 11:13:52,0987f176b56ab955d17ed2d2b43936affcda782f,0e483dffced1498aff89cf1d9396f17bb909e746,持卡人消费,九食堂商务网关,-4.3,89.75,4662,正常
2016/03/29 11:14:34,0987f176b56ab955d17ed2d2b43936affcda782f,0e483dffced1498aff89cf1d9396f17bb909e746,持卡人消费,九食堂商务网关,-1.0,88.75,4663,正常
2016/03/29 17:23:33,0987f176b56ab955d17ed2d2b43936affcda782f,0e483dffced1498aff89cf1d9396f17bb909e746,持卡人消费,九食堂商务网关,-9.0,79.75,4664,正常
2016/03/30 07:58:53,0987f176b56ab955d17ed2d2b43936affcda782f,0e483dffced1498aff89cf1d9396f17bb909e746,持卡人消费,九食堂商务网关,-2.0,77.75,4665,正常
2016/03/30 07:59:28,0987f176b56ab955d17ed2d2b43936affcda782f,0e483dffced1498aff89cf1d9396f17bb909e746,持卡人消费,九食堂商务网关,-1.5,76.25,4666,正常
2016/03/30 11:01:07,0987f176b56ab955d17ed2d2b43936affcda782f,0e483dffced1498aff89cf1d9396f17bb909e746,持卡人消费,九食堂商务网关,-3.5,72.75,4667,正常
2016/03/30 11:02:00,0987f176b56ab955d17ed2d2b43936affcda782f,0e483dffced1498aff89cf1d9396f17bb909e746,持卡人消费,九食堂商务网关,-1.0,71.75,4668,正常
2016/03/30 17:18:15,0987f176b56ab955d17ed2d2b43936affcda782f,0e483dffced1498aff89cf1d9396f17bb909e746,持卡人消费,四食堂商务网关,-8.14,63.61,4669,正常
2016/03/31 07:54:27,0987f176b56ab955d17ed2d2b43936affcda782f,0e483dffced1498aff89cf1d9396f17bb909e746,持卡人消费,九食堂商务网关,-2.5,61.11,4670,正常
2016/03/31 07:55:14,0987f176b56ab955d17ed2d2b43936affcda782f,0e483dffced1498aff89cf1d9396f17bb909e746,持卡人消费,九食堂商务网关,-0.6,60.51,4671,正常
2016/03/31 17:06:36,0987f176b56ab955d17ed2d2b43936affcda782f,0e483dffced1498aff89cf1d9396f17bb909e746,持卡人消费,九食堂商务网关,-6.1,54.41,4672,正常
