交易发生时间,学号,姓名,交易类型,子系统名称,交易额,现有余额,次数,状态
2016/03/24 10:12:27,48c86c96be41385a73c0863328104154a1eb0d3d,0e76e2f8dffffa4d8f4ae291bfb69ae35e1b521f,存款,现金充值机,50.0,57.43,2313,正常
2016/03/24 10:39:07,48c86c96be41385a73c0863328104154a1eb0d3d,0e76e2f8dffffa4d8f4ae291bfb69ae35e1b521f,持卡人消费,九食堂商务网关,-9.0,43.93,2315,正常
2016/03/24 12:24:53,48c86c96be41385a73c0863328104154a1eb0d3d,0e76e2f8dffffa4d8f4ae291bfb69ae35e1b521f,持卡人消费,B7,-12.0,31.93,2316,正常
2016/03/24 18:19:06,48c86c96be41385a73c0863328104154a1eb0d3d,0e76e2f8dffffa4d8f4ae291bfb69ae35e1b521f,持卡人消费,学子便利店B07,-0.3,31.63,2317,正常
2016/03/25 06:50:08,48c86c96be41385a73c0863328104154a1eb0d3d,0e76e2f8dffffa4d8f4ae291bfb69ae35e1b521f,持卡人消费,五食堂商务网关,-4.5,27.13,2318,正常
2016/03/25 06:50:19,48c86c96be41385a73c0863328104154a1eb0d3d,0e76e2f8dffffa4d8f4ae291bfb69ae35e1b521f,持卡人消费,五食堂商务网关,-3.5,23.63,2319,正常
2016/03/25 21:19:49,48c86c96be41385a73c0863328104154a1eb0d3d,0e76e2f8dffffa4d8f4ae291bfb69ae35e1b521f,持卡人消费,学子便利店B07,-7.8,15.83,2320,正常
2016/03/26 11:20:24,48c86c96be41385a73c0863328104154a1eb0d3d,0e76e2f8dffffa4d8f4ae291bfb69ae35e1b521f,持卡人消费,九食堂商务网关,-9.0,6.83,2321,正常
2016/03/26 13:47:47,48c86c96be41385a73c0863328104154a1eb0d3d,0e76e2f8dffffa4d8f4ae291bfb69ae35e1b521f,持卡人消费,二区水控,-2.73,4.10,2322,正常
