交易发生时间,学号,姓名,交易类型,子系统名称,交易额,现有余额,次数,状态
2016/03/06 07:53:04,ac69d3b87a5df1dc018ef1af026c1a4766e888b1,0ea6eef0949ab8086d95ecffcf23a3926525548c,持卡人消费,学士楼商务网关,-1.3,0.00,1115,正常
2016/03/06 07:51:27,ac69d3b87a5df1dc018ef1af026c1a4766e888b1,0ea6eef0949ab8086d95ecffcf23a3926525548c,存款,现金充值机,10.0,10.00,1116,正常
2016/03/06 08:11:39,ac69d3b87a5df1dc018ef1af026c1a4766e888b1,0ea6eef0949ab8086d95ecffcf23a3926525548c,持卡人消费,学苑楼商务网关,-5.1,4.90,1117,正常
2016/03/17 07:05:14,ac69d3b87a5df1dc018ef1af026c1a4766e888b1,0ea6eef0949ab8086d95ecffcf23a3926525548c,持卡人消费,学士楼商务网关,-0.1,4.80,1118,正常
2016/03/27 11:46:43,ac69d3b87a5df1dc018ef1af026c1a4766e888b1,0ea6eef0949ab8086d95ecffcf23a3926525548c,存款,卡中心综合业务,50.0,54.80,1119,正常
2016/03/28 11:25:35,ac69d3b87a5df1dc018ef1af026c1a4766e888b1,0ea6eef0949ab8086d95ecffcf23a3926525548c,持卡人消费,游泳馆,-6.0,48.80,1120,正常
2016/03/29 10:38:17,ac69d3b87a5df1dc018ef1af026c1a4766e888b1,0ea6eef0949ab8086d95ecffcf23a3926525548c,持卡人消费,游泳馆,-6.0,42.80,1121,正常
2016/03/29 18:29:25,ac69d3b87a5df1dc018ef1af026c1a4766e888b1,0ea6eef0949ab8086d95ecffcf23a3926525548c,持卡人消费,A2,-6.0,36.80,1122,正常
2016/03/29 18:33:49,ac69d3b87a5df1dc018ef1af026c1a4766e888b1,0ea6eef0949ab8086d95ecffcf23a3926525548c,持卡人消费,超市商务子系统,-9.0,27.80,1123,正常
2016/03/29 18:34:27,ac69d3b87a5df1dc018ef1af026c1a4766e888b1,0ea6eef0949ab8086d95ecffcf23a3926525548c,持卡人消费,超市商务子系统,-5.0,22.80,1124,正常
2016/03/31 11:03:44,ac69d3b87a5df1dc018ef1af026c1a4766e888b1,0ea6eef0949ab8086d95ecffcf23a3926525548c,持卡人消费,游泳馆,-6.0,16.80,1125,正常
