交易发生时间,学号,姓名,交易类型,子系统名称,交易额,现有余额,次数,状态
2016/03/03 07:25:23,433b8f4dd193171d1dd14c3d684aa7a7e7442487,0eaa0dc000783a0db544f0d695837ecf573da9eb,持卡人消费,学苑楼商务网关,-1.03,5.35,4603,正常
2016/03/03 07:21:59,433b8f4dd193171d1dd14c3d684aa7a7e7442487,0eaa0dc000783a0db544f0d695837ecf573da9eb,存款,现金充值机,100.0,105.35,4604,正常
2016/03/03 11:47:49,433b8f4dd193171d1dd14c3d684aa7a7e7442487,0eaa0dc000783a0db544f0d695837ecf573da9eb,持卡人消费,学苑楼商务网关,-2.5,102.85,4605,正常
2016/03/03 12:12:08,433b8f4dd193171d1dd14c3d684aa7a7e7442487,0eaa0dc000783a0db544f0d695837ecf573da9eb,持卡人消费,网络中心,-30.0,72.85,4606,正常
2016/03/03 19:02:30,433b8f4dd193171d1dd14c3d684aa7a7e7442487,0eaa0dc000783a0db544f0d695837ecf573da9eb,持卡人消费,15公寓浴池,-0.16,72.69,4608,正常
2016/03/03 19:05:52,433b8f4dd193171d1dd14c3d684aa7a7e7442487,0eaa0dc000783a0db544f0d695837ecf573da9eb,持卡人消费,15公寓浴池,-0.21,72.48,4610,正常
2016/03/03 19:09:41,433b8f4dd193171d1dd14c3d684aa7a7e7442487,0eaa0dc000783a0db544f0d695837ecf573da9eb,持卡人消费,15公寓浴池,-0.27,72.21,4612,正常
2016/03/03 19:11:54,433b8f4dd193171d1dd14c3d684aa7a7e7442487,0eaa0dc000783a0db544f0d695837ecf573da9eb,持卡人消费,15公寓浴池,-0.21,72.00,4614,正常
2016/03/04 07:26:37,433b8f4dd193171d1dd14c3d684aa7a7e7442487,0eaa0dc000783a0db544f0d695837ecf573da9eb,持卡人消费,学苑楼商务网关,-1.03,70.97,4615,正常
2016/03/05 07:52:33,433b8f4dd193171d1dd14c3d684aa7a7e7442487,0eaa0dc000783a0db544f0d695837ecf573da9eb,持卡人消费,学苑楼商务网关,-1.03,69.94,4616,正常
2016/03/05 11:52:37,433b8f4dd193171d1dd14c3d684aa7a7e7442487,0eaa0dc000783a0db544f0d695837ecf573da9eb,持卡人消费,学苑楼商务网关,-2.5,67.44,4617,正常
2016/03/05 19:22:57,433b8f4dd193171d1dd14c3d684aa7a7e7442487,0eaa0dc000783a0db544f0d695837ecf573da9eb,持卡人消费,15公寓浴池,-0.19,67.25,4619,正常
2016/03/05 19:26:18,433b8f4dd193171d1dd14c3d684aa7a7e7442487,0eaa0dc000783a0db544f0d695837ecf573da9eb,持卡人消费,15公寓浴池,-0.21,67.04,4621,正常
2016/03/05 19:29:47,433b8f4dd193171d1dd14c3d684aa7a7e7442487,0eaa0dc000783a0db544f0d695837ecf573da9eb,持卡人消费,15公寓浴池,-0.42,66.62,4623,正常
2016/03/06 07:55:18,433b8f4dd193171d1dd14c3d684aa7a7e7442487,0eaa0dc000783a0db544f0d695837ecf573da9eb,持卡人消费,学苑楼商务网关,-1.6,65.02,4624,正常
2016/03/06 11:50:14,433b8f4dd193171d1dd14c3d684aa7a7e7442487,0eaa0dc000783a0db544f0d695837ecf573da9eb,持卡人消费,学苑楼商务网关,-2.5,62.52,4625,正常
2016/03/06 16:41:44,433b8f4dd193171d1dd14c3d684aa7a7e7442487,0eaa0dc000783a0db544f0d695837ecf573da9eb,持卡人消费,超市商务子系统,-8.9,53.62,4626,正常
2016/03/07 07:44:54,433b8f4dd193171d1dd14c3d684aa7a7e7442487,0eaa0dc000783a0db544f0d695837ecf573da9eb,持卡人消费,学士楼商务网关,-1.4,52.22,4627,正常
2016/03/07 11:39:35,433b8f4dd193171d1dd14c3d684aa7a7e7442487,0eaa0dc000783a0db544f0d695837ecf573da9eb,持卡人消费,学苑楼商务网关,-1.5,50.72,4628,正常
2016/03/07 11:41:02,433b8f4dd193171d1dd14c3d684aa7a7e7442487,0eaa0dc000783a0db544f0d695837ecf573da9eb,持卡人消费,学苑楼商务网关,-2.5,48.22,4629,正常
2016/03/08 08:12:05,433b8f4dd193171d1dd14c3d684aa7a7e7442487,0eaa0dc000783a0db544f0d695837ecf573da9eb,持卡人消费,学苑楼商务网关,-1.03,47.19,4630,正常
2016/03/08 08:12:23,433b8f4dd193171d1dd14c3d684aa7a7e7442487,0eaa0dc000783a0db544f0d695837ecf573da9eb,持卡人消费,学苑楼商务网关,-0.2,46.99,4631,正常
2016/03/08 11:50:52,433b8f4dd193171d1dd14c3d684aa7a7e7442487,0eaa0dc000783a0db544f0d695837ecf573da9eb,持卡人消费,学苑楼商务网关,-2.5,44.49,4632,正常
2016/03/08 11:53:12,433b8f4dd193171d1dd14c3d684aa7a7e7442487,0eaa0dc000783a0db544f0d695837ecf573da9eb,持卡人消费,学苑楼商务网关,-0.5,43.99,4633,正常
2016/03/09 07:52:52,433b8f4dd193171d1dd14c3d684aa7a7e7442487,0eaa0dc000783a0db544f0d695837ecf573da9eb,持卡人消费,学苑楼商务网关,-0.4,43.59,4634,正常
2016/03/09 07:54:04,433b8f4dd193171d1dd14c3d684aa7a7e7442487,0eaa0dc000783a0db544f0d695837ecf573da9eb,持卡人消费,学苑楼商务网关,-0.63,42.96,4635,正常
2016/03/09 11:57:56,433b8f4dd193171d1dd14c3d684aa7a7e7442487,0eaa0dc000783a0db544f0d695837ecf573da9eb,持卡人消费,学苑楼商务网关,-2.5,40.46,4636,正常
2016/03/09 17:29:12,433b8f4dd193171d1dd14c3d684aa7a7e7442487,0eaa0dc000783a0db544f0d695837ecf573da9eb,持卡人消费,超市商务子系统,-19.1,21.36,4637,正常
2016/03/10 07:55:05,433b8f4dd193171d1dd14c3d684aa7a7e7442487,0eaa0dc000783a0db544f0d695837ecf573da9eb,持卡人消费,学苑楼商务网关,-0.63,20.73,4638,正常
2016/03/10 07:55:41,433b8f4dd193171d1dd14c3d684aa7a7e7442487,0eaa0dc000783a0db544f0d695837ecf573da9eb,持卡人消费,学苑楼商务网关,-0.4,20.33,4639,正常
2016/03/10 11:45:41,433b8f4dd193171d1dd14c3d684aa7a7e7442487,0eaa0dc000783a0db544f0d695837ecf573da9eb,持卡人消费,学苑楼商务网关,-2.5,17.83,4640,正常
2016/03/11 07:42:02,433b8f4dd193171d1dd14c3d684aa7a7e7442487,0eaa0dc000783a0db544f0d695837ecf573da9eb,持卡人消费,学苑楼商务网关,-1.03,16.80,4641,正常
2016/03/11 11:35:56,433b8f4dd193171d1dd14c3d684aa7a7e7442487,0eaa0dc000783a0db544f0d695837ecf573da9eb,持卡人消费,学苑楼商务网关,-1.0,15.80,4642,正常
2016/03/11 11:37:28,433b8f4dd193171d1dd14c3d684aa7a7e7442487,0eaa0dc000783a0db544f0d695837ecf573da9eb,持卡人消费,学苑楼商务网关,-1.5,14.30,4643,正常
2016/03/11 11:39:29,433b8f4dd193171d1dd14c3d684aa7a7e7442487,0eaa0dc000783a0db544f0d695837ecf573da9eb,持卡人消费,学苑楼商务网关,-0.2,14.10,4644,正常
2016/03/12 11:47:35,433b8f4dd193171d1dd14c3d684aa7a7e7442487,0eaa0dc000783a0db544f0d695837ecf573da9eb,持卡人消费,学苑楼商务网关,-0.5,13.60,4645,正常
2016/03/12 11:48:57,433b8f4dd193171d1dd14c3d684aa7a7e7442487,0eaa0dc000783a0db544f0d695837ecf573da9eb,持卡人消费,学苑楼商务网关,-1.0,12.60,4646,正常
2016/03/12 11:50:09,433b8f4dd193171d1dd14c3d684aa7a7e7442487,0eaa0dc000783a0db544f0d695837ecf573da9eb,持卡人消费,学苑楼商务网关,-1.5,11.10,4647,正常
2016/03/12 20:16:51,433b8f4dd193171d1dd14c3d684aa7a7e7442487,0eaa0dc000783a0db544f0d695837ecf573da9eb,持卡人消费,15公寓浴池,-0.16,10.94,4649,正常
2016/03/12 20:20:27,433b8f4dd193171d1dd14c3d684aa7a7e7442487,0eaa0dc000783a0db544f0d695837ecf573da9eb,持卡人消费,15公寓浴池,-0.27,10.67,4651,正常
2016/03/12 20:25:01,433b8f4dd193171d1dd14c3d684aa7a7e7442487,0eaa0dc000783a0db544f0d695837ecf573da9eb,持卡人消费,15公寓浴池,-0.29,10.38,4653,正常
2016/03/12 20:26:50,433b8f4dd193171d1dd14c3d684aa7a7e7442487,0eaa0dc000783a0db544f0d695837ecf573da9eb,持卡人消费,15公寓浴池,-0.18,10.20,4655,正常
2016/03/14 07:32:02,433b8f4dd193171d1dd14c3d684aa7a7e7442487,0eaa0dc000783a0db544f0d695837ecf573da9eb,持卡人消费,学苑楼商务网关,-1.03,105.94,4661,正常
2016/03/14 11:40:18,433b8f4dd193171d1dd14c3d684aa7a7e7442487,0eaa0dc000783a0db544f0d695837ecf573da9eb,持卡人消费,学苑楼商务网关,-1.5,104.44,4662,正常
2016/03/14 11:41:12,433b8f4dd193171d1dd14c3d684aa7a7e7442487,0eaa0dc000783a0db544f0d695837ecf573da9eb,持卡人消费,学苑楼商务网关,-0.2,104.24,4663,正常
2016/03/15 07:56:57,433b8f4dd193171d1dd14c3d684aa7a7e7442487,0eaa0dc000783a0db544f0d695837ecf573da9eb,持卡人消费,学苑楼商务网关,-0.4,103.84,4664,正常
2016/03/15 07:57:24,433b8f4dd193171d1dd14c3d684aa7a7e7442487,0eaa0dc000783a0db544f0d695837ecf573da9eb,持卡人消费,学苑楼商务网关,-1.0,102.84,4665,正常
2016/03/15 11:58:08,433b8f4dd193171d1dd14c3d684aa7a7e7442487,0eaa0dc000783a0db544f0d695837ecf573da9eb,持卡人消费,学苑楼商务网关,-1.0,101.84,4666,正常
2016/03/16 12:54:12,433b8f4dd193171d1dd14c3d684aa7a7e7442487,0eaa0dc000783a0db544f0d695837ecf573da9eb,持卡人消费,学士楼商务网关,-2.1,99.74,4667,正常
2016/03/17 07:43:35,433b8f4dd193171d1dd14c3d684aa7a7e7442487,0eaa0dc000783a0db544f0d695837ecf573da9eb,持卡人消费,学苑楼商务网关,-1.03,98.71,4668,正常
2016/03/17 12:43:41,433b8f4dd193171d1dd14c3d684aa7a7e7442487,0eaa0dc000783a0db544f0d695837ecf573da9eb,持卡人消费,学士楼商务网关,-2.1,96.61,4669,正常
2016/03/18 11:21:51,433b8f4dd193171d1dd14c3d684aa7a7e7442487,0eaa0dc000783a0db544f0d695837ecf573da9eb,持卡人消费,学士楼商务网关,-1.0,95.61,4670,正常
2016/03/18 11:22:54,433b8f4dd193171d1dd14c3d684aa7a7e7442487,0eaa0dc000783a0db544f0d695837ecf573da9eb,持卡人消费,学士楼商务网关,-3.1,92.51,4671,正常
2016/03/19 07:58:46,433b8f4dd193171d1dd14c3d684aa7a7e7442487,0eaa0dc000783a0db544f0d695837ecf573da9eb,持卡人消费,学苑楼商务网关,-1.03,91.48,4672,正常
2016/03/19 11:58:21,433b8f4dd193171d1dd14c3d684aa7a7e7442487,0eaa0dc000783a0db544f0d695837ecf573da9eb,持卡人消费,学士楼商务网关,-2.1,89.38,4673,正常
2016/03/20 11:46:54,433b8f4dd193171d1dd14c3d684aa7a7e7442487,0eaa0dc000783a0db544f0d695837ecf573da9eb,持卡人消费,学士楼商务网关,-2.1,87.28,4674,正常
2016/03/21 07:36:09,433b8f4dd193171d1dd14c3d684aa7a7e7442487,0eaa0dc000783a0db544f0d695837ecf573da9eb,持卡人消费,学苑楼商务网关,-1.03,86.25,4675,正常
2016/03/22 07:27:30,433b8f4dd193171d1dd14c3d684aa7a7e7442487,0eaa0dc000783a0db544f0d695837ecf573da9eb,持卡人消费,学苑楼商务网关,-0.63,85.62,4676,正常
2016/03/22 07:28:35,433b8f4dd193171d1dd14c3d684aa7a7e7442487,0eaa0dc000783a0db544f0d695837ecf573da9eb,持卡人消费,学苑楼商务网关,-0.4,85.22,4677,正常
2016/03/22 12:04:28,433b8f4dd193171d1dd14c3d684aa7a7e7442487,0eaa0dc000783a0db544f0d695837ecf573da9eb,持卡人消费,学士楼商务网关,-2.1,83.12,4678,正常
2016/03/23 06:57:57,433b8f4dd193171d1dd14c3d684aa7a7e7442487,0eaa0dc000783a0db544f0d695837ecf573da9eb,持卡人消费,学苑楼商务网关,-0.63,82.49,4679,正常
2016/03/23 06:58:28,433b8f4dd193171d1dd14c3d684aa7a7e7442487,0eaa0dc000783a0db544f0d695837ecf573da9eb,持卡人消费,学苑楼商务网关,-0.4,82.09,4680,正常
2016/03/23 11:44:43,433b8f4dd193171d1dd14c3d684aa7a7e7442487,0eaa0dc000783a0db544f0d695837ecf573da9eb,持卡人消费,学士楼商务网关,-2.1,79.99,4681,正常
2016/03/23 11:46:37,433b8f4dd193171d1dd14c3d684aa7a7e7442487,0eaa0dc000783a0db544f0d695837ecf573da9eb,持卡人消费,学士楼商务网关,-1.0,78.99,4682,正常
2016/03/24 07:00:19,433b8f4dd193171d1dd14c3d684aa7a7e7442487,0eaa0dc000783a0db544f0d695837ecf573da9eb,持卡人消费,网络中心,-30.0,48.99,4683,正常
2016/03/24 07:08:23,433b8f4dd193171d1dd14c3d684aa7a7e7442487,0eaa0dc000783a0db544f0d695837ecf573da9eb,持卡人消费,学苑楼商务网关,-1.03,47.96,4684,正常
2016/03/24 12:17:46,433b8f4dd193171d1dd14c3d684aa7a7e7442487,0eaa0dc000783a0db544f0d695837ecf573da9eb,持卡人消费,学士楼商务网关,-2.1,45.86,4685,正常
2016/03/24 20:00:07,433b8f4dd193171d1dd14c3d684aa7a7e7442487,0eaa0dc000783a0db544f0d695837ecf573da9eb,持卡人消费,15公寓浴池,-0.19,45.67,4687,正常
2016/03/24 20:03:38,433b8f4dd193171d1dd14c3d684aa7a7e7442487,0eaa0dc000783a0db544f0d695837ecf573da9eb,持卡人消费,15公寓浴池,-0.24,45.43,4689,正常
2016/03/24 20:08:44,433b8f4dd193171d1dd14c3d684aa7a7e7442487,0eaa0dc000783a0db544f0d695837ecf573da9eb,持卡人消费,15公寓浴池,-0.38,45.05,4691,正常
2016/03/24 20:11:02,433b8f4dd193171d1dd14c3d684aa7a7e7442487,0eaa0dc000783a0db544f0d695837ecf573da9eb,持卡人消费,15公寓浴池,-0.21,44.84,4693,正常
2016/03/25 07:30:05,433b8f4dd193171d1dd14c3d684aa7a7e7442487,0eaa0dc000783a0db544f0d695837ecf573da9eb,持卡人消费,学苑楼商务网关,-1.4,43.44,4694,正常
2016/03/25 11:55:07,433b8f4dd193171d1dd14c3d684aa7a7e7442487,0eaa0dc000783a0db544f0d695837ecf573da9eb,持卡人消费,学苑楼商务网关,-2.0,41.44,4695,正常
2016/03/25 11:55:57,433b8f4dd193171d1dd14c3d684aa7a7e7442487,0eaa0dc000783a0db544f0d695837ecf573da9eb,持卡人消费,学苑楼商务网关,-0.1,41.34,4696,正常
2016/03/26 12:14:08,433b8f4dd193171d1dd14c3d684aa7a7e7442487,0eaa0dc000783a0db544f0d695837ecf573da9eb,持卡人消费,学士楼商务网关,-2.1,39.24,4697,正常
2016/03/27 07:28:57,433b8f4dd193171d1dd14c3d684aa7a7e7442487,0eaa0dc000783a0db544f0d695837ecf573da9eb,持卡人消费,学苑楼商务网关,-1.4,37.84,4698,正常
2016/03/27 13:05:34,433b8f4dd193171d1dd14c3d684aa7a7e7442487,0eaa0dc000783a0db544f0d695837ecf573da9eb,持卡人消费,学士楼商务网关,-2.1,35.74,4699,正常
2016/03/28 07:31:48,433b8f4dd193171d1dd14c3d684aa7a7e7442487,0eaa0dc000783a0db544f0d695837ecf573da9eb,持卡人消费,学苑楼商务网关,-1.4,34.34,4700,正常
2016/03/28 12:02:12,433b8f4dd193171d1dd14c3d684aa7a7e7442487,0eaa0dc000783a0db544f0d695837ecf573da9eb,持卡人消费,学士楼商务网关,-1.6,32.74,4701,正常
2016/03/29 07:40:55,433b8f4dd193171d1dd14c3d684aa7a7e7442487,0eaa0dc000783a0db544f0d695837ecf573da9eb,持卡人消费,学苑楼商务网关,-1.03,31.71,4702,正常
2016/03/29 13:08:40,433b8f4dd193171d1dd14c3d684aa7a7e7442487,0eaa0dc000783a0db544f0d695837ecf573da9eb,持卡人消费,学士楼商务网关,-2.1,29.61,4703,正常
2016/03/29 20:12:51,433b8f4dd193171d1dd14c3d684aa7a7e7442487,0eaa0dc000783a0db544f0d695837ecf573da9eb,持卡人消费,15公寓浴池,-0.21,29.40,4705,正常
2016/03/29 20:16:42,433b8f4dd193171d1dd14c3d684aa7a7e7442487,0eaa0dc000783a0db544f0d695837ecf573da9eb,持卡人消费,15公寓浴池,-0.3,29.10,4707,正常
2016/03/29 20:19:37,433b8f4dd193171d1dd14c3d684aa7a7e7442487,0eaa0dc000783a0db544f0d695837ecf573da9eb,持卡人消费,15公寓浴池,-0.1,29.00,4709,正常
2016/03/29 20:22:04,433b8f4dd193171d1dd14c3d684aa7a7e7442487,0eaa0dc000783a0db544f0d695837ecf573da9eb,持卡人消费,15公寓浴池,-0.32,28.68,4711,正常
2016/03/30 07:32:54,433b8f4dd193171d1dd14c3d684aa7a7e7442487,0eaa0dc000783a0db544f0d695837ecf573da9eb,持卡人消费,学苑楼商务网关,-0.4,28.28,4712,正常
2016/03/30 07:33:30,433b8f4dd193171d1dd14c3d684aa7a7e7442487,0eaa0dc000783a0db544f0d695837ecf573da9eb,持卡人消费,学苑楼商务网关,-1.0,27.28,4713,正常
2016/03/30 11:08:48,433b8f4dd193171d1dd14c3d684aa7a7e7442487,0eaa0dc000783a0db544f0d695837ecf573da9eb,持卡人消费,学苑楼商务网关,-6.1,21.18,4714,正常
2016/03/30 11:13:18,433b8f4dd193171d1dd14c3d684aa7a7e7442487,0eaa0dc000783a0db544f0d695837ecf573da9eb,持卡人消费,学苑楼商务网关,-2.0,19.18,4715,正常
2016/03/30 11:13:49,433b8f4dd193171d1dd14c3d684aa7a7e7442487,0eaa0dc000783a0db544f0d695837ecf573da9eb,持卡人消费,学苑楼商务网关,-0.1,19.08,4716,正常
2016/03/31 07:12:53,433b8f4dd193171d1dd14c3d684aa7a7e7442487,0eaa0dc000783a0db544f0d695837ecf573da9eb,持卡人消费,学苑楼商务网关,-1.4,17.68,4717,正常
2016/03/31 12:35:24,433b8f4dd193171d1dd14c3d684aa7a7e7442487,0eaa0dc000783a0db544f0d695837ecf573da9eb,持卡人消费,学士楼商务网关,-2.1,15.58,4718,正常
