交易发生时间,学号,姓名,交易类型,子系统名称,交易额,现有余额,次数,状态
2016/03/01 08:27:34,b70c1e63aa6e5edd804c7f2630a0a3cdccac3180,0f2a788c31698e8950e70c6ae43afbdcf5640da9,持卡人消费,土木楼网关,-4.4,17.87,3368,正常
2016/03/01 11:46:04,b70c1e63aa6e5edd804c7f2630a0a3cdccac3180,0f2a788c31698e8950e70c6ae43afbdcf5640da9,持卡人消费,土木楼网关,-5.0,12.87,3369,正常
2016/03/01 11:46:35,b70c1e63aa6e5edd804c7f2630a0a3cdccac3180,0f2a788c31698e8950e70c6ae43afbdcf5640da9,持卡人消费,土木楼网关,-1.5,11.37,3370,正常
2016/03/01 11:48:10,b70c1e63aa6e5edd804c7f2630a0a3cdccac3180,0f2a788c31698e8950e70c6ae43afbdcf5640da9,持卡人消费,土木楼网关,-1.2,10.17,3371,正常
2016/03/02 08:31:52,b70c1e63aa6e5edd804c7f2630a0a3cdccac3180,0f2a788c31698e8950e70c6ae43afbdcf5640da9,持卡人消费,土木楼网关,-4.7,5.47,3372,正常
2016/03/02 08:34:35,b70c1e63aa6e5edd804c7f2630a0a3cdccac3180,0f2a788c31698e8950e70c6ae43afbdcf5640da9,持卡人消费,土木楼网关,-0.5,4.97,3373,正常
2016/03/02 09:17:09,b70c1e63aa6e5edd804c7f2630a0a3cdccac3180,0f2a788c31698e8950e70c6ae43afbdcf5640da9,持卡人消费,学子超市A05,-1.7,3.27,3374,正常
2016/03/03 16:59:45,b70c1e63aa6e5edd804c7f2630a0a3cdccac3180,0f2a788c31698e8950e70c6ae43afbdcf5640da9,存款,现金充值机,50.0,53.27,3375,正常
2016/03/03 17:14:20,b70c1e63aa6e5edd804c7f2630a0a3cdccac3180,0f2a788c31698e8950e70c6ae43afbdcf5640da9,持卡人消费,土木楼网关,-3.5,49.77,3376,正常
2016/03/03 17:16:00,b70c1e63aa6e5edd804c7f2630a0a3cdccac3180,0f2a788c31698e8950e70c6ae43afbdcf5640da9,持卡人消费,土木楼网关,-0.4,49.37,3377,正常
2016/03/03 17:30:10,b70c1e63aa6e5edd804c7f2630a0a3cdccac3180,0f2a788c31698e8950e70c6ae43afbdcf5640da9,持卡人消费,土木楼网关,-7.2,42.17,3378,正常
2016/03/04 09:00:46,b70c1e63aa6e5edd804c7f2630a0a3cdccac3180,0f2a788c31698e8950e70c6ae43afbdcf5640da9,持卡人消费,学子超市A05,-8.2,33.97,3379,正常
2016/03/04 11:44:32,b70c1e63aa6e5edd804c7f2630a0a3cdccac3180,0f2a788c31698e8950e70c6ae43afbdcf5640da9,持卡人消费,土木楼网关,-10.0,23.97,3380,正常
2016/03/05 17:18:51,b70c1e63aa6e5edd804c7f2630a0a3cdccac3180,0f2a788c31698e8950e70c6ae43afbdcf5640da9,持卡人消费,土木楼网关,-2.5,21.47,3381,正常
2016/03/05 17:20:21,b70c1e63aa6e5edd804c7f2630a0a3cdccac3180,0f2a788c31698e8950e70c6ae43afbdcf5640da9,持卡人消费,土木楼网关,-3.4,18.07,3382,正常
2016/03/05 17:34:18,b70c1e63aa6e5edd804c7f2630a0a3cdccac3180,0f2a788c31698e8950e70c6ae43afbdcf5640da9,持卡人消费,土木楼网关,-1.6,16.47,3383,正常
2016/03/05 19:43:48,b70c1e63aa6e5edd804c7f2630a0a3cdccac3180,0f2a788c31698e8950e70c6ae43afbdcf5640da9,持卡人消费,土木楼水控,-2.24,14.23,3385,正常
2016/03/06 08:31:13,b70c1e63aa6e5edd804c7f2630a0a3cdccac3180,0f2a788c31698e8950e70c6ae43afbdcf5640da9,持卡人消费,土木楼网关,-1.65,12.58,3386,正常
2016/03/06 08:32:29,b70c1e63aa6e5edd804c7f2630a0a3cdccac3180,0f2a788c31698e8950e70c6ae43afbdcf5640da9,持卡人消费,土木楼网关,-0.2,12.38,3387,正常
2016/03/06 11:49:38,b70c1e63aa6e5edd804c7f2630a0a3cdccac3180,0f2a788c31698e8950e70c6ae43afbdcf5640da9,持卡人消费,学士楼商务网关,-4.7,7.68,3388,正常
2016/03/06 18:27:27,b70c1e63aa6e5edd804c7f2630a0a3cdccac3180,0f2a788c31698e8950e70c6ae43afbdcf5640da9,持卡人消费,学子超市A05,-2.5,5.18,3389,正常
2016/03/08 11:22:25,b70c1e63aa6e5edd804c7f2630a0a3cdccac3180,0f2a788c31698e8950e70c6ae43afbdcf5640da9,存款,现金充值机,50.0,55.18,3390,正常
2016/03/08 11:37:28,b70c1e63aa6e5edd804c7f2630a0a3cdccac3180,0f2a788c31698e8950e70c6ae43afbdcf5640da9,持卡人消费,土木楼网关,-3.0,52.18,3391,正常
2016/03/08 11:37:39,b70c1e63aa6e5edd804c7f2630a0a3cdccac3180,0f2a788c31698e8950e70c6ae43afbdcf5640da9,持卡人消费,土木楼网关,-3.0,49.18,3392,正常
2016/03/08 11:39:02,b70c1e63aa6e5edd804c7f2630a0a3cdccac3180,0f2a788c31698e8950e70c6ae43afbdcf5640da9,持卡人消费,土木楼网关,-0.2,48.98,3393,正常
2016/03/08 11:44:12,b70c1e63aa6e5edd804c7f2630a0a3cdccac3180,0f2a788c31698e8950e70c6ae43afbdcf5640da9,持卡人消费,土木楼网关,-0.5,48.48,3394,正常
2016/03/08 16:58:51,b70c1e63aa6e5edd804c7f2630a0a3cdccac3180,0f2a788c31698e8950e70c6ae43afbdcf5640da9,持卡人消费,学苑楼商务网关,-9.0,39.48,3395,正常
2016/03/08 17:00:01,b70c1e63aa6e5edd804c7f2630a0a3cdccac3180,0f2a788c31698e8950e70c6ae43afbdcf5640da9,持卡人消费,学苑楼商务网关,-1.0,38.48,3396,正常
2016/03/08 17:01:21,b70c1e63aa6e5edd804c7f2630a0a3cdccac3180,0f2a788c31698e8950e70c6ae43afbdcf5640da9,持卡人消费,学苑楼商务网关,-7.0,31.48,3397,正常
2016/03/09 12:08:21,b70c1e63aa6e5edd804c7f2630a0a3cdccac3180,0f2a788c31698e8950e70c6ae43afbdcf5640da9,持卡人消费,学子楼商务网关,-9.0,22.48,3398,正常
2016/03/09 12:09:57,b70c1e63aa6e5edd804c7f2630a0a3cdccac3180,0f2a788c31698e8950e70c6ae43afbdcf5640da9,持卡人消费,学子楼商务网关,-0.5,21.98,3399,正常
2016/03/09 12:11:35,b70c1e63aa6e5edd804c7f2630a0a3cdccac3180,0f2a788c31698e8950e70c6ae43afbdcf5640da9,持卡人消费,学子楼商务网关,-3.0,18.98,3400,正常
2016/03/09 18:58:10,b70c1e63aa6e5edd804c7f2630a0a3cdccac3180,0f2a788c31698e8950e70c6ae43afbdcf5640da9,持卡人消费,A5,-3.0,15.98,3401,正常
2016/03/10 17:13:41,b70c1e63aa6e5edd804c7f2630a0a3cdccac3180,0f2a788c31698e8950e70c6ae43afbdcf5640da9,持卡人消费,学士楼商务网关,-10.9,5.08,3402,正常
2016/03/11 11:24:31,b70c1e63aa6e5edd804c7f2630a0a3cdccac3180,0f2a788c31698e8950e70c6ae43afbdcf5640da9,持卡人消费,土木楼网关,-1.5,3.58,3403,正常
2016/03/12 16:52:32,b70c1e63aa6e5edd804c7f2630a0a3cdccac3180,0f2a788c31698e8950e70c6ae43afbdcf5640da9,存款,现金充值机,50.0,53.58,3404,正常
2016/03/12 17:11:14,b70c1e63aa6e5edd804c7f2630a0a3cdccac3180,0f2a788c31698e8950e70c6ae43afbdcf5640da9,持卡人消费,学苑楼商务网关,-7.0,46.58,3405,正常
2016/03/12 17:12:32,b70c1e63aa6e5edd804c7f2630a0a3cdccac3180,0f2a788c31698e8950e70c6ae43afbdcf5640da9,持卡人消费,学苑楼商务网关,-5.0,41.58,3406,正常
2016/03/14 11:47:08,b70c1e63aa6e5edd804c7f2630a0a3cdccac3180,0f2a788c31698e8950e70c6ae43afbdcf5640da9,持卡人消费,学士楼商务网关,-10.8,25.88,3410,正常
2016/03/14 11:51:08,b70c1e63aa6e5edd804c7f2630a0a3cdccac3180,0f2a788c31698e8950e70c6ae43afbdcf5640da9,持卡人消费,学士楼商务网关,-4.9,20.98,3411,正常
2016/03/15 12:54:23,b70c1e63aa6e5edd804c7f2630a0a3cdccac3180,0f2a788c31698e8950e70c6ae43afbdcf5640da9,持卡人消费,土木楼水控,-2.5,18.48,3413,正常
2016/03/15 12:50:08,b70c1e63aa6e5edd804c7f2630a0a3cdccac3180,0f2a788c31698e8950e70c6ae43afbdcf5640da9,存款,现金充值机,10.0,28.48,3414,正常
2016/03/15 13:05:17,b70c1e63aa6e5edd804c7f2630a0a3cdccac3180,0f2a788c31698e8950e70c6ae43afbdcf5640da9,持卡人消费,A5,-9.0,19.48,3415,正常
2016/03/16 09:35:03,b70c1e63aa6e5edd804c7f2630a0a3cdccac3180,0f2a788c31698e8950e70c6ae43afbdcf5640da9,持卡人消费,A5,-3.0,16.48,3416,正常
2016/03/18 12:04:07,b70c1e63aa6e5edd804c7f2630a0a3cdccac3180,0f2a788c31698e8950e70c6ae43afbdcf5640da9,存款,现金充值机,100.0,116.48,3417,正常
2016/03/18 12:20:20,b70c1e63aa6e5edd804c7f2630a0a3cdccac3180,0f2a788c31698e8950e70c6ae43afbdcf5640da9,持卡人消费,学苑楼商务网关,-8.0,108.48,3418,正常
2016/03/18 12:22:08,b70c1e63aa6e5edd804c7f2630a0a3cdccac3180,0f2a788c31698e8950e70c6ae43afbdcf5640da9,持卡人消费,学苑楼商务网关,-6.0,102.48,3419,正常
2016/03/18 12:23:22,b70c1e63aa6e5edd804c7f2630a0a3cdccac3180,0f2a788c31698e8950e70c6ae43afbdcf5640da9,持卡人消费,学苑楼商务网关,-5.6,96.88,3420,正常
2016/03/18 19:08:59,b70c1e63aa6e5edd804c7f2630a0a3cdccac3180,0f2a788c31698e8950e70c6ae43afbdcf5640da9,持卡人消费,学子超市A05,-0.9,95.98,3421,正常
2016/03/18 20:04:13,b70c1e63aa6e5edd804c7f2630a0a3cdccac3180,0f2a788c31698e8950e70c6ae43afbdcf5640da9,持卡人消费,学子超市A05,-2.9,93.08,3422,正常
2016/03/19 12:00:05,b70c1e63aa6e5edd804c7f2630a0a3cdccac3180,0f2a788c31698e8950e70c6ae43afbdcf5640da9,持卡人消费,学苑楼商务网关,-7.0,86.08,3423,正常
2016/03/19 12:50:48,b70c1e63aa6e5edd804c7f2630a0a3cdccac3180,0f2a788c31698e8950e70c6ae43afbdcf5640da9,持卡人消费,学子超市A05,-9.5,76.58,3424,正常
2016/03/20 11:28:17,b70c1e63aa6e5edd804c7f2630a0a3cdccac3180,0f2a788c31698e8950e70c6ae43afbdcf5640da9,持卡人消费,土木楼网关,-7.0,69.58,3425,正常
2016/03/20 11:28:21,b70c1e63aa6e5edd804c7f2630a0a3cdccac3180,0f2a788c31698e8950e70c6ae43afbdcf5640da9,持卡人消费,土木楼网关,-4.5,65.08,3426,正常
2016/03/20 11:29:37,b70c1e63aa6e5edd804c7f2630a0a3cdccac3180,0f2a788c31698e8950e70c6ae43afbdcf5640da9,持卡人消费,土木楼网关,-1.5,63.58,3427,正常
2016/03/22 11:25:16,b70c1e63aa6e5edd804c7f2630a0a3cdccac3180,0f2a788c31698e8950e70c6ae43afbdcf5640da9,持卡人消费,土木楼网关,-4.5,59.08,3428,正常
2016/03/22 11:26:14,b70c1e63aa6e5edd804c7f2630a0a3cdccac3180,0f2a788c31698e8950e70c6ae43afbdcf5640da9,持卡人消费,土木楼网关,-1.5,57.58,3429,正常
2016/03/22 11:27:55,b70c1e63aa6e5edd804c7f2630a0a3cdccac3180,0f2a788c31698e8950e70c6ae43afbdcf5640da9,持卡人消费,土木楼网关,-1.7,55.88,3430,正常
2016/03/22 14:10:06,b70c1e63aa6e5edd804c7f2630a0a3cdccac3180,0f2a788c31698e8950e70c6ae43afbdcf5640da9,持卡人消费,学子超市A05,-9.5,46.38,3431,正常
2016/03/22 15:28:19,b70c1e63aa6e5edd804c7f2630a0a3cdccac3180,0f2a788c31698e8950e70c6ae43afbdcf5640da9,持卡人消费,土木楼水控,-3.0,43.38,3432,正常
2016/03/22 15:26:19,b70c1e63aa6e5edd804c7f2630a0a3cdccac3180,0f2a788c31698e8950e70c6ae43afbdcf5640da9,持卡人消费,土木楼水控,-0.02,43.36,3434,正常
2016/03/22 15:26:37,b70c1e63aa6e5edd804c7f2630a0a3cdccac3180,0f2a788c31698e8950e70c6ae43afbdcf5640da9,持卡人消费,土木楼水控,-0.05,43.31,3435,正常
2016/03/22 15:41:30,b70c1e63aa6e5edd804c7f2630a0a3cdccac3180,0f2a788c31698e8950e70c6ae43afbdcf5640da9,持卡人消费,土木楼水控,-3.0,40.31,3436,正常
2016/03/22 15:43:22,b70c1e63aa6e5edd804c7f2630a0a3cdccac3180,0f2a788c31698e8950e70c6ae43afbdcf5640da9,持卡人消费,土木楼水控,-0.36,39.95,3438,正常
2016/03/23 12:08:53,b70c1e63aa6e5edd804c7f2630a0a3cdccac3180,0f2a788c31698e8950e70c6ae43afbdcf5640da9,持卡人消费,学士楼商务网关,-5.0,34.95,3439,正常
2016/03/23 12:30:11,b70c1e63aa6e5edd804c7f2630a0a3cdccac3180,0f2a788c31698e8950e70c6ae43afbdcf5640da9,持卡人消费,硕果园（工大商店）,-12.0,22.95,3440,正常
2016/03/23 12:30:17,b70c1e63aa6e5edd804c7f2630a0a3cdccac3180,0f2a788c31698e8950e70c6ae43afbdcf5640da9,持卡人消费,硕果园（工大商店）,-10.0,12.95,3441,正常
2016/03/23 17:27:29,b70c1e63aa6e5edd804c7f2630a0a3cdccac3180,0f2a788c31698e8950e70c6ae43afbdcf5640da9,持卡人消费,土木楼网关,-2.5,10.45,3442,正常
2016/03/23 17:31:20,b70c1e63aa6e5edd804c7f2630a0a3cdccac3180,0f2a788c31698e8950e70c6ae43afbdcf5640da9,持卡人消费,土木楼网关,-4.5,5.95,3443,正常
2016/03/24 11:29:02,b70c1e63aa6e5edd804c7f2630a0a3cdccac3180,0f2a788c31698e8950e70c6ae43afbdcf5640da9,持卡人消费,土木楼网关,-1.2,4.75,3444,正常
2016/03/24 11:32:49,b70c1e63aa6e5edd804c7f2630a0a3cdccac3180,0f2a788c31698e8950e70c6ae43afbdcf5640da9,持卡人消费,土木楼网关,-0.2,4.55,3445,正常
2016/03/24 17:25:30,b70c1e63aa6e5edd804c7f2630a0a3cdccac3180,0f2a788c31698e8950e70c6ae43afbdcf5640da9,存款,现金充值机,50.0,54.55,3446,正常
2016/03/24 17:42:05,b70c1e63aa6e5edd804c7f2630a0a3cdccac3180,0f2a788c31698e8950e70c6ae43afbdcf5640da9,持卡人消费,学苑楼商务网关,-8.0,46.55,3447,正常
2016/03/24 17:42:41,b70c1e63aa6e5edd804c7f2630a0a3cdccac3180,0f2a788c31698e8950e70c6ae43afbdcf5640da9,持卡人消费,学苑楼商务网关,-7.0,39.55,3448,正常
2016/03/25 09:07:30,b70c1e63aa6e5edd804c7f2630a0a3cdccac3180,0f2a788c31698e8950e70c6ae43afbdcf5640da9,持卡人消费,学子超市A05,-1.7,37.85,3449,正常
2016/03/25 12:07:22,b70c1e63aa6e5edd804c7f2630a0a3cdccac3180,0f2a788c31698e8950e70c6ae43afbdcf5640da9,持卡人消费,学苑楼商务网关,-10.0,27.85,3450,正常
2016/03/26 18:34:42,b70c1e63aa6e5edd804c7f2630a0a3cdccac3180,0f2a788c31698e8950e70c6ae43afbdcf5640da9,持卡人消费,A5,-3.0,24.85,3451,正常
2016/03/27 12:10:30,b70c1e63aa6e5edd804c7f2630a0a3cdccac3180,0f2a788c31698e8950e70c6ae43afbdcf5640da9,持卡人消费,学士楼商务网关,-11.5,13.35,3452,正常
2016/03/27 18:46:33,b70c1e63aa6e5edd804c7f2630a0a3cdccac3180,0f2a788c31698e8950e70c6ae43afbdcf5640da9,持卡人消费,土木楼水控,-1.27,12.08,3453,正常
2016/03/28 12:35:48,b70c1e63aa6e5edd804c7f2630a0a3cdccac3180,0f2a788c31698e8950e70c6ae43afbdcf5640da9,持卡人消费,学子超市A05,-3.4,8.68,3454,正常
2016/03/31 11:53:07,b70c1e63aa6e5edd804c7f2630a0a3cdccac3180,0f2a788c31698e8950e70c6ae43afbdcf5640da9,存款,现金充值机,20.0,28.68,3455,正常
2016/03/31 11:53:37,b70c1e63aa6e5edd804c7f2630a0a3cdccac3180,0f2a788c31698e8950e70c6ae43afbdcf5640da9,存款,现金充值机,50.0,78.68,3456,正常
2016/03/31 12:10:00,b70c1e63aa6e5edd804c7f2630a0a3cdccac3180,0f2a788c31698e8950e70c6ae43afbdcf5640da9,持卡人消费,学苑楼商务网关,-9.0,69.68,3457,正常
2016/03/31 12:10:02,b70c1e63aa6e5edd804c7f2630a0a3cdccac3180,0f2a788c31698e8950e70c6ae43afbdcf5640da9,持卡人消费,学苑楼商务网关,-1.0,68.68,3458,正常
2016/03/31 12:11:09,b70c1e63aa6e5edd804c7f2630a0a3cdccac3180,0f2a788c31698e8950e70c6ae43afbdcf5640da9,持卡人消费,学苑楼商务网关,-7.0,61.68,3459,正常
2016/03/31 19:09:26,b70c1e63aa6e5edd804c7f2630a0a3cdccac3180,0f2a788c31698e8950e70c6ae43afbdcf5640da9,持卡人消费,学子超市A05,-0.8,60.88,3460,正常
