交易发生时间,学号,姓名,交易类型,子系统名称,交易额,现有余额,次数,状态
2016/03/03 17:41:07,335ac6cf848e4cdf67a03eff0419ae6527e26115,0f4c3f4b296f883688ecb249b364f49f85b04882,持卡人消费,学苑楼商务网关,-3.0,77.39,558,正常
2016/03/14 19:42:55,335ac6cf848e4cdf67a03eff0419ae6527e26115,0f4c3f4b296f883688ecb249b364f49f85b04882,持卡人消费,超市商务子系统,-6.0,71.39,559,正常
2016/03/15 15:19:16,335ac6cf848e4cdf67a03eff0419ae6527e26115,0f4c3f4b296f883688ecb249b364f49f85b04882,持卡人消费,超市商务子系统,-6.0,65.39,560,正常
2016/03/16 11:56:23,335ac6cf848e4cdf67a03eff0419ae6527e26115,0f4c3f4b296f883688ecb249b364f49f85b04882,持卡人消费,超市商务子系统,-0.2,65.19,561,正常
2016/03/21 19:35:53,335ac6cf848e4cdf67a03eff0419ae6527e26115,0f4c3f4b296f883688ecb249b364f49f85b04882,持卡人消费,超市商务子系统,-2.4,62.79,562,正常
2016/03/25 17:26:08,335ac6cf848e4cdf67a03eff0419ae6527e26115,0f4c3f4b296f883688ecb249b364f49f85b04882,持卡人消费,硕果园（工大商店）,-12.0,50.79,563,正常
2016/03/25 17:26:18,335ac6cf848e4cdf67a03eff0419ae6527e26115,0f4c3f4b296f883688ecb249b364f49f85b04882,持卡人消费,硕果园（工大商店）,-5.0,45.79,564,正常
