交易发生时间,学号,姓名,交易类型,子系统名称,交易额,现有余额,次数,状态
2016/03/01 12:02:07,15893859ea7d3ca13ec75f3142eb9979ad5cc09e,0f8d44ab16557a90d976d60bd0e6cd792948820e,持卡人消费,学士楼商务网关,-3.8,94.63,4107,正常
2016/03/01 12:02:38,15893859ea7d3ca13ec75f3142eb9979ad5cc09e,0f8d44ab16557a90d976d60bd0e6cd792948820e,持卡人消费,学士楼商务网关,-0.5,94.13,4108,正常
2016/03/01 12:26:52,15893859ea7d3ca13ec75f3142eb9979ad5cc09e,0f8d44ab16557a90d976d60bd0e6cd792948820e,持卡人消费,超市商务子系统,-2.5,91.63,4109,正常
2016/03/01 17:11:12,15893859ea7d3ca13ec75f3142eb9979ad5cc09e,0f8d44ab16557a90d976d60bd0e6cd792948820e,持卡人消费,学苑楼商务网关,-3.5,88.13,4110,正常
2016/03/01 17:11:30,15893859ea7d3ca13ec75f3142eb9979ad5cc09e,0f8d44ab16557a90d976d60bd0e6cd792948820e,持卡人消费,学苑楼商务网关,-2.3,85.83,4111,正常
2016/03/02 09:24:17,15893859ea7d3ca13ec75f3142eb9979ad5cc09e,0f8d44ab16557a90d976d60bd0e6cd792948820e,持卡人消费,学士楼商务网关,-1.5,84.33,4112,正常
2016/03/02 09:24:50,15893859ea7d3ca13ec75f3142eb9979ad5cc09e,0f8d44ab16557a90d976d60bd0e6cd792948820e,持卡人消费,学士楼商务网关,-1.5,82.83,4113,正常
2016/03/02 09:39:05,15893859ea7d3ca13ec75f3142eb9979ad5cc09e,0f8d44ab16557a90d976d60bd0e6cd792948820e,持卡人消费,超市商务子系统,-4.3,78.53,4114,正常
2016/03/02 11:33:46,15893859ea7d3ca13ec75f3142eb9979ad5cc09e,0f8d44ab16557a90d976d60bd0e6cd792948820e,持卡人消费,学苑楼商务网关,-3.0,75.53,4115,正常
2016/03/02 11:34:47,15893859ea7d3ca13ec75f3142eb9979ad5cc09e,0f8d44ab16557a90d976d60bd0e6cd792948820e,持卡人消费,学苑楼商务网关,-1.6,73.93,4116,正常
2016/03/02 11:46:15,15893859ea7d3ca13ec75f3142eb9979ad5cc09e,0f8d44ab16557a90d976d60bd0e6cd792948820e,持卡人消费,学苑楼商务网关,-0.5,73.43,4117,正常
2016/03/02 17:15:12,15893859ea7d3ca13ec75f3142eb9979ad5cc09e,0f8d44ab16557a90d976d60bd0e6cd792948820e,持卡人消费,学士楼商务网关,-6.1,67.33,4118,正常
2016/03/02 17:30:31,15893859ea7d3ca13ec75f3142eb9979ad5cc09e,0f8d44ab16557a90d976d60bd0e6cd792948820e,持卡人消费,学士楼商务网关,-0.5,66.83,4119,正常
2016/03/03 08:56:47,15893859ea7d3ca13ec75f3142eb9979ad5cc09e,0f8d44ab16557a90d976d60bd0e6cd792948820e,持卡人消费,学士楼商务网关,-2.7,64.13,4120,正常
2016/03/03 11:24:31,15893859ea7d3ca13ec75f3142eb9979ad5cc09e,0f8d44ab16557a90d976d60bd0e6cd792948820e,存款,学苑楼综合业务2,100.0,164.13,4121,正常
2016/03/03 11:25:09,15893859ea7d3ca13ec75f3142eb9979ad5cc09e,0f8d44ab16557a90d976d60bd0e6cd792948820e,持卡人消费,学苑楼商务网关,-4.0,160.13,4122,正常
2016/03/03 11:25:59,15893859ea7d3ca13ec75f3142eb9979ad5cc09e,0f8d44ab16557a90d976d60bd0e6cd792948820e,持卡人消费,学苑楼商务网关,-1.3,158.83,4123,正常
2016/03/03 11:26:08,15893859ea7d3ca13ec75f3142eb9979ad5cc09e,0f8d44ab16557a90d976d60bd0e6cd792948820e,持卡人消费,学苑楼商务网关,-1.0,157.83,4124,正常
2016/03/03 17:14:26,15893859ea7d3ca13ec75f3142eb9979ad5cc09e,0f8d44ab16557a90d976d60bd0e6cd792948820e,持卡人消费,学苑楼商务网关,-8.0,149.83,4125,正常
2016/03/04 17:16:58,15893859ea7d3ca13ec75f3142eb9979ad5cc09e,0f8d44ab16557a90d976d60bd0e6cd792948820e,持卡人消费,学士楼商务网关,-4.8,145.03,4126,正常
2016/03/04 17:17:40,15893859ea7d3ca13ec75f3142eb9979ad5cc09e,0f8d44ab16557a90d976d60bd0e6cd792948820e,持卡人消费,学士楼商务网关,-1.0,144.03,4127,正常
2016/03/05 09:32:27,15893859ea7d3ca13ec75f3142eb9979ad5cc09e,0f8d44ab16557a90d976d60bd0e6cd792948820e,持卡人消费,学士楼商务网关,-2.0,142.03,4128,正常
2016/03/05 09:32:48,15893859ea7d3ca13ec75f3142eb9979ad5cc09e,0f8d44ab16557a90d976d60bd0e6cd792948820e,持卡人消费,学士楼商务网关,-1.2,140.83,4129,正常
2016/03/05 09:33:18,15893859ea7d3ca13ec75f3142eb9979ad5cc09e,0f8d44ab16557a90d976d60bd0e6cd792948820e,持卡人消费,学士楼商务网关,-0.3,140.53,4130,正常
2016/03/05 12:20:15,15893859ea7d3ca13ec75f3142eb9979ad5cc09e,0f8d44ab16557a90d976d60bd0e6cd792948820e,持卡人消费,学士楼商务网关,-3.6,136.93,4131,正常
2016/03/05 12:21:38,15893859ea7d3ca13ec75f3142eb9979ad5cc09e,0f8d44ab16557a90d976d60bd0e6cd792948820e,持卡人消费,学士楼商务网关,-3.0,133.93,4132,正常
2016/03/05 17:17:09,15893859ea7d3ca13ec75f3142eb9979ad5cc09e,0f8d44ab16557a90d976d60bd0e6cd792948820e,持卡人消费,学苑楼商务网关,-3.0,130.93,4133,正常
2016/03/05 17:17:35,15893859ea7d3ca13ec75f3142eb9979ad5cc09e,0f8d44ab16557a90d976d60bd0e6cd792948820e,持卡人消费,学苑楼商务网关,-2.3,128.63,4134,正常
2016/03/06 11:23:15,15893859ea7d3ca13ec75f3142eb9979ad5cc09e,0f8d44ab16557a90d976d60bd0e6cd792948820e,持卡人消费,学苑楼商务网关,-6.0,122.63,4135,正常
2016/03/06 11:23:48,15893859ea7d3ca13ec75f3142eb9979ad5cc09e,0f8d44ab16557a90d976d60bd0e6cd792948820e,持卡人消费,学苑楼商务网关,-3.8,118.83,4136,正常
2016/03/06 11:25:36,15893859ea7d3ca13ec75f3142eb9979ad5cc09e,0f8d44ab16557a90d976d60bd0e6cd792948820e,持卡人消费,学苑楼商务网关,-0.5,118.33,4137,正常
2016/03/06 18:08:50,15893859ea7d3ca13ec75f3142eb9979ad5cc09e,0f8d44ab16557a90d976d60bd0e6cd792948820e,持卡人消费,学士楼商务网关,-3.3,115.03,4138,正常
2016/03/06 18:09:46,15893859ea7d3ca13ec75f3142eb9979ad5cc09e,0f8d44ab16557a90d976d60bd0e6cd792948820e,持卡人消费,学士楼商务网关,-3.0,112.03,4139,正常
2016/03/06 18:10:07,15893859ea7d3ca13ec75f3142eb9979ad5cc09e,0f8d44ab16557a90d976d60bd0e6cd792948820e,持卡人消费,学士楼商务网关,-0.5,111.53,4140,正常
2016/03/07 17:44:37,15893859ea7d3ca13ec75f3142eb9979ad5cc09e,0f8d44ab16557a90d976d60bd0e6cd792948820e,持卡人消费,学士楼商务网关,-3.3,108.23,4141,正常
2016/03/07 17:45:47,15893859ea7d3ca13ec75f3142eb9979ad5cc09e,0f8d44ab16557a90d976d60bd0e6cd792948820e,持卡人消费,学士楼商务网关,-4.5,103.73,4142,正常
2016/03/08 08:57:45,15893859ea7d3ca13ec75f3142eb9979ad5cc09e,0f8d44ab16557a90d976d60bd0e6cd792948820e,持卡人消费,学士楼商务网关,-2.7,101.03,4143,正常
2016/03/08 12:04:29,15893859ea7d3ca13ec75f3142eb9979ad5cc09e,0f8d44ab16557a90d976d60bd0e6cd792948820e,持卡人消费,学士楼商务网关,-3.8,97.23,4144,正常
2016/03/08 12:05:19,15893859ea7d3ca13ec75f3142eb9979ad5cc09e,0f8d44ab16557a90d976d60bd0e6cd792948820e,持卡人消费,学士楼商务网关,-2.0,95.23,4145,正常
2016/03/08 17:28:39,15893859ea7d3ca13ec75f3142eb9979ad5cc09e,0f8d44ab16557a90d976d60bd0e6cd792948820e,持卡人消费,学苑楼商务网关,-3.5,91.73,4146,正常
2016/03/08 17:29:14,15893859ea7d3ca13ec75f3142eb9979ad5cc09e,0f8d44ab16557a90d976d60bd0e6cd792948820e,持卡人消费,学苑楼商务网关,-2.3,89.43,4147,正常
2016/03/09 07:54:04,15893859ea7d3ca13ec75f3142eb9979ad5cc09e,0f8d44ab16557a90d976d60bd0e6cd792948820e,持卡人消费,学士楼商务网关,-3.5,85.93,4148,正常
2016/03/09 11:26:48,15893859ea7d3ca13ec75f3142eb9979ad5cc09e,0f8d44ab16557a90d976d60bd0e6cd792948820e,持卡人消费,学苑楼商务网关,-6.0,79.93,4149,正常
2016/03/09 11:28:06,15893859ea7d3ca13ec75f3142eb9979ad5cc09e,0f8d44ab16557a90d976d60bd0e6cd792948820e,持卡人消费,学苑楼商务网关,-3.0,76.93,4150,正常
2016/03/09 11:28:08,15893859ea7d3ca13ec75f3142eb9979ad5cc09e,0f8d44ab16557a90d976d60bd0e6cd792948820e,持卡人消费,学苑楼商务网关,-0.6,76.33,4151,正常
2016/03/09 11:29:15,15893859ea7d3ca13ec75f3142eb9979ad5cc09e,0f8d44ab16557a90d976d60bd0e6cd792948820e,持卡人消费,学苑楼商务网关,-0.5,75.83,4152,正常
2016/03/09 17:01:20,15893859ea7d3ca13ec75f3142eb9979ad5cc09e,0f8d44ab16557a90d976d60bd0e6cd792948820e,持卡人消费,学苑楼商务网关,-3.0,72.83,4153,正常
2016/03/09 17:02:20,15893859ea7d3ca13ec75f3142eb9979ad5cc09e,0f8d44ab16557a90d976d60bd0e6cd792948820e,持卡人消费,学苑楼商务网关,-2.0,70.83,4154,正常
2016/03/09 17:21:47,15893859ea7d3ca13ec75f3142eb9979ad5cc09e,0f8d44ab16557a90d976d60bd0e6cd792948820e,持卡人消费,超市商务子系统,-7.6,63.23,4155,正常
2016/03/10 12:23:37,15893859ea7d3ca13ec75f3142eb9979ad5cc09e,0f8d44ab16557a90d976d60bd0e6cd792948820e,持卡人消费,一校区水控新,-0.98,62.25,4157,正常
2016/03/10 12:27:19,15893859ea7d3ca13ec75f3142eb9979ad5cc09e,0f8d44ab16557a90d976d60bd0e6cd792948820e,持卡人消费,一校区水控新,-0.43,61.82,4159,正常
2016/03/10 12:33:58,15893859ea7d3ca13ec75f3142eb9979ad5cc09e,0f8d44ab16557a90d976d60bd0e6cd792948820e,持卡人消费,一校区水控新,-0.35,61.47,4161,正常
2016/03/10 12:37:10,15893859ea7d3ca13ec75f3142eb9979ad5cc09e,0f8d44ab16557a90d976d60bd0e6cd792948820e,持卡人消费,一校区水控新,-0.27,61.20,4163,正常
2016/03/10 12:37:56,15893859ea7d3ca13ec75f3142eb9979ad5cc09e,0f8d44ab16557a90d976d60bd0e6cd792948820e,持卡人消费,一校区水控新,-0.1,61.10,4165,正常
2016/03/10 12:43:23,15893859ea7d3ca13ec75f3142eb9979ad5cc09e,0f8d44ab16557a90d976d60bd0e6cd792948820e,持卡人消费,一校区水控新,-0.53,60.57,4167,正常
2016/03/10 12:44:15,15893859ea7d3ca13ec75f3142eb9979ad5cc09e,0f8d44ab16557a90d976d60bd0e6cd792948820e,持卡人消费,一校区水控新,-0.05,60.52,4169,正常
2016/03/10 17:02:54,15893859ea7d3ca13ec75f3142eb9979ad5cc09e,0f8d44ab16557a90d976d60bd0e6cd792948820e,持卡人消费,学士楼商务网关,-3.8,56.72,4170,正常
2016/03/10 17:03:35,15893859ea7d3ca13ec75f3142eb9979ad5cc09e,0f8d44ab16557a90d976d60bd0e6cd792948820e,持卡人消费,学士楼商务网关,-3.0,53.72,4171,正常
2016/03/10 17:04:02,15893859ea7d3ca13ec75f3142eb9979ad5cc09e,0f8d44ab16557a90d976d60bd0e6cd792948820e,持卡人消费,学士楼商务网关,-0.5,53.22,4172,正常
2016/03/11 09:02:41,15893859ea7d3ca13ec75f3142eb9979ad5cc09e,0f8d44ab16557a90d976d60bd0e6cd792948820e,持卡人消费,学士楼商务网关,-2.7,50.52,4173,正常
2016/03/11 11:44:05,15893859ea7d3ca13ec75f3142eb9979ad5cc09e,0f8d44ab16557a90d976d60bd0e6cd792948820e,持卡人消费,学士楼商务网关,-6.6,43.92,4174,正常
2016/03/11 16:47:04,15893859ea7d3ca13ec75f3142eb9979ad5cc09e,0f8d44ab16557a90d976d60bd0e6cd792948820e,持卡人消费,学苑楼商务网关,-2.3,41.62,4175,正常
2016/03/11 16:47:25,15893859ea7d3ca13ec75f3142eb9979ad5cc09e,0f8d44ab16557a90d976d60bd0e6cd792948820e,持卡人消费,学苑楼商务网关,-1.0,40.62,4176,正常
2016/03/11 17:00:21,15893859ea7d3ca13ec75f3142eb9979ad5cc09e,0f8d44ab16557a90d976d60bd0e6cd792948820e,持卡人消费,学苑楼商务网关,-0.5,40.12,4177,正常
2016/03/11 17:10:53,15893859ea7d3ca13ec75f3142eb9979ad5cc09e,0f8d44ab16557a90d976d60bd0e6cd792948820e,持卡人消费,超市商务子系统,-9.4,30.72,4178,正常
2016/03/11 17:13:34,15893859ea7d3ca13ec75f3142eb9979ad5cc09e,0f8d44ab16557a90d976d60bd0e6cd792948820e,持卡人消费,超市商务子系统,-2.1,28.62,4179,正常
2016/03/12 11:34:03,15893859ea7d3ca13ec75f3142eb9979ad5cc09e,0f8d44ab16557a90d976d60bd0e6cd792948820e,持卡人消费,学士楼商务网关,-4.6,24.02,4180,正常
2016/03/12 11:35:28,15893859ea7d3ca13ec75f3142eb9979ad5cc09e,0f8d44ab16557a90d976d60bd0e6cd792948820e,持卡人消费,学士楼商务网关,-3.0,21.02,4181,正常
2016/03/12 16:55:59,15893859ea7d3ca13ec75f3142eb9979ad5cc09e,0f8d44ab16557a90d976d60bd0e6cd792948820e,持卡人消费,学苑楼商务网关,-1.5,19.52,4182,正常
2016/03/12 16:56:34,15893859ea7d3ca13ec75f3142eb9979ad5cc09e,0f8d44ab16557a90d976d60bd0e6cd792948820e,持卡人消费,学苑楼商务网关,-3.6,15.92,4183,正常
2016/03/12 16:57:13,15893859ea7d3ca13ec75f3142eb9979ad5cc09e,0f8d44ab16557a90d976d60bd0e6cd792948820e,持卡人消费,学苑楼商务网关,-0.5,15.42,4184,正常
2016/03/12 17:01:03,15893859ea7d3ca13ec75f3142eb9979ad5cc09e,0f8d44ab16557a90d976d60bd0e6cd792948820e,持卡人消费,学苑楼商务网关,-0.6,14.82,4185,正常
2016/03/12 16:58:28,15893859ea7d3ca13ec75f3142eb9979ad5cc09e,0f8d44ab16557a90d976d60bd0e6cd792948820e,存款,现金充值机,200.0,214.82,4186,正常
2016/03/14 07:36:23,15893859ea7d3ca13ec75f3142eb9979ad5cc09e,0f8d44ab16557a90d976d60bd0e6cd792948820e,持卡人消费,学士楼商务网关,-3.5,199.92,4194,正常
2016/03/14 11:49:37,15893859ea7d3ca13ec75f3142eb9979ad5cc09e,0f8d44ab16557a90d976d60bd0e6cd792948820e,持卡人消费,学士楼商务网关,-4.8,195.12,4195,正常
2016/03/14 11:50:57,15893859ea7d3ca13ec75f3142eb9979ad5cc09e,0f8d44ab16557a90d976d60bd0e6cd792948820e,持卡人消费,学士楼商务网关,-1.0,194.12,4196,正常
2016/03/14 17:31:04,15893859ea7d3ca13ec75f3142eb9979ad5cc09e,0f8d44ab16557a90d976d60bd0e6cd792948820e,持卡人消费,学士楼商务网关,-6.5,187.62,4197,正常
2016/03/14 17:31:08,15893859ea7d3ca13ec75f3142eb9979ad5cc09e,0f8d44ab16557a90d976d60bd0e6cd792948820e,持卡人消费,学士楼商务网关,-0.6,187.02,4198,正常
2016/03/14 17:33:53,15893859ea7d3ca13ec75f3142eb9979ad5cc09e,0f8d44ab16557a90d976d60bd0e6cd792948820e,持卡人消费,学士楼商务网关,-0.5,186.52,4199,正常
2016/03/15 12:13:05,15893859ea7d3ca13ec75f3142eb9979ad5cc09e,0f8d44ab16557a90d976d60bd0e6cd792948820e,持卡人消费,一校区水控新,-0.88,185.64,4200,正常
2016/03/15 12:20:03,15893859ea7d3ca13ec75f3142eb9979ad5cc09e,0f8d44ab16557a90d976d60bd0e6cd792948820e,持卡人消费,一校区水控新,-0.73,184.91,4201,正常
2016/03/15 12:25:11,15893859ea7d3ca13ec75f3142eb9979ad5cc09e,0f8d44ab16557a90d976d60bd0e6cd792948820e,持卡人消费,一校区水控新,-0.41,184.50,4202,正常
2016/03/15 12:26:40,15893859ea7d3ca13ec75f3142eb9979ad5cc09e,0f8d44ab16557a90d976d60bd0e6cd792948820e,持卡人消费,一校区水控新,-0.16,184.34,4203,正常
2016/03/15 12:28:01,15893859ea7d3ca13ec75f3142eb9979ad5cc09e,0f8d44ab16557a90d976d60bd0e6cd792948820e,持卡人消费,一校区水控新,-0.16,184.18,4204,正常
2016/03/15 12:59:09,15893859ea7d3ca13ec75f3142eb9979ad5cc09e,0f8d44ab16557a90d976d60bd0e6cd792948820e,持卡人消费,A7,-3.0,181.18,4205,正常
2016/03/16 11:13:18,15893859ea7d3ca13ec75f3142eb9979ad5cc09e,0f8d44ab16557a90d976d60bd0e6cd792948820e,持卡人消费,学苑楼商务网关,-6.0,175.18,4206,正常
2016/03/16 11:27:11,15893859ea7d3ca13ec75f3142eb9979ad5cc09e,0f8d44ab16557a90d976d60bd0e6cd792948820e,持卡人消费,学苑楼商务网关,-3.9,171.28,4207,正常
2016/03/16 17:13:57,15893859ea7d3ca13ec75f3142eb9979ad5cc09e,0f8d44ab16557a90d976d60bd0e6cd792948820e,持卡人消费,学苑楼商务网关,-7.0,164.28,4208,正常
2016/03/17 11:28:55,15893859ea7d3ca13ec75f3142eb9979ad5cc09e,0f8d44ab16557a90d976d60bd0e6cd792948820e,持卡人消费,学士楼商务网关,-5.5,158.78,4209,正常
2016/03/17 11:30:01,15893859ea7d3ca13ec75f3142eb9979ad5cc09e,0f8d44ab16557a90d976d60bd0e6cd792948820e,持卡人消费,学士楼商务网关,-1.4,157.38,4210,正常
2016/03/17 11:30:13,15893859ea7d3ca13ec75f3142eb9979ad5cc09e,0f8d44ab16557a90d976d60bd0e6cd792948820e,持卡人消费,学士楼商务网关,-0.4,156.98,4211,正常
2016/03/17 17:24:59,15893859ea7d3ca13ec75f3142eb9979ad5cc09e,0f8d44ab16557a90d976d60bd0e6cd792948820e,持卡人消费,学苑楼商务网关,-3.8,153.18,4212,正常
2016/03/17 17:26:01,15893859ea7d3ca13ec75f3142eb9979ad5cc09e,0f8d44ab16557a90d976d60bd0e6cd792948820e,持卡人消费,学苑楼商务网关,-1.0,152.18,4213,正常
2016/03/18 09:42:26,15893859ea7d3ca13ec75f3142eb9979ad5cc09e,0f8d44ab16557a90d976d60bd0e6cd792948820e,持卡人消费,学士楼商务网关,-2.3,149.88,4214,正常
2016/03/18 11:42:58,15893859ea7d3ca13ec75f3142eb9979ad5cc09e,0f8d44ab16557a90d976d60bd0e6cd792948820e,持卡人消费,学士楼商务网关,-0.7,149.18,4215,正常
2016/03/18 11:43:23,15893859ea7d3ca13ec75f3142eb9979ad5cc09e,0f8d44ab16557a90d976d60bd0e6cd792948820e,持卡人消费,学士楼商务网关,-0.5,148.68,4216,正常
2016/03/18 11:44:30,15893859ea7d3ca13ec75f3142eb9979ad5cc09e,0f8d44ab16557a90d976d60bd0e6cd792948820e,持卡人消费,学士楼商务网关,-3.6,145.08,4217,正常
2016/03/18 17:15:50,15893859ea7d3ca13ec75f3142eb9979ad5cc09e,0f8d44ab16557a90d976d60bd0e6cd792948820e,持卡人消费,学苑楼商务网关,-6.6,138.48,4218,正常
2016/03/18 17:16:04,15893859ea7d3ca13ec75f3142eb9979ad5cc09e,0f8d44ab16557a90d976d60bd0e6cd792948820e,持卡人消费,学苑楼商务网关,-1.0,137.48,4219,正常
2016/03/18 17:17:59,15893859ea7d3ca13ec75f3142eb9979ad5cc09e,0f8d44ab16557a90d976d60bd0e6cd792948820e,持卡人消费,学苑楼商务网关,-3.0,134.48,4220,正常
2016/03/18 17:38:48,15893859ea7d3ca13ec75f3142eb9979ad5cc09e,0f8d44ab16557a90d976d60bd0e6cd792948820e,持卡人消费,超市商务子系统,-7.3,127.18,4221,正常
2016/03/19 11:44:51,15893859ea7d3ca13ec75f3142eb9979ad5cc09e,0f8d44ab16557a90d976d60bd0e6cd792948820e,持卡人消费,学士楼商务网关,-6.0,121.18,4222,正常
2016/03/19 11:45:59,15893859ea7d3ca13ec75f3142eb9979ad5cc09e,0f8d44ab16557a90d976d60bd0e6cd792948820e,持卡人消费,学士楼商务网关,-2.5,118.68,4223,正常
2016/03/19 11:46:20,15893859ea7d3ca13ec75f3142eb9979ad5cc09e,0f8d44ab16557a90d976d60bd0e6cd792948820e,持卡人消费,学士楼商务网关,-0.6,118.08,4224,正常
2016/03/19 13:26:43,15893859ea7d3ca13ec75f3142eb9979ad5cc09e,0f8d44ab16557a90d976d60bd0e6cd792948820e,持卡人消费,一校区水控新,-0.93,117.15,4226,正常
2016/03/19 13:35:18,15893859ea7d3ca13ec75f3142eb9979ad5cc09e,0f8d44ab16557a90d976d60bd0e6cd792948820e,持卡人消费,一校区水控新,-0.86,116.29,4228,正常
2016/03/19 13:40:18,15893859ea7d3ca13ec75f3142eb9979ad5cc09e,0f8d44ab16557a90d976d60bd0e6cd792948820e,持卡人消费,一校区水控新,-0.53,115.76,4230,正常
2016/03/19 13:43:15,15893859ea7d3ca13ec75f3142eb9979ad5cc09e,0f8d44ab16557a90d976d60bd0e6cd792948820e,持卡人消费,一校区水控新,-0.24,115.52,4232,正常
2016/03/19 16:37:22,15893859ea7d3ca13ec75f3142eb9979ad5cc09e,0f8d44ab16557a90d976d60bd0e6cd792948820e,持卡人消费,学士楼商务网关,-4.0,111.52,4233,正常
2016/03/19 16:37:45,15893859ea7d3ca13ec75f3142eb9979ad5cc09e,0f8d44ab16557a90d976d60bd0e6cd792948820e,持卡人消费,学士楼商务网关,-1.5,110.02,4234,正常
2016/03/19 16:38:17,15893859ea7d3ca13ec75f3142eb9979ad5cc09e,0f8d44ab16557a90d976d60bd0e6cd792948820e,持卡人消费,学士楼商务网关,-8.0,102.02,4235,正常
2016/03/19 16:38:47,15893859ea7d3ca13ec75f3142eb9979ad5cc09e,0f8d44ab16557a90d976d60bd0e6cd792948820e,持卡人消费,学士楼商务网关,-0.8,101.22,4236,正常
2016/03/19 16:50:04,15893859ea7d3ca13ec75f3142eb9979ad5cc09e,0f8d44ab16557a90d976d60bd0e6cd792948820e,持卡人消费,学士楼商务网关,-0.5,100.72,4237,正常
2016/03/20 11:05:18,15893859ea7d3ca13ec75f3142eb9979ad5cc09e,0f8d44ab16557a90d976d60bd0e6cd792948820e,持卡人消费,学苑楼商务网关,-7.0,93.72,4238,正常
2016/03/20 11:06:53,15893859ea7d3ca13ec75f3142eb9979ad5cc09e,0f8d44ab16557a90d976d60bd0e6cd792948820e,持卡人消费,学苑楼商务网关,-1.5,92.22,4239,正常
2016/03/20 17:29:10,15893859ea7d3ca13ec75f3142eb9979ad5cc09e,0f8d44ab16557a90d976d60bd0e6cd792948820e,持卡人消费,学苑楼商务网关,-3.0,89.22,4240,正常
2016/03/20 17:29:22,15893859ea7d3ca13ec75f3142eb9979ad5cc09e,0f8d44ab16557a90d976d60bd0e6cd792948820e,持卡人消费,学苑楼商务网关,-1.6,87.62,4241,正常
2016/03/20 17:30:25,15893859ea7d3ca13ec75f3142eb9979ad5cc09e,0f8d44ab16557a90d976d60bd0e6cd792948820e,持卡人消费,学苑楼商务网关,-0.5,87.12,4242,正常
2016/03/21 07:35:40,15893859ea7d3ca13ec75f3142eb9979ad5cc09e,0f8d44ab16557a90d976d60bd0e6cd792948820e,持卡人消费,学士楼商务网关,-3.5,83.62,4243,正常
2016/03/21 11:53:53,15893859ea7d3ca13ec75f3142eb9979ad5cc09e,0f8d44ab16557a90d976d60bd0e6cd792948820e,持卡人消费,学士楼商务网关,-12.5,71.12,4244,正常
2016/03/21 17:32:55,15893859ea7d3ca13ec75f3142eb9979ad5cc09e,0f8d44ab16557a90d976d60bd0e6cd792948820e,持卡人消费,学士楼商务网关,-0.7,70.42,4245,正常
2016/03/21 17:33:23,15893859ea7d3ca13ec75f3142eb9979ad5cc09e,0f8d44ab16557a90d976d60bd0e6cd792948820e,持卡人消费,学士楼商务网关,-0.5,69.92,4246,正常
2016/03/21 17:34:37,15893859ea7d3ca13ec75f3142eb9979ad5cc09e,0f8d44ab16557a90d976d60bd0e6cd792948820e,持卡人消费,学士楼商务网关,-3.0,66.92,4247,正常
2016/03/21 17:35:50,15893859ea7d3ca13ec75f3142eb9979ad5cc09e,0f8d44ab16557a90d976d60bd0e6cd792948820e,持卡人消费,学士楼商务网关,-0.8,66.12,4248,正常
2016/03/21 17:37:01,15893859ea7d3ca13ec75f3142eb9979ad5cc09e,0f8d44ab16557a90d976d60bd0e6cd792948820e,持卡人消费,学士楼商务网关,-5.1,61.02,4249,正常
2016/03/21 19:26:33,15893859ea7d3ca13ec75f3142eb9979ad5cc09e,0f8d44ab16557a90d976d60bd0e6cd792948820e,持卡人消费,一校区水控新,-1.62,59.40,4251,正常
2016/03/21 19:30:55,15893859ea7d3ca13ec75f3142eb9979ad5cc09e,0f8d44ab16557a90d976d60bd0e6cd792948820e,持卡人消费,一校区水控新,-0.16,59.24,4253,正常
2016/03/21 19:34:43,15893859ea7d3ca13ec75f3142eb9979ad5cc09e,0f8d44ab16557a90d976d60bd0e6cd792948820e,持卡人消费,一校区水控新,-0.45,58.79,4255,正常
2016/03/21 19:38:33,15893859ea7d3ca13ec75f3142eb9979ad5cc09e,0f8d44ab16557a90d976d60bd0e6cd792948820e,持卡人消费,一校区水控新,-0.43,58.36,4257,正常
2016/03/21 19:41:42,15893859ea7d3ca13ec75f3142eb9979ad5cc09e,0f8d44ab16557a90d976d60bd0e6cd792948820e,持卡人消费,一校区水控新,-0.19,58.17,4259,正常
2016/03/22 09:44:23,15893859ea7d3ca13ec75f3142eb9979ad5cc09e,0f8d44ab16557a90d976d60bd0e6cd792948820e,持卡人消费,学士楼商务网关,-1.5,56.67,4260,正常
2016/03/22 12:44:29,15893859ea7d3ca13ec75f3142eb9979ad5cc09e,0f8d44ab16557a90d976d60bd0e6cd792948820e,持卡人消费,学士楼商务网关,-6.0,50.67,4261,正常
2016/03/22 18:08:46,15893859ea7d3ca13ec75f3142eb9979ad5cc09e,0f8d44ab16557a90d976d60bd0e6cd792948820e,持卡人消费,学士楼商务网关,-3.0,47.67,4262,正常
2016/03/22 18:09:41,15893859ea7d3ca13ec75f3142eb9979ad5cc09e,0f8d44ab16557a90d976d60bd0e6cd792948820e,持卡人消费,学士楼商务网关,-1.6,46.07,4263,正常
2016/03/22 18:10:23,15893859ea7d3ca13ec75f3142eb9979ad5cc09e,0f8d44ab16557a90d976d60bd0e6cd792948820e,持卡人消费,学士楼商务网关,-0.2,45.87,4264,正常
2016/03/22 18:29:46,15893859ea7d3ca13ec75f3142eb9979ad5cc09e,0f8d44ab16557a90d976d60bd0e6cd792948820e,持卡人消费,超市商务子系统,-0.5,45.37,4265,正常
2016/03/23 11:30:16,15893859ea7d3ca13ec75f3142eb9979ad5cc09e,0f8d44ab16557a90d976d60bd0e6cd792948820e,持卡人消费,学苑楼商务网关,-7.5,37.87,4266,正常
2016/03/23 11:30:40,15893859ea7d3ca13ec75f3142eb9979ad5cc09e,0f8d44ab16557a90d976d60bd0e6cd792948820e,持卡人消费,学苑楼商务网关,-7.5,30.37,4267,正常
2016/03/23 18:14:18,15893859ea7d3ca13ec75f3142eb9979ad5cc09e,0f8d44ab16557a90d976d60bd0e6cd792948820e,持卡人消费,学士楼商务网关,-3.8,26.57,4268,正常
2016/03/23 18:14:59,15893859ea7d3ca13ec75f3142eb9979ad5cc09e,0f8d44ab16557a90d976d60bd0e6cd792948820e,持卡人消费,学士楼商务网关,-2.0,24.57,4269,正常
2016/03/23 18:32:54,15893859ea7d3ca13ec75f3142eb9979ad5cc09e,0f8d44ab16557a90d976d60bd0e6cd792948820e,持卡人消费,超市商务子系统,-0.4,24.17,4270,正常
2016/03/24 11:31:51,15893859ea7d3ca13ec75f3142eb9979ad5cc09e,0f8d44ab16557a90d976d60bd0e6cd792948820e,持卡人消费,学士楼商务网关,-3.3,20.87,4271,正常
2016/03/24 11:32:51,15893859ea7d3ca13ec75f3142eb9979ad5cc09e,0f8d44ab16557a90d976d60bd0e6cd792948820e,持卡人消费,学士楼商务网关,-4.5,16.37,4272,正常
2016/03/24 17:59:52,15893859ea7d3ca13ec75f3142eb9979ad5cc09e,0f8d44ab16557a90d976d60bd0e6cd792948820e,持卡人消费,学苑楼商务网关,-5.0,11.37,4273,正常
2016/03/24 18:00:01,15893859ea7d3ca13ec75f3142eb9979ad5cc09e,0f8d44ab16557a90d976d60bd0e6cd792948820e,持卡人消费,学苑楼商务网关,-1.0,10.37,4274,正常
2016/03/24 18:02:23,15893859ea7d3ca13ec75f3142eb9979ad5cc09e,0f8d44ab16557a90d976d60bd0e6cd792948820e,持卡人消费,学苑楼商务网关,-1.5,8.87,4275,正常
2016/03/24 18:18:27,15893859ea7d3ca13ec75f3142eb9979ad5cc09e,0f8d44ab16557a90d976d60bd0e6cd792948820e,存款,学苑楼综合业务2,100.0,108.87,4276,正常
2016/03/24 18:22:47,15893859ea7d3ca13ec75f3142eb9979ad5cc09e,0f8d44ab16557a90d976d60bd0e6cd792948820e,持卡人消费,超市商务子系统,-2.5,106.37,4277,正常
2016/03/25 12:07:30,15893859ea7d3ca13ec75f3142eb9979ad5cc09e,0f8d44ab16557a90d976d60bd0e6cd792948820e,持卡人消费,学士楼商务网关,-6.3,100.07,4278,正常
2016/03/25 12:32:07,15893859ea7d3ca13ec75f3142eb9979ad5cc09e,0f8d44ab16557a90d976d60bd0e6cd792948820e,持卡人消费,超市商务子系统,-2.5,97.57,4279,正常
2016/03/25 17:11:20,15893859ea7d3ca13ec75f3142eb9979ad5cc09e,0f8d44ab16557a90d976d60bd0e6cd792948820e,持卡人消费,学苑楼商务网关,-3.0,94.57,4280,正常
2016/03/25 17:11:45,15893859ea7d3ca13ec75f3142eb9979ad5cc09e,0f8d44ab16557a90d976d60bd0e6cd792948820e,持卡人消费,学苑楼商务网关,-1.6,92.97,4281,正常
2016/03/26 11:44:40,15893859ea7d3ca13ec75f3142eb9979ad5cc09e,0f8d44ab16557a90d976d60bd0e6cd792948820e,持卡人消费,学苑楼商务网关,-9.0,83.97,4282,正常
2016/03/26 17:37:49,15893859ea7d3ca13ec75f3142eb9979ad5cc09e,0f8d44ab16557a90d976d60bd0e6cd792948820e,持卡人消费,学士楼商务网关,-2.5,81.47,4283,正常
2016/03/26 17:38:10,15893859ea7d3ca13ec75f3142eb9979ad5cc09e,0f8d44ab16557a90d976d60bd0e6cd792948820e,持卡人消费,学士楼商务网关,-3.6,77.87,4284,正常
2016/03/26 17:39:05,15893859ea7d3ca13ec75f3142eb9979ad5cc09e,0f8d44ab16557a90d976d60bd0e6cd792948820e,持卡人消费,学士楼商务网关,-0.5,77.37,4285,正常
2016/03/26 18:05:00,15893859ea7d3ca13ec75f3142eb9979ad5cc09e,0f8d44ab16557a90d976d60bd0e6cd792948820e,持卡人消费,超市商务子系统,-3.4,73.97,4286,正常
2016/03/27 17:11:24,15893859ea7d3ca13ec75f3142eb9979ad5cc09e,0f8d44ab16557a90d976d60bd0e6cd792948820e,持卡人消费,学苑楼商务网关,-3.5,70.47,4287,正常
2016/03/27 17:12:07,15893859ea7d3ca13ec75f3142eb9979ad5cc09e,0f8d44ab16557a90d976d60bd0e6cd792948820e,持卡人消费,学苑楼商务网关,-1.0,69.47,4288,正常
2016/03/27 17:12:52,15893859ea7d3ca13ec75f3142eb9979ad5cc09e,0f8d44ab16557a90d976d60bd0e6cd792948820e,持卡人消费,学苑楼商务网关,-0.8,68.67,4289,正常
2016/03/28 08:34:23,15893859ea7d3ca13ec75f3142eb9979ad5cc09e,0f8d44ab16557a90d976d60bd0e6cd792948820e,持卡人消费,学士楼商务网关,-2.0,66.67,4290,正常
2016/03/28 08:35:26,15893859ea7d3ca13ec75f3142eb9979ad5cc09e,0f8d44ab16557a90d976d60bd0e6cd792948820e,持卡人消费,学士楼商务网关,-0.9,65.77,4291,正常
2016/03/28 11:46:21,15893859ea7d3ca13ec75f3142eb9979ad5cc09e,0f8d44ab16557a90d976d60bd0e6cd792948820e,持卡人消费,学士楼商务网关,-6.1,59.67,4292,正常
2016/03/28 11:55:17,15893859ea7d3ca13ec75f3142eb9979ad5cc09e,0f8d44ab16557a90d976d60bd0e6cd792948820e,持卡人消费,学士楼商务网关,-0.5,59.17,4293,正常
2016/03/28 17:54:22,15893859ea7d3ca13ec75f3142eb9979ad5cc09e,0f8d44ab16557a90d976d60bd0e6cd792948820e,持卡人消费,学士楼商务网关,-3.5,55.67,4294,正常
2016/03/28 17:54:29,15893859ea7d3ca13ec75f3142eb9979ad5cc09e,0f8d44ab16557a90d976d60bd0e6cd792948820e,持卡人消费,学士楼商务网关,-0.4,55.27,4295,正常
2016/03/28 17:56:04,15893859ea7d3ca13ec75f3142eb9979ad5cc09e,0f8d44ab16557a90d976d60bd0e6cd792948820e,持卡人消费,学士楼商务网关,-2.0,53.27,4296,正常
2016/03/29 09:47:17,15893859ea7d3ca13ec75f3142eb9979ad5cc09e,0f8d44ab16557a90d976d60bd0e6cd792948820e,持卡人消费,学士楼商务网关,-3.3,49.97,4297,正常
2016/03/29 11:41:22,15893859ea7d3ca13ec75f3142eb9979ad5cc09e,0f8d44ab16557a90d976d60bd0e6cd792948820e,持卡人消费,学士楼商务网关,-3.6,46.37,4298,正常
2016/03/29 11:42:45,15893859ea7d3ca13ec75f3142eb9979ad5cc09e,0f8d44ab16557a90d976d60bd0e6cd792948820e,持卡人消费,学士楼商务网关,-1.0,45.37,4299,正常
2016/03/29 17:26:05,15893859ea7d3ca13ec75f3142eb9979ad5cc09e,0f8d44ab16557a90d976d60bd0e6cd792948820e,持卡人消费,学士楼商务网关,-6.3,39.07,4300,正常
2016/03/30 08:11:21,15893859ea7d3ca13ec75f3142eb9979ad5cc09e,0f8d44ab16557a90d976d60bd0e6cd792948820e,持卡人消费,学士楼商务网关,-2.7,36.37,4301,正常
2016/03/30 11:28:36,15893859ea7d3ca13ec75f3142eb9979ad5cc09e,0f8d44ab16557a90d976d60bd0e6cd792948820e,持卡人消费,学士楼商务网关,-7.1,29.27,4302,正常
2016/03/30 17:14:52,15893859ea7d3ca13ec75f3142eb9979ad5cc09e,0f8d44ab16557a90d976d60bd0e6cd792948820e,持卡人消费,学士楼商务网关,-12.0,17.27,4303,正常
2016/03/31 10:41:44,15893859ea7d3ca13ec75f3142eb9979ad5cc09e,0f8d44ab16557a90d976d60bd0e6cd792948820e,持卡人消费,学士楼商务网关,-6.3,10.97,4304,正常
2016/03/31 10:53:30,15893859ea7d3ca13ec75f3142eb9979ad5cc09e,0f8d44ab16557a90d976d60bd0e6cd792948820e,持卡人消费,学士楼商务网关,-0.2,10.77,4305,正常
2016/03/31 17:07:21,15893859ea7d3ca13ec75f3142eb9979ad5cc09e,0f8d44ab16557a90d976d60bd0e6cd792948820e,存款,学苑楼综合业务2,200.0,210.77,4306,正常
2016/03/31 17:08:02,15893859ea7d3ca13ec75f3142eb9979ad5cc09e,0f8d44ab16557a90d976d60bd0e6cd792948820e,持卡人消费,学苑楼商务网关,-3.5,207.27,4307,正常
2016/03/31 17:08:49,15893859ea7d3ca13ec75f3142eb9979ad5cc09e,0f8d44ab16557a90d976d60bd0e6cd792948820e,持卡人消费,学苑楼商务网关,-2.1,205.17,4308,正常
2016/03/31 17:11:33,15893859ea7d3ca13ec75f3142eb9979ad5cc09e,0f8d44ab16557a90d976d60bd0e6cd792948820e,持卡人消费,学苑楼商务网关,-0.6,204.57,4309,正常
