交易发生时间,学号,姓名,交易类型,子系统名称,交易额,现有余额,次数,状态
2016/03/01 12:10:56,3405bb66127712192a89ab735eeed0de49f8cafe,0f9572c567bdaf94e9a518460a1a174450c16daa,持卡人消费,超市商务子系统,-95.6,239.18,5140,正常
2016/03/01 15:52:07,3405bb66127712192a89ab735eeed0de49f8cafe,0f9572c567bdaf94e9a518460a1a174450c16daa,持卡人消费,15公寓浴池,-1.07,238.11,5142,正常
2016/03/01 16:01:25,3405bb66127712192a89ab735eeed0de49f8cafe,0f9572c567bdaf94e9a518460a1a174450c16daa,持卡人消费,15公寓浴池,-1.23,236.88,5144,正常
2016/03/03 11:06:02,3405bb66127712192a89ab735eeed0de49f8cafe,0f9572c567bdaf94e9a518460a1a174450c16daa,持卡人消费,学士楼商务网关,-4.1,232.78,5145,正常
2016/03/03 11:06:45,3405bb66127712192a89ab735eeed0de49f8cafe,0f9572c567bdaf94e9a518460a1a174450c16daa,持卡人消费,学士楼商务网关,-1.5,231.28,5146,正常
2016/03/03 11:24:25,3405bb66127712192a89ab735eeed0de49f8cafe,0f9572c567bdaf94e9a518460a1a174450c16daa,持卡人消费,超市商务子系统,-13.2,218.08,5147,正常
2016/03/03 11:26:51,3405bb66127712192a89ab735eeed0de49f8cafe,0f9572c567bdaf94e9a518460a1a174450c16daa,持卡人消费,超市商务子系统,-6.5,211.58,5148,正常
2016/03/04 12:09:00,3405bb66127712192a89ab735eeed0de49f8cafe,0f9572c567bdaf94e9a518460a1a174450c16daa,持卡人消费,硕果园（工大商店）,-12.0,199.58,5149,正常
2016/03/06 11:39:18,3405bb66127712192a89ab735eeed0de49f8cafe,0f9572c567bdaf94e9a518460a1a174450c16daa,持卡人消费,学苑楼商务网关,-4.0,195.58,5150,正常
2016/03/06 11:40:18,3405bb66127712192a89ab735eeed0de49f8cafe,0f9572c567bdaf94e9a518460a1a174450c16daa,持卡人消费,学苑楼商务网关,-5.6,189.98,5151,正常
2016/03/06 12:03:35,3405bb66127712192a89ab735eeed0de49f8cafe,0f9572c567bdaf94e9a518460a1a174450c16daa,持卡人消费,超市商务子系统,-4.2,185.78,5152,正常
2016/03/07 18:43:53,3405bb66127712192a89ab735eeed0de49f8cafe,0f9572c567bdaf94e9a518460a1a174450c16daa,持卡人消费,硕果园（工大商店）,-17.5,168.28,5153,正常
2016/03/09 17:11:21,3405bb66127712192a89ab735eeed0de49f8cafe,0f9572c567bdaf94e9a518460a1a174450c16daa,持卡人消费,学士楼商务网关,-1.5,166.78,5154,正常
2016/03/09 17:12:33,3405bb66127712192a89ab735eeed0de49f8cafe,0f9572c567bdaf94e9a518460a1a174450c16daa,持卡人消费,学士楼商务网关,-4.6,162.18,5155,正常
2016/03/09 19:24:14,3405bb66127712192a89ab735eeed0de49f8cafe,0f9572c567bdaf94e9a518460a1a174450c16daa,持卡人消费,一校区水控新,-1.15,161.03,5157,正常
2016/03/09 19:37:11,3405bb66127712192a89ab735eeed0de49f8cafe,0f9572c567bdaf94e9a518460a1a174450c16daa,持卡人消费,一校区水控新,-1.62,159.41,5159,正常
2016/03/10 16:59:36,3405bb66127712192a89ab735eeed0de49f8cafe,0f9572c567bdaf94e9a518460a1a174450c16daa,持卡人消费,学士楼商务网关,-6.1,153.31,5160,正常
2016/03/10 17:14:59,3405bb66127712192a89ab735eeed0de49f8cafe,0f9572c567bdaf94e9a518460a1a174450c16daa,持卡人消费,超市商务子系统,-12.8,140.51,5161,正常
2016/03/10 17:18:50,3405bb66127712192a89ab735eeed0de49f8cafe,0f9572c567bdaf94e9a518460a1a174450c16daa,持卡人消费,超市商务子系统,-6.5,134.01,5162,正常
2016/03/11 13:03:37,3405bb66127712192a89ab735eeed0de49f8cafe,0f9572c567bdaf94e9a518460a1a174450c16daa,持卡人消费,硕果园（工大商店）,-5.0,129.01,5163,正常
2016/03/14 11:00:05,3405bb66127712192a89ab735eeed0de49f8cafe,0f9572c567bdaf94e9a518460a1a174450c16daa,持卡人消费,学士楼商务网关,-1.6,113.81,5166,正常
2016/03/14 11:01:33,3405bb66127712192a89ab735eeed0de49f8cafe,0f9572c567bdaf94e9a518460a1a174450c16daa,持卡人消费,学士楼商务网关,-1.5,112.31,5167,正常
2016/03/14 19:39:37,3405bb66127712192a89ab735eeed0de49f8cafe,0f9572c567bdaf94e9a518460a1a174450c16daa,持卡人消费,一校区水控新,-1.02,111.29,5169,正常
2016/03/14 19:51:21,3405bb66127712192a89ab735eeed0de49f8cafe,0f9572c567bdaf94e9a518460a1a174450c16daa,持卡人消费,一校区水控新,-1.57,109.72,5171,正常
2016/03/15 11:22:00,3405bb66127712192a89ab735eeed0de49f8cafe,0f9572c567bdaf94e9a518460a1a174450c16daa,持卡人消费,学士楼商务网关,-8.28,101.44,5172,正常
2016/03/15 11:23:13,3405bb66127712192a89ab735eeed0de49f8cafe,0f9572c567bdaf94e9a518460a1a174450c16daa,持卡人消费,学士楼商务网关,-3.6,97.84,5173,正常
2016/03/17 17:29:36,3405bb66127712192a89ab735eeed0de49f8cafe,0f9572c567bdaf94e9a518460a1a174450c16daa,持卡人消费,超市商务子系统,-13.8,84.04,5174,正常
2016/03/17 17:33:32,3405bb66127712192a89ab735eeed0de49f8cafe,0f9572c567bdaf94e9a518460a1a174450c16daa,持卡人消费,超市商务子系统,-14.8,69.24,5175,正常
2016/03/17 18:32:58,3405bb66127712192a89ab735eeed0de49f8cafe,0f9572c567bdaf94e9a518460a1a174450c16daa,持卡人消费,一校区水控新,-1.01,68.23,5177,正常
2016/03/17 18:43:02,3405bb66127712192a89ab735eeed0de49f8cafe,0f9572c567bdaf94e9a518460a1a174450c16daa,持卡人消费,一校区水控新,-1.28,66.95,5179,正常
2016/03/18 18:29:59,3405bb66127712192a89ab735eeed0de49f8cafe,0f9572c567bdaf94e9a518460a1a174450c16daa,持卡人消费,硕果园（工大商店）,-5.0,61.95,5180,正常
2016/03/20 17:59:34,3405bb66127712192a89ab735eeed0de49f8cafe,0f9572c567bdaf94e9a518460a1a174450c16daa,持卡人消费,硕果园（工大商店）,-8.0,53.95,5181,正常
2016/03/22 19:28:59,3405bb66127712192a89ab735eeed0de49f8cafe,0f9572c567bdaf94e9a518460a1a174450c16daa,持卡人消费,一校区水控新,-1.02,52.93,5183,正常
2016/03/22 19:39:37,3405bb66127712192a89ab735eeed0de49f8cafe,0f9572c567bdaf94e9a518460a1a174450c16daa,持卡人消费,一校区水控新,-1.49,51.44,5185,正常
2016/03/24 10:54:55,3405bb66127712192a89ab735eeed0de49f8cafe,0f9572c567bdaf94e9a518460a1a174450c16daa,持卡人消费,网络中心,-30.0,21.44,5186,正常
2016/03/27 12:50:44,3405bb66127712192a89ab735eeed0de49f8cafe,0f9572c567bdaf94e9a518460a1a174450c16daa,持卡人消费,硕果园（工大商店）,-5.0,16.44,5187,正常
