交易发生时间,学号,姓名,交易类型,子系统名称,交易额,现有余额,次数,状态
2016/03/01 11:02:36,6b8c1b536a6764c4c0b13e2b4e618ff5c13854f0,0f9572c567bdaf94e9a518460a1a174450c16daa,持卡人消费,九食堂商务网关,-9.0,132.17,4714,正常
2016/03/01 19:32:48,6b8c1b536a6764c4c0b13e2b4e618ff5c13854f0,0f9572c567bdaf94e9a518460a1a174450c16daa,持卡人消费,四食堂商务网关,-9.0,123.17,4715,正常
2016/03/01 20:30:19,6b8c1b536a6764c4c0b13e2b4e618ff5c13854f0,0f9572c567bdaf94e9a518460a1a174450c16daa,持卡人消费,二区水控,-0.82,122.35,4717,正常
2016/03/01 20:32:46,6b8c1b536a6764c4c0b13e2b4e618ff5c13854f0,0f9572c567bdaf94e9a518460a1a174450c16daa,持卡人消费,二区水控,-0.27,122.08,4719,正常
2016/03/01 20:38:30,6b8c1b536a6764c4c0b13e2b4e618ff5c13854f0,0f9572c567bdaf94e9a518460a1a174450c16daa,持卡人消费,二区水控,-0.88,121.20,4721,正常
2016/03/02 11:14:19,6b8c1b536a6764c4c0b13e2b4e618ff5c13854f0,0f9572c567bdaf94e9a518460a1a174450c16daa,持卡人消费,九食堂商务网关,-9.0,112.20,4722,正常
2016/03/02 16:58:22,6b8c1b536a6764c4c0b13e2b4e618ff5c13854f0,0f9572c567bdaf94e9a518460a1a174450c16daa,持卡人消费,四食堂商务网关,-5.0,107.20,4723,正常
2016/03/03 08:05:30,6b8c1b536a6764c4c0b13e2b4e618ff5c13854f0,0f9572c567bdaf94e9a518460a1a174450c16daa,持卡人消费,四食堂商务网关,-3.1,104.10,4724,正常
2016/03/03 11:12:25,6b8c1b536a6764c4c0b13e2b4e618ff5c13854f0,0f9572c567bdaf94e9a518460a1a174450c16daa,持卡人消费,九食堂商务网关,-12.0,92.10,4725,正常
2016/03/03 16:55:13,6b8c1b536a6764c4c0b13e2b4e618ff5c13854f0,0f9572c567bdaf94e9a518460a1a174450c16daa,持卡人消费,四食堂商务网关,-5.0,87.10,4726,正常
2016/03/04 11:02:58,6b8c1b536a6764c4c0b13e2b4e618ff5c13854f0,0f9572c567bdaf94e9a518460a1a174450c16daa,持卡人消费,九食堂商务网关,-9.0,78.10,4727,正常
2016/03/04 21:47:30,6b8c1b536a6764c4c0b13e2b4e618ff5c13854f0,0f9572c567bdaf94e9a518460a1a174450c16daa,持卡人消费,学子便利店B07,-8.4,69.70,4728,正常
2016/03/05 14:16:24,6b8c1b536a6764c4c0b13e2b4e618ff5c13854f0,0f9572c567bdaf94e9a518460a1a174450c16daa,持卡人消费,二区水控,-1.07,68.63,4730,正常
2016/03/05 14:26:19,6b8c1b536a6764c4c0b13e2b4e618ff5c13854f0,0f9572c567bdaf94e9a518460a1a174450c16daa,持卡人消费,二区水控,-1.54,67.09,4732,正常
2016/03/05 14:43:25,6b8c1b536a6764c4c0b13e2b4e618ff5c13854f0,0f9572c567bdaf94e9a518460a1a174450c16daa,持卡人消费,B7,-3.0,64.09,4733,正常
2016/03/05 20:07:32,6b8c1b536a6764c4c0b13e2b4e618ff5c13854f0,0f9572c567bdaf94e9a518460a1a174450c16daa,持卡人消费,学子便利店B07,-10.4,53.69,4734,正常
2016/03/06 07:22:18,6b8c1b536a6764c4c0b13e2b4e618ff5c13854f0,0f9572c567bdaf94e9a518460a1a174450c16daa,持卡人消费,学子便利店B07,-9.0,44.69,4735,正常
2016/03/06 07:27:42,6b8c1b536a6764c4c0b13e2b4e618ff5c13854f0,0f9572c567bdaf94e9a518460a1a174450c16daa,持卡人消费,四食堂商务网关,-2.5,42.19,4736,正常
2016/03/06 07:33:48,6b8c1b536a6764c4c0b13e2b4e618ff5c13854f0,0f9572c567bdaf94e9a518460a1a174450c16daa,持卡人消费,四食堂商务网关,-2.0,40.19,4737,正常
2016/03/11 17:08:01,6b8c1b536a6764c4c0b13e2b4e618ff5c13854f0,0f9572c567bdaf94e9a518460a1a174450c16daa,持卡人消费,九食堂商务网关,-10.0,30.19,4738,正常
2016/03/12 11:15:07,6b8c1b536a6764c4c0b13e2b4e618ff5c13854f0,0f9572c567bdaf94e9a518460a1a174450c16daa,持卡人消费,四食堂商务网关,-5.0,25.19,4739,正常
2016/03/12 14:52:02,6b8c1b536a6764c4c0b13e2b4e618ff5c13854f0,0f9572c567bdaf94e9a518460a1a174450c16daa,持卡人消费,二区水控,-0.13,25.06,4741,正常
2016/03/12 14:57:50,6b8c1b536a6764c4c0b13e2b4e618ff5c13854f0,0f9572c567bdaf94e9a518460a1a174450c16daa,持卡人消费,二区水控,-1.1,23.96,4743,正常
2016/03/12 15:08:33,6b8c1b536a6764c4c0b13e2b4e618ff5c13854f0,0f9572c567bdaf94e9a518460a1a174450c16daa,持卡人消费,二区水控,-1.58,22.38,4745,正常
2016/03/12 17:04:10,6b8c1b536a6764c4c0b13e2b4e618ff5c13854f0,0f9572c567bdaf94e9a518460a1a174450c16daa,持卡人消费,九食堂商务网关,-9.0,13.38,4746,正常
2016/03/14 10:36:22,6b8c1b536a6764c4c0b13e2b4e618ff5c13854f0,0f9572c567bdaf94e9a518460a1a174450c16daa,存款,现金充值机,100.0,101.28,4750,正常
2016/03/14 11:03:25,6b8c1b536a6764c4c0b13e2b4e618ff5c13854f0,0f9572c567bdaf94e9a518460a1a174450c16daa,持卡人消费,九食堂商务网关,-9.0,92.28,4751,正常
2016/03/14 16:15:40,6b8c1b536a6764c4c0b13e2b4e618ff5c13854f0,0f9572c567bdaf94e9a518460a1a174450c16daa,持卡人消费,二区水控,-0.85,91.43,4753,正常
2016/03/14 16:25:28,6b8c1b536a6764c4c0b13e2b4e618ff5c13854f0,0f9572c567bdaf94e9a518460a1a174450c16daa,持卡人消费,二区水控,-1.34,90.09,4755,正常
2016/03/14 22:04:12,6b8c1b536a6764c4c0b13e2b4e618ff5c13854f0,0f9572c567bdaf94e9a518460a1a174450c16daa,持卡人消费,学子便利店B07,-2.5,87.59,4756,正常
2016/03/15 11:09:25,6b8c1b536a6764c4c0b13e2b4e618ff5c13854f0,0f9572c567bdaf94e9a518460a1a174450c16daa,持卡人消费,九食堂商务网关,-9.1,78.49,4757,正常
2016/03/15 17:46:51,6b8c1b536a6764c4c0b13e2b4e618ff5c13854f0,0f9572c567bdaf94e9a518460a1a174450c16daa,持卡人消费,四食堂商务网关,-5.0,73.49,4758,正常
2016/03/16 08:25:33,6b8c1b536a6764c4c0b13e2b4e618ff5c13854f0,0f9572c567bdaf94e9a518460a1a174450c16daa,持卡人消费,四食堂商务网关,-3.6,69.89,4759,正常
2016/03/16 17:24:07,6b8c1b536a6764c4c0b13e2b4e618ff5c13854f0,0f9572c567bdaf94e9a518460a1a174450c16daa,持卡人消费,四食堂商务网关,-5.0,64.89,4760,正常
2016/03/16 17:48:08,6b8c1b536a6764c4c0b13e2b4e618ff5c13854f0,0f9572c567bdaf94e9a518460a1a174450c16daa,持卡人消费,二区水控,-0.88,64.01,4762,正常
2016/03/16 17:58:28,6b8c1b536a6764c4c0b13e2b4e618ff5c13854f0,0f9572c567bdaf94e9a518460a1a174450c16daa,持卡人消费,二区水控,-1.52,62.49,4764,正常
2016/03/17 12:18:28,6b8c1b536a6764c4c0b13e2b4e618ff5c13854f0,0f9572c567bdaf94e9a518460a1a174450c16daa,持卡人消费,九食堂商务网关,-12.0,50.49,4765,正常
2016/03/17 12:29:43,6b8c1b536a6764c4c0b13e2b4e618ff5c13854f0,0f9572c567bdaf94e9a518460a1a174450c16daa,持卡人消费,九食堂商务网关,-1.8,48.69,4766,正常
2016/03/17 17:30:43,6b8c1b536a6764c4c0b13e2b4e618ff5c13854f0,0f9572c567bdaf94e9a518460a1a174450c16daa,持卡人消费,九食堂商务网关,-10.0,38.69,4767,正常
2016/03/18 11:28:54,6b8c1b536a6764c4c0b13e2b4e618ff5c13854f0,0f9572c567bdaf94e9a518460a1a174450c16daa,持卡人消费,九食堂商务网关,-10.0,28.69,4768,正常
2016/03/18 17:16:05,6b8c1b536a6764c4c0b13e2b4e618ff5c13854f0,0f9572c567bdaf94e9a518460a1a174450c16daa,持卡人消费,四食堂商务网关,-9.31,19.38,4769,正常
2016/03/19 11:26:47,6b8c1b536a6764c4c0b13e2b4e618ff5c13854f0,0f9572c567bdaf94e9a518460a1a174450c16daa,持卡人消费,九食堂商务网关,-10.0,9.38,4770,正常
2016/03/19 19:07:20,6b8c1b536a6764c4c0b13e2b4e618ff5c13854f0,0f9572c567bdaf94e9a518460a1a174450c16daa,持卡人消费,二区水控,-1.5,7.88,4772,正常
2016/03/19 19:17:11,6b8c1b536a6764c4c0b13e2b4e618ff5c13854f0,0f9572c567bdaf94e9a518460a1a174450c16daa,持卡人消费,二区水控,-1.49,6.39,4774,正常
2016/03/20 11:41:11,6b8c1b536a6764c4c0b13e2b4e618ff5c13854f0,0f9572c567bdaf94e9a518460a1a174450c16daa,存款,2区卡中心综合业务,100.0,106.39,4775,正常
2016/03/20 11:42:32,6b8c1b536a6764c4c0b13e2b4e618ff5c13854f0,0f9572c567bdaf94e9a518460a1a174450c16daa,持卡人消费,九食堂商务网关,-8.0,98.39,4776,正常
2016/03/20 12:02:33,6b8c1b536a6764c4c0b13e2b4e618ff5c13854f0,0f9572c567bdaf94e9a518460a1a174450c16daa,持卡人消费,九食堂商务网关,-2.0,96.39,4777,正常
2016/03/21 11:12:24,6b8c1b536a6764c4c0b13e2b4e618ff5c13854f0,0f9572c567bdaf94e9a518460a1a174450c16daa,持卡人消费,九食堂商务网关,-8.0,88.39,4778,正常
2016/03/21 11:34:51,6b8c1b536a6764c4c0b13e2b4e618ff5c13854f0,0f9572c567bdaf94e9a518460a1a174450c16daa,持卡人消费,九食堂商务网关,-3.0,85.39,4779,正常
2016/03/22 11:16:02,6b8c1b536a6764c4c0b13e2b4e618ff5c13854f0,0f9572c567bdaf94e9a518460a1a174450c16daa,持卡人消费,九食堂商务网关,-12.0,73.39,4780,正常
2016/03/22 11:35:37,6b8c1b536a6764c4c0b13e2b4e618ff5c13854f0,0f9572c567bdaf94e9a518460a1a174450c16daa,持卡人消费,九食堂商务网关,-2.2,71.19,4781,正常
2016/03/23 11:37:18,6b8c1b536a6764c4c0b13e2b4e618ff5c13854f0,0f9572c567bdaf94e9a518460a1a174450c16daa,持卡人消费,九食堂商务网关,-8.0,63.19,4782,正常
2016/03/23 11:56:16,6b8c1b536a6764c4c0b13e2b4e618ff5c13854f0,0f9572c567bdaf94e9a518460a1a174450c16daa,持卡人消费,九食堂商务网关,-2.1,61.09,4783,正常
2016/03/23 20:43:03,6b8c1b536a6764c4c0b13e2b4e618ff5c13854f0,0f9572c567bdaf94e9a518460a1a174450c16daa,持卡人消费,二区水控,-0.59,60.50,4785,正常
2016/03/23 20:53:07,6b8c1b536a6764c4c0b13e2b4e618ff5c13854f0,0f9572c567bdaf94e9a518460a1a174450c16daa,持卡人消费,二区水控,-1.34,59.16,4787,正常
2016/03/24 12:17:59,6b8c1b536a6764c4c0b13e2b4e618ff5c13854f0,0f9572c567bdaf94e9a518460a1a174450c16daa,持卡人消费,九食堂商务网关,-15.0,44.16,4788,正常
2016/03/24 12:45:03,6b8c1b536a6764c4c0b13e2b4e618ff5c13854f0,0f9572c567bdaf94e9a518460a1a174450c16daa,持卡人消费,网络中心,-30.0,14.16,4789,正常
2016/03/25 08:09:23,6b8c1b536a6764c4c0b13e2b4e618ff5c13854f0,0f9572c567bdaf94e9a518460a1a174450c16daa,持卡人消费,九食堂商务网关,-1.1,13.06,4790,正常
2016/03/25 11:12:44,6b8c1b536a6764c4c0b13e2b4e618ff5c13854f0,0f9572c567bdaf94e9a518460a1a174450c16daa,持卡人消费,九食堂商务网关,-13.0,0.06,4791,正常
2016/03/29 10:28:30,6b8c1b536a6764c4c0b13e2b4e618ff5c13854f0,0f9572c567bdaf94e9a518460a1a174450c16daa,存款,现金充值机,50.0,50.06,4792,正常
2016/03/29 10:55:37,6b8c1b536a6764c4c0b13e2b4e618ff5c13854f0,0f9572c567bdaf94e9a518460a1a174450c16daa,持卡人消费,九食堂商务网关,-10.1,39.96,4793,正常
2016/03/29 22:09:37,6b8c1b536a6764c4c0b13e2b4e618ff5c13854f0,0f9572c567bdaf94e9a518460a1a174450c16daa,持卡人消费,学子便利店B07,-9.0,30.96,4794,正常
2016/03/30 10:45:29,6b8c1b536a6764c4c0b13e2b4e618ff5c13854f0,0f9572c567bdaf94e9a518460a1a174450c16daa,持卡人消费,九食堂商务网关,-10.0,20.96,4795,正常
2016/03/30 16:20:49,6b8c1b536a6764c4c0b13e2b4e618ff5c13854f0,0f9572c567bdaf94e9a518460a1a174450c16daa,持卡人消费,二区水控,-0.83,20.13,4797,正常
2016/03/30 16:36:08,6b8c1b536a6764c4c0b13e2b4e618ff5c13854f0,0f9572c567bdaf94e9a518460a1a174450c16daa,持卡人消费,二区水控,-2.46,17.67,4799,正常
2016/03/31 12:18:33,6b8c1b536a6764c4c0b13e2b4e618ff5c13854f0,0f9572c567bdaf94e9a518460a1a174450c16daa,持卡人消费,九食堂商务网关,-8.0,9.67,4800,正常
