交易发生时间,学号,姓名,交易类型,子系统名称,交易额,现有余额,次数,状态
2016/03/03 17:56:51,b0f600fbbf65be06d70b322194a0f1e0b51fa33b,0fad87c635317327bd3e4756262e3368daa3874c,存款,卡中心综合业务,100.0,101.67,3775,正常
2016/03/03 22:28:39,b0f600fbbf65be06d70b322194a0f1e0b51fa33b,0fad87c635317327bd3e4756262e3368daa3874c,持卡人消费,网络中心,-30.0,71.67,3776,正常
2016/03/04 11:16:14,b0f600fbbf65be06d70b322194a0f1e0b51fa33b,0fad87c635317327bd3e4756262e3368daa3874c,持卡人消费,南苑网关,-0.2,71.47,3777,正常
2016/03/04 11:16:27,b0f600fbbf65be06d70b322194a0f1e0b51fa33b,0fad87c635317327bd3e4756262e3368daa3874c,持卡人消费,南苑网关,-9.84,61.63,3778,正常
2016/03/05 11:17:32,b0f600fbbf65be06d70b322194a0f1e0b51fa33b,0fad87c635317327bd3e4756262e3368daa3874c,持卡人消费,南苑网关,-1.3,60.33,3779,正常
2016/03/05 11:19:22,b0f600fbbf65be06d70b322194a0f1e0b51fa33b,0fad87c635317327bd3e4756262e3368daa3874c,持卡人消费,南苑网关,-2.5,57.83,3780,正常
2016/03/05 19:58:43,b0f600fbbf65be06d70b322194a0f1e0b51fa33b,0fad87c635317327bd3e4756262e3368daa3874c,持卡人消费,学士楼商务网关,-7.0,50.83,3781,正常
2016/03/05 20:03:46,b0f600fbbf65be06d70b322194a0f1e0b51fa33b,0fad87c635317327bd3e4756262e3368daa3874c,持卡人消费,学士楼商务网关,-0.8,50.03,3782,正常
2016/03/06 12:42:33,b0f600fbbf65be06d70b322194a0f1e0b51fa33b,0fad87c635317327bd3e4756262e3368daa3874c,持卡人消费,硕果园（工大商店）,-9.0,41.03,3783,正常
2016/03/06 17:51:24,b0f600fbbf65be06d70b322194a0f1e0b51fa33b,0fad87c635317327bd3e4756262e3368daa3874c,持卡人消费,南苑网关,-2.6,38.43,3784,正常
2016/03/06 17:51:55,b0f600fbbf65be06d70b322194a0f1e0b51fa33b,0fad87c635317327bd3e4756262e3368daa3874c,持卡人消费,南苑网关,-0.5,37.93,3785,正常
2016/03/07 12:24:30,b0f600fbbf65be06d70b322194a0f1e0b51fa33b,0fad87c635317327bd3e4756262e3368daa3874c,持卡人消费,硕果园（工大商店）,-8.0,29.93,3786,正常
2016/03/07 20:53:59,b0f600fbbf65be06d70b322194a0f1e0b51fa33b,0fad87c635317327bd3e4756262e3368daa3874c,持卡人消费,学士楼商务网关,-3.4,26.53,3787,正常
2016/03/08 11:57:12,b0f600fbbf65be06d70b322194a0f1e0b51fa33b,0fad87c635317327bd3e4756262e3368daa3874c,存款,学苑楼综合业务3,100.0,126.53,3788,正常
2016/03/08 11:59:28,b0f600fbbf65be06d70b322194a0f1e0b51fa33b,0fad87c635317327bd3e4756262e3368daa3874c,持卡人消费,学苑楼商务网关,-8.0,118.53,3789,正常
2016/03/08 17:37:55,b0f600fbbf65be06d70b322194a0f1e0b51fa33b,0fad87c635317327bd3e4756262e3368daa3874c,持卡人消费,学士楼商务网关,-6.7,111.83,3790,正常
2016/03/09 11:32:44,b0f600fbbf65be06d70b322194a0f1e0b51fa33b,0fad87c635317327bd3e4756262e3368daa3874c,持卡人消费,学士楼商务网关,-5.8,106.03,3791,正常
2016/03/10 11:28:30,b0f600fbbf65be06d70b322194a0f1e0b51fa33b,0fad87c635317327bd3e4756262e3368daa3874c,持卡人消费,硕果园（工大商店）,-10.0,96.03,3792,正常
2016/03/11 18:12:55,b0f600fbbf65be06d70b322194a0f1e0b51fa33b,0fad87c635317327bd3e4756262e3368daa3874c,持卡人消费,硕果园（工大商店）,-7.0,89.03,3793,正常
2016/03/12 20:14:53,b0f600fbbf65be06d70b322194a0f1e0b51fa33b,0fad87c635317327bd3e4756262e3368daa3874c,持卡人消费,学士楼商务网关,-6.0,83.03,3794,正常
2016/03/12 20:20:03,b0f600fbbf65be06d70b322194a0f1e0b51fa33b,0fad87c635317327bd3e4756262e3368daa3874c,持卡人消费,学士楼商务网关,-1.5,81.53,3795,正常
2016/03/14 12:42:57,b0f600fbbf65be06d70b322194a0f1e0b51fa33b,0fad87c635317327bd3e4756262e3368daa3874c,持卡人消费,学苑楼商务网关,-7.0,63.53,3798,正常
2016/03/14 20:40:35,b0f600fbbf65be06d70b322194a0f1e0b51fa33b,0fad87c635317327bd3e4756262e3368daa3874c,持卡人消费,学士楼商务网关,-1.2,62.33,3799,正常
2016/03/14 20:41:11,b0f600fbbf65be06d70b322194a0f1e0b51fa33b,0fad87c635317327bd3e4756262e3368daa3874c,持卡人消费,学士楼商务网关,-3.0,59.33,3800,正常
2016/03/15 11:37:22,b0f600fbbf65be06d70b322194a0f1e0b51fa33b,0fad87c635317327bd3e4756262e3368daa3874c,持卡人消费,硕果园（工大商店）,-7.0,52.33,3801,正常
2016/03/15 11:38:42,b0f600fbbf65be06d70b322194a0f1e0b51fa33b,0fad87c635317327bd3e4756262e3368daa3874c,持卡人消费,硕果园（工大商店）,-12.0,40.33,3802,正常
2016/03/17 19:00:18,b0f600fbbf65be06d70b322194a0f1e0b51fa33b,0fad87c635317327bd3e4756262e3368daa3874c,持卡人消费,超市商务子系统,-5.2,35.13,3803,正常
2016/03/18 13:02:31,b0f600fbbf65be06d70b322194a0f1e0b51fa33b,0fad87c635317327bd3e4756262e3368daa3874c,持卡人消费,硕果园（工大商店）,-7.0,28.13,3804,正常
2016/03/18 17:26:01,b0f600fbbf65be06d70b322194a0f1e0b51fa33b,0fad87c635317327bd3e4756262e3368daa3874c,持卡人消费,学士楼商务网关,-7.6,20.53,3805,正常
2016/03/19 18:22:06,b0f600fbbf65be06d70b322194a0f1e0b51fa33b,0fad87c635317327bd3e4756262e3368daa3874c,持卡人消费,硕果园（工大商店）,-9.0,11.53,3806,正常
2016/03/19 19:22:30,b0f600fbbf65be06d70b322194a0f1e0b51fa33b,0fad87c635317327bd3e4756262e3368daa3874c,持卡人消费,一校区水控新,-0.27,11.26,3808,正常
2016/03/19 19:24:33,b0f600fbbf65be06d70b322194a0f1e0b51fa33b,0fad87c635317327bd3e4756262e3368daa3874c,持卡人消费,一校区水控新,-0.16,11.10,3810,正常
2016/03/19 19:29:23,b0f600fbbf65be06d70b322194a0f1e0b51fa33b,0fad87c635317327bd3e4756262e3368daa3874c,持卡人消费,一校区水控新,-0.48,10.62,3812,正常
2016/03/21 20:01:32,b0f600fbbf65be06d70b322194a0f1e0b51fa33b,0fad87c635317327bd3e4756262e3368daa3874c,持卡人消费,学士楼商务网关,-7.0,3.62,3813,正常
2016/03/21 20:05:21,b0f600fbbf65be06d70b322194a0f1e0b51fa33b,0fad87c635317327bd3e4756262e3368daa3874c,持卡人消费,学士楼商务网关,-1.5,2.12,3814,正常
2016/03/28 11:51:01,b0f600fbbf65be06d70b322194a0f1e0b51fa33b,0fad87c635317327bd3e4756262e3368daa3874c,存款,卡中心综合业务,100.0,102.12,3815,正常
2016/03/28 19:54:29,b0f600fbbf65be06d70b322194a0f1e0b51fa33b,0fad87c635317327bd3e4756262e3368daa3874c,持卡人消费,学士楼商务网关,-6.0,96.12,3816,正常
2016/03/28 20:06:57,b0f600fbbf65be06d70b322194a0f1e0b51fa33b,0fad87c635317327bd3e4756262e3368daa3874c,持卡人消费,学士楼商务网关,-0.4,95.72,3817,正常
2016/03/29 11:32:09,b0f600fbbf65be06d70b322194a0f1e0b51fa33b,0fad87c635317327bd3e4756262e3368daa3874c,持卡人消费,学苑楼商务网关,-8.0,87.72,3818,正常
2016/03/29 11:34:13,b0f600fbbf65be06d70b322194a0f1e0b51fa33b,0fad87c635317327bd3e4756262e3368daa3874c,持卡人消费,学苑楼商务网关,-7.9,79.82,3819,正常
2016/03/29 18:08:56,b0f600fbbf65be06d70b322194a0f1e0b51fa33b,0fad87c635317327bd3e4756262e3368daa3874c,持卡人消费,硕果园（工大商店）,-9.0,70.82,3820,正常
2016/03/30 18:10:57,b0f600fbbf65be06d70b322194a0f1e0b51fa33b,0fad87c635317327bd3e4756262e3368daa3874c,持卡人消费,硕果园（工大商店）,-9.0,61.82,3821,正常
2016/03/31 17:49:13,b0f600fbbf65be06d70b322194a0f1e0b51fa33b,0fad87c635317327bd3e4756262e3368daa3874c,持卡人消费,硕果园（工大商店）,-9.0,52.82,3822,正常
