交易发生时间,学号,姓名,交易类型,子系统名称,交易额,现有余额,次数,状态
2016/03/01 17:27:00,9d7ad7045e63e9641a4ca3bb38e1f34f13fc7ffd,0fb8a7a3d0995ae5f85bacf65be4f6348b6ddf33,持卡人消费,硕果园（工大商店）,-10.0,184.82,2203,正常
2016/03/01 17:28:15,9d7ad7045e63e9641a4ca3bb38e1f34f13fc7ffd,0fb8a7a3d0995ae5f85bacf65be4f6348b6ddf33,持卡人消费,硕果园（工大商店）,-5.0,179.82,2204,正常
2016/03/03 18:01:10,9d7ad7045e63e9641a4ca3bb38e1f34f13fc7ffd,0fb8a7a3d0995ae5f85bacf65be4f6348b6ddf33,持卡人消费,学子便利店A01后楼,-2.7,177.12,2205,正常
2016/03/05 17:23:26,9d7ad7045e63e9641a4ca3bb38e1f34f13fc7ffd,0fb8a7a3d0995ae5f85bacf65be4f6348b6ddf33,持卡人消费,学士楼商务网关,-3.6,173.52,2206,正常
2016/03/05 17:23:40,9d7ad7045e63e9641a4ca3bb38e1f34f13fc7ffd,0fb8a7a3d0995ae5f85bacf65be4f6348b6ddf33,持卡人消费,学士楼商务网关,-5.0,168.52,2207,正常
2016/03/05 17:24:41,9d7ad7045e63e9641a4ca3bb38e1f34f13fc7ffd,0fb8a7a3d0995ae5f85bacf65be4f6348b6ddf33,持卡人消费,学士楼商务网关,-2.0,166.52,2208,正常
2016/03/05 17:37:53,9d7ad7045e63e9641a4ca3bb38e1f34f13fc7ffd,0fb8a7a3d0995ae5f85bacf65be4f6348b6ddf33,持卡人消费,硕果园（工大商店）,-2.0,164.52,2209,正常
2016/03/06 17:18:50,9d7ad7045e63e9641a4ca3bb38e1f34f13fc7ffd,0fb8a7a3d0995ae5f85bacf65be4f6348b6ddf33,持卡人消费,硕果园（工大商店）,-12.0,152.52,2210,正常
2016/03/07 15:24:13,9d7ad7045e63e9641a4ca3bb38e1f34f13fc7ffd,0fb8a7a3d0995ae5f85bacf65be4f6348b6ddf33,持卡人消费,学子便利店A01后楼,-5.4,147.12,2211,正常
2016/03/10 12:48:15,9d7ad7045e63e9641a4ca3bb38e1f34f13fc7ffd,0fb8a7a3d0995ae5f85bacf65be4f6348b6ddf33,持卡人消费,学子便利店A01后楼,-9.6,137.52,2212,正常
2016/03/10 19:03:36,9d7ad7045e63e9641a4ca3bb38e1f34f13fc7ffd,0fb8a7a3d0995ae5f85bacf65be4f6348b6ddf33,持卡人消费,超市商务子系统,-13.5,124.02,2213,正常
2016/03/14 12:37:37,9d7ad7045e63e9641a4ca3bb38e1f34f13fc7ffd,0fb8a7a3d0995ae5f85bacf65be4f6348b6ddf33,持卡人消费,学子便利店A01后楼,-3.8,104.62,2218,正常
2016/03/15 18:10:45,9d7ad7045e63e9641a4ca3bb38e1f34f13fc7ffd,0fb8a7a3d0995ae5f85bacf65be4f6348b6ddf33,持卡人消费,学子便利店A01后楼,-3.9,100.72,2219,正常
2016/03/16 11:44:01,9d7ad7045e63e9641a4ca3bb38e1f34f13fc7ffd,0fb8a7a3d0995ae5f85bacf65be4f6348b6ddf33,持卡人消费,学子便利店A01后楼,-4.5,96.22,2220,正常
2016/03/16 17:00:23,9d7ad7045e63e9641a4ca3bb38e1f34f13fc7ffd,0fb8a7a3d0995ae5f85bacf65be4f6348b6ddf33,持卡人消费,学子便利店A01后楼,-1.2,95.02,2221,正常
2016/03/16 22:19:40,9d7ad7045e63e9641a4ca3bb38e1f34f13fc7ffd,0fb8a7a3d0995ae5f85bacf65be4f6348b6ddf33,持卡人消费,学子便利店A01后楼,-8.4,86.62,2222,正常
2016/03/17 18:03:20,9d7ad7045e63e9641a4ca3bb38e1f34f13fc7ffd,0fb8a7a3d0995ae5f85bacf65be4f6348b6ddf33,持卡人消费,学子便利店A01后楼,-3.9,82.72,2223,正常
2016/03/18 17:48:25,9d7ad7045e63e9641a4ca3bb38e1f34f13fc7ffd,0fb8a7a3d0995ae5f85bacf65be4f6348b6ddf33,持卡人消费,学子便利店A01后楼,-3.8,78.92,2224,正常
2016/03/19 11:56:41,9d7ad7045e63e9641a4ca3bb38e1f34f13fc7ffd,0fb8a7a3d0995ae5f85bacf65be4f6348b6ddf33,持卡人消费,学子便利店A01后楼,-4.0,74.92,2225,正常
2016/03/19 17:11:36,9d7ad7045e63e9641a4ca3bb38e1f34f13fc7ffd,0fb8a7a3d0995ae5f85bacf65be4f6348b6ddf33,持卡人消费,学士楼商务网关,-3.6,71.32,2226,正常
2016/03/19 17:12:00,9d7ad7045e63e9641a4ca3bb38e1f34f13fc7ffd,0fb8a7a3d0995ae5f85bacf65be4f6348b6ddf33,持卡人消费,学士楼商务网关,-2.0,69.32,2227,正常
2016/03/19 17:20:31,9d7ad7045e63e9641a4ca3bb38e1f34f13fc7ffd,0fb8a7a3d0995ae5f85bacf65be4f6348b6ddf33,持卡人消费,硕果园（工大商店）,-17.5,51.82,2228,正常
2016/03/20 15:28:22,9d7ad7045e63e9641a4ca3bb38e1f34f13fc7ffd,0fb8a7a3d0995ae5f85bacf65be4f6348b6ddf33,持卡人消费,15公寓浴池,-0.03,51.79,2230,正常
2016/03/20 15:35:25,9d7ad7045e63e9641a4ca3bb38e1f34f13fc7ffd,0fb8a7a3d0995ae5f85bacf65be4f6348b6ddf33,持卡人消费,15公寓浴池,-1.31,50.48,2232,正常
2016/03/20 15:51:33,9d7ad7045e63e9641a4ca3bb38e1f34f13fc7ffd,0fb8a7a3d0995ae5f85bacf65be4f6348b6ddf33,持卡人消费,15公寓浴池,-2.0,48.48,2233,正常
2016/03/20 16:09:43,9d7ad7045e63e9641a4ca3bb38e1f34f13fc7ffd,0fb8a7a3d0995ae5f85bacf65be4f6348b6ddf33,持卡人消费,学子便利店A01后楼,-2.5,45.98,2234,正常
2016/03/20 16:47:17,9d7ad7045e63e9641a4ca3bb38e1f34f13fc7ffd,0fb8a7a3d0995ae5f85bacf65be4f6348b6ddf33,持卡人消费,学苑楼商务网关,-7.8,38.18,2235,正常
2016/03/20 17:06:38,9d7ad7045e63e9641a4ca3bb38e1f34f13fc7ffd,0fb8a7a3d0995ae5f85bacf65be4f6348b6ddf33,持卡人消费,超市商务子系统,-2.0,36.18,2236,正常
2016/03/20 22:16:45,9d7ad7045e63e9641a4ca3bb38e1f34f13fc7ffd,0fb8a7a3d0995ae5f85bacf65be4f6348b6ddf33,持卡人消费,学子便利店A01后楼,-3.0,33.18,2237,正常
2016/03/21 17:10:57,9d7ad7045e63e9641a4ca3bb38e1f34f13fc7ffd,0fb8a7a3d0995ae5f85bacf65be4f6348b6ddf33,持卡人消费,学士楼商务网关,-4.6,28.58,2238,正常
2016/03/21 17:12:18,9d7ad7045e63e9641a4ca3bb38e1f34f13fc7ffd,0fb8a7a3d0995ae5f85bacf65be4f6348b6ddf33,持卡人消费,学士楼商务网关,-2.0,26.58,2239,正常
2016/03/21 17:13:01,9d7ad7045e63e9641a4ca3bb38e1f34f13fc7ffd,0fb8a7a3d0995ae5f85bacf65be4f6348b6ddf33,持卡人消费,学士楼商务网关,-2.0,24.58,2240,正常
2016/03/22 11:35:40,9d7ad7045e63e9641a4ca3bb38e1f34f13fc7ffd,0fb8a7a3d0995ae5f85bacf65be4f6348b6ddf33,持卡人消费,学子便利店A01后楼,-3.8,20.78,2241,正常
2016/03/23 11:58:35,9d7ad7045e63e9641a4ca3bb38e1f34f13fc7ffd,0fb8a7a3d0995ae5f85bacf65be4f6348b6ddf33,持卡人消费,学子便利店A01后楼,-3.9,16.88,2242,正常
2016/03/24 11:27:19,9d7ad7045e63e9641a4ca3bb38e1f34f13fc7ffd,0fb8a7a3d0995ae5f85bacf65be4f6348b6ddf33,持卡人消费,学子便利店A01后楼,-2.5,14.38,2243,正常
2016/03/27 12:01:50,9d7ad7045e63e9641a4ca3bb38e1f34f13fc7ffd,0fb8a7a3d0995ae5f85bacf65be4f6348b6ddf33,持卡人消费,学子便利店A01后楼,-4.2,10.18,2244,正常
2016/03/28 18:35:59,9d7ad7045e63e9641a4ca3bb38e1f34f13fc7ffd,0fb8a7a3d0995ae5f85bacf65be4f6348b6ddf33,持卡人消费,学子便利店A01后楼,-3.5,6.68,2245,正常
2016/03/30 17:19:11,9d7ad7045e63e9641a4ca3bb38e1f34f13fc7ffd,0fb8a7a3d0995ae5f85bacf65be4f6348b6ddf33,持卡人消费,学子便利店A01后楼,-3.9,2.78,2246,正常
