交易发生时间,学号,姓名,交易类型,子系统名称,交易额,现有余额,次数,状态
2016/03/01 09:33:25,53fae469b1ae88bd566b4690ab004250fa340b41,0fed8c30145249eed67be2c8693a2d98e3bf22de,持卡人消费,学子超市A05,-9.5,93.19,3631,正常
2016/03/01 12:13:36,53fae469b1ae88bd566b4690ab004250fa340b41,0fed8c30145249eed67be2c8693a2d98e3bf22de,持卡人消费,土木楼网关,-10.7,82.49,3632,正常
2016/03/01 12:15:09,53fae469b1ae88bd566b4690ab004250fa340b41,0fed8c30145249eed67be2c8693a2d98e3bf22de,持卡人消费,土木楼网关,-1.0,81.49,3633,正常
2016/03/01 19:35:30,53fae469b1ae88bd566b4690ab004250fa340b41,0fed8c30145249eed67be2c8693a2d98e3bf22de,持卡人消费,A5,-3.0,78.49,3634,正常
2016/03/01 22:03:41,53fae469b1ae88bd566b4690ab004250fa340b41,0fed8c30145249eed67be2c8693a2d98e3bf22de,持卡人消费,学子超市A05,-2.0,76.49,3635,正常
2016/03/02 16:32:41,53fae469b1ae88bd566b4690ab004250fa340b41,0fed8c30145249eed67be2c8693a2d98e3bf22de,持卡人消费,学子超市A05,-8.0,68.49,3636,正常
2016/03/02 20:37:34,53fae469b1ae88bd566b4690ab004250fa340b41,0fed8c30145249eed67be2c8693a2d98e3bf22de,持卡人消费,学子超市A05,-8.8,59.69,3637,正常
2016/03/03 09:58:38,53fae469b1ae88bd566b4690ab004250fa340b41,0fed8c30145249eed67be2c8693a2d98e3bf22de,持卡人消费,学子超市A05,-3.0,56.69,3638,正常
2016/03/03 11:35:57,53fae469b1ae88bd566b4690ab004250fa340b41,0fed8c30145249eed67be2c8693a2d98e3bf22de,持卡人消费,土木楼网关,-5.1,51.59,3639,正常
2016/03/03 11:37:26,53fae469b1ae88bd566b4690ab004250fa340b41,0fed8c30145249eed67be2c8693a2d98e3bf22de,持卡人消费,土木楼网关,-4.0,47.59,3640,正常
2016/03/04 08:59:24,53fae469b1ae88bd566b4690ab004250fa340b41,0fed8c30145249eed67be2c8693a2d98e3bf22de,持卡人消费,学子超市A05,-5.3,42.29,3641,正常
2016/03/04 11:55:07,53fae469b1ae88bd566b4690ab004250fa340b41,0fed8c30145249eed67be2c8693a2d98e3bf22de,持卡人消费,土木楼网关,-4.7,37.59,3642,正常
2016/03/04 11:59:07,53fae469b1ae88bd566b4690ab004250fa340b41,0fed8c30145249eed67be2c8693a2d98e3bf22de,持卡人消费,土木楼网关,-1.5,36.09,3643,正常
2016/03/04 15:11:58,53fae469b1ae88bd566b4690ab004250fa340b41,0fed8c30145249eed67be2c8693a2d98e3bf22de,持卡人消费,学子超市A05,-4.5,31.59,3644,正常
2016/03/04 18:28:13,53fae469b1ae88bd566b4690ab004250fa340b41,0fed8c30145249eed67be2c8693a2d98e3bf22de,持卡人消费,土木楼水控,-0.02,31.57,3646,正常
2016/03/04 18:29:35,53fae469b1ae88bd566b4690ab004250fa340b41,0fed8c30145249eed67be2c8693a2d98e3bf22de,持卡人消费,土木楼水控,-0.15,31.42,3647,正常
2016/03/04 18:29:46,53fae469b1ae88bd566b4690ab004250fa340b41,0fed8c30145249eed67be2c8693a2d98e3bf22de,持卡人消费,土木楼水控,-0.01,31.41,3648,正常
2016/03/04 18:30:57,53fae469b1ae88bd566b4690ab004250fa340b41,0fed8c30145249eed67be2c8693a2d98e3bf22de,持卡人消费,土木楼水控,-0.18,31.23,3649,正常
2016/03/04 18:44:13,53fae469b1ae88bd566b4690ab004250fa340b41,0fed8c30145249eed67be2c8693a2d98e3bf22de,持卡人消费,土木楼水控,-2.65,28.58,3650,正常
2016/03/04 18:44:28,53fae469b1ae88bd566b4690ab004250fa340b41,0fed8c30145249eed67be2c8693a2d98e3bf22de,持卡人消费,土木楼水控,-0.01,28.57,3651,正常
2016/03/04 18:51:14,53fae469b1ae88bd566b4690ab004250fa340b41,0fed8c30145249eed67be2c8693a2d98e3bf22de,持卡人消费,土木楼水控,-0.56,28.01,3652,正常
2016/03/04 18:57:17,53fae469b1ae88bd566b4690ab004250fa340b41,0fed8c30145249eed67be2c8693a2d98e3bf22de,持卡人消费,学子超市A05,-2.0,26.01,3653,正常
2016/03/05 18:25:05,53fae469b1ae88bd566b4690ab004250fa340b41,0fed8c30145249eed67be2c8693a2d98e3bf22de,持卡人消费,学子超市A05,-4.5,21.51,3654,正常
2016/03/06 13:34:21,53fae469b1ae88bd566b4690ab004250fa340b41,0fed8c30145249eed67be2c8693a2d98e3bf22de,持卡人消费,学子超市A05,-3.0,18.51,3655,正常
2016/03/07 08:54:02,53fae469b1ae88bd566b4690ab004250fa340b41,0fed8c30145249eed67be2c8693a2d98e3bf22de,持卡人消费,学子超市A05,-6.7,11.81,3656,正常
2016/03/07 11:50:48,53fae469b1ae88bd566b4690ab004250fa340b41,0fed8c30145249eed67be2c8693a2d98e3bf22de,持卡人消费,土木楼网关,-7.7,4.11,3657,正常
2016/03/07 11:51:16,53fae469b1ae88bd566b4690ab004250fa340b41,0fed8c30145249eed67be2c8693a2d98e3bf22de,持卡人消费,土木楼网关,-2.2,1.91,3658,正常
2016/03/07 11:52:16,53fae469b1ae88bd566b4690ab004250fa340b41,0fed8c30145249eed67be2c8693a2d98e3bf22de,持卡人消费,土木楼网关,-1.5,0.41,3659,正常
2016/03/07 11:56:02,53fae469b1ae88bd566b4690ab004250fa340b41,0fed8c30145249eed67be2c8693a2d98e3bf22de,存款,现金充值机,100.0,100.41,3660,正常
2016/03/07 15:47:59,53fae469b1ae88bd566b4690ab004250fa340b41,0fed8c30145249eed67be2c8693a2d98e3bf22de,持卡人消费,学子超市A05,-4.2,96.21,3661,正常
2016/03/07 17:14:17,53fae469b1ae88bd566b4690ab004250fa340b41,0fed8c30145249eed67be2c8693a2d98e3bf22de,持卡人消费,土木楼网关,-6.0,90.21,3662,正常
2016/03/07 17:14:49,53fae469b1ae88bd566b4690ab004250fa340b41,0fed8c30145249eed67be2c8693a2d98e3bf22de,持卡人消费,土木楼网关,-6.0,84.21,3663,正常
2016/03/08 10:52:15,53fae469b1ae88bd566b4690ab004250fa340b41,0fed8c30145249eed67be2c8693a2d98e3bf22de,持卡人消费,学子超市A05,-7.0,77.21,3664,正常
2016/03/09 09:01:10,53fae469b1ae88bd566b4690ab004250fa340b41,0fed8c30145249eed67be2c8693a2d98e3bf22de,持卡人消费,学子超市A05,-4.7,72.51,3665,正常
2016/03/09 16:51:00,53fae469b1ae88bd566b4690ab004250fa340b41,0fed8c30145249eed67be2c8693a2d98e3bf22de,持卡人消费,土木楼网关,-8.7,63.81,3666,正常
2016/03/10 12:27:04,53fae469b1ae88bd566b4690ab004250fa340b41,0fed8c30145249eed67be2c8693a2d98e3bf22de,持卡人消费,土木楼网关,-4.7,59.11,3667,正常
2016/03/10 17:48:53,53fae469b1ae88bd566b4690ab004250fa340b41,0fed8c30145249eed67be2c8693a2d98e3bf22de,持卡人消费,土木楼网关,-6.0,53.11,3668,正常
2016/03/10 17:56:25,53fae469b1ae88bd566b4690ab004250fa340b41,0fed8c30145249eed67be2c8693a2d98e3bf22de,持卡人消费,土木楼网关,-4.9,48.21,3669,正常
2016/03/11 09:09:39,53fae469b1ae88bd566b4690ab004250fa340b41,0fed8c30145249eed67be2c8693a2d98e3bf22de,持卡人消费,学子超市A05,-5.9,42.31,3670,正常
2016/03/11 11:21:16,53fae469b1ae88bd566b4690ab004250fa340b41,0fed8c30145249eed67be2c8693a2d98e3bf22de,持卡人消费,土木楼网关,-6.0,36.31,3671,正常
2016/03/11 11:21:20,53fae469b1ae88bd566b4690ab004250fa340b41,0fed8c30145249eed67be2c8693a2d98e3bf22de,持卡人消费,土木楼网关,-0.6,35.71,3672,正常
2016/03/11 11:21:33,53fae469b1ae88bd566b4690ab004250fa340b41,0fed8c30145249eed67be2c8693a2d98e3bf22de,持卡人消费,土木楼网关,-6.6,29.11,3673,正常
2016/03/12 11:26:17,53fae469b1ae88bd566b4690ab004250fa340b41,0fed8c30145249eed67be2c8693a2d98e3bf22de,持卡人消费,学子超市A05,-2.0,27.11,3674,正常
2016/03/12 20:20:34,53fae469b1ae88bd566b4690ab004250fa340b41,0fed8c30145249eed67be2c8693a2d98e3bf22de,持卡人消费,土木楼水控,-0.09,27.02,3678,正常
2016/03/12 20:32:18,53fae469b1ae88bd566b4690ab004250fa340b41,0fed8c30145249eed67be2c8693a2d98e3bf22de,持卡人消费,土木楼水控,-2.4,24.62,3680,正常
2016/03/12 20:39:13,53fae469b1ae88bd566b4690ab004250fa340b41,0fed8c30145249eed67be2c8693a2d98e3bf22de,持卡人消费,土木楼水控,-0.65,23.97,3682,正常
2016/03/14 11:44:37,53fae469b1ae88bd566b4690ab004250fa340b41,0fed8c30145249eed67be2c8693a2d98e3bf22de,持卡人消费,土木楼网关,-6.4,13.67,3684,正常
2016/03/14 11:46:23,53fae469b1ae88bd566b4690ab004250fa340b41,0fed8c30145249eed67be2c8693a2d98e3bf22de,持卡人消费,土木楼网关,-3.0,10.67,3685,正常
2016/03/14 12:32:23,53fae469b1ae88bd566b4690ab004250fa340b41,0fed8c30145249eed67be2c8693a2d98e3bf22de,持卡人消费,学子超市A05,-2.0,8.67,3686,正常
2016/03/16 17:32:15,53fae469b1ae88bd566b4690ab004250fa340b41,0fed8c30145249eed67be2c8693a2d98e3bf22de,存款,现金充值机,100.0,108.67,3687,正常
2016/03/16 17:57:36,53fae469b1ae88bd566b4690ab004250fa340b41,0fed8c30145249eed67be2c8693a2d98e3bf22de,持卡人消费,学士楼商务网关,-13.7,94.97,3688,正常
2016/03/16 20:08:04,53fae469b1ae88bd566b4690ab004250fa340b41,0fed8c30145249eed67be2c8693a2d98e3bf22de,持卡人消费,学子超市A05,-2.0,92.97,3689,正常
2016/03/17 09:52:25,53fae469b1ae88bd566b4690ab004250fa340b41,0fed8c30145249eed67be2c8693a2d98e3bf22de,持卡人消费,学子超市A05,-9.5,83.47,3690,正常
2016/03/17 14:41:46,53fae469b1ae88bd566b4690ab004250fa340b41,0fed8c30145249eed67be2c8693a2d98e3bf22de,持卡人消费,学子超市A05,-4.8,78.67,3691,正常
2016/03/18 12:00:48,53fae469b1ae88bd566b4690ab004250fa340b41,0fed8c30145249eed67be2c8693a2d98e3bf22de,持卡人消费,土木楼网关,-1.0,77.67,3692,正常
2016/03/18 12:02:11,53fae469b1ae88bd566b4690ab004250fa340b41,0fed8c30145249eed67be2c8693a2d98e3bf22de,持卡人消费,土木楼网关,-7.0,70.67,3693,正常
2016/03/18 12:02:46,53fae469b1ae88bd566b4690ab004250fa340b41,0fed8c30145249eed67be2c8693a2d98e3bf22de,持卡人消费,土木楼网关,-2.5,68.17,3694,正常
2016/03/19 11:26:10,53fae469b1ae88bd566b4690ab004250fa340b41,0fed8c30145249eed67be2c8693a2d98e3bf22de,持卡人消费,土木楼网关,-6.0,62.17,3695,正常
2016/03/19 11:27:04,53fae469b1ae88bd566b4690ab004250fa340b41,0fed8c30145249eed67be2c8693a2d98e3bf22de,持卡人消费,土木楼网关,-1.0,61.17,3696,正常
2016/03/19 11:42:36,53fae469b1ae88bd566b4690ab004250fa340b41,0fed8c30145249eed67be2c8693a2d98e3bf22de,持卡人消费,网络中心,-30.0,31.17,3697,正常
2016/03/19 17:12:30,53fae469b1ae88bd566b4690ab004250fa340b41,0fed8c30145249eed67be2c8693a2d98e3bf22de,持卡人消费,土木楼网关,-9.0,22.17,3698,正常
2016/03/19 17:12:47,53fae469b1ae88bd566b4690ab004250fa340b41,0fed8c30145249eed67be2c8693a2d98e3bf22de,持卡人消费,土木楼网关,-0.7,21.47,3699,正常
2016/03/20 12:41:29,53fae469b1ae88bd566b4690ab004250fa340b41,0fed8c30145249eed67be2c8693a2d98e3bf22de,持卡人消费,学子超市A05,-8.6,12.87,3700,正常
2016/03/20 14:55:43,53fae469b1ae88bd566b4690ab004250fa340b41,0fed8c30145249eed67be2c8693a2d98e3bf22de,持卡人消费,土木楼水控,-0.31,12.56,3702,正常
2016/03/20 14:55:56,53fae469b1ae88bd566b4690ab004250fa340b41,0fed8c30145249eed67be2c8693a2d98e3bf22de,持卡人消费,土木楼水控,-0.03,12.53,3703,正常
2016/03/20 15:01:15,53fae469b1ae88bd566b4690ab004250fa340b41,0fed8c30145249eed67be2c8693a2d98e3bf22de,持卡人消费,土木楼水控,-1.07,11.46,3705,正常
2016/03/20 15:01:33,53fae469b1ae88bd566b4690ab004250fa340b41,0fed8c30145249eed67be2c8693a2d98e3bf22de,持卡人消费,土木楼水控,-0.02,11.44,3707,正常
2016/03/20 15:01:41,53fae469b1ae88bd566b4690ab004250fa340b41,0fed8c30145249eed67be2c8693a2d98e3bf22de,持卡人消费,土木楼水控,-0.02,11.42,3709,正常
2016/03/20 15:07:19,53fae469b1ae88bd566b4690ab004250fa340b41,0fed8c30145249eed67be2c8693a2d98e3bf22de,持卡人消费,土木楼水控,-1.11,10.31,3711,正常
2016/03/20 15:13:59,53fae469b1ae88bd566b4690ab004250fa340b41,0fed8c30145249eed67be2c8693a2d98e3bf22de,持卡人消费,土木楼水控,-0.8,9.51,3713,正常
2016/03/21 11:19:45,53fae469b1ae88bd566b4690ab004250fa340b41,0fed8c30145249eed67be2c8693a2d98e3bf22de,持卡人消费,土木楼网关,-4.0,5.51,3714,正常
2016/03/22 16:15:50,53fae469b1ae88bd566b4690ab004250fa340b41,0fed8c30145249eed67be2c8693a2d98e3bf22de,存款,现金充值机,100.0,105.51,3715,正常
2016/03/22 16:33:55,53fae469b1ae88bd566b4690ab004250fa340b41,0fed8c30145249eed67be2c8693a2d98e3bf22de,持卡人消费,土木楼网关,-10.5,95.01,3716,正常
2016/03/22 16:37:09,53fae469b1ae88bd566b4690ab004250fa340b41,0fed8c30145249eed67be2c8693a2d98e3bf22de,持卡人消费,土木楼网关,-3.2,91.81,3717,正常
2016/03/22 16:54:28,53fae469b1ae88bd566b4690ab004250fa340b41,0fed8c30145249eed67be2c8693a2d98e3bf22de,持卡人消费,土木楼网关,-7.2,84.61,3718,正常
2016/03/22 21:18:15,53fae469b1ae88bd566b4690ab004250fa340b41,0fed8c30145249eed67be2c8693a2d98e3bf22de,持卡人消费,学子超市A05,-11.0,73.61,3719,正常
2016/03/22 21:19:44,53fae469b1ae88bd566b4690ab004250fa340b41,0fed8c30145249eed67be2c8693a2d98e3bf22de,持卡人消费,学子超市A05,-4.0,69.61,3720,正常
2016/03/23 11:34:45,53fae469b1ae88bd566b4690ab004250fa340b41,0fed8c30145249eed67be2c8693a2d98e3bf22de,持卡人消费,土木楼网关,-6.9,62.71,3721,正常
2016/03/23 11:34:48,53fae469b1ae88bd566b4690ab004250fa340b41,0fed8c30145249eed67be2c8693a2d98e3bf22de,持卡人消费,土木楼网关,-0.1,62.61,3722,正常
2016/03/24 10:59:06,53fae469b1ae88bd566b4690ab004250fa340b41,0fed8c30145249eed67be2c8693a2d98e3bf22de,持卡人消费,学子超市A05,-2.0,60.61,3723,正常
2016/03/24 17:29:18,53fae469b1ae88bd566b4690ab004250fa340b41,0fed8c30145249eed67be2c8693a2d98e3bf22de,持卡人消费,土木楼网关,-8.4,52.21,3724,正常
2016/03/25 09:54:03,53fae469b1ae88bd566b4690ab004250fa340b41,0fed8c30145249eed67be2c8693a2d98e3bf22de,持卡人消费,学子超市A05,-14.3,37.91,3725,正常
2016/03/25 18:41:44,53fae469b1ae88bd566b4690ab004250fa340b41,0fed8c30145249eed67be2c8693a2d98e3bf22de,持卡人消费,学子超市A05,-4.0,33.91,3726,正常
2016/03/26 14:49:31,53fae469b1ae88bd566b4690ab004250fa340b41,0fed8c30145249eed67be2c8693a2d98e3bf22de,持卡人消费,土木楼水控,-0.02,33.89,3728,正常
2016/03/26 14:54:02,53fae469b1ae88bd566b4690ab004250fa340b41,0fed8c30145249eed67be2c8693a2d98e3bf22de,持卡人消费,土木楼水控,-0.9,32.99,3729,正常
2016/03/26 14:54:42,53fae469b1ae88bd566b4690ab004250fa340b41,0fed8c30145249eed67be2c8693a2d98e3bf22de,持卡人消费,土木楼水控,-0.12,32.87,3731,正常
2016/03/26 14:54:52,53fae469b1ae88bd566b4690ab004250fa340b41,0fed8c30145249eed67be2c8693a2d98e3bf22de,持卡人消费,土木楼水控,-0.02,32.85,3733,正常
2016/03/26 15:00:19,53fae469b1ae88bd566b4690ab004250fa340b41,0fed8c30145249eed67be2c8693a2d98e3bf22de,持卡人消费,土木楼水控,-1.11,31.74,3735,正常
2016/03/26 15:08:11,53fae469b1ae88bd566b4690ab004250fa340b41,0fed8c30145249eed67be2c8693a2d98e3bf22de,持卡人消费,土木楼水控,-1.02,30.72,3737,正常
2016/03/26 15:28:23,53fae469b1ae88bd566b4690ab004250fa340b41,0fed8c30145249eed67be2c8693a2d98e3bf22de,持卡人消费,学子超市A05,-3.2,27.52,3738,正常
2016/03/27 09:23:35,53fae469b1ae88bd566b4690ab004250fa340b41,0fed8c30145249eed67be2c8693a2d98e3bf22de,持卡人消费,学子超市A05,-3.8,23.72,3739,正常
2016/03/27 11:50:26,53fae469b1ae88bd566b4690ab004250fa340b41,0fed8c30145249eed67be2c8693a2d98e3bf22de,持卡人消费,土木楼网关,-2.7,21.02,3740,正常
2016/03/28 11:35:50,53fae469b1ae88bd566b4690ab004250fa340b41,0fed8c30145249eed67be2c8693a2d98e3bf22de,持卡人消费,土木楼网关,-8.8,12.22,3741,正常
2016/03/28 22:20:49,53fae469b1ae88bd566b4690ab004250fa340b41,0fed8c30145249eed67be2c8693a2d98e3bf22de,持卡人消费,学子超市A05,-2.0,10.22,3742,正常
2016/03/29 12:44:58,53fae469b1ae88bd566b4690ab004250fa340b41,0fed8c30145249eed67be2c8693a2d98e3bf22de,持卡人消费,A5,-6.0,4.22,3743,正常
2016/03/29 17:08:32,53fae469b1ae88bd566b4690ab004250fa340b41,0fed8c30145249eed67be2c8693a2d98e3bf22de,存款,现金充值机,100.0,104.22,3744,正常
2016/03/29 17:23:22,53fae469b1ae88bd566b4690ab004250fa340b41,0fed8c30145249eed67be2c8693a2d98e3bf22de,持卡人消费,土木楼网关,-8.8,95.42,3745,正常
2016/03/30 12:19:52,53fae469b1ae88bd566b4690ab004250fa340b41,0fed8c30145249eed67be2c8693a2d98e3bf22de,持卡人消费,土木楼网关,-8.4,87.02,3746,正常
2016/03/30 17:29:01,53fae469b1ae88bd566b4690ab004250fa340b41,0fed8c30145249eed67be2c8693a2d98e3bf22de,持卡人消费,学士楼商务网关,-17.5,69.52,3747,正常
2016/03/31 11:38:21,53fae469b1ae88bd566b4690ab004250fa340b41,0fed8c30145249eed67be2c8693a2d98e3bf22de,持卡人消费,土木楼网关,-12.0,57.52,3748,正常
2016/03/31 11:40:09,53fae469b1ae88bd566b4690ab004250fa340b41,0fed8c30145249eed67be2c8693a2d98e3bf22de,持卡人消费,土木楼网关,-1.7,55.82,3749,正常
2016/03/31 11:43:09,53fae469b1ae88bd566b4690ab004250fa340b41,0fed8c30145249eed67be2c8693a2d98e3bf22de,持卡人消费,土木楼网关,-0.5,55.32,3750,正常
