交易发生时间,学号,姓名,交易类型,子系统名称,交易额,现有余额,次数,状态
2016/03/01 11:16:17,1ddfa6725b1c5f1f251794fa2ed1c4909d584b30,1030c25017a1992cde5c030bfb83921176fc3ce7,持卡人消费,学士楼商务网关,-7.6,11.06,4562,正常
2016/03/01 11:17:48,1ddfa6725b1c5f1f251794fa2ed1c4909d584b30,1030c25017a1992cde5c030bfb83921176fc3ce7,持卡人消费,学士楼商务网关,-5.0,6.06,4563,正常
2016/03/02 11:02:56,1ddfa6725b1c5f1f251794fa2ed1c4909d584b30,1030c25017a1992cde5c030bfb83921176fc3ce7,持卡人消费,学士楼商务网关,-4.6,1.46,4564,正常
2016/03/02 11:04:10,1ddfa6725b1c5f1f251794fa2ed1c4909d584b30,1030c25017a1992cde5c030bfb83921176fc3ce7,持卡人消费,学士楼商务网关,-1.0,0.46,4565,正常
2016/03/03 07:26:30,1ddfa6725b1c5f1f251794fa2ed1c4909d584b30,1030c25017a1992cde5c030bfb83921176fc3ce7,存款,现金充值机,200.0,200.46,4566,正常
2016/03/03 07:45:37,1ddfa6725b1c5f1f251794fa2ed1c4909d584b30,1030c25017a1992cde5c030bfb83921176fc3ce7,持卡人消费,学苑楼商务网关,-3.5,196.96,4567,正常
2016/03/03 11:29:05,1ddfa6725b1c5f1f251794fa2ed1c4909d584b30,1030c25017a1992cde5c030bfb83921176fc3ce7,持卡人消费,学士楼商务网关,-9.6,187.36,4568,正常
2016/03/03 17:58:25,1ddfa6725b1c5f1f251794fa2ed1c4909d584b30,1030c25017a1992cde5c030bfb83921176fc3ce7,持卡人消费,硕果园（工大商店）,-10.0,177.36,4569,正常
2016/03/03 18:00:51,1ddfa6725b1c5f1f251794fa2ed1c4909d584b30,1030c25017a1992cde5c030bfb83921176fc3ce7,持卡人消费,硕果园（工大商店）,-5.0,172.36,4570,正常
2016/03/04 11:52:01,1ddfa6725b1c5f1f251794fa2ed1c4909d584b30,1030c25017a1992cde5c030bfb83921176fc3ce7,持卡人消费,学士楼商务网关,-10.0,162.36,4571,正常
2016/03/04 11:54:05,1ddfa6725b1c5f1f251794fa2ed1c4909d584b30,1030c25017a1992cde5c030bfb83921176fc3ce7,持卡人消费,学士楼商务网关,-0.8,161.56,4572,正常
2016/03/04 11:54:16,1ddfa6725b1c5f1f251794fa2ed1c4909d584b30,1030c25017a1992cde5c030bfb83921176fc3ce7,持卡人消费,学士楼商务网关,-2.0,159.56,4573,正常
2016/03/04 17:32:31,1ddfa6725b1c5f1f251794fa2ed1c4909d584b30,1030c25017a1992cde5c030bfb83921176fc3ce7,持卡人消费,硕果园（工大商店）,-12.0,147.56,4574,正常
2016/03/05 11:12:01,1ddfa6725b1c5f1f251794fa2ed1c4909d584b30,1030c25017a1992cde5c030bfb83921176fc3ce7,持卡人消费,学士楼商务网关,-9.8,137.76,4575,正常
2016/03/05 17:42:02,1ddfa6725b1c5f1f251794fa2ed1c4909d584b30,1030c25017a1992cde5c030bfb83921176fc3ce7,持卡人消费,学士楼商务网关,-3.6,134.16,4576,正常
2016/03/05 17:43:18,1ddfa6725b1c5f1f251794fa2ed1c4909d584b30,1030c25017a1992cde5c030bfb83921176fc3ce7,持卡人消费,学士楼商务网关,-0.5,133.66,4577,正常
2016/03/06 07:55:16,1ddfa6725b1c5f1f251794fa2ed1c4909d584b30,1030c25017a1992cde5c030bfb83921176fc3ce7,持卡人消费,学士楼商务网关,-2.6,131.06,4578,正常
2016/03/06 07:56:07,1ddfa6725b1c5f1f251794fa2ed1c4909d584b30,1030c25017a1992cde5c030bfb83921176fc3ce7,持卡人消费,学士楼商务网关,-0.5,130.56,4579,正常
2016/03/06 07:56:46,1ddfa6725b1c5f1f251794fa2ed1c4909d584b30,1030c25017a1992cde5c030bfb83921176fc3ce7,持卡人消费,学士楼商务网关,-0.6,129.96,4580,正常
2016/03/06 11:54:01,1ddfa6725b1c5f1f251794fa2ed1c4909d584b30,1030c25017a1992cde5c030bfb83921176fc3ce7,持卡人消费,学士楼商务网关,-7.1,122.86,4581,正常
2016/03/06 16:52:32,1ddfa6725b1c5f1f251794fa2ed1c4909d584b30,1030c25017a1992cde5c030bfb83921176fc3ce7,持卡人消费,学士楼商务网关,-6.85,116.01,4582,正常
2016/03/06 16:53:15,1ddfa6725b1c5f1f251794fa2ed1c4909d584b30,1030c25017a1992cde5c030bfb83921176fc3ce7,持卡人消费,学士楼商务网关,-6.4,109.61,4583,正常
2016/03/06 16:55:02,1ddfa6725b1c5f1f251794fa2ed1c4909d584b30,1030c25017a1992cde5c030bfb83921176fc3ce7,持卡人消费,学士楼商务网关,-2.0,107.61,4584,正常
2016/03/06 17:25:22,1ddfa6725b1c5f1f251794fa2ed1c4909d584b30,1030c25017a1992cde5c030bfb83921176fc3ce7,持卡人消费,硕果园（工大商店）,-7.5,100.11,4585,正常
2016/03/07 11:16:11,1ddfa6725b1c5f1f251794fa2ed1c4909d584b30,1030c25017a1992cde5c030bfb83921176fc3ce7,持卡人消费,学士楼商务网关,-11.1,89.01,4586,正常
2016/03/07 16:51:30,1ddfa6725b1c5f1f251794fa2ed1c4909d584b30,1030c25017a1992cde5c030bfb83921176fc3ce7,持卡人消费,硕果园（工大商店）,-8.0,81.01,4587,正常
2016/03/08 14:40:17,1ddfa6725b1c5f1f251794fa2ed1c4909d584b30,1030c25017a1992cde5c030bfb83921176fc3ce7,持卡人消费,硕果园（工大商店）,-9.0,72.01,4588,正常
2016/03/08 14:42:57,1ddfa6725b1c5f1f251794fa2ed1c4909d584b30,1030c25017a1992cde5c030bfb83921176fc3ce7,持卡人消费,硕果园（工大商店）,-1.0,71.01,4589,正常
2016/03/09 11:22:34,1ddfa6725b1c5f1f251794fa2ed1c4909d584b30,1030c25017a1992cde5c030bfb83921176fc3ce7,持卡人消费,学苑楼商务网关,-7.5,63.51,4590,正常
2016/03/09 12:08:18,1ddfa6725b1c5f1f251794fa2ed1c4909d584b30,1030c25017a1992cde5c030bfb83921176fc3ce7,持卡人消费,A2,-3.0,60.51,4591,正常
2016/03/09 17:21:03,1ddfa6725b1c5f1f251794fa2ed1c4909d584b30,1030c25017a1992cde5c030bfb83921176fc3ce7,持卡人消费,学士楼商务网关,-7.95,52.56,4592,正常
2016/03/09 18:52:45,1ddfa6725b1c5f1f251794fa2ed1c4909d584b30,1030c25017a1992cde5c030bfb83921176fc3ce7,持卡人消费,游泳馆,-6.0,46.56,4593,正常
2016/03/10 09:31:11,1ddfa6725b1c5f1f251794fa2ed1c4909d584b30,1030c25017a1992cde5c030bfb83921176fc3ce7,持卡人消费,学士楼商务网关,-1.0,45.56,4594,正常
2016/03/10 09:31:51,1ddfa6725b1c5f1f251794fa2ed1c4909d584b30,1030c25017a1992cde5c030bfb83921176fc3ce7,持卡人消费,学士楼商务网关,-1.5,44.06,4595,正常
2016/03/10 11:28:37,1ddfa6725b1c5f1f251794fa2ed1c4909d584b30,1030c25017a1992cde5c030bfb83921176fc3ce7,持卡人消费,学苑楼商务网关,-2.1,41.96,4596,正常
2016/03/10 17:11:22,1ddfa6725b1c5f1f251794fa2ed1c4909d584b30,1030c25017a1992cde5c030bfb83921176fc3ce7,持卡人消费,学苑楼商务网关,-7.0,34.96,4597,正常
2016/03/10 19:14:28,1ddfa6725b1c5f1f251794fa2ed1c4909d584b30,1030c25017a1992cde5c030bfb83921176fc3ce7,持卡人消费,游泳馆,-6.0,28.96,4598,正常
2016/03/11 09:18:59,1ddfa6725b1c5f1f251794fa2ed1c4909d584b30,1030c25017a1992cde5c030bfb83921176fc3ce7,持卡人消费,学士楼商务网关,-0.6,28.36,4599,正常
2016/03/11 09:19:46,1ddfa6725b1c5f1f251794fa2ed1c4909d584b30,1030c25017a1992cde5c030bfb83921176fc3ce7,持卡人消费,学士楼商务网关,-2.5,25.86,4600,正常
2016/03/11 09:20:52,1ddfa6725b1c5f1f251794fa2ed1c4909d584b30,1030c25017a1992cde5c030bfb83921176fc3ce7,持卡人消费,学士楼商务网关,-0.3,25.56,4601,正常
2016/03/11 11:29:47,1ddfa6725b1c5f1f251794fa2ed1c4909d584b30,1030c25017a1992cde5c030bfb83921176fc3ce7,持卡人消费,学苑楼商务网关,-1.0,24.56,4602,正常
2016/03/11 11:31:42,1ddfa6725b1c5f1f251794fa2ed1c4909d584b30,1030c25017a1992cde5c030bfb83921176fc3ce7,持卡人消费,学苑楼商务网关,-3.0,21.56,4603,正常
2016/03/11 17:22:45,1ddfa6725b1c5f1f251794fa2ed1c4909d584b30,1030c25017a1992cde5c030bfb83921176fc3ce7,持卡人消费,学苑楼商务网关,-6.0,15.56,4604,正常
2016/03/11 17:18:43,1ddfa6725b1c5f1f251794fa2ed1c4909d584b30,1030c25017a1992cde5c030bfb83921176fc3ce7,存款,现金充值机,100.0,115.56,4605,正常
2016/03/12 07:49:55,1ddfa6725b1c5f1f251794fa2ed1c4909d584b30,1030c25017a1992cde5c030bfb83921176fc3ce7,持卡人消费,硕果园（工大商店）,-5.5,110.06,4606,正常
2016/03/12 11:52:50,1ddfa6725b1c5f1f251794fa2ed1c4909d584b30,1030c25017a1992cde5c030bfb83921176fc3ce7,持卡人消费,学士楼商务网关,-1.0,109.06,4607,正常
2016/03/12 11:53:11,1ddfa6725b1c5f1f251794fa2ed1c4909d584b30,1030c25017a1992cde5c030bfb83921176fc3ce7,持卡人消费,学士楼商务网关,-3.4,105.66,4608,正常
2016/03/14 11:41:53,1ddfa6725b1c5f1f251794fa2ed1c4909d584b30,1030c25017a1992cde5c030bfb83921176fc3ce7,持卡人消费,硕果园（工大商店）,-8.0,70.66,4613,正常
2016/03/14 11:42:59,1ddfa6725b1c5f1f251794fa2ed1c4909d584b30,1030c25017a1992cde5c030bfb83921176fc3ce7,持卡人消费,硕果园（工大商店）,-4.0,66.66,4614,正常
2016/03/14 17:04:30,1ddfa6725b1c5f1f251794fa2ed1c4909d584b30,1030c25017a1992cde5c030bfb83921176fc3ce7,持卡人消费,学苑楼商务网关,-1.9,64.76,4615,正常
2016/03/14 17:06:27,1ddfa6725b1c5f1f251794fa2ed1c4909d584b30,1030c25017a1992cde5c030bfb83921176fc3ce7,持卡人消费,学苑楼商务网关,-2.5,62.26,4616,正常
2016/03/14 17:17:23,1ddfa6725b1c5f1f251794fa2ed1c4909d584b30,1030c25017a1992cde5c030bfb83921176fc3ce7,持卡人消费,学苑楼商务网关,-2.0,60.26,4617,正常
2016/03/14 19:59:55,1ddfa6725b1c5f1f251794fa2ed1c4909d584b30,1030c25017a1992cde5c030bfb83921176fc3ce7,持卡人消费,硕果园（工大商店）,-5.5,54.76,4618,正常
2016/03/15 08:39:09,1ddfa6725b1c5f1f251794fa2ed1c4909d584b30,1030c25017a1992cde5c030bfb83921176fc3ce7,持卡人消费,学士楼商务网关,-2.1,52.66,4619,正常
2016/03/15 11:03:26,1ddfa6725b1c5f1f251794fa2ed1c4909d584b30,1030c25017a1992cde5c030bfb83921176fc3ce7,持卡人消费,学苑楼商务网关,-2.0,50.66,4620,正常
2016/03/15 11:04:17,1ddfa6725b1c5f1f251794fa2ed1c4909d584b30,1030c25017a1992cde5c030bfb83921176fc3ce7,持卡人消费,学苑楼商务网关,-1.9,48.76,4621,正常
2016/03/15 11:10:05,1ddfa6725b1c5f1f251794fa2ed1c4909d584b30,1030c25017a1992cde5c030bfb83921176fc3ce7,持卡人消费,学苑楼商务网关,-1.5,47.26,4622,正常
2016/03/15 17:10:17,1ddfa6725b1c5f1f251794fa2ed1c4909d584b30,1030c25017a1992cde5c030bfb83921176fc3ce7,持卡人消费,学苑楼商务网关,-7.0,40.26,4623,正常
2016/03/15 17:23:58,1ddfa6725b1c5f1f251794fa2ed1c4909d584b30,1030c25017a1992cde5c030bfb83921176fc3ce7,持卡人消费,学苑楼商务网关,-2.6,37.66,4624,正常
2016/03/16 08:56:02,1ddfa6725b1c5f1f251794fa2ed1c4909d584b30,1030c25017a1992cde5c030bfb83921176fc3ce7,持卡人消费,学士楼商务网关,-1.5,36.16,4625,正常
2016/03/16 08:56:50,1ddfa6725b1c5f1f251794fa2ed1c4909d584b30,1030c25017a1992cde5c030bfb83921176fc3ce7,持卡人消费,学士楼商务网关,-0.6,35.56,4626,正常
2016/03/16 11:02:36,1ddfa6725b1c5f1f251794fa2ed1c4909d584b30,1030c25017a1992cde5c030bfb83921176fc3ce7,持卡人消费,学苑楼商务网关,-8.0,27.56,4627,正常
2016/03/16 17:15:19,1ddfa6725b1c5f1f251794fa2ed1c4909d584b30,1030c25017a1992cde5c030bfb83921176fc3ce7,持卡人消费,学苑楼商务网关,-1.9,25.66,4628,正常
2016/03/16 17:15:57,1ddfa6725b1c5f1f251794fa2ed1c4909d584b30,1030c25017a1992cde5c030bfb83921176fc3ce7,持卡人消费,学苑楼商务网关,-1.9,23.76,4629,正常
2016/03/16 18:39:16,1ddfa6725b1c5f1f251794fa2ed1c4909d584b30,1030c25017a1992cde5c030bfb83921176fc3ce7,持卡人消费,硕果园（工大商店）,-5.0,18.76,4630,正常
2016/03/17 09:11:34,1ddfa6725b1c5f1f251794fa2ed1c4909d584b30,1030c25017a1992cde5c030bfb83921176fc3ce7,持卡人消费,超市商务子系统,-2.0,16.76,4631,正常
2016/03/17 09:11:44,1ddfa6725b1c5f1f251794fa2ed1c4909d584b30,1030c25017a1992cde5c030bfb83921176fc3ce7,持卡人消费,超市商务子系统,-3.0,13.76,4632,正常
2016/03/17 11:09:13,1ddfa6725b1c5f1f251794fa2ed1c4909d584b30,1030c25017a1992cde5c030bfb83921176fc3ce7,持卡人消费,学苑楼商务网关,-2.5,11.26,4633,正常
2016/03/17 11:09:59,1ddfa6725b1c5f1f251794fa2ed1c4909d584b30,1030c25017a1992cde5c030bfb83921176fc3ce7,持卡人消费,学苑楼商务网关,-1.9,9.36,4634,正常
2016/03/17 17:03:46,1ddfa6725b1c5f1f251794fa2ed1c4909d584b30,1030c25017a1992cde5c030bfb83921176fc3ce7,持卡人消费,学苑楼商务网关,-6.0,3.36,4635,正常
2016/03/17 17:03:51,1ddfa6725b1c5f1f251794fa2ed1c4909d584b30,1030c25017a1992cde5c030bfb83921176fc3ce7,持卡人消费,学苑楼商务网关,-0.6,2.76,4636,正常
2016/03/18 07:21:38,1ddfa6725b1c5f1f251794fa2ed1c4909d584b30,1030c25017a1992cde5c030bfb83921176fc3ce7,持卡人消费,学士楼商务网关,-1.6,1.16,4637,正常
2016/03/18 07:22:26,1ddfa6725b1c5f1f251794fa2ed1c4909d584b30,1030c25017a1992cde5c030bfb83921176fc3ce7,持卡人消费,学士楼商务网关,-0.3,0.86,4638,正常
2016/03/18 10:46:17,1ddfa6725b1c5f1f251794fa2ed1c4909d584b30,1030c25017a1992cde5c030bfb83921176fc3ce7,存款,现金充值机,200.0,200.86,4639,正常
2016/03/18 11:03:48,1ddfa6725b1c5f1f251794fa2ed1c4909d584b30,1030c25017a1992cde5c030bfb83921176fc3ce7,持卡人消费,学苑楼商务网关,-2.0,198.86,4640,正常
2016/03/18 11:04:58,1ddfa6725b1c5f1f251794fa2ed1c4909d584b30,1030c25017a1992cde5c030bfb83921176fc3ce7,持卡人消费,学苑楼商务网关,-1.5,197.36,4641,正常
2016/03/18 11:05:52,1ddfa6725b1c5f1f251794fa2ed1c4909d584b30,1030c25017a1992cde5c030bfb83921176fc3ce7,持卡人消费,学苑楼商务网关,-2.1,195.26,4642,正常
2016/03/18 17:03:50,1ddfa6725b1c5f1f251794fa2ed1c4909d584b30,1030c25017a1992cde5c030bfb83921176fc3ce7,持卡人消费,学苑楼商务网关,-7.0,188.26,4643,正常
2016/03/18 17:04:44,1ddfa6725b1c5f1f251794fa2ed1c4909d584b30,1030c25017a1992cde5c030bfb83921176fc3ce7,持卡人消费,学苑楼商务网关,-1.0,187.26,4644,正常
2016/03/18 17:19:02,1ddfa6725b1c5f1f251794fa2ed1c4909d584b30,1030c25017a1992cde5c030bfb83921176fc3ce7,持卡人消费,学苑楼商务网关,-2.4,184.86,4645,正常
2016/03/19 08:20:44,1ddfa6725b1c5f1f251794fa2ed1c4909d584b30,1030c25017a1992cde5c030bfb83921176fc3ce7,持卡人消费,硕果园（工大商店）,-4.0,180.86,4646,正常
2016/03/19 11:43:22,1ddfa6725b1c5f1f251794fa2ed1c4909d584b30,1030c25017a1992cde5c030bfb83921176fc3ce7,持卡人消费,学苑楼商务网关,-2.1,178.76,4647,正常
2016/03/19 11:45:34,1ddfa6725b1c5f1f251794fa2ed1c4909d584b30,1030c25017a1992cde5c030bfb83921176fc3ce7,持卡人消费,学苑楼商务网关,-1.0,177.76,4648,正常
2016/03/19 17:45:23,1ddfa6725b1c5f1f251794fa2ed1c4909d584b30,1030c25017a1992cde5c030bfb83921176fc3ce7,持卡人消费,硕果园（工大商店）,-10.0,167.76,4649,正常
2016/03/20 13:15:42,1ddfa6725b1c5f1f251794fa2ed1c4909d584b30,1030c25017a1992cde5c030bfb83921176fc3ce7,持卡人消费,学士楼商务网关,-2.6,165.16,4650,正常
2016/03/20 13:17:20,1ddfa6725b1c5f1f251794fa2ed1c4909d584b30,1030c25017a1992cde5c030bfb83921176fc3ce7,持卡人消费,学士楼商务网关,-6.0,159.16,4651,正常
2016/03/20 13:33:25,1ddfa6725b1c5f1f251794fa2ed1c4909d584b30,1030c25017a1992cde5c030bfb83921176fc3ce7,持卡人消费,超市商务子系统,-3.9,155.26,4652,正常
2016/03/20 17:03:55,1ddfa6725b1c5f1f251794fa2ed1c4909d584b30,1030c25017a1992cde5c030bfb83921176fc3ce7,持卡人消费,学苑楼商务网关,-3.0,152.26,4653,正常
2016/03/20 17:08:11,1ddfa6725b1c5f1f251794fa2ed1c4909d584b30,1030c25017a1992cde5c030bfb83921176fc3ce7,持卡人消费,学苑楼商务网关,-2.0,150.26,4654,正常
2016/03/20 21:06:25,1ddfa6725b1c5f1f251794fa2ed1c4909d584b30,1030c25017a1992cde5c030bfb83921176fc3ce7,持卡人消费,硕果园（工大商店）,-1.8,148.46,4655,正常
2016/03/21 12:07:50,1ddfa6725b1c5f1f251794fa2ed1c4909d584b30,1030c25017a1992cde5c030bfb83921176fc3ce7,持卡人消费,学士楼商务网关,-1.0,147.46,4656,正常
2016/03/21 12:08:22,1ddfa6725b1c5f1f251794fa2ed1c4909d584b30,1030c25017a1992cde5c030bfb83921176fc3ce7,持卡人消费,学士楼商务网关,-1.6,145.86,4657,正常
2016/03/21 17:05:24,1ddfa6725b1c5f1f251794fa2ed1c4909d584b30,1030c25017a1992cde5c030bfb83921176fc3ce7,持卡人消费,学苑楼商务网关,-7.0,138.86,4658,正常
2016/03/21 17:06:38,1ddfa6725b1c5f1f251794fa2ed1c4909d584b30,1030c25017a1992cde5c030bfb83921176fc3ce7,持卡人消费,学苑楼商务网关,-1.0,137.86,4659,正常
2016/03/21 21:43:10,1ddfa6725b1c5f1f251794fa2ed1c4909d584b30,1030c25017a1992cde5c030bfb83921176fc3ce7,持卡人消费,硕果园（工大商店）,-2.0,135.86,4660,正常
2016/03/22 10:59:07,1ddfa6725b1c5f1f251794fa2ed1c4909d584b30,1030c25017a1992cde5c030bfb83921176fc3ce7,持卡人消费,学士楼商务网关,-5.0,130.86,4661,正常
2016/03/22 10:59:59,1ddfa6725b1c5f1f251794fa2ed1c4909d584b30,1030c25017a1992cde5c030bfb83921176fc3ce7,持卡人消费,学士楼商务网关,-2.0,128.86,4662,正常
2016/03/22 11:58:24,1ddfa6725b1c5f1f251794fa2ed1c4909d584b30,1030c25017a1992cde5c030bfb83921176fc3ce7,持卡人消费,15公寓浴池,-0.03,128.83,4664,正常
2016/03/22 12:04:13,1ddfa6725b1c5f1f251794fa2ed1c4909d584b30,1030c25017a1992cde5c030bfb83921176fc3ce7,持卡人消费,15公寓浴池,-1.1,127.73,4666,正常
2016/03/22 12:08:37,1ddfa6725b1c5f1f251794fa2ed1c4909d584b30,1030c25017a1992cde5c030bfb83921176fc3ce7,持卡人消费,15公寓浴池,-0.83,126.90,4668,正常
2016/03/22 12:18:45,1ddfa6725b1c5f1f251794fa2ed1c4909d584b30,1030c25017a1992cde5c030bfb83921176fc3ce7,持卡人消费,15公寓浴池,-1.79,125.11,4670,正常
2016/03/22 16:56:43,1ddfa6725b1c5f1f251794fa2ed1c4909d584b30,1030c25017a1992cde5c030bfb83921176fc3ce7,持卡人消费,学苑楼商务网关,-7.5,117.61,4671,正常
2016/03/22 16:58:15,1ddfa6725b1c5f1f251794fa2ed1c4909d584b30,1030c25017a1992cde5c030bfb83921176fc3ce7,持卡人消费,学苑楼商务网关,-6.0,111.61,4672,正常
2016/03/23 08:43:16,1ddfa6725b1c5f1f251794fa2ed1c4909d584b30,1030c25017a1992cde5c030bfb83921176fc3ce7,持卡人消费,学士楼商务网关,-2.7,108.91,4673,正常
2016/03/23 11:01:31,1ddfa6725b1c5f1f251794fa2ed1c4909d584b30,1030c25017a1992cde5c030bfb83921176fc3ce7,持卡人消费,学苑楼商务网关,-6.0,102.91,4674,正常
2016/03/23 17:00:57,1ddfa6725b1c5f1f251794fa2ed1c4909d584b30,1030c25017a1992cde5c030bfb83921176fc3ce7,持卡人消费,学苑楼商务网关,-6.0,96.91,4675,正常
2016/03/23 22:05:17,1ddfa6725b1c5f1f251794fa2ed1c4909d584b30,1030c25017a1992cde5c030bfb83921176fc3ce7,持卡人消费,硕果园（工大商店）,-1.9,95.01,4676,正常
2016/03/24 08:32:06,1ddfa6725b1c5f1f251794fa2ed1c4909d584b30,1030c25017a1992cde5c030bfb83921176fc3ce7,持卡人消费,学士楼商务网关,-3.5,91.51,4677,正常
2016/03/24 11:08:51,1ddfa6725b1c5f1f251794fa2ed1c4909d584b30,1030c25017a1992cde5c030bfb83921176fc3ce7,持卡人消费,学苑楼商务网关,-8.0,83.51,4678,正常
2016/03/24 17:06:55,1ddfa6725b1c5f1f251794fa2ed1c4909d584b30,1030c25017a1992cde5c030bfb83921176fc3ce7,持卡人消费,学苑楼商务网关,-8.0,75.51,4679,正常
2016/03/25 07:52:16,1ddfa6725b1c5f1f251794fa2ed1c4909d584b30,1030c25017a1992cde5c030bfb83921176fc3ce7,持卡人消费,学士楼商务网关,-2.5,73.01,4680,正常
2016/03/25 07:53:37,1ddfa6725b1c5f1f251794fa2ed1c4909d584b30,1030c25017a1992cde5c030bfb83921176fc3ce7,持卡人消费,学士楼商务网关,-1.0,72.01,4681,正常
2016/03/25 07:54:20,1ddfa6725b1c5f1f251794fa2ed1c4909d584b30,1030c25017a1992cde5c030bfb83921176fc3ce7,持卡人消费,学士楼商务网关,-0.6,71.41,4682,正常
2016/03/25 10:57:29,1ddfa6725b1c5f1f251794fa2ed1c4909d584b30,1030c25017a1992cde5c030bfb83921176fc3ce7,持卡人消费,学苑楼商务网关,-7.0,64.41,4683,正常
2016/03/25 10:58:44,1ddfa6725b1c5f1f251794fa2ed1c4909d584b30,1030c25017a1992cde5c030bfb83921176fc3ce7,持卡人消费,学苑楼商务网关,-1.5,62.91,4684,正常
2016/03/25 17:09:39,1ddfa6725b1c5f1f251794fa2ed1c4909d584b30,1030c25017a1992cde5c030bfb83921176fc3ce7,持卡人消费,学苑楼商务网关,-7.0,55.91,4685,正常
2016/03/25 17:10:44,1ddfa6725b1c5f1f251794fa2ed1c4909d584b30,1030c25017a1992cde5c030bfb83921176fc3ce7,持卡人消费,学苑楼商务网关,-1.5,54.41,4686,正常
2016/03/25 22:27:10,1ddfa6725b1c5f1f251794fa2ed1c4909d584b30,1030c25017a1992cde5c030bfb83921176fc3ce7,持卡人消费,网络中心,-30.0,24.41,4687,正常
2016/03/26 17:26:33,1ddfa6725b1c5f1f251794fa2ed1c4909d584b30,1030c25017a1992cde5c030bfb83921176fc3ce7,持卡人消费,硕果园（工大商店）,-8.0,16.41,4688,正常
2016/03/26 20:49:27,1ddfa6725b1c5f1f251794fa2ed1c4909d584b30,1030c25017a1992cde5c030bfb83921176fc3ce7,持卡人消费,硕果园（工大商店）,-2.5,13.91,4689,正常
2016/03/27 07:32:12,1ddfa6725b1c5f1f251794fa2ed1c4909d584b30,1030c25017a1992cde5c030bfb83921176fc3ce7,持卡人消费,学士楼商务网关,-1.0,12.91,4690,正常
2016/03/27 07:32:30,1ddfa6725b1c5f1f251794fa2ed1c4909d584b30,1030c25017a1992cde5c030bfb83921176fc3ce7,持卡人消费,学士楼商务网关,-0.2,12.71,4691,正常
2016/03/28 17:41:32,1ddfa6725b1c5f1f251794fa2ed1c4909d584b30,1030c25017a1992cde5c030bfb83921176fc3ce7,持卡人消费,学士楼商务网关,-2.0,10.71,4692,正常
2016/03/28 17:42:27,1ddfa6725b1c5f1f251794fa2ed1c4909d584b30,1030c25017a1992cde5c030bfb83921176fc3ce7,持卡人消费,学士楼商务网关,-4.4,6.31,4693,正常
2016/03/28 18:31:24,1ddfa6725b1c5f1f251794fa2ed1c4909d584b30,1030c25017a1992cde5c030bfb83921176fc3ce7,持卡人消费,游泳馆,-6.0,0.31,4694,正常
2016/03/29 11:27:12,1ddfa6725b1c5f1f251794fa2ed1c4909d584b30,1030c25017a1992cde5c030bfb83921176fc3ce7,存款,学苑楼综合业务3,200.0,200.31,4695,正常
2016/03/29 11:28:56,1ddfa6725b1c5f1f251794fa2ed1c4909d584b30,1030c25017a1992cde5c030bfb83921176fc3ce7,持卡人消费,学苑楼商务网关,-8.0,192.31,4696,正常
2016/03/29 17:05:19,1ddfa6725b1c5f1f251794fa2ed1c4909d584b30,1030c25017a1992cde5c030bfb83921176fc3ce7,持卡人消费,学苑楼商务网关,-0.2,192.11,4697,正常
2016/03/29 17:06:57,1ddfa6725b1c5f1f251794fa2ed1c4909d584b30,1030c25017a1992cde5c030bfb83921176fc3ce7,持卡人消费,学苑楼商务网关,-2.5,189.61,4698,正常
2016/03/29 18:30:25,1ddfa6725b1c5f1f251794fa2ed1c4909d584b30,1030c25017a1992cde5c030bfb83921176fc3ce7,持卡人消费,游泳馆,-6.0,183.61,4699,正常
2016/03/30 08:03:43,1ddfa6725b1c5f1f251794fa2ed1c4909d584b30,1030c25017a1992cde5c030bfb83921176fc3ce7,持卡人消费,学士楼商务网关,-1.0,182.61,4700,正常
2016/03/30 08:03:58,1ddfa6725b1c5f1f251794fa2ed1c4909d584b30,1030c25017a1992cde5c030bfb83921176fc3ce7,持卡人消费,学士楼商务网关,-1.5,181.11,4701,正常
2016/03/30 10:45:02,1ddfa6725b1c5f1f251794fa2ed1c4909d584b30,1030c25017a1992cde5c030bfb83921176fc3ce7,持卡人消费,学苑楼商务网关,-8.0,173.11,4702,正常
2016/03/30 16:36:38,1ddfa6725b1c5f1f251794fa2ed1c4909d584b30,1030c25017a1992cde5c030bfb83921176fc3ce7,持卡人消费,硕果园（工大商店）,-2.0,171.11,4703,正常
2016/03/31 09:29:29,1ddfa6725b1c5f1f251794fa2ed1c4909d584b30,1030c25017a1992cde5c030bfb83921176fc3ce7,持卡人消费,学士楼商务网关,-1.5,169.61,4704,正常
2016/03/31 09:30:15,1ddfa6725b1c5f1f251794fa2ed1c4909d584b30,1030c25017a1992cde5c030bfb83921176fc3ce7,持卡人消费,学士楼商务网关,-2.0,167.61,4705,正常
2016/03/31 09:33:33,1ddfa6725b1c5f1f251794fa2ed1c4909d584b30,1030c25017a1992cde5c030bfb83921176fc3ce7,持卡人消费,学士楼商务网关,-1.0,166.61,4706,正常
2016/03/31 19:19:39,1ddfa6725b1c5f1f251794fa2ed1c4909d584b30,1030c25017a1992cde5c030bfb83921176fc3ce7,持卡人消费,游泳馆,-6.0,160.61,4707,正常
