交易发生时间,学号,姓名,交易类型,子系统名称,交易额,现有余额,次数,状态
2016/03/03 12:06:34,a3781dbf9b074fc6a5bae9d9fbba01b8b4075d01,1097bec37b1e5f8061e663b0ba8ba4c1ee12c506,持卡人消费,15公寓浴池,-1.15,30.34,4370,正常
2016/03/05 14:42:10,a3781dbf9b074fc6a5bae9d9fbba01b8b4075d01,1097bec37b1e5f8061e663b0ba8ba4c1ee12c506,持卡人消费,学子超市园丁总店,-0.3,30.04,4371,正常
2016/03/06 14:49:05,a3781dbf9b074fc6a5bae9d9fbba01b8b4075d01,1097bec37b1e5f8061e663b0ba8ba4c1ee12c506,持卡人消费,15公寓浴池,-0.16,29.88,4373,正常
2016/03/06 14:54:27,a3781dbf9b074fc6a5bae9d9fbba01b8b4075d01,1097bec37b1e5f8061e663b0ba8ba4c1ee12c506,持卡人消费,15公寓浴池,-0.69,29.19,4375,正常
2016/03/07 14:07:07,a3781dbf9b074fc6a5bae9d9fbba01b8b4075d01,1097bec37b1e5f8061e663b0ba8ba4c1ee12c506,存款,现金充值机,200.0,229.19,4376,正常
2016/03/07 14:23:54,a3781dbf9b074fc6a5bae9d9fbba01b8b4075d01,1097bec37b1e5f8061e663b0ba8ba4c1ee12c506,持卡人消费,超市商务子系统,-5.0,224.19,4377,正常
2016/03/08 10:08:13,a3781dbf9b074fc6a5bae9d9fbba01b8b4075d01,1097bec37b1e5f8061e663b0ba8ba4c1ee12c506,持卡人消费,学苑楼商务网关,-14.0,210.19,4378,正常
2016/03/08 10:37:50,a3781dbf9b074fc6a5bae9d9fbba01b8b4075d01,1097bec37b1e5f8061e663b0ba8ba4c1ee12c506,持卡人消费,超市商务子系统,-5.0,205.19,4379,正常
2016/03/09 07:33:21,a3781dbf9b074fc6a5bae9d9fbba01b8b4075d01,1097bec37b1e5f8061e663b0ba8ba4c1ee12c506,持卡人消费,超市商务子系统,-2.0,203.19,4380,正常
2016/03/09 15:46:24,a3781dbf9b074fc6a5bae9d9fbba01b8b4075d01,1097bec37b1e5f8061e663b0ba8ba4c1ee12c506,持卡人消费,硕果园（工大商店）,-12.0,191.19,4381,正常
2016/03/09 17:52:37,a3781dbf9b074fc6a5bae9d9fbba01b8b4075d01,1097bec37b1e5f8061e663b0ba8ba4c1ee12c506,持卡人消费,15公寓浴池,-0.22,190.97,4383,正常
2016/03/09 17:57:38,a3781dbf9b074fc6a5bae9d9fbba01b8b4075d01,1097bec37b1e5f8061e663b0ba8ba4c1ee12c506,持卡人消费,15公寓浴池,-0.59,190.38,4385,正常
2016/03/10 07:55:10,a3781dbf9b074fc6a5bae9d9fbba01b8b4075d01,1097bec37b1e5f8061e663b0ba8ba4c1ee12c506,持卡人消费,超市商务子系统,-1.0,189.38,4386,正常
2016/03/10 11:07:33,a3781dbf9b074fc6a5bae9d9fbba01b8b4075d01,1097bec37b1e5f8061e663b0ba8ba4c1ee12c506,持卡人消费,学子楼商务网关,-4.0,185.38,4387,正常
2016/03/10 11:29:22,a3781dbf9b074fc6a5bae9d9fbba01b8b4075d01,1097bec37b1e5f8061e663b0ba8ba4c1ee12c506,持卡人消费,学子楼商务网关,-3.0,182.38,4388,正常
2016/03/12 16:15:23,a3781dbf9b074fc6a5bae9d9fbba01b8b4075d01,1097bec37b1e5f8061e663b0ba8ba4c1ee12c506,持卡人消费,15公寓浴池,-0.24,182.14,4390,正常
2016/03/12 16:22:14,a3781dbf9b074fc6a5bae9d9fbba01b8b4075d01,1097bec37b1e5f8061e663b0ba8ba4c1ee12c506,持卡人消费,15公寓浴池,-0.88,181.26,4392,正常
2016/03/12 17:35:54,a3781dbf9b074fc6a5bae9d9fbba01b8b4075d01,1097bec37b1e5f8061e663b0ba8ba4c1ee12c506,持卡人消费,学士楼商务网关,-3.1,178.16,4393,正常
2016/03/15 12:12:39,a3781dbf9b074fc6a5bae9d9fbba01b8b4075d01,1097bec37b1e5f8061e663b0ba8ba4c1ee12c506,持卡人消费,15公寓浴池,-0.16,178.00,4395,正常
2016/03/15 12:18:57,a3781dbf9b074fc6a5bae9d9fbba01b8b4075d01,1097bec37b1e5f8061e663b0ba8ba4c1ee12c506,持卡人消费,15公寓浴池,-0.8,177.20,4397,正常
2016/03/18 15:54:43,a3781dbf9b074fc6a5bae9d9fbba01b8b4075d01,1097bec37b1e5f8061e663b0ba8ba4c1ee12c506,持卡人消费,学士楼商务网关,-3.7,173.50,4398,正常
2016/03/20 18:40:23,a3781dbf9b074fc6a5bae9d9fbba01b8b4075d01,1097bec37b1e5f8061e663b0ba8ba4c1ee12c506,持卡人消费,硕果园（工大商店）,-10.0,163.50,4399,正常
2016/03/20 20:14:43,a3781dbf9b074fc6a5bae9d9fbba01b8b4075d01,1097bec37b1e5f8061e663b0ba8ba4c1ee12c506,持卡人消费,15公寓浴池,-0.18,163.32,4401,正常
2016/03/20 20:20:40,a3781dbf9b074fc6a5bae9d9fbba01b8b4075d01,1097bec37b1e5f8061e663b0ba8ba4c1ee12c506,持卡人消费,15公寓浴池,-0.8,162.52,4403,正常
2016/03/21 10:45:11,a3781dbf9b074fc6a5bae9d9fbba01b8b4075d01,1097bec37b1e5f8061e663b0ba8ba4c1ee12c506,持卡人消费,学苑楼商务网关,-6.0,156.52,4404,正常
2016/03/22 15:14:39,a3781dbf9b074fc6a5bae9d9fbba01b8b4075d01,1097bec37b1e5f8061e663b0ba8ba4c1ee12c506,持卡人消费,15公寓浴池,-0.32,156.20,4406,正常
2016/03/22 15:21:16,a3781dbf9b074fc6a5bae9d9fbba01b8b4075d01,1097bec37b1e5f8061e663b0ba8ba4c1ee12c506,持卡人消费,15公寓浴池,-0.9,155.30,4408,正常
2016/03/23 17:34:41,a3781dbf9b074fc6a5bae9d9fbba01b8b4075d01,1097bec37b1e5f8061e663b0ba8ba4c1ee12c506,持卡人消费,学苑楼商务网关,-9.0,146.30,4409,正常
2016/03/24 12:58:13,a3781dbf9b074fc6a5bae9d9fbba01b8b4075d01,1097bec37b1e5f8061e663b0ba8ba4c1ee12c506,持卡人消费,学子楼商务网关,-4.8,141.50,4410,正常
2016/03/24 16:08:54,a3781dbf9b074fc6a5bae9d9fbba01b8b4075d01,1097bec37b1e5f8061e663b0ba8ba4c1ee12c506,持卡人消费,15公寓浴池,-0.37,141.13,4412,正常
2016/03/24 16:14:20,a3781dbf9b074fc6a5bae9d9fbba01b8b4075d01,1097bec37b1e5f8061e663b0ba8ba4c1ee12c506,持卡人消费,15公寓浴池,-0.7,140.43,4414,正常
2016/03/26 16:27:11,a3781dbf9b074fc6a5bae9d9fbba01b8b4075d01,1097bec37b1e5f8061e663b0ba8ba4c1ee12c506,持卡人消费,15公寓浴池,-0.19,140.24,4416,正常
2016/03/26 16:32:48,a3781dbf9b074fc6a5bae9d9fbba01b8b4075d01,1097bec37b1e5f8061e663b0ba8ba4c1ee12c506,持卡人消费,15公寓浴池,-0.67,139.57,4418,正常
2016/03/27 07:53:18,a3781dbf9b074fc6a5bae9d9fbba01b8b4075d01,1097bec37b1e5f8061e663b0ba8ba4c1ee12c506,持卡人消费,网络中心,-30.0,109.57,4419,正常
2016/03/27 10:51:18,a3781dbf9b074fc6a5bae9d9fbba01b8b4075d01,1097bec37b1e5f8061e663b0ba8ba4c1ee12c506,持卡人消费,学苑楼商务网关,-9.0,100.57,4420,正常
2016/03/28 16:32:26,a3781dbf9b074fc6a5bae9d9fbba01b8b4075d01,1097bec37b1e5f8061e663b0ba8ba4c1ee12c506,持卡人消费,15公寓浴池,-0.13,100.44,4422,正常
2016/03/28 16:37:07,a3781dbf9b074fc6a5bae9d9fbba01b8b4075d01,1097bec37b1e5f8061e663b0ba8ba4c1ee12c506,持卡人消费,15公寓浴池,-0.58,99.86,4424,正常
2016/03/30 19:15:38,a3781dbf9b074fc6a5bae9d9fbba01b8b4075d01,1097bec37b1e5f8061e663b0ba8ba4c1ee12c506,持卡人消费,15公寓浴池,-0.26,99.60,4426,正常
2016/03/30 19:22:11,a3781dbf9b074fc6a5bae9d9fbba01b8b4075d01,1097bec37b1e5f8061e663b0ba8ba4c1ee12c506,持卡人消费,15公寓浴池,-0.8,98.80,4428,正常
2016/03/31 20:30:26,a3781dbf9b074fc6a5bae9d9fbba01b8b4075d01,1097bec37b1e5f8061e663b0ba8ba4c1ee12c506,持卡人消费,学子超市园丁总店,-0.2,98.60,4429,正常
