交易发生时间,学号,姓名,交易类型,子系统名称,交易额,现有余额,次数,状态
2016/03/01 11:40:07,0fdcdfd3f66ea98fd266f07208401d69aa885adb,10f744b6b9842e301ca25b5d50a4e9cb5b85a441,持卡人消费,九食堂商务网关,-6.0,127.06,4313,正常
2016/03/02 11:33:14,0fdcdfd3f66ea98fd266f07208401d69aa885adb,10f744b6b9842e301ca25b5d50a4e9cb5b85a441,持卡人消费,九食堂商务网关,-8.0,119.06,4314,正常
2016/03/02 17:24:23,0fdcdfd3f66ea98fd266f07208401d69aa885adb,10f744b6b9842e301ca25b5d50a4e9cb5b85a441,持卡人消费,九食堂商务网关,-10.0,109.06,4315,正常
2016/03/02 17:25:44,0fdcdfd3f66ea98fd266f07208401d69aa885adb,10f744b6b9842e301ca25b5d50a4e9cb5b85a441,持卡人消费,九食堂商务网关,-3.0,106.06,4316,正常
2016/03/02 19:43:31,0fdcdfd3f66ea98fd266f07208401d69aa885adb,10f744b6b9842e301ca25b5d50a4e9cb5b85a441,持卡人消费,二区水控,-1.41,104.65,4318,正常
2016/03/02 19:56:37,0fdcdfd3f66ea98fd266f07208401d69aa885adb,10f744b6b9842e301ca25b5d50a4e9cb5b85a441,持卡人消费,二区水控,-1.74,102.91,4320,正常
2016/03/02 20:02:49,0fdcdfd3f66ea98fd266f07208401d69aa885adb,10f744b6b9842e301ca25b5d50a4e9cb5b85a441,持卡人消费,二区水控,-0.54,102.37,4322,正常
2016/03/02 22:03:52,0fdcdfd3f66ea98fd266f07208401d69aa885adb,10f744b6b9842e301ca25b5d50a4e9cb5b85a441,持卡人消费,学子便利店B07,-4.5,97.87,4323,正常
2016/03/03 11:20:42,0fdcdfd3f66ea98fd266f07208401d69aa885adb,10f744b6b9842e301ca25b5d50a4e9cb5b85a441,持卡人消费,九食堂商务网关,-8.0,89.87,4324,正常
2016/03/03 17:11:58,0fdcdfd3f66ea98fd266f07208401d69aa885adb,10f744b6b9842e301ca25b5d50a4e9cb5b85a441,持卡人消费,九食堂商务网关,-8.0,81.87,4325,正常
2016/03/03 21:04:23,0fdcdfd3f66ea98fd266f07208401d69aa885adb,10f744b6b9842e301ca25b5d50a4e9cb5b85a441,持卡人消费,学子便利店B05,-3.0,78.87,4326,正常
2016/03/04 11:27:46,0fdcdfd3f66ea98fd266f07208401d69aa885adb,10f744b6b9842e301ca25b5d50a4e9cb5b85a441,持卡人消费,四食堂商务网关,-7.06,71.81,4327,正常
2016/03/04 17:27:20,0fdcdfd3f66ea98fd266f07208401d69aa885adb,10f744b6b9842e301ca25b5d50a4e9cb5b85a441,持卡人消费,九食堂商务网关,-10.0,61.81,4328,正常
2016/03/04 21:25:54,0fdcdfd3f66ea98fd266f07208401d69aa885adb,10f744b6b9842e301ca25b5d50a4e9cb5b85a441,持卡人消费,学子便利店B07,-5.0,56.81,4329,正常
2016/03/05 11:06:14,0fdcdfd3f66ea98fd266f07208401d69aa885adb,10f744b6b9842e301ca25b5d50a4e9cb5b85a441,持卡人消费,五食堂商务网关,-5.0,51.81,4330,正常
2016/03/06 11:37:06,0fdcdfd3f66ea98fd266f07208401d69aa885adb,10f744b6b9842e301ca25b5d50a4e9cb5b85a441,持卡人消费,五食堂商务网关,-6.0,45.81,4331,正常
2016/03/06 17:06:55,0fdcdfd3f66ea98fd266f07208401d69aa885adb,10f744b6b9842e301ca25b5d50a4e9cb5b85a441,持卡人消费,九食堂商务网关,-10.0,35.81,4332,正常
2016/03/07 11:11:09,0fdcdfd3f66ea98fd266f07208401d69aa885adb,10f744b6b9842e301ca25b5d50a4e9cb5b85a441,持卡人消费,九食堂商务网关,-8.0,27.81,4333,正常
2016/03/07 17:10:50,0fdcdfd3f66ea98fd266f07208401d69aa885adb,10f744b6b9842e301ca25b5d50a4e9cb5b85a441,持卡人消费,四食堂商务网关,-5.76,22.05,4334,正常
2016/03/07 21:17:17,0fdcdfd3f66ea98fd266f07208401d69aa885adb,10f744b6b9842e301ca25b5d50a4e9cb5b85a441,持卡人消费,B7,-6.0,16.05,4335,正常
2016/03/08 11:08:25,0fdcdfd3f66ea98fd266f07208401d69aa885adb,10f744b6b9842e301ca25b5d50a4e9cb5b85a441,存款,现金充值机,100.0,116.05,4336,正常
2016/03/08 11:11:06,0fdcdfd3f66ea98fd266f07208401d69aa885adb,10f744b6b9842e301ca25b5d50a4e9cb5b85a441,持卡人消费,五食堂商务网关,-8.0,108.05,4337,正常
2016/03/08 12:00:02,0fdcdfd3f66ea98fd266f07208401d69aa885adb,10f744b6b9842e301ca25b5d50a4e9cb5b85a441,持卡人消费,学子便利店B07,-2.0,106.05,4338,正常
2016/03/09 11:02:38,0fdcdfd3f66ea98fd266f07208401d69aa885adb,10f744b6b9842e301ca25b5d50a4e9cb5b85a441,持卡人消费,九食堂商务网关,-9.0,97.05,4339,正常
2016/03/09 10:56:40,0fdcdfd3f66ea98fd266f07208401d69aa885adb,10f744b6b9842e301ca25b5d50a4e9cb5b85a441,存款,现金充值机,100.0,197.05,4340,正常
2016/03/09 16:51:47,0fdcdfd3f66ea98fd266f07208401d69aa885adb,10f744b6b9842e301ca25b5d50a4e9cb5b85a441,持卡人消费,四食堂商务网关,-9.94,187.11,4341,正常
2016/03/09 17:08:13,0fdcdfd3f66ea98fd266f07208401d69aa885adb,10f744b6b9842e301ca25b5d50a4e9cb5b85a441,持卡人消费,四食堂商务网关,-8.0,179.11,4342,正常
2016/03/10 11:25:01,0fdcdfd3f66ea98fd266f07208401d69aa885adb,10f744b6b9842e301ca25b5d50a4e9cb5b85a441,持卡人消费,九食堂商务网关,-10.0,169.11,4343,正常
2016/03/10 12:38:44,0fdcdfd3f66ea98fd266f07208401d69aa885adb,10f744b6b9842e301ca25b5d50a4e9cb5b85a441,持卡人消费,二区水控,-1.5,167.61,4345,正常
2016/03/10 12:45:03,0fdcdfd3f66ea98fd266f07208401d69aa885adb,10f744b6b9842e301ca25b5d50a4e9cb5b85a441,持卡人消费,二区水控,-0.72,166.89,4347,正常
2016/03/10 12:51:20,0fdcdfd3f66ea98fd266f07208401d69aa885adb,10f744b6b9842e301ca25b5d50a4e9cb5b85a441,持卡人消费,二区水控,-0.83,166.06,4349,正常
2016/03/10 17:01:11,0fdcdfd3f66ea98fd266f07208401d69aa885adb,10f744b6b9842e301ca25b5d50a4e9cb5b85a441,持卡人消费,五食堂商务网关,-8.0,158.06,4350,正常
2016/03/11 11:16:49,0fdcdfd3f66ea98fd266f07208401d69aa885adb,10f744b6b9842e301ca25b5d50a4e9cb5b85a441,持卡人消费,九食堂商务网关,-12.0,146.06,4351,正常
2016/03/11 17:25:32,0fdcdfd3f66ea98fd266f07208401d69aa885adb,10f744b6b9842e301ca25b5d50a4e9cb5b85a441,持卡人消费,四食堂商务网关,-6.74,139.32,4352,正常
2016/03/11 22:30:33,0fdcdfd3f66ea98fd266f07208401d69aa885adb,10f744b6b9842e301ca25b5d50a4e9cb5b85a441,持卡人消费,学子便利店B07,-7.0,132.32,4353,正常
2016/03/12 17:21:10,0fdcdfd3f66ea98fd266f07208401d69aa885adb,10f744b6b9842e301ca25b5d50a4e9cb5b85a441,持卡人消费,五食堂商务网关,-6.0,126.32,4354,正常
2016/03/14 11:30:56,0fdcdfd3f66ea98fd266f07208401d69aa885adb,10f744b6b9842e301ca25b5d50a4e9cb5b85a441,持卡人消费,五食堂商务网关,-5.0,117.72,4357,正常
2016/03/14 17:06:33,0fdcdfd3f66ea98fd266f07208401d69aa885adb,10f744b6b9842e301ca25b5d50a4e9cb5b85a441,持卡人消费,四食堂商务网关,-7.68,110.04,4358,正常
2016/03/14 21:55:01,0fdcdfd3f66ea98fd266f07208401d69aa885adb,10f744b6b9842e301ca25b5d50a4e9cb5b85a441,持卡人消费,学子便利店B05,-6.0,104.04,4359,正常
2016/03/15 11:17:36,0fdcdfd3f66ea98fd266f07208401d69aa885adb,10f744b6b9842e301ca25b5d50a4e9cb5b85a441,持卡人消费,九食堂商务网关,-12.0,92.04,4360,正常
2016/03/15 11:39:35,0fdcdfd3f66ea98fd266f07208401d69aa885adb,10f744b6b9842e301ca25b5d50a4e9cb5b85a441,持卡人消费,九食堂商务网关,-9.0,83.04,4361,正常
2016/03/15 12:39:40,0fdcdfd3f66ea98fd266f07208401d69aa885adb,10f744b6b9842e301ca25b5d50a4e9cb5b85a441,持卡人消费,二区水控,-1.17,78.87,4364,正常
2016/03/15 12:44:20,0fdcdfd3f66ea98fd266f07208401d69aa885adb,10f744b6b9842e301ca25b5d50a4e9cb5b85a441,持卡人消费,二区水控,-0.45,78.42,4366,正常
2016/03/15 12:52:42,0fdcdfd3f66ea98fd266f07208401d69aa885adb,10f744b6b9842e301ca25b5d50a4e9cb5b85a441,持卡人消费,二区水控,-2.56,75.86,4368,正常
2016/03/15 12:52:58,0fdcdfd3f66ea98fd266f07208401d69aa885adb,10f744b6b9842e301ca25b5d50a4e9cb5b85a441,持卡人消费,二区水控,-1.25,77.61,4369,正常
2016/03/15 17:19:57,0fdcdfd3f66ea98fd266f07208401d69aa885adb,10f744b6b9842e301ca25b5d50a4e9cb5b85a441,持卡人消费,四食堂商务网关,-6.53,71.08,4370,正常
2016/03/16 11:32:06,0fdcdfd3f66ea98fd266f07208401d69aa885adb,10f744b6b9842e301ca25b5d50a4e9cb5b85a441,持卡人消费,五食堂商务网关,-5.0,66.08,4371,正常
2016/03/16 11:32:52,0fdcdfd3f66ea98fd266f07208401d69aa885adb,10f744b6b9842e301ca25b5d50a4e9cb5b85a441,持卡人消费,五食堂商务网关,-0.5,65.58,4372,正常
2016/03/16 17:12:07,0fdcdfd3f66ea98fd266f07208401d69aa885adb,10f744b6b9842e301ca25b5d50a4e9cb5b85a441,持卡人消费,五食堂商务网关,-4.5,61.08,4373,正常
2016/03/16 17:13:03,0fdcdfd3f66ea98fd266f07208401d69aa885adb,10f744b6b9842e301ca25b5d50a4e9cb5b85a441,持卡人消费,五食堂商务网关,-6.0,55.08,4374,正常
2016/03/17 17:24:35,0fdcdfd3f66ea98fd266f07208401d69aa885adb,10f744b6b9842e301ca25b5d50a4e9cb5b85a441,持卡人消费,九食堂商务网关,-1.6,53.48,4375,正常
2016/03/17 17:24:53,0fdcdfd3f66ea98fd266f07208401d69aa885adb,10f744b6b9842e301ca25b5d50a4e9cb5b85a441,持卡人消费,九食堂商务网关,-2.5,50.98,4376,正常
2016/03/18 11:25:20,0fdcdfd3f66ea98fd266f07208401d69aa885adb,10f744b6b9842e301ca25b5d50a4e9cb5b85a441,持卡人消费,五食堂商务网关,-6.0,44.98,4377,正常
2016/03/18 17:01:57,0fdcdfd3f66ea98fd266f07208401d69aa885adb,10f744b6b9842e301ca25b5d50a4e9cb5b85a441,持卡人消费,四食堂商务网关,-6.0,38.98,4378,正常
2016/03/18 21:02:50,0fdcdfd3f66ea98fd266f07208401d69aa885adb,10f744b6b9842e301ca25b5d50a4e9cb5b85a441,持卡人消费,学子便利店B07,-10.4,28.58,4379,正常
2016/03/20 11:17:41,0fdcdfd3f66ea98fd266f07208401d69aa885adb,10f744b6b9842e301ca25b5d50a4e9cb5b85a441,持卡人消费,九食堂商务网关,-3.3,25.28,4380,正常
2016/03/20 11:19:59,0fdcdfd3f66ea98fd266f07208401d69aa885adb,10f744b6b9842e301ca25b5d50a4e9cb5b85a441,持卡人消费,九食堂商务网关,-1.0,24.28,4381,正常
2016/03/20 11:14:13,0fdcdfd3f66ea98fd266f07208401d69aa885adb,10f744b6b9842e301ca25b5d50a4e9cb5b85a441,存款,现金充值机,300.0,324.28,4382,正常
2016/03/20 11:49:26,0fdcdfd3f66ea98fd266f07208401d69aa885adb,10f744b6b9842e301ca25b5d50a4e9cb5b85a441,持卡人消费,网络中心,-30.0,294.28,4383,正常
2016/03/20 16:22:51,0fdcdfd3f66ea98fd266f07208401d69aa885adb,10f744b6b9842e301ca25b5d50a4e9cb5b85a441,持卡人消费,二区水控,-0.03,294.25,4385,正常
2016/03/20 16:27:57,0fdcdfd3f66ea98fd266f07208401d69aa885adb,10f744b6b9842e301ca25b5d50a4e9cb5b85a441,持卡人消费,二区水控,-0.93,293.32,4387,正常
2016/03/20 16:32:32,0fdcdfd3f66ea98fd266f07208401d69aa885adb,10f744b6b9842e301ca25b5d50a4e9cb5b85a441,持卡人消费,二区水控,-0.48,292.84,4389,正常
2016/03/20 16:42:34,0fdcdfd3f66ea98fd266f07208401d69aa885adb,10f744b6b9842e301ca25b5d50a4e9cb5b85a441,持卡人消费,二区水控,-1.42,291.42,4391,正常
2016/03/20 17:13:01,0fdcdfd3f66ea98fd266f07208401d69aa885adb,10f744b6b9842e301ca25b5d50a4e9cb5b85a441,持卡人消费,九食堂商务网关,-9.0,282.42,4392,正常
2016/03/20 17:32:54,0fdcdfd3f66ea98fd266f07208401d69aa885adb,10f744b6b9842e301ca25b5d50a4e9cb5b85a441,持卡人消费,九食堂商务网关,-8.0,274.42,4393,正常
2016/03/21 07:54:46,0fdcdfd3f66ea98fd266f07208401d69aa885adb,10f744b6b9842e301ca25b5d50a4e9cb5b85a441,持卡人消费,学子便利店B07,-5.7,268.72,4394,正常
2016/03/21 11:21:14,0fdcdfd3f66ea98fd266f07208401d69aa885adb,10f744b6b9842e301ca25b5d50a4e9cb5b85a441,持卡人消费,五食堂商务网关,-5.0,263.72,4395,正常
2016/03/21 17:12:10,0fdcdfd3f66ea98fd266f07208401d69aa885adb,10f744b6b9842e301ca25b5d50a4e9cb5b85a441,持卡人消费,五食堂商务网关,-8.0,255.72,4396,正常
2016/03/21 17:13:02,0fdcdfd3f66ea98fd266f07208401d69aa885adb,10f744b6b9842e301ca25b5d50a4e9cb5b85a441,持卡人消费,五食堂商务网关,-1.0,254.72,4397,正常
2016/03/21 21:09:08,0fdcdfd3f66ea98fd266f07208401d69aa885adb,10f744b6b9842e301ca25b5d50a4e9cb5b85a441,持卡人消费,学子便利店B07,-2.0,252.72,4398,正常
2016/03/22 11:24:41,0fdcdfd3f66ea98fd266f07208401d69aa885adb,10f744b6b9842e301ca25b5d50a4e9cb5b85a441,持卡人消费,五食堂商务网关,-2.3,250.42,4399,正常
2016/03/23 08:51:02,0fdcdfd3f66ea98fd266f07208401d69aa885adb,10f744b6b9842e301ca25b5d50a4e9cb5b85a441,持卡人消费,学子便利店B07,-3.5,246.92,4400,正常
2016/03/23 11:12:03,0fdcdfd3f66ea98fd266f07208401d69aa885adb,10f744b6b9842e301ca25b5d50a4e9cb5b85a441,持卡人消费,五食堂商务网关,-5.0,241.92,4401,正常
2016/03/23 11:12:38,0fdcdfd3f66ea98fd266f07208401d69aa885adb,10f744b6b9842e301ca25b5d50a4e9cb5b85a441,持卡人消费,五食堂商务网关,-6.0,235.92,4402,正常
2016/03/24 11:16:06,0fdcdfd3f66ea98fd266f07208401d69aa885adb,10f744b6b9842e301ca25b5d50a4e9cb5b85a441,持卡人消费,五食堂商务网关,-6.0,229.92,4403,正常
2016/03/24 17:14:18,0fdcdfd3f66ea98fd266f07208401d69aa885adb,10f744b6b9842e301ca25b5d50a4e9cb5b85a441,持卡人消费,九食堂商务网关,-9.0,220.92,4404,正常
2016/03/24 18:06:23,0fdcdfd3f66ea98fd266f07208401d69aa885adb,10f744b6b9842e301ca25b5d50a4e9cb5b85a441,持卡人消费,二区水控,-1.0,219.92,4405,正常
2016/03/24 18:11:56,0fdcdfd3f66ea98fd266f07208401d69aa885adb,10f744b6b9842e301ca25b5d50a4e9cb5b85a441,持卡人消费,二区水控,-0.57,219.35,4406,正常
2016/03/24 18:20:17,0fdcdfd3f66ea98fd266f07208401d69aa885adb,10f744b6b9842e301ca25b5d50a4e9cb5b85a441,持卡人消费,二区水控,-1.15,218.20,4407,正常
2016/03/24 22:21:16,0fdcdfd3f66ea98fd266f07208401d69aa885adb,10f744b6b9842e301ca25b5d50a4e9cb5b85a441,持卡人消费,学子便利店B07,-8.6,209.60,4408,正常
2016/03/25 11:38:59,0fdcdfd3f66ea98fd266f07208401d69aa885adb,10f744b6b9842e301ca25b5d50a4e9cb5b85a441,持卡人消费,五食堂商务网关,-8.0,201.60,4409,正常
2016/03/25 17:13:53,0fdcdfd3f66ea98fd266f07208401d69aa885adb,10f744b6b9842e301ca25b5d50a4e9cb5b85a441,持卡人消费,四食堂商务网关,-7.03,194.57,4410,正常
2016/03/25 20:25:29,0fdcdfd3f66ea98fd266f07208401d69aa885adb,10f744b6b9842e301ca25b5d50a4e9cb5b85a441,持卡人消费,学子便利店B07,-4.8,189.77,4411,正常
2016/03/26 07:48:54,0fdcdfd3f66ea98fd266f07208401d69aa885adb,10f744b6b9842e301ca25b5d50a4e9cb5b85a441,持卡人消费,五食堂商务网关,-1.5,188.27,4412,正常
2016/03/26 21:25:07,0fdcdfd3f66ea98fd266f07208401d69aa885adb,10f744b6b9842e301ca25b5d50a4e9cb5b85a441,持卡人消费,学子便利店B07,-14.7,173.57,4413,正常
2016/03/27 17:12:49,0fdcdfd3f66ea98fd266f07208401d69aa885adb,10f744b6b9842e301ca25b5d50a4e9cb5b85a441,持卡人消费,九食堂商务网关,-10.0,163.57,4414,正常
2016/03/27 20:20:24,0fdcdfd3f66ea98fd266f07208401d69aa885adb,10f744b6b9842e301ca25b5d50a4e9cb5b85a441,持卡人消费,二区水控,-1.22,162.35,4417,正常
2016/03/27 20:21:43,0fdcdfd3f66ea98fd266f07208401d69aa885adb,10f744b6b9842e301ca25b5d50a4e9cb5b85a441,持卡人消费,二区水控,-1.47,163.88,4418,正常
2016/03/27 20:27:18,0fdcdfd3f66ea98fd266f07208401d69aa885adb,10f744b6b9842e301ca25b5d50a4e9cb5b85a441,持卡人消费,二区水控,-0.96,162.92,4420,正常
2016/03/27 20:35:39,0fdcdfd3f66ea98fd266f07208401d69aa885adb,10f744b6b9842e301ca25b5d50a4e9cb5b85a441,持卡人消费,学子便利店B07,-0.3,162.62,4421,正常
2016/03/29 10:58:11,0fdcdfd3f66ea98fd266f07208401d69aa885adb,10f744b6b9842e301ca25b5d50a4e9cb5b85a441,持卡人消费,九食堂商务网关,-8.0,154.62,4422,正常
2016/03/29 20:37:50,0fdcdfd3f66ea98fd266f07208401d69aa885adb,10f744b6b9842e301ca25b5d50a4e9cb5b85a441,持卡人消费,二区水控,-0.75,153.87,4424,正常
2016/03/29 20:44:14,0fdcdfd3f66ea98fd266f07208401d69aa885adb,10f744b6b9842e301ca25b5d50a4e9cb5b85a441,持卡人消费,二区水控,-1.22,152.65,4426,正常
2016/03/29 20:48:45,0fdcdfd3f66ea98fd266f07208401d69aa885adb,10f744b6b9842e301ca25b5d50a4e9cb5b85a441,持卡人消费,二区水控,-0.43,152.22,4428,正常
2016/03/29 20:54:26,0fdcdfd3f66ea98fd266f07208401d69aa885adb,10f744b6b9842e301ca25b5d50a4e9cb5b85a441,持卡人消费,二区水控,-0.61,151.61,4430,正常
2016/03/30 11:12:43,0fdcdfd3f66ea98fd266f07208401d69aa885adb,10f744b6b9842e301ca25b5d50a4e9cb5b85a441,持卡人消费,九食堂商务网关,-12.0,139.61,4431,正常
2016/03/30 11:29:41,0fdcdfd3f66ea98fd266f07208401d69aa885adb,10f744b6b9842e301ca25b5d50a4e9cb5b85a441,持卡人消费,九食堂商务网关,-12.0,127.61,4432,正常
2016/03/30 17:21:53,0fdcdfd3f66ea98fd266f07208401d69aa885adb,10f744b6b9842e301ca25b5d50a4e9cb5b85a441,持卡人消费,九食堂商务网关,-10.0,117.61,4433,正常
2016/03/31 08:33:48,0fdcdfd3f66ea98fd266f07208401d69aa885adb,10f744b6b9842e301ca25b5d50a4e9cb5b85a441,持卡人消费,学子便利店B07,-9.1,108.51,4434,正常
