交易发生时间,学号,姓名,交易类型,子系统名称,交易额,现有余额,次数,状态
2016/03/01 10:18:49,b0c5aa5d33fe488a62f03321ec789ecf05cf9320,1105cd3f14bb36bc3d9eba64dcdc4b82d0f6287b,持卡人消费,身份前置机,-0.11,126.65,3809,正常
2016/03/01 10:20:20,b0c5aa5d33fe488a62f03321ec789ecf05cf9320,1105cd3f14bb36bc3d9eba64dcdc4b82d0f6287b,持卡人消费,学士楼商务网关,-8.0,118.65,3810,正常
2016/03/01 10:21:02,b0c5aa5d33fe488a62f03321ec789ecf05cf9320,1105cd3f14bb36bc3d9eba64dcdc4b82d0f6287b,持卡人消费,学士楼商务网关,-3.0,115.65,3811,正常
2016/03/01 10:21:27,b0c5aa5d33fe488a62f03321ec789ecf05cf9320,1105cd3f14bb36bc3d9eba64dcdc4b82d0f6287b,持卡人消费,学士楼商务网关,-2.0,113.65,3812,正常
2016/03/01 10:57:45,b0c5aa5d33fe488a62f03321ec789ecf05cf9320,1105cd3f14bb36bc3d9eba64dcdc4b82d0f6287b,持卡人消费,超市商务子系统,-15.5,98.15,3813,正常
2016/03/01 15:26:53,b0c5aa5d33fe488a62f03321ec789ecf05cf9320,1105cd3f14bb36bc3d9eba64dcdc4b82d0f6287b,持卡人消费,游泳馆,-6.0,92.15,3814,正常
2016/03/02 11:57:19,b0c5aa5d33fe488a62f03321ec789ecf05cf9320,1105cd3f14bb36bc3d9eba64dcdc4b82d0f6287b,持卡人消费,学士楼商务网关,-9.0,83.15,3815,正常
2016/03/02 11:58:29,b0c5aa5d33fe488a62f03321ec789ecf05cf9320,1105cd3f14bb36bc3d9eba64dcdc4b82d0f6287b,持卡人消费,学士楼商务网关,-3.0,80.15,3816,正常
2016/03/02 11:59:03,b0c5aa5d33fe488a62f03321ec789ecf05cf9320,1105cd3f14bb36bc3d9eba64dcdc4b82d0f6287b,持卡人消费,学士楼商务网关,-2.0,78.15,3817,正常
2016/03/02 12:26:50,b0c5aa5d33fe488a62f03321ec789ecf05cf9320,1105cd3f14bb36bc3d9eba64dcdc4b82d0f6287b,持卡人消费,超市商务子系统,-15.5,62.65,3818,正常
2016/03/02 16:41:35,b0c5aa5d33fe488a62f03321ec789ecf05cf9320,1105cd3f14bb36bc3d9eba64dcdc4b82d0f6287b,持卡人消费,游泳馆,-6.0,56.65,3819,正常
2016/03/03 11:07:51,b0c5aa5d33fe488a62f03321ec789ecf05cf9320,1105cd3f14bb36bc3d9eba64dcdc4b82d0f6287b,持卡人消费,学士楼商务网关,-4.0,52.65,3820,正常
2016/03/03 11:08:49,b0c5aa5d33fe488a62f03321ec789ecf05cf9320,1105cd3f14bb36bc3d9eba64dcdc4b82d0f6287b,持卡人消费,学士楼商务网关,-3.0,49.65,3821,正常
2016/03/03 11:08:55,b0c5aa5d33fe488a62f03321ec789ecf05cf9320,1105cd3f14bb36bc3d9eba64dcdc4b82d0f6287b,持卡人消费,学士楼商务网关,-5.0,44.65,3822,正常
2016/03/03 11:09:43,b0c5aa5d33fe488a62f03321ec789ecf05cf9320,1105cd3f14bb36bc3d9eba64dcdc4b82d0f6287b,持卡人消费,学士楼商务网关,-2.5,42.15,3823,正常
2016/03/03 11:39:36,b0c5aa5d33fe488a62f03321ec789ecf05cf9320,1105cd3f14bb36bc3d9eba64dcdc4b82d0f6287b,持卡人消费,超市商务子系统,-8.0,34.15,3824,正常
2016/03/03 16:28:00,b0c5aa5d33fe488a62f03321ec789ecf05cf9320,1105cd3f14bb36bc3d9eba64dcdc4b82d0f6287b,持卡人消费,游泳馆,-6.0,28.15,3825,正常
2016/03/04 10:25:40,b0c5aa5d33fe488a62f03321ec789ecf05cf9320,1105cd3f14bb36bc3d9eba64dcdc4b82d0f6287b,持卡人消费,游泳馆,-6.0,22.15,3826,正常
2016/03/04 12:26:34,b0c5aa5d33fe488a62f03321ec789ecf05cf9320,1105cd3f14bb36bc3d9eba64dcdc4b82d0f6287b,持卡人消费,学士楼商务网关,-7.5,14.65,3827,正常
2016/03/04 12:27:51,b0c5aa5d33fe488a62f03321ec789ecf05cf9320,1105cd3f14bb36bc3d9eba64dcdc4b82d0f6287b,持卡人消费,学士楼商务网关,-2.0,12.65,3828,正常
2016/03/04 12:29:43,b0c5aa5d33fe488a62f03321ec789ecf05cf9320,1105cd3f14bb36bc3d9eba64dcdc4b82d0f6287b,持卡人消费,学士楼商务网关,-2.5,10.15,3829,正常
2016/03/04 12:46:49,b0c5aa5d33fe488a62f03321ec789ecf05cf9320,1105cd3f14bb36bc3d9eba64dcdc4b82d0f6287b,存款,现金充值机,500.0,510.15,3830,正常
2016/03/04 13:03:48,b0c5aa5d33fe488a62f03321ec789ecf05cf9320,1105cd3f14bb36bc3d9eba64dcdc4b82d0f6287b,持卡人消费,超市商务子系统,-13.5,496.65,3831,正常
2016/03/05 15:40:31,b0c5aa5d33fe488a62f03321ec789ecf05cf9320,1105cd3f14bb36bc3d9eba64dcdc4b82d0f6287b,持卡人消费,游泳馆,-6.0,490.65,3832,正常
2016/03/05 17:26:26,b0c5aa5d33fe488a62f03321ec789ecf05cf9320,1105cd3f14bb36bc3d9eba64dcdc4b82d0f6287b,持卡人消费,学士楼商务网关,-9.0,481.65,3833,正常
2016/03/05 17:27:57,b0c5aa5d33fe488a62f03321ec789ecf05cf9320,1105cd3f14bb36bc3d9eba64dcdc4b82d0f6287b,持卡人消费,学士楼商务网关,-2.5,479.15,3834,正常
2016/03/05 17:28:54,b0c5aa5d33fe488a62f03321ec789ecf05cf9320,1105cd3f14bb36bc3d9eba64dcdc4b82d0f6287b,持卡人消费,学士楼商务网关,-2.0,477.15,3835,正常
2016/03/05 17:59:40,b0c5aa5d33fe488a62f03321ec789ecf05cf9320,1105cd3f14bb36bc3d9eba64dcdc4b82d0f6287b,持卡人消费,超市商务子系统,-15.5,461.65,3836,正常
2016/03/05 23:33:49,b0c5aa5d33fe488a62f03321ec789ecf05cf9320,1105cd3f14bb36bc3d9eba64dcdc4b82d0f6287b,持卡人消费,A1,-15.0,446.65,3837,正常
2016/03/06 13:01:40,b0c5aa5d33fe488a62f03321ec789ecf05cf9320,1105cd3f14bb36bc3d9eba64dcdc4b82d0f6287b,持卡人消费,学子便利店A01后楼,-11.5,435.15,3838,正常
2016/03/06 17:58:36,b0c5aa5d33fe488a62f03321ec789ecf05cf9320,1105cd3f14bb36bc3d9eba64dcdc4b82d0f6287b,持卡人消费,游泳馆,-6.0,429.15,3839,正常
2016/03/06 19:28:24,b0c5aa5d33fe488a62f03321ec789ecf05cf9320,1105cd3f14bb36bc3d9eba64dcdc4b82d0f6287b,持卡人消费,超市商务子系统,-15.5,413.65,3840,正常
2016/03/07 10:40:31,b0c5aa5d33fe488a62f03321ec789ecf05cf9320,1105cd3f14bb36bc3d9eba64dcdc4b82d0f6287b,持卡人消费,学士楼商务网关,-9.0,404.65,3841,正常
2016/03/07 10:41:20,b0c5aa5d33fe488a62f03321ec789ecf05cf9320,1105cd3f14bb36bc3d9eba64dcdc4b82d0f6287b,持卡人消费,学士楼商务网关,-2.5,402.15,3842,正常
2016/03/07 10:42:06,b0c5aa5d33fe488a62f03321ec789ecf05cf9320,1105cd3f14bb36bc3d9eba64dcdc4b82d0f6287b,持卡人消费,学士楼商务网关,-2.0,400.15,3843,正常
2016/03/07 11:06:18,b0c5aa5d33fe488a62f03321ec789ecf05cf9320,1105cd3f14bb36bc3d9eba64dcdc4b82d0f6287b,持卡人消费,超市商务子系统,-8.0,392.15,3844,正常
2016/03/07 16:40:01,b0c5aa5d33fe488a62f03321ec789ecf05cf9320,1105cd3f14bb36bc3d9eba64dcdc4b82d0f6287b,持卡人消费,游泳馆,-6.0,386.15,3845,正常
2016/03/08 13:12:28,b0c5aa5d33fe488a62f03321ec789ecf05cf9320,1105cd3f14bb36bc3d9eba64dcdc4b82d0f6287b,持卡人消费,学士楼商务网关,-7.0,379.15,3846,正常
2016/03/08 13:14:04,b0c5aa5d33fe488a62f03321ec789ecf05cf9320,1105cd3f14bb36bc3d9eba64dcdc4b82d0f6287b,持卡人消费,学士楼商务网关,-2.0,377.15,3847,正常
2016/03/08 13:22:22,b0c5aa5d33fe488a62f03321ec789ecf05cf9320,1105cd3f14bb36bc3d9eba64dcdc4b82d0f6287b,持卡人消费,学士楼商务网关,-6.0,371.15,3848,正常
2016/03/08 13:52:23,b0c5aa5d33fe488a62f03321ec789ecf05cf9320,1105cd3f14bb36bc3d9eba64dcdc4b82d0f6287b,持卡人消费,超市商务子系统,-8.0,363.15,3849,正常
2016/03/08 16:29:30,b0c5aa5d33fe488a62f03321ec789ecf05cf9320,1105cd3f14bb36bc3d9eba64dcdc4b82d0f6287b,持卡人消费,游泳馆,-6.0,357.15,3850,正常
2016/03/09 14:08:11,b0c5aa5d33fe488a62f03321ec789ecf05cf9320,1105cd3f14bb36bc3d9eba64dcdc4b82d0f6287b,持卡人消费,超市商务子系统,-10.5,346.65,3851,正常
2016/03/09 16:59:25,b0c5aa5d33fe488a62f03321ec789ecf05cf9320,1105cd3f14bb36bc3d9eba64dcdc4b82d0f6287b,持卡人消费,游泳馆,-6.0,340.65,3852,正常
2016/03/10 09:56:55,b0c5aa5d33fe488a62f03321ec789ecf05cf9320,1105cd3f14bb36bc3d9eba64dcdc4b82d0f6287b,持卡人消费,学士楼商务网关,-9.0,331.65,3853,正常
2016/03/10 09:58:13,b0c5aa5d33fe488a62f03321ec789ecf05cf9320,1105cd3f14bb36bc3d9eba64dcdc4b82d0f6287b,持卡人消费,学士楼商务网关,-3.5,328.15,3854,正常
2016/03/10 09:59:06,b0c5aa5d33fe488a62f03321ec789ecf05cf9320,1105cd3f14bb36bc3d9eba64dcdc4b82d0f6287b,持卡人消费,学士楼商务网关,-2.0,326.15,3855,正常
2016/03/10 10:22:16,b0c5aa5d33fe488a62f03321ec789ecf05cf9320,1105cd3f14bb36bc3d9eba64dcdc4b82d0f6287b,持卡人消费,超市商务子系统,-8.0,318.15,3856,正常
2016/03/10 16:14:05,b0c5aa5d33fe488a62f03321ec789ecf05cf9320,1105cd3f14bb36bc3d9eba64dcdc4b82d0f6287b,持卡人消费,游泳馆,-6.0,312.15,3857,正常
2016/03/11 07:45:23,b0c5aa5d33fe488a62f03321ec789ecf05cf9320,1105cd3f14bb36bc3d9eba64dcdc4b82d0f6287b,持卡人消费,学苑楼商务网关,-9.0,303.15,3858,正常
2016/03/12 11:48:32,b0c5aa5d33fe488a62f03321ec789ecf05cf9320,1105cd3f14bb36bc3d9eba64dcdc4b82d0f6287b,持卡人消费,学士楼商务网关,-7.0,296.15,3859,正常
2016/03/12 11:49:29,b0c5aa5d33fe488a62f03321ec789ecf05cf9320,1105cd3f14bb36bc3d9eba64dcdc4b82d0f6287b,持卡人消费,学士楼商务网关,-2.5,293.65,3860,正常
2016/03/12 11:50:02,b0c5aa5d33fe488a62f03321ec789ecf05cf9320,1105cd3f14bb36bc3d9eba64dcdc4b82d0f6287b,持卡人消费,学士楼商务网关,-2.0,291.65,3861,正常
2016/03/12 12:20:39,b0c5aa5d33fe488a62f03321ec789ecf05cf9320,1105cd3f14bb36bc3d9eba64dcdc4b82d0f6287b,持卡人消费,超市商务子系统,-8.0,283.65,3862,正常
2016/03/12 14:25:18,b0c5aa5d33fe488a62f03321ec789ecf05cf9320,1105cd3f14bb36bc3d9eba64dcdc4b82d0f6287b,持卡人消费,15公寓浴池,-0.45,283.20,3864,正常
2016/03/12 14:36:07,b0c5aa5d33fe488a62f03321ec789ecf05cf9320,1105cd3f14bb36bc3d9eba64dcdc4b82d0f6287b,持卡人消费,15公寓浴池,-2.0,281.20,3865,正常
2016/03/12 14:41:16,b0c5aa5d33fe488a62f03321ec789ecf05cf9320,1105cd3f14bb36bc3d9eba64dcdc4b82d0f6287b,持卡人消费,15公寓浴池,-0.77,280.43,3867,正常
2016/03/12 14:45:51,b0c5aa5d33fe488a62f03321ec789ecf05cf9320,1105cd3f14bb36bc3d9eba64dcdc4b82d0f6287b,持卡人消费,15公寓浴池,-0.42,280.01,3869,正常
2016/03/14 11:14:40,b0c5aa5d33fe488a62f03321ec789ecf05cf9320,1105cd3f14bb36bc3d9eba64dcdc4b82d0f6287b,持卡人消费,学士楼商务网关,-7.0,245.73,3880,正常
2016/03/14 11:15:48,b0c5aa5d33fe488a62f03321ec789ecf05cf9320,1105cd3f14bb36bc3d9eba64dcdc4b82d0f6287b,持卡人消费,学士楼商务网关,-5.0,240.73,3881,正常
2016/03/14 11:16:31,b0c5aa5d33fe488a62f03321ec789ecf05cf9320,1105cd3f14bb36bc3d9eba64dcdc4b82d0f6287b,持卡人消费,学士楼商务网关,-2.0,238.73,3882,正常
2016/03/14 11:43:47,b0c5aa5d33fe488a62f03321ec789ecf05cf9320,1105cd3f14bb36bc3d9eba64dcdc4b82d0f6287b,持卡人消费,超市商务子系统,-8.0,230.73,3883,正常
2016/03/14 17:38:21,b0c5aa5d33fe488a62f03321ec789ecf05cf9320,1105cd3f14bb36bc3d9eba64dcdc4b82d0f6287b,持卡人消费,15公寓浴池,-2.0,228.73,3884,正常
2016/03/14 17:49:28,b0c5aa5d33fe488a62f03321ec789ecf05cf9320,1105cd3f14bb36bc3d9eba64dcdc4b82d0f6287b,持卡人消费,15公寓浴池,-1.76,226.97,3886,正常
2016/03/14 17:49:41,b0c5aa5d33fe488a62f03321ec789ecf05cf9320,1105cd3f14bb36bc3d9eba64dcdc4b82d0f6287b,持卡人消费,15公寓浴池,-0.02,226.95,3888,正常
2016/03/15 11:01:23,b0c5aa5d33fe488a62f03321ec789ecf05cf9320,1105cd3f14bb36bc3d9eba64dcdc4b82d0f6287b,持卡人消费,学士楼商务网关,-7.5,219.45,3889,正常
2016/03/15 11:02:24,b0c5aa5d33fe488a62f03321ec789ecf05cf9320,1105cd3f14bb36bc3d9eba64dcdc4b82d0f6287b,持卡人消费,学士楼商务网关,-4.0,215.45,3890,正常
2016/03/15 11:03:09,b0c5aa5d33fe488a62f03321ec789ecf05cf9320,1105cd3f14bb36bc3d9eba64dcdc4b82d0f6287b,持卡人消费,学士楼商务网关,-2.0,213.45,3891,正常
2016/03/15 11:32:42,b0c5aa5d33fe488a62f03321ec789ecf05cf9320,1105cd3f14bb36bc3d9eba64dcdc4b82d0f6287b,持卡人消费,超市商务子系统,-6.0,207.45,3892,正常
2016/03/15 11:32:49,b0c5aa5d33fe488a62f03321ec789ecf05cf9320,1105cd3f14bb36bc3d9eba64dcdc4b82d0f6287b,持卡人消费,超市商务子系统,-2.0,205.45,3893,正常
2016/03/15 18:50:56,b0c5aa5d33fe488a62f03321ec789ecf05cf9320,1105cd3f14bb36bc3d9eba64dcdc4b82d0f6287b,持卡人消费,15公寓浴池,-1.58,203.87,3895,正常
2016/03/15 19:03:32,b0c5aa5d33fe488a62f03321ec789ecf05cf9320,1105cd3f14bb36bc3d9eba64dcdc4b82d0f6287b,持卡人消费,15公寓浴池,-2.0,201.87,3896,正常
2016/03/15 19:05:00,b0c5aa5d33fe488a62f03321ec789ecf05cf9320,1105cd3f14bb36bc3d9eba64dcdc4b82d0f6287b,持卡人消费,15公寓浴池,-0.19,201.68,3898,正常
2016/03/16 10:10:50,b0c5aa5d33fe488a62f03321ec789ecf05cf9320,1105cd3f14bb36bc3d9eba64dcdc4b82d0f6287b,持卡人消费,学士楼商务网关,-3.0,198.68,3899,正常
2016/03/16 10:11:05,b0c5aa5d33fe488a62f03321ec789ecf05cf9320,1105cd3f14bb36bc3d9eba64dcdc4b82d0f6287b,持卡人消费,学士楼商务网关,-5.5,193.18,3900,正常
2016/03/16 10:12:22,b0c5aa5d33fe488a62f03321ec789ecf05cf9320,1105cd3f14bb36bc3d9eba64dcdc4b82d0f6287b,持卡人消费,学士楼商务网关,-5.0,188.18,3901,正常
2016/03/16 10:13:05,b0c5aa5d33fe488a62f03321ec789ecf05cf9320,1105cd3f14bb36bc3d9eba64dcdc4b82d0f6287b,持卡人消费,学士楼商务网关,-2.0,186.18,3902,正常
2016/03/16 12:34:25,b0c5aa5d33fe488a62f03321ec789ecf05cf9320,1105cd3f14bb36bc3d9eba64dcdc4b82d0f6287b,持卡人消费,超市商务子系统,-8.0,178.18,3903,正常
2016/03/16 17:51:23,b0c5aa5d33fe488a62f03321ec789ecf05cf9320,1105cd3f14bb36bc3d9eba64dcdc4b82d0f6287b,持卡人消费,15公寓浴池,-1.1,177.08,3905,正常
2016/03/16 17:53:21,b0c5aa5d33fe488a62f03321ec789ecf05cf9320,1105cd3f14bb36bc3d9eba64dcdc4b82d0f6287b,持卡人消费,15公寓浴池,-0.06,177.02,3907,正常
2016/03/16 18:00:59,b0c5aa5d33fe488a62f03321ec789ecf05cf9320,1105cd3f14bb36bc3d9eba64dcdc4b82d0f6287b,持卡人消费,15公寓浴池,-1.44,175.58,3909,正常
2016/03/17 10:30:23,b0c5aa5d33fe488a62f03321ec789ecf05cf9320,1105cd3f14bb36bc3d9eba64dcdc4b82d0f6287b,持卡人消费,学士楼商务网关,-7.0,168.58,3910,正常
2016/03/17 10:31:21,b0c5aa5d33fe488a62f03321ec789ecf05cf9320,1105cd3f14bb36bc3d9eba64dcdc4b82d0f6287b,持卡人消费,学士楼商务网关,-5.0,163.58,3911,正常
2016/03/17 10:31:44,b0c5aa5d33fe488a62f03321ec789ecf05cf9320,1105cd3f14bb36bc3d9eba64dcdc4b82d0f6287b,持卡人消费,学士楼商务网关,-2.0,161.58,3912,正常
2016/03/17 11:03:55,b0c5aa5d33fe488a62f03321ec789ecf05cf9320,1105cd3f14bb36bc3d9eba64dcdc4b82d0f6287b,持卡人消费,超市商务子系统,-30.5,131.08,3913,正常
2016/03/17 18:50:58,b0c5aa5d33fe488a62f03321ec789ecf05cf9320,1105cd3f14bb36bc3d9eba64dcdc4b82d0f6287b,持卡人消费,15公寓浴池,-2.0,129.08,3914,正常
2016/03/17 19:02:04,b0c5aa5d33fe488a62f03321ec789ecf05cf9320,1105cd3f14bb36bc3d9eba64dcdc4b82d0f6287b,持卡人消费,15公寓浴池,-1.78,127.30,3916,正常
2016/03/18 11:55:04,b0c5aa5d33fe488a62f03321ec789ecf05cf9320,1105cd3f14bb36bc3d9eba64dcdc4b82d0f6287b,持卡人消费,学士楼商务网关,-7.0,120.30,3917,正常
2016/03/18 11:56:21,b0c5aa5d33fe488a62f03321ec789ecf05cf9320,1105cd3f14bb36bc3d9eba64dcdc4b82d0f6287b,持卡人消费,学士楼商务网关,-4.5,115.80,3918,正常
2016/03/18 11:56:46,b0c5aa5d33fe488a62f03321ec789ecf05cf9320,1105cd3f14bb36bc3d9eba64dcdc4b82d0f6287b,持卡人消费,学士楼商务网关,-2.0,113.80,3919,正常
2016/03/18 12:24:10,b0c5aa5d33fe488a62f03321ec789ecf05cf9320,1105cd3f14bb36bc3d9eba64dcdc4b82d0f6287b,持卡人消费,超市商务子系统,-8.0,105.80,3920,正常
2016/03/18 18:01:34,b0c5aa5d33fe488a62f03321ec789ecf05cf9320,1105cd3f14bb36bc3d9eba64dcdc4b82d0f6287b,持卡人消费,15公寓浴池,-1.52,104.28,3922,正常
2016/03/18 18:14:45,b0c5aa5d33fe488a62f03321ec789ecf05cf9320,1105cd3f14bb36bc3d9eba64dcdc4b82d0f6287b,持卡人消费,15公寓浴池,-2.0,102.28,3923,正常
2016/03/18 18:15:20,b0c5aa5d33fe488a62f03321ec789ecf05cf9320,1105cd3f14bb36bc3d9eba64dcdc4b82d0f6287b,持卡人消费,15公寓浴池,-0.06,102.22,3925,正常
2016/03/19 12:31:11,b0c5aa5d33fe488a62f03321ec789ecf05cf9320,1105cd3f14bb36bc3d9eba64dcdc4b82d0f6287b,持卡人消费,学士楼商务网关,-9.0,93.22,3926,正常
2016/03/19 12:32:09,b0c5aa5d33fe488a62f03321ec789ecf05cf9320,1105cd3f14bb36bc3d9eba64dcdc4b82d0f6287b,持卡人消费,学士楼商务网关,-3.0,90.22,3927,正常
2016/03/19 12:32:34,b0c5aa5d33fe488a62f03321ec789ecf05cf9320,1105cd3f14bb36bc3d9eba64dcdc4b82d0f6287b,持卡人消费,学士楼商务网关,-2.0,88.22,3928,正常
2016/03/19 13:05:56,b0c5aa5d33fe488a62f03321ec789ecf05cf9320,1105cd3f14bb36bc3d9eba64dcdc4b82d0f6287b,持卡人消费,超市商务子系统,-8.0,80.22,3929,正常
2016/03/19 17:04:41,b0c5aa5d33fe488a62f03321ec789ecf05cf9320,1105cd3f14bb36bc3d9eba64dcdc4b82d0f6287b,持卡人消费,15公寓浴池,-1.6,78.62,3931,正常
2016/03/19 17:16:35,b0c5aa5d33fe488a62f03321ec789ecf05cf9320,1105cd3f14bb36bc3d9eba64dcdc4b82d0f6287b,持卡人消费,15公寓浴池,-1.84,76.78,3933,正常
2016/03/20 11:47:36,b0c5aa5d33fe488a62f03321ec789ecf05cf9320,1105cd3f14bb36bc3d9eba64dcdc4b82d0f6287b,持卡人消费,学士楼商务网关,-7.0,69.78,3934,正常
2016/03/20 11:48:36,b0c5aa5d33fe488a62f03321ec789ecf05cf9320,1105cd3f14bb36bc3d9eba64dcdc4b82d0f6287b,持卡人消费,学士楼商务网关,-5.0,64.78,3935,正常
2016/03/20 11:48:55,b0c5aa5d33fe488a62f03321ec789ecf05cf9320,1105cd3f14bb36bc3d9eba64dcdc4b82d0f6287b,持卡人消费,学士楼商务网关,-2.0,62.78,3936,正常
2016/03/20 12:20:40,b0c5aa5d33fe488a62f03321ec789ecf05cf9320,1105cd3f14bb36bc3d9eba64dcdc4b82d0f6287b,持卡人消费,超市商务子系统,-8.0,54.78,3937,正常
2016/03/20 18:39:40,b0c5aa5d33fe488a62f03321ec789ecf05cf9320,1105cd3f14bb36bc3d9eba64dcdc4b82d0f6287b,持卡人消费,15公寓浴池,-1.38,53.40,3939,正常
2016/03/20 18:40:24,b0c5aa5d33fe488a62f03321ec789ecf05cf9320,1105cd3f14bb36bc3d9eba64dcdc4b82d0f6287b,持卡人消费,15公寓浴池,-0.02,53.38,3941,正常
2016/03/20 18:51:04,b0c5aa5d33fe488a62f03321ec789ecf05cf9320,1105cd3f14bb36bc3d9eba64dcdc4b82d0f6287b,持卡人消费,15公寓浴池,-1.7,51.68,3943,正常
2016/03/20 18:51:34,b0c5aa5d33fe488a62f03321ec789ecf05cf9320,1105cd3f14bb36bc3d9eba64dcdc4b82d0f6287b,持卡人消费,15公寓浴池,-0.06,51.62,3945,正常
2016/03/21 11:27:23,b0c5aa5d33fe488a62f03321ec789ecf05cf9320,1105cd3f14bb36bc3d9eba64dcdc4b82d0f6287b,持卡人消费,学士楼商务网关,-7.0,44.62,3946,正常
2016/03/21 11:28:44,b0c5aa5d33fe488a62f03321ec789ecf05cf9320,1105cd3f14bb36bc3d9eba64dcdc4b82d0f6287b,持卡人消费,学士楼商务网关,-5.0,39.62,3947,正常
2016/03/21 11:29:18,b0c5aa5d33fe488a62f03321ec789ecf05cf9320,1105cd3f14bb36bc3d9eba64dcdc4b82d0f6287b,持卡人消费,学士楼商务网关,-2.0,37.62,3948,正常
2016/03/21 12:00:24,b0c5aa5d33fe488a62f03321ec789ecf05cf9320,1105cd3f14bb36bc3d9eba64dcdc4b82d0f6287b,持卡人消费,超市商务子系统,-8.0,29.62,3949,正常
2016/03/21 17:48:54,b0c5aa5d33fe488a62f03321ec789ecf05cf9320,1105cd3f14bb36bc3d9eba64dcdc4b82d0f6287b,持卡人消费,15公寓浴池,-0.7,28.92,3951,正常
2016/03/21 18:01:17,b0c5aa5d33fe488a62f03321ec789ecf05cf9320,1105cd3f14bb36bc3d9eba64dcdc4b82d0f6287b,持卡人消费,15公寓浴池,-1.74,27.18,3953,正常
2016/03/22 11:27:28,b0c5aa5d33fe488a62f03321ec789ecf05cf9320,1105cd3f14bb36bc3d9eba64dcdc4b82d0f6287b,持卡人消费,学士楼商务网关,-9.0,18.18,3954,正常
2016/03/22 11:28:38,b0c5aa5d33fe488a62f03321ec789ecf05cf9320,1105cd3f14bb36bc3d9eba64dcdc4b82d0f6287b,持卡人消费,学士楼商务网关,-2.5,15.68,3955,正常
2016/03/22 11:29:03,b0c5aa5d33fe488a62f03321ec789ecf05cf9320,1105cd3f14bb36bc3d9eba64dcdc4b82d0f6287b,持卡人消费,学士楼商务网关,-2.0,13.68,3956,正常
2016/03/22 11:59:34,b0c5aa5d33fe488a62f03321ec789ecf05cf9320,1105cd3f14bb36bc3d9eba64dcdc4b82d0f6287b,持卡人消费,超市商务子系统,-8.0,5.68,3957,正常
2016/03/22 18:25:48,b0c5aa5d33fe488a62f03321ec789ecf05cf9320,1105cd3f14bb36bc3d9eba64dcdc4b82d0f6287b,持卡人消费,15公寓浴池,-1.04,4.64,3959,正常
2016/03/22 18:36:40,b0c5aa5d33fe488a62f03321ec789ecf05cf9320,1105cd3f14bb36bc3d9eba64dcdc4b82d0f6287b,持卡人消费,15公寓浴池,-1.62,3.02,3961,正常
2016/03/23 11:27:00,b0c5aa5d33fe488a62f03321ec789ecf05cf9320,1105cd3f14bb36bc3d9eba64dcdc4b82d0f6287b,存款,卡中心综合业务,500.0,503.02,3962,正常
2016/03/23 11:29:24,b0c5aa5d33fe488a62f03321ec789ecf05cf9320,1105cd3f14bb36bc3d9eba64dcdc4b82d0f6287b,持卡人消费,学士楼商务网关,-9.0,494.02,3963,正常
2016/03/23 11:30:56,b0c5aa5d33fe488a62f03321ec789ecf05cf9320,1105cd3f14bb36bc3d9eba64dcdc4b82d0f6287b,持卡人消费,学士楼商务网关,-3.0,491.02,3964,正常
2016/03/23 11:31:31,b0c5aa5d33fe488a62f03321ec789ecf05cf9320,1105cd3f14bb36bc3d9eba64dcdc4b82d0f6287b,持卡人消费,学士楼商务网关,-2.0,489.02,3965,正常
2016/03/23 12:03:44,b0c5aa5d33fe488a62f03321ec789ecf05cf9320,1105cd3f14bb36bc3d9eba64dcdc4b82d0f6287b,持卡人消费,超市商务子系统,-8.0,481.02,3966,正常
2016/03/23 19:12:14,b0c5aa5d33fe488a62f03321ec789ecf05cf9320,1105cd3f14bb36bc3d9eba64dcdc4b82d0f6287b,持卡人消费,15公寓浴池,-1.36,479.66,3968,正常
2016/03/23 19:23:30,b0c5aa5d33fe488a62f03321ec789ecf05cf9320,1105cd3f14bb36bc3d9eba64dcdc4b82d0f6287b,持卡人消费,15公寓浴池,-1.81,477.85,3970,正常
2016/03/24 11:09:47,b0c5aa5d33fe488a62f03321ec789ecf05cf9320,1105cd3f14bb36bc3d9eba64dcdc4b82d0f6287b,持卡人消费,学士楼商务网关,-9.0,468.85,3971,正常
2016/03/24 11:10:53,b0c5aa5d33fe488a62f03321ec789ecf05cf9320,1105cd3f14bb36bc3d9eba64dcdc4b82d0f6287b,持卡人消费,学士楼商务网关,-3.0,465.85,3972,正常
2016/03/24 11:12:21,b0c5aa5d33fe488a62f03321ec789ecf05cf9320,1105cd3f14bb36bc3d9eba64dcdc4b82d0f6287b,持卡人消费,学士楼商务网关,-2.0,463.85,3973,正常
2016/03/24 11:41:18,b0c5aa5d33fe488a62f03321ec789ecf05cf9320,1105cd3f14bb36bc3d9eba64dcdc4b82d0f6287b,持卡人消费,超市商务子系统,-8.0,455.85,3974,正常
2016/03/24 18:55:36,b0c5aa5d33fe488a62f03321ec789ecf05cf9320,1105cd3f14bb36bc3d9eba64dcdc4b82d0f6287b,持卡人消费,15公寓浴池,-1.23,454.62,3976,正常
2016/03/24 19:07:20,b0c5aa5d33fe488a62f03321ec789ecf05cf9320,1105cd3f14bb36bc3d9eba64dcdc4b82d0f6287b,持卡人消费,15公寓浴池,-1.89,452.73,3978,正常
2016/03/24 19:08:11,b0c5aa5d33fe488a62f03321ec789ecf05cf9320,1105cd3f14bb36bc3d9eba64dcdc4b82d0f6287b,持卡人消费,15公寓浴池,-0.13,452.60,3980,正常
2016/03/25 12:13:05,b0c5aa5d33fe488a62f03321ec789ecf05cf9320,1105cd3f14bb36bc3d9eba64dcdc4b82d0f6287b,持卡人消费,超市商务子系统,-8.0,444.60,3981,正常
2016/03/25 19:14:21,b0c5aa5d33fe488a62f03321ec789ecf05cf9320,1105cd3f14bb36bc3d9eba64dcdc4b82d0f6287b,持卡人消费,15公寓浴池,-1.3,443.30,3983,正常
2016/03/25 19:26:24,b0c5aa5d33fe488a62f03321ec789ecf05cf9320,1105cd3f14bb36bc3d9eba64dcdc4b82d0f6287b,持卡人消费,15公寓浴池,-1.94,441.36,3985,正常
2016/03/26 11:22:41,b0c5aa5d33fe488a62f03321ec789ecf05cf9320,1105cd3f14bb36bc3d9eba64dcdc4b82d0f6287b,持卡人消费,学士楼商务网关,-4.0,437.36,3986,正常
2016/03/26 11:22:45,b0c5aa5d33fe488a62f03321ec789ecf05cf9320,1105cd3f14bb36bc3d9eba64dcdc4b82d0f6287b,持卡人消费,学士楼商务网关,-5.0,432.36,3987,正常
2016/03/26 11:23:44,b0c5aa5d33fe488a62f03321ec789ecf05cf9320,1105cd3f14bb36bc3d9eba64dcdc4b82d0f6287b,持卡人消费,学士楼商务网关,-3.0,429.36,3988,正常
2016/03/26 11:25:14,b0c5aa5d33fe488a62f03321ec789ecf05cf9320,1105cd3f14bb36bc3d9eba64dcdc4b82d0f6287b,持卡人消费,学士楼商务网关,-2.0,427.36,3989,正常
2016/03/26 11:53:15,b0c5aa5d33fe488a62f03321ec789ecf05cf9320,1105cd3f14bb36bc3d9eba64dcdc4b82d0f6287b,持卡人消费,超市商务子系统,-8.0,419.36,3990,正常
2016/03/26 19:02:55,b0c5aa5d33fe488a62f03321ec789ecf05cf9320,1105cd3f14bb36bc3d9eba64dcdc4b82d0f6287b,持卡人消费,15公寓浴池,-1.38,417.98,3992,正常
2016/03/26 19:07:26,b0c5aa5d33fe488a62f03321ec789ecf05cf9320,1105cd3f14bb36bc3d9eba64dcdc4b82d0f6287b,持卡人消费,15公寓浴池,-0.43,417.55,3994,正常
2016/03/26 19:13:42,b0c5aa5d33fe488a62f03321ec789ecf05cf9320,1105cd3f14bb36bc3d9eba64dcdc4b82d0f6287b,持卡人消费,15公寓浴池,-0.85,416.70,3996,正常
2016/03/27 10:38:07,b0c5aa5d33fe488a62f03321ec789ecf05cf9320,1105cd3f14bb36bc3d9eba64dcdc4b82d0f6287b,持卡人消费,学士楼商务网关,-9.5,407.20,3997,正常
2016/03/27 10:39:13,b0c5aa5d33fe488a62f03321ec789ecf05cf9320,1105cd3f14bb36bc3d9eba64dcdc4b82d0f6287b,持卡人消费,学士楼商务网关,-4.5,402.70,3998,正常
2016/03/27 10:39:44,b0c5aa5d33fe488a62f03321ec789ecf05cf9320,1105cd3f14bb36bc3d9eba64dcdc4b82d0f6287b,持卡人消费,学士楼商务网关,-2.0,400.70,3999,正常
2016/03/27 11:58:36,b0c5aa5d33fe488a62f03321ec789ecf05cf9320,1105cd3f14bb36bc3d9eba64dcdc4b82d0f6287b,持卡人消费,超市商务子系统,-8.0,392.70,4000,正常
2016/03/27 16:45:12,b0c5aa5d33fe488a62f03321ec789ecf05cf9320,1105cd3f14bb36bc3d9eba64dcdc4b82d0f6287b,持卡人消费,A1,-15.0,377.70,4001,正常
2016/03/27 19:12:06,b0c5aa5d33fe488a62f03321ec789ecf05cf9320,1105cd3f14bb36bc3d9eba64dcdc4b82d0f6287b,持卡人消费,15公寓浴池,-0.16,377.54,4003,正常
2016/03/27 19:17:21,b0c5aa5d33fe488a62f03321ec789ecf05cf9320,1105cd3f14bb36bc3d9eba64dcdc4b82d0f6287b,持卡人消费,15公寓浴池,-0.99,376.55,4005,正常
2016/03/27 19:22:46,b0c5aa5d33fe488a62f03321ec789ecf05cf9320,1105cd3f14bb36bc3d9eba64dcdc4b82d0f6287b,持卡人消费,15公寓浴池,-0.54,376.01,4007,正常
2016/03/27 19:26:28,b0c5aa5d33fe488a62f03321ec789ecf05cf9320,1105cd3f14bb36bc3d9eba64dcdc4b82d0f6287b,持卡人消费,15公寓浴池,-0.58,375.43,4009,正常
2016/03/28 11:14:30,b0c5aa5d33fe488a62f03321ec789ecf05cf9320,1105cd3f14bb36bc3d9eba64dcdc4b82d0f6287b,持卡人消费,学士楼商务网关,-9.0,366.43,4010,正常
2016/03/28 11:15:36,b0c5aa5d33fe488a62f03321ec789ecf05cf9320,1105cd3f14bb36bc3d9eba64dcdc4b82d0f6287b,持卡人消费,学士楼商务网关,-3.8,362.63,4011,正常
2016/03/28 11:16:07,b0c5aa5d33fe488a62f03321ec789ecf05cf9320,1105cd3f14bb36bc3d9eba64dcdc4b82d0f6287b,持卡人消费,学士楼商务网关,-2.0,360.63,4012,正常
2016/03/28 11:47:19,b0c5aa5d33fe488a62f03321ec789ecf05cf9320,1105cd3f14bb36bc3d9eba64dcdc4b82d0f6287b,持卡人消费,超市商务子系统,-8.0,352.63,4013,正常
2016/03/28 18:02:30,b0c5aa5d33fe488a62f03321ec789ecf05cf9320,1105cd3f14bb36bc3d9eba64dcdc4b82d0f6287b,持卡人消费,15公寓浴池,-1.33,351.30,4015,正常
2016/03/28 18:03:02,b0c5aa5d33fe488a62f03321ec789ecf05cf9320,1105cd3f14bb36bc3d9eba64dcdc4b82d0f6287b,持卡人消费,15公寓浴池,-0.02,351.28,4017,正常
2016/03/28 18:15:23,b0c5aa5d33fe488a62f03321ec789ecf05cf9320,1105cd3f14bb36bc3d9eba64dcdc4b82d0f6287b,持卡人消费,15公寓浴池,-1.97,349.31,4019,正常
2016/03/29 08:24:37,b0c5aa5d33fe488a62f03321ec789ecf05cf9320,1105cd3f14bb36bc3d9eba64dcdc4b82d0f6287b,持卡人消费,学苑楼商务网关,-9.0,340.31,4020,正常
2016/03/29 11:29:35,b0c5aa5d33fe488a62f03321ec789ecf05cf9320,1105cd3f14bb36bc3d9eba64dcdc4b82d0f6287b,持卡人消费,学士楼商务网关,-4.5,335.81,4021,正常
2016/03/29 11:30:51,b0c5aa5d33fe488a62f03321ec789ecf05cf9320,1105cd3f14bb36bc3d9eba64dcdc4b82d0f6287b,持卡人消费,学士楼商务网关,-5.0,330.81,4022,正常
2016/03/29 11:31:28,b0c5aa5d33fe488a62f03321ec789ecf05cf9320,1105cd3f14bb36bc3d9eba64dcdc4b82d0f6287b,持卡人消费,学士楼商务网关,-2.0,328.81,4023,正常
2016/03/29 11:59:20,b0c5aa5d33fe488a62f03321ec789ecf05cf9320,1105cd3f14bb36bc3d9eba64dcdc4b82d0f6287b,持卡人消费,超市商务子系统,-8.0,320.81,4024,正常
2016/03/29 19:30:17,b0c5aa5d33fe488a62f03321ec789ecf05cf9320,1105cd3f14bb36bc3d9eba64dcdc4b82d0f6287b,持卡人消费,15公寓浴池,-1.22,319.59,4026,正常
2016/03/29 19:31:03,b0c5aa5d33fe488a62f03321ec789ecf05cf9320,1105cd3f14bb36bc3d9eba64dcdc4b82d0f6287b,持卡人消费,15公寓浴池,-0.05,319.54,4028,正常
2016/03/29 19:41:50,b0c5aa5d33fe488a62f03321ec789ecf05cf9320,1105cd3f14bb36bc3d9eba64dcdc4b82d0f6287b,持卡人消费,15公寓浴池,-1.7,317.84,4030,正常
2016/03/29 19:42:56,b0c5aa5d33fe488a62f03321ec789ecf05cf9320,1105cd3f14bb36bc3d9eba64dcdc4b82d0f6287b,持卡人消费,15公寓浴池,-0.18,317.66,4032,正常
2016/03/30 07:54:40,b0c5aa5d33fe488a62f03321ec789ecf05cf9320,1105cd3f14bb36bc3d9eba64dcdc4b82d0f6287b,持卡人消费,学苑楼商务网关,-9.0,308.66,4033,正常
2016/03/30 11:18:20,b0c5aa5d33fe488a62f03321ec789ecf05cf9320,1105cd3f14bb36bc3d9eba64dcdc4b82d0f6287b,持卡人消费,学士楼商务网关,-3.6,305.06,4034,正常
2016/03/30 11:19:13,b0c5aa5d33fe488a62f03321ec789ecf05cf9320,1105cd3f14bb36bc3d9eba64dcdc4b82d0f6287b,持卡人消费,学士楼商务网关,-2.0,303.06,4035,正常
2016/03/30 11:42:30,b0c5aa5d33fe488a62f03321ec789ecf05cf9320,1105cd3f14bb36bc3d9eba64dcdc4b82d0f6287b,持卡人消费,超市商务子系统,-8.0,295.06,4036,正常
2016/03/30 19:13:29,b0c5aa5d33fe488a62f03321ec789ecf05cf9320,1105cd3f14bb36bc3d9eba64dcdc4b82d0f6287b,持卡人消费,15公寓浴池,-1.26,293.80,4038,正常
2016/03/30 19:16:18,b0c5aa5d33fe488a62f03321ec789ecf05cf9320,1105cd3f14bb36bc3d9eba64dcdc4b82d0f6287b,持卡人消费,15公寓浴池,-0.34,293.46,4040,正常
2016/03/30 19:16:34,b0c5aa5d33fe488a62f03321ec789ecf05cf9320,1105cd3f14bb36bc3d9eba64dcdc4b82d0f6287b,持卡人消费,15公寓浴池,-0.02,293.44,4042,正常
2016/03/30 19:27:06,b0c5aa5d33fe488a62f03321ec789ecf05cf9320,1105cd3f14bb36bc3d9eba64dcdc4b82d0f6287b,持卡人消费,15公寓浴池,-1.39,292.05,4044,正常
2016/03/31 08:10:30,b0c5aa5d33fe488a62f03321ec789ecf05cf9320,1105cd3f14bb36bc3d9eba64dcdc4b82d0f6287b,持卡人消费,学苑楼商务网关,-9.0,283.05,4045,正常
2016/03/31 11:31:48,b0c5aa5d33fe488a62f03321ec789ecf05cf9320,1105cd3f14bb36bc3d9eba64dcdc4b82d0f6287b,持卡人消费,学士楼商务网关,-5.6,277.45,4046,正常
2016/03/31 11:32:40,b0c5aa5d33fe488a62f03321ec789ecf05cf9320,1105cd3f14bb36bc3d9eba64dcdc4b82d0f6287b,持卡人消费,学士楼商务网关,-2.0,275.45,4047,正常
2016/03/31 11:54:11,b0c5aa5d33fe488a62f03321ec789ecf05cf9320,1105cd3f14bb36bc3d9eba64dcdc4b82d0f6287b,持卡人消费,超市商务子系统,-8.0,267.45,4048,正常
2016/03/31 19:40:32,b0c5aa5d33fe488a62f03321ec789ecf05cf9320,1105cd3f14bb36bc3d9eba64dcdc4b82d0f6287b,持卡人消费,15公寓浴池,-1.84,265.61,4050,正常
2016/03/31 19:42:02,b0c5aa5d33fe488a62f03321ec789ecf05cf9320,1105cd3f14bb36bc3d9eba64dcdc4b82d0f6287b,持卡人消费,15公寓浴池,-0.03,265.58,4052,正常
2016/03/31 19:48:43,b0c5aa5d33fe488a62f03321ec789ecf05cf9320,1105cd3f14bb36bc3d9eba64dcdc4b82d0f6287b,持卡人消费,15公寓浴池,-1.02,264.56,4054,正常
