交易发生时间,学号,姓名,交易类型,子系统名称,交易额,现有余额,次数,状态
2016/03/12 07:47:13,0195fea3b74f0664b40d41597177486ebd9c4a3e,1112f920ede0f590b6e2e31af25502c0a1d1cc65,持卡人消费,学苑楼商务网关,-9.0,61.87,4626,正常
2016/03/12 07:47:16,0195fea3b74f0664b40d41597177486ebd9c4a3e,1112f920ede0f590b6e2e31af25502c0a1d1cc65,持卡人消费,学苑楼商务网关,-9.0,52.87,4627,正常
2016/03/14 11:27:27,0195fea3b74f0664b40d41597177486ebd9c4a3e,1112f920ede0f590b6e2e31af25502c0a1d1cc65,持卡人消费,学士楼商务网关,-7.0,45.87,4628,正常
2016/03/14 11:32:51,0195fea3b74f0664b40d41597177486ebd9c4a3e,1112f920ede0f590b6e2e31af25502c0a1d1cc65,持卡人消费,学士楼商务网关,-2.5,43.37,4629,正常
2016/03/14 11:52:50,0195fea3b74f0664b40d41597177486ebd9c4a3e,1112f920ede0f590b6e2e31af25502c0a1d1cc65,持卡人消费,超市商务子系统,-4.1,39.27,4630,正常
2016/03/14 11:54:48,0195fea3b74f0664b40d41597177486ebd9c4a3e,1112f920ede0f590b6e2e31af25502c0a1d1cc65,持卡人消费,超市商务子系统,-5.5,33.77,4631,正常
2016/03/15 08:00:48,0195fea3b74f0664b40d41597177486ebd9c4a3e,1112f920ede0f590b6e2e31af25502c0a1d1cc65,持卡人消费,学士楼商务网关,-0.3,33.47,4632,正常
2016/03/15 11:17:47,0195fea3b74f0664b40d41597177486ebd9c4a3e,1112f920ede0f590b6e2e31af25502c0a1d1cc65,持卡人消费,学苑楼商务网关,-7.0,26.47,4633,正常
2016/03/15 11:20:27,0195fea3b74f0664b40d41597177486ebd9c4a3e,1112f920ede0f590b6e2e31af25502c0a1d1cc65,持卡人消费,学苑楼商务网关,-0.8,25.67,4634,正常
2016/03/17 11:13:51,0195fea3b74f0664b40d41597177486ebd9c4a3e,1112f920ede0f590b6e2e31af25502c0a1d1cc65,持卡人消费,学苑楼商务网关,-8.0,17.67,4635,正常
2016/03/17 17:38:24,0195fea3b74f0664b40d41597177486ebd9c4a3e,1112f920ede0f590b6e2e31af25502c0a1d1cc65,持卡人消费,学苑楼商务网关,-7.0,10.67,4636,正常
2016/03/17 17:42:41,0195fea3b74f0664b40d41597177486ebd9c4a3e,1112f920ede0f590b6e2e31af25502c0a1d1cc65,持卡人消费,学苑楼商务网关,-1.6,9.07,4637,正常
2016/03/18 11:58:27,0195fea3b74f0664b40d41597177486ebd9c4a3e,1112f920ede0f590b6e2e31af25502c0a1d1cc65,存款,现金充值机,100.0,109.07,4638,正常
2016/03/18 12:15:44,0195fea3b74f0664b40d41597177486ebd9c4a3e,1112f920ede0f590b6e2e31af25502c0a1d1cc65,持卡人消费,学苑楼商务网关,-7.5,101.57,4639,正常
2016/03/18 16:55:49,0195fea3b74f0664b40d41597177486ebd9c4a3e,1112f920ede0f590b6e2e31af25502c0a1d1cc65,持卡人消费,学苑楼商务网关,-3.5,98.07,4640,正常
2016/03/19 18:49:37,0195fea3b74f0664b40d41597177486ebd9c4a3e,1112f920ede0f590b6e2e31af25502c0a1d1cc65,持卡人消费,硕果园（工大商店）,-12.0,86.07,4641,正常
2016/03/22 11:23:58,0195fea3b74f0664b40d41597177486ebd9c4a3e,1112f920ede0f590b6e2e31af25502c0a1d1cc65,持卡人消费,学苑楼商务网关,-5.0,81.07,4642,正常
2016/03/22 17:33:14,0195fea3b74f0664b40d41597177486ebd9c4a3e,1112f920ede0f590b6e2e31af25502c0a1d1cc65,持卡人消费,学苑楼商务网关,-6.6,74.47,4643,正常
2016/03/23 17:24:36,0195fea3b74f0664b40d41597177486ebd9c4a3e,1112f920ede0f590b6e2e31af25502c0a1d1cc65,持卡人消费,学士楼商务网关,-6.0,68.47,4644,正常
2016/03/23 17:25:45,0195fea3b74f0664b40d41597177486ebd9c4a3e,1112f920ede0f590b6e2e31af25502c0a1d1cc65,持卡人消费,学士楼商务网关,-3.8,64.67,4645,正常
2016/03/24 11:59:28,0195fea3b74f0664b40d41597177486ebd9c4a3e,1112f920ede0f590b6e2e31af25502c0a1d1cc65,持卡人消费,学士楼商务网关,-6.0,58.67,4646,正常
2016/03/24 11:59:53,0195fea3b74f0664b40d41597177486ebd9c4a3e,1112f920ede0f590b6e2e31af25502c0a1d1cc65,持卡人消费,学士楼商务网关,-0.4,58.27,4647,正常
2016/03/24 12:02:16,0195fea3b74f0664b40d41597177486ebd9c4a3e,1112f920ede0f590b6e2e31af25502c0a1d1cc65,持卡人消费,学士楼商务网关,-0.5,57.77,4648,正常
2016/03/24 17:17:30,0195fea3b74f0664b40d41597177486ebd9c4a3e,1112f920ede0f590b6e2e31af25502c0a1d1cc65,持卡人消费,学苑楼商务网关,-8.0,49.77,4649,正常
2016/03/24 17:20:42,0195fea3b74f0664b40d41597177486ebd9c4a3e,1112f920ede0f590b6e2e31af25502c0a1d1cc65,持卡人消费,学苑楼商务网关,-0.6,49.17,4650,正常
2016/03/25 17:15:17,0195fea3b74f0664b40d41597177486ebd9c4a3e,1112f920ede0f590b6e2e31af25502c0a1d1cc65,持卡人消费,学苑楼商务网关,-7.0,42.17,4651,正常
2016/03/25 17:17:32,0195fea3b74f0664b40d41597177486ebd9c4a3e,1112f920ede0f590b6e2e31af25502c0a1d1cc65,持卡人消费,学苑楼商务网关,-0.8,41.37,4652,正常
2016/03/31 17:11:11,0195fea3b74f0664b40d41597177486ebd9c4a3e,1112f920ede0f590b6e2e31af25502c0a1d1cc65,持卡人消费,学苑楼商务网关,-7.0,34.37,4653,正常
