交易发生时间,学号,姓名,交易类型,子系统名称,交易额,现有余额,次数,状态
2016/03/01 10:35:53,d645c5df52c787dd219cbf9c9803e24eae9ba165,1196cc44362dff235351ade693df9ad87d40615a,持卡人消费,九食堂商务网关,-8.0,697.32,2427,正常
2016/03/01 20:03:07,d645c5df52c787dd219cbf9c9803e24eae9ba165,1196cc44362dff235351ade693df9ad87d40615a,持卡人消费,二区水控,-2.78,694.54,2429,正常
2016/03/01 20:05:01,d645c5df52c787dd219cbf9c9803e24eae9ba165,1196cc44362dff235351ade693df9ad87d40615a,持卡人消费,二区水控,-0.24,694.30,2431,正常
2016/03/02 16:30:15,d645c5df52c787dd219cbf9c9803e24eae9ba165,1196cc44362dff235351ade693df9ad87d40615a,持卡人消费,九食堂商务网关,-8.0,686.30,2432,正常
2016/03/04 16:44:13,d645c5df52c787dd219cbf9c9803e24eae9ba165,1196cc44362dff235351ade693df9ad87d40615a,持卡人消费,九食堂商务网关,-8.0,678.30,2433,正常
2016/03/05 13:50:00,d645c5df52c787dd219cbf9c9803e24eae9ba165,1196cc44362dff235351ade693df9ad87d40615a,持卡人消费,四食堂商务网关,-9.6,668.70,2434,正常
2016/03/06 10:43:50,d645c5df52c787dd219cbf9c9803e24eae9ba165,1196cc44362dff235351ade693df9ad87d40615a,持卡人消费,五食堂商务网关,-8.0,660.70,2435,正常
2016/03/06 22:10:35,d645c5df52c787dd219cbf9c9803e24eae9ba165,1196cc44362dff235351ade693df9ad87d40615a,持卡人消费,学子便利店B07,-6.0,654.70,2436,正常
2016/03/07 08:01:23,d645c5df52c787dd219cbf9c9803e24eae9ba165,1196cc44362dff235351ade693df9ad87d40615a,持卡人消费,五食堂商务网关,-2.5,652.20,2437,正常
2016/03/07 19:20:50,d645c5df52c787dd219cbf9c9803e24eae9ba165,1196cc44362dff235351ade693df9ad87d40615a,持卡人消费,学子便利店B07,-3.0,649.20,2438,正常
2016/03/08 07:43:36,d645c5df52c787dd219cbf9c9803e24eae9ba165,1196cc44362dff235351ade693df9ad87d40615a,持卡人消费,四食堂商务网关,-4.6,644.60,2439,正常
2016/03/08 07:44:26,d645c5df52c787dd219cbf9c9803e24eae9ba165,1196cc44362dff235351ade693df9ad87d40615a,持卡人消费,四食堂商务网关,-0.2,644.40,2440,正常
2016/03/08 17:09:21,d645c5df52c787dd219cbf9c9803e24eae9ba165,1196cc44362dff235351ade693df9ad87d40615a,持卡人消费,四食堂商务网关,-13.18,631.22,2441,正常
2016/03/09 11:46:07,d645c5df52c787dd219cbf9c9803e24eae9ba165,1196cc44362dff235351ade693df9ad87d40615a,持卡人消费,九食堂商务网关,-9.0,622.22,2442,正常
2016/03/09 11:48:07,d645c5df52c787dd219cbf9c9803e24eae9ba165,1196cc44362dff235351ade693df9ad87d40615a,持卡人消费,九食堂商务网关,-4.0,618.22,2443,正常
2016/03/10 11:35:47,d645c5df52c787dd219cbf9c9803e24eae9ba165,1196cc44362dff235351ade693df9ad87d40615a,持卡人消费,九食堂商务网关,-9.0,609.22,2444,正常
2016/03/10 20:21:35,d645c5df52c787dd219cbf9c9803e24eae9ba165,1196cc44362dff235351ade693df9ad87d40615a,持卡人消费,学子便利店B07,-2.6,606.62,2445,正常
2016/03/11 07:57:49,d645c5df52c787dd219cbf9c9803e24eae9ba165,1196cc44362dff235351ade693df9ad87d40615a,持卡人消费,四食堂商务网关,-5.0,601.62,2446,正常
2016/03/11 11:22:31,d645c5df52c787dd219cbf9c9803e24eae9ba165,1196cc44362dff235351ade693df9ad87d40615a,持卡人消费,九食堂商务网关,-4.0,597.62,2447,正常
2016/03/11 11:23:49,d645c5df52c787dd219cbf9c9803e24eae9ba165,1196cc44362dff235351ade693df9ad87d40615a,持卡人消费,九食堂商务网关,-8.0,589.62,2448,正常
2016/03/11 17:11:43,d645c5df52c787dd219cbf9c9803e24eae9ba165,1196cc44362dff235351ade693df9ad87d40615a,持卡人消费,九食堂商务网关,-7.0,582.62,2449,正常
2016/03/11 20:09:58,d645c5df52c787dd219cbf9c9803e24eae9ba165,1196cc44362dff235351ade693df9ad87d40615a,持卡人消费,学子便利店B07,-3.5,579.12,2450,正常
2016/03/12 16:35:00,d645c5df52c787dd219cbf9c9803e24eae9ba165,1196cc44362dff235351ade693df9ad87d40615a,持卡人消费,九食堂商务网关,-7.0,572.12,2451,正常
2016/03/12 16:35:25,d645c5df52c787dd219cbf9c9803e24eae9ba165,1196cc44362dff235351ade693df9ad87d40615a,持卡人消费,九食堂商务网关,-2.0,570.12,2452,正常
2016/03/12 17:03:01,d645c5df52c787dd219cbf9c9803e24eae9ba165,1196cc44362dff235351ade693df9ad87d40615a,持卡人消费,学子便利店B07,-3.5,566.62,2453,正常
2016/03/12 20:42:39,d645c5df52c787dd219cbf9c9803e24eae9ba165,1196cc44362dff235351ade693df9ad87d40615a,持卡人消费,学子便利店B07,-2.6,564.02,2454,正常
2016/03/14 11:09:46,d645c5df52c787dd219cbf9c9803e24eae9ba165,1196cc44362dff235351ade693df9ad87d40615a,持卡人消费,九食堂商务网关,-7.0,543.12,2457,正常
2016/03/15 08:15:12,d645c5df52c787dd219cbf9c9803e24eae9ba165,1196cc44362dff235351ade693df9ad87d40615a,持卡人消费,四食堂商务网关,-3.0,540.12,2458,正常
2016/03/15 08:15:33,d645c5df52c787dd219cbf9c9803e24eae9ba165,1196cc44362dff235351ade693df9ad87d40615a,持卡人消费,四食堂商务网关,-0.2,539.92,2459,正常
2016/03/15 11:31:58,d645c5df52c787dd219cbf9c9803e24eae9ba165,1196cc44362dff235351ade693df9ad87d40615a,持卡人消费,四食堂商务网关,-6.0,533.92,2460,正常
2016/03/15 17:23:29,d645c5df52c787dd219cbf9c9803e24eae9ba165,1196cc44362dff235351ade693df9ad87d40615a,持卡人消费,四食堂商务网关,-6.0,527.92,2461,正常
2016/03/16 08:06:27,d645c5df52c787dd219cbf9c9803e24eae9ba165,1196cc44362dff235351ade693df9ad87d40615a,持卡人消费,四食堂商务网关,-3.6,524.32,2462,正常
2016/03/16 08:06:42,d645c5df52c787dd219cbf9c9803e24eae9ba165,1196cc44362dff235351ade693df9ad87d40615a,持卡人消费,四食堂商务网关,-0.2,524.12,2463,正常
2016/03/16 11:20:34,d645c5df52c787dd219cbf9c9803e24eae9ba165,1196cc44362dff235351ade693df9ad87d40615a,持卡人消费,四食堂商务网关,-6.0,518.12,2464,正常
2016/03/16 17:10:55,d645c5df52c787dd219cbf9c9803e24eae9ba165,1196cc44362dff235351ade693df9ad87d40615a,持卡人消费,九食堂商务网关,-8.0,510.12,2465,正常
2016/03/17 08:12:06,d645c5df52c787dd219cbf9c9803e24eae9ba165,1196cc44362dff235351ade693df9ad87d40615a,持卡人消费,四食堂商务网关,-3.6,506.52,2466,正常
2016/03/17 08:12:59,d645c5df52c787dd219cbf9c9803e24eae9ba165,1196cc44362dff235351ade693df9ad87d40615a,持卡人消费,四食堂商务网关,-0.2,506.32,2467,正常
2016/03/17 11:29:07,d645c5df52c787dd219cbf9c9803e24eae9ba165,1196cc44362dff235351ade693df9ad87d40615a,持卡人消费,九食堂商务网关,-8.0,498.32,2468,正常
2016/03/17 17:34:30,d645c5df52c787dd219cbf9c9803e24eae9ba165,1196cc44362dff235351ade693df9ad87d40615a,持卡人消费,九食堂商务网关,-7.0,491.32,2469,正常
2016/03/18 11:37:12,d645c5df52c787dd219cbf9c9803e24eae9ba165,1196cc44362dff235351ade693df9ad87d40615a,持卡人消费,四食堂商务网关,-6.0,485.32,2470,正常
2016/03/18 17:09:05,d645c5df52c787dd219cbf9c9803e24eae9ba165,1196cc44362dff235351ade693df9ad87d40615a,持卡人消费,九食堂商务网关,-5.0,480.32,2471,正常
2016/03/19 22:26:13,d645c5df52c787dd219cbf9c9803e24eae9ba165,1196cc44362dff235351ade693df9ad87d40615a,持卡人消费,学子便利店B07,-12.5,467.82,2472,正常
2016/03/20 08:49:31,d645c5df52c787dd219cbf9c9803e24eae9ba165,1196cc44362dff235351ade693df9ad87d40615a,持卡人消费,四食堂商务网关,-3.6,464.22,2473,正常
2016/03/20 08:50:11,d645c5df52c787dd219cbf9c9803e24eae9ba165,1196cc44362dff235351ade693df9ad87d40615a,持卡人消费,四食堂商务网关,-0.2,464.02,2474,正常
2016/03/20 11:19:15,d645c5df52c787dd219cbf9c9803e24eae9ba165,1196cc44362dff235351ade693df9ad87d40615a,持卡人消费,四食堂商务网关,-6.0,458.02,2475,正常
2016/03/21 08:01:13,d645c5df52c787dd219cbf9c9803e24eae9ba165,1196cc44362dff235351ade693df9ad87d40615a,持卡人消费,四食堂商务网关,-3.0,455.02,2476,正常
2016/03/21 08:01:23,d645c5df52c787dd219cbf9c9803e24eae9ba165,1196cc44362dff235351ade693df9ad87d40615a,持卡人消费,四食堂商务网关,-0.6,454.42,2477,正常
2016/03/21 08:02:00,d645c5df52c787dd219cbf9c9803e24eae9ba165,1196cc44362dff235351ade693df9ad87d40615a,持卡人消费,四食堂商务网关,-0.2,454.22,2478,正常
2016/03/21 11:25:30,d645c5df52c787dd219cbf9c9803e24eae9ba165,1196cc44362dff235351ade693df9ad87d40615a,持卡人消费,四食堂商务网关,-6.0,448.22,2479,正常
2016/03/21 17:07:21,d645c5df52c787dd219cbf9c9803e24eae9ba165,1196cc44362dff235351ade693df9ad87d40615a,持卡人消费,九食堂商务网关,-7.0,441.22,2480,正常
2016/03/22 08:02:42,d645c5df52c787dd219cbf9c9803e24eae9ba165,1196cc44362dff235351ade693df9ad87d40615a,持卡人消费,四食堂商务网关,-2.5,438.72,2481,正常
2016/03/22 08:03:06,d645c5df52c787dd219cbf9c9803e24eae9ba165,1196cc44362dff235351ade693df9ad87d40615a,持卡人消费,四食堂商务网关,-1.0,437.72,2482,正常
2016/03/22 11:31:51,d645c5df52c787dd219cbf9c9803e24eae9ba165,1196cc44362dff235351ade693df9ad87d40615a,持卡人消费,四食堂商务网关,-7.0,430.72,2483,正常
2016/03/22 17:04:05,d645c5df52c787dd219cbf9c9803e24eae9ba165,1196cc44362dff235351ade693df9ad87d40615a,持卡人消费,九食堂商务网关,-3.3,427.42,2484,正常
2016/03/22 17:14:10,d645c5df52c787dd219cbf9c9803e24eae9ba165,1196cc44362dff235351ade693df9ad87d40615a,持卡人消费,九食堂商务网关,-2.9,424.52,2485,正常
2016/03/22 17:58:04,d645c5df52c787dd219cbf9c9803e24eae9ba165,1196cc44362dff235351ade693df9ad87d40615a,持卡人消费,二区水控,-2.38,422.14,2487,正常
2016/03/22 17:59:41,d645c5df52c787dd219cbf9c9803e24eae9ba165,1196cc44362dff235351ade693df9ad87d40615a,持卡人消费,二区水控,-0.22,421.92,2489,正常
2016/03/23 07:50:54,d645c5df52c787dd219cbf9c9803e24eae9ba165,1196cc44362dff235351ade693df9ad87d40615a,持卡人消费,九食堂商务网关,-3.1,418.82,2490,正常
2016/03/23 07:54:35,d645c5df52c787dd219cbf9c9803e24eae9ba165,1196cc44362dff235351ade693df9ad87d40615a,持卡人消费,九食堂商务网关,-2.0,416.82,2491,正常
2016/03/23 11:15:12,d645c5df52c787dd219cbf9c9803e24eae9ba165,1196cc44362dff235351ade693df9ad87d40615a,持卡人消费,五食堂商务网关,-8.0,408.82,2492,正常
2016/03/23 11:24:02,d645c5df52c787dd219cbf9c9803e24eae9ba165,1196cc44362dff235351ade693df9ad87d40615a,持卡人消费,五食堂商务网关,-2.0,406.82,2493,正常
2016/03/23 17:29:40,d645c5df52c787dd219cbf9c9803e24eae9ba165,1196cc44362dff235351ade693df9ad87d40615a,持卡人消费,九食堂商务网关,-8.0,398.82,2494,正常
2016/03/24 07:59:11,d645c5df52c787dd219cbf9c9803e24eae9ba165,1196cc44362dff235351ade693df9ad87d40615a,持卡人消费,四食堂商务网关,-2.6,396.22,2495,正常
2016/03/24 08:01:08,d645c5df52c787dd219cbf9c9803e24eae9ba165,1196cc44362dff235351ade693df9ad87d40615a,持卡人消费,四食堂商务网关,-0.2,396.02,2496,正常
2016/03/24 11:21:45,d645c5df52c787dd219cbf9c9803e24eae9ba165,1196cc44362dff235351ade693df9ad87d40615a,持卡人消费,九食堂商务网关,-9.0,387.02,2497,正常
2016/03/24 18:05:00,d645c5df52c787dd219cbf9c9803e24eae9ba165,1196cc44362dff235351ade693df9ad87d40615a,持卡人消费,九食堂商务网关,-7.0,380.02,2498,正常
2016/03/25 08:12:30,d645c5df52c787dd219cbf9c9803e24eae9ba165,1196cc44362dff235351ade693df9ad87d40615a,持卡人消费,四食堂商务网关,-3.1,376.92,2499,正常
2016/03/25 08:12:56,d645c5df52c787dd219cbf9c9803e24eae9ba165,1196cc44362dff235351ade693df9ad87d40615a,持卡人消费,四食堂商务网关,-0.2,376.72,2500,正常
2016/03/25 08:16:31,d645c5df52c787dd219cbf9c9803e24eae9ba165,1196cc44362dff235351ade693df9ad87d40615a,持卡人消费,四食堂商务网关,-0.2,376.52,2501,正常
2016/03/25 11:14:01,d645c5df52c787dd219cbf9c9803e24eae9ba165,1196cc44362dff235351ade693df9ad87d40615a,持卡人消费,九食堂商务网关,-11.0,365.52,2502,正常
2016/03/26 10:42:55,d645c5df52c787dd219cbf9c9803e24eae9ba165,1196cc44362dff235351ade693df9ad87d40615a,持卡人消费,四食堂商务网关,-6.0,359.52,2503,正常
2016/03/26 16:52:39,d645c5df52c787dd219cbf9c9803e24eae9ba165,1196cc44362dff235351ade693df9ad87d40615a,持卡人消费,九食堂商务网关,-8.0,351.52,2504,正常
2016/03/26 22:18:41,d645c5df52c787dd219cbf9c9803e24eae9ba165,1196cc44362dff235351ade693df9ad87d40615a,持卡人消费,学子便利店B07,-6.0,345.52,2505,正常
2016/03/27 06:50:35,d645c5df52c787dd219cbf9c9803e24eae9ba165,1196cc44362dff235351ade693df9ad87d40615a,持卡人消费,四食堂商务网关,-2.1,343.42,2506,正常
2016/03/27 06:51:04,d645c5df52c787dd219cbf9c9803e24eae9ba165,1196cc44362dff235351ade693df9ad87d40615a,持卡人消费,四食堂商务网关,-0.2,343.22,2507,正常
2016/03/27 11:01:08,d645c5df52c787dd219cbf9c9803e24eae9ba165,1196cc44362dff235351ade693df9ad87d40615a,持卡人消费,四食堂商务网关,-6.0,337.22,2508,正常
2016/03/27 11:11:50,d645c5df52c787dd219cbf9c9803e24eae9ba165,1196cc44362dff235351ade693df9ad87d40615a,存款,现金充值机,150.0,487.22,2509,正常
2016/03/29 08:56:43,d645c5df52c787dd219cbf9c9803e24eae9ba165,1196cc44362dff235351ade693df9ad87d40615a,持卡人消费,学子便利店B07,-5.5,481.72,2510,正常
