交易发生时间,学号,姓名,交易类型,子系统名称,交易额,现有余额,次数,状态
2016/03/01 09:53:29,95b7417a4af1ccbc5ad0174ca26ec7b20d3419a5,1196cc44362dff235351ade693df9ad87d40615a,持卡人消费,学士楼商务网关,-3.5,41.33,3169,正常
2016/03/01 09:53:47,95b7417a4af1ccbc5ad0174ca26ec7b20d3419a5,1196cc44362dff235351ade693df9ad87d40615a,持卡人消费,学士楼商务网关,-0.4,40.93,3170,正常
2016/03/01 09:55:40,95b7417a4af1ccbc5ad0174ca26ec7b20d3419a5,1196cc44362dff235351ade693df9ad87d40615a,持卡人消费,学士楼商务网关,-2.0,38.93,3171,正常
2016/03/01 10:03:22,95b7417a4af1ccbc5ad0174ca26ec7b20d3419a5,1196cc44362dff235351ade693df9ad87d40615a,持卡人消费,学士楼商务网关,-1.5,37.43,3172,正常
2016/03/01 10:11:32,95b7417a4af1ccbc5ad0174ca26ec7b20d3419a5,1196cc44362dff235351ade693df9ad87d40615a,持卡人消费,硕果园（工大商店）,-5.9,31.53,3173,正常
2016/03/03 11:29:28,95b7417a4af1ccbc5ad0174ca26ec7b20d3419a5,1196cc44362dff235351ade693df9ad87d40615a,持卡人消费,学苑楼商务网关,-8.0,23.53,3174,正常
2016/03/03 11:44:37,95b7417a4af1ccbc5ad0174ca26ec7b20d3419a5,1196cc44362dff235351ade693df9ad87d40615a,存款,学苑楼综合业务3,500.0,523.53,3175,正常
2016/03/03 16:47:01,95b7417a4af1ccbc5ad0174ca26ec7b20d3419a5,1196cc44362dff235351ade693df9ad87d40615a,持卡人消费,硕果园（工大商店）,-4.1,519.43,3176,正常
2016/03/04 11:12:29,95b7417a4af1ccbc5ad0174ca26ec7b20d3419a5,1196cc44362dff235351ade693df9ad87d40615a,持卡人消费,硕果园（工大商店）,-5.4,514.03,3177,正常
2016/03/04 18:49:45,95b7417a4af1ccbc5ad0174ca26ec7b20d3419a5,1196cc44362dff235351ade693df9ad87d40615a,持卡人消费,硕果园（工大商店）,-2.0,512.03,3178,正常
2016/03/05 11:35:58,95b7417a4af1ccbc5ad0174ca26ec7b20d3419a5,1196cc44362dff235351ade693df9ad87d40615a,持卡人消费,学士楼商务网关,-11.9,500.13,3179,正常
2016/03/06 11:16:49,95b7417a4af1ccbc5ad0174ca26ec7b20d3419a5,1196cc44362dff235351ade693df9ad87d40615a,持卡人消费,身份前置机,-0.46,499.67,3180,正常
2016/03/06 13:25:35,95b7417a4af1ccbc5ad0174ca26ec7b20d3419a5,1196cc44362dff235351ade693df9ad87d40615a,持卡人消费,一校区水控新,-2.0,497.67,3181,正常
2016/03/06 13:36:05,95b7417a4af1ccbc5ad0174ca26ec7b20d3419a5,1196cc44362dff235351ade693df9ad87d40615a,持卡人消费,一校区水控新,-2.0,495.67,3182,正常
2016/03/07 09:07:26,95b7417a4af1ccbc5ad0174ca26ec7b20d3419a5,1196cc44362dff235351ade693df9ad87d40615a,持卡人消费,学士楼商务网关,-6.0,489.67,3183,正常
2016/03/07 11:22:07,95b7417a4af1ccbc5ad0174ca26ec7b20d3419a5,1196cc44362dff235351ade693df9ad87d40615a,持卡人消费,学子楼商务网关,-11.1,478.57,3184,正常
2016/03/07 11:22:35,95b7417a4af1ccbc5ad0174ca26ec7b20d3419a5,1196cc44362dff235351ade693df9ad87d40615a,持卡人消费,学子楼商务网关,-5.4,473.17,3185,正常
2016/03/07 11:23:03,95b7417a4af1ccbc5ad0174ca26ec7b20d3419a5,1196cc44362dff235351ade693df9ad87d40615a,持卡人消费,学子楼商务网关,-3.5,469.67,3186,正常
2016/03/07 13:54:01,95b7417a4af1ccbc5ad0174ca26ec7b20d3419a5,1196cc44362dff235351ade693df9ad87d40615a,持卡人消费,游泳馆,-6.0,463.67,3187,正常
2016/03/07 17:31:22,95b7417a4af1ccbc5ad0174ca26ec7b20d3419a5,1196cc44362dff235351ade693df9ad87d40615a,持卡人消费,学苑楼商务网关,-8.0,455.67,3188,正常
2016/03/07 17:47:45,95b7417a4af1ccbc5ad0174ca26ec7b20d3419a5,1196cc44362dff235351ade693df9ad87d40615a,持卡人消费,硕果园（工大商店）,-4.6,451.07,3189,正常
2016/03/07 21:22:37,95b7417a4af1ccbc5ad0174ca26ec7b20d3419a5,1196cc44362dff235351ade693df9ad87d40615a,持卡人消费,超市商务子系统,-54.8,396.27,3190,正常
2016/03/08 11:25:58,95b7417a4af1ccbc5ad0174ca26ec7b20d3419a5,1196cc44362dff235351ade693df9ad87d40615a,持卡人消费,学苑楼商务网关,-9.0,387.27,3191,正常
2016/03/08 17:35:45,95b7417a4af1ccbc5ad0174ca26ec7b20d3419a5,1196cc44362dff235351ade693df9ad87d40615a,持卡人消费,硕果园（工大商店）,-14.0,373.27,3192,正常
2016/03/09 11:16:54,95b7417a4af1ccbc5ad0174ca26ec7b20d3419a5,1196cc44362dff235351ade693df9ad87d40615a,持卡人消费,硕果园（工大商店）,-14.0,359.27,3193,正常
2016/03/10 15:52:24,95b7417a4af1ccbc5ad0174ca26ec7b20d3419a5,1196cc44362dff235351ade693df9ad87d40615a,持卡人消费,一校区水控新,-2.0,357.27,3194,正常
2016/03/10 16:01:29,95b7417a4af1ccbc5ad0174ca26ec7b20d3419a5,1196cc44362dff235351ade693df9ad87d40615a,持卡人消费,一校区水控新,-1.74,355.53,3196,正常
2016/03/10 17:20:14,95b7417a4af1ccbc5ad0174ca26ec7b20d3419a5,1196cc44362dff235351ade693df9ad87d40615a,持卡人消费,学士楼商务网关,-8.9,346.63,3197,正常
2016/03/11 11:03:47,95b7417a4af1ccbc5ad0174ca26ec7b20d3419a5,1196cc44362dff235351ade693df9ad87d40615a,持卡人消费,学士楼商务网关,-8.4,338.23,3198,正常
2016/03/11 19:29:58,95b7417a4af1ccbc5ad0174ca26ec7b20d3419a5,1196cc44362dff235351ade693df9ad87d40615a,持卡人消费,超市商务子系统,-4.5,333.73,3199,正常
2016/03/12 11:45:07,95b7417a4af1ccbc5ad0174ca26ec7b20d3419a5,1196cc44362dff235351ade693df9ad87d40615a,持卡人消费,学士楼商务网关,-8.4,325.33,3200,正常
2016/03/14 12:38:50,95b7417a4af1ccbc5ad0174ca26ec7b20d3419a5,1196cc44362dff235351ade693df9ad87d40615a,持卡人消费,硕果园（工大商店）,-14.0,267.33,3205,正常
2016/03/14 17:14:12,95b7417a4af1ccbc5ad0174ca26ec7b20d3419a5,1196cc44362dff235351ade693df9ad87d40615a,持卡人消费,硕果园（工大商店）,-3.3,264.03,3206,正常
2016/03/15 11:21:10,95b7417a4af1ccbc5ad0174ca26ec7b20d3419a5,1196cc44362dff235351ade693df9ad87d40615a,持卡人消费,硕果园（工大商店）,-14.0,250.03,3207,正常
2016/03/15 17:23:54,95b7417a4af1ccbc5ad0174ca26ec7b20d3419a5,1196cc44362dff235351ade693df9ad87d40615a,持卡人消费,硕果园（工大商店）,-12.0,238.03,3208,正常
2016/03/16 17:14:38,95b7417a4af1ccbc5ad0174ca26ec7b20d3419a5,1196cc44362dff235351ade693df9ad87d40615a,持卡人消费,硕果园（工大商店）,-17.0,221.03,3209,正常
2016/03/16 18:11:19,95b7417a4af1ccbc5ad0174ca26ec7b20d3419a5,1196cc44362dff235351ade693df9ad87d40615a,持卡人消费,A7,-3.0,218.03,3210,正常
2016/03/16 18:20:53,95b7417a4af1ccbc5ad0174ca26ec7b20d3419a5,1196cc44362dff235351ade693df9ad87d40615a,持卡人消费,游泳馆,-6.0,212.03,3211,正常
2016/03/16 20:28:14,95b7417a4af1ccbc5ad0174ca26ec7b20d3419a5,1196cc44362dff235351ade693df9ad87d40615a,持卡人消费,A7,-3.0,209.03,3212,正常
2016/03/16 20:57:21,95b7417a4af1ccbc5ad0174ca26ec7b20d3419a5,1196cc44362dff235351ade693df9ad87d40615a,持卡人消费,超市商务子系统,-2.6,206.43,3213,正常
2016/03/18 12:49:04,95b7417a4af1ccbc5ad0174ca26ec7b20d3419a5,1196cc44362dff235351ade693df9ad87d40615a,持卡人消费,硕果园（工大商店）,-12.0,194.43,3214,正常
2016/03/18 17:51:44,95b7417a4af1ccbc5ad0174ca26ec7b20d3419a5,1196cc44362dff235351ade693df9ad87d40615a,持卡人消费,学士楼商务网关,-4.76,189.67,3215,正常
2016/03/18 17:53:59,95b7417a4af1ccbc5ad0174ca26ec7b20d3419a5,1196cc44362dff235351ade693df9ad87d40615a,持卡人消费,学士楼商务网关,-3.9,185.77,3216,正常
2016/03/19 10:42:30,95b7417a4af1ccbc5ad0174ca26ec7b20d3419a5,1196cc44362dff235351ade693df9ad87d40615a,持卡人消费,硕果园（工大商店）,-12.0,173.77,3217,正常
2016/03/19 19:44:12,95b7417a4af1ccbc5ad0174ca26ec7b20d3419a5,1196cc44362dff235351ade693df9ad87d40615a,持卡人消费,A7,-3.0,170.77,3218,正常
2016/03/20 11:22:54,95b7417a4af1ccbc5ad0174ca26ec7b20d3419a5,1196cc44362dff235351ade693df9ad87d40615a,持卡人消费,硕果园（工大商店）,-8.0,162.77,3219,正常
2016/03/20 11:37:43,95b7417a4af1ccbc5ad0174ca26ec7b20d3419a5,1196cc44362dff235351ade693df9ad87d40615a,持卡人消费,超市商务子系统,-6.0,156.77,3220,正常
2016/03/21 10:15:37,95b7417a4af1ccbc5ad0174ca26ec7b20d3419a5,1196cc44362dff235351ade693df9ad87d40615a,持卡人消费,硕果园（工大商店）,-15.0,141.77,3221,正常
2016/03/21 14:50:18,95b7417a4af1ccbc5ad0174ca26ec7b20d3419a5,1196cc44362dff235351ade693df9ad87d40615a,持卡人消费,游泳馆,-6.0,135.77,3222,正常
2016/03/21 17:37:42,95b7417a4af1ccbc5ad0174ca26ec7b20d3419a5,1196cc44362dff235351ade693df9ad87d40615a,持卡人消费,学士楼商务网关,-11.5,124.27,3223,正常
2016/03/22 17:23:02,95b7417a4af1ccbc5ad0174ca26ec7b20d3419a5,1196cc44362dff235351ade693df9ad87d40615a,持卡人消费,学士楼商务网关,-7.5,116.77,3224,正常
2016/03/23 12:12:33,95b7417a4af1ccbc5ad0174ca26ec7b20d3419a5,1196cc44362dff235351ade693df9ad87d40615a,持卡人消费,硕果园（工大商店）,-15.0,101.77,3225,正常
2016/03/24 17:07:50,95b7417a4af1ccbc5ad0174ca26ec7b20d3419a5,1196cc44362dff235351ade693df9ad87d40615a,持卡人消费,硕果园（工大商店）,-4.0,97.77,3226,正常
2016/03/25 12:12:25,95b7417a4af1ccbc5ad0174ca26ec7b20d3419a5,1196cc44362dff235351ade693df9ad87d40615a,持卡人消费,硕果园（工大商店）,-10.0,87.77,3227,正常
2016/03/25 17:13:35,95b7417a4af1ccbc5ad0174ca26ec7b20d3419a5,1196cc44362dff235351ade693df9ad87d40615a,持卡人消费,学士楼商务网关,-6.9,80.87,3228,正常
2016/03/25 17:24:50,95b7417a4af1ccbc5ad0174ca26ec7b20d3419a5,1196cc44362dff235351ade693df9ad87d40615a,持卡人消费,硕果园（工大商店）,-4.3,76.57,3229,正常
2016/03/26 16:19:26,95b7417a4af1ccbc5ad0174ca26ec7b20d3419a5,1196cc44362dff235351ade693df9ad87d40615a,持卡人消费,硕果园（工大商店）,-18.0,58.57,3230,正常
2016/03/26 16:44:32,95b7417a4af1ccbc5ad0174ca26ec7b20d3419a5,1196cc44362dff235351ade693df9ad87d40615a,存款,学苑楼综合业务3,400.0,458.57,3231,正常
2016/03/26 16:45:18,95b7417a4af1ccbc5ad0174ca26ec7b20d3419a5,1196cc44362dff235351ade693df9ad87d40615a,持卡人消费,学苑楼商务网关,-9.0,449.57,3232,正常
2016/03/26 20:09:58,95b7417a4af1ccbc5ad0174ca26ec7b20d3419a5,1196cc44362dff235351ade693df9ad87d40615a,持卡人消费,超市商务子系统,-40.3,409.27,3233,正常
2016/03/27 11:53:51,95b7417a4af1ccbc5ad0174ca26ec7b20d3419a5,1196cc44362dff235351ade693df9ad87d40615a,持卡人消费,硕果园（工大商店）,-12.0,397.27,3234,正常
2016/03/27 17:12:29,95b7417a4af1ccbc5ad0174ca26ec7b20d3419a5,1196cc44362dff235351ade693df9ad87d40615a,持卡人消费,硕果园（工大商店）,-15.0,382.27,3235,正常
2016/03/27 18:49:40,95b7417a4af1ccbc5ad0174ca26ec7b20d3419a5,1196cc44362dff235351ade693df9ad87d40615a,持卡人消费,游泳馆,-12.0,370.27,3236,正常
2016/03/28 12:42:35,95b7417a4af1ccbc5ad0174ca26ec7b20d3419a5,1196cc44362dff235351ade693df9ad87d40615a,持卡人消费,硕果园（工大商店）,-10.0,360.27,3237,正常
2016/03/29 13:31:37,95b7417a4af1ccbc5ad0174ca26ec7b20d3419a5,1196cc44362dff235351ade693df9ad87d40615a,持卡人消费,硕果园（工大商店）,-10.0,350.27,3238,正常
2016/03/29 17:23:20,95b7417a4af1ccbc5ad0174ca26ec7b20d3419a5,1196cc44362dff235351ade693df9ad87d40615a,持卡人消费,游泳馆,-6.0,344.27,3239,正常
2016/03/30 07:42:08,95b7417a4af1ccbc5ad0174ca26ec7b20d3419a5,1196cc44362dff235351ade693df9ad87d40615a,持卡人消费,学苑楼商务网关,-3.1,341.17,3240,正常
2016/03/30 18:27:06,95b7417a4af1ccbc5ad0174ca26ec7b20d3419a5,1196cc44362dff235351ade693df9ad87d40615a,持卡人消费,游泳馆,-12.0,329.17,3241,正常
