交易发生时间,学号,姓名,交易类型,子系统名称,交易额,现有余额,次数,状态
2016/03/01 07:59:26,c9cd142ca6175ed6616aabebfb3d00210d382b88,11c5f5dd884efc71e358b8ec316983e33db7f9d1,持卡人消费,土木楼网关,-3.15,170.04,6426,正常
2016/03/01 11:38:43,c9cd142ca6175ed6616aabebfb3d00210d382b88,11c5f5dd884efc71e358b8ec316983e33db7f9d1,持卡人消费,土木楼网关,-5.1,164.94,6427,正常
2016/03/01 11:53:19,c9cd142ca6175ed6616aabebfb3d00210d382b88,11c5f5dd884efc71e358b8ec316983e33db7f9d1,持卡人消费,土木楼网关,-5.6,159.34,6428,正常
2016/03/02 10:08:56,c9cd142ca6175ed6616aabebfb3d00210d382b88,11c5f5dd884efc71e358b8ec316983e33db7f9d1,持卡人消费,学子超市A05,-4.5,154.84,6429,正常
2016/03/02 11:40:16,c9cd142ca6175ed6616aabebfb3d00210d382b88,11c5f5dd884efc71e358b8ec316983e33db7f9d1,持卡人消费,土木楼网关,-5.1,149.74,6430,正常
2016/03/02 16:56:11,c9cd142ca6175ed6616aabebfb3d00210d382b88,11c5f5dd884efc71e358b8ec316983e33db7f9d1,持卡人消费,学苑楼商务网关,-5.6,144.14,6431,正常
2016/03/02 17:20:21,c9cd142ca6175ed6616aabebfb3d00210d382b88,11c5f5dd884efc71e358b8ec316983e33db7f9d1,持卡人消费,学苑楼商务网关,-8.0,136.14,6432,正常
2016/03/02 17:35:02,c9cd142ca6175ed6616aabebfb3d00210d382b88,11c5f5dd884efc71e358b8ec316983e33db7f9d1,持卡人消费,学苑楼商务网关,-8.1,128.04,6433,正常
2016/03/02 17:39:25,c9cd142ca6175ed6616aabebfb3d00210d382b88,11c5f5dd884efc71e358b8ec316983e33db7f9d1,持卡人消费,学苑楼商务网关,-0.1,127.94,6434,正常
2016/03/02 17:47:18,c9cd142ca6175ed6616aabebfb3d00210d382b88,11c5f5dd884efc71e358b8ec316983e33db7f9d1,持卡人消费,超市商务子系统,-16.1,111.84,6435,正常
2016/03/02 19:29:31,c9cd142ca6175ed6616aabebfb3d00210d382b88,11c5f5dd884efc71e358b8ec316983e33db7f9d1,持卡人消费,土木楼水控,-1.07,110.77,6437,正常
2016/03/02 19:38:59,c9cd142ca6175ed6616aabebfb3d00210d382b88,11c5f5dd884efc71e358b8ec316983e33db7f9d1,持卡人消费,土木楼水控,-1.45,109.32,6439,正常
2016/03/03 10:02:21,c9cd142ca6175ed6616aabebfb3d00210d382b88,11c5f5dd884efc71e358b8ec316983e33db7f9d1,持卡人消费,学子超市A05,-5.3,104.02,6440,正常
2016/03/03 11:33:04,c9cd142ca6175ed6616aabebfb3d00210d382b88,11c5f5dd884efc71e358b8ec316983e33db7f9d1,持卡人消费,土木楼网关,-5.1,98.92,6441,正常
2016/03/04 12:43:29,c9cd142ca6175ed6616aabebfb3d00210d382b88,11c5f5dd884efc71e358b8ec316983e33db7f9d1,持卡人消费,土木楼水控,-2.16,96.76,6443,正常
2016/03/04 12:49:07,c9cd142ca6175ed6616aabebfb3d00210d382b88,11c5f5dd884efc71e358b8ec316983e33db7f9d1,持卡人消费,土木楼水控,-0.65,96.11,6445,正常
2016/03/12 21:35:09,c9cd142ca6175ed6616aabebfb3d00210d382b88,11c5f5dd884efc71e358b8ec316983e33db7f9d1,持卡人消费,学子超市A05,-14.0,82.11,6446,正常
2016/03/14 12:10:54,c9cd142ca6175ed6616aabebfb3d00210d382b88,11c5f5dd884efc71e358b8ec316983e33db7f9d1,持卡人消费,学苑楼商务网关,-8.0,59.71,6449,正常
2016/03/14 12:11:18,c9cd142ca6175ed6616aabebfb3d00210d382b88,11c5f5dd884efc71e358b8ec316983e33db7f9d1,持卡人消费,学苑楼商务网关,-8.0,51.71,6450,正常
2016/03/14 19:35:15,c9cd142ca6175ed6616aabebfb3d00210d382b88,11c5f5dd884efc71e358b8ec316983e33db7f9d1,持卡人消费,超市商务子系统,-9.0,42.71,6451,正常
2016/03/14 20:28:44,c9cd142ca6175ed6616aabebfb3d00210d382b88,11c5f5dd884efc71e358b8ec316983e33db7f9d1,持卡人消费,土木楼水控,-0.61,39.10,6454,正常
2016/03/14 20:36:36,c9cd142ca6175ed6616aabebfb3d00210d382b88,11c5f5dd884efc71e358b8ec316983e33db7f9d1,持卡人消费,土木楼水控,-1.22,37.88,6456,正常
2016/03/15 09:55:10,c9cd142ca6175ed6616aabebfb3d00210d382b88,11c5f5dd884efc71e358b8ec316983e33db7f9d1,持卡人消费,学子超市A05,-3.5,34.38,6457,正常
2016/03/15 12:54:02,c9cd142ca6175ed6616aabebfb3d00210d382b88,11c5f5dd884efc71e358b8ec316983e33db7f9d1,持卡人消费,学子超市A05,-1.5,32.88,6458,正常
2016/03/15 17:37:55,c9cd142ca6175ed6616aabebfb3d00210d382b88,11c5f5dd884efc71e358b8ec316983e33db7f9d1,持卡人消费,土木楼网关,-3.6,29.28,6459,正常
2016/03/15 21:51:57,c9cd142ca6175ed6616aabebfb3d00210d382b88,11c5f5dd884efc71e358b8ec316983e33db7f9d1,持卡人消费,学子超市A05,-3.5,25.78,6460,正常
2016/03/16 09:25:05,c9cd142ca6175ed6616aabebfb3d00210d382b88,11c5f5dd884efc71e358b8ec316983e33db7f9d1,持卡人消费,学子超市A05,-5.0,20.78,6461,正常
2016/03/16 20:32:20,c9cd142ca6175ed6616aabebfb3d00210d382b88,11c5f5dd884efc71e358b8ec316983e33db7f9d1,持卡人消费,土木楼水控,-0.41,20.37,6463,正常
2016/03/16 20:36:01,c9cd142ca6175ed6616aabebfb3d00210d382b88,11c5f5dd884efc71e358b8ec316983e33db7f9d1,持卡人消费,土木楼水控,-0.53,19.84,6465,正常
2016/03/16 20:44:21,c9cd142ca6175ed6616aabebfb3d00210d382b88,11c5f5dd884efc71e358b8ec316983e33db7f9d1,持卡人消费,土木楼水控,-1.34,18.50,6467,正常
2016/03/17 11:58:00,c9cd142ca6175ed6616aabebfb3d00210d382b88,11c5f5dd884efc71e358b8ec316983e33db7f9d1,持卡人消费,土木楼网关,-6.1,12.40,6468,正常
2016/03/17 15:31:53,c9cd142ca6175ed6616aabebfb3d00210d382b88,11c5f5dd884efc71e358b8ec316983e33db7f9d1,持卡人消费,学子超市A05,-2.0,10.40,6469,正常
2016/03/18 17:37:21,c9cd142ca6175ed6616aabebfb3d00210d382b88,11c5f5dd884efc71e358b8ec316983e33db7f9d1,存款,学苑楼综合业务2,200.0,210.40,6470,正常
2016/03/18 17:41:27,c9cd142ca6175ed6616aabebfb3d00210d382b88,11c5f5dd884efc71e358b8ec316983e33db7f9d1,持卡人消费,学苑楼商务网关,-7.6,202.80,6471,正常
2016/03/18 17:45:05,c9cd142ca6175ed6616aabebfb3d00210d382b88,11c5f5dd884efc71e358b8ec316983e33db7f9d1,持卡人消费,学苑楼商务网关,-7.0,195.80,6472,正常
2016/03/18 18:21:35,c9cd142ca6175ed6616aabebfb3d00210d382b88,11c5f5dd884efc71e358b8ec316983e33db7f9d1,持卡人消费,超市商务子系统,-14.5,181.30,6473,正常
2016/03/19 15:15:31,c9cd142ca6175ed6616aabebfb3d00210d382b88,11c5f5dd884efc71e358b8ec316983e33db7f9d1,持卡人消费,土木楼水控,-0.01,181.29,6474,正常
2016/03/19 15:16:32,c9cd142ca6175ed6616aabebfb3d00210d382b88,11c5f5dd884efc71e358b8ec316983e33db7f9d1,持卡人消费,土木楼水控,-0.03,181.26,6476,正常
2016/03/19 15:20:01,c9cd142ca6175ed6616aabebfb3d00210d382b88,11c5f5dd884efc71e358b8ec316983e33db7f9d1,持卡人消费,土木楼水控,-0.68,180.58,6478,正常
2016/03/19 15:29:16,c9cd142ca6175ed6616aabebfb3d00210d382b88,11c5f5dd884efc71e358b8ec316983e33db7f9d1,持卡人消费,土木楼水控,-1.55,179.03,6480,正常
2016/03/19 15:35:44,c9cd142ca6175ed6616aabebfb3d00210d382b88,11c5f5dd884efc71e358b8ec316983e33db7f9d1,持卡人消费,学子超市A05,-1.5,177.53,6481,正常
2016/03/19 18:07:33,c9cd142ca6175ed6616aabebfb3d00210d382b88,11c5f5dd884efc71e358b8ec316983e33db7f9d1,持卡人消费,A5,-3.0,174.53,6482,正常
2016/03/20 17:57:53,c9cd142ca6175ed6616aabebfb3d00210d382b88,11c5f5dd884efc71e358b8ec316983e33db7f9d1,持卡人消费,学子超市A05,-1.5,173.03,6483,正常
2016/03/21 10:28:36,c9cd142ca6175ed6616aabebfb3d00210d382b88,11c5f5dd884efc71e358b8ec316983e33db7f9d1,持卡人消费,学子超市A05,-3.5,169.53,6484,正常
2016/03/21 15:46:55,c9cd142ca6175ed6616aabebfb3d00210d382b88,11c5f5dd884efc71e358b8ec316983e33db7f9d1,持卡人消费,学子超市A05,-1.5,168.03,6485,正常
2016/03/21 17:08:14,c9cd142ca6175ed6616aabebfb3d00210d382b88,11c5f5dd884efc71e358b8ec316983e33db7f9d1,持卡人消费,硕果园（工大商店）,-14.0,154.03,6486,正常
2016/03/21 17:09:04,c9cd142ca6175ed6616aabebfb3d00210d382b88,11c5f5dd884efc71e358b8ec316983e33db7f9d1,持卡人消费,硕果园（工大商店）,-9.0,145.03,6487,正常
2016/03/21 17:38:03,c9cd142ca6175ed6616aabebfb3d00210d382b88,11c5f5dd884efc71e358b8ec316983e33db7f9d1,持卡人消费,超市商务子系统,-2.9,142.13,6488,正常
2016/03/21 17:41:11,c9cd142ca6175ed6616aabebfb3d00210d382b88,11c5f5dd884efc71e358b8ec316983e33db7f9d1,持卡人消费,超市商务子系统,-13.0,129.13,6489,正常
2016/03/22 10:17:22,c9cd142ca6175ed6616aabebfb3d00210d382b88,11c5f5dd884efc71e358b8ec316983e33db7f9d1,持卡人消费,学子超市A05,-4.0,125.13,6490,正常
2016/03/22 13:43:04,c9cd142ca6175ed6616aabebfb3d00210d382b88,11c5f5dd884efc71e358b8ec316983e33db7f9d1,持卡人消费,学子超市A05,-1.5,123.63,6491,正常
2016/03/22 21:28:44,c9cd142ca6175ed6616aabebfb3d00210d382b88,11c5f5dd884efc71e358b8ec316983e33db7f9d1,持卡人消费,学子超市A05,-4.0,119.63,6492,正常
2016/03/23 17:52:00,c9cd142ca6175ed6616aabebfb3d00210d382b88,11c5f5dd884efc71e358b8ec316983e33db7f9d1,持卡人消费,超市商务子系统,-22.4,97.23,6493,正常
2016/03/23 20:30:17,c9cd142ca6175ed6616aabebfb3d00210d382b88,11c5f5dd884efc71e358b8ec316983e33db7f9d1,持卡人消费,学子超市A05,-1.5,95.73,6494,正常
2016/03/24 14:25:19,c9cd142ca6175ed6616aabebfb3d00210d382b88,11c5f5dd884efc71e358b8ec316983e33db7f9d1,持卡人消费,学子超市A05,-2.13,93.60,6495,正常
2016/03/24 19:49:10,c9cd142ca6175ed6616aabebfb3d00210d382b88,11c5f5dd884efc71e358b8ec316983e33db7f9d1,持卡人消费,超市商务子系统,-6.1,87.50,6496,正常
2016/03/24 19:55:16,c9cd142ca6175ed6616aabebfb3d00210d382b88,11c5f5dd884efc71e358b8ec316983e33db7f9d1,持卡人消费,超市商务子系统,-5.5,82.00,6497,正常
2016/03/25 11:24:48,c9cd142ca6175ed6616aabebfb3d00210d382b88,11c5f5dd884efc71e358b8ec316983e33db7f9d1,持卡人消费,学子超市A05,-2.0,80.00,6498,正常
2016/03/25 21:39:19,c9cd142ca6175ed6616aabebfb3d00210d382b88,11c5f5dd884efc71e358b8ec316983e33db7f9d1,持卡人消费,学子超市A05,-4.5,75.50,6499,正常
2016/03/26 07:39:35,c9cd142ca6175ed6616aabebfb3d00210d382b88,11c5f5dd884efc71e358b8ec316983e33db7f9d1,持卡人消费,土木楼网关,-2.65,72.85,6500,正常
2016/03/26 20:26:06,c9cd142ca6175ed6616aabebfb3d00210d382b88,11c5f5dd884efc71e358b8ec316983e33db7f9d1,持卡人消费,学子超市A05,-3.5,69.35,6501,正常
2016/03/27 00:11:45,c9cd142ca6175ed6616aabebfb3d00210d382b88,11c5f5dd884efc71e358b8ec316983e33db7f9d1,持卡人消费,网络中心,-30.0,39.35,6502,正常
2016/03/27 18:30:51,c9cd142ca6175ed6616aabebfb3d00210d382b88,11c5f5dd884efc71e358b8ec316983e33db7f9d1,存款,现金充值机,100.0,139.35,6503,正常
2016/03/27 18:31:12,c9cd142ca6175ed6616aabebfb3d00210d382b88,11c5f5dd884efc71e358b8ec316983e33db7f9d1,存款,现金充值机,20.0,159.35,6504,正常
2016/03/28 11:35:34,c9cd142ca6175ed6616aabebfb3d00210d382b88,11c5f5dd884efc71e358b8ec316983e33db7f9d1,持卡人消费,土木楼网关,-6.1,153.25,6505,正常
2016/03/28 20:22:29,c9cd142ca6175ed6616aabebfb3d00210d382b88,11c5f5dd884efc71e358b8ec316983e33db7f9d1,持卡人消费,超市商务子系统,-24.7,128.55,6506,正常
2016/03/28 20:26:02,c9cd142ca6175ed6616aabebfb3d00210d382b88,11c5f5dd884efc71e358b8ec316983e33db7f9d1,持卡人消费,超市商务子系统,-2.6,125.95,6507,正常
2016/03/29 12:01:24,c9cd142ca6175ed6616aabebfb3d00210d382b88,11c5f5dd884efc71e358b8ec316983e33db7f9d1,持卡人消费,土木楼网关,-14.6,111.35,6508,正常
2016/03/29 12:02:21,c9cd142ca6175ed6616aabebfb3d00210d382b88,11c5f5dd884efc71e358b8ec316983e33db7f9d1,持卡人消费,土木楼网关,-2.7,108.65,6509,正常
2016/03/29 12:03:50,c9cd142ca6175ed6616aabebfb3d00210d382b88,11c5f5dd884efc71e358b8ec316983e33db7f9d1,持卡人消费,土木楼网关,-5.0,103.65,6510,正常
2016/03/29 17:22:16,c9cd142ca6175ed6616aabebfb3d00210d382b88,11c5f5dd884efc71e358b8ec316983e33db7f9d1,持卡人消费,硕果园（工大商店）,-14.0,89.65,6511,正常
2016/03/29 18:15:55,c9cd142ca6175ed6616aabebfb3d00210d382b88,11c5f5dd884efc71e358b8ec316983e33db7f9d1,持卡人消费,土木楼水控,-0.94,88.71,6513,正常
2016/03/29 18:18:03,c9cd142ca6175ed6616aabebfb3d00210d382b88,11c5f5dd884efc71e358b8ec316983e33db7f9d1,持卡人消费,土木楼水控,-0.14,88.57,6515,正常
2016/03/29 18:18:48,c9cd142ca6175ed6616aabebfb3d00210d382b88,11c5f5dd884efc71e358b8ec316983e33db7f9d1,持卡人消费,土木楼水控,-3.0,85.57,6516,正常
2016/03/29 18:27:11,c9cd142ca6175ed6616aabebfb3d00210d382b88,11c5f5dd884efc71e358b8ec316983e33db7f9d1,持卡人消费,土木楼水控,-1.72,83.85,6518,正常
2016/03/30 11:50:22,c9cd142ca6175ed6616aabebfb3d00210d382b88,11c5f5dd884efc71e358b8ec316983e33db7f9d1,持卡人消费,土木楼网关,-4.4,79.45,6519,正常
2016/03/30 11:51:11,c9cd142ca6175ed6616aabebfb3d00210d382b88,11c5f5dd884efc71e358b8ec316983e33db7f9d1,持卡人消费,土木楼网关,-6.1,73.35,6520,正常
2016/03/30 18:25:59,c9cd142ca6175ed6616aabebfb3d00210d382b88,11c5f5dd884efc71e358b8ec316983e33db7f9d1,持卡人消费,学子超市A05,-1.5,71.85,6521,正常
2016/03/31 18:14:16,c9cd142ca6175ed6616aabebfb3d00210d382b88,11c5f5dd884efc71e358b8ec316983e33db7f9d1,持卡人消费,超市商务子系统,-23.0,48.85,6522,正常
2016/03/31 18:14:22,c9cd142ca6175ed6616aabebfb3d00210d382b88,11c5f5dd884efc71e358b8ec316983e33db7f9d1,持卡人消费,超市商务子系统,-0.1,48.75,6523,正常
2016/03/31 18:16:47,c9cd142ca6175ed6616aabebfb3d00210d382b88,11c5f5dd884efc71e358b8ec316983e33db7f9d1,持卡人消费,超市商务子系统,-2.6,46.15,6524,正常
2016/03/31 18:19:19,c9cd142ca6175ed6616aabebfb3d00210d382b88,11c5f5dd884efc71e358b8ec316983e33db7f9d1,持卡人消费,硕果园（工大商店）,-5.0,41.15,6525,正常
2016/03/31 20:31:16,c9cd142ca6175ed6616aabebfb3d00210d382b88,11c5f5dd884efc71e358b8ec316983e33db7f9d1,持卡人消费,土木楼水控,-3.0,38.15,6526,正常
2016/03/31 20:16:57,c9cd142ca6175ed6616aabebfb3d00210d382b88,11c5f5dd884efc71e358b8ec316983e33db7f9d1,持卡人消费,土木楼水控,-0.03,38.12,6528,正常
2016/03/31 20:17:17,c9cd142ca6175ed6616aabebfb3d00210d382b88,11c5f5dd884efc71e358b8ec316983e33db7f9d1,持卡人消费,土木楼水控,-0.03,38.09,6530,正常
2016/03/31 20:17:28,c9cd142ca6175ed6616aabebfb3d00210d382b88,11c5f5dd884efc71e358b8ec316983e33db7f9d1,持卡人消费,土木楼水控,-0.02,38.07,6532,正常
2016/03/31 20:17:57,c9cd142ca6175ed6616aabebfb3d00210d382b88,11c5f5dd884efc71e358b8ec316983e33db7f9d1,持卡人消费,土木楼水控,-0.07,38.00,6534,正常
2016/03/31 20:18:51,c9cd142ca6175ed6616aabebfb3d00210d382b88,11c5f5dd884efc71e358b8ec316983e33db7f9d1,持卡人消费,土木楼水控,-0.07,34.93,6537,正常
2016/03/31 20:26:36,c9cd142ca6175ed6616aabebfb3d00210d382b88,11c5f5dd884efc71e358b8ec316983e33db7f9d1,持卡人消费,土木楼水控,-1.73,36.20,6538,正常
2016/03/31 20:35:59,c9cd142ca6175ed6616aabebfb3d00210d382b88,11c5f5dd884efc71e358b8ec316983e33db7f9d1,持卡人消费,土木楼水控,-1.51,34.69,6540,正常
