交易发生时间,学号,姓名,交易类型,子系统名称,交易额,现有余额,次数,状态
2016/03/01 11:33:07,b06d4b8f2b527d481a7d65f1cb5c08a6ff5f814f,121deb2a4f4c038175c6c82f39bf030343ec4ef1,持卡人消费,九食堂商务网关,-10.0,67.31,3363,正常
2016/03/01 17:35:04,b06d4b8f2b527d481a7d65f1cb5c08a6ff5f814f,121deb2a4f4c038175c6c82f39bf030343ec4ef1,持卡人消费,九食堂商务网关,-3.1,64.21,3364,正常
2016/03/02 11:52:32,b06d4b8f2b527d481a7d65f1cb5c08a6ff5f814f,121deb2a4f4c038175c6c82f39bf030343ec4ef1,持卡人消费,五食堂商务网关,-8.0,56.21,3365,正常
2016/03/02 17:28:25,b06d4b8f2b527d481a7d65f1cb5c08a6ff5f814f,121deb2a4f4c038175c6c82f39bf030343ec4ef1,持卡人消费,九食堂商务网关,-10.0,46.21,3366,正常
2016/03/03 09:00:57,b06d4b8f2b527d481a7d65f1cb5c08a6ff5f814f,121deb2a4f4c038175c6c82f39bf030343ec4ef1,持卡人消费,学子便利店B07,-3.9,42.31,3367,正常
2016/03/03 17:28:01,b06d4b8f2b527d481a7d65f1cb5c08a6ff5f814f,121deb2a4f4c038175c6c82f39bf030343ec4ef1,持卡人消费,九食堂商务网关,-9.0,33.31,3368,正常
2016/03/04 11:25:39,b06d4b8f2b527d481a7d65f1cb5c08a6ff5f814f,121deb2a4f4c038175c6c82f39bf030343ec4ef1,持卡人消费,九食堂商务网关,-10.0,23.31,3369,正常
2016/03/04 15:34:05,b06d4b8f2b527d481a7d65f1cb5c08a6ff5f814f,121deb2a4f4c038175c6c82f39bf030343ec4ef1,持卡人消费,学子便利店B07,-4.8,18.51,3370,正常
2016/03/04 17:26:02,b06d4b8f2b527d481a7d65f1cb5c08a6ff5f814f,121deb2a4f4c038175c6c82f39bf030343ec4ef1,持卡人消费,九食堂商务网关,-5.5,13.01,3371,正常
2016/03/05 21:21:07,b06d4b8f2b527d481a7d65f1cb5c08a6ff5f814f,121deb2a4f4c038175c6c82f39bf030343ec4ef1,持卡人消费,学子便利店B07,-6.0,7.01,3372,正常
2016/03/07 11:42:53,b06d4b8f2b527d481a7d65f1cb5c08a6ff5f814f,121deb2a4f4c038175c6c82f39bf030343ec4ef1,持卡人消费,学子便利店B07,-1.0,6.01,3373,正常
2016/03/07 16:54:07,b06d4b8f2b527d481a7d65f1cb5c08a6ff5f814f,121deb2a4f4c038175c6c82f39bf030343ec4ef1,存款,现金充值机,100.0,106.01,3374,正常
2016/03/07 16:54:20,b06d4b8f2b527d481a7d65f1cb5c08a6ff5f814f,121deb2a4f4c038175c6c82f39bf030343ec4ef1,持卡人消费,五食堂商务网关,-7.0,99.01,3375,正常
2016/03/07 16:55:29,b06d4b8f2b527d481a7d65f1cb5c08a6ff5f814f,121deb2a4f4c038175c6c82f39bf030343ec4ef1,持卡人消费,五食堂商务网关,-1.0,98.01,3376,正常
2016/03/07 20:59:39,b06d4b8f2b527d481a7d65f1cb5c08a6ff5f814f,121deb2a4f4c038175c6c82f39bf030343ec4ef1,持卡人消费,学子便利店B07,-2.0,96.01,3377,正常
2016/03/08 22:12:51,b06d4b8f2b527d481a7d65f1cb5c08a6ff5f814f,121deb2a4f4c038175c6c82f39bf030343ec4ef1,持卡人消费,学子便利店B07,-9.4,86.61,3378,正常
2016/03/09 12:50:45,b06d4b8f2b527d481a7d65f1cb5c08a6ff5f814f,121deb2a4f4c038175c6c82f39bf030343ec4ef1,持卡人消费,四食堂商务网关,-13.2,73.41,3379,正常
2016/03/09 12:52:51,b06d4b8f2b527d481a7d65f1cb5c08a6ff5f814f,121deb2a4f4c038175c6c82f39bf030343ec4ef1,持卡人消费,四食堂商务网关,-9.0,64.41,3380,正常
2016/03/09 13:10:12,b06d4b8f2b527d481a7d65f1cb5c08a6ff5f814f,121deb2a4f4c038175c6c82f39bf030343ec4ef1,持卡人消费,四食堂商务网关,-0.5,63.91,3381,正常
2016/03/10 08:52:47,b06d4b8f2b527d481a7d65f1cb5c08a6ff5f814f,121deb2a4f4c038175c6c82f39bf030343ec4ef1,持卡人消费,学子便利店B07,-3.0,60.91,3382,正常
2016/03/10 11:19:06,b06d4b8f2b527d481a7d65f1cb5c08a6ff5f814f,121deb2a4f4c038175c6c82f39bf030343ec4ef1,持卡人消费,学子便利店B07,-13.9,47.01,3383,正常
2016/03/11 09:59:52,b06d4b8f2b527d481a7d65f1cb5c08a6ff5f814f,121deb2a4f4c038175c6c82f39bf030343ec4ef1,持卡人消费,学子便利店B07,-3.0,44.01,3384,正常
2016/03/12 09:27:02,b06d4b8f2b527d481a7d65f1cb5c08a6ff5f814f,121deb2a4f4c038175c6c82f39bf030343ec4ef1,持卡人消费,学子便利店B07,-3.0,41.01,3385,正常
2016/03/12 15:08:33,b06d4b8f2b527d481a7d65f1cb5c08a6ff5f814f,121deb2a4f4c038175c6c82f39bf030343ec4ef1,持卡人消费,学子便利店B07,-4.5,36.51,3386,正常
2016/03/14 09:43:14,b06d4b8f2b527d481a7d65f1cb5c08a6ff5f814f,121deb2a4f4c038175c6c82f39bf030343ec4ef1,持卡人消费,学子便利店B07,-3.0,29.33,3392,正常
2016/03/15 21:16:57,b06d4b8f2b527d481a7d65f1cb5c08a6ff5f814f,121deb2a4f4c038175c6c82f39bf030343ec4ef1,持卡人消费,学子便利店B07,-13.9,15.43,3393,正常
2016/03/16 17:10:26,b06d4b8f2b527d481a7d65f1cb5c08a6ff5f814f,121deb2a4f4c038175c6c82f39bf030343ec4ef1,存款,2区卡中心综合业务,100.0,115.43,3394,正常
2016/03/16 17:12:22,b06d4b8f2b527d481a7d65f1cb5c08a6ff5f814f,121deb2a4f4c038175c6c82f39bf030343ec4ef1,持卡人消费,九食堂商务网关,-7.0,108.43,3395,正常
2016/03/16 17:12:55,b06d4b8f2b527d481a7d65f1cb5c08a6ff5f814f,121deb2a4f4c038175c6c82f39bf030343ec4ef1,持卡人消费,九食堂商务网关,-1.4,107.03,3396,正常
2016/03/16 17:37:41,b06d4b8f2b527d481a7d65f1cb5c08a6ff5f814f,121deb2a4f4c038175c6c82f39bf030343ec4ef1,持卡人消费,学子便利店B07,-2.5,104.53,3397,正常
2016/03/17 11:13:40,b06d4b8f2b527d481a7d65f1cb5c08a6ff5f814f,121deb2a4f4c038175c6c82f39bf030343ec4ef1,持卡人消费,九食堂商务网关,-7.0,97.53,3398,正常
2016/03/17 11:14:07,b06d4b8f2b527d481a7d65f1cb5c08a6ff5f814f,121deb2a4f4c038175c6c82f39bf030343ec4ef1,持卡人消费,九食堂商务网关,-1.4,96.13,3399,正常
2016/03/17 17:23:38,b06d4b8f2b527d481a7d65f1cb5c08a6ff5f814f,121deb2a4f4c038175c6c82f39bf030343ec4ef1,持卡人消费,九食堂商务网关,-5.5,90.63,3400,正常
2016/03/18 10:09:15,b06d4b8f2b527d481a7d65f1cb5c08a6ff5f814f,121deb2a4f4c038175c6c82f39bf030343ec4ef1,持卡人消费,B7,-3.0,87.63,3401,正常
2016/03/18 11:15:36,b06d4b8f2b527d481a7d65f1cb5c08a6ff5f814f,121deb2a4f4c038175c6c82f39bf030343ec4ef1,持卡人消费,九食堂商务网关,-9.0,78.63,3402,正常
2016/03/18 11:16:17,b06d4b8f2b527d481a7d65f1cb5c08a6ff5f814f,121deb2a4f4c038175c6c82f39bf030343ec4ef1,持卡人消费,九食堂商务网关,-1.6,77.03,3403,正常
2016/03/18 15:42:32,b06d4b8f2b527d481a7d65f1cb5c08a6ff5f814f,121deb2a4f4c038175c6c82f39bf030343ec4ef1,持卡人消费,二区水控,-1.84,75.19,3404,正常
2016/03/19 09:42:12,b06d4b8f2b527d481a7d65f1cb5c08a6ff5f814f,121deb2a4f4c038175c6c82f39bf030343ec4ef1,持卡人消费,学子便利店B07,-2.5,72.69,3405,正常
2016/03/19 14:08:01,b06d4b8f2b527d481a7d65f1cb5c08a6ff5f814f,121deb2a4f4c038175c6c82f39bf030343ec4ef1,持卡人消费,学子便利店B07,-11.7,60.99,3406,正常
2016/03/20 17:24:53,b06d4b8f2b527d481a7d65f1cb5c08a6ff5f814f,121deb2a4f4c038175c6c82f39bf030343ec4ef1,持卡人消费,九食堂商务网关,-9.0,51.99,3407,正常
2016/03/21 09:57:54,b06d4b8f2b527d481a7d65f1cb5c08a6ff5f814f,121deb2a4f4c038175c6c82f39bf030343ec4ef1,持卡人消费,学子便利店B07,-7.9,44.09,3408,正常
2016/03/21 11:27:01,b06d4b8f2b527d481a7d65f1cb5c08a6ff5f814f,121deb2a4f4c038175c6c82f39bf030343ec4ef1,持卡人消费,九食堂商务网关,-9.0,35.09,3409,正常
2016/03/21 17:23:16,b06d4b8f2b527d481a7d65f1cb5c08a6ff5f814f,121deb2a4f4c038175c6c82f39bf030343ec4ef1,持卡人消费,九食堂商务网关,-8.5,26.59,3410,正常
2016/03/21 17:26:16,b06d4b8f2b527d481a7d65f1cb5c08a6ff5f814f,121deb2a4f4c038175c6c82f39bf030343ec4ef1,持卡人消费,九食堂商务网关,-7.0,19.59,3411,正常
2016/03/22 11:22:01,b06d4b8f2b527d481a7d65f1cb5c08a6ff5f814f,121deb2a4f4c038175c6c82f39bf030343ec4ef1,持卡人消费,九食堂商务网关,-8.0,11.59,3412,正常
2016/03/22 17:29:46,b06d4b8f2b527d481a7d65f1cb5c08a6ff5f814f,121deb2a4f4c038175c6c82f39bf030343ec4ef1,持卡人消费,九食堂商务网关,-10.0,1.59,3413,正常
2016/03/22 17:45:08,b06d4b8f2b527d481a7d65f1cb5c08a6ff5f814f,121deb2a4f4c038175c6c82f39bf030343ec4ef1,存款,2区卡中心综合业务,100.0,101.59,3414,正常
2016/03/23 07:47:33,b06d4b8f2b527d481a7d65f1cb5c08a6ff5f814f,121deb2a4f4c038175c6c82f39bf030343ec4ef1,持卡人消费,学子便利店B07,-2.5,99.09,3415,正常
2016/03/23 11:02:27,b06d4b8f2b527d481a7d65f1cb5c08a6ff5f814f,121deb2a4f4c038175c6c82f39bf030343ec4ef1,持卡人消费,九食堂商务网关,-7.0,92.09,3416,正常
2016/03/23 11:04:36,b06d4b8f2b527d481a7d65f1cb5c08a6ff5f814f,121deb2a4f4c038175c6c82f39bf030343ec4ef1,持卡人消费,九食堂商务网关,-12.0,80.09,3417,正常
2016/03/23 17:05:19,b06d4b8f2b527d481a7d65f1cb5c08a6ff5f814f,121deb2a4f4c038175c6c82f39bf030343ec4ef1,持卡人消费,九食堂商务网关,-6.0,74.09,3418,正常
2016/03/23 17:06:54,b06d4b8f2b527d481a7d65f1cb5c08a6ff5f814f,121deb2a4f4c038175c6c82f39bf030343ec4ef1,持卡人消费,九食堂商务网关,-10.0,64.09,3419,正常
2016/03/23 17:25:42,b06d4b8f2b527d481a7d65f1cb5c08a6ff5f814f,121deb2a4f4c038175c6c82f39bf030343ec4ef1,持卡人消费,九食堂商务网关,-3.0,61.09,3420,正常
2016/03/25 09:00:31,b06d4b8f2b527d481a7d65f1cb5c08a6ff5f814f,121deb2a4f4c038175c6c82f39bf030343ec4ef1,持卡人消费,学子便利店B07,-19.9,41.19,3421,正常
2016/03/25 11:05:34,b06d4b8f2b527d481a7d65f1cb5c08a6ff5f814f,121deb2a4f4c038175c6c82f39bf030343ec4ef1,持卡人消费,九食堂商务网关,-7.0,34.19,3422,正常
2016/03/25 11:06:51,b06d4b8f2b527d481a7d65f1cb5c08a6ff5f814f,121deb2a4f4c038175c6c82f39bf030343ec4ef1,持卡人消费,九食堂商务网关,-1.4,32.79,3423,正常
2016/03/25 17:29:44,b06d4b8f2b527d481a7d65f1cb5c08a6ff5f814f,121deb2a4f4c038175c6c82f39bf030343ec4ef1,持卡人消费,九食堂商务网关,-6.0,26.79,3424,正常
2016/03/25 17:30:48,b06d4b8f2b527d481a7d65f1cb5c08a6ff5f814f,121deb2a4f4c038175c6c82f39bf030343ec4ef1,持卡人消费,九食堂商务网关,-5.5,21.29,3425,正常
2016/03/26 08:13:25,b06d4b8f2b527d481a7d65f1cb5c08a6ff5f814f,121deb2a4f4c038175c6c82f39bf030343ec4ef1,持卡人消费,学子便利店B07,-2.5,18.79,3426,正常
2016/03/26 17:00:24,b06d4b8f2b527d481a7d65f1cb5c08a6ff5f814f,121deb2a4f4c038175c6c82f39bf030343ec4ef1,持卡人消费,九食堂商务网关,-8.5,10.29,3427,正常
2016/03/26 17:03:29,b06d4b8f2b527d481a7d65f1cb5c08a6ff5f814f,121deb2a4f4c038175c6c82f39bf030343ec4ef1,持卡人消费,九食堂商务网关,-6.0,4.29,3428,正常
2016/03/27 09:11:05,b06d4b8f2b527d481a7d65f1cb5c08a6ff5f814f,121deb2a4f4c038175c6c82f39bf030343ec4ef1,存款,2区卡中心综合业务,200.0,204.29,3429,正常
2016/03/27 09:17:26,b06d4b8f2b527d481a7d65f1cb5c08a6ff5f814f,121deb2a4f4c038175c6c82f39bf030343ec4ef1,持卡人消费,网络中心,-30.0,174.29,3430,正常
2016/03/27 12:53:34,b06d4b8f2b527d481a7d65f1cb5c08a6ff5f814f,121deb2a4f4c038175c6c82f39bf030343ec4ef1,持卡人消费,学子便利店B07,-10.0,164.29,3431,正常
2016/03/27 17:41:36,b06d4b8f2b527d481a7d65f1cb5c08a6ff5f814f,121deb2a4f4c038175c6c82f39bf030343ec4ef1,持卡人消费,九食堂商务网关,-15.0,149.29,3432,正常
2016/03/27 17:56:08,b06d4b8f2b527d481a7d65f1cb5c08a6ff5f814f,121deb2a4f4c038175c6c82f39bf030343ec4ef1,持卡人消费,九食堂商务网关,-3.2,146.09,3433,正常
2016/03/28 08:36:57,b06d4b8f2b527d481a7d65f1cb5c08a6ff5f814f,121deb2a4f4c038175c6c82f39bf030343ec4ef1,持卡人消费,学子便利店B07,-4.5,141.59,3434,正常
2016/03/28 20:58:39,b06d4b8f2b527d481a7d65f1cb5c08a6ff5f814f,121deb2a4f4c038175c6c82f39bf030343ec4ef1,持卡人消费,学子便利店B07,-16.9,124.69,3435,正常
2016/03/29 11:32:30,b06d4b8f2b527d481a7d65f1cb5c08a6ff5f814f,121deb2a4f4c038175c6c82f39bf030343ec4ef1,持卡人消费,九食堂商务网关,-7.0,117.69,3436,正常
2016/03/29 11:33:21,b06d4b8f2b527d481a7d65f1cb5c08a6ff5f814f,121deb2a4f4c038175c6c82f39bf030343ec4ef1,持卡人消费,九食堂商务网关,-1.8,115.89,3437,正常
2016/03/29 17:37:42,b06d4b8f2b527d481a7d65f1cb5c08a6ff5f814f,121deb2a4f4c038175c6c82f39bf030343ec4ef1,持卡人消费,九食堂商务网关,-9.0,106.89,3438,正常
2016/03/29 17:52:32,b06d4b8f2b527d481a7d65f1cb5c08a6ff5f814f,121deb2a4f4c038175c6c82f39bf030343ec4ef1,持卡人消费,九食堂商务网关,-2.9,103.99,3439,正常
2016/03/31 15:38:04,b06d4b8f2b527d481a7d65f1cb5c08a6ff5f814f,121deb2a4f4c038175c6c82f39bf030343ec4ef1,持卡人消费,学子便利店B07,-7.9,96.09,3440,正常
