交易发生时间,学号,姓名,交易类型,子系统名称,交易额,现有余额,次数,状态
2016/03/01 11:17:02,a6006ad72c3d8962fbebaa3d9200ee4785872d26,1229041e003aedc12a4e929dc7f753a0857b2ce6,持卡人消费,南苑网关,-10.08,48.37,3093,正常
2016/03/01 20:05:13,a6006ad72c3d8962fbebaa3d9200ee4785872d26,1229041e003aedc12a4e929dc7f753a0857b2ce6,持卡人消费,15公寓浴池,-2.0,46.37,3094,正常
2016/03/01 20:13:52,a6006ad72c3d8962fbebaa3d9200ee4785872d26,1229041e003aedc12a4e929dc7f753a0857b2ce6,持卡人消费,15公寓浴池,-1.5,44.87,3096,正常
2016/03/01 20:26:09,a6006ad72c3d8962fbebaa3d9200ee4785872d26,1229041e003aedc12a4e929dc7f753a0857b2ce6,持卡人消费,学子便利店A01后楼,-5.9,38.97,3097,正常
2016/03/01 21:26:25,a6006ad72c3d8962fbebaa3d9200ee4785872d26,1229041e003aedc12a4e929dc7f753a0857b2ce6,持卡人消费,学子便利店A01后楼,-5.5,33.47,3098,正常
2016/03/02 08:25:03,a6006ad72c3d8962fbebaa3d9200ee4785872d26,1229041e003aedc12a4e929dc7f753a0857b2ce6,持卡人消费,学子便利店A01后楼,-3.8,29.67,3099,正常
2016/03/03 11:13:51,a6006ad72c3d8962fbebaa3d9200ee4785872d26,1229041e003aedc12a4e929dc7f753a0857b2ce6,持卡人消费,南苑网关,-7.1,22.57,3100,正常
2016/03/03 16:54:35,a6006ad72c3d8962fbebaa3d9200ee4785872d26,1229041e003aedc12a4e929dc7f753a0857b2ce6,存款,现金充值机,100.0,122.57,3101,正常
2016/03/03 17:09:27,a6006ad72c3d8962fbebaa3d9200ee4785872d26,1229041e003aedc12a4e929dc7f753a0857b2ce6,持卡人消费,南苑网关,-5.0,117.57,3102,正常
2016/03/03 17:11:12,a6006ad72c3d8962fbebaa3d9200ee4785872d26,1229041e003aedc12a4e929dc7f753a0857b2ce6,持卡人消费,南苑网关,-0.4,117.17,3103,正常
2016/03/03 17:12:28,a6006ad72c3d8962fbebaa3d9200ee4785872d26,1229041e003aedc12a4e929dc7f753a0857b2ce6,持卡人消费,南苑网关,-2.0,115.17,3104,正常
2016/03/05 08:12:21,a6006ad72c3d8962fbebaa3d9200ee4785872d26,1229041e003aedc12a4e929dc7f753a0857b2ce6,持卡人消费,学子便利店A01后楼,-3.8,111.37,3105,正常
2016/03/05 11:11:21,a6006ad72c3d8962fbebaa3d9200ee4785872d26,1229041e003aedc12a4e929dc7f753a0857b2ce6,持卡人消费,南苑网关,-8.0,103.37,3106,正常
2016/03/05 11:12:08,a6006ad72c3d8962fbebaa3d9200ee4785872d26,1229041e003aedc12a4e929dc7f753a0857b2ce6,持卡人消费,南苑网关,-2.5,100.87,3107,正常
2016/03/05 11:13:15,a6006ad72c3d8962fbebaa3d9200ee4785872d26,1229041e003aedc12a4e929dc7f753a0857b2ce6,持卡人消费,南苑网关,-0.4,100.47,3108,正常
2016/03/05 17:12:17,a6006ad72c3d8962fbebaa3d9200ee4785872d26,1229041e003aedc12a4e929dc7f753a0857b2ce6,持卡人消费,南苑网关,-6.0,94.47,3109,正常
2016/03/05 17:13:33,a6006ad72c3d8962fbebaa3d9200ee4785872d26,1229041e003aedc12a4e929dc7f753a0857b2ce6,持卡人消费,南苑网关,-2.0,92.47,3110,正常
2016/03/06 13:29:40,a6006ad72c3d8962fbebaa3d9200ee4785872d26,1229041e003aedc12a4e929dc7f753a0857b2ce6,持卡人消费,A1,-3.0,89.47,3111,正常
2016/03/06 20:33:24,a6006ad72c3d8962fbebaa3d9200ee4785872d26,1229041e003aedc12a4e929dc7f753a0857b2ce6,持卡人消费,学子便利店A01后楼,-4.7,84.77,3112,正常
2016/03/07 11:12:47,a6006ad72c3d8962fbebaa3d9200ee4785872d26,1229041e003aedc12a4e929dc7f753a0857b2ce6,持卡人消费,南苑网关,-9.12,75.65,3113,正常
2016/03/07 17:09:05,a6006ad72c3d8962fbebaa3d9200ee4785872d26,1229041e003aedc12a4e929dc7f753a0857b2ce6,持卡人消费,南苑网关,-6.0,69.65,3114,正常
2016/03/07 17:12:28,a6006ad72c3d8962fbebaa3d9200ee4785872d26,1229041e003aedc12a4e929dc7f753a0857b2ce6,持卡人消费,南苑网关,-8.0,61.65,3115,正常
2016/03/08 11:15:19,a6006ad72c3d8962fbebaa3d9200ee4785872d26,1229041e003aedc12a4e929dc7f753a0857b2ce6,持卡人消费,南苑网关,-12.24,49.41,3116,正常
2016/03/08 17:10:37,a6006ad72c3d8962fbebaa3d9200ee4785872d26,1229041e003aedc12a4e929dc7f753a0857b2ce6,持卡人消费,南苑网关,-7.0,42.41,3117,正常
2016/03/08 17:17:35,a6006ad72c3d8962fbebaa3d9200ee4785872d26,1229041e003aedc12a4e929dc7f753a0857b2ce6,持卡人消费,南苑网关,-1.5,40.91,3118,正常
2016/03/08 17:18:34,a6006ad72c3d8962fbebaa3d9200ee4785872d26,1229041e003aedc12a4e929dc7f753a0857b2ce6,持卡人消费,南苑网关,-2.0,38.91,3119,正常
2016/03/09 11:14:27,a6006ad72c3d8962fbebaa3d9200ee4785872d26,1229041e003aedc12a4e929dc7f753a0857b2ce6,持卡人消费,南苑网关,-12.24,26.67,3120,正常
2016/03/09 13:47:59,a6006ad72c3d8962fbebaa3d9200ee4785872d26,1229041e003aedc12a4e929dc7f753a0857b2ce6,持卡人消费,学子便利店A01后楼,-1.0,25.67,3121,正常
2016/03/09 13:48:01,a6006ad72c3d8962fbebaa3d9200ee4785872d26,1229041e003aedc12a4e929dc7f753a0857b2ce6,持卡人消费,学子便利店A01后楼,-0.9,24.77,3122,正常
2016/03/09 17:13:43,a6006ad72c3d8962fbebaa3d9200ee4785872d26,1229041e003aedc12a4e929dc7f753a0857b2ce6,持卡人消费,南苑网关,-5.9,18.87,3123,正常
2016/03/10 09:35:16,a6006ad72c3d8962fbebaa3d9200ee4785872d26,1229041e003aedc12a4e929dc7f753a0857b2ce6,持卡人消费,学子便利店A01后楼,-0.8,18.07,3124,正常
2016/03/10 09:35:28,a6006ad72c3d8962fbebaa3d9200ee4785872d26,1229041e003aedc12a4e929dc7f753a0857b2ce6,持卡人消费,学子便利店A01后楼,-1.0,17.07,3125,正常
2016/03/10 11:49:50,a6006ad72c3d8962fbebaa3d9200ee4785872d26,1229041e003aedc12a4e929dc7f753a0857b2ce6,持卡人消费,学苑楼商务网关,-8.0,9.07,3126,正常
2016/03/10 16:56:01,a6006ad72c3d8962fbebaa3d9200ee4785872d26,1229041e003aedc12a4e929dc7f753a0857b2ce6,存款,现金充值机,50.0,59.07,3127,正常
2016/03/10 17:10:41,a6006ad72c3d8962fbebaa3d9200ee4785872d26,1229041e003aedc12a4e929dc7f753a0857b2ce6,持卡人消费,南苑网关,-7.0,52.07,3128,正常
2016/03/10 17:16:44,a6006ad72c3d8962fbebaa3d9200ee4785872d26,1229041e003aedc12a4e929dc7f753a0857b2ce6,持卡人消费,南苑网关,-2.0,50.07,3129,正常
2016/03/11 14:27:24,a6006ad72c3d8962fbebaa3d9200ee4785872d26,1229041e003aedc12a4e929dc7f753a0857b2ce6,持卡人消费,学子便利店A01后楼,-1.9,48.17,3130,正常
2016/03/11 21:24:59,a6006ad72c3d8962fbebaa3d9200ee4785872d26,1229041e003aedc12a4e929dc7f753a0857b2ce6,持卡人消费,学子便利店A01后楼,-4.5,43.67,3131,正常
2016/03/12 11:10:28,a6006ad72c3d8962fbebaa3d9200ee4785872d26,1229041e003aedc12a4e929dc7f753a0857b2ce6,持卡人消费,南苑网关,-4.0,39.67,3132,正常
2016/03/12 11:11:11,a6006ad72c3d8962fbebaa3d9200ee4785872d26,1229041e003aedc12a4e929dc7f753a0857b2ce6,持卡人消费,南苑网关,-0.6,39.07,3133,正常
2016/03/14 12:15:53,a6006ad72c3d8962fbebaa3d9200ee4785872d26,1229041e003aedc12a4e929dc7f753a0857b2ce6,持卡人消费,15公寓浴池,-0.03,39.04,3135,正常
2016/03/14 12:26:28,a6006ad72c3d8962fbebaa3d9200ee4785872d26,1229041e003aedc12a4e929dc7f753a0857b2ce6,持卡人消费,15公寓浴池,-2.0,37.04,3136,正常
2016/03/14 12:37:31,a6006ad72c3d8962fbebaa3d9200ee4785872d26,1229041e003aedc12a4e929dc7f753a0857b2ce6,持卡人消费,15公寓浴池,-2.0,35.04,3137,正常
2016/03/14 12:40:34,a6006ad72c3d8962fbebaa3d9200ee4785872d26,1229041e003aedc12a4e929dc7f753a0857b2ce6,持卡人消费,15公寓浴池,-0.45,34.59,3139,正常
2016/03/14 14:28:58,a6006ad72c3d8962fbebaa3d9200ee4785872d26,1229041e003aedc12a4e929dc7f753a0857b2ce6,持卡人消费,学子便利店A01后楼,-1.9,32.69,3140,正常
2016/03/14 17:14:01,a6006ad72c3d8962fbebaa3d9200ee4785872d26,1229041e003aedc12a4e929dc7f753a0857b2ce6,持卡人消费,南苑网关,-7.0,25.69,3141,正常
2016/03/14 17:15:00,a6006ad72c3d8962fbebaa3d9200ee4785872d26,1229041e003aedc12a4e929dc7f753a0857b2ce6,持卡人消费,南苑网关,-0.4,25.29,3142,正常
2016/03/15 11:20:32,a6006ad72c3d8962fbebaa3d9200ee4785872d26,1229041e003aedc12a4e929dc7f753a0857b2ce6,存款,学苑楼综合业务,100.0,125.29,3143,正常
2016/03/15 11:29:15,a6006ad72c3d8962fbebaa3d9200ee4785872d26,1229041e003aedc12a4e929dc7f753a0857b2ce6,持卡人消费,南苑网关,-10.32,114.97,3144,正常
2016/03/15 14:51:41,a6006ad72c3d8962fbebaa3d9200ee4785872d26,1229041e003aedc12a4e929dc7f753a0857b2ce6,持卡人消费,学子便利店A01后楼,-1.5,113.47,3145,正常
2016/03/15 18:44:48,a6006ad72c3d8962fbebaa3d9200ee4785872d26,1229041e003aedc12a4e929dc7f753a0857b2ce6,持卡人消费,学子便利店A01后楼,-1.5,111.97,3146,正常
2016/03/17 11:51:15,a6006ad72c3d8962fbebaa3d9200ee4785872d26,1229041e003aedc12a4e929dc7f753a0857b2ce6,持卡人消费,学子便利店A01后楼,-1.9,110.07,3147,正常
2016/03/18 17:15:34,a6006ad72c3d8962fbebaa3d9200ee4785872d26,1229041e003aedc12a4e929dc7f753a0857b2ce6,持卡人消费,南苑网关,-4.0,106.07,3148,正常
2016/03/18 17:16:49,a6006ad72c3d8962fbebaa3d9200ee4785872d26,1229041e003aedc12a4e929dc7f753a0857b2ce6,持卡人消费,南苑网关,-0.4,109.67,3148,正常
2016/03/18 17:19:45,a6006ad72c3d8962fbebaa3d9200ee4785872d26,1229041e003aedc12a4e929dc7f753a0857b2ce6,持卡人消费,南苑网关,-2.0,107.67,3149,正常
2016/03/19 11:12:13,a6006ad72c3d8962fbebaa3d9200ee4785872d26,1229041e003aedc12a4e929dc7f753a0857b2ce6,持卡人消费,南苑网关,-2.5,105.17,3150,正常
2016/03/19 11:12:16,a6006ad72c3d8962fbebaa3d9200ee4785872d26,1229041e003aedc12a4e929dc7f753a0857b2ce6,持卡人消费,南苑网关,-2.5,102.67,3151,正常
2016/03/19 11:13:18,a6006ad72c3d8962fbebaa3d9200ee4785872d26,1229041e003aedc12a4e929dc7f753a0857b2ce6,持卡人消费,南苑网关,-0.5,102.17,3152,正常
2016/03/19 11:44:36,a6006ad72c3d8962fbebaa3d9200ee4785872d26,1229041e003aedc12a4e929dc7f753a0857b2ce6,持卡人消费,学子便利店A01后楼,-1.8,100.37,3153,正常
2016/03/19 17:20:34,a6006ad72c3d8962fbebaa3d9200ee4785872d26,1229041e003aedc12a4e929dc7f753a0857b2ce6,持卡人消费,南苑网关,-6.0,94.37,3154,正常
2016/03/19 17:22:37,a6006ad72c3d8962fbebaa3d9200ee4785872d26,1229041e003aedc12a4e929dc7f753a0857b2ce6,持卡人消费,南苑网关,-1.5,92.87,3155,正常
2016/03/21 11:12:13,a6006ad72c3d8962fbebaa3d9200ee4785872d26,1229041e003aedc12a4e929dc7f753a0857b2ce6,持卡人消费,南苑网关,-10.08,82.79,3156,正常
2016/03/21 17:14:47,a6006ad72c3d8962fbebaa3d9200ee4785872d26,1229041e003aedc12a4e929dc7f753a0857b2ce6,持卡人消费,南苑网关,-8.0,74.79,3157,正常
2016/03/21 17:16:00,a6006ad72c3d8962fbebaa3d9200ee4785872d26,1229041e003aedc12a4e929dc7f753a0857b2ce6,持卡人消费,南苑网关,-1.0,73.79,3158,正常
2016/03/21 17:20:26,a6006ad72c3d8962fbebaa3d9200ee4785872d26,1229041e003aedc12a4e929dc7f753a0857b2ce6,持卡人消费,南苑网关,-2.0,71.79,3159,正常
2016/03/22 22:11:52,a6006ad72c3d8962fbebaa3d9200ee4785872d26,1229041e003aedc12a4e929dc7f753a0857b2ce6,持卡人消费,学子便利店A01后楼,-5.5,66.29,3160,正常
2016/03/23 11:13:33,a6006ad72c3d8962fbebaa3d9200ee4785872d26,1229041e003aedc12a4e929dc7f753a0857b2ce6,持卡人消费,南苑网关,-10.08,52.21,3162,正常
2016/03/23 17:32:47,a6006ad72c3d8962fbebaa3d9200ee4785872d26,1229041e003aedc12a4e929dc7f753a0857b2ce6,持卡人消费,硕果园（工大商店）,-12.0,40.21,3163,正常
2016/03/24 11:45:31,a6006ad72c3d8962fbebaa3d9200ee4785872d26,1229041e003aedc12a4e929dc7f753a0857b2ce6,持卡人消费,硕果园（工大商店）,-5.0,35.21,3164,正常
2016/03/24 11:53:27,a6006ad72c3d8962fbebaa3d9200ee4785872d26,1229041e003aedc12a4e929dc7f753a0857b2ce6,持卡人消费,硕果园（工大商店）,-7.4,27.81,3165,正常
2016/03/24 11:53:34,a6006ad72c3d8962fbebaa3d9200ee4785872d26,1229041e003aedc12a4e929dc7f753a0857b2ce6,持卡人消费,硕果园（工大商店）,-7.4,20.41,3166,正常
2016/03/24 17:21:18,a6006ad72c3d8962fbebaa3d9200ee4785872d26,1229041e003aedc12a4e929dc7f753a0857b2ce6,持卡人消费,南苑网关,-3.0,17.41,3167,正常
2016/03/24 17:22:13,a6006ad72c3d8962fbebaa3d9200ee4785872d26,1229041e003aedc12a4e929dc7f753a0857b2ce6,持卡人消费,南苑网关,-2.5,14.91,3168,正常
2016/03/24 17:22:35,a6006ad72c3d8962fbebaa3d9200ee4785872d26,1229041e003aedc12a4e929dc7f753a0857b2ce6,持卡人消费,南苑网关,-0.5,14.41,3169,正常
2016/03/25 17:25:28,a6006ad72c3d8962fbebaa3d9200ee4785872d26,1229041e003aedc12a4e929dc7f753a0857b2ce6,持卡人消费,南苑网关,-7.0,7.41,3170,正常
2016/03/25 17:35:57,a6006ad72c3d8962fbebaa3d9200ee4785872d26,1229041e003aedc12a4e929dc7f753a0857b2ce6,持卡人消费,南苑网关,-0.4,7.01,3171,正常
2016/03/26 12:42:33,a6006ad72c3d8962fbebaa3d9200ee4785872d26,1229041e003aedc12a4e929dc7f753a0857b2ce6,持卡人消费,学子便利店A01后楼,-6.0,1.01,3172,正常
2016/03/26 15:18:36,a6006ad72c3d8962fbebaa3d9200ee4785872d26,1229041e003aedc12a4e929dc7f753a0857b2ce6,存款,现金充值机,100.0,101.01,3173,正常
2016/03/26 18:50:50,a6006ad72c3d8962fbebaa3d9200ee4785872d26,1229041e003aedc12a4e929dc7f753a0857b2ce6,持卡人消费,网络中心,-30.0,71.01,3174,正常
2016/03/26 20:48:07,a6006ad72c3d8962fbebaa3d9200ee4785872d26,1229041e003aedc12a4e929dc7f753a0857b2ce6,持卡人消费,网络中心,-30.0,41.01,3175,正常
2016/03/27 16:29:25,a6006ad72c3d8962fbebaa3d9200ee4785872d26,1229041e003aedc12a4e929dc7f753a0857b2ce6,持卡人消费,网络中心,-30.0,11.01,3176,正常
2016/03/28 08:48:13,a6006ad72c3d8962fbebaa3d9200ee4785872d26,1229041e003aedc12a4e929dc7f753a0857b2ce6,持卡人消费,学子便利店A01后楼,-4.9,6.11,3177,正常
2016/03/28 11:10:44,a6006ad72c3d8962fbebaa3d9200ee4785872d26,1229041e003aedc12a4e929dc7f753a0857b2ce6,存款,学苑楼综合业务,100.0,106.11,3178,正常
2016/03/28 11:18:53,a6006ad72c3d8962fbebaa3d9200ee4785872d26,1229041e003aedc12a4e929dc7f753a0857b2ce6,持卡人消费,南苑网关,-7.92,98.19,3179,正常
2016/03/28 17:09:11,a6006ad72c3d8962fbebaa3d9200ee4785872d26,1229041e003aedc12a4e929dc7f753a0857b2ce6,持卡人消费,南苑网关,-6.0,92.19,3180,正常
2016/03/28 17:13:21,a6006ad72c3d8962fbebaa3d9200ee4785872d26,1229041e003aedc12a4e929dc7f753a0857b2ce6,持卡人消费,南苑网关,-1.0,91.19,3181,正常
2016/03/28 17:19:58,a6006ad72c3d8962fbebaa3d9200ee4785872d26,1229041e003aedc12a4e929dc7f753a0857b2ce6,持卡人消费,南苑网关,-3.0,88.19,3182,正常
2016/03/29 07:48:13,a6006ad72c3d8962fbebaa3d9200ee4785872d26,1229041e003aedc12a4e929dc7f753a0857b2ce6,持卡人消费,学子便利店A01后楼,-2.0,86.19,3183,正常
2016/03/29 17:18:11,a6006ad72c3d8962fbebaa3d9200ee4785872d26,1229041e003aedc12a4e929dc7f753a0857b2ce6,持卡人消费,南苑网关,-6.0,80.19,3184,正常
2016/03/29 17:21:09,a6006ad72c3d8962fbebaa3d9200ee4785872d26,1229041e003aedc12a4e929dc7f753a0857b2ce6,持卡人消费,南苑网关,-1.3,78.89,3185,正常
2016/03/30 17:52:16,a6006ad72c3d8962fbebaa3d9200ee4785872d26,1229041e003aedc12a4e929dc7f753a0857b2ce6,持卡人消费,硕果园（工大商店）,-10.0,68.89,3186,正常
2016/03/30 17:55:31,a6006ad72c3d8962fbebaa3d9200ee4785872d26,1229041e003aedc12a4e929dc7f753a0857b2ce6,持卡人消费,硕果园（工大商店）,-5.0,63.89,3187,正常
2016/03/30 18:02:35,a6006ad72c3d8962fbebaa3d9200ee4785872d26,1229041e003aedc12a4e929dc7f753a0857b2ce6,持卡人消费,学子便利店A01后楼,-3.8,60.09,3188,正常
2016/03/30 18:41:40,a6006ad72c3d8962fbebaa3d9200ee4785872d26,1229041e003aedc12a4e929dc7f753a0857b2ce6,持卡人消费,学子便利店A01后楼,-1.5,58.59,3189,正常
2016/03/31 17:20:15,a6006ad72c3d8962fbebaa3d9200ee4785872d26,1229041e003aedc12a4e929dc7f753a0857b2ce6,持卡人消费,南苑网关,-7.0,51.59,3190,正常
2016/03/31 17:28:52,a6006ad72c3d8962fbebaa3d9200ee4785872d26,1229041e003aedc12a4e929dc7f753a0857b2ce6,持卡人消费,南苑网关,-0.8,50.79,3191,正常
