交易发生时间,学号,姓名,交易类型,子系统名称,交易额,现有余额,次数,状态
2016/03/01 08:51:58,c34c856e4e4ab8788a0ecef763a55a339f74f1b2,1263b515ac3c17503460b28af4eb7a26b468d1d5,持卡人消费,学士楼商务网关,-3.0,70.37,2485,正常
2016/03/01 08:53:17,c34c856e4e4ab8788a0ecef763a55a339f74f1b2,1263b515ac3c17503460b28af4eb7a26b468d1d5,持卡人消费,学士楼商务网关,-1.0,69.37,2486,正常
2016/03/01 11:54:18,c34c856e4e4ab8788a0ecef763a55a339f74f1b2,1263b515ac3c17503460b28af4eb7a26b468d1d5,持卡人消费,学苑楼商务网关,-7.0,62.37,2487,正常
2016/03/01 19:01:53,c34c856e4e4ab8788a0ecef763a55a339f74f1b2,1263b515ac3c17503460b28af4eb7a26b468d1d5,持卡人消费,超市商务子系统,-13.8,48.57,2488,正常
2016/03/02 08:38:56,c34c856e4e4ab8788a0ecef763a55a339f74f1b2,1263b515ac3c17503460b28af4eb7a26b468d1d5,持卡人消费,学士楼商务网关,-3.6,44.97,2489,正常
2016/03/02 11:57:08,c34c856e4e4ab8788a0ecef763a55a339f74f1b2,1263b515ac3c17503460b28af4eb7a26b468d1d5,持卡人消费,学苑楼商务网关,-9.0,35.97,2490,正常
2016/03/02 17:34:27,c34c856e4e4ab8788a0ecef763a55a339f74f1b2,1263b515ac3c17503460b28af4eb7a26b468d1d5,持卡人消费,学苑楼商务网关,-14.0,21.97,2491,正常
2016/03/02 17:37:10,c34c856e4e4ab8788a0ecef763a55a339f74f1b2,1263b515ac3c17503460b28af4eb7a26b468d1d5,持卡人消费,学苑楼商务网关,-5.0,16.97,2492,正常
2016/03/04 10:15:28,c34c856e4e4ab8788a0ecef763a55a339f74f1b2,1263b515ac3c17503460b28af4eb7a26b468d1d5,持卡人消费,学士楼商务网关,-6.1,10.87,2493,正常
2016/03/04 17:37:18,c34c856e4e4ab8788a0ecef763a55a339f74f1b2,1263b515ac3c17503460b28af4eb7a26b468d1d5,存款,学苑楼综合业务3,100.0,110.87,2494,正常
2016/03/04 17:40:44,c34c856e4e4ab8788a0ecef763a55a339f74f1b2,1263b515ac3c17503460b28af4eb7a26b468d1d5,持卡人消费,学苑楼商务网关,-7.0,103.87,2495,正常
2016/03/07 17:34:51,c34c856e4e4ab8788a0ecef763a55a339f74f1b2,1263b515ac3c17503460b28af4eb7a26b468d1d5,持卡人消费,学苑楼商务网关,-9.0,94.87,2496,正常
2016/03/07 17:37:47,c34c856e4e4ab8788a0ecef763a55a339f74f1b2,1263b515ac3c17503460b28af4eb7a26b468d1d5,持卡人消费,学苑楼商务网关,-2.5,92.37,2497,正常
2016/03/10 16:32:27,c34c856e4e4ab8788a0ecef763a55a339f74f1b2,1263b515ac3c17503460b28af4eb7a26b468d1d5,持卡人消费,学苑楼商务网关,-9.0,83.37,2498,正常
2016/03/11 12:07:31,c34c856e4e4ab8788a0ecef763a55a339f74f1b2,1263b515ac3c17503460b28af4eb7a26b468d1d5,持卡人消费,学苑楼商务网关,-6.0,77.37,2499,正常
2016/03/11 12:08:37,c34c856e4e4ab8788a0ecef763a55a339f74f1b2,1263b515ac3c17503460b28af4eb7a26b468d1d5,持卡人消费,学苑楼商务网关,-2.5,74.87,2500,正常
2016/03/11 13:22:52,c34c856e4e4ab8788a0ecef763a55a339f74f1b2,1263b515ac3c17503460b28af4eb7a26b468d1d5,持卡人消费,超市商务子系统,-4.6,70.27,2501,正常
2016/03/11 13:31:16,c34c856e4e4ab8788a0ecef763a55a339f74f1b2,1263b515ac3c17503460b28af4eb7a26b468d1d5,持卡人消费,超市商务子系统,-34.5,35.77,2502,正常
2016/03/14 09:36:56,c34c856e4e4ab8788a0ecef763a55a339f74f1b2,1263b515ac3c17503460b28af4eb7a26b468d1d5,持卡人消费,学士楼商务网关,-1.5,34.27,2503,正常
2016/03/14 09:37:00,c34c856e4e4ab8788a0ecef763a55a339f74f1b2,1263b515ac3c17503460b28af4eb7a26b468d1d5,持卡人消费,学士楼商务网关,-1.5,32.77,2504,正常
2016/03/14 17:36:35,c34c856e4e4ab8788a0ecef763a55a339f74f1b2,1263b515ac3c17503460b28af4eb7a26b468d1d5,持卡人消费,学苑楼商务网关,-9.0,23.77,2505,正常
2016/03/15 11:53:27,c34c856e4e4ab8788a0ecef763a55a339f74f1b2,1263b515ac3c17503460b28af4eb7a26b468d1d5,持卡人消费,学苑楼商务网关,-7.0,16.77,2506,正常
2016/03/15 11:56:42,c34c856e4e4ab8788a0ecef763a55a339f74f1b2,1263b515ac3c17503460b28af4eb7a26b468d1d5,持卡人消费,学苑楼商务网关,-7.5,9.27,2507,正常
2016/03/16 11:51:07,c34c856e4e4ab8788a0ecef763a55a339f74f1b2,1263b515ac3c17503460b28af4eb7a26b468d1d5,存款,卡中心综合业务,100.0,109.27,2508,正常
2016/03/16 11:56:28,c34c856e4e4ab8788a0ecef763a55a339f74f1b2,1263b515ac3c17503460b28af4eb7a26b468d1d5,持卡人消费,学苑楼商务网关,-9.0,100.27,2509,正常
2016/03/16 11:58:33,c34c856e4e4ab8788a0ecef763a55a339f74f1b2,1263b515ac3c17503460b28af4eb7a26b468d1d5,持卡人消费,学苑楼商务网关,-2.5,97.77,2510,正常
2016/03/17 11:56:12,c34c856e4e4ab8788a0ecef763a55a339f74f1b2,1263b515ac3c17503460b28af4eb7a26b468d1d5,持卡人消费,学苑楼商务网关,-10.0,87.77,2511,正常
2016/03/17 11:58:42,c34c856e4e4ab8788a0ecef763a55a339f74f1b2,1263b515ac3c17503460b28af4eb7a26b468d1d5,持卡人消费,学苑楼商务网关,-1.5,86.27,2512,正常
2016/03/17 12:25:47,c34c856e4e4ab8788a0ecef763a55a339f74f1b2,1263b515ac3c17503460b28af4eb7a26b468d1d5,持卡人消费,超市商务子系统,-5.5,80.77,2513,正常
2016/03/17 18:38:10,c34c856e4e4ab8788a0ecef763a55a339f74f1b2,1263b515ac3c17503460b28af4eb7a26b468d1d5,持卡人消费,学士楼商务网关,-6.1,74.67,2514,正常
2016/03/19 12:58:44,c34c856e4e4ab8788a0ecef763a55a339f74f1b2,1263b515ac3c17503460b28af4eb7a26b468d1d5,持卡人消费,学士楼商务网关,-3.5,71.17,2515,正常
2016/03/19 12:59:39,c34c856e4e4ab8788a0ecef763a55a339f74f1b2,1263b515ac3c17503460b28af4eb7a26b468d1d5,持卡人消费,学士楼商务网关,-3.5,67.67,2516,正常
2016/03/19 13:14:44,c34c856e4e4ab8788a0ecef763a55a339f74f1b2,1263b515ac3c17503460b28af4eb7a26b468d1d5,持卡人消费,超市商务子系统,-17.4,50.27,2517,正常
2016/03/19 18:01:28,c34c856e4e4ab8788a0ecef763a55a339f74f1b2,1263b515ac3c17503460b28af4eb7a26b468d1d5,持卡人消费,学苑楼商务网关,-7.0,43.27,2518,正常
2016/03/19 18:02:24,c34c856e4e4ab8788a0ecef763a55a339f74f1b2,1263b515ac3c17503460b28af4eb7a26b468d1d5,持卡人消费,学苑楼商务网关,-2.5,40.77,2519,正常
2016/03/20 08:42:12,c34c856e4e4ab8788a0ecef763a55a339f74f1b2,1263b515ac3c17503460b28af4eb7a26b468d1d5,持卡人消费,学士楼商务网关,-1.5,39.27,2520,正常
2016/03/20 08:42:25,c34c856e4e4ab8788a0ecef763a55a339f74f1b2,1263b515ac3c17503460b28af4eb7a26b468d1d5,持卡人消费,学士楼商务网关,-3.1,36.17,2521,正常
2016/03/20 12:10:07,c34c856e4e4ab8788a0ecef763a55a339f74f1b2,1263b515ac3c17503460b28af4eb7a26b468d1d5,持卡人消费,学苑楼商务网关,-9.0,27.17,2522,正常
2016/03/20 12:11:37,c34c856e4e4ab8788a0ecef763a55a339f74f1b2,1263b515ac3c17503460b28af4eb7a26b468d1d5,持卡人消费,学苑楼商务网关,-2.5,24.67,2523,正常
2016/03/20 18:52:35,c34c856e4e4ab8788a0ecef763a55a339f74f1b2,1263b515ac3c17503460b28af4eb7a26b468d1d5,持卡人消费,学士楼商务网关,-2.0,22.67,2524,正常
2016/03/20 18:53:23,c34c856e4e4ab8788a0ecef763a55a339f74f1b2,1263b515ac3c17503460b28af4eb7a26b468d1d5,持卡人消费,学士楼商务网关,-3.5,19.17,2525,正常
2016/03/21 11:56:17,c34c856e4e4ab8788a0ecef763a55a339f74f1b2,1263b515ac3c17503460b28af4eb7a26b468d1d5,持卡人消费,学苑楼商务网关,-9.0,10.17,2526,正常
2016/03/21 11:58:51,c34c856e4e4ab8788a0ecef763a55a339f74f1b2,1263b515ac3c17503460b28af4eb7a26b468d1d5,持卡人消费,学苑楼商务网关,-2.5,7.67,2527,正常
2016/03/21 17:35:50,c34c856e4e4ab8788a0ecef763a55a339f74f1b2,1263b515ac3c17503460b28af4eb7a26b468d1d5,存款,卡中心综合业务,100.0,107.67,2528,正常
2016/03/21 17:38:00,c34c856e4e4ab8788a0ecef763a55a339f74f1b2,1263b515ac3c17503460b28af4eb7a26b468d1d5,持卡人消费,学苑楼商务网关,-7.0,100.67,2529,正常
2016/03/21 17:39:25,c34c856e4e4ab8788a0ecef763a55a339f74f1b2,1263b515ac3c17503460b28af4eb7a26b468d1d5,持卡人消费,学苑楼商务网关,-7.0,93.67,2530,正常
2016/03/21 17:43:01,c34c856e4e4ab8788a0ecef763a55a339f74f1b2,1263b515ac3c17503460b28af4eb7a26b468d1d5,持卡人消费,学苑楼商务网关,-2.5,91.17,2531,正常
2016/03/22 11:50:43,c34c856e4e4ab8788a0ecef763a55a339f74f1b2,1263b515ac3c17503460b28af4eb7a26b468d1d5,持卡人消费,学苑楼商务网关,-9.0,82.17,2532,正常
2016/03/23 09:21:20,c34c856e4e4ab8788a0ecef763a55a339f74f1b2,1263b515ac3c17503460b28af4eb7a26b468d1d5,持卡人消费,学士楼商务网关,-1.5,80.67,2533,正常
2016/03/23 09:23:00,c34c856e4e4ab8788a0ecef763a55a339f74f1b2,1263b515ac3c17503460b28af4eb7a26b468d1d5,持卡人消费,学士楼商务网关,-2.0,78.67,2534,正常
2016/03/23 09:23:04,c34c856e4e4ab8788a0ecef763a55a339f74f1b2,1263b515ac3c17503460b28af4eb7a26b468d1d5,持卡人消费,学士楼商务网关,-0.5,78.17,2535,正常
2016/03/23 09:23:37,c34c856e4e4ab8788a0ecef763a55a339f74f1b2,1263b515ac3c17503460b28af4eb7a26b468d1d5,持卡人消费,学士楼商务网关,-1.0,77.17,2536,正常
2016/03/23 11:52:58,c34c856e4e4ab8788a0ecef763a55a339f74f1b2,1263b515ac3c17503460b28af4eb7a26b468d1d5,持卡人消费,学苑楼商务网关,-7.0,70.17,2537,正常
2016/03/23 17:42:46,c34c856e4e4ab8788a0ecef763a55a339f74f1b2,1263b515ac3c17503460b28af4eb7a26b468d1d5,持卡人消费,学苑楼商务网关,-8.0,62.17,2538,正常
2016/03/23 17:44:36,c34c856e4e4ab8788a0ecef763a55a339f74f1b2,1263b515ac3c17503460b28af4eb7a26b468d1d5,持卡人消费,学苑楼商务网关,-2.5,59.67,2539,正常
2016/03/24 11:45:10,c34c856e4e4ab8788a0ecef763a55a339f74f1b2,1263b515ac3c17503460b28af4eb7a26b468d1d5,持卡人消费,学苑楼商务网关,-6.0,53.67,2540,正常
2016/03/24 11:47:05,c34c856e4e4ab8788a0ecef763a55a339f74f1b2,1263b515ac3c17503460b28af4eb7a26b468d1d5,持卡人消费,学苑楼商务网关,-2.5,51.17,2541,正常
2016/03/25 09:06:32,c34c856e4e4ab8788a0ecef763a55a339f74f1b2,1263b515ac3c17503460b28af4eb7a26b468d1d5,持卡人消费,学士楼商务网关,-3.5,47.67,2542,正常
2016/03/25 09:07:29,c34c856e4e4ab8788a0ecef763a55a339f74f1b2,1263b515ac3c17503460b28af4eb7a26b468d1d5,持卡人消费,学士楼商务网关,-1.0,46.67,2543,正常
2016/03/25 11:52:47,c34c856e4e4ab8788a0ecef763a55a339f74f1b2,1263b515ac3c17503460b28af4eb7a26b468d1d5,持卡人消费,学苑楼商务网关,-7.0,39.67,2544,正常
2016/03/25 11:54:20,c34c856e4e4ab8788a0ecef763a55a339f74f1b2,1263b515ac3c17503460b28af4eb7a26b468d1d5,持卡人消费,学苑楼商务网关,-1.5,38.17,2545,正常
2016/03/25 17:52:42,c34c856e4e4ab8788a0ecef763a55a339f74f1b2,1263b515ac3c17503460b28af4eb7a26b468d1d5,持卡人消费,学苑楼商务网关,-6.0,32.17,2546,正常
2016/03/25 17:53:34,c34c856e4e4ab8788a0ecef763a55a339f74f1b2,1263b515ac3c17503460b28af4eb7a26b468d1d5,持卡人消费,学苑楼商务网关,-1.5,30.67,2547,正常
2016/03/25 17:57:56,c34c856e4e4ab8788a0ecef763a55a339f74f1b2,1263b515ac3c17503460b28af4eb7a26b468d1d5,持卡人消费,学苑楼商务网关,-1.0,29.67,2548,正常
2016/03/26 14:06:36,c34c856e4e4ab8788a0ecef763a55a339f74f1b2,1263b515ac3c17503460b28af4eb7a26b468d1d5,持卡人消费,学士楼商务网关,-5.2,24.47,2549,正常
2016/03/26 14:07:41,c34c856e4e4ab8788a0ecef763a55a339f74f1b2,1263b515ac3c17503460b28af4eb7a26b468d1d5,持卡人消费,学士楼商务网关,-5.5,18.97,2550,正常
2016/03/26 14:14:39,c34c856e4e4ab8788a0ecef763a55a339f74f1b2,1263b515ac3c17503460b28af4eb7a26b468d1d5,持卡人消费,学士楼商务网关,-3.0,15.97,2551,正常
2016/03/26 14:15:08,c34c856e4e4ab8788a0ecef763a55a339f74f1b2,1263b515ac3c17503460b28af4eb7a26b468d1d5,持卡人消费,学士楼商务网关,-4.5,11.47,2552,正常
2016/03/26 14:15:21,c34c856e4e4ab8788a0ecef763a55a339f74f1b2,1263b515ac3c17503460b28af4eb7a26b468d1d5,持卡人消费,学士楼商务网关,-0.4,11.07,2553,正常
2016/03/26 14:15:57,c34c856e4e4ab8788a0ecef763a55a339f74f1b2,1263b515ac3c17503460b28af4eb7a26b468d1d5,持卡人消费,学士楼商务网关,-1.0,10.07,2554,正常
2016/03/26 14:16:34,c34c856e4e4ab8788a0ecef763a55a339f74f1b2,1263b515ac3c17503460b28af4eb7a26b468d1d5,持卡人消费,学士楼商务网关,-2.0,8.07,2555,正常
2016/03/28 17:21:49,c34c856e4e4ab8788a0ecef763a55a339f74f1b2,1263b515ac3c17503460b28af4eb7a26b468d1d5,存款,学苑楼综合业务3,100.0,108.07,2556,正常
2016/03/28 17:24:25,c34c856e4e4ab8788a0ecef763a55a339f74f1b2,1263b515ac3c17503460b28af4eb7a26b468d1d5,持卡人消费,学苑楼商务网关,-6.0,102.07,2557,正常
2016/03/28 17:25:25,c34c856e4e4ab8788a0ecef763a55a339f74f1b2,1263b515ac3c17503460b28af4eb7a26b468d1d5,持卡人消费,学苑楼商务网关,-1.5,100.57,2558,正常
2016/03/28 19:32:22,c34c856e4e4ab8788a0ecef763a55a339f74f1b2,1263b515ac3c17503460b28af4eb7a26b468d1d5,持卡人消费,超市商务子系统,-25.0,75.57,2559,正常
2016/03/28 19:36:30,c34c856e4e4ab8788a0ecef763a55a339f74f1b2,1263b515ac3c17503460b28af4eb7a26b468d1d5,持卡人消费,超市商务子系统,-20.0,55.57,2560,正常
2016/03/29 08:52:32,c34c856e4e4ab8788a0ecef763a55a339f74f1b2,1263b515ac3c17503460b28af4eb7a26b468d1d5,持卡人消费,学苑楼商务网关,-9.0,46.57,2561,正常
2016/03/29 15:50:41,c34c856e4e4ab8788a0ecef763a55a339f74f1b2,1263b515ac3c17503460b28af4eb7a26b468d1d5,持卡人消费,超市商务子系统,-5.0,41.57,2562,正常
2016/03/29 17:26:04,c34c856e4e4ab8788a0ecef763a55a339f74f1b2,1263b515ac3c17503460b28af4eb7a26b468d1d5,持卡人消费,学苑楼商务网关,-6.0,35.57,2563,正常
2016/03/29 17:27:15,c34c856e4e4ab8788a0ecef763a55a339f74f1b2,1263b515ac3c17503460b28af4eb7a26b468d1d5,持卡人消费,学苑楼商务网关,-2.5,33.07,2564,正常
2016/03/29 17:30:35,c34c856e4e4ab8788a0ecef763a55a339f74f1b2,1263b515ac3c17503460b28af4eb7a26b468d1d5,持卡人消费,学苑楼商务网关,-1.0,32.07,2565,正常
2016/03/30 11:20:58,c34c856e4e4ab8788a0ecef763a55a339f74f1b2,1263b515ac3c17503460b28af4eb7a26b468d1d5,持卡人消费,学苑楼商务网关,-2.5,29.57,2566,正常
2016/03/30 11:22:27,c34c856e4e4ab8788a0ecef763a55a339f74f1b2,1263b515ac3c17503460b28af4eb7a26b468d1d5,持卡人消费,学苑楼商务网关,-7.0,22.57,2567,正常
2016/03/30 11:41:43,c34c856e4e4ab8788a0ecef763a55a339f74f1b2,1263b515ac3c17503460b28af4eb7a26b468d1d5,存款,学苑楼综合业务3,100.0,122.57,2568,正常
2016/03/30 11:44:44,c34c856e4e4ab8788a0ecef763a55a339f74f1b2,1263b515ac3c17503460b28af4eb7a26b468d1d5,持卡人消费,网络中心,-30.0,92.57,2569,正常
2016/03/30 15:50:32,c34c856e4e4ab8788a0ecef763a55a339f74f1b2,1263b515ac3c17503460b28af4eb7a26b468d1d5,持卡人消费,学苑楼商务网关,-17.0,75.57,2570,正常
2016/03/30 15:52:28,c34c856e4e4ab8788a0ecef763a55a339f74f1b2,1263b515ac3c17503460b28af4eb7a26b468d1d5,持卡人消费,学苑楼商务网关,-14.0,61.57,2571,正常
2016/03/31 13:40:35,c34c856e4e4ab8788a0ecef763a55a339f74f1b2,1263b515ac3c17503460b28af4eb7a26b468d1d5,持卡人消费,硕果园（工大商店）,-9.0,52.57,2572,正常
