交易发生时间,学号,姓名,交易类型,子系统名称,交易额,现有余额,次数,状态
2016/03/01 11:37:57,0875da8013644cb124a2b7fc0b9c98ea901bb061,1263e7945d111a4bcf23757e9f3f85db54e5b2f7,持卡人消费,九食堂商务网关,-10.0,28.26,8347,正常
2016/03/02 17:38:39,0875da8013644cb124a2b7fc0b9c98ea901bb061,1263e7945d111a4bcf23757e9f3f85db54e5b2f7,持卡人消费,四食堂商务网关,-6.0,22.26,8348,正常
2016/03/05 12:14:04,0875da8013644cb124a2b7fc0b9c98ea901bb061,1263e7945d111a4bcf23757e9f3f85db54e5b2f7,持卡人消费,九食堂商务网关,-7.0,15.26,8349,正常
2016/03/05 12:51:18,0875da8013644cb124a2b7fc0b9c98ea901bb061,1263e7945d111a4bcf23757e9f3f85db54e5b2f7,持卡人消费,二区水控,-3.0,12.26,8350,正常
2016/03/05 12:51:41,0875da8013644cb124a2b7fc0b9c98ea901bb061,1263e7945d111a4bcf23757e9f3f85db54e5b2f7,持卡人消费,二区水控,-0.03,12.23,8352,正常
2016/03/05 12:53:51,0875da8013644cb124a2b7fc0b9c98ea901bb061,1263e7945d111a4bcf23757e9f3f85db54e5b2f7,持卡人消费,二区水控,-0.19,12.04,8354,正常
2016/03/05 13:00:48,0875da8013644cb124a2b7fc0b9c98ea901bb061,1263e7945d111a4bcf23757e9f3f85db54e5b2f7,持卡人消费,二区水控,-1.1,10.94,8356,正常
2016/03/05 13:10:23,0875da8013644cb124a2b7fc0b9c98ea901bb061,1263e7945d111a4bcf23757e9f3f85db54e5b2f7,持卡人消费,二区水控,-1.5,9.44,8358,正常
2016/03/06 11:23:50,0875da8013644cb124a2b7fc0b9c98ea901bb061,1263e7945d111a4bcf23757e9f3f85db54e5b2f7,存款,2区卡中心综合业务,100.0,109.44,8359,正常
2016/03/06 11:25:32,0875da8013644cb124a2b7fc0b9c98ea901bb061,1263e7945d111a4bcf23757e9f3f85db54e5b2f7,持卡人消费,九食堂商务网关,-8.0,101.44,8360,正常
2016/03/06 11:54:55,0875da8013644cb124a2b7fc0b9c98ea901bb061,1263e7945d111a4bcf23757e9f3f85db54e5b2f7,存款,现金充值机,100.0,201.44,8361,正常
2016/03/06 17:22:39,0875da8013644cb124a2b7fc0b9c98ea901bb061,1263e7945d111a4bcf23757e9f3f85db54e5b2f7,持卡人消费,九食堂商务网关,-10.0,191.44,8362,正常
2016/03/06 17:52:57,0875da8013644cb124a2b7fc0b9c98ea901bb061,1263e7945d111a4bcf23757e9f3f85db54e5b2f7,持卡人消费,学子便利店B05,-13.5,177.94,8363,正常
2016/03/07 07:50:15,0875da8013644cb124a2b7fc0b9c98ea901bb061,1263e7945d111a4bcf23757e9f3f85db54e5b2f7,持卡人消费,九食堂商务网关,-2.8,175.14,8364,正常
2016/03/07 12:03:34,0875da8013644cb124a2b7fc0b9c98ea901bb061,1263e7945d111a4bcf23757e9f3f85db54e5b2f7,持卡人消费,九食堂商务网关,-9.0,166.14,8365,正常
2016/03/07 12:20:58,0875da8013644cb124a2b7fc0b9c98ea901bb061,1263e7945d111a4bcf23757e9f3f85db54e5b2f7,持卡人消费,学子便利店B03,-7.5,158.64,8366,正常
2016/03/08 17:28:52,0875da8013644cb124a2b7fc0b9c98ea901bb061,1263e7945d111a4bcf23757e9f3f85db54e5b2f7,持卡人消费,二区水控,-0.05,158.59,8368,正常
2016/03/08 17:40:31,0875da8013644cb124a2b7fc0b9c98ea901bb061,1263e7945d111a4bcf23757e9f3f85db54e5b2f7,持卡人消费,二区水控,-2.22,156.37,8370,正常
2016/03/08 17:45:44,0875da8013644cb124a2b7fc0b9c98ea901bb061,1263e7945d111a4bcf23757e9f3f85db54e5b2f7,持卡人消费,二区水控,-0.18,156.19,8372,正常
2016/03/08 17:52:04,0875da8013644cb124a2b7fc0b9c98ea901bb061,1263e7945d111a4bcf23757e9f3f85db54e5b2f7,持卡人消费,二区水控,-0.74,155.45,8374,正常
2016/03/08 18:01:44,0875da8013644cb124a2b7fc0b9c98ea901bb061,1263e7945d111a4bcf23757e9f3f85db54e5b2f7,持卡人消费,二区水控,-1.5,153.95,8376,正常
2016/03/08 18:30:38,0875da8013644cb124a2b7fc0b9c98ea901bb061,1263e7945d111a4bcf23757e9f3f85db54e5b2f7,持卡人消费,学子便利店B03,-0.2,153.75,8377,正常
2016/03/09 08:36:02,0875da8013644cb124a2b7fc0b9c98ea901bb061,1263e7945d111a4bcf23757e9f3f85db54e5b2f7,持卡人消费,学子便利店B03,-5.5,148.25,8378,正常
2016/03/09 11:27:27,0875da8013644cb124a2b7fc0b9c98ea901bb061,1263e7945d111a4bcf23757e9f3f85db54e5b2f7,持卡人消费,九食堂商务网关,-10.0,138.25,8379,正常
2016/03/09 11:54:28,0875da8013644cb124a2b7fc0b9c98ea901bb061,1263e7945d111a4bcf23757e9f3f85db54e5b2f7,持卡人消费,学子便利店B03,-2.6,135.65,8380,正常
2016/03/09 15:19:49,0875da8013644cb124a2b7fc0b9c98ea901bb061,1263e7945d111a4bcf23757e9f3f85db54e5b2f7,持卡人消费,学子便利店B03,-4.4,131.25,8381,正常
2016/03/09 20:05:39,0875da8013644cb124a2b7fc0b9c98ea901bb061,1263e7945d111a4bcf23757e9f3f85db54e5b2f7,持卡人消费,学子便利店B03,-0.6,130.65,8382,正常
2016/03/10 18:07:56,0875da8013644cb124a2b7fc0b9c98ea901bb061,1263e7945d111a4bcf23757e9f3f85db54e5b2f7,持卡人消费,学子便利店B03,-3.6,127.05,8383,正常
2016/03/11 08:28:48,0875da8013644cb124a2b7fc0b9c98ea901bb061,1263e7945d111a4bcf23757e9f3f85db54e5b2f7,持卡人消费,学子便利店B03,-5.6,121.45,8384,正常
2016/03/11 08:31:02,0875da8013644cb124a2b7fc0b9c98ea901bb061,1263e7945d111a4bcf23757e9f3f85db54e5b2f7,持卡人消费,四食堂商务网关,-3.1,118.35,8385,正常
2016/03/11 11:50:00,0875da8013644cb124a2b7fc0b9c98ea901bb061,1263e7945d111a4bcf23757e9f3f85db54e5b2f7,持卡人消费,九食堂商务网关,-10.0,108.35,8386,正常
2016/03/11 12:12:27,0875da8013644cb124a2b7fc0b9c98ea901bb061,1263e7945d111a4bcf23757e9f3f85db54e5b2f7,持卡人消费,九食堂商务网关,-2.3,106.05,8387,正常
2016/03/11 17:56:47,0875da8013644cb124a2b7fc0b9c98ea901bb061,1263e7945d111a4bcf23757e9f3f85db54e5b2f7,持卡人消费,学子便利店B03,-2.2,103.85,8388,正常
2016/03/12 11:06:42,0875da8013644cb124a2b7fc0b9c98ea901bb061,1263e7945d111a4bcf23757e9f3f85db54e5b2f7,持卡人消费,九食堂商务网关,-9.0,94.85,8389,正常
2016/03/12 11:28:26,0875da8013644cb124a2b7fc0b9c98ea901bb061,1263e7945d111a4bcf23757e9f3f85db54e5b2f7,持卡人消费,学子便利店B03,-5.0,89.85,8390,正常
2016/03/12 18:04:40,0875da8013644cb124a2b7fc0b9c98ea901bb061,1263e7945d111a4bcf23757e9f3f85db54e5b2f7,持卡人消费,学子便利店B03,-3.3,86.55,8391,正常
2016/03/14 11:33:24,0875da8013644cb124a2b7fc0b9c98ea901bb061,1263e7945d111a4bcf23757e9f3f85db54e5b2f7,持卡人消费,九食堂商务网关,-10.0,53.90,8400,正常
2016/03/14 11:51:17,0875da8013644cb124a2b7fc0b9c98ea901bb061,1263e7945d111a4bcf23757e9f3f85db54e5b2f7,持卡人消费,九食堂商务网关,-2.3,51.60,8401,正常
2016/03/14 15:26:43,0875da8013644cb124a2b7fc0b9c98ea901bb061,1263e7945d111a4bcf23757e9f3f85db54e5b2f7,持卡人消费,学子便利店B03,-5.6,46.00,8402,正常
2016/03/14 18:41:05,0875da8013644cb124a2b7fc0b9c98ea901bb061,1263e7945d111a4bcf23757e9f3f85db54e5b2f7,持卡人消费,学子便利店B03,-16.9,29.10,8403,正常
2016/03/15 11:15:51,0875da8013644cb124a2b7fc0b9c98ea901bb061,1263e7945d111a4bcf23757e9f3f85db54e5b2f7,持卡人消费,九食堂商务网关,-14.0,15.10,8404,正常
2016/03/15 11:08:27,0875da8013644cb124a2b7fc0b9c98ea901bb061,1263e7945d111a4bcf23757e9f3f85db54e5b2f7,存款,现金充值机,200.0,215.10,8405,正常
2016/03/15 11:37:51,0875da8013644cb124a2b7fc0b9c98ea901bb061,1263e7945d111a4bcf23757e9f3f85db54e5b2f7,持卡人消费,九食堂商务网关,-1.8,213.30,8406,正常
2016/03/15 19:27:02,0875da8013644cb124a2b7fc0b9c98ea901bb061,1263e7945d111a4bcf23757e9f3f85db54e5b2f7,持卡人消费,学子便利店B03,-1.7,211.60,8407,正常
2016/03/16 17:10:57,0875da8013644cb124a2b7fc0b9c98ea901bb061,1263e7945d111a4bcf23757e9f3f85db54e5b2f7,持卡人消费,九食堂商务网关,-9.0,202.60,8408,正常
2016/03/16 17:37:12,0875da8013644cb124a2b7fc0b9c98ea901bb061,1263e7945d111a4bcf23757e9f3f85db54e5b2f7,持卡人消费,九食堂商务网关,-4.9,197.70,8409,正常
2016/03/16 19:03:28,0875da8013644cb124a2b7fc0b9c98ea901bb061,1263e7945d111a4bcf23757e9f3f85db54e5b2f7,持卡人消费,学子便利店B03,-7.5,190.20,8410,正常
2016/03/16 19:03:54,0875da8013644cb124a2b7fc0b9c98ea901bb061,1263e7945d111a4bcf23757e9f3f85db54e5b2f7,持卡人消费,学子便利店B03,-7.2,183.00,8411,正常
2016/03/17 15:13:17,0875da8013644cb124a2b7fc0b9c98ea901bb061,1263e7945d111a4bcf23757e9f3f85db54e5b2f7,持卡人消费,学子便利店B03,-21.8,161.20,8412,正常
2016/03/17 17:25:59,0875da8013644cb124a2b7fc0b9c98ea901bb061,1263e7945d111a4bcf23757e9f3f85db54e5b2f7,持卡人消费,二区水控,-1.54,159.66,8414,正常
2016/03/17 17:35:06,0875da8013644cb124a2b7fc0b9c98ea901bb061,1263e7945d111a4bcf23757e9f3f85db54e5b2f7,持卡人消费,二区水控,-0.7,158.96,8416,正常
2016/03/17 17:37:16,0875da8013644cb124a2b7fc0b9c98ea901bb061,1263e7945d111a4bcf23757e9f3f85db54e5b2f7,持卡人消费,二区水控,-0.29,158.67,8418,正常
2016/03/17 17:46:12,0875da8013644cb124a2b7fc0b9c98ea901bb061,1263e7945d111a4bcf23757e9f3f85db54e5b2f7,持卡人消费,二区水控,-1.44,157.23,8420,正常
2016/03/18 11:39:10,0875da8013644cb124a2b7fc0b9c98ea901bb061,1263e7945d111a4bcf23757e9f3f85db54e5b2f7,持卡人消费,九食堂商务网关,-8.0,149.23,8421,正常
2016/03/18 19:11:16,0875da8013644cb124a2b7fc0b9c98ea901bb061,1263e7945d111a4bcf23757e9f3f85db54e5b2f7,持卡人消费,学子便利店B03,-5.4,143.83,8422,正常
2016/03/19 11:24:18,0875da8013644cb124a2b7fc0b9c98ea901bb061,1263e7945d111a4bcf23757e9f3f85db54e5b2f7,持卡人消费,学子便利店B03,-5.0,138.83,8423,正常
2016/03/19 11:28:09,0875da8013644cb124a2b7fc0b9c98ea901bb061,1263e7945d111a4bcf23757e9f3f85db54e5b2f7,持卡人消费,学子便利店B03,-5.2,133.63,8424,正常
2016/03/20 11:59:00,0875da8013644cb124a2b7fc0b9c98ea901bb061,1263e7945d111a4bcf23757e9f3f85db54e5b2f7,持卡人消费,学子便利店B03,-7.5,126.13,8425,正常
2016/03/20 15:03:17,0875da8013644cb124a2b7fc0b9c98ea901bb061,1263e7945d111a4bcf23757e9f3f85db54e5b2f7,持卡人消费,学子便利店B03,-0.6,125.53,8426,正常
2016/03/21 12:08:00,0875da8013644cb124a2b7fc0b9c98ea901bb061,1263e7945d111a4bcf23757e9f3f85db54e5b2f7,持卡人消费,二区水控,-0.01,125.52,8427,正常
2016/03/21 12:08:46,0875da8013644cb124a2b7fc0b9c98ea901bb061,1263e7945d111a4bcf23757e9f3f85db54e5b2f7,持卡人消费,二区水控,-0.1,125.42,8429,正常
2016/03/21 12:08:52,0875da8013644cb124a2b7fc0b9c98ea901bb061,1263e7945d111a4bcf23757e9f3f85db54e5b2f7,持卡人消费,二区水控,-0.01,125.41,8430,正常
2016/03/21 12:09:00,0875da8013644cb124a2b7fc0b9c98ea901bb061,1263e7945d111a4bcf23757e9f3f85db54e5b2f7,持卡人消费,二区水控,-0.01,125.40,8431,正常
2016/03/21 12:24:43,0875da8013644cb124a2b7fc0b9c98ea901bb061,1263e7945d111a4bcf23757e9f3f85db54e5b2f7,持卡人消费,二区水控,-3.0,122.40,8432,正常
2016/03/21 12:25:00,0875da8013644cb124a2b7fc0b9c98ea901bb061,1263e7945d111a4bcf23757e9f3f85db54e5b2f7,持卡人消费,二区水控,-0.03,122.37,8434,正常
2016/03/21 12:35:36,0875da8013644cb124a2b7fc0b9c98ea901bb061,1263e7945d111a4bcf23757e9f3f85db54e5b2f7,持卡人消费,二区水控,-1.73,120.64,8436,正常
2016/03/21 16:58:42,0875da8013644cb124a2b7fc0b9c98ea901bb061,1263e7945d111a4bcf23757e9f3f85db54e5b2f7,存款,2区卡中心综合业务,100.0,220.64,8437,正常
2016/03/21 17:00:30,0875da8013644cb124a2b7fc0b9c98ea901bb061,1263e7945d111a4bcf23757e9f3f85db54e5b2f7,持卡人消费,九食堂商务网关,-10.0,210.64,8438,正常
2016/03/21 17:29:04,0875da8013644cb124a2b7fc0b9c98ea901bb061,1263e7945d111a4bcf23757e9f3f85db54e5b2f7,持卡人消费,九食堂商务网关,-6.6,204.04,8439,正常
2016/03/21 20:27:25,0875da8013644cb124a2b7fc0b9c98ea901bb061,1263e7945d111a4bcf23757e9f3f85db54e5b2f7,持卡人消费,学子便利店B03,-10.6,193.44,8440,正常
2016/03/22 08:52:19,0875da8013644cb124a2b7fc0b9c98ea901bb061,1263e7945d111a4bcf23757e9f3f85db54e5b2f7,持卡人消费,学子便利店B03,-2.6,190.84,8441,正常
2016/03/22 14:05:43,0875da8013644cb124a2b7fc0b9c98ea901bb061,1263e7945d111a4bcf23757e9f3f85db54e5b2f7,持卡人消费,学子便利店B03,-2.0,188.84,8442,正常
2016/03/22 17:44:23,0875da8013644cb124a2b7fc0b9c98ea901bb061,1263e7945d111a4bcf23757e9f3f85db54e5b2f7,持卡人消费,学子便利店B03,-3.4,185.44,8443,正常
2016/03/23 08:45:38,0875da8013644cb124a2b7fc0b9c98ea901bb061,1263e7945d111a4bcf23757e9f3f85db54e5b2f7,持卡人消费,学子便利店B03,-1.6,183.84,8444,正常
2016/03/23 10:22:55,0875da8013644cb124a2b7fc0b9c98ea901bb061,1263e7945d111a4bcf23757e9f3f85db54e5b2f7,持卡人消费,学子便利店B03,-5.2,178.64,8445,正常
2016/03/24 09:16:43,0875da8013644cb124a2b7fc0b9c98ea901bb061,1263e7945d111a4bcf23757e9f3f85db54e5b2f7,持卡人消费,学子便利店B03,-3.6,175.04,8446,正常
2016/03/24 11:27:11,0875da8013644cb124a2b7fc0b9c98ea901bb061,1263e7945d111a4bcf23757e9f3f85db54e5b2f7,持卡人消费,九食堂商务网关,-9.8,165.24,8447,正常
2016/03/24 19:02:14,0875da8013644cb124a2b7fc0b9c98ea901bb061,1263e7945d111a4bcf23757e9f3f85db54e5b2f7,持卡人消费,学子便利店B03,-15.6,149.64,8448,正常
2016/03/25 11:57:33,0875da8013644cb124a2b7fc0b9c98ea901bb061,1263e7945d111a4bcf23757e9f3f85db54e5b2f7,持卡人消费,学子便利店B03,-5.4,144.24,8449,正常
2016/03/25 12:01:55,0875da8013644cb124a2b7fc0b9c98ea901bb061,1263e7945d111a4bcf23757e9f3f85db54e5b2f7,持卡人消费,九食堂商务网关,-13.0,131.24,8450,正常
2016/03/25 18:40:58,0875da8013644cb124a2b7fc0b9c98ea901bb061,1263e7945d111a4bcf23757e9f3f85db54e5b2f7,持卡人消费,学子便利店B03,-7.5,123.74,8451,正常
2016/03/26 10:54:03,0875da8013644cb124a2b7fc0b9c98ea901bb061,1263e7945d111a4bcf23757e9f3f85db54e5b2f7,持卡人消费,九食堂商务网关,-5.4,118.34,8452,正常
2016/03/26 10:54:54,0875da8013644cb124a2b7fc0b9c98ea901bb061,1263e7945d111a4bcf23757e9f3f85db54e5b2f7,持卡人消费,九食堂商务网关,-7.0,111.34,8453,正常
2016/03/26 10:55:14,0875da8013644cb124a2b7fc0b9c98ea901bb061,1263e7945d111a4bcf23757e9f3f85db54e5b2f7,持卡人消费,九食堂商务网关,-2.0,109.34,8454,正常
2016/03/26 11:19:42,0875da8013644cb124a2b7fc0b9c98ea901bb061,1263e7945d111a4bcf23757e9f3f85db54e5b2f7,持卡人消费,九食堂商务网关,-10.0,99.34,8455,正常
2016/03/27 10:47:56,0875da8013644cb124a2b7fc0b9c98ea901bb061,1263e7945d111a4bcf23757e9f3f85db54e5b2f7,持卡人消费,九食堂商务网关,-7.0,92.34,8456,正常
2016/03/27 11:14:04,0875da8013644cb124a2b7fc0b9c98ea901bb061,1263e7945d111a4bcf23757e9f3f85db54e5b2f7,持卡人消费,九食堂商务网关,-9.0,83.34,8457,正常
2016/03/27 20:32:59,0875da8013644cb124a2b7fc0b9c98ea901bb061,1263e7945d111a4bcf23757e9f3f85db54e5b2f7,持卡人消费,学子便利店B03,-2.0,81.34,8458,正常
2016/03/27 20:33:29,0875da8013644cb124a2b7fc0b9c98ea901bb061,1263e7945d111a4bcf23757e9f3f85db54e5b2f7,持卡人消费,学子便利店B03,-5.9,75.44,8459,正常
2016/03/28 11:26:42,0875da8013644cb124a2b7fc0b9c98ea901bb061,1263e7945d111a4bcf23757e9f3f85db54e5b2f7,持卡人消费,九食堂商务网关,-7.0,68.44,8460,正常
2016/03/28 12:09:41,0875da8013644cb124a2b7fc0b9c98ea901bb061,1263e7945d111a4bcf23757e9f3f85db54e5b2f7,持卡人消费,二区水控,-2.82,65.62,8462,正常
2016/03/28 12:10:31,0875da8013644cb124a2b7fc0b9c98ea901bb061,1263e7945d111a4bcf23757e9f3f85db54e5b2f7,持卡人消费,二区水控,-0.05,65.57,8464,正常
2016/03/28 12:18:02,0875da8013644cb124a2b7fc0b9c98ea901bb061,1263e7945d111a4bcf23757e9f3f85db54e5b2f7,持卡人消费,二区水控,-1.2,64.37,8466,正常
2016/03/28 12:24:13,0875da8013644cb124a2b7fc0b9c98ea901bb061,1263e7945d111a4bcf23757e9f3f85db54e5b2f7,持卡人消费,二区水控,-0.9,63.47,8468,正常
2016/03/28 12:26:59,0875da8013644cb124a2b7fc0b9c98ea901bb061,1263e7945d111a4bcf23757e9f3f85db54e5b2f7,持卡人消费,二区水控,-0.03,63.44,8470,正常
2016/03/28 12:46:24,0875da8013644cb124a2b7fc0b9c98ea901bb061,1263e7945d111a4bcf23757e9f3f85db54e5b2f7,持卡人消费,学子便利店B03,-2.0,61.44,8471,正常
2016/03/28 17:28:08,0875da8013644cb124a2b7fc0b9c98ea901bb061,1263e7945d111a4bcf23757e9f3f85db54e5b2f7,持卡人消费,九食堂商务网关,-7.0,54.44,8472,正常
2016/03/28 17:56:11,0875da8013644cb124a2b7fc0b9c98ea901bb061,1263e7945d111a4bcf23757e9f3f85db54e5b2f7,持卡人消费,学子便利店B03,-13.6,40.84,8473,正常
2016/03/29 11:36:14,0875da8013644cb124a2b7fc0b9c98ea901bb061,1263e7945d111a4bcf23757e9f3f85db54e5b2f7,持卡人消费,学士楼商务网关,-10.5,30.34,8474,正常
2016/03/29 12:08:30,0875da8013644cb124a2b7fc0b9c98ea901bb061,1263e7945d111a4bcf23757e9f3f85db54e5b2f7,存款,现金充值机,100.0,130.34,8475,正常
2016/03/29 12:26:31,0875da8013644cb124a2b7fc0b9c98ea901bb061,1263e7945d111a4bcf23757e9f3f85db54e5b2f7,持卡人消费,超市商务子系统,-1.0,129.34,8476,正常
2016/03/29 16:13:49,0875da8013644cb124a2b7fc0b9c98ea901bb061,1263e7945d111a4bcf23757e9f3f85db54e5b2f7,持卡人消费,网络中心,-30.0,99.34,8477,正常
2016/03/30 11:36:36,0875da8013644cb124a2b7fc0b9c98ea901bb061,1263e7945d111a4bcf23757e9f3f85db54e5b2f7,持卡人消费,九食堂商务网关,-7.0,92.34,8478,正常
2016/03/30 15:27:20,0875da8013644cb124a2b7fc0b9c98ea901bb061,1263e7945d111a4bcf23757e9f3f85db54e5b2f7,持卡人消费,学子便利店B03,-8.7,83.64,8479,正常
2016/03/31 11:18:17,0875da8013644cb124a2b7fc0b9c98ea901bb061,1263e7945d111a4bcf23757e9f3f85db54e5b2f7,持卡人消费,九食堂商务网关,-7.0,76.64,8480,正常
2016/03/31 11:41:35,0875da8013644cb124a2b7fc0b9c98ea901bb061,1263e7945d111a4bcf23757e9f3f85db54e5b2f7,持卡人消费,九食堂商务网关,-6.6,70.04,8481,正常
2016/03/31 20:53:10,0875da8013644cb124a2b7fc0b9c98ea901bb061,1263e7945d111a4bcf23757e9f3f85db54e5b2f7,持卡人消费,学子便利店B03,-8.3,61.74,8482,正常
2016/03/31 21:25:59,0875da8013644cb124a2b7fc0b9c98ea901bb061,1263e7945d111a4bcf23757e9f3f85db54e5b2f7,持卡人消费,学子便利店B03,-6.9,54.84,8483,正常
