交易发生时间,学号,姓名,交易类型,子系统名称,交易额,现有余额,次数,状态
2016/03/02 11:13:11,b1e6bfb1f7e7e9bffd49364e6dda6f6e28f5788d,126b3bb4d8afc2dfc996800359a068b8af3133db,持卡人消费,学士楼商务网关,-0.4,264.15,2866,正常
2016/03/02 11:13:31,b1e6bfb1f7e7e9bffd49364e6dda6f6e28f5788d,126b3bb4d8afc2dfc996800359a068b8af3133db,持卡人消费,学士楼商务网关,-2.4,261.75,2867,正常
2016/03/02 11:15:52,b1e6bfb1f7e7e9bffd49364e6dda6f6e28f5788d,126b3bb4d8afc2dfc996800359a068b8af3133db,持卡人消费,学士楼商务网关,-0.5,261.25,2868,正常
2016/03/02 16:54:05,b1e6bfb1f7e7e9bffd49364e6dda6f6e28f5788d,126b3bb4d8afc2dfc996800359a068b8af3133db,持卡人消费,一校区水控新,-0.78,260.47,2869,正常
2016/03/02 17:03:40,b1e6bfb1f7e7e9bffd49364e6dda6f6e28f5788d,126b3bb4d8afc2dfc996800359a068b8af3133db,持卡人消费,一校区水控新,-1.39,259.08,2870,正常
2016/03/03 16:53:07,b1e6bfb1f7e7e9bffd49364e6dda6f6e28f5788d,126b3bb4d8afc2dfc996800359a068b8af3133db,持卡人消费,学苑楼商务网关,-0.8,258.28,2871,正常
2016/03/03 16:53:51,b1e6bfb1f7e7e9bffd49364e6dda6f6e28f5788d,126b3bb4d8afc2dfc996800359a068b8af3133db,持卡人消费,学苑楼商务网关,-7.0,251.28,2872,正常
2016/03/03 17:14:21,b1e6bfb1f7e7e9bffd49364e6dda6f6e28f5788d,126b3bb4d8afc2dfc996800359a068b8af3133db,持卡人消费,超市商务子系统,-16.8,234.48,2873,正常
2016/03/07 16:39:25,b1e6bfb1f7e7e9bffd49364e6dda6f6e28f5788d,126b3bb4d8afc2dfc996800359a068b8af3133db,持卡人消费,学苑楼商务网关,-10.0,224.48,2874,正常
2016/03/07 16:39:49,b1e6bfb1f7e7e9bffd49364e6dda6f6e28f5788d,126b3bb4d8afc2dfc996800359a068b8af3133db,持卡人消费,学苑楼商务网关,-1.0,223.48,2875,正常
2016/03/07 16:54:56,b1e6bfb1f7e7e9bffd49364e6dda6f6e28f5788d,126b3bb4d8afc2dfc996800359a068b8af3133db,持卡人消费,超市商务子系统,-13.0,210.48,2876,正常
2016/03/07 20:25:33,b1e6bfb1f7e7e9bffd49364e6dda6f6e28f5788d,126b3bb4d8afc2dfc996800359a068b8af3133db,持卡人消费,A7,-3.0,207.48,2877,正常
2016/03/09 17:35:43,b1e6bfb1f7e7e9bffd49364e6dda6f6e28f5788d,126b3bb4d8afc2dfc996800359a068b8af3133db,持卡人消费,学士楼商务网关,-0.4,207.08,2878,正常
2016/03/09 17:36:41,b1e6bfb1f7e7e9bffd49364e6dda6f6e28f5788d,126b3bb4d8afc2dfc996800359a068b8af3133db,持卡人消费,学士楼商务网关,-0.63,206.45,2879,正常
2016/03/09 17:37:10,b1e6bfb1f7e7e9bffd49364e6dda6f6e28f5788d,126b3bb4d8afc2dfc996800359a068b8af3133db,持卡人消费,学士楼商务网关,-1.95,204.50,2880,正常
2016/03/09 17:39:30,b1e6bfb1f7e7e9bffd49364e6dda6f6e28f5788d,126b3bb4d8afc2dfc996800359a068b8af3133db,持卡人消费,学士楼商务网关,-2.0,202.50,2881,正常
2016/03/09 17:54:45,b1e6bfb1f7e7e9bffd49364e6dda6f6e28f5788d,126b3bb4d8afc2dfc996800359a068b8af3133db,持卡人消费,硕果园（工大商店）,-12.3,190.20,2882,正常
2016/03/10 16:38:13,b1e6bfb1f7e7e9bffd49364e6dda6f6e28f5788d,126b3bb4d8afc2dfc996800359a068b8af3133db,持卡人消费,一校区水控新,-0.67,189.53,2883,正常
2016/03/10 16:46:05,b1e6bfb1f7e7e9bffd49364e6dda6f6e28f5788d,126b3bb4d8afc2dfc996800359a068b8af3133db,持卡人消费,一校区水控新,-1.08,188.45,2884,正常
2016/03/11 08:10:15,b1e6bfb1f7e7e9bffd49364e6dda6f6e28f5788d,126b3bb4d8afc2dfc996800359a068b8af3133db,持卡人消费,学士楼商务网关,-3.1,185.35,2885,正常
2016/03/11 08:12:28,b1e6bfb1f7e7e9bffd49364e6dda6f6e28f5788d,126b3bb4d8afc2dfc996800359a068b8af3133db,持卡人消费,学士楼商务网关,-1.5,183.85,2886,正常
2016/03/11 16:56:29,b1e6bfb1f7e7e9bffd49364e6dda6f6e28f5788d,126b3bb4d8afc2dfc996800359a068b8af3133db,持卡人消费,学苑楼商务网关,-8.0,175.85,2887,正常
2016/03/11 17:00:35,b1e6bfb1f7e7e9bffd49364e6dda6f6e28f5788d,126b3bb4d8afc2dfc996800359a068b8af3133db,持卡人消费,学苑楼商务网关,-4.0,171.85,2888,正常
2016/03/16 17:26:03,b1e6bfb1f7e7e9bffd49364e6dda6f6e28f5788d,126b3bb4d8afc2dfc996800359a068b8af3133db,持卡人消费,学苑楼商务网关,-8.4,163.45,2889,正常
2016/03/16 17:26:14,b1e6bfb1f7e7e9bffd49364e6dda6f6e28f5788d,126b3bb4d8afc2dfc996800359a068b8af3133db,持卡人消费,学苑楼商务网关,-3.5,159.95,2890,正常
2016/03/16 17:26:45,b1e6bfb1f7e7e9bffd49364e6dda6f6e28f5788d,126b3bb4d8afc2dfc996800359a068b8af3133db,持卡人消费,学苑楼商务网关,-0.4,159.55,2891,正常
2016/03/17 11:12:14,b1e6bfb1f7e7e9bffd49364e6dda6f6e28f5788d,126b3bb4d8afc2dfc996800359a068b8af3133db,持卡人消费,学士楼商务网关,-4.0,155.55,2892,正常
2016/03/17 11:12:53,b1e6bfb1f7e7e9bffd49364e6dda6f6e28f5788d,126b3bb4d8afc2dfc996800359a068b8af3133db,持卡人消费,学士楼商务网关,-0.4,155.15,2893,正常
2016/03/17 11:13:14,b1e6bfb1f7e7e9bffd49364e6dda6f6e28f5788d,126b3bb4d8afc2dfc996800359a068b8af3133db,持卡人消费,学士楼商务网关,-0.4,154.75,2894,正常
2016/03/19 16:22:01,b1e6bfb1f7e7e9bffd49364e6dda6f6e28f5788d,126b3bb4d8afc2dfc996800359a068b8af3133db,持卡人消费,一校区水控新,-0.7,154.05,2896,正常
2016/03/19 16:31:38,b1e6bfb1f7e7e9bffd49364e6dda6f6e28f5788d,126b3bb4d8afc2dfc996800359a068b8af3133db,持卡人消费,一校区水控新,-1.36,152.69,2898,正常
2016/03/23 21:29:47,b1e6bfb1f7e7e9bffd49364e6dda6f6e28f5788d,126b3bb4d8afc2dfc996800359a068b8af3133db,持卡人消费,A7,-3.0,149.69,2899,正常
2016/03/24 18:29:18,b1e6bfb1f7e7e9bffd49364e6dda6f6e28f5788d,126b3bb4d8afc2dfc996800359a068b8af3133db,持卡人消费,A7,-3.0,144.70,2904,正常
2016/03/27 10:48:07,b1e6bfb1f7e7e9bffd49364e6dda6f6e28f5788d,126b3bb4d8afc2dfc996800359a068b8af3133db,持卡人消费,学苑楼商务网关,-7.0,137.70,2905,正常
2016/03/27 10:49:11,b1e6bfb1f7e7e9bffd49364e6dda6f6e28f5788d,126b3bb4d8afc2dfc996800359a068b8af3133db,持卡人消费,学苑楼商务网关,-3.4,134.30,2906,正常
2016/03/27 10:49:47,b1e6bfb1f7e7e9bffd49364e6dda6f6e28f5788d,126b3bb4d8afc2dfc996800359a068b8af3133db,持卡人消费,学苑楼商务网关,-3.0,131.30,2907,正常
2016/03/29 10:28:59,b1e6bfb1f7e7e9bffd49364e6dda6f6e28f5788d,126b3bb4d8afc2dfc996800359a068b8af3133db,持卡人消费,学苑楼商务网关,-1.0,130.30,2908,正常
2016/03/29 10:30:32,b1e6bfb1f7e7e9bffd49364e6dda6f6e28f5788d,126b3bb4d8afc2dfc996800359a068b8af3133db,持卡人消费,学苑楼商务网关,-2.1,128.20,2909,正常
2016/03/29 10:31:26,b1e6bfb1f7e7e9bffd49364e6dda6f6e28f5788d,126b3bb4d8afc2dfc996800359a068b8af3133db,持卡人消费,学苑楼商务网关,-4.0,124.20,2910,正常
2016/03/30 10:51:20,b1e6bfb1f7e7e9bffd49364e6dda6f6e28f5788d,126b3bb4d8afc2dfc996800359a068b8af3133db,持卡人消费,学苑楼商务网关,-0.4,123.80,2911,正常
2016/03/30 10:52:05,b1e6bfb1f7e7e9bffd49364e6dda6f6e28f5788d,126b3bb4d8afc2dfc996800359a068b8af3133db,持卡人消费,学苑楼商务网关,-1.5,122.30,2912,正常
2016/03/30 10:52:55,b1e6bfb1f7e7e9bffd49364e6dda6f6e28f5788d,126b3bb4d8afc2dfc996800359a068b8af3133db,持卡人消费,学苑楼商务网关,-3.6,118.70,2913,正常
2016/03/30 10:54:06,b1e6bfb1f7e7e9bffd49364e6dda6f6e28f5788d,126b3bb4d8afc2dfc996800359a068b8af3133db,存款,现金充值机,200.0,318.70,2914,正常
