交易发生时间,学号,姓名,交易类型,子系统名称,交易额,现有余额,次数,状态
2016/03/02 17:31:58,c04a8ca12b67f6c6c16ddd0169eabc572cbb001b,127d5da5d39c8e6aa79b5e448b08135ad57584e5,持卡人消费,学苑楼商务网关,-2.5,181.45,3263,正常
2016/03/03 11:20:46,c04a8ca12b67f6c6c16ddd0169eabc572cbb001b,127d5da5d39c8e6aa79b5e448b08135ad57584e5,持卡人消费,硕果园（工大商店）,-12.0,169.45,3264,正常
2016/03/03 11:21:55,c04a8ca12b67f6c6c16ddd0169eabc572cbb001b,127d5da5d39c8e6aa79b5e448b08135ad57584e5,持卡人消费,硕果园（工大商店）,-5.0,164.45,3265,正常
2016/03/03 18:00:56,c04a8ca12b67f6c6c16ddd0169eabc572cbb001b,127d5da5d39c8e6aa79b5e448b08135ad57584e5,持卡人消费,超市商务子系统,-21.9,142.55,3266,正常
2016/03/03 19:03:39,c04a8ca12b67f6c6c16ddd0169eabc572cbb001b,127d5da5d39c8e6aa79b5e448b08135ad57584e5,持卡人消费,15公寓浴池,-2.0,140.55,3267,正常
2016/03/03 19:08:04,c04a8ca12b67f6c6c16ddd0169eabc572cbb001b,127d5da5d39c8e6aa79b5e448b08135ad57584e5,持卡人消费,15公寓浴池,-0.82,139.73,3269,正常
2016/03/03 19:11:23,c04a8ca12b67f6c6c16ddd0169eabc572cbb001b,127d5da5d39c8e6aa79b5e448b08135ad57584e5,持卡人消费,15公寓浴池,-0.08,139.65,3271,正常
2016/03/03 19:14:44,c04a8ca12b67f6c6c16ddd0169eabc572cbb001b,127d5da5d39c8e6aa79b5e448b08135ad57584e5,持卡人消费,15公寓浴池,-0.1,139.55,3273,正常
2016/03/03 19:24:40,c04a8ca12b67f6c6c16ddd0169eabc572cbb001b,127d5da5d39c8e6aa79b5e448b08135ad57584e5,持卡人消费,15公寓浴池,-0.27,139.28,3275,正常
2016/03/03 19:31:08,c04a8ca12b67f6c6c16ddd0169eabc572cbb001b,127d5da5d39c8e6aa79b5e448b08135ad57584e5,持卡人消费,15公寓浴池,-1.01,138.27,3277,正常
2016/03/07 21:04:30,c04a8ca12b67f6c6c16ddd0169eabc572cbb001b,127d5da5d39c8e6aa79b5e448b08135ad57584e5,持卡人消费,超市商务子系统,-8.8,129.47,3278,正常
2016/03/07 21:05:48,c04a8ca12b67f6c6c16ddd0169eabc572cbb001b,127d5da5d39c8e6aa79b5e448b08135ad57584e5,持卡人消费,超市商务子系统,-0.9,128.57,3279,正常
2016/03/08 11:25:54,c04a8ca12b67f6c6c16ddd0169eabc572cbb001b,127d5da5d39c8e6aa79b5e448b08135ad57584e5,持卡人消费,硕果园（工大商店）,-11.8,116.77,3280,正常
2016/03/10 11:29:38,c04a8ca12b67f6c6c16ddd0169eabc572cbb001b,127d5da5d39c8e6aa79b5e448b08135ad57584e5,持卡人消费,学苑楼商务网关,-10.0,106.77,3281,正常
2016/03/10 18:34:08,c04a8ca12b67f6c6c16ddd0169eabc572cbb001b,127d5da5d39c8e6aa79b5e448b08135ad57584e5,持卡人消费,超市商务子系统,-0.8,105.97,3282,正常
2016/03/10 19:30:00,c04a8ca12b67f6c6c16ddd0169eabc572cbb001b,127d5da5d39c8e6aa79b5e448b08135ad57584e5,持卡人消费,15公寓浴池,-0.22,105.75,3284,正常
2016/03/10 19:34:23,c04a8ca12b67f6c6c16ddd0169eabc572cbb001b,127d5da5d39c8e6aa79b5e448b08135ad57584e5,持卡人消费,15公寓浴池,-0.75,105.00,3286,正常
2016/03/10 19:44:55,c04a8ca12b67f6c6c16ddd0169eabc572cbb001b,127d5da5d39c8e6aa79b5e448b08135ad57584e5,持卡人消费,15公寓浴池,-2.0,103.00,3287,正常
2016/03/10 19:48:54,c04a8ca12b67f6c6c16ddd0169eabc572cbb001b,127d5da5d39c8e6aa79b5e448b08135ad57584e5,持卡人消费,15公寓浴池,-0.53,102.47,3289,正常
2016/03/10 20:00:17,c04a8ca12b67f6c6c16ddd0169eabc572cbb001b,127d5da5d39c8e6aa79b5e448b08135ad57584e5,持卡人消费,15公寓浴池,-0.24,102.23,3291,正常
2016/03/10 20:07:17,c04a8ca12b67f6c6c16ddd0169eabc572cbb001b,127d5da5d39c8e6aa79b5e448b08135ad57584e5,持卡人消费,15公寓浴池,-1.14,101.09,3293,正常
2016/03/14 11:58:12,c04a8ca12b67f6c6c16ddd0169eabc572cbb001b,127d5da5d39c8e6aa79b5e448b08135ad57584e5,持卡人消费,学士楼商务网关,-6.9,94.19,3294,正常
2016/03/14 12:21:10,c04a8ca12b67f6c6c16ddd0169eabc572cbb001b,127d5da5d39c8e6aa79b5e448b08135ad57584e5,持卡人消费,超市商务子系统,-18.2,75.99,3295,正常
2016/03/14 12:24:40,c04a8ca12b67f6c6c16ddd0169eabc572cbb001b,127d5da5d39c8e6aa79b5e448b08135ad57584e5,持卡人消费,超市商务子系统,-2.4,73.59,3296,正常
2016/03/16 11:01:06,c04a8ca12b67f6c6c16ddd0169eabc572cbb001b,127d5da5d39c8e6aa79b5e448b08135ad57584e5,持卡人消费,学苑楼商务网关,-7.0,66.59,3297,正常
2016/03/18 14:18:39,c04a8ca12b67f6c6c16ddd0169eabc572cbb001b,127d5da5d39c8e6aa79b5e448b08135ad57584e5,持卡人消费,15公寓浴池,-2.0,64.59,3298,正常
2016/03/18 14:26:50,c04a8ca12b67f6c6c16ddd0169eabc572cbb001b,127d5da5d39c8e6aa79b5e448b08135ad57584e5,持卡人消费,15公寓浴池,-1.57,63.02,3300,正常
2016/03/18 14:31:59,c04a8ca12b67f6c6c16ddd0169eabc572cbb001b,127d5da5d39c8e6aa79b5e448b08135ad57584e5,持卡人消费,15公寓浴池,-0.14,62.88,3302,正常
2016/03/18 14:44:52,c04a8ca12b67f6c6c16ddd0169eabc572cbb001b,127d5da5d39c8e6aa79b5e448b08135ad57584e5,持卡人消费,15公寓浴池,-0.21,62.67,3304,正常
2016/03/18 14:52:26,c04a8ca12b67f6c6c16ddd0169eabc572cbb001b,127d5da5d39c8e6aa79b5e448b08135ad57584e5,持卡人消费,15公寓浴池,-1.18,61.49,3306,正常
2016/03/18 14:53:51,c04a8ca12b67f6c6c16ddd0169eabc572cbb001b,127d5da5d39c8e6aa79b5e448b08135ad57584e5,持卡人消费,15公寓浴池,-0.05,61.44,3308,正常
2016/03/22 11:06:03,c04a8ca12b67f6c6c16ddd0169eabc572cbb001b,127d5da5d39c8e6aa79b5e448b08135ad57584e5,持卡人消费,学苑楼商务网关,-7.0,54.44,3309,正常
2016/03/23 11:25:44,c04a8ca12b67f6c6c16ddd0169eabc572cbb001b,127d5da5d39c8e6aa79b5e448b08135ad57584e5,存款,学苑楼综合业务3,50.0,104.44,3310,正常
2016/03/23 11:28:35,c04a8ca12b67f6c6c16ddd0169eabc572cbb001b,127d5da5d39c8e6aa79b5e448b08135ad57584e5,持卡人消费,学苑楼商务网关,-4.5,99.94,3311,正常
2016/03/24 15:35:58,c04a8ca12b67f6c6c16ddd0169eabc572cbb001b,127d5da5d39c8e6aa79b5e448b08135ad57584e5,持卡人消费,超市商务子系统,-17.9,82.04,3312,正常
2016/03/24 15:42:23,c04a8ca12b67f6c6c16ddd0169eabc572cbb001b,127d5da5d39c8e6aa79b5e448b08135ad57584e5,持卡人消费,超市商务子系统,-0.5,81.54,3313,正常
2016/03/24 15:42:25,c04a8ca12b67f6c6c16ddd0169eabc572cbb001b,127d5da5d39c8e6aa79b5e448b08135ad57584e5,持卡人消费,超市商务子系统,-0.2,81.34,3314,正常
2016/03/24 19:12:23,c04a8ca12b67f6c6c16ddd0169eabc572cbb001b,127d5da5d39c8e6aa79b5e448b08135ad57584e5,持卡人消费,超市商务子系统,-0.4,80.94,3315,正常
2016/03/24 19:16:43,c04a8ca12b67f6c6c16ddd0169eabc572cbb001b,127d5da5d39c8e6aa79b5e448b08135ad57584e5,持卡人消费,超市商务子系统,-0.9,80.04,3316,正常
2016/03/25 16:28:02,c04a8ca12b67f6c6c16ddd0169eabc572cbb001b,127d5da5d39c8e6aa79b5e448b08135ad57584e5,持卡人消费,15公寓浴池,-2.0,78.04,3317,正常
2016/03/25 16:33:43,c04a8ca12b67f6c6c16ddd0169eabc572cbb001b,127d5da5d39c8e6aa79b5e448b08135ad57584e5,持卡人消费,15公寓浴池,-0.13,77.91,3319,正常
2016/03/25 16:47:07,c04a8ca12b67f6c6c16ddd0169eabc572cbb001b,127d5da5d39c8e6aa79b5e448b08135ad57584e5,持卡人消费,15公寓浴池,-0.38,77.53,3321,正常
2016/03/25 16:54:08,c04a8ca12b67f6c6c16ddd0169eabc572cbb001b,127d5da5d39c8e6aa79b5e448b08135ad57584e5,持卡人消费,15公寓浴池,-1.04,76.49,3323,正常
