交易发生时间,学号,姓名,交易类型,子系统名称,交易额,现有余额,次数,状态
2016/03/01 20:18:30,a4d41e18dc692e27bbbdbbbf47766ddaf8c3ea39,1284dabaf7ffec4e1cc6bbf956b4cf04d2195df7,持卡人消费,超市商务子系统,-13.8,69.73,2388,正常
2016/03/01 20:22:32,a4d41e18dc692e27bbbdbbbf47766ddaf8c3ea39,1284dabaf7ffec4e1cc6bbf956b4cf04d2195df7,持卡人消费,超市商务子系统,-3.8,65.93,2389,正常
2016/03/02 15:44:49,a4d41e18dc692e27bbbdbbbf47766ddaf8c3ea39,1284dabaf7ffec4e1cc6bbf956b4cf04d2195df7,持卡人消费,超市商务子系统,-6.0,59.93,2390,正常
2016/03/02 17:45:28,a4d41e18dc692e27bbbdbbbf47766ddaf8c3ea39,1284dabaf7ffec4e1cc6bbf956b4cf04d2195df7,持卡人消费,学士楼商务网关,-6.2,53.73,2391,正常
2016/03/03 21:26:16,a4d41e18dc692e27bbbdbbbf47766ddaf8c3ea39,1284dabaf7ffec4e1cc6bbf956b4cf04d2195df7,持卡人消费,超市商务子系统,-6.3,47.43,2392,正常
2016/03/05 17:24:43,a4d41e18dc692e27bbbdbbbf47766ddaf8c3ea39,1284dabaf7ffec4e1cc6bbf956b4cf04d2195df7,持卡人消费,学士楼商务网关,-7.2,40.23,2393,正常
2016/03/05 17:24:45,a4d41e18dc692e27bbbdbbbf47766ddaf8c3ea39,1284dabaf7ffec4e1cc6bbf956b4cf04d2195df7,持卡人消费,学士楼商务网关,-7.7,32.53,2394,正常
2016/03/05 20:29:12,a4d41e18dc692e27bbbdbbbf47766ddaf8c3ea39,1284dabaf7ffec4e1cc6bbf956b4cf04d2195df7,持卡人消费,超市商务子系统,-14.4,18.13,2395,正常
2016/03/05 20:46:19,a4d41e18dc692e27bbbdbbbf47766ddaf8c3ea39,1284dabaf7ffec4e1cc6bbf956b4cf04d2195df7,持卡人消费,A15,-6.0,12.13,2396,正常
2016/03/06 17:09:49,a4d41e18dc692e27bbbdbbbf47766ddaf8c3ea39,1284dabaf7ffec4e1cc6bbf956b4cf04d2195df7,持卡人消费,学苑楼商务网关,-2.5,9.63,2397,正常
2016/03/06 17:10:38,a4d41e18dc692e27bbbdbbbf47766ddaf8c3ea39,1284dabaf7ffec4e1cc6bbf956b4cf04d2195df7,持卡人消费,学苑楼商务网关,-0.25,9.38,2398,正常
2016/03/06 17:11:33,a4d41e18dc692e27bbbdbbbf47766ddaf8c3ea39,1284dabaf7ffec4e1cc6bbf956b4cf04d2195df7,持卡人消费,学苑楼商务网关,-3.5,5.88,2399,正常
2016/03/09 17:29:36,a4d41e18dc692e27bbbdbbbf47766ddaf8c3ea39,1284dabaf7ffec4e1cc6bbf956b4cf04d2195df7,持卡人消费,学士楼商务网关,-5.5,0.38,2400,正常
2016/03/11 17:12:51,a4d41e18dc692e27bbbdbbbf47766ddaf8c3ea39,1284dabaf7ffec4e1cc6bbf956b4cf04d2195df7,存款,现金充值机,100.0,100.38,2401,正常
2016/03/11 17:31:45,a4d41e18dc692e27bbbdbbbf47766ddaf8c3ea39,1284dabaf7ffec4e1cc6bbf956b4cf04d2195df7,持卡人消费,学苑楼商务网关,-8.4,91.98,2402,正常
2016/03/11 17:31:59,a4d41e18dc692e27bbbdbbbf47766ddaf8c3ea39,1284dabaf7ffec4e1cc6bbf956b4cf04d2195df7,持卡人消费,学苑楼商务网关,-6.0,85.98,2403,正常
2016/03/11 17:33:22,a4d41e18dc692e27bbbdbbbf47766ddaf8c3ea39,1284dabaf7ffec4e1cc6bbf956b4cf04d2195df7,持卡人消费,学苑楼商务网关,-0.25,85.73,2404,正常
2016/03/11 21:10:56,a4d41e18dc692e27bbbdbbbf47766ddaf8c3ea39,1284dabaf7ffec4e1cc6bbf956b4cf04d2195df7,持卡人消费,超市商务子系统,-9.0,76.73,2405,正常
2016/03/11 21:15:56,a4d41e18dc692e27bbbdbbbf47766ddaf8c3ea39,1284dabaf7ffec4e1cc6bbf956b4cf04d2195df7,持卡人消费,超市商务子系统,-13.1,63.63,2406,正常
2016/03/11 21:19:13,a4d41e18dc692e27bbbdbbbf47766ddaf8c3ea39,1284dabaf7ffec4e1cc6bbf956b4cf04d2195df7,持卡人消费,超市商务子系统,-6.2,57.43,2407,正常
2016/03/12 11:44:30,a4d41e18dc692e27bbbdbbbf47766ddaf8c3ea39,1284dabaf7ffec4e1cc6bbf956b4cf04d2195df7,持卡人消费,学士楼商务网关,-6.0,51.43,2408,正常
2016/03/14 11:57:48,a4d41e18dc692e27bbbdbbbf47766ddaf8c3ea39,1284dabaf7ffec4e1cc6bbf956b4cf04d2195df7,持卡人消费,学士楼商务网关,-9.2,42.23,2409,正常
2016/03/14 11:59:03,a4d41e18dc692e27bbbdbbbf47766ddaf8c3ea39,1284dabaf7ffec4e1cc6bbf956b4cf04d2195df7,持卡人消费,学士楼商务网关,-7.2,35.03,2410,正常
2016/03/14 12:18:22,a4d41e18dc692e27bbbdbbbf47766ddaf8c3ea39,1284dabaf7ffec4e1cc6bbf956b4cf04d2195df7,持卡人消费,超市商务子系统,-9.7,25.33,2411,正常
2016/03/14 12:22:51,a4d41e18dc692e27bbbdbbbf47766ddaf8c3ea39,1284dabaf7ffec4e1cc6bbf956b4cf04d2195df7,持卡人消费,超市商务子系统,-6.6,18.73,2412,正常
2016/03/14 15:59:46,a4d41e18dc692e27bbbdbbbf47766ddaf8c3ea39,1284dabaf7ffec4e1cc6bbf956b4cf04d2195df7,持卡人消费,超市商务子系统,-4.2,14.53,2413,正常
2016/03/14 17:27:04,a4d41e18dc692e27bbbdbbbf47766ddaf8c3ea39,1284dabaf7ffec4e1cc6bbf956b4cf04d2195df7,持卡人消费,学士楼商务网关,-8.0,6.53,2414,正常
2016/03/15 12:00:45,a4d41e18dc692e27bbbdbbbf47766ddaf8c3ea39,1284dabaf7ffec4e1cc6bbf956b4cf04d2195df7,持卡人消费,学士楼商务网关,-6.0,0.53,2415,正常
2016/03/16 11:32:24,a4d41e18dc692e27bbbdbbbf47766ddaf8c3ea39,1284dabaf7ffec4e1cc6bbf956b4cf04d2195df7,存款,综合业务子系统,200.0,200.53,2416,正常
2016/03/16 11:37:13,a4d41e18dc692e27bbbdbbbf47766ddaf8c3ea39,1284dabaf7ffec4e1cc6bbf956b4cf04d2195df7,持卡人消费,学苑楼商务网关,-6.5,194.03,2417,正常
2016/03/16 11:58:47,a4d41e18dc692e27bbbdbbbf47766ddaf8c3ea39,1284dabaf7ffec4e1cc6bbf956b4cf04d2195df7,持卡人消费,超市商务子系统,-9.0,185.03,2418,正常
2016/03/16 12:02:13,a4d41e18dc692e27bbbdbbbf47766ddaf8c3ea39,1284dabaf7ffec4e1cc6bbf956b4cf04d2195df7,持卡人消费,超市商务子系统,-9.8,175.23,2419,正常
2016/03/16 12:03:43,a4d41e18dc692e27bbbdbbbf47766ddaf8c3ea39,1284dabaf7ffec4e1cc6bbf956b4cf04d2195df7,持卡人消费,超市商务子系统,-6.5,168.73,2420,正常
2016/03/16 15:32:03,a4d41e18dc692e27bbbdbbbf47766ddaf8c3ea39,1284dabaf7ffec4e1cc6bbf956b4cf04d2195df7,持卡人消费,超市商务子系统,-4.2,164.53,2421,正常
2016/03/17 16:48:58,a4d41e18dc692e27bbbdbbbf47766ddaf8c3ea39,1284dabaf7ffec4e1cc6bbf956b4cf04d2195df7,持卡人消费,学士楼商务网关,-11.0,153.53,2422,正常
2016/03/17 17:17:23,a4d41e18dc692e27bbbdbbbf47766ddaf8c3ea39,1284dabaf7ffec4e1cc6bbf956b4cf04d2195df7,持卡人消费,超市商务子系统,-5.5,148.03,2423,正常
2016/03/17 21:17:54,a4d41e18dc692e27bbbdbbbf47766ddaf8c3ea39,1284dabaf7ffec4e1cc6bbf956b4cf04d2195df7,持卡人消费,超市商务子系统,-12.8,135.23,2424,正常
2016/03/17 21:22:24,a4d41e18dc692e27bbbdbbbf47766ddaf8c3ea39,1284dabaf7ffec4e1cc6bbf956b4cf04d2195df7,持卡人消费,超市商务子系统,-8.2,127.03,2425,正常
2016/03/18 17:07:36,a4d41e18dc692e27bbbdbbbf47766ddaf8c3ea39,1284dabaf7ffec4e1cc6bbf956b4cf04d2195df7,持卡人消费,学士楼商务网关,-9.0,118.03,2426,正常
2016/03/18 17:49:24,a4d41e18dc692e27bbbdbbbf47766ddaf8c3ea39,1284dabaf7ffec4e1cc6bbf956b4cf04d2195df7,持卡人消费,超市商务子系统,-5.5,112.53,2427,正常
2016/03/18 19:54:45,a4d41e18dc692e27bbbdbbbf47766ddaf8c3ea39,1284dabaf7ffec4e1cc6bbf956b4cf04d2195df7,持卡人消费,超市商务子系统,-5.0,107.53,2428,正常
2016/03/18 19:55:43,a4d41e18dc692e27bbbdbbbf47766ddaf8c3ea39,1284dabaf7ffec4e1cc6bbf956b4cf04d2195df7,持卡人消费,超市商务子系统,-4.5,103.03,2429,正常
2016/03/19 19:37:41,a4d41e18dc692e27bbbdbbbf47766ddaf8c3ea39,1284dabaf7ffec4e1cc6bbf956b4cf04d2195df7,持卡人消费,超市商务子系统,-7.6,95.43,2430,正常
2016/03/19 19:47:39,a4d41e18dc692e27bbbdbbbf47766ddaf8c3ea39,1284dabaf7ffec4e1cc6bbf956b4cf04d2195df7,持卡人消费,A15,-9.0,86.43,2431,正常
2016/03/20 17:08:10,a4d41e18dc692e27bbbdbbbf47766ddaf8c3ea39,1284dabaf7ffec4e1cc6bbf956b4cf04d2195df7,持卡人消费,学士楼商务网关,-7.5,78.93,2432,正常
2016/03/20 17:41:23,a4d41e18dc692e27bbbdbbbf47766ddaf8c3ea39,1284dabaf7ffec4e1cc6bbf956b4cf04d2195df7,持卡人消费,超市商务子系统,-9.0,69.93,2433,正常
2016/03/20 17:44:42,a4d41e18dc692e27bbbdbbbf47766ddaf8c3ea39,1284dabaf7ffec4e1cc6bbf956b4cf04d2195df7,持卡人消费,超市商务子系统,-9.7,60.23,2434,正常
2016/03/20 17:51:05,a4d41e18dc692e27bbbdbbbf47766ddaf8c3ea39,1284dabaf7ffec4e1cc6bbf956b4cf04d2195df7,持卡人消费,超市商务子系统,-13.6,46.63,2435,正常
2016/03/21 11:57:20,a4d41e18dc692e27bbbdbbbf47766ddaf8c3ea39,1284dabaf7ffec4e1cc6bbf956b4cf04d2195df7,持卡人消费,学苑楼商务网关,-3.0,43.63,2436,正常
2016/03/21 11:58:32,a4d41e18dc692e27bbbdbbbf47766ddaf8c3ea39,1284dabaf7ffec4e1cc6bbf956b4cf04d2195df7,持卡人消费,学苑楼商务网关,-5.0,38.63,2437,正常
2016/03/21 12:31:07,a4d41e18dc692e27bbbdbbbf47766ddaf8c3ea39,1284dabaf7ffec4e1cc6bbf956b4cf04d2195df7,持卡人消费,超市商务子系统,-5.5,33.13,2438,正常
2016/03/21 17:01:32,a4d41e18dc692e27bbbdbbbf47766ddaf8c3ea39,1284dabaf7ffec4e1cc6bbf956b4cf04d2195df7,持卡人消费,游泳馆,-6.0,27.13,2439,正常
2016/03/22 12:04:05,a4d41e18dc692e27bbbdbbbf47766ddaf8c3ea39,1284dabaf7ffec4e1cc6bbf956b4cf04d2195df7,持卡人消费,超市商务子系统,-10.2,16.93,2440,正常
2016/03/23 17:12:27,a4d41e18dc692e27bbbdbbbf47766ddaf8c3ea39,1284dabaf7ffec4e1cc6bbf956b4cf04d2195df7,持卡人消费,硕果园（工大商店）,-8.0,8.93,2441,正常
2016/03/25 10:44:53,a4d41e18dc692e27bbbdbbbf47766ddaf8c3ea39,1284dabaf7ffec4e1cc6bbf956b4cf04d2195df7,存款,现金充值机,100.0,108.93,2442,正常
2016/03/25 11:01:45,a4d41e18dc692e27bbbdbbbf47766ddaf8c3ea39,1284dabaf7ffec4e1cc6bbf956b4cf04d2195df7,持卡人消费,学苑楼商务网关,-3.6,105.33,2443,正常
2016/03/25 11:03:25,a4d41e18dc692e27bbbdbbbf47766ddaf8c3ea39,1284dabaf7ffec4e1cc6bbf956b4cf04d2195df7,持卡人消费,学苑楼商务网关,-3.1,102.23,2444,正常
2016/03/25 11:18:24,a4d41e18dc692e27bbbdbbbf47766ddaf8c3ea39,1284dabaf7ffec4e1cc6bbf956b4cf04d2195df7,持卡人消费,网络中心,-30.0,72.23,2445,正常
2016/03/27 12:38:43,a4d41e18dc692e27bbbdbbbf47766ddaf8c3ea39,1284dabaf7ffec4e1cc6bbf956b4cf04d2195df7,持卡人消费,学士楼商务网关,-0.2,72.03,2446,正常
2016/03/27 12:39:59,a4d41e18dc692e27bbbdbbbf47766ddaf8c3ea39,1284dabaf7ffec4e1cc6bbf956b4cf04d2195df7,持卡人消费,学士楼商务网关,-2.0,70.03,2447,正常
2016/03/27 12:57:03,a4d41e18dc692e27bbbdbbbf47766ddaf8c3ea39,1284dabaf7ffec4e1cc6bbf956b4cf04d2195df7,持卡人消费,超市商务子系统,-9.0,61.03,2448,正常
2016/03/28 11:50:35,a4d41e18dc692e27bbbdbbbf47766ddaf8c3ea39,1284dabaf7ffec4e1cc6bbf956b4cf04d2195df7,持卡人消费,学苑楼商务网关,-3.0,58.03,2449,正常
2016/03/28 11:52:30,a4d41e18dc692e27bbbdbbbf47766ddaf8c3ea39,1284dabaf7ffec4e1cc6bbf956b4cf04d2195df7,持卡人消费,学苑楼商务网关,-3.0,55.03,2450,正常
2016/03/29 12:00:59,a4d41e18dc692e27bbbdbbbf47766ddaf8c3ea39,1284dabaf7ffec4e1cc6bbf956b4cf04d2195df7,持卡人消费,超市商务子系统,-2.5,52.53,2451,正常
2016/03/29 12:04:52,a4d41e18dc692e27bbbdbbbf47766ddaf8c3ea39,1284dabaf7ffec4e1cc6bbf956b4cf04d2195df7,持卡人消费,超市商务子系统,-4.0,48.53,2452,正常
2016/03/29 12:11:13,a4d41e18dc692e27bbbdbbbf47766ddaf8c3ea39,1284dabaf7ffec4e1cc6bbf956b4cf04d2195df7,持卡人消费,硕果园（工大商店）,-9.0,39.53,2453,正常
