交易发生时间,学号,姓名,交易类型,子系统名称,交易额,现有余额,次数,状态
2016/03/01 09:15:14,2c54f478ca950cd315f0ce185c35ae850215ad2e,12b26568976dd10b8d41e4f89717ceb4bac11ec3,持卡人消费,超市商务子系统,-4.0,142.60,5516,正常
2016/03/01 12:51:00,2c54f478ca950cd315f0ce185c35ae850215ad2e,12b26568976dd10b8d41e4f89717ceb4bac11ec3,持卡人消费,学士楼商务网关,-5.0,137.60,5517,正常
2016/03/01 12:52:03,2c54f478ca950cd315f0ce185c35ae850215ad2e,12b26568976dd10b8d41e4f89717ceb4bac11ec3,持卡人消费,学士楼商务网关,-1.9,135.70,5518,正常
2016/03/01 13:19:23,2c54f478ca950cd315f0ce185c35ae850215ad2e,12b26568976dd10b8d41e4f89717ceb4bac11ec3,持卡人消费,学士楼商务网关,-0.1,135.60,5519,正常
2016/03/01 19:56:32,2c54f478ca950cd315f0ce185c35ae850215ad2e,12b26568976dd10b8d41e4f89717ceb4bac11ec3,持卡人消费,学士楼商务网关,-3.0,132.60,5520,正常
2016/03/01 19:57:21,2c54f478ca950cd315f0ce185c35ae850215ad2e,12b26568976dd10b8d41e4f89717ceb4bac11ec3,持卡人消费,学士楼商务网关,-2.0,130.60,5521,正常
2016/03/01 19:57:42,2c54f478ca950cd315f0ce185c35ae850215ad2e,12b26568976dd10b8d41e4f89717ceb4bac11ec3,持卡人消费,学士楼商务网关,-2.5,128.10,5522,正常
2016/03/02 12:17:25,2c54f478ca950cd315f0ce185c35ae850215ad2e,12b26568976dd10b8d41e4f89717ceb4bac11ec3,持卡人消费,学苑楼商务网关,-8.5,119.60,5523,正常
2016/03/02 18:07:38,2c54f478ca950cd315f0ce185c35ae850215ad2e,12b26568976dd10b8d41e4f89717ceb4bac11ec3,持卡人消费,学苑楼商务网关,-8.0,111.60,5524,正常
2016/03/03 09:38:12,2c54f478ca950cd315f0ce185c35ae850215ad2e,12b26568976dd10b8d41e4f89717ceb4bac11ec3,持卡人消费,超市商务子系统,-5.2,106.40,5525,正常
2016/03/03 12:32:00,2c54f478ca950cd315f0ce185c35ae850215ad2e,12b26568976dd10b8d41e4f89717ceb4bac11ec3,持卡人消费,学士楼商务网关,-6.0,100.40,5526,正常
2016/03/03 12:33:29,2c54f478ca950cd315f0ce185c35ae850215ad2e,12b26568976dd10b8d41e4f89717ceb4bac11ec3,持卡人消费,学士楼商务网关,-0.4,100.00,5527,正常
2016/03/03 12:34:53,2c54f478ca950cd315f0ce185c35ae850215ad2e,12b26568976dd10b8d41e4f89717ceb4bac11ec3,持卡人消费,学士楼商务网关,-2.0,98.00,5528,正常
2016/03/03 18:11:53,2c54f478ca950cd315f0ce185c35ae850215ad2e,12b26568976dd10b8d41e4f89717ceb4bac11ec3,持卡人消费,学苑楼商务网关,-7.0,91.00,5529,正常
2016/03/04 15:26:22,2c54f478ca950cd315f0ce185c35ae850215ad2e,12b26568976dd10b8d41e4f89717ceb4bac11ec3,持卡人消费,超市商务子系统,-10.0,81.00,5530,正常
2016/03/05 12:25:35,2c54f478ca950cd315f0ce185c35ae850215ad2e,12b26568976dd10b8d41e4f89717ceb4bac11ec3,持卡人消费,学士楼商务网关,-3.0,78.00,5531,正常
2016/03/05 18:23:52,2c54f478ca950cd315f0ce185c35ae850215ad2e,12b26568976dd10b8d41e4f89717ceb4bac11ec3,持卡人消费,学苑楼商务网关,-6.0,72.00,5532,正常
2016/03/05 18:57:55,2c54f478ca950cd315f0ce185c35ae850215ad2e,12b26568976dd10b8d41e4f89717ceb4bac11ec3,持卡人消费,超市商务子系统,-4.2,67.80,5533,正常
2016/03/06 12:26:38,2c54f478ca950cd315f0ce185c35ae850215ad2e,12b26568976dd10b8d41e4f89717ceb4bac11ec3,持卡人消费,学苑楼商务网关,-8.0,59.80,5534,正常
2016/03/06 13:29:56,2c54f478ca950cd315f0ce185c35ae850215ad2e,12b26568976dd10b8d41e4f89717ceb4bac11ec3,持卡人消费,超市商务子系统,-4.9,54.90,5535,正常
2016/03/07 11:03:17,2c54f478ca950cd315f0ce185c35ae850215ad2e,12b26568976dd10b8d41e4f89717ceb4bac11ec3,持卡人消费,超市商务子系统,-4.0,50.90,5536,正常
2016/03/07 12:23:14,2c54f478ca950cd315f0ce185c35ae850215ad2e,12b26568976dd10b8d41e4f89717ceb4bac11ec3,持卡人消费,学苑楼商务网关,-7.9,43.00,5537,正常
2016/03/07 18:06:24,2c54f478ca950cd315f0ce185c35ae850215ad2e,12b26568976dd10b8d41e4f89717ceb4bac11ec3,持卡人消费,学士楼商务网关,-2.9,40.10,5538,正常
2016/03/07 18:06:38,2c54f478ca950cd315f0ce185c35ae850215ad2e,12b26568976dd10b8d41e4f89717ceb4bac11ec3,持卡人消费,学士楼商务网关,-7.0,33.10,5539,正常
2016/03/07 18:07:09,2c54f478ca950cd315f0ce185c35ae850215ad2e,12b26568976dd10b8d41e4f89717ceb4bac11ec3,持卡人消费,学士楼商务网关,-2.0,31.10,5540,正常
2016/03/07 18:19:26,2c54f478ca950cd315f0ce185c35ae850215ad2e,12b26568976dd10b8d41e4f89717ceb4bac11ec3,持卡人消费,学士楼商务网关,-2.5,28.60,5541,正常
2016/03/08 09:17:56,2c54f478ca950cd315f0ce185c35ae850215ad2e,12b26568976dd10b8d41e4f89717ceb4bac11ec3,持卡人消费,超市商务子系统,-0.9,27.70,5542,正常
2016/03/08 12:03:35,2c54f478ca950cd315f0ce185c35ae850215ad2e,12b26568976dd10b8d41e4f89717ceb4bac11ec3,持卡人消费,学苑楼商务网关,-0.5,27.20,5543,正常
2016/03/08 12:04:10,2c54f478ca950cd315f0ce185c35ae850215ad2e,12b26568976dd10b8d41e4f89717ceb4bac11ec3,持卡人消费,学苑楼商务网关,-3.5,23.70,5544,正常
2016/03/08 12:05:36,2c54f478ca950cd315f0ce185c35ae850215ad2e,12b26568976dd10b8d41e4f89717ceb4bac11ec3,持卡人消费,学苑楼商务网关,-1.0,22.70,5545,正常
2016/03/08 16:58:09,2c54f478ca950cd315f0ce185c35ae850215ad2e,12b26568976dd10b8d41e4f89717ceb4bac11ec3,持卡人消费,超市商务子系统,-3.8,18.90,5546,正常
2016/03/08 18:46:44,2c54f478ca950cd315f0ce185c35ae850215ad2e,12b26568976dd10b8d41e4f89717ceb4bac11ec3,持卡人消费,学士楼商务网关,-7.5,11.40,5547,正常
2016/03/08 18:46:53,2c54f478ca950cd315f0ce185c35ae850215ad2e,12b26568976dd10b8d41e4f89717ceb4bac11ec3,持卡人消费,学士楼商务网关,-0.4,11.00,5548,正常
2016/03/09 10:37:03,2c54f478ca950cd315f0ce185c35ae850215ad2e,12b26568976dd10b8d41e4f89717ceb4bac11ec3,持卡人消费,超市商务子系统,-1.2,9.80,5549,正常
2016/03/09 12:57:01,2c54f478ca950cd315f0ce185c35ae850215ad2e,12b26568976dd10b8d41e4f89717ceb4bac11ec3,持卡人消费,学士楼商务网关,-8.0,1.80,5550,正常
2016/03/09 18:36:55,2c54f478ca950cd315f0ce185c35ae850215ad2e,12b26568976dd10b8d41e4f89717ceb4bac11ec3,存款,现金充值机,100.0,101.80,5551,正常
2016/03/09 18:52:10,2c54f478ca950cd315f0ce185c35ae850215ad2e,12b26568976dd10b8d41e4f89717ceb4bac11ec3,存款,学苑楼综合业务2,100.0,201.80,5552,正常
2016/03/10 10:29:03,2c54f478ca950cd315f0ce185c35ae850215ad2e,12b26568976dd10b8d41e4f89717ceb4bac11ec3,持卡人消费,超市商务子系统,-7.4,194.40,5553,正常
2016/03/10 12:32:39,2c54f478ca950cd315f0ce185c35ae850215ad2e,12b26568976dd10b8d41e4f89717ceb4bac11ec3,持卡人消费,学士楼商务网关,-3.9,190.50,5554,正常
2016/03/10 12:32:46,2c54f478ca950cd315f0ce185c35ae850215ad2e,12b26568976dd10b8d41e4f89717ceb4bac11ec3,持卡人消费,学士楼商务网关,-2.5,188.00,5555,正常
2016/03/10 18:38:52,2c54f478ca950cd315f0ce185c35ae850215ad2e,12b26568976dd10b8d41e4f89717ceb4bac11ec3,持卡人消费,学士楼商务网关,-5.5,182.50,5556,正常
2016/03/10 18:39:29,2c54f478ca950cd315f0ce185c35ae850215ad2e,12b26568976dd10b8d41e4f89717ceb4bac11ec3,持卡人消费,学士楼商务网关,-1.0,181.50,5557,正常
2016/03/11 10:49:02,2c54f478ca950cd315f0ce185c35ae850215ad2e,12b26568976dd10b8d41e4f89717ceb4bac11ec3,持卡人消费,超市商务子系统,-11.2,170.30,5558,正常
2016/03/11 12:27:45,2c54f478ca950cd315f0ce185c35ae850215ad2e,12b26568976dd10b8d41e4f89717ceb4bac11ec3,持卡人消费,学士楼商务网关,-6.0,164.30,5559,正常
2016/03/11 17:38:44,2c54f478ca950cd315f0ce185c35ae850215ad2e,12b26568976dd10b8d41e4f89717ceb4bac11ec3,持卡人消费,学苑楼商务网关,-6.0,158.30,5560,正常
2016/03/12 08:12:38,2c54f478ca950cd315f0ce185c35ae850215ad2e,12b26568976dd10b8d41e4f89717ceb4bac11ec3,持卡人消费,学士楼商务网关,-1.7,156.60,5561,正常
2016/03/12 11:43:26,2c54f478ca950cd315f0ce185c35ae850215ad2e,12b26568976dd10b8d41e4f89717ceb4bac11ec3,持卡人消费,学士楼商务网关,-8.0,148.60,5562,正常
2016/03/12 18:12:02,2c54f478ca950cd315f0ce185c35ae850215ad2e,12b26568976dd10b8d41e4f89717ceb4bac11ec3,持卡人消费,学苑楼商务网关,-6.0,142.60,5563,正常
2016/03/12 18:46:12,2c54f478ca950cd315f0ce185c35ae850215ad2e,12b26568976dd10b8d41e4f89717ceb4bac11ec3,持卡人消费,超市商务子系统,-4.2,138.40,5564,正常
2016/03/14 09:07:22,2c54f478ca950cd315f0ce185c35ae850215ad2e,12b26568976dd10b8d41e4f89717ceb4bac11ec3,持卡人消费,超市商务子系统,-8.0,96.20,5573,正常
2016/03/14 12:23:03,2c54f478ca950cd315f0ce185c35ae850215ad2e,12b26568976dd10b8d41e4f89717ceb4bac11ec3,持卡人消费,学苑楼商务网关,-7.0,89.20,5574,正常
2016/03/14 17:38:03,2c54f478ca950cd315f0ce185c35ae850215ad2e,12b26568976dd10b8d41e4f89717ceb4bac11ec3,持卡人消费,学苑楼商务网关,-6.0,83.20,5575,正常
2016/03/14 17:41:28,2c54f478ca950cd315f0ce185c35ae850215ad2e,12b26568976dd10b8d41e4f89717ceb4bac11ec3,持卡人消费,学苑楼商务网关,-0.8,82.40,5576,正常
2016/03/15 10:23:27,2c54f478ca950cd315f0ce185c35ae850215ad2e,12b26568976dd10b8d41e4f89717ceb4bac11ec3,持卡人消费,超市商务子系统,-8.2,74.20,5577,正常
2016/03/15 12:10:20,2c54f478ca950cd315f0ce185c35ae850215ad2e,12b26568976dd10b8d41e4f89717ceb4bac11ec3,持卡人消费,学士楼商务网关,-7.5,66.70,5578,正常
2016/03/15 12:12:09,2c54f478ca950cd315f0ce185c35ae850215ad2e,12b26568976dd10b8d41e4f89717ceb4bac11ec3,持卡人消费,学士楼商务网关,-1.0,65.70,5579,正常
2016/03/15 17:37:23,2c54f478ca950cd315f0ce185c35ae850215ad2e,12b26568976dd10b8d41e4f89717ceb4bac11ec3,持卡人消费,学苑楼商务网关,-8.0,57.70,5580,正常
2016/03/15 17:38:57,2c54f478ca950cd315f0ce185c35ae850215ad2e,12b26568976dd10b8d41e4f89717ceb4bac11ec3,持卡人消费,学苑楼商务网关,-1.5,56.20,5581,正常
2016/03/17 09:30:37,2c54f478ca950cd315f0ce185c35ae850215ad2e,12b26568976dd10b8d41e4f89717ceb4bac11ec3,持卡人消费,超市商务子系统,-8.5,47.70,5582,正常
2016/03/17 12:20:21,2c54f478ca950cd315f0ce185c35ae850215ad2e,12b26568976dd10b8d41e4f89717ceb4bac11ec3,持卡人消费,学苑楼商务网关,-7.0,40.70,5583,正常
2016/03/17 18:03:53,2c54f478ca950cd315f0ce185c35ae850215ad2e,12b26568976dd10b8d41e4f89717ceb4bac11ec3,持卡人消费,学苑楼商务网关,-6.0,34.70,5584,正常
2016/03/18 10:37:55,2c54f478ca950cd315f0ce185c35ae850215ad2e,12b26568976dd10b8d41e4f89717ceb4bac11ec3,持卡人消费,超市商务子系统,-8.5,26.20,5585,正常
2016/03/18 12:26:53,2c54f478ca950cd315f0ce185c35ae850215ad2e,12b26568976dd10b8d41e4f89717ceb4bac11ec3,持卡人消费,学苑楼商务网关,-7.0,19.20,5586,正常
2016/03/18 13:02:41,2c54f478ca950cd315f0ce185c35ae850215ad2e,12b26568976dd10b8d41e4f89717ceb4bac11ec3,持卡人消费,超市商务子系统,-7.9,11.30,5587,正常
2016/03/19 11:15:25,2c54f478ca950cd315f0ce185c35ae850215ad2e,12b26568976dd10b8d41e4f89717ceb4bac11ec3,存款,现金充值机,200.0,211.30,5588,正常
2016/03/19 11:31:51,2c54f478ca950cd315f0ce185c35ae850215ad2e,12b26568976dd10b8d41e4f89717ceb4bac11ec3,持卡人消费,学苑楼商务网关,-0.5,210.80,5589,正常
2016/03/19 11:32:33,2c54f478ca950cd315f0ce185c35ae850215ad2e,12b26568976dd10b8d41e4f89717ceb4bac11ec3,持卡人消费,学苑楼商务网关,-3.5,207.30,5590,正常
2016/03/19 11:34:27,2c54f478ca950cd315f0ce185c35ae850215ad2e,12b26568976dd10b8d41e4f89717ceb4bac11ec3,持卡人消费,学苑楼商务网关,-3.0,204.30,5591,正常
2016/03/19 12:12:48,2c54f478ca950cd315f0ce185c35ae850215ad2e,12b26568976dd10b8d41e4f89717ceb4bac11ec3,持卡人消费,超市商务子系统,-4.0,200.30,5592,正常
2016/03/19 17:59:57,2c54f478ca950cd315f0ce185c35ae850215ad2e,12b26568976dd10b8d41e4f89717ceb4bac11ec3,持卡人消费,学苑楼商务网关,-6.0,194.30,5593,正常
2016/03/19 18:01:32,2c54f478ca950cd315f0ce185c35ae850215ad2e,12b26568976dd10b8d41e4f89717ceb4bac11ec3,持卡人消费,学苑楼商务网关,-0.8,193.50,5594,正常
2016/03/19 18:01:48,2c54f478ca950cd315f0ce185c35ae850215ad2e,12b26568976dd10b8d41e4f89717ceb4bac11ec3,持卡人消费,学苑楼商务网关,-1.5,192.00,5595,正常
2016/03/20 10:56:50,2c54f478ca950cd315f0ce185c35ae850215ad2e,12b26568976dd10b8d41e4f89717ceb4bac11ec3,持卡人消费,学苑楼商务网关,-7.0,185.00,5596,正常
2016/03/20 10:57:41,2c54f478ca950cd315f0ce185c35ae850215ad2e,12b26568976dd10b8d41e4f89717ceb4bac11ec3,持卡人消费,学苑楼商务网关,-4.0,181.00,5597,正常
2016/03/20 10:58:42,2c54f478ca950cd315f0ce185c35ae850215ad2e,12b26568976dd10b8d41e4f89717ceb4bac11ec3,持卡人消费,学苑楼商务网关,-3.0,178.00,5598,正常
2016/03/20 11:00:08,2c54f478ca950cd315f0ce185c35ae850215ad2e,12b26568976dd10b8d41e4f89717ceb4bac11ec3,持卡人消费,学苑楼商务网关,-0.5,177.50,5599,正常
2016/03/20 17:14:46,2c54f478ca950cd315f0ce185c35ae850215ad2e,12b26568976dd10b8d41e4f89717ceb4bac11ec3,持卡人消费,15公寓浴池,-0.08,177.42,5601,正常
2016/03/20 17:19:44,2c54f478ca950cd315f0ce185c35ae850215ad2e,12b26568976dd10b8d41e4f89717ceb4bac11ec3,持卡人消费,15公寓浴池,-0.46,176.96,5603,正常
2016/03/20 17:22:52,2c54f478ca950cd315f0ce185c35ae850215ad2e,12b26568976dd10b8d41e4f89717ceb4bac11ec3,持卡人消费,15公寓浴池,-0.18,176.78,5605,正常
2016/03/20 17:28:04,2c54f478ca950cd315f0ce185c35ae850215ad2e,12b26568976dd10b8d41e4f89717ceb4bac11ec3,持卡人消费,15公寓浴池,-0.18,176.60,5607,正常
2016/03/20 17:28:19,2c54f478ca950cd315f0ce185c35ae850215ad2e,12b26568976dd10b8d41e4f89717ceb4bac11ec3,持卡人消费,15公寓浴池,-0.03,176.57,5609,正常
2016/03/20 17:32:36,2c54f478ca950cd315f0ce185c35ae850215ad2e,12b26568976dd10b8d41e4f89717ceb4bac11ec3,持卡人消费,15公寓浴池,-0.21,176.36,5611,正常
2016/03/20 17:36:10,2c54f478ca950cd315f0ce185c35ae850215ad2e,12b26568976dd10b8d41e4f89717ceb4bac11ec3,持卡人消费,15公寓浴池,-0.1,176.26,5613,正常
2016/03/20 17:37:20,2c54f478ca950cd315f0ce185c35ae850215ad2e,12b26568976dd10b8d41e4f89717ceb4bac11ec3,持卡人消费,15公寓浴池,-0.18,176.08,5615,正常
2016/03/20 17:42:30,2c54f478ca950cd315f0ce185c35ae850215ad2e,12b26568976dd10b8d41e4f89717ceb4bac11ec3,持卡人消费,15公寓浴池,-0.21,175.87,5617,正常
2016/03/20 17:43:38,2c54f478ca950cd315f0ce185c35ae850215ad2e,12b26568976dd10b8d41e4f89717ceb4bac11ec3,持卡人消费,15公寓浴池,-0.08,175.79,5619,正常
2016/03/20 19:59:56,2c54f478ca950cd315f0ce185c35ae850215ad2e,12b26568976dd10b8d41e4f89717ceb4bac11ec3,持卡人消费,超市商务子系统,-15.0,160.79,5620,正常
2016/03/21 12:03:23,2c54f478ca950cd315f0ce185c35ae850215ad2e,12b26568976dd10b8d41e4f89717ceb4bac11ec3,持卡人消费,学士楼商务网关,-11.0,149.79,5621,正常
2016/03/21 18:01:34,2c54f478ca950cd315f0ce185c35ae850215ad2e,12b26568976dd10b8d41e4f89717ceb4bac11ec3,持卡人消费,学苑楼商务网关,-0.5,149.29,5622,正常
2016/03/21 18:03:32,2c54f478ca950cd315f0ce185c35ae850215ad2e,12b26568976dd10b8d41e4f89717ceb4bac11ec3,持卡人消费,学苑楼商务网关,-1.2,148.09,5623,正常
2016/03/21 18:03:47,2c54f478ca950cd315f0ce185c35ae850215ad2e,12b26568976dd10b8d41e4f89717ceb4bac11ec3,持卡人消费,学苑楼商务网关,-1.0,147.09,5624,正常
2016/03/22 12:06:25,2c54f478ca950cd315f0ce185c35ae850215ad2e,12b26568976dd10b8d41e4f89717ceb4bac11ec3,持卡人消费,学士楼商务网关,-9.2,137.89,5625,正常
2016/03/23 12:16:23,2c54f478ca950cd315f0ce185c35ae850215ad2e,12b26568976dd10b8d41e4f89717ceb4bac11ec3,持卡人消费,学士楼商务网关,-0.4,137.49,5626,正常
2016/03/23 12:17:31,2c54f478ca950cd315f0ce185c35ae850215ad2e,12b26568976dd10b8d41e4f89717ceb4bac11ec3,持卡人消费,学士楼商务网关,-3.0,134.49,5627,正常
2016/03/23 12:18:20,2c54f478ca950cd315f0ce185c35ae850215ad2e,12b26568976dd10b8d41e4f89717ceb4bac11ec3,持卡人消费,学士楼商务网关,-5.0,129.49,5628,正常
2016/03/23 12:18:33,2c54f478ca950cd315f0ce185c35ae850215ad2e,12b26568976dd10b8d41e4f89717ceb4bac11ec3,持卡人消费,学士楼商务网关,-0.8,128.69,5629,正常
2016/03/23 17:48:33,2c54f478ca950cd315f0ce185c35ae850215ad2e,12b26568976dd10b8d41e4f89717ceb4bac11ec3,持卡人消费,学士楼商务网关,-5.0,123.69,5630,正常
2016/03/23 17:48:40,2c54f478ca950cd315f0ce185c35ae850215ad2e,12b26568976dd10b8d41e4f89717ceb4bac11ec3,持卡人消费,学士楼商务网关,-7.0,116.69,5631,正常
2016/03/24 12:20:13,2c54f478ca950cd315f0ce185c35ae850215ad2e,12b26568976dd10b8d41e4f89717ceb4bac11ec3,持卡人消费,学士楼商务网关,-2.5,114.19,5632,正常
2016/03/24 12:21:03,2c54f478ca950cd315f0ce185c35ae850215ad2e,12b26568976dd10b8d41e4f89717ceb4bac11ec3,持卡人消费,学士楼商务网关,-0.4,113.79,5633,正常
2016/03/24 12:24:20,2c54f478ca950cd315f0ce185c35ae850215ad2e,12b26568976dd10b8d41e4f89717ceb4bac11ec3,持卡人消费,学士楼商务网关,-8.0,105.79,5634,正常
2016/03/24 21:05:29,2c54f478ca950cd315f0ce185c35ae850215ad2e,12b26568976dd10b8d41e4f89717ceb4bac11ec3,持卡人消费,超市商务子系统,-4.9,100.89,5635,正常
2016/03/25 09:57:02,2c54f478ca950cd315f0ce185c35ae850215ad2e,12b26568976dd10b8d41e4f89717ceb4bac11ec3,持卡人消费,超市商务子系统,-6.1,94.79,5636,正常
2016/03/25 13:12:42,2c54f478ca950cd315f0ce185c35ae850215ad2e,12b26568976dd10b8d41e4f89717ceb4bac11ec3,持卡人消费,学士楼商务网关,-6.0,88.79,5637,正常
2016/03/25 13:13:11,2c54f478ca950cd315f0ce185c35ae850215ad2e,12b26568976dd10b8d41e4f89717ceb4bac11ec3,持卡人消费,学士楼商务网关,-6.0,82.79,5638,正常
2016/03/25 13:13:48,2c54f478ca950cd315f0ce185c35ae850215ad2e,12b26568976dd10b8d41e4f89717ceb4bac11ec3,持卡人消费,学士楼商务网关,-2.0,80.79,5639,正常
2016/03/25 17:58:41,2c54f478ca950cd315f0ce185c35ae850215ad2e,12b26568976dd10b8d41e4f89717ceb4bac11ec3,持卡人消费,学苑楼商务网关,-0.5,80.29,5640,正常
2016/03/25 17:59:46,2c54f478ca950cd315f0ce185c35ae850215ad2e,12b26568976dd10b8d41e4f89717ceb4bac11ec3,持卡人消费,学苑楼商务网关,-1.2,79.09,5641,正常
2016/03/25 18:00:39,2c54f478ca950cd315f0ce185c35ae850215ad2e,12b26568976dd10b8d41e4f89717ceb4bac11ec3,持卡人消费,学苑楼商务网关,-3.0,76.09,5642,正常
2016/03/26 12:11:26,2c54f478ca950cd315f0ce185c35ae850215ad2e,12b26568976dd10b8d41e4f89717ceb4bac11ec3,持卡人消费,学苑楼商务网关,-3.0,73.09,5643,正常
2016/03/26 12:12:47,2c54f478ca950cd315f0ce185c35ae850215ad2e,12b26568976dd10b8d41e4f89717ceb4bac11ec3,持卡人消费,学苑楼商务网关,-0.5,72.59,5644,正常
2016/03/26 12:13:46,2c54f478ca950cd315f0ce185c35ae850215ad2e,12b26568976dd10b8d41e4f89717ceb4bac11ec3,持卡人消费,学苑楼商务网关,-0.6,71.99,5645,正常
2016/03/26 18:51:47,2c54f478ca950cd315f0ce185c35ae850215ad2e,12b26568976dd10b8d41e4f89717ceb4bac11ec3,持卡人消费,超市商务子系统,-2.1,69.89,5646,正常
2016/03/28 18:26:23,2c54f478ca950cd315f0ce185c35ae850215ad2e,12b26568976dd10b8d41e4f89717ceb4bac11ec3,持卡人消费,学士楼商务网关,-3.5,66.39,5647,正常
2016/03/28 18:27:28,2c54f478ca950cd315f0ce185c35ae850215ad2e,12b26568976dd10b8d41e4f89717ceb4bac11ec3,持卡人消费,学士楼商务网关,-3.0,63.39,5648,正常
2016/03/28 18:29:04,2c54f478ca950cd315f0ce185c35ae850215ad2e,12b26568976dd10b8d41e4f89717ceb4bac11ec3,持卡人消费,学士楼商务网关,-1.0,62.39,5649,正常
2016/03/29 15:17:24,2c54f478ca950cd315f0ce185c35ae850215ad2e,12b26568976dd10b8d41e4f89717ceb4bac11ec3,持卡人消费,超市商务子系统,-10.7,51.69,5650,正常
2016/03/29 17:49:17,2c54f478ca950cd315f0ce185c35ae850215ad2e,12b26568976dd10b8d41e4f89717ceb4bac11ec3,持卡人消费,学苑楼商务网关,-1.0,50.69,5651,正常
2016/03/29 17:49:50,2c54f478ca950cd315f0ce185c35ae850215ad2e,12b26568976dd10b8d41e4f89717ceb4bac11ec3,持卡人消费,学苑楼商务网关,-3.0,47.69,5652,正常
2016/03/29 17:51:06,2c54f478ca950cd315f0ce185c35ae850215ad2e,12b26568976dd10b8d41e4f89717ceb4bac11ec3,持卡人消费,学苑楼商务网关,-2.0,45.69,5653,正常
2016/03/29 17:51:13,2c54f478ca950cd315f0ce185c35ae850215ad2e,12b26568976dd10b8d41e4f89717ceb4bac11ec3,持卡人消费,学苑楼商务网关,-1.0,44.69,5654,正常
2016/03/29 18:32:05,2c54f478ca950cd315f0ce185c35ae850215ad2e,12b26568976dd10b8d41e4f89717ceb4bac11ec3,持卡人消费,超市商务子系统,-7.9,36.79,5655,正常
2016/03/30 10:06:47,2c54f478ca950cd315f0ce185c35ae850215ad2e,12b26568976dd10b8d41e4f89717ceb4bac11ec3,持卡人消费,超市商务子系统,-6.1,30.69,5656,正常
2016/03/30 12:07:40,2c54f478ca950cd315f0ce185c35ae850215ad2e,12b26568976dd10b8d41e4f89717ceb4bac11ec3,持卡人消费,学苑楼商务网关,-6.0,24.69,5657,正常
2016/03/30 18:15:55,2c54f478ca950cd315f0ce185c35ae850215ad2e,12b26568976dd10b8d41e4f89717ceb4bac11ec3,持卡人消费,学士楼商务网关,-1.4,23.29,5658,正常
2016/03/30 18:17:00,2c54f478ca950cd315f0ce185c35ae850215ad2e,12b26568976dd10b8d41e4f89717ceb4bac11ec3,持卡人消费,学士楼商务网关,-2.0,21.29,5659,正常
2016/03/30 18:18:14,2c54f478ca950cd315f0ce185c35ae850215ad2e,12b26568976dd10b8d41e4f89717ceb4bac11ec3,持卡人消费,学士楼商务网关,-2.0,19.29,5660,正常
2016/03/31 18:15:59,2c54f478ca950cd315f0ce185c35ae850215ad2e,12b26568976dd10b8d41e4f89717ceb4bac11ec3,持卡人消费,学苑楼商务网关,-0.4,18.89,5661,正常
2016/03/31 18:16:14,2c54f478ca950cd315f0ce185c35ae850215ad2e,12b26568976dd10b8d41e4f89717ceb4bac11ec3,持卡人消费,学苑楼商务网关,-1.2,17.69,5662,正常
2016/03/31 19:02:04,2c54f478ca950cd315f0ce185c35ae850215ad2e,12b26568976dd10b8d41e4f89717ceb4bac11ec3,持卡人消费,超市商务子系统,-0.5,17.19,5663,正常
