交易发生时间,学号,姓名,交易类型,子系统名称,交易额,现有余额,次数,状态
2016/03/01 08:26:41,9e83e46dd7dc36350bb5d51c92892a80ff279b23,13815d98c1c7ebb52c23d1160772ad3cf61daccc,持卡人消费,超市商务子系统,-1.0,65.56,5289,正常
2016/03/02 20:21:48,9e83e46dd7dc36350bb5d51c92892a80ff279b23,13815d98c1c7ebb52c23d1160772ad3cf61daccc,持卡人消费,学子超市园丁总店,-7.4,58.16,5290,正常
2016/03/04 09:07:13,9e83e46dd7dc36350bb5d51c92892a80ff279b23,13815d98c1c7ebb52c23d1160772ad3cf61daccc,持卡人消费,超市商务子系统,-3.0,55.16,5291,正常
2016/03/04 17:08:15,9e83e46dd7dc36350bb5d51c92892a80ff279b23,13815d98c1c7ebb52c23d1160772ad3cf61daccc,持卡人消费,学子超市园丁总店,-2.7,52.46,5292,正常
2016/03/05 15:30:42,9e83e46dd7dc36350bb5d51c92892a80ff279b23,13815d98c1c7ebb52c23d1160772ad3cf61daccc,持卡人消费,15公寓浴池,-0.38,52.08,5294,正常
2016/03/05 15:34:01,9e83e46dd7dc36350bb5d51c92892a80ff279b23,13815d98c1c7ebb52c23d1160772ad3cf61daccc,持卡人消费,15公寓浴池,-0.27,51.81,5296,正常
2016/03/05 15:36:15,9e83e46dd7dc36350bb5d51c92892a80ff279b23,13815d98c1c7ebb52c23d1160772ad3cf61daccc,持卡人消费,15公寓浴池,-0.19,51.62,5298,正常
2016/03/05 15:40:48,9e83e46dd7dc36350bb5d51c92892a80ff279b23,13815d98c1c7ebb52c23d1160772ad3cf61daccc,持卡人消费,15公寓浴池,-0.14,51.48,5300,正常
2016/03/05 15:43:36,9e83e46dd7dc36350bb5d51c92892a80ff279b23,13815d98c1c7ebb52c23d1160772ad3cf61daccc,持卡人消费,15公寓浴池,-0.22,51.26,5302,正常
2016/03/05 15:50:18,9e83e46dd7dc36350bb5d51c92892a80ff279b23,13815d98c1c7ebb52c23d1160772ad3cf61daccc,持卡人消费,15公寓浴池,-0.93,50.33,5304,正常
2016/03/06 11:12:17,9e83e46dd7dc36350bb5d51c92892a80ff279b23,13815d98c1c7ebb52c23d1160772ad3cf61daccc,持卡人消费,学士楼商务网关,-6.0,44.33,5305,正常
2016/03/06 18:29:27,9e83e46dd7dc36350bb5d51c92892a80ff279b23,13815d98c1c7ebb52c23d1160772ad3cf61daccc,持卡人消费,超市商务子系统,-7.9,36.43,5306,正常
2016/03/06 18:37:30,9e83e46dd7dc36350bb5d51c92892a80ff279b23,13815d98c1c7ebb52c23d1160772ad3cf61daccc,持卡人消费,超市商务子系统,-14.8,21.63,5307,正常
2016/03/07 08:40:02,9e83e46dd7dc36350bb5d51c92892a80ff279b23,13815d98c1c7ebb52c23d1160772ad3cf61daccc,持卡人消费,超市商务子系统,-2.0,19.63,5308,正常
2016/03/07 11:14:12,9e83e46dd7dc36350bb5d51c92892a80ff279b23,13815d98c1c7ebb52c23d1160772ad3cf61daccc,持卡人消费,学苑楼商务网关,-7.0,12.63,5309,正常
2016/03/08 12:26:28,9e83e46dd7dc36350bb5d51c92892a80ff279b23,13815d98c1c7ebb52c23d1160772ad3cf61daccc,存款,现金充值机,100.0,112.63,5310,正常
2016/03/08 12:42:17,9e83e46dd7dc36350bb5d51c92892a80ff279b23,13815d98c1c7ebb52c23d1160772ad3cf61daccc,持卡人消费,学苑楼商务网关,-6.0,106.63,5311,正常
2016/03/09 08:51:04,9e83e46dd7dc36350bb5d51c92892a80ff279b23,13815d98c1c7ebb52c23d1160772ad3cf61daccc,持卡人消费,超市商务子系统,-1.0,105.63,5312,正常
2016/03/09 11:42:18,9e83e46dd7dc36350bb5d51c92892a80ff279b23,13815d98c1c7ebb52c23d1160772ad3cf61daccc,持卡人消费,学苑楼商务网关,-3.5,102.13,5313,正常
2016/03/09 11:44:07,9e83e46dd7dc36350bb5d51c92892a80ff279b23,13815d98c1c7ebb52c23d1160772ad3cf61daccc,持卡人消费,学苑楼商务网关,-1.25,100.88,5314,正常
2016/03/10 08:46:54,9e83e46dd7dc36350bb5d51c92892a80ff279b23,13815d98c1c7ebb52c23d1160772ad3cf61daccc,持卡人消费,超市商务子系统,-2.0,98.88,5315,正常
2016/03/10 11:30:25,9e83e46dd7dc36350bb5d51c92892a80ff279b23,13815d98c1c7ebb52c23d1160772ad3cf61daccc,持卡人消费,学士楼商务网关,-4.2,94.68,5316,正常
2016/03/11 09:09:50,9e83e46dd7dc36350bb5d51c92892a80ff279b23,13815d98c1c7ebb52c23d1160772ad3cf61daccc,持卡人消费,超市商务子系统,-2.0,92.68,5317,正常
2016/03/12 08:37:24,9e83e46dd7dc36350bb5d51c92892a80ff279b23,13815d98c1c7ebb52c23d1160772ad3cf61daccc,持卡人消费,超市商务子系统,-3.0,89.68,5318,正常
2016/03/12 11:57:32,9e83e46dd7dc36350bb5d51c92892a80ff279b23,13815d98c1c7ebb52c23d1160772ad3cf61daccc,持卡人消费,15公寓浴池,-0.06,89.62,5320,正常
2016/03/12 11:59:54,9e83e46dd7dc36350bb5d51c92892a80ff279b23,13815d98c1c7ebb52c23d1160772ad3cf61daccc,持卡人消费,15公寓浴池,-0.42,89.20,5322,正常
2016/03/12 12:03:48,9e83e46dd7dc36350bb5d51c92892a80ff279b23,13815d98c1c7ebb52c23d1160772ad3cf61daccc,持卡人消费,15公寓浴池,-0.38,88.82,5324,正常
2016/03/12 12:06:16,9e83e46dd7dc36350bb5d51c92892a80ff279b23,13815d98c1c7ebb52c23d1160772ad3cf61daccc,持卡人消费,15公寓浴池,-0.19,88.63,5326,正常
2016/03/12 12:10:23,9e83e46dd7dc36350bb5d51c92892a80ff279b23,13815d98c1c7ebb52c23d1160772ad3cf61daccc,持卡人消费,15公寓浴池,-0.16,88.47,5328,正常
2016/03/12 12:14:31,9e83e46dd7dc36350bb5d51c92892a80ff279b23,13815d98c1c7ebb52c23d1160772ad3cf61daccc,持卡人消费,15公寓浴池,-0.32,88.15,5330,正常
2016/03/12 12:20:31,9e83e46dd7dc36350bb5d51c92892a80ff279b23,13815d98c1c7ebb52c23d1160772ad3cf61daccc,持卡人消费,15公寓浴池,-0.82,87.33,5332,正常
2016/03/12 13:41:19,9e83e46dd7dc36350bb5d51c92892a80ff279b23,13815d98c1c7ebb52c23d1160772ad3cf61daccc,持卡人消费,超市商务子系统,-10.0,77.33,5333,正常
2016/03/12 13:46:23,9e83e46dd7dc36350bb5d51c92892a80ff279b23,13815d98c1c7ebb52c23d1160772ad3cf61daccc,持卡人消费,超市商务子系统,-9.9,67.43,5334,正常
2016/03/12 19:07:16,9e83e46dd7dc36350bb5d51c92892a80ff279b23,13815d98c1c7ebb52c23d1160772ad3cf61daccc,持卡人消费,学子超市园丁总店,-4.5,62.93,5335,正常
2016/03/14 08:32:33,9e83e46dd7dc36350bb5d51c92892a80ff279b23,13815d98c1c7ebb52c23d1160772ad3cf61daccc,持卡人消费,超市商务子系统,-2.0,53.93,5337,正常
2016/03/14 11:23:45,9e83e46dd7dc36350bb5d51c92892a80ff279b23,13815d98c1c7ebb52c23d1160772ad3cf61daccc,持卡人消费,学苑楼商务网关,-7.0,46.93,5338,正常
2016/03/15 08:21:51,9e83e46dd7dc36350bb5d51c92892a80ff279b23,13815d98c1c7ebb52c23d1160772ad3cf61daccc,持卡人消费,超市商务子系统,-2.0,44.93,5339,正常
2016/03/16 08:24:24,9e83e46dd7dc36350bb5d51c92892a80ff279b23,13815d98c1c7ebb52c23d1160772ad3cf61daccc,持卡人消费,超市商务子系统,-2.0,42.93,5340,正常
2016/03/16 12:11:14,9e83e46dd7dc36350bb5d51c92892a80ff279b23,13815d98c1c7ebb52c23d1160772ad3cf61daccc,持卡人消费,学苑楼商务网关,-7.0,35.93,5341,正常
2016/03/16 12:11:25,9e83e46dd7dc36350bb5d51c92892a80ff279b23,13815d98c1c7ebb52c23d1160772ad3cf61daccc,持卡人消费,学苑楼商务网关,-7.0,28.93,5342,正常
2016/03/17 08:19:23,9e83e46dd7dc36350bb5d51c92892a80ff279b23,13815d98c1c7ebb52c23d1160772ad3cf61daccc,持卡人消费,学士楼商务网关,-2.73,26.20,5343,正常
2016/03/17 11:41:12,9e83e46dd7dc36350bb5d51c92892a80ff279b23,13815d98c1c7ebb52c23d1160772ad3cf61daccc,持卡人消费,学苑楼商务网关,-7.0,19.20,5344,正常
2016/03/18 07:19:06,9e83e46dd7dc36350bb5d51c92892a80ff279b23,13815d98c1c7ebb52c23d1160772ad3cf61daccc,持卡人消费,超市商务子系统,-1.0,18.20,5345,正常
2016/03/18 12:29:05,9e83e46dd7dc36350bb5d51c92892a80ff279b23,13815d98c1c7ebb52c23d1160772ad3cf61daccc,持卡人消费,学苑楼商务网关,-6.0,12.20,5346,正常
2016/03/18 12:54:10,9e83e46dd7dc36350bb5d51c92892a80ff279b23,13815d98c1c7ebb52c23d1160772ad3cf61daccc,持卡人消费,超市商务子系统,-2.6,9.60,5347,正常
2016/03/18 13:07:47,9e83e46dd7dc36350bb5d51c92892a80ff279b23,13815d98c1c7ebb52c23d1160772ad3cf61daccc,持卡人消费,A15,-3.0,6.60,5348,正常
2016/03/18 15:36:36,9e83e46dd7dc36350bb5d51c92892a80ff279b23,13815d98c1c7ebb52c23d1160772ad3cf61daccc,持卡人消费,15公寓浴池,-0.22,6.38,5350,正常
2016/03/18 15:40:49,9e83e46dd7dc36350bb5d51c92892a80ff279b23,13815d98c1c7ebb52c23d1160772ad3cf61daccc,持卡人消费,15公寓浴池,-0.32,6.06,5352,正常
2016/03/18 15:43:42,9e83e46dd7dc36350bb5d51c92892a80ff279b23,13815d98c1c7ebb52c23d1160772ad3cf61daccc,持卡人消费,15公寓浴池,-0.24,5.82,5354,正常
2016/03/18 15:47:33,9e83e46dd7dc36350bb5d51c92892a80ff279b23,13815d98c1c7ebb52c23d1160772ad3cf61daccc,持卡人消费,15公寓浴池,-0.35,5.47,5356,正常
2016/03/18 15:54:39,9e83e46dd7dc36350bb5d51c92892a80ff279b23,13815d98c1c7ebb52c23d1160772ad3cf61daccc,持卡人消费,15公寓浴池,-0.26,5.21,5358,正常
2016/03/18 15:58:54,9e83e46dd7dc36350bb5d51c92892a80ff279b23,13815d98c1c7ebb52c23d1160772ad3cf61daccc,持卡人消费,15公寓浴池,-0.22,4.99,5360,正常
2016/03/18 16:00:15,9e83e46dd7dc36350bb5d51c92892a80ff279b23,13815d98c1c7ebb52c23d1160772ad3cf61daccc,持卡人消费,15公寓浴池,-0.16,4.83,5362,正常
2016/03/18 16:10:41,9e83e46dd7dc36350bb5d51c92892a80ff279b23,13815d98c1c7ebb52c23d1160772ad3cf61daccc,持卡人消费,15公寓浴池,-0.64,4.19,5364,正常
2016/03/18 16:14:35,9e83e46dd7dc36350bb5d51c92892a80ff279b23,13815d98c1c7ebb52c23d1160772ad3cf61daccc,持卡人消费,15公寓浴池,-0.29,3.90,5366,正常
2016/03/18 16:16:40,9e83e46dd7dc36350bb5d51c92892a80ff279b23,13815d98c1c7ebb52c23d1160772ad3cf61daccc,持卡人消费,15公寓浴池,-0.13,3.77,5368,正常
2016/03/18 16:20:57,9e83e46dd7dc36350bb5d51c92892a80ff279b23,13815d98c1c7ebb52c23d1160772ad3cf61daccc,持卡人消费,15公寓浴池,-0.19,3.58,5370,正常
2016/03/18 16:25:08,9e83e46dd7dc36350bb5d51c92892a80ff279b23,13815d98c1c7ebb52c23d1160772ad3cf61daccc,持卡人消费,15公寓浴池,-0.21,3.37,5372,正常
2016/03/18 16:28:39,9e83e46dd7dc36350bb5d51c92892a80ff279b23,13815d98c1c7ebb52c23d1160772ad3cf61daccc,持卡人消费,15公寓浴池,-0.11,3.26,5374,正常
2016/03/18 16:30:51,9e83e46dd7dc36350bb5d51c92892a80ff279b23,13815d98c1c7ebb52c23d1160772ad3cf61daccc,持卡人消费,15公寓浴池,-0.16,3.10,5376,正常
2016/03/18 16:32:03,9e83e46dd7dc36350bb5d51c92892a80ff279b23,13815d98c1c7ebb52c23d1160772ad3cf61daccc,持卡人消费,15公寓浴池,-0.05,3.05,5378,正常
2016/03/18 16:37:52,9e83e46dd7dc36350bb5d51c92892a80ff279b23,13815d98c1c7ebb52c23d1160772ad3cf61daccc,持卡人消费,15公寓浴池,-0.91,2.14,5380,正常
2016/03/19 11:39:14,9e83e46dd7dc36350bb5d51c92892a80ff279b23,13815d98c1c7ebb52c23d1160772ad3cf61daccc,存款,学苑楼综合业务2,100.0,102.14,5381,正常
2016/03/19 11:42:27,9e83e46dd7dc36350bb5d51c92892a80ff279b23,13815d98c1c7ebb52c23d1160772ad3cf61daccc,持卡人消费,学苑楼商务网关,-1.75,100.39,5382,正常
2016/03/19 11:43:26,9e83e46dd7dc36350bb5d51c92892a80ff279b23,13815d98c1c7ebb52c23d1160772ad3cf61daccc,持卡人消费,学苑楼商务网关,-3.0,97.39,5383,正常
2016/03/19 12:03:07,9e83e46dd7dc36350bb5d51c92892a80ff279b23,13815d98c1c7ebb52c23d1160772ad3cf61daccc,持卡人消费,超市商务子系统,-1.5,95.89,5384,正常
2016/03/20 11:11:32,9e83e46dd7dc36350bb5d51c92892a80ff279b23,13815d98c1c7ebb52c23d1160772ad3cf61daccc,持卡人消费,学士楼商务网关,-6.0,89.89,5385,正常
2016/03/20 14:19:06,9e83e46dd7dc36350bb5d51c92892a80ff279b23,13815d98c1c7ebb52c23d1160772ad3cf61daccc,持卡人消费,网络中心,-30.0,59.89,5386,正常
2016/03/21 08:30:20,9e83e46dd7dc36350bb5d51c92892a80ff279b23,13815d98c1c7ebb52c23d1160772ad3cf61daccc,持卡人消费,学士楼商务网关,-4.1,55.79,5387,正常
2016/03/21 11:39:27,9e83e46dd7dc36350bb5d51c92892a80ff279b23,13815d98c1c7ebb52c23d1160772ad3cf61daccc,持卡人消费,学苑楼商务网关,-7.0,48.79,5388,正常
2016/03/23 08:14:02,9e83e46dd7dc36350bb5d51c92892a80ff279b23,13815d98c1c7ebb52c23d1160772ad3cf61daccc,持卡人消费,超市商务子系统,-1.0,47.79,5389,正常
2016/03/23 12:06:50,9e83e46dd7dc36350bb5d51c92892a80ff279b23,13815d98c1c7ebb52c23d1160772ad3cf61daccc,持卡人消费,15公寓浴池,-0.48,47.31,5391,正常
2016/03/23 12:12:15,9e83e46dd7dc36350bb5d51c92892a80ff279b23,13815d98c1c7ebb52c23d1160772ad3cf61daccc,持卡人消费,15公寓浴池,-0.67,46.64,5393,正常
2016/03/23 12:12:36,9e83e46dd7dc36350bb5d51c92892a80ff279b23,13815d98c1c7ebb52c23d1160772ad3cf61daccc,持卡人消费,15公寓浴池,-0.05,46.59,5395,正常
2016/03/23 12:17:28,9e83e46dd7dc36350bb5d51c92892a80ff279b23,13815d98c1c7ebb52c23d1160772ad3cf61daccc,持卡人消费,15公寓浴池,-0.35,46.24,5397,正常
2016/03/23 12:24:09,9e83e46dd7dc36350bb5d51c92892a80ff279b23,13815d98c1c7ebb52c23d1160772ad3cf61daccc,持卡人消费,15公寓浴池,-0.99,45.25,5399,正常
