交易发生时间,学号,姓名,交易类型,子系统名称,交易额,现有余额,次数,状态
2016/03/02 10:20:48,e1738e69e6cb3bfb3dc6072a5e569b6f260f826a,142c4d77792d8660f9bea2889e0ae48bf221eb63,存款,现金充值机,100.0,101.10,2574,正常
2016/03/02 11:19:15,e1738e69e6cb3bfb3dc6072a5e569b6f260f826a,142c4d77792d8660f9bea2889e0ae48bf221eb63,持卡人消费,学苑楼商务网关,-8.8,92.30,2575,正常
2016/03/02 11:20:14,e1738e69e6cb3bfb3dc6072a5e569b6f260f826a,142c4d77792d8660f9bea2889e0ae48bf221eb63,持卡人消费,学苑楼商务网关,-7.0,85.30,2576,正常
2016/03/02 21:36:02,e1738e69e6cb3bfb3dc6072a5e569b6f260f826a,142c4d77792d8660f9bea2889e0ae48bf221eb63,持卡人消费,超市商务子系统,-26.1,59.20,2577,正常
2016/03/03 17:48:48,e1738e69e6cb3bfb3dc6072a5e569b6f260f826a,142c4d77792d8660f9bea2889e0ae48bf221eb63,持卡人消费,学士楼商务网关,-7.0,52.20,2578,正常
2016/03/04 07:28:24,e1738e69e6cb3bfb3dc6072a5e569b6f260f826a,142c4d77792d8660f9bea2889e0ae48bf221eb63,持卡人消费,学士楼商务网关,-1.1,51.10,2579,正常
2016/03/04 11:01:30,e1738e69e6cb3bfb3dc6072a5e569b6f260f826a,142c4d77792d8660f9bea2889e0ae48bf221eb63,持卡人消费,学苑楼商务网关,-7.0,44.10,2580,正常
2016/03/04 11:16:40,e1738e69e6cb3bfb3dc6072a5e569b6f260f826a,142c4d77792d8660f9bea2889e0ae48bf221eb63,持卡人消费,学苑楼商务网关,-7.0,37.10,2581,正常
2016/03/04 12:40:22,e1738e69e6cb3bfb3dc6072a5e569b6f260f826a,142c4d77792d8660f9bea2889e0ae48bf221eb63,持卡人消费,一校区水控新,-1.3,35.80,2583,正常
2016/03/04 12:45:52,e1738e69e6cb3bfb3dc6072a5e569b6f260f826a,142c4d77792d8660f9bea2889e0ae48bf221eb63,持卡人消费,一校区水控新,-0.51,35.29,2585,正常
2016/03/07 11:23:20,e1738e69e6cb3bfb3dc6072a5e569b6f260f826a,142c4d77792d8660f9bea2889e0ae48bf221eb63,持卡人消费,学士楼商务网关,-6.9,28.39,2586,正常
2016/03/08 11:43:53,e1738e69e6cb3bfb3dc6072a5e569b6f260f826a,142c4d77792d8660f9bea2889e0ae48bf221eb63,存款,现金充值机,100.0,128.39,2587,正常
2016/03/08 16:30:39,e1738e69e6cb3bfb3dc6072a5e569b6f260f826a,142c4d77792d8660f9bea2889e0ae48bf221eb63,持卡人消费,15公寓浴池,-2.0,126.39,2588,正常
2016/03/08 16:37:20,e1738e69e6cb3bfb3dc6072a5e569b6f260f826a,142c4d77792d8660f9bea2889e0ae48bf221eb63,持卡人消费,15公寓浴池,-1.26,125.13,2590,正常
2016/03/08 16:41:21,e1738e69e6cb3bfb3dc6072a5e569b6f260f826a,142c4d77792d8660f9bea2889e0ae48bf221eb63,持卡人消费,15公寓浴池,-0.38,124.75,2592,正常
2016/03/08 17:43:43,e1738e69e6cb3bfb3dc6072a5e569b6f260f826a,142c4d77792d8660f9bea2889e0ae48bf221eb63,持卡人消费,学苑楼商务网关,-7.0,117.75,2593,正常
2016/03/08 18:35:05,e1738e69e6cb3bfb3dc6072a5e569b6f260f826a,142c4d77792d8660f9bea2889e0ae48bf221eb63,持卡人消费,超市商务子系统,-22.3,95.45,2594,正常
2016/03/10 17:50:09,e1738e69e6cb3bfb3dc6072a5e569b6f260f826a,142c4d77792d8660f9bea2889e0ae48bf221eb63,持卡人消费,学苑楼商务网关,-7.0,88.45,2595,正常
2016/03/14 07:31:09,e1738e69e6cb3bfb3dc6072a5e569b6f260f826a,142c4d77792d8660f9bea2889e0ae48bf221eb63,持卡人消费,学士楼商务网关,-3.0,77.70,2598,正常
2016/03/14 07:33:02,e1738e69e6cb3bfb3dc6072a5e569b6f260f826a,142c4d77792d8660f9bea2889e0ae48bf221eb63,持卡人消费,学士楼商务网关,-0.4,77.30,2599,正常
2016/03/14 07:34:36,e1738e69e6cb3bfb3dc6072a5e569b6f260f826a,142c4d77792d8660f9bea2889e0ae48bf221eb63,持卡人消费,学士楼商务网关,-2.0,75.30,2600,正常
2016/03/14 09:58:55,e1738e69e6cb3bfb3dc6072a5e569b6f260f826a,142c4d77792d8660f9bea2889e0ae48bf221eb63,持卡人消费,超市商务子系统,-17.3,58.00,2601,正常
2016/03/16 09:54:41,e1738e69e6cb3bfb3dc6072a5e569b6f260f826a,142c4d77792d8660f9bea2889e0ae48bf221eb63,持卡人消费,学苑楼商务网关,-7.0,51.00,2602,正常
2016/03/17 10:22:23,e1738e69e6cb3bfb3dc6072a5e569b6f260f826a,142c4d77792d8660f9bea2889e0ae48bf221eb63,持卡人消费,一区图书馆APOS,-0.6,50.40,2603,正常
2016/03/17 17:50:36,e1738e69e6cb3bfb3dc6072a5e569b6f260f826a,142c4d77792d8660f9bea2889e0ae48bf221eb63,持卡人消费,学士楼商务网关,-3.0,47.40,2604,正常
2016/03/17 17:50:59,e1738e69e6cb3bfb3dc6072a5e569b6f260f826a,142c4d77792d8660f9bea2889e0ae48bf221eb63,持卡人消费,学士楼商务网关,-0.5,46.90,2605,正常
2016/03/17 17:52:28,e1738e69e6cb3bfb3dc6072a5e569b6f260f826a,142c4d77792d8660f9bea2889e0ae48bf221eb63,持卡人消费,学士楼商务网关,-2.6,44.30,2606,正常
2016/03/18 11:46:50,e1738e69e6cb3bfb3dc6072a5e569b6f260f826a,142c4d77792d8660f9bea2889e0ae48bf221eb63,持卡人消费,学苑楼商务网关,-7.0,37.30,2607,正常
2016/03/21 11:33:26,e1738e69e6cb3bfb3dc6072a5e569b6f260f826a,142c4d77792d8660f9bea2889e0ae48bf221eb63,持卡人消费,学苑楼商务网关,-8.0,29.30,2608,正常
2016/03/21 18:11:37,e1738e69e6cb3bfb3dc6072a5e569b6f260f826a,142c4d77792d8660f9bea2889e0ae48bf221eb63,持卡人消费,15公寓浴池,-2.0,27.30,2609,正常
2016/03/21 18:17:35,e1738e69e6cb3bfb3dc6072a5e569b6f260f826a,142c4d77792d8660f9bea2889e0ae48bf221eb63,持卡人消费,15公寓浴池,-0.82,26.48,2611,正常
2016/03/21 18:21:39,e1738e69e6cb3bfb3dc6072a5e569b6f260f826a,142c4d77792d8660f9bea2889e0ae48bf221eb63,持卡人消费,15公寓浴池,-0.5,25.98,2613,正常
2016/03/21 18:40:39,e1738e69e6cb3bfb3dc6072a5e569b6f260f826a,142c4d77792d8660f9bea2889e0ae48bf221eb63,持卡人消费,A15,-3.0,22.98,2614,正常
2016/03/24 11:36:46,e1738e69e6cb3bfb3dc6072a5e569b6f260f826a,142c4d77792d8660f9bea2889e0ae48bf221eb63,持卡人消费,学苑楼商务网关,-10.0,12.98,2615,正常
2016/03/24 11:40:22,e1738e69e6cb3bfb3dc6072a5e569b6f260f826a,142c4d77792d8660f9bea2889e0ae48bf221eb63,持卡人消费,学苑楼商务网关,-8.0,4.98,2616,正常
2016/03/24 11:45:46,e1738e69e6cb3bfb3dc6072a5e569b6f260f826a,142c4d77792d8660f9bea2889e0ae48bf221eb63,存款,现金充值机,100.0,104.98,2617,正常
2016/03/24 12:07:21,e1738e69e6cb3bfb3dc6072a5e569b6f260f826a,142c4d77792d8660f9bea2889e0ae48bf221eb63,持卡人消费,超市商务子系统,-10.5,94.48,2618,正常
2016/03/24 17:42:41,e1738e69e6cb3bfb3dc6072a5e569b6f260f826a,142c4d77792d8660f9bea2889e0ae48bf221eb63,持卡人消费,学子楼商务网关,-5.5,88.98,2619,正常
2016/03/24 17:44:25,e1738e69e6cb3bfb3dc6072a5e569b6f260f826a,142c4d77792d8660f9bea2889e0ae48bf221eb63,持卡人消费,学子楼商务网关,-4.0,84.98,2620,正常
2016/03/26 07:46:39,e1738e69e6cb3bfb3dc6072a5e569b6f260f826a,142c4d77792d8660f9bea2889e0ae48bf221eb63,持卡人消费,硕果园（工大商店）,-8.0,76.98,2621,正常
2016/03/26 11:28:23,e1738e69e6cb3bfb3dc6072a5e569b6f260f826a,142c4d77792d8660f9bea2889e0ae48bf221eb63,持卡人消费,学苑楼商务网关,-7.0,69.98,2622,正常
2016/03/28 10:52:01,e1738e69e6cb3bfb3dc6072a5e569b6f260f826a,142c4d77792d8660f9bea2889e0ae48bf221eb63,持卡人消费,学苑楼商务网关,-7.0,62.98,2623,正常
2016/03/29 16:24:36,e1738e69e6cb3bfb3dc6072a5e569b6f260f826a,142c4d77792d8660f9bea2889e0ae48bf221eb63,持卡人消费,网络中心,-30.0,32.98,2624,正常
2016/03/31 11:18:00,e1738e69e6cb3bfb3dc6072a5e569b6f260f826a,142c4d77792d8660f9bea2889e0ae48bf221eb63,持卡人消费,学苑楼商务网关,-8.0,24.98,2625,正常
