交易发生时间,学号,姓名,交易类型,子系统名称,交易额,现有余额,次数,状态
2016/03/01 12:01:46,947f88e054bd943855ebc5b3a36675e1b22a66e7,14f3b4c4bf3843f830a9b079c28fdf36b5ba2699,持卡人消费,学士楼商务网关,-8.0,148.65,4093,正常
2016/03/01 12:06:19,947f88e054bd943855ebc5b3a36675e1b22a66e7,14f3b4c4bf3843f830a9b079c28fdf36b5ba2699,持卡人消费,学士楼商务网关,-5.2,143.45,4094,正常
2016/03/01 12:09:19,947f88e054bd943855ebc5b3a36675e1b22a66e7,14f3b4c4bf3843f830a9b079c28fdf36b5ba2699,持卡人消费,学士楼商务网关,-1.5,141.95,4095,正常
2016/03/01 17:48:39,947f88e054bd943855ebc5b3a36675e1b22a66e7,14f3b4c4bf3843f830a9b079c28fdf36b5ba2699,持卡人消费,学苑楼商务网关,-7.0,134.95,4096,正常
2016/03/03 11:45:03,947f88e054bd943855ebc5b3a36675e1b22a66e7,14f3b4c4bf3843f830a9b079c28fdf36b5ba2699,持卡人消费,学苑楼商务网关,-8.0,126.95,4097,正常
2016/03/03 18:58:09,947f88e054bd943855ebc5b3a36675e1b22a66e7,14f3b4c4bf3843f830a9b079c28fdf36b5ba2699,持卡人消费,体育场B,-120.0,6.95,4098,正常
2016/03/04 10:59:15,947f88e054bd943855ebc5b3a36675e1b22a66e7,14f3b4c4bf3843f830a9b079c28fdf36b5ba2699,存款,现金充值机,100.0,106.95,4099,正常
2016/03/04 11:15:40,947f88e054bd943855ebc5b3a36675e1b22a66e7,14f3b4c4bf3843f830a9b079c28fdf36b5ba2699,持卡人消费,学苑楼商务网关,-9.0,97.95,4100,正常
2016/03/04 17:49:19,947f88e054bd943855ebc5b3a36675e1b22a66e7,14f3b4c4bf3843f830a9b079c28fdf36b5ba2699,持卡人消费,学苑楼商务网关,-3.0,94.95,4101,正常
2016/03/05 17:50:21,947f88e054bd943855ebc5b3a36675e1b22a66e7,14f3b4c4bf3843f830a9b079c28fdf36b5ba2699,持卡人消费,15公寓浴池,-0.43,94.52,4103,正常
2016/03/05 17:54:01,947f88e054bd943855ebc5b3a36675e1b22a66e7,14f3b4c4bf3843f830a9b079c28fdf36b5ba2699,持卡人消费,15公寓浴池,-0.48,94.04,4105,正常
2016/03/05 18:02:23,947f88e054bd943855ebc5b3a36675e1b22a66e7,14f3b4c4bf3843f830a9b079c28fdf36b5ba2699,持卡人消费,15公寓浴池,-1.09,92.95,4107,正常
2016/03/05 18:08:11,947f88e054bd943855ebc5b3a36675e1b22a66e7,14f3b4c4bf3843f830a9b079c28fdf36b5ba2699,持卡人消费,15公寓浴池,-0.62,92.33,4109,正常
2016/03/05 18:08:39,947f88e054bd943855ebc5b3a36675e1b22a66e7,14f3b4c4bf3843f830a9b079c28fdf36b5ba2699,持卡人消费,15公寓浴池,-0.05,92.28,4111,正常
2016/03/05 18:10:19,947f88e054bd943855ebc5b3a36675e1b22a66e7,14f3b4c4bf3843f830a9b079c28fdf36b5ba2699,持卡人消费,15公寓浴池,-0.13,92.15,4113,正常
2016/03/07 09:21:08,947f88e054bd943855ebc5b3a36675e1b22a66e7,14f3b4c4bf3843f830a9b079c28fdf36b5ba2699,持卡人消费,超市商务子系统,-2.0,90.15,4114,正常
2016/03/07 11:58:33,947f88e054bd943855ebc5b3a36675e1b22a66e7,14f3b4c4bf3843f830a9b079c28fdf36b5ba2699,持卡人消费,学苑楼商务网关,-6.0,84.15,4115,正常
2016/03/08 08:47:03,947f88e054bd943855ebc5b3a36675e1b22a66e7,14f3b4c4bf3843f830a9b079c28fdf36b5ba2699,持卡人消费,超市商务子系统,-1.0,83.15,4116,正常
2016/03/08 12:07:57,947f88e054bd943855ebc5b3a36675e1b22a66e7,14f3b4c4bf3843f830a9b079c28fdf36b5ba2699,持卡人消费,学苑楼商务网关,-4.0,79.15,4117,正常
2016/03/08 12:15:59,947f88e054bd943855ebc5b3a36675e1b22a66e7,14f3b4c4bf3843f830a9b079c28fdf36b5ba2699,持卡人消费,学苑楼商务网关,-5.0,74.15,4118,正常
2016/03/08 12:16:09,947f88e054bd943855ebc5b3a36675e1b22a66e7,14f3b4c4bf3843f830a9b079c28fdf36b5ba2699,持卡人消费,学苑楼商务网关,-1.4,72.75,4119,正常
2016/03/08 17:55:29,947f88e054bd943855ebc5b3a36675e1b22a66e7,14f3b4c4bf3843f830a9b079c28fdf36b5ba2699,持卡人消费,学子楼商务网关,-12.0,60.75,4120,正常
2016/03/09 12:09:56,947f88e054bd943855ebc5b3a36675e1b22a66e7,14f3b4c4bf3843f830a9b079c28fdf36b5ba2699,持卡人消费,学苑楼商务网关,-6.0,54.75,4121,正常
2016/03/09 17:56:15,947f88e054bd943855ebc5b3a36675e1b22a66e7,14f3b4c4bf3843f830a9b079c28fdf36b5ba2699,持卡人消费,学苑楼商务网关,-10.0,44.75,4122,正常
2016/03/09 17:59:12,947f88e054bd943855ebc5b3a36675e1b22a66e7,14f3b4c4bf3843f830a9b079c28fdf36b5ba2699,持卡人消费,学苑楼商务网关,-1.2,43.55,4123,正常
2016/03/09 18:01:01,947f88e054bd943855ebc5b3a36675e1b22a66e7,14f3b4c4bf3843f830a9b079c28fdf36b5ba2699,持卡人消费,学苑楼商务网关,-4.0,39.55,4124,正常
2016/03/11 12:13:55,947f88e054bd943855ebc5b3a36675e1b22a66e7,14f3b4c4bf3843f830a9b079c28fdf36b5ba2699,持卡人消费,15公寓浴池,-1.42,38.13,4126,正常
2016/03/11 12:18:21,947f88e054bd943855ebc5b3a36675e1b22a66e7,14f3b4c4bf3843f830a9b079c28fdf36b5ba2699,持卡人消费,15公寓浴池,-0.59,37.54,4128,正常
2016/03/11 12:29:50,947f88e054bd943855ebc5b3a36675e1b22a66e7,14f3b4c4bf3843f830a9b079c28fdf36b5ba2699,持卡人消费,A15,-3.0,34.54,4129,正常
2016/03/12 10:42:12,947f88e054bd943855ebc5b3a36675e1b22a66e7,14f3b4c4bf3843f830a9b079c28fdf36b5ba2699,持卡人消费,学苑楼商务网关,-7.1,27.44,4130,正常
2016/03/12 11:10:40,947f88e054bd943855ebc5b3a36675e1b22a66e7,14f3b4c4bf3843f830a9b079c28fdf36b5ba2699,持卡人消费,学苑楼商务网关,-6.0,21.44,4131,正常
2016/03/12 16:56:01,947f88e054bd943855ebc5b3a36675e1b22a66e7,14f3b4c4bf3843f830a9b079c28fdf36b5ba2699,持卡人消费,学苑楼商务网关,-8.0,13.44,4132,正常
2016/03/12 16:56:26,947f88e054bd943855ebc5b3a36675e1b22a66e7,14f3b4c4bf3843f830a9b079c28fdf36b5ba2699,持卡人消费,学苑楼商务网关,-0.6,12.84,4133,正常
2016/03/14 12:20:49,947f88e054bd943855ebc5b3a36675e1b22a66e7,14f3b4c4bf3843f830a9b079c28fdf36b5ba2699,存款,现金充值机,100.0,100.44,4138,正常
2016/03/14 12:37:07,947f88e054bd943855ebc5b3a36675e1b22a66e7,14f3b4c4bf3843f830a9b079c28fdf36b5ba2699,持卡人消费,学苑楼商务网关,-3.4,97.04,4139,正常
2016/03/14 17:29:54,947f88e054bd943855ebc5b3a36675e1b22a66e7,14f3b4c4bf3843f830a9b079c28fdf36b5ba2699,持卡人消费,学苑楼商务网关,-9.0,88.04,4140,正常
2016/03/15 12:00:06,947f88e054bd943855ebc5b3a36675e1b22a66e7,14f3b4c4bf3843f830a9b079c28fdf36b5ba2699,持卡人消费,学苑楼商务网关,-5.5,82.54,4141,正常
2016/03/15 12:00:38,947f88e054bd943855ebc5b3a36675e1b22a66e7,14f3b4c4bf3843f830a9b079c28fdf36b5ba2699,持卡人消费,学苑楼商务网关,-1.4,81.14,4142,正常
2016/03/15 17:28:51,947f88e054bd943855ebc5b3a36675e1b22a66e7,14f3b4c4bf3843f830a9b079c28fdf36b5ba2699,持卡人消费,学苑楼商务网关,-10.0,71.14,4143,正常
2016/03/17 10:16:52,947f88e054bd943855ebc5b3a36675e1b22a66e7,14f3b4c4bf3843f830a9b079c28fdf36b5ba2699,持卡人消费,超市商务子系统,-3.0,68.14,4144,正常
2016/03/17 11:31:36,947f88e054bd943855ebc5b3a36675e1b22a66e7,14f3b4c4bf3843f830a9b079c28fdf36b5ba2699,持卡人消费,学子楼商务网关,-30.0,38.14,4145,正常
2016/03/18 11:20:11,947f88e054bd943855ebc5b3a36675e1b22a66e7,14f3b4c4bf3843f830a9b079c28fdf36b5ba2699,持卡人消费,网络中心,-30.0,8.14,4146,正常
2016/03/18 12:25:38,947f88e054bd943855ebc5b3a36675e1b22a66e7,14f3b4c4bf3843f830a9b079c28fdf36b5ba2699,持卡人消费,15公寓浴池,-0.16,7.98,4148,正常
2016/03/18 12:27:57,947f88e054bd943855ebc5b3a36675e1b22a66e7,14f3b4c4bf3843f830a9b079c28fdf36b5ba2699,持卡人消费,15公寓浴池,-0.26,7.72,4150,正常
2016/03/18 12:33:19,947f88e054bd943855ebc5b3a36675e1b22a66e7,14f3b4c4bf3843f830a9b079c28fdf36b5ba2699,持卡人消费,15公寓浴池,-0.3,7.42,4152,正常
2016/03/20 09:02:23,947f88e054bd943855ebc5b3a36675e1b22a66e7,14f3b4c4bf3843f830a9b079c28fdf36b5ba2699,持卡人消费,超市商务子系统,-3.0,4.42,4153,正常
2016/03/20 11:55:04,947f88e054bd943855ebc5b3a36675e1b22a66e7,14f3b4c4bf3843f830a9b079c28fdf36b5ba2699,存款,现金充值机,50.0,54.42,4154,正常
2016/03/20 12:24:11,947f88e054bd943855ebc5b3a36675e1b22a66e7,14f3b4c4bf3843f830a9b079c28fdf36b5ba2699,持卡人消费,学苑楼商务网关,-6.72,47.70,4155,正常
2016/03/21 09:30:56,947f88e054bd943855ebc5b3a36675e1b22a66e7,14f3b4c4bf3843f830a9b079c28fdf36b5ba2699,持卡人消费,超市商务子系统,-3.0,44.70,4156,正常
2016/03/21 11:52:33,947f88e054bd943855ebc5b3a36675e1b22a66e7,14f3b4c4bf3843f830a9b079c28fdf36b5ba2699,持卡人消费,学苑楼商务网关,-8.0,36.70,4157,正常
2016/03/21 17:51:10,947f88e054bd943855ebc5b3a36675e1b22a66e7,14f3b4c4bf3843f830a9b079c28fdf36b5ba2699,持卡人消费,学士楼商务网关,-5.0,31.70,4158,正常
2016/03/22 09:13:25,947f88e054bd943855ebc5b3a36675e1b22a66e7,14f3b4c4bf3843f830a9b079c28fdf36b5ba2699,持卡人消费,超市商务子系统,-2.0,29.70,4159,正常
2016/03/22 11:57:06,947f88e054bd943855ebc5b3a36675e1b22a66e7,14f3b4c4bf3843f830a9b079c28fdf36b5ba2699,持卡人消费,学苑楼商务网关,-10.0,19.70,4160,正常
2016/03/22 14:45:21,947f88e054bd943855ebc5b3a36675e1b22a66e7,14f3b4c4bf3843f830a9b079c28fdf36b5ba2699,持卡人消费,15公寓浴池,-0.4,19.30,4162,正常
2016/03/22 14:47:06,947f88e054bd943855ebc5b3a36675e1b22a66e7,14f3b4c4bf3843f830a9b079c28fdf36b5ba2699,持卡人消费,15公寓浴池,-0.13,19.17,4164,正常
2016/03/22 14:53:00,947f88e054bd943855ebc5b3a36675e1b22a66e7,14f3b4c4bf3843f830a9b079c28fdf36b5ba2699,持卡人消费,15公寓浴池,-0.54,18.63,4166,正常
2016/03/22 17:29:09,947f88e054bd943855ebc5b3a36675e1b22a66e7,14f3b4c4bf3843f830a9b079c28fdf36b5ba2699,持卡人消费,学士楼商务网关,-7.2,11.43,4167,正常
2016/03/22 17:32:41,947f88e054bd943855ebc5b3a36675e1b22a66e7,14f3b4c4bf3843f830a9b079c28fdf36b5ba2699,持卡人消费,学士楼商务网关,-3.6,7.83,4168,正常
2016/03/23 09:20:43,947f88e054bd943855ebc5b3a36675e1b22a66e7,14f3b4c4bf3843f830a9b079c28fdf36b5ba2699,持卡人消费,超市商务子系统,-2.0,5.83,4169,正常
2016/03/23 11:29:05,947f88e054bd943855ebc5b3a36675e1b22a66e7,14f3b4c4bf3843f830a9b079c28fdf36b5ba2699,持卡人消费,学苑楼商务网关,-3.0,2.83,4170,正常
2016/03/23 17:59:46,947f88e054bd943855ebc5b3a36675e1b22a66e7,14f3b4c4bf3843f830a9b079c28fdf36b5ba2699,存款,现金充值机,20.0,22.83,4171,正常
2016/03/23 18:25:19,947f88e054bd943855ebc5b3a36675e1b22a66e7,14f3b4c4bf3843f830a9b079c28fdf36b5ba2699,持卡人消费,超市商务子系统,-2.6,20.23,4172,正常
2016/03/24 09:54:00,947f88e054bd943855ebc5b3a36675e1b22a66e7,14f3b4c4bf3843f830a9b079c28fdf36b5ba2699,持卡人消费,硕果园（工大商店）,-8.0,12.23,4173,正常
2016/03/24 12:14:18,947f88e054bd943855ebc5b3a36675e1b22a66e7,14f3b4c4bf3843f830a9b079c28fdf36b5ba2699,持卡人消费,学苑楼商务网关,-3.6,8.63,4174,正常
2016/03/24 12:14:32,947f88e054bd943855ebc5b3a36675e1b22a66e7,14f3b4c4bf3843f830a9b079c28fdf36b5ba2699,持卡人消费,学苑楼商务网关,-3.3,5.33,4175,正常
2016/03/25 17:20:56,947f88e054bd943855ebc5b3a36675e1b22a66e7,14f3b4c4bf3843f830a9b079c28fdf36b5ba2699,存款,现金充值机,100.0,105.33,4176,正常
2016/03/25 17:44:29,947f88e054bd943855ebc5b3a36675e1b22a66e7,14f3b4c4bf3843f830a9b079c28fdf36b5ba2699,持卡人消费,学苑楼商务网关,-4.0,101.33,4177,正常
2016/03/26 09:45:25,947f88e054bd943855ebc5b3a36675e1b22a66e7,14f3b4c4bf3843f830a9b079c28fdf36b5ba2699,持卡人消费,超市商务子系统,-3.0,98.33,4178,正常
2016/03/26 14:50:10,947f88e054bd943855ebc5b3a36675e1b22a66e7,14f3b4c4bf3843f830a9b079c28fdf36b5ba2699,持卡人消费,15公寓浴池,-0.7,97.63,4180,正常
2016/03/26 14:52:08,947f88e054bd943855ebc5b3a36675e1b22a66e7,14f3b4c4bf3843f830a9b079c28fdf36b5ba2699,持卡人消费,15公寓浴池,-0.18,97.45,4182,正常
2016/03/26 17:24:55,947f88e054bd943855ebc5b3a36675e1b22a66e7,14f3b4c4bf3843f830a9b079c28fdf36b5ba2699,持卡人消费,学苑楼商务网关,-7.0,90.45,4183,正常
2016/03/26 17:25:06,947f88e054bd943855ebc5b3a36675e1b22a66e7,14f3b4c4bf3843f830a9b079c28fdf36b5ba2699,持卡人消费,学苑楼商务网关,-1.0,89.45,4184,正常
2016/03/28 09:07:41,947f88e054bd943855ebc5b3a36675e1b22a66e7,14f3b4c4bf3843f830a9b079c28fdf36b5ba2699,持卡人消费,超市商务子系统,-1.0,88.45,4185,正常
2016/03/28 11:36:52,947f88e054bd943855ebc5b3a36675e1b22a66e7,14f3b4c4bf3843f830a9b079c28fdf36b5ba2699,持卡人消费,学苑楼商务网关,-10.0,78.45,4186,正常
2016/03/28 11:38:24,947f88e054bd943855ebc5b3a36675e1b22a66e7,14f3b4c4bf3843f830a9b079c28fdf36b5ba2699,持卡人消费,学苑楼商务网关,-2.0,76.45,4187,正常
2016/03/28 11:46:50,947f88e054bd943855ebc5b3a36675e1b22a66e7,14f3b4c4bf3843f830a9b079c28fdf36b5ba2699,持卡人消费,学苑楼商务网关,-8.0,68.45,4188,正常
2016/03/28 17:46:08,947f88e054bd943855ebc5b3a36675e1b22a66e7,14f3b4c4bf3843f830a9b079c28fdf36b5ba2699,持卡人消费,学苑楼商务网关,-4.2,64.25,4189,正常
2016/03/29 12:00:33,947f88e054bd943855ebc5b3a36675e1b22a66e7,14f3b4c4bf3843f830a9b079c28fdf36b5ba2699,持卡人消费,学苑楼商务网关,-6.0,58.25,4190,正常
2016/03/29 12:02:21,947f88e054bd943855ebc5b3a36675e1b22a66e7,14f3b4c4bf3843f830a9b079c28fdf36b5ba2699,持卡人消费,学苑楼商务网关,-9.0,49.25,4191,正常
2016/03/29 20:30:14,947f88e054bd943855ebc5b3a36675e1b22a66e7,14f3b4c4bf3843f830a9b079c28fdf36b5ba2699,持卡人消费,15公寓浴池,-1.7,47.55,4193,正常
2016/03/31 07:31:25,947f88e054bd943855ebc5b3a36675e1b22a66e7,14f3b4c4bf3843f830a9b079c28fdf36b5ba2699,持卡人消费,超市商务子系统,-2.0,43.55,4195,正常
2016/03/31 11:55:17,947f88e054bd943855ebc5b3a36675e1b22a66e7,14f3b4c4bf3843f830a9b079c28fdf36b5ba2699,持卡人消费,学苑楼商务网关,-9.0,34.55,4196,正常
