交易发生时间,学号,姓名,交易类型,子系统名称,交易额,现有余额,次数,状态
2016/03/01 11:31:15,fda9fce8bdfa6a57e12a2180205d240871db9050,1563b2dac292ee0d17af9a6360773da7033b7867,持卡人消费,四食堂商务网关,-9.98,228.17,5786,正常
2016/03/01 14:51:28,fda9fce8bdfa6a57e12a2180205d240871db9050,1563b2dac292ee0d17af9a6360773da7033b7867,持卡人消费,学子便利店B07,-8.3,219.87,5787,正常
2016/03/01 19:36:03,fda9fce8bdfa6a57e12a2180205d240871db9050,1563b2dac292ee0d17af9a6360773da7033b7867,持卡人消费,四食堂商务网关,-9.6,210.27,5788,正常
2016/03/02 11:43:19,fda9fce8bdfa6a57e12a2180205d240871db9050,1563b2dac292ee0d17af9a6360773da7033b7867,持卡人消费,身份前置机,-2.18,208.09,5789,正常
2016/03/02 11:49:36,fda9fce8bdfa6a57e12a2180205d240871db9050,1563b2dac292ee0d17af9a6360773da7033b7867,持卡人消费,四食堂商务网关,-8.0,200.09,5790,正常
2016/03/02 12:00:58,fda9fce8bdfa6a57e12a2180205d240871db9050,1563b2dac292ee0d17af9a6360773da7033b7867,持卡人消费,五食堂商务网关,-6.0,194.09,5791,正常
2016/03/02 15:40:20,fda9fce8bdfa6a57e12a2180205d240871db9050,1563b2dac292ee0d17af9a6360773da7033b7867,持卡人消费,二区水控,-0.03,194.06,5793,正常
2016/03/02 15:56:13,fda9fce8bdfa6a57e12a2180205d240871db9050,1563b2dac292ee0d17af9a6360773da7033b7867,持卡人消费,二区水控,-3.0,191.06,5794,正常
2016/03/02 16:03:03,fda9fce8bdfa6a57e12a2180205d240871db9050,1563b2dac292ee0d17af9a6360773da7033b7867,持卡人消费,二区水控,-1.3,189.76,5796,正常
2016/03/02 21:12:01,fda9fce8bdfa6a57e12a2180205d240871db9050,1563b2dac292ee0d17af9a6360773da7033b7867,持卡人消费,学子便利店B07,-5.3,184.46,5797,正常
2016/03/03 11:19:26,fda9fce8bdfa6a57e12a2180205d240871db9050,1563b2dac292ee0d17af9a6360773da7033b7867,持卡人消费,九食堂商务网关,-11.0,173.46,5798,正常
2016/03/03 15:45:40,fda9fce8bdfa6a57e12a2180205d240871db9050,1563b2dac292ee0d17af9a6360773da7033b7867,持卡人消费,二区水控,-3.0,170.46,5799,正常
2016/03/03 15:51:30,fda9fce8bdfa6a57e12a2180205d240871db9050,1563b2dac292ee0d17af9a6360773da7033b7867,持卡人消费,二区水控,-1.1,169.36,5801,正常
2016/03/03 16:05:27,fda9fce8bdfa6a57e12a2180205d240871db9050,1563b2dac292ee0d17af9a6360773da7033b7867,持卡人消费,学子便利店B07,-12.3,157.06,5802,正常
2016/03/03 17:01:24,fda9fce8bdfa6a57e12a2180205d240871db9050,1563b2dac292ee0d17af9a6360773da7033b7867,持卡人消费,五食堂商务网关,-5.0,152.06,5803,正常
2016/03/04 11:57:39,fda9fce8bdfa6a57e12a2180205d240871db9050,1563b2dac292ee0d17af9a6360773da7033b7867,持卡人消费,五食堂商务网关,-4.5,147.56,5804,正常
2016/03/04 16:46:51,fda9fce8bdfa6a57e12a2180205d240871db9050,1563b2dac292ee0d17af9a6360773da7033b7867,持卡人消费,二区水控,-0.01,147.55,5805,正常
2016/03/04 17:02:38,fda9fce8bdfa6a57e12a2180205d240871db9050,1563b2dac292ee0d17af9a6360773da7033b7867,持卡人消费,二区水控,-3.0,144.55,5806,正常
2016/03/04 17:08:17,fda9fce8bdfa6a57e12a2180205d240871db9050,1563b2dac292ee0d17af9a6360773da7033b7867,持卡人消费,二区水控,-1.05,143.50,5807,正常
2016/03/05 10:58:28,fda9fce8bdfa6a57e12a2180205d240871db9050,1563b2dac292ee0d17af9a6360773da7033b7867,持卡人消费,学子便利店B07,-1.5,142.00,5808,正常
2016/03/05 11:06:43,fda9fce8bdfa6a57e12a2180205d240871db9050,1563b2dac292ee0d17af9a6360773da7033b7867,持卡人消费,四食堂商务网关,-10.58,131.42,5809,正常
2016/03/05 16:47:58,fda9fce8bdfa6a57e12a2180205d240871db9050,1563b2dac292ee0d17af9a6360773da7033b7867,持卡人消费,二区水控,-3.0,128.42,5810,正常
2016/03/05 16:53:27,fda9fce8bdfa6a57e12a2180205d240871db9050,1563b2dac292ee0d17af9a6360773da7033b7867,持卡人消费,二区水控,-1.04,127.38,5812,正常
2016/03/05 17:18:59,fda9fce8bdfa6a57e12a2180205d240871db9050,1563b2dac292ee0d17af9a6360773da7033b7867,持卡人消费,四食堂商务网关,-9.0,118.38,5813,正常
2016/03/05 20:03:50,fda9fce8bdfa6a57e12a2180205d240871db9050,1563b2dac292ee0d17af9a6360773da7033b7867,持卡人消费,学子便利店B07,-2.0,116.38,5814,正常
2016/03/06 11:32:11,fda9fce8bdfa6a57e12a2180205d240871db9050,1563b2dac292ee0d17af9a6360773da7033b7867,持卡人消费,九食堂商务网关,-9.0,107.38,5815,正常
2016/03/06 13:32:33,fda9fce8bdfa6a57e12a2180205d240871db9050,1563b2dac292ee0d17af9a6360773da7033b7867,持卡人消费,学子便利店B07,-4.9,102.48,5816,正常
2016/03/06 17:49:22,fda9fce8bdfa6a57e12a2180205d240871db9050,1563b2dac292ee0d17af9a6360773da7033b7867,持卡人消费,二区水控,-3.0,99.48,5817,正常
2016/03/06 17:53:40,fda9fce8bdfa6a57e12a2180205d240871db9050,1563b2dac292ee0d17af9a6360773da7033b7867,持卡人消费,二区水控,-0.82,98.66,5819,正常
2016/03/06 19:44:57,fda9fce8bdfa6a57e12a2180205d240871db9050,1563b2dac292ee0d17af9a6360773da7033b7867,持卡人消费,四食堂商务网关,-7.2,91.46,5820,正常
2016/03/07 11:57:56,fda9fce8bdfa6a57e12a2180205d240871db9050,1563b2dac292ee0d17af9a6360773da7033b7867,持卡人消费,五食堂商务网关,-6.0,85.46,5821,正常
2016/03/08 19:47:32,fda9fce8bdfa6a57e12a2180205d240871db9050,1563b2dac292ee0d17af9a6360773da7033b7867,持卡人消费,学子便利店B07,-1.5,83.96,5822,正常
2016/03/08 19:54:36,fda9fce8bdfa6a57e12a2180205d240871db9050,1563b2dac292ee0d17af9a6360773da7033b7867,持卡人消费,网络中心,-30.0,53.96,5823,正常
2016/03/08 20:02:44,fda9fce8bdfa6a57e12a2180205d240871db9050,1563b2dac292ee0d17af9a6360773da7033b7867,持卡人消费,四食堂商务网关,-7.2,46.76,5824,正常
2016/03/09 11:05:31,fda9fce8bdfa6a57e12a2180205d240871db9050,1563b2dac292ee0d17af9a6360773da7033b7867,持卡人消费,九食堂商务网关,-13.0,33.76,5825,正常
2016/03/09 20:18:52,fda9fce8bdfa6a57e12a2180205d240871db9050,1563b2dac292ee0d17af9a6360773da7033b7867,持卡人消费,四食堂商务网关,-7.2,26.56,5826,正常
2016/03/10 11:56:33,fda9fce8bdfa6a57e12a2180205d240871db9050,1563b2dac292ee0d17af9a6360773da7033b7867,持卡人消费,五食堂商务网关,-5.0,21.56,5827,正常
2016/03/10 20:02:02,fda9fce8bdfa6a57e12a2180205d240871db9050,1563b2dac292ee0d17af9a6360773da7033b7867,持卡人消费,四食堂商务网关,-9.0,12.56,5828,正常
2016/03/11 11:54:07,fda9fce8bdfa6a57e12a2180205d240871db9050,1563b2dac292ee0d17af9a6360773da7033b7867,持卡人消费,五食堂商务网关,-5.0,7.56,5829,正常
2016/03/11 16:58:21,fda9fce8bdfa6a57e12a2180205d240871db9050,1563b2dac292ee0d17af9a6360773da7033b7867,存款,现金充值机,200.0,207.56,5830,正常
2016/03/11 16:59:42,fda9fce8bdfa6a57e12a2180205d240871db9050,1563b2dac292ee0d17af9a6360773da7033b7867,持卡人消费,五食堂商务网关,-12.5,195.06,5831,正常
2016/03/12 11:58:57,fda9fce8bdfa6a57e12a2180205d240871db9050,1563b2dac292ee0d17af9a6360773da7033b7867,持卡人消费,五食堂商务网关,-5.0,190.06,5832,正常
2016/03/12 15:11:39,fda9fce8bdfa6a57e12a2180205d240871db9050,1563b2dac292ee0d17af9a6360773da7033b7867,持卡人消费,二区水控,-0.02,190.04,5834,正常
2016/03/12 15:27:21,fda9fce8bdfa6a57e12a2180205d240871db9050,1563b2dac292ee0d17af9a6360773da7033b7867,持卡人消费,二区水控,-3.0,187.04,5835,正常
2016/03/12 15:34:50,fda9fce8bdfa6a57e12a2180205d240871db9050,1563b2dac292ee0d17af9a6360773da7033b7867,持卡人消费,二区水控,-1.42,185.62,5837,正常
2016/03/12 16:22:39,fda9fce8bdfa6a57e12a2180205d240871db9050,1563b2dac292ee0d17af9a6360773da7033b7867,持卡人消费,学子便利店B07,-1.5,184.12,5838,正常
2016/03/12 18:38:38,fda9fce8bdfa6a57e12a2180205d240871db9050,1563b2dac292ee0d17af9a6360773da7033b7867,持卡人消费,学子便利店B07,-1.5,182.62,5839,正常
2016/03/14 11:56:16,fda9fce8bdfa6a57e12a2180205d240871db9050,1563b2dac292ee0d17af9a6360773da7033b7867,持卡人消费,五食堂商务网关,-8.0,118.74,5849,正常
2016/03/14 11:56:27,fda9fce8bdfa6a57e12a2180205d240871db9050,1563b2dac292ee0d17af9a6360773da7033b7867,持卡人消费,五食堂商务网关,-0.8,117.94,5850,正常
2016/03/14 16:38:33,fda9fce8bdfa6a57e12a2180205d240871db9050,1563b2dac292ee0d17af9a6360773da7033b7867,持卡人消费,学子便利店B07,-1.5,116.44,5851,正常
2016/03/14 17:00:09,fda9fce8bdfa6a57e12a2180205d240871db9050,1563b2dac292ee0d17af9a6360773da7033b7867,持卡人消费,二区水控,-3.0,113.44,5852,正常
2016/03/14 17:08:27,fda9fce8bdfa6a57e12a2180205d240871db9050,1563b2dac292ee0d17af9a6360773da7033b7867,持卡人消费,二区水控,-1.58,111.86,5854,正常
2016/03/14 17:25:17,fda9fce8bdfa6a57e12a2180205d240871db9050,1563b2dac292ee0d17af9a6360773da7033b7867,持卡人消费,九食堂商务网关,-8.5,103.36,5855,正常
2016/03/15 11:59:59,fda9fce8bdfa6a57e12a2180205d240871db9050,1563b2dac292ee0d17af9a6360773da7033b7867,持卡人消费,五食堂商务网关,-6.0,97.36,5856,正常
2016/03/15 12:44:39,fda9fce8bdfa6a57e12a2180205d240871db9050,1563b2dac292ee0d17af9a6360773da7033b7867,持卡人消费,学子便利店B07,-1.5,95.86,5857,正常
2016/03/15 15:22:15,fda9fce8bdfa6a57e12a2180205d240871db9050,1563b2dac292ee0d17af9a6360773da7033b7867,持卡人消费,二区水控,-3.0,92.86,5858,正常
2016/03/15 15:29:02,fda9fce8bdfa6a57e12a2180205d240871db9050,1563b2dac292ee0d17af9a6360773da7033b7867,持卡人消费,二区水控,-1.3,91.56,5860,正常
2016/03/15 03:56:46,fda9fce8bdfa6a57e12a2180205d240871db9050,1563b2dac292ee0d17af9a6360773da7033b7867,持卡人消费,九食堂商务网关,-13.0,78.56,5861,正常
2016/03/16 10:01:45,fda9fce8bdfa6a57e12a2180205d240871db9050,1563b2dac292ee0d17af9a6360773da7033b7867,持卡人消费,学子便利店B07,-1.5,77.06,5862,正常
2016/03/16 11:44:10,fda9fce8bdfa6a57e12a2180205d240871db9050,1563b2dac292ee0d17af9a6360773da7033b7867,持卡人消费,四食堂商务网关,-6.0,71.06,5863,正常
2016/03/16 11:46:00,fda9fce8bdfa6a57e12a2180205d240871db9050,1563b2dac292ee0d17af9a6360773da7033b7867,持卡人消费,四食堂商务网关,-4.5,66.56,5864,正常
2016/03/16 12:02:32,fda9fce8bdfa6a57e12a2180205d240871db9050,1563b2dac292ee0d17af9a6360773da7033b7867,持卡人消费,四食堂商务网关,-9.8,56.76,5865,正常
2016/03/16 16:41:19,fda9fce8bdfa6a57e12a2180205d240871db9050,1563b2dac292ee0d17af9a6360773da7033b7867,持卡人消费,四食堂商务网关,-7.0,49.76,5866,正常
2016/03/17 11:56:42,fda9fce8bdfa6a57e12a2180205d240871db9050,1563b2dac292ee0d17af9a6360773da7033b7867,持卡人消费,四食堂商务网关,-0.4,49.36,5867,正常
2016/03/17 11:57:23,fda9fce8bdfa6a57e12a2180205d240871db9050,1563b2dac292ee0d17af9a6360773da7033b7867,持卡人消费,四食堂商务网关,-10.08,39.28,5868,正常
2016/03/17 12:26:51,fda9fce8bdfa6a57e12a2180205d240871db9050,1563b2dac292ee0d17af9a6360773da7033b7867,持卡人消费,学子便利店B07,-1.5,37.78,5869,正常
2016/03/17 15:24:27,fda9fce8bdfa6a57e12a2180205d240871db9050,1563b2dac292ee0d17af9a6360773da7033b7867,持卡人消费,二区水控,-3.0,34.78,5870,正常
2016/03/17 15:28:15,fda9fce8bdfa6a57e12a2180205d240871db9050,1563b2dac292ee0d17af9a6360773da7033b7867,持卡人消费,二区水控,-0.72,34.06,5872,正常
2016/03/17 22:13:57,fda9fce8bdfa6a57e12a2180205d240871db9050,1563b2dac292ee0d17af9a6360773da7033b7867,持卡人消费,学子便利店B07,-13.0,21.06,5873,正常
2016/03/18 07:36:40,fda9fce8bdfa6a57e12a2180205d240871db9050,1563b2dac292ee0d17af9a6360773da7033b7867,持卡人消费,学子便利店B07,-4.2,16.86,5874,正常
2016/03/18 11:52:21,fda9fce8bdfa6a57e12a2180205d240871db9050,1563b2dac292ee0d17af9a6360773da7033b7867,持卡人消费,四食堂商务网关,-0.4,16.46,5875,正常
2016/03/18 11:52:34,fda9fce8bdfa6a57e12a2180205d240871db9050,1563b2dac292ee0d17af9a6360773da7033b7867,持卡人消费,四食堂商务网关,-9.0,7.46,5876,正常
2016/03/18 15:50:56,fda9fce8bdfa6a57e12a2180205d240871db9050,1563b2dac292ee0d17af9a6360773da7033b7867,持卡人消费,二区水控,-0.02,7.44,5878,正常
2016/03/18 16:06:47,fda9fce8bdfa6a57e12a2180205d240871db9050,1563b2dac292ee0d17af9a6360773da7033b7867,持卡人消费,二区水控,-3.0,4.44,5879,正常
2016/03/18 16:09:54,fda9fce8bdfa6a57e12a2180205d240871db9050,1563b2dac292ee0d17af9a6360773da7033b7867,持卡人消费,二区水控,-0.58,3.86,5881,正常
2016/03/18 16:12:31,fda9fce8bdfa6a57e12a2180205d240871db9050,1563b2dac292ee0d17af9a6360773da7033b7867,持卡人消费,二区水控,-0.48,3.38,5883,正常
2016/03/18 17:11:42,fda9fce8bdfa6a57e12a2180205d240871db9050,1563b2dac292ee0d17af9a6360773da7033b7867,存款,现金充值机,100.0,103.38,5884,正常
2016/03/18 17:38:01,fda9fce8bdfa6a57e12a2180205d240871db9050,1563b2dac292ee0d17af9a6360773da7033b7867,持卡人消费,九食堂商务网关,-9.0,94.38,5885,正常
2016/03/19 09:04:29,fda9fce8bdfa6a57e12a2180205d240871db9050,1563b2dac292ee0d17af9a6360773da7033b7867,持卡人消费,学子便利店B07,-9.7,84.68,5886,正常
2016/03/19 11:55:23,fda9fce8bdfa6a57e12a2180205d240871db9050,1563b2dac292ee0d17af9a6360773da7033b7867,持卡人消费,五食堂商务网关,-7.5,77.18,5887,正常
2016/03/19 15:13:09,fda9fce8bdfa6a57e12a2180205d240871db9050,1563b2dac292ee0d17af9a6360773da7033b7867,持卡人消费,学子便利店B07,-5.3,71.88,5888,正常
2016/03/19 17:55:23,fda9fce8bdfa6a57e12a2180205d240871db9050,1563b2dac292ee0d17af9a6360773da7033b7867,持卡人消费,四食堂商务网关,-7.2,64.68,5889,正常
2016/03/19 20:09:06,fda9fce8bdfa6a57e12a2180205d240871db9050,1563b2dac292ee0d17af9a6360773da7033b7867,持卡人消费,学子便利店B07,-1.5,63.18,5890,正常
2016/03/19 21:12:48,fda9fce8bdfa6a57e12a2180205d240871db9050,1563b2dac292ee0d17af9a6360773da7033b7867,持卡人消费,学子便利店B07,-1.5,61.68,5891,正常
2016/03/20 08:17:14,fda9fce8bdfa6a57e12a2180205d240871db9050,1563b2dac292ee0d17af9a6360773da7033b7867,持卡人消费,学子便利店B07,-2.7,58.98,5892,正常
2016/03/20 11:56:18,fda9fce8bdfa6a57e12a2180205d240871db9050,1563b2dac292ee0d17af9a6360773da7033b7867,持卡人消费,四食堂商务网关,-0.4,58.58,5893,正常
2016/03/20 11:56:42,fda9fce8bdfa6a57e12a2180205d240871db9050,1563b2dac292ee0d17af9a6360773da7033b7867,持卡人消费,四食堂商务网关,-8.95,49.63,5894,正常
2016/03/20 12:12:55,fda9fce8bdfa6a57e12a2180205d240871db9050,1563b2dac292ee0d17af9a6360773da7033b7867,持卡人消费,四食堂商务网关,-9.4,40.23,5895,正常
2016/03/21 07:23:13,fda9fce8bdfa6a57e12a2180205d240871db9050,1563b2dac292ee0d17af9a6360773da7033b7867,持卡人消费,学子便利店B07,-2.7,37.53,5896,正常
2016/03/21 11:44:02,fda9fce8bdfa6a57e12a2180205d240871db9050,1563b2dac292ee0d17af9a6360773da7033b7867,持卡人消费,五食堂商务网关,-7.0,30.53,5897,正常
2016/03/21 11:47:13,fda9fce8bdfa6a57e12a2180205d240871db9050,1563b2dac292ee0d17af9a6360773da7033b7867,持卡人消费,五食堂商务网关,-1.0,29.53,5898,正常
2016/03/21 17:03:54,fda9fce8bdfa6a57e12a2180205d240871db9050,1563b2dac292ee0d17af9a6360773da7033b7867,持卡人消费,四食堂商务网关,-0.4,29.13,5899,正常
2016/03/21 17:04:08,fda9fce8bdfa6a57e12a2180205d240871db9050,1563b2dac292ee0d17af9a6360773da7033b7867,持卡人消费,四食堂商务网关,-11.14,17.99,5900,正常
2016/03/21 17:37:14,fda9fce8bdfa6a57e12a2180205d240871db9050,1563b2dac292ee0d17af9a6360773da7033b7867,持卡人消费,学子便利店B07,-1.5,16.49,5901,正常
2016/03/22 07:51:00,fda9fce8bdfa6a57e12a2180205d240871db9050,1563b2dac292ee0d17af9a6360773da7033b7867,持卡人消费,学子便利店B07,-9.7,6.79,5902,正常
2016/03/22 11:57:20,fda9fce8bdfa6a57e12a2180205d240871db9050,1563b2dac292ee0d17af9a6360773da7033b7867,持卡人消费,五食堂商务网关,-6.5,0.29,5903,正常
2016/03/22 16:10:49,fda9fce8bdfa6a57e12a2180205d240871db9050,1563b2dac292ee0d17af9a6360773da7033b7867,存款,现金充值机,100.0,100.29,5904,正常
2016/03/22 16:38:41,fda9fce8bdfa6a57e12a2180205d240871db9050,1563b2dac292ee0d17af9a6360773da7033b7867,持卡人消费,九食堂商务网关,-22.0,78.29,5905,正常
2016/03/22 18:05:54,fda9fce8bdfa6a57e12a2180205d240871db9050,1563b2dac292ee0d17af9a6360773da7033b7867,持卡人消费,学子便利店B07,-1.5,76.79,5906,正常
2016/03/23 07:57:44,fda9fce8bdfa6a57e12a2180205d240871db9050,1563b2dac292ee0d17af9a6360773da7033b7867,持卡人消费,学子便利店B07,-2.7,74.09,5907,正常
2016/03/23 11:14:05,fda9fce8bdfa6a57e12a2180205d240871db9050,1563b2dac292ee0d17af9a6360773da7033b7867,持卡人消费,九食堂商务网关,-12.0,62.09,5908,正常
2016/03/23 16:45:15,fda9fce8bdfa6a57e12a2180205d240871db9050,1563b2dac292ee0d17af9a6360773da7033b7867,持卡人消费,九食堂商务网关,-14.0,48.09,5909,正常
2016/03/24 08:15:03,fda9fce8bdfa6a57e12a2180205d240871db9050,1563b2dac292ee0d17af9a6360773da7033b7867,持卡人消费,学子便利店B07,-5.9,42.19,5910,正常
2016/03/24 08:16:28,fda9fce8bdfa6a57e12a2180205d240871db9050,1563b2dac292ee0d17af9a6360773da7033b7867,持卡人消费,学子便利店B07,-8.7,33.49,5911,正常
2016/03/24 08:28:43,fda9fce8bdfa6a57e12a2180205d240871db9050,1563b2dac292ee0d17af9a6360773da7033b7867,持卡人消费,学子便利店B07,-7.0,26.49,5912,正常
2016/03/24 11:55:59,fda9fce8bdfa6a57e12a2180205d240871db9050,1563b2dac292ee0d17af9a6360773da7033b7867,持卡人消费,五食堂商务网关,-6.0,20.49,5913,正常
2016/03/24 16:37:56,fda9fce8bdfa6a57e12a2180205d240871db9050,1563b2dac292ee0d17af9a6360773da7033b7867,持卡人消费,九食堂商务网关,-12.0,8.49,5914,正常
2016/03/24 17:22:40,fda9fce8bdfa6a57e12a2180205d240871db9050,1563b2dac292ee0d17af9a6360773da7033b7867,持卡人消费,二区水控,-3.0,5.49,5915,正常
2016/03/24 17:28:30,fda9fce8bdfa6a57e12a2180205d240871db9050,1563b2dac292ee0d17af9a6360773da7033b7867,持卡人消费,二区水控,-1.1,4.39,5917,正常
2016/03/25 07:36:48,fda9fce8bdfa6a57e12a2180205d240871db9050,1563b2dac292ee0d17af9a6360773da7033b7867,持卡人消费,学子便利店B07,-2.7,1.69,5918,正常
2016/03/25 16:25:12,fda9fce8bdfa6a57e12a2180205d240871db9050,1563b2dac292ee0d17af9a6360773da7033b7867,存款,现金充值机,200.0,201.69,5919,正常
2016/03/25 16:52:54,fda9fce8bdfa6a57e12a2180205d240871db9050,1563b2dac292ee0d17af9a6360773da7033b7867,持卡人消费,九食堂商务网关,-12.0,189.69,5920,正常
2016/03/26 10:04:28,fda9fce8bdfa6a57e12a2180205d240871db9050,1563b2dac292ee0d17af9a6360773da7033b7867,持卡人消费,学子便利店B07,-13.0,176.69,5921,正常
2016/03/26 10:39:30,fda9fce8bdfa6a57e12a2180205d240871db9050,1563b2dac292ee0d17af9a6360773da7033b7867,持卡人消费,学子便利店B07,-1.5,175.19,5922,正常
2016/03/26 10:47:40,fda9fce8bdfa6a57e12a2180205d240871db9050,1563b2dac292ee0d17af9a6360773da7033b7867,持卡人消费,四食堂商务网关,-7.2,167.99,5923,正常
2016/03/26 17:06:17,fda9fce8bdfa6a57e12a2180205d240871db9050,1563b2dac292ee0d17af9a6360773da7033b7867,持卡人消费,二区水控,-3.0,164.99,5924,正常
2016/03/26 17:07:50,fda9fce8bdfa6a57e12a2180205d240871db9050,1563b2dac292ee0d17af9a6360773da7033b7867,持卡人消费,二区水控,-0.08,164.91,5926,正常
2016/03/26 17:54:17,fda9fce8bdfa6a57e12a2180205d240871db9050,1563b2dac292ee0d17af9a6360773da7033b7867,持卡人消费,四食堂商务网关,-0.4,164.51,5927,正常
2016/03/26 17:54:36,fda9fce8bdfa6a57e12a2180205d240871db9050,1563b2dac292ee0d17af9a6360773da7033b7867,持卡人消费,四食堂商务网关,-8.18,156.33,5928,正常
2016/03/27 08:32:13,fda9fce8bdfa6a57e12a2180205d240871db9050,1563b2dac292ee0d17af9a6360773da7033b7867,持卡人消费,学子便利店B07,-14.7,141.63,5929,正常
2016/03/27 12:00:03,fda9fce8bdfa6a57e12a2180205d240871db9050,1563b2dac292ee0d17af9a6360773da7033b7867,持卡人消费,五食堂商务网关,-5.0,136.63,5930,正常
2016/03/28 11:54:44,fda9fce8bdfa6a57e12a2180205d240871db9050,1563b2dac292ee0d17af9a6360773da7033b7867,持卡人消费,五食堂商务网关,-6.0,130.63,5931,正常
2016/03/28 16:32:28,fda9fce8bdfa6a57e12a2180205d240871db9050,1563b2dac292ee0d17af9a6360773da7033b7867,持卡人消费,九食堂商务网关,-8.5,122.13,5932,正常
2016/03/29 08:19:58,fda9fce8bdfa6a57e12a2180205d240871db9050,1563b2dac292ee0d17af9a6360773da7033b7867,持卡人消费,四食堂商务网关,-2.6,119.53,5933,正常
2016/03/29 11:58:41,fda9fce8bdfa6a57e12a2180205d240871db9050,1563b2dac292ee0d17af9a6360773da7033b7867,持卡人消费,四食堂商务网关,-0.4,119.13,5934,正常
2016/03/29 11:59:05,fda9fce8bdfa6a57e12a2180205d240871db9050,1563b2dac292ee0d17af9a6360773da7033b7867,持卡人消费,四食堂商务网关,-12.41,106.72,5935,正常
2016/03/29 12:17:09,fda9fce8bdfa6a57e12a2180205d240871db9050,1563b2dac292ee0d17af9a6360773da7033b7867,持卡人消费,四食堂商务网关,-9.7,97.02,5936,正常
2016/03/29 12:38:05,fda9fce8bdfa6a57e12a2180205d240871db9050,1563b2dac292ee0d17af9a6360773da7033b7867,持卡人消费,学子便利店B07,-1.5,95.52,5937,正常
2016/03/29 17:44:46,fda9fce8bdfa6a57e12a2180205d240871db9050,1563b2dac292ee0d17af9a6360773da7033b7867,持卡人消费,二区水控,-3.0,92.52,5938,正常
2016/03/29 17:48:49,fda9fce8bdfa6a57e12a2180205d240871db9050,1563b2dac292ee0d17af9a6360773da7033b7867,持卡人消费,二区水控,-0.77,91.75,5940,正常
2016/03/29 18:08:59,fda9fce8bdfa6a57e12a2180205d240871db9050,1563b2dac292ee0d17af9a6360773da7033b7867,持卡人消费,四食堂商务网关,-9.6,82.15,5941,正常
2016/03/30 11:59:34,fda9fce8bdfa6a57e12a2180205d240871db9050,1563b2dac292ee0d17af9a6360773da7033b7867,持卡人消费,五食堂商务网关,-8.0,74.15,5942,正常
2016/03/30 12:14:59,fda9fce8bdfa6a57e12a2180205d240871db9050,1563b2dac292ee0d17af9a6360773da7033b7867,持卡人消费,学子便利店B07,-5.3,68.85,5943,正常
2016/03/30 17:35:44,fda9fce8bdfa6a57e12a2180205d240871db9050,1563b2dac292ee0d17af9a6360773da7033b7867,持卡人消费,五食堂商务网关,-6.0,62.85,5944,正常
2016/03/31 08:45:44,fda9fce8bdfa6a57e12a2180205d240871db9050,1563b2dac292ee0d17af9a6360773da7033b7867,持卡人消费,四食堂商务网关,-2.0,60.85,5945,正常
2016/03/31 11:55:59,fda9fce8bdfa6a57e12a2180205d240871db9050,1563b2dac292ee0d17af9a6360773da7033b7867,持卡人消费,五食堂商务网关,-6.0,54.85,5946,正常
2016/03/31 12:08:48,fda9fce8bdfa6a57e12a2180205d240871db9050,1563b2dac292ee0d17af9a6360773da7033b7867,持卡人消费,五食堂商务网关,-9.0,45.85,5947,正常
2016/03/31 17:34:23,fda9fce8bdfa6a57e12a2180205d240871db9050,1563b2dac292ee0d17af9a6360773da7033b7867,持卡人消费,四食堂商务网关,-0.4,45.45,5948,正常
2016/03/31 17:34:41,fda9fce8bdfa6a57e12a2180205d240871db9050,1563b2dac292ee0d17af9a6360773da7033b7867,持卡人消费,四食堂商务网关,-10.63,34.82,5949,正常
2016/03/31 18:40:57,fda9fce8bdfa6a57e12a2180205d240871db9050,1563b2dac292ee0d17af9a6360773da7033b7867,持卡人消费,第三方对接子系统,-0.43,34.39,5950,正常
