交易发生时间,学号,姓名,交易类型,子系统名称,交易额,现有余额,次数,状态
2016/03/01 18:31:15,e7287bc0cd70ae0af0b390fc5c23b9e220446bc0,15a7f7b075958f0218ad2b2a55e4ba216350ba59,持卡人消费,一校区水控新,-1.28,456.62,3628,正常
2016/03/01 18:34:40,e7287bc0cd70ae0af0b390fc5c23b9e220446bc0,15a7f7b075958f0218ad2b2a55e4ba216350ba59,持卡人消费,一校区水控新,-0.37,456.25,3630,正常
2016/03/01 18:36:06,e7287bc0cd70ae0af0b390fc5c23b9e220446bc0,15a7f7b075958f0218ad2b2a55e4ba216350ba59,持卡人消费,一校区水控新,-0.05,456.20,3632,正常
2016/03/02 21:35:47,e7287bc0cd70ae0af0b390fc5c23b9e220446bc0,15a7f7b075958f0218ad2b2a55e4ba216350ba59,持卡人消费,超市商务子系统,-13.8,442.40,3633,正常
2016/03/03 18:03:06,e7287bc0cd70ae0af0b390fc5c23b9e220446bc0,15a7f7b075958f0218ad2b2a55e4ba216350ba59,持卡人消费,硕果园（工大商店）,-10.0,432.40,3634,正常
2016/03/03 18:25:27,e7287bc0cd70ae0af0b390fc5c23b9e220446bc0,15a7f7b075958f0218ad2b2a55e4ba216350ba59,持卡人消费,硕果园（工大商店）,-3.0,429.40,3635,正常
2016/03/04 11:31:20,e7287bc0cd70ae0af0b390fc5c23b9e220446bc0,15a7f7b075958f0218ad2b2a55e4ba216350ba59,持卡人消费,硕果园（工大商店）,-11.0,418.40,3636,正常
2016/03/04 11:47:57,e7287bc0cd70ae0af0b390fc5c23b9e220446bc0,15a7f7b075958f0218ad2b2a55e4ba216350ba59,持卡人消费,硕果园（工大商店）,-3.0,415.40,3637,正常
2016/03/05 18:52:52,e7287bc0cd70ae0af0b390fc5c23b9e220446bc0,15a7f7b075958f0218ad2b2a55e4ba216350ba59,持卡人消费,超市商务子系统,-13.9,401.50,3638,正常
2016/03/05 18:56:01,e7287bc0cd70ae0af0b390fc5c23b9e220446bc0,15a7f7b075958f0218ad2b2a55e4ba216350ba59,持卡人消费,超市商务子系统,-1.9,399.60,3639,正常
2016/03/06 18:24:02,e7287bc0cd70ae0af0b390fc5c23b9e220446bc0,15a7f7b075958f0218ad2b2a55e4ba216350ba59,持卡人消费,一校区水控新,-1.23,398.37,3641,正常
2016/03/06 18:25:59,e7287bc0cd70ae0af0b390fc5c23b9e220446bc0,15a7f7b075958f0218ad2b2a55e4ba216350ba59,持卡人消费,一校区水控新,-0.13,398.24,3643,正常
2016/03/06 18:29:59,e7287bc0cd70ae0af0b390fc5c23b9e220446bc0,15a7f7b075958f0218ad2b2a55e4ba216350ba59,持卡人消费,一校区水控新,-0.48,395.76,3646,正常
2016/03/06 18:30:24,e7287bc0cd70ae0af0b390fc5c23b9e220446bc0,15a7f7b075958f0218ad2b2a55e4ba216350ba59,持卡人消费,一校区水控新,-0.83,396.93,3647,正常
2016/03/07 17:59:32,e7287bc0cd70ae0af0b390fc5c23b9e220446bc0,15a7f7b075958f0218ad2b2a55e4ba216350ba59,持卡人消费,学士楼商务网关,-4.76,392.17,3648,正常
2016/03/07 18:01:39,e7287bc0cd70ae0af0b390fc5c23b9e220446bc0,15a7f7b075958f0218ad2b2a55e4ba216350ba59,持卡人消费,学士楼商务网关,-2.75,389.42,3649,正常
2016/03/07 18:02:17,e7287bc0cd70ae0af0b390fc5c23b9e220446bc0,15a7f7b075958f0218ad2b2a55e4ba216350ba59,持卡人消费,学士楼商务网关,-5.32,384.10,3650,正常
2016/03/07 18:03:49,e7287bc0cd70ae0af0b390fc5c23b9e220446bc0,15a7f7b075958f0218ad2b2a55e4ba216350ba59,持卡人消费,学士楼商务网关,-5.4,378.70,3651,正常
2016/03/07 18:03:52,e7287bc0cd70ae0af0b390fc5c23b9e220446bc0,15a7f7b075958f0218ad2b2a55e4ba216350ba59,持卡人消费,学士楼商务网关,-3.9,374.80,3652,正常
2016/03/08 08:53:54,e7287bc0cd70ae0af0b390fc5c23b9e220446bc0,15a7f7b075958f0218ad2b2a55e4ba216350ba59,持卡人消费,超市商务子系统,-6.0,368.80,3653,正常
2016/03/08 08:55:33,e7287bc0cd70ae0af0b390fc5c23b9e220446bc0,15a7f7b075958f0218ad2b2a55e4ba216350ba59,持卡人消费,超市商务子系统,-4.0,364.80,3654,正常
2016/03/08 19:24:47,e7287bc0cd70ae0af0b390fc5c23b9e220446bc0,15a7f7b075958f0218ad2b2a55e4ba216350ba59,持卡人消费,A18,-3.0,361.80,3655,正常
2016/03/10 11:57:55,e7287bc0cd70ae0af0b390fc5c23b9e220446bc0,15a7f7b075958f0218ad2b2a55e4ba216350ba59,持卡人消费,学士楼商务网关,-0.8,361.00,3656,正常
2016/03/10 11:58:13,e7287bc0cd70ae0af0b390fc5c23b9e220446bc0,15a7f7b075958f0218ad2b2a55e4ba216350ba59,持卡人消费,学士楼商务网关,-1.5,359.50,3657,正常
2016/03/10 11:58:45,e7287bc0cd70ae0af0b390fc5c23b9e220446bc0,15a7f7b075958f0218ad2b2a55e4ba216350ba59,持卡人消费,学士楼商务网关,-3.6,355.90,3658,正常
2016/03/10 12:00:02,e7287bc0cd70ae0af0b390fc5c23b9e220446bc0,15a7f7b075958f0218ad2b2a55e4ba216350ba59,持卡人消费,学士楼商务网关,-9.77,346.13,3659,正常
2016/03/11 20:04:16,e7287bc0cd70ae0af0b390fc5c23b9e220446bc0,15a7f7b075958f0218ad2b2a55e4ba216350ba59,持卡人消费,一校区水控新,-1.04,345.09,3661,正常
2016/03/11 20:07:05,e7287bc0cd70ae0af0b390fc5c23b9e220446bc0,15a7f7b075958f0218ad2b2a55e4ba216350ba59,持卡人消费,一校区水控新,-0.37,344.72,3663,正常
2016/03/16 09:28:21,e7287bc0cd70ae0af0b390fc5c23b9e220446bc0,15a7f7b075958f0218ad2b2a55e4ba216350ba59,持卡人消费,超市商务子系统,-4.0,338.43,3670,正常
2016/03/17 09:46:25,e7287bc0cd70ae0af0b390fc5c23b9e220446bc0,15a7f7b075958f0218ad2b2a55e4ba216350ba59,持卡人消费,A18,-3.0,335.43,3671,正常
2016/03/17 14:22:10,e7287bc0cd70ae0af0b390fc5c23b9e220446bc0,15a7f7b075958f0218ad2b2a55e4ba216350ba59,持卡人消费,硕果园（工大商店）,-15.5,319.93,3672,正常
2016/03/22 18:07:38,e7287bc0cd70ae0af0b390fc5c23b9e220446bc0,15a7f7b075958f0218ad2b2a55e4ba216350ba59,持卡人消费,一校区水控新,-1.09,318.84,3674,正常
2016/03/22 18:12:45,e7287bc0cd70ae0af0b390fc5c23b9e220446bc0,15a7f7b075958f0218ad2b2a55e4ba216350ba59,持卡人消费,一校区水控新,-0.7,318.14,3676,正常
2016/03/22 19:00:49,e7287bc0cd70ae0af0b390fc5c23b9e220446bc0,15a7f7b075958f0218ad2b2a55e4ba216350ba59,持卡人消费,硕果园（工大商店）,-8.0,310.14,3677,正常
2016/03/26 10:50:41,e7287bc0cd70ae0af0b390fc5c23b9e220446bc0,15a7f7b075958f0218ad2b2a55e4ba216350ba59,持卡人消费,网络中心,-30.0,280.14,3678,正常
2016/03/27 11:22:17,e7287bc0cd70ae0af0b390fc5c23b9e220446bc0,15a7f7b075958f0218ad2b2a55e4ba216350ba59,持卡人消费,学苑楼商务网关,-7.0,273.14,3679,正常
