交易发生时间,学号,姓名,交易类型,子系统名称,交易额,现有余额,次数,状态
2016/03/01 11:58:00,9fcc184f8fb89bd585918a22f3b15d7ebfe659ba,15ace86cb37422e39de752f614a6cea89913d678,持卡人消费,学士楼商务网关,-8.0,461.78,5433,正常
2016/03/01 18:00:03,9fcc184f8fb89bd585918a22f3b15d7ebfe659ba,15ace86cb37422e39de752f614a6cea89913d678,持卡人消费,学苑楼商务网关,-9.0,452.78,5434,正常
2016/03/01 18:12:47,9fcc184f8fb89bd585918a22f3b15d7ebfe659ba,15ace86cb37422e39de752f614a6cea89913d678,持卡人消费,超市商务子系统,-30.5,422.28,5435,正常
2016/03/02 11:52:39,9fcc184f8fb89bd585918a22f3b15d7ebfe659ba,15ace86cb37422e39de752f614a6cea89913d678,持卡人消费,学士楼商务网关,-10.0,412.28,5436,正常
2016/03/02 12:04:04,9fcc184f8fb89bd585918a22f3b15d7ebfe659ba,15ace86cb37422e39de752f614a6cea89913d678,持卡人消费,超市商务子系统,-21.0,391.28,5437,正常
2016/03/04 17:53:11,9fcc184f8fb89bd585918a22f3b15d7ebfe659ba,15ace86cb37422e39de752f614a6cea89913d678,持卡人消费,学苑楼商务网关,-7.0,384.28,5438,正常
2016/03/04 20:31:19,9fcc184f8fb89bd585918a22f3b15d7ebfe659ba,15ace86cb37422e39de752f614a6cea89913d678,持卡人消费,一校区水控新,-1.84,382.44,5440,正常
2016/03/08 20:31:06,9fcc184f8fb89bd585918a22f3b15d7ebfe659ba,15ace86cb37422e39de752f614a6cea89913d678,持卡人消费,一校区水控新,-1.39,381.05,5442,正常
2016/03/10 20:06:37,9fcc184f8fb89bd585918a22f3b15d7ebfe659ba,15ace86cb37422e39de752f614a6cea89913d678,持卡人消费,一校区水控新,-1.18,379.87,5444,正常
2016/03/15 20:32:19,9fcc184f8fb89bd585918a22f3b15d7ebfe659ba,15ace86cb37422e39de752f614a6cea89913d678,持卡人消费,一校区水控新,-1.84,378.03,5446,正常
2016/03/16 18:42:43,9fcc184f8fb89bd585918a22f3b15d7ebfe659ba,15ace86cb37422e39de752f614a6cea89913d678,持卡人消费,学子便利店A01后楼,-20.0,358.03,5447,正常
2016/03/16 18:42:52,9fcc184f8fb89bd585918a22f3b15d7ebfe659ba,15ace86cb37422e39de752f614a6cea89913d678,持卡人消费,学子便利店A01后楼,-6.4,351.63,5448,正常
2016/03/18 18:02:46,9fcc184f8fb89bd585918a22f3b15d7ebfe659ba,15ace86cb37422e39de752f614a6cea89913d678,扣款,学苑楼综合业务3,-15.0,351.63,5448,正常
2016/03/19 08:29:47,9fcc184f8fb89bd585918a22f3b15d7ebfe659ba,15ace86cb37422e39de752f614a6cea89913d678,持卡人消费,学士楼商务网关,-4.1,332.53,5450,正常
2016/03/21 09:00:07,9fcc184f8fb89bd585918a22f3b15d7ebfe659ba,15ace86cb37422e39de752f614a6cea89913d678,持卡人消费,学士楼商务网关,-2.5,330.03,5451,正常
2016/03/21 09:00:36,9fcc184f8fb89bd585918a22f3b15d7ebfe659ba,15ace86cb37422e39de752f614a6cea89913d678,持卡人消费,学士楼商务网关,-0.6,329.43,5452,正常
2016/03/21 20:43:51,9fcc184f8fb89bd585918a22f3b15d7ebfe659ba,15ace86cb37422e39de752f614a6cea89913d678,持卡人消费,一校区水控新,-1.22,328.21,5454,正常
2016/03/22 11:19:05,9fcc184f8fb89bd585918a22f3b15d7ebfe659ba,15ace86cb37422e39de752f614a6cea89913d678,持卡人消费,网络中心,-60.0,268.21,5455,正常
2016/03/24 07:41:29,9fcc184f8fb89bd585918a22f3b15d7ebfe659ba,15ace86cb37422e39de752f614a6cea89913d678,持卡人消费,学士楼商务网关,-3.1,265.11,5456,正常
2016/03/24 09:59:10,9fcc184f8fb89bd585918a22f3b15d7ebfe659ba,15ace86cb37422e39de752f614a6cea89913d678,持卡人消费,超市商务子系统,-29.4,235.71,5457,正常
2016/03/24 10:00:23,9fcc184f8fb89bd585918a22f3b15d7ebfe659ba,15ace86cb37422e39de752f614a6cea89913d678,持卡人消费,超市商务子系统,-10.0,225.71,5458,正常
2016/03/24 18:41:57,9fcc184f8fb89bd585918a22f3b15d7ebfe659ba,15ace86cb37422e39de752f614a6cea89913d678,持卡人消费,硕果园（工大商店）,-10.0,215.71,5459,正常
2016/03/24 20:48:04,9fcc184f8fb89bd585918a22f3b15d7ebfe659ba,15ace86cb37422e39de752f614a6cea89913d678,持卡人消费,一校区水控新,-1.57,214.14,5461,正常
