交易发生时间,学号,姓名,交易类型,子系统名称,交易额,现有余额,次数,状态
2016/03/01 17:25:03,613c0a9463fe6f482a6003551e5d33def416005c,15d5a79abe999c83f9e2c35200cfcd59edd97a3b,持卡人消费,学士楼商务网关,-3.8,63.36,3419,正常
2016/03/02 12:04:57,613c0a9463fe6f482a6003551e5d33def416005c,15d5a79abe999c83f9e2c35200cfcd59edd97a3b,持卡人消费,学士楼商务网关,-3.8,59.56,3420,正常
2016/03/03 11:39:04,613c0a9463fe6f482a6003551e5d33def416005c,15d5a79abe999c83f9e2c35200cfcd59edd97a3b,持卡人消费,学士楼商务网关,-3.8,55.76,3421,正常
2016/03/03 17:29:25,613c0a9463fe6f482a6003551e5d33def416005c,15d5a79abe999c83f9e2c35200cfcd59edd97a3b,持卡人消费,学士楼商务网关,-3.8,51.96,3422,正常
2016/03/04 16:33:55,613c0a9463fe6f482a6003551e5d33def416005c,15d5a79abe999c83f9e2c35200cfcd59edd97a3b,持卡人消费,学苑楼商务网关,-8.0,43.96,3423,正常
2016/03/05 11:52:13,613c0a9463fe6f482a6003551e5d33def416005c,15d5a79abe999c83f9e2c35200cfcd59edd97a3b,持卡人消费,学士楼商务网关,-3.8,40.16,3424,正常
2016/03/05 17:52:22,613c0a9463fe6f482a6003551e5d33def416005c,15d5a79abe999c83f9e2c35200cfcd59edd97a3b,持卡人消费,学士楼商务网关,-3.8,36.36,3425,正常
2016/03/06 10:31:05,613c0a9463fe6f482a6003551e5d33def416005c,15d5a79abe999c83f9e2c35200cfcd59edd97a3b,持卡人消费,学士楼商务网关,-3.8,32.56,3426,正常
2016/03/07 07:48:58,613c0a9463fe6f482a6003551e5d33def416005c,15d5a79abe999c83f9e2c35200cfcd59edd97a3b,持卡人消费,学士楼商务网关,-2.4,30.16,3427,正常
2016/03/07 11:54:08,613c0a9463fe6f482a6003551e5d33def416005c,15d5a79abe999c83f9e2c35200cfcd59edd97a3b,持卡人消费,学士楼商务网关,-5.3,24.86,3428,正常
2016/03/07 17:40:03,613c0a9463fe6f482a6003551e5d33def416005c,15d5a79abe999c83f9e2c35200cfcd59edd97a3b,持卡人消费,学士楼商务网关,-3.8,21.06,3429,正常
2016/03/08 08:46:38,613c0a9463fe6f482a6003551e5d33def416005c,15d5a79abe999c83f9e2c35200cfcd59edd97a3b,持卡人消费,学士楼商务网关,-0.9,20.16,3430,正常
2016/03/08 11:42:56,613c0a9463fe6f482a6003551e5d33def416005c,15d5a79abe999c83f9e2c35200cfcd59edd97a3b,持卡人消费,学士楼商务网关,-5.4,14.76,3431,正常
2016/03/08 16:14:21,613c0a9463fe6f482a6003551e5d33def416005c,15d5a79abe999c83f9e2c35200cfcd59edd97a3b,存款,现金充值机,200.0,214.76,3432,正常
2016/03/08 16:31:19,613c0a9463fe6f482a6003551e5d33def416005c,15d5a79abe999c83f9e2c35200cfcd59edd97a3b,持卡人消费,学苑楼商务网关,-7.5,207.26,3433,正常
2016/03/09 11:40:57,613c0a9463fe6f482a6003551e5d33def416005c,15d5a79abe999c83f9e2c35200cfcd59edd97a3b,持卡人消费,硕果园（工大商店）,-10.0,197.26,3434,正常
2016/03/09 12:46:05,613c0a9463fe6f482a6003551e5d33def416005c,15d5a79abe999c83f9e2c35200cfcd59edd97a3b,持卡人消费,一校区水控新,-0.75,196.51,3435,正常
2016/03/09 12:48:54,613c0a9463fe6f482a6003551e5d33def416005c,15d5a79abe999c83f9e2c35200cfcd59edd97a3b,持卡人消费,一校区水控新,-0.25,196.26,3436,正常
2016/03/09 17:45:39,613c0a9463fe6f482a6003551e5d33def416005c,15d5a79abe999c83f9e2c35200cfcd59edd97a3b,持卡人消费,学士楼商务网关,-4.3,191.96,3437,正常
2016/03/10 11:23:30,613c0a9463fe6f482a6003551e5d33def416005c,15d5a79abe999c83f9e2c35200cfcd59edd97a3b,持卡人消费,学士楼商务网关,-5.4,186.56,3438,正常
2016/03/10 17:19:53,613c0a9463fe6f482a6003551e5d33def416005c,15d5a79abe999c83f9e2c35200cfcd59edd97a3b,持卡人消费,学士楼商务网关,-3.8,182.76,3439,正常
2016/03/11 11:35:16,613c0a9463fe6f482a6003551e5d33def416005c,15d5a79abe999c83f9e2c35200cfcd59edd97a3b,持卡人消费,学士楼商务网关,-3.8,178.96,3440,正常
2016/03/11 16:27:59,613c0a9463fe6f482a6003551e5d33def416005c,15d5a79abe999c83f9e2c35200cfcd59edd97a3b,持卡人消费,学苑楼商务网关,-8.0,170.96,3441,正常
2016/03/12 11:53:36,613c0a9463fe6f482a6003551e5d33def416005c,15d5a79abe999c83f9e2c35200cfcd59edd97a3b,持卡人消费,硕果园（工大商店）,-9.0,161.96,3442,正常
2016/03/12 17:47:46,613c0a9463fe6f482a6003551e5d33def416005c,15d5a79abe999c83f9e2c35200cfcd59edd97a3b,持卡人消费,学士楼商务网关,-3.8,158.16,3443,正常
2016/03/14 11:29:36,613c0a9463fe6f482a6003551e5d33def416005c,15d5a79abe999c83f9e2c35200cfcd59edd97a3b,持卡人消费,学士楼商务网关,-3.8,140.36,3446,正常
2016/03/14 17:45:57,613c0a9463fe6f482a6003551e5d33def416005c,15d5a79abe999c83f9e2c35200cfcd59edd97a3b,持卡人消费,学士楼商务网关,-7.9,132.46,3447,正常
2016/03/15 11:08:27,613c0a9463fe6f482a6003551e5d33def416005c,15d5a79abe999c83f9e2c35200cfcd59edd97a3b,持卡人消费,学士楼商务网关,-3.8,128.66,3448,正常
2016/03/15 11:09:45,613c0a9463fe6f482a6003551e5d33def416005c,15d5a79abe999c83f9e2c35200cfcd59edd97a3b,持卡人消费,学士楼商务网关,-2.0,126.66,3449,正常
2016/03/15 12:25:53,613c0a9463fe6f482a6003551e5d33def416005c,15d5a79abe999c83f9e2c35200cfcd59edd97a3b,持卡人消费,一校区水控新,-0.83,125.83,3451,正常
2016/03/15 12:29:03,613c0a9463fe6f482a6003551e5d33def416005c,15d5a79abe999c83f9e2c35200cfcd59edd97a3b,持卡人消费,一校区水控新,-0.3,125.53,3453,正常
2016/03/15 16:35:17,613c0a9463fe6f482a6003551e5d33def416005c,15d5a79abe999c83f9e2c35200cfcd59edd97a3b,持卡人消费,学苑楼商务网关,-8.8,116.73,3454,正常
2016/03/16 11:44:46,613c0a9463fe6f482a6003551e5d33def416005c,15d5a79abe999c83f9e2c35200cfcd59edd97a3b,持卡人消费,硕果园（工大商店）,-12.0,104.73,3455,正常
2016/03/16 17:45:37,613c0a9463fe6f482a6003551e5d33def416005c,15d5a79abe999c83f9e2c35200cfcd59edd97a3b,持卡人消费,学士楼商务网关,-3.8,100.93,3456,正常
2016/03/17 11:28:04,613c0a9463fe6f482a6003551e5d33def416005c,15d5a79abe999c83f9e2c35200cfcd59edd97a3b,持卡人消费,硕果园（工大商店）,-12.0,88.93,3457,正常
2016/03/17 17:27:20,613c0a9463fe6f482a6003551e5d33def416005c,15d5a79abe999c83f9e2c35200cfcd59edd97a3b,持卡人消费,学士楼商务网关,-7.9,81.03,3458,正常
2016/03/18 11:29:57,613c0a9463fe6f482a6003551e5d33def416005c,15d5a79abe999c83f9e2c35200cfcd59edd97a3b,持卡人消费,硕果园（工大商店）,-9.0,72.03,3459,正常
2016/03/18 16:32:49,613c0a9463fe6f482a6003551e5d33def416005c,15d5a79abe999c83f9e2c35200cfcd59edd97a3b,持卡人消费,学苑楼商务网关,-6.8,65.23,3460,正常
2016/03/19 15:04:24,613c0a9463fe6f482a6003551e5d33def416005c,15d5a79abe999c83f9e2c35200cfcd59edd97a3b,持卡人消费,硕果园（工大商店）,-5.0,60.23,3461,正常
2016/03/19 17:48:41,613c0a9463fe6f482a6003551e5d33def416005c,15d5a79abe999c83f9e2c35200cfcd59edd97a3b,持卡人消费,学士楼商务网关,-3.8,56.43,3462,正常
2016/03/20 10:38:31,613c0a9463fe6f482a6003551e5d33def416005c,15d5a79abe999c83f9e2c35200cfcd59edd97a3b,持卡人消费,学苑楼商务网关,-8.0,48.43,3463,正常
2016/03/20 16:33:46,613c0a9463fe6f482a6003551e5d33def416005c,15d5a79abe999c83f9e2c35200cfcd59edd97a3b,持卡人消费,学苑楼商务网关,-8.0,40.43,3464,正常
2016/03/21 11:32:50,613c0a9463fe6f482a6003551e5d33def416005c,15d5a79abe999c83f9e2c35200cfcd59edd97a3b,持卡人消费,学士楼商务网关,-6.4,34.03,3465,正常
2016/03/22 11:29:30,613c0a9463fe6f482a6003551e5d33def416005c,15d5a79abe999c83f9e2c35200cfcd59edd97a3b,持卡人消费,学士楼商务网关,-5.4,28.63,3466,正常
2016/03/22 16:38:36,613c0a9463fe6f482a6003551e5d33def416005c,15d5a79abe999c83f9e2c35200cfcd59edd97a3b,持卡人消费,学苑楼商务网关,-8.8,19.83,3467,正常
2016/03/23 11:42:37,613c0a9463fe6f482a6003551e5d33def416005c,15d5a79abe999c83f9e2c35200cfcd59edd97a3b,持卡人消费,硕果园（工大商店）,-10.0,9.83,3468,正常
2016/03/23 17:27:03,613c0a9463fe6f482a6003551e5d33def416005c,15d5a79abe999c83f9e2c35200cfcd59edd97a3b,持卡人消费,学士楼商务网关,-3.8,6.03,3469,正常
2016/03/24 08:17:10,613c0a9463fe6f482a6003551e5d33def416005c,15d5a79abe999c83f9e2c35200cfcd59edd97a3b,持卡人消费,学士楼商务网关,-1.5,4.53,3470,正常
2016/03/24 11:30:42,613c0a9463fe6f482a6003551e5d33def416005c,15d5a79abe999c83f9e2c35200cfcd59edd97a3b,存款,卡中心综合业务,200.0,204.53,3471,正常
2016/03/24 11:32:53,613c0a9463fe6f482a6003551e5d33def416005c,15d5a79abe999c83f9e2c35200cfcd59edd97a3b,持卡人消费,学苑楼商务网关,-4.8,199.73,3472,正常
2016/03/24 17:33:15,613c0a9463fe6f482a6003551e5d33def416005c,15d5a79abe999c83f9e2c35200cfcd59edd97a3b,持卡人消费,学士楼商务网关,-3.8,195.93,3473,正常
2016/03/25 11:32:39,613c0a9463fe6f482a6003551e5d33def416005c,15d5a79abe999c83f9e2c35200cfcd59edd97a3b,持卡人消费,硕果园（工大商店）,-12.0,183.93,3474,正常
2016/03/25 13:56:35,613c0a9463fe6f482a6003551e5d33def416005c,15d5a79abe999c83f9e2c35200cfcd59edd97a3b,持卡人消费,一校区水控新,-0.72,183.21,3476,正常
2016/03/25 14:00:20,613c0a9463fe6f482a6003551e5d33def416005c,15d5a79abe999c83f9e2c35200cfcd59edd97a3b,持卡人消费,一校区水控新,-0.4,182.81,3478,正常
2016/03/25 16:36:18,613c0a9463fe6f482a6003551e5d33def416005c,15d5a79abe999c83f9e2c35200cfcd59edd97a3b,持卡人消费,学苑楼商务网关,-8.0,174.81,3479,正常
2016/03/26 10:37:18,613c0a9463fe6f482a6003551e5d33def416005c,15d5a79abe999c83f9e2c35200cfcd59edd97a3b,持卡人消费,学苑楼商务网关,-8.0,166.81,3480,正常
2016/03/26 16:34:50,613c0a9463fe6f482a6003551e5d33def416005c,15d5a79abe999c83f9e2c35200cfcd59edd97a3b,持卡人消费,学苑楼商务网关,-7.5,159.31,3481,正常
2016/03/27 11:37:25,613c0a9463fe6f482a6003551e5d33def416005c,15d5a79abe999c83f9e2c35200cfcd59edd97a3b,持卡人消费,学士楼商务网关,-3.8,155.51,3482,正常
2016/03/27 11:38:38,613c0a9463fe6f482a6003551e5d33def416005c,15d5a79abe999c83f9e2c35200cfcd59edd97a3b,持卡人消费,学士楼商务网关,-2.0,153.51,3483,正常
2016/03/27 17:35:42,613c0a9463fe6f482a6003551e5d33def416005c,15d5a79abe999c83f9e2c35200cfcd59edd97a3b,持卡人消费,硕果园（工大商店）,-12.0,141.51,3484,正常
2016/03/28 11:32:01,613c0a9463fe6f482a6003551e5d33def416005c,15d5a79abe999c83f9e2c35200cfcd59edd97a3b,持卡人消费,学士楼商务网关,-3.8,137.71,3485,正常
2016/03/28 17:27:59,613c0a9463fe6f482a6003551e5d33def416005c,15d5a79abe999c83f9e2c35200cfcd59edd97a3b,持卡人消费,学士楼商务网关,-7.9,129.81,3486,正常
2016/03/29 11:37:45,613c0a9463fe6f482a6003551e5d33def416005c,15d5a79abe999c83f9e2c35200cfcd59edd97a3b,持卡人消费,学士楼商务网关,-4.6,125.21,3487,正常
2016/03/29 16:37:13,613c0a9463fe6f482a6003551e5d33def416005c,15d5a79abe999c83f9e2c35200cfcd59edd97a3b,持卡人消费,学苑楼商务网关,-6.0,119.21,3488,正常
2016/03/30 11:44:37,613c0a9463fe6f482a6003551e5d33def416005c,15d5a79abe999c83f9e2c35200cfcd59edd97a3b,持卡人消费,硕果园（工大商店）,-12.0,107.21,3489,正常
2016/03/30 17:51:46,613c0a9463fe6f482a6003551e5d33def416005c,15d5a79abe999c83f9e2c35200cfcd59edd97a3b,持卡人消费,学士楼商务网关,-7.1,100.11,3490,正常
2016/03/31 11:06:38,613c0a9463fe6f482a6003551e5d33def416005c,15d5a79abe999c83f9e2c35200cfcd59edd97a3b,持卡人消费,学士楼商务网关,-3.8,96.31,3491,正常
