交易发生时间,学号,姓名,交易类型,子系统名称,交易额,现有余额,次数,状态
2016/03/01 11:53:29,8779a68da481eba156393b54118a2e1fbd9c97cc,15f752f49c424abb36b7f21fb37f1b82d4a72e72,持卡人消费,学士楼商务网关,-4.6,79.45,4366,正常
2016/03/01 11:54:03,8779a68da481eba156393b54118a2e1fbd9c97cc,15f752f49c424abb36b7f21fb37f1b82d4a72e72,持卡人消费,学士楼商务网关,-0.4,79.05,4367,正常
2016/03/01 17:16:23,8779a68da481eba156393b54118a2e1fbd9c97cc,15f752f49c424abb36b7f21fb37f1b82d4a72e72,持卡人消费,学苑楼商务网关,-4.8,74.25,4368,正常
2016/03/01 17:17:38,8779a68da481eba156393b54118a2e1fbd9c97cc,15f752f49c424abb36b7f21fb37f1b82d4a72e72,持卡人消费,学苑楼商务网关,-4.0,70.25,4369,正常
2016/03/01 17:23:13,8779a68da481eba156393b54118a2e1fbd9c97cc,15f752f49c424abb36b7f21fb37f1b82d4a72e72,持卡人消费,学苑楼商务网关,-7.0,63.25,4370,正常
2016/03/02 11:26:12,8779a68da481eba156393b54118a2e1fbd9c97cc,15f752f49c424abb36b7f21fb37f1b82d4a72e72,持卡人消费,学士楼商务网关,-0.4,62.85,4371,正常
2016/03/02 11:26:50,8779a68da481eba156393b54118a2e1fbd9c97cc,15f752f49c424abb36b7f21fb37f1b82d4a72e72,持卡人消费,学士楼商务网关,-1.0,61.85,4372,正常
2016/03/02 11:27:05,8779a68da481eba156393b54118a2e1fbd9c97cc,15f752f49c424abb36b7f21fb37f1b82d4a72e72,持卡人消费,学士楼商务网关,-0.4,61.45,4373,正常
2016/03/02 11:30:24,8779a68da481eba156393b54118a2e1fbd9c97cc,15f752f49c424abb36b7f21fb37f1b82d4a72e72,持卡人消费,学士楼商务网关,-0.7,60.75,4374,正常
2016/03/02 11:31:02,8779a68da481eba156393b54118a2e1fbd9c97cc,15f752f49c424abb36b7f21fb37f1b82d4a72e72,持卡人消费,学士楼商务网关,-1.0,59.75,4375,正常
2016/03/02 18:01:28,8779a68da481eba156393b54118a2e1fbd9c97cc,15f752f49c424abb36b7f21fb37f1b82d4a72e72,持卡人消费,学苑楼商务网关,-7.0,52.75,4376,正常
2016/03/02 19:58:42,8779a68da481eba156393b54118a2e1fbd9c97cc,15f752f49c424abb36b7f21fb37f1b82d4a72e72,持卡人消费,一校区水控新,-0.43,52.32,4378,正常
2016/03/02 19:59:00,8779a68da481eba156393b54118a2e1fbd9c97cc,15f752f49c424abb36b7f21fb37f1b82d4a72e72,持卡人消费,一校区水控新,-0.03,52.29,4380,正常
2016/03/02 20:04:37,8779a68da481eba156393b54118a2e1fbd9c97cc,15f752f49c424abb36b7f21fb37f1b82d4a72e72,持卡人消费,一校区水控新,-0.4,51.89,4382,正常
2016/03/02 20:07:13,8779a68da481eba156393b54118a2e1fbd9c97cc,15f752f49c424abb36b7f21fb37f1b82d4a72e72,持卡人消费,一校区水控新,-0.34,51.55,4384,正常
2016/03/03 11:29:00,8779a68da481eba156393b54118a2e1fbd9c97cc,15f752f49c424abb36b7f21fb37f1b82d4a72e72,持卡人消费,学士楼商务网关,-7.1,44.45,4385,正常
2016/03/03 17:12:08,8779a68da481eba156393b54118a2e1fbd9c97cc,15f752f49c424abb36b7f21fb37f1b82d4a72e72,持卡人消费,学苑楼商务网关,-7.0,37.45,4386,正常
2016/03/04 11:47:46,8779a68da481eba156393b54118a2e1fbd9c97cc,15f752f49c424abb36b7f21fb37f1b82d4a72e72,持卡人消费,学子楼商务网关,-7.2,30.25,4387,正常
2016/03/06 09:54:04,8779a68da481eba156393b54118a2e1fbd9c97cc,15f752f49c424abb36b7f21fb37f1b82d4a72e72,持卡人消费,学子便利店A01后楼,-7.9,22.35,4388,正常
2016/03/06 11:28:48,8779a68da481eba156393b54118a2e1fbd9c97cc,15f752f49c424abb36b7f21fb37f1b82d4a72e72,持卡人消费,学子楼商务网关,-7.2,15.15,4389,正常
2016/03/08 11:13:53,8779a68da481eba156393b54118a2e1fbd9c97cc,15f752f49c424abb36b7f21fb37f1b82d4a72e72,存款,现金充值机,100.0,115.15,4390,正常
2016/03/08 11:30:07,8779a68da481eba156393b54118a2e1fbd9c97cc,15f752f49c424abb36b7f21fb37f1b82d4a72e72,持卡人消费,学苑楼商务网关,-4.0,111.15,4391,正常
2016/03/08 11:31:54,8779a68da481eba156393b54118a2e1fbd9c97cc,15f752f49c424abb36b7f21fb37f1b82d4a72e72,持卡人消费,学苑楼商务网关,-2.0,109.15,4392,正常
2016/03/08 11:32:03,8779a68da481eba156393b54118a2e1fbd9c97cc,15f752f49c424abb36b7f21fb37f1b82d4a72e72,持卡人消费,学苑楼商务网关,-0.4,108.75,4393,正常
2016/03/08 11:34:07,8779a68da481eba156393b54118a2e1fbd9c97cc,15f752f49c424abb36b7f21fb37f1b82d4a72e72,持卡人消费,学苑楼商务网关,-2.56,106.19,4394,正常
2016/03/08 11:34:26,8779a68da481eba156393b54118a2e1fbd9c97cc,15f752f49c424abb36b7f21fb37f1b82d4a72e72,持卡人消费,学苑楼商务网关,-3.0,103.19,4395,正常
2016/03/08 11:46:54,8779a68da481eba156393b54118a2e1fbd9c97cc,15f752f49c424abb36b7f21fb37f1b82d4a72e72,持卡人消费,学苑楼商务网关,-0.1,103.09,4396,正常
2016/03/08 17:36:04,8779a68da481eba156393b54118a2e1fbd9c97cc,15f752f49c424abb36b7f21fb37f1b82d4a72e72,持卡人消费,一校区水控新,-0.8,102.29,4398,正常
2016/03/08 17:41:13,8779a68da481eba156393b54118a2e1fbd9c97cc,15f752f49c424abb36b7f21fb37f1b82d4a72e72,持卡人消费,一校区水控新,-0.32,101.97,4400,正常
2016/03/08 17:43:33,8779a68da481eba156393b54118a2e1fbd9c97cc,15f752f49c424abb36b7f21fb37f1b82d4a72e72,持卡人消费,一校区水控新,-0.29,101.68,4402,正常
2016/03/08 17:47:04,8779a68da481eba156393b54118a2e1fbd9c97cc,15f752f49c424abb36b7f21fb37f1b82d4a72e72,持卡人消费,一校区水控新,-0.27,101.41,4404,正常
2016/03/09 08:57:46,8779a68da481eba156393b54118a2e1fbd9c97cc,15f752f49c424abb36b7f21fb37f1b82d4a72e72,持卡人消费,超市商务子系统,-22.8,78.61,4405,正常
2016/03/28 17:41:33,8779a68da481eba156393b54118a2e1fbd9c97cc,15f752f49c424abb36b7f21fb37f1b82d4a72e72,持卡人消费,学苑楼商务网关,-2.5,76.11,4406,正常
2016/03/28 17:42:34,8779a68da481eba156393b54118a2e1fbd9c97cc,15f752f49c424abb36b7f21fb37f1b82d4a72e72,持卡人消费,学苑楼商务网关,-2.55,73.56,4407,正常
2016/03/28 17:43:21,8779a68da481eba156393b54118a2e1fbd9c97cc,15f752f49c424abb36b7f21fb37f1b82d4a72e72,持卡人消费,学苑楼商务网关,-0.6,72.96,4408,正常
2016/03/28 18:13:21,8779a68da481eba156393b54118a2e1fbd9c97cc,15f752f49c424abb36b7f21fb37f1b82d4a72e72,持卡人消费,一校区水控新,-0.35,72.61,4410,正常
2016/03/28 18:18:33,8779a68da481eba156393b54118a2e1fbd9c97cc,15f752f49c424abb36b7f21fb37f1b82d4a72e72,持卡人消费,一校区水控新,-0.38,72.23,4412,正常
2016/03/28 18:20:08,8779a68da481eba156393b54118a2e1fbd9c97cc,15f752f49c424abb36b7f21fb37f1b82d4a72e72,持卡人消费,一校区水控新,-0.14,72.09,4414,正常
2016/03/29 17:02:14,8779a68da481eba156393b54118a2e1fbd9c97cc,15f752f49c424abb36b7f21fb37f1b82d4a72e72,持卡人消费,学苑楼商务网关,-7.9,64.19,4415,正常
2016/03/31 18:32:13,8779a68da481eba156393b54118a2e1fbd9c97cc,15f752f49c424abb36b7f21fb37f1b82d4a72e72,持卡人消费,学士楼商务网关,-0.4,63.79,4416,正常
2016/03/31 18:32:56,8779a68da481eba156393b54118a2e1fbd9c97cc,15f752f49c424abb36b7f21fb37f1b82d4a72e72,持卡人消费,学士楼商务网关,-0.4,63.39,4417,正常
