交易发生时间,学号,姓名,交易类型,子系统名称,交易额,现有余额,次数,状态
2016/03/03 13:33:42,15b980b549628d2bcb1062972e4b9f759892aa89,168b9a0db6b3f3dbb6d8e084a73fcaba3ff1f8c1,持卡人消费,土木楼水控,-0.09,28.38,2792,正常
2016/03/03 13:47:31,15b980b549628d2bcb1062972e4b9f759892aa89,168b9a0db6b3f3dbb6d8e084a73fcaba3ff1f8c1,持卡人消费,土木楼水控,-2.79,25.59,2794,正常
2016/03/15 14:06:44,15b980b549628d2bcb1062972e4b9f759892aa89,168b9a0db6b3f3dbb6d8e084a73fcaba3ff1f8c1,持卡人消费,土木楼水控,-2.64,22.95,2796,正常
2016/03/17 11:10:28,15b980b549628d2bcb1062972e4b9f759892aa89,168b9a0db6b3f3dbb6d8e084a73fcaba3ff1f8c1,持卡人消费,土木楼网关,-4.0,18.95,2797,正常
2016/03/17 11:12:58,15b980b549628d2bcb1062972e4b9f759892aa89,168b9a0db6b3f3dbb6d8e084a73fcaba3ff1f8c1,持卡人消费,土木楼网关,-2.9,16.05,2798,正常
2016/03/19 13:14:01,15b980b549628d2bcb1062972e4b9f759892aa89,168b9a0db6b3f3dbb6d8e084a73fcaba3ff1f8c1,持卡人消费,学子超市A05,-4.5,11.55,2799,正常
2016/03/19 15:14:12,15b980b549628d2bcb1062972e4b9f759892aa89,168b9a0db6b3f3dbb6d8e084a73fcaba3ff1f8c1,持卡人消费,土木楼水控,-2.48,9.07,2801,正常
2016/03/19 15:21:39,15b980b549628d2bcb1062972e4b9f759892aa89,168b9a0db6b3f3dbb6d8e084a73fcaba3ff1f8c1,持卡人消费,学子超市A05,-2.0,7.07,2802,正常
2016/03/21 11:02:59,15b980b549628d2bcb1062972e4b9f759892aa89,168b9a0db6b3f3dbb6d8e084a73fcaba3ff1f8c1,存款,现金充值机,100.0,107.07,2803,正常
2016/03/21 11:18:40,15b980b549628d2bcb1062972e4b9f759892aa89,168b9a0db6b3f3dbb6d8e084a73fcaba3ff1f8c1,持卡人消费,土木楼网关,-1.9,105.17,2804,正常
2016/03/21 11:19:42,15b980b549628d2bcb1062972e4b9f759892aa89,168b9a0db6b3f3dbb6d8e084a73fcaba3ff1f8c1,持卡人消费,土木楼网关,-4.0,101.17,2805,正常
2016/03/23 08:36:44,15b980b549628d2bcb1062972e4b9f759892aa89,168b9a0db6b3f3dbb6d8e084a73fcaba3ff1f8c1,持卡人消费,学子超市A05,-7.4,93.77,2806,正常
2016/03/23 11:39:18,15b980b549628d2bcb1062972e4b9f759892aa89,168b9a0db6b3f3dbb6d8e084a73fcaba3ff1f8c1,持卡人消费,土木楼网关,-5.0,88.77,2807,正常
2016/03/23 11:41:10,15b980b549628d2bcb1062972e4b9f759892aa89,168b9a0db6b3f3dbb6d8e084a73fcaba3ff1f8c1,持卡人消费,土木楼网关,-5.5,83.27,2808,正常
2016/03/23 14:08:54,15b980b549628d2bcb1062972e4b9f759892aa89,168b9a0db6b3f3dbb6d8e084a73fcaba3ff1f8c1,持卡人消费,土木楼水控,-2.4,80.87,2810,正常
2016/03/24 11:28:32,15b980b549628d2bcb1062972e4b9f759892aa89,168b9a0db6b3f3dbb6d8e084a73fcaba3ff1f8c1,持卡人消费,土木楼网关,-2.0,78.87,2811,正常
2016/03/24 11:30:40,15b980b549628d2bcb1062972e4b9f759892aa89,168b9a0db6b3f3dbb6d8e084a73fcaba3ff1f8c1,持卡人消费,土木楼网关,-3.4,75.47,2812,正常
2016/03/24 17:35:36,15b980b549628d2bcb1062972e4b9f759892aa89,168b9a0db6b3f3dbb6d8e084a73fcaba3ff1f8c1,持卡人消费,土木楼网关,-7.0,68.47,2813,正常
2016/03/24 17:35:57,15b980b549628d2bcb1062972e4b9f759892aa89,168b9a0db6b3f3dbb6d8e084a73fcaba3ff1f8c1,持卡人消费,土木楼网关,-7.5,60.97,2814,正常
2016/03/27 15:43:59,15b980b549628d2bcb1062972e4b9f759892aa89,168b9a0db6b3f3dbb6d8e084a73fcaba3ff1f8c1,持卡人消费,土木楼水控,-0.05,60.92,2816,正常
2016/03/27 15:57:12,15b980b549628d2bcb1062972e4b9f759892aa89,168b9a0db6b3f3dbb6d8e084a73fcaba3ff1f8c1,持卡人消费,土木楼水控,-2.66,58.26,2817,正常
2016/03/28 17:16:35,15b980b549628d2bcb1062972e4b9f759892aa89,168b9a0db6b3f3dbb6d8e084a73fcaba3ff1f8c1,持卡人消费,土木楼网关,-3.4,54.86,2818,正常
2016/03/29 07:43:18,15b980b549628d2bcb1062972e4b9f759892aa89,168b9a0db6b3f3dbb6d8e084a73fcaba3ff1f8c1,持卡人消费,学子超市A05,-4.3,50.56,2819,正常
2016/03/29 17:32:00,15b980b549628d2bcb1062972e4b9f759892aa89,168b9a0db6b3f3dbb6d8e084a73fcaba3ff1f8c1,持卡人消费,土木楼网关,-4.4,46.16,2820,正常
2016/03/30 08:09:33,15b980b549628d2bcb1062972e4b9f759892aa89,168b9a0db6b3f3dbb6d8e084a73fcaba3ff1f8c1,持卡人消费,土木楼网关,-2.85,43.31,2821,正常
2016/03/30 08:23:37,15b980b549628d2bcb1062972e4b9f759892aa89,168b9a0db6b3f3dbb6d8e084a73fcaba3ff1f8c1,持卡人消费,学子超市A05,-2.0,41.31,2822,正常
2016/03/30 11:28:57,15b980b549628d2bcb1062972e4b9f759892aa89,168b9a0db6b3f3dbb6d8e084a73fcaba3ff1f8c1,持卡人消费,土木楼网关,-2.0,39.31,2823,正常
2016/03/30 11:30:25,15b980b549628d2bcb1062972e4b9f759892aa89,168b9a0db6b3f3dbb6d8e084a73fcaba3ff1f8c1,持卡人消费,土木楼网关,-4.0,35.31,2824,正常
2016/03/30 11:32:11,15b980b549628d2bcb1062972e4b9f759892aa89,168b9a0db6b3f3dbb6d8e084a73fcaba3ff1f8c1,持卡人消费,土木楼网关,-1.5,33.81,2825,正常
2016/03/30 11:41:01,15b980b549628d2bcb1062972e4b9f759892aa89,168b9a0db6b3f3dbb6d8e084a73fcaba3ff1f8c1,持卡人消费,土木楼网关,-4.0,29.81,2826,正常
2016/03/30 11:41:10,15b980b549628d2bcb1062972e4b9f759892aa89,168b9a0db6b3f3dbb6d8e084a73fcaba3ff1f8c1,持卡人消费,土木楼网关,-0.1,29.71,2827,正常
2016/03/31 11:42:21,15b980b549628d2bcb1062972e4b9f759892aa89,168b9a0db6b3f3dbb6d8e084a73fcaba3ff1f8c1,持卡人消费,土木楼网关,-2.0,27.71,2828,正常
2016/03/31 11:44:33,15b980b549628d2bcb1062972e4b9f759892aa89,168b9a0db6b3f3dbb6d8e084a73fcaba3ff1f8c1,持卡人消费,土木楼网关,-1.9,25.81,2829,正常
2016/03/31 16:34:50,15b980b549628d2bcb1062972e4b9f759892aa89,168b9a0db6b3f3dbb6d8e084a73fcaba3ff1f8c1,持卡人消费,土木楼水控,-2.72,23.09,2830,正常
2016/03/31 16:41:41,15b980b549628d2bcb1062972e4b9f759892aa89,168b9a0db6b3f3dbb6d8e084a73fcaba3ff1f8c1,持卡人消费,学子超市A05,-2.2,20.89,2831,正常
2016/03/31 19:26:24,15b980b549628d2bcb1062972e4b9f759892aa89,168b9a0db6b3f3dbb6d8e084a73fcaba3ff1f8c1,持卡人消费,土木楼水控,-2.65,18.24,2832,正常
2016/03/31 19:35:04,15b980b549628d2bcb1062972e4b9f759892aa89,168b9a0db6b3f3dbb6d8e084a73fcaba3ff1f8c1,持卡人消费,学子超市A05,-4.5,13.74,2833,正常
