交易发生时间,学号,姓名,交易类型,子系统名称,交易额,现有余额,次数,状态
2016/03/01 11:15:33,0c7973a52149558427e1c8d5f01944ef98dbed10,1726763fdd26cb863dab6d779cae8649e1b5ce24,持卡人消费,南苑网关,-11.04,36.68,4044,正常
2016/03/02 11:42:29,0c7973a52149558427e1c8d5f01944ef98dbed10,1726763fdd26cb863dab6d779cae8649e1b5ce24,持卡人消费,学子楼商务网关,-5.5,31.18,4045,正常
2016/03/02 17:11:46,0c7973a52149558427e1c8d5f01944ef98dbed10,1726763fdd26cb863dab6d779cae8649e1b5ce24,持卡人消费,南苑网关,-2.0,29.18,4046,正常
2016/03/02 17:13:39,0c7973a52149558427e1c8d5f01944ef98dbed10,1726763fdd26cb863dab6d779cae8649e1b5ce24,持卡人消费,南苑网关,-3.1,26.08,4047,正常
2016/03/02 20:11:10,0c7973a52149558427e1c8d5f01944ef98dbed10,1726763fdd26cb863dab6d779cae8649e1b5ce24,持卡人消费,15公寓浴池,-0.02,26.06,4049,正常
2016/03/02 20:20:57,0c7973a52149558427e1c8d5f01944ef98dbed10,1726763fdd26cb863dab6d779cae8649e1b5ce24,持卡人消费,15公寓浴池,-1.79,24.27,4051,正常
2016/03/03 11:09:25,0c7973a52149558427e1c8d5f01944ef98dbed10,1726763fdd26cb863dab6d779cae8649e1b5ce24,持卡人消费,南苑网关,-10.32,13.95,4052,正常
2016/03/03 17:16:02,0c7973a52149558427e1c8d5f01944ef98dbed10,1726763fdd26cb863dab6d779cae8649e1b5ce24,持卡人消费,南苑网关,-2.0,11.95,4053,正常
2016/03/03 17:17:22,0c7973a52149558427e1c8d5f01944ef98dbed10,1726763fdd26cb863dab6d779cae8649e1b5ce24,持卡人消费,南苑网关,-4.6,7.35,4054,正常
2016/03/04 11:13:34,0c7973a52149558427e1c8d5f01944ef98dbed10,1726763fdd26cb863dab6d779cae8649e1b5ce24,存款,卡中心综合业务,100.0,107.35,4055,正常
2016/03/04 11:16:23,0c7973a52149558427e1c8d5f01944ef98dbed10,1726763fdd26cb863dab6d779cae8649e1b5ce24,持卡人消费,学苑楼商务网关,-8.0,99.35,4056,正常
2016/03/04 11:18:59,0c7973a52149558427e1c8d5f01944ef98dbed10,1726763fdd26cb863dab6d779cae8649e1b5ce24,持卡人消费,学苑楼商务网关,-1.5,97.85,4057,正常
2016/03/04 11:32:35,0c7973a52149558427e1c8d5f01944ef98dbed10,1726763fdd26cb863dab6d779cae8649e1b5ce24,持卡人消费,学苑楼商务网关,-4.6,93.25,4058,正常
2016/03/04 11:37:22,0c7973a52149558427e1c8d5f01944ef98dbed10,1726763fdd26cb863dab6d779cae8649e1b5ce24,持卡人消费,A2,-6.0,87.25,4059,正常
2016/03/05 11:07:21,0c7973a52149558427e1c8d5f01944ef98dbed10,1726763fdd26cb863dab6d779cae8649e1b5ce24,持卡人消费,学士楼商务网关,-5.7,81.55,4060,正常
2016/03/05 11:30:18,0c7973a52149558427e1c8d5f01944ef98dbed10,1726763fdd26cb863dab6d779cae8649e1b5ce24,持卡人消费,超市商务子系统,-54.4,27.15,4061,正常
2016/03/06 14:11:38,0c7973a52149558427e1c8d5f01944ef98dbed10,1726763fdd26cb863dab6d779cae8649e1b5ce24,持卡人消费,超市商务子系统,-9.9,17.25,4062,正常
2016/03/06 17:12:58,0c7973a52149558427e1c8d5f01944ef98dbed10,1726763fdd26cb863dab6d779cae8649e1b5ce24,持卡人消费,学士楼商务网关,-10.0,7.25,4063,正常
2016/03/06 20:02:32,0c7973a52149558427e1c8d5f01944ef98dbed10,1726763fdd26cb863dab6d779cae8649e1b5ce24,持卡人消费,15公寓浴池,-1.89,5.36,4065,正常
2016/03/07 07:25:56,0c7973a52149558427e1c8d5f01944ef98dbed10,1726763fdd26cb863dab6d779cae8649e1b5ce24,存款,现金充值机,200.0,205.36,4066,正常
2016/03/07 07:42:03,0c7973a52149558427e1c8d5f01944ef98dbed10,1726763fdd26cb863dab6d779cae8649e1b5ce24,持卡人消费,学苑楼商务网关,-2.6,202.76,4067,正常
2016/03/07 11:44:11,0c7973a52149558427e1c8d5f01944ef98dbed10,1726763fdd26cb863dab6d779cae8649e1b5ce24,持卡人消费,学子楼商务网关,-5.5,197.26,4068,正常
2016/03/07 11:44:27,0c7973a52149558427e1c8d5f01944ef98dbed10,1726763fdd26cb863dab6d779cae8649e1b5ce24,持卡人消费,学子楼商务网关,-1.0,196.26,4069,正常
2016/03/07 17:07:04,0c7973a52149558427e1c8d5f01944ef98dbed10,1726763fdd26cb863dab6d779cae8649e1b5ce24,持卡人消费,南苑网关,-6.0,190.26,4070,正常
2016/03/08 11:21:36,0c7973a52149558427e1c8d5f01944ef98dbed10,1726763fdd26cb863dab6d779cae8649e1b5ce24,持卡人消费,学苑楼商务网关,-6.0,184.26,4071,正常
2016/03/08 17:09:00,0c7973a52149558427e1c8d5f01944ef98dbed10,1726763fdd26cb863dab6d779cae8649e1b5ce24,持卡人消费,学士楼商务网关,-7.0,177.26,4072,正常
2016/03/09 11:38:45,0c7973a52149558427e1c8d5f01944ef98dbed10,1726763fdd26cb863dab6d779cae8649e1b5ce24,持卡人消费,学子楼商务网关,-5.5,171.76,4073,正常
2016/03/09 17:05:46,0c7973a52149558427e1c8d5f01944ef98dbed10,1726763fdd26cb863dab6d779cae8649e1b5ce24,持卡人消费,学士楼商务网关,-7.0,164.76,4074,正常
2016/03/09 18:31:10,0c7973a52149558427e1c8d5f01944ef98dbed10,1726763fdd26cb863dab6d779cae8649e1b5ce24,持卡人消费,15公寓浴池,-2.0,162.76,4075,正常
2016/03/09 18:31:41,0c7973a52149558427e1c8d5f01944ef98dbed10,1726763fdd26cb863dab6d779cae8649e1b5ce24,持卡人消费,15公寓浴池,-0.08,162.68,4077,正常
2016/03/10 07:36:20,0c7973a52149558427e1c8d5f01944ef98dbed10,1726763fdd26cb863dab6d779cae8649e1b5ce24,持卡人消费,学士楼商务网关,-4.6,158.08,4078,正常
2016/03/10 11:21:39,0c7973a52149558427e1c8d5f01944ef98dbed10,1726763fdd26cb863dab6d779cae8649e1b5ce24,持卡人消费,学士楼商务网关,-1.4,156.68,4079,正常
2016/03/10 11:22:59,0c7973a52149558427e1c8d5f01944ef98dbed10,1726763fdd26cb863dab6d779cae8649e1b5ce24,持卡人消费,学士楼商务网关,-2.0,154.68,4080,正常
2016/03/10 11:24:19,0c7973a52149558427e1c8d5f01944ef98dbed10,1726763fdd26cb863dab6d779cae8649e1b5ce24,持卡人消费,学士楼商务网关,-4.0,150.68,4081,正常
2016/03/10 17:12:39,0c7973a52149558427e1c8d5f01944ef98dbed10,1726763fdd26cb863dab6d779cae8649e1b5ce24,持卡人消费,学士楼商务网关,-2.0,148.68,4082,正常
2016/03/10 17:13:37,0c7973a52149558427e1c8d5f01944ef98dbed10,1726763fdd26cb863dab6d779cae8649e1b5ce24,持卡人消费,学士楼商务网关,-8.0,140.68,4083,正常
2016/03/11 10:55:46,0c7973a52149558427e1c8d5f01944ef98dbed10,1726763fdd26cb863dab6d779cae8649e1b5ce24,持卡人消费,学士楼商务网关,-6.6,134.08,4084,正常
2016/03/11 17:01:18,0c7973a52149558427e1c8d5f01944ef98dbed10,1726763fdd26cb863dab6d779cae8649e1b5ce24,持卡人消费,学士楼商务网关,-7.4,126.68,4085,正常
2016/03/11 17:19:14,0c7973a52149558427e1c8d5f01944ef98dbed10,1726763fdd26cb863dab6d779cae8649e1b5ce24,持卡人消费,硕果园（工大商店）,-7.6,119.08,4086,正常
2016/03/11 19:49:26,0c7973a52149558427e1c8d5f01944ef98dbed10,1726763fdd26cb863dab6d779cae8649e1b5ce24,持卡人消费,超市商务子系统,-6.8,112.28,4087,正常
2016/03/11 20:02:56,0c7973a52149558427e1c8d5f01944ef98dbed10,1726763fdd26cb863dab6d779cae8649e1b5ce24,持卡人消费,超市商务子系统,-19.8,92.48,4088,正常
2016/03/12 11:07:13,0c7973a52149558427e1c8d5f01944ef98dbed10,1726763fdd26cb863dab6d779cae8649e1b5ce24,持卡人消费,学士楼商务网关,-1.6,90.88,4089,正常
2016/03/12 11:09:20,0c7973a52149558427e1c8d5f01944ef98dbed10,1726763fdd26cb863dab6d779cae8649e1b5ce24,持卡人消费,学士楼商务网关,-6.4,84.48,4090,正常
2016/03/12 16:07:21,0c7973a52149558427e1c8d5f01944ef98dbed10,1726763fdd26cb863dab6d779cae8649e1b5ce24,持卡人消费,A2,-6.0,78.48,4091,正常
2016/03/12 16:33:35,0c7973a52149558427e1c8d5f01944ef98dbed10,1726763fdd26cb863dab6d779cae8649e1b5ce24,持卡人消费,15公寓浴池,-1.97,76.51,4093,正常
2016/03/12 17:12:20,0c7973a52149558427e1c8d5f01944ef98dbed10,1726763fdd26cb863dab6d779cae8649e1b5ce24,持卡人消费,学士楼商务网关,-6.0,70.51,4094,正常
2016/03/12 17:13:08,0c7973a52149558427e1c8d5f01944ef98dbed10,1726763fdd26cb863dab6d779cae8649e1b5ce24,持卡人消费,学士楼商务网关,-2.0,68.51,4095,正常
2016/03/14 06:59:22,0c7973a52149558427e1c8d5f01944ef98dbed10,1726763fdd26cb863dab6d779cae8649e1b5ce24,持卡人消费,学士楼商务网关,-2.4,46.81,4098,正常
2016/03/14 11:47:59,0c7973a52149558427e1c8d5f01944ef98dbed10,1726763fdd26cb863dab6d779cae8649e1b5ce24,持卡人消费,学子楼商务网关,-7.0,39.81,4099,正常
2016/03/14 17:06:46,0c7973a52149558427e1c8d5f01944ef98dbed10,1726763fdd26cb863dab6d779cae8649e1b5ce24,持卡人消费,学士楼商务网关,-7.9,31.91,4100,正常
2016/03/15 11:10:31,0c7973a52149558427e1c8d5f01944ef98dbed10,1726763fdd26cb863dab6d779cae8649e1b5ce24,持卡人消费,学士楼商务网关,-6.1,25.81,4101,正常
2016/03/15 16:57:47,0c7973a52149558427e1c8d5f01944ef98dbed10,1726763fdd26cb863dab6d779cae8649e1b5ce24,持卡人消费,学士楼商务网关,-2.1,23.71,4102,正常
2016/03/15 16:57:50,0c7973a52149558427e1c8d5f01944ef98dbed10,1726763fdd26cb863dab6d779cae8649e1b5ce24,持卡人消费,学士楼商务网关,-8.1,15.61,4103,正常
2016/03/16 11:42:46,0c7973a52149558427e1c8d5f01944ef98dbed10,1726763fdd26cb863dab6d779cae8649e1b5ce24,持卡人消费,学苑楼商务网关,-8.0,7.61,4104,正常
2016/03/16 17:12:42,0c7973a52149558427e1c8d5f01944ef98dbed10,1726763fdd26cb863dab6d779cae8649e1b5ce24,持卡人消费,学士楼商务网关,-6.1,1.51,4105,正常
2016/03/17 07:18:30,0c7973a52149558427e1c8d5f01944ef98dbed10,1726763fdd26cb863dab6d779cae8649e1b5ce24,存款,现金充值机,100.0,101.51,4106,正常
2016/03/17 07:35:02,0c7973a52149558427e1c8d5f01944ef98dbed10,1726763fdd26cb863dab6d779cae8649e1b5ce24,持卡人消费,学苑楼商务网关,-3.5,98.01,4107,正常
2016/03/17 11:07:41,0c7973a52149558427e1c8d5f01944ef98dbed10,1726763fdd26cb863dab6d779cae8649e1b5ce24,持卡人消费,学士楼商务网关,-8.1,89.91,4108,正常
2016/03/17 15:40:06,0c7973a52149558427e1c8d5f01944ef98dbed10,1726763fdd26cb863dab6d779cae8649e1b5ce24,持卡人消费,A2,-6.0,83.91,4109,正常
2016/03/17 16:03:49,0c7973a52149558427e1c8d5f01944ef98dbed10,1726763fdd26cb863dab6d779cae8649e1b5ce24,持卡人消费,15公寓浴池,-1.84,82.07,4111,正常
2016/03/17 16:07:21,0c7973a52149558427e1c8d5f01944ef98dbed10,1726763fdd26cb863dab6d779cae8649e1b5ce24,持卡人消费,15公寓浴池,-0.27,81.80,4113,正常
2016/03/17 17:02:13,0c7973a52149558427e1c8d5f01944ef98dbed10,1726763fdd26cb863dab6d779cae8649e1b5ce24,持卡人消费,学士楼商务网关,-7.6,74.20,4114,正常
2016/03/18 11:11:10,0c7973a52149558427e1c8d5f01944ef98dbed10,1726763fdd26cb863dab6d779cae8649e1b5ce24,持卡人消费,学士楼商务网关,-6.1,68.10,4115,正常
2016/03/18 11:15:56,0c7973a52149558427e1c8d5f01944ef98dbed10,1726763fdd26cb863dab6d779cae8649e1b5ce24,持卡人消费,学士楼商务网关,-2.0,72.20,4115,正常
2016/03/18 17:09:45,0c7973a52149558427e1c8d5f01944ef98dbed10,1726763fdd26cb863dab6d779cae8649e1b5ce24,持卡人消费,学士楼商务网关,-7.0,65.20,4116,正常
2016/03/18 17:13:03,0c7973a52149558427e1c8d5f01944ef98dbed10,1726763fdd26cb863dab6d779cae8649e1b5ce24,持卡人消费,学士楼商务网关,-8.0,57.20,4117,正常
2016/03/19 11:11:08,0c7973a52149558427e1c8d5f01944ef98dbed10,1726763fdd26cb863dab6d779cae8649e1b5ce24,持卡人消费,学士楼商务网关,-5.9,51.30,4118,正常
2016/03/19 17:08:51,0c7973a52149558427e1c8d5f01944ef98dbed10,1726763fdd26cb863dab6d779cae8649e1b5ce24,持卡人消费,学士楼商务网关,-7.7,43.60,4119,正常
2016/03/19 21:56:05,0c7973a52149558427e1c8d5f01944ef98dbed10,1726763fdd26cb863dab6d779cae8649e1b5ce24,持卡人消费,硕果园（工大商店）,-17.2,26.40,4120,正常
2016/03/20 11:15:25,0c7973a52149558427e1c8d5f01944ef98dbed10,1726763fdd26cb863dab6d779cae8649e1b5ce24,持卡人消费,学士楼商务网关,-4.48,21.92,4121,正常
2016/03/20 11:15:54,0c7973a52149558427e1c8d5f01944ef98dbed10,1726763fdd26cb863dab6d779cae8649e1b5ce24,持卡人消费,学士楼商务网关,-4.6,17.32,4122,正常
2016/03/20 17:15:27,0c7973a52149558427e1c8d5f01944ef98dbed10,1726763fdd26cb863dab6d779cae8649e1b5ce24,持卡人消费,学士楼商务网关,-5.0,12.32,4123,正常
2016/03/20 17:16:39,0c7973a52149558427e1c8d5f01944ef98dbed10,1726763fdd26cb863dab6d779cae8649e1b5ce24,持卡人消费,学士楼商务网关,-2.0,10.32,4124,正常
2016/03/20 19:55:18,0c7973a52149558427e1c8d5f01944ef98dbed10,1726763fdd26cb863dab6d779cae8649e1b5ce24,持卡人消费,15公寓浴池,-1.98,8.34,4126,正常
2016/03/21 07:24:12,0c7973a52149558427e1c8d5f01944ef98dbed10,1726763fdd26cb863dab6d779cae8649e1b5ce24,存款,现金充值机,300.0,308.34,4127,正常
2016/03/21 07:41:50,0c7973a52149558427e1c8d5f01944ef98dbed10,1726763fdd26cb863dab6d779cae8649e1b5ce24,持卡人消费,学苑楼商务网关,-3.5,304.84,4128,正常
2016/03/21 11:46:21,0c7973a52149558427e1c8d5f01944ef98dbed10,1726763fdd26cb863dab6d779cae8649e1b5ce24,持卡人消费,学子楼商务网关,-7.0,297.84,4129,正常
2016/03/21 17:14:50,0c7973a52149558427e1c8d5f01944ef98dbed10,1726763fdd26cb863dab6d779cae8649e1b5ce24,持卡人消费,学士楼商务网关,-6.6,291.24,4130,正常
2016/03/22 10:56:53,0c7973a52149558427e1c8d5f01944ef98dbed10,1726763fdd26cb863dab6d779cae8649e1b5ce24,持卡人消费,学士楼商务网关,-7.9,283.34,4131,正常
2016/03/22 17:08:58,0c7973a52149558427e1c8d5f01944ef98dbed10,1726763fdd26cb863dab6d779cae8649e1b5ce24,持卡人消费,学士楼商务网关,-8.1,275.24,4132,正常
2016/03/23 11:44:28,0c7973a52149558427e1c8d5f01944ef98dbed10,1726763fdd26cb863dab6d779cae8649e1b5ce24,持卡人消费,学子楼商务网关,-7.0,262.14,4134,正常
2016/03/23 17:13:28,0c7973a52149558427e1c8d5f01944ef98dbed10,1726763fdd26cb863dab6d779cae8649e1b5ce24,持卡人消费,学士楼商务网关,-7.6,254.54,4135,正常
2016/03/23 17:13:30,0c7973a52149558427e1c8d5f01944ef98dbed10,1726763fdd26cb863dab6d779cae8649e1b5ce24,持卡人消费,学士楼商务网关,-4.8,249.74,4136,正常
2016/03/24 11:06:58,0c7973a52149558427e1c8d5f01944ef98dbed10,1726763fdd26cb863dab6d779cae8649e1b5ce24,持卡人消费,学士楼商务网关,-1.4,248.34,4137,正常
2016/03/24 11:07:51,0c7973a52149558427e1c8d5f01944ef98dbed10,1726763fdd26cb863dab6d779cae8649e1b5ce24,持卡人消费,学士楼商务网关,-6.0,242.34,4138,正常
2016/03/24 16:30:07,0c7973a52149558427e1c8d5f01944ef98dbed10,1726763fdd26cb863dab6d779cae8649e1b5ce24,持卡人消费,15公寓浴池,-1.82,240.52,4140,正常
2016/03/24 17:12:01,0c7973a52149558427e1c8d5f01944ef98dbed10,1726763fdd26cb863dab6d779cae8649e1b5ce24,持卡人消费,学士楼商务网关,-7.6,232.92,4141,正常
2016/03/24 17:12:56,0c7973a52149558427e1c8d5f01944ef98dbed10,1726763fdd26cb863dab6d779cae8649e1b5ce24,持卡人消费,学士楼商务网关,-4.8,228.12,4142,正常
2016/03/24 22:13:13,0c7973a52149558427e1c8d5f01944ef98dbed10,1726763fdd26cb863dab6d779cae8649e1b5ce24,持卡人消费,A2,-3.0,225.12,4143,正常
2016/03/25 11:07:05,0c7973a52149558427e1c8d5f01944ef98dbed10,1726763fdd26cb863dab6d779cae8649e1b5ce24,持卡人消费,学士楼商务网关,-7.9,217.22,4144,正常
2016/03/25 17:11:05,0c7973a52149558427e1c8d5f01944ef98dbed10,1726763fdd26cb863dab6d779cae8649e1b5ce24,持卡人消费,学士楼商务网关,-5.0,212.22,4145,正常
2016/03/25 17:18:18,0c7973a52149558427e1c8d5f01944ef98dbed10,1726763fdd26cb863dab6d779cae8649e1b5ce24,持卡人消费,学士楼商务网关,-3.0,209.22,4146,正常
2016/03/25 17:18:36,0c7973a52149558427e1c8d5f01944ef98dbed10,1726763fdd26cb863dab6d779cae8649e1b5ce24,持卡人消费,学士楼商务网关,-4.0,205.22,4147,正常
2016/03/26 06:50:49,0c7973a52149558427e1c8d5f01944ef98dbed10,1726763fdd26cb863dab6d779cae8649e1b5ce24,持卡人消费,学士楼商务网关,-1.4,203.82,4148,正常
2016/03/26 19:59:10,0c7973a52149558427e1c8d5f01944ef98dbed10,1726763fdd26cb863dab6d779cae8649e1b5ce24,持卡人消费,15公寓浴池,-2.0,199.82,4150,正常
2016/03/26 19:51:30,0c7973a52149558427e1c8d5f01944ef98dbed10,1726763fdd26cb863dab6d779cae8649e1b5ce24,持卡人消费,15公寓浴池,-0.54,201.28,4151,正常
2016/03/26 20:01:10,0c7973a52149558427e1c8d5f01944ef98dbed10,1726763fdd26cb863dab6d779cae8649e1b5ce24,持卡人消费,15公寓浴池,-0.37,198.91,4154,正常
2016/03/26 20:01:21,0c7973a52149558427e1c8d5f01944ef98dbed10,1726763fdd26cb863dab6d779cae8649e1b5ce24,持卡人消费,15公寓浴池,-1.44,199.47,4155,正常
2016/03/27 11:14:21,0c7973a52149558427e1c8d5f01944ef98dbed10,1726763fdd26cb863dab6d779cae8649e1b5ce24,持卡人消费,学士楼商务网关,-6.3,193.17,4156,正常
2016/03/27 11:14:57,0c7973a52149558427e1c8d5f01944ef98dbed10,1726763fdd26cb863dab6d779cae8649e1b5ce24,持卡人消费,学士楼商务网关,-6.9,186.27,4157,正常
2016/03/27 17:14:04,0c7973a52149558427e1c8d5f01944ef98dbed10,1726763fdd26cb863dab6d779cae8649e1b5ce24,持卡人消费,学士楼商务网关,-5.32,180.95,4158,正常
2016/03/27 17:14:34,0c7973a52149558427e1c8d5f01944ef98dbed10,1726763fdd26cb863dab6d779cae8649e1b5ce24,持卡人消费,学士楼商务网关,-5.6,175.35,4159,正常
2016/03/27 17:34:54,0c7973a52149558427e1c8d5f01944ef98dbed10,1726763fdd26cb863dab6d779cae8649e1b5ce24,持卡人消费,超市商务子系统,-6.4,168.95,4160,正常
2016/03/28 07:44:29,0c7973a52149558427e1c8d5f01944ef98dbed10,1726763fdd26cb863dab6d779cae8649e1b5ce24,持卡人消费,学苑楼商务网关,-3.5,165.45,4161,正常
2016/03/28 11:49:53,0c7973a52149558427e1c8d5f01944ef98dbed10,1726763fdd26cb863dab6d779cae8649e1b5ce24,持卡人消费,学子楼商务网关,-7.0,158.45,4162,正常
2016/03/28 17:09:20,0c7973a52149558427e1c8d5f01944ef98dbed10,1726763fdd26cb863dab6d779cae8649e1b5ce24,持卡人消费,南苑网关,-3.6,154.85,4163,正常
2016/03/28 17:11:07,0c7973a52149558427e1c8d5f01944ef98dbed10,1726763fdd26cb863dab6d779cae8649e1b5ce24,持卡人消费,南苑网关,-6.0,148.85,4164,正常
2016/03/28 20:11:58,0c7973a52149558427e1c8d5f01944ef98dbed10,1726763fdd26cb863dab6d779cae8649e1b5ce24,持卡人消费,15公寓浴池,-1.68,147.17,4166,正常
2016/03/29 11:02:25,0c7973a52149558427e1c8d5f01944ef98dbed10,1726763fdd26cb863dab6d779cae8649e1b5ce24,持卡人消费,南苑网关,-10.08,137.09,4167,正常
2016/03/29 16:59:11,0c7973a52149558427e1c8d5f01944ef98dbed10,1726763fdd26cb863dab6d779cae8649e1b5ce24,持卡人消费,南苑网关,-6.0,131.09,4168,正常
2016/03/29 19:57:04,0c7973a52149558427e1c8d5f01944ef98dbed10,1726763fdd26cb863dab6d779cae8649e1b5ce24,持卡人消费,A2,-6.0,125.09,4169,正常
2016/03/30 11:37:21,0c7973a52149558427e1c8d5f01944ef98dbed10,1726763fdd26cb863dab6d779cae8649e1b5ce24,持卡人消费,学士楼商务网关,-7.1,117.99,4170,正常
2016/03/31 11:11:24,0c7973a52149558427e1c8d5f01944ef98dbed10,1726763fdd26cb863dab6d779cae8649e1b5ce24,持卡人消费,南苑网关,-8.16,109.83,4171,正常
2016/03/31 17:10:08,0c7973a52149558427e1c8d5f01944ef98dbed10,1726763fdd26cb863dab6d779cae8649e1b5ce24,持卡人消费,南苑网关,-6.0,103.83,4172,正常
2016/03/31 17:26:53,0c7973a52149558427e1c8d5f01944ef98dbed10,1726763fdd26cb863dab6d779cae8649e1b5ce24,持卡人消费,南苑网关,-3.0,100.83,4173,正常
