交易发生时间,学号,姓名,交易类型,子系统名称,交易额,现有余额,次数,状态
2016/03/01 07:57:09,eae0ef02bd099c572d82320eb1705c5c71a329c9,17a76f66274da2b72afbb54f504a81cc7acfb8fb,持卡人消费,学士楼商务网关,-2.6,115.37,3800,正常
2016/03/01 07:57:47,eae0ef02bd099c572d82320eb1705c5c71a329c9,17a76f66274da2b72afbb54f504a81cc7acfb8fb,持卡人消费,学士楼商务网关,-0.3,115.07,3801,正常
2016/03/01 11:34:59,eae0ef02bd099c572d82320eb1705c5c71a329c9,17a76f66274da2b72afbb54f504a81cc7acfb8fb,持卡人消费,硕果园（工大商店）,-12.0,103.07,3802,正常
2016/03/01 17:07:16,eae0ef02bd099c572d82320eb1705c5c71a329c9,17a76f66274da2b72afbb54f504a81cc7acfb8fb,持卡人消费,学士楼商务网关,-4.4,98.67,3803,正常
2016/03/01 17:08:31,eae0ef02bd099c572d82320eb1705c5c71a329c9,17a76f66274da2b72afbb54f504a81cc7acfb8fb,持卡人消费,学士楼商务网关,-1.5,97.17,3804,正常
2016/03/02 08:18:03,eae0ef02bd099c572d82320eb1705c5c71a329c9,17a76f66274da2b72afbb54f504a81cc7acfb8fb,持卡人消费,硕果园（工大商店）,-5.5,91.67,3805,正常
2016/03/02 11:17:19,eae0ef02bd099c572d82320eb1705c5c71a329c9,17a76f66274da2b72afbb54f504a81cc7acfb8fb,持卡人消费,硕果园（工大商店）,-11.0,80.67,3806,正常
2016/03/02 16:15:58,eae0ef02bd099c572d82320eb1705c5c71a329c9,17a76f66274da2b72afbb54f504a81cc7acfb8fb,持卡人消费,学苑楼商务网关,-9.0,71.67,3807,正常
2016/03/03 08:52:35,eae0ef02bd099c572d82320eb1705c5c71a329c9,17a76f66274da2b72afbb54f504a81cc7acfb8fb,持卡人消费,硕果园（工大商店）,-9.0,62.67,3808,正常
2016/03/03 09:14:24,eae0ef02bd099c572d82320eb1705c5c71a329c9,17a76f66274da2b72afbb54f504a81cc7acfb8fb,持卡人消费,硕果园（工大商店）,-2.0,60.67,3809,正常
2016/03/03 11:42:05,eae0ef02bd099c572d82320eb1705c5c71a329c9,17a76f66274da2b72afbb54f504a81cc7acfb8fb,持卡人消费,学士楼商务网关,-4.4,56.27,3810,正常
2016/03/03 17:19:58,eae0ef02bd099c572d82320eb1705c5c71a329c9,17a76f66274da2b72afbb54f504a81cc7acfb8fb,持卡人消费,学苑楼商务网关,-8.0,48.27,3811,正常
2016/03/03 21:32:47,eae0ef02bd099c572d82320eb1705c5c71a329c9,17a76f66274da2b72afbb54f504a81cc7acfb8fb,持卡人消费,超市商务子系统,-10.0,38.27,3812,正常
2016/03/04 08:57:43,eae0ef02bd099c572d82320eb1705c5c71a329c9,17a76f66274da2b72afbb54f504a81cc7acfb8fb,持卡人消费,学士楼商务网关,-8.0,30.27,3813,正常
2016/03/04 12:05:06,eae0ef02bd099c572d82320eb1705c5c71a329c9,17a76f66274da2b72afbb54f504a81cc7acfb8fb,存款,现金充值机,400.0,430.27,3814,正常
2016/03/04 12:22:04,eae0ef02bd099c572d82320eb1705c5c71a329c9,17a76f66274da2b72afbb54f504a81cc7acfb8fb,持卡人消费,学苑楼商务网关,-8.8,421.47,3815,正常
2016/03/04 12:41:39,eae0ef02bd099c572d82320eb1705c5c71a329c9,17a76f66274da2b72afbb54f504a81cc7acfb8fb,持卡人消费,硕果园（工大商店）,-5.0,416.47,3816,正常
2016/03/04 17:24:06,eae0ef02bd099c572d82320eb1705c5c71a329c9,17a76f66274da2b72afbb54f504a81cc7acfb8fb,持卡人消费,游泳馆,-6.0,410.47,3817,正常
2016/03/04 18:33:59,eae0ef02bd099c572d82320eb1705c5c71a329c9,17a76f66274da2b72afbb54f504a81cc7acfb8fb,持卡人消费,硕果园（工大商店）,-10.0,400.47,3818,正常
2016/03/05 09:30:39,eae0ef02bd099c572d82320eb1705c5c71a329c9,17a76f66274da2b72afbb54f504a81cc7acfb8fb,持卡人消费,硕果园（工大商店）,-5.0,395.47,3819,正常
2016/03/05 16:32:31,eae0ef02bd099c572d82320eb1705c5c71a329c9,17a76f66274da2b72afbb54f504a81cc7acfb8fb,持卡人消费,硕果园（工大商店）,-10.0,385.47,3820,正常
2016/03/06 09:51:29,eae0ef02bd099c572d82320eb1705c5c71a329c9,17a76f66274da2b72afbb54f504a81cc7acfb8fb,持卡人消费,硕果园（工大商店）,-10.0,375.47,3821,正常
2016/03/06 10:12:10,eae0ef02bd099c572d82320eb1705c5c71a329c9,17a76f66274da2b72afbb54f504a81cc7acfb8fb,持卡人消费,硕果园（工大商店）,-4.0,371.47,3822,正常
2016/03/07 09:08:42,eae0ef02bd099c572d82320eb1705c5c71a329c9,17a76f66274da2b72afbb54f504a81cc7acfb8fb,持卡人消费,学士楼商务网关,-4.6,366.87,3823,正常
2016/03/07 12:03:22,eae0ef02bd099c572d82320eb1705c5c71a329c9,17a76f66274da2b72afbb54f504a81cc7acfb8fb,持卡人消费,硕果园（工大商店）,-10.0,356.87,3824,正常
2016/03/07 15:51:27,eae0ef02bd099c572d82320eb1705c5c71a329c9,17a76f66274da2b72afbb54f504a81cc7acfb8fb,持卡人消费,硕果园（工大商店）,-9.3,347.57,3825,正常
2016/03/07 21:22:34,eae0ef02bd099c572d82320eb1705c5c71a329c9,17a76f66274da2b72afbb54f504a81cc7acfb8fb,持卡人消费,硕果园（工大商店）,-10.0,337.57,3826,正常
2016/03/08 07:23:51,eae0ef02bd099c572d82320eb1705c5c71a329c9,17a76f66274da2b72afbb54f504a81cc7acfb8fb,持卡人消费,学士楼商务网关,-7.0,330.57,3827,正常
2016/03/08 14:53:37,eae0ef02bd099c572d82320eb1705c5c71a329c9,17a76f66274da2b72afbb54f504a81cc7acfb8fb,持卡人消费,硕果园（工大商店）,-14.0,316.57,3828,正常
2016/03/08 15:26:39,eae0ef02bd099c572d82320eb1705c5c71a329c9,17a76f66274da2b72afbb54f504a81cc7acfb8fb,持卡人消费,硕果园（工大商店）,-5.0,311.57,3829,正常
2016/03/09 10:54:07,eae0ef02bd099c572d82320eb1705c5c71a329c9,17a76f66274da2b72afbb54f504a81cc7acfb8fb,持卡人消费,硕果园（工大商店）,-19.0,292.57,3830,正常
2016/03/09 17:55:09,eae0ef02bd099c572d82320eb1705c5c71a329c9,17a76f66274da2b72afbb54f504a81cc7acfb8fb,持卡人消费,学士楼商务网关,-8.76,283.81,3831,正常
2016/03/10 08:57:35,eae0ef02bd099c572d82320eb1705c5c71a329c9,17a76f66274da2b72afbb54f504a81cc7acfb8fb,持卡人消费,学士楼商务网关,-3.5,280.31,3832,正常
2016/03/10 11:23:53,eae0ef02bd099c572d82320eb1705c5c71a329c9,17a76f66274da2b72afbb54f504a81cc7acfb8fb,持卡人消费,硕果园（工大商店）,-10.0,270.31,3833,正常
2016/03/10 11:28:06,eae0ef02bd099c572d82320eb1705c5c71a329c9,17a76f66274da2b72afbb54f504a81cc7acfb8fb,持卡人消费,硕果园（工大商店）,-5.0,265.31,3834,正常
2016/03/10 17:47:20,eae0ef02bd099c572d82320eb1705c5c71a329c9,17a76f66274da2b72afbb54f504a81cc7acfb8fb,持卡人消费,硕果园（工大商店）,-10.0,255.31,3835,正常
2016/03/11 09:33:01,eae0ef02bd099c572d82320eb1705c5c71a329c9,17a76f66274da2b72afbb54f504a81cc7acfb8fb,持卡人消费,硕果园（工大商店）,-10.0,245.31,3836,正常
2016/03/11 09:57:17,eae0ef02bd099c572d82320eb1705c5c71a329c9,17a76f66274da2b72afbb54f504a81cc7acfb8fb,持卡人消费,硕果园（工大商店）,-4.0,241.31,3837,正常
2016/03/11 16:51:53,eae0ef02bd099c572d82320eb1705c5c71a329c9,17a76f66274da2b72afbb54f504a81cc7acfb8fb,持卡人消费,学士楼商务网关,-9.6,231.71,3838,正常
2016/03/11 17:17:43,eae0ef02bd099c572d82320eb1705c5c71a329c9,17a76f66274da2b72afbb54f504a81cc7acfb8fb,持卡人消费,硕果园（工大商店）,-5.0,226.71,3839,正常
2016/03/12 11:26:07,eae0ef02bd099c572d82320eb1705c5c71a329c9,17a76f66274da2b72afbb54f504a81cc7acfb8fb,持卡人消费,学士楼商务网关,-9.1,217.61,3840,正常
2016/03/12 16:59:22,eae0ef02bd099c572d82320eb1705c5c71a329c9,17a76f66274da2b72afbb54f504a81cc7acfb8fb,持卡人消费,学苑楼商务网关,-9.0,208.61,3841,正常
2016/03/14 08:48:47,eae0ef02bd099c572d82320eb1705c5c71a329c9,17a76f66274da2b72afbb54f504a81cc7acfb8fb,持卡人消费,硕果园（工大商店）,-2.0,172.81,3846,正常
2016/03/14 08:49:55,eae0ef02bd099c572d82320eb1705c5c71a329c9,17a76f66274da2b72afbb54f504a81cc7acfb8fb,持卡人消费,硕果园（工大商店）,-13.0,159.81,3847,正常
2016/03/14 09:09:57,eae0ef02bd099c572d82320eb1705c5c71a329c9,17a76f66274da2b72afbb54f504a81cc7acfb8fb,持卡人消费,硕果园（工大商店）,-4.0,155.81,3848,正常
2016/03/14 15:14:28,eae0ef02bd099c572d82320eb1705c5c71a329c9,17a76f66274da2b72afbb54f504a81cc7acfb8fb,持卡人消费,硕果园（工大商店）,-12.0,143.81,3849,正常
2016/03/15 08:59:11,eae0ef02bd099c572d82320eb1705c5c71a329c9,17a76f66274da2b72afbb54f504a81cc7acfb8fb,持卡人消费,硕果园（工大商店）,-9.0,134.81,3850,正常
2016/03/15 09:02:03,eae0ef02bd099c572d82320eb1705c5c71a329c9,17a76f66274da2b72afbb54f504a81cc7acfb8fb,持卡人消费,硕果园（工大商店）,-8.0,126.81,3851,正常
2016/03/15 15:22:01,eae0ef02bd099c572d82320eb1705c5c71a329c9,17a76f66274da2b72afbb54f504a81cc7acfb8fb,持卡人消费,硕果园（工大商店）,-12.0,114.81,3852,正常
2016/03/15 15:45:29,eae0ef02bd099c572d82320eb1705c5c71a329c9,17a76f66274da2b72afbb54f504a81cc7acfb8fb,持卡人消费,硕果园（工大商店）,-5.0,109.81,3853,正常
2016/03/15 19:47:44,eae0ef02bd099c572d82320eb1705c5c71a329c9,17a76f66274da2b72afbb54f504a81cc7acfb8fb,持卡人消费,一校区水控新,-0.01,109.80,3854,正常
2016/03/15 19:50:11,eae0ef02bd099c572d82320eb1705c5c71a329c9,17a76f66274da2b72afbb54f504a81cc7acfb8fb,持卡人消费,一校区水控新,-0.46,109.34,3856,正常
2016/03/15 19:52:43,eae0ef02bd099c572d82320eb1705c5c71a329c9,17a76f66274da2b72afbb54f504a81cc7acfb8fb,持卡人消费,一校区水控新,-0.19,109.15,3858,正常
2016/03/15 19:54:35,eae0ef02bd099c572d82320eb1705c5c71a329c9,17a76f66274da2b72afbb54f504a81cc7acfb8fb,持卡人消费,一校区水控新,-0.11,109.04,3860,正常
2016/03/15 19:55:59,eae0ef02bd099c572d82320eb1705c5c71a329c9,17a76f66274da2b72afbb54f504a81cc7acfb8fb,持卡人消费,一校区水控新,-0.11,108.93,3862,正常
2016/03/15 20:08:57,eae0ef02bd099c572d82320eb1705c5c71a329c9,17a76f66274da2b72afbb54f504a81cc7acfb8fb,持卡人消费,A2,-3.0,105.93,3863,正常
2016/03/16 09:10:18,eae0ef02bd099c572d82320eb1705c5c71a329c9,17a76f66274da2b72afbb54f504a81cc7acfb8fb,持卡人消费,学士楼商务网关,-3.4,102.53,3864,正常
2016/03/16 09:24:28,eae0ef02bd099c572d82320eb1705c5c71a329c9,17a76f66274da2b72afbb54f504a81cc7acfb8fb,持卡人消费,学士楼商务网关,-5.0,97.53,3865,正常
2016/03/16 15:02:56,eae0ef02bd099c572d82320eb1705c5c71a329c9,17a76f66274da2b72afbb54f504a81cc7acfb8fb,持卡人消费,硕果园（工大商店）,-14.1,83.43,3866,正常
2016/03/17 06:56:30,eae0ef02bd099c572d82320eb1705c5c71a329c9,17a76f66274da2b72afbb54f504a81cc7acfb8fb,持卡人消费,学士楼商务网关,-3.4,80.03,3867,正常
2016/03/17 11:53:52,eae0ef02bd099c572d82320eb1705c5c71a329c9,17a76f66274da2b72afbb54f504a81cc7acfb8fb,持卡人消费,硕果园（工大商店）,-10.0,70.03,3868,正常
2016/03/17 12:24:16,eae0ef02bd099c572d82320eb1705c5c71a329c9,17a76f66274da2b72afbb54f504a81cc7acfb8fb,持卡人消费,硕果园（工大商店）,-6.0,64.03,3869,正常
2016/03/17 18:00:16,eae0ef02bd099c572d82320eb1705c5c71a329c9,17a76f66274da2b72afbb54f504a81cc7acfb8fb,持卡人消费,硕果园（工大商店）,-9.0,55.03,3870,正常
2016/03/18 09:03:47,eae0ef02bd099c572d82320eb1705c5c71a329c9,17a76f66274da2b72afbb54f504a81cc7acfb8fb,持卡人消费,学士楼商务网关,-7.0,48.03,3871,正常
2016/03/18 12:08:31,eae0ef02bd099c572d82320eb1705c5c71a329c9,17a76f66274da2b72afbb54f504a81cc7acfb8fb,持卡人消费,硕果园（工大商店）,-12.0,36.03,3872,正常
2016/03/18 12:12:06,eae0ef02bd099c572d82320eb1705c5c71a329c9,17a76f66274da2b72afbb54f504a81cc7acfb8fb,持卡人消费,硕果园（工大商店）,-4.0,32.03,3873,正常
2016/03/18 19:32:30,eae0ef02bd099c572d82320eb1705c5c71a329c9,17a76f66274da2b72afbb54f504a81cc7acfb8fb,持卡人消费,硕果园（工大商店）,-11.0,21.03,3874,正常
2016/03/18 19:53:26,eae0ef02bd099c572d82320eb1705c5c71a329c9,17a76f66274da2b72afbb54f504a81cc7acfb8fb,持卡人消费,硕果园（工大商店）,-12.5,8.53,3875,正常
2016/03/19 15:43:23,eae0ef02bd099c572d82320eb1705c5c71a329c9,17a76f66274da2b72afbb54f504a81cc7acfb8fb,持卡人消费,硕果园（工大商店）,-7.5,1.03,3876,正常
2016/03/20 15:44:09,eae0ef02bd099c572d82320eb1705c5c71a329c9,17a76f66274da2b72afbb54f504a81cc7acfb8fb,持卡人消费,硕果园（工大商店）,-0.8,0.23,3877,正常
2016/03/22 14:10:50,eae0ef02bd099c572d82320eb1705c5c71a329c9,17a76f66274da2b72afbb54f504a81cc7acfb8fb,存款,卡中心综合业务,100.0,100.23,3878,正常
2016/03/22 14:17:28,eae0ef02bd099c572d82320eb1705c5c71a329c9,17a76f66274da2b72afbb54f504a81cc7acfb8fb,持卡人消费,硕果园（工大商店）,-12.0,88.23,3879,正常
2016/03/22 14:22:22,eae0ef02bd099c572d82320eb1705c5c71a329c9,17a76f66274da2b72afbb54f504a81cc7acfb8fb,持卡人消费,硕果园（工大商店）,-5.0,83.23,3880,正常
2016/03/23 11:15:03,eae0ef02bd099c572d82320eb1705c5c71a329c9,17a76f66274da2b72afbb54f504a81cc7acfb8fb,持卡人消费,学士楼商务网关,-12.1,71.13,3881,正常
2016/03/23 11:33:52,eae0ef02bd099c572d82320eb1705c5c71a329c9,17a76f66274da2b72afbb54f504a81cc7acfb8fb,持卡人消费,超市商务子系统,-28.5,42.63,3882,正常
2016/03/23 11:36:53,eae0ef02bd099c572d82320eb1705c5c71a329c9,17a76f66274da2b72afbb54f504a81cc7acfb8fb,持卡人消费,超市商务子系统,-0.4,42.23,3883,正常
2016/03/23 17:16:48,eae0ef02bd099c572d82320eb1705c5c71a329c9,17a76f66274da2b72afbb54f504a81cc7acfb8fb,持卡人消费,学苑楼商务网关,-8.0,34.23,3884,正常
2016/03/23 21:55:46,eae0ef02bd099c572d82320eb1705c5c71a329c9,17a76f66274da2b72afbb54f504a81cc7acfb8fb,持卡人消费,网络中心,-30.0,4.23,3885,正常
2016/03/24 08:51:52,eae0ef02bd099c572d82320eb1705c5c71a329c9,17a76f66274da2b72afbb54f504a81cc7acfb8fb,持卡人消费,学士楼商务网关,-2.0,2.23,3886,正常
2016/03/24 08:52:56,eae0ef02bd099c572d82320eb1705c5c71a329c9,17a76f66274da2b72afbb54f504a81cc7acfb8fb,持卡人消费,学士楼商务网关,-1.2,1.03,3887,正常
2016/03/24 17:17:28,eae0ef02bd099c572d82320eb1705c5c71a329c9,17a76f66274da2b72afbb54f504a81cc7acfb8fb,存款,卡中心综合业务,100.0,101.03,3888,正常
2016/03/24 17:19:43,eae0ef02bd099c572d82320eb1705c5c71a329c9,17a76f66274da2b72afbb54f504a81cc7acfb8fb,持卡人消费,学苑楼商务网关,-8.8,92.23,3889,正常
2016/03/24 17:38:42,eae0ef02bd099c572d82320eb1705c5c71a329c9,17a76f66274da2b72afbb54f504a81cc7acfb8fb,持卡人消费,学苑楼商务网关,-8.0,84.23,3890,正常
2016/03/25 08:50:41,eae0ef02bd099c572d82320eb1705c5c71a329c9,17a76f66274da2b72afbb54f504a81cc7acfb8fb,持卡人消费,学士楼商务网关,-7.0,77.23,3891,正常
2016/03/25 09:14:33,eae0ef02bd099c572d82320eb1705c5c71a329c9,17a76f66274da2b72afbb54f504a81cc7acfb8fb,持卡人消费,学士楼商务网关,-5.0,72.23,3892,正常
2016/03/25 12:16:47,eae0ef02bd099c572d82320eb1705c5c71a329c9,17a76f66274da2b72afbb54f504a81cc7acfb8fb,持卡人消费,一校区水控新,-0.78,71.45,3894,正常
2016/03/25 12:24:02,eae0ef02bd099c572d82320eb1705c5c71a329c9,17a76f66274da2b72afbb54f504a81cc7acfb8fb,持卡人消费,一校区水控新,-1.17,70.28,3896,正常
2016/03/25 17:10:08,eae0ef02bd099c572d82320eb1705c5c71a329c9,17a76f66274da2b72afbb54f504a81cc7acfb8fb,持卡人消费,学士楼商务网关,-7.4,62.88,3897,正常
2016/03/25 17:25:15,eae0ef02bd099c572d82320eb1705c5c71a329c9,17a76f66274da2b72afbb54f504a81cc7acfb8fb,持卡人消费,硕果园（工大商店）,-5.0,57.88,3898,正常
2016/03/26 07:33:41,eae0ef02bd099c572d82320eb1705c5c71a329c9,17a76f66274da2b72afbb54f504a81cc7acfb8fb,持卡人消费,学士楼商务网关,-6.0,51.88,3899,正常
2016/03/26 11:35:02,eae0ef02bd099c572d82320eb1705c5c71a329c9,17a76f66274da2b72afbb54f504a81cc7acfb8fb,持卡人消费,硕果园（工大商店）,-11.0,40.88,3900,正常
2016/03/27 07:22:34,eae0ef02bd099c572d82320eb1705c5c71a329c9,17a76f66274da2b72afbb54f504a81cc7acfb8fb,持卡人消费,学士楼商务网关,-2.6,38.28,3901,正常
2016/03/27 07:23:05,eae0ef02bd099c572d82320eb1705c5c71a329c9,17a76f66274da2b72afbb54f504a81cc7acfb8fb,持卡人消费,学士楼商务网关,-0.4,37.88,3902,正常
2016/03/27 17:02:42,eae0ef02bd099c572d82320eb1705c5c71a329c9,17a76f66274da2b72afbb54f504a81cc7acfb8fb,持卡人消费,学士楼商务网关,-6.9,30.98,3903,正常
2016/03/28 13:33:47,eae0ef02bd099c572d82320eb1705c5c71a329c9,17a76f66274da2b72afbb54f504a81cc7acfb8fb,持卡人消费,硕果园（工大商店）,-14.0,16.98,3904,正常
2016/03/28 13:34:56,eae0ef02bd099c572d82320eb1705c5c71a329c9,17a76f66274da2b72afbb54f504a81cc7acfb8fb,持卡人消费,硕果园（工大商店）,-4.0,12.98,3905,正常
2016/03/28 13:37:58,eae0ef02bd099c572d82320eb1705c5c71a329c9,17a76f66274da2b72afbb54f504a81cc7acfb8fb,持卡人消费,硕果园（工大商店）,-1.0,11.98,3906,正常
2016/03/28 13:58:27,eae0ef02bd099c572d82320eb1705c5c71a329c9,17a76f66274da2b72afbb54f504a81cc7acfb8fb,持卡人消费,硕果园（工大商店）,-1.0,10.98,3907,正常
2016/03/29 09:49:56,eae0ef02bd099c572d82320eb1705c5c71a329c9,17a76f66274da2b72afbb54f504a81cc7acfb8fb,持卡人消费,硕果园（工大商店）,-1.0,9.98,3908,正常
2016/03/29 09:51:50,eae0ef02bd099c572d82320eb1705c5c71a329c9,17a76f66274da2b72afbb54f504a81cc7acfb8fb,持卡人消费,硕果园（工大商店）,-0.5,9.48,3909,正常
2016/03/30 16:43:15,eae0ef02bd099c572d82320eb1705c5c71a329c9,17a76f66274da2b72afbb54f504a81cc7acfb8fb,存款,学苑楼综合业务3,400.0,409.48,3910,正常
2016/03/30 16:45:09,eae0ef02bd099c572d82320eb1705c5c71a329c9,17a76f66274da2b72afbb54f504a81cc7acfb8fb,持卡人消费,学苑楼商务网关,-1.5,407.98,3911,正常
2016/03/30 16:45:20,eae0ef02bd099c572d82320eb1705c5c71a329c9,17a76f66274da2b72afbb54f504a81cc7acfb8fb,持卡人消费,学苑楼商务网关,-8.0,399.98,3912,正常
2016/03/30 17:03:28,eae0ef02bd099c572d82320eb1705c5c71a329c9,17a76f66274da2b72afbb54f504a81cc7acfb8fb,持卡人消费,学苑楼商务网关,-7.0,392.98,3913,正常
2016/03/31 08:54:16,eae0ef02bd099c572d82320eb1705c5c71a329c9,17a76f66274da2b72afbb54f504a81cc7acfb8fb,持卡人消费,硕果园（工大商店）,-9.0,383.98,3914,正常
2016/03/31 13:57:16,eae0ef02bd099c572d82320eb1705c5c71a329c9,17a76f66274da2b72afbb54f504a81cc7acfb8fb,持卡人消费,硕果园（工大商店）,-10.0,373.98,3915,正常
2016/03/31 18:09:12,eae0ef02bd099c572d82320eb1705c5c71a329c9,17a76f66274da2b72afbb54f504a81cc7acfb8fb,持卡人消费,硕果园（工大商店）,-5.0,368.98,3916,正常
