交易发生时间,学号,姓名,交易类型,子系统名称,交易额,现有余额,次数,状态
2016/03/16 13:14:44,50e6ca5b4a5714c51e68b13ce44ad78a48ae59be,17e92b09d4e585ae0c702e9df4cbdc29ec7c5b4b,持卡人消费,超市商务子系统,-0.6,9.30,130,正常
2016/03/24 18:53:50,50e6ca5b4a5714c51e68b13ce44ad78a48ae59be,17e92b09d4e585ae0c702e9df4cbdc29ec7c5b4b,持卡人消费,超市商务子系统,-0.6,8.70,131,正常
2016/03/28 13:53:43,50e6ca5b4a5714c51e68b13ce44ad78a48ae59be,17e92b09d4e585ae0c702e9df4cbdc29ec7c5b4b,存款,学苑楼综合业务3,30.0,38.70,132,正常
2016/03/28 14:05:39,50e6ca5b4a5714c51e68b13ce44ad78a48ae59be,17e92b09d4e585ae0c702e9df4cbdc29ec7c5b4b,持卡人消费,网络中心,-30.0,8.70,133,正常
2016/03/31 11:57:19,50e6ca5b4a5714c51e68b13ce44ad78a48ae59be,17e92b09d4e585ae0c702e9df4cbdc29ec7c5b4b,持卡人消费,超市商务子系统,-4.0,4.70,134,正常
2016/03/31 12:05:56,50e6ca5b4a5714c51e68b13ce44ad78a48ae59be,17e92b09d4e585ae0c702e9df4cbdc29ec7c5b4b,持卡人消费,超市商务子系统,-0.2,4.50,135,正常
