交易发生时间,学号,姓名,交易类型,子系统名称,交易额,现有余额,次数,状态
2016/03/01 08:15:16,57e307f74a909eeb0265e992515081df17ab458f,180912b5ee8c31ada71fcc9127b590c28a5291ca,持卡人消费,学士楼商务网关,-2.2,10.21,5436,正常
2016/03/01 11:08:29,57e307f74a909eeb0265e992515081df17ab458f,180912b5ee8c31ada71fcc9127b590c28a5291ca,持卡人消费,学士楼商务网关,-6.1,4.11,5437,正常
2016/03/01 11:08:36,57e307f74a909eeb0265e992515081df17ab458f,180912b5ee8c31ada71fcc9127b590c28a5291ca,持卡人消费,学士楼商务网关,-0.4,3.71,5438,正常
2016/03/01 17:21:05,57e307f74a909eeb0265e992515081df17ab458f,180912b5ee8c31ada71fcc9127b590c28a5291ca,存款,现金充值机,200.0,203.71,5439,正常
2016/03/01 17:36:53,57e307f74a909eeb0265e992515081df17ab458f,180912b5ee8c31ada71fcc9127b590c28a5291ca,持卡人消费,学苑楼商务网关,-3.5,200.21,5440,正常
2016/03/01 17:38:12,57e307f74a909eeb0265e992515081df17ab458f,180912b5ee8c31ada71fcc9127b590c28a5291ca,持卡人消费,学苑楼商务网关,-1.66,198.55,5441,正常
2016/03/02 07:39:20,57e307f74a909eeb0265e992515081df17ab458f,180912b5ee8c31ada71fcc9127b590c28a5291ca,持卡人消费,学士楼商务网关,-2.2,196.35,5442,正常
2016/03/02 11:28:11,57e307f74a909eeb0265e992515081df17ab458f,180912b5ee8c31ada71fcc9127b590c28a5291ca,持卡人消费,学士楼商务网关,-4.8,191.55,5443,正常
2016/03/02 11:31:49,57e307f74a909eeb0265e992515081df17ab458f,180912b5ee8c31ada71fcc9127b590c28a5291ca,持卡人消费,学士楼商务网关,-1.0,190.55,5444,正常
2016/03/02 14:38:03,57e307f74a909eeb0265e992515081df17ab458f,180912b5ee8c31ada71fcc9127b590c28a5291ca,持卡人消费,超市商务子系统,-13.3,177.25,5445,正常
2016/03/02 18:44:58,57e307f74a909eeb0265e992515081df17ab458f,180912b5ee8c31ada71fcc9127b590c28a5291ca,持卡人消费,学士楼商务网关,-7.0,170.25,5446,正常
2016/03/03 08:10:01,57e307f74a909eeb0265e992515081df17ab458f,180912b5ee8c31ada71fcc9127b590c28a5291ca,持卡人消费,学苑楼商务网关,-2.1,168.15,5447,正常
2016/03/03 11:22:04,57e307f74a909eeb0265e992515081df17ab458f,180912b5ee8c31ada71fcc9127b590c28a5291ca,持卡人消费,学苑楼商务网关,-6.0,162.15,5448,正常
2016/03/03 11:23:02,57e307f74a909eeb0265e992515081df17ab458f,180912b5ee8c31ada71fcc9127b590c28a5291ca,持卡人消费,学苑楼商务网关,-3.8,158.35,5449,正常
2016/03/03 16:30:47,57e307f74a909eeb0265e992515081df17ab458f,180912b5ee8c31ada71fcc9127b590c28a5291ca,持卡人消费,学苑楼商务网关,-2.13,156.22,5450,正常
2016/03/03 16:31:40,57e307f74a909eeb0265e992515081df17ab458f,180912b5ee8c31ada71fcc9127b590c28a5291ca,持卡人消费,学苑楼商务网关,-3.5,152.72,5451,正常
2016/03/04 08:27:10,57e307f74a909eeb0265e992515081df17ab458f,180912b5ee8c31ada71fcc9127b590c28a5291ca,持卡人消费,学士楼商务网关,-2.2,150.52,5452,正常
2016/03/04 17:28:04,57e307f74a909eeb0265e992515081df17ab458f,180912b5ee8c31ada71fcc9127b590c28a5291ca,持卡人消费,学士楼商务网关,-3.3,147.22,5453,正常
2016/03/04 17:29:08,57e307f74a909eeb0265e992515081df17ab458f,180912b5ee8c31ada71fcc9127b590c28a5291ca,持卡人消费,学士楼商务网关,-2.5,144.72,5454,正常
2016/03/04 17:30:51,57e307f74a909eeb0265e992515081df17ab458f,180912b5ee8c31ada71fcc9127b590c28a5291ca,持卡人消费,学士楼商务网关,-1.0,143.72,5455,正常
2016/03/05 08:26:58,57e307f74a909eeb0265e992515081df17ab458f,180912b5ee8c31ada71fcc9127b590c28a5291ca,持卡人消费,学士楼商务网关,-2.2,141.52,5456,正常
2016/03/05 10:35:14,57e307f74a909eeb0265e992515081df17ab458f,180912b5ee8c31ada71fcc9127b590c28a5291ca,持卡人消费,学苑楼商务网关,-8.8,132.72,5457,正常
2016/03/05 16:32:45,57e307f74a909eeb0265e992515081df17ab458f,180912b5ee8c31ada71fcc9127b590c28a5291ca,持卡人消费,学苑楼商务网关,-1.46,131.26,5458,正常
2016/03/05 16:33:56,57e307f74a909eeb0265e992515081df17ab458f,180912b5ee8c31ada71fcc9127b590c28a5291ca,持卡人消费,学苑楼商务网关,-3.5,127.76,5459,正常
2016/03/06 07:32:44,57e307f74a909eeb0265e992515081df17ab458f,180912b5ee8c31ada71fcc9127b590c28a5291ca,持卡人消费,学士楼商务网关,-2.2,125.56,5460,正常
2016/03/06 11:08:00,57e307f74a909eeb0265e992515081df17ab458f,180912b5ee8c31ada71fcc9127b590c28a5291ca,持卡人消费,学士楼商务网关,-4.8,120.76,5461,正常
2016/03/06 11:09:15,57e307f74a909eeb0265e992515081df17ab458f,180912b5ee8c31ada71fcc9127b590c28a5291ca,持卡人消费,学士楼商务网关,-1.5,119.26,5462,正常
2016/03/06 17:11:36,57e307f74a909eeb0265e992515081df17ab458f,180912b5ee8c31ada71fcc9127b590c28a5291ca,持卡人消费,学士楼商务网关,-4.2,115.06,5463,正常
2016/03/06 17:12:27,57e307f74a909eeb0265e992515081df17ab458f,180912b5ee8c31ada71fcc9127b590c28a5291ca,持卡人消费,学士楼商务网关,-1.0,114.06,5464,正常
2016/03/06 17:13:21,57e307f74a909eeb0265e992515081df17ab458f,180912b5ee8c31ada71fcc9127b590c28a5291ca,持卡人消费,学士楼商务网关,-1.9,112.16,5465,正常
2016/03/07 07:31:49,57e307f74a909eeb0265e992515081df17ab458f,180912b5ee8c31ada71fcc9127b590c28a5291ca,持卡人消费,学士楼商务网关,-2.2,109.96,5466,正常
2016/03/07 11:41:44,57e307f74a909eeb0265e992515081df17ab458f,180912b5ee8c31ada71fcc9127b590c28a5291ca,持卡人消费,学士楼商务网关,-4.3,105.66,5467,正常
2016/03/07 11:42:20,57e307f74a909eeb0265e992515081df17ab458f,180912b5ee8c31ada71fcc9127b590c28a5291ca,持卡人消费,学士楼商务网关,-1.5,104.16,5468,正常
2016/03/07 11:52:40,57e307f74a909eeb0265e992515081df17ab458f,180912b5ee8c31ada71fcc9127b590c28a5291ca,持卡人消费,硕果园（工大商店）,-5.0,99.16,5469,正常
2016/03/07 11:52:55,57e307f74a909eeb0265e992515081df17ab458f,180912b5ee8c31ada71fcc9127b590c28a5291ca,持卡人消费,硕果园（工大商店）,-2.0,97.16,5470,正常
2016/03/07 11:53:35,57e307f74a909eeb0265e992515081df17ab458f,180912b5ee8c31ada71fcc9127b590c28a5291ca,持卡人消费,硕果园（工大商店）,-3.0,94.16,5471,正常
2016/03/07 17:21:05,57e307f74a909eeb0265e992515081df17ab458f,180912b5ee8c31ada71fcc9127b590c28a5291ca,持卡人消费,学苑楼商务网关,-1.76,92.40,5472,正常
2016/03/07 17:22:46,57e307f74a909eeb0265e992515081df17ab458f,180912b5ee8c31ada71fcc9127b590c28a5291ca,持卡人消费,学苑楼商务网关,-4.0,88.40,5473,正常
2016/03/08 08:23:33,57e307f74a909eeb0265e992515081df17ab458f,180912b5ee8c31ada71fcc9127b590c28a5291ca,持卡人消费,学士楼商务网关,-2.2,86.20,5474,正常
2016/03/08 11:15:53,57e307f74a909eeb0265e992515081df17ab458f,180912b5ee8c31ada71fcc9127b590c28a5291ca,持卡人消费,学苑楼商务网关,-6.0,80.20,5475,正常
2016/03/08 11:17:32,57e307f74a909eeb0265e992515081df17ab458f,180912b5ee8c31ada71fcc9127b590c28a5291ca,持卡人消费,学苑楼商务网关,-2.0,78.20,5476,正常
2016/03/08 11:28:18,57e307f74a909eeb0265e992515081df17ab458f,180912b5ee8c31ada71fcc9127b590c28a5291ca,持卡人消费,学苑楼商务网关,-0.63,77.57,5477,正常
2016/03/08 17:31:33,57e307f74a909eeb0265e992515081df17ab458f,180912b5ee8c31ada71fcc9127b590c28a5291ca,持卡人消费,学士楼商务网关,-4.8,72.77,5478,正常
2016/03/08 17:32:59,57e307f74a909eeb0265e992515081df17ab458f,180912b5ee8c31ada71fcc9127b590c28a5291ca,持卡人消费,学士楼商务网关,-1.9,70.87,5479,正常
2016/03/08 17:34:40,57e307f74a909eeb0265e992515081df17ab458f,180912b5ee8c31ada71fcc9127b590c28a5291ca,持卡人消费,学士楼商务网关,-1.0,69.87,5480,正常
2016/03/08 18:26:29,57e307f74a909eeb0265e992515081df17ab458f,180912b5ee8c31ada71fcc9127b590c28a5291ca,持卡人消费,一校区水控新,-1.9,67.97,5481,正常
2016/03/08 18:27:12,57e307f74a909eeb0265e992515081df17ab458f,180912b5ee8c31ada71fcc9127b590c28a5291ca,持卡人消费,一校区水控新,-0.06,67.91,5482,正常
2016/03/08 18:29:02,57e307f74a909eeb0265e992515081df17ab458f,180912b5ee8c31ada71fcc9127b590c28a5291ca,持卡人消费,一校区水控新,-0.19,67.72,5483,正常
2016/03/09 07:51:35,57e307f74a909eeb0265e992515081df17ab458f,180912b5ee8c31ada71fcc9127b590c28a5291ca,持卡人消费,学士楼商务网关,-2.4,65.32,5484,正常
2016/03/09 12:05:04,57e307f74a909eeb0265e992515081df17ab458f,180912b5ee8c31ada71fcc9127b590c28a5291ca,持卡人消费,硕果园（工大商店）,-9.0,56.32,5485,正常
2016/03/10 07:40:51,57e307f74a909eeb0265e992515081df17ab458f,180912b5ee8c31ada71fcc9127b590c28a5291ca,持卡人消费,学士楼商务网关,-2.2,54.12,5486,正常
2016/03/10 11:31:45,57e307f74a909eeb0265e992515081df17ab458f,180912b5ee8c31ada71fcc9127b590c28a5291ca,持卡人消费,学苑楼商务网关,-3.8,50.32,5487,正常
2016/03/10 11:33:02,57e307f74a909eeb0265e992515081df17ab458f,180912b5ee8c31ada71fcc9127b590c28a5291ca,持卡人消费,学苑楼商务网关,-9.0,41.32,5488,正常
2016/03/10 16:31:23,57e307f74a909eeb0265e992515081df17ab458f,180912b5ee8c31ada71fcc9127b590c28a5291ca,持卡人消费,学苑楼商务网关,-1.63,39.69,5489,正常
2016/03/10 16:33:06,57e307f74a909eeb0265e992515081df17ab458f,180912b5ee8c31ada71fcc9127b590c28a5291ca,持卡人消费,学苑楼商务网关,-3.5,36.19,5490,正常
2016/03/10 16:34:23,57e307f74a909eeb0265e992515081df17ab458f,180912b5ee8c31ada71fcc9127b590c28a5291ca,持卡人消费,学苑楼商务网关,-0.5,35.69,5491,正常
2016/03/10 16:43:20,57e307f74a909eeb0265e992515081df17ab458f,180912b5ee8c31ada71fcc9127b590c28a5291ca,持卡人消费,学苑楼商务网关,-2.6,33.09,5492,正常
2016/03/11 07:46:00,57e307f74a909eeb0265e992515081df17ab458f,180912b5ee8c31ada71fcc9127b590c28a5291ca,持卡人消费,学士楼商务网关,-1.8,31.29,5493,正常
2016/03/11 07:47:03,57e307f74a909eeb0265e992515081df17ab458f,180912b5ee8c31ada71fcc9127b590c28a5291ca,持卡人消费,学士楼商务网关,-0.5,30.79,5494,正常
2016/03/11 12:47:34,57e307f74a909eeb0265e992515081df17ab458f,180912b5ee8c31ada71fcc9127b590c28a5291ca,持卡人消费,超市商务子系统,-5.7,25.09,5495,正常
2016/03/11 17:06:45,57e307f74a909eeb0265e992515081df17ab458f,180912b5ee8c31ada71fcc9127b590c28a5291ca,持卡人消费,学士楼商务网关,-7.0,18.09,5496,正常
2016/03/12 08:17:20,57e307f74a909eeb0265e992515081df17ab458f,180912b5ee8c31ada71fcc9127b590c28a5291ca,持卡人消费,学士楼商务网关,-2.2,15.89,5497,正常
2016/03/12 10:28:08,57e307f74a909eeb0265e992515081df17ab458f,180912b5ee8c31ada71fcc9127b590c28a5291ca,存款,现金充值机,200.0,215.89,5498,正常
2016/03/12 10:46:51,57e307f74a909eeb0265e992515081df17ab458f,180912b5ee8c31ada71fcc9127b590c28a5291ca,持卡人消费,学苑楼商务网关,-6.8,209.09,5499,正常
2016/03/14 07:41:46,57e307f74a909eeb0265e992515081df17ab458f,180912b5ee8c31ada71fcc9127b590c28a5291ca,持卡人消费,学士楼商务网关,-2.2,189.66,5506,正常
2016/03/14 11:15:05,57e307f74a909eeb0265e992515081df17ab458f,180912b5ee8c31ada71fcc9127b590c28a5291ca,持卡人消费,学士楼商务网关,-4.8,184.86,5507,正常
2016/03/14 11:16:10,57e307f74a909eeb0265e992515081df17ab458f,180912b5ee8c31ada71fcc9127b590c28a5291ca,持卡人消费,学士楼商务网关,-2.5,182.36,5508,正常
2016/03/14 17:53:29,57e307f74a909eeb0265e992515081df17ab458f,180912b5ee8c31ada71fcc9127b590c28a5291ca,持卡人消费,学士楼商务网关,-3.6,178.76,5509,正常
2016/03/14 17:54:00,57e307f74a909eeb0265e992515081df17ab458f,180912b5ee8c31ada71fcc9127b590c28a5291ca,持卡人消费,学士楼商务网关,-1.0,177.76,5510,正常
2016/03/14 17:55:18,57e307f74a909eeb0265e992515081df17ab458f,180912b5ee8c31ada71fcc9127b590c28a5291ca,持卡人消费,学士楼商务网关,-1.3,176.46,5511,正常
2016/03/15 11:05:49,57e307f74a909eeb0265e992515081df17ab458f,180912b5ee8c31ada71fcc9127b590c28a5291ca,持卡人消费,南苑网关,-13.92,162.54,5512,正常
2016/03/15 17:31:01,57e307f74a909eeb0265e992515081df17ab458f,180912b5ee8c31ada71fcc9127b590c28a5291ca,持卡人消费,学士楼商务网关,-2.1,160.44,5513,正常
2016/03/15 17:31:25,57e307f74a909eeb0265e992515081df17ab458f,180912b5ee8c31ada71fcc9127b590c28a5291ca,持卡人消费,学士楼商务网关,-0.4,160.04,5514,正常
2016/03/15 17:34:12,57e307f74a909eeb0265e992515081df17ab458f,180912b5ee8c31ada71fcc9127b590c28a5291ca,持卡人消费,学士楼商务网关,-2.5,157.54,5515,正常
2016/03/15 18:01:16,57e307f74a909eeb0265e992515081df17ab458f,180912b5ee8c31ada71fcc9127b590c28a5291ca,持卡人消费,一校区水控新,-2.0,155.54,5516,正常
2016/03/15 18:08:13,57e307f74a909eeb0265e992515081df17ab458f,180912b5ee8c31ada71fcc9127b590c28a5291ca,持卡人消费,一校区水控新,-1.33,154.21,5518,正常
2016/03/15 18:24:13,57e307f74a909eeb0265e992515081df17ab458f,180912b5ee8c31ada71fcc9127b590c28a5291ca,持卡人消费,A2,-3.0,151.21,5519,正常
2016/03/16 08:12:52,57e307f74a909eeb0265e992515081df17ab458f,180912b5ee8c31ada71fcc9127b590c28a5291ca,持卡人消费,学士楼商务网关,-1.8,149.41,5520,正常
2016/03/16 08:13:48,57e307f74a909eeb0265e992515081df17ab458f,180912b5ee8c31ada71fcc9127b590c28a5291ca,持卡人消费,学士楼商务网关,-0.5,148.91,5521,正常
2016/03/16 10:52:08,57e307f74a909eeb0265e992515081df17ab458f,180912b5ee8c31ada71fcc9127b590c28a5291ca,持卡人消费,学士楼商务网关,-1.0,147.91,5522,正常
2016/03/16 10:52:32,57e307f74a909eeb0265e992515081df17ab458f,180912b5ee8c31ada71fcc9127b590c28a5291ca,持卡人消费,学士楼商务网关,-4.8,143.11,5523,正常
2016/03/16 17:29:17,57e307f74a909eeb0265e992515081df17ab458f,180912b5ee8c31ada71fcc9127b590c28a5291ca,持卡人消费,学苑楼商务网关,-1.4,141.71,5524,正常
2016/03/16 17:30:30,57e307f74a909eeb0265e992515081df17ab458f,180912b5ee8c31ada71fcc9127b590c28a5291ca,持卡人消费,学苑楼商务网关,-4.0,137.71,5525,正常
2016/03/17 07:20:55,57e307f74a909eeb0265e992515081df17ab458f,180912b5ee8c31ada71fcc9127b590c28a5291ca,持卡人消费,学士楼商务网关,-2.2,135.51,5526,正常
2016/03/17 12:06:18,57e307f74a909eeb0265e992515081df17ab458f,180912b5ee8c31ada71fcc9127b590c28a5291ca,持卡人消费,学苑楼商务网关,-4.8,130.71,5527,正常
2016/03/17 12:07:49,57e307f74a909eeb0265e992515081df17ab458f,180912b5ee8c31ada71fcc9127b590c28a5291ca,持卡人消费,学苑楼商务网关,-2.5,128.21,5528,正常
2016/03/17 16:30:23,57e307f74a909eeb0265e992515081df17ab458f,180912b5ee8c31ada71fcc9127b590c28a5291ca,持卡人消费,学苑楼商务网关,-2.03,126.18,5529,正常
2016/03/17 16:31:48,57e307f74a909eeb0265e992515081df17ab458f,180912b5ee8c31ada71fcc9127b590c28a5291ca,持卡人消费,学苑楼商务网关,-3.5,122.68,5530,正常
2016/03/17 20:23:48,57e307f74a909eeb0265e992515081df17ab458f,180912b5ee8c31ada71fcc9127b590c28a5291ca,持卡人消费,硕果园（工大商店）,-7.0,115.68,5531,正常
2016/03/17 20:24:44,57e307f74a909eeb0265e992515081df17ab458f,180912b5ee8c31ada71fcc9127b590c28a5291ca,持卡人消费,硕果园（工大商店）,-3.0,112.68,5532,正常
2016/03/17 20:26:28,57e307f74a909eeb0265e992515081df17ab458f,180912b5ee8c31ada71fcc9127b590c28a5291ca,持卡人消费,硕果园（工大商店）,-5.0,107.68,5533,正常
2016/03/18 07:51:49,57e307f74a909eeb0265e992515081df17ab458f,180912b5ee8c31ada71fcc9127b590c28a5291ca,持卡人消费,学士楼商务网关,-2.4,105.28,5534,正常
2016/03/18 17:17:04,57e307f74a909eeb0265e992515081df17ab458f,180912b5ee8c31ada71fcc9127b590c28a5291ca,持卡人消费,学士楼商务网关,-3.5,101.78,5535,正常
2016/03/18 17:17:59,57e307f74a909eeb0265e992515081df17ab458f,180912b5ee8c31ada71fcc9127b590c28a5291ca,持卡人消费,学士楼商务网关,-1.3,100.48,5536,正常
2016/03/18 17:19:26,57e307f74a909eeb0265e992515081df17ab458f,180912b5ee8c31ada71fcc9127b590c28a5291ca,持卡人消费,学士楼商务网关,-1.0,99.48,5537,正常
2016/03/19 10:39:06,57e307f74a909eeb0265e992515081df17ab458f,180912b5ee8c31ada71fcc9127b590c28a5291ca,持卡人消费,学苑楼商务网关,-4.8,94.68,5538,正常
2016/03/19 10:40:20,57e307f74a909eeb0265e992515081df17ab458f,180912b5ee8c31ada71fcc9127b590c28a5291ca,持卡人消费,学苑楼商务网关,-3.0,91.68,5539,正常
2016/03/19 17:06:00,57e307f74a909eeb0265e992515081df17ab458f,180912b5ee8c31ada71fcc9127b590c28a5291ca,持卡人消费,学苑楼商务网关,-2.9,88.78,5540,正常
2016/03/19 17:06:12,57e307f74a909eeb0265e992515081df17ab458f,180912b5ee8c31ada71fcc9127b590c28a5291ca,持卡人消费,学苑楼商务网关,-5.0,83.78,5541,正常
2016/03/19 17:08:06,57e307f74a909eeb0265e992515081df17ab458f,180912b5ee8c31ada71fcc9127b590c28a5291ca,持卡人消费,学苑楼商务网关,-1.5,82.28,5542,正常
2016/03/20 07:32:38,57e307f74a909eeb0265e992515081df17ab458f,180912b5ee8c31ada71fcc9127b590c28a5291ca,持卡人消费,学士楼商务网关,-2.4,79.88,5543,正常
2016/03/20 10:46:34,57e307f74a909eeb0265e992515081df17ab458f,180912b5ee8c31ada71fcc9127b590c28a5291ca,持卡人消费,学苑楼商务网关,-2.5,77.38,5544,正常
2016/03/20 10:46:47,57e307f74a909eeb0265e992515081df17ab458f,180912b5ee8c31ada71fcc9127b590c28a5291ca,持卡人消费,学苑楼商务网关,-0.8,76.58,5545,正常
2016/03/20 10:47:38,57e307f74a909eeb0265e992515081df17ab458f,180912b5ee8c31ada71fcc9127b590c28a5291ca,持卡人消费,学苑楼商务网关,-8.0,68.58,5546,正常
2016/03/21 07:59:41,57e307f74a909eeb0265e992515081df17ab458f,180912b5ee8c31ada71fcc9127b590c28a5291ca,持卡人消费,学士楼商务网关,-2.2,66.38,5547,正常
2016/03/21 11:15:41,57e307f74a909eeb0265e992515081df17ab458f,180912b5ee8c31ada71fcc9127b590c28a5291ca,持卡人消费,学士楼商务网关,-4.8,61.58,5548,正常
2016/03/21 11:16:29,57e307f74a909eeb0265e992515081df17ab458f,180912b5ee8c31ada71fcc9127b590c28a5291ca,持卡人消费,学士楼商务网关,-2.5,59.08,5549,正常
2016/03/21 17:11:04,57e307f74a909eeb0265e992515081df17ab458f,180912b5ee8c31ada71fcc9127b590c28a5291ca,持卡人消费,硕果园（工大商店）,-12.0,47.08,5550,正常
2016/03/22 08:07:30,57e307f74a909eeb0265e992515081df17ab458f,180912b5ee8c31ada71fcc9127b590c28a5291ca,持卡人消费,学士楼商务网关,-2.2,44.88,5551,正常
2016/03/22 11:12:08,57e307f74a909eeb0265e992515081df17ab458f,180912b5ee8c31ada71fcc9127b590c28a5291ca,持卡人消费,学士楼商务网关,-5.5,39.38,5552,正常
2016/03/22 11:13:19,57e307f74a909eeb0265e992515081df17ab458f,180912b5ee8c31ada71fcc9127b590c28a5291ca,持卡人消费,学士楼商务网关,-0.8,38.58,5553,正常
2016/03/22 11:23:42,57e307f74a909eeb0265e992515081df17ab458f,180912b5ee8c31ada71fcc9127b590c28a5291ca,持卡人消费,硕果园（工大商店）,-10.0,28.58,5554,正常
2016/03/22 11:25:19,57e307f74a909eeb0265e992515081df17ab458f,180912b5ee8c31ada71fcc9127b590c28a5291ca,持卡人消费,硕果园（工大商店）,-5.0,23.58,5555,正常
2016/03/22 11:27:33,57e307f74a909eeb0265e992515081df17ab458f,180912b5ee8c31ada71fcc9127b590c28a5291ca,持卡人消费,硕果园（工大商店）,-5.0,18.58,5556,正常
2016/03/22 16:56:08,57e307f74a909eeb0265e992515081df17ab458f,180912b5ee8c31ada71fcc9127b590c28a5291ca,持卡人消费,学士楼商务网关,-4.2,14.38,5557,正常
2016/03/22 16:57:18,57e307f74a909eeb0265e992515081df17ab458f,180912b5ee8c31ada71fcc9127b590c28a5291ca,持卡人消费,学士楼商务网关,-1.0,13.38,5558,正常
2016/03/22 16:58:49,57e307f74a909eeb0265e992515081df17ab458f,180912b5ee8c31ada71fcc9127b590c28a5291ca,持卡人消费,学士楼商务网关,-1.4,11.98,5559,正常
2016/03/22 18:31:49,57e307f74a909eeb0265e992515081df17ab458f,180912b5ee8c31ada71fcc9127b590c28a5291ca,持卡人消费,一校区水控新,-2.0,9.98,5560,正常
2016/03/22 18:35:53,57e307f74a909eeb0265e992515081df17ab458f,180912b5ee8c31ada71fcc9127b590c28a5291ca,持卡人消费,一校区水控新,-0.77,9.21,5562,正常
2016/03/23 08:35:14,57e307f74a909eeb0265e992515081df17ab458f,180912b5ee8c31ada71fcc9127b590c28a5291ca,持卡人消费,学士楼商务网关,-2.2,7.01,5563,正常
2016/03/23 08:28:49,57e307f74a909eeb0265e992515081df17ab458f,180912b5ee8c31ada71fcc9127b590c28a5291ca,存款,现金充值机,200.0,207.01,5564,正常
2016/03/23 11:42:44,57e307f74a909eeb0265e992515081df17ab458f,180912b5ee8c31ada71fcc9127b590c28a5291ca,持卡人消费,学士楼商务网关,-2.8,204.21,5565,正常
2016/03/23 11:42:52,57e307f74a909eeb0265e992515081df17ab458f,180912b5ee8c31ada71fcc9127b590c28a5291ca,持卡人消费,学士楼商务网关,-4.0,200.21,5566,正常
2016/03/23 17:04:56,57e307f74a909eeb0265e992515081df17ab458f,180912b5ee8c31ada71fcc9127b590c28a5291ca,持卡人消费,学苑楼商务网关,-1.8,198.41,5567,正常
2016/03/23 17:06:11,57e307f74a909eeb0265e992515081df17ab458f,180912b5ee8c31ada71fcc9127b590c28a5291ca,持卡人消费,学苑楼商务网关,-3.0,195.41,5568,正常
2016/03/24 07:07:18,57e307f74a909eeb0265e992515081df17ab458f,180912b5ee8c31ada71fcc9127b590c28a5291ca,持卡人消费,学士楼商务网关,-2.7,192.71,5569,正常
2016/03/24 12:10:41,57e307f74a909eeb0265e992515081df17ab458f,180912b5ee8c31ada71fcc9127b590c28a5291ca,持卡人消费,硕果园（工大商店）,-9.0,183.71,5570,正常
2016/03/24 16:33:18,57e307f74a909eeb0265e992515081df17ab458f,180912b5ee8c31ada71fcc9127b590c28a5291ca,持卡人消费,学苑楼商务网关,-1.26,182.45,5571,正常
2016/03/24 16:34:32,57e307f74a909eeb0265e992515081df17ab458f,180912b5ee8c31ada71fcc9127b590c28a5291ca,持卡人消费,学苑楼商务网关,-1.5,180.95,5572,正常
2016/03/24 16:35:06,57e307f74a909eeb0265e992515081df17ab458f,180912b5ee8c31ada71fcc9127b590c28a5291ca,持卡人消费,学苑楼商务网关,-2.0,178.95,5573,正常
2016/03/24 16:38:12,57e307f74a909eeb0265e992515081df17ab458f,180912b5ee8c31ada71fcc9127b590c28a5291ca,持卡人消费,学苑楼商务网关,-0.5,178.45,5574,正常
2016/03/25 07:40:43,57e307f74a909eeb0265e992515081df17ab458f,180912b5ee8c31ada71fcc9127b590c28a5291ca,持卡人消费,学士楼商务网关,-1.8,176.65,5575,正常
2016/03/25 07:41:36,57e307f74a909eeb0265e992515081df17ab458f,180912b5ee8c31ada71fcc9127b590c28a5291ca,持卡人消费,学士楼商务网关,-0.5,176.15,5576,正常
2016/03/25 11:05:17,57e307f74a909eeb0265e992515081df17ab458f,180912b5ee8c31ada71fcc9127b590c28a5291ca,持卡人消费,学士楼商务网关,-7.3,168.85,5577,正常
2016/03/25 17:10:14,57e307f74a909eeb0265e992515081df17ab458f,180912b5ee8c31ada71fcc9127b590c28a5291ca,持卡人消费,学士楼商务网关,-6.9,161.95,5578,正常
2016/03/26 07:38:21,57e307f74a909eeb0265e992515081df17ab458f,180912b5ee8c31ada71fcc9127b590c28a5291ca,持卡人消费,学士楼商务网关,-2.4,159.55,5579,正常
2016/03/26 11:04:14,57e307f74a909eeb0265e992515081df17ab458f,180912b5ee8c31ada71fcc9127b590c28a5291ca,持卡人消费,学士楼商务网关,-8.8,150.75,5580,正常
2016/03/26 17:06:28,57e307f74a909eeb0265e992515081df17ab458f,180912b5ee8c31ada71fcc9127b590c28a5291ca,持卡人消费,学士楼商务网关,-3.52,147.23,5581,正常
2016/03/26 17:07:54,57e307f74a909eeb0265e992515081df17ab458f,180912b5ee8c31ada71fcc9127b590c28a5291ca,持卡人消费,学士楼商务网关,-1.9,145.33,5582,正常
2016/03/26 17:08:49,57e307f74a909eeb0265e992515081df17ab458f,180912b5ee8c31ada71fcc9127b590c28a5291ca,持卡人消费,学士楼商务网关,-1.0,144.33,5583,正常
2016/03/26 17:13:31,57e307f74a909eeb0265e992515081df17ab458f,180912b5ee8c31ada71fcc9127b590c28a5291ca,持卡人消费,学士楼商务网关,-4.6,139.73,5584,正常
2016/03/26 17:13:59,57e307f74a909eeb0265e992515081df17ab458f,180912b5ee8c31ada71fcc9127b590c28a5291ca,持卡人消费,学士楼商务网关,-1.0,138.73,5585,正常
2016/03/27 07:31:04,57e307f74a909eeb0265e992515081df17ab458f,180912b5ee8c31ada71fcc9127b590c28a5291ca,持卡人消费,学士楼商务网关,-2.2,136.53,5586,正常
2016/03/27 10:51:15,57e307f74a909eeb0265e992515081df17ab458f,180912b5ee8c31ada71fcc9127b590c28a5291ca,持卡人消费,学士楼商务网关,-4.8,131.73,5587,正常
2016/03/27 10:52:30,57e307f74a909eeb0265e992515081df17ab458f,180912b5ee8c31ada71fcc9127b590c28a5291ca,持卡人消费,学士楼商务网关,-2.5,129.23,5588,正常
2016/03/27 17:05:34,57e307f74a909eeb0265e992515081df17ab458f,180912b5ee8c31ada71fcc9127b590c28a5291ca,持卡人消费,学苑楼商务网关,-2.03,127.20,5589,正常
2016/03/27 17:06:39,57e307f74a909eeb0265e992515081df17ab458f,180912b5ee8c31ada71fcc9127b590c28a5291ca,持卡人消费,学苑楼商务网关,-1.5,125.70,5590,正常
2016/03/27 17:07:58,57e307f74a909eeb0265e992515081df17ab458f,180912b5ee8c31ada71fcc9127b590c28a5291ca,持卡人消费,学苑楼商务网关,-1.5,124.20,5591,正常
2016/03/28 08:30:03,57e307f74a909eeb0265e992515081df17ab458f,180912b5ee8c31ada71fcc9127b590c28a5291ca,持卡人消费,学士楼商务网关,-2.2,122.00,5592,正常
2016/03/28 09:51:49,57e307f74a909eeb0265e992515081df17ab458f,180912b5ee8c31ada71fcc9127b590c28a5291ca,持卡人消费,身份前置机,-0.28,121.72,5593,正常
2016/03/28 11:05:18,57e307f74a909eeb0265e992515081df17ab458f,180912b5ee8c31ada71fcc9127b590c28a5291ca,持卡人消费,学士楼商务网关,-3.0,118.72,5594,正常
2016/03/28 11:06:31,57e307f74a909eeb0265e992515081df17ab458f,180912b5ee8c31ada71fcc9127b590c28a5291ca,持卡人消费,学士楼商务网关,-4.8,113.92,5595,正常
2016/03/28 17:07:01,57e307f74a909eeb0265e992515081df17ab458f,180912b5ee8c31ada71fcc9127b590c28a5291ca,持卡人消费,学士楼商务网关,-3.0,110.92,5596,正常
2016/03/28 17:08:40,57e307f74a909eeb0265e992515081df17ab458f,180912b5ee8c31ada71fcc9127b590c28a5291ca,持卡人消费,学士楼商务网关,-1.9,109.02,5597,正常
2016/03/28 17:10:08,57e307f74a909eeb0265e992515081df17ab458f,180912b5ee8c31ada71fcc9127b590c28a5291ca,持卡人消费,学士楼商务网关,-1.0,108.02,5598,正常
2016/03/29 06:12:00,57e307f74a909eeb0265e992515081df17ab458f,180912b5ee8c31ada71fcc9127b590c28a5291ca,持卡人消费,硕果园（工大商店）,-5.0,103.02,5599,正常
2016/03/29 06:13:24,57e307f74a909eeb0265e992515081df17ab458f,180912b5ee8c31ada71fcc9127b590c28a5291ca,持卡人消费,学士楼商务网关,-1.0,102.02,5600,正常
2016/03/29 11:47:23,57e307f74a909eeb0265e992515081df17ab458f,180912b5ee8c31ada71fcc9127b590c28a5291ca,持卡人消费,学士楼商务网关,-2.5,99.52,5601,正常
2016/03/29 11:48:29,57e307f74a909eeb0265e992515081df17ab458f,180912b5ee8c31ada71fcc9127b590c28a5291ca,持卡人消费,学士楼商务网关,-3.8,95.72,5602,正常
2016/03/29 17:38:54,57e307f74a909eeb0265e992515081df17ab458f,180912b5ee8c31ada71fcc9127b590c28a5291ca,持卡人消费,学士楼商务网关,-2.0,93.72,5603,正常
2016/03/29 17:40:55,57e307f74a909eeb0265e992515081df17ab458f,180912b5ee8c31ada71fcc9127b590c28a5291ca,持卡人消费,学士楼商务网关,-1.9,91.82,5604,正常
2016/03/29 17:41:57,57e307f74a909eeb0265e992515081df17ab458f,180912b5ee8c31ada71fcc9127b590c28a5291ca,持卡人消费,学士楼商务网关,-2.0,89.82,5605,正常
2016/03/29 18:09:06,57e307f74a909eeb0265e992515081df17ab458f,180912b5ee8c31ada71fcc9127b590c28a5291ca,持卡人消费,一校区水控新,-2.0,87.82,5606,正常
2016/03/29 18:15:34,57e307f74a909eeb0265e992515081df17ab458f,180912b5ee8c31ada71fcc9127b590c28a5291ca,持卡人消费,一校区水控新,-1.23,86.59,5608,正常
2016/03/29 21:21:51,57e307f74a909eeb0265e992515081df17ab458f,180912b5ee8c31ada71fcc9127b590c28a5291ca,持卡人消费,超市商务子系统,-3.4,83.19,5609,正常
2016/03/30 06:06:54,57e307f74a909eeb0265e992515081df17ab458f,180912b5ee8c31ada71fcc9127b590c28a5291ca,持卡人消费,学士楼商务网关,-2.0,81.19,5610,正常
2016/03/30 12:32:00,57e307f74a909eeb0265e992515081df17ab458f,180912b5ee8c31ada71fcc9127b590c28a5291ca,持卡人消费,硕果园（工大商店）,-10.0,71.19,5611,正常
2016/03/30 16:44:49,57e307f74a909eeb0265e992515081df17ab458f,180912b5ee8c31ada71fcc9127b590c28a5291ca,持卡人消费,学苑楼商务网关,-2.13,69.06,5612,正常
2016/03/30 16:45:56,57e307f74a909eeb0265e992515081df17ab458f,180912b5ee8c31ada71fcc9127b590c28a5291ca,持卡人消费,学苑楼商务网关,-1.5,67.56,5613,正常
2016/03/30 16:46:31,57e307f74a909eeb0265e992515081df17ab458f,180912b5ee8c31ada71fcc9127b590c28a5291ca,持卡人消费,学苑楼商务网关,-2.0,65.56,5614,正常
2016/03/31 08:20:23,57e307f74a909eeb0265e992515081df17ab458f,180912b5ee8c31ada71fcc9127b590c28a5291ca,持卡人消费,学士楼商务网关,-2.2,63.36,5615,正常
2016/03/31 16:32:20,57e307f74a909eeb0265e992515081df17ab458f,180912b5ee8c31ada71fcc9127b590c28a5291ca,持卡人消费,学苑楼商务网关,-2.03,61.33,5616,正常
2016/03/31 16:34:41,57e307f74a909eeb0265e992515081df17ab458f,180912b5ee8c31ada71fcc9127b590c28a5291ca,持卡人消费,学苑楼商务网关,-3.5,57.83,5617,正常
