交易发生时间,学号,姓名,交易类型,子系统名称,交易额,现有余额,次数,状态
2016/03/01 11:24:22,1f4a22348db7cabf002a2882683f32edb7e7f6a1,1835cdc17894319325d9e7840bf094a3f1b392be,持卡人消费,硕果园（工大商店）,-11.0,66.14,4174,正常
2016/03/01 11:24:40,1f4a22348db7cabf002a2882683f32edb7e7f6a1,1835cdc17894319325d9e7840bf094a3f1b392be,持卡人消费,硕果园（工大商店）,-2.0,64.14,4175,正常
2016/03/01 18:35:29,1f4a22348db7cabf002a2882683f32edb7e7f6a1,1835cdc17894319325d9e7840bf094a3f1b392be,持卡人消费,一校区水控新,-1.71,62.43,4177,正常
2016/03/01 21:46:32,1f4a22348db7cabf002a2882683f32edb7e7f6a1,1835cdc17894319325d9e7840bf094a3f1b392be,持卡人消费,A1,-3.0,59.43,4178,正常
2016/03/02 11:47:48,1f4a22348db7cabf002a2882683f32edb7e7f6a1,1835cdc17894319325d9e7840bf094a3f1b392be,持卡人消费,硕果园（工大商店）,-12.0,47.43,4179,正常
2016/03/02 11:52:35,1f4a22348db7cabf002a2882683f32edb7e7f6a1,1835cdc17894319325d9e7840bf094a3f1b392be,持卡人消费,硕果园（工大商店）,-5.0,42.43,4180,正常
2016/03/02 20:36:40,1f4a22348db7cabf002a2882683f32edb7e7f6a1,1835cdc17894319325d9e7840bf094a3f1b392be,持卡人消费,一校区水控新,-1.97,40.46,4182,正常
2016/03/03 18:13:10,1f4a22348db7cabf002a2882683f32edb7e7f6a1,1835cdc17894319325d9e7840bf094a3f1b392be,持卡人消费,学士楼商务网关,-6.6,33.86,4183,正常
2016/03/03 18:13:36,1f4a22348db7cabf002a2882683f32edb7e7f6a1,1835cdc17894319325d9e7840bf094a3f1b392be,持卡人消费,学士楼商务网关,-1.5,32.36,4184,正常
2016/03/03 18:32:19,1f4a22348db7cabf002a2882683f32edb7e7f6a1,1835cdc17894319325d9e7840bf094a3f1b392be,持卡人消费,超市商务子系统,-1.8,30.56,4185,正常
2016/03/04 13:20:57,1f4a22348db7cabf002a2882683f32edb7e7f6a1,1835cdc17894319325d9e7840bf094a3f1b392be,持卡人消费,一校区水控新,-1.82,28.74,4187,正常
2016/03/04 17:15:03,1f4a22348db7cabf002a2882683f32edb7e7f6a1,1835cdc17894319325d9e7840bf094a3f1b392be,持卡人消费,硕果园（工大商店）,-10.0,18.74,4188,正常
2016/03/04 17:15:23,1f4a22348db7cabf002a2882683f32edb7e7f6a1,1835cdc17894319325d9e7840bf094a3f1b392be,持卡人消费,硕果园（工大商店）,-5.0,13.74,4189,正常
2016/03/05 16:59:05,1f4a22348db7cabf002a2882683f32edb7e7f6a1,1835cdc17894319325d9e7840bf094a3f1b392be,持卡人消费,学苑楼商务网关,-8.0,5.74,4190,正常
2016/03/05 17:00:33,1f4a22348db7cabf002a2882683f32edb7e7f6a1,1835cdc17894319325d9e7840bf094a3f1b392be,持卡人消费,学苑楼商务网关,-4.0,1.74,4191,正常
2016/03/05 17:25:05,1f4a22348db7cabf002a2882683f32edb7e7f6a1,1835cdc17894319325d9e7840bf094a3f1b392be,持卡人消费,超市商务子系统,-0.8,0.94,4192,正常
2016/03/10 10:25:19,1f4a22348db7cabf002a2882683f32edb7e7f6a1,1835cdc17894319325d9e7840bf094a3f1b392be,存款,现金充值机,100.0,100.94,4193,正常
2016/03/10 10:44:44,1f4a22348db7cabf002a2882683f32edb7e7f6a1,1835cdc17894319325d9e7840bf094a3f1b392be,持卡人消费,硕果园（工大商店）,-14.0,86.94,4194,正常
2016/03/10 10:52:31,1f4a22348db7cabf002a2882683f32edb7e7f6a1,1835cdc17894319325d9e7840bf094a3f1b392be,持卡人消费,硕果园（工大商店）,-5.0,81.94,4195,正常
2016/03/10 14:29:41,1f4a22348db7cabf002a2882683f32edb7e7f6a1,1835cdc17894319325d9e7840bf094a3f1b392be,持卡人消费,一校区水控新,-1.87,80.07,4196,正常
2016/03/11 12:04:04,1f4a22348db7cabf002a2882683f32edb7e7f6a1,1835cdc17894319325d9e7840bf094a3f1b392be,持卡人消费,硕果园（工大商店）,-15.0,65.07,4197,正常
2016/03/11 12:06:46,1f4a22348db7cabf002a2882683f32edb7e7f6a1,1835cdc17894319325d9e7840bf094a3f1b392be,持卡人消费,硕果园（工大商店）,-1.0,64.07,4198,正常
2016/03/11 20:28:33,1f4a22348db7cabf002a2882683f32edb7e7f6a1,1835cdc17894319325d9e7840bf094a3f1b392be,持卡人消费,一校区水控新,-1.66,62.41,4200,正常
2016/03/12 10:31:08,1f4a22348db7cabf002a2882683f32edb7e7f6a1,1835cdc17894319325d9e7840bf094a3f1b392be,持卡人消费,硕果园（工大商店）,-15.0,47.41,4201,正常
2016/03/12 10:37:20,1f4a22348db7cabf002a2882683f32edb7e7f6a1,1835cdc17894319325d9e7840bf094a3f1b392be,持卡人消费,硕果园（工大商店）,-5.0,42.41,4202,正常
2016/03/12 17:17:05,1f4a22348db7cabf002a2882683f32edb7e7f6a1,1835cdc17894319325d9e7840bf094a3f1b392be,持卡人消费,硕果园（工大商店）,-7.0,35.41,4203,正常
2016/03/12 20:01:14,1f4a22348db7cabf002a2882683f32edb7e7f6a1,1835cdc17894319325d9e7840bf094a3f1b392be,持卡人消费,一校区水控新,-1.82,33.59,4205,正常
2016/03/14 17:18:15,1f4a22348db7cabf002a2882683f32edb7e7f6a1,1835cdc17894319325d9e7840bf094a3f1b392be,持卡人消费,一校区水控新,-2.0,7.22,4210,正常
2016/03/15 23:16:08,1f4a22348db7cabf002a2882683f32edb7e7f6a1,1835cdc17894319325d9e7840bf094a3f1b392be,持卡人消费,A1,-3.0,4.22,4211,正常
2016/03/16 14:35:18,1f4a22348db7cabf002a2882683f32edb7e7f6a1,1835cdc17894319325d9e7840bf094a3f1b392be,持卡人消费,一校区水控新,-1.95,2.27,4213,正常
2016/03/16 14:38:25,1f4a22348db7cabf002a2882683f32edb7e7f6a1,1835cdc17894319325d9e7840bf094a3f1b392be,持卡人消费,一校区水控新,-0.56,1.71,4215,正常
2016/03/26 11:26:29,1f4a22348db7cabf002a2882683f32edb7e7f6a1,1835cdc17894319325d9e7840bf094a3f1b392be,存款,现金充值机,100.0,101.71,4216,正常
2016/03/26 11:45:30,1f4a22348db7cabf002a2882683f32edb7e7f6a1,1835cdc17894319325d9e7840bf094a3f1b392be,持卡人消费,硕果园（工大商店）,-9.0,92.71,4217,正常
2016/03/26 11:46:19,1f4a22348db7cabf002a2882683f32edb7e7f6a1,1835cdc17894319325d9e7840bf094a3f1b392be,持卡人消费,硕果园（工大商店）,-5.0,87.71,4218,正常
2016/03/27 20:32:21,1f4a22348db7cabf002a2882683f32edb7e7f6a1,1835cdc17894319325d9e7840bf094a3f1b392be,持卡人消费,一校区水控新,-0.06,87.65,4219,正常
2016/03/27 20:41:08,1f4a22348db7cabf002a2882683f32edb7e7f6a1,1835cdc17894319325d9e7840bf094a3f1b392be,持卡人消费,一校区水控新,-1.64,86.01,4220,正常
2016/03/29 11:36:43,1f4a22348db7cabf002a2882683f32edb7e7f6a1,1835cdc17894319325d9e7840bf094a3f1b392be,持卡人消费,硕果园（工大商店）,-12.0,74.01,4221,正常
2016/03/29 20:41:29,1f4a22348db7cabf002a2882683f32edb7e7f6a1,1835cdc17894319325d9e7840bf094a3f1b392be,持卡人消费,一校区水控新,-1.97,72.04,4223,正常
2016/03/29 20:44:09,1f4a22348db7cabf002a2882683f32edb7e7f6a1,1835cdc17894319325d9e7840bf094a3f1b392be,持卡人消费,一校区水控新,-0.48,71.56,4225,正常
2016/03/29 20:50:27,1f4a22348db7cabf002a2882683f32edb7e7f6a1,1835cdc17894319325d9e7840bf094a3f1b392be,持卡人消费,A1,-3.0,68.56,4226,正常
2016/03/30 20:19:52,1f4a22348db7cabf002a2882683f32edb7e7f6a1,1835cdc17894319325d9e7840bf094a3f1b392be,持卡人消费,一校区水控新,-1.84,66.72,4228,正常
2016/03/31 20:48:22,1f4a22348db7cabf002a2882683f32edb7e7f6a1,1835cdc17894319325d9e7840bf094a3f1b392be,持卡人消费,一校区水控新,-2.0,64.72,4229,正常
