交易发生时间,学号,姓名,交易类型,子系统名称,交易额,现有余额,次数,状态
2016/03/05 17:02:15,4b93ee7e7297b4024a5bff40c1e8edbf46f8754e,18630b80f758000aa1296faaf8e3ddda707ec7f1,存款,学苑楼综合业务3,200.0,200.17,3406,正常
2016/03/05 17:04:27,4b93ee7e7297b4024a5bff40c1e8edbf46f8754e,18630b80f758000aa1296faaf8e3ddda707ec7f1,持卡人消费,学苑楼商务网关,-8.0,192.17,3407,正常
2016/03/05 17:23:00,4b93ee7e7297b4024a5bff40c1e8edbf46f8754e,18630b80f758000aa1296faaf8e3ddda707ec7f1,持卡人消费,硕果园（工大商店）,-20.0,172.17,3408,正常
2016/03/05 17:29:23,4b93ee7e7297b4024a5bff40c1e8edbf46f8754e,18630b80f758000aa1296faaf8e3ddda707ec7f1,持卡人消费,A2,-6.0,166.17,3409,正常
2016/03/06 13:55:36,4b93ee7e7297b4024a5bff40c1e8edbf46f8754e,18630b80f758000aa1296faaf8e3ddda707ec7f1,持卡人消费,一校区水控新,-0.21,165.96,3411,正常
2016/03/06 14:04:30,4b93ee7e7297b4024a5bff40c1e8edbf46f8754e,18630b80f758000aa1296faaf8e3ddda707ec7f1,持卡人消费,一校区水控新,-1.38,164.58,3413,正常
2016/03/06 20:33:25,4b93ee7e7297b4024a5bff40c1e8edbf46f8754e,18630b80f758000aa1296faaf8e3ddda707ec7f1,持卡人消费,超市商务子系统,-0.9,163.68,3414,正常
2016/03/12 12:18:59,4b93ee7e7297b4024a5bff40c1e8edbf46f8754e,18630b80f758000aa1296faaf8e3ddda707ec7f1,持卡人消费,学士楼商务网关,-10.0,153.68,3415,正常
2016/03/12 12:58:13,4b93ee7e7297b4024a5bff40c1e8edbf46f8754e,18630b80f758000aa1296faaf8e3ddda707ec7f1,持卡人消费,超市商务子系统,-1.9,151.78,3416,正常
2016/03/12 13:16:48,4b93ee7e7297b4024a5bff40c1e8edbf46f8754e,18630b80f758000aa1296faaf8e3ddda707ec7f1,持卡人消费,一校区水控新,-0.45,151.33,3418,正常
2016/03/12 13:24:00,4b93ee7e7297b4024a5bff40c1e8edbf46f8754e,18630b80f758000aa1296faaf8e3ddda707ec7f1,持卡人消费,一校区水控新,-1.07,150.26,3420,正常
2016/03/12 13:25:14,4b93ee7e7297b4024a5bff40c1e8edbf46f8754e,18630b80f758000aa1296faaf8e3ddda707ec7f1,持卡人消费,一校区水控新,-0.02,150.24,3422,正常
2016/03/12 13:39:18,4b93ee7e7297b4024a5bff40c1e8edbf46f8754e,18630b80f758000aa1296faaf8e3ddda707ec7f1,持卡人消费,A2,-3.0,147.24,3423,正常
2016/03/14 18:41:33,4b93ee7e7297b4024a5bff40c1e8edbf46f8754e,18630b80f758000aa1296faaf8e3ddda707ec7f1,持卡人消费,硕果园（工大商店）,-9.0,138.24,3424,正常
2016/03/16 18:05:11,4b93ee7e7297b4024a5bff40c1e8edbf46f8754e,18630b80f758000aa1296faaf8e3ddda707ec7f1,持卡人消费,硕果园（工大商店）,-10.0,128.24,3425,正常
2016/03/17 10:12:30,4b93ee7e7297b4024a5bff40c1e8edbf46f8754e,18630b80f758000aa1296faaf8e3ddda707ec7f1,持卡人消费,硕果园（工大商店）,-10.0,118.24,3426,正常
2016/03/17 10:21:42,4b93ee7e7297b4024a5bff40c1e8edbf46f8754e,18630b80f758000aa1296faaf8e3ddda707ec7f1,持卡人消费,硕果园（工大商店）,-2.0,116.24,3427,正常
2016/03/18 12:04:04,4b93ee7e7297b4024a5bff40c1e8edbf46f8754e,18630b80f758000aa1296faaf8e3ddda707ec7f1,持卡人消费,硕果园（工大商店）,-9.0,107.24,3428,正常
2016/03/19 18:22:08,4b93ee7e7297b4024a5bff40c1e8edbf46f8754e,18630b80f758000aa1296faaf8e3ddda707ec7f1,持卡人消费,一校区水控新,-0.21,107.03,3430,正常
2016/03/19 18:23:29,4b93ee7e7297b4024a5bff40c1e8edbf46f8754e,18630b80f758000aa1296faaf8e3ddda707ec7f1,持卡人消费,一校区水控新,-0.02,107.01,3432,正常
2016/03/19 18:28:32,4b93ee7e7297b4024a5bff40c1e8edbf46f8754e,18630b80f758000aa1296faaf8e3ddda707ec7f1,持卡人消费,一校区水控新,-0.88,106.13,3434,正常
2016/03/19 18:33:22,4b93ee7e7297b4024a5bff40c1e8edbf46f8754e,18630b80f758000aa1296faaf8e3ddda707ec7f1,持卡人消费,一校区水控新,-0.43,105.70,3436,正常
2016/03/19 18:34:55,4b93ee7e7297b4024a5bff40c1e8edbf46f8754e,18630b80f758000aa1296faaf8e3ddda707ec7f1,持卡人消费,一校区水控新,-0.02,105.68,3438,正常
2016/03/19 18:47:30,4b93ee7e7297b4024a5bff40c1e8edbf46f8754e,18630b80f758000aa1296faaf8e3ddda707ec7f1,持卡人消费,硕果园（工大商店）,-10.0,95.68,3439,正常
2016/03/19 18:48:51,4b93ee7e7297b4024a5bff40c1e8edbf46f8754e,18630b80f758000aa1296faaf8e3ddda707ec7f1,持卡人消费,硕果园（工大商店）,-12.0,83.68,3440,正常
2016/03/20 17:59:00,4b93ee7e7297b4024a5bff40c1e8edbf46f8754e,18630b80f758000aa1296faaf8e3ddda707ec7f1,持卡人消费,硕果园（工大商店）,-10.0,73.68,3441,正常
2016/03/21 09:52:48,4b93ee7e7297b4024a5bff40c1e8edbf46f8754e,18630b80f758000aa1296faaf8e3ddda707ec7f1,持卡人消费,硕果园（工大商店）,-8.0,65.68,3442,正常
2016/03/21 09:56:07,4b93ee7e7297b4024a5bff40c1e8edbf46f8754e,18630b80f758000aa1296faaf8e3ddda707ec7f1,持卡人消费,硕果园（工大商店）,-1.0,64.68,3443,正常
2016/03/22 17:35:31,4b93ee7e7297b4024a5bff40c1e8edbf46f8754e,18630b80f758000aa1296faaf8e3ddda707ec7f1,持卡人消费,学士楼商务网关,-3.8,60.88,3444,正常
2016/03/22 17:35:40,4b93ee7e7297b4024a5bff40c1e8edbf46f8754e,18630b80f758000aa1296faaf8e3ddda707ec7f1,持卡人消费,学士楼商务网关,-4.0,56.88,3445,正常
2016/03/22 17:48:09,4b93ee7e7297b4024a5bff40c1e8edbf46f8754e,18630b80f758000aa1296faaf8e3ddda707ec7f1,持卡人消费,硕果园（工大商店）,-10.0,46.88,3446,正常
2016/03/25 16:57:47,4b93ee7e7297b4024a5bff40c1e8edbf46f8754e,18630b80f758000aa1296faaf8e3ddda707ec7f1,持卡人消费,一校区水控新,-0.27,46.61,3448,正常
2016/03/25 17:06:01,4b93ee7e7297b4024a5bff40c1e8edbf46f8754e,18630b80f758000aa1296faaf8e3ddda707ec7f1,持卡人消费,一校区水控新,-1.54,45.07,3450,正常
2016/03/25 17:10:47,4b93ee7e7297b4024a5bff40c1e8edbf46f8754e,18630b80f758000aa1296faaf8e3ddda707ec7f1,持卡人消费,一校区水控新,-0.77,44.30,3452,正常
2016/03/28 11:49:41,4b93ee7e7297b4024a5bff40c1e8edbf46f8754e,18630b80f758000aa1296faaf8e3ddda707ec7f1,持卡人消费,学士楼商务网关,-6.1,38.20,3453,正常
2016/03/28 11:51:08,4b93ee7e7297b4024a5bff40c1e8edbf46f8754e,18630b80f758000aa1296faaf8e3ddda707ec7f1,持卡人消费,学士楼商务网关,-2.4,35.80,3454,正常
