交易发生时间,学号,姓名,交易类型,子系统名称,交易额,现有余额,次数,状态
2016/03/06 12:46:52,6f9597c5bf8fdeedd36b48e0d09240fc39d770bd,18740b232b2725de55b1098b35cc0ac02739647d,存款,现金充值机,200.0,200.81,2719,正常
2016/03/06 13:16:17,6f9597c5bf8fdeedd36b48e0d09240fc39d770bd,18740b232b2725de55b1098b35cc0ac02739647d,持卡人消费,一校区水控新,-0.33,200.48,2720,正常
2016/03/06 13:18:45,6f9597c5bf8fdeedd36b48e0d09240fc39d770bd,18740b232b2725de55b1098b35cc0ac02739647d,持卡人消费,一校区水控新,-0.43,200.05,2721,正常
2016/03/06 13:27:48,6f9597c5bf8fdeedd36b48e0d09240fc39d770bd,18740b232b2725de55b1098b35cc0ac02739647d,持卡人消费,一校区水控新,-1.44,198.61,2722,正常
2016/03/06 13:40:07,6f9597c5bf8fdeedd36b48e0d09240fc39d770bd,18740b232b2725de55b1098b35cc0ac02739647d,持卡人消费,一校区水控新,-2.0,196.61,2723,正常
2016/03/06 14:01:37,6f9597c5bf8fdeedd36b48e0d09240fc39d770bd,18740b232b2725de55b1098b35cc0ac02739647d,持卡人消费,超市商务子系统,-4.3,192.31,2724,正常
2016/03/20 15:52:15,6f9597c5bf8fdeedd36b48e0d09240fc39d770bd,18740b232b2725de55b1098b35cc0ac02739647d,持卡人消费,一校区水控新,-2.0,164.54,2730,正常
2016/03/20 16:03:42,6f9597c5bf8fdeedd36b48e0d09240fc39d770bd,18740b232b2725de55b1098b35cc0ac02739647d,持卡人消费,一校区水控新,-2.0,162.54,2731,正常
2016/03/20 16:05:04,6f9597c5bf8fdeedd36b48e0d09240fc39d770bd,18740b232b2725de55b1098b35cc0ac02739647d,持卡人消费,一校区水控新,-0.22,162.32,2732,正常
2016/03/22 19:07:12,6f9597c5bf8fdeedd36b48e0d09240fc39d770bd,18740b232b2725de55b1098b35cc0ac02739647d,持卡人消费,超市商务子系统,-19.3,143.02,2733,正常
2016/03/23 07:54:10,6f9597c5bf8fdeedd36b48e0d09240fc39d770bd,18740b232b2725de55b1098b35cc0ac02739647d,持卡人消费,学苑楼商务网关,-2.0,141.02,2734,正常
2016/03/27 14:00:56,6f9597c5bf8fdeedd36b48e0d09240fc39d770bd,18740b232b2725de55b1098b35cc0ac02739647d,持卡人消费,学士楼商务网关,-1.0,140.02,2735,正常
2016/03/27 14:01:13,6f9597c5bf8fdeedd36b48e0d09240fc39d770bd,18740b232b2725de55b1098b35cc0ac02739647d,持卡人消费,学士楼商务网关,-2.0,138.02,2736,正常
2016/03/27 14:02:29,6f9597c5bf8fdeedd36b48e0d09240fc39d770bd,18740b232b2725de55b1098b35cc0ac02739647d,持卡人消费,学士楼商务网关,-0.6,137.42,2737,正常
2016/03/27 14:03:27,6f9597c5bf8fdeedd36b48e0d09240fc39d770bd,18740b232b2725de55b1098b35cc0ac02739647d,持卡人消费,学士楼商务网关,-6.0,131.42,2738,正常
2016/03/27 19:17:16,6f9597c5bf8fdeedd36b48e0d09240fc39d770bd,18740b232b2725de55b1098b35cc0ac02739647d,持卡人消费,学士楼商务网关,-2.5,128.92,2739,正常
2016/03/27 19:17:26,6f9597c5bf8fdeedd36b48e0d09240fc39d770bd,18740b232b2725de55b1098b35cc0ac02739647d,持卡人消费,学士楼商务网关,-0.5,128.42,2740,正常
2016/03/27 19:18:06,6f9597c5bf8fdeedd36b48e0d09240fc39d770bd,18740b232b2725de55b1098b35cc0ac02739647d,持卡人消费,学士楼商务网关,-5.5,122.92,2741,正常
2016/03/27 19:19:21,6f9597c5bf8fdeedd36b48e0d09240fc39d770bd,18740b232b2725de55b1098b35cc0ac02739647d,持卡人消费,学士楼商务网关,-1.5,121.42,2742,正常
2016/03/27 19:32:01,6f9597c5bf8fdeedd36b48e0d09240fc39d770bd,18740b232b2725de55b1098b35cc0ac02739647d,持卡人消费,硕果园（工大商店）,-3.6,117.82,2743,正常
