交易发生时间,学号,姓名,交易类型,子系统名称,交易额,现有余额,次数,状态
2016/03/01 11:14:28,4cd8db29baf7e24f062297a24e8278f498c5c332,188532c9570757456baf8ac43fd5cb354c793fb4,持卡人消费,学苑楼商务网关,-8.8,107.76,2662,正常
2016/03/01 17:06:29,4cd8db29baf7e24f062297a24e8278f498c5c332,188532c9570757456baf8ac43fd5cb354c793fb4,持卡人消费,学苑楼商务网关,-9.0,98.76,2663,正常
2016/03/03 11:09:45,4cd8db29baf7e24f062297a24e8278f498c5c332,188532c9570757456baf8ac43fd5cb354c793fb4,持卡人消费,学苑楼商务网关,-9.0,89.76,2664,正常
2016/03/04 11:23:33,4cd8db29baf7e24f062297a24e8278f498c5c332,188532c9570757456baf8ac43fd5cb354c793fb4,持卡人消费,学苑楼商务网关,-4.5,85.26,2665,正常
2016/03/07 11:05:25,4cd8db29baf7e24f062297a24e8278f498c5c332,188532c9570757456baf8ac43fd5cb354c793fb4,持卡人消费,学苑楼商务网关,-7.0,78.26,2666,正常
2016/03/08 07:33:44,4cd8db29baf7e24f062297a24e8278f498c5c332,188532c9570757456baf8ac43fd5cb354c793fb4,持卡人消费,学士楼商务网关,-5.0,73.26,2667,正常
2016/03/09 11:23:35,4cd8db29baf7e24f062297a24e8278f498c5c332,188532c9570757456baf8ac43fd5cb354c793fb4,持卡人消费,学苑楼商务网关,-8.8,64.46,2668,正常
2016/03/09 18:04:16,4cd8db29baf7e24f062297a24e8278f498c5c332,188532c9570757456baf8ac43fd5cb354c793fb4,持卡人消费,网络中心,-30.0,34.46,2669,正常
2016/03/09 18:32:24,4cd8db29baf7e24f062297a24e8278f498c5c332,188532c9570757456baf8ac43fd5cb354c793fb4,持卡人消费,15公寓浴池,-0.8,33.66,2671,正常
2016/03/09 18:44:31,4cd8db29baf7e24f062297a24e8278f498c5c332,188532c9570757456baf8ac43fd5cb354c793fb4,持卡人消费,15公寓浴池,-2.0,31.66,2672,正常
2016/03/09 18:46:03,4cd8db29baf7e24f062297a24e8278f498c5c332,188532c9570757456baf8ac43fd5cb354c793fb4,持卡人消费,15公寓浴池,-0.29,31.37,2674,正常
2016/03/11 11:26:46,4cd8db29baf7e24f062297a24e8278f498c5c332,188532c9570757456baf8ac43fd5cb354c793fb4,持卡人消费,学苑楼商务网关,-8.0,23.37,2675,正常
2016/03/11 11:30:40,4cd8db29baf7e24f062297a24e8278f498c5c332,188532c9570757456baf8ac43fd5cb354c793fb4,持卡人消费,学苑楼商务网关,-1.5,21.87,2676,正常
2016/03/14 17:09:38,4cd8db29baf7e24f062297a24e8278f498c5c332,188532c9570757456baf8ac43fd5cb354c793fb4,持卡人消费,学苑楼商务网关,-6.0,15.87,2677,正常
2016/03/14 17:14:02,4cd8db29baf7e24f062297a24e8278f498c5c332,188532c9570757456baf8ac43fd5cb354c793fb4,持卡人消费,学苑楼商务网关,-1.5,14.37,2678,正常
2016/03/15 07:39:03,4cd8db29baf7e24f062297a24e8278f498c5c332,188532c9570757456baf8ac43fd5cb354c793fb4,持卡人消费,学士楼商务网关,-6.5,7.87,2679,正常
2016/03/15 11:20:47,4cd8db29baf7e24f062297a24e8278f498c5c332,188532c9570757456baf8ac43fd5cb354c793fb4,存款,学苑楼综合业务2,100.0,107.87,2680,正常
2016/03/15 11:23:55,4cd8db29baf7e24f062297a24e8278f498c5c332,188532c9570757456baf8ac43fd5cb354c793fb4,持卡人消费,学苑楼商务网关,-12.0,95.87,2681,正常
2016/03/16 11:19:52,4cd8db29baf7e24f062297a24e8278f498c5c332,188532c9570757456baf8ac43fd5cb354c793fb4,持卡人消费,学苑楼商务网关,-9.0,86.87,2682,正常
2016/03/16 17:08:17,4cd8db29baf7e24f062297a24e8278f498c5c332,188532c9570757456baf8ac43fd5cb354c793fb4,持卡人消费,学苑楼商务网关,-9.0,77.87,2683,正常
2016/03/18 11:16:51,4cd8db29baf7e24f062297a24e8278f498c5c332,188532c9570757456baf8ac43fd5cb354c793fb4,持卡人消费,学苑楼商务网关,-7.9,69.97,2684,正常
2016/03/21 11:16:08,4cd8db29baf7e24f062297a24e8278f498c5c332,188532c9570757456baf8ac43fd5cb354c793fb4,持卡人消费,学苑楼商务网关,-8.8,61.17,2685,正常
2016/03/21 17:10:11,4cd8db29baf7e24f062297a24e8278f498c5c332,188532c9570757456baf8ac43fd5cb354c793fb4,持卡人消费,学苑楼商务网关,-6.5,54.67,2686,正常
2016/03/22 07:33:58,4cd8db29baf7e24f062297a24e8278f498c5c332,188532c9570757456baf8ac43fd5cb354c793fb4,持卡人消费,学士楼商务网关,-4.0,50.67,2687,正常
2016/03/23 11:21:37,4cd8db29baf7e24f062297a24e8278f498c5c332,188532c9570757456baf8ac43fd5cb354c793fb4,持卡人消费,学苑楼商务网关,-10.0,40.67,2688,正常
2016/03/25 11:20:54,4cd8db29baf7e24f062297a24e8278f498c5c332,188532c9570757456baf8ac43fd5cb354c793fb4,持卡人消费,学苑楼商务网关,-7.0,33.67,2689,正常
2016/03/28 11:01:29,4cd8db29baf7e24f062297a24e8278f498c5c332,188532c9570757456baf8ac43fd5cb354c793fb4,持卡人消费,学苑楼商务网关,-10.0,23.67,2690,正常
2016/03/28 16:54:45,4cd8db29baf7e24f062297a24e8278f498c5c332,188532c9570757456baf8ac43fd5cb354c793fb4,持卡人消费,学苑楼商务网关,-4.0,19.67,2691,正常
2016/03/28 16:55:29,4cd8db29baf7e24f062297a24e8278f498c5c332,188532c9570757456baf8ac43fd5cb354c793fb4,持卡人消费,学苑楼商务网关,-5.0,14.67,2692,正常
2016/03/29 07:30:55,4cd8db29baf7e24f062297a24e8278f498c5c332,188532c9570757456baf8ac43fd5cb354c793fb4,持卡人消费,学士楼商务网关,-1.6,13.07,2693,正常
2016/03/29 11:09:49,4cd8db29baf7e24f062297a24e8278f498c5c332,188532c9570757456baf8ac43fd5cb354c793fb4,存款,学苑楼综合业务3,100.0,113.07,2694,正常
2016/03/29 11:15:26,4cd8db29baf7e24f062297a24e8278f498c5c332,188532c9570757456baf8ac43fd5cb354c793fb4,持卡人消费,学苑楼商务网关,-6.72,106.35,2695,正常
