交易发生时间,学号,姓名,交易类型,子系统名称,交易额,现有余额,次数,状态
2016/03/01 08:08:09,a6d7665ae01996a88fe2e531a939f79dd57f2fba,18afd9d782ecf7e00d86248b2eb0bf90a472cb3e,持卡人消费,学士楼商务网关,-2.8,439.26,3481,正常
2016/03/01 12:07:31,a6d7665ae01996a88fe2e531a939f79dd57f2fba,18afd9d782ecf7e00d86248b2eb0bf90a472cb3e,持卡人消费,硕果园（工大商店）,-14.0,425.26,3482,正常
2016/03/01 18:30:20,a6d7665ae01996a88fe2e531a939f79dd57f2fba,18afd9d782ecf7e00d86248b2eb0bf90a472cb3e,持卡人消费,超市商务子系统,-36.0,389.26,3483,正常
2016/03/01 20:25:29,a6d7665ae01996a88fe2e531a939f79dd57f2fba,18afd9d782ecf7e00d86248b2eb0bf90a472cb3e,持卡人消费,15公寓浴池,-2.0,387.26,3484,正常
2016/03/01 20:35:57,a6d7665ae01996a88fe2e531a939f79dd57f2fba,18afd9d782ecf7e00d86248b2eb0bf90a472cb3e,持卡人消费,15公寓浴池,-2.0,385.26,3485,正常
2016/03/01 20:45:47,a6d7665ae01996a88fe2e531a939f79dd57f2fba,18afd9d782ecf7e00d86248b2eb0bf90a472cb3e,持卡人消费,15公寓浴池,-1.82,383.44,3487,正常
2016/03/02 08:25:50,a6d7665ae01996a88fe2e531a939f79dd57f2fba,18afd9d782ecf7e00d86248b2eb0bf90a472cb3e,持卡人消费,学士楼商务网关,-4.6,378.84,3488,正常
2016/03/02 11:54:11,a6d7665ae01996a88fe2e531a939f79dd57f2fba,18afd9d782ecf7e00d86248b2eb0bf90a472cb3e,持卡人消费,学士楼商务网关,-5.4,373.44,3489,正常
2016/03/02 17:39:36,a6d7665ae01996a88fe2e531a939f79dd57f2fba,18afd9d782ecf7e00d86248b2eb0bf90a472cb3e,持卡人消费,硕果园（工大商店）,-10.0,363.44,3490,正常
2016/03/03 11:35:13,a6d7665ae01996a88fe2e531a939f79dd57f2fba,18afd9d782ecf7e00d86248b2eb0bf90a472cb3e,持卡人消费,学子楼商务网关,-10.5,352.94,3491,正常
2016/03/03 17:17:06,a6d7665ae01996a88fe2e531a939f79dd57f2fba,18afd9d782ecf7e00d86248b2eb0bf90a472cb3e,持卡人消费,学士楼商务网关,-6.4,346.54,3492,正常
2016/03/04 15:18:36,a6d7665ae01996a88fe2e531a939f79dd57f2fba,18afd9d782ecf7e00d86248b2eb0bf90a472cb3e,持卡人消费,学士楼商务网关,-1.0,345.54,3493,正常
2016/03/04 17:55:10,a6d7665ae01996a88fe2e531a939f79dd57f2fba,18afd9d782ecf7e00d86248b2eb0bf90a472cb3e,持卡人消费,学苑楼商务网关,-7.0,338.54,3494,正常
2016/03/04 17:55:35,a6d7665ae01996a88fe2e531a939f79dd57f2fba,18afd9d782ecf7e00d86248b2eb0bf90a472cb3e,持卡人消费,学苑楼商务网关,-2.0,336.54,3495,正常
2016/03/05 09:23:54,a6d7665ae01996a88fe2e531a939f79dd57f2fba,18afd9d782ecf7e00d86248b2eb0bf90a472cb3e,持卡人消费,学士楼商务网关,-1.0,335.54,3496,正常
2016/03/05 12:15:59,a6d7665ae01996a88fe2e531a939f79dd57f2fba,18afd9d782ecf7e00d86248b2eb0bf90a472cb3e,持卡人消费,硕果园（工大商店）,-18.0,317.54,3497,正常
2016/03/06 17:11:20,a6d7665ae01996a88fe2e531a939f79dd57f2fba,18afd9d782ecf7e00d86248b2eb0bf90a472cb3e,持卡人消费,学苑楼商务网关,-0.4,317.14,3498,正常
2016/03/06 17:12:14,a6d7665ae01996a88fe2e531a939f79dd57f2fba,18afd9d782ecf7e00d86248b2eb0bf90a472cb3e,持卡人消费,学苑楼商务网关,-4.0,313.14,3499,正常
2016/03/06 17:13:02,a6d7665ae01996a88fe2e531a939f79dd57f2fba,18afd9d782ecf7e00d86248b2eb0bf90a472cb3e,持卡人消费,学苑楼商务网关,-4.0,309.14,3500,正常
2016/03/06 19:45:20,a6d7665ae01996a88fe2e531a939f79dd57f2fba,18afd9d782ecf7e00d86248b2eb0bf90a472cb3e,持卡人消费,15公寓浴池,-2.0,307.14,3501,正常
2016/03/06 19:56:10,a6d7665ae01996a88fe2e531a939f79dd57f2fba,18afd9d782ecf7e00d86248b2eb0bf90a472cb3e,持卡人消费,15公寓浴池,-2.0,305.14,3502,正常
2016/03/06 20:10:32,a6d7665ae01996a88fe2e531a939f79dd57f2fba,18afd9d782ecf7e00d86248b2eb0bf90a472cb3e,持卡人消费,15公寓浴池,-2.0,303.14,3503,正常
2016/03/06 20:18:33,a6d7665ae01996a88fe2e531a939f79dd57f2fba,18afd9d782ecf7e00d86248b2eb0bf90a472cb3e,持卡人消费,15公寓浴池,-1.52,301.62,3505,正常
2016/03/06 20:20:13,a6d7665ae01996a88fe2e531a939f79dd57f2fba,18afd9d782ecf7e00d86248b2eb0bf90a472cb3e,持卡人消费,15公寓浴池,-0.18,301.44,3507,正常
2016/03/07 07:19:25,a6d7665ae01996a88fe2e531a939f79dd57f2fba,18afd9d782ecf7e00d86248b2eb0bf90a472cb3e,持卡人消费,学士楼商务网关,-2.1,299.34,3508,正常
2016/03/07 11:18:44,a6d7665ae01996a88fe2e531a939f79dd57f2fba,18afd9d782ecf7e00d86248b2eb0bf90a472cb3e,持卡人消费,学士楼商务网关,-13.1,286.24,3509,正常
2016/03/07 17:08:09,a6d7665ae01996a88fe2e531a939f79dd57f2fba,18afd9d782ecf7e00d86248b2eb0bf90a472cb3e,持卡人消费,学士楼商务网关,-4.8,281.44,3510,正常
2016/03/08 07:33:49,a6d7665ae01996a88fe2e531a939f79dd57f2fba,18afd9d782ecf7e00d86248b2eb0bf90a472cb3e,持卡人消费,学士楼商务网关,-1.6,279.84,3511,正常
2016/03/08 11:24:09,a6d7665ae01996a88fe2e531a939f79dd57f2fba,18afd9d782ecf7e00d86248b2eb0bf90a472cb3e,持卡人消费,学士楼商务网关,-9.3,270.54,3512,正常
2016/03/08 18:04:20,a6d7665ae01996a88fe2e531a939f79dd57f2fba,18afd9d782ecf7e00d86248b2eb0bf90a472cb3e,持卡人消费,学士楼商务网关,-8.4,262.14,3513,正常
2016/03/09 08:34:41,a6d7665ae01996a88fe2e531a939f79dd57f2fba,18afd9d782ecf7e00d86248b2eb0bf90a472cb3e,持卡人消费,学士楼商务网关,-4.3,257.84,3514,正常
2016/03/09 11:33:03,a6d7665ae01996a88fe2e531a939f79dd57f2fba,18afd9d782ecf7e00d86248b2eb0bf90a472cb3e,持卡人消费,学士楼商务网关,-5.4,252.44,3515,正常
2016/03/09 17:59:55,a6d7665ae01996a88fe2e531a939f79dd57f2fba,18afd9d782ecf7e00d86248b2eb0bf90a472cb3e,持卡人消费,学士楼商务网关,-7.9,244.54,3516,正常
2016/03/10 12:05:57,a6d7665ae01996a88fe2e531a939f79dd57f2fba,18afd9d782ecf7e00d86248b2eb0bf90a472cb3e,持卡人消费,学士楼商务网关,-9.6,234.94,3517,正常
2016/03/10 17:54:36,a6d7665ae01996a88fe2e531a939f79dd57f2fba,18afd9d782ecf7e00d86248b2eb0bf90a472cb3e,持卡人消费,学士楼商务网关,-4.1,230.84,3518,正常
2016/03/10 17:55:35,a6d7665ae01996a88fe2e531a939f79dd57f2fba,18afd9d782ecf7e00d86248b2eb0bf90a472cb3e,持卡人消费,学士楼商务网关,-7.4,223.44,3519,正常
2016/03/11 08:06:51,a6d7665ae01996a88fe2e531a939f79dd57f2fba,18afd9d782ecf7e00d86248b2eb0bf90a472cb3e,持卡人消费,学士楼商务网关,-2.6,220.84,3520,正常
2016/03/11 11:51:26,a6d7665ae01996a88fe2e531a939f79dd57f2fba,18afd9d782ecf7e00d86248b2eb0bf90a472cb3e,持卡人消费,学士楼商务网关,-3.1,217.74,3521,正常
2016/03/12 11:13:46,a6d7665ae01996a88fe2e531a939f79dd57f2fba,18afd9d782ecf7e00d86248b2eb0bf90a472cb3e,持卡人消费,学士楼商务网关,-5.9,211.84,3522,正常
2016/03/12 12:29:05,a6d7665ae01996a88fe2e531a939f79dd57f2fba,18afd9d782ecf7e00d86248b2eb0bf90a472cb3e,持卡人消费,15公寓浴池,-0.02,211.82,3524,正常
2016/03/12 12:39:38,a6d7665ae01996a88fe2e531a939f79dd57f2fba,18afd9d782ecf7e00d86248b2eb0bf90a472cb3e,持卡人消费,15公寓浴池,-2.0,209.82,3525,正常
2016/03/12 12:42:18,a6d7665ae01996a88fe2e531a939f79dd57f2fba,18afd9d782ecf7e00d86248b2eb0bf90a472cb3e,持卡人消费,15公寓浴池,-0.27,209.55,3527,正常
2016/03/12 12:45:16,a6d7665ae01996a88fe2e531a939f79dd57f2fba,18afd9d782ecf7e00d86248b2eb0bf90a472cb3e,持卡人消费,15公寓浴池,-0.06,209.49,3529,正常
2016/03/12 12:57:39,a6d7665ae01996a88fe2e531a939f79dd57f2fba,18afd9d782ecf7e00d86248b2eb0bf90a472cb3e,持卡人消费,15公寓浴池,-1.9,207.59,3531,正常
2016/03/12 13:01:37,a6d7665ae01996a88fe2e531a939f79dd57f2fba,18afd9d782ecf7e00d86248b2eb0bf90a472cb3e,持卡人消费,15公寓浴池,-0.21,207.38,3533,正常
2016/03/12 17:21:05,a6d7665ae01996a88fe2e531a939f79dd57f2fba,18afd9d782ecf7e00d86248b2eb0bf90a472cb3e,持卡人消费,学士楼商务网关,-11.4,195.98,3534,正常
2016/03/14 10:55:24,a6d7665ae01996a88fe2e531a939f79dd57f2fba,18afd9d782ecf7e00d86248b2eb0bf90a472cb3e,持卡人消费,学士楼商务网关,-5.9,186.98,3536,正常
2016/03/14 17:54:54,a6d7665ae01996a88fe2e531a939f79dd57f2fba,18afd9d782ecf7e00d86248b2eb0bf90a472cb3e,持卡人消费,硕果园（工大商店）,-8.0,178.98,3537,正常
2016/03/15 08:07:50,a6d7665ae01996a88fe2e531a939f79dd57f2fba,18afd9d782ecf7e00d86248b2eb0bf90a472cb3e,持卡人消费,学士楼商务网关,-1.6,177.38,3538,正常
2016/03/15 12:03:16,a6d7665ae01996a88fe2e531a939f79dd57f2fba,18afd9d782ecf7e00d86248b2eb0bf90a472cb3e,持卡人消费,学士楼商务网关,-3.8,173.58,3539,正常
2016/03/15 18:01:23,a6d7665ae01996a88fe2e531a939f79dd57f2fba,18afd9d782ecf7e00d86248b2eb0bf90a472cb3e,持卡人消费,学士楼商务网关,-8.4,165.18,3540,正常
2016/03/16 11:12:23,a6d7665ae01996a88fe2e531a939f79dd57f2fba,18afd9d782ecf7e00d86248b2eb0bf90a472cb3e,持卡人消费,学士楼商务网关,-6.9,158.28,3541,正常
2016/03/17 08:09:57,a6d7665ae01996a88fe2e531a939f79dd57f2fba,18afd9d782ecf7e00d86248b2eb0bf90a472cb3e,持卡人消费,学士楼商务网关,-2.73,155.55,3542,正常
2016/03/17 11:29:27,a6d7665ae01996a88fe2e531a939f79dd57f2fba,18afd9d782ecf7e00d86248b2eb0bf90a472cb3e,持卡人消费,学士楼商务网关,-5.6,149.95,3543,正常
2016/03/17 17:51:15,a6d7665ae01996a88fe2e531a939f79dd57f2fba,18afd9d782ecf7e00d86248b2eb0bf90a472cb3e,持卡人消费,网络中心,-30.0,119.95,3544,正常
2016/03/18 12:11:30,a6d7665ae01996a88fe2e531a939f79dd57f2fba,18afd9d782ecf7e00d86248b2eb0bf90a472cb3e,持卡人消费,学子楼商务网关,-10.5,109.45,3545,正常
2016/03/18 17:39:52,a6d7665ae01996a88fe2e531a939f79dd57f2fba,18afd9d782ecf7e00d86248b2eb0bf90a472cb3e,持卡人消费,学士楼商务网关,-3.3,106.15,3546,正常
2016/03/19 17:48:52,a6d7665ae01996a88fe2e531a939f79dd57f2fba,18afd9d782ecf7e00d86248b2eb0bf90a472cb3e,持卡人消费,学子楼商务网关,-4.0,102.15,3547,正常
2016/03/19 17:50:01,a6d7665ae01996a88fe2e531a939f79dd57f2fba,18afd9d782ecf7e00d86248b2eb0bf90a472cb3e,持卡人消费,学子楼商务网关,-3.0,99.15,3548,正常
2016/03/20 13:05:54,a6d7665ae01996a88fe2e531a939f79dd57f2fba,18afd9d782ecf7e00d86248b2eb0bf90a472cb3e,持卡人消费,A15,-6.0,93.15,3549,正常
2016/03/20 19:08:36,a6d7665ae01996a88fe2e531a939f79dd57f2fba,18afd9d782ecf7e00d86248b2eb0bf90a472cb3e,持卡人消费,15公寓浴池,-0.74,92.41,3551,正常
2016/03/20 19:19:46,a6d7665ae01996a88fe2e531a939f79dd57f2fba,18afd9d782ecf7e00d86248b2eb0bf90a472cb3e,持卡人消费,15公寓浴池,-2.0,90.41,3552,正常
2016/03/20 19:30:14,a6d7665ae01996a88fe2e531a939f79dd57f2fba,18afd9d782ecf7e00d86248b2eb0bf90a472cb3e,持卡人消费,15公寓浴池,-2.0,88.41,3553,正常
2016/03/20 19:33:51,a6d7665ae01996a88fe2e531a939f79dd57f2fba,18afd9d782ecf7e00d86248b2eb0bf90a472cb3e,持卡人消费,15公寓浴池,-0.4,88.01,3555,正常
2016/03/20 19:41:55,a6d7665ae01996a88fe2e531a939f79dd57f2fba,18afd9d782ecf7e00d86248b2eb0bf90a472cb3e,持卡人消费,15公寓浴池,-0.67,87.34,3557,正常
2016/03/20 19:54:28,a6d7665ae01996a88fe2e531a939f79dd57f2fba,18afd9d782ecf7e00d86248b2eb0bf90a472cb3e,持卡人消费,15公寓浴池,-2.0,85.34,3558,正常
2016/03/20 19:56:59,a6d7665ae01996a88fe2e531a939f79dd57f2fba,18afd9d782ecf7e00d86248b2eb0bf90a472cb3e,持卡人消费,15公寓浴池,-0.43,84.91,3560,正常
2016/03/21 12:01:40,a6d7665ae01996a88fe2e531a939f79dd57f2fba,18afd9d782ecf7e00d86248b2eb0bf90a472cb3e,持卡人消费,学士楼商务网关,-4.8,80.11,3561,正常
2016/03/22 08:02:40,a6d7665ae01996a88fe2e531a939f79dd57f2fba,18afd9d782ecf7e00d86248b2eb0bf90a472cb3e,持卡人消费,学士楼商务网关,-1.6,78.51,3562,正常
2016/03/22 12:03:13,a6d7665ae01996a88fe2e531a939f79dd57f2fba,18afd9d782ecf7e00d86248b2eb0bf90a472cb3e,持卡人消费,学士楼商务网关,-9.9,68.61,3563,正常
2016/03/22 17:21:55,a6d7665ae01996a88fe2e531a939f79dd57f2fba,18afd9d782ecf7e00d86248b2eb0bf90a472cb3e,持卡人消费,学士楼商务网关,-8.6,60.01,3564,正常
2016/03/23 12:29:37,a6d7665ae01996a88fe2e531a939f79dd57f2fba,18afd9d782ecf7e00d86248b2eb0bf90a472cb3e,持卡人消费,学子楼商务网关,-10.5,49.51,3565,正常
2016/03/23 12:30:28,a6d7665ae01996a88fe2e531a939f79dd57f2fba,18afd9d782ecf7e00d86248b2eb0bf90a472cb3e,持卡人消费,学子楼商务网关,-5.0,44.51,3566,正常
2016/03/23 17:27:45,a6d7665ae01996a88fe2e531a939f79dd57f2fba,18afd9d782ecf7e00d86248b2eb0bf90a472cb3e,持卡人消费,超市商务子系统,-15.4,29.11,3567,正常
2016/03/24 12:26:33,a6d7665ae01996a88fe2e531a939f79dd57f2fba,18afd9d782ecf7e00d86248b2eb0bf90a472cb3e,持卡人消费,学子楼商务网关,-5.4,23.71,3568,正常
2016/03/24 12:28:03,a6d7665ae01996a88fe2e531a939f79dd57f2fba,18afd9d782ecf7e00d86248b2eb0bf90a472cb3e,持卡人消费,学子楼商务网关,-4.0,19.71,3569,正常
2016/03/24 18:08:59,a6d7665ae01996a88fe2e531a939f79dd57f2fba,18afd9d782ecf7e00d86248b2eb0bf90a472cb3e,持卡人消费,学子楼商务网关,-4.0,15.71,3570,正常
2016/03/25 12:11:39,a6d7665ae01996a88fe2e531a939f79dd57f2fba,18afd9d782ecf7e00d86248b2eb0bf90a472cb3e,持卡人消费,学子楼商务网关,-10.5,5.21,3571,正常
2016/03/25 17:47:19,a6d7665ae01996a88fe2e531a939f79dd57f2fba,18afd9d782ecf7e00d86248b2eb0bf90a472cb3e,存款,卡中心综合业务,300.0,305.21,3572,正常
2016/03/25 17:51:34,a6d7665ae01996a88fe2e531a939f79dd57f2fba,18afd9d782ecf7e00d86248b2eb0bf90a472cb3e,持卡人消费,学士楼商务网关,-4.6,300.61,3573,正常
2016/03/27 17:53:44,a6d7665ae01996a88fe2e531a939f79dd57f2fba,18afd9d782ecf7e00d86248b2eb0bf90a472cb3e,持卡人消费,学士楼商务网关,-8.4,292.21,3574,正常
2016/03/28 07:41:38,a6d7665ae01996a88fe2e531a939f79dd57f2fba,18afd9d782ecf7e00d86248b2eb0bf90a472cb3e,持卡人消费,学士楼商务网关,-2.3,289.91,3575,正常
2016/03/28 12:00:17,a6d7665ae01996a88fe2e531a939f79dd57f2fba,18afd9d782ecf7e00d86248b2eb0bf90a472cb3e,持卡人消费,学子楼商务网关,-6.0,283.91,3576,正常
2016/03/28 17:54:49,a6d7665ae01996a88fe2e531a939f79dd57f2fba,18afd9d782ecf7e00d86248b2eb0bf90a472cb3e,持卡人消费,学士楼商务网关,-9.6,274.31,3577,正常
2016/03/29 11:30:34,a6d7665ae01996a88fe2e531a939f79dd57f2fba,18afd9d782ecf7e00d86248b2eb0bf90a472cb3e,持卡人消费,学士楼商务网关,-11.4,262.91,3578,正常
2016/03/30 11:30:45,a6d7665ae01996a88fe2e531a939f79dd57f2fba,18afd9d782ecf7e00d86248b2eb0bf90a472cb3e,持卡人消费,学士楼商务网关,-5.4,257.51,3579,正常
2016/03/30 18:01:55,a6d7665ae01996a88fe2e531a939f79dd57f2fba,18afd9d782ecf7e00d86248b2eb0bf90a472cb3e,持卡人消费,硕果园（工大商店）,-14.0,243.51,3580,正常
2016/03/30 18:04:36,a6d7665ae01996a88fe2e531a939f79dd57f2fba,18afd9d782ecf7e00d86248b2eb0bf90a472cb3e,持卡人消费,硕果园（工大商店）,-1.0,242.51,3581,正常
