交易发生时间,学号,姓名,交易类型,子系统名称,交易额,现有余额,次数,状态
2016/03/02 17:50:21,a1e0ecf53c4584dcf1cd29056fb4d5c1519012aa,18b678ffc3ab4343a5704b73409c4b58a466bba7,持卡人消费,学苑楼商务网关,-10.0,99.27,2338,正常
2016/03/02 18:07:27,a1e0ecf53c4584dcf1cd29056fb4d5c1519012aa,18b678ffc3ab4343a5704b73409c4b58a466bba7,持卡人消费,学苑楼商务网关,-8.1,91.17,2339,正常
2016/03/07 11:49:01,a1e0ecf53c4584dcf1cd29056fb4d5c1519012aa,18b678ffc3ab4343a5704b73409c4b58a466bba7,持卡人消费,硕果园（工大商店）,-14.0,77.17,2340,正常
2016/03/09 12:28:56,a1e0ecf53c4584dcf1cd29056fb4d5c1519012aa,18b678ffc3ab4343a5704b73409c4b58a466bba7,持卡人消费,学子便利店A01后楼,-27.5,49.67,2341,正常
2016/03/09 18:19:17,a1e0ecf53c4584dcf1cd29056fb4d5c1519012aa,18b678ffc3ab4343a5704b73409c4b58a466bba7,持卡人消费,15公寓浴池,-2.0,47.67,2342,正常
2016/03/09 18:29:58,a1e0ecf53c4584dcf1cd29056fb4d5c1519012aa,18b678ffc3ab4343a5704b73409c4b58a466bba7,持卡人消费,15公寓浴池,-2.0,45.67,2343,正常
2016/03/09 18:40:09,a1e0ecf53c4584dcf1cd29056fb4d5c1519012aa,18b678ffc3ab4343a5704b73409c4b58a466bba7,持卡人消费,学子便利店A01后楼,-2.7,42.97,2344,正常
2016/03/10 11:56:52,a1e0ecf53c4584dcf1cd29056fb4d5c1519012aa,18b678ffc3ab4343a5704b73409c4b58a466bba7,持卡人消费,学苑楼商务网关,-3.6,39.37,2345,正常
2016/03/10 11:57:18,a1e0ecf53c4584dcf1cd29056fb4d5c1519012aa,18b678ffc3ab4343a5704b73409c4b58a466bba7,持卡人消费,学苑楼商务网关,-4.8,34.57,2346,正常
2016/03/10 11:59:18,a1e0ecf53c4584dcf1cd29056fb4d5c1519012aa,18b678ffc3ab4343a5704b73409c4b58a466bba7,持卡人消费,学苑楼商务网关,-6.0,28.57,2347,正常
2016/03/22 21:28:58,a1e0ecf53c4584dcf1cd29056fb4d5c1519012aa,18b678ffc3ab4343a5704b73409c4b58a466bba7,持卡人消费,学子便利店A01后楼,-2.6,20.67,2349,正常
2016/03/24 11:56:32,a1e0ecf53c4584dcf1cd29056fb4d5c1519012aa,18b678ffc3ab4343a5704b73409c4b58a466bba7,持卡人消费,学士楼商务网关,-2.18,18.49,2350,正常
2016/03/24 11:56:55,a1e0ecf53c4584dcf1cd29056fb4d5c1519012aa,18b678ffc3ab4343a5704b73409c4b58a466bba7,持卡人消费,学士楼商务网关,-3.8,14.69,2351,正常
2016/03/30 18:12:42,a1e0ecf53c4584dcf1cd29056fb4d5c1519012aa,18b678ffc3ab4343a5704b73409c4b58a466bba7,持卡人消费,硕果园（工大商店）,-12.0,2.69,2352,正常
2016/03/30 18:25:36,a1e0ecf53c4584dcf1cd29056fb4d5c1519012aa,18b678ffc3ab4343a5704b73409c4b58a466bba7,存款,现金充值机,100.0,102.69,2353,正常
2016/03/30 18:26:42,a1e0ecf53c4584dcf1cd29056fb4d5c1519012aa,18b678ffc3ab4343a5704b73409c4b58a466bba7,存款,现金充值机,100.0,202.69,2354,正常
2016/03/31 09:34:39,a1e0ecf53c4584dcf1cd29056fb4d5c1519012aa,18b678ffc3ab4343a5704b73409c4b58a466bba7,持卡人消费,学子便利店A01后楼,-1.0,201.69,2355,正常
2016/03/31 11:48:09,a1e0ecf53c4584dcf1cd29056fb4d5c1519012aa,18b678ffc3ab4343a5704b73409c4b58a466bba7,持卡人消费,硕果园（工大商店）,-14.0,187.69,2356,正常
2016/03/31 19:05:07,a1e0ecf53c4584dcf1cd29056fb4d5c1519012aa,18b678ffc3ab4343a5704b73409c4b58a466bba7,持卡人消费,硕果园（工大商店）,-12.0,175.69,2357,正常
