交易发生时间,学号,姓名,交易类型,子系统名称,交易额,现有余额,次数,状态
2016/03/02 11:25:04,2d5432c14aa3cb3b734e080b157dc1b7d6ca05cb,1907957b72a56e4909d02c4ae136a2ce9f0eea09,存款,学苑楼综合业务3,100.0,119.45,3019,正常
2016/03/02 11:27:43,2d5432c14aa3cb3b734e080b157dc1b7d6ca05cb,1907957b72a56e4909d02c4ae136a2ce9f0eea09,持卡人消费,学苑楼商务网关,-5.0,114.45,3020,正常
2016/03/02 17:35:39,2d5432c14aa3cb3b734e080b157dc1b7d6ca05cb,1907957b72a56e4909d02c4ae136a2ce9f0eea09,持卡人消费,学苑楼商务网关,-7.5,106.95,3021,正常
2016/03/03 08:17:57,2d5432c14aa3cb3b734e080b157dc1b7d6ca05cb,1907957b72a56e4909d02c4ae136a2ce9f0eea09,持卡人消费,学士楼商务网关,-2.4,104.55,3022,正常
2016/03/03 11:29:15,2d5432c14aa3cb3b734e080b157dc1b7d6ca05cb,1907957b72a56e4909d02c4ae136a2ce9f0eea09,持卡人消费,学苑楼商务网关,-4.6,99.95,3023,正常
2016/03/03 11:31:08,2d5432c14aa3cb3b734e080b157dc1b7d6ca05cb,1907957b72a56e4909d02c4ae136a2ce9f0eea09,持卡人消费,学苑楼商务网关,-2.5,97.45,3024,正常
2016/03/03 17:19:57,2d5432c14aa3cb3b734e080b157dc1b7d6ca05cb,1907957b72a56e4909d02c4ae136a2ce9f0eea09,持卡人消费,学苑楼商务网关,-3.6,93.85,3025,正常
2016/03/03 17:21:55,2d5432c14aa3cb3b734e080b157dc1b7d6ca05cb,1907957b72a56e4909d02c4ae136a2ce9f0eea09,持卡人消费,学苑楼商务网关,-3.0,90.85,3026,正常
2016/03/04 08:32:41,2d5432c14aa3cb3b734e080b157dc1b7d6ca05cb,1907957b72a56e4909d02c4ae136a2ce9f0eea09,持卡人消费,学士楼商务网关,-1.9,88.95,3027,正常
2016/03/04 11:19:39,2d5432c14aa3cb3b734e080b157dc1b7d6ca05cb,1907957b72a56e4909d02c4ae136a2ce9f0eea09,持卡人消费,学苑楼商务网关,-4.1,84.85,3028,正常
2016/03/04 11:21:04,2d5432c14aa3cb3b734e080b157dc1b7d6ca05cb,1907957b72a56e4909d02c4ae136a2ce9f0eea09,持卡人消费,学苑楼商务网关,-4.0,80.85,3029,正常
2016/03/04 17:07:35,2d5432c14aa3cb3b734e080b157dc1b7d6ca05cb,1907957b72a56e4909d02c4ae136a2ce9f0eea09,持卡人消费,学苑楼商务网关,-8.0,72.85,3030,正常
2016/03/05 11:14:17,2d5432c14aa3cb3b734e080b157dc1b7d6ca05cb,1907957b72a56e4909d02c4ae136a2ce9f0eea09,持卡人消费,学苑楼商务网关,-5.0,67.85,3031,正常
2016/03/05 16:25:31,2d5432c14aa3cb3b734e080b157dc1b7d6ca05cb,1907957b72a56e4909d02c4ae136a2ce9f0eea09,持卡人消费,15公寓浴池,-1.81,66.04,3033,正常
2016/03/05 16:29:54,2d5432c14aa3cb3b734e080b157dc1b7d6ca05cb,1907957b72a56e4909d02c4ae136a2ce9f0eea09,持卡人消费,15公寓浴池,-0.62,65.42,3035,正常
2016/03/05 17:59:57,2d5432c14aa3cb3b734e080b157dc1b7d6ca05cb,1907957b72a56e4909d02c4ae136a2ce9f0eea09,存款,学苑楼综合业务3,200.0,265.42,3036,正常
2016/03/05 18:02:13,2d5432c14aa3cb3b734e080b157dc1b7d6ca05cb,1907957b72a56e4909d02c4ae136a2ce9f0eea09,持卡人消费,学苑楼商务网关,-7.0,258.42,3037,正常
2016/03/05 18:06:43,2d5432c14aa3cb3b734e080b157dc1b7d6ca05cb,1907957b72a56e4909d02c4ae136a2ce9f0eea09,持卡人消费,学苑楼商务网关,-0.8,257.62,3038,正常
2016/03/05 18:15:15,2d5432c14aa3cb3b734e080b157dc1b7d6ca05cb,1907957b72a56e4909d02c4ae136a2ce9f0eea09,持卡人消费,学苑楼商务网关,-9.0,248.62,3039,正常
2016/03/06 12:01:49,2d5432c14aa3cb3b734e080b157dc1b7d6ca05cb,1907957b72a56e4909d02c4ae136a2ce9f0eea09,持卡人消费,学士楼商务网关,-4.0,244.62,3040,正常
2016/03/06 12:01:58,2d5432c14aa3cb3b734e080b157dc1b7d6ca05cb,1907957b72a56e4909d02c4ae136a2ce9f0eea09,持卡人消费,学士楼商务网关,-0.6,244.02,3041,正常
2016/03/07 12:04:44,2d5432c14aa3cb3b734e080b157dc1b7d6ca05cb,1907957b72a56e4909d02c4ae136a2ce9f0eea09,持卡人消费,学苑楼商务网关,-7.0,237.02,3042,正常
2016/03/08 17:10:20,2d5432c14aa3cb3b734e080b157dc1b7d6ca05cb,1907957b72a56e4909d02c4ae136a2ce9f0eea09,持卡人消费,学士楼商务网关,-0.8,236.22,3043,正常
2016/03/08 17:12:04,2d5432c14aa3cb3b734e080b157dc1b7d6ca05cb,1907957b72a56e4909d02c4ae136a2ce9f0eea09,持卡人消费,学士楼商务网关,-2.5,233.72,3044,正常
2016/03/09 11:39:38,2d5432c14aa3cb3b734e080b157dc1b7d6ca05cb,1907957b72a56e4909d02c4ae136a2ce9f0eea09,持卡人消费,学苑楼商务网关,-3.9,229.82,3045,正常
2016/03/09 11:41:36,2d5432c14aa3cb3b734e080b157dc1b7d6ca05cb,1907957b72a56e4909d02c4ae136a2ce9f0eea09,持卡人消费,学苑楼商务网关,-2.5,227.32,3046,正常
2016/03/09 16:21:46,2d5432c14aa3cb3b734e080b157dc1b7d6ca05cb,1907957b72a56e4909d02c4ae136a2ce9f0eea09,持卡人消费,网络中心,-30.0,197.32,3047,正常
2016/03/10 08:30:53,2d5432c14aa3cb3b734e080b157dc1b7d6ca05cb,1907957b72a56e4909d02c4ae136a2ce9f0eea09,持卡人消费,学士楼商务网关,-2.3,195.02,3048,正常
2016/03/10 08:32:46,2d5432c14aa3cb3b734e080b157dc1b7d6ca05cb,1907957b72a56e4909d02c4ae136a2ce9f0eea09,持卡人消费,学士楼商务网关,-2.0,193.02,3049,正常
2016/03/10 17:17:49,2d5432c14aa3cb3b734e080b157dc1b7d6ca05cb,1907957b72a56e4909d02c4ae136a2ce9f0eea09,持卡人消费,学士楼商务网关,-4.4,188.62,3050,正常
2016/03/10 17:19:36,2d5432c14aa3cb3b734e080b157dc1b7d6ca05cb,1907957b72a56e4909d02c4ae136a2ce9f0eea09,持卡人消费,学士楼商务网关,-11.0,177.62,3051,正常
2016/03/12 17:25:41,2d5432c14aa3cb3b734e080b157dc1b7d6ca05cb,1907957b72a56e4909d02c4ae136a2ce9f0eea09,持卡人消费,学士楼商务网关,-2.4,175.22,3052,正常
2016/03/12 17:27:11,2d5432c14aa3cb3b734e080b157dc1b7d6ca05cb,1907957b72a56e4909d02c4ae136a2ce9f0eea09,持卡人消费,学士楼商务网关,-2.5,172.72,3053,正常
2016/03/12 17:35:59,2d5432c14aa3cb3b734e080b157dc1b7d6ca05cb,1907957b72a56e4909d02c4ae136a2ce9f0eea09,持卡人消费,学士楼商务网关,-0.1,172.62,3054,正常
2016/03/12 17:36:35,2d5432c14aa3cb3b734e080b157dc1b7d6ca05cb,1907957b72a56e4909d02c4ae136a2ce9f0eea09,持卡人消费,学士楼商务网关,-8.6,164.02,3055,正常
2016/03/15 08:29:36,2d5432c14aa3cb3b734e080b157dc1b7d6ca05cb,1907957b72a56e4909d02c4ae136a2ce9f0eea09,持卡人消费,学士楼商务网关,-1.9,136.12,3062,正常
2016/03/15 08:31:14,2d5432c14aa3cb3b734e080b157dc1b7d6ca05cb,1907957b72a56e4909d02c4ae136a2ce9f0eea09,持卡人消费,学士楼商务网关,-2.5,133.62,3063,正常
2016/03/15 10:09:49,2d5432c14aa3cb3b734e080b157dc1b7d6ca05cb,1907957b72a56e4909d02c4ae136a2ce9f0eea09,持卡人消费,硕果园（工大商店）,-13.0,120.62,3064,正常
2016/03/15 13:33:08,2d5432c14aa3cb3b734e080b157dc1b7d6ca05cb,1907957b72a56e4909d02c4ae136a2ce9f0eea09,持卡人消费,硕果园（工大商店）,-12.0,108.62,3065,正常
2016/03/15 17:14:32,2d5432c14aa3cb3b734e080b157dc1b7d6ca05cb,1907957b72a56e4909d02c4ae136a2ce9f0eea09,持卡人消费,学士楼商务网关,-4.0,104.62,3066,正常
2016/03/15 17:15:42,2d5432c14aa3cb3b734e080b157dc1b7d6ca05cb,1907957b72a56e4909d02c4ae136a2ce9f0eea09,持卡人消费,学士楼商务网关,-0.5,104.12,3067,正常
2016/03/16 08:22:30,2d5432c14aa3cb3b734e080b157dc1b7d6ca05cb,1907957b72a56e4909d02c4ae136a2ce9f0eea09,持卡人消费,学士楼商务网关,-2.1,102.02,3068,正常
2016/03/16 08:23:52,2d5432c14aa3cb3b734e080b157dc1b7d6ca05cb,1907957b72a56e4909d02c4ae136a2ce9f0eea09,持卡人消费,学士楼商务网关,-2.5,99.52,3069,正常
2016/03/16 10:33:52,2d5432c14aa3cb3b734e080b157dc1b7d6ca05cb,1907957b72a56e4909d02c4ae136a2ce9f0eea09,持卡人消费,硕果园（工大商店）,-4.0,95.52,3070,正常
2016/03/16 13:53:08,2d5432c14aa3cb3b734e080b157dc1b7d6ca05cb,1907957b72a56e4909d02c4ae136a2ce9f0eea09,持卡人消费,硕果园（工大商店）,-9.0,86.52,3071,正常
2016/03/16 13:54:05,2d5432c14aa3cb3b734e080b157dc1b7d6ca05cb,1907957b72a56e4909d02c4ae136a2ce9f0eea09,持卡人消费,硕果园（工大商店）,-2.0,84.52,3072,正常
2016/03/17 11:08:37,2d5432c14aa3cb3b734e080b157dc1b7d6ca05cb,1907957b72a56e4909d02c4ae136a2ce9f0eea09,持卡人消费,学士楼商务网关,-1.9,82.62,3073,正常
2016/03/17 11:09:36,2d5432c14aa3cb3b734e080b157dc1b7d6ca05cb,1907957b72a56e4909d02c4ae136a2ce9f0eea09,持卡人消费,学士楼商务网关,-4.0,78.62,3074,正常
2016/03/17 17:14:16,2d5432c14aa3cb3b734e080b157dc1b7d6ca05cb,1907957b72a56e4909d02c4ae136a2ce9f0eea09,持卡人消费,硕果园（工大商店）,-19.7,58.92,3075,正常
2016/03/19 11:10:59,2d5432c14aa3cb3b734e080b157dc1b7d6ca05cb,1907957b72a56e4909d02c4ae136a2ce9f0eea09,持卡人消费,学士楼商务网关,-5.9,53.02,3076,正常
2016/03/19 14:36:04,2d5432c14aa3cb3b734e080b157dc1b7d6ca05cb,1907957b72a56e4909d02c4ae136a2ce9f0eea09,持卡人消费,15公寓浴池,-0.02,53.00,3078,正常
2016/03/19 14:46:36,2d5432c14aa3cb3b734e080b157dc1b7d6ca05cb,1907957b72a56e4909d02c4ae136a2ce9f0eea09,持卡人消费,15公寓浴池,-2.0,51.00,3079,正常
2016/03/19 14:48:37,2d5432c14aa3cb3b734e080b157dc1b7d6ca05cb,1907957b72a56e4909d02c4ae136a2ce9f0eea09,持卡人消费,15公寓浴池,-0.37,50.63,3081,正常
2016/03/19 14:52:40,2d5432c14aa3cb3b734e080b157dc1b7d6ca05cb,1907957b72a56e4909d02c4ae136a2ce9f0eea09,持卡人消费,15公寓浴池,-0.45,50.18,3083,正常
2016/03/19 17:08:06,2d5432c14aa3cb3b734e080b157dc1b7d6ca05cb,1907957b72a56e4909d02c4ae136a2ce9f0eea09,持卡人消费,硕果园（工大商店）,-12.0,38.18,3084,正常
2016/03/19 17:11:02,2d5432c14aa3cb3b734e080b157dc1b7d6ca05cb,1907957b72a56e4909d02c4ae136a2ce9f0eea09,持卡人消费,硕果园（工大商店）,-4.0,34.18,3085,正常
2016/03/19 17:12:19,2d5432c14aa3cb3b734e080b157dc1b7d6ca05cb,1907957b72a56e4909d02c4ae136a2ce9f0eea09,持卡人消费,硕果园（工大商店）,-6.9,27.28,3086,正常
2016/03/19 17:13:34,2d5432c14aa3cb3b734e080b157dc1b7d6ca05cb,1907957b72a56e4909d02c4ae136a2ce9f0eea09,持卡人消费,硕果园（工大商店）,-3.0,24.28,3087,正常
2016/03/26 11:40:51,2d5432c14aa3cb3b734e080b157dc1b7d6ca05cb,1907957b72a56e4909d02c4ae136a2ce9f0eea09,持卡人消费,硕果园（工大商店）,-6.3,17.98,3088,正常
2016/03/26 11:41:48,2d5432c14aa3cb3b734e080b157dc1b7d6ca05cb,1907957b72a56e4909d02c4ae136a2ce9f0eea09,持卡人消费,硕果园（工大商店）,-9.0,8.98,3089,正常
2016/03/26 17:05:12,2d5432c14aa3cb3b734e080b157dc1b7d6ca05cb,1907957b72a56e4909d02c4ae136a2ce9f0eea09,持卡人消费,学士楼商务网关,-4.4,4.58,3090,正常
2016/03/26 17:06:36,2d5432c14aa3cb3b734e080b157dc1b7d6ca05cb,1907957b72a56e4909d02c4ae136a2ce9f0eea09,持卡人消费,学士楼商务网关,-2.5,2.08,3091,正常
2016/03/26 17:25:44,2d5432c14aa3cb3b734e080b157dc1b7d6ca05cb,1907957b72a56e4909d02c4ae136a2ce9f0eea09,持卡人消费,超市商务子系统,-0.9,1.18,3092,正常
2016/03/30 11:11:02,2d5432c14aa3cb3b734e080b157dc1b7d6ca05cb,1907957b72a56e4909d02c4ae136a2ce9f0eea09,存款,卡中心综合业务,300.0,301.18,3093,正常
2016/03/30 11:12:34,2d5432c14aa3cb3b734e080b157dc1b7d6ca05cb,1907957b72a56e4909d02c4ae136a2ce9f0eea09,持卡人消费,学苑楼商务网关,-7.0,294.18,3094,正常
2016/03/30 11:14:24,2d5432c14aa3cb3b734e080b157dc1b7d6ca05cb,1907957b72a56e4909d02c4ae136a2ce9f0eea09,持卡人消费,学苑楼商务网关,-5.8,288.38,3095,正常
2016/03/31 17:04:00,2d5432c14aa3cb3b734e080b157dc1b7d6ca05cb,1907957b72a56e4909d02c4ae136a2ce9f0eea09,持卡人消费,学士楼商务网关,-1.5,286.88,3096,正常
2016/03/31 17:05:06,2d5432c14aa3cb3b734e080b157dc1b7d6ca05cb,1907957b72a56e4909d02c4ae136a2ce9f0eea09,持卡人消费,学士楼商务网关,-4.0,282.88,3097,正常
2016/03/31 17:29:36,2d5432c14aa3cb3b734e080b157dc1b7d6ca05cb,1907957b72a56e4909d02c4ae136a2ce9f0eea09,持卡人消费,A2,-6.0,276.88,3098,正常
