交易发生时间,学号,姓名,交易类型,子系统名称,交易额,现有余额,次数,状态
2016/03/05 18:47:23,161e796bc8648ad762cb1303fe46b9e97701c603,196aa5fdcac4f06cac407ac6d1d56df74b0f650a,持卡人消费,土木楼水控,-1.48,28.28,2147,正常
2016/03/07 08:13:47,161e796bc8648ad762cb1303fe46b9e97701c603,196aa5fdcac4f06cac407ac6d1d56df74b0f650a,持卡人消费,土木楼网关,-1.75,26.53,2148,正常
2016/03/08 19:36:20,161e796bc8648ad762cb1303fe46b9e97701c603,196aa5fdcac4f06cac407ac6d1d56df74b0f650a,持卡人消费,学子超市A05,-0.3,26.23,2149,正常
2016/03/09 11:38:39,161e796bc8648ad762cb1303fe46b9e97701c603,196aa5fdcac4f06cac407ac6d1d56df74b0f650a,持卡人消费,土木楼网关,-6.8,19.43,2150,正常
2016/03/09 11:39:39,161e796bc8648ad762cb1303fe46b9e97701c603,196aa5fdcac4f06cac407ac6d1d56df74b0f650a,持卡人消费,土木楼网关,-7.6,11.83,2151,正常
2016/03/09 11:40:10,161e796bc8648ad762cb1303fe46b9e97701c603,196aa5fdcac4f06cac407ac6d1d56df74b0f650a,持卡人消费,土木楼网关,-0.1,11.73,2152,正常
2016/03/11 11:15:41,161e796bc8648ad762cb1303fe46b9e97701c603,196aa5fdcac4f06cac407ac6d1d56df74b0f650a,存款,现金充值机,100.0,111.73,2153,正常
2016/03/11 11:31:22,161e796bc8648ad762cb1303fe46b9e97701c603,196aa5fdcac4f06cac407ac6d1d56df74b0f650a,持卡人消费,土木楼网关,-8.8,102.93,2154,正常
2016/03/11 11:33:46,161e796bc8648ad762cb1303fe46b9e97701c603,196aa5fdcac4f06cac407ac6d1d56df74b0f650a,持卡人消费,土木楼网关,-9.5,93.43,2155,正常
2016/03/11 11:34:22,161e796bc8648ad762cb1303fe46b9e97701c603,196aa5fdcac4f06cac407ac6d1d56df74b0f650a,持卡人消费,土木楼网关,-3.3,90.13,2156,正常
2016/03/23 09:36:35,161e796bc8648ad762cb1303fe46b9e97701c603,196aa5fdcac4f06cac407ac6d1d56df74b0f650a,持卡人消费,学子超市A05,-0.4,82.33,2158,正常
2016/03/25 22:06:35,161e796bc8648ad762cb1303fe46b9e97701c603,196aa5fdcac4f06cac407ac6d1d56df74b0f650a,持卡人消费,网络中心,-30.0,52.33,2159,正常
2016/03/25 22:08:26,161e796bc8648ad762cb1303fe46b9e97701c603,196aa5fdcac4f06cac407ac6d1d56df74b0f650a,持卡人消费,学子超市A05,-1.8,50.53,2160,正常
2016/03/27 13:36:45,161e796bc8648ad762cb1303fe46b9e97701c603,196aa5fdcac4f06cac407ac6d1d56df74b0f650a,持卡人消费,土木楼水控,-2.58,47.95,2162,正常
2016/03/27 14:28:13,161e796bc8648ad762cb1303fe46b9e97701c603,196aa5fdcac4f06cac407ac6d1d56df74b0f650a,持卡人消费,学子超市A05,-2.8,45.15,2163,正常
