交易发生时间,学号,姓名,交易类型,子系统名称,交易额,现有余额,次数,状态
2016/03/01 09:23:34,939eaa2d65d4f099432aa1af7a465bcb8c77242b,19ab8ec8189e0baed43c63d77def30e4616315e7,持卡人消费,学士楼商务网关,-1.2,87.84,4164,正常
2016/03/02 08:46:10,939eaa2d65d4f099432aa1af7a465bcb8c77242b,19ab8ec8189e0baed43c63d77def30e4616315e7,持卡人消费,学士楼商务网关,-1.4,86.44,4165,正常
2016/03/02 10:49:40,939eaa2d65d4f099432aa1af7a465bcb8c77242b,19ab8ec8189e0baed43c63d77def30e4616315e7,持卡人消费,超市商务子系统,-10.0,76.44,4166,正常
2016/03/03 13:21:41,939eaa2d65d4f099432aa1af7a465bcb8c77242b,19ab8ec8189e0baed43c63d77def30e4616315e7,持卡人消费,学士楼商务网关,-6.4,70.04,4167,正常
2016/03/03 20:53:15,939eaa2d65d4f099432aa1af7a465bcb8c77242b,19ab8ec8189e0baed43c63d77def30e4616315e7,持卡人消费,超市商务子系统,-3.1,66.94,4168,正常
2016/03/04 12:58:54,939eaa2d65d4f099432aa1af7a465bcb8c77242b,19ab8ec8189e0baed43c63d77def30e4616315e7,持卡人消费,硕果园（工大商店）,-16.0,50.94,4169,正常
2016/03/05 11:07:25,939eaa2d65d4f099432aa1af7a465bcb8c77242b,19ab8ec8189e0baed43c63d77def30e4616315e7,持卡人消费,硕果园（工大商店）,-12.0,38.94,4170,正常
2016/03/05 11:25:42,939eaa2d65d4f099432aa1af7a465bcb8c77242b,19ab8ec8189e0baed43c63d77def30e4616315e7,持卡人消费,硕果园（工大商店）,-4.0,34.94,4171,正常
2016/03/06 10:44:00,939eaa2d65d4f099432aa1af7a465bcb8c77242b,19ab8ec8189e0baed43c63d77def30e4616315e7,持卡人消费,学士楼商务网关,-5.1,29.84,4172,正常
2016/03/06 10:45:41,939eaa2d65d4f099432aa1af7a465bcb8c77242b,19ab8ec8189e0baed43c63d77def30e4616315e7,持卡人消费,学士楼商务网关,-0.2,29.64,4173,正常
2016/03/07 15:14:29,939eaa2d65d4f099432aa1af7a465bcb8c77242b,19ab8ec8189e0baed43c63d77def30e4616315e7,持卡人消费,超市商务子系统,-3.8,25.84,4174,正常
2016/03/07 17:31:56,939eaa2d65d4f099432aa1af7a465bcb8c77242b,19ab8ec8189e0baed43c63d77def30e4616315e7,持卡人消费,硕果园（工大商店）,-7.0,18.84,4175,正常
2016/03/07 18:44:36,939eaa2d65d4f099432aa1af7a465bcb8c77242b,19ab8ec8189e0baed43c63d77def30e4616315e7,持卡人消费,A18,-6.0,12.84,4176,正常
2016/03/08 12:38:12,939eaa2d65d4f099432aa1af7a465bcb8c77242b,19ab8ec8189e0baed43c63d77def30e4616315e7,持卡人消费,硕果园（工大商店）,-10.0,2.84,4177,正常
2016/03/08 20:37:27,939eaa2d65d4f099432aa1af7a465bcb8c77242b,19ab8ec8189e0baed43c63d77def30e4616315e7,持卡人消费,超市商务子系统,-0.2,2.64,4178,正常
2016/03/12 18:17:05,939eaa2d65d4f099432aa1af7a465bcb8c77242b,19ab8ec8189e0baed43c63d77def30e4616315e7,持卡人消费,硕果园（工大商店）,-1.5,1.14,4179,正常
2016/03/16 07:15:02,939eaa2d65d4f099432aa1af7a465bcb8c77242b,19ab8ec8189e0baed43c63d77def30e4616315e7,存款,现金充值机,200.0,201.14,4180,正常
2016/03/16 07:30:52,939eaa2d65d4f099432aa1af7a465bcb8c77242b,19ab8ec8189e0baed43c63d77def30e4616315e7,持卡人消费,学苑楼商务网关,-3.1,198.04,4181,正常
2016/03/16 12:17:07,939eaa2d65d4f099432aa1af7a465bcb8c77242b,19ab8ec8189e0baed43c63d77def30e4616315e7,持卡人消费,学士楼商务网关,-3.6,194.44,4182,正常
2016/03/16 12:17:43,939eaa2d65d4f099432aa1af7a465bcb8c77242b,19ab8ec8189e0baed43c63d77def30e4616315e7,持卡人消费,学士楼商务网关,-5.1,189.34,4183,正常
2016/03/16 12:18:19,939eaa2d65d4f099432aa1af7a465bcb8c77242b,19ab8ec8189e0baed43c63d77def30e4616315e7,持卡人消费,学士楼商务网关,-2.0,187.34,4184,正常
2016/03/17 07:28:02,939eaa2d65d4f099432aa1af7a465bcb8c77242b,19ab8ec8189e0baed43c63d77def30e4616315e7,持卡人消费,学士楼商务网关,-3.8,183.54,4185,正常
2016/03/17 11:32:16,939eaa2d65d4f099432aa1af7a465bcb8c77242b,19ab8ec8189e0baed43c63d77def30e4616315e7,持卡人消费,学士楼商务网关,-5.6,177.94,4186,正常
2016/03/17 20:42:01,939eaa2d65d4f099432aa1af7a465bcb8c77242b,19ab8ec8189e0baed43c63d77def30e4616315e7,持卡人消费,硕果园（工大商店）,-8.0,169.94,4187,正常
2016/03/18 07:47:10,939eaa2d65d4f099432aa1af7a465bcb8c77242b,19ab8ec8189e0baed43c63d77def30e4616315e7,持卡人消费,学士楼商务网关,-3.3,166.64,4188,正常
2016/03/18 16:16:05,939eaa2d65d4f099432aa1af7a465bcb8c77242b,19ab8ec8189e0baed43c63d77def30e4616315e7,持卡人消费,硕果园（工大商店）,-10.0,156.64,4189,正常
2016/03/18 16:33:41,939eaa2d65d4f099432aa1af7a465bcb8c77242b,19ab8ec8189e0baed43c63d77def30e4616315e7,持卡人消费,硕果园（工大商店）,-3.5,153.14,4190,正常
2016/03/19 12:05:09,939eaa2d65d4f099432aa1af7a465bcb8c77242b,19ab8ec8189e0baed43c63d77def30e4616315e7,持卡人消费,硕果园（工大商店）,-10.0,143.14,4191,正常
2016/03/19 18:25:46,939eaa2d65d4f099432aa1af7a465bcb8c77242b,19ab8ec8189e0baed43c63d77def30e4616315e7,持卡人消费,硕果园（工大商店）,-8.0,135.14,4192,正常
2016/03/19 18:26:53,939eaa2d65d4f099432aa1af7a465bcb8c77242b,19ab8ec8189e0baed43c63d77def30e4616315e7,持卡人消费,硕果园（工大商店）,-3.0,132.14,4193,正常
2016/03/20 17:48:19,939eaa2d65d4f099432aa1af7a465bcb8c77242b,19ab8ec8189e0baed43c63d77def30e4616315e7,持卡人消费,学苑楼商务网关,-6.0,126.14,4194,正常
2016/03/20 18:02:45,939eaa2d65d4f099432aa1af7a465bcb8c77242b,19ab8ec8189e0baed43c63d77def30e4616315e7,持卡人消费,超市商务子系统,-6.0,120.14,4195,正常
2016/03/21 07:31:20,939eaa2d65d4f099432aa1af7a465bcb8c77242b,19ab8ec8189e0baed43c63d77def30e4616315e7,持卡人消费,学苑楼商务网关,-3.0,117.14,4196,正常
2016/03/22 07:32:10,939eaa2d65d4f099432aa1af7a465bcb8c77242b,19ab8ec8189e0baed43c63d77def30e4616315e7,持卡人消费,学苑楼商务网关,-2.2,114.94,4197,正常
2016/03/22 11:36:29,939eaa2d65d4f099432aa1af7a465bcb8c77242b,19ab8ec8189e0baed43c63d77def30e4616315e7,持卡人消费,学苑楼商务网关,-2.1,112.84,4198,正常
2016/03/22 17:05:11,939eaa2d65d4f099432aa1af7a465bcb8c77242b,19ab8ec8189e0baed43c63d77def30e4616315e7,持卡人消费,学苑楼商务网关,-1.6,111.24,4199,正常
2016/03/22 17:09:25,939eaa2d65d4f099432aa1af7a465bcb8c77242b,19ab8ec8189e0baed43c63d77def30e4616315e7,持卡人消费,学苑楼商务网关,-0.4,110.84,4200,正常
2016/03/23 07:39:13,939eaa2d65d4f099432aa1af7a465bcb8c77242b,19ab8ec8189e0baed43c63d77def30e4616315e7,持卡人消费,学士楼商务网关,-3.2,107.64,4201,正常
2016/03/23 07:52:54,939eaa2d65d4f099432aa1af7a465bcb8c77242b,19ab8ec8189e0baed43c63d77def30e4616315e7,持卡人消费,学子超市园丁总店,-1.5,106.14,4202,正常
2016/03/23 11:48:37,939eaa2d65d4f099432aa1af7a465bcb8c77242b,19ab8ec8189e0baed43c63d77def30e4616315e7,持卡人消费,南苑网关,-6.0,100.14,4203,正常
2016/03/23 17:57:13,939eaa2d65d4f099432aa1af7a465bcb8c77242b,19ab8ec8189e0baed43c63d77def30e4616315e7,持卡人消费,学士楼商务网关,-2.1,98.04,4204,正常
2016/03/23 18:19:08,939eaa2d65d4f099432aa1af7a465bcb8c77242b,19ab8ec8189e0baed43c63d77def30e4616315e7,持卡人消费,网络中心,-30.0,68.04,4205,正常
2016/03/24 07:38:18,939eaa2d65d4f099432aa1af7a465bcb8c77242b,19ab8ec8189e0baed43c63d77def30e4616315e7,持卡人消费,学苑楼商务网关,-2.2,65.84,4206,正常
2016/03/24 07:40:18,939eaa2d65d4f099432aa1af7a465bcb8c77242b,19ab8ec8189e0baed43c63d77def30e4616315e7,持卡人消费,学苑楼商务网关,-1.2,64.64,4207,正常
2016/03/24 08:03:15,939eaa2d65d4f099432aa1af7a465bcb8c77242b,19ab8ec8189e0baed43c63d77def30e4616315e7,持卡人消费,学子超市园丁总店,-1.7,62.94,4208,正常
2016/03/24 10:38:37,939eaa2d65d4f099432aa1af7a465bcb8c77242b,19ab8ec8189e0baed43c63d77def30e4616315e7,持卡人消费,学士楼商务网关,-2.1,60.84,4209,正常
2016/03/24 16:23:02,939eaa2d65d4f099432aa1af7a465bcb8c77242b,19ab8ec8189e0baed43c63d77def30e4616315e7,持卡人消费,学苑楼商务网关,-7.0,53.84,4210,正常
2016/03/24 16:53:15,939eaa2d65d4f099432aa1af7a465bcb8c77242b,19ab8ec8189e0baed43c63d77def30e4616315e7,持卡人消费,学苑楼商务网关,-5.2,48.64,4211,正常
2016/03/25 08:51:53,939eaa2d65d4f099432aa1af7a465bcb8c77242b,19ab8ec8189e0baed43c63d77def30e4616315e7,持卡人消费,学士楼商务网关,-2.0,46.64,4212,正常
2016/03/25 08:52:18,939eaa2d65d4f099432aa1af7a465bcb8c77242b,19ab8ec8189e0baed43c63d77def30e4616315e7,持卡人消费,学士楼商务网关,-1.8,44.84,4213,正常
2016/03/25 17:24:23,939eaa2d65d4f099432aa1af7a465bcb8c77242b,19ab8ec8189e0baed43c63d77def30e4616315e7,持卡人消费,学苑楼商务网关,-1.6,43.24,4214,正常
2016/03/25 17:32:06,939eaa2d65d4f099432aa1af7a465bcb8c77242b,19ab8ec8189e0baed43c63d77def30e4616315e7,持卡人消费,超市商务子系统,-5.9,37.34,4215,正常
2016/03/26 12:04:29,939eaa2d65d4f099432aa1af7a465bcb8c77242b,19ab8ec8189e0baed43c63d77def30e4616315e7,持卡人消费,学苑楼商务网关,-2.3,5.04,4217,正常
2016/03/26 12:05:30,939eaa2d65d4f099432aa1af7a465bcb8c77242b,19ab8ec8189e0baed43c63d77def30e4616315e7,持卡人消费,学苑楼商务网关,-4.0,1.04,4218,正常
2016/03/26 12:16:57,939eaa2d65d4f099432aa1af7a465bcb8c77242b,19ab8ec8189e0baed43c63d77def30e4616315e7,存款,学苑楼综合业务2,50.0,51.04,4219,正常
2016/03/26 16:56:49,939eaa2d65d4f099432aa1af7a465bcb8c77242b,19ab8ec8189e0baed43c63d77def30e4616315e7,持卡人消费,学苑楼商务网关,-2.1,48.94,4220,正常
2016/03/26 16:57:27,939eaa2d65d4f099432aa1af7a465bcb8c77242b,19ab8ec8189e0baed43c63d77def30e4616315e7,持卡人消费,学苑楼商务网关,-1.0,47.94,4221,正常
2016/03/26 17:05:37,939eaa2d65d4f099432aa1af7a465bcb8c77242b,19ab8ec8189e0baed43c63d77def30e4616315e7,持卡人消费,学苑楼商务网关,-1.0,46.94,4222,正常
2016/03/26 17:16:49,939eaa2d65d4f099432aa1af7a465bcb8c77242b,19ab8ec8189e0baed43c63d77def30e4616315e7,持卡人消费,学苑楼商务网关,-6.7,40.24,4223,正常
2016/03/27 13:12:07,939eaa2d65d4f099432aa1af7a465bcb8c77242b,19ab8ec8189e0baed43c63d77def30e4616315e7,持卡人消费,硕果园（工大商店）,-12.0,28.24,4224,正常
2016/03/27 17:23:31,939eaa2d65d4f099432aa1af7a465bcb8c77242b,19ab8ec8189e0baed43c63d77def30e4616315e7,持卡人消费,学苑楼商务网关,-4.6,23.64,4225,正常
2016/03/27 17:29:17,939eaa2d65d4f099432aa1af7a465bcb8c77242b,19ab8ec8189e0baed43c63d77def30e4616315e7,持卡人消费,学苑楼商务网关,-2.4,21.24,4226,正常
2016/03/28 10:20:32,939eaa2d65d4f099432aa1af7a465bcb8c77242b,19ab8ec8189e0baed43c63d77def30e4616315e7,持卡人消费,学子超市园丁总店,-2.5,18.74,4227,正常
2016/03/28 17:12:28,939eaa2d65d4f099432aa1af7a465bcb8c77242b,19ab8ec8189e0baed43c63d77def30e4616315e7,持卡人消费,学苑楼商务网关,-2.1,16.64,4228,正常
2016/03/28 17:17:49,939eaa2d65d4f099432aa1af7a465bcb8c77242b,19ab8ec8189e0baed43c63d77def30e4616315e7,持卡人消费,学苑楼商务网关,-5.2,11.44,4229,正常
2016/03/28 18:41:00,939eaa2d65d4f099432aa1af7a465bcb8c77242b,19ab8ec8189e0baed43c63d77def30e4616315e7,持卡人消费,超市商务子系统,-0.3,11.14,4230,正常
2016/03/29 08:03:45,939eaa2d65d4f099432aa1af7a465bcb8c77242b,19ab8ec8189e0baed43c63d77def30e4616315e7,持卡人消费,学子超市园丁总店,-4.5,6.64,4231,正常
2016/03/31 12:30:59,939eaa2d65d4f099432aa1af7a465bcb8c77242b,19ab8ec8189e0baed43c63d77def30e4616315e7,持卡人消费,硕果园（工大商店）,-0.5,6.14,4232,正常
