交易发生时间,学号,姓名,交易类型,子系统名称,交易额,现有余额,次数,状态
2016/03/01 21:17:20,9a73e44b65f61b0a103ab27442dc766aafaa0376,19b099957916f2b328eedbb500de729b717e3f3d,持卡人消费,A7,-3.0,243.94,3069,正常
2016/03/02 11:14:14,9a73e44b65f61b0a103ab27442dc766aafaa0376,19b099957916f2b328eedbb500de729b717e3f3d,持卡人消费,学士楼商务网关,-9.7,234.24,3070,正常
2016/03/02 11:29:56,9a73e44b65f61b0a103ab27442dc766aafaa0376,19b099957916f2b328eedbb500de729b717e3f3d,持卡人消费,学士楼商务网关,-30.0,204.24,3071,正常
2016/03/03 16:51:47,9a73e44b65f61b0a103ab27442dc766aafaa0376,19b099957916f2b328eedbb500de729b717e3f3d,持卡人消费,学苑楼商务网关,-7.0,197.24,3072,正常
2016/03/03 16:55:55,9a73e44b65f61b0a103ab27442dc766aafaa0376,19b099957916f2b328eedbb500de729b717e3f3d,持卡人消费,学苑楼商务网关,-6.0,191.24,3073,正常
2016/03/03 17:19:29,9a73e44b65f61b0a103ab27442dc766aafaa0376,19b099957916f2b328eedbb500de729b717e3f3d,持卡人消费,超市商务子系统,-8.7,182.54,3074,正常
2016/03/07 16:38:41,9a73e44b65f61b0a103ab27442dc766aafaa0376,19b099957916f2b328eedbb500de729b717e3f3d,持卡人消费,学苑楼商务网关,-3.5,179.04,3075,正常
2016/03/07 16:39:41,9a73e44b65f61b0a103ab27442dc766aafaa0376,19b099957916f2b328eedbb500de729b717e3f3d,持卡人消费,学苑楼商务网关,-2.5,176.54,3076,正常
2016/03/07 16:40:34,9a73e44b65f61b0a103ab27442dc766aafaa0376,19b099957916f2b328eedbb500de729b717e3f3d,持卡人消费,学苑楼商务网关,-5.0,171.54,3077,正常
2016/03/09 17:35:07,9a73e44b65f61b0a103ab27442dc766aafaa0376,19b099957916f2b328eedbb500de729b717e3f3d,持卡人消费,学士楼商务网关,-2.6,168.94,3078,正常
2016/03/09 17:35:51,9a73e44b65f61b0a103ab27442dc766aafaa0376,19b099957916f2b328eedbb500de729b717e3f3d,持卡人消费,学士楼商务网关,-1.0,167.94,3079,正常
2016/03/09 17:37:00,9a73e44b65f61b0a103ab27442dc766aafaa0376,19b099957916f2b328eedbb500de729b717e3f3d,持卡人消费,学士楼商务网关,-6.0,161.94,3080,正常
2016/03/09 17:37:31,9a73e44b65f61b0a103ab27442dc766aafaa0376,19b099957916f2b328eedbb500de729b717e3f3d,持卡人消费,学士楼商务网关,-4.0,157.94,3081,正常
2016/03/09 17:38:04,9a73e44b65f61b0a103ab27442dc766aafaa0376,19b099957916f2b328eedbb500de729b717e3f3d,持卡人消费,学士楼商务网关,-0.6,157.34,3082,正常
2016/03/09 17:51:48,9a73e44b65f61b0a103ab27442dc766aafaa0376,19b099957916f2b328eedbb500de729b717e3f3d,持卡人消费,学士楼商务网关,-2.5,154.84,3083,正常
2016/03/09 17:53:34,9a73e44b65f61b0a103ab27442dc766aafaa0376,19b099957916f2b328eedbb500de729b717e3f3d,持卡人消费,硕果园（工大商店）,-5.0,149.84,3084,正常
2016/03/11 08:09:23,9a73e44b65f61b0a103ab27442dc766aafaa0376,19b099957916f2b328eedbb500de729b717e3f3d,持卡人消费,学士楼商务网关,-1.5,148.34,3085,正常
2016/03/11 08:10:24,9a73e44b65f61b0a103ab27442dc766aafaa0376,19b099957916f2b328eedbb500de729b717e3f3d,持卡人消费,学士楼商务网关,-2.0,146.34,3086,正常
2016/03/11 08:11:29,9a73e44b65f61b0a103ab27442dc766aafaa0376,19b099957916f2b328eedbb500de729b717e3f3d,持卡人消费,学士楼商务网关,-1.2,145.14,3087,正常
2016/03/11 16:55:12,9a73e44b65f61b0a103ab27442dc766aafaa0376,19b099957916f2b328eedbb500de729b717e3f3d,持卡人消费,学苑楼商务网关,-3.0,142.14,3088,正常
2016/03/11 16:56:32,9a73e44b65f61b0a103ab27442dc766aafaa0376,19b099957916f2b328eedbb500de729b717e3f3d,持卡人消费,学苑楼商务网关,-8.0,134.14,3089,正常
2016/03/11 16:58:51,9a73e44b65f61b0a103ab27442dc766aafaa0376,19b099957916f2b328eedbb500de729b717e3f3d,持卡人消费,学苑楼商务网关,-3.5,130.64,3090,正常
2016/03/11 17:06:54,9a73e44b65f61b0a103ab27442dc766aafaa0376,19b099957916f2b328eedbb500de729b717e3f3d,持卡人消费,学苑楼商务网关,-5.0,125.64,3091,正常
2016/03/16 17:23:33,9a73e44b65f61b0a103ab27442dc766aafaa0376,19b099957916f2b328eedbb500de729b717e3f3d,持卡人消费,学苑楼商务网关,-3.6,83.54,3095,正常
2016/03/16 17:24:54,9a73e44b65f61b0a103ab27442dc766aafaa0376,19b099957916f2b328eedbb500de729b717e3f3d,持卡人消费,学苑楼商务网关,-2.0,81.54,3096,正常
2016/03/16 17:28:27,9a73e44b65f61b0a103ab27442dc766aafaa0376,19b099957916f2b328eedbb500de729b717e3f3d,持卡人消费,学苑楼商务网关,-8.0,73.54,3097,正常
2016/03/17 11:12:12,9a73e44b65f61b0a103ab27442dc766aafaa0376,19b099957916f2b328eedbb500de729b717e3f3d,持卡人消费,学士楼商务网关,-4.0,69.54,3098,正常
2016/03/17 11:12:41,9a73e44b65f61b0a103ab27442dc766aafaa0376,19b099957916f2b328eedbb500de729b717e3f3d,持卡人消费,学士楼商务网关,-5.0,64.54,3099,正常
2016/03/17 11:14:42,9a73e44b65f61b0a103ab27442dc766aafaa0376,19b099957916f2b328eedbb500de729b717e3f3d,持卡人消费,学士楼商务网关,-1.0,63.54,3100,正常
2016/03/17 11:15:48,9a73e44b65f61b0a103ab27442dc766aafaa0376,19b099957916f2b328eedbb500de729b717e3f3d,持卡人消费,学士楼商务网关,-0.6,62.94,3101,正常
2016/03/17 11:32:32,9a73e44b65f61b0a103ab27442dc766aafaa0376,19b099957916f2b328eedbb500de729b717e3f3d,持卡人消费,学士楼商务网关,-2.5,60.44,3102,正常
2016/03/21 15:49:16,9a73e44b65f61b0a103ab27442dc766aafaa0376,19b099957916f2b328eedbb500de729b717e3f3d,持卡人消费,一校区水控新,-0.1,60.34,3104,正常
2016/03/21 15:56:35,9a73e44b65f61b0a103ab27442dc766aafaa0376,19b099957916f2b328eedbb500de729b717e3f3d,持卡人消费,一校区水控新,-1.26,59.08,3106,正常
2016/03/21 16:02:28,9a73e44b65f61b0a103ab27442dc766aafaa0376,19b099957916f2b328eedbb500de729b717e3f3d,持卡人消费,一校区水控新,-0.83,58.25,3108,正常
2016/03/21 16:04:11,9a73e44b65f61b0a103ab27442dc766aafaa0376,19b099957916f2b328eedbb500de729b717e3f3d,持卡人消费,一校区水控新,-0.05,58.20,3110,正常
2016/03/23 21:29:32,9a73e44b65f61b0a103ab27442dc766aafaa0376,19b099957916f2b328eedbb500de729b717e3f3d,持卡人消费,A7,-3.0,55.20,3111,正常
2016/03/23 21:29:36,9a73e44b65f61b0a103ab27442dc766aafaa0376,19b099957916f2b328eedbb500de729b717e3f3d,持卡人消费,A7,-3.0,52.20,3112,正常
2016/03/29 12:09:10,9a73e44b65f61b0a103ab27442dc766aafaa0376,19b099957916f2b328eedbb500de729b717e3f3d,持卡人消费,学士楼商务网关,-2.6,49.60,3113,正常
2016/03/29 12:09:30,9a73e44b65f61b0a103ab27442dc766aafaa0376,19b099957916f2b328eedbb500de729b717e3f3d,持卡人消费,学士楼商务网关,-3.0,46.60,3114,正常
2016/03/29 12:18:05,9a73e44b65f61b0a103ab27442dc766aafaa0376,19b099957916f2b328eedbb500de729b717e3f3d,持卡人消费,学士楼商务网关,-2.5,44.10,3115,正常
2016/03/30 10:51:09,9a73e44b65f61b0a103ab27442dc766aafaa0376,19b099957916f2b328eedbb500de729b717e3f3d,持卡人消费,学苑楼商务网关,-4.6,39.50,3116,正常
2016/03/30 10:52:11,9a73e44b65f61b0a103ab27442dc766aafaa0376,19b099957916f2b328eedbb500de729b717e3f3d,持卡人消费,学苑楼商务网关,-6.5,33.00,3117,正常
2016/03/30 11:08:30,9a73e44b65f61b0a103ab27442dc766aafaa0376,19b099957916f2b328eedbb500de729b717e3f3d,存款,学苑楼综合业务3,200.0,233.00,3118,正常
