交易发生时间,学号,姓名,交易类型,子系统名称,交易额,现有余额,次数,状态
2016/03/01 11:09:57,6f6a5124d9d2acd6f34a7ca9ef4ca455a4201086,19ba3205c00b653346819fa32ab8abe874ad2e83,持卡人消费,学苑楼商务网关,-8.0,155.16,5574,正常
2016/03/01 14:06:58,6f6a5124d9d2acd6f34a7ca9ef4ca455a4201086,19ba3205c00b653346819fa32ab8abe874ad2e83,持卡人消费,学子便利店A01后楼,-1.0,154.16,5575,正常
2016/03/02 07:28:34,6f6a5124d9d2acd6f34a7ca9ef4ca455a4201086,19ba3205c00b653346819fa32ab8abe874ad2e83,持卡人消费,学士楼商务网关,-2.9,151.26,5576,正常
2016/03/02 11:55:42,6f6a5124d9d2acd6f34a7ca9ef4ca455a4201086,19ba3205c00b653346819fa32ab8abe874ad2e83,持卡人消费,学苑楼商务网关,-4.6,146.66,5577,正常
2016/03/03 07:07:01,6f6a5124d9d2acd6f34a7ca9ef4ca455a4201086,19ba3205c00b653346819fa32ab8abe874ad2e83,持卡人消费,学士楼商务网关,-3.5,143.16,5578,正常
2016/03/03 11:46:20,6f6a5124d9d2acd6f34a7ca9ef4ca455a4201086,19ba3205c00b653346819fa32ab8abe874ad2e83,持卡人消费,学子楼商务网关,-6.0,137.16,5579,正常
2016/03/03 17:22:27,6f6a5124d9d2acd6f34a7ca9ef4ca455a4201086,19ba3205c00b653346819fa32ab8abe874ad2e83,持卡人消费,学士楼商务网关,-2.0,135.16,5580,正常
2016/03/03 17:24:35,6f6a5124d9d2acd6f34a7ca9ef4ca455a4201086,19ba3205c00b653346819fa32ab8abe874ad2e83,持卡人消费,学士楼商务网关,-1.0,134.16,5581,正常
2016/03/03 17:25:21,6f6a5124d9d2acd6f34a7ca9ef4ca455a4201086,19ba3205c00b653346819fa32ab8abe874ad2e83,持卡人消费,学士楼商务网关,-2.0,132.16,5582,正常
2016/03/03 17:39:21,6f6a5124d9d2acd6f34a7ca9ef4ca455a4201086,19ba3205c00b653346819fa32ab8abe874ad2e83,持卡人消费,硕果园（工大商店）,-10.0,122.16,5583,正常
2016/03/03 19:50:49,6f6a5124d9d2acd6f34a7ca9ef4ca455a4201086,19ba3205c00b653346819fa32ab8abe874ad2e83,持卡人消费,15公寓浴池,-1.02,121.14,5585,正常
2016/03/03 19:54:14,6f6a5124d9d2acd6f34a7ca9ef4ca455a4201086,19ba3205c00b653346819fa32ab8abe874ad2e83,持卡人消费,15公寓浴池,-0.42,120.72,5587,正常
2016/03/04 07:08:02,6f6a5124d9d2acd6f34a7ca9ef4ca455a4201086,19ba3205c00b653346819fa32ab8abe874ad2e83,持卡人消费,学士楼商务网关,-3.2,117.52,5588,正常
2016/03/04 07:08:24,6f6a5124d9d2acd6f34a7ca9ef4ca455a4201086,19ba3205c00b653346819fa32ab8abe874ad2e83,持卡人消费,学士楼商务网关,-1.0,116.52,5589,正常
2016/03/04 13:18:32,6f6a5124d9d2acd6f34a7ca9ef4ca455a4201086,19ba3205c00b653346819fa32ab8abe874ad2e83,持卡人消费,学子便利店A01后楼,-9.0,107.52,5590,正常
2016/03/05 11:25:13,6f6a5124d9d2acd6f34a7ca9ef4ca455a4201086,19ba3205c00b653346819fa32ab8abe874ad2e83,持卡人消费,学士楼商务网关,-3.1,104.42,5591,正常
2016/03/05 11:28:01,6f6a5124d9d2acd6f34a7ca9ef4ca455a4201086,19ba3205c00b653346819fa32ab8abe874ad2e83,持卡人消费,学士楼商务网关,-3.6,100.82,5592,正常
2016/03/05 12:58:02,6f6a5124d9d2acd6f34a7ca9ef4ca455a4201086,19ba3205c00b653346819fa32ab8abe874ad2e83,持卡人消费,15公寓浴池,-0.24,100.58,5594,正常
2016/03/05 12:58:24,6f6a5124d9d2acd6f34a7ca9ef4ca455a4201086,19ba3205c00b653346819fa32ab8abe874ad2e83,持卡人消费,15公寓浴池,-0.03,100.55,5596,正常
2016/03/05 12:59:44,6f6a5124d9d2acd6f34a7ca9ef4ca455a4201086,19ba3205c00b653346819fa32ab8abe874ad2e83,持卡人消费,15公寓浴池,-0.06,100.49,5598,正常
2016/03/05 13:01:52,6f6a5124d9d2acd6f34a7ca9ef4ca455a4201086,19ba3205c00b653346819fa32ab8abe874ad2e83,持卡人消费,15公寓浴池,-0.13,100.36,5600,正常
2016/03/05 13:04:56,6f6a5124d9d2acd6f34a7ca9ef4ca455a4201086,19ba3205c00b653346819fa32ab8abe874ad2e83,持卡人消费,15公寓浴池,-0.3,100.06,5602,正常
2016/03/05 13:07:27,6f6a5124d9d2acd6f34a7ca9ef4ca455a4201086,19ba3205c00b653346819fa32ab8abe874ad2e83,持卡人消费,15公寓浴池,-0.22,99.84,5604,正常
2016/03/05 13:08:57,6f6a5124d9d2acd6f34a7ca9ef4ca455a4201086,19ba3205c00b653346819fa32ab8abe874ad2e83,持卡人消费,15公寓浴池,-0.02,99.82,5606,正常
2016/03/05 13:09:54,6f6a5124d9d2acd6f34a7ca9ef4ca455a4201086,19ba3205c00b653346819fa32ab8abe874ad2e83,持卡人消费,15公寓浴池,-0.03,99.79,5608,正常
2016/03/05 13:12:19,6f6a5124d9d2acd6f34a7ca9ef4ca455a4201086,19ba3205c00b653346819fa32ab8abe874ad2e83,持卡人消费,15公寓浴池,-0.22,99.57,5610,正常
2016/03/05 13:15:09,6f6a5124d9d2acd6f34a7ca9ef4ca455a4201086,19ba3205c00b653346819fa32ab8abe874ad2e83,持卡人消费,15公寓浴池,-0.24,99.33,5612,正常
2016/03/05 13:17:25,6f6a5124d9d2acd6f34a7ca9ef4ca455a4201086,19ba3205c00b653346819fa32ab8abe874ad2e83,持卡人消费,15公寓浴池,-0.03,99.30,5614,正常
2016/03/05 13:21:13,6f6a5124d9d2acd6f34a7ca9ef4ca455a4201086,19ba3205c00b653346819fa32ab8abe874ad2e83,持卡人消费,15公寓浴池,-0.42,98.88,5616,正常
2016/03/05 13:35:31,6f6a5124d9d2acd6f34a7ca9ef4ca455a4201086,19ba3205c00b653346819fa32ab8abe874ad2e83,持卡人消费,学子便利店A01后楼,-3.0,95.88,5617,正常
2016/03/05 17:16:01,6f6a5124d9d2acd6f34a7ca9ef4ca455a4201086,19ba3205c00b653346819fa32ab8abe874ad2e83,持卡人消费,学士楼商务网关,-3.0,92.88,5618,正常
2016/03/05 17:17:35,6f6a5124d9d2acd6f34a7ca9ef4ca455a4201086,19ba3205c00b653346819fa32ab8abe874ad2e83,持卡人消费,学士楼商务网关,-3.0,89.88,5619,正常
2016/03/06 07:59:48,6f6a5124d9d2acd6f34a7ca9ef4ca455a4201086,19ba3205c00b653346819fa32ab8abe874ad2e83,持卡人消费,学士楼商务网关,-3.8,86.08,5620,正常
2016/03/06 08:09:18,6f6a5124d9d2acd6f34a7ca9ef4ca455a4201086,19ba3205c00b653346819fa32ab8abe874ad2e83,持卡人消费,学士楼商务网关,-0.5,85.58,5621,正常
2016/03/06 11:01:19,6f6a5124d9d2acd6f34a7ca9ef4ca455a4201086,19ba3205c00b653346819fa32ab8abe874ad2e83,持卡人消费,硕果园（工大商店）,-12.0,73.58,5622,正常
2016/03/06 17:41:41,6f6a5124d9d2acd6f34a7ca9ef4ca455a4201086,19ba3205c00b653346819fa32ab8abe874ad2e83,持卡人消费,学士楼商务网关,-2.7,70.88,5623,正常
2016/03/06 17:42:16,6f6a5124d9d2acd6f34a7ca9ef4ca455a4201086,19ba3205c00b653346819fa32ab8abe874ad2e83,持卡人消费,学士楼商务网关,-1.0,69.88,5624,正常
2016/03/06 17:55:57,6f6a5124d9d2acd6f34a7ca9ef4ca455a4201086,19ba3205c00b653346819fa32ab8abe874ad2e83,持卡人消费,超市商务子系统,-5.7,64.18,5625,正常
2016/03/06 18:00:50,6f6a5124d9d2acd6f34a7ca9ef4ca455a4201086,19ba3205c00b653346819fa32ab8abe874ad2e83,持卡人消费,学士楼商务网关,-2.3,61.88,5626,正常
2016/03/06 18:01:01,6f6a5124d9d2acd6f34a7ca9ef4ca455a4201086,19ba3205c00b653346819fa32ab8abe874ad2e83,持卡人消费,学士楼商务网关,-0.1,61.78,5627,正常
2016/03/06 18:10:07,6f6a5124d9d2acd6f34a7ca9ef4ca455a4201086,19ba3205c00b653346819fa32ab8abe874ad2e83,持卡人消费,学子便利店A01后楼,-6.5,55.28,5628,正常
2016/03/07 08:19:11,6f6a5124d9d2acd6f34a7ca9ef4ca455a4201086,19ba3205c00b653346819fa32ab8abe874ad2e83,持卡人消费,学子便利店A01后楼,-0.2,55.08,5629,正常
2016/03/07 10:56:22,6f6a5124d9d2acd6f34a7ca9ef4ca455a4201086,19ba3205c00b653346819fa32ab8abe874ad2e83,持卡人消费,学苑楼商务网关,-8.0,47.08,5630,正常
2016/03/07 10:57:02,6f6a5124d9d2acd6f34a7ca9ef4ca455a4201086,19ba3205c00b653346819fa32ab8abe874ad2e83,持卡人消费,学苑楼商务网关,-2.5,44.58,5631,正常
2016/03/07 18:05:50,6f6a5124d9d2acd6f34a7ca9ef4ca455a4201086,19ba3205c00b653346819fa32ab8abe874ad2e83,持卡人消费,学子便利店A01后楼,-2.5,42.08,5632,正常
2016/03/08 17:42:29,6f6a5124d9d2acd6f34a7ca9ef4ca455a4201086,19ba3205c00b653346819fa32ab8abe874ad2e83,持卡人消费,学士楼商务网关,-2.7,39.38,5633,正常
2016/03/08 17:43:34,6f6a5124d9d2acd6f34a7ca9ef4ca455a4201086,19ba3205c00b653346819fa32ab8abe874ad2e83,持卡人消费,学士楼商务网关,-1.0,38.38,5634,正常
2016/03/08 22:05:46,6f6a5124d9d2acd6f34a7ca9ef4ca455a4201086,19ba3205c00b653346819fa32ab8abe874ad2e83,持卡人消费,学子便利店A01后楼,-12.4,25.98,5635,正常
2016/03/09 13:16:48,6f6a5124d9d2acd6f34a7ca9ef4ca455a4201086,19ba3205c00b653346819fa32ab8abe874ad2e83,持卡人消费,15公寓浴池,-1.49,24.49,5637,正常
2016/03/09 13:19:57,6f6a5124d9d2acd6f34a7ca9ef4ca455a4201086,19ba3205c00b653346819fa32ab8abe874ad2e83,持卡人消费,15公寓浴池,-0.37,24.12,5639,正常
2016/03/09 13:20:46,6f6a5124d9d2acd6f34a7ca9ef4ca455a4201086,19ba3205c00b653346819fa32ab8abe874ad2e83,持卡人消费,15公寓浴池,-0.03,24.09,5641,正常
2016/03/09 13:22:25,6f6a5124d9d2acd6f34a7ca9ef4ca455a4201086,19ba3205c00b653346819fa32ab8abe874ad2e83,持卡人消费,15公寓浴池,-0.24,23.85,5643,正常
2016/03/09 19:34:55,6f6a5124d9d2acd6f34a7ca9ef4ca455a4201086,19ba3205c00b653346819fa32ab8abe874ad2e83,持卡人消费,学子便利店A01后楼,-5.5,18.35,5644,正常
2016/03/10 08:35:14,6f6a5124d9d2acd6f34a7ca9ef4ca455a4201086,19ba3205c00b653346819fa32ab8abe874ad2e83,持卡人消费,学子便利店A01后楼,-3.8,14.55,5645,正常
2016/03/10 21:27:04,6f6a5124d9d2acd6f34a7ca9ef4ca455a4201086,19ba3205c00b653346819fa32ab8abe874ad2e83,持卡人消费,学子便利店A01后楼,-7.3,7.25,5646,正常
2016/03/12 08:29:46,6f6a5124d9d2acd6f34a7ca9ef4ca455a4201086,19ba3205c00b653346819fa32ab8abe874ad2e83,持卡人消费,学子便利店A01后楼,-4.2,3.05,5647,正常
2016/03/12 20:58:42,6f6a5124d9d2acd6f34a7ca9ef4ca455a4201086,19ba3205c00b653346819fa32ab8abe874ad2e83,持卡人消费,超市商务子系统,-0.4,2.65,5648,正常
2016/03/12 21:22:21,6f6a5124d9d2acd6f34a7ca9ef4ca455a4201086,19ba3205c00b653346819fa32ab8abe874ad2e83,持卡人消费,身份前置机,-0.22,2.43,5649,正常
2016/03/14 11:12:55,6f6a5124d9d2acd6f34a7ca9ef4ca455a4201086,19ba3205c00b653346819fa32ab8abe874ad2e83,存款,现金充值机,100.0,102.43,5650,正常
2016/03/14 11:30:17,6f6a5124d9d2acd6f34a7ca9ef4ca455a4201086,19ba3205c00b653346819fa32ab8abe874ad2e83,持卡人消费,学苑楼商务网关,-9.0,93.43,5651,正常
2016/03/16 08:28:49,6f6a5124d9d2acd6f34a7ca9ef4ca455a4201086,19ba3205c00b653346819fa32ab8abe874ad2e83,持卡人消费,学士楼商务网关,-4.1,89.33,5652,正常
2016/03/17 06:51:44,6f6a5124d9d2acd6f34a7ca9ef4ca455a4201086,19ba3205c00b653346819fa32ab8abe874ad2e83,持卡人消费,学士楼商务网关,-3.8,85.53,5653,正常
2016/03/17 15:23:54,6f6a5124d9d2acd6f34a7ca9ef4ca455a4201086,19ba3205c00b653346819fa32ab8abe874ad2e83,持卡人消费,学子便利店A01后楼,-6.0,79.53,5654,正常
2016/03/17 20:40:11,6f6a5124d9d2acd6f34a7ca9ef4ca455a4201086,19ba3205c00b653346819fa32ab8abe874ad2e83,持卡人消费,学子便利店A01后楼,-2.5,77.03,5655,正常
2016/03/18 17:04:03,6f6a5124d9d2acd6f34a7ca9ef4ca455a4201086,19ba3205c00b653346819fa32ab8abe874ad2e83,持卡人消费,学士楼商务网关,-6.0,71.03,5656,正常
2016/03/18 17:04:31,6f6a5124d9d2acd6f34a7ca9ef4ca455a4201086,19ba3205c00b653346819fa32ab8abe874ad2e83,持卡人消费,学士楼商务网关,-1.0,70.03,5657,正常
2016/03/18 19:15:41,6f6a5124d9d2acd6f34a7ca9ef4ca455a4201086,19ba3205c00b653346819fa32ab8abe874ad2e83,持卡人消费,15公寓浴池,-1.28,68.75,5659,正常
2016/03/18 19:21:40,6f6a5124d9d2acd6f34a7ca9ef4ca455a4201086,19ba3205c00b653346819fa32ab8abe874ad2e83,持卡人消费,15公寓浴池,-0.83,67.92,5661,正常
2016/03/18 19:23:45,6f6a5124d9d2acd6f34a7ca9ef4ca455a4201086,19ba3205c00b653346819fa32ab8abe874ad2e83,持卡人消费,15公寓浴池,-0.06,67.86,5663,正常
2016/03/18 19:49:32,6f6a5124d9d2acd6f34a7ca9ef4ca455a4201086,19ba3205c00b653346819fa32ab8abe874ad2e83,持卡人消费,学子便利店A01后楼,-5.2,62.66,5664,正常
2016/03/19 17:07:03,6f6a5124d9d2acd6f34a7ca9ef4ca455a4201086,19ba3205c00b653346819fa32ab8abe874ad2e83,持卡人消费,学士楼商务网关,-1.0,61.66,5665,正常
2016/03/19 17:07:45,6f6a5124d9d2acd6f34a7ca9ef4ca455a4201086,19ba3205c00b653346819fa32ab8abe874ad2e83,持卡人消费,学士楼商务网关,-6.0,55.66,5666,正常
2016/03/19 17:09:56,6f6a5124d9d2acd6f34a7ca9ef4ca455a4201086,19ba3205c00b653346819fa32ab8abe874ad2e83,持卡人消费,学士楼商务网关,-1.0,54.66,5667,正常
2016/03/20 18:21:19,6f6a5124d9d2acd6f34a7ca9ef4ca455a4201086,19ba3205c00b653346819fa32ab8abe874ad2e83,持卡人消费,学子便利店A01后楼,-3.0,51.66,5668,正常
2016/03/20 20:21:39,6f6a5124d9d2acd6f34a7ca9ef4ca455a4201086,19ba3205c00b653346819fa32ab8abe874ad2e83,持卡人消费,学子便利店A01后楼,-2.7,48.96,5669,正常
2016/03/21 10:59:18,6f6a5124d9d2acd6f34a7ca9ef4ca455a4201086,19ba3205c00b653346819fa32ab8abe874ad2e83,持卡人消费,学子便利店A01后楼,-3.0,45.96,5670,正常
2016/03/21 12:33:46,6f6a5124d9d2acd6f34a7ca9ef4ca455a4201086,19ba3205c00b653346819fa32ab8abe874ad2e83,持卡人消费,15公寓浴池,-1.2,44.76,5672,正常
2016/03/21 12:43:56,6f6a5124d9d2acd6f34a7ca9ef4ca455a4201086,19ba3205c00b653346819fa32ab8abe874ad2e83,持卡人消费,15公寓浴池,-1.78,42.98,5674,正常
2016/03/21 12:50:24,6f6a5124d9d2acd6f34a7ca9ef4ca455a4201086,19ba3205c00b653346819fa32ab8abe874ad2e83,持卡人消费,15公寓浴池,-0.93,42.05,5676,正常
2016/03/21 16:28:36,6f6a5124d9d2acd6f34a7ca9ef4ca455a4201086,19ba3205c00b653346819fa32ab8abe874ad2e83,持卡人消费,硕果园（工大商店）,-17.8,24.25,5677,正常
2016/03/21 16:30:25,6f6a5124d9d2acd6f34a7ca9ef4ca455a4201086,19ba3205c00b653346819fa32ab8abe874ad2e83,持卡人消费,学士楼商务网关,-1.0,23.25,5678,正常
2016/03/21 16:31:01,6f6a5124d9d2acd6f34a7ca9ef4ca455a4201086,19ba3205c00b653346819fa32ab8abe874ad2e83,持卡人消费,学士楼商务网关,-3.6,19.65,5679,正常
2016/03/22 11:23:27,6f6a5124d9d2acd6f34a7ca9ef4ca455a4201086,19ba3205c00b653346819fa32ab8abe874ad2e83,持卡人消费,学苑楼商务网关,-8.0,11.65,5680,正常
2016/03/23 11:31:00,6f6a5124d9d2acd6f34a7ca9ef4ca455a4201086,19ba3205c00b653346819fa32ab8abe874ad2e83,持卡人消费,学苑楼商务网关,-8.0,3.65,5681,正常
2016/03/23 11:48:28,6f6a5124d9d2acd6f34a7ca9ef4ca455a4201086,19ba3205c00b653346819fa32ab8abe874ad2e83,持卡人消费,超市商务子系统,-1.0,2.65,5682,正常
2016/03/23 19:54:15,6f6a5124d9d2acd6f34a7ca9ef4ca455a4201086,19ba3205c00b653346819fa32ab8abe874ad2e83,持卡人消费,15公寓浴池,-0.08,2.57,5684,正常
2016/03/23 19:57:26,6f6a5124d9d2acd6f34a7ca9ef4ca455a4201086,19ba3205c00b653346819fa32ab8abe874ad2e83,持卡人消费,15公寓浴池,-0.59,1.98,5686,正常
2016/03/23 20:20:21,6f6a5124d9d2acd6f34a7ca9ef4ca455a4201086,19ba3205c00b653346819fa32ab8abe874ad2e83,持卡人消费,学子便利店A01后楼,-1.0,0.98,5687,正常
2016/03/24 07:51:29,6f6a5124d9d2acd6f34a7ca9ef4ca455a4201086,19ba3205c00b653346819fa32ab8abe874ad2e83,存款,现金充值机,200.0,200.98,5688,正常
2016/03/24 08:23:06,6f6a5124d9d2acd6f34a7ca9ef4ca455a4201086,19ba3205c00b653346819fa32ab8abe874ad2e83,持卡人消费,学士楼商务网关,-0.5,200.48,5689,正常
2016/03/24 08:23:13,6f6a5124d9d2acd6f34a7ca9ef4ca455a4201086,19ba3205c00b653346819fa32ab8abe874ad2e83,持卡人消费,学士楼商务网关,-1.0,199.48,5690,正常
2016/03/24 08:24:39,6f6a5124d9d2acd6f34a7ca9ef4ca455a4201086,19ba3205c00b653346819fa32ab8abe874ad2e83,持卡人消费,学士楼商务网关,-2.6,196.88,5691,正常
2016/03/24 08:25:20,6f6a5124d9d2acd6f34a7ca9ef4ca455a4201086,19ba3205c00b653346819fa32ab8abe874ad2e83,持卡人消费,学士楼商务网关,-0.5,196.38,5692,正常
2016/03/24 08:34:20,6f6a5124d9d2acd6f34a7ca9ef4ca455a4201086,19ba3205c00b653346819fa32ab8abe874ad2e83,持卡人消费,网络中心,-30.0,166.38,5693,正常
2016/03/24 11:13:19,6f6a5124d9d2acd6f34a7ca9ef4ca455a4201086,19ba3205c00b653346819fa32ab8abe874ad2e83,持卡人消费,学苑楼商务网关,-5.0,161.38,5694,正常
2016/03/24 11:13:42,6f6a5124d9d2acd6f34a7ca9ef4ca455a4201086,19ba3205c00b653346819fa32ab8abe874ad2e83,持卡人消费,学苑楼商务网关,-7.0,154.38,5695,正常
2016/03/24 19:49:47,6f6a5124d9d2acd6f34a7ca9ef4ca455a4201086,19ba3205c00b653346819fa32ab8abe874ad2e83,持卡人消费,学子便利店A01后楼,-19.8,134.58,5696,正常
2016/03/25 08:32:04,6f6a5124d9d2acd6f34a7ca9ef4ca455a4201086,19ba3205c00b653346819fa32ab8abe874ad2e83,持卡人消费,学士楼商务网关,-2.8,131.78,5697,正常
2016/03/25 08:32:07,6f6a5124d9d2acd6f34a7ca9ef4ca455a4201086,19ba3205c00b653346819fa32ab8abe874ad2e83,持卡人消费,学士楼商务网关,-2.5,129.28,5698,正常
2016/03/25 11:28:19,6f6a5124d9d2acd6f34a7ca9ef4ca455a4201086,19ba3205c00b653346819fa32ab8abe874ad2e83,持卡人消费,学苑楼商务网关,-9.0,120.28,5699,正常
2016/03/25 11:29:23,6f6a5124d9d2acd6f34a7ca9ef4ca455a4201086,19ba3205c00b653346819fa32ab8abe874ad2e83,持卡人消费,学苑楼商务网关,-9.0,111.28,5700,正常
2016/03/25 11:47:19,6f6a5124d9d2acd6f34a7ca9ef4ca455a4201086,19ba3205c00b653346819fa32ab8abe874ad2e83,持卡人消费,超市商务子系统,-17.1,94.18,5701,正常
2016/03/25 11:50:04,6f6a5124d9d2acd6f34a7ca9ef4ca455a4201086,19ba3205c00b653346819fa32ab8abe874ad2e83,持卡人消费,超市商务子系统,-12.5,81.68,5702,正常
2016/03/26 08:04:05,6f6a5124d9d2acd6f34a7ca9ef4ca455a4201086,19ba3205c00b653346819fa32ab8abe874ad2e83,持卡人消费,学士楼商务网关,-1.0,80.68,5703,正常
2016/03/26 11:17:10,6f6a5124d9d2acd6f34a7ca9ef4ca455a4201086,19ba3205c00b653346819fa32ab8abe874ad2e83,持卡人消费,学苑楼商务网关,-8.0,72.68,5704,正常
2016/03/26 11:18:04,6f6a5124d9d2acd6f34a7ca9ef4ca455a4201086,19ba3205c00b653346819fa32ab8abe874ad2e83,持卡人消费,学苑楼商务网关,-8.0,64.68,5705,正常
2016/03/26 19:12:17,6f6a5124d9d2acd6f34a7ca9ef4ca455a4201086,19ba3205c00b653346819fa32ab8abe874ad2e83,持卡人消费,超市商务子系统,-16.5,48.18,5706,正常
2016/03/26 19:13:09,6f6a5124d9d2acd6f34a7ca9ef4ca455a4201086,19ba3205c00b653346819fa32ab8abe874ad2e83,持卡人消费,超市商务子系统,-10.0,38.18,5707,正常
2016/03/28 09:05:29,6f6a5124d9d2acd6f34a7ca9ef4ca455a4201086,19ba3205c00b653346819fa32ab8abe874ad2e83,持卡人消费,学子超市园丁总店,-2.8,35.38,5708,正常
2016/03/28 11:16:37,6f6a5124d9d2acd6f34a7ca9ef4ca455a4201086,19ba3205c00b653346819fa32ab8abe874ad2e83,持卡人消费,超市商务子系统,-17.9,17.48,5709,正常
2016/03/28 20:10:59,6f6a5124d9d2acd6f34a7ca9ef4ca455a4201086,19ba3205c00b653346819fa32ab8abe874ad2e83,持卡人消费,15公寓浴池,-1.38,16.10,5711,正常
2016/03/28 20:15:37,6f6a5124d9d2acd6f34a7ca9ef4ca455a4201086,19ba3205c00b653346819fa32ab8abe874ad2e83,持卡人消费,15公寓浴池,-0.69,15.41,5713,正常
2016/03/28 21:39:38,6f6a5124d9d2acd6f34a7ca9ef4ca455a4201086,19ba3205c00b653346819fa32ab8abe874ad2e83,持卡人消费,学子便利店A01后楼,-1.0,14.41,5714,正常
2016/03/31 12:18:22,6f6a5124d9d2acd6f34a7ca9ef4ca455a4201086,19ba3205c00b653346819fa32ab8abe874ad2e83,持卡人消费,超市商务子系统,-2.6,11.81,5715,正常
