交易发生时间,学号,姓名,交易类型,子系统名称,交易额,现有余额,次数,状态
2016/03/01 14:30:49,de8ce62f31aadc9084c4ebecad3a9c41ca26438f,1a50b32b9048b0880c06f819fec9d84d43761b96,存款,现金充值机,200.0,203.71,3791,正常
2016/03/01 14:53:50,de8ce62f31aadc9084c4ebecad3a9c41ca26438f,1a50b32b9048b0880c06f819fec9d84d43761b96,持卡人消费,超市商务子系统,-28.9,174.81,3792,正常
2016/03/02 18:54:17,de8ce62f31aadc9084c4ebecad3a9c41ca26438f,1a50b32b9048b0880c06f819fec9d84d43761b96,持卡人消费,超市商务子系统,-20.2,154.61,3793,正常
2016/03/03 17:13:30,de8ce62f31aadc9084c4ebecad3a9c41ca26438f,1a50b32b9048b0880c06f819fec9d84d43761b96,持卡人消费,学士楼商务网关,-3.3,151.31,3794,正常
2016/03/03 17:15:15,de8ce62f31aadc9084c4ebecad3a9c41ca26438f,1a50b32b9048b0880c06f819fec9d84d43761b96,持卡人消费,学士楼商务网关,-2.0,149.31,3795,正常
2016/03/03 17:15:38,de8ce62f31aadc9084c4ebecad3a9c41ca26438f,1a50b32b9048b0880c06f819fec9d84d43761b96,持卡人消费,学士楼商务网关,-2.0,147.31,3796,正常
2016/03/04 11:24:29,de8ce62f31aadc9084c4ebecad3a9c41ca26438f,1a50b32b9048b0880c06f819fec9d84d43761b96,持卡人消费,硕果园（工大商店）,-3.5,143.81,3797,正常
2016/03/04 17:03:43,de8ce62f31aadc9084c4ebecad3a9c41ca26438f,1a50b32b9048b0880c06f819fec9d84d43761b96,持卡人消费,学苑楼商务网关,-9.0,134.81,3798,正常
2016/03/04 17:23:45,de8ce62f31aadc9084c4ebecad3a9c41ca26438f,1a50b32b9048b0880c06f819fec9d84d43761b96,持卡人消费,超市商务子系统,-15.5,119.31,3799,正常
2016/03/04 17:24:56,de8ce62f31aadc9084c4ebecad3a9c41ca26438f,1a50b32b9048b0880c06f819fec9d84d43761b96,持卡人消费,超市商务子系统,-9.5,109.81,3800,正常
2016/03/05 12:08:47,de8ce62f31aadc9084c4ebecad3a9c41ca26438f,1a50b32b9048b0880c06f819fec9d84d43761b96,持卡人消费,硕果园（工大商店）,-2.0,107.81,3801,正常
2016/03/06 08:20:45,de8ce62f31aadc9084c4ebecad3a9c41ca26438f,1a50b32b9048b0880c06f819fec9d84d43761b96,持卡人消费,学士楼商务网关,-3.1,104.71,3802,正常
2016/03/06 11:00:43,de8ce62f31aadc9084c4ebecad3a9c41ca26438f,1a50b32b9048b0880c06f819fec9d84d43761b96,持卡人消费,学苑楼商务网关,-3.0,101.71,3803,正常
2016/03/06 11:01:01,de8ce62f31aadc9084c4ebecad3a9c41ca26438f,1a50b32b9048b0880c06f819fec9d84d43761b96,持卡人消费,学苑楼商务网关,-3.5,98.21,3804,正常
2016/03/06 11:01:48,de8ce62f31aadc9084c4ebecad3a9c41ca26438f,1a50b32b9048b0880c06f819fec9d84d43761b96,持卡人消费,学苑楼商务网关,-2.2,96.01,3805,正常
2016/03/08 08:41:54,de8ce62f31aadc9084c4ebecad3a9c41ca26438f,1a50b32b9048b0880c06f819fec9d84d43761b96,持卡人消费,学士楼商务网关,-2.0,94.01,3806,正常
2016/03/08 08:43:23,de8ce62f31aadc9084c4ebecad3a9c41ca26438f,1a50b32b9048b0880c06f819fec9d84d43761b96,持卡人消费,学士楼商务网关,-0.9,93.11,3807,正常
2016/03/08 20:38:53,de8ce62f31aadc9084c4ebecad3a9c41ca26438f,1a50b32b9048b0880c06f819fec9d84d43761b96,持卡人消费,超市商务子系统,-11.1,82.01,3808,正常
2016/03/08 20:47:52,de8ce62f31aadc9084c4ebecad3a9c41ca26438f,1a50b32b9048b0880c06f819fec9d84d43761b96,持卡人消费,超市商务子系统,-1.2,80.81,3809,正常
2016/03/09 08:00:35,de8ce62f31aadc9084c4ebecad3a9c41ca26438f,1a50b32b9048b0880c06f819fec9d84d43761b96,持卡人消费,学士楼商务网关,-2.7,78.11,3810,正常
2016/03/09 11:13:19,de8ce62f31aadc9084c4ebecad3a9c41ca26438f,1a50b32b9048b0880c06f819fec9d84d43761b96,持卡人消费,学士楼商务网关,-2.5,75.61,3811,正常
2016/03/09 11:14:17,de8ce62f31aadc9084c4ebecad3a9c41ca26438f,1a50b32b9048b0880c06f819fec9d84d43761b96,持卡人消费,学士楼商务网关,-1.5,74.11,3812,正常
2016/03/09 11:15:25,de8ce62f31aadc9084c4ebecad3a9c41ca26438f,1a50b32b9048b0880c06f819fec9d84d43761b96,持卡人消费,学士楼商务网关,-2.0,72.11,3813,正常
2016/03/10 17:12:40,de8ce62f31aadc9084c4ebecad3a9c41ca26438f,1a50b32b9048b0880c06f819fec9d84d43761b96,持卡人消费,学士楼商务网关,-2.5,69.61,3814,正常
2016/03/10 17:14:00,de8ce62f31aadc9084c4ebecad3a9c41ca26438f,1a50b32b9048b0880c06f819fec9d84d43761b96,持卡人消费,学士楼商务网关,-10.0,59.61,3815,正常
2016/03/11 08:08:42,de8ce62f31aadc9084c4ebecad3a9c41ca26438f,1a50b32b9048b0880c06f819fec9d84d43761b96,持卡人消费,学士楼商务网关,-3.1,56.51,3816,正常
2016/03/11 11:08:25,de8ce62f31aadc9084c4ebecad3a9c41ca26438f,1a50b32b9048b0880c06f819fec9d84d43761b96,持卡人消费,学士楼商务网关,-4.4,52.11,3817,正常
2016/03/11 11:09:00,de8ce62f31aadc9084c4ebecad3a9c41ca26438f,1a50b32b9048b0880c06f819fec9d84d43761b96,持卡人消费,学士楼商务网关,-1.0,51.11,3818,正常
2016/03/11 11:33:20,de8ce62f31aadc9084c4ebecad3a9c41ca26438f,1a50b32b9048b0880c06f819fec9d84d43761b96,持卡人消费,超市商务子系统,-4.0,47.11,3819,正常
2016/03/11 11:34:43,de8ce62f31aadc9084c4ebecad3a9c41ca26438f,1a50b32b9048b0880c06f819fec9d84d43761b96,持卡人消费,超市商务子系统,-0.2,46.91,3820,正常
2016/03/11 17:07:19,de8ce62f31aadc9084c4ebecad3a9c41ca26438f,1a50b32b9048b0880c06f819fec9d84d43761b96,持卡人消费,学士楼商务网关,-1.7,45.21,3821,正常
2016/03/11 17:08:13,de8ce62f31aadc9084c4ebecad3a9c41ca26438f,1a50b32b9048b0880c06f819fec9d84d43761b96,持卡人消费,学士楼商务网关,-1.5,43.71,3822,正常
2016/03/11 17:08:27,de8ce62f31aadc9084c4ebecad3a9c41ca26438f,1a50b32b9048b0880c06f819fec9d84d43761b96,持卡人消费,学士楼商务网关,-3.0,40.71,3823,正常
2016/03/12 08:04:52,de8ce62f31aadc9084c4ebecad3a9c41ca26438f,1a50b32b9048b0880c06f819fec9d84d43761b96,持卡人消费,学士楼商务网关,-2.7,38.01,3824,正常
2016/03/12 11:03:25,de8ce62f31aadc9084c4ebecad3a9c41ca26438f,1a50b32b9048b0880c06f819fec9d84d43761b96,持卡人消费,学士楼商务网关,-3.0,35.01,3825,正常
2016/03/12 11:04:08,de8ce62f31aadc9084c4ebecad3a9c41ca26438f,1a50b32b9048b0880c06f819fec9d84d43761b96,持卡人消费,学士楼商务网关,-4.5,30.51,3826,正常
2016/03/14 08:26:34,de8ce62f31aadc9084c4ebecad3a9c41ca26438f,1a50b32b9048b0880c06f819fec9d84d43761b96,持卡人消费,学士楼商务网关,-2.4,211.11,3834,正常
2016/03/14 11:02:09,de8ce62f31aadc9084c4ebecad3a9c41ca26438f,1a50b32b9048b0880c06f819fec9d84d43761b96,持卡人消费,学士楼商务网关,-2.5,208.61,3835,正常
2016/03/14 11:02:53,de8ce62f31aadc9084c4ebecad3a9c41ca26438f,1a50b32b9048b0880c06f819fec9d84d43761b96,持卡人消费,学士楼商务网关,-4.0,204.61,3836,正常
2016/03/14 11:03:01,de8ce62f31aadc9084c4ebecad3a9c41ca26438f,1a50b32b9048b0880c06f819fec9d84d43761b96,持卡人消费,学士楼商务网关,-1.0,203.61,3837,正常
2016/03/15 17:13:33,de8ce62f31aadc9084c4ebecad3a9c41ca26438f,1a50b32b9048b0880c06f819fec9d84d43761b96,持卡人消费,学苑楼商务网关,-3.0,200.61,3838,正常
2016/03/15 17:14:00,de8ce62f31aadc9084c4ebecad3a9c41ca26438f,1a50b32b9048b0880c06f819fec9d84d43761b96,持卡人消费,学苑楼商务网关,-10.0,190.61,3839,正常
2016/03/15 17:15:03,de8ce62f31aadc9084c4ebecad3a9c41ca26438f,1a50b32b9048b0880c06f819fec9d84d43761b96,持卡人消费,学苑楼商务网关,-1.0,189.61,3840,正常
2016/03/16 08:02:05,de8ce62f31aadc9084c4ebecad3a9c41ca26438f,1a50b32b9048b0880c06f819fec9d84d43761b96,持卡人消费,学士楼商务网关,-2.7,186.91,3841,正常
2016/03/16 11:10:39,de8ce62f31aadc9084c4ebecad3a9c41ca26438f,1a50b32b9048b0880c06f819fec9d84d43761b96,持卡人消费,学士楼商务网关,-2.0,184.91,3842,正常
2016/03/16 11:11:32,de8ce62f31aadc9084c4ebecad3a9c41ca26438f,1a50b32b9048b0880c06f819fec9d84d43761b96,持卡人消费,学士楼商务网关,-2.5,182.41,3843,正常
2016/03/16 11:12:03,de8ce62f31aadc9084c4ebecad3a9c41ca26438f,1a50b32b9048b0880c06f819fec9d84d43761b96,持卡人消费,学士楼商务网关,-2.5,179.91,3844,正常
2016/03/16 13:49:26,de8ce62f31aadc9084c4ebecad3a9c41ca26438f,1a50b32b9048b0880c06f819fec9d84d43761b96,持卡人消费,硕果园（工大商店）,-7.5,172.41,3845,正常
2016/03/16 17:03:47,de8ce62f31aadc9084c4ebecad3a9c41ca26438f,1a50b32b9048b0880c06f819fec9d84d43761b96,持卡人消费,学士楼商务网关,-0.7,171.71,3846,正常
2016/03/16 17:04:40,de8ce62f31aadc9084c4ebecad3a9c41ca26438f,1a50b32b9048b0880c06f819fec9d84d43761b96,持卡人消费,学士楼商务网关,-2.0,169.71,3847,正常
2016/03/16 17:07:20,de8ce62f31aadc9084c4ebecad3a9c41ca26438f,1a50b32b9048b0880c06f819fec9d84d43761b96,持卡人消费,学士楼商务网关,-14.0,155.71,3848,正常
2016/03/17 08:01:41,de8ce62f31aadc9084c4ebecad3a9c41ca26438f,1a50b32b9048b0880c06f819fec9d84d43761b96,持卡人消费,学士楼商务网关,-3.0,152.71,3849,正常
2016/03/17 11:06:32,de8ce62f31aadc9084c4ebecad3a9c41ca26438f,1a50b32b9048b0880c06f819fec9d84d43761b96,持卡人消费,学士楼商务网关,-3.2,149.51,3850,正常
2016/03/17 11:07:16,de8ce62f31aadc9084c4ebecad3a9c41ca26438f,1a50b32b9048b0880c06f819fec9d84d43761b96,持卡人消费,学士楼商务网关,-2.5,147.01,3851,正常
2016/03/17 11:07:46,de8ce62f31aadc9084c4ebecad3a9c41ca26438f,1a50b32b9048b0880c06f819fec9d84d43761b96,持卡人消费,学士楼商务网关,-1.0,146.01,3852,正常
2016/03/17 17:02:28,de8ce62f31aadc9084c4ebecad3a9c41ca26438f,1a50b32b9048b0880c06f819fec9d84d43761b96,持卡人消费,学士楼商务网关,-1.5,144.51,3853,正常
2016/03/17 17:04:02,de8ce62f31aadc9084c4ebecad3a9c41ca26438f,1a50b32b9048b0880c06f819fec9d84d43761b96,持卡人消费,学士楼商务网关,-3.5,141.01,3854,正常
2016/03/17 17:22:26,de8ce62f31aadc9084c4ebecad3a9c41ca26438f,1a50b32b9048b0880c06f819fec9d84d43761b96,持卡人消费,硕果园（工大商店）,-11.5,129.51,3855,正常
2016/03/18 08:35:47,de8ce62f31aadc9084c4ebecad3a9c41ca26438f,1a50b32b9048b0880c06f819fec9d84d43761b96,持卡人消费,学士楼商务网关,-1.2,128.31,3856,正常
2016/03/18 08:36:18,de8ce62f31aadc9084c4ebecad3a9c41ca26438f,1a50b32b9048b0880c06f819fec9d84d43761b96,持卡人消费,学士楼商务网关,-2.5,125.81,3857,正常
2016/03/18 17:24:38,de8ce62f31aadc9084c4ebecad3a9c41ca26438f,1a50b32b9048b0880c06f819fec9d84d43761b96,持卡人消费,学士楼商务网关,-0.7,125.11,3858,正常
2016/03/18 17:25:40,de8ce62f31aadc9084c4ebecad3a9c41ca26438f,1a50b32b9048b0880c06f819fec9d84d43761b96,持卡人消费,学士楼商务网关,-2.0,123.11,3859,正常
2016/03/18 17:26:00,de8ce62f31aadc9084c4ebecad3a9c41ca26438f,1a50b32b9048b0880c06f819fec9d84d43761b96,持卡人消费,学士楼商务网关,-4.0,119.11,3860,正常
2016/03/19 08:06:24,de8ce62f31aadc9084c4ebecad3a9c41ca26438f,1a50b32b9048b0880c06f819fec9d84d43761b96,持卡人消费,学士楼商务网关,-4.7,114.41,3861,正常
2016/03/19 11:42:03,de8ce62f31aadc9084c4ebecad3a9c41ca26438f,1a50b32b9048b0880c06f819fec9d84d43761b96,持卡人消费,学士楼商务网关,-2.9,111.51,3862,正常
2016/03/19 11:43:14,de8ce62f31aadc9084c4ebecad3a9c41ca26438f,1a50b32b9048b0880c06f819fec9d84d43761b96,持卡人消费,学士楼商务网关,-3.5,108.01,3863,正常
2016/03/19 16:53:02,de8ce62f31aadc9084c4ebecad3a9c41ca26438f,1a50b32b9048b0880c06f819fec9d84d43761b96,持卡人消费,学苑楼商务网关,-5.0,103.01,3864,正常
2016/03/19 16:53:40,de8ce62f31aadc9084c4ebecad3a9c41ca26438f,1a50b32b9048b0880c06f819fec9d84d43761b96,持卡人消费,学苑楼商务网关,-3.5,99.51,3865,正常
2016/03/19 16:54:10,de8ce62f31aadc9084c4ebecad3a9c41ca26438f,1a50b32b9048b0880c06f819fec9d84d43761b96,持卡人消费,学苑楼商务网关,-1.8,97.71,3866,正常
2016/03/19 17:31:46,de8ce62f31aadc9084c4ebecad3a9c41ca26438f,1a50b32b9048b0880c06f819fec9d84d43761b96,持卡人消费,超市商务子系统,-10.2,87.51,3867,正常
2016/03/19 17:36:50,de8ce62f31aadc9084c4ebecad3a9c41ca26438f,1a50b32b9048b0880c06f819fec9d84d43761b96,持卡人消费,超市商务子系统,-19.7,67.81,3868,正常
2016/03/20 08:21:47,de8ce62f31aadc9084c4ebecad3a9c41ca26438f,1a50b32b9048b0880c06f819fec9d84d43761b96,持卡人消费,学士楼商务网关,-2.6,65.21,3869,正常
2016/03/20 08:22:03,de8ce62f31aadc9084c4ebecad3a9c41ca26438f,1a50b32b9048b0880c06f819fec9d84d43761b96,持卡人消费,学士楼商务网关,-0.2,65.01,3870,正常
2016/03/20 11:48:37,de8ce62f31aadc9084c4ebecad3a9c41ca26438f,1a50b32b9048b0880c06f819fec9d84d43761b96,持卡人消费,学苑楼商务网关,-5.0,60.01,3871,正常
2016/03/20 11:49:17,de8ce62f31aadc9084c4ebecad3a9c41ca26438f,1a50b32b9048b0880c06f819fec9d84d43761b96,持卡人消费,学苑楼商务网关,-3.5,56.51,3872,正常
2016/03/20 11:49:56,de8ce62f31aadc9084c4ebecad3a9c41ca26438f,1a50b32b9048b0880c06f819fec9d84d43761b96,持卡人消费,学苑楼商务网关,-1.5,55.01,3873,正常
2016/03/20 11:50:17,de8ce62f31aadc9084c4ebecad3a9c41ca26438f,1a50b32b9048b0880c06f819fec9d84d43761b96,持卡人消费,学苑楼商务网关,-1.5,53.51,3874,正常
2016/03/20 17:32:13,de8ce62f31aadc9084c4ebecad3a9c41ca26438f,1a50b32b9048b0880c06f819fec9d84d43761b96,持卡人消费,学苑楼商务网关,-2.5,51.01,3875,正常
2016/03/20 17:32:50,de8ce62f31aadc9084c4ebecad3a9c41ca26438f,1a50b32b9048b0880c06f819fec9d84d43761b96,持卡人消费,学苑楼商务网关,-5.6,45.41,3876,正常
2016/03/20 17:33:43,de8ce62f31aadc9084c4ebecad3a9c41ca26438f,1a50b32b9048b0880c06f819fec9d84d43761b96,持卡人消费,学苑楼商务网关,-3.48,41.93,3877,正常
2016/03/20 18:06:01,de8ce62f31aadc9084c4ebecad3a9c41ca26438f,1a50b32b9048b0880c06f819fec9d84d43761b96,持卡人消费,超市商务子系统,-3.4,38.53,3878,正常
2016/03/21 08:05:57,de8ce62f31aadc9084c4ebecad3a9c41ca26438f,1a50b32b9048b0880c06f819fec9d84d43761b96,持卡人消费,学士楼商务网关,-3.8,34.73,3879,正常
2016/03/21 11:12:59,de8ce62f31aadc9084c4ebecad3a9c41ca26438f,1a50b32b9048b0880c06f819fec9d84d43761b96,持卡人消费,学苑楼商务网关,-6.0,28.73,3880,正常
2016/03/21 11:13:46,de8ce62f31aadc9084c4ebecad3a9c41ca26438f,1a50b32b9048b0880c06f819fec9d84d43761b96,持卡人消费,学苑楼商务网关,-3.0,25.73,3881,正常
2016/03/21 11:14:42,de8ce62f31aadc9084c4ebecad3a9c41ca26438f,1a50b32b9048b0880c06f819fec9d84d43761b96,持卡人消费,学苑楼商务网关,-1.4,24.33,3882,正常
2016/03/21 17:36:35,de8ce62f31aadc9084c4ebecad3a9c41ca26438f,1a50b32b9048b0880c06f819fec9d84d43761b96,持卡人消费,学苑楼商务网关,-5.0,19.33,3883,正常
2016/03/21 17:37:40,de8ce62f31aadc9084c4ebecad3a9c41ca26438f,1a50b32b9048b0880c06f819fec9d84d43761b96,持卡人消费,学苑楼商务网关,-5.0,14.33,3884,正常
2016/03/21 17:38:30,de8ce62f31aadc9084c4ebecad3a9c41ca26438f,1a50b32b9048b0880c06f819fec9d84d43761b96,持卡人消费,学苑楼商务网关,-0.5,13.83,3885,正常
2016/03/21 18:07:01,de8ce62f31aadc9084c4ebecad3a9c41ca26438f,1a50b32b9048b0880c06f819fec9d84d43761b96,存款,现金充值机,200.0,213.83,3886,正常
2016/03/22 08:08:22,de8ce62f31aadc9084c4ebecad3a9c41ca26438f,1a50b32b9048b0880c06f819fec9d84d43761b96,持卡人消费,学士楼商务网关,-6.2,207.63,3887,正常
2016/03/22 11:08:27,de8ce62f31aadc9084c4ebecad3a9c41ca26438f,1a50b32b9048b0880c06f819fec9d84d43761b96,持卡人消费,学士楼商务网关,-1.7,205.93,3888,正常
2016/03/22 11:09:15,de8ce62f31aadc9084c4ebecad3a9c41ca26438f,1a50b32b9048b0880c06f819fec9d84d43761b96,持卡人消费,学士楼商务网关,-3.0,202.93,3889,正常
2016/03/22 11:09:49,de8ce62f31aadc9084c4ebecad3a9c41ca26438f,1a50b32b9048b0880c06f819fec9d84d43761b96,持卡人消费,学士楼商务网关,-1.0,201.93,3890,正常
2016/03/22 17:08:40,de8ce62f31aadc9084c4ebecad3a9c41ca26438f,1a50b32b9048b0880c06f819fec9d84d43761b96,持卡人消费,学子楼商务网关,-10.6,191.33,3891,正常
2016/03/22 17:10:08,de8ce62f31aadc9084c4ebecad3a9c41ca26438f,1a50b32b9048b0880c06f819fec9d84d43761b96,持卡人消费,学子楼商务网关,-3.5,187.83,3892,正常
2016/03/23 07:45:54,de8ce62f31aadc9084c4ebecad3a9c41ca26438f,1a50b32b9048b0880c06f819fec9d84d43761b96,持卡人消费,学士楼商务网关,-4.4,183.43,3893,正常
2016/03/23 17:35:12,de8ce62f31aadc9084c4ebecad3a9c41ca26438f,1a50b32b9048b0880c06f819fec9d84d43761b96,持卡人消费,学苑楼商务网关,-6.0,177.43,3894,正常
2016/03/23 17:35:34,de8ce62f31aadc9084c4ebecad3a9c41ca26438f,1a50b32b9048b0880c06f819fec9d84d43761b96,持卡人消费,学苑楼商务网关,-3.0,174.43,3895,正常
2016/03/23 17:36:20,de8ce62f31aadc9084c4ebecad3a9c41ca26438f,1a50b32b9048b0880c06f819fec9d84d43761b96,持卡人消费,学苑楼商务网关,-0.25,174.18,3896,正常
2016/03/23 17:38:37,de8ce62f31aadc9084c4ebecad3a9c41ca26438f,1a50b32b9048b0880c06f819fec9d84d43761b96,持卡人消费,学苑楼商务网关,-1.5,172.68,3897,正常
2016/03/24 07:55:23,de8ce62f31aadc9084c4ebecad3a9c41ca26438f,1a50b32b9048b0880c06f819fec9d84d43761b96,持卡人消费,学苑楼商务网关,-2.1,170.58,3898,正常
2016/03/25 07:57:48,de8ce62f31aadc9084c4ebecad3a9c41ca26438f,1a50b32b9048b0880c06f819fec9d84d43761b96,持卡人消费,学苑楼商务网关,-2.4,168.18,3899,正常
2016/03/25 17:11:18,de8ce62f31aadc9084c4ebecad3a9c41ca26438f,1a50b32b9048b0880c06f819fec9d84d43761b96,持卡人消费,学士楼商务网关,-9.2,158.98,3900,正常
2016/03/26 07:59:46,de8ce62f31aadc9084c4ebecad3a9c41ca26438f,1a50b32b9048b0880c06f819fec9d84d43761b96,持卡人消费,学苑楼商务网关,-2.7,156.28,3901,正常
2016/03/26 11:00:21,de8ce62f31aadc9084c4ebecad3a9c41ca26438f,1a50b32b9048b0880c06f819fec9d84d43761b96,持卡人消费,学士楼商务网关,-3.5,152.78,3902,正常
2016/03/26 11:01:17,de8ce62f31aadc9084c4ebecad3a9c41ca26438f,1a50b32b9048b0880c06f819fec9d84d43761b96,持卡人消费,学士楼商务网关,-2.0,150.78,3903,正常
2016/03/26 11:01:51,de8ce62f31aadc9084c4ebecad3a9c41ca26438f,1a50b32b9048b0880c06f819fec9d84d43761b96,持卡人消费,学士楼商务网关,-2.5,148.28,3904,正常
2016/03/26 13:48:02,de8ce62f31aadc9084c4ebecad3a9c41ca26438f,1a50b32b9048b0880c06f819fec9d84d43761b96,持卡人消费,硕果园（工大商店）,-7.1,141.18,3905,正常
2016/03/26 17:10:23,de8ce62f31aadc9084c4ebecad3a9c41ca26438f,1a50b32b9048b0880c06f819fec9d84d43761b96,持卡人消费,学士楼商务网关,-1.5,139.68,3906,正常
2016/03/26 17:10:53,de8ce62f31aadc9084c4ebecad3a9c41ca26438f,1a50b32b9048b0880c06f819fec9d84d43761b96,持卡人消费,学士楼商务网关,-4.0,135.68,3907,正常
2016/03/26 17:11:29,de8ce62f31aadc9084c4ebecad3a9c41ca26438f,1a50b32b9048b0880c06f819fec9d84d43761b96,持卡人消费,学士楼商务网关,-1.5,134.18,3908,正常
2016/03/26 17:13:07,de8ce62f31aadc9084c4ebecad3a9c41ca26438f,1a50b32b9048b0880c06f819fec9d84d43761b96,持卡人消费,学士楼商务网关,-2.0,132.18,3909,正常
2016/03/27 08:36:21,de8ce62f31aadc9084c4ebecad3a9c41ca26438f,1a50b32b9048b0880c06f819fec9d84d43761b96,持卡人消费,学士楼商务网关,-1.7,130.48,3910,正常
2016/03/27 08:37:20,de8ce62f31aadc9084c4ebecad3a9c41ca26438f,1a50b32b9048b0880c06f819fec9d84d43761b96,持卡人消费,学士楼商务网关,-3.0,127.48,3911,正常
2016/03/28 08:13:11,de8ce62f31aadc9084c4ebecad3a9c41ca26438f,1a50b32b9048b0880c06f819fec9d84d43761b96,持卡人消费,学士楼商务网关,-2.7,124.78,3912,正常
2016/03/28 11:14:20,de8ce62f31aadc9084c4ebecad3a9c41ca26438f,1a50b32b9048b0880c06f819fec9d84d43761b96,持卡人消费,学士楼商务网关,-17.0,107.78,3913,正常
2016/03/28 13:19:16,de8ce62f31aadc9084c4ebecad3a9c41ca26438f,1a50b32b9048b0880c06f819fec9d84d43761b96,持卡人消费,超市商务子系统,-2.4,105.38,3914,正常
2016/03/28 13:26:24,de8ce62f31aadc9084c4ebecad3a9c41ca26438f,1a50b32b9048b0880c06f819fec9d84d43761b96,持卡人消费,硕果园（工大商店）,-0.7,104.68,3915,正常
2016/03/28 17:32:57,de8ce62f31aadc9084c4ebecad3a9c41ca26438f,1a50b32b9048b0880c06f819fec9d84d43761b96,持卡人消费,学苑楼商务网关,-3.5,101.18,3916,正常
2016/03/28 17:33:49,de8ce62f31aadc9084c4ebecad3a9c41ca26438f,1a50b32b9048b0880c06f819fec9d84d43761b96,持卡人消费,学苑楼商务网关,-8.0,93.18,3917,正常
2016/03/28 17:35:20,de8ce62f31aadc9084c4ebecad3a9c41ca26438f,1a50b32b9048b0880c06f819fec9d84d43761b96,持卡人消费,学苑楼商务网关,-1.5,91.68,3918,正常
2016/03/28 17:35:33,de8ce62f31aadc9084c4ebecad3a9c41ca26438f,1a50b32b9048b0880c06f819fec9d84d43761b96,持卡人消费,学苑楼商务网关,-1.6,90.08,3919,正常
2016/03/29 07:38:56,de8ce62f31aadc9084c4ebecad3a9c41ca26438f,1a50b32b9048b0880c06f819fec9d84d43761b96,持卡人消费,学士楼商务网关,-4.7,85.38,3920,正常
2016/03/29 11:20:42,de8ce62f31aadc9084c4ebecad3a9c41ca26438f,1a50b32b9048b0880c06f819fec9d84d43761b96,持卡人消费,学苑楼商务网关,-3.0,82.38,3921,正常
2016/03/29 11:21:48,de8ce62f31aadc9084c4ebecad3a9c41ca26438f,1a50b32b9048b0880c06f819fec9d84d43761b96,持卡人消费,学苑楼商务网关,-4.5,77.88,3922,正常
2016/03/29 11:22:48,de8ce62f31aadc9084c4ebecad3a9c41ca26438f,1a50b32b9048b0880c06f819fec9d84d43761b96,持卡人消费,学苑楼商务网关,-2.0,75.88,3923,正常
2016/03/29 17:11:37,de8ce62f31aadc9084c4ebecad3a9c41ca26438f,1a50b32b9048b0880c06f819fec9d84d43761b96,持卡人消费,学士楼商务网关,-3.5,72.38,3924,正常
2016/03/29 17:12:35,de8ce62f31aadc9084c4ebecad3a9c41ca26438f,1a50b32b9048b0880c06f819fec9d84d43761b96,持卡人消费,学士楼商务网关,-1.0,71.38,3925,正常
2016/03/29 17:13:04,de8ce62f31aadc9084c4ebecad3a9c41ca26438f,1a50b32b9048b0880c06f819fec9d84d43761b96,持卡人消费,学士楼商务网关,-2.0,69.38,3926,正常
2016/03/30 07:49:51,de8ce62f31aadc9084c4ebecad3a9c41ca26438f,1a50b32b9048b0880c06f819fec9d84d43761b96,持卡人消费,学士楼商务网关,-6.2,63.18,3927,正常
2016/03/30 11:11:02,de8ce62f31aadc9084c4ebecad3a9c41ca26438f,1a50b32b9048b0880c06f819fec9d84d43761b96,持卡人消费,学士楼商务网关,-12.0,51.18,3928,正常
2016/03/31 11:07:45,de8ce62f31aadc9084c4ebecad3a9c41ca26438f,1a50b32b9048b0880c06f819fec9d84d43761b96,持卡人消费,学士楼商务网关,-0.5,50.68,3929,正常
2016/03/31 11:08:04,de8ce62f31aadc9084c4ebecad3a9c41ca26438f,1a50b32b9048b0880c06f819fec9d84d43761b96,持卡人消费,学士楼商务网关,-2.5,48.18,3930,正常
2016/03/31 11:08:54,de8ce62f31aadc9084c4ebecad3a9c41ca26438f,1a50b32b9048b0880c06f819fec9d84d43761b96,持卡人消费,学士楼商务网关,-2.0,46.18,3931,正常
2016/03/31 11:09:29,de8ce62f31aadc9084c4ebecad3a9c41ca26438f,1a50b32b9048b0880c06f819fec9d84d43761b96,持卡人消费,学士楼商务网关,-1.3,44.88,3932,正常
2016/03/31 11:09:37,de8ce62f31aadc9084c4ebecad3a9c41ca26438f,1a50b32b9048b0880c06f819fec9d84d43761b96,持卡人消费,学士楼商务网关,-14.0,30.88,3933,正常
2016/03/31 18:28:59,de8ce62f31aadc9084c4ebecad3a9c41ca26438f,1a50b32b9048b0880c06f819fec9d84d43761b96,持卡人消费,超市商务子系统,-7.4,23.48,3934,正常
