交易发生时间,学号,姓名,交易类型,子系统名称,交易额,现有余额,次数,状态
2016/03/01 10:48:37,6305e3421b4f157c6adedc66dd26939a0b356010,1a7165066b854ddec4b0345589e5fbd07ce25a14,持卡人消费,学苑楼商务网关,-6.0,163.39,3719,正常
2016/03/01 11:18:24,6305e3421b4f157c6adedc66dd26939a0b356010,1a7165066b854ddec4b0345589e5fbd07ce25a14,持卡人消费,超市商务子系统,-8.0,155.39,3720,正常
2016/03/01 17:08:14,6305e3421b4f157c6adedc66dd26939a0b356010,1a7165066b854ddec4b0345589e5fbd07ce25a14,持卡人消费,15公寓浴池,-0.4,154.99,3722,正常
2016/03/01 17:20:02,6305e3421b4f157c6adedc66dd26939a0b356010,1a7165066b854ddec4b0345589e5fbd07ce25a14,持卡人消费,15公寓浴池,-0.34,154.65,3724,正常
2016/03/01 17:21:44,6305e3421b4f157c6adedc66dd26939a0b356010,1a7165066b854ddec4b0345589e5fbd07ce25a14,持卡人消费,15公寓浴池,-0.08,154.57,3726,正常
2016/03/01 17:25:35,6305e3421b4f157c6adedc66dd26939a0b356010,1a7165066b854ddec4b0345589e5fbd07ce25a14,持卡人消费,15公寓浴池,-0.34,154.23,3728,正常
2016/03/03 08:16:38,6305e3421b4f157c6adedc66dd26939a0b356010,1a7165066b854ddec4b0345589e5fbd07ce25a14,持卡人消费,超市商务子系统,-1.0,153.23,3729,正常
2016/03/03 10:41:45,6305e3421b4f157c6adedc66dd26939a0b356010,1a7165066b854ddec4b0345589e5fbd07ce25a14,持卡人消费,学苑楼商务网关,-7.0,146.23,3730,正常
2016/03/04 07:47:12,6305e3421b4f157c6adedc66dd26939a0b356010,1a7165066b854ddec4b0345589e5fbd07ce25a14,持卡人消费,超市商务子系统,-2.5,143.73,3731,正常
2016/03/04 11:33:12,6305e3421b4f157c6adedc66dd26939a0b356010,1a7165066b854ddec4b0345589e5fbd07ce25a14,持卡人消费,学苑楼商务网关,-4.0,139.73,3732,正常
2016/03/04 17:12:30,6305e3421b4f157c6adedc66dd26939a0b356010,1a7165066b854ddec4b0345589e5fbd07ce25a14,持卡人消费,学苑楼商务网关,-3.5,136.23,3733,正常
2016/03/05 09:17:12,6305e3421b4f157c6adedc66dd26939a0b356010,1a7165066b854ddec4b0345589e5fbd07ce25a14,持卡人消费,超市商务子系统,-2.0,134.23,3734,正常
2016/03/06 07:56:56,6305e3421b4f157c6adedc66dd26939a0b356010,1a7165066b854ddec4b0345589e5fbd07ce25a14,持卡人消费,超市商务子系统,-2.5,131.73,3735,正常
2016/03/06 11:23:56,6305e3421b4f157c6adedc66dd26939a0b356010,1a7165066b854ddec4b0345589e5fbd07ce25a14,持卡人消费,学士楼商务网关,-5.0,126.73,3736,正常
2016/03/06 17:45:31,6305e3421b4f157c6adedc66dd26939a0b356010,1a7165066b854ddec4b0345589e5fbd07ce25a14,持卡人消费,学苑楼商务网关,-3.9,122.83,3737,正常
2016/03/07 08:06:59,6305e3421b4f157c6adedc66dd26939a0b356010,1a7165066b854ddec4b0345589e5fbd07ce25a14,持卡人消费,超市商务子系统,-2.5,120.33,3738,正常
2016/03/07 11:25:05,6305e3421b4f157c6adedc66dd26939a0b356010,1a7165066b854ddec4b0345589e5fbd07ce25a14,持卡人消费,学士楼商务网关,-3.1,117.23,3739,正常
2016/03/07 11:26:02,6305e3421b4f157c6adedc66dd26939a0b356010,1a7165066b854ddec4b0345589e5fbd07ce25a14,持卡人消费,学士楼商务网关,-3.4,113.83,3740,正常
2016/03/07 14:09:08,6305e3421b4f157c6adedc66dd26939a0b356010,1a7165066b854ddec4b0345589e5fbd07ce25a14,持卡人消费,15公寓浴池,-0.38,113.45,3742,正常
2016/03/07 14:12:16,6305e3421b4f157c6adedc66dd26939a0b356010,1a7165066b854ddec4b0345589e5fbd07ce25a14,持卡人消费,15公寓浴池,-0.35,113.10,3744,正常
2016/03/07 14:23:32,6305e3421b4f157c6adedc66dd26939a0b356010,1a7165066b854ddec4b0345589e5fbd07ce25a14,持卡人消费,15公寓浴池,-0.4,112.70,3746,正常
2016/03/07 14:27:29,6305e3421b4f157c6adedc66dd26939a0b356010,1a7165066b854ddec4b0345589e5fbd07ce25a14,持卡人消费,15公寓浴池,-0.3,112.40,3748,正常
2016/03/08 07:37:21,6305e3421b4f157c6adedc66dd26939a0b356010,1a7165066b854ddec4b0345589e5fbd07ce25a14,持卡人消费,超市商务子系统,-2.0,110.40,3749,正常
2016/03/08 10:37:16,6305e3421b4f157c6adedc66dd26939a0b356010,1a7165066b854ddec4b0345589e5fbd07ce25a14,持卡人消费,学苑楼商务网关,-7.0,103.40,3750,正常
2016/03/08 16:37:26,6305e3421b4f157c6adedc66dd26939a0b356010,1a7165066b854ddec4b0345589e5fbd07ce25a14,持卡人消费,学苑楼商务网关,-1.9,101.50,3751,正常
2016/03/08 16:38:35,6305e3421b4f157c6adedc66dd26939a0b356010,1a7165066b854ddec4b0345589e5fbd07ce25a14,持卡人消费,学苑楼商务网关,-1.0,100.50,3752,正常
2016/03/09 07:59:40,6305e3421b4f157c6adedc66dd26939a0b356010,1a7165066b854ddec4b0345589e5fbd07ce25a14,持卡人消费,超市商务子系统,-2.5,98.00,3753,正常
2016/03/09 11:34:19,6305e3421b4f157c6adedc66dd26939a0b356010,1a7165066b854ddec4b0345589e5fbd07ce25a14,持卡人消费,学士楼商务网关,-4.0,94.00,3754,正常
2016/03/09 11:34:59,6305e3421b4f157c6adedc66dd26939a0b356010,1a7165066b854ddec4b0345589e5fbd07ce25a14,持卡人消费,学士楼商务网关,-3.5,90.50,3755,正常
2016/03/09 16:59:54,6305e3421b4f157c6adedc66dd26939a0b356010,1a7165066b854ddec4b0345589e5fbd07ce25a14,持卡人消费,学子楼商务网关,-3.5,87.00,3756,正常
2016/03/09 17:01:11,6305e3421b4f157c6adedc66dd26939a0b356010,1a7165066b854ddec4b0345589e5fbd07ce25a14,持卡人消费,学子楼商务网关,-2.9,84.10,3757,正常
2016/03/10 08:06:01,6305e3421b4f157c6adedc66dd26939a0b356010,1a7165066b854ddec4b0345589e5fbd07ce25a14,持卡人消费,学士楼商务网关,-1.8,82.30,3758,正常
2016/03/10 11:37:23,6305e3421b4f157c6adedc66dd26939a0b356010,1a7165066b854ddec4b0345589e5fbd07ce25a14,持卡人消费,学子楼商务网关,-2.9,79.40,3759,正常
2016/03/10 16:51:19,6305e3421b4f157c6adedc66dd26939a0b356010,1a7165066b854ddec4b0345589e5fbd07ce25a14,持卡人消费,学苑楼商务网关,-1.9,77.50,3760,正常
2016/03/10 16:52:13,6305e3421b4f157c6adedc66dd26939a0b356010,1a7165066b854ddec4b0345589e5fbd07ce25a14,持卡人消费,学苑楼商务网关,-1.0,76.50,3761,正常
2016/03/11 07:53:21,6305e3421b4f157c6adedc66dd26939a0b356010,1a7165066b854ddec4b0345589e5fbd07ce25a14,持卡人消费,超市商务子系统,-2.5,74.00,3762,正常
2016/03/11 11:34:58,6305e3421b4f157c6adedc66dd26939a0b356010,1a7165066b854ddec4b0345589e5fbd07ce25a14,持卡人消费,学士楼商务网关,-5.0,69.00,3763,正常
2016/03/11 11:52:31,6305e3421b4f157c6adedc66dd26939a0b356010,1a7165066b854ddec4b0345589e5fbd07ce25a14,持卡人消费,学士楼商务网关,-3.1,65.90,3764,正常
2016/03/11 16:35:26,6305e3421b4f157c6adedc66dd26939a0b356010,1a7165066b854ddec4b0345589e5fbd07ce25a14,持卡人消费,超市商务子系统,-4.9,61.00,3765,正常
2016/03/12 08:17:15,6305e3421b4f157c6adedc66dd26939a0b356010,1a7165066b854ddec4b0345589e5fbd07ce25a14,持卡人消费,超市商务子系统,-2.0,59.00,3766,正常
2016/03/14 07:44:02,6305e3421b4f157c6adedc66dd26939a0b356010,1a7165066b854ddec4b0345589e5fbd07ce25a14,持卡人消费,超市商务子系统,-2.0,50.60,3769,正常
2016/03/14 11:08:45,6305e3421b4f157c6adedc66dd26939a0b356010,1a7165066b854ddec4b0345589e5fbd07ce25a14,持卡人消费,学士楼商务网关,-3.5,47.10,3770,正常
2016/03/14 16:35:43,6305e3421b4f157c6adedc66dd26939a0b356010,1a7165066b854ddec4b0345589e5fbd07ce25a14,持卡人消费,学苑楼商务网关,-3.9,43.20,3771,正常
2016/03/15 07:26:50,6305e3421b4f157c6adedc66dd26939a0b356010,1a7165066b854ddec4b0345589e5fbd07ce25a14,持卡人消费,超市商务子系统,-2.5,40.70,3772,正常
2016/03/15 17:07:58,6305e3421b4f157c6adedc66dd26939a0b356010,1a7165066b854ddec4b0345589e5fbd07ce25a14,持卡人消费,学苑楼商务网关,-3.5,37.20,3773,正常
2016/03/16 06:46:17,6305e3421b4f157c6adedc66dd26939a0b356010,1a7165066b854ddec4b0345589e5fbd07ce25a14,持卡人消费,超市商务子系统,-3.0,34.20,3774,正常
2016/03/16 10:57:13,6305e3421b4f157c6adedc66dd26939a0b356010,1a7165066b854ddec4b0345589e5fbd07ce25a14,持卡人消费,学苑楼商务网关,-3.9,30.30,3775,正常
2016/03/16 10:58:18,6305e3421b4f157c6adedc66dd26939a0b356010,1a7165066b854ddec4b0345589e5fbd07ce25a14,持卡人消费,学苑楼商务网关,-0.5,29.80,3776,正常
2016/03/16 14:06:37,6305e3421b4f157c6adedc66dd26939a0b356010,1a7165066b854ddec4b0345589e5fbd07ce25a14,持卡人消费,超市商务子系统,-6.0,23.80,3777,正常
2016/03/16 17:34:42,6305e3421b4f157c6adedc66dd26939a0b356010,1a7165066b854ddec4b0345589e5fbd07ce25a14,持卡人消费,学苑楼商务网关,-6.0,17.80,3778,正常
2016/03/16 18:38:52,6305e3421b4f157c6adedc66dd26939a0b356010,1a7165066b854ddec4b0345589e5fbd07ce25a14,持卡人消费,15公寓浴池,-0.45,17.35,3780,正常
2016/03/16 18:49:07,6305e3421b4f157c6adedc66dd26939a0b356010,1a7165066b854ddec4b0345589e5fbd07ce25a14,持卡人消费,15公寓浴池,-0.34,17.01,3782,正常
2016/03/16 18:53:40,6305e3421b4f157c6adedc66dd26939a0b356010,1a7165066b854ddec4b0345589e5fbd07ce25a14,持卡人消费,15公寓浴池,-0.3,16.71,3784,正常
2016/03/17 07:47:33,6305e3421b4f157c6adedc66dd26939a0b356010,1a7165066b854ddec4b0345589e5fbd07ce25a14,持卡人消费,超市商务子系统,-2.5,14.21,3785,正常
2016/03/17 11:06:53,6305e3421b4f157c6adedc66dd26939a0b356010,1a7165066b854ddec4b0345589e5fbd07ce25a14,持卡人消费,学士楼商务网关,-3.5,10.71,3786,正常
2016/03/17 16:34:29,6305e3421b4f157c6adedc66dd26939a0b356010,1a7165066b854ddec4b0345589e5fbd07ce25a14,持卡人消费,超市商务子系统,-2.5,8.21,3787,正常
2016/03/18 07:45:10,6305e3421b4f157c6adedc66dd26939a0b356010,1a7165066b854ddec4b0345589e5fbd07ce25a14,持卡人消费,超市商务子系统,-1.5,6.71,3788,正常
2016/03/18 10:42:26,6305e3421b4f157c6adedc66dd26939a0b356010,1a7165066b854ddec4b0345589e5fbd07ce25a14,存款,现金充值机,200.0,206.71,3789,正常
2016/03/18 10:58:59,6305e3421b4f157c6adedc66dd26939a0b356010,1a7165066b854ddec4b0345589e5fbd07ce25a14,持卡人消费,学苑楼商务网关,-6.0,200.71,3790,正常
2016/03/18 11:22:53,6305e3421b4f157c6adedc66dd26939a0b356010,1a7165066b854ddec4b0345589e5fbd07ce25a14,持卡人消费,超市商务子系统,-3.0,197.71,3791,正常
2016/03/18 11:28:48,6305e3421b4f157c6adedc66dd26939a0b356010,1a7165066b854ddec4b0345589e5fbd07ce25a14,持卡人消费,超市商务子系统,-18.4,179.31,3792,正常
2016/03/19 07:35:49,6305e3421b4f157c6adedc66dd26939a0b356010,1a7165066b854ddec4b0345589e5fbd07ce25a14,持卡人消费,超市商务子系统,-2.5,176.81,3793,正常
2016/03/19 10:43:24,6305e3421b4f157c6adedc66dd26939a0b356010,1a7165066b854ddec4b0345589e5fbd07ce25a14,持卡人消费,学士楼商务网关,-6.0,170.81,3794,正常
2016/03/20 07:49:33,6305e3421b4f157c6adedc66dd26939a0b356010,1a7165066b854ddec4b0345589e5fbd07ce25a14,持卡人消费,超市商务子系统,-2.0,168.81,3795,正常
2016/03/20 18:39:31,6305e3421b4f157c6adedc66dd26939a0b356010,1a7165066b854ddec4b0345589e5fbd07ce25a14,持卡人消费,超市商务子系统,-4.8,164.01,3796,正常
2016/03/21 07:49:06,6305e3421b4f157c6adedc66dd26939a0b356010,1a7165066b854ddec4b0345589e5fbd07ce25a14,持卡人消费,超市商务子系统,-2.0,162.01,3797,正常
2016/03/21 11:00:32,6305e3421b4f157c6adedc66dd26939a0b356010,1a7165066b854ddec4b0345589e5fbd07ce25a14,持卡人消费,学苑楼商务网关,-7.0,155.01,3798,正常
2016/03/21 15:52:38,6305e3421b4f157c6adedc66dd26939a0b356010,1a7165066b854ddec4b0345589e5fbd07ce25a14,持卡人消费,超市商务子系统,-3.5,151.51,3799,正常
2016/03/21 15:55:07,6305e3421b4f157c6adedc66dd26939a0b356010,1a7165066b854ddec4b0345589e5fbd07ce25a14,持卡人消费,超市商务子系统,-8.0,143.51,3800,正常
2016/03/21 16:03:14,6305e3421b4f157c6adedc66dd26939a0b356010,1a7165066b854ddec4b0345589e5fbd07ce25a14,持卡人消费,学士楼商务网关,-3.5,140.01,3801,正常
2016/03/22 07:53:52,6305e3421b4f157c6adedc66dd26939a0b356010,1a7165066b854ddec4b0345589e5fbd07ce25a14,持卡人消费,学士楼商务网关,-1.2,138.81,3802,正常
2016/03/22 11:18:56,6305e3421b4f157c6adedc66dd26939a0b356010,1a7165066b854ddec4b0345589e5fbd07ce25a14,持卡人消费,学士楼商务网关,-4.4,134.41,3803,正常
2016/03/22 11:19:05,6305e3421b4f157c6adedc66dd26939a0b356010,1a7165066b854ddec4b0345589e5fbd07ce25a14,持卡人消费,学士楼商务网关,-18.5,115.91,3804,正常
2016/03/22 17:14:15,6305e3421b4f157c6adedc66dd26939a0b356010,1a7165066b854ddec4b0345589e5fbd07ce25a14,持卡人消费,学士楼商务网关,-5.0,110.91,3805,正常
2016/03/23 08:21:43,6305e3421b4f157c6adedc66dd26939a0b356010,1a7165066b854ddec4b0345589e5fbd07ce25a14,持卡人消费,超市商务子系统,-3.5,107.41,3806,正常
2016/03/23 17:12:14,6305e3421b4f157c6adedc66dd26939a0b356010,1a7165066b854ddec4b0345589e5fbd07ce25a14,持卡人消费,超市商务子系统,-6.5,100.91,3807,正常
2016/03/24 09:35:35,6305e3421b4f157c6adedc66dd26939a0b356010,1a7165066b854ddec4b0345589e5fbd07ce25a14,持卡人消费,超市商务子系统,-4.7,96.21,3808,正常
2016/03/24 09:52:49,6305e3421b4f157c6adedc66dd26939a0b356010,1a7165066b854ddec4b0345589e5fbd07ce25a14,持卡人消费,超市商务子系统,-3.8,92.41,3809,正常
2016/03/24 09:58:41,6305e3421b4f157c6adedc66dd26939a0b356010,1a7165066b854ddec4b0345589e5fbd07ce25a14,持卡人消费,学苑楼商务网关,-7.0,85.41,3810,正常
2016/03/24 16:15:15,6305e3421b4f157c6adedc66dd26939a0b356010,1a7165066b854ddec4b0345589e5fbd07ce25a14,持卡人消费,15公寓浴池,-0.48,84.93,3812,正常
2016/03/24 16:27:23,6305e3421b4f157c6adedc66dd26939a0b356010,1a7165066b854ddec4b0345589e5fbd07ce25a14,持卡人消费,15公寓浴池,-0.26,84.67,3814,正常
2016/03/24 16:31:40,6305e3421b4f157c6adedc66dd26939a0b356010,1a7165066b854ddec4b0345589e5fbd07ce25a14,持卡人消费,15公寓浴池,-0.24,84.43,3816,正常
2016/03/24 17:34:12,6305e3421b4f157c6adedc66dd26939a0b356010,1a7165066b854ddec4b0345589e5fbd07ce25a14,持卡人消费,学苑楼商务网关,-4.4,80.03,3817,正常
2016/03/25 07:49:28,6305e3421b4f157c6adedc66dd26939a0b356010,1a7165066b854ddec4b0345589e5fbd07ce25a14,持卡人消费,超市商务子系统,-1.5,78.53,3818,正常
2016/03/25 11:05:47,6305e3421b4f157c6adedc66dd26939a0b356010,1a7165066b854ddec4b0345589e5fbd07ce25a14,持卡人消费,学苑楼商务网关,-1.5,77.03,3819,正常
2016/03/25 11:05:57,6305e3421b4f157c6adedc66dd26939a0b356010,1a7165066b854ddec4b0345589e5fbd07ce25a14,持卡人消费,学苑楼商务网关,-0.4,76.63,3820,正常
2016/03/25 11:06:52,6305e3421b4f157c6adedc66dd26939a0b356010,1a7165066b854ddec4b0345589e5fbd07ce25a14,持卡人消费,学苑楼商务网关,-0.5,76.13,3821,正常
2016/03/25 16:15:35,6305e3421b4f157c6adedc66dd26939a0b356010,1a7165066b854ddec4b0345589e5fbd07ce25a14,持卡人消费,超市商务子系统,-5.0,71.13,3822,正常
2016/03/26 08:49:55,6305e3421b4f157c6adedc66dd26939a0b356010,1a7165066b854ddec4b0345589e5fbd07ce25a14,持卡人消费,超市商务子系统,-2.5,68.63,3823,正常
2016/03/26 16:31:06,6305e3421b4f157c6adedc66dd26939a0b356010,1a7165066b854ddec4b0345589e5fbd07ce25a14,持卡人消费,学苑楼商务网关,-8.0,60.63,3824,正常
2016/03/26 17:21:13,6305e3421b4f157c6adedc66dd26939a0b356010,1a7165066b854ddec4b0345589e5fbd07ce25a14,持卡人消费,超市商务子系统,-4.0,56.63,3825,正常
2016/03/27 11:29:40,6305e3421b4f157c6adedc66dd26939a0b356010,1a7165066b854ddec4b0345589e5fbd07ce25a14,持卡人消费,学苑楼商务网关,-3.4,53.23,3826,正常
2016/03/27 11:30:24,6305e3421b4f157c6adedc66dd26939a0b356010,1a7165066b854ddec4b0345589e5fbd07ce25a14,持卡人消费,学苑楼商务网关,-0.5,52.73,3827,正常
2016/03/27 17:34:28,6305e3421b4f157c6adedc66dd26939a0b356010,1a7165066b854ddec4b0345589e5fbd07ce25a14,持卡人消费,学士楼商务网关,-4.0,48.73,3828,正常
2016/03/28 07:38:51,6305e3421b4f157c6adedc66dd26939a0b356010,1a7165066b854ddec4b0345589e5fbd07ce25a14,持卡人消费,网络中心,-30.0,18.73,3829,正常
2016/03/28 07:52:31,6305e3421b4f157c6adedc66dd26939a0b356010,1a7165066b854ddec4b0345589e5fbd07ce25a14,持卡人消费,超市商务子系统,-2.5,16.23,3830,正常
2016/03/28 11:26:54,6305e3421b4f157c6adedc66dd26939a0b356010,1a7165066b854ddec4b0345589e5fbd07ce25a14,持卡人消费,学士楼商务网关,-0.5,15.73,3831,正常
2016/03/28 11:27:04,6305e3421b4f157c6adedc66dd26939a0b356010,1a7165066b854ddec4b0345589e5fbd07ce25a14,持卡人消费,学士楼商务网关,-4.0,11.73,3832,正常
2016/03/29 11:27:26,6305e3421b4f157c6adedc66dd26939a0b356010,1a7165066b854ddec4b0345589e5fbd07ce25a14,持卡人消费,学子楼商务网关,-2.9,8.83,3833,正常
2016/03/29 15:42:08,6305e3421b4f157c6adedc66dd26939a0b356010,1a7165066b854ddec4b0345589e5fbd07ce25a14,持卡人消费,超市商务子系统,-2.5,6.33,3834,正常
2016/03/31 10:53:40,6305e3421b4f157c6adedc66dd26939a0b356010,1a7165066b854ddec4b0345589e5fbd07ce25a14,存款,现金充值机,100.0,106.33,3835,正常
2016/03/31 10:54:12,6305e3421b4f157c6adedc66dd26939a0b356010,1a7165066b854ddec4b0345589e5fbd07ce25a14,存款,现金充值机,100.0,206.33,3836,正常
2016/03/31 11:13:00,6305e3421b4f157c6adedc66dd26939a0b356010,1a7165066b854ddec4b0345589e5fbd07ce25a14,持卡人消费,学士楼商务网关,-3.5,202.83,3837,正常
2016/03/31 17:27:01,6305e3421b4f157c6adedc66dd26939a0b356010,1a7165066b854ddec4b0345589e5fbd07ce25a14,持卡人消费,学苑楼商务网关,-4.0,198.83,3838,正常
