交易发生时间,学号,姓名,交易类型,子系统名称,交易额,现有余额,次数,状态
2016/03/01 13:51:57,fccc462659cb0f96b3e40130944fee5da249b71f,1adf223670e0c7da42c75e3fc81f0264d6f6d92d,持卡人消费,一区图书馆BPOS,-42.55,54.99,993,正常
2016/03/02 12:38:11,fccc462659cb0f96b3e40130944fee5da249b71f,1adf223670e0c7da42c75e3fc81f0264d6f6d92d,持卡人消费,学子便利店A01后楼,-2.2,52.79,994,正常
2016/03/02 18:43:41,fccc462659cb0f96b3e40130944fee5da249b71f,1adf223670e0c7da42c75e3fc81f0264d6f6d92d,持卡人消费,学子便利店A01后楼,-16.9,35.89,995,正常
2016/03/07 09:26:03,fccc462659cb0f96b3e40130944fee5da249b71f,1adf223670e0c7da42c75e3fc81f0264d6f6d92d,持卡人消费,硕果园（工大商店）,-12.0,23.89,996,正常
2016/03/08 18:34:34,fccc462659cb0f96b3e40130944fee5da249b71f,1adf223670e0c7da42c75e3fc81f0264d6f6d92d,持卡人消费,学子便利店A01后楼,-20.4,3.49,997,正常
2016/03/09 20:55:04,fccc462659cb0f96b3e40130944fee5da249b71f,1adf223670e0c7da42c75e3fc81f0264d6f6d92d,持卡人消费,学子便利店A01后楼,-0.9,2.59,998,正常
2016/03/10 18:16:53,fccc462659cb0f96b3e40130944fee5da249b71f,1adf223670e0c7da42c75e3fc81f0264d6f6d92d,持卡人消费,学子便利店A01后楼,-0.1,2.49,999,正常
2016/03/11 18:50:00,fccc462659cb0f96b3e40130944fee5da249b71f,1adf223670e0c7da42c75e3fc81f0264d6f6d92d,持卡人消费,学子便利店A01后楼,-0.1,2.39,1000,正常
2016/03/12 22:04:37,fccc462659cb0f96b3e40130944fee5da249b71f,1adf223670e0c7da42c75e3fc81f0264d6f6d92d,持卡人消费,学子便利店A01后楼,-1.2,1.19,1001,正常
2016/03/16 10:36:49,fccc462659cb0f96b3e40130944fee5da249b71f,1adf223670e0c7da42c75e3fc81f0264d6f6d92d,持卡人消费,学子便利店A01后楼,-0.4,0.79,1002,正常
2016/03/20 12:16:42,fccc462659cb0f96b3e40130944fee5da249b71f,1adf223670e0c7da42c75e3fc81f0264d6f6d92d,持卡人消费,学子便利店A01后楼,-0.2,0.59,1003,正常
2016/03/20 19:28:50,fccc462659cb0f96b3e40130944fee5da249b71f,1adf223670e0c7da42c75e3fc81f0264d6f6d92d,持卡人消费,学子便利店A01后楼,-0.2,0.39,1004,正常
