交易发生时间,学号,姓名,交易类型,子系统名称,交易额,现有余额,次数,状态
2016/03/01 14:36:50,bb6ffd84766eba29b047959c6468efef10fff0ce,1aefffc04db2ad610eb91c57fc25ce485e1fcd6b,持卡人消费,身份前置机,-5.37,83.23,1462,正常
2016/03/09 11:38:04,bb6ffd84766eba29b047959c6468efef10fff0ce,1aefffc04db2ad610eb91c57fc25ce485e1fcd6b,持卡人消费,学苑楼商务网关,-6.0,77.23,1463,正常
2016/03/17 11:23:44,bb6ffd84766eba29b047959c6468efef10fff0ce,1aefffc04db2ad610eb91c57fc25ce485e1fcd6b,存款,学苑楼综合业务3,100.0,177.23,1464,正常
2016/03/17 11:25:47,bb6ffd84766eba29b047959c6468efef10fff0ce,1aefffc04db2ad610eb91c57fc25ce485e1fcd6b,持卡人消费,学苑楼商务网关,-1.5,175.73,1465,正常
2016/03/17 11:26:41,bb6ffd84766eba29b047959c6468efef10fff0ce,1aefffc04db2ad610eb91c57fc25ce485e1fcd6b,持卡人消费,学苑楼商务网关,-8.0,167.73,1466,正常
2016/03/17 11:53:38,bb6ffd84766eba29b047959c6468efef10fff0ce,1aefffc04db2ad610eb91c57fc25ce485e1fcd6b,持卡人消费,超市商务子系统,-5.8,161.93,1467,正常
2016/03/23 08:39:00,bb6ffd84766eba29b047959c6468efef10fff0ce,1aefffc04db2ad610eb91c57fc25ce485e1fcd6b,持卡人消费,学苑楼商务网关,-9.0,152.93,1468,正常
2016/03/31 08:11:31,bb6ffd84766eba29b047959c6468efef10fff0ce,1aefffc04db2ad610eb91c57fc25ce485e1fcd6b,持卡人消费,学苑楼商务网关,-9.0,143.93,1469,正常
