交易发生时间,学号,姓名,交易类型,子系统名称,交易额,现有余额,次数,状态
2016/03/01 11:01:53,421d43aacbbc19cf8ba12a292c41a1355b9b6e6c,1b3a0e5b1a6ba5444516e5366bd7386481621a64,持卡人消费,南苑网关,-7.68,95.54,4226,正常
2016/03/01 17:37:31,421d43aacbbc19cf8ba12a292c41a1355b9b6e6c,1b3a0e5b1a6ba5444516e5366bd7386481621a64,持卡人消费,学士楼商务网关,-2.6,92.94,4227,正常
2016/03/01 17:38:17,421d43aacbbc19cf8ba12a292c41a1355b9b6e6c,1b3a0e5b1a6ba5444516e5366bd7386481621a64,持卡人消费,学士楼商务网关,-3.0,89.94,4228,正常
2016/03/02 08:39:21,421d43aacbbc19cf8ba12a292c41a1355b9b6e6c,1b3a0e5b1a6ba5444516e5366bd7386481621a64,持卡人消费,学士楼商务网关,-3.0,86.94,4229,正常
2016/03/02 11:34:48,421d43aacbbc19cf8ba12a292c41a1355b9b6e6c,1b3a0e5b1a6ba5444516e5366bd7386481621a64,持卡人消费,学士楼商务网关,-5.0,81.94,4230,正常
2016/03/02 17:32:42,421d43aacbbc19cf8ba12a292c41a1355b9b6e6c,1b3a0e5b1a6ba5444516e5366bd7386481621a64,持卡人消费,学苑楼商务网关,-1.0,80.94,4231,正常
2016/03/03 11:03:47,421d43aacbbc19cf8ba12a292c41a1355b9b6e6c,1b3a0e5b1a6ba5444516e5366bd7386481621a64,持卡人消费,南苑网关,-0.5,80.44,4232,正常
2016/03/03 11:03:53,421d43aacbbc19cf8ba12a292c41a1355b9b6e6c,1b3a0e5b1a6ba5444516e5366bd7386481621a64,持卡人消费,南苑网关,-0.4,80.04,4233,正常
2016/03/03 11:04:44,421d43aacbbc19cf8ba12a292c41a1355b9b6e6c,1b3a0e5b1a6ba5444516e5366bd7386481621a64,持卡人消费,南苑网关,-3.5,76.54,4234,正常
2016/03/04 07:40:11,421d43aacbbc19cf8ba12a292c41a1355b9b6e6c,1b3a0e5b1a6ba5444516e5366bd7386481621a64,持卡人消费,学士楼商务网关,-1.3,75.24,4235,正常
2016/03/04 07:41:16,421d43aacbbc19cf8ba12a292c41a1355b9b6e6c,1b3a0e5b1a6ba5444516e5366bd7386481621a64,持卡人消费,学士楼商务网关,-1.0,74.24,4236,正常
2016/03/04 11:31:19,421d43aacbbc19cf8ba12a292c41a1355b9b6e6c,1b3a0e5b1a6ba5444516e5366bd7386481621a64,持卡人消费,学苑楼商务网关,-0.2,74.04,4237,正常
2016/03/04 11:32:30,421d43aacbbc19cf8ba12a292c41a1355b9b6e6c,1b3a0e5b1a6ba5444516e5366bd7386481621a64,持卡人消费,学苑楼商务网关,-3.5,70.54,4238,正常
2016/03/04 17:59:32,421d43aacbbc19cf8ba12a292c41a1355b9b6e6c,1b3a0e5b1a6ba5444516e5366bd7386481621a64,持卡人消费,学士楼商务网关,-0.4,70.14,4239,正常
2016/03/04 18:01:44,421d43aacbbc19cf8ba12a292c41a1355b9b6e6c,1b3a0e5b1a6ba5444516e5366bd7386481621a64,持卡人消费,学士楼商务网关,-1.5,68.64,4240,正常
2016/03/04 18:04:43,421d43aacbbc19cf8ba12a292c41a1355b9b6e6c,1b3a0e5b1a6ba5444516e5366bd7386481621a64,持卡人消费,学士楼商务网关,-10.0,58.64,4241,正常
2016/03/05 11:00:41,421d43aacbbc19cf8ba12a292c41a1355b9b6e6c,1b3a0e5b1a6ba5444516e5366bd7386481621a64,持卡人消费,南苑网关,-2.2,56.44,4242,正常
2016/03/05 17:26:20,421d43aacbbc19cf8ba12a292c41a1355b9b6e6c,1b3a0e5b1a6ba5444516e5366bd7386481621a64,持卡人消费,学士楼商务网关,-0.2,56.24,4243,正常
2016/03/05 17:27:32,421d43aacbbc19cf8ba12a292c41a1355b9b6e6c,1b3a0e5b1a6ba5444516e5366bd7386481621a64,持卡人消费,学士楼商务网关,-0.4,55.84,4244,正常
2016/03/05 17:34:29,421d43aacbbc19cf8ba12a292c41a1355b9b6e6c,1b3a0e5b1a6ba5444516e5366bd7386481621a64,持卡人消费,学士楼商务网关,-1.5,54.34,4245,正常
2016/03/05 17:51:20,421d43aacbbc19cf8ba12a292c41a1355b9b6e6c,1b3a0e5b1a6ba5444516e5366bd7386481621a64,持卡人消费,超市商务子系统,-15.3,39.04,4246,正常
2016/03/05 18:29:50,421d43aacbbc19cf8ba12a292c41a1355b9b6e6c,1b3a0e5b1a6ba5444516e5366bd7386481621a64,持卡人消费,一校区水控新,-0.05,38.99,4248,正常
2016/03/05 18:35:20,421d43aacbbc19cf8ba12a292c41a1355b9b6e6c,1b3a0e5b1a6ba5444516e5366bd7386481621a64,持卡人消费,一校区水控新,-1.02,37.97,4249,正常
2016/03/05 18:38:18,421d43aacbbc19cf8ba12a292c41a1355b9b6e6c,1b3a0e5b1a6ba5444516e5366bd7386481621a64,持卡人消费,一校区水控新,-0.33,37.64,4250,正常
2016/03/06 08:02:25,421d43aacbbc19cf8ba12a292c41a1355b9b6e6c,1b3a0e5b1a6ba5444516e5366bd7386481621a64,持卡人消费,学士楼商务网关,-2.5,35.14,4251,正常
2016/03/06 08:03:26,421d43aacbbc19cf8ba12a292c41a1355b9b6e6c,1b3a0e5b1a6ba5444516e5366bd7386481621a64,持卡人消费,学士楼商务网关,-1.0,34.14,4252,正常
2016/03/06 11:33:32,421d43aacbbc19cf8ba12a292c41a1355b9b6e6c,1b3a0e5b1a6ba5444516e5366bd7386481621a64,持卡人消费,学苑楼商务网关,-0.6,33.54,4253,正常
2016/03/06 11:33:52,421d43aacbbc19cf8ba12a292c41a1355b9b6e6c,1b3a0e5b1a6ba5444516e5366bd7386481621a64,持卡人消费,学苑楼商务网关,-1.13,32.41,4254,正常
2016/03/06 17:41:21,421d43aacbbc19cf8ba12a292c41a1355b9b6e6c,1b3a0e5b1a6ba5444516e5366bd7386481621a64,持卡人消费,学士楼商务网关,-0.9,31.51,4255,正常
2016/03/06 17:41:30,421d43aacbbc19cf8ba12a292c41a1355b9b6e6c,1b3a0e5b1a6ba5444516e5366bd7386481621a64,持卡人消费,学士楼商务网关,-0.5,31.01,4256,正常
2016/03/06 17:42:35,421d43aacbbc19cf8ba12a292c41a1355b9b6e6c,1b3a0e5b1a6ba5444516e5366bd7386481621a64,持卡人消费,学士楼商务网关,-1.4,29.61,4257,正常
2016/03/06 17:42:58,421d43aacbbc19cf8ba12a292c41a1355b9b6e6c,1b3a0e5b1a6ba5444516e5366bd7386481621a64,持卡人消费,学士楼商务网关,-2.5,27.11,4258,正常
2016/03/07 11:24:43,421d43aacbbc19cf8ba12a292c41a1355b9b6e6c,1b3a0e5b1a6ba5444516e5366bd7386481621a64,持卡人消费,南苑网关,-0.9,26.21,4259,正常
2016/03/07 11:24:48,421d43aacbbc19cf8ba12a292c41a1355b9b6e6c,1b3a0e5b1a6ba5444516e5366bd7386481621a64,持卡人消费,南苑网关,-0.5,25.71,4260,正常
2016/03/07 11:26:09,421d43aacbbc19cf8ba12a292c41a1355b9b6e6c,1b3a0e5b1a6ba5444516e5366bd7386481621a64,持卡人消费,南苑网关,-3.0,22.71,4261,正常
2016/03/07 11:26:30,421d43aacbbc19cf8ba12a292c41a1355b9b6e6c,1b3a0e5b1a6ba5444516e5366bd7386481621a64,持卡人消费,南苑网关,-3.0,19.71,4262,正常
2016/03/07 11:27:30,421d43aacbbc19cf8ba12a292c41a1355b9b6e6c,1b3a0e5b1a6ba5444516e5366bd7386481621a64,持卡人消费,南苑网关,-0.5,19.21,4263,正常
2016/03/07 17:16:38,421d43aacbbc19cf8ba12a292c41a1355b9b6e6c,1b3a0e5b1a6ba5444516e5366bd7386481621a64,持卡人消费,南苑网关,-2.0,17.21,4264,正常
2016/03/07 17:19:48,421d43aacbbc19cf8ba12a292c41a1355b9b6e6c,1b3a0e5b1a6ba5444516e5366bd7386481621a64,持卡人消费,南苑网关,-6.0,11.21,4265,正常
2016/03/08 07:32:33,421d43aacbbc19cf8ba12a292c41a1355b9b6e6c,1b3a0e5b1a6ba5444516e5366bd7386481621a64,持卡人消费,学士楼商务网关,-3.0,8.21,4266,正常
2016/03/08 11:02:02,421d43aacbbc19cf8ba12a292c41a1355b9b6e6c,1b3a0e5b1a6ba5444516e5366bd7386481621a64,持卡人消费,学士楼商务网关,-2.7,5.51,4267,正常
2016/03/08 11:02:40,421d43aacbbc19cf8ba12a292c41a1355b9b6e6c,1b3a0e5b1a6ba5444516e5366bd7386481621a64,持卡人消费,学士楼商务网关,-2.0,3.51,4268,正常
2016/03/08 11:03:41,421d43aacbbc19cf8ba12a292c41a1355b9b6e6c,1b3a0e5b1a6ba5444516e5366bd7386481621a64,持卡人消费,学士楼商务网关,-0.6,2.91,4269,正常
2016/03/08 17:27:12,421d43aacbbc19cf8ba12a292c41a1355b9b6e6c,1b3a0e5b1a6ba5444516e5366bd7386481621a64,存款,现金充值机,200.0,202.91,4270,正常
2016/03/08 17:43:08,421d43aacbbc19cf8ba12a292c41a1355b9b6e6c,1b3a0e5b1a6ba5444516e5366bd7386481621a64,持卡人消费,学苑楼商务网关,-2.0,200.91,4271,正常
2016/03/08 17:43:22,421d43aacbbc19cf8ba12a292c41a1355b9b6e6c,1b3a0e5b1a6ba5444516e5366bd7386481621a64,持卡人消费,学苑楼商务网关,-0.2,200.71,4272,正常
2016/03/08 17:45:33,421d43aacbbc19cf8ba12a292c41a1355b9b6e6c,1b3a0e5b1a6ba5444516e5366bd7386481621a64,持卡人消费,学苑楼商务网关,-5.89,194.82,4273,正常
2016/03/08 17:46:15,421d43aacbbc19cf8ba12a292c41a1355b9b6e6c,1b3a0e5b1a6ba5444516e5366bd7386481621a64,持卡人消费,学苑楼商务网关,-3.5,191.32,4274,正常
2016/03/09 11:10:34,421d43aacbbc19cf8ba12a292c41a1355b9b6e6c,1b3a0e5b1a6ba5444516e5366bd7386481621a64,持卡人消费,南苑网关,-0.9,190.42,4275,正常
2016/03/09 11:11:35,421d43aacbbc19cf8ba12a292c41a1355b9b6e6c,1b3a0e5b1a6ba5444516e5366bd7386481621a64,持卡人消费,南苑网关,-3.0,187.42,4276,正常
2016/03/09 11:12:41,421d43aacbbc19cf8ba12a292c41a1355b9b6e6c,1b3a0e5b1a6ba5444516e5366bd7386481621a64,持卡人消费,南苑网关,-0.5,186.92,4277,正常
2016/03/09 17:53:16,421d43aacbbc19cf8ba12a292c41a1355b9b6e6c,1b3a0e5b1a6ba5444516e5366bd7386481621a64,持卡人消费,学苑楼商务网关,-8.0,178.92,4278,正常
2016/03/10 11:44:09,421d43aacbbc19cf8ba12a292c41a1355b9b6e6c,1b3a0e5b1a6ba5444516e5366bd7386481621a64,持卡人消费,硕果园（工大商店）,-15.0,163.92,4279,正常
2016/03/10 17:12:45,421d43aacbbc19cf8ba12a292c41a1355b9b6e6c,1b3a0e5b1a6ba5444516e5366bd7386481621a64,持卡人消费,学士楼商务网关,-7.0,156.92,4280,正常
2016/03/10 17:15:16,421d43aacbbc19cf8ba12a292c41a1355b9b6e6c,1b3a0e5b1a6ba5444516e5366bd7386481621a64,持卡人消费,学士楼商务网关,-4.0,152.92,4281,正常
2016/03/11 16:41:18,421d43aacbbc19cf8ba12a292c41a1355b9b6e6c,1b3a0e5b1a6ba5444516e5366bd7386481621a64,持卡人消费,学苑楼商务网关,-8.8,144.12,4282,正常
2016/03/11 17:01:44,421d43aacbbc19cf8ba12a292c41a1355b9b6e6c,1b3a0e5b1a6ba5444516e5366bd7386481621a64,持卡人消费,超市商务子系统,-5.7,138.42,4283,正常
2016/03/11 18:48:20,421d43aacbbc19cf8ba12a292c41a1355b9b6e6c,1b3a0e5b1a6ba5444516e5366bd7386481621a64,持卡人消费,一校区水控新,-1.7,136.72,4285,正常
2016/03/11 18:51:29,421d43aacbbc19cf8ba12a292c41a1355b9b6e6c,1b3a0e5b1a6ba5444516e5366bd7386481621a64,持卡人消费,一校区水控新,-0.45,136.27,4287,正常
2016/03/12 11:25:23,421d43aacbbc19cf8ba12a292c41a1355b9b6e6c,1b3a0e5b1a6ba5444516e5366bd7386481621a64,持卡人消费,学士楼商务网关,-8.8,127.47,4288,正常
2016/03/12 11:27:39,421d43aacbbc19cf8ba12a292c41a1355b9b6e6c,1b3a0e5b1a6ba5444516e5366bd7386481621a64,持卡人消费,学士楼商务网关,-0.5,126.97,4289,正常
2016/03/12 17:18:18,421d43aacbbc19cf8ba12a292c41a1355b9b6e6c,1b3a0e5b1a6ba5444516e5366bd7386481621a64,持卡人消费,学士楼商务网关,-13.1,113.87,4290,正常
2016/03/14 11:18:58,421d43aacbbc19cf8ba12a292c41a1355b9b6e6c,1b3a0e5b1a6ba5444516e5366bd7386481621a64,持卡人消费,南苑网关,-1.0,90.17,4296,正常
2016/03/14 11:20:14,421d43aacbbc19cf8ba12a292c41a1355b9b6e6c,1b3a0e5b1a6ba5444516e5366bd7386481621a64,持卡人消费,南苑网关,-6.0,84.17,4297,正常
2016/03/14 16:44:45,421d43aacbbc19cf8ba12a292c41a1355b9b6e6c,1b3a0e5b1a6ba5444516e5366bd7386481621a64,持卡人消费,学苑楼商务网关,-0.6,83.57,4298,正常
2016/03/14 16:46:28,421d43aacbbc19cf8ba12a292c41a1355b9b6e6c,1b3a0e5b1a6ba5444516e5366bd7386481621a64,持卡人消费,学苑楼商务网关,-3.5,80.07,4299,正常
2016/03/14 16:47:02,421d43aacbbc19cf8ba12a292c41a1355b9b6e6c,1b3a0e5b1a6ba5444516e5366bd7386481621a64,持卡人消费,学苑楼商务网关,-3.0,77.07,4300,正常
2016/03/14 17:11:45,421d43aacbbc19cf8ba12a292c41a1355b9b6e6c,1b3a0e5b1a6ba5444516e5366bd7386481621a64,持卡人消费,超市商务子系统,-1.8,75.27,4301,正常
2016/03/15 12:00:38,421d43aacbbc19cf8ba12a292c41a1355b9b6e6c,1b3a0e5b1a6ba5444516e5366bd7386481621a64,持卡人消费,南苑网关,-4.0,71.27,4302,正常
2016/03/15 12:01:22,421d43aacbbc19cf8ba12a292c41a1355b9b6e6c,1b3a0e5b1a6ba5444516e5366bd7386481621a64,持卡人消费,南苑网关,-0.4,70.87,4303,正常
2016/03/15 12:01:52,421d43aacbbc19cf8ba12a292c41a1355b9b6e6c,1b3a0e5b1a6ba5444516e5366bd7386481621a64,持卡人消费,南苑网关,-2.0,68.87,4304,正常
2016/03/15 17:31:26,421d43aacbbc19cf8ba12a292c41a1355b9b6e6c,1b3a0e5b1a6ba5444516e5366bd7386481621a64,持卡人消费,南苑网关,-5.0,63.87,4305,正常
2016/03/16 07:43:37,421d43aacbbc19cf8ba12a292c41a1355b9b6e6c,1b3a0e5b1a6ba5444516e5366bd7386481621a64,持卡人消费,学士楼商务网关,-1.0,62.87,4306,正常
2016/03/16 11:11:36,421d43aacbbc19cf8ba12a292c41a1355b9b6e6c,1b3a0e5b1a6ba5444516e5366bd7386481621a64,持卡人消费,南苑网关,-9.36,53.51,4307,正常
2016/03/17 11:48:55,421d43aacbbc19cf8ba12a292c41a1355b9b6e6c,1b3a0e5b1a6ba5444516e5366bd7386481621a64,持卡人消费,硕果园（工大商店）,-1.2,52.31,4308,正常
2016/03/17 17:21:43,421d43aacbbc19cf8ba12a292c41a1355b9b6e6c,1b3a0e5b1a6ba5444516e5366bd7386481621a64,持卡人消费,南苑网关,-3.0,49.31,4309,正常
2016/03/17 17:23:24,421d43aacbbc19cf8ba12a292c41a1355b9b6e6c,1b3a0e5b1a6ba5444516e5366bd7386481621a64,持卡人消费,南苑网关,-4.0,45.31,4310,正常
2016/03/18 12:06:41,421d43aacbbc19cf8ba12a292c41a1355b9b6e6c,1b3a0e5b1a6ba5444516e5366bd7386481621a64,持卡人消费,硕果园（工大商店）,-2.4,42.91,4311,正常
2016/03/18 12:08:49,421d43aacbbc19cf8ba12a292c41a1355b9b6e6c,1b3a0e5b1a6ba5444516e5366bd7386481621a64,持卡人消费,硕果园（工大商店）,-10.0,32.91,4312,正常
2016/03/18 13:51:45,421d43aacbbc19cf8ba12a292c41a1355b9b6e6c,1b3a0e5b1a6ba5444516e5366bd7386481621a64,持卡人消费,一校区水控新,-0.86,32.05,4314,正常
2016/03/18 13:54:22,421d43aacbbc19cf8ba12a292c41a1355b9b6e6c,1b3a0e5b1a6ba5444516e5366bd7386481621a64,持卡人消费,一校区水控新,-0.13,31.92,4316,正常
2016/03/18 13:57:13,421d43aacbbc19cf8ba12a292c41a1355b9b6e6c,1b3a0e5b1a6ba5444516e5366bd7386481621a64,持卡人消费,一校区水控新,-0.18,31.74,4318,正常
2016/03/18 14:00:08,421d43aacbbc19cf8ba12a292c41a1355b9b6e6c,1b3a0e5b1a6ba5444516e5366bd7386481621a64,持卡人消费,一校区水控新,-0.19,31.55,4320,正常
2016/03/18 14:02:34,421d43aacbbc19cf8ba12a292c41a1355b9b6e6c,1b3a0e5b1a6ba5444516e5366bd7386481621a64,持卡人消费,一校区水控新,-0.27,31.28,4322,正常
2016/03/19 11:18:45,421d43aacbbc19cf8ba12a292c41a1355b9b6e6c,1b3a0e5b1a6ba5444516e5366bd7386481621a64,持卡人消费,南苑网关,-7.0,24.28,4323,正常
2016/03/20 08:05:10,421d43aacbbc19cf8ba12a292c41a1355b9b6e6c,1b3a0e5b1a6ba5444516e5366bd7386481621a64,持卡人消费,学士楼商务网关,-3.6,20.68,4324,正常
2016/03/20 08:05:55,421d43aacbbc19cf8ba12a292c41a1355b9b6e6c,1b3a0e5b1a6ba5444516e5366bd7386481621a64,持卡人消费,学士楼商务网关,-0.5,20.18,4325,正常
2016/03/20 11:00:07,421d43aacbbc19cf8ba12a292c41a1355b9b6e6c,1b3a0e5b1a6ba5444516e5366bd7386481621a64,存款,现金充值机,200.0,220.18,4326,正常
2016/03/20 11:15:10,421d43aacbbc19cf8ba12a292c41a1355b9b6e6c,1b3a0e5b1a6ba5444516e5366bd7386481621a64,持卡人消费,学苑楼商务网关,-0.2,219.98,4327,正常
2016/03/20 11:16:10,421d43aacbbc19cf8ba12a292c41a1355b9b6e6c,1b3a0e5b1a6ba5444516e5366bd7386481621a64,持卡人消费,学苑楼商务网关,-3.4,216.58,4328,正常
2016/03/21 10:31:10,421d43aacbbc19cf8ba12a292c41a1355b9b6e6c,1b3a0e5b1a6ba5444516e5366bd7386481621a64,持卡人消费,南苑网关,-7.0,209.58,4329,正常
2016/03/21 17:01:56,421d43aacbbc19cf8ba12a292c41a1355b9b6e6c,1b3a0e5b1a6ba5444516e5366bd7386481621a64,持卡人消费,南苑网关,-3.6,205.98,4330,正常
2016/03/21 17:04:17,421d43aacbbc19cf8ba12a292c41a1355b9b6e6c,1b3a0e5b1a6ba5444516e5366bd7386481621a64,持卡人消费,南苑网关,-1.7,204.28,4331,正常
2016/03/21 17:06:48,421d43aacbbc19cf8ba12a292c41a1355b9b6e6c,1b3a0e5b1a6ba5444516e5366bd7386481621a64,持卡人消费,南苑网关,-4.0,200.28,4332,正常
2016/03/22 11:25:06,421d43aacbbc19cf8ba12a292c41a1355b9b6e6c,1b3a0e5b1a6ba5444516e5366bd7386481621a64,持卡人消费,学苑楼商务网关,-10.0,190.28,4333,正常
2016/03/22 11:48:12,421d43aacbbc19cf8ba12a292c41a1355b9b6e6c,1b3a0e5b1a6ba5444516e5366bd7386481621a64,持卡人消费,网络中心,-30.0,160.28,4334,正常
2016/03/23 11:33:01,421d43aacbbc19cf8ba12a292c41a1355b9b6e6c,1b3a0e5b1a6ba5444516e5366bd7386481621a64,持卡人消费,南苑网关,-13.2,147.08,4335,正常
2016/03/23 17:33:36,421d43aacbbc19cf8ba12a292c41a1355b9b6e6c,1b3a0e5b1a6ba5444516e5366bd7386481621a64,持卡人消费,南苑网关,-1.1,145.98,4336,正常
2016/03/24 08:18:03,421d43aacbbc19cf8ba12a292c41a1355b9b6e6c,1b3a0e5b1a6ba5444516e5366bd7386481621a64,持卡人消费,学士楼商务网关,-2.0,143.98,4337,正常
2016/03/24 08:19:27,421d43aacbbc19cf8ba12a292c41a1355b9b6e6c,1b3a0e5b1a6ba5444516e5366bd7386481621a64,持卡人消费,学士楼商务网关,-1.6,142.38,4338,正常
2016/03/24 08:20:26,421d43aacbbc19cf8ba12a292c41a1355b9b6e6c,1b3a0e5b1a6ba5444516e5366bd7386481621a64,持卡人消费,学士楼商务网关,-0.5,141.88,4339,正常
2016/03/25 11:47:31,421d43aacbbc19cf8ba12a292c41a1355b9b6e6c,1b3a0e5b1a6ba5444516e5366bd7386481621a64,持卡人消费,学士楼商务网关,-11.1,130.78,4340,正常
2016/03/25 16:10:08,421d43aacbbc19cf8ba12a292c41a1355b9b6e6c,1b3a0e5b1a6ba5444516e5366bd7386481621a64,持卡人消费,一校区水控新,-0.99,129.79,4342,正常
2016/03/25 16:13:36,421d43aacbbc19cf8ba12a292c41a1355b9b6e6c,1b3a0e5b1a6ba5444516e5366bd7386481621a64,持卡人消费,一校区水控新,-0.5,129.29,4344,正常
2016/03/25 18:41:40,421d43aacbbc19cf8ba12a292c41a1355b9b6e6c,1b3a0e5b1a6ba5444516e5366bd7386481621a64,持卡人消费,学士楼商务网关,-4.0,125.29,4345,正常
2016/03/25 18:42:03,421d43aacbbc19cf8ba12a292c41a1355b9b6e6c,1b3a0e5b1a6ba5444516e5366bd7386481621a64,持卡人消费,学士楼商务网关,-4.6,120.69,4346,正常
2016/03/26 17:16:25,421d43aacbbc19cf8ba12a292c41a1355b9b6e6c,1b3a0e5b1a6ba5444516e5366bd7386481621a64,持卡人消费,硕果园（工大商店）,-12.0,108.69,4347,正常
2016/03/26 17:22:18,421d43aacbbc19cf8ba12a292c41a1355b9b6e6c,1b3a0e5b1a6ba5444516e5366bd7386481621a64,持卡人消费,硕果园（工大商店）,-5.0,103.69,4348,正常
2016/03/27 08:05:12,421d43aacbbc19cf8ba12a292c41a1355b9b6e6c,1b3a0e5b1a6ba5444516e5366bd7386481621a64,持卡人消费,学士楼商务网关,-4.5,99.19,4349,正常
2016/03/27 11:10:05,421d43aacbbc19cf8ba12a292c41a1355b9b6e6c,1b3a0e5b1a6ba5444516e5366bd7386481621a64,持卡人消费,学苑楼商务网关,-8.8,90.39,4350,正常
2016/03/27 17:38:46,421d43aacbbc19cf8ba12a292c41a1355b9b6e6c,1b3a0e5b1a6ba5444516e5366bd7386481621a64,持卡人消费,学士楼商务网关,-3.0,87.39,4351,正常
2016/03/27 17:40:45,421d43aacbbc19cf8ba12a292c41a1355b9b6e6c,1b3a0e5b1a6ba5444516e5366bd7386481621a64,持卡人消费,学士楼商务网关,-1.9,85.49,4352,正常
2016/03/28 11:17:23,421d43aacbbc19cf8ba12a292c41a1355b9b6e6c,1b3a0e5b1a6ba5444516e5366bd7386481621a64,持卡人消费,学苑楼商务网关,-10.0,75.49,4353,正常
2016/03/29 11:52:28,421d43aacbbc19cf8ba12a292c41a1355b9b6e6c,1b3a0e5b1a6ba5444516e5366bd7386481621a64,持卡人消费,学士楼商务网关,-5.5,69.99,4354,正常
2016/03/29 16:41:41,421d43aacbbc19cf8ba12a292c41a1355b9b6e6c,1b3a0e5b1a6ba5444516e5366bd7386481621a64,持卡人消费,学苑楼商务网关,-7.0,62.99,4355,正常
2016/03/30 16:38:20,421d43aacbbc19cf8ba12a292c41a1355b9b6e6c,1b3a0e5b1a6ba5444516e5366bd7386481621a64,持卡人消费,学苑楼商务网关,-1.2,61.79,4356,正常
2016/03/31 18:25:06,421d43aacbbc19cf8ba12a292c41a1355b9b6e6c,1b3a0e5b1a6ba5444516e5366bd7386481621a64,持卡人消费,一校区水控新,-1.33,60.46,4358,正常
2016/03/31 18:27:35,421d43aacbbc19cf8ba12a292c41a1355b9b6e6c,1b3a0e5b1a6ba5444516e5366bd7386481621a64,持卡人消费,一校区水控新,-0.32,60.14,4360,正常
