交易发生时间,学号,姓名,交易类型,子系统名称,交易额,现有余额,次数,状态
2016/03/02 11:35:13,3a1b99711424e6bc6ede068b3db71e2e1022a00e,1be873f5602796c3fa9e3e5614fa7753c30225d3,持卡人消费,学苑楼商务网关,-8.0,70.43,3090,正常
2016/03/02 11:53:19,3a1b99711424e6bc6ede068b3db71e2e1022a00e,1be873f5602796c3fa9e3e5614fa7753c30225d3,持卡人消费,学苑楼商务网关,-8.0,62.43,3091,正常
2016/03/03 17:18:08,3a1b99711424e6bc6ede068b3db71e2e1022a00e,1be873f5602796c3fa9e3e5614fa7753c30225d3,持卡人消费,硕果园（工大商店）,-14.0,48.43,3092,正常
2016/03/03 17:29:27,3a1b99711424e6bc6ede068b3db71e2e1022a00e,1be873f5602796c3fa9e3e5614fa7753c30225d3,持卡人消费,硕果园（工大商店）,-8.5,39.93,3093,正常
2016/03/04 17:06:31,3a1b99711424e6bc6ede068b3db71e2e1022a00e,1be873f5602796c3fa9e3e5614fa7753c30225d3,持卡人消费,学苑楼商务网关,-7.0,32.93,3094,正常
2016/03/04 21:16:48,3a1b99711424e6bc6ede068b3db71e2e1022a00e,1be873f5602796c3fa9e3e5614fa7753c30225d3,持卡人消费,超市商务子系统,-4.0,28.93,3095,正常
2016/03/05 18:14:58,3a1b99711424e6bc6ede068b3db71e2e1022a00e,1be873f5602796c3fa9e3e5614fa7753c30225d3,持卡人消费,硕果园（工大商店）,-14.0,14.93,3096,正常
2016/03/06 11:11:23,3a1b99711424e6bc6ede068b3db71e2e1022a00e,1be873f5602796c3fa9e3e5614fa7753c30225d3,持卡人消费,学苑楼商务网关,-3.4,11.53,3097,正常
2016/03/07 17:07:07,3a1b99711424e6bc6ede068b3db71e2e1022a00e,1be873f5602796c3fa9e3e5614fa7753c30225d3,存款,现金充值机,100.0,111.53,3098,正常
2016/03/07 17:23:14,3a1b99711424e6bc6ede068b3db71e2e1022a00e,1be873f5602796c3fa9e3e5614fa7753c30225d3,持卡人消费,学苑楼商务网关,-3.5,108.03,3099,正常
2016/03/08 08:08:46,3a1b99711424e6bc6ede068b3db71e2e1022a00e,1be873f5602796c3fa9e3e5614fa7753c30225d3,持卡人消费,学士楼商务网关,-2.1,105.93,3100,正常
2016/03/08 11:17:30,3a1b99711424e6bc6ede068b3db71e2e1022a00e,1be873f5602796c3fa9e3e5614fa7753c30225d3,持卡人消费,学苑楼商务网关,-4.4,101.53,3101,正常
2016/03/08 11:17:43,3a1b99711424e6bc6ede068b3db71e2e1022a00e,1be873f5602796c3fa9e3e5614fa7753c30225d3,持卡人消费,学苑楼商务网关,-8.4,93.13,3102,正常
2016/03/08 11:21:07,3a1b99711424e6bc6ede068b3db71e2e1022a00e,1be873f5602796c3fa9e3e5614fa7753c30225d3,持卡人消费,学苑楼商务网关,-3.0,90.13,3103,正常
2016/03/08 11:21:09,3a1b99711424e6bc6ede068b3db71e2e1022a00e,1be873f5602796c3fa9e3e5614fa7753c30225d3,持卡人消费,学苑楼商务网关,-0.5,89.63,3104,正常
2016/03/08 11:34:53,3a1b99711424e6bc6ede068b3db71e2e1022a00e,1be873f5602796c3fa9e3e5614fa7753c30225d3,持卡人消费,学苑楼商务网关,-9.0,80.63,3105,正常
2016/03/09 08:00:53,3a1b99711424e6bc6ede068b3db71e2e1022a00e,1be873f5602796c3fa9e3e5614fa7753c30225d3,持卡人消费,学士楼商务网关,-4.13,76.50,3106,正常
2016/03/09 17:32:08,3a1b99711424e6bc6ede068b3db71e2e1022a00e,1be873f5602796c3fa9e3e5614fa7753c30225d3,持卡人消费,学苑楼商务网关,-7.9,68.60,3107,正常
2016/03/10 07:24:51,3a1b99711424e6bc6ede068b3db71e2e1022a00e,1be873f5602796c3fa9e3e5614fa7753c30225d3,持卡人消费,学士楼商务网关,-4.1,64.50,3108,正常
2016/03/10 07:27:53,3a1b99711424e6bc6ede068b3db71e2e1022a00e,1be873f5602796c3fa9e3e5614fa7753c30225d3,持卡人消费,学士楼商务网关,-4.0,60.50,3109,正常
2016/03/10 11:25:29,3a1b99711424e6bc6ede068b3db71e2e1022a00e,1be873f5602796c3fa9e3e5614fa7753c30225d3,持卡人消费,学苑楼商务网关,-3.9,56.60,3110,正常
2016/03/10 11:25:52,3a1b99711424e6bc6ede068b3db71e2e1022a00e,1be873f5602796c3fa9e3e5614fa7753c30225d3,持卡人消费,学苑楼商务网关,-8.0,48.60,3111,正常
2016/03/10 11:27:47,3a1b99711424e6bc6ede068b3db71e2e1022a00e,1be873f5602796c3fa9e3e5614fa7753c30225d3,持卡人消费,学苑楼商务网关,-4.6,44.00,3112,正常
2016/03/10 12:05:26,3a1b99711424e6bc6ede068b3db71e2e1022a00e,1be873f5602796c3fa9e3e5614fa7753c30225d3,持卡人消费,超市商务子系统,-25.0,19.00,3113,正常
2016/03/10 17:20:33,3a1b99711424e6bc6ede068b3db71e2e1022a00e,1be873f5602796c3fa9e3e5614fa7753c30225d3,持卡人消费,学苑楼商务网关,-7.0,12.00,3114,正常
2016/03/10 17:20:38,3a1b99711424e6bc6ede068b3db71e2e1022a00e,1be873f5602796c3fa9e3e5614fa7753c30225d3,持卡人消费,学苑楼商务网关,-1.0,11.00,3115,正常
2016/03/11 11:57:08,3a1b99711424e6bc6ede068b3db71e2e1022a00e,1be873f5602796c3fa9e3e5614fa7753c30225d3,持卡人消费,学苑楼商务网关,-4.4,6.60,3116,正常
2016/03/12 08:28:58,3a1b99711424e6bc6ede068b3db71e2e1022a00e,1be873f5602796c3fa9e3e5614fa7753c30225d3,存款,现金充值机,100.0,106.60,3117,正常
2016/03/12 15:56:03,3a1b99711424e6bc6ede068b3db71e2e1022a00e,1be873f5602796c3fa9e3e5614fa7753c30225d3,持卡人消费,超市商务子系统,-7.0,99.60,3118,正常
2016/03/14 07:58:28,3a1b99711424e6bc6ede068b3db71e2e1022a00e,1be873f5602796c3fa9e3e5614fa7753c30225d3,持卡人消费,学士楼商务网关,-4.1,80.10,3121,正常
2016/03/14 11:17:19,3a1b99711424e6bc6ede068b3db71e2e1022a00e,1be873f5602796c3fa9e3e5614fa7753c30225d3,持卡人消费,学苑楼商务网关,-4.4,75.70,3122,正常
2016/03/14 17:16:46,3a1b99711424e6bc6ede068b3db71e2e1022a00e,1be873f5602796c3fa9e3e5614fa7753c30225d3,持卡人消费,学苑楼商务网关,-7.0,68.70,3123,正常
2016/03/15 07:32:21,3a1b99711424e6bc6ede068b3db71e2e1022a00e,1be873f5602796c3fa9e3e5614fa7753c30225d3,持卡人消费,学士楼商务网关,-4.1,64.60,3124,正常
2016/03/15 17:26:22,3a1b99711424e6bc6ede068b3db71e2e1022a00e,1be873f5602796c3fa9e3e5614fa7753c30225d3,持卡人消费,学士楼商务网关,-3.4,61.20,3125,正常
2016/03/16 06:28:11,3a1b99711424e6bc6ede068b3db71e2e1022a00e,1be873f5602796c3fa9e3e5614fa7753c30225d3,持卡人消费,超市商务子系统,-2.0,59.20,3126,正常
2016/03/17 07:31:04,3a1b99711424e6bc6ede068b3db71e2e1022a00e,1be873f5602796c3fa9e3e5614fa7753c30225d3,持卡人消费,学士楼商务网关,-4.1,55.10,3127,正常
2016/03/18 08:21:38,3a1b99711424e6bc6ede068b3db71e2e1022a00e,1be873f5602796c3fa9e3e5614fa7753c30225d3,持卡人消费,学士楼商务网关,-4.1,51.00,3128,正常
2016/03/18 11:32:47,3a1b99711424e6bc6ede068b3db71e2e1022a00e,1be873f5602796c3fa9e3e5614fa7753c30225d3,持卡人消费,学苑楼商务网关,-4.4,46.60,3129,正常
2016/03/22 08:14:27,3a1b99711424e6bc6ede068b3db71e2e1022a00e,1be873f5602796c3fa9e3e5614fa7753c30225d3,持卡人消费,学士楼商务网关,-2.1,44.50,3130,正常
2016/03/25 07:59:08,3a1b99711424e6bc6ede068b3db71e2e1022a00e,1be873f5602796c3fa9e3e5614fa7753c30225d3,持卡人消费,学士楼商务网关,-4.1,40.40,3131,正常
2016/03/25 17:21:51,3a1b99711424e6bc6ede068b3db71e2e1022a00e,1be873f5602796c3fa9e3e5614fa7753c30225d3,持卡人消费,学苑楼商务网关,-7.0,33.40,3132,正常
2016/03/25 17:23:21,3a1b99711424e6bc6ede068b3db71e2e1022a00e,1be873f5602796c3fa9e3e5614fa7753c30225d3,持卡人消费,学苑楼商务网关,-6.6,26.80,3133,正常
2016/03/25 17:41:10,3a1b99711424e6bc6ede068b3db71e2e1022a00e,1be873f5602796c3fa9e3e5614fa7753c30225d3,持卡人消费,学苑楼商务网关,-3.0,23.80,3134,正常
2016/03/27 11:17:05,3a1b99711424e6bc6ede068b3db71e2e1022a00e,1be873f5602796c3fa9e3e5614fa7753c30225d3,持卡人消费,学苑楼商务网关,-3.4,20.40,3135,正常
2016/03/29 08:03:49,3a1b99711424e6bc6ede068b3db71e2e1022a00e,1be873f5602796c3fa9e3e5614fa7753c30225d3,持卡人消费,学士楼商务网关,-4.1,16.30,3136,正常
