交易发生时间,学号,姓名,交易类型,子系统名称,交易额,现有余额,次数,状态
2016/03/01 11:15:12,6c5de69c1a03eeb272877e1eee314e45bbd060ca,1c56fc53cc0eb6ffc1b1b9a428e7cdaae568dd44,持卡人消费,南苑网关,-8.16,112.09,3430,正常
2016/03/01 17:17:46,6c5de69c1a03eeb272877e1eee314e45bbd060ca,1c56fc53cc0eb6ffc1b1b9a428e7cdaae568dd44,持卡人消费,学苑楼商务网关,-13.0,99.09,3431,正常
2016/03/02 17:00:46,6c5de69c1a03eeb272877e1eee314e45bbd060ca,1c56fc53cc0eb6ffc1b1b9a428e7cdaae568dd44,持卡人消费,学苑楼商务网关,-13.0,86.09,3432,正常
2016/03/02 17:37:21,6c5de69c1a03eeb272877e1eee314e45bbd060ca,1c56fc53cc0eb6ffc1b1b9a428e7cdaae568dd44,持卡人消费,超市商务子系统,-15.0,71.09,3433,正常
2016/03/03 17:26:30,6c5de69c1a03eeb272877e1eee314e45bbd060ca,1c56fc53cc0eb6ffc1b1b9a428e7cdaae568dd44,持卡人消费,学苑楼商务网关,-8.8,62.29,3434,正常
2016/03/04 06:12:10,6c5de69c1a03eeb272877e1eee314e45bbd060ca,1c56fc53cc0eb6ffc1b1b9a428e7cdaae568dd44,持卡人消费,学士楼商务网关,-2.15,60.14,3435,正常
2016/03/04 06:15:37,6c5de69c1a03eeb272877e1eee314e45bbd060ca,1c56fc53cc0eb6ffc1b1b9a428e7cdaae568dd44,持卡人消费,学士楼商务网关,-1.5,58.64,3436,正常
2016/03/04 16:06:55,6c5de69c1a03eeb272877e1eee314e45bbd060ca,1c56fc53cc0eb6ffc1b1b9a428e7cdaae568dd44,持卡人消费,15公寓浴池,-1.01,57.63,3438,正常
2016/03/04 16:09:52,6c5de69c1a03eeb272877e1eee314e45bbd060ca,1c56fc53cc0eb6ffc1b1b9a428e7cdaae568dd44,持卡人消费,15公寓浴池,-0.3,57.33,3440,正常
2016/03/04 16:15:44,6c5de69c1a03eeb272877e1eee314e45bbd060ca,1c56fc53cc0eb6ffc1b1b9a428e7cdaae568dd44,持卡人消费,15公寓浴池,-0.45,56.88,3442,正常
2016/03/05 12:22:47,6c5de69c1a03eeb272877e1eee314e45bbd060ca,1c56fc53cc0eb6ffc1b1b9a428e7cdaae568dd44,持卡人消费,硕果园（工大商店）,-23.2,33.68,3443,正常
2016/03/05 21:44:11,6c5de69c1a03eeb272877e1eee314e45bbd060ca,1c56fc53cc0eb6ffc1b1b9a428e7cdaae568dd44,持卡人消费,A2,-6.0,27.68,3444,正常
2016/03/06 11:31:04,6c5de69c1a03eeb272877e1eee314e45bbd060ca,1c56fc53cc0eb6ffc1b1b9a428e7cdaae568dd44,持卡人消费,南苑网关,-2.5,25.18,3445,正常
2016/03/06 11:31:34,6c5de69c1a03eeb272877e1eee314e45bbd060ca,1c56fc53cc0eb6ffc1b1b9a428e7cdaae568dd44,持卡人消费,南苑网关,-8.0,17.18,3446,正常
2016/03/06 11:31:42,6c5de69c1a03eeb272877e1eee314e45bbd060ca,1c56fc53cc0eb6ffc1b1b9a428e7cdaae568dd44,持卡人消费,南苑网关,-0.6,16.58,3447,正常
2016/03/06 19:13:16,6c5de69c1a03eeb272877e1eee314e45bbd060ca,1c56fc53cc0eb6ffc1b1b9a428e7cdaae568dd44,持卡人消费,超市商务子系统,-15.8,0.78,3448,正常
2016/03/08 11:07:38,6c5de69c1a03eeb272877e1eee314e45bbd060ca,1c56fc53cc0eb6ffc1b1b9a428e7cdaae568dd44,存款,现金充值机,100.0,100.78,3449,正常
2016/03/08 11:23:06,6c5de69c1a03eeb272877e1eee314e45bbd060ca,1c56fc53cc0eb6ffc1b1b9a428e7cdaae568dd44,持卡人消费,学子楼商务网关,-0.5,100.28,3450,正常
2016/03/08 12:17:12,6c5de69c1a03eeb272877e1eee314e45bbd060ca,1c56fc53cc0eb6ffc1b1b9a428e7cdaae568dd44,持卡人消费,学子楼商务网关,-10.5,89.78,3451,正常
2016/03/08 16:56:10,6c5de69c1a03eeb272877e1eee314e45bbd060ca,1c56fc53cc0eb6ffc1b1b9a428e7cdaae568dd44,持卡人消费,15公寓浴池,-1.52,88.26,3453,正常
2016/03/08 16:59:32,6c5de69c1a03eeb272877e1eee314e45bbd060ca,1c56fc53cc0eb6ffc1b1b9a428e7cdaae568dd44,持卡人消费,15公寓浴池,-0.34,87.92,3455,正常
2016/03/08 17:05:40,6c5de69c1a03eeb272877e1eee314e45bbd060ca,1c56fc53cc0eb6ffc1b1b9a428e7cdaae568dd44,持卡人消费,15公寓浴池,-0.42,87.50,3457,正常
2016/03/08 18:09:15,6c5de69c1a03eeb272877e1eee314e45bbd060ca,1c56fc53cc0eb6ffc1b1b9a428e7cdaae568dd44,持卡人消费,学苑楼商务网关,-13.0,74.50,3458,正常
2016/03/10 08:28:15,6c5de69c1a03eeb272877e1eee314e45bbd060ca,1c56fc53cc0eb6ffc1b1b9a428e7cdaae568dd44,持卡人消费,学士楼商务网关,-6.5,68.00,3459,正常
2016/03/10 11:38:19,6c5de69c1a03eeb272877e1eee314e45bbd060ca,1c56fc53cc0eb6ffc1b1b9a428e7cdaae568dd44,持卡人消费,南苑网关,-2.5,65.50,3460,正常
2016/03/10 11:38:31,6c5de69c1a03eeb272877e1eee314e45bbd060ca,1c56fc53cc0eb6ffc1b1b9a428e7cdaae568dd44,持卡人消费,南苑网关,-3.5,62.00,3461,正常
2016/03/10 11:38:42,6c5de69c1a03eeb272877e1eee314e45bbd060ca,1c56fc53cc0eb6ffc1b1b9a428e7cdaae568dd44,持卡人消费,南苑网关,-0.6,61.40,3462,正常
2016/03/10 17:26:30,6c5de69c1a03eeb272877e1eee314e45bbd060ca,1c56fc53cc0eb6ffc1b1b9a428e7cdaae568dd44,持卡人消费,超市商务子系统,-10.7,50.70,3463,正常
2016/03/11 12:47:39,6c5de69c1a03eeb272877e1eee314e45bbd060ca,1c56fc53cc0eb6ffc1b1b9a428e7cdaae568dd44,持卡人消费,硕果园（工大商店）,-10.0,40.70,3464,正常
2016/03/11 17:05:39,6c5de69c1a03eeb272877e1eee314e45bbd060ca,1c56fc53cc0eb6ffc1b1b9a428e7cdaae568dd44,持卡人消费,学士楼商务网关,-23.5,17.20,3465,正常
2016/03/11 17:38:14,6c5de69c1a03eeb272877e1eee314e45bbd060ca,1c56fc53cc0eb6ffc1b1b9a428e7cdaae568dd44,持卡人消费,超市商务子系统,-8.0,9.20,3466,正常
2016/03/11 17:41:10,6c5de69c1a03eeb272877e1eee314e45bbd060ca,1c56fc53cc0eb6ffc1b1b9a428e7cdaae568dd44,持卡人消费,超市商务子系统,-7.6,1.60,3467,正常
2016/03/14 12:01:27,6c5de69c1a03eeb272877e1eee314e45bbd060ca,1c56fc53cc0eb6ffc1b1b9a428e7cdaae568dd44,存款,现金充值机,100.0,100.00,3469,正常
2016/03/14 18:03:50,6c5de69c1a03eeb272877e1eee314e45bbd060ca,1c56fc53cc0eb6ffc1b1b9a428e7cdaae568dd44,持卡人消费,学苑楼商务网关,-7.0,93.00,3470,正常
2016/03/15 08:55:30,6c5de69c1a03eeb272877e1eee314e45bbd060ca,1c56fc53cc0eb6ffc1b1b9a428e7cdaae568dd44,持卡人消费,学士楼商务网关,-1.0,92.00,3471,正常
2016/03/15 08:56:34,6c5de69c1a03eeb272877e1eee314e45bbd060ca,1c56fc53cc0eb6ffc1b1b9a428e7cdaae568dd44,持卡人消费,学士楼商务网关,-2.0,90.00,3472,正常
2016/03/15 11:56:26,6c5de69c1a03eeb272877e1eee314e45bbd060ca,1c56fc53cc0eb6ffc1b1b9a428e7cdaae568dd44,持卡人消费,南苑网关,-0.2,89.80,3473,正常
2016/03/15 11:56:40,6c5de69c1a03eeb272877e1eee314e45bbd060ca,1c56fc53cc0eb6ffc1b1b9a428e7cdaae568dd44,持卡人消费,南苑网关,-6.48,83.32,3474,正常
2016/03/15 15:37:22,6c5de69c1a03eeb272877e1eee314e45bbd060ca,1c56fc53cc0eb6ffc1b1b9a428e7cdaae568dd44,持卡人消费,15公寓浴池,-0.02,83.30,3476,正常
2016/03/15 15:47:55,6c5de69c1a03eeb272877e1eee314e45bbd060ca,1c56fc53cc0eb6ffc1b1b9a428e7cdaae568dd44,持卡人消费,15公寓浴池,-2.0,81.30,3477,正常
2016/03/15 15:47:04,6c5de69c1a03eeb272877e1eee314e45bbd060ca,1c56fc53cc0eb6ffc1b1b9a428e7cdaae568dd44,持卡人消费,15公寓浴池,-1.76,79.54,3479,正常
2016/03/15 15:51:56,6c5de69c1a03eeb272877e1eee314e45bbd060ca,1c56fc53cc0eb6ffc1b1b9a428e7cdaae568dd44,持卡人消费,15公寓浴池,-0.54,79.00,3481,正常
2016/03/15 15:57:01,6c5de69c1a03eeb272877e1eee314e45bbd060ca,1c56fc53cc0eb6ffc1b1b9a428e7cdaae568dd44,持卡人消费,15公寓浴池,-0.45,78.55,3483,正常
2016/03/15 16:45:04,6c5de69c1a03eeb272877e1eee314e45bbd060ca,1c56fc53cc0eb6ffc1b1b9a428e7cdaae568dd44,持卡人消费,学苑楼商务网关,-7.0,71.55,3484,正常
2016/03/15 17:21:24,6c5de69c1a03eeb272877e1eee314e45bbd060ca,1c56fc53cc0eb6ffc1b1b9a428e7cdaae568dd44,持卡人消费,超市商务子系统,-7.0,64.55,3485,正常
2016/03/16 08:46:11,6c5de69c1a03eeb272877e1eee314e45bbd060ca,1c56fc53cc0eb6ffc1b1b9a428e7cdaae568dd44,持卡人消费,硕果园（工大商店）,-6.0,58.55,3486,正常
2016/03/16 08:49:14,6c5de69c1a03eeb272877e1eee314e45bbd060ca,1c56fc53cc0eb6ffc1b1b9a428e7cdaae568dd44,持卡人消费,硕果园（工大商店）,-2.3,56.25,3487,正常
2016/03/16 11:44:35,6c5de69c1a03eeb272877e1eee314e45bbd060ca,1c56fc53cc0eb6ffc1b1b9a428e7cdaae568dd44,持卡人消费,学苑楼商务网关,-10.0,46.25,3488,正常
2016/03/16 11:45:43,6c5de69c1a03eeb272877e1eee314e45bbd060ca,1c56fc53cc0eb6ffc1b1b9a428e7cdaae568dd44,持卡人消费,学苑楼商务网关,-10.0,36.25,3489,正常
2016/03/16 11:45:52,6c5de69c1a03eeb272877e1eee314e45bbd060ca,1c56fc53cc0eb6ffc1b1b9a428e7cdaae568dd44,持卡人消费,学苑楼商务网关,-4.0,32.25,3490,正常
2016/03/16 11:46:41,6c5de69c1a03eeb272877e1eee314e45bbd060ca,1c56fc53cc0eb6ffc1b1b9a428e7cdaae568dd44,持卡人消费,学苑楼商务网关,-1.0,31.25,3491,正常
2016/03/17 11:12:38,6c5de69c1a03eeb272877e1eee314e45bbd060ca,1c56fc53cc0eb6ffc1b1b9a428e7cdaae568dd44,持卡人消费,学子楼商务网关,-5.4,25.85,3492,正常
2016/03/17 11:13:19,6c5de69c1a03eeb272877e1eee314e45bbd060ca,1c56fc53cc0eb6ffc1b1b9a428e7cdaae568dd44,持卡人消费,学子楼商务网关,-3.2,22.65,3493,正常
2016/03/17 16:24:06,6c5de69c1a03eeb272877e1eee314e45bbd060ca,1c56fc53cc0eb6ffc1b1b9a428e7cdaae568dd44,持卡人消费,学苑楼商务网关,-7.0,15.65,3494,正常
2016/03/18 11:30:30,6c5de69c1a03eeb272877e1eee314e45bbd060ca,1c56fc53cc0eb6ffc1b1b9a428e7cdaae568dd44,持卡人消费,南苑网关,-6.24,9.41,3495,正常
2016/03/18 17:49:31,6c5de69c1a03eeb272877e1eee314e45bbd060ca,1c56fc53cc0eb6ffc1b1b9a428e7cdaae568dd44,持卡人消费,硕果园（工大商店）,-6.0,3.41,3496,正常
2016/03/19 17:53:39,6c5de69c1a03eeb272877e1eee314e45bbd060ca,1c56fc53cc0eb6ffc1b1b9a428e7cdaae568dd44,存款,现金充值机,100.0,103.41,3497,正常
2016/03/19 18:09:34,6c5de69c1a03eeb272877e1eee314e45bbd060ca,1c56fc53cc0eb6ffc1b1b9a428e7cdaae568dd44,持卡人消费,学苑楼商务网关,-3.5,99.91,3498,正常
2016/03/19 18:10:51,6c5de69c1a03eeb272877e1eee314e45bbd060ca,1c56fc53cc0eb6ffc1b1b9a428e7cdaae568dd44,持卡人消费,学苑楼商务网关,-0.5,99.41,3499,正常
2016/03/19 18:10:53,6c5de69c1a03eeb272877e1eee314e45bbd060ca,1c56fc53cc0eb6ffc1b1b9a428e7cdaae568dd44,持卡人消费,学苑楼商务网关,-0.5,98.91,3500,正常
2016/03/19 18:11:57,6c5de69c1a03eeb272877e1eee314e45bbd060ca,1c56fc53cc0eb6ffc1b1b9a428e7cdaae568dd44,持卡人消费,学苑楼商务网关,-3.0,95.91,3501,正常
2016/03/20 19:46:05,6c5de69c1a03eeb272877e1eee314e45bbd060ca,1c56fc53cc0eb6ffc1b1b9a428e7cdaae568dd44,持卡人消费,15公寓浴池,-0.03,95.88,3503,正常
2016/03/20 19:46:16,6c5de69c1a03eeb272877e1eee314e45bbd060ca,1c56fc53cc0eb6ffc1b1b9a428e7cdaae568dd44,持卡人消费,15公寓浴池,-0.02,95.86,3505,正常
2016/03/20 19:51:41,6c5de69c1a03eeb272877e1eee314e45bbd060ca,1c56fc53cc0eb6ffc1b1b9a428e7cdaae568dd44,持卡人消费,15公寓浴池,-1.02,94.84,3507,正常
2016/03/20 20:00:09,6c5de69c1a03eeb272877e1eee314e45bbd060ca,1c56fc53cc0eb6ffc1b1b9a428e7cdaae568dd44,持卡人消费,15公寓浴池,-1.31,93.53,3509,正常
2016/03/21 08:50:17,6c5de69c1a03eeb272877e1eee314e45bbd060ca,1c56fc53cc0eb6ffc1b1b9a428e7cdaae568dd44,持卡人消费,硕果园（工大商店）,-6.0,87.53,3510,正常
2016/03/21 11:47:20,6c5de69c1a03eeb272877e1eee314e45bbd060ca,1c56fc53cc0eb6ffc1b1b9a428e7cdaae568dd44,持卡人消费,学苑楼商务网关,-7.0,80.53,3511,正常
2016/03/21 16:54:28,6c5de69c1a03eeb272877e1eee314e45bbd060ca,1c56fc53cc0eb6ffc1b1b9a428e7cdaae568dd44,持卡人消费,学士楼商务网关,-6.5,74.03,3512,正常
2016/03/22 12:34:23,6c5de69c1a03eeb272877e1eee314e45bbd060ca,1c56fc53cc0eb6ffc1b1b9a428e7cdaae568dd44,持卡人消费,南苑网关,-12.0,62.03,3513,正常
2016/03/24 11:22:18,6c5de69c1a03eeb272877e1eee314e45bbd060ca,1c56fc53cc0eb6ffc1b1b9a428e7cdaae568dd44,持卡人消费,南苑网关,-0.2,61.83,3514,正常
2016/03/24 11:23:19,6c5de69c1a03eeb272877e1eee314e45bbd060ca,1c56fc53cc0eb6ffc1b1b9a428e7cdaae568dd44,持卡人消费,南苑网关,-9.36,52.47,3515,正常
2016/03/24 17:05:48,6c5de69c1a03eeb272877e1eee314e45bbd060ca,1c56fc53cc0eb6ffc1b1b9a428e7cdaae568dd44,持卡人消费,学苑楼商务网关,-6.0,46.47,3516,正常
2016/03/24 17:33:02,6c5de69c1a03eeb272877e1eee314e45bbd060ca,1c56fc53cc0eb6ffc1b1b9a428e7cdaae568dd44,持卡人消费,学苑楼商务网关,-8.0,38.47,3517,正常
2016/03/24 17:34:13,6c5de69c1a03eeb272877e1eee314e45bbd060ca,1c56fc53cc0eb6ffc1b1b9a428e7cdaae568dd44,持卡人消费,学子楼商务网关,-0.5,37.97,3518,正常
2016/03/25 08:45:40,6c5de69c1a03eeb272877e1eee314e45bbd060ca,1c56fc53cc0eb6ffc1b1b9a428e7cdaae568dd44,持卡人消费,学士楼商务网关,-2.0,35.97,3519,正常
2016/03/25 08:46:15,6c5de69c1a03eeb272877e1eee314e45bbd060ca,1c56fc53cc0eb6ffc1b1b9a428e7cdaae568dd44,持卡人消费,学士楼商务网关,-1.0,34.97,3520,正常
2016/03/25 11:18:05,6c5de69c1a03eeb272877e1eee314e45bbd060ca,1c56fc53cc0eb6ffc1b1b9a428e7cdaae568dd44,持卡人消费,南苑网关,-0.2,34.77,3521,正常
2016/03/25 11:18:56,6c5de69c1a03eeb272877e1eee314e45bbd060ca,1c56fc53cc0eb6ffc1b1b9a428e7cdaae568dd44,持卡人消费,南苑网关,-12.0,22.77,3522,正常
2016/03/27 16:35:36,6c5de69c1a03eeb272877e1eee314e45bbd060ca,1c56fc53cc0eb6ffc1b1b9a428e7cdaae568dd44,持卡人消费,学苑楼商务网关,-8.0,14.77,3523,正常
2016/03/28 08:14:39,6c5de69c1a03eeb272877e1eee314e45bbd060ca,1c56fc53cc0eb6ffc1b1b9a428e7cdaae568dd44,持卡人消费,学士楼商务网关,-3.0,11.77,3524,正常
2016/03/28 08:15:54,6c5de69c1a03eeb272877e1eee314e45bbd060ca,1c56fc53cc0eb6ffc1b1b9a428e7cdaae568dd44,持卡人消费,学士楼商务网关,-1.5,10.27,3525,正常
2016/03/29 08:13:47,6c5de69c1a03eeb272877e1eee314e45bbd060ca,1c56fc53cc0eb6ffc1b1b9a428e7cdaae568dd44,持卡人消费,学士楼商务网关,-3.7,6.57,3526,正常
2016/03/29 10:45:34,6c5de69c1a03eeb272877e1eee314e45bbd060ca,1c56fc53cc0eb6ffc1b1b9a428e7cdaae568dd44,存款,现金充值机,100.0,106.57,3527,正常
2016/03/29 11:02:09,6c5de69c1a03eeb272877e1eee314e45bbd060ca,1c56fc53cc0eb6ffc1b1b9a428e7cdaae568dd44,持卡人消费,南苑网关,-9.6,96.97,3528,正常
2016/03/29 16:26:44,6c5de69c1a03eeb272877e1eee314e45bbd060ca,1c56fc53cc0eb6ffc1b1b9a428e7cdaae568dd44,持卡人消费,学苑楼商务网关,-7.0,89.97,3529,正常
2016/03/30 11:11:49,6c5de69c1a03eeb272877e1eee314e45bbd060ca,1c56fc53cc0eb6ffc1b1b9a428e7cdaae568dd44,持卡人消费,南苑网关,-10.08,79.89,3530,正常
2016/03/30 16:53:12,6c5de69c1a03eeb272877e1eee314e45bbd060ca,1c56fc53cc0eb6ffc1b1b9a428e7cdaae568dd44,持卡人消费,学士楼商务网关,-17.0,62.89,3531,正常
2016/03/30 16:53:54,6c5de69c1a03eeb272877e1eee314e45bbd060ca,1c56fc53cc0eb6ffc1b1b9a428e7cdaae568dd44,持卡人消费,学士楼商务网关,-1.5,61.39,3532,正常
