交易发生时间,学号,姓名,交易类型,子系统名称,交易额,现有余额,次数,状态
2016/03/14 19:15:25,778ba34c8b60c497b0c4252471507571a41ddf5a,1cb65aaee7a248aa0a25671d33def399bff901e1,持卡人消费,网络中心,-30.0,21.18,1603,正常
2016/03/15 17:09:03,778ba34c8b60c497b0c4252471507571a41ddf5a,1cb65aaee7a248aa0a25671d33def399bff901e1,持卡人消费,学士楼商务网关,-8.9,12.28,1604,正常
2016/03/16 16:40:09,778ba34c8b60c497b0c4252471507571a41ddf5a,1cb65aaee7a248aa0a25671d33def399bff901e1,持卡人消费,硕果园（工大商店）,-9.0,3.28,1605,正常
2016/03/20 16:08:21,778ba34c8b60c497b0c4252471507571a41ddf5a,1cb65aaee7a248aa0a25671d33def399bff901e1,持卡人消费,15公寓浴池,-2.0,1.28,1606,正常
2016/03/20 16:48:10,778ba34c8b60c497b0c4252471507571a41ddf5a,1cb65aaee7a248aa0a25671d33def399bff901e1,存款,学苑楼综合业务3,200.0,201.28,1607,正常
2016/03/20 17:49:12,778ba34c8b60c497b0c4252471507571a41ddf5a,1cb65aaee7a248aa0a25671d33def399bff901e1,持卡人消费,硕果园（工大商店）,-9.0,192.28,1608,正常
2016/03/20 17:50:25,778ba34c8b60c497b0c4252471507571a41ddf5a,1cb65aaee7a248aa0a25671d33def399bff901e1,持卡人消费,硕果园（工大商店）,-7.5,184.78,1609,正常
2016/03/21 11:35:51,778ba34c8b60c497b0c4252471507571a41ddf5a,1cb65aaee7a248aa0a25671d33def399bff901e1,持卡人消费,学士楼商务网关,-11.1,173.68,1610,正常
2016/03/22 16:59:29,778ba34c8b60c497b0c4252471507571a41ddf5a,1cb65aaee7a248aa0a25671d33def399bff901e1,持卡人消费,硕果园（工大商店）,-9.0,164.68,1611,正常
2016/03/23 17:42:21,778ba34c8b60c497b0c4252471507571a41ddf5a,1cb65aaee7a248aa0a25671d33def399bff901e1,持卡人消费,学士楼商务网关,-8.1,156.58,1612,正常
2016/03/26 13:58:19,778ba34c8b60c497b0c4252471507571a41ddf5a,1cb65aaee7a248aa0a25671d33def399bff901e1,持卡人消费,硕果园（工大商店）,-9.0,147.58,1613,正常
2016/03/28 17:36:31,778ba34c8b60c497b0c4252471507571a41ddf5a,1cb65aaee7a248aa0a25671d33def399bff901e1,持卡人消费,硕果园（工大商店）,-18.0,129.58,1614,正常
