交易发生时间,学号,姓名,交易类型,子系统名称,交易额,现有余额,次数,状态
2016/03/01 14:41:41,8f30b2396b2f479564ce4f26b25f825abcac71d2,1cec564c0f2ff2a071221f3077c1cedeb348740c,持卡人消费,网络中心,-30.0,0.97,1036,正常
2016/03/01 15:33:38,8f30b2396b2f479564ce4f26b25f825abcac71d2,1cec564c0f2ff2a071221f3077c1cedeb348740c,存款,现金充值机,50.0,50.97,1037,正常
2016/03/01 15:48:34,8f30b2396b2f479564ce4f26b25f825abcac71d2,1cec564c0f2ff2a071221f3077c1cedeb348740c,持卡人消费,土木楼图书馆POS,-11.65,39.32,1038,正常
2016/03/01 16:57:42,8f30b2396b2f479564ce4f26b25f825abcac71d2,1cec564c0f2ff2a071221f3077c1cedeb348740c,持卡人消费,二区图书馆APOS,-2.95,36.37,1039,正常
2016/03/02 10:16:35,8f30b2396b2f479564ce4f26b25f825abcac71d2,1cec564c0f2ff2a071221f3077c1cedeb348740c,持卡人消费,网络中心,-30.0,6.37,1040,正常
2016/03/02 10:18:15,8f30b2396b2f479564ce4f26b25f825abcac71d2,1cec564c0f2ff2a071221f3077c1cedeb348740c,持卡人消费,学子超市A05,-4.0,2.37,1041,正常
2016/03/25 16:21:21,8f30b2396b2f479564ce4f26b25f825abcac71d2,1cec564c0f2ff2a071221f3077c1cedeb348740c,存款,现金充值机,50.0,52.37,1042,正常
2016/03/25 16:35:34,8f30b2396b2f479564ce4f26b25f825abcac71d2,1cec564c0f2ff2a071221f3077c1cedeb348740c,持卡人消费,土木楼网关,-6.1,46.27,1043,正常
2016/03/25 16:37:08,8f30b2396b2f479564ce4f26b25f825abcac71d2,1cec564c0f2ff2a071221f3077c1cedeb348740c,持卡人消费,土木楼网关,-0.87,45.40,1044,正常
2016/03/29 11:33:08,8f30b2396b2f479564ce4f26b25f825abcac71d2,1cec564c0f2ff2a071221f3077c1cedeb348740c,持卡人消费,土木楼网关,-1.7,43.70,1045,正常
2016/03/29 11:35:08,8f30b2396b2f479564ce4f26b25f825abcac71d2,1cec564c0f2ff2a071221f3077c1cedeb348740c,持卡人消费,土木楼网关,-5.0,38.70,1046,正常
2016/03/29 11:59:22,8f30b2396b2f479564ce4f26b25f825abcac71d2,1cec564c0f2ff2a071221f3077c1cedeb348740c,持卡人消费,土木楼网关,-6.6,32.10,1047,正常
2016/03/30 17:05:24,8f30b2396b2f479564ce4f26b25f825abcac71d2,1cec564c0f2ff2a071221f3077c1cedeb348740c,持卡人消费,土木楼网关,-10.4,21.70,1048,正常
2016/03/30 17:06:57,8f30b2396b2f479564ce4f26b25f825abcac71d2,1cec564c0f2ff2a071221f3077c1cedeb348740c,持卡人消费,土木楼网关,-1.7,20.00,1049,正常
2016/03/30 17:10:15,8f30b2396b2f479564ce4f26b25f825abcac71d2,1cec564c0f2ff2a071221f3077c1cedeb348740c,持卡人消费,土木楼网关,-12.6,7.40,1050,正常
