交易发生时间,学号,姓名,交易类型,子系统名称,交易额,现有余额,次数,状态
2016/03/01 10:49:44,9b203b7a8713d480659ffcbea1f3047d1448d592,1d2f620587e2add5e30cc1c6e7cabda5e78341a0,持卡人消费,超市商务子系统,-9.0,160.07,3024,正常
2016/03/01 19:26:29,9b203b7a8713d480659ffcbea1f3047d1448d592,1d2f620587e2add5e30cc1c6e7cabda5e78341a0,持卡人消费,硕果园（工大商店）,-14.0,146.07,3025,正常
2016/03/02 07:38:35,9b203b7a8713d480659ffcbea1f3047d1448d592,1d2f620587e2add5e30cc1c6e7cabda5e78341a0,持卡人消费,超市商务子系统,-3.5,142.57,3026,正常
2016/03/02 11:32:00,9b203b7a8713d480659ffcbea1f3047d1448d592,1d2f620587e2add5e30cc1c6e7cabda5e78341a0,持卡人消费,超市商务子系统,-7.3,135.27,3027,正常
2016/03/02 11:38:37,9b203b7a8713d480659ffcbea1f3047d1448d592,1d2f620587e2add5e30cc1c6e7cabda5e78341a0,持卡人消费,超市商务子系统,-61.7,73.57,3028,正常
2016/03/03 08:00:33,9b203b7a8713d480659ffcbea1f3047d1448d592,1d2f620587e2add5e30cc1c6e7cabda5e78341a0,持卡人消费,超市商务子系统,-3.0,70.57,3029,正常
2016/03/03 11:01:17,9b203b7a8713d480659ffcbea1f3047d1448d592,1d2f620587e2add5e30cc1c6e7cabda5e78341a0,持卡人消费,超市商务子系统,-19.8,50.77,3030,正常
2016/03/04 11:34:55,9b203b7a8713d480659ffcbea1f3047d1448d592,1d2f620587e2add5e30cc1c6e7cabda5e78341a0,持卡人消费,学士楼商务网关,-3.0,47.77,3031,正常
2016/03/04 19:48:36,9b203b7a8713d480659ffcbea1f3047d1448d592,1d2f620587e2add5e30cc1c6e7cabda5e78341a0,持卡人消费,学士楼商务网关,-3.4,44.37,3032,正常
2016/03/04 19:49:07,9b203b7a8713d480659ffcbea1f3047d1448d592,1d2f620587e2add5e30cc1c6e7cabda5e78341a0,持卡人消费,学士楼商务网关,-4.1,40.27,3033,正常
2016/03/04 19:49:51,9b203b7a8713d480659ffcbea1f3047d1448d592,1d2f620587e2add5e30cc1c6e7cabda5e78341a0,持卡人消费,学士楼商务网关,-2.0,38.27,3034,正常
2016/03/05 13:35:42,9b203b7a8713d480659ffcbea1f3047d1448d592,1d2f620587e2add5e30cc1c6e7cabda5e78341a0,持卡人消费,15公寓浴池,-2.0,36.27,3035,正常
2016/03/05 13:41:44,9b203b7a8713d480659ffcbea1f3047d1448d592,1d2f620587e2add5e30cc1c6e7cabda5e78341a0,持卡人消费,15公寓浴池,-1.12,35.15,3037,正常
2016/03/05 13:50:38,9b203b7a8713d480659ffcbea1f3047d1448d592,1d2f620587e2add5e30cc1c6e7cabda5e78341a0,持卡人消费,15公寓浴池,-1.15,34.00,3039,正常
2016/03/05 13:56:59,9b203b7a8713d480659ffcbea1f3047d1448d592,1d2f620587e2add5e30cc1c6e7cabda5e78341a0,持卡人消费,15公寓浴池,-0.91,33.09,3041,正常
2016/03/05 14:02:04,9b203b7a8713d480659ffcbea1f3047d1448d592,1d2f620587e2add5e30cc1c6e7cabda5e78341a0,持卡人消费,15公寓浴池,-0.72,32.37,3043,正常
2016/03/06 08:22:20,9b203b7a8713d480659ffcbea1f3047d1448d592,1d2f620587e2add5e30cc1c6e7cabda5e78341a0,持卡人消费,超市商务子系统,-2.5,29.87,3044,正常
2016/03/06 11:27:55,9b203b7a8713d480659ffcbea1f3047d1448d592,1d2f620587e2add5e30cc1c6e7cabda5e78341a0,持卡人消费,学苑楼商务网关,-8.0,21.87,3045,正常
2016/03/06 11:29:54,9b203b7a8713d480659ffcbea1f3047d1448d592,1d2f620587e2add5e30cc1c6e7cabda5e78341a0,持卡人消费,学苑楼商务网关,-4.0,17.87,3046,正常
2016/03/06 11:30:13,9b203b7a8713d480659ffcbea1f3047d1448d592,1d2f620587e2add5e30cc1c6e7cabda5e78341a0,持卡人消费,学苑楼商务网关,-0.2,17.67,3047,正常
2016/03/06 17:18:16,9b203b7a8713d480659ffcbea1f3047d1448d592,1d2f620587e2add5e30cc1c6e7cabda5e78341a0,持卡人消费,学苑楼商务网关,-0.8,16.87,3048,正常
2016/03/06 17:18:49,9b203b7a8713d480659ffcbea1f3047d1448d592,1d2f620587e2add5e30cc1c6e7cabda5e78341a0,持卡人消费,学苑楼商务网关,-5.0,11.87,3049,正常
2016/03/06 17:19:37,9b203b7a8713d480659ffcbea1f3047d1448d592,1d2f620587e2add5e30cc1c6e7cabda5e78341a0,持卡人消费,学苑楼商务网关,-1.7,10.17,3050,正常
2016/03/06 17:48:33,9b203b7a8713d480659ffcbea1f3047d1448d592,1d2f620587e2add5e30cc1c6e7cabda5e78341a0,持卡人消费,学苑楼商务网关,-9.0,1.17,3051,正常
2016/03/07 07:57:04,9b203b7a8713d480659ffcbea1f3047d1448d592,1d2f620587e2add5e30cc1c6e7cabda5e78341a0,持卡人消费,超市商务子系统,-1.1,0.07,3052,正常
2016/03/07 17:07:07,9b203b7a8713d480659ffcbea1f3047d1448d592,1d2f620587e2add5e30cc1c6e7cabda5e78341a0,存款,卡中心综合业务,500.0,500.07,3053,正常
2016/03/07 17:09:55,9b203b7a8713d480659ffcbea1f3047d1448d592,1d2f620587e2add5e30cc1c6e7cabda5e78341a0,持卡人消费,学苑楼商务网关,-10.0,490.07,3054,正常
2016/03/07 17:10:40,9b203b7a8713d480659ffcbea1f3047d1448d592,1d2f620587e2add5e30cc1c6e7cabda5e78341a0,持卡人消费,学苑楼商务网关,-0.2,489.87,3055,正常
2016/03/07 17:11:41,9b203b7a8713d480659ffcbea1f3047d1448d592,1d2f620587e2add5e30cc1c6e7cabda5e78341a0,持卡人消费,学苑楼商务网关,-4.0,485.87,3056,正常
2016/03/07 17:30:03,9b203b7a8713d480659ffcbea1f3047d1448d592,1d2f620587e2add5e30cc1c6e7cabda5e78341a0,持卡人消费,学苑楼商务网关,-9.0,476.87,3057,正常
2016/03/09 08:44:43,9b203b7a8713d480659ffcbea1f3047d1448d592,1d2f620587e2add5e30cc1c6e7cabda5e78341a0,持卡人消费,硕果园（工大商店）,-6.0,470.87,3058,正常
2016/03/09 11:09:58,9b203b7a8713d480659ffcbea1f3047d1448d592,1d2f620587e2add5e30cc1c6e7cabda5e78341a0,持卡人消费,身份前置机,-1.11,469.76,3059,正常
2016/03/09 11:39:45,9b203b7a8713d480659ffcbea1f3047d1448d592,1d2f620587e2add5e30cc1c6e7cabda5e78341a0,持卡人消费,学苑楼商务网关,-5.1,464.66,3060,正常
2016/03/09 11:40:25,9b203b7a8713d480659ffcbea1f3047d1448d592,1d2f620587e2add5e30cc1c6e7cabda5e78341a0,持卡人消费,学苑楼商务网关,-10.0,454.66,3061,正常
2016/03/09 11:42:18,9b203b7a8713d480659ffcbea1f3047d1448d592,1d2f620587e2add5e30cc1c6e7cabda5e78341a0,持卡人消费,学苑楼商务网关,-0.25,454.41,3062,正常
2016/03/09 12:07:11,9b203b7a8713d480659ffcbea1f3047d1448d592,1d2f620587e2add5e30cc1c6e7cabda5e78341a0,持卡人消费,超市商务子系统,-12.1,442.31,3063,正常
2016/03/09 12:10:19,9b203b7a8713d480659ffcbea1f3047d1448d592,1d2f620587e2add5e30cc1c6e7cabda5e78341a0,持卡人消费,超市商务子系统,-32.7,409.61,3064,正常
2016/03/09 17:05:11,9b203b7a8713d480659ffcbea1f3047d1448d592,1d2f620587e2add5e30cc1c6e7cabda5e78341a0,持卡人消费,超市商务子系统,-33.8,375.81,3065,正常
2016/03/09 17:11:27,9b203b7a8713d480659ffcbea1f3047d1448d592,1d2f620587e2add5e30cc1c6e7cabda5e78341a0,持卡人消费,学苑楼商务网关,-3.0,372.81,3066,正常
2016/03/09 17:12:57,9b203b7a8713d480659ffcbea1f3047d1448d592,1d2f620587e2add5e30cc1c6e7cabda5e78341a0,持卡人消费,学苑楼商务网关,-0.8,372.01,3067,正常
2016/03/10 11:54:26,9b203b7a8713d480659ffcbea1f3047d1448d592,1d2f620587e2add5e30cc1c6e7cabda5e78341a0,持卡人消费,学苑楼商务网关,-9.0,363.01,3068,正常
2016/03/10 12:16:52,9b203b7a8713d480659ffcbea1f3047d1448d592,1d2f620587e2add5e30cc1c6e7cabda5e78341a0,持卡人消费,学苑楼商务网关,-0.1,362.91,3069,正常
2016/03/10 17:13:33,9b203b7a8713d480659ffcbea1f3047d1448d592,1d2f620587e2add5e30cc1c6e7cabda5e78341a0,持卡人消费,学苑楼商务网关,-5.1,357.81,3070,正常
2016/03/10 17:13:59,9b203b7a8713d480659ffcbea1f3047d1448d592,1d2f620587e2add5e30cc1c6e7cabda5e78341a0,持卡人消费,学苑楼商务网关,-3.0,354.81,3071,正常
2016/03/10 17:15:06,9b203b7a8713d480659ffcbea1f3047d1448d592,1d2f620587e2add5e30cc1c6e7cabda5e78341a0,持卡人消费,学苑楼商务网关,-0.8,354.01,3072,正常
2016/03/10 17:16:44,9b203b7a8713d480659ffcbea1f3047d1448d592,1d2f620587e2add5e30cc1c6e7cabda5e78341a0,持卡人消费,学苑楼商务网关,-6.0,348.01,3073,正常
2016/03/11 18:49:54,9b203b7a8713d480659ffcbea1f3047d1448d592,1d2f620587e2add5e30cc1c6e7cabda5e78341a0,持卡人消费,15公寓浴池,-2.0,346.01,3074,正常
2016/03/11 18:45:26,9b203b7a8713d480659ffcbea1f3047d1448d592,1d2f620587e2add5e30cc1c6e7cabda5e78341a0,持卡人消费,15公寓浴池,-1.1,344.91,3076,正常
2016/03/11 18:54:13,9b203b7a8713d480659ffcbea1f3047d1448d592,1d2f620587e2add5e30cc1c6e7cabda5e78341a0,持卡人消费,15公寓浴池,-1.42,343.49,3078,正常
2016/03/11 18:56:44,9b203b7a8713d480659ffcbea1f3047d1448d592,1d2f620587e2add5e30cc1c6e7cabda5e78341a0,持卡人消费,15公寓浴池,-0.16,343.33,3080,正常
2016/03/12 08:16:40,9b203b7a8713d480659ffcbea1f3047d1448d592,1d2f620587e2add5e30cc1c6e7cabda5e78341a0,持卡人消费,学士楼商务网关,-2.0,341.33,3081,正常
2016/03/12 08:17:29,9b203b7a8713d480659ffcbea1f3047d1448d592,1d2f620587e2add5e30cc1c6e7cabda5e78341a0,持卡人消费,学士楼商务网关,-0.6,340.73,3082,正常
2016/03/12 11:06:04,9b203b7a8713d480659ffcbea1f3047d1448d592,1d2f620587e2add5e30cc1c6e7cabda5e78341a0,持卡人消费,学苑楼商务网关,-6.0,334.73,3083,正常
2016/03/12 11:08:15,9b203b7a8713d480659ffcbea1f3047d1448d592,1d2f620587e2add5e30cc1c6e7cabda5e78341a0,持卡人消费,学苑楼商务网关,-3.1,331.63,3084,正常
2016/03/12 11:31:11,9b203b7a8713d480659ffcbea1f3047d1448d592,1d2f620587e2add5e30cc1c6e7cabda5e78341a0,持卡人消费,超市商务子系统,-14.9,316.73,3085,正常
2016/03/12 11:50:29,9b203b7a8713d480659ffcbea1f3047d1448d592,1d2f620587e2add5e30cc1c6e7cabda5e78341a0,持卡人消费,A15,-6.0,310.73,3086,正常
2016/03/12 17:10:10,9b203b7a8713d480659ffcbea1f3047d1448d592,1d2f620587e2add5e30cc1c6e7cabda5e78341a0,持卡人消费,学苑楼商务网关,-9.0,301.73,3087,正常
2016/03/12 17:39:43,9b203b7a8713d480659ffcbea1f3047d1448d592,1d2f620587e2add5e30cc1c6e7cabda5e78341a0,持卡人消费,学苑楼商务网关,-3.5,298.23,3088,正常
2016/03/15 08:14:41,9b203b7a8713d480659ffcbea1f3047d1448d592,1d2f620587e2add5e30cc1c6e7cabda5e78341a0,持卡人消费,学士楼商务网关,-2.0,263.48,3098,正常
2016/03/15 08:16:15,9b203b7a8713d480659ffcbea1f3047d1448d592,1d2f620587e2add5e30cc1c6e7cabda5e78341a0,持卡人消费,学士楼商务网关,-0.6,262.88,3099,正常
2016/03/15 11:00:54,9b203b7a8713d480659ffcbea1f3047d1448d592,1d2f620587e2add5e30cc1c6e7cabda5e78341a0,持卡人消费,学苑楼商务网关,-7.0,255.88,3100,正常
2016/03/15 11:02:35,9b203b7a8713d480659ffcbea1f3047d1448d592,1d2f620587e2add5e30cc1c6e7cabda5e78341a0,持卡人消费,学苑楼商务网关,-2.5,253.38,3101,正常
2016/03/16 08:45:41,9b203b7a8713d480659ffcbea1f3047d1448d592,1d2f620587e2add5e30cc1c6e7cabda5e78341a0,持卡人消费,学士楼商务网关,-2.0,251.38,3102,正常
2016/03/16 08:46:04,9b203b7a8713d480659ffcbea1f3047d1448d592,1d2f620587e2add5e30cc1c6e7cabda5e78341a0,持卡人消费,学士楼商务网关,-0.6,250.78,3103,正常
2016/03/16 11:24:38,9b203b7a8713d480659ffcbea1f3047d1448d592,1d2f620587e2add5e30cc1c6e7cabda5e78341a0,持卡人消费,学苑楼商务网关,-6.0,244.78,3104,正常
2016/03/16 11:26:33,9b203b7a8713d480659ffcbea1f3047d1448d592,1d2f620587e2add5e30cc1c6e7cabda5e78341a0,持卡人消费,学苑楼商务网关,-2.25,242.53,3105,正常
2016/03/16 16:33:26,9b203b7a8713d480659ffcbea1f3047d1448d592,1d2f620587e2add5e30cc1c6e7cabda5e78341a0,持卡人消费,学苑楼商务网关,-15.0,227.53,3106,正常
2016/03/16 17:01:00,9b203b7a8713d480659ffcbea1f3047d1448d592,1d2f620587e2add5e30cc1c6e7cabda5e78341a0,持卡人消费,学苑楼商务网关,-3.5,224.03,3107,正常
2016/03/17 08:40:26,9b203b7a8713d480659ffcbea1f3047d1448d592,1d2f620587e2add5e30cc1c6e7cabda5e78341a0,持卡人消费,学士楼商务网关,-2.0,222.03,3108,正常
2016/03/17 08:40:47,9b203b7a8713d480659ffcbea1f3047d1448d592,1d2f620587e2add5e30cc1c6e7cabda5e78341a0,持卡人消费,学士楼商务网关,-0.6,221.43,3109,正常
2016/03/17 11:21:43,9b203b7a8713d480659ffcbea1f3047d1448d592,1d2f620587e2add5e30cc1c6e7cabda5e78341a0,持卡人消费,学苑楼商务网关,-7.0,214.43,3110,正常
2016/03/17 11:22:54,9b203b7a8713d480659ffcbea1f3047d1448d592,1d2f620587e2add5e30cc1c6e7cabda5e78341a0,持卡人消费,学苑楼商务网关,-2.25,212.18,3111,正常
2016/03/18 08:30:54,9b203b7a8713d480659ffcbea1f3047d1448d592,1d2f620587e2add5e30cc1c6e7cabda5e78341a0,持卡人消费,学士楼商务网关,-2.0,210.18,3112,正常
2016/03/18 08:31:44,9b203b7a8713d480659ffcbea1f3047d1448d592,1d2f620587e2add5e30cc1c6e7cabda5e78341a0,持卡人消费,学士楼商务网关,-2.6,207.58,3113,正常
2016/03/18 11:26:17,9b203b7a8713d480659ffcbea1f3047d1448d592,1d2f620587e2add5e30cc1c6e7cabda5e78341a0,持卡人消费,超市商务子系统,-6.7,200.88,3114,正常
2016/03/18 11:31:31,9b203b7a8713d480659ffcbea1f3047d1448d592,1d2f620587e2add5e30cc1c6e7cabda5e78341a0,持卡人消费,超市商务子系统,-18.9,181.98,3115,正常
2016/03/18 11:33:17,9b203b7a8713d480659ffcbea1f3047d1448d592,1d2f620587e2add5e30cc1c6e7cabda5e78341a0,持卡人消费,超市商务子系统,-7.0,174.98,3116,正常
2016/03/18 16:54:37,9b203b7a8713d480659ffcbea1f3047d1448d592,1d2f620587e2add5e30cc1c6e7cabda5e78341a0,持卡人消费,硕果园（工大商店）,-5.0,169.98,3117,正常
2016/03/18 16:55:50,9b203b7a8713d480659ffcbea1f3047d1448d592,1d2f620587e2add5e30cc1c6e7cabda5e78341a0,持卡人消费,硕果园（工大商店）,-12.0,157.98,3118,正常
2016/03/18 21:46:35,9b203b7a8713d480659ffcbea1f3047d1448d592,1d2f620587e2add5e30cc1c6e7cabda5e78341a0,持卡人消费,A15,-6.0,151.98,3119,正常
2016/03/22 07:00:45,9b203b7a8713d480659ffcbea1f3047d1448d592,1d2f620587e2add5e30cc1c6e7cabda5e78341a0,持卡人消费,学士楼商务网关,-2.0,149.98,3120,正常
2016/03/22 07:00:52,9b203b7a8713d480659ffcbea1f3047d1448d592,1d2f620587e2add5e30cc1c6e7cabda5e78341a0,持卡人消费,学士楼商务网关,-1.0,148.98,3121,正常
2016/03/22 11:23:42,9b203b7a8713d480659ffcbea1f3047d1448d592,1d2f620587e2add5e30cc1c6e7cabda5e78341a0,持卡人消费,学苑楼商务网关,-14.0,134.98,3122,正常
2016/03/22 11:24:48,9b203b7a8713d480659ffcbea1f3047d1448d592,1d2f620587e2add5e30cc1c6e7cabda5e78341a0,持卡人消费,学苑楼商务网关,-6.0,128.98,3123,正常
2016/03/22 11:25:00,9b203b7a8713d480659ffcbea1f3047d1448d592,1d2f620587e2add5e30cc1c6e7cabda5e78341a0,持卡人消费,学苑楼商务网关,-0.2,128.78,3124,正常
2016/03/22 11:56:17,9b203b7a8713d480659ffcbea1f3047d1448d592,1d2f620587e2add5e30cc1c6e7cabda5e78341a0,持卡人消费,超市商务子系统,-13.4,115.38,3125,正常
2016/03/22 11:58:18,9b203b7a8713d480659ffcbea1f3047d1448d592,1d2f620587e2add5e30cc1c6e7cabda5e78341a0,持卡人消费,超市商务子系统,-6.9,108.48,3126,正常
2016/03/23 11:39:34,9b203b7a8713d480659ffcbea1f3047d1448d592,1d2f620587e2add5e30cc1c6e7cabda5e78341a0,持卡人消费,学士楼商务网关,-8.7,99.78,3127,正常
2016/03/24 21:20:09,9b203b7a8713d480659ffcbea1f3047d1448d592,1d2f620587e2add5e30cc1c6e7cabda5e78341a0,持卡人消费,学子超市园丁总店,-4.9,94.88,3128,正常
2016/03/25 16:43:30,9b203b7a8713d480659ffcbea1f3047d1448d592,1d2f620587e2add5e30cc1c6e7cabda5e78341a0,持卡人消费,15公寓浴池,-2.0,92.88,3129,正常
2016/03/25 16:46:12,9b203b7a8713d480659ffcbea1f3047d1448d592,1d2f620587e2add5e30cc1c6e7cabda5e78341a0,持卡人消费,15公寓浴池,-0.24,92.64,3131,正常
2016/03/25 16:51:16,9b203b7a8713d480659ffcbea1f3047d1448d592,1d2f620587e2add5e30cc1c6e7cabda5e78341a0,持卡人消费,15公寓浴池,-0.48,92.16,3133,正常
2016/03/25 16:54:19,9b203b7a8713d480659ffcbea1f3047d1448d592,1d2f620587e2add5e30cc1c6e7cabda5e78341a0,持卡人消费,15公寓浴池,-0.22,91.94,3135,正常
2016/03/26 07:12:39,9b203b7a8713d480659ffcbea1f3047d1448d592,1d2f620587e2add5e30cc1c6e7cabda5e78341a0,持卡人消费,超市商务子系统,-3.5,88.44,3136,正常
2016/03/30 16:34:04,9b203b7a8713d480659ffcbea1f3047d1448d592,1d2f620587e2add5e30cc1c6e7cabda5e78341a0,持卡人消费,超市商务子系统,-7.9,80.54,3137,正常
2016/03/30 16:41:58,9b203b7a8713d480659ffcbea1f3047d1448d592,1d2f620587e2add5e30cc1c6e7cabda5e78341a0,持卡人消费,超市商务子系统,-34.8,45.74,3138,正常
