交易发生时间,学号,姓名,交易类型,子系统名称,交易额,现有余额,次数,状态
2016/03/01 14:36:12,a2e7064ca615fe921caec02ebfbb02b2d8ae1c57,1d7f44ce47d27383733cf0d0fdffc0a586ca0b46,持卡人消费,二区水控,-3.0,186.59,3806,正常
2016/03/02 11:29:58,a2e7064ca615fe921caec02ebfbb02b2d8ae1c57,1d7f44ce47d27383733cf0d0fdffc0a586ca0b46,持卡人消费,九食堂商务网关,-11.0,175.59,3807,正常
2016/03/02 17:27:45,a2e7064ca615fe921caec02ebfbb02b2d8ae1c57,1d7f44ce47d27383733cf0d0fdffc0a586ca0b46,持卡人消费,四食堂商务网关,-5.0,170.59,3808,正常
2016/03/02 17:28:36,a2e7064ca615fe921caec02ebfbb02b2d8ae1c57,1d7f44ce47d27383733cf0d0fdffc0a586ca0b46,持卡人消费,四食堂商务网关,-0.7,169.89,3809,正常
2016/03/02 22:14:47,a2e7064ca615fe921caec02ebfbb02b2d8ae1c57,1d7f44ce47d27383733cf0d0fdffc0a586ca0b46,持卡人消费,网络中心,-30.0,139.89,3810,正常
2016/03/03 08:59:36,a2e7064ca615fe921caec02ebfbb02b2d8ae1c57,1d7f44ce47d27383733cf0d0fdffc0a586ca0b46,持卡人消费,学子便利店B07,-5.9,133.99,3811,正常
2016/03/03 15:33:09,a2e7064ca615fe921caec02ebfbb02b2d8ae1c57,1d7f44ce47d27383733cf0d0fdffc0a586ca0b46,持卡人消费,学子便利店B07,-5.1,128.89,3812,正常
2016/03/03 17:48:35,a2e7064ca615fe921caec02ebfbb02b2d8ae1c57,1d7f44ce47d27383733cf0d0fdffc0a586ca0b46,持卡人消费,九食堂商务网关,-9.0,119.89,3813,正常
2016/03/03 18:10:19,a2e7064ca615fe921caec02ebfbb02b2d8ae1c57,1d7f44ce47d27383733cf0d0fdffc0a586ca0b46,持卡人消费,学子便利店B07,-2.0,117.89,3814,正常
2016/03/03 18:10:24,a2e7064ca615fe921caec02ebfbb02b2d8ae1c57,1d7f44ce47d27383733cf0d0fdffc0a586ca0b46,持卡人消费,学子便利店B07,-10.0,107.89,3815,正常
2016/03/04 11:13:28,a2e7064ca615fe921caec02ebfbb02b2d8ae1c57,1d7f44ce47d27383733cf0d0fdffc0a586ca0b46,持卡人消费,九食堂商务网关,-10.0,97.89,3816,正常
2016/03/04 17:07:11,a2e7064ca615fe921caec02ebfbb02b2d8ae1c57,1d7f44ce47d27383733cf0d0fdffc0a586ca0b46,持卡人消费,九食堂商务网关,-9.0,88.89,3817,正常
2016/03/05 16:59:42,a2e7064ca615fe921caec02ebfbb02b2d8ae1c57,1d7f44ce47d27383733cf0d0fdffc0a586ca0b46,持卡人消费,九食堂商务网关,-9.0,79.89,3818,正常
2016/03/05 17:00:44,a2e7064ca615fe921caec02ebfbb02b2d8ae1c57,1d7f44ce47d27383733cf0d0fdffc0a586ca0b46,持卡人消费,九食堂商务网关,-2.0,77.89,3819,正常
2016/03/05 17:14:47,a2e7064ca615fe921caec02ebfbb02b2d8ae1c57,1d7f44ce47d27383733cf0d0fdffc0a586ca0b46,持卡人消费,九食堂商务网关,-9.0,68.89,3820,正常
2016/03/06 11:08:54,a2e7064ca615fe921caec02ebfbb02b2d8ae1c57,1d7f44ce47d27383733cf0d0fdffc0a586ca0b46,持卡人消费,九食堂商务网关,-10.0,58.89,3821,正常
2016/03/06 17:03:20,a2e7064ca615fe921caec02ebfbb02b2d8ae1c57,1d7f44ce47d27383733cf0d0fdffc0a586ca0b46,持卡人消费,九食堂商务网关,-9.0,49.89,3822,正常
2016/03/06 20:33:55,a2e7064ca615fe921caec02ebfbb02b2d8ae1c57,1d7f44ce47d27383733cf0d0fdffc0a586ca0b46,持卡人消费,学子便利店B07,-0.3,49.59,3823,正常
2016/03/06 20:51:00,a2e7064ca615fe921caec02ebfbb02b2d8ae1c57,1d7f44ce47d27383733cf0d0fdffc0a586ca0b46,持卡人消费,二区水控,-2.05,47.54,3825,正常
2016/03/06 21:25:45,a2e7064ca615fe921caec02ebfbb02b2d8ae1c57,1d7f44ce47d27383733cf0d0fdffc0a586ca0b46,持卡人消费,网络中心,-30.0,17.54,3826,正常
2016/03/07 17:05:35,a2e7064ca615fe921caec02ebfbb02b2d8ae1c57,1d7f44ce47d27383733cf0d0fdffc0a586ca0b46,持卡人消费,九食堂商务网关,-11.0,6.54,3827,正常
2016/03/07 17:07:11,a2e7064ca615fe921caec02ebfbb02b2d8ae1c57,1d7f44ce47d27383733cf0d0fdffc0a586ca0b46,持卡人消费,九食堂商务网关,-2.0,4.54,3828,正常
2016/03/08 08:15:00,a2e7064ca615fe921caec02ebfbb02b2d8ae1c57,1d7f44ce47d27383733cf0d0fdffc0a586ca0b46,持卡人消费,九食堂商务网关,-0.8,3.74,3829,正常
2016/03/08 08:16:03,a2e7064ca615fe921caec02ebfbb02b2d8ae1c57,1d7f44ce47d27383733cf0d0fdffc0a586ca0b46,持卡人消费,九食堂商务网关,-2.0,1.74,3830,正常
2016/03/08 08:16:16,a2e7064ca615fe921caec02ebfbb02b2d8ae1c57,1d7f44ce47d27383733cf0d0fdffc0a586ca0b46,持卡人消费,九食堂商务网关,-0.6,1.14,3831,正常
2016/03/08 17:08:14,a2e7064ca615fe921caec02ebfbb02b2d8ae1c57,1d7f44ce47d27383733cf0d0fdffc0a586ca0b46,存款,2区卡中心综合业务,200.0,201.14,3832,正常
2016/03/08 17:10:21,a2e7064ca615fe921caec02ebfbb02b2d8ae1c57,1d7f44ce47d27383733cf0d0fdffc0a586ca0b46,持卡人消费,九食堂商务网关,-2.0,199.14,3833,正常
2016/03/08 17:10:54,a2e7064ca615fe921caec02ebfbb02b2d8ae1c57,1d7f44ce47d27383733cf0d0fdffc0a586ca0b46,持卡人消费,九食堂商务网关,-10.0,189.14,3834,正常
2016/03/09 12:01:24,a2e7064ca615fe921caec02ebfbb02b2d8ae1c57,1d7f44ce47d27383733cf0d0fdffc0a586ca0b46,持卡人消费,学子便利店B07,-2.6,186.54,3835,正常
2016/03/09 12:19:30,a2e7064ca615fe921caec02ebfbb02b2d8ae1c57,1d7f44ce47d27383733cf0d0fdffc0a586ca0b46,持卡人消费,二区水控,-1.98,184.56,3836,正常
2016/03/10 12:08:01,a2e7064ca615fe921caec02ebfbb02b2d8ae1c57,1d7f44ce47d27383733cf0d0fdffc0a586ca0b46,持卡人消费,九食堂商务网关,-9.0,175.56,3837,正常
2016/03/10 16:35:33,a2e7064ca615fe921caec02ebfbb02b2d8ae1c57,1d7f44ce47d27383733cf0d0fdffc0a586ca0b46,持卡人消费,B7,-3.0,172.56,3838,正常
2016/03/10 17:02:24,a2e7064ca615fe921caec02ebfbb02b2d8ae1c57,1d7f44ce47d27383733cf0d0fdffc0a586ca0b46,持卡人消费,九食堂商务网关,-9.0,163.56,3839,正常
2016/03/10 17:03:11,a2e7064ca615fe921caec02ebfbb02b2d8ae1c57,1d7f44ce47d27383733cf0d0fdffc0a586ca0b46,持卡人消费,九食堂商务网关,-1.0,162.56,3840,正常
2016/03/11 12:27:06,a2e7064ca615fe921caec02ebfbb02b2d8ae1c57,1d7f44ce47d27383733cf0d0fdffc0a586ca0b46,持卡人消费,九食堂商务网关,-12.0,150.56,3841,正常
2016/03/11 15:29:40,a2e7064ca615fe921caec02ebfbb02b2d8ae1c57,1d7f44ce47d27383733cf0d0fdffc0a586ca0b46,持卡人消费,学子便利店B07,-6.3,144.26,3842,正常
2016/03/11 22:10:08,a2e7064ca615fe921caec02ebfbb02b2d8ae1c57,1d7f44ce47d27383733cf0d0fdffc0a586ca0b46,持卡人消费,学子便利店B07,-4.9,139.36,3843,正常
2016/03/12 12:16:38,a2e7064ca615fe921caec02ebfbb02b2d8ae1c57,1d7f44ce47d27383733cf0d0fdffc0a586ca0b46,持卡人消费,九食堂商务网关,-9.0,130.36,3844,正常
2016/03/12 12:17:45,a2e7064ca615fe921caec02ebfbb02b2d8ae1c57,1d7f44ce47d27383733cf0d0fdffc0a586ca0b46,持卡人消费,九食堂商务网关,-2.0,128.36,3845,正常
2016/03/12 14:10:58,a2e7064ca615fe921caec02ebfbb02b2d8ae1c57,1d7f44ce47d27383733cf0d0fdffc0a586ca0b46,持卡人消费,二区水控,-3.0,125.36,3846,正常
2016/03/12 17:06:04,a2e7064ca615fe921caec02ebfbb02b2d8ae1c57,1d7f44ce47d27383733cf0d0fdffc0a586ca0b46,持卡人消费,九食堂商务网关,-10.0,115.36,3847,正常
2016/03/12 17:16:21,a2e7064ca615fe921caec02ebfbb02b2d8ae1c57,1d7f44ce47d27383733cf0d0fdffc0a586ca0b46,持卡人消费,九食堂商务网关,-2.0,113.36,3848,正常
2016/03/12 19:45:34,a2e7064ca615fe921caec02ebfbb02b2d8ae1c57,1d7f44ce47d27383733cf0d0fdffc0a586ca0b46,持卡人消费,学子便利店B07,-2.7,110.66,3849,正常
2016/03/14 11:20:30,a2e7064ca615fe921caec02ebfbb02b2d8ae1c57,1d7f44ce47d27383733cf0d0fdffc0a586ca0b46,持卡人消费,九食堂商务网关,-10.0,78.66,3854,正常
2016/03/14 12:09:12,a2e7064ca615fe921caec02ebfbb02b2d8ae1c57,1d7f44ce47d27383733cf0d0fdffc0a586ca0b46,持卡人消费,学子便利店B07,-3.5,75.16,3855,正常
2016/03/14 16:59:09,a2e7064ca615fe921caec02ebfbb02b2d8ae1c57,1d7f44ce47d27383733cf0d0fdffc0a586ca0b46,持卡人消费,九食堂商务网关,-9.0,66.16,3856,正常
2016/03/15 10:53:52,a2e7064ca615fe921caec02ebfbb02b2d8ae1c57,1d7f44ce47d27383733cf0d0fdffc0a586ca0b46,持卡人消费,九食堂商务网关,-10.0,56.16,3857,正常
2016/03/16 11:13:17,a2e7064ca615fe921caec02ebfbb02b2d8ae1c57,1d7f44ce47d27383733cf0d0fdffc0a586ca0b46,持卡人消费,九食堂商务网关,-9.0,47.16,3858,正常
2016/03/16 11:22:56,a2e7064ca615fe921caec02ebfbb02b2d8ae1c57,1d7f44ce47d27383733cf0d0fdffc0a586ca0b46,持卡人消费,九食堂商务网关,-2.0,45.16,3859,正常
2016/03/16 17:53:01,a2e7064ca615fe921caec02ebfbb02b2d8ae1c57,1d7f44ce47d27383733cf0d0fdffc0a586ca0b46,持卡人消费,九食堂商务网关,-9.0,36.16,3860,正常
2016/03/17 08:04:42,a2e7064ca615fe921caec02ebfbb02b2d8ae1c57,1d7f44ce47d27383733cf0d0fdffc0a586ca0b46,持卡人消费,学子便利店B07,-6.4,29.76,3861,正常
2016/03/17 11:40:44,a2e7064ca615fe921caec02ebfbb02b2d8ae1c57,1d7f44ce47d27383733cf0d0fdffc0a586ca0b46,持卡人消费,九食堂商务网关,-9.0,20.76,3862,正常
2016/03/17 19:48:11,a2e7064ca615fe921caec02ebfbb02b2d8ae1c57,1d7f44ce47d27383733cf0d0fdffc0a586ca0b46,持卡人消费,学子便利店B07,-5.9,14.86,3863,正常
2016/03/18 11:08:49,a2e7064ca615fe921caec02ebfbb02b2d8ae1c57,1d7f44ce47d27383733cf0d0fdffc0a586ca0b46,持卡人消费,四食堂商务网关,-12.89,1.97,3864,正常
2016/03/18 11:09:37,a2e7064ca615fe921caec02ebfbb02b2d8ae1c57,1d7f44ce47d27383733cf0d0fdffc0a586ca0b46,持卡人消费,四食堂商务网关,-0.4,1.57,3865,正常
2016/03/18 17:02:08,a2e7064ca615fe921caec02ebfbb02b2d8ae1c57,1d7f44ce47d27383733cf0d0fdffc0a586ca0b46,存款,现金充值机,100.0,101.57,3866,正常
2016/03/18 17:03:07,a2e7064ca615fe921caec02ebfbb02b2d8ae1c57,1d7f44ce47d27383733cf0d0fdffc0a586ca0b46,持卡人消费,五食堂商务网关,-7.0,94.57,3867,正常
2016/03/18 17:04:41,a2e7064ca615fe921caec02ebfbb02b2d8ae1c57,1d7f44ce47d27383733cf0d0fdffc0a586ca0b46,持卡人消费,五食堂商务网关,-1.0,93.57,3868,正常
2016/03/20 12:21:00,a2e7064ca615fe921caec02ebfbb02b2d8ae1c57,1d7f44ce47d27383733cf0d0fdffc0a586ca0b46,持卡人消费,九食堂商务网关,-4.0,89.57,3870,正常
2016/03/20 12:22:50,a2e7064ca615fe921caec02ebfbb02b2d8ae1c57,1d7f44ce47d27383733cf0d0fdffc0a586ca0b46,持卡人消费,九食堂商务网关,-9.0,80.57,3871,正常
2016/03/20 18:00:55,a2e7064ca615fe921caec02ebfbb02b2d8ae1c57,1d7f44ce47d27383733cf0d0fdffc0a586ca0b46,持卡人消费,学子便利店B07,-5.9,74.67,3872,正常
2016/03/21 12:14:05,a2e7064ca615fe921caec02ebfbb02b2d8ae1c57,1d7f44ce47d27383733cf0d0fdffc0a586ca0b46,持卡人消费,九食堂商务网关,-8.0,66.67,3873,正常
2016/03/21 12:23:54,a2e7064ca615fe921caec02ebfbb02b2d8ae1c57,1d7f44ce47d27383733cf0d0fdffc0a586ca0b46,持卡人消费,九食堂商务网关,-9.0,57.67,3874,正常
2016/03/21 17:12:14,a2e7064ca615fe921caec02ebfbb02b2d8ae1c57,1d7f44ce47d27383733cf0d0fdffc0a586ca0b46,持卡人消费,二区水控,-0.05,57.62,3876,正常
2016/03/21 17:28:05,a2e7064ca615fe921caec02ebfbb02b2d8ae1c57,1d7f44ce47d27383733cf0d0fdffc0a586ca0b46,持卡人消费,二区水控,-3.0,54.62,3877,正常
2016/03/21 17:29:13,a2e7064ca615fe921caec02ebfbb02b2d8ae1c57,1d7f44ce47d27383733cf0d0fdffc0a586ca0b46,持卡人消费,二区水控,-0.19,54.43,3879,正常
2016/03/21 17:38:48,a2e7064ca615fe921caec02ebfbb02b2d8ae1c57,1d7f44ce47d27383733cf0d0fdffc0a586ca0b46,持卡人消费,九食堂商务网关,-13.1,41.33,3880,正常
2016/03/22 11:26:26,a2e7064ca615fe921caec02ebfbb02b2d8ae1c57,1d7f44ce47d27383733cf0d0fdffc0a586ca0b46,持卡人消费,九食堂商务网关,-9.0,32.33,3881,正常
2016/03/22 11:26:59,a2e7064ca615fe921caec02ebfbb02b2d8ae1c57,1d7f44ce47d27383733cf0d0fdffc0a586ca0b46,持卡人消费,九食堂商务网关,-1.0,31.33,3882,正常
2016/03/22 16:58:25,a2e7064ca615fe921caec02ebfbb02b2d8ae1c57,1d7f44ce47d27383733cf0d0fdffc0a586ca0b46,持卡人消费,九食堂商务网关,-10.0,21.33,3883,正常
2016/03/23 11:20:31,a2e7064ca615fe921caec02ebfbb02b2d8ae1c57,1d7f44ce47d27383733cf0d0fdffc0a586ca0b46,持卡人消费,九食堂商务网关,-10.0,11.33,3884,正常
2016/03/23 11:20:51,a2e7064ca615fe921caec02ebfbb02b2d8ae1c57,1d7f44ce47d27383733cf0d0fdffc0a586ca0b46,持卡人消费,九食堂商务网关,-2.0,9.33,3885,正常
2016/03/23 14:11:08,a2e7064ca615fe921caec02ebfbb02b2d8ae1c57,1d7f44ce47d27383733cf0d0fdffc0a586ca0b46,持卡人消费,二区水控,-2.29,7.04,3887,正常
2016/03/23 16:59:26,a2e7064ca615fe921caec02ebfbb02b2d8ae1c57,1d7f44ce47d27383733cf0d0fdffc0a586ca0b46,持卡人消费,五食堂商务网关,-0.4,6.64,3888,正常
2016/03/23 17:00:06,a2e7064ca615fe921caec02ebfbb02b2d8ae1c57,1d7f44ce47d27383733cf0d0fdffc0a586ca0b46,持卡人消费,五食堂商务网关,-4.0,2.64,3889,正常
2016/03/23 17:01:43,a2e7064ca615fe921caec02ebfbb02b2d8ae1c57,1d7f44ce47d27383733cf0d0fdffc0a586ca0b46,持卡人消费,五食堂商务网关,-2.0,0.64,3890,正常
2016/03/24 10:42:12,a2e7064ca615fe921caec02ebfbb02b2d8ae1c57,1d7f44ce47d27383733cf0d0fdffc0a586ca0b46,存款,现金充值机,200.0,200.64,3891,正常
2016/03/24 11:09:22,a2e7064ca615fe921caec02ebfbb02b2d8ae1c57,1d7f44ce47d27383733cf0d0fdffc0a586ca0b46,持卡人消费,九食堂商务网关,-10.0,190.64,3892,正常
2016/03/24 17:18:19,a2e7064ca615fe921caec02ebfbb02b2d8ae1c57,1d7f44ce47d27383733cf0d0fdffc0a586ca0b46,持卡人消费,九食堂商务网关,-4.0,186.64,3893,正常
2016/03/24 17:20:27,a2e7064ca615fe921caec02ebfbb02b2d8ae1c57,1d7f44ce47d27383733cf0d0fdffc0a586ca0b46,持卡人消费,九食堂商务网关,-1.5,185.14,3894,正常
2016/03/25 17:11:48,a2e7064ca615fe921caec02ebfbb02b2d8ae1c57,1d7f44ce47d27383733cf0d0fdffc0a586ca0b46,持卡人消费,九食堂商务网关,-9.0,176.14,3895,正常
2016/03/26 07:28:31,a2e7064ca615fe921caec02ebfbb02b2d8ae1c57,1d7f44ce47d27383733cf0d0fdffc0a586ca0b46,持卡人消费,学子便利店B07,-6.4,169.74,3896,正常
2016/03/26 07:47:41,a2e7064ca615fe921caec02ebfbb02b2d8ae1c57,1d7f44ce47d27383733cf0d0fdffc0a586ca0b46,持卡人消费,九食堂商务网关,-3.0,166.74,3897,正常
2016/03/26 12:09:16,a2e7064ca615fe921caec02ebfbb02b2d8ae1c57,1d7f44ce47d27383733cf0d0fdffc0a586ca0b46,持卡人消费,九食堂商务网关,-9.0,157.74,3898,正常
2016/03/26 17:47:11,a2e7064ca615fe921caec02ebfbb02b2d8ae1c57,1d7f44ce47d27383733cf0d0fdffc0a586ca0b46,持卡人消费,九食堂商务网关,-10.0,147.74,3899,正常
2016/03/26 20:57:08,a2e7064ca615fe921caec02ebfbb02b2d8ae1c57,1d7f44ce47d27383733cf0d0fdffc0a586ca0b46,持卡人消费,学子便利店B07,-7.5,140.24,3900,正常
2016/03/28 12:48:18,a2e7064ca615fe921caec02ebfbb02b2d8ae1c57,1d7f44ce47d27383733cf0d0fdffc0a586ca0b46,持卡人消费,网络中心,-30.0,110.24,3901,正常
2016/03/28 20:51:23,a2e7064ca615fe921caec02ebfbb02b2d8ae1c57,1d7f44ce47d27383733cf0d0fdffc0a586ca0b46,持卡人消费,二区水控,-2.7,107.54,3903,正常
2016/03/28 21:01:11,a2e7064ca615fe921caec02ebfbb02b2d8ae1c57,1d7f44ce47d27383733cf0d0fdffc0a586ca0b46,持卡人消费,学子便利店B07,-6.0,101.54,3904,正常
2016/03/28 22:06:00,a2e7064ca615fe921caec02ebfbb02b2d8ae1c57,1d7f44ce47d27383733cf0d0fdffc0a586ca0b46,持卡人消费,学子便利店B07,-6.0,95.54,3905,正常
2016/03/29 12:17:43,a2e7064ca615fe921caec02ebfbb02b2d8ae1c57,1d7f44ce47d27383733cf0d0fdffc0a586ca0b46,持卡人消费,九食堂商务网关,-5.0,90.54,3906,正常
2016/03/29 12:18:06,a2e7064ca615fe921caec02ebfbb02b2d8ae1c57,1d7f44ce47d27383733cf0d0fdffc0a586ca0b46,持卡人消费,九食堂商务网关,-1.0,89.54,3907,正常
2016/03/29 12:19:19,a2e7064ca615fe921caec02ebfbb02b2d8ae1c57,1d7f44ce47d27383733cf0d0fdffc0a586ca0b46,持卡人消费,九食堂商务网关,-1.0,88.54,3908,正常
2016/03/29 12:19:24,a2e7064ca615fe921caec02ebfbb02b2d8ae1c57,1d7f44ce47d27383733cf0d0fdffc0a586ca0b46,持卡人消费,九食堂商务网关,-1.0,87.54,3909,正常
2016/03/29 12:27:44,a2e7064ca615fe921caec02ebfbb02b2d8ae1c57,1d7f44ce47d27383733cf0d0fdffc0a586ca0b46,持卡人消费,九食堂商务网关,-3.4,84.14,3910,正常
2016/03/29 14:45:34,a2e7064ca615fe921caec02ebfbb02b2d8ae1c57,1d7f44ce47d27383733cf0d0fdffc0a586ca0b46,持卡人消费,二区水控,-3.0,81.14,3911,正常
2016/03/29 21:37:31,a2e7064ca615fe921caec02ebfbb02b2d8ae1c57,1d7f44ce47d27383733cf0d0fdffc0a586ca0b46,持卡人消费,学子便利店B07,-4.0,77.14,3912,正常
2016/03/30 11:08:55,a2e7064ca615fe921caec02ebfbb02b2d8ae1c57,1d7f44ce47d27383733cf0d0fdffc0a586ca0b46,持卡人消费,九食堂商务网关,-9.0,68.14,3913,正常
2016/03/30 11:10:45,a2e7064ca615fe921caec02ebfbb02b2d8ae1c57,1d7f44ce47d27383733cf0d0fdffc0a586ca0b46,持卡人消费,九食堂商务网关,-1.0,67.14,3914,正常
2016/03/30 11:25:26,a2e7064ca615fe921caec02ebfbb02b2d8ae1c57,1d7f44ce47d27383733cf0d0fdffc0a586ca0b46,持卡人消费,九食堂商务网关,-9.0,58.14,3915,正常
2016/03/30 19:05:43,a2e7064ca615fe921caec02ebfbb02b2d8ae1c57,1d7f44ce47d27383733cf0d0fdffc0a586ca0b46,持卡人消费,学子便利店B07,-2.6,55.54,3916,正常
2016/03/31 12:12:05,a2e7064ca615fe921caec02ebfbb02b2d8ae1c57,1d7f44ce47d27383733cf0d0fdffc0a586ca0b46,持卡人消费,九食堂商务网关,-10.0,45.54,3917,正常
2016/03/31 12:23:55,a2e7064ca615fe921caec02ebfbb02b2d8ae1c57,1d7f44ce47d27383733cf0d0fdffc0a586ca0b46,存款,2区卡中心综合业务,100.0,145.54,3918,正常
2016/03/31 15:40:32,a2e7064ca615fe921caec02ebfbb02b2d8ae1c57,1d7f44ce47d27383733cf0d0fdffc0a586ca0b46,持卡人消费,学子便利店B07,-4.2,141.34,3919,正常
2016/03/31 17:05:09,a2e7064ca615fe921caec02ebfbb02b2d8ae1c57,1d7f44ce47d27383733cf0d0fdffc0a586ca0b46,持卡人消费,九食堂商务网关,-6.0,135.34,3920,正常
2016/03/31 17:06:19,a2e7064ca615fe921caec02ebfbb02b2d8ae1c57,1d7f44ce47d27383733cf0d0fdffc0a586ca0b46,持卡人消费,九食堂商务网关,-1.0,134.34,3921,正常
2016/03/31 17:07:12,a2e7064ca615fe921caec02ebfbb02b2d8ae1c57,1d7f44ce47d27383733cf0d0fdffc0a586ca0b46,持卡人消费,九食堂商务网关,-10.0,124.34,3922,正常
2016/03/31 20:16:58,a2e7064ca615fe921caec02ebfbb02b2d8ae1c57,1d7f44ce47d27383733cf0d0fdffc0a586ca0b46,持卡人消费,B7,-6.0,118.34,3923,正常
