交易发生时间,学号,姓名,交易类型,子系统名称,交易额,现有余额,次数,状态
2016/03/01 07:47:45,ac6456a18d7a7ee5fd9cd8f897e385dbc5d9263d,1e0d45f47795ceeced03b411172d4c0af2c93fcb,持卡人消费,学士楼商务网关,-2.1,120.87,3163,正常
2016/03/01 07:47:48,ac6456a18d7a7ee5fd9cd8f897e385dbc5d9263d,1e0d45f47795ceeced03b411172d4c0af2c93fcb,持卡人消费,学士楼商务网关,-0.5,120.37,3164,正常
2016/03/01 07:52:38,ac6456a18d7a7ee5fd9cd8f897e385dbc5d9263d,1e0d45f47795ceeced03b411172d4c0af2c93fcb,持卡人消费,学士楼商务网关,-1.5,118.87,3165,正常
2016/03/01 18:17:35,ac6456a18d7a7ee5fd9cd8f897e385dbc5d9263d,1e0d45f47795ceeced03b411172d4c0af2c93fcb,持卡人消费,硕果园（工大商店）,-9.0,109.87,3166,正常
2016/03/01 18:36:02,ac6456a18d7a7ee5fd9cd8f897e385dbc5d9263d,1e0d45f47795ceeced03b411172d4c0af2c93fcb,持卡人消费,硕果园（工大商店）,-2.0,107.87,3167,正常
2016/03/03 15:43:47,ac6456a18d7a7ee5fd9cd8f897e385dbc5d9263d,1e0d45f47795ceeced03b411172d4c0af2c93fcb,持卡人消费,学子便利店A01后楼,-3.6,104.27,3168,正常
2016/03/03 19:03:38,ac6456a18d7a7ee5fd9cd8f897e385dbc5d9263d,1e0d45f47795ceeced03b411172d4c0af2c93fcb,持卡人消费,15公寓浴池,-2.0,102.27,3169,正常
2016/03/03 19:11:54,ac6456a18d7a7ee5fd9cd8f897e385dbc5d9263d,1e0d45f47795ceeced03b411172d4c0af2c93fcb,持卡人消费,15公寓浴池,-0.91,101.36,3171,正常
2016/03/03 19:23:29,ac6456a18d7a7ee5fd9cd8f897e385dbc5d9263d,1e0d45f47795ceeced03b411172d4c0af2c93fcb,持卡人消费,学子便利店A01后楼,-3.5,97.86,3172,正常
2016/03/04 11:24:37,ac6456a18d7a7ee5fd9cd8f897e385dbc5d9263d,1e0d45f47795ceeced03b411172d4c0af2c93fcb,持卡人消费,学士楼商务网关,-2.5,95.36,3173,正常
2016/03/04 11:24:46,ac6456a18d7a7ee5fd9cd8f897e385dbc5d9263d,1e0d45f47795ceeced03b411172d4c0af2c93fcb,持卡人消费,学士楼商务网关,-0.4,94.96,3174,正常
2016/03/04 11:25:27,ac6456a18d7a7ee5fd9cd8f897e385dbc5d9263d,1e0d45f47795ceeced03b411172d4c0af2c93fcb,持卡人消费,学士楼商务网关,-3.0,91.96,3175,正常
2016/03/04 11:25:41,ac6456a18d7a7ee5fd9cd8f897e385dbc5d9263d,1e0d45f47795ceeced03b411172d4c0af2c93fcb,持卡人消费,学士楼商务网关,-2.0,89.96,3176,正常
2016/03/04 17:54:09,ac6456a18d7a7ee5fd9cd8f897e385dbc5d9263d,1e0d45f47795ceeced03b411172d4c0af2c93fcb,持卡人消费,学子便利店A01后楼,-7.4,82.56,3177,正常
2016/03/05 12:25:51,ac6456a18d7a7ee5fd9cd8f897e385dbc5d9263d,1e0d45f47795ceeced03b411172d4c0af2c93fcb,持卡人消费,学士楼商务网关,-2.9,79.66,3178,正常
2016/03/05 12:26:49,ac6456a18d7a7ee5fd9cd8f897e385dbc5d9263d,1e0d45f47795ceeced03b411172d4c0af2c93fcb,持卡人消费,学士楼商务网关,-2.0,77.66,3179,正常
2016/03/05 12:27:06,ac6456a18d7a7ee5fd9cd8f897e385dbc5d9263d,1e0d45f47795ceeced03b411172d4c0af2c93fcb,持卡人消费,学士楼商务网关,-2.5,75.16,3180,正常
2016/03/05 12:28:13,ac6456a18d7a7ee5fd9cd8f897e385dbc5d9263d,1e0d45f47795ceeced03b411172d4c0af2c93fcb,持卡人消费,学士楼商务网关,-0.5,74.66,3181,正常
2016/03/05 18:15:35,ac6456a18d7a7ee5fd9cd8f897e385dbc5d9263d,1e0d45f47795ceeced03b411172d4c0af2c93fcb,持卡人消费,学士楼商务网关,-5.6,69.06,3182,正常
2016/03/08 07:53:29,ac6456a18d7a7ee5fd9cd8f897e385dbc5d9263d,1e0d45f47795ceeced03b411172d4c0af2c93fcb,持卡人消费,学士楼商务网关,-4.2,64.86,3183,正常
2016/03/08 11:32:01,ac6456a18d7a7ee5fd9cd8f897e385dbc5d9263d,1e0d45f47795ceeced03b411172d4c0af2c93fcb,持卡人消费,硕果园（工大商店）,-11.0,53.86,3184,正常
2016/03/08 18:16:16,ac6456a18d7a7ee5fd9cd8f897e385dbc5d9263d,1e0d45f47795ceeced03b411172d4c0af2c93fcb,持卡人消费,学子便利店A01后楼,-8.5,45.36,3185,正常
2016/03/10 12:58:32,ac6456a18d7a7ee5fd9cd8f897e385dbc5d9263d,1e0d45f47795ceeced03b411172d4c0af2c93fcb,持卡人消费,硕果园（工大商店）,-10.0,35.36,3186,正常
2016/03/11 17:48:42,ac6456a18d7a7ee5fd9cd8f897e385dbc5d9263d,1e0d45f47795ceeced03b411172d4c0af2c93fcb,持卡人消费,硕果园（工大商店）,-11.0,24.36,3187,正常
2016/03/11 17:52:50,ac6456a18d7a7ee5fd9cd8f897e385dbc5d9263d,1e0d45f47795ceeced03b411172d4c0af2c93fcb,持卡人消费,硕果园（工大商店）,-1.0,23.36,3188,正常
2016/03/12 12:17:40,ac6456a18d7a7ee5fd9cd8f897e385dbc5d9263d,1e0d45f47795ceeced03b411172d4c0af2c93fcb,持卡人消费,硕果园（工大商店）,-4.0,19.36,3189,正常
2016/03/12 12:19:42,ac6456a18d7a7ee5fd9cd8f897e385dbc5d9263d,1e0d45f47795ceeced03b411172d4c0af2c93fcb,持卡人消费,硕果园（工大商店）,-11.0,8.36,3190,正常
2016/03/16 12:55:32,ac6456a18d7a7ee5fd9cd8f897e385dbc5d9263d,1e0d45f47795ceeced03b411172d4c0af2c93fcb,持卡人消费,硕果园（工大商店）,-1.0,1.86,3192,正常
2016/03/19 18:32:09,ac6456a18d7a7ee5fd9cd8f897e385dbc5d9263d,1e0d45f47795ceeced03b411172d4c0af2c93fcb,持卡人消费,学子便利店A01后楼,-0.4,1.46,3193,正常
2016/03/21 12:07:12,ac6456a18d7a7ee5fd9cd8f897e385dbc5d9263d,1e0d45f47795ceeced03b411172d4c0af2c93fcb,存款,卡中心综合业务,200.0,201.46,3194,正常
2016/03/21 12:09:54,ac6456a18d7a7ee5fd9cd8f897e385dbc5d9263d,1e0d45f47795ceeced03b411172d4c0af2c93fcb,持卡人消费,学苑楼商务网关,-8.8,192.66,3195,正常
2016/03/22 12:03:39,ac6456a18d7a7ee5fd9cd8f897e385dbc5d9263d,1e0d45f47795ceeced03b411172d4c0af2c93fcb,持卡人消费,学士楼商务网关,-2.6,190.06,3196,正常
2016/03/22 12:04:17,ac6456a18d7a7ee5fd9cd8f897e385dbc5d9263d,1e0d45f47795ceeced03b411172d4c0af2c93fcb,持卡人消费,学士楼商务网关,-1.9,188.16,3197,正常
2016/03/22 12:05:32,ac6456a18d7a7ee5fd9cd8f897e385dbc5d9263d,1e0d45f47795ceeced03b411172d4c0af2c93fcb,持卡人消费,学士楼商务网关,-2.5,185.66,3198,正常
2016/03/22 12:06:01,ac6456a18d7a7ee5fd9cd8f897e385dbc5d9263d,1e0d45f47795ceeced03b411172d4c0af2c93fcb,持卡人消费,学士楼商务网关,-2.0,183.66,3199,正常
2016/03/22 17:06:18,ac6456a18d7a7ee5fd9cd8f897e385dbc5d9263d,1e0d45f47795ceeced03b411172d4c0af2c93fcb,持卡人消费,学士楼商务网关,-7.1,176.56,3200,正常
2016/03/22 17:06:46,ac6456a18d7a7ee5fd9cd8f897e385dbc5d9263d,1e0d45f47795ceeced03b411172d4c0af2c93fcb,持卡人消费,学士楼商务网关,-3.0,173.56,3201,正常
2016/03/23 12:46:28,ac6456a18d7a7ee5fd9cd8f897e385dbc5d9263d,1e0d45f47795ceeced03b411172d4c0af2c93fcb,持卡人消费,硕果园（工大商店）,-10.0,163.56,3202,正常
2016/03/23 13:02:44,ac6456a18d7a7ee5fd9cd8f897e385dbc5d9263d,1e0d45f47795ceeced03b411172d4c0af2c93fcb,持卡人消费,硕果园（工大商店）,-6.5,157.06,3203,正常
2016/03/23 17:24:19,ac6456a18d7a7ee5fd9cd8f897e385dbc5d9263d,1e0d45f47795ceeced03b411172d4c0af2c93fcb,持卡人消费,硕果园（工大商店）,-8.0,149.06,3204,正常
2016/03/23 17:27:10,ac6456a18d7a7ee5fd9cd8f897e385dbc5d9263d,1e0d45f47795ceeced03b411172d4c0af2c93fcb,持卡人消费,硕果园（工大商店）,-1.0,148.06,3205,正常
2016/03/24 11:53:31,ac6456a18d7a7ee5fd9cd8f897e385dbc5d9263d,1e0d45f47795ceeced03b411172d4c0af2c93fcb,持卡人消费,学士楼商务网关,-9.1,138.96,3206,正常
2016/03/24 11:55:16,ac6456a18d7a7ee5fd9cd8f897e385dbc5d9263d,1e0d45f47795ceeced03b411172d4c0af2c93fcb,持卡人消费,学士楼商务网关,-5.0,133.96,3207,正常
2016/03/24 17:49:38,ac6456a18d7a7ee5fd9cd8f897e385dbc5d9263d,1e0d45f47795ceeced03b411172d4c0af2c93fcb,持卡人消费,学子便利店A01后楼,-4.0,129.96,3208,正常
2016/03/25 18:58:17,ac6456a18d7a7ee5fd9cd8f897e385dbc5d9263d,1e0d45f47795ceeced03b411172d4c0af2c93fcb,持卡人消费,学子便利店A01后楼,-3.5,126.46,3209,正常
2016/03/26 15:25:15,ac6456a18d7a7ee5fd9cd8f897e385dbc5d9263d,1e0d45f47795ceeced03b411172d4c0af2c93fcb,持卡人消费,学子便利店A01后楼,-12.0,114.46,3210,正常
2016/03/26 17:41:42,ac6456a18d7a7ee5fd9cd8f897e385dbc5d9263d,1e0d45f47795ceeced03b411172d4c0af2c93fcb,持卡人消费,学子便利店A01后楼,-9.5,104.96,3211,正常
2016/03/26 18:59:37,ac6456a18d7a7ee5fd9cd8f897e385dbc5d9263d,1e0d45f47795ceeced03b411172d4c0af2c93fcb,持卡人消费,15公寓浴池,-1.92,103.04,3213,正常
2016/03/26 19:05:55,ac6456a18d7a7ee5fd9cd8f897e385dbc5d9263d,1e0d45f47795ceeced03b411172d4c0af2c93fcb,持卡人消费,15公寓浴池,-0.61,102.43,3215,正常
2016/03/27 12:20:15,ac6456a18d7a7ee5fd9cd8f897e385dbc5d9263d,1e0d45f47795ceeced03b411172d4c0af2c93fcb,持卡人消费,硕果园（工大商店）,-5.0,97.43,3216,正常
2016/03/27 12:21:04,ac6456a18d7a7ee5fd9cd8f897e385dbc5d9263d,1e0d45f47795ceeced03b411172d4c0af2c93fcb,持卡人消费,硕果园（工大商店）,-11.0,86.43,3217,正常
2016/03/27 12:31:05,ac6456a18d7a7ee5fd9cd8f897e385dbc5d9263d,1e0d45f47795ceeced03b411172d4c0af2c93fcb,持卡人消费,硕果园（工大商店）,-18.5,67.93,3218,正常
2016/03/28 12:45:21,ac6456a18d7a7ee5fd9cd8f897e385dbc5d9263d,1e0d45f47795ceeced03b411172d4c0af2c93fcb,持卡人消费,硕果园（工大商店）,-5.0,32.93,3220,正常
2016/03/28 12:45:58,ac6456a18d7a7ee5fd9cd8f897e385dbc5d9263d,1e0d45f47795ceeced03b411172d4c0af2c93fcb,持卡人消费,硕果园（工大商店）,-10.0,22.93,3221,正常
2016/03/30 12:59:01,ac6456a18d7a7ee5fd9cd8f897e385dbc5d9263d,1e0d45f47795ceeced03b411172d4c0af2c93fcb,持卡人消费,硕果园（工大商店）,-4.0,18.93,3222,正常
2016/03/30 12:59:53,ac6456a18d7a7ee5fd9cd8f897e385dbc5d9263d,1e0d45f47795ceeced03b411172d4c0af2c93fcb,持卡人消费,硕果园（工大商店）,-11.0,7.93,3223,正常
2016/03/30 18:00:33,ac6456a18d7a7ee5fd9cd8f897e385dbc5d9263d,1e0d45f47795ceeced03b411172d4c0af2c93fcb,持卡人消费,硕果园（工大商店）,-7.0,0.93,3224,正常
