交易发生时间,学号,姓名,交易类型,子系统名称,交易额,现有余额,次数,状态
2016/03/01 11:29:37,e57707e9ef84263b4c54d1fa1e12a5c0e68f8d30,1e77405129adb1d6f00c25e3ec56e97d5686b053,持卡人消费,学苑楼商务网关,-6.0,76.80,3176,正常
2016/03/01 11:32:45,e57707e9ef84263b4c54d1fa1e12a5c0e68f8d30,1e77405129adb1d6f00c25e3ec56e97d5686b053,持卡人消费,学苑楼商务网关,-0.8,76.00,3177,正常
2016/03/01 19:34:07,e57707e9ef84263b4c54d1fa1e12a5c0e68f8d30,1e77405129adb1d6f00c25e3ec56e97d5686b053,持卡人消费,一校区水控新,-0.2,75.80,3178,正常
2016/03/01 19:40:20,e57707e9ef84263b4c54d1fa1e12a5c0e68f8d30,1e77405129adb1d6f00c25e3ec56e97d5686b053,持卡人消费,一校区水控新,-0.24,75.56,3179,正常
2016/03/01 19:41:56,e57707e9ef84263b4c54d1fa1e12a5c0e68f8d30,1e77405129adb1d6f00c25e3ec56e97d5686b053,持卡人消费,一校区水控新,-0.08,75.48,3180,正常
2016/03/01 19:47:02,e57707e9ef84263b4c54d1fa1e12a5c0e68f8d30,1e77405129adb1d6f00c25e3ec56e97d5686b053,持卡人消费,一校区水控新,-0.35,75.13,3182,正常
2016/03/01 19:50:38,e57707e9ef84263b4c54d1fa1e12a5c0e68f8d30,1e77405129adb1d6f00c25e3ec56e97d5686b053,持卡人消费,一校区水控新,-0.4,74.73,3184,正常
2016/03/02 11:44:56,e57707e9ef84263b4c54d1fa1e12a5c0e68f8d30,1e77405129adb1d6f00c25e3ec56e97d5686b053,持卡人消费,硕果园（工大商店）,-24.0,50.73,3185,正常
2016/03/02 17:42:02,e57707e9ef84263b4c54d1fa1e12a5c0e68f8d30,1e77405129adb1d6f00c25e3ec56e97d5686b053,持卡人消费,一区图书馆BPOS,-3.7,47.03,3186,正常
2016/03/02 18:05:00,e57707e9ef84263b4c54d1fa1e12a5c0e68f8d30,1e77405129adb1d6f00c25e3ec56e97d5686b053,持卡人消费,超市商务子系统,-33.6,13.43,3187,正常
2016/03/03 17:37:12,e57707e9ef84263b4c54d1fa1e12a5c0e68f8d30,1e77405129adb1d6f00c25e3ec56e97d5686b053,持卡人消费,学苑楼商务网关,-4.5,8.93,3188,正常
2016/03/03 17:35:47,e57707e9ef84263b4c54d1fa1e12a5c0e68f8d30,1e77405129adb1d6f00c25e3ec56e97d5686b053,存款,现金充值机,200.0,208.93,3189,正常
2016/03/03 17:57:10,e57707e9ef84263b4c54d1fa1e12a5c0e68f8d30,1e77405129adb1d6f00c25e3ec56e97d5686b053,持卡人消费,超市商务子系统,-6.0,202.93,3190,正常
2016/03/04 11:13:23,e57707e9ef84263b4c54d1fa1e12a5c0e68f8d30,1e77405129adb1d6f00c25e3ec56e97d5686b053,持卡人消费,硕果园（工大商店）,-9.0,193.93,3191,正常
2016/03/07 11:30:35,e57707e9ef84263b4c54d1fa1e12a5c0e68f8d30,1e77405129adb1d6f00c25e3ec56e97d5686b053,持卡人消费,学苑楼商务网关,-4.5,189.43,3192,正常
2016/03/07 11:50:29,e57707e9ef84263b4c54d1fa1e12a5c0e68f8d30,1e77405129adb1d6f00c25e3ec56e97d5686b053,持卡人消费,超市商务子系统,-3.5,185.93,3193,正常
2016/03/07 16:39:04,e57707e9ef84263b4c54d1fa1e12a5c0e68f8d30,1e77405129adb1d6f00c25e3ec56e97d5686b053,持卡人消费,硕果园（工大商店）,-18.0,167.93,3194,正常
2016/03/09 12:14:47,e57707e9ef84263b4c54d1fa1e12a5c0e68f8d30,1e77405129adb1d6f00c25e3ec56e97d5686b053,持卡人消费,超市商务子系统,-6.9,161.03,3195,正常
2016/03/10 14:28:13,e57707e9ef84263b4c54d1fa1e12a5c0e68f8d30,1e77405129adb1d6f00c25e3ec56e97d5686b053,持卡人消费,超市商务子系统,-7.2,153.83,3196,正常
2016/03/11 12:06:45,e57707e9ef84263b4c54d1fa1e12a5c0e68f8d30,1e77405129adb1d6f00c25e3ec56e97d5686b053,持卡人消费,硕果园（工大商店）,-14.0,139.83,3197,正常
2016/03/11 12:07:13,e57707e9ef84263b4c54d1fa1e12a5c0e68f8d30,1e77405129adb1d6f00c25e3ec56e97d5686b053,持卡人消费,硕果园（工大商店）,-5.0,134.83,3198,正常
2016/03/12 19:29:45,e57707e9ef84263b4c54d1fa1e12a5c0e68f8d30,1e77405129adb1d6f00c25e3ec56e97d5686b053,持卡人消费,超市商务子系统,-4.0,130.83,3199,正常
2016/03/12 19:31:04,e57707e9ef84263b4c54d1fa1e12a5c0e68f8d30,1e77405129adb1d6f00c25e3ec56e97d5686b053,持卡人消费,超市商务子系统,-16.0,114.83,3200,正常
2016/03/14 11:33:22,e57707e9ef84263b4c54d1fa1e12a5c0e68f8d30,1e77405129adb1d6f00c25e3ec56e97d5686b053,持卡人消费,学苑楼商务网关,-5.0,70.13,3206,正常
2016/03/14 17:35:59,e57707e9ef84263b4c54d1fa1e12a5c0e68f8d30,1e77405129adb1d6f00c25e3ec56e97d5686b053,持卡人消费,学士楼商务网关,-7.6,62.53,3207,正常
2016/03/14 20:56:36,e57707e9ef84263b4c54d1fa1e12a5c0e68f8d30,1e77405129adb1d6f00c25e3ec56e97d5686b053,持卡人消费,超市商务子系统,-6.9,55.63,3208,正常
2016/03/16 12:49:00,e57707e9ef84263b4c54d1fa1e12a5c0e68f8d30,1e77405129adb1d6f00c25e3ec56e97d5686b053,持卡人消费,超市商务子系统,-11.7,43.93,3209,正常
2016/03/16 12:49:10,e57707e9ef84263b4c54d1fa1e12a5c0e68f8d30,1e77405129adb1d6f00c25e3ec56e97d5686b053,持卡人消费,超市商务子系统,-0.2,43.73,3210,正常
2016/03/16 18:01:34,e57707e9ef84263b4c54d1fa1e12a5c0e68f8d30,1e77405129adb1d6f00c25e3ec56e97d5686b053,持卡人消费,硕果园（工大商店）,-10.0,33.73,3211,正常
2016/03/16 18:03:00,e57707e9ef84263b4c54d1fa1e12a5c0e68f8d30,1e77405129adb1d6f00c25e3ec56e97d5686b053,持卡人消费,硕果园（工大商店）,-6.0,27.73,3212,正常
2016/03/17 12:42:05,e57707e9ef84263b4c54d1fa1e12a5c0e68f8d30,1e77405129adb1d6f00c25e3ec56e97d5686b053,持卡人消费,硕果园（工大商店）,-12.0,15.73,3213,正常
2016/03/17 17:38:58,e57707e9ef84263b4c54d1fa1e12a5c0e68f8d30,1e77405129adb1d6f00c25e3ec56e97d5686b053,持卡人消费,硕果园（工大商店）,-13.0,2.73,3214,正常
2016/03/18 17:09:36,e57707e9ef84263b4c54d1fa1e12a5c0e68f8d30,1e77405129adb1d6f00c25e3ec56e97d5686b053,存款,现金充值机,200.0,202.73,3215,正常
2016/03/18 17:26:44,e57707e9ef84263b4c54d1fa1e12a5c0e68f8d30,1e77405129adb1d6f00c25e3ec56e97d5686b053,持卡人消费,学苑楼商务网关,-3.5,199.23,3216,正常
2016/03/18 17:28:52,e57707e9ef84263b4c54d1fa1e12a5c0e68f8d30,1e77405129adb1d6f00c25e3ec56e97d5686b053,持卡人消费,学苑楼商务网关,-3.0,196.23,3217,正常
2016/03/20 17:32:10,e57707e9ef84263b4c54d1fa1e12a5c0e68f8d30,1e77405129adb1d6f00c25e3ec56e97d5686b053,持卡人消费,硕果园（工大商店）,-14.0,182.23,3218,正常
2016/03/20 17:33:06,e57707e9ef84263b4c54d1fa1e12a5c0e68f8d30,1e77405129adb1d6f00c25e3ec56e97d5686b053,持卡人消费,硕果园（工大商店）,-3.0,179.23,3219,正常
2016/03/22 12:36:52,e57707e9ef84263b4c54d1fa1e12a5c0e68f8d30,1e77405129adb1d6f00c25e3ec56e97d5686b053,持卡人消费,硕果园（工大商店）,-9.0,170.23,3220,正常
2016/03/23 12:52:59,e57707e9ef84263b4c54d1fa1e12a5c0e68f8d30,1e77405129adb1d6f00c25e3ec56e97d5686b053,持卡人消费,超市商务子系统,-11.1,159.13,3221,正常
2016/03/23 17:19:28,e57707e9ef84263b4c54d1fa1e12a5c0e68f8d30,1e77405129adb1d6f00c25e3ec56e97d5686b053,持卡人消费,学子楼商务网关,-5.4,153.73,3222,正常
2016/03/23 17:20:47,e57707e9ef84263b4c54d1fa1e12a5c0e68f8d30,1e77405129adb1d6f00c25e3ec56e97d5686b053,持卡人消费,学子楼商务网关,-3.5,150.23,3223,正常
2016/03/23 17:34:31,e57707e9ef84263b4c54d1fa1e12a5c0e68f8d30,1e77405129adb1d6f00c25e3ec56e97d5686b053,持卡人消费,超市商务子系统,-7.0,143.23,3224,正常
2016/03/23 21:38:15,e57707e9ef84263b4c54d1fa1e12a5c0e68f8d30,1e77405129adb1d6f00c25e3ec56e97d5686b053,持卡人消费,超市商务子系统,-18.3,124.93,3225,正常
2016/03/23 21:39:42,e57707e9ef84263b4c54d1fa1e12a5c0e68f8d30,1e77405129adb1d6f00c25e3ec56e97d5686b053,持卡人消费,超市商务子系统,-6.8,118.13,3226,正常
2016/03/28 11:38:50,e57707e9ef84263b4c54d1fa1e12a5c0e68f8d30,1e77405129adb1d6f00c25e3ec56e97d5686b053,持卡人消费,硕果园（工大商店）,-9.0,109.13,3227,正常
2016/03/28 16:04:58,e57707e9ef84263b4c54d1fa1e12a5c0e68f8d30,1e77405129adb1d6f00c25e3ec56e97d5686b053,持卡人消费,A7,-3.0,106.13,3228,正常
2016/03/28 16:12:59,e57707e9ef84263b4c54d1fa1e12a5c0e68f8d30,1e77405129adb1d6f00c25e3ec56e97d5686b053,持卡人消费,A7,-3.0,103.13,3229,正常
2016/03/28 17:21:30,e57707e9ef84263b4c54d1fa1e12a5c0e68f8d30,1e77405129adb1d6f00c25e3ec56e97d5686b053,持卡人消费,硕果园（工大商店）,-28.0,75.13,3230,正常
2016/03/29 14:27:50,e57707e9ef84263b4c54d1fa1e12a5c0e68f8d30,1e77405129adb1d6f00c25e3ec56e97d5686b053,持卡人消费,超市商务子系统,-7.2,67.93,3231,正常
2016/03/30 11:57:39,e57707e9ef84263b4c54d1fa1e12a5c0e68f8d30,1e77405129adb1d6f00c25e3ec56e97d5686b053,持卡人消费,学苑楼商务网关,-4.1,63.83,3232,正常
2016/03/30 17:14:14,e57707e9ef84263b4c54d1fa1e12a5c0e68f8d30,1e77405129adb1d6f00c25e3ec56e97d5686b053,持卡人消费,学苑楼商务网关,-6.0,57.83,3233,正常
2016/03/30 17:16:40,e57707e9ef84263b4c54d1fa1e12a5c0e68f8d30,1e77405129adb1d6f00c25e3ec56e97d5686b053,持卡人消费,学苑楼商务网关,-2.0,55.83,3234,正常
2016/03/31 11:31:38,e57707e9ef84263b4c54d1fa1e12a5c0e68f8d30,1e77405129adb1d6f00c25e3ec56e97d5686b053,持卡人消费,硕果园（工大商店）,-12.0,43.83,3235,正常
2016/03/31 11:35:05,e57707e9ef84263b4c54d1fa1e12a5c0e68f8d30,1e77405129adb1d6f00c25e3ec56e97d5686b053,持卡人消费,超市商务子系统,-4.0,39.83,3236,正常
2016/03/31 17:36:19,e57707e9ef84263b4c54d1fa1e12a5c0e68f8d30,1e77405129adb1d6f00c25e3ec56e97d5686b053,持卡人消费,硕果园（工大商店）,-8.0,31.83,3237,正常
