交易发生时间,学号,姓名,交易类型,子系统名称,交易额,现有余额,次数,状态
2016/03/01 10:15:43,21f12c737ed6222b26e34cb339360411dc2f1711,1e99acd980fb0b5fa88ce24e1fc28ee34528544d,持卡人消费,硕果园（工大商店）,-17.0,25.01,2601,正常
2016/03/02 09:15:01,21f12c737ed6222b26e34cb339360411dc2f1711,1e99acd980fb0b5fa88ce24e1fc28ee34528544d,持卡人消费,超市商务子系统,-0.4,24.61,2602,正常
2016/03/02 11:43:10,21f12c737ed6222b26e34cb339360411dc2f1711,1e99acd980fb0b5fa88ce24e1fc28ee34528544d,持卡人消费,硕果园（工大商店）,-15.0,9.61,2603,正常
2016/03/02 16:52:24,21f12c737ed6222b26e34cb339360411dc2f1711,1e99acd980fb0b5fa88ce24e1fc28ee34528544d,持卡人消费,硕果园（工大商店）,-2.0,7.61,2604,正常
2016/03/02 20:01:57,21f12c737ed6222b26e34cb339360411dc2f1711,1e99acd980fb0b5fa88ce24e1fc28ee34528544d,持卡人消费,一校区水控新,-1.02,6.59,2606,正常
2016/03/02 20:04:06,21f12c737ed6222b26e34cb339360411dc2f1711,1e99acd980fb0b5fa88ce24e1fc28ee34528544d,持卡人消费,一校区水控新,-0.27,6.32,2608,正常
2016/03/02 20:10:05,21f12c737ed6222b26e34cb339360411dc2f1711,1e99acd980fb0b5fa88ce24e1fc28ee34528544d,持卡人消费,一校区水控新,-0.96,5.36,2610,正常
2016/03/04 08:04:03,21f12c737ed6222b26e34cb339360411dc2f1711,1e99acd980fb0b5fa88ce24e1fc28ee34528544d,持卡人消费,学士楼商务网关,-3.0,2.36,2611,正常
2016/03/04 17:51:59,21f12c737ed6222b26e34cb339360411dc2f1711,1e99acd980fb0b5fa88ce24e1fc28ee34528544d,存款,学苑楼综合业务3,100.0,102.36,2612,正常
2016/03/04 17:56:30,21f12c737ed6222b26e34cb339360411dc2f1711,1e99acd980fb0b5fa88ce24e1fc28ee34528544d,持卡人消费,硕果园（工大商店）,-15.0,87.36,2613,正常
2016/03/05 15:10:16,21f12c737ed6222b26e34cb339360411dc2f1711,1e99acd980fb0b5fa88ce24e1fc28ee34528544d,持卡人消费,A2,-3.0,84.36,2614,正常
2016/03/06 12:02:29,21f12c737ed6222b26e34cb339360411dc2f1711,1e99acd980fb0b5fa88ce24e1fc28ee34528544d,持卡人消费,硕果园（工大商店）,-12.0,72.36,2615,正常
2016/03/06 12:06:50,21f12c737ed6222b26e34cb339360411dc2f1711,1e99acd980fb0b5fa88ce24e1fc28ee34528544d,持卡人消费,硕果园（工大商店）,-3.0,69.36,2616,正常
2016/03/06 16:01:39,21f12c737ed6222b26e34cb339360411dc2f1711,1e99acd980fb0b5fa88ce24e1fc28ee34528544d,持卡人消费,一校区水控新,-0.32,69.04,2618,正常
2016/03/06 16:07:45,21f12c737ed6222b26e34cb339360411dc2f1711,1e99acd980fb0b5fa88ce24e1fc28ee34528544d,持卡人消费,一校区水控新,-0.67,68.37,2620,正常
2016/03/06 16:12:59,21f12c737ed6222b26e34cb339360411dc2f1711,1e99acd980fb0b5fa88ce24e1fc28ee34528544d,持卡人消费,一校区水控新,-0.85,67.52,2622,正常
2016/03/06 16:29:17,21f12c737ed6222b26e34cb339360411dc2f1711,1e99acd980fb0b5fa88ce24e1fc28ee34528544d,持卡人消费,超市商务子系统,-10.1,57.42,2623,正常
2016/03/06 16:34:57,21f12c737ed6222b26e34cb339360411dc2f1711,1e99acd980fb0b5fa88ce24e1fc28ee34528544d,持卡人消费,硕果园（工大商店）,-8.0,49.42,2624,正常
2016/03/06 16:36:03,21f12c737ed6222b26e34cb339360411dc2f1711,1e99acd980fb0b5fa88ce24e1fc28ee34528544d,持卡人消费,硕果园（工大商店）,-4.0,45.42,2625,正常
2016/03/07 11:49:13,21f12c737ed6222b26e34cb339360411dc2f1711,1e99acd980fb0b5fa88ce24e1fc28ee34528544d,持卡人消费,硕果园（工大商店）,-14.0,31.42,2626,正常
2016/03/07 17:27:40,21f12c737ed6222b26e34cb339360411dc2f1711,1e99acd980fb0b5fa88ce24e1fc28ee34528544d,持卡人消费,学苑楼商务网关,-8.0,23.42,2627,正常
2016/03/07 17:28:34,21f12c737ed6222b26e34cb339360411dc2f1711,1e99acd980fb0b5fa88ce24e1fc28ee34528544d,持卡人消费,学苑楼商务网关,-7.0,16.42,2628,正常
2016/03/07 17:29:49,21f12c737ed6222b26e34cb339360411dc2f1711,1e99acd980fb0b5fa88ce24e1fc28ee34528544d,持卡人消费,学苑楼商务网关,-5.0,11.42,2629,正常
2016/03/07 17:30:15,21f12c737ed6222b26e34cb339360411dc2f1711,1e99acd980fb0b5fa88ce24e1fc28ee34528544d,持卡人消费,学苑楼商务网关,-3.0,8.42,2630,正常
2016/03/07 17:47:57,21f12c737ed6222b26e34cb339360411dc2f1711,1e99acd980fb0b5fa88ce24e1fc28ee34528544d,持卡人消费,硕果园（工大商店）,-8.0,0.42,2631,正常
2016/03/10 17:28:41,21f12c737ed6222b26e34cb339360411dc2f1711,1e99acd980fb0b5fa88ce24e1fc28ee34528544d,存款,卡中心综合业务,100.0,100.42,2632,正常
2016/03/10 17:32:21,21f12c737ed6222b26e34cb339360411dc2f1711,1e99acd980fb0b5fa88ce24e1fc28ee34528544d,持卡人消费,学苑楼商务网关,-7.6,92.82,2633,正常
2016/03/10 17:37:16,21f12c737ed6222b26e34cb339360411dc2f1711,1e99acd980fb0b5fa88ce24e1fc28ee34528544d,持卡人消费,学苑楼商务网关,-3.0,89.82,2634,正常
2016/03/11 08:40:19,21f12c737ed6222b26e34cb339360411dc2f1711,1e99acd980fb0b5fa88ce24e1fc28ee34528544d,持卡人消费,学士楼商务网关,-2.5,87.32,2635,正常
2016/03/11 08:41:53,21f12c737ed6222b26e34cb339360411dc2f1711,1e99acd980fb0b5fa88ce24e1fc28ee34528544d,持卡人消费,学士楼商务网关,-0.6,86.72,2636,正常
2016/03/11 11:30:38,21f12c737ed6222b26e34cb339360411dc2f1711,1e99acd980fb0b5fa88ce24e1fc28ee34528544d,持卡人消费,硕果园（工大商店）,-15.0,71.72,2637,正常
2016/03/11 16:27:18,21f12c737ed6222b26e34cb339360411dc2f1711,1e99acd980fb0b5fa88ce24e1fc28ee34528544d,持卡人消费,一校区水控新,-0.5,71.22,2639,正常
2016/03/11 16:28:33,21f12c737ed6222b26e34cb339360411dc2f1711,1e99acd980fb0b5fa88ce24e1fc28ee34528544d,持卡人消费,一校区水控新,-0.06,71.16,2641,正常
2016/03/11 16:34:34,21f12c737ed6222b26e34cb339360411dc2f1711,1e99acd980fb0b5fa88ce24e1fc28ee34528544d,持卡人消费,一校区水控新,-0.78,70.38,2643,正常
2016/03/11 18:38:35,21f12c737ed6222b26e34cb339360411dc2f1711,1e99acd980fb0b5fa88ce24e1fc28ee34528544d,持卡人消费,超市商务子系统,-8.0,62.38,2644,正常
2016/03/11 18:41:05,21f12c737ed6222b26e34cb339360411dc2f1711,1e99acd980fb0b5fa88ce24e1fc28ee34528544d,持卡人消费,超市商务子系统,-4.3,58.08,2645,正常
2016/03/12 12:25:52,21f12c737ed6222b26e34cb339360411dc2f1711,1e99acd980fb0b5fa88ce24e1fc28ee34528544d,持卡人消费,15公寓浴池,-2.0,56.08,2646,正常
2016/03/12 14:14:18,21f12c737ed6222b26e34cb339360411dc2f1711,1e99acd980fb0b5fa88ce24e1fc28ee34528544d,持卡人消费,超市商务子系统,-6.0,50.08,2647,正常
2016/03/12 17:15:55,21f12c737ed6222b26e34cb339360411dc2f1711,1e99acd980fb0b5fa88ce24e1fc28ee34528544d,持卡人消费,学子楼商务网关,-12.0,38.08,2648,正常
2016/03/12 17:16:36,21f12c737ed6222b26e34cb339360411dc2f1711,1e99acd980fb0b5fa88ce24e1fc28ee34528544d,持卡人消费,学子楼商务网关,-3.0,35.08,2649,正常
2016/03/14 07:59:22,21f12c737ed6222b26e34cb339360411dc2f1711,1e99acd980fb0b5fa88ce24e1fc28ee34528544d,持卡人消费,学士楼商务网关,-6.5,11.78,2652,正常
2016/03/14 11:39:08,21f12c737ed6222b26e34cb339360411dc2f1711,1e99acd980fb0b5fa88ce24e1fc28ee34528544d,持卡人消费,硕果园（工大商店）,-10.0,1.78,2653,正常
2016/03/14 11:40:36,21f12c737ed6222b26e34cb339360411dc2f1711,1e99acd980fb0b5fa88ce24e1fc28ee34528544d,持卡人消费,硕果园（工大商店）,-1.0,0.78,2654,正常
2016/03/15 14:03:56,21f12c737ed6222b26e34cb339360411dc2f1711,1e99acd980fb0b5fa88ce24e1fc28ee34528544d,存款,学苑楼综合业务3,100.0,100.78,2655,正常
2016/03/15 14:18:07,21f12c737ed6222b26e34cb339360411dc2f1711,1e99acd980fb0b5fa88ce24e1fc28ee34528544d,持卡人消费,一校区水控新,-0.43,100.35,2657,正常
2016/03/15 14:28:00,21f12c737ed6222b26e34cb339360411dc2f1711,1e99acd980fb0b5fa88ce24e1fc28ee34528544d,持卡人消费,一校区水控新,-1.74,98.61,2659,正常
2016/03/15 14:31:42,21f12c737ed6222b26e34cb339360411dc2f1711,1e99acd980fb0b5fa88ce24e1fc28ee34528544d,持卡人消费,一校区水控新,-0.53,98.08,2661,正常
2016/03/15 17:05:13,21f12c737ed6222b26e34cb339360411dc2f1711,1e99acd980fb0b5fa88ce24e1fc28ee34528544d,持卡人消费,学苑楼商务网关,-8.0,90.08,2662,正常
2016/03/15 17:06:17,21f12c737ed6222b26e34cb339360411dc2f1711,1e99acd980fb0b5fa88ce24e1fc28ee34528544d,持卡人消费,学苑楼商务网关,-1.5,88.58,2663,正常
2016/03/16 17:01:37,21f12c737ed6222b26e34cb339360411dc2f1711,1e99acd980fb0b5fa88ce24e1fc28ee34528544d,持卡人消费,硕果园（工大商店）,-17.0,71.58,2664,正常
2016/03/16 17:02:31,21f12c737ed6222b26e34cb339360411dc2f1711,1e99acd980fb0b5fa88ce24e1fc28ee34528544d,持卡人消费,硕果园（工大商店）,-4.0,67.58,2665,正常
2016/03/17 17:11:32,21f12c737ed6222b26e34cb339360411dc2f1711,1e99acd980fb0b5fa88ce24e1fc28ee34528544d,持卡人消费,学士楼商务网关,-10.8,56.78,2666,正常
2016/03/17 17:14:09,21f12c737ed6222b26e34cb339360411dc2f1711,1e99acd980fb0b5fa88ce24e1fc28ee34528544d,持卡人消费,学士楼商务网关,-8.6,48.18,2667,正常
2016/03/18 16:05:15,21f12c737ed6222b26e34cb339360411dc2f1711,1e99acd980fb0b5fa88ce24e1fc28ee34528544d,持卡人消费,硕果园（工大商店）,-5.0,43.18,2668,正常
2016/03/19 07:37:12,21f12c737ed6222b26e34cb339360411dc2f1711,1e99acd980fb0b5fa88ce24e1fc28ee34528544d,持卡人消费,学士楼商务网关,-3.6,39.58,2669,正常
2016/03/19 17:31:00,21f12c737ed6222b26e34cb339360411dc2f1711,1e99acd980fb0b5fa88ce24e1fc28ee34528544d,持卡人消费,学苑楼商务网关,-8.0,31.58,2670,正常
2016/03/19 17:32:10,21f12c737ed6222b26e34cb339360411dc2f1711,1e99acd980fb0b5fa88ce24e1fc28ee34528544d,持卡人消费,学苑楼商务网关,-1.5,30.08,2671,正常
2016/03/19 17:47:02,21f12c737ed6222b26e34cb339360411dc2f1711,1e99acd980fb0b5fa88ce24e1fc28ee34528544d,持卡人消费,超市商务子系统,-6.0,24.08,2672,正常
2016/03/20 07:36:44,21f12c737ed6222b26e34cb339360411dc2f1711,1e99acd980fb0b5fa88ce24e1fc28ee34528544d,持卡人消费,学士楼商务网关,-3.5,20.58,2673,正常
2016/03/20 07:37:25,21f12c737ed6222b26e34cb339360411dc2f1711,1e99acd980fb0b5fa88ce24e1fc28ee34528544d,持卡人消费,学士楼商务网关,-0.4,20.18,2674,正常
2016/03/20 13:08:13,21f12c737ed6222b26e34cb339360411dc2f1711,1e99acd980fb0b5fa88ce24e1fc28ee34528544d,持卡人消费,硕果园（工大商店）,-3.0,17.18,2675,正常
2016/03/20 13:12:10,21f12c737ed6222b26e34cb339360411dc2f1711,1e99acd980fb0b5fa88ce24e1fc28ee34528544d,持卡人消费,硕果园（工大商店）,-0.3,16.88,2676,正常
2016/03/20 13:34:08,21f12c737ed6222b26e34cb339360411dc2f1711,1e99acd980fb0b5fa88ce24e1fc28ee34528544d,持卡人消费,超市商务子系统,-6.0,10.88,2677,正常
2016/03/22 13:27:41,21f12c737ed6222b26e34cb339360411dc2f1711,1e99acd980fb0b5fa88ce24e1fc28ee34528544d,持卡人消费,一校区水控新,-1.54,9.34,2679,正常
2016/03/22 13:35:00,21f12c737ed6222b26e34cb339360411dc2f1711,1e99acd980fb0b5fa88ce24e1fc28ee34528544d,持卡人消费,一校区水控新,-1.3,8.04,2681,正常
2016/03/22 13:49:52,21f12c737ed6222b26e34cb339360411dc2f1711,1e99acd980fb0b5fa88ce24e1fc28ee34528544d,持卡人消费,A2,-3.0,5.04,2682,正常
2016/03/23 12:12:58,21f12c737ed6222b26e34cb339360411dc2f1711,1e99acd980fb0b5fa88ce24e1fc28ee34528544d,持卡人消费,硕果园（工大商店）,-0.1,4.94,2683,正常
2016/03/24 10:38:59,21f12c737ed6222b26e34cb339360411dc2f1711,1e99acd980fb0b5fa88ce24e1fc28ee34528544d,持卡人消费,硕果园（工大商店）,-0.9,4.04,2684,正常
2016/03/24 12:29:34,21f12c737ed6222b26e34cb339360411dc2f1711,1e99acd980fb0b5fa88ce24e1fc28ee34528544d,持卡人消费,一校区水控新,-1.38,2.66,2686,正常
2016/03/24 12:37:11,21f12c737ed6222b26e34cb339360411dc2f1711,1e99acd980fb0b5fa88ce24e1fc28ee34528544d,持卡人消费,一校区水控新,-1.07,1.59,2688,正常
2016/03/30 16:06:05,21f12c737ed6222b26e34cb339360411dc2f1711,1e99acd980fb0b5fa88ce24e1fc28ee34528544d,存款,卡中心综合业务,100.0,101.59,2689,正常
2016/03/30 16:19:31,21f12c737ed6222b26e34cb339360411dc2f1711,1e99acd980fb0b5fa88ce24e1fc28ee34528544d,持卡人消费,一校区水控新,-0.43,101.16,2691,正常
2016/03/30 16:26:22,21f12c737ed6222b26e34cb339360411dc2f1711,1e99acd980fb0b5fa88ce24e1fc28ee34528544d,持卡人消费,一校区水控新,-0.91,100.25,2693,正常
2016/03/30 16:28:53,21f12c737ed6222b26e34cb339360411dc2f1711,1e99acd980fb0b5fa88ce24e1fc28ee34528544d,持卡人消费,一校区水控新,-0.42,99.83,2695,正常
2016/03/30 16:33:30,21f12c737ed6222b26e34cb339360411dc2f1711,1e99acd980fb0b5fa88ce24e1fc28ee34528544d,持卡人消费,一校区水控新,-0.67,99.16,2697,正常
2016/03/30 16:50:00,21f12c737ed6222b26e34cb339360411dc2f1711,1e99acd980fb0b5fa88ce24e1fc28ee34528544d,持卡人消费,硕果园（工大商店）,-15.0,84.16,2698,正常
2016/03/30 16:54:36,21f12c737ed6222b26e34cb339360411dc2f1711,1e99acd980fb0b5fa88ce24e1fc28ee34528544d,持卡人消费,硕果园（工大商店）,-6.4,77.76,2699,正常
2016/03/30 16:55:14,21f12c737ed6222b26e34cb339360411dc2f1711,1e99acd980fb0b5fa88ce24e1fc28ee34528544d,持卡人消费,硕果园（工大商店）,-5.0,72.76,2700,正常
2016/03/31 11:37:05,21f12c737ed6222b26e34cb339360411dc2f1711,1e99acd980fb0b5fa88ce24e1fc28ee34528544d,持卡人消费,硕果园（工大商店）,-12.0,60.76,2701,正常
2016/03/31 11:39:38,21f12c737ed6222b26e34cb339360411dc2f1711,1e99acd980fb0b5fa88ce24e1fc28ee34528544d,持卡人消费,硕果园（工大商店）,-5.0,55.76,2702,正常
2016/03/31 11:41:17,21f12c737ed6222b26e34cb339360411dc2f1711,1e99acd980fb0b5fa88ce24e1fc28ee34528544d,持卡人消费,硕果园（工大商店）,-7.0,48.76,2703,正常
