交易发生时间,学号,姓名,交易类型,子系统名称,交易额,现有余额,次数,状态
2016/03/01 07:54:38,17a17edd6199555bb781deb855268c72b2f4d8ec,1e9e41e3de8e991b1ee1c8a4cbd4604f8ab03398,持卡人消费,九食堂商务网关,-3.0,69.69,7752,正常
2016/03/01 10:54:31,17a17edd6199555bb781deb855268c72b2f4d8ec,1e9e41e3de8e991b1ee1c8a4cbd4604f8ab03398,持卡人消费,身份前置机,-1.23,68.46,7753,正常
2016/03/01 10:57:56,17a17edd6199555bb781deb855268c72b2f4d8ec,1e9e41e3de8e991b1ee1c8a4cbd4604f8ab03398,持卡人消费,九食堂商务网关,-11.0,57.46,7754,正常
2016/03/01 17:14:17,17a17edd6199555bb781deb855268c72b2f4d8ec,1e9e41e3de8e991b1ee1c8a4cbd4604f8ab03398,持卡人消费,九食堂商务网关,-9.0,48.46,7755,正常
2016/03/01 18:12:07,17a17edd6199555bb781deb855268c72b2f4d8ec,1e9e41e3de8e991b1ee1c8a4cbd4604f8ab03398,持卡人消费,二区水控,-1.71,46.75,7757,正常
2016/03/02 07:54:40,17a17edd6199555bb781deb855268c72b2f4d8ec,1e9e41e3de8e991b1ee1c8a4cbd4604f8ab03398,持卡人消费,九食堂商务网关,-3.0,43.75,7758,正常
2016/03/02 11:55:12,17a17edd6199555bb781deb855268c72b2f4d8ec,1e9e41e3de8e991b1ee1c8a4cbd4604f8ab03398,持卡人消费,四食堂商务网关,-10.0,33.75,7759,正常
2016/03/02 11:55:58,17a17edd6199555bb781deb855268c72b2f4d8ec,1e9e41e3de8e991b1ee1c8a4cbd4604f8ab03398,持卡人消费,四食堂商务网关,-2.0,31.75,7760,正常
2016/03/03 07:51:29,17a17edd6199555bb781deb855268c72b2f4d8ec,1e9e41e3de8e991b1ee1c8a4cbd4604f8ab03398,持卡人消费,九食堂商务网关,-2.9,28.85,7761,正常
2016/03/03 07:51:42,17a17edd6199555bb781deb855268c72b2f4d8ec,1e9e41e3de8e991b1ee1c8a4cbd4604f8ab03398,持卡人消费,九食堂商务网关,-0.6,28.25,7762,正常
2016/03/03 11:01:32,17a17edd6199555bb781deb855268c72b2f4d8ec,1e9e41e3de8e991b1ee1c8a4cbd4604f8ab03398,持卡人消费,九食堂商务网关,-9.0,19.25,7763,正常
2016/03/03 17:09:39,17a17edd6199555bb781deb855268c72b2f4d8ec,1e9e41e3de8e991b1ee1c8a4cbd4604f8ab03398,持卡人消费,九食堂商务网关,-9.0,10.25,7764,正常
2016/03/03 16:55:41,17a17edd6199555bb781deb855268c72b2f4d8ec,1e9e41e3de8e991b1ee1c8a4cbd4604f8ab03398,存款,现金充值机,100.0,110.25,7765,正常
2016/03/03 19:21:47,17a17edd6199555bb781deb855268c72b2f4d8ec,1e9e41e3de8e991b1ee1c8a4cbd4604f8ab03398,持卡人消费,二区水控,-1.62,108.63,7767,正常
2016/03/04 07:23:01,17a17edd6199555bb781deb855268c72b2f4d8ec,1e9e41e3de8e991b1ee1c8a4cbd4604f8ab03398,持卡人消费,九食堂商务网关,-5.0,103.63,7768,正常
2016/03/04 11:32:05,17a17edd6199555bb781deb855268c72b2f4d8ec,1e9e41e3de8e991b1ee1c8a4cbd4604f8ab03398,持卡人消费,九食堂商务网关,-10.0,93.63,7769,正常
2016/03/04 11:46:42,17a17edd6199555bb781deb855268c72b2f4d8ec,1e9e41e3de8e991b1ee1c8a4cbd4604f8ab03398,持卡人消费,九食堂商务网关,-1.9,91.73,7770,正常
2016/03/05 08:03:55,17a17edd6199555bb781deb855268c72b2f4d8ec,1e9e41e3de8e991b1ee1c8a4cbd4604f8ab03398,持卡人消费,九食堂商务网关,-3.5,88.23,7771,正常
2016/03/05 11:35:16,17a17edd6199555bb781deb855268c72b2f4d8ec,1e9e41e3de8e991b1ee1c8a4cbd4604f8ab03398,持卡人消费,四食堂商务网关,-5.0,83.23,7772,正常
2016/03/05 11:36:04,17a17edd6199555bb781deb855268c72b2f4d8ec,1e9e41e3de8e991b1ee1c8a4cbd4604f8ab03398,持卡人消费,四食堂商务网关,-2.0,81.23,7773,正常
2016/03/05 11:46:06,17a17edd6199555bb781deb855268c72b2f4d8ec,1e9e41e3de8e991b1ee1c8a4cbd4604f8ab03398,持卡人消费,四食堂商务网关,-2.0,79.23,7774,正常
2016/03/05 17:14:22,17a17edd6199555bb781deb855268c72b2f4d8ec,1e9e41e3de8e991b1ee1c8a4cbd4604f8ab03398,持卡人消费,九食堂商务网关,-13.0,66.23,7775,正常
2016/03/05 17:32:18,17a17edd6199555bb781deb855268c72b2f4d8ec,1e9e41e3de8e991b1ee1c8a4cbd4604f8ab03398,持卡人消费,九食堂商务网关,-9.0,57.23,7776,正常
2016/03/05 18:34:09,17a17edd6199555bb781deb855268c72b2f4d8ec,1e9e41e3de8e991b1ee1c8a4cbd4604f8ab03398,持卡人消费,二区水控,-1.94,55.29,7778,正常
2016/03/05 18:40:55,17a17edd6199555bb781deb855268c72b2f4d8ec,1e9e41e3de8e991b1ee1c8a4cbd4604f8ab03398,持卡人消费,B6,-3.0,52.29,7779,正常
2016/03/06 08:00:06,17a17edd6199555bb781deb855268c72b2f4d8ec,1e9e41e3de8e991b1ee1c8a4cbd4604f8ab03398,持卡人消费,九食堂商务网关,-2.6,49.69,7780,正常
2016/03/06 08:00:33,17a17edd6199555bb781deb855268c72b2f4d8ec,1e9e41e3de8e991b1ee1c8a4cbd4604f8ab03398,持卡人消费,九食堂商务网关,-0.5,49.19,7781,正常
2016/03/06 11:18:33,17a17edd6199555bb781deb855268c72b2f4d8ec,1e9e41e3de8e991b1ee1c8a4cbd4604f8ab03398,持卡人消费,九食堂商务网关,-8.0,41.19,7782,正常
2016/03/06 11:19:24,17a17edd6199555bb781deb855268c72b2f4d8ec,1e9e41e3de8e991b1ee1c8a4cbd4604f8ab03398,持卡人消费,九食堂商务网关,-10.0,31.19,7783,正常
2016/03/06 11:32:12,17a17edd6199555bb781deb855268c72b2f4d8ec,1e9e41e3de8e991b1ee1c8a4cbd4604f8ab03398,持卡人消费,九食堂商务网关,-1.8,29.39,7784,正常
2016/03/06 17:26:09,17a17edd6199555bb781deb855268c72b2f4d8ec,1e9e41e3de8e991b1ee1c8a4cbd4604f8ab03398,持卡人消费,九食堂商务网关,-9.0,20.39,7785,正常
2016/03/07 07:46:54,17a17edd6199555bb781deb855268c72b2f4d8ec,1e9e41e3de8e991b1ee1c8a4cbd4604f8ab03398,持卡人消费,九食堂商务网关,-2.4,17.99,7786,正常
2016/03/07 07:47:29,17a17edd6199555bb781deb855268c72b2f4d8ec,1e9e41e3de8e991b1ee1c8a4cbd4604f8ab03398,持卡人消费,九食堂商务网关,-1.1,16.89,7787,正常
2016/03/07 09:03:54,17a17edd6199555bb781deb855268c72b2f4d8ec,1e9e41e3de8e991b1ee1c8a4cbd4604f8ab03398,持卡人消费,游泳馆,-6.0,10.89,7788,正常
2016/03/07 11:28:26,17a17edd6199555bb781deb855268c72b2f4d8ec,1e9e41e3de8e991b1ee1c8a4cbd4604f8ab03398,存款,2区卡中心综合业务,100.0,110.89,7789,正常
2016/03/07 11:31:22,17a17edd6199555bb781deb855268c72b2f4d8ec,1e9e41e3de8e991b1ee1c8a4cbd4604f8ab03398,持卡人消费,九食堂商务网关,-10.0,100.89,7790,正常
2016/03/07 11:44:06,17a17edd6199555bb781deb855268c72b2f4d8ec,1e9e41e3de8e991b1ee1c8a4cbd4604f8ab03398,持卡人消费,九食堂商务网关,-2.1,98.79,7791,正常
2016/03/07 16:51:47,17a17edd6199555bb781deb855268c72b2f4d8ec,1e9e41e3de8e991b1ee1c8a4cbd4604f8ab03398,持卡人消费,四食堂商务网关,-6.0,92.79,7792,正常
2016/03/07 16:52:19,17a17edd6199555bb781deb855268c72b2f4d8ec,1e9e41e3de8e991b1ee1c8a4cbd4604f8ab03398,持卡人消费,四食堂商务网关,-2.0,90.79,7793,正常
2016/03/08 07:57:57,17a17edd6199555bb781deb855268c72b2f4d8ec,1e9e41e3de8e991b1ee1c8a4cbd4604f8ab03398,持卡人消费,九食堂商务网关,-2.4,88.39,7794,正常
2016/03/08 07:58:31,17a17edd6199555bb781deb855268c72b2f4d8ec,1e9e41e3de8e991b1ee1c8a4cbd4604f8ab03398,持卡人消费,九食堂商务网关,-0.5,87.89,7795,正常
2016/03/08 07:59:34,17a17edd6199555bb781deb855268c72b2f4d8ec,1e9e41e3de8e991b1ee1c8a4cbd4604f8ab03398,持卡人消费,九食堂商务网关,-1.0,86.89,7796,正常
2016/03/08 11:25:30,17a17edd6199555bb781deb855268c72b2f4d8ec,1e9e41e3de8e991b1ee1c8a4cbd4604f8ab03398,持卡人消费,九食堂商务网关,-10.0,76.89,7797,正常
2016/03/08 11:39:53,17a17edd6199555bb781deb855268c72b2f4d8ec,1e9e41e3de8e991b1ee1c8a4cbd4604f8ab03398,持卡人消费,九食堂商务网关,-1.8,75.09,7798,正常
2016/03/08 17:17:02,17a17edd6199555bb781deb855268c72b2f4d8ec,1e9e41e3de8e991b1ee1c8a4cbd4604f8ab03398,持卡人消费,九食堂商务网关,-9.0,66.09,7799,正常
2016/03/08 17:19:05,17a17edd6199555bb781deb855268c72b2f4d8ec,1e9e41e3de8e991b1ee1c8a4cbd4604f8ab03398,持卡人消费,九食堂商务网关,-4.0,62.09,7800,正常
2016/03/08 18:51:06,17a17edd6199555bb781deb855268c72b2f4d8ec,1e9e41e3de8e991b1ee1c8a4cbd4604f8ab03398,持卡人消费,二区水控,-0.03,62.06,7802,正常
2016/03/08 18:51:19,17a17edd6199555bb781deb855268c72b2f4d8ec,1e9e41e3de8e991b1ee1c8a4cbd4604f8ab03398,持卡人消费,二区水控,-0.02,62.04,7804,正常
2016/03/08 18:51:27,17a17edd6199555bb781deb855268c72b2f4d8ec,1e9e41e3de8e991b1ee1c8a4cbd4604f8ab03398,持卡人消费,二区水控,-0.02,62.02,7806,正常
2016/03/08 18:51:38,17a17edd6199555bb781deb855268c72b2f4d8ec,1e9e41e3de8e991b1ee1c8a4cbd4604f8ab03398,持卡人消费,二区水控,-0.02,62.00,7808,正常
2016/03/08 19:00:54,17a17edd6199555bb781deb855268c72b2f4d8ec,1e9e41e3de8e991b1ee1c8a4cbd4604f8ab03398,持卡人消费,二区水控,-1.73,60.27,7810,正常
2016/03/08 22:19:16,17a17edd6199555bb781deb855268c72b2f4d8ec,1e9e41e3de8e991b1ee1c8a4cbd4604f8ab03398,持卡人消费,学子便利店B06,-4.4,55.87,7811,正常
2016/03/09 07:50:15,17a17edd6199555bb781deb855268c72b2f4d8ec,1e9e41e3de8e991b1ee1c8a4cbd4604f8ab03398,持卡人消费,九食堂商务网关,-2.4,53.47,7812,正常
2016/03/09 07:50:53,17a17edd6199555bb781deb855268c72b2f4d8ec,1e9e41e3de8e991b1ee1c8a4cbd4604f8ab03398,持卡人消费,九食堂商务网关,-0.6,52.87,7813,正常
2016/03/09 07:51:13,17a17edd6199555bb781deb855268c72b2f4d8ec,1e9e41e3de8e991b1ee1c8a4cbd4604f8ab03398,持卡人消费,九食堂商务网关,-0.5,52.37,7814,正常
2016/03/09 11:51:28,17a17edd6199555bb781deb855268c72b2f4d8ec,1e9e41e3de8e991b1ee1c8a4cbd4604f8ab03398,持卡人消费,四食堂商务网关,-6.0,46.37,7815,正常
2016/03/09 11:52:48,17a17edd6199555bb781deb855268c72b2f4d8ec,1e9e41e3de8e991b1ee1c8a4cbd4604f8ab03398,持卡人消费,四食堂商务网关,-2.0,44.37,7816,正常
2016/03/09 12:02:54,17a17edd6199555bb781deb855268c72b2f4d8ec,1e9e41e3de8e991b1ee1c8a4cbd4604f8ab03398,持卡人消费,四食堂商务网关,-1.9,42.47,7817,正常
2016/03/09 17:11:45,17a17edd6199555bb781deb855268c72b2f4d8ec,1e9e41e3de8e991b1ee1c8a4cbd4604f8ab03398,持卡人消费,九食堂商务网关,-13.0,29.47,7818,正常
2016/03/09 17:26:56,17a17edd6199555bb781deb855268c72b2f4d8ec,1e9e41e3de8e991b1ee1c8a4cbd4604f8ab03398,持卡人消费,九食堂商务网关,-1.9,27.57,7819,正常
2016/03/10 07:50:25,17a17edd6199555bb781deb855268c72b2f4d8ec,1e9e41e3de8e991b1ee1c8a4cbd4604f8ab03398,持卡人消费,九食堂商务网关,-3.5,24.07,7820,正常
2016/03/10 09:08:01,17a17edd6199555bb781deb855268c72b2f4d8ec,1e9e41e3de8e991b1ee1c8a4cbd4604f8ab03398,持卡人消费,游泳馆,-6.0,18.07,7821,正常
2016/03/10 11:25:44,17a17edd6199555bb781deb855268c72b2f4d8ec,1e9e41e3de8e991b1ee1c8a4cbd4604f8ab03398,持卡人消费,九食堂商务网关,-10.0,8.07,7822,正常
2016/03/10 11:37:06,17a17edd6199555bb781deb855268c72b2f4d8ec,1e9e41e3de8e991b1ee1c8a4cbd4604f8ab03398,存款,2区卡中心综合业务,100.0,108.07,7823,正常
2016/03/10 11:38:13,17a17edd6199555bb781deb855268c72b2f4d8ec,1e9e41e3de8e991b1ee1c8a4cbd4604f8ab03398,持卡人消费,九食堂商务网关,-1.9,106.17,7824,正常
2016/03/10 13:35:22,17a17edd6199555bb781deb855268c72b2f4d8ec,1e9e41e3de8e991b1ee1c8a4cbd4604f8ab03398,持卡人消费,二区水控,-0.02,106.15,7826,正常
2016/03/10 13:46:27,17a17edd6199555bb781deb855268c72b2f4d8ec,1e9e41e3de8e991b1ee1c8a4cbd4604f8ab03398,持卡人消费,二区水控,-2.1,104.05,7828,正常
2016/03/10 17:17:19,17a17edd6199555bb781deb855268c72b2f4d8ec,1e9e41e3de8e991b1ee1c8a4cbd4604f8ab03398,持卡人消费,九食堂商务网关,-9.0,95.05,7829,正常
2016/03/11 07:24:31,17a17edd6199555bb781deb855268c72b2f4d8ec,1e9e41e3de8e991b1ee1c8a4cbd4604f8ab03398,持卡人消费,九食堂商务网关,-2.9,92.15,7830,正常
2016/03/11 11:18:44,17a17edd6199555bb781deb855268c72b2f4d8ec,1e9e41e3de8e991b1ee1c8a4cbd4604f8ab03398,持卡人消费,九食堂商务网关,-9.0,83.15,7831,正常
2016/03/11 11:31:00,17a17edd6199555bb781deb855268c72b2f4d8ec,1e9e41e3de8e991b1ee1c8a4cbd4604f8ab03398,持卡人消费,九食堂商务网关,-10.8,72.35,7832,正常
2016/03/11 17:09:14,17a17edd6199555bb781deb855268c72b2f4d8ec,1e9e41e3de8e991b1ee1c8a4cbd4604f8ab03398,持卡人消费,九食堂商务网关,-12.0,60.35,7833,正常
2016/03/12 08:06:44,17a17edd6199555bb781deb855268c72b2f4d8ec,1e9e41e3de8e991b1ee1c8a4cbd4604f8ab03398,持卡人消费,九食堂商务网关,-3.0,57.35,7834,正常
2016/03/12 08:07:00,17a17edd6199555bb781deb855268c72b2f4d8ec,1e9e41e3de8e991b1ee1c8a4cbd4604f8ab03398,持卡人消费,九食堂商务网关,-0.5,56.85,7835,正常
2016/03/12 11:12:55,17a17edd6199555bb781deb855268c72b2f4d8ec,1e9e41e3de8e991b1ee1c8a4cbd4604f8ab03398,持卡人消费,四食堂商务网关,-0.4,56.45,7836,正常
2016/03/12 11:13:09,17a17edd6199555bb781deb855268c72b2f4d8ec,1e9e41e3de8e991b1ee1c8a4cbd4604f8ab03398,持卡人消费,四食堂商务网关,-8.16,48.29,7837,正常
2016/03/12 11:30:33,17a17edd6199555bb781deb855268c72b2f4d8ec,1e9e41e3de8e991b1ee1c8a4cbd4604f8ab03398,持卡人消费,四食堂商务网关,-1.8,46.49,7838,正常
2016/03/12 17:06:17,17a17edd6199555bb781deb855268c72b2f4d8ec,1e9e41e3de8e991b1ee1c8a4cbd4604f8ab03398,持卡人消费,九食堂商务网关,-13.0,33.49,7839,正常
2016/03/12 19:59:33,17a17edd6199555bb781deb855268c72b2f4d8ec,1e9e41e3de8e991b1ee1c8a4cbd4604f8ab03398,持卡人消费,二区水控,-1.89,31.60,7841,正常
2016/03/12 20:06:54,17a17edd6199555bb781deb855268c72b2f4d8ec,1e9e41e3de8e991b1ee1c8a4cbd4604f8ab03398,持卡人消费,学子便利店B06,-3.2,28.40,7842,正常
2016/03/14 08:00:49,17a17edd6199555bb781deb855268c72b2f4d8ec,1e9e41e3de8e991b1ee1c8a4cbd4604f8ab03398,持卡人消费,九食堂商务网关,-1.8,102.60,7849,正常
2016/03/14 08:01:33,17a17edd6199555bb781deb855268c72b2f4d8ec,1e9e41e3de8e991b1ee1c8a4cbd4604f8ab03398,持卡人消费,九食堂商务网关,-0.4,102.20,7850,正常
2016/03/14 08:04:22,17a17edd6199555bb781deb855268c72b2f4d8ec,1e9e41e3de8e991b1ee1c8a4cbd4604f8ab03398,持卡人消费,九食堂商务网关,-0.4,101.80,7851,正常
2016/03/14 11:35:36,17a17edd6199555bb781deb855268c72b2f4d8ec,1e9e41e3de8e991b1ee1c8a4cbd4604f8ab03398,持卡人消费,四食堂商务网关,-5.0,96.80,7852,正常
2016/03/14 11:36:34,17a17edd6199555bb781deb855268c72b2f4d8ec,1e9e41e3de8e991b1ee1c8a4cbd4604f8ab03398,持卡人消费,四食堂商务网关,-2.0,94.80,7853,正常
2016/03/14 11:47:19,17a17edd6199555bb781deb855268c72b2f4d8ec,1e9e41e3de8e991b1ee1c8a4cbd4604f8ab03398,持卡人消费,四食堂商务网关,-1.9,92.90,7854,正常
2016/03/14 17:21:38,17a17edd6199555bb781deb855268c72b2f4d8ec,1e9e41e3de8e991b1ee1c8a4cbd4604f8ab03398,持卡人消费,九食堂商务网关,-11.0,81.90,7855,正常
2016/03/14 17:22:52,17a17edd6199555bb781deb855268c72b2f4d8ec,1e9e41e3de8e991b1ee1c8a4cbd4604f8ab03398,持卡人消费,九食堂商务网关,-0.8,81.10,7856,正常
2016/03/14 17:40:00,17a17edd6199555bb781deb855268c72b2f4d8ec,1e9e41e3de8e991b1ee1c8a4cbd4604f8ab03398,持卡人消费,九食堂商务网关,-8.0,73.10,7857,正常
2016/03/14 18:41:42,17a17edd6199555bb781deb855268c72b2f4d8ec,1e9e41e3de8e991b1ee1c8a4cbd4604f8ab03398,持卡人消费,二区水控,-2.1,71.00,7859,正常
2016/03/14 18:49:17,17a17edd6199555bb781deb855268c72b2f4d8ec,1e9e41e3de8e991b1ee1c8a4cbd4604f8ab03398,持卡人消费,B6,-3.0,68.00,7860,正常
2016/03/15 07:48:47,17a17edd6199555bb781deb855268c72b2f4d8ec,1e9e41e3de8e991b1ee1c8a4cbd4604f8ab03398,持卡人消费,九食堂商务网关,-2.4,65.60,7861,正常
2016/03/15 07:49:30,17a17edd6199555bb781deb855268c72b2f4d8ec,1e9e41e3de8e991b1ee1c8a4cbd4604f8ab03398,持卡人消费,九食堂商务网关,-1.0,64.60,7862,正常
2016/03/15 11:25:59,17a17edd6199555bb781deb855268c72b2f4d8ec,1e9e41e3de8e991b1ee1c8a4cbd4604f8ab03398,持卡人消费,九食堂商务网关,-10.0,54.60,7863,正常
2016/03/15 11:41:14,17a17edd6199555bb781deb855268c72b2f4d8ec,1e9e41e3de8e991b1ee1c8a4cbd4604f8ab03398,持卡人消费,九食堂商务网关,-2.1,52.50,7864,正常
2016/03/15 17:05:14,17a17edd6199555bb781deb855268c72b2f4d8ec,1e9e41e3de8e991b1ee1c8a4cbd4604f8ab03398,持卡人消费,九食堂商务网关,-2.0,50.50,7865,正常
2016/03/15 17:05:57,17a17edd6199555bb781deb855268c72b2f4d8ec,1e9e41e3de8e991b1ee1c8a4cbd4604f8ab03398,持卡人消费,九食堂商务网关,-2.0,48.50,7866,正常
2016/03/15 17:12:47,17a17edd6199555bb781deb855268c72b2f4d8ec,1e9e41e3de8e991b1ee1c8a4cbd4604f8ab03398,持卡人消费,九食堂商务网关,-1.7,46.80,7867,正常
2016/03/15 21:40:25,17a17edd6199555bb781deb855268c72b2f4d8ec,1e9e41e3de8e991b1ee1c8a4cbd4604f8ab03398,持卡人消费,学子便利店B06,-4.2,42.60,7868,正常
2016/03/16 07:57:49,17a17edd6199555bb781deb855268c72b2f4d8ec,1e9e41e3de8e991b1ee1c8a4cbd4604f8ab03398,持卡人消费,九食堂商务网关,-3.5,39.10,7869,正常
2016/03/16 11:55:37,17a17edd6199555bb781deb855268c72b2f4d8ec,1e9e41e3de8e991b1ee1c8a4cbd4604f8ab03398,持卡人消费,四食堂商务网关,-6.0,33.10,7870,正常
2016/03/16 11:57:08,17a17edd6199555bb781deb855268c72b2f4d8ec,1e9e41e3de8e991b1ee1c8a4cbd4604f8ab03398,持卡人消费,四食堂商务网关,-2.5,30.60,7871,正常
2016/03/16 17:16:20,17a17edd6199555bb781deb855268c72b2f4d8ec,1e9e41e3de8e991b1ee1c8a4cbd4604f8ab03398,持卡人消费,九食堂商务网关,-0.4,30.20,7872,正常
2016/03/16 17:17:48,17a17edd6199555bb781deb855268c72b2f4d8ec,1e9e41e3de8e991b1ee1c8a4cbd4604f8ab03398,持卡人消费,九食堂商务网关,-3.0,27.20,7873,正常
2016/03/16 17:18:26,17a17edd6199555bb781deb855268c72b2f4d8ec,1e9e41e3de8e991b1ee1c8a4cbd4604f8ab03398,持卡人消费,九食堂商务网关,-0.4,26.80,7874,正常
2016/03/16 17:20:04,17a17edd6199555bb781deb855268c72b2f4d8ec,1e9e41e3de8e991b1ee1c8a4cbd4604f8ab03398,持卡人消费,九食堂商务网关,-1.0,25.80,7875,正常
2016/03/16 17:31:58,17a17edd6199555bb781deb855268c72b2f4d8ec,1e9e41e3de8e991b1ee1c8a4cbd4604f8ab03398,持卡人消费,九食堂商务网关,-1.8,24.00,7876,正常
2016/03/16 19:07:56,17a17edd6199555bb781deb855268c72b2f4d8ec,1e9e41e3de8e991b1ee1c8a4cbd4604f8ab03398,持卡人消费,二区水控,-1.71,22.29,7878,正常
2016/03/16 22:01:55,17a17edd6199555bb781deb855268c72b2f4d8ec,1e9e41e3de8e991b1ee1c8a4cbd4604f8ab03398,持卡人消费,学子便利店B06,-4.0,18.29,7879,正常
2016/03/17 07:23:31,17a17edd6199555bb781deb855268c72b2f4d8ec,1e9e41e3de8e991b1ee1c8a4cbd4604f8ab03398,持卡人消费,九食堂商务网关,-2.9,15.39,7880,正常
2016/03/17 07:24:34,17a17edd6199555bb781deb855268c72b2f4d8ec,1e9e41e3de8e991b1ee1c8a4cbd4604f8ab03398,持卡人消费,九食堂商务网关,-1.0,14.39,7881,正常
2016/03/17 07:05:00,17a17edd6199555bb781deb855268c72b2f4d8ec,1e9e41e3de8e991b1ee1c8a4cbd4604f8ab03398,存款,现金充值机,100.0,114.39,7882,正常
2016/03/17 11:06:54,17a17edd6199555bb781deb855268c72b2f4d8ec,1e9e41e3de8e991b1ee1c8a4cbd4604f8ab03398,持卡人消费,九食堂商务网关,-10.0,104.39,7883,正常
2016/03/17 11:20:46,17a17edd6199555bb781deb855268c72b2f4d8ec,1e9e41e3de8e991b1ee1c8a4cbd4604f8ab03398,持卡人消费,九食堂商务网关,-1.7,102.69,7884,正常
2016/03/17 17:07:04,17a17edd6199555bb781deb855268c72b2f4d8ec,1e9e41e3de8e991b1ee1c8a4cbd4604f8ab03398,持卡人消费,九食堂商务网关,-1.9,100.79,7885,正常
2016/03/17 17:07:51,17a17edd6199555bb781deb855268c72b2f4d8ec,1e9e41e3de8e991b1ee1c8a4cbd4604f8ab03398,持卡人消费,九食堂商务网关,-2.0,98.79,7886,正常
2016/03/17 17:16:39,17a17edd6199555bb781deb855268c72b2f4d8ec,1e9e41e3de8e991b1ee1c8a4cbd4604f8ab03398,持卡人消费,九食堂商务网关,-1.8,96.99,7887,正常
2016/03/18 07:20:37,17a17edd6199555bb781deb855268c72b2f4d8ec,1e9e41e3de8e991b1ee1c8a4cbd4604f8ab03398,持卡人消费,九食堂商务网关,-3.5,93.49,7888,正常
2016/03/18 07:25:42,17a17edd6199555bb781deb855268c72b2f4d8ec,1e9e41e3de8e991b1ee1c8a4cbd4604f8ab03398,持卡人消费,九食堂商务网关,-2.0,91.49,7889,正常
2016/03/18 10:07:58,17a17edd6199555bb781deb855268c72b2f4d8ec,1e9e41e3de8e991b1ee1c8a4cbd4604f8ab03398,持卡人消费,身份前置机,-0.06,91.43,7890,正常
2016/03/18 11:32:16,17a17edd6199555bb781deb855268c72b2f4d8ec,1e9e41e3de8e991b1ee1c8a4cbd4604f8ab03398,持卡人消费,九食堂商务网关,-10.0,81.43,7891,正常
2016/03/18 11:46:03,17a17edd6199555bb781deb855268c72b2f4d8ec,1e9e41e3de8e991b1ee1c8a4cbd4604f8ab03398,持卡人消费,九食堂商务网关,-1.9,79.53,7892,正常
2016/03/18 14:27:49,17a17edd6199555bb781deb855268c72b2f4d8ec,1e9e41e3de8e991b1ee1c8a4cbd4604f8ab03398,持卡人消费,游泳馆,-6.0,73.53,7893,正常
2016/03/19 07:55:40,17a17edd6199555bb781deb855268c72b2f4d8ec,1e9e41e3de8e991b1ee1c8a4cbd4604f8ab03398,持卡人消费,九食堂商务网关,-2.4,71.13,7894,正常
2016/03/19 07:55:51,17a17edd6199555bb781deb855268c72b2f4d8ec,1e9e41e3de8e991b1ee1c8a4cbd4604f8ab03398,持卡人消费,九食堂商务网关,-0.5,70.63,7895,正常
2016/03/19 07:56:47,17a17edd6199555bb781deb855268c72b2f4d8ec,1e9e41e3de8e991b1ee1c8a4cbd4604f8ab03398,持卡人消费,九食堂商务网关,-0.6,70.03,7896,正常
2016/03/19 11:46:12,17a17edd6199555bb781deb855268c72b2f4d8ec,1e9e41e3de8e991b1ee1c8a4cbd4604f8ab03398,持卡人消费,五食堂商务网关,-16.0,54.03,7897,正常
2016/03/19 11:59:45,17a17edd6199555bb781deb855268c72b2f4d8ec,1e9e41e3de8e991b1ee1c8a4cbd4604f8ab03398,持卡人消费,五食堂商务网关,-1.9,52.13,7898,正常
2016/03/19 16:43:34,17a17edd6199555bb781deb855268c72b2f4d8ec,1e9e41e3de8e991b1ee1c8a4cbd4604f8ab03398,持卡人消费,学子便利店B06,-4.0,48.13,7899,正常
2016/03/19 17:05:40,17a17edd6199555bb781deb855268c72b2f4d8ec,1e9e41e3de8e991b1ee1c8a4cbd4604f8ab03398,持卡人消费,二区水控,-1.73,46.40,7901,正常
2016/03/19 18:20:03,17a17edd6199555bb781deb855268c72b2f4d8ec,1e9e41e3de8e991b1ee1c8a4cbd4604f8ab03398,持卡人消费,四食堂商务网关,-9.0,37.40,7902,正常
2016/03/19 18:21:34,17a17edd6199555bb781deb855268c72b2f4d8ec,1e9e41e3de8e991b1ee1c8a4cbd4604f8ab03398,持卡人消费,四食堂商务网关,-4.0,33.40,7903,正常
2016/03/19 18:38:36,17a17edd6199555bb781deb855268c72b2f4d8ec,1e9e41e3de8e991b1ee1c8a4cbd4604f8ab03398,持卡人消费,学子便利店B06,-5.5,27.90,7904,正常
2016/03/19 21:53:43,17a17edd6199555bb781deb855268c72b2f4d8ec,1e9e41e3de8e991b1ee1c8a4cbd4604f8ab03398,持卡人消费,学子便利店B06,-3.2,24.70,7905,正常
2016/03/20 08:01:43,17a17edd6199555bb781deb855268c72b2f4d8ec,1e9e41e3de8e991b1ee1c8a4cbd4604f8ab03398,持卡人消费,九食堂商务网关,-3.0,21.70,7906,正常
2016/03/20 11:09:12,17a17edd6199555bb781deb855268c72b2f4d8ec,1e9e41e3de8e991b1ee1c8a4cbd4604f8ab03398,持卡人消费,九食堂商务网关,-10.0,11.70,7907,正常
2016/03/20 11:24:08,17a17edd6199555bb781deb855268c72b2f4d8ec,1e9e41e3de8e991b1ee1c8a4cbd4604f8ab03398,持卡人消费,九食堂商务网关,-2.1,9.60,7908,正常
2016/03/20 11:25:20,17a17edd6199555bb781deb855268c72b2f4d8ec,1e9e41e3de8e991b1ee1c8a4cbd4604f8ab03398,存款,2区卡中心综合业务,100.0,109.60,7909,正常
2016/03/21 08:01:12,17a17edd6199555bb781deb855268c72b2f4d8ec,1e9e41e3de8e991b1ee1c8a4cbd4604f8ab03398,持卡人消费,九食堂商务网关,-4.5,105.10,7910,正常
2016/03/21 11:16:38,17a17edd6199555bb781deb855268c72b2f4d8ec,1e9e41e3de8e991b1ee1c8a4cbd4604f8ab03398,持卡人消费,九食堂商务网关,-10.0,95.10,7911,正常
2016/03/21 11:26:20,17a17edd6199555bb781deb855268c72b2f4d8ec,1e9e41e3de8e991b1ee1c8a4cbd4604f8ab03398,持卡人消费,九食堂商务网关,-2.1,93.00,7912,正常
2016/03/21 15:18:35,17a17edd6199555bb781deb855268c72b2f4d8ec,1e9e41e3de8e991b1ee1c8a4cbd4604f8ab03398,持卡人消费,学子便利店B06,-3.2,89.80,7913,正常
2016/03/21 17:11:11,17a17edd6199555bb781deb855268c72b2f4d8ec,1e9e41e3de8e991b1ee1c8a4cbd4604f8ab03398,持卡人消费,九食堂商务网关,-2.5,87.30,7914,正常
2016/03/21 17:11:16,17a17edd6199555bb781deb855268c72b2f4d8ec,1e9e41e3de8e991b1ee1c8a4cbd4604f8ab03398,持卡人消费,九食堂商务网关,-0.4,86.90,7915,正常
2016/03/21 17:12:17,17a17edd6199555bb781deb855268c72b2f4d8ec,1e9e41e3de8e991b1ee1c8a4cbd4604f8ab03398,持卡人消费,九食堂商务网关,-2.0,84.90,7916,正常
2016/03/21 17:21:19,17a17edd6199555bb781deb855268c72b2f4d8ec,1e9e41e3de8e991b1ee1c8a4cbd4604f8ab03398,持卡人消费,九食堂商务网关,-2.1,82.80,7917,正常
2016/03/21 19:17:44,17a17edd6199555bb781deb855268c72b2f4d8ec,1e9e41e3de8e991b1ee1c8a4cbd4604f8ab03398,持卡人消费,二区水控,-1.68,81.12,7919,正常
2016/03/21 19:24:27,17a17edd6199555bb781deb855268c72b2f4d8ec,1e9e41e3de8e991b1ee1c8a4cbd4604f8ab03398,持卡人消费,B6,-3.0,78.12,7920,正常
2016/03/22 08:02:37,17a17edd6199555bb781deb855268c72b2f4d8ec,1e9e41e3de8e991b1ee1c8a4cbd4604f8ab03398,持卡人消费,九食堂商务网关,-4.5,73.62,7921,正常
2016/03/22 08:03:36,17a17edd6199555bb781deb855268c72b2f4d8ec,1e9e41e3de8e991b1ee1c8a4cbd4604f8ab03398,持卡人消费,九食堂商务网关,-0.5,73.12,7922,正常
2016/03/22 11:21:44,17a17edd6199555bb781deb855268c72b2f4d8ec,1e9e41e3de8e991b1ee1c8a4cbd4604f8ab03398,持卡人消费,九食堂商务网关,-8.0,65.12,7923,正常
2016/03/22 11:34:13,17a17edd6199555bb781deb855268c72b2f4d8ec,1e9e41e3de8e991b1ee1c8a4cbd4604f8ab03398,持卡人消费,九食堂商务网关,-1.8,63.32,7924,正常
2016/03/22 17:02:41,17a17edd6199555bb781deb855268c72b2f4d8ec,1e9e41e3de8e991b1ee1c8a4cbd4604f8ab03398,持卡人消费,九食堂商务网关,-14.0,49.32,7925,正常
2016/03/22 17:15:30,17a17edd6199555bb781deb855268c72b2f4d8ec,1e9e41e3de8e991b1ee1c8a4cbd4604f8ab03398,持卡人消费,九食堂商务网关,-2.0,47.32,7926,正常
2016/03/22 18:45:45,17a17edd6199555bb781deb855268c72b2f4d8ec,1e9e41e3de8e991b1ee1c8a4cbd4604f8ab03398,持卡人消费,二区水控,-1.63,45.69,7928,正常
2016/03/23 07:46:02,17a17edd6199555bb781deb855268c72b2f4d8ec,1e9e41e3de8e991b1ee1c8a4cbd4604f8ab03398,持卡人消费,九食堂商务网关,-2.4,43.29,7929,正常
2016/03/23 07:46:56,17a17edd6199555bb781deb855268c72b2f4d8ec,1e9e41e3de8e991b1ee1c8a4cbd4604f8ab03398,持卡人消费,九食堂商务网关,-2.0,41.29,7930,正常
2016/03/23 11:18:38,17a17edd6199555bb781deb855268c72b2f4d8ec,1e9e41e3de8e991b1ee1c8a4cbd4604f8ab03398,持卡人消费,五食堂商务网关,-6.0,35.29,7931,正常
2016/03/23 11:20:26,17a17edd6199555bb781deb855268c72b2f4d8ec,1e9e41e3de8e991b1ee1c8a4cbd4604f8ab03398,持卡人消费,五食堂商务网关,-2.0,33.29,7932,正常
2016/03/23 11:33:13,17a17edd6199555bb781deb855268c72b2f4d8ec,1e9e41e3de8e991b1ee1c8a4cbd4604f8ab03398,持卡人消费,五食堂商务网关,-1.8,31.49,7933,正常
2016/03/23 16:27:00,17a17edd6199555bb781deb855268c72b2f4d8ec,1e9e41e3de8e991b1ee1c8a4cbd4604f8ab03398,持卡人消费,学子便利店B06,-2.5,28.99,7934,正常
2016/03/23 17:04:56,17a17edd6199555bb781deb855268c72b2f4d8ec,1e9e41e3de8e991b1ee1c8a4cbd4604f8ab03398,持卡人消费,九食堂商务网关,-2.0,26.99,7935,正常
2016/03/23 17:05:02,17a17edd6199555bb781deb855268c72b2f4d8ec,1e9e41e3de8e991b1ee1c8a4cbd4604f8ab03398,持卡人消费,九食堂商务网关,-0.4,26.59,7936,正常
2016/03/23 17:06:36,17a17edd6199555bb781deb855268c72b2f4d8ec,1e9e41e3de8e991b1ee1c8a4cbd4604f8ab03398,持卡人消费,九食堂商务网关,-1.5,25.09,7937,正常
2016/03/23 17:07:40,17a17edd6199555bb781deb855268c72b2f4d8ec,1e9e41e3de8e991b1ee1c8a4cbd4604f8ab03398,持卡人消费,九食堂商务网关,-2.0,23.09,7938,正常
2016/03/23 17:18:00,17a17edd6199555bb781deb855268c72b2f4d8ec,1e9e41e3de8e991b1ee1c8a4cbd4604f8ab03398,持卡人消费,九食堂商务网关,-2.1,20.99,7939,正常
2016/03/23 18:56:57,17a17edd6199555bb781deb855268c72b2f4d8ec,1e9e41e3de8e991b1ee1c8a4cbd4604f8ab03398,持卡人消费,二区水控,-1.79,19.20,7941,正常
2016/03/23 21:58:52,17a17edd6199555bb781deb855268c72b2f4d8ec,1e9e41e3de8e991b1ee1c8a4cbd4604f8ab03398,持卡人消费,学子便利店B06,-2.5,16.70,7942,正常
2016/03/24 07:52:47,17a17edd6199555bb781deb855268c72b2f4d8ec,1e9e41e3de8e991b1ee1c8a4cbd4604f8ab03398,持卡人消费,九食堂商务网关,-4.5,12.20,7943,正常
2016/03/24 10:42:40,17a17edd6199555bb781deb855268c72b2f4d8ec,1e9e41e3de8e991b1ee1c8a4cbd4604f8ab03398,存款,现金充值机,100.0,112.20,7944,正常
2016/03/24 11:09:39,17a17edd6199555bb781deb855268c72b2f4d8ec,1e9e41e3de8e991b1ee1c8a4cbd4604f8ab03398,持卡人消费,九食堂商务网关,-12.0,100.20,7945,正常
2016/03/24 11:23:17,17a17edd6199555bb781deb855268c72b2f4d8ec,1e9e41e3de8e991b1ee1c8a4cbd4604f8ab03398,持卡人消费,九食堂商务网关,-1.9,98.30,7946,正常
2016/03/24 17:10:24,17a17edd6199555bb781deb855268c72b2f4d8ec,1e9e41e3de8e991b1ee1c8a4cbd4604f8ab03398,持卡人消费,九食堂商务网关,-2.0,96.30,7947,正常
2016/03/24 17:11:18,17a17edd6199555bb781deb855268c72b2f4d8ec,1e9e41e3de8e991b1ee1c8a4cbd4604f8ab03398,持卡人消费,九食堂商务网关,-2.5,93.80,7948,正常
2016/03/24 17:11:22,17a17edd6199555bb781deb855268c72b2f4d8ec,1e9e41e3de8e991b1ee1c8a4cbd4604f8ab03398,持卡人消费,九食堂商务网关,-0.4,93.40,7949,正常
2016/03/24 17:12:01,17a17edd6199555bb781deb855268c72b2f4d8ec,1e9e41e3de8e991b1ee1c8a4cbd4604f8ab03398,持卡人消费,九食堂商务网关,-0.5,92.90,7950,正常
2016/03/24 17:20:47,17a17edd6199555bb781deb855268c72b2f4d8ec,1e9e41e3de8e991b1ee1c8a4cbd4604f8ab03398,持卡人消费,九食堂商务网关,-2.8,90.10,7951,正常
2016/03/25 07:57:45,17a17edd6199555bb781deb855268c72b2f4d8ec,1e9e41e3de8e991b1ee1c8a4cbd4604f8ab03398,持卡人消费,九食堂商务网关,-3.0,87.10,7952,正常
2016/03/25 11:43:41,17a17edd6199555bb781deb855268c72b2f4d8ec,1e9e41e3de8e991b1ee1c8a4cbd4604f8ab03398,持卡人消费,九食堂商务网关,-11.0,76.10,7953,正常
2016/03/25 11:52:56,17a17edd6199555bb781deb855268c72b2f4d8ec,1e9e41e3de8e991b1ee1c8a4cbd4604f8ab03398,持卡人消费,九食堂商务网关,-2.7,73.40,7954,正常
2016/03/25 14:25:42,17a17edd6199555bb781deb855268c72b2f4d8ec,1e9e41e3de8e991b1ee1c8a4cbd4604f8ab03398,持卡人消费,游泳馆,-6.0,67.40,7955,正常
2016/03/25 17:09:21,17a17edd6199555bb781deb855268c72b2f4d8ec,1e9e41e3de8e991b1ee1c8a4cbd4604f8ab03398,持卡人消费,九食堂商务网关,-2.0,65.40,7956,正常
2016/03/25 17:12:27,17a17edd6199555bb781deb855268c72b2f4d8ec,1e9e41e3de8e991b1ee1c8a4cbd4604f8ab03398,持卡人消费,九食堂商务网关,-5.0,60.40,7957,正常
2016/03/25 17:15:10,17a17edd6199555bb781deb855268c72b2f4d8ec,1e9e41e3de8e991b1ee1c8a4cbd4604f8ab03398,持卡人消费,九食堂商务网关,-0.4,60.00,7958,正常
2016/03/25 17:26:00,17a17edd6199555bb781deb855268c72b2f4d8ec,1e9e41e3de8e991b1ee1c8a4cbd4604f8ab03398,持卡人消费,九食堂商务网关,-8.0,52.00,7959,正常
2016/03/26 07:54:10,17a17edd6199555bb781deb855268c72b2f4d8ec,1e9e41e3de8e991b1ee1c8a4cbd4604f8ab03398,持卡人消费,九食堂商务网关,-3.1,48.90,7960,正常
2016/03/26 07:54:54,17a17edd6199555bb781deb855268c72b2f4d8ec,1e9e41e3de8e991b1ee1c8a4cbd4604f8ab03398,持卡人消费,九食堂商务网关,-1.0,47.90,7961,正常
2016/03/26 11:46:31,17a17edd6199555bb781deb855268c72b2f4d8ec,1e9e41e3de8e991b1ee1c8a4cbd4604f8ab03398,持卡人消费,四食堂商务网关,-5.0,42.90,7962,正常
2016/03/26 11:47:28,17a17edd6199555bb781deb855268c72b2f4d8ec,1e9e41e3de8e991b1ee1c8a4cbd4604f8ab03398,持卡人消费,四食堂商务网关,-2.0,40.90,7963,正常
2016/03/27 07:44:55,17a17edd6199555bb781deb855268c72b2f4d8ec,1e9e41e3de8e991b1ee1c8a4cbd4604f8ab03398,持卡人消费,九食堂商务网关,-4.0,36.90,7964,正常
2016/03/27 07:47:55,17a17edd6199555bb781deb855268c72b2f4d8ec,1e9e41e3de8e991b1ee1c8a4cbd4604f8ab03398,持卡人消费,九食堂商务网关,-0.5,36.40,7965,正常
2016/03/27 11:19:10,17a17edd6199555bb781deb855268c72b2f4d8ec,1e9e41e3de8e991b1ee1c8a4cbd4604f8ab03398,持卡人消费,九食堂商务网关,-4.0,32.40,7966,正常
2016/03/27 11:24:58,17a17edd6199555bb781deb855268c72b2f4d8ec,1e9e41e3de8e991b1ee1c8a4cbd4604f8ab03398,持卡人消费,九食堂商务网关,-1.2,31.20,7967,正常
2016/03/27 11:25:01,17a17edd6199555bb781deb855268c72b2f4d8ec,1e9e41e3de8e991b1ee1c8a4cbd4604f8ab03398,持卡人消费,九食堂商务网关,-0.7,30.50,7968,正常
2016/03/27 17:17:28,17a17edd6199555bb781deb855268c72b2f4d8ec,1e9e41e3de8e991b1ee1c8a4cbd4604f8ab03398,持卡人消费,九食堂商务网关,-0.4,30.10,7969,正常
2016/03/27 17:18:02,17a17edd6199555bb781deb855268c72b2f4d8ec,1e9e41e3de8e991b1ee1c8a4cbd4604f8ab03398,持卡人消费,九食堂商务网关,-3.5,26.60,7970,正常
2016/03/27 17:19:53,17a17edd6199555bb781deb855268c72b2f4d8ec,1e9e41e3de8e991b1ee1c8a4cbd4604f8ab03398,持卡人消费,九食堂商务网关,-3.0,23.60,7971,正常
2016/03/27 17:34:18,17a17edd6199555bb781deb855268c72b2f4d8ec,1e9e41e3de8e991b1ee1c8a4cbd4604f8ab03398,持卡人消费,九食堂商务网关,-2.5,21.10,7972,正常
2016/03/27 18:13:22,17a17edd6199555bb781deb855268c72b2f4d8ec,1e9e41e3de8e991b1ee1c8a4cbd4604f8ab03398,持卡人消费,二区水控,-1.42,19.68,7974,正常
2016/03/27 18:13:49,17a17edd6199555bb781deb855268c72b2f4d8ec,1e9e41e3de8e991b1ee1c8a4cbd4604f8ab03398,持卡人消费,二区水控,-0.06,19.62,7976,正常
2016/03/27 18:19:23,17a17edd6199555bb781deb855268c72b2f4d8ec,1e9e41e3de8e991b1ee1c8a4cbd4604f8ab03398,持卡人消费,B6,-3.0,16.62,7977,正常
2016/03/28 07:48:25,17a17edd6199555bb781deb855268c72b2f4d8ec,1e9e41e3de8e991b1ee1c8a4cbd4604f8ab03398,持卡人消费,九食堂商务网关,-3.1,13.52,7978,正常
2016/03/28 10:48:20,17a17edd6199555bb781deb855268c72b2f4d8ec,1e9e41e3de8e991b1ee1c8a4cbd4604f8ab03398,存款,现金充值机,100.0,113.52,7979,正常
2016/03/28 11:15:10,17a17edd6199555bb781deb855268c72b2f4d8ec,1e9e41e3de8e991b1ee1c8a4cbd4604f8ab03398,持卡人消费,九食堂商务网关,-10.0,103.52,7980,正常
2016/03/28 11:27:38,17a17edd6199555bb781deb855268c72b2f4d8ec,1e9e41e3de8e991b1ee1c8a4cbd4604f8ab03398,持卡人消费,九食堂商务网关,-1.6,101.92,7981,正常
2016/03/28 17:10:28,17a17edd6199555bb781deb855268c72b2f4d8ec,1e9e41e3de8e991b1ee1c8a4cbd4604f8ab03398,持卡人消费,九食堂商务网关,-9.0,92.92,7982,正常
2016/03/28 17:21:10,17a17edd6199555bb781deb855268c72b2f4d8ec,1e9e41e3de8e991b1ee1c8a4cbd4604f8ab03398,持卡人消费,九食堂商务网关,-1.9,91.02,7983,正常
2016/03/29 08:00:53,17a17edd6199555bb781deb855268c72b2f4d8ec,1e9e41e3de8e991b1ee1c8a4cbd4604f8ab03398,持卡人消费,九食堂商务网关,-2.6,88.42,7984,正常
2016/03/29 11:14:11,17a17edd6199555bb781deb855268c72b2f4d8ec,1e9e41e3de8e991b1ee1c8a4cbd4604f8ab03398,持卡人消费,九食堂商务网关,-11.0,77.42,7985,正常
2016/03/29 11:28:32,17a17edd6199555bb781deb855268c72b2f4d8ec,1e9e41e3de8e991b1ee1c8a4cbd4604f8ab03398,持卡人消费,九食堂商务网关,-3.9,73.52,7986,正常
2016/03/29 17:49:40,17a17edd6199555bb781deb855268c72b2f4d8ec,1e9e41e3de8e991b1ee1c8a4cbd4604f8ab03398,持卡人消费,九食堂商务网关,-0.4,73.12,7987,正常
2016/03/29 17:51:19,17a17edd6199555bb781deb855268c72b2f4d8ec,1e9e41e3de8e991b1ee1c8a4cbd4604f8ab03398,持卡人消费,九食堂商务网关,-3.0,70.12,7988,正常
2016/03/29 17:52:13,17a17edd6199555bb781deb855268c72b2f4d8ec,1e9e41e3de8e991b1ee1c8a4cbd4604f8ab03398,持卡人消费,九食堂商务网关,-5.0,65.12,7989,正常
2016/03/29 17:57:43,17a17edd6199555bb781deb855268c72b2f4d8ec,1e9e41e3de8e991b1ee1c8a4cbd4604f8ab03398,持卡人消费,九食堂商务网关,-0.4,64.72,7990,正常
2016/03/29 18:35:28,17a17edd6199555bb781deb855268c72b2f4d8ec,1e9e41e3de8e991b1ee1c8a4cbd4604f8ab03398,持卡人消费,二区水控,-2.1,62.62,7992,正常
2016/03/30 07:59:05,17a17edd6199555bb781deb855268c72b2f4d8ec,1e9e41e3de8e991b1ee1c8a4cbd4604f8ab03398,持卡人消费,九食堂商务网关,-2.5,60.12,7993,正常
2016/03/30 07:59:38,17a17edd6199555bb781deb855268c72b2f4d8ec,1e9e41e3de8e991b1ee1c8a4cbd4604f8ab03398,持卡人消费,九食堂商务网关,-0.6,59.52,7994,正常
2016/03/30 11:07:48,17a17edd6199555bb781deb855268c72b2f4d8ec,1e9e41e3de8e991b1ee1c8a4cbd4604f8ab03398,持卡人消费,九食堂商务网关,-6.0,53.52,7995,正常
2016/03/30 11:07:51,17a17edd6199555bb781deb855268c72b2f4d8ec,1e9e41e3de8e991b1ee1c8a4cbd4604f8ab03398,持卡人消费,九食堂商务网关,-3.0,50.52,7996,正常
2016/03/30 11:22:28,17a17edd6199555bb781deb855268c72b2f4d8ec,1e9e41e3de8e991b1ee1c8a4cbd4604f8ab03398,持卡人消费,九食堂商务网关,-2.1,48.42,7997,正常
2016/03/30 17:35:42,17a17edd6199555bb781deb855268c72b2f4d8ec,1e9e41e3de8e991b1ee1c8a4cbd4604f8ab03398,持卡人消费,九食堂商务网关,-0.4,48.02,7998,正常
2016/03/30 17:37:23,17a17edd6199555bb781deb855268c72b2f4d8ec,1e9e41e3de8e991b1ee1c8a4cbd4604f8ab03398,持卡人消费,九食堂商务网关,-2.0,46.02,7999,正常
2016/03/30 17:37:57,17a17edd6199555bb781deb855268c72b2f4d8ec,1e9e41e3de8e991b1ee1c8a4cbd4604f8ab03398,持卡人消费,九食堂商务网关,-1.0,45.02,8000,正常
2016/03/30 17:38:27,17a17edd6199555bb781deb855268c72b2f4d8ec,1e9e41e3de8e991b1ee1c8a4cbd4604f8ab03398,持卡人消费,九食堂商务网关,-2.0,43.02,8001,正常
2016/03/31 08:59:03,17a17edd6199555bb781deb855268c72b2f4d8ec,1e9e41e3de8e991b1ee1c8a4cbd4604f8ab03398,持卡人消费,学子便利店B06,-3.5,39.52,8002,正常
2016/03/31 11:17:50,17a17edd6199555bb781deb855268c72b2f4d8ec,1e9e41e3de8e991b1ee1c8a4cbd4604f8ab03398,持卡人消费,九食堂商务网关,-10.0,29.52,8003,正常
2016/03/31 11:30:49,17a17edd6199555bb781deb855268c72b2f4d8ec,1e9e41e3de8e991b1ee1c8a4cbd4604f8ab03398,持卡人消费,九食堂商务网关,-2.0,27.52,8004,正常
2016/03/31 17:30:56,17a17edd6199555bb781deb855268c72b2f4d8ec,1e9e41e3de8e991b1ee1c8a4cbd4604f8ab03398,持卡人消费,九食堂商务网关,-0.4,27.12,8005,正常
2016/03/31 17:31:59,17a17edd6199555bb781deb855268c72b2f4d8ec,1e9e41e3de8e991b1ee1c8a4cbd4604f8ab03398,持卡人消费,九食堂商务网关,-0.5,26.62,8006,正常
2016/03/31 17:33:13,17a17edd6199555bb781deb855268c72b2f4d8ec,1e9e41e3de8e991b1ee1c8a4cbd4604f8ab03398,持卡人消费,九食堂商务网关,-1.5,25.12,8007,正常
2016/03/31 17:38:53,17a17edd6199555bb781deb855268c72b2f4d8ec,1e9e41e3de8e991b1ee1c8a4cbd4604f8ab03398,持卡人消费,九食堂商务网关,-1.9,23.22,8008,正常
2016/03/31 19:03:18,17a17edd6199555bb781deb855268c72b2f4d8ec,1e9e41e3de8e991b1ee1c8a4cbd4604f8ab03398,持卡人消费,二区水控,-0.03,23.19,8010,正常
2016/03/31 19:13:39,17a17edd6199555bb781deb855268c72b2f4d8ec,1e9e41e3de8e991b1ee1c8a4cbd4604f8ab03398,持卡人消费,二区水控,-1.97,21.22,8012,正常
