交易发生时间,学号,姓名,交易类型,子系统名称,交易额,现有余额,次数,状态
2016/03/01 17:09:08,d210470ca73446b6aad4f14bca74c2c2f8aa2014,1ea8b305be373a34f74aa8b60cb42e360cb6344a,持卡人消费,学苑楼商务网关,-8.0,33.69,3149,正常
2016/03/01 19:46:35,d210470ca73446b6aad4f14bca74c2c2f8aa2014,1ea8b305be373a34f74aa8b60cb42e360cb6344a,持卡人消费,一校区水控新,-2.0,31.69,3150,正常
2016/03/01 19:48:52,d210470ca73446b6aad4f14bca74c2c2f8aa2014,1ea8b305be373a34f74aa8b60cb42e360cb6344a,持卡人消费,一校区水控新,-0.43,31.26,3152,正常
2016/03/03 11:11:26,d210470ca73446b6aad4f14bca74c2c2f8aa2014,1ea8b305be373a34f74aa8b60cb42e360cb6344a,持卡人消费,学士楼商务网关,-3.6,27.66,3153,正常
2016/03/03 18:24:08,d210470ca73446b6aad4f14bca74c2c2f8aa2014,1ea8b305be373a34f74aa8b60cb42e360cb6344a,持卡人消费,硕果园（工大商店）,-12.0,15.66,3154,正常
2016/03/04 09:29:07,d210470ca73446b6aad4f14bca74c2c2f8aa2014,1ea8b305be373a34f74aa8b60cb42e360cb6344a,银行转帐,转账前置机,50.0,15.66,3154,正常
2016/03/04 11:08:36,d210470ca73446b6aad4f14bca74c2c2f8aa2014,1ea8b305be373a34f74aa8b60cb42e360cb6344a,持卡人消费,学士楼商务网关,-4.1,61.56,3156,正常
2016/03/05 20:51:37,d210470ca73446b6aad4f14bca74c2c2f8aa2014,1ea8b305be373a34f74aa8b60cb42e360cb6344a,持卡人消费,一校区水控新,-2.0,59.56,3157,正常
2016/03/05 20:55:52,d210470ca73446b6aad4f14bca74c2c2f8aa2014,1ea8b305be373a34f74aa8b60cb42e360cb6344a,持卡人消费,一校区水控新,-0.8,58.76,3159,正常
2016/03/06 11:55:59,d210470ca73446b6aad4f14bca74c2c2f8aa2014,1ea8b305be373a34f74aa8b60cb42e360cb6344a,持卡人消费,学士楼商务网关,-8.0,50.76,3160,正常
2016/03/06 11:57:44,d210470ca73446b6aad4f14bca74c2c2f8aa2014,1ea8b305be373a34f74aa8b60cb42e360cb6344a,持卡人消费,学士楼商务网关,-3.8,46.96,3161,正常
2016/03/06 11:58:00,d210470ca73446b6aad4f14bca74c2c2f8aa2014,1ea8b305be373a34f74aa8b60cb42e360cb6344a,持卡人消费,学士楼商务网关,-0.6,46.36,3162,正常
2016/03/06 18:10:34,d210470ca73446b6aad4f14bca74c2c2f8aa2014,1ea8b305be373a34f74aa8b60cb42e360cb6344a,持卡人消费,学士楼商务网关,-7.0,39.36,3163,正常
2016/03/06 18:10:39,d210470ca73446b6aad4f14bca74c2c2f8aa2014,1ea8b305be373a34f74aa8b60cb42e360cb6344a,持卡人消费,学士楼商务网关,-7.0,32.36,3164,正常
2016/03/06 20:13:56,d210470ca73446b6aad4f14bca74c2c2f8aa2014,1ea8b305be373a34f74aa8b60cb42e360cb6344a,持卡人消费,15公寓浴池,-1.63,30.73,3166,正常
2016/03/06 20:14:41,d210470ca73446b6aad4f14bca74c2c2f8aa2014,1ea8b305be373a34f74aa8b60cb42e360cb6344a,持卡人消费,15公寓浴池,-0.11,30.62,3168,正常
2016/03/06 20:18:49,d210470ca73446b6aad4f14bca74c2c2f8aa2014,1ea8b305be373a34f74aa8b60cb42e360cb6344a,持卡人消费,15公寓浴池,-0.66,29.96,3170,正常
2016/03/07 11:15:48,d210470ca73446b6aad4f14bca74c2c2f8aa2014,1ea8b305be373a34f74aa8b60cb42e360cb6344a,持卡人消费,学士楼商务网关,-7.0,22.96,3171,正常
2016/03/07 11:32:33,d210470ca73446b6aad4f14bca74c2c2f8aa2014,1ea8b305be373a34f74aa8b60cb42e360cb6344a,持卡人消费,超市商务子系统,-3.1,19.86,3172,正常
2016/03/07 11:44:09,d210470ca73446b6aad4f14bca74c2c2f8aa2014,1ea8b305be373a34f74aa8b60cb42e360cb6344a,银行转帐,转账前置机,50.0,19.86,3172,正常
2016/03/07 16:29:42,d210470ca73446b6aad4f14bca74c2c2f8aa2014,1ea8b305be373a34f74aa8b60cb42e360cb6344a,持卡人消费,一校区水控新,-2.0,17.86,3173,正常
2016/03/07 16:33:38,d210470ca73446b6aad4f14bca74c2c2f8aa2014,1ea8b305be373a34f74aa8b60cb42e360cb6344a,持卡人消费,一校区水控新,-0.74,17.12,3175,正常
2016/03/07 18:05:32,d210470ca73446b6aad4f14bca74c2c2f8aa2014,1ea8b305be373a34f74aa8b60cb42e360cb6344a,持卡人消费,硕果园（工大商店）,-8.0,59.12,3177,正常
2016/03/07 20:18:21,d210470ca73446b6aad4f14bca74c2c2f8aa2014,1ea8b305be373a34f74aa8b60cb42e360cb6344a,持卡人消费,学士楼商务网关,-7.0,52.12,3178,正常
2016/03/07 23:12:16,d210470ca73446b6aad4f14bca74c2c2f8aa2014,1ea8b305be373a34f74aa8b60cb42e360cb6344a,持卡人消费,A2,-6.0,46.12,3179,正常
2016/03/08 11:07:59,d210470ca73446b6aad4f14bca74c2c2f8aa2014,1ea8b305be373a34f74aa8b60cb42e360cb6344a,持卡人消费,学苑楼商务网关,-9.0,37.12,3180,正常
2016/03/08 11:11:38,d210470ca73446b6aad4f14bca74c2c2f8aa2014,1ea8b305be373a34f74aa8b60cb42e360cb6344a,持卡人消费,学苑楼商务网关,-1.5,35.62,3181,正常
2016/03/08 18:12:11,d210470ca73446b6aad4f14bca74c2c2f8aa2014,1ea8b305be373a34f74aa8b60cb42e360cb6344a,持卡人消费,硕果园（工大商店）,-10.0,25.62,3182,正常
2016/03/08 18:35:36,d210470ca73446b6aad4f14bca74c2c2f8aa2014,1ea8b305be373a34f74aa8b60cb42e360cb6344a,持卡人消费,超市商务子系统,-0.7,24.92,3183,正常
2016/03/09 13:21:57,d210470ca73446b6aad4f14bca74c2c2f8aa2014,1ea8b305be373a34f74aa8b60cb42e360cb6344a,持卡人消费,硕果园（工大商店）,-12.0,12.92,3184,正常
2016/03/09 13:22:37,d210470ca73446b6aad4f14bca74c2c2f8aa2014,1ea8b305be373a34f74aa8b60cb42e360cb6344a,持卡人消费,硕果园（工大商店）,-3.5,9.42,3185,正常
2016/03/09 13:29:59,d210470ca73446b6aad4f14bca74c2c2f8aa2014,1ea8b305be373a34f74aa8b60cb42e360cb6344a,银行转帐,转账前置机,50.0,9.42,3185,正常
2016/03/09 19:01:19,d210470ca73446b6aad4f14bca74c2c2f8aa2014,1ea8b305be373a34f74aa8b60cb42e360cb6344a,持卡人消费,学士楼商务网关,-7.0,52.42,3187,正常
2016/03/11 10:40:35,d210470ca73446b6aad4f14bca74c2c2f8aa2014,1ea8b305be373a34f74aa8b60cb42e360cb6344a,持卡人消费,学苑楼商务网关,-7.0,45.42,3188,正常
2016/03/11 10:41:04,d210470ca73446b6aad4f14bca74c2c2f8aa2014,1ea8b305be373a34f74aa8b60cb42e360cb6344a,持卡人消费,学苑楼商务网关,-9.0,36.42,3189,正常
2016/03/12 11:04:31,d210470ca73446b6aad4f14bca74c2c2f8aa2014,1ea8b305be373a34f74aa8b60cb42e360cb6344a,持卡人消费,学士楼商务网关,-7.0,29.42,3190,正常
2016/03/12 17:10:23,d210470ca73446b6aad4f14bca74c2c2f8aa2014,1ea8b305be373a34f74aa8b60cb42e360cb6344a,持卡人消费,学子楼商务网关,-6.4,23.02,3191,正常
2016/03/12 20:37:44,d210470ca73446b6aad4f14bca74c2c2f8aa2014,1ea8b305be373a34f74aa8b60cb42e360cb6344a,持卡人消费,一校区水控新,-2.0,21.02,3192,正常
2016/03/12 20:48:27,d210470ca73446b6aad4f14bca74c2c2f8aa2014,1ea8b305be373a34f74aa8b60cb42e360cb6344a,持卡人消费,一校区水控新,-2.0,19.02,3193,正常
2016/03/12 20:55:37,d210470ca73446b6aad4f14bca74c2c2f8aa2014,1ea8b305be373a34f74aa8b60cb42e360cb6344a,银行转帐,转账前置机,50.0,19.02,3193,正常
2016/03/12 20:49:39,d210470ca73446b6aad4f14bca74c2c2f8aa2014,1ea8b305be373a34f74aa8b60cb42e360cb6344a,持卡人消费,一校区水控新,-0.19,18.83,3194,正常
2016/03/14 11:17:24,d210470ca73446b6aad4f14bca74c2c2f8aa2014,1ea8b305be373a34f74aa8b60cb42e360cb6344a,持卡人消费,学士楼商务网关,-7.0,61.83,3196,正常
2016/03/14 17:26:19,d210470ca73446b6aad4f14bca74c2c2f8aa2014,1ea8b305be373a34f74aa8b60cb42e360cb6344a,持卡人消费,学子楼商务网关,-9.6,52.23,3197,正常
2016/03/14 19:53:46,d210470ca73446b6aad4f14bca74c2c2f8aa2014,1ea8b305be373a34f74aa8b60cb42e360cb6344a,持卡人消费,一校区水控新,-2.0,50.23,3198,正常
2016/03/14 19:56:31,d210470ca73446b6aad4f14bca74c2c2f8aa2014,1ea8b305be373a34f74aa8b60cb42e360cb6344a,持卡人消费,一校区水控新,-0.51,49.72,3200,正常
2016/03/15 11:49:07,d210470ca73446b6aad4f14bca74c2c2f8aa2014,1ea8b305be373a34f74aa8b60cb42e360cb6344a,持卡人消费,学士楼商务网关,-4.6,45.12,3201,正常
2016/03/16 10:16:53,d210470ca73446b6aad4f14bca74c2c2f8aa2014,1ea8b305be373a34f74aa8b60cb42e360cb6344a,持卡人消费,硕果园（工大商店）,-10.0,35.12,3202,正常
2016/03/17 13:18:44,d210470ca73446b6aad4f14bca74c2c2f8aa2014,1ea8b305be373a34f74aa8b60cb42e360cb6344a,持卡人消费,一校区水控新,-0.11,35.01,3204,正常
2016/03/17 13:18:54,d210470ca73446b6aad4f14bca74c2c2f8aa2014,1ea8b305be373a34f74aa8b60cb42e360cb6344a,持卡人消费,一校区水控新,-0.02,34.99,3206,正常
2016/03/17 13:19:06,d210470ca73446b6aad4f14bca74c2c2f8aa2014,1ea8b305be373a34f74aa8b60cb42e360cb6344a,持卡人消费,一校区水控新,-0.02,34.97,3208,正常
2016/03/17 13:19:16,d210470ca73446b6aad4f14bca74c2c2f8aa2014,1ea8b305be373a34f74aa8b60cb42e360cb6344a,持卡人消费,一校区水控新,-0.01,34.96,3209,正常
2016/03/17 13:29:43,d210470ca73446b6aad4f14bca74c2c2f8aa2014,1ea8b305be373a34f74aa8b60cb42e360cb6344a,持卡人消费,一校区水控新,-2.0,32.96,3210,正常
2016/03/17 13:32:44,d210470ca73446b6aad4f14bca74c2c2f8aa2014,1ea8b305be373a34f74aa8b60cb42e360cb6344a,持卡人消费,一校区水控新,-0.54,32.42,3212,正常
2016/03/18 10:56:41,d210470ca73446b6aad4f14bca74c2c2f8aa2014,1ea8b305be373a34f74aa8b60cb42e360cb6344a,持卡人消费,学士楼商务网关,-4.1,28.32,3213,正常
2016/03/20 11:49:53,d210470ca73446b6aad4f14bca74c2c2f8aa2014,1ea8b305be373a34f74aa8b60cb42e360cb6344a,持卡人消费,学子楼商务网关,-7.2,21.12,3214,正常
2016/03/20 20:29:43,d210470ca73446b6aad4f14bca74c2c2f8aa2014,1ea8b305be373a34f74aa8b60cb42e360cb6344a,持卡人消费,一校区水控新,-2.0,19.12,3215,正常
2016/03/20 20:34:12,d210470ca73446b6aad4f14bca74c2c2f8aa2014,1ea8b305be373a34f74aa8b60cb42e360cb6344a,银行转帐,转账前置机,50.0,19.12,3215,正常
2016/03/20 20:31:47,d210470ca73446b6aad4f14bca74c2c2f8aa2014,1ea8b305be373a34f74aa8b60cb42e360cb6344a,持卡人消费,一校区水控新,-0.38,18.74,3217,正常
2016/03/22 10:40:27,d210470ca73446b6aad4f14bca74c2c2f8aa2014,1ea8b305be373a34f74aa8b60cb42e360cb6344a,持卡人消费,学士楼商务网关,-7.0,61.74,3219,正常
2016/03/23 18:28:46,d210470ca73446b6aad4f14bca74c2c2f8aa2014,1ea8b305be373a34f74aa8b60cb42e360cb6344a,持卡人消费,硕果园（工大商店）,-14.4,47.34,3220,正常
2016/03/23 18:30:25,d210470ca73446b6aad4f14bca74c2c2f8aa2014,1ea8b305be373a34f74aa8b60cb42e360cb6344a,持卡人消费,硕果园（工大商店）,-9.0,38.34,3221,正常
2016/03/23 19:56:56,d210470ca73446b6aad4f14bca74c2c2f8aa2014,1ea8b305be373a34f74aa8b60cb42e360cb6344a,持卡人消费,一校区水控新,-2.0,36.34,3222,正常
2016/03/23 19:57:46,d210470ca73446b6aad4f14bca74c2c2f8aa2014,1ea8b305be373a34f74aa8b60cb42e360cb6344a,持卡人消费,一校区水控新,-0.14,36.20,3224,正常
2016/03/24 11:49:53,d210470ca73446b6aad4f14bca74c2c2f8aa2014,1ea8b305be373a34f74aa8b60cb42e360cb6344a,持卡人消费,学士楼商务网关,-5.0,31.20,3225,正常
2016/03/24 17:12:28,d210470ca73446b6aad4f14bca74c2c2f8aa2014,1ea8b305be373a34f74aa8b60cb42e360cb6344a,持卡人消费,硕果园（工大商店）,-15.0,16.20,3226,正常
2016/03/24 17:18:00,d210470ca73446b6aad4f14bca74c2c2f8aa2014,1ea8b305be373a34f74aa8b60cb42e360cb6344a,银行转帐,转账前置机,50.0,16.20,3226,正常
2016/03/24 17:19:23,d210470ca73446b6aad4f14bca74c2c2f8aa2014,1ea8b305be373a34f74aa8b60cb42e360cb6344a,持卡人消费,硕果园（工大商店）,-9.5,56.70,3228,正常
2016/03/25 13:51:02,d210470ca73446b6aad4f14bca74c2c2f8aa2014,1ea8b305be373a34f74aa8b60cb42e360cb6344a,持卡人消费,一校区水控新,-1.86,54.84,3230,正常
2016/03/25 18:10:01,d210470ca73446b6aad4f14bca74c2c2f8aa2014,1ea8b305be373a34f74aa8b60cb42e360cb6344a,持卡人消费,硕果园（工大商店）,-10.0,44.84,3231,正常
2016/03/26 13:37:53,d210470ca73446b6aad4f14bca74c2c2f8aa2014,1ea8b305be373a34f74aa8b60cb42e360cb6344a,持卡人消费,超市商务子系统,-2.9,41.94,3232,正常
2016/03/26 19:54:53,d210470ca73446b6aad4f14bca74c2c2f8aa2014,1ea8b305be373a34f74aa8b60cb42e360cb6344a,持卡人消费,15公寓浴池,-0.27,41.67,3234,正常
2016/03/26 19:57:54,d210470ca73446b6aad4f14bca74c2c2f8aa2014,1ea8b305be373a34f74aa8b60cb42e360cb6344a,持卡人消费,15公寓浴池,-0.11,41.56,3236,正常
2016/03/26 20:02:11,d210470ca73446b6aad4f14bca74c2c2f8aa2014,1ea8b305be373a34f74aa8b60cb42e360cb6344a,持卡人消费,15公寓浴池,-0.24,41.32,3238,正常
2016/03/26 20:13:56,d210470ca73446b6aad4f14bca74c2c2f8aa2014,1ea8b305be373a34f74aa8b60cb42e360cb6344a,持卡人消费,15公寓浴池,-1.66,39.66,3240,正常
2016/03/27 12:44:15,d210470ca73446b6aad4f14bca74c2c2f8aa2014,1ea8b305be373a34f74aa8b60cb42e360cb6344a,持卡人消费,硕果园（工大商店）,-10.0,29.66,3241,正常
2016/03/28 16:38:44,d210470ca73446b6aad4f14bca74c2c2f8aa2014,1ea8b305be373a34f74aa8b60cb42e360cb6344a,持卡人消费,硕果园（工大商店）,-10.0,19.66,3242,正常
2016/03/28 16:44:58,d210470ca73446b6aad4f14bca74c2c2f8aa2014,1ea8b305be373a34f74aa8b60cb42e360cb6344a,银行转帐,转账前置机,50.0,19.66,3242,正常
2016/03/28 16:42:43,d210470ca73446b6aad4f14bca74c2c2f8aa2014,1ea8b305be373a34f74aa8b60cb42e360cb6344a,持卡人消费,硕果园（工大商店）,-6.0,63.66,3244,正常
2016/03/28 17:46:13,d210470ca73446b6aad4f14bca74c2c2f8aa2014,1ea8b305be373a34f74aa8b60cb42e360cb6344a,持卡人消费,学士楼商务网关,-1.0,62.66,3245,正常
2016/03/28 17:47:20,d210470ca73446b6aad4f14bca74c2c2f8aa2014,1ea8b305be373a34f74aa8b60cb42e360cb6344a,持卡人消费,学士楼商务网关,-5.0,57.66,3246,正常
2016/03/30 12:03:18,d210470ca73446b6aad4f14bca74c2c2f8aa2014,1ea8b305be373a34f74aa8b60cb42e360cb6344a,持卡人消费,硕果园（工大商店）,-14.0,43.66,3247,正常
2016/03/30 17:19:08,d210470ca73446b6aad4f14bca74c2c2f8aa2014,1ea8b305be373a34f74aa8b60cb42e360cb6344a,持卡人消费,硕果园（工大商店）,-16.8,26.86,3248,正常
2016/03/31 19:10:39,d210470ca73446b6aad4f14bca74c2c2f8aa2014,1ea8b305be373a34f74aa8b60cb42e360cb6344a,持卡人消费,硕果园（工大商店）,-12.0,14.86,3249,正常
2016/03/31 19:15:28,d210470ca73446b6aad4f14bca74c2c2f8aa2014,1ea8b305be373a34f74aa8b60cb42e360cb6344a,银行转帐,转账前置机,50.0,14.86,3249,正常
