交易发生时间,学号,姓名,交易类型,子系统名称,交易额,现有余额,次数,状态
2016/03/10 08:32:36,7fa529da424ca7894304b5d92e93014185e13fee,1eda1ed6d43c73d4cbe7b554b0bae4e1ff678035,存款,现金充值机,100.0,159.95,2133,正常
2016/03/10 08:40:03,7fa529da424ca7894304b5d92e93014185e13fee,1eda1ed6d43c73d4cbe7b554b0bae4e1ff678035,持卡人消费,网络中心,-50.0,109.95,2134,正常
2016/03/10 10:40:08,7fa529da424ca7894304b5d92e93014185e13fee,1eda1ed6d43c73d4cbe7b554b0bae4e1ff678035,持卡人消费,学子便利店B07,-8.8,101.15,2135,正常
2016/03/10 20:56:12,7fa529da424ca7894304b5d92e93014185e13fee,1eda1ed6d43c73d4cbe7b554b0bae4e1ff678035,持卡人消费,学子便利店B07,-9.7,91.45,2136,正常
2016/03/11 12:44:13,7fa529da424ca7894304b5d92e93014185e13fee,1eda1ed6d43c73d4cbe7b554b0bae4e1ff678035,持卡人消费,B7,-6.0,85.45,2137,正常
2016/03/11 17:35:09,7fa529da424ca7894304b5d92e93014185e13fee,1eda1ed6d43c73d4cbe7b554b0bae4e1ff678035,持卡人消费,二区水控,-2.19,83.26,2139,正常
2016/03/11 17:39:48,7fa529da424ca7894304b5d92e93014185e13fee,1eda1ed6d43c73d4cbe7b554b0bae4e1ff678035,持卡人消费,二区水控,-0.69,82.57,2141,正常
2016/03/12 18:07:16,7fa529da424ca7894304b5d92e93014185e13fee,1eda1ed6d43c73d4cbe7b554b0bae4e1ff678035,持卡人消费,学子便利店B07,-11.2,71.37,2142,正常
2016/03/14 18:40:12,7fa529da424ca7894304b5d92e93014185e13fee,1eda1ed6d43c73d4cbe7b554b0bae4e1ff678035,持卡人消费,学子便利店B07,-4.0,67.37,2143,正常
2016/03/15 19:01:20,7fa529da424ca7894304b5d92e93014185e13fee,1eda1ed6d43c73d4cbe7b554b0bae4e1ff678035,持卡人消费,二区水控,-2.54,64.83,2145,正常
2016/03/16 08:34:41,7fa529da424ca7894304b5d92e93014185e13fee,1eda1ed6d43c73d4cbe7b554b0bae4e1ff678035,持卡人消费,学子便利店B07,-2.2,62.63,2146,正常
2016/03/16 09:31:29,7fa529da424ca7894304b5d92e93014185e13fee,1eda1ed6d43c73d4cbe7b554b0bae4e1ff678035,持卡人消费,学子便利店B07,-9.7,52.93,2147,正常
2016/03/16 12:46:04,7fa529da424ca7894304b5d92e93014185e13fee,1eda1ed6d43c73d4cbe7b554b0bae4e1ff678035,持卡人消费,学子便利店B07,-3.0,49.93,2148,正常
2016/03/17 21:31:12,7fa529da424ca7894304b5d92e93014185e13fee,1eda1ed6d43c73d4cbe7b554b0bae4e1ff678035,持卡人消费,学子便利店B07,-7.0,42.93,2149,正常
2016/03/21 09:09:27,7fa529da424ca7894304b5d92e93014185e13fee,1eda1ed6d43c73d4cbe7b554b0bae4e1ff678035,持卡人消费,学子便利店B07,-4.0,38.93,2150,正常
2016/03/21 22:16:40,7fa529da424ca7894304b5d92e93014185e13fee,1eda1ed6d43c73d4cbe7b554b0bae4e1ff678035,持卡人消费,学子便利店B07,-4.0,34.93,2151,正常
2016/03/23 11:49:41,7fa529da424ca7894304b5d92e93014185e13fee,1eda1ed6d43c73d4cbe7b554b0bae4e1ff678035,持卡人消费,学子便利店B07,-14.5,20.43,2152,正常
2016/03/24 11:52:15,7fa529da424ca7894304b5d92e93014185e13fee,1eda1ed6d43c73d4cbe7b554b0bae4e1ff678035,持卡人消费,学子便利店B07,-7.9,12.53,2153,正常
2016/03/24 16:40:08,7fa529da424ca7894304b5d92e93014185e13fee,1eda1ed6d43c73d4cbe7b554b0bae4e1ff678035,持卡人消费,B7,-3.0,9.53,2154,正常
2016/03/24 16:45:32,7fa529da424ca7894304b5d92e93014185e13fee,1eda1ed6d43c73d4cbe7b554b0bae4e1ff678035,持卡人消费,学子便利店B07,-1.6,7.93,2155,正常
2016/03/26 17:25:22,7fa529da424ca7894304b5d92e93014185e13fee,1eda1ed6d43c73d4cbe7b554b0bae4e1ff678035,持卡人消费,学子便利店B07,-2.8,5.13,2156,正常
2016/03/29 22:10:04,7fa529da424ca7894304b5d92e93014185e13fee,1eda1ed6d43c73d4cbe7b554b0bae4e1ff678035,持卡人消费,学子便利店B07,-0.7,4.43,2157,正常
2016/03/30 11:12:25,7fa529da424ca7894304b5d92e93014185e13fee,1eda1ed6d43c73d4cbe7b554b0bae4e1ff678035,持卡人消费,学子便利店B07,-0.2,4.23,2158,正常
2016/03/30 17:12:06,7fa529da424ca7894304b5d92e93014185e13fee,1eda1ed6d43c73d4cbe7b554b0bae4e1ff678035,存款,2区卡中心综合业务,50.0,54.23,2159,正常
2016/03/30 17:13:28,7fa529da424ca7894304b5d92e93014185e13fee,1eda1ed6d43c73d4cbe7b554b0bae4e1ff678035,持卡人消费,九食堂商务网关,-5.5,48.73,2160,正常
2016/03/30 17:14:15,7fa529da424ca7894304b5d92e93014185e13fee,1eda1ed6d43c73d4cbe7b554b0bae4e1ff678035,持卡人消费,九食堂商务网关,-2.0,46.73,2161,正常
2016/03/30 17:14:48,7fa529da424ca7894304b5d92e93014185e13fee,1eda1ed6d43c73d4cbe7b554b0bae4e1ff678035,持卡人消费,九食堂商务网关,-2.0,44.73,2162,正常
2016/03/30 17:15:20,7fa529da424ca7894304b5d92e93014185e13fee,1eda1ed6d43c73d4cbe7b554b0bae4e1ff678035,持卡人消费,九食堂商务网关,-3.0,41.73,2163,正常
2016/03/31 19:19:27,7fa529da424ca7894304b5d92e93014185e13fee,1eda1ed6d43c73d4cbe7b554b0bae4e1ff678035,持卡人消费,学子便利店B07,-12.4,29.33,2164,正常
