交易发生时间,学号,姓名,交易类型,子系统名称,交易额,现有余额,次数,状态
2016/03/01 10:51:21,33d8c4f04f2bdc397b8e7eda8a2a076d7f1f4100,1ee3919cae27089e938e15e7b97d75f59f8d8b5e,持卡人消费,学苑楼商务网关,-7.0,222.88,3782,正常
2016/03/01 16:00:24,33d8c4f04f2bdc397b8e7eda8a2a076d7f1f4100,1ee3919cae27089e938e15e7b97d75f59f8d8b5e,持卡人消费,超市商务子系统,-9.9,212.98,3783,正常
2016/03/01 16:04:43,33d8c4f04f2bdc397b8e7eda8a2a076d7f1f4100,1ee3919cae27089e938e15e7b97d75f59f8d8b5e,持卡人消费,超市商务子系统,-4.5,208.48,3784,正常
2016/03/01 16:10:14,33d8c4f04f2bdc397b8e7eda8a2a076d7f1f4100,1ee3919cae27089e938e15e7b97d75f59f8d8b5e,持卡人消费,超市商务子系统,-9.8,198.68,3785,正常
2016/03/01 17:02:53,33d8c4f04f2bdc397b8e7eda8a2a076d7f1f4100,1ee3919cae27089e938e15e7b97d75f59f8d8b5e,持卡人消费,超市商务子系统,-1.9,196.78,3786,正常
2016/03/01 17:05:40,33d8c4f04f2bdc397b8e7eda8a2a076d7f1f4100,1ee3919cae27089e938e15e7b97d75f59f8d8b5e,持卡人消费,学苑楼商务网关,-8.0,188.78,3787,正常
2016/03/02 16:33:51,33d8c4f04f2bdc397b8e7eda8a2a076d7f1f4100,1ee3919cae27089e938e15e7b97d75f59f8d8b5e,持卡人消费,一校区水控新,-2.0,186.78,3788,正常
2016/03/02 16:44:18,33d8c4f04f2bdc397b8e7eda8a2a076d7f1f4100,1ee3919cae27089e938e15e7b97d75f59f8d8b5e,持卡人消费,一校区水控新,-2.0,184.78,3789,正常
2016/03/02 16:46:47,33d8c4f04f2bdc397b8e7eda8a2a076d7f1f4100,1ee3919cae27089e938e15e7b97d75f59f8d8b5e,持卡人消费,一校区水控新,-0.46,184.32,3791,正常
2016/03/03 09:43:30,33d8c4f04f2bdc397b8e7eda8a2a076d7f1f4100,1ee3919cae27089e938e15e7b97d75f59f8d8b5e,持卡人消费,A7,-6.0,178.32,3792,正常
2016/03/03 10:50:22,33d8c4f04f2bdc397b8e7eda8a2a076d7f1f4100,1ee3919cae27089e938e15e7b97d75f59f8d8b5e,持卡人消费,学士楼商务网关,-10.0,168.32,3793,正常
2016/03/03 17:06:34,33d8c4f04f2bdc397b8e7eda8a2a076d7f1f4100,1ee3919cae27089e938e15e7b97d75f59f8d8b5e,持卡人消费,学士楼商务网关,-1.9,166.42,3794,正常
2016/03/03 17:07:30,33d8c4f04f2bdc397b8e7eda8a2a076d7f1f4100,1ee3919cae27089e938e15e7b97d75f59f8d8b5e,持卡人消费,学士楼商务网关,-3.0,163.42,3795,正常
2016/03/03 17:23:38,33d8c4f04f2bdc397b8e7eda8a2a076d7f1f4100,1ee3919cae27089e938e15e7b97d75f59f8d8b5e,持卡人消费,超市商务子系统,-11.4,152.02,3796,正常
2016/03/03 17:25:19,33d8c4f04f2bdc397b8e7eda8a2a076d7f1f4100,1ee3919cae27089e938e15e7b97d75f59f8d8b5e,持卡人消费,超市商务子系统,-5.0,147.02,3797,正常
2016/03/04 11:19:42,33d8c4f04f2bdc397b8e7eda8a2a076d7f1f4100,1ee3919cae27089e938e15e7b97d75f59f8d8b5e,持卡人消费,学士楼商务网关,-2.9,144.12,3798,正常
2016/03/04 11:21:00,33d8c4f04f2bdc397b8e7eda8a2a076d7f1f4100,1ee3919cae27089e938e15e7b97d75f59f8d8b5e,持卡人消费,学士楼商务网关,-1.0,143.12,3799,正常
2016/03/04 17:24:16,33d8c4f04f2bdc397b8e7eda8a2a076d7f1f4100,1ee3919cae27089e938e15e7b97d75f59f8d8b5e,持卡人消费,学士楼商务网关,-2.9,140.22,3800,正常
2016/03/04 17:26:11,33d8c4f04f2bdc397b8e7eda8a2a076d7f1f4100,1ee3919cae27089e938e15e7b97d75f59f8d8b5e,持卡人消费,学士楼商务网关,-2.1,138.12,3801,正常
2016/03/04 21:29:46,33d8c4f04f2bdc397b8e7eda8a2a076d7f1f4100,1ee3919cae27089e938e15e7b97d75f59f8d8b5e,持卡人消费,网络中心,-30.0,108.12,3802,正常
2016/03/05 16:48:49,33d8c4f04f2bdc397b8e7eda8a2a076d7f1f4100,1ee3919cae27089e938e15e7b97d75f59f8d8b5e,持卡人消费,学士楼商务网关,-1.9,106.22,3803,正常
2016/03/05 16:49:49,33d8c4f04f2bdc397b8e7eda8a2a076d7f1f4100,1ee3919cae27089e938e15e7b97d75f59f8d8b5e,持卡人消费,学士楼商务网关,-2.0,104.22,3804,正常
2016/03/06 13:59:45,33d8c4f04f2bdc397b8e7eda8a2a076d7f1f4100,1ee3919cae27089e938e15e7b97d75f59f8d8b5e,持卡人消费,一校区水控新,-2.0,102.22,3805,正常
2016/03/06 14:06:46,33d8c4f04f2bdc397b8e7eda8a2a076d7f1f4100,1ee3919cae27089e938e15e7b97d75f59f8d8b5e,持卡人消费,一校区水控新,-1.34,100.88,3807,正常
2016/03/06 14:08:47,33d8c4f04f2bdc397b8e7eda8a2a076d7f1f4100,1ee3919cae27089e938e15e7b97d75f59f8d8b5e,持卡人消费,一校区水控新,-0.37,100.51,3809,正常
2016/03/06 16:53:34,33d8c4f04f2bdc397b8e7eda8a2a076d7f1f4100,1ee3919cae27089e938e15e7b97d75f59f8d8b5e,存款,现金充值机,300.0,400.51,3810,正常
2016/03/06 17:10:05,33d8c4f04f2bdc397b8e7eda8a2a076d7f1f4100,1ee3919cae27089e938e15e7b97d75f59f8d8b5e,持卡人消费,学苑楼商务网关,-8.8,391.71,3811,正常
2016/03/06 17:28:00,33d8c4f04f2bdc397b8e7eda8a2a076d7f1f4100,1ee3919cae27089e938e15e7b97d75f59f8d8b5e,持卡人消费,超市商务子系统,-11.5,380.21,3812,正常
2016/03/06 17:29:52,33d8c4f04f2bdc397b8e7eda8a2a076d7f1f4100,1ee3919cae27089e938e15e7b97d75f59f8d8b5e,持卡人消费,超市商务子系统,-2.5,377.71,3813,正常
2016/03/07 17:01:17,33d8c4f04f2bdc397b8e7eda8a2a076d7f1f4100,1ee3919cae27089e938e15e7b97d75f59f8d8b5e,持卡人消费,学士楼商务网关,-3.1,374.61,3814,正常
2016/03/07 17:02:06,33d8c4f04f2bdc397b8e7eda8a2a076d7f1f4100,1ee3919cae27089e938e15e7b97d75f59f8d8b5e,持卡人消费,学士楼商务网关,-4.0,370.61,3815,正常
2016/03/08 07:18:00,33d8c4f04f2bdc397b8e7eda8a2a076d7f1f4100,1ee3919cae27089e938e15e7b97d75f59f8d8b5e,持卡人消费,学士楼商务网关,-2.0,368.61,3816,正常
2016/03/08 07:18:27,33d8c4f04f2bdc397b8e7eda8a2a076d7f1f4100,1ee3919cae27089e938e15e7b97d75f59f8d8b5e,持卡人消费,学士楼商务网关,-0.6,368.01,3817,正常
2016/03/08 07:18:32,33d8c4f04f2bdc397b8e7eda8a2a076d7f1f4100,1ee3919cae27089e938e15e7b97d75f59f8d8b5e,持卡人消费,学士楼商务网关,-1.0,367.01,3818,正常
2016/03/08 11:11:14,33d8c4f04f2bdc397b8e7eda8a2a076d7f1f4100,1ee3919cae27089e938e15e7b97d75f59f8d8b5e,持卡人消费,学士楼商务网关,-1.4,365.61,3819,正常
2016/03/08 11:11:44,33d8c4f04f2bdc397b8e7eda8a2a076d7f1f4100,1ee3919cae27089e938e15e7b97d75f59f8d8b5e,持卡人消费,学士楼商务网关,-0.6,365.01,3820,正常
2016/03/08 11:12:37,33d8c4f04f2bdc397b8e7eda8a2a076d7f1f4100,1ee3919cae27089e938e15e7b97d75f59f8d8b5e,持卡人消费,学士楼商务网关,-3.0,362.01,3821,正常
2016/03/08 17:01:22,33d8c4f04f2bdc397b8e7eda8a2a076d7f1f4100,1ee3919cae27089e938e15e7b97d75f59f8d8b5e,持卡人消费,学士楼商务网关,-3.0,359.01,3822,正常
2016/03/08 17:01:25,33d8c4f04f2bdc397b8e7eda8a2a076d7f1f4100,1ee3919cae27089e938e15e7b97d75f59f8d8b5e,持卡人消费,学士楼商务网关,-0.6,358.41,3823,正常
2016/03/08 17:02:04,33d8c4f04f2bdc397b8e7eda8a2a076d7f1f4100,1ee3919cae27089e938e15e7b97d75f59f8d8b5e,持卡人消费,学士楼商务网关,-0.6,357.81,3824,正常
2016/03/08 17:03:13,33d8c4f04f2bdc397b8e7eda8a2a076d7f1f4100,1ee3919cae27089e938e15e7b97d75f59f8d8b5e,持卡人消费,学士楼商务网关,-5.06,352.75,3825,正常
2016/03/09 11:09:19,33d8c4f04f2bdc397b8e7eda8a2a076d7f1f4100,1ee3919cae27089e938e15e7b97d75f59f8d8b5e,持卡人消费,学士楼商务网关,-3.1,349.65,3826,正常
2016/03/09 11:12:07,33d8c4f04f2bdc397b8e7eda8a2a076d7f1f4100,1ee3919cae27089e938e15e7b97d75f59f8d8b5e,持卡人消费,学士楼商务网关,-0.6,349.05,3827,正常
2016/03/09 11:24:38,33d8c4f04f2bdc397b8e7eda8a2a076d7f1f4100,1ee3919cae27089e938e15e7b97d75f59f8d8b5e,持卡人消费,超市商务子系统,-11.4,337.65,3828,正常
2016/03/09 11:29:17,33d8c4f04f2bdc397b8e7eda8a2a076d7f1f4100,1ee3919cae27089e938e15e7b97d75f59f8d8b5e,持卡人消费,超市商务子系统,-5.7,331.95,3829,正常
2016/03/09 17:23:17,33d8c4f04f2bdc397b8e7eda8a2a076d7f1f4100,1ee3919cae27089e938e15e7b97d75f59f8d8b5e,持卡人消费,学士楼商务网关,-10.0,321.95,3830,正常
2016/03/10 08:36:09,33d8c4f04f2bdc397b8e7eda8a2a076d7f1f4100,1ee3919cae27089e938e15e7b97d75f59f8d8b5e,持卡人消费,学士楼商务网关,-2.7,319.25,3831,正常
2016/03/10 08:40:40,33d8c4f04f2bdc397b8e7eda8a2a076d7f1f4100,1ee3919cae27089e938e15e7b97d75f59f8d8b5e,持卡人消费,学士楼商务网关,-2.1,317.15,3832,正常
2016/03/10 11:50:00,33d8c4f04f2bdc397b8e7eda8a2a076d7f1f4100,1ee3919cae27089e938e15e7b97d75f59f8d8b5e,持卡人消费,学士楼商务网关,-2.5,314.65,3833,正常
2016/03/10 11:51:38,33d8c4f04f2bdc397b8e7eda8a2a076d7f1f4100,1ee3919cae27089e938e15e7b97d75f59f8d8b5e,持卡人消费,学士楼商务网关,-0.6,314.05,3834,正常
2016/03/10 20:43:33,33d8c4f04f2bdc397b8e7eda8a2a076d7f1f4100,1ee3919cae27089e938e15e7b97d75f59f8d8b5e,持卡人消费,一校区水控新,-2.0,312.05,3835,正常
2016/03/10 20:50:37,33d8c4f04f2bdc397b8e7eda8a2a076d7f1f4100,1ee3919cae27089e938e15e7b97d75f59f8d8b5e,持卡人消费,一校区水控新,-1.34,310.71,3837,正常
2016/03/10 21:06:12,33d8c4f04f2bdc397b8e7eda8a2a076d7f1f4100,1ee3919cae27089e938e15e7b97d75f59f8d8b5e,持卡人消费,A7,-6.0,304.71,3838,正常
2016/03/11 08:38:39,33d8c4f04f2bdc397b8e7eda8a2a076d7f1f4100,1ee3919cae27089e938e15e7b97d75f59f8d8b5e,持卡人消费,学士楼商务网关,-1.9,302.81,3839,正常
2016/03/11 11:19:14,33d8c4f04f2bdc397b8e7eda8a2a076d7f1f4100,1ee3919cae27089e938e15e7b97d75f59f8d8b5e,持卡人消费,学士楼商务网关,-1.4,301.41,3840,正常
2016/03/11 11:19:56,33d8c4f04f2bdc397b8e7eda8a2a076d7f1f4100,1ee3919cae27089e938e15e7b97d75f59f8d8b5e,持卡人消费,学士楼商务网关,-0.6,300.81,3841,正常
2016/03/11 16:46:20,33d8c4f04f2bdc397b8e7eda8a2a076d7f1f4100,1ee3919cae27089e938e15e7b97d75f59f8d8b5e,持卡人消费,学苑楼商务网关,-6.0,294.81,3842,正常
2016/03/11 16:47:42,33d8c4f04f2bdc397b8e7eda8a2a076d7f1f4100,1ee3919cae27089e938e15e7b97d75f59f8d8b5e,持卡人消费,学苑楼商务网关,-6.0,288.81,3843,正常
2016/03/11 17:05:55,33d8c4f04f2bdc397b8e7eda8a2a076d7f1f4100,1ee3919cae27089e938e15e7b97d75f59f8d8b5e,持卡人消费,超市商务子系统,-3.3,285.51,3844,正常
2016/03/12 08:34:12,33d8c4f04f2bdc397b8e7eda8a2a076d7f1f4100,1ee3919cae27089e938e15e7b97d75f59f8d8b5e,持卡人消费,学士楼商务网关,-2.1,283.41,3845,正常
2016/03/12 08:34:16,33d8c4f04f2bdc397b8e7eda8a2a076d7f1f4100,1ee3919cae27089e938e15e7b97d75f59f8d8b5e,持卡人消费,学士楼商务网关,-1.0,282.41,3846,正常
2016/03/14 08:16:33,33d8c4f04f2bdc397b8e7eda8a2a076d7f1f4100,1ee3919cae27089e938e15e7b97d75f59f8d8b5e,持卡人消费,学士楼商务网关,-2.1,235.31,3855,正常
2016/03/14 08:16:34,33d8c4f04f2bdc397b8e7eda8a2a076d7f1f4100,1ee3919cae27089e938e15e7b97d75f59f8d8b5e,持卡人消费,学士楼商务网关,-0.6,234.71,3856,正常
2016/03/14 11:20:10,33d8c4f04f2bdc397b8e7eda8a2a076d7f1f4100,1ee3919cae27089e938e15e7b97d75f59f8d8b5e,持卡人消费,硕果园（工大商店）,-6.0,228.71,3857,正常
2016/03/14 17:03:03,33d8c4f04f2bdc397b8e7eda8a2a076d7f1f4100,1ee3919cae27089e938e15e7b97d75f59f8d8b5e,持卡人消费,学士楼商务网关,-3.1,225.61,3858,正常
2016/03/14 17:03:43,33d8c4f04f2bdc397b8e7eda8a2a076d7f1f4100,1ee3919cae27089e938e15e7b97d75f59f8d8b5e,持卡人消费,学士楼商务网关,-0.6,225.01,3859,正常
2016/03/15 07:23:08,33d8c4f04f2bdc397b8e7eda8a2a076d7f1f4100,1ee3919cae27089e938e15e7b97d75f59f8d8b5e,持卡人消费,学士楼商务网关,-2.2,222.81,3860,正常
2016/03/15 07:33:14,33d8c4f04f2bdc397b8e7eda8a2a076d7f1f4100,1ee3919cae27089e938e15e7b97d75f59f8d8b5e,持卡人消费,学士楼商务网关,-1.0,221.81,3861,正常
2016/03/15 11:07:00,33d8c4f04f2bdc397b8e7eda8a2a076d7f1f4100,1ee3919cae27089e938e15e7b97d75f59f8d8b5e,持卡人消费,学士楼商务网关,-3.1,218.71,3862,正常
2016/03/15 11:07:40,33d8c4f04f2bdc397b8e7eda8a2a076d7f1f4100,1ee3919cae27089e938e15e7b97d75f59f8d8b5e,持卡人消费,学士楼商务网关,-0.6,218.11,3863,正常
2016/03/15 11:31:14,33d8c4f04f2bdc397b8e7eda8a2a076d7f1f4100,1ee3919cae27089e938e15e7b97d75f59f8d8b5e,持卡人消费,超市商务子系统,-3.1,215.01,3864,正常
2016/03/15 17:11:05,33d8c4f04f2bdc397b8e7eda8a2a076d7f1f4100,1ee3919cae27089e938e15e7b97d75f59f8d8b5e,持卡人消费,学子楼商务网关,-8.4,206.61,3865,正常
2016/03/15 17:29:34,33d8c4f04f2bdc397b8e7eda8a2a076d7f1f4100,1ee3919cae27089e938e15e7b97d75f59f8d8b5e,持卡人消费,超市商务子系统,-10.7,195.91,3866,正常
2016/03/16 07:56:59,33d8c4f04f2bdc397b8e7eda8a2a076d7f1f4100,1ee3919cae27089e938e15e7b97d75f59f8d8b5e,持卡人消费,学士楼商务网关,-2.5,193.41,3867,正常
2016/03/16 11:12:36,33d8c4f04f2bdc397b8e7eda8a2a076d7f1f4100,1ee3919cae27089e938e15e7b97d75f59f8d8b5e,持卡人消费,学士楼商务网关,-1.4,192.01,3868,正常
2016/03/16 11:13:23,33d8c4f04f2bdc397b8e7eda8a2a076d7f1f4100,1ee3919cae27089e938e15e7b97d75f59f8d8b5e,持卡人消费,学士楼商务网关,-0.6,191.41,3869,正常
2016/03/16 18:13:06,33d8c4f04f2bdc397b8e7eda8a2a076d7f1f4100,1ee3919cae27089e938e15e7b97d75f59f8d8b5e,持卡人消费,学苑楼商务网关,-8.0,183.41,3870,正常
2016/03/16 18:14:07,33d8c4f04f2bdc397b8e7eda8a2a076d7f1f4100,1ee3919cae27089e938e15e7b97d75f59f8d8b5e,持卡人消费,学苑楼商务网关,-12.0,171.41,3871,正常
2016/03/16 20:08:56,33d8c4f04f2bdc397b8e7eda8a2a076d7f1f4100,1ee3919cae27089e938e15e7b97d75f59f8d8b5e,持卡人消费,一校区水控新,-0.05,171.36,3874,正常
2016/03/16 20:19:27,33d8c4f04f2bdc397b8e7eda8a2a076d7f1f4100,1ee3919cae27089e938e15e7b97d75f59f8d8b5e,持卡人消费,一校区水控新,-2.0,169.36,3875,正常
2016/03/16 20:29:54,33d8c4f04f2bdc397b8e7eda8a2a076d7f1f4100,1ee3919cae27089e938e15e7b97d75f59f8d8b5e,持卡人消费,一校区水控新,-2.0,167.36,3876,正常
2016/03/17 11:51:29,33d8c4f04f2bdc397b8e7eda8a2a076d7f1f4100,1ee3919cae27089e938e15e7b97d75f59f8d8b5e,持卡人消费,硕果园（工大商店）,-9.0,158.36,3877,正常
2016/03/17 15:05:25,33d8c4f04f2bdc397b8e7eda8a2a076d7f1f4100,1ee3919cae27089e938e15e7b97d75f59f8d8b5e,持卡人消费,超市商务子系统,-10.9,147.46,3878,正常
2016/03/17 17:08:49,33d8c4f04f2bdc397b8e7eda8a2a076d7f1f4100,1ee3919cae27089e938e15e7b97d75f59f8d8b5e,持卡人消费,学士楼商务网关,-1.9,145.56,3879,正常
2016/03/17 17:10:16,33d8c4f04f2bdc397b8e7eda8a2a076d7f1f4100,1ee3919cae27089e938e15e7b97d75f59f8d8b5e,持卡人消费,学士楼商务网关,-2.0,143.56,3880,正常
2016/03/17 17:27:46,33d8c4f04f2bdc397b8e7eda8a2a076d7f1f4100,1ee3919cae27089e938e15e7b97d75f59f8d8b5e,持卡人消费,超市商务子系统,-9.3,134.26,3881,正常
2016/03/18 11:00:47,33d8c4f04f2bdc397b8e7eda8a2a076d7f1f4100,1ee3919cae27089e938e15e7b97d75f59f8d8b5e,持卡人消费,硕果园（工大商店）,-9.0,125.26,3882,正常
2016/03/19 11:12:27,33d8c4f04f2bdc397b8e7eda8a2a076d7f1f4100,1ee3919cae27089e938e15e7b97d75f59f8d8b5e,持卡人消费,学士楼商务网关,-0.4,124.86,3883,正常
2016/03/19 11:13:17,33d8c4f04f2bdc397b8e7eda8a2a076d7f1f4100,1ee3919cae27089e938e15e7b97d75f59f8d8b5e,持卡人消费,学士楼商务网关,-0.6,124.26,3884,正常
2016/03/19 11:13:44,33d8c4f04f2bdc397b8e7eda8a2a076d7f1f4100,1ee3919cae27089e938e15e7b97d75f59f8d8b5e,持卡人消费,学士楼商务网关,-2.0,122.26,3885,正常
2016/03/19 17:11:23,33d8c4f04f2bdc397b8e7eda8a2a076d7f1f4100,1ee3919cae27089e938e15e7b97d75f59f8d8b5e,持卡人消费,学士楼商务网关,-3.1,119.16,3886,正常
2016/03/19 17:12:05,33d8c4f04f2bdc397b8e7eda8a2a076d7f1f4100,1ee3919cae27089e938e15e7b97d75f59f8d8b5e,持卡人消费,学士楼商务网关,-1.2,117.96,3887,正常
2016/03/20 11:24:59,33d8c4f04f2bdc397b8e7eda8a2a076d7f1f4100,1ee3919cae27089e938e15e7b97d75f59f8d8b5e,持卡人消费,学士楼商务网关,-0.4,117.56,3888,正常
2016/03/20 11:25:26,33d8c4f04f2bdc397b8e7eda8a2a076d7f1f4100,1ee3919cae27089e938e15e7b97d75f59f8d8b5e,持卡人消费,学士楼商务网关,-2.0,115.56,3889,正常
2016/03/20 11:25:54,33d8c4f04f2bdc397b8e7eda8a2a076d7f1f4100,1ee3919cae27089e938e15e7b97d75f59f8d8b5e,持卡人消费,学士楼商务网关,-0.6,114.96,3890,正常
2016/03/20 11:42:54,33d8c4f04f2bdc397b8e7eda8a2a076d7f1f4100,1ee3919cae27089e938e15e7b97d75f59f8d8b5e,持卡人消费,超市商务子系统,-14.0,100.96,3891,正常
2016/03/20 16:17:56,33d8c4f04f2bdc397b8e7eda8a2a076d7f1f4100,1ee3919cae27089e938e15e7b97d75f59f8d8b5e,持卡人消费,一校区水控新,-2.0,98.96,3892,正常
2016/03/20 16:28:36,33d8c4f04f2bdc397b8e7eda8a2a076d7f1f4100,1ee3919cae27089e938e15e7b97d75f59f8d8b5e,持卡人消费,一校区水控新,-2.0,96.96,3893,正常
2016/03/20 16:30:15,33d8c4f04f2bdc397b8e7eda8a2a076d7f1f4100,1ee3919cae27089e938e15e7b97d75f59f8d8b5e,持卡人消费,一校区水控新,-0.29,96.67,3895,正常
2016/03/20 17:13:01,33d8c4f04f2bdc397b8e7eda8a2a076d7f1f4100,1ee3919cae27089e938e15e7b97d75f59f8d8b5e,存款,学苑楼综合业务3,300.0,396.67,3896,正常
2016/03/20 17:15:26,33d8c4f04f2bdc397b8e7eda8a2a076d7f1f4100,1ee3919cae27089e938e15e7b97d75f59f8d8b5e,持卡人消费,学苑楼商务网关,-7.0,389.67,3897,正常
2016/03/20 19:21:43,33d8c4f04f2bdc397b8e7eda8a2a076d7f1f4100,1ee3919cae27089e938e15e7b97d75f59f8d8b5e,持卡人消费,A7,-6.0,383.67,3898,正常
2016/03/21 08:24:48,33d8c4f04f2bdc397b8e7eda8a2a076d7f1f4100,1ee3919cae27089e938e15e7b97d75f59f8d8b5e,持卡人消费,学士楼商务网关,-2.2,381.47,3899,正常
2016/03/21 11:37:47,33d8c4f04f2bdc397b8e7eda8a2a076d7f1f4100,1ee3919cae27089e938e15e7b97d75f59f8d8b5e,持卡人消费,硕果园（工大商店）,-9.0,372.47,3900,正常
2016/03/21 17:00:36,33d8c4f04f2bdc397b8e7eda8a2a076d7f1f4100,1ee3919cae27089e938e15e7b97d75f59f8d8b5e,持卡人消费,硕果园（工大商店）,-6.0,366.47,3901,正常
2016/03/22 07:18:00,33d8c4f04f2bdc397b8e7eda8a2a076d7f1f4100,1ee3919cae27089e938e15e7b97d75f59f8d8b5e,持卡人消费,学士楼商务网关,-2.2,364.27,3902,正常
2016/03/22 11:09:56,33d8c4f04f2bdc397b8e7eda8a2a076d7f1f4100,1ee3919cae27089e938e15e7b97d75f59f8d8b5e,持卡人消费,学士楼商务网关,-3.1,361.17,3903,正常
2016/03/22 11:10:32,33d8c4f04f2bdc397b8e7eda8a2a076d7f1f4100,1ee3919cae27089e938e15e7b97d75f59f8d8b5e,持卡人消费,学士楼商务网关,-0.6,360.57,3904,正常
2016/03/22 11:32:11,33d8c4f04f2bdc397b8e7eda8a2a076d7f1f4100,1ee3919cae27089e938e15e7b97d75f59f8d8b5e,持卡人消费,超市商务子系统,-13.2,347.37,3905,正常
2016/03/22 11:33:53,33d8c4f04f2bdc397b8e7eda8a2a076d7f1f4100,1ee3919cae27089e938e15e7b97d75f59f8d8b5e,持卡人消费,超市商务子系统,-7.5,339.87,3906,正常
2016/03/22 16:49:34,33d8c4f04f2bdc397b8e7eda8a2a076d7f1f4100,1ee3919cae27089e938e15e7b97d75f59f8d8b5e,持卡人消费,学苑楼商务网关,-8.0,331.87,3907,正常
2016/03/23 08:27:46,33d8c4f04f2bdc397b8e7eda8a2a076d7f1f4100,1ee3919cae27089e938e15e7b97d75f59f8d8b5e,持卡人消费,学士楼商务网关,-2.0,329.87,3908,正常
2016/03/23 10:51:48,33d8c4f04f2bdc397b8e7eda8a2a076d7f1f4100,1ee3919cae27089e938e15e7b97d75f59f8d8b5e,持卡人消费,硕果园（工大商店）,-6.0,323.87,3909,正常
2016/03/24 12:36:03,33d8c4f04f2bdc397b8e7eda8a2a076d7f1f4100,1ee3919cae27089e938e15e7b97d75f59f8d8b5e,持卡人消费,硕果园（工大商店）,-9.0,314.87,3910,正常
2016/03/24 17:03:36,33d8c4f04f2bdc397b8e7eda8a2a076d7f1f4100,1ee3919cae27089e938e15e7b97d75f59f8d8b5e,持卡人消费,超市商务子系统,-6.7,308.17,3911,正常
2016/03/24 17:07:46,33d8c4f04f2bdc397b8e7eda8a2a076d7f1f4100,1ee3919cae27089e938e15e7b97d75f59f8d8b5e,持卡人消费,超市商务子系统,-28.3,279.87,3912,正常
2016/03/25 12:14:20,33d8c4f04f2bdc397b8e7eda8a2a076d7f1f4100,1ee3919cae27089e938e15e7b97d75f59f8d8b5e,持卡人消费,硕果园（工大商店）,-14.5,265.37,3913,正常
2016/03/25 17:21:34,33d8c4f04f2bdc397b8e7eda8a2a076d7f1f4100,1ee3919cae27089e938e15e7b97d75f59f8d8b5e,持卡人消费,学士楼商务网关,-0.4,264.97,3914,正常
2016/03/25 17:23:01,33d8c4f04f2bdc397b8e7eda8a2a076d7f1f4100,1ee3919cae27089e938e15e7b97d75f59f8d8b5e,持卡人消费,学士楼商务网关,-0.6,264.37,3915,正常
2016/03/25 17:24:27,33d8c4f04f2bdc397b8e7eda8a2a076d7f1f4100,1ee3919cae27089e938e15e7b97d75f59f8d8b5e,持卡人消费,学士楼商务网关,-0.4,263.97,3916,正常
2016/03/25 20:52:16,33d8c4f04f2bdc397b8e7eda8a2a076d7f1f4100,1ee3919cae27089e938e15e7b97d75f59f8d8b5e,持卡人消费,一校区水控新,-2.0,261.97,3917,正常
2016/03/25 20:53:58,33d8c4f04f2bdc397b8e7eda8a2a076d7f1f4100,1ee3919cae27089e938e15e7b97d75f59f8d8b5e,持卡人消费,一校区水控新,-0.32,261.65,3919,正常
2016/03/26 11:16:26,33d8c4f04f2bdc397b8e7eda8a2a076d7f1f4100,1ee3919cae27089e938e15e7b97d75f59f8d8b5e,持卡人消费,学士楼商务网关,-3.1,258.55,3920,正常
2016/03/26 11:17:14,33d8c4f04f2bdc397b8e7eda8a2a076d7f1f4100,1ee3919cae27089e938e15e7b97d75f59f8d8b5e,持卡人消费,学士楼商务网关,-4.5,254.05,3921,正常
2016/03/26 15:39:09,33d8c4f04f2bdc397b8e7eda8a2a076d7f1f4100,1ee3919cae27089e938e15e7b97d75f59f8d8b5e,持卡人消费,超市商务子系统,-12.4,241.65,3922,正常
2016/03/26 15:41:05,33d8c4f04f2bdc397b8e7eda8a2a076d7f1f4100,1ee3919cae27089e938e15e7b97d75f59f8d8b5e,持卡人消费,超市商务子系统,-18.2,223.45,3923,正常
2016/03/27 10:39:22,33d8c4f04f2bdc397b8e7eda8a2a076d7f1f4100,1ee3919cae27089e938e15e7b97d75f59f8d8b5e,持卡人消费,学士楼商务网关,-1.9,221.55,3924,正常
2016/03/27 10:40:56,33d8c4f04f2bdc397b8e7eda8a2a076d7f1f4100,1ee3919cae27089e938e15e7b97d75f59f8d8b5e,持卡人消费,学士楼商务网关,-8.0,213.55,3925,正常
2016/03/28 08:35:26,33d8c4f04f2bdc397b8e7eda8a2a076d7f1f4100,1ee3919cae27089e938e15e7b97d75f59f8d8b5e,持卡人消费,学士楼商务网关,-1.6,211.95,3926,正常
2016/03/28 10:31:36,33d8c4f04f2bdc397b8e7eda8a2a076d7f1f4100,1ee3919cae27089e938e15e7b97d75f59f8d8b5e,持卡人消费,硕果园（工大商店）,-6.0,205.95,3927,正常
2016/03/28 17:02:20,33d8c4f04f2bdc397b8e7eda8a2a076d7f1f4100,1ee3919cae27089e938e15e7b97d75f59f8d8b5e,持卡人消费,学士楼商务网关,-11.1,194.85,3928,正常
2016/03/28 17:23:43,33d8c4f04f2bdc397b8e7eda8a2a076d7f1f4100,1ee3919cae27089e938e15e7b97d75f59f8d8b5e,持卡人消费,超市商务子系统,-14.0,180.85,3929,正常
2016/03/28 17:25:59,33d8c4f04f2bdc397b8e7eda8a2a076d7f1f4100,1ee3919cae27089e938e15e7b97d75f59f8d8b5e,持卡人消费,超市商务子系统,-11.2,169.65,3930,正常
2016/03/29 11:33:44,33d8c4f04f2bdc397b8e7eda8a2a076d7f1f4100,1ee3919cae27089e938e15e7b97d75f59f8d8b5e,持卡人消费,学士楼商务网关,-3.05,166.60,3931,正常
2016/03/29 11:35:06,33d8c4f04f2bdc397b8e7eda8a2a076d7f1f4100,1ee3919cae27089e938e15e7b97d75f59f8d8b5e,持卡人消费,学士楼商务网关,-0.6,166.00,3932,正常
2016/03/29 14:37:28,33d8c4f04f2bdc397b8e7eda8a2a076d7f1f4100,1ee3919cae27089e938e15e7b97d75f59f8d8b5e,持卡人消费,一校区水控新,-2.0,164.00,3933,正常
2016/03/29 14:44:50,33d8c4f04f2bdc397b8e7eda8a2a076d7f1f4100,1ee3919cae27089e938e15e7b97d75f59f8d8b5e,持卡人消费,一校区水控新,-1.41,162.59,3935,正常
2016/03/29 18:14:18,33d8c4f04f2bdc397b8e7eda8a2a076d7f1f4100,1ee3919cae27089e938e15e7b97d75f59f8d8b5e,持卡人消费,学子超市园丁总店,-1.7,160.89,3936,正常
2016/03/30 11:20:33,33d8c4f04f2bdc397b8e7eda8a2a076d7f1f4100,1ee3919cae27089e938e15e7b97d75f59f8d8b5e,持卡人消费,学士楼商务网关,-10.0,150.89,3937,正常
2016/03/30 17:10:42,33d8c4f04f2bdc397b8e7eda8a2a076d7f1f4100,1ee3919cae27089e938e15e7b97d75f59f8d8b5e,持卡人消费,学士楼商务网关,-3.1,147.79,3938,正常
2016/03/30 17:11:37,33d8c4f04f2bdc397b8e7eda8a2a076d7f1f4100,1ee3919cae27089e938e15e7b97d75f59f8d8b5e,持卡人消费,学士楼商务网关,-4.0,143.79,3939,正常
2016/03/30 17:26:39,33d8c4f04f2bdc397b8e7eda8a2a076d7f1f4100,1ee3919cae27089e938e15e7b97d75f59f8d8b5e,持卡人消费,超市商务子系统,-11.4,132.39,3940,正常
2016/03/30 17:30:06,33d8c4f04f2bdc397b8e7eda8a2a076d7f1f4100,1ee3919cae27089e938e15e7b97d75f59f8d8b5e,持卡人消费,超市商务子系统,-13.9,118.49,3941,正常
2016/03/30 17:30:42,33d8c4f04f2bdc397b8e7eda8a2a076d7f1f4100,1ee3919cae27089e938e15e7b97d75f59f8d8b5e,持卡人消费,超市商务子系统,-5.0,113.49,3942,正常
2016/03/31 11:54:35,33d8c4f04f2bdc397b8e7eda8a2a076d7f1f4100,1ee3919cae27089e938e15e7b97d75f59f8d8b5e,持卡人消费,学士楼商务网关,-7.6,105.89,3943,正常
2016/03/31 16:54:51,33d8c4f04f2bdc397b8e7eda8a2a076d7f1f4100,1ee3919cae27089e938e15e7b97d75f59f8d8b5e,持卡人消费,学苑楼商务网关,-7.0,98.89,3944,正常
2016/03/31 17:12:38,33d8c4f04f2bdc397b8e7eda8a2a076d7f1f4100,1ee3919cae27089e938e15e7b97d75f59f8d8b5e,持卡人消费,学苑楼商务网关,-9.0,89.89,3945,正常
