交易发生时间,学号,姓名,交易类型,子系统名称,交易额,现有余额,次数,状态
2016/03/01 10:43:54,6d68a613a0ac0b0123b5a6b8adde9df00d79d512,1f1cd205d4e0c429728106e9bc1f26135a2e92af,持卡人消费,学苑楼商务网关,-8.0,21.90,3489,正常
2016/03/01 17:57:04,6d68a613a0ac0b0123b5a6b8adde9df00d79d512,1f1cd205d4e0c429728106e9bc1f26135a2e92af,持卡人消费,学苑楼商务网关,-8.5,13.40,3490,正常
2016/03/01 18:10:00,6d68a613a0ac0b0123b5a6b8adde9df00d79d512,1f1cd205d4e0c429728106e9bc1f26135a2e92af,存款,学苑楼综合业务3,200.0,213.40,3491,正常
2016/03/02 11:11:05,6d68a613a0ac0b0123b5a6b8adde9df00d79d512,1f1cd205d4e0c429728106e9bc1f26135a2e92af,持卡人消费,硕果园（工大商店）,-11.0,202.40,3492,正常
2016/03/02 17:40:36,6d68a613a0ac0b0123b5a6b8adde9df00d79d512,1f1cd205d4e0c429728106e9bc1f26135a2e92af,持卡人消费,学苑楼商务网关,-9.0,193.40,3493,正常
2016/03/03 11:08:05,6d68a613a0ac0b0123b5a6b8adde9df00d79d512,1f1cd205d4e0c429728106e9bc1f26135a2e92af,持卡人消费,硕果园（工大商店）,-19.0,174.40,3494,正常
2016/03/03 16:55:05,6d68a613a0ac0b0123b5a6b8adde9df00d79d512,1f1cd205d4e0c429728106e9bc1f26135a2e92af,持卡人消费,学苑楼商务网关,-8.8,165.60,3495,正常
2016/03/04 19:36:15,6d68a613a0ac0b0123b5a6b8adde9df00d79d512,1f1cd205d4e0c429728106e9bc1f26135a2e92af,持卡人消费,一校区水控新,-0.06,165.54,3496,正常
2016/03/04 19:44:53,6d68a613a0ac0b0123b5a6b8adde9df00d79d512,1f1cd205d4e0c429728106e9bc1f26135a2e92af,持卡人消费,一校区水控新,-1.64,163.90,3497,正常
2016/03/04 19:52:11,6d68a613a0ac0b0123b5a6b8adde9df00d79d512,1f1cd205d4e0c429728106e9bc1f26135a2e92af,持卡人消费,A1,-3.0,160.90,3498,正常
2016/03/05 12:03:26,6d68a613a0ac0b0123b5a6b8adde9df00d79d512,1f1cd205d4e0c429728106e9bc1f26135a2e92af,持卡人消费,硕果园（工大商店）,-20.0,140.90,3499,正常
2016/03/05 17:42:46,6d68a613a0ac0b0123b5a6b8adde9df00d79d512,1f1cd205d4e0c429728106e9bc1f26135a2e92af,持卡人消费,硕果园（工大商店）,-25.6,115.30,3500,正常
2016/03/06 11:14:38,6d68a613a0ac0b0123b5a6b8adde9df00d79d512,1f1cd205d4e0c429728106e9bc1f26135a2e92af,持卡人消费,学苑楼商务网关,-5.6,109.70,3501,正常
2016/03/06 17:33:24,6d68a613a0ac0b0123b5a6b8adde9df00d79d512,1f1cd205d4e0c429728106e9bc1f26135a2e92af,持卡人消费,学苑楼商务网关,-9.0,100.70,3502,正常
2016/03/09 15:00:27,6d68a613a0ac0b0123b5a6b8adde9df00d79d512,1f1cd205d4e0c429728106e9bc1f26135a2e92af,持卡人消费,一校区水控新,-1.52,99.18,3504,正常
2016/03/10 13:51:09,6d68a613a0ac0b0123b5a6b8adde9df00d79d512,1f1cd205d4e0c429728106e9bc1f26135a2e92af,持卡人消费,学子便利店A01后楼,-3.7,95.48,3505,正常
2016/03/11 14:42:47,6d68a613a0ac0b0123b5a6b8adde9df00d79d512,1f1cd205d4e0c429728106e9bc1f26135a2e92af,持卡人消费,学子便利店A01后楼,-6.7,88.78,3506,正常
2016/03/12 14:13:08,6d68a613a0ac0b0123b5a6b8adde9df00d79d512,1f1cd205d4e0c429728106e9bc1f26135a2e92af,持卡人消费,学子便利店A01后楼,-9.9,78.88,3507,正常
2016/03/12 20:15:24,6d68a613a0ac0b0123b5a6b8adde9df00d79d512,1f1cd205d4e0c429728106e9bc1f26135a2e92af,持卡人消费,一校区水控新,-1.07,77.81,3509,正常
2016/03/12 20:22:21,6d68a613a0ac0b0123b5a6b8adde9df00d79d512,1f1cd205d4e0c429728106e9bc1f26135a2e92af,持卡人消费,一校区水控新,-1.06,76.75,3511,正常
2016/03/14 11:00:38,6d68a613a0ac0b0123b5a6b8adde9df00d79d512,1f1cd205d4e0c429728106e9bc1f26135a2e92af,持卡人消费,学苑楼商务网关,-8.0,65.75,3513,正常
2016/03/14 17:29:33,6d68a613a0ac0b0123b5a6b8adde9df00d79d512,1f1cd205d4e0c429728106e9bc1f26135a2e92af,持卡人消费,硕果园（工大商店）,-23.0,42.75,3514,正常
2016/03/15 10:58:59,6d68a613a0ac0b0123b5a6b8adde9df00d79d512,1f1cd205d4e0c429728106e9bc1f26135a2e92af,持卡人消费,学士楼商务网关,-10.6,32.15,3515,正常
2016/03/15 18:14:45,6d68a613a0ac0b0123b5a6b8adde9df00d79d512,1f1cd205d4e0c429728106e9bc1f26135a2e92af,持卡人消费,硕果园（工大商店）,-10.0,22.15,3516,正常
2016/03/16 11:10:36,6d68a613a0ac0b0123b5a6b8adde9df00d79d512,1f1cd205d4e0c429728106e9bc1f26135a2e92af,持卡人消费,硕果园（工大商店）,-7.3,14.85,3517,正常
2016/03/16 17:38:54,6d68a613a0ac0b0123b5a6b8adde9df00d79d512,1f1cd205d4e0c429728106e9bc1f26135a2e92af,持卡人消费,学士楼商务网关,-9.2,5.65,3518,正常
2016/03/17 11:34:34,6d68a613a0ac0b0123b5a6b8adde9df00d79d512,1f1cd205d4e0c429728106e9bc1f26135a2e92af,存款,卡中心综合业务,200.0,205.65,3519,正常
2016/03/17 11:36:22,6d68a613a0ac0b0123b5a6b8adde9df00d79d512,1f1cd205d4e0c429728106e9bc1f26135a2e92af,持卡人消费,学苑楼商务网关,-5.0,200.65,3520,正常
2016/03/17 12:10:33,6d68a613a0ac0b0123b5a6b8adde9df00d79d512,1f1cd205d4e0c429728106e9bc1f26135a2e92af,持卡人消费,一校区水控新,-0.57,200.08,3521,正常
2016/03/17 12:19:37,6d68a613a0ac0b0123b5a6b8adde9df00d79d512,1f1cd205d4e0c429728106e9bc1f26135a2e92af,持卡人消费,一校区水控新,-1.34,198.74,3522,正常
2016/03/19 11:19:44,6d68a613a0ac0b0123b5a6b8adde9df00d79d512,1f1cd205d4e0c429728106e9bc1f26135a2e92af,持卡人消费,硕果园（工大商店）,-21.2,177.54,3523,正常
2016/03/19 15:18:30,6d68a613a0ac0b0123b5a6b8adde9df00d79d512,1f1cd205d4e0c429728106e9bc1f26135a2e92af,持卡人消费,超市商务子系统,-23.8,153.74,3524,正常
2016/03/19 17:27:41,6d68a613a0ac0b0123b5a6b8adde9df00d79d512,1f1cd205d4e0c429728106e9bc1f26135a2e92af,持卡人消费,学苑楼商务网关,-10.0,143.74,3525,正常
2016/03/20 15:01:14,6d68a613a0ac0b0123b5a6b8adde9df00d79d512,1f1cd205d4e0c429728106e9bc1f26135a2e92af,持卡人消费,一校区水控新,-1.46,142.28,3527,正常
2016/03/21 12:26:31,6d68a613a0ac0b0123b5a6b8adde9df00d79d512,1f1cd205d4e0c429728106e9bc1f26135a2e92af,持卡人消费,硕果园（工大商店）,-11.0,131.28,3528,正常
2016/03/21 18:49:36,6d68a613a0ac0b0123b5a6b8adde9df00d79d512,1f1cd205d4e0c429728106e9bc1f26135a2e92af,持卡人消费,硕果园（工大商店）,-14.0,117.28,3529,正常
2016/03/22 12:14:42,6d68a613a0ac0b0123b5a6b8adde9df00d79d512,1f1cd205d4e0c429728106e9bc1f26135a2e92af,持卡人消费,硕果园（工大商店）,-11.0,106.28,3530,正常
2016/03/23 08:03:19,6d68a613a0ac0b0123b5a6b8adde9df00d79d512,1f1cd205d4e0c429728106e9bc1f26135a2e92af,持卡人消费,硕果园（工大商店）,-5.0,101.28,3531,正常
2016/03/23 11:15:27,6d68a613a0ac0b0123b5a6b8adde9df00d79d512,1f1cd205d4e0c429728106e9bc1f26135a2e92af,持卡人消费,学士楼商务网关,-11.2,90.08,3532,正常
2016/03/23 12:09:42,6d68a613a0ac0b0123b5a6b8adde9df00d79d512,1f1cd205d4e0c429728106e9bc1f26135a2e92af,持卡人消费,一校区水控新,-1.61,88.47,3533,正常
2016/03/23 17:10:15,6d68a613a0ac0b0123b5a6b8adde9df00d79d512,1f1cd205d4e0c429728106e9bc1f26135a2e92af,持卡人消费,硕果园（工大商店）,-26.0,62.47,3534,正常
2016/03/24 09:42:28,6d68a613a0ac0b0123b5a6b8adde9df00d79d512,1f1cd205d4e0c429728106e9bc1f26135a2e92af,持卡人消费,网络中心,-30.0,32.47,3535,正常
2016/03/24 16:56:53,6d68a613a0ac0b0123b5a6b8adde9df00d79d512,1f1cd205d4e0c429728106e9bc1f26135a2e92af,持卡人消费,学苑楼商务网关,-8.0,24.47,3536,正常
2016/03/25 11:30:28,6d68a613a0ac0b0123b5a6b8adde9df00d79d512,1f1cd205d4e0c429728106e9bc1f26135a2e92af,存款,学苑楼综合业务3,200.0,224.47,3537,正常
2016/03/25 11:32:18,6d68a613a0ac0b0123b5a6b8adde9df00d79d512,1f1cd205d4e0c429728106e9bc1f26135a2e92af,持卡人消费,学苑楼商务网关,-8.0,216.47,3538,正常
2016/03/25 11:45:37,6d68a613a0ac0b0123b5a6b8adde9df00d79d512,1f1cd205d4e0c429728106e9bc1f26135a2e92af,持卡人消费,超市商务子系统,-14.9,201.57,3539,正常
2016/03/25 16:50:47,6d68a613a0ac0b0123b5a6b8adde9df00d79d512,1f1cd205d4e0c429728106e9bc1f26135a2e92af,持卡人消费,硕果园（工大商店）,-19.0,182.57,3540,正常
2016/03/25 17:46:35,6d68a613a0ac0b0123b5a6b8adde9df00d79d512,1f1cd205d4e0c429728106e9bc1f26135a2e92af,持卡人消费,一校区水控新,-1.44,181.13,3541,正常
2016/03/26 07:36:41,6d68a613a0ac0b0123b5a6b8adde9df00d79d512,1f1cd205d4e0c429728106e9bc1f26135a2e92af,持卡人消费,学士楼商务网关,-2.0,179.13,3542,正常
2016/03/26 11:42:44,6d68a613a0ac0b0123b5a6b8adde9df00d79d512,1f1cd205d4e0c429728106e9bc1f26135a2e92af,持卡人消费,学士楼商务网关,-11.5,167.63,3543,正常
2016/03/26 11:44:43,6d68a613a0ac0b0123b5a6b8adde9df00d79d512,1f1cd205d4e0c429728106e9bc1f26135a2e92af,持卡人消费,学士楼商务网关,-2.9,164.73,3544,正常
2016/03/26 11:57:56,6d68a613a0ac0b0123b5a6b8adde9df00d79d512,1f1cd205d4e0c429728106e9bc1f26135a2e92af,持卡人消费,超市商务子系统,-5.0,159.73,3545,正常
2016/03/29 10:39:29,6d68a613a0ac0b0123b5a6b8adde9df00d79d512,1f1cd205d4e0c429728106e9bc1f26135a2e92af,持卡人消费,学子便利店A01后楼,-12.5,147.23,3546,正常
2016/03/29 13:31:35,6d68a613a0ac0b0123b5a6b8adde9df00d79d512,1f1cd205d4e0c429728106e9bc1f26135a2e92af,持卡人消费,一校区水控新,-0.03,147.20,3547,正常
2016/03/29 13:41:19,6d68a613a0ac0b0123b5a6b8adde9df00d79d512,1f1cd205d4e0c429728106e9bc1f26135a2e92af,持卡人消费,一校区水控新,-1.84,145.36,3548,正常
