交易发生时间,学号,姓名,交易类型,子系统名称,交易额,现有余额,次数,状态
2016/03/01 07:27:22,65f60f3de55dae06d2f5011268b339d7b2589e5d,1f2f097d5882e0e1a25a833fa8b02894c88acb4d,持卡人消费,学士楼商务网关,-4.6,308.92,3981,正常
2016/03/01 11:18:43,65f60f3de55dae06d2f5011268b339d7b2589e5d,1f2f097d5882e0e1a25a833fa8b02894c88acb4d,持卡人消费,学苑楼商务网关,-9.0,299.92,3982,正常
2016/03/01 17:02:56,65f60f3de55dae06d2f5011268b339d7b2589e5d,1f2f097d5882e0e1a25a833fa8b02894c88acb4d,持卡人消费,学苑楼商务网关,-3.6,296.32,3983,正常
2016/03/02 07:17:58,65f60f3de55dae06d2f5011268b339d7b2589e5d,1f2f097d5882e0e1a25a833fa8b02894c88acb4d,持卡人消费,学士楼商务网关,-2.2,294.12,3984,正常
2016/03/02 11:08:14,65f60f3de55dae06d2f5011268b339d7b2589e5d,1f2f097d5882e0e1a25a833fa8b02894c88acb4d,持卡人消费,学子楼商务网关,-3.6,290.52,3985,正常
2016/03/02 17:46:55,65f60f3de55dae06d2f5011268b339d7b2589e5d,1f2f097d5882e0e1a25a833fa8b02894c88acb4d,持卡人消费,学苑楼商务网关,-9.0,281.52,3986,正常
2016/03/03 07:13:13,65f60f3de55dae06d2f5011268b339d7b2589e5d,1f2f097d5882e0e1a25a833fa8b02894c88acb4d,持卡人消费,学士楼商务网关,-3.4,278.12,3987,正常
2016/03/03 11:08:04,65f60f3de55dae06d2f5011268b339d7b2589e5d,1f2f097d5882e0e1a25a833fa8b02894c88acb4d,持卡人消费,学苑楼商务网关,-7.0,271.12,3988,正常
2016/03/03 17:10:38,65f60f3de55dae06d2f5011268b339d7b2589e5d,1f2f097d5882e0e1a25a833fa8b02894c88acb4d,持卡人消费,学苑楼商务网关,-7.0,264.12,3989,正常
2016/03/04 07:22:28,65f60f3de55dae06d2f5011268b339d7b2589e5d,1f2f097d5882e0e1a25a833fa8b02894c88acb4d,持卡人消费,学士楼商务网关,-3.4,260.72,3990,正常
2016/03/04 12:39:27,65f60f3de55dae06d2f5011268b339d7b2589e5d,1f2f097d5882e0e1a25a833fa8b02894c88acb4d,持卡人消费,硕果园（工大商店）,-10.0,250.72,3991,正常
2016/03/04 15:01:18,65f60f3de55dae06d2f5011268b339d7b2589e5d,1f2f097d5882e0e1a25a833fa8b02894c88acb4d,持卡人消费,游泳馆,-6.0,244.72,3992,正常
2016/03/04 16:51:52,65f60f3de55dae06d2f5011268b339d7b2589e5d,1f2f097d5882e0e1a25a833fa8b02894c88acb4d,持卡人消费,超市商务子系统,-9.9,234.82,3993,正常
2016/03/04 17:00:32,65f60f3de55dae06d2f5011268b339d7b2589e5d,1f2f097d5882e0e1a25a833fa8b02894c88acb4d,持卡人消费,学苑楼商务网关,-8.0,226.82,3994,正常
2016/03/05 07:23:07,65f60f3de55dae06d2f5011268b339d7b2589e5d,1f2f097d5882e0e1a25a833fa8b02894c88acb4d,持卡人消费,学士楼商务网关,-2.9,223.92,3995,正常
2016/03/05 11:18:48,65f60f3de55dae06d2f5011268b339d7b2589e5d,1f2f097d5882e0e1a25a833fa8b02894c88acb4d,持卡人消费,学苑楼商务网关,-9.0,214.92,3996,正常
2016/03/05 17:32:54,65f60f3de55dae06d2f5011268b339d7b2589e5d,1f2f097d5882e0e1a25a833fa8b02894c88acb4d,持卡人消费,学苑楼商务网关,-3.0,211.92,3997,正常
2016/03/05 17:33:33,65f60f3de55dae06d2f5011268b339d7b2589e5d,1f2f097d5882e0e1a25a833fa8b02894c88acb4d,持卡人消费,学苑楼商务网关,-2.8,209.12,3998,正常
2016/03/06 07:38:04,65f60f3de55dae06d2f5011268b339d7b2589e5d,1f2f097d5882e0e1a25a833fa8b02894c88acb4d,持卡人消费,学士楼商务网关,-2.6,206.52,3999,正常
2016/03/06 11:57:33,65f60f3de55dae06d2f5011268b339d7b2589e5d,1f2f097d5882e0e1a25a833fa8b02894c88acb4d,持卡人消费,学苑楼商务网关,-7.0,199.52,4000,正常
2016/03/06 16:47:54,65f60f3de55dae06d2f5011268b339d7b2589e5d,1f2f097d5882e0e1a25a833fa8b02894c88acb4d,持卡人消费,学苑楼商务网关,-8.0,191.52,4001,正常
2016/03/07 07:05:55,65f60f3de55dae06d2f5011268b339d7b2589e5d,1f2f097d5882e0e1a25a833fa8b02894c88acb4d,持卡人消费,学士楼商务网关,-4.1,187.42,4002,正常
2016/03/07 10:42:45,65f60f3de55dae06d2f5011268b339d7b2589e5d,1f2f097d5882e0e1a25a833fa8b02894c88acb4d,持卡人消费,学苑楼商务网关,-3.6,183.82,4003,正常
2016/03/07 17:11:04,65f60f3de55dae06d2f5011268b339d7b2589e5d,1f2f097d5882e0e1a25a833fa8b02894c88acb4d,持卡人消费,学苑楼商务网关,-8.8,175.02,4004,正常
2016/03/08 07:17:05,65f60f3de55dae06d2f5011268b339d7b2589e5d,1f2f097d5882e0e1a25a833fa8b02894c88acb4d,持卡人消费,学士楼商务网关,-3.1,171.92,4005,正常
2016/03/08 12:01:40,65f60f3de55dae06d2f5011268b339d7b2589e5d,1f2f097d5882e0e1a25a833fa8b02894c88acb4d,持卡人消费,学苑楼商务网关,-8.0,163.92,4006,正常
2016/03/08 12:02:26,65f60f3de55dae06d2f5011268b339d7b2589e5d,1f2f097d5882e0e1a25a833fa8b02894c88acb4d,持卡人消费,学苑楼商务网关,-0.6,163.32,4007,正常
2016/03/08 17:06:54,65f60f3de55dae06d2f5011268b339d7b2589e5d,1f2f097d5882e0e1a25a833fa8b02894c88acb4d,持卡人消费,学子楼商务网关,-3.6,159.72,4008,正常
2016/03/09 07:14:02,65f60f3de55dae06d2f5011268b339d7b2589e5d,1f2f097d5882e0e1a25a833fa8b02894c88acb4d,持卡人消费,学士楼商务网关,-4.4,155.32,4009,正常
2016/03/10 07:43:47,65f60f3de55dae06d2f5011268b339d7b2589e5d,1f2f097d5882e0e1a25a833fa8b02894c88acb4d,持卡人消费,学士楼商务网关,-3.1,152.22,4010,正常
2016/03/10 12:00:45,65f60f3de55dae06d2f5011268b339d7b2589e5d,1f2f097d5882e0e1a25a833fa8b02894c88acb4d,持卡人消费,学苑楼商务网关,-6.0,146.22,4011,正常
2016/03/10 12:01:56,65f60f3de55dae06d2f5011268b339d7b2589e5d,1f2f097d5882e0e1a25a833fa8b02894c88acb4d,持卡人消费,学苑楼商务网关,-0.8,145.42,4012,正常
2016/03/10 17:25:29,65f60f3de55dae06d2f5011268b339d7b2589e5d,1f2f097d5882e0e1a25a833fa8b02894c88acb4d,持卡人消费,学苑楼商务网关,-7.0,138.42,4013,正常
2016/03/11 07:05:38,65f60f3de55dae06d2f5011268b339d7b2589e5d,1f2f097d5882e0e1a25a833fa8b02894c88acb4d,持卡人消费,学士楼商务网关,-2.8,135.62,4014,正常
2016/03/11 10:57:23,65f60f3de55dae06d2f5011268b339d7b2589e5d,1f2f097d5882e0e1a25a833fa8b02894c88acb4d,持卡人消费,学苑楼商务网关,-9.0,126.62,4015,正常
2016/03/11 17:01:26,65f60f3de55dae06d2f5011268b339d7b2589e5d,1f2f097d5882e0e1a25a833fa8b02894c88acb4d,持卡人消费,学苑楼商务网关,-3.0,123.62,4016,正常
2016/03/11 17:02:06,65f60f3de55dae06d2f5011268b339d7b2589e5d,1f2f097d5882e0e1a25a833fa8b02894c88acb4d,持卡人消费,学苑楼商务网关,-3.0,120.62,4017,正常
2016/03/12 07:03:33,65f60f3de55dae06d2f5011268b339d7b2589e5d,1f2f097d5882e0e1a25a833fa8b02894c88acb4d,持卡人消费,学士楼商务网关,-2.9,117.72,4018,正常
2016/03/12 12:01:45,65f60f3de55dae06d2f5011268b339d7b2589e5d,1f2f097d5882e0e1a25a833fa8b02894c88acb4d,持卡人消费,学苑楼商务网关,-9.0,108.72,4019,正常
2016/03/12 17:19:38,65f60f3de55dae06d2f5011268b339d7b2589e5d,1f2f097d5882e0e1a25a833fa8b02894c88acb4d,持卡人消费,学苑楼商务网关,-3.0,105.72,4020,正常
2016/03/12 17:20:21,65f60f3de55dae06d2f5011268b339d7b2589e5d,1f2f097d5882e0e1a25a833fa8b02894c88acb4d,持卡人消费,学苑楼商务网关,-1.4,104.32,4021,正常
2016/03/14 07:35:00,65f60f3de55dae06d2f5011268b339d7b2589e5d,1f2f097d5882e0e1a25a833fa8b02894c88acb4d,持卡人消费,学士楼商务网关,-2.4,84.62,4025,正常
2016/03/14 09:10:33,65f60f3de55dae06d2f5011268b339d7b2589e5d,1f2f097d5882e0e1a25a833fa8b02894c88acb4d,持卡人消费,超市商务子系统,-29.2,55.42,4026,正常
2016/03/14 09:13:23,65f60f3de55dae06d2f5011268b339d7b2589e5d,1f2f097d5882e0e1a25a833fa8b02894c88acb4d,持卡人消费,超市商务子系统,-0.2,55.22,4027,正常
2016/03/14 12:33:42,65f60f3de55dae06d2f5011268b339d7b2589e5d,1f2f097d5882e0e1a25a833fa8b02894c88acb4d,持卡人消费,硕果园（工大商店）,-12.0,43.22,4028,正常
2016/03/14 18:18:19,65f60f3de55dae06d2f5011268b339d7b2589e5d,1f2f097d5882e0e1a25a833fa8b02894c88acb4d,持卡人消费,学子楼商务网关,-7.2,36.02,4029,正常
2016/03/14 21:06:43,65f60f3de55dae06d2f5011268b339d7b2589e5d,1f2f097d5882e0e1a25a833fa8b02894c88acb4d,持卡人消费,超市商务子系统,-14.5,21.52,4030,正常
2016/03/14 21:08:41,65f60f3de55dae06d2f5011268b339d7b2589e5d,1f2f097d5882e0e1a25a833fa8b02894c88acb4d,持卡人消费,超市商务子系统,-3.5,18.02,4031,正常
2016/03/15 07:10:55,65f60f3de55dae06d2f5011268b339d7b2589e5d,1f2f097d5882e0e1a25a833fa8b02894c88acb4d,持卡人消费,学士楼商务网关,-2.6,15.42,4032,正常
2016/03/15 10:10:31,65f60f3de55dae06d2f5011268b339d7b2589e5d,1f2f097d5882e0e1a25a833fa8b02894c88acb4d,持卡人消费,游泳馆,-6.0,9.42,4033,正常
2016/03/15 17:08:16,65f60f3de55dae06d2f5011268b339d7b2589e5d,1f2f097d5882e0e1a25a833fa8b02894c88acb4d,持卡人消费,学苑楼商务网关,-3.6,5.82,4034,正常
2016/03/15 17:09:19,65f60f3de55dae06d2f5011268b339d7b2589e5d,1f2f097d5882e0e1a25a833fa8b02894c88acb4d,持卡人消费,学苑楼商务网关,-1.0,4.82,4035,正常
2016/03/15 17:26:21,65f60f3de55dae06d2f5011268b339d7b2589e5d,1f2f097d5882e0e1a25a833fa8b02894c88acb4d,存款,学苑楼综合业务2,200.0,204.82,4036,正常
2016/03/16 07:26:49,65f60f3de55dae06d2f5011268b339d7b2589e5d,1f2f097d5882e0e1a25a833fa8b02894c88acb4d,持卡人消费,学士楼商务网关,-2.6,202.22,4037,正常
2016/03/16 11:11:57,65f60f3de55dae06d2f5011268b339d7b2589e5d,1f2f097d5882e0e1a25a833fa8b02894c88acb4d,持卡人消费,学苑楼商务网关,-3.6,198.62,4038,正常
2016/03/16 17:34:24,65f60f3de55dae06d2f5011268b339d7b2589e5d,1f2f097d5882e0e1a25a833fa8b02894c88acb4d,持卡人消费,学苑楼商务网关,-9.0,189.62,4039,正常
2016/03/17 07:13:22,65f60f3de55dae06d2f5011268b339d7b2589e5d,1f2f097d5882e0e1a25a833fa8b02894c88acb4d,持卡人消费,学士楼商务网关,-3.2,186.42,4040,正常
2016/03/17 10:59:13,65f60f3de55dae06d2f5011268b339d7b2589e5d,1f2f097d5882e0e1a25a833fa8b02894c88acb4d,持卡人消费,学苑楼商务网关,-7.0,179.42,4041,正常
2016/03/17 17:00:29,65f60f3de55dae06d2f5011268b339d7b2589e5d,1f2f097d5882e0e1a25a833fa8b02894c88acb4d,持卡人消费,学苑楼商务网关,-8.0,171.42,4042,正常
2016/03/18 07:23:19,65f60f3de55dae06d2f5011268b339d7b2589e5d,1f2f097d5882e0e1a25a833fa8b02894c88acb4d,持卡人消费,学士楼商务网关,-2.9,168.52,4043,正常
2016/03/18 11:05:01,65f60f3de55dae06d2f5011268b339d7b2589e5d,1f2f097d5882e0e1a25a833fa8b02894c88acb4d,持卡人消费,学苑楼商务网关,-7.0,161.52,4044,正常
2016/03/18 17:05:24,65f60f3de55dae06d2f5011268b339d7b2589e5d,1f2f097d5882e0e1a25a833fa8b02894c88acb4d,持卡人消费,学苑楼商务网关,-8.8,152.72,4045,正常
2016/03/19 07:08:16,65f60f3de55dae06d2f5011268b339d7b2589e5d,1f2f097d5882e0e1a25a833fa8b02894c88acb4d,持卡人消费,学士楼商务网关,-2.3,150.42,4046,正常
2016/03/19 11:07:15,65f60f3de55dae06d2f5011268b339d7b2589e5d,1f2f097d5882e0e1a25a833fa8b02894c88acb4d,持卡人消费,学苑楼商务网关,-7.0,143.42,4047,正常
2016/03/19 17:46:10,65f60f3de55dae06d2f5011268b339d7b2589e5d,1f2f097d5882e0e1a25a833fa8b02894c88acb4d,持卡人消费,学苑楼商务网关,-8.0,135.42,4048,正常
2016/03/20 06:50:23,65f60f3de55dae06d2f5011268b339d7b2589e5d,1f2f097d5882e0e1a25a833fa8b02894c88acb4d,持卡人消费,学士楼商务网关,-2.4,133.02,4049,正常
2016/03/20 12:34:53,65f60f3de55dae06d2f5011268b339d7b2589e5d,1f2f097d5882e0e1a25a833fa8b02894c88acb4d,持卡人消费,硕果园（工大商店）,-11.0,122.02,4050,正常
2016/03/20 16:57:13,65f60f3de55dae06d2f5011268b339d7b2589e5d,1f2f097d5882e0e1a25a833fa8b02894c88acb4d,持卡人消费,学苑楼商务网关,-3.0,119.02,4051,正常
2016/03/20 16:57:48,65f60f3de55dae06d2f5011268b339d7b2589e5d,1f2f097d5882e0e1a25a833fa8b02894c88acb4d,持卡人消费,学苑楼商务网关,-1.0,118.02,4052,正常
2016/03/20 19:41:04,65f60f3de55dae06d2f5011268b339d7b2589e5d,1f2f097d5882e0e1a25a833fa8b02894c88acb4d,持卡人消费,超市商务子系统,-4.0,114.02,4053,正常
2016/03/21 07:15:43,65f60f3de55dae06d2f5011268b339d7b2589e5d,1f2f097d5882e0e1a25a833fa8b02894c88acb4d,持卡人消费,学士楼商务网关,-2.4,111.62,4054,正常
2016/03/21 11:01:23,65f60f3de55dae06d2f5011268b339d7b2589e5d,1f2f097d5882e0e1a25a833fa8b02894c88acb4d,持卡人消费,学苑楼商务网关,-9.0,102.62,4055,正常
2016/03/21 15:48:51,65f60f3de55dae06d2f5011268b339d7b2589e5d,1f2f097d5882e0e1a25a833fa8b02894c88acb4d,持卡人消费,超市商务子系统,-23.8,78.82,4056,正常
2016/03/21 20:00:08,65f60f3de55dae06d2f5011268b339d7b2589e5d,1f2f097d5882e0e1a25a833fa8b02894c88acb4d,持卡人消费,硕果园（工大商店）,-11.0,67.82,4057,正常
2016/03/22 07:04:57,65f60f3de55dae06d2f5011268b339d7b2589e5d,1f2f097d5882e0e1a25a833fa8b02894c88acb4d,持卡人消费,学士楼商务网关,-2.9,64.92,4058,正常
2016/03/22 10:14:10,65f60f3de55dae06d2f5011268b339d7b2589e5d,1f2f097d5882e0e1a25a833fa8b02894c88acb4d,持卡人消费,游泳馆,-6.0,58.92,4059,正常
2016/03/22 12:27:51,65f60f3de55dae06d2f5011268b339d7b2589e5d,1f2f097d5882e0e1a25a833fa8b02894c88acb4d,持卡人消费,硕果园（工大商店）,-10.0,48.92,4060,正常
2016/03/22 20:19:34,65f60f3de55dae06d2f5011268b339d7b2589e5d,1f2f097d5882e0e1a25a833fa8b02894c88acb4d,持卡人消费,超市商务子系统,-6.1,42.82,4061,正常
2016/03/23 07:23:04,65f60f3de55dae06d2f5011268b339d7b2589e5d,1f2f097d5882e0e1a25a833fa8b02894c88acb4d,持卡人消费,学士楼商务网关,-2.4,40.42,4062,正常
2016/03/23 11:47:34,65f60f3de55dae06d2f5011268b339d7b2589e5d,1f2f097d5882e0e1a25a833fa8b02894c88acb4d,存款,学苑楼综合业务2,300.0,340.42,4063,正常
2016/03/23 11:51:34,65f60f3de55dae06d2f5011268b339d7b2589e5d,1f2f097d5882e0e1a25a833fa8b02894c88acb4d,持卡人消费,学苑楼商务网关,-10.0,330.42,4064,正常
2016/03/23 11:52:42,65f60f3de55dae06d2f5011268b339d7b2589e5d,1f2f097d5882e0e1a25a833fa8b02894c88acb4d,持卡人消费,学苑楼商务网关,-0.6,329.82,4065,正常
2016/03/23 17:45:30,65f60f3de55dae06d2f5011268b339d7b2589e5d,1f2f097d5882e0e1a25a833fa8b02894c88acb4d,持卡人消费,学苑楼商务网关,-13.0,316.82,4066,正常
2016/03/24 07:05:34,65f60f3de55dae06d2f5011268b339d7b2589e5d,1f2f097d5882e0e1a25a833fa8b02894c88acb4d,持卡人消费,学士楼商务网关,-3.4,313.42,4067,正常
2016/03/24 11:20:15,65f60f3de55dae06d2f5011268b339d7b2589e5d,1f2f097d5882e0e1a25a833fa8b02894c88acb4d,持卡人消费,学苑楼商务网关,-7.0,306.42,4068,正常
2016/03/24 17:44:59,65f60f3de55dae06d2f5011268b339d7b2589e5d,1f2f097d5882e0e1a25a833fa8b02894c88acb4d,持卡人消费,学苑楼商务网关,-9.0,297.42,4069,正常
2016/03/25 07:24:56,65f60f3de55dae06d2f5011268b339d7b2589e5d,1f2f097d5882e0e1a25a833fa8b02894c88acb4d,持卡人消费,学士楼商务网关,-2.4,295.02,4070,正常
2016/03/25 11:44:49,65f60f3de55dae06d2f5011268b339d7b2589e5d,1f2f097d5882e0e1a25a833fa8b02894c88acb4d,持卡人消费,学苑楼商务网关,-7.0,288.02,4071,正常
2016/03/25 17:04:52,65f60f3de55dae06d2f5011268b339d7b2589e5d,1f2f097d5882e0e1a25a833fa8b02894c88acb4d,持卡人消费,南苑网关,-4.1,283.92,4072,正常
2016/03/26 07:02:43,65f60f3de55dae06d2f5011268b339d7b2589e5d,1f2f097d5882e0e1a25a833fa8b02894c88acb4d,持卡人消费,学士楼商务网关,-2.9,281.02,4073,正常
2016/03/26 12:05:56,65f60f3de55dae06d2f5011268b339d7b2589e5d,1f2f097d5882e0e1a25a833fa8b02894c88acb4d,持卡人消费,学苑楼商务网关,-8.8,272.22,4074,正常
2016/03/27 07:11:31,65f60f3de55dae06d2f5011268b339d7b2589e5d,1f2f097d5882e0e1a25a833fa8b02894c88acb4d,持卡人消费,学士楼商务网关,-2.4,269.82,4075,正常
2016/03/27 11:52:10,65f60f3de55dae06d2f5011268b339d7b2589e5d,1f2f097d5882e0e1a25a833fa8b02894c88acb4d,持卡人消费,学苑楼商务网关,-10.0,259.82,4076,正常
2016/03/27 17:14:11,65f60f3de55dae06d2f5011268b339d7b2589e5d,1f2f097d5882e0e1a25a833fa8b02894c88acb4d,持卡人消费,南苑网关,-3.0,256.82,4077,正常
2016/03/28 07:02:05,65f60f3de55dae06d2f5011268b339d7b2589e5d,1f2f097d5882e0e1a25a833fa8b02894c88acb4d,持卡人消费,学士楼商务网关,-3.4,253.42,4078,正常
2016/03/28 11:40:30,65f60f3de55dae06d2f5011268b339d7b2589e5d,1f2f097d5882e0e1a25a833fa8b02894c88acb4d,持卡人消费,学苑楼商务网关,-6.0,247.42,4079,正常
2016/03/28 11:41:01,65f60f3de55dae06d2f5011268b339d7b2589e5d,1f2f097d5882e0e1a25a833fa8b02894c88acb4d,持卡人消费,学苑楼商务网关,-0.6,246.82,4080,正常
2016/03/28 17:54:40,65f60f3de55dae06d2f5011268b339d7b2589e5d,1f2f097d5882e0e1a25a833fa8b02894c88acb4d,持卡人消费,学苑楼商务网关,-9.0,237.82,4081,正常
2016/03/28 20:58:55,65f60f3de55dae06d2f5011268b339d7b2589e5d,1f2f097d5882e0e1a25a833fa8b02894c88acb4d,持卡人消费,硕果园（工大商店）,-4.0,233.82,4082,正常
2016/03/29 08:51:36,65f60f3de55dae06d2f5011268b339d7b2589e5d,1f2f097d5882e0e1a25a833fa8b02894c88acb4d,持卡人消费,学士楼商务网关,-1.5,232.32,4083,正常
2016/03/29 09:06:06,65f60f3de55dae06d2f5011268b339d7b2589e5d,1f2f097d5882e0e1a25a833fa8b02894c88acb4d,持卡人消费,游泳馆,-6.0,226.32,4084,正常
2016/03/29 11:46:22,65f60f3de55dae06d2f5011268b339d7b2589e5d,1f2f097d5882e0e1a25a833fa8b02894c88acb4d,持卡人消费,硕果园（工大商店）,-12.0,214.32,4085,正常
2016/03/29 19:55:56,65f60f3de55dae06d2f5011268b339d7b2589e5d,1f2f097d5882e0e1a25a833fa8b02894c88acb4d,持卡人消费,硕果园（工大商店）,-8.0,206.32,4086,正常
2016/03/29 20:15:47,65f60f3de55dae06d2f5011268b339d7b2589e5d,1f2f097d5882e0e1a25a833fa8b02894c88acb4d,持卡人消费,超市商务子系统,-15.7,190.62,4087,正常
2016/03/29 20:18:12,65f60f3de55dae06d2f5011268b339d7b2589e5d,1f2f097d5882e0e1a25a833fa8b02894c88acb4d,持卡人消费,超市商务子系统,-3.5,187.12,4088,正常
2016/03/30 07:00:27,65f60f3de55dae06d2f5011268b339d7b2589e5d,1f2f097d5882e0e1a25a833fa8b02894c88acb4d,持卡人消费,学士楼商务网关,-2.6,184.52,4089,正常
2016/03/30 11:39:35,65f60f3de55dae06d2f5011268b339d7b2589e5d,1f2f097d5882e0e1a25a833fa8b02894c88acb4d,持卡人消费,学苑楼商务网关,-8.0,176.52,4090,正常
2016/03/30 17:17:13,65f60f3de55dae06d2f5011268b339d7b2589e5d,1f2f097d5882e0e1a25a833fa8b02894c88acb4d,持卡人消费,南苑网关,-5.0,171.52,4091,正常
2016/03/30 17:17:15,65f60f3de55dae06d2f5011268b339d7b2589e5d,1f2f097d5882e0e1a25a833fa8b02894c88acb4d,持卡人消费,南苑网关,-0.6,170.92,4092,正常
2016/03/31 06:56:29,65f60f3de55dae06d2f5011268b339d7b2589e5d,1f2f097d5882e0e1a25a833fa8b02894c88acb4d,持卡人消费,学士楼商务网关,-5.4,165.52,4093,正常
2016/03/31 11:44:29,65f60f3de55dae06d2f5011268b339d7b2589e5d,1f2f097d5882e0e1a25a833fa8b02894c88acb4d,持卡人消费,学苑楼商务网关,-7.0,158.52,4094,正常
2016/03/31 17:29:52,65f60f3de55dae06d2f5011268b339d7b2589e5d,1f2f097d5882e0e1a25a833fa8b02894c88acb4d,持卡人消费,学苑楼商务网关,-7.0,151.52,4095,正常
