交易发生时间,学号,姓名,交易类型,子系统名称,交易额,现有余额,次数,状态
2016/03/10 17:16:24,296747e5a31e87b915e5fa4b976504f7cef0a064,1f31192f4807cfe01e646c3e85d6ce4e0043dba1,持卡人消费,九食堂商务网关,-12.0,26.95,2210,正常
2016/03/10 22:18:45,296747e5a31e87b915e5fa4b976504f7cef0a064,1f31192f4807cfe01e646c3e85d6ce4e0043dba1,持卡人消费,学子便利店B07,-7.3,19.65,2211,正常
2016/03/11 11:32:12,296747e5a31e87b915e5fa4b976504f7cef0a064,1f31192f4807cfe01e646c3e85d6ce4e0043dba1,持卡人消费,九食堂商务网关,-10.0,9.65,2212,正常
2016/03/11 21:38:41,296747e5a31e87b915e5fa4b976504f7cef0a064,1f31192f4807cfe01e646c3e85d6ce4e0043dba1,持卡人消费,学子便利店B07,-6.4,3.25,2213,正常
2016/03/12 10:37:22,296747e5a31e87b915e5fa4b976504f7cef0a064,1f31192f4807cfe01e646c3e85d6ce4e0043dba1,存款,现金充值机,100.0,103.25,2214,正常
2016/03/12 11:05:08,296747e5a31e87b915e5fa4b976504f7cef0a064,1f31192f4807cfe01e646c3e85d6ce4e0043dba1,持卡人消费,九食堂商务网关,-9.0,94.25,2215,正常
2016/03/12 17:30:16,296747e5a31e87b915e5fa4b976504f7cef0a064,1f31192f4807cfe01e646c3e85d6ce4e0043dba1,持卡人消费,四食堂商务网关,-5.4,88.85,2216,正常
2016/03/12 17:30:54,296747e5a31e87b915e5fa4b976504f7cef0a064,1f31192f4807cfe01e646c3e85d6ce4e0043dba1,持卡人消费,四食堂商务网关,-6.0,82.85,2217,正常
2016/03/14 07:06:48,296747e5a31e87b915e5fa4b976504f7cef0a064,1f31192f4807cfe01e646c3e85d6ce4e0043dba1,持卡人消费,五食堂商务网关,-4.5,45.35,2222,正常
2016/03/14 17:25:21,296747e5a31e87b915e5fa4b976504f7cef0a064,1f31192f4807cfe01e646c3e85d6ce4e0043dba1,持卡人消费,九食堂商务网关,-11.0,34.35,2223,正常
2016/03/14 21:28:07,296747e5a31e87b915e5fa4b976504f7cef0a064,1f31192f4807cfe01e646c3e85d6ce4e0043dba1,持卡人消费,学子便利店B07,-6.1,28.25,2224,正常
2016/03/26 11:24:00,296747e5a31e87b915e5fa4b976504f7cef0a064,1f31192f4807cfe01e646c3e85d6ce4e0043dba1,持卡人消费,九食堂商务网关,-11.0,17.25,2225,正常
2016/03/26 16:48:41,296747e5a31e87b915e5fa4b976504f7cef0a064,1f31192f4807cfe01e646c3e85d6ce4e0043dba1,持卡人消费,九食堂商务网关,-7.0,10.25,2226,正常
2016/03/26 16:48:43,296747e5a31e87b915e5fa4b976504f7cef0a064,1f31192f4807cfe01e646c3e85d6ce4e0043dba1,持卡人消费,九食堂商务网关,-1.0,9.25,2227,正常
2016/03/26 22:11:27,296747e5a31e87b915e5fa4b976504f7cef0a064,1f31192f4807cfe01e646c3e85d6ce4e0043dba1,持卡人消费,学子便利店B07,-2.8,6.45,2228,正常
2016/03/28 11:22:32,296747e5a31e87b915e5fa4b976504f7cef0a064,1f31192f4807cfe01e646c3e85d6ce4e0043dba1,存款,2区卡中心综合业务,100.0,106.45,2229,正常
2016/03/28 11:24:22,296747e5a31e87b915e5fa4b976504f7cef0a064,1f31192f4807cfe01e646c3e85d6ce4e0043dba1,持卡人消费,九食堂商务网关,-11.0,95.45,2230,正常
2016/03/28 17:10:12,296747e5a31e87b915e5fa4b976504f7cef0a064,1f31192f4807cfe01e646c3e85d6ce4e0043dba1,持卡人消费,学子便利店B07,-17.7,77.75,2231,正常
2016/03/28 19:16:05,296747e5a31e87b915e5fa4b976504f7cef0a064,1f31192f4807cfe01e646c3e85d6ce4e0043dba1,持卡人消费,学子便利店B07,-7.0,70.75,2232,正常
2016/03/29 11:51:15,296747e5a31e87b915e5fa4b976504f7cef0a064,1f31192f4807cfe01e646c3e85d6ce4e0043dba1,持卡人消费,五食堂商务网关,-8.0,62.75,2233,正常
2016/03/30 11:46:26,296747e5a31e87b915e5fa4b976504f7cef0a064,1f31192f4807cfe01e646c3e85d6ce4e0043dba1,持卡人消费,九食堂商务网关,-13.0,49.75,2234,正常
2016/03/31 15:01:38,296747e5a31e87b915e5fa4b976504f7cef0a064,1f31192f4807cfe01e646c3e85d6ce4e0043dba1,持卡人消费,学子便利店B07,-7.5,42.25,2235,正常
2016/03/31 16:57:51,296747e5a31e87b915e5fa4b976504f7cef0a064,1f31192f4807cfe01e646c3e85d6ce4e0043dba1,持卡人消费,学子便利店B07,-2.0,40.25,2236,正常
