交易发生时间,学号,姓名,交易类型,子系统名称,交易额,现有余额,次数,状态
2016/04/01 07:42:19,2f15ffd51efacc81932ad42b9fafeed638b4389d,005b0238c5b3d636463ab9e42893b6ea81c0ab0b,持卡人消费,学士楼商务网关,-2.3,52.08,4172,正常
2016/04/01 12:08:41,2f15ffd51efacc81932ad42b9fafeed638b4389d,005b0238c5b3d636463ab9e42893b6ea81c0ab0b,持卡人消费,学苑楼商务网关,-9.0,43.08,4173,正常
2016/04/01 15:53:18,2f15ffd51efacc81932ad42b9fafeed638b4389d,005b0238c5b3d636463ab9e42893b6ea81c0ab0b,持卡人消费,超市商务子系统,-7.0,36.08,4174,正常
2016/04/02 07:25:12,2f15ffd51efacc81932ad42b9fafeed638b4389d,005b0238c5b3d636463ab9e42893b6ea81c0ab0b,持卡人消费,硕果园（工大商店）,-5.0,31.08,4175,正常
2016/04/02 11:23:40,2f15ffd51efacc81932ad42b9fafeed638b4389d,005b0238c5b3d636463ab9e42893b6ea81c0ab0b,持卡人消费,学苑楼商务网关,-8.0,23.08,4176,正常
2016/04/03 06:35:29,2f15ffd51efacc81932ad42b9fafeed638b4389d,005b0238c5b3d636463ab9e42893b6ea81c0ab0b,存款,现金充值机,20.0,43.08,4177,正常
2016/04/03 17:01:43,2f15ffd51efacc81932ad42b9fafeed638b4389d,005b0238c5b3d636463ab9e42893b6ea81c0ab0b,持卡人消费,学士楼商务网关,-3.0,40.08,4178,正常
2016/04/03 17:02:00,2f15ffd51efacc81932ad42b9fafeed638b4389d,005b0238c5b3d636463ab9e42893b6ea81c0ab0b,持卡人消费,学士楼商务网关,-2.0,38.08,4179,正常
2016/04/04 12:09:27,2f15ffd51efacc81932ad42b9fafeed638b4389d,005b0238c5b3d636463ab9e42893b6ea81c0ab0b,持卡人消费,学士楼商务网关,-3.0,35.08,4180,正常
2016/04/04 12:09:54,2f15ffd51efacc81932ad42b9fafeed638b4389d,005b0238c5b3d636463ab9e42893b6ea81c0ab0b,持卡人消费,学士楼商务网关,-1.5,33.58,4181,正常
2016/04/05 12:34:41,2f15ffd51efacc81932ad42b9fafeed638b4389d,005b0238c5b3d636463ab9e42893b6ea81c0ab0b,持卡人消费,学士楼商务网关,-3.6,29.98,4182,正常
2016/04/05 18:09:08,2f15ffd51efacc81932ad42b9fafeed638b4389d,005b0238c5b3d636463ab9e42893b6ea81c0ab0b,持卡人消费,学苑楼商务网关,-7.0,22.98,4183,正常
2016/04/05 18:28:11,2f15ffd51efacc81932ad42b9fafeed638b4389d,005b0238c5b3d636463ab9e42893b6ea81c0ab0b,持卡人消费,超市商务子系统,-11.3,11.68,4184,正常
2016/04/06 11:14:33,2f15ffd51efacc81932ad42b9fafeed638b4389d,005b0238c5b3d636463ab9e42893b6ea81c0ab0b,持卡人消费,学士楼商务网关,-8.0,3.68,4185,正常
2016/04/06 16:49:58,2f15ffd51efacc81932ad42b9fafeed638b4389d,005b0238c5b3d636463ab9e42893b6ea81c0ab0b,存款,现金充值机,100.0,103.68,4186,正常
2016/04/06 17:06:19,2f15ffd51efacc81932ad42b9fafeed638b4389d,005b0238c5b3d636463ab9e42893b6ea81c0ab0b,持卡人消费,学苑楼商务网关,-9.0,94.68,4187,正常
2016/04/07 06:58:16,2f15ffd51efacc81932ad42b9fafeed638b4389d,005b0238c5b3d636463ab9e42893b6ea81c0ab0b,持卡人消费,学士楼商务网关,-2.8,91.88,4188,正常
2016/04/08 11:40:07,2f15ffd51efacc81932ad42b9fafeed638b4389d,005b0238c5b3d636463ab9e42893b6ea81c0ab0b,持卡人消费,学士楼商务网关,-8.0,83.88,4189,正常
2016/04/08 17:23:31,2f15ffd51efacc81932ad42b9fafeed638b4389d,005b0238c5b3d636463ab9e42893b6ea81c0ab0b,持卡人消费,学苑楼商务网关,-7.0,76.88,4190,正常
2016/04/08 17:37:46,2f15ffd51efacc81932ad42b9fafeed638b4389d,005b0238c5b3d636463ab9e42893b6ea81c0ab0b,持卡人消费,超市商务子系统,-4.7,72.18,4191,正常
2016/04/09 10:36:43,2f15ffd51efacc81932ad42b9fafeed638b4389d,005b0238c5b3d636463ab9e42893b6ea81c0ab0b,持卡人消费,身份前置机,-0.83,71.35,4192,正常
2016/04/09 11:09:38,2f15ffd51efacc81932ad42b9fafeed638b4389d,005b0238c5b3d636463ab9e42893b6ea81c0ab0b,持卡人消费,学苑楼商务网关,-5.0,66.35,4193,正常
2016/04/09 11:22:53,2f15ffd51efacc81932ad42b9fafeed638b4389d,005b0238c5b3d636463ab9e42893b6ea81c0ab0b,持卡人消费,超市商务子系统,-5.6,60.75,4194,正常
2016/04/09 11:23:57,2f15ffd51efacc81932ad42b9fafeed638b4389d,005b0238c5b3d636463ab9e42893b6ea81c0ab0b,持卡人消费,超市商务子系统,-1.7,59.05,4195,正常
2016/04/09 17:33:55,2f15ffd51efacc81932ad42b9fafeed638b4389d,005b0238c5b3d636463ab9e42893b6ea81c0ab0b,持卡人消费,学士楼商务网关,-4.1,54.95,4196,正常
2016/04/10 11:09:03,2f15ffd51efacc81932ad42b9fafeed638b4389d,005b0238c5b3d636463ab9e42893b6ea81c0ab0b,持卡人消费,学士楼商务网关,-3.0,51.95,4197,正常
2016/04/10 11:09:35,2f15ffd51efacc81932ad42b9fafeed638b4389d,005b0238c5b3d636463ab9e42893b6ea81c0ab0b,持卡人消费,学士楼商务网关,-2.0,49.95,4198,正常
2016/04/10 17:00:01,2f15ffd51efacc81932ad42b9fafeed638b4389d,005b0238c5b3d636463ab9e42893b6ea81c0ab0b,持卡人消费,学士楼商务网关,-3.6,46.35,4199,正常
2016/04/11 11:30:21,2f15ffd51efacc81932ad42b9fafeed638b4389d,005b0238c5b3d636463ab9e42893b6ea81c0ab0b,持卡人消费,学苑楼商务网关,-8.0,38.35,4200,正常
2016/04/11 11:55:07,2f15ffd51efacc81932ad42b9fafeed638b4389d,005b0238c5b3d636463ab9e42893b6ea81c0ab0b,持卡人消费,超市商务子系统,-6.3,32.05,4201,正常
2016/04/11 17:42:45,2f15ffd51efacc81932ad42b9fafeed638b4389d,005b0238c5b3d636463ab9e42893b6ea81c0ab0b,持卡人消费,学士楼商务网关,-4.1,27.95,4202,正常
2016/04/11 17:43:46,2f15ffd51efacc81932ad42b9fafeed638b4389d,005b0238c5b3d636463ab9e42893b6ea81c0ab0b,持卡人消费,学士楼商务网关,-2.0,25.95,4203,正常
2016/04/12 08:56:10,2f15ffd51efacc81932ad42b9fafeed638b4389d,005b0238c5b3d636463ab9e42893b6ea81c0ab0b,持卡人消费,学士楼商务网关,-1.8,24.15,4204,正常
2016/04/12 09:05:28,2f15ffd51efacc81932ad42b9fafeed638b4389d,005b0238c5b3d636463ab9e42893b6ea81c0ab0b,持卡人消费,A2,-6.0,18.15,4205,正常
2016/04/12 11:19:05,2f15ffd51efacc81932ad42b9fafeed638b4389d,005b0238c5b3d636463ab9e42893b6ea81c0ab0b,持卡人消费,学苑楼商务网关,-7.0,11.15,4206,正常
2016/04/12 11:36:42,2f15ffd51efacc81932ad42b9fafeed638b4389d,005b0238c5b3d636463ab9e42893b6ea81c0ab0b,存款,卡中心综合业务,100.0,111.15,4207,正常
2016/04/12 17:34:19,2f15ffd51efacc81932ad42b9fafeed638b4389d,005b0238c5b3d636463ab9e42893b6ea81c0ab0b,持卡人消费,学士楼商务网关,-4.1,107.05,4208,正常
2016/04/13 07:25:47,2f15ffd51efacc81932ad42b9fafeed638b4389d,005b0238c5b3d636463ab9e42893b6ea81c0ab0b,持卡人消费,学士楼商务网关,-3.8,103.25,4209,正常
2016/04/13 07:27:02,2f15ffd51efacc81932ad42b9fafeed638b4389d,005b0238c5b3d636463ab9e42893b6ea81c0ab0b,持卡人消费,学士楼商务网关,-1.5,101.75,4210,正常
2016/04/13 11:52:12,2f15ffd51efacc81932ad42b9fafeed638b4389d,005b0238c5b3d636463ab9e42893b6ea81c0ab0b,持卡人消费,学士楼商务网关,-5.1,96.65,4211,正常
2016/04/13 14:42:34,2f15ffd51efacc81932ad42b9fafeed638b4389d,005b0238c5b3d636463ab9e42893b6ea81c0ab0b,持卡人消费,15公寓浴池,-0.48,96.17,4213,正常
2016/04/13 14:53:06,2f15ffd51efacc81932ad42b9fafeed638b4389d,005b0238c5b3d636463ab9e42893b6ea81c0ab0b,持卡人消费,15公寓浴池,-2.0,94.17,4214,正常
2016/04/13 14:54:37,2f15ffd51efacc81932ad42b9fafeed638b4389d,005b0238c5b3d636463ab9e42893b6ea81c0ab0b,持卡人消费,15公寓浴池,-0.22,93.95,4215,正常
2016/04/13 17:25:37,2f15ffd51efacc81932ad42b9fafeed638b4389d,005b0238c5b3d636463ab9e42893b6ea81c0ab0b,持卡人消费,学子楼商务网关,-3.0,90.95,4216,正常
2016/04/13 17:26:23,2f15ffd51efacc81932ad42b9fafeed638b4389d,005b0238c5b3d636463ab9e42893b6ea81c0ab0b,持卡人消费,学子楼商务网关,-2.0,88.95,4217,正常
2016/04/13 17:26:59,2f15ffd51efacc81932ad42b9fafeed638b4389d,005b0238c5b3d636463ab9e42893b6ea81c0ab0b,持卡人消费,学子楼商务网关,-1.0,87.95,4218,正常
2016/04/14 08:13:10,2f15ffd51efacc81932ad42b9fafeed638b4389d,005b0238c5b3d636463ab9e42893b6ea81c0ab0b,持卡人消费,学士楼商务网关,-1.8,86.15,4219,正常
2016/04/14 11:51:04,2f15ffd51efacc81932ad42b9fafeed638b4389d,005b0238c5b3d636463ab9e42893b6ea81c0ab0b,持卡人消费,学士楼商务网关,-6.6,79.55,4220,正常
2016/04/14 12:11:57,2f15ffd51efacc81932ad42b9fafeed638b4389d,005b0238c5b3d636463ab9e42893b6ea81c0ab0b,持卡人消费,超市商务子系统,-3.4,76.15,4221,正常
2016/04/14 17:23:51,2f15ffd51efacc81932ad42b9fafeed638b4389d,005b0238c5b3d636463ab9e42893b6ea81c0ab0b,持卡人消费,学士楼商务网关,-5.3,70.85,4222,正常
2016/04/14 20:09:21,2f15ffd51efacc81932ad42b9fafeed638b4389d,005b0238c5b3d636463ab9e42893b6ea81c0ab0b,持卡人消费,超市商务子系统,-3.7,67.15,4223,正常
2016/04/14 20:11:55,2f15ffd51efacc81932ad42b9fafeed638b4389d,005b0238c5b3d636463ab9e42893b6ea81c0ab0b,持卡人消费,超市商务子系统,-2.4,64.75,4224,正常
2016/04/15 14:41:08,2f15ffd51efacc81932ad42b9fafeed638b4389d,005b0238c5b3d636463ab9e42893b6ea81c0ab0b,持卡人消费,硕果园（工大商店）,-7.0,57.75,4225,正常
2016/04/15 19:47:20,2f15ffd51efacc81932ad42b9fafeed638b4389d,005b0238c5b3d636463ab9e42893b6ea81c0ab0b,持卡人消费,一区图书馆APOS,-0.1,57.65,4226,正常
2016/04/15 20:24:14,2f15ffd51efacc81932ad42b9fafeed638b4389d,005b0238c5b3d636463ab9e42893b6ea81c0ab0b,持卡人消费,超市商务子系统,-4.8,52.85,4227,正常
2016/04/15 20:25:03,2f15ffd51efacc81932ad42b9fafeed638b4389d,005b0238c5b3d636463ab9e42893b6ea81c0ab0b,持卡人消费,超市商务子系统,-2.1,50.75,4228,正常
2016/04/16 07:47:20,2f15ffd51efacc81932ad42b9fafeed638b4389d,005b0238c5b3d636463ab9e42893b6ea81c0ab0b,持卡人消费,学士楼商务网关,-1.8,48.95,4229,正常
2016/04/16 11:08:09,2f15ffd51efacc81932ad42b9fafeed638b4389d,005b0238c5b3d636463ab9e42893b6ea81c0ab0b,持卡人消费,学士楼商务网关,-4.1,44.85,4230,正常
2016/04/18 07:15:52,2f15ffd51efacc81932ad42b9fafeed638b4389d,005b0238c5b3d636463ab9e42893b6ea81c0ab0b,持卡人消费,学士楼商务网关,-1.5,43.35,4231,正常
2016/04/18 11:19:11,2f15ffd51efacc81932ad42b9fafeed638b4389d,005b0238c5b3d636463ab9e42893b6ea81c0ab0b,持卡人消费,学士楼商务网关,-3.6,39.75,4232,正常
2016/04/18 15:42:50,2f15ffd51efacc81932ad42b9fafeed638b4389d,005b0238c5b3d636463ab9e42893b6ea81c0ab0b,持卡人消费,超市商务子系统,-6.3,33.45,4233,正常
2016/04/18 15:44:05,2f15ffd51efacc81932ad42b9fafeed638b4389d,005b0238c5b3d636463ab9e42893b6ea81c0ab0b,持卡人消费,超市商务子系统,-3.9,29.55,4234,正常
2016/04/19 07:33:28,2f15ffd51efacc81932ad42b9fafeed638b4389d,005b0238c5b3d636463ab9e42893b6ea81c0ab0b,持卡人消费,学士楼商务网关,-1.5,28.05,4235,正常
2016/04/19 16:20:39,2f15ffd51efacc81932ad42b9fafeed638b4389d,005b0238c5b3d636463ab9e42893b6ea81c0ab0b,持卡人消费,超市商务子系统,-3.5,24.55,4236,正常
2016/04/19 16:30:16,2f15ffd51efacc81932ad42b9fafeed638b4389d,005b0238c5b3d636463ab9e42893b6ea81c0ab0b,持卡人消费,超市商务子系统,-4.5,20.05,4237,正常
2016/04/19 17:15:34,2f15ffd51efacc81932ad42b9fafeed638b4389d,005b0238c5b3d636463ab9e42893b6ea81c0ab0b,持卡人消费,学士楼商务网关,-3.0,17.05,4238,正常
2016/04/19 17:17:01,2f15ffd51efacc81932ad42b9fafeed638b4389d,005b0238c5b3d636463ab9e42893b6ea81c0ab0b,持卡人消费,学士楼商务网关,-0.5,16.55,4239,正常
2016/04/19 17:29:11,2f15ffd51efacc81932ad42b9fafeed638b4389d,005b0238c5b3d636463ab9e42893b6ea81c0ab0b,存款,学苑楼综合业务2,100.0,116.55,4240,正常
2016/04/19 17:34:53,2f15ffd51efacc81932ad42b9fafeed638b4389d,005b0238c5b3d636463ab9e42893b6ea81c0ab0b,持卡人消费,超市商务子系统,-9.3,107.25,4241,正常
2016/04/20 17:50:48,2f15ffd51efacc81932ad42b9fafeed638b4389d,005b0238c5b3d636463ab9e42893b6ea81c0ab0b,持卡人消费,超市商务子系统,-11.7,95.55,4242,正常
2016/04/20 17:55:45,2f15ffd51efacc81932ad42b9fafeed638b4389d,005b0238c5b3d636463ab9e42893b6ea81c0ab0b,持卡人消费,超市商务子系统,-3.5,92.05,4243,正常
2016/04/21 08:07:14,2f15ffd51efacc81932ad42b9fafeed638b4389d,005b0238c5b3d636463ab9e42893b6ea81c0ab0b,持卡人消费,学苑楼商务网关,-1.3,90.75,4244,正常
2016/04/21 11:37:52,2f15ffd51efacc81932ad42b9fafeed638b4389d,005b0238c5b3d636463ab9e42893b6ea81c0ab0b,持卡人消费,学苑楼商务网关,-7.6,83.15,4245,正常
2016/04/21 11:42:30,2f15ffd51efacc81932ad42b9fafeed638b4389d,005b0238c5b3d636463ab9e42893b6ea81c0ab0b,持卡人消费,学苑楼商务网关,-2.0,81.15,4246,正常
2016/04/21 20:00:42,2f15ffd51efacc81932ad42b9fafeed638b4389d,005b0238c5b3d636463ab9e42893b6ea81c0ab0b,持卡人消费,硕果园（工大商店）,-14.0,67.15,4247,正常
2016/04/21 20:01:11,2f15ffd51efacc81932ad42b9fafeed638b4389d,005b0238c5b3d636463ab9e42893b6ea81c0ab0b,持卡人消费,硕果园（工大商店）,-6.0,61.15,4248,正常
2016/04/22 11:04:16,2f15ffd51efacc81932ad42b9fafeed638b4389d,005b0238c5b3d636463ab9e42893b6ea81c0ab0b,持卡人消费,学士楼商务网关,-4.1,57.05,4249,正常
2016/04/23 11:18:19,2f15ffd51efacc81932ad42b9fafeed638b4389d,005b0238c5b3d636463ab9e42893b6ea81c0ab0b,持卡人消费,学士楼商务网关,-3.6,53.45,4250,正常
2016/04/23 17:17:28,2f15ffd51efacc81932ad42b9fafeed638b4389d,005b0238c5b3d636463ab9e42893b6ea81c0ab0b,持卡人消费,学士楼商务网关,-6.4,47.05,4251,正常
2016/04/24 18:27:43,2f15ffd51efacc81932ad42b9fafeed638b4389d,005b0238c5b3d636463ab9e42893b6ea81c0ab0b,持卡人消费,超市商务子系统,-13.5,33.55,4252,正常
2016/04/24 18:30:38,2f15ffd51efacc81932ad42b9fafeed638b4389d,005b0238c5b3d636463ab9e42893b6ea81c0ab0b,持卡人消费,超市商务子系统,-1.2,32.35,4253,正常
2016/04/26 08:04:20,2f15ffd51efacc81932ad42b9fafeed638b4389d,005b0238c5b3d636463ab9e42893b6ea81c0ab0b,持卡人消费,学士楼商务网关,-2.8,29.55,4254,正常
2016/04/26 11:24:48,2f15ffd51efacc81932ad42b9fafeed638b4389d,005b0238c5b3d636463ab9e42893b6ea81c0ab0b,持卡人消费,学苑楼商务网关,-8.8,20.75,4255,正常
2016/04/26 11:57:35,2f15ffd51efacc81932ad42b9fafeed638b4389d,005b0238c5b3d636463ab9e42893b6ea81c0ab0b,持卡人消费,超市商务子系统,-9.9,10.85,4256,正常
2016/04/27 11:36:19,2f15ffd51efacc81932ad42b9fafeed638b4389d,005b0238c5b3d636463ab9e42893b6ea81c0ab0b,持卡人消费,超市商务子系统,-3.6,7.25,4257,正常
2016/04/27 15:48:14,2f15ffd51efacc81932ad42b9fafeed638b4389d,005b0238c5b3d636463ab9e42893b6ea81c0ab0b,持卡人消费,超市商务子系统,-3.5,3.75,4258,正常
2016/04/27 15:54:07,2f15ffd51efacc81932ad42b9fafeed638b4389d,005b0238c5b3d636463ab9e42893b6ea81c0ab0b,持卡人消费,超市商务子系统,-1.7,2.05,4259,正常
2016/04/27 16:41:32,2f15ffd51efacc81932ad42b9fafeed638b4389d,005b0238c5b3d636463ab9e42893b6ea81c0ab0b,存款,现金充值机,50.0,52.05,4260,正常
2016/04/27 17:08:53,2f15ffd51efacc81932ad42b9fafeed638b4389d,005b0238c5b3d636463ab9e42893b6ea81c0ab0b,持卡人消费,学苑楼商务网关,-8.0,44.05,4261,正常
2016/04/27 17:10:53,2f15ffd51efacc81932ad42b9fafeed638b4389d,005b0238c5b3d636463ab9e42893b6ea81c0ab0b,持卡人消费,学苑楼商务网关,-1.98,42.07,4262,正常
2016/04/27 17:12:22,2f15ffd51efacc81932ad42b9fafeed638b4389d,005b0238c5b3d636463ab9e42893b6ea81c0ab0b,持卡人消费,学苑楼商务网关,-1.5,40.57,4263,正常
2016/04/27 17:34:25,2f15ffd51efacc81932ad42b9fafeed638b4389d,005b0238c5b3d636463ab9e42893b6ea81c0ab0b,持卡人消费,超市商务子系统,-10.0,30.57,4264,正常
2016/04/27 20:26:24,2f15ffd51efacc81932ad42b9fafeed638b4389d,005b0238c5b3d636463ab9e42893b6ea81c0ab0b,持卡人消费,超市商务子系统,-23.9,6.67,4265,正常
2016/04/27 20:32:28,2f15ffd51efacc81932ad42b9fafeed638b4389d,005b0238c5b3d636463ab9e42893b6ea81c0ab0b,持卡人消费,超市商务子系统,-0.1,6.57,4266,正常
2016/04/27 20:34:49,2f15ffd51efacc81932ad42b9fafeed638b4389d,005b0238c5b3d636463ab9e42893b6ea81c0ab0b,持卡人消费,超市商务子系统,-0.1,6.47,4267,正常
2016/04/29 12:18:12,2f15ffd51efacc81932ad42b9fafeed638b4389d,005b0238c5b3d636463ab9e42893b6ea81c0ab0b,持卡人消费,学士楼商务网关,-3.6,2.87,4268,正常
2016/04/29 15:45:23,2f15ffd51efacc81932ad42b9fafeed638b4389d,005b0238c5b3d636463ab9e42893b6ea81c0ab0b,存款,现金充值机,100.0,102.87,4269,正常
2016/04/29 16:11:04,2f15ffd51efacc81932ad42b9fafeed638b4389d,005b0238c5b3d636463ab9e42893b6ea81c0ab0b,持卡人消费,超市商务子系统,-26.6,76.27,4270,正常
2016/04/29 19:58:51,2f15ffd51efacc81932ad42b9fafeed638b4389d,005b0238c5b3d636463ab9e42893b6ea81c0ab0b,持卡人消费,15公寓浴池,-1.86,74.41,4272,正常
2016/04/30 11:47:30,2f15ffd51efacc81932ad42b9fafeed638b4389d,005b0238c5b3d636463ab9e42893b6ea81c0ab0b,持卡人消费,学苑楼商务网关,-9.0,65.41,4273,正常
2016/04/30 12:04:13,2f15ffd51efacc81932ad42b9fafeed638b4389d,005b0238c5b3d636463ab9e42893b6ea81c0ab0b,持卡人消费,A2,-3.0,62.41,4274,正常
2016/04/30 17:25:54,2f15ffd51efacc81932ad42b9fafeed638b4389d,005b0238c5b3d636463ab9e42893b6ea81c0ab0b,持卡人消费,学苑楼商务网关,-9.0,53.41,4275,正常
