交易发生时间,学号,姓名,交易类型,子系统名称,交易额,现有余额,次数,状态
2016/04/04 16:54:39,f8bbb3d00a8ab698dae26677142830070d37daa5,0063ade4a0f60d6fbd69a2fbe89665d9cd6b3b37,持卡人消费,学苑楼商务网关,-6.0,1,248.81,3136,正常
2016/04/04 16:55:04,f8bbb3d00a8ab698dae26677142830070d37daa5,0063ade4a0f60d6fbd69a2fbe89665d9cd6b3b37,持卡人消费,学苑楼商务网关,-2.0,1,246.81,3137,正常
2016/04/04 17:10:46,f8bbb3d00a8ab698dae26677142830070d37daa5,0063ade4a0f60d6fbd69a2fbe89665d9cd6b3b37,持卡人消费,超市商务子系统,-3.5,1,243.31,3138,正常
2016/04/05 10:31:38,f8bbb3d00a8ab698dae26677142830070d37daa5,0063ade4a0f60d6fbd69a2fbe89665d9cd6b3b37,持卡人消费,学苑楼商务网关,-6.0,1,237.31,3139,正常
2016/04/06 14:09:18,f8bbb3d00a8ab698dae26677142830070d37daa5,0063ade4a0f60d6fbd69a2fbe89665d9cd6b3b37,持卡人消费,学子便利店A01后楼,-5.0,1,232.31,3140,正常
2016/04/07 12:47:59,f8bbb3d00a8ab698dae26677142830070d37daa5,0063ade4a0f60d6fbd69a2fbe89665d9cd6b3b37,持卡人消费,硕果园（工大商店）,-30.5,1,201.81,3141,正常
2016/04/07 15:20:24,f8bbb3d00a8ab698dae26677142830070d37daa5,0063ade4a0f60d6fbd69a2fbe89665d9cd6b3b37,持卡人消费,学子便利店A01后楼,-4.2,1,197.61,3142,正常
2016/04/08 10:14:32,f8bbb3d00a8ab698dae26677142830070d37daa5,0063ade4a0f60d6fbd69a2fbe89665d9cd6b3b37,持卡人消费,硕果园（工大商店）,-13.0,1,184.61,3143,正常
2016/04/08 10:31:56,f8bbb3d00a8ab698dae26677142830070d37daa5,0063ade4a0f60d6fbd69a2fbe89665d9cd6b3b37,持卡人消费,硕果园（工大商店）,-2.0,1,182.61,3144,正常
2016/04/08 13:31:15,f8bbb3d00a8ab698dae26677142830070d37daa5,0063ade4a0f60d6fbd69a2fbe89665d9cd6b3b37,持卡人消费,硕果园（工大商店）,-15.0,1,167.61,3145,正常
2016/04/08 13:49:56,f8bbb3d00a8ab698dae26677142830070d37daa5,0063ade4a0f60d6fbd69a2fbe89665d9cd6b3b37,持卡人消费,硕果园（工大商店）,-11.0,1,156.61,3146,正常
2016/04/13 13:42:46,f8bbb3d00a8ab698dae26677142830070d37daa5,0063ade4a0f60d6fbd69a2fbe89665d9cd6b3b37,持卡人消费,学子便利店A01后楼,-4.2,1,152.41,3147,正常
2016/04/14 09:16:30,f8bbb3d00a8ab698dae26677142830070d37daa5,0063ade4a0f60d6fbd69a2fbe89665d9cd6b3b37,持卡人消费,学子便利店A01后楼,-7.5,1,144.91,3148,正常
2016/04/14 11:36:15,f8bbb3d00a8ab698dae26677142830070d37daa5,0063ade4a0f60d6fbd69a2fbe89665d9cd6b3b37,持卡人消费,南苑网关,-13.44,1,131.47,3149,正常
2016/04/14 18:45:28,f8bbb3d00a8ab698dae26677142830070d37daa5,0063ade4a0f60d6fbd69a2fbe89665d9cd6b3b37,持卡人消费,超市商务子系统,-15.0,1,116.47,3150,正常
2016/04/18 19:27:59,f8bbb3d00a8ab698dae26677142830070d37daa5,0063ade4a0f60d6fbd69a2fbe89665d9cd6b3b37,持卡人消费,超市商务子系统,-14.0,1,102.47,3151,正常
2016/04/20 09:09:50,f8bbb3d00a8ab698dae26677142830070d37daa5,0063ade4a0f60d6fbd69a2fbe89665d9cd6b3b37,持卡人消费,硕果园（工大商店）,-12.0,1,090.47,3152,正常
2016/04/20 09:12:06,f8bbb3d00a8ab698dae26677142830070d37daa5,0063ade4a0f60d6fbd69a2fbe89665d9cd6b3b37,持卡人消费,硕果园（工大商店）,-1.0,1,089.47,3153,正常
2016/04/20 09:17:42,f8bbb3d00a8ab698dae26677142830070d37daa5,0063ade4a0f60d6fbd69a2fbe89665d9cd6b3b37,持卡人消费,硕果园（工大商店）,-5.0,1,084.47,3154,正常
2016/04/21 18:28:07,f8bbb3d00a8ab698dae26677142830070d37daa5,0063ade4a0f60d6fbd69a2fbe89665d9cd6b3b37,持卡人消费,学子便利店A01后楼,-8.7,1,075.77,3155,正常
2016/04/22 17:48:19,f8bbb3d00a8ab698dae26677142830070d37daa5,0063ade4a0f60d6fbd69a2fbe89665d9cd6b3b37,持卡人消费,学子便利店A01后楼,-4.5,1,071.27,3156,正常
2016/04/29 09:08:00,f8bbb3d00a8ab698dae26677142830070d37daa5,0063ade4a0f60d6fbd69a2fbe89665d9cd6b3b37,持卡人消费,学子便利店A01后楼,-5.7,1,065.57,3157,正常
