交易发生时间,学号,姓名,交易类型,子系统名称,交易额,现有余额,次数,状态
2016/04/01 11:40:41,ab3caa05015d79db2de6b1406af7ce2721138b41,00ab6085975b29a05a6c3e425be3a9f70da42db9,持卡人消费,学苑楼商务网关,-8.0,20.11,6031,正常
2016/04/01 13:33:20,ab3caa05015d79db2de6b1406af7ce2721138b41,00ab6085975b29a05a6c3e425be3a9f70da42db9,持卡人消费,学子便利店A01后楼,-3.4,16.71,6032,正常
2016/04/01 16:49:57,ab3caa05015d79db2de6b1406af7ce2721138b41,00ab6085975b29a05a6c3e425be3a9f70da42db9,持卡人消费,南苑网关,-8.1,8.61,6033,正常
2016/04/02 16:15:44,ab3caa05015d79db2de6b1406af7ce2721138b41,00ab6085975b29a05a6c3e425be3a9f70da42db9,持卡人消费,一校区水控新,-0.96,7.65,6035,正常
2016/04/02 16:28:38,ab3caa05015d79db2de6b1406af7ce2721138b41,00ab6085975b29a05a6c3e425be3a9f70da42db9,持卡人消费,一校区水控新,-1.62,6.03,6037,正常
2016/04/02 17:12:48,ab3caa05015d79db2de6b1406af7ce2721138b41,00ab6085975b29a05a6c3e425be3a9f70da42db9,存款,现金充值机,100.0,106.03,6038,正常
2016/04/02 17:47:03,ab3caa05015d79db2de6b1406af7ce2721138b41,00ab6085975b29a05a6c3e425be3a9f70da42db9,持卡人消费,超市商务子系统,-7.0,99.03,6039,正常
2016/04/02 17:48:52,ab3caa05015d79db2de6b1406af7ce2721138b41,00ab6085975b29a05a6c3e425be3a9f70da42db9,持卡人消费,超市商务子系统,-4.0,95.03,6040,正常
2016/04/03 10:49:46,ab3caa05015d79db2de6b1406af7ce2721138b41,00ab6085975b29a05a6c3e425be3a9f70da42db9,持卡人消费,学士楼商务网关,-8.0,87.03,6041,正常
2016/04/03 10:49:49,ab3caa05015d79db2de6b1406af7ce2721138b41,00ab6085975b29a05a6c3e425be3a9f70da42db9,持卡人消费,学士楼商务网关,-0.6,86.43,6042,正常
2016/04/05 09:39:34,ab3caa05015d79db2de6b1406af7ce2721138b41,00ab6085975b29a05a6c3e425be3a9f70da42db9,持卡人消费,超市商务子系统,-13.5,72.93,6043,正常
2016/04/05 11:37:52,ab3caa05015d79db2de6b1406af7ce2721138b41,00ab6085975b29a05a6c3e425be3a9f70da42db9,持卡人消费,南苑网关,-5.52,67.41,6044,正常
2016/04/05 16:47:18,ab3caa05015d79db2de6b1406af7ce2721138b41,00ab6085975b29a05a6c3e425be3a9f70da42db9,持卡人消费,学苑楼商务网关,-8.0,59.41,6045,正常
2016/04/05 16:48:21,ab3caa05015d79db2de6b1406af7ce2721138b41,00ab6085975b29a05a6c3e425be3a9f70da42db9,持卡人消费,学苑楼商务网关,-1.5,57.91,6046,正常
2016/04/05 20:13:54,ab3caa05015d79db2de6b1406af7ce2721138b41,00ab6085975b29a05a6c3e425be3a9f70da42db9,持卡人消费,一校区水控新,-0.51,57.40,6047,正常
2016/04/05 20:21:46,ab3caa05015d79db2de6b1406af7ce2721138b41,00ab6085975b29a05a6c3e425be3a9f70da42db9,持卡人消费,一校区水控新,-0.97,56.43,6048,正常
2016/04/05 20:27:14,ab3caa05015d79db2de6b1406af7ce2721138b41,00ab6085975b29a05a6c3e425be3a9f70da42db9,持卡人消费,一校区水控新,-0.56,55.87,6049,正常
2016/04/05 20:30:20,ab3caa05015d79db2de6b1406af7ce2721138b41,00ab6085975b29a05a6c3e425be3a9f70da42db9,持卡人消费,一校区水控新,-0.27,55.60,6050,正常
2016/04/05 22:12:19,ab3caa05015d79db2de6b1406af7ce2721138b41,00ab6085975b29a05a6c3e425be3a9f70da42db9,持卡人消费,学子便利店A01后楼,-0.1,55.50,6051,正常
2016/04/06 11:39:03,ab3caa05015d79db2de6b1406af7ce2721138b41,00ab6085975b29a05a6c3e425be3a9f70da42db9,持卡人消费,硕果园（工大商店）,-10.0,45.50,6052,正常
2016/04/06 14:26:20,ab3caa05015d79db2de6b1406af7ce2721138b41,00ab6085975b29a05a6c3e425be3a9f70da42db9,持卡人消费,学子便利店A01后楼,-4.2,41.30,6053,正常
2016/04/06 18:24:35,ab3caa05015d79db2de6b1406af7ce2721138b41,00ab6085975b29a05a6c3e425be3a9f70da42db9,持卡人消费,学苑楼商务网关,-7.0,34.30,6054,正常
2016/04/06 18:26:32,ab3caa05015d79db2de6b1406af7ce2721138b41,00ab6085975b29a05a6c3e425be3a9f70da42db9,持卡人消费,学苑楼商务网关,-1.5,32.80,6055,正常
2016/04/06 19:25:15,ab3caa05015d79db2de6b1406af7ce2721138b41,00ab6085975b29a05a6c3e425be3a9f70da42db9,持卡人消费,学子便利店A01后楼,-3.9,28.90,6056,正常
2016/04/07 11:20:43,ab3caa05015d79db2de6b1406af7ce2721138b41,00ab6085975b29a05a6c3e425be3a9f70da42db9,持卡人消费,学苑楼商务网关,-8.0,20.90,6057,正常
2016/04/07 11:22:00,ab3caa05015d79db2de6b1406af7ce2721138b41,00ab6085975b29a05a6c3e425be3a9f70da42db9,持卡人消费,学苑楼商务网关,-3.0,17.90,6058,正常
2016/04/07 13:32:55,ab3caa05015d79db2de6b1406af7ce2721138b41,00ab6085975b29a05a6c3e425be3a9f70da42db9,持卡人消费,学子便利店A01后楼,-3.9,14.00,6059,正常
2016/04/07 17:20:53,ab3caa05015d79db2de6b1406af7ce2721138b41,00ab6085975b29a05a6c3e425be3a9f70da42db9,持卡人消费,硕果园（工大商店）,-6.0,8.00,6060,正常
2016/04/07 20:36:31,ab3caa05015d79db2de6b1406af7ce2721138b41,00ab6085975b29a05a6c3e425be3a9f70da42db9,持卡人消费,一校区水控新,-1.06,6.94,6062,正常
2016/04/07 20:40:08,ab3caa05015d79db2de6b1406af7ce2721138b41,00ab6085975b29a05a6c3e425be3a9f70da42db9,持卡人消费,一校区水控新,-0.48,6.46,6064,正常
2016/04/07 20:43:27,ab3caa05015d79db2de6b1406af7ce2721138b41,00ab6085975b29a05a6c3e425be3a9f70da42db9,持卡人消费,一校区水控新,-0.1,6.36,6066,正常
2016/04/07 20:50:33,ab3caa05015d79db2de6b1406af7ce2721138b41,00ab6085975b29a05a6c3e425be3a9f70da42db9,持卡人消费,一校区水控新,-0.66,5.70,6068,正常
2016/04/08 08:19:16,ab3caa05015d79db2de6b1406af7ce2721138b41,00ab6085975b29a05a6c3e425be3a9f70da42db9,持卡人消费,学子便利店A01后楼,-4.0,1.70,6069,正常
2016/04/08 11:22:50,ab3caa05015d79db2de6b1406af7ce2721138b41,00ab6085975b29a05a6c3e425be3a9f70da42db9,存款,现金充值机,100.0,101.70,6070,正常
2016/04/08 11:47:17,ab3caa05015d79db2de6b1406af7ce2721138b41,00ab6085975b29a05a6c3e425be3a9f70da42db9,持卡人消费,南苑网关,-5.52,96.18,6071,正常
2016/04/08 18:02:22,ab3caa05015d79db2de6b1406af7ce2721138b41,00ab6085975b29a05a6c3e425be3a9f70da42db9,持卡人消费,学苑楼商务网关,-7.0,89.18,6072,正常
2016/04/09 18:45:06,ab3caa05015d79db2de6b1406af7ce2721138b41,00ab6085975b29a05a6c3e425be3a9f70da42db9,持卡人消费,一校区水控新,-0.3,88.88,6074,正常
2016/04/09 18:47:04,ab3caa05015d79db2de6b1406af7ce2721138b41,00ab6085975b29a05a6c3e425be3a9f70da42db9,持卡人消费,一校区水控新,-0.19,88.69,6076,正常
2016/04/09 18:49:14,ab3caa05015d79db2de6b1406af7ce2721138b41,00ab6085975b29a05a6c3e425be3a9f70da42db9,持卡人消费,一校区水控新,-0.3,88.39,6078,正常
2016/04/09 18:58:52,ab3caa05015d79db2de6b1406af7ce2721138b41,00ab6085975b29a05a6c3e425be3a9f70da42db9,持卡人消费,一校区水控新,-0.9,87.49,6080,正常
2016/04/10 10:57:17,ab3caa05015d79db2de6b1406af7ce2721138b41,00ab6085975b29a05a6c3e425be3a9f70da42db9,持卡人消费,学士楼商务网关,-3.6,83.89,6081,正常
2016/04/10 10:59:31,ab3caa05015d79db2de6b1406af7ce2721138b41,00ab6085975b29a05a6c3e425be3a9f70da42db9,持卡人消费,学士楼商务网关,-3.0,80.89,6082,正常
2016/04/10 16:47:49,ab3caa05015d79db2de6b1406af7ce2721138b41,00ab6085975b29a05a6c3e425be3a9f70da42db9,持卡人消费,学子便利店A01后楼,-7.6,73.29,6083,正常
2016/04/11 11:30:21,ab3caa05015d79db2de6b1406af7ce2721138b41,00ab6085975b29a05a6c3e425be3a9f70da42db9,持卡人消费,南苑网关,-7.68,65.61,6084,正常
2016/04/11 12:44:38,ab3caa05015d79db2de6b1406af7ce2721138b41,00ab6085975b29a05a6c3e425be3a9f70da42db9,持卡人消费,A1,-3.0,62.61,6085,正常
2016/04/11 17:12:36,ab3caa05015d79db2de6b1406af7ce2721138b41,00ab6085975b29a05a6c3e425be3a9f70da42db9,持卡人消费,学苑楼商务网关,-8.0,54.61,6086,正常
2016/04/11 17:14:05,ab3caa05015d79db2de6b1406af7ce2721138b41,00ab6085975b29a05a6c3e425be3a9f70da42db9,持卡人消费,学苑楼商务网关,-5.0,49.61,6087,正常
2016/04/12 12:01:02,ab3caa05015d79db2de6b1406af7ce2721138b41,00ab6085975b29a05a6c3e425be3a9f70da42db9,持卡人消费,学苑楼商务网关,-8.0,41.61,6088,正常
2016/04/12 12:05:00,ab3caa05015d79db2de6b1406af7ce2721138b41,00ab6085975b29a05a6c3e425be3a9f70da42db9,持卡人消费,学苑楼商务网关,-1.5,40.11,6089,正常
2016/04/12 20:32:51,ab3caa05015d79db2de6b1406af7ce2721138b41,00ab6085975b29a05a6c3e425be3a9f70da42db9,持卡人消费,一校区水控新,-0.8,39.31,6091,正常
2016/04/12 20:38:23,ab3caa05015d79db2de6b1406af7ce2721138b41,00ab6085975b29a05a6c3e425be3a9f70da42db9,持卡人消费,一校区水控新,-0.69,38.62,6093,正常
2016/04/12 20:38:43,ab3caa05015d79db2de6b1406af7ce2721138b41,00ab6085975b29a05a6c3e425be3a9f70da42db9,持卡人消费,一校区水控新,-0.03,38.59,6095,正常
2016/04/12 20:48:07,ab3caa05015d79db2de6b1406af7ce2721138b41,00ab6085975b29a05a6c3e425be3a9f70da42db9,持卡人消费,一校区水控新,-0.72,37.87,6097,正常
2016/04/13 16:50:44,ab3caa05015d79db2de6b1406af7ce2721138b41,00ab6085975b29a05a6c3e425be3a9f70da42db9,持卡人消费,硕果园（工大商店）,-26.0,11.87,6098,正常
2016/04/13 16:54:16,ab3caa05015d79db2de6b1406af7ce2721138b41,00ab6085975b29a05a6c3e425be3a9f70da42db9,持卡人消费,硕果园（工大商店）,-8.0,3.87,6099,正常
2016/04/13 17:06:11,ab3caa05015d79db2de6b1406af7ce2721138b41,00ab6085975b29a05a6c3e425be3a9f70da42db9,存款,现金充值机,100.0,103.87,6100,正常
2016/04/14 11:42:42,ab3caa05015d79db2de6b1406af7ce2721138b41,00ab6085975b29a05a6c3e425be3a9f70da42db9,持卡人消费,南苑网关,-10.08,93.79,6101,正常
2016/04/14 16:40:26,ab3caa05015d79db2de6b1406af7ce2721138b41,00ab6085975b29a05a6c3e425be3a9f70da42db9,持卡人消费,硕果园（工大商店）,-9.0,84.79,6102,正常
2016/04/15 11:35:59,ab3caa05015d79db2de6b1406af7ce2721138b41,00ab6085975b29a05a6c3e425be3a9f70da42db9,持卡人消费,南苑网关,-6.24,78.55,6103,正常
2016/04/15 17:49:04,ab3caa05015d79db2de6b1406af7ce2721138b41,00ab6085975b29a05a6c3e425be3a9f70da42db9,持卡人消费,超市商务子系统,-0.2,78.35,6104,正常
2016/04/17 13:33:58,ab3caa05015d79db2de6b1406af7ce2721138b41,00ab6085975b29a05a6c3e425be3a9f70da42db9,持卡人消费,一校区水控新,-0.44,77.91,6105,正常
2016/04/17 13:38:24,ab3caa05015d79db2de6b1406af7ce2721138b41,00ab6085975b29a05a6c3e425be3a9f70da42db9,持卡人消费,一校区水控新,-0.52,77.39,6106,正常
2016/04/17 13:41:54,ab3caa05015d79db2de6b1406af7ce2721138b41,00ab6085975b29a05a6c3e425be3a9f70da42db9,持卡人消费,一校区水控新,-0.46,76.93,6107,正常
2016/04/17 13:51:55,ab3caa05015d79db2de6b1406af7ce2721138b41,00ab6085975b29a05a6c3e425be3a9f70da42db9,持卡人消费,一校区水控新,-0.68,76.25,6108,正常
2016/04/17 17:37:57,ab3caa05015d79db2de6b1406af7ce2721138b41,00ab6085975b29a05a6c3e425be3a9f70da42db9,持卡人消费,硕果园（工大商店）,-21.6,54.65,6109,正常
2016/04/18 12:36:47,ab3caa05015d79db2de6b1406af7ce2721138b41,00ab6085975b29a05a6c3e425be3a9f70da42db9,持卡人消费,硕果园（工大商店）,-9.0,45.65,6110,正常
2016/04/18 12:39:20,ab3caa05015d79db2de6b1406af7ce2721138b41,00ab6085975b29a05a6c3e425be3a9f70da42db9,持卡人消费,硕果园（工大商店）,-2.5,43.15,6111,正常
2016/04/19 11:34:48,ab3caa05015d79db2de6b1406af7ce2721138b41,00ab6085975b29a05a6c3e425be3a9f70da42db9,持卡人消费,南苑网关,-6.96,36.19,6112,正常
2016/04/19 11:53:24,ab3caa05015d79db2de6b1406af7ce2721138b41,00ab6085975b29a05a6c3e425be3a9f70da42db9,持卡人消费,南苑网关,-3.0,33.19,6113,正常
2016/04/19 20:32:20,ab3caa05015d79db2de6b1406af7ce2721138b41,00ab6085975b29a05a6c3e425be3a9f70da42db9,持卡人消费,一校区水控新,-0.58,32.61,6115,正常
2016/04/19 20:36:44,ab3caa05015d79db2de6b1406af7ce2721138b41,00ab6085975b29a05a6c3e425be3a9f70da42db9,持卡人消费,一校区水控新,-0.54,32.07,6117,正常
2016/04/19 20:41:39,ab3caa05015d79db2de6b1406af7ce2721138b41,00ab6085975b29a05a6c3e425be3a9f70da42db9,持卡人消费,一校区水控新,-0.61,31.46,6119,正常
2016/04/19 20:52:57,ab3caa05015d79db2de6b1406af7ce2721138b41,00ab6085975b29a05a6c3e425be3a9f70da42db9,持卡人消费,一校区水控新,-0.7,30.76,6121,正常
2016/04/19 20:55:22,ab3caa05015d79db2de6b1406af7ce2721138b41,00ab6085975b29a05a6c3e425be3a9f70da42db9,持卡人消费,一校区水控新,-0.16,30.60,6123,正常
2016/04/20 13:41:51,ab3caa05015d79db2de6b1406af7ce2721138b41,00ab6085975b29a05a6c3e425be3a9f70da42db9,持卡人消费,硕果园（工大商店）,-7.0,23.60,6124,正常
2016/04/20 13:43:13,ab3caa05015d79db2de6b1406af7ce2721138b41,00ab6085975b29a05a6c3e425be3a9f70da42db9,持卡人消费,硕果园（工大商店）,-4.0,19.60,6125,正常
2016/04/20 18:11:34,ab3caa05015d79db2de6b1406af7ce2721138b41,00ab6085975b29a05a6c3e425be3a9f70da42db9,持卡人消费,学苑楼商务网关,-6.0,13.60,6126,正常
2016/04/20 18:12:42,ab3caa05015d79db2de6b1406af7ce2721138b41,00ab6085975b29a05a6c3e425be3a9f70da42db9,持卡人消费,学苑楼商务网关,-3.0,10.60,6127,正常
2016/04/21 17:15:23,ab3caa05015d79db2de6b1406af7ce2721138b41,00ab6085975b29a05a6c3e425be3a9f70da42db9,存款,现金充值机,100.0,110.60,6128,正常
2016/04/21 17:41:16,ab3caa05015d79db2de6b1406af7ce2721138b41,00ab6085975b29a05a6c3e425be3a9f70da42db9,持卡人消费,学苑楼商务网关,-5.0,105.60,6129,正常
2016/04/21 17:43:06,ab3caa05015d79db2de6b1406af7ce2721138b41,00ab6085975b29a05a6c3e425be3a9f70da42db9,持卡人消费,学苑楼商务网关,-10.0,95.60,6130,正常
2016/04/21 17:43:42,ab3caa05015d79db2de6b1406af7ce2721138b41,00ab6085975b29a05a6c3e425be3a9f70da42db9,持卡人消费,学苑楼商务网关,-1.2,94.40,6131,正常
2016/04/22 08:41:26,ab3caa05015d79db2de6b1406af7ce2721138b41,00ab6085975b29a05a6c3e425be3a9f70da42db9,持卡人消费,学子便利店A01后楼,-4.0,90.40,6132,正常
2016/04/22 11:10:12,ab3caa05015d79db2de6b1406af7ce2721138b41,00ab6085975b29a05a6c3e425be3a9f70da42db9,持卡人消费,学苑楼商务网关,-4.8,85.60,6133,正常
2016/04/22 11:57:33,ab3caa05015d79db2de6b1406af7ce2721138b41,00ab6085975b29a05a6c3e425be3a9f70da42db9,持卡人消费,A1,-3.0,82.60,6134,正常
2016/04/22 17:01:32,ab3caa05015d79db2de6b1406af7ce2721138b41,00ab6085975b29a05a6c3e425be3a9f70da42db9,持卡人消费,学苑楼商务网关,-8.0,74.60,6135,正常
2016/04/22 17:49:29,ab3caa05015d79db2de6b1406af7ce2721138b41,00ab6085975b29a05a6c3e425be3a9f70da42db9,持卡人消费,一校区水控新,-0.44,74.16,6136,正常
2016/04/22 17:51:26,ab3caa05015d79db2de6b1406af7ce2721138b41,00ab6085975b29a05a6c3e425be3a9f70da42db9,持卡人消费,一校区水控新,-0.22,73.94,6137,正常
2016/04/22 17:54:50,ab3caa05015d79db2de6b1406af7ce2721138b41,00ab6085975b29a05a6c3e425be3a9f70da42db9,持卡人消费,一校区水控新,-0.44,73.50,6138,正常
2016/04/22 18:03:07,ab3caa05015d79db2de6b1406af7ce2721138b41,00ab6085975b29a05a6c3e425be3a9f70da42db9,持卡人消费,一校区水控新,-0.76,72.74,6139,正常
2016/04/23 07:52:57,ab3caa05015d79db2de6b1406af7ce2721138b41,00ab6085975b29a05a6c3e425be3a9f70da42db9,持卡人消费,学士楼商务网关,-3.1,69.64,6140,正常
2016/04/23 11:42:49,ab3caa05015d79db2de6b1406af7ce2721138b41,00ab6085975b29a05a6c3e425be3a9f70da42db9,持卡人消费,硕果园（工大商店）,-34.0,35.64,6141,正常
2016/04/24 11:17:23,ab3caa05015d79db2de6b1406af7ce2721138b41,00ab6085975b29a05a6c3e425be3a9f70da42db9,持卡人消费,学士楼商务网关,-5.5,30.14,6142,正常
2016/04/24 11:17:43,ab3caa05015d79db2de6b1406af7ce2721138b41,00ab6085975b29a05a6c3e425be3a9f70da42db9,持卡人消费,学士楼商务网关,-0.6,29.54,6143,正常
2016/04/24 18:09:33,ab3caa05015d79db2de6b1406af7ce2721138b41,00ab6085975b29a05a6c3e425be3a9f70da42db9,持卡人消费,一校区水控新,-0.4,29.14,6145,正常
2016/04/24 18:14:07,ab3caa05015d79db2de6b1406af7ce2721138b41,00ab6085975b29a05a6c3e425be3a9f70da42db9,持卡人消费,一校区水控新,-0.54,28.60,6147,正常
2016/04/24 18:21:04,ab3caa05015d79db2de6b1406af7ce2721138b41,00ab6085975b29a05a6c3e425be3a9f70da42db9,持卡人消费,一校区水控新,-0.59,28.01,6149,正常
2016/04/25 10:46:11,ab3caa05015d79db2de6b1406af7ce2721138b41,00ab6085975b29a05a6c3e425be3a9f70da42db9,持卡人消费,硕果园（工大商店）,-10.0,18.01,6150,正常
2016/04/25 10:46:42,ab3caa05015d79db2de6b1406af7ce2721138b41,00ab6085975b29a05a6c3e425be3a9f70da42db9,持卡人消费,硕果园（工大商店）,-9.0,9.01,6151,正常
2016/04/25 17:38:33,ab3caa05015d79db2de6b1406af7ce2721138b41,00ab6085975b29a05a6c3e425be3a9f70da42db9,持卡人消费,硕果园（工大商店）,-9.0,0.01,6152,正常
2016/04/27 17:27:02,ab3caa05015d79db2de6b1406af7ce2721138b41,00ab6085975b29a05a6c3e425be3a9f70da42db9,存款,现金充值机,200.0,200.01,6153,正常
2016/04/28 11:00:43,ab3caa05015d79db2de6b1406af7ce2721138b41,00ab6085975b29a05a6c3e425be3a9f70da42db9,持卡人消费,硕果园（工大商店）,-9.0,191.01,6154,正常
2016/04/28 13:26:58,ab3caa05015d79db2de6b1406af7ce2721138b41,00ab6085975b29a05a6c3e425be3a9f70da42db9,持卡人消费,学子便利店A01后楼,-2.0,189.01,6155,正常
2016/04/28 15:48:24,ab3caa05015d79db2de6b1406af7ce2721138b41,00ab6085975b29a05a6c3e425be3a9f70da42db9,持卡人消费,超市商务子系统,-4.5,184.51,6156,正常
2016/04/28 17:59:39,ab3caa05015d79db2de6b1406af7ce2721138b41,00ab6085975b29a05a6c3e425be3a9f70da42db9,持卡人消费,硕果园（工大商店）,-8.0,176.51,6157,正常
2016/04/28 20:38:50,ab3caa05015d79db2de6b1406af7ce2721138b41,00ab6085975b29a05a6c3e425be3a9f70da42db9,持卡人消费,一校区水控新,-1.01,175.50,6159,正常
2016/04/28 20:43:10,ab3caa05015d79db2de6b1406af7ce2721138b41,00ab6085975b29a05a6c3e425be3a9f70da42db9,持卡人消费,一校区水控新,-0.53,174.97,6161,正常
2016/04/28 20:47:05,ab3caa05015d79db2de6b1406af7ce2721138b41,00ab6085975b29a05a6c3e425be3a9f70da42db9,持卡人消费,一校区水控新,-0.56,174.41,6163,正常
2016/04/28 20:55:56,ab3caa05015d79db2de6b1406af7ce2721138b41,00ab6085975b29a05a6c3e425be3a9f70da42db9,持卡人消费,一校区水控新,-0.64,173.77,6165,正常
2016/04/28 21:22:42,ab3caa05015d79db2de6b1406af7ce2721138b41,00ab6085975b29a05a6c3e425be3a9f70da42db9,持卡人消费,学子便利店A01后楼,-2.5,171.27,6166,正常
2016/04/29 11:26:01,ab3caa05015d79db2de6b1406af7ce2721138b41,00ab6085975b29a05a6c3e425be3a9f70da42db9,持卡人消费,学苑楼商务网关,-9.0,162.27,6167,正常
2016/04/29 11:29:11,ab3caa05015d79db2de6b1406af7ce2721138b41,00ab6085975b29a05a6c3e425be3a9f70da42db9,持卡人消费,学苑楼商务网关,-12.0,150.27,6168,正常
2016/04/29 17:29:22,ab3caa05015d79db2de6b1406af7ce2721138b41,00ab6085975b29a05a6c3e425be3a9f70da42db9,持卡人消费,硕果园（工大商店）,-9.0,141.27,6169,正常
2016/04/29 17:30:26,ab3caa05015d79db2de6b1406af7ce2721138b41,00ab6085975b29a05a6c3e425be3a9f70da42db9,持卡人消费,硕果园（工大商店）,-14.0,127.27,6170,正常
2016/04/30 11:02:55,ab3caa05015d79db2de6b1406af7ce2721138b41,00ab6085975b29a05a6c3e425be3a9f70da42db9,持卡人消费,硕果园（工大商店）,-9.0,118.27,6171,正常
2016/04/30 11:20:29,ab3caa05015d79db2de6b1406af7ce2721138b41,00ab6085975b29a05a6c3e425be3a9f70da42db9,持卡人消费,硕果园（工大商店）,-5.5,112.77,6172,正常
2016/04/30 18:01:13,ab3caa05015d79db2de6b1406af7ce2721138b41,00ab6085975b29a05a6c3e425be3a9f70da42db9,持卡人消费,硕果园（工大商店）,-8.0,104.77,6173,正常
2016/04/30 19:30:08,ab3caa05015d79db2de6b1406af7ce2721138b41,00ab6085975b29a05a6c3e425be3a9f70da42db9,持卡人消费,一校区水控新,-0.68,104.09,6174,正常
2016/04/30 19:33:00,ab3caa05015d79db2de6b1406af7ce2721138b41,00ab6085975b29a05a6c3e425be3a9f70da42db9,持卡人消费,一校区水控新,-0.24,103.85,6175,正常
2016/04/30 19:38:05,ab3caa05015d79db2de6b1406af7ce2721138b41,00ab6085975b29a05a6c3e425be3a9f70da42db9,持卡人消费,一校区水控新,-0.75,103.10,6176,正常
2016/04/30 19:48:27,ab3caa05015d79db2de6b1406af7ce2721138b41,00ab6085975b29a05a6c3e425be3a9f70da42db9,持卡人消费,一校区水控新,-0.67,102.43,6177,正常
2016/04/30 19:49:12,ab3caa05015d79db2de6b1406af7ce2721138b41,00ab6085975b29a05a6c3e425be3a9f70da42db9,持卡人消费,一校区水控新,-0.09,102.34,6178,正常
2016/04/30 20:00:11,ab3caa05015d79db2de6b1406af7ce2721138b41,00ab6085975b29a05a6c3e425be3a9f70da42db9,持卡人消费,A1,-3.0,99.34,6179,正常
2016/04/30 21:00:20,ab3caa05015d79db2de6b1406af7ce2721138b41,00ab6085975b29a05a6c3e425be3a9f70da42db9,持卡人消费,学子便利店A01后楼,-3.9,95.44,6180,正常
