交易发生时间,学号,姓名,交易类型,子系统名称,交易额,现有余额,次数,状态
2016/04/01 12:34:59,26352e623899c8c81f89dabe0392e6315d120725,010aeb9ee9d6f26cfb1eb905c50a25aaaa22dae9,持卡人消费,硕果园（工大商店）,-13.0,166.70,2898,正常
2016/04/03 12:14:38,26352e623899c8c81f89dabe0392e6315d120725,010aeb9ee9d6f26cfb1eb905c50a25aaaa22dae9,持卡人消费,学士楼商务网关,-4.1,162.60,2899,正常
2016/04/04 12:53:54,26352e623899c8c81f89dabe0392e6315d120725,010aeb9ee9d6f26cfb1eb905c50a25aaaa22dae9,持卡人消费,学士楼商务网关,-3.5,159.10,2900,正常
2016/04/04 12:55:43,26352e623899c8c81f89dabe0392e6315d120725,010aeb9ee9d6f26cfb1eb905c50a25aaaa22dae9,持卡人消费,学士楼商务网关,-1.5,157.60,2901,正常
2016/04/04 12:56:41,26352e623899c8c81f89dabe0392e6315d120725,010aeb9ee9d6f26cfb1eb905c50a25aaaa22dae9,持卡人消费,学士楼商务网关,-2.0,155.60,2902,正常
2016/04/04 17:58:34,26352e623899c8c81f89dabe0392e6315d120725,010aeb9ee9d6f26cfb1eb905c50a25aaaa22dae9,持卡人消费,学苑楼商务网关,-8.0,147.60,2903,正常
2016/04/04 18:01:38,26352e623899c8c81f89dabe0392e6315d120725,010aeb9ee9d6f26cfb1eb905c50a25aaaa22dae9,持卡人消费,学苑楼商务网关,-1.5,146.10,2904,正常
2016/04/04 18:13:46,26352e623899c8c81f89dabe0392e6315d120725,010aeb9ee9d6f26cfb1eb905c50a25aaaa22dae9,持卡人消费,超市商务子系统,-6.2,139.90,2905,正常
2016/04/05 12:00:38,26352e623899c8c81f89dabe0392e6315d120725,010aeb9ee9d6f26cfb1eb905c50a25aaaa22dae9,持卡人消费,学士楼商务网关,-8.0,131.90,2906,正常
2016/04/05 12:02:15,26352e623899c8c81f89dabe0392e6315d120725,010aeb9ee9d6f26cfb1eb905c50a25aaaa22dae9,持卡人消费,学士楼商务网关,-0.6,131.30,2907,正常
2016/04/05 17:52:36,26352e623899c8c81f89dabe0392e6315d120725,010aeb9ee9d6f26cfb1eb905c50a25aaaa22dae9,持卡人消费,学苑楼商务网关,-7.0,124.30,2908,正常
2016/04/05 17:54:11,26352e623899c8c81f89dabe0392e6315d120725,010aeb9ee9d6f26cfb1eb905c50a25aaaa22dae9,持卡人消费,学苑楼商务网关,-3.0,121.30,2909,正常
2016/04/06 11:11:53,26352e623899c8c81f89dabe0392e6315d120725,010aeb9ee9d6f26cfb1eb905c50a25aaaa22dae9,持卡人消费,学士楼商务网关,-7.6,113.70,2910,正常
2016/04/06 18:26:55,26352e623899c8c81f89dabe0392e6315d120725,010aeb9ee9d6f26cfb1eb905c50a25aaaa22dae9,持卡人消费,学士楼商务网关,-8.0,105.70,2911,正常
2016/04/06 18:27:51,26352e623899c8c81f89dabe0392e6315d120725,010aeb9ee9d6f26cfb1eb905c50a25aaaa22dae9,持卡人消费,学士楼商务网关,-4.0,101.70,2912,正常
2016/04/07 11:57:40,26352e623899c8c81f89dabe0392e6315d120725,010aeb9ee9d6f26cfb1eb905c50a25aaaa22dae9,持卡人消费,学士楼商务网关,-7.1,94.60,2913,正常
2016/04/07 11:57:57,26352e623899c8c81f89dabe0392e6315d120725,010aeb9ee9d6f26cfb1eb905c50a25aaaa22dae9,持卡人消费,学士楼商务网关,-8.6,86.00,2914,正常
2016/04/08 11:48:04,26352e623899c8c81f89dabe0392e6315d120725,010aeb9ee9d6f26cfb1eb905c50a25aaaa22dae9,持卡人消费,学苑楼商务网关,-7.0,79.00,2915,正常
2016/04/08 17:35:11,26352e623899c8c81f89dabe0392e6315d120725,010aeb9ee9d6f26cfb1eb905c50a25aaaa22dae9,持卡人消费,学士楼商务网关,-8.0,71.00,2916,正常
2016/04/08 17:37:08,26352e623899c8c81f89dabe0392e6315d120725,010aeb9ee9d6f26cfb1eb905c50a25aaaa22dae9,持卡人消费,学士楼商务网关,-1.0,70.00,2917,正常
2016/04/09 08:40:56,26352e623899c8c81f89dabe0392e6315d120725,010aeb9ee9d6f26cfb1eb905c50a25aaaa22dae9,持卡人消费,学士楼商务网关,-5.0,65.00,2918,正常
2016/04/09 11:35:55,26352e623899c8c81f89dabe0392e6315d120725,010aeb9ee9d6f26cfb1eb905c50a25aaaa22dae9,持卡人消费,学苑楼商务网关,-8.0,57.00,2919,正常
2016/04/09 18:12:51,26352e623899c8c81f89dabe0392e6315d120725,010aeb9ee9d6f26cfb1eb905c50a25aaaa22dae9,持卡人消费,学士楼商务网关,-8.0,49.00,2920,正常
2016/04/09 18:13:38,26352e623899c8c81f89dabe0392e6315d120725,010aeb9ee9d6f26cfb1eb905c50a25aaaa22dae9,持卡人消费,学士楼商务网关,-0.6,48.40,2921,正常
2016/04/11 10:04:18,26352e623899c8c81f89dabe0392e6315d120725,010aeb9ee9d6f26cfb1eb905c50a25aaaa22dae9,持卡人消费,学士楼商务网关,-3.6,44.80,2922,正常
2016/04/11 17:33:20,26352e623899c8c81f89dabe0392e6315d120725,010aeb9ee9d6f26cfb1eb905c50a25aaaa22dae9,持卡人消费,学士楼商务网关,-6.0,38.80,2923,正常
2016/04/11 17:44:32,26352e623899c8c81f89dabe0392e6315d120725,010aeb9ee9d6f26cfb1eb905c50a25aaaa22dae9,持卡人消费,超市商务子系统,-3.2,35.60,2924,正常
2016/04/12 11:56:58,26352e623899c8c81f89dabe0392e6315d120725,010aeb9ee9d6f26cfb1eb905c50a25aaaa22dae9,持卡人消费,学士楼商务网关,-4.6,31.00,2925,正常
2016/04/13 10:23:34,26352e623899c8c81f89dabe0392e6315d120725,010aeb9ee9d6f26cfb1eb905c50a25aaaa22dae9,存款,现金充值机,100.0,131.00,2926,正常
2016/04/13 10:44:10,26352e623899c8c81f89dabe0392e6315d120725,010aeb9ee9d6f26cfb1eb905c50a25aaaa22dae9,持卡人消费,学苑楼商务网关,-8.0,123.00,2927,正常
2016/04/13 17:03:18,26352e623899c8c81f89dabe0392e6315d120725,010aeb9ee9d6f26cfb1eb905c50a25aaaa22dae9,持卡人消费,学士楼商务网关,-7.0,116.00,2928,正常
2016/04/13 17:05:26,26352e623899c8c81f89dabe0392e6315d120725,010aeb9ee9d6f26cfb1eb905c50a25aaaa22dae9,持卡人消费,学士楼商务网关,-2.0,114.00,2929,正常
2016/04/13 17:24:15,26352e623899c8c81f89dabe0392e6315d120725,010aeb9ee9d6f26cfb1eb905c50a25aaaa22dae9,持卡人消费,硕果园（工大商店）,-5.0,109.00,2930,正常
2016/04/13 20:06:44,26352e623899c8c81f89dabe0392e6315d120725,010aeb9ee9d6f26cfb1eb905c50a25aaaa22dae9,持卡人消费,一校区水控新,-2.0,107.00,2931,正常
2016/04/13 20:17:19,26352e623899c8c81f89dabe0392e6315d120725,010aeb9ee9d6f26cfb1eb905c50a25aaaa22dae9,持卡人消费,一校区水控新,-2.0,105.00,2932,正常
2016/04/14 09:56:41,26352e623899c8c81f89dabe0392e6315d120725,010aeb9ee9d6f26cfb1eb905c50a25aaaa22dae9,持卡人消费,硕果园（工大商店）,-6.0,99.00,2933,正常
2016/04/14 13:04:57,26352e623899c8c81f89dabe0392e6315d120725,010aeb9ee9d6f26cfb1eb905c50a25aaaa22dae9,持卡人消费,学士楼商务网关,-3.0,96.00,2934,正常
2016/04/14 17:49:27,26352e623899c8c81f89dabe0392e6315d120725,010aeb9ee9d6f26cfb1eb905c50a25aaaa22dae9,持卡人消费,南苑网关,-4.6,91.40,2935,正常
2016/04/15 11:18:52,26352e623899c8c81f89dabe0392e6315d120725,010aeb9ee9d6f26cfb1eb905c50a25aaaa22dae9,持卡人消费,学苑楼商务网关,-7.0,84.40,2936,正常
2016/04/15 11:20:19,26352e623899c8c81f89dabe0392e6315d120725,010aeb9ee9d6f26cfb1eb905c50a25aaaa22dae9,持卡人消费,学苑楼商务网关,-1.0,83.40,2937,正常
2016/04/16 12:54:28,26352e623899c8c81f89dabe0392e6315d120725,010aeb9ee9d6f26cfb1eb905c50a25aaaa22dae9,持卡人消费,硕果园（工大商店）,-14.0,69.40,2938,正常
2016/04/16 05:05:15,26352e623899c8c81f89dabe0392e6315d120725,010aeb9ee9d6f26cfb1eb905c50a25aaaa22dae9,持卡人消费,学士楼商务网关,-8.0,61.40,2939,正常
2016/04/17 11:03:00,26352e623899c8c81f89dabe0392e6315d120725,010aeb9ee9d6f26cfb1eb905c50a25aaaa22dae9,持卡人消费,学士楼商务网关,-7.5,53.90,2940,正常
2016/04/17 11:03:25,26352e623899c8c81f89dabe0392e6315d120725,010aeb9ee9d6f26cfb1eb905c50a25aaaa22dae9,持卡人消费,学士楼商务网关,-0.5,53.40,2941,正常
2016/04/17 11:04:37,26352e623899c8c81f89dabe0392e6315d120725,010aeb9ee9d6f26cfb1eb905c50a25aaaa22dae9,持卡人消费,学士楼商务网关,-2.0,51.40,2942,正常
2016/04/18 17:19:53,26352e623899c8c81f89dabe0392e6315d120725,010aeb9ee9d6f26cfb1eb905c50a25aaaa22dae9,持卡人消费,硕果园（工大商店）,-14.0,37.40,2943,正常
2016/04/18 17:21:26,26352e623899c8c81f89dabe0392e6315d120725,010aeb9ee9d6f26cfb1eb905c50a25aaaa22dae9,持卡人消费,硕果园（工大商店）,-5.0,32.40,2944,正常
2016/04/19 11:53:52,26352e623899c8c81f89dabe0392e6315d120725,010aeb9ee9d6f26cfb1eb905c50a25aaaa22dae9,持卡人消费,学士楼商务网关,-5.6,26.80,2945,正常
2016/04/19 11:54:50,26352e623899c8c81f89dabe0392e6315d120725,010aeb9ee9d6f26cfb1eb905c50a25aaaa22dae9,持卡人消费,学士楼商务网关,-5.0,21.80,2946,正常
2016/04/19 20:39:40,26352e623899c8c81f89dabe0392e6315d120725,010aeb9ee9d6f26cfb1eb905c50a25aaaa22dae9,持卡人消费,一校区水控新,-2.0,19.80,2947,正常
2016/04/19 20:53:22,26352e623899c8c81f89dabe0392e6315d120725,010aeb9ee9d6f26cfb1eb905c50a25aaaa22dae9,持卡人消费,一校区水控新,-1.54,18.26,2949,正常
2016/04/20 11:58:59,26352e623899c8c81f89dabe0392e6315d120725,010aeb9ee9d6f26cfb1eb905c50a25aaaa22dae9,存款,卡中心综合业务,85.0,103.26,2950,正常
2016/04/20 18:16:19,26352e623899c8c81f89dabe0392e6315d120725,010aeb9ee9d6f26cfb1eb905c50a25aaaa22dae9,持卡人消费,硕果园（工大商店）,-14.0,89.26,2952,正常
2016/04/20 18:19:36,26352e623899c8c81f89dabe0392e6315d120725,010aeb9ee9d6f26cfb1eb905c50a25aaaa22dae9,持卡人消费,硕果园（工大商店）,-2.0,87.26,2953,正常
2016/04/21 12:47:11,26352e623899c8c81f89dabe0392e6315d120725,010aeb9ee9d6f26cfb1eb905c50a25aaaa22dae9,持卡人消费,硕果园（工大商店）,-14.0,73.26,2954,正常
2016/04/21 13:04:00,26352e623899c8c81f89dabe0392e6315d120725,010aeb9ee9d6f26cfb1eb905c50a25aaaa22dae9,持卡人消费,硕果园（工大商店）,-1.0,72.26,2955,正常
2016/04/22 13:05:28,26352e623899c8c81f89dabe0392e6315d120725,010aeb9ee9d6f26cfb1eb905c50a25aaaa22dae9,持卡人消费,学士楼商务网关,-4.0,68.26,2956,正常
2016/04/22 17:08:21,26352e623899c8c81f89dabe0392e6315d120725,010aeb9ee9d6f26cfb1eb905c50a25aaaa22dae9,持卡人消费,南苑网关,-3.6,64.66,2957,正常
2016/04/22 17:09:48,26352e623899c8c81f89dabe0392e6315d120725,010aeb9ee9d6f26cfb1eb905c50a25aaaa22dae9,持卡人消费,南苑网关,-3.0,61.66,2958,正常
2016/04/23 11:43:56,26352e623899c8c81f89dabe0392e6315d120725,010aeb9ee9d6f26cfb1eb905c50a25aaaa22dae9,持卡人消费,学士楼商务网关,-4.6,57.06,2959,正常
2016/04/23 11:44:46,26352e623899c8c81f89dabe0392e6315d120725,010aeb9ee9d6f26cfb1eb905c50a25aaaa22dae9,持卡人消费,学士楼商务网关,-2.69,54.37,2960,正常
2016/04/25 12:10:40,26352e623899c8c81f89dabe0392e6315d120725,010aeb9ee9d6f26cfb1eb905c50a25aaaa22dae9,存款,现金充值机,100.0,154.37,2961,正常
2016/04/25 12:32:58,26352e623899c8c81f89dabe0392e6315d120725,010aeb9ee9d6f26cfb1eb905c50a25aaaa22dae9,持卡人消费,学苑楼商务网关,-9.5,144.87,2962,正常
2016/04/25 17:28:06,26352e623899c8c81f89dabe0392e6315d120725,010aeb9ee9d6f26cfb1eb905c50a25aaaa22dae9,持卡人消费,学士楼商务网关,-3.2,141.67,2963,正常
2016/04/25 17:30:11,26352e623899c8c81f89dabe0392e6315d120725,010aeb9ee9d6f26cfb1eb905c50a25aaaa22dae9,持卡人消费,学士楼商务网关,-5.5,136.17,2964,正常
2016/04/26 11:52:45,26352e623899c8c81f89dabe0392e6315d120725,010aeb9ee9d6f26cfb1eb905c50a25aaaa22dae9,持卡人消费,网络中心,-30.0,106.17,2965,正常
2016/04/26 17:10:38,26352e623899c8c81f89dabe0392e6315d120725,010aeb9ee9d6f26cfb1eb905c50a25aaaa22dae9,持卡人消费,学士楼商务网关,-4.6,101.57,2966,正常
2016/04/27 12:07:34,26352e623899c8c81f89dabe0392e6315d120725,010aeb9ee9d6f26cfb1eb905c50a25aaaa22dae9,持卡人消费,学士楼商务网关,-7.0,94.57,2967,正常
2016/04/27 12:11:01,26352e623899c8c81f89dabe0392e6315d120725,010aeb9ee9d6f26cfb1eb905c50a25aaaa22dae9,持卡人消费,学士楼商务网关,-2.0,92.57,2968,正常
2016/04/27 17:32:27,26352e623899c8c81f89dabe0392e6315d120725,010aeb9ee9d6f26cfb1eb905c50a25aaaa22dae9,持卡人消费,学士楼商务网关,-7.0,85.57,2969,正常
2016/04/27 17:34:25,26352e623899c8c81f89dabe0392e6315d120725,010aeb9ee9d6f26cfb1eb905c50a25aaaa22dae9,持卡人消费,学士楼商务网关,-0.4,85.17,2970,正常
2016/04/27 17:36:12,26352e623899c8c81f89dabe0392e6315d120725,010aeb9ee9d6f26cfb1eb905c50a25aaaa22dae9,持卡人消费,学士楼商务网关,-2.0,83.17,2971,正常
2016/04/28 08:57:43,26352e623899c8c81f89dabe0392e6315d120725,010aeb9ee9d6f26cfb1eb905c50a25aaaa22dae9,持卡人消费,学士楼商务网关,-2.0,81.17,2972,正常
2016/04/28 08:58:06,26352e623899c8c81f89dabe0392e6315d120725,010aeb9ee9d6f26cfb1eb905c50a25aaaa22dae9,持卡人消费,学士楼商务网关,-0.2,80.97,2973,正常
2016/04/28 12:28:42,26352e623899c8c81f89dabe0392e6315d120725,010aeb9ee9d6f26cfb1eb905c50a25aaaa22dae9,持卡人消费,学士楼商务网关,-8.0,72.97,2974,正常
2016/04/28 12:31:34,26352e623899c8c81f89dabe0392e6315d120725,010aeb9ee9d6f26cfb1eb905c50a25aaaa22dae9,持卡人消费,学士楼商务网关,-0.6,72.37,2975,正常
2016/04/28 17:32:57,26352e623899c8c81f89dabe0392e6315d120725,010aeb9ee9d6f26cfb1eb905c50a25aaaa22dae9,持卡人消费,学士楼商务网关,-2.4,69.97,2976,正常
2016/04/28 17:34:28,26352e623899c8c81f89dabe0392e6315d120725,010aeb9ee9d6f26cfb1eb905c50a25aaaa22dae9,持卡人消费,学士楼商务网关,-3.0,66.97,2977,正常
2016/04/28 17:54:40,26352e623899c8c81f89dabe0392e6315d120725,010aeb9ee9d6f26cfb1eb905c50a25aaaa22dae9,持卡人消费,超市商务子系统,-4.0,62.97,2978,正常
2016/04/29 15:59:58,26352e623899c8c81f89dabe0392e6315d120725,010aeb9ee9d6f26cfb1eb905c50a25aaaa22dae9,持卡人消费,学苑楼商务网关,-6.0,56.97,2979,正常
2016/04/30 12:59:07,26352e623899c8c81f89dabe0392e6315d120725,010aeb9ee9d6f26cfb1eb905c50a25aaaa22dae9,持卡人消费,学士楼商务网关,-4.6,52.37,2980,正常
2016/04/30 19:33:53,26352e623899c8c81f89dabe0392e6315d120725,010aeb9ee9d6f26cfb1eb905c50a25aaaa22dae9,持卡人消费,硕果园（工大商店）,-14.0,38.37,2981,正常
2016/04/30 19:35:08,26352e623899c8c81f89dabe0392e6315d120725,010aeb9ee9d6f26cfb1eb905c50a25aaaa22dae9,持卡人消费,硕果园（工大商店）,-5.0,33.37,2982,正常
