交易发生时间,学号,姓名,交易类型,子系统名称,交易额,现有余额,次数,状态
2016/04/01 10:55:44,1fe9ae237a2531f00b65ed23ad521a91d1268ce7,01a0b43e91f4b1a8fee2b1374739e08a78b64644,持卡人消费,九食堂商务网关,-8.0,88.45,4238,正常
2016/04/01 14:34:38,1fe9ae237a2531f00b65ed23ad521a91d1268ce7,01a0b43e91f4b1a8fee2b1374739e08a78b64644,持卡人消费,学子便利店B07,-1.8,86.65,4239,正常
2016/04/01 17:08:49,1fe9ae237a2531f00b65ed23ad521a91d1268ce7,01a0b43e91f4b1a8fee2b1374739e08a78b64644,持卡人消费,九食堂商务网关,-11.0,75.65,4240,正常
2016/04/01 17:25:28,1fe9ae237a2531f00b65ed23ad521a91d1268ce7,01a0b43e91f4b1a8fee2b1374739e08a78b64644,持卡人消费,九食堂商务网关,-1.8,73.85,4241,正常
2016/04/02 11:05:47,1fe9ae237a2531f00b65ed23ad521a91d1268ce7,01a0b43e91f4b1a8fee2b1374739e08a78b64644,持卡人消费,九食堂商务网关,-9.0,64.85,4242,正常
2016/04/02 11:25:58,1fe9ae237a2531f00b65ed23ad521a91d1268ce7,01a0b43e91f4b1a8fee2b1374739e08a78b64644,持卡人消费,九食堂商务网关,-2.1,62.75,4243,正常
2016/04/02 14:19:11,1fe9ae237a2531f00b65ed23ad521a91d1268ce7,01a0b43e91f4b1a8fee2b1374739e08a78b64644,持卡人消费,学子便利店B07,-1.8,60.95,4244,正常
2016/04/03 09:11:24,1fe9ae237a2531f00b65ed23ad521a91d1268ce7,01a0b43e91f4b1a8fee2b1374739e08a78b64644,持卡人消费,学子便利店B07,-10.4,50.55,4245,正常
2016/04/03 11:19:41,1fe9ae237a2531f00b65ed23ad521a91d1268ce7,01a0b43e91f4b1a8fee2b1374739e08a78b64644,持卡人消费,九食堂商务网关,-8.0,42.55,4246,正常
2016/04/04 17:35:30,1fe9ae237a2531f00b65ed23ad521a91d1268ce7,01a0b43e91f4b1a8fee2b1374739e08a78b64644,持卡人消费,九食堂商务网关,-8.0,34.55,4247,正常
2016/04/05 09:42:11,1fe9ae237a2531f00b65ed23ad521a91d1268ce7,01a0b43e91f4b1a8fee2b1374739e08a78b64644,持卡人消费,学子便利店B07,-4.0,30.55,4248,正常
2016/04/05 11:56:59,1fe9ae237a2531f00b65ed23ad521a91d1268ce7,01a0b43e91f4b1a8fee2b1374739e08a78b64644,持卡人消费,五食堂商务网关,-6.8,23.75,4249,正常
2016/04/05 11:57:20,1fe9ae237a2531f00b65ed23ad521a91d1268ce7,01a0b43e91f4b1a8fee2b1374739e08a78b64644,持卡人消费,五食堂商务网关,-6.8,16.95,4250,正常
2016/04/05 14:28:58,1fe9ae237a2531f00b65ed23ad521a91d1268ce7,01a0b43e91f4b1a8fee2b1374739e08a78b64644,持卡人消费,学子便利店B07,-2.5,14.45,4251,正常
2016/04/05 16:59:37,1fe9ae237a2531f00b65ed23ad521a91d1268ce7,01a0b43e91f4b1a8fee2b1374739e08a78b64644,存款,现金充值机,100.0,114.45,4252,正常
2016/04/05 17:00:06,1fe9ae237a2531f00b65ed23ad521a91d1268ce7,01a0b43e91f4b1a8fee2b1374739e08a78b64644,持卡人消费,五食堂商务网关,-8.0,106.45,4253,正常
2016/04/06 08:56:43,1fe9ae237a2531f00b65ed23ad521a91d1268ce7,01a0b43e91f4b1a8fee2b1374739e08a78b64644,持卡人消费,学子便利店B07,-3.8,102.65,4254,正常
2016/04/06 14:03:54,1fe9ae237a2531f00b65ed23ad521a91d1268ce7,01a0b43e91f4b1a8fee2b1374739e08a78b64644,持卡人消费,学子便利店B07,-2.5,100.15,4255,正常
2016/04/06 17:21:32,1fe9ae237a2531f00b65ed23ad521a91d1268ce7,01a0b43e91f4b1a8fee2b1374739e08a78b64644,持卡人消费,九食堂商务网关,-9.0,91.15,4256,正常
2016/04/06 20:49:27,1fe9ae237a2531f00b65ed23ad521a91d1268ce7,01a0b43e91f4b1a8fee2b1374739e08a78b64644,持卡人消费,二区水控,-0.53,90.62,4258,正常
2016/04/06 20:55:30,1fe9ae237a2531f00b65ed23ad521a91d1268ce7,01a0b43e91f4b1a8fee2b1374739e08a78b64644,持卡人消费,二区水控,-1.15,89.47,4260,正常
2016/04/07 07:46:26,1fe9ae237a2531f00b65ed23ad521a91d1268ce7,01a0b43e91f4b1a8fee2b1374739e08a78b64644,持卡人消费,学子便利店B07,-4.0,85.47,4261,正常
2016/04/07 11:23:58,1fe9ae237a2531f00b65ed23ad521a91d1268ce7,01a0b43e91f4b1a8fee2b1374739e08a78b64644,持卡人消费,五食堂商务网关,-7.0,78.47,4262,正常
2016/04/07 17:09:23,1fe9ae237a2531f00b65ed23ad521a91d1268ce7,01a0b43e91f4b1a8fee2b1374739e08a78b64644,持卡人消费,九食堂商务网关,-12.0,66.47,4263,正常
2016/04/07 17:22:10,1fe9ae237a2531f00b65ed23ad521a91d1268ce7,01a0b43e91f4b1a8fee2b1374739e08a78b64644,持卡人消费,九食堂商务网关,-1.6,64.87,4264,正常
2016/04/07 20:23:07,1fe9ae237a2531f00b65ed23ad521a91d1268ce7,01a0b43e91f4b1a8fee2b1374739e08a78b64644,持卡人消费,学子便利店B07,-3.8,61.07,4265,正常
2016/04/08 11:06:03,1fe9ae237a2531f00b65ed23ad521a91d1268ce7,01a0b43e91f4b1a8fee2b1374739e08a78b64644,持卡人消费,五食堂商务网关,-7.0,54.07,4266,正常
2016/04/08 17:14:10,1fe9ae237a2531f00b65ed23ad521a91d1268ce7,01a0b43e91f4b1a8fee2b1374739e08a78b64644,持卡人消费,九食堂商务网关,-9.0,45.07,4267,正常
2016/04/08 21:50:19,1fe9ae237a2531f00b65ed23ad521a91d1268ce7,01a0b43e91f4b1a8fee2b1374739e08a78b64644,持卡人消费,学子便利店B07,-4.5,40.57,4268,正常
2016/04/09 09:41:54,1fe9ae237a2531f00b65ed23ad521a91d1268ce7,01a0b43e91f4b1a8fee2b1374739e08a78b64644,持卡人消费,学子便利店B07,-4.3,36.27,4269,正常
2016/04/09 11:20:26,1fe9ae237a2531f00b65ed23ad521a91d1268ce7,01a0b43e91f4b1a8fee2b1374739e08a78b64644,持卡人消费,九食堂商务网关,-10.0,26.27,4270,正常
2016/04/09 12:07:00,1fe9ae237a2531f00b65ed23ad521a91d1268ce7,01a0b43e91f4b1a8fee2b1374739e08a78b64644,持卡人消费,学子便利店B07,-2.8,23.47,4271,正常
2016/04/09 17:13:02,1fe9ae237a2531f00b65ed23ad521a91d1268ce7,01a0b43e91f4b1a8fee2b1374739e08a78b64644,持卡人消费,九食堂商务网关,-8.5,14.97,4272,正常
2016/04/09 17:49:38,1fe9ae237a2531f00b65ed23ad521a91d1268ce7,01a0b43e91f4b1a8fee2b1374739e08a78b64644,持卡人消费,学子便利店B07,-1.8,13.17,4273,正常
2016/04/10 10:42:05,1fe9ae237a2531f00b65ed23ad521a91d1268ce7,01a0b43e91f4b1a8fee2b1374739e08a78b64644,存款,现金充值机,100.0,113.17,4274,正常
2016/04/10 11:14:47,1fe9ae237a2531f00b65ed23ad521a91d1268ce7,01a0b43e91f4b1a8fee2b1374739e08a78b64644,持卡人消费,九食堂商务网关,-8.0,105.17,4275,正常
2016/04/10 11:37:47,1fe9ae237a2531f00b65ed23ad521a91d1268ce7,01a0b43e91f4b1a8fee2b1374739e08a78b64644,持卡人消费,网络中心,-30.0,75.17,4276,正常
2016/04/10 12:31:56,1fe9ae237a2531f00b65ed23ad521a91d1268ce7,01a0b43e91f4b1a8fee2b1374739e08a78b64644,持卡人消费,学子便利店B07,-1.8,73.37,4277,正常
2016/04/11 09:27:03,1fe9ae237a2531f00b65ed23ad521a91d1268ce7,01a0b43e91f4b1a8fee2b1374739e08a78b64644,持卡人消费,学子便利店B07,-1.3,72.07,4278,正常
2016/04/11 10:59:13,1fe9ae237a2531f00b65ed23ad521a91d1268ce7,01a0b43e91f4b1a8fee2b1374739e08a78b64644,持卡人消费,九食堂商务网关,-8.0,64.07,4279,正常
2016/04/11 17:07:36,1fe9ae237a2531f00b65ed23ad521a91d1268ce7,01a0b43e91f4b1a8fee2b1374739e08a78b64644,持卡人消费,九食堂商务网关,-9.0,55.07,4280,正常
2016/04/12 11:55:22,1fe9ae237a2531f00b65ed23ad521a91d1268ce7,01a0b43e91f4b1a8fee2b1374739e08a78b64644,持卡人消费,五食堂商务网关,-8.0,47.07,4281,正常
2016/04/12 17:28:20,1fe9ae237a2531f00b65ed23ad521a91d1268ce7,01a0b43e91f4b1a8fee2b1374739e08a78b64644,持卡人消费,九食堂商务网关,-10.0,37.07,4282,正常
2016/04/12 20:37:11,1fe9ae237a2531f00b65ed23ad521a91d1268ce7,01a0b43e91f4b1a8fee2b1374739e08a78b64644,持卡人消费,二区水控,-0.06,37.01,4284,正常
2016/04/12 20:38:05,1fe9ae237a2531f00b65ed23ad521a91d1268ce7,01a0b43e91f4b1a8fee2b1374739e08a78b64644,持卡人消费,二区水控,-0.13,36.88,4286,正常
2016/04/12 20:46:09,1fe9ae237a2531f00b65ed23ad521a91d1268ce7,01a0b43e91f4b1a8fee2b1374739e08a78b64644,持卡人消费,二区水控,-1.07,35.81,4288,正常
2016/04/12 20:58:09,1fe9ae237a2531f00b65ed23ad521a91d1268ce7,01a0b43e91f4b1a8fee2b1374739e08a78b64644,持卡人消费,学子便利店B07,-3.0,32.81,4289,正常
2016/04/12 20:58:11,1fe9ae237a2531f00b65ed23ad521a91d1268ce7,01a0b43e91f4b1a8fee2b1374739e08a78b64644,持卡人消费,学子便利店B07,-0.8,32.01,4290,正常
2016/04/13 08:23:04,1fe9ae237a2531f00b65ed23ad521a91d1268ce7,01a0b43e91f4b1a8fee2b1374739e08a78b64644,持卡人消费,学子便利店B07,-4.0,28.01,4291,正常
2016/04/13 11:18:01,1fe9ae237a2531f00b65ed23ad521a91d1268ce7,01a0b43e91f4b1a8fee2b1374739e08a78b64644,持卡人消费,九食堂商务网关,-9.0,19.01,4292,正常
2016/04/13 21:20:08,1fe9ae237a2531f00b65ed23ad521a91d1268ce7,01a0b43e91f4b1a8fee2b1374739e08a78b64644,持卡人消费,B7,-3.0,16.01,4293,正常
2016/04/14 07:38:43,1fe9ae237a2531f00b65ed23ad521a91d1268ce7,01a0b43e91f4b1a8fee2b1374739e08a78b64644,持卡人消费,九食堂商务网关,-2.0,14.01,4294,正常
2016/04/14 11:09:21,1fe9ae237a2531f00b65ed23ad521a91d1268ce7,01a0b43e91f4b1a8fee2b1374739e08a78b64644,持卡人消费,九食堂商务网关,-8.0,6.01,4295,正常
2016/04/14 10:57:18,1fe9ae237a2531f00b65ed23ad521a91d1268ce7,01a0b43e91f4b1a8fee2b1374739e08a78b64644,存款,现金充值机,200.0,206.01,4296,正常
2016/04/14 11:29:15,1fe9ae237a2531f00b65ed23ad521a91d1268ce7,01a0b43e91f4b1a8fee2b1374739e08a78b64644,持卡人消费,九食堂商务网关,-2.0,204.01,4297,正常
2016/04/14 17:09:11,1fe9ae237a2531f00b65ed23ad521a91d1268ce7,01a0b43e91f4b1a8fee2b1374739e08a78b64644,持卡人消费,九食堂商务网关,-8.0,196.01,4298,正常
2016/04/14 17:17:12,1fe9ae237a2531f00b65ed23ad521a91d1268ce7,01a0b43e91f4b1a8fee2b1374739e08a78b64644,持卡人消费,九食堂商务网关,-10.0,186.01,4299,正常
2016/04/14 17:17:35,1fe9ae237a2531f00b65ed23ad521a91d1268ce7,01a0b43e91f4b1a8fee2b1374739e08a78b64644,持卡人消费,九食堂商务网关,-14.0,172.01,4300,正常
2016/04/14 22:19:01,1fe9ae237a2531f00b65ed23ad521a91d1268ce7,01a0b43e91f4b1a8fee2b1374739e08a78b64644,持卡人消费,学子便利店B07,-4.8,167.21,4301,正常
2016/04/15 09:15:05,1fe9ae237a2531f00b65ed23ad521a91d1268ce7,01a0b43e91f4b1a8fee2b1374739e08a78b64644,持卡人消费,学子便利店B07,-28.8,138.41,4302,正常
2016/04/15 11:05:36,1fe9ae237a2531f00b65ed23ad521a91d1268ce7,01a0b43e91f4b1a8fee2b1374739e08a78b64644,持卡人消费,九食堂商务网关,-8.0,130.41,4303,正常
2016/04/15 11:23:58,1fe9ae237a2531f00b65ed23ad521a91d1268ce7,01a0b43e91f4b1a8fee2b1374739e08a78b64644,持卡人消费,九食堂商务网关,-8.0,122.41,4304,正常
2016/04/15 17:07:24,1fe9ae237a2531f00b65ed23ad521a91d1268ce7,01a0b43e91f4b1a8fee2b1374739e08a78b64644,持卡人消费,九食堂商务网关,-10.0,112.41,4305,正常
2016/04/16 10:03:03,1fe9ae237a2531f00b65ed23ad521a91d1268ce7,01a0b43e91f4b1a8fee2b1374739e08a78b64644,持卡人消费,学子便利店B07,-6.2,106.21,4306,正常
2016/04/16 11:14:56,1fe9ae237a2531f00b65ed23ad521a91d1268ce7,01a0b43e91f4b1a8fee2b1374739e08a78b64644,持卡人消费,九食堂商务网关,-8.0,98.21,4307,正常
2016/04/16 11:15:03,1fe9ae237a2531f00b65ed23ad521a91d1268ce7,01a0b43e91f4b1a8fee2b1374739e08a78b64644,持卡人消费,九食堂商务网关,-12.0,86.21,4308,正常
2016/04/17 22:19:39,1fe9ae237a2531f00b65ed23ad521a91d1268ce7,01a0b43e91f4b1a8fee2b1374739e08a78b64644,持卡人消费,学子便利店B07,-5.0,81.21,4309,正常
2016/04/18 11:07:36,1fe9ae237a2531f00b65ed23ad521a91d1268ce7,01a0b43e91f4b1a8fee2b1374739e08a78b64644,持卡人消费,九食堂商务网关,-7.0,74.21,4310,正常
2016/04/18 14:56:21,1fe9ae237a2531f00b65ed23ad521a91d1268ce7,01a0b43e91f4b1a8fee2b1374739e08a78b64644,持卡人消费,学子便利店B07,-9.7,64.51,4311,正常
2016/04/18 17:05:01,1fe9ae237a2531f00b65ed23ad521a91d1268ce7,01a0b43e91f4b1a8fee2b1374739e08a78b64644,持卡人消费,九食堂商务网关,-9.0,55.51,4312,正常
2016/04/18 22:01:56,1fe9ae237a2531f00b65ed23ad521a91d1268ce7,01a0b43e91f4b1a8fee2b1374739e08a78b64644,持卡人消费,学子便利店B07,-3.8,51.71,4313,正常
2016/04/19 09:42:32,1fe9ae237a2531f00b65ed23ad521a91d1268ce7,01a0b43e91f4b1a8fee2b1374739e08a78b64644,持卡人消费,学子便利店B07,-4.0,47.71,4314,正常
2016/04/19 12:02:45,1fe9ae237a2531f00b65ed23ad521a91d1268ce7,01a0b43e91f4b1a8fee2b1374739e08a78b64644,持卡人消费,五食堂商务网关,-5.0,42.71,4315,正常
2016/04/19 12:02:47,1fe9ae237a2531f00b65ed23ad521a91d1268ce7,01a0b43e91f4b1a8fee2b1374739e08a78b64644,持卡人消费,五食堂商务网关,-2.0,40.71,4316,正常
2016/04/19 17:10:26,1fe9ae237a2531f00b65ed23ad521a91d1268ce7,01a0b43e91f4b1a8fee2b1374739e08a78b64644,持卡人消费,四食堂商务网关,-16.0,24.71,4317,正常
2016/04/19 17:11:20,1fe9ae237a2531f00b65ed23ad521a91d1268ce7,01a0b43e91f4b1a8fee2b1374739e08a78b64644,持卡人消费,四食堂商务网关,-7.2,17.51,4318,正常
2016/04/19 22:00:20,1fe9ae237a2531f00b65ed23ad521a91d1268ce7,01a0b43e91f4b1a8fee2b1374739e08a78b64644,持卡人消费,学子便利店B07,-1.0,16.51,4319,正常
2016/04/20 11:26:11,1fe9ae237a2531f00b65ed23ad521a91d1268ce7,01a0b43e91f4b1a8fee2b1374739e08a78b64644,持卡人消费,九食堂商务网关,-8.0,8.51,4320,正常
2016/04/20 20:16:17,1fe9ae237a2531f00b65ed23ad521a91d1268ce7,01a0b43e91f4b1a8fee2b1374739e08a78b64644,持卡人消费,二区水控,-0.05,8.46,4322,正常
2016/04/20 20:27:19,1fe9ae237a2531f00b65ed23ad521a91d1268ce7,01a0b43e91f4b1a8fee2b1374739e08a78b64644,持卡人消费,二区水控,-2.11,6.35,4324,正常
2016/04/20 20:39:00,1fe9ae237a2531f00b65ed23ad521a91d1268ce7,01a0b43e91f4b1a8fee2b1374739e08a78b64644,持卡人消费,学子便利店B07,-1.8,4.55,4325,正常
2016/04/21 16:49:51,1fe9ae237a2531f00b65ed23ad521a91d1268ce7,01a0b43e91f4b1a8fee2b1374739e08a78b64644,存款,现金充值机,100.0,104.55,4326,正常
2016/04/21 17:23:40,1fe9ae237a2531f00b65ed23ad521a91d1268ce7,01a0b43e91f4b1a8fee2b1374739e08a78b64644,持卡人消费,九食堂商务网关,-9.0,95.55,4327,正常
2016/04/21 17:40:28,1fe9ae237a2531f00b65ed23ad521a91d1268ce7,01a0b43e91f4b1a8fee2b1374739e08a78b64644,持卡人消费,九食堂商务网关,-2.1,93.45,4328,正常
2016/04/21 22:21:52,1fe9ae237a2531f00b65ed23ad521a91d1268ce7,01a0b43e91f4b1a8fee2b1374739e08a78b64644,持卡人消费,学子便利店B07,-6.0,87.45,4329,正常
2016/04/22 09:21:11,1fe9ae237a2531f00b65ed23ad521a91d1268ce7,01a0b43e91f4b1a8fee2b1374739e08a78b64644,持卡人消费,学子便利店B07,-5.5,81.95,4330,正常
2016/04/22 11:14:33,1fe9ae237a2531f00b65ed23ad521a91d1268ce7,01a0b43e91f4b1a8fee2b1374739e08a78b64644,持卡人消费,九食堂商务网关,-8.0,73.95,4331,正常
2016/04/22 16:55:47,1fe9ae237a2531f00b65ed23ad521a91d1268ce7,01a0b43e91f4b1a8fee2b1374739e08a78b64644,持卡人消费,五食堂商务网关,-6.0,67.95,4332,正常
2016/04/23 09:57:47,1fe9ae237a2531f00b65ed23ad521a91d1268ce7,01a0b43e91f4b1a8fee2b1374739e08a78b64644,持卡人消费,学子便利店B07,-3.5,64.45,4333,正常
2016/04/23 11:05:32,1fe9ae237a2531f00b65ed23ad521a91d1268ce7,01a0b43e91f4b1a8fee2b1374739e08a78b64644,持卡人消费,九食堂商务网关,-12.0,52.45,4334,正常
2016/04/23 11:05:58,1fe9ae237a2531f00b65ed23ad521a91d1268ce7,01a0b43e91f4b1a8fee2b1374739e08a78b64644,持卡人消费,九食堂商务网关,-7.0,45.45,4335,正常
2016/04/23 17:05:36,1fe9ae237a2531f00b65ed23ad521a91d1268ce7,01a0b43e91f4b1a8fee2b1374739e08a78b64644,持卡人消费,五食堂商务网关,-8.0,37.45,4336,正常
2016/04/24 08:35:50,1fe9ae237a2531f00b65ed23ad521a91d1268ce7,01a0b43e91f4b1a8fee2b1374739e08a78b64644,持卡人消费,学子便利店B07,-3.5,33.95,4337,正常
2016/04/25 10:02:13,1fe9ae237a2531f00b65ed23ad521a91d1268ce7,01a0b43e91f4b1a8fee2b1374739e08a78b64644,持卡人消费,学子便利店B07,-4.0,29.95,4338,正常
2016/04/25 11:26:09,1fe9ae237a2531f00b65ed23ad521a91d1268ce7,01a0b43e91f4b1a8fee2b1374739e08a78b64644,持卡人消费,九食堂商务网关,-8.0,21.95,4339,正常
2016/04/25 17:36:37,1fe9ae237a2531f00b65ed23ad521a91d1268ce7,01a0b43e91f4b1a8fee2b1374739e08a78b64644,存款,2区卡中心综合业务,200.0,221.95,4340,正常
2016/04/25 17:38:12,1fe9ae237a2531f00b65ed23ad521a91d1268ce7,01a0b43e91f4b1a8fee2b1374739e08a78b64644,持卡人消费,九食堂商务网关,-11.0,210.95,4341,正常
2016/04/25 17:39:12,1fe9ae237a2531f00b65ed23ad521a91d1268ce7,01a0b43e91f4b1a8fee2b1374739e08a78b64644,持卡人消费,九食堂商务网关,-8.0,202.95,4342,正常
2016/04/25 20:07:06,1fe9ae237a2531f00b65ed23ad521a91d1268ce7,01a0b43e91f4b1a8fee2b1374739e08a78b64644,持卡人消费,二区水控,-2.13,200.82,4344,正常
2016/04/25 20:13:04,1fe9ae237a2531f00b65ed23ad521a91d1268ce7,01a0b43e91f4b1a8fee2b1374739e08a78b64644,持卡人消费,B7,-3.0,197.82,4345,正常
2016/04/25 21:29:33,1fe9ae237a2531f00b65ed23ad521a91d1268ce7,01a0b43e91f4b1a8fee2b1374739e08a78b64644,持卡人消费,学子便利店B07,-7.4,190.42,4346,正常
2016/04/26 08:27:42,1fe9ae237a2531f00b65ed23ad521a91d1268ce7,01a0b43e91f4b1a8fee2b1374739e08a78b64644,持卡人消费,学子便利店B07,-4.0,186.42,4347,正常
2016/04/26 11:57:56,1fe9ae237a2531f00b65ed23ad521a91d1268ce7,01a0b43e91f4b1a8fee2b1374739e08a78b64644,持卡人消费,四食堂商务网关,-10.56,175.86,4348,正常
2016/04/26 16:56:35,1fe9ae237a2531f00b65ed23ad521a91d1268ce7,01a0b43e91f4b1a8fee2b1374739e08a78b64644,持卡人消费,九食堂商务网关,-10.0,165.86,4349,正常
2016/04/26 21:36:11,1fe9ae237a2531f00b65ed23ad521a91d1268ce7,01a0b43e91f4b1a8fee2b1374739e08a78b64644,持卡人消费,学子便利店B07,-2.6,163.26,4350,正常
2016/04/27 11:06:21,1fe9ae237a2531f00b65ed23ad521a91d1268ce7,01a0b43e91f4b1a8fee2b1374739e08a78b64644,持卡人消费,九食堂商务网关,-5.0,158.26,4351,正常
2016/04/27 11:06:54,1fe9ae237a2531f00b65ed23ad521a91d1268ce7,01a0b43e91f4b1a8fee2b1374739e08a78b64644,持卡人消费,九食堂商务网关,-1.0,157.26,4352,正常
2016/04/27 17:08:04,1fe9ae237a2531f00b65ed23ad521a91d1268ce7,01a0b43e91f4b1a8fee2b1374739e08a78b64644,持卡人消费,九食堂商务网关,-9.0,148.26,4353,正常
2016/04/28 07:48:44,1fe9ae237a2531f00b65ed23ad521a91d1268ce7,01a0b43e91f4b1a8fee2b1374739e08a78b64644,持卡人消费,九食堂商务网关,-1.1,147.16,4354,正常
2016/04/28 07:49:10,1fe9ae237a2531f00b65ed23ad521a91d1268ce7,01a0b43e91f4b1a8fee2b1374739e08a78b64644,持卡人消费,九食堂商务网关,-0.5,146.66,4355,正常
2016/04/28 11:06:33,1fe9ae237a2531f00b65ed23ad521a91d1268ce7,01a0b43e91f4b1a8fee2b1374739e08a78b64644,持卡人消费,九食堂商务网关,-8.0,138.66,4356,正常
2016/04/29 11:17:14,1fe9ae237a2531f00b65ed23ad521a91d1268ce7,01a0b43e91f4b1a8fee2b1374739e08a78b64644,持卡人消费,九食堂商务网关,-9.0,129.66,4357,正常
2016/04/29 17:07:25,1fe9ae237a2531f00b65ed23ad521a91d1268ce7,01a0b43e91f4b1a8fee2b1374739e08a78b64644,持卡人消费,九食堂商务网关,-9.0,120.66,4358,正常
2016/04/29 21:25:05,1fe9ae237a2531f00b65ed23ad521a91d1268ce7,01a0b43e91f4b1a8fee2b1374739e08a78b64644,持卡人消费,学子便利店B07,-23.0,97.66,4359,正常
2016/04/30 11:30:39,1fe9ae237a2531f00b65ed23ad521a91d1268ce7,01a0b43e91f4b1a8fee2b1374739e08a78b64644,持卡人消费,五食堂商务网关,-7.0,90.66,4360,正常
