交易发生时间,学号,姓名,交易类型,子系统名称,交易额,现有余额,次数,状态
2016/04/02 14:09:36,8de78ad2339e756cfcd99e2c086c2946089f48b4,01ea2e38ae1757c3aaa9a2756a1993e7d3768564,持卡人消费,超市商务子系统,-0.6,14.97,1441,正常
2016/04/02 14:15:52,8de78ad2339e756cfcd99e2c086c2946089f48b4,01ea2e38ae1757c3aaa9a2756a1993e7d3768564,持卡人消费,A1,-3.0,11.97,1442,正常
2016/04/02 15:25:42,8de78ad2339e756cfcd99e2c086c2946089f48b4,01ea2e38ae1757c3aaa9a2756a1993e7d3768564,持卡人消费,15公寓浴池,-0.02,11.95,1444,正常
2016/04/02 15:36:15,8de78ad2339e756cfcd99e2c086c2946089f48b4,01ea2e38ae1757c3aaa9a2756a1993e7d3768564,持卡人消费,15公寓浴池,-2.0,9.95,1445,正常
2016/04/02 15:44:10,8de78ad2339e756cfcd99e2c086c2946089f48b4,01ea2e38ae1757c3aaa9a2756a1993e7d3768564,持卡人消费,15公寓浴池,-1.47,8.48,1447,正常
2016/04/02 21:29:58,8de78ad2339e756cfcd99e2c086c2946089f48b4,01ea2e38ae1757c3aaa9a2756a1993e7d3768564,持卡人消费,学子超市园丁总店,-2.5,5.98,1448,正常
2016/04/04 14:00:31,8de78ad2339e756cfcd99e2c086c2946089f48b4,01ea2e38ae1757c3aaa9a2756a1993e7d3768564,持卡人消费,学子便利店A01后楼,-5.0,0.98,1449,正常
