交易发生时间,学号,姓名,交易类型,子系统名称,交易额,现有余额,次数,状态
2016/04/01 08:44:32,ebddb3008eda00d129ba8ba42bab304a0f33615d,02104408bd0704bd5d6fa8724fda39e0d0dab714,持卡人消费,学士楼商务网关,-2.1,139.43,4020,正常
2016/04/05 08:48:31,ebddb3008eda00d129ba8ba42bab304a0f33615d,02104408bd0704bd5d6fa8724fda39e0d0dab714,持卡人消费,学士楼商务网关,-1.5,137.93,4021,正常
2016/04/05 08:49:51,ebddb3008eda00d129ba8ba42bab304a0f33615d,02104408bd0704bd5d6fa8724fda39e0d0dab714,持卡人消费,学士楼商务网关,-0.4,137.53,4022,正常
2016/04/05 11:32:05,ebddb3008eda00d129ba8ba42bab304a0f33615d,02104408bd0704bd5d6fa8724fda39e0d0dab714,持卡人消费,学苑楼商务网关,-9.0,128.53,4023,正常
2016/04/05 11:44:14,ebddb3008eda00d129ba8ba42bab304a0f33615d,02104408bd0704bd5d6fa8724fda39e0d0dab714,持卡人消费,学苑楼商务网关,-8.0,120.53,4024,正常
2016/04/05 11:53:21,ebddb3008eda00d129ba8ba42bab304a0f33615d,02104408bd0704bd5d6fa8724fda39e0d0dab714,持卡人消费,学子便利店A01后楼,-1.0,119.53,4025,正常
2016/04/05 18:52:37,ebddb3008eda00d129ba8ba42bab304a0f33615d,02104408bd0704bd5d6fa8724fda39e0d0dab714,持卡人消费,15公寓浴池,-2.0,117.53,4026,正常
2016/04/05 18:55:53,ebddb3008eda00d129ba8ba42bab304a0f33615d,02104408bd0704bd5d6fa8724fda39e0d0dab714,持卡人消费,15公寓浴池,-0.62,116.91,4028,正常
2016/04/05 19:20:24,ebddb3008eda00d129ba8ba42bab304a0f33615d,02104408bd0704bd5d6fa8724fda39e0d0dab714,持卡人消费,学士楼商务网关,-4.3,112.61,4029,正常
2016/04/05 19:21:12,ebddb3008eda00d129ba8ba42bab304a0f33615d,02104408bd0704bd5d6fa8724fda39e0d0dab714,持卡人消费,学士楼商务网关,-2.0,110.61,4030,正常
2016/04/05 19:22:00,ebddb3008eda00d129ba8ba42bab304a0f33615d,02104408bd0704bd5d6fa8724fda39e0d0dab714,持卡人消费,学士楼商务网关,-7.0,103.61,4031,正常
2016/04/06 08:30:37,ebddb3008eda00d129ba8ba42bab304a0f33615d,02104408bd0704bd5d6fa8724fda39e0d0dab714,持卡人消费,学士楼商务网关,-2.4,101.21,4032,正常
2016/04/06 08:32:02,ebddb3008eda00d129ba8ba42bab304a0f33615d,02104408bd0704bd5d6fa8724fda39e0d0dab714,持卡人消费,学士楼商务网关,-2.0,99.21,4033,正常
2016/04/06 12:43:53,ebddb3008eda00d129ba8ba42bab304a0f33615d,02104408bd0704bd5d6fa8724fda39e0d0dab714,持卡人消费,学子便利店A01后楼,-1.0,98.21,4034,正常
2016/04/06 17:25:23,ebddb3008eda00d129ba8ba42bab304a0f33615d,02104408bd0704bd5d6fa8724fda39e0d0dab714,持卡人消费,学苑楼商务网关,-8.0,90.21,4035,正常
2016/04/06 17:25:35,ebddb3008eda00d129ba8ba42bab304a0f33615d,02104408bd0704bd5d6fa8724fda39e0d0dab714,持卡人消费,学苑楼商务网关,-1.0,89.21,4036,正常
2016/04/07 08:58:33,ebddb3008eda00d129ba8ba42bab304a0f33615d,02104408bd0704bd5d6fa8724fda39e0d0dab714,持卡人消费,学士楼商务网关,-2.75,86.46,4037,正常
2016/04/07 11:46:07,ebddb3008eda00d129ba8ba42bab304a0f33615d,02104408bd0704bd5d6fa8724fda39e0d0dab714,持卡人消费,学苑楼商务网关,-8.0,78.46,4038,正常
2016/04/07 12:27:23,ebddb3008eda00d129ba8ba42bab304a0f33615d,02104408bd0704bd5d6fa8724fda39e0d0dab714,持卡人消费,学子便利店A01后楼,-1.0,77.46,4039,正常
2016/04/07 17:30:11,ebddb3008eda00d129ba8ba42bab304a0f33615d,02104408bd0704bd5d6fa8724fda39e0d0dab714,持卡人消费,学苑楼商务网关,-7.0,70.46,4040,正常
2016/04/08 18:19:03,ebddb3008eda00d129ba8ba42bab304a0f33615d,02104408bd0704bd5d6fa8724fda39e0d0dab714,持卡人消费,15公寓浴池,-2.0,68.46,4041,正常
2016/04/08 18:23:16,ebddb3008eda00d129ba8ba42bab304a0f33615d,02104408bd0704bd5d6fa8724fda39e0d0dab714,持卡人消费,15公寓浴池,-0.78,67.68,4043,正常
2016/04/08 18:30:23,ebddb3008eda00d129ba8ba42bab304a0f33615d,02104408bd0704bd5d6fa8724fda39e0d0dab714,持卡人消费,学子便利店A01后楼,-1.0,66.68,4044,正常
2016/04/08 21:46:48,ebddb3008eda00d129ba8ba42bab304a0f33615d,02104408bd0704bd5d6fa8724fda39e0d0dab714,持卡人消费,超市商务子系统,-10.7,55.98,4045,正常
2016/04/11 17:08:16,ebddb3008eda00d129ba8ba42bab304a0f33615d,02104408bd0704bd5d6fa8724fda39e0d0dab714,持卡人消费,学苑楼商务网关,-7.0,48.98,4046,正常
2016/04/11 17:10:43,ebddb3008eda00d129ba8ba42bab304a0f33615d,02104408bd0704bd5d6fa8724fda39e0d0dab714,持卡人消费,学苑楼商务网关,-8.0,40.98,4047,正常
2016/04/12 11:44:27,ebddb3008eda00d129ba8ba42bab304a0f33615d,02104408bd0704bd5d6fa8724fda39e0d0dab714,持卡人消费,学苑楼商务网关,-9.0,31.98,4048,正常
2016/04/12 12:06:45,ebddb3008eda00d129ba8ba42bab304a0f33615d,02104408bd0704bd5d6fa8724fda39e0d0dab714,持卡人消费,超市商务子系统,-14.9,17.08,4049,正常
2016/04/12 17:43:20,ebddb3008eda00d129ba8ba42bab304a0f33615d,02104408bd0704bd5d6fa8724fda39e0d0dab714,持卡人消费,学苑楼商务网关,-10.0,7.08,4050,正常
2016/04/13 14:14:00,ebddb3008eda00d129ba8ba42bab304a0f33615d,02104408bd0704bd5d6fa8724fda39e0d0dab714,持卡人消费,学子便利店A01后楼,-3.7,3.38,4051,正常
2016/04/13 20:23:04,ebddb3008eda00d129ba8ba42bab304a0f33615d,02104408bd0704bd5d6fa8724fda39e0d0dab714,持卡人消费,15公寓浴池,-0.03,3.35,4053,正常
2016/04/13 20:33:35,ebddb3008eda00d129ba8ba42bab304a0f33615d,02104408bd0704bd5d6fa8724fda39e0d0dab714,持卡人消费,15公寓浴池,-2.0,1.35,4054,正常
2016/04/15 11:25:02,ebddb3008eda00d129ba8ba42bab304a0f33615d,02104408bd0704bd5d6fa8724fda39e0d0dab714,存款,现金充值机,100.0,101.35,4055,正常
2016/04/15 11:49:35,ebddb3008eda00d129ba8ba42bab304a0f33615d,02104408bd0704bd5d6fa8724fda39e0d0dab714,持卡人消费,学苑楼商务网关,-8.0,93.35,4056,正常
2016/04/15 12:11:03,ebddb3008eda00d129ba8ba42bab304a0f33615d,02104408bd0704bd5d6fa8724fda39e0d0dab714,持卡人消费,学子便利店A01后楼,-1.0,92.35,4057,正常
2016/04/15 17:46:22,ebddb3008eda00d129ba8ba42bab304a0f33615d,02104408bd0704bd5d6fa8724fda39e0d0dab714,持卡人消费,学苑楼商务网关,-6.0,86.35,4058,正常
2016/04/15 17:51:52,ebddb3008eda00d129ba8ba42bab304a0f33615d,02104408bd0704bd5d6fa8724fda39e0d0dab714,持卡人消费,学苑楼商务网关,-3.5,82.85,4059,正常
2016/04/16 14:11:58,ebddb3008eda00d129ba8ba42bab304a0f33615d,02104408bd0704bd5d6fa8724fda39e0d0dab714,持卡人消费,15公寓浴池,-2.0,80.85,4060,正常
2016/04/16 14:15:36,ebddb3008eda00d129ba8ba42bab304a0f33615d,02104408bd0704bd5d6fa8724fda39e0d0dab714,持卡人消费,15公寓浴池,-0.69,80.16,4062,正常
2016/04/17 09:34:59,ebddb3008eda00d129ba8ba42bab304a0f33615d,02104408bd0704bd5d6fa8724fda39e0d0dab714,持卡人消费,学子便利店A01后楼,-6.9,73.26,4063,正常
2016/04/17 13:15:30,ebddb3008eda00d129ba8ba42bab304a0f33615d,02104408bd0704bd5d6fa8724fda39e0d0dab714,持卡人消费,学子便利店A01后楼,-1.0,72.26,4064,正常
2016/04/17 21:26:43,ebddb3008eda00d129ba8ba42bab304a0f33615d,02104408bd0704bd5d6fa8724fda39e0d0dab714,持卡人消费,学子超市园丁总店,-7.8,64.46,4065,正常
2016/04/17 21:26:56,ebddb3008eda00d129ba8ba42bab304a0f33615d,02104408bd0704bd5d6fa8724fda39e0d0dab714,持卡人消费,学子超市园丁总店,-7.8,56.66,4066,正常
2016/04/18 09:06:25,ebddb3008eda00d129ba8ba42bab304a0f33615d,02104408bd0704bd5d6fa8724fda39e0d0dab714,持卡人消费,学士楼商务网关,-2.5,54.16,4067,正常
2016/04/18 11:07:33,ebddb3008eda00d129ba8ba42bab304a0f33615d,02104408bd0704bd5d6fa8724fda39e0d0dab714,持卡人消费,学苑楼商务网关,-6.0,48.16,4068,正常
2016/04/18 17:53:08,ebddb3008eda00d129ba8ba42bab304a0f33615d,02104408bd0704bd5d6fa8724fda39e0d0dab714,持卡人消费,学苑楼商务网关,-7.0,41.16,4069,正常
2016/04/18 18:06:16,ebddb3008eda00d129ba8ba42bab304a0f33615d,02104408bd0704bd5d6fa8724fda39e0d0dab714,持卡人消费,学苑楼商务网关,-6.0,35.16,4070,正常
2016/04/18 18:06:31,ebddb3008eda00d129ba8ba42bab304a0f33615d,02104408bd0704bd5d6fa8724fda39e0d0dab714,持卡人消费,学苑楼商务网关,-5.0,30.16,4071,正常
2016/04/18 18:33:35,ebddb3008eda00d129ba8ba42bab304a0f33615d,02104408bd0704bd5d6fa8724fda39e0d0dab714,持卡人消费,身份前置机,-0.24,29.92,4072,正常
2016/04/19 08:41:12,ebddb3008eda00d129ba8ba42bab304a0f33615d,02104408bd0704bd5d6fa8724fda39e0d0dab714,持卡人消费,学士楼商务网关,-4.5,25.42,4073,正常
2016/04/19 11:47:08,ebddb3008eda00d129ba8ba42bab304a0f33615d,02104408bd0704bd5d6fa8724fda39e0d0dab714,持卡人消费,学苑楼商务网关,-8.0,17.42,4074,正常
2016/04/19 17:32:40,ebddb3008eda00d129ba8ba42bab304a0f33615d,02104408bd0704bd5d6fa8724fda39e0d0dab714,持卡人消费,学苑楼商务网关,-7.0,10.42,4075,正常
2016/04/19 17:52:43,ebddb3008eda00d129ba8ba42bab304a0f33615d,02104408bd0704bd5d6fa8724fda39e0d0dab714,持卡人消费,超市商务子系统,-6.8,3.62,4076,正常
2016/04/20 09:18:44,ebddb3008eda00d129ba8ba42bab304a0f33615d,02104408bd0704bd5d6fa8724fda39e0d0dab714,持卡人消费,学士楼商务网关,-1.9,1.72,4077,正常
2016/04/20 09:18:49,ebddb3008eda00d129ba8ba42bab304a0f33615d,02104408bd0704bd5d6fa8724fda39e0d0dab714,持卡人消费,学士楼商务网关,-0.6,1.12,4078,正常
2016/04/20 17:59:48,ebddb3008eda00d129ba8ba42bab304a0f33615d,02104408bd0704bd5d6fa8724fda39e0d0dab714,存款,学苑楼综合业务2,100.0,101.12,4079,正常
2016/04/20 18:03:14,ebddb3008eda00d129ba8ba42bab304a0f33615d,02104408bd0704bd5d6fa8724fda39e0d0dab714,持卡人消费,学士楼商务网关,-7.0,94.12,4080,正常
2016/04/20 19:03:21,ebddb3008eda00d129ba8ba42bab304a0f33615d,02104408bd0704bd5d6fa8724fda39e0d0dab714,持卡人消费,15公寓浴池,-2.0,92.12,4081,正常
2016/04/20 19:03:40,ebddb3008eda00d129ba8ba42bab304a0f33615d,02104408bd0704bd5d6fa8724fda39e0d0dab714,持卡人消费,15公寓浴池,-2.0,90.12,4082,正常
2016/04/20 19:07:15,ebddb3008eda00d129ba8ba42bab304a0f33615d,02104408bd0704bd5d6fa8724fda39e0d0dab714,持卡人消费,15公寓浴池,-0.74,89.38,4084,正常
2016/04/21 08:53:15,ebddb3008eda00d129ba8ba42bab304a0f33615d,02104408bd0704bd5d6fa8724fda39e0d0dab714,持卡人消费,学士楼商务网关,-3.5,85.88,4085,正常
2016/04/21 11:25:17,ebddb3008eda00d129ba8ba42bab304a0f33615d,02104408bd0704bd5d6fa8724fda39e0d0dab714,持卡人消费,学苑楼商务网关,-7.0,78.88,4086,正常
2016/04/21 11:53:21,ebddb3008eda00d129ba8ba42bab304a0f33615d,02104408bd0704bd5d6fa8724fda39e0d0dab714,持卡人消费,学子便利店A01后楼,-3.5,75.38,4087,正常
2016/04/21 17:28:49,ebddb3008eda00d129ba8ba42bab304a0f33615d,02104408bd0704bd5d6fa8724fda39e0d0dab714,持卡人消费,学苑楼商务网关,-7.5,67.88,4088,正常
2016/04/21 22:25:02,ebddb3008eda00d129ba8ba42bab304a0f33615d,02104408bd0704bd5d6fa8724fda39e0d0dab714,持卡人消费,学子便利店A01后楼,-1.0,66.88,4089,正常
2016/04/22 09:06:45,ebddb3008eda00d129ba8ba42bab304a0f33615d,02104408bd0704bd5d6fa8724fda39e0d0dab714,持卡人消费,学士楼商务网关,-4.5,62.38,4090,正常
2016/04/22 18:53:11,ebddb3008eda00d129ba8ba42bab304a0f33615d,02104408bd0704bd5d6fa8724fda39e0d0dab714,持卡人消费,学子便利店A01后楼,-5.5,56.88,4091,正常
2016/04/23 11:49:05,ebddb3008eda00d129ba8ba42bab304a0f33615d,02104408bd0704bd5d6fa8724fda39e0d0dab714,持卡人消费,学苑楼商务网关,-7.0,49.88,4092,正常
2016/04/23 12:05:29,ebddb3008eda00d129ba8ba42bab304a0f33615d,02104408bd0704bd5d6fa8724fda39e0d0dab714,持卡人消费,学苑楼商务网关,-6.0,43.88,4093,正常
2016/04/24 13:57:34,ebddb3008eda00d129ba8ba42bab304a0f33615d,02104408bd0704bd5d6fa8724fda39e0d0dab714,持卡人消费,15公寓浴池,-2.0,41.88,4094,正常
2016/04/24 14:00:48,ebddb3008eda00d129ba8ba42bab304a0f33615d,02104408bd0704bd5d6fa8724fda39e0d0dab714,持卡人消费,15公寓浴池,-0.62,41.26,4096,正常
2016/04/24 14:08:02,ebddb3008eda00d129ba8ba42bab304a0f33615d,02104408bd0704bd5d6fa8724fda39e0d0dab714,持卡人消费,学子便利店A01后楼,-4.2,37.06,4097,正常
2016/04/24 17:05:12,ebddb3008eda00d129ba8ba42bab304a0f33615d,02104408bd0704bd5d6fa8724fda39e0d0dab714,持卡人消费,学士楼商务网关,-6.0,31.06,4098,正常
2016/04/24 17:08:30,ebddb3008eda00d129ba8ba42bab304a0f33615d,02104408bd0704bd5d6fa8724fda39e0d0dab714,持卡人消费,学士楼商务网关,-6.6,24.46,4099,正常
2016/04/25 08:57:27,ebddb3008eda00d129ba8ba42bab304a0f33615d,02104408bd0704bd5d6fa8724fda39e0d0dab714,持卡人消费,学士楼商务网关,-3.6,20.86,4100,正常
2016/04/25 08:57:50,ebddb3008eda00d129ba8ba42bab304a0f33615d,02104408bd0704bd5d6fa8724fda39e0d0dab714,持卡人消费,学士楼商务网关,-3.3,17.56,4101,正常
2016/04/25 08:59:01,ebddb3008eda00d129ba8ba42bab304a0f33615d,02104408bd0704bd5d6fa8724fda39e0d0dab714,持卡人消费,学士楼商务网关,-0.6,16.96,4102,正常
2016/04/26 08:39:45,ebddb3008eda00d129ba8ba42bab304a0f33615d,02104408bd0704bd5d6fa8724fda39e0d0dab714,持卡人消费,学士楼商务网关,-4.0,12.96,4103,正常
2016/04/26 11:28:57,ebddb3008eda00d129ba8ba42bab304a0f33615d,02104408bd0704bd5d6fa8724fda39e0d0dab714,存款,卡中心综合业务,100.0,112.96,4104,正常
2016/04/26 11:35:03,ebddb3008eda00d129ba8ba42bab304a0f33615d,02104408bd0704bd5d6fa8724fda39e0d0dab714,持卡人消费,学苑楼商务网关,-17.0,95.96,4105,正常
2016/04/26 11:35:59,ebddb3008eda00d129ba8ba42bab304a0f33615d,02104408bd0704bd5d6fa8724fda39e0d0dab714,持卡人消费,学苑楼商务网关,-0.8,95.16,4106,正常
2016/04/26 18:14:16,ebddb3008eda00d129ba8ba42bab304a0f33615d,02104408bd0704bd5d6fa8724fda39e0d0dab714,持卡人消费,学苑楼商务网关,-7.0,88.16,4107,正常
2016/04/26 18:14:49,ebddb3008eda00d129ba8ba42bab304a0f33615d,02104408bd0704bd5d6fa8724fda39e0d0dab714,持卡人消费,学苑楼商务网关,-1.0,87.16,4108,正常
2016/04/27 08:39:57,ebddb3008eda00d129ba8ba42bab304a0f33615d,02104408bd0704bd5d6fa8724fda39e0d0dab714,持卡人消费,学士楼商务网关,-4.0,83.16,4109,正常
2016/04/27 18:30:28,ebddb3008eda00d129ba8ba42bab304a0f33615d,02104408bd0704bd5d6fa8724fda39e0d0dab714,持卡人消费,硕果园（工大商店）,-10.0,73.16,4110,正常
2016/04/27 19:55:27,ebddb3008eda00d129ba8ba42bab304a0f33615d,02104408bd0704bd5d6fa8724fda39e0d0dab714,持卡人消费,15公寓浴池,-2.0,71.16,4111,正常
2016/04/27 20:01:10,ebddb3008eda00d129ba8ba42bab304a0f33615d,02104408bd0704bd5d6fa8724fda39e0d0dab714,持卡人消费,15公寓浴池,-0.96,70.20,4113,正常
2016/04/27 20:08:04,ebddb3008eda00d129ba8ba42bab304a0f33615d,02104408bd0704bd5d6fa8724fda39e0d0dab714,持卡人消费,学子便利店A01后楼,-4.2,66.00,4114,正常
2016/04/28 18:50:40,ebddb3008eda00d129ba8ba42bab304a0f33615d,02104408bd0704bd5d6fa8724fda39e0d0dab714,持卡人消费,超市商务子系统,-6.5,59.50,4115,正常
2016/04/28 18:51:30,ebddb3008eda00d129ba8ba42bab304a0f33615d,02104408bd0704bd5d6fa8724fda39e0d0dab714,持卡人消费,超市商务子系统,-6.0,53.50,4116,正常
