交易发生时间,学号,姓名,交易类型,子系统名称,交易额,现有余额,次数,状态
2016/04/01 11:23:39,7cabe67a449bdbab44f5351d3f0ede3ba7772e38,023f758804dbd63f2ed071ac8b43a65f3030f9d4,持卡人消费,学子楼商务网关,-5.5,70.56,4771,正常
2016/04/01 11:24:05,7cabe67a449bdbab44f5351d3f0ede3ba7772e38,023f758804dbd63f2ed071ac8b43a65f3030f9d4,持卡人消费,学子楼商务网关,-1.0,69.56,4772,正常
2016/04/01 17:29:29,7cabe67a449bdbab44f5351d3f0ede3ba7772e38,023f758804dbd63f2ed071ac8b43a65f3030f9d4,持卡人消费,学苑楼商务网关,-8.8,60.76,4773,正常
2016/04/02 10:15:05,7cabe67a449bdbab44f5351d3f0ede3ba7772e38,023f758804dbd63f2ed071ac8b43a65f3030f9d4,持卡人消费,超市商务子系统,-14.9,45.86,4774,正常
2016/04/02 17:17:51,7cabe67a449bdbab44f5351d3f0ede3ba7772e38,023f758804dbd63f2ed071ac8b43a65f3030f9d4,持卡人消费,学苑楼商务网关,-8.0,37.86,4775,正常
2016/04/02 18:23:50,7cabe67a449bdbab44f5351d3f0ede3ba7772e38,023f758804dbd63f2ed071ac8b43a65f3030f9d4,持卡人消费,15公寓浴池,-0.02,37.84,4777,正常
2016/04/02 18:34:19,7cabe67a449bdbab44f5351d3f0ede3ba7772e38,023f758804dbd63f2ed071ac8b43a65f3030f9d4,持卡人消费,15公寓浴池,-2.0,35.84,4778,正常
2016/04/02 18:40:42,7cabe67a449bdbab44f5351d3f0ede3ba7772e38,023f758804dbd63f2ed071ac8b43a65f3030f9d4,持卡人消费,15公寓浴池,-1.22,34.62,4780,正常
2016/04/02 18:52:12,7cabe67a449bdbab44f5351d3f0ede3ba7772e38,023f758804dbd63f2ed071ac8b43a65f3030f9d4,持卡人消费,学子便利店A01后楼,-0.1,34.52,4781,正常
2016/04/03 11:10:46,7cabe67a449bdbab44f5351d3f0ede3ba7772e38,023f758804dbd63f2ed071ac8b43a65f3030f9d4,持卡人消费,学苑楼商务网关,-9.0,25.52,4782,正常
2016/04/04 11:35:01,7cabe67a449bdbab44f5351d3f0ede3ba7772e38,023f758804dbd63f2ed071ac8b43a65f3030f9d4,持卡人消费,学苑楼商务网关,-8.0,17.52,4783,正常
2016/04/04 17:56:08,7cabe67a449bdbab44f5351d3f0ede3ba7772e38,023f758804dbd63f2ed071ac8b43a65f3030f9d4,持卡人消费,学苑楼商务网关,-9.0,8.52,4784,正常
2016/04/05 07:24:38,7cabe67a449bdbab44f5351d3f0ede3ba7772e38,023f758804dbd63f2ed071ac8b43a65f3030f9d4,持卡人消费,学士楼商务网关,-2.1,6.42,4785,正常
2016/04/05 11:56:58,7cabe67a449bdbab44f5351d3f0ede3ba7772e38,023f758804dbd63f2ed071ac8b43a65f3030f9d4,持卡人消费,学苑楼商务网关,-4.0,2.42,4786,正常
2016/04/05 12:13:21,7cabe67a449bdbab44f5351d3f0ede3ba7772e38,023f758804dbd63f2ed071ac8b43a65f3030f9d4,存款,学苑楼综合业务3,200.0,202.42,4787,正常
2016/04/06 06:53:38,7cabe67a449bdbab44f5351d3f0ede3ba7772e38,023f758804dbd63f2ed071ac8b43a65f3030f9d4,持卡人消费,学士楼商务网关,-2.6,199.82,4788,正常
2016/04/06 11:18:39,7cabe67a449bdbab44f5351d3f0ede3ba7772e38,023f758804dbd63f2ed071ac8b43a65f3030f9d4,持卡人消费,学苑楼商务网关,-9.0,190.82,4789,正常
2016/04/06 17:15:56,7cabe67a449bdbab44f5351d3f0ede3ba7772e38,023f758804dbd63f2ed071ac8b43a65f3030f9d4,持卡人消费,学子楼商务网关,-8.4,182.42,4790,正常
2016/04/07 07:47:18,7cabe67a449bdbab44f5351d3f0ede3ba7772e38,023f758804dbd63f2ed071ac8b43a65f3030f9d4,持卡人消费,学士楼商务网关,-2.1,180.32,4791,正常
2016/04/07 11:53:44,7cabe67a449bdbab44f5351d3f0ede3ba7772e38,023f758804dbd63f2ed071ac8b43a65f3030f9d4,持卡人消费,学士楼商务网关,-5.0,175.32,4792,正常
2016/04/07 11:55:09,7cabe67a449bdbab44f5351d3f0ede3ba7772e38,023f758804dbd63f2ed071ac8b43a65f3030f9d4,持卡人消费,学士楼商务网关,-1.0,174.32,4793,正常
2016/04/07 17:17:29,7cabe67a449bdbab44f5351d3f0ede3ba7772e38,023f758804dbd63f2ed071ac8b43a65f3030f9d4,持卡人消费,学苑楼商务网关,-9.0,165.32,4794,正常
2016/04/08 07:51:51,7cabe67a449bdbab44f5351d3f0ede3ba7772e38,023f758804dbd63f2ed071ac8b43a65f3030f9d4,持卡人消费,学士楼商务网关,-2.9,162.42,4795,正常
2016/04/08 07:51:54,7cabe67a449bdbab44f5351d3f0ede3ba7772e38,023f758804dbd63f2ed071ac8b43a65f3030f9d4,持卡人消费,学士楼商务网关,-0.2,162.22,4796,正常
2016/04/08 11:24:51,7cabe67a449bdbab44f5351d3f0ede3ba7772e38,023f758804dbd63f2ed071ac8b43a65f3030f9d4,持卡人消费,学苑楼商务网关,-8.0,154.22,4797,正常
2016/04/08 17:19:07,7cabe67a449bdbab44f5351d3f0ede3ba7772e38,023f758804dbd63f2ed071ac8b43a65f3030f9d4,持卡人消费,学子楼商务网关,-6.5,147.72,4798,正常
2016/04/09 07:55:08,7cabe67a449bdbab44f5351d3f0ede3ba7772e38,023f758804dbd63f2ed071ac8b43a65f3030f9d4,持卡人消费,学士楼商务网关,-2.6,145.12,4799,正常
2016/04/09 11:54:47,7cabe67a449bdbab44f5351d3f0ede3ba7772e38,023f758804dbd63f2ed071ac8b43a65f3030f9d4,持卡人消费,学士楼商务网关,-7.1,138.02,4800,正常
2016/04/09 15:03:31,7cabe67a449bdbab44f5351d3f0ede3ba7772e38,023f758804dbd63f2ed071ac8b43a65f3030f9d4,持卡人消费,15公寓浴池,-2.0,136.02,4801,正常
2016/04/09 15:09:55,7cabe67a449bdbab44f5351d3f0ede3ba7772e38,023f758804dbd63f2ed071ac8b43a65f3030f9d4,持卡人消费,15公寓浴池,-1.22,134.80,4803,正常
2016/04/09 15:18:56,7cabe67a449bdbab44f5351d3f0ede3ba7772e38,023f758804dbd63f2ed071ac8b43a65f3030f9d4,持卡人消费,学子便利店A01后楼,-5.5,129.30,4804,正常
2016/04/10 11:55:22,7cabe67a449bdbab44f5351d3f0ede3ba7772e38,023f758804dbd63f2ed071ac8b43a65f3030f9d4,持卡人消费,学苑楼商务网关,-6.9,122.40,4805,正常
2016/04/10 12:26:06,7cabe67a449bdbab44f5351d3f0ede3ba7772e38,023f758804dbd63f2ed071ac8b43a65f3030f9d4,持卡人消费,超市商务子系统,-100.6,21.80,4806,正常
2016/04/11 07:36:40,7cabe67a449bdbab44f5351d3f0ede3ba7772e38,023f758804dbd63f2ed071ac8b43a65f3030f9d4,持卡人消费,学士楼商务网关,-2.1,19.70,4807,正常
2016/04/11 17:28:48,7cabe67a449bdbab44f5351d3f0ede3ba7772e38,023f758804dbd63f2ed071ac8b43a65f3030f9d4,持卡人消费,学苑楼商务网关,-8.8,10.90,4808,正常
2016/04/12 11:15:53,7cabe67a449bdbab44f5351d3f0ede3ba7772e38,023f758804dbd63f2ed071ac8b43a65f3030f9d4,持卡人消费,学苑楼商务网关,-6.0,4.90,4809,正常
2016/04/12 17:25:56,7cabe67a449bdbab44f5351d3f0ede3ba7772e38,023f758804dbd63f2ed071ac8b43a65f3030f9d4,存款,卡中心综合业务,30.0,34.90,4810,正常
2016/04/12 17:28:13,7cabe67a449bdbab44f5351d3f0ede3ba7772e38,023f758804dbd63f2ed071ac8b43a65f3030f9d4,持卡人消费,学苑楼商务网关,-8.8,26.10,4811,正常
2016/04/13 07:32:38,7cabe67a449bdbab44f5351d3f0ede3ba7772e38,023f758804dbd63f2ed071ac8b43a65f3030f9d4,存款,卡中心综合业务,300.0,326.10,4812,正常
2016/04/13 07:34:31,7cabe67a449bdbab44f5351d3f0ede3ba7772e38,023f758804dbd63f2ed071ac8b43a65f3030f9d4,持卡人消费,学苑楼商务网关,-1.9,324.20,4813,正常
2016/04/13 11:28:24,7cabe67a449bdbab44f5351d3f0ede3ba7772e38,023f758804dbd63f2ed071ac8b43a65f3030f9d4,持卡人消费,学士楼商务网关,-5.0,319.20,4814,正常
2016/04/13 11:29:19,7cabe67a449bdbab44f5351d3f0ede3ba7772e38,023f758804dbd63f2ed071ac8b43a65f3030f9d4,持卡人消费,学士楼商务网关,-1.66,317.54,4815,正常
2016/04/13 17:31:04,7cabe67a449bdbab44f5351d3f0ede3ba7772e38,023f758804dbd63f2ed071ac8b43a65f3030f9d4,持卡人消费,15公寓浴池,-2.0,315.54,4816,正常
2016/04/13 17:36:23,7cabe67a449bdbab44f5351d3f0ede3ba7772e38,023f758804dbd63f2ed071ac8b43a65f3030f9d4,持卡人消费,15公寓浴池,-1.01,314.53,4818,正常
2016/04/13 17:47:25,7cabe67a449bdbab44f5351d3f0ede3ba7772e38,023f758804dbd63f2ed071ac8b43a65f3030f9d4,持卡人消费,学子便利店A01后楼,-5.5,309.03,4819,正常
2016/04/13 19:17:40,7cabe67a449bdbab44f5351d3f0ede3ba7772e38,023f758804dbd63f2ed071ac8b43a65f3030f9d4,持卡人消费,学士楼商务网关,-9.4,299.63,4820,正常
2016/04/14 11:49:08,7cabe67a449bdbab44f5351d3f0ede3ba7772e38,023f758804dbd63f2ed071ac8b43a65f3030f9d4,持卡人消费,学士楼商务网关,-5.0,294.63,4821,正常
2016/04/14 11:50:26,7cabe67a449bdbab44f5351d3f0ede3ba7772e38,023f758804dbd63f2ed071ac8b43a65f3030f9d4,持卡人消费,学士楼商务网关,-1.0,293.63,4822,正常
2016/04/15 07:59:17,7cabe67a449bdbab44f5351d3f0ede3ba7772e38,023f758804dbd63f2ed071ac8b43a65f3030f9d4,持卡人消费,学士楼商务网关,-3.1,290.53,4823,正常
2016/04/15 11:25:20,7cabe67a449bdbab44f5351d3f0ede3ba7772e38,023f758804dbd63f2ed071ac8b43a65f3030f9d4,持卡人消费,学苑楼商务网关,-6.0,284.53,4824,正常
2016/04/15 17:26:39,7cabe67a449bdbab44f5351d3f0ede3ba7772e38,023f758804dbd63f2ed071ac8b43a65f3030f9d4,持卡人消费,学士楼商务网关,-2.37,282.16,4825,正常
2016/04/15 17:27:34,7cabe67a449bdbab44f5351d3f0ede3ba7772e38,023f758804dbd63f2ed071ac8b43a65f3030f9d4,持卡人消费,学士楼商务网关,-5.6,276.56,4826,正常
2016/04/16 11:23:08,7cabe67a449bdbab44f5351d3f0ede3ba7772e38,023f758804dbd63f2ed071ac8b43a65f3030f9d4,持卡人消费,学苑楼商务网关,-9.0,267.56,4827,正常
2016/04/16 17:38:45,7cabe67a449bdbab44f5351d3f0ede3ba7772e38,023f758804dbd63f2ed071ac8b43a65f3030f9d4,持卡人消费,学士楼商务网关,-9.1,258.46,4828,正常
2016/04/16 18:26:50,7cabe67a449bdbab44f5351d3f0ede3ba7772e38,023f758804dbd63f2ed071ac8b43a65f3030f9d4,持卡人消费,15公寓浴池,-2.0,256.46,4829,正常
2016/04/16 18:32:48,7cabe67a449bdbab44f5351d3f0ede3ba7772e38,023f758804dbd63f2ed071ac8b43a65f3030f9d4,持卡人消费,15公寓浴池,-1.14,255.32,4831,正常
2016/04/16 18:43:51,7cabe67a449bdbab44f5351d3f0ede3ba7772e38,023f758804dbd63f2ed071ac8b43a65f3030f9d4,持卡人消费,学子便利店A01后楼,-5.5,249.82,4832,正常
2016/04/17 07:20:19,7cabe67a449bdbab44f5351d3f0ede3ba7772e38,023f758804dbd63f2ed071ac8b43a65f3030f9d4,持卡人消费,硕果园（工大商店）,-5.0,244.82,4833,正常
2016/04/17 07:22:59,7cabe67a449bdbab44f5351d3f0ede3ba7772e38,023f758804dbd63f2ed071ac8b43a65f3030f9d4,持卡人消费,硕果园（工大商店）,-11.3,233.52,4834,正常
2016/04/17 11:38:33,7cabe67a449bdbab44f5351d3f0ede3ba7772e38,023f758804dbd63f2ed071ac8b43a65f3030f9d4,持卡人消费,学苑楼商务网关,-3.4,230.12,4835,正常
2016/04/17 11:38:59,7cabe67a449bdbab44f5351d3f0ede3ba7772e38,023f758804dbd63f2ed071ac8b43a65f3030f9d4,持卡人消费,学苑楼商务网关,-3.5,226.62,4836,正常
2016/04/18 08:17:30,7cabe67a449bdbab44f5351d3f0ede3ba7772e38,023f758804dbd63f2ed071ac8b43a65f3030f9d4,持卡人消费,学苑楼商务网关,-1.9,224.72,4837,正常
2016/04/18 08:28:04,7cabe67a449bdbab44f5351d3f0ede3ba7772e38,023f758804dbd63f2ed071ac8b43a65f3030f9d4,持卡人消费,学苑楼商务网关,-7.0,217.72,4838,正常
2016/04/18 11:33:14,7cabe67a449bdbab44f5351d3f0ede3ba7772e38,023f758804dbd63f2ed071ac8b43a65f3030f9d4,持卡人消费,学苑楼商务网关,-6.0,211.72,4839,正常
2016/04/19 07:43:32,7cabe67a449bdbab44f5351d3f0ede3ba7772e38,023f758804dbd63f2ed071ac8b43a65f3030f9d4,持卡人消费,学子便利店A01后楼,-2.5,209.22,4840,正常
2016/04/19 11:24:12,7cabe67a449bdbab44f5351d3f0ede3ba7772e38,023f758804dbd63f2ed071ac8b43a65f3030f9d4,持卡人消费,学苑楼商务网关,-8.0,201.22,4841,正常
2016/04/19 17:21:41,7cabe67a449bdbab44f5351d3f0ede3ba7772e38,023f758804dbd63f2ed071ac8b43a65f3030f9d4,持卡人消费,学苑楼商务网关,-7.9,193.32,4842,正常
2016/04/20 07:32:02,7cabe67a449bdbab44f5351d3f0ede3ba7772e38,023f758804dbd63f2ed071ac8b43a65f3030f9d4,持卡人消费,学苑楼商务网关,-1.9,191.42,4843,正常
2016/04/20 11:24:19,7cabe67a449bdbab44f5351d3f0ede3ba7772e38,023f758804dbd63f2ed071ac8b43a65f3030f9d4,持卡人消费,学士楼商务网关,-9.8,181.62,4844,正常
2016/04/20 17:16:59,7cabe67a449bdbab44f5351d3f0ede3ba7772e38,023f758804dbd63f2ed071ac8b43a65f3030f9d4,持卡人消费,学苑楼商务网关,-7.0,174.62,4845,正常
2016/04/20 18:20:01,7cabe67a449bdbab44f5351d3f0ede3ba7772e38,023f758804dbd63f2ed071ac8b43a65f3030f9d4,持卡人消费,15公寓浴池,-2.0,172.62,4846,正常
2016/04/20 18:24:23,7cabe67a449bdbab44f5351d3f0ede3ba7772e38,023f758804dbd63f2ed071ac8b43a65f3030f9d4,持卡人消费,15公寓浴池,-0.83,171.79,4848,正常
2016/04/20 18:34:57,7cabe67a449bdbab44f5351d3f0ede3ba7772e38,023f758804dbd63f2ed071ac8b43a65f3030f9d4,持卡人消费,学子便利店A01后楼,-5.5,166.29,4849,正常
2016/04/21 07:25:56,7cabe67a449bdbab44f5351d3f0ede3ba7772e38,023f758804dbd63f2ed071ac8b43a65f3030f9d4,持卡人消费,学苑楼商务网关,-1.9,164.39,4850,正常
2016/04/21 11:49:28,7cabe67a449bdbab44f5351d3f0ede3ba7772e38,023f758804dbd63f2ed071ac8b43a65f3030f9d4,持卡人消费,学士楼商务网关,-7.0,157.39,4851,正常
2016/04/21 12:02:11,7cabe67a449bdbab44f5351d3f0ede3ba7772e38,023f758804dbd63f2ed071ac8b43a65f3030f9d4,持卡人消费,学士楼商务网关,-6.3,151.09,4852,正常
2016/04/21 18:03:09,7cabe67a449bdbab44f5351d3f0ede3ba7772e38,023f758804dbd63f2ed071ac8b43a65f3030f9d4,持卡人消费,学苑楼商务网关,-8.8,142.29,4853,正常
2016/04/22 06:48:30,7cabe67a449bdbab44f5351d3f0ede3ba7772e38,023f758804dbd63f2ed071ac8b43a65f3030f9d4,持卡人消费,学苑楼商务网关,-2.2,140.09,4854,正常
2016/04/22 11:18:23,7cabe67a449bdbab44f5351d3f0ede3ba7772e38,023f758804dbd63f2ed071ac8b43a65f3030f9d4,持卡人消费,学苑楼商务网关,-7.0,133.09,4855,正常
2016/04/22 17:17:59,7cabe67a449bdbab44f5351d3f0ede3ba7772e38,023f758804dbd63f2ed071ac8b43a65f3030f9d4,持卡人消费,学苑楼商务网关,-8.8,124.29,4856,正常
2016/04/22 18:19:42,7cabe67a449bdbab44f5351d3f0ede3ba7772e38,023f758804dbd63f2ed071ac8b43a65f3030f9d4,持卡人消费,15公寓浴池,-2.0,122.29,4857,正常
2016/04/22 18:26:50,7cabe67a449bdbab44f5351d3f0ede3ba7772e38,023f758804dbd63f2ed071ac8b43a65f3030f9d4,持卡人消费,15公寓浴池,-1.36,120.93,4859,正常
2016/04/22 18:37:04,7cabe67a449bdbab44f5351d3f0ede3ba7772e38,023f758804dbd63f2ed071ac8b43a65f3030f9d4,持卡人消费,学子便利店A01后楼,-5.5,115.43,4860,正常
2016/04/23 11:20:00,7cabe67a449bdbab44f5351d3f0ede3ba7772e38,023f758804dbd63f2ed071ac8b43a65f3030f9d4,持卡人消费,学子楼商务网关,-8.4,107.03,4861,正常
2016/04/24 08:42:54,7cabe67a449bdbab44f5351d3f0ede3ba7772e38,023f758804dbd63f2ed071ac8b43a65f3030f9d4,持卡人消费,学士楼商务网关,-3.6,103.43,4862,正常
2016/04/24 11:35:35,7cabe67a449bdbab44f5351d3f0ede3ba7772e38,023f758804dbd63f2ed071ac8b43a65f3030f9d4,持卡人消费,学苑楼商务网关,-8.0,95.43,4863,正常
2016/04/24 17:16:45,7cabe67a449bdbab44f5351d3f0ede3ba7772e38,023f758804dbd63f2ed071ac8b43a65f3030f9d4,持卡人消费,学苑楼商务网关,-7.0,88.43,4864,正常
2016/04/24 21:17:27,7cabe67a449bdbab44f5351d3f0ede3ba7772e38,023f758804dbd63f2ed071ac8b43a65f3030f9d4,持卡人消费,超市商务子系统,-11.6,76.83,4865,正常
2016/04/25 17:16:18,7cabe67a449bdbab44f5351d3f0ede3ba7772e38,023f758804dbd63f2ed071ac8b43a65f3030f9d4,持卡人消费,学士楼商务网关,-9.9,66.93,4866,正常
2016/04/26 07:52:15,7cabe67a449bdbab44f5351d3f0ede3ba7772e38,023f758804dbd63f2ed071ac8b43a65f3030f9d4,持卡人消费,学士楼商务网关,-1.9,65.03,4867,正常
2016/04/26 11:23:32,7cabe67a449bdbab44f5351d3f0ede3ba7772e38,023f758804dbd63f2ed071ac8b43a65f3030f9d4,持卡人消费,学苑楼商务网关,-9.0,56.03,4868,正常
2016/04/27 07:17:26,7cabe67a449bdbab44f5351d3f0ede3ba7772e38,023f758804dbd63f2ed071ac8b43a65f3030f9d4,持卡人消费,学士楼商务网关,-3.2,52.83,4869,正常
2016/04/27 12:30:11,7cabe67a449bdbab44f5351d3f0ede3ba7772e38,023f758804dbd63f2ed071ac8b43a65f3030f9d4,持卡人消费,学苑楼商务网关,-6.0,46.83,4870,正常
2016/04/27 16:04:24,7cabe67a449bdbab44f5351d3f0ede3ba7772e38,023f758804dbd63f2ed071ac8b43a65f3030f9d4,持卡人消费,15公寓浴池,-2.0,44.83,4871,正常
2016/04/27 16:14:54,7cabe67a449bdbab44f5351d3f0ede3ba7772e38,023f758804dbd63f2ed071ac8b43a65f3030f9d4,持卡人消费,15公寓浴池,-2.0,42.83,4872,正常
2016/04/27 16:27:28,7cabe67a449bdbab44f5351d3f0ede3ba7772e38,023f758804dbd63f2ed071ac8b43a65f3030f9d4,持卡人消费,学子便利店A01后楼,-2.0,40.83,4873,正常
2016/04/27 17:51:51,7cabe67a449bdbab44f5351d3f0ede3ba7772e38,023f758804dbd63f2ed071ac8b43a65f3030f9d4,持卡人消费,学苑楼商务网关,-7.0,33.83,4874,正常
2016/04/27 19:48:02,7cabe67a449bdbab44f5351d3f0ede3ba7772e38,023f758804dbd63f2ed071ac8b43a65f3030f9d4,持卡人消费,超市商务子系统,-0.4,33.43,4875,正常
2016/04/28 11:15:24,7cabe67a449bdbab44f5351d3f0ede3ba7772e38,023f758804dbd63f2ed071ac8b43a65f3030f9d4,持卡人消费,学苑楼商务网关,-7.0,26.43,4876,正常
2016/04/29 07:42:50,7cabe67a449bdbab44f5351d3f0ede3ba7772e38,023f758804dbd63f2ed071ac8b43a65f3030f9d4,持卡人消费,学士楼商务网关,-2.3,24.13,4877,正常
2016/04/29 07:58:50,7cabe67a449bdbab44f5351d3f0ede3ba7772e38,023f758804dbd63f2ed071ac8b43a65f3030f9d4,持卡人消费,学子便利店A01后楼,-5.5,18.63,4878,正常
2016/04/29 11:25:32,7cabe67a449bdbab44f5351d3f0ede3ba7772e38,023f758804dbd63f2ed071ac8b43a65f3030f9d4,持卡人消费,学苑楼商务网关,-7.9,10.73,4879,正常
2016/04/30 11:59:34,7cabe67a449bdbab44f5351d3f0ede3ba7772e38,023f758804dbd63f2ed071ac8b43a65f3030f9d4,持卡人消费,学苑楼商务网关,-8.8,1.93,4880,正常
2016/04/30 12:15:12,7cabe67a449bdbab44f5351d3f0ede3ba7772e38,023f758804dbd63f2ed071ac8b43a65f3030f9d4,存款,卡中心综合业务,40.0,41.93,4881,正常
2016/04/30 20:26:56,7cabe67a449bdbab44f5351d3f0ede3ba7772e38,023f758804dbd63f2ed071ac8b43a65f3030f9d4,持卡人消费,15公寓浴池,-2.0,39.93,4882,正常
2016/04/30 20:30:02,7cabe67a449bdbab44f5351d3f0ede3ba7772e38,023f758804dbd63f2ed071ac8b43a65f3030f9d4,持卡人消费,15公寓浴池,-0.59,39.34,4884,正常
2016/04/30 20:40:14,7cabe67a449bdbab44f5351d3f0ede3ba7772e38,023f758804dbd63f2ed071ac8b43a65f3030f9d4,持卡人消费,学子便利店A01后楼,-2.7,36.64,4885,正常
