交易发生时间,学号,姓名,交易类型,子系统名称,交易额,现有余额,次数,状态
2016/04/03 11:23:17,66bc0d4555b6d3dba338f6cd255c75d40183267a,028812cbefe6d876691ec35b4728ac0dcbaaff25,持卡人消费,土木楼网关,-7.0,12.39,2841,正常
2016/04/03 11:23:43,66bc0d4555b6d3dba338f6cd255c75d40183267a,028812cbefe6d876691ec35b4728ac0dcbaaff25,持卡人消费,土木楼网关,-9.6,2.79,2842,正常
2016/04/04 11:13:17,66bc0d4555b6d3dba338f6cd255c75d40183267a,028812cbefe6d876691ec35b4728ac0dcbaaff25,存款,现金充值机,50.0,52.79,2843,正常
2016/04/04 11:27:47,66bc0d4555b6d3dba338f6cd255c75d40183267a,028812cbefe6d876691ec35b4728ac0dcbaaff25,持卡人消费,土木楼网关,-8.8,43.99,2844,正常
2016/04/04 17:01:43,66bc0d4555b6d3dba338f6cd255c75d40183267a,028812cbefe6d876691ec35b4728ac0dcbaaff25,持卡人消费,土木楼网关,-8.8,35.19,2845,正常
2016/04/04 19:15:34,66bc0d4555b6d3dba338f6cd255c75d40183267a,028812cbefe6d876691ec35b4728ac0dcbaaff25,持卡人消费,A5,-6.0,29.19,2846,正常
2016/04/05 11:13:44,66bc0d4555b6d3dba338f6cd255c75d40183267a,028812cbefe6d876691ec35b4728ac0dcbaaff25,持卡人消费,土木楼网关,-6.1,23.09,2847,正常
2016/04/06 12:01:34,66bc0d4555b6d3dba338f6cd255c75d40183267a,028812cbefe6d876691ec35b4728ac0dcbaaff25,持卡人消费,土木楼网关,-10.9,12.19,2848,正常
2016/04/06 17:52:28,66bc0d4555b6d3dba338f6cd255c75d40183267a,028812cbefe6d876691ec35b4728ac0dcbaaff25,持卡人消费,土木楼网关,-0.2,11.99,2849,正常
2016/04/07 17:00:00,66bc0d4555b6d3dba338f6cd255c75d40183267a,028812cbefe6d876691ec35b4728ac0dcbaaff25,存款,现金充值机,10.0,21.99,2850,正常
2016/04/07 17:19:21,66bc0d4555b6d3dba338f6cd255c75d40183267a,028812cbefe6d876691ec35b4728ac0dcbaaff25,持卡人消费,土木楼网关,-8.8,13.19,2851,正常
2016/04/07 17:37:09,66bc0d4555b6d3dba338f6cd255c75d40183267a,028812cbefe6d876691ec35b4728ac0dcbaaff25,持卡人消费,土木楼网关,-5.0,8.19,2852,正常
2016/04/08 17:05:29,66bc0d4555b6d3dba338f6cd255c75d40183267a,028812cbefe6d876691ec35b4728ac0dcbaaff25,存款,现金充值机,50.0,58.19,2853,正常
2016/04/08 17:24:08,66bc0d4555b6d3dba338f6cd255c75d40183267a,028812cbefe6d876691ec35b4728ac0dcbaaff25,持卡人消费,土木楼网关,-8.8,49.39,2854,正常
2016/04/08 17:27:23,66bc0d4555b6d3dba338f6cd255c75d40183267a,028812cbefe6d876691ec35b4728ac0dcbaaff25,持卡人消费,土木楼网关,-5.0,44.39,2855,正常
2016/04/10 11:43:53,66bc0d4555b6d3dba338f6cd255c75d40183267a,028812cbefe6d876691ec35b4728ac0dcbaaff25,持卡人消费,土木楼网关,-8.4,35.99,2856,正常
2016/04/10 17:11:58,66bc0d4555b6d3dba338f6cd255c75d40183267a,028812cbefe6d876691ec35b4728ac0dcbaaff25,持卡人消费,土木楼网关,-7.0,28.99,2857,正常
2016/04/10 17:35:31,66bc0d4555b6d3dba338f6cd255c75d40183267a,028812cbefe6d876691ec35b4728ac0dcbaaff25,持卡人消费,土木楼网关,-4.0,24.99,2858,正常
2016/04/11 11:38:59,66bc0d4555b6d3dba338f6cd255c75d40183267a,028812cbefe6d876691ec35b4728ac0dcbaaff25,持卡人消费,土木楼网关,-5.9,19.09,2859,正常
2016/04/12 13:18:05,66bc0d4555b6d3dba338f6cd255c75d40183267a,028812cbefe6d876691ec35b4728ac0dcbaaff25,存款,现金充值机,100.0,119.09,2860,正常
2016/04/12 13:56:49,66bc0d4555b6d3dba338f6cd255c75d40183267a,028812cbefe6d876691ec35b4728ac0dcbaaff25,持卡人消费,土木楼水控,-3.0,116.09,2861,正常
2016/04/12 14:11:40,66bc0d4555b6d3dba338f6cd255c75d40183267a,028812cbefe6d876691ec35b4728ac0dcbaaff25,持卡人消费,土木楼水控,-3.0,113.09,2862,正常
2016/04/12 14:13:57,66bc0d4555b6d3dba338f6cd255c75d40183267a,028812cbefe6d876691ec35b4728ac0dcbaaff25,持卡人消费,土木楼水控,-0.36,112.73,2864,正常
2016/04/13 11:52:32,66bc0d4555b6d3dba338f6cd255c75d40183267a,028812cbefe6d876691ec35b4728ac0dcbaaff25,持卡人消费,土木楼网关,-8.0,104.73,2865,正常
2016/04/13 11:53:48,66bc0d4555b6d3dba338f6cd255c75d40183267a,028812cbefe6d876691ec35b4728ac0dcbaaff25,持卡人消费,土木楼网关,-3.1,101.63,2866,正常
2016/04/13 12:13:36,66bc0d4555b6d3dba338f6cd255c75d40183267a,028812cbefe6d876691ec35b4728ac0dcbaaff25,持卡人消费,土木楼网关,-7.0,94.63,2867,正常
2016/04/13 12:13:55,66bc0d4555b6d3dba338f6cd255c75d40183267a,028812cbefe6d876691ec35b4728ac0dcbaaff25,持卡人消费,土木楼网关,-4.1,90.53,2868,正常
2016/04/14 11:42:30,66bc0d4555b6d3dba338f6cd255c75d40183267a,028812cbefe6d876691ec35b4728ac0dcbaaff25,持卡人消费,A5,-3.0,87.53,2869,正常
2016/04/14 11:45:57,66bc0d4555b6d3dba338f6cd255c75d40183267a,028812cbefe6d876691ec35b4728ac0dcbaaff25,持卡人消费,土木楼网关,-8.8,78.73,2870,正常
2016/04/14 11:47:57,66bc0d4555b6d3dba338f6cd255c75d40183267a,028812cbefe6d876691ec35b4728ac0dcbaaff25,持卡人消费,土木楼网关,-5.4,73.33,2871,正常
2016/04/15 12:14:32,66bc0d4555b6d3dba338f6cd255c75d40183267a,028812cbefe6d876691ec35b4728ac0dcbaaff25,持卡人消费,土木楼网关,-8.8,64.53,2872,正常
2016/04/15 12:16:12,66bc0d4555b6d3dba338f6cd255c75d40183267a,028812cbefe6d876691ec35b4728ac0dcbaaff25,持卡人消费,土木楼网关,-6.3,58.23,2873,正常
2016/04/15 16:28:19,66bc0d4555b6d3dba338f6cd255c75d40183267a,028812cbefe6d876691ec35b4728ac0dcbaaff25,持卡人消费,土木楼水控,-3.0,55.23,2874,正常
2016/04/15 16:36:39,66bc0d4555b6d3dba338f6cd255c75d40183267a,028812cbefe6d876691ec35b4728ac0dcbaaff25,持卡人消费,土木楼水控,-1.53,53.70,2875,正常
2016/04/18 11:32:08,66bc0d4555b6d3dba338f6cd255c75d40183267a,028812cbefe6d876691ec35b4728ac0dcbaaff25,持卡人消费,土木楼网关,-6.9,46.80,2876,正常
2016/04/18 11:33:09,66bc0d4555b6d3dba338f6cd255c75d40183267a,028812cbefe6d876691ec35b4728ac0dcbaaff25,持卡人消费,土木楼网关,-5.0,41.80,2877,正常
2016/04/18 11:34:07,66bc0d4555b6d3dba338f6cd255c75d40183267a,028812cbefe6d876691ec35b4728ac0dcbaaff25,持卡人消费,土木楼网关,-0.1,41.70,2878,正常
2016/04/19 17:18:57,66bc0d4555b6d3dba338f6cd255c75d40183267a,028812cbefe6d876691ec35b4728ac0dcbaaff25,持卡人消费,网络中心,-30.0,11.70,2879,正常
2016/04/20 17:51:07,66bc0d4555b6d3dba338f6cd255c75d40183267a,028812cbefe6d876691ec35b4728ac0dcbaaff25,持卡人消费,土木楼水控,-0.03,11.67,2880,正常
2016/04/20 18:05:52,66bc0d4555b6d3dba338f6cd255c75d40183267a,028812cbefe6d876691ec35b4728ac0dcbaaff25,持卡人消费,土木楼水控,-3.0,8.67,2881,正常
2016/04/20 18:20:03,66bc0d4555b6d3dba338f6cd255c75d40183267a,028812cbefe6d876691ec35b4728ac0dcbaaff25,持卡人消费,土木楼水控,-2.85,5.82,2882,正常
2016/04/21 10:37:20,66bc0d4555b6d3dba338f6cd255c75d40183267a,028812cbefe6d876691ec35b4728ac0dcbaaff25,持卡人消费,土木楼图书馆POS,-0.7,5.12,2883,正常
2016/04/23 12:55:01,66bc0d4555b6d3dba338f6cd255c75d40183267a,028812cbefe6d876691ec35b4728ac0dcbaaff25,持卡人消费,学子超市A05,-3.0,2.12,2884,正常
2016/04/23 12:39:01,66bc0d4555b6d3dba338f6cd255c75d40183267a,028812cbefe6d876691ec35b4728ac0dcbaaff25,存款,现金充值机,50.0,52.12,2885,正常
2016/04/24 13:10:20,66bc0d4555b6d3dba338f6cd255c75d40183267a,028812cbefe6d876691ec35b4728ac0dcbaaff25,持卡人消费,学子超市A05,-10.3,41.82,2886,正常
2016/04/24 17:08:14,66bc0d4555b6d3dba338f6cd255c75d40183267a,028812cbefe6d876691ec35b4728ac0dcbaaff25,持卡人消费,土木楼网关,-8.8,33.02,2887,正常
2016/04/26 12:47:57,66bc0d4555b6d3dba338f6cd255c75d40183267a,028812cbefe6d876691ec35b4728ac0dcbaaff25,持卡人消费,土木楼水控,-0.01,33.01,2888,正常
2016/04/26 13:02:44,66bc0d4555b6d3dba338f6cd255c75d40183267a,028812cbefe6d876691ec35b4728ac0dcbaaff25,持卡人消费,土木楼水控,-3.0,30.01,2889,正常
2016/04/26 13:16:49,66bc0d4555b6d3dba338f6cd255c75d40183267a,028812cbefe6d876691ec35b4728ac0dcbaaff25,持卡人消费,土木楼水控,-2.8,27.21,2890,正常
2016/04/26 14:34:05,66bc0d4555b6d3dba338f6cd255c75d40183267a,028812cbefe6d876691ec35b4728ac0dcbaaff25,持卡人消费,A5,-3.0,24.21,2891,正常
2016/04/28 17:12:21,66bc0d4555b6d3dba338f6cd255c75d40183267a,028812cbefe6d876691ec35b4728ac0dcbaaff25,持卡人消费,土木楼网关,-8.9,15.31,2892,正常
2016/04/28 17:12:34,66bc0d4555b6d3dba338f6cd255c75d40183267a,028812cbefe6d876691ec35b4728ac0dcbaaff25,持卡人消费,土木楼网关,-0.2,15.11,2893,正常
2016/04/29 11:47:05,66bc0d4555b6d3dba338f6cd255c75d40183267a,028812cbefe6d876691ec35b4728ac0dcbaaff25,持卡人消费,土木楼网关,-3.0,12.11,2894,正常
2016/04/29 11:47:12,66bc0d4555b6d3dba338f6cd255c75d40183267a,028812cbefe6d876691ec35b4728ac0dcbaaff25,持卡人消费,土木楼网关,-5.0,7.11,2895,正常
2016/04/29 11:48:23,66bc0d4555b6d3dba338f6cd255c75d40183267a,028812cbefe6d876691ec35b4728ac0dcbaaff25,持卡人消费,土木楼网关,-3.0,4.11,2896,正常
2016/04/29 11:50:27,66bc0d4555b6d3dba338f6cd255c75d40183267a,028812cbefe6d876691ec35b4728ac0dcbaaff25,持卡人消费,土木楼网关,-1.0,3.11,2897,正常
2016/04/29 12:03:00,66bc0d4555b6d3dba338f6cd255c75d40183267a,028812cbefe6d876691ec35b4728ac0dcbaaff25,持卡人消费,土木楼网关,-0.1,3.01,2898,正常
