交易发生时间,学号,姓名,交易类型,子系统名称,交易额,现有余额,次数,状态
2016/04/01 11:20:28,1393d8e699bc8ffd4ac8768dd4adf2516cc96ec2,031bcdf810b8339b08dd3d42d7b205f34b213228,持卡人消费,学苑楼商务网关,-10.0,26.14,4911,正常
2016/04/02 11:23:10,1393d8e699bc8ffd4ac8768dd4adf2516cc96ec2,031bcdf810b8339b08dd3d42d7b205f34b213228,持卡人消费,硕果园（工大商店）,-8.0,18.14,4912,正常
2016/04/02 11:23:54,1393d8e699bc8ffd4ac8768dd4adf2516cc96ec2,031bcdf810b8339b08dd3d42d7b205f34b213228,持卡人消费,硕果园（工大商店）,-2.0,16.14,4913,正常
2016/04/02 16:50:31,1393d8e699bc8ffd4ac8768dd4adf2516cc96ec2,031bcdf810b8339b08dd3d42d7b205f34b213228,存款,现金充值机,100.0,116.14,4914,正常
2016/04/02 17:06:53,1393d8e699bc8ffd4ac8768dd4adf2516cc96ec2,031bcdf810b8339b08dd3d42d7b205f34b213228,持卡人消费,学苑楼商务网关,-7.0,109.14,4915,正常
2016/04/03 07:41:17,1393d8e699bc8ffd4ac8768dd4adf2516cc96ec2,031bcdf810b8339b08dd3d42d7b205f34b213228,持卡人消费,硕果园（工大商店）,-4.5,104.64,4916,正常
2016/04/03 12:20:04,1393d8e699bc8ffd4ac8768dd4adf2516cc96ec2,031bcdf810b8339b08dd3d42d7b205f34b213228,持卡人消费,硕果园（工大商店）,-12.0,92.64,4917,正常
2016/04/03 17:22:11,1393d8e699bc8ffd4ac8768dd4adf2516cc96ec2,031bcdf810b8339b08dd3d42d7b205f34b213228,持卡人消费,学苑楼商务网关,-7.5,85.14,4918,正常
2016/04/03 17:22:21,1393d8e699bc8ffd4ac8768dd4adf2516cc96ec2,031bcdf810b8339b08dd3d42d7b205f34b213228,持卡人消费,学苑楼商务网关,-9.0,76.14,4919,正常
2016/04/03 17:24:17,1393d8e699bc8ffd4ac8768dd4adf2516cc96ec2,031bcdf810b8339b08dd3d42d7b205f34b213228,持卡人消费,学苑楼商务网关,-1.5,74.64,4920,正常
2016/04/03 17:24:57,1393d8e699bc8ffd4ac8768dd4adf2516cc96ec2,031bcdf810b8339b08dd3d42d7b205f34b213228,持卡人消费,学苑楼商务网关,-4.0,70.64,4921,正常
2016/04/04 08:54:12,1393d8e699bc8ffd4ac8768dd4adf2516cc96ec2,031bcdf810b8339b08dd3d42d7b205f34b213228,持卡人消费,硕果园（工大商店）,-4.5,66.14,4922,正常
2016/04/04 11:26:31,1393d8e699bc8ffd4ac8768dd4adf2516cc96ec2,031bcdf810b8339b08dd3d42d7b205f34b213228,持卡人消费,硕果园（工大商店）,-9.0,57.14,4923,正常
2016/04/04 16:30:09,1393d8e699bc8ffd4ac8768dd4adf2516cc96ec2,031bcdf810b8339b08dd3d42d7b205f34b213228,持卡人消费,学苑楼商务网关,-8.8,48.34,4924,正常
2016/04/05 08:32:50,1393d8e699bc8ffd4ac8768dd4adf2516cc96ec2,031bcdf810b8339b08dd3d42d7b205f34b213228,持卡人消费,硕果园（工大商店）,-4.5,43.84,4925,正常
2016/04/05 11:28:25,1393d8e699bc8ffd4ac8768dd4adf2516cc96ec2,031bcdf810b8339b08dd3d42d7b205f34b213228,持卡人消费,硕果园（工大商店）,-9.0,34.84,4926,正常
2016/04/05 13:57:56,1393d8e699bc8ffd4ac8768dd4adf2516cc96ec2,031bcdf810b8339b08dd3d42d7b205f34b213228,持卡人消费,15公寓浴池,-0.26,32.58,4929,正常
2016/04/05 14:01:50,1393d8e699bc8ffd4ac8768dd4adf2516cc96ec2,031bcdf810b8339b08dd3d42d7b205f34b213228,持卡人消费,15公寓浴池,-0.46,32.12,4931,正常
2016/04/05 14:02:42,1393d8e699bc8ffd4ac8768dd4adf2516cc96ec2,031bcdf810b8339b08dd3d42d7b205f34b213228,持卡人消费,15公寓浴池,-1.18,32.94,4932,正常
2016/04/07 20:29:27,1393d8e699bc8ffd4ac8768dd4adf2516cc96ec2,031bcdf810b8339b08dd3d42d7b205f34b213228,持卡人消费,15公寓浴池,-0.48,32.46,4934,正常
2016/04/07 20:30:30,1393d8e699bc8ffd4ac8768dd4adf2516cc96ec2,031bcdf810b8339b08dd3d42d7b205f34b213228,持卡人消费,15公寓浴池,-0.06,32.40,4936,正常
2016/04/07 20:35:09,1393d8e699bc8ffd4ac8768dd4adf2516cc96ec2,031bcdf810b8339b08dd3d42d7b205f34b213228,持卡人消费,15公寓浴池,-0.62,31.78,4938,正常
2016/04/07 20:43:00,1393d8e699bc8ffd4ac8768dd4adf2516cc96ec2,031bcdf810b8339b08dd3d42d7b205f34b213228,持卡人消费,学子便利店A01后楼,-5.5,26.28,4939,正常
2016/04/08 11:27:35,1393d8e699bc8ffd4ac8768dd4adf2516cc96ec2,031bcdf810b8339b08dd3d42d7b205f34b213228,持卡人消费,硕果园（工大商店）,-8.0,18.28,4940,正常
2016/04/08 17:02:55,1393d8e699bc8ffd4ac8768dd4adf2516cc96ec2,031bcdf810b8339b08dd3d42d7b205f34b213228,持卡人消费,学苑楼商务网关,-6.0,12.28,4941,正常
2016/04/08 16:55:14,1393d8e699bc8ffd4ac8768dd4adf2516cc96ec2,031bcdf810b8339b08dd3d42d7b205f34b213228,存款,现金充值机,100.0,112.28,4942,正常
2016/04/08 21:39:37,1393d8e699bc8ffd4ac8768dd4adf2516cc96ec2,031bcdf810b8339b08dd3d42d7b205f34b213228,持卡人消费,A1,-3.0,109.28,4943,正常
2016/04/09 07:36:32,1393d8e699bc8ffd4ac8768dd4adf2516cc96ec2,031bcdf810b8339b08dd3d42d7b205f34b213228,持卡人消费,硕果园（工大商店）,-4.5,104.78,4944,正常
2016/04/09 11:43:07,1393d8e699bc8ffd4ac8768dd4adf2516cc96ec2,031bcdf810b8339b08dd3d42d7b205f34b213228,持卡人消费,硕果园（工大商店）,-12.0,92.78,4945,正常
2016/04/09 17:58:33,1393d8e699bc8ffd4ac8768dd4adf2516cc96ec2,031bcdf810b8339b08dd3d42d7b205f34b213228,持卡人消费,硕果园（工大商店）,-8.0,84.78,4946,正常
2016/04/10 07:35:22,1393d8e699bc8ffd4ac8768dd4adf2516cc96ec2,031bcdf810b8339b08dd3d42d7b205f34b213228,持卡人消费,学士楼商务网关,-3.2,81.58,4947,正常
2016/04/10 11:21:52,1393d8e699bc8ffd4ac8768dd4adf2516cc96ec2,031bcdf810b8339b08dd3d42d7b205f34b213228,持卡人消费,硕果园（工大商店）,-9.0,72.58,4948,正常
2016/04/10 14:09:47,1393d8e699bc8ffd4ac8768dd4adf2516cc96ec2,031bcdf810b8339b08dd3d42d7b205f34b213228,持卡人消费,15公寓浴池,-0.29,72.29,4950,正常
2016/04/10 14:14:23,1393d8e699bc8ffd4ac8768dd4adf2516cc96ec2,031bcdf810b8339b08dd3d42d7b205f34b213228,持卡人消费,15公寓浴池,-0.56,71.73,4952,正常
2016/04/10 17:05:57,1393d8e699bc8ffd4ac8768dd4adf2516cc96ec2,031bcdf810b8339b08dd3d42d7b205f34b213228,持卡人消费,学苑楼商务网关,-6.0,65.73,4953,正常
2016/04/11 08:04:32,1393d8e699bc8ffd4ac8768dd4adf2516cc96ec2,031bcdf810b8339b08dd3d42d7b205f34b213228,持卡人消费,硕果园（工大商店）,-4.5,61.23,4954,正常
2016/04/11 11:27:22,1393d8e699bc8ffd4ac8768dd4adf2516cc96ec2,031bcdf810b8339b08dd3d42d7b205f34b213228,持卡人消费,学苑楼商务网关,-9.0,52.23,4955,正常
2016/04/11 17:36:53,1393d8e699bc8ffd4ac8768dd4adf2516cc96ec2,031bcdf810b8339b08dd3d42d7b205f34b213228,持卡人消费,学苑楼商务网关,-7.0,45.23,4956,正常
2016/04/12 10:50:21,1393d8e699bc8ffd4ac8768dd4adf2516cc96ec2,031bcdf810b8339b08dd3d42d7b205f34b213228,持卡人消费,硕果园（工大商店）,-18.0,27.23,4957,正常
2016/04/12 17:26:31,1393d8e699bc8ffd4ac8768dd4adf2516cc96ec2,031bcdf810b8339b08dd3d42d7b205f34b213228,持卡人消费,学苑楼商务网关,-6.0,21.23,4958,正常
2016/04/13 11:16:34,1393d8e699bc8ffd4ac8768dd4adf2516cc96ec2,031bcdf810b8339b08dd3d42d7b205f34b213228,持卡人消费,硕果园（工大商店）,-16.0,5.23,4959,正常
2016/04/13 17:39:51,1393d8e699bc8ffd4ac8768dd4adf2516cc96ec2,031bcdf810b8339b08dd3d42d7b205f34b213228,存款,学苑楼综合业务3,100.0,105.23,4960,正常
2016/04/13 17:41:38,1393d8e699bc8ffd4ac8768dd4adf2516cc96ec2,031bcdf810b8339b08dd3d42d7b205f34b213228,持卡人消费,学苑楼商务网关,-7.0,98.23,4961,正常
2016/04/14 08:51:32,1393d8e699bc8ffd4ac8768dd4adf2516cc96ec2,031bcdf810b8339b08dd3d42d7b205f34b213228,持卡人消费,硕果园（工大商店）,-4.5,93.73,4962,正常
2016/04/14 11:30:22,1393d8e699bc8ffd4ac8768dd4adf2516cc96ec2,031bcdf810b8339b08dd3d42d7b205f34b213228,持卡人消费,学苑楼商务网关,-9.0,84.73,4963,正常
2016/04/14 22:00:16,1393d8e699bc8ffd4ac8768dd4adf2516cc96ec2,031bcdf810b8339b08dd3d42d7b205f34b213228,持卡人消费,A1,-3.0,81.73,4964,正常
2016/04/15 11:30:22,1393d8e699bc8ffd4ac8768dd4adf2516cc96ec2,031bcdf810b8339b08dd3d42d7b205f34b213228,持卡人消费,硕果园（工大商店）,-9.0,72.73,4965,正常
2016/04/15 17:39:53,1393d8e699bc8ffd4ac8768dd4adf2516cc96ec2,031bcdf810b8339b08dd3d42d7b205f34b213228,持卡人消费,学苑楼商务网关,-6.0,66.73,4966,正常
2016/04/16 08:42:00,1393d8e699bc8ffd4ac8768dd4adf2516cc96ec2,031bcdf810b8339b08dd3d42d7b205f34b213228,持卡人消费,硕果园（工大商店）,-4.5,62.23,4967,正常
2016/04/16 08:43:23,1393d8e699bc8ffd4ac8768dd4adf2516cc96ec2,031bcdf810b8339b08dd3d42d7b205f34b213228,持卡人消费,硕果园（工大商店）,-1.0,61.23,4968,正常
2016/04/16 11:27:59,1393d8e699bc8ffd4ac8768dd4adf2516cc96ec2,031bcdf810b8339b08dd3d42d7b205f34b213228,持卡人消费,硕果园（工大商店）,-8.0,53.23,4969,正常
2016/04/16 17:27:11,1393d8e699bc8ffd4ac8768dd4adf2516cc96ec2,031bcdf810b8339b08dd3d42d7b205f34b213228,持卡人消费,硕果园（工大商店）,-8.0,45.23,4970,正常
2016/04/17 08:25:00,1393d8e699bc8ffd4ac8768dd4adf2516cc96ec2,031bcdf810b8339b08dd3d42d7b205f34b213228,持卡人消费,硕果园（工大商店）,-4.5,40.73,4971,正常
2016/04/17 11:21:51,1393d8e699bc8ffd4ac8768dd4adf2516cc96ec2,031bcdf810b8339b08dd3d42d7b205f34b213228,持卡人消费,硕果园（工大商店）,-12.0,28.73,4972,正常
2016/04/17 17:40:55,1393d8e699bc8ffd4ac8768dd4adf2516cc96ec2,031bcdf810b8339b08dd3d42d7b205f34b213228,持卡人消费,学苑楼商务网关,-7.0,21.73,4973,正常
2016/04/17 17:46:07,1393d8e699bc8ffd4ac8768dd4adf2516cc96ec2,031bcdf810b8339b08dd3d42d7b205f34b213228,存款,现金充值机,100.0,121.73,4974,正常
2016/04/18 11:32:16,1393d8e699bc8ffd4ac8768dd4adf2516cc96ec2,031bcdf810b8339b08dd3d42d7b205f34b213228,持卡人消费,硕果园（工大商店）,-10.0,111.73,4975,正常
2016/04/18 17:26:16,1393d8e699bc8ffd4ac8768dd4adf2516cc96ec2,031bcdf810b8339b08dd3d42d7b205f34b213228,持卡人消费,学士楼商务网关,-6.1,105.63,4976,正常
2016/04/19 08:10:02,1393d8e699bc8ffd4ac8768dd4adf2516cc96ec2,031bcdf810b8339b08dd3d42d7b205f34b213228,持卡人消费,硕果园（工大商店）,-4.5,101.13,4977,正常
2016/04/19 11:35:57,1393d8e699bc8ffd4ac8768dd4adf2516cc96ec2,031bcdf810b8339b08dd3d42d7b205f34b213228,持卡人消费,硕果园（工大商店）,-9.0,92.13,4978,正常
2016/04/19 13:30:56,1393d8e699bc8ffd4ac8768dd4adf2516cc96ec2,031bcdf810b8339b08dd3d42d7b205f34b213228,持卡人消费,15公寓浴池,-0.37,91.76,4980,正常
2016/04/19 13:36:22,1393d8e699bc8ffd4ac8768dd4adf2516cc96ec2,031bcdf810b8339b08dd3d42d7b205f34b213228,持卡人消费,15公寓浴池,-0.69,91.07,4982,正常
2016/04/19 17:21:45,1393d8e699bc8ffd4ac8768dd4adf2516cc96ec2,031bcdf810b8339b08dd3d42d7b205f34b213228,持卡人消费,学苑楼商务网关,-6.0,85.07,4983,正常
2016/04/20 08:20:59,1393d8e699bc8ffd4ac8768dd4adf2516cc96ec2,031bcdf810b8339b08dd3d42d7b205f34b213228,持卡人消费,硕果园（工大商店）,-4.5,80.57,4984,正常
2016/04/20 11:24:18,1393d8e699bc8ffd4ac8768dd4adf2516cc96ec2,031bcdf810b8339b08dd3d42d7b205f34b213228,持卡人消费,硕果园（工大商店）,-8.0,72.57,4985,正常
2016/04/20 17:46:45,1393d8e699bc8ffd4ac8768dd4adf2516cc96ec2,031bcdf810b8339b08dd3d42d7b205f34b213228,持卡人消费,15公寓浴池,-0.02,72.55,4987,正常
2016/04/20 17:48:20,1393d8e699bc8ffd4ac8768dd4adf2516cc96ec2,031bcdf810b8339b08dd3d42d7b205f34b213228,持卡人消费,15公寓浴池,-0.29,72.26,4989,正常
2016/04/20 17:51:51,1393d8e699bc8ffd4ac8768dd4adf2516cc96ec2,031bcdf810b8339b08dd3d42d7b205f34b213228,持卡人消费,15公寓浴池,-0.45,71.81,4991,正常
2016/04/21 08:10:04,1393d8e699bc8ffd4ac8768dd4adf2516cc96ec2,031bcdf810b8339b08dd3d42d7b205f34b213228,持卡人消费,硕果园（工大商店）,-4.5,67.31,4992,正常
2016/04/21 11:26:48,1393d8e699bc8ffd4ac8768dd4adf2516cc96ec2,031bcdf810b8339b08dd3d42d7b205f34b213228,持卡人消费,学苑楼商务网关,-10.0,57.31,4993,正常
2016/04/21 16:25:58,1393d8e699bc8ffd4ac8768dd4adf2516cc96ec2,031bcdf810b8339b08dd3d42d7b205f34b213228,持卡人消费,学苑楼商务网关,-7.0,50.31,4994,正常
2016/04/22 08:48:51,1393d8e699bc8ffd4ac8768dd4adf2516cc96ec2,031bcdf810b8339b08dd3d42d7b205f34b213228,持卡人消费,硕果园（工大商店）,-4.5,45.81,4995,正常
2016/04/22 11:25:03,1393d8e699bc8ffd4ac8768dd4adf2516cc96ec2,031bcdf810b8339b08dd3d42d7b205f34b213228,持卡人消费,硕果园（工大商店）,-8.0,37.81,4996,正常
2016/04/22 18:54:25,1393d8e699bc8ffd4ac8768dd4adf2516cc96ec2,031bcdf810b8339b08dd3d42d7b205f34b213228,持卡人消费,硕果园（工大商店）,-8.0,29.81,4997,正常
2016/04/23 08:26:39,1393d8e699bc8ffd4ac8768dd4adf2516cc96ec2,031bcdf810b8339b08dd3d42d7b205f34b213228,持卡人消费,硕果园（工大商店）,-4.5,25.31,4998,正常
2016/04/23 10:40:58,1393d8e699bc8ffd4ac8768dd4adf2516cc96ec2,031bcdf810b8339b08dd3d42d7b205f34b213228,持卡人消费,硕果园（工大商店）,-8.0,17.31,4999,正常
2016/04/23 17:15:50,1393d8e699bc8ffd4ac8768dd4adf2516cc96ec2,031bcdf810b8339b08dd3d42d7b205f34b213228,持卡人消费,15公寓浴池,-1.15,14.16,5002,正常
2016/04/23 17:16:22,1393d8e699bc8ffd4ac8768dd4adf2516cc96ec2,031bcdf810b8339b08dd3d42d7b205f34b213228,持卡人消费,15公寓浴池,-1.15,15.01,5003,正常
2016/04/24 08:29:59,1393d8e699bc8ffd4ac8768dd4adf2516cc96ec2,031bcdf810b8339b08dd3d42d7b205f34b213228,持卡人消费,硕果园（工大商店）,-4.5,10.51,5004,正常
2016/04/24 11:49:30,1393d8e699bc8ffd4ac8768dd4adf2516cc96ec2,031bcdf810b8339b08dd3d42d7b205f34b213228,持卡人消费,A1,-3.0,7.51,5005,正常
2016/04/25 08:13:17,1393d8e699bc8ffd4ac8768dd4adf2516cc96ec2,031bcdf810b8339b08dd3d42d7b205f34b213228,持卡人消费,硕果园（工大商店）,-4.5,3.01,5006,正常
2016/04/25 11:05:32,1393d8e699bc8ffd4ac8768dd4adf2516cc96ec2,031bcdf810b8339b08dd3d42d7b205f34b213228,存款,现金充值机,100.0,103.01,5007,正常
2016/04/25 11:27:30,1393d8e699bc8ffd4ac8768dd4adf2516cc96ec2,031bcdf810b8339b08dd3d42d7b205f34b213228,持卡人消费,学苑楼商务网关,-9.0,94.01,5008,正常
2016/04/25 17:05:13,1393d8e699bc8ffd4ac8768dd4adf2516cc96ec2,031bcdf810b8339b08dd3d42d7b205f34b213228,持卡人消费,学苑楼商务网关,-7.0,87.01,5009,正常
2016/04/26 07:51:45,1393d8e699bc8ffd4ac8768dd4adf2516cc96ec2,031bcdf810b8339b08dd3d42d7b205f34b213228,持卡人消费,硕果园（工大商店）,-4.5,82.51,5010,正常
2016/04/26 07:52:17,1393d8e699bc8ffd4ac8768dd4adf2516cc96ec2,031bcdf810b8339b08dd3d42d7b205f34b213228,持卡人消费,硕果园（工大商店）,-1.5,81.01,5011,正常
2016/04/27 09:59:17,1393d8e699bc8ffd4ac8768dd4adf2516cc96ec2,031bcdf810b8339b08dd3d42d7b205f34b213228,持卡人消费,硕果园（工大商店）,-12.0,69.01,5012,正常
2016/04/27 14:23:28,1393d8e699bc8ffd4ac8768dd4adf2516cc96ec2,031bcdf810b8339b08dd3d42d7b205f34b213228,持卡人消费,A1,-3.0,66.01,5013,正常
2016/04/27 17:26:11,1393d8e699bc8ffd4ac8768dd4adf2516cc96ec2,031bcdf810b8339b08dd3d42d7b205f34b213228,持卡人消费,学苑楼商务网关,-7.0,59.01,5014,正常
2016/04/28 07:47:43,1393d8e699bc8ffd4ac8768dd4adf2516cc96ec2,031bcdf810b8339b08dd3d42d7b205f34b213228,持卡人消费,硕果园（工大商店）,-4.5,54.51,5015,正常
2016/04/28 11:48:18,1393d8e699bc8ffd4ac8768dd4adf2516cc96ec2,031bcdf810b8339b08dd3d42d7b205f34b213228,持卡人消费,硕果园（工大商店）,-8.0,46.51,5016,正常
2016/04/29 11:28:26,1393d8e699bc8ffd4ac8768dd4adf2516cc96ec2,031bcdf810b8339b08dd3d42d7b205f34b213228,持卡人消费,学苑楼商务网关,-7.0,39.51,5017,正常
2016/04/29 17:40:24,1393d8e699bc8ffd4ac8768dd4adf2516cc96ec2,031bcdf810b8339b08dd3d42d7b205f34b213228,持卡人消费,硕果园（工大商店）,-8.0,31.51,5018,正常
2016/04/30 08:30:03,1393d8e699bc8ffd4ac8768dd4adf2516cc96ec2,031bcdf810b8339b08dd3d42d7b205f34b213228,持卡人消费,硕果园（工大商店）,-4.5,27.01,5019,正常
2016/04/30 08:32:35,1393d8e699bc8ffd4ac8768dd4adf2516cc96ec2,031bcdf810b8339b08dd3d42d7b205f34b213228,持卡人消费,硕果园（工大商店）,-1.0,26.01,5020,正常
2016/04/30 08:38:25,1393d8e699bc8ffd4ac8768dd4adf2516cc96ec2,031bcdf810b8339b08dd3d42d7b205f34b213228,存款,现金充值机,100.0,126.01,5021,正常
2016/04/30 11:32:23,1393d8e699bc8ffd4ac8768dd4adf2516cc96ec2,031bcdf810b8339b08dd3d42d7b205f34b213228,持卡人消费,硕果园（工大商店）,-12.0,114.01,5022,正常
2016/04/30 13:12:09,1393d8e699bc8ffd4ac8768dd4adf2516cc96ec2,031bcdf810b8339b08dd3d42d7b205f34b213228,持卡人消费,15公寓浴池,-0.24,113.77,5024,正常
2016/04/30 13:13:03,1393d8e699bc8ffd4ac8768dd4adf2516cc96ec2,031bcdf810b8339b08dd3d42d7b205f34b213228,持卡人消费,15公寓浴池,-0.16,113.61,5026,正常
2016/04/30 13:16:12,1393d8e699bc8ffd4ac8768dd4adf2516cc96ec2,031bcdf810b8339b08dd3d42d7b205f34b213228,持卡人消费,15公寓浴池,-0.4,113.21,5028,正常
2016/04/30 19:02:28,1393d8e699bc8ffd4ac8768dd4adf2516cc96ec2,031bcdf810b8339b08dd3d42d7b205f34b213228,持卡人消费,硕果园（工大商店）,-8.0,105.21,5029,正常
