交易发生时间,学号,姓名,交易类型,子系统名称,交易额,现有余额,次数,状态
2016/04/01 08:30:07,0198bdf5f70bcaf142269157cebc2e9390fb1a9a,03233b32adcbfe82f973bb4ee967ad7b05817f64,持卡人消费,学士楼商务网关,-3.1,88.03,4120,正常
2016/04/01 12:07:20,0198bdf5f70bcaf142269157cebc2e9390fb1a9a,03233b32adcbfe82f973bb4ee967ad7b05817f64,持卡人消费,学苑楼商务网关,-8.0,80.03,4121,正常
2016/04/01 17:53:10,0198bdf5f70bcaf142269157cebc2e9390fb1a9a,03233b32adcbfe82f973bb4ee967ad7b05817f64,持卡人消费,学子楼商务网关,-9.6,70.43,4122,正常
2016/04/02 08:01:43,0198bdf5f70bcaf142269157cebc2e9390fb1a9a,03233b32adcbfe82f973bb4ee967ad7b05817f64,持卡人消费,学士楼商务网关,-3.0,67.43,4123,正常
2016/04/02 20:26:02,0198bdf5f70bcaf142269157cebc2e9390fb1a9a,03233b32adcbfe82f973bb4ee967ad7b05817f64,持卡人消费,网络中心,-30.0,37.43,4124,正常
2016/04/03 07:26:51,0198bdf5f70bcaf142269157cebc2e9390fb1a9a,03233b32adcbfe82f973bb4ee967ad7b05817f64,持卡人消费,学士楼商务网关,-2.6,34.83,4125,正常
2016/04/04 07:28:41,0198bdf5f70bcaf142269157cebc2e9390fb1a9a,03233b32adcbfe82f973bb4ee967ad7b05817f64,持卡人消费,学士楼商务网关,-2.6,32.23,4126,正常
2016/04/04 11:50:12,0198bdf5f70bcaf142269157cebc2e9390fb1a9a,03233b32adcbfe82f973bb4ee967ad7b05817f64,持卡人消费,南苑网关,-0.2,32.03,4127,正常
2016/04/04 11:50:24,0198bdf5f70bcaf142269157cebc2e9390fb1a9a,03233b32adcbfe82f973bb4ee967ad7b05817f64,持卡人消费,南苑网关,-10.56,21.47,4128,正常
2016/04/05 07:52:36,0198bdf5f70bcaf142269157cebc2e9390fb1a9a,03233b32adcbfe82f973bb4ee967ad7b05817f64,持卡人消费,学士楼商务网关,-2.5,18.97,4129,正常
2016/04/05 11:38:42,0198bdf5f70bcaf142269157cebc2e9390fb1a9a,03233b32adcbfe82f973bb4ee967ad7b05817f64,持卡人消费,南苑网关,-0.2,18.77,4130,正常
2016/04/05 11:39:02,0198bdf5f70bcaf142269157cebc2e9390fb1a9a,03233b32adcbfe82f973bb4ee967ad7b05817f64,持卡人消费,南苑网关,-8.4,10.37,4131,正常
2016/04/05 17:52:26,0198bdf5f70bcaf142269157cebc2e9390fb1a9a,03233b32adcbfe82f973bb4ee967ad7b05817f64,持卡人消费,学苑楼商务网关,-7.0,3.37,4132,正常
2016/04/06 07:40:15,0198bdf5f70bcaf142269157cebc2e9390fb1a9a,03233b32adcbfe82f973bb4ee967ad7b05817f64,持卡人消费,学士楼商务网关,-2.6,0.77,4133,正常
2016/04/06 11:19:45,0198bdf5f70bcaf142269157cebc2e9390fb1a9a,03233b32adcbfe82f973bb4ee967ad7b05817f64,存款,现金充值机,100.0,100.77,4134,正常
2016/04/06 11:38:04,0198bdf5f70bcaf142269157cebc2e9390fb1a9a,03233b32adcbfe82f973bb4ee967ad7b05817f64,持卡人消费,南苑网关,-0.2,100.57,4135,正常
2016/04/06 11:38:22,0198bdf5f70bcaf142269157cebc2e9390fb1a9a,03233b32adcbfe82f973bb4ee967ad7b05817f64,持卡人消费,南苑网关,-9.84,90.73,4136,正常
2016/04/06 17:51:49,0198bdf5f70bcaf142269157cebc2e9390fb1a9a,03233b32adcbfe82f973bb4ee967ad7b05817f64,持卡人消费,学苑楼商务网关,-8.0,82.73,4137,正常
2016/04/06 20:21:40,0198bdf5f70bcaf142269157cebc2e9390fb1a9a,03233b32adcbfe82f973bb4ee967ad7b05817f64,持卡人消费,一校区水控新,-0.66,82.07,4139,正常
2016/04/06 20:28:57,0198bdf5f70bcaf142269157cebc2e9390fb1a9a,03233b32adcbfe82f973bb4ee967ad7b05817f64,持卡人消费,一校区水控新,-0.48,81.59,4141,正常
2016/04/07 08:22:42,0198bdf5f70bcaf142269157cebc2e9390fb1a9a,03233b32adcbfe82f973bb4ee967ad7b05817f64,持卡人消费,学士楼商务网关,-2.5,79.09,4142,正常
2016/04/07 11:57:11,0198bdf5f70bcaf142269157cebc2e9390fb1a9a,03233b32adcbfe82f973bb4ee967ad7b05817f64,持卡人消费,南苑网关,-7.0,72.09,4143,正常
2016/04/07 12:16:09,0198bdf5f70bcaf142269157cebc2e9390fb1a9a,03233b32adcbfe82f973bb4ee967ad7b05817f64,持卡人消费,南苑网关,-4.5,67.59,4144,正常
2016/04/07 17:17:11,0198bdf5f70bcaf142269157cebc2e9390fb1a9a,03233b32adcbfe82f973bb4ee967ad7b05817f64,持卡人消费,学士楼商务网关,-4.76,62.83,4145,正常
2016/04/07 17:18:05,0198bdf5f70bcaf142269157cebc2e9390fb1a9a,03233b32adcbfe82f973bb4ee967ad7b05817f64,持卡人消费,学士楼商务网关,-2.3,60.53,4146,正常
2016/04/08 07:57:24,0198bdf5f70bcaf142269157cebc2e9390fb1a9a,03233b32adcbfe82f973bb4ee967ad7b05817f64,持卡人消费,学士楼商务网关,-3.1,57.43,4147,正常
2016/04/08 11:47:48,0198bdf5f70bcaf142269157cebc2e9390fb1a9a,03233b32adcbfe82f973bb4ee967ad7b05817f64,持卡人消费,南苑网关,-0.2,57.23,4148,正常
2016/04/08 11:48:00,0198bdf5f70bcaf142269157cebc2e9390fb1a9a,03233b32adcbfe82f973bb4ee967ad7b05817f64,持卡人消费,南苑网关,-8.4,48.83,4149,正常
2016/04/08 18:05:34,0198bdf5f70bcaf142269157cebc2e9390fb1a9a,03233b32adcbfe82f973bb4ee967ad7b05817f64,持卡人消费,学苑楼商务网关,-7.0,41.83,4150,正常
2016/04/09 07:47:37,0198bdf5f70bcaf142269157cebc2e9390fb1a9a,03233b32adcbfe82f973bb4ee967ad7b05817f64,持卡人消费,学士楼商务网关,-3.1,38.73,4151,正常
2016/04/10 07:12:57,0198bdf5f70bcaf142269157cebc2e9390fb1a9a,03233b32adcbfe82f973bb4ee967ad7b05817f64,持卡人消费,学士楼商务网关,-2.5,36.23,4152,正常
2016/04/10 11:46:00,0198bdf5f70bcaf142269157cebc2e9390fb1a9a,03233b32adcbfe82f973bb4ee967ad7b05817f64,持卡人消费,学子超市园丁总店,-5.5,30.73,4153,正常
2016/04/11 07:33:40,0198bdf5f70bcaf142269157cebc2e9390fb1a9a,03233b32adcbfe82f973bb4ee967ad7b05817f64,持卡人消费,学士楼商务网关,-2.5,28.23,4154,正常
2016/04/11 11:57:04,0198bdf5f70bcaf142269157cebc2e9390fb1a9a,03233b32adcbfe82f973bb4ee967ad7b05817f64,持卡人消费,南苑网关,-0.2,28.03,4155,正常
2016/04/11 11:57:17,0198bdf5f70bcaf142269157cebc2e9390fb1a9a,03233b32adcbfe82f973bb4ee967ad7b05817f64,持卡人消费,南苑网关,-9.12,18.91,4156,正常
2016/04/11 18:12:46,0198bdf5f70bcaf142269157cebc2e9390fb1a9a,03233b32adcbfe82f973bb4ee967ad7b05817f64,持卡人消费,学苑楼商务网关,-8.0,10.91,4157,正常
2016/04/12 07:47:16,0198bdf5f70bcaf142269157cebc2e9390fb1a9a,03233b32adcbfe82f973bb4ee967ad7b05817f64,持卡人消费,学士楼商务网关,-1.9,9.01,4158,正常
2016/04/12 07:48:47,0198bdf5f70bcaf142269157cebc2e9390fb1a9a,03233b32adcbfe82f973bb4ee967ad7b05817f64,持卡人消费,学士楼商务网关,-0.6,8.41,4159,正常
2016/04/12 11:10:59,0198bdf5f70bcaf142269157cebc2e9390fb1a9a,03233b32adcbfe82f973bb4ee967ad7b05817f64,存款,现金充值机,100.0,108.41,4160,正常
2016/04/12 11:34:08,0198bdf5f70bcaf142269157cebc2e9390fb1a9a,03233b32adcbfe82f973bb4ee967ad7b05817f64,持卡人消费,南苑网关,-0.2,108.21,4161,正常
2016/04/12 11:34:23,0198bdf5f70bcaf142269157cebc2e9390fb1a9a,03233b32adcbfe82f973bb4ee967ad7b05817f64,持卡人消费,南苑网关,-8.64,99.57,4162,正常
2016/04/12 18:01:24,0198bdf5f70bcaf142269157cebc2e9390fb1a9a,03233b32adcbfe82f973bb4ee967ad7b05817f64,持卡人消费,学士楼商务网关,-6.0,93.57,4163,正常
2016/04/12 18:02:04,0198bdf5f70bcaf142269157cebc2e9390fb1a9a,03233b32adcbfe82f973bb4ee967ad7b05817f64,持卡人消费,学士楼商务网关,-0.8,92.77,4164,正常
2016/04/13 07:51:03,0198bdf5f70bcaf142269157cebc2e9390fb1a9a,03233b32adcbfe82f973bb4ee967ad7b05817f64,持卡人消费,学士楼商务网关,-2.5,90.27,4165,正常
2016/04/13 11:42:52,0198bdf5f70bcaf142269157cebc2e9390fb1a9a,03233b32adcbfe82f973bb4ee967ad7b05817f64,持卡人消费,南苑网关,-5.0,85.27,4166,正常
2016/04/13 11:43:20,0198bdf5f70bcaf142269157cebc2e9390fb1a9a,03233b32adcbfe82f973bb4ee967ad7b05817f64,持卡人消费,南苑网关,-1.3,83.97,4167,正常
2016/04/13 19:29:48,0198bdf5f70bcaf142269157cebc2e9390fb1a9a,03233b32adcbfe82f973bb4ee967ad7b05817f64,持卡人消费,学子超市园丁总店,-5.5,78.47,4168,正常
2016/04/14 07:23:10,0198bdf5f70bcaf142269157cebc2e9390fb1a9a,03233b32adcbfe82f973bb4ee967ad7b05817f64,持卡人消费,学士楼商务网关,-2.5,75.97,4169,正常
2016/04/14 11:46:10,0198bdf5f70bcaf142269157cebc2e9390fb1a9a,03233b32adcbfe82f973bb4ee967ad7b05817f64,持卡人消费,南苑网关,-0.2,75.77,4170,正常
2016/04/14 11:46:22,0198bdf5f70bcaf142269157cebc2e9390fb1a9a,03233b32adcbfe82f973bb4ee967ad7b05817f64,持卡人消费,南苑网关,-9.12,66.65,4171,正常
2016/04/14 18:18:33,0198bdf5f70bcaf142269157cebc2e9390fb1a9a,03233b32adcbfe82f973bb4ee967ad7b05817f64,持卡人消费,学士楼商务网关,-8.0,58.65,4172,正常
2016/04/15 08:14:42,0198bdf5f70bcaf142269157cebc2e9390fb1a9a,03233b32adcbfe82f973bb4ee967ad7b05817f64,持卡人消费,学士楼商务网关,-3.1,55.55,4173,正常
2016/04/15 11:44:33,0198bdf5f70bcaf142269157cebc2e9390fb1a9a,03233b32adcbfe82f973bb4ee967ad7b05817f64,持卡人消费,南苑网关,-0.2,55.35,4174,正常
2016/04/15 11:44:44,0198bdf5f70bcaf142269157cebc2e9390fb1a9a,03233b32adcbfe82f973bb4ee967ad7b05817f64,持卡人消费,南苑网关,-8.64,46.71,4175,正常
2016/04/16 07:46:31,0198bdf5f70bcaf142269157cebc2e9390fb1a9a,03233b32adcbfe82f973bb4ee967ad7b05817f64,持卡人消费,学士楼商务网关,-2.5,44.21,4176,正常
2016/04/16 11:20:05,0198bdf5f70bcaf142269157cebc2e9390fb1a9a,03233b32adcbfe82f973bb4ee967ad7b05817f64,持卡人消费,学苑楼商务网关,-7.0,37.21,4177,正常
2016/04/17 07:50:09,0198bdf5f70bcaf142269157cebc2e9390fb1a9a,03233b32adcbfe82f973bb4ee967ad7b05817f64,持卡人消费,学士楼商务网关,-2.5,34.71,4178,正常
2016/04/17 17:37:25,0198bdf5f70bcaf142269157cebc2e9390fb1a9a,03233b32adcbfe82f973bb4ee967ad7b05817f64,持卡人消费,学士楼商务网关,-3.92,30.79,4179,正常
2016/04/17 17:39:32,0198bdf5f70bcaf142269157cebc2e9390fb1a9a,03233b32adcbfe82f973bb4ee967ad7b05817f64,持卡人消费,学士楼商务网关,-3.6,27.19,4180,正常
2016/04/18 07:57:32,0198bdf5f70bcaf142269157cebc2e9390fb1a9a,03233b32adcbfe82f973bb4ee967ad7b05817f64,持卡人消费,学士楼商务网关,-2.5,24.69,4181,正常
2016/04/18 11:47:24,0198bdf5f70bcaf142269157cebc2e9390fb1a9a,03233b32adcbfe82f973bb4ee967ad7b05817f64,持卡人消费,南苑网关,-0.2,24.49,4182,正常
2016/04/18 11:47:32,0198bdf5f70bcaf142269157cebc2e9390fb1a9a,03233b32adcbfe82f973bb4ee967ad7b05817f64,持卡人消费,南苑网关,-8.64,15.85,4183,正常
2016/04/18 18:28:25,0198bdf5f70bcaf142269157cebc2e9390fb1a9a,03233b32adcbfe82f973bb4ee967ad7b05817f64,持卡人消费,学士楼商务网关,-8.8,7.05,4184,正常
2016/04/19 08:44:56,0198bdf5f70bcaf142269157cebc2e9390fb1a9a,03233b32adcbfe82f973bb4ee967ad7b05817f64,持卡人消费,学士楼商务网关,-2.4,4.65,4185,正常
2016/04/19 11:24:40,0198bdf5f70bcaf142269157cebc2e9390fb1a9a,03233b32adcbfe82f973bb4ee967ad7b05817f64,存款,学苑楼综合业务,300.0,304.65,4186,正常
2016/04/19 11:26:04,0198bdf5f70bcaf142269157cebc2e9390fb1a9a,03233b32adcbfe82f973bb4ee967ad7b05817f64,持卡人消费,南苑网关,-5.3,299.35,4187,正常
2016/04/20 08:08:49,0198bdf5f70bcaf142269157cebc2e9390fb1a9a,03233b32adcbfe82f973bb4ee967ad7b05817f64,持卡人消费,学士楼商务网关,-2.5,296.85,4188,正常
2016/04/20 11:38:43,0198bdf5f70bcaf142269157cebc2e9390fb1a9a,03233b32adcbfe82f973bb4ee967ad7b05817f64,持卡人消费,南苑网关,-0.2,296.65,4189,正常
2016/04/20 11:39:27,0198bdf5f70bcaf142269157cebc2e9390fb1a9a,03233b32adcbfe82f973bb4ee967ad7b05817f64,持卡人消费,南苑网关,-8.88,287.77,4190,正常
2016/04/20 17:52:20,0198bdf5f70bcaf142269157cebc2e9390fb1a9a,03233b32adcbfe82f973bb4ee967ad7b05817f64,持卡人消费,学苑楼商务网关,-8.0,279.77,4191,正常
2016/04/20 17:52:46,0198bdf5f70bcaf142269157cebc2e9390fb1a9a,03233b32adcbfe82f973bb4ee967ad7b05817f64,持卡人消费,学苑楼商务网关,-16.0,263.77,4192,正常
2016/04/20 18:26:06,0198bdf5f70bcaf142269157cebc2e9390fb1a9a,03233b32adcbfe82f973bb4ee967ad7b05817f64,持卡人消费,一区图书馆APOS,-0.4,263.37,4193,正常
2016/04/21 07:55:10,0198bdf5f70bcaf142269157cebc2e9390fb1a9a,03233b32adcbfe82f973bb4ee967ad7b05817f64,持卡人消费,学士楼商务网关,-2.5,260.87,4194,正常
2016/04/21 11:41:56,0198bdf5f70bcaf142269157cebc2e9390fb1a9a,03233b32adcbfe82f973bb4ee967ad7b05817f64,持卡人消费,南苑网关,-0.2,260.67,4195,正常
2016/04/21 11:42:12,0198bdf5f70bcaf142269157cebc2e9390fb1a9a,03233b32adcbfe82f973bb4ee967ad7b05817f64,持卡人消费,南苑网关,-6.72,253.95,4196,正常
2016/04/22 07:49:33,0198bdf5f70bcaf142269157cebc2e9390fb1a9a,03233b32adcbfe82f973bb4ee967ad7b05817f64,持卡人消费,学士楼商务网关,-3.1,250.85,4197,正常
2016/04/22 11:42:42,0198bdf5f70bcaf142269157cebc2e9390fb1a9a,03233b32adcbfe82f973bb4ee967ad7b05817f64,持卡人消费,南苑网关,-0.2,250.65,4198,正常
2016/04/22 11:43:12,0198bdf5f70bcaf142269157cebc2e9390fb1a9a,03233b32adcbfe82f973bb4ee967ad7b05817f64,持卡人消费,南苑网关,-9.6,241.05,4199,正常
2016/04/22 11:44:16,0198bdf5f70bcaf142269157cebc2e9390fb1a9a,03233b32adcbfe82f973bb4ee967ad7b05817f64,持卡人消费,南苑网关,-16.44,224.61,4200,正常
2016/04/22 18:05:28,0198bdf5f70bcaf142269157cebc2e9390fb1a9a,03233b32adcbfe82f973bb4ee967ad7b05817f64,持卡人消费,学子楼商务网关,-7.2,217.41,4201,正常
2016/04/23 07:38:05,0198bdf5f70bcaf142269157cebc2e9390fb1a9a,03233b32adcbfe82f973bb4ee967ad7b05817f64,持卡人消费,学士楼商务网关,-3.1,214.31,4202,正常
2016/04/23 11:35:09,0198bdf5f70bcaf142269157cebc2e9390fb1a9a,03233b32adcbfe82f973bb4ee967ad7b05817f64,持卡人消费,学士楼商务网关,-12.6,201.71,4203,正常
2016/04/23 18:07:31,0198bdf5f70bcaf142269157cebc2e9390fb1a9a,03233b32adcbfe82f973bb4ee967ad7b05817f64,持卡人消费,学子楼商务网关,-7.2,194.51,4204,正常
2016/04/24 08:27:27,0198bdf5f70bcaf142269157cebc2e9390fb1a9a,03233b32adcbfe82f973bb4ee967ad7b05817f64,持卡人消费,学士楼商务网关,-2.5,192.01,4205,正常
2016/04/24 11:37:13,0198bdf5f70bcaf142269157cebc2e9390fb1a9a,03233b32adcbfe82f973bb4ee967ad7b05817f64,持卡人消费,学苑楼商务网关,-9.0,183.01,4206,正常
2016/04/24 17:19:15,0198bdf5f70bcaf142269157cebc2e9390fb1a9a,03233b32adcbfe82f973bb4ee967ad7b05817f64,持卡人消费,学苑楼商务网关,-7.0,176.01,4207,正常
2016/04/24 17:36:36,0198bdf5f70bcaf142269157cebc2e9390fb1a9a,03233b32adcbfe82f973bb4ee967ad7b05817f64,持卡人消费,学苑楼商务网关,-13.0,163.01,4208,正常
2016/04/25 12:06:06,0198bdf5f70bcaf142269157cebc2e9390fb1a9a,03233b32adcbfe82f973bb4ee967ad7b05817f64,持卡人消费,学苑楼商务网关,-9.0,154.01,4209,正常
2016/04/25 18:06:21,0198bdf5f70bcaf142269157cebc2e9390fb1a9a,03233b32adcbfe82f973bb4ee967ad7b05817f64,持卡人消费,学士楼商务网关,-7.0,147.01,4210,正常
2016/04/26 07:44:04,0198bdf5f70bcaf142269157cebc2e9390fb1a9a,03233b32adcbfe82f973bb4ee967ad7b05817f64,持卡人消费,学士楼商务网关,-3.0,144.01,4211,正常
2016/04/26 17:38:32,0198bdf5f70bcaf142269157cebc2e9390fb1a9a,03233b32adcbfe82f973bb4ee967ad7b05817f64,持卡人消费,学苑楼商务网关,-7.0,137.01,4212,正常
2016/04/26 20:42:04,0198bdf5f70bcaf142269157cebc2e9390fb1a9a,03233b32adcbfe82f973bb4ee967ad7b05817f64,持卡人消费,一校区水控新,-0.61,136.40,4214,正常
2016/04/26 20:50:01,0198bdf5f70bcaf142269157cebc2e9390fb1a9a,03233b32adcbfe82f973bb4ee967ad7b05817f64,持卡人消费,一校区水控新,-0.8,135.60,4216,正常
2016/04/27 07:35:46,0198bdf5f70bcaf142269157cebc2e9390fb1a9a,03233b32adcbfe82f973bb4ee967ad7b05817f64,持卡人消费,学士楼商务网关,-4.1,131.50,4217,正常
2016/04/28 07:24:23,0198bdf5f70bcaf142269157cebc2e9390fb1a9a,03233b32adcbfe82f973bb4ee967ad7b05817f64,持卡人消费,学士楼商务网关,-2.9,128.60,4218,正常
2016/04/28 12:16:52,0198bdf5f70bcaf142269157cebc2e9390fb1a9a,03233b32adcbfe82f973bb4ee967ad7b05817f64,持卡人消费,学子楼商务网关,-7.2,121.40,4219,正常
2016/04/28 17:52:56,0198bdf5f70bcaf142269157cebc2e9390fb1a9a,03233b32adcbfe82f973bb4ee967ad7b05817f64,持卡人消费,学士楼商务网关,-0.8,120.60,4220,正常
2016/04/28 17:53:45,0198bdf5f70bcaf142269157cebc2e9390fb1a9a,03233b32adcbfe82f973bb4ee967ad7b05817f64,持卡人消费,学士楼商务网关,-6.0,114.60,4221,正常
2016/04/29 08:13:11,0198bdf5f70bcaf142269157cebc2e9390fb1a9a,03233b32adcbfe82f973bb4ee967ad7b05817f64,持卡人消费,学士楼商务网关,-2.6,112.00,4222,正常
2016/04/29 11:41:10,0198bdf5f70bcaf142269157cebc2e9390fb1a9a,03233b32adcbfe82f973bb4ee967ad7b05817f64,持卡人消费,南苑网关,-0.2,111.80,4223,正常
2016/04/29 11:41:25,0198bdf5f70bcaf142269157cebc2e9390fb1a9a,03233b32adcbfe82f973bb4ee967ad7b05817f64,持卡人消费,南苑网关,-8.64,103.16,4224,正常
2016/04/30 07:52:44,0198bdf5f70bcaf142269157cebc2e9390fb1a9a,03233b32adcbfe82f973bb4ee967ad7b05817f64,持卡人消费,学士楼商务网关,-2.4,100.76,4225,正常
2016/04/30 18:21:37,0198bdf5f70bcaf142269157cebc2e9390fb1a9a,03233b32adcbfe82f973bb4ee967ad7b05817f64,持卡人消费,学士楼商务网关,-9.0,91.76,4226,正常
2016/04/30 18:54:13,0198bdf5f70bcaf142269157cebc2e9390fb1a9a,03233b32adcbfe82f973bb4ee967ad7b05817f64,持卡人消费,超市商务子系统,-10.7,81.06,4227,正常
2016/04/30 18:56:32,0198bdf5f70bcaf142269157cebc2e9390fb1a9a,03233b32adcbfe82f973bb4ee967ad7b05817f64,持卡人消费,超市商务子系统,-7.9,73.16,4228,正常
