交易发生时间,学号,姓名,交易类型,子系统名称,交易额,现有余额,次数,状态
2016/04/01 08:04:12,7c4d3efd56fbcd164d42a61569cfa08b64efb43e,033743621b70c9020c144a91c6bca9f166e3eac4,持卡人消费,学士楼商务网关,-4.3,338.84,3928,正常
2016/04/01 11:29:24,7c4d3efd56fbcd164d42a61569cfa08b64efb43e,033743621b70c9020c144a91c6bca9f166e3eac4,持卡人消费,学苑楼商务网关,-7.0,331.84,3929,正常
2016/04/01 11:29:58,7c4d3efd56fbcd164d42a61569cfa08b64efb43e,033743621b70c9020c144a91c6bca9f166e3eac4,持卡人消费,学苑楼商务网关,-3.0,328.84,3930,正常
2016/04/01 11:33:02,7c4d3efd56fbcd164d42a61569cfa08b64efb43e,033743621b70c9020c144a91c6bca9f166e3eac4,持卡人消费,学苑楼商务网关,-2.0,326.84,3931,正常
2016/04/01 17:22:04,7c4d3efd56fbcd164d42a61569cfa08b64efb43e,033743621b70c9020c144a91c6bca9f166e3eac4,持卡人消费,学士楼商务网关,-11.0,315.84,3932,正常
2016/04/02 11:14:54,7c4d3efd56fbcd164d42a61569cfa08b64efb43e,033743621b70c9020c144a91c6bca9f166e3eac4,持卡人消费,学苑楼商务网关,-9.0,306.84,3933,正常
2016/04/02 17:22:36,7c4d3efd56fbcd164d42a61569cfa08b64efb43e,033743621b70c9020c144a91c6bca9f166e3eac4,持卡人消费,学苑楼商务网关,-7.5,299.34,3934,正常
2016/04/03 08:12:39,7c4d3efd56fbcd164d42a61569cfa08b64efb43e,033743621b70c9020c144a91c6bca9f166e3eac4,持卡人消费,学士楼商务网关,-3.4,295.94,3935,正常
2016/04/03 11:27:37,7c4d3efd56fbcd164d42a61569cfa08b64efb43e,033743621b70c9020c144a91c6bca9f166e3eac4,持卡人消费,学苑楼商务网关,-9.0,286.94,3936,正常
2016/04/03 17:40:38,7c4d3efd56fbcd164d42a61569cfa08b64efb43e,033743621b70c9020c144a91c6bca9f166e3eac4,持卡人消费,学苑楼商务网关,-8.0,278.94,3937,正常
2016/04/03 17:41:41,7c4d3efd56fbcd164d42a61569cfa08b64efb43e,033743621b70c9020c144a91c6bca9f166e3eac4,持卡人消费,学苑楼商务网关,-7.0,271.94,3938,正常
2016/04/03 18:09:46,7c4d3efd56fbcd164d42a61569cfa08b64efb43e,033743621b70c9020c144a91c6bca9f166e3eac4,持卡人消费,超市商务子系统,-2.0,269.94,3939,正常
2016/04/06 07:41:18,7c4d3efd56fbcd164d42a61569cfa08b64efb43e,033743621b70c9020c144a91c6bca9f166e3eac4,持卡人消费,学士楼商务网关,-4.6,265.34,3940,正常
2016/04/06 11:29:45,7c4d3efd56fbcd164d42a61569cfa08b64efb43e,033743621b70c9020c144a91c6bca9f166e3eac4,持卡人消费,学士楼商务网关,-9.0,256.34,3941,正常
2016/04/06 17:01:34,7c4d3efd56fbcd164d42a61569cfa08b64efb43e,033743621b70c9020c144a91c6bca9f166e3eac4,持卡人消费,学苑楼商务网关,-6.0,250.34,3942,正常
2016/04/07 11:32:56,7c4d3efd56fbcd164d42a61569cfa08b64efb43e,033743621b70c9020c144a91c6bca9f166e3eac4,持卡人消费,学苑楼商务网关,-8.0,242.34,3943,正常
2016/04/07 11:33:48,7c4d3efd56fbcd164d42a61569cfa08b64efb43e,033743621b70c9020c144a91c6bca9f166e3eac4,持卡人消费,学苑楼商务网关,-3.0,239.34,3944,正常
2016/04/07 11:35:39,7c4d3efd56fbcd164d42a61569cfa08b64efb43e,033743621b70c9020c144a91c6bca9f166e3eac4,持卡人消费,学苑楼商务网关,-2.0,237.34,3945,正常
2016/04/07 17:25:47,7c4d3efd56fbcd164d42a61569cfa08b64efb43e,033743621b70c9020c144a91c6bca9f166e3eac4,持卡人消费,学士楼商务网关,-10.5,226.84,3946,正常
2016/04/08 07:37:11,7c4d3efd56fbcd164d42a61569cfa08b64efb43e,033743621b70c9020c144a91c6bca9f166e3eac4,持卡人消费,学士楼商务网关,-2.2,224.64,3947,正常
2016/04/08 11:29:14,7c4d3efd56fbcd164d42a61569cfa08b64efb43e,033743621b70c9020c144a91c6bca9f166e3eac4,持卡人消费,学苑楼商务网关,-4.0,220.64,3948,正常
2016/04/08 11:29:52,7c4d3efd56fbcd164d42a61569cfa08b64efb43e,033743621b70c9020c144a91c6bca9f166e3eac4,持卡人消费,学苑楼商务网关,-3.0,217.64,3949,正常
2016/04/08 11:30:56,7c4d3efd56fbcd164d42a61569cfa08b64efb43e,033743621b70c9020c144a91c6bca9f166e3eac4,持卡人消费,学苑楼商务网关,-2.0,215.64,3950,正常
2016/04/08 17:35:03,7c4d3efd56fbcd164d42a61569cfa08b64efb43e,033743621b70c9020c144a91c6bca9f166e3eac4,持卡人消费,学士楼商务网关,-8.0,207.64,3951,正常
2016/04/09 11:22:56,7c4d3efd56fbcd164d42a61569cfa08b64efb43e,033743621b70c9020c144a91c6bca9f166e3eac4,持卡人消费,学士楼商务网关,-9.0,198.64,3952,正常
2016/04/09 17:27:13,7c4d3efd56fbcd164d42a61569cfa08b64efb43e,033743621b70c9020c144a91c6bca9f166e3eac4,持卡人消费,学苑楼商务网关,-8.0,190.64,3953,正常
2016/04/11 17:33:46,7c4d3efd56fbcd164d42a61569cfa08b64efb43e,033743621b70c9020c144a91c6bca9f166e3eac4,持卡人消费,学士楼商务网关,-8.8,181.84,3954,正常
2016/04/12 11:22:18,7c4d3efd56fbcd164d42a61569cfa08b64efb43e,033743621b70c9020c144a91c6bca9f166e3eac4,持卡人消费,学苑楼商务网关,-8.0,173.84,3955,正常
2016/04/12 17:31:55,7c4d3efd56fbcd164d42a61569cfa08b64efb43e,033743621b70c9020c144a91c6bca9f166e3eac4,持卡人消费,学士楼商务网关,-10.0,163.84,3956,正常
2016/04/13 07:20:18,7c4d3efd56fbcd164d42a61569cfa08b64efb43e,033743621b70c9020c144a91c6bca9f166e3eac4,持卡人消费,学士楼商务网关,-6.0,157.84,3957,正常
2016/04/13 11:42:37,7c4d3efd56fbcd164d42a61569cfa08b64efb43e,033743621b70c9020c144a91c6bca9f166e3eac4,持卡人消费,学苑楼商务网关,-7.0,150.84,3958,正常
2016/04/13 12:01:50,7c4d3efd56fbcd164d42a61569cfa08b64efb43e,033743621b70c9020c144a91c6bca9f166e3eac4,持卡人消费,学苑楼商务网关,-9.0,141.84,3959,正常
2016/04/13 17:28:11,7c4d3efd56fbcd164d42a61569cfa08b64efb43e,033743621b70c9020c144a91c6bca9f166e3eac4,持卡人消费,学士楼商务网关,-8.5,133.34,3960,正常
2016/04/14 07:59:02,7c4d3efd56fbcd164d42a61569cfa08b64efb43e,033743621b70c9020c144a91c6bca9f166e3eac4,持卡人消费,学士楼商务网关,-5.0,128.34,3961,正常
2016/04/14 11:24:27,7c4d3efd56fbcd164d42a61569cfa08b64efb43e,033743621b70c9020c144a91c6bca9f166e3eac4,持卡人消费,学苑楼商务网关,-7.5,120.84,3962,正常
2016/04/14 17:30:14,7c4d3efd56fbcd164d42a61569cfa08b64efb43e,033743621b70c9020c144a91c6bca9f166e3eac4,持卡人消费,学士楼商务网关,-14.0,106.84,3963,正常
2016/04/14 17:52:52,7c4d3efd56fbcd164d42a61569cfa08b64efb43e,033743621b70c9020c144a91c6bca9f166e3eac4,持卡人消费,超市商务子系统,-2.5,104.34,3964,正常
2016/04/15 07:24:23,7c4d3efd56fbcd164d42a61569cfa08b64efb43e,033743621b70c9020c144a91c6bca9f166e3eac4,持卡人消费,学士楼商务网关,-4.5,99.84,3965,正常
2016/04/15 18:03:45,7c4d3efd56fbcd164d42a61569cfa08b64efb43e,033743621b70c9020c144a91c6bca9f166e3eac4,持卡人消费,学苑楼商务网关,-8.0,91.84,3966,正常
2016/04/15 21:04:53,7c4d3efd56fbcd164d42a61569cfa08b64efb43e,033743621b70c9020c144a91c6bca9f166e3eac4,持卡人消费,硕果园（工大商店）,-7.0,84.84,3967,正常
2016/04/16 07:08:44,7c4d3efd56fbcd164d42a61569cfa08b64efb43e,033743621b70c9020c144a91c6bca9f166e3eac4,持卡人消费,学士楼商务网关,-5.0,79.84,3968,正常
2016/04/16 11:19:07,7c4d3efd56fbcd164d42a61569cfa08b64efb43e,033743621b70c9020c144a91c6bca9f166e3eac4,持卡人消费,学苑楼商务网关,-6.0,73.84,3969,正常
2016/04/16 11:20:42,7c4d3efd56fbcd164d42a61569cfa08b64efb43e,033743621b70c9020c144a91c6bca9f166e3eac4,持卡人消费,学苑楼商务网关,-8.0,65.84,3970,正常
2016/04/16 17:24:34,7c4d3efd56fbcd164d42a61569cfa08b64efb43e,033743621b70c9020c144a91c6bca9f166e3eac4,持卡人消费,学子楼商务网关,-6.5,59.34,3971,正常
2016/04/16 17:29:05,7c4d3efd56fbcd164d42a61569cfa08b64efb43e,033743621b70c9020c144a91c6bca9f166e3eac4,持卡人消费,学子楼商务网关,-3.6,55.74,3972,正常
2016/04/16 17:41:22,7c4d3efd56fbcd164d42a61569cfa08b64efb43e,033743621b70c9020c144a91c6bca9f166e3eac4,持卡人消费,超市商务子系统,-9.2,46.54,3973,正常
2016/04/17 12:27:45,7c4d3efd56fbcd164d42a61569cfa08b64efb43e,033743621b70c9020c144a91c6bca9f166e3eac4,持卡人消费,硕果园（工大商店）,-14.0,32.54,3974,正常
2016/04/17 16:11:38,7c4d3efd56fbcd164d42a61569cfa08b64efb43e,033743621b70c9020c144a91c6bca9f166e3eac4,持卡人消费,超市商务子系统,-20.6,11.94,3975,正常
2016/04/17 16:13:16,7c4d3efd56fbcd164d42a61569cfa08b64efb43e,033743621b70c9020c144a91c6bca9f166e3eac4,持卡人消费,超市商务子系统,-2.9,9.04,3976,正常
2016/04/17 16:20:31,7c4d3efd56fbcd164d42a61569cfa08b64efb43e,033743621b70c9020c144a91c6bca9f166e3eac4,存款,学苑楼综合业务2,300.0,309.04,3977,正常
2016/04/18 07:02:37,7c4d3efd56fbcd164d42a61569cfa08b64efb43e,033743621b70c9020c144a91c6bca9f166e3eac4,持卡人消费,学士楼商务网关,-5.0,304.04,3978,正常
2016/04/18 11:54:11,7c4d3efd56fbcd164d42a61569cfa08b64efb43e,033743621b70c9020c144a91c6bca9f166e3eac4,持卡人消费,学士楼商务网关,-8.5,295.54,3979,正常
2016/04/18 17:39:31,7c4d3efd56fbcd164d42a61569cfa08b64efb43e,033743621b70c9020c144a91c6bca9f166e3eac4,持卡人消费,学士楼商务网关,-7.5,288.04,3980,正常
2016/04/19 06:58:45,7c4d3efd56fbcd164d42a61569cfa08b64efb43e,033743621b70c9020c144a91c6bca9f166e3eac4,持卡人消费,学士楼商务网关,-3.5,284.54,3981,正常
2016/04/19 11:37:35,7c4d3efd56fbcd164d42a61569cfa08b64efb43e,033743621b70c9020c144a91c6bca9f166e3eac4,持卡人消费,学士楼商务网关,-9.5,275.04,3982,正常
2016/04/19 17:28:08,7c4d3efd56fbcd164d42a61569cfa08b64efb43e,033743621b70c9020c144a91c6bca9f166e3eac4,持卡人消费,学士楼商务网关,-9.5,265.54,3983,正常
2016/04/19 17:51:09,7c4d3efd56fbcd164d42a61569cfa08b64efb43e,033743621b70c9020c144a91c6bca9f166e3eac4,持卡人消费,超市商务子系统,-4.2,261.34,3984,正常
2016/04/20 07:14:17,7c4d3efd56fbcd164d42a61569cfa08b64efb43e,033743621b70c9020c144a91c6bca9f166e3eac4,持卡人消费,学士楼商务网关,-5.0,256.34,3985,正常
2016/04/20 09:51:56,7c4d3efd56fbcd164d42a61569cfa08b64efb43e,033743621b70c9020c144a91c6bca9f166e3eac4,持卡人消费,一区图书馆BPOS,-1.0,255.34,3986,正常
2016/04/20 11:32:38,7c4d3efd56fbcd164d42a61569cfa08b64efb43e,033743621b70c9020c144a91c6bca9f166e3eac4,持卡人消费,学苑楼商务网关,-8.0,247.34,3987,正常
2016/04/20 11:33:24,7c4d3efd56fbcd164d42a61569cfa08b64efb43e,033743621b70c9020c144a91c6bca9f166e3eac4,持卡人消费,学苑楼商务网关,-4.6,242.74,3988,正常
2016/04/20 17:29:06,7c4d3efd56fbcd164d42a61569cfa08b64efb43e,033743621b70c9020c144a91c6bca9f166e3eac4,持卡人消费,学士楼商务网关,-9.0,233.74,3989,正常
2016/04/21 07:30:23,7c4d3efd56fbcd164d42a61569cfa08b64efb43e,033743621b70c9020c144a91c6bca9f166e3eac4,持卡人消费,学士楼商务网关,-5.0,228.74,3990,正常
2016/04/21 17:29:16,7c4d3efd56fbcd164d42a61569cfa08b64efb43e,033743621b70c9020c144a91c6bca9f166e3eac4,持卡人消费,学士楼商务网关,-9.5,219.24,3991,正常
2016/04/22 07:26:18,7c4d3efd56fbcd164d42a61569cfa08b64efb43e,033743621b70c9020c144a91c6bca9f166e3eac4,持卡人消费,学士楼商务网关,-4.6,214.64,3992,正常
2016/04/22 11:41:25,7c4d3efd56fbcd164d42a61569cfa08b64efb43e,033743621b70c9020c144a91c6bca9f166e3eac4,持卡人消费,学苑楼商务网关,-8.0,206.64,3993,正常
2016/04/22 11:42:06,7c4d3efd56fbcd164d42a61569cfa08b64efb43e,033743621b70c9020c144a91c6bca9f166e3eac4,持卡人消费,学苑楼商务网关,-3.5,203.14,3994,正常
2016/04/22 11:43:02,7c4d3efd56fbcd164d42a61569cfa08b64efb43e,033743621b70c9020c144a91c6bca9f166e3eac4,持卡人消费,学苑楼商务网关,-2.0,201.14,3995,正常
2016/04/23 07:11:07,7c4d3efd56fbcd164d42a61569cfa08b64efb43e,033743621b70c9020c144a91c6bca9f166e3eac4,持卡人消费,学士楼商务网关,-5.5,195.64,3996,正常
2016/04/23 07:11:12,7c4d3efd56fbcd164d42a61569cfa08b64efb43e,033743621b70c9020c144a91c6bca9f166e3eac4,持卡人消费,学士楼商务网关,-1.0,194.64,3997,正常
2016/04/23 11:21:58,7c4d3efd56fbcd164d42a61569cfa08b64efb43e,033743621b70c9020c144a91c6bca9f166e3eac4,持卡人消费,学苑楼商务网关,-6.0,188.64,3998,正常
2016/04/23 11:22:33,7c4d3efd56fbcd164d42a61569cfa08b64efb43e,033743621b70c9020c144a91c6bca9f166e3eac4,持卡人消费,学苑楼商务网关,-7.0,181.64,3999,正常
2016/04/23 17:32:39,7c4d3efd56fbcd164d42a61569cfa08b64efb43e,033743621b70c9020c144a91c6bca9f166e3eac4,持卡人消费,学苑楼商务网关,-8.0,173.64,4000,正常
2016/04/24 08:03:51,7c4d3efd56fbcd164d42a61569cfa08b64efb43e,033743621b70c9020c144a91c6bca9f166e3eac4,持卡人消费,学士楼商务网关,-4.6,169.04,4001,正常
2016/04/24 11:23:29,7c4d3efd56fbcd164d42a61569cfa08b64efb43e,033743621b70c9020c144a91c6bca9f166e3eac4,持卡人消费,学苑楼商务网关,-7.0,162.04,4002,正常
2016/04/24 11:24:49,7c4d3efd56fbcd164d42a61569cfa08b64efb43e,033743621b70c9020c144a91c6bca9f166e3eac4,持卡人消费,学苑楼商务网关,-3.0,159.04,4003,正常
2016/04/24 17:27:51,7c4d3efd56fbcd164d42a61569cfa08b64efb43e,033743621b70c9020c144a91c6bca9f166e3eac4,持卡人消费,学苑楼商务网关,-7.5,151.54,4004,正常
2016/04/25 07:22:18,7c4d3efd56fbcd164d42a61569cfa08b64efb43e,033743621b70c9020c144a91c6bca9f166e3eac4,持卡人消费,学士楼商务网关,-6.0,145.54,4005,正常
2016/04/25 11:54:18,7c4d3efd56fbcd164d42a61569cfa08b64efb43e,033743621b70c9020c144a91c6bca9f166e3eac4,持卡人消费,硕果园（工大商店）,-10.0,135.54,4006,正常
2016/04/25 17:31:22,7c4d3efd56fbcd164d42a61569cfa08b64efb43e,033743621b70c9020c144a91c6bca9f166e3eac4,持卡人消费,学士楼商务网关,-9.0,126.54,4007,正常
2016/04/26 08:11:29,7c4d3efd56fbcd164d42a61569cfa08b64efb43e,033743621b70c9020c144a91c6bca9f166e3eac4,持卡人消费,学士楼商务网关,-4.0,122.54,4008,正常
2016/04/26 17:30:38,7c4d3efd56fbcd164d42a61569cfa08b64efb43e,033743621b70c9020c144a91c6bca9f166e3eac4,持卡人消费,学士楼商务网关,-9.5,113.04,4009,正常
2016/04/26 17:53:59,7c4d3efd56fbcd164d42a61569cfa08b64efb43e,033743621b70c9020c144a91c6bca9f166e3eac4,持卡人消费,超市商务子系统,-11.0,102.04,4010,正常
2016/04/27 07:38:33,7c4d3efd56fbcd164d42a61569cfa08b64efb43e,033743621b70c9020c144a91c6bca9f166e3eac4,持卡人消费,学士楼商务网关,-5.0,97.04,4011,正常
2016/04/27 11:36:39,7c4d3efd56fbcd164d42a61569cfa08b64efb43e,033743621b70c9020c144a91c6bca9f166e3eac4,持卡人消费,学苑楼商务网关,-8.0,89.04,4012,正常
2016/04/27 11:37:42,7c4d3efd56fbcd164d42a61569cfa08b64efb43e,033743621b70c9020c144a91c6bca9f166e3eac4,持卡人消费,学苑楼商务网关,-7.0,82.04,4013,正常
2016/04/27 11:43:05,7c4d3efd56fbcd164d42a61569cfa08b64efb43e,033743621b70c9020c144a91c6bca9f166e3eac4,持卡人消费,超市商务子系统,-7.5,74.54,4014,正常
2016/04/28 07:15:19,7c4d3efd56fbcd164d42a61569cfa08b64efb43e,033743621b70c9020c144a91c6bca9f166e3eac4,持卡人消费,学士楼商务网关,-5.5,69.04,4015,正常
2016/04/28 11:21:14,7c4d3efd56fbcd164d42a61569cfa08b64efb43e,033743621b70c9020c144a91c6bca9f166e3eac4,持卡人消费,学士楼商务网关,-9.0,60.04,4016,正常
2016/04/28 17:29:11,7c4d3efd56fbcd164d42a61569cfa08b64efb43e,033743621b70c9020c144a91c6bca9f166e3eac4,存款,卡中心综合业务,300.0,360.04,4017,正常
2016/04/28 17:31:07,7c4d3efd56fbcd164d42a61569cfa08b64efb43e,033743621b70c9020c144a91c6bca9f166e3eac4,持卡人消费,学苑楼商务网关,-1.5,358.54,4018,正常
2016/04/28 17:33:02,7c4d3efd56fbcd164d42a61569cfa08b64efb43e,033743621b70c9020c144a91c6bca9f166e3eac4,持卡人消费,学苑楼商务网关,-8.4,350.14,4019,正常
2016/04/29 06:51:30,7c4d3efd56fbcd164d42a61569cfa08b64efb43e,033743621b70c9020c144a91c6bca9f166e3eac4,持卡人消费,学士楼商务网关,-2.6,347.54,4020,正常
2016/04/29 17:56:06,7c4d3efd56fbcd164d42a61569cfa08b64efb43e,033743621b70c9020c144a91c6bca9f166e3eac4,持卡人消费,学苑楼商务网关,-6.0,341.54,4021,正常
2016/04/30 11:34:56,7c4d3efd56fbcd164d42a61569cfa08b64efb43e,033743621b70c9020c144a91c6bca9f166e3eac4,持卡人消费,学苑楼商务网关,-9.0,332.54,4022,正常
2016/04/30 17:32:34,7c4d3efd56fbcd164d42a61569cfa08b64efb43e,033743621b70c9020c144a91c6bca9f166e3eac4,持卡人消费,学苑楼商务网关,-7.0,325.54,4023,正常
2016/04/30 17:32:56,7c4d3efd56fbcd164d42a61569cfa08b64efb43e,033743621b70c9020c144a91c6bca9f166e3eac4,持卡人消费,学苑楼商务网关,-1.0,324.54,4024,正常
