交易发生时间,学号,姓名,交易类型,子系统名称,交易额,现有余额,次数,状态
2016/04/01 09:07:27,7e5d55206f8d441e61eed29e8feddab1d1cf7048,03381b82adbfc9b5e6c3cf421f9a09c3dd32e9fe,存款,现金充值机,100.0,115.08,4922,正常
2016/04/01 09:34:16,7e5d55206f8d441e61eed29e8feddab1d1cf7048,03381b82adbfc9b5e6c3cf421f9a09c3dd32e9fe,持卡人消费,网络中心,-30.0,85.08,4923,正常
2016/04/01 16:51:40,7e5d55206f8d441e61eed29e8feddab1d1cf7048,03381b82adbfc9b5e6c3cf421f9a09c3dd32e9fe,持卡人消费,15公寓浴池,-0.02,85.06,4925,正常
2016/04/01 16:58:06,7e5d55206f8d441e61eed29e8feddab1d1cf7048,03381b82adbfc9b5e6c3cf421f9a09c3dd32e9fe,持卡人消费,15公寓浴池,-1.23,83.83,4927,正常
2016/04/01 16:58:25,7e5d55206f8d441e61eed29e8feddab1d1cf7048,03381b82adbfc9b5e6c3cf421f9a09c3dd32e9fe,持卡人消费,15公寓浴池,-0.03,83.80,4929,正常
2016/04/01 17:07:08,7e5d55206f8d441e61eed29e8feddab1d1cf7048,03381b82adbfc9b5e6c3cf421f9a09c3dd32e9fe,持卡人消费,学子便利店A01后楼,-2.5,81.30,4930,正常
2016/04/02 09:08:21,7e5d55206f8d441e61eed29e8feddab1d1cf7048,03381b82adbfc9b5e6c3cf421f9a09c3dd32e9fe,持卡人消费,学子便利店A01后楼,-4.1,77.20,4931,正常
2016/04/03 07:49:06,7e5d55206f8d441e61eed29e8feddab1d1cf7048,03381b82adbfc9b5e6c3cf421f9a09c3dd32e9fe,持卡人消费,学子便利店A01后楼,-7.1,70.10,4932,正常
2016/04/03 08:02:29,7e5d55206f8d441e61eed29e8feddab1d1cf7048,03381b82adbfc9b5e6c3cf421f9a09c3dd32e9fe,持卡人消费,学士楼商务网关,-6.6,63.50,4933,正常
2016/04/04 11:27:47,7e5d55206f8d441e61eed29e8feddab1d1cf7048,03381b82adbfc9b5e6c3cf421f9a09c3dd32e9fe,持卡人消费,学苑楼商务网关,-9.0,54.50,4934,正常
2016/04/04 11:29:38,7e5d55206f8d441e61eed29e8feddab1d1cf7048,03381b82adbfc9b5e6c3cf421f9a09c3dd32e9fe,持卡人消费,学苑楼商务网关,-1.5,53.00,4935,正常
2016/04/04 17:34:37,7e5d55206f8d441e61eed29e8feddab1d1cf7048,03381b82adbfc9b5e6c3cf421f9a09c3dd32e9fe,持卡人消费,学士楼商务网关,-8.8,44.20,4936,正常
2016/04/05 10:34:36,7e5d55206f8d441e61eed29e8feddab1d1cf7048,03381b82adbfc9b5e6c3cf421f9a09c3dd32e9fe,持卡人消费,学苑楼商务网关,-7.5,36.70,4937,正常
2016/04/05 10:35:54,7e5d55206f8d441e61eed29e8feddab1d1cf7048,03381b82adbfc9b5e6c3cf421f9a09c3dd32e9fe,持卡人消费,学苑楼商务网关,-2.5,34.20,4938,正常
2016/04/06 11:30:29,7e5d55206f8d441e61eed29e8feddab1d1cf7048,03381b82adbfc9b5e6c3cf421f9a09c3dd32e9fe,持卡人消费,学苑楼商务网关,-7.5,26.70,4939,正常
2016/04/06 11:31:48,7e5d55206f8d441e61eed29e8feddab1d1cf7048,03381b82adbfc9b5e6c3cf421f9a09c3dd32e9fe,持卡人消费,学苑楼商务网关,-1.5,25.20,4940,正常
2016/04/06 11:53:44,7e5d55206f8d441e61eed29e8feddab1d1cf7048,03381b82adbfc9b5e6c3cf421f9a09c3dd32e9fe,持卡人消费,超市商务子系统,-15.9,9.30,4941,正常
2016/04/06 17:40:11,7e5d55206f8d441e61eed29e8feddab1d1cf7048,03381b82adbfc9b5e6c3cf421f9a09c3dd32e9fe,存款,学苑楼综合业务3,100.0,109.30,4942,正常
2016/04/06 17:39:16,7e5d55206f8d441e61eed29e8feddab1d1cf7048,03381b82adbfc9b5e6c3cf421f9a09c3dd32e9fe,持卡人消费,学苑楼商务网关,-8.8,100.50,4943,正常
2016/04/06 19:17:45,7e5d55206f8d441e61eed29e8feddab1d1cf7048,03381b82adbfc9b5e6c3cf421f9a09c3dd32e9fe,持卡人消费,15公寓浴池,-1.57,98.93,4945,正常
2016/04/06 19:26:46,7e5d55206f8d441e61eed29e8feddab1d1cf7048,03381b82adbfc9b5e6c3cf421f9a09c3dd32e9fe,持卡人消费,学子便利店A01后楼,-5.3,93.63,4946,正常
2016/04/07 11:20:10,7e5d55206f8d441e61eed29e8feddab1d1cf7048,03381b82adbfc9b5e6c3cf421f9a09c3dd32e9fe,持卡人消费,学苑楼商务网关,-7.5,86.13,4947,正常
2016/04/07 11:39:53,7e5d55206f8d441e61eed29e8feddab1d1cf7048,03381b82adbfc9b5e6c3cf421f9a09c3dd32e9fe,持卡人消费,学子便利店A01后楼,-9.3,76.83,4948,正常
2016/04/07 17:21:36,7e5d55206f8d441e61eed29e8feddab1d1cf7048,03381b82adbfc9b5e6c3cf421f9a09c3dd32e9fe,持卡人消费,学士楼商务网关,-8.8,68.03,4949,正常
2016/04/08 08:58:43,7e5d55206f8d441e61eed29e8feddab1d1cf7048,03381b82adbfc9b5e6c3cf421f9a09c3dd32e9fe,持卡人消费,学子便利店A01后楼,-8.3,59.73,4950,正常
2016/04/08 11:37:10,7e5d55206f8d441e61eed29e8feddab1d1cf7048,03381b82adbfc9b5e6c3cf421f9a09c3dd32e9fe,持卡人消费,学苑楼商务网关,-7.5,52.23,4951,正常
2016/04/08 17:16:25,7e5d55206f8d441e61eed29e8feddab1d1cf7048,03381b82adbfc9b5e6c3cf421f9a09c3dd32e9fe,持卡人消费,学士楼商务网关,-10.0,42.23,4952,正常
2016/04/09 11:22:41,7e5d55206f8d441e61eed29e8feddab1d1cf7048,03381b82adbfc9b5e6c3cf421f9a09c3dd32e9fe,持卡人消费,学苑楼商务网关,-7.5,34.73,4953,正常
2016/04/09 11:43:51,7e5d55206f8d441e61eed29e8feddab1d1cf7048,03381b82adbfc9b5e6c3cf421f9a09c3dd32e9fe,持卡人消费,超市商务子系统,-1.0,33.73,4954,正常
2016/04/09 17:41:36,7e5d55206f8d441e61eed29e8feddab1d1cf7048,03381b82adbfc9b5e6c3cf421f9a09c3dd32e9fe,持卡人消费,学士楼商务网关,-11.0,22.73,4955,正常
2016/04/09 20:55:51,7e5d55206f8d441e61eed29e8feddab1d1cf7048,03381b82adbfc9b5e6c3cf421f9a09c3dd32e9fe,持卡人消费,学子便利店A01后楼,-7.2,15.53,4956,正常
2016/04/10 17:31:56,7e5d55206f8d441e61eed29e8feddab1d1cf7048,03381b82adbfc9b5e6c3cf421f9a09c3dd32e9fe,持卡人消费,学苑楼商务网关,-7.0,8.53,4957,正常
2016/04/10 17:34:06,7e5d55206f8d441e61eed29e8feddab1d1cf7048,03381b82adbfc9b5e6c3cf421f9a09c3dd32e9fe,持卡人消费,学苑楼商务网关,-0.8,7.73,4958,正常
2016/04/10 19:13:17,7e5d55206f8d441e61eed29e8feddab1d1cf7048,03381b82adbfc9b5e6c3cf421f9a09c3dd32e9fe,持卡人消费,15公寓浴池,-2.0,5.73,4959,正常
2016/04/10 19:14:14,7e5d55206f8d441e61eed29e8feddab1d1cf7048,03381b82adbfc9b5e6c3cf421f9a09c3dd32e9fe,持卡人消费,15公寓浴池,-0.14,5.59,4961,正常
2016/04/10 19:23:22,7e5d55206f8d441e61eed29e8feddab1d1cf7048,03381b82adbfc9b5e6c3cf421f9a09c3dd32e9fe,持卡人消费,学子便利店A01后楼,-3.9,1.69,4962,正常
2016/04/11 17:08:25,7e5d55206f8d441e61eed29e8feddab1d1cf7048,03381b82adbfc9b5e6c3cf421f9a09c3dd32e9fe,存款,现金充值机,100.0,101.69,4963,正常
2016/04/11 17:29:45,7e5d55206f8d441e61eed29e8feddab1d1cf7048,03381b82adbfc9b5e6c3cf421f9a09c3dd32e9fe,持卡人消费,学苑楼商务网关,-7.5,94.19,4964,正常
2016/04/11 21:03:41,7e5d55206f8d441e61eed29e8feddab1d1cf7048,03381b82adbfc9b5e6c3cf421f9a09c3dd32e9fe,持卡人消费,学子便利店A01后楼,-6.4,87.79,4965,正常
2016/04/12 11:32:34,7e5d55206f8d441e61eed29e8feddab1d1cf7048,03381b82adbfc9b5e6c3cf421f9a09c3dd32e9fe,持卡人消费,学苑楼商务网关,-7.5,80.29,4966,正常
2016/04/12 17:22:16,7e5d55206f8d441e61eed29e8feddab1d1cf7048,03381b82adbfc9b5e6c3cf421f9a09c3dd32e9fe,持卡人消费,学苑楼商务网关,-6.0,74.29,4967,正常
2016/04/12 17:23:33,7e5d55206f8d441e61eed29e8feddab1d1cf7048,03381b82adbfc9b5e6c3cf421f9a09c3dd32e9fe,持卡人消费,学苑楼商务网关,-0.4,73.89,4968,正常
2016/04/12 17:24:16,7e5d55206f8d441e61eed29e8feddab1d1cf7048,03381b82adbfc9b5e6c3cf421f9a09c3dd32e9fe,持卡人消费,学苑楼商务网关,-0.2,73.69,4969,正常
2016/04/13 17:29:51,7e5d55206f8d441e61eed29e8feddab1d1cf7048,03381b82adbfc9b5e6c3cf421f9a09c3dd32e9fe,持卡人消费,学苑楼商务网关,-7.5,66.19,4970,正常
2016/04/14 08:40:49,7e5d55206f8d441e61eed29e8feddab1d1cf7048,03381b82adbfc9b5e6c3cf421f9a09c3dd32e9fe,持卡人消费,学子便利店A01后楼,-4.5,61.69,4971,正常
2016/04/14 13:44:24,7e5d55206f8d441e61eed29e8feddab1d1cf7048,03381b82adbfc9b5e6c3cf421f9a09c3dd32e9fe,持卡人消费,一区图书馆APOS,-0.2,61.49,4972,正常
2016/04/14 13:52:21,7e5d55206f8d441e61eed29e8feddab1d1cf7048,03381b82adbfc9b5e6c3cf421f9a09c3dd32e9fe,持卡人消费,超市商务子系统,-13.1,48.39,4973,正常
2016/04/14 13:57:35,7e5d55206f8d441e61eed29e8feddab1d1cf7048,03381b82adbfc9b5e6c3cf421f9a09c3dd32e9fe,持卡人消费,硕果园（工大商店）,-8.0,40.39,4974,正常
2016/04/14 14:03:45,7e5d55206f8d441e61eed29e8feddab1d1cf7048,03381b82adbfc9b5e6c3cf421f9a09c3dd32e9fe,持卡人消费,硕果园（工大商店）,-7.0,33.39,4975,正常
2016/04/14 19:38:24,7e5d55206f8d441e61eed29e8feddab1d1cf7048,03381b82adbfc9b5e6c3cf421f9a09c3dd32e9fe,持卡人消费,15公寓浴池,-1.73,31.66,4977,正常
2016/04/14 19:49:01,7e5d55206f8d441e61eed29e8feddab1d1cf7048,03381b82adbfc9b5e6c3cf421f9a09c3dd32e9fe,持卡人消费,学子便利店A01后楼,-10.7,20.96,4978,正常
2016/04/15 11:39:40,7e5d55206f8d441e61eed29e8feddab1d1cf7048,03381b82adbfc9b5e6c3cf421f9a09c3dd32e9fe,持卡人消费,学苑楼商务网关,-7.5,13.46,4979,正常
2016/04/15 17:31:22,7e5d55206f8d441e61eed29e8feddab1d1cf7048,03381b82adbfc9b5e6c3cf421f9a09c3dd32e9fe,持卡人消费,学苑楼商务网关,-7.0,6.46,4980,正常
2016/04/15 17:35:06,7e5d55206f8d441e61eed29e8feddab1d1cf7048,03381b82adbfc9b5e6c3cf421f9a09c3dd32e9fe,持卡人消费,学苑楼商务网关,-0.8,5.66,4981,正常
2016/04/16 09:42:54,7e5d55206f8d441e61eed29e8feddab1d1cf7048,03381b82adbfc9b5e6c3cf421f9a09c3dd32e9fe,持卡人消费,学子便利店A01后楼,-2.0,3.66,4982,正常
2016/04/16 11:37:39,7e5d55206f8d441e61eed29e8feddab1d1cf7048,03381b82adbfc9b5e6c3cf421f9a09c3dd32e9fe,存款,卡中心综合业务,100.0,103.66,4983,正常
2016/04/16 11:39:08,7e5d55206f8d441e61eed29e8feddab1d1cf7048,03381b82adbfc9b5e6c3cf421f9a09c3dd32e9fe,持卡人消费,学苑楼商务网关,-8.0,95.66,4984,正常
2016/04/16 12:02:21,7e5d55206f8d441e61eed29e8feddab1d1cf7048,03381b82adbfc9b5e6c3cf421f9a09c3dd32e9fe,持卡人消费,超市商务子系统,-12.4,83.26,4985,正常
2016/04/16 17:23:50,7e5d55206f8d441e61eed29e8feddab1d1cf7048,03381b82adbfc9b5e6c3cf421f9a09c3dd32e9fe,持卡人消费,学苑楼商务网关,-8.8,74.46,4986,正常
2016/04/17 11:12:33,7e5d55206f8d441e61eed29e8feddab1d1cf7048,03381b82adbfc9b5e6c3cf421f9a09c3dd32e9fe,持卡人消费,学苑楼商务网关,-8.0,66.46,4987,正常
2016/04/17 17:31:01,7e5d55206f8d441e61eed29e8feddab1d1cf7048,03381b82adbfc9b5e6c3cf421f9a09c3dd32e9fe,持卡人消费,学士楼商务网关,-9.4,57.06,4988,正常
2016/04/17 17:54:05,7e5d55206f8d441e61eed29e8feddab1d1cf7048,03381b82adbfc9b5e6c3cf421f9a09c3dd32e9fe,持卡人消费,学子便利店A01后楼,-3.0,54.06,4989,正常
2016/04/18 09:23:23,7e5d55206f8d441e61eed29e8feddab1d1cf7048,03381b82adbfc9b5e6c3cf421f9a09c3dd32e9fe,持卡人消费,学子便利店A01后楼,-6.8,47.26,4990,正常
2016/04/18 11:30:07,7e5d55206f8d441e61eed29e8feddab1d1cf7048,03381b82adbfc9b5e6c3cf421f9a09c3dd32e9fe,持卡人消费,学苑楼商务网关,-7.5,39.76,4991,正常
2016/04/18 02:31:40,7e5d55206f8d441e61eed29e8feddab1d1cf7048,03381b82adbfc9b5e6c3cf421f9a09c3dd32e9fe,持卡人消费,学苑楼商务网关,-1.5,38.26,4992,正常
2016/04/18 17:29:36,7e5d55206f8d441e61eed29e8feddab1d1cf7048,03381b82adbfc9b5e6c3cf421f9a09c3dd32e9fe,持卡人消费,学士楼商务网关,-7.6,30.66,4993,正常
2016/04/19 09:46:10,7e5d55206f8d441e61eed29e8feddab1d1cf7048,03381b82adbfc9b5e6c3cf421f9a09c3dd32e9fe,持卡人消费,学子便利店A01后楼,-5.2,25.46,4994,正常
2016/04/19 11:39:30,7e5d55206f8d441e61eed29e8feddab1d1cf7048,03381b82adbfc9b5e6c3cf421f9a09c3dd32e9fe,持卡人消费,学苑楼商务网关,-8.0,17.46,4995,正常
2016/04/19 17:26:16,7e5d55206f8d441e61eed29e8feddab1d1cf7048,03381b82adbfc9b5e6c3cf421f9a09c3dd32e9fe,持卡人消费,学苑楼商务网关,-7.5,9.96,4996,正常
2016/04/19 19:58:34,7e5d55206f8d441e61eed29e8feddab1d1cf7048,03381b82adbfc9b5e6c3cf421f9a09c3dd32e9fe,持卡人消费,15公寓浴池,-2.0,7.96,4997,正常
2016/04/19 20:09:37,7e5d55206f8d441e61eed29e8feddab1d1cf7048,03381b82adbfc9b5e6c3cf421f9a09c3dd32e9fe,持卡人消费,学子便利店A01后楼,-7.4,0.56,4998,正常
2016/04/20 11:38:17,7e5d55206f8d441e61eed29e8feddab1d1cf7048,03381b82adbfc9b5e6c3cf421f9a09c3dd32e9fe,存款,学苑楼综合业务2,100.0,100.56,4999,正常
2016/04/20 11:40:24,7e5d55206f8d441e61eed29e8feddab1d1cf7048,03381b82adbfc9b5e6c3cf421f9a09c3dd32e9fe,持卡人消费,学苑楼商务网关,-8.8,91.76,5000,正常
2016/04/20 19:30:23,7e5d55206f8d441e61eed29e8feddab1d1cf7048,03381b82adbfc9b5e6c3cf421f9a09c3dd32e9fe,持卡人消费,学子便利店A01后楼,-6.1,85.66,5001,正常
2016/04/21 11:45:45,7e5d55206f8d441e61eed29e8feddab1d1cf7048,03381b82adbfc9b5e6c3cf421f9a09c3dd32e9fe,持卡人消费,学士楼商务网关,-8.2,77.46,5002,正常
2016/04/21 17:24:44,7e5d55206f8d441e61eed29e8feddab1d1cf7048,03381b82adbfc9b5e6c3cf421f9a09c3dd32e9fe,持卡人消费,学苑楼商务网关,-7.5,69.96,5003,正常
2016/04/21 17:51:25,7e5d55206f8d441e61eed29e8feddab1d1cf7048,03381b82adbfc9b5e6c3cf421f9a09c3dd32e9fe,持卡人消费,超市商务子系统,-30.0,39.96,5004,正常
2016/04/21 19:42:44,7e5d55206f8d441e61eed29e8feddab1d1cf7048,03381b82adbfc9b5e6c3cf421f9a09c3dd32e9fe,持卡人消费,学子便利店A01后楼,-3.2,36.76,5005,正常
2016/04/22 11:36:35,7e5d55206f8d441e61eed29e8feddab1d1cf7048,03381b82adbfc9b5e6c3cf421f9a09c3dd32e9fe,持卡人消费,学苑楼商务网关,-8.0,28.76,5006,正常
2016/04/22 17:33:17,7e5d55206f8d441e61eed29e8feddab1d1cf7048,03381b82adbfc9b5e6c3cf421f9a09c3dd32e9fe,持卡人消费,学士楼商务网关,-8.7,20.06,5007,正常
2016/04/23 11:13:15,7e5d55206f8d441e61eed29e8feddab1d1cf7048,03381b82adbfc9b5e6c3cf421f9a09c3dd32e9fe,持卡人消费,学苑楼商务网关,-8.0,12.06,5008,正常
2016/04/23 11:38:21,7e5d55206f8d441e61eed29e8feddab1d1cf7048,03381b82adbfc9b5e6c3cf421f9a09c3dd32e9fe,持卡人消费,学子便利店A01后楼,-3.2,8.86,5009,正常
2016/04/23 17:35:58,7e5d55206f8d441e61eed29e8feddab1d1cf7048,03381b82adbfc9b5e6c3cf421f9a09c3dd32e9fe,持卡人消费,学子便利店A01后楼,-3.0,5.86,5010,正常
2016/04/24 11:36:46,7e5d55206f8d441e61eed29e8feddab1d1cf7048,03381b82adbfc9b5e6c3cf421f9a09c3dd32e9fe,存款,学苑楼综合业务3,100.0,105.86,5011,正常
2016/04/24 11:39:53,7e5d55206f8d441e61eed29e8feddab1d1cf7048,03381b82adbfc9b5e6c3cf421f9a09c3dd32e9fe,持卡人消费,学苑楼商务网关,-7.5,98.36,5012,正常
2016/04/24 11:41:11,7e5d55206f8d441e61eed29e8feddab1d1cf7048,03381b82adbfc9b5e6c3cf421f9a09c3dd32e9fe,持卡人消费,学苑楼商务网关,-1.5,96.86,5013,正常
2016/04/24 17:29:48,7e5d55206f8d441e61eed29e8feddab1d1cf7048,03381b82adbfc9b5e6c3cf421f9a09c3dd32e9fe,持卡人消费,学士楼商务网关,-7.6,89.26,5014,正常
2016/04/24 19:34:31,7e5d55206f8d441e61eed29e8feddab1d1cf7048,03381b82adbfc9b5e6c3cf421f9a09c3dd32e9fe,持卡人消费,15公寓浴池,-0.83,88.43,5016,正常
2016/04/24 19:34:45,7e5d55206f8d441e61eed29e8feddab1d1cf7048,03381b82adbfc9b5e6c3cf421f9a09c3dd32e9fe,持卡人消费,15公寓浴池,-0.02,88.41,5018,正常
2016/04/24 19:40:14,7e5d55206f8d441e61eed29e8feddab1d1cf7048,03381b82adbfc9b5e6c3cf421f9a09c3dd32e9fe,持卡人消费,15公寓浴池,-1.04,87.37,5020,正常
2016/04/25 11:14:06,7e5d55206f8d441e61eed29e8feddab1d1cf7048,03381b82adbfc9b5e6c3cf421f9a09c3dd32e9fe,持卡人消费,学士楼商务网关,-11.0,76.37,5021,正常
2016/04/25 17:25:21,7e5d55206f8d441e61eed29e8feddab1d1cf7048,03381b82adbfc9b5e6c3cf421f9a09c3dd32e9fe,持卡人消费,学苑楼商务网关,-8.0,68.37,5022,正常
2016/04/25 19:34:43,7e5d55206f8d441e61eed29e8feddab1d1cf7048,03381b82adbfc9b5e6c3cf421f9a09c3dd32e9fe,持卡人消费,学子便利店A01后楼,-6.7,61.67,5023,正常
2016/04/26 11:22:35,7e5d55206f8d441e61eed29e8feddab1d1cf7048,03381b82adbfc9b5e6c3cf421f9a09c3dd32e9fe,持卡人消费,学士楼商务网关,-9.4,52.27,5024,正常
2016/04/26 17:26:31,7e5d55206f8d441e61eed29e8feddab1d1cf7048,03381b82adbfc9b5e6c3cf421f9a09c3dd32e9fe,持卡人消费,学苑楼商务网关,-8.0,44.27,5025,正常
2016/04/26 19:51:47,7e5d55206f8d441e61eed29e8feddab1d1cf7048,03381b82adbfc9b5e6c3cf421f9a09c3dd32e9fe,持卡人消费,学子便利店A01后楼,-2.5,41.77,5026,正常
2016/04/27 11:23:49,7e5d55206f8d441e61eed29e8feddab1d1cf7048,03381b82adbfc9b5e6c3cf421f9a09c3dd32e9fe,持卡人消费,学士楼商务网关,-9.4,32.37,5027,正常
2016/04/27 17:22:04,7e5d55206f8d441e61eed29e8feddab1d1cf7048,03381b82adbfc9b5e6c3cf421f9a09c3dd32e9fe,持卡人消费,学苑楼商务网关,-7.0,25.37,5028,正常
2016/04/27 17:41:08,7e5d55206f8d441e61eed29e8feddab1d1cf7048,03381b82adbfc9b5e6c3cf421f9a09c3dd32e9fe,持卡人消费,学子便利店A01后楼,-5.0,20.37,5029,正常
2016/04/28 11:33:19,7e5d55206f8d441e61eed29e8feddab1d1cf7048,03381b82adbfc9b5e6c3cf421f9a09c3dd32e9fe,持卡人消费,学苑楼商务网关,-8.0,12.37,5030,正常
2016/04/28 16:21:48,7e5d55206f8d441e61eed29e8feddab1d1cf7048,03381b82adbfc9b5e6c3cf421f9a09c3dd32e9fe,持卡人消费,学子便利店A01后楼,-4.2,8.17,5031,正常
2016/04/28 17:05:34,7e5d55206f8d441e61eed29e8feddab1d1cf7048,03381b82adbfc9b5e6c3cf421f9a09c3dd32e9fe,存款,现金充值机,100.0,108.17,5032,正常
2016/04/28 17:27:53,7e5d55206f8d441e61eed29e8feddab1d1cf7048,03381b82adbfc9b5e6c3cf421f9a09c3dd32e9fe,持卡人消费,学苑楼商务网关,-8.0,100.17,5033,正常
2016/04/28 17:28:55,7e5d55206f8d441e61eed29e8feddab1d1cf7048,03381b82adbfc9b5e6c3cf421f9a09c3dd32e9fe,持卡人消费,学苑楼商务网关,-6.0,94.17,5034,正常
2016/04/28 17:29:49,7e5d55206f8d441e61eed29e8feddab1d1cf7048,03381b82adbfc9b5e6c3cf421f9a09c3dd32e9fe,持卡人消费,学苑楼商务网关,-1.5,92.67,5035,正常
2016/04/28 17:49:14,7e5d55206f8d441e61eed29e8feddab1d1cf7048,03381b82adbfc9b5e6c3cf421f9a09c3dd32e9fe,持卡人消费,学子便利店A01后楼,-5.8,86.87,5036,正常
2016/04/29 09:08:29,7e5d55206f8d441e61eed29e8feddab1d1cf7048,03381b82adbfc9b5e6c3cf421f9a09c3dd32e9fe,持卡人消费,学士楼商务网关,-1.5,85.37,5037,正常
2016/04/29 09:08:59,7e5d55206f8d441e61eed29e8feddab1d1cf7048,03381b82adbfc9b5e6c3cf421f9a09c3dd32e9fe,持卡人消费,学士楼商务网关,-2.7,82.67,5038,正常
2016/04/29 11:38:04,7e5d55206f8d441e61eed29e8feddab1d1cf7048,03381b82adbfc9b5e6c3cf421f9a09c3dd32e9fe,持卡人消费,学苑楼商务网关,-8.0,74.67,5039,正常
2016/04/29 11:39:10,7e5d55206f8d441e61eed29e8feddab1d1cf7048,03381b82adbfc9b5e6c3cf421f9a09c3dd32e9fe,持卡人消费,学苑楼商务网关,-1.5,73.17,5040,正常
2016/04/29 12:01:41,7e5d55206f8d441e61eed29e8feddab1d1cf7048,03381b82adbfc9b5e6c3cf421f9a09c3dd32e9fe,持卡人消费,超市商务子系统,-11.1,62.07,5041,正常
2016/04/29 17:29:29,7e5d55206f8d441e61eed29e8feddab1d1cf7048,03381b82adbfc9b5e6c3cf421f9a09c3dd32e9fe,持卡人消费,学苑楼商务网关,-7.0,55.07,5042,正常
2016/04/30 09:06:53,7e5d55206f8d441e61eed29e8feddab1d1cf7048,03381b82adbfc9b5e6c3cf421f9a09c3dd32e9fe,持卡人消费,学子便利店A01后楼,-4.1,50.97,5043,正常
2016/04/30 11:30:55,7e5d55206f8d441e61eed29e8feddab1d1cf7048,03381b82adbfc9b5e6c3cf421f9a09c3dd32e9fe,持卡人消费,学苑楼商务网关,-8.0,42.97,5044,正常
2016/04/30 14:28:01,7e5d55206f8d441e61eed29e8feddab1d1cf7048,03381b82adbfc9b5e6c3cf421f9a09c3dd32e9fe,持卡人消费,硕果园（工大商店）,-9.0,33.97,5045,正常
2016/04/30 15:03:27,7e5d55206f8d441e61eed29e8feddab1d1cf7048,03381b82adbfc9b5e6c3cf421f9a09c3dd32e9fe,持卡人消费,学子便利店A01后楼,-1.2,32.77,5046,正常
2016/04/30 19:48:48,7e5d55206f8d441e61eed29e8feddab1d1cf7048,03381b82adbfc9b5e6c3cf421f9a09c3dd32e9fe,持卡人消费,15公寓浴池,-1.65,31.12,5048,正常
2016/04/30 20:00:13,7e5d55206f8d441e61eed29e8feddab1d1cf7048,03381b82adbfc9b5e6c3cf421f9a09c3dd32e9fe,持卡人消费,学子便利店A01后楼,-4.2,26.92,5049,正常
