交易发生时间,学号,姓名,交易类型,子系统名称,交易额,现有余额,次数,状态
2016/04/01 08:51:39,1f04cdd2423dc2099d5187cba2b4f1d715cb0f38,03c6ab535e6abe9d059fb6f83e19c4acfa178333,持卡人消费,学士楼商务网关,-3.2,83.57,3614,正常
2016/04/01 08:52:34,1f04cdd2423dc2099d5187cba2b4f1d715cb0f38,03c6ab535e6abe9d059fb6f83e19c4acfa178333,持卡人消费,学士楼商务网关,-0.6,82.97,3615,正常
2016/04/01 09:13:16,1f04cdd2423dc2099d5187cba2b4f1d715cb0f38,03c6ab535e6abe9d059fb6f83e19c4acfa178333,持卡人消费,超市商务子系统,-2.9,80.07,3616,正常
2016/04/01 11:27:52,1f04cdd2423dc2099d5187cba2b4f1d715cb0f38,03c6ab535e6abe9d059fb6f83e19c4acfa178333,持卡人消费,学苑楼商务网关,-3.5,76.57,3617,正常
2016/04/01 17:07:48,1f04cdd2423dc2099d5187cba2b4f1d715cb0f38,03c6ab535e6abe9d059fb6f83e19c4acfa178333,持卡人消费,学苑楼商务网关,-8.8,67.77,3618,正常
2016/04/02 08:58:50,1f04cdd2423dc2099d5187cba2b4f1d715cb0f38,03c6ab535e6abe9d059fb6f83e19c4acfa178333,持卡人消费,学士楼商务网关,-3.2,64.57,3619,正常
2016/04/02 11:53:54,1f04cdd2423dc2099d5187cba2b4f1d715cb0f38,03c6ab535e6abe9d059fb6f83e19c4acfa178333,持卡人消费,学士楼商务网关,-3.2,61.37,3620,正常
2016/04/02 15:01:21,1f04cdd2423dc2099d5187cba2b4f1d715cb0f38,03c6ab535e6abe9d059fb6f83e19c4acfa178333,持卡人消费,15公寓浴池,-1.62,59.75,3622,正常
2016/04/02 15:05:34,1f04cdd2423dc2099d5187cba2b4f1d715cb0f38,03c6ab535e6abe9d059fb6f83e19c4acfa178333,持卡人消费,15公寓浴池,-0.48,59.27,3624,正常
2016/04/03 11:32:05,1f04cdd2423dc2099d5187cba2b4f1d715cb0f38,03c6ab535e6abe9d059fb6f83e19c4acfa178333,持卡人消费,学士楼商务网关,-3.3,55.97,3625,正常
2016/04/03 18:05:10,1f04cdd2423dc2099d5187cba2b4f1d715cb0f38,03c6ab535e6abe9d059fb6f83e19c4acfa178333,持卡人消费,硕果园（工大商店）,-12.0,43.97,3626,正常
2016/04/04 09:34:39,1f04cdd2423dc2099d5187cba2b4f1d715cb0f38,03c6ab535e6abe9d059fb6f83e19c4acfa178333,持卡人消费,学士楼商务网关,-2.4,41.57,3627,正常
2016/04/04 11:36:53,1f04cdd2423dc2099d5187cba2b4f1d715cb0f38,03c6ab535e6abe9d059fb6f83e19c4acfa178333,持卡人消费,学士楼商务网关,-1.4,40.17,3628,正常
2016/04/04 11:38:55,1f04cdd2423dc2099d5187cba2b4f1d715cb0f38,03c6ab535e6abe9d059fb6f83e19c4acfa178333,持卡人消费,学士楼商务网关,-2.0,38.17,3629,正常
2016/04/04 11:55:46,1f04cdd2423dc2099d5187cba2b4f1d715cb0f38,03c6ab535e6abe9d059fb6f83e19c4acfa178333,持卡人消费,硕果园（工大商店）,-8.0,30.17,3630,正常
2016/04/05 08:47:40,1f04cdd2423dc2099d5187cba2b4f1d715cb0f38,03c6ab535e6abe9d059fb6f83e19c4acfa178333,持卡人消费,学士楼商务网关,-2.6,27.57,3631,正常
2016/04/05 09:06:10,1f04cdd2423dc2099d5187cba2b4f1d715cb0f38,03c6ab535e6abe9d059fb6f83e19c4acfa178333,持卡人消费,硕果园（工大商店）,-5.0,22.57,3632,正常
2016/04/05 11:37:26,1f04cdd2423dc2099d5187cba2b4f1d715cb0f38,03c6ab535e6abe9d059fb6f83e19c4acfa178333,持卡人消费,学士楼商务网关,-3.36,19.21,3633,正常
2016/04/05 14:48:48,1f04cdd2423dc2099d5187cba2b4f1d715cb0f38,03c6ab535e6abe9d059fb6f83e19c4acfa178333,持卡人消费,15公寓浴池,-1.34,17.87,3635,正常
2016/04/05 14:52:10,1f04cdd2423dc2099d5187cba2b4f1d715cb0f38,03c6ab535e6abe9d059fb6f83e19c4acfa178333,持卡人消费,15公寓浴池,-0.35,17.52,3637,正常
2016/04/05 17:20:10,1f04cdd2423dc2099d5187cba2b4f1d715cb0f38,03c6ab535e6abe9d059fb6f83e19c4acfa178333,持卡人消费,学士楼商务网关,-7.0,10.52,3638,正常
2016/04/06 08:35:46,1f04cdd2423dc2099d5187cba2b4f1d715cb0f38,03c6ab535e6abe9d059fb6f83e19c4acfa178333,持卡人消费,学士楼商务网关,-3.6,6.92,3639,正常
2016/04/07 08:31:38,1f04cdd2423dc2099d5187cba2b4f1d715cb0f38,03c6ab535e6abe9d059fb6f83e19c4acfa178333,持卡人消费,学士楼商务网关,-2.2,4.72,3640,正常
2016/04/07 17:37:48,1f04cdd2423dc2099d5187cba2b4f1d715cb0f38,03c6ab535e6abe9d059fb6f83e19c4acfa178333,存款,学苑楼综合业务2,200.0,204.72,3641,正常
2016/04/07 17:39:59,1f04cdd2423dc2099d5187cba2b4f1d715cb0f38,03c6ab535e6abe9d059fb6f83e19c4acfa178333,持卡人消费,学苑楼商务网关,-2.0,202.72,3642,正常
2016/04/08 13:24:37,1f04cdd2423dc2099d5187cba2b4f1d715cb0f38,03c6ab535e6abe9d059fb6f83e19c4acfa178333,持卡人消费,学士楼商务网关,-6.0,196.72,3643,正常
2016/04/08 17:28:36,1f04cdd2423dc2099d5187cba2b4f1d715cb0f38,03c6ab535e6abe9d059fb6f83e19c4acfa178333,持卡人消费,学苑楼商务网关,-1.0,195.72,3644,正常
2016/04/08 17:30:50,1f04cdd2423dc2099d5187cba2b4f1d715cb0f38,03c6ab535e6abe9d059fb6f83e19c4acfa178333,持卡人消费,学苑楼商务网关,-2.0,193.72,3645,正常
2016/04/09 09:06:13,1f04cdd2423dc2099d5187cba2b4f1d715cb0f38,03c6ab535e6abe9d059fb6f83e19c4acfa178333,持卡人消费,学士楼商务网关,-3.2,190.52,3646,正常
2016/04/09 11:24:55,1f04cdd2423dc2099d5187cba2b4f1d715cb0f38,03c6ab535e6abe9d059fb6f83e19c4acfa178333,持卡人消费,学士楼商务网关,-4.6,185.92,3647,正常
2016/04/10 09:12:07,1f04cdd2423dc2099d5187cba2b4f1d715cb0f38,03c6ab535e6abe9d059fb6f83e19c4acfa178333,持卡人消费,学士楼商务网关,-3.2,182.72,3648,正常
2016/04/10 11:35:55,1f04cdd2423dc2099d5187cba2b4f1d715cb0f38,03c6ab535e6abe9d059fb6f83e19c4acfa178333,持卡人消费,学苑楼商务网关,-8.0,174.72,3649,正常
2016/04/10 15:05:24,1f04cdd2423dc2099d5187cba2b4f1d715cb0f38,03c6ab535e6abe9d059fb6f83e19c4acfa178333,持卡人消费,15公寓浴池,-0.14,174.58,3651,正常
2016/04/10 15:11:27,1f04cdd2423dc2099d5187cba2b4f1d715cb0f38,03c6ab535e6abe9d059fb6f83e19c4acfa178333,持卡人消费,15公寓浴池,-1.15,173.43,3653,正常
2016/04/10 17:33:21,1f04cdd2423dc2099d5187cba2b4f1d715cb0f38,03c6ab535e6abe9d059fb6f83e19c4acfa178333,持卡人消费,学士楼商务网关,-3.0,170.43,3654,正常
2016/04/11 09:20:55,1f04cdd2423dc2099d5187cba2b4f1d715cb0f38,03c6ab535e6abe9d059fb6f83e19c4acfa178333,持卡人消费,学士楼商务网关,-2.6,167.83,3655,正常
2016/04/11 09:21:31,1f04cdd2423dc2099d5187cba2b4f1d715cb0f38,03c6ab535e6abe9d059fb6f83e19c4acfa178333,持卡人消费,学士楼商务网关,-0.6,167.23,3656,正常
2016/04/11 11:38:49,1f04cdd2423dc2099d5187cba2b4f1d715cb0f38,03c6ab535e6abe9d059fb6f83e19c4acfa178333,持卡人消费,学苑楼商务网关,-1.0,166.23,3657,正常
2016/04/11 11:41:40,1f04cdd2423dc2099d5187cba2b4f1d715cb0f38,03c6ab535e6abe9d059fb6f83e19c4acfa178333,持卡人消费,学苑楼商务网关,-3.5,162.73,3658,正常
2016/04/12 09:34:49,1f04cdd2423dc2099d5187cba2b4f1d715cb0f38,03c6ab535e6abe9d059fb6f83e19c4acfa178333,持卡人消费,学士楼商务网关,-2.6,160.13,3659,正常
2016/04/12 09:35:30,1f04cdd2423dc2099d5187cba2b4f1d715cb0f38,03c6ab535e6abe9d059fb6f83e19c4acfa178333,持卡人消费,学士楼商务网关,-0.6,159.53,3660,正常
2016/04/12 11:36:56,1f04cdd2423dc2099d5187cba2b4f1d715cb0f38,03c6ab535e6abe9d059fb6f83e19c4acfa178333,持卡人消费,学苑楼商务网关,-4.0,155.53,3661,正常
2016/04/12 11:54:16,1f04cdd2423dc2099d5187cba2b4f1d715cb0f38,03c6ab535e6abe9d059fb6f83e19c4acfa178333,持卡人消费,硕果园（工大商店）,-2.0,153.53,3662,正常
2016/04/12 14:31:55,1f04cdd2423dc2099d5187cba2b4f1d715cb0f38,03c6ab535e6abe9d059fb6f83e19c4acfa178333,持卡人消费,15公寓浴池,-2.0,151.53,3663,正常
2016/04/12 14:33:12,1f04cdd2423dc2099d5187cba2b4f1d715cb0f38,03c6ab535e6abe9d059fb6f83e19c4acfa178333,持卡人消费,15公寓浴池,-0.24,151.29,3665,正常
2016/04/12 14:34:28,1f04cdd2423dc2099d5187cba2b4f1d715cb0f38,03c6ab535e6abe9d059fb6f83e19c4acfa178333,持卡人消费,15公寓浴池,-0.19,151.10,3667,正常
2016/04/12 17:21:22,1f04cdd2423dc2099d5187cba2b4f1d715cb0f38,03c6ab535e6abe9d059fb6f83e19c4acfa178333,持卡人消费,学士楼商务网关,-4.4,146.70,3668,正常
2016/04/12 20:27:25,1f04cdd2423dc2099d5187cba2b4f1d715cb0f38,03c6ab535e6abe9d059fb6f83e19c4acfa178333,持卡人消费,A2,-18.0,128.70,3669,正常
2016/04/13 09:35:50,1f04cdd2423dc2099d5187cba2b4f1d715cb0f38,03c6ab535e6abe9d059fb6f83e19c4acfa178333,持卡人消费,学士楼商务网关,-1.6,127.10,3670,正常
2016/04/13 09:36:30,1f04cdd2423dc2099d5187cba2b4f1d715cb0f38,03c6ab535e6abe9d059fb6f83e19c4acfa178333,持卡人消费,学士楼商务网关,-0.6,126.50,3671,正常
2016/04/13 12:03:01,1f04cdd2423dc2099d5187cba2b4f1d715cb0f38,03c6ab535e6abe9d059fb6f83e19c4acfa178333,持卡人消费,身份前置机,-2.11,124.39,3672,正常
2016/04/13 12:07:04,1f04cdd2423dc2099d5187cba2b4f1d715cb0f38,03c6ab535e6abe9d059fb6f83e19c4acfa178333,持卡人消费,学苑楼商务网关,-3.0,121.39,3673,正常
2016/04/13 12:09:36,1f04cdd2423dc2099d5187cba2b4f1d715cb0f38,03c6ab535e6abe9d059fb6f83e19c4acfa178333,持卡人消费,学苑楼商务网关,-2.5,118.89,3674,正常
2016/04/13 17:12:50,1f04cdd2423dc2099d5187cba2b4f1d715cb0f38,03c6ab535e6abe9d059fb6f83e19c4acfa178333,持卡人消费,学士楼商务网关,-3.8,115.09,3675,正常
2016/04/14 08:58:24,1f04cdd2423dc2099d5187cba2b4f1d715cb0f38,03c6ab535e6abe9d059fb6f83e19c4acfa178333,持卡人消费,学士楼商务网关,-2.2,112.89,3676,正常
2016/04/14 11:35:37,1f04cdd2423dc2099d5187cba2b4f1d715cb0f38,03c6ab535e6abe9d059fb6f83e19c4acfa178333,持卡人消费,学苑楼商务网关,-8.0,104.89,3677,正常
2016/04/14 17:31:48,1f04cdd2423dc2099d5187cba2b4f1d715cb0f38,03c6ab535e6abe9d059fb6f83e19c4acfa178333,持卡人消费,学苑楼商务网关,-6.0,98.89,3678,正常
2016/04/15 08:34:50,1f04cdd2423dc2099d5187cba2b4f1d715cb0f38,03c6ab535e6abe9d059fb6f83e19c4acfa178333,持卡人消费,学士楼商务网关,-2.2,96.69,3679,正常
2016/04/15 18:31:41,1f04cdd2423dc2099d5187cba2b4f1d715cb0f38,03c6ab535e6abe9d059fb6f83e19c4acfa178333,持卡人消费,学士楼商务网关,-7.0,89.69,3680,正常
2016/04/16 04:28:43,1f04cdd2423dc2099d5187cba2b4f1d715cb0f38,03c6ab535e6abe9d059fb6f83e19c4acfa178333,持卡人消费,学士楼商务网关,-3.0,86.69,3681,正常
2016/04/16 17:29:07,1f04cdd2423dc2099d5187cba2b4f1d715cb0f38,03c6ab535e6abe9d059fb6f83e19c4acfa178333,持卡人消费,学士楼商务网关,-1.3,85.39,3682,正常
2016/04/16 04:42:39,1f04cdd2423dc2099d5187cba2b4f1d715cb0f38,03c6ab535e6abe9d059fb6f83e19c4acfa178333,持卡人消费,学士楼商务网关,-1.6,83.79,3683,正常
2016/04/17 11:56:16,1f04cdd2423dc2099d5187cba2b4f1d715cb0f38,03c6ab535e6abe9d059fb6f83e19c4acfa178333,持卡人消费,学士楼商务网关,-3.3,80.49,3684,正常
2016/04/17 17:42:18,1f04cdd2423dc2099d5187cba2b4f1d715cb0f38,03c6ab535e6abe9d059fb6f83e19c4acfa178333,持卡人消费,学苑楼商务网关,-5.0,75.49,3685,正常
2016/04/18 09:04:40,1f04cdd2423dc2099d5187cba2b4f1d715cb0f38,03c6ab535e6abe9d059fb6f83e19c4acfa178333,持卡人消费,学士楼商务网关,-2.2,73.29,3686,正常
2016/04/18 11:36:58,1f04cdd2423dc2099d5187cba2b4f1d715cb0f38,03c6ab535e6abe9d059fb6f83e19c4acfa178333,持卡人消费,学苑楼商务网关,-3.0,70.29,3687,正常
2016/04/18 11:39:34,1f04cdd2423dc2099d5187cba2b4f1d715cb0f38,03c6ab535e6abe9d059fb6f83e19c4acfa178333,持卡人消费,学苑楼商务网关,-2.0,68.29,3688,正常
2016/04/18 17:23:45,1f04cdd2423dc2099d5187cba2b4f1d715cb0f38,03c6ab535e6abe9d059fb6f83e19c4acfa178333,持卡人消费,学苑楼商务网关,-6.0,62.29,3689,正常
2016/04/19 09:09:18,1f04cdd2423dc2099d5187cba2b4f1d715cb0f38,03c6ab535e6abe9d059fb6f83e19c4acfa178333,持卡人消费,学士楼商务网关,-0.8,61.49,3690,正常
2016/04/19 11:36:37,1f04cdd2423dc2099d5187cba2b4f1d715cb0f38,03c6ab535e6abe9d059fb6f83e19c4acfa178333,持卡人消费,学苑楼商务网关,-8.0,53.49,3691,正常
2016/04/20 08:19:36,1f04cdd2423dc2099d5187cba2b4f1d715cb0f38,03c6ab535e6abe9d059fb6f83e19c4acfa178333,持卡人消费,学士楼商务网关,-3.2,50.29,3692,正常
2016/04/20 11:36:16,1f04cdd2423dc2099d5187cba2b4f1d715cb0f38,03c6ab535e6abe9d059fb6f83e19c4acfa178333,持卡人消费,学苑楼商务网关,-8.0,42.29,3693,正常
2016/04/20 16:59:47,1f04cdd2423dc2099d5187cba2b4f1d715cb0f38,03c6ab535e6abe9d059fb6f83e19c4acfa178333,持卡人消费,超市商务子系统,-0.9,41.39,3694,正常
2016/04/20 17:03:37,1f04cdd2423dc2099d5187cba2b4f1d715cb0f38,03c6ab535e6abe9d059fb6f83e19c4acfa178333,持卡人消费,学士楼商务网关,-6.3,35.09,3695,正常
2016/04/21 07:46:32,1f04cdd2423dc2099d5187cba2b4f1d715cb0f38,03c6ab535e6abe9d059fb6f83e19c4acfa178333,持卡人消费,学士楼商务网关,-2.6,32.49,3696,正常
2016/04/21 07:46:38,1f04cdd2423dc2099d5187cba2b4f1d715cb0f38,03c6ab535e6abe9d059fb6f83e19c4acfa178333,持卡人消费,学士楼商务网关,-0.6,31.89,3697,正常
2016/04/21 07:48:14,1f04cdd2423dc2099d5187cba2b4f1d715cb0f38,03c6ab535e6abe9d059fb6f83e19c4acfa178333,持卡人消费,学士楼商务网关,-0.5,31.39,3698,正常
2016/04/21 11:30:35,1f04cdd2423dc2099d5187cba2b4f1d715cb0f38,03c6ab535e6abe9d059fb6f83e19c4acfa178333,持卡人消费,学苑楼商务网关,-6.0,25.39,3699,正常
2016/04/21 11:51:34,1f04cdd2423dc2099d5187cba2b4f1d715cb0f38,03c6ab535e6abe9d059fb6f83e19c4acfa178333,持卡人消费,超市商务子系统,-2.0,23.39,3700,正常
2016/04/22 09:23:50,1f04cdd2423dc2099d5187cba2b4f1d715cb0f38,03c6ab535e6abe9d059fb6f83e19c4acfa178333,持卡人消费,学士楼商务网关,-1.2,22.19,3701,正常
2016/04/22 09:24:48,1f04cdd2423dc2099d5187cba2b4f1d715cb0f38,03c6ab535e6abe9d059fb6f83e19c4acfa178333,持卡人消费,学士楼商务网关,-0.4,21.79,3702,正常
2016/04/22 12:09:27,1f04cdd2423dc2099d5187cba2b4f1d715cb0f38,03c6ab535e6abe9d059fb6f83e19c4acfa178333,持卡人消费,学苑楼商务网关,-2.0,19.79,3703,正常
2016/04/22 12:09:37,1f04cdd2423dc2099d5187cba2b4f1d715cb0f38,03c6ab535e6abe9d059fb6f83e19c4acfa178333,持卡人消费,学苑楼商务网关,-0.1,19.69,3704,正常
2016/04/22 12:10:38,1f04cdd2423dc2099d5187cba2b4f1d715cb0f38,03c6ab535e6abe9d059fb6f83e19c4acfa178333,持卡人消费,学苑楼商务网关,-2.5,17.19,3705,正常
2016/04/22 12:11:48,1f04cdd2423dc2099d5187cba2b4f1d715cb0f38,03c6ab535e6abe9d059fb6f83e19c4acfa178333,持卡人消费,学苑楼商务网关,-1.0,16.19,3706,正常
2016/04/22 17:29:55,1f04cdd2423dc2099d5187cba2b4f1d715cb0f38,03c6ab535e6abe9d059fb6f83e19c4acfa178333,持卡人消费,学士楼商务网关,-8.0,8.19,3707,正常
2016/04/23 11:47:20,1f04cdd2423dc2099d5187cba2b4f1d715cb0f38,03c6ab535e6abe9d059fb6f83e19c4acfa178333,持卡人消费,学苑楼商务网关,-3.5,4.69,3708,正常
2016/04/23 17:27:24,1f04cdd2423dc2099d5187cba2b4f1d715cb0f38,03c6ab535e6abe9d059fb6f83e19c4acfa178333,持卡人消费,学苑楼商务网关,-1.0,3.69,3709,正常
2016/04/24 08:58:58,1f04cdd2423dc2099d5187cba2b4f1d715cb0f38,03c6ab535e6abe9d059fb6f83e19c4acfa178333,持卡人消费,学士楼商务网关,-2.2,1.49,3710,正常
2016/04/24 17:24:59,1f04cdd2423dc2099d5187cba2b4f1d715cb0f38,03c6ab535e6abe9d059fb6f83e19c4acfa178333,存款,现金充值机,200.0,201.49,3711,正常
2016/04/24 17:46:24,1f04cdd2423dc2099d5187cba2b4f1d715cb0f38,03c6ab535e6abe9d059fb6f83e19c4acfa178333,持卡人消费,学苑楼商务网关,-6.0,195.49,3712,正常
2016/04/25 09:35:32,1f04cdd2423dc2099d5187cba2b4f1d715cb0f38,03c6ab535e6abe9d059fb6f83e19c4acfa178333,持卡人消费,学士楼商务网关,-2.1,193.39,3713,正常
2016/04/25 09:40:33,1f04cdd2423dc2099d5187cba2b4f1d715cb0f38,03c6ab535e6abe9d059fb6f83e19c4acfa178333,持卡人消费,学士楼商务网关,-0.6,192.79,3714,正常
2016/04/25 12:07:28,1f04cdd2423dc2099d5187cba2b4f1d715cb0f38,03c6ab535e6abe9d059fb6f83e19c4acfa178333,持卡人消费,学苑楼商务网关,-6.0,186.79,3715,正常
2016/04/25 17:16:32,1f04cdd2423dc2099d5187cba2b4f1d715cb0f38,03c6ab535e6abe9d059fb6f83e19c4acfa178333,持卡人消费,学苑楼商务网关,-7.0,179.79,3716,正常
2016/04/26 07:37:08,1f04cdd2423dc2099d5187cba2b4f1d715cb0f38,03c6ab535e6abe9d059fb6f83e19c4acfa178333,持卡人消费,学士楼商务网关,-2.5,177.29,3717,正常
2016/04/26 07:38:18,1f04cdd2423dc2099d5187cba2b4f1d715cb0f38,03c6ab535e6abe9d059fb6f83e19c4acfa178333,持卡人消费,学士楼商务网关,-0.5,176.79,3718,正常
2016/04/26 16:00:18,1f04cdd2423dc2099d5187cba2b4f1d715cb0f38,03c6ab535e6abe9d059fb6f83e19c4acfa178333,持卡人消费,15公寓浴池,-2.0,174.79,3719,正常
2016/04/26 16:02:18,1f04cdd2423dc2099d5187cba2b4f1d715cb0f38,03c6ab535e6abe9d059fb6f83e19c4acfa178333,持卡人消费,15公寓浴池,-0.16,174.63,3721,正常
2016/04/26 16:06:05,1f04cdd2423dc2099d5187cba2b4f1d715cb0f38,03c6ab535e6abe9d059fb6f83e19c4acfa178333,持卡人消费,15公寓浴池,-0.54,174.09,3723,正常
2016/04/26 18:07:58,1f04cdd2423dc2099d5187cba2b4f1d715cb0f38,03c6ab535e6abe9d059fb6f83e19c4acfa178333,持卡人消费,学士楼商务网关,-2.0,172.09,3724,正常
2016/04/26 18:20:11,1f04cdd2423dc2099d5187cba2b4f1d715cb0f38,03c6ab535e6abe9d059fb6f83e19c4acfa178333,持卡人消费,学士楼商务网关,-1.3,170.79,3725,正常
2016/04/27 09:01:27,1f04cdd2423dc2099d5187cba2b4f1d715cb0f38,03c6ab535e6abe9d059fb6f83e19c4acfa178333,持卡人消费,学士楼商务网关,-2.2,168.59,3726,正常
2016/04/27 09:13:14,1f04cdd2423dc2099d5187cba2b4f1d715cb0f38,03c6ab535e6abe9d059fb6f83e19c4acfa178333,持卡人消费,A2,-3.0,165.59,3727,正常
2016/04/27 09:13:22,1f04cdd2423dc2099d5187cba2b4f1d715cb0f38,03c6ab535e6abe9d059fb6f83e19c4acfa178333,持卡人消费,A2,-3.0,162.59,3728,正常
2016/04/27 12:21:04,1f04cdd2423dc2099d5187cba2b4f1d715cb0f38,03c6ab535e6abe9d059fb6f83e19c4acfa178333,持卡人消费,硕果园（工大商店）,-5.0,157.59,3729,正常
2016/04/27 17:55:22,1f04cdd2423dc2099d5187cba2b4f1d715cb0f38,03c6ab535e6abe9d059fb6f83e19c4acfa178333,持卡人消费,学士楼商务网关,-2.7,154.89,3730,正常
2016/04/28 08:38:37,1f04cdd2423dc2099d5187cba2b4f1d715cb0f38,03c6ab535e6abe9d059fb6f83e19c4acfa178333,持卡人消费,学士楼商务网关,-2.2,152.69,3731,正常
2016/04/28 08:39:44,1f04cdd2423dc2099d5187cba2b4f1d715cb0f38,03c6ab535e6abe9d059fb6f83e19c4acfa178333,持卡人消费,学士楼商务网关,-0.6,152.09,3732,正常
2016/04/28 12:06:39,1f04cdd2423dc2099d5187cba2b4f1d715cb0f38,03c6ab535e6abe9d059fb6f83e19c4acfa178333,持卡人消费,学苑楼商务网关,-7.0,145.09,3733,正常
2016/04/28 12:28:01,1f04cdd2423dc2099d5187cba2b4f1d715cb0f38,03c6ab535e6abe9d059fb6f83e19c4acfa178333,持卡人消费,硕果园（工大商店）,-12.0,133.09,3734,正常
2016/04/28 16:51:50,1f04cdd2423dc2099d5187cba2b4f1d715cb0f38,03c6ab535e6abe9d059fb6f83e19c4acfa178333,持卡人消费,15公寓浴池,-1.39,131.70,3736,正常
2016/04/28 16:57:37,1f04cdd2423dc2099d5187cba2b4f1d715cb0f38,03c6ab535e6abe9d059fb6f83e19c4acfa178333,持卡人消费,15公寓浴池,-0.62,131.08,3738,正常
2016/04/28 17:01:57,1f04cdd2423dc2099d5187cba2b4f1d715cb0f38,03c6ab535e6abe9d059fb6f83e19c4acfa178333,持卡人消费,15公寓浴池,-0.8,130.28,3740,正常
2016/04/28 17:43:58,1f04cdd2423dc2099d5187cba2b4f1d715cb0f38,03c6ab535e6abe9d059fb6f83e19c4acfa178333,持卡人消费,学苑楼商务网关,-3.0,127.28,3741,正常
2016/04/29 08:38:50,1f04cdd2423dc2099d5187cba2b4f1d715cb0f38,03c6ab535e6abe9d059fb6f83e19c4acfa178333,持卡人消费,学士楼商务网关,-3.2,124.08,3742,正常
2016/04/29 08:39:33,1f04cdd2423dc2099d5187cba2b4f1d715cb0f38,03c6ab535e6abe9d059fb6f83e19c4acfa178333,持卡人消费,学士楼商务网关,-0.6,123.48,3743,正常
2016/04/29 11:58:54,1f04cdd2423dc2099d5187cba2b4f1d715cb0f38,03c6ab535e6abe9d059fb6f83e19c4acfa178333,持卡人消费,学苑楼商务网关,-3.0,120.48,3744,正常
2016/04/29 12:00:27,1f04cdd2423dc2099d5187cba2b4f1d715cb0f38,03c6ab535e6abe9d059fb6f83e19c4acfa178333,持卡人消费,学苑楼商务网关,-3.5,116.98,3745,正常
2016/04/29 12:17:27,1f04cdd2423dc2099d5187cba2b4f1d715cb0f38,03c6ab535e6abe9d059fb6f83e19c4acfa178333,持卡人消费,硕果园（工大商店）,-2.3,114.68,3746,正常
2016/04/29 17:45:02,1f04cdd2423dc2099d5187cba2b4f1d715cb0f38,03c6ab535e6abe9d059fb6f83e19c4acfa178333,持卡人消费,学士楼商务网关,-3.7,110.98,3747,正常
2016/04/29 17:45:20,1f04cdd2423dc2099d5187cba2b4f1d715cb0f38,03c6ab535e6abe9d059fb6f83e19c4acfa178333,持卡人消费,学士楼商务网关,-0.5,110.48,3748,正常
2016/04/30 08:33:26,1f04cdd2423dc2099d5187cba2b4f1d715cb0f38,03c6ab535e6abe9d059fb6f83e19c4acfa178333,持卡人消费,学士楼商务网关,-3.6,106.88,3749,正常
2016/04/30 11:27:49,1f04cdd2423dc2099d5187cba2b4f1d715cb0f38,03c6ab535e6abe9d059fb6f83e19c4acfa178333,持卡人消费,学士楼商务网关,-3.6,103.28,3750,正常
2016/04/30 13:46:14,1f04cdd2423dc2099d5187cba2b4f1d715cb0f38,03c6ab535e6abe9d059fb6f83e19c4acfa178333,持卡人消费,15公寓浴池,-2.0,101.28,3751,正常
2016/04/26 17:51:00,1f04cdd2423dc2099d5187cba2b4f1d715cb0f38,03c6ab535e6abe9d059fb6f83e19c4acfa178333,持卡人消费,学士楼商务网关,-4.7,96.58,3752,正常
