交易发生时间,学号,姓名,交易类型,子系统名称,交易额,现有余额,次数,状态
2016/04/04 19:40:08,8eb5376ecb2c0a1dfa3be40707ea553a9c41d8e2,03fb3f5393357152ea076c53a3eae1dd2c739d2e,持卡人消费,超市商务子系统,-17.3,13.48,2776,正常
2016/04/04 19:42:28,8eb5376ecb2c0a1dfa3be40707ea553a9c41d8e2,03fb3f5393357152ea076c53a3eae1dd2c739d2e,持卡人消费,超市商务子系统,-3.0,10.48,2777,正常
2016/04/05 10:57:30,8eb5376ecb2c0a1dfa3be40707ea553a9c41d8e2,03fb3f5393357152ea076c53a3eae1dd2c739d2e,存款,现金充值机,100.0,110.48,2778,正常
2016/04/05 11:18:28,8eb5376ecb2c0a1dfa3be40707ea553a9c41d8e2,03fb3f5393357152ea076c53a3eae1dd2c739d2e,持卡人消费,南苑网关,-9.36,101.12,2779,正常
2016/04/05 11:40:39,8eb5376ecb2c0a1dfa3be40707ea553a9c41d8e2,03fb3f5393357152ea076c53a3eae1dd2c739d2e,持卡人消费,南苑网关,-6.0,95.12,2780,正常
2016/04/07 11:19:34,8eb5376ecb2c0a1dfa3be40707ea553a9c41d8e2,03fb3f5393357152ea076c53a3eae1dd2c739d2e,持卡人消费,南苑网关,-11.28,83.84,2781,正常
2016/04/07 21:14:48,8eb5376ecb2c0a1dfa3be40707ea553a9c41d8e2,03fb3f5393357152ea076c53a3eae1dd2c739d2e,持卡人消费,超市商务子系统,-11.0,72.84,2782,正常
2016/04/07 21:23:02,8eb5376ecb2c0a1dfa3be40707ea553a9c41d8e2,03fb3f5393357152ea076c53a3eae1dd2c739d2e,持卡人消费,超市商务子系统,-13.6,59.24,2783,正常
2016/04/07 21:27:19,8eb5376ecb2c0a1dfa3be40707ea553a9c41d8e2,03fb3f5393357152ea076c53a3eae1dd2c739d2e,持卡人消费,超市商务子系统,-8.0,51.24,2784,正常
2016/04/07 21:30:30,8eb5376ecb2c0a1dfa3be40707ea553a9c41d8e2,03fb3f5393357152ea076c53a3eae1dd2c739d2e,持卡人消费,超市商务子系统,-27.4,23.84,2785,正常
2016/04/08 11:13:52,8eb5376ecb2c0a1dfa3be40707ea553a9c41d8e2,03fb3f5393357152ea076c53a3eae1dd2c739d2e,持卡人消费,南苑网关,-0.2,23.64,2786,正常
2016/04/08 11:14:15,8eb5376ecb2c0a1dfa3be40707ea553a9c41d8e2,03fb3f5393357152ea076c53a3eae1dd2c739d2e,持卡人消费,南苑网关,-10.32,13.32,2787,正常
2016/04/09 12:34:11,8eb5376ecb2c0a1dfa3be40707ea553a9c41d8e2,03fb3f5393357152ea076c53a3eae1dd2c739d2e,持卡人消费,15公寓浴池,-1.3,12.02,2789,正常
2016/04/09 12:48:00,8eb5376ecb2c0a1dfa3be40707ea553a9c41d8e2,03fb3f5393357152ea076c53a3eae1dd2c739d2e,持卡人消费,15公寓浴池,-1.28,10.74,2791,正常
2016/04/09 12:48:53,8eb5376ecb2c0a1dfa3be40707ea553a9c41d8e2,03fb3f5393357152ea076c53a3eae1dd2c739d2e,持卡人消费,15公寓浴池,-0.13,10.61,2793,正常
2016/04/09 16:39:25,8eb5376ecb2c0a1dfa3be40707ea553a9c41d8e2,03fb3f5393357152ea076c53a3eae1dd2c739d2e,持卡人消费,超市商务子系统,-6.0,4.61,2794,正常
2016/04/09 21:21:13,8eb5376ecb2c0a1dfa3be40707ea553a9c41d8e2,03fb3f5393357152ea076c53a3eae1dd2c739d2e,持卡人消费,超市商务子系统,-2.4,2.21,2795,正常
2016/04/10 21:21:05,8eb5376ecb2c0a1dfa3be40707ea553a9c41d8e2,03fb3f5393357152ea076c53a3eae1dd2c739d2e,持卡人消费,超市商务子系统,-0.8,1.41,2796,正常
2016/04/13 10:58:58,8eb5376ecb2c0a1dfa3be40707ea553a9c41d8e2,03fb3f5393357152ea076c53a3eae1dd2c739d2e,存款,现金充值机,100.0,101.41,2797,正常
2016/04/13 11:23:27,8eb5376ecb2c0a1dfa3be40707ea553a9c41d8e2,03fb3f5393357152ea076c53a3eae1dd2c739d2e,持卡人消费,南苑网关,-7.68,93.73,2798,正常
2016/04/13 23:13:33,8eb5376ecb2c0a1dfa3be40707ea553a9c41d8e2,03fb3f5393357152ea076c53a3eae1dd2c739d2e,持卡人消费,A18,-3.0,90.73,2799,正常
2016/04/15 16:46:17,8eb5376ecb2c0a1dfa3be40707ea553a9c41d8e2,03fb3f5393357152ea076c53a3eae1dd2c739d2e,持卡人消费,学苑楼商务网关,-6.0,84.73,2800,正常
2016/04/15 17:26:55,8eb5376ecb2c0a1dfa3be40707ea553a9c41d8e2,03fb3f5393357152ea076c53a3eae1dd2c739d2e,持卡人消费,超市商务子系统,-8.0,76.73,2801,正常
2016/04/16 17:34:49,8eb5376ecb2c0a1dfa3be40707ea553a9c41d8e2,03fb3f5393357152ea076c53a3eae1dd2c739d2e,持卡人消费,学苑楼商务网关,-5.0,71.73,2802,正常
2016/04/16 17:37:48,8eb5376ecb2c0a1dfa3be40707ea553a9c41d8e2,03fb3f5393357152ea076c53a3eae1dd2c739d2e,持卡人消费,学苑楼商务网关,-0.8,70.93,2803,正常
2016/04/16 18:07:18,8eb5376ecb2c0a1dfa3be40707ea553a9c41d8e2,03fb3f5393357152ea076c53a3eae1dd2c739d2e,持卡人消费,硕果园（工大商店）,-9.0,61.93,2804,正常
2016/04/17 00:13:40,8eb5376ecb2c0a1dfa3be40707ea553a9c41d8e2,03fb3f5393357152ea076c53a3eae1dd2c739d2e,持卡人消费,网络中心,-30.0,31.93,2805,正常
2016/04/17 11:41:28,8eb5376ecb2c0a1dfa3be40707ea553a9c41d8e2,03fb3f5393357152ea076c53a3eae1dd2c739d2e,持卡人消费,学苑楼商务网关,-7.0,24.93,2806,正常
2016/04/17 12:44:07,8eb5376ecb2c0a1dfa3be40707ea553a9c41d8e2,03fb3f5393357152ea076c53a3eae1dd2c739d2e,持卡人消费,15公寓浴池,-1.15,23.78,2808,正常
2016/04/17 12:57:15,8eb5376ecb2c0a1dfa3be40707ea553a9c41d8e2,03fb3f5393357152ea076c53a3eae1dd2c739d2e,持卡人消费,15公寓浴池,-1.28,22.50,2810,正常
2016/04/17 22:00:18,8eb5376ecb2c0a1dfa3be40707ea553a9c41d8e2,03fb3f5393357152ea076c53a3eae1dd2c739d2e,持卡人消费,硕果园（工大商店）,-5.2,17.30,2811,正常
2016/04/17 22:00:25,8eb5376ecb2c0a1dfa3be40707ea553a9c41d8e2,03fb3f5393357152ea076c53a3eae1dd2c739d2e,持卡人消费,硕果园（工大商店）,-5.0,12.30,2812,正常
2016/04/18 11:22:37,8eb5376ecb2c0a1dfa3be40707ea553a9c41d8e2,03fb3f5393357152ea076c53a3eae1dd2c739d2e,持卡人消费,南苑网关,-7.92,4.38,2813,正常
2016/04/20 11:00:11,8eb5376ecb2c0a1dfa3be40707ea553a9c41d8e2,03fb3f5393357152ea076c53a3eae1dd2c739d2e,存款,现金充值机,100.0,104.38,2814,正常
2016/04/20 11:21:19,8eb5376ecb2c0a1dfa3be40707ea553a9c41d8e2,03fb3f5393357152ea076c53a3eae1dd2c739d2e,持卡人消费,南苑网关,-6.6,97.78,2815,正常
2016/04/21 11:02:29,8eb5376ecb2c0a1dfa3be40707ea553a9c41d8e2,03fb3f5393357152ea076c53a3eae1dd2c739d2e,持卡人消费,学苑楼商务网关,-8.0,89.78,2816,正常
2016/04/21 11:36:32,8eb5376ecb2c0a1dfa3be40707ea553a9c41d8e2,03fb3f5393357152ea076c53a3eae1dd2c739d2e,持卡人消费,超市商务子系统,-8.2,81.58,2817,正常
2016/04/21 22:08:49,8eb5376ecb2c0a1dfa3be40707ea553a9c41d8e2,03fb3f5393357152ea076c53a3eae1dd2c739d2e,持卡人消费,硕果园（工大商店）,-9.0,72.58,2818,正常
2016/04/24 20:46:49,8eb5376ecb2c0a1dfa3be40707ea553a9c41d8e2,03fb3f5393357152ea076c53a3eae1dd2c739d2e,持卡人消费,超市商务子系统,-3.7,68.88,2819,正常
2016/04/24 20:51:40,8eb5376ecb2c0a1dfa3be40707ea553a9c41d8e2,03fb3f5393357152ea076c53a3eae1dd2c739d2e,持卡人消费,超市商务子系统,-15.0,53.88,2820,正常
2016/04/25 16:46:32,8eb5376ecb2c0a1dfa3be40707ea553a9c41d8e2,03fb3f5393357152ea076c53a3eae1dd2c739d2e,持卡人消费,学苑楼商务网关,-7.0,46.88,2821,正常
2016/04/25 17:06:08,8eb5376ecb2c0a1dfa3be40707ea553a9c41d8e2,03fb3f5393357152ea076c53a3eae1dd2c739d2e,持卡人消费,学苑楼商务网关,-6.0,40.88,2822,正常
2016/04/25 17:09:23,8eb5376ecb2c0a1dfa3be40707ea553a9c41d8e2,03fb3f5393357152ea076c53a3eae1dd2c739d2e,持卡人消费,超市商务子系统,-14.0,26.88,2823,正常
2016/04/26 11:23:18,8eb5376ecb2c0a1dfa3be40707ea553a9c41d8e2,03fb3f5393357152ea076c53a3eae1dd2c739d2e,持卡人消费,南苑网关,-7.68,19.20,2824,正常
2016/04/27 16:49:12,8eb5376ecb2c0a1dfa3be40707ea553a9c41d8e2,03fb3f5393357152ea076c53a3eae1dd2c739d2e,持卡人消费,超市商务子系统,-10.0,9.20,2825,正常
2016/04/27 16:51:04,8eb5376ecb2c0a1dfa3be40707ea553a9c41d8e2,03fb3f5393357152ea076c53a3eae1dd2c739d2e,持卡人消费,学苑楼商务网关,-7.0,2.20,2826,正常
