交易发生时间,学号,姓名,交易类型,子系统名称,交易额,现有余额,次数,状态
2016/04/05 14:55:11,5bb5c0556a163b3bca1ea0e7fbbc792ae17b568b,03fe7455f40ecb6ef22a4b751deb9fceab27a2dd,持卡人消费,学子便利店A01后楼,-11.9,58.86,3542,正常
2016/04/05 19:52:11,5bb5c0556a163b3bca1ea0e7fbbc792ae17b568b,03fe7455f40ecb6ef22a4b751deb9fceab27a2dd,持卡人消费,15公寓浴池,-2.0,56.86,3543,正常
2016/04/05 19:55:01,5bb5c0556a163b3bca1ea0e7fbbc792ae17b568b,03fe7455f40ecb6ef22a4b751deb9fceab27a2dd,持卡人消费,15公寓浴池,-0.51,56.35,3545,正常
2016/04/08 12:04:33,5bb5c0556a163b3bca1ea0e7fbbc792ae17b568b,03fe7455f40ecb6ef22a4b751deb9fceab27a2dd,持卡人消费,学子便利店A01后楼,-2.0,54.35,3546,正常
2016/04/08 20:33:16,5bb5c0556a163b3bca1ea0e7fbbc792ae17b568b,03fe7455f40ecb6ef22a4b751deb9fceab27a2dd,持卡人消费,学子便利店A01后楼,-2.6,51.75,3547,正常
2016/04/10 19:14:22,5bb5c0556a163b3bca1ea0e7fbbc792ae17b568b,03fe7455f40ecb6ef22a4b751deb9fceab27a2dd,持卡人消费,学子便利店A01后楼,-17.9,33.85,3548,正常
2016/04/11 20:42:04,5bb5c0556a163b3bca1ea0e7fbbc792ae17b568b,03fe7455f40ecb6ef22a4b751deb9fceab27a2dd,持卡人消费,学子便利店A01后楼,-17.1,16.75,3549,正常
2016/04/12 17:27:34,5bb5c0556a163b3bca1ea0e7fbbc792ae17b568b,03fe7455f40ecb6ef22a4b751deb9fceab27a2dd,持卡人消费,学苑楼商务网关,-8.0,8.75,3550,正常
2016/04/13 11:01:56,5bb5c0556a163b3bca1ea0e7fbbc792ae17b568b,03fe7455f40ecb6ef22a4b751deb9fceab27a2dd,持卡人消费,学士楼商务网关,-6.0,2.75,3551,正常
2016/04/13 11:05:03,5bb5c0556a163b3bca1ea0e7fbbc792ae17b568b,03fe7455f40ecb6ef22a4b751deb9fceab27a2dd,持卡人消费,学士楼商务网关,-1.5,1.25,3552,正常
2016/04/13 14:52:53,5bb5c0556a163b3bca1ea0e7fbbc792ae17b568b,03fe7455f40ecb6ef22a4b751deb9fceab27a2dd,存款,现金充值机,50.0,51.25,3553,正常
2016/04/13 17:29:30,5bb5c0556a163b3bca1ea0e7fbbc792ae17b568b,03fe7455f40ecb6ef22a4b751deb9fceab27a2dd,持卡人消费,学子楼商务网关,-8.8,42.45,3554,正常
2016/04/14 09:11:46,5bb5c0556a163b3bca1ea0e7fbbc792ae17b568b,03fe7455f40ecb6ef22a4b751deb9fceab27a2dd,持卡人消费,学子便利店A01后楼,-4.2,38.25,3555,正常
2016/04/14 11:20:09,5bb5c0556a163b3bca1ea0e7fbbc792ae17b568b,03fe7455f40ecb6ef22a4b751deb9fceab27a2dd,持卡人消费,硕果园（工大商店）,-11.0,27.25,3556,正常
2016/04/14 11:20:39,5bb5c0556a163b3bca1ea0e7fbbc792ae17b568b,03fe7455f40ecb6ef22a4b751deb9fceab27a2dd,持卡人消费,硕果园（工大商店）,-3.0,24.25,3557,正常
2016/04/14 11:32:45,5bb5c0556a163b3bca1ea0e7fbbc792ae17b568b,03fe7455f40ecb6ef22a4b751deb9fceab27a2dd,持卡人消费,硕果园（工大商店）,-0.2,24.05,3558,正常
2016/04/14 17:19:24,5bb5c0556a163b3bca1ea0e7fbbc792ae17b568b,03fe7455f40ecb6ef22a4b751deb9fceab27a2dd,持卡人消费,学苑楼商务网关,-8.0,16.05,3559,正常
2016/04/14 20:16:30,5bb5c0556a163b3bca1ea0e7fbbc792ae17b568b,03fe7455f40ecb6ef22a4b751deb9fceab27a2dd,持卡人消费,超市商务子系统,-0.4,15.65,3560,正常
2016/04/15 17:30:13,5bb5c0556a163b3bca1ea0e7fbbc792ae17b568b,03fe7455f40ecb6ef22a4b751deb9fceab27a2dd,持卡人消费,南苑网关,-3.6,12.05,3561,正常
2016/04/15 17:31:06,5bb5c0556a163b3bca1ea0e7fbbc792ae17b568b,03fe7455f40ecb6ef22a4b751deb9fceab27a2dd,持卡人消费,南苑网关,-2.0,10.05,3562,正常
2016/04/16 18:10:57,5bb5c0556a163b3bca1ea0e7fbbc792ae17b568b,03fe7455f40ecb6ef22a4b751deb9fceab27a2dd,持卡人消费,学子便利店A01后楼,-1.9,8.15,3563,正常
2016/04/20 18:01:20,5bb5c0556a163b3bca1ea0e7fbbc792ae17b568b,03fe7455f40ecb6ef22a4b751deb9fceab27a2dd,持卡人消费,一校区水控新,-2.0,6.15,3564,正常
2016/04/20 18:03:10,5bb5c0556a163b3bca1ea0e7fbbc792ae17b568b,03fe7455f40ecb6ef22a4b751deb9fceab27a2dd,持卡人消费,一校区水控新,-0.34,5.81,3566,正常
2016/04/21 10:47:08,5bb5c0556a163b3bca1ea0e7fbbc792ae17b568b,03fe7455f40ecb6ef22a4b751deb9fceab27a2dd,存款,现金充值机,100.0,105.81,3567,正常
2016/04/21 11:09:35,5bb5c0556a163b3bca1ea0e7fbbc792ae17b568b,03fe7455f40ecb6ef22a4b751deb9fceab27a2dd,持卡人消费,学苑楼商务网关,-7.5,98.31,3568,正常
2016/04/21 13:59:10,5bb5c0556a163b3bca1ea0e7fbbc792ae17b568b,03fe7455f40ecb6ef22a4b751deb9fceab27a2dd,持卡人消费,网络中心,-30.0,68.31,3569,正常
2016/04/22 12:39:09,5bb5c0556a163b3bca1ea0e7fbbc792ae17b568b,03fe7455f40ecb6ef22a4b751deb9fceab27a2dd,持卡人消费,学子便利店A01后楼,-12.5,55.81,3570,正常
2016/04/25 18:06:33,5bb5c0556a163b3bca1ea0e7fbbc792ae17b568b,03fe7455f40ecb6ef22a4b751deb9fceab27a2dd,持卡人消费,硕果园（工大商店）,-11.0,44.81,3571,正常
2016/04/25 22:09:22,5bb5c0556a163b3bca1ea0e7fbbc792ae17b568b,03fe7455f40ecb6ef22a4b751deb9fceab27a2dd,持卡人消费,学子便利店A01后楼,-6.4,38.41,3572,正常
2016/04/28 08:50:44,5bb5c0556a163b3bca1ea0e7fbbc792ae17b568b,03fe7455f40ecb6ef22a4b751deb9fceab27a2dd,持卡人消费,学士楼商务网关,-2.0,36.41,3573,正常
2016/04/28 08:51:04,5bb5c0556a163b3bca1ea0e7fbbc792ae17b568b,03fe7455f40ecb6ef22a4b751deb9fceab27a2dd,持卡人消费,学士楼商务网关,-0.6,35.81,3574,正常
2016/04/28 14:32:42,5bb5c0556a163b3bca1ea0e7fbbc792ae17b568b,03fe7455f40ecb6ef22a4b751deb9fceab27a2dd,持卡人消费,学子便利店A01后楼,-12.5,23.31,3575,正常
2016/04/29 07:38:47,5bb5c0556a163b3bca1ea0e7fbbc792ae17b568b,03fe7455f40ecb6ef22a4b751deb9fceab27a2dd,持卡人消费,学子便利店A01后楼,-1.7,21.61,3576,正常
2016/04/30 09:04:10,5bb5c0556a163b3bca1ea0e7fbbc792ae17b568b,03fe7455f40ecb6ef22a4b751deb9fceab27a2dd,持卡人消费,学子便利店A01后楼,-9.9,11.71,3577,正常
