交易发生时间,学号,姓名,交易类型,子系统名称,交易额,现有余额,次数,状态
2016/04/01 07:11:48,55a17c03dce204feaf2fa45ea5d80ff20236b65c,0406f19fd6466279c8e68e00c3bfcc890e9f1fe0,持卡人消费,九食堂商务网关,-2.5,27.52,3478,正常
2016/04/01 07:13:37,55a17c03dce204feaf2fa45ea5d80ff20236b65c,0406f19fd6466279c8e68e00c3bfcc890e9f1fe0,持卡人消费,九食堂商务网关,-2.0,25.52,3479,正常
2016/04/01 11:11:05,55a17c03dce204feaf2fa45ea5d80ff20236b65c,0406f19fd6466279c8e68e00c3bfcc890e9f1fe0,持卡人消费,五食堂商务网关,-5.0,20.52,3480,正常
2016/04/01 16:47:12,55a17c03dce204feaf2fa45ea5d80ff20236b65c,0406f19fd6466279c8e68e00c3bfcc890e9f1fe0,存款,现金充值机,100.0,120.52,3481,正常
2016/04/01 17:15:15,55a17c03dce204feaf2fa45ea5d80ff20236b65c,0406f19fd6466279c8e68e00c3bfcc890e9f1fe0,持卡人消费,九食堂商务网关,-8.0,112.52,3482,正常
2016/04/02 11:07:26,55a17c03dce204feaf2fa45ea5d80ff20236b65c,0406f19fd6466279c8e68e00c3bfcc890e9f1fe0,持卡人消费,五食堂商务网关,-5.0,107.52,3483,正常
2016/04/03 11:14:54,55a17c03dce204feaf2fa45ea5d80ff20236b65c,0406f19fd6466279c8e68e00c3bfcc890e9f1fe0,持卡人消费,九食堂商务网关,-9.0,98.52,3484,正常
2016/04/03 11:16:19,55a17c03dce204feaf2fa45ea5d80ff20236b65c,0406f19fd6466279c8e68e00c3bfcc890e9f1fe0,持卡人消费,九食堂商务网关,-1.0,97.52,3485,正常
2016/04/03 20:57:20,55a17c03dce204feaf2fa45ea5d80ff20236b65c,0406f19fd6466279c8e68e00c3bfcc890e9f1fe0,持卡人消费,学子便利店B07,-6.2,91.32,3486,正常
2016/04/04 11:22:55,55a17c03dce204feaf2fa45ea5d80ff20236b65c,0406f19fd6466279c8e68e00c3bfcc890e9f1fe0,持卡人消费,九食堂商务网关,-9.0,82.32,3487,正常
2016/04/04 11:23:36,55a17c03dce204feaf2fa45ea5d80ff20236b65c,0406f19fd6466279c8e68e00c3bfcc890e9f1fe0,持卡人消费,九食堂商务网关,-1.0,81.32,3488,正常
2016/04/05 16:52:21,55a17c03dce204feaf2fa45ea5d80ff20236b65c,0406f19fd6466279c8e68e00c3bfcc890e9f1fe0,持卡人消费,九食堂商务网关,-8.0,73.32,3489,正常
2016/04/06 07:24:02,55a17c03dce204feaf2fa45ea5d80ff20236b65c,0406f19fd6466279c8e68e00c3bfcc890e9f1fe0,持卡人消费,九食堂商务网关,-3.5,69.82,3490,正常
2016/04/06 16:47:21,55a17c03dce204feaf2fa45ea5d80ff20236b65c,0406f19fd6466279c8e68e00c3bfcc890e9f1fe0,持卡人消费,九食堂商务网关,-7.0,62.82,3491,正常
2016/04/06 17:06:54,55a17c03dce204feaf2fa45ea5d80ff20236b65c,0406f19fd6466279c8e68e00c3bfcc890e9f1fe0,持卡人消费,九食堂商务网关,-0.9,61.92,3492,正常
2016/04/06 21:11:44,55a17c03dce204feaf2fa45ea5d80ff20236b65c,0406f19fd6466279c8e68e00c3bfcc890e9f1fe0,持卡人消费,学子便利店B07,-2.8,59.12,3493,正常
2016/04/07 11:44:51,55a17c03dce204feaf2fa45ea5d80ff20236b65c,0406f19fd6466279c8e68e00c3bfcc890e9f1fe0,持卡人消费,九食堂商务网关,-9.0,50.12,3494,正常
2016/04/07 11:45:42,55a17c03dce204feaf2fa45ea5d80ff20236b65c,0406f19fd6466279c8e68e00c3bfcc890e9f1fe0,持卡人消费,九食堂商务网关,-1.0,49.12,3495,正常
2016/04/07 17:23:12,55a17c03dce204feaf2fa45ea5d80ff20236b65c,0406f19fd6466279c8e68e00c3bfcc890e9f1fe0,持卡人消费,九食堂商务网关,-8.0,41.12,3496,正常
2016/04/08 07:18:47,55a17c03dce204feaf2fa45ea5d80ff20236b65c,0406f19fd6466279c8e68e00c3bfcc890e9f1fe0,持卡人消费,九食堂商务网关,-3.0,38.12,3497,正常
2016/04/08 10:49:03,55a17c03dce204feaf2fa45ea5d80ff20236b65c,0406f19fd6466279c8e68e00c3bfcc890e9f1fe0,持卡人消费,五食堂商务网关,-5.0,33.12,3498,正常
2016/04/08 16:49:15,55a17c03dce204feaf2fa45ea5d80ff20236b65c,0406f19fd6466279c8e68e00c3bfcc890e9f1fe0,持卡人消费,九食堂商务网关,-9.0,24.12,3499,正常
2016/04/08 16:49:50,55a17c03dce204feaf2fa45ea5d80ff20236b65c,0406f19fd6466279c8e68e00c3bfcc890e9f1fe0,持卡人消费,九食堂商务网关,-1.0,23.12,3500,正常
2016/04/09 17:14:24,55a17c03dce204feaf2fa45ea5d80ff20236b65c,0406f19fd6466279c8e68e00c3bfcc890e9f1fe0,持卡人消费,九食堂商务网关,-9.0,14.12,3501,正常
2016/04/09 17:14:54,55a17c03dce204feaf2fa45ea5d80ff20236b65c,0406f19fd6466279c8e68e00c3bfcc890e9f1fe0,持卡人消费,九食堂商务网关,-1.0,13.12,3502,正常
2016/04/10 11:39:58,55a17c03dce204feaf2fa45ea5d80ff20236b65c,0406f19fd6466279c8e68e00c3bfcc890e9f1fe0,持卡人消费,九食堂商务网关,-8.0,5.12,3503,正常
2016/04/11 14:00:22,55a17c03dce204feaf2fa45ea5d80ff20236b65c,0406f19fd6466279c8e68e00c3bfcc890e9f1fe0,持卡人消费,学子便利店B07,-2.6,2.52,3504,正常
2016/04/12 17:24:13,55a17c03dce204feaf2fa45ea5d80ff20236b65c,0406f19fd6466279c8e68e00c3bfcc890e9f1fe0,存款,2区卡中心综合业务,100.0,102.52,3505,正常
2016/04/12 17:25:18,55a17c03dce204feaf2fa45ea5d80ff20236b65c,0406f19fd6466279c8e68e00c3bfcc890e9f1fe0,持卡人消费,九食堂商务网关,-7.0,95.52,3506,正常
2016/04/12 20:51:05,55a17c03dce204feaf2fa45ea5d80ff20236b65c,0406f19fd6466279c8e68e00c3bfcc890e9f1fe0,持卡人消费,学子便利店B07,-3.7,91.82,3507,正常
2016/04/13 11:06:38,55a17c03dce204feaf2fa45ea5d80ff20236b65c,0406f19fd6466279c8e68e00c3bfcc890e9f1fe0,持卡人消费,五食堂商务网关,-5.4,86.42,3508,正常
2016/04/13 17:00:17,55a17c03dce204feaf2fa45ea5d80ff20236b65c,0406f19fd6466279c8e68e00c3bfcc890e9f1fe0,持卡人消费,九食堂商务网关,-7.0,79.42,3509,正常
2016/04/13 17:18:39,55a17c03dce204feaf2fa45ea5d80ff20236b65c,0406f19fd6466279c8e68e00c3bfcc890e9f1fe0,持卡人消费,九食堂商务网关,-2.0,77.42,3510,正常
2016/04/13 19:42:56,55a17c03dce204feaf2fa45ea5d80ff20236b65c,0406f19fd6466279c8e68e00c3bfcc890e9f1fe0,持卡人消费,学子便利店B07,-6.4,71.02,3511,正常
2016/04/14 11:03:48,55a17c03dce204feaf2fa45ea5d80ff20236b65c,0406f19fd6466279c8e68e00c3bfcc890e9f1fe0,持卡人消费,四食堂商务网关,-6.4,64.62,3512,正常
2016/04/14 16:59:04,55a17c03dce204feaf2fa45ea5d80ff20236b65c,0406f19fd6466279c8e68e00c3bfcc890e9f1fe0,持卡人消费,九食堂商务网关,-7.0,57.62,3513,正常
2016/04/15 11:03:32,55a17c03dce204feaf2fa45ea5d80ff20236b65c,0406f19fd6466279c8e68e00c3bfcc890e9f1fe0,持卡人消费,九食堂商务网关,-10.0,47.62,3514,正常
2016/04/15 11:08:43,55a17c03dce204feaf2fa45ea5d80ff20236b65c,0406f19fd6466279c8e68e00c3bfcc890e9f1fe0,持卡人消费,九食堂商务网关,-0.8,46.82,3515,正常
2016/04/15 16:43:03,55a17c03dce204feaf2fa45ea5d80ff20236b65c,0406f19fd6466279c8e68e00c3bfcc890e9f1fe0,持卡人消费,九食堂商务网关,-7.0,39.82,3516,正常
2016/04/15 21:55:13,55a17c03dce204feaf2fa45ea5d80ff20236b65c,0406f19fd6466279c8e68e00c3bfcc890e9f1fe0,持卡人消费,学子便利店B07,-5.6,34.22,3517,正常
2016/04/16 11:13:42,55a17c03dce204feaf2fa45ea5d80ff20236b65c,0406f19fd6466279c8e68e00c3bfcc890e9f1fe0,持卡人消费,九食堂商务网关,-9.0,25.22,3518,正常
2016/04/16 11:15:00,55a17c03dce204feaf2fa45ea5d80ff20236b65c,0406f19fd6466279c8e68e00c3bfcc890e9f1fe0,持卡人消费,九食堂商务网关,-1.0,24.22,3519,正常
2016/04/16 14:45:16,55a17c03dce204feaf2fa45ea5d80ff20236b65c,0406f19fd6466279c8e68e00c3bfcc890e9f1fe0,持卡人消费,学子便利店B07,-2.7,21.52,3520,正常
2016/04/16 20:27:15,55a17c03dce204feaf2fa45ea5d80ff20236b65c,0406f19fd6466279c8e68e00c3bfcc890e9f1fe0,持卡人消费,学子便利店B07,-6.4,15.12,3521,正常
2016/04/17 11:07:50,55a17c03dce204feaf2fa45ea5d80ff20236b65c,0406f19fd6466279c8e68e00c3bfcc890e9f1fe0,持卡人消费,九食堂商务网关,-8.0,7.12,3522,正常
2016/04/18 11:17:51,55a17c03dce204feaf2fa45ea5d80ff20236b65c,0406f19fd6466279c8e68e00c3bfcc890e9f1fe0,持卡人消费,九食堂商务网关,-7.0,0.12,3523,正常
2016/04/18 17:30:40,55a17c03dce204feaf2fa45ea5d80ff20236b65c,0406f19fd6466279c8e68e00c3bfcc890e9f1fe0,存款,2区卡中心综合业务,100.0,100.12,3524,正常
2016/04/18 17:31:40,55a17c03dce204feaf2fa45ea5d80ff20236b65c,0406f19fd6466279c8e68e00c3bfcc890e9f1fe0,持卡人消费,九食堂商务网关,-1.0,99.12,3525,正常
2016/04/18 17:32:55,55a17c03dce204feaf2fa45ea5d80ff20236b65c,0406f19fd6466279c8e68e00c3bfcc890e9f1fe0,持卡人消费,九食堂商务网关,-9.0,90.12,3526,正常
2016/04/19 11:11:55,55a17c03dce204feaf2fa45ea5d80ff20236b65c,0406f19fd6466279c8e68e00c3bfcc890e9f1fe0,持卡人消费,九食堂商务网关,-9.0,81.12,3527,正常
2016/04/19 21:51:22,55a17c03dce204feaf2fa45ea5d80ff20236b65c,0406f19fd6466279c8e68e00c3bfcc890e9f1fe0,持卡人消费,学子便利店B07,-4.0,77.12,3528,正常
2016/04/20 17:10:39,55a17c03dce204feaf2fa45ea5d80ff20236b65c,0406f19fd6466279c8e68e00c3bfcc890e9f1fe0,持卡人消费,九食堂商务网关,-8.0,69.12,3529,正常
2016/04/20 17:11:30,55a17c03dce204feaf2fa45ea5d80ff20236b65c,0406f19fd6466279c8e68e00c3bfcc890e9f1fe0,持卡人消费,九食堂商务网关,-0.8,68.32,3530,正常
2016/04/21 15:32:58,55a17c03dce204feaf2fa45ea5d80ff20236b65c,0406f19fd6466279c8e68e00c3bfcc890e9f1fe0,持卡人消费,二区水控,-3.0,65.32,3531,正常
2016/04/21 17:05:23,55a17c03dce204feaf2fa45ea5d80ff20236b65c,0406f19fd6466279c8e68e00c3bfcc890e9f1fe0,持卡人消费,九食堂商务网关,-7.0,58.32,3532,正常
2016/04/21 22:24:47,55a17c03dce204feaf2fa45ea5d80ff20236b65c,0406f19fd6466279c8e68e00c3bfcc890e9f1fe0,持卡人消费,学子便利店B07,-2.8,55.52,3533,正常
2016/04/22 11:02:33,55a17c03dce204feaf2fa45ea5d80ff20236b65c,0406f19fd6466279c8e68e00c3bfcc890e9f1fe0,持卡人消费,九食堂商务网关,-8.0,47.52,3534,正常
2016/04/22 11:05:56,55a17c03dce204feaf2fa45ea5d80ff20236b65c,0406f19fd6466279c8e68e00c3bfcc890e9f1fe0,持卡人消费,九食堂商务网关,-0.8,46.72,3535,正常
2016/04/22 17:21:02,55a17c03dce204feaf2fa45ea5d80ff20236b65c,0406f19fd6466279c8e68e00c3bfcc890e9f1fe0,持卡人消费,九食堂商务网关,-7.0,39.72,3536,正常
2016/04/22 17:25:13,55a17c03dce204feaf2fa45ea5d80ff20236b65c,0406f19fd6466279c8e68e00c3bfcc890e9f1fe0,持卡人消费,九食堂商务网关,-0.8,38.92,3537,正常
2016/04/22 17:33:03,55a17c03dce204feaf2fa45ea5d80ff20236b65c,0406f19fd6466279c8e68e00c3bfcc890e9f1fe0,持卡人消费,九食堂商务网关,-0.9,38.02,3538,正常
2016/04/22 20:55:26,55a17c03dce204feaf2fa45ea5d80ff20236b65c,0406f19fd6466279c8e68e00c3bfcc890e9f1fe0,持卡人消费,学子便利店B07,-2.8,35.22,3539,正常
2016/04/23 09:19:46,55a17c03dce204feaf2fa45ea5d80ff20236b65c,0406f19fd6466279c8e68e00c3bfcc890e9f1fe0,持卡人消费,学子便利店B07,-21.6,13.62,3540,正常
2016/04/23 10:43:46,55a17c03dce204feaf2fa45ea5d80ff20236b65c,0406f19fd6466279c8e68e00c3bfcc890e9f1fe0,持卡人消费,九食堂商务网关,-9.0,4.62,3541,正常
