交易发生时间,学号,姓名,交易类型,子系统名称,交易额,现有余额,次数,状态
2016/04/01 11:26:31,cf1c62ce91e489505c4fb8053715602e58494a81,041e4502bcbc24b7a8eac937f243686f0cc60ce2,持卡人消费,硕果园（工大商店）,-9.0,60.39,3388,正常
2016/04/01 17:58:31,cf1c62ce91e489505c4fb8053715602e58494a81,041e4502bcbc24b7a8eac937f243686f0cc60ce2,持卡人消费,学士楼商务网关,-1.0,59.39,3389,正常
2016/04/01 17:58:58,cf1c62ce91e489505c4fb8053715602e58494a81,041e4502bcbc24b7a8eac937f243686f0cc60ce2,持卡人消费,学士楼商务网关,-2.0,57.39,3390,正常
2016/04/02 18:33:19,cf1c62ce91e489505c4fb8053715602e58494a81,041e4502bcbc24b7a8eac937f243686f0cc60ce2,持卡人消费,学士楼商务网关,-2.5,54.89,3391,正常
2016/04/02 18:42:11,cf1c62ce91e489505c4fb8053715602e58494a81,041e4502bcbc24b7a8eac937f243686f0cc60ce2,持卡人消费,学士楼商务网关,-5.0,49.89,3392,正常
2016/04/03 12:09:28,cf1c62ce91e489505c4fb8053715602e58494a81,041e4502bcbc24b7a8eac937f243686f0cc60ce2,持卡人消费,学士楼商务网关,-10.0,39.89,3393,正常
2016/04/03 18:53:26,cf1c62ce91e489505c4fb8053715602e58494a81,041e4502bcbc24b7a8eac937f243686f0cc60ce2,持卡人消费,硕果园（工大商店）,-7.0,32.89,3394,正常
2016/04/03 19:06:38,cf1c62ce91e489505c4fb8053715602e58494a81,041e4502bcbc24b7a8eac937f243686f0cc60ce2,持卡人消费,硕果园（工大商店）,-6.0,26.89,3395,正常
2016/04/04 18:35:01,cf1c62ce91e489505c4fb8053715602e58494a81,041e4502bcbc24b7a8eac937f243686f0cc60ce2,持卡人消费,学士楼商务网关,-6.8,20.09,3396,正常
2016/04/04 18:35:16,cf1c62ce91e489505c4fb8053715602e58494a81,041e4502bcbc24b7a8eac937f243686f0cc60ce2,持卡人消费,学士楼商务网关,-16.2,3.89,3397,正常
2016/04/04 18:54:02,cf1c62ce91e489505c4fb8053715602e58494a81,041e4502bcbc24b7a8eac937f243686f0cc60ce2,持卡人消费,超市商务子系统,-0.4,3.49,3398,正常
2016/04/05 13:13:07,cf1c62ce91e489505c4fb8053715602e58494a81,041e4502bcbc24b7a8eac937f243686f0cc60ce2,存款,学苑楼综合业务2,200.0,203.49,3399,正常
2016/04/05 13:17:58,cf1c62ce91e489505c4fb8053715602e58494a81,041e4502bcbc24b7a8eac937f243686f0cc60ce2,持卡人消费,学士楼商务网关,-6.0,197.49,3400,正常
2016/04/05 18:29:24,cf1c62ce91e489505c4fb8053715602e58494a81,041e4502bcbc24b7a8eac937f243686f0cc60ce2,持卡人消费,硕果园（工大商店）,-10.0,187.49,3401,正常
2016/04/06 11:52:43,cf1c62ce91e489505c4fb8053715602e58494a81,041e4502bcbc24b7a8eac937f243686f0cc60ce2,持卡人消费,学士楼商务网关,-5.8,181.69,3402,正常
2016/04/06 18:10:55,cf1c62ce91e489505c4fb8053715602e58494a81,041e4502bcbc24b7a8eac937f243686f0cc60ce2,持卡人消费,学士楼商务网关,-3.1,178.59,3403,正常
2016/04/06 19:42:21,cf1c62ce91e489505c4fb8053715602e58494a81,041e4502bcbc24b7a8eac937f243686f0cc60ce2,持卡人消费,一校区水控新,-0.52,178.07,3404,正常
2016/04/06 19:47:07,cf1c62ce91e489505c4fb8053715602e58494a81,041e4502bcbc24b7a8eac937f243686f0cc60ce2,持卡人消费,一校区水控新,-0.57,177.50,3405,正常
2016/04/06 19:58:05,cf1c62ce91e489505c4fb8053715602e58494a81,041e4502bcbc24b7a8eac937f243686f0cc60ce2,持卡人消费,A2,-3.0,174.50,3406,正常
2016/04/07 07:34:26,cf1c62ce91e489505c4fb8053715602e58494a81,041e4502bcbc24b7a8eac937f243686f0cc60ce2,持卡人消费,学士楼商务网关,-2.7,171.80,3407,正常
2016/04/07 11:50:39,cf1c62ce91e489505c4fb8053715602e58494a81,041e4502bcbc24b7a8eac937f243686f0cc60ce2,持卡人消费,学士楼商务网关,-5.0,166.80,3408,正常
2016/04/07 17:41:37,cf1c62ce91e489505c4fb8053715602e58494a81,041e4502bcbc24b7a8eac937f243686f0cc60ce2,持卡人消费,学士楼商务网关,-4.3,162.50,3409,正常
2016/04/07 17:53:13,cf1c62ce91e489505c4fb8053715602e58494a81,041e4502bcbc24b7a8eac937f243686f0cc60ce2,持卡人消费,超市商务子系统,-5.8,156.70,3410,正常
2016/04/08 12:40:39,cf1c62ce91e489505c4fb8053715602e58494a81,041e4502bcbc24b7a8eac937f243686f0cc60ce2,持卡人消费,学士楼商务网关,-8.0,148.70,3411,正常
2016/04/08 12:41:11,cf1c62ce91e489505c4fb8053715602e58494a81,041e4502bcbc24b7a8eac937f243686f0cc60ce2,持卡人消费,学士楼商务网关,-1.0,147.70,3412,正常
2016/04/08 12:52:36,cf1c62ce91e489505c4fb8053715602e58494a81,041e4502bcbc24b7a8eac937f243686f0cc60ce2,持卡人消费,超市商务子系统,-3.8,143.90,3413,正常
2016/04/08 18:41:00,cf1c62ce91e489505c4fb8053715602e58494a81,041e4502bcbc24b7a8eac937f243686f0cc60ce2,持卡人消费,学士楼商务网关,-3.5,140.40,3414,正常
2016/04/09 12:26:07,cf1c62ce91e489505c4fb8053715602e58494a81,041e4502bcbc24b7a8eac937f243686f0cc60ce2,持卡人消费,硕果园（工大商店）,-12.0,128.40,3415,正常
2016/04/09 18:43:13,cf1c62ce91e489505c4fb8053715602e58494a81,041e4502bcbc24b7a8eac937f243686f0cc60ce2,持卡人消费,学士楼商务网关,-4.0,124.40,3416,正常
2016/04/09 19:10:46,cf1c62ce91e489505c4fb8053715602e58494a81,041e4502bcbc24b7a8eac937f243686f0cc60ce2,持卡人消费,超市商务子系统,-5.8,118.60,3417,正常
2016/04/10 07:43:15,cf1c62ce91e489505c4fb8053715602e58494a81,041e4502bcbc24b7a8eac937f243686f0cc60ce2,持卡人消费,学士楼商务网关,-2.2,116.40,3418,正常
2016/04/10 12:08:41,cf1c62ce91e489505c4fb8053715602e58494a81,041e4502bcbc24b7a8eac937f243686f0cc60ce2,持卡人消费,硕果园（工大商店）,-10.0,106.40,3419,正常
2016/04/11 11:43:44,cf1c62ce91e489505c4fb8053715602e58494a81,041e4502bcbc24b7a8eac937f243686f0cc60ce2,持卡人消费,学士楼商务网关,-5.0,101.40,3420,正常
2016/04/11 11:44:49,cf1c62ce91e489505c4fb8053715602e58494a81,041e4502bcbc24b7a8eac937f243686f0cc60ce2,持卡人消费,学士楼商务网关,-3.5,97.90,3421,正常
2016/04/11 18:08:27,cf1c62ce91e489505c4fb8053715602e58494a81,041e4502bcbc24b7a8eac937f243686f0cc60ce2,持卡人消费,学士楼商务网关,-1.0,96.90,3422,正常
2016/04/11 18:08:50,cf1c62ce91e489505c4fb8053715602e58494a81,041e4502bcbc24b7a8eac937f243686f0cc60ce2,持卡人消费,学士楼商务网关,-2.0,94.90,3423,正常
2016/04/12 12:27:34,cf1c62ce91e489505c4fb8053715602e58494a81,041e4502bcbc24b7a8eac937f243686f0cc60ce2,持卡人消费,硕果园（工大商店）,-12.0,82.90,3424,正常
2016/04/12 18:50:24,cf1c62ce91e489505c4fb8053715602e58494a81,041e4502bcbc24b7a8eac937f243686f0cc60ce2,持卡人消费,学士楼商务网关,-3.8,79.10,3425,正常
2016/04/12 19:01:42,cf1c62ce91e489505c4fb8053715602e58494a81,041e4502bcbc24b7a8eac937f243686f0cc60ce2,持卡人消费,超市商务子系统,-5.8,73.30,3426,正常
2016/04/13 16:18:46,cf1c62ce91e489505c4fb8053715602e58494a81,041e4502bcbc24b7a8eac937f243686f0cc60ce2,持卡人消费,学士楼商务网关,-10.0,63.30,3427,正常
2016/04/14 09:40:08,cf1c62ce91e489505c4fb8053715602e58494a81,041e4502bcbc24b7a8eac937f243686f0cc60ce2,持卡人消费,超市商务子系统,-8.8,54.50,3428,正常
2016/04/14 11:51:55,cf1c62ce91e489505c4fb8053715602e58494a81,041e4502bcbc24b7a8eac937f243686f0cc60ce2,持卡人消费,学士楼商务网关,-6.0,48.50,3429,正常
2016/04/14 19:54:47,cf1c62ce91e489505c4fb8053715602e58494a81,041e4502bcbc24b7a8eac937f243686f0cc60ce2,持卡人消费,学士楼商务网关,-3.5,45.00,3430,正常
2016/04/14 20:06:24,cf1c62ce91e489505c4fb8053715602e58494a81,041e4502bcbc24b7a8eac937f243686f0cc60ce2,持卡人消费,超市商务子系统,-0.4,44.60,3431,正常
2016/04/15 12:41:51,cf1c62ce91e489505c4fb8053715602e58494a81,041e4502bcbc24b7a8eac937f243686f0cc60ce2,持卡人消费,硕果园（工大商店）,-10.0,34.60,3432,正常
2016/04/15 20:31:00,cf1c62ce91e489505c4fb8053715602e58494a81,041e4502bcbc24b7a8eac937f243686f0cc60ce2,持卡人消费,一校区水控新,-0.68,31.92,3434,正常
2016/04/15 20:36:59,cf1c62ce91e489505c4fb8053715602e58494a81,041e4502bcbc24b7a8eac937f243686f0cc60ce2,持卡人消费,一校区水控新,-0.73,31.19,3435,正常
2016/04/15 20:37:21,cf1c62ce91e489505c4fb8053715602e58494a81,041e4502bcbc24b7a8eac937f243686f0cc60ce2,持卡人消费,一校区水控新,-1.92,31.27,3436,正常
2016/04/16 12:45:47,cf1c62ce91e489505c4fb8053715602e58494a81,041e4502bcbc24b7a8eac937f243686f0cc60ce2,持卡人消费,学士楼商务网关,-9.0,22.27,3437,正常
2016/04/16 05:16:20,cf1c62ce91e489505c4fb8053715602e58494a81,041e4502bcbc24b7a8eac937f243686f0cc60ce2,持卡人消费,学士楼商务网关,-3.1,19.17,3438,正常
2016/04/17 12:09:31,cf1c62ce91e489505c4fb8053715602e58494a81,041e4502bcbc24b7a8eac937f243686f0cc60ce2,存款,学苑楼综合业务2,200.0,219.17,3439,正常
2016/04/17 12:11:38,cf1c62ce91e489505c4fb8053715602e58494a81,041e4502bcbc24b7a8eac937f243686f0cc60ce2,持卡人消费,学苑楼商务网关,-8.8,210.37,3440,正常
2016/04/17 12:26:16,cf1c62ce91e489505c4fb8053715602e58494a81,041e4502bcbc24b7a8eac937f243686f0cc60ce2,持卡人消费,超市商务子系统,-4.8,205.57,3441,正常
2016/04/17 12:29:15,cf1c62ce91e489505c4fb8053715602e58494a81,041e4502bcbc24b7a8eac937f243686f0cc60ce2,持卡人消费,硕果园（工大商店）,-5.0,200.57,3442,正常
2016/04/17 18:31:45,cf1c62ce91e489505c4fb8053715602e58494a81,041e4502bcbc24b7a8eac937f243686f0cc60ce2,持卡人消费,学士楼商务网关,-6.8,193.77,3443,正常
2016/04/18 12:34:43,cf1c62ce91e489505c4fb8053715602e58494a81,041e4502bcbc24b7a8eac937f243686f0cc60ce2,持卡人消费,硕果园（工大商店）,-9.0,184.77,3444,正常
2016/04/18 17:53:23,cf1c62ce91e489505c4fb8053715602e58494a81,041e4502bcbc24b7a8eac937f243686f0cc60ce2,持卡人消费,学士楼商务网关,-7.0,177.77,3445,正常
2016/04/19 09:51:50,cf1c62ce91e489505c4fb8053715602e58494a81,041e4502bcbc24b7a8eac937f243686f0cc60ce2,持卡人消费,超市商务子系统,-0.9,176.87,3446,正常
2016/04/19 09:53:01,cf1c62ce91e489505c4fb8053715602e58494a81,041e4502bcbc24b7a8eac937f243686f0cc60ce2,持卡人消费,超市商务子系统,-6.0,170.87,3447,正常
2016/04/19 12:28:35,cf1c62ce91e489505c4fb8053715602e58494a81,041e4502bcbc24b7a8eac937f243686f0cc60ce2,持卡人消费,学士楼商务网关,-6.8,164.07,3448,正常
2016/04/19 18:16:07,cf1c62ce91e489505c4fb8053715602e58494a81,041e4502bcbc24b7a8eac937f243686f0cc60ce2,持卡人消费,学士楼商务网关,-4.1,159.97,3449,正常
2016/04/20 11:40:52,cf1c62ce91e489505c4fb8053715602e58494a81,041e4502bcbc24b7a8eac937f243686f0cc60ce2,持卡人消费,学士楼商务网关,-5.0,154.97,3450,正常
2016/04/20 18:14:35,cf1c62ce91e489505c4fb8053715602e58494a81,041e4502bcbc24b7a8eac937f243686f0cc60ce2,持卡人消费,学士楼商务网关,-3.3,151.67,3451,正常
2016/04/21 07:44:33,cf1c62ce91e489505c4fb8053715602e58494a81,041e4502bcbc24b7a8eac937f243686f0cc60ce2,持卡人消费,学士楼商务网关,-3.0,148.67,3452,正常
2016/04/21 09:38:26,cf1c62ce91e489505c4fb8053715602e58494a81,041e4502bcbc24b7a8eac937f243686f0cc60ce2,持卡人消费,硕果园（工大商店）,-12.0,136.67,3453,正常
2016/04/21 12:10:15,cf1c62ce91e489505c4fb8053715602e58494a81,041e4502bcbc24b7a8eac937f243686f0cc60ce2,持卡人消费,学士楼商务网关,-4.1,132.57,3454,正常
2016/04/22 12:30:08,cf1c62ce91e489505c4fb8053715602e58494a81,041e4502bcbc24b7a8eac937f243686f0cc60ce2,持卡人消费,硕果园（工大商店）,-12.0,120.57,3455,正常
2016/04/23 11:24:32,cf1c62ce91e489505c4fb8053715602e58494a81,041e4502bcbc24b7a8eac937f243686f0cc60ce2,持卡人消费,学士楼商务网关,-9.0,111.57,3456,正常
2016/04/23 15:41:43,cf1c62ce91e489505c4fb8053715602e58494a81,041e4502bcbc24b7a8eac937f243686f0cc60ce2,持卡人消费,游泳馆,-6.0,105.57,3457,正常
2016/04/24 20:53:29,cf1c62ce91e489505c4fb8053715602e58494a81,041e4502bcbc24b7a8eac937f243686f0cc60ce2,持卡人消费,超市商务子系统,-12.3,93.27,3458,正常
2016/04/25 17:45:30,cf1c62ce91e489505c4fb8053715602e58494a81,041e4502bcbc24b7a8eac937f243686f0cc60ce2,持卡人消费,学士楼商务网关,-6.5,86.77,3459,正常
2016/04/26 11:54:33,cf1c62ce91e489505c4fb8053715602e58494a81,041e4502bcbc24b7a8eac937f243686f0cc60ce2,持卡人消费,学士楼商务网关,-9.0,77.77,3460,正常
2016/04/26 17:56:01,cf1c62ce91e489505c4fb8053715602e58494a81,041e4502bcbc24b7a8eac937f243686f0cc60ce2,持卡人消费,学士楼商务网关,-5.0,72.77,3461,正常
2016/04/26 18:08:02,cf1c62ce91e489505c4fb8053715602e58494a81,041e4502bcbc24b7a8eac937f243686f0cc60ce2,持卡人消费,硕果园（工大商店）,-5.0,67.77,3462,正常
2016/04/27 17:06:06,cf1c62ce91e489505c4fb8053715602e58494a81,041e4502bcbc24b7a8eac937f243686f0cc60ce2,持卡人消费,硕果园（工大商店）,-9.0,58.77,3463,正常
2016/04/28 08:01:06,cf1c62ce91e489505c4fb8053715602e58494a81,041e4502bcbc24b7a8eac937f243686f0cc60ce2,持卡人消费,学士楼商务网关,-3.0,55.77,3464,正常
2016/04/28 08:08:48,cf1c62ce91e489505c4fb8053715602e58494a81,041e4502bcbc24b7a8eac937f243686f0cc60ce2,持卡人消费,A2,-3.0,52.77,3465,正常
2016/04/28 11:59:30,cf1c62ce91e489505c4fb8053715602e58494a81,041e4502bcbc24b7a8eac937f243686f0cc60ce2,持卡人消费,学苑楼商务网关,-7.0,45.77,3466,正常
2016/04/29 14:26:55,cf1c62ce91e489505c4fb8053715602e58494a81,041e4502bcbc24b7a8eac937f243686f0cc60ce2,持卡人消费,硕果园（工大商店）,-12.0,33.77,3467,正常
2016/04/30 12:29:37,cf1c62ce91e489505c4fb8053715602e58494a81,041e4502bcbc24b7a8eac937f243686f0cc60ce2,持卡人消费,硕果园（工大商店）,-11.0,22.77,3468,正常
2016/04/30 12:48:27,cf1c62ce91e489505c4fb8053715602e58494a81,041e4502bcbc24b7a8eac937f243686f0cc60ce2,持卡人消费,超市商务子系统,-5.8,16.97,3469,正常
2016/04/30 12:33:04,cf1c62ce91e489505c4fb8053715602e58494a81,041e4502bcbc24b7a8eac937f243686f0cc60ce2,存款,现金充值机,200.0,216.97,3470,正常
2016/04/30 18:05:29,cf1c62ce91e489505c4fb8053715602e58494a81,041e4502bcbc24b7a8eac937f243686f0cc60ce2,持卡人消费,硕果园（工大商店）,-12.0,204.97,3471,正常
2016/04/30 19:16:07,cf1c62ce91e489505c4fb8053715602e58494a81,041e4502bcbc24b7a8eac937f243686f0cc60ce2,持卡人消费,网络中心,-30.0,174.97,3472,正常
2016/04/30 19:40:16,cf1c62ce91e489505c4fb8053715602e58494a81,041e4502bcbc24b7a8eac937f243686f0cc60ce2,持卡人消费,一校区水控新,-0.61,174.36,3474,正常
2016/04/30 19:44:23,cf1c62ce91e489505c4fb8053715602e58494a81,041e4502bcbc24b7a8eac937f243686f0cc60ce2,持卡人消费,一校区水控新,-0.51,173.85,3476,正常
