交易发生时间,学号,姓名,交易类型,子系统名称,交易额,现有余额,次数,状态
2016/04/14 21:54:49,dcfc9bdf1c59ea04fff3101a7767f6ae83718b7a,04919993b78e64d723b8eb816af69d306cd6a03f,持卡人消费,A18,-3.0,7.22,872,正常
2016/04/19 08:59:38,dcfc9bdf1c59ea04fff3101a7767f6ae83718b7a,04919993b78e64d723b8eb816af69d306cd6a03f,持卡人消费,学士楼商务网关,-1.3,5.92,873,正常
2016/04/19 08:59:54,dcfc9bdf1c59ea04fff3101a7767f6ae83718b7a,04919993b78e64d723b8eb816af69d306cd6a03f,持卡人消费,学士楼商务网关,-1.0,4.92,874,正常
2016/04/19 17:16:49,dcfc9bdf1c59ea04fff3101a7767f6ae83718b7a,04919993b78e64d723b8eb816af69d306cd6a03f,存款,学苑楼综合业务3,100.0,104.92,875,正常
2016/04/19 17:32:12,dcfc9bdf1c59ea04fff3101a7767f6ae83718b7a,04919993b78e64d723b8eb816af69d306cd6a03f,持卡人消费,学士楼商务网关,-20.6,84.32,876,正常
2016/04/20 11:56:56,dcfc9bdf1c59ea04fff3101a7767f6ae83718b7a,04919993b78e64d723b8eb816af69d306cd6a03f,持卡人消费,硕果园（工大商店）,-12.0,72.32,877,正常
2016/04/28 09:52:29,dcfc9bdf1c59ea04fff3101a7767f6ae83718b7a,04919993b78e64d723b8eb816af69d306cd6a03f,持卡人消费,网络中心,-30.0,42.32,878,正常
2016/04/28 10:44:43,dcfc9bdf1c59ea04fff3101a7767f6ae83718b7a,04919993b78e64d723b8eb816af69d306cd6a03f,持卡人消费,硕果园（工大商店）,-11.0,31.32,879,正常
2016/04/29 09:45:38,dcfc9bdf1c59ea04fff3101a7767f6ae83718b7a,04919993b78e64d723b8eb816af69d306cd6a03f,持卡人消费,硕果园（工大商店）,-12.0,19.32,880,正常
2016/04/29 17:39:21,dcfc9bdf1c59ea04fff3101a7767f6ae83718b7a,04919993b78e64d723b8eb816af69d306cd6a03f,存款,学苑楼综合业务2,50.0,69.32,881,正常
2016/04/29 17:44:10,dcfc9bdf1c59ea04fff3101a7767f6ae83718b7a,04919993b78e64d723b8eb816af69d306cd6a03f,持卡人消费,学士楼商务网关,-12.0,57.32,882,正常
2016/04/29 17:45:27,dcfc9bdf1c59ea04fff3101a7767f6ae83718b7a,04919993b78e64d723b8eb816af69d306cd6a03f,持卡人消费,学士楼商务网关,-3.0,54.32,883,正常
2016/04/29 17:45:32,dcfc9bdf1c59ea04fff3101a7767f6ae83718b7a,04919993b78e64d723b8eb816af69d306cd6a03f,持卡人消费,学士楼商务网关,-1.2,53.12,884,正常
2016/04/29 17:49:26,dcfc9bdf1c59ea04fff3101a7767f6ae83718b7a,04919993b78e64d723b8eb816af69d306cd6a03f,持卡人消费,学士楼商务网关,-2.5,50.62,885,正常
