交易发生时间,学号,姓名,交易类型,子系统名称,交易额,现有余额,次数,状态
2016/04/02 08:53:07,00d2a02f5ede919b959a3a26c9673215a2257017,04cc7e8162528e63feaa8810a6c42aed67bce9b1,持卡人消费,超市商务子系统,-3.5,98.56,5972,正常
2016/04/02 15:45:23,00d2a02f5ede919b959a3a26c9673215a2257017,04cc7e8162528e63feaa8810a6c42aed67bce9b1,持卡人消费,15公寓浴池,-0.27,98.29,5974,正常
2016/04/02 15:50:35,00d2a02f5ede919b959a3a26c9673215a2257017,04cc7e8162528e63feaa8810a6c42aed67bce9b1,持卡人消费,15公寓浴池,-0.59,97.70,5976,正常
2016/04/02 15:51:12,00d2a02f5ede919b959a3a26c9673215a2257017,04cc7e8162528e63feaa8810a6c42aed67bce9b1,持卡人消费,15公寓浴池,-0.02,97.68,5978,正常
2016/04/02 15:54:20,00d2a02f5ede919b959a3a26c9673215a2257017,04cc7e8162528e63feaa8810a6c42aed67bce9b1,持卡人消费,15公寓浴池,-0.21,97.47,5980,正常
2016/04/02 16:01:37,00d2a02f5ede919b959a3a26c9673215a2257017,04cc7e8162528e63feaa8810a6c42aed67bce9b1,持卡人消费,15公寓浴池,-1.04,96.43,5982,正常
2016/04/02 16:57:16,00d2a02f5ede919b959a3a26c9673215a2257017,04cc7e8162528e63feaa8810a6c42aed67bce9b1,持卡人消费,硕果园（工大商店）,-9.0,87.43,5983,正常
2016/04/04 13:25:53,00d2a02f5ede919b959a3a26c9673215a2257017,04cc7e8162528e63feaa8810a6c42aed67bce9b1,持卡人消费,超市商务子系统,-6.0,81.43,5984,正常
2016/04/04 13:31:26,00d2a02f5ede919b959a3a26c9673215a2257017,04cc7e8162528e63feaa8810a6c42aed67bce9b1,持卡人消费,超市商务子系统,-9.9,71.53,5985,正常
2016/04/04 13:31:46,00d2a02f5ede919b959a3a26c9673215a2257017,04cc7e8162528e63feaa8810a6c42aed67bce9b1,持卡人消费,超市商务子系统,-6.0,65.53,5986,正常
2016/04/05 16:29:57,00d2a02f5ede919b959a3a26c9673215a2257017,04cc7e8162528e63feaa8810a6c42aed67bce9b1,持卡人消费,15公寓浴池,-0.3,65.23,5988,正常
2016/04/05 16:35:53,00d2a02f5ede919b959a3a26c9673215a2257017,04cc7e8162528e63feaa8810a6c42aed67bce9b1,持卡人消费,15公寓浴池,-0.7,64.53,5990,正常
2016/04/05 16:40:12,00d2a02f5ede919b959a3a26c9673215a2257017,04cc7e8162528e63feaa8810a6c42aed67bce9b1,持卡人消费,15公寓浴池,-0.3,64.23,5992,正常
2016/04/05 16:47:15,00d2a02f5ede919b959a3a26c9673215a2257017,04cc7e8162528e63feaa8810a6c42aed67bce9b1,持卡人消费,15公寓浴池,-1.01,63.22,5994,正常
2016/04/06 11:28:46,00d2a02f5ede919b959a3a26c9673215a2257017,04cc7e8162528e63feaa8810a6c42aed67bce9b1,持卡人消费,学苑楼商务网关,-4.0,59.22,5995,正常
2016/04/06 11:37:46,00d2a02f5ede919b959a3a26c9673215a2257017,04cc7e8162528e63feaa8810a6c42aed67bce9b1,持卡人消费,学苑楼商务网关,-1.0,58.22,5996,正常
2016/04/06 17:22:39,00d2a02f5ede919b959a3a26c9673215a2257017,04cc7e8162528e63feaa8810a6c42aed67bce9b1,持卡人消费,学苑楼商务网关,-7.0,51.22,5997,正常
2016/04/06 18:20:27,00d2a02f5ede919b959a3a26c9673215a2257017,04cc7e8162528e63feaa8810a6c42aed67bce9b1,持卡人消费,超市商务子系统,-5.0,46.22,5998,正常
2016/04/06 18:24:16,00d2a02f5ede919b959a3a26c9673215a2257017,04cc7e8162528e63feaa8810a6c42aed67bce9b1,持卡人消费,超市商务子系统,-2.0,44.22,5999,正常
2016/04/07 14:57:29,00d2a02f5ede919b959a3a26c9673215a2257017,04cc7e8162528e63feaa8810a6c42aed67bce9b1,持卡人消费,15公寓浴池,-0.26,43.96,6001,正常
2016/04/07 15:01:23,00d2a02f5ede919b959a3a26c9673215a2257017,04cc7e8162528e63feaa8810a6c42aed67bce9b1,持卡人消费,15公寓浴池,-0.42,43.54,6003,正常
2016/04/07 15:04:38,00d2a02f5ede919b959a3a26c9673215a2257017,04cc7e8162528e63feaa8810a6c42aed67bce9b1,持卡人消费,15公寓浴池,-0.22,43.32,6005,正常
2016/04/07 15:10:29,00d2a02f5ede919b959a3a26c9673215a2257017,04cc7e8162528e63feaa8810a6c42aed67bce9b1,持卡人消费,15公寓浴池,-0.83,42.49,6007,正常
2016/04/07 17:23:49,00d2a02f5ede919b959a3a26c9673215a2257017,04cc7e8162528e63feaa8810a6c42aed67bce9b1,持卡人消费,学苑楼商务网关,-7.0,35.49,6008,正常
2016/04/07 17:39:26,00d2a02f5ede919b959a3a26c9673215a2257017,04cc7e8162528e63feaa8810a6c42aed67bce9b1,持卡人消费,学苑楼商务网关,-7.0,28.49,6009,正常
2016/04/07 18:08:35,00d2a02f5ede919b959a3a26c9673215a2257017,04cc7e8162528e63feaa8810a6c42aed67bce9b1,持卡人消费,超市商务子系统,-16.0,12.49,6010,正常
2016/04/09 17:14:12,00d2a02f5ede919b959a3a26c9673215a2257017,04cc7e8162528e63feaa8810a6c42aed67bce9b1,持卡人消费,15公寓浴池,-0.02,12.47,6012,正常
2016/04/09 17:15:49,00d2a02f5ede919b959a3a26c9673215a2257017,04cc7e8162528e63feaa8810a6c42aed67bce9b1,持卡人消费,15公寓浴池,-0.29,12.18,6014,正常
2016/04/09 17:20:25,00d2a02f5ede919b959a3a26c9673215a2257017,04cc7e8162528e63feaa8810a6c42aed67bce9b1,持卡人消费,15公寓浴池,-0.54,11.64,6016,正常
2016/04/09 17:23:13,00d2a02f5ede919b959a3a26c9673215a2257017,04cc7e8162528e63feaa8810a6c42aed67bce9b1,持卡人消费,15公寓浴池,-0.14,11.50,6018,正常
2016/04/09 17:29:21,00d2a02f5ede919b959a3a26c9673215a2257017,04cc7e8162528e63feaa8810a6c42aed67bce9b1,持卡人消费,15公寓浴池,-0.86,10.64,6020,正常
2016/04/10 09:17:07,00d2a02f5ede919b959a3a26c9673215a2257017,04cc7e8162528e63feaa8810a6c42aed67bce9b1,持卡人消费,超市商务子系统,-4.0,6.64,6021,正常
2016/04/12 18:20:24,00d2a02f5ede919b959a3a26c9673215a2257017,04cc7e8162528e63feaa8810a6c42aed67bce9b1,持卡人消费,15公寓浴池,-0.29,6.35,6023,正常
2016/04/12 18:24:54,00d2a02f5ede919b959a3a26c9673215a2257017,04cc7e8162528e63feaa8810a6c42aed67bce9b1,持卡人消费,15公寓浴池,-0.48,5.87,6025,正常
2016/04/12 18:28:23,00d2a02f5ede919b959a3a26c9673215a2257017,04cc7e8162528e63feaa8810a6c42aed67bce9b1,持卡人消费,15公寓浴池,-0.26,5.61,6027,正常
2016/04/12 18:34:40,00d2a02f5ede919b959a3a26c9673215a2257017,04cc7e8162528e63feaa8810a6c42aed67bce9b1,持卡人消费,15公寓浴池,-0.85,4.76,6029,正常
2016/04/13 11:20:41,00d2a02f5ede919b959a3a26c9673215a2257017,04cc7e8162528e63feaa8810a6c42aed67bce9b1,存款,现金充值机,100.0,104.76,6030,正常
2016/04/13 11:42:51,00d2a02f5ede919b959a3a26c9673215a2257017,04cc7e8162528e63feaa8810a6c42aed67bce9b1,持卡人消费,学苑楼商务网关,-8.0,96.76,6031,正常
2016/04/13 11:43:31,00d2a02f5ede919b959a3a26c9673215a2257017,04cc7e8162528e63feaa8810a6c42aed67bce9b1,持卡人消费,学苑楼商务网关,-0.2,96.56,6032,正常
2016/04/13 11:43:45,00d2a02f5ede919b959a3a26c9673215a2257017,04cc7e8162528e63feaa8810a6c42aed67bce9b1,持卡人消费,学苑楼商务网关,-1.5,95.06,6033,正常
2016/04/13 13:03:33,00d2a02f5ede919b959a3a26c9673215a2257017,04cc7e8162528e63feaa8810a6c42aed67bce9b1,持卡人消费,一区图书馆APOS,-0.35,94.71,6034,正常
2016/04/13 13:18:24,00d2a02f5ede919b959a3a26c9673215a2257017,04cc7e8162528e63feaa8810a6c42aed67bce9b1,持卡人消费,超市商务子系统,-8.3,86.41,6035,正常
2016/04/13 13:19:12,00d2a02f5ede919b959a3a26c9673215a2257017,04cc7e8162528e63feaa8810a6c42aed67bce9b1,持卡人消费,超市商务子系统,-12.0,74.41,6036,正常
2016/04/14 08:47:37,00d2a02f5ede919b959a3a26c9673215a2257017,04cc7e8162528e63feaa8810a6c42aed67bce9b1,持卡人消费,超市商务子系统,-4.0,70.41,6037,正常
2016/04/14 15:41:45,00d2a02f5ede919b959a3a26c9673215a2257017,04cc7e8162528e63feaa8810a6c42aed67bce9b1,持卡人消费,超市商务子系统,-14.2,56.21,6038,正常
2016/04/14 15:47:36,00d2a02f5ede919b959a3a26c9673215a2257017,04cc7e8162528e63feaa8810a6c42aed67bce9b1,持卡人消费,硕果园（工大商店）,-9.0,47.21,6039,正常
2016/04/15 11:46:53,00d2a02f5ede919b959a3a26c9673215a2257017,04cc7e8162528e63feaa8810a6c42aed67bce9b1,持卡人消费,学子楼商务网关,-8.0,39.21,6040,正常
2016/04/15 11:46:57,00d2a02f5ede919b959a3a26c9673215a2257017,04cc7e8162528e63feaa8810a6c42aed67bce9b1,持卡人消费,学子楼商务网关,-0.5,38.71,6041,正常
2016/04/15 19:16:43,00d2a02f5ede919b959a3a26c9673215a2257017,04cc7e8162528e63feaa8810a6c42aed67bce9b1,持卡人消费,15公寓浴池,-0.27,38.44,6043,正常
2016/04/15 19:21:28,00d2a02f5ede919b959a3a26c9673215a2257017,04cc7e8162528e63feaa8810a6c42aed67bce9b1,持卡人消费,15公寓浴池,-0.45,37.99,6045,正常
2016/04/15 19:21:51,00d2a02f5ede919b959a3a26c9673215a2257017,04cc7e8162528e63feaa8810a6c42aed67bce9b1,持卡人消费,15公寓浴池,-0.03,37.96,6047,正常
2016/04/15 19:24:42,00d2a02f5ede919b959a3a26c9673215a2257017,04cc7e8162528e63feaa8810a6c42aed67bce9b1,持卡人消费,15公寓浴池,-0.22,37.74,6049,正常
2016/04/15 19:28:03,00d2a02f5ede919b959a3a26c9673215a2257017,04cc7e8162528e63feaa8810a6c42aed67bce9b1,持卡人消费,15公寓浴池,-0.1,37.64,6051,正常
2016/04/15 19:31:23,00d2a02f5ede919b959a3a26c9673215a2257017,04cc7e8162528e63feaa8810a6c42aed67bce9b1,持卡人消费,15公寓浴池,-0.11,37.53,6053,正常
2016/04/15 19:36:14,00d2a02f5ede919b959a3a26c9673215a2257017,04cc7e8162528e63feaa8810a6c42aed67bce9b1,持卡人消费,15公寓浴池,-0.08,37.45,6055,正常
2016/04/15 19:39:22,00d2a02f5ede919b959a3a26c9673215a2257017,04cc7e8162528e63feaa8810a6c42aed67bce9b1,持卡人消费,15公寓浴池,-0.13,37.32,6057,正常
2016/04/15 19:40:31,00d2a02f5ede919b959a3a26c9673215a2257017,04cc7e8162528e63feaa8810a6c42aed67bce9b1,持卡人消费,15公寓浴池,-0.05,37.27,6059,正常
2016/04/15 19:40:56,00d2a02f5ede919b959a3a26c9673215a2257017,04cc7e8162528e63feaa8810a6c42aed67bce9b1,持卡人消费,15公寓浴池,-0.03,37.24,6061,正常
2016/04/15 19:41:38,00d2a02f5ede919b959a3a26c9673215a2257017,04cc7e8162528e63feaa8810a6c42aed67bce9b1,持卡人消费,15公寓浴池,-0.11,37.13,6063,正常
2016/04/15 20:08:57,00d2a02f5ede919b959a3a26c9673215a2257017,04cc7e8162528e63feaa8810a6c42aed67bce9b1,持卡人消费,15公寓浴池,-0.14,36.99,6065,正常
2016/04/15 20:09:38,00d2a02f5ede919b959a3a26c9673215a2257017,04cc7e8162528e63feaa8810a6c42aed67bce9b1,持卡人消费,15公寓浴池,-0.06,36.93,6067,正常
2016/04/15 20:12:15,00d2a02f5ede919b959a3a26c9673215a2257017,04cc7e8162528e63feaa8810a6c42aed67bce9b1,持卡人消费,15公寓浴池,-0.13,36.80,6069,正常
2016/04/15 20:16:55,00d2a02f5ede919b959a3a26c9673215a2257017,04cc7e8162528e63feaa8810a6c42aed67bce9b1,持卡人消费,15公寓浴池,-0.14,36.66,6071,正常
2016/04/15 20:20:55,00d2a02f5ede919b959a3a26c9673215a2257017,04cc7e8162528e63feaa8810a6c42aed67bce9b1,持卡人消费,15公寓浴池,-0.18,36.48,6073,正常
2016/04/15 20:21:47,00d2a02f5ede919b959a3a26c9673215a2257017,04cc7e8162528e63feaa8810a6c42aed67bce9b1,持卡人消费,15公寓浴池,-0.1,36.38,6075,正常
2016/04/15 20:23:35,00d2a02f5ede919b959a3a26c9673215a2257017,04cc7e8162528e63feaa8810a6c42aed67bce9b1,持卡人消费,15公寓浴池,-0.24,36.14,6077,正常
2016/04/15 20:28:55,00d2a02f5ede919b959a3a26c9673215a2257017,04cc7e8162528e63feaa8810a6c42aed67bce9b1,持卡人消费,15公寓浴池,-0.75,35.39,6079,正常
2016/04/15 20:30:47,00d2a02f5ede919b959a3a26c9673215a2257017,04cc7e8162528e63feaa8810a6c42aed67bce9b1,持卡人消费,15公寓浴池,-0.05,35.34,6081,正常
2016/04/18 16:34:27,00d2a02f5ede919b959a3a26c9673215a2257017,04cc7e8162528e63feaa8810a6c42aed67bce9b1,持卡人消费,15公寓浴池,-0.18,35.16,6083,正常
2016/04/18 16:39:21,00d2a02f5ede919b959a3a26c9673215a2257017,04cc7e8162528e63feaa8810a6c42aed67bce9b1,持卡人消费,15公寓浴池,-0.5,34.66,6085,正常
2016/04/18 16:41:48,00d2a02f5ede919b959a3a26c9673215a2257017,04cc7e8162528e63feaa8810a6c42aed67bce9b1,持卡人消费,15公寓浴池,-0.1,34.56,6087,正常
2016/04/18 16:47:22,00d2a02f5ede919b959a3a26c9673215a2257017,04cc7e8162528e63feaa8810a6c42aed67bce9b1,持卡人消费,15公寓浴池,-0.78,33.78,6089,正常
2016/04/18 17:37:30,00d2a02f5ede919b959a3a26c9673215a2257017,04cc7e8162528e63feaa8810a6c42aed67bce9b1,持卡人消费,学苑楼商务网关,-7.0,26.78,6090,正常
2016/04/18 17:39:01,00d2a02f5ede919b959a3a26c9673215a2257017,04cc7e8162528e63feaa8810a6c42aed67bce9b1,持卡人消费,学苑楼商务网关,-1.5,25.28,6091,正常
2016/04/18 18:00:09,00d2a02f5ede919b959a3a26c9673215a2257017,04cc7e8162528e63feaa8810a6c42aed67bce9b1,存款,学苑楼综合业务3,100.0,125.28,6092,正常
2016/04/18 18:09:34,00d2a02f5ede919b959a3a26c9673215a2257017,04cc7e8162528e63feaa8810a6c42aed67bce9b1,持卡人消费,超市商务子系统,-21.0,104.28,6093,正常
2016/04/19 12:52:04,00d2a02f5ede919b959a3a26c9673215a2257017,04cc7e8162528e63feaa8810a6c42aed67bce9b1,持卡人消费,硕果园（工大商店）,-7.0,97.28,6094,正常
2016/04/19 13:24:31,00d2a02f5ede919b959a3a26c9673215a2257017,04cc7e8162528e63feaa8810a6c42aed67bce9b1,持卡人消费,超市商务子系统,-6.0,91.28,6095,正常
2016/04/19 13:30:50,00d2a02f5ede919b959a3a26c9673215a2257017,04cc7e8162528e63feaa8810a6c42aed67bce9b1,持卡人消费,超市商务子系统,-3.2,88.08,6096,正常
2016/04/20 11:34:42,00d2a02f5ede919b959a3a26c9673215a2257017,04cc7e8162528e63feaa8810a6c42aed67bce9b1,持卡人消费,学苑楼商务网关,-6.0,82.08,6097,正常
2016/04/21 09:11:12,00d2a02f5ede919b959a3a26c9673215a2257017,04cc7e8162528e63feaa8810a6c42aed67bce9b1,持卡人消费,超市商务子系统,-3.0,79.08,6098,正常
2016/04/21 15:32:42,00d2a02f5ede919b959a3a26c9673215a2257017,04cc7e8162528e63feaa8810a6c42aed67bce9b1,持卡人消费,15公寓浴池,-0.22,78.86,6100,正常
2016/04/21 15:40:08,00d2a02f5ede919b959a3a26c9673215a2257017,04cc7e8162528e63feaa8810a6c42aed67bce9b1,持卡人消费,15公寓浴池,-0.4,78.46,6102,正常
2016/04/21 15:42:23,00d2a02f5ede919b959a3a26c9673215a2257017,04cc7e8162528e63feaa8810a6c42aed67bce9b1,持卡人消费,15公寓浴池,-0.11,78.35,6104,正常
2016/04/21 15:48:44,00d2a02f5ede919b959a3a26c9673215a2257017,04cc7e8162528e63feaa8810a6c42aed67bce9b1,持卡人消费,15公寓浴池,-0.88,77.47,6106,正常
2016/04/22 18:59:27,00d2a02f5ede919b959a3a26c9673215a2257017,04cc7e8162528e63feaa8810a6c42aed67bce9b1,持卡人消费,超市商务子系统,-6.0,71.47,6107,正常
2016/04/22 19:04:22,00d2a02f5ede919b959a3a26c9673215a2257017,04cc7e8162528e63feaa8810a6c42aed67bce9b1,持卡人消费,超市商务子系统,-3.5,67.97,6108,正常
2016/04/22 19:12:04,00d2a02f5ede919b959a3a26c9673215a2257017,04cc7e8162528e63feaa8810a6c42aed67bce9b1,持卡人消费,超市商务子系统,-3.5,64.47,6109,正常
2016/04/22 19:12:37,00d2a02f5ede919b959a3a26c9673215a2257017,04cc7e8162528e63feaa8810a6c42aed67bce9b1,持卡人消费,超市商务子系统,-13.1,51.37,6110,正常
2016/04/22 19:15:46,00d2a02f5ede919b959a3a26c9673215a2257017,04cc7e8162528e63feaa8810a6c42aed67bce9b1,持卡人消费,硕果园（工大商店）,-6.0,45.37,6111,正常
2016/04/23 18:53:30,00d2a02f5ede919b959a3a26c9673215a2257017,04cc7e8162528e63feaa8810a6c42aed67bce9b1,持卡人消费,硕果园（工大商店）,-10.0,35.37,6112,正常
2016/04/24 17:10:46,00d2a02f5ede919b959a3a26c9673215a2257017,04cc7e8162528e63feaa8810a6c42aed67bce9b1,持卡人消费,15公寓浴池,-0.06,35.31,6114,正常
2016/04/24 17:10:56,00d2a02f5ede919b959a3a26c9673215a2257017,04cc7e8162528e63feaa8810a6c42aed67bce9b1,持卡人消费,15公寓浴池,-0.02,35.29,6116,正常
2016/04/24 17:12:01,00d2a02f5ede919b959a3a26c9673215a2257017,04cc7e8162528e63feaa8810a6c42aed67bce9b1,持卡人消费,15公寓浴池,-0.19,35.10,6118,正常
2016/04/24 17:16:28,00d2a02f5ede919b959a3a26c9673215a2257017,04cc7e8162528e63feaa8810a6c42aed67bce9b1,持卡人消费,15公寓浴池,-0.45,34.65,6120,正常
2016/04/24 17:18:56,00d2a02f5ede919b959a3a26c9673215a2257017,04cc7e8162528e63feaa8810a6c42aed67bce9b1,持卡人消费,15公寓浴池,-0.13,34.52,6122,正常
2016/04/24 17:24:39,00d2a02f5ede919b959a3a26c9673215a2257017,04cc7e8162528e63feaa8810a6c42aed67bce9b1,持卡人消费,15公寓浴池,-0.85,33.67,6124,正常
2016/04/24 17:51:58,00d2a02f5ede919b959a3a26c9673215a2257017,04cc7e8162528e63feaa8810a6c42aed67bce9b1,存款,现金充值机,50.0,83.67,6125,正常
2016/04/24 18:13:16,00d2a02f5ede919b959a3a26c9673215a2257017,04cc7e8162528e63feaa8810a6c42aed67bce9b1,持卡人消费,学苑楼商务网关,-7.0,76.67,6126,正常
2016/04/24 18:14:50,00d2a02f5ede919b959a3a26c9673215a2257017,04cc7e8162528e63feaa8810a6c42aed67bce9b1,持卡人消费,学苑楼商务网关,-1.5,75.17,6127,正常
2016/04/24 18:54:05,00d2a02f5ede919b959a3a26c9673215a2257017,04cc7e8162528e63feaa8810a6c42aed67bce9b1,持卡人消费,超市商务子系统,-3.2,71.97,6128,正常
2016/04/26 11:09:14,00d2a02f5ede919b959a3a26c9673215a2257017,04cc7e8162528e63feaa8810a6c42aed67bce9b1,持卡人消费,学苑楼商务网关,-4.5,67.47,6129,正常
2016/04/26 11:34:12,00d2a02f5ede919b959a3a26c9673215a2257017,04cc7e8162528e63feaa8810a6c42aed67bce9b1,持卡人消费,超市商务子系统,-17.1,50.37,6130,正常
2016/04/26 18:26:46,00d2a02f5ede919b959a3a26c9673215a2257017,04cc7e8162528e63feaa8810a6c42aed67bce9b1,持卡人消费,学苑楼商务网关,-7.0,43.37,6131,正常
2016/04/26 18:50:09,00d2a02f5ede919b959a3a26c9673215a2257017,04cc7e8162528e63feaa8810a6c42aed67bce9b1,持卡人消费,超市商务子系统,-6.0,37.37,6132,正常
2016/04/27 08:05:54,00d2a02f5ede919b959a3a26c9673215a2257017,04cc7e8162528e63feaa8810a6c42aed67bce9b1,持卡人消费,超市商务子系统,-4.0,33.37,6133,正常
2016/04/27 16:41:32,00d2a02f5ede919b959a3a26c9673215a2257017,04cc7e8162528e63feaa8810a6c42aed67bce9b1,持卡人消费,15公寓浴池,-0.22,33.15,6135,正常
2016/04/27 16:46:53,00d2a02f5ede919b959a3a26c9673215a2257017,04cc7e8162528e63feaa8810a6c42aed67bce9b1,持卡人消费,15公寓浴池,-0.58,32.57,6137,正常
2016/04/27 16:50:43,00d2a02f5ede919b959a3a26c9673215a2257017,04cc7e8162528e63feaa8810a6c42aed67bce9b1,持卡人消费,15公寓浴池,-0.37,32.20,6139,正常
2016/04/27 16:58:45,00d2a02f5ede919b959a3a26c9673215a2257017,04cc7e8162528e63feaa8810a6c42aed67bce9b1,持卡人消费,15公寓浴池,-1.14,31.06,6141,正常
2016/04/28 16:10:27,00d2a02f5ede919b959a3a26c9673215a2257017,04cc7e8162528e63feaa8810a6c42aed67bce9b1,持卡人消费,网络中心,-30.0,1.06,6142,正常
