交易发生时间,学号,姓名,交易类型,子系统名称,交易额,现有余额,次数,状态
2016/04/01 08:51:05,7d431c62b19df1b1eb18b8097f4625ffa0e96ee1,04d0cf1d7ee4ee512174c448fa290c8efde76e76,持卡人消费,学士楼商务网关,-1.9,38.10,4123,正常
2016/04/01 08:52:12,7d431c62b19df1b1eb18b8097f4625ffa0e96ee1,04d0cf1d7ee4ee512174c448fa290c8efde76e76,持卡人消费,学士楼商务网关,-0.9,37.20,4124,正常
2016/04/02 11:22:42,7d431c62b19df1b1eb18b8097f4625ffa0e96ee1,04d0cf1d7ee4ee512174c448fa290c8efde76e76,持卡人消费,学士楼商务网关,-4.6,32.60,4125,正常
2016/04/03 17:14:36,7d431c62b19df1b1eb18b8097f4625ffa0e96ee1,04d0cf1d7ee4ee512174c448fa290c8efde76e76,持卡人消费,学士楼商务网关,-0.2,32.40,4126,正常
2016/04/03 17:15:33,7d431c62b19df1b1eb18b8097f4625ffa0e96ee1,04d0cf1d7ee4ee512174c448fa290c8efde76e76,持卡人消费,学士楼商务网关,-1.5,30.90,4127,正常
2016/04/03 17:16:43,7d431c62b19df1b1eb18b8097f4625ffa0e96ee1,04d0cf1d7ee4ee512174c448fa290c8efde76e76,持卡人消费,学士楼商务网关,-1.5,29.40,4128,正常
2016/04/03 17:22:59,7d431c62b19df1b1eb18b8097f4625ffa0e96ee1,04d0cf1d7ee4ee512174c448fa290c8efde76e76,持卡人消费,学士楼商务网关,-2.5,26.90,4129,正常
2016/04/04 18:05:10,7d431c62b19df1b1eb18b8097f4625ffa0e96ee1,04d0cf1d7ee4ee512174c448fa290c8efde76e76,持卡人消费,学士楼商务网关,-7.6,19.30,4130,正常
2016/04/05 11:05:58,7d431c62b19df1b1eb18b8097f4625ffa0e96ee1,04d0cf1d7ee4ee512174c448fa290c8efde76e76,持卡人消费,硕果园（工大商店）,-5.0,14.30,4131,正常
2016/04/05 11:10:41,7d431c62b19df1b1eb18b8097f4625ffa0e96ee1,04d0cf1d7ee4ee512174c448fa290c8efde76e76,持卡人消费,学士楼商务网关,-4.6,9.70,4132,正常
2016/04/05 12:24:14,7d431c62b19df1b1eb18b8097f4625ffa0e96ee1,04d0cf1d7ee4ee512174c448fa290c8efde76e76,持卡人消费,15公寓浴池,-0.21,9.49,4134,正常
2016/04/05 12:35:00,7d431c62b19df1b1eb18b8097f4625ffa0e96ee1,04d0cf1d7ee4ee512174c448fa290c8efde76e76,持卡人消费,15公寓浴池,-2.0,7.49,4135,正常
2016/04/05 12:44:50,7d431c62b19df1b1eb18b8097f4625ffa0e96ee1,04d0cf1d7ee4ee512174c448fa290c8efde76e76,持卡人消费,15公寓浴池,-1.87,5.62,4137,正常
2016/04/05 16:44:48,7d431c62b19df1b1eb18b8097f4625ffa0e96ee1,04d0cf1d7ee4ee512174c448fa290c8efde76e76,持卡人消费,学士楼商务网关,-3.6,2.02,4138,正常
2016/04/05 16:46:38,7d431c62b19df1b1eb18b8097f4625ffa0e96ee1,04d0cf1d7ee4ee512174c448fa290c8efde76e76,持卡人消费,学士楼商务网关,-1.5,0.52,4139,正常
2016/04/06 08:53:03,7d431c62b19df1b1eb18b8097f4625ffa0e96ee1,04d0cf1d7ee4ee512174c448fa290c8efde76e76,存款,现金充值机,100.0,100.52,4140,正常
2016/04/06 09:12:19,7d431c62b19df1b1eb18b8097f4625ffa0e96ee1,04d0cf1d7ee4ee512174c448fa290c8efde76e76,持卡人消费,学士楼商务网关,-0.9,99.62,4141,正常
2016/04/06 09:13:32,7d431c62b19df1b1eb18b8097f4625ffa0e96ee1,04d0cf1d7ee4ee512174c448fa290c8efde76e76,持卡人消费,学士楼商务网关,-2.0,97.62,4142,正常
2016/04/06 11:41:35,7d431c62b19df1b1eb18b8097f4625ffa0e96ee1,04d0cf1d7ee4ee512174c448fa290c8efde76e76,持卡人消费,学士楼商务网关,-1.95,95.67,4143,正常
2016/04/06 17:06:54,7d431c62b19df1b1eb18b8097f4625ffa0e96ee1,04d0cf1d7ee4ee512174c448fa290c8efde76e76,持卡人消费,学士楼商务网关,-3.0,92.67,4144,正常
2016/04/06 17:08:11,7d431c62b19df1b1eb18b8097f4625ffa0e96ee1,04d0cf1d7ee4ee512174c448fa290c8efde76e76,持卡人消费,学士楼商务网关,-8.51,84.16,4145,正常
2016/04/07 09:07:51,7d431c62b19df1b1eb18b8097f4625ffa0e96ee1,04d0cf1d7ee4ee512174c448fa290c8efde76e76,持卡人消费,学士楼商务网关,-0.3,83.86,4146,正常
2016/04/07 09:08:43,7d431c62b19df1b1eb18b8097f4625ffa0e96ee1,04d0cf1d7ee4ee512174c448fa290c8efde76e76,持卡人消费,学士楼商务网关,-1.5,82.36,4147,正常
2016/04/07 11:09:08,7d431c62b19df1b1eb18b8097f4625ffa0e96ee1,04d0cf1d7ee4ee512174c448fa290c8efde76e76,持卡人消费,硕果园（工大商店）,-5.0,77.36,4148,正常
2016/04/07 11:13:42,7d431c62b19df1b1eb18b8097f4625ffa0e96ee1,04d0cf1d7ee4ee512174c448fa290c8efde76e76,持卡人消费,学士楼商务网关,-2.0,75.36,4149,正常
2016/04/07 17:30:08,7d431c62b19df1b1eb18b8097f4625ffa0e96ee1,04d0cf1d7ee4ee512174c448fa290c8efde76e76,持卡人消费,学士楼商务网关,-6.6,68.76,4150,正常
2016/04/08 09:29:37,7d431c62b19df1b1eb18b8097f4625ffa0e96ee1,04d0cf1d7ee4ee512174c448fa290c8efde76e76,持卡人消费,学士楼商务网关,-0.9,67.86,4151,正常
2016/04/08 09:30:26,7d431c62b19df1b1eb18b8097f4625ffa0e96ee1,04d0cf1d7ee4ee512174c448fa290c8efde76e76,持卡人消费,学士楼商务网关,-0.5,67.36,4152,正常
2016/04/08 11:24:08,7d431c62b19df1b1eb18b8097f4625ffa0e96ee1,04d0cf1d7ee4ee512174c448fa290c8efde76e76,持卡人消费,学士楼商务网关,-2.2,65.16,4153,正常
2016/04/09 11:41:28,7d431c62b19df1b1eb18b8097f4625ffa0e96ee1,04d0cf1d7ee4ee512174c448fa290c8efde76e76,持卡人消费,学士楼商务网关,-0.63,64.53,4154,正常
2016/04/09 17:16:50,7d431c62b19df1b1eb18b8097f4625ffa0e96ee1,04d0cf1d7ee4ee512174c448fa290c8efde76e76,持卡人消费,学士楼商务网关,-6.0,58.53,4155,正常
2016/04/09 17:19:27,7d431c62b19df1b1eb18b8097f4625ffa0e96ee1,04d0cf1d7ee4ee512174c448fa290c8efde76e76,持卡人消费,学士楼商务网关,-1.0,57.53,4156,正常
2016/04/09 17:21:12,7d431c62b19df1b1eb18b8097f4625ffa0e96ee1,04d0cf1d7ee4ee512174c448fa290c8efde76e76,持卡人消费,学士楼商务网关,-3.91,53.62,4157,正常
2016/04/10 11:15:57,7d431c62b19df1b1eb18b8097f4625ffa0e96ee1,04d0cf1d7ee4ee512174c448fa290c8efde76e76,持卡人消费,学士楼商务网关,-5.6,48.02,4158,正常
2016/04/10 17:34:50,7d431c62b19df1b1eb18b8097f4625ffa0e96ee1,04d0cf1d7ee4ee512174c448fa290c8efde76e76,持卡人消费,网络中心,-30.0,18.02,4159,正常
2016/04/10 18:21:24,7d431c62b19df1b1eb18b8097f4625ffa0e96ee1,04d0cf1d7ee4ee512174c448fa290c8efde76e76,持卡人消费,学士楼商务网关,-0.6,17.42,4160,正常
2016/04/10 18:22:42,7d431c62b19df1b1eb18b8097f4625ffa0e96ee1,04d0cf1d7ee4ee512174c448fa290c8efde76e76,持卡人消费,学士楼商务网关,-2.0,15.42,4161,正常
2016/04/10 18:36:27,7d431c62b19df1b1eb18b8097f4625ffa0e96ee1,04d0cf1d7ee4ee512174c448fa290c8efde76e76,持卡人消费,硕果园（工大商店）,-5.0,10.42,4162,正常
2016/04/11 06:43:48,7d431c62b19df1b1eb18b8097f4625ffa0e96ee1,04d0cf1d7ee4ee512174c448fa290c8efde76e76,持卡人消费,学士楼商务网关,-2.1,8.32,4163,正常
2016/04/11 06:50:59,7d431c62b19df1b1eb18b8097f4625ffa0e96ee1,04d0cf1d7ee4ee512174c448fa290c8efde76e76,持卡人消费,学士楼商务网关,-0.9,7.42,4164,正常
2016/04/11 17:25:53,7d431c62b19df1b1eb18b8097f4625ffa0e96ee1,04d0cf1d7ee4ee512174c448fa290c8efde76e76,持卡人消费,学士楼商务网关,-1.5,5.92,4165,正常
2016/04/12 06:29:55,7d431c62b19df1b1eb18b8097f4625ffa0e96ee1,04d0cf1d7ee4ee512174c448fa290c8efde76e76,持卡人消费,学士楼商务网关,-2.7,3.22,4166,正常
2016/04/12 06:30:44,7d431c62b19df1b1eb18b8097f4625ffa0e96ee1,04d0cf1d7ee4ee512174c448fa290c8efde76e76,持卡人消费,学士楼商务网关,-0.9,2.32,4167,正常
2016/04/12 17:47:23,7d431c62b19df1b1eb18b8097f4625ffa0e96ee1,04d0cf1d7ee4ee512174c448fa290c8efde76e76,存款,现金充值机,100.0,102.32,4168,正常
2016/04/12 18:12:57,7d431c62b19df1b1eb18b8097f4625ffa0e96ee1,04d0cf1d7ee4ee512174c448fa290c8efde76e76,持卡人消费,学士楼商务网关,-2.2,100.12,4169,正常
2016/04/13 11:56:19,7d431c62b19df1b1eb18b8097f4625ffa0e96ee1,04d0cf1d7ee4ee512174c448fa290c8efde76e76,持卡人消费,学士楼商务网关,-7.0,93.12,4170,正常
2016/04/13 17:46:42,7d431c62b19df1b1eb18b8097f4625ffa0e96ee1,04d0cf1d7ee4ee512174c448fa290c8efde76e76,持卡人消费,学苑楼商务网关,-3.5,89.62,4171,正常
2016/04/13 17:47:18,7d431c62b19df1b1eb18b8097f4625ffa0e96ee1,04d0cf1d7ee4ee512174c448fa290c8efde76e76,持卡人消费,学苑楼商务网关,-0.6,89.02,4172,正常
2016/04/14 07:52:50,7d431c62b19df1b1eb18b8097f4625ffa0e96ee1,04d0cf1d7ee4ee512174c448fa290c8efde76e76,持卡人消费,学士楼商务网关,-1.7,87.32,4173,正常
2016/04/14 11:39:46,7d431c62b19df1b1eb18b8097f4625ffa0e96ee1,04d0cf1d7ee4ee512174c448fa290c8efde76e76,持卡人消费,学苑楼商务网关,-3.5,83.82,4174,正常
2016/04/14 11:40:17,7d431c62b19df1b1eb18b8097f4625ffa0e96ee1,04d0cf1d7ee4ee512174c448fa290c8efde76e76,持卡人消费,学苑楼商务网关,-0.6,83.22,4175,正常
2016/04/14 17:26:06,7d431c62b19df1b1eb18b8097f4625ffa0e96ee1,04d0cf1d7ee4ee512174c448fa290c8efde76e76,持卡人消费,学士楼商务网关,-4.7,78.52,4176,正常
2016/04/14 17:29:49,7d431c62b19df1b1eb18b8097f4625ffa0e96ee1,04d0cf1d7ee4ee512174c448fa290c8efde76e76,持卡人消费,学士楼商务网关,-0.7,77.82,4177,正常
2016/04/15 06:35:51,7d431c62b19df1b1eb18b8097f4625ffa0e96ee1,04d0cf1d7ee4ee512174c448fa290c8efde76e76,持卡人消费,学士楼商务网关,-2.1,75.72,4178,正常
2016/04/15 06:37:49,7d431c62b19df1b1eb18b8097f4625ffa0e96ee1,04d0cf1d7ee4ee512174c448fa290c8efde76e76,持卡人消费,学士楼商务网关,-0.9,74.82,4179,正常
2016/04/15 12:19:12,7d431c62b19df1b1eb18b8097f4625ffa0e96ee1,04d0cf1d7ee4ee512174c448fa290c8efde76e76,持卡人消费,学士楼商务网关,-3.6,71.22,4180,正常
2016/04/15 12:20:27,7d431c62b19df1b1eb18b8097f4625ffa0e96ee1,04d0cf1d7ee4ee512174c448fa290c8efde76e76,持卡人消费,学士楼商务网关,-2.0,69.22,4181,正常
2016/04/15 17:24:46,7d431c62b19df1b1eb18b8097f4625ffa0e96ee1,04d0cf1d7ee4ee512174c448fa290c8efde76e76,持卡人消费,学士楼商务网关,-2.1,67.12,4182,正常
2016/04/16 14:41:30,7d431c62b19df1b1eb18b8097f4625ffa0e96ee1,04d0cf1d7ee4ee512174c448fa290c8efde76e76,持卡人消费,硕果园（工大商店）,-10.0,57.12,4183,正常
2016/04/16 17:03:03,7d431c62b19df1b1eb18b8097f4625ffa0e96ee1,04d0cf1d7ee4ee512174c448fa290c8efde76e76,持卡人消费,学士楼商务网关,-2.1,55.02,4184,正常
2016/04/17 11:27:58,7d431c62b19df1b1eb18b8097f4625ffa0e96ee1,04d0cf1d7ee4ee512174c448fa290c8efde76e76,持卡人消费,硕果园（工大商店）,-5.0,50.02,4185,正常
2016/04/17 11:31:52,7d431c62b19df1b1eb18b8097f4625ffa0e96ee1,04d0cf1d7ee4ee512174c448fa290c8efde76e76,持卡人消费,学士楼商务网关,-2.6,47.42,4186,正常
2016/04/17 11:33:01,7d431c62b19df1b1eb18b8097f4625ffa0e96ee1,04d0cf1d7ee4ee512174c448fa290c8efde76e76,持卡人消费,学士楼商务网关,-0.6,46.82,4187,正常
2016/04/17 17:52:57,7d431c62b19df1b1eb18b8097f4625ffa0e96ee1,04d0cf1d7ee4ee512174c448fa290c8efde76e76,持卡人消费,学士楼商务网关,-5.1,41.72,4188,正常
2016/04/17 17:55:27,7d431c62b19df1b1eb18b8097f4625ffa0e96ee1,04d0cf1d7ee4ee512174c448fa290c8efde76e76,持卡人消费,学士楼商务网关,-1.4,40.32,4189,正常
2016/04/18 07:12:07,7d431c62b19df1b1eb18b8097f4625ffa0e96ee1,04d0cf1d7ee4ee512174c448fa290c8efde76e76,持卡人消费,学士楼商务网关,-2.4,37.92,4190,正常
2016/04/19 06:39:47,7d431c62b19df1b1eb18b8097f4625ffa0e96ee1,04d0cf1d7ee4ee512174c448fa290c8efde76e76,持卡人消费,学士楼商务网关,-1.5,36.42,4191,正常
2016/04/19 06:41:01,7d431c62b19df1b1eb18b8097f4625ffa0e96ee1,04d0cf1d7ee4ee512174c448fa290c8efde76e76,持卡人消费,学士楼商务网关,-1.5,34.92,4192,正常
2016/04/19 12:24:00,7d431c62b19df1b1eb18b8097f4625ffa0e96ee1,04d0cf1d7ee4ee512174c448fa290c8efde76e76,持卡人消费,学士楼商务网关,-7.5,27.42,4193,正常
2016/04/20 08:46:36,7d431c62b19df1b1eb18b8097f4625ffa0e96ee1,04d0cf1d7ee4ee512174c448fa290c8efde76e76,持卡人消费,学士楼商务网关,-1.9,25.52,4194,正常
2016/04/20 11:49:15,7d431c62b19df1b1eb18b8097f4625ffa0e96ee1,04d0cf1d7ee4ee512174c448fa290c8efde76e76,持卡人消费,学士楼商务网关,-1.95,23.57,4195,正常
2016/04/20 11:49:31,7d431c62b19df1b1eb18b8097f4625ffa0e96ee1,04d0cf1d7ee4ee512174c448fa290c8efde76e76,持卡人消费,学士楼商务网关,-0.2,23.37,4196,正常
2016/04/20 17:15:25,7d431c62b19df1b1eb18b8097f4625ffa0e96ee1,04d0cf1d7ee4ee512174c448fa290c8efde76e76,持卡人消费,学士楼商务网关,-5.6,17.77,4197,正常
2016/04/21 07:31:39,7d431c62b19df1b1eb18b8097f4625ffa0e96ee1,04d0cf1d7ee4ee512174c448fa290c8efde76e76,持卡人消费,学士楼商务网关,-2.4,15.37,4198,正常
2016/04/21 11:41:16,7d431c62b19df1b1eb18b8097f4625ffa0e96ee1,04d0cf1d7ee4ee512174c448fa290c8efde76e76,持卡人消费,学苑楼商务网关,-4.1,11.27,4199,正常
2016/04/21 11:44:30,7d431c62b19df1b1eb18b8097f4625ffa0e96ee1,04d0cf1d7ee4ee512174c448fa290c8efde76e76,持卡人消费,学苑楼商务网关,-3.5,7.77,4200,正常
2016/04/21 17:16:48,7d431c62b19df1b1eb18b8097f4625ffa0e96ee1,04d0cf1d7ee4ee512174c448fa290c8efde76e76,持卡人消费,学士楼商务网关,-5.0,2.77,4201,正常
2016/04/22 06:36:45,7d431c62b19df1b1eb18b8097f4625ffa0e96ee1,04d0cf1d7ee4ee512174c448fa290c8efde76e76,持卡人消费,学士楼商务网关,-1.9,0.87,4202,正常
2016/04/22 11:39:31,7d431c62b19df1b1eb18b8097f4625ffa0e96ee1,04d0cf1d7ee4ee512174c448fa290c8efde76e76,存款,现金充值机,100.0,100.87,4203,正常
2016/04/22 12:03:35,7d431c62b19df1b1eb18b8097f4625ffa0e96ee1,04d0cf1d7ee4ee512174c448fa290c8efde76e76,持卡人消费,学苑楼商务网关,-6.5,94.37,4204,正常
2016/04/22 17:20:55,7d431c62b19df1b1eb18b8097f4625ffa0e96ee1,04d0cf1d7ee4ee512174c448fa290c8efde76e76,持卡人消费,学士楼商务网关,-5.1,89.27,4205,正常
2016/04/22 17:36:42,7d431c62b19df1b1eb18b8097f4625ffa0e96ee1,04d0cf1d7ee4ee512174c448fa290c8efde76e76,持卡人消费,学士楼商务网关,-2.0,87.27,4206,正常
2016/04/23 11:56:07,7d431c62b19df1b1eb18b8097f4625ffa0e96ee1,04d0cf1d7ee4ee512174c448fa290c8efde76e76,持卡人消费,学苑楼商务网关,-2.6,84.67,4207,正常
2016/04/23 11:57:41,7d431c62b19df1b1eb18b8097f4625ffa0e96ee1,04d0cf1d7ee4ee512174c448fa290c8efde76e76,持卡人消费,学苑楼商务网关,-2.8,81.87,4208,正常
2016/04/23 11:58:38,7d431c62b19df1b1eb18b8097f4625ffa0e96ee1,04d0cf1d7ee4ee512174c448fa290c8efde76e76,持卡人消费,学苑楼商务网关,-1.2,80.67,4209,正常
2016/04/23 17:33:57,7d431c62b19df1b1eb18b8097f4625ffa0e96ee1,04d0cf1d7ee4ee512174c448fa290c8efde76e76,持卡人消费,学士楼商务网关,-4.6,76.07,4210,正常
2016/04/23 17:34:55,7d431c62b19df1b1eb18b8097f4625ffa0e96ee1,04d0cf1d7ee4ee512174c448fa290c8efde76e76,持卡人消费,学士楼商务网关,-1.5,74.57,4211,正常
2016/04/24 07:47:35,7d431c62b19df1b1eb18b8097f4625ffa0e96ee1,04d0cf1d7ee4ee512174c448fa290c8efde76e76,持卡人消费,学士楼商务网关,-2.1,72.47,4212,正常
2016/04/24 07:59:05,7d431c62b19df1b1eb18b8097f4625ffa0e96ee1,04d0cf1d7ee4ee512174c448fa290c8efde76e76,持卡人消费,学士楼商务网关,-1.4,71.07,4213,正常
2016/04/24 11:44:56,7d431c62b19df1b1eb18b8097f4625ffa0e96ee1,04d0cf1d7ee4ee512174c448fa290c8efde76e76,持卡人消费,学士楼商务网关,-6.9,64.17,4214,正常
2016/04/25 11:26:30,7d431c62b19df1b1eb18b8097f4625ffa0e96ee1,04d0cf1d7ee4ee512174c448fa290c8efde76e76,持卡人消费,学苑楼商务网关,-4.6,59.57,4215,正常
2016/04/25 11:27:13,7d431c62b19df1b1eb18b8097f4625ffa0e96ee1,04d0cf1d7ee4ee512174c448fa290c8efde76e76,持卡人消费,学苑楼商务网关,-1.0,58.57,4216,正常
2016/04/25 17:43:13,7d431c62b19df1b1eb18b8097f4625ffa0e96ee1,04d0cf1d7ee4ee512174c448fa290c8efde76e76,持卡人消费,学苑楼商务网关,-6.0,52.57,4217,正常
2016/04/26 06:36:34,7d431c62b19df1b1eb18b8097f4625ffa0e96ee1,04d0cf1d7ee4ee512174c448fa290c8efde76e76,持卡人消费,学士楼商务网关,-2.1,50.47,4218,正常
2016/04/26 11:17:30,7d431c62b19df1b1eb18b8097f4625ffa0e96ee1,04d0cf1d7ee4ee512174c448fa290c8efde76e76,持卡人消费,学士楼商务网关,-9.9,40.57,4219,正常
2016/04/26 18:11:50,7d431c62b19df1b1eb18b8097f4625ffa0e96ee1,04d0cf1d7ee4ee512174c448fa290c8efde76e76,持卡人消费,硕果园（工大商店）,-9.0,31.57,4220,正常
2016/04/27 11:55:27,7d431c62b19df1b1eb18b8097f4625ffa0e96ee1,04d0cf1d7ee4ee512174c448fa290c8efde76e76,持卡人消费,学士楼商务网关,-3.95,27.62,4221,正常
2016/04/27 17:33:24,7d431c62b19df1b1eb18b8097f4625ffa0e96ee1,04d0cf1d7ee4ee512174c448fa290c8efde76e76,持卡人消费,学苑楼商务网关,-1.6,26.02,4222,正常
2016/04/27 17:34:43,7d431c62b19df1b1eb18b8097f4625ffa0e96ee1,04d0cf1d7ee4ee512174c448fa290c8efde76e76,持卡人消费,学苑楼商务网关,-4.0,22.02,4223,正常
2016/04/28 07:09:20,7d431c62b19df1b1eb18b8097f4625ffa0e96ee1,04d0cf1d7ee4ee512174c448fa290c8efde76e76,持卡人消费,学士楼商务网关,-2.4,19.62,4224,正常
2016/04/28 12:08:34,7d431c62b19df1b1eb18b8097f4625ffa0e96ee1,04d0cf1d7ee4ee512174c448fa290c8efde76e76,持卡人消费,学苑楼商务网关,-6.6,13.02,4225,正常
2016/04/28 12:10:38,7d431c62b19df1b1eb18b8097f4625ffa0e96ee1,04d0cf1d7ee4ee512174c448fa290c8efde76e76,持卡人消费,学苑楼商务网关,-2.5,10.52,4226,正常
2016/04/28 14:51:03,7d431c62b19df1b1eb18b8097f4625ffa0e96ee1,04d0cf1d7ee4ee512174c448fa290c8efde76e76,持卡人消费,15公寓浴池,-2.0,8.52,4227,正常
2016/04/28 15:01:44,7d431c62b19df1b1eb18b8097f4625ffa0e96ee1,04d0cf1d7ee4ee512174c448fa290c8efde76e76,持卡人消费,15公寓浴池,-2.0,6.52,4228,正常
2016/04/28 18:15:06,7d431c62b19df1b1eb18b8097f4625ffa0e96ee1,04d0cf1d7ee4ee512174c448fa290c8efde76e76,存款,卡中心综合业务,100.0,106.52,4229,正常
2016/04/28 18:18:51,7d431c62b19df1b1eb18b8097f4625ffa0e96ee1,04d0cf1d7ee4ee512174c448fa290c8efde76e76,持卡人消费,学苑楼商务网关,-7.0,99.52,4230,正常
2016/04/28 18:34:04,7d431c62b19df1b1eb18b8097f4625ffa0e96ee1,04d0cf1d7ee4ee512174c448fa290c8efde76e76,持卡人消费,硕果园（工大商店）,-5.0,94.52,4231,正常
2016/04/28 20:56:16,7d431c62b19df1b1eb18b8097f4625ffa0e96ee1,04d0cf1d7ee4ee512174c448fa290c8efde76e76,持卡人消费,网络中心,-30.0,64.52,4232,正常
2016/04/29 06:43:42,7d431c62b19df1b1eb18b8097f4625ffa0e96ee1,04d0cf1d7ee4ee512174c448fa290c8efde76e76,持卡人消费,学士楼商务网关,-1.9,62.62,4233,正常
2016/04/29 06:44:43,7d431c62b19df1b1eb18b8097f4625ffa0e96ee1,04d0cf1d7ee4ee512174c448fa290c8efde76e76,持卡人消费,学士楼商务网关,-0.9,61.72,4234,正常
2016/04/29 12:12:32,7d431c62b19df1b1eb18b8097f4625ffa0e96ee1,04d0cf1d7ee4ee512174c448fa290c8efde76e76,持卡人消费,学苑楼商务网关,-8.0,53.72,4235,正常
2016/04/29 17:42:06,7d431c62b19df1b1eb18b8097f4625ffa0e96ee1,04d0cf1d7ee4ee512174c448fa290c8efde76e76,持卡人消费,学士楼商务网关,-2.1,51.62,4236,正常
2016/04/30 11:17:09,7d431c62b19df1b1eb18b8097f4625ffa0e96ee1,04d0cf1d7ee4ee512174c448fa290c8efde76e76,持卡人消费,学苑楼商务网关,-6.0,45.62,4237,正常
