交易发生时间,学号,姓名,交易类型,子系统名称,交易额,现有余额,次数,状态
2016/04/03 19:59:42,185b1e0c7c297bb66006c5488fb483518127595b,04de6a516de7225dc930f481f9d2b44dd10f8dda,持卡人消费,学子超市园丁总店,-5.9,53.30,3431,正常
2016/04/04 17:40:55,185b1e0c7c297bb66006c5488fb483518127595b,04de6a516de7225dc930f481f9d2b44dd10f8dda,持卡人消费,学苑楼商务网关,-7.0,46.30,3432,正常
2016/04/05 11:19:52,185b1e0c7c297bb66006c5488fb483518127595b,04de6a516de7225dc930f481f9d2b44dd10f8dda,存款,现金充值机,100.0,146.30,3433,正常
2016/04/05 11:36:37,185b1e0c7c297bb66006c5488fb483518127595b,04de6a516de7225dc930f481f9d2b44dd10f8dda,持卡人消费,学苑楼商务网关,-4.0,142.30,3434,正常
2016/04/05 18:18:56,185b1e0c7c297bb66006c5488fb483518127595b,04de6a516de7225dc930f481f9d2b44dd10f8dda,持卡人消费,学苑楼商务网关,-5.0,137.30,3435,正常
2016/04/06 12:33:53,185b1e0c7c297bb66006c5488fb483518127595b,04de6a516de7225dc930f481f9d2b44dd10f8dda,持卡人消费,学士楼商务网关,-3.6,133.70,3436,正常
2016/04/06 18:12:05,185b1e0c7c297bb66006c5488fb483518127595b,04de6a516de7225dc930f481f9d2b44dd10f8dda,持卡人消费,学苑楼商务网关,-6.0,127.70,3437,正常
2016/04/07 11:55:22,185b1e0c7c297bb66006c5488fb483518127595b,04de6a516de7225dc930f481f9d2b44dd10f8dda,持卡人消费,硕果园（工大商店）,-8.0,119.70,3438,正常
2016/04/08 10:54:13,185b1e0c7c297bb66006c5488fb483518127595b,04de6a516de7225dc930f481f9d2b44dd10f8dda,持卡人消费,学苑楼商务网关,-4.0,115.70,3439,正常
2016/04/08 10:56:02,185b1e0c7c297bb66006c5488fb483518127595b,04de6a516de7225dc930f481f9d2b44dd10f8dda,持卡人消费,学苑楼商务网关,-2.5,113.20,3440,正常
2016/04/08 10:56:50,185b1e0c7c297bb66006c5488fb483518127595b,04de6a516de7225dc930f481f9d2b44dd10f8dda,持卡人消费,学苑楼商务网关,-2.5,110.70,3441,正常
2016/04/08 21:19:53,185b1e0c7c297bb66006c5488fb483518127595b,04de6a516de7225dc930f481f9d2b44dd10f8dda,持卡人消费,学子超市园丁总店,-8.7,102.00,3442,正常
2016/04/09 08:22:59,185b1e0c7c297bb66006c5488fb483518127595b,04de6a516de7225dc930f481f9d2b44dd10f8dda,持卡人消费,学士楼商务网关,-3.0,99.00,3443,正常
2016/04/09 08:23:10,185b1e0c7c297bb66006c5488fb483518127595b,04de6a516de7225dc930f481f9d2b44dd10f8dda,持卡人消费,学士楼商务网关,-1.25,97.75,3444,正常
2016/04/10 14:51:15,185b1e0c7c297bb66006c5488fb483518127595b,04de6a516de7225dc930f481f9d2b44dd10f8dda,持卡人消费,A7,-3.0,94.75,3445,正常
2016/04/10 15:11:45,185b1e0c7c297bb66006c5488fb483518127595b,04de6a516de7225dc930f481f9d2b44dd10f8dda,持卡人消费,一校区水控新,-0.24,94.51,3446,正常
2016/04/10 15:17:31,185b1e0c7c297bb66006c5488fb483518127595b,04de6a516de7225dc930f481f9d2b44dd10f8dda,持卡人消费,一校区水控新,-0.24,94.27,3447,正常
2016/04/10 15:23:05,185b1e0c7c297bb66006c5488fb483518127595b,04de6a516de7225dc930f481f9d2b44dd10f8dda,持卡人消费,一校区水控新,-0.78,93.49,3448,正常
2016/04/10 15:27:50,185b1e0c7c297bb66006c5488fb483518127595b,04de6a516de7225dc930f481f9d2b44dd10f8dda,持卡人消费,一校区水控新,-0.54,92.95,3449,正常
2016/04/11 10:00:31,185b1e0c7c297bb66006c5488fb483518127595b,04de6a516de7225dc930f481f9d2b44dd10f8dda,持卡人消费,超市商务子系统,-10.0,82.95,3450,正常
2016/04/11 10:01:47,185b1e0c7c297bb66006c5488fb483518127595b,04de6a516de7225dc930f481f9d2b44dd10f8dda,持卡人消费,超市商务子系统,-1.7,81.25,3451,正常
2016/04/11 10:04:31,185b1e0c7c297bb66006c5488fb483518127595b,04de6a516de7225dc930f481f9d2b44dd10f8dda,持卡人消费,学士楼商务网关,-3.6,77.65,3452,正常
2016/04/11 10:05:50,185b1e0c7c297bb66006c5488fb483518127595b,04de6a516de7225dc930f481f9d2b44dd10f8dda,持卡人消费,学士楼商务网关,-3.0,74.65,3453,正常
2016/04/12 09:56:46,185b1e0c7c297bb66006c5488fb483518127595b,04de6a516de7225dc930f481f9d2b44dd10f8dda,持卡人消费,学士楼商务网关,-4.3,70.35,3454,正常
2016/04/12 14:37:21,185b1e0c7c297bb66006c5488fb483518127595b,04de6a516de7225dc930f481f9d2b44dd10f8dda,持卡人消费,网络中心,-30.0,40.35,3455,正常
2016/04/12 17:55:59,185b1e0c7c297bb66006c5488fb483518127595b,04de6a516de7225dc930f481f9d2b44dd10f8dda,持卡人消费,学士楼商务网关,-3.8,36.55,3456,正常
2016/04/13 12:30:32,185b1e0c7c297bb66006c5488fb483518127595b,04de6a516de7225dc930f481f9d2b44dd10f8dda,持卡人消费,学士楼商务网关,-3.6,32.95,3457,正常
2016/04/13 17:29:47,185b1e0c7c297bb66006c5488fb483518127595b,04de6a516de7225dc930f481f9d2b44dd10f8dda,持卡人消费,学士楼商务网关,-6.4,26.55,3458,正常
2016/04/13 17:42:54,185b1e0c7c297bb66006c5488fb483518127595b,04de6a516de7225dc930f481f9d2b44dd10f8dda,持卡人消费,超市商务子系统,-1.7,24.85,3459,正常
2016/04/14 11:50:06,185b1e0c7c297bb66006c5488fb483518127595b,04de6a516de7225dc930f481f9d2b44dd10f8dda,持卡人消费,学士楼商务网关,-4.6,20.25,3460,正常
2016/04/14 16:23:53,185b1e0c7c297bb66006c5488fb483518127595b,04de6a516de7225dc930f481f9d2b44dd10f8dda,持卡人消费,学子楼商务网关,-9.0,11.25,3461,正常
2016/04/14 16:40:01,185b1e0c7c297bb66006c5488fb483518127595b,04de6a516de7225dc930f481f9d2b44dd10f8dda,持卡人消费,学子楼商务网关,-5.5,5.75,3462,正常
2016/04/14 16:58:45,185b1e0c7c297bb66006c5488fb483518127595b,04de6a516de7225dc930f481f9d2b44dd10f8dda,存款,学苑楼综合业务3,100.0,105.75,3463,正常
2016/04/15 16:02:03,185b1e0c7c297bb66006c5488fb483518127595b,04de6a516de7225dc930f481f9d2b44dd10f8dda,持卡人消费,超市商务子系统,-7.5,98.25,3464,正常
2016/04/15 16:02:59,185b1e0c7c297bb66006c5488fb483518127595b,04de6a516de7225dc930f481f9d2b44dd10f8dda,持卡人消费,超市商务子系统,-1.7,96.55,3465,正常
2016/04/16 11:45:47,185b1e0c7c297bb66006c5488fb483518127595b,04de6a516de7225dc930f481f9d2b44dd10f8dda,持卡人消费,学苑楼商务网关,-5.0,91.55,3466,正常
2016/04/16 11:47:07,185b1e0c7c297bb66006c5488fb483518127595b,04de6a516de7225dc930f481f9d2b44dd10f8dda,持卡人消费,学苑楼商务网关,-3.0,88.55,3467,正常
2016/04/16 11:51:24,185b1e0c7c297bb66006c5488fb483518127595b,04de6a516de7225dc930f481f9d2b44dd10f8dda,持卡人消费,学苑楼商务网关,-1.4,87.15,3468,正常
2016/04/17 12:27:50,185b1e0c7c297bb66006c5488fb483518127595b,04de6a516de7225dc930f481f9d2b44dd10f8dda,持卡人消费,硕果园（工大商店）,-11.0,76.15,3469,正常
2016/04/17 12:31:53,185b1e0c7c297bb66006c5488fb483518127595b,04de6a516de7225dc930f481f9d2b44dd10f8dda,持卡人消费,硕果园（工大商店）,-8.0,68.15,3470,正常
2016/04/17 18:09:46,185b1e0c7c297bb66006c5488fb483518127595b,04de6a516de7225dc930f481f9d2b44dd10f8dda,持卡人消费,学士楼商务网关,-5.0,63.15,3471,正常
2016/04/17 18:14:52,185b1e0c7c297bb66006c5488fb483518127595b,04de6a516de7225dc930f481f9d2b44dd10f8dda,持卡人消费,学士楼商务网关,-2.5,60.65,3472,正常
2016/04/18 11:59:43,185b1e0c7c297bb66006c5488fb483518127595b,04de6a516de7225dc930f481f9d2b44dd10f8dda,持卡人消费,学士楼商务网关,-4.6,56.05,3473,正常
2016/04/19 10:50:45,185b1e0c7c297bb66006c5488fb483518127595b,04de6a516de7225dc930f481f9d2b44dd10f8dda,持卡人消费,学士楼商务网关,-4.1,51.95,3474,正常
2016/04/19 10:52:48,185b1e0c7c297bb66006c5488fb483518127595b,04de6a516de7225dc930f481f9d2b44dd10f8dda,持卡人消费,学士楼商务网关,-2.5,49.45,3475,正常
2016/04/19 17:38:10,185b1e0c7c297bb66006c5488fb483518127595b,04de6a516de7225dc930f481f9d2b44dd10f8dda,持卡人消费,学士楼商务网关,-4.8,44.65,3476,正常
2016/04/20 10:34:10,185b1e0c7c297bb66006c5488fb483518127595b,04de6a516de7225dc930f481f9d2b44dd10f8dda,持卡人消费,学士楼商务网关,-4.6,40.05,3477,正常
2016/04/20 17:45:18,185b1e0c7c297bb66006c5488fb483518127595b,04de6a516de7225dc930f481f9d2b44dd10f8dda,持卡人消费,学士楼商务网关,-6.4,33.65,3478,正常
2016/04/21 11:49:40,185b1e0c7c297bb66006c5488fb483518127595b,04de6a516de7225dc930f481f9d2b44dd10f8dda,持卡人消费,学士楼商务网关,-4.6,29.05,3479,正常
2016/04/21 11:56:41,185b1e0c7c297bb66006c5488fb483518127595b,04de6a516de7225dc930f481f9d2b44dd10f8dda,持卡人消费,超市商务子系统,-7.5,21.55,3480,正常
2016/04/22 13:20:05,185b1e0c7c297bb66006c5488fb483518127595b,04de6a516de7225dc930f481f9d2b44dd10f8dda,持卡人消费,学子楼商务网关,-5.4,16.15,3481,正常
2016/04/22 13:05:23,185b1e0c7c297bb66006c5488fb483518127595b,04de6a516de7225dc930f481f9d2b44dd10f8dda,存款,现金充值机,100.0,116.15,3482,正常
2016/04/22 13:26:44,185b1e0c7c297bb66006c5488fb483518127595b,04de6a516de7225dc930f481f9d2b44dd10f8dda,持卡人消费,超市商务子系统,-10.0,106.15,3483,正常
2016/04/22 13:27:41,185b1e0c7c297bb66006c5488fb483518127595b,04de6a516de7225dc930f481f9d2b44dd10f8dda,持卡人消费,超市商务子系统,-1.7,104.45,3484,正常
2016/04/24 17:37:10,185b1e0c7c297bb66006c5488fb483518127595b,04de6a516de7225dc930f481f9d2b44dd10f8dda,持卡人消费,学士楼商务网关,-5.0,99.45,3485,正常
2016/04/24 21:15:36,185b1e0c7c297bb66006c5488fb483518127595b,04de6a516de7225dc930f481f9d2b44dd10f8dda,持卡人消费,学子超市园丁总店,-4.7,94.75,3486,正常
2016/04/26 16:51:15,185b1e0c7c297bb66006c5488fb483518127595b,04de6a516de7225dc930f481f9d2b44dd10f8dda,持卡人消费,学苑楼商务网关,-1.4,93.35,3487,正常
2016/04/26 16:52:16,185b1e0c7c297bb66006c5488fb483518127595b,04de6a516de7225dc930f481f9d2b44dd10f8dda,持卡人消费,学苑楼商务网关,-5.0,88.35,3488,正常
2016/04/26 17:04:45,185b1e0c7c297bb66006c5488fb483518127595b,04de6a516de7225dc930f481f9d2b44dd10f8dda,持卡人消费,超市商务子系统,-7.5,80.85,3489,正常
2016/04/26 17:05:59,185b1e0c7c297bb66006c5488fb483518127595b,04de6a516de7225dc930f481f9d2b44dd10f8dda,持卡人消费,超市商务子系统,-9.6,71.25,3490,正常
2016/04/27 11:35:22,185b1e0c7c297bb66006c5488fb483518127595b,04de6a516de7225dc930f481f9d2b44dd10f8dda,持卡人消费,学士楼商务网关,-6.0,65.25,3491,正常
2016/04/27 11:38:09,185b1e0c7c297bb66006c5488fb483518127595b,04de6a516de7225dc930f481f9d2b44dd10f8dda,持卡人消费,学士楼商务网关,-3.0,62.25,3492,正常
2016/04/27 11:47:36,185b1e0c7c297bb66006c5488fb483518127595b,04de6a516de7225dc930f481f9d2b44dd10f8dda,持卡人消费,学士楼商务网关,-6.1,56.15,3493,正常
2016/04/27 17:48:22,185b1e0c7c297bb66006c5488fb483518127595b,04de6a516de7225dc930f481f9d2b44dd10f8dda,持卡人消费,学士楼商务网关,-6.2,49.95,3494,正常
2016/04/27 18:02:38,185b1e0c7c297bb66006c5488fb483518127595b,04de6a516de7225dc930f481f9d2b44dd10f8dda,持卡人消费,超市商务子系统,-10.0,39.95,3495,正常
2016/04/28 10:43:37,185b1e0c7c297bb66006c5488fb483518127595b,04de6a516de7225dc930f481f9d2b44dd10f8dda,持卡人消费,学士楼商务网关,-7.6,32.35,3496,正常
2016/04/28 17:04:30,185b1e0c7c297bb66006c5488fb483518127595b,04de6a516de7225dc930f481f9d2b44dd10f8dda,持卡人消费,学士楼商务网关,-6.0,26.35,3497,正常
2016/04/28 17:10:28,185b1e0c7c297bb66006c5488fb483518127595b,04de6a516de7225dc930f481f9d2b44dd10f8dda,持卡人消费,学士楼商务网关,-0.4,25.95,3498,正常
2016/04/29 11:30:50,185b1e0c7c297bb66006c5488fb483518127595b,04de6a516de7225dc930f481f9d2b44dd10f8dda,持卡人消费,学苑楼商务网关,-8.0,17.95,3499,正常
2016/04/29 11:31:09,185b1e0c7c297bb66006c5488fb483518127595b,04de6a516de7225dc930f481f9d2b44dd10f8dda,持卡人消费,学苑楼商务网关,-8.0,9.95,3500,正常
2016/04/29 18:28:31,185b1e0c7c297bb66006c5488fb483518127595b,04de6a516de7225dc930f481f9d2b44dd10f8dda,持卡人消费,一校区水控新,-0.26,9.69,3502,正常
2016/04/29 18:36:15,185b1e0c7c297bb66006c5488fb483518127595b,04de6a516de7225dc930f481f9d2b44dd10f8dda,持卡人消费,一校区水控新,-1.01,8.68,3504,正常
2016/04/29 18:39:01,185b1e0c7c297bb66006c5488fb483518127595b,04de6a516de7225dc930f481f9d2b44dd10f8dda,持卡人消费,一校区水控新,-0.32,8.36,3506,正常
2016/04/30 12:09:16,185b1e0c7c297bb66006c5488fb483518127595b,04de6a516de7225dc930f481f9d2b44dd10f8dda,存款,现金充值机,100.0,108.36,3507,正常
2016/04/30 12:31:14,185b1e0c7c297bb66006c5488fb483518127595b,04de6a516de7225dc930f481f9d2b44dd10f8dda,持卡人消费,学苑楼商务网关,-8.0,100.36,3508,正常
2016/04/30 12:43:26,185b1e0c7c297bb66006c5488fb483518127595b,04de6a516de7225dc930f481f9d2b44dd10f8dda,持卡人消费,超市商务子系统,-10.0,90.36,3509,正常
2016/04/30 12:46:23,185b1e0c7c297bb66006c5488fb483518127595b,04de6a516de7225dc930f481f9d2b44dd10f8dda,持卡人消费,超市商务子系统,-18.9,71.46,3510,正常
2016/04/30 12:47:21,185b1e0c7c297bb66006c5488fb483518127595b,04de6a516de7225dc930f481f9d2b44dd10f8dda,持卡人消费,超市商务子系统,-1.7,69.76,3511,正常
2016/04/30 18:05:38,185b1e0c7c297bb66006c5488fb483518127595b,04de6a516de7225dc930f481f9d2b44dd10f8dda,持卡人消费,学苑楼商务网关,-7.0,62.76,3512,正常
2016/04/30 18:06:25,185b1e0c7c297bb66006c5488fb483518127595b,04de6a516de7225dc930f481f9d2b44dd10f8dda,持卡人消费,学苑楼商务网关,-2.5,60.26,3513,正常
