交易发生时间,学号,姓名,交易类型,子系统名称,交易额,现有余额,次数,状态
2016/04/01 11:20:01,e9a77b72045c8c8e30140821efc70f3c3bd161d2,05cb4f438c04ab01040bbb4aba05bc189f704247,持卡人消费,九食堂商务网关,-12.0,12.96,2894,正常
2016/04/01 19:30:28,e9a77b72045c8c8e30140821efc70f3c3bd161d2,05cb4f438c04ab01040bbb4aba05bc189f704247,持卡人消费,学子便利店B07,-1.5,11.46,2895,正常
2016/04/02 20:33:09,e9a77b72045c8c8e30140821efc70f3c3bd161d2,05cb4f438c04ab01040bbb4aba05bc189f704247,持卡人消费,学子便利店B07,-5.9,5.56,2896,正常
2016/04/02 20:33:11,e9a77b72045c8c8e30140821efc70f3c3bd161d2,05cb4f438c04ab01040bbb4aba05bc189f704247,持卡人消费,学子便利店B07,-1.0,4.56,2897,正常
2016/04/02 20:33:45,e9a77b72045c8c8e30140821efc70f3c3bd161d2,05cb4f438c04ab01040bbb4aba05bc189f704247,持卡人消费,学子便利店B07,-0.7,3.86,2898,正常
2016/04/05 08:33:05,e9a77b72045c8c8e30140821efc70f3c3bd161d2,05cb4f438c04ab01040bbb4aba05bc189f704247,持卡人消费,学子便利店B07,-1.0,2.86,2899,正常
2016/04/05 10:14:52,e9a77b72045c8c8e30140821efc70f3c3bd161d2,05cb4f438c04ab01040bbb4aba05bc189f704247,存款,现金充值机,100.0,102.86,2900,正常
2016/04/05 10:42:23,e9a77b72045c8c8e30140821efc70f3c3bd161d2,05cb4f438c04ab01040bbb4aba05bc189f704247,持卡人消费,九食堂商务网关,-10.0,92.86,2901,正常
2016/04/05 10:43:07,e9a77b72045c8c8e30140821efc70f3c3bd161d2,05cb4f438c04ab01040bbb4aba05bc189f704247,持卡人消费,九食堂商务网关,-13.0,79.86,2902,正常
2016/04/05 16:20:23,e9a77b72045c8c8e30140821efc70f3c3bd161d2,05cb4f438c04ab01040bbb4aba05bc189f704247,持卡人消费,二区水控,-2.56,77.30,2904,正常
2016/04/06 11:28:12,e9a77b72045c8c8e30140821efc70f3c3bd161d2,05cb4f438c04ab01040bbb4aba05bc189f704247,持卡人消费,四食堂商务网关,-1.5,75.80,2905,正常
2016/04/06 11:28:35,e9a77b72045c8c8e30140821efc70f3c3bd161d2,05cb4f438c04ab01040bbb4aba05bc189f704247,持卡人消费,四食堂商务网关,-6.55,69.25,2906,正常
2016/04/06 11:28:42,e9a77b72045c8c8e30140821efc70f3c3bd161d2,05cb4f438c04ab01040bbb4aba05bc189f704247,持卡人消费,四食堂商务网关,-8.86,60.39,2907,正常
2016/04/09 11:34:58,e9a77b72045c8c8e30140821efc70f3c3bd161d2,05cb4f438c04ab01040bbb4aba05bc189f704247,持卡人消费,四食堂商务网关,-6.05,54.34,2908,正常
2016/04/09 17:10:11,e9a77b72045c8c8e30140821efc70f3c3bd161d2,05cb4f438c04ab01040bbb4aba05bc189f704247,持卡人消费,五食堂商务网关,-4.4,49.94,2909,正常
2016/04/09 21:21:52,e9a77b72045c8c8e30140821efc70f3c3bd161d2,05cb4f438c04ab01040bbb4aba05bc189f704247,持卡人消费,学子便利店B07,-4.5,45.44,2910,正常
2016/04/10 17:20:22,e9a77b72045c8c8e30140821efc70f3c3bd161d2,05cb4f438c04ab01040bbb4aba05bc189f704247,持卡人消费,五食堂商务网关,-5.4,40.04,2911,正常
2016/04/10 17:21:20,e9a77b72045c8c8e30140821efc70f3c3bd161d2,05cb4f438c04ab01040bbb4aba05bc189f704247,持卡人消费,五食堂商务网关,-2.5,37.54,2912,正常
2016/04/11 11:41:54,e9a77b72045c8c8e30140821efc70f3c3bd161d2,05cb4f438c04ab01040bbb4aba05bc189f704247,持卡人消费,九食堂商务网关,-12.0,25.54,2913,正常
2016/04/12 11:36:04,e9a77b72045c8c8e30140821efc70f3c3bd161d2,05cb4f438c04ab01040bbb4aba05bc189f704247,持卡人消费,九食堂商务网关,-12.0,13.54,2914,正常
2016/04/12 17:06:21,e9a77b72045c8c8e30140821efc70f3c3bd161d2,05cb4f438c04ab01040bbb4aba05bc189f704247,持卡人消费,四食堂商务网关,-5.54,8.00,2915,正常
2016/04/12 19:01:41,e9a77b72045c8c8e30140821efc70f3c3bd161d2,05cb4f438c04ab01040bbb4aba05bc189f704247,持卡人消费,二区水控,-2.38,5.62,2917,正常
2016/04/12 19:10:07,e9a77b72045c8c8e30140821efc70f3c3bd161d2,05cb4f438c04ab01040bbb4aba05bc189f704247,持卡人消费,B7,-3.0,2.62,2918,正常
2016/04/13 09:59:09,e9a77b72045c8c8e30140821efc70f3c3bd161d2,05cb4f438c04ab01040bbb4aba05bc189f704247,持卡人消费,学子便利店B05,-1.6,1.02,2919,正常
2016/04/13 10:08:00,e9a77b72045c8c8e30140821efc70f3c3bd161d2,05cb4f438c04ab01040bbb4aba05bc189f704247,存款,现金充值机,60.0,61.02,2920,正常
2016/04/13 10:10:52,e9a77b72045c8c8e30140821efc70f3c3bd161d2,05cb4f438c04ab01040bbb4aba05bc189f704247,持卡人消费,四食堂商务网关,-18.0,43.02,2921,正常
2016/04/13 10:14:14,e9a77b72045c8c8e30140821efc70f3c3bd161d2,05cb4f438c04ab01040bbb4aba05bc189f704247,持卡人消费,四食堂商务网关,-4.0,39.02,2922,正常
2016/04/13 17:30:23,e9a77b72045c8c8e30140821efc70f3c3bd161d2,05cb4f438c04ab01040bbb4aba05bc189f704247,持卡人消费,四食堂商务网关,-5.45,33.57,2923,正常
2016/04/13 17:30:29,e9a77b72045c8c8e30140821efc70f3c3bd161d2,05cb4f438c04ab01040bbb4aba05bc189f704247,持卡人消费,四食堂商务网关,-7.32,26.25,2924,正常
2016/04/14 11:10:15,e9a77b72045c8c8e30140821efc70f3c3bd161d2,05cb4f438c04ab01040bbb4aba05bc189f704247,持卡人消费,四食堂商务网关,-1.5,24.75,2925,正常
2016/04/14 11:10:34,e9a77b72045c8c8e30140821efc70f3c3bd161d2,05cb4f438c04ab01040bbb4aba05bc189f704247,持卡人消费,四食堂商务网关,-7.32,17.43,2926,正常
2016/04/14 11:10:42,e9a77b72045c8c8e30140821efc70f3c3bd161d2,05cb4f438c04ab01040bbb4aba05bc189f704247,持卡人消费,四食堂商务网关,-5.59,11.84,2927,正常
2016/04/14 18:32:59,e9a77b72045c8c8e30140821efc70f3c3bd161d2,05cb4f438c04ab01040bbb4aba05bc189f704247,存款,现金充值机,100.0,111.84,2928,正常
2016/04/14 18:36:31,e9a77b72045c8c8e30140821efc70f3c3bd161d2,05cb4f438c04ab01040bbb4aba05bc189f704247,持卡人消费,四食堂商务网关,-10.0,101.84,2929,正常
2016/04/14 18:36:58,e9a77b72045c8c8e30140821efc70f3c3bd161d2,05cb4f438c04ab01040bbb4aba05bc189f704247,持卡人消费,四食堂商务网关,-3.2,98.64,2930,正常
2016/04/14 18:38:35,e9a77b72045c8c8e30140821efc70f3c3bd161d2,05cb4f438c04ab01040bbb4aba05bc189f704247,持卡人消费,四食堂商务网关,-5.0,93.64,2931,正常
2016/04/15 11:42:19,e9a77b72045c8c8e30140821efc70f3c3bd161d2,05cb4f438c04ab01040bbb4aba05bc189f704247,持卡人消费,九食堂商务网关,-3.4,90.24,2932,正常
2016/04/15 11:43:34,e9a77b72045c8c8e30140821efc70f3c3bd161d2,05cb4f438c04ab01040bbb4aba05bc189f704247,持卡人消费,九食堂商务网关,-2.0,88.24,2933,正常
2016/04/15 11:44:59,e9a77b72045c8c8e30140821efc70f3c3bd161d2,05cb4f438c04ab01040bbb4aba05bc189f704247,持卡人消费,九食堂商务网关,-5.0,83.24,2934,正常
2016/04/15 12:15:17,e9a77b72045c8c8e30140821efc70f3c3bd161d2,05cb4f438c04ab01040bbb4aba05bc189f704247,持卡人消费,二区水控,-2.08,81.16,2936,正常
2016/04/15 12:17:57,e9a77b72045c8c8e30140821efc70f3c3bd161d2,05cb4f438c04ab01040bbb4aba05bc189f704247,持卡人消费,二区水控,-0.32,80.84,2938,正常
2016/04/16 22:16:04,e9a77b72045c8c8e30140821efc70f3c3bd161d2,05cb4f438c04ab01040bbb4aba05bc189f704247,持卡人消费,学子便利店B07,-5.0,75.84,2939,正常
2016/04/17 11:27:48,e9a77b72045c8c8e30140821efc70f3c3bd161d2,05cb4f438c04ab01040bbb4aba05bc189f704247,持卡人消费,四食堂商务网关,-10.3,65.54,2940,正常
2016/04/17 11:27:56,e9a77b72045c8c8e30140821efc70f3c3bd161d2,05cb4f438c04ab01040bbb4aba05bc189f704247,持卡人消费,四食堂商务网关,-7.37,58.17,2941,正常
2016/04/17 18:31:56,e9a77b72045c8c8e30140821efc70f3c3bd161d2,05cb4f438c04ab01040bbb4aba05bc189f704247,持卡人消费,四食堂商务网关,-5.0,53.17,2942,正常
2016/04/17 18:33:10,e9a77b72045c8c8e30140821efc70f3c3bd161d2,05cb4f438c04ab01040bbb4aba05bc189f704247,持卡人消费,四食堂商务网关,-3.0,50.17,2943,正常
2016/04/17 21:48:55,e9a77b72045c8c8e30140821efc70f3c3bd161d2,05cb4f438c04ab01040bbb4aba05bc189f704247,持卡人消费,学子便利店B07,-5.0,45.17,2944,正常
2016/04/18 10:03:40,e9a77b72045c8c8e30140821efc70f3c3bd161d2,05cb4f438c04ab01040bbb4aba05bc189f704247,持卡人消费,四食堂商务网关,-10.0,35.17,2945,正常
2016/04/18 10:04:03,e9a77b72045c8c8e30140821efc70f3c3bd161d2,05cb4f438c04ab01040bbb4aba05bc189f704247,持卡人消费,四食堂商务网关,-3.2,31.97,2946,正常
2016/04/18 10:05:05,e9a77b72045c8c8e30140821efc70f3c3bd161d2,05cb4f438c04ab01040bbb4aba05bc189f704247,持卡人消费,四食堂商务网关,-1.5,30.47,2947,正常
2016/04/18 10:05:12,e9a77b72045c8c8e30140821efc70f3c3bd161d2,05cb4f438c04ab01040bbb4aba05bc189f704247,持卡人消费,四食堂商务网关,-0.6,29.87,2948,正常
2016/04/18 12:27:50,e9a77b72045c8c8e30140821efc70f3c3bd161d2,05cb4f438c04ab01040bbb4aba05bc189f704247,持卡人消费,二区水控,-2.8,27.07,2950,正常
2016/04/18 17:15:45,e9a77b72045c8c8e30140821efc70f3c3bd161d2,05cb4f438c04ab01040bbb4aba05bc189f704247,持卡人消费,四食堂商务网关,-8.18,18.89,2951,正常
2016/04/18 17:15:50,e9a77b72045c8c8e30140821efc70f3c3bd161d2,05cb4f438c04ab01040bbb4aba05bc189f704247,持卡人消费,四食堂商务网关,-4.9,13.99,2952,正常
2016/04/19 11:12:23,e9a77b72045c8c8e30140821efc70f3c3bd161d2,05cb4f438c04ab01040bbb4aba05bc189f704247,存款,现金充值机,100.0,113.99,2953,正常
2016/04/19 11:47:16,e9a77b72045c8c8e30140821efc70f3c3bd161d2,05cb4f438c04ab01040bbb4aba05bc189f704247,持卡人消费,九食堂商务网关,-14.0,99.99,2954,正常
2016/04/19 20:19:00,e9a77b72045c8c8e30140821efc70f3c3bd161d2,05cb4f438c04ab01040bbb4aba05bc189f704247,持卡人消费,学子便利店B07,-5.4,94.59,2955,正常
2016/04/20 16:45:42,e9a77b72045c8c8e30140821efc70f3c3bd161d2,05cb4f438c04ab01040bbb4aba05bc189f704247,持卡人消费,四食堂商务网关,-9.36,85.23,2956,正常
2016/04/20 22:25:09,e9a77b72045c8c8e30140821efc70f3c3bd161d2,05cb4f438c04ab01040bbb4aba05bc189f704247,持卡人消费,学子便利店B07,-5.0,80.23,2957,正常
2016/04/21 10:50:35,e9a77b72045c8c8e30140821efc70f3c3bd161d2,05cb4f438c04ab01040bbb4aba05bc189f704247,持卡人消费,四食堂商务网关,-6.77,73.46,2958,正常
2016/04/21 10:52:03,e9a77b72045c8c8e30140821efc70f3c3bd161d2,05cb4f438c04ab01040bbb4aba05bc189f704247,持卡人消费,四食堂商务网关,-1.5,71.96,2959,正常
2016/04/22 11:07:58,e9a77b72045c8c8e30140821efc70f3c3bd161d2,05cb4f438c04ab01040bbb4aba05bc189f704247,持卡人消费,九食堂商务网关,-14.0,57.96,2960,正常
2016/04/22 11:08:35,e9a77b72045c8c8e30140821efc70f3c3bd161d2,05cb4f438c04ab01040bbb4aba05bc189f704247,持卡人消费,九食堂商务网关,-9.0,48.96,2961,正常
2016/04/22 17:23:29,e9a77b72045c8c8e30140821efc70f3c3bd161d2,05cb4f438c04ab01040bbb4aba05bc189f704247,持卡人消费,四食堂商务网关,-7.75,41.21,2962,正常
2016/04/22 18:34:34,e9a77b72045c8c8e30140821efc70f3c3bd161d2,05cb4f438c04ab01040bbb4aba05bc189f704247,持卡人消费,二区水控,-1.44,39.77,2964,正常
2016/04/22 18:40:03,e9a77b72045c8c8e30140821efc70f3c3bd161d2,05cb4f438c04ab01040bbb4aba05bc189f704247,持卡人消费,二区水控,-1.04,38.73,2966,正常
2016/04/22 22:09:31,e9a77b72045c8c8e30140821efc70f3c3bd161d2,05cb4f438c04ab01040bbb4aba05bc189f704247,持卡人消费,学子便利店B07,-6.0,32.73,2967,正常
2016/04/22 22:09:43,e9a77b72045c8c8e30140821efc70f3c3bd161d2,05cb4f438c04ab01040bbb4aba05bc189f704247,持卡人消费,学子便利店B07,-5.2,27.53,2968,正常
2016/04/23 10:46:36,e9a77b72045c8c8e30140821efc70f3c3bd161d2,05cb4f438c04ab01040bbb4aba05bc189f704247,持卡人消费,九食堂商务网关,-14.0,13.53,2969,正常
2016/04/23 10:51:56,e9a77b72045c8c8e30140821efc70f3c3bd161d2,05cb4f438c04ab01040bbb4aba05bc189f704247,持卡人消费,九食堂商务网关,-9.0,4.53,2970,正常
2016/04/23 19:12:39,e9a77b72045c8c8e30140821efc70f3c3bd161d2,05cb4f438c04ab01040bbb4aba05bc189f704247,持卡人消费,学子便利店B07,-3.0,1.53,2971,正常
2016/04/25 21:39:24,e9a77b72045c8c8e30140821efc70f3c3bd161d2,05cb4f438c04ab01040bbb4aba05bc189f704247,持卡人消费,学子便利店B07,-0.5,1.03,2972,正常
2016/04/25 21:39:45,e9a77b72045c8c8e30140821efc70f3c3bd161d2,05cb4f438c04ab01040bbb4aba05bc189f704247,持卡人消费,学子便利店B07,-1.0,0.03,2973,正常
2016/04/28 10:08:59,e9a77b72045c8c8e30140821efc70f3c3bd161d2,05cb4f438c04ab01040bbb4aba05bc189f704247,存款,现金充值机,100.0,100.03,2974,正常
2016/04/28 10:12:03,e9a77b72045c8c8e30140821efc70f3c3bd161d2,05cb4f438c04ab01040bbb4aba05bc189f704247,持卡人消费,四食堂商务网关,-3.6,96.43,2975,正常
2016/04/28 16:47:43,e9a77b72045c8c8e30140821efc70f3c3bd161d2,05cb4f438c04ab01040bbb4aba05bc189f704247,持卡人消费,四食堂商务网关,-7.18,89.25,2976,正常
2016/04/29 11:39:55,e9a77b72045c8c8e30140821efc70f3c3bd161d2,05cb4f438c04ab01040bbb4aba05bc189f704247,持卡人消费,四食堂商务网关,-7.44,81.81,2977,正常
2016/04/29 11:42:48,e9a77b72045c8c8e30140821efc70f3c3bd161d2,05cb4f438c04ab01040bbb4aba05bc189f704247,持卡人消费,四食堂商务网关,-7.92,73.89,2978,正常
2016/04/30 00:15:30,e9a77b72045c8c8e30140821efc70f3c3bd161d2,05cb4f438c04ab01040bbb4aba05bc189f704247,持卡人消费,网络中心,-30.0,43.89,2979,正常
2016/04/30 12:07:48,e9a77b72045c8c8e30140821efc70f3c3bd161d2,05cb4f438c04ab01040bbb4aba05bc189f704247,持卡人消费,四食堂商务网关,-5.0,38.89,2980,正常
2016/04/30 12:08:58,e9a77b72045c8c8e30140821efc70f3c3bd161d2,05cb4f438c04ab01040bbb4aba05bc189f704247,持卡人消费,四食堂商务网关,-8.0,30.89,2981,正常
2016/04/30 12:11:17,e9a77b72045c8c8e30140821efc70f3c3bd161d2,05cb4f438c04ab01040bbb4aba05bc189f704247,持卡人消费,四食堂商务网关,-5.0,25.89,2982,正常
