交易发生时间,学号,姓名,交易类型,子系统名称,交易额,现有余额,次数,状态
2016/04/02 10:44:29,2faa48df839fc2b3f42e8151bab6426b9f11d89a,060ca3da496ff807838b011d9de8943e2b14fbf2,持卡人消费,学子楼商务网关,-12.0,185.53,3588,正常
2016/04/02 10:46:56,2faa48df839fc2b3f42e8151bab6426b9f11d89a,060ca3da496ff807838b011d9de8943e2b14fbf2,持卡人消费,学子楼商务网关,-4.0,181.53,3589,正常
2016/04/11 16:53:36,2faa48df839fc2b3f42e8151bab6426b9f11d89a,060ca3da496ff807838b011d9de8943e2b14fbf2,持卡人消费,学士楼商务网关,-2.0,179.53,3590,正常
2016/04/13 10:36:46,2faa48df839fc2b3f42e8151bab6426b9f11d89a,060ca3da496ff807838b011d9de8943e2b14fbf2,持卡人消费,A15,-6.0,173.53,3591,正常
2016/04/13 11:12:12,2faa48df839fc2b3f42e8151bab6426b9f11d89a,060ca3da496ff807838b011d9de8943e2b14fbf2,持卡人消费,网络中心,-30.0,143.53,3592,正常
2016/04/13 13:44:50,2faa48df839fc2b3f42e8151bab6426b9f11d89a,060ca3da496ff807838b011d9de8943e2b14fbf2,持卡人消费,15公寓浴池,-2.0,141.53,3593,正常
2016/04/13 13:48:39,2faa48df839fc2b3f42e8151bab6426b9f11d89a,060ca3da496ff807838b011d9de8943e2b14fbf2,持卡人消费,15公寓浴池,-0.66,140.87,3595,正常
2016/04/13 16:53:03,2faa48df839fc2b3f42e8151bab6426b9f11d89a,060ca3da496ff807838b011d9de8943e2b14fbf2,持卡人消费,学苑楼商务网关,-6.0,134.87,3596,正常
2016/04/13 16:53:20,2faa48df839fc2b3f42e8151bab6426b9f11d89a,060ca3da496ff807838b011d9de8943e2b14fbf2,持卡人消费,学苑楼商务网关,-0.4,134.47,3597,正常
2016/04/13 16:54:10,2faa48df839fc2b3f42e8151bab6426b9f11d89a,060ca3da496ff807838b011d9de8943e2b14fbf2,持卡人消费,学苑楼商务网关,-1.0,133.47,3598,正常
2016/04/13 16:54:58,2faa48df839fc2b3f42e8151bab6426b9f11d89a,060ca3da496ff807838b011d9de8943e2b14fbf2,持卡人消费,学苑楼商务网关,-0.63,132.84,3599,正常
2016/04/13 16:55:54,2faa48df839fc2b3f42e8151bab6426b9f11d89a,060ca3da496ff807838b011d9de8943e2b14fbf2,持卡人消费,学苑楼商务网关,-3.0,129.84,3600,正常
2016/04/13 16:57:16,2faa48df839fc2b3f42e8151bab6426b9f11d89a,060ca3da496ff807838b011d9de8943e2b14fbf2,持卡人消费,学苑楼商务网关,-3.0,126.84,3601,正常
2016/04/14 08:01:54,2faa48df839fc2b3f42e8151bab6426b9f11d89a,060ca3da496ff807838b011d9de8943e2b14fbf2,持卡人消费,学苑楼商务网关,-9.0,117.84,3602,正常
2016/04/14 09:02:44,2faa48df839fc2b3f42e8151bab6426b9f11d89a,060ca3da496ff807838b011d9de8943e2b14fbf2,持卡人消费,超市商务子系统,-8.9,108.94,3603,正常
2016/04/14 16:50:51,2faa48df839fc2b3f42e8151bab6426b9f11d89a,060ca3da496ff807838b011d9de8943e2b14fbf2,持卡人消费,学苑楼商务网关,-1.5,107.44,3604,正常
2016/04/14 16:51:02,2faa48df839fc2b3f42e8151bab6426b9f11d89a,060ca3da496ff807838b011d9de8943e2b14fbf2,持卡人消费,学苑楼商务网关,-0.5,106.94,3605,正常
2016/04/14 16:52:29,2faa48df839fc2b3f42e8151bab6426b9f11d89a,060ca3da496ff807838b011d9de8943e2b14fbf2,持卡人消费,学苑楼商务网关,-2.0,104.94,3606,正常
2016/04/15 07:13:14,2faa48df839fc2b3f42e8151bab6426b9f11d89a,060ca3da496ff807838b011d9de8943e2b14fbf2,持卡人消费,超市商务子系统,-3.0,101.94,3607,正常
2016/04/15 11:30:15,2faa48df839fc2b3f42e8151bab6426b9f11d89a,060ca3da496ff807838b011d9de8943e2b14fbf2,持卡人消费,学苑楼商务网关,-2.0,99.94,3608,正常
2016/04/15 11:31:46,2faa48df839fc2b3f42e8151bab6426b9f11d89a,060ca3da496ff807838b011d9de8943e2b14fbf2,持卡人消费,学苑楼商务网关,-0.5,99.44,3609,正常
2016/04/15 11:32:01,2faa48df839fc2b3f42e8151bab6426b9f11d89a,060ca3da496ff807838b011d9de8943e2b14fbf2,持卡人消费,学苑楼商务网关,-1.5,97.94,3610,正常
2016/04/15 16:54:39,2faa48df839fc2b3f42e8151bab6426b9f11d89a,060ca3da496ff807838b011d9de8943e2b14fbf2,持卡人消费,学苑楼商务网关,-6.0,91.94,3611,正常
2016/04/15 18:35:33,2faa48df839fc2b3f42e8151bab6426b9f11d89a,060ca3da496ff807838b011d9de8943e2b14fbf2,持卡人消费,15公寓浴池,-2.0,89.94,3612,正常
2016/04/15 18:39:05,2faa48df839fc2b3f42e8151bab6426b9f11d89a,060ca3da496ff807838b011d9de8943e2b14fbf2,持卡人消费,15公寓浴池,-0.26,89.68,3614,正常
2016/04/15 18:46:53,2faa48df839fc2b3f42e8151bab6426b9f11d89a,060ca3da496ff807838b011d9de8943e2b14fbf2,持卡人消费,15公寓浴池,-1.22,88.46,3616,正常
2016/04/15 18:51:52,2faa48df839fc2b3f42e8151bab6426b9f11d89a,060ca3da496ff807838b011d9de8943e2b14fbf2,持卡人消费,15公寓浴池,-0.14,88.32,3618,正常
2016/04/15 18:53:43,2faa48df839fc2b3f42e8151bab6426b9f11d89a,060ca3da496ff807838b011d9de8943e2b14fbf2,持卡人消费,15公寓浴池,-0.1,88.22,3620,正常
2016/04/15 18:57:05,2faa48df839fc2b3f42e8151bab6426b9f11d89a,060ca3da496ff807838b011d9de8943e2b14fbf2,持卡人消费,15公寓浴池,-0.42,87.80,3622,正常
2016/04/15 19:00:28,2faa48df839fc2b3f42e8151bab6426b9f11d89a,060ca3da496ff807838b011d9de8943e2b14fbf2,持卡人消费,15公寓浴池,-0.3,87.50,3624,正常
2016/04/16 08:15:58,2faa48df839fc2b3f42e8151bab6426b9f11d89a,060ca3da496ff807838b011d9de8943e2b14fbf2,持卡人消费,超市商务子系统,-5.0,82.50,3625,正常
2016/04/16 11:43:36,2faa48df839fc2b3f42e8151bab6426b9f11d89a,060ca3da496ff807838b011d9de8943e2b14fbf2,持卡人消费,学苑楼商务网关,-7.0,75.50,3626,正常
2016/04/16 11:46:05,2faa48df839fc2b3f42e8151bab6426b9f11d89a,060ca3da496ff807838b011d9de8943e2b14fbf2,持卡人消费,学苑楼商务网关,-8.0,67.50,3627,正常
2016/04/17 11:28:22,2faa48df839fc2b3f42e8151bab6426b9f11d89a,060ca3da496ff807838b011d9de8943e2b14fbf2,持卡人消费,学士楼商务网关,-2.5,65.00,3628,正常
2016/04/17 11:29:19,2faa48df839fc2b3f42e8151bab6426b9f11d89a,060ca3da496ff807838b011d9de8943e2b14fbf2,持卡人消费,学士楼商务网关,-1.0,64.00,3629,正常
2016/04/17 11:51:58,2faa48df839fc2b3f42e8151bab6426b9f11d89a,060ca3da496ff807838b011d9de8943e2b14fbf2,持卡人消费,超市商务子系统,-16.1,47.90,3630,正常
2016/04/17 11:54:04,2faa48df839fc2b3f42e8151bab6426b9f11d89a,060ca3da496ff807838b011d9de8943e2b14fbf2,持卡人消费,超市商务子系统,-9.0,38.90,3631,正常
2016/04/18 13:02:51,2faa48df839fc2b3f42e8151bab6426b9f11d89a,060ca3da496ff807838b011d9de8943e2b14fbf2,持卡人消费,硕果园（工大商店）,-6.0,32.90,3632,正常
2016/04/18 13:04:46,2faa48df839fc2b3f42e8151bab6426b9f11d89a,060ca3da496ff807838b011d9de8943e2b14fbf2,持卡人消费,硕果园（工大商店）,-10.0,22.90,3633,正常
2016/04/18 14:22:08,2faa48df839fc2b3f42e8151bab6426b9f11d89a,060ca3da496ff807838b011d9de8943e2b14fbf2,持卡人消费,15公寓浴池,-2.0,20.90,3634,正常
2016/04/18 14:27:27,2faa48df839fc2b3f42e8151bab6426b9f11d89a,060ca3da496ff807838b011d9de8943e2b14fbf2,持卡人消费,15公寓浴池,-0.74,20.16,3636,正常
2016/04/18 14:31:14,2faa48df839fc2b3f42e8151bab6426b9f11d89a,060ca3da496ff807838b011d9de8943e2b14fbf2,持卡人消费,15公寓浴池,-0.42,19.74,3638,正常
2016/04/19 11:37:46,2faa48df839fc2b3f42e8151bab6426b9f11d89a,060ca3da496ff807838b011d9de8943e2b14fbf2,持卡人消费,学苑楼商务网关,-2.0,17.74,3639,正常
2016/04/19 11:39:16,2faa48df839fc2b3f42e8151bab6426b9f11d89a,060ca3da496ff807838b011d9de8943e2b14fbf2,持卡人消费,学苑楼商务网关,-3.0,14.74,3640,正常
2016/04/19 19:58:31,2faa48df839fc2b3f42e8151bab6426b9f11d89a,060ca3da496ff807838b011d9de8943e2b14fbf2,持卡人消费,超市商务子系统,-14.5,0.24,3641,正常
2016/04/20 16:57:25,2faa48df839fc2b3f42e8151bab6426b9f11d89a,060ca3da496ff807838b011d9de8943e2b14fbf2,存款,学苑楼综合业务3,200.0,200.24,3642,正常
2016/04/20 17:00:39,2faa48df839fc2b3f42e8151bab6426b9f11d89a,060ca3da496ff807838b011d9de8943e2b14fbf2,持卡人消费,学苑楼商务网关,-3.0,197.24,3643,正常
2016/04/20 17:02:55,2faa48df839fc2b3f42e8151bab6426b9f11d89a,060ca3da496ff807838b011d9de8943e2b14fbf2,持卡人消费,学苑楼商务网关,-0.63,196.61,3644,正常
2016/04/20 17:03:28,2faa48df839fc2b3f42e8151bab6426b9f11d89a,060ca3da496ff807838b011d9de8943e2b14fbf2,持卡人消费,学苑楼商务网关,-7.0,189.61,3645,正常
2016/04/20 17:32:13,2faa48df839fc2b3f42e8151bab6426b9f11d89a,060ca3da496ff807838b011d9de8943e2b14fbf2,持卡人消费,超市商务子系统,-3.1,186.51,3646,正常
2016/04/21 08:10:13,2faa48df839fc2b3f42e8151bab6426b9f11d89a,060ca3da496ff807838b011d9de8943e2b14fbf2,持卡人消费,学苑楼商务网关,-9.0,177.51,3647,正常
2016/04/21 09:06:08,2faa48df839fc2b3f42e8151bab6426b9f11d89a,060ca3da496ff807838b011d9de8943e2b14fbf2,持卡人消费,复印,-0.15,177.36,3648,正常
2016/04/21 09:07:44,2faa48df839fc2b3f42e8151bab6426b9f11d89a,060ca3da496ff807838b011d9de8943e2b14fbf2,持卡人消费,复印,-0.15,177.21,3649,正常
2016/04/21 11:36:29,2faa48df839fc2b3f42e8151bab6426b9f11d89a,060ca3da496ff807838b011d9de8943e2b14fbf2,持卡人消费,学苑楼商务网关,-6.4,170.81,3650,正常
2016/04/21 17:36:22,2faa48df839fc2b3f42e8151bab6426b9f11d89a,060ca3da496ff807838b011d9de8943e2b14fbf2,持卡人消费,学子楼商务网关,-7.0,163.81,3651,正常
2016/04/21 17:36:28,2faa48df839fc2b3f42e8151bab6426b9f11d89a,060ca3da496ff807838b011d9de8943e2b14fbf2,持卡人消费,学子楼商务网关,-4.8,159.01,3652,正常
2016/04/21 17:38:36,2faa48df839fc2b3f42e8151bab6426b9f11d89a,060ca3da496ff807838b011d9de8943e2b14fbf2,持卡人消费,学子楼商务网关,-4.0,155.01,3653,正常
2016/04/22 07:59:22,2faa48df839fc2b3f42e8151bab6426b9f11d89a,060ca3da496ff807838b011d9de8943e2b14fbf2,持卡人消费,学士楼商务网关,-1.2,153.81,3654,正常
2016/04/24 16:37:14,2faa48df839fc2b3f42e8151bab6426b9f11d89a,060ca3da496ff807838b011d9de8943e2b14fbf2,持卡人消费,学苑楼商务网关,-8.0,145.81,3655,正常
2016/04/25 08:02:37,2faa48df839fc2b3f42e8151bab6426b9f11d89a,060ca3da496ff807838b011d9de8943e2b14fbf2,持卡人消费,学士楼商务网关,-1.5,144.31,3656,正常
2016/04/25 08:02:45,2faa48df839fc2b3f42e8151bab6426b9f11d89a,060ca3da496ff807838b011d9de8943e2b14fbf2,持卡人消费,学士楼商务网关,-1.5,142.81,3657,正常
2016/04/25 11:53:44,2faa48df839fc2b3f42e8151bab6426b9f11d89a,060ca3da496ff807838b011d9de8943e2b14fbf2,持卡人消费,学子楼商务网关,-7.2,135.61,3658,正常
2016/04/26 11:25:36,2faa48df839fc2b3f42e8151bab6426b9f11d89a,060ca3da496ff807838b011d9de8943e2b14fbf2,持卡人消费,学苑楼商务网关,-2.0,133.61,3659,正常
2016/04/26 11:26:22,2faa48df839fc2b3f42e8151bab6426b9f11d89a,060ca3da496ff807838b011d9de8943e2b14fbf2,持卡人消费,学苑楼商务网关,-0.5,133.11,3660,正常
2016/04/27 19:54:58,2faa48df839fc2b3f42e8151bab6426b9f11d89a,060ca3da496ff807838b011d9de8943e2b14fbf2,持卡人消费,15公寓浴池,-2.0,131.11,3661,正常
2016/04/27 19:57:13,2faa48df839fc2b3f42e8151bab6426b9f11d89a,060ca3da496ff807838b011d9de8943e2b14fbf2,持卡人消费,15公寓浴池,-0.1,131.01,3663,正常
2016/04/27 20:00:11,2faa48df839fc2b3f42e8151bab6426b9f11d89a,060ca3da496ff807838b011d9de8943e2b14fbf2,持卡人消费,15公寓浴池,-0.13,130.88,3665,正常
2016/04/27 20:02:43,2faa48df839fc2b3f42e8151bab6426b9f11d89a,060ca3da496ff807838b011d9de8943e2b14fbf2,持卡人消费,15公寓浴池,-0.13,130.75,3667,正常
2016/04/27 20:08:58,2faa48df839fc2b3f42e8151bab6426b9f11d89a,060ca3da496ff807838b011d9de8943e2b14fbf2,持卡人消费,15公寓浴池,-0.94,129.81,3669,正常
2016/04/28 11:05:49,2faa48df839fc2b3f42e8151bab6426b9f11d89a,060ca3da496ff807838b011d9de8943e2b14fbf2,持卡人消费,学苑楼商务网关,-8.1,121.71,3670,正常
2016/04/28 11:06:29,2faa48df839fc2b3f42e8151bab6426b9f11d89a,060ca3da496ff807838b011d9de8943e2b14fbf2,持卡人消费,学苑楼商务网关,-8.0,113.71,3671,正常
2016/04/28 11:10:22,2faa48df839fc2b3f42e8151bab6426b9f11d89a,060ca3da496ff807838b011d9de8943e2b14fbf2,持卡人消费,学苑楼商务网关,-7.0,106.71,3672,正常
2016/04/28 11:23:37,2faa48df839fc2b3f42e8151bab6426b9f11d89a,060ca3da496ff807838b011d9de8943e2b14fbf2,持卡人消费,学苑楼商务网关,-3.0,103.71,3673,正常
2016/04/28 11:33:51,2faa48df839fc2b3f42e8151bab6426b9f11d89a,060ca3da496ff807838b011d9de8943e2b14fbf2,持卡人消费,学苑楼商务网关,-0.1,103.61,3674,正常
2016/04/28 17:26:57,2faa48df839fc2b3f42e8151bab6426b9f11d89a,060ca3da496ff807838b011d9de8943e2b14fbf2,持卡人消费,学苑楼商务网关,-7.0,96.61,3675,正常
2016/04/30 11:33:16,2faa48df839fc2b3f42e8151bab6426b9f11d89a,060ca3da496ff807838b011d9de8943e2b14fbf2,持卡人消费,学苑楼商务网关,-2.0,94.61,3676,正常
2016/04/30 11:33:59,2faa48df839fc2b3f42e8151bab6426b9f11d89a,060ca3da496ff807838b011d9de8943e2b14fbf2,持卡人消费,学苑楼商务网关,-0.5,94.11,3677,正常
2016/04/30 18:21:21,2faa48df839fc2b3f42e8151bab6426b9f11d89a,060ca3da496ff807838b011d9de8943e2b14fbf2,持卡人消费,超市商务子系统,-0.7,93.41,3678,正常
2016/04/30 20:15:03,2faa48df839fc2b3f42e8151bab6426b9f11d89a,060ca3da496ff807838b011d9de8943e2b14fbf2,持卡人消费,15公寓浴池,-2.0,91.41,3679,正常
2016/04/30 20:21:25,2faa48df839fc2b3f42e8151bab6426b9f11d89a,060ca3da496ff807838b011d9de8943e2b14fbf2,持卡人消费,15公寓浴池,-0.67,90.74,3681,正常
2016/04/30 20:24:16,2faa48df839fc2b3f42e8151bab6426b9f11d89a,060ca3da496ff807838b011d9de8943e2b14fbf2,持卡人消费,15公寓浴池,-0.32,90.42,3683,正常
