交易发生时间,学号,姓名,交易类型,子系统名称,交易额,现有余额,次数,状态
2016/04/07 17:38:24,1207e41eedfb72e6b38f6f07ecaf82ec938c45cc,062729307b3ec99f6f6f359409bfae8f3666fef6,持卡人消费,土木楼水控,-0.03,40.42,2232,正常
2016/04/07 17:46:46,1207e41eedfb72e6b38f6f07ecaf82ec938c45cc,062729307b3ec99f6f6f359409bfae8f3666fef6,持卡人消费,土木楼水控,-1.65,38.77,2234,正常
2016/04/07 17:49:07,1207e41eedfb72e6b38f6f07ecaf82ec938c45cc,062729307b3ec99f6f6f359409bfae8f3666fef6,持卡人消费,土木楼水控,-0.24,38.53,2236,正常
2016/04/07 17:57:05,1207e41eedfb72e6b38f6f07ecaf82ec938c45cc,062729307b3ec99f6f6f359409bfae8f3666fef6,持卡人消费,土木楼水控,-0.6,37.93,2238,正常
2016/04/07 18:03:17,1207e41eedfb72e6b38f6f07ecaf82ec938c45cc,062729307b3ec99f6f6f359409bfae8f3666fef6,持卡人消费,土木楼水控,-1.09,36.84,2240,正常
2016/04/11 17:31:32,1207e41eedfb72e6b38f6f07ecaf82ec938c45cc,062729307b3ec99f6f6f359409bfae8f3666fef6,持卡人消费,土木楼水控,-1.05,35.79,2242,正常
2016/04/11 17:37:15,1207e41eedfb72e6b38f6f07ecaf82ec938c45cc,062729307b3ec99f6f6f359409bfae8f3666fef6,持卡人消费,土木楼水控,-0.99,34.80,2244,正常
2016/04/11 17:45:10,1207e41eedfb72e6b38f6f07ecaf82ec938c45cc,062729307b3ec99f6f6f359409bfae8f3666fef6,持卡人消费,土木楼水控,-1.38,33.42,2246,正常
2016/04/12 11:13:17,1207e41eedfb72e6b38f6f07ecaf82ec938c45cc,062729307b3ec99f6f6f359409bfae8f3666fef6,存款,现金充值机,50.0,83.42,2247,正常
2016/04/12 13:07:35,1207e41eedfb72e6b38f6f07ecaf82ec938c45cc,062729307b3ec99f6f6f359409bfae8f3666fef6,持卡人消费,网络中心,-30.0,53.42,2248,正常
2016/04/13 18:54:17,1207e41eedfb72e6b38f6f07ecaf82ec938c45cc,062729307b3ec99f6f6f359409bfae8f3666fef6,持卡人消费,土木楼水控,-0.73,52.69,2250,正常
2016/04/13 18:56:30,1207e41eedfb72e6b38f6f07ecaf82ec938c45cc,062729307b3ec99f6f6f359409bfae8f3666fef6,持卡人消费,土木楼水控,-0.29,52.40,2252,正常
2016/04/13 19:06:15,1207e41eedfb72e6b38f6f07ecaf82ec938c45cc,062729307b3ec99f6f6f359409bfae8f3666fef6,持卡人消费,土木楼水控,-1.17,51.23,2254,正常
2016/04/13 19:13:19,1207e41eedfb72e6b38f6f07ecaf82ec938c45cc,062729307b3ec99f6f6f359409bfae8f3666fef6,持卡人消费,土木楼水控,-1.28,49.95,2256,正常
2016/04/13 19:49:09,1207e41eedfb72e6b38f6f07ecaf82ec938c45cc,062729307b3ec99f6f6f359409bfae8f3666fef6,持卡人消费,A5,-3.0,46.95,2257,正常
2016/04/13 19:52:24,1207e41eedfb72e6b38f6f07ecaf82ec938c45cc,062729307b3ec99f6f6f359409bfae8f3666fef6,持卡人消费,学子超市A05,-6.2,40.75,2258,正常
2016/04/14 10:50:05,1207e41eedfb72e6b38f6f07ecaf82ec938c45cc,062729307b3ec99f6f6f359409bfae8f3666fef6,持卡人消费,学子超市A05,-7.9,32.85,2259,正常
2016/04/15 20:31:16,1207e41eedfb72e6b38f6f07ecaf82ec938c45cc,062729307b3ec99f6f6f359409bfae8f3666fef6,持卡人消费,土木楼水控,-1.11,31.74,2261,正常
2016/04/15 20:34:17,1207e41eedfb72e6b38f6f07ecaf82ec938c45cc,062729307b3ec99f6f6f359409bfae8f3666fef6,持卡人消费,土木楼水控,-0.32,31.42,2263,正常
2016/04/15 20:35:21,1207e41eedfb72e6b38f6f07ecaf82ec938c45cc,062729307b3ec99f6f6f359409bfae8f3666fef6,持卡人消费,土木楼水控,-0.07,31.35,2265,正常
2016/04/15 20:44:09,1207e41eedfb72e6b38f6f07ecaf82ec938c45cc,062729307b3ec99f6f6f359409bfae8f3666fef6,持卡人消费,土木楼水控,-1.55,29.80,2267,正常
2016/04/17 20:45:11,1207e41eedfb72e6b38f6f07ecaf82ec938c45cc,062729307b3ec99f6f6f359409bfae8f3666fef6,持卡人消费,土木楼水控,-0.01,29.79,2268,正常
2016/04/17 20:45:48,1207e41eedfb72e6b38f6f07ecaf82ec938c45cc,062729307b3ec99f6f6f359409bfae8f3666fef6,持卡人消费,土木楼水控,-0.1,29.69,2269,正常
2016/04/17 20:46:12,1207e41eedfb72e6b38f6f07ecaf82ec938c45cc,062729307b3ec99f6f6f359409bfae8f3666fef6,持卡人消费,土木楼水控,-0.07,26.62,2272,正常
2016/04/17 20:46:23,1207e41eedfb72e6b38f6f07ecaf82ec938c45cc,062729307b3ec99f6f6f359409bfae8f3666fef6,持卡人消费,土木楼水控,-0.07,29.55,2273,正常
2016/04/17 20:47:39,1207e41eedfb72e6b38f6f07ecaf82ec938c45cc,062729307b3ec99f6f6f359409bfae8f3666fef6,持卡人消费,土木楼水控,-0.2,29.35,2275,正常
2016/04/17 20:54:24,1207e41eedfb72e6b38f6f07ecaf82ec938c45cc,062729307b3ec99f6f6f359409bfae8f3666fef6,持卡人消费,土木楼水控,-1.36,27.99,2277,正常
2016/04/17 21:01:09,1207e41eedfb72e6b38f6f07ecaf82ec938c45cc,062729307b3ec99f6f6f359409bfae8f3666fef6,持卡人消费,土木楼水控,-1.05,26.94,2279,正常
2016/04/17 21:35:58,1207e41eedfb72e6b38f6f07ecaf82ec938c45cc,062729307b3ec99f6f6f359409bfae8f3666fef6,持卡人消费,学子超市A05,-10.2,16.74,2280,正常
2016/04/25 19:26:01,1207e41eedfb72e6b38f6f07ecaf82ec938c45cc,062729307b3ec99f6f6f359409bfae8f3666fef6,持卡人消费,土木楼水控,-1.63,15.11,2281,正常
2016/04/27 12:05:55,1207e41eedfb72e6b38f6f07ecaf82ec938c45cc,062729307b3ec99f6f6f359409bfae8f3666fef6,持卡人消费,土木楼水控,-0.12,14.99,2283,正常
2016/04/27 12:06:03,1207e41eedfb72e6b38f6f07ecaf82ec938c45cc,062729307b3ec99f6f6f359409bfae8f3666fef6,持卡人消费,土木楼水控,-0.02,14.97,2285,正常
2016/04/27 12:06:17,1207e41eedfb72e6b38f6f07ecaf82ec938c45cc,062729307b3ec99f6f6f359409bfae8f3666fef6,持卡人消费,土木楼水控,-0.01,14.96,2286,正常
2016/04/27 12:20:42,1207e41eedfb72e6b38f6f07ecaf82ec938c45cc,062729307b3ec99f6f6f359409bfae8f3666fef6,持卡人消费,土木楼水控,-2.92,12.04,2288,正常
2016/04/27 12:27:27,1207e41eedfb72e6b38f6f07ecaf82ec938c45cc,062729307b3ec99f6f6f359409bfae8f3666fef6,持卡人消费,土木楼水控,-1.34,10.70,2290,正常
