交易发生时间,学号,姓名,交易类型,子系统名称,交易额,现有余额,次数,状态
2016/04/01 07:37:39,237201cdd168981a2de0066c5392f6c05f6f0f7f,062be1412e7c12bce97bb467e9b0d4c231a74735,持卡人消费,九食堂商务网关,-2.6,28.05,2876,正常
2016/04/01 07:37:49,237201cdd168981a2de0066c5392f6c05f6f0f7f,062be1412e7c12bce97bb467e9b0d4c231a74735,持卡人消费,九食堂商务网关,-3.6,24.45,2877,正常
2016/04/01 07:39:10,237201cdd168981a2de0066c5392f6c05f6f0f7f,062be1412e7c12bce97bb467e9b0d4c231a74735,持卡人消费,九食堂商务网关,-2.0,22.45,2878,正常
2016/04/01 12:04:48,237201cdd168981a2de0066c5392f6c05f6f0f7f,062be1412e7c12bce97bb467e9b0d4c231a74735,持卡人消费,四食堂商务网关,-11.4,11.05,2879,正常
2016/04/05 09:49:07,237201cdd168981a2de0066c5392f6c05f6f0f7f,062be1412e7c12bce97bb467e9b0d4c231a74735,持卡人消费,学子便利店B03,-1.6,9.45,2880,正常
2016/04/06 07:37:22,237201cdd168981a2de0066c5392f6c05f6f0f7f,062be1412e7c12bce97bb467e9b0d4c231a74735,持卡人消费,九食堂商务网关,-5.0,4.45,2881,正常
2016/04/06 07:40:02,237201cdd168981a2de0066c5392f6c05f6f0f7f,062be1412e7c12bce97bb467e9b0d4c231a74735,持卡人消费,九食堂商务网关,-0.4,4.05,2882,正常
2016/04/06 07:40:48,237201cdd168981a2de0066c5392f6c05f6f0f7f,062be1412e7c12bce97bb467e9b0d4c231a74735,持卡人消费,九食堂商务网关,-1.2,2.85,2883,正常
2016/04/06 08:27:21,237201cdd168981a2de0066c5392f6c05f6f0f7f,062be1412e7c12bce97bb467e9b0d4c231a74735,持卡人消费,学子便利店B03,-0.3,2.55,2884,正常
2016/04/06 12:43:32,237201cdd168981a2de0066c5392f6c05f6f0f7f,062be1412e7c12bce97bb467e9b0d4c231a74735,存款,现金充值机,100.0,102.55,2885,正常
2016/04/06 12:47:03,237201cdd168981a2de0066c5392f6c05f6f0f7f,062be1412e7c12bce97bb467e9b0d4c231a74735,持卡人消费,四食堂商务网关,-8.0,94.55,2886,正常
2016/04/06 21:55:43,237201cdd168981a2de0066c5392f6c05f6f0f7f,062be1412e7c12bce97bb467e9b0d4c231a74735,持卡人消费,学子便利店B03,-4.0,90.55,2887,正常
2016/04/07 12:19:41,237201cdd168981a2de0066c5392f6c05f6f0f7f,062be1412e7c12bce97bb467e9b0d4c231a74735,持卡人消费,九食堂商务网关,-3.5,87.05,2888,正常
2016/04/07 12:19:48,237201cdd168981a2de0066c5392f6c05f6f0f7f,062be1412e7c12bce97bb467e9b0d4c231a74735,持卡人消费,九食堂商务网关,-0.4,86.65,2889,正常
2016/04/07 12:33:59,237201cdd168981a2de0066c5392f6c05f6f0f7f,062be1412e7c12bce97bb467e9b0d4c231a74735,持卡人消费,九食堂商务网关,-8.0,78.65,2890,正常
2016/04/07 17:23:52,237201cdd168981a2de0066c5392f6c05f6f0f7f,062be1412e7c12bce97bb467e9b0d4c231a74735,持卡人消费,学子便利店B03,-8.5,70.15,2891,正常
2016/04/08 06:58:56,237201cdd168981a2de0066c5392f6c05f6f0f7f,062be1412e7c12bce97bb467e9b0d4c231a74735,持卡人消费,学子便利店B03,-4.0,66.15,2892,正常
2016/04/08 09:47:54,237201cdd168981a2de0066c5392f6c05f6f0f7f,062be1412e7c12bce97bb467e9b0d4c231a74735,持卡人消费,学子便利店B03,-1.6,64.55,2893,正常
2016/04/08 12:07:02,237201cdd168981a2de0066c5392f6c05f6f0f7f,062be1412e7c12bce97bb467e9b0d4c231a74735,持卡人消费,四食堂商务网关,-6.7,57.85,2894,正常
2016/04/08 17:08:50,237201cdd168981a2de0066c5392f6c05f6f0f7f,062be1412e7c12bce97bb467e9b0d4c231a74735,持卡人消费,九食堂商务网关,-10.0,47.85,2895,正常
2016/04/09 10:47:39,237201cdd168981a2de0066c5392f6c05f6f0f7f,062be1412e7c12bce97bb467e9b0d4c231a74735,持卡人消费,学子便利店B03,-3.2,44.65,2896,正常
2016/04/09 12:30:11,237201cdd168981a2de0066c5392f6c05f6f0f7f,062be1412e7c12bce97bb467e9b0d4c231a74735,持卡人消费,学子便利店B03,-4.0,40.65,2897,正常
2016/04/09 22:26:31,237201cdd168981a2de0066c5392f6c05f6f0f7f,062be1412e7c12bce97bb467e9b0d4c231a74735,持卡人消费,学子便利店B03,-4.0,36.65,2898,正常
2016/04/10 11:40:29,237201cdd168981a2de0066c5392f6c05f6f0f7f,062be1412e7c12bce97bb467e9b0d4c231a74735,持卡人消费,四食堂商务网关,-5.0,31.65,2899,正常
2016/04/10 18:15:23,237201cdd168981a2de0066c5392f6c05f6f0f7f,062be1412e7c12bce97bb467e9b0d4c231a74735,持卡人消费,四食堂商务网关,-8.0,23.65,2900,正常
2016/04/11 07:50:20,237201cdd168981a2de0066c5392f6c05f6f0f7f,062be1412e7c12bce97bb467e9b0d4c231a74735,持卡人消费,五食堂商务网关,-3.6,20.05,2901,正常
2016/04/11 08:00:33,237201cdd168981a2de0066c5392f6c05f6f0f7f,062be1412e7c12bce97bb467e9b0d4c231a74735,持卡人消费,五食堂商务网关,-2.6,17.45,2902,正常
2016/04/11 08:00:44,237201cdd168981a2de0066c5392f6c05f6f0f7f,062be1412e7c12bce97bb467e9b0d4c231a74735,持卡人消费,五食堂商务网关,-3.1,14.35,2903,正常
2016/04/11 08:01:40,237201cdd168981a2de0066c5392f6c05f6f0f7f,062be1412e7c12bce97bb467e9b0d4c231a74735,持卡人消费,五食堂商务网关,-0.5,13.85,2904,正常
2016/04/11 14:56:06,237201cdd168981a2de0066c5392f6c05f6f0f7f,062be1412e7c12bce97bb467e9b0d4c231a74735,持卡人消费,学子便利店B03,-5.2,8.65,2905,正常
2016/04/12 09:04:06,237201cdd168981a2de0066c5392f6c05f6f0f7f,062be1412e7c12bce97bb467e9b0d4c231a74735,持卡人消费,学子便利店B03,-0.7,7.95,2906,正常
2016/04/12 11:25:36,237201cdd168981a2de0066c5392f6c05f6f0f7f,062be1412e7c12bce97bb467e9b0d4c231a74735,存款,现金充值机,20.0,27.95,2907,正常
2016/04/12 12:00:20,237201cdd168981a2de0066c5392f6c05f6f0f7f,062be1412e7c12bce97bb467e9b0d4c231a74735,持卡人消费,九食堂商务网关,-12.0,15.95,2908,正常
2016/04/12 13:06:55,237201cdd168981a2de0066c5392f6c05f6f0f7f,062be1412e7c12bce97bb467e9b0d4c231a74735,持卡人消费,学子便利店B03,-4.0,11.95,2909,正常
2016/04/12 20:01:01,237201cdd168981a2de0066c5392f6c05f6f0f7f,062be1412e7c12bce97bb467e9b0d4c231a74735,持卡人消费,学子便利店B03,-2.0,9.95,2910,正常
2016/04/13 11:48:22,237201cdd168981a2de0066c5392f6c05f6f0f7f,062be1412e7c12bce97bb467e9b0d4c231a74735,存款,现金充值机,100.0,109.95,2911,正常
2016/04/13 11:49:43,237201cdd168981a2de0066c5392f6c05f6f0f7f,062be1412e7c12bce97bb467e9b0d4c231a74735,持卡人消费,五食堂商务网关,-9.5,100.45,2912,正常
2016/04/13 11:50:28,237201cdd168981a2de0066c5392f6c05f6f0f7f,062be1412e7c12bce97bb467e9b0d4c231a74735,持卡人消费,五食堂商务网关,-7.0,93.45,2913,正常
2016/04/13 21:31:42,237201cdd168981a2de0066c5392f6c05f6f0f7f,062be1412e7c12bce97bb467e9b0d4c231a74735,持卡人消费,学子便利店B03,-12.9,80.55,2914,正常
2016/04/13 22:27:28,237201cdd168981a2de0066c5392f6c05f6f0f7f,062be1412e7c12bce97bb467e9b0d4c231a74735,持卡人消费,学子便利店B03,-6.7,73.85,2915,正常
2016/04/15 18:21:36,237201cdd168981a2de0066c5392f6c05f6f0f7f,062be1412e7c12bce97bb467e9b0d4c231a74735,持卡人消费,九食堂商务网关,-10.0,63.85,2916,正常
2016/04/16 13:39:06,237201cdd168981a2de0066c5392f6c05f6f0f7f,062be1412e7c12bce97bb467e9b0d4c231a74735,持卡人消费,学子便利店B03,-2.0,61.85,2917,正常
2016/04/16 18:08:31,237201cdd168981a2de0066c5392f6c05f6f0f7f,062be1412e7c12bce97bb467e9b0d4c231a74735,持卡人消费,学子便利店B03,-8.6,53.25,2918,正常
2016/04/17 10:51:32,237201cdd168981a2de0066c5392f6c05f6f0f7f,062be1412e7c12bce97bb467e9b0d4c231a74735,持卡人消费,四食堂商务网关,-5.0,48.25,2919,正常
2016/04/17 21:16:47,237201cdd168981a2de0066c5392f6c05f6f0f7f,062be1412e7c12bce97bb467e9b0d4c231a74735,持卡人消费,学子便利店B03,-2.0,46.25,2920,正常
2016/04/18 11:58:42,237201cdd168981a2de0066c5392f6c05f6f0f7f,062be1412e7c12bce97bb467e9b0d4c231a74735,持卡人消费,学子便利海河店,-4.0,42.25,2921,正常
2016/04/18 12:18:12,237201cdd168981a2de0066c5392f6c05f6f0f7f,062be1412e7c12bce97bb467e9b0d4c231a74735,持卡人消费,五食堂商务网关,-10.0,32.25,2922,正常
2016/04/18 14:07:23,237201cdd168981a2de0066c5392f6c05f6f0f7f,062be1412e7c12bce97bb467e9b0d4c231a74735,持卡人消费,学子便利店B03,-4.0,28.25,2923,正常
2016/04/19 09:57:42,237201cdd168981a2de0066c5392f6c05f6f0f7f,062be1412e7c12bce97bb467e9b0d4c231a74735,持卡人消费,学子便利店B03,-3.2,25.05,2924,正常
2016/04/19 14:19:34,237201cdd168981a2de0066c5392f6c05f6f0f7f,062be1412e7c12bce97bb467e9b0d4c231a74735,持卡人消费,学子便利店B03,-5.5,19.55,2925,正常
2016/04/20 09:35:09,237201cdd168981a2de0066c5392f6c05f6f0f7f,062be1412e7c12bce97bb467e9b0d4c231a74735,持卡人消费,学子便利店B03,-1.6,17.95,2926,正常
2016/04/20 11:42:00,237201cdd168981a2de0066c5392f6c05f6f0f7f,062be1412e7c12bce97bb467e9b0d4c231a74735,持卡人消费,九食堂商务网关,-3.0,14.95,2927,正常
2016/04/20 11:48:28,237201cdd168981a2de0066c5392f6c05f6f0f7f,062be1412e7c12bce97bb467e9b0d4c231a74735,持卡人消费,九食堂商务网关,-0.5,14.45,2928,正常
2016/04/20 13:14:29,237201cdd168981a2de0066c5392f6c05f6f0f7f,062be1412e7c12bce97bb467e9b0d4c231a74735,持卡人消费,学子便利店B03,-2.0,12.45,2929,正常
2016/04/20 22:13:37,237201cdd168981a2de0066c5392f6c05f6f0f7f,062be1412e7c12bce97bb467e9b0d4c231a74735,持卡人消费,学子便利店B05,-3.4,9.05,2930,正常
2016/04/20 22:14:12,237201cdd168981a2de0066c5392f6c05f6f0f7f,062be1412e7c12bce97bb467e9b0d4c231a74735,持卡人消费,学子便利店B05,-5.5,3.55,2931,正常
2016/04/21 07:51:57,237201cdd168981a2de0066c5392f6c05f6f0f7f,062be1412e7c12bce97bb467e9b0d4c231a74735,持卡人消费,学子便利店B03,-0.5,3.05,2932,正常
2016/04/21 14:00:13,237201cdd168981a2de0066c5392f6c05f6f0f7f,062be1412e7c12bce97bb467e9b0d4c231a74735,持卡人消费,学子便利店B03,-1.5,1.55,2933,正常
2016/04/21 19:21:46,237201cdd168981a2de0066c5392f6c05f6f0f7f,062be1412e7c12bce97bb467e9b0d4c231a74735,持卡人消费,学子便利店B03,-0.2,1.35,2934,正常
2016/04/22 09:39:24,237201cdd168981a2de0066c5392f6c05f6f0f7f,062be1412e7c12bce97bb467e9b0d4c231a74735,持卡人消费,学子便利店B03,-0.6,0.75,2935,正常
2016/04/23 10:27:42,237201cdd168981a2de0066c5392f6c05f6f0f7f,062be1412e7c12bce97bb467e9b0d4c231a74735,存款,现金充值机,100.0,100.75,2936,正常
2016/04/23 11:01:16,237201cdd168981a2de0066c5392f6c05f6f0f7f,062be1412e7c12bce97bb467e9b0d4c231a74735,持卡人消费,九食堂商务网关,-10.0,90.75,2937,正常
2016/04/23 11:44:46,237201cdd168981a2de0066c5392f6c05f6f0f7f,062be1412e7c12bce97bb467e9b0d4c231a74735,持卡人消费,学子便利店B03,-1.5,89.25,2938,正常
2016/04/23 16:47:41,237201cdd168981a2de0066c5392f6c05f6f0f7f,062be1412e7c12bce97bb467e9b0d4c231a74735,持卡人消费,学子便利店B03,-9.8,79.45,2939,正常
2016/04/23 22:14:43,237201cdd168981a2de0066c5392f6c05f6f0f7f,062be1412e7c12bce97bb467e9b0d4c231a74735,持卡人消费,学子便利店B03,-4.0,75.45,2940,正常
