交易发生时间,学号,姓名,交易类型,子系统名称,交易额,现有余额,次数,状态
2016/04/01 18:01:41,f0f6ed9e9587133a71b582dad5de38832459045a,069fd6594caf3cfc3b4497963b900b24bb550ec7,持卡人消费,硕果园（工大商店）,-10.0,194.60,6220,正常
2016/04/01 19:18:49,f0f6ed9e9587133a71b582dad5de38832459045a,069fd6594caf3cfc3b4497963b900b24bb550ec7,持卡人消费,超市商务子系统,-2.2,192.40,6221,正常
2016/04/01 19:56:55,f0f6ed9e9587133a71b582dad5de38832459045a,069fd6594caf3cfc3b4497963b900b24bb550ec7,持卡人消费,一校区水控新,-0.08,192.32,6223,正常
2016/04/01 20:01:56,f0f6ed9e9587133a71b582dad5de38832459045a,069fd6594caf3cfc3b4497963b900b24bb550ec7,持卡人消费,一校区水控新,-0.83,191.49,6225,正常
2016/04/03 11:08:41,f0f6ed9e9587133a71b582dad5de38832459045a,069fd6594caf3cfc3b4497963b900b24bb550ec7,持卡人消费,学苑楼商务网关,-6.8,184.69,6226,正常
2016/04/03 15:20:28,f0f6ed9e9587133a71b582dad5de38832459045a,069fd6594caf3cfc3b4497963b900b24bb550ec7,持卡人消费,超市商务子系统,-1.0,183.69,6227,正常
2016/04/03 18:59:36,f0f6ed9e9587133a71b582dad5de38832459045a,069fd6594caf3cfc3b4497963b900b24bb550ec7,持卡人消费,学士楼商务网关,-3.1,180.59,6228,正常
2016/04/03 19:01:27,f0f6ed9e9587133a71b582dad5de38832459045a,069fd6594caf3cfc3b4497963b900b24bb550ec7,持卡人消费,学士楼商务网关,-4.0,176.59,6229,正常
2016/04/03 19:04:43,f0f6ed9e9587133a71b582dad5de38832459045a,069fd6594caf3cfc3b4497963b900b24bb550ec7,持卡人消费,学士楼商务网关,-0.5,176.09,6230,正常
2016/04/03 20:37:53,f0f6ed9e9587133a71b582dad5de38832459045a,069fd6594caf3cfc3b4497963b900b24bb550ec7,持卡人消费,学子超市园丁总店,-6.9,169.19,6231,正常
2016/04/05 17:25:35,f0f6ed9e9587133a71b582dad5de38832459045a,069fd6594caf3cfc3b4497963b900b24bb550ec7,持卡人消费,学子超市园丁总店,-3.4,165.79,6232,正常
2016/04/06 08:35:45,f0f6ed9e9587133a71b582dad5de38832459045a,069fd6594caf3cfc3b4497963b900b24bb550ec7,持卡人消费,学士楼商务网关,-2.0,163.79,6233,正常
2016/04/06 08:36:03,f0f6ed9e9587133a71b582dad5de38832459045a,069fd6594caf3cfc3b4497963b900b24bb550ec7,持卡人消费,学士楼商务网关,-1.6,162.19,6234,正常
2016/04/06 08:50:14,f0f6ed9e9587133a71b582dad5de38832459045a,069fd6594caf3cfc3b4497963b900b24bb550ec7,持卡人消费,超市商务子系统,-1.7,160.49,6235,正常
2016/04/06 08:51:41,f0f6ed9e9587133a71b582dad5de38832459045a,069fd6594caf3cfc3b4497963b900b24bb550ec7,持卡人消费,超市商务子系统,-3.2,157.29,6236,正常
2016/04/06 12:16:23,f0f6ed9e9587133a71b582dad5de38832459045a,069fd6594caf3cfc3b4497963b900b24bb550ec7,持卡人消费,学苑楼商务网关,-9.0,148.29,6237,正常
2016/04/06 12:32:21,f0f6ed9e9587133a71b582dad5de38832459045a,069fd6594caf3cfc3b4497963b900b24bb550ec7,持卡人消费,学苑楼商务网关,-3.0,145.29,6238,正常
2016/04/06 17:31:22,f0f6ed9e9587133a71b582dad5de38832459045a,069fd6594caf3cfc3b4497963b900b24bb550ec7,持卡人消费,学子超市园丁总店,-11.7,133.59,6239,正常
2016/04/07 13:56:52,f0f6ed9e9587133a71b582dad5de38832459045a,069fd6594caf3cfc3b4497963b900b24bb550ec7,持卡人消费,学子超市园丁总店,-1.7,131.89,6240,正常
2016/04/07 18:16:20,f0f6ed9e9587133a71b582dad5de38832459045a,069fd6594caf3cfc3b4497963b900b24bb550ec7,持卡人消费,学子超市园丁总店,-12.5,119.39,6241,正常
2016/04/07 22:12:39,f0f6ed9e9587133a71b582dad5de38832459045a,069fd6594caf3cfc3b4497963b900b24bb550ec7,持卡人消费,学子便利店A01后楼,-3.5,115.89,6242,正常
2016/04/08 11:49:46,f0f6ed9e9587133a71b582dad5de38832459045a,069fd6594caf3cfc3b4497963b900b24bb550ec7,持卡人消费,学子便利店A01后楼,-6.9,108.99,6243,正常
2016/04/08 21:46:19,f0f6ed9e9587133a71b582dad5de38832459045a,069fd6594caf3cfc3b4497963b900b24bb550ec7,持卡人消费,学子便利店A01后楼,-4.4,104.59,6244,正常
2016/04/14 16:48:44,f0f6ed9e9587133a71b582dad5de38832459045a,069fd6594caf3cfc3b4497963b900b24bb550ec7,持卡人消费,一校区水控新,-0.82,103.77,6246,正常
2016/04/14 16:53:31,f0f6ed9e9587133a71b582dad5de38832459045a,069fd6594caf3cfc3b4497963b900b24bb550ec7,持卡人消费,一校区水控新,-0.16,103.61,6248,正常
2016/04/14 17:00:43,f0f6ed9e9587133a71b582dad5de38832459045a,069fd6594caf3cfc3b4497963b900b24bb550ec7,持卡人消费,一校区水控新,-0.62,102.99,6250,正常
2016/04/14 17:04:58,f0f6ed9e9587133a71b582dad5de38832459045a,069fd6594caf3cfc3b4497963b900b24bb550ec7,持卡人消费,一校区水控新,-0.32,102.67,6252,正常
2016/04/14 17:13:54,f0f6ed9e9587133a71b582dad5de38832459045a,069fd6594caf3cfc3b4497963b900b24bb550ec7,持卡人消费,A1,-6.0,96.67,6253,正常
2016/04/15 08:00:33,f0f6ed9e9587133a71b582dad5de38832459045a,069fd6594caf3cfc3b4497963b900b24bb550ec7,持卡人消费,学子便利店A01后楼,-5.8,90.87,6254,正常
2016/04/15 21:35:13,f0f6ed9e9587133a71b582dad5de38832459045a,069fd6594caf3cfc3b4497963b900b24bb550ec7,持卡人消费,学子超市园丁总店,-7.9,82.97,6255,正常
2016/04/16 09:51:02,f0f6ed9e9587133a71b582dad5de38832459045a,069fd6594caf3cfc3b4497963b900b24bb550ec7,持卡人消费,网络中心,-30.0,52.97,6256,正常
2016/04/18 21:40:47,f0f6ed9e9587133a71b582dad5de38832459045a,069fd6594caf3cfc3b4497963b900b24bb550ec7,持卡人消费,学子超市园丁总店,-11.4,41.57,6257,正常
2016/04/18 21:41:22,f0f6ed9e9587133a71b582dad5de38832459045a,069fd6594caf3cfc3b4497963b900b24bb550ec7,持卡人消费,学子超市园丁总店,-6.0,35.57,6258,正常
2016/04/19 09:43:47,f0f6ed9e9587133a71b582dad5de38832459045a,069fd6594caf3cfc3b4497963b900b24bb550ec7,存款,卡中心综合业务,500.0,535.57,6259,正常
2016/04/20 17:21:45,f0f6ed9e9587133a71b582dad5de38832459045a,069fd6594caf3cfc3b4497963b900b24bb550ec7,持卡人消费,南苑网关,-7.9,527.67,6260,正常
2016/04/20 21:56:03,f0f6ed9e9587133a71b582dad5de38832459045a,069fd6594caf3cfc3b4497963b900b24bb550ec7,持卡人消费,学子超市园丁总店,-26.1,501.57,6261,正常
2016/04/21 11:24:51,f0f6ed9e9587133a71b582dad5de38832459045a,069fd6594caf3cfc3b4497963b900b24bb550ec7,持卡人消费,南苑网关,-10.8,490.77,6262,正常
2016/04/21 12:10:37,f0f6ed9e9587133a71b582dad5de38832459045a,069fd6594caf3cfc3b4497963b900b24bb550ec7,持卡人消费,一校区水控新,-0.51,490.26,6263,正常
2016/04/21 12:15:15,f0f6ed9e9587133a71b582dad5de38832459045a,069fd6594caf3cfc3b4497963b900b24bb550ec7,持卡人消费,一校区水控新,-0.38,489.88,6264,正常
2016/04/21 12:18:08,f0f6ed9e9587133a71b582dad5de38832459045a,069fd6594caf3cfc3b4497963b900b24bb550ec7,持卡人消费,一校区水控新,-0.32,489.56,6265,正常
2016/04/21 17:23:58,f0f6ed9e9587133a71b582dad5de38832459045a,069fd6594caf3cfc3b4497963b900b24bb550ec7,持卡人消费,南苑网关,-8.0,481.56,6266,正常
2016/04/21 17:24:36,f0f6ed9e9587133a71b582dad5de38832459045a,069fd6594caf3cfc3b4497963b900b24bb550ec7,持卡人消费,南苑网关,-3.6,477.96,6267,正常
2016/04/22 11:35:27,f0f6ed9e9587133a71b582dad5de38832459045a,069fd6594caf3cfc3b4497963b900b24bb550ec7,持卡人消费,南苑网关,-11.76,466.20,6268,正常
2016/04/22 12:05:32,f0f6ed9e9587133a71b582dad5de38832459045a,069fd6594caf3cfc3b4497963b900b24bb550ec7,持卡人消费,学子便利店A01后楼,-6.0,460.20,6269,正常
2016/04/22 17:13:48,f0f6ed9e9587133a71b582dad5de38832459045a,069fd6594caf3cfc3b4497963b900b24bb550ec7,持卡人消费,南苑网关,-0.5,459.70,6270,正常
2016/04/22 17:14:22,f0f6ed9e9587133a71b582dad5de38832459045a,069fd6594caf3cfc3b4497963b900b24bb550ec7,持卡人消费,南苑网关,-2.5,457.20,6271,正常
2016/04/22 17:16:16,f0f6ed9e9587133a71b582dad5de38832459045a,069fd6594caf3cfc3b4497963b900b24bb550ec7,持卡人消费,南苑网关,-4.5,452.70,6272,正常
2016/04/23 20:59:50,f0f6ed9e9587133a71b582dad5de38832459045a,069fd6594caf3cfc3b4497963b900b24bb550ec7,持卡人消费,超市商务子系统,-32.5,420.20,6273,正常
2016/04/23 21:00:02,f0f6ed9e9587133a71b582dad5de38832459045a,069fd6594caf3cfc3b4497963b900b24bb550ec7,持卡人消费,超市商务子系统,-8.5,411.70,6274,正常
2016/04/24 17:24:51,f0f6ed9e9587133a71b582dad5de38832459045a,069fd6594caf3cfc3b4497963b900b24bb550ec7,持卡人消费,一校区水控新,-2.0,409.70,6275,正常
2016/04/24 17:26:20,f0f6ed9e9587133a71b582dad5de38832459045a,069fd6594caf3cfc3b4497963b900b24bb550ec7,持卡人消费,一校区水控新,-0.27,409.43,6276,正常
2016/04/24 17:31:32,f0f6ed9e9587133a71b582dad5de38832459045a,069fd6594caf3cfc3b4497963b900b24bb550ec7,持卡人消费,A1,-3.0,406.43,6277,正常
2016/04/25 11:34:01,f0f6ed9e9587133a71b582dad5de38832459045a,069fd6594caf3cfc3b4497963b900b24bb550ec7,持卡人消费,南苑网关,-11.04,395.39,6278,正常
2016/04/25 18:21:54,f0f6ed9e9587133a71b582dad5de38832459045a,069fd6594caf3cfc3b4497963b900b24bb550ec7,持卡人消费,学士楼商务网关,-3.0,392.39,6279,正常
2016/04/25 18:22:52,f0f6ed9e9587133a71b582dad5de38832459045a,069fd6594caf3cfc3b4497963b900b24bb550ec7,持卡人消费,学士楼商务网关,-3.0,389.39,6280,正常
2016/04/25 18:24:54,f0f6ed9e9587133a71b582dad5de38832459045a,069fd6594caf3cfc3b4497963b900b24bb550ec7,持卡人消费,学士楼商务网关,-0.4,388.99,6281,正常
2016/04/25 21:11:50,f0f6ed9e9587133a71b582dad5de38832459045a,069fd6594caf3cfc3b4497963b900b24bb550ec7,持卡人消费,学子超市园丁总店,-3.4,385.59,6282,正常
2016/04/26 17:24:04,f0f6ed9e9587133a71b582dad5de38832459045a,069fd6594caf3cfc3b4497963b900b24bb550ec7,持卡人消费,南苑网关,-5.0,380.59,6283,正常
2016/04/26 17:26:34,f0f6ed9e9587133a71b582dad5de38832459045a,069fd6594caf3cfc3b4497963b900b24bb550ec7,持卡人消费,南苑网关,-2.9,377.69,6284,正常
2016/04/26 18:47:06,f0f6ed9e9587133a71b582dad5de38832459045a,069fd6594caf3cfc3b4497963b900b24bb550ec7,持卡人消费,一区图书馆APOS,-1.6,376.09,6285,正常
2016/04/27 17:12:37,f0f6ed9e9587133a71b582dad5de38832459045a,069fd6594caf3cfc3b4497963b900b24bb550ec7,持卡人消费,南苑网关,-3.56,372.53,6286,正常
2016/04/27 17:14:54,f0f6ed9e9587133a71b582dad5de38832459045a,069fd6594caf3cfc3b4497963b900b24bb550ec7,持卡人消费,南苑网关,-4.0,368.53,6287,正常
2016/04/28 11:34:40,f0f6ed9e9587133a71b582dad5de38832459045a,069fd6594caf3cfc3b4497963b900b24bb550ec7,持卡人消费,网络中心,-30.0,338.53,6288,正常
2016/04/29 17:26:33,f0f6ed9e9587133a71b582dad5de38832459045a,069fd6594caf3cfc3b4497963b900b24bb550ec7,持卡人消费,学子超市园丁总店,-13.4,325.13,6289,正常
2016/04/29 18:40:35,f0f6ed9e9587133a71b582dad5de38832459045a,069fd6594caf3cfc3b4497963b900b24bb550ec7,持卡人消费,一校区水控新,-0.62,324.51,6291,正常
2016/04/29 18:49:24,f0f6ed9e9587133a71b582dad5de38832459045a,069fd6594caf3cfc3b4497963b900b24bb550ec7,持卡人消费,一校区水控新,-1.39,323.12,6293,正常
2016/04/30 08:52:42,f0f6ed9e9587133a71b582dad5de38832459045a,069fd6594caf3cfc3b4497963b900b24bb550ec7,持卡人消费,学士楼商务网关,-3.5,319.62,6294,正常
2016/04/30 08:52:56,f0f6ed9e9587133a71b582dad5de38832459045a,069fd6594caf3cfc3b4497963b900b24bb550ec7,持卡人消费,学士楼商务网关,-0.6,319.02,6295,正常
