交易发生时间,学号,姓名,交易类型,子系统名称,交易额,现有余额,次数,状态
2016/04/16 11:34:27,c44fdaaebc137c75e54796f397299ea980664d97,075ca2d6d8017973f627e36f64bd23377e331edf,持卡人消费,学苑楼商务网关,-4.0,96.07,2893,正常
2016/04/16 11:37:21,c44fdaaebc137c75e54796f397299ea980664d97,075ca2d6d8017973f627e36f64bd23377e331edf,持卡人消费,学苑楼商务网关,-8.0,88.07,2894,正常
2016/04/17 12:56:01,c44fdaaebc137c75e54796f397299ea980664d97,075ca2d6d8017973f627e36f64bd23377e331edf,持卡人消费,硕果园（工大商店）,-10.0,78.07,2895,正常
2016/04/29 12:20:15,c44fdaaebc137c75e54796f397299ea980664d97,075ca2d6d8017973f627e36f64bd23377e331edf,持卡人消费,硕果园（工大商店）,-10.0,68.07,2896,正常
