交易发生时间,学号,姓名,交易类型,子系统名称,交易额,现有余额,次数,状态
2016/04/01 11:21:56,3db7be159401791d70164769ad24936b00b420c1,07631562e34ec74569c449fdbebc4a1fba81cab1,存款,卡中心综合业务,100.0,115.19,3887,正常
2016/04/01 11:25:12,3db7be159401791d70164769ad24936b00b420c1,07631562e34ec74569c449fdbebc4a1fba81cab1,持卡人消费,学士楼商务网关,-6.8,108.39,3888,正常
2016/04/01 17:34:32,3db7be159401791d70164769ad24936b00b420c1,07631562e34ec74569c449fdbebc4a1fba81cab1,持卡人消费,学士楼商务网关,-10.0,98.39,3889,正常
2016/04/02 11:18:48,3db7be159401791d70164769ad24936b00b420c1,07631562e34ec74569c449fdbebc4a1fba81cab1,持卡人消费,学士楼商务网关,-8.6,89.79,3890,正常
2016/04/02 13:57:25,3db7be159401791d70164769ad24936b00b420c1,07631562e34ec74569c449fdbebc4a1fba81cab1,持卡人消费,超市商务子系统,-4.7,85.09,3891,正常
2016/04/02 14:02:57,3db7be159401791d70164769ad24936b00b420c1,07631562e34ec74569c449fdbebc4a1fba81cab1,持卡人消费,超市商务子系统,-12.7,72.39,3892,正常
2016/04/02 14:03:38,3db7be159401791d70164769ad24936b00b420c1,07631562e34ec74569c449fdbebc4a1fba81cab1,持卡人消费,超市商务子系统,-5.2,67.19,3893,正常
2016/04/02 14:08:49,3db7be159401791d70164769ad24936b00b420c1,07631562e34ec74569c449fdbebc4a1fba81cab1,持卡人消费,硕果园（工大商店）,-14.5,52.69,3894,正常
2016/04/02 14:12:04,3db7be159401791d70164769ad24936b00b420c1,07631562e34ec74569c449fdbebc4a1fba81cab1,持卡人消费,A18,-3.0,49.69,3895,正常
2016/04/04 17:37:13,3db7be159401791d70164769ad24936b00b420c1,07631562e34ec74569c449fdbebc4a1fba81cab1,持卡人消费,学士楼商务网关,-3.8,45.89,3896,正常
2016/04/04 17:38:35,3db7be159401791d70164769ad24936b00b420c1,07631562e34ec74569c449fdbebc4a1fba81cab1,持卡人消费,学士楼商务网关,-2.0,43.89,3897,正常
2016/04/04 17:56:57,3db7be159401791d70164769ad24936b00b420c1,07631562e34ec74569c449fdbebc4a1fba81cab1,持卡人消费,A18,-6.0,37.89,3898,正常
2016/04/05 11:34:50,3db7be159401791d70164769ad24936b00b420c1,07631562e34ec74569c449fdbebc4a1fba81cab1,持卡人消费,学子楼商务网关,-5.4,32.49,3899,正常
2016/04/05 18:10:49,3db7be159401791d70164769ad24936b00b420c1,07631562e34ec74569c449fdbebc4a1fba81cab1,持卡人消费,硕果园（工大商店）,-6.0,26.49,3900,正常
2016/04/06 11:31:19,3db7be159401791d70164769ad24936b00b420c1,07631562e34ec74569c449fdbebc4a1fba81cab1,持卡人消费,学士楼商务网关,-10.0,16.49,3901,正常
2016/04/07 11:45:14,3db7be159401791d70164769ad24936b00b420c1,07631562e34ec74569c449fdbebc4a1fba81cab1,持卡人消费,学子楼商务网关,-7.8,8.69,3902,正常
2016/04/07 11:46:29,3db7be159401791d70164769ad24936b00b420c1,07631562e34ec74569c449fdbebc4a1fba81cab1,持卡人消费,学子楼商务网关,-3.4,5.29,3903,正常
2016/04/07 11:47:10,3db7be159401791d70164769ad24936b00b420c1,07631562e34ec74569c449fdbebc4a1fba81cab1,持卡人消费,学子楼商务网关,-2.5,2.79,3904,正常
2016/04/08 11:45:51,3db7be159401791d70164769ad24936b00b420c1,07631562e34ec74569c449fdbebc4a1fba81cab1,存款,卡中心综合业务,100.0,102.79,3905,正常
2016/04/08 11:49:24,3db7be159401791d70164769ad24936b00b420c1,07631562e34ec74569c449fdbebc4a1fba81cab1,持卡人消费,学苑楼商务网关,-6.0,96.79,3906,正常
2016/04/08 11:50:01,3db7be159401791d70164769ad24936b00b420c1,07631562e34ec74569c449fdbebc4a1fba81cab1,持卡人消费,学苑楼商务网关,-0.8,95.99,3907,正常
2016/04/08 12:15:10,3db7be159401791d70164769ad24936b00b420c1,07631562e34ec74569c449fdbebc4a1fba81cab1,持卡人消费,硕果园（工大商店）,-4.5,91.49,3908,正常
2016/04/09 07:14:46,3db7be159401791d70164769ad24936b00b420c1,07631562e34ec74569c449fdbebc4a1fba81cab1,持卡人消费,硕果园（工大商店）,-5.0,86.49,3909,正常
2016/04/09 12:41:21,3db7be159401791d70164769ad24936b00b420c1,07631562e34ec74569c449fdbebc4a1fba81cab1,持卡人消费,学苑楼商务网关,-7.9,78.59,3910,正常
2016/04/09 16:26:02,3db7be159401791d70164769ad24936b00b420c1,07631562e34ec74569c449fdbebc4a1fba81cab1,持卡人消费,硕果园（工大商店）,-5.0,73.59,3911,正常
2016/04/10 11:57:36,3db7be159401791d70164769ad24936b00b420c1,07631562e34ec74569c449fdbebc4a1fba81cab1,持卡人消费,学苑楼商务网关,-5.8,67.79,3912,正常
2016/04/11 17:54:06,3db7be159401791d70164769ad24936b00b420c1,07631562e34ec74569c449fdbebc4a1fba81cab1,持卡人消费,学苑楼商务网关,-9.0,58.79,3913,正常
2016/04/11 17:55:34,3db7be159401791d70164769ad24936b00b420c1,07631562e34ec74569c449fdbebc4a1fba81cab1,持卡人消费,学苑楼商务网关,-6.0,52.79,3914,正常
2016/04/12 11:37:17,3db7be159401791d70164769ad24936b00b420c1,07631562e34ec74569c449fdbebc4a1fba81cab1,持卡人消费,学子楼商务网关,-6.8,45.99,3915,正常
2016/04/12 11:39:37,3db7be159401791d70164769ad24936b00b420c1,07631562e34ec74569c449fdbebc4a1fba81cab1,持卡人消费,学子楼商务网关,-7.1,38.89,3916,正常
2016/04/12 11:41:02,3db7be159401791d70164769ad24936b00b420c1,07631562e34ec74569c449fdbebc4a1fba81cab1,持卡人消费,学子楼商务网关,-2.5,36.39,3917,正常
2016/04/15 17:40:30,3db7be159401791d70164769ad24936b00b420c1,07631562e34ec74569c449fdbebc4a1fba81cab1,持卡人消费,学苑楼商务网关,-8.0,28.39,3918,正常
2016/04/15 17:41:05,3db7be159401791d70164769ad24936b00b420c1,07631562e34ec74569c449fdbebc4a1fba81cab1,持卡人消费,学苑楼商务网关,-3.6,24.79,3919,正常
2016/04/15 18:07:12,3db7be159401791d70164769ad24936b00b420c1,07631562e34ec74569c449fdbebc4a1fba81cab1,持卡人消费,超市商务子系统,-1.0,23.79,3920,正常
2016/04/16 13:21:17,3db7be159401791d70164769ad24936b00b420c1,07631562e34ec74569c449fdbebc4a1fba81cab1,持卡人消费,硕果园（工大商店）,-16.0,7.79,3921,正常
2016/04/16 16:40:45,3db7be159401791d70164769ad24936b00b420c1,07631562e34ec74569c449fdbebc4a1fba81cab1,持卡人消费,A18,-6.0,1.79,3922,正常
2016/04/16 20:35:34,3db7be159401791d70164769ad24936b00b420c1,07631562e34ec74569c449fdbebc4a1fba81cab1,持卡人消费,超市商务子系统,-0.5,1.29,3923,正常
2016/04/17 17:40:23,3db7be159401791d70164769ad24936b00b420c1,07631562e34ec74569c449fdbebc4a1fba81cab1,存款,卡中心综合业务,50.0,51.29,3924,正常
2016/04/17 17:48:44,3db7be159401791d70164769ad24936b00b420c1,07631562e34ec74569c449fdbebc4a1fba81cab1,持卡人消费,学苑楼商务网关,-8.0,43.29,3925,正常
2016/04/17 18:08:43,3db7be159401791d70164769ad24936b00b420c1,07631562e34ec74569c449fdbebc4a1fba81cab1,持卡人消费,学苑楼商务网关,-0.1,43.19,3926,正常
2016/04/18 17:49:55,3db7be159401791d70164769ad24936b00b420c1,07631562e34ec74569c449fdbebc4a1fba81cab1,持卡人消费,学士楼商务网关,-7.0,36.19,3927,正常
2016/04/18 18:06:36,3db7be159401791d70164769ad24936b00b420c1,07631562e34ec74569c449fdbebc4a1fba81cab1,持卡人消费,学士楼商务网关,-1.3,34.89,3928,正常
2016/04/18 18:20:25,3db7be159401791d70164769ad24936b00b420c1,07631562e34ec74569c449fdbebc4a1fba81cab1,持卡人消费,超市商务子系统,-11.7,23.19,3929,正常
2016/04/19 08:21:01,3db7be159401791d70164769ad24936b00b420c1,07631562e34ec74569c449fdbebc4a1fba81cab1,持卡人消费,硕果园（工大商店）,-6.0,17.19,3930,正常
2016/04/20 11:37:26,3db7be159401791d70164769ad24936b00b420c1,07631562e34ec74569c449fdbebc4a1fba81cab1,持卡人消费,学士楼商务网关,-10.0,7.19,3931,正常
2016/04/20 17:21:14,3db7be159401791d70164769ad24936b00b420c1,07631562e34ec74569c449fdbebc4a1fba81cab1,持卡人消费,学苑楼商务网关,-6.0,1.19,3932,正常
2016/04/20 17:21:49,3db7be159401791d70164769ad24936b00b420c1,07631562e34ec74569c449fdbebc4a1fba81cab1,持卡人消费,学苑楼商务网关,-0.8,0.39,3933,正常
2016/04/23 11:23:21,3db7be159401791d70164769ad24936b00b420c1,07631562e34ec74569c449fdbebc4a1fba81cab1,存款,卡中心综合业务,100.0,100.39,3934,正常
2016/04/23 11:26:43,3db7be159401791d70164769ad24936b00b420c1,07631562e34ec74569c449fdbebc4a1fba81cab1,持卡人消费,学苑楼商务网关,-11.0,89.39,3935,正常
2016/04/23 11:28:20,3db7be159401791d70164769ad24936b00b420c1,07631562e34ec74569c449fdbebc4a1fba81cab1,持卡人消费,学苑楼商务网关,-0.8,88.59,3936,正常
2016/04/24 11:51:37,3db7be159401791d70164769ad24936b00b420c1,07631562e34ec74569c449fdbebc4a1fba81cab1,持卡人消费,学士楼商务网关,-4.6,83.99,3937,正常
2016/04/24 11:52:52,3db7be159401791d70164769ad24936b00b420c1,07631562e34ec74569c449fdbebc4a1fba81cab1,持卡人消费,学士楼商务网关,-1.0,82.99,3938,正常
2016/04/24 11:55:51,3db7be159401791d70164769ad24936b00b420c1,07631562e34ec74569c449fdbebc4a1fba81cab1,持卡人消费,学士楼商务网关,-3.5,79.49,3939,正常
2016/04/24 11:56:25,3db7be159401791d70164769ad24936b00b420c1,07631562e34ec74569c449fdbebc4a1fba81cab1,持卡人消费,学士楼商务网关,-1.0,78.49,3940,正常
2016/04/25 11:26:01,3db7be159401791d70164769ad24936b00b420c1,07631562e34ec74569c449fdbebc4a1fba81cab1,持卡人消费,学士楼商务网关,-8.6,69.89,3941,正常
2016/04/28 12:01:10,3db7be159401791d70164769ad24936b00b420c1,07631562e34ec74569c449fdbebc4a1fba81cab1,持卡人消费,学苑楼商务网关,-8.8,61.09,3942,正常
2016/04/28 17:53:24,3db7be159401791d70164769ad24936b00b420c1,07631562e34ec74569c449fdbebc4a1fba81cab1,持卡人消费,学士楼商务网关,-10.6,50.49,3943,正常
2016/04/29 11:42:34,3db7be159401791d70164769ad24936b00b420c1,07631562e34ec74569c449fdbebc4a1fba81cab1,持卡人消费,学子楼商务网关,-2.6,47.89,3944,正常
2016/04/29 11:42:42,3db7be159401791d70164769ad24936b00b420c1,07631562e34ec74569c449fdbebc4a1fba81cab1,持卡人消费,学子楼商务网关,-0.6,47.29,3945,正常
2016/04/29 11:43:54,3db7be159401791d70164769ad24936b00b420c1,07631562e34ec74569c449fdbebc4a1fba81cab1,持卡人消费,学子楼商务网关,-2.5,44.79,3946,正常
2016/04/29 11:44:26,3db7be159401791d70164769ad24936b00b420c1,07631562e34ec74569c449fdbebc4a1fba81cab1,持卡人消费,学子楼商务网关,-4.5,40.29,3947,正常
2016/04/30 11:12:13,3db7be159401791d70164769ad24936b00b420c1,07631562e34ec74569c449fdbebc4a1fba81cab1,持卡人消费,超市商务子系统,-9.9,30.39,3948,正常
2016/04/30 11:16:39,3db7be159401791d70164769ad24936b00b420c1,07631562e34ec74569c449fdbebc4a1fba81cab1,持卡人消费,学苑楼商务网关,-12.0,18.39,3949,正常
