交易发生时间,学号,姓名,交易类型,子系统名称,交易额,现有余额,次数,状态
2016/04/04 19:03:07,ee19772d2da3f634a1ffafd7f4512270599384e6,07d1d9e77379f3e6c3d5f83a877df46198a13bd4,持卡人消费,网络中心,-30.0,83.09,3037,正常
2016/04/05 07:46:03,ee19772d2da3f634a1ffafd7f4512270599384e6,07d1d9e77379f3e6c3d5f83a877df46198a13bd4,持卡人消费,学苑楼商务网关,-4.0,79.09,3038,正常
2016/04/05 08:48:23,ee19772d2da3f634a1ffafd7f4512270599384e6,07d1d9e77379f3e6c3d5f83a877df46198a13bd4,持卡人消费,学士楼商务网关,-0.6,78.49,3039,正常
2016/04/05 12:40:59,ee19772d2da3f634a1ffafd7f4512270599384e6,07d1d9e77379f3e6c3d5f83a877df46198a13bd4,持卡人消费,学子楼商务网关,-7.2,71.29,3040,正常
2016/04/05 19:37:33,ee19772d2da3f634a1ffafd7f4512270599384e6,07d1d9e77379f3e6c3d5f83a877df46198a13bd4,持卡人消费,超市商务子系统,-3.0,68.29,3041,正常
2016/04/05 19:38:30,ee19772d2da3f634a1ffafd7f4512270599384e6,07d1d9e77379f3e6c3d5f83a877df46198a13bd4,持卡人消费,超市商务子系统,-2.5,65.79,3042,正常
2016/04/07 11:45:30,ee19772d2da3f634a1ffafd7f4512270599384e6,07d1d9e77379f3e6c3d5f83a877df46198a13bd4,持卡人消费,学士楼商务网关,-9.5,56.29,3043,正常
2016/04/07 11:45:34,ee19772d2da3f634a1ffafd7f4512270599384e6,07d1d9e77379f3e6c3d5f83a877df46198a13bd4,持卡人消费,学士楼商务网关,-4.6,51.69,3044,正常
2016/04/07 13:59:09,ee19772d2da3f634a1ffafd7f4512270599384e6,07d1d9e77379f3e6c3d5f83a877df46198a13bd4,持卡人消费,网络中心,-30.0,21.69,3045,正常
2016/04/07 14:09:18,ee19772d2da3f634a1ffafd7f4512270599384e6,07d1d9e77379f3e6c3d5f83a877df46198a13bd4,持卡人消费,一区图书馆APOS,-13.75,7.94,3046,正常
2016/04/07 15:04:53,ee19772d2da3f634a1ffafd7f4512270599384e6,07d1d9e77379f3e6c3d5f83a877df46198a13bd4,存款,卡中心综合业务,300.0,307.94,3047,正常
2016/04/08 11:51:52,ee19772d2da3f634a1ffafd7f4512270599384e6,07d1d9e77379f3e6c3d5f83a877df46198a13bd4,持卡人消费,学苑楼商务网关,-8.0,299.94,3048,正常
2016/04/09 15:49:55,ee19772d2da3f634a1ffafd7f4512270599384e6,07d1d9e77379f3e6c3d5f83a877df46198a13bd4,持卡人消费,一校区水控新,-0.8,299.14,3049,正常
2016/04/09 15:50:05,ee19772d2da3f634a1ffafd7f4512270599384e6,07d1d9e77379f3e6c3d5f83a877df46198a13bd4,持卡人消费,一校区水控新,-0.01,299.13,3050,正常
2016/04/09 15:55:50,ee19772d2da3f634a1ffafd7f4512270599384e6,07d1d9e77379f3e6c3d5f83a877df46198a13bd4,持卡人消费,一校区水控新,-0.76,298.37,3051,正常
2016/04/09 16:01:15,ee19772d2da3f634a1ffafd7f4512270599384e6,07d1d9e77379f3e6c3d5f83a877df46198a13bd4,持卡人消费,一校区水控新,-0.67,297.70,3052,正常
2016/04/10 08:12:34,ee19772d2da3f634a1ffafd7f4512270599384e6,07d1d9e77379f3e6c3d5f83a877df46198a13bd4,持卡人消费,学士楼商务网关,-2.8,294.90,3053,正常
2016/04/10 08:12:40,ee19772d2da3f634a1ffafd7f4512270599384e6,07d1d9e77379f3e6c3d5f83a877df46198a13bd4,持卡人消费,学士楼商务网关,-2.8,292.10,3054,正常
2016/04/10 12:13:35,ee19772d2da3f634a1ffafd7f4512270599384e6,07d1d9e77379f3e6c3d5f83a877df46198a13bd4,持卡人消费,超市商务子系统,-0.2,291.90,3055,正常
2016/04/11 08:46:15,ee19772d2da3f634a1ffafd7f4512270599384e6,07d1d9e77379f3e6c3d5f83a877df46198a13bd4,持卡人消费,学士楼商务网关,-2.0,289.90,3056,正常
2016/04/11 08:48:20,ee19772d2da3f634a1ffafd7f4512270599384e6,07d1d9e77379f3e6c3d5f83a877df46198a13bd4,持卡人消费,学士楼商务网关,-0.6,289.30,3057,正常
2016/04/12 08:54:47,ee19772d2da3f634a1ffafd7f4512270599384e6,07d1d9e77379f3e6c3d5f83a877df46198a13bd4,持卡人消费,学士楼商务网关,-0.6,288.70,3058,正常
2016/04/12 08:55:04,ee19772d2da3f634a1ffafd7f4512270599384e6,07d1d9e77379f3e6c3d5f83a877df46198a13bd4,持卡人消费,学士楼商务网关,-0.6,288.10,3059,正常
2016/04/12 08:55:49,ee19772d2da3f634a1ffafd7f4512270599384e6,07d1d9e77379f3e6c3d5f83a877df46198a13bd4,持卡人消费,学士楼商务网关,-2.0,286.10,3060,正常
2016/04/12 11:40:40,ee19772d2da3f634a1ffafd7f4512270599384e6,07d1d9e77379f3e6c3d5f83a877df46198a13bd4,持卡人消费,学苑楼商务网关,-8.0,278.10,3061,正常
2016/04/14 08:18:16,ee19772d2da3f634a1ffafd7f4512270599384e6,07d1d9e77379f3e6c3d5f83a877df46198a13bd4,持卡人消费,学士楼商务网关,-2.0,276.10,3062,正常
2016/04/14 11:33:04,ee19772d2da3f634a1ffafd7f4512270599384e6,07d1d9e77379f3e6c3d5f83a877df46198a13bd4,持卡人消费,学苑楼商务网关,-6.0,270.10,3063,正常
2016/04/15 08:32:50,ee19772d2da3f634a1ffafd7f4512270599384e6,07d1d9e77379f3e6c3d5f83a877df46198a13bd4,持卡人消费,学士楼商务网关,-1.4,268.70,3064,正常
2016/04/15 08:33:29,ee19772d2da3f634a1ffafd7f4512270599384e6,07d1d9e77379f3e6c3d5f83a877df46198a13bd4,持卡人消费,学士楼商务网关,-1.5,267.20,3065,正常
2016/04/20 08:28:02,ee19772d2da3f634a1ffafd7f4512270599384e6,07d1d9e77379f3e6c3d5f83a877df46198a13bd4,持卡人消费,学士楼商务网关,-5.8,261.40,3066,正常
2016/04/20 08:29:23,ee19772d2da3f634a1ffafd7f4512270599384e6,07d1d9e77379f3e6c3d5f83a877df46198a13bd4,持卡人消费,学士楼商务网关,-1.2,260.20,3067,正常
2016/04/20 08:29:54,ee19772d2da3f634a1ffafd7f4512270599384e6,07d1d9e77379f3e6c3d5f83a877df46198a13bd4,持卡人消费,学士楼商务网关,-1.1,259.10,3068,正常
2016/04/20 08:30:29,ee19772d2da3f634a1ffafd7f4512270599384e6,07d1d9e77379f3e6c3d5f83a877df46198a13bd4,持卡人消费,学士楼商务网关,-0.5,258.60,3069,正常
2016/04/20 11:46:59,ee19772d2da3f634a1ffafd7f4512270599384e6,07d1d9e77379f3e6c3d5f83a877df46198a13bd4,持卡人消费,学子楼商务网关,-8.4,250.20,3070,正常
2016/04/20 11:49:08,ee19772d2da3f634a1ffafd7f4512270599384e6,07d1d9e77379f3e6c3d5f83a877df46198a13bd4,持卡人消费,学子楼商务网关,-4.5,245.70,3071,正常
2016/04/20 15:30:40,ee19772d2da3f634a1ffafd7f4512270599384e6,07d1d9e77379f3e6c3d5f83a877df46198a13bd4,持卡人消费,一校区水控新,-2.0,243.70,3072,正常
2016/04/20 15:31:31,ee19772d2da3f634a1ffafd7f4512270599384e6,07d1d9e77379f3e6c3d5f83a877df46198a13bd4,持卡人消费,一校区水控新,-0.06,243.64,3074,正常
2016/04/20 15:34:54,ee19772d2da3f634a1ffafd7f4512270599384e6,07d1d9e77379f3e6c3d5f83a877df46198a13bd4,持卡人消费,一校区水控新,-0.26,243.38,3076,正常
2016/04/23 10:50:46,ee19772d2da3f634a1ffafd7f4512270599384e6,07d1d9e77379f3e6c3d5f83a877df46198a13bd4,持卡人消费,超市商务子系统,-7.7,235.68,3077,正常
2016/04/24 20:04:17,ee19772d2da3f634a1ffafd7f4512270599384e6,07d1d9e77379f3e6c3d5f83a877df46198a13bd4,持卡人消费,硕果园（工大商店）,-14.0,221.68,3078,正常
2016/04/25 17:01:40,ee19772d2da3f634a1ffafd7f4512270599384e6,07d1d9e77379f3e6c3d5f83a877df46198a13bd4,持卡人消费,超市商务子系统,-8.7,212.98,3079,正常
2016/04/26 08:20:09,ee19772d2da3f634a1ffafd7f4512270599384e6,07d1d9e77379f3e6c3d5f83a877df46198a13bd4,持卡人消费,学士楼商务网关,-1.7,211.28,3080,正常
2016/04/27 08:39:23,ee19772d2da3f634a1ffafd7f4512270599384e6,07d1d9e77379f3e6c3d5f83a877df46198a13bd4,持卡人消费,学士楼商务网关,-2.0,209.28,3081,正常
2016/04/27 08:40:11,ee19772d2da3f634a1ffafd7f4512270599384e6,07d1d9e77379f3e6c3d5f83a877df46198a13bd4,持卡人消费,学士楼商务网关,-1.2,208.08,3082,正常
2016/04/27 11:48:57,ee19772d2da3f634a1ffafd7f4512270599384e6,07d1d9e77379f3e6c3d5f83a877df46198a13bd4,持卡人消费,学苑楼商务网关,-8.0,200.08,3083,正常
2016/04/27 11:50:30,ee19772d2da3f634a1ffafd7f4512270599384e6,07d1d9e77379f3e6c3d5f83a877df46198a13bd4,持卡人消费,学苑楼商务网关,-3.0,197.08,3084,正常
2016/04/27 11:50:37,ee19772d2da3f634a1ffafd7f4512270599384e6,07d1d9e77379f3e6c3d5f83a877df46198a13bd4,持卡人消费,学苑楼商务网关,-0.6,196.48,3085,正常
2016/04/27 11:51:36,ee19772d2da3f634a1ffafd7f4512270599384e6,07d1d9e77379f3e6c3d5f83a877df46198a13bd4,持卡人消费,学苑楼商务网关,-4.5,191.98,3086,正常
2016/04/28 08:30:48,ee19772d2da3f634a1ffafd7f4512270599384e6,07d1d9e77379f3e6c3d5f83a877df46198a13bd4,持卡人消费,学士楼商务网关,-2.9,189.08,3087,正常
2016/04/28 08:32:41,ee19772d2da3f634a1ffafd7f4512270599384e6,07d1d9e77379f3e6c3d5f83a877df46198a13bd4,持卡人消费,学士楼商务网关,-5.7,183.38,3088,正常
2016/04/29 07:46:09,ee19772d2da3f634a1ffafd7f4512270599384e6,07d1d9e77379f3e6c3d5f83a877df46198a13bd4,持卡人消费,学士楼商务网关,-4.6,178.78,3089,正常
2016/04/29 07:54:22,ee19772d2da3f634a1ffafd7f4512270599384e6,07d1d9e77379f3e6c3d5f83a877df46198a13bd4,持卡人消费,学士楼商务网关,-0.1,178.68,3090,正常
2016/04/29 07:56:02,ee19772d2da3f634a1ffafd7f4512270599384e6,07d1d9e77379f3e6c3d5f83a877df46198a13bd4,持卡人消费,学士楼商务网关,-3.2,175.48,3091,正常
2016/04/29 12:13:56,ee19772d2da3f634a1ffafd7f4512270599384e6,07d1d9e77379f3e6c3d5f83a877df46198a13bd4,持卡人消费,学子楼商务网关,-10.6,164.88,3092,正常
2016/04/29 12:14:14,ee19772d2da3f634a1ffafd7f4512270599384e6,07d1d9e77379f3e6c3d5f83a877df46198a13bd4,持卡人消费,学子楼商务网关,-4.0,160.88,3093,正常
2016/04/29 12:19:25,ee19772d2da3f634a1ffafd7f4512270599384e6,07d1d9e77379f3e6c3d5f83a877df46198a13bd4,持卡人消费,学子楼商务网关,-4.8,156.08,3094,正常
2016/04/29 20:44:01,ee19772d2da3f634a1ffafd7f4512270599384e6,07d1d9e77379f3e6c3d5f83a877df46198a13bd4,持卡人消费,超市商务子系统,-13.5,142.58,3095,正常
2016/04/30 11:46:15,ee19772d2da3f634a1ffafd7f4512270599384e6,07d1d9e77379f3e6c3d5f83a877df46198a13bd4,持卡人消费,学苑楼商务网关,-8.0,134.58,3096,正常
2016/04/30 11:47:11,ee19772d2da3f634a1ffafd7f4512270599384e6,07d1d9e77379f3e6c3d5f83a877df46198a13bd4,持卡人消费,学苑楼商务网关,-4.0,130.58,3097,正常
2016/04/30 16:09:17,ee19772d2da3f634a1ffafd7f4512270599384e6,07d1d9e77379f3e6c3d5f83a877df46198a13bd4,持卡人消费,硕果园（工大商店）,-7.0,123.58,3098,正常
