交易发生时间,学号,姓名,交易类型,子系统名称,交易额,现有余额,次数,状态
2016/04/01 08:42:51,a93b50d85f3411df6dd35c370d73b438c5831cd1,07df921e0270b3cf800483bab44d4174fdbc0054,持卡人消费,学士楼商务网关,-3.2,26.44,4970,正常
2016/04/01 12:16:54,a93b50d85f3411df6dd35c370d73b438c5831cd1,07df921e0270b3cf800483bab44d4174fdbc0054,持卡人消费,硕果园（工大商店）,-10.0,16.44,4971,正常
2016/04/01 16:41:08,a93b50d85f3411df6dd35c370d73b438c5831cd1,07df921e0270b3cf800483bab44d4174fdbc0054,存款,现金充值机,300.0,316.44,4972,正常
2016/04/01 16:58:38,a93b50d85f3411df6dd35c370d73b438c5831cd1,07df921e0270b3cf800483bab44d4174fdbc0054,持卡人消费,硕果园（工大商店）,-8.0,308.44,4973,正常
2016/04/01 17:00:37,a93b50d85f3411df6dd35c370d73b438c5831cd1,07df921e0270b3cf800483bab44d4174fdbc0054,持卡人消费,硕果园（工大商店）,-2.4,306.04,4974,正常
2016/04/01 20:51:08,a93b50d85f3411df6dd35c370d73b438c5831cd1,07df921e0270b3cf800483bab44d4174fdbc0054,持卡人消费,超市商务子系统,-2.6,303.44,4975,正常
2016/04/01 20:55:34,a93b50d85f3411df6dd35c370d73b438c5831cd1,07df921e0270b3cf800483bab44d4174fdbc0054,持卡人消费,硕果园（工大商店）,-16.5,286.94,4976,正常
2016/04/02 07:39:01,a93b50d85f3411df6dd35c370d73b438c5831cd1,07df921e0270b3cf800483bab44d4174fdbc0054,持卡人消费,学士楼商务网关,-3.6,283.34,4977,正常
2016/04/02 11:53:42,a93b50d85f3411df6dd35c370d73b438c5831cd1,07df921e0270b3cf800483bab44d4174fdbc0054,持卡人消费,硕果园（工大商店）,-12.0,271.34,4978,正常
2016/04/03 07:54:04,a93b50d85f3411df6dd35c370d73b438c5831cd1,07df921e0270b3cf800483bab44d4174fdbc0054,持卡人消费,学士楼商务网关,-2.6,268.74,4979,正常
2016/04/03 07:54:13,a93b50d85f3411df6dd35c370d73b438c5831cd1,07df921e0270b3cf800483bab44d4174fdbc0054,持卡人消费,学士楼商务网关,-0.6,268.14,4980,正常
2016/04/03 13:43:35,a93b50d85f3411df6dd35c370d73b438c5831cd1,07df921e0270b3cf800483bab44d4174fdbc0054,持卡人消费,15公寓浴池,-1.78,266.36,4982,正常
2016/04/03 13:52:23,a93b50d85f3411df6dd35c370d73b438c5831cd1,07df921e0270b3cf800483bab44d4174fdbc0054,持卡人消费,15公寓浴池,-1.25,265.11,4984,正常
2016/04/03 17:16:05,a93b50d85f3411df6dd35c370d73b438c5831cd1,07df921e0270b3cf800483bab44d4174fdbc0054,持卡人消费,硕果园（工大商店）,-15.0,250.11,4985,正常
2016/04/04 07:52:12,a93b50d85f3411df6dd35c370d73b438c5831cd1,07df921e0270b3cf800483bab44d4174fdbc0054,持卡人消费,学士楼商务网关,-2.73,247.38,4986,正常
2016/04/04 12:00:08,a93b50d85f3411df6dd35c370d73b438c5831cd1,07df921e0270b3cf800483bab44d4174fdbc0054,持卡人消费,硕果园（工大商店）,-15.0,232.38,4987,正常
2016/04/04 12:01:18,a93b50d85f3411df6dd35c370d73b438c5831cd1,07df921e0270b3cf800483bab44d4174fdbc0054,持卡人消费,硕果园（工大商店）,-3.5,228.88,4988,正常
2016/04/04 12:01:38,a93b50d85f3411df6dd35c370d73b438c5831cd1,07df921e0270b3cf800483bab44d4174fdbc0054,持卡人消费,硕果园（工大商店）,-7.0,221.88,4989,正常
2016/04/04 17:02:09,a93b50d85f3411df6dd35c370d73b438c5831cd1,07df921e0270b3cf800483bab44d4174fdbc0054,持卡人消费,硕果园（工大商店）,-8.0,213.88,4990,正常
2016/04/04 17:04:45,a93b50d85f3411df6dd35c370d73b438c5831cd1,07df921e0270b3cf800483bab44d4174fdbc0054,持卡人消费,硕果园（工大商店）,-2.3,211.58,4991,正常
2016/04/04 20:24:47,a93b50d85f3411df6dd35c370d73b438c5831cd1,07df921e0270b3cf800483bab44d4174fdbc0054,持卡人消费,硕果园（工大商店）,-8.2,203.38,4992,正常
2016/04/05 07:13:15,a93b50d85f3411df6dd35c370d73b438c5831cd1,07df921e0270b3cf800483bab44d4174fdbc0054,持卡人消费,学士楼商务网关,-2.2,201.18,4993,正常
2016/04/06 07:25:45,a93b50d85f3411df6dd35c370d73b438c5831cd1,07df921e0270b3cf800483bab44d4174fdbc0054,持卡人消费,学士楼商务网关,-3.2,197.98,4994,正常
2016/04/06 18:05:38,a93b50d85f3411df6dd35c370d73b438c5831cd1,07df921e0270b3cf800483bab44d4174fdbc0054,持卡人消费,学士楼商务网关,-4.0,193.98,4995,正常
2016/04/06 18:24:06,a93b50d85f3411df6dd35c370d73b438c5831cd1,07df921e0270b3cf800483bab44d4174fdbc0054,持卡人消费,超市商务子系统,-12.0,181.98,4996,正常
2016/04/07 07:25:02,a93b50d85f3411df6dd35c370d73b438c5831cd1,07df921e0270b3cf800483bab44d4174fdbc0054,持卡人消费,学士楼商务网关,-3.6,178.38,4997,正常
2016/04/07 11:31:05,a93b50d85f3411df6dd35c370d73b438c5831cd1,07df921e0270b3cf800483bab44d4174fdbc0054,持卡人消费,硕果园（工大商店）,-26.4,151.98,4998,正常
2016/04/07 11:32:13,a93b50d85f3411df6dd35c370d73b438c5831cd1,07df921e0270b3cf800483bab44d4174fdbc0054,持卡人消费,硕果园（工大商店）,-3.5,148.48,4999,正常
2016/04/07 17:38:43,a93b50d85f3411df6dd35c370d73b438c5831cd1,07df921e0270b3cf800483bab44d4174fdbc0054,持卡人消费,南苑网关,-3.0,145.48,5000,正常
2016/04/08 07:40:11,a93b50d85f3411df6dd35c370d73b438c5831cd1,07df921e0270b3cf800483bab44d4174fdbc0054,持卡人消费,学士楼商务网关,-3.6,141.88,5001,正常
2016/04/09 07:07:39,a93b50d85f3411df6dd35c370d73b438c5831cd1,07df921e0270b3cf800483bab44d4174fdbc0054,持卡人消费,学士楼商务网关,-2.23,139.65,5002,正常
2016/04/09 07:08:56,a93b50d85f3411df6dd35c370d73b438c5831cd1,07df921e0270b3cf800483bab44d4174fdbc0054,持卡人消费,学士楼商务网关,-0.5,139.15,5003,正常
2016/04/09 11:18:54,a93b50d85f3411df6dd35c370d73b438c5831cd1,07df921e0270b3cf800483bab44d4174fdbc0054,持卡人消费,四食堂商务网关,-6.0,133.15,5004,正常
2016/04/10 07:57:51,a93b50d85f3411df6dd35c370d73b438c5831cd1,07df921e0270b3cf800483bab44d4174fdbc0054,持卡人消费,学士楼商务网关,-2.6,130.55,5005,正常
2016/04/10 07:58:04,a93b50d85f3411df6dd35c370d73b438c5831cd1,07df921e0270b3cf800483bab44d4174fdbc0054,持卡人消费,学士楼商务网关,-0.6,129.95,5006,正常
2016/04/10 11:58:11,a93b50d85f3411df6dd35c370d73b438c5831cd1,07df921e0270b3cf800483bab44d4174fdbc0054,持卡人消费,硕果园（工大商店）,-16.0,113.95,5007,正常
2016/04/10 14:54:07,a93b50d85f3411df6dd35c370d73b438c5831cd1,07df921e0270b3cf800483bab44d4174fdbc0054,持卡人消费,游泳馆,-6.0,107.95,5008,正常
2016/04/10 18:48:46,a93b50d85f3411df6dd35c370d73b438c5831cd1,07df921e0270b3cf800483bab44d4174fdbc0054,持卡人消费,学士楼商务网关,-6.8,101.15,5009,正常
2016/04/11 07:11:31,a93b50d85f3411df6dd35c370d73b438c5831cd1,07df921e0270b3cf800483bab44d4174fdbc0054,持卡人消费,学士楼商务网关,-3.6,97.55,5010,正常
2016/04/11 17:17:43,a93b50d85f3411df6dd35c370d73b438c5831cd1,07df921e0270b3cf800483bab44d4174fdbc0054,持卡人消费,硕果园（工大商店）,-13.0,84.55,5011,正常
2016/04/12 07:42:38,a93b50d85f3411df6dd35c370d73b438c5831cd1,07df921e0270b3cf800483bab44d4174fdbc0054,持卡人消费,学士楼商务网关,-3.6,80.95,5012,正常
2016/04/12 17:44:17,a93b50d85f3411df6dd35c370d73b438c5831cd1,07df921e0270b3cf800483bab44d4174fdbc0054,持卡人消费,学苑楼商务网关,-8.0,72.95,5013,正常
2016/04/13 07:14:30,a93b50d85f3411df6dd35c370d73b438c5831cd1,07df921e0270b3cf800483bab44d4174fdbc0054,持卡人消费,学士楼商务网关,-7.1,65.85,5014,正常
2016/04/13 17:20:29,a93b50d85f3411df6dd35c370d73b438c5831cd1,07df921e0270b3cf800483bab44d4174fdbc0054,持卡人消费,硕果园（工大商店）,-8.0,57.85,5015,正常
2016/04/13 17:23:47,a93b50d85f3411df6dd35c370d73b438c5831cd1,07df921e0270b3cf800483bab44d4174fdbc0054,持卡人消费,硕果园（工大商店）,-3.5,54.35,5016,正常
2016/04/14 06:41:53,a93b50d85f3411df6dd35c370d73b438c5831cd1,07df921e0270b3cf800483bab44d4174fdbc0054,持卡人消费,学士楼商务网关,-3.6,50.75,5017,正常
2016/04/14 11:11:40,a93b50d85f3411df6dd35c370d73b438c5831cd1,07df921e0270b3cf800483bab44d4174fdbc0054,持卡人消费,硕果园（工大商店）,-5.0,45.75,5018,正常
2016/04/15 06:34:15,a93b50d85f3411df6dd35c370d73b438c5831cd1,07df921e0270b3cf800483bab44d4174fdbc0054,持卡人消费,学士楼商务网关,-3.6,42.15,5019,正常
2016/04/15 11:31:11,a93b50d85f3411df6dd35c370d73b438c5831cd1,07df921e0270b3cf800483bab44d4174fdbc0054,持卡人消费,硕果园（工大商店）,-7.5,34.65,5020,正常
2016/04/15 11:32:43,a93b50d85f3411df6dd35c370d73b438c5831cd1,07df921e0270b3cf800483bab44d4174fdbc0054,持卡人消费,硕果园（工大商店）,-7.0,27.65,5021,正常
2016/04/15 11:34:02,a93b50d85f3411df6dd35c370d73b438c5831cd1,07df921e0270b3cf800483bab44d4174fdbc0054,持卡人消费,硕果园（工大商店）,-15.0,12.65,5022,正常
2016/04/15 17:23:07,a93b50d85f3411df6dd35c370d73b438c5831cd1,07df921e0270b3cf800483bab44d4174fdbc0054,持卡人消费,硕果园（工大商店）,-8.0,4.65,5023,正常
2016/04/15 17:25:37,a93b50d85f3411df6dd35c370d73b438c5831cd1,07df921e0270b3cf800483bab44d4174fdbc0054,持卡人消费,硕果园（工大商店）,-0.2,4.45,5024,正常
2016/04/16 07:59:14,a93b50d85f3411df6dd35c370d73b438c5831cd1,07df921e0270b3cf800483bab44d4174fdbc0054,持卡人消费,学士楼商务网关,-4.45,0.00,5025,正常
2016/04/16 07:53:35,a93b50d85f3411df6dd35c370d73b438c5831cd1,07df921e0270b3cf800483bab44d4174fdbc0054,存款,现金充值机,100.0,100.00,5026,正常
2016/04/16 07:54:05,a93b50d85f3411df6dd35c370d73b438c5831cd1,07df921e0270b3cf800483bab44d4174fdbc0054,存款,现金充值机,200.0,300.00,5027,正常
2016/04/16 11:55:02,a93b50d85f3411df6dd35c370d73b438c5831cd1,07df921e0270b3cf800483bab44d4174fdbc0054,持卡人消费,硕果园（工大商店）,-12.0,288.00,5028,正常
2016/04/17 08:06:28,a93b50d85f3411df6dd35c370d73b438c5831cd1,07df921e0270b3cf800483bab44d4174fdbc0054,持卡人消费,学士楼商务网关,-2.6,285.40,5029,正常
2016/04/17 08:06:40,a93b50d85f3411df6dd35c370d73b438c5831cd1,07df921e0270b3cf800483bab44d4174fdbc0054,持卡人消费,学士楼商务网关,-1.0,284.40,5030,正常
2016/04/17 11:48:31,a93b50d85f3411df6dd35c370d73b438c5831cd1,07df921e0270b3cf800483bab44d4174fdbc0054,持卡人消费,硕果园（工大商店）,-16.0,268.40,5031,正常
2016/04/17 16:15:30,a93b50d85f3411df6dd35c370d73b438c5831cd1,07df921e0270b3cf800483bab44d4174fdbc0054,持卡人消费,超市商务子系统,-33.7,234.70,5032,正常
2016/04/17 17:43:34,a93b50d85f3411df6dd35c370d73b438c5831cd1,07df921e0270b3cf800483bab44d4174fdbc0054,持卡人消费,学士楼商务网关,-7.2,227.50,5033,正常
2016/04/17 17:46:14,a93b50d85f3411df6dd35c370d73b438c5831cd1,07df921e0270b3cf800483bab44d4174fdbc0054,持卡人消费,学士楼商务网关,-5.4,222.10,5034,正常
2016/04/18 06:46:43,a93b50d85f3411df6dd35c370d73b438c5831cd1,07df921e0270b3cf800483bab44d4174fdbc0054,持卡人消费,学士楼商务网关,-2.6,219.50,5035,正常
2016/04/18 06:46:52,a93b50d85f3411df6dd35c370d73b438c5831cd1,07df921e0270b3cf800483bab44d4174fdbc0054,持卡人消费,学士楼商务网关,-0.4,219.10,5036,正常
2016/04/18 14:27:26,a93b50d85f3411df6dd35c370d73b438c5831cd1,07df921e0270b3cf800483bab44d4174fdbc0054,持卡人消费,游泳馆,-6.0,213.10,5037,正常
2016/04/18 18:08:50,a93b50d85f3411df6dd35c370d73b438c5831cd1,07df921e0270b3cf800483bab44d4174fdbc0054,持卡人消费,学士楼商务网关,-4.6,208.50,5038,正常
2016/04/19 08:11:25,a93b50d85f3411df6dd35c370d73b438c5831cd1,07df921e0270b3cf800483bab44d4174fdbc0054,持卡人消费,学士楼商务网关,-3.6,204.90,5039,正常
2016/04/19 12:20:48,a93b50d85f3411df6dd35c370d73b438c5831cd1,07df921e0270b3cf800483bab44d4174fdbc0054,持卡人消费,硕果园（工大商店）,-11.7,193.20,5040,正常
2016/04/19 12:21:51,a93b50d85f3411df6dd35c370d73b438c5831cd1,07df921e0270b3cf800483bab44d4174fdbc0054,持卡人消费,硕果园（工大商店）,-3.5,189.70,5041,正常
2016/04/19 12:22:36,a93b50d85f3411df6dd35c370d73b438c5831cd1,07df921e0270b3cf800483bab44d4174fdbc0054,持卡人消费,硕果园（工大商店）,-7.0,182.70,5042,正常
2016/04/19 17:45:16,a93b50d85f3411df6dd35c370d73b438c5831cd1,07df921e0270b3cf800483bab44d4174fdbc0054,持卡人消费,学苑楼商务网关,-8.0,174.70,5043,正常
2016/04/20 06:44:58,a93b50d85f3411df6dd35c370d73b438c5831cd1,07df921e0270b3cf800483bab44d4174fdbc0054,持卡人消费,学士楼商务网关,-2.6,172.10,5044,正常
2016/04/20 06:45:13,a93b50d85f3411df6dd35c370d73b438c5831cd1,07df921e0270b3cf800483bab44d4174fdbc0054,持卡人消费,学士楼商务网关,-2.2,169.90,5045,正常
2016/04/20 06:45:42,a93b50d85f3411df6dd35c370d73b438c5831cd1,07df921e0270b3cf800483bab44d4174fdbc0054,持卡人消费,学士楼商务网关,-0.4,169.50,5046,正常
2016/04/20 11:27:19,a93b50d85f3411df6dd35c370d73b438c5831cd1,07df921e0270b3cf800483bab44d4174fdbc0054,持卡人消费,学士楼商务网关,-7.6,161.90,5047,正常
2016/04/20 17:25:18,a93b50d85f3411df6dd35c370d73b438c5831cd1,07df921e0270b3cf800483bab44d4174fdbc0054,持卡人消费,硕果园（工大商店）,-8.0,153.90,5048,正常
2016/04/20 17:27:15,a93b50d85f3411df6dd35c370d73b438c5831cd1,07df921e0270b3cf800483bab44d4174fdbc0054,持卡人消费,硕果园（工大商店）,-2.6,151.30,5049,正常
2016/04/20 21:05:08,a93b50d85f3411df6dd35c370d73b438c5831cd1,07df921e0270b3cf800483bab44d4174fdbc0054,持卡人消费,超市商务子系统,-24.9,126.40,5050,正常
2016/04/20 22:19:47,a93b50d85f3411df6dd35c370d73b438c5831cd1,07df921e0270b3cf800483bab44d4174fdbc0054,持卡人消费,硕果园（工大商店）,-5.1,121.30,5051,正常
2016/04/21 08:03:36,a93b50d85f3411df6dd35c370d73b438c5831cd1,07df921e0270b3cf800483bab44d4174fdbc0054,持卡人消费,学士楼商务网关,-2.6,118.70,5052,正常
2016/04/21 08:03:56,a93b50d85f3411df6dd35c370d73b438c5831cd1,07df921e0270b3cf800483bab44d4174fdbc0054,持卡人消费,学士楼商务网关,-1.0,117.70,5053,正常
2016/04/21 18:32:03,a93b50d85f3411df6dd35c370d73b438c5831cd1,07df921e0270b3cf800483bab44d4174fdbc0054,持卡人消费,硕果园（工大商店）,-12.0,105.70,5054,正常
2016/04/21 22:22:13,a93b50d85f3411df6dd35c370d73b438c5831cd1,07df921e0270b3cf800483bab44d4174fdbc0054,持卡人消费,A2,-15.0,90.70,5055,正常
2016/04/22 07:57:03,a93b50d85f3411df6dd35c370d73b438c5831cd1,07df921e0270b3cf800483bab44d4174fdbc0054,持卡人消费,学士楼商务网关,-2.6,88.10,5056,正常
2016/04/22 07:57:34,a93b50d85f3411df6dd35c370d73b438c5831cd1,07df921e0270b3cf800483bab44d4174fdbc0054,持卡人消费,学士楼商务网关,-1.0,87.10,5057,正常
2016/04/22 17:14:46,a93b50d85f3411df6dd35c370d73b438c5831cd1,07df921e0270b3cf800483bab44d4174fdbc0054,持卡人消费,硕果园（工大商店）,-8.0,79.10,5058,正常
2016/04/22 17:17:00,a93b50d85f3411df6dd35c370d73b438c5831cd1,07df921e0270b3cf800483bab44d4174fdbc0054,持卡人消费,硕果园（工大商店）,-2.7,76.40,5059,正常
2016/04/22 21:00:34,a93b50d85f3411df6dd35c370d73b438c5831cd1,07df921e0270b3cf800483bab44d4174fdbc0054,持卡人消费,超市商务子系统,-2.5,73.90,5060,正常
2016/04/22 21:56:35,a93b50d85f3411df6dd35c370d73b438c5831cd1,07df921e0270b3cf800483bab44d4174fdbc0054,持卡人消费,硕果园（工大商店）,-17.4,56.50,5061,正常
2016/04/23 08:26:14,a93b50d85f3411df6dd35c370d73b438c5831cd1,07df921e0270b3cf800483bab44d4174fdbc0054,持卡人消费,学士楼商务网关,-3.6,52.90,5062,正常
2016/04/23 12:20:52,a93b50d85f3411df6dd35c370d73b438c5831cd1,07df921e0270b3cf800483bab44d4174fdbc0054,持卡人消费,硕果园（工大商店）,-16.0,36.90,5063,正常
2016/04/23 18:25:23,a93b50d85f3411df6dd35c370d73b438c5831cd1,07df921e0270b3cf800483bab44d4174fdbc0054,持卡人消费,硕果园（工大商店）,-12.0,24.90,5064,正常
2016/04/24 08:33:09,a93b50d85f3411df6dd35c370d73b438c5831cd1,07df921e0270b3cf800483bab44d4174fdbc0054,持卡人消费,学士楼商务网关,-3.1,21.80,5065,正常
2016/04/24 17:36:12,a93b50d85f3411df6dd35c370d73b438c5831cd1,07df921e0270b3cf800483bab44d4174fdbc0054,持卡人消费,硕果园（工大商店）,-12.0,9.80,5066,正常
2016/04/25 07:15:33,a93b50d85f3411df6dd35c370d73b438c5831cd1,07df921e0270b3cf800483bab44d4174fdbc0054,持卡人消费,学士楼商务网关,-2.6,7.20,5067,正常
2016/04/25 07:15:54,a93b50d85f3411df6dd35c370d73b438c5831cd1,07df921e0270b3cf800483bab44d4174fdbc0054,持卡人消费,学士楼商务网关,-1.0,6.20,5068,正常
2016/04/25 12:38:22,a93b50d85f3411df6dd35c370d73b438c5831cd1,07df921e0270b3cf800483bab44d4174fdbc0054,存款,现金充值机,300.0,306.20,5069,正常
2016/04/25 14:50:25,a93b50d85f3411df6dd35c370d73b438c5831cd1,07df921e0270b3cf800483bab44d4174fdbc0054,持卡人消费,游泳馆,-6.0,300.20,5070,正常
2016/04/25 17:49:32,a93b50d85f3411df6dd35c370d73b438c5831cd1,07df921e0270b3cf800483bab44d4174fdbc0054,持卡人消费,学士楼商务网关,-5.1,295.10,5071,正常
2016/04/25 17:53:19,a93b50d85f3411df6dd35c370d73b438c5831cd1,07df921e0270b3cf800483bab44d4174fdbc0054,持卡人消费,学士楼商务网关,-8.1,287.00,5072,正常
2016/04/26 07:22:12,a93b50d85f3411df6dd35c370d73b438c5831cd1,07df921e0270b3cf800483bab44d4174fdbc0054,持卡人消费,学士楼商务网关,-3.6,283.40,5073,正常
2016/04/26 11:24:08,a93b50d85f3411df6dd35c370d73b438c5831cd1,07df921e0270b3cf800483bab44d4174fdbc0054,持卡人消费,学士楼商务网关,-7.8,275.60,5074,正常
2016/04/26 11:26:43,a93b50d85f3411df6dd35c370d73b438c5831cd1,07df921e0270b3cf800483bab44d4174fdbc0054,持卡人消费,学士楼商务网关,-5.9,269.70,5075,正常
2016/04/26 17:51:09,a93b50d85f3411df6dd35c370d73b438c5831cd1,07df921e0270b3cf800483bab44d4174fdbc0054,持卡人消费,15公寓浴池,-1.89,267.81,5077,正常
2016/04/26 19:08:17,a93b50d85f3411df6dd35c370d73b438c5831cd1,07df921e0270b3cf800483bab44d4174fdbc0054,持卡人消费,硕果园（工大商店）,-12.0,255.81,5078,正常
2016/04/26 19:46:53,a93b50d85f3411df6dd35c370d73b438c5831cd1,07df921e0270b3cf800483bab44d4174fdbc0054,持卡人消费,超市商务子系统,-51.7,204.11,5079,正常
2016/04/27 07:29:47,a93b50d85f3411df6dd35c370d73b438c5831cd1,07df921e0270b3cf800483bab44d4174fdbc0054,持卡人消费,学士楼商务网关,-3.6,200.51,5080,正常
2016/04/27 17:59:19,a93b50d85f3411df6dd35c370d73b438c5831cd1,07df921e0270b3cf800483bab44d4174fdbc0054,持卡人消费,硕果园（工大商店）,-8.0,192.51,5081,正常
2016/04/27 18:01:29,a93b50d85f3411df6dd35c370d73b438c5831cd1,07df921e0270b3cf800483bab44d4174fdbc0054,持卡人消费,硕果园（工大商店）,-2.6,189.91,5082,正常
2016/04/28 06:50:51,a93b50d85f3411df6dd35c370d73b438c5831cd1,07df921e0270b3cf800483bab44d4174fdbc0054,持卡人消费,学士楼商务网关,-2.6,187.31,5083,正常
2016/04/28 06:51:09,a93b50d85f3411df6dd35c370d73b438c5831cd1,07df921e0270b3cf800483bab44d4174fdbc0054,持卡人消费,学士楼商务网关,-1.0,186.31,5084,正常
2016/04/28 12:55:04,a93b50d85f3411df6dd35c370d73b438c5831cd1,07df921e0270b3cf800483bab44d4174fdbc0054,持卡人消费,硕果园（工大商店）,-12.0,174.31,5085,正常
2016/04/28 18:58:58,a93b50d85f3411df6dd35c370d73b438c5831cd1,07df921e0270b3cf800483bab44d4174fdbc0054,持卡人消费,学士楼商务网关,-2.0,172.31,5086,正常
2016/04/29 07:23:34,a93b50d85f3411df6dd35c370d73b438c5831cd1,07df921e0270b3cf800483bab44d4174fdbc0054,持卡人消费,学士楼商务网关,-3.8,168.51,5087,正常
2016/04/29 11:28:58,a93b50d85f3411df6dd35c370d73b438c5831cd1,07df921e0270b3cf800483bab44d4174fdbc0054,持卡人消费,硕果园（工大商店）,-12.0,156.51,5088,正常
2016/04/29 14:54:30,a93b50d85f3411df6dd35c370d73b438c5831cd1,07df921e0270b3cf800483bab44d4174fdbc0054,持卡人消费,网络中心,-30.0,126.51,5089,正常
2016/04/29 17:24:06,a93b50d85f3411df6dd35c370d73b438c5831cd1,07df921e0270b3cf800483bab44d4174fdbc0054,持卡人消费,硕果园（工大商店）,-8.0,118.51,5090,正常
2016/04/29 17:26:38,a93b50d85f3411df6dd35c370d73b438c5831cd1,07df921e0270b3cf800483bab44d4174fdbc0054,持卡人消费,硕果园（工大商店）,-3.6,114.91,5091,正常
2016/04/30 07:12:13,a93b50d85f3411df6dd35c370d73b438c5831cd1,07df921e0270b3cf800483bab44d4174fdbc0054,持卡人消费,学士楼商务网关,-2.6,112.31,5092,正常
2016/04/30 07:12:28,a93b50d85f3411df6dd35c370d73b438c5831cd1,07df921e0270b3cf800483bab44d4174fdbc0054,持卡人消费,学士楼商务网关,-1.0,111.31,5093,正常
2016/04/30 18:55:53,a93b50d85f3411df6dd35c370d73b438c5831cd1,07df921e0270b3cf800483bab44d4174fdbc0054,持卡人消费,硕果园（工大商店）,-12.0,99.31,5094,正常
