交易发生时间,学号,姓名,交易类型,子系统名称,交易额,现有余额,次数,状态
2016/04/28 06:56:09,c9ada5a3556bdc3849f08a94307c74ca1d25b2f4,080263de8a7b0306e31641ca349e43dce63f9a3d,存款,现金充值机,200.0,200.13,2406,正常
2016/04/28 08:44:06,c9ada5a3556bdc3849f08a94307c74ca1d25b2f4,080263de8a7b0306e31641ca349e43dce63f9a3d,持卡人消费,学士楼商务网关,-3.1,197.03,2407,正常
2016/04/28 09:01:05,c9ada5a3556bdc3849f08a94307c74ca1d25b2f4,080263de8a7b0306e31641ca349e43dce63f9a3d,持卡人消费,超市商务子系统,-109.0,88.03,2408,正常
2016/04/29 11:57:36,c9ada5a3556bdc3849f08a94307c74ca1d25b2f4,080263de8a7b0306e31641ca349e43dce63f9a3d,持卡人消费,学苑楼商务网关,-8.8,79.23,2409,正常
