交易发生时间,学号,姓名,交易类型,子系统名称,交易额,现有余额,次数,状态
2016/04/02 17:21:15,2808823a3086fe187f8875efe8c571ec8da97391,084c0e0b27b9bbefeb2f5cc2a08f2f2f0b76da0b,持卡人消费,15公寓浴池,-0.26,178.54,3684,正常
2016/04/02 17:22:51,2808823a3086fe187f8875efe8c571ec8da97391,084c0e0b27b9bbefeb2f5cc2a08f2f2f0b76da0b,持卡人消费,15公寓浴池,-0.18,178.36,3686,正常
2016/04/02 17:26:59,2808823a3086fe187f8875efe8c571ec8da97391,084c0e0b27b9bbefeb2f5cc2a08f2f2f0b76da0b,持卡人消费,15公寓浴池,-0.69,177.67,3688,正常
2016/04/02 17:27:36,2808823a3086fe187f8875efe8c571ec8da97391,084c0e0b27b9bbefeb2f5cc2a08f2f2f0b76da0b,持卡人消费,15公寓浴池,-0.1,177.57,3690,正常
2016/04/02 17:38:16,2808823a3086fe187f8875efe8c571ec8da97391,084c0e0b27b9bbefeb2f5cc2a08f2f2f0b76da0b,持卡人消费,学子便利店A01后楼,-10.9,166.67,3691,正常
2016/04/03 10:51:25,2808823a3086fe187f8875efe8c571ec8da97391,084c0e0b27b9bbefeb2f5cc2a08f2f2f0b76da0b,持卡人消费,硕果园（工大商店）,-15.0,151.67,3692,正常
2016/04/03 10:51:54,2808823a3086fe187f8875efe8c571ec8da97391,084c0e0b27b9bbefeb2f5cc2a08f2f2f0b76da0b,持卡人消费,硕果园（工大商店）,-1.5,150.17,3693,正常
2016/04/03 17:37:40,2808823a3086fe187f8875efe8c571ec8da97391,084c0e0b27b9bbefeb2f5cc2a08f2f2f0b76da0b,持卡人消费,超市商务子系统,-85.8,64.37,3694,正常
2016/04/03 17:38:26,2808823a3086fe187f8875efe8c571ec8da97391,084c0e0b27b9bbefeb2f5cc2a08f2f2f0b76da0b,持卡人消费,超市商务子系统,-5.0,59.37,3695,正常
2016/04/03 19:54:09,2808823a3086fe187f8875efe8c571ec8da97391,084c0e0b27b9bbefeb2f5cc2a08f2f2f0b76da0b,持卡人消费,学子便利店A01后楼,-5.9,53.47,3696,正常
2016/04/05 17:10:31,2808823a3086fe187f8875efe8c571ec8da97391,084c0e0b27b9bbefeb2f5cc2a08f2f2f0b76da0b,存款,学苑楼综合业务2,100.0,153.47,3697,正常
2016/04/05 17:11:26,2808823a3086fe187f8875efe8c571ec8da97391,084c0e0b27b9bbefeb2f5cc2a08f2f2f0b76da0b,持卡人消费,学苑楼商务网关,-0.4,153.07,3698,正常
2016/04/05 17:12:45,2808823a3086fe187f8875efe8c571ec8da97391,084c0e0b27b9bbefeb2f5cc2a08f2f2f0b76da0b,持卡人消费,学苑楼商务网关,-1.5,151.57,3699,正常
2016/04/06 15:48:09,2808823a3086fe187f8875efe8c571ec8da97391,084c0e0b27b9bbefeb2f5cc2a08f2f2f0b76da0b,持卡人消费,硕果园（工大商店）,-8.0,143.57,3700,正常
2016/04/07 18:04:35,2808823a3086fe187f8875efe8c571ec8da97391,084c0e0b27b9bbefeb2f5cc2a08f2f2f0b76da0b,持卡人消费,学子便利店A01后楼,-4.4,139.17,3701,正常
2016/04/08 11:13:58,2808823a3086fe187f8875efe8c571ec8da97391,084c0e0b27b9bbefeb2f5cc2a08f2f2f0b76da0b,持卡人消费,硕果园（工大商店）,-12.0,127.17,3702,正常
2016/04/08 17:15:37,2808823a3086fe187f8875efe8c571ec8da97391,084c0e0b27b9bbefeb2f5cc2a08f2f2f0b76da0b,持卡人消费,学苑楼商务网关,-1.5,125.67,3703,正常
2016/04/08 17:16:58,2808823a3086fe187f8875efe8c571ec8da97391,084c0e0b27b9bbefeb2f5cc2a08f2f2f0b76da0b,持卡人消费,学苑楼商务网关,-0.4,125.27,3704,正常
2016/04/09 10:37:39,2808823a3086fe187f8875efe8c571ec8da97391,084c0e0b27b9bbefeb2f5cc2a08f2f2f0b76da0b,持卡人消费,学子便利店A01后楼,-13.0,112.27,3705,正常
2016/04/09 15:41:14,2808823a3086fe187f8875efe8c571ec8da97391,084c0e0b27b9bbefeb2f5cc2a08f2f2f0b76da0b,持卡人消费,超市商务子系统,-41.4,70.87,3706,正常
2016/04/09 15:42:25,2808823a3086fe187f8875efe8c571ec8da97391,084c0e0b27b9bbefeb2f5cc2a08f2f2f0b76da0b,持卡人消费,超市商务子系统,-32.0,38.87,3707,正常
2016/04/11 11:13:39,2808823a3086fe187f8875efe8c571ec8da97391,084c0e0b27b9bbefeb2f5cc2a08f2f2f0b76da0b,持卡人消费,学士楼商务网关,-7.6,31.27,3708,正常
2016/04/11 11:14:09,2808823a3086fe187f8875efe8c571ec8da97391,084c0e0b27b9bbefeb2f5cc2a08f2f2f0b76da0b,持卡人消费,学士楼商务网关,-4.0,27.27,3709,正常
2016/04/11 15:47:42,2808823a3086fe187f8875efe8c571ec8da97391,084c0e0b27b9bbefeb2f5cc2a08f2f2f0b76da0b,持卡人消费,15公寓浴池,-0.64,26.63,3711,正常
2016/04/11 15:56:16,2808823a3086fe187f8875efe8c571ec8da97391,084c0e0b27b9bbefeb2f5cc2a08f2f2f0b76da0b,持卡人消费,15公寓浴池,-1.49,25.14,3713,正常
2016/04/12 17:57:18,2808823a3086fe187f8875efe8c571ec8da97391,084c0e0b27b9bbefeb2f5cc2a08f2f2f0b76da0b,持卡人消费,学子便利店A01后楼,-11.0,14.14,3714,正常
2016/04/14 18:24:59,2808823a3086fe187f8875efe8c571ec8da97391,084c0e0b27b9bbefeb2f5cc2a08f2f2f0b76da0b,持卡人消费,学子便利店A01后楼,-10.4,3.74,3715,正常
2016/04/15 11:01:01,2808823a3086fe187f8875efe8c571ec8da97391,084c0e0b27b9bbefeb2f5cc2a08f2f2f0b76da0b,存款,现金充值机,200.0,203.74,3716,正常
2016/04/15 11:22:28,2808823a3086fe187f8875efe8c571ec8da97391,084c0e0b27b9bbefeb2f5cc2a08f2f2f0b76da0b,持卡人消费,学苑楼商务网关,-8.0,195.74,3717,正常
2016/04/15 11:35:20,2808823a3086fe187f8875efe8c571ec8da97391,084c0e0b27b9bbefeb2f5cc2a08f2f2f0b76da0b,持卡人消费,学苑楼商务网关,-14.0,181.74,3718,正常
2016/04/15 11:50:38,2808823a3086fe187f8875efe8c571ec8da97391,084c0e0b27b9bbefeb2f5cc2a08f2f2f0b76da0b,持卡人消费,学子便利店A01后楼,-2.0,179.74,3719,正常
2016/04/15 18:22:10,2808823a3086fe187f8875efe8c571ec8da97391,084c0e0b27b9bbefeb2f5cc2a08f2f2f0b76da0b,持卡人消费,硕果园（工大商店）,-12.0,167.74,3720,正常
2016/04/16 16:43:00,2808823a3086fe187f8875efe8c571ec8da97391,084c0e0b27b9bbefeb2f5cc2a08f2f2f0b76da0b,持卡人消费,学士楼商务网关,-5.0,162.74,3721,正常
2016/04/16 17:07:23,2808823a3086fe187f8875efe8c571ec8da97391,084c0e0b27b9bbefeb2f5cc2a08f2f2f0b76da0b,持卡人消费,学子便利店A01后楼,-2.0,160.74,3722,正常
2016/04/17 19:05:41,2808823a3086fe187f8875efe8c571ec8da97391,084c0e0b27b9bbefeb2f5cc2a08f2f2f0b76da0b,持卡人消费,学子便利店A01后楼,-11.0,149.74,3723,正常
2016/04/18 11:42:30,2808823a3086fe187f8875efe8c571ec8da97391,084c0e0b27b9bbefeb2f5cc2a08f2f2f0b76da0b,持卡人消费,学士楼商务网关,-4.4,145.34,3724,正常
2016/04/18 12:00:35,2808823a3086fe187f8875efe8c571ec8da97391,084c0e0b27b9bbefeb2f5cc2a08f2f2f0b76da0b,持卡人消费,一区图书馆APOS,-1.0,144.34,3725,正常
2016/04/18 16:06:50,2808823a3086fe187f8875efe8c571ec8da97391,084c0e0b27b9bbefeb2f5cc2a08f2f2f0b76da0b,持卡人消费,超市商务子系统,-3.0,141.34,3726,正常
2016/04/18 16:14:57,2808823a3086fe187f8875efe8c571ec8da97391,084c0e0b27b9bbefeb2f5cc2a08f2f2f0b76da0b,持卡人消费,超市商务子系统,-12.0,129.34,3727,正常
2016/04/18 16:24:35,2808823a3086fe187f8875efe8c571ec8da97391,084c0e0b27b9bbefeb2f5cc2a08f2f2f0b76da0b,持卡人消费,超市商务子系统,-39.7,89.64,3728,正常
2016/04/18 21:12:47,2808823a3086fe187f8875efe8c571ec8da97391,084c0e0b27b9bbefeb2f5cc2a08f2f2f0b76da0b,持卡人消费,学子便利店A01后楼,-5.8,83.84,3729,正常
2016/04/19 15:28:31,2808823a3086fe187f8875efe8c571ec8da97391,084c0e0b27b9bbefeb2f5cc2a08f2f2f0b76da0b,持卡人消费,15公寓浴池,-0.91,82.93,3731,正常
2016/04/19 15:33:46,2808823a3086fe187f8875efe8c571ec8da97391,084c0e0b27b9bbefeb2f5cc2a08f2f2f0b76da0b,持卡人消费,15公寓浴池,-0.88,82.05,3733,正常
2016/04/19 15:34:32,2808823a3086fe187f8875efe8c571ec8da97391,084c0e0b27b9bbefeb2f5cc2a08f2f2f0b76da0b,持卡人消费,15公寓浴池,-0.08,81.97,3735,正常
2016/04/19 15:42:32,2808823a3086fe187f8875efe8c571ec8da97391,084c0e0b27b9bbefeb2f5cc2a08f2f2f0b76da0b,持卡人消费,学子便利店A01后楼,-1.5,80.47,3736,正常
2016/04/19 16:57:48,2808823a3086fe187f8875efe8c571ec8da97391,084c0e0b27b9bbefeb2f5cc2a08f2f2f0b76da0b,持卡人消费,学士楼商务网关,-4.4,76.07,3737,正常
2016/04/20 11:37:24,2808823a3086fe187f8875efe8c571ec8da97391,084c0e0b27b9bbefeb2f5cc2a08f2f2f0b76da0b,持卡人消费,学苑楼商务网关,-8.0,68.07,3738,正常
2016/04/20 11:50:42,2808823a3086fe187f8875efe8c571ec8da97391,084c0e0b27b9bbefeb2f5cc2a08f2f2f0b76da0b,持卡人消费,学苑楼商务网关,-9.0,59.07,3739,正常
2016/04/20 17:11:49,2808823a3086fe187f8875efe8c571ec8da97391,084c0e0b27b9bbefeb2f5cc2a08f2f2f0b76da0b,持卡人消费,学子便利店A01后楼,-5.5,53.57,3740,正常
2016/04/21 12:18:57,2808823a3086fe187f8875efe8c571ec8da97391,084c0e0b27b9bbefeb2f5cc2a08f2f2f0b76da0b,持卡人消费,学子便利店A01后楼,-3.0,50.57,3741,正常
2016/04/21 17:31:34,2808823a3086fe187f8875efe8c571ec8da97391,084c0e0b27b9bbefeb2f5cc2a08f2f2f0b76da0b,持卡人消费,学士楼商务网关,-8.7,41.87,3742,正常
2016/04/22 11:19:09,2808823a3086fe187f8875efe8c571ec8da97391,084c0e0b27b9bbefeb2f5cc2a08f2f2f0b76da0b,持卡人消费,学苑楼商务网关,-3.0,38.87,3743,正常
2016/04/22 18:17:15,2808823a3086fe187f8875efe8c571ec8da97391,084c0e0b27b9bbefeb2f5cc2a08f2f2f0b76da0b,持卡人消费,学子便利店A01后楼,-15.5,23.37,3744,正常
2016/04/23 17:40:04,2808823a3086fe187f8875efe8c571ec8da97391,084c0e0b27b9bbefeb2f5cc2a08f2f2f0b76da0b,持卡人消费,学士楼商务网关,-9.9,13.47,3745,正常
2016/04/25 17:55:42,2808823a3086fe187f8875efe8c571ec8da97391,084c0e0b27b9bbefeb2f5cc2a08f2f2f0b76da0b,持卡人消费,学士楼商务网关,-7.9,5.57,3746,正常
2016/04/26 17:14:53,2808823a3086fe187f8875efe8c571ec8da97391,084c0e0b27b9bbefeb2f5cc2a08f2f2f0b76da0b,持卡人消费,学子便利店A01后楼,-2.7,2.87,3747,正常
2016/04/29 11:09:45,2808823a3086fe187f8875efe8c571ec8da97391,084c0e0b27b9bbefeb2f5cc2a08f2f2f0b76da0b,存款,学苑楼综合业务2,200.0,202.87,3748,正常
2016/04/29 17:29:40,2808823a3086fe187f8875efe8c571ec8da97391,084c0e0b27b9bbefeb2f5cc2a08f2f2f0b76da0b,持卡人消费,学子便利店A01后楼,-9.0,193.87,3749,正常
