交易发生时间,学号,姓名,交易类型,子系统名称,交易额,现有余额,次数,状态
2016/04/07 12:26:57,b9c68b4971a32ca97dad74a483b9563258f93c39,08bf5f14f7709a67ce420e95a97dc858e3ece26d,持卡人消费,15公寓浴池,-2.0,61.02,1651,正常
2016/04/07 12:27:00,b9c68b4971a32ca97dad74a483b9563258f93c39,08bf5f14f7709a67ce420e95a97dc858e3ece26d,持卡人消费,15公寓浴池,-2.0,59.02,1652,正常
2016/04/07 12:36:45,b9c68b4971a32ca97dad74a483b9563258f93c39,08bf5f14f7709a67ce420e95a97dc858e3ece26d,持卡人消费,学子便利店A01后楼,-3.9,55.12,1653,正常
2016/04/08 14:40:17,b9c68b4971a32ca97dad74a483b9563258f93c39,08bf5f14f7709a67ce420e95a97dc858e3ece26d,持卡人消费,学子便利店A01后楼,-4.2,50.92,1654,正常
2016/04/28 12:13:33,b9c68b4971a32ca97dad74a483b9563258f93c39,08bf5f14f7709a67ce420e95a97dc858e3ece26d,持卡人消费,学子便利店A01后楼,-2.5,48.42,1655,正常
2016/04/28 12:37:05,b9c68b4971a32ca97dad74a483b9563258f93c39,08bf5f14f7709a67ce420e95a97dc858e3ece26d,持卡人消费,15公寓浴池,-0.02,48.40,1657,正常
2016/04/28 12:52:02,b9c68b4971a32ca97dad74a483b9563258f93c39,08bf5f14f7709a67ce420e95a97dc858e3ece26d,持卡人消费,15公寓浴池,-1.47,46.93,1659,正常
2016/04/28 19:25:55,b9c68b4971a32ca97dad74a483b9563258f93c39,08bf5f14f7709a67ce420e95a97dc858e3ece26d,持卡人消费,15公寓浴池,-1.89,45.04,1661,正常
2016/04/29 08:37:18,b9c68b4971a32ca97dad74a483b9563258f93c39,08bf5f14f7709a67ce420e95a97dc858e3ece26d,持卡人消费,学子便利店A01后楼,-2.5,42.54,1662,正常
