交易发生时间,学号,姓名,交易类型,子系统名称,交易额,现有余额,次数,状态
2016/04/01 11:57:06,1099b08ac04ea89cea4571884a56cd5e54ffb2e0,0999766dd8df8f76ba088f77ed21c01628d438d5,持卡人消费,学苑楼商务网关,-5.6,207.39,4192,正常
2016/04/01 12:24:14,1099b08ac04ea89cea4571884a56cd5e54ffb2e0,0999766dd8df8f76ba088f77ed21c01628d438d5,持卡人消费,超市商务子系统,-8.3,199.09,4193,正常
2016/04/02 12:30:31,1099b08ac04ea89cea4571884a56cd5e54ffb2e0,0999766dd8df8f76ba088f77ed21c01628d438d5,持卡人消费,学子超市园丁总店,-1.7,197.39,4194,正常
2016/04/03 15:09:33,1099b08ac04ea89cea4571884a56cd5e54ffb2e0,0999766dd8df8f76ba088f77ed21c01628d438d5,持卡人消费,学士楼商务网关,-7.0,190.39,4195,正常
2016/04/03 15:10:24,1099b08ac04ea89cea4571884a56cd5e54ffb2e0,0999766dd8df8f76ba088f77ed21c01628d438d5,持卡人消费,学士楼商务网关,-3.0,187.39,4196,正常
2016/04/03 15:21:30,1099b08ac04ea89cea4571884a56cd5e54ffb2e0,0999766dd8df8f76ba088f77ed21c01628d438d5,持卡人消费,学士楼商务网关,-0.5,186.89,4197,正常
2016/04/03 15:40:24,1099b08ac04ea89cea4571884a56cd5e54ffb2e0,0999766dd8df8f76ba088f77ed21c01628d438d5,持卡人消费,超市商务子系统,-45.4,141.49,4198,正常
2016/04/04 12:00:45,1099b08ac04ea89cea4571884a56cd5e54ffb2e0,0999766dd8df8f76ba088f77ed21c01628d438d5,持卡人消费,学苑楼商务网关,-8.0,133.49,4199,正常
2016/04/04 14:17:02,1099b08ac04ea89cea4571884a56cd5e54ffb2e0,0999766dd8df8f76ba088f77ed21c01628d438d5,持卡人消费,超市商务子系统,-5.8,127.69,4200,正常
2016/04/04 19:45:55,1099b08ac04ea89cea4571884a56cd5e54ffb2e0,0999766dd8df8f76ba088f77ed21c01628d438d5,持卡人消费,学子超市园丁总店,-11.9,115.79,4201,正常
2016/04/05 11:34:31,1099b08ac04ea89cea4571884a56cd5e54ffb2e0,0999766dd8df8f76ba088f77ed21c01628d438d5,持卡人消费,学苑楼商务网关,-10.0,105.79,4202,正常
2016/04/05 11:35:17,1099b08ac04ea89cea4571884a56cd5e54ffb2e0,0999766dd8df8f76ba088f77ed21c01628d438d5,持卡人消费,学苑楼商务网关,-0.6,105.19,4203,正常
2016/04/05 16:39:52,1099b08ac04ea89cea4571884a56cd5e54ffb2e0,0999766dd8df8f76ba088f77ed21c01628d438d5,持卡人消费,学苑楼商务网关,-7.5,97.69,4204,正常
2016/04/05 17:05:01,1099b08ac04ea89cea4571884a56cd5e54ffb2e0,0999766dd8df8f76ba088f77ed21c01628d438d5,持卡人消费,超市商务子系统,-10.9,86.79,4205,正常
2016/04/06 11:12:51,1099b08ac04ea89cea4571884a56cd5e54ffb2e0,0999766dd8df8f76ba088f77ed21c01628d438d5,持卡人消费,学苑楼商务网关,-8.8,77.99,4206,正常
2016/04/06 18:24:45,1099b08ac04ea89cea4571884a56cd5e54ffb2e0,0999766dd8df8f76ba088f77ed21c01628d438d5,持卡人消费,学子超市园丁总店,-1.7,76.29,4207,正常
2016/04/07 11:41:40,1099b08ac04ea89cea4571884a56cd5e54ffb2e0,0999766dd8df8f76ba088f77ed21c01628d438d5,持卡人消费,学苑楼商务网关,-7.9,68.39,4208,正常
2016/04/07 12:12:29,1099b08ac04ea89cea4571884a56cd5e54ffb2e0,0999766dd8df8f76ba088f77ed21c01628d438d5,持卡人消费,超市商务子系统,-1.7,66.69,4209,正常
2016/04/07 13:52:19,1099b08ac04ea89cea4571884a56cd5e54ffb2e0,0999766dd8df8f76ba088f77ed21c01628d438d5,持卡人消费,一校区水控新,-1.88,64.81,4210,正常
2016/04/07 14:09:53,1099b08ac04ea89cea4571884a56cd5e54ffb2e0,0999766dd8df8f76ba088f77ed21c01628d438d5,持卡人消费,一校区水控新,-1.05,63.76,4211,正常
2016/04/08 11:20:35,1099b08ac04ea89cea4571884a56cd5e54ffb2e0,0999766dd8df8f76ba088f77ed21c01628d438d5,存款,现金充值机,500.0,563.76,4212,正常
2016/04/08 11:41:36,1099b08ac04ea89cea4571884a56cd5e54ffb2e0,0999766dd8df8f76ba088f77ed21c01628d438d5,持卡人消费,学苑楼商务网关,-4.5,559.26,4213,正常
2016/04/08 17:36:19,1099b08ac04ea89cea4571884a56cd5e54ffb2e0,0999766dd8df8f76ba088f77ed21c01628d438d5,持卡人消费,学苑楼商务网关,-7.5,551.76,4214,正常
2016/04/09 13:03:30,1099b08ac04ea89cea4571884a56cd5e54ffb2e0,0999766dd8df8f76ba088f77ed21c01628d438d5,持卡人消费,学子超市园丁总店,-1.7,550.06,4215,正常
2016/04/10 11:45:53,1099b08ac04ea89cea4571884a56cd5e54ffb2e0,0999766dd8df8f76ba088f77ed21c01628d438d5,持卡人消费,学苑楼商务网关,-7.5,542.56,4216,正常
2016/04/10 12:30:48,1099b08ac04ea89cea4571884a56cd5e54ffb2e0,0999766dd8df8f76ba088f77ed21c01628d438d5,持卡人消费,超市商务子系统,-5.6,536.96,4217,正常
2016/04/11 11:24:28,1099b08ac04ea89cea4571884a56cd5e54ffb2e0,0999766dd8df8f76ba088f77ed21c01628d438d5,持卡人消费,学士楼商务网关,-4.6,532.36,4218,正常
2016/04/11 17:28:35,1099b08ac04ea89cea4571884a56cd5e54ffb2e0,0999766dd8df8f76ba088f77ed21c01628d438d5,持卡人消费,学士楼商务网关,-3.6,528.76,4219,正常
2016/04/11 17:29:40,1099b08ac04ea89cea4571884a56cd5e54ffb2e0,0999766dd8df8f76ba088f77ed21c01628d438d5,持卡人消费,学士楼商务网关,-3.0,525.76,4220,正常
2016/04/12 11:37:14,1099b08ac04ea89cea4571884a56cd5e54ffb2e0,0999766dd8df8f76ba088f77ed21c01628d438d5,持卡人消费,学苑楼商务网关,-8.8,516.96,4221,正常
2016/04/12 11:37:31,1099b08ac04ea89cea4571884a56cd5e54ffb2e0,0999766dd8df8f76ba088f77ed21c01628d438d5,持卡人消费,学苑楼商务网关,-8.8,508.16,4222,正常
2016/04/12 11:38:44,1099b08ac04ea89cea4571884a56cd5e54ffb2e0,0999766dd8df8f76ba088f77ed21c01628d438d5,持卡人消费,学苑楼商务网关,-3.0,505.16,4223,正常
2016/04/12 12:12:11,1099b08ac04ea89cea4571884a56cd5e54ffb2e0,0999766dd8df8f76ba088f77ed21c01628d438d5,持卡人消费,超市商务子系统,-8.2,496.96,4224,正常
2016/04/12 12:56:33,1099b08ac04ea89cea4571884a56cd5e54ffb2e0,0999766dd8df8f76ba088f77ed21c01628d438d5,持卡人消费,一校区水控新,-2.0,494.96,4225,正常
2016/04/12 13:00:34,1099b08ac04ea89cea4571884a56cd5e54ffb2e0,0999766dd8df8f76ba088f77ed21c01628d438d5,持卡人消费,一校区水控新,-2.0,492.96,4226,正常
2016/04/12 13:07:52,1099b08ac04ea89cea4571884a56cd5e54ffb2e0,0999766dd8df8f76ba088f77ed21c01628d438d5,持卡人消费,一校区水控新,-2.0,490.96,4227,正常
2016/04/12 13:07:47,1099b08ac04ea89cea4571884a56cd5e54ffb2e0,0999766dd8df8f76ba088f77ed21c01628d438d5,持卡人消费,一校区水控新,-1.14,489.82,4229,正常
2016/04/13 17:32:05,1099b08ac04ea89cea4571884a56cd5e54ffb2e0,0999766dd8df8f76ba088f77ed21c01628d438d5,持卡人消费,学苑楼商务网关,-1.63,488.19,4230,正常
2016/04/14 11:36:27,1099b08ac04ea89cea4571884a56cd5e54ffb2e0,0999766dd8df8f76ba088f77ed21c01628d438d5,持卡人消费,学苑楼商务网关,-8.8,479.39,4231,正常
2016/04/14 17:01:49,1099b08ac04ea89cea4571884a56cd5e54ffb2e0,0999766dd8df8f76ba088f77ed21c01628d438d5,持卡人消费,超市商务子系统,-4.6,474.79,4232,正常
2016/04/14 17:03:11,1099b08ac04ea89cea4571884a56cd5e54ffb2e0,0999766dd8df8f76ba088f77ed21c01628d438d5,持卡人消费,超市商务子系统,-36.2,438.59,4233,正常
2016/04/14 18:02:48,1099b08ac04ea89cea4571884a56cd5e54ffb2e0,0999766dd8df8f76ba088f77ed21c01628d438d5,持卡人消费,学士楼商务网关,-6.0,432.59,4234,正常
2016/04/14 18:04:39,1099b08ac04ea89cea4571884a56cd5e54ffb2e0,0999766dd8df8f76ba088f77ed21c01628d438d5,持卡人消费,学士楼商务网关,-0.6,431.99,4235,正常
2016/04/15 11:31:09,1099b08ac04ea89cea4571884a56cd5e54ffb2e0,0999766dd8df8f76ba088f77ed21c01628d438d5,持卡人消费,学苑楼商务网关,-8.0,423.99,4236,正常
2016/04/15 17:51:04,1099b08ac04ea89cea4571884a56cd5e54ffb2e0,0999766dd8df8f76ba088f77ed21c01628d438d5,持卡人消费,学苑楼商务网关,-6.0,417.99,4237,正常
2016/04/15 17:51:28,1099b08ac04ea89cea4571884a56cd5e54ffb2e0,0999766dd8df8f76ba088f77ed21c01628d438d5,持卡人消费,学苑楼商务网关,-0.4,417.59,4238,正常
2016/04/16 12:15:14,1099b08ac04ea89cea4571884a56cd5e54ffb2e0,0999766dd8df8f76ba088f77ed21c01628d438d5,持卡人消费,学子楼商务网关,-8.0,409.59,4239,正常
2016/04/17 12:16:13,1099b08ac04ea89cea4571884a56cd5e54ffb2e0,0999766dd8df8f76ba088f77ed21c01628d438d5,持卡人消费,学子超市园丁总店,-4.9,404.69,4240,正常
2016/04/17 18:34:03,1099b08ac04ea89cea4571884a56cd5e54ffb2e0,0999766dd8df8f76ba088f77ed21c01628d438d5,持卡人消费,学士楼商务网关,-3.5,401.19,4241,正常
2016/04/17 18:35:37,1099b08ac04ea89cea4571884a56cd5e54ffb2e0,0999766dd8df8f76ba088f77ed21c01628d438d5,持卡人消费,学士楼商务网关,-2.0,399.19,4242,正常
2016/04/18 17:49:10,1099b08ac04ea89cea4571884a56cd5e54ffb2e0,0999766dd8df8f76ba088f77ed21c01628d438d5,持卡人消费,学士楼商务网关,-3.9,395.29,4243,正常
2016/04/19 11:42:40,1099b08ac04ea89cea4571884a56cd5e54ffb2e0,0999766dd8df8f76ba088f77ed21c01628d438d5,持卡人消费,学苑楼商务网关,-7.5,387.79,4244,正常
2016/04/20 17:58:41,1099b08ac04ea89cea4571884a56cd5e54ffb2e0,0999766dd8df8f76ba088f77ed21c01628d438d5,持卡人消费,学苑楼商务网关,-8.8,378.99,4245,正常
2016/04/21 11:42:51,1099b08ac04ea89cea4571884a56cd5e54ffb2e0,0999766dd8df8f76ba088f77ed21c01628d438d5,持卡人消费,学苑楼商务网关,-8.0,370.99,4246,正常
2016/04/21 13:43:45,1099b08ac04ea89cea4571884a56cd5e54ffb2e0,0999766dd8df8f76ba088f77ed21c01628d438d5,持卡人消费,一校区水控新,-2.0,368.99,4247,正常
2016/04/21 13:51:56,1099b08ac04ea89cea4571884a56cd5e54ffb2e0,0999766dd8df8f76ba088f77ed21c01628d438d5,持卡人消费,一校区水控新,-0.32,368.67,4249,正常
2016/04/21 13:56:36,1099b08ac04ea89cea4571884a56cd5e54ffb2e0,0999766dd8df8f76ba088f77ed21c01628d438d5,持卡人消费,一校区水控新,-0.59,368.08,4251,正常
2016/04/21 14:02:51,1099b08ac04ea89cea4571884a56cd5e54ffb2e0,0999766dd8df8f76ba088f77ed21c01628d438d5,持卡人消费,一校区水控新,-0.83,367.25,4253,正常
2016/04/21 15:03:20,1099b08ac04ea89cea4571884a56cd5e54ffb2e0,0999766dd8df8f76ba088f77ed21c01628d438d5,持卡人消费,超市商务子系统,-3.0,364.25,4254,正常
2016/04/22 11:42:29,1099b08ac04ea89cea4571884a56cd5e54ffb2e0,0999766dd8df8f76ba088f77ed21c01628d438d5,持卡人消费,学士楼商务网关,-2.1,362.15,4255,正常
2016/04/22 11:44:02,1099b08ac04ea89cea4571884a56cd5e54ffb2e0,0999766dd8df8f76ba088f77ed21c01628d438d5,持卡人消费,学士楼商务网关,-4.0,358.15,4256,正常
2016/04/23 07:20:48,1099b08ac04ea89cea4571884a56cd5e54ffb2e0,0999766dd8df8f76ba088f77ed21c01628d438d5,持卡人消费,学士楼商务网关,-2.2,355.95,4257,正常
2016/04/23 11:48:45,1099b08ac04ea89cea4571884a56cd5e54ffb2e0,0999766dd8df8f76ba088f77ed21c01628d438d5,持卡人消费,超市商务子系统,-2.2,353.75,4258,正常
2016/04/23 17:23:52,1099b08ac04ea89cea4571884a56cd5e54ffb2e0,0999766dd8df8f76ba088f77ed21c01628d438d5,持卡人消费,学苑楼商务网关,-8.0,345.75,4259,正常
2016/04/23 17:47:39,1099b08ac04ea89cea4571884a56cd5e54ffb2e0,0999766dd8df8f76ba088f77ed21c01628d438d5,持卡人消费,超市商务子系统,-5.5,340.25,4260,正常
2016/04/24 00:06:12,1099b08ac04ea89cea4571884a56cd5e54ffb2e0,0999766dd8df8f76ba088f77ed21c01628d438d5,持卡人消费,网络中心,-30.0,310.25,4261,正常
2016/04/24 11:24:05,1099b08ac04ea89cea4571884a56cd5e54ffb2e0,0999766dd8df8f76ba088f77ed21c01628d438d5,持卡人消费,学苑楼商务网关,-8.8,301.45,4262,正常
2016/04/24 11:24:16,1099b08ac04ea89cea4571884a56cd5e54ffb2e0,0999766dd8df8f76ba088f77ed21c01628d438d5,持卡人消费,学苑楼商务网关,-8.8,292.65,4263,正常
2016/04/24 20:33:31,1099b08ac04ea89cea4571884a56cd5e54ffb2e0,0999766dd8df8f76ba088f77ed21c01628d438d5,持卡人消费,超市商务子系统,-10.5,282.15,4264,正常
2016/04/24 20:34:43,1099b08ac04ea89cea4571884a56cd5e54ffb2e0,0999766dd8df8f76ba088f77ed21c01628d438d5,持卡人消费,超市商务子系统,-2.2,279.95,4265,正常
2016/04/25 11:17:05,1099b08ac04ea89cea4571884a56cd5e54ffb2e0,0999766dd8df8f76ba088f77ed21c01628d438d5,持卡人消费,学苑楼商务网关,-7.5,272.45,4266,正常
2016/04/25 16:59:46,1099b08ac04ea89cea4571884a56cd5e54ffb2e0,0999766dd8df8f76ba088f77ed21c01628d438d5,持卡人消费,学苑楼商务网关,-6.0,266.45,4267,正常
2016/04/25 17:00:18,1099b08ac04ea89cea4571884a56cd5e54ffb2e0,0999766dd8df8f76ba088f77ed21c01628d438d5,持卡人消费,学苑楼商务网关,-0.6,265.85,4268,正常
2016/04/25 17:01:50,1099b08ac04ea89cea4571884a56cd5e54ffb2e0,0999766dd8df8f76ba088f77ed21c01628d438d5,持卡人消费,学苑楼商务网关,-3.0,262.85,4269,正常
2016/04/26 10:57:30,1099b08ac04ea89cea4571884a56cd5e54ffb2e0,0999766dd8df8f76ba088f77ed21c01628d438d5,持卡人消费,学苑楼商务网关,-6.0,256.85,4270,正常
2016/04/26 10:58:49,1099b08ac04ea89cea4571884a56cd5e54ffb2e0,0999766dd8df8f76ba088f77ed21c01628d438d5,持卡人消费,学苑楼商务网关,-8.0,248.85,4271,正常
2016/04/26 10:59:22,1099b08ac04ea89cea4571884a56cd5e54ffb2e0,0999766dd8df8f76ba088f77ed21c01628d438d5,持卡人消费,学苑楼商务网关,-0.6,248.25,4272,正常
2016/04/26 11:22:21,1099b08ac04ea89cea4571884a56cd5e54ffb2e0,0999766dd8df8f76ba088f77ed21c01628d438d5,持卡人消费,超市商务子系统,-10.0,238.25,4273,正常
2016/04/28 11:18:52,1099b08ac04ea89cea4571884a56cd5e54ffb2e0,0999766dd8df8f76ba088f77ed21c01628d438d5,持卡人消费,学苑楼商务网关,-8.8,229.45,4274,正常
2016/04/28 18:23:23,1099b08ac04ea89cea4571884a56cd5e54ffb2e0,0999766dd8df8f76ba088f77ed21c01628d438d5,持卡人消费,硕果园（工大商店）,-8.0,221.45,4275,正常
2016/04/28 18:35:04,1099b08ac04ea89cea4571884a56cd5e54ffb2e0,0999766dd8df8f76ba088f77ed21c01628d438d5,持卡人消费,硕果园（工大商店）,-8.0,213.45,4276,正常
2016/04/28 19:59:44,1099b08ac04ea89cea4571884a56cd5e54ffb2e0,0999766dd8df8f76ba088f77ed21c01628d438d5,持卡人消费,超市商务子系统,-3.0,210.45,4277,正常
2016/04/29 08:26:22,1099b08ac04ea89cea4571884a56cd5e54ffb2e0,0999766dd8df8f76ba088f77ed21c01628d438d5,持卡人消费,网络中心,-30.0,180.45,4278,正常
2016/04/29 15:20:51,1099b08ac04ea89cea4571884a56cd5e54ffb2e0,0999766dd8df8f76ba088f77ed21c01628d438d5,持卡人消费,一校区水控新,-2.0,178.45,4279,正常
2016/04/29 15:34:25,1099b08ac04ea89cea4571884a56cd5e54ffb2e0,0999766dd8df8f76ba088f77ed21c01628d438d5,持卡人消费,一校区水控新,-0.93,177.52,4281,正常
2016/04/29 17:07:28,1099b08ac04ea89cea4571884a56cd5e54ffb2e0,0999766dd8df8f76ba088f77ed21c01628d438d5,持卡人消费,学苑楼商务网关,-8.0,169.52,4282,正常
