交易发生时间,学号,姓名,交易类型,子系统名称,交易额,现有余额,次数,状态
2016/04/03 11:33:55,8904988d153d03aeea30c85dca941981af4a05a8,09a5e1b7302cf8cd9f6fcab42b28a7a164126e27,存款,现金充值机,100.0,102.02,2937,正常
2016/04/03 11:50:36,8904988d153d03aeea30c85dca941981af4a05a8,09a5e1b7302cf8cd9f6fcab42b28a7a164126e27,持卡人消费,超市商务子系统,-6.0,96.02,2938,正常
2016/04/03 11:57:34,8904988d153d03aeea30c85dca941981af4a05a8,09a5e1b7302cf8cd9f6fcab42b28a7a164126e27,持卡人消费,超市商务子系统,-0.7,95.32,2939,正常
2016/04/03 12:30:18,8904988d153d03aeea30c85dca941981af4a05a8,09a5e1b7302cf8cd9f6fcab42b28a7a164126e27,持卡人消费,游泳馆,-6.0,89.32,2940,正常
2016/04/03 13:45:44,8904988d153d03aeea30c85dca941981af4a05a8,09a5e1b7302cf8cd9f6fcab42b28a7a164126e27,持卡人消费,学子便利店A01后楼,-6.6,82.72,2941,正常
2016/04/03 20:42:25,8904988d153d03aeea30c85dca941981af4a05a8,09a5e1b7302cf8cd9f6fcab42b28a7a164126e27,持卡人消费,学子便利店A01后楼,-0.8,81.92,2942,正常
2016/04/04 13:37:27,8904988d153d03aeea30c85dca941981af4a05a8,09a5e1b7302cf8cd9f6fcab42b28a7a164126e27,持卡人消费,学子便利店A01后楼,-0.7,81.22,2943,正常
2016/04/06 17:41:10,8904988d153d03aeea30c85dca941981af4a05a8,09a5e1b7302cf8cd9f6fcab42b28a7a164126e27,持卡人消费,学士楼商务网关,-13.1,68.12,2944,正常
2016/04/08 15:17:20,8904988d153d03aeea30c85dca941981af4a05a8,09a5e1b7302cf8cd9f6fcab42b28a7a164126e27,持卡人消费,超市商务子系统,-8.0,60.12,2945,正常
2016/04/08 17:37:21,8904988d153d03aeea30c85dca941981af4a05a8,09a5e1b7302cf8cd9f6fcab42b28a7a164126e27,持卡人消费,硕果园（工大商店）,-14.0,46.12,2946,正常
2016/04/08 17:37:47,8904988d153d03aeea30c85dca941981af4a05a8,09a5e1b7302cf8cd9f6fcab42b28a7a164126e27,持卡人消费,硕果园（工大商店）,-11.0,35.12,2947,正常
2016/04/08 18:01:50,8904988d153d03aeea30c85dca941981af4a05a8,09a5e1b7302cf8cd9f6fcab42b28a7a164126e27,持卡人消费,硕果园（工大商店）,-3.0,32.12,2948,正常
2016/04/10 17:04:19,8904988d153d03aeea30c85dca941981af4a05a8,09a5e1b7302cf8cd9f6fcab42b28a7a164126e27,持卡人消费,学苑楼商务网关,-9.0,23.12,2949,正常
2016/04/11 09:12:39,8904988d153d03aeea30c85dca941981af4a05a8,09a5e1b7302cf8cd9f6fcab42b28a7a164126e27,持卡人消费,超市商务子系统,-11.3,11.82,2950,正常
2016/04/12 08:37:59,8904988d153d03aeea30c85dca941981af4a05a8,09a5e1b7302cf8cd9f6fcab42b28a7a164126e27,持卡人消费,学子便利店A01后楼,-3.7,8.12,2951,正常
2016/04/13 13:06:50,8904988d153d03aeea30c85dca941981af4a05a8,09a5e1b7302cf8cd9f6fcab42b28a7a164126e27,持卡人消费,超市商务子系统,-0.9,7.22,2952,正常
2016/04/13 13:06:59,8904988d153d03aeea30c85dca941981af4a05a8,09a5e1b7302cf8cd9f6fcab42b28a7a164126e27,持卡人消费,超市商务子系统,-0.2,7.02,2953,正常
2016/04/14 08:41:25,8904988d153d03aeea30c85dca941981af4a05a8,09a5e1b7302cf8cd9f6fcab42b28a7a164126e27,持卡人消费,学士楼商务网关,-2.0,5.02,2954,正常
2016/04/14 08:41:32,8904988d153d03aeea30c85dca941981af4a05a8,09a5e1b7302cf8cd9f6fcab42b28a7a164126e27,持卡人消费,学士楼商务网关,-1.5,3.52,2955,正常
2016/04/14 08:43:02,8904988d153d03aeea30c85dca941981af4a05a8,09a5e1b7302cf8cd9f6fcab42b28a7a164126e27,持卡人消费,学士楼商务网关,-0.3,3.22,2956,正常
2016/04/14 12:12:28,8904988d153d03aeea30c85dca941981af4a05a8,09a5e1b7302cf8cd9f6fcab42b28a7a164126e27,持卡人消费,硕果园（工大商店）,-0.7,2.52,2957,正常
2016/04/14 12:52:41,8904988d153d03aeea30c85dca941981af4a05a8,09a5e1b7302cf8cd9f6fcab42b28a7a164126e27,持卡人消费,超市商务子系统,-0.9,1.62,2958,正常
2016/04/16 17:17:49,8904988d153d03aeea30c85dca941981af4a05a8,09a5e1b7302cf8cd9f6fcab42b28a7a164126e27,持卡人消费,硕果园（工大商店）,-0.4,1.22,2959,正常
