交易发生时间,学号,姓名,交易类型,子系统名称,交易额,现有余额,次数,状态
2016/04/05 12:38:12,23e4bc77dd43646d7f7ebd8ddf1b0633115c0660,09b6dccbd38ec91ec7522dbfa13ac62acf5a8dcc,持卡人消费,一校区水控新,-2.0,71.36,3944,正常
2016/04/05 12:38:33,23e4bc77dd43646d7f7ebd8ddf1b0633115c0660,09b6dccbd38ec91ec7522dbfa13ac62acf5a8dcc,持卡人消费,一校区水控新,-0.03,71.33,3945,正常
2016/04/05 14:26:55,23e4bc77dd43646d7f7ebd8ddf1b0633115c0660,09b6dccbd38ec91ec7522dbfa13ac62acf5a8dcc,持卡人消费,一区图书馆存包柜,-50.0,21.33,3946,正常
2016/04/05 17:15:57,23e4bc77dd43646d7f7ebd8ddf1b0633115c0660,09b6dccbd38ec91ec7522dbfa13ac62acf5a8dcc,持卡人消费,学苑楼商务网关,-6.0,15.33,3947,正常
2016/04/05 17:16:05,23e4bc77dd43646d7f7ebd8ddf1b0633115c0660,09b6dccbd38ec91ec7522dbfa13ac62acf5a8dcc,持卡人消费,学苑楼商务网关,-6.0,9.33,3948,正常
2016/04/05 17:19:40,23e4bc77dd43646d7f7ebd8ddf1b0633115c0660,09b6dccbd38ec91ec7522dbfa13ac62acf5a8dcc,持卡人消费,学苑楼商务网关,-0.8,8.53,3949,正常
2016/04/06 08:40:56,23e4bc77dd43646d7f7ebd8ddf1b0633115c0660,09b6dccbd38ec91ec7522dbfa13ac62acf5a8dcc,持卡人消费,学士楼商务网关,-2.0,6.53,3950,正常
2016/04/06 08:41:20,23e4bc77dd43646d7f7ebd8ddf1b0633115c0660,09b6dccbd38ec91ec7522dbfa13ac62acf5a8dcc,持卡人消费,学士楼商务网关,-0.5,6.03,3951,正常
2016/04/06 17:00:38,23e4bc77dd43646d7f7ebd8ddf1b0633115c0660,09b6dccbd38ec91ec7522dbfa13ac62acf5a8dcc,存款,学苑楼综合业务3,200.0,206.03,3952,正常
2016/04/06 16:58:14,23e4bc77dd43646d7f7ebd8ddf1b0633115c0660,09b6dccbd38ec91ec7522dbfa13ac62acf5a8dcc,持卡人消费,学苑楼商务网关,-8.0,198.03,3953,正常
2016/04/06 17:06:43,23e4bc77dd43646d7f7ebd8ddf1b0633115c0660,09b6dccbd38ec91ec7522dbfa13ac62acf5a8dcc,持卡人消费,学苑楼商务网关,-1.2,196.83,3954,正常
2016/04/07 08:26:38,23e4bc77dd43646d7f7ebd8ddf1b0633115c0660,09b6dccbd38ec91ec7522dbfa13ac62acf5a8dcc,持卡人消费,学士楼商务网关,-2.0,194.83,3955,正常
2016/04/07 08:27:05,23e4bc77dd43646d7f7ebd8ddf1b0633115c0660,09b6dccbd38ec91ec7522dbfa13ac62acf5a8dcc,持卡人消费,学士楼商务网关,-1.5,193.33,3956,正常
2016/04/07 11:08:02,23e4bc77dd43646d7f7ebd8ddf1b0633115c0660,09b6dccbd38ec91ec7522dbfa13ac62acf5a8dcc,持卡人消费,学士楼商务网关,-8.7,184.63,3957,正常
2016/04/08 17:14:06,23e4bc77dd43646d7f7ebd8ddf1b0633115c0660,09b6dccbd38ec91ec7522dbfa13ac62acf5a8dcc,持卡人消费,学士楼商务网关,-7.2,177.43,3958,正常
2016/04/08 17:15:15,23e4bc77dd43646d7f7ebd8ddf1b0633115c0660,09b6dccbd38ec91ec7522dbfa13ac62acf5a8dcc,持卡人消费,学士楼商务网关,-4.2,173.23,3959,正常
2016/04/10 18:54:25,23e4bc77dd43646d7f7ebd8ddf1b0633115c0660,09b6dccbd38ec91ec7522dbfa13ac62acf5a8dcc,持卡人消费,A1,-3.0,170.23,3960,正常
2016/04/11 11:38:05,23e4bc77dd43646d7f7ebd8ddf1b0633115c0660,09b6dccbd38ec91ec7522dbfa13ac62acf5a8dcc,持卡人消费,学士楼商务网关,-7.95,162.28,3961,正常
2016/04/12 16:59:24,23e4bc77dd43646d7f7ebd8ddf1b0633115c0660,09b6dccbd38ec91ec7522dbfa13ac62acf5a8dcc,持卡人消费,学苑楼商务网关,-8.0,154.28,3962,正常
2016/04/12 17:08:42,23e4bc77dd43646d7f7ebd8ddf1b0633115c0660,09b6dccbd38ec91ec7522dbfa13ac62acf5a8dcc,持卡人消费,学苑楼商务网关,-1.2,153.08,3963,正常
2016/04/13 17:09:59,23e4bc77dd43646d7f7ebd8ddf1b0633115c0660,09b6dccbd38ec91ec7522dbfa13ac62acf5a8dcc,持卡人消费,学士楼商务网关,-9.0,144.08,3964,正常
2016/04/13 17:11:22,23e4bc77dd43646d7f7ebd8ddf1b0633115c0660,09b6dccbd38ec91ec7522dbfa13ac62acf5a8dcc,持卡人消费,学士楼商务网关,-10.5,133.58,3965,正常
2016/04/13 17:32:53,23e4bc77dd43646d7f7ebd8ddf1b0633115c0660,09b6dccbd38ec91ec7522dbfa13ac62acf5a8dcc,持卡人消费,A1,-3.0,130.58,3966,正常
2016/04/14 09:54:44,23e4bc77dd43646d7f7ebd8ddf1b0633115c0660,09b6dccbd38ec91ec7522dbfa13ac62acf5a8dcc,持卡人消费,超市商务子系统,-0.9,129.68,3967,正常
2016/04/17 16:01:14,23e4bc77dd43646d7f7ebd8ddf1b0633115c0660,09b6dccbd38ec91ec7522dbfa13ac62acf5a8dcc,持卡人消费,硕果园（工大商店）,-10.0,119.68,3968,正常
2016/04/19 13:42:52,23e4bc77dd43646d7f7ebd8ddf1b0633115c0660,09b6dccbd38ec91ec7522dbfa13ac62acf5a8dcc,持卡人消费,学子便利店A01后楼,-3.5,116.18,3969,正常
2016/04/20 08:17:08,23e4bc77dd43646d7f7ebd8ddf1b0633115c0660,09b6dccbd38ec91ec7522dbfa13ac62acf5a8dcc,持卡人消费,学士楼商务网关,-3.5,112.68,3970,正常
2016/04/20 08:18:05,23e4bc77dd43646d7f7ebd8ddf1b0633115c0660,09b6dccbd38ec91ec7522dbfa13ac62acf5a8dcc,持卡人消费,学士楼商务网关,-0.3,112.38,3971,正常
2016/04/20 11:18:47,23e4bc77dd43646d7f7ebd8ddf1b0633115c0660,09b6dccbd38ec91ec7522dbfa13ac62acf5a8dcc,持卡人消费,硕果园（工大商店）,-6.0,106.38,3972,正常
2016/04/20 12:17:47,23e4bc77dd43646d7f7ebd8ddf1b0633115c0660,09b6dccbd38ec91ec7522dbfa13ac62acf5a8dcc,持卡人消费,一校区水控新,-1.86,104.52,3974,正常
2016/04/20 12:19:45,23e4bc77dd43646d7f7ebd8ddf1b0633115c0660,09b6dccbd38ec91ec7522dbfa13ac62acf5a8dcc,持卡人消费,一校区水控新,-0.35,104.17,3976,正常
2016/04/20 17:30:06,23e4bc77dd43646d7f7ebd8ddf1b0633115c0660,09b6dccbd38ec91ec7522dbfa13ac62acf5a8dcc,持卡人消费,硕果园（工大商店）,-5.0,99.17,3977,正常
2016/04/21 08:28:33,23e4bc77dd43646d7f7ebd8ddf1b0633115c0660,09b6dccbd38ec91ec7522dbfa13ac62acf5a8dcc,持卡人消费,学士楼商务网关,-3.5,95.67,3978,正常
2016/04/21 08:29:24,23e4bc77dd43646d7f7ebd8ddf1b0633115c0660,09b6dccbd38ec91ec7522dbfa13ac62acf5a8dcc,持卡人消费,学士楼商务网关,-0.3,95.37,3979,正常
2016/04/21 08:38:34,23e4bc77dd43646d7f7ebd8ddf1b0633115c0660,09b6dccbd38ec91ec7522dbfa13ac62acf5a8dcc,持卡人消费,超市商务子系统,-7.5,87.87,3980,正常
2016/04/21 17:02:19,23e4bc77dd43646d7f7ebd8ddf1b0633115c0660,09b6dccbd38ec91ec7522dbfa13ac62acf5a8dcc,持卡人消费,硕果园（工大商店）,-3.0,84.87,3981,正常
2016/04/22 16:01:35,23e4bc77dd43646d7f7ebd8ddf1b0633115c0660,09b6dccbd38ec91ec7522dbfa13ac62acf5a8dcc,持卡人消费,硕果园（工大商店）,-12.0,72.87,3982,正常
2016/04/22 16:17:49,23e4bc77dd43646d7f7ebd8ddf1b0633115c0660,09b6dccbd38ec91ec7522dbfa13ac62acf5a8dcc,持卡人消费,学子便利店A01后楼,-4.0,68.87,3983,正常
2016/04/22 21:08:54,23e4bc77dd43646d7f7ebd8ddf1b0633115c0660,09b6dccbd38ec91ec7522dbfa13ac62acf5a8dcc,持卡人消费,学子便利店A01后楼,-4.5,64.37,3984,正常
2016/04/23 08:35:18,23e4bc77dd43646d7f7ebd8ddf1b0633115c0660,09b6dccbd38ec91ec7522dbfa13ac62acf5a8dcc,持卡人消费,学士楼商务网关,-3.5,60.87,3985,正常
2016/04/23 08:35:24,23e4bc77dd43646d7f7ebd8ddf1b0633115c0660,09b6dccbd38ec91ec7522dbfa13ac62acf5a8dcc,持卡人消费,学士楼商务网关,-3.5,57.37,3986,正常
2016/04/23 08:36:23,23e4bc77dd43646d7f7ebd8ddf1b0633115c0660,09b6dccbd38ec91ec7522dbfa13ac62acf5a8dcc,持卡人消费,学士楼商务网关,-1.3,56.07,3987,正常
2016/04/23 08:42:31,23e4bc77dd43646d7f7ebd8ddf1b0633115c0660,09b6dccbd38ec91ec7522dbfa13ac62acf5a8dcc,持卡人消费,学士楼商务网关,-0.8,55.27,3988,正常
2016/04/23 08:48:26,23e4bc77dd43646d7f7ebd8ddf1b0633115c0660,09b6dccbd38ec91ec7522dbfa13ac62acf5a8dcc,持卡人消费,超市商务子系统,-11.7,43.57,3989,正常
2016/04/24 20:15:05,23e4bc77dd43646d7f7ebd8ddf1b0633115c0660,09b6dccbd38ec91ec7522dbfa13ac62acf5a8dcc,持卡人消费,一校区水控新,-0.03,43.54,3991,正常
2016/04/24 20:22:48,23e4bc77dd43646d7f7ebd8ddf1b0633115c0660,09b6dccbd38ec91ec7522dbfa13ac62acf5a8dcc,持卡人消费,一校区水控新,-1.46,42.08,3993,正常
2016/04/24 21:05:27,23e4bc77dd43646d7f7ebd8ddf1b0633115c0660,09b6dccbd38ec91ec7522dbfa13ac62acf5a8dcc,持卡人消费,学子便利店A01后楼,-2.0,40.08,3994,正常
2016/04/25 17:59:32,23e4bc77dd43646d7f7ebd8ddf1b0633115c0660,09b6dccbd38ec91ec7522dbfa13ac62acf5a8dcc,持卡人消费,学子便利店A01后楼,-2.0,38.08,3995,正常
2016/04/26 07:59:55,23e4bc77dd43646d7f7ebd8ddf1b0633115c0660,09b6dccbd38ec91ec7522dbfa13ac62acf5a8dcc,持卡人消费,学子便利店A01后楼,-2.7,35.38,3996,正常
2016/04/26 11:13:32,23e4bc77dd43646d7f7ebd8ddf1b0633115c0660,09b6dccbd38ec91ec7522dbfa13ac62acf5a8dcc,持卡人消费,学士楼商务网关,-9.1,26.28,3997,正常
2016/04/26 19:50:11,23e4bc77dd43646d7f7ebd8ddf1b0633115c0660,09b6dccbd38ec91ec7522dbfa13ac62acf5a8dcc,持卡人消费,一校区水控新,-1.79,24.49,3999,正常
2016/04/26 20:02:19,23e4bc77dd43646d7f7ebd8ddf1b0633115c0660,09b6dccbd38ec91ec7522dbfa13ac62acf5a8dcc,持卡人消费,学子便利店A01后楼,-2.0,22.49,4000,正常
2016/04/27 17:00:33,23e4bc77dd43646d7f7ebd8ddf1b0633115c0660,09b6dccbd38ec91ec7522dbfa13ac62acf5a8dcc,持卡人消费,A1,-3.0,19.49,4001,正常
2016/04/27 20:39:07,23e4bc77dd43646d7f7ebd8ddf1b0633115c0660,09b6dccbd38ec91ec7522dbfa13ac62acf5a8dcc,持卡人消费,学子便利店A01后楼,-4.3,15.19,4002,正常
2016/04/29 08:56:43,23e4bc77dd43646d7f7ebd8ddf1b0633115c0660,09b6dccbd38ec91ec7522dbfa13ac62acf5a8dcc,存款,现金充值机,100.0,115.19,4003,正常
2016/04/29 12:48:46,23e4bc77dd43646d7f7ebd8ddf1b0633115c0660,09b6dccbd38ec91ec7522dbfa13ac62acf5a8dcc,持卡人消费,硕果园（工大商店）,-6.0,109.19,4004,正常
