交易发生时间,学号,姓名,交易类型,子系统名称,交易额,现有余额,次数,状态
2016/04/01 17:18:06,71aa0b0aea7f094ec51a3d4aa2eeea750ff2c63b,09e6372667c6715ea880b6610b25f2011501de0f,持卡人消费,学士楼商务网关,-4.5,238.42,5717,正常
2016/04/01 17:18:59,71aa0b0aea7f094ec51a3d4aa2eeea750ff2c63b,09e6372667c6715ea880b6610b25f2011501de0f,持卡人消费,学士楼商务网关,-2.8,235.62,5718,正常
2016/04/01 20:54:47,71aa0b0aea7f094ec51a3d4aa2eeea750ff2c63b,09e6372667c6715ea880b6610b25f2011501de0f,持卡人消费,一校区水控新,-0.38,235.24,5720,正常
2016/04/01 20:55:07,71aa0b0aea7f094ec51a3d4aa2eeea750ff2c63b,09e6372667c6715ea880b6610b25f2011501de0f,持卡人消费,一校区水控新,-0.03,235.21,5722,正常
2016/04/03 19:23:42,71aa0b0aea7f094ec51a3d4aa2eeea750ff2c63b,09e6372667c6715ea880b6610b25f2011501de0f,持卡人消费,一校区水控新,-0.24,234.97,5724,正常
2016/04/03 19:30:18,71aa0b0aea7f094ec51a3d4aa2eeea750ff2c63b,09e6372667c6715ea880b6610b25f2011501de0f,持卡人消费,一校区水控新,-0.85,234.12,5726,正常
2016/04/06 11:15:51,71aa0b0aea7f094ec51a3d4aa2eeea750ff2c63b,09e6372667c6715ea880b6610b25f2011501de0f,持卡人消费,学士楼商务网关,-6.3,227.82,5727,正常
2016/04/06 20:50:32,71aa0b0aea7f094ec51a3d4aa2eeea750ff2c63b,09e6372667c6715ea880b6610b25f2011501de0f,持卡人消费,一校区水控新,-0.34,227.48,5729,正常
2016/04/06 20:59:18,71aa0b0aea7f094ec51a3d4aa2eeea750ff2c63b,09e6372667c6715ea880b6610b25f2011501de0f,持卡人消费,一校区水控新,-1.36,226.12,5731,正常
2016/04/07 11:42:46,71aa0b0aea7f094ec51a3d4aa2eeea750ff2c63b,09e6372667c6715ea880b6610b25f2011501de0f,持卡人消费,南苑网关,-0.2,225.92,5732,正常
2016/04/07 11:43:02,71aa0b0aea7f094ec51a3d4aa2eeea750ff2c63b,09e6372667c6715ea880b6610b25f2011501de0f,持卡人消费,南苑网关,-11.28,214.64,5733,正常
2016/04/07 20:15:23,71aa0b0aea7f094ec51a3d4aa2eeea750ff2c63b,09e6372667c6715ea880b6610b25f2011501de0f,持卡人消费,超市商务子系统,-22.8,191.84,5734,正常
2016/04/10 20:49:29,71aa0b0aea7f094ec51a3d4aa2eeea750ff2c63b,09e6372667c6715ea880b6610b25f2011501de0f,持卡人消费,一校区水控新,-0.02,191.82,5736,正常
2016/04/11 08:16:14,71aa0b0aea7f094ec51a3d4aa2eeea750ff2c63b,09e6372667c6715ea880b6610b25f2011501de0f,持卡人消费,一区图书馆APOS,-5.2,184.81,5741,正常
2016/04/11 20:55:21,71aa0b0aea7f094ec51a3d4aa2eeea750ff2c63b,09e6372667c6715ea880b6610b25f2011501de0f,持卡人消费,一校区水控新,-0.18,184.63,5743,正常
2016/04/11 20:57:17,71aa0b0aea7f094ec51a3d4aa2eeea750ff2c63b,09e6372667c6715ea880b6610b25f2011501de0f,持卡人消费,一校区水控新,-0.34,184.29,5745,正常
2016/04/11 20:58:45,71aa0b0aea7f094ec51a3d4aa2eeea750ff2c63b,09e6372667c6715ea880b6610b25f2011501de0f,持卡人消费,一校区水控新,-0.03,184.26,5747,正常
2016/04/12 20:57:39,71aa0b0aea7f094ec51a3d4aa2eeea750ff2c63b,09e6372667c6715ea880b6610b25f2011501de0f,持卡人消费,一校区水控新,-1.41,182.85,5749,正常
2016/04/14 20:58:31,71aa0b0aea7f094ec51a3d4aa2eeea750ff2c63b,09e6372667c6715ea880b6610b25f2011501de0f,持卡人消费,一校区水控新,-0.94,181.91,5751,正常
2016/04/14 20:58:44,71aa0b0aea7f094ec51a3d4aa2eeea750ff2c63b,09e6372667c6715ea880b6610b25f2011501de0f,持卡人消费,一校区水控新,-0.03,181.88,5753,正常
2016/04/24 08:37:41,71aa0b0aea7f094ec51a3d4aa2eeea750ff2c63b,09e6372667c6715ea880b6610b25f2011501de0f,持卡人消费,学苑楼商务网关,-9.0,172.88,5754,正常
2016/04/24 19:23:45,71aa0b0aea7f094ec51a3d4aa2eeea750ff2c63b,09e6372667c6715ea880b6610b25f2011501de0f,持卡人消费,一校区水控新,-0.62,172.26,5756,正常
2016/04/24 19:27:48,71aa0b0aea7f094ec51a3d4aa2eeea750ff2c63b,09e6372667c6715ea880b6610b25f2011501de0f,持卡人消费,一校区水控新,-0.46,171.80,5758,正常
2016/04/28 11:32:52,71aa0b0aea7f094ec51a3d4aa2eeea750ff2c63b,09e6372667c6715ea880b6610b25f2011501de0f,持卡人消费,南苑网关,-4.3,166.06,5763,正常
2016/04/28 11:34:14,71aa0b0aea7f094ec51a3d4aa2eeea750ff2c63b,09e6372667c6715ea880b6610b25f2011501de0f,持卡人消费,南苑网关,-2.5,163.56,5764,正常
2016/04/28 16:34:20,71aa0b0aea7f094ec51a3d4aa2eeea750ff2c63b,09e6372667c6715ea880b6610b25f2011501de0f,持卡人消费,游泳馆,-6.0,157.56,5765,正常
2016/04/28 18:21:54,71aa0b0aea7f094ec51a3d4aa2eeea750ff2c63b,09e6372667c6715ea880b6610b25f2011501de0f,持卡人消费,学士楼商务网关,-4.0,153.56,5766,正常
2016/04/28 18:23:43,71aa0b0aea7f094ec51a3d4aa2eeea750ff2c63b,09e6372667c6715ea880b6610b25f2011501de0f,持卡人消费,学士楼商务网关,-6.0,147.56,5767,正常
2016/04/28 18:24:42,71aa0b0aea7f094ec51a3d4aa2eeea750ff2c63b,09e6372667c6715ea880b6610b25f2011501de0f,持卡人消费,学士楼商务网关,-1.3,146.26,5768,正常
2016/04/28 18:25:16,71aa0b0aea7f094ec51a3d4aa2eeea750ff2c63b,09e6372667c6715ea880b6610b25f2011501de0f,持卡人消费,学士楼商务网关,-0.5,145.76,5769,正常
2016/04/28 20:54:23,71aa0b0aea7f094ec51a3d4aa2eeea750ff2c63b,09e6372667c6715ea880b6610b25f2011501de0f,持卡人消费,网络中心,-30.0,115.76,5770,正常
2016/04/29 11:40:37,71aa0b0aea7f094ec51a3d4aa2eeea750ff2c63b,09e6372667c6715ea880b6610b25f2011501de0f,持卡人消费,南苑网关,-5.8,109.96,5771,正常
2016/04/29 11:41:28,71aa0b0aea7f094ec51a3d4aa2eeea750ff2c63b,09e6372667c6715ea880b6610b25f2011501de0f,持卡人消费,南苑网关,-3.5,106.46,5772,正常
2016/04/30 19:20:46,71aa0b0aea7f094ec51a3d4aa2eeea750ff2c63b,09e6372667c6715ea880b6610b25f2011501de0f,持卡人消费,一校区水控新,-0.58,105.88,5774,正常
2016/04/30 19:26:08,71aa0b0aea7f094ec51a3d4aa2eeea750ff2c63b,09e6372667c6715ea880b6610b25f2011501de0f,持卡人消费,一校区水控新,-0.7,105.18,5776,正常
2016/04/30 19:32:21,71aa0b0aea7f094ec51a3d4aa2eeea750ff2c63b,09e6372667c6715ea880b6610b25f2011501de0f,持卡人消费,A1,-3.0,102.18,5777,正常
