交易发生时间,学号,姓名,交易类型,子系统名称,交易额,现有余额,次数,状态
2016/04/01 11:20:59,57ef180eb37d8710f87350fdcdbc78f003bc4e3a,09efaef537b566ee56fa4912734a87cd0e89ace3,持卡人消费,硕果园（工大商店）,-10.0,74.15,3179,正常
2016/04/01 11:23:18,57ef180eb37d8710f87350fdcdbc78f003bc4e3a,09efaef537b566ee56fa4912734a87cd0e89ace3,持卡人消费,硕果园（工大商店）,-12.0,62.15,3180,正常
2016/04/01 18:58:21,57ef180eb37d8710f87350fdcdbc78f003bc4e3a,09efaef537b566ee56fa4912734a87cd0e89ace3,持卡人消费,15公寓浴池,-1.86,60.29,3182,正常
2016/04/02 09:09:46,57ef180eb37d8710f87350fdcdbc78f003bc4e3a,09efaef537b566ee56fa4912734a87cd0e89ace3,持卡人消费,网络中心,-30.0,30.29,3183,正常
2016/04/02 11:33:01,57ef180eb37d8710f87350fdcdbc78f003bc4e3a,09efaef537b566ee56fa4912734a87cd0e89ace3,持卡人消费,学士楼商务网关,-5.0,25.29,3184,正常
2016/04/02 11:35:08,57ef180eb37d8710f87350fdcdbc78f003bc4e3a,09efaef537b566ee56fa4912734a87cd0e89ace3,持卡人消费,学士楼商务网关,-1.5,23.79,3185,正常
2016/04/02 17:51:39,57ef180eb37d8710f87350fdcdbc78f003bc4e3a,09efaef537b566ee56fa4912734a87cd0e89ace3,持卡人消费,硕果园（工大商店）,-9.0,14.79,3186,正常
2016/04/02 18:10:28,57ef180eb37d8710f87350fdcdbc78f003bc4e3a,09efaef537b566ee56fa4912734a87cd0e89ace3,持卡人消费,超市商务子系统,-5.0,9.79,3187,正常
2016/04/04 17:37:36,57ef180eb37d8710f87350fdcdbc78f003bc4e3a,09efaef537b566ee56fa4912734a87cd0e89ace3,持卡人消费,硕果园（工大商店）,-0.3,9.49,3188,正常
2016/04/04 17:43:04,57ef180eb37d8710f87350fdcdbc78f003bc4e3a,09efaef537b566ee56fa4912734a87cd0e89ace3,持卡人消费,硕果园（工大商店）,-1.6,7.89,3189,正常
2016/04/06 09:53:38,57ef180eb37d8710f87350fdcdbc78f003bc4e3a,09efaef537b566ee56fa4912734a87cd0e89ace3,存款,现金充值机,100.0,107.89,3190,正常
2016/04/06 10:12:09,57ef180eb37d8710f87350fdcdbc78f003bc4e3a,09efaef537b566ee56fa4912734a87cd0e89ace3,持卡人消费,硕果园（工大商店）,-10.0,97.89,3191,正常
2016/04/06 17:22:02,57ef180eb37d8710f87350fdcdbc78f003bc4e3a,09efaef537b566ee56fa4912734a87cd0e89ace3,持卡人消费,15公寓浴池,-1.66,96.23,3193,正常
2016/04/06 17:48:37,57ef180eb37d8710f87350fdcdbc78f003bc4e3a,09efaef537b566ee56fa4912734a87cd0e89ace3,持卡人消费,学苑楼商务网关,-7.0,89.23,3194,正常
2016/04/06 18:04:08,57ef180eb37d8710f87350fdcdbc78f003bc4e3a,09efaef537b566ee56fa4912734a87cd0e89ace3,持卡人消费,超市商务子系统,-5.0,84.23,3195,正常
2016/04/07 06:25:26,57ef180eb37d8710f87350fdcdbc78f003bc4e3a,09efaef537b566ee56fa4912734a87cd0e89ace3,持卡人消费,学士楼商务网关,-1.5,82.73,3196,正常
2016/04/07 12:22:32,57ef180eb37d8710f87350fdcdbc78f003bc4e3a,09efaef537b566ee56fa4912734a87cd0e89ace3,持卡人消费,硕果园（工大商店）,-8.0,74.73,3197,正常
2016/04/07 18:09:29,57ef180eb37d8710f87350fdcdbc78f003bc4e3a,09efaef537b566ee56fa4912734a87cd0e89ace3,持卡人消费,硕果园（工大商店）,-8.0,66.73,3198,正常
2016/04/07 18:14:51,57ef180eb37d8710f87350fdcdbc78f003bc4e3a,09efaef537b566ee56fa4912734a87cd0e89ace3,持卡人消费,A2,-6.0,60.73,3199,正常
2016/04/08 11:21:17,57ef180eb37d8710f87350fdcdbc78f003bc4e3a,09efaef537b566ee56fa4912734a87cd0e89ace3,持卡人消费,学苑楼商务网关,-7.0,53.73,3200,正常
2016/04/08 11:22:31,57ef180eb37d8710f87350fdcdbc78f003bc4e3a,09efaef537b566ee56fa4912734a87cd0e89ace3,持卡人消费,学苑楼商务网关,-3.0,50.73,3201,正常
2016/04/08 11:37:04,57ef180eb37d8710f87350fdcdbc78f003bc4e3a,09efaef537b566ee56fa4912734a87cd0e89ace3,持卡人消费,学苑楼商务网关,-8.0,42.73,3202,正常
2016/04/09 17:16:52,57ef180eb37d8710f87350fdcdbc78f003bc4e3a,09efaef537b566ee56fa4912734a87cd0e89ace3,持卡人消费,硕果园（工大商店）,-10.0,32.73,3203,正常
2016/04/09 18:06:00,57ef180eb37d8710f87350fdcdbc78f003bc4e3a,09efaef537b566ee56fa4912734a87cd0e89ace3,持卡人消费,15公寓浴池,-1.84,30.89,3205,正常
2016/04/10 15:01:26,57ef180eb37d8710f87350fdcdbc78f003bc4e3a,09efaef537b566ee56fa4912734a87cd0e89ace3,持卡人消费,硕果园（工大商店）,-13.2,17.69,3206,正常
2016/04/10 15:04:17,57ef180eb37d8710f87350fdcdbc78f003bc4e3a,09efaef537b566ee56fa4912734a87cd0e89ace3,持卡人消费,硕果园（工大商店）,-2.5,15.19,3207,正常
2016/04/11 17:53:16,57ef180eb37d8710f87350fdcdbc78f003bc4e3a,09efaef537b566ee56fa4912734a87cd0e89ace3,持卡人消费,硕果园（工大商店）,-8.0,7.19,3208,正常
2016/04/11 17:55:19,57ef180eb37d8710f87350fdcdbc78f003bc4e3a,09efaef537b566ee56fa4912734a87cd0e89ace3,持卡人消费,硕果园（工大商店）,-1.0,6.19,3209,正常
2016/04/11 17:57:26,57ef180eb37d8710f87350fdcdbc78f003bc4e3a,09efaef537b566ee56fa4912734a87cd0e89ace3,持卡人消费,硕果园（工大商店）,-4.2,1.99,3210,正常
2016/04/13 07:31:30,57ef180eb37d8710f87350fdcdbc78f003bc4e3a,09efaef537b566ee56fa4912734a87cd0e89ace3,存款,现金充值机,100.0,101.99,3211,正常
2016/04/13 07:53:00,57ef180eb37d8710f87350fdcdbc78f003bc4e3a,09efaef537b566ee56fa4912734a87cd0e89ace3,持卡人消费,学苑楼商务网关,-2.6,99.39,3212,正常
2016/04/13 11:27:48,57ef180eb37d8710f87350fdcdbc78f003bc4e3a,09efaef537b566ee56fa4912734a87cd0e89ace3,持卡人消费,学苑楼商务网关,-8.0,91.39,3213,正常
2016/04/13 19:41:37,57ef180eb37d8710f87350fdcdbc78f003bc4e3a,09efaef537b566ee56fa4912734a87cd0e89ace3,持卡人消费,15公寓浴池,-1.57,89.82,3215,正常
2016/04/14 08:25:01,57ef180eb37d8710f87350fdcdbc78f003bc4e3a,09efaef537b566ee56fa4912734a87cd0e89ace3,持卡人消费,学士楼商务网关,-2.3,87.52,3216,正常
2016/04/14 08:25:05,57ef180eb37d8710f87350fdcdbc78f003bc4e3a,09efaef537b566ee56fa4912734a87cd0e89ace3,持卡人消费,学士楼商务网关,-1.7,85.82,3217,正常
2016/04/14 11:25:40,57ef180eb37d8710f87350fdcdbc78f003bc4e3a,09efaef537b566ee56fa4912734a87cd0e89ace3,持卡人消费,学苑楼商务网关,-10.0,75.82,3218,正常
2016/04/14 18:19:08,57ef180eb37d8710f87350fdcdbc78f003bc4e3a,09efaef537b566ee56fa4912734a87cd0e89ace3,持卡人消费,硕果园（工大商店）,-11.0,64.82,3219,正常
2016/04/15 18:25:40,57ef180eb37d8710f87350fdcdbc78f003bc4e3a,09efaef537b566ee56fa4912734a87cd0e89ace3,持卡人消费,硕果园（工大商店）,-10.0,54.82,3220,正常
2016/04/15 18:30:54,57ef180eb37d8710f87350fdcdbc78f003bc4e3a,09efaef537b566ee56fa4912734a87cd0e89ace3,持卡人消费,硕果园（工大商店）,-3.0,51.82,3221,正常
2016/04/18 06:46:47,57ef180eb37d8710f87350fdcdbc78f003bc4e3a,09efaef537b566ee56fa4912734a87cd0e89ace3,持卡人消费,学士楼商务网关,-2.0,49.82,3222,正常
2016/04/18 06:47:16,57ef180eb37d8710f87350fdcdbc78f003bc4e3a,09efaef537b566ee56fa4912734a87cd0e89ace3,持卡人消费,学士楼商务网关,-1.0,48.82,3223,正常
2016/04/18 11:28:48,57ef180eb37d8710f87350fdcdbc78f003bc4e3a,09efaef537b566ee56fa4912734a87cd0e89ace3,持卡人消费,学士楼商务网关,-6.1,42.72,3224,正常
2016/04/18 16:43:56,57ef180eb37d8710f87350fdcdbc78f003bc4e3a,09efaef537b566ee56fa4912734a87cd0e89ace3,持卡人消费,硕果园（工大商店）,-10.0,32.72,3225,正常
2016/04/18 18:51:28,57ef180eb37d8710f87350fdcdbc78f003bc4e3a,09efaef537b566ee56fa4912734a87cd0e89ace3,持卡人消费,15公寓浴池,-1.95,30.77,3227,正常
2016/04/19 07:02:10,57ef180eb37d8710f87350fdcdbc78f003bc4e3a,09efaef537b566ee56fa4912734a87cd0e89ace3,持卡人消费,学士楼商务网关,-2.6,28.17,3228,正常
2016/04/19 11:18:43,57ef180eb37d8710f87350fdcdbc78f003bc4e3a,09efaef537b566ee56fa4912734a87cd0e89ace3,存款,学苑楼综合业务3,100.0,128.17,3229,正常
2016/04/19 11:20:19,57ef180eb37d8710f87350fdcdbc78f003bc4e3a,09efaef537b566ee56fa4912734a87cd0e89ace3,持卡人消费,学苑楼商务网关,-7.5,120.67,3230,正常
2016/04/20 06:55:37,57ef180eb37d8710f87350fdcdbc78f003bc4e3a,09efaef537b566ee56fa4912734a87cd0e89ace3,持卡人消费,学士楼商务网关,-2.6,118.07,3231,正常
2016/04/20 07:06:16,57ef180eb37d8710f87350fdcdbc78f003bc4e3a,09efaef537b566ee56fa4912734a87cd0e89ace3,持卡人消费,硕果园（工大商店）,-8.0,110.07,3232,正常
2016/04/20 07:08:53,57ef180eb37d8710f87350fdcdbc78f003bc4e3a,09efaef537b566ee56fa4912734a87cd0e89ace3,持卡人消费,硕果园（工大商店）,-6.7,103.37,3233,正常
2016/04/21 06:57:58,57ef180eb37d8710f87350fdcdbc78f003bc4e3a,09efaef537b566ee56fa4912734a87cd0e89ace3,持卡人消费,学士楼商务网关,-2.3,101.07,3234,正常
2016/04/21 18:43:13,57ef180eb37d8710f87350fdcdbc78f003bc4e3a,09efaef537b566ee56fa4912734a87cd0e89ace3,持卡人消费,15公寓浴池,-1.74,99.33,3236,正常
2016/04/21 18:56:13,57ef180eb37d8710f87350fdcdbc78f003bc4e3a,09efaef537b566ee56fa4912734a87cd0e89ace3,持卡人消费,A2,-6.0,93.33,3237,正常
2016/04/22 07:02:37,57ef180eb37d8710f87350fdcdbc78f003bc4e3a,09efaef537b566ee56fa4912734a87cd0e89ace3,持卡人消费,学士楼商务网关,-2.0,91.33,3238,正常
2016/04/22 07:03:22,57ef180eb37d8710f87350fdcdbc78f003bc4e3a,09efaef537b566ee56fa4912734a87cd0e89ace3,持卡人消费,学士楼商务网关,-0.2,91.13,3239,正常
2016/04/25 18:10:35,57ef180eb37d8710f87350fdcdbc78f003bc4e3a,09efaef537b566ee56fa4912734a87cd0e89ace3,持卡人消费,15公寓浴池,-1.62,89.51,3241,正常
2016/04/28 18:26:12,57ef180eb37d8710f87350fdcdbc78f003bc4e3a,09efaef537b566ee56fa4912734a87cd0e89ace3,持卡人消费,网络中心,-30.0,59.51,3242,正常
2016/04/29 18:24:06,57ef180eb37d8710f87350fdcdbc78f003bc4e3a,09efaef537b566ee56fa4912734a87cd0e89ace3,持卡人消费,15公寓浴池,-1.73,57.78,3244,正常
2016/04/30 17:00:06,57ef180eb37d8710f87350fdcdbc78f003bc4e3a,09efaef537b566ee56fa4912734a87cd0e89ace3,持卡人消费,15公寓浴池,-2.0,55.78,3245,正常
2016/04/30 17:03:16,57ef180eb37d8710f87350fdcdbc78f003bc4e3a,09efaef537b566ee56fa4912734a87cd0e89ace3,持卡人消费,15公寓浴池,-0.58,55.20,3247,正常
