交易发生时间,学号,姓名,交易类型,子系统名称,交易额,现有余额,次数,状态
2016/04/03 14:08:11,cde2c42f763f25114bb0343fb932f3ee3e0e2af8,0a78e7a98a21cafef03ccea8cb9d3b3a39642867,持卡人消费,学子便利店B07,-1.9,3.76,3595,正常
2016/04/03 17:29:34,cde2c42f763f25114bb0343fb932f3ee3e0e2af8,0a78e7a98a21cafef03ccea8cb9d3b3a39642867,持卡人消费,二区水控,-1.68,2.08,3597,正常
2016/04/04 12:46:24,cde2c42f763f25114bb0343fb932f3ee3e0e2af8,0a78e7a98a21cafef03ccea8cb9d3b3a39642867,持卡人消费,学子便利店B07,-0.1,1.98,3598,正常
2016/04/05 13:07:42,cde2c42f763f25114bb0343fb932f3ee3e0e2af8,0a78e7a98a21cafef03ccea8cb9d3b3a39642867,持卡人消费,学子便利店B07,-0.8,1.18,3599,正常
2016/04/06 16:00:44,cde2c42f763f25114bb0343fb932f3ee3e0e2af8,0a78e7a98a21cafef03ccea8cb9d3b3a39642867,持卡人消费,学子便利店B05,-0.5,0.68,3600,正常
2016/04/13 11:51:53,cde2c42f763f25114bb0343fb932f3ee3e0e2af8,0a78e7a98a21cafef03ccea8cb9d3b3a39642867,持卡人消费,学子便利店B07,-0.1,0.58,3601,正常
2016/04/22 18:15:00,cde2c42f763f25114bb0343fb932f3ee3e0e2af8,0a78e7a98a21cafef03ccea8cb9d3b3a39642867,持卡人消费,学子便利店B07,-0.2,0.38,3602,正常
