交易发生时间,学号,姓名,交易类型,子系统名称,交易额,现有余额,次数,状态
2016/04/01 08:32:09,c374485eec45d1705913dd31fded304c59beabfe,0acef5e0b4e28ae7b81bb4d3a3804838f55768e6,持卡人消费,学士楼商务网关,-2.0,133.03,4404,正常
2016/04/01 11:22:32,c374485eec45d1705913dd31fded304c59beabfe,0acef5e0b4e28ae7b81bb4d3a3804838f55768e6,持卡人消费,学苑楼商务网关,-8.8,124.23,4405,正常
2016/04/01 17:16:51,c374485eec45d1705913dd31fded304c59beabfe,0acef5e0b4e28ae7b81bb4d3a3804838f55768e6,持卡人消费,学苑楼商务网关,-6.0,118.23,4406,正常
2016/04/01 19:55:10,c374485eec45d1705913dd31fded304c59beabfe,0acef5e0b4e28ae7b81bb4d3a3804838f55768e6,持卡人消费,15公寓浴池,-0.53,117.70,4408,正常
2016/04/01 20:04:14,c374485eec45d1705913dd31fded304c59beabfe,0acef5e0b4e28ae7b81bb4d3a3804838f55768e6,持卡人消费,15公寓浴池,-1.04,116.66,4410,正常
2016/04/02 11:09:32,c374485eec45d1705913dd31fded304c59beabfe,0acef5e0b4e28ae7b81bb4d3a3804838f55768e6,持卡人消费,学苑楼商务网关,-8.8,107.86,4411,正常
2016/04/02 11:30:29,c374485eec45d1705913dd31fded304c59beabfe,0acef5e0b4e28ae7b81bb4d3a3804838f55768e6,持卡人消费,硕果园（工大商店）,-4.6,103.26,4412,正常
2016/04/02 17:32:58,c374485eec45d1705913dd31fded304c59beabfe,0acef5e0b4e28ae7b81bb4d3a3804838f55768e6,持卡人消费,学苑楼商务网关,-6.0,97.26,4413,正常
2016/04/03 08:46:13,c374485eec45d1705913dd31fded304c59beabfe,0acef5e0b4e28ae7b81bb4d3a3804838f55768e6,持卡人消费,硕果园（工大商店）,-5.0,92.26,4414,正常
2016/04/03 11:49:02,c374485eec45d1705913dd31fded304c59beabfe,0acef5e0b4e28ae7b81bb4d3a3804838f55768e6,持卡人消费,学苑楼商务网关,-6.0,86.26,4415,正常
2016/04/03 17:14:20,c374485eec45d1705913dd31fded304c59beabfe,0acef5e0b4e28ae7b81bb4d3a3804838f55768e6,持卡人消费,学苑楼商务网关,-7.5,78.76,4416,正常
2016/04/04 11:31:19,c374485eec45d1705913dd31fded304c59beabfe,0acef5e0b4e28ae7b81bb4d3a3804838f55768e6,持卡人消费,学苑楼商务网关,-8.8,69.96,4417,正常
2016/04/04 17:08:53,c374485eec45d1705913dd31fded304c59beabfe,0acef5e0b4e28ae7b81bb4d3a3804838f55768e6,持卡人消费,学苑楼商务网关,-6.0,63.96,4418,正常
2016/04/05 08:31:20,c374485eec45d1705913dd31fded304c59beabfe,0acef5e0b4e28ae7b81bb4d3a3804838f55768e6,持卡人消费,学士楼商务网关,-2.1,61.86,4419,正常
2016/04/05 11:00:05,c374485eec45d1705913dd31fded304c59beabfe,0acef5e0b4e28ae7b81bb4d3a3804838f55768e6,持卡人消费,学苑楼商务网关,-6.0,55.86,4420,正常
2016/04/05 17:03:10,c374485eec45d1705913dd31fded304c59beabfe,0acef5e0b4e28ae7b81bb4d3a3804838f55768e6,持卡人消费,学苑楼商务网关,-6.0,49.86,4421,正常
2016/04/06 08:13:01,c374485eec45d1705913dd31fded304c59beabfe,0acef5e0b4e28ae7b81bb4d3a3804838f55768e6,持卡人消费,学士楼商务网关,-1.5,48.36,4422,正常
2016/04/06 11:05:16,c374485eec45d1705913dd31fded304c59beabfe,0acef5e0b4e28ae7b81bb4d3a3804838f55768e6,持卡人消费,学苑楼商务网关,-6.0,42.36,4423,正常
2016/04/06 16:50:27,c374485eec45d1705913dd31fded304c59beabfe,0acef5e0b4e28ae7b81bb4d3a3804838f55768e6,持卡人消费,学苑楼商务网关,-8.8,33.56,4424,正常
2016/04/06 17:38:09,c374485eec45d1705913dd31fded304c59beabfe,0acef5e0b4e28ae7b81bb4d3a3804838f55768e6,持卡人消费,15公寓浴池,-0.56,33.00,4426,正常
2016/04/06 17:47:53,c374485eec45d1705913dd31fded304c59beabfe,0acef5e0b4e28ae7b81bb4d3a3804838f55768e6,持卡人消费,15公寓浴池,-0.99,32.01,4428,正常
2016/04/07 08:29:31,c374485eec45d1705913dd31fded304c59beabfe,0acef5e0b4e28ae7b81bb4d3a3804838f55768e6,持卡人消费,学士楼商务网关,-1.5,30.51,4429,正常
2016/04/07 11:28:20,c374485eec45d1705913dd31fded304c59beabfe,0acef5e0b4e28ae7b81bb4d3a3804838f55768e6,持卡人消费,学苑楼商务网关,-7.5,23.01,4430,正常
2016/04/07 17:08:32,c374485eec45d1705913dd31fded304c59beabfe,0acef5e0b4e28ae7b81bb4d3a3804838f55768e6,持卡人消费,学苑楼商务网关,-7.5,15.51,4431,正常
2016/04/08 11:17:10,c374485eec45d1705913dd31fded304c59beabfe,0acef5e0b4e28ae7b81bb4d3a3804838f55768e6,持卡人消费,学苑楼商务网关,-8.8,6.71,4432,正常
2016/04/08 16:59:49,c374485eec45d1705913dd31fded304c59beabfe,0acef5e0b4e28ae7b81bb4d3a3804838f55768e6,存款,现金充值机,200.0,206.71,4433,正常
2016/04/08 17:20:29,c374485eec45d1705913dd31fded304c59beabfe,0acef5e0b4e28ae7b81bb4d3a3804838f55768e6,持卡人消费,学苑楼商务网关,-6.0,200.71,4434,正常
2016/04/08 17:43:44,c374485eec45d1705913dd31fded304c59beabfe,0acef5e0b4e28ae7b81bb4d3a3804838f55768e6,持卡人消费,超市商务子系统,-4.0,196.71,4435,正常
2016/04/08 17:44:44,c374485eec45d1705913dd31fded304c59beabfe,0acef5e0b4e28ae7b81bb4d3a3804838f55768e6,持卡人消费,超市商务子系统,-19.9,176.81,4436,正常
2016/04/09 11:17:22,c374485eec45d1705913dd31fded304c59beabfe,0acef5e0b4e28ae7b81bb4d3a3804838f55768e6,持卡人消费,学苑楼商务网关,-6.0,170.81,4437,正常
2016/04/09 17:39:40,c374485eec45d1705913dd31fded304c59beabfe,0acef5e0b4e28ae7b81bb4d3a3804838f55768e6,持卡人消费,学苑楼商务网关,-6.0,164.81,4438,正常
2016/04/10 08:32:45,c374485eec45d1705913dd31fded304c59beabfe,0acef5e0b4e28ae7b81bb4d3a3804838f55768e6,持卡人消费,学士楼商务网关,-2.0,162.81,4439,正常
2016/04/10 11:31:12,c374485eec45d1705913dd31fded304c59beabfe,0acef5e0b4e28ae7b81bb4d3a3804838f55768e6,持卡人消费,学苑楼商务网关,-7.5,155.31,4440,正常
2016/04/10 12:57:26,c374485eec45d1705913dd31fded304c59beabfe,0acef5e0b4e28ae7b81bb4d3a3804838f55768e6,持卡人消费,15公寓浴池,-0.59,154.72,4442,正常
2016/04/10 13:06:33,c374485eec45d1705913dd31fded304c59beabfe,0acef5e0b4e28ae7b81bb4d3a3804838f55768e6,持卡人消费,15公寓浴池,-0.91,153.81,4444,正常
2016/04/10 17:07:22,c374485eec45d1705913dd31fded304c59beabfe,0acef5e0b4e28ae7b81bb4d3a3804838f55768e6,持卡人消费,学苑楼商务网关,-6.0,147.81,4445,正常
2016/04/11 08:30:08,c374485eec45d1705913dd31fded304c59beabfe,0acef5e0b4e28ae7b81bb4d3a3804838f55768e6,持卡人消费,学士楼商务网关,-2.0,145.81,4446,正常
2016/04/11 11:23:20,c374485eec45d1705913dd31fded304c59beabfe,0acef5e0b4e28ae7b81bb4d3a3804838f55768e6,持卡人消费,学苑楼商务网关,-6.0,139.81,4447,正常
2016/04/11 17:18:04,c374485eec45d1705913dd31fded304c59beabfe,0acef5e0b4e28ae7b81bb4d3a3804838f55768e6,持卡人消费,学苑楼商务网关,-7.5,132.31,4448,正常
2016/04/12 08:29:44,c374485eec45d1705913dd31fded304c59beabfe,0acef5e0b4e28ae7b81bb4d3a3804838f55768e6,持卡人消费,学士楼商务网关,-1.5,130.81,4449,正常
2016/04/12 11:24:18,c374485eec45d1705913dd31fded304c59beabfe,0acef5e0b4e28ae7b81bb4d3a3804838f55768e6,持卡人消费,学苑楼商务网关,-8.8,122.01,4450,正常
2016/04/12 17:11:45,c374485eec45d1705913dd31fded304c59beabfe,0acef5e0b4e28ae7b81bb4d3a3804838f55768e6,持卡人消费,学苑楼商务网关,-6.0,116.01,4451,正常
2016/04/13 08:28:55,c374485eec45d1705913dd31fded304c59beabfe,0acef5e0b4e28ae7b81bb4d3a3804838f55768e6,持卡人消费,学士楼商务网关,-2.5,113.51,4452,正常
2016/04/13 11:37:55,c374485eec45d1705913dd31fded304c59beabfe,0acef5e0b4e28ae7b81bb4d3a3804838f55768e6,持卡人消费,学苑楼商务网关,-7.5,106.01,4453,正常
2016/04/13 17:28:20,c374485eec45d1705913dd31fded304c59beabfe,0acef5e0b4e28ae7b81bb4d3a3804838f55768e6,持卡人消费,学苑楼商务网关,-6.0,100.01,4454,正常
2016/04/13 17:53:33,c374485eec45d1705913dd31fded304c59beabfe,0acef5e0b4e28ae7b81bb4d3a3804838f55768e6,持卡人消费,15公寓浴池,-0.51,99.50,4456,正常
2016/04/13 18:02:25,c374485eec45d1705913dd31fded304c59beabfe,0acef5e0b4e28ae7b81bb4d3a3804838f55768e6,持卡人消费,15公寓浴池,-0.94,98.56,4458,正常
2016/04/14 08:28:49,c374485eec45d1705913dd31fded304c59beabfe,0acef5e0b4e28ae7b81bb4d3a3804838f55768e6,持卡人消费,学士楼商务网关,-2.5,96.06,4459,正常
2016/04/14 11:32:20,c374485eec45d1705913dd31fded304c59beabfe,0acef5e0b4e28ae7b81bb4d3a3804838f55768e6,持卡人消费,学士楼商务网关,-7.1,88.96,4460,正常
2016/04/14 17:12:35,c374485eec45d1705913dd31fded304c59beabfe,0acef5e0b4e28ae7b81bb4d3a3804838f55768e6,持卡人消费,学苑楼商务网关,-8.8,80.16,4461,正常
2016/04/15 11:38:35,c374485eec45d1705913dd31fded304c59beabfe,0acef5e0b4e28ae7b81bb4d3a3804838f55768e6,持卡人消费,学苑楼商务网关,-7.5,72.66,4462,正常
2016/04/15 17:15:32,c374485eec45d1705913dd31fded304c59beabfe,0acef5e0b4e28ae7b81bb4d3a3804838f55768e6,持卡人消费,学士楼商务网关,-7.1,65.56,4463,正常
2016/04/16 11:18:00,c374485eec45d1705913dd31fded304c59beabfe,0acef5e0b4e28ae7b81bb4d3a3804838f55768e6,持卡人消费,学苑楼商务网关,-8.8,56.76,4464,正常
2016/04/16 18:13:57,c374485eec45d1705913dd31fded304c59beabfe,0acef5e0b4e28ae7b81bb4d3a3804838f55768e6,持卡人消费,学苑楼商务网关,-7.0,49.76,4465,正常
2016/04/16 18:51:07,c374485eec45d1705913dd31fded304c59beabfe,0acef5e0b4e28ae7b81bb4d3a3804838f55768e6,持卡人消费,超市商务子系统,-5.0,44.76,4466,正常
2016/04/17 09:03:14,c374485eec45d1705913dd31fded304c59beabfe,0acef5e0b4e28ae7b81bb4d3a3804838f55768e6,持卡人消费,学士楼商务网关,-2.0,42.76,4467,正常
2016/04/17 11:32:36,c374485eec45d1705913dd31fded304c59beabfe,0acef5e0b4e28ae7b81bb4d3a3804838f55768e6,持卡人消费,学士楼商务网关,-7.1,35.66,4468,正常
2016/04/17 16:53:06,c374485eec45d1705913dd31fded304c59beabfe,0acef5e0b4e28ae7b81bb4d3a3804838f55768e6,持卡人消费,15公寓浴池,-0.54,35.12,4470,正常
2016/04/17 17:02:13,c374485eec45d1705913dd31fded304c59beabfe,0acef5e0b4e28ae7b81bb4d3a3804838f55768e6,持卡人消费,15公寓浴池,-0.99,34.13,4472,正常
2016/04/17 17:17:03,c374485eec45d1705913dd31fded304c59beabfe,0acef5e0b4e28ae7b81bb4d3a3804838f55768e6,持卡人消费,学苑楼商务网关,-8.8,25.33,4473,正常
2016/04/18 08:25:36,c374485eec45d1705913dd31fded304c59beabfe,0acef5e0b4e28ae7b81bb4d3a3804838f55768e6,持卡人消费,学士楼商务网关,-2.1,23.23,4474,正常
2016/04/18 11:19:25,c374485eec45d1705913dd31fded304c59beabfe,0acef5e0b4e28ae7b81bb4d3a3804838f55768e6,持卡人消费,学苑楼商务网关,-7.5,15.73,4475,正常
2016/04/18 17:24:15,c374485eec45d1705913dd31fded304c59beabfe,0acef5e0b4e28ae7b81bb4d3a3804838f55768e6,持卡人消费,学苑楼商务网关,-7.0,8.73,4476,正常
2016/04/19 10:51:07,c374485eec45d1705913dd31fded304c59beabfe,0acef5e0b4e28ae7b81bb4d3a3804838f55768e6,存款,现金充值机,200.0,208.73,4477,正常
2016/04/19 11:12:49,c374485eec45d1705913dd31fded304c59beabfe,0acef5e0b4e28ae7b81bb4d3a3804838f55768e6,持卡人消费,学苑楼商务网关,-8.8,199.93,4478,正常
2016/04/19 17:32:06,c374485eec45d1705913dd31fded304c59beabfe,0acef5e0b4e28ae7b81bb4d3a3804838f55768e6,持卡人消费,学苑楼商务网关,-7.5,192.43,4479,正常
2016/04/20 11:23:44,c374485eec45d1705913dd31fded304c59beabfe,0acef5e0b4e28ae7b81bb4d3a3804838f55768e6,持卡人消费,学苑楼商务网关,-7.5,184.93,4480,正常
2016/04/20 17:40:54,c374485eec45d1705913dd31fded304c59beabfe,0acef5e0b4e28ae7b81bb4d3a3804838f55768e6,持卡人消费,学士楼商务网关,-8.1,176.83,4481,正常
2016/04/20 18:07:32,c374485eec45d1705913dd31fded304c59beabfe,0acef5e0b4e28ae7b81bb4d3a3804838f55768e6,持卡人消费,15公寓浴池,-0.51,176.32,4483,正常
2016/04/20 18:15:50,c374485eec45d1705913dd31fded304c59beabfe,0acef5e0b4e28ae7b81bb4d3a3804838f55768e6,持卡人消费,15公寓浴池,-0.96,175.36,4485,正常
2016/04/21 08:40:28,c374485eec45d1705913dd31fded304c59beabfe,0acef5e0b4e28ae7b81bb4d3a3804838f55768e6,持卡人消费,学士楼商务网关,-3.5,171.86,4486,正常
2016/04/21 11:37:43,c374485eec45d1705913dd31fded304c59beabfe,0acef5e0b4e28ae7b81bb4d3a3804838f55768e6,持卡人消费,学苑楼商务网关,-7.5,164.36,4487,正常
2016/04/21 17:14:38,c374485eec45d1705913dd31fded304c59beabfe,0acef5e0b4e28ae7b81bb4d3a3804838f55768e6,持卡人消费,学苑楼商务网关,-6.0,158.36,4488,正常
2016/04/22 08:35:46,c374485eec45d1705913dd31fded304c59beabfe,0acef5e0b4e28ae7b81bb4d3a3804838f55768e6,持卡人消费,学士楼商务网关,-2.5,155.86,4489,正常
2016/04/22 11:32:45,c374485eec45d1705913dd31fded304c59beabfe,0acef5e0b4e28ae7b81bb4d3a3804838f55768e6,持卡人消费,硕果园（工大商店）,-15.0,140.86,4490,正常
2016/04/22 17:01:48,c374485eec45d1705913dd31fded304c59beabfe,0acef5e0b4e28ae7b81bb4d3a3804838f55768e6,持卡人消费,学士楼商务网关,-8.1,132.76,4491,正常
2016/04/22 17:41:55,c374485eec45d1705913dd31fded304c59beabfe,0acef5e0b4e28ae7b81bb4d3a3804838f55768e6,持卡人消费,15公寓浴池,-1.6,131.16,4493,正常
2016/04/23 11:31:57,c374485eec45d1705913dd31fded304c59beabfe,0acef5e0b4e28ae7b81bb4d3a3804838f55768e6,持卡人消费,学苑楼商务网关,-8.8,122.36,4494,正常
2016/04/23 18:33:04,c374485eec45d1705913dd31fded304c59beabfe,0acef5e0b4e28ae7b81bb4d3a3804838f55768e6,持卡人消费,硕果园（工大商店）,-5.0,117.36,4495,正常
2016/04/24 08:34:28,c374485eec45d1705913dd31fded304c59beabfe,0acef5e0b4e28ae7b81bb4d3a3804838f55768e6,持卡人消费,学士楼商务网关,-2.5,114.86,4496,正常
2016/04/24 11:13:43,c374485eec45d1705913dd31fded304c59beabfe,0acef5e0b4e28ae7b81bb4d3a3804838f55768e6,持卡人消费,学苑楼商务网关,-7.5,107.36,4497,正常
2016/04/24 18:07:19,c374485eec45d1705913dd31fded304c59beabfe,0acef5e0b4e28ae7b81bb4d3a3804838f55768e6,持卡人消费,硕果园（工大商店）,-5.0,102.36,4498,正常
2016/04/25 11:27:49,c374485eec45d1705913dd31fded304c59beabfe,0acef5e0b4e28ae7b81bb4d3a3804838f55768e6,持卡人消费,学苑楼商务网关,-8.8,93.56,4499,正常
2016/04/25 17:12:58,c374485eec45d1705913dd31fded304c59beabfe,0acef5e0b4e28ae7b81bb4d3a3804838f55768e6,持卡人消费,学苑楼商务网关,-2.5,91.06,4500,正常
2016/04/25 17:14:32,c374485eec45d1705913dd31fded304c59beabfe,0acef5e0b4e28ae7b81bb4d3a3804838f55768e6,持卡人消费,学苑楼商务网关,-7.5,83.56,4501,正常
2016/04/25 18:02:41,c374485eec45d1705913dd31fded304c59beabfe,0acef5e0b4e28ae7b81bb4d3a3804838f55768e6,持卡人消费,15公寓浴池,-0.56,83.00,4503,正常
2016/04/25 18:12:08,c374485eec45d1705913dd31fded304c59beabfe,0acef5e0b4e28ae7b81bb4d3a3804838f55768e6,持卡人消费,15公寓浴池,-1.04,81.96,4505,正常
2016/04/26 08:30:59,c374485eec45d1705913dd31fded304c59beabfe,0acef5e0b4e28ae7b81bb4d3a3804838f55768e6,持卡人消费,学士楼商务网关,-2.5,79.46,4506,正常
2016/04/26 08:44:30,c374485eec45d1705913dd31fded304c59beabfe,0acef5e0b4e28ae7b81bb4d3a3804838f55768e6,持卡人消费,网络中心,-30.0,49.46,4507,正常
2016/04/26 17:20:54,c374485eec45d1705913dd31fded304c59beabfe,0acef5e0b4e28ae7b81bb4d3a3804838f55768e6,持卡人消费,学苑楼商务网关,-6.0,43.46,4508,正常
2016/04/27 08:22:30,c374485eec45d1705913dd31fded304c59beabfe,0acef5e0b4e28ae7b81bb4d3a3804838f55768e6,持卡人消费,学士楼商务网关,-2.5,40.96,4509,正常
2016/04/27 11:28:58,c374485eec45d1705913dd31fded304c59beabfe,0acef5e0b4e28ae7b81bb4d3a3804838f55768e6,持卡人消费,学苑楼商务网关,-7.5,33.46,4510,正常
2016/04/27 11:29:19,c374485eec45d1705913dd31fded304c59beabfe,0acef5e0b4e28ae7b81bb4d3a3804838f55768e6,持卡人消费,学苑楼商务网关,-7.5,25.96,4511,正常
2016/04/27 17:22:41,c374485eec45d1705913dd31fded304c59beabfe,0acef5e0b4e28ae7b81bb4d3a3804838f55768e6,持卡人消费,学士楼商务网关,-10.1,15.86,4512,正常
2016/04/27 18:03:35,c374485eec45d1705913dd31fded304c59beabfe,0acef5e0b4e28ae7b81bb4d3a3804838f55768e6,持卡人消费,15公寓浴池,-0.4,15.46,4514,正常
2016/04/27 18:13:37,c374485eec45d1705913dd31fded304c59beabfe,0acef5e0b4e28ae7b81bb4d3a3804838f55768e6,持卡人消费,15公寓浴池,-1.02,14.44,4516,正常
2016/04/28 08:36:27,c374485eec45d1705913dd31fded304c59beabfe,0acef5e0b4e28ae7b81bb4d3a3804838f55768e6,持卡人消费,学士楼商务网关,-2.5,11.94,4517,正常
2016/04/28 11:33:08,c374485eec45d1705913dd31fded304c59beabfe,0acef5e0b4e28ae7b81bb4d3a3804838f55768e6,持卡人消费,学苑楼商务网关,-7.5,4.44,4518,正常
2016/04/28 11:54:15,c374485eec45d1705913dd31fded304c59beabfe,0acef5e0b4e28ae7b81bb4d3a3804838f55768e6,持卡人消费,硕果园（工大商店）,-2.1,2.34,4519,正常
2016/04/28 17:07:56,c374485eec45d1705913dd31fded304c59beabfe,0acef5e0b4e28ae7b81bb4d3a3804838f55768e6,存款,现金充值机,200.0,202.34,4520,正常
2016/04/28 17:30:14,c374485eec45d1705913dd31fded304c59beabfe,0acef5e0b4e28ae7b81bb4d3a3804838f55768e6,持卡人消费,学苑楼商务网关,-7.5,194.84,4521,正常
2016/04/29 08:30:34,c374485eec45d1705913dd31fded304c59beabfe,0acef5e0b4e28ae7b81bb4d3a3804838f55768e6,持卡人消费,学士楼商务网关,-2.5,192.34,4522,正常
2016/04/29 11:58:52,c374485eec45d1705913dd31fded304c59beabfe,0acef5e0b4e28ae7b81bb4d3a3804838f55768e6,持卡人消费,学苑楼商务网关,-7.5,184.84,4523,正常
2016/04/29 17:18:32,c374485eec45d1705913dd31fded304c59beabfe,0acef5e0b4e28ae7b81bb4d3a3804838f55768e6,持卡人消费,学苑楼商务网关,-7.5,177.34,4524,正常
2016/04/29 17:49:38,c374485eec45d1705913dd31fded304c59beabfe,0acef5e0b4e28ae7b81bb4d3a3804838f55768e6,持卡人消费,15公寓浴池,-0.34,177.00,4526,正常
2016/04/29 17:57:29,c374485eec45d1705913dd31fded304c59beabfe,0acef5e0b4e28ae7b81bb4d3a3804838f55768e6,持卡人消费,15公寓浴池,-0.85,176.15,4528,正常
2016/04/30 11:32:10,c374485eec45d1705913dd31fded304c59beabfe,0acef5e0b4e28ae7b81bb4d3a3804838f55768e6,持卡人消费,学苑楼商务网关,-7.5,168.65,4529,正常
