交易发生时间,学号,姓名,交易类型,子系统名称,交易额,现有余额,次数,状态
2016/04/04 14:38:44,455b7f0008485b3a00ad884e90d76848bd118fd4,0b2cf0c058dce696de3c3c8bb38b2a68aa4db9a0,持卡人消费,A1,-6.0,106.91,3110,正常
2016/04/04 15:22:03,455b7f0008485b3a00ad884e90d76848bd118fd4,0b2cf0c058dce696de3c3c8bb38b2a68aa4db9a0,持卡人消费,学子便利店A01后楼,-3.9,103.01,3111,正常
2016/04/04 20:46:57,455b7f0008485b3a00ad884e90d76848bd118fd4,0b2cf0c058dce696de3c3c8bb38b2a68aa4db9a0,持卡人消费,学子便利店A01后楼,-8.8,94.21,3112,正常
2016/04/05 09:01:22,455b7f0008485b3a00ad884e90d76848bd118fd4,0b2cf0c058dce696de3c3c8bb38b2a68aa4db9a0,持卡人消费,游泳馆,-6.0,88.21,3113,正常
2016/04/05 18:44:50,455b7f0008485b3a00ad884e90d76848bd118fd4,0b2cf0c058dce696de3c3c8bb38b2a68aa4db9a0,持卡人消费,学子便利店A01后楼,-10.5,77.71,3114,正常
2016/04/06 07:56:52,455b7f0008485b3a00ad884e90d76848bd118fd4,0b2cf0c058dce696de3c3c8bb38b2a68aa4db9a0,持卡人消费,学子便利店A01后楼,-3.9,73.81,3115,正常
2016/04/06 08:04:48,455b7f0008485b3a00ad884e90d76848bd118fd4,0b2cf0c058dce696de3c3c8bb38b2a68aa4db9a0,持卡人消费,学士楼商务网关,-1.6,72.21,3116,正常
2016/04/06 10:08:22,455b7f0008485b3a00ad884e90d76848bd118fd4,0b2cf0c058dce696de3c3c8bb38b2a68aa4db9a0,持卡人消费,游泳馆,-6.0,66.21,3117,正常
2016/04/07 09:37:37,455b7f0008485b3a00ad884e90d76848bd118fd4,0b2cf0c058dce696de3c3c8bb38b2a68aa4db9a0,持卡人消费,网络中心,-30.0,36.21,3118,正常
2016/04/07 12:51:25,455b7f0008485b3a00ad884e90d76848bd118fd4,0b2cf0c058dce696de3c3c8bb38b2a68aa4db9a0,持卡人消费,学子便利店A01后楼,-3.9,32.31,3119,正常
2016/04/07 14:58:51,455b7f0008485b3a00ad884e90d76848bd118fd4,0b2cf0c058dce696de3c3c8bb38b2a68aa4db9a0,持卡人消费,游泳馆,-6.0,26.31,3120,正常
2016/04/07 14:59:27,455b7f0008485b3a00ad884e90d76848bd118fd4,0b2cf0c058dce696de3c3c8bb38b2a68aa4db9a0,持卡人消费,游泳馆,-6.0,20.31,3121,正常
2016/04/07 17:35:09,455b7f0008485b3a00ad884e90d76848bd118fd4,0b2cf0c058dce696de3c3c8bb38b2a68aa4db9a0,持卡人消费,超市商务子系统,-4.2,16.11,3122,正常
2016/04/07 17:37:20,455b7f0008485b3a00ad884e90d76848bd118fd4,0b2cf0c058dce696de3c3c8bb38b2a68aa4db9a0,持卡人消费,超市商务子系统,-0.9,15.21,3123,正常
2016/04/08 08:46:41,455b7f0008485b3a00ad884e90d76848bd118fd4,0b2cf0c058dce696de3c3c8bb38b2a68aa4db9a0,持卡人消费,学士楼商务网关,-2.0,13.21,3124,正常
2016/04/08 08:47:21,455b7f0008485b3a00ad884e90d76848bd118fd4,0b2cf0c058dce696de3c3c8bb38b2a68aa4db9a0,持卡人消费,学士楼商务网关,-0.3,12.91,3125,正常
2016/04/08 09:07:55,455b7f0008485b3a00ad884e90d76848bd118fd4,0b2cf0c058dce696de3c3c8bb38b2a68aa4db9a0,持卡人消费,游泳馆,-6.0,6.91,3126,正常
2016/04/08 14:12:51,455b7f0008485b3a00ad884e90d76848bd118fd4,0b2cf0c058dce696de3c3c8bb38b2a68aa4db9a0,持卡人消费,学子便利店A01后楼,-3.9,3.01,3127,正常
2016/04/09 09:26:15,455b7f0008485b3a00ad884e90d76848bd118fd4,0b2cf0c058dce696de3c3c8bb38b2a68aa4db9a0,存款,学苑楼综合业务2,200.0,203.01,3128,正常
2016/04/09 09:29:21,455b7f0008485b3a00ad884e90d76848bd118fd4,0b2cf0c058dce696de3c3c8bb38b2a68aa4db9a0,持卡人消费,学士楼商务网关,-3.6,199.41,3129,正常
2016/04/09 10:46:20,455b7f0008485b3a00ad884e90d76848bd118fd4,0b2cf0c058dce696de3c3c8bb38b2a68aa4db9a0,持卡人消费,游泳馆,-6.0,193.41,3130,正常
2016/04/09 12:25:59,455b7f0008485b3a00ad884e90d76848bd118fd4,0b2cf0c058dce696de3c3c8bb38b2a68aa4db9a0,持卡人消费,学子便利店A01后楼,-3.0,190.41,3131,正常
2016/04/09 12:36:25,455b7f0008485b3a00ad884e90d76848bd118fd4,0b2cf0c058dce696de3c3c8bb38b2a68aa4db9a0,持卡人消费,硕果园（工大商店）,-17.0,173.41,3132,正常
2016/04/09 12:52:01,455b7f0008485b3a00ad884e90d76848bd118fd4,0b2cf0c058dce696de3c3c8bb38b2a68aa4db9a0,持卡人消费,硕果园（工大商店）,-1.0,172.41,3133,正常
2016/04/10 17:00:47,455b7f0008485b3a00ad884e90d76848bd118fd4,0b2cf0c058dce696de3c3c8bb38b2a68aa4db9a0,持卡人消费,学子便利店A01后楼,-3.0,169.41,3134,正常
2016/04/10 16:59:22,455b7f0008485b3a00ad884e90d76848bd118fd4,0b2cf0c058dce696de3c3c8bb38b2a68aa4db9a0,持卡人消费,游泳馆,-6.0,163.41,3135,正常
2016/04/10 19:32:37,455b7f0008485b3a00ad884e90d76848bd118fd4,0b2cf0c058dce696de3c3c8bb38b2a68aa4db9a0,持卡人消费,学子便利店A01后楼,-3.9,159.51,3136,正常
2016/04/11 10:29:06,455b7f0008485b3a00ad884e90d76848bd118fd4,0b2cf0c058dce696de3c3c8bb38b2a68aa4db9a0,持卡人消费,学子便利店A01后楼,-4.2,155.31,3137,正常
2016/04/11 11:27:32,455b7f0008485b3a00ad884e90d76848bd118fd4,0b2cf0c058dce696de3c3c8bb38b2a68aa4db9a0,持卡人消费,学苑楼商务网关,-8.0,147.31,3138,正常
2016/04/11 11:28:30,455b7f0008485b3a00ad884e90d76848bd118fd4,0b2cf0c058dce696de3c3c8bb38b2a68aa4db9a0,持卡人消费,学苑楼商务网关,-3.4,143.91,3139,正常
2016/04/11 11:40:46,455b7f0008485b3a00ad884e90d76848bd118fd4,0b2cf0c058dce696de3c3c8bb38b2a68aa4db9a0,持卡人消费,超市商务子系统,-13.8,130.11,3140,正常
2016/04/11 12:06:27,455b7f0008485b3a00ad884e90d76848bd118fd4,0b2cf0c058dce696de3c3c8bb38b2a68aa4db9a0,持卡人消费,学子便利店A01后楼,-5.8,124.31,3141,正常
2016/04/11 18:10:40,455b7f0008485b3a00ad884e90d76848bd118fd4,0b2cf0c058dce696de3c3c8bb38b2a68aa4db9a0,持卡人消费,硕果园（工大商店）,-11.0,113.31,3142,正常
2016/04/11 18:41:15,455b7f0008485b3a00ad884e90d76848bd118fd4,0b2cf0c058dce696de3c3c8bb38b2a68aa4db9a0,持卡人消费,超市商务子系统,-3.0,110.31,3143,正常
2016/04/11 19:13:52,455b7f0008485b3a00ad884e90d76848bd118fd4,0b2cf0c058dce696de3c3c8bb38b2a68aa4db9a0,持卡人消费,游泳馆,-6.0,104.31,3144,正常
2016/04/12 18:06:33,455b7f0008485b3a00ad884e90d76848bd118fd4,0b2cf0c058dce696de3c3c8bb38b2a68aa4db9a0,持卡人消费,游泳馆,-6.0,98.31,3145,正常
2016/04/12 19:29:54,455b7f0008485b3a00ad884e90d76848bd118fd4,0b2cf0c058dce696de3c3c8bb38b2a68aa4db9a0,持卡人消费,学子便利店A01后楼,-8.3,90.01,3146,正常
2016/04/13 18:10:39,455b7f0008485b3a00ad884e90d76848bd118fd4,0b2cf0c058dce696de3c3c8bb38b2a68aa4db9a0,持卡人消费,学士楼商务网关,-3.1,86.91,3147,正常
2016/04/13 18:11:53,455b7f0008485b3a00ad884e90d76848bd118fd4,0b2cf0c058dce696de3c3c8bb38b2a68aa4db9a0,持卡人消费,学士楼商务网关,-9.6,77.31,3148,正常
2016/04/13 18:19:30,455b7f0008485b3a00ad884e90d76848bd118fd4,0b2cf0c058dce696de3c3c8bb38b2a68aa4db9a0,持卡人消费,超市商务子系统,-7.2,70.11,3149,正常
2016/04/13 18:21:48,455b7f0008485b3a00ad884e90d76848bd118fd4,0b2cf0c058dce696de3c3c8bb38b2a68aa4db9a0,持卡人消费,超市商务子系统,-5.0,65.11,3150,正常
2016/04/13 18:24:19,455b7f0008485b3a00ad884e90d76848bd118fd4,0b2cf0c058dce696de3c3c8bb38b2a68aa4db9a0,持卡人消费,超市商务子系统,-9.0,56.11,3151,正常
2016/04/13 18:27:27,455b7f0008485b3a00ad884e90d76848bd118fd4,0b2cf0c058dce696de3c3c8bb38b2a68aa4db9a0,持卡人消费,超市商务子系统,-19.4,36.71,3152,正常
2016/04/13 18:44:30,455b7f0008485b3a00ad884e90d76848bd118fd4,0b2cf0c058dce696de3c3c8bb38b2a68aa4db9a0,持卡人消费,游泳馆,-6.0,30.71,3153,正常
2016/04/14 13:53:08,455b7f0008485b3a00ad884e90d76848bd118fd4,0b2cf0c058dce696de3c3c8bb38b2a68aa4db9a0,持卡人消费,学子便利店A01后楼,-2.6,28.11,3154,正常
2016/04/14 15:40:31,455b7f0008485b3a00ad884e90d76848bd118fd4,0b2cf0c058dce696de3c3c8bb38b2a68aa4db9a0,持卡人消费,游泳馆,-6.0,22.11,3155,正常
2016/04/15 11:17:29,455b7f0008485b3a00ad884e90d76848bd118fd4,0b2cf0c058dce696de3c3c8bb38b2a68aa4db9a0,持卡人消费,学苑楼商务网关,-8.0,14.11,3156,正常
2016/04/15 11:32:28,455b7f0008485b3a00ad884e90d76848bd118fd4,0b2cf0c058dce696de3c3c8bb38b2a68aa4db9a0,存款,学苑楼综合业务2,100.0,114.11,3157,正常
2016/04/15 14:32:39,455b7f0008485b3a00ad884e90d76848bd118fd4,0b2cf0c058dce696de3c3c8bb38b2a68aa4db9a0,持卡人消费,游泳馆,-6.0,108.11,3158,正常
2016/04/16 19:10:04,455b7f0008485b3a00ad884e90d76848bd118fd4,0b2cf0c058dce696de3c3c8bb38b2a68aa4db9a0,持卡人消费,超市商务子系统,-19.9,88.21,3159,正常
2016/04/16 19:35:51,455b7f0008485b3a00ad884e90d76848bd118fd4,0b2cf0c058dce696de3c3c8bb38b2a68aa4db9a0,持卡人消费,15公寓浴池,-0.86,87.35,3161,正常
2016/04/16 19:41:56,455b7f0008485b3a00ad884e90d76848bd118fd4,0b2cf0c058dce696de3c3c8bb38b2a68aa4db9a0,持卡人消费,15公寓浴池,-1.1,86.25,3163,正常
2016/04/17 08:58:42,455b7f0008485b3a00ad884e90d76848bd118fd4,0b2cf0c058dce696de3c3c8bb38b2a68aa4db9a0,持卡人消费,学子便利店A01后楼,-1.2,85.05,3164,正常
2016/04/17 11:16:31,455b7f0008485b3a00ad884e90d76848bd118fd4,0b2cf0c058dce696de3c3c8bb38b2a68aa4db9a0,持卡人消费,学士楼商务网关,-4.6,80.45,3165,正常
2016/04/17 20:27:16,455b7f0008485b3a00ad884e90d76848bd118fd4,0b2cf0c058dce696de3c3c8bb38b2a68aa4db9a0,持卡人消费,15公寓浴池,-2.0,78.45,3166,正常
2016/04/17 20:32:00,455b7f0008485b3a00ad884e90d76848bd118fd4,0b2cf0c058dce696de3c3c8bb38b2a68aa4db9a0,持卡人消费,15公寓浴池,-0.86,77.59,3167,正常
2016/04/17 20:47:19,455b7f0008485b3a00ad884e90d76848bd118fd4,0b2cf0c058dce696de3c3c8bb38b2a68aa4db9a0,持卡人消费,学子便利店A01后楼,-3.9,73.69,3168,正常
2016/04/18 11:48:24,455b7f0008485b3a00ad884e90d76848bd118fd4,0b2cf0c058dce696de3c3c8bb38b2a68aa4db9a0,持卡人消费,超市商务子系统,-3.0,70.69,3169,正常
2016/04/18 14:44:13,455b7f0008485b3a00ad884e90d76848bd118fd4,0b2cf0c058dce696de3c3c8bb38b2a68aa4db9a0,持卡人消费,游泳馆,-6.0,64.69,3170,正常
2016/04/19 09:38:49,455b7f0008485b3a00ad884e90d76848bd118fd4,0b2cf0c058dce696de3c3c8bb38b2a68aa4db9a0,持卡人消费,学子便利店A01后楼,-3.2,61.49,3171,正常
2016/04/19 10:03:46,455b7f0008485b3a00ad884e90d76848bd118fd4,0b2cf0c058dce696de3c3c8bb38b2a68aa4db9a0,持卡人消费,游泳馆,-6.0,55.49,3172,正常
2016/04/19 14:13:26,455b7f0008485b3a00ad884e90d76848bd118fd4,0b2cf0c058dce696de3c3c8bb38b2a68aa4db9a0,持卡人消费,学子便利店A01后楼,-4.9,50.59,3173,正常
2016/04/19 18:14:34,455b7f0008485b3a00ad884e90d76848bd118fd4,0b2cf0c058dce696de3c3c8bb38b2a68aa4db9a0,持卡人消费,硕果园（工大商店）,-12.0,38.59,3174,正常
2016/04/19 18:34:21,455b7f0008485b3a00ad884e90d76848bd118fd4,0b2cf0c058dce696de3c3c8bb38b2a68aa4db9a0,存款,学苑楼综合业务2,100.0,138.59,3175,正常
2016/04/19 18:45:40,455b7f0008485b3a00ad884e90d76848bd118fd4,0b2cf0c058dce696de3c3c8bb38b2a68aa4db9a0,持卡人消费,超市商务子系统,-4.0,134.59,3176,正常
2016/04/19 18:49:40,455b7f0008485b3a00ad884e90d76848bd118fd4,0b2cf0c058dce696de3c3c8bb38b2a68aa4db9a0,持卡人消费,超市商务子系统,-20.6,113.99,3177,正常
2016/04/20 09:34:45,455b7f0008485b3a00ad884e90d76848bd118fd4,0b2cf0c058dce696de3c3c8bb38b2a68aa4db9a0,持卡人消费,游泳馆,-6.0,107.99,3178,正常
2016/04/20 14:50:43,455b7f0008485b3a00ad884e90d76848bd118fd4,0b2cf0c058dce696de3c3c8bb38b2a68aa4db9a0,持卡人消费,身份前置机,-0.14,107.85,3179,正常
2016/04/20 19:34:12,455b7f0008485b3a00ad884e90d76848bd118fd4,0b2cf0c058dce696de3c3c8bb38b2a68aa4db9a0,持卡人消费,学子便利店A01后楼,-12.0,95.85,3180,正常
2016/04/21 10:26:36,455b7f0008485b3a00ad884e90d76848bd118fd4,0b2cf0c058dce696de3c3c8bb38b2a68aa4db9a0,持卡人消费,游泳馆,-6.0,89.85,3181,正常
2016/04/21 16:47:18,455b7f0008485b3a00ad884e90d76848bd118fd4,0b2cf0c058dce696de3c3c8bb38b2a68aa4db9a0,持卡人消费,游泳馆,-6.0,83.85,3182,正常
2016/04/22 10:26:12,455b7f0008485b3a00ad884e90d76848bd118fd4,0b2cf0c058dce696de3c3c8bb38b2a68aa4db9a0,持卡人消费,游泳馆,-6.0,77.85,3183,正常
2016/04/22 12:41:20,455b7f0008485b3a00ad884e90d76848bd118fd4,0b2cf0c058dce696de3c3c8bb38b2a68aa4db9a0,持卡人消费,学子便利店A01后楼,-5.2,72.65,3184,正常
2016/04/22 16:09:21,455b7f0008485b3a00ad884e90d76848bd118fd4,0b2cf0c058dce696de3c3c8bb38b2a68aa4db9a0,持卡人消费,学子便利店A01后楼,-3.9,68.75,3185,正常
2016/04/23 09:59:48,455b7f0008485b3a00ad884e90d76848bd118fd4,0b2cf0c058dce696de3c3c8bb38b2a68aa4db9a0,持卡人消费,学子便利店A01后楼,-1.3,67.45,3186,正常
2016/04/23 10:10:07,455b7f0008485b3a00ad884e90d76848bd118fd4,0b2cf0c058dce696de3c3c8bb38b2a68aa4db9a0,持卡人消费,游泳馆,-6.0,61.45,3187,正常
2016/04/24 09:56:50,455b7f0008485b3a00ad884e90d76848bd118fd4,0b2cf0c058dce696de3c3c8bb38b2a68aa4db9a0,持卡人消费,游泳馆,-6.0,55.45,3188,正常
2016/04/24 17:57:03,455b7f0008485b3a00ad884e90d76848bd118fd4,0b2cf0c058dce696de3c3c8bb38b2a68aa4db9a0,存款,学苑楼综合业务3,100.0,155.45,3189,正常
2016/04/24 18:41:04,455b7f0008485b3a00ad884e90d76848bd118fd4,0b2cf0c058dce696de3c3c8bb38b2a68aa4db9a0,持卡人消费,学子便利店A01后楼,-2.6,152.85,3190,正常
2016/04/25 09:55:50,455b7f0008485b3a00ad884e90d76848bd118fd4,0b2cf0c058dce696de3c3c8bb38b2a68aa4db9a0,持卡人消费,学子便利店A01后楼,-1.3,151.55,3191,正常
2016/04/25 10:05:56,455b7f0008485b3a00ad884e90d76848bd118fd4,0b2cf0c058dce696de3c3c8bb38b2a68aa4db9a0,持卡人消费,游泳馆,-6.0,145.55,3192,正常
2016/04/25 12:19:47,455b7f0008485b3a00ad884e90d76848bd118fd4,0b2cf0c058dce696de3c3c8bb38b2a68aa4db9a0,持卡人消费,学子便利店A01后楼,-5.2,140.35,3193,正常
2016/04/25 16:22:04,455b7f0008485b3a00ad884e90d76848bd118fd4,0b2cf0c058dce696de3c3c8bb38b2a68aa4db9a0,持卡人消费,超市商务子系统,-7.9,132.45,3194,正常
2016/04/25 22:01:58,455b7f0008485b3a00ad884e90d76848bd118fd4,0b2cf0c058dce696de3c3c8bb38b2a68aa4db9a0,持卡人消费,学子便利店A01后楼,-4.5,127.95,3195,正常
2016/04/26 16:31:37,455b7f0008485b3a00ad884e90d76848bd118fd4,0b2cf0c058dce696de3c3c8bb38b2a68aa4db9a0,持卡人消费,超市商务子系统,-13.5,114.45,3196,正常
2016/04/26 17:02:22,455b7f0008485b3a00ad884e90d76848bd118fd4,0b2cf0c058dce696de3c3c8bb38b2a68aa4db9a0,持卡人消费,游泳馆,-6.0,108.45,3197,正常
2016/04/27 08:47:02,455b7f0008485b3a00ad884e90d76848bd118fd4,0b2cf0c058dce696de3c3c8bb38b2a68aa4db9a0,持卡人消费,学子便利店A01后楼,-1.3,107.15,3198,正常
2016/04/27 11:36:15,455b7f0008485b3a00ad884e90d76848bd118fd4,0b2cf0c058dce696de3c3c8bb38b2a68aa4db9a0,持卡人消费,学士楼商务网关,-2.4,104.75,3199,正常
2016/04/27 17:41:50,455b7f0008485b3a00ad884e90d76848bd118fd4,0b2cf0c058dce696de3c3c8bb38b2a68aa4db9a0,持卡人消费,游泳馆,-6.0,98.75,3200,正常
2016/04/27 19:33:33,455b7f0008485b3a00ad884e90d76848bd118fd4,0b2cf0c058dce696de3c3c8bb38b2a68aa4db9a0,持卡人消费,学子便利店A01后楼,-4.3,94.45,3201,正常
2016/04/28 07:59:36,455b7f0008485b3a00ad884e90d76848bd118fd4,0b2cf0c058dce696de3c3c8bb38b2a68aa4db9a0,持卡人消费,学苑楼商务网关,-3.6,90.85,3202,正常
2016/04/28 13:23:13,455b7f0008485b3a00ad884e90d76848bd118fd4,0b2cf0c058dce696de3c3c8bb38b2a68aa4db9a0,持卡人消费,学子便利店A01后楼,-5.5,85.35,3203,正常
2016/04/28 16:03:45,455b7f0008485b3a00ad884e90d76848bd118fd4,0b2cf0c058dce696de3c3c8bb38b2a68aa4db9a0,持卡人消费,游泳馆,-6.0,79.35,3204,正常
2016/04/28 17:30:50,455b7f0008485b3a00ad884e90d76848bd118fd4,0b2cf0c058dce696de3c3c8bb38b2a68aa4db9a0,持卡人消费,学子便利店A01后楼,-3.9,75.45,3205,正常
2016/04/28 21:26:43,455b7f0008485b3a00ad884e90d76848bd118fd4,0b2cf0c058dce696de3c3c8bb38b2a68aa4db9a0,持卡人消费,学子便利店A01后楼,-3.9,71.55,3206,正常
2016/04/29 09:14:39,455b7f0008485b3a00ad884e90d76848bd118fd4,0b2cf0c058dce696de3c3c8bb38b2a68aa4db9a0,持卡人消费,超市商务子系统,-9.9,61.65,3207,正常
2016/04/29 17:06:17,455b7f0008485b3a00ad884e90d76848bd118fd4,0b2cf0c058dce696de3c3c8bb38b2a68aa4db9a0,持卡人消费,游泳馆,-6.0,55.65,3208,正常
