交易发生时间,学号,姓名,交易类型,子系统名称,交易额,现有余额,次数,状态
2016/04/01 11:40:28,2a2bc2b8853096f6720812b80c7756d4af030914,0b335bd67389a55974d71d6f0f7e1bbebaa37fa2,持卡人消费,五食堂商务网关,-7.0,33.41,2679,正常
2016/04/01 11:43:06,2a2bc2b8853096f6720812b80c7756d4af030914,0b335bd67389a55974d71d6f0f7e1bbebaa37fa2,持卡人消费,五食堂商务网关,-6.0,27.41,2680,正常
2016/04/02 15:40:31,2a2bc2b8853096f6720812b80c7756d4af030914,0b335bd67389a55974d71d6f0f7e1bbebaa37fa2,持卡人消费,学子便利店B07,-4.5,22.91,2681,正常
2016/04/05 11:34:22,2a2bc2b8853096f6720812b80c7756d4af030914,0b335bd67389a55974d71d6f0f7e1bbebaa37fa2,持卡人消费,九食堂商务网关,-9.0,13.91,2682,正常
2016/04/05 11:36:30,2a2bc2b8853096f6720812b80c7756d4af030914,0b335bd67389a55974d71d6f0f7e1bbebaa37fa2,持卡人消费,九食堂商务网关,-1.0,12.91,2683,正常
2016/04/05 12:38:32,2a2bc2b8853096f6720812b80c7756d4af030914,0b335bd67389a55974d71d6f0f7e1bbebaa37fa2,持卡人消费,二区水控,-1.89,11.02,2685,正常
2016/04/07 11:22:35,2a2bc2b8853096f6720812b80c7756d4af030914,0b335bd67389a55974d71d6f0f7e1bbebaa37fa2,持卡人消费,九食堂商务网关,-3.0,8.02,2686,正常
2016/04/07 11:25:35,2a2bc2b8853096f6720812b80c7756d4af030914,0b335bd67389a55974d71d6f0f7e1bbebaa37fa2,持卡人消费,九食堂商务网关,-0.6,7.42,2687,正常
2016/04/13 20:08:44,2a2bc2b8853096f6720812b80c7756d4af030914,0b335bd67389a55974d71d6f0f7e1bbebaa37fa2,持卡人消费,学子便利店B07,-1.8,5.62,2688,正常
2016/04/16 21:47:25,2a2bc2b8853096f6720812b80c7756d4af030914,0b335bd67389a55974d71d6f0f7e1bbebaa37fa2,持卡人消费,学子便利店B07,-2.3,3.32,2689,正常
2016/04/18 11:10:43,2a2bc2b8853096f6720812b80c7756d4af030914,0b335bd67389a55974d71d6f0f7e1bbebaa37fa2,持卡人消费,五食堂商务网关,-13.0,40.32,2691,正常
2016/04/18 11:33:04,2a2bc2b8853096f6720812b80c7756d4af030914,0b335bd67389a55974d71d6f0f7e1bbebaa37fa2,持卡人消费,学子便利店B05,-10.0,30.32,2692,正常
2016/04/18 12:28:55,2a2bc2b8853096f6720812b80c7756d4af030914,0b335bd67389a55974d71d6f0f7e1bbebaa37fa2,持卡人消费,学子便利店B07,-13.1,17.22,2693,正常
2016/04/30 11:37:31,2a2bc2b8853096f6720812b80c7756d4af030914,0b335bd67389a55974d71d6f0f7e1bbebaa37fa2,存款,现金充值机,100.0,117.22,2694,正常
2016/04/30 11:40:11,2a2bc2b8853096f6720812b80c7756d4af030914,0b335bd67389a55974d71d6f0f7e1bbebaa37fa2,持卡人消费,五食堂商务网关,-7.0,110.22,2695,正常
2016/04/30 11:42:48,2a2bc2b8853096f6720812b80c7756d4af030914,0b335bd67389a55974d71d6f0f7e1bbebaa37fa2,持卡人消费,五食堂商务网关,-6.0,104.22,2696,正常
2016/04/30 12:19:31,2a2bc2b8853096f6720812b80c7756d4af030914,0b335bd67389a55974d71d6f0f7e1bbebaa37fa2,持卡人消费,网络中心,-30.0,74.22,2697,正常
2016/04/30 15:38:19,2a2bc2b8853096f6720812b80c7756d4af030914,0b335bd67389a55974d71d6f0f7e1bbebaa37fa2,持卡人消费,学子便利店B07,-4.5,69.72,2698,正常
