交易发生时间,学号,姓名,交易类型,子系统名称,交易额,现有余额,次数,状态
2016/04/01 19:38:39,ba4c0bac18c154b73bd5c56276499eac081b9582,0b8a99346babb6b95c374daf669c384290ecc10b,持卡人消费,一校区水控新,-0.67,86.72,5793,正常
2016/04/01 19:43:23,ba4c0bac18c154b73bd5c56276499eac081b9582,0b8a99346babb6b95c374daf669c384290ecc10b,持卡人消费,一校区水控新,-0.49,86.23,5794,正常
2016/04/01 19:56:22,ba4c0bac18c154b73bd5c56276499eac081b9582,0b8a99346babb6b95c374daf669c384290ecc10b,持卡人消费,A1,-3.0,83.23,5795,正常
2016/04/03 16:33:26,ba4c0bac18c154b73bd5c56276499eac081b9582,0b8a99346babb6b95c374daf669c384290ecc10b,持卡人消费,硕果园（工大商店）,-9.0,74.23,5796,正常
2016/04/05 14:29:45,ba4c0bac18c154b73bd5c56276499eac081b9582,0b8a99346babb6b95c374daf669c384290ecc10b,持卡人消费,一校区水控新,-0.59,73.64,5798,正常
2016/04/05 14:35:19,ba4c0bac18c154b73bd5c56276499eac081b9582,0b8a99346babb6b95c374daf669c384290ecc10b,持卡人消费,一校区水控新,-0.62,73.02,5800,正常
2016/04/07 15:07:24,ba4c0bac18c154b73bd5c56276499eac081b9582,0b8a99346babb6b95c374daf669c384290ecc10b,持卡人消费,一校区水控新,-0.59,72.43,5802,正常
2016/04/07 15:12:17,ba4c0bac18c154b73bd5c56276499eac081b9582,0b8a99346babb6b95c374daf669c384290ecc10b,持卡人消费,一校区水控新,-0.56,71.87,5804,正常
2016/04/07 15:12:41,ba4c0bac18c154b73bd5c56276499eac081b9582,0b8a99346babb6b95c374daf669c384290ecc10b,持卡人消费,一校区水控新,-0.03,71.84,5806,正常
2016/04/08 17:25:58,ba4c0bac18c154b73bd5c56276499eac081b9582,0b8a99346babb6b95c374daf669c384290ecc10b,持卡人消费,学苑楼商务网关,-8.8,63.04,5807,正常
2016/04/09 12:07:43,ba4c0bac18c154b73bd5c56276499eac081b9582,0b8a99346babb6b95c374daf669c384290ecc10b,持卡人消费,学苑楼商务网关,-8.0,55.04,5808,正常
2016/04/09 18:01:29,ba4c0bac18c154b73bd5c56276499eac081b9582,0b8a99346babb6b95c374daf669c384290ecc10b,持卡人消费,硕果园（工大商店）,-10.0,45.04,5809,正常
2016/04/09 20:40:26,ba4c0bac18c154b73bd5c56276499eac081b9582,0b8a99346babb6b95c374daf669c384290ecc10b,持卡人消费,一校区水控新,-2.0,43.04,5810,正常
2016/04/09 20:40:14,ba4c0bac18c154b73bd5c56276499eac081b9582,0b8a99346babb6b95c374daf669c384290ecc10b,持卡人消费,一校区水控新,-0.5,42.54,5812,正常
2016/04/09 20:46:10,ba4c0bac18c154b73bd5c56276499eac081b9582,0b8a99346babb6b95c374daf669c384290ecc10b,持卡人消费,一校区水控新,-0.73,39.81,5814,正常
2016/04/09 20:46:12,ba4c0bac18c154b73bd5c56276499eac081b9582,0b8a99346babb6b95c374daf669c384290ecc10b,持卡人消费,一校区水控新,-0.91,40.90,5815,正常
2016/04/10 11:50:00,ba4c0bac18c154b73bd5c56276499eac081b9582,0b8a99346babb6b95c374daf669c384290ecc10b,持卡人消费,学苑楼商务网关,-3.0,37.90,5816,正常
2016/04/10 11:51:02,ba4c0bac18c154b73bd5c56276499eac081b9582,0b8a99346babb6b95c374daf669c384290ecc10b,持卡人消费,学苑楼商务网关,-2.0,35.90,5817,正常
2016/04/10 11:51:18,ba4c0bac18c154b73bd5c56276499eac081b9582,0b8a99346babb6b95c374daf669c384290ecc10b,持卡人消费,学苑楼商务网关,-0.8,35.10,5818,正常
2016/04/11 11:38:56,ba4c0bac18c154b73bd5c56276499eac081b9582,0b8a99346babb6b95c374daf669c384290ecc10b,持卡人消费,A1,-3.0,32.10,5819,正常
2016/04/12 12:11:22,ba4c0bac18c154b73bd5c56276499eac081b9582,0b8a99346babb6b95c374daf669c384290ecc10b,持卡人消费,硕果园（工大商店）,-12.0,20.10,5820,正常
2016/04/12 12:11:54,ba4c0bac18c154b73bd5c56276499eac081b9582,0b8a99346babb6b95c374daf669c384290ecc10b,持卡人消费,硕果园（工大商店）,-10.0,10.10,5821,正常
2016/04/13 20:26:44,ba4c0bac18c154b73bd5c56276499eac081b9582,0b8a99346babb6b95c374daf669c384290ecc10b,持卡人消费,一校区水控新,-0.59,9.51,5823,正常
2016/04/13 20:31:21,ba4c0bac18c154b73bd5c56276499eac081b9582,0b8a99346babb6b95c374daf669c384290ecc10b,持卡人消费,一校区水控新,-0.45,9.06,5825,正常
2016/04/13 20:31:54,ba4c0bac18c154b73bd5c56276499eac081b9582,0b8a99346babb6b95c374daf669c384290ecc10b,持卡人消费,一校区水控新,-0.01,7.05,5827,正常
2016/04/13 20:33:03,ba4c0bac18c154b73bd5c56276499eac081b9582,0b8a99346babb6b95c374daf669c384290ecc10b,持卡人消费,一校区水控新,-0.24,8.81,5828,正常
2016/04/15 12:51:21,ba4c0bac18c154b73bd5c56276499eac081b9582,0b8a99346babb6b95c374daf669c384290ecc10b,持卡人消费,A1,-6.0,2.81,5829,正常
2016/04/16 20:27:50,ba4c0bac18c154b73bd5c56276499eac081b9582,0b8a99346babb6b95c374daf669c384290ecc10b,持卡人消费,一校区水控新,-0.02,2.79,5831,正常
2016/04/16 20:30:45,ba4c0bac18c154b73bd5c56276499eac081b9582,0b8a99346babb6b95c374daf669c384290ecc10b,持卡人消费,一校区水控新,-0.5,2.29,5833,正常
2016/04/16 20:37:47,ba4c0bac18c154b73bd5c56276499eac081b9582,0b8a99346babb6b95c374daf669c384290ecc10b,持卡人消费,一校区水控新,-0.96,1.33,5835,正常
2016/04/19 16:48:54,ba4c0bac18c154b73bd5c56276499eac081b9582,0b8a99346babb6b95c374daf669c384290ecc10b,存款,学苑楼综合业务2,50.0,51.33,5836,正常
2016/04/19 16:53:32,ba4c0bac18c154b73bd5c56276499eac081b9582,0b8a99346babb6b95c374daf669c384290ecc10b,持卡人消费,硕果园（工大商店）,-10.0,41.33,5837,正常
2016/04/19 16:54:11,ba4c0bac18c154b73bd5c56276499eac081b9582,0b8a99346babb6b95c374daf669c384290ecc10b,持卡人消费,硕果园（工大商店）,-8.0,33.33,5838,正常
2016/04/19 17:45:12,ba4c0bac18c154b73bd5c56276499eac081b9582,0b8a99346babb6b95c374daf669c384290ecc10b,持卡人消费,一校区水控新,-0.67,32.66,5840,正常
2016/04/19 17:51:01,ba4c0bac18c154b73bd5c56276499eac081b9582,0b8a99346babb6b95c374daf669c384290ecc10b,持卡人消费,一校区水控新,-0.64,32.02,5842,正常
2016/04/19 17:52:18,ba4c0bac18c154b73bd5c56276499eac081b9582,0b8a99346babb6b95c374daf669c384290ecc10b,持卡人消费,一校区水控新,-0.21,31.81,5844,正常
2016/04/19 17:54:22,ba4c0bac18c154b73bd5c56276499eac081b9582,0b8a99346babb6b95c374daf669c384290ecc10b,持卡人消费,一校区水控新,-0.02,31.79,5846,正常
2016/04/22 19:45:05,ba4c0bac18c154b73bd5c56276499eac081b9582,0b8a99346babb6b95c374daf669c384290ecc10b,持卡人消费,一校区水控新,-0.56,31.23,5848,正常
2016/04/22 19:53:52,ba4c0bac18c154b73bd5c56276499eac081b9582,0b8a99346babb6b95c374daf669c384290ecc10b,持卡人消费,一校区水控新,-1.25,29.98,5850,正常
2016/04/24 19:48:31,ba4c0bac18c154b73bd5c56276499eac081b9582,0b8a99346babb6b95c374daf669c384290ecc10b,持卡人消费,一校区水控新,-0.56,29.42,5852,正常
2016/04/24 19:55:25,ba4c0bac18c154b73bd5c56276499eac081b9582,0b8a99346babb6b95c374daf669c384290ecc10b,持卡人消费,一校区水控新,-0.85,28.57,5854,正常
2016/04/29 17:46:56,ba4c0bac18c154b73bd5c56276499eac081b9582,0b8a99346babb6b95c374daf669c384290ecc10b,持卡人消费,一校区水控新,-0.75,27.82,5856,正常
2016/04/29 17:53:45,ba4c0bac18c154b73bd5c56276499eac081b9582,0b8a99346babb6b95c374daf669c384290ecc10b,持卡人消费,一校区水控新,-0.85,26.97,5858,正常
