交易发生时间,学号,姓名,交易类型,子系统名称,交易额,现有余额,次数,状态
2016/04/01 11:58:09,5be48f2bc6a57897456231b6db104577b35fc0fd,0bf35b43c581f41245808f5d1bc1af71273694c5,持卡人消费,土木楼网关,-2.0,98.55,3271,正常
2016/04/01 11:58:55,5be48f2bc6a57897456231b6db104577b35fc0fd,0bf35b43c581f41245808f5d1bc1af71273694c5,持卡人消费,土木楼网关,-0.5,98.05,3272,正常
2016/04/01 11:59:57,5be48f2bc6a57897456231b6db104577b35fc0fd,0bf35b43c581f41245808f5d1bc1af71273694c5,持卡人消费,土木楼网关,-9.8,88.25,3273,正常
2016/04/06 11:43:11,5be48f2bc6a57897456231b6db104577b35fc0fd,0bf35b43c581f41245808f5d1bc1af71273694c5,持卡人消费,土木楼网关,-5.0,83.25,3274,正常
2016/04/06 11:47:09,5be48f2bc6a57897456231b6db104577b35fc0fd,0bf35b43c581f41245808f5d1bc1af71273694c5,持卡人消费,土木楼网关,-9.0,74.25,3275,正常
2016/04/06 17:08:59,5be48f2bc6a57897456231b6db104577b35fc0fd,0bf35b43c581f41245808f5d1bc1af71273694c5,持卡人消费,学苑楼商务网关,-7.0,67.25,3276,正常
2016/04/06 17:12:33,5be48f2bc6a57897456231b6db104577b35fc0fd,0bf35b43c581f41245808f5d1bc1af71273694c5,持卡人消费,学苑楼商务网关,-10.0,57.25,3277,正常
2016/04/07 17:26:29,5be48f2bc6a57897456231b6db104577b35fc0fd,0bf35b43c581f41245808f5d1bc1af71273694c5,持卡人消费,学苑楼商务网关,-7.0,50.25,3278,正常
2016/04/07 17:56:46,5be48f2bc6a57897456231b6db104577b35fc0fd,0bf35b43c581f41245808f5d1bc1af71273694c5,持卡人消费,超市商务子系统,-20.8,29.45,3279,正常
2016/04/07 18:04:53,5be48f2bc6a57897456231b6db104577b35fc0fd,0bf35b43c581f41245808f5d1bc1af71273694c5,持卡人消费,超市商务子系统,-2.2,27.25,3280,正常
2016/04/10 20:56:44,5be48f2bc6a57897456231b6db104577b35fc0fd,0bf35b43c581f41245808f5d1bc1af71273694c5,持卡人消费,学子超市A05,-7.2,20.05,3281,正常
2016/04/28 12:53:58,5be48f2bc6a57897456231b6db104577b35fc0fd,0bf35b43c581f41245808f5d1bc1af71273694c5,持卡人消费,硕果园（工大商店）,-12.0,8.05,3282,正常
