交易发生时间,学号,姓名,交易类型,子系统名称,交易额,现有余额,次数,状态
2016/04/01 10:57:17,0fc33c6bcaa42da0eab1db31b7ddf753f6d4def8,0c7ce1008f84e574718827dad7f1be01995fd773,持卡人消费,九食堂商务网关,-8.5,88.76,4529,正常
2016/04/01 13:31:54,0fc33c6bcaa42da0eab1db31b7ddf753f6d4def8,0c7ce1008f84e574718827dad7f1be01995fd773,持卡人消费,B7,-3.0,85.76,4530,正常
2016/04/01 22:03:45,0fc33c6bcaa42da0eab1db31b7ddf753f6d4def8,0c7ce1008f84e574718827dad7f1be01995fd773,持卡人消费,学子便利店B07,-5.8,79.96,4531,正常
2016/04/02 12:32:44,0fc33c6bcaa42da0eab1db31b7ddf753f6d4def8,0c7ce1008f84e574718827dad7f1be01995fd773,持卡人消费,学子便利店B07,-6.1,73.86,4532,正常
2016/04/02 21:16:17,0fc33c6bcaa42da0eab1db31b7ddf753f6d4def8,0c7ce1008f84e574718827dad7f1be01995fd773,持卡人消费,学子便利店B07,-6.4,67.46,4533,正常
2016/04/03 15:31:32,0fc33c6bcaa42da0eab1db31b7ddf753f6d4def8,0c7ce1008f84e574718827dad7f1be01995fd773,持卡人消费,二区水控,-0.3,67.16,4535,正常
2016/04/03 15:35:33,0fc33c6bcaa42da0eab1db31b7ddf753f6d4def8,0c7ce1008f84e574718827dad7f1be01995fd773,持卡人消费,二区水控,-0.35,66.81,4537,正常
2016/04/03 15:40:07,0fc33c6bcaa42da0eab1db31b7ddf753f6d4def8,0c7ce1008f84e574718827dad7f1be01995fd773,持卡人消费,二区水控,-0.43,66.38,4539,正常
2016/04/03 16:06:12,0fc33c6bcaa42da0eab1db31b7ddf753f6d4def8,0c7ce1008f84e574718827dad7f1be01995fd773,持卡人消费,B7,-3.0,63.38,4540,正常
2016/04/03 19:20:32,0fc33c6bcaa42da0eab1db31b7ddf753f6d4def8,0c7ce1008f84e574718827dad7f1be01995fd773,持卡人消费,学子便利店B07,-8.8,54.58,4541,正常
2016/04/04 10:40:46,0fc33c6bcaa42da0eab1db31b7ddf753f6d4def8,0c7ce1008f84e574718827dad7f1be01995fd773,持卡人消费,学子便利店B07,-6.2,48.38,4542,正常
2016/04/15 21:02:16,0fc33c6bcaa42da0eab1db31b7ddf753f6d4def8,0c7ce1008f84e574718827dad7f1be01995fd773,持卡人消费,学子便利店B07,-10.0,38.38,4543,正常
2016/04/16 12:29:57,0fc33c6bcaa42da0eab1db31b7ddf753f6d4def8,0c7ce1008f84e574718827dad7f1be01995fd773,持卡人消费,学子便利店B07,-9.8,28.58,4544,正常
2016/04/16 14:29:23,0fc33c6bcaa42da0eab1db31b7ddf753f6d4def8,0c7ce1008f84e574718827dad7f1be01995fd773,持卡人消费,二区水控,-0.26,28.32,4546,正常
2016/04/16 14:33:27,0fc33c6bcaa42da0eab1db31b7ddf753f6d4def8,0c7ce1008f84e574718827dad7f1be01995fd773,持卡人消费,二区水控,-0.3,28.02,4548,正常
2016/04/16 14:39:49,0fc33c6bcaa42da0eab1db31b7ddf753f6d4def8,0c7ce1008f84e574718827dad7f1be01995fd773,持卡人消费,二区水控,-0.53,27.49,4550,正常
2016/04/16 14:41:50,0fc33c6bcaa42da0eab1db31b7ddf753f6d4def8,0c7ce1008f84e574718827dad7f1be01995fd773,持卡人消费,二区水控,-0.21,27.28,4552,正常
2016/04/16 15:30:21,0fc33c6bcaa42da0eab1db31b7ddf753f6d4def8,0c7ce1008f84e574718827dad7f1be01995fd773,持卡人消费,B7,-3.0,24.28,4553,正常
2016/04/16 21:49:42,0fc33c6bcaa42da0eab1db31b7ddf753f6d4def8,0c7ce1008f84e574718827dad7f1be01995fd773,持卡人消费,学子便利店B07,-10.5,13.78,4554,正常
2016/04/29 16:19:02,0fc33c6bcaa42da0eab1db31b7ddf753f6d4def8,0c7ce1008f84e574718827dad7f1be01995fd773,持卡人消费,B7,-3.0,10.78,4555,正常
2016/04/29 16:29:12,0fc33c6bcaa42da0eab1db31b7ddf753f6d4def8,0c7ce1008f84e574718827dad7f1be01995fd773,存款,现金充值机,100.0,110.78,4556,正常
2016/04/29 17:01:35,0fc33c6bcaa42da0eab1db31b7ddf753f6d4def8,0c7ce1008f84e574718827dad7f1be01995fd773,持卡人消费,九食堂商务网关,-3.1,107.68,4557,正常
2016/04/29 22:07:44,0fc33c6bcaa42da0eab1db31b7ddf753f6d4def8,0c7ce1008f84e574718827dad7f1be01995fd773,持卡人消费,学子便利店B07,-7.5,100.18,4558,正常
2016/04/30 20:26:38,0fc33c6bcaa42da0eab1db31b7ddf753f6d4def8,0c7ce1008f84e574718827dad7f1be01995fd773,持卡人消费,学子便利店B07,-9.7,90.48,4559,正常
