交易发生时间,学号,姓名,交易类型,子系统名称,交易额,现有余额,次数,状态
2016/04/18 18:30:52,de5d5ea02ba3eb2a51dd8c8970ba03c4d94ecda4,0cc314cec5cc69fcfda2f88c3b5a516439caf861,持卡人消费,硕果园（工大商店）,-5.0,63.33,3675,正常
2016/04/20 17:12:54,de5d5ea02ba3eb2a51dd8c8970ba03c4d94ecda4,0cc314cec5cc69fcfda2f88c3b5a516439caf861,持卡人消费,学士楼商务网关,-3.5,59.83,3676,正常
2016/04/20 17:16:54,de5d5ea02ba3eb2a51dd8c8970ba03c4d94ecda4,0cc314cec5cc69fcfda2f88c3b5a516439caf861,持卡人消费,学士楼商务网关,-3.0,56.83,3677,正常
2016/04/21 11:31:27,de5d5ea02ba3eb2a51dd8c8970ba03c4d94ecda4,0cc314cec5cc69fcfda2f88c3b5a516439caf861,持卡人消费,学苑楼商务网关,-6.0,50.83,3678,正常
2016/04/21 11:31:29,de5d5ea02ba3eb2a51dd8c8970ba03c4d94ecda4,0cc314cec5cc69fcfda2f88c3b5a516439caf861,持卡人消费,学苑楼商务网关,-6.0,44.83,3679,正常
2016/04/21 11:32:01,de5d5ea02ba3eb2a51dd8c8970ba03c4d94ecda4,0cc314cec5cc69fcfda2f88c3b5a516439caf861,持卡人消费,学苑楼商务网关,-2.0,42.83,3680,正常
2016/04/21 18:53:10,de5d5ea02ba3eb2a51dd8c8970ba03c4d94ecda4,0cc314cec5cc69fcfda2f88c3b5a516439caf861,持卡人消费,超市商务子系统,-4.8,38.03,3681,正常
2016/04/23 18:45:17,de5d5ea02ba3eb2a51dd8c8970ba03c4d94ecda4,0cc314cec5cc69fcfda2f88c3b5a516439caf861,持卡人消费,15公寓浴池,-1.76,36.27,3683,正常
2016/04/23 18:58:52,de5d5ea02ba3eb2a51dd8c8970ba03c4d94ecda4,0cc314cec5cc69fcfda2f88c3b5a516439caf861,持卡人消费,15公寓浴池,-2.0,34.27,3684,正常
2016/04/23 19:06:40,de5d5ea02ba3eb2a51dd8c8970ba03c4d94ecda4,0cc314cec5cc69fcfda2f88c3b5a516439caf861,持卡人消费,15公寓浴池,-1.47,32.80,3686,正常
2016/04/23 19:10:10,de5d5ea02ba3eb2a51dd8c8970ba03c4d94ecda4,0cc314cec5cc69fcfda2f88c3b5a516439caf861,持卡人消费,15公寓浴池,-0.29,32.51,3688,正常
2016/04/23 21:37:38,de5d5ea02ba3eb2a51dd8c8970ba03c4d94ecda4,0cc314cec5cc69fcfda2f88c3b5a516439caf861,持卡人消费,学子超市园丁总店,-0.2,32.31,3689,正常
2016/04/24 10:40:01,de5d5ea02ba3eb2a51dd8c8970ba03c4d94ecda4,0cc314cec5cc69fcfda2f88c3b5a516439caf861,持卡人消费,超市商务子系统,-5.7,26.61,3690,正常
2016/04/24 17:15:37,de5d5ea02ba3eb2a51dd8c8970ba03c4d94ecda4,0cc314cec5cc69fcfda2f88c3b5a516439caf861,持卡人消费,学苑楼商务网关,-12.0,14.61,3691,正常
2016/04/24 17:15:47,de5d5ea02ba3eb2a51dd8c8970ba03c4d94ecda4,0cc314cec5cc69fcfda2f88c3b5a516439caf861,持卡人消费,学苑楼商务网关,-8.0,6.61,3692,正常
