交易发生时间,学号,姓名,交易类型,子系统名称,交易额,现有余额,次数,状态
2016/04/01 08:00:49,50fc1a504b0a6934b62dfefcdf9c82b7e82824be,0cd90e99e9fac4120daa7ee0923e101f3ff8802d,持卡人消费,九食堂商务网关,-2.6,161.30,5072,正常
2016/04/01 08:01:24,50fc1a504b0a6934b62dfefcdf9c82b7e82824be,0cd90e99e9fac4120daa7ee0923e101f3ff8802d,持卡人消费,九食堂商务网关,-0.4,160.90,5073,正常
2016/04/02 16:26:37,50fc1a504b0a6934b62dfefcdf9c82b7e82824be,0cd90e99e9fac4120daa7ee0923e101f3ff8802d,持卡人消费,二区水控,-2.27,158.63,5075,正常
2016/04/02 17:16:17,50fc1a504b0a6934b62dfefcdf9c82b7e82824be,0cd90e99e9fac4120daa7ee0923e101f3ff8802d,持卡人消费,九食堂商务网关,-8.0,150.63,5076,正常
2016/04/03 08:22:32,50fc1a504b0a6934b62dfefcdf9c82b7e82824be,0cd90e99e9fac4120daa7ee0923e101f3ff8802d,持卡人消费,四食堂商务网关,-3.1,147.53,5077,正常
2016/04/03 11:16:02,50fc1a504b0a6934b62dfefcdf9c82b7e82824be,0cd90e99e9fac4120daa7ee0923e101f3ff8802d,持卡人消费,四食堂商务网关,-5.4,142.13,5078,正常
2016/04/03 16:49:01,50fc1a504b0a6934b62dfefcdf9c82b7e82824be,0cd90e99e9fac4120daa7ee0923e101f3ff8802d,持卡人消费,二区水控,-1.68,140.45,5080,正常
2016/04/04 07:59:37,50fc1a504b0a6934b62dfefcdf9c82b7e82824be,0cd90e99e9fac4120daa7ee0923e101f3ff8802d,持卡人消费,九食堂商务网关,-2.5,137.95,5081,正常
2016/04/04 08:02:01,50fc1a504b0a6934b62dfefcdf9c82b7e82824be,0cd90e99e9fac4120daa7ee0923e101f3ff8802d,持卡人消费,九食堂商务网关,-0.2,137.75,5082,正常
2016/04/04 11:25:10,50fc1a504b0a6934b62dfefcdf9c82b7e82824be,0cd90e99e9fac4120daa7ee0923e101f3ff8802d,持卡人消费,九食堂商务网关,-7.0,130.75,5083,正常
2016/04/04 17:13:51,50fc1a504b0a6934b62dfefcdf9c82b7e82824be,0cd90e99e9fac4120daa7ee0923e101f3ff8802d,持卡人消费,九食堂商务网关,-7.0,123.75,5084,正常
2016/04/05 11:21:35,50fc1a504b0a6934b62dfefcdf9c82b7e82824be,0cd90e99e9fac4120daa7ee0923e101f3ff8802d,持卡人消费,九食堂商务网关,-9.0,114.75,5085,正常
2016/04/05 17:15:22,50fc1a504b0a6934b62dfefcdf9c82b7e82824be,0cd90e99e9fac4120daa7ee0923e101f3ff8802d,持卡人消费,二区水控,-0.03,114.72,5087,正常
2016/04/05 17:23:50,50fc1a504b0a6934b62dfefcdf9c82b7e82824be,0cd90e99e9fac4120daa7ee0923e101f3ff8802d,持卡人消费,二区水控,-1.58,113.14,5088,正常
2016/04/05 17:38:34,50fc1a504b0a6934b62dfefcdf9c82b7e82824be,0cd90e99e9fac4120daa7ee0923e101f3ff8802d,持卡人消费,九食堂商务网关,-3.6,109.54,5089,正常
2016/04/06 08:11:14,50fc1a504b0a6934b62dfefcdf9c82b7e82824be,0cd90e99e9fac4120daa7ee0923e101f3ff8802d,持卡人消费,四食堂商务网关,-2.6,106.94,5090,正常
2016/04/06 08:11:40,50fc1a504b0a6934b62dfefcdf9c82b7e82824be,0cd90e99e9fac4120daa7ee0923e101f3ff8802d,持卡人消费,四食堂商务网关,-0.2,106.74,5091,正常
2016/04/06 11:16:53,50fc1a504b0a6934b62dfefcdf9c82b7e82824be,0cd90e99e9fac4120daa7ee0923e101f3ff8802d,持卡人消费,九食堂商务网关,-7.0,99.74,5092,正常
2016/04/06 17:11:57,50fc1a504b0a6934b62dfefcdf9c82b7e82824be,0cd90e99e9fac4120daa7ee0923e101f3ff8802d,持卡人消费,九食堂商务网关,-1.1,98.64,5093,正常
2016/04/06 17:12:37,50fc1a504b0a6934b62dfefcdf9c82b7e82824be,0cd90e99e9fac4120daa7ee0923e101f3ff8802d,持卡人消费,九食堂商务网关,-5.1,93.54,5094,正常
2016/04/06 18:08:08,50fc1a504b0a6934b62dfefcdf9c82b7e82824be,0cd90e99e9fac4120daa7ee0923e101f3ff8802d,持卡人消费,二区水控,-1.52,92.02,5096,正常
2016/04/07 08:11:05,50fc1a504b0a6934b62dfefcdf9c82b7e82824be,0cd90e99e9fac4120daa7ee0923e101f3ff8802d,持卡人消费,九食堂商务网关,-3.5,88.52,5097,正常
2016/04/07 08:11:47,50fc1a504b0a6934b62dfefcdf9c82b7e82824be,0cd90e99e9fac4120daa7ee0923e101f3ff8802d,持卡人消费,九食堂商务网关,-0.4,88.12,5098,正常
2016/04/07 11:42:56,50fc1a504b0a6934b62dfefcdf9c82b7e82824be,0cd90e99e9fac4120daa7ee0923e101f3ff8802d,持卡人消费,四食堂商务网关,-6.0,82.12,5099,正常
2016/04/07 17:19:08,50fc1a504b0a6934b62dfefcdf9c82b7e82824be,0cd90e99e9fac4120daa7ee0923e101f3ff8802d,持卡人消费,九食堂商务网关,-8.0,74.12,5100,正常
2016/04/08 08:29:33,50fc1a504b0a6934b62dfefcdf9c82b7e82824be,0cd90e99e9fac4120daa7ee0923e101f3ff8802d,持卡人消费,四食堂商务网关,-2.6,71.52,5101,正常
2016/04/08 08:30:19,50fc1a504b0a6934b62dfefcdf9c82b7e82824be,0cd90e99e9fac4120daa7ee0923e101f3ff8802d,持卡人消费,四食堂商务网关,-0.2,71.32,5102,正常
2016/04/08 11:18:12,50fc1a504b0a6934b62dfefcdf9c82b7e82824be,0cd90e99e9fac4120daa7ee0923e101f3ff8802d,持卡人消费,九食堂商务网关,-8.0,63.32,5103,正常
2016/04/08 17:17:51,50fc1a504b0a6934b62dfefcdf9c82b7e82824be,0cd90e99e9fac4120daa7ee0923e101f3ff8802d,持卡人消费,九食堂商务网关,-6.0,57.32,5104,正常
2016/04/08 17:18:54,50fc1a504b0a6934b62dfefcdf9c82b7e82824be,0cd90e99e9fac4120daa7ee0923e101f3ff8802d,持卡人消费,九食堂商务网关,-1.0,56.32,5105,正常
2016/04/08 17:31:37,50fc1a504b0a6934b62dfefcdf9c82b7e82824be,0cd90e99e9fac4120daa7ee0923e101f3ff8802d,持卡人消费,九食堂商务网关,-1.1,55.22,5106,正常
2016/04/09 08:08:03,50fc1a504b0a6934b62dfefcdf9c82b7e82824be,0cd90e99e9fac4120daa7ee0923e101f3ff8802d,持卡人消费,九食堂商务网关,-1.0,54.22,5107,正常
2016/04/09 08:08:10,50fc1a504b0a6934b62dfefcdf9c82b7e82824be,0cd90e99e9fac4120daa7ee0923e101f3ff8802d,持卡人消费,九食堂商务网关,-0.6,53.62,5108,正常
2016/04/09 08:08:36,50fc1a504b0a6934b62dfefcdf9c82b7e82824be,0cd90e99e9fac4120daa7ee0923e101f3ff8802d,持卡人消费,九食堂商务网关,-0.4,53.22,5109,正常
2016/04/09 11:36:00,50fc1a504b0a6934b62dfefcdf9c82b7e82824be,0cd90e99e9fac4120daa7ee0923e101f3ff8802d,持卡人消费,九食堂商务网关,-6.0,47.22,5110,正常
2016/04/09 15:01:23,50fc1a504b0a6934b62dfefcdf9c82b7e82824be,0cd90e99e9fac4120daa7ee0923e101f3ff8802d,持卡人消费,二区水控,-2.03,45.19,5112,正常
2016/04/10 11:32:41,50fc1a504b0a6934b62dfefcdf9c82b7e82824be,0cd90e99e9fac4120daa7ee0923e101f3ff8802d,持卡人消费,四食堂商务网关,-6.6,38.59,5113,正常
2016/04/10 17:30:44,50fc1a504b0a6934b62dfefcdf9c82b7e82824be,0cd90e99e9fac4120daa7ee0923e101f3ff8802d,持卡人消费,九食堂商务网关,-4.5,34.09,5114,正常
2016/04/11 08:21:36,50fc1a504b0a6934b62dfefcdf9c82b7e82824be,0cd90e99e9fac4120daa7ee0923e101f3ff8802d,持卡人消费,九食堂商务网关,-3.9,30.19,5115,正常
2016/04/11 08:23:23,50fc1a504b0a6934b62dfefcdf9c82b7e82824be,0cd90e99e9fac4120daa7ee0923e101f3ff8802d,持卡人消费,九食堂商务网关,-0.2,29.99,5116,正常
2016/04/11 07:53:26,50fc1a504b0a6934b62dfefcdf9c82b7e82824be,0cd90e99e9fac4120daa7ee0923e101f3ff8802d,存款,现金充值机,200.0,229.99,5117,正常
2016/04/11 11:31:30,50fc1a504b0a6934b62dfefcdf9c82b7e82824be,0cd90e99e9fac4120daa7ee0923e101f3ff8802d,持卡人消费,九食堂商务网关,-8.0,221.99,5118,正常
2016/04/11 11:49:57,50fc1a504b0a6934b62dfefcdf9c82b7e82824be,0cd90e99e9fac4120daa7ee0923e101f3ff8802d,持卡人消费,九食堂商务网关,-1.5,220.49,5119,正常
2016/04/11 18:44:18,50fc1a504b0a6934b62dfefcdf9c82b7e82824be,0cd90e99e9fac4120daa7ee0923e101f3ff8802d,持卡人消费,二区水控,-2.02,218.47,5121,正常
2016/04/11 19:39:41,50fc1a504b0a6934b62dfefcdf9c82b7e82824be,0cd90e99e9fac4120daa7ee0923e101f3ff8802d,持卡人消费,四食堂商务网关,-8.0,210.47,5122,正常
2016/04/11 19:42:14,50fc1a504b0a6934b62dfefcdf9c82b7e82824be,0cd90e99e9fac4120daa7ee0923e101f3ff8802d,持卡人消费,四食堂商务网关,-7.2,203.27,5123,正常
2016/04/11 19:43:27,50fc1a504b0a6934b62dfefcdf9c82b7e82824be,0cd90e99e9fac4120daa7ee0923e101f3ff8802d,持卡人消费,四食堂商务网关,-10.0,193.27,5124,正常
2016/04/12 08:40:45,50fc1a504b0a6934b62dfefcdf9c82b7e82824be,0cd90e99e9fac4120daa7ee0923e101f3ff8802d,持卡人消费,四食堂商务网关,-2.6,190.67,5125,正常
2016/04/12 11:27:43,50fc1a504b0a6934b62dfefcdf9c82b7e82824be,0cd90e99e9fac4120daa7ee0923e101f3ff8802d,持卡人消费,九食堂商务网关,-7.0,183.67,5126,正常
2016/04/12 17:14:39,50fc1a504b0a6934b62dfefcdf9c82b7e82824be,0cd90e99e9fac4120daa7ee0923e101f3ff8802d,持卡人消费,九食堂商务网关,-9.0,174.67,5127,正常
2016/04/13 07:59:15,50fc1a504b0a6934b62dfefcdf9c82b7e82824be,0cd90e99e9fac4120daa7ee0923e101f3ff8802d,持卡人消费,四食堂商务网关,-2.6,172.07,5128,正常
2016/04/13 11:41:23,50fc1a504b0a6934b62dfefcdf9c82b7e82824be,0cd90e99e9fac4120daa7ee0923e101f3ff8802d,持卡人消费,四食堂商务网关,-6.0,166.07,5129,正常
2016/04/13 17:05:58,50fc1a504b0a6934b62dfefcdf9c82b7e82824be,0cd90e99e9fac4120daa7ee0923e101f3ff8802d,持卡人消费,九食堂商务网关,-6.0,160.07,5130,正常
2016/04/13 17:07:17,50fc1a504b0a6934b62dfefcdf9c82b7e82824be,0cd90e99e9fac4120daa7ee0923e101f3ff8802d,持卡人消费,九食堂商务网关,-1.0,159.07,5131,正常
2016/04/13 17:23:45,50fc1a504b0a6934b62dfefcdf9c82b7e82824be,0cd90e99e9fac4120daa7ee0923e101f3ff8802d,持卡人消费,九食堂商务网关,-1.9,157.17,5132,正常
2016/04/14 07:43:52,50fc1a504b0a6934b62dfefcdf9c82b7e82824be,0cd90e99e9fac4120daa7ee0923e101f3ff8802d,持卡人消费,四食堂商务网关,-3.6,153.57,5133,正常
2016/04/14 11:32:57,50fc1a504b0a6934b62dfefcdf9c82b7e82824be,0cd90e99e9fac4120daa7ee0923e101f3ff8802d,持卡人消费,四食堂商务网关,-9.0,144.57,5134,正常
2016/04/14 17:05:43,50fc1a504b0a6934b62dfefcdf9c82b7e82824be,0cd90e99e9fac4120daa7ee0923e101f3ff8802d,持卡人消费,二区水控,-0.02,144.55,5136,正常
2016/04/14 17:18:43,50fc1a504b0a6934b62dfefcdf9c82b7e82824be,0cd90e99e9fac4120daa7ee0923e101f3ff8802d,持卡人消费,二区水控,-2.48,142.07,5138,正常
2016/04/14 17:39:07,50fc1a504b0a6934b62dfefcdf9c82b7e82824be,0cd90e99e9fac4120daa7ee0923e101f3ff8802d,持卡人消费,九食堂商务网关,-5.0,137.07,5139,正常
2016/04/15 08:27:41,50fc1a504b0a6934b62dfefcdf9c82b7e82824be,0cd90e99e9fac4120daa7ee0923e101f3ff8802d,持卡人消费,四食堂商务网关,-3.6,133.47,5140,正常
2016/04/15 11:40:33,50fc1a504b0a6934b62dfefcdf9c82b7e82824be,0cd90e99e9fac4120daa7ee0923e101f3ff8802d,持卡人消费,四食堂商务网关,-5.0,128.47,5141,正常
2016/04/16 11:06:35,50fc1a504b0a6934b62dfefcdf9c82b7e82824be,0cd90e99e9fac4120daa7ee0923e101f3ff8802d,持卡人消费,九食堂商务网关,-1.0,127.47,5142,正常
2016/04/16 11:08:05,50fc1a504b0a6934b62dfefcdf9c82b7e82824be,0cd90e99e9fac4120daa7ee0923e101f3ff8802d,持卡人消费,九食堂商务网关,-7.0,120.47,5143,正常
2016/04/16 11:28:29,50fc1a504b0a6934b62dfefcdf9c82b7e82824be,0cd90e99e9fac4120daa7ee0923e101f3ff8802d,持卡人消费,网络中心,-30.0,90.47,5144,正常
2016/04/16 17:32:38,50fc1a504b0a6934b62dfefcdf9c82b7e82824be,0cd90e99e9fac4120daa7ee0923e101f3ff8802d,持卡人消费,九食堂商务网关,-7.0,83.47,5145,正常
2016/04/16 20:36:46,50fc1a504b0a6934b62dfefcdf9c82b7e82824be,0cd90e99e9fac4120daa7ee0923e101f3ff8802d,持卡人消费,二区水控,-1.92,81.55,5147,正常
2016/04/17 08:10:47,50fc1a504b0a6934b62dfefcdf9c82b7e82824be,0cd90e99e9fac4120daa7ee0923e101f3ff8802d,持卡人消费,九食堂商务网关,-3.0,78.55,5148,正常
2016/04/17 11:04:19,50fc1a504b0a6934b62dfefcdf9c82b7e82824be,0cd90e99e9fac4120daa7ee0923e101f3ff8802d,持卡人消费,学苑楼商务网关,-7.6,70.95,5149,正常
2016/04/17 17:31:56,50fc1a504b0a6934b62dfefcdf9c82b7e82824be,0cd90e99e9fac4120daa7ee0923e101f3ff8802d,持卡人消费,九食堂商务网关,-4.0,66.95,5150,正常
2016/04/18 07:58:44,50fc1a504b0a6934b62dfefcdf9c82b7e82824be,0cd90e99e9fac4120daa7ee0923e101f3ff8802d,持卡人消费,九食堂商务网关,-3.0,63.95,5151,正常
2016/04/18 08:20:32,50fc1a504b0a6934b62dfefcdf9c82b7e82824be,0cd90e99e9fac4120daa7ee0923e101f3ff8802d,持卡人消费,学子便利店B07,-2.9,61.05,5152,正常
2016/04/18 11:21:05,50fc1a504b0a6934b62dfefcdf9c82b7e82824be,0cd90e99e9fac4120daa7ee0923e101f3ff8802d,持卡人消费,九食堂商务网关,-8.5,52.55,5153,正常
2016/04/18 16:58:30,50fc1a504b0a6934b62dfefcdf9c82b7e82824be,0cd90e99e9fac4120daa7ee0923e101f3ff8802d,持卡人消费,二区水控,-0.02,52.53,5155,正常
2016/04/18 17:07:45,50fc1a504b0a6934b62dfefcdf9c82b7e82824be,0cd90e99e9fac4120daa7ee0923e101f3ff8802d,持卡人消费,二区水控,-1.76,50.77,5157,正常
2016/04/18 17:20:50,50fc1a504b0a6934b62dfefcdf9c82b7e82824be,0cd90e99e9fac4120daa7ee0923e101f3ff8802d,持卡人消费,九食堂商务网关,-2.2,48.57,5158,正常
2016/04/18 17:22:18,50fc1a504b0a6934b62dfefcdf9c82b7e82824be,0cd90e99e9fac4120daa7ee0923e101f3ff8802d,持卡人消费,九食堂商务网关,-5.0,43.57,5159,正常
2016/04/18 17:23:30,50fc1a504b0a6934b62dfefcdf9c82b7e82824be,0cd90e99e9fac4120daa7ee0923e101f3ff8802d,持卡人消费,九食堂商务网关,-1.0,42.57,5160,正常
2016/04/19 09:41:14,50fc1a504b0a6934b62dfefcdf9c82b7e82824be,0cd90e99e9fac4120daa7ee0923e101f3ff8802d,持卡人消费,学子便利店B07,-3.6,38.97,5161,正常
2016/04/19 10:59:00,50fc1a504b0a6934b62dfefcdf9c82b7e82824be,0cd90e99e9fac4120daa7ee0923e101f3ff8802d,持卡人消费,九食堂商务网关,-8.0,30.97,5162,正常
2016/04/19 17:28:01,50fc1a504b0a6934b62dfefcdf9c82b7e82824be,0cd90e99e9fac4120daa7ee0923e101f3ff8802d,持卡人消费,九食堂商务网关,-14.0,16.97,5163,正常
2016/04/20 08:33:38,50fc1a504b0a6934b62dfefcdf9c82b7e82824be,0cd90e99e9fac4120daa7ee0923e101f3ff8802d,持卡人消费,四食堂商务网关,-2.0,14.97,5164,正常
2016/04/20 08:34:13,50fc1a504b0a6934b62dfefcdf9c82b7e82824be,0cd90e99e9fac4120daa7ee0923e101f3ff8802d,持卡人消费,四食堂商务网关,-0.2,14.77,5165,正常
2016/04/20 11:16:01,50fc1a504b0a6934b62dfefcdf9c82b7e82824be,0cd90e99e9fac4120daa7ee0923e101f3ff8802d,持卡人消费,九食堂商务网关,-9.0,5.77,5166,正常
2016/04/20 17:34:35,50fc1a504b0a6934b62dfefcdf9c82b7e82824be,0cd90e99e9fac4120daa7ee0923e101f3ff8802d,存款,2区卡中心综合业务,100.0,105.77,5167,正常
2016/04/20 17:37:09,50fc1a504b0a6934b62dfefcdf9c82b7e82824be,0cd90e99e9fac4120daa7ee0923e101f3ff8802d,持卡人消费,九食堂商务网关,-7.0,98.77,5168,正常
2016/04/21 08:12:43,50fc1a504b0a6934b62dfefcdf9c82b7e82824be,0cd90e99e9fac4120daa7ee0923e101f3ff8802d,持卡人消费,学子便利店B07,-5.7,93.07,5169,正常
2016/04/21 12:39:19,50fc1a504b0a6934b62dfefcdf9c82b7e82824be,0cd90e99e9fac4120daa7ee0923e101f3ff8802d,持卡人消费,四食堂商务网关,-8.0,85.07,5170,正常
2016/04/21 17:47:12,50fc1a504b0a6934b62dfefcdf9c82b7e82824be,0cd90e99e9fac4120daa7ee0923e101f3ff8802d,持卡人消费,九食堂商务网关,-1.9,83.17,5171,正常
2016/04/21 17:49:33,50fc1a504b0a6934b62dfefcdf9c82b7e82824be,0cd90e99e9fac4120daa7ee0923e101f3ff8802d,持卡人消费,九食堂商务网关,-7.0,76.17,5172,正常
2016/04/21 17:51:10,50fc1a504b0a6934b62dfefcdf9c82b7e82824be,0cd90e99e9fac4120daa7ee0923e101f3ff8802d,持卡人消费,九食堂商务网关,-1.0,75.17,5173,正常
2016/04/21 18:17:39,50fc1a504b0a6934b62dfefcdf9c82b7e82824be,0cd90e99e9fac4120daa7ee0923e101f3ff8802d,持卡人消费,二区水控,-0.13,72.04,5176,正常
2016/04/21 18:17:43,50fc1a504b0a6934b62dfefcdf9c82b7e82824be,0cd90e99e9fac4120daa7ee0923e101f3ff8802d,持卡人消费,二区水控,-0.03,75.01,5177,正常
2016/04/21 18:23:28,50fc1a504b0a6934b62dfefcdf9c82b7e82824be,0cd90e99e9fac4120daa7ee0923e101f3ff8802d,持卡人消费,二区水控,-1.06,73.95,5179,正常
2016/04/22 11:06:15,50fc1a504b0a6934b62dfefcdf9c82b7e82824be,0cd90e99e9fac4120daa7ee0923e101f3ff8802d,持卡人消费,九食堂商务网关,-9.0,64.95,5180,正常
2016/04/22 17:37:59,50fc1a504b0a6934b62dfefcdf9c82b7e82824be,0cd90e99e9fac4120daa7ee0923e101f3ff8802d,持卡人消费,九食堂商务网关,-8.0,56.95,5181,正常
2016/04/22 17:53:22,50fc1a504b0a6934b62dfefcdf9c82b7e82824be,0cd90e99e9fac4120daa7ee0923e101f3ff8802d,持卡人消费,九食堂商务网关,-2.3,54.65,5182,正常
2016/04/23 11:05:21,50fc1a504b0a6934b62dfefcdf9c82b7e82824be,0cd90e99e9fac4120daa7ee0923e101f3ff8802d,持卡人消费,九食堂商务网关,-11.0,43.65,5183,正常
2016/04/23 11:05:44,50fc1a504b0a6934b62dfefcdf9c82b7e82824be,0cd90e99e9fac4120daa7ee0923e101f3ff8802d,持卡人消费,九食堂商务网关,-9.0,34.65,5184,正常
2016/04/23 17:11:55,50fc1a504b0a6934b62dfefcdf9c82b7e82824be,0cd90e99e9fac4120daa7ee0923e101f3ff8802d,持卡人消费,二区水控,-1.66,32.99,5185,正常
2016/04/24 07:39:33,50fc1a504b0a6934b62dfefcdf9c82b7e82824be,0cd90e99e9fac4120daa7ee0923e101f3ff8802d,持卡人消费,九食堂商务网关,-3.0,29.99,5186,正常
2016/04/24 07:57:44,50fc1a504b0a6934b62dfefcdf9c82b7e82824be,0cd90e99e9fac4120daa7ee0923e101f3ff8802d,持卡人消费,学子便利店B07,-24.7,5.29,5187,正常
2016/04/30 12:04:09,50fc1a504b0a6934b62dfefcdf9c82b7e82824be,0cd90e99e9fac4120daa7ee0923e101f3ff8802d,持卡人消费,四食堂商务网关,-5.0,0.29,5188,正常
2016/04/30 16:54:30,50fc1a504b0a6934b62dfefcdf9c82b7e82824be,0cd90e99e9fac4120daa7ee0923e101f3ff8802d,存款,2区卡中心综合业务,100.0,100.29,5189,正常
2016/04/30 17:10:41,50fc1a504b0a6934b62dfefcdf9c82b7e82824be,0cd90e99e9fac4120daa7ee0923e101f3ff8802d,持卡人消费,二区水控,-2.43,97.86,5191,正常
2016/04/30 17:25:47,50fc1a504b0a6934b62dfefcdf9c82b7e82824be,0cd90e99e9fac4120daa7ee0923e101f3ff8802d,持卡人消费,四食堂商务网关,-1.4,96.46,5192,正常
2016/04/30 17:27:06,50fc1a504b0a6934b62dfefcdf9c82b7e82824be,0cd90e99e9fac4120daa7ee0923e101f3ff8802d,持卡人消费,四食堂商务网关,-5.0,91.46,5193,正常
