交易发生时间,学号,姓名,交易类型,子系统名称,交易额,现有余额,次数,状态
2016/04/04 15:17:01,26bdbdbb83ae9714e121d15ca57865045710b02d,0cdbcdc9befb5233a46343be1ad40683346f1fd9,持卡人消费,学子超市A05,-0.8,0.41,4355,正常
2016/04/07 18:47:37,26bdbdbb83ae9714e121d15ca57865045710b02d,0cdbcdc9befb5233a46343be1ad40683346f1fd9,存款,现金充值机,100.0,100.41,4356,正常
2016/04/07 20:05:05,26bdbdbb83ae9714e121d15ca57865045710b02d,0cdbcdc9befb5233a46343be1ad40683346f1fd9,持卡人消费,A5,-3.0,97.41,4357,正常
2016/04/07 20:06:18,26bdbdbb83ae9714e121d15ca57865045710b02d,0cdbcdc9befb5233a46343be1ad40683346f1fd9,持卡人消费,学子超市A05,-7.8,89.61,4358,正常
2016/04/07 20:26:15,26bdbdbb83ae9714e121d15ca57865045710b02d,0cdbcdc9befb5233a46343be1ad40683346f1fd9,持卡人消费,土木楼水控,-0.19,89.42,4360,正常
2016/04/07 20:34:50,26bdbdbb83ae9714e121d15ca57865045710b02d,0cdbcdc9befb5233a46343be1ad40683346f1fd9,持卡人消费,土木楼水控,-1.63,87.79,4362,正常
2016/04/09 17:25:04,26bdbdbb83ae9714e121d15ca57865045710b02d,0cdbcdc9befb5233a46343be1ad40683346f1fd9,持卡人消费,土木楼水控,-0.01,87.78,4363,正常
2016/04/09 17:25:19,26bdbdbb83ae9714e121d15ca57865045710b02d,0cdbcdc9befb5233a46343be1ad40683346f1fd9,持卡人消费,土木楼水控,-0.02,87.76,4365,正常
2016/04/09 17:25:32,26bdbdbb83ae9714e121d15ca57865045710b02d,0cdbcdc9befb5233a46343be1ad40683346f1fd9,持卡人消费,土木楼水控,-0.02,87.74,4367,正常
2016/04/09 17:25:47,26bdbdbb83ae9714e121d15ca57865045710b02d,0cdbcdc9befb5233a46343be1ad40683346f1fd9,持卡人消费,土木楼水控,-0.02,87.72,4369,正常
2016/04/09 17:38:44,26bdbdbb83ae9714e121d15ca57865045710b02d,0cdbcdc9befb5233a46343be1ad40683346f1fd9,持卡人消费,土木楼水控,-2.6,85.12,4371,正常
2016/04/10 13:38:26,26bdbdbb83ae9714e121d15ca57865045710b02d,0cdbcdc9befb5233a46343be1ad40683346f1fd9,持卡人消费,学子超市A05,-2.0,83.12,4372,正常
2016/04/11 18:52:07,26bdbdbb83ae9714e121d15ca57865045710b02d,0cdbcdc9befb5233a46343be1ad40683346f1fd9,持卡人消费,学子超市A05,-2.7,80.42,4373,正常
2016/04/11 18:52:34,26bdbdbb83ae9714e121d15ca57865045710b02d,0cdbcdc9befb5233a46343be1ad40683346f1fd9,持卡人消费,A5,-3.0,77.42,4374,正常
2016/04/12 13:26:25,26bdbdbb83ae9714e121d15ca57865045710b02d,0cdbcdc9befb5233a46343be1ad40683346f1fd9,持卡人消费,土木楼水控,-0.03,77.39,4375,正常
2016/04/12 13:26:36,26bdbdbb83ae9714e121d15ca57865045710b02d,0cdbcdc9befb5233a46343be1ad40683346f1fd9,持卡人消费,土木楼水控,-0.02,77.37,4377,正常
2016/04/12 13:33:43,26bdbdbb83ae9714e121d15ca57865045710b02d,0cdbcdc9befb5233a46343be1ad40683346f1fd9,持卡人消费,土木楼水控,-1.45,75.92,4379,正常
2016/04/13 20:11:58,26bdbdbb83ae9714e121d15ca57865045710b02d,0cdbcdc9befb5233a46343be1ad40683346f1fd9,持卡人消费,土木楼水控,-2.06,73.86,4381,正常
2016/04/13 20:22:23,26bdbdbb83ae9714e121d15ca57865045710b02d,0cdbcdc9befb5233a46343be1ad40683346f1fd9,持卡人消费,学子超市A05,-12.1,61.76,4382,正常
2016/04/15 15:26:21,26bdbdbb83ae9714e121d15ca57865045710b02d,0cdbcdc9befb5233a46343be1ad40683346f1fd9,持卡人消费,土木楼水控,-1.22,60.54,4384,正常
2016/04/15 15:33:01,26bdbdbb83ae9714e121d15ca57865045710b02d,0cdbcdc9befb5233a46343be1ad40683346f1fd9,持卡人消费,土木楼水控,-1.22,59.32,4386,正常
2016/04/15 15:59:27,26bdbdbb83ae9714e121d15ca57865045710b02d,0cdbcdc9befb5233a46343be1ad40683346f1fd9,持卡人消费,学子超市A05,-2.6,56.72,4387,正常
2016/04/16 15:03:53,26bdbdbb83ae9714e121d15ca57865045710b02d,0cdbcdc9befb5233a46343be1ad40683346f1fd9,持卡人消费,学子超市A05,-1.5,55.22,4388,正常
2016/04/16 20:40:41,26bdbdbb83ae9714e121d15ca57865045710b02d,0cdbcdc9befb5233a46343be1ad40683346f1fd9,持卡人消费,学子超市A05,-4.6,50.62,4389,正常
2016/04/17 18:31:50,26bdbdbb83ae9714e121d15ca57865045710b02d,0cdbcdc9befb5233a46343be1ad40683346f1fd9,持卡人消费,学子超市A05,-2.6,48.02,4390,正常
2016/04/18 10:56:43,26bdbdbb83ae9714e121d15ca57865045710b02d,0cdbcdc9befb5233a46343be1ad40683346f1fd9,持卡人消费,学子超市A05,-1.3,46.72,4391,正常
2016/04/18 18:22:52,26bdbdbb83ae9714e121d15ca57865045710b02d,0cdbcdc9befb5233a46343be1ad40683346f1fd9,持卡人消费,土木楼水控,-2.47,35.25,4396,正常
2016/04/18 18:23:37,26bdbdbb83ae9714e121d15ca57865045710b02d,0cdbcdc9befb5233a46343be1ad40683346f1fd9,持卡人消费,土木楼水控,-2.81,35.44,4397,正常
2016/04/18 18:24:27,26bdbdbb83ae9714e121d15ca57865045710b02d,0cdbcdc9befb5233a46343be1ad40683346f1fd9,持卡人消费,土木楼水控,-2.84,35.60,4398,正常
2016/04/19 14:24:30,26bdbdbb83ae9714e121d15ca57865045710b02d,0cdbcdc9befb5233a46343be1ad40683346f1fd9,持卡人消费,土木楼水控,-0.02,35.58,4400,正常
2016/04/19 14:24:48,26bdbdbb83ae9714e121d15ca57865045710b02d,0cdbcdc9befb5233a46343be1ad40683346f1fd9,持卡人消费,土木楼水控,-0.03,35.55,4401,正常
2016/04/19 14:25:02,26bdbdbb83ae9714e121d15ca57865045710b02d,0cdbcdc9befb5233a46343be1ad40683346f1fd9,持卡人消费,土木楼水控,-0.03,35.52,4403,正常
2016/04/19 14:40:02,26bdbdbb83ae9714e121d15ca57865045710b02d,0cdbcdc9befb5233a46343be1ad40683346f1fd9,持卡人消费,土木楼水控,-3.0,32.52,4404,正常
2016/04/19 14:42:51,26bdbdbb83ae9714e121d15ca57865045710b02d,0cdbcdc9befb5233a46343be1ad40683346f1fd9,持卡人消费,土木楼水控,-0.49,32.03,4406,正常
2016/04/19 14:44:42,26bdbdbb83ae9714e121d15ca57865045710b02d,0cdbcdc9befb5233a46343be1ad40683346f1fd9,持卡人消费,土木楼水控,-0.14,31.89,4408,正常
2016/04/19 18:09:10,26bdbdbb83ae9714e121d15ca57865045710b02d,0cdbcdc9befb5233a46343be1ad40683346f1fd9,持卡人消费,土木楼水控,-0.01,31.88,4409,正常
2016/04/19 18:17:24,26bdbdbb83ae9714e121d15ca57865045710b02d,0cdbcdc9befb5233a46343be1ad40683346f1fd9,持卡人消费,土木楼水控,-1.65,30.23,4411,正常
2016/04/19 18:53:58,26bdbdbb83ae9714e121d15ca57865045710b02d,0cdbcdc9befb5233a46343be1ad40683346f1fd9,持卡人消费,学子超市A05,-5.0,25.23,4412,正常
2016/04/19 21:50:31,26bdbdbb83ae9714e121d15ca57865045710b02d,0cdbcdc9befb5233a46343be1ad40683346f1fd9,持卡人消费,学子超市A05,-3.6,21.63,4413,正常
2016/04/20 20:57:43,26bdbdbb83ae9714e121d15ca57865045710b02d,0cdbcdc9befb5233a46343be1ad40683346f1fd9,持卡人消费,学子超市A05,-1.4,20.23,4414,正常
2016/04/23 19:35:29,26bdbdbb83ae9714e121d15ca57865045710b02d,0cdbcdc9befb5233a46343be1ad40683346f1fd9,持卡人消费,学子超市A05,-3.0,17.23,4415,正常
2016/04/23 21:01:14,26bdbdbb83ae9714e121d15ca57865045710b02d,0cdbcdc9befb5233a46343be1ad40683346f1fd9,持卡人消费,土木楼水控,-3.0,14.23,4416,正常
2016/04/23 21:03:22,26bdbdbb83ae9714e121d15ca57865045710b02d,0cdbcdc9befb5233a46343be1ad40683346f1fd9,持卡人消费,土木楼水控,-0.43,13.80,4418,正常
2016/04/24 19:26:43,26bdbdbb83ae9714e121d15ca57865045710b02d,0cdbcdc9befb5233a46343be1ad40683346f1fd9,持卡人消费,学子超市A05,-3.0,10.80,4419,正常
2016/04/25 13:53:08,26bdbdbb83ae9714e121d15ca57865045710b02d,0cdbcdc9befb5233a46343be1ad40683346f1fd9,持卡人消费,学子超市A05,-3.9,6.90,4420,正常
2016/04/27 14:59:15,26bdbdbb83ae9714e121d15ca57865045710b02d,0cdbcdc9befb5233a46343be1ad40683346f1fd9,持卡人消费,土木楼水控,-3.0,3.90,4421,正常
2016/04/28 18:44:26,26bdbdbb83ae9714e121d15ca57865045710b02d,0cdbcdc9befb5233a46343be1ad40683346f1fd9,持卡人消费,学子超市A05,-0.5,3.40,4422,正常
2016/04/29 16:11:39,26bdbdbb83ae9714e121d15ca57865045710b02d,0cdbcdc9befb5233a46343be1ad40683346f1fd9,存款,现金充值机,100.0,103.40,4423,正常
2016/04/29 16:31:11,26bdbdbb83ae9714e121d15ca57865045710b02d,0cdbcdc9befb5233a46343be1ad40683346f1fd9,持卡人消费,土木楼网关,-4.1,99.30,4424,正常
2016/04/29 16:55:12,26bdbdbb83ae9714e121d15ca57865045710b02d,0cdbcdc9befb5233a46343be1ad40683346f1fd9,持卡人消费,土木楼水控,-0.03,99.27,4426,正常
2016/04/29 16:55:51,26bdbdbb83ae9714e121d15ca57865045710b02d,0cdbcdc9befb5233a46343be1ad40683346f1fd9,持卡人消费,土木楼水控,-0.1,99.17,4428,正常
2016/04/29 17:06:22,26bdbdbb83ae9714e121d15ca57865045710b02d,0cdbcdc9befb5233a46343be1ad40683346f1fd9,持卡人消费,土木楼水控,-2.09,97.08,4430,正常
