交易发生时间,学号,姓名,交易类型,子系统名称,交易额,现有余额,次数,状态
2016/04/01 11:02:14,9e5fe32e6ba2563cc64340cba3c92738f41718ec,0dc1a66412a1e786d750ad23ae212c6a9aef6668,持卡人消费,南苑网关,-8.64,149.97,3308,正常
2016/04/01 19:00:12,9e5fe32e6ba2563cc64340cba3c92738f41718ec,0dc1a66412a1e786d750ad23ae212c6a9aef6668,持卡人消费,15公寓浴池,-0.91,149.06,3310,正常
2016/04/05 10:57:03,9e5fe32e6ba2563cc64340cba3c92738f41718ec,0dc1a66412a1e786d750ad23ae212c6a9aef6668,持卡人消费,南苑网关,-7.92,141.14,3311,正常
2016/04/05 14:22:22,9e5fe32e6ba2563cc64340cba3c92738f41718ec,0dc1a66412a1e786d750ad23ae212c6a9aef6668,持卡人消费,超市商务子系统,-18.5,122.64,3312,正常
2016/04/06 11:10:52,9e5fe32e6ba2563cc64340cba3c92738f41718ec,0dc1a66412a1e786d750ad23ae212c6a9aef6668,持卡人消费,南苑网关,-6.72,115.92,3313,正常
2016/04/06 16:40:08,9e5fe32e6ba2563cc64340cba3c92738f41718ec,0dc1a66412a1e786d750ad23ae212c6a9aef6668,持卡人消费,学苑楼商务网关,-10.0,105.92,3314,正常
2016/04/06 17:02:54,9e5fe32e6ba2563cc64340cba3c92738f41718ec,0dc1a66412a1e786d750ad23ae212c6a9aef6668,持卡人消费,超市商务子系统,-32.5,73.42,3315,正常
2016/04/07 11:12:18,9e5fe32e6ba2563cc64340cba3c92738f41718ec,0dc1a66412a1e786d750ad23ae212c6a9aef6668,持卡人消费,南苑网关,-7.2,66.22,3316,正常
2016/04/07 16:11:25,9e5fe32e6ba2563cc64340cba3c92738f41718ec,0dc1a66412a1e786d750ad23ae212c6a9aef6668,持卡人消费,15公寓浴池,-1.38,64.84,3318,正常
2016/04/07 17:01:42,9e5fe32e6ba2563cc64340cba3c92738f41718ec,0dc1a66412a1e786d750ad23ae212c6a9aef6668,持卡人消费,A7,-3.0,61.84,3319,正常
2016/04/09 13:49:13,9e5fe32e6ba2563cc64340cba3c92738f41718ec,0dc1a66412a1e786d750ad23ae212c6a9aef6668,持卡人消费,超市商务子系统,-6.0,55.84,3320,正常
2016/04/09 13:51:16,9e5fe32e6ba2563cc64340cba3c92738f41718ec,0dc1a66412a1e786d750ad23ae212c6a9aef6668,持卡人消费,超市商务子系统,-2.0,53.84,3321,正常
2016/04/09 17:17:50,9e5fe32e6ba2563cc64340cba3c92738f41718ec,0dc1a66412a1e786d750ad23ae212c6a9aef6668,持卡人消费,学士楼商务网关,-4.6,49.24,3322,正常
2016/04/10 17:03:27,9e5fe32e6ba2563cc64340cba3c92738f41718ec,0dc1a66412a1e786d750ad23ae212c6a9aef6668,持卡人消费,南苑网关,-3.1,46.14,3323,正常
2016/04/10 17:37:31,9e5fe32e6ba2563cc64340cba3c92738f41718ec,0dc1a66412a1e786d750ad23ae212c6a9aef6668,持卡人消费,超市商务子系统,-15.2,30.94,3324,正常
2016/04/11 11:50:53,9e5fe32e6ba2563cc64340cba3c92738f41718ec,0dc1a66412a1e786d750ad23ae212c6a9aef6668,持卡人消费,学士楼商务网关,-5.0,25.94,3325,正常
2016/04/12 10:46:06,9e5fe32e6ba2563cc64340cba3c92738f41718ec,0dc1a66412a1e786d750ad23ae212c6a9aef6668,存款,现金充值机,200.0,225.94,3326,正常
2016/04/12 11:08:59,9e5fe32e6ba2563cc64340cba3c92738f41718ec,0dc1a66412a1e786d750ad23ae212c6a9aef6668,持卡人消费,南苑网关,-6.72,219.22,3327,正常
2016/04/14 09:13:03,9e5fe32e6ba2563cc64340cba3c92738f41718ec,0dc1a66412a1e786d750ad23ae212c6a9aef6668,持卡人消费,超市商务子系统,-29.4,189.82,3328,正常
2016/04/14 11:02:51,9e5fe32e6ba2563cc64340cba3c92738f41718ec,0dc1a66412a1e786d750ad23ae212c6a9aef6668,持卡人消费,南苑网关,-8.64,181.18,3329,正常
2016/04/14 17:04:40,9e5fe32e6ba2563cc64340cba3c92738f41718ec,0dc1a66412a1e786d750ad23ae212c6a9aef6668,持卡人消费,硕果园（工大商店）,-15.0,166.18,3330,正常
2016/04/15 17:08:20,9e5fe32e6ba2563cc64340cba3c92738f41718ec,0dc1a66412a1e786d750ad23ae212c6a9aef6668,持卡人消费,15公寓浴池,-1.44,164.74,3332,正常
2016/04/16 11:40:26,9e5fe32e6ba2563cc64340cba3c92738f41718ec,0dc1a66412a1e786d750ad23ae212c6a9aef6668,持卡人消费,硕果园（工大商店）,-15.0,149.74,3333,正常
2016/04/16 17:24:08,9e5fe32e6ba2563cc64340cba3c92738f41718ec,0dc1a66412a1e786d750ad23ae212c6a9aef6668,持卡人消费,学士楼商务网关,-7.1,142.64,3334,正常
2016/04/17 11:03:59,9e5fe32e6ba2563cc64340cba3c92738f41718ec,0dc1a66412a1e786d750ad23ae212c6a9aef6668,持卡人消费,学苑楼商务网关,-10.0,132.64,3335,正常
2016/04/17 17:47:16,9e5fe32e6ba2563cc64340cba3c92738f41718ec,0dc1a66412a1e786d750ad23ae212c6a9aef6668,持卡人消费,学士楼商务网关,-8.1,124.54,3336,正常
2016/04/18 11:54:36,9e5fe32e6ba2563cc64340cba3c92738f41718ec,0dc1a66412a1e786d750ad23ae212c6a9aef6668,持卡人消费,硕果园（工大商店）,-10.0,114.54,3337,正常
2016/04/18 17:41:26,9e5fe32e6ba2563cc64340cba3c92738f41718ec,0dc1a66412a1e786d750ad23ae212c6a9aef6668,持卡人消费,硕果园（工大商店）,-14.0,100.54,3338,正常
2016/04/19 18:12:05,9e5fe32e6ba2563cc64340cba3c92738f41718ec,0dc1a66412a1e786d750ad23ae212c6a9aef6668,持卡人消费,超市商务子系统,-12.1,88.44,3339,正常
2016/04/19 18:18:13,9e5fe32e6ba2563cc64340cba3c92738f41718ec,0dc1a66412a1e786d750ad23ae212c6a9aef6668,持卡人消费,超市商务子系统,-78.3,10.14,3340,正常
2016/04/20 10:07:34,9e5fe32e6ba2563cc64340cba3c92738f41718ec,0dc1a66412a1e786d750ad23ae212c6a9aef6668,持卡人消费,硕果园（工大商店）,-7.0,3.14,3341,正常
2016/04/20 15:32:27,9e5fe32e6ba2563cc64340cba3c92738f41718ec,0dc1a66412a1e786d750ad23ae212c6a9aef6668,持卡人消费,15公寓浴池,-1.71,1.43,3343,正常
2016/04/22 17:18:14,9e5fe32e6ba2563cc64340cba3c92738f41718ec,0dc1a66412a1e786d750ad23ae212c6a9aef6668,存款,现金充值机,200.0,201.43,3344,正常
2016/04/22 17:39:24,9e5fe32e6ba2563cc64340cba3c92738f41718ec,0dc1a66412a1e786d750ad23ae212c6a9aef6668,持卡人消费,学苑楼商务网关,-10.0,191.43,3345,正常
2016/04/22 20:53:59,9e5fe32e6ba2563cc64340cba3c92738f41718ec,0dc1a66412a1e786d750ad23ae212c6a9aef6668,持卡人消费,超市商务子系统,-11.8,179.63,3346,正常
2016/04/22 20:56:23,9e5fe32e6ba2563cc64340cba3c92738f41718ec,0dc1a66412a1e786d750ad23ae212c6a9aef6668,持卡人消费,超市商务子系统,-23.5,156.13,3347,正常
2016/04/24 11:23:34,9e5fe32e6ba2563cc64340cba3c92738f41718ec,0dc1a66412a1e786d750ad23ae212c6a9aef6668,持卡人消费,南苑网关,-5.1,151.03,3348,正常
2016/04/24 11:23:47,9e5fe32e6ba2563cc64340cba3c92738f41718ec,0dc1a66412a1e786d750ad23ae212c6a9aef6668,持卡人消费,南苑网关,-0.4,150.63,3349,正常
2016/04/25 14:34:32,9e5fe32e6ba2563cc64340cba3c92738f41718ec,0dc1a66412a1e786d750ad23ae212c6a9aef6668,持卡人消费,15公寓浴池,-1.82,148.81,3351,正常
2016/04/26 18:42:41,9e5fe32e6ba2563cc64340cba3c92738f41718ec,0dc1a66412a1e786d750ad23ae212c6a9aef6668,持卡人消费,硕果园（工大商店）,-15.0,133.81,3352,正常
2016/04/27 07:35:41,9e5fe32e6ba2563cc64340cba3c92738f41718ec,0dc1a66412a1e786d750ad23ae212c6a9aef6668,持卡人消费,网络中心,-30.0,103.81,3353,正常
2016/04/27 11:47:46,9e5fe32e6ba2563cc64340cba3c92738f41718ec,0dc1a66412a1e786d750ad23ae212c6a9aef6668,持卡人消费,硕果园（工大商店）,-12.0,91.81,3354,正常
2016/04/27 17:14:34,9e5fe32e6ba2563cc64340cba3c92738f41718ec,0dc1a66412a1e786d750ad23ae212c6a9aef6668,持卡人消费,南苑网关,-5.1,86.71,3355,正常
2016/04/28 17:20:12,9e5fe32e6ba2563cc64340cba3c92738f41718ec,0dc1a66412a1e786d750ad23ae212c6a9aef6668,持卡人消费,学苑楼商务网关,-9.0,77.71,3356,正常
2016/04/28 17:39:42,9e5fe32e6ba2563cc64340cba3c92738f41718ec,0dc1a66412a1e786d750ad23ae212c6a9aef6668,持卡人消费,超市商务子系统,-11.5,66.21,3357,正常
2016/04/29 11:11:35,9e5fe32e6ba2563cc64340cba3c92738f41718ec,0dc1a66412a1e786d750ad23ae212c6a9aef6668,持卡人消费,学苑楼商务网关,-10.0,56.21,3358,正常
2016/04/29 12:28:39,9e5fe32e6ba2563cc64340cba3c92738f41718ec,0dc1a66412a1e786d750ad23ae212c6a9aef6668,持卡人消费,15公寓浴池,-1.09,55.12,3360,正常
