交易发生时间,学号,姓名,交易类型,子系统名称,交易额,现有余额,次数,状态
2016/04/02 12:15:39,a7dee6b837e47533523453038878aa42982b5eea,0dd548ff3d67a62a4e72ee93df3918cd264e2395,持卡人消费,硕果园（工大商店）,-9.0,19.71,949,正常
2016/04/03 07:43:32,a7dee6b837e47533523453038878aa42982b5eea,0dd548ff3d67a62a4e72ee93df3918cd264e2395,持卡人消费,学士楼商务网关,-4.0,15.71,950,正常
2016/04/03 07:45:47,a7dee6b837e47533523453038878aa42982b5eea,0dd548ff3d67a62a4e72ee93df3918cd264e2395,持卡人消费,学士楼商务网关,-1.2,14.51,951,正常
2016/04/03 07:46:47,a7dee6b837e47533523453038878aa42982b5eea,0dd548ff3d67a62a4e72ee93df3918cd264e2395,持卡人消费,学士楼商务网关,-0.3,14.21,952,正常
2016/04/05 17:18:47,a7dee6b837e47533523453038878aa42982b5eea,0dd548ff3d67a62a4e72ee93df3918cd264e2395,持卡人消费,硕果园（工大商店）,-9.0,5.21,953,正常
2016/04/12 17:19:10,a7dee6b837e47533523453038878aa42982b5eea,0dd548ff3d67a62a4e72ee93df3918cd264e2395,存款,学苑楼综合业务2,100.0,105.21,954,正常
2016/04/12 17:21:05,a7dee6b837e47533523453038878aa42982b5eea,0dd548ff3d67a62a4e72ee93df3918cd264e2395,持卡人消费,学苑楼商务网关,-8.0,97.21,955,正常
2016/04/12 17:21:06,a7dee6b837e47533523453038878aa42982b5eea,0dd548ff3d67a62a4e72ee93df3918cd264e2395,持卡人消费,学苑楼商务网关,-8.0,89.21,956,正常
2016/04/15 11:28:45,a7dee6b837e47533523453038878aa42982b5eea,0dd548ff3d67a62a4e72ee93df3918cd264e2395,持卡人消费,硕果园（工大商店）,-12.0,77.21,957,正常
2016/04/15 11:29:33,a7dee6b837e47533523453038878aa42982b5eea,0dd548ff3d67a62a4e72ee93df3918cd264e2395,持卡人消费,硕果园（工大商店）,-10.0,67.21,958,正常
2016/04/20 11:04:28,a7dee6b837e47533523453038878aa42982b5eea,0dd548ff3d67a62a4e72ee93df3918cd264e2395,持卡人消费,硕果园（工大商店）,-9.0,58.21,959,正常
2016/04/20 15:56:39,a7dee6b837e47533523453038878aa42982b5eea,0dd548ff3d67a62a4e72ee93df3918cd264e2395,持卡人消费,学士楼商务网关,-2.1,56.11,960,正常
2016/04/20 15:56:44,a7dee6b837e47533523453038878aa42982b5eea,0dd548ff3d67a62a4e72ee93df3918cd264e2395,持卡人消费,学士楼商务网关,-0.1,56.01,961,正常
2016/04/28 10:46:01,a7dee6b837e47533523453038878aa42982b5eea,0dd548ff3d67a62a4e72ee93df3918cd264e2395,持卡人消费,硕果园（工大商店）,-9.0,47.01,962,正常
2016/04/28 10:52:06,a7dee6b837e47533523453038878aa42982b5eea,0dd548ff3d67a62a4e72ee93df3918cd264e2395,持卡人消费,硕果园（工大商店）,-2.0,45.01,963,正常
2016/04/28 10:53:09,a7dee6b837e47533523453038878aa42982b5eea,0dd548ff3d67a62a4e72ee93df3918cd264e2395,持卡人消费,硕果园（工大商店）,-7.0,38.01,964,正常
2016/04/28 10:55:54,a7dee6b837e47533523453038878aa42982b5eea,0dd548ff3d67a62a4e72ee93df3918cd264e2395,持卡人消费,学士楼商务网关,-4.1,33.91,965,正常
