交易发生时间,学号,姓名,交易类型,子系统名称,交易额,现有余额,次数,状态
2016/04/01 11:03:51,a927c4435e4e5a697f7eab606e21a95e43a3c9ef,0de7957d23704a37cf1a1fc6660ceca84bd34a5b,持卡人消费,学苑楼商务网关,-6.0,148.93,3006,正常
2016/04/01 11:04:48,a927c4435e4e5a697f7eab606e21a95e43a3c9ef,0de7957d23704a37cf1a1fc6660ceca84bd34a5b,持卡人消费,学苑楼商务网关,-0.8,148.13,3007,正常
2016/04/02 12:07:53,a927c4435e4e5a697f7eab606e21a95e43a3c9ef,0de7957d23704a37cf1a1fc6660ceca84bd34a5b,持卡人消费,学苑楼商务网关,-6.0,142.13,3008,正常
2016/04/02 12:20:27,a927c4435e4e5a697f7eab606e21a95e43a3c9ef,0de7957d23704a37cf1a1fc6660ceca84bd34a5b,持卡人消费,超市商务子系统,-27.5,114.63,3009,正常
2016/04/03 12:26:55,a927c4435e4e5a697f7eab606e21a95e43a3c9ef,0de7957d23704a37cf1a1fc6660ceca84bd34a5b,持卡人消费,学苑楼商务网关,-6.0,108.63,3010,正常
2016/04/03 13:19:41,a927c4435e4e5a697f7eab606e21a95e43a3c9ef,0de7957d23704a37cf1a1fc6660ceca84bd34a5b,持卡人消费,超市商务子系统,-8.8,99.83,3011,正常
2016/04/03 20:44:17,a927c4435e4e5a697f7eab606e21a95e43a3c9ef,0de7957d23704a37cf1a1fc6660ceca84bd34a5b,持卡人消费,超市商务子系统,-4.4,95.43,3012,正常
2016/04/03 20:48:35,a927c4435e4e5a697f7eab606e21a95e43a3c9ef,0de7957d23704a37cf1a1fc6660ceca84bd34a5b,持卡人消费,超市商务子系统,-16.5,78.93,3013,正常
2016/04/03 20:51:56,a927c4435e4e5a697f7eab606e21a95e43a3c9ef,0de7957d23704a37cf1a1fc6660ceca84bd34a5b,持卡人消费,硕果园（工大商店）,-2.6,76.33,3014,正常
2016/04/05 12:24:36,a927c4435e4e5a697f7eab606e21a95e43a3c9ef,0de7957d23704a37cf1a1fc6660ceca84bd34a5b,持卡人消费,学士楼商务网关,-8.0,68.33,3015,正常
2016/04/05 12:25:12,a927c4435e4e5a697f7eab606e21a95e43a3c9ef,0de7957d23704a37cf1a1fc6660ceca84bd34a5b,持卡人消费,学士楼商务网关,-1.0,67.33,3016,正常
2016/04/05 17:05:29,a927c4435e4e5a697f7eab606e21a95e43a3c9ef,0de7957d23704a37cf1a1fc6660ceca84bd34a5b,持卡人消费,学士楼商务网关,-6.0,61.33,3017,正常
2016/04/05 17:18:16,a927c4435e4e5a697f7eab606e21a95e43a3c9ef,0de7957d23704a37cf1a1fc6660ceca84bd34a5b,持卡人消费,学士楼商务网关,-1.0,60.33,3018,正常
2016/04/05 21:10:33,a927c4435e4e5a697f7eab606e21a95e43a3c9ef,0de7957d23704a37cf1a1fc6660ceca84bd34a5b,持卡人消费,超市商务子系统,-33.2,27.13,3019,正常
2016/04/06 12:04:28,a927c4435e4e5a697f7eab606e21a95e43a3c9ef,0de7957d23704a37cf1a1fc6660ceca84bd34a5b,持卡人消费,学士楼商务网关,-2.0,25.13,3020,正常
2016/04/06 12:11:33,a927c4435e4e5a697f7eab606e21a95e43a3c9ef,0de7957d23704a37cf1a1fc6660ceca84bd34a5b,持卡人消费,学士楼商务网关,-1.0,24.13,3021,正常
2016/04/07 11:35:08,a927c4435e4e5a697f7eab606e21a95e43a3c9ef,0de7957d23704a37cf1a1fc6660ceca84bd34a5b,持卡人消费,学士楼商务网关,-2.0,22.13,3022,正常
2016/04/07 11:43:22,a927c4435e4e5a697f7eab606e21a95e43a3c9ef,0de7957d23704a37cf1a1fc6660ceca84bd34a5b,持卡人消费,学士楼商务网关,-2.0,20.13,3023,正常
2016/04/08 18:02:19,a927c4435e4e5a697f7eab606e21a95e43a3c9ef,0de7957d23704a37cf1a1fc6660ceca84bd34a5b,持卡人消费,学士楼商务网关,-2.0,18.13,3024,正常
2016/04/09 17:48:33,a927c4435e4e5a697f7eab606e21a95e43a3c9ef,0de7957d23704a37cf1a1fc6660ceca84bd34a5b,持卡人消费,学士楼商务网关,-2.0,16.13,3025,正常
2016/04/09 17:53:23,a927c4435e4e5a697f7eab606e21a95e43a3c9ef,0de7957d23704a37cf1a1fc6660ceca84bd34a5b,持卡人消费,学士楼商务网关,-0.5,15.63,3026,正常
2016/04/09 23:01:12,a927c4435e4e5a697f7eab606e21a95e43a3c9ef,0de7957d23704a37cf1a1fc6660ceca84bd34a5b,持卡人消费,A2,-3.0,12.63,3027,正常
2016/04/10 12:18:56,a927c4435e4e5a697f7eab606e21a95e43a3c9ef,0de7957d23704a37cf1a1fc6660ceca84bd34a5b,持卡人消费,学士楼商务网关,-2.0,10.63,3028,正常
2016/04/10 12:19:55,a927c4435e4e5a697f7eab606e21a95e43a3c9ef,0de7957d23704a37cf1a1fc6660ceca84bd34a5b,持卡人消费,学士楼商务网关,-0.5,10.13,3029,正常
2016/04/10 12:24:48,a927c4435e4e5a697f7eab606e21a95e43a3c9ef,0de7957d23704a37cf1a1fc6660ceca84bd34a5b,持卡人消费,学士楼商务网关,-2.0,8.13,3030,正常
2016/04/10 12:25:46,a927c4435e4e5a697f7eab606e21a95e43a3c9ef,0de7957d23704a37cf1a1fc6660ceca84bd34a5b,持卡人消费,学士楼商务网关,-1.95,6.18,3031,正常
2016/04/10 12:30:32,a927c4435e4e5a697f7eab606e21a95e43a3c9ef,0de7957d23704a37cf1a1fc6660ceca84bd34a5b,持卡人消费,学士楼商务网关,-0.1,6.08,3032,正常
2016/04/11 11:38:10,a927c4435e4e5a697f7eab606e21a95e43a3c9ef,0de7957d23704a37cf1a1fc6660ceca84bd34a5b,存款,学苑楼综合业务3,200.0,206.08,3033,正常
2016/04/11 11:42:58,a927c4435e4e5a697f7eab606e21a95e43a3c9ef,0de7957d23704a37cf1a1fc6660ceca84bd34a5b,持卡人消费,学苑楼商务网关,-7.0,199.08,3034,正常
2016/04/11 17:04:22,a927c4435e4e5a697f7eab606e21a95e43a3c9ef,0de7957d23704a37cf1a1fc6660ceca84bd34a5b,持卡人消费,学子楼商务网关,-8.0,191.08,3035,正常
2016/04/11 17:05:55,a927c4435e4e5a697f7eab606e21a95e43a3c9ef,0de7957d23704a37cf1a1fc6660ceca84bd34a5b,持卡人消费,学子楼商务网关,-1.0,190.08,3036,正常
2016/04/11 20:43:39,a927c4435e4e5a697f7eab606e21a95e43a3c9ef,0de7957d23704a37cf1a1fc6660ceca84bd34a5b,持卡人消费,超市商务子系统,-38.7,151.38,3037,正常
2016/04/12 11:38:35,a927c4435e4e5a697f7eab606e21a95e43a3c9ef,0de7957d23704a37cf1a1fc6660ceca84bd34a5b,持卡人消费,学子楼商务网关,-8.0,143.38,3038,正常
2016/04/12 11:38:47,a927c4435e4e5a697f7eab606e21a95e43a3c9ef,0de7957d23704a37cf1a1fc6660ceca84bd34a5b,持卡人消费,学子楼商务网关,-0.5,142.88,3039,正常
2016/04/13 11:12:29,a927c4435e4e5a697f7eab606e21a95e43a3c9ef,0de7957d23704a37cf1a1fc6660ceca84bd34a5b,持卡人消费,学苑楼商务网关,-9.0,125.88,3041,正常
2016/04/13 11:20:36,a927c4435e4e5a697f7eab606e21a95e43a3c9ef,0de7957d23704a37cf1a1fc6660ceca84bd34a5b,持卡人消费,学苑楼商务网关,-2.0,123.88,3042,正常
2016/04/16 11:40:44,a927c4435e4e5a697f7eab606e21a95e43a3c9ef,0de7957d23704a37cf1a1fc6660ceca84bd34a5b,持卡人消费,学苑楼商务网关,-7.0,116.88,3043,正常
2016/04/17 11:26:30,a927c4435e4e5a697f7eab606e21a95e43a3c9ef,0de7957d23704a37cf1a1fc6660ceca84bd34a5b,持卡人消费,学士楼商务网关,-1.0,115.88,3044,正常
2016/04/17 11:26:47,a927c4435e4e5a697f7eab606e21a95e43a3c9ef,0de7957d23704a37cf1a1fc6660ceca84bd34a5b,持卡人消费,学士楼商务网关,-0.5,115.38,3045,正常
2016/04/17 11:30:30,a927c4435e4e5a697f7eab606e21a95e43a3c9ef,0de7957d23704a37cf1a1fc6660ceca84bd34a5b,持卡人消费,学士楼商务网关,-2.0,113.38,3046,正常
2016/04/20 18:29:47,a927c4435e4e5a697f7eab606e21a95e43a3c9ef,0de7957d23704a37cf1a1fc6660ceca84bd34a5b,持卡人消费,超市商务子系统,-3.5,109.88,3047,正常
2016/04/21 17:27:54,a927c4435e4e5a697f7eab606e21a95e43a3c9ef,0de7957d23704a37cf1a1fc6660ceca84bd34a5b,持卡人消费,学士楼商务网关,-0.5,109.38,3048,正常
2016/04/21 17:30:29,a927c4435e4e5a697f7eab606e21a95e43a3c9ef,0de7957d23704a37cf1a1fc6660ceca84bd34a5b,持卡人消费,学士楼商务网关,-3.0,106.38,3049,正常
2016/04/26 18:36:56,a927c4435e4e5a697f7eab606e21a95e43a3c9ef,0de7957d23704a37cf1a1fc6660ceca84bd34a5b,持卡人消费,学士楼商务网关,-1.0,105.38,3050,正常
2016/04/26 18:46:50,a927c4435e4e5a697f7eab606e21a95e43a3c9ef,0de7957d23704a37cf1a1fc6660ceca84bd34a5b,持卡人消费,A2,-3.0,102.38,3051,正常
2016/04/27 07:09:03,a927c4435e4e5a697f7eab606e21a95e43a3c9ef,0de7957d23704a37cf1a1fc6660ceca84bd34a5b,持卡人消费,学士楼商务网关,-2.0,100.38,3052,正常
2016/04/27 07:09:35,a927c4435e4e5a697f7eab606e21a95e43a3c9ef,0de7957d23704a37cf1a1fc6660ceca84bd34a5b,持卡人消费,学士楼商务网关,-0.5,99.88,3053,正常
2016/04/27 07:15:48,a927c4435e4e5a697f7eab606e21a95e43a3c9ef,0de7957d23704a37cf1a1fc6660ceca84bd34a5b,持卡人消费,学士楼商务网关,-1.5,98.38,3054,正常
2016/04/27 07:26:13,a927c4435e4e5a697f7eab606e21a95e43a3c9ef,0de7957d23704a37cf1a1fc6660ceca84bd34a5b,持卡人消费,硕果园（工大商店）,-12.0,86.38,3055,正常
2016/04/27 17:33:47,a927c4435e4e5a697f7eab606e21a95e43a3c9ef,0de7957d23704a37cf1a1fc6660ceca84bd34a5b,持卡人消费,超市商务子系统,-33.0,53.38,3056,正常
2016/04/29 23:04:49,a927c4435e4e5a697f7eab606e21a95e43a3c9ef,0de7957d23704a37cf1a1fc6660ceca84bd34a5b,持卡人消费,A2,-3.0,50.38,3057,正常
