交易发生时间,学号,姓名,交易类型,子系统名称,交易额,现有余额,次数,状态
2016/04/05 11:00:16,62610d2b875faba124570dccd2fed6f94ebc135a,0df5ae7583c400023ba809b4a0bc5da2573a0319,持卡人消费,学苑楼商务网关,-3.0,173.72,2989,正常
2016/04/05 11:02:08,62610d2b875faba124570dccd2fed6f94ebc135a,0df5ae7583c400023ba809b4a0bc5da2573a0319,持卡人消费,学苑楼商务网关,-0.4,173.32,2990,正常
2016/04/05 11:04:03,62610d2b875faba124570dccd2fed6f94ebc135a,0df5ae7583c400023ba809b4a0bc5da2573a0319,持卡人消费,学苑楼商务网关,-0.5,172.82,2991,正常
2016/04/05 14:44:20,62610d2b875faba124570dccd2fed6f94ebc135a,0df5ae7583c400023ba809b4a0bc5da2573a0319,持卡人消费,超市商务子系统,-6.5,166.32,2992,正常
2016/04/05 14:50:09,62610d2b875faba124570dccd2fed6f94ebc135a,0df5ae7583c400023ba809b4a0bc5da2573a0319,持卡人消费,超市商务子系统,-4.9,161.42,2993,正常
2016/04/05 14:50:43,62610d2b875faba124570dccd2fed6f94ebc135a,0df5ae7583c400023ba809b4a0bc5da2573a0319,持卡人消费,超市商务子系统,-2.0,159.42,2994,正常
2016/04/06 10:12:32,62610d2b875faba124570dccd2fed6f94ebc135a,0df5ae7583c400023ba809b4a0bc5da2573a0319,持卡人消费,硕果园（工大商店）,-11.6,147.82,2995,正常
2016/04/06 16:29:08,62610d2b875faba124570dccd2fed6f94ebc135a,0df5ae7583c400023ba809b4a0bc5da2573a0319,持卡人消费,学苑楼商务网关,-0.5,147.32,2996,正常
2016/04/06 16:31:06,62610d2b875faba124570dccd2fed6f94ebc135a,0df5ae7583c400023ba809b4a0bc5da2573a0319,持卡人消费,学苑楼商务网关,-0.5,146.82,2997,正常
2016/04/06 16:39:16,62610d2b875faba124570dccd2fed6f94ebc135a,0df5ae7583c400023ba809b4a0bc5da2573a0319,持卡人消费,学苑楼商务网关,-3.0,143.82,2998,正常
2016/04/06 17:00:53,62610d2b875faba124570dccd2fed6f94ebc135a,0df5ae7583c400023ba809b4a0bc5da2573a0319,持卡人消费,超市商务子系统,-9.1,134.72,2999,正常
2016/04/08 17:08:57,62610d2b875faba124570dccd2fed6f94ebc135a,0df5ae7583c400023ba809b4a0bc5da2573a0319,持卡人消费,15公寓浴池,-1.97,132.75,3001,正常
2016/04/08 17:17:21,62610d2b875faba124570dccd2fed6f94ebc135a,0df5ae7583c400023ba809b4a0bc5da2573a0319,持卡人消费,15公寓浴池,-0.53,132.22,3003,正常
2016/04/09 17:12:09,62610d2b875faba124570dccd2fed6f94ebc135a,0df5ae7583c400023ba809b4a0bc5da2573a0319,持卡人消费,学苑楼商务网关,-4.0,128.22,3004,正常
2016/04/09 17:13:46,62610d2b875faba124570dccd2fed6f94ebc135a,0df5ae7583c400023ba809b4a0bc5da2573a0319,持卡人消费,学苑楼商务网关,-3.0,125.22,3005,正常
2016/04/09 17:27:30,62610d2b875faba124570dccd2fed6f94ebc135a,0df5ae7583c400023ba809b4a0bc5da2573a0319,持卡人消费,超市商务子系统,-4.6,120.62,3006,正常
2016/04/09 17:31:32,62610d2b875faba124570dccd2fed6f94ebc135a,0df5ae7583c400023ba809b4a0bc5da2573a0319,持卡人消费,超市商务子系统,-2.4,118.22,3007,正常
2016/04/10 16:53:04,62610d2b875faba124570dccd2fed6f94ebc135a,0df5ae7583c400023ba809b4a0bc5da2573a0319,持卡人消费,学苑楼商务网关,-4.0,114.22,3008,正常
2016/04/10 16:54:13,62610d2b875faba124570dccd2fed6f94ebc135a,0df5ae7583c400023ba809b4a0bc5da2573a0319,持卡人消费,学苑楼商务网关,-3.0,111.22,3009,正常
2016/04/11 08:04:09,62610d2b875faba124570dccd2fed6f94ebc135a,0df5ae7583c400023ba809b4a0bc5da2573a0319,持卡人消费,学士楼商务网关,-2.0,109.22,3010,正常
2016/04/11 08:06:00,62610d2b875faba124570dccd2fed6f94ebc135a,0df5ae7583c400023ba809b4a0bc5da2573a0319,持卡人消费,学士楼商务网关,-0.5,108.72,3011,正常
2016/04/11 08:07:03,62610d2b875faba124570dccd2fed6f94ebc135a,0df5ae7583c400023ba809b4a0bc5da2573a0319,持卡人消费,学士楼商务网关,-0.5,108.22,3012,正常
2016/04/11 15:00:36,62610d2b875faba124570dccd2fed6f94ebc135a,0df5ae7583c400023ba809b4a0bc5da2573a0319,持卡人消费,学士楼商务网关,-6.4,101.82,3013,正常
2016/04/11 15:15:05,62610d2b875faba124570dccd2fed6f94ebc135a,0df5ae7583c400023ba809b4a0bc5da2573a0319,持卡人消费,超市商务子系统,-7.8,94.02,3014,正常
2016/04/11 15:19:47,62610d2b875faba124570dccd2fed6f94ebc135a,0df5ae7583c400023ba809b4a0bc5da2573a0319,持卡人消费,超市商务子系统,-2.4,91.62,3015,正常
2016/04/11 18:38:45,62610d2b875faba124570dccd2fed6f94ebc135a,0df5ae7583c400023ba809b4a0bc5da2573a0319,持卡人消费,15公寓浴池,-2.0,89.62,3016,正常
2016/04/11 18:43:23,62610d2b875faba124570dccd2fed6f94ebc135a,0df5ae7583c400023ba809b4a0bc5da2573a0319,持卡人消费,15公寓浴池,-0.29,89.33,3018,正常
2016/04/11 18:49:29,62610d2b875faba124570dccd2fed6f94ebc135a,0df5ae7583c400023ba809b4a0bc5da2573a0319,持卡人消费,15公寓浴池,-0.54,88.79,3020,正常
2016/04/12 11:01:27,62610d2b875faba124570dccd2fed6f94ebc135a,0df5ae7583c400023ba809b4a0bc5da2573a0319,持卡人消费,超市商务子系统,-6.4,82.39,3021,正常
2016/04/12 11:10:29,62610d2b875faba124570dccd2fed6f94ebc135a,0df5ae7583c400023ba809b4a0bc5da2573a0319,持卡人消费,学士楼商务网关,-6.0,76.39,3022,正常
2016/04/12 11:10:59,62610d2b875faba124570dccd2fed6f94ebc135a,0df5ae7583c400023ba809b4a0bc5da2573a0319,持卡人消费,学士楼商务网关,-0.4,75.99,3023,正常
2016/04/12 17:12:15,62610d2b875faba124570dccd2fed6f94ebc135a,0df5ae7583c400023ba809b4a0bc5da2573a0319,持卡人消费,硕果园（工大商店）,-6.0,69.99,3024,正常
2016/04/14 09:10:01,62610d2b875faba124570dccd2fed6f94ebc135a,0df5ae7583c400023ba809b4a0bc5da2573a0319,持卡人消费,学士楼商务网关,-2.0,67.99,3025,正常
2016/04/14 09:10:38,62610d2b875faba124570dccd2fed6f94ebc135a,0df5ae7583c400023ba809b4a0bc5da2573a0319,持卡人消费,学士楼商务网关,-0.5,67.49,3026,正常
2016/04/14 09:11:27,62610d2b875faba124570dccd2fed6f94ebc135a,0df5ae7583c400023ba809b4a0bc5da2573a0319,持卡人消费,学士楼商务网关,-0.2,67.29,3027,正常
2016/04/14 09:16:55,62610d2b875faba124570dccd2fed6f94ebc135a,0df5ae7583c400023ba809b4a0bc5da2573a0319,持卡人消费,学士楼商务网关,-0.6,66.69,3028,正常
2016/04/14 17:39:32,62610d2b875faba124570dccd2fed6f94ebc135a,0df5ae7583c400023ba809b4a0bc5da2573a0319,持卡人消费,学士楼商务网关,-2.9,63.79,3029,正常
2016/04/14 17:40:36,62610d2b875faba124570dccd2fed6f94ebc135a,0df5ae7583c400023ba809b4a0bc5da2573a0319,持卡人消费,学士楼商务网关,-2.0,61.79,3030,正常
2016/04/15 08:16:38,62610d2b875faba124570dccd2fed6f94ebc135a,0df5ae7583c400023ba809b4a0bc5da2573a0319,持卡人消费,学士楼商务网关,-2.0,59.79,3031,正常
2016/04/15 08:17:17,62610d2b875faba124570dccd2fed6f94ebc135a,0df5ae7583c400023ba809b4a0bc5da2573a0319,持卡人消费,学士楼商务网关,-1.1,58.69,3032,正常
2016/04/15 08:18:24,62610d2b875faba124570dccd2fed6f94ebc135a,0df5ae7583c400023ba809b4a0bc5da2573a0319,持卡人消费,学士楼商务网关,-0.5,58.19,3033,正常
2016/04/15 12:39:03,62610d2b875faba124570dccd2fed6f94ebc135a,0df5ae7583c400023ba809b4a0bc5da2573a0319,持卡人消费,15公寓浴池,-2.0,56.19,3034,正常
2016/04/15 12:39:24,62610d2b875faba124570dccd2fed6f94ebc135a,0df5ae7583c400023ba809b4a0bc5da2573a0319,持卡人消费,15公寓浴池,-0.03,56.16,3036,正常
2016/04/15 12:42:17,62610d2b875faba124570dccd2fed6f94ebc135a,0df5ae7583c400023ba809b4a0bc5da2573a0319,持卡人消费,15公寓浴池,-0.08,56.08,3038,正常
2016/04/15 12:45:26,62610d2b875faba124570dccd2fed6f94ebc135a,0df5ae7583c400023ba809b4a0bc5da2573a0319,持卡人消费,15公寓浴池,-0.34,55.74,3040,正常
2016/04/15 17:04:57,62610d2b875faba124570dccd2fed6f94ebc135a,0df5ae7583c400023ba809b4a0bc5da2573a0319,持卡人消费,学士楼商务网关,-2.9,52.84,3041,正常
2016/04/15 17:06:50,62610d2b875faba124570dccd2fed6f94ebc135a,0df5ae7583c400023ba809b4a0bc5da2573a0319,持卡人消费,学士楼商务网关,-2.6,50.24,3042,正常
2016/04/15 17:23:19,62610d2b875faba124570dccd2fed6f94ebc135a,0df5ae7583c400023ba809b4a0bc5da2573a0319,持卡人消费,超市商务子系统,-2.1,48.14,3043,正常
2016/04/15 17:23:22,62610d2b875faba124570dccd2fed6f94ebc135a,0df5ae7583c400023ba809b4a0bc5da2573a0319,持卡人消费,超市商务子系统,-0.3,47.84,3044,正常
2016/04/16 07:41:15,62610d2b875faba124570dccd2fed6f94ebc135a,0df5ae7583c400023ba809b4a0bc5da2573a0319,持卡人消费,学士楼商务网关,-2.1,45.74,3045,正常
2016/04/16 07:42:02,62610d2b875faba124570dccd2fed6f94ebc135a,0df5ae7583c400023ba809b4a0bc5da2573a0319,持卡人消费,学士楼商务网关,-0.5,45.24,3046,正常
2016/04/16 07:42:47,62610d2b875faba124570dccd2fed6f94ebc135a,0df5ae7583c400023ba809b4a0bc5da2573a0319,持卡人消费,学士楼商务网关,-0.5,44.74,3047,正常
2016/04/16 11:47:43,62610d2b875faba124570dccd2fed6f94ebc135a,0df5ae7583c400023ba809b4a0bc5da2573a0319,存款,2区卡中心综合业务,50.0,94.74,3048,正常
2016/04/16 11:52:42,62610d2b875faba124570dccd2fed6f94ebc135a,0df5ae7583c400023ba809b4a0bc5da2573a0319,持卡人消费,九食堂商务网关,-9.0,85.74,3049,正常
2016/04/16 17:18:56,62610d2b875faba124570dccd2fed6f94ebc135a,0df5ae7583c400023ba809b4a0bc5da2573a0319,持卡人消费,四食堂商务网关,-9.19,76.55,3050,正常
2016/04/19 16:23:38,62610d2b875faba124570dccd2fed6f94ebc135a,0df5ae7583c400023ba809b4a0bc5da2573a0319,持卡人消费,超市商务子系统,-7.6,68.95,3051,正常
2016/04/19 16:32:31,62610d2b875faba124570dccd2fed6f94ebc135a,0df5ae7583c400023ba809b4a0bc5da2573a0319,持卡人消费,超市商务子系统,-2.0,66.95,3052,正常
2016/04/20 16:05:05,62610d2b875faba124570dccd2fed6f94ebc135a,0df5ae7583c400023ba809b4a0bc5da2573a0319,持卡人消费,超市商务子系统,-2.0,64.95,3053,正常
2016/04/21 17:04:14,62610d2b875faba124570dccd2fed6f94ebc135a,0df5ae7583c400023ba809b4a0bc5da2573a0319,持卡人消费,15公寓浴池,-0.9,64.05,3055,正常
2016/04/21 17:14:54,62610d2b875faba124570dccd2fed6f94ebc135a,0df5ae7583c400023ba809b4a0bc5da2573a0319,持卡人消费,15公寓浴池,-2.0,62.05,3056,正常
2016/04/23 08:58:05,62610d2b875faba124570dccd2fed6f94ebc135a,0df5ae7583c400023ba809b4a0bc5da2573a0319,持卡人消费,硕果园（工大商店）,-12.4,49.65,3057,正常
2016/04/24 10:26:43,62610d2b875faba124570dccd2fed6f94ebc135a,0df5ae7583c400023ba809b4a0bc5da2573a0319,持卡人消费,学子楼商务网关,-3.6,46.05,3058,正常
2016/04/24 10:35:59,62610d2b875faba124570dccd2fed6f94ebc135a,0df5ae7583c400023ba809b4a0bc5da2573a0319,持卡人消费,学子楼商务网关,-10.0,36.05,3059,正常
2016/04/24 10:36:46,62610d2b875faba124570dccd2fed6f94ebc135a,0df5ae7583c400023ba809b4a0bc5da2573a0319,持卡人消费,学子楼商务网关,-0.1,35.95,3060,正常
2016/04/25 08:39:11,62610d2b875faba124570dccd2fed6f94ebc135a,0df5ae7583c400023ba809b4a0bc5da2573a0319,持卡人消费,超市商务子系统,-2.0,33.95,3061,正常
2016/04/25 13:20:48,62610d2b875faba124570dccd2fed6f94ebc135a,0df5ae7583c400023ba809b4a0bc5da2573a0319,持卡人消费,15公寓浴池,-2.0,31.95,3062,正常
2016/04/25 13:24:01,62610d2b875faba124570dccd2fed6f94ebc135a,0df5ae7583c400023ba809b4a0bc5da2573a0319,持卡人消费,15公寓浴池,-0.45,31.50,3064,正常
2016/04/25 13:28:41,62610d2b875faba124570dccd2fed6f94ebc135a,0df5ae7583c400023ba809b4a0bc5da2573a0319,持卡人消费,15公寓浴池,-0.42,31.08,3066,正常
2016/04/25 18:53:49,62610d2b875faba124570dccd2fed6f94ebc135a,0df5ae7583c400023ba809b4a0bc5da2573a0319,持卡人消费,超市商务子系统,-2.0,29.08,3067,正常
2016/04/26 16:53:23,62610d2b875faba124570dccd2fed6f94ebc135a,0df5ae7583c400023ba809b4a0bc5da2573a0319,持卡人消费,超市商务子系统,-2.0,27.08,3068,正常
2016/04/27 17:30:49,62610d2b875faba124570dccd2fed6f94ebc135a,0df5ae7583c400023ba809b4a0bc5da2573a0319,持卡人消费,学苑楼商务网关,-0.4,26.68,3069,正常
2016/04/27 17:32:47,62610d2b875faba124570dccd2fed6f94ebc135a,0df5ae7583c400023ba809b4a0bc5da2573a0319,持卡人消费,学苑楼商务网关,-1.0,25.68,3070,正常
2016/04/27 17:33:40,62610d2b875faba124570dccd2fed6f94ebc135a,0df5ae7583c400023ba809b4a0bc5da2573a0319,持卡人消费,学苑楼商务网关,-1.5,24.18,3071,正常
