交易发生时间,学号,姓名,交易类型,子系统名称,交易额,现有余额,次数,状态
2016/04/08 14:24:13,af65a75f994d491a866a2fc2d253dc5c0ddf1ae9,0e1fc074029503b759d01fbb684780504580ddc2,持卡人消费,15公寓浴池,-0.5,107.99,2540,正常
2016/04/08 14:27:56,af65a75f994d491a866a2fc2d253dc5c0ddf1ae9,0e1fc074029503b759d01fbb684780504580ddc2,持卡人消费,15公寓浴池,-0.48,107.51,2542,正常
2016/04/08 14:31:25,af65a75f994d491a866a2fc2d253dc5c0ddf1ae9,0e1fc074029503b759d01fbb684780504580ddc2,持卡人消费,15公寓浴池,-0.32,107.19,2544,正常
2016/04/08 14:31:55,af65a75f994d491a866a2fc2d253dc5c0ddf1ae9,0e1fc074029503b759d01fbb684780504580ddc2,持卡人消费,15公寓浴池,-0.05,107.14,2546,正常
2016/04/09 15:12:16,af65a75f994d491a866a2fc2d253dc5c0ddf1ae9,0e1fc074029503b759d01fbb684780504580ddc2,持卡人消费,游泳馆,-6.0,101.14,2547,正常
2016/04/09 17:36:16,af65a75f994d491a866a2fc2d253dc5c0ddf1ae9,0e1fc074029503b759d01fbb684780504580ddc2,持卡人消费,超市商务子系统,-47.1,54.04,2548,正常
2016/04/10 11:21:36,af65a75f994d491a866a2fc2d253dc5c0ddf1ae9,0e1fc074029503b759d01fbb684780504580ddc2,持卡人消费,学士楼商务网关,-6.1,47.94,2549,正常
2016/04/10 11:21:40,af65a75f994d491a866a2fc2d253dc5c0ddf1ae9,0e1fc074029503b759d01fbb684780504580ddc2,持卡人消费,学士楼商务网关,-10.4,37.54,2550,正常
2016/04/10 11:50:02,af65a75f994d491a866a2fc2d253dc5c0ddf1ae9,0e1fc074029503b759d01fbb684780504580ddc2,持卡人消费,硕果园（工大商店）,-14.0,23.54,2551,正常
2016/04/10 11:53:13,af65a75f994d491a866a2fc2d253dc5c0ddf1ae9,0e1fc074029503b759d01fbb684780504580ddc2,持卡人消费,硕果园（工大商店）,-14.0,9.54,2552,正常
2016/04/10 17:38:07,af65a75f994d491a866a2fc2d253dc5c0ddf1ae9,0e1fc074029503b759d01fbb684780504580ddc2,持卡人消费,学子楼商务网关,-2.0,7.54,2553,正常
2016/04/11 11:21:57,af65a75f994d491a866a2fc2d253dc5c0ddf1ae9,0e1fc074029503b759d01fbb684780504580ddc2,存款,学苑楼综合业务2,200.0,207.54,2554,正常
2016/04/11 11:23:38,af65a75f994d491a866a2fc2d253dc5c0ddf1ae9,0e1fc074029503b759d01fbb684780504580ddc2,持卡人消费,学苑楼商务网关,-7.0,200.54,2555,正常
2016/04/11 11:23:53,af65a75f994d491a866a2fc2d253dc5c0ddf1ae9,0e1fc074029503b759d01fbb684780504580ddc2,持卡人消费,学苑楼商务网关,-1.0,199.54,2556,正常
2016/04/11 12:02:05,af65a75f994d491a866a2fc2d253dc5c0ddf1ae9,0e1fc074029503b759d01fbb684780504580ddc2,持卡人消费,网络中心,-30.0,169.54,2557,正常
2016/04/11 17:21:33,af65a75f994d491a866a2fc2d253dc5c0ddf1ae9,0e1fc074029503b759d01fbb684780504580ddc2,持卡人消费,学士楼商务网关,-12.4,157.14,2558,正常
2016/04/11 17:21:47,af65a75f994d491a866a2fc2d253dc5c0ddf1ae9,0e1fc074029503b759d01fbb684780504580ddc2,持卡人消费,学士楼商务网关,-2.0,155.14,2559,正常
2016/04/12 19:34:26,af65a75f994d491a866a2fc2d253dc5c0ddf1ae9,0e1fc074029503b759d01fbb684780504580ddc2,持卡人消费,学子超市园丁总店,-3.8,151.34,2560,正常
2016/04/13 11:51:22,af65a75f994d491a866a2fc2d253dc5c0ddf1ae9,0e1fc074029503b759d01fbb684780504580ddc2,持卡人消费,学士楼商务网关,-15.0,136.34,2561,正常
2016/04/13 11:51:31,af65a75f994d491a866a2fc2d253dc5c0ddf1ae9,0e1fc074029503b759d01fbb684780504580ddc2,持卡人消费,学士楼商务网关,-10.0,126.34,2562,正常
2016/04/15 09:50:35,af65a75f994d491a866a2fc2d253dc5c0ddf1ae9,0e1fc074029503b759d01fbb684780504580ddc2,持卡人消费,游泳馆,-6.0,120.34,2563,正常
2016/04/15 11:42:32,af65a75f994d491a866a2fc2d253dc5c0ddf1ae9,0e1fc074029503b759d01fbb684780504580ddc2,持卡人消费,学士楼商务网关,-12.0,108.34,2564,正常
2016/04/15 12:04:41,af65a75f994d491a866a2fc2d253dc5c0ddf1ae9,0e1fc074029503b759d01fbb684780504580ddc2,持卡人消费,硕果园（工大商店）,-8.0,100.34,2565,正常
2016/04/16 11:29:47,af65a75f994d491a866a2fc2d253dc5c0ddf1ae9,0e1fc074029503b759d01fbb684780504580ddc2,持卡人消费,学士楼商务网关,-13.0,87.34,2566,正常
2016/04/16 11:29:50,af65a75f994d491a866a2fc2d253dc5c0ddf1ae9,0e1fc074029503b759d01fbb684780504580ddc2,持卡人消费,学士楼商务网关,-12.1,75.24,2567,正常
2016/04/16 11:36:19,af65a75f994d491a866a2fc2d253dc5c0ddf1ae9,0e1fc074029503b759d01fbb684780504580ddc2,持卡人消费,学士楼商务网关,-1.4,73.84,2568,正常
2016/04/16 11:50:30,af65a75f994d491a866a2fc2d253dc5c0ddf1ae9,0e1fc074029503b759d01fbb684780504580ddc2,持卡人消费,硕果园（工大商店）,-15.0,58.84,2569,正常
2016/04/17 18:07:53,af65a75f994d491a866a2fc2d253dc5c0ddf1ae9,0e1fc074029503b759d01fbb684780504580ddc2,持卡人消费,硕果园（工大商店）,-9.0,49.84,2570,正常
2016/04/17 18:08:45,af65a75f994d491a866a2fc2d253dc5c0ddf1ae9,0e1fc074029503b759d01fbb684780504580ddc2,持卡人消费,硕果园（工大商店）,-11.0,38.84,2571,正常
2016/04/17 18:09:51,af65a75f994d491a866a2fc2d253dc5c0ddf1ae9,0e1fc074029503b759d01fbb684780504580ddc2,持卡人消费,硕果园（工大商店）,-12.0,26.84,2572,正常
2016/04/17 18:10:05,af65a75f994d491a866a2fc2d253dc5c0ddf1ae9,0e1fc074029503b759d01fbb684780504580ddc2,持卡人消费,硕果园（工大商店）,-7.0,19.84,2573,正常
2016/04/17 18:12:03,af65a75f994d491a866a2fc2d253dc5c0ddf1ae9,0e1fc074029503b759d01fbb684780504580ddc2,持卡人消费,学苑楼商务网关,-9.0,10.84,2574,正常
2016/04/17 18:19:16,af65a75f994d491a866a2fc2d253dc5c0ddf1ae9,0e1fc074029503b759d01fbb684780504580ddc2,持卡人消费,硕果园（工大商店）,-10.8,0.04,2575,正常
2016/04/18 17:31:48,af65a75f994d491a866a2fc2d253dc5c0ddf1ae9,0e1fc074029503b759d01fbb684780504580ddc2,存款,学苑楼综合业务3,100.0,100.04,2576,正常
2016/04/18 17:35:00,af65a75f994d491a866a2fc2d253dc5c0ddf1ae9,0e1fc074029503b759d01fbb684780504580ddc2,持卡人消费,学苑楼商务网关,-9.0,91.04,2577,正常
2016/04/18 17:35:34,af65a75f994d491a866a2fc2d253dc5c0ddf1ae9,0e1fc074029503b759d01fbb684780504580ddc2,持卡人消费,学苑楼商务网关,-7.0,84.04,2578,正常
2016/04/18 17:46:43,af65a75f994d491a866a2fc2d253dc5c0ddf1ae9,0e1fc074029503b759d01fbb684780504580ddc2,持卡人消费,学苑楼商务网关,-6.0,78.04,2579,正常
2016/04/19 16:57:36,af65a75f994d491a866a2fc2d253dc5c0ddf1ae9,0e1fc074029503b759d01fbb684780504580ddc2,持卡人消费,学苑楼商务网关,-10.0,68.04,2580,正常
2016/04/19 18:04:21,af65a75f994d491a866a2fc2d253dc5c0ddf1ae9,0e1fc074029503b759d01fbb684780504580ddc2,持卡人消费,15公寓浴池,-2.0,66.04,2581,正常
2016/04/21 13:03:27,af65a75f994d491a866a2fc2d253dc5c0ddf1ae9,0e1fc074029503b759d01fbb684780504580ddc2,持卡人消费,15公寓浴池,-0.45,65.59,2583,正常
2016/04/21 13:07:54,af65a75f994d491a866a2fc2d253dc5c0ddf1ae9,0e1fc074029503b759d01fbb684780504580ddc2,持卡人消费,15公寓浴池,-0.66,64.93,2585,正常
2016/04/21 13:13:51,af65a75f994d491a866a2fc2d253dc5c0ddf1ae9,0e1fc074029503b759d01fbb684780504580ddc2,持卡人消费,15公寓浴池,-0.83,64.10,2587,正常
2016/04/21 13:14:12,af65a75f994d491a866a2fc2d253dc5c0ddf1ae9,0e1fc074029503b759d01fbb684780504580ddc2,持卡人消费,15公寓浴池,-0.05,64.05,2589,正常
2016/04/21 13:18:17,af65a75f994d491a866a2fc2d253dc5c0ddf1ae9,0e1fc074029503b759d01fbb684780504580ddc2,持卡人消费,15公寓浴池,-0.48,63.57,2591,正常
2016/04/21 16:49:58,af65a75f994d491a866a2fc2d253dc5c0ddf1ae9,0e1fc074029503b759d01fbb684780504580ddc2,持卡人消费,学苑楼商务网关,-8.8,54.77,2592,正常
2016/04/22 16:57:31,af65a75f994d491a866a2fc2d253dc5c0ddf1ae9,0e1fc074029503b759d01fbb684780504580ddc2,持卡人消费,硕果园（工大商店）,-24.0,30.77,2593,正常
2016/04/24 17:11:27,af65a75f994d491a866a2fc2d253dc5c0ddf1ae9,0e1fc074029503b759d01fbb684780504580ddc2,持卡人消费,硕果园（工大商店）,-5.0,25.77,2594,正常
2016/04/24 17:25:19,af65a75f994d491a866a2fc2d253dc5c0ddf1ae9,0e1fc074029503b759d01fbb684780504580ddc2,存款,学苑楼综合业务3,300.0,325.77,2595,正常
2016/04/24 17:25:50,af65a75f994d491a866a2fc2d253dc5c0ddf1ae9,0e1fc074029503b759d01fbb684780504580ddc2,持卡人消费,学苑楼商务网关,-9.0,316.77,2596,正常
2016/04/24 17:28:56,af65a75f994d491a866a2fc2d253dc5c0ddf1ae9,0e1fc074029503b759d01fbb684780504580ddc2,持卡人消费,硕果园（工大商店）,-0.5,316.27,2597,正常
2016/04/25 11:03:31,af65a75f994d491a866a2fc2d253dc5c0ddf1ae9,0e1fc074029503b759d01fbb684780504580ddc2,持卡人消费,学士楼商务网关,-8.0,308.27,2598,正常
2016/04/25 11:03:59,af65a75f994d491a866a2fc2d253dc5c0ddf1ae9,0e1fc074029503b759d01fbb684780504580ddc2,持卡人消费,学士楼商务网关,-2.0,306.27,2599,正常
2016/04/25 11:06:11,af65a75f994d491a866a2fc2d253dc5c0ddf1ae9,0e1fc074029503b759d01fbb684780504580ddc2,持卡人消费,学士楼商务网关,-1.0,305.27,2600,正常
2016/04/25 17:23:37,af65a75f994d491a866a2fc2d253dc5c0ddf1ae9,0e1fc074029503b759d01fbb684780504580ddc2,持卡人消费,学士楼商务网关,-8.0,297.27,2601,正常
2016/04/25 17:24:32,af65a75f994d491a866a2fc2d253dc5c0ddf1ae9,0e1fc074029503b759d01fbb684780504580ddc2,持卡人消费,学士楼商务网关,-4.0,293.27,2602,正常
2016/04/25 17:25:20,af65a75f994d491a866a2fc2d253dc5c0ddf1ae9,0e1fc074029503b759d01fbb684780504580ddc2,持卡人消费,学士楼商务网关,-0.4,292.87,2603,正常
2016/04/25 17:39:08,af65a75f994d491a866a2fc2d253dc5c0ddf1ae9,0e1fc074029503b759d01fbb684780504580ddc2,持卡人消费,学士楼商务网关,-2.1,290.77,2604,正常
2016/04/26 10:33:51,af65a75f994d491a866a2fc2d253dc5c0ddf1ae9,0e1fc074029503b759d01fbb684780504580ddc2,持卡人消费,学苑楼商务网关,-9.0,281.77,2605,正常
2016/04/26 10:36:41,af65a75f994d491a866a2fc2d253dc5c0ddf1ae9,0e1fc074029503b759d01fbb684780504580ddc2,持卡人消费,学苑楼商务网关,-7.9,273.87,2606,正常
2016/04/26 10:39:57,af65a75f994d491a866a2fc2d253dc5c0ddf1ae9,0e1fc074029503b759d01fbb684780504580ddc2,持卡人消费,学苑楼商务网关,-8.0,265.87,2607,正常
2016/04/26 11:02:47,af65a75f994d491a866a2fc2d253dc5c0ddf1ae9,0e1fc074029503b759d01fbb684780504580ddc2,持卡人消费,学苑楼商务网关,-9.0,256.87,2608,正常
2016/04/28 11:21:41,af65a75f994d491a866a2fc2d253dc5c0ddf1ae9,0e1fc074029503b759d01fbb684780504580ddc2,持卡人消费,学苑楼商务网关,-6.0,250.87,2609,正常
2016/04/28 11:23:29,af65a75f994d491a866a2fc2d253dc5c0ddf1ae9,0e1fc074029503b759d01fbb684780504580ddc2,持卡人消费,学苑楼商务网关,-7.0,243.87,2610,正常
2016/04/29 12:24:07,af65a75f994d491a866a2fc2d253dc5c0ddf1ae9,0e1fc074029503b759d01fbb684780504580ddc2,持卡人消费,学苑楼商务网关,-18.0,225.87,2611,正常
2016/04/29 12:44:48,af65a75f994d491a866a2fc2d253dc5c0ddf1ae9,0e1fc074029503b759d01fbb684780504580ddc2,持卡人消费,硕果园（工大商店）,-12.0,213.87,2612,正常
2016/04/29 16:32:22,af65a75f994d491a866a2fc2d253dc5c0ddf1ae9,0e1fc074029503b759d01fbb684780504580ddc2,持卡人消费,15公寓浴池,-1.39,212.48,2614,正常
2016/04/29 16:40:42,af65a75f994d491a866a2fc2d253dc5c0ddf1ae9,0e1fc074029503b759d01fbb684780504580ddc2,持卡人消费,15公寓浴池,-1.47,211.01,2616,正常
2016/04/30 11:48:15,af65a75f994d491a866a2fc2d253dc5c0ddf1ae9,0e1fc074029503b759d01fbb684780504580ddc2,持卡人消费,硕果园（工大商店）,-14.0,197.01,2617,正常
