交易发生时间,学号,姓名,交易类型,子系统名称,交易额,现有余额,次数,状态
2016/04/01 08:04:36,0987f176b56ab955d17ed2d2b43936affcda782f,0e483dffced1498aff89cf1d9396f17bb909e746,持卡人消费,九食堂商务网关,-2.3,52.11,4673,正常
2016/04/01 11:17:47,0987f176b56ab955d17ed2d2b43936affcda782f,0e483dffced1498aff89cf1d9396f17bb909e746,持卡人消费,四食堂商务网关,-9.58,42.53,4674,正常
2016/04/01 17:19:07,0987f176b56ab955d17ed2d2b43936affcda782f,0e483dffced1498aff89cf1d9396f17bb909e746,持卡人消费,九食堂商务网关,-3.5,39.03,4675,正常
2016/04/01 17:19:17,0987f176b56ab955d17ed2d2b43936affcda782f,0e483dffced1498aff89cf1d9396f17bb909e746,持卡人消费,九食堂商务网关,-0.5,38.53,4676,正常
2016/04/02 11:13:02,0987f176b56ab955d17ed2d2b43936affcda782f,0e483dffced1498aff89cf1d9396f17bb909e746,持卡人消费,四食堂商务网关,-10.9,27.63,4677,正常
2016/04/02 14:54:06,0987f176b56ab955d17ed2d2b43936affcda782f,0e483dffced1498aff89cf1d9396f17bb909e746,持卡人消费,二区水控,-2.1,25.53,4679,正常
2016/04/03 08:44:15,0987f176b56ab955d17ed2d2b43936affcda782f,0e483dffced1498aff89cf1d9396f17bb909e746,持卡人消费,学子便利店B06,-4.0,21.53,4680,正常
2016/04/03 11:14:29,0987f176b56ab955d17ed2d2b43936affcda782f,0e483dffced1498aff89cf1d9396f17bb909e746,持卡人消费,九食堂商务网关,-5.8,15.73,4681,正常
2016/04/03 17:05:22,0987f176b56ab955d17ed2d2b43936affcda782f,0e483dffced1498aff89cf1d9396f17bb909e746,持卡人消费,四食堂商务网关,-8.0,7.73,4682,正常
2016/04/03 17:06:15,0987f176b56ab955d17ed2d2b43936affcda782f,0e483dffced1498aff89cf1d9396f17bb909e746,持卡人消费,四食堂商务网关,-5.9,1.83,4683,正常
2016/04/04 10:41:43,0987f176b56ab955d17ed2d2b43936affcda782f,0e483dffced1498aff89cf1d9396f17bb909e746,存款,现金充值机,200.0,201.83,4684,正常
2016/04/04 11:09:08,0987f176b56ab955d17ed2d2b43936affcda782f,0e483dffced1498aff89cf1d9396f17bb909e746,持卡人消费,九食堂商务网关,-12.0,189.83,4685,正常
2016/04/04 17:13:30,0987f176b56ab955d17ed2d2b43936affcda782f,0e483dffced1498aff89cf1d9396f17bb909e746,持卡人消费,九食堂商务网关,-5.5,184.33,4686,正常
2016/04/04 17:14:01,0987f176b56ab955d17ed2d2b43936affcda782f,0e483dffced1498aff89cf1d9396f17bb909e746,持卡人消费,九食堂商务网关,-0.4,183.93,4687,正常
2016/04/04 21:51:14,0987f176b56ab955d17ed2d2b43936affcda782f,0e483dffced1498aff89cf1d9396f17bb909e746,持卡人消费,学子便利店B06,-4.0,179.93,4688,正常
2016/04/05 08:31:24,0987f176b56ab955d17ed2d2b43936affcda782f,0e483dffced1498aff89cf1d9396f17bb909e746,持卡人消费,学子便利店B06,-2.1,177.83,4689,正常
2016/04/05 11:12:49,0987f176b56ab955d17ed2d2b43936affcda782f,0e483dffced1498aff89cf1d9396f17bb909e746,持卡人消费,四食堂商务网关,-10.56,167.27,4690,正常
2016/04/05 17:10:20,0987f176b56ab955d17ed2d2b43936affcda782f,0e483dffced1498aff89cf1d9396f17bb909e746,持卡人消费,九食堂商务网关,-3.3,163.97,4691,正常
2016/04/05 17:11:36,0987f176b56ab955d17ed2d2b43936affcda782f,0e483dffced1498aff89cf1d9396f17bb909e746,持卡人消费,九食堂商务网关,-1.0,162.97,4692,正常
2016/04/05 17:12:44,0987f176b56ab955d17ed2d2b43936affcda782f,0e483dffced1498aff89cf1d9396f17bb909e746,持卡人消费,九食堂商务网关,-1.5,161.47,4693,正常
2016/04/06 07:56:39,0987f176b56ab955d17ed2d2b43936affcda782f,0e483dffced1498aff89cf1d9396f17bb909e746,持卡人消费,九食堂商务网关,-1.8,159.67,4694,正常
2016/04/06 10:57:31,0987f176b56ab955d17ed2d2b43936affcda782f,0e483dffced1498aff89cf1d9396f17bb909e746,持卡人消费,九食堂商务网关,-4.3,155.37,4695,正常
2016/04/06 10:58:39,0987f176b56ab955d17ed2d2b43936affcda782f,0e483dffced1498aff89cf1d9396f17bb909e746,持卡人消费,九食堂商务网关,-1.0,154.37,4696,正常
2016/04/06 17:22:11,0987f176b56ab955d17ed2d2b43936affcda782f,0e483dffced1498aff89cf1d9396f17bb909e746,持卡人消费,九食堂商务网关,-9.0,145.37,4697,正常
2016/04/07 08:06:08,0987f176b56ab955d17ed2d2b43936affcda782f,0e483dffced1498aff89cf1d9396f17bb909e746,持卡人消费,九食堂商务网关,-1.8,143.57,4698,正常
2016/04/07 08:07:14,0987f176b56ab955d17ed2d2b43936affcda782f,0e483dffced1498aff89cf1d9396f17bb909e746,持卡人消费,九食堂商务网关,-0.4,143.17,4699,正常
2016/04/07 11:15:32,0987f176b56ab955d17ed2d2b43936affcda782f,0e483dffced1498aff89cf1d9396f17bb909e746,持卡人消费,四食堂商务网关,-11.02,132.15,4700,正常
2016/04/07 17:18:27,0987f176b56ab955d17ed2d2b43936affcda782f,0e483dffced1498aff89cf1d9396f17bb909e746,持卡人消费,九食堂商务网关,-3.22,128.93,4701,正常
2016/04/07 17:18:45,0987f176b56ab955d17ed2d2b43936affcda782f,0e483dffced1498aff89cf1d9396f17bb909e746,持卡人消费,九食堂商务网关,-0.4,128.53,4702,正常
2016/04/07 17:20:19,0987f176b56ab955d17ed2d2b43936affcda782f,0e483dffced1498aff89cf1d9396f17bb909e746,持卡人消费,九食堂商务网关,-2.5,126.03,4703,正常
2016/04/07 17:20:48,0987f176b56ab955d17ed2d2b43936affcda782f,0e483dffced1498aff89cf1d9396f17bb909e746,持卡人消费,九食堂商务网关,-0.4,125.63,4704,正常
2016/04/08 11:16:39,0987f176b56ab955d17ed2d2b43936affcda782f,0e483dffced1498aff89cf1d9396f17bb909e746,持卡人消费,九食堂商务网关,-7.0,118.63,4705,正常
2016/04/08 17:22:57,0987f176b56ab955d17ed2d2b43936affcda782f,0e483dffced1498aff89cf1d9396f17bb909e746,持卡人消费,九食堂商务网关,-9.0,109.63,4706,正常
2016/04/08 17:37:10,0987f176b56ab955d17ed2d2b43936affcda782f,0e483dffced1498aff89cf1d9396f17bb909e746,持卡人消费,九食堂商务网关,-3.5,106.13,4707,正常
2016/04/09 11:18:08,0987f176b56ab955d17ed2d2b43936affcda782f,0e483dffced1498aff89cf1d9396f17bb909e746,持卡人消费,九食堂商务网关,-0.4,105.73,4708,正常
2016/04/09 11:18:37,0987f176b56ab955d17ed2d2b43936affcda782f,0e483dffced1498aff89cf1d9396f17bb909e746,持卡人消费,九食堂商务网关,-3.8,101.93,4709,正常
2016/04/09 11:19:10,0987f176b56ab955d17ed2d2b43936affcda782f,0e483dffced1498aff89cf1d9396f17bb909e746,持卡人消费,九食堂商务网关,-1.0,100.93,4710,正常
2016/04/09 17:08:26,0987f176b56ab955d17ed2d2b43936affcda782f,0e483dffced1498aff89cf1d9396f17bb909e746,持卡人消费,九食堂商务网关,-11.0,89.93,4711,正常
2016/04/09 17:19:42,0987f176b56ab955d17ed2d2b43936affcda782f,0e483dffced1498aff89cf1d9396f17bb909e746,持卡人消费,九食堂商务网关,-0.9,89.03,4712,正常
2016/04/10 08:03:42,0987f176b56ab955d17ed2d2b43936affcda782f,0e483dffced1498aff89cf1d9396f17bb909e746,持卡人消费,九食堂商务网关,-1.0,88.03,4713,正常
2016/04/10 08:03:53,0987f176b56ab955d17ed2d2b43936affcda782f,0e483dffced1498aff89cf1d9396f17bb909e746,持卡人消费,九食堂商务网关,-0.4,87.63,4714,正常
2016/04/10 08:05:00,0987f176b56ab955d17ed2d2b43936affcda782f,0e483dffced1498aff89cf1d9396f17bb909e746,持卡人消费,九食堂商务网关,-0.5,87.13,4715,正常
2016/04/10 08:05:51,0987f176b56ab955d17ed2d2b43936affcda782f,0e483dffced1498aff89cf1d9396f17bb909e746,持卡人消费,九食堂商务网关,-0.6,86.53,4716,正常
2016/04/10 11:21:05,0987f176b56ab955d17ed2d2b43936affcda782f,0e483dffced1498aff89cf1d9396f17bb909e746,持卡人消费,九食堂商务网关,-8.0,78.53,4717,正常
2016/04/10 11:21:39,0987f176b56ab955d17ed2d2b43936affcda782f,0e483dffced1498aff89cf1d9396f17bb909e746,持卡人消费,九食堂商务网关,-0.8,77.73,4718,正常
2016/04/10 16:11:16,0987f176b56ab955d17ed2d2b43936affcda782f,0e483dffced1498aff89cf1d9396f17bb909e746,持卡人消费,二区水控,-2.5,75.23,4720,正常
2016/04/10 16:18:31,0987f176b56ab955d17ed2d2b43936affcda782f,0e483dffced1498aff89cf1d9396f17bb909e746,持卡人消费,B6,-3.0,72.23,4721,正常
2016/04/10 17:13:31,0987f176b56ab955d17ed2d2b43936affcda782f,0e483dffced1498aff89cf1d9396f17bb909e746,持卡人消费,九食堂商务网关,-3.4,68.83,4722,正常
2016/04/10 17:14:13,0987f176b56ab955d17ed2d2b43936affcda782f,0e483dffced1498aff89cf1d9396f17bb909e746,持卡人消费,九食堂商务网关,-1.0,67.83,4723,正常
2016/04/11 08:00:22,0987f176b56ab955d17ed2d2b43936affcda782f,0e483dffced1498aff89cf1d9396f17bb909e746,持卡人消费,九食堂商务网关,-2.4,65.43,4724,正常
2016/04/11 08:01:37,0987f176b56ab955d17ed2d2b43936affcda782f,0e483dffced1498aff89cf1d9396f17bb909e746,持卡人消费,九食堂商务网关,-1.0,64.43,4725,正常
2016/04/11 11:26:21,0987f176b56ab955d17ed2d2b43936affcda782f,0e483dffced1498aff89cf1d9396f17bb909e746,持卡人消费,九食堂商务网关,-5.5,58.93,4726,正常
2016/04/11 11:27:02,0987f176b56ab955d17ed2d2b43936affcda782f,0e483dffced1498aff89cf1d9396f17bb909e746,持卡人消费,九食堂商务网关,-1.0,57.93,4727,正常
2016/04/11 15:26:02,0987f176b56ab955d17ed2d2b43936affcda782f,0e483dffced1498aff89cf1d9396f17bb909e746,持卡人消费,学子便利店B06,-3.0,54.93,4728,正常
2016/04/11 17:08:21,0987f176b56ab955d17ed2d2b43936affcda782f,0e483dffced1498aff89cf1d9396f17bb909e746,持卡人消费,四食堂商务网关,-9.72,45.21,4729,正常
2016/04/12 11:14:01,0987f176b56ab955d17ed2d2b43936affcda782f,0e483dffced1498aff89cf1d9396f17bb909e746,持卡人消费,九食堂商务网关,-2.0,43.21,4730,正常
2016/04/12 11:14:26,0987f176b56ab955d17ed2d2b43936affcda782f,0e483dffced1498aff89cf1d9396f17bb909e746,持卡人消费,九食堂商务网关,-3.1,40.11,4731,正常
2016/04/12 17:15:25,0987f176b56ab955d17ed2d2b43936affcda782f,0e483dffced1498aff89cf1d9396f17bb909e746,持卡人消费,九食堂商务网关,-2.5,37.61,4732,正常
2016/04/12 17:15:52,0987f176b56ab955d17ed2d2b43936affcda782f,0e483dffced1498aff89cf1d9396f17bb909e746,持卡人消费,九食堂商务网关,-0.8,36.81,4733,正常
2016/04/12 17:16:30,0987f176b56ab955d17ed2d2b43936affcda782f,0e483dffced1498aff89cf1d9396f17bb909e746,持卡人消费,九食堂商务网关,-0.4,36.41,4734,正常
2016/04/13 11:06:58,0987f176b56ab955d17ed2d2b43936affcda782f,0e483dffced1498aff89cf1d9396f17bb909e746,持卡人消费,九食堂商务网关,-2.0,34.41,4735,正常
2016/04/13 11:07:26,0987f176b56ab955d17ed2d2b43936affcda782f,0e483dffced1498aff89cf1d9396f17bb909e746,持卡人消费,九食堂商务网关,-2.6,31.81,4736,正常
2016/04/13 11:07:55,0987f176b56ab955d17ed2d2b43936affcda782f,0e483dffced1498aff89cf1d9396f17bb909e746,持卡人消费,九食堂商务网关,-0.8,31.01,4737,正常
2016/04/13 17:24:47,0987f176b56ab955d17ed2d2b43936affcda782f,0e483dffced1498aff89cf1d9396f17bb909e746,持卡人消费,九食堂商务网关,-9.0,22.01,4738,正常
2016/04/14 09:23:13,0987f176b56ab955d17ed2d2b43936affcda782f,0e483dffced1498aff89cf1d9396f17bb909e746,持卡人消费,B6,-3.0,19.01,4739,正常
2016/04/14 11:11:45,0987f176b56ab955d17ed2d2b43936affcda782f,0e483dffced1498aff89cf1d9396f17bb909e746,持卡人消费,四食堂商务网关,-10.94,8.07,4740,正常
2016/04/14 17:13:10,0987f176b56ab955d17ed2d2b43936affcda782f,0e483dffced1498aff89cf1d9396f17bb909e746,持卡人消费,九食堂商务网关,-4.0,4.07,4741,正常
2016/04/15 10:41:36,0987f176b56ab955d17ed2d2b43936affcda782f,0e483dffced1498aff89cf1d9396f17bb909e746,存款,现金充值机,20.0,24.07,4742,正常
2016/04/15 11:13:13,0987f176b56ab955d17ed2d2b43936affcda782f,0e483dffced1498aff89cf1d9396f17bb909e746,持卡人消费,九食堂商务网关,-3.3,20.77,4743,正常
2016/04/15 11:13:48,0987f176b56ab955d17ed2d2b43936affcda782f,0e483dffced1498aff89cf1d9396f17bb909e746,持卡人消费,九食堂商务网关,-1.0,19.77,4744,正常
2016/04/15 17:13:32,0987f176b56ab955d17ed2d2b43936affcda782f,0e483dffced1498aff89cf1d9396f17bb909e746,持卡人消费,九食堂商务网关,-3.4,16.37,4745,正常
2016/04/15 17:14:55,0987f176b56ab955d17ed2d2b43936affcda782f,0e483dffced1498aff89cf1d9396f17bb909e746,持卡人消费,九食堂商务网关,-3.0,13.37,4746,正常
2016/04/16 09:21:47,0987f176b56ab955d17ed2d2b43936affcda782f,0e483dffced1498aff89cf1d9396f17bb909e746,持卡人消费,学子便利店B06,-2.9,10.47,4747,正常
2016/04/16 11:16:06,0987f176b56ab955d17ed2d2b43936affcda782f,0e483dffced1498aff89cf1d9396f17bb909e746,持卡人消费,九食堂商务网关,-7.0,3.47,4748,正常
2016/04/16 11:20:02,0987f176b56ab955d17ed2d2b43936affcda782f,0e483dffced1498aff89cf1d9396f17bb909e746,持卡人消费,九食堂商务网关,-1.0,2.47,4749,正常
2016/04/16 10:58:05,0987f176b56ab955d17ed2d2b43936affcda782f,0e483dffced1498aff89cf1d9396f17bb909e746,存款,现金充值机,200.0,202.47,4750,正常
2016/04/16 17:13:52,0987f176b56ab955d17ed2d2b43936affcda782f,0e483dffced1498aff89cf1d9396f17bb909e746,持卡人消费,四食堂商务网关,-7.5,194.97,4751,正常
2016/04/16 17:15:26,0987f176b56ab955d17ed2d2b43936affcda782f,0e483dffced1498aff89cf1d9396f17bb909e746,持卡人消费,四食堂商务网关,-6.0,188.97,4752,正常
2016/04/17 11:30:34,0987f176b56ab955d17ed2d2b43936affcda782f,0e483dffced1498aff89cf1d9396f17bb909e746,持卡人消费,四食堂商务网关,-7.92,181.05,4753,正常
2016/04/17 17:00:24,0987f176b56ab955d17ed2d2b43936affcda782f,0e483dffced1498aff89cf1d9396f17bb909e746,持卡人消费,九食堂商务网关,-3.2,177.85,4754,正常
2016/04/17 17:01:17,0987f176b56ab955d17ed2d2b43936affcda782f,0e483dffced1498aff89cf1d9396f17bb909e746,持卡人消费,九食堂商务网关,-0.4,177.45,4755,正常
2016/04/17 17:01:57,0987f176b56ab955d17ed2d2b43936affcda782f,0e483dffced1498aff89cf1d9396f17bb909e746,持卡人消费,九食堂商务网关,-1.5,175.95,4756,正常
2016/04/17 21:49:52,0987f176b56ab955d17ed2d2b43936affcda782f,0e483dffced1498aff89cf1d9396f17bb909e746,持卡人消费,学子便利店B06,-4.2,171.75,4757,正常
2016/04/18 08:20:07,0987f176b56ab955d17ed2d2b43936affcda782f,0e483dffced1498aff89cf1d9396f17bb909e746,持卡人消费,学子便利店B06,-2.1,169.65,4758,正常
2016/04/18 17:09:32,0987f176b56ab955d17ed2d2b43936affcda782f,0e483dffced1498aff89cf1d9396f17bb909e746,持卡人消费,九食堂商务网关,-7.4,162.25,4759,正常
2016/04/18 17:10:12,0987f176b56ab955d17ed2d2b43936affcda782f,0e483dffced1498aff89cf1d9396f17bb909e746,持卡人消费,九食堂商务网关,-1.0,161.25,4760,正常
2016/04/19 08:48:13,0987f176b56ab955d17ed2d2b43936affcda782f,0e483dffced1498aff89cf1d9396f17bb909e746,持卡人消费,学子便利店B06,-3.5,157.75,4761,正常
2016/04/19 11:03:49,0987f176b56ab955d17ed2d2b43936affcda782f,0e483dffced1498aff89cf1d9396f17bb909e746,持卡人消费,四食堂商务网关,-10.9,146.85,4762,正常
2016/04/19 17:01:01,0987f176b56ab955d17ed2d2b43936affcda782f,0e483dffced1498aff89cf1d9396f17bb909e746,持卡人消费,九食堂商务网关,-4.6,142.25,4763,正常
2016/04/19 17:01:39,0987f176b56ab955d17ed2d2b43936affcda782f,0e483dffced1498aff89cf1d9396f17bb909e746,持卡人消费,九食堂商务网关,-0.4,141.85,4764,正常
2016/04/19 20:30:40,0987f176b56ab955d17ed2d2b43936affcda782f,0e483dffced1498aff89cf1d9396f17bb909e746,持卡人消费,二区水控,-2.58,139.27,4766,正常
2016/04/20 11:16:57,0987f176b56ab955d17ed2d2b43936affcda782f,0e483dffced1498aff89cf1d9396f17bb909e746,持卡人消费,九食堂商务网关,-3.4,135.87,4767,正常
2016/04/20 11:18:08,0987f176b56ab955d17ed2d2b43936affcda782f,0e483dffced1498aff89cf1d9396f17bb909e746,持卡人消费,九食堂商务网关,-1.0,134.87,4768,正常
2016/04/20 17:25:42,0987f176b56ab955d17ed2d2b43936affcda782f,0e483dffced1498aff89cf1d9396f17bb909e746,持卡人消费,九食堂商务网关,-2.5,132.37,4769,正常
2016/04/20 17:26:11,0987f176b56ab955d17ed2d2b43936affcda782f,0e483dffced1498aff89cf1d9396f17bb909e746,持卡人消费,九食堂商务网关,-1.2,131.17,4770,正常
2016/04/20 17:26:57,0987f176b56ab955d17ed2d2b43936affcda782f,0e483dffced1498aff89cf1d9396f17bb909e746,持卡人消费,九食堂商务网关,-2.0,129.17,4771,正常
2016/04/21 07:55:46,0987f176b56ab955d17ed2d2b43936affcda782f,0e483dffced1498aff89cf1d9396f17bb909e746,持卡人消费,九食堂商务网关,-2.0,127.17,4772,正常
2016/04/21 11:06:56,0987f176b56ab955d17ed2d2b43936affcda782f,0e483dffced1498aff89cf1d9396f17bb909e746,持卡人消费,四食堂商务网关,-9.55,117.62,4773,正常
2016/04/21 11:07:02,0987f176b56ab955d17ed2d2b43936affcda782f,0e483dffced1498aff89cf1d9396f17bb909e746,持卡人消费,四食堂商务网关,-6.72,110.90,4774,正常
2016/04/22 08:23:31,0987f176b56ab955d17ed2d2b43936affcda782f,0e483dffced1498aff89cf1d9396f17bb909e746,持卡人消费,网络中心,-30.0,80.90,4775,正常
2016/04/22 11:11:57,0987f176b56ab955d17ed2d2b43936affcda782f,0e483dffced1498aff89cf1d9396f17bb909e746,持卡人消费,九食堂商务网关,-14.0,66.90,4776,正常
2016/04/23 07:48:11,0987f176b56ab955d17ed2d2b43936affcda782f,0e483dffced1498aff89cf1d9396f17bb909e746,持卡人消费,九食堂商务网关,-0.5,66.40,4777,正常
2016/04/23 07:49:15,0987f176b56ab955d17ed2d2b43936affcda782f,0e483dffced1498aff89cf1d9396f17bb909e746,持卡人消费,九食堂商务网关,-2.6,63.80,4778,正常
2016/04/23 11:11:52,0987f176b56ab955d17ed2d2b43936affcda782f,0e483dffced1498aff89cf1d9396f17bb909e746,持卡人消费,四食堂商务网关,-12.1,51.70,4779,正常
2016/04/23 16:26:50,0987f176b56ab955d17ed2d2b43936affcda782f,0e483dffced1498aff89cf1d9396f17bb909e746,持卡人消费,学子便利店B06,-4.5,47.20,4780,正常
2016/04/23 17:28:30,0987f176b56ab955d17ed2d2b43936affcda782f,0e483dffced1498aff89cf1d9396f17bb909e746,持卡人消费,九食堂商务网关,-3.3,43.90,4781,正常
2016/04/23 17:29:30,0987f176b56ab955d17ed2d2b43936affcda782f,0e483dffced1498aff89cf1d9396f17bb909e746,持卡人消费,九食堂商务网关,-2.4,41.50,4782,正常
2016/04/23 19:00:15,0987f176b56ab955d17ed2d2b43936affcda782f,0e483dffced1498aff89cf1d9396f17bb909e746,持卡人消费,二区水控,-3.0,38.50,4783,正常
2016/04/24 08:41:24,0987f176b56ab955d17ed2d2b43936affcda782f,0e483dffced1498aff89cf1d9396f17bb909e746,持卡人消费,学子便利店B06,-4.9,33.60,4784,正常
2016/04/29 20:02:51,0987f176b56ab955d17ed2d2b43936affcda782f,0e483dffced1498aff89cf1d9396f17bb909e746,持卡人消费,二区水控,-1.95,31.65,4785,正常
2016/04/29 20:10:40,0987f176b56ab955d17ed2d2b43936affcda782f,0e483dffced1498aff89cf1d9396f17bb909e746,持卡人消费,学子便利店B06,-3.6,28.05,4786,正常
2016/04/30 07:34:00,0987f176b56ab955d17ed2d2b43936affcda782f,0e483dffced1498aff89cf1d9396f17bb909e746,持卡人消费,五食堂商务网关,-3.1,24.95,4787,正常
2016/04/30 11:12:28,0987f176b56ab955d17ed2d2b43936affcda782f,0e483dffced1498aff89cf1d9396f17bb909e746,持卡人消费,五食堂商务网关,-3.3,21.65,4788,正常
2016/04/30 11:13:19,0987f176b56ab955d17ed2d2b43936affcda782f,0e483dffced1498aff89cf1d9396f17bb909e746,持卡人消费,五食堂商务网关,-1.5,20.15,4789,正常
2016/04/30 17:30:21,0987f176b56ab955d17ed2d2b43936affcda782f,0e483dffced1498aff89cf1d9396f17bb909e746,持卡人消费,学子便利店B06,-0.5,19.65,4790,正常
