交易发生时间,学号,姓名,交易类型,子系统名称,交易额,现有余额,次数,状态
2016/04/01 17:44:04,f02d6b4832202f18dc6b464d76ed589934e50e6b,0e9c59e30e42fa30e5de095c08ad0f17d299e110,持卡人消费,硕果园（工大商店）,-8.0,46.13,3720,正常
2016/04/01 17:45:11,f02d6b4832202f18dc6b464d76ed589934e50e6b,0e9c59e30e42fa30e5de095c08ad0f17d299e110,持卡人消费,硕果园（工大商店）,-10.0,36.13,3721,正常
2016/04/03 19:47:23,f02d6b4832202f18dc6b464d76ed589934e50e6b,0e9c59e30e42fa30e5de095c08ad0f17d299e110,持卡人消费,超市商务子系统,-6.8,29.33,3722,正常
2016/04/03 19:59:57,f02d6b4832202f18dc6b464d76ed589934e50e6b,0e9c59e30e42fa30e5de095c08ad0f17d299e110,持卡人消费,超市商务子系统,-9.9,19.43,3723,正常
2016/04/04 17:46:21,f02d6b4832202f18dc6b464d76ed589934e50e6b,0e9c59e30e42fa30e5de095c08ad0f17d299e110,存款,现金充值机,100.0,119.43,3724,正常
2016/04/04 21:46:57,f02d6b4832202f18dc6b464d76ed589934e50e6b,0e9c59e30e42fa30e5de095c08ad0f17d299e110,持卡人消费,超市商务子系统,-9.5,109.93,3725,正常
2016/04/05 10:44:12,f02d6b4832202f18dc6b464d76ed589934e50e6b,0e9c59e30e42fa30e5de095c08ad0f17d299e110,持卡人消费,学苑楼商务网关,-8.0,101.93,3726,正常
2016/04/05 10:45:36,f02d6b4832202f18dc6b464d76ed589934e50e6b,0e9c59e30e42fa30e5de095c08ad0f17d299e110,持卡人消费,学苑楼商务网关,-1.0,100.93,3727,正常
2016/04/05 10:48:13,f02d6b4832202f18dc6b464d76ed589934e50e6b,0e9c59e30e42fa30e5de095c08ad0f17d299e110,持卡人消费,学苑楼商务网关,-3.0,97.93,3728,正常
2016/04/06 17:37:32,f02d6b4832202f18dc6b464d76ed589934e50e6b,0e9c59e30e42fa30e5de095c08ad0f17d299e110,持卡人消费,学苑楼商务网关,-8.0,89.93,3729,正常
2016/04/07 10:46:02,f02d6b4832202f18dc6b464d76ed589934e50e6b,0e9c59e30e42fa30e5de095c08ad0f17d299e110,持卡人消费,学苑楼商务网关,-9.0,80.93,3730,正常
2016/04/07 17:26:18,f02d6b4832202f18dc6b464d76ed589934e50e6b,0e9c59e30e42fa30e5de095c08ad0f17d299e110,持卡人消费,学苑楼商务网关,-8.0,72.93,3731,正常
2016/04/07 17:26:51,f02d6b4832202f18dc6b464d76ed589934e50e6b,0e9c59e30e42fa30e5de095c08ad0f17d299e110,持卡人消费,学苑楼商务网关,-1.0,71.93,3732,正常
2016/04/07 17:47:50,f02d6b4832202f18dc6b464d76ed589934e50e6b,0e9c59e30e42fa30e5de095c08ad0f17d299e110,持卡人消费,超市商务子系统,-3.5,68.43,3733,正常
2016/04/08 08:05:04,f02d6b4832202f18dc6b464d76ed589934e50e6b,0e9c59e30e42fa30e5de095c08ad0f17d299e110,持卡人消费,硕果园（工大商店）,-5.0,63.43,3734,正常
2016/04/08 17:17:10,f02d6b4832202f18dc6b464d76ed589934e50e6b,0e9c59e30e42fa30e5de095c08ad0f17d299e110,持卡人消费,超市商务子系统,-28.0,35.43,3735,正常
2016/04/08 21:33:24,f02d6b4832202f18dc6b464d76ed589934e50e6b,0e9c59e30e42fa30e5de095c08ad0f17d299e110,持卡人消费,超市商务子系统,-16.4,19.03,3736,正常
2016/04/08 21:35:15,f02d6b4832202f18dc6b464d76ed589934e50e6b,0e9c59e30e42fa30e5de095c08ad0f17d299e110,持卡人消费,超市商务子系统,-10.0,9.03,3737,正常
2016/04/09 10:09:40,f02d6b4832202f18dc6b464d76ed589934e50e6b,0e9c59e30e42fa30e5de095c08ad0f17d299e110,存款,现金充值机,100.0,109.03,3738,正常
2016/04/09 10:31:22,f02d6b4832202f18dc6b464d76ed589934e50e6b,0e9c59e30e42fa30e5de095c08ad0f17d299e110,持卡人消费,学苑楼商务网关,-8.0,101.03,3739,正常
2016/04/09 10:36:47,f02d6b4832202f18dc6b464d76ed589934e50e6b,0e9c59e30e42fa30e5de095c08ad0f17d299e110,持卡人消费,学苑楼商务网关,-1.0,100.03,3740,正常
2016/04/09 11:09:11,f02d6b4832202f18dc6b464d76ed589934e50e6b,0e9c59e30e42fa30e5de095c08ad0f17d299e110,持卡人消费,超市商务子系统,-11.7,88.33,3741,正常
2016/04/10 08:57:55,f02d6b4832202f18dc6b464d76ed589934e50e6b,0e9c59e30e42fa30e5de095c08ad0f17d299e110,持卡人消费,超市商务子系统,-2.5,85.83,3742,正常
2016/04/10 11:09:23,f02d6b4832202f18dc6b464d76ed589934e50e6b,0e9c59e30e42fa30e5de095c08ad0f17d299e110,持卡人消费,学苑楼商务网关,-7.0,78.83,3743,正常
2016/04/10 11:09:35,f02d6b4832202f18dc6b464d76ed589934e50e6b,0e9c59e30e42fa30e5de095c08ad0f17d299e110,持卡人消费,学苑楼商务网关,-10.0,68.83,3744,正常
2016/04/10 11:10:33,f02d6b4832202f18dc6b464d76ed589934e50e6b,0e9c59e30e42fa30e5de095c08ad0f17d299e110,持卡人消费,学苑楼商务网关,-1.0,67.83,3745,正常
2016/04/10 11:10:49,f02d6b4832202f18dc6b464d76ed589934e50e6b,0e9c59e30e42fa30e5de095c08ad0f17d299e110,持卡人消费,学苑楼商务网关,-1.5,66.33,3746,正常
2016/04/10 11:11:13,f02d6b4832202f18dc6b464d76ed589934e50e6b,0e9c59e30e42fa30e5de095c08ad0f17d299e110,持卡人消费,学苑楼商务网关,-3.0,63.33,3747,正常
2016/04/10 11:12:32,f02d6b4832202f18dc6b464d76ed589934e50e6b,0e9c59e30e42fa30e5de095c08ad0f17d299e110,持卡人消费,学苑楼商务网关,-7.0,56.33,3748,正常
2016/04/10 11:47:08,f02d6b4832202f18dc6b464d76ed589934e50e6b,0e9c59e30e42fa30e5de095c08ad0f17d299e110,持卡人消费,超市商务子系统,-3.6,52.73,3749,正常
2016/04/10 19:39:23,f02d6b4832202f18dc6b464d76ed589934e50e6b,0e9c59e30e42fa30e5de095c08ad0f17d299e110,持卡人消费,硕果园（工大商店）,-9.0,43.73,3750,正常
2016/04/10 19:51:10,f02d6b4832202f18dc6b464d76ed589934e50e6b,0e9c59e30e42fa30e5de095c08ad0f17d299e110,持卡人消费,硕果园（工大商店）,-3.7,40.03,3751,正常
2016/04/11 11:24:56,f02d6b4832202f18dc6b464d76ed589934e50e6b,0e9c59e30e42fa30e5de095c08ad0f17d299e110,持卡人消费,学苑楼商务网关,-8.0,32.03,3752,正常
2016/04/11 11:44:54,f02d6b4832202f18dc6b464d76ed589934e50e6b,0e9c59e30e42fa30e5de095c08ad0f17d299e110,持卡人消费,超市商务子系统,-7.8,24.23,3753,正常
2016/04/12 11:26:14,f02d6b4832202f18dc6b464d76ed589934e50e6b,0e9c59e30e42fa30e5de095c08ad0f17d299e110,持卡人消费,学苑楼商务网关,-8.8,15.43,3754,正常
2016/04/12 11:45:54,f02d6b4832202f18dc6b464d76ed589934e50e6b,0e9c59e30e42fa30e5de095c08ad0f17d299e110,持卡人消费,超市商务子系统,-5.5,9.93,3755,正常
2016/04/13 10:21:36,f02d6b4832202f18dc6b464d76ed589934e50e6b,0e9c59e30e42fa30e5de095c08ad0f17d299e110,持卡人消费,超市商务子系统,-7.4,2.53,3756,正常
2016/04/15 15:00:25,f02d6b4832202f18dc6b464d76ed589934e50e6b,0e9c59e30e42fa30e5de095c08ad0f17d299e110,存款,现金充值机,100.0,102.53,3757,正常
2016/04/15 15:25:23,f02d6b4832202f18dc6b464d76ed589934e50e6b,0e9c59e30e42fa30e5de095c08ad0f17d299e110,持卡人消费,硕果园（工大商店）,-12.0,90.53,3758,正常
2016/04/15 15:27:55,f02d6b4832202f18dc6b464d76ed589934e50e6b,0e9c59e30e42fa30e5de095c08ad0f17d299e110,持卡人消费,硕果园（工大商店）,-8.6,81.93,3759,正常
2016/04/15 16:34:58,f02d6b4832202f18dc6b464d76ed589934e50e6b,0e9c59e30e42fa30e5de095c08ad0f17d299e110,持卡人消费,15公寓浴池,-2.0,79.93,3760,正常
2016/04/15 16:45:26,f02d6b4832202f18dc6b464d76ed589934e50e6b,0e9c59e30e42fa30e5de095c08ad0f17d299e110,持卡人消费,15公寓浴池,-2.0,77.93,3761,正常
2016/04/15 16:46:57,f02d6b4832202f18dc6b464d76ed589934e50e6b,0e9c59e30e42fa30e5de095c08ad0f17d299e110,持卡人消费,15公寓浴池,-0.27,77.66,3763,正常
2016/04/15 16:50:08,f02d6b4832202f18dc6b464d76ed589934e50e6b,0e9c59e30e42fa30e5de095c08ad0f17d299e110,持卡人消费,15公寓浴池,-0.34,77.32,3765,正常
2016/04/17 16:58:36,f02d6b4832202f18dc6b464d76ed589934e50e6b,0e9c59e30e42fa30e5de095c08ad0f17d299e110,持卡人消费,学苑楼商务网关,-9.0,68.32,3766,正常
2016/04/17 17:21:19,f02d6b4832202f18dc6b464d76ed589934e50e6b,0e9c59e30e42fa30e5de095c08ad0f17d299e110,持卡人消费,超市商务子系统,-2.5,65.82,3767,正常
2016/04/18 10:46:46,f02d6b4832202f18dc6b464d76ed589934e50e6b,0e9c59e30e42fa30e5de095c08ad0f17d299e110,持卡人消费,学苑楼商务网关,-8.0,57.82,3768,正常
2016/04/18 11:07:11,f02d6b4832202f18dc6b464d76ed589934e50e6b,0e9c59e30e42fa30e5de095c08ad0f17d299e110,持卡人消费,超市商务子系统,-1.2,56.62,3769,正常
2016/04/18 11:07:49,f02d6b4832202f18dc6b464d76ed589934e50e6b,0e9c59e30e42fa30e5de095c08ad0f17d299e110,持卡人消费,超市商务子系统,-7.0,49.62,3770,正常
2016/04/18 18:57:14,f02d6b4832202f18dc6b464d76ed589934e50e6b,0e9c59e30e42fa30e5de095c08ad0f17d299e110,持卡人消费,硕果园（工大商店）,-10.0,39.62,3771,正常
2016/04/21 11:41:33,f02d6b4832202f18dc6b464d76ed589934e50e6b,0e9c59e30e42fa30e5de095c08ad0f17d299e110,持卡人消费,硕果园（工大商店）,-12.0,27.62,3772,正常
2016/04/22 11:13:38,f02d6b4832202f18dc6b464d76ed589934e50e6b,0e9c59e30e42fa30e5de095c08ad0f17d299e110,持卡人消费,学苑楼商务网关,-8.0,19.62,3773,正常
2016/04/22 11:13:43,f02d6b4832202f18dc6b464d76ed589934e50e6b,0e9c59e30e42fa30e5de095c08ad0f17d299e110,持卡人消费,学苑楼商务网关,-1.0,18.62,3774,正常
2016/04/22 16:00:20,f02d6b4832202f18dc6b464d76ed589934e50e6b,0e9c59e30e42fa30e5de095c08ad0f17d299e110,持卡人消费,超市商务子系统,-2.5,16.12,3775,正常
2016/04/24 15:01:19,f02d6b4832202f18dc6b464d76ed589934e50e6b,0e9c59e30e42fa30e5de095c08ad0f17d299e110,存款,现金充值机,100.0,116.12,3776,正常
2016/04/24 15:27:27,f02d6b4832202f18dc6b464d76ed589934e50e6b,0e9c59e30e42fa30e5de095c08ad0f17d299e110,持卡人消费,硕果园（工大商店）,-12.0,104.12,3777,正常
2016/04/24 15:28:19,f02d6b4832202f18dc6b464d76ed589934e50e6b,0e9c59e30e42fa30e5de095c08ad0f17d299e110,持卡人消费,硕果园（工大商店）,-3.0,101.12,3778,正常
2016/04/25 17:14:56,f02d6b4832202f18dc6b464d76ed589934e50e6b,0e9c59e30e42fa30e5de095c08ad0f17d299e110,持卡人消费,超市商务子系统,-3.5,97.62,3779,正常
2016/04/26 06:41:09,f02d6b4832202f18dc6b464d76ed589934e50e6b,0e9c59e30e42fa30e5de095c08ad0f17d299e110,持卡人消费,网络中心,-30.0,67.62,3780,正常
2016/04/26 17:54:36,f02d6b4832202f18dc6b464d76ed589934e50e6b,0e9c59e30e42fa30e5de095c08ad0f17d299e110,持卡人消费,A2,-3.0,64.62,3781,正常
2016/04/26 18:32:32,f02d6b4832202f18dc6b464d76ed589934e50e6b,0e9c59e30e42fa30e5de095c08ad0f17d299e110,持卡人消费,15公寓浴池,-1.15,63.47,3783,正常
2016/04/26 18:43:01,f02d6b4832202f18dc6b464d76ed589934e50e6b,0e9c59e30e42fa30e5de095c08ad0f17d299e110,持卡人消费,15公寓浴池,-2.0,61.47,3784,正常
2016/04/26 18:44:23,f02d6b4832202f18dc6b464d76ed589934e50e6b,0e9c59e30e42fa30e5de095c08ad0f17d299e110,持卡人消费,15公寓浴池,-0.26,61.21,3786,正常
2016/04/26 18:49:04,f02d6b4832202f18dc6b464d76ed589934e50e6b,0e9c59e30e42fa30e5de095c08ad0f17d299e110,持卡人消费,15公寓浴池,-0.56,60.65,3788,正常
2016/04/27 17:35:39,f02d6b4832202f18dc6b464d76ed589934e50e6b,0e9c59e30e42fa30e5de095c08ad0f17d299e110,持卡人消费,硕果园（工大商店）,-7.0,53.65,3789,正常
2016/04/29 11:31:10,f02d6b4832202f18dc6b464d76ed589934e50e6b,0e9c59e30e42fa30e5de095c08ad0f17d299e110,持卡人消费,学苑楼商务网关,-8.0,45.65,3790,正常
2016/04/29 11:31:36,f02d6b4832202f18dc6b464d76ed589934e50e6b,0e9c59e30e42fa30e5de095c08ad0f17d299e110,持卡人消费,学苑楼商务网关,-1.0,44.65,3791,正常
2016/04/29 11:57:54,f02d6b4832202f18dc6b464d76ed589934e50e6b,0e9c59e30e42fa30e5de095c08ad0f17d299e110,持卡人消费,超市商务子系统,-23.5,21.15,3792,正常
2016/04/29 20:24:48,f02d6b4832202f18dc6b464d76ed589934e50e6b,0e9c59e30e42fa30e5de095c08ad0f17d299e110,持卡人消费,超市商务子系统,-8.5,12.65,3793,正常
