交易发生时间,学号,姓名,交易类型,子系统名称,交易额,现有余额,次数,状态
2016/04/01 06:35:58,6ab7d2227304913a2eb840e72ca6be221882e633,0eb7bf7e9da74b4e95c5a41ebca8d23adf9859ac,持卡人消费,学士楼商务网关,-3.5,265.98,3106,正常
2016/04/01 11:31:52,6ab7d2227304913a2eb840e72ca6be221882e633,0eb7bf7e9da74b4e95c5a41ebca8d23adf9859ac,持卡人消费,学士楼商务网关,-12.0,253.98,3107,正常
2016/04/01 16:59:14,6ab7d2227304913a2eb840e72ca6be221882e633,0eb7bf7e9da74b4e95c5a41ebca8d23adf9859ac,持卡人消费,学士楼商务网关,-8.2,245.78,3108,正常
2016/04/01 17:14:24,6ab7d2227304913a2eb840e72ca6be221882e633,0eb7bf7e9da74b4e95c5a41ebca8d23adf9859ac,持卡人消费,超市商务子系统,-21.0,224.78,3109,正常
2016/04/02 07:08:07,6ab7d2227304913a2eb840e72ca6be221882e633,0eb7bf7e9da74b4e95c5a41ebca8d23adf9859ac,持卡人消费,学士楼商务网关,-2.1,222.68,3110,正常
2016/04/02 11:58:34,6ab7d2227304913a2eb840e72ca6be221882e633,0eb7bf7e9da74b4e95c5a41ebca8d23adf9859ac,持卡人消费,学士楼商务网关,-7.7,214.98,3111,正常
2016/04/02 16:58:17,6ab7d2227304913a2eb840e72ca6be221882e633,0eb7bf7e9da74b4e95c5a41ebca8d23adf9859ac,持卡人消费,学士楼商务网关,-8.5,206.48,3112,正常
2016/04/02 21:28:42,6ab7d2227304913a2eb840e72ca6be221882e633,0eb7bf7e9da74b4e95c5a41ebca8d23adf9859ac,持卡人消费,学子便利店A01后楼,-8.8,197.68,3113,正常
2016/04/03 11:00:30,6ab7d2227304913a2eb840e72ca6be221882e633,0eb7bf7e9da74b4e95c5a41ebca8d23adf9859ac,持卡人消费,学士楼商务网关,-9.5,188.18,3114,正常
2016/04/03 17:05:45,6ab7d2227304913a2eb840e72ca6be221882e633,0eb7bf7e9da74b4e95c5a41ebca8d23adf9859ac,持卡人消费,学士楼商务网关,-4.5,183.68,3115,正常
2016/04/03 17:05:54,6ab7d2227304913a2eb840e72ca6be221882e633,0eb7bf7e9da74b4e95c5a41ebca8d23adf9859ac,持卡人消费,学士楼商务网关,-1.6,182.08,3116,正常
2016/04/03 17:08:34,6ab7d2227304913a2eb840e72ca6be221882e633,0eb7bf7e9da74b4e95c5a41ebca8d23adf9859ac,持卡人消费,学士楼商务网关,-1.9,180.18,3117,正常
2016/04/03 21:31:01,6ab7d2227304913a2eb840e72ca6be221882e633,0eb7bf7e9da74b4e95c5a41ebca8d23adf9859ac,持卡人消费,学子便利店A01后楼,-2.0,178.18,3118,正常
2016/04/04 13:45:39,6ab7d2227304913a2eb840e72ca6be221882e633,0eb7bf7e9da74b4e95c5a41ebca8d23adf9859ac,持卡人消费,硕果园（工大商店）,-11.0,167.18,3119,正常
2016/04/04 13:57:23,6ab7d2227304913a2eb840e72ca6be221882e633,0eb7bf7e9da74b4e95c5a41ebca8d23adf9859ac,持卡人消费,超市商务子系统,-5.0,162.18,3120,正常
2016/04/05 10:22:22,6ab7d2227304913a2eb840e72ca6be221882e633,0eb7bf7e9da74b4e95c5a41ebca8d23adf9859ac,持卡人消费,硕果园（工大商店）,-11.0,151.18,3121,正常
2016/04/05 10:23:04,6ab7d2227304913a2eb840e72ca6be221882e633,0eb7bf7e9da74b4e95c5a41ebca8d23adf9859ac,持卡人消费,硕果园（工大商店）,-5.0,146.18,3122,正常
2016/04/05 17:06:15,6ab7d2227304913a2eb840e72ca6be221882e633,0eb7bf7e9da74b4e95c5a41ebca8d23adf9859ac,持卡人消费,学士楼商务网关,-9.9,136.28,3123,正常
2016/04/05 21:14:03,6ab7d2227304913a2eb840e72ca6be221882e633,0eb7bf7e9da74b4e95c5a41ebca8d23adf9859ac,持卡人消费,超市商务子系统,-6.0,130.28,3124,正常
2016/04/06 07:43:40,6ab7d2227304913a2eb840e72ca6be221882e633,0eb7bf7e9da74b4e95c5a41ebca8d23adf9859ac,持卡人消费,学士楼商务网关,-4.3,125.98,3125,正常
2016/04/06 12:05:30,6ab7d2227304913a2eb840e72ca6be221882e633,0eb7bf7e9da74b4e95c5a41ebca8d23adf9859ac,持卡人消费,学士楼商务网关,-6.9,119.08,3126,正常
2016/04/06 17:15:16,6ab7d2227304913a2eb840e72ca6be221882e633,0eb7bf7e9da74b4e95c5a41ebca8d23adf9859ac,持卡人消费,学士楼商务网关,-6.9,112.18,3127,正常
2016/04/06 17:27:31,6ab7d2227304913a2eb840e72ca6be221882e633,0eb7bf7e9da74b4e95c5a41ebca8d23adf9859ac,持卡人消费,超市商务子系统,-24.8,87.38,3128,正常
2016/04/08 17:04:05,6ab7d2227304913a2eb840e72ca6be221882e633,0eb7bf7e9da74b4e95c5a41ebca8d23adf9859ac,持卡人消费,学士楼商务网关,-7.4,79.98,3129,正常
2016/04/09 16:45:22,6ab7d2227304913a2eb840e72ca6be221882e633,0eb7bf7e9da74b4e95c5a41ebca8d23adf9859ac,持卡人消费,学士楼商务网关,-9.3,70.68,3130,正常
2016/04/09 21:55:59,6ab7d2227304913a2eb840e72ca6be221882e633,0eb7bf7e9da74b4e95c5a41ebca8d23adf9859ac,持卡人消费,学子便利店A01后楼,-9.8,60.88,3131,正常
2016/04/10 17:17:26,6ab7d2227304913a2eb840e72ca6be221882e633,0eb7bf7e9da74b4e95c5a41ebca8d23adf9859ac,持卡人消费,学士楼商务网关,-8.85,52.03,3132,正常
2016/04/11 21:12:44,6ab7d2227304913a2eb840e72ca6be221882e633,0eb7bf7e9da74b4e95c5a41ebca8d23adf9859ac,持卡人消费,超市商务子系统,-6.0,46.03,3133,正常
2016/04/13 16:43:08,6ab7d2227304913a2eb840e72ca6be221882e633,0eb7bf7e9da74b4e95c5a41ebca8d23adf9859ac,持卡人消费,学士楼商务网关,-10.0,36.03,3134,正常
2016/04/14 16:40:15,6ab7d2227304913a2eb840e72ca6be221882e633,0eb7bf7e9da74b4e95c5a41ebca8d23adf9859ac,持卡人消费,学苑楼商务网关,-9.0,27.03,3135,正常
2016/04/15 16:40:31,6ab7d2227304913a2eb840e72ca6be221882e633,0eb7bf7e9da74b4e95c5a41ebca8d23adf9859ac,持卡人消费,学苑楼商务网关,-8.0,19.03,3136,正常
2016/04/15 21:38:08,6ab7d2227304913a2eb840e72ca6be221882e633,0eb7bf7e9da74b4e95c5a41ebca8d23adf9859ac,持卡人消费,学子便利店A01后楼,-8.8,10.23,3137,正常
2016/04/16 16:46:36,6ab7d2227304913a2eb840e72ca6be221882e633,0eb7bf7e9da74b4e95c5a41ebca8d23adf9859ac,存款,卡中心综合业务,400.0,410.23,3138,正常
2016/04/16 16:48:33,6ab7d2227304913a2eb840e72ca6be221882e633,0eb7bf7e9da74b4e95c5a41ebca8d23adf9859ac,持卡人消费,学苑楼商务网关,-6.0,404.23,3139,正常
2016/04/17 08:47:42,6ab7d2227304913a2eb840e72ca6be221882e633,0eb7bf7e9da74b4e95c5a41ebca8d23adf9859ac,持卡人消费,学子便利店A01后楼,-2.8,401.43,3140,正常
2016/04/17 16:38:35,6ab7d2227304913a2eb840e72ca6be221882e633,0eb7bf7e9da74b4e95c5a41ebca8d23adf9859ac,持卡人消费,学苑楼商务网关,-8.8,392.63,3141,正常
2016/04/17 21:11:28,6ab7d2227304913a2eb840e72ca6be221882e633,0eb7bf7e9da74b4e95c5a41ebca8d23adf9859ac,持卡人消费,超市商务子系统,-3.0,389.63,3142,正常
2016/04/18 16:38:54,6ab7d2227304913a2eb840e72ca6be221882e633,0eb7bf7e9da74b4e95c5a41ebca8d23adf9859ac,持卡人消费,学苑楼商务网关,-7.5,382.13,3143,正常
2016/04/19 16:43:46,6ab7d2227304913a2eb840e72ca6be221882e633,0eb7bf7e9da74b4e95c5a41ebca8d23adf9859ac,持卡人消费,学苑楼商务网关,-7.5,374.63,3144,正常
2016/04/20 16:32:11,6ab7d2227304913a2eb840e72ca6be221882e633,0eb7bf7e9da74b4e95c5a41ebca8d23adf9859ac,持卡人消费,学苑楼商务网关,-7.5,367.13,3145,正常
2016/04/21 12:09:52,6ab7d2227304913a2eb840e72ca6be221882e633,0eb7bf7e9da74b4e95c5a41ebca8d23adf9859ac,持卡人消费,学苑楼商务网关,-8.0,359.13,3146,正常
2016/04/23 10:33:13,6ab7d2227304913a2eb840e72ca6be221882e633,0eb7bf7e9da74b4e95c5a41ebca8d23adf9859ac,持卡人消费,硕果园（工大商店）,-9.0,350.13,3147,正常
2016/04/23 10:34:36,6ab7d2227304913a2eb840e72ca6be221882e633,0eb7bf7e9da74b4e95c5a41ebca8d23adf9859ac,持卡人消费,硕果园（工大商店）,-1.5,348.63,3148,正常
2016/04/23 17:30:27,6ab7d2227304913a2eb840e72ca6be221882e633,0eb7bf7e9da74b4e95c5a41ebca8d23adf9859ac,持卡人消费,学苑楼商务网关,-7.5,341.13,3149,正常
2016/04/23 20:17:30,6ab7d2227304913a2eb840e72ca6be221882e633,0eb7bf7e9da74b4e95c5a41ebca8d23adf9859ac,持卡人消费,超市商务子系统,-6.0,335.13,3150,正常
2016/04/23 20:20:05,6ab7d2227304913a2eb840e72ca6be221882e633,0eb7bf7e9da74b4e95c5a41ebca8d23adf9859ac,持卡人消费,超市商务子系统,-1.0,334.13,3151,正常
2016/04/24 12:26:19,6ab7d2227304913a2eb840e72ca6be221882e633,0eb7bf7e9da74b4e95c5a41ebca8d23adf9859ac,持卡人消费,学苑楼商务网关,-10.0,324.13,3152,正常
2016/04/24 17:00:23,6ab7d2227304913a2eb840e72ca6be221882e633,0eb7bf7e9da74b4e95c5a41ebca8d23adf9859ac,持卡人消费,硕果园（工大商店）,-24.0,300.13,3153,正常
2016/04/24 18:00:53,6ab7d2227304913a2eb840e72ca6be221882e633,0eb7bf7e9da74b4e95c5a41ebca8d23adf9859ac,持卡人消费,超市商务子系统,-3.0,297.13,3154,正常
2016/04/24 19:50:31,6ab7d2227304913a2eb840e72ca6be221882e633,0eb7bf7e9da74b4e95c5a41ebca8d23adf9859ac,持卡人消费,超市商务子系统,-4.2,292.93,3155,正常
2016/04/25 11:15:18,6ab7d2227304913a2eb840e72ca6be221882e633,0eb7bf7e9da74b4e95c5a41ebca8d23adf9859ac,持卡人消费,学士楼商务网关,-8.7,284.23,3156,正常
2016/04/25 11:24:52,6ab7d2227304913a2eb840e72ca6be221882e633,0eb7bf7e9da74b4e95c5a41ebca8d23adf9859ac,持卡人消费,超市商务子系统,-11.7,272.53,3157,正常
2016/04/25 16:43:29,6ab7d2227304913a2eb840e72ca6be221882e633,0eb7bf7e9da74b4e95c5a41ebca8d23adf9859ac,持卡人消费,学苑楼商务网关,-0.4,272.13,3158,正常
2016/04/25 16:44:21,6ab7d2227304913a2eb840e72ca6be221882e633,0eb7bf7e9da74b4e95c5a41ebca8d23adf9859ac,持卡人消费,学苑楼商务网关,-8.0,264.13,3159,正常
2016/04/25 16:45:05,6ab7d2227304913a2eb840e72ca6be221882e633,0eb7bf7e9da74b4e95c5a41ebca8d23adf9859ac,持卡人消费,学苑楼商务网关,-3.0,261.13,3160,正常
2016/04/25 17:02:01,6ab7d2227304913a2eb840e72ca6be221882e633,0eb7bf7e9da74b4e95c5a41ebca8d23adf9859ac,持卡人消费,超市商务子系统,-15.5,245.63,3161,正常
2016/04/26 08:00:03,6ab7d2227304913a2eb840e72ca6be221882e633,0eb7bf7e9da74b4e95c5a41ebca8d23adf9859ac,持卡人消费,学苑楼商务网关,-9.0,236.63,3162,正常
2016/04/26 16:39:32,6ab7d2227304913a2eb840e72ca6be221882e633,0eb7bf7e9da74b4e95c5a41ebca8d23adf9859ac,持卡人消费,学苑楼商务网关,-8.0,228.63,3163,正常
2016/04/26 16:40:01,6ab7d2227304913a2eb840e72ca6be221882e633,0eb7bf7e9da74b4e95c5a41ebca8d23adf9859ac,持卡人消费,学苑楼商务网关,-0.4,228.23,3164,正常
2016/04/26 16:49:06,6ab7d2227304913a2eb840e72ca6be221882e633,0eb7bf7e9da74b4e95c5a41ebca8d23adf9859ac,持卡人消费,超市商务子系统,-9.0,219.23,3165,正常
2016/04/27 12:06:37,6ab7d2227304913a2eb840e72ca6be221882e633,0eb7bf7e9da74b4e95c5a41ebca8d23adf9859ac,持卡人消费,学苑楼商务网关,-10.0,209.23,3166,正常
2016/04/27 12:06:55,6ab7d2227304913a2eb840e72ca6be221882e633,0eb7bf7e9da74b4e95c5a41ebca8d23adf9859ac,持卡人消费,学苑楼商务网关,-0.4,208.83,3167,正常
2016/04/27 16:51:36,6ab7d2227304913a2eb840e72ca6be221882e633,0eb7bf7e9da74b4e95c5a41ebca8d23adf9859ac,持卡人消费,学苑楼商务网关,-6.0,202.83,3168,正常
2016/04/28 07:12:57,6ab7d2227304913a2eb840e72ca6be221882e633,0eb7bf7e9da74b4e95c5a41ebca8d23adf9859ac,持卡人消费,学苑楼商务网关,-9.0,193.83,3169,正常
2016/04/28 16:46:35,6ab7d2227304913a2eb840e72ca6be221882e633,0eb7bf7e9da74b4e95c5a41ebca8d23adf9859ac,持卡人消费,学苑楼商务网关,-6.0,187.83,3170,正常
2016/04/28 17:04:39,6ab7d2227304913a2eb840e72ca6be221882e633,0eb7bf7e9da74b4e95c5a41ebca8d23adf9859ac,持卡人消费,超市商务子系统,-15.5,172.33,3171,正常
2016/04/28 19:45:23,6ab7d2227304913a2eb840e72ca6be221882e633,0eb7bf7e9da74b4e95c5a41ebca8d23adf9859ac,持卡人消费,超市商务子系统,-25.9,146.43,3172,正常
2016/04/29 10:52:16,6ab7d2227304913a2eb840e72ca6be221882e633,0eb7bf7e9da74b4e95c5a41ebca8d23adf9859ac,持卡人消费,学苑楼商务网关,-9.0,137.43,3173,正常
2016/04/29 16:43:42,6ab7d2227304913a2eb840e72ca6be221882e633,0eb7bf7e9da74b4e95c5a41ebca8d23adf9859ac,持卡人消费,学苑楼商务网关,-8.0,129.43,3174,正常
2016/04/30 10:53:51,6ab7d2227304913a2eb840e72ca6be221882e633,0eb7bf7e9da74b4e95c5a41ebca8d23adf9859ac,持卡人消费,学士楼商务网关,-13.0,116.43,3175,正常
2016/04/30 16:55:11,6ab7d2227304913a2eb840e72ca6be221882e633,0eb7bf7e9da74b4e95c5a41ebca8d23adf9859ac,持卡人消费,学苑楼商务网关,-8.8,107.63,3176,正常
2016/04/30 17:07:08,6ab7d2227304913a2eb840e72ca6be221882e633,0eb7bf7e9da74b4e95c5a41ebca8d23adf9859ac,持卡人消费,超市商务子系统,-4.7,102.93,3177,正常
2016/04/30 21:08:27,6ab7d2227304913a2eb840e72ca6be221882e633,0eb7bf7e9da74b4e95c5a41ebca8d23adf9859ac,持卡人消费,学子便利店A01后楼,-10.8,92.13,3178,正常
