交易发生时间,学号,姓名,交易类型,子系统名称,交易额,现有余额,次数,状态
2016/04/01 12:37:12,335ac6cf848e4cdf67a03eff0419ae6527e26115,0f4c3f4b296f883688ecb249b364f49f85b04882,持卡人消费,超市商务子系统,-0.4,45.39,565,正常
2016/04/13 19:59:57,335ac6cf848e4cdf67a03eff0419ae6527e26115,0f4c3f4b296f883688ecb249b364f49f85b04882,持卡人消费,超市商务子系统,-2.4,42.99,566,正常
2016/04/15 20:06:54,335ac6cf848e4cdf67a03eff0419ae6527e26115,0f4c3f4b296f883688ecb249b364f49f85b04882,持卡人消费,超市商务子系统,-3.4,39.59,567,正常
2016/04/15 20:35:31,335ac6cf848e4cdf67a03eff0419ae6527e26115,0f4c3f4b296f883688ecb249b364f49f85b04882,持卡人消费,一校区水控新,-1.66,37.93,568,正常
2016/04/15 20:42:07,335ac6cf848e4cdf67a03eff0419ae6527e26115,0f4c3f4b296f883688ecb249b364f49f85b04882,持卡人消费,一校区水控新,-0.8,37.13,569,正常
2016/04/18 07:03:40,335ac6cf848e4cdf67a03eff0419ae6527e26115,0f4c3f4b296f883688ecb249b364f49f85b04882,持卡人消费,学士楼商务网关,-5.0,32.13,570,正常
2016/04/18 07:05:18,335ac6cf848e4cdf67a03eff0419ae6527e26115,0f4c3f4b296f883688ecb249b364f49f85b04882,持卡人消费,学士楼商务网关,-3.0,29.13,571,正常
2016/04/20 16:20:23,335ac6cf848e4cdf67a03eff0419ae6527e26115,0f4c3f4b296f883688ecb249b364f49f85b04882,持卡人消费,超市商务子系统,-2.0,27.13,572,正常
2016/04/20 16:21:22,335ac6cf848e4cdf67a03eff0419ae6527e26115,0f4c3f4b296f883688ecb249b364f49f85b04882,持卡人消费,超市商务子系统,-7.0,20.13,573,正常
2016/04/25 17:30:08,335ac6cf848e4cdf67a03eff0419ae6527e26115,0f4c3f4b296f883688ecb249b364f49f85b04882,持卡人消费,超市商务子系统,-2.4,17.73,574,正常
2016/04/25 17:31:12,335ac6cf848e4cdf67a03eff0419ae6527e26115,0f4c3f4b296f883688ecb249b364f49f85b04882,持卡人消费,超市商务子系统,-7.0,10.73,575,正常
2016/04/27 15:47:23,335ac6cf848e4cdf67a03eff0419ae6527e26115,0f4c3f4b296f883688ecb249b364f49f85b04882,持卡人消费,超市商务子系统,-7.0,3.73,576,正常
2016/04/28 20:25:17,335ac6cf848e4cdf67a03eff0419ae6527e26115,0f4c3f4b296f883688ecb249b364f49f85b04882,持卡人消费,超市商务子系统,-0.6,3.13,577,正常
2016/04/30 13:36:24,335ac6cf848e4cdf67a03eff0419ae6527e26115,0f4c3f4b296f883688ecb249b364f49f85b04882,持卡人消费,超市商务子系统,-0.8,2.33,578,正常
