交易发生时间,学号,姓名,交易类型,子系统名称,交易额,现有余额,次数,状态
2016/04/01 13:00:05,b0f600fbbf65be06d70b322194a0f1e0b51fa33b,0fad87c635317327bd3e4756262e3368daa3874c,持卡人消费,硕果园（工大商店）,-8.0,44.82,3823,正常
2016/04/01 17:53:37,b0f600fbbf65be06d70b322194a0f1e0b51fa33b,0fad87c635317327bd3e4756262e3368daa3874c,持卡人消费,学苑楼商务网关,-8.0,36.82,3824,正常
2016/04/02 11:26:33,b0f600fbbf65be06d70b322194a0f1e0b51fa33b,0fad87c635317327bd3e4756262e3368daa3874c,持卡人消费,南苑网关,-0.5,36.32,3825,正常
2016/04/02 11:27:09,b0f600fbbf65be06d70b322194a0f1e0b51fa33b,0fad87c635317327bd3e4756262e3368daa3874c,持卡人消费,南苑网关,-3.3,33.02,3826,正常
2016/04/02 19:43:21,b0f600fbbf65be06d70b322194a0f1e0b51fa33b,0fad87c635317327bd3e4756262e3368daa3874c,持卡人消费,学士楼商务网关,-6.0,27.02,3827,正常
2016/04/02 19:50:53,b0f600fbbf65be06d70b322194a0f1e0b51fa33b,0fad87c635317327bd3e4756262e3368daa3874c,持卡人消费,学士楼商务网关,-0.4,26.62,3828,正常
2016/04/03 11:16:22,b0f600fbbf65be06d70b322194a0f1e0b51fa33b,0fad87c635317327bd3e4756262e3368daa3874c,持卡人消费,学苑楼商务网关,-8.0,18.62,3829,正常
2016/04/03 17:46:05,b0f600fbbf65be06d70b322194a0f1e0b51fa33b,0fad87c635317327bd3e4756262e3368daa3874c,持卡人消费,学苑楼商务网关,-7.0,11.62,3830,正常
2016/04/03 20:22:23,b0f600fbbf65be06d70b322194a0f1e0b51fa33b,0fad87c635317327bd3e4756262e3368daa3874c,持卡人消费,一校区水控新,-0.3,11.32,3832,正常
2016/04/03 20:24:03,b0f600fbbf65be06d70b322194a0f1e0b51fa33b,0fad87c635317327bd3e4756262e3368daa3874c,持卡人消费,一校区水控新,-0.16,11.16,3834,正常
2016/04/03 20:29:48,b0f600fbbf65be06d70b322194a0f1e0b51fa33b,0fad87c635317327bd3e4756262e3368daa3874c,持卡人消费,一校区水控新,-0.72,10.44,3836,正常
2016/04/03 20:32:32,b0f600fbbf65be06d70b322194a0f1e0b51fa33b,0fad87c635317327bd3e4756262e3368daa3874c,持卡人消费,一校区水控新,-0.13,10.31,3838,正常
2016/04/04 12:58:15,b0f600fbbf65be06d70b322194a0f1e0b51fa33b,0fad87c635317327bd3e4756262e3368daa3874c,持卡人消费,硕果园（工大商店）,-8.0,2.31,3839,正常
2016/04/05 12:05:23,b0f600fbbf65be06d70b322194a0f1e0b51fa33b,0fad87c635317327bd3e4756262e3368daa3874c,存款,学苑楼综合业务3,200.0,202.31,3840,正常
2016/04/05 12:07:33,b0f600fbbf65be06d70b322194a0f1e0b51fa33b,0fad87c635317327bd3e4756262e3368daa3874c,持卡人消费,学苑楼商务网关,-8.0,194.31,3841,正常
2016/04/05 12:08:28,b0f600fbbf65be06d70b322194a0f1e0b51fa33b,0fad87c635317327bd3e4756262e3368daa3874c,持卡人消费,学苑楼商务网关,-8.8,185.51,3842,正常
2016/04/05 12:26:14,b0f600fbbf65be06d70b322194a0f1e0b51fa33b,0fad87c635317327bd3e4756262e3368daa3874c,持卡人消费,网络中心,-30.0,155.51,3843,正常
2016/04/05 20:36:54,b0f600fbbf65be06d70b322194a0f1e0b51fa33b,0fad87c635317327bd3e4756262e3368daa3874c,持卡人消费,学士楼商务网关,-2.9,152.61,3844,正常
2016/04/06 13:32:27,b0f600fbbf65be06d70b322194a0f1e0b51fa33b,0fad87c635317327bd3e4756262e3368daa3874c,持卡人消费,硕果园（工大商店）,-7.0,145.61,3845,正常
2016/04/06 21:20:47,b0f600fbbf65be06d70b322194a0f1e0b51fa33b,0fad87c635317327bd3e4756262e3368daa3874c,持卡人消费,超市商务子系统,-11.0,134.61,3846,正常
2016/04/07 11:57:03,b0f600fbbf65be06d70b322194a0f1e0b51fa33b,0fad87c635317327bd3e4756262e3368daa3874c,持卡人消费,硕果园（工大商店）,-8.0,126.61,3847,正常
2016/04/07 19:43:12,b0f600fbbf65be06d70b322194a0f1e0b51fa33b,0fad87c635317327bd3e4756262e3368daa3874c,持卡人消费,学士楼商务网关,-7.0,119.61,3848,正常
2016/04/08 12:04:41,b0f600fbbf65be06d70b322194a0f1e0b51fa33b,0fad87c635317327bd3e4756262e3368daa3874c,持卡人消费,硕果园（工大商店）,-9.0,110.61,3849,正常
2016/04/08 17:40:29,b0f600fbbf65be06d70b322194a0f1e0b51fa33b,0fad87c635317327bd3e4756262e3368daa3874c,持卡人消费,硕果园（工大商店）,-9.0,101.61,3850,正常
2016/04/09 11:44:36,b0f600fbbf65be06d70b322194a0f1e0b51fa33b,0fad87c635317327bd3e4756262e3368daa3874c,持卡人消费,学士楼商务网关,-8.6,93.01,3851,正常
2016/04/09 17:35:58,b0f600fbbf65be06d70b322194a0f1e0b51fa33b,0fad87c635317327bd3e4756262e3368daa3874c,持卡人消费,学苑楼商务网关,-8.0,85.01,3852,正常
2016/04/10 11:46:03,b0f600fbbf65be06d70b322194a0f1e0b51fa33b,0fad87c635317327bd3e4756262e3368daa3874c,持卡人消费,学士楼商务网关,-5.9,79.11,3853,正常
2016/04/10 17:53:50,b0f600fbbf65be06d70b322194a0f1e0b51fa33b,0fad87c635317327bd3e4756262e3368daa3874c,持卡人消费,硕果园（工大商店）,-9.0,70.11,3854,正常
2016/04/11 12:29:50,b0f600fbbf65be06d70b322194a0f1e0b51fa33b,0fad87c635317327bd3e4756262e3368daa3874c,持卡人消费,硕果园（工大商店）,-9.0,61.11,3855,正常
2016/04/11 18:04:48,b0f600fbbf65be06d70b322194a0f1e0b51fa33b,0fad87c635317327bd3e4756262e3368daa3874c,持卡人消费,学士楼商务网关,-5.2,55.91,3856,正常
2016/04/11 18:05:06,b0f600fbbf65be06d70b322194a0f1e0b51fa33b,0fad87c635317327bd3e4756262e3368daa3874c,持卡人消费,学士楼商务网关,-6.9,49.01,3857,正常
2016/04/12 11:49:43,b0f600fbbf65be06d70b322194a0f1e0b51fa33b,0fad87c635317327bd3e4756262e3368daa3874c,持卡人消费,学士楼商务网关,-3.9,45.11,3858,正常
2016/04/12 11:49:45,b0f600fbbf65be06d70b322194a0f1e0b51fa33b,0fad87c635317327bd3e4756262e3368daa3874c,持卡人消费,学士楼商务网关,-10.0,35.11,3859,正常
2016/04/12 17:45:16,b0f600fbbf65be06d70b322194a0f1e0b51fa33b,0fad87c635317327bd3e4756262e3368daa3874c,持卡人消费,学士楼商务网关,-5.8,29.31,3860,正常
2016/04/12 17:45:19,b0f600fbbf65be06d70b322194a0f1e0b51fa33b,0fad87c635317327bd3e4756262e3368daa3874c,持卡人消费,学士楼商务网关,-10.0,19.31,3861,正常
2016/04/13 12:05:48,b0f600fbbf65be06d70b322194a0f1e0b51fa33b,0fad87c635317327bd3e4756262e3368daa3874c,持卡人消费,硕果园（工大商店）,-7.0,12.31,3862,正常
2016/04/13 17:50:43,b0f600fbbf65be06d70b322194a0f1e0b51fa33b,0fad87c635317327bd3e4756262e3368daa3874c,存款,学苑楼综合业务2,100.0,112.31,3863,正常
2016/04/13 17:52:55,b0f600fbbf65be06d70b322194a0f1e0b51fa33b,0fad87c635317327bd3e4756262e3368daa3874c,持卡人消费,学苑楼商务网关,-8.0,104.31,3864,正常
2016/04/14 12:05:46,b0f600fbbf65be06d70b322194a0f1e0b51fa33b,0fad87c635317327bd3e4756262e3368daa3874c,持卡人消费,硕果园（工大商店）,-8.0,96.31,3865,正常
2016/04/15 18:06:47,b0f600fbbf65be06d70b322194a0f1e0b51fa33b,0fad87c635317327bd3e4756262e3368daa3874c,持卡人消费,硕果园（工大商店）,-7.0,89.31,3866,正常
2016/04/16 11:50:57,b0f600fbbf65be06d70b322194a0f1e0b51fa33b,0fad87c635317327bd3e4756262e3368daa3874c,持卡人消费,学士楼商务网关,-8.0,81.31,3867,正常
2016/04/16 17:18:26,b0f600fbbf65be06d70b322194a0f1e0b51fa33b,0fad87c635317327bd3e4756262e3368daa3874c,持卡人消费,学士楼商务网关,-7.5,73.81,3868,正常
2016/04/17 12:11:09,b0f600fbbf65be06d70b322194a0f1e0b51fa33b,0fad87c635317327bd3e4756262e3368daa3874c,持卡人消费,学士楼商务网关,-5.9,67.91,3869,正常
2016/04/18 12:24:39,b0f600fbbf65be06d70b322194a0f1e0b51fa33b,0fad87c635317327bd3e4756262e3368daa3874c,持卡人消费,硕果园（工大商店）,-16.9,51.01,3870,正常
2016/04/19 11:26:54,b0f600fbbf65be06d70b322194a0f1e0b51fa33b,0fad87c635317327bd3e4756262e3368daa3874c,持卡人消费,南苑网关,-11.28,39.73,3871,正常
2016/04/19 17:38:27,b0f600fbbf65be06d70b322194a0f1e0b51fa33b,0fad87c635317327bd3e4756262e3368daa3874c,持卡人消费,学士楼商务网关,-6.2,33.53,3872,正常
2016/04/19 17:38:30,b0f600fbbf65be06d70b322194a0f1e0b51fa33b,0fad87c635317327bd3e4756262e3368daa3874c,持卡人消费,学士楼商务网关,-5.4,28.13,3873,正常
2016/04/20 11:41:07,b0f600fbbf65be06d70b322194a0f1e0b51fa33b,0fad87c635317327bd3e4756262e3368daa3874c,持卡人消费,学士楼商务网关,-5.3,22.83,3874,正常
2016/04/20 11:41:10,b0f600fbbf65be06d70b322194a0f1e0b51fa33b,0fad87c635317327bd3e4756262e3368daa3874c,持卡人消费,学士楼商务网关,-10.5,12.33,3875,正常
2016/04/20 15:06:10,b0f600fbbf65be06d70b322194a0f1e0b51fa33b,0fad87c635317327bd3e4756262e3368daa3874c,持卡人消费,A18,-3.0,9.33,3876,正常
2016/04/20 17:46:33,b0f600fbbf65be06d70b322194a0f1e0b51fa33b,0fad87c635317327bd3e4756262e3368daa3874c,存款,学苑楼综合业务3,100.0,109.33,3877,正常
2016/04/20 17:48:45,b0f600fbbf65be06d70b322194a0f1e0b51fa33b,0fad87c635317327bd3e4756262e3368daa3874c,持卡人消费,学苑楼商务网关,-6.0,103.33,3878,正常
2016/04/21 11:58:11,b0f600fbbf65be06d70b322194a0f1e0b51fa33b,0fad87c635317327bd3e4756262e3368daa3874c,持卡人消费,学士楼商务网关,-5.8,97.53,3879,正常
2016/04/21 17:47:59,b0f600fbbf65be06d70b322194a0f1e0b51fa33b,0fad87c635317327bd3e4756262e3368daa3874c,持卡人消费,硕果园（工大商店）,-9.0,88.53,3880,正常
2016/04/21 18:24:26,b0f600fbbf65be06d70b322194a0f1e0b51fa33b,0fad87c635317327bd3e4756262e3368daa3874c,持卡人消费,超市商务子系统,-9.9,78.63,3881,正常
2016/04/22 11:41:01,b0f600fbbf65be06d70b322194a0f1e0b51fa33b,0fad87c635317327bd3e4756262e3368daa3874c,持卡人消费,学士楼商务网关,-7.9,70.73,3882,正常
2016/04/22 18:04:25,b0f600fbbf65be06d70b322194a0f1e0b51fa33b,0fad87c635317327bd3e4756262e3368daa3874c,持卡人消费,硕果园（工大商店）,-7.0,63.73,3883,正常
2016/04/23 18:08:21,b0f600fbbf65be06d70b322194a0f1e0b51fa33b,0fad87c635317327bd3e4756262e3368daa3874c,持卡人消费,硕果园（工大商店）,-9.0,54.73,3884,正常
2016/04/23 21:47:06,b0f600fbbf65be06d70b322194a0f1e0b51fa33b,0fad87c635317327bd3e4756262e3368daa3874c,持卡人消费,超市商务子系统,-25.6,29.13,3885,正常
2016/04/24 11:36:43,b0f600fbbf65be06d70b322194a0f1e0b51fa33b,0fad87c635317327bd3e4756262e3368daa3874c,持卡人消费,学士楼商务网关,-7.1,22.03,3886,正常
2016/04/24 19:44:27,b0f600fbbf65be06d70b322194a0f1e0b51fa33b,0fad87c635317327bd3e4756262e3368daa3874c,持卡人消费,学士楼商务网关,-6.0,16.03,3887,正常
2016/04/25 11:29:55,b0f600fbbf65be06d70b322194a0f1e0b51fa33b,0fad87c635317327bd3e4756262e3368daa3874c,持卡人消费,学士楼商务网关,-6.4,9.63,3888,正常
2016/04/25 11:30:51,b0f600fbbf65be06d70b322194a0f1e0b51fa33b,0fad87c635317327bd3e4756262e3368daa3874c,持卡人消费,学士楼商务网关,-9.6,0.03,3889,正常
2016/04/25 17:09:26,b0f600fbbf65be06d70b322194a0f1e0b51fa33b,0fad87c635317327bd3e4756262e3368daa3874c,存款,现金充值机,50.0,50.03,3890,正常
2016/04/25 17:29:05,b0f600fbbf65be06d70b322194a0f1e0b51fa33b,0fad87c635317327bd3e4756262e3368daa3874c,持卡人消费,南苑网关,-3.8,46.23,3891,正常
2016/04/25 17:30:25,b0f600fbbf65be06d70b322194a0f1e0b51fa33b,0fad87c635317327bd3e4756262e3368daa3874c,持卡人消费,南苑网关,-0.5,45.73,3892,正常
2016/04/25 20:24:05,b0f600fbbf65be06d70b322194a0f1e0b51fa33b,0fad87c635317327bd3e4756262e3368daa3874c,持卡人消费,一校区水控新,-0.69,45.04,3894,正常
2016/04/25 20:30:25,b0f600fbbf65be06d70b322194a0f1e0b51fa33b,0fad87c635317327bd3e4756262e3368daa3874c,持卡人消费,一校区水控新,-0.66,44.38,3896,正常
2016/04/26 17:27:09,b0f600fbbf65be06d70b322194a0f1e0b51fa33b,0fad87c635317327bd3e4756262e3368daa3874c,持卡人消费,学士楼商务网关,-5.5,38.88,3897,正常
2016/04/26 17:38:20,b0f600fbbf65be06d70b322194a0f1e0b51fa33b,0fad87c635317327bd3e4756262e3368daa3874c,持卡人消费,学士楼商务网关,-2.0,36.88,3898,正常
2016/04/27 11:45:30,b0f600fbbf65be06d70b322194a0f1e0b51fa33b,0fad87c635317327bd3e4756262e3368daa3874c,持卡人消费,学士楼商务网关,-6.1,30.78,3899,正常
2016/04/27 11:46:07,b0f600fbbf65be06d70b322194a0f1e0b51fa33b,0fad87c635317327bd3e4756262e3368daa3874c,持卡人消费,学士楼商务网关,-13.5,17.28,3900,正常
2016/04/27 17:52:39,b0f600fbbf65be06d70b322194a0f1e0b51fa33b,0fad87c635317327bd3e4756262e3368daa3874c,持卡人消费,硕果园（工大商店）,-9.0,8.28,3901,正常
2016/04/28 20:09:54,b0f600fbbf65be06d70b322194a0f1e0b51fa33b,0fad87c635317327bd3e4756262e3368daa3874c,持卡人消费,A18,-3.0,5.28,3902,正常
2016/04/29 11:48:39,b0f600fbbf65be06d70b322194a0f1e0b51fa33b,0fad87c635317327bd3e4756262e3368daa3874c,存款,现金充值机,100.0,105.28,3903,正常
2016/04/30 12:04:35,b0f600fbbf65be06d70b322194a0f1e0b51fa33b,0fad87c635317327bd3e4756262e3368daa3874c,持卡人消费,学士楼商务网关,-3.6,101.68,3904,正常
2016/04/30 12:05:39,b0f600fbbf65be06d70b322194a0f1e0b51fa33b,0fad87c635317327bd3e4756262e3368daa3874c,持卡人消费,学士楼商务网关,-0.5,101.18,3905,正常
2016/04/30 12:05:51,b0f600fbbf65be06d70b322194a0f1e0b51fa33b,0fad87c635317327bd3e4756262e3368daa3874c,持卡人消费,学士楼商务网关,-1.5,99.68,3906,正常
2016/04/30 17:43:59,b0f600fbbf65be06d70b322194a0f1e0b51fa33b,0fad87c635317327bd3e4756262e3368daa3874c,持卡人消费,学苑楼商务网关,-7.0,92.68,3907,正常
