交易发生时间,学号,姓名,交易类型,子系统名称,交易额,现有余额,次数,状态
2016/04/01 17:59:55,a4e93fab0f990393ec31559a2db4597cae8f1ee7,0feb683b6659f51dcec5f234ca9fd273117e72a7,持卡人消费,硕果园（工大商店）,-11.0,14.70,3691,正常
2016/04/02 17:10:22,a4e93fab0f990393ec31559a2db4597cae8f1ee7,0feb683b6659f51dcec5f234ca9fd273117e72a7,持卡人消费,土木楼网关,-8.4,6.30,3692,正常
2016/04/03 21:57:55,a4e93fab0f990393ec31559a2db4597cae8f1ee7,0feb683b6659f51dcec5f234ca9fd273117e72a7,持卡人消费,学子超市A05,-2.2,4.10,3693,正常
2016/04/04 11:11:57,a4e93fab0f990393ec31559a2db4597cae8f1ee7,0feb683b6659f51dcec5f234ca9fd273117e72a7,存款,现金充值机,100.0,104.10,3694,正常
2016/04/04 11:26:59,a4e93fab0f990393ec31559a2db4597cae8f1ee7,0feb683b6659f51dcec5f234ca9fd273117e72a7,持卡人消费,土木楼网关,-8.8,95.30,3695,正常
2016/04/04 11:27:04,a4e93fab0f990393ec31559a2db4597cae8f1ee7,0feb683b6659f51dcec5f234ca9fd273117e72a7,持卡人消费,土木楼网关,-8.8,86.50,3696,正常
2016/04/04 18:07:01,a4e93fab0f990393ec31559a2db4597cae8f1ee7,0feb683b6659f51dcec5f234ca9fd273117e72a7,持卡人消费,硕果园（工大商店）,-12.0,74.50,3697,正常
2016/04/06 11:16:19,a4e93fab0f990393ec31559a2db4597cae8f1ee7,0feb683b6659f51dcec5f234ca9fd273117e72a7,持卡人消费,土木楼网关,-8.8,65.70,3698,正常
2016/04/07 11:51:30,a4e93fab0f990393ec31559a2db4597cae8f1ee7,0feb683b6659f51dcec5f234ca9fd273117e72a7,持卡人消费,土木楼网关,-4.5,61.20,3699,正常
2016/04/07 11:52:06,a4e93fab0f990393ec31559a2db4597cae8f1ee7,0feb683b6659f51dcec5f234ca9fd273117e72a7,持卡人消费,土木楼网关,-5.0,56.20,3700,正常
2016/04/07 11:53:17,a4e93fab0f990393ec31559a2db4597cae8f1ee7,0feb683b6659f51dcec5f234ca9fd273117e72a7,持卡人消费,土木楼网关,-0.6,55.60,3701,正常
2016/04/07 18:19:44,a4e93fab0f990393ec31559a2db4597cae8f1ee7,0feb683b6659f51dcec5f234ca9fd273117e72a7,持卡人消费,硕果园（工大商店）,-11.0,44.60,3702,正常
2016/04/09 16:59:43,a4e93fab0f990393ec31559a2db4597cae8f1ee7,0feb683b6659f51dcec5f234ca9fd273117e72a7,持卡人消费,学子楼商务网关,-7.2,37.40,3703,正常
2016/04/09 17:06:26,a4e93fab0f990393ec31559a2db4597cae8f1ee7,0feb683b6659f51dcec5f234ca9fd273117e72a7,持卡人消费,学子楼商务网关,-3.5,33.90,3704,正常
2016/04/10 11:23:59,a4e93fab0f990393ec31559a2db4597cae8f1ee7,0feb683b6659f51dcec5f234ca9fd273117e72a7,持卡人消费,土木楼网关,-8.8,25.10,3705,正常
2016/04/11 11:22:44,a4e93fab0f990393ec31559a2db4597cae8f1ee7,0feb683b6659f51dcec5f234ca9fd273117e72a7,持卡人消费,土木楼网关,-8.8,16.30,3706,正常
2016/04/12 18:38:40,a4e93fab0f990393ec31559a2db4597cae8f1ee7,0feb683b6659f51dcec5f234ca9fd273117e72a7,持卡人消费,土木楼水控,-0.15,16.15,3708,正常
2016/04/12 18:45:06,a4e93fab0f990393ec31559a2db4597cae8f1ee7,0feb683b6659f51dcec5f234ca9fd273117e72a7,持卡人消费,土木楼水控,-1.31,14.84,3710,正常
2016/04/12 18:45:49,a4e93fab0f990393ec31559a2db4597cae8f1ee7,0feb683b6659f51dcec5f234ca9fd273117e72a7,持卡人消费,土木楼水控,-0.05,14.79,3712,正常
2016/04/12 19:00:54,a4e93fab0f990393ec31559a2db4597cae8f1ee7,0feb683b6659f51dcec5f234ca9fd273117e72a7,持卡人消费,土木楼水控,-2.74,12.05,3714,正常
2016/04/12 19:05:07,a4e93fab0f990393ec31559a2db4597cae8f1ee7,0feb683b6659f51dcec5f234ca9fd273117e72a7,持卡人消费,土木楼水控,-0.66,11.39,3716,正常
2016/04/14 17:07:52,a4e93fab0f990393ec31559a2db4597cae8f1ee7,0feb683b6659f51dcec5f234ca9fd273117e72a7,存款,现金充值机,50.0,61.39,3717,正常
2016/04/14 17:27:11,a4e93fab0f990393ec31559a2db4597cae8f1ee7,0feb683b6659f51dcec5f234ca9fd273117e72a7,持卡人消费,土木楼网关,-8.8,52.59,3718,正常
2016/04/14 17:29:33,a4e93fab0f990393ec31559a2db4597cae8f1ee7,0feb683b6659f51dcec5f234ca9fd273117e72a7,持卡人消费,土木楼网关,-7.5,45.09,3719,正常
2016/04/14 17:29:42,a4e93fab0f990393ec31559a2db4597cae8f1ee7,0feb683b6659f51dcec5f234ca9fd273117e72a7,持卡人消费,土木楼网关,-0.6,44.49,3720,正常
2016/04/16 11:45:55,a4e93fab0f990393ec31559a2db4597cae8f1ee7,0feb683b6659f51dcec5f234ca9fd273117e72a7,持卡人消费,土木楼网关,-8.8,35.69,3721,正常
2016/04/16 15:28:08,a4e93fab0f990393ec31559a2db4597cae8f1ee7,0feb683b6659f51dcec5f234ca9fd273117e72a7,持卡人消费,学子超市A05,-2.0,33.69,3722,正常
2016/04/17 17:46:29,a4e93fab0f990393ec31559a2db4597cae8f1ee7,0feb683b6659f51dcec5f234ca9fd273117e72a7,持卡人消费,土木楼网关,-8.6,25.09,3723,正常
2016/04/17 17:47:49,a4e93fab0f990393ec31559a2db4597cae8f1ee7,0feb683b6659f51dcec5f234ca9fd273117e72a7,持卡人消费,土木楼网关,-1.0,24.09,3724,正常
2016/04/17 18:12:00,a4e93fab0f990393ec31559a2db4597cae8f1ee7,0feb683b6659f51dcec5f234ca9fd273117e72a7,持卡人消费,土木楼网关,-1.0,23.09,3725,正常
2016/04/17 20:38:16,a4e93fab0f990393ec31559a2db4597cae8f1ee7,0feb683b6659f51dcec5f234ca9fd273117e72a7,持卡人消费,学子超市A05,-6.5,16.59,3726,正常
2016/04/17 20:48:58,a4e93fab0f990393ec31559a2db4597cae8f1ee7,0feb683b6659f51dcec5f234ca9fd273117e72a7,持卡人消费,学子超市A05,-2.2,14.39,3727,正常
2016/04/18 11:25:50,a4e93fab0f990393ec31559a2db4597cae8f1ee7,0feb683b6659f51dcec5f234ca9fd273117e72a7,持卡人消费,土木楼网关,-8.8,5.59,3728,正常
2016/04/18 21:38:14,a4e93fab0f990393ec31559a2db4597cae8f1ee7,0feb683b6659f51dcec5f234ca9fd273117e72a7,持卡人消费,学子超市A05,-2.2,3.39,3729,正常
2016/04/19 11:51:24,a4e93fab0f990393ec31559a2db4597cae8f1ee7,0feb683b6659f51dcec5f234ca9fd273117e72a7,存款,现金充值机,100.0,103.39,3730,正常
2016/04/19 12:10:55,a4e93fab0f990393ec31559a2db4597cae8f1ee7,0feb683b6659f51dcec5f234ca9fd273117e72a7,持卡人消费,土木楼网关,-6.6,96.79,3731,正常
2016/04/19 15:51:45,a4e93fab0f990393ec31559a2db4597cae8f1ee7,0feb683b6659f51dcec5f234ca9fd273117e72a7,持卡人消费,学子超市A05,-4.0,92.79,3732,正常
2016/04/19 17:22:19,a4e93fab0f990393ec31559a2db4597cae8f1ee7,0feb683b6659f51dcec5f234ca9fd273117e72a7,持卡人消费,土木楼网关,-10.1,82.69,3733,正常
2016/04/19 17:24:25,a4e93fab0f990393ec31559a2db4597cae8f1ee7,0feb683b6659f51dcec5f234ca9fd273117e72a7,持卡人消费,土木楼网关,-1.0,81.69,3734,正常
2016/04/20 11:28:10,a4e93fab0f990393ec31559a2db4597cae8f1ee7,0feb683b6659f51dcec5f234ca9fd273117e72a7,持卡人消费,土木楼网关,-8.8,72.89,3735,正常
2016/04/20 17:27:33,a4e93fab0f990393ec31559a2db4597cae8f1ee7,0feb683b6659f51dcec5f234ca9fd273117e72a7,持卡人消费,土木楼网关,-7.6,65.29,3736,正常
2016/04/20 17:27:48,a4e93fab0f990393ec31559a2db4597cae8f1ee7,0feb683b6659f51dcec5f234ca9fd273117e72a7,持卡人消费,土木楼网关,-1.0,64.29,3737,正常
2016/04/20 17:47:44,a4e93fab0f990393ec31559a2db4597cae8f1ee7,0feb683b6659f51dcec5f234ca9fd273117e72a7,持卡人消费,土木楼网关,-2.1,62.19,3738,正常
2016/04/21 11:36:19,a4e93fab0f990393ec31559a2db4597cae8f1ee7,0feb683b6659f51dcec5f234ca9fd273117e72a7,持卡人消费,土木楼网关,-5.0,57.19,3739,正常
2016/04/21 11:37:32,a4e93fab0f990393ec31559a2db4597cae8f1ee7,0feb683b6659f51dcec5f234ca9fd273117e72a7,持卡人消费,土木楼网关,-5.0,52.19,3740,正常
2016/04/22 12:22:07,a4e93fab0f990393ec31559a2db4597cae8f1ee7,0feb683b6659f51dcec5f234ca9fd273117e72a7,持卡人消费,土木楼网关,-3.5,48.69,3741,正常
2016/04/23 20:33:25,a4e93fab0f990393ec31559a2db4597cae8f1ee7,0feb683b6659f51dcec5f234ca9fd273117e72a7,持卡人消费,学子超市A05,-2.2,46.49,3742,正常
2016/04/24 17:34:19,a4e93fab0f990393ec31559a2db4597cae8f1ee7,0feb683b6659f51dcec5f234ca9fd273117e72a7,持卡人消费,土木楼网关,-9.8,36.69,3743,正常
2016/04/24 17:34:31,a4e93fab0f990393ec31559a2db4597cae8f1ee7,0feb683b6659f51dcec5f234ca9fd273117e72a7,持卡人消费,土木楼网关,-8.8,27.89,3744,正常
2016/04/24 17:41:25,a4e93fab0f990393ec31559a2db4597cae8f1ee7,0feb683b6659f51dcec5f234ca9fd273117e72a7,持卡人消费,土木楼网关,-5.0,22.89,3745,正常
2016/04/24 19:52:23,a4e93fab0f990393ec31559a2db4597cae8f1ee7,0feb683b6659f51dcec5f234ca9fd273117e72a7,持卡人消费,学子超市A05,-6.2,16.69,3746,正常
2016/04/25 17:36:32,a4e93fab0f990393ec31559a2db4597cae8f1ee7,0feb683b6659f51dcec5f234ca9fd273117e72a7,持卡人消费,学士楼商务网关,-12.4,4.29,3747,正常
2016/04/28 11:09:21,a4e93fab0f990393ec31559a2db4597cae8f1ee7,0feb683b6659f51dcec5f234ca9fd273117e72a7,存款,现金充值机,20.0,24.29,3748,正常
2016/04/28 11:41:50,a4e93fab0f990393ec31559a2db4597cae8f1ee7,0feb683b6659f51dcec5f234ca9fd273117e72a7,持卡人消费,九食堂商务网关,-9.0,15.29,3749,正常
