交易发生时间,学号,姓名,交易类型,子系统名称,交易额,现有余额,次数,状态
2016/04/01 09:22:26,1ddfa6725b1c5f1f251794fa2ed1c4909d584b30,1030c25017a1992cde5c030bfb83921176fc3ce7,持卡人消费,学士楼商务网关,-3.5,157.11,4708,正常
2016/04/01 09:24:12,1ddfa6725b1c5f1f251794fa2ed1c4909d584b30,1030c25017a1992cde5c030bfb83921176fc3ce7,持卡人消费,学士楼商务网关,-0.2,156.91,4709,正常
2016/04/01 11:30:04,1ddfa6725b1c5f1f251794fa2ed1c4909d584b30,1030c25017a1992cde5c030bfb83921176fc3ce7,持卡人消费,学士楼商务网关,-8.0,148.91,4710,正常
2016/04/01 14:38:28,1ddfa6725b1c5f1f251794fa2ed1c4909d584b30,1030c25017a1992cde5c030bfb83921176fc3ce7,持卡人消费,A2,-3.0,145.91,4711,正常
2016/04/01 17:20:52,1ddfa6725b1c5f1f251794fa2ed1c4909d584b30,1030c25017a1992cde5c030bfb83921176fc3ce7,持卡人消费,学苑楼商务网关,-8.0,137.91,4712,正常
2016/04/01 17:26:37,1ddfa6725b1c5f1f251794fa2ed1c4909d584b30,1030c25017a1992cde5c030bfb83921176fc3ce7,持卡人消费,学苑楼商务网关,-3.0,134.91,4713,正常
2016/04/02 11:19:42,1ddfa6725b1c5f1f251794fa2ed1c4909d584b30,1030c25017a1992cde5c030bfb83921176fc3ce7,持卡人消费,硕果园（工大商店）,-10.0,124.91,4714,正常
2016/04/02 11:22:52,1ddfa6725b1c5f1f251794fa2ed1c4909d584b30,1030c25017a1992cde5c030bfb83921176fc3ce7,持卡人消费,硕果园（工大商店）,-4.7,120.21,4715,正常
2016/04/02 16:52:05,1ddfa6725b1c5f1f251794fa2ed1c4909d584b30,1030c25017a1992cde5c030bfb83921176fc3ce7,持卡人消费,硕果园（工大商店）,-8.0,112.21,4716,正常
2016/04/02 16:53:37,1ddfa6725b1c5f1f251794fa2ed1c4909d584b30,1030c25017a1992cde5c030bfb83921176fc3ce7,持卡人消费,硕果园（工大商店）,-8.0,104.21,4717,正常
2016/04/03 12:05:33,1ddfa6725b1c5f1f251794fa2ed1c4909d584b30,1030c25017a1992cde5c030bfb83921176fc3ce7,持卡人消费,学苑楼商务网关,-7.0,97.21,4718,正常
2016/04/03 12:06:49,1ddfa6725b1c5f1f251794fa2ed1c4909d584b30,1030c25017a1992cde5c030bfb83921176fc3ce7,持卡人消费,学苑楼商务网关,-1.5,95.71,4719,正常
2016/04/04 11:44:57,1ddfa6725b1c5f1f251794fa2ed1c4909d584b30,1030c25017a1992cde5c030bfb83921176fc3ce7,持卡人消费,学士楼商务网关,-4.6,91.11,4720,正常
2016/04/04 11:45:17,1ddfa6725b1c5f1f251794fa2ed1c4909d584b30,1030c25017a1992cde5c030bfb83921176fc3ce7,持卡人消费,学士楼商务网关,-1.5,89.61,4721,正常
2016/04/04 11:46:22,1ddfa6725b1c5f1f251794fa2ed1c4909d584b30,1030c25017a1992cde5c030bfb83921176fc3ce7,持卡人消费,学士楼商务网关,-0.5,89.11,4722,正常
2016/04/04 17:32:19,1ddfa6725b1c5f1f251794fa2ed1c4909d584b30,1030c25017a1992cde5c030bfb83921176fc3ce7,持卡人消费,学士楼商务网关,-7.6,81.51,4723,正常
2016/04/04 17:35:01,1ddfa6725b1c5f1f251794fa2ed1c4909d584b30,1030c25017a1992cde5c030bfb83921176fc3ce7,持卡人消费,学士楼商务网关,-1.0,80.51,4724,正常
2016/04/04 17:52:58,1ddfa6725b1c5f1f251794fa2ed1c4909d584b30,1030c25017a1992cde5c030bfb83921176fc3ce7,持卡人消费,硕果园（工大商店）,-8.5,72.01,4725,正常
2016/04/05 17:25:24,1ddfa6725b1c5f1f251794fa2ed1c4909d584b30,1030c25017a1992cde5c030bfb83921176fc3ce7,持卡人消费,学苑楼商务网关,-6.0,66.01,4726,正常
2016/04/05 18:48:58,1ddfa6725b1c5f1f251794fa2ed1c4909d584b30,1030c25017a1992cde5c030bfb83921176fc3ce7,持卡人消费,游泳馆,-6.0,60.01,4727,正常
2016/04/06 17:23:04,1ddfa6725b1c5f1f251794fa2ed1c4909d584b30,1030c25017a1992cde5c030bfb83921176fc3ce7,持卡人消费,学苑楼商务网关,-1.9,58.11,4728,正常
2016/04/06 17:23:08,1ddfa6725b1c5f1f251794fa2ed1c4909d584b30,1030c25017a1992cde5c030bfb83921176fc3ce7,持卡人消费,学苑楼商务网关,-0.2,57.91,4729,正常
2016/04/06 18:31:02,1ddfa6725b1c5f1f251794fa2ed1c4909d584b30,1030c25017a1992cde5c030bfb83921176fc3ce7,持卡人消费,游泳馆,-6.0,51.91,4730,正常
2016/04/07 08:23:09,1ddfa6725b1c5f1f251794fa2ed1c4909d584b30,1030c25017a1992cde5c030bfb83921176fc3ce7,持卡人消费,学苑楼商务网关,-9.0,42.91,4731,正常
2016/04/07 15:45:37,1ddfa6725b1c5f1f251794fa2ed1c4909d584b30,1030c25017a1992cde5c030bfb83921176fc3ce7,持卡人消费,游泳馆,-6.0,36.91,4732,正常
2016/04/07 17:37:27,1ddfa6725b1c5f1f251794fa2ed1c4909d584b30,1030c25017a1992cde5c030bfb83921176fc3ce7,持卡人消费,学苑楼商务网关,-0.4,36.51,4733,正常
2016/04/07 17:40:05,1ddfa6725b1c5f1f251794fa2ed1c4909d584b30,1030c25017a1992cde5c030bfb83921176fc3ce7,持卡人消费,学苑楼商务网关,-1.0,35.51,4734,正常
2016/04/08 08:01:18,1ddfa6725b1c5f1f251794fa2ed1c4909d584b30,1030c25017a1992cde5c030bfb83921176fc3ce7,持卡人消费,学士楼商务网关,-1.5,34.01,4735,正常
2016/04/08 08:02:30,1ddfa6725b1c5f1f251794fa2ed1c4909d584b30,1030c25017a1992cde5c030bfb83921176fc3ce7,持卡人消费,学士楼商务网关,-1.5,32.51,4736,正常
2016/04/08 17:06:38,1ddfa6725b1c5f1f251794fa2ed1c4909d584b30,1030c25017a1992cde5c030bfb83921176fc3ce7,持卡人消费,学苑楼商务网关,-2.1,30.41,4737,正常
2016/04/08 17:21:29,1ddfa6725b1c5f1f251794fa2ed1c4909d584b30,1030c25017a1992cde5c030bfb83921176fc3ce7,持卡人消费,硕果园（工大商店）,-3.0,27.41,4738,正常
2016/04/08 18:08:37,1ddfa6725b1c5f1f251794fa2ed1c4909d584b30,1030c25017a1992cde5c030bfb83921176fc3ce7,持卡人消费,游泳馆,-6.0,21.41,4739,正常
2016/04/09 07:57:43,1ddfa6725b1c5f1f251794fa2ed1c4909d584b30,1030c25017a1992cde5c030bfb83921176fc3ce7,持卡人消费,学士楼商务网关,-1.5,19.91,4740,正常
2016/04/09 07:58:24,1ddfa6725b1c5f1f251794fa2ed1c4909d584b30,1030c25017a1992cde5c030bfb83921176fc3ce7,持卡人消费,学士楼商务网关,-2.6,17.31,4741,正常
2016/04/09 07:59:12,1ddfa6725b1c5f1f251794fa2ed1c4909d584b30,1030c25017a1992cde5c030bfb83921176fc3ce7,持卡人消费,学士楼商务网关,-2.0,15.31,4742,正常
2016/04/09 11:37:55,1ddfa6725b1c5f1f251794fa2ed1c4909d584b30,1030c25017a1992cde5c030bfb83921176fc3ce7,持卡人消费,学苑楼商务网关,-8.0,7.31,4743,正常
2016/04/09 11:59:21,1ddfa6725b1c5f1f251794fa2ed1c4909d584b30,1030c25017a1992cde5c030bfb83921176fc3ce7,持卡人消费,学苑楼商务网关,-2.1,5.21,4744,正常
2016/04/09 17:35:30,1ddfa6725b1c5f1f251794fa2ed1c4909d584b30,1030c25017a1992cde5c030bfb83921176fc3ce7,持卡人消费,学士楼商务网关,-0.7,4.51,4745,正常
2016/04/09 17:36:32,1ddfa6725b1c5f1f251794fa2ed1c4909d584b30,1030c25017a1992cde5c030bfb83921176fc3ce7,持卡人消费,学士楼商务网关,-0.2,4.31,4746,正常
2016/04/10 17:31:57,1ddfa6725b1c5f1f251794fa2ed1c4909d584b30,1030c25017a1992cde5c030bfb83921176fc3ce7,持卡人消费,学士楼商务网关,-0.2,4.11,4747,正常
2016/04/10 17:32:03,1ddfa6725b1c5f1f251794fa2ed1c4909d584b30,1030c25017a1992cde5c030bfb83921176fc3ce7,持卡人消费,学士楼商务网关,-2.0,2.11,4748,正常
2016/04/10 17:32:44,1ddfa6725b1c5f1f251794fa2ed1c4909d584b30,1030c25017a1992cde5c030bfb83921176fc3ce7,持卡人消费,学士楼商务网关,-0.3,1.81,4749,正常
2016/04/11 08:07:18,1ddfa6725b1c5f1f251794fa2ed1c4909d584b30,1030c25017a1992cde5c030bfb83921176fc3ce7,存款,现金充值机,100.0,101.81,4750,正常
2016/04/11 08:28:13,1ddfa6725b1c5f1f251794fa2ed1c4909d584b30,1030c25017a1992cde5c030bfb83921176fc3ce7,持卡人消费,学苑楼商务网关,-2.5,99.31,4751,正常
2016/04/11 08:29:24,1ddfa6725b1c5f1f251794fa2ed1c4909d584b30,1030c25017a1992cde5c030bfb83921176fc3ce7,持卡人消费,学苑楼商务网关,-2.1,97.21,4752,正常
2016/04/11 11:48:38,1ddfa6725b1c5f1f251794fa2ed1c4909d584b30,1030c25017a1992cde5c030bfb83921176fc3ce7,持卡人消费,学士楼商务网关,-8.0,89.21,4753,正常
2016/04/11 17:06:32,1ddfa6725b1c5f1f251794fa2ed1c4909d584b30,1030c25017a1992cde5c030bfb83921176fc3ce7,持卡人消费,学士楼商务网关,-0.2,89.01,4754,正常
2016/04/11 17:07:12,1ddfa6725b1c5f1f251794fa2ed1c4909d584b30,1030c25017a1992cde5c030bfb83921176fc3ce7,持卡人消费,学士楼商务网关,-4.0,85.01,4755,正常
2016/04/12 08:24:41,1ddfa6725b1c5f1f251794fa2ed1c4909d584b30,1030c25017a1992cde5c030bfb83921176fc3ce7,持卡人消费,学士楼商务网关,-2.5,82.51,4756,正常
2016/04/12 08:25:42,1ddfa6725b1c5f1f251794fa2ed1c4909d584b30,1030c25017a1992cde5c030bfb83921176fc3ce7,持卡人消费,学士楼商务网关,-1.5,81.01,4757,正常
2016/04/12 08:26:19,1ddfa6725b1c5f1f251794fa2ed1c4909d584b30,1030c25017a1992cde5c030bfb83921176fc3ce7,持卡人消费,学士楼商务网关,-0.3,80.71,4758,正常
2016/04/12 16:39:05,1ddfa6725b1c5f1f251794fa2ed1c4909d584b30,1030c25017a1992cde5c030bfb83921176fc3ce7,持卡人消费,学士楼商务网关,-0.2,80.51,4759,正常
2016/04/12 16:39:34,1ddfa6725b1c5f1f251794fa2ed1c4909d584b30,1030c25017a1992cde5c030bfb83921176fc3ce7,持卡人消费,学士楼商务网关,-1.3,79.21,4760,正常
2016/04/12 18:23:36,1ddfa6725b1c5f1f251794fa2ed1c4909d584b30,1030c25017a1992cde5c030bfb83921176fc3ce7,持卡人消费,游泳馆,-6.0,73.21,4761,正常
2016/04/13 08:17:30,1ddfa6725b1c5f1f251794fa2ed1c4909d584b30,1030c25017a1992cde5c030bfb83921176fc3ce7,持卡人消费,学士楼商务网关,-1.9,71.31,4762,正常
2016/04/13 08:19:30,1ddfa6725b1c5f1f251794fa2ed1c4909d584b30,1030c25017a1992cde5c030bfb83921176fc3ce7,持卡人消费,学士楼商务网关,-1.95,69.36,4763,正常
2016/04/13 17:17:43,1ddfa6725b1c5f1f251794fa2ed1c4909d584b30,1030c25017a1992cde5c030bfb83921176fc3ce7,持卡人消费,学士楼商务网关,-4.0,65.36,4764,正常
2016/04/13 17:18:10,1ddfa6725b1c5f1f251794fa2ed1c4909d584b30,1030c25017a1992cde5c030bfb83921176fc3ce7,持卡人消费,学士楼商务网关,-0.2,65.16,4765,正常
2016/04/13 18:32:33,1ddfa6725b1c5f1f251794fa2ed1c4909d584b30,1030c25017a1992cde5c030bfb83921176fc3ce7,持卡人消费,游泳馆,-6.0,59.16,4766,正常
2016/04/14 08:46:34,1ddfa6725b1c5f1f251794fa2ed1c4909d584b30,1030c25017a1992cde5c030bfb83921176fc3ce7,持卡人消费,学士楼商务网关,-2.0,57.16,4767,正常
2016/04/14 08:48:13,1ddfa6725b1c5f1f251794fa2ed1c4909d584b30,1030c25017a1992cde5c030bfb83921176fc3ce7,持卡人消费,学士楼商务网关,-1.9,55.26,4768,正常
2016/04/14 08:49:16,1ddfa6725b1c5f1f251794fa2ed1c4909d584b30,1030c25017a1992cde5c030bfb83921176fc3ce7,持卡人消费,学士楼商务网关,-0.3,54.96,4769,正常
2016/04/14 11:26:00,1ddfa6725b1c5f1f251794fa2ed1c4909d584b30,1030c25017a1992cde5c030bfb83921176fc3ce7,持卡人消费,学苑楼商务网关,-8.0,46.96,4770,正常
2016/04/14 11:31:27,1ddfa6725b1c5f1f251794fa2ed1c4909d584b30,1030c25017a1992cde5c030bfb83921176fc3ce7,持卡人消费,学苑楼商务网关,-1.0,45.96,4771,正常
2016/04/15 10:37:57,1ddfa6725b1c5f1f251794fa2ed1c4909d584b30,1030c25017a1992cde5c030bfb83921176fc3ce7,持卡人消费,学士楼商务网关,-2.0,43.96,4772,正常
2016/04/15 10:39:14,1ddfa6725b1c5f1f251794fa2ed1c4909d584b30,1030c25017a1992cde5c030bfb83921176fc3ce7,持卡人消费,学士楼商务网关,-3.9,40.06,4773,正常
2016/04/15 10:40:02,1ddfa6725b1c5f1f251794fa2ed1c4909d584b30,1030c25017a1992cde5c030bfb83921176fc3ce7,持卡人消费,学士楼商务网关,-2.0,38.06,4774,正常
2016/04/16 08:49:06,1ddfa6725b1c5f1f251794fa2ed1c4909d584b30,1030c25017a1992cde5c030bfb83921176fc3ce7,持卡人消费,学士楼商务网关,-2.6,35.46,4775,正常
2016/04/16 08:49:42,1ddfa6725b1c5f1f251794fa2ed1c4909d584b30,1030c25017a1992cde5c030bfb83921176fc3ce7,持卡人消费,学士楼商务网关,-0.9,34.56,4776,正常
2016/04/16 11:35:14,1ddfa6725b1c5f1f251794fa2ed1c4909d584b30,1030c25017a1992cde5c030bfb83921176fc3ce7,持卡人消费,学士楼商务网关,-7.0,27.56,4777,正常
2016/04/16 11:39:18,1ddfa6725b1c5f1f251794fa2ed1c4909d584b30,1030c25017a1992cde5c030bfb83921176fc3ce7,持卡人消费,学士楼商务网关,-4.0,23.56,4778,正常
2016/04/17 17:17:19,1ddfa6725b1c5f1f251794fa2ed1c4909d584b30,1030c25017a1992cde5c030bfb83921176fc3ce7,持卡人消费,硕果园（工大商店）,-13.0,10.56,4779,正常
2016/04/17 17:17:34,1ddfa6725b1c5f1f251794fa2ed1c4909d584b30,1030c25017a1992cde5c030bfb83921176fc3ce7,持卡人消费,硕果园（工大商店）,-1.0,9.56,4780,正常
2016/04/17 18:39:13,1ddfa6725b1c5f1f251794fa2ed1c4909d584b30,1030c25017a1992cde5c030bfb83921176fc3ce7,持卡人消费,硕果园（工大商店）,-5.5,4.06,4781,正常
2016/04/18 13:05:20,1ddfa6725b1c5f1f251794fa2ed1c4909d584b30,1030c25017a1992cde5c030bfb83921176fc3ce7,持卡人消费,硕果园（工大商店）,-1.0,3.06,4782,正常
2016/04/19 11:35:00,1ddfa6725b1c5f1f251794fa2ed1c4909d584b30,1030c25017a1992cde5c030bfb83921176fc3ce7,存款,学苑楼综合业务3,200.0,203.06,4783,正常
2016/04/19 11:38:24,1ddfa6725b1c5f1f251794fa2ed1c4909d584b30,1030c25017a1992cde5c030bfb83921176fc3ce7,持卡人消费,学士楼商务网关,-5.3,197.76,4784,正常
2016/04/19 11:39:41,1ddfa6725b1c5f1f251794fa2ed1c4909d584b30,1030c25017a1992cde5c030bfb83921176fc3ce7,持卡人消费,学士楼商务网关,-3.5,194.26,4785,正常
2016/04/20 08:28:10,1ddfa6725b1c5f1f251794fa2ed1c4909d584b30,1030c25017a1992cde5c030bfb83921176fc3ce7,持卡人消费,学士楼商务网关,-1.9,192.36,4786,正常
2016/04/20 11:12:40,1ddfa6725b1c5f1f251794fa2ed1c4909d584b30,1030c25017a1992cde5c030bfb83921176fc3ce7,持卡人消费,南苑网关,-2.5,189.86,4787,正常
2016/04/20 11:13:42,1ddfa6725b1c5f1f251794fa2ed1c4909d584b30,1030c25017a1992cde5c030bfb83921176fc3ce7,持卡人消费,南苑网关,-8.6,181.26,4788,正常
2016/04/20 17:08:38,1ddfa6725b1c5f1f251794fa2ed1c4909d584b30,1030c25017a1992cde5c030bfb83921176fc3ce7,持卡人消费,学士楼商务网关,-2.0,179.26,4789,正常
2016/04/20 17:09:55,1ddfa6725b1c5f1f251794fa2ed1c4909d584b30,1030c25017a1992cde5c030bfb83921176fc3ce7,持卡人消费,学士楼商务网关,-4.0,175.26,4790,正常
2016/04/20 17:10:39,1ddfa6725b1c5f1f251794fa2ed1c4909d584b30,1030c25017a1992cde5c030bfb83921176fc3ce7,持卡人消费,学士楼商务网关,-0.6,174.66,4791,正常
2016/04/21 08:18:31,1ddfa6725b1c5f1f251794fa2ed1c4909d584b30,1030c25017a1992cde5c030bfb83921176fc3ce7,持卡人消费,学士楼商务网关,-1.6,173.06,4792,正常
2016/04/21 08:19:38,1ddfa6725b1c5f1f251794fa2ed1c4909d584b30,1030c25017a1992cde5c030bfb83921176fc3ce7,持卡人消费,学士楼商务网关,-1.5,171.56,4793,正常
2016/04/21 08:20:12,1ddfa6725b1c5f1f251794fa2ed1c4909d584b30,1030c25017a1992cde5c030bfb83921176fc3ce7,持卡人消费,学士楼商务网关,-1.3,170.26,4794,正常
2016/04/21 11:44:48,1ddfa6725b1c5f1f251794fa2ed1c4909d584b30,1030c25017a1992cde5c030bfb83921176fc3ce7,持卡人消费,学士楼商务网关,-8.3,161.96,4795,正常
2016/04/21 18:20:57,1ddfa6725b1c5f1f251794fa2ed1c4909d584b30,1030c25017a1992cde5c030bfb83921176fc3ce7,持卡人消费,学士楼商务网关,-4.0,157.96,4796,正常
2016/04/21 18:21:28,1ddfa6725b1c5f1f251794fa2ed1c4909d584b30,1030c25017a1992cde5c030bfb83921176fc3ce7,持卡人消费,学士楼商务网关,-3.25,154.71,4797,正常
2016/04/21 18:31:15,1ddfa6725b1c5f1f251794fa2ed1c4909d584b30,1030c25017a1992cde5c030bfb83921176fc3ce7,持卡人消费,硕果园（工大商店）,-6.0,148.71,4798,正常
2016/04/21 18:41:15,1ddfa6725b1c5f1f251794fa2ed1c4909d584b30,1030c25017a1992cde5c030bfb83921176fc3ce7,持卡人消费,硕果园（工大商店）,-2.5,146.21,4799,正常
2016/04/22 11:24:19,1ddfa6725b1c5f1f251794fa2ed1c4909d584b30,1030c25017a1992cde5c030bfb83921176fc3ce7,持卡人消费,学士楼商务网关,-9.6,136.61,4800,正常
2016/04/23 09:17:40,1ddfa6725b1c5f1f251794fa2ed1c4909d584b30,1030c25017a1992cde5c030bfb83921176fc3ce7,持卡人消费,学士楼商务网关,-1.0,135.61,4801,正常
2016/04/23 09:18:11,1ddfa6725b1c5f1f251794fa2ed1c4909d584b30,1030c25017a1992cde5c030bfb83921176fc3ce7,持卡人消费,学士楼商务网关,-1.95,133.66,4802,正常
2016/04/23 09:18:59,1ddfa6725b1c5f1f251794fa2ed1c4909d584b30,1030c25017a1992cde5c030bfb83921176fc3ce7,持卡人消费,学士楼商务网关,-2.0,131.66,4803,正常
2016/04/23 17:27:36,1ddfa6725b1c5f1f251794fa2ed1c4909d584b30,1030c25017a1992cde5c030bfb83921176fc3ce7,持卡人消费,学士楼商务网关,-5.0,126.66,4804,正常
2016/04/23 17:29:31,1ddfa6725b1c5f1f251794fa2ed1c4909d584b30,1030c25017a1992cde5c030bfb83921176fc3ce7,持卡人消费,学士楼商务网关,-0.7,125.96,4805,正常
2016/04/23 17:29:37,1ddfa6725b1c5f1f251794fa2ed1c4909d584b30,1030c25017a1992cde5c030bfb83921176fc3ce7,持卡人消费,学士楼商务网关,-0.5,125.46,4806,正常
2016/04/23 19:08:18,1ddfa6725b1c5f1f251794fa2ed1c4909d584b30,1030c25017a1992cde5c030bfb83921176fc3ce7,持卡人消费,硕果园（工大商店）,-5.0,120.46,4807,正常
2016/04/24 12:16:45,1ddfa6725b1c5f1f251794fa2ed1c4909d584b30,1030c25017a1992cde5c030bfb83921176fc3ce7,持卡人消费,学苑楼商务网关,-7.5,112.96,4808,正常
2016/04/24 12:17:52,1ddfa6725b1c5f1f251794fa2ed1c4909d584b30,1030c25017a1992cde5c030bfb83921176fc3ce7,持卡人消费,学苑楼商务网关,-1.5,111.46,4809,正常
2016/04/24 17:18:05,1ddfa6725b1c5f1f251794fa2ed1c4909d584b30,1030c25017a1992cde5c030bfb83921176fc3ce7,持卡人消费,学士楼商务网关,-5.3,106.16,4810,正常
2016/04/24 17:18:27,1ddfa6725b1c5f1f251794fa2ed1c4909d584b30,1030c25017a1992cde5c030bfb83921176fc3ce7,持卡人消费,学士楼商务网关,-4.4,101.76,4811,正常
2016/04/24 17:26:38,1ddfa6725b1c5f1f251794fa2ed1c4909d584b30,1030c25017a1992cde5c030bfb83921176fc3ce7,持卡人消费,学士楼商务网关,-1.95,99.81,4812,正常
2016/04/25 11:19:31,1ddfa6725b1c5f1f251794fa2ed1c4909d584b30,1030c25017a1992cde5c030bfb83921176fc3ce7,持卡人消费,学士楼商务网关,-7.3,92.51,4813,正常
2016/04/25 11:33:39,1ddfa6725b1c5f1f251794fa2ed1c4909d584b30,1030c25017a1992cde5c030bfb83921176fc3ce7,持卡人消费,超市商务子系统,-3.0,89.51,4814,正常
2016/04/25 17:07:46,1ddfa6725b1c5f1f251794fa2ed1c4909d584b30,1030c25017a1992cde5c030bfb83921176fc3ce7,持卡人消费,学士楼商务网关,-5.0,84.51,4815,正常
2016/04/25 17:09:26,1ddfa6725b1c5f1f251794fa2ed1c4909d584b30,1030c25017a1992cde5c030bfb83921176fc3ce7,持卡人消费,学士楼商务网关,-3.0,81.51,4816,正常
2016/04/25 17:10:55,1ddfa6725b1c5f1f251794fa2ed1c4909d584b30,1030c25017a1992cde5c030bfb83921176fc3ce7,持卡人消费,学士楼商务网关,-1.5,80.01,4817,正常
2016/04/25 21:16:02,1ddfa6725b1c5f1f251794fa2ed1c4909d584b30,1030c25017a1992cde5c030bfb83921176fc3ce7,持卡人消费,硕果园（工大商店）,-2.2,47.81,4819,正常
2016/04/26 09:59:23,1ddfa6725b1c5f1f251794fa2ed1c4909d584b30,1030c25017a1992cde5c030bfb83921176fc3ce7,持卡人消费,硕果园（工大商店）,-7.0,40.81,4820,正常
2016/04/26 14:55:14,1ddfa6725b1c5f1f251794fa2ed1c4909d584b30,1030c25017a1992cde5c030bfb83921176fc3ce7,持卡人消费,硕果园（工大商店）,-2.0,38.81,4821,正常
2016/04/26 17:48:19,1ddfa6725b1c5f1f251794fa2ed1c4909d584b30,1030c25017a1992cde5c030bfb83921176fc3ce7,持卡人消费,学士楼商务网关,-8.6,30.21,4822,正常
2016/04/26 17:48:38,1ddfa6725b1c5f1f251794fa2ed1c4909d584b30,1030c25017a1992cde5c030bfb83921176fc3ce7,持卡人消费,学士楼商务网关,-6.3,23.91,4823,正常
2016/04/26 17:48:55,1ddfa6725b1c5f1f251794fa2ed1c4909d584b30,1030c25017a1992cde5c030bfb83921176fc3ce7,持卡人消费,学士楼商务网关,-1.5,22.41,4824,正常
2016/04/26 17:55:29,1ddfa6725b1c5f1f251794fa2ed1c4909d584b30,1030c25017a1992cde5c030bfb83921176fc3ce7,持卡人消费,学士楼商务网关,-1.5,20.91,4825,正常
2016/04/27 08:46:34,1ddfa6725b1c5f1f251794fa2ed1c4909d584b30,1030c25017a1992cde5c030bfb83921176fc3ce7,持卡人消费,学士楼商务网关,-3.5,17.41,4826,正常
2016/04/27 08:48:27,1ddfa6725b1c5f1f251794fa2ed1c4909d584b30,1030c25017a1992cde5c030bfb83921176fc3ce7,持卡人消费,学士楼商务网关,-1.0,16.41,4827,正常
2016/04/27 13:24:02,1ddfa6725b1c5f1f251794fa2ed1c4909d584b30,1030c25017a1992cde5c030bfb83921176fc3ce7,持卡人消费,学士楼商务网关,-8.0,8.41,4828,正常
2016/04/27 13:25:19,1ddfa6725b1c5f1f251794fa2ed1c4909d584b30,1030c25017a1992cde5c030bfb83921176fc3ce7,持卡人消费,学士楼商务网关,-2.0,6.41,4829,正常
2016/04/27 13:26:51,1ddfa6725b1c5f1f251794fa2ed1c4909d584b30,1030c25017a1992cde5c030bfb83921176fc3ce7,持卡人消费,学士楼商务网关,-1.0,5.41,4830,正常
2016/04/28 11:33:47,1ddfa6725b1c5f1f251794fa2ed1c4909d584b30,1030c25017a1992cde5c030bfb83921176fc3ce7,存款,学苑楼综合业务3,100.0,105.41,4831,正常
2016/04/28 11:36:24,1ddfa6725b1c5f1f251794fa2ed1c4909d584b30,1030c25017a1992cde5c030bfb83921176fc3ce7,持卡人消费,学士楼商务网关,-9.8,95.61,4832,正常
2016/04/28 11:37:13,1ddfa6725b1c5f1f251794fa2ed1c4909d584b30,1030c25017a1992cde5c030bfb83921176fc3ce7,持卡人消费,学士楼商务网关,-3.5,92.11,4833,正常
2016/04/28 11:53:56,1ddfa6725b1c5f1f251794fa2ed1c4909d584b30,1030c25017a1992cde5c030bfb83921176fc3ce7,持卡人消费,超市商务子系统,-3.0,89.11,4834,正常
2016/04/28 17:00:11,1ddfa6725b1c5f1f251794fa2ed1c4909d584b30,1030c25017a1992cde5c030bfb83921176fc3ce7,持卡人消费,学士楼商务网关,-6.7,82.41,4835,正常
2016/04/30 19:24:16,1ddfa6725b1c5f1f251794fa2ed1c4909d584b30,1030c25017a1992cde5c030bfb83921176fc3ce7,持卡人消费,硕果园（工大商店）,-2.0,80.41,4836,正常
2016/04/30 19:24:51,1ddfa6725b1c5f1f251794fa2ed1c4909d584b30,1030c25017a1992cde5c030bfb83921176fc3ce7,持卡人消费,硕果园（工大商店）,-0.8,79.61,4837,正常
2016/04/30 19:25:19,1ddfa6725b1c5f1f251794fa2ed1c4909d584b30,1030c25017a1992cde5c030bfb83921176fc3ce7,持卡人消费,硕果园（工大商店）,-5.0,74.61,4838,正常
