交易发生时间,学号,姓名,交易类型,子系统名称,交易额,现有余额,次数,状态
2016/04/01 11:52:40,60ba3075600c05901743108c1cded44e3da9a5e6,107b95aabc3df0a0cae875f24561252e47d88608,持卡人消费,学士楼商务网关,-7.6,157.69,5870,正常
2016/04/02 12:05:01,60ba3075600c05901743108c1cded44e3da9a5e6,107b95aabc3df0a0cae875f24561252e47d88608,持卡人消费,学苑楼商务网关,-7.5,150.19,5871,正常
2016/04/04 08:30:27,60ba3075600c05901743108c1cded44e3da9a5e6,107b95aabc3df0a0cae875f24561252e47d88608,持卡人消费,学士楼商务网关,-4.3,145.89,5872,正常
2016/04/04 11:24:50,60ba3075600c05901743108c1cded44e3da9a5e6,107b95aabc3df0a0cae875f24561252e47d88608,持卡人消费,学苑楼商务网关,-7.5,138.39,5873,正常
2016/04/04 17:34:12,60ba3075600c05901743108c1cded44e3da9a5e6,107b95aabc3df0a0cae875f24561252e47d88608,持卡人消费,学苑楼商务网关,-8.0,130.39,5874,正常
2016/04/05 12:05:52,60ba3075600c05901743108c1cded44e3da9a5e6,107b95aabc3df0a0cae875f24561252e47d88608,持卡人消费,学苑楼商务网关,-9.0,121.39,5875,正常
2016/04/05 13:20:44,60ba3075600c05901743108c1cded44e3da9a5e6,107b95aabc3df0a0cae875f24561252e47d88608,持卡人消费,一校区水控新,-0.2,121.19,5876,正常
2016/04/05 13:21:16,60ba3075600c05901743108c1cded44e3da9a5e6,107b95aabc3df0a0cae875f24561252e47d88608,持卡人消费,一校区水控新,-0.08,121.11,5878,正常
2016/04/05 13:25:25,60ba3075600c05901743108c1cded44e3da9a5e6,107b95aabc3df0a0cae875f24561252e47d88608,持卡人消费,一校区水控新,-0.06,121.05,5880,正常
2016/04/05 13:28:53,60ba3075600c05901743108c1cded44e3da9a5e6,107b95aabc3df0a0cae875f24561252e47d88608,持卡人消费,一校区水控新,-0.13,120.92,5882,正常
2016/04/05 13:33:39,60ba3075600c05901743108c1cded44e3da9a5e6,107b95aabc3df0a0cae875f24561252e47d88608,持卡人消费,一校区水控新,-0.21,120.71,5884,正常
2016/04/05 13:37:01,60ba3075600c05901743108c1cded44e3da9a5e6,107b95aabc3df0a0cae875f24561252e47d88608,持卡人消费,一校区水控新,-0.19,120.52,5886,正常
2016/04/05 13:41:12,60ba3075600c05901743108c1cded44e3da9a5e6,107b95aabc3df0a0cae875f24561252e47d88608,持卡人消费,一校区水控新,-0.11,120.41,5888,正常
2016/04/05 13:45:21,60ba3075600c05901743108c1cded44e3da9a5e6,107b95aabc3df0a0cae875f24561252e47d88608,持卡人消费,一校区水控新,-0.13,120.28,5890,正常
2016/04/05 13:46:48,60ba3075600c05901743108c1cded44e3da9a5e6,107b95aabc3df0a0cae875f24561252e47d88608,持卡人消费,一校区水控新,-0.18,120.10,5892,正常
2016/04/05 13:49:32,60ba3075600c05901743108c1cded44e3da9a5e6,107b95aabc3df0a0cae875f24561252e47d88608,持卡人消费,一校区水控新,-0.26,119.84,5894,正常
2016/04/05 13:57:25,60ba3075600c05901743108c1cded44e3da9a5e6,107b95aabc3df0a0cae875f24561252e47d88608,持卡人消费,一校区水控新,-0.75,119.09,5896,正常
2016/04/05 17:26:39,60ba3075600c05901743108c1cded44e3da9a5e6,107b95aabc3df0a0cae875f24561252e47d88608,持卡人消费,学苑楼商务网关,-8.0,111.09,5897,正常
2016/04/06 07:42:00,60ba3075600c05901743108c1cded44e3da9a5e6,107b95aabc3df0a0cae875f24561252e47d88608,持卡人消费,学士楼商务网关,-3.7,107.39,5898,正常
2016/04/06 11:30:19,60ba3075600c05901743108c1cded44e3da9a5e6,107b95aabc3df0a0cae875f24561252e47d88608,持卡人消费,学士楼商务网关,-7.6,99.79,5899,正常
2016/04/06 17:31:17,60ba3075600c05901743108c1cded44e3da9a5e6,107b95aabc3df0a0cae875f24561252e47d88608,持卡人消费,学苑楼商务网关,-6.0,93.79,5900,正常
2016/04/06 17:34:36,60ba3075600c05901743108c1cded44e3da9a5e6,107b95aabc3df0a0cae875f24561252e47d88608,持卡人消费,学苑楼商务网关,-1.6,92.19,5901,正常
2016/04/08 11:57:13,60ba3075600c05901743108c1cded44e3da9a5e6,107b95aabc3df0a0cae875f24561252e47d88608,持卡人消费,硕果园（工大商店）,-10.0,82.19,5902,正常
2016/04/10 11:17:45,60ba3075600c05901743108c1cded44e3da9a5e6,107b95aabc3df0a0cae875f24561252e47d88608,持卡人消费,学士楼商务网关,-8.9,73.29,5903,正常
2016/04/10 17:33:06,60ba3075600c05901743108c1cded44e3da9a5e6,107b95aabc3df0a0cae875f24561252e47d88608,持卡人消费,学苑楼商务网关,-7.5,65.79,5904,正常
2016/04/11 11:53:01,60ba3075600c05901743108c1cded44e3da9a5e6,107b95aabc3df0a0cae875f24561252e47d88608,持卡人消费,学士楼商务网关,-6.0,59.79,5905,正常
2016/04/11 12:43:53,60ba3075600c05901743108c1cded44e3da9a5e6,107b95aabc3df0a0cae875f24561252e47d88608,持卡人消费,一校区水控新,-0.29,59.50,5907,正常
2016/04/11 12:49:55,60ba3075600c05901743108c1cded44e3da9a5e6,107b95aabc3df0a0cae875f24561252e47d88608,持卡人消费,一校区水控新,-0.08,59.42,5909,正常
2016/04/11 12:56:41,60ba3075600c05901743108c1cded44e3da9a5e6,107b95aabc3df0a0cae875f24561252e47d88608,持卡人消费,一校区水控新,-0.32,59.10,5911,正常
2016/04/11 12:57:58,60ba3075600c05901743108c1cded44e3da9a5e6,107b95aabc3df0a0cae875f24561252e47d88608,持卡人消费,一校区水控新,-0.19,58.91,5913,正常
2016/04/11 13:01:39,60ba3075600c05901743108c1cded44e3da9a5e6,107b95aabc3df0a0cae875f24561252e47d88608,持卡人消费,一校区水控新,-0.08,58.83,5915,正常
2016/04/11 13:05:27,60ba3075600c05901743108c1cded44e3da9a5e6,107b95aabc3df0a0cae875f24561252e47d88608,持卡人消费,一校区水控新,-0.19,58.64,5917,正常
2016/04/11 13:08:52,60ba3075600c05901743108c1cded44e3da9a5e6,107b95aabc3df0a0cae875f24561252e47d88608,持卡人消费,一校区水控新,-0.1,58.54,5919,正常
2016/04/11 13:14:18,60ba3075600c05901743108c1cded44e3da9a5e6,107b95aabc3df0a0cae875f24561252e47d88608,持卡人消费,一校区水控新,-0.22,58.32,5921,正常
2016/04/11 13:17:08,60ba3075600c05901743108c1cded44e3da9a5e6,107b95aabc3df0a0cae875f24561252e47d88608,持卡人消费,一校区水控新,-0.32,58.00,5923,正常
2016/04/11 13:27:10,60ba3075600c05901743108c1cded44e3da9a5e6,107b95aabc3df0a0cae875f24561252e47d88608,持卡人消费,一校区水控新,-0.88,57.12,5925,正常
2016/04/11 17:43:47,60ba3075600c05901743108c1cded44e3da9a5e6,107b95aabc3df0a0cae875f24561252e47d88608,持卡人消费,学苑楼商务网关,-6.0,51.12,5926,正常
2016/04/11 17:47:19,60ba3075600c05901743108c1cded44e3da9a5e6,107b95aabc3df0a0cae875f24561252e47d88608,持卡人消费,学苑楼商务网关,-2.2,48.92,5927,正常
2016/04/12 11:45:22,60ba3075600c05901743108c1cded44e3da9a5e6,107b95aabc3df0a0cae875f24561252e47d88608,持卡人消费,学苑楼商务网关,-8.0,40.92,5928,正常
2016/04/13 17:39:30,60ba3075600c05901743108c1cded44e3da9a5e6,107b95aabc3df0a0cae875f24561252e47d88608,持卡人消费,学苑楼商务网关,-7.0,33.92,5929,正常
2016/04/13 17:40:58,60ba3075600c05901743108c1cded44e3da9a5e6,107b95aabc3df0a0cae875f24561252e47d88608,持卡人消费,学苑楼商务网关,-1.0,32.92,5930,正常
2016/04/13 18:03:15,60ba3075600c05901743108c1cded44e3da9a5e6,107b95aabc3df0a0cae875f24561252e47d88608,持卡人消费,超市商务子系统,-18.0,14.92,5931,正常
2016/04/14 17:28:33,60ba3075600c05901743108c1cded44e3da9a5e6,107b95aabc3df0a0cae875f24561252e47d88608,持卡人消费,学苑楼商务网关,-8.0,6.92,5932,正常
2016/04/15 09:24:29,60ba3075600c05901743108c1cded44e3da9a5e6,107b95aabc3df0a0cae875f24561252e47d88608,持卡人消费,学士楼商务网关,-3.65,3.27,5933,正常
2016/04/15 12:18:39,60ba3075600c05901743108c1cded44e3da9a5e6,107b95aabc3df0a0cae875f24561252e47d88608,存款,学苑楼综合业务3,200.0,203.27,5934,正常
2016/04/15 12:20:58,60ba3075600c05901743108c1cded44e3da9a5e6,107b95aabc3df0a0cae875f24561252e47d88608,持卡人消费,学苑楼商务网关,-7.5,195.77,5935,正常
2016/04/16 11:27:29,60ba3075600c05901743108c1cded44e3da9a5e6,107b95aabc3df0a0cae875f24561252e47d88608,持卡人消费,学苑楼商务网关,-8.0,187.77,5936,正常
2016/04/16 11:28:27,60ba3075600c05901743108c1cded44e3da9a5e6,107b95aabc3df0a0cae875f24561252e47d88608,持卡人消费,学苑楼商务网关,-0.8,186.97,5937,正常
2016/04/16 11:29:22,60ba3075600c05901743108c1cded44e3da9a5e6,107b95aabc3df0a0cae875f24561252e47d88608,持卡人消费,学苑楼商务网关,-2.0,184.97,5938,正常
2016/04/16 05:15:00,60ba3075600c05901743108c1cded44e3da9a5e6,107b95aabc3df0a0cae875f24561252e47d88608,持卡人消费,学士楼商务网关,-8.8,176.17,5939,正常
2016/04/17 11:47:48,60ba3075600c05901743108c1cded44e3da9a5e6,107b95aabc3df0a0cae875f24561252e47d88608,持卡人消费,学苑楼商务网关,-6.0,170.17,5940,正常
2016/04/17 11:49:57,60ba3075600c05901743108c1cded44e3da9a5e6,107b95aabc3df0a0cae875f24561252e47d88608,持卡人消费,学苑楼商务网关,-1.6,168.57,5941,正常
2016/04/17 21:48:45,60ba3075600c05901743108c1cded44e3da9a5e6,107b95aabc3df0a0cae875f24561252e47d88608,持卡人消费,A2,-6.0,162.57,5942,正常
2016/04/18 11:44:01,60ba3075600c05901743108c1cded44e3da9a5e6,107b95aabc3df0a0cae875f24561252e47d88608,持卡人消费,学士楼商务网关,-8.0,154.57,5943,正常
2016/04/18 13:49:30,60ba3075600c05901743108c1cded44e3da9a5e6,107b95aabc3df0a0cae875f24561252e47d88608,持卡人消费,一校区水控新,-0.46,154.11,5944,正常
2016/04/18 13:52:16,60ba3075600c05901743108c1cded44e3da9a5e6,107b95aabc3df0a0cae875f24561252e47d88608,持卡人消费,一校区水控新,-0.08,154.03,5945,正常
2016/04/18 13:55:31,60ba3075600c05901743108c1cded44e3da9a5e6,107b95aabc3df0a0cae875f24561252e47d88608,持卡人消费,一校区水控新,-0.08,153.95,5946,正常
2016/04/18 13:59:37,60ba3075600c05901743108c1cded44e3da9a5e6,107b95aabc3df0a0cae875f24561252e47d88608,持卡人消费,一校区水控新,-0.11,153.84,5947,正常
2016/04/18 14:04:18,60ba3075600c05901743108c1cded44e3da9a5e6,107b95aabc3df0a0cae875f24561252e47d88608,持卡人消费,一校区水控新,-0.19,153.65,5948,正常
2016/04/18 14:07:45,60ba3075600c05901743108c1cded44e3da9a5e6,107b95aabc3df0a0cae875f24561252e47d88608,持卡人消费,一校区水控新,-0.09,153.56,5949,正常
2016/04/18 14:12:35,60ba3075600c05901743108c1cded44e3da9a5e6,107b95aabc3df0a0cae875f24561252e47d88608,持卡人消费,一校区水控新,-0.28,153.28,5950,正常
2016/04/18 14:14:37,60ba3075600c05901743108c1cded44e3da9a5e6,107b95aabc3df0a0cae875f24561252e47d88608,持卡人消费,一校区水控新,-0.2,153.08,5951,正常
2016/04/18 14:23:05,60ba3075600c05901743108c1cded44e3da9a5e6,107b95aabc3df0a0cae875f24561252e47d88608,持卡人消费,一校区水控新,-0.81,152.27,5952,正常
2016/04/19 09:14:53,60ba3075600c05901743108c1cded44e3da9a5e6,107b95aabc3df0a0cae875f24561252e47d88608,持卡人消费,超市商务子系统,-3.5,148.77,5953,正常
2016/04/19 12:11:19,60ba3075600c05901743108c1cded44e3da9a5e6,107b95aabc3df0a0cae875f24561252e47d88608,持卡人消费,学苑楼商务网关,-8.0,140.77,5954,正常
2016/04/19 17:47:22,60ba3075600c05901743108c1cded44e3da9a5e6,107b95aabc3df0a0cae875f24561252e47d88608,持卡人消费,学苑楼商务网关,-8.0,132.77,5955,正常
2016/04/19 17:51:17,60ba3075600c05901743108c1cded44e3da9a5e6,107b95aabc3df0a0cae875f24561252e47d88608,持卡人消费,学苑楼商务网关,-0.6,132.17,5956,正常
2016/04/20 11:45:46,60ba3075600c05901743108c1cded44e3da9a5e6,107b95aabc3df0a0cae875f24561252e47d88608,持卡人消费,学苑楼商务网关,-7.5,124.67,5957,正常
2016/04/20 17:38:54,60ba3075600c05901743108c1cded44e3da9a5e6,107b95aabc3df0a0cae875f24561252e47d88608,持卡人消费,学苑楼商务网关,-2.6,122.07,5958,正常
2016/04/20 17:46:02,60ba3075600c05901743108c1cded44e3da9a5e6,107b95aabc3df0a0cae875f24561252e47d88608,持卡人消费,学苑楼商务网关,-1.0,121.07,5959,正常
2016/04/22 08:46:00,60ba3075600c05901743108c1cded44e3da9a5e6,107b95aabc3df0a0cae875f24561252e47d88608,持卡人消费,学士楼商务网关,-2.4,118.67,5960,正常
2016/04/22 18:02:25,60ba3075600c05901743108c1cded44e3da9a5e6,107b95aabc3df0a0cae875f24561252e47d88608,持卡人消费,学苑楼商务网关,-10.0,108.67,5961,正常
2016/04/23 08:33:47,60ba3075600c05901743108c1cded44e3da9a5e6,107b95aabc3df0a0cae875f24561252e47d88608,持卡人消费,学士楼商务网关,-3.7,104.97,5962,正常
2016/04/23 17:39:37,60ba3075600c05901743108c1cded44e3da9a5e6,107b95aabc3df0a0cae875f24561252e47d88608,持卡人消费,学苑楼商务网关,-8.0,96.97,5963,正常
2016/04/24 09:10:34,60ba3075600c05901743108c1cded44e3da9a5e6,107b95aabc3df0a0cae875f24561252e47d88608,持卡人消费,硕果园（工大商店）,-5.0,91.97,5964,正常
2016/04/24 11:52:04,60ba3075600c05901743108c1cded44e3da9a5e6,107b95aabc3df0a0cae875f24561252e47d88608,持卡人消费,学苑楼商务网关,-8.0,83.97,5965,正常
2016/04/24 17:44:45,60ba3075600c05901743108c1cded44e3da9a5e6,107b95aabc3df0a0cae875f24561252e47d88608,持卡人消费,硕果园（工大商店）,-12.0,71.97,5966,正常
2016/04/25 07:54:00,60ba3075600c05901743108c1cded44e3da9a5e6,107b95aabc3df0a0cae875f24561252e47d88608,持卡人消费,学士楼商务网关,-3.0,68.97,5967,正常
2016/04/25 17:51:43,60ba3075600c05901743108c1cded44e3da9a5e6,107b95aabc3df0a0cae875f24561252e47d88608,持卡人消费,学苑楼商务网关,-7.5,61.47,5968,正常
2016/04/25 19:54:11,60ba3075600c05901743108c1cded44e3da9a5e6,107b95aabc3df0a0cae875f24561252e47d88608,持卡人消费,一校区水控新,-0.77,58.70,5971,正常
2016/04/25 19:54:58,60ba3075600c05901743108c1cded44e3da9a5e6,107b95aabc3df0a0cae875f24561252e47d88608,持卡人消费,一校区水控新,-0.94,59.76,5972,正常
2016/04/25 19:55:17,60ba3075600c05901743108c1cded44e3da9a5e6,107b95aabc3df0a0cae875f24561252e47d88608,持卡人消费,一校区水控新,-0.05,59.71,5974,正常
2016/04/25 19:59:54,60ba3075600c05901743108c1cded44e3da9a5e6,107b95aabc3df0a0cae875f24561252e47d88608,持卡人消费,一校区水控新,-0.42,59.29,5976,正常
2016/04/25 20:00:00,60ba3075600c05901743108c1cded44e3da9a5e6,107b95aabc3df0a0cae875f24561252e47d88608,持卡人消费,一校区水控新,-0.02,59.27,5978,正常
2016/04/25 20:02:40,60ba3075600c05901743108c1cded44e3da9a5e6,107b95aabc3df0a0cae875f24561252e47d88608,持卡人消费,一校区水控新,-0.11,59.16,5980,正常
2016/04/25 20:03:34,60ba3075600c05901743108c1cded44e3da9a5e6,107b95aabc3df0a0cae875f24561252e47d88608,持卡人消费,一校区水控新,-0.1,59.06,5982,正常
2016/04/25 20:03:40,60ba3075600c05901743108c1cded44e3da9a5e6,107b95aabc3df0a0cae875f24561252e47d88608,持卡人消费,一校区水控新,-0.02,59.04,5984,正常
2016/04/25 20:06:53,60ba3075600c05901743108c1cded44e3da9a5e6,107b95aabc3df0a0cae875f24561252e47d88608,持卡人消费,一校区水控新,-0.18,58.86,5986,正常
2016/04/25 20:09:30,60ba3075600c05901743108c1cded44e3da9a5e6,107b95aabc3df0a0cae875f24561252e47d88608,持卡人消费,一校区水控新,-0.21,58.65,5988,正常
2016/04/25 20:11:10,60ba3075600c05901743108c1cded44e3da9a5e6,107b95aabc3df0a0cae875f24561252e47d88608,持卡人消费,一校区水控新,-0.13,58.52,5990,正常
2016/04/25 20:13:58,60ba3075600c05901743108c1cded44e3da9a5e6,107b95aabc3df0a0cae875f24561252e47d88608,持卡人消费,一校区水控新,-0.06,58.46,5992,正常
2016/04/25 20:15:57,60ba3075600c05901743108c1cded44e3da9a5e6,107b95aabc3df0a0cae875f24561252e47d88608,持卡人消费,一校区水控新,-0.1,58.36,5994,正常
2016/04/25 20:17:54,60ba3075600c05901743108c1cded44e3da9a5e6,107b95aabc3df0a0cae875f24561252e47d88608,持卡人消费,一校区水控新,-0.16,56.20,5997,正常
2016/04/25 20:18:04,60ba3075600c05901743108c1cded44e3da9a5e6,107b95aabc3df0a0cae875f24561252e47d88608,持卡人消费,一校区水控新,-0.16,58.04,5998,正常
2016/04/25 20:19:53,60ba3075600c05901743108c1cded44e3da9a5e6,107b95aabc3df0a0cae875f24561252e47d88608,持卡人消费,一校区水控新,-0.08,57.96,6000,正常
2016/04/25 20:22:29,60ba3075600c05901743108c1cded44e3da9a5e6,107b95aabc3df0a0cae875f24561252e47d88608,持卡人消费,一校区水控新,-0.11,57.85,6002,正常
2016/04/25 20:24:02,60ba3075600c05901743108c1cded44e3da9a5e6,107b95aabc3df0a0cae875f24561252e47d88608,持卡人消费,一校区水控新,-0.06,55.79,6005,正常
2016/04/25 20:24:09,60ba3075600c05901743108c1cded44e3da9a5e6,107b95aabc3df0a0cae875f24561252e47d88608,持卡人消费,一校区水控新,-0.29,57.50,6006,正常
2016/04/25 20:25:59,60ba3075600c05901743108c1cded44e3da9a5e6,107b95aabc3df0a0cae875f24561252e47d88608,持卡人消费,一校区水控新,-0.06,55.44,6009,正常
2016/04/25 20:26:03,60ba3075600c05901743108c1cded44e3da9a5e6,107b95aabc3df0a0cae875f24561252e47d88608,持卡人消费,一校区水控新,-0.11,57.33,6010,正常
2016/04/25 20:27:18,60ba3075600c05901743108c1cded44e3da9a5e6,107b95aabc3df0a0cae875f24561252e47d88608,持卡人消费,一校区水控新,-0.1,55.23,6013,正常
2016/04/25 20:27:22,60ba3075600c05901743108c1cded44e3da9a5e6,107b95aabc3df0a0cae875f24561252e47d88608,持卡人消费,一校区水控新,-0.13,57.10,6014,正常
2016/04/25 20:29:36,60ba3075600c05901743108c1cded44e3da9a5e6,107b95aabc3df0a0cae875f24561252e47d88608,持卡人消费,一校区水控新,-0.1,57.00,6016,正常
2016/04/25 20:31:27,60ba3075600c05901743108c1cded44e3da9a5e6,107b95aabc3df0a0cae875f24561252e47d88608,持卡人消费,一校区水控新,-0.1,56.90,6019,正常
2016/04/25 20:33:05,60ba3075600c05901743108c1cded44e3da9a5e6,107b95aabc3df0a0cae875f24561252e47d88608,持卡人消费,一校区水控新,-0.42,58.48,6020,正常
2016/04/25 20:37:38,60ba3075600c05901743108c1cded44e3da9a5e6,107b95aabc3df0a0cae875f24561252e47d88608,持卡人消费,一校区水控新,-0.86,55.62,6023,正常
2016/04/25 20:37:40,60ba3075600c05901743108c1cded44e3da9a5e6,107b95aabc3df0a0cae875f24561252e47d88608,持卡人消费,一校区水控新,-0.24,57.38,6024,正常
2016/04/25 20:38:28,60ba3075600c05901743108c1cded44e3da9a5e6,107b95aabc3df0a0cae875f24561252e47d88608,持卡人消费,一校区水控新,-0.1,55.28,6027,正常
2016/04/25 20:40:02,60ba3075600c05901743108c1cded44e3da9a5e6,107b95aabc3df0a0cae875f24561252e47d88608,持卡人消费,一校区水控新,-0.43,56.85,6028,正常
2016/04/26 17:44:54,60ba3075600c05901743108c1cded44e3da9a5e6,107b95aabc3df0a0cae875f24561252e47d88608,持卡人消费,学苑楼商务网关,-7.0,49.85,6029,正常
2016/04/26 17:45:00,60ba3075600c05901743108c1cded44e3da9a5e6,107b95aabc3df0a0cae875f24561252e47d88608,持卡人消费,学苑楼商务网关,-1.0,48.85,6030,正常
2016/04/27 17:49:58,60ba3075600c05901743108c1cded44e3da9a5e6,107b95aabc3df0a0cae875f24561252e47d88608,持卡人消费,超市商务子系统,-9.9,38.95,6031,正常
2016/04/28 11:53:40,60ba3075600c05901743108c1cded44e3da9a5e6,107b95aabc3df0a0cae875f24561252e47d88608,持卡人消费,学士楼商务网关,-11.6,27.35,6032,正常
2016/04/28 17:37:57,60ba3075600c05901743108c1cded44e3da9a5e6,107b95aabc3df0a0cae875f24561252e47d88608,持卡人消费,学苑楼商务网关,-8.0,19.35,6033,正常
2016/04/28 17:39:23,60ba3075600c05901743108c1cded44e3da9a5e6,107b95aabc3df0a0cae875f24561252e47d88608,持卡人消费,学苑楼商务网关,-0.6,18.75,6034,正常
2016/04/29 08:51:29,60ba3075600c05901743108c1cded44e3da9a5e6,107b95aabc3df0a0cae875f24561252e47d88608,持卡人消费,学士楼商务网关,-2.4,16.35,6035,正常
2016/04/29 11:47:25,60ba3075600c05901743108c1cded44e3da9a5e6,107b95aabc3df0a0cae875f24561252e47d88608,持卡人消费,学苑楼商务网关,-10.0,6.35,6036,正常
2016/04/29 11:48:24,60ba3075600c05901743108c1cded44e3da9a5e6,107b95aabc3df0a0cae875f24561252e47d88608,持卡人消费,学苑楼商务网关,-0.6,5.75,6037,正常
2016/04/29 11:50:15,60ba3075600c05901743108c1cded44e3da9a5e6,107b95aabc3df0a0cae875f24561252e47d88608,持卡人消费,学苑楼商务网关,-1.0,4.75,6038,正常
2016/04/29 12:07:04,60ba3075600c05901743108c1cded44e3da9a5e6,107b95aabc3df0a0cae875f24561252e47d88608,存款,卡中心综合业务,200.0,204.75,6039,正常
2016/04/30 11:44:52,60ba3075600c05901743108c1cded44e3da9a5e6,107b95aabc3df0a0cae875f24561252e47d88608,持卡人消费,学士楼商务网关,-3.5,199.25,6041,正常
2016/04/30 11:46:12,60ba3075600c05901743108c1cded44e3da9a5e6,107b95aabc3df0a0cae875f24561252e47d88608,持卡人消费,学士楼商务网关,-3.5,195.75,6042,正常
2016/04/30 17:49:01,60ba3075600c05901743108c1cded44e3da9a5e6,107b95aabc3df0a0cae875f24561252e47d88608,持卡人消费,学苑楼商务网关,-7.5,188.25,6043,正常
