交易发生时间,学号,姓名,交易类型,子系统名称,交易额,现有余额,次数,状态
2016/04/01 15:39:25,a3781dbf9b074fc6a5bae9d9fbba01b8b4075d01,1097bec37b1e5f8061e663b0ba8ba4c1ee12c506,持卡人消费,15公寓浴池,-0.62,97.98,4431,正常
2016/04/01 15:46:51,a3781dbf9b074fc6a5bae9d9fbba01b8b4075d01,1097bec37b1e5f8061e663b0ba8ba4c1ee12c506,持卡人消费,15公寓浴池,-1.07,96.91,4433,正常
2016/04/03 16:21:09,a3781dbf9b074fc6a5bae9d9fbba01b8b4075d01,1097bec37b1e5f8061e663b0ba8ba4c1ee12c506,持卡人消费,15公寓浴池,-0.19,96.72,4435,正常
2016/04/03 16:27:16,a3781dbf9b074fc6a5bae9d9fbba01b8b4075d01,1097bec37b1e5f8061e663b0ba8ba4c1ee12c506,持卡人消费,15公寓浴池,-0.77,95.95,4437,正常
2016/04/05 15:32:17,a3781dbf9b074fc6a5bae9d9fbba01b8b4075d01,1097bec37b1e5f8061e663b0ba8ba4c1ee12c506,持卡人消费,15公寓浴池,-0.21,95.74,4439,正常
2016/04/05 15:38:37,a3781dbf9b074fc6a5bae9d9fbba01b8b4075d01,1097bec37b1e5f8061e663b0ba8ba4c1ee12c506,持卡人消费,15公寓浴池,-0.75,94.99,4441,正常
2016/04/06 10:09:57,a3781dbf9b074fc6a5bae9d9fbba01b8b4075d01,1097bec37b1e5f8061e663b0ba8ba4c1ee12c506,持卡人消费,学苑楼商务网关,-9.0,85.99,4442,正常
2016/04/07 10:24:42,a3781dbf9b074fc6a5bae9d9fbba01b8b4075d01,1097bec37b1e5f8061e663b0ba8ba4c1ee12c506,持卡人消费,学苑楼商务网关,-7.0,78.99,4443,正常
2016/04/07 16:45:02,a3781dbf9b074fc6a5bae9d9fbba01b8b4075d01,1097bec37b1e5f8061e663b0ba8ba4c1ee12c506,持卡人消费,15公寓浴池,-0.18,78.81,4445,正常
2016/04/07 16:50:20,a3781dbf9b074fc6a5bae9d9fbba01b8b4075d01,1097bec37b1e5f8061e663b0ba8ba4c1ee12c506,持卡人消费,15公寓浴池,-0.69,78.12,4447,正常
2016/04/09 10:41:11,a3781dbf9b074fc6a5bae9d9fbba01b8b4075d01,1097bec37b1e5f8061e663b0ba8ba4c1ee12c506,持卡人消费,学苑楼商务网关,-7.0,71.12,4448,正常
2016/04/09 10:41:17,a3781dbf9b074fc6a5bae9d9fbba01b8b4075d01,1097bec37b1e5f8061e663b0ba8ba4c1ee12c506,持卡人消费,学苑楼商务网关,-6.0,65.12,4449,正常
2016/04/09 10:44:05,a3781dbf9b074fc6a5bae9d9fbba01b8b4075d01,1097bec37b1e5f8061e663b0ba8ba4c1ee12c506,持卡人消费,学苑楼商务网关,-7.0,58.12,4450,正常
2016/04/09 18:01:25,a3781dbf9b074fc6a5bae9d9fbba01b8b4075d01,1097bec37b1e5f8061e663b0ba8ba4c1ee12c506,持卡人消费,15公寓浴池,-0.22,57.90,4452,正常
2016/04/09 18:06:54,a3781dbf9b074fc6a5bae9d9fbba01b8b4075d01,1097bec37b1e5f8061e663b0ba8ba4c1ee12c506,持卡人消费,15公寓浴池,-0.54,57.36,4454,正常
2016/04/12 16:45:50,a3781dbf9b074fc6a5bae9d9fbba01b8b4075d01,1097bec37b1e5f8061e663b0ba8ba4c1ee12c506,持卡人消费,15公寓浴池,-0.14,57.22,4456,正常
2016/04/12 16:49:42,a3781dbf9b074fc6a5bae9d9fbba01b8b4075d01,1097bec37b1e5f8061e663b0ba8ba4c1ee12c506,持卡人消费,15公寓浴池,-0.32,56.90,4458,正常
2016/04/12 16:54:11,a3781dbf9b074fc6a5bae9d9fbba01b8b4075d01,1097bec37b1e5f8061e663b0ba8ba4c1ee12c506,持卡人消费,15公寓浴池,-0.54,56.36,4460,正常
2016/04/12 16:55:06,a3781dbf9b074fc6a5bae9d9fbba01b8b4075d01,1097bec37b1e5f8061e663b0ba8ba4c1ee12c506,持卡人消费,15公寓浴池,-0.1,56.26,4462,正常
2016/04/14 16:39:13,a3781dbf9b074fc6a5bae9d9fbba01b8b4075d01,1097bec37b1e5f8061e663b0ba8ba4c1ee12c506,持卡人消费,15公寓浴池,-0.1,56.16,4464,正常
2016/04/14 16:45:21,a3781dbf9b074fc6a5bae9d9fbba01b8b4075d01,1097bec37b1e5f8061e663b0ba8ba4c1ee12c506,持卡人消费,15公寓浴池,-0.77,55.39,4466,正常
2016/04/15 11:49:09,a3781dbf9b074fc6a5bae9d9fbba01b8b4075d01,1097bec37b1e5f8061e663b0ba8ba4c1ee12c506,持卡人消费,学苑楼商务网关,-7.5,47.89,4467,正常
2016/04/16 16:29:45,a3781dbf9b074fc6a5bae9d9fbba01b8b4075d01,1097bec37b1e5f8061e663b0ba8ba4c1ee12c506,持卡人消费,15公寓浴池,-0.18,47.71,4469,正常
2016/04/16 16:35:26,a3781dbf9b074fc6a5bae9d9fbba01b8b4075d01,1097bec37b1e5f8061e663b0ba8ba4c1ee12c506,持卡人消费,15公寓浴池,-0.59,47.12,4471,正常
2016/04/18 16:08:19,a3781dbf9b074fc6a5bae9d9fbba01b8b4075d01,1097bec37b1e5f8061e663b0ba8ba4c1ee12c506,持卡人消费,15公寓浴池,-0.21,46.91,4473,正常
2016/04/18 16:13:48,a3781dbf9b074fc6a5bae9d9fbba01b8b4075d01,1097bec37b1e5f8061e663b0ba8ba4c1ee12c506,持卡人消费,15公寓浴池,-0.7,46.21,4475,正常
2016/04/19 10:20:38,a3781dbf9b074fc6a5bae9d9fbba01b8b4075d01,1097bec37b1e5f8061e663b0ba8ba4c1ee12c506,持卡人消费,学苑楼商务网关,-7.0,39.21,4476,正常
2016/04/19 10:23:33,a3781dbf9b074fc6a5bae9d9fbba01b8b4075d01,1097bec37b1e5f8061e663b0ba8ba4c1ee12c506,存款,学苑楼综合业务3,100.0,139.21,4477,正常
2016/04/19 15:23:36,a3781dbf9b074fc6a5bae9d9fbba01b8b4075d01,1097bec37b1e5f8061e663b0ba8ba4c1ee12c506,持卡人消费,学子超市园丁总店,-0.2,139.01,4478,正常
2016/04/20 15:21:30,a3781dbf9b074fc6a5bae9d9fbba01b8b4075d01,1097bec37b1e5f8061e663b0ba8ba4c1ee12c506,持卡人消费,15公寓浴池,-0.21,138.80,4480,正常
2016/04/20 15:26:36,a3781dbf9b074fc6a5bae9d9fbba01b8b4075d01,1097bec37b1e5f8061e663b0ba8ba4c1ee12c506,持卡人消费,15公寓浴池,-0.58,138.22,4482,正常
2016/04/23 14:40:24,a3781dbf9b074fc6a5bae9d9fbba01b8b4075d01,1097bec37b1e5f8061e663b0ba8ba4c1ee12c506,持卡人消费,15公寓浴池,-0.19,138.03,4484,正常
2016/04/23 14:46:34,a3781dbf9b074fc6a5bae9d9fbba01b8b4075d01,1097bec37b1e5f8061e663b0ba8ba4c1ee12c506,持卡人消费,15公寓浴池,-0.72,137.31,4486,正常
2016/04/26 15:51:54,a3781dbf9b074fc6a5bae9d9fbba01b8b4075d01,1097bec37b1e5f8061e663b0ba8ba4c1ee12c506,持卡人消费,15公寓浴池,-0.27,137.04,4488,正常
2016/04/26 15:58:00,a3781dbf9b074fc6a5bae9d9fbba01b8b4075d01,1097bec37b1e5f8061e663b0ba8ba4c1ee12c506,持卡人消费,15公寓浴池,-0.77,136.27,4490,正常
2016/04/27 08:54:21,a3781dbf9b074fc6a5bae9d9fbba01b8b4075d01,1097bec37b1e5f8061e663b0ba8ba4c1ee12c506,持卡人消费,网络中心,-30.0,106.27,4491,正常
2016/04/28 15:26:18,a3781dbf9b074fc6a5bae9d9fbba01b8b4075d01,1097bec37b1e5f8061e663b0ba8ba4c1ee12c506,持卡人消费,A15,-3.0,103.27,4492,正常
2016/04/28 16:45:22,a3781dbf9b074fc6a5bae9d9fbba01b8b4075d01,1097bec37b1e5f8061e663b0ba8ba4c1ee12c506,持卡人消费,15公寓浴池,-0.22,103.05,4494,正常
2016/04/28 16:49:24,a3781dbf9b074fc6a5bae9d9fbba01b8b4075d01,1097bec37b1e5f8061e663b0ba8ba4c1ee12c506,持卡人消费,15公寓浴池,-0.37,102.68,4496,正常
2016/04/30 15:22:16,a3781dbf9b074fc6a5bae9d9fbba01b8b4075d01,1097bec37b1e5f8061e663b0ba8ba4c1ee12c506,持卡人消费,15公寓浴池,-0.22,102.46,4498,正常
2016/04/30 15:27:32,a3781dbf9b074fc6a5bae9d9fbba01b8b4075d01,1097bec37b1e5f8061e663b0ba8ba4c1ee12c506,持卡人消费,15公寓浴池,-0.58,101.88,4500,正常
