交易发生时间,学号,姓名,交易类型,子系统名称,交易额,现有余额,次数,状态
2016/04/15 10:42:49,6b61731475ccbb1dc75b9a7c51d8dfa3be6f127b,10b804d69bd86fac8d2ff7df081cfe7eeace690d,存款,现金充值机,100.0,100.63,3788,正常
2016/04/15 11:04:05,6b61731475ccbb1dc75b9a7c51d8dfa3be6f127b,10b804d69bd86fac8d2ff7df081cfe7eeace690d,持卡人消费,学苑楼商务网关,-7.0,93.63,3789,正常
2016/04/15 12:34:13,6b61731475ccbb1dc75b9a7c51d8dfa3be6f127b,10b804d69bd86fac8d2ff7df081cfe7eeace690d,持卡人消费,网络中心,-30.0,63.63,3790,正常
2016/04/15 18:15:50,6b61731475ccbb1dc75b9a7c51d8dfa3be6f127b,10b804d69bd86fac8d2ff7df081cfe7eeace690d,持卡人消费,学苑楼商务网关,-6.0,57.63,3791,正常
2016/04/16 18:25:00,6b61731475ccbb1dc75b9a7c51d8dfa3be6f127b,10b804d69bd86fac8d2ff7df081cfe7eeace690d,持卡人消费,学苑楼商务网关,-8.0,49.63,3792,正常
2016/04/17 12:13:33,6b61731475ccbb1dc75b9a7c51d8dfa3be6f127b,10b804d69bd86fac8d2ff7df081cfe7eeace690d,持卡人消费,学苑楼商务网关,-7.0,42.63,3793,正常
2016/04/17 12:15:08,6b61731475ccbb1dc75b9a7c51d8dfa3be6f127b,10b804d69bd86fac8d2ff7df081cfe7eeace690d,持卡人消费,学苑楼商务网关,-0.8,41.83,3794,正常
2016/04/17 18:33:05,6b61731475ccbb1dc75b9a7c51d8dfa3be6f127b,10b804d69bd86fac8d2ff7df081cfe7eeace690d,持卡人消费,学子楼商务网关,-8.0,33.83,3795,正常
2016/04/17 18:48:29,6b61731475ccbb1dc75b9a7c51d8dfa3be6f127b,10b804d69bd86fac8d2ff7df081cfe7eeace690d,持卡人消费,学子楼商务网关,-5.4,28.43,3796,正常
2016/04/18 11:03:02,6b61731475ccbb1dc75b9a7c51d8dfa3be6f127b,10b804d69bd86fac8d2ff7df081cfe7eeace690d,持卡人消费,学苑楼商务网关,-7.8,20.63,3797,正常
2016/04/18 20:09:26,6b61731475ccbb1dc75b9a7c51d8dfa3be6f127b,10b804d69bd86fac8d2ff7df081cfe7eeace690d,持卡人消费,硕果园（工大商店）,-7.0,13.63,3798,正常
2016/04/19 13:11:57,6b61731475ccbb1dc75b9a7c51d8dfa3be6f127b,10b804d69bd86fac8d2ff7df081cfe7eeace690d,存款,学苑楼综合业务3,300.0,313.63,3799,正常
2016/04/19 13:14:09,6b61731475ccbb1dc75b9a7c51d8dfa3be6f127b,10b804d69bd86fac8d2ff7df081cfe7eeace690d,持卡人消费,学子楼商务网关,-14.4,299.23,3800,正常
2016/04/19 19:55:16,6b61731475ccbb1dc75b9a7c51d8dfa3be6f127b,10b804d69bd86fac8d2ff7df081cfe7eeace690d,持卡人消费,硕果园（工大商店）,-7.0,292.23,3801,正常
2016/04/20 17:18:56,6b61731475ccbb1dc75b9a7c51d8dfa3be6f127b,10b804d69bd86fac8d2ff7df081cfe7eeace690d,持卡人消费,硕果园（工大商店）,-9.0,283.23,3802,正常
2016/04/20 17:22:06,6b61731475ccbb1dc75b9a7c51d8dfa3be6f127b,10b804d69bd86fac8d2ff7df081cfe7eeace690d,持卡人消费,硕果园（工大商店）,-10.0,273.23,3803,正常
2016/04/20 19:57:06,6b61731475ccbb1dc75b9a7c51d8dfa3be6f127b,10b804d69bd86fac8d2ff7df081cfe7eeace690d,持卡人消费,一校区水控新,-2.0,271.23,3804,正常
2016/04/20 20:02:41,6b61731475ccbb1dc75b9a7c51d8dfa3be6f127b,10b804d69bd86fac8d2ff7df081cfe7eeace690d,持卡人消费,一校区水控新,-0.96,270.27,3806,正常
2016/04/21 13:37:30,6b61731475ccbb1dc75b9a7c51d8dfa3be6f127b,10b804d69bd86fac8d2ff7df081cfe7eeace690d,持卡人消费,学子楼商务网关,-14.4,255.87,3807,正常
2016/04/21 20:01:58,6b61731475ccbb1dc75b9a7c51d8dfa3be6f127b,10b804d69bd86fac8d2ff7df081cfe7eeace690d,持卡人消费,硕果园（工大商店）,-7.0,248.87,3808,正常
2016/04/21 20:28:45,6b61731475ccbb1dc75b9a7c51d8dfa3be6f127b,10b804d69bd86fac8d2ff7df081cfe7eeace690d,持卡人消费,超市商务子系统,-8.5,240.37,3809,正常
2016/04/22 18:42:45,6b61731475ccbb1dc75b9a7c51d8dfa3be6f127b,10b804d69bd86fac8d2ff7df081cfe7eeace690d,持卡人消费,学子楼商务网关,-9.6,230.77,3810,正常
2016/04/23 12:21:13,6b61731475ccbb1dc75b9a7c51d8dfa3be6f127b,10b804d69bd86fac8d2ff7df081cfe7eeace690d,持卡人消费,学苑楼商务网关,-8.0,222.77,3811,正常
2016/04/23 18:22:17,6b61731475ccbb1dc75b9a7c51d8dfa3be6f127b,10b804d69bd86fac8d2ff7df081cfe7eeace690d,持卡人消费,学苑楼商务网关,-6.0,216.77,3812,正常
2016/04/23 20:29:27,6b61731475ccbb1dc75b9a7c51d8dfa3be6f127b,10b804d69bd86fac8d2ff7df081cfe7eeace690d,持卡人消费,硕果园（工大商店）,-8.0,208.77,3813,正常
2016/04/23 20:36:11,6b61731475ccbb1dc75b9a7c51d8dfa3be6f127b,10b804d69bd86fac8d2ff7df081cfe7eeace690d,持卡人消费,硕果园（工大商店）,-3.0,205.77,3814,正常
2016/04/24 12:31:17,6b61731475ccbb1dc75b9a7c51d8dfa3be6f127b,10b804d69bd86fac8d2ff7df081cfe7eeace690d,持卡人消费,学子楼商务网关,-10.8,194.97,3815,正常
2016/04/24 20:17:45,6b61731475ccbb1dc75b9a7c51d8dfa3be6f127b,10b804d69bd86fac8d2ff7df081cfe7eeace690d,持卡人消费,硕果园（工大商店）,-7.0,187.97,3816,正常
2016/04/24 20:36:14,6b61731475ccbb1dc75b9a7c51d8dfa3be6f127b,10b804d69bd86fac8d2ff7df081cfe7eeace690d,持卡人消费,硕果园（工大商店）,-3.0,184.97,3817,正常
2016/04/25 07:08:48,6b61731475ccbb1dc75b9a7c51d8dfa3be6f127b,10b804d69bd86fac8d2ff7df081cfe7eeace690d,持卡人消费,学苑楼商务网关,-2.5,182.47,3818,正常
2016/04/25 07:09:19,6b61731475ccbb1dc75b9a7c51d8dfa3be6f127b,10b804d69bd86fac8d2ff7df081cfe7eeace690d,持卡人消费,学苑楼商务网关,-1.0,181.47,3819,正常
2016/04/25 11:07:33,6b61731475ccbb1dc75b9a7c51d8dfa3be6f127b,10b804d69bd86fac8d2ff7df081cfe7eeace690d,持卡人消费,学苑楼商务网关,-7.8,173.67,3820,正常
2016/04/25 18:47:52,6b61731475ccbb1dc75b9a7c51d8dfa3be6f127b,10b804d69bd86fac8d2ff7df081cfe7eeace690d,持卡人消费,学子楼商务网关,-10.0,163.67,3821,正常
2016/04/25 18:50:45,6b61731475ccbb1dc75b9a7c51d8dfa3be6f127b,10b804d69bd86fac8d2ff7df081cfe7eeace690d,持卡人消费,学子楼商务网关,-5.4,158.27,3822,正常
2016/04/26 10:49:25,6b61731475ccbb1dc75b9a7c51d8dfa3be6f127b,10b804d69bd86fac8d2ff7df081cfe7eeace690d,持卡人消费,学苑楼商务网关,-7.0,151.27,3823,正常
2016/04/26 11:15:16,6b61731475ccbb1dc75b9a7c51d8dfa3be6f127b,10b804d69bd86fac8d2ff7df081cfe7eeace690d,持卡人消费,超市商务子系统,-32.5,118.77,3824,正常
2016/04/26 17:03:07,6b61731475ccbb1dc75b9a7c51d8dfa3be6f127b,10b804d69bd86fac8d2ff7df081cfe7eeace690d,持卡人消费,A7,-3.0,115.77,3825,正常
2016/04/26 18:17:57,6b61731475ccbb1dc75b9a7c51d8dfa3be6f127b,10b804d69bd86fac8d2ff7df081cfe7eeace690d,持卡人消费,学苑楼商务网关,-6.0,109.77,3826,正常
2016/04/26 18:36:20,6b61731475ccbb1dc75b9a7c51d8dfa3be6f127b,10b804d69bd86fac8d2ff7df081cfe7eeace690d,持卡人消费,学苑楼商务网关,-13.3,96.47,3827,正常
2016/04/27 11:22:03,6b61731475ccbb1dc75b9a7c51d8dfa3be6f127b,10b804d69bd86fac8d2ff7df081cfe7eeace690d,持卡人消费,学子楼商务网关,-12.0,84.47,3828,正常
2016/04/27 20:33:50,6b61731475ccbb1dc75b9a7c51d8dfa3be6f127b,10b804d69bd86fac8d2ff7df081cfe7eeace690d,持卡人消费,硕果园（工大商店）,-7.0,77.47,3829,正常
2016/04/27 20:50:36,6b61731475ccbb1dc75b9a7c51d8dfa3be6f127b,10b804d69bd86fac8d2ff7df081cfe7eeace690d,持卡人消费,硕果园（工大商店）,-3.0,74.47,3830,正常
2016/04/28 13:38:10,6b61731475ccbb1dc75b9a7c51d8dfa3be6f127b,10b804d69bd86fac8d2ff7df081cfe7eeace690d,持卡人消费,硕果园（工大商店）,-9.0,65.47,3831,正常
2016/04/28 20:08:21,6b61731475ccbb1dc75b9a7c51d8dfa3be6f127b,10b804d69bd86fac8d2ff7df081cfe7eeace690d,持卡人消费,硕果园（工大商店）,-7.0,58.47,3832,正常
2016/04/29 12:44:38,6b61731475ccbb1dc75b9a7c51d8dfa3be6f127b,10b804d69bd86fac8d2ff7df081cfe7eeace690d,持卡人消费,学子楼商务网关,-10.8,47.67,3833,正常
2016/04/29 19:36:36,6b61731475ccbb1dc75b9a7c51d8dfa3be6f127b,10b804d69bd86fac8d2ff7df081cfe7eeace690d,持卡人消费,一校区水控新,-2.0,45.67,3834,正常
2016/04/29 19:39:35,6b61731475ccbb1dc75b9a7c51d8dfa3be6f127b,10b804d69bd86fac8d2ff7df081cfe7eeace690d,持卡人消费,一校区水控新,-0.38,45.29,3836,正常
2016/04/29 19:40:54,6b61731475ccbb1dc75b9a7c51d8dfa3be6f127b,10b804d69bd86fac8d2ff7df081cfe7eeace690d,持卡人消费,一校区水控新,-0.11,45.18,3838,正常
2016/04/29 20:12:01,6b61731475ccbb1dc75b9a7c51d8dfa3be6f127b,10b804d69bd86fac8d2ff7df081cfe7eeace690d,持卡人消费,硕果园（工大商店）,-9.0,36.18,3839,正常
2016/04/29 20:22:15,6b61731475ccbb1dc75b9a7c51d8dfa3be6f127b,10b804d69bd86fac8d2ff7df081cfe7eeace690d,持卡人消费,硕果园（工大商店）,-3.0,33.18,3840,正常
2016/04/29 20:32:25,6b61731475ccbb1dc75b9a7c51d8dfa3be6f127b,10b804d69bd86fac8d2ff7df081cfe7eeace690d,持卡人消费,硕果园（工大商店）,-3.0,30.18,3841,正常
2016/04/30 12:33:50,6b61731475ccbb1dc75b9a7c51d8dfa3be6f127b,10b804d69bd86fac8d2ff7df081cfe7eeace690d,持卡人消费,学苑楼商务网关,-7.0,23.18,3842,正常
2016/04/30 12:35:16,6b61731475ccbb1dc75b9a7c51d8dfa3be6f127b,10b804d69bd86fac8d2ff7df081cfe7eeace690d,持卡人消费,学苑楼商务网关,-0.8,22.38,3843,正常
2016/04/30 19:23:22,6b61731475ccbb1dc75b9a7c51d8dfa3be6f127b,10b804d69bd86fac8d2ff7df081cfe7eeace690d,持卡人消费,硕果园（工大商店）,-8.0,14.38,3844,正常
2016/04/30 19:38:46,6b61731475ccbb1dc75b9a7c51d8dfa3be6f127b,10b804d69bd86fac8d2ff7df081cfe7eeace690d,持卡人消费,硕果园（工大商店）,-9.0,5.38,3845,正常
