交易发生时间,学号,姓名,交易类型,子系统名称,交易额,现有余额,次数,状态
2016/04/01 16:01:18,0195fea3b74f0664b40d41597177486ebd9c4a3e,1112f920ede0f590b6e2e31af25502c0a1d1cc65,持卡人消费,超市商务子系统,-0.3,34.07,4654,正常
2016/04/07 17:20:38,0195fea3b74f0664b40d41597177486ebd9c4a3e,1112f920ede0f590b6e2e31af25502c0a1d1cc65,持卡人消费,学苑楼商务网关,-7.0,27.07,4655,正常
2016/04/07 17:23:29,0195fea3b74f0664b40d41597177486ebd9c4a3e,1112f920ede0f590b6e2e31af25502c0a1d1cc65,持卡人消费,学苑楼商务网关,-1.6,25.47,4656,正常
2016/04/11 11:16:57,0195fea3b74f0664b40d41597177486ebd9c4a3e,1112f920ede0f590b6e2e31af25502c0a1d1cc65,持卡人消费,学苑楼商务网关,-8.0,17.47,4657,正常
2016/04/11 17:18:44,0195fea3b74f0664b40d41597177486ebd9c4a3e,1112f920ede0f590b6e2e31af25502c0a1d1cc65,持卡人消费,学苑楼商务网关,-7.0,10.47,4658,正常
2016/04/11 17:22:11,0195fea3b74f0664b40d41597177486ebd9c4a3e,1112f920ede0f590b6e2e31af25502c0a1d1cc65,持卡人消费,学苑楼商务网关,-0.8,9.67,4659,正常
2016/04/11 17:23:50,0195fea3b74f0664b40d41597177486ebd9c4a3e,1112f920ede0f590b6e2e31af25502c0a1d1cc65,存款,现金充值机,200.0,209.67,4660,正常
2016/04/11 17:54:29,0195fea3b74f0664b40d41597177486ebd9c4a3e,1112f920ede0f590b6e2e31af25502c0a1d1cc65,持卡人消费,超市商务子系统,-1.5,208.17,4661,正常
2016/04/12 17:12:55,0195fea3b74f0664b40d41597177486ebd9c4a3e,1112f920ede0f590b6e2e31af25502c0a1d1cc65,持卡人消费,学苑楼商务网关,-6.0,202.17,4662,正常
2016/04/12 17:13:10,0195fea3b74f0664b40d41597177486ebd9c4a3e,1112f920ede0f590b6e2e31af25502c0a1d1cc65,持卡人消费,学苑楼商务网关,-1.6,200.57,4663,正常
2016/04/15 08:13:47,0195fea3b74f0664b40d41597177486ebd9c4a3e,1112f920ede0f590b6e2e31af25502c0a1d1cc65,持卡人消费,学士楼商务网关,-2.5,198.07,4664,正常
2016/04/15 11:15:06,0195fea3b74f0664b40d41597177486ebd9c4a3e,1112f920ede0f590b6e2e31af25502c0a1d1cc65,持卡人消费,学苑楼商务网关,-8.0,190.07,4665,正常
2016/04/15 17:30:12,0195fea3b74f0664b40d41597177486ebd9c4a3e,1112f920ede0f590b6e2e31af25502c0a1d1cc65,持卡人消费,学苑楼商务网关,-7.0,183.07,4666,正常
2016/04/15 17:37:05,0195fea3b74f0664b40d41597177486ebd9c4a3e,1112f920ede0f590b6e2e31af25502c0a1d1cc65,持卡人消费,学苑楼商务网关,-3.0,180.07,4667,正常
2016/04/15 17:37:27,0195fea3b74f0664b40d41597177486ebd9c4a3e,1112f920ede0f590b6e2e31af25502c0a1d1cc65,持卡人消费,学苑楼商务网关,-7.0,173.07,4668,正常
2016/04/16 17:20:41,0195fea3b74f0664b40d41597177486ebd9c4a3e,1112f920ede0f590b6e2e31af25502c0a1d1cc65,持卡人消费,学苑楼商务网关,-7.0,166.07,4669,正常
2016/04/16 17:24:22,0195fea3b74f0664b40d41597177486ebd9c4a3e,1112f920ede0f590b6e2e31af25502c0a1d1cc65,持卡人消费,学苑楼商务网关,-1.6,164.47,4670,正常
2016/04/21 11:33:40,0195fea3b74f0664b40d41597177486ebd9c4a3e,1112f920ede0f590b6e2e31af25502c0a1d1cc65,持卡人消费,学苑楼商务网关,-8.0,156.47,4671,正常
2016/04/22 17:16:26,0195fea3b74f0664b40d41597177486ebd9c4a3e,1112f920ede0f590b6e2e31af25502c0a1d1cc65,持卡人消费,学苑楼商务网关,-7.0,149.47,4672,正常
2016/04/22 17:18:50,0195fea3b74f0664b40d41597177486ebd9c4a3e,1112f920ede0f590b6e2e31af25502c0a1d1cc65,持卡人消费,学苑楼商务网关,-1.6,147.87,4673,正常
2016/04/22 19:23:54,0195fea3b74f0664b40d41597177486ebd9c4a3e,1112f920ede0f590b6e2e31af25502c0a1d1cc65,持卡人消费,一校区水控新,-1.9,145.97,4675,正常
2016/04/22 19:37:03,0195fea3b74f0664b40d41597177486ebd9c4a3e,1112f920ede0f590b6e2e31af25502c0a1d1cc65,持卡人消费,一校区水控新,-2.0,143.97,4676,正常
2016/04/22 19:49:29,0195fea3b74f0664b40d41597177486ebd9c4a3e,1112f920ede0f590b6e2e31af25502c0a1d1cc65,持卡人消费,一校区水控新,-2.0,141.97,4677,正常
2016/04/22 19:50:47,0195fea3b74f0664b40d41597177486ebd9c4a3e,1112f920ede0f590b6e2e31af25502c0a1d1cc65,持卡人消费,一校区水控新,-0.24,141.73,4679,正常
2016/04/22 19:53:11,0195fea3b74f0664b40d41597177486ebd9c4a3e,1112f920ede0f590b6e2e31af25502c0a1d1cc65,持卡人消费,一校区水控新,-0.22,141.51,4681,正常
2016/04/22 20:24:28,0195fea3b74f0664b40d41597177486ebd9c4a3e,1112f920ede0f590b6e2e31af25502c0a1d1cc65,持卡人消费,超市商务子系统,-22.3,119.21,4682,正常
2016/04/24 18:09:36,0195fea3b74f0664b40d41597177486ebd9c4a3e,1112f920ede0f590b6e2e31af25502c0a1d1cc65,持卡人消费,学苑楼商务网关,-7.0,112.21,4683,正常
2016/04/24 18:10:31,0195fea3b74f0664b40d41597177486ebd9c4a3e,1112f920ede0f590b6e2e31af25502c0a1d1cc65,持卡人消费,学苑楼商务网关,-3.0,109.21,4684,正常
2016/04/25 16:34:01,0195fea3b74f0664b40d41597177486ebd9c4a3e,1112f920ede0f590b6e2e31af25502c0a1d1cc65,持卡人消费,超市商务子系统,-17.4,91.81,4685,正常
2016/04/26 12:08:49,0195fea3b74f0664b40d41597177486ebd9c4a3e,1112f920ede0f590b6e2e31af25502c0a1d1cc65,持卡人消费,学士楼商务网关,-8.0,83.81,4686,正常
2016/04/26 12:09:52,0195fea3b74f0664b40d41597177486ebd9c4a3e,1112f920ede0f590b6e2e31af25502c0a1d1cc65,持卡人消费,学士楼商务网关,-4.5,79.31,4687,正常
2016/04/26 17:25:45,0195fea3b74f0664b40d41597177486ebd9c4a3e,1112f920ede0f590b6e2e31af25502c0a1d1cc65,持卡人消费,学苑楼商务网关,-7.0,72.31,4688,正常
2016/04/26 17:28:07,0195fea3b74f0664b40d41597177486ebd9c4a3e,1112f920ede0f590b6e2e31af25502c0a1d1cc65,持卡人消费,学苑楼商务网关,-1.6,70.71,4689,正常
2016/04/27 17:29:25,0195fea3b74f0664b40d41597177486ebd9c4a3e,1112f920ede0f590b6e2e31af25502c0a1d1cc65,持卡人消费,学苑楼商务网关,-7.0,63.71,4690,正常
2016/04/27 17:58:30,0195fea3b74f0664b40d41597177486ebd9c4a3e,1112f920ede0f590b6e2e31af25502c0a1d1cc65,持卡人消费,超市商务子系统,-1.7,62.01,4691,正常
2016/04/28 17:14:15,0195fea3b74f0664b40d41597177486ebd9c4a3e,1112f920ede0f590b6e2e31af25502c0a1d1cc65,持卡人消费,学士楼商务网关,-9.1,52.91,4692,正常
