交易发生时间,学号,姓名,交易类型,子系统名称,交易额,现有余额,次数,状态
2016/04/03 17:36:46,18a1e1beef76a5b572b98aab7f5e4a30ac90cf4e,1196cc44362dff235351ade693df9ad87d40615a,持卡人消费,学士楼商务网关,-4.0,21.46,5779,正常
2016/04/03 17:37:49,18a1e1beef76a5b572b98aab7f5e4a30ac90cf4e,1196cc44362dff235351ade693df9ad87d40615a,持卡人消费,学士楼商务网关,-2.0,19.46,5780,正常
2016/04/03 17:38:36,18a1e1beef76a5b572b98aab7f5e4a30ac90cf4e,1196cc44362dff235351ade693df9ad87d40615a,持卡人消费,学士楼商务网关,-0.4,19.06,5781,正常
2016/04/03 17:41:23,18a1e1beef76a5b572b98aab7f5e4a30ac90cf4e,1196cc44362dff235351ade693df9ad87d40615a,存款,现金充值机,200.0,219.06,5782,正常
2016/04/05 09:58:55,18a1e1beef76a5b572b98aab7f5e4a30ac90cf4e,1196cc44362dff235351ade693df9ad87d40615a,持卡人消费,学士楼商务网关,-2.0,217.06,5783,正常
2016/04/05 10:00:19,18a1e1beef76a5b572b98aab7f5e4a30ac90cf4e,1196cc44362dff235351ade693df9ad87d40615a,持卡人消费,学士楼商务网关,-3.9,213.16,5784,正常
2016/04/05 14:02:43,18a1e1beef76a5b572b98aab7f5e4a30ac90cf4e,1196cc44362dff235351ade693df9ad87d40615a,持卡人消费,硕果园（工大商店）,-6.0,207.16,5785,正常
2016/04/05 14:03:38,18a1e1beef76a5b572b98aab7f5e4a30ac90cf4e,1196cc44362dff235351ade693df9ad87d40615a,持卡人消费,硕果园（工大商店）,-14.0,193.16,5786,正常
2016/04/06 17:57:22,18a1e1beef76a5b572b98aab7f5e4a30ac90cf4e,1196cc44362dff235351ade693df9ad87d40615a,持卡人消费,一区图书馆BPOS,-10.3,182.86,5787,正常
2016/04/06 18:03:33,18a1e1beef76a5b572b98aab7f5e4a30ac90cf4e,1196cc44362dff235351ade693df9ad87d40615a,持卡人消费,学士楼商务网关,-3.9,178.96,5788,正常
2016/04/06 18:04:09,18a1e1beef76a5b572b98aab7f5e4a30ac90cf4e,1196cc44362dff235351ade693df9ad87d40615a,持卡人消费,学士楼商务网关,-4.0,174.96,5789,正常
2016/04/07 09:27:56,18a1e1beef76a5b572b98aab7f5e4a30ac90cf4e,1196cc44362dff235351ade693df9ad87d40615a,持卡人消费,超市商务子系统,-3.5,171.46,5790,正常
2016/04/07 18:00:36,18a1e1beef76a5b572b98aab7f5e4a30ac90cf4e,1196cc44362dff235351ade693df9ad87d40615a,持卡人消费,学士楼商务网关,-8.0,163.46,5791,正常
2016/04/07 18:01:02,18a1e1beef76a5b572b98aab7f5e4a30ac90cf4e,1196cc44362dff235351ade693df9ad87d40615a,持卡人消费,学士楼商务网关,-0.4,163.06,5792,正常
2016/04/07 18:54:22,18a1e1beef76a5b572b98aab7f5e4a30ac90cf4e,1196cc44362dff235351ade693df9ad87d40615a,持卡人消费,超市商务子系统,-39.4,123.66,5793,正常
2016/04/08 19:58:27,18a1e1beef76a5b572b98aab7f5e4a30ac90cf4e,1196cc44362dff235351ade693df9ad87d40615a,持卡人消费,15公寓浴池,-0.43,123.23,5795,正常
2016/04/08 20:02:15,18a1e1beef76a5b572b98aab7f5e4a30ac90cf4e,1196cc44362dff235351ade693df9ad87d40615a,持卡人消费,15公寓浴池,-0.06,123.17,5797,正常
2016/04/08 20:15:40,18a1e1beef76a5b572b98aab7f5e4a30ac90cf4e,1196cc44362dff235351ade693df9ad87d40615a,持卡人消费,15公寓浴池,-0.99,122.18,5799,正常
2016/04/08 20:24:03,18a1e1beef76a5b572b98aab7f5e4a30ac90cf4e,1196cc44362dff235351ade693df9ad87d40615a,持卡人消费,15公寓浴池,-0.96,121.22,5801,正常
2016/04/08 20:34:54,18a1e1beef76a5b572b98aab7f5e4a30ac90cf4e,1196cc44362dff235351ade693df9ad87d40615a,持卡人消费,15公寓浴池,-1.57,119.65,5803,正常
2016/04/12 07:12:16,18a1e1beef76a5b572b98aab7f5e4a30ac90cf4e,1196cc44362dff235351ade693df9ad87d40615a,持卡人消费,超市商务子系统,-3.5,116.15,5804,正常
2016/04/12 07:12:19,18a1e1beef76a5b572b98aab7f5e4a30ac90cf4e,1196cc44362dff235351ade693df9ad87d40615a,持卡人消费,超市商务子系统,-1.0,115.15,5805,正常
2016/04/12 20:35:06,18a1e1beef76a5b572b98aab7f5e4a30ac90cf4e,1196cc44362dff235351ade693df9ad87d40615a,持卡人消费,15公寓浴池,-2.0,113.15,5806,正常
2016/04/12 20:45:29,18a1e1beef76a5b572b98aab7f5e4a30ac90cf4e,1196cc44362dff235351ade693df9ad87d40615a,持卡人消费,15公寓浴池,-1.73,111.42,5808,正常
2016/04/15 08:39:47,18a1e1beef76a5b572b98aab7f5e4a30ac90cf4e,1196cc44362dff235351ade693df9ad87d40615a,持卡人消费,超市商务子系统,-3.5,107.92,5809,正常
2016/04/15 19:42:47,18a1e1beef76a5b572b98aab7f5e4a30ac90cf4e,1196cc44362dff235351ade693df9ad87d40615a,持卡人消费,15公寓浴池,-0.48,107.44,5811,正常
2016/04/15 19:46:13,18a1e1beef76a5b572b98aab7f5e4a30ac90cf4e,1196cc44362dff235351ade693df9ad87d40615a,持卡人消费,15公寓浴池,-0.14,107.30,5813,正常
2016/04/15 19:50:43,18a1e1beef76a5b572b98aab7f5e4a30ac90cf4e,1196cc44362dff235351ade693df9ad87d40615a,持卡人消费,15公寓浴池,-0.21,107.09,5815,正常
2016/04/15 20:00:15,18a1e1beef76a5b572b98aab7f5e4a30ac90cf4e,1196cc44362dff235351ade693df9ad87d40615a,持卡人消费,15公寓浴池,-0.54,106.55,5817,正常
2016/04/15 20:07:44,18a1e1beef76a5b572b98aab7f5e4a30ac90cf4e,1196cc44362dff235351ade693df9ad87d40615a,持卡人消费,15公寓浴池,-0.94,105.61,5819,正常
2016/04/15 20:15:38,18a1e1beef76a5b572b98aab7f5e4a30ac90cf4e,1196cc44362dff235351ade693df9ad87d40615a,持卡人消费,15公寓浴池,-0.99,104.62,5821,正常
2016/04/15 20:16:52,18a1e1beef76a5b572b98aab7f5e4a30ac90cf4e,1196cc44362dff235351ade693df9ad87d40615a,持卡人消费,15公寓浴池,-0.03,104.59,5823,正常
2016/04/16 13:36:47,18a1e1beef76a5b572b98aab7f5e4a30ac90cf4e,1196cc44362dff235351ade693df9ad87d40615a,持卡人消费,15公寓浴池,-0.26,104.33,5825,正常
2016/04/16 13:42:05,18a1e1beef76a5b572b98aab7f5e4a30ac90cf4e,1196cc44362dff235351ade693df9ad87d40615a,持卡人消费,15公寓浴池,-0.34,103.99,5827,正常
2016/04/16 13:46:55,18a1e1beef76a5b572b98aab7f5e4a30ac90cf4e,1196cc44362dff235351ade693df9ad87d40615a,持卡人消费,15公寓浴池,-0.42,103.57,5829,正常
2016/04/16 13:47:49,18a1e1beef76a5b572b98aab7f5e4a30ac90cf4e,1196cc44362dff235351ade693df9ad87d40615a,持卡人消费,15公寓浴池,-0.05,103.52,5831,正常
2016/04/16 13:51:38,18a1e1beef76a5b572b98aab7f5e4a30ac90cf4e,1196cc44362dff235351ade693df9ad87d40615a,持卡人消费,15公寓浴池,-0.29,103.23,5833,正常
2016/04/16 13:55:36,18a1e1beef76a5b572b98aab7f5e4a30ac90cf4e,1196cc44362dff235351ade693df9ad87d40615a,持卡人消费,15公寓浴池,-0.35,102.88,5835,正常
2016/04/16 18:33:28,18a1e1beef76a5b572b98aab7f5e4a30ac90cf4e,1196cc44362dff235351ade693df9ad87d40615a,持卡人消费,A15,-3.0,99.88,5836,正常
2016/04/16 20:39:59,18a1e1beef76a5b572b98aab7f5e4a30ac90cf4e,1196cc44362dff235351ade693df9ad87d40615a,持卡人消费,15公寓浴池,-1.57,98.31,5838,正常
2016/04/16 20:50:44,18a1e1beef76a5b572b98aab7f5e4a30ac90cf4e,1196cc44362dff235351ade693df9ad87d40615a,持卡人消费,15公寓浴池,-1.36,96.95,5840,正常
2016/04/16 21:13:15,18a1e1beef76a5b572b98aab7f5e4a30ac90cf4e,1196cc44362dff235351ade693df9ad87d40615a,持卡人消费,A15,-9.0,87.95,5841,正常
2016/04/25 09:20:30,18a1e1beef76a5b572b98aab7f5e4a30ac90cf4e,1196cc44362dff235351ade693df9ad87d40615a,持卡人消费,超市商务子系统,-3.5,84.45,5842,正常
2016/04/25 14:10:18,18a1e1beef76a5b572b98aab7f5e4a30ac90cf4e,1196cc44362dff235351ade693df9ad87d40615a,持卡人消费,超市商务子系统,-6.0,78.45,5843,正常
2016/04/25 14:10:46,18a1e1beef76a5b572b98aab7f5e4a30ac90cf4e,1196cc44362dff235351ade693df9ad87d40615a,持卡人消费,超市商务子系统,-37.6,40.85,5844,正常
2016/04/25 14:13:45,18a1e1beef76a5b572b98aab7f5e4a30ac90cf4e,1196cc44362dff235351ade693df9ad87d40615a,持卡人消费,学士楼商务网关,-8.4,32.45,5845,正常
2016/04/26 14:05:34,18a1e1beef76a5b572b98aab7f5e4a30ac90cf4e,1196cc44362dff235351ade693df9ad87d40615a,持卡人消费,学士楼商务网关,-2.58,29.87,5846,正常
2016/04/26 14:06:42,18a1e1beef76a5b572b98aab7f5e4a30ac90cf4e,1196cc44362dff235351ade693df9ad87d40615a,持卡人消费,学士楼商务网关,-8.0,21.87,5847,正常
2016/04/27 09:27:01,18a1e1beef76a5b572b98aab7f5e4a30ac90cf4e,1196cc44362dff235351ade693df9ad87d40615a,持卡人消费,超市商务子系统,-3.0,18.87,5848,正常
2016/04/27 15:09:08,18a1e1beef76a5b572b98aab7f5e4a30ac90cf4e,1196cc44362dff235351ade693df9ad87d40615a,持卡人消费,硕果园（工大商店）,-11.0,7.87,5849,正常
2016/04/27 15:24:50,18a1e1beef76a5b572b98aab7f5e4a30ac90cf4e,1196cc44362dff235351ade693df9ad87d40615a,持卡人消费,硕果园（工大商店）,-3.5,4.37,5850,正常
