交易发生时间,学号,姓名,交易类型,子系统名称,交易额,现有余额,次数,状态
2016/04/01 11:36:58,92bc8d78dc185d9f391293a4a3bd0c92b28b74ce,11debf50e7e96257bf3c3f7ff5906fbff2990ef4,持卡人消费,学士楼商务网关,-8.0,45.60,3161,正常
2016/04/02 11:38:54,92bc8d78dc185d9f391293a4a3bd0c92b28b74ce,11debf50e7e96257bf3c3f7ff5906fbff2990ef4,持卡人消费,学士楼商务网关,-5.6,40.00,3162,正常
2016/04/02 11:57:00,92bc8d78dc185d9f391293a4a3bd0c92b28b74ce,11debf50e7e96257bf3c3f7ff5906fbff2990ef4,持卡人消费,学士楼商务网关,-6.9,33.10,3163,正常
2016/04/03 11:22:22,92bc8d78dc185d9f391293a4a3bd0c92b28b74ce,11debf50e7e96257bf3c3f7ff5906fbff2990ef4,持卡人消费,硕果园（工大商店）,-1.0,32.10,3164,正常
2016/04/03 17:00:29,92bc8d78dc185d9f391293a4a3bd0c92b28b74ce,11debf50e7e96257bf3c3f7ff5906fbff2990ef4,持卡人消费,学士楼商务网关,-10.9,21.20,3165,正常
2016/04/03 17:22:20,92bc8d78dc185d9f391293a4a3bd0c92b28b74ce,11debf50e7e96257bf3c3f7ff5906fbff2990ef4,持卡人消费,学士楼商务网关,-0.7,20.50,3166,正常
2016/04/05 17:15:00,92bc8d78dc185d9f391293a4a3bd0c92b28b74ce,11debf50e7e96257bf3c3f7ff5906fbff2990ef4,存款,学苑楼综合业务2,100.0,120.50,3167,正常
2016/04/05 17:17:22,92bc8d78dc185d9f391293a4a3bd0c92b28b74ce,11debf50e7e96257bf3c3f7ff5906fbff2990ef4,持卡人消费,学苑楼商务网关,-9.0,111.50,3168,正常
2016/04/06 11:05:39,92bc8d78dc185d9f391293a4a3bd0c92b28b74ce,11debf50e7e96257bf3c3f7ff5906fbff2990ef4,持卡人消费,硕果园（工大商店）,-9.0,102.50,3169,正常
2016/04/06 11:08:09,92bc8d78dc185d9f391293a4a3bd0c92b28b74ce,11debf50e7e96257bf3c3f7ff5906fbff2990ef4,持卡人消费,学士楼商务网关,-2.0,100.50,3170,正常
2016/04/06 11:08:29,92bc8d78dc185d9f391293a4a3bd0c92b28b74ce,11debf50e7e96257bf3c3f7ff5906fbff2990ef4,持卡人消费,学士楼商务网关,-0.6,99.90,3171,正常
2016/04/06 19:38:47,92bc8d78dc185d9f391293a4a3bd0c92b28b74ce,11debf50e7e96257bf3c3f7ff5906fbff2990ef4,持卡人消费,超市商务子系统,-14.5,85.40,3172,正常
2016/04/07 11:52:58,92bc8d78dc185d9f391293a4a3bd0c92b28b74ce,11debf50e7e96257bf3c3f7ff5906fbff2990ef4,持卡人消费,硕果园（工大商店）,-9.0,76.40,3173,正常
2016/04/07 17:26:55,92bc8d78dc185d9f391293a4a3bd0c92b28b74ce,11debf50e7e96257bf3c3f7ff5906fbff2990ef4,持卡人消费,硕果园（工大商店）,-10.0,66.40,3174,正常
2016/04/09 07:36:43,92bc8d78dc185d9f391293a4a3bd0c92b28b74ce,11debf50e7e96257bf3c3f7ff5906fbff2990ef4,持卡人消费,学士楼商务网关,-3.2,63.20,3175,正常
2016/04/09 11:40:13,92bc8d78dc185d9f391293a4a3bd0c92b28b74ce,11debf50e7e96257bf3c3f7ff5906fbff2990ef4,持卡人消费,学士楼商务网关,-7.1,56.10,3176,正常
2016/04/09 17:05:56,92bc8d78dc185d9f391293a4a3bd0c92b28b74ce,11debf50e7e96257bf3c3f7ff5906fbff2990ef4,持卡人消费,超市商务子系统,-8.0,48.10,3177,正常
2016/04/10 07:43:09,92bc8d78dc185d9f391293a4a3bd0c92b28b74ce,11debf50e7e96257bf3c3f7ff5906fbff2990ef4,持卡人消费,学士楼商务网关,-3.2,44.90,3178,正常
2016/04/10 10:57:33,92bc8d78dc185d9f391293a4a3bd0c92b28b74ce,11debf50e7e96257bf3c3f7ff5906fbff2990ef4,持卡人消费,硕果园（工大商店）,-12.0,32.90,3179,正常
2016/04/11 10:55:32,92bc8d78dc185d9f391293a4a3bd0c92b28b74ce,11debf50e7e96257bf3c3f7ff5906fbff2990ef4,存款,现金充值机,100.0,132.90,3180,正常
2016/04/11 11:17:33,92bc8d78dc185d9f391293a4a3bd0c92b28b74ce,11debf50e7e96257bf3c3f7ff5906fbff2990ef4,持卡人消费,学苑楼商务网关,-6.0,126.90,3181,正常
2016/04/11 19:48:14,92bc8d78dc185d9f391293a4a3bd0c92b28b74ce,11debf50e7e96257bf3c3f7ff5906fbff2990ef4,持卡人消费,硕果园（工大商店）,-3.0,123.90,3182,正常
2016/04/12 11:41:19,92bc8d78dc185d9f391293a4a3bd0c92b28b74ce,11debf50e7e96257bf3c3f7ff5906fbff2990ef4,持卡人消费,硕果园（工大商店）,-10.0,113.90,3183,正常
2016/04/13 11:30:44,92bc8d78dc185d9f391293a4a3bd0c92b28b74ce,11debf50e7e96257bf3c3f7ff5906fbff2990ef4,持卡人消费,学士楼商务网关,-4.8,109.10,3184,正常
2016/04/13 11:51:07,92bc8d78dc185d9f391293a4a3bd0c92b28b74ce,11debf50e7e96257bf3c3f7ff5906fbff2990ef4,持卡人消费,超市商务子系统,-5.0,104.10,3185,正常
2016/04/14 08:02:11,92bc8d78dc185d9f391293a4a3bd0c92b28b74ce,11debf50e7e96257bf3c3f7ff5906fbff2990ef4,持卡人消费,学苑楼商务网关,-9.0,95.10,3186,正常
2016/04/14 13:10:07,92bc8d78dc185d9f391293a4a3bd0c92b28b74ce,11debf50e7e96257bf3c3f7ff5906fbff2990ef4,持卡人消费,硕果园（工大商店）,-10.0,85.10,3187,正常
2016/04/14 20:46:37,92bc8d78dc185d9f391293a4a3bd0c92b28b74ce,11debf50e7e96257bf3c3f7ff5906fbff2990ef4,持卡人消费,A2,-3.0,82.10,3188,正常
2016/04/15 19:22:50,92bc8d78dc185d9f391293a4a3bd0c92b28b74ce,11debf50e7e96257bf3c3f7ff5906fbff2990ef4,持卡人消费,超市商务子系统,-15.5,66.60,3189,正常
2016/04/16 11:44:19,92bc8d78dc185d9f391293a4a3bd0c92b28b74ce,11debf50e7e96257bf3c3f7ff5906fbff2990ef4,持卡人消费,学士楼商务网关,-3.8,62.80,3190,正常
2016/04/16 11:45:58,92bc8d78dc185d9f391293a4a3bd0c92b28b74ce,11debf50e7e96257bf3c3f7ff5906fbff2990ef4,持卡人消费,学士楼商务网关,-4.0,58.80,3191,正常
2016/04/16 17:41:28,92bc8d78dc185d9f391293a4a3bd0c92b28b74ce,11debf50e7e96257bf3c3f7ff5906fbff2990ef4,持卡人消费,学子楼商务网关,-9.0,49.80,3192,正常
2016/04/16 19:50:11,92bc8d78dc185d9f391293a4a3bd0c92b28b74ce,11debf50e7e96257bf3c3f7ff5906fbff2990ef4,持卡人消费,超市商务子系统,-4.4,45.40,3193,正常
2016/04/17 09:08:37,92bc8d78dc185d9f391293a4a3bd0c92b28b74ce,11debf50e7e96257bf3c3f7ff5906fbff2990ef4,持卡人消费,学士楼商务网关,-3.2,42.20,3194,正常
2016/04/17 12:14:04,92bc8d78dc185d9f391293a4a3bd0c92b28b74ce,11debf50e7e96257bf3c3f7ff5906fbff2990ef4,持卡人消费,学子楼商务网关,-7.8,34.40,3195,正常
2016/04/18 08:52:33,92bc8d78dc185d9f391293a4a3bd0c92b28b74ce,11debf50e7e96257bf3c3f7ff5906fbff2990ef4,持卡人消费,学士楼商务网关,-3.2,31.20,3196,正常
2016/04/21 12:00:57,92bc8d78dc185d9f391293a4a3bd0c92b28b74ce,11debf50e7e96257bf3c3f7ff5906fbff2990ef4,持卡人消费,学士楼商务网关,-11.0,20.20,3197,正常
2016/04/22 17:47:07,92bc8d78dc185d9f391293a4a3bd0c92b28b74ce,11debf50e7e96257bf3c3f7ff5906fbff2990ef4,持卡人消费,学士楼商务网关,-0.2,20.00,3198,正常
2016/04/22 17:47:54,92bc8d78dc185d9f391293a4a3bd0c92b28b74ce,11debf50e7e96257bf3c3f7ff5906fbff2990ef4,持卡人消费,学士楼商务网关,-0.2,19.80,3199,正常
2016/04/22 17:48:35,92bc8d78dc185d9f391293a4a3bd0c92b28b74ce,11debf50e7e96257bf3c3f7ff5906fbff2990ef4,持卡人消费,学士楼商务网关,-2.0,17.80,3200,正常
2016/04/22 17:49:07,92bc8d78dc185d9f391293a4a3bd0c92b28b74ce,11debf50e7e96257bf3c3f7ff5906fbff2990ef4,持卡人消费,学士楼商务网关,-0.6,17.20,3201,正常
2016/04/22 17:56:15,92bc8d78dc185d9f391293a4a3bd0c92b28b74ce,11debf50e7e96257bf3c3f7ff5906fbff2990ef4,持卡人消费,学士楼商务网关,-0.2,17.00,3202,正常
2016/04/23 11:28:53,92bc8d78dc185d9f391293a4a3bd0c92b28b74ce,11debf50e7e96257bf3c3f7ff5906fbff2990ef4,存款,卡中心综合业务,100.0,117.00,3203,正常
2016/04/23 11:31:57,92bc8d78dc185d9f391293a4a3bd0c92b28b74ce,11debf50e7e96257bf3c3f7ff5906fbff2990ef4,持卡人消费,学苑楼商务网关,-8.0,109.00,3204,正常
2016/04/24 10:23:26,92bc8d78dc185d9f391293a4a3bd0c92b28b74ce,11debf50e7e96257bf3c3f7ff5906fbff2990ef4,持卡人消费,网络中心,-30.0,79.00,3205,正常
2016/04/24 17:10:49,92bc8d78dc185d9f391293a4a3bd0c92b28b74ce,11debf50e7e96257bf3c3f7ff5906fbff2990ef4,持卡人消费,学士楼商务网关,-0.4,78.60,3206,正常
2016/04/24 17:11:37,92bc8d78dc185d9f391293a4a3bd0c92b28b74ce,11debf50e7e96257bf3c3f7ff5906fbff2990ef4,持卡人消费,学士楼商务网关,-0.8,77.80,3207,正常
2016/04/24 04:12:30,92bc8d78dc185d9f391293a4a3bd0c92b28b74ce,11debf50e7e96257bf3c3f7ff5906fbff2990ef4,持卡人消费,学士楼商务网关,-2.0,75.80,3208,正常
2016/04/25 11:21:35,92bc8d78dc185d9f391293a4a3bd0c92b28b74ce,11debf50e7e96257bf3c3f7ff5906fbff2990ef4,持卡人消费,学士楼商务网关,-8.8,67.00,3209,正常
2016/04/26 07:36:17,92bc8d78dc185d9f391293a4a3bd0c92b28b74ce,11debf50e7e96257bf3c3f7ff5906fbff2990ef4,持卡人消费,学士楼商务网关,-3.2,63.80,3210,正常
2016/04/26 18:22:35,92bc8d78dc185d9f391293a4a3bd0c92b28b74ce,11debf50e7e96257bf3c3f7ff5906fbff2990ef4,持卡人消费,学苑楼商务网关,-8.0,55.80,3211,正常
2016/04/27 09:06:32,92bc8d78dc185d9f391293a4a3bd0c92b28b74ce,11debf50e7e96257bf3c3f7ff5906fbff2990ef4,持卡人消费,A2,-3.0,52.80,3212,正常
2016/04/27 10:38:25,92bc8d78dc185d9f391293a4a3bd0c92b28b74ce,11debf50e7e96257bf3c3f7ff5906fbff2990ef4,持卡人消费,网络中心,-30.0,22.80,3213,正常
2016/04/28 02:57:14,92bc8d78dc185d9f391293a4a3bd0c92b28b74ce,11debf50e7e96257bf3c3f7ff5906fbff2990ef4,持卡人消费,学士楼商务网关,-7.3,15.50,3214,正常
2016/04/28 17:53:17,92bc8d78dc185d9f391293a4a3bd0c92b28b74ce,11debf50e7e96257bf3c3f7ff5906fbff2990ef4,存款,学苑楼综合业务3,100.0,115.50,3215,正常
2016/04/28 17:55:35,92bc8d78dc185d9f391293a4a3bd0c92b28b74ce,11debf50e7e96257bf3c3f7ff5906fbff2990ef4,持卡人消费,学苑楼商务网关,-8.0,107.50,3216,正常
