交易发生时间,学号,姓名,交易类型,子系统名称,交易额,现有余额,次数,状态
2016/04/02 11:27:02,b06d4b8f2b527d481a7d65f1cb5c08a6ff5f814f,121deb2a4f4c038175c6c82f39bf030343ec4ef1,持卡人消费,学子便利店B07,-5.9,90.19,3441,正常
2016/04/02 13:49:26,b06d4b8f2b527d481a7d65f1cb5c08a6ff5f814f,121deb2a4f4c038175c6c82f39bf030343ec4ef1,持卡人消费,学子便利店B07,-3.8,86.39,3442,正常
2016/04/02 17:03:15,b06d4b8f2b527d481a7d65f1cb5c08a6ff5f814f,121deb2a4f4c038175c6c82f39bf030343ec4ef1,持卡人消费,九食堂商务网关,-9.0,77.39,3443,正常
2016/04/02 18:27:10,b06d4b8f2b527d481a7d65f1cb5c08a6ff5f814f,121deb2a4f4c038175c6c82f39bf030343ec4ef1,持卡人消费,二区水控,-1.39,76.00,3445,正常
2016/04/02 18:43:14,b06d4b8f2b527d481a7d65f1cb5c08a6ff5f814f,121deb2a4f4c038175c6c82f39bf030343ec4ef1,持卡人消费,二区水控,-2.53,73.47,3447,正常
2016/04/04 11:38:22,b06d4b8f2b527d481a7d65f1cb5c08a6ff5f814f,121deb2a4f4c038175c6c82f39bf030343ec4ef1,持卡人消费,九食堂商务网关,-7.0,66.47,3448,正常
2016/04/04 11:38:59,b06d4b8f2b527d481a7d65f1cb5c08a6ff5f814f,121deb2a4f4c038175c6c82f39bf030343ec4ef1,持卡人消费,九食堂商务网关,-2.0,64.47,3449,正常
2016/04/05 11:41:15,b06d4b8f2b527d481a7d65f1cb5c08a6ff5f814f,121deb2a4f4c038175c6c82f39bf030343ec4ef1,持卡人消费,九食堂商务网关,-7.0,57.47,3450,正常
2016/04/05 11:42:00,b06d4b8f2b527d481a7d65f1cb5c08a6ff5f814f,121deb2a4f4c038175c6c82f39bf030343ec4ef1,持卡人消费,九食堂商务网关,-1.2,56.27,3451,正常
2016/04/05 11:42:50,b06d4b8f2b527d481a7d65f1cb5c08a6ff5f814f,121deb2a4f4c038175c6c82f39bf030343ec4ef1,持卡人消费,九食堂商务网关,-3.0,53.27,3452,正常
2016/04/05 20:41:42,b06d4b8f2b527d481a7d65f1cb5c08a6ff5f814f,121deb2a4f4c038175c6c82f39bf030343ec4ef1,持卡人消费,学子便利店B07,-10.9,42.37,3453,正常
2016/04/06 18:29:34,b06d4b8f2b527d481a7d65f1cb5c08a6ff5f814f,121deb2a4f4c038175c6c82f39bf030343ec4ef1,持卡人消费,学子便利店B07,-18.4,23.97,3454,正常
2016/04/07 09:10:03,b06d4b8f2b527d481a7d65f1cb5c08a6ff5f814f,121deb2a4f4c038175c6c82f39bf030343ec4ef1,持卡人消费,学子便利店B07,-5.9,18.07,3455,正常
2016/04/07 09:46:08,b06d4b8f2b527d481a7d65f1cb5c08a6ff5f814f,121deb2a4f4c038175c6c82f39bf030343ec4ef1,存款,2区卡中心综合业务,100.0,118.07,3456,正常
2016/04/07 14:09:19,b06d4b8f2b527d481a7d65f1cb5c08a6ff5f814f,121deb2a4f4c038175c6c82f39bf030343ec4ef1,持卡人消费,学子便利店B07,-6.5,111.57,3457,正常
2016/04/07 17:29:20,b06d4b8f2b527d481a7d65f1cb5c08a6ff5f814f,121deb2a4f4c038175c6c82f39bf030343ec4ef1,持卡人消费,五食堂商务网关,-7.0,104.57,3458,正常
2016/04/07 17:30:40,b06d4b8f2b527d481a7d65f1cb5c08a6ff5f814f,121deb2a4f4c038175c6c82f39bf030343ec4ef1,持卡人消费,五食堂商务网关,-1.0,103.57,3459,正常
2016/04/08 17:27:54,b06d4b8f2b527d481a7d65f1cb5c08a6ff5f814f,121deb2a4f4c038175c6c82f39bf030343ec4ef1,持卡人消费,九食堂商务网关,-15.0,88.57,3460,正常
2016/04/09 17:03:29,b06d4b8f2b527d481a7d65f1cb5c08a6ff5f814f,121deb2a4f4c038175c6c82f39bf030343ec4ef1,持卡人消费,九食堂商务网关,-5.5,83.07,3461,正常
2016/04/10 11:29:31,b06d4b8f2b527d481a7d65f1cb5c08a6ff5f814f,121deb2a4f4c038175c6c82f39bf030343ec4ef1,持卡人消费,九食堂商务网关,-9.0,74.07,3462,正常
2016/04/10 11:44:16,b06d4b8f2b527d481a7d65f1cb5c08a6ff5f814f,121deb2a4f4c038175c6c82f39bf030343ec4ef1,持卡人消费,九食堂商务网关,-2.1,71.97,3463,正常
2016/04/10 20:54:56,b06d4b8f2b527d481a7d65f1cb5c08a6ff5f814f,121deb2a4f4c038175c6c82f39bf030343ec4ef1,持卡人消费,学子便利店B07,-11.5,60.47,3464,正常
2016/04/11 11:30:42,b06d4b8f2b527d481a7d65f1cb5c08a6ff5f814f,121deb2a4f4c038175c6c82f39bf030343ec4ef1,持卡人消费,九食堂商务网关,-14.0,46.47,3465,正常
2016/04/11 17:25:49,b06d4b8f2b527d481a7d65f1cb5c08a6ff5f814f,121deb2a4f4c038175c6c82f39bf030343ec4ef1,持卡人消费,九食堂商务网关,-10.0,36.47,3466,正常
2016/04/12 11:31:51,b06d4b8f2b527d481a7d65f1cb5c08a6ff5f814f,121deb2a4f4c038175c6c82f39bf030343ec4ef1,持卡人消费,九食堂商务网关,-12.0,24.47,3467,正常
2016/04/12 17:16:50,b06d4b8f2b527d481a7d65f1cb5c08a6ff5f814f,121deb2a4f4c038175c6c82f39bf030343ec4ef1,持卡人消费,九食堂商务网关,-8.0,16.47,3468,正常
2016/04/13 11:38:39,b06d4b8f2b527d481a7d65f1cb5c08a6ff5f814f,121deb2a4f4c038175c6c82f39bf030343ec4ef1,持卡人消费,九食堂商务网关,-12.0,4.47,3469,正常
2016/04/13 17:09:47,b06d4b8f2b527d481a7d65f1cb5c08a6ff5f814f,121deb2a4f4c038175c6c82f39bf030343ec4ef1,存款,2区卡中心综合业务,100.0,104.47,3470,正常
2016/04/13 17:11:18,b06d4b8f2b527d481a7d65f1cb5c08a6ff5f814f,121deb2a4f4c038175c6c82f39bf030343ec4ef1,持卡人消费,九食堂商务网关,-8.0,96.47,3471,正常
2016/04/14 14:51:12,b06d4b8f2b527d481a7d65f1cb5c08a6ff5f814f,121deb2a4f4c038175c6c82f39bf030343ec4ef1,持卡人消费,学子便利店B07,-5.5,90.97,3472,正常
2016/04/14 17:29:32,b06d4b8f2b527d481a7d65f1cb5c08a6ff5f814f,121deb2a4f4c038175c6c82f39bf030343ec4ef1,持卡人消费,九食堂商务网关,-7.0,83.97,3473,正常
2016/04/14 17:30:29,b06d4b8f2b527d481a7d65f1cb5c08a6ff5f814f,121deb2a4f4c038175c6c82f39bf030343ec4ef1,持卡人消费,九食堂商务网关,-1.4,82.57,3474,正常
2016/04/14 17:31:36,b06d4b8f2b527d481a7d65f1cb5c08a6ff5f814f,121deb2a4f4c038175c6c82f39bf030343ec4ef1,持卡人消费,九食堂商务网关,-6.0,76.57,3475,正常
2016/04/16 12:09:29,b06d4b8f2b527d481a7d65f1cb5c08a6ff5f814f,121deb2a4f4c038175c6c82f39bf030343ec4ef1,持卡人消费,学子便利店B07,-5.5,71.07,3476,正常
2016/04/16 14:08:31,b06d4b8f2b527d481a7d65f1cb5c08a6ff5f814f,121deb2a4f4c038175c6c82f39bf030343ec4ef1,持卡人消费,学子便利店B07,-2.0,69.07,3477,正常
2016/04/16 19:11:11,b06d4b8f2b527d481a7d65f1cb5c08a6ff5f814f,121deb2a4f4c038175c6c82f39bf030343ec4ef1,持卡人消费,学子便利店B07,-5.5,63.57,3478,正常
2016/04/18 11:11:25,b06d4b8f2b527d481a7d65f1cb5c08a6ff5f814f,121deb2a4f4c038175c6c82f39bf030343ec4ef1,持卡人消费,学子便利店B07,-3.5,60.07,3479,正常
2016/04/19 11:15:33,b06d4b8f2b527d481a7d65f1cb5c08a6ff5f814f,121deb2a4f4c038175c6c82f39bf030343ec4ef1,持卡人消费,九食堂商务网关,-13.0,47.07,3480,正常
2016/04/19 13:44:50,b06d4b8f2b527d481a7d65f1cb5c08a6ff5f814f,121deb2a4f4c038175c6c82f39bf030343ec4ef1,持卡人消费,学子便利店B07,-3.7,43.37,3481,正常
2016/04/19 17:30:59,b06d4b8f2b527d481a7d65f1cb5c08a6ff5f814f,121deb2a4f4c038175c6c82f39bf030343ec4ef1,持卡人消费,五食堂商务网关,-7.0,36.37,3482,正常
2016/04/19 17:33:01,b06d4b8f2b527d481a7d65f1cb5c08a6ff5f814f,121deb2a4f4c038175c6c82f39bf030343ec4ef1,持卡人消费,五食堂商务网关,-1.0,35.37,3483,正常
2016/04/19 21:07:00,b06d4b8f2b527d481a7d65f1cb5c08a6ff5f814f,121deb2a4f4c038175c6c82f39bf030343ec4ef1,持卡人消费,学子便利店B07,-6.5,28.87,3484,正常
2016/04/21 11:30:24,b06d4b8f2b527d481a7d65f1cb5c08a6ff5f814f,121deb2a4f4c038175c6c82f39bf030343ec4ef1,持卡人消费,四食堂商务网关,-8.69,20.18,3485,正常
2016/04/21 11:30:33,b06d4b8f2b527d481a7d65f1cb5c08a6ff5f814f,121deb2a4f4c038175c6c82f39bf030343ec4ef1,持卡人消费,四食堂商务网关,-8.88,11.30,3486,正常
2016/04/22 12:32:40,b06d4b8f2b527d481a7d65f1cb5c08a6ff5f814f,121deb2a4f4c038175c6c82f39bf030343ec4ef1,持卡人消费,学子便利店B07,-5.9,5.40,3487,正常
2016/04/22 15:38:52,b06d4b8f2b527d481a7d65f1cb5c08a6ff5f814f,121deb2a4f4c038175c6c82f39bf030343ec4ef1,持卡人消费,学子便利店B07,-3.0,2.40,3488,正常
2016/04/24 08:20:48,b06d4b8f2b527d481a7d65f1cb5c08a6ff5f814f,121deb2a4f4c038175c6c82f39bf030343ec4ef1,持卡人消费,学子便利店B07,-0.1,2.30,3489,正常
2016/04/29 16:50:58,b06d4b8f2b527d481a7d65f1cb5c08a6ff5f814f,121deb2a4f4c038175c6c82f39bf030343ec4ef1,存款,现金充值机,50.0,52.30,3490,正常
2016/04/29 17:24:01,b06d4b8f2b527d481a7d65f1cb5c08a6ff5f814f,121deb2a4f4c038175c6c82f39bf030343ec4ef1,持卡人消费,网络中心,-30.0,22.30,3491,正常
2016/04/29 17:33:26,b06d4b8f2b527d481a7d65f1cb5c08a6ff5f814f,121deb2a4f4c038175c6c82f39bf030343ec4ef1,持卡人消费,九食堂商务网关,-1.0,21.30,3492,正常
2016/04/29 20:28:45,b06d4b8f2b527d481a7d65f1cb5c08a6ff5f814f,121deb2a4f4c038175c6c82f39bf030343ec4ef1,持卡人消费,学子便利店B07,-2.8,18.50,3493,正常
2016/04/30 17:43:37,b06d4b8f2b527d481a7d65f1cb5c08a6ff5f814f,121deb2a4f4c038175c6c82f39bf030343ec4ef1,持卡人消费,学子便利店B07,-8.9,9.60,3494,正常
