交易发生时间,学号,姓名,交易类型,子系统名称,交易额,现有余额,次数,状态
2016/04/01 13:11:58,25c09b0d781523da91137bc7efa828e39953b4ae,121deb2a4f4c038175c6c82f39bf030343ec4ef1,持卡人消费,硕果园（工大商店）,-10.0,67.96,5651,正常
2016/04/01 13:13:05,25c09b0d781523da91137bc7efa828e39953b4ae,121deb2a4f4c038175c6c82f39bf030343ec4ef1,持卡人消费,硕果园（工大商店）,-1.0,66.96,5652,正常
2016/04/01 18:42:48,25c09b0d781523da91137bc7efa828e39953b4ae,121deb2a4f4c038175c6c82f39bf030343ec4ef1,持卡人消费,学士楼商务网关,-3.9,63.06,5653,正常
2016/04/01 18:45:02,25c09b0d781523da91137bc7efa828e39953b4ae,121deb2a4f4c038175c6c82f39bf030343ec4ef1,持卡人消费,学士楼商务网关,-4.5,58.56,5654,正常
2016/04/01 18:47:40,25c09b0d781523da91137bc7efa828e39953b4ae,121deb2a4f4c038175c6c82f39bf030343ec4ef1,持卡人消费,学士楼商务网关,-0.5,58.06,5655,正常
2016/04/01 19:01:31,25c09b0d781523da91137bc7efa828e39953b4ae,121deb2a4f4c038175c6c82f39bf030343ec4ef1,持卡人消费,学士楼商务网关,-2.5,55.56,5656,正常
2016/04/02 11:57:06,25c09b0d781523da91137bc7efa828e39953b4ae,121deb2a4f4c038175c6c82f39bf030343ec4ef1,持卡人消费,学苑楼商务网关,-7.5,48.06,5657,正常
2016/04/02 11:57:23,25c09b0d781523da91137bc7efa828e39953b4ae,121deb2a4f4c038175c6c82f39bf030343ec4ef1,持卡人消费,学苑楼商务网关,-7.5,40.56,5658,正常
2016/04/02 11:58:53,25c09b0d781523da91137bc7efa828e39953b4ae,121deb2a4f4c038175c6c82f39bf030343ec4ef1,持卡人消费,学苑楼商务网关,-3.0,37.56,5659,正常
2016/04/03 13:26:25,25c09b0d781523da91137bc7efa828e39953b4ae,121deb2a4f4c038175c6c82f39bf030343ec4ef1,持卡人消费,硕果园（工大商店）,-12.0,25.56,5660,正常
2016/04/03 19:42:27,25c09b0d781523da91137bc7efa828e39953b4ae,121deb2a4f4c038175c6c82f39bf030343ec4ef1,持卡人消费,超市商务子系统,-5.9,19.66,5661,正常
2016/04/05 07:50:30,25c09b0d781523da91137bc7efa828e39953b4ae,121deb2a4f4c038175c6c82f39bf030343ec4ef1,持卡人消费,学士楼商务网关,-2.9,16.76,5662,正常
2016/04/05 10:16:58,25c09b0d781523da91137bc7efa828e39953b4ae,121deb2a4f4c038175c6c82f39bf030343ec4ef1,持卡人消费,超市商务子系统,-1.0,15.76,5663,正常
2016/04/05 10:18:34,25c09b0d781523da91137bc7efa828e39953b4ae,121deb2a4f4c038175c6c82f39bf030343ec4ef1,持卡人消费,超市商务子系统,-5.0,10.76,5664,正常
2016/04/05 17:05:30,25c09b0d781523da91137bc7efa828e39953b4ae,121deb2a4f4c038175c6c82f39bf030343ec4ef1,存款,学苑楼综合业务2,300.0,310.76,5665,正常
2016/04/05 17:08:46,25c09b0d781523da91137bc7efa828e39953b4ae,121deb2a4f4c038175c6c82f39bf030343ec4ef1,持卡人消费,学苑楼商务网关,-6.0,304.76,5666,正常
2016/04/05 17:09:24,25c09b0d781523da91137bc7efa828e39953b4ae,121deb2a4f4c038175c6c82f39bf030343ec4ef1,持卡人消费,学苑楼商务网关,-3.8,300.96,5667,正常
2016/04/05 18:13:49,25c09b0d781523da91137bc7efa828e39953b4ae,121deb2a4f4c038175c6c82f39bf030343ec4ef1,持卡人消费,一校区水控新,-0.8,300.16,5669,正常
2016/04/05 18:18:45,25c09b0d781523da91137bc7efa828e39953b4ae,121deb2a4f4c038175c6c82f39bf030343ec4ef1,持卡人消费,一校区水控新,-0.74,299.42,5671,正常
2016/04/06 12:45:07,25c09b0d781523da91137bc7efa828e39953b4ae,121deb2a4f4c038175c6c82f39bf030343ec4ef1,持卡人消费,学士楼商务网关,-0.9,298.52,5672,正常
2016/04/06 12:46:39,25c09b0d781523da91137bc7efa828e39953b4ae,121deb2a4f4c038175c6c82f39bf030343ec4ef1,持卡人消费,学士楼商务网关,-2.0,296.52,5673,正常
2016/04/06 13:05:13,25c09b0d781523da91137bc7efa828e39953b4ae,121deb2a4f4c038175c6c82f39bf030343ec4ef1,持卡人消费,硕果园（工大商店）,-5.0,291.52,5674,正常
2016/04/06 19:20:55,25c09b0d781523da91137bc7efa828e39953b4ae,121deb2a4f4c038175c6c82f39bf030343ec4ef1,持卡人消费,学士楼商务网关,-0.6,290.92,5675,正常
2016/04/06 19:22:31,25c09b0d781523da91137bc7efa828e39953b4ae,121deb2a4f4c038175c6c82f39bf030343ec4ef1,持卡人消费,学士楼商务网关,-3.0,287.92,5676,正常
2016/04/06 20:10:29,25c09b0d781523da91137bc7efa828e39953b4ae,121deb2a4f4c038175c6c82f39bf030343ec4ef1,持卡人消费,硕果园（工大商店）,-3.7,284.22,5677,正常
2016/04/07 11:53:34,25c09b0d781523da91137bc7efa828e39953b4ae,121deb2a4f4c038175c6c82f39bf030343ec4ef1,持卡人消费,学士楼商务网关,-2.4,281.82,5678,正常
2016/04/07 11:54:34,25c09b0d781523da91137bc7efa828e39953b4ae,121deb2a4f4c038175c6c82f39bf030343ec4ef1,持卡人消费,学士楼商务网关,-0.8,281.02,5679,正常
2016/04/07 11:57:33,25c09b0d781523da91137bc7efa828e39953b4ae,121deb2a4f4c038175c6c82f39bf030343ec4ef1,持卡人消费,学士楼商务网关,-3.0,278.02,5680,正常
2016/04/07 17:59:26,25c09b0d781523da91137bc7efa828e39953b4ae,121deb2a4f4c038175c6c82f39bf030343ec4ef1,持卡人消费,学苑楼商务网关,-8.0,270.02,5681,正常
2016/04/07 18:01:14,25c09b0d781523da91137bc7efa828e39953b4ae,121deb2a4f4c038175c6c82f39bf030343ec4ef1,持卡人消费,学苑楼商务网关,-4.0,266.02,5682,正常
2016/04/07 18:02:38,25c09b0d781523da91137bc7efa828e39953b4ae,121deb2a4f4c038175c6c82f39bf030343ec4ef1,持卡人消费,学苑楼商务网关,-0.6,265.42,5683,正常
2016/04/07 18:22:51,25c09b0d781523da91137bc7efa828e39953b4ae,121deb2a4f4c038175c6c82f39bf030343ec4ef1,持卡人消费,超市商务子系统,-9.9,255.52,5684,正常
2016/04/07 18:23:17,25c09b0d781523da91137bc7efa828e39953b4ae,121deb2a4f4c038175c6c82f39bf030343ec4ef1,持卡人消费,超市商务子系统,-4.0,251.52,5685,正常
2016/04/08 13:09:41,25c09b0d781523da91137bc7efa828e39953b4ae,121deb2a4f4c038175c6c82f39bf030343ec4ef1,持卡人消费,硕果园（工大商店）,-10.0,241.52,5686,正常
2016/04/08 13:37:32,25c09b0d781523da91137bc7efa828e39953b4ae,121deb2a4f4c038175c6c82f39bf030343ec4ef1,持卡人消费,超市商务子系统,-4.0,237.52,5687,正常
2016/04/08 18:25:04,25c09b0d781523da91137bc7efa828e39953b4ae,121deb2a4f4c038175c6c82f39bf030343ec4ef1,持卡人消费,学士楼商务网关,-1.7,235.82,5688,正常
2016/04/08 18:28:14,25c09b0d781523da91137bc7efa828e39953b4ae,121deb2a4f4c038175c6c82f39bf030343ec4ef1,持卡人消费,学士楼商务网关,-5.0,230.82,5689,正常
2016/04/08 18:28:26,25c09b0d781523da91137bc7efa828e39953b4ae,121deb2a4f4c038175c6c82f39bf030343ec4ef1,持卡人消费,学士楼商务网关,-2.0,228.82,5690,正常
2016/04/08 18:42:02,25c09b0d781523da91137bc7efa828e39953b4ae,121deb2a4f4c038175c6c82f39bf030343ec4ef1,持卡人消费,超市商务子系统,-4.6,224.22,5691,正常
2016/04/08 18:42:40,25c09b0d781523da91137bc7efa828e39953b4ae,121deb2a4f4c038175c6c82f39bf030343ec4ef1,持卡人消费,超市商务子系统,-4.5,219.72,5692,正常
2016/04/09 12:15:24,25c09b0d781523da91137bc7efa828e39953b4ae,121deb2a4f4c038175c6c82f39bf030343ec4ef1,持卡人消费,学士楼商务网关,-6.3,213.42,5693,正常
2016/04/09 12:16:58,25c09b0d781523da91137bc7efa828e39953b4ae,121deb2a4f4c038175c6c82f39bf030343ec4ef1,持卡人消费,学士楼商务网关,-5.0,208.42,5694,正常
2016/04/09 12:18:32,25c09b0d781523da91137bc7efa828e39953b4ae,121deb2a4f4c038175c6c82f39bf030343ec4ef1,持卡人消费,学士楼商务网关,-1.5,206.92,5695,正常
2016/04/09 17:07:49,25c09b0d781523da91137bc7efa828e39953b4ae,121deb2a4f4c038175c6c82f39bf030343ec4ef1,持卡人消费,学士楼商务网关,-6.4,200.52,5696,正常
2016/04/09 17:19:21,25c09b0d781523da91137bc7efa828e39953b4ae,121deb2a4f4c038175c6c82f39bf030343ec4ef1,持卡人消费,硕果园（工大商店）,-3.4,197.12,5697,正常
2016/04/10 19:33:51,25c09b0d781523da91137bc7efa828e39953b4ae,121deb2a4f4c038175c6c82f39bf030343ec4ef1,持卡人消费,15公寓浴池,-0.02,197.10,5699,正常
2016/04/10 19:36:47,25c09b0d781523da91137bc7efa828e39953b4ae,121deb2a4f4c038175c6c82f39bf030343ec4ef1,持卡人消费,15公寓浴池,-0.51,196.59,5701,正常
2016/04/10 19:42:39,25c09b0d781523da91137bc7efa828e39953b4ae,121deb2a4f4c038175c6c82f39bf030343ec4ef1,持卡人消费,15公寓浴池,-1.1,195.49,5703,正常
2016/04/10 19:43:04,25c09b0d781523da91137bc7efa828e39953b4ae,121deb2a4f4c038175c6c82f39bf030343ec4ef1,持卡人消费,15公寓浴池,-0.05,195.44,5705,正常
2016/04/10 19:43:42,25c09b0d781523da91137bc7efa828e39953b4ae,121deb2a4f4c038175c6c82f39bf030343ec4ef1,持卡人消费,15公寓浴池,-0.05,195.39,5707,正常
2016/04/10 19:57:18,25c09b0d781523da91137bc7efa828e39953b4ae,121deb2a4f4c038175c6c82f39bf030343ec4ef1,持卡人消费,A7,-3.0,192.39,5708,正常
2016/04/11 12:03:18,25c09b0d781523da91137bc7efa828e39953b4ae,121deb2a4f4c038175c6c82f39bf030343ec4ef1,持卡人消费,学苑楼商务网关,-3.0,189.39,5709,正常
2016/04/11 12:03:43,25c09b0d781523da91137bc7efa828e39953b4ae,121deb2a4f4c038175c6c82f39bf030343ec4ef1,持卡人消费,学苑楼商务网关,-8.0,181.39,5710,正常
2016/04/11 12:04:51,25c09b0d781523da91137bc7efa828e39953b4ae,121deb2a4f4c038175c6c82f39bf030343ec4ef1,持卡人消费,学苑楼商务网关,-0.6,180.79,5711,正常
2016/04/11 12:06:22,25c09b0d781523da91137bc7efa828e39953b4ae,121deb2a4f4c038175c6c82f39bf030343ec4ef1,持卡人消费,学苑楼商务网关,-1.5,179.29,5712,正常
2016/04/11 12:41:13,25c09b0d781523da91137bc7efa828e39953b4ae,121deb2a4f4c038175c6c82f39bf030343ec4ef1,持卡人消费,超市商务子系统,-4.0,175.29,5713,正常
2016/04/11 18:54:15,25c09b0d781523da91137bc7efa828e39953b4ae,121deb2a4f4c038175c6c82f39bf030343ec4ef1,持卡人消费,硕果园（工大商店）,-12.0,163.29,5714,正常
2016/04/11 19:04:08,25c09b0d781523da91137bc7efa828e39953b4ae,121deb2a4f4c038175c6c82f39bf030343ec4ef1,持卡人消费,硕果园（工大商店）,-4.5,158.79,5715,正常
2016/04/12 09:57:59,25c09b0d781523da91137bc7efa828e39953b4ae,121deb2a4f4c038175c6c82f39bf030343ec4ef1,持卡人消费,超市商务子系统,-6.0,152.79,5716,正常
2016/04/12 14:13:26,25c09b0d781523da91137bc7efa828e39953b4ae,121deb2a4f4c038175c6c82f39bf030343ec4ef1,持卡人消费,硕果园（工大商店）,-12.0,140.79,5717,正常
2016/04/12 18:38:58,25c09b0d781523da91137bc7efa828e39953b4ae,121deb2a4f4c038175c6c82f39bf030343ec4ef1,持卡人消费,学士楼商务网关,-0.8,139.99,5718,正常
2016/04/12 19:01:03,25c09b0d781523da91137bc7efa828e39953b4ae,121deb2a4f4c038175c6c82f39bf030343ec4ef1,持卡人消费,超市商务子系统,-19.1,120.89,5719,正常
2016/04/13 13:29:28,25c09b0d781523da91137bc7efa828e39953b4ae,121deb2a4f4c038175c6c82f39bf030343ec4ef1,持卡人消费,硕果园（工大商店）,-10.0,110.89,5720,正常
2016/04/13 13:30:15,25c09b0d781523da91137bc7efa828e39953b4ae,121deb2a4f4c038175c6c82f39bf030343ec4ef1,持卡人消费,硕果园（工大商店）,-3.0,107.89,5721,正常
2016/04/13 14:02:23,25c09b0d781523da91137bc7efa828e39953b4ae,121deb2a4f4c038175c6c82f39bf030343ec4ef1,持卡人消费,硕果园（工大商店）,-1.0,106.89,5722,正常
2016/04/13 20:21:29,25c09b0d781523da91137bc7efa828e39953b4ae,121deb2a4f4c038175c6c82f39bf030343ec4ef1,持卡人消费,学士楼商务网关,-2.0,104.89,5723,正常
2016/04/13 20:31:39,25c09b0d781523da91137bc7efa828e39953b4ae,121deb2a4f4c038175c6c82f39bf030343ec4ef1,持卡人消费,硕果园（工大商店）,-5.0,99.89,5724,正常
2016/04/14 12:02:56,25c09b0d781523da91137bc7efa828e39953b4ae,121deb2a4f4c038175c6c82f39bf030343ec4ef1,持卡人消费,硕果园（工大商店）,-11.0,88.89,5725,正常
2016/04/14 12:16:20,25c09b0d781523da91137bc7efa828e39953b4ae,121deb2a4f4c038175c6c82f39bf030343ec4ef1,持卡人消费,超市商务子系统,-5.0,83.89,5726,正常
2016/04/14 19:11:34,25c09b0d781523da91137bc7efa828e39953b4ae,121deb2a4f4c038175c6c82f39bf030343ec4ef1,持卡人消费,硕果园（工大商店）,-10.0,73.89,5727,正常
2016/04/14 19:21:17,25c09b0d781523da91137bc7efa828e39953b4ae,121deb2a4f4c038175c6c82f39bf030343ec4ef1,持卡人消费,硕果园（工大商店）,-4.8,69.09,5728,正常
2016/04/15 13:26:11,25c09b0d781523da91137bc7efa828e39953b4ae,121deb2a4f4c038175c6c82f39bf030343ec4ef1,持卡人消费,硕果园（工大商店）,-12.0,57.09,5729,正常
2016/04/15 13:29:23,25c09b0d781523da91137bc7efa828e39953b4ae,121deb2a4f4c038175c6c82f39bf030343ec4ef1,持卡人消费,硕果园（工大商店）,-2.5,54.59,5730,正常
2016/04/15 17:01:41,25c09b0d781523da91137bc7efa828e39953b4ae,121deb2a4f4c038175c6c82f39bf030343ec4ef1,持卡人消费,学士楼商务网关,-5.4,49.19,5731,正常
2016/04/16 12:59:35,25c09b0d781523da91137bc7efa828e39953b4ae,121deb2a4f4c038175c6c82f39bf030343ec4ef1,持卡人消费,硕果园（工大商店）,-10.0,39.19,5732,正常
2016/04/16 17:46:40,25c09b0d781523da91137bc7efa828e39953b4ae,121deb2a4f4c038175c6c82f39bf030343ec4ef1,持卡人消费,学苑楼商务网关,-6.0,33.19,5733,正常
2016/04/16 17:48:12,25c09b0d781523da91137bc7efa828e39953b4ae,121deb2a4f4c038175c6c82f39bf030343ec4ef1,持卡人消费,学苑楼商务网关,-1.5,31.69,5734,正常
2016/04/17 10:45:04,25c09b0d781523da91137bc7efa828e39953b4ae,121deb2a4f4c038175c6c82f39bf030343ec4ef1,持卡人消费,学士楼商务网关,-10.0,21.69,5735,正常
2016/04/17 10:54:35,25c09b0d781523da91137bc7efa828e39953b4ae,121deb2a4f4c038175c6c82f39bf030343ec4ef1,持卡人消费,学士楼商务网关,-3.6,18.09,5736,正常
2016/04/17 12:10:13,25c09b0d781523da91137bc7efa828e39953b4ae,121deb2a4f4c038175c6c82f39bf030343ec4ef1,持卡人消费,一校区水控新,-0.76,17.33,5737,正常
2016/04/17 12:16:41,25c09b0d781523da91137bc7efa828e39953b4ae,121deb2a4f4c038175c6c82f39bf030343ec4ef1,持卡人消费,一校区水控新,-0.99,16.34,5738,正常
2016/04/17 17:58:55,25c09b0d781523da91137bc7efa828e39953b4ae,121deb2a4f4c038175c6c82f39bf030343ec4ef1,持卡人消费,硕果园（工大商店）,-8.0,8.34,5739,正常
2016/04/17 18:09:08,25c09b0d781523da91137bc7efa828e39953b4ae,121deb2a4f4c038175c6c82f39bf030343ec4ef1,持卡人消费,硕果园（工大商店）,-2.5,5.84,5740,正常
2016/04/18 11:58:25,25c09b0d781523da91137bc7efa828e39953b4ae,121deb2a4f4c038175c6c82f39bf030343ec4ef1,存款,卡中心综合业务,300.0,305.84,5741,正常
2016/04/18 12:04:45,25c09b0d781523da91137bc7efa828e39953b4ae,121deb2a4f4c038175c6c82f39bf030343ec4ef1,持卡人消费,学士楼商务网关,-6.6,299.24,5742,正常
2016/04/18 12:08:18,25c09b0d781523da91137bc7efa828e39953b4ae,121deb2a4f4c038175c6c82f39bf030343ec4ef1,持卡人消费,学士楼商务网关,-3.0,296.24,5743,正常
2016/04/18 12:09:52,25c09b0d781523da91137bc7efa828e39953b4ae,121deb2a4f4c038175c6c82f39bf030343ec4ef1,持卡人消费,学士楼商务网关,-1.5,294.74,5744,正常
2016/04/18 17:23:00,25c09b0d781523da91137bc7efa828e39953b4ae,121deb2a4f4c038175c6c82f39bf030343ec4ef1,持卡人消费,学士楼商务网关,-5.86,288.88,5745,正常
2016/04/18 17:24:37,25c09b0d781523da91137bc7efa828e39953b4ae,121deb2a4f4c038175c6c82f39bf030343ec4ef1,持卡人消费,学士楼商务网关,-3.4,285.48,5746,正常
2016/04/19 11:36:05,25c09b0d781523da91137bc7efa828e39953b4ae,121deb2a4f4c038175c6c82f39bf030343ec4ef1,持卡人消费,学士楼商务网关,-10.0,275.48,5747,正常
2016/04/19 11:45:16,25c09b0d781523da91137bc7efa828e39953b4ae,121deb2a4f4c038175c6c82f39bf030343ec4ef1,持卡人消费,学士楼商务网关,-3.6,271.88,5748,正常
2016/04/19 11:59:11,25c09b0d781523da91137bc7efa828e39953b4ae,121deb2a4f4c038175c6c82f39bf030343ec4ef1,持卡人消费,硕果园（工大商店）,-1.5,270.38,5749,正常
2016/04/19 17:40:59,25c09b0d781523da91137bc7efa828e39953b4ae,121deb2a4f4c038175c6c82f39bf030343ec4ef1,持卡人消费,学士楼商务网关,-5.9,264.48,5750,正常
2016/04/19 17:43:10,25c09b0d781523da91137bc7efa828e39953b4ae,121deb2a4f4c038175c6c82f39bf030343ec4ef1,持卡人消费,学士楼商务网关,-0.9,263.58,5751,正常
2016/04/20 12:02:25,25c09b0d781523da91137bc7efa828e39953b4ae,121deb2a4f4c038175c6c82f39bf030343ec4ef1,持卡人消费,学士楼商务网关,-13.4,250.18,5752,正常
2016/04/20 16:44:00,25c09b0d781523da91137bc7efa828e39953b4ae,121deb2a4f4c038175c6c82f39bf030343ec4ef1,持卡人消费,学士楼商务网关,-7.9,242.28,5753,正常
2016/04/21 11:53:41,25c09b0d781523da91137bc7efa828e39953b4ae,121deb2a4f4c038175c6c82f39bf030343ec4ef1,持卡人消费,学士楼商务网关,-11.6,230.68,5754,正常
2016/04/21 16:41:17,25c09b0d781523da91137bc7efa828e39953b4ae,121deb2a4f4c038175c6c82f39bf030343ec4ef1,持卡人消费,学士楼商务网关,-8.4,222.28,5755,正常
2016/04/22 11:55:12,25c09b0d781523da91137bc7efa828e39953b4ae,121deb2a4f4c038175c6c82f39bf030343ec4ef1,持卡人消费,学士楼商务网关,-5.1,217.18,5756,正常
2016/04/22 11:56:51,25c09b0d781523da91137bc7efa828e39953b4ae,121deb2a4f4c038175c6c82f39bf030343ec4ef1,持卡人消费,学士楼商务网关,-3.6,213.58,5757,正常
2016/04/22 11:58:23,25c09b0d781523da91137bc7efa828e39953b4ae,121deb2a4f4c038175c6c82f39bf030343ec4ef1,持卡人消费,学士楼商务网关,-1.5,212.08,5758,正常
2016/04/22 16:51:44,25c09b0d781523da91137bc7efa828e39953b4ae,121deb2a4f4c038175c6c82f39bf030343ec4ef1,持卡人消费,学士楼商务网关,-8.4,203.68,5759,正常
2016/04/23 13:47:28,25c09b0d781523da91137bc7efa828e39953b4ae,121deb2a4f4c038175c6c82f39bf030343ec4ef1,持卡人消费,硕果园（工大商店）,-9.0,194.68,5760,正常
2016/04/23 14:14:24,25c09b0d781523da91137bc7efa828e39953b4ae,121deb2a4f4c038175c6c82f39bf030343ec4ef1,持卡人消费,硕果园（工大商店）,-1.0,193.68,5761,正常
2016/04/24 08:33:18,25c09b0d781523da91137bc7efa828e39953b4ae,121deb2a4f4c038175c6c82f39bf030343ec4ef1,持卡人消费,学士楼商务网关,-1.9,191.78,5762,正常
2016/04/24 10:49:05,25c09b0d781523da91137bc7efa828e39953b4ae,121deb2a4f4c038175c6c82f39bf030343ec4ef1,持卡人消费,学士楼商务网关,-6.0,185.78,5763,正常
2016/04/24 10:51:23,25c09b0d781523da91137bc7efa828e39953b4ae,121deb2a4f4c038175c6c82f39bf030343ec4ef1,持卡人消费,学士楼商务网关,-1.5,184.28,5764,正常
2016/04/24 19:02:09,25c09b0d781523da91137bc7efa828e39953b4ae,121deb2a4f4c038175c6c82f39bf030343ec4ef1,持卡人消费,硕果园（工大商店）,-14.0,170.28,5765,正常
2016/04/24 19:24:31,25c09b0d781523da91137bc7efa828e39953b4ae,121deb2a4f4c038175c6c82f39bf030343ec4ef1,持卡人消费,硕果园（工大商店）,-4.8,165.48,5766,正常
2016/04/24 19:50:04,25c09b0d781523da91137bc7efa828e39953b4ae,121deb2a4f4c038175c6c82f39bf030343ec4ef1,持卡人消费,一校区水控新,-0.25,165.23,5767,正常
2016/04/24 19:55:48,25c09b0d781523da91137bc7efa828e39953b4ae,121deb2a4f4c038175c6c82f39bf030343ec4ef1,持卡人消费,一校区水控新,-0.92,164.31,5768,正常
2016/04/25 11:38:43,25c09b0d781523da91137bc7efa828e39953b4ae,121deb2a4f4c038175c6c82f39bf030343ec4ef1,持卡人消费,学士楼商务网关,-5.5,158.81,5769,正常
2016/04/25 11:40:46,25c09b0d781523da91137bc7efa828e39953b4ae,121deb2a4f4c038175c6c82f39bf030343ec4ef1,持卡人消费,学士楼商务网关,-1.5,157.31,5770,正常
2016/04/25 14:58:22,25c09b0d781523da91137bc7efa828e39953b4ae,121deb2a4f4c038175c6c82f39bf030343ec4ef1,持卡人消费,身份前置机,-0.37,156.94,5771,正常
2016/04/25 16:43:27,25c09b0d781523da91137bc7efa828e39953b4ae,121deb2a4f4c038175c6c82f39bf030343ec4ef1,持卡人消费,学士楼商务网关,-5.1,151.84,5772,正常
2016/04/25 16:44:53,25c09b0d781523da91137bc7efa828e39953b4ae,121deb2a4f4c038175c6c82f39bf030343ec4ef1,持卡人消费,学士楼商务网关,-8.0,143.84,5773,正常
2016/04/26 07:44:16,25c09b0d781523da91137bc7efa828e39953b4ae,121deb2a4f4c038175c6c82f39bf030343ec4ef1,持卡人消费,学士楼商务网关,-3.2,140.64,5774,正常
2016/04/26 11:27:43,25c09b0d781523da91137bc7efa828e39953b4ae,121deb2a4f4c038175c6c82f39bf030343ec4ef1,持卡人消费,学士楼商务网关,-6.4,134.24,5775,正常
2016/04/26 14:41:50,25c09b0d781523da91137bc7efa828e39953b4ae,121deb2a4f4c038175c6c82f39bf030343ec4ef1,持卡人消费,超市商务子系统,-6.0,128.24,5776,正常
2016/04/26 14:49:59,25c09b0d781523da91137bc7efa828e39953b4ae,121deb2a4f4c038175c6c82f39bf030343ec4ef1,持卡人消费,超市商务子系统,-8.7,119.54,5777,正常
2016/04/26 18:09:21,25c09b0d781523da91137bc7efa828e39953b4ae,121deb2a4f4c038175c6c82f39bf030343ec4ef1,持卡人消费,学苑楼商务网关,-6.0,113.54,5778,正常
2016/04/26 18:09:38,25c09b0d781523da91137bc7efa828e39953b4ae,121deb2a4f4c038175c6c82f39bf030343ec4ef1,持卡人消费,学苑楼商务网关,-6.0,107.54,5779,正常
2016/04/26 18:10:33,25c09b0d781523da91137bc7efa828e39953b4ae,121deb2a4f4c038175c6c82f39bf030343ec4ef1,持卡人消费,学苑楼商务网关,-0.8,106.74,5780,正常
2016/04/27 11:26:17,25c09b0d781523da91137bc7efa828e39953b4ae,121deb2a4f4c038175c6c82f39bf030343ec4ef1,持卡人消费,学苑楼商务网关,-6.0,100.74,5781,正常
2016/04/27 11:27:31,25c09b0d781523da91137bc7efa828e39953b4ae,121deb2a4f4c038175c6c82f39bf030343ec4ef1,持卡人消费,学苑楼商务网关,-1.5,99.24,5782,正常
2016/04/27 16:41:04,25c09b0d781523da91137bc7efa828e39953b4ae,121deb2a4f4c038175c6c82f39bf030343ec4ef1,持卡人消费,学士楼商务网关,-10.0,89.24,5783,正常
2016/04/27 16:46:57,25c09b0d781523da91137bc7efa828e39953b4ae,121deb2a4f4c038175c6c82f39bf030343ec4ef1,持卡人消费,学士楼商务网关,-3.6,85.64,5784,正常
2016/04/28 12:00:20,25c09b0d781523da91137bc7efa828e39953b4ae,121deb2a4f4c038175c6c82f39bf030343ec4ef1,持卡人消费,学士楼商务网关,-4.2,81.44,5785,正常
2016/04/28 12:00:50,25c09b0d781523da91137bc7efa828e39953b4ae,121deb2a4f4c038175c6c82f39bf030343ec4ef1,持卡人消费,学士楼商务网关,-6.1,75.34,5786,正常
2016/04/28 03:08:00,25c09b0d781523da91137bc7efa828e39953b4ae,121deb2a4f4c038175c6c82f39bf030343ec4ef1,持卡人消费,学士楼商务网关,-1.0,74.34,5787,正常
2016/04/28 17:09:36,25c09b0d781523da91137bc7efa828e39953b4ae,121deb2a4f4c038175c6c82f39bf030343ec4ef1,持卡人消费,硕果园（工大商店）,-9.0,65.34,5788,正常
2016/04/28 21:48:50,25c09b0d781523da91137bc7efa828e39953b4ae,121deb2a4f4c038175c6c82f39bf030343ec4ef1,持卡人消费,超市商务子系统,-5.2,60.14,5789,正常
2016/04/29 11:38:21,25c09b0d781523da91137bc7efa828e39953b4ae,121deb2a4f4c038175c6c82f39bf030343ec4ef1,持卡人消费,学苑楼商务网关,-4.0,56.14,5790,正常
2016/04/29 11:40:02,25c09b0d781523da91137bc7efa828e39953b4ae,121deb2a4f4c038175c6c82f39bf030343ec4ef1,持卡人消费,学苑楼商务网关,-4.8,51.34,5791,正常
2016/04/29 11:41:08,25c09b0d781523da91137bc7efa828e39953b4ae,121deb2a4f4c038175c6c82f39bf030343ec4ef1,持卡人消费,学苑楼商务网关,-1.5,49.84,5792,正常
2016/04/29 17:20:24,25c09b0d781523da91137bc7efa828e39953b4ae,121deb2a4f4c038175c6c82f39bf030343ec4ef1,持卡人消费,学苑楼商务网关,-5.0,44.84,5793,正常
2016/04/29 17:21:42,25c09b0d781523da91137bc7efa828e39953b4ae,121deb2a4f4c038175c6c82f39bf030343ec4ef1,持卡人消费,学苑楼商务网关,-6.0,38.84,5794,正常
2016/04/29 17:22:07,25c09b0d781523da91137bc7efa828e39953b4ae,121deb2a4f4c038175c6c82f39bf030343ec4ef1,持卡人消费,学苑楼商务网关,-0.8,38.04,5795,正常
2016/04/29 17:23:32,25c09b0d781523da91137bc7efa828e39953b4ae,121deb2a4f4c038175c6c82f39bf030343ec4ef1,持卡人消费,学苑楼商务网关,-1.5,36.54,5796,正常
2016/04/30 12:39:26,25c09b0d781523da91137bc7efa828e39953b4ae,121deb2a4f4c038175c6c82f39bf030343ec4ef1,持卡人消费,硕果园（工大商店）,-9.0,27.54,5797,正常
2016/04/30 12:40:15,25c09b0d781523da91137bc7efa828e39953b4ae,121deb2a4f4c038175c6c82f39bf030343ec4ef1,持卡人消费,硕果园（工大商店）,-3.0,24.54,5798,正常
2016/04/30 19:53:36,25c09b0d781523da91137bc7efa828e39953b4ae,121deb2a4f4c038175c6c82f39bf030343ec4ef1,持卡人消费,超市商务子系统,-2.5,22.04,5799,正常
