交易发生时间,学号,姓名,交易类型,子系统名称,交易额,现有余额,次数,状态
2016/04/01 12:06:13,c34c856e4e4ab8788a0ecef763a55a339f74f1b2,1263b515ac3c17503460b28af4eb7a26b468d1d5,持卡人消费,学苑楼商务网关,-8.0,44.57,2573,正常
2016/04/01 12:07:04,c34c856e4e4ab8788a0ecef763a55a339f74f1b2,1263b515ac3c17503460b28af4eb7a26b468d1d5,持卡人消费,学苑楼商务网关,-2.5,42.07,2574,正常
2016/04/01 13:54:19,c34c856e4e4ab8788a0ecef763a55a339f74f1b2,1263b515ac3c17503460b28af4eb7a26b468d1d5,持卡人消费,硕果园（工大商店）,-4.0,38.07,2575,正常
2016/04/03 16:27:52,c34c856e4e4ab8788a0ecef763a55a339f74f1b2,1263b515ac3c17503460b28af4eb7a26b468d1d5,持卡人消费,学苑楼商务网关,-7.0,31.07,2576,正常
2016/04/03 16:35:49,c34c856e4e4ab8788a0ecef763a55a339f74f1b2,1263b515ac3c17503460b28af4eb7a26b468d1d5,持卡人消费,学苑楼商务网关,-1.5,29.57,2577,正常
2016/04/03 16:36:21,c34c856e4e4ab8788a0ecef763a55a339f74f1b2,1263b515ac3c17503460b28af4eb7a26b468d1d5,持卡人消费,学苑楼商务网关,-1.5,28.07,2578,正常
2016/04/03 19:40:37,c34c856e4e4ab8788a0ecef763a55a339f74f1b2,1263b515ac3c17503460b28af4eb7a26b468d1d5,持卡人消费,超市商务子系统,-22.4,5.67,2579,正常
2016/04/04 11:46:59,c34c856e4e4ab8788a0ecef763a55a339f74f1b2,1263b515ac3c17503460b28af4eb7a26b468d1d5,持卡人消费,学士楼商务网关,-3.6,2.07,2580,正常
2016/04/04 11:47:47,c34c856e4e4ab8788a0ecef763a55a339f74f1b2,1263b515ac3c17503460b28af4eb7a26b468d1d5,持卡人消费,学士楼商务网关,-0.2,1.87,2581,正常
2016/04/05 11:57:29,c34c856e4e4ab8788a0ecef763a55a339f74f1b2,1263b515ac3c17503460b28af4eb7a26b468d1d5,存款,学苑楼综合业务3,50.0,51.87,2582,正常
2016/04/05 11:58:47,c34c856e4e4ab8788a0ecef763a55a339f74f1b2,1263b515ac3c17503460b28af4eb7a26b468d1d5,持卡人消费,学苑楼商务网关,-7.0,44.87,2583,正常
2016/04/05 12:00:09,c34c856e4e4ab8788a0ecef763a55a339f74f1b2,1263b515ac3c17503460b28af4eb7a26b468d1d5,持卡人消费,学苑楼商务网关,-7.0,37.87,2584,正常
2016/04/22 11:21:09,c34c856e4e4ab8788a0ecef763a55a339f74f1b2,1263b515ac3c17503460b28af4eb7a26b468d1d5,持卡人消费,学苑楼商务网关,-6.0,31.87,2585,正常
2016/04/22 11:24:48,c34c856e4e4ab8788a0ecef763a55a339f74f1b2,1263b515ac3c17503460b28af4eb7a26b468d1d5,持卡人消费,学苑楼商务网关,-2.5,29.37,2586,正常
