交易发生时间,学号,姓名,交易类型,子系统名称,交易额,现有余额,次数,状态
2016/04/02 19:49:45,f7608fb354dcd6af93d95c82a4e032a8719538c2,12af45b14942dabd8c9bc45d2c6c2b7ad7ebcc51,持卡人消费,学子超市A05,-1.2,30.70,2866,正常
2016/04/03 10:53:21,f7608fb354dcd6af93d95c82a4e032a8719538c2,12af45b14942dabd8c9bc45d2c6c2b7ad7ebcc51,持卡人消费,学子超市A05,-9.1,21.60,2867,正常
2016/04/03 10:53:34,f7608fb354dcd6af93d95c82a4e032a8719538c2,12af45b14942dabd8c9bc45d2c6c2b7ad7ebcc51,持卡人消费,学子超市A05,-0.2,21.40,2868,正常
2016/04/04 10:51:40,f7608fb354dcd6af93d95c82a4e032a8719538c2,12af45b14942dabd8c9bc45d2c6c2b7ad7ebcc51,持卡人消费,学子超市A05,-3.0,18.40,2869,正常
2016/04/05 12:01:08,f7608fb354dcd6af93d95c82a4e032a8719538c2,12af45b14942dabd8c9bc45d2c6c2b7ad7ebcc51,持卡人消费,土木楼网关,-4.9,13.50,2870,正常
2016/04/15 17:32:12,f7608fb354dcd6af93d95c82a4e032a8719538c2,12af45b14942dabd8c9bc45d2c6c2b7ad7ebcc51,持卡人消费,土木楼网关,-1.2,12.30,2871,正常
2016/04/15 17:34:13,f7608fb354dcd6af93d95c82a4e032a8719538c2,12af45b14942dabd8c9bc45d2c6c2b7ad7ebcc51,持卡人消费,土木楼网关,-3.0,9.30,2872,正常
2016/04/24 20:45:06,f7608fb354dcd6af93d95c82a4e032a8719538c2,12af45b14942dabd8c9bc45d2c6c2b7ad7ebcc51,持卡人消费,学子超市A05,-1.2,8.10,2873,正常
