交易发生时间,学号,姓名,交易类型,子系统名称,交易额,现有余额,次数,状态
2016/04/01 12:14:16,2c54f478ca950cd315f0ce185c35ae850215ad2e,12b26568976dd10b8d41e4f89717ceb4bac11ec3,持卡人消费,学苑楼商务网关,-8.0,9.19,5664,正常
2016/04/01 12:14:19,2c54f478ca950cd315f0ce185c35ae850215ad2e,12b26568976dd10b8d41e4f89717ceb4bac11ec3,持卡人消费,学苑楼商务网关,-7.0,2.19,5665,正常
2016/04/01 17:37:08,2c54f478ca950cd315f0ce185c35ae850215ad2e,12b26568976dd10b8d41e4f89717ceb4bac11ec3,存款,现金充值机,200.0,202.19,5666,正常
2016/04/02 11:27:30,2c54f478ca950cd315f0ce185c35ae850215ad2e,12b26568976dd10b8d41e4f89717ceb4bac11ec3,持卡人消费,学苑楼商务网关,-6.0,196.19,5667,正常
2016/04/04 12:09:22,2c54f478ca950cd315f0ce185c35ae850215ad2e,12b26568976dd10b8d41e4f89717ceb4bac11ec3,持卡人消费,学士楼商务网关,-11.2,184.99,5668,正常
2016/04/04 16:01:50,2c54f478ca950cd315f0ce185c35ae850215ad2e,12b26568976dd10b8d41e4f89717ceb4bac11ec3,持卡人消费,超市商务子系统,-0.5,184.49,5669,正常
2016/04/05 11:22:59,2c54f478ca950cd315f0ce185c35ae850215ad2e,12b26568976dd10b8d41e4f89717ceb4bac11ec3,持卡人消费,学苑楼商务网关,-6.0,178.49,5670,正常
2016/04/05 18:02:37,2c54f478ca950cd315f0ce185c35ae850215ad2e,12b26568976dd10b8d41e4f89717ceb4bac11ec3,持卡人消费,学士楼商务网关,-10.0,174.49,5670,正常
2016/04/06 18:24:06,2c54f478ca950cd315f0ce185c35ae850215ad2e,12b26568976dd10b8d41e4f89717ceb4bac11ec3,持卡人消费,学苑楼商务网关,-6.0,168.49,5671,正常
2016/04/07 12:36:44,2c54f478ca950cd315f0ce185c35ae850215ad2e,12b26568976dd10b8d41e4f89717ceb4bac11ec3,持卡人消费,学士楼商务网关,-11.0,157.49,5672,正常
2016/04/07 12:37:13,2c54f478ca950cd315f0ce185c35ae850215ad2e,12b26568976dd10b8d41e4f89717ceb4bac11ec3,持卡人消费,学士楼商务网关,-0.5,156.99,5673,正常
2016/04/07 17:54:05,2c54f478ca950cd315f0ce185c35ae850215ad2e,12b26568976dd10b8d41e4f89717ceb4bac11ec3,持卡人消费,学苑楼商务网关,-2.0,154.99,5674,正常
2016/04/07 17:55:49,2c54f478ca950cd315f0ce185c35ae850215ad2e,12b26568976dd10b8d41e4f89717ceb4bac11ec3,持卡人消费,学苑楼商务网关,-1.0,153.99,5675,正常
2016/04/07 17:57:33,2c54f478ca950cd315f0ce185c35ae850215ad2e,12b26568976dd10b8d41e4f89717ceb4bac11ec3,持卡人消费,学苑楼商务网关,-4.0,149.99,5676,正常
2016/04/07 18:35:31,2c54f478ca950cd315f0ce185c35ae850215ad2e,12b26568976dd10b8d41e4f89717ceb4bac11ec3,持卡人消费,超市商务子系统,-7.9,142.09,5677,正常
2016/04/08 12:59:36,2c54f478ca950cd315f0ce185c35ae850215ad2e,12b26568976dd10b8d41e4f89717ceb4bac11ec3,持卡人消费,学士楼商务网关,-6.5,135.59,5678,正常
2016/04/08 13:01:23,2c54f478ca950cd315f0ce185c35ae850215ad2e,12b26568976dd10b8d41e4f89717ceb4bac11ec3,持卡人消费,学士楼商务网关,-2.0,133.59,5679,正常
2016/04/09 17:01:20,2c54f478ca950cd315f0ce185c35ae850215ad2e,12b26568976dd10b8d41e4f89717ceb4bac11ec3,持卡人消费,学苑楼商务网关,-1.0,132.59,5680,正常
2016/04/09 17:02:39,2c54f478ca950cd315f0ce185c35ae850215ad2e,12b26568976dd10b8d41e4f89717ceb4bac11ec3,持卡人消费,学苑楼商务网关,-4.0,128.59,5681,正常
2016/04/09 17:03:41,2c54f478ca950cd315f0ce185c35ae850215ad2e,12b26568976dd10b8d41e4f89717ceb4bac11ec3,持卡人消费,学苑楼商务网关,-1.0,127.59,5682,正常
2016/04/09 17:56:47,2c54f478ca950cd315f0ce185c35ae850215ad2e,12b26568976dd10b8d41e4f89717ceb4bac11ec3,持卡人消费,超市商务子系统,-15.7,111.89,5683,正常
2016/04/10 19:13:45,2c54f478ca950cd315f0ce185c35ae850215ad2e,12b26568976dd10b8d41e4f89717ceb4bac11ec3,持卡人消费,超市商务子系统,-16.1,89.79,5685,正常
2016/04/10 19:58:27,2c54f478ca950cd315f0ce185c35ae850215ad2e,12b26568976dd10b8d41e4f89717ceb4bac11ec3,持卡人消费,15公寓浴池,-0.05,89.74,5687,正常
2016/04/10 19:58:47,2c54f478ca950cd315f0ce185c35ae850215ad2e,12b26568976dd10b8d41e4f89717ceb4bac11ec3,持卡人消费,15公寓浴池,-0.03,89.71,5689,正常
2016/04/10 20:03:19,2c54f478ca950cd315f0ce185c35ae850215ad2e,12b26568976dd10b8d41e4f89717ceb4bac11ec3,持卡人消费,15公寓浴池,-0.4,89.31,5691,正常
2016/04/10 20:06:57,2c54f478ca950cd315f0ce185c35ae850215ad2e,12b26568976dd10b8d41e4f89717ceb4bac11ec3,持卡人消费,15公寓浴池,-0.18,89.13,5693,正常
2016/04/10 20:12:26,2c54f478ca950cd315f0ce185c35ae850215ad2e,12b26568976dd10b8d41e4f89717ceb4bac11ec3,持卡人消费,15公寓浴池,-0.19,88.94,5695,正常
2016/04/10 20:16:26,2c54f478ca950cd315f0ce185c35ae850215ad2e,12b26568976dd10b8d41e4f89717ceb4bac11ec3,持卡人消费,15公寓浴池,-0.14,88.80,5697,正常
2016/04/10 20:20:22,2c54f478ca950cd315f0ce185c35ae850215ad2e,12b26568976dd10b8d41e4f89717ceb4bac11ec3,持卡人消费,15公寓浴池,-0.22,88.58,5699,正常
2016/04/10 20:22:00,2c54f478ca950cd315f0ce185c35ae850215ad2e,12b26568976dd10b8d41e4f89717ceb4bac11ec3,持卡人消费,15公寓浴池,-0.06,88.52,5701,正常
2016/04/11 12:27:18,2c54f478ca950cd315f0ce185c35ae850215ad2e,12b26568976dd10b8d41e4f89717ceb4bac11ec3,持卡人消费,学苑楼商务网关,-6.0,82.52,5702,正常
2016/04/11 12:28:24,2c54f478ca950cd315f0ce185c35ae850215ad2e,12b26568976dd10b8d41e4f89717ceb4bac11ec3,持卡人消费,学苑楼商务网关,-4.0,78.52,5703,正常
2016/04/11 12:29:18,2c54f478ca950cd315f0ce185c35ae850215ad2e,12b26568976dd10b8d41e4f89717ceb4bac11ec3,持卡人消费,学苑楼商务网关,-3.0,75.52,5704,正常
2016/04/11 17:48:58,2c54f478ca950cd315f0ce185c35ae850215ad2e,12b26568976dd10b8d41e4f89717ceb4bac11ec3,持卡人消费,超市商务子系统,-14.1,61.42,5705,正常
2016/04/12 11:51:55,2c54f478ca950cd315f0ce185c35ae850215ad2e,12b26568976dd10b8d41e4f89717ceb4bac11ec3,持卡人消费,学士楼商务网关,-9.5,51.92,5706,正常
2016/04/13 12:08:38,2c54f478ca950cd315f0ce185c35ae850215ad2e,12b26568976dd10b8d41e4f89717ceb4bac11ec3,持卡人消费,学苑楼商务网关,-6.0,45.92,5707,正常
2016/04/13 12:09:14,2c54f478ca950cd315f0ce185c35ae850215ad2e,12b26568976dd10b8d41e4f89717ceb4bac11ec3,持卡人消费,学苑楼商务网关,-3.0,42.92,5708,正常
2016/04/14 12:25:24,2c54f478ca950cd315f0ce185c35ae850215ad2e,12b26568976dd10b8d41e4f89717ceb4bac11ec3,持卡人消费,学士楼商务网关,-8.7,34.22,5709,正常
2016/04/14 18:04:17,2c54f478ca950cd315f0ce185c35ae850215ad2e,12b26568976dd10b8d41e4f89717ceb4bac11ec3,持卡人消费,学苑楼商务网关,-8.0,26.22,5710,正常
2016/04/15 12:10:01,2c54f478ca950cd315f0ce185c35ae850215ad2e,12b26568976dd10b8d41e4f89717ceb4bac11ec3,持卡人消费,学苑楼商务网关,-8.0,18.22,5711,正常
2016/04/15 18:01:18,2c54f478ca950cd315f0ce185c35ae850215ad2e,12b26568976dd10b8d41e4f89717ceb4bac11ec3,持卡人消费,学苑楼商务网关,-1.5,16.72,5712,正常
2016/04/15 18:01:24,2c54f478ca950cd315f0ce185c35ae850215ad2e,12b26568976dd10b8d41e4f89717ceb4bac11ec3,持卡人消费,学苑楼商务网关,-1.0,15.72,5713,正常
2016/04/15 18:03:38,2c54f478ca950cd315f0ce185c35ae850215ad2e,12b26568976dd10b8d41e4f89717ceb4bac11ec3,持卡人消费,学苑楼商务网关,-2.2,13.52,5714,正常
2016/04/16 12:39:36,2c54f478ca950cd315f0ce185c35ae850215ad2e,12b26568976dd10b8d41e4f89717ceb4bac11ec3,持卡人消费,学士楼商务网关,-9.5,4.02,5715,正常
2016/04/16 12:40:29,2c54f478ca950cd315f0ce185c35ae850215ad2e,12b26568976dd10b8d41e4f89717ceb4bac11ec3,持卡人消费,学士楼商务网关,-1.5,2.52,5716,正常
2016/04/17 18:03:36,2c54f478ca950cd315f0ce185c35ae850215ad2e,12b26568976dd10b8d41e4f89717ceb4bac11ec3,存款,现金充值机,200.0,202.52,5717,正常
2016/04/17 18:29:52,2c54f478ca950cd315f0ce185c35ae850215ad2e,12b26568976dd10b8d41e4f89717ceb4bac11ec3,持卡人消费,学士楼商务网关,-6.0,196.52,5718,正常
2016/04/17 18:32:05,2c54f478ca950cd315f0ce185c35ae850215ad2e,12b26568976dd10b8d41e4f89717ceb4bac11ec3,持卡人消费,学士楼商务网关,-0.2,196.32,5719,正常
2016/04/18 11:43:00,2c54f478ca950cd315f0ce185c35ae850215ad2e,12b26568976dd10b8d41e4f89717ceb4bac11ec3,持卡人消费,学苑楼商务网关,-1.5,194.82,5720,正常
2016/04/18 11:43:49,2c54f478ca950cd315f0ce185c35ae850215ad2e,12b26568976dd10b8d41e4f89717ceb4bac11ec3,持卡人消费,学苑楼商务网关,-3.5,191.32,5721,正常
2016/04/18 11:45:49,2c54f478ca950cd315f0ce185c35ae850215ad2e,12b26568976dd10b8d41e4f89717ceb4bac11ec3,持卡人消费,学苑楼商务网关,-1.4,189.92,5722,正常
2016/04/18 11:46:18,2c54f478ca950cd315f0ce185c35ae850215ad2e,12b26568976dd10b8d41e4f89717ceb4bac11ec3,持卡人消费,学苑楼商务网关,-2.0,187.92,5723,正常
2016/04/18 16:31:49,2c54f478ca950cd315f0ce185c35ae850215ad2e,12b26568976dd10b8d41e4f89717ceb4bac11ec3,持卡人消费,学苑楼商务网关,-8.8,179.12,5724,正常
2016/04/19 12:26:47,2c54f478ca950cd315f0ce185c35ae850215ad2e,12b26568976dd10b8d41e4f89717ceb4bac11ec3,持卡人消费,学苑楼商务网关,-7.0,172.12,5725,正常
2016/04/19 17:56:32,2c54f478ca950cd315f0ce185c35ae850215ad2e,12b26568976dd10b8d41e4f89717ceb4bac11ec3,持卡人消费,学士楼商务网关,-7.7,164.42,5726,正常
2016/04/19 18:28:32,2c54f478ca950cd315f0ce185c35ae850215ad2e,12b26568976dd10b8d41e4f89717ceb4bac11ec3,持卡人消费,超市商务子系统,-6.0,158.42,5727,正常
2016/04/19 18:41:25,2c54f478ca950cd315f0ce185c35ae850215ad2e,12b26568976dd10b8d41e4f89717ceb4bac11ec3,持卡人消费,超市商务子系统,-4.8,153.62,5728,正常
2016/04/20 11:47:59,2c54f478ca950cd315f0ce185c35ae850215ad2e,12b26568976dd10b8d41e4f89717ceb4bac11ec3,持卡人消费,学士楼商务网关,-12.0,141.62,5729,正常
2016/04/20 16:27:59,2c54f478ca950cd315f0ce185c35ae850215ad2e,12b26568976dd10b8d41e4f89717ceb4bac11ec3,持卡人消费,学苑楼商务网关,-6.0,135.62,5730,正常
2016/04/21 12:21:05,2c54f478ca950cd315f0ce185c35ae850215ad2e,12b26568976dd10b8d41e4f89717ceb4bac11ec3,持卡人消费,学苑楼商务网关,-8.0,127.62,5731,正常
2016/04/22 11:13:42,2c54f478ca950cd315f0ce185c35ae850215ad2e,12b26568976dd10b8d41e4f89717ceb4bac11ec3,持卡人消费,学士楼商务网关,-8.5,119.12,5732,正常
2016/04/22 17:46:15,2c54f478ca950cd315f0ce185c35ae850215ad2e,12b26568976dd10b8d41e4f89717ceb4bac11ec3,持卡人消费,学苑楼商务网关,-6.0,113.12,5733,正常
2016/04/23 11:23:46,2c54f478ca950cd315f0ce185c35ae850215ad2e,12b26568976dd10b8d41e4f89717ceb4bac11ec3,持卡人消费,学苑楼商务网关,-6.0,107.12,5734,正常
2016/04/24 18:16:44,2c54f478ca950cd315f0ce185c35ae850215ad2e,12b26568976dd10b8d41e4f89717ceb4bac11ec3,持卡人消费,学士楼商务网关,-7.4,99.72,5735,正常
2016/04/24 18:41:54,2c54f478ca950cd315f0ce185c35ae850215ad2e,12b26568976dd10b8d41e4f89717ceb4bac11ec3,持卡人消费,超市商务子系统,-7.5,92.22,5736,正常
2016/04/25 09:05:16,2c54f478ca950cd315f0ce185c35ae850215ad2e,12b26568976dd10b8d41e4f89717ceb4bac11ec3,持卡人消费,学士楼商务网关,-1.7,90.52,5737,正常
2016/04/25 12:24:54,2c54f478ca950cd315f0ce185c35ae850215ad2e,12b26568976dd10b8d41e4f89717ceb4bac11ec3,持卡人消费,学苑楼商务网关,-8.0,82.52,5738,正常
2016/04/25 17:57:08,2c54f478ca950cd315f0ce185c35ae850215ad2e,12b26568976dd10b8d41e4f89717ceb4bac11ec3,持卡人消费,学苑楼商务网关,-6.0,76.52,5739,正常
2016/04/25 17:58:29,2c54f478ca950cd315f0ce185c35ae850215ad2e,12b26568976dd10b8d41e4f89717ceb4bac11ec3,持卡人消费,学苑楼商务网关,-3.0,73.52,5740,正常
2016/04/25 17:59:03,2c54f478ca950cd315f0ce185c35ae850215ad2e,12b26568976dd10b8d41e4f89717ceb4bac11ec3,持卡人消费,学苑楼商务网关,-0.8,72.72,5741,正常
2016/04/25 18:01:58,2c54f478ca950cd315f0ce185c35ae850215ad2e,12b26568976dd10b8d41e4f89717ceb4bac11ec3,持卡人消费,学苑楼商务网关,-1.0,71.72,5742,正常
2016/04/26 12:22:35,2c54f478ca950cd315f0ce185c35ae850215ad2e,12b26568976dd10b8d41e4f89717ceb4bac11ec3,持卡人消费,学苑楼商务网关,-6.0,65.72,5743,正常
2016/04/26 18:02:43,2c54f478ca950cd315f0ce185c35ae850215ad2e,12b26568976dd10b8d41e4f89717ceb4bac11ec3,持卡人消费,学苑楼商务网关,-5.2,60.52,5744,正常
2016/04/26 18:03:31,2c54f478ca950cd315f0ce185c35ae850215ad2e,12b26568976dd10b8d41e4f89717ceb4bac11ec3,持卡人消费,学苑楼商务网关,-4.0,56.52,5745,正常
2016/04/26 18:04:10,2c54f478ca950cd315f0ce185c35ae850215ad2e,12b26568976dd10b8d41e4f89717ceb4bac11ec3,持卡人消费,学苑楼商务网关,-1.0,55.52,5746,正常
2016/04/26 18:05:16,2c54f478ca950cd315f0ce185c35ae850215ad2e,12b26568976dd10b8d41e4f89717ceb4bac11ec3,持卡人消费,学苑楼商务网关,-4.0,51.52,5747,正常
2016/04/27 12:26:56,2c54f478ca950cd315f0ce185c35ae850215ad2e,12b26568976dd10b8d41e4f89717ceb4bac11ec3,持卡人消费,学苑楼商务网关,-6.0,45.52,5748,正常
2016/04/27 12:27:44,2c54f478ca950cd315f0ce185c35ae850215ad2e,12b26568976dd10b8d41e4f89717ceb4bac11ec3,持卡人消费,学苑楼商务网关,-4.0,41.52,5749,正常
2016/04/27 12:28:20,2c54f478ca950cd315f0ce185c35ae850215ad2e,12b26568976dd10b8d41e4f89717ceb4bac11ec3,持卡人消费,学苑楼商务网关,-5.0,36.52,5750,正常
2016/04/27 13:11:41,2c54f478ca950cd315f0ce185c35ae850215ad2e,12b26568976dd10b8d41e4f89717ceb4bac11ec3,持卡人消费,超市商务子系统,-19.6,16.92,5751,正常
2016/04/27 18:10:26,2c54f478ca950cd315f0ce185c35ae850215ad2e,12b26568976dd10b8d41e4f89717ceb4bac11ec3,持卡人消费,学苑楼商务网关,-1.2,15.72,5752,正常
2016/04/27 18:11:28,2c54f478ca950cd315f0ce185c35ae850215ad2e,12b26568976dd10b8d41e4f89717ceb4bac11ec3,持卡人消费,学苑楼商务网关,-2.0,13.72,5753,正常
2016/04/27 18:12:03,2c54f478ca950cd315f0ce185c35ae850215ad2e,12b26568976dd10b8d41e4f89717ceb4bac11ec3,持卡人消费,学苑楼商务网关,-3.0,10.72,5754,正常
2016/04/27 18:12:36,2c54f478ca950cd315f0ce185c35ae850215ad2e,12b26568976dd10b8d41e4f89717ceb4bac11ec3,持卡人消费,学苑楼商务网关,-4.0,6.72,5755,正常
2016/04/27 18:13:08,2c54f478ca950cd315f0ce185c35ae850215ad2e,12b26568976dd10b8d41e4f89717ceb4bac11ec3,持卡人消费,学苑楼商务网关,-0.5,6.22,5756,正常
2016/04/27 18:15:01,2c54f478ca950cd315f0ce185c35ae850215ad2e,12b26568976dd10b8d41e4f89717ceb4bac11ec3,持卡人消费,学苑楼商务网关,-1.0,5.22,5757,正常
2016/04/29 17:44:33,2c54f478ca950cd315f0ce185c35ae850215ad2e,12b26568976dd10b8d41e4f89717ceb4bac11ec3,存款,现金充值机,100.0,105.22,5758,正常
2016/04/29 18:06:53,2c54f478ca950cd315f0ce185c35ae850215ad2e,12b26568976dd10b8d41e4f89717ceb4bac11ec3,持卡人消费,学苑楼商务网关,-1.0,104.22,5759,正常
2016/04/29 18:07:02,2c54f478ca950cd315f0ce185c35ae850215ad2e,12b26568976dd10b8d41e4f89717ceb4bac11ec3,持卡人消费,学苑楼商务网关,-0.8,103.42,5760,正常
2016/04/29 18:07:43,2c54f478ca950cd315f0ce185c35ae850215ad2e,12b26568976dd10b8d41e4f89717ceb4bac11ec3,持卡人消费,学苑楼商务网关,-3.0,100.42,5761,正常
2016/04/30 11:44:40,2c54f478ca950cd315f0ce185c35ae850215ad2e,12b26568976dd10b8d41e4f89717ceb4bac11ec3,持卡人消费,学苑楼商务网关,-0.4,100.02,5762,正常
2016/04/30 11:45:46,2c54f478ca950cd315f0ce185c35ae850215ad2e,12b26568976dd10b8d41e4f89717ceb4bac11ec3,持卡人消费,学苑楼商务网关,-5.0,95.02,5763,正常
2016/04/30 11:46:37,2c54f478ca950cd315f0ce185c35ae850215ad2e,12b26568976dd10b8d41e4f89717ceb4bac11ec3,持卡人消费,学苑楼商务网关,-4.0,91.02,5764,正常
2016/04/30 11:47:28,2c54f478ca950cd315f0ce185c35ae850215ad2e,12b26568976dd10b8d41e4f89717ceb4bac11ec3,持卡人消费,学苑楼商务网关,-3.5,87.52,5765,正常
2016/04/30 11:50:04,2c54f478ca950cd315f0ce185c35ae850215ad2e,12b26568976dd10b8d41e4f89717ceb4bac11ec3,持卡人消费,学苑楼商务网关,-0.5,87.02,5766,正常
2016/04/30 16:28:28,2c54f478ca950cd315f0ce185c35ae850215ad2e,12b26568976dd10b8d41e4f89717ceb4bac11ec3,持卡人消费,15公寓浴池,-2.0,85.02,5767,正常
2016/04/30 16:31:34,2c54f478ca950cd315f0ce185c35ae850215ad2e,12b26568976dd10b8d41e4f89717ceb4bac11ec3,持卡人消费,15公寓浴池,-0.59,84.43,5769,正常
