交易发生时间,学号,姓名,交易类型,子系统名称,交易额,现有余额,次数,状态
2016/04/02 11:17:59,5ba304a2f4db551bb87676cd1cdeb913ebb94632,12bed75ed9ba6741b415aacbdca3fc807ab8d1a1,存款,现金充值机,100.0,101.16,3335,正常
2016/04/02 11:35:38,5ba304a2f4db551bb87676cd1cdeb913ebb94632,12bed75ed9ba6741b415aacbdca3fc807ab8d1a1,持卡人消费,超市商务子系统,-6.0,95.16,3336,正常
2016/04/02 19:53:47,5ba304a2f4db551bb87676cd1cdeb913ebb94632,12bed75ed9ba6741b415aacbdca3fc807ab8d1a1,持卡人消费,学子超市A05,-16.7,78.46,3337,正常
2016/04/02 20:30:11,5ba304a2f4db551bb87676cd1cdeb913ebb94632,12bed75ed9ba6741b415aacbdca3fc807ab8d1a1,持卡人消费,土木楼水控,-0.02,78.44,3339,正常
2016/04/02 20:40:45,5ba304a2f4db551bb87676cd1cdeb913ebb94632,12bed75ed9ba6741b415aacbdca3fc807ab8d1a1,持卡人消费,土木楼水控,-2.14,76.30,3340,正常
2016/04/02 20:42:22,5ba304a2f4db551bb87676cd1cdeb913ebb94632,12bed75ed9ba6741b415aacbdca3fc807ab8d1a1,持卡人消费,土木楼水控,-0.01,76.29,3341,正常
2016/04/02 20:59:05,5ba304a2f4db551bb87676cd1cdeb913ebb94632,12bed75ed9ba6741b415aacbdca3fc807ab8d1a1,持卡人消费,学子超市A05,-6.0,70.29,3342,正常
2016/04/03 08:59:40,5ba304a2f4db551bb87676cd1cdeb913ebb94632,12bed75ed9ba6741b415aacbdca3fc807ab8d1a1,持卡人消费,学子超市A05,-1.6,68.69,3343,正常
2016/04/03 17:53:49,5ba304a2f4db551bb87676cd1cdeb913ebb94632,12bed75ed9ba6741b415aacbdca3fc807ab8d1a1,持卡人消费,A5,-3.0,65.69,3344,正常
2016/04/04 12:14:36,5ba304a2f4db551bb87676cd1cdeb913ebb94632,12bed75ed9ba6741b415aacbdca3fc807ab8d1a1,持卡人消费,学子超市A05,-12.9,52.79,3345,正常
2016/04/04 12:38:36,5ba304a2f4db551bb87676cd1cdeb913ebb94632,12bed75ed9ba6741b415aacbdca3fc807ab8d1a1,持卡人消费,学子超市A05,-9.6,43.19,3346,正常
2016/04/05 12:32:44,5ba304a2f4db551bb87676cd1cdeb913ebb94632,12bed75ed9ba6741b415aacbdca3fc807ab8d1a1,持卡人消费,土木楼水控,-0.02,43.17,3348,正常
2016/04/05 12:37:57,5ba304a2f4db551bb87676cd1cdeb913ebb94632,12bed75ed9ba6741b415aacbdca3fc807ab8d1a1,持卡人消费,土木楼水控,-3.0,40.17,3349,正常
2016/04/05 12:45:57,5ba304a2f4db551bb87676cd1cdeb913ebb94632,12bed75ed9ba6741b415aacbdca3fc807ab8d1a1,持卡人消费,土木楼水控,-2.57,37.60,3351,正常
2016/04/07 21:42:42,5ba304a2f4db551bb87676cd1cdeb913ebb94632,12bed75ed9ba6741b415aacbdca3fc807ab8d1a1,持卡人消费,学子超市A05,-24.5,13.10,3352,正常
2016/04/11 17:32:41,5ba304a2f4db551bb87676cd1cdeb913ebb94632,12bed75ed9ba6741b415aacbdca3fc807ab8d1a1,存款,学苑楼综合业务2,50.0,63.10,3353,正常
2016/04/11 17:35:11,5ba304a2f4db551bb87676cd1cdeb913ebb94632,12bed75ed9ba6741b415aacbdca3fc807ab8d1a1,持卡人消费,学苑楼商务网关,-7.0,56.10,3354,正常
2016/04/11 17:36:58,5ba304a2f4db551bb87676cd1cdeb913ebb94632,12bed75ed9ba6741b415aacbdca3fc807ab8d1a1,持卡人消费,学苑楼商务网关,-3.0,53.10,3355,正常
2016/04/11 20:29:50,5ba304a2f4db551bb87676cd1cdeb913ebb94632,12bed75ed9ba6741b415aacbdca3fc807ab8d1a1,持卡人消费,学子超市A05,-5.7,47.40,3356,正常
2016/04/12 12:11:53,5ba304a2f4db551bb87676cd1cdeb913ebb94632,12bed75ed9ba6741b415aacbdca3fc807ab8d1a1,持卡人消费,A5,-3.0,44.40,3357,正常
2016/04/12 12:30:19,5ba304a2f4db551bb87676cd1cdeb913ebb94632,12bed75ed9ba6741b415aacbdca3fc807ab8d1a1,持卡人消费,土木楼水控,-3.0,41.40,3358,正常
2016/04/12 12:33:48,5ba304a2f4db551bb87676cd1cdeb913ebb94632,12bed75ed9ba6741b415aacbdca3fc807ab8d1a1,持卡人消费,土木楼水控,-0.7,40.70,3360,正常
2016/04/13 18:45:35,5ba304a2f4db551bb87676cd1cdeb913ebb94632,12bed75ed9ba6741b415aacbdca3fc807ab8d1a1,持卡人消费,学子超市A05,-5.6,35.10,3361,正常
2016/04/15 13:21:29,5ba304a2f4db551bb87676cd1cdeb913ebb94632,12bed75ed9ba6741b415aacbdca3fc807ab8d1a1,持卡人消费,学子超市A05,-9.1,26.00,3362,正常
2016/04/16 12:20:54,5ba304a2f4db551bb87676cd1cdeb913ebb94632,12bed75ed9ba6741b415aacbdca3fc807ab8d1a1,持卡人消费,土木楼水控,-3.0,23.00,3363,正常
2016/04/16 12:23:36,5ba304a2f4db551bb87676cd1cdeb913ebb94632,12bed75ed9ba6741b415aacbdca3fc807ab8d1a1,持卡人消费,土木楼水控,-0.39,22.61,3365,正常
2016/04/16 20:41:57,5ba304a2f4db551bb87676cd1cdeb913ebb94632,12bed75ed9ba6741b415aacbdca3fc807ab8d1a1,持卡人消费,学子超市A05,-4.5,18.11,3366,正常
2016/04/17 18:45:02,5ba304a2f4db551bb87676cd1cdeb913ebb94632,12bed75ed9ba6741b415aacbdca3fc807ab8d1a1,持卡人消费,学子超市A05,-1.1,17.01,3367,正常
2016/04/18 18:11:01,5ba304a2f4db551bb87676cd1cdeb913ebb94632,12bed75ed9ba6741b415aacbdca3fc807ab8d1a1,持卡人消费,超市商务子系统,-2.6,14.41,3368,正常
2016/04/19 21:28:25,5ba304a2f4db551bb87676cd1cdeb913ebb94632,12bed75ed9ba6741b415aacbdca3fc807ab8d1a1,持卡人消费,学子超市A05,-11.0,3.41,3369,正常
2016/04/20 12:18:39,5ba304a2f4db551bb87676cd1cdeb913ebb94632,12bed75ed9ba6741b415aacbdca3fc807ab8d1a1,持卡人消费,土木楼水控,-2.26,1.15,3371,正常
2016/04/24 11:09:27,5ba304a2f4db551bb87676cd1cdeb913ebb94632,12bed75ed9ba6741b415aacbdca3fc807ab8d1a1,存款,现金充值机,100.0,101.15,3372,正常
2016/04/24 11:24:57,5ba304a2f4db551bb87676cd1cdeb913ebb94632,12bed75ed9ba6741b415aacbdca3fc807ab8d1a1,持卡人消费,网络中心,-30.0,71.15,3373,正常
2016/04/24 20:49:15,5ba304a2f4db551bb87676cd1cdeb913ebb94632,12bed75ed9ba6741b415aacbdca3fc807ab8d1a1,持卡人消费,学子超市A05,-6.6,64.55,3374,正常
2016/04/25 09:11:20,5ba304a2f4db551bb87676cd1cdeb913ebb94632,12bed75ed9ba6741b415aacbdca3fc807ab8d1a1,持卡人消费,学子超市A05,-9.0,55.55,3375,正常
2016/04/25 20:15:43,5ba304a2f4db551bb87676cd1cdeb913ebb94632,12bed75ed9ba6741b415aacbdca3fc807ab8d1a1,持卡人消费,A5,-6.0,49.55,3376,正常
2016/04/25 20:20:13,5ba304a2f4db551bb87676cd1cdeb913ebb94632,12bed75ed9ba6741b415aacbdca3fc807ab8d1a1,持卡人消费,学子超市A05,-17.1,32.45,3377,正常
2016/04/29 19:11:49,5ba304a2f4db551bb87676cd1cdeb913ebb94632,12bed75ed9ba6741b415aacbdca3fc807ab8d1a1,持卡人消费,土木楼水控,-0.1,32.35,3378,正常
2016/04/29 19:13:11,5ba304a2f4db551bb87676cd1cdeb913ebb94632,12bed75ed9ba6741b415aacbdca3fc807ab8d1a1,持卡人消费,土木楼水控,-0.01,32.34,3379,正常
2016/04/29 19:16:26,5ba304a2f4db551bb87676cd1cdeb913ebb94632,12bed75ed9ba6741b415aacbdca3fc807ab8d1a1,持卡人消费,土木楼水控,-0.13,32.21,3380,正常
2016/04/29 19:29:30,5ba304a2f4db551bb87676cd1cdeb913ebb94632,12bed75ed9ba6741b415aacbdca3fc807ab8d1a1,持卡人消费,土木楼水控,-2.32,29.89,3381,正常
2016/04/29 19:37:12,5ba304a2f4db551bb87676cd1cdeb913ebb94632,12bed75ed9ba6741b415aacbdca3fc807ab8d1a1,持卡人消费,土木楼水控,-1.24,28.65,3382,正常
2016/04/29 19:43:21,5ba304a2f4db551bb87676cd1cdeb913ebb94632,12bed75ed9ba6741b415aacbdca3fc807ab8d1a1,持卡人消费,学子超市A05,-2.2,26.45,3383,正常
