交易发生时间,学号,姓名,交易类型,子系统名称,交易额,现有余额,次数,状态
2016/04/01 17:46:28,3cd08d2b16918177ee47e6c8e6a9b4edf5c8559b,136b13dbf7d596f5d97836cea69d07d712a4fa11,持卡人消费,学士楼商务网关,-0.4,128.90,3723,正常
2016/04/01 17:47:48,3cd08d2b16918177ee47e6c8e6a9b4edf5c8559b,136b13dbf7d596f5d97836cea69d07d712a4fa11,持卡人消费,学士楼商务网关,-5.0,123.90,3724,正常
2016/04/01 17:51:36,3cd08d2b16918177ee47e6c8e6a9b4edf5c8559b,136b13dbf7d596f5d97836cea69d07d712a4fa11,持卡人消费,学士楼商务网关,-1.9,122.00,3725,正常
2016/04/04 21:31:34,3cd08d2b16918177ee47e6c8e6a9b4edf5c8559b,136b13dbf7d596f5d97836cea69d07d712a4fa11,持卡人消费,A15,-15.0,107.00,3726,正常
2016/04/05 17:36:55,3cd08d2b16918177ee47e6c8e6a9b4edf5c8559b,136b13dbf7d596f5d97836cea69d07d712a4fa11,持卡人消费,学士楼商务网关,-7.92,99.08,3727,正常
2016/04/05 17:39:02,3cd08d2b16918177ee47e6c8e6a9b4edf5c8559b,136b13dbf7d596f5d97836cea69d07d712a4fa11,持卡人消费,学士楼商务网关,-4.9,94.18,3728,正常
2016/04/09 13:21:26,3cd08d2b16918177ee47e6c8e6a9b4edf5c8559b,136b13dbf7d596f5d97836cea69d07d712a4fa11,持卡人消费,硕果园（工大商店）,-10.0,84.18,3729,正常
2016/04/10 15:53:46,3cd08d2b16918177ee47e6c8e6a9b4edf5c8559b,136b13dbf7d596f5d97836cea69d07d712a4fa11,持卡人消费,网络中心,-30.0,54.18,3730,正常
2016/04/10 17:26:35,3cd08d2b16918177ee47e6c8e6a9b4edf5c8559b,136b13dbf7d596f5d97836cea69d07d712a4fa11,持卡人消费,15公寓浴池,-2.0,52.18,3731,正常
2016/04/10 17:27:38,3cd08d2b16918177ee47e6c8e6a9b4edf5c8559b,136b13dbf7d596f5d97836cea69d07d712a4fa11,持卡人消费,15公寓浴池,-0.16,52.02,3733,正常
2016/04/10 17:32:50,3cd08d2b16918177ee47e6c8e6a9b4edf5c8559b,136b13dbf7d596f5d97836cea69d07d712a4fa11,持卡人消费,15公寓浴池,-0.67,51.35,3735,正常
2016/04/11 07:43:03,3cd08d2b16918177ee47e6c8e6a9b4edf5c8559b,136b13dbf7d596f5d97836cea69d07d712a4fa11,持卡人消费,超市商务子系统,-2.0,49.35,3736,正常
2016/04/13 12:15:54,3cd08d2b16918177ee47e6c8e6a9b4edf5c8559b,136b13dbf7d596f5d97836cea69d07d712a4fa11,持卡人消费,学苑楼商务网关,-7.0,42.35,3737,正常
2016/04/15 13:47:15,3cd08d2b16918177ee47e6c8e6a9b4edf5c8559b,136b13dbf7d596f5d97836cea69d07d712a4fa11,持卡人消费,超市商务子系统,-20.0,22.35,3738,正常
2016/04/19 08:54:55,3cd08d2b16918177ee47e6c8e6a9b4edf5c8559b,136b13dbf7d596f5d97836cea69d07d712a4fa11,持卡人消费,学士楼商务网关,-1.4,20.95,3739,正常
2016/04/19 08:56:52,3cd08d2b16918177ee47e6c8e6a9b4edf5c8559b,136b13dbf7d596f5d97836cea69d07d712a4fa11,持卡人消费,学士楼商务网关,-0.6,20.35,3740,正常
2016/04/20 11:59:51,3cd08d2b16918177ee47e6c8e6a9b4edf5c8559b,136b13dbf7d596f5d97836cea69d07d712a4fa11,持卡人消费,学士楼商务网关,-0.8,19.55,3741,正常
2016/04/20 12:00:50,3cd08d2b16918177ee47e6c8e6a9b4edf5c8559b,136b13dbf7d596f5d97836cea69d07d712a4fa11,持卡人消费,学士楼商务网关,-3.0,16.55,3742,正常
2016/04/20 12:01:13,3cd08d2b16918177ee47e6c8e6a9b4edf5c8559b,136b13dbf7d596f5d97836cea69d07d712a4fa11,持卡人消费,学士楼商务网关,-3.0,13.55,3743,正常
2016/04/20 19:53:20,3cd08d2b16918177ee47e6c8e6a9b4edf5c8559b,136b13dbf7d596f5d97836cea69d07d712a4fa11,持卡人消费,15公寓浴池,-2.0,11.55,3744,正常
2016/04/20 19:57:32,3cd08d2b16918177ee47e6c8e6a9b4edf5c8559b,136b13dbf7d596f5d97836cea69d07d712a4fa11,持卡人消费,15公寓浴池,-0.8,10.75,3746,正常
2016/04/21 16:18:08,3cd08d2b16918177ee47e6c8e6a9b4edf5c8559b,136b13dbf7d596f5d97836cea69d07d712a4fa11,存款,现金充值机,100.0,110.75,3747,正常
2016/04/21 16:39:38,3cd08d2b16918177ee47e6c8e6a9b4edf5c8559b,136b13dbf7d596f5d97836cea69d07d712a4fa11,持卡人消费,学苑楼商务网关,-6.0,104.75,3748,正常
2016/04/22 12:04:53,3cd08d2b16918177ee47e6c8e6a9b4edf5c8559b,136b13dbf7d596f5d97836cea69d07d712a4fa11,持卡人消费,学士楼商务网关,-7.9,96.85,3749,正常
2016/04/22 19:04:56,3cd08d2b16918177ee47e6c8e6a9b4edf5c8559b,136b13dbf7d596f5d97836cea69d07d712a4fa11,持卡人消费,硕果园（工大商店）,-20.0,76.85,3750,正常
2016/04/23 10:45:46,3cd08d2b16918177ee47e6c8e6a9b4edf5c8559b,136b13dbf7d596f5d97836cea69d07d712a4fa11,存款,现金充值机,100.0,176.85,3751,正常
2016/04/27 11:59:14,3cd08d2b16918177ee47e6c8e6a9b4edf5c8559b,136b13dbf7d596f5d97836cea69d07d712a4fa11,持卡人消费,学士楼商务网关,-12.9,163.95,3752,正常
2016/04/27 17:49:17,3cd08d2b16918177ee47e6c8e6a9b4edf5c8559b,136b13dbf7d596f5d97836cea69d07d712a4fa11,持卡人消费,学士楼商务网关,-5.0,158.95,3753,正常
2016/04/27 17:50:43,3cd08d2b16918177ee47e6c8e6a9b4edf5c8559b,136b13dbf7d596f5d97836cea69d07d712a4fa11,持卡人消费,学士楼商务网关,-2.0,156.95,3754,正常
