交易发生时间,学号,姓名,交易类型,子系统名称,交易额,现有余额,次数,状态
2016/04/01 07:56:44,cef483c25757ec02ffcb1e80221d046a987a396d,1411f5f3b0b87bc1b28bb3a5a19061209e40659c,持卡人消费,九食堂商务网关,-1.8,78.43,4969,正常
2016/04/01 07:57:31,cef483c25757ec02ffcb1e80221d046a987a396d,1411f5f3b0b87bc1b28bb3a5a19061209e40659c,持卡人消费,九食堂商务网关,-0.6,77.83,4970,正常
2016/04/01 11:26:26,cef483c25757ec02ffcb1e80221d046a987a396d,1411f5f3b0b87bc1b28bb3a5a19061209e40659c,持卡人消费,九食堂商务网关,-4.0,73.83,4971,正常
2016/04/01 11:27:16,cef483c25757ec02ffcb1e80221d046a987a396d,1411f5f3b0b87bc1b28bb3a5a19061209e40659c,持卡人消费,九食堂商务网关,-0.5,73.33,4972,正常
2016/04/01 17:03:16,cef483c25757ec02ffcb1e80221d046a987a396d,1411f5f3b0b87bc1b28bb3a5a19061209e40659c,持卡人消费,九食堂商务网关,-5.0,68.33,4973,正常
2016/04/01 17:04:42,cef483c25757ec02ffcb1e80221d046a987a396d,1411f5f3b0b87bc1b28bb3a5a19061209e40659c,持卡人消费,九食堂商务网关,-1.0,67.33,4974,正常
2016/04/02 11:08:32,cef483c25757ec02ffcb1e80221d046a987a396d,1411f5f3b0b87bc1b28bb3a5a19061209e40659c,持卡人消费,五食堂商务网关,-6.0,61.33,4975,正常
2016/04/03 11:14:24,cef483c25757ec02ffcb1e80221d046a987a396d,1411f5f3b0b87bc1b28bb3a5a19061209e40659c,持卡人消费,九食堂商务网关,-4.0,57.33,4976,正常
2016/04/03 11:15:30,cef483c25757ec02ffcb1e80221d046a987a396d,1411f5f3b0b87bc1b28bb3a5a19061209e40659c,持卡人消费,九食堂商务网关,-2.0,55.33,4977,正常
2016/04/03 13:34:27,cef483c25757ec02ffcb1e80221d046a987a396d,1411f5f3b0b87bc1b28bb3a5a19061209e40659c,持卡人消费,二区水控,-1.44,53.89,4978,正常
2016/04/03 13:37:48,cef483c25757ec02ffcb1e80221d046a987a396d,1411f5f3b0b87bc1b28bb3a5a19061209e40659c,持卡人消费,二区水控,-0.41,53.48,4979,正常
2016/04/03 13:41:50,cef483c25757ec02ffcb1e80221d046a987a396d,1411f5f3b0b87bc1b28bb3a5a19061209e40659c,持卡人消费,二区水控,-0.41,53.07,4980,正常
2016/04/05 11:34:43,cef483c25757ec02ffcb1e80221d046a987a396d,1411f5f3b0b87bc1b28bb3a5a19061209e40659c,持卡人消费,九食堂商务网关,-3.8,49.27,4981,正常
2016/04/05 17:39:55,cef483c25757ec02ffcb1e80221d046a987a396d,1411f5f3b0b87bc1b28bb3a5a19061209e40659c,持卡人消费,四食堂商务网关,-6.0,43.27,4982,正常
2016/04/06 07:44:10,cef483c25757ec02ffcb1e80221d046a987a396d,1411f5f3b0b87bc1b28bb3a5a19061209e40659c,持卡人消费,五食堂商务网关,-2.6,40.67,4983,正常
2016/04/06 10:54:21,cef483c25757ec02ffcb1e80221d046a987a396d,1411f5f3b0b87bc1b28bb3a5a19061209e40659c,存款,现金充值机,100.0,140.67,4984,正常
2016/04/06 11:22:00,cef483c25757ec02ffcb1e80221d046a987a396d,1411f5f3b0b87bc1b28bb3a5a19061209e40659c,持卡人消费,九食堂商务网关,-7.0,133.67,4985,正常
2016/04/06 11:22:51,cef483c25757ec02ffcb1e80221d046a987a396d,1411f5f3b0b87bc1b28bb3a5a19061209e40659c,持卡人消费,九食堂商务网关,-1.5,132.17,4986,正常
2016/04/07 11:59:39,cef483c25757ec02ffcb1e80221d046a987a396d,1411f5f3b0b87bc1b28bb3a5a19061209e40659c,持卡人消费,四食堂商务网关,-13.44,118.73,4987,正常
2016/04/07 17:43:23,cef483c25757ec02ffcb1e80221d046a987a396d,1411f5f3b0b87bc1b28bb3a5a19061209e40659c,持卡人消费,四食堂商务网关,-2.5,116.23,4988,正常
2016/04/07 17:43:39,cef483c25757ec02ffcb1e80221d046a987a396d,1411f5f3b0b87bc1b28bb3a5a19061209e40659c,持卡人消费,四食堂商务网关,-2.0,114.23,4989,正常
2016/04/08 11:16:41,cef483c25757ec02ffcb1e80221d046a987a396d,1411f5f3b0b87bc1b28bb3a5a19061209e40659c,持卡人消费,九食堂商务网关,-4.0,110.23,4990,正常
2016/04/08 11:17:55,cef483c25757ec02ffcb1e80221d046a987a396d,1411f5f3b0b87bc1b28bb3a5a19061209e40659c,持卡人消费,九食堂商务网关,-2.6,107.63,4991,正常
2016/04/08 11:18:11,cef483c25757ec02ffcb1e80221d046a987a396d,1411f5f3b0b87bc1b28bb3a5a19061209e40659c,持卡人消费,九食堂商务网关,-1.0,106.63,4992,正常
2016/04/08 16:47:15,cef483c25757ec02ffcb1e80221d046a987a396d,1411f5f3b0b87bc1b28bb3a5a19061209e40659c,持卡人消费,二区水控,-0.45,106.18,4994,正常
2016/04/08 16:54:23,cef483c25757ec02ffcb1e80221d046a987a396d,1411f5f3b0b87bc1b28bb3a5a19061209e40659c,持卡人消费,二区水控,-0.82,105.36,4996,正常
2016/04/08 17:01:53,cef483c25757ec02ffcb1e80221d046a987a396d,1411f5f3b0b87bc1b28bb3a5a19061209e40659c,持卡人消费,九食堂商务网关,-3.8,101.56,4997,正常
2016/04/08 17:03:02,cef483c25757ec02ffcb1e80221d046a987a396d,1411f5f3b0b87bc1b28bb3a5a19061209e40659c,持卡人消费,九食堂商务网关,-1.5,100.06,4998,正常
2016/04/09 11:27:40,cef483c25757ec02ffcb1e80221d046a987a396d,1411f5f3b0b87bc1b28bb3a5a19061209e40659c,持卡人消费,九食堂商务网关,-2.5,97.56,4999,正常
2016/04/09 11:27:56,cef483c25757ec02ffcb1e80221d046a987a396d,1411f5f3b0b87bc1b28bb3a5a19061209e40659c,持卡人消费,九食堂商务网关,-0.5,99.56,4999,正常
2016/04/09 11:29:07,cef483c25757ec02ffcb1e80221d046a987a396d,1411f5f3b0b87bc1b28bb3a5a19061209e40659c,持卡人消费,九食堂商务网关,-2.5,97.06,5000,正常
2016/04/09 17:16:46,cef483c25757ec02ffcb1e80221d046a987a396d,1411f5f3b0b87bc1b28bb3a5a19061209e40659c,持卡人消费,九食堂商务网关,-9.0,88.06,5001,正常
2016/04/10 11:52:21,cef483c25757ec02ffcb1e80221d046a987a396d,1411f5f3b0b87bc1b28bb3a5a19061209e40659c,持卡人消费,九食堂商务网关,-8.0,80.06,5002,正常
2016/04/10 11:53:12,cef483c25757ec02ffcb1e80221d046a987a396d,1411f5f3b0b87bc1b28bb3a5a19061209e40659c,持卡人消费,九食堂商务网关,-12.0,68.06,5003,正常
2016/04/10 12:06:33,cef483c25757ec02ffcb1e80221d046a987a396d,1411f5f3b0b87bc1b28bb3a5a19061209e40659c,持卡人消费,九食堂商务网关,-9.0,59.06,5004,正常
2016/04/10 20:29:33,cef483c25757ec02ffcb1e80221d046a987a396d,1411f5f3b0b87bc1b28bb3a5a19061209e40659c,持卡人消费,学子便利店B07,-1.6,57.46,5005,正常
2016/04/10 21:57:04,cef483c25757ec02ffcb1e80221d046a987a396d,1411f5f3b0b87bc1b28bb3a5a19061209e40659c,持卡人消费,学子便利店B07,-3.0,54.46,5006,正常
2016/04/11 12:18:02,cef483c25757ec02ffcb1e80221d046a987a396d,1411f5f3b0b87bc1b28bb3a5a19061209e40659c,持卡人消费,学子便利店B07,-3.5,50.96,5007,正常
2016/04/11 17:28:08,cef483c25757ec02ffcb1e80221d046a987a396d,1411f5f3b0b87bc1b28bb3a5a19061209e40659c,持卡人消费,九食堂商务网关,-9.0,41.96,5008,正常
2016/04/12 17:40:34,cef483c25757ec02ffcb1e80221d046a987a396d,1411f5f3b0b87bc1b28bb3a5a19061209e40659c,持卡人消费,四食堂商务网关,-6.0,35.96,5009,正常
2016/04/12 17:41:33,cef483c25757ec02ffcb1e80221d046a987a396d,1411f5f3b0b87bc1b28bb3a5a19061209e40659c,持卡人消费,四食堂商务网关,-1.5,34.46,5010,正常
2016/04/13 06:59:11,cef483c25757ec02ffcb1e80221d046a987a396d,1411f5f3b0b87bc1b28bb3a5a19061209e40659c,存款,现金充值机,100.0,134.46,5011,正常
2016/04/13 07:32:01,cef483c25757ec02ffcb1e80221d046a987a396d,1411f5f3b0b87bc1b28bb3a5a19061209e40659c,持卡人消费,九食堂商务网关,-1.0,133.46,5012,正常
2016/04/13 03:33:31,cef483c25757ec02ffcb1e80221d046a987a396d,1411f5f3b0b87bc1b28bb3a5a19061209e40659c,持卡人消费,九食堂商务网关,-3.0,130.46,5013,正常
2016/04/13 11:01:23,cef483c25757ec02ffcb1e80221d046a987a396d,1411f5f3b0b87bc1b28bb3a5a19061209e40659c,持卡人消费,九食堂商务网关,-3.6,126.86,5014,正常
2016/04/13 17:14:59,cef483c25757ec02ffcb1e80221d046a987a396d,1411f5f3b0b87bc1b28bb3a5a19061209e40659c,持卡人消费,九食堂商务网关,-4.0,122.86,5015,正常
2016/04/13 17:16:16,cef483c25757ec02ffcb1e80221d046a987a396d,1411f5f3b0b87bc1b28bb3a5a19061209e40659c,持卡人消费,九食堂商务网关,-1.5,121.36,5016,正常
2016/04/13 22:09:37,cef483c25757ec02ffcb1e80221d046a987a396d,1411f5f3b0b87bc1b28bb3a5a19061209e40659c,持卡人消费,学子便利店B07,-4.0,117.36,5017,正常
2016/04/14 11:59:04,cef483c25757ec02ffcb1e80221d046a987a396d,1411f5f3b0b87bc1b28bb3a5a19061209e40659c,持卡人消费,九食堂商务网关,-9.0,105.86,5019,正常
2016/04/14 12:12:41,cef483c25757ec02ffcb1e80221d046a987a396d,1411f5f3b0b87bc1b28bb3a5a19061209e40659c,持卡人消费,九食堂商务网关,-9.0,96.86,5020,正常
2016/04/14 17:26:43,cef483c25757ec02ffcb1e80221d046a987a396d,1411f5f3b0b87bc1b28bb3a5a19061209e40659c,持卡人消费,四食堂商务网关,-6.0,90.86,5021,正常
2016/04/15 11:28:45,cef483c25757ec02ffcb1e80221d046a987a396d,1411f5f3b0b87bc1b28bb3a5a19061209e40659c,持卡人消费,九食堂商务网关,-4.0,86.86,5022,正常
2016/04/15 11:29:18,cef483c25757ec02ffcb1e80221d046a987a396d,1411f5f3b0b87bc1b28bb3a5a19061209e40659c,持卡人消费,九食堂商务网关,-1.5,85.36,5023,正常
2016/04/15 11:30:41,cef483c25757ec02ffcb1e80221d046a987a396d,1411f5f3b0b87bc1b28bb3a5a19061209e40659c,持卡人消费,九食堂商务网关,-0.8,84.56,5024,正常
2016/04/15 17:24:51,cef483c25757ec02ffcb1e80221d046a987a396d,1411f5f3b0b87bc1b28bb3a5a19061209e40659c,持卡人消费,九食堂商务网关,-2.2,82.36,5025,正常
2016/04/16 11:25:42,cef483c25757ec02ffcb1e80221d046a987a396d,1411f5f3b0b87bc1b28bb3a5a19061209e40659c,持卡人消费,九食堂商务网关,-1.5,80.86,5026,正常
2016/04/16 11:27:21,cef483c25757ec02ffcb1e80221d046a987a396d,1411f5f3b0b87bc1b28bb3a5a19061209e40659c,持卡人消费,九食堂商务网关,-4.6,76.26,5027,正常
2016/04/16 16:53:41,cef483c25757ec02ffcb1e80221d046a987a396d,1411f5f3b0b87bc1b28bb3a5a19061209e40659c,持卡人消费,二区水控,-1.5,74.76,5028,正常
2016/04/16 16:56:47,cef483c25757ec02ffcb1e80221d046a987a396d,1411f5f3b0b87bc1b28bb3a5a19061209e40659c,持卡人消费,二区水控,-0.24,74.52,5029,正常
2016/04/16 17:19:37,cef483c25757ec02ffcb1e80221d046a987a396d,1411f5f3b0b87bc1b28bb3a5a19061209e40659c,持卡人消费,九食堂商务网关,-5.1,69.42,5030,正常
2016/04/17 11:53:46,cef483c25757ec02ffcb1e80221d046a987a396d,1411f5f3b0b87bc1b28bb3a5a19061209e40659c,持卡人消费,九食堂商务网关,-9.0,60.42,5031,正常
2016/04/18 08:06:06,cef483c25757ec02ffcb1e80221d046a987a396d,1411f5f3b0b87bc1b28bb3a5a19061209e40659c,持卡人消费,九食堂商务网关,-2.6,57.82,5032,正常
2016/04/18 11:27:46,cef483c25757ec02ffcb1e80221d046a987a396d,1411f5f3b0b87bc1b28bb3a5a19061209e40659c,持卡人消费,九食堂商务网关,-7.0,50.82,5033,正常
2016/04/18 11:30:18,cef483c25757ec02ffcb1e80221d046a987a396d,1411f5f3b0b87bc1b28bb3a5a19061209e40659c,持卡人消费,九食堂商务网关,-0.5,50.32,5034,正常
2016/04/18 17:26:27,cef483c25757ec02ffcb1e80221d046a987a396d,1411f5f3b0b87bc1b28bb3a5a19061209e40659c,持卡人消费,九食堂商务网关,-4.0,46.32,5035,正常
2016/04/18 17:27:26,cef483c25757ec02ffcb1e80221d046a987a396d,1411f5f3b0b87bc1b28bb3a5a19061209e40659c,持卡人消费,九食堂商务网关,-1.5,44.82,5036,正常
2016/04/19 07:51:21,cef483c25757ec02ffcb1e80221d046a987a396d,1411f5f3b0b87bc1b28bb3a5a19061209e40659c,持卡人消费,五食堂商务网关,-2.5,42.32,5037,正常
2016/04/19 11:23:17,cef483c25757ec02ffcb1e80221d046a987a396d,1411f5f3b0b87bc1b28bb3a5a19061209e40659c,持卡人消费,九食堂商务网关,-4.0,38.32,5038,正常
2016/04/19 11:25:13,cef483c25757ec02ffcb1e80221d046a987a396d,1411f5f3b0b87bc1b28bb3a5a19061209e40659c,持卡人消费,九食堂商务网关,-1.0,37.32,5039,正常
2016/04/19 17:37:04,cef483c25757ec02ffcb1e80221d046a987a396d,1411f5f3b0b87bc1b28bb3a5a19061209e40659c,持卡人消费,五食堂商务网关,-7.0,30.32,5040,正常
2016/04/20 11:24:02,cef483c25757ec02ffcb1e80221d046a987a396d,1411f5f3b0b87bc1b28bb3a5a19061209e40659c,存款,2区卡中心综合业务,100.0,130.32,5041,正常
2016/04/20 11:25:15,cef483c25757ec02ffcb1e80221d046a987a396d,1411f5f3b0b87bc1b28bb3a5a19061209e40659c,持卡人消费,九食堂商务网关,-3.0,127.32,5042,正常
2016/04/20 11:26:49,cef483c25757ec02ffcb1e80221d046a987a396d,1411f5f3b0b87bc1b28bb3a5a19061209e40659c,持卡人消费,九食堂商务网关,-4.0,123.32,5043,正常
2016/04/20 17:20:21,cef483c25757ec02ffcb1e80221d046a987a396d,1411f5f3b0b87bc1b28bb3a5a19061209e40659c,持卡人消费,九食堂商务网关,-8.0,115.32,5044,正常
2016/04/20 21:25:57,cef483c25757ec02ffcb1e80221d046a987a396d,1411f5f3b0b87bc1b28bb3a5a19061209e40659c,持卡人消费,学子便利店B07,-11.0,104.32,5045,正常
2016/04/20 22:26:37,cef483c25757ec02ffcb1e80221d046a987a396d,1411f5f3b0b87bc1b28bb3a5a19061209e40659c,持卡人消费,学子便利店B07,-3.0,101.32,5046,正常
2016/04/21 11:09:52,cef483c25757ec02ffcb1e80221d046a987a396d,1411f5f3b0b87bc1b28bb3a5a19061209e40659c,持卡人消费,五食堂商务网关,-8.0,93.32,5047,正常
2016/04/21 17:36:32,cef483c25757ec02ffcb1e80221d046a987a396d,1411f5f3b0b87bc1b28bb3a5a19061209e40659c,持卡人消费,四食堂商务网关,-5.0,88.32,5048,正常
2016/04/21 17:40:05,cef483c25757ec02ffcb1e80221d046a987a396d,1411f5f3b0b87bc1b28bb3a5a19061209e40659c,持卡人消费,四食堂商务网关,-2.0,86.32,5049,正常
2016/04/21 17:55:34,cef483c25757ec02ffcb1e80221d046a987a396d,1411f5f3b0b87bc1b28bb3a5a19061209e40659c,持卡人消费,学子便利店B07,-7.0,79.32,5050,正常
2016/04/22 11:25:05,cef483c25757ec02ffcb1e80221d046a987a396d,1411f5f3b0b87bc1b28bb3a5a19061209e40659c,持卡人消费,九食堂商务网关,-2.0,77.32,5051,正常
2016/04/22 11:25:39,cef483c25757ec02ffcb1e80221d046a987a396d,1411f5f3b0b87bc1b28bb3a5a19061209e40659c,持卡人消费,九食堂商务网关,-2.0,75.32,5052,正常
2016/04/22 11:26:42,cef483c25757ec02ffcb1e80221d046a987a396d,1411f5f3b0b87bc1b28bb3a5a19061209e40659c,持卡人消费,九食堂商务网关,-1.0,74.32,5053,正常
2016/04/22 19:00:52,cef483c25757ec02ffcb1e80221d046a987a396d,1411f5f3b0b87bc1b28bb3a5a19061209e40659c,持卡人消费,学子便利店B07,-5.2,69.12,5054,正常
2016/04/23 07:46:26,cef483c25757ec02ffcb1e80221d046a987a396d,1411f5f3b0b87bc1b28bb3a5a19061209e40659c,持卡人消费,九食堂商务网关,-3.0,66.12,5055,正常
2016/04/23 07:47:18,cef483c25757ec02ffcb1e80221d046a987a396d,1411f5f3b0b87bc1b28bb3a5a19061209e40659c,持卡人消费,九食堂商务网关,-0.6,65.52,5056,正常
2016/04/23 11:20:38,cef483c25757ec02ffcb1e80221d046a987a396d,1411f5f3b0b87bc1b28bb3a5a19061209e40659c,持卡人消费,九食堂商务网关,-6.0,59.52,5057,正常
2016/04/23 11:21:27,cef483c25757ec02ffcb1e80221d046a987a396d,1411f5f3b0b87bc1b28bb3a5a19061209e40659c,持卡人消费,九食堂商务网关,-1.0,58.52,5058,正常
2016/04/23 11:36:50,cef483c25757ec02ffcb1e80221d046a987a396d,1411f5f3b0b87bc1b28bb3a5a19061209e40659c,持卡人消费,九食堂商务网关,-8.0,50.52,5059,正常
2016/04/24 12:13:19,cef483c25757ec02ffcb1e80221d046a987a396d,1411f5f3b0b87bc1b28bb3a5a19061209e40659c,持卡人消费,二区水控,-1.42,49.10,5060,正常
2016/04/24 12:15:56,cef483c25757ec02ffcb1e80221d046a987a396d,1411f5f3b0b87bc1b28bb3a5a19061209e40659c,持卡人消费,二区水控,-0.2,48.90,5061,正常
2016/04/24 13:09:23,cef483c25757ec02ffcb1e80221d046a987a396d,1411f5f3b0b87bc1b28bb3a5a19061209e40659c,持卡人消费,学子便利店B07,-4.2,44.70,5062,正常
2016/04/24 17:05:00,cef483c25757ec02ffcb1e80221d046a987a396d,1411f5f3b0b87bc1b28bb3a5a19061209e40659c,持卡人消费,九食堂商务网关,-2.5,42.20,5063,正常
2016/04/24 17:06:12,cef483c25757ec02ffcb1e80221d046a987a396d,1411f5f3b0b87bc1b28bb3a5a19061209e40659c,持卡人消费,九食堂商务网关,-2.0,40.20,5064,正常
2016/04/24 21:33:11,cef483c25757ec02ffcb1e80221d046a987a396d,1411f5f3b0b87bc1b28bb3a5a19061209e40659c,持卡人消费,学子便利店B07,-6.3,33.90,5065,正常
2016/04/25 11:22:51,cef483c25757ec02ffcb1e80221d046a987a396d,1411f5f3b0b87bc1b28bb3a5a19061209e40659c,持卡人消费,九食堂商务网关,-2.0,31.90,5066,正常
2016/04/25 11:24:08,cef483c25757ec02ffcb1e80221d046a987a396d,1411f5f3b0b87bc1b28bb3a5a19061209e40659c,持卡人消费,九食堂商务网关,-4.0,27.90,5067,正常
2016/04/25 11:25:29,cef483c25757ec02ffcb1e80221d046a987a396d,1411f5f3b0b87bc1b28bb3a5a19061209e40659c,持卡人消费,九食堂商务网关,-1.0,26.90,5068,正常
2016/04/25 17:24:49,cef483c25757ec02ffcb1e80221d046a987a396d,1411f5f3b0b87bc1b28bb3a5a19061209e40659c,持卡人消费,九食堂商务网关,-9.0,17.90,5069,正常
2016/04/25 17:38:06,cef483c25757ec02ffcb1e80221d046a987a396d,1411f5f3b0b87bc1b28bb3a5a19061209e40659c,持卡人消费,九食堂商务网关,-2.5,15.40,5070,正常
2016/04/26 10:01:27,cef483c25757ec02ffcb1e80221d046a987a396d,1411f5f3b0b87bc1b28bb3a5a19061209e40659c,持卡人消费,学子便利店B07,-2.3,13.10,5071,正常
2016/04/26 11:09:13,cef483c25757ec02ffcb1e80221d046a987a396d,1411f5f3b0b87bc1b28bb3a5a19061209e40659c,持卡人消费,九食堂商务网关,-1.5,11.60,5072,正常
2016/04/26 11:10:30,cef483c25757ec02ffcb1e80221d046a987a396d,1411f5f3b0b87bc1b28bb3a5a19061209e40659c,持卡人消费,九食堂商务网关,-0.4,11.20,5073,正常
2016/04/26 17:49:57,cef483c25757ec02ffcb1e80221d046a987a396d,1411f5f3b0b87bc1b28bb3a5a19061209e40659c,持卡人消费,五食堂商务网关,-3.0,8.20,5074,正常
2016/04/27 10:59:36,cef483c25757ec02ffcb1e80221d046a987a396d,1411f5f3b0b87bc1b28bb3a5a19061209e40659c,存款,现金充值机,50.0,58.20,5075,正常
2016/04/27 11:33:37,cef483c25757ec02ffcb1e80221d046a987a396d,1411f5f3b0b87bc1b28bb3a5a19061209e40659c,持卡人消费,九食堂商务网关,-9.0,49.20,5076,正常
