交易发生时间,学号,姓名,交易类型,子系统名称,交易额,现有余额,次数,状态
2016/04/06 18:06:33,e1738e69e6cb3bfb3dc6072a5e569b6f260f826a,142c4d77792d8660f9bea2889e0ae48bf221eb63,持卡人消费,学士楼商务网关,-2.0,22.98,2626,正常
2016/04/06 18:06:49,e1738e69e6cb3bfb3dc6072a5e569b6f260f826a,142c4d77792d8660f9bea2889e0ae48bf221eb63,持卡人消费,学士楼商务网关,-0.5,22.48,2627,正常
2016/04/06 18:09:24,e1738e69e6cb3bfb3dc6072a5e569b6f260f826a,142c4d77792d8660f9bea2889e0ae48bf221eb63,持卡人消费,学士楼商务网关,-2.0,20.48,2628,正常
2016/04/09 11:21:00,e1738e69e6cb3bfb3dc6072a5e569b6f260f826a,142c4d77792d8660f9bea2889e0ae48bf221eb63,存款,现金充值机,100.0,120.48,2629,正常
2016/04/09 11:45:08,e1738e69e6cb3bfb3dc6072a5e569b6f260f826a,142c4d77792d8660f9bea2889e0ae48bf221eb63,持卡人消费,学苑楼商务网关,-6.0,114.48,2630,正常
2016/04/09 19:25:57,e1738e69e6cb3bfb3dc6072a5e569b6f260f826a,142c4d77792d8660f9bea2889e0ae48bf221eb63,持卡人消费,超市商务子系统,-12.6,101.88,2631,正常
2016/04/14 12:29:11,e1738e69e6cb3bfb3dc6072a5e569b6f260f826a,142c4d77792d8660f9bea2889e0ae48bf221eb63,持卡人消费,15公寓浴池,-0.13,101.75,2633,正常
2016/04/14 12:39:41,e1738e69e6cb3bfb3dc6072a5e569b6f260f826a,142c4d77792d8660f9bea2889e0ae48bf221eb63,持卡人消费,15公寓浴池,-2.0,99.75,2634,正常
2016/04/14 12:46:15,e1738e69e6cb3bfb3dc6072a5e569b6f260f826a,142c4d77792d8660f9bea2889e0ae48bf221eb63,持卡人消费,15公寓浴池,-1.25,98.50,2636,正常
2016/04/14 12:53:22,e1738e69e6cb3bfb3dc6072a5e569b6f260f826a,142c4d77792d8660f9bea2889e0ae48bf221eb63,持卡人消费,15公寓浴池,-0.91,97.59,2638,正常
2016/04/14 20:01:22,e1738e69e6cb3bfb3dc6072a5e569b6f260f826a,142c4d77792d8660f9bea2889e0ae48bf221eb63,持卡人消费,超市商务子系统,-45.4,52.19,2639,正常
2016/04/18 11:07:41,e1738e69e6cb3bfb3dc6072a5e569b6f260f826a,142c4d77792d8660f9bea2889e0ae48bf221eb63,持卡人消费,学苑楼商务网关,-8.0,44.19,2640,正常
2016/04/18 18:49:51,e1738e69e6cb3bfb3dc6072a5e569b6f260f826a,142c4d77792d8660f9bea2889e0ae48bf221eb63,持卡人消费,超市商务子系统,-10.6,33.59,2641,正常
2016/04/20 10:02:10,e1738e69e6cb3bfb3dc6072a5e569b6f260f826a,142c4d77792d8660f9bea2889e0ae48bf221eb63,持卡人消费,超市商务子系统,-2.1,31.49,2642,正常
2016/04/20 21:53:51,e1738e69e6cb3bfb3dc6072a5e569b6f260f826a,142c4d77792d8660f9bea2889e0ae48bf221eb63,持卡人消费,A15,-3.0,28.49,2643,正常
2016/04/25 18:06:52,e1738e69e6cb3bfb3dc6072a5e569b6f260f826a,142c4d77792d8660f9bea2889e0ae48bf221eb63,持卡人消费,超市商务子系统,-2.3,26.19,2644,正常
2016/04/30 12:38:13,e1738e69e6cb3bfb3dc6072a5e569b6f260f826a,142c4d77792d8660f9bea2889e0ae48bf221eb63,持卡人消费,15公寓浴池,-2.0,24.19,2645,正常
2016/04/30 12:48:41,e1738e69e6cb3bfb3dc6072a5e569b6f260f826a,142c4d77792d8660f9bea2889e0ae48bf221eb63,持卡人消费,15公寓浴池,-2.0,22.19,2646,正常
2016/04/30 12:54:13,e1738e69e6cb3bfb3dc6072a5e569b6f260f826a,142c4d77792d8660f9bea2889e0ae48bf221eb63,持卡人消费,15公寓浴池,-0.43,21.76,2648,正常
