交易发生时间,学号,姓名,交易类型,子系统名称,交易额,现有余额,次数,状态
2016/04/01 12:44:45,211d33e0803c70fb7982c36bdd2fcdfdf7c03b28,152580fc1e89205cbdd1c719afa4cba83b03952a,持卡人消费,土木楼水控,-0.05,52.46,4475,正常
2016/04/01 12:57:29,211d33e0803c70fb7982c36bdd2fcdfdf7c03b28,152580fc1e89205cbdd1c719afa4cba83b03952a,持卡人消费,土木楼水控,-2.5,49.96,4477,正常
2016/04/02 17:37:15,211d33e0803c70fb7982c36bdd2fcdfdf7c03b28,152580fc1e89205cbdd1c719afa4cba83b03952a,持卡人消费,学子超市A05,-3.5,46.46,4478,正常
2016/04/03 16:52:41,211d33e0803c70fb7982c36bdd2fcdfdf7c03b28,152580fc1e89205cbdd1c719afa4cba83b03952a,持卡人消费,学子超市A05,-3.0,43.46,4479,正常
2016/04/04 11:13:04,211d33e0803c70fb7982c36bdd2fcdfdf7c03b28,152580fc1e89205cbdd1c719afa4cba83b03952a,存款,现金充值机,100.0,143.46,4480,正常
2016/04/04 11:27:49,211d33e0803c70fb7982c36bdd2fcdfdf7c03b28,152580fc1e89205cbdd1c719afa4cba83b03952a,持卡人消费,土木楼网关,-8.8,134.66,4481,正常
2016/04/04 11:54:18,211d33e0803c70fb7982c36bdd2fcdfdf7c03b28,152580fc1e89205cbdd1c719afa4cba83b03952a,持卡人消费,土木楼网关,-6.0,128.66,4482,正常
2016/04/05 11:12:16,211d33e0803c70fb7982c36bdd2fcdfdf7c03b28,152580fc1e89205cbdd1c719afa4cba83b03952a,持卡人消费,土木楼网关,-5.9,122.76,4483,正常
2016/04/06 12:23:28,211d33e0803c70fb7982c36bdd2fcdfdf7c03b28,152580fc1e89205cbdd1c719afa4cba83b03952a,持卡人消费,土木楼网关,-5.4,117.36,4484,正常
2016/04/07 11:16:05,211d33e0803c70fb7982c36bdd2fcdfdf7c03b28,152580fc1e89205cbdd1c719afa4cba83b03952a,持卡人消费,土木楼网关,-8.8,108.56,4485,正常
2016/04/07 16:14:42,211d33e0803c70fb7982c36bdd2fcdfdf7c03b28,152580fc1e89205cbdd1c719afa4cba83b03952a,持卡人消费,土木楼水控,-0.05,105.51,4488,正常
2016/04/07 16:30:58,211d33e0803c70fb7982c36bdd2fcdfdf7c03b28,152580fc1e89205cbdd1c719afa4cba83b03952a,持卡人消费,学子超市A05,-1.6,103.91,4489,正常
2016/04/07 16:31:31,211d33e0803c70fb7982c36bdd2fcdfdf7c03b28,152580fc1e89205cbdd1c719afa4cba83b03952a,持卡人消费,学子超市A05,-10.6,93.31,4490,正常
2016/04/10 17:52:59,211d33e0803c70fb7982c36bdd2fcdfdf7c03b28,152580fc1e89205cbdd1c719afa4cba83b03952a,持卡人消费,土木楼网关,-8.8,84.51,4491,正常
2016/04/10 17:57:57,211d33e0803c70fb7982c36bdd2fcdfdf7c03b28,152580fc1e89205cbdd1c719afa4cba83b03952a,持卡人消费,土木楼网关,-0.6,83.91,4492,正常
2016/04/10 18:39:33,211d33e0803c70fb7982c36bdd2fcdfdf7c03b28,152580fc1e89205cbdd1c719afa4cba83b03952a,持卡人消费,土木楼水控,-2.48,81.43,4494,正常
2016/04/10 18:43:01,211d33e0803c70fb7982c36bdd2fcdfdf7c03b28,152580fc1e89205cbdd1c719afa4cba83b03952a,持卡人消费,土木楼水控,-0.02,81.41,4496,正常
2016/04/10 19:12:04,211d33e0803c70fb7982c36bdd2fcdfdf7c03b28,152580fc1e89205cbdd1c719afa4cba83b03952a,持卡人消费,学子超市A05,-3.0,78.41,4497,正常
2016/04/10 19:12:52,211d33e0803c70fb7982c36bdd2fcdfdf7c03b28,152580fc1e89205cbdd1c719afa4cba83b03952a,持卡人消费,学子超市A05,-5.2,73.21,4498,正常
2016/04/12 11:20:30,211d33e0803c70fb7982c36bdd2fcdfdf7c03b28,152580fc1e89205cbdd1c719afa4cba83b03952a,持卡人消费,土木楼网关,-8.0,65.21,4499,正常
2016/04/13 12:06:35,211d33e0803c70fb7982c36bdd2fcdfdf7c03b28,152580fc1e89205cbdd1c719afa4cba83b03952a,持卡人消费,学子超市A05,-13.5,51.71,4500,正常
2016/04/14 19:36:26,211d33e0803c70fb7982c36bdd2fcdfdf7c03b28,152580fc1e89205cbdd1c719afa4cba83b03952a,持卡人消费,土木楼水控,-2.01,49.70,4502,正常
2016/04/14 19:39:22,211d33e0803c70fb7982c36bdd2fcdfdf7c03b28,152580fc1e89205cbdd1c719afa4cba83b03952a,持卡人消费,土木楼水控,-0.1,49.60,4504,正常
2016/04/14 19:41:40,211d33e0803c70fb7982c36bdd2fcdfdf7c03b28,152580fc1e89205cbdd1c719afa4cba83b03952a,持卡人消费,土木楼水控,-0.02,49.58,4506,正常
2016/04/15 14:14:10,211d33e0803c70fb7982c36bdd2fcdfdf7c03b28,152580fc1e89205cbdd1c719afa4cba83b03952a,持卡人消费,A5,-3.0,46.58,4507,正常
2016/04/16 11:22:49,211d33e0803c70fb7982c36bdd2fcdfdf7c03b28,152580fc1e89205cbdd1c719afa4cba83b03952a,持卡人消费,学子超市A05,-5.7,40.88,4508,正常
2016/04/17 15:42:00,211d33e0803c70fb7982c36bdd2fcdfdf7c03b28,152580fc1e89205cbdd1c719afa4cba83b03952a,持卡人消费,土木楼水控,-2.6,38.28,4510,正常
2016/04/18 12:03:44,211d33e0803c70fb7982c36bdd2fcdfdf7c03b28,152580fc1e89205cbdd1c719afa4cba83b03952a,持卡人消费,土木楼网关,-8.8,29.48,4511,正常
2016/04/18 12:24:37,211d33e0803c70fb7982c36bdd2fcdfdf7c03b28,152580fc1e89205cbdd1c719afa4cba83b03952a,持卡人消费,学子超市A05,-22.2,7.28,4512,正常
2016/04/22 19:58:36,211d33e0803c70fb7982c36bdd2fcdfdf7c03b28,152580fc1e89205cbdd1c719afa4cba83b03952a,持卡人消费,土木楼水控,-2.24,5.04,4514,正常
2016/04/25 10:45:34,211d33e0803c70fb7982c36bdd2fcdfdf7c03b28,152580fc1e89205cbdd1c719afa4cba83b03952a,存款,现金充值机,20.0,25.04,4515,正常
2016/04/25 11:04:21,211d33e0803c70fb7982c36bdd2fcdfdf7c03b28,152580fc1e89205cbdd1c719afa4cba83b03952a,持卡人消费,土木楼网关,-8.8,16.24,4516,正常
2016/04/25 17:34:32,211d33e0803c70fb7982c36bdd2fcdfdf7c03b28,152580fc1e89205cbdd1c719afa4cba83b03952a,持卡人消费,土木楼网关,-8.8,7.44,4517,正常
2016/04/26 12:50:16,211d33e0803c70fb7982c36bdd2fcdfdf7c03b28,152580fc1e89205cbdd1c719afa4cba83b03952a,持卡人消费,土木楼水控,-0.02,7.42,4519,正常
2016/04/26 12:54:07,211d33e0803c70fb7982c36bdd2fcdfdf7c03b28,152580fc1e89205cbdd1c719afa4cba83b03952a,持卡人消费,土木楼水控,-0.75,6.67,4521,正常
2016/04/26 12:54:16,211d33e0803c70fb7982c36bdd2fcdfdf7c03b28,152580fc1e89205cbdd1c719afa4cba83b03952a,持卡人消费,土木楼水控,-0.02,6.65,4523,正常
2016/04/26 13:04:33,211d33e0803c70fb7982c36bdd2fcdfdf7c03b28,152580fc1e89205cbdd1c719afa4cba83b03952a,持卡人消费,土木楼水控,-2.09,4.56,4524,正常
2016/04/29 07:27:53,211d33e0803c70fb7982c36bdd2fcdfdf7c03b28,152580fc1e89205cbdd1c719afa4cba83b03952a,持卡人消费,学子超市A05,-1.9,2.66,4525,正常
