交易发生时间,学号,姓名,交易类型,子系统名称,交易额,现有余额,次数,状态
2016/04/03 16:24:53,e7134a36e8680e827feec9db30cbb71ab4241bd0,153fa4c63cf200a30992d3f1ed629d1d3d60f2f7,存款,现金充值机,150.0,152.41,4114,正常
2016/04/03 18:31:55,e7134a36e8680e827feec9db30cbb71ab4241bd0,153fa4c63cf200a30992d3f1ed629d1d3d60f2f7,持卡人消费,超市商务子系统,-25.0,127.41,4115,正常
2016/04/04 11:41:06,e7134a36e8680e827feec9db30cbb71ab4241bd0,153fa4c63cf200a30992d3f1ed629d1d3d60f2f7,持卡人消费,学子便利店A01后楼,-3.9,123.51,4116,正常
2016/04/04 21:28:14,e7134a36e8680e827feec9db30cbb71ab4241bd0,153fa4c63cf200a30992d3f1ed629d1d3d60f2f7,持卡人消费,学子便利店A01后楼,-1.2,122.31,4117,正常
2016/04/05 08:50:22,e7134a36e8680e827feec9db30cbb71ab4241bd0,153fa4c63cf200a30992d3f1ed629d1d3d60f2f7,持卡人消费,学子便利店A01后楼,-6.0,116.31,4118,正常
2016/04/05 09:01:34,e7134a36e8680e827feec9db30cbb71ab4241bd0,153fa4c63cf200a30992d3f1ed629d1d3d60f2f7,持卡人消费,游泳馆,-6.0,110.31,4119,正常
2016/04/05 10:44:46,e7134a36e8680e827feec9db30cbb71ab4241bd0,153fa4c63cf200a30992d3f1ed629d1d3d60f2f7,持卡人消费,学子超市园丁总店,-7.5,102.81,4120,正常
2016/04/05 10:51:57,e7134a36e8680e827feec9db30cbb71ab4241bd0,153fa4c63cf200a30992d3f1ed629d1d3d60f2f7,持卡人消费,学子便利店A01后楼,-2.0,100.81,4121,正常
2016/04/05 14:19:04,e7134a36e8680e827feec9db30cbb71ab4241bd0,153fa4c63cf200a30992d3f1ed629d1d3d60f2f7,持卡人消费,一区图书馆APOS,-0.3,100.51,4122,正常
2016/04/05 19:01:53,e7134a36e8680e827feec9db30cbb71ab4241bd0,153fa4c63cf200a30992d3f1ed629d1d3d60f2f7,持卡人消费,游泳馆,-6.0,94.51,4123,正常
2016/04/06 09:00:31,e7134a36e8680e827feec9db30cbb71ab4241bd0,153fa4c63cf200a30992d3f1ed629d1d3d60f2f7,持卡人消费,学士楼商务网关,-1.2,93.31,4124,正常
2016/04/06 09:01:03,e7134a36e8680e827feec9db30cbb71ab4241bd0,153fa4c63cf200a30992d3f1ed629d1d3d60f2f7,持卡人消费,学士楼商务网关,-1.5,91.81,4125,正常
2016/04/06 09:01:11,e7134a36e8680e827feec9db30cbb71ab4241bd0,153fa4c63cf200a30992d3f1ed629d1d3d60f2f7,持卡人消费,学士楼商务网关,-1.2,90.61,4126,正常
2016/04/06 09:35:55,e7134a36e8680e827feec9db30cbb71ab4241bd0,153fa4c63cf200a30992d3f1ed629d1d3d60f2f7,持卡人消费,游泳馆,-12.0,78.61,4127,正常
2016/04/07 14:59:04,e7134a36e8680e827feec9db30cbb71ab4241bd0,153fa4c63cf200a30992d3f1ed629d1d3d60f2f7,持卡人消费,游泳馆,-6.0,72.61,4128,正常
2016/04/07 18:17:17,e7134a36e8680e827feec9db30cbb71ab4241bd0,153fa4c63cf200a30992d3f1ed629d1d3d60f2f7,持卡人消费,学子便利店A01后楼,-1.5,71.11,4129,正常
2016/04/08 08:46:49,e7134a36e8680e827feec9db30cbb71ab4241bd0,153fa4c63cf200a30992d3f1ed629d1d3d60f2f7,持卡人消费,学士楼商务网关,-2.0,69.11,4130,正常
2016/04/08 09:08:07,e7134a36e8680e827feec9db30cbb71ab4241bd0,153fa4c63cf200a30992d3f1ed629d1d3d60f2f7,持卡人消费,游泳馆,-6.0,63.11,4131,正常
2016/04/09 13:11:53,e7134a36e8680e827feec9db30cbb71ab4241bd0,153fa4c63cf200a30992d3f1ed629d1d3d60f2f7,持卡人消费,学子超市园丁总店,-7.5,55.61,4132,正常
2016/04/10 11:46:41,e7134a36e8680e827feec9db30cbb71ab4241bd0,153fa4c63cf200a30992d3f1ed629d1d3d60f2f7,持卡人消费,学子便利店A01后楼,-11.0,44.61,4133,正常
2016/04/11 12:30:21,e7134a36e8680e827feec9db30cbb71ab4241bd0,153fa4c63cf200a30992d3f1ed629d1d3d60f2f7,持卡人消费,学子超市园丁总店,-10.0,34.61,4134,正常
2016/04/11 21:16:32,e7134a36e8680e827feec9db30cbb71ab4241bd0,153fa4c63cf200a30992d3f1ed629d1d3d60f2f7,持卡人消费,学子便利店A01后楼,-5.8,28.81,4135,正常
2016/04/12 09:07:51,e7134a36e8680e827feec9db30cbb71ab4241bd0,153fa4c63cf200a30992d3f1ed629d1d3d60f2f7,持卡人消费,学子便利店A01后楼,-3.3,25.51,4136,正常
2016/04/12 11:27:00,e7134a36e8680e827feec9db30cbb71ab4241bd0,153fa4c63cf200a30992d3f1ed629d1d3d60f2f7,持卡人消费,学子便利店A01后楼,-2.6,22.91,4137,正常
2016/04/12 19:05:21,e7134a36e8680e827feec9db30cbb71ab4241bd0,153fa4c63cf200a30992d3f1ed629d1d3d60f2f7,持卡人消费,游泳馆,-6.0,16.91,4138,正常
2016/04/13 06:58:30,e7134a36e8680e827feec9db30cbb71ab4241bd0,153fa4c63cf200a30992d3f1ed629d1d3d60f2f7,持卡人消费,学子便利店A01后楼,-1.2,15.71,4139,正常
2016/04/13 18:42:46,e7134a36e8680e827feec9db30cbb71ab4241bd0,153fa4c63cf200a30992d3f1ed629d1d3d60f2f7,持卡人消费,学子超市园丁总店,-0.2,15.51,4140,正常
2016/04/16 21:00:30,e7134a36e8680e827feec9db30cbb71ab4241bd0,153fa4c63cf200a30992d3f1ed629d1d3d60f2f7,持卡人消费,超市商务子系统,-4.9,10.61,4141,正常
2016/04/16 21:29:06,e7134a36e8680e827feec9db30cbb71ab4241bd0,153fa4c63cf200a30992d3f1ed629d1d3d60f2f7,持卡人消费,学子便利店A01后楼,-2.7,7.91,4142,正常
2016/04/18 19:32:20,e7134a36e8680e827feec9db30cbb71ab4241bd0,153fa4c63cf200a30992d3f1ed629d1d3d60f2f7,持卡人消费,学子超市园丁总店,-0.5,7.41,4143,正常
2016/04/20 14:21:57,e7134a36e8680e827feec9db30cbb71ab4241bd0,153fa4c63cf200a30992d3f1ed629d1d3d60f2f7,持卡人消费,学子便利店A01后楼,-0.4,7.01,4144,正常
2016/04/21 08:15:13,e7134a36e8680e827feec9db30cbb71ab4241bd0,153fa4c63cf200a30992d3f1ed629d1d3d60f2f7,持卡人消费,学子便利店A01后楼,-0.7,6.31,4145,正常
2016/04/21 18:33:40,e7134a36e8680e827feec9db30cbb71ab4241bd0,153fa4c63cf200a30992d3f1ed629d1d3d60f2f7,持卡人消费,学子超市园丁总店,-0.5,5.81,4146,正常
2016/04/24 09:38:41,e7134a36e8680e827feec9db30cbb71ab4241bd0,153fa4c63cf200a30992d3f1ed629d1d3d60f2f7,持卡人消费,学子便利店A01后楼,-3.7,2.11,4147,正常
2016/04/25 08:51:21,e7134a36e8680e827feec9db30cbb71ab4241bd0,153fa4c63cf200a30992d3f1ed629d1d3d60f2f7,持卡人消费,学子便利店A01后楼,-1.2,0.91,4148,正常
2016/04/27 08:46:09,e7134a36e8680e827feec9db30cbb71ab4241bd0,153fa4c63cf200a30992d3f1ed629d1d3d60f2f7,持卡人消费,学子便利店A01后楼,-0.8,0.11,4149,正常
