交易发生时间,学号,姓名,交易类型,子系统名称,交易额,现有余额,次数,状态
2016/04/01 11:53:52,fda9fce8bdfa6a57e12a2180205d240871db9050,1563b2dac292ee0d17af9a6360773da7033b7867,持卡人消费,五食堂商务网关,-6.0,28.39,5951,正常
2016/04/01 16:18:08,fda9fce8bdfa6a57e12a2180205d240871db9050,1563b2dac292ee0d17af9a6360773da7033b7867,持卡人消费,学子便利店B07,-5.3,23.09,5952,正常
2016/04/01 16:23:00,fda9fce8bdfa6a57e12a2180205d240871db9050,1563b2dac292ee0d17af9a6360773da7033b7867,持卡人消费,学子便利店B07,-1.5,21.59,5953,正常
2016/04/01 17:20:36,fda9fce8bdfa6a57e12a2180205d240871db9050,1563b2dac292ee0d17af9a6360773da7033b7867,持卡人消费,九食堂商务网关,-12.0,9.59,5954,正常
2016/04/02 10:28:52,fda9fce8bdfa6a57e12a2180205d240871db9050,1563b2dac292ee0d17af9a6360773da7033b7867,持卡人消费,学子便利店B07,-7.0,2.59,5955,正常
2016/04/03 10:43:25,fda9fce8bdfa6a57e12a2180205d240871db9050,1563b2dac292ee0d17af9a6360773da7033b7867,持卡人消费,学子便利店B07,-1.5,1.09,5956,正常
2016/04/03 11:23:17,fda9fce8bdfa6a57e12a2180205d240871db9050,1563b2dac292ee0d17af9a6360773da7033b7867,存款,现金充值机,200.0,201.09,5957,正常
2016/04/03 11:24:12,fda9fce8bdfa6a57e12a2180205d240871db9050,1563b2dac292ee0d17af9a6360773da7033b7867,持卡人消费,五食堂商务网关,-5.0,196.09,5958,正常
2016/04/03 15:34:03,fda9fce8bdfa6a57e12a2180205d240871db9050,1563b2dac292ee0d17af9a6360773da7033b7867,持卡人消费,二区水控,-3.0,193.09,5959,正常
2016/04/03 15:41:05,fda9fce8bdfa6a57e12a2180205d240871db9050,1563b2dac292ee0d17af9a6360773da7033b7867,持卡人消费,二区水控,-1.34,191.75,5961,正常
2016/04/03 17:03:22,fda9fce8bdfa6a57e12a2180205d240871db9050,1563b2dac292ee0d17af9a6360773da7033b7867,持卡人消费,四食堂商务网关,-7.0,184.75,5962,正常
2016/04/04 09:31:51,fda9fce8bdfa6a57e12a2180205d240871db9050,1563b2dac292ee0d17af9a6360773da7033b7867,持卡人消费,学子便利店B07,-2.7,182.05,5963,正常
2016/04/04 11:28:46,fda9fce8bdfa6a57e12a2180205d240871db9050,1563b2dac292ee0d17af9a6360773da7033b7867,持卡人消费,四食堂商务网关,-6.0,176.05,5964,正常
2016/04/04 17:38:34,fda9fce8bdfa6a57e12a2180205d240871db9050,1563b2dac292ee0d17af9a6360773da7033b7867,持卡人消费,九食堂商务网关,-3.8,172.25,5965,正常
2016/04/04 17:39:08,fda9fce8bdfa6a57e12a2180205d240871db9050,1563b2dac292ee0d17af9a6360773da7033b7867,持卡人消费,九食堂商务网关,-0.5,171.75,5966,正常
2016/04/04 17:54:30,fda9fce8bdfa6a57e12a2180205d240871db9050,1563b2dac292ee0d17af9a6360773da7033b7867,持卡人消费,学子便利店B07,-1.5,170.25,5967,正常
2016/04/05 09:17:25,fda9fce8bdfa6a57e12a2180205d240871db9050,1563b2dac292ee0d17af9a6360773da7033b7867,持卡人消费,学子便利店B07,-9.7,160.55,5968,正常
2016/04/05 11:40:35,fda9fce8bdfa6a57e12a2180205d240871db9050,1563b2dac292ee0d17af9a6360773da7033b7867,持卡人消费,四食堂商务网关,-0.4,160.15,5969,正常
2016/04/05 11:40:55,fda9fce8bdfa6a57e12a2180205d240871db9050,1563b2dac292ee0d17af9a6360773da7033b7867,持卡人消费,四食堂商务网关,-11.93,148.22,5970,正常
2016/04/05 16:40:21,fda9fce8bdfa6a57e12a2180205d240871db9050,1563b2dac292ee0d17af9a6360773da7033b7867,持卡人消费,九食堂商务网关,-12.0,136.22,5971,正常
2016/04/05 17:00:43,fda9fce8bdfa6a57e12a2180205d240871db9050,1563b2dac292ee0d17af9a6360773da7033b7867,持卡人消费,九食堂商务网关,-8.0,128.22,5972,正常
2016/04/05 20:42:26,fda9fce8bdfa6a57e12a2180205d240871db9050,1563b2dac292ee0d17af9a6360773da7033b7867,持卡人消费,学子便利店B07,-5.3,122.92,5973,正常
2016/04/06 09:18:58,fda9fce8bdfa6a57e12a2180205d240871db9050,1563b2dac292ee0d17af9a6360773da7033b7867,持卡人消费,学子便利店B07,-2.7,120.22,5974,正常
2016/04/06 11:57:36,fda9fce8bdfa6a57e12a2180205d240871db9050,1563b2dac292ee0d17af9a6360773da7033b7867,持卡人消费,五食堂商务网关,-6.0,114.22,5975,正常
2016/04/06 12:15:35,fda9fce8bdfa6a57e12a2180205d240871db9050,1563b2dac292ee0d17af9a6360773da7033b7867,持卡人消费,学子便利店B07,-1.5,112.72,5976,正常
2016/04/06 16:50:20,fda9fce8bdfa6a57e12a2180205d240871db9050,1563b2dac292ee0d17af9a6360773da7033b7867,持卡人消费,二区水控,-3.0,109.72,5977,正常
2016/04/06 16:53:27,fda9fce8bdfa6a57e12a2180205d240871db9050,1563b2dac292ee0d17af9a6360773da7033b7867,持卡人消费,二区水控,-0.56,109.16,5978,正常
2016/04/06 17:35:13,fda9fce8bdfa6a57e12a2180205d240871db9050,1563b2dac292ee0d17af9a6360773da7033b7867,持卡人消费,四食堂商务网关,-0.4,108.76,5979,正常
2016/04/06 17:35:29,fda9fce8bdfa6a57e12a2180205d240871db9050,1563b2dac292ee0d17af9a6360773da7033b7867,持卡人消费,四食堂商务网关,-11.95,96.81,5980,正常
2016/04/07 09:11:13,fda9fce8bdfa6a57e12a2180205d240871db9050,1563b2dac292ee0d17af9a6360773da7033b7867,持卡人消费,学子便利店B07,-14.7,82.11,5981,正常
2016/04/07 11:45:02,fda9fce8bdfa6a57e12a2180205d240871db9050,1563b2dac292ee0d17af9a6360773da7033b7867,持卡人消费,四食堂商务网关,-0.4,81.71,5982,正常
2016/04/07 11:45:40,fda9fce8bdfa6a57e12a2180205d240871db9050,1563b2dac292ee0d17af9a6360773da7033b7867,持卡人消费,四食堂商务网关,-13.27,68.44,5983,正常
2016/04/07 12:03:06,fda9fce8bdfa6a57e12a2180205d240871db9050,1563b2dac292ee0d17af9a6360773da7033b7867,持卡人消费,四食堂商务网关,-13.0,55.44,5984,正常
2016/04/07 18:31:48,fda9fce8bdfa6a57e12a2180205d240871db9050,1563b2dac292ee0d17af9a6360773da7033b7867,持卡人消费,四食堂商务网关,-9.6,45.84,5985,正常
2016/04/07 20:37:53,fda9fce8bdfa6a57e12a2180205d240871db9050,1563b2dac292ee0d17af9a6360773da7033b7867,持卡人消费,学子便利店B07,-1.5,44.34,5986,正常
2016/04/08 07:39:43,fda9fce8bdfa6a57e12a2180205d240871db9050,1563b2dac292ee0d17af9a6360773da7033b7867,持卡人消费,学子便利店B07,-2.7,41.64,5987,正常
2016/04/08 07:46:49,fda9fce8bdfa6a57e12a2180205d240871db9050,1563b2dac292ee0d17af9a6360773da7033b7867,持卡人消费,五食堂商务网关,-3.1,38.54,5988,正常
2016/04/08 11:57:02,fda9fce8bdfa6a57e12a2180205d240871db9050,1563b2dac292ee0d17af9a6360773da7033b7867,持卡人消费,四食堂商务网关,-0.4,38.14,5989,正常
2016/04/08 11:57:43,fda9fce8bdfa6a57e12a2180205d240871db9050,1563b2dac292ee0d17af9a6360773da7033b7867,持卡人消费,四食堂商务网关,-9.67,28.47,5990,正常
2016/04/08 15:12:55,fda9fce8bdfa6a57e12a2180205d240871db9050,1563b2dac292ee0d17af9a6360773da7033b7867,持卡人消费,二区水控,-3.0,25.47,5991,正常
2016/04/08 15:18:17,fda9fce8bdfa6a57e12a2180205d240871db9050,1563b2dac292ee0d17af9a6360773da7033b7867,持卡人消费,二区水控,-1.02,24.45,5993,正常
2016/04/08 16:31:44,fda9fce8bdfa6a57e12a2180205d240871db9050,1563b2dac292ee0d17af9a6360773da7033b7867,持卡人消费,学子便利店B07,-3.4,21.05,5994,正常
2016/04/08 17:06:52,fda9fce8bdfa6a57e12a2180205d240871db9050,1563b2dac292ee0d17af9a6360773da7033b7867,持卡人消费,九食堂商务网关,-12.0,9.05,5995,正常
2016/04/09 08:02:35,fda9fce8bdfa6a57e12a2180205d240871db9050,1563b2dac292ee0d17af9a6360773da7033b7867,持卡人消费,五食堂商务网关,-4.1,4.95,5996,正常
2016/04/09 16:41:51,fda9fce8bdfa6a57e12a2180205d240871db9050,1563b2dac292ee0d17af9a6360773da7033b7867,持卡人消费,学子便利店B07,-0.3,4.65,5997,正常
2016/04/09 22:00:59,fda9fce8bdfa6a57e12a2180205d240871db9050,1563b2dac292ee0d17af9a6360773da7033b7867,持卡人消费,学子便利店B07,-1.5,3.15,5998,正常
2016/04/10 07:28:18,fda9fce8bdfa6a57e12a2180205d240871db9050,1563b2dac292ee0d17af9a6360773da7033b7867,存款,现金充值机,100.0,103.15,5999,正常
2016/04/10 07:28:50,fda9fce8bdfa6a57e12a2180205d240871db9050,1563b2dac292ee0d17af9a6360773da7033b7867,持卡人消费,五食堂商务网关,-3.6,99.55,6000,正常
2016/04/10 11:31:45,fda9fce8bdfa6a57e12a2180205d240871db9050,1563b2dac292ee0d17af9a6360773da7033b7867,持卡人消费,四食堂商务网关,-0.4,99.15,6001,正常
2016/04/10 11:32:00,fda9fce8bdfa6a57e12a2180205d240871db9050,1563b2dac292ee0d17af9a6360773da7033b7867,持卡人消费,四食堂商务网关,-9.14,90.01,6002,正常
2016/04/10 16:12:42,fda9fce8bdfa6a57e12a2180205d240871db9050,1563b2dac292ee0d17af9a6360773da7033b7867,持卡人消费,第三方对接子系统,-0.6,89.41,6003,正常
2016/04/10 16:47:32,fda9fce8bdfa6a57e12a2180205d240871db9050,1563b2dac292ee0d17af9a6360773da7033b7867,持卡人消费,二区水控,-3.0,86.41,6004,正常
2016/04/10 16:55:08,fda9fce8bdfa6a57e12a2180205d240871db9050,1563b2dac292ee0d17af9a6360773da7033b7867,持卡人消费,二区水控,-1.44,84.97,6006,正常
2016/04/10 17:10:40,fda9fce8bdfa6a57e12a2180205d240871db9050,1563b2dac292ee0d17af9a6360773da7033b7867,持卡人消费,学子便利店B07,-2.4,82.57,6007,正常
2016/04/10 17:42:22,fda9fce8bdfa6a57e12a2180205d240871db9050,1563b2dac292ee0d17af9a6360773da7033b7867,持卡人消费,九食堂商务网关,-9.0,73.57,6008,正常
2016/04/11 08:53:16,fda9fce8bdfa6a57e12a2180205d240871db9050,1563b2dac292ee0d17af9a6360773da7033b7867,持卡人消费,学子便利店B07,-9.7,63.87,6009,正常
2016/04/11 11:57:59,fda9fce8bdfa6a57e12a2180205d240871db9050,1563b2dac292ee0d17af9a6360773da7033b7867,持卡人消费,五食堂商务网关,-6.0,57.87,6010,正常
2016/04/11 16:28:04,fda9fce8bdfa6a57e12a2180205d240871db9050,1563b2dac292ee0d17af9a6360773da7033b7867,持卡人消费,二区水控,-3.0,54.87,6011,正常
2016/04/11 16:33:37,fda9fce8bdfa6a57e12a2180205d240871db9050,1563b2dac292ee0d17af9a6360773da7033b7867,持卡人消费,二区水控,-1.02,53.85,6012,正常
2016/04/11 17:08:32,fda9fce8bdfa6a57e12a2180205d240871db9050,1563b2dac292ee0d17af9a6360773da7033b7867,持卡人消费,九食堂商务网关,-13.0,40.85,6013,正常
2016/04/11 17:36:08,fda9fce8bdfa6a57e12a2180205d240871db9050,1563b2dac292ee0d17af9a6360773da7033b7867,持卡人消费,学子便利店B07,-5.3,35.55,6014,正常
2016/04/12 08:03:51,fda9fce8bdfa6a57e12a2180205d240871db9050,1563b2dac292ee0d17af9a6360773da7033b7867,持卡人消费,学子便利店B07,-2.7,32.85,6015,正常
2016/04/12 08:21:35,fda9fce8bdfa6a57e12a2180205d240871db9050,1563b2dac292ee0d17af9a6360773da7033b7867,持卡人消费,学子便利店B07,-1.5,31.35,6016,正常
2016/04/12 11:27:08,fda9fce8bdfa6a57e12a2180205d240871db9050,1563b2dac292ee0d17af9a6360773da7033b7867,持卡人消费,五食堂商务网关,-6.0,25.35,6017,正常
2016/04/12 17:42:08,fda9fce8bdfa6a57e12a2180205d240871db9050,1563b2dac292ee0d17af9a6360773da7033b7867,持卡人消费,学子便利店B07,-2.7,22.65,6018,正常
2016/04/12 18:01:02,fda9fce8bdfa6a57e12a2180205d240871db9050,1563b2dac292ee0d17af9a6360773da7033b7867,持卡人消费,四食堂商务网关,-10.0,12.65,6019,正常
2016/04/12 18:24:20,fda9fce8bdfa6a57e12a2180205d240871db9050,1563b2dac292ee0d17af9a6360773da7033b7867,持卡人消费,学子便利店B07,-1.5,11.15,6020,正常
2016/04/13 08:13:45,fda9fce8bdfa6a57e12a2180205d240871db9050,1563b2dac292ee0d17af9a6360773da7033b7867,持卡人消费,四食堂商务网关,-3.1,8.05,6021,正常
2016/04/13 08:28:34,fda9fce8bdfa6a57e12a2180205d240871db9050,1563b2dac292ee0d17af9a6360773da7033b7867,持卡人消费,学子便利店B07,-2.7,5.35,6022,正常
2016/04/13 12:13:49,fda9fce8bdfa6a57e12a2180205d240871db9050,1563b2dac292ee0d17af9a6360773da7033b7867,存款,现金充值机,100.0,105.35,6023,正常
2016/04/13 12:14:02,fda9fce8bdfa6a57e12a2180205d240871db9050,1563b2dac292ee0d17af9a6360773da7033b7867,持卡人消费,五食堂商务网关,-8.0,97.35,6024,正常
2016/04/13 12:30:45,fda9fce8bdfa6a57e12a2180205d240871db9050,1563b2dac292ee0d17af9a6360773da7033b7867,持卡人消费,学子便利店B07,-5.3,92.05,6025,正常
2016/04/13 14:32:16,fda9fce8bdfa6a57e12a2180205d240871db9050,1563b2dac292ee0d17af9a6360773da7033b7867,持卡人消费,学子便利店B07,-1.5,90.55,6026,正常
2016/04/13 16:01:53,fda9fce8bdfa6a57e12a2180205d240871db9050,1563b2dac292ee0d17af9a6360773da7033b7867,持卡人消费,二区水控,-3.0,87.55,6027,正常
2016/04/13 16:17:44,fda9fce8bdfa6a57e12a2180205d240871db9050,1563b2dac292ee0d17af9a6360773da7033b7867,持卡人消费,二区水控,-3.0,84.55,6028,正常
2016/04/13 19:18:58,fda9fce8bdfa6a57e12a2180205d240871db9050,1563b2dac292ee0d17af9a6360773da7033b7867,持卡人消费,四食堂商务网关,-9.6,74.95,6029,正常
2016/04/14 08:38:02,fda9fce8bdfa6a57e12a2180205d240871db9050,1563b2dac292ee0d17af9a6360773da7033b7867,持卡人消费,学子便利店B07,-15.2,59.75,6030,正常
2016/04/14 16:16:40,fda9fce8bdfa6a57e12a2180205d240871db9050,1563b2dac292ee0d17af9a6360773da7033b7867,持卡人消费,二区水控,-0.19,59.56,6032,正常
2016/04/14 16:40:11,fda9fce8bdfa6a57e12a2180205d240871db9050,1563b2dac292ee0d17af9a6360773da7033b7867,持卡人消费,二区水控,-1.49,55.07,6035,正常
2016/04/14 16:53:15,fda9fce8bdfa6a57e12a2180205d240871db9050,1563b2dac292ee0d17af9a6360773da7033b7867,持卡人消费,学子便利店B07,-5.3,49.77,6036,正常
2016/04/14 18:19:07,fda9fce8bdfa6a57e12a2180205d240871db9050,1563b2dac292ee0d17af9a6360773da7033b7867,持卡人消费,五食堂商务网关,-7.0,42.77,6037,正常
2016/04/14 18:20:15,fda9fce8bdfa6a57e12a2180205d240871db9050,1563b2dac292ee0d17af9a6360773da7033b7867,持卡人消费,五食堂商务网关,-1.0,41.77,6038,正常
2016/04/14 18:37:07,fda9fce8bdfa6a57e12a2180205d240871db9050,1563b2dac292ee0d17af9a6360773da7033b7867,持卡人消费,学子便利店B07,-1.5,40.27,6039,正常
2016/04/15 08:31:33,fda9fce8bdfa6a57e12a2180205d240871db9050,1563b2dac292ee0d17af9a6360773da7033b7867,持卡人消费,学子便利店B07,-9.4,30.87,6040,正常
2016/04/15 11:26:16,fda9fce8bdfa6a57e12a2180205d240871db9050,1563b2dac292ee0d17af9a6360773da7033b7867,持卡人消费,五食堂商务网关,-8.0,22.87,6041,正常
2016/04/15 11:26:18,fda9fce8bdfa6a57e12a2180205d240871db9050,1563b2dac292ee0d17af9a6360773da7033b7867,持卡人消费,五食堂商务网关,-0.5,22.37,6042,正常
2016/04/15 15:49:34,fda9fce8bdfa6a57e12a2180205d240871db9050,1563b2dac292ee0d17af9a6360773da7033b7867,持卡人消费,二区水控,-3.0,19.37,6043,正常
2016/04/15 15:59:37,fda9fce8bdfa6a57e12a2180205d240871db9050,1563b2dac292ee0d17af9a6360773da7033b7867,持卡人消费,二区水控,-1.92,17.45,6045,正常
2016/04/15 17:22:41,fda9fce8bdfa6a57e12a2180205d240871db9050,1563b2dac292ee0d17af9a6360773da7033b7867,持卡人消费,四食堂商务网关,-0.2,17.25,6046,正常
2016/04/15 17:23:04,fda9fce8bdfa6a57e12a2180205d240871db9050,1563b2dac292ee0d17af9a6360773da7033b7867,持卡人消费,四食堂商务网关,-9.7,7.55,6047,正常
2016/04/15 21:35:22,fda9fce8bdfa6a57e12a2180205d240871db9050,1563b2dac292ee0d17af9a6360773da7033b7867,持卡人消费,学子便利店B07,-3.4,4.15,6048,正常
2016/04/16 09:50:49,fda9fce8bdfa6a57e12a2180205d240871db9050,1563b2dac292ee0d17af9a6360773da7033b7867,持卡人消费,学子便利店B07,-0.7,3.45,6049,正常
2016/04/16 11:40:48,fda9fce8bdfa6a57e12a2180205d240871db9050,1563b2dac292ee0d17af9a6360773da7033b7867,存款,现金充值机,200.0,203.45,6050,正常
2016/04/16 11:41:47,fda9fce8bdfa6a57e12a2180205d240871db9050,1563b2dac292ee0d17af9a6360773da7033b7867,持卡人消费,五食堂商务网关,-8.5,194.95,6051,正常
2016/04/16 11:56:17,fda9fce8bdfa6a57e12a2180205d240871db9050,1563b2dac292ee0d17af9a6360773da7033b7867,持卡人消费,网络中心,-30.0,164.95,6052,正常
2016/04/16 12:02:50,fda9fce8bdfa6a57e12a2180205d240871db9050,1563b2dac292ee0d17af9a6360773da7033b7867,持卡人消费,学子便利店B07,-1.5,163.45,6053,正常
2016/04/16 20:03:02,fda9fce8bdfa6a57e12a2180205d240871db9050,1563b2dac292ee0d17af9a6360773da7033b7867,持卡人消费,学子便利店B07,-6.8,156.65,6054,正常
2016/04/17 11:29:04,fda9fce8bdfa6a57e12a2180205d240871db9050,1563b2dac292ee0d17af9a6360773da7033b7867,持卡人消费,九食堂商务网关,-9.0,147.65,6055,正常
2016/04/17 19:28:15,fda9fce8bdfa6a57e12a2180205d240871db9050,1563b2dac292ee0d17af9a6360773da7033b7867,持卡人消费,四食堂商务网关,-7.2,140.45,6056,正常
2016/04/17 20:07:19,fda9fce8bdfa6a57e12a2180205d240871db9050,1563b2dac292ee0d17af9a6360773da7033b7867,持卡人消费,学子便利店B07,-1.5,138.95,6057,正常
2016/04/18 08:34:39,fda9fce8bdfa6a57e12a2180205d240871db9050,1563b2dac292ee0d17af9a6360773da7033b7867,持卡人消费,学子便利店B07,-3.2,135.75,6058,正常
2016/04/18 08:40:17,fda9fce8bdfa6a57e12a2180205d240871db9050,1563b2dac292ee0d17af9a6360773da7033b7867,持卡人消费,学子便利店B07,-5.0,130.75,6059,正常
2016/04/18 12:01:21,fda9fce8bdfa6a57e12a2180205d240871db9050,1563b2dac292ee0d17af9a6360773da7033b7867,持卡人消费,五食堂商务网关,-10.0,120.75,6060,正常
2016/04/19 09:20:26,fda9fce8bdfa6a57e12a2180205d240871db9050,1563b2dac292ee0d17af9a6360773da7033b7867,持卡人消费,学子便利店B07,-14.4,106.35,6061,正常
2016/04/19 11:44:31,fda9fce8bdfa6a57e12a2180205d240871db9050,1563b2dac292ee0d17af9a6360773da7033b7867,持卡人消费,五食堂商务网关,-7.0,99.35,6062,正常
2016/04/19 17:10:05,fda9fce8bdfa6a57e12a2180205d240871db9050,1563b2dac292ee0d17af9a6360773da7033b7867,持卡人消费,二区水控,-3.0,93.35,6064,正常
2016/04/19 16:54:32,fda9fce8bdfa6a57e12a2180205d240871db9050,1563b2dac292ee0d17af9a6360773da7033b7867,持卡人消费,二区水控,-0.64,95.71,6065,正常
2016/04/19 17:19:46,fda9fce8bdfa6a57e12a2180205d240871db9050,1563b2dac292ee0d17af9a6360773da7033b7867,持卡人消费,二区水控,-1.86,93.85,6067,正常
2016/04/19 17:36:28,fda9fce8bdfa6a57e12a2180205d240871db9050,1563b2dac292ee0d17af9a6360773da7033b7867,持卡人消费,九食堂商务网关,-14.0,79.85,6068,正常
2016/04/19 19:17:15,fda9fce8bdfa6a57e12a2180205d240871db9050,1563b2dac292ee0d17af9a6360773da7033b7867,持卡人消费,学子便利店B07,-3.9,75.95,6069,正常
2016/04/20 08:18:23,fda9fce8bdfa6a57e12a2180205d240871db9050,1563b2dac292ee0d17af9a6360773da7033b7867,持卡人消费,学子便利店B07,-2.7,73.25,6070,正常
2016/04/20 12:03:03,fda9fce8bdfa6a57e12a2180205d240871db9050,1563b2dac292ee0d17af9a6360773da7033b7867,持卡人消费,五食堂商务网关,-7.0,66.25,6071,正常
2016/04/20 13:34:26,fda9fce8bdfa6a57e12a2180205d240871db9050,1563b2dac292ee0d17af9a6360773da7033b7867,持卡人消费,学子便利店B07,-19.9,46.35,6072,正常
2016/04/20 17:01:14,fda9fce8bdfa6a57e12a2180205d240871db9050,1563b2dac292ee0d17af9a6360773da7033b7867,持卡人消费,二区水控,-3.0,43.35,6073,正常
2016/04/20 17:09:28,fda9fce8bdfa6a57e12a2180205d240871db9050,1563b2dac292ee0d17af9a6360773da7033b7867,持卡人消费,二区水控,-1.57,41.78,6075,正常
2016/04/20 17:23:06,fda9fce8bdfa6a57e12a2180205d240871db9050,1563b2dac292ee0d17af9a6360773da7033b7867,持卡人消费,九食堂商务网关,-12.0,29.78,6076,正常
2016/04/20 18:43:00,fda9fce8bdfa6a57e12a2180205d240871db9050,1563b2dac292ee0d17af9a6360773da7033b7867,持卡人消费,学子便利店B07,-6.8,22.98,6077,正常
2016/04/21 17:19:05,fda9fce8bdfa6a57e12a2180205d240871db9050,1563b2dac292ee0d17af9a6360773da7033b7867,持卡人消费,四食堂商务网关,-0.4,22.58,6078,正常
2016/04/21 17:19:24,fda9fce8bdfa6a57e12a2180205d240871db9050,1563b2dac292ee0d17af9a6360773da7033b7867,持卡人消费,四食堂商务网关,-10.94,11.64,6079,正常
2016/04/21 17:35:25,fda9fce8bdfa6a57e12a2180205d240871db9050,1563b2dac292ee0d17af9a6360773da7033b7867,持卡人消费,四食堂商务网关,-6.7,4.94,6080,正常
2016/04/21 17:40:52,fda9fce8bdfa6a57e12a2180205d240871db9050,1563b2dac292ee0d17af9a6360773da7033b7867,持卡人消费,学子便利店B07,-2.4,2.54,6081,正常
2016/04/22 10:45:10,fda9fce8bdfa6a57e12a2180205d240871db9050,1563b2dac292ee0d17af9a6360773da7033b7867,持卡人消费,学子便利店B07,-0.7,1.84,6082,正常
2016/04/22 10:45:40,fda9fce8bdfa6a57e12a2180205d240871db9050,1563b2dac292ee0d17af9a6360773da7033b7867,存款,现金充值机,200.0,201.84,6083,正常
2016/04/22 11:18:46,fda9fce8bdfa6a57e12a2180205d240871db9050,1563b2dac292ee0d17af9a6360773da7033b7867,持卡人消费,九食堂商务网关,-12.0,189.84,6084,正常
2016/04/22 11:36:26,fda9fce8bdfa6a57e12a2180205d240871db9050,1563b2dac292ee0d17af9a6360773da7033b7867,持卡人消费,九食堂商务网关,-12.0,177.84,6085,正常
2016/04/22 11:38:06,fda9fce8bdfa6a57e12a2180205d240871db9050,1563b2dac292ee0d17af9a6360773da7033b7867,持卡人消费,九食堂商务网关,-8.0,169.84,6086,正常
2016/04/22 11:42:57,fda9fce8bdfa6a57e12a2180205d240871db9050,1563b2dac292ee0d17af9a6360773da7033b7867,持卡人消费,学子便利店B07,-10.6,159.24,6087,正常
2016/04/22 16:32:10,fda9fce8bdfa6a57e12a2180205d240871db9050,1563b2dac292ee0d17af9a6360773da7033b7867,持卡人消费,学子便利店B07,-3.4,155.84,6088,正常
2016/04/23 08:51:32,fda9fce8bdfa6a57e12a2180205d240871db9050,1563b2dac292ee0d17af9a6360773da7033b7867,持卡人消费,学子便利店B07,-12.5,143.34,6089,正常
2016/04/23 11:09:47,fda9fce8bdfa6a57e12a2180205d240871db9050,1563b2dac292ee0d17af9a6360773da7033b7867,持卡人消费,九食堂商务网关,-12.0,131.34,6090,正常
2016/04/23 11:35:57,fda9fce8bdfa6a57e12a2180205d240871db9050,1563b2dac292ee0d17af9a6360773da7033b7867,持卡人消费,九食堂商务网关,-13.0,118.34,6091,正常
2016/04/23 11:40:28,fda9fce8bdfa6a57e12a2180205d240871db9050,1563b2dac292ee0d17af9a6360773da7033b7867,持卡人消费,学子便利店B07,-12.3,106.04,6092,正常
2016/04/23 12:43:46,fda9fce8bdfa6a57e12a2180205d240871db9050,1563b2dac292ee0d17af9a6360773da7033b7867,持卡人消费,学子便利店B07,-5.3,100.74,6093,正常
2016/04/23 15:28:18,fda9fce8bdfa6a57e12a2180205d240871db9050,1563b2dac292ee0d17af9a6360773da7033b7867,持卡人消费,二区水控,-3.0,97.74,6094,正常
2016/04/23 15:38:23,fda9fce8bdfa6a57e12a2180205d240871db9050,1563b2dac292ee0d17af9a6360773da7033b7867,持卡人消费,二区水控,-1.92,95.82,6096,正常
2016/04/29 18:37:19,fda9fce8bdfa6a57e12a2180205d240871db9050,1563b2dac292ee0d17af9a6360773da7033b7867,持卡人消费,二区水控,-3.0,92.82,6097,正常
2016/04/29 18:45:17,fda9fce8bdfa6a57e12a2180205d240871db9050,1563b2dac292ee0d17af9a6360773da7033b7867,持卡人消费,二区水控,-3.0,89.82,6098,正常
2016/04/29 19:04:01,fda9fce8bdfa6a57e12a2180205d240871db9050,1563b2dac292ee0d17af9a6360773da7033b7867,持卡人消费,四食堂商务网关,-9.6,80.22,6099,正常
2016/04/29 19:36:26,fda9fce8bdfa6a57e12a2180205d240871db9050,1563b2dac292ee0d17af9a6360773da7033b7867,持卡人消费,学子便利店B07,-12.4,67.82,6100,正常
2016/04/29 19:38:51,fda9fce8bdfa6a57e12a2180205d240871db9050,1563b2dac292ee0d17af9a6360773da7033b7867,持卡人消费,学子便利店B07,-1.5,66.32,6101,正常
2016/04/30 10:12:37,fda9fce8bdfa6a57e12a2180205d240871db9050,1563b2dac292ee0d17af9a6360773da7033b7867,持卡人消费,学子便利店B07,-14.0,52.32,6102,正常
2016/04/30 11:27:55,fda9fce8bdfa6a57e12a2180205d240871db9050,1563b2dac292ee0d17af9a6360773da7033b7867,持卡人消费,五食堂商务网关,-10.0,42.32,6103,正常
2016/04/30 16:14:52,fda9fce8bdfa6a57e12a2180205d240871db9050,1563b2dac292ee0d17af9a6360773da7033b7867,持卡人消费,二区水控,-3.0,39.32,6104,正常
2016/04/30 16:24:48,fda9fce8bdfa6a57e12a2180205d240871db9050,1563b2dac292ee0d17af9a6360773da7033b7867,持卡人消费,二区水控,-1.89,37.43,6106,正常
2016/04/30 16:25:02,fda9fce8bdfa6a57e12a2180205d240871db9050,1563b2dac292ee0d17af9a6360773da7033b7867,持卡人消费,二区水控,-0.03,37.40,6108,正常
2016/04/30 17:15:32,fda9fce8bdfa6a57e12a2180205d240871db9050,1563b2dac292ee0d17af9a6360773da7033b7867,持卡人消费,四食堂商务网关,-9.6,27.80,6109,正常
2016/04/30 17:51:07,fda9fce8bdfa6a57e12a2180205d240871db9050,1563b2dac292ee0d17af9a6360773da7033b7867,持卡人消费,学子便利店B07,-8.3,19.50,6110,正常
