交易发生时间,学号,姓名,交易类型,子系统名称,交易额,现有余额,次数,状态
2016/04/05 17:29:33,9fcc184f8fb89bd585918a22f3b15d7ebfe659ba,15ace86cb37422e39de752f614a6cea89913d678,持卡人消费,硕果园（工大商店）,-15.0,199.14,5463,正常
2016/04/06 09:07:44,9fcc184f8fb89bd585918a22f3b15d7ebfe659ba,15ace86cb37422e39de752f614a6cea89913d678,持卡人消费,学士楼商务网关,-4.0,193.83,5466,正常
2016/04/07 19:33:00,9fcc184f8fb89bd585918a22f3b15d7ebfe659ba,15ace86cb37422e39de752f614a6cea89913d678,持卡人消费,超市商务子系统,-45.0,148.83,5467,正常
2016/04/07 19:35:09,9fcc184f8fb89bd585918a22f3b15d7ebfe659ba,15ace86cb37422e39de752f614a6cea89913d678,持卡人消费,超市商务子系统,-4.5,144.33,5468,正常
2016/04/08 08:17:30,9fcc184f8fb89bd585918a22f3b15d7ebfe659ba,15ace86cb37422e39de752f614a6cea89913d678,持卡人消费,学士楼商务网关,-1.8,142.53,5469,正常
2016/04/08 13:51:17,9fcc184f8fb89bd585918a22f3b15d7ebfe659ba,15ace86cb37422e39de752f614a6cea89913d678,持卡人消费,硕果园（工大商店）,-14.6,127.93,5470,正常
2016/04/08 18:02:18,9fcc184f8fb89bd585918a22f3b15d7ebfe659ba,15ace86cb37422e39de752f614a6cea89913d678,持卡人消费,硕果园（工大商店）,-12.0,115.93,5471,正常
2016/04/08 20:24:15,9fcc184f8fb89bd585918a22f3b15d7ebfe659ba,15ace86cb37422e39de752f614a6cea89913d678,持卡人消费,一校区水控新,-1.56,114.37,5472,正常
2016/04/09 18:34:36,9fcc184f8fb89bd585918a22f3b15d7ebfe659ba,15ace86cb37422e39de752f614a6cea89913d678,持卡人消费,硕果园（工大商店）,-16.0,98.37,5473,正常
2016/04/09 18:35:15,9fcc184f8fb89bd585918a22f3b15d7ebfe659ba,15ace86cb37422e39de752f614a6cea89913d678,持卡人消费,硕果园（工大商店）,-12.0,86.37,5474,正常
2016/04/11 08:04:57,9fcc184f8fb89bd585918a22f3b15d7ebfe659ba,15ace86cb37422e39de752f614a6cea89913d678,持卡人消费,学士楼商务网关,-2.6,83.77,5475,正常
2016/04/11 08:25:32,9fcc184f8fb89bd585918a22f3b15d7ebfe659ba,15ace86cb37422e39de752f614a6cea89913d678,持卡人消费,一区图书馆APOS,-26.9,56.87,5476,正常
2016/04/13 16:25:07,9fcc184f8fb89bd585918a22f3b15d7ebfe659ba,15ace86cb37422e39de752f614a6cea89913d678,持卡人消费,硕果园（工大商店）,-17.8,39.07,5477,正常
2016/04/13 20:49:06,9fcc184f8fb89bd585918a22f3b15d7ebfe659ba,15ace86cb37422e39de752f614a6cea89913d678,持卡人消费,一校区水控新,-1.42,37.65,5478,正常
2016/04/15 13:58:58,9fcc184f8fb89bd585918a22f3b15d7ebfe659ba,15ace86cb37422e39de752f614a6cea89913d678,持卡人消费,硕果园（工大商店）,-10.0,27.65,5479,正常
2016/04/15 14:16:45,9fcc184f8fb89bd585918a22f3b15d7ebfe659ba,15ace86cb37422e39de752f614a6cea89913d678,持卡人消费,超市商务子系统,-10.7,16.95,5480,正常
2016/04/15 14:19:44,9fcc184f8fb89bd585918a22f3b15d7ebfe659ba,15ace86cb37422e39de752f614a6cea89913d678,持卡人消费,超市商务子系统,-16.3,0.65,5481,正常
2016/04/23 16:37:28,9fcc184f8fb89bd585918a22f3b15d7ebfe659ba,15ace86cb37422e39de752f614a6cea89913d678,存款,现金充值机,700.0,700.65,5482,正常
2016/04/25 16:11:13,9fcc184f8fb89bd585918a22f3b15d7ebfe659ba,15ace86cb37422e39de752f614a6cea89913d678,持卡人消费,A1,-24.0,676.65,5483,正常
2016/04/25 16:31:06,9fcc184f8fb89bd585918a22f3b15d7ebfe659ba,15ace86cb37422e39de752f614a6cea89913d678,持卡人消费,游泳馆,-6.0,670.65,5484,正常
2016/04/27 18:52:43,9fcc184f8fb89bd585918a22f3b15d7ebfe659ba,15ace86cb37422e39de752f614a6cea89913d678,持卡人消费,游泳馆,-6.0,664.65,5485,正常
2016/04/29 20:43:25,9fcc184f8fb89bd585918a22f3b15d7ebfe659ba,15ace86cb37422e39de752f614a6cea89913d678,持卡人消费,一校区水控新,-0.42,664.23,5487,正常
2016/04/29 20:48:29,9fcc184f8fb89bd585918a22f3b15d7ebfe659ba,15ace86cb37422e39de752f614a6cea89913d678,持卡人消费,一校区水控新,-0.92,663.31,5488,正常
