交易发生时间,学号,姓名,交易类型,子系统名称,交易额,现有余额,次数,状态
2016/04/01 16:37:38,613c0a9463fe6f482a6003551e5d33def416005c,15d5a79abe999c83f9e2c35200cfcd59edd97a3b,持卡人消费,硕果园（工大商店）,-10.0,86.31,3492,正常
2016/04/02 11:56:52,613c0a9463fe6f482a6003551e5d33def416005c,15d5a79abe999c83f9e2c35200cfcd59edd97a3b,持卡人消费,硕果园（工大商店）,-12.0,74.31,3493,正常
2016/04/02 13:00:49,613c0a9463fe6f482a6003551e5d33def416005c,15d5a79abe999c83f9e2c35200cfcd59edd97a3b,持卡人消费,一校区水控新,-1.1,73.21,3495,正常
2016/04/02 13:04:15,613c0a9463fe6f482a6003551e5d33def416005c,15d5a79abe999c83f9e2c35200cfcd59edd97a3b,持卡人消费,一校区水控新,-0.35,72.86,3497,正常
2016/04/03 10:37:00,613c0a9463fe6f482a6003551e5d33def416005c,15d5a79abe999c83f9e2c35200cfcd59edd97a3b,持卡人消费,硕果园（工大商店）,-12.0,60.86,3498,正常
2016/04/03 16:38:09,613c0a9463fe6f482a6003551e5d33def416005c,15d5a79abe999c83f9e2c35200cfcd59edd97a3b,持卡人消费,学苑楼商务网关,-8.0,52.86,3499,正常
2016/04/04 11:39:19,613c0a9463fe6f482a6003551e5d33def416005c,15d5a79abe999c83f9e2c35200cfcd59edd97a3b,持卡人消费,硕果园（工大商店）,-12.0,40.86,3500,正常
2016/04/04 17:30:55,613c0a9463fe6f482a6003551e5d33def416005c,15d5a79abe999c83f9e2c35200cfcd59edd97a3b,持卡人消费,学士楼商务网关,-3.8,37.06,3501,正常
2016/04/05 11:15:07,613c0a9463fe6f482a6003551e5d33def416005c,15d5a79abe999c83f9e2c35200cfcd59edd97a3b,持卡人消费,学士楼商务网关,-5.6,31.46,3502,正常
2016/04/05 16:37:58,613c0a9463fe6f482a6003551e5d33def416005c,15d5a79abe999c83f9e2c35200cfcd59edd97a3b,持卡人消费,学苑楼商务网关,-9.0,22.46,3503,正常
2016/04/06 11:44:48,613c0a9463fe6f482a6003551e5d33def416005c,15d5a79abe999c83f9e2c35200cfcd59edd97a3b,持卡人消费,硕果园（工大商店）,-12.0,10.46,3504,正常
2016/04/06 17:30:03,613c0a9463fe6f482a6003551e5d33def416005c,15d5a79abe999c83f9e2c35200cfcd59edd97a3b,持卡人消费,学士楼商务网关,-3.8,6.66,3505,正常
2016/04/07 11:58:39,613c0a9463fe6f482a6003551e5d33def416005c,15d5a79abe999c83f9e2c35200cfcd59edd97a3b,存款,学苑楼综合业务3,200.0,206.66,3506,正常
2016/04/07 12:02:38,613c0a9463fe6f482a6003551e5d33def416005c,15d5a79abe999c83f9e2c35200cfcd59edd97a3b,持卡人消费,学苑楼商务网关,-8.8,197.86,3507,正常
2016/04/07 17:18:32,613c0a9463fe6f482a6003551e5d33def416005c,15d5a79abe999c83f9e2c35200cfcd59edd97a3b,持卡人消费,学士楼商务网关,-1.0,196.86,3508,正常
2016/04/07 17:18:42,613c0a9463fe6f482a6003551e5d33def416005c,15d5a79abe999c83f9e2c35200cfcd59edd97a3b,持卡人消费,学士楼商务网关,-0.2,196.66,3509,正常
2016/04/07 17:18:51,613c0a9463fe6f482a6003551e5d33def416005c,15d5a79abe999c83f9e2c35200cfcd59edd97a3b,持卡人消费,学士楼商务网关,-1.5,195.16,3510,正常
2016/04/08 16:43:11,613c0a9463fe6f482a6003551e5d33def416005c,15d5a79abe999c83f9e2c35200cfcd59edd97a3b,持卡人消费,硕果园（工大商店）,-12.0,183.16,3511,正常
2016/04/09 17:31:10,613c0a9463fe6f482a6003551e5d33def416005c,15d5a79abe999c83f9e2c35200cfcd59edd97a3b,持卡人消费,学苑楼商务网关,-7.0,176.16,3512,正常
2016/04/10 10:49:54,613c0a9463fe6f482a6003551e5d33def416005c,15d5a79abe999c83f9e2c35200cfcd59edd97a3b,持卡人消费,学士楼商务网关,-3.8,172.36,3513,正常
2016/04/10 16:36:29,613c0a9463fe6f482a6003551e5d33def416005c,15d5a79abe999c83f9e2c35200cfcd59edd97a3b,持卡人消费,学苑楼商务网关,-7.0,165.36,3514,正常
2016/04/11 11:28:09,613c0a9463fe6f482a6003551e5d33def416005c,15d5a79abe999c83f9e2c35200cfcd59edd97a3b,持卡人消费,学士楼商务网关,-6.6,158.76,3515,正常
2016/04/11 17:29:15,613c0a9463fe6f482a6003551e5d33def416005c,15d5a79abe999c83f9e2c35200cfcd59edd97a3b,持卡人消费,学士楼商务网关,-5.3,153.46,3516,正常
2016/04/12 11:23:13,613c0a9463fe6f482a6003551e5d33def416005c,15d5a79abe999c83f9e2c35200cfcd59edd97a3b,持卡人消费,学士楼商务网关,-3.4,150.06,3517,正常
2016/04/12 11:29:01,613c0a9463fe6f482a6003551e5d33def416005c,15d5a79abe999c83f9e2c35200cfcd59edd97a3b,持卡人消费,学士楼商务网关,-2.0,148.06,3518,正常
2016/04/12 16:39:05,613c0a9463fe6f482a6003551e5d33def416005c,15d5a79abe999c83f9e2c35200cfcd59edd97a3b,持卡人消费,学苑楼商务网关,-6.0,142.06,3519,正常
2016/04/13 17:36:42,613c0a9463fe6f482a6003551e5d33def416005c,15d5a79abe999c83f9e2c35200cfcd59edd97a3b,持卡人消费,学士楼商务网关,-1.0,141.06,3520,正常
2016/04/13 17:37:23,613c0a9463fe6f482a6003551e5d33def416005c,15d5a79abe999c83f9e2c35200cfcd59edd97a3b,持卡人消费,学士楼商务网关,-3.0,138.06,3521,正常
2016/04/13 17:37:24,613c0a9463fe6f482a6003551e5d33def416005c,15d5a79abe999c83f9e2c35200cfcd59edd97a3b,持卡人消费,学士楼商务网关,-1.0,137.06,3522,正常
2016/04/13 17:38:42,613c0a9463fe6f482a6003551e5d33def416005c,15d5a79abe999c83f9e2c35200cfcd59edd97a3b,持卡人消费,学士楼商务网关,-1.0,136.06,3523,正常
2016/04/14 11:32:39,613c0a9463fe6f482a6003551e5d33def416005c,15d5a79abe999c83f9e2c35200cfcd59edd97a3b,持卡人消费,学士楼商务网关,-5.6,130.46,3524,正常
2016/04/14 17:14:35,613c0a9463fe6f482a6003551e5d33def416005c,15d5a79abe999c83f9e2c35200cfcd59edd97a3b,持卡人消费,学士楼商务网关,-2.0,128.46,3525,正常
2016/04/14 17:15:09,613c0a9463fe6f482a6003551e5d33def416005c,15d5a79abe999c83f9e2c35200cfcd59edd97a3b,持卡人消费,学士楼商务网关,-3.4,125.06,3526,正常
2016/04/15 11:35:14,613c0a9463fe6f482a6003551e5d33def416005c,15d5a79abe999c83f9e2c35200cfcd59edd97a3b,持卡人消费,学士楼商务网关,-5.6,119.46,3527,正常
2016/04/15 16:38:40,613c0a9463fe6f482a6003551e5d33def416005c,15d5a79abe999c83f9e2c35200cfcd59edd97a3b,持卡人消费,学苑楼商务网关,-7.0,112.46,3528,正常
2016/04/15 16:39:58,613c0a9463fe6f482a6003551e5d33def416005c,15d5a79abe999c83f9e2c35200cfcd59edd97a3b,持卡人消费,学苑楼商务网关,-0.8,111.66,3529,正常
2016/04/16 11:52:29,613c0a9463fe6f482a6003551e5d33def416005c,15d5a79abe999c83f9e2c35200cfcd59edd97a3b,持卡人消费,硕果园（工大商店）,-12.0,99.66,3530,正常
2016/04/16 15:38:30,613c0a9463fe6f482a6003551e5d33def416005c,15d5a79abe999c83f9e2c35200cfcd59edd97a3b,持卡人消费,一校区水控新,-0.89,98.77,3531,正常
2016/04/16 15:42:37,613c0a9463fe6f482a6003551e5d33def416005c,15d5a79abe999c83f9e2c35200cfcd59edd97a3b,持卡人消费,一校区水控新,-0.44,98.33,3532,正常
2016/04/17 10:39:44,613c0a9463fe6f482a6003551e5d33def416005c,15d5a79abe999c83f9e2c35200cfcd59edd97a3b,持卡人消费,学士楼商务网关,-5.3,93.03,3533,正常
2016/04/17 16:35:45,613c0a9463fe6f482a6003551e5d33def416005c,15d5a79abe999c83f9e2c35200cfcd59edd97a3b,持卡人消费,学苑楼商务网关,-7.0,86.03,3534,正常
2016/04/18 11:34:28,613c0a9463fe6f482a6003551e5d33def416005c,15d5a79abe999c83f9e2c35200cfcd59edd97a3b,持卡人消费,学士楼商务网关,-5.6,80.43,3535,正常
2016/04/18 18:01:19,613c0a9463fe6f482a6003551e5d33def416005c,15d5a79abe999c83f9e2c35200cfcd59edd97a3b,持卡人消费,硕果园（工大商店）,-12.0,68.43,3536,正常
2016/04/19 09:04:41,613c0a9463fe6f482a6003551e5d33def416005c,15d5a79abe999c83f9e2c35200cfcd59edd97a3b,持卡人消费,学士楼商务网关,-2.4,66.03,3537,正常
2016/04/19 11:45:09,613c0a9463fe6f482a6003551e5d33def416005c,15d5a79abe999c83f9e2c35200cfcd59edd97a3b,持卡人消费,学士楼商务网关,-4.6,61.43,3538,正常
2016/04/19 16:41:10,613c0a9463fe6f482a6003551e5d33def416005c,15d5a79abe999c83f9e2c35200cfcd59edd97a3b,持卡人消费,学苑楼商务网关,-8.0,53.43,3539,正常
2016/04/20 18:11:38,613c0a9463fe6f482a6003551e5d33def416005c,15d5a79abe999c83f9e2c35200cfcd59edd97a3b,持卡人消费,硕果园（工大商店）,-9.0,44.43,3540,正常
2016/04/21 17:52:11,613c0a9463fe6f482a6003551e5d33def416005c,15d5a79abe999c83f9e2c35200cfcd59edd97a3b,持卡人消费,硕果园（工大商店）,-12.0,32.43,3541,正常
2016/04/22 11:31:26,613c0a9463fe6f482a6003551e5d33def416005c,15d5a79abe999c83f9e2c35200cfcd59edd97a3b,持卡人消费,学士楼商务网关,-3.4,29.03,3542,正常
2016/04/22 11:32:21,613c0a9463fe6f482a6003551e5d33def416005c,15d5a79abe999c83f9e2c35200cfcd59edd97a3b,持卡人消费,学士楼商务网关,-2.0,27.03,3543,正常
2016/04/22 16:43:31,613c0a9463fe6f482a6003551e5d33def416005c,15d5a79abe999c83f9e2c35200cfcd59edd97a3b,持卡人消费,学苑楼商务网关,-8.0,19.03,3544,正常
2016/04/23 12:01:29,613c0a9463fe6f482a6003551e5d33def416005c,15d5a79abe999c83f9e2c35200cfcd59edd97a3b,持卡人消费,学士楼商务网关,-5.6,13.43,3545,正常
2016/04/23 12:01:33,613c0a9463fe6f482a6003551e5d33def416005c,15d5a79abe999c83f9e2c35200cfcd59edd97a3b,持卡人消费,学士楼商务网关,-6.0,7.43,3546,正常
2016/04/23 16:31:27,613c0a9463fe6f482a6003551e5d33def416005c,15d5a79abe999c83f9e2c35200cfcd59edd97a3b,持卡人消费,一校区水控新,-0.97,6.46,3547,正常
2016/04/23 16:35:51,613c0a9463fe6f482a6003551e5d33def416005c,15d5a79abe999c83f9e2c35200cfcd59edd97a3b,持卡人消费,一校区水控新,-0.51,5.95,3548,正常
2016/04/23 17:38:12,613c0a9463fe6f482a6003551e5d33def416005c,15d5a79abe999c83f9e2c35200cfcd59edd97a3b,存款,学苑楼综合业务3,200.0,205.95,3549,正常
2016/04/23 17:40:37,613c0a9463fe6f482a6003551e5d33def416005c,15d5a79abe999c83f9e2c35200cfcd59edd97a3b,持卡人消费,学苑楼商务网关,-7.0,198.95,3550,正常
2016/04/24 10:42:04,613c0a9463fe6f482a6003551e5d33def416005c,15d5a79abe999c83f9e2c35200cfcd59edd97a3b,持卡人消费,硕果园（工大商店）,-12.0,186.95,3551,正常
2016/04/24 16:43:16,613c0a9463fe6f482a6003551e5d33def416005c,15d5a79abe999c83f9e2c35200cfcd59edd97a3b,持卡人消费,学苑楼商务网关,-7.5,179.45,3552,正常
2016/04/25 11:24:42,613c0a9463fe6f482a6003551e5d33def416005c,15d5a79abe999c83f9e2c35200cfcd59edd97a3b,持卡人消费,硕果园（工大商店）,-10.0,169.45,3553,正常
2016/04/25 17:28:54,613c0a9463fe6f482a6003551e5d33def416005c,15d5a79abe999c83f9e2c35200cfcd59edd97a3b,持卡人消费,学士楼商务网关,-3.6,165.85,3554,正常
2016/04/25 17:30:51,613c0a9463fe6f482a6003551e5d33def416005c,15d5a79abe999c83f9e2c35200cfcd59edd97a3b,持卡人消费,学士楼商务网关,-2.0,163.85,3555,正常
2016/04/26 11:32:37,613c0a9463fe6f482a6003551e5d33def416005c,15d5a79abe999c83f9e2c35200cfcd59edd97a3b,持卡人消费,学士楼商务网关,-7.0,156.85,3556,正常
2016/04/26 16:39:41,613c0a9463fe6f482a6003551e5d33def416005c,15d5a79abe999c83f9e2c35200cfcd59edd97a3b,持卡人消费,学苑楼商务网关,-7.5,149.35,3557,正常
2016/04/27 11:26:16,613c0a9463fe6f482a6003551e5d33def416005c,15d5a79abe999c83f9e2c35200cfcd59edd97a3b,持卡人消费,硕果园（工大商店）,-10.0,139.35,3558,正常
2016/04/27 17:31:22,613c0a9463fe6f482a6003551e5d33def416005c,15d5a79abe999c83f9e2c35200cfcd59edd97a3b,持卡人消费,硕果园（工大商店）,-12.0,127.35,3559,正常
2016/04/28 11:24:17,613c0a9463fe6f482a6003551e5d33def416005c,15d5a79abe999c83f9e2c35200cfcd59edd97a3b,持卡人消费,学士楼商务网关,-6.6,120.75,3560,正常
2016/04/28 18:06:34,613c0a9463fe6f482a6003551e5d33def416005c,15d5a79abe999c83f9e2c35200cfcd59edd97a3b,持卡人消费,硕果园（工大商店）,-12.0,108.75,3561,正常
2016/04/29 11:43:24,613c0a9463fe6f482a6003551e5d33def416005c,15d5a79abe999c83f9e2c35200cfcd59edd97a3b,持卡人消费,硕果园（工大商店）,-9.0,99.75,3562,正常
2016/04/29 16:39:05,613c0a9463fe6f482a6003551e5d33def416005c,15d5a79abe999c83f9e2c35200cfcd59edd97a3b,持卡人消费,学苑楼商务网关,-7.0,92.75,3563,正常
2016/04/30 09:50:40,613c0a9463fe6f482a6003551e5d33def416005c,15d5a79abe999c83f9e2c35200cfcd59edd97a3b,持卡人消费,硕果园（工大商店）,-5.0,87.75,3564,正常
2016/04/30 14:59:29,613c0a9463fe6f482a6003551e5d33def416005c,15d5a79abe999c83f9e2c35200cfcd59edd97a3b,持卡人消费,一校区水控新,-0.83,86.92,3566,正常
2016/04/30 15:03:05,613c0a9463fe6f482a6003551e5d33def416005c,15d5a79abe999c83f9e2c35200cfcd59edd97a3b,持卡人消费,一校区水控新,-0.37,86.55,3568,正常
2016/04/26 17:34:10,613c0a9463fe6f482a6003551e5d33def416005c,15d5a79abe999c83f9e2c35200cfcd59edd97a3b,持卡人消费,学士楼商务网关,-3.6,82.95,3569,正常
2016/04/26 17:34:55,613c0a9463fe6f482a6003551e5d33def416005c,15d5a79abe999c83f9e2c35200cfcd59edd97a3b,持卡人消费,学士楼商务网关,-2.0,80.95,3570,正常
