交易发生时间,学号,姓名,交易类型,子系统名称,交易额,现有余额,次数,状态
2016/04/07 10:46:05,2c2b9a91779cbcbfa1b39def0f41cf6ba9c3e5e6,15e192521db583ccd917636e6ce8ba22121aa974,持卡人消费,硕果园（工大商店）,-5.0,42.30,1358,正常
2016/04/07 21:30:25,2c2b9a91779cbcbfa1b39def0f41cf6ba9c3e5e6,15e192521db583ccd917636e6ce8ba22121aa974,持卡人消费,学子便利店A01后楼,-1.2,41.10,1359,正常
2016/04/08 14:27:35,2c2b9a91779cbcbfa1b39def0f41cf6ba9c3e5e6,15e192521db583ccd917636e6ce8ba22121aa974,持卡人消费,硕果园（工大商店）,-14.0,27.10,1360,正常
2016/04/08 14:29:09,2c2b9a91779cbcbfa1b39def0f41cf6ba9c3e5e6,15e192521db583ccd917636e6ce8ba22121aa974,持卡人消费,硕果园（工大商店）,-6.0,21.10,1361,正常
2016/04/11 20:10:38,2c2b9a91779cbcbfa1b39def0f41cf6ba9c3e5e6,15e192521db583ccd917636e6ce8ba22121aa974,持卡人消费,15公寓浴池,-2.0,19.10,1362,正常
2016/04/11 20:14:17,2c2b9a91779cbcbfa1b39def0f41cf6ba9c3e5e6,15e192521db583ccd917636e6ce8ba22121aa974,持卡人消费,15公寓浴池,-0.69,18.41,1364,正常
2016/04/11 20:20:41,2c2b9a91779cbcbfa1b39def0f41cf6ba9c3e5e6,15e192521db583ccd917636e6ce8ba22121aa974,持卡人消费,学子便利店A01后楼,-5.5,12.91,1365,正常
2016/04/11 20:26:18,2c2b9a91779cbcbfa1b39def0f41cf6ba9c3e5e6,15e192521db583ccd917636e6ce8ba22121aa974,持卡人消费,学子便利店A01后楼,-4.5,8.41,1366,正常
2016/04/14 10:51:43,2c2b9a91779cbcbfa1b39def0f41cf6ba9c3e5e6,15e192521db583ccd917636e6ce8ba22121aa974,存款,现金充值机,50.0,58.41,1367,正常
2016/04/14 11:14:24,2c2b9a91779cbcbfa1b39def0f41cf6ba9c3e5e6,15e192521db583ccd917636e6ce8ba22121aa974,持卡人消费,学苑楼商务网关,-19.0,39.41,1368,正常
2016/04/14 21:27:58,2c2b9a91779cbcbfa1b39def0f41cf6ba9c3e5e6,15e192521db583ccd917636e6ce8ba22121aa974,持卡人消费,学子便利店A01后楼,-1.1,38.31,1369,正常
2016/04/17 07:54:13,2c2b9a91779cbcbfa1b39def0f41cf6ba9c3e5e6,15e192521db583ccd917636e6ce8ba22121aa974,持卡人消费,学子便利店A01后楼,-4.2,34.11,1370,正常
2016/04/19 19:33:22,2c2b9a91779cbcbfa1b39def0f41cf6ba9c3e5e6,15e192521db583ccd917636e6ce8ba22121aa974,持卡人消费,15公寓浴池,-0.03,34.08,1372,正常
2016/04/19 19:43:52,2c2b9a91779cbcbfa1b39def0f41cf6ba9c3e5e6,15e192521db583ccd917636e6ce8ba22121aa974,持卡人消费,15公寓浴池,-2.0,32.08,1373,正常
2016/04/19 19:49:36,2c2b9a91779cbcbfa1b39def0f41cf6ba9c3e5e6,15e192521db583ccd917636e6ce8ba22121aa974,持卡人消费,15公寓浴池,-1.07,31.01,1375,正常
2016/04/20 20:20:39,2c2b9a91779cbcbfa1b39def0f41cf6ba9c3e5e6,15e192521db583ccd917636e6ce8ba22121aa974,持卡人消费,学子便利店A01后楼,-13.0,18.01,1376,正常
