交易发生时间,学号,姓名,交易类型,子系统名称,交易额,现有余额,次数,状态
2016/04/01 11:34:31,15b980b549628d2bcb1062972e4b9f759892aa89,168b9a0db6b3f3dbb6d8e084a73fcaba3ff1f8c1,持卡人消费,土木楼网关,-2.0,11.74,2834,正常
2016/04/01 11:41:06,15b980b549628d2bcb1062972e4b9f759892aa89,168b9a0db6b3f3dbb6d8e084a73fcaba3ff1f8c1,持卡人消费,土木楼网关,-6.4,5.34,2835,正常
2016/04/05 11:47:33,15b980b549628d2bcb1062972e4b9f759892aa89,168b9a0db6b3f3dbb6d8e084a73fcaba3ff1f8c1,存款,现金充值机,100.0,105.34,2836,正常
2016/04/05 12:03:11,15b980b549628d2bcb1062972e4b9f759892aa89,168b9a0db6b3f3dbb6d8e084a73fcaba3ff1f8c1,持卡人消费,土木楼网关,-2.9,102.44,2837,正常
2016/04/05 14:35:44,15b980b549628d2bcb1062972e4b9f759892aa89,168b9a0db6b3f3dbb6d8e084a73fcaba3ff1f8c1,持卡人消费,土木楼水控,-2.77,99.67,2838,正常
2016/04/06 11:35:12,15b980b549628d2bcb1062972e4b9f759892aa89,168b9a0db6b3f3dbb6d8e084a73fcaba3ff1f8c1,持卡人消费,土木楼网关,-9.2,90.47,2839,正常
2016/04/08 11:43:17,15b980b549628d2bcb1062972e4b9f759892aa89,168b9a0db6b3f3dbb6d8e084a73fcaba3ff1f8c1,持卡人消费,土木楼网关,-4.5,85.97,2840,正常
2016/04/08 11:48:19,15b980b549628d2bcb1062972e4b9f759892aa89,168b9a0db6b3f3dbb6d8e084a73fcaba3ff1f8c1,持卡人消费,土木楼网关,-1.9,84.07,2841,正常
2016/04/08 11:48:29,15b980b549628d2bcb1062972e4b9f759892aa89,168b9a0db6b3f3dbb6d8e084a73fcaba3ff1f8c1,持卡人消费,土木楼网关,-0.2,83.87,2842,正常
2016/04/08 14:40:27,15b980b549628d2bcb1062972e4b9f759892aa89,168b9a0db6b3f3dbb6d8e084a73fcaba3ff1f8c1,持卡人消费,土木楼水控,-2.17,81.70,2843,正常
2016/04/11 07:02:46,15b980b549628d2bcb1062972e4b9f759892aa89,168b9a0db6b3f3dbb6d8e084a73fcaba3ff1f8c1,持卡人消费,土木楼网关,-3.05,78.65,2844,正常
2016/04/11 17:32:23,15b980b549628d2bcb1062972e4b9f759892aa89,168b9a0db6b3f3dbb6d8e084a73fcaba3ff1f8c1,持卡人消费,土木楼网关,-1.5,77.15,2845,正常
2016/04/11 17:34:35,15b980b549628d2bcb1062972e4b9f759892aa89,168b9a0db6b3f3dbb6d8e084a73fcaba3ff1f8c1,持卡人消费,土木楼网关,-5.9,71.25,2846,正常
2016/04/12 16:56:36,15b980b549628d2bcb1062972e4b9f759892aa89,168b9a0db6b3f3dbb6d8e084a73fcaba3ff1f8c1,持卡人消费,土木楼水控,-2.32,68.93,2847,正常
2016/04/12 18:08:28,15b980b549628d2bcb1062972e4b9f759892aa89,168b9a0db6b3f3dbb6d8e084a73fcaba3ff1f8c1,持卡人消费,学苑楼商务网关,-9.0,59.93,2848,正常
2016/04/14 14:09:35,15b980b549628d2bcb1062972e4b9f759892aa89,168b9a0db6b3f3dbb6d8e084a73fcaba3ff1f8c1,持卡人消费,学子超市A05,-2.8,57.13,2849,正常
2016/04/15 08:18:32,15b980b549628d2bcb1062972e4b9f759892aa89,168b9a0db6b3f3dbb6d8e084a73fcaba3ff1f8c1,持卡人消费,土木楼网关,-1.75,55.38,2850,正常
2016/04/15 10:22:30,15b980b549628d2bcb1062972e4b9f759892aa89,168b9a0db6b3f3dbb6d8e084a73fcaba3ff1f8c1,持卡人消费,学子超市A05,-3.9,51.48,2851,正常
2016/04/15 11:15:49,15b980b549628d2bcb1062972e4b9f759892aa89,168b9a0db6b3f3dbb6d8e084a73fcaba3ff1f8c1,持卡人消费,土木楼网关,-10.0,41.48,2852,正常
2016/04/15 11:16:53,15b980b549628d2bcb1062972e4b9f759892aa89,168b9a0db6b3f3dbb6d8e084a73fcaba3ff1f8c1,持卡人消费,土木楼网关,-7.0,34.48,2853,正常
2016/04/15 16:55:07,15b980b549628d2bcb1062972e4b9f759892aa89,168b9a0db6b3f3dbb6d8e084a73fcaba3ff1f8c1,持卡人消费,土木楼网关,-0.2,34.28,2854,正常
2016/04/15 16:56:25,15b980b549628d2bcb1062972e4b9f759892aa89,168b9a0db6b3f3dbb6d8e084a73fcaba3ff1f8c1,持卡人消费,土木楼网关,-4.9,29.38,2855,正常
2016/04/15 16:56:41,15b980b549628d2bcb1062972e4b9f759892aa89,168b9a0db6b3f3dbb6d8e084a73fcaba3ff1f8c1,持卡人消费,土木楼网关,-2.5,26.88,2856,正常
2016/04/15 16:59:41,15b980b549628d2bcb1062972e4b9f759892aa89,168b9a0db6b3f3dbb6d8e084a73fcaba3ff1f8c1,持卡人消费,土木楼网关,-2.5,24.38,2857,正常
2016/04/19 07:45:43,15b980b549628d2bcb1062972e4b9f759892aa89,168b9a0db6b3f3dbb6d8e084a73fcaba3ff1f8c1,持卡人消费,学子超市A05,-2.0,22.38,2858,正常
2016/04/19 22:13:15,15b980b549628d2bcb1062972e4b9f759892aa89,168b9a0db6b3f3dbb6d8e084a73fcaba3ff1f8c1,持卡人消费,学子超市A05,-2.7,19.68,2859,正常
2016/04/20 08:30:55,15b980b549628d2bcb1062972e4b9f759892aa89,168b9a0db6b3f3dbb6d8e084a73fcaba3ff1f8c1,持卡人消费,学士楼商务网关,-1.3,18.38,2860,正常
2016/04/20 08:31:33,15b980b549628d2bcb1062972e4b9f759892aa89,168b9a0db6b3f3dbb6d8e084a73fcaba3ff1f8c1,持卡人消费,学士楼商务网关,-0.6,17.78,2861,正常
2016/04/20 08:32:41,15b980b549628d2bcb1062972e4b9f759892aa89,168b9a0db6b3f3dbb6d8e084a73fcaba3ff1f8c1,持卡人消费,学士楼商务网关,-0.3,17.48,2862,正常
2016/04/20 08:32:55,15b980b549628d2bcb1062972e4b9f759892aa89,168b9a0db6b3f3dbb6d8e084a73fcaba3ff1f8c1,持卡人消费,学士楼商务网关,-0.6,16.88,2863,正常
2016/04/20 08:33:36,15b980b549628d2bcb1062972e4b9f759892aa89,168b9a0db6b3f3dbb6d8e084a73fcaba3ff1f8c1,持卡人消费,学士楼商务网关,-1.0,15.88,2864,正常
2016/04/20 11:19:47,15b980b549628d2bcb1062972e4b9f759892aa89,168b9a0db6b3f3dbb6d8e084a73fcaba3ff1f8c1,持卡人消费,土木楼网关,-2.9,12.98,2865,正常
2016/04/21 16:34:02,15b980b549628d2bcb1062972e4b9f759892aa89,168b9a0db6b3f3dbb6d8e084a73fcaba3ff1f8c1,持卡人消费,土木楼水控,-2.79,10.19,2867,正常
2016/04/21 16:41:51,15b980b549628d2bcb1062972e4b9f759892aa89,168b9a0db6b3f3dbb6d8e084a73fcaba3ff1f8c1,持卡人消费,学子超市A05,-8.9,1.29,2868,正常
2016/04/22 11:54:33,15b980b549628d2bcb1062972e4b9f759892aa89,168b9a0db6b3f3dbb6d8e084a73fcaba3ff1f8c1,存款,现金充值机,100.0,101.29,2869,正常
2016/04/23 07:57:19,15b980b549628d2bcb1062972e4b9f759892aa89,168b9a0db6b3f3dbb6d8e084a73fcaba3ff1f8c1,持卡人消费,土木楼网关,-1.85,99.44,2870,正常
2016/04/25 10:26:05,15b980b549628d2bcb1062972e4b9f759892aa89,168b9a0db6b3f3dbb6d8e084a73fcaba3ff1f8c1,持卡人消费,身份前置机,-0.32,99.12,2871,正常
2016/04/25 17:17:42,15b980b549628d2bcb1062972e4b9f759892aa89,168b9a0db6b3f3dbb6d8e084a73fcaba3ff1f8c1,持卡人消费,土木楼网关,-1.6,97.52,2872,正常
2016/04/25 17:18:12,15b980b549628d2bcb1062972e4b9f759892aa89,168b9a0db6b3f3dbb6d8e084a73fcaba3ff1f8c1,持卡人消费,土木楼网关,-3.4,94.12,2873,正常
2016/04/25 17:20:04,15b980b549628d2bcb1062972e4b9f759892aa89,168b9a0db6b3f3dbb6d8e084a73fcaba3ff1f8c1,持卡人消费,土木楼网关,-2.5,91.62,2874,正常
2016/04/26 13:05:53,15b980b549628d2bcb1062972e4b9f759892aa89,168b9a0db6b3f3dbb6d8e084a73fcaba3ff1f8c1,持卡人消费,土木楼水控,-3.0,88.62,2875,正常
2016/04/26 13:10:00,15b980b549628d2bcb1062972e4b9f759892aa89,168b9a0db6b3f3dbb6d8e084a73fcaba3ff1f8c1,持卡人消费,土木楼水控,-0.79,87.83,2876,正常
2016/04/27 09:24:52,15b980b549628d2bcb1062972e4b9f759892aa89,168b9a0db6b3f3dbb6d8e084a73fcaba3ff1f8c1,持卡人消费,学子超市A05,-2.7,85.13,2877,正常
2016/04/27 11:38:26,15b980b549628d2bcb1062972e4b9f759892aa89,168b9a0db6b3f3dbb6d8e084a73fcaba3ff1f8c1,持卡人消费,土木楼网关,-1.9,83.23,2878,正常
2016/04/28 11:39:07,15b980b549628d2bcb1062972e4b9f759892aa89,168b9a0db6b3f3dbb6d8e084a73fcaba3ff1f8c1,持卡人消费,土木楼网关,-1.6,81.63,2879,正常
2016/04/28 11:44:11,15b980b549628d2bcb1062972e4b9f759892aa89,168b9a0db6b3f3dbb6d8e084a73fcaba3ff1f8c1,持卡人消费,网络中心,-30.0,51.63,2880,正常
