交易发生时间,学号,姓名,交易类型,子系统名称,交易额,现有余额,次数,状态
2016/04/01 13:14:40,c9d1a6b4ce24857f53463ee30b0fb4ad71da429a,171f86c4555c7c5ede8ee7f2384f65e10c5683c4,持卡人消费,A5,-3.0,6.59,3949,正常
2016/04/01 15:17:04,c9d1a6b4ce24857f53463ee30b0fb4ad71da429a,171f86c4555c7c5ede8ee7f2384f65e10c5683c4,持卡人消费,学子超市A05,-3.9,2.69,3950,正常
2016/04/04 11:11:35,c9d1a6b4ce24857f53463ee30b0fb4ad71da429a,171f86c4555c7c5ede8ee7f2384f65e10c5683c4,存款,现金充值机,100.0,102.69,3951,正常
2016/04/04 11:28:43,c9d1a6b4ce24857f53463ee30b0fb4ad71da429a,171f86c4555c7c5ede8ee7f2384f65e10c5683c4,持卡人消费,土木楼网关,-14.9,87.79,3952,正常
2016/04/06 11:16:18,c9d1a6b4ce24857f53463ee30b0fb4ad71da429a,171f86c4555c7c5ede8ee7f2384f65e10c5683c4,持卡人消费,土木楼网关,-5.5,82.29,3953,正常
2016/04/06 11:16:44,c9d1a6b4ce24857f53463ee30b0fb4ad71da429a,171f86c4555c7c5ede8ee7f2384f65e10c5683c4,持卡人消费,土木楼网关,-7.0,75.29,3954,正常
2016/04/06 11:16:57,c9d1a6b4ce24857f53463ee30b0fb4ad71da429a,171f86c4555c7c5ede8ee7f2384f65e10c5683c4,持卡人消费,土木楼网关,-4.0,71.29,3955,正常
2016/04/06 11:26:21,c9d1a6b4ce24857f53463ee30b0fb4ad71da429a,171f86c4555c7c5ede8ee7f2384f65e10c5683c4,持卡人消费,土木楼网关,-6.4,64.89,3956,正常
2016/04/07 11:50:33,c9d1a6b4ce24857f53463ee30b0fb4ad71da429a,171f86c4555c7c5ede8ee7f2384f65e10c5683c4,持卡人消费,土木楼网关,-5.0,59.89,3957,正常
2016/04/07 11:51:42,c9d1a6b4ce24857f53463ee30b0fb4ad71da429a,171f86c4555c7c5ede8ee7f2384f65e10c5683c4,持卡人消费,土木楼网关,-14.0,45.89,3958,正常
2016/04/07 11:52:41,c9d1a6b4ce24857f53463ee30b0fb4ad71da429a,171f86c4555c7c5ede8ee7f2384f65e10c5683c4,持卡人消费,土木楼网关,-3.0,42.89,3959,正常
2016/04/07 11:53:54,c9d1a6b4ce24857f53463ee30b0fb4ad71da429a,171f86c4555c7c5ede8ee7f2384f65e10c5683c4,持卡人消费,土木楼网关,-3.0,39.89,3960,正常
2016/04/09 12:15:43,c9d1a6b4ce24857f53463ee30b0fb4ad71da429a,171f86c4555c7c5ede8ee7f2384f65e10c5683c4,持卡人消费,A5,-3.0,36.89,3961,正常
2016/04/10 11:24:42,c9d1a6b4ce24857f53463ee30b0fb4ad71da429a,171f86c4555c7c5ede8ee7f2384f65e10c5683c4,持卡人消费,土木楼网关,-2.0,34.89,3962,正常
2016/04/10 11:24:50,c9d1a6b4ce24857f53463ee30b0fb4ad71da429a,171f86c4555c7c5ede8ee7f2384f65e10c5683c4,持卡人消费,土木楼网关,-8.8,26.09,3963,正常
2016/04/11 11:04:15,c9d1a6b4ce24857f53463ee30b0fb4ad71da429a,171f86c4555c7c5ede8ee7f2384f65e10c5683c4,存款,现金充值机,20.0,46.09,3964,正常
2016/04/11 11:23:14,c9d1a6b4ce24857f53463ee30b0fb4ad71da429a,171f86c4555c7c5ede8ee7f2384f65e10c5683c4,持卡人消费,土木楼网关,-10.0,36.09,3965,正常
2016/04/11 11:25:29,c9d1a6b4ce24857f53463ee30b0fb4ad71da429a,171f86c4555c7c5ede8ee7f2384f65e10c5683c4,持卡人消费,土木楼网关,-2.0,34.09,3966,正常
2016/04/11 11:28:42,c9d1a6b4ce24857f53463ee30b0fb4ad71da429a,171f86c4555c7c5ede8ee7f2384f65e10c5683c4,持卡人消费,土木楼网关,-2.9,31.19,3967,正常
2016/04/15 11:38:39,c9d1a6b4ce24857f53463ee30b0fb4ad71da429a,171f86c4555c7c5ede8ee7f2384f65e10c5683c4,存款,现金充值机,100.0,131.19,3968,正常
2016/04/15 11:58:16,c9d1a6b4ce24857f53463ee30b0fb4ad71da429a,171f86c4555c7c5ede8ee7f2384f65e10c5683c4,持卡人消费,土木楼网关,-5.5,125.69,3969,正常
2016/04/15 11:59:06,c9d1a6b4ce24857f53463ee30b0fb4ad71da429a,171f86c4555c7c5ede8ee7f2384f65e10c5683c4,持卡人消费,土木楼网关,-8.6,117.09,3970,正常
2016/04/15 12:01:22,c9d1a6b4ce24857f53463ee30b0fb4ad71da429a,171f86c4555c7c5ede8ee7f2384f65e10c5683c4,持卡人消费,土木楼网关,-2.5,114.59,3971,正常
2016/04/15 12:33:52,c9d1a6b4ce24857f53463ee30b0fb4ad71da429a,171f86c4555c7c5ede8ee7f2384f65e10c5683c4,持卡人消费,学子超市A05,-7.8,106.79,3972,正常
2016/04/18 11:28:20,c9d1a6b4ce24857f53463ee30b0fb4ad71da429a,171f86c4555c7c5ede8ee7f2384f65e10c5683c4,持卡人消费,土木楼网关,-16.0,90.79,3973,正常
2016/04/18 11:28:50,c9d1a6b4ce24857f53463ee30b0fb4ad71da429a,171f86c4555c7c5ede8ee7f2384f65e10c5683c4,持卡人消费,土木楼网关,-8.8,81.99,3974,正常
2016/04/18 11:54:52,c9d1a6b4ce24857f53463ee30b0fb4ad71da429a,171f86c4555c7c5ede8ee7f2384f65e10c5683c4,持卡人消费,学子超市A05,-9.7,72.29,3975,正常
2016/04/19 14:15:42,c9d1a6b4ce24857f53463ee30b0fb4ad71da429a,171f86c4555c7c5ede8ee7f2384f65e10c5683c4,持卡人消费,A5,-6.0,66.29,3976,正常
2016/04/19 14:34:51,c9d1a6b4ce24857f53463ee30b0fb4ad71da429a,171f86c4555c7c5ede8ee7f2384f65e10c5683c4,持卡人消费,土木楼水控,-2.82,63.47,3978,正常
2016/04/19 14:40:46,c9d1a6b4ce24857f53463ee30b0fb4ad71da429a,171f86c4555c7c5ede8ee7f2384f65e10c5683c4,持卡人消费,学子超市A05,-14.6,48.87,3979,正常
2016/04/20 11:10:50,c9d1a6b4ce24857f53463ee30b0fb4ad71da429a,171f86c4555c7c5ede8ee7f2384f65e10c5683c4,持卡人消费,土木楼网关,-8.0,40.87,3980,正常
2016/04/20 11:11:24,c9d1a6b4ce24857f53463ee30b0fb4ad71da429a,171f86c4555c7c5ede8ee7f2384f65e10c5683c4,持卡人消费,土木楼网关,-5.0,35.87,3981,正常
2016/04/20 11:11:53,c9d1a6b4ce24857f53463ee30b0fb4ad71da429a,171f86c4555c7c5ede8ee7f2384f65e10c5683c4,持卡人消费,土木楼网关,-5.0,30.87,3982,正常
2016/04/20 11:13:26,c9d1a6b4ce24857f53463ee30b0fb4ad71da429a,171f86c4555c7c5ede8ee7f2384f65e10c5683c4,持卡人消费,土木楼网关,-2.0,28.87,3983,正常
2016/04/21 09:58:42,c9d1a6b4ce24857f53463ee30b0fb4ad71da429a,171f86c4555c7c5ede8ee7f2384f65e10c5683c4,持卡人消费,学子超市A05,-0.9,27.97,3984,正常
2016/04/24 17:32:35,c9d1a6b4ce24857f53463ee30b0fb4ad71da429a,171f86c4555c7c5ede8ee7f2384f65e10c5683c4,持卡人消费,土木楼网关,-7.0,20.97,3985,正常
2016/04/24 17:33:51,c9d1a6b4ce24857f53463ee30b0fb4ad71da429a,171f86c4555c7c5ede8ee7f2384f65e10c5683c4,持卡人消费,土木楼网关,-3.2,17.77,3986,正常
2016/04/24 17:35:19,c9d1a6b4ce24857f53463ee30b0fb4ad71da429a,171f86c4555c7c5ede8ee7f2384f65e10c5683c4,持卡人消费,土木楼网关,-13.8,3.97,3987,正常
2016/04/25 11:10:32,c9d1a6b4ce24857f53463ee30b0fb4ad71da429a,171f86c4555c7c5ede8ee7f2384f65e10c5683c4,存款,现金充值机,100.0,103.97,3988,正常
2016/04/25 11:29:48,c9d1a6b4ce24857f53463ee30b0fb4ad71da429a,171f86c4555c7c5ede8ee7f2384f65e10c5683c4,持卡人消费,土木楼网关,-5.0,98.97,3989,正常
2016/04/25 11:30:27,c9d1a6b4ce24857f53463ee30b0fb4ad71da429a,171f86c4555c7c5ede8ee7f2384f65e10c5683c4,持卡人消费,土木楼网关,-14.5,84.47,3990,正常
2016/04/25 20:38:12,c9d1a6b4ce24857f53463ee30b0fb4ad71da429a,171f86c4555c7c5ede8ee7f2384f65e10c5683c4,持卡人消费,学子超市A05,-1.2,83.27,3991,正常
2016/04/27 11:08:35,c9d1a6b4ce24857f53463ee30b0fb4ad71da429a,171f86c4555c7c5ede8ee7f2384f65e10c5683c4,持卡人消费,网络中心,-30.0,53.27,3992,正常
