交易发生时间,学号,姓名,交易类型,子系统名称,交易额,现有余额,次数,状态
2016/04/01 14:53:39,122c5b0b68f5f00f87470129f8841008d61968bb,1726763fdd26cb863dab6d779cae8649e1b5ce24,持卡人消费,学子便利店A01后楼,-1.7,2.49,2727,正常
2016/04/03 20:44:16,122c5b0b68f5f00f87470129f8841008d61968bb,1726763fdd26cb863dab6d779cae8649e1b5ce24,持卡人消费,学子便利店A01后楼,-0.8,1.69,2728,正常
2016/04/07 18:29:29,122c5b0b68f5f00f87470129f8841008d61968bb,1726763fdd26cb863dab6d779cae8649e1b5ce24,持卡人消费,一区图书馆APOS,-0.3,1.39,2729,正常
2016/04/11 18:43:04,122c5b0b68f5f00f87470129f8841008d61968bb,1726763fdd26cb863dab6d779cae8649e1b5ce24,持卡人消费,学子便利店A01后楼,-0.7,0.69,2730,正常
2016/04/13 17:45:00,122c5b0b68f5f00f87470129f8841008d61968bb,1726763fdd26cb863dab6d779cae8649e1b5ce24,持卡人消费,学子便利店A01后楼,-0.2,0.49,2731,正常
2016/04/15 19:53:48,122c5b0b68f5f00f87470129f8841008d61968bb,1726763fdd26cb863dab6d779cae8649e1b5ce24,持卡人消费,学子便利店A01后楼,-0.1,0.39,2732,正常
2016/04/16 20:22:43,122c5b0b68f5f00f87470129f8841008d61968bb,1726763fdd26cb863dab6d779cae8649e1b5ce24,持卡人消费,学子便利店A01后楼,-0.3,0.09,2733,正常
2016/04/29 16:11:08,122c5b0b68f5f00f87470129f8841008d61968bb,1726763fdd26cb863dab6d779cae8649e1b5ce24,存款,现金充值机,100.0,100.09,2734,正常
2016/04/29 19:27:48,122c5b0b68f5f00f87470129f8841008d61968bb,1726763fdd26cb863dab6d779cae8649e1b5ce24,持卡人消费,硕果园（工大商店）,-12.0,88.09,2735,正常
2016/04/29 19:28:34,122c5b0b68f5f00f87470129f8841008d61968bb,1726763fdd26cb863dab6d779cae8649e1b5ce24,持卡人消费,硕果园（工大商店）,-3.5,84.59,2736,正常
2016/04/30 11:18:58,122c5b0b68f5f00f87470129f8841008d61968bb,1726763fdd26cb863dab6d779cae8649e1b5ce24,持卡人消费,学士楼商务网关,-8.0,76.59,2737,正常
2016/04/30 11:20:06,122c5b0b68f5f00f87470129f8841008d61968bb,1726763fdd26cb863dab6d779cae8649e1b5ce24,持卡人消费,学士楼商务网关,-2.5,74.09,2738,正常
2016/04/30 11:20:24,122c5b0b68f5f00f87470129f8841008d61968bb,1726763fdd26cb863dab6d779cae8649e1b5ce24,持卡人消费,学士楼商务网关,-1.8,72.29,2739,正常
2016/04/30 11:44:31,122c5b0b68f5f00f87470129f8841008d61968bb,1726763fdd26cb863dab6d779cae8649e1b5ce24,持卡人消费,学子便利店A01后楼,-3.7,68.59,2740,正常
2016/04/30 16:13:46,122c5b0b68f5f00f87470129f8841008d61968bb,1726763fdd26cb863dab6d779cae8649e1b5ce24,持卡人消费,学子便利店A01后楼,-3.0,65.59,2741,正常
