交易发生时间,学号,姓名,交易类型,子系统名称,交易额,现有余额,次数,状态
2016/04/01 08:32:23,c2f585f13be27d8f7e3ddf646845f8e18915aec3,1760be64acb9a06dc5235717b3c47c6c66ecbf96,存款,现金充值机,100.0,100.78,4356,正常
2016/04/01 08:35:35,c2f585f13be27d8f7e3ddf646845f8e18915aec3,1760be64acb9a06dc5235717b3c47c6c66ecbf96,存款,现金充值机,100.0,200.78,4357,正常
2016/04/01 08:50:39,c2f585f13be27d8f7e3ddf646845f8e18915aec3,1760be64acb9a06dc5235717b3c47c6c66ecbf96,持卡人消费,学苑楼商务网关,-7.0,193.78,4358,正常
2016/04/01 09:07:30,c2f585f13be27d8f7e3ddf646845f8e18915aec3,1760be64acb9a06dc5235717b3c47c6c66ecbf96,持卡人消费,学士楼商务网关,-1.8,191.98,4359,正常
2016/04/01 15:23:37,c2f585f13be27d8f7e3ddf646845f8e18915aec3,1760be64acb9a06dc5235717b3c47c6c66ecbf96,持卡人消费,硕果园（工大商店）,-12.0,179.98,4360,正常
2016/04/01 18:08:54,c2f585f13be27d8f7e3ddf646845f8e18915aec3,1760be64acb9a06dc5235717b3c47c6c66ecbf96,持卡人消费,学士楼商务网关,-0.6,179.38,4361,正常
2016/04/01 18:16:36,c2f585f13be27d8f7e3ddf646845f8e18915aec3,1760be64acb9a06dc5235717b3c47c6c66ecbf96,持卡人消费,硕果园（工大商店）,-4.5,174.88,4362,正常
2016/04/03 10:23:11,c2f585f13be27d8f7e3ddf646845f8e18915aec3,1760be64acb9a06dc5235717b3c47c6c66ecbf96,持卡人消费,硕果园（工大商店）,-12.0,162.88,4363,正常
2016/04/03 10:23:30,c2f585f13be27d8f7e3ddf646845f8e18915aec3,1760be64acb9a06dc5235717b3c47c6c66ecbf96,持卡人消费,硕果园（工大商店）,-12.0,150.88,4364,正常
2016/04/03 10:25:08,c2f585f13be27d8f7e3ddf646845f8e18915aec3,1760be64acb9a06dc5235717b3c47c6c66ecbf96,持卡人消费,硕果园（工大商店）,-1.0,149.88,4365,正常
2016/04/04 10:07:26,c2f585f13be27d8f7e3ddf646845f8e18915aec3,1760be64acb9a06dc5235717b3c47c6c66ecbf96,持卡人消费,学士楼商务网关,-7.0,142.88,4366,正常
2016/04/04 10:07:59,c2f585f13be27d8f7e3ddf646845f8e18915aec3,1760be64acb9a06dc5235717b3c47c6c66ecbf96,持卡人消费,学士楼商务网关,-1.2,141.68,4367,正常
2016/04/04 10:29:58,c2f585f13be27d8f7e3ddf646845f8e18915aec3,1760be64acb9a06dc5235717b3c47c6c66ecbf96,持卡人消费,超市商务子系统,-2.8,138.88,4368,正常
2016/04/04 15:33:36,c2f585f13be27d8f7e3ddf646845f8e18915aec3,1760be64acb9a06dc5235717b3c47c6c66ecbf96,持卡人消费,硕果园（工大商店）,-24.0,114.88,4369,正常
2016/04/05 07:41:07,c2f585f13be27d8f7e3ddf646845f8e18915aec3,1760be64acb9a06dc5235717b3c47c6c66ecbf96,持卡人消费,学士楼商务网关,-1.8,113.08,4370,正常
2016/04/05 07:41:43,c2f585f13be27d8f7e3ddf646845f8e18915aec3,1760be64acb9a06dc5235717b3c47c6c66ecbf96,持卡人消费,学士楼商务网关,-5.0,108.08,4371,正常
2016/04/05 15:41:24,c2f585f13be27d8f7e3ddf646845f8e18915aec3,1760be64acb9a06dc5235717b3c47c6c66ecbf96,持卡人消费,硕果园（工大商店）,-12.0,96.08,4372,正常
2016/04/06 08:11:26,c2f585f13be27d8f7e3ddf646845f8e18915aec3,1760be64acb9a06dc5235717b3c47c6c66ecbf96,持卡人消费,学士楼商务网关,-7.0,89.08,4373,正常
2016/04/06 08:11:48,c2f585f13be27d8f7e3ddf646845f8e18915aec3,1760be64acb9a06dc5235717b3c47c6c66ecbf96,持卡人消费,学士楼商务网关,-1.8,87.28,4374,正常
2016/04/07 08:01:32,c2f585f13be27d8f7e3ddf646845f8e18915aec3,1760be64acb9a06dc5235717b3c47c6c66ecbf96,持卡人消费,学士楼商务网关,-1.2,86.08,4375,正常
2016/04/07 08:02:18,c2f585f13be27d8f7e3ddf646845f8e18915aec3,1760be64acb9a06dc5235717b3c47c6c66ecbf96,持卡人消费,学士楼商务网关,-6.0,80.08,4376,正常
2016/04/07 13:50:53,c2f585f13be27d8f7e3ddf646845f8e18915aec3,1760be64acb9a06dc5235717b3c47c6c66ecbf96,持卡人消费,硕果园（工大商店）,-12.0,68.08,4377,正常
2016/04/07 14:01:47,c2f585f13be27d8f7e3ddf646845f8e18915aec3,1760be64acb9a06dc5235717b3c47c6c66ecbf96,持卡人消费,硕果园（工大商店）,-2.5,65.58,4378,正常
2016/04/07 18:47:20,c2f585f13be27d8f7e3ddf646845f8e18915aec3,1760be64acb9a06dc5235717b3c47c6c66ecbf96,持卡人消费,硕果园（工大商店）,-12.0,53.58,4379,正常
2016/04/07 18:56:50,c2f585f13be27d8f7e3ddf646845f8e18915aec3,1760be64acb9a06dc5235717b3c47c6c66ecbf96,持卡人消费,硕果园（工大商店）,-6.5,47.08,4380,正常
2016/04/08 08:01:40,c2f585f13be27d8f7e3ddf646845f8e18915aec3,1760be64acb9a06dc5235717b3c47c6c66ecbf96,持卡人消费,学士楼商务网关,-7.0,40.08,4381,正常
2016/04/08 11:56:48,c2f585f13be27d8f7e3ddf646845f8e18915aec3,1760be64acb9a06dc5235717b3c47c6c66ecbf96,持卡人消费,学士楼商务网关,-8.4,31.68,4382,正常
2016/04/08 15:32:18,c2f585f13be27d8f7e3ddf646845f8e18915aec3,1760be64acb9a06dc5235717b3c47c6c66ecbf96,持卡人消费,硕果园（工大商店）,-12.0,19.68,4383,正常
2016/04/08 20:08:10,c2f585f13be27d8f7e3ddf646845f8e18915aec3,1760be64acb9a06dc5235717b3c47c6c66ecbf96,持卡人消费,学子超市园丁总店,-3.8,15.88,4384,正常
2016/04/09 12:01:41,c2f585f13be27d8f7e3ddf646845f8e18915aec3,1760be64acb9a06dc5235717b3c47c6c66ecbf96,持卡人消费,硕果园（工大商店）,-12.0,3.88,4385,正常
2016/04/09 12:08:42,c2f585f13be27d8f7e3ddf646845f8e18915aec3,1760be64acb9a06dc5235717b3c47c6c66ecbf96,持卡人消费,硕果园（工大商店）,-1.0,2.88,4386,正常
2016/04/11 16:22:16,c2f585f13be27d8f7e3ddf646845f8e18915aec3,1760be64acb9a06dc5235717b3c47c6c66ecbf96,存款,现金充值机,200.0,202.88,4387,正常
2016/04/11 16:44:57,c2f585f13be27d8f7e3ddf646845f8e18915aec3,1760be64acb9a06dc5235717b3c47c6c66ecbf96,持卡人消费,学子楼商务网关,-4.6,198.28,4388,正常
2016/04/11 16:45:34,c2f585f13be27d8f7e3ddf646845f8e18915aec3,1760be64acb9a06dc5235717b3c47c6c66ecbf96,持卡人消费,学子楼商务网关,-3.35,194.93,4389,正常
2016/04/11 17:11:50,c2f585f13be27d8f7e3ddf646845f8e18915aec3,1760be64acb9a06dc5235717b3c47c6c66ecbf96,持卡人消费,一校区水控新,-1.12,193.81,4391,正常
2016/04/11 17:14:17,c2f585f13be27d8f7e3ddf646845f8e18915aec3,1760be64acb9a06dc5235717b3c47c6c66ecbf96,持卡人消费,一校区水控新,-0.24,193.57,4393,正常
2016/04/11 17:27:07,c2f585f13be27d8f7e3ddf646845f8e18915aec3,1760be64acb9a06dc5235717b3c47c6c66ecbf96,持卡人消费,A2,-3.0,190.57,4394,正常
2016/04/11 17:47:46,c2f585f13be27d8f7e3ddf646845f8e18915aec3,1760be64acb9a06dc5235717b3c47c6c66ecbf96,持卡人消费,超市商务子系统,-9.0,181.57,4395,正常
2016/04/11 17:50:16,c2f585f13be27d8f7e3ddf646845f8e18915aec3,1760be64acb9a06dc5235717b3c47c6c66ecbf96,持卡人消费,超市商务子系统,-4.4,177.17,4396,正常
2016/04/12 07:34:40,c2f585f13be27d8f7e3ddf646845f8e18915aec3,1760be64acb9a06dc5235717b3c47c6c66ecbf96,持卡人消费,学士楼商务网关,-7.0,170.17,4397,正常
2016/04/12 07:35:07,c2f585f13be27d8f7e3ddf646845f8e18915aec3,1760be64acb9a06dc5235717b3c47c6c66ecbf96,持卡人消费,学士楼商务网关,-1.2,168.97,4398,正常
2016/04/12 15:59:25,c2f585f13be27d8f7e3ddf646845f8e18915aec3,1760be64acb9a06dc5235717b3c47c6c66ecbf96,持卡人消费,硕果园（工大商店）,-12.0,156.97,4399,正常
2016/04/12 16:10:33,c2f585f13be27d8f7e3ddf646845f8e18915aec3,1760be64acb9a06dc5235717b3c47c6c66ecbf96,持卡人消费,硕果园（工大商店）,-2.5,154.47,4400,正常
2016/04/12 16:11:29,c2f585f13be27d8f7e3ddf646845f8e18915aec3,1760be64acb9a06dc5235717b3c47c6c66ecbf96,持卡人消费,硕果园（工大商店）,-5.0,149.47,4401,正常
2016/04/13 07:46:26,c2f585f13be27d8f7e3ddf646845f8e18915aec3,1760be64acb9a06dc5235717b3c47c6c66ecbf96,持卡人消费,学士楼商务网关,-1.8,147.67,4402,正常
2016/04/13 07:47:05,c2f585f13be27d8f7e3ddf646845f8e18915aec3,1760be64acb9a06dc5235717b3c47c6c66ecbf96,持卡人消费,学士楼商务网关,-5.0,142.67,4403,正常
2016/04/14 07:34:41,c2f585f13be27d8f7e3ddf646845f8e18915aec3,1760be64acb9a06dc5235717b3c47c6c66ecbf96,持卡人消费,学士楼商务网关,-1.2,141.47,4404,正常
2016/04/14 07:35:11,c2f585f13be27d8f7e3ddf646845f8e18915aec3,1760be64acb9a06dc5235717b3c47c6c66ecbf96,持卡人消费,学士楼商务网关,-7.0,134.47,4405,正常
2016/04/14 07:38:45,c2f585f13be27d8f7e3ddf646845f8e18915aec3,1760be64acb9a06dc5235717b3c47c6c66ecbf96,持卡人消费,学士楼商务网关,-1.0,133.47,4406,正常
2016/04/14 14:08:54,c2f585f13be27d8f7e3ddf646845f8e18915aec3,1760be64acb9a06dc5235717b3c47c6c66ecbf96,持卡人消费,硕果园（工大商店）,-12.0,121.47,4407,正常
2016/04/14 18:57:57,c2f585f13be27d8f7e3ddf646845f8e18915aec3,1760be64acb9a06dc5235717b3c47c6c66ecbf96,持卡人消费,硕果园（工大商店）,-14.0,107.47,4408,正常
2016/04/14 19:00:21,c2f585f13be27d8f7e3ddf646845f8e18915aec3,1760be64acb9a06dc5235717b3c47c6c66ecbf96,持卡人消费,硕果园（工大商店）,-2.5,104.97,4409,正常
2016/04/15 07:34:22,c2f585f13be27d8f7e3ddf646845f8e18915aec3,1760be64acb9a06dc5235717b3c47c6c66ecbf96,持卡人消费,学士楼商务网关,-1.2,103.77,4410,正常
2016/04/15 07:34:43,c2f585f13be27d8f7e3ddf646845f8e18915aec3,1760be64acb9a06dc5235717b3c47c6c66ecbf96,持卡人消费,学士楼商务网关,-7.0,96.77,4411,正常
2016/04/15 07:37:58,c2f585f13be27d8f7e3ddf646845f8e18915aec3,1760be64acb9a06dc5235717b3c47c6c66ecbf96,持卡人消费,学士楼商务网关,-1.0,95.77,4412,正常
2016/04/15 17:49:47,c2f585f13be27d8f7e3ddf646845f8e18915aec3,1760be64acb9a06dc5235717b3c47c6c66ecbf96,持卡人消费,学苑楼商务网关,-8.0,87.77,4413,正常
2016/04/16 18:07:00,c2f585f13be27d8f7e3ddf646845f8e18915aec3,1760be64acb9a06dc5235717b3c47c6c66ecbf96,持卡人消费,学士楼商务网关,-3.6,84.17,4414,正常
2016/04/16 05:08:29,c2f585f13be27d8f7e3ddf646845f8e18915aec3,1760be64acb9a06dc5235717b3c47c6c66ecbf96,持卡人消费,学士楼商务网关,-3.5,80.67,4415,正常
2016/04/16 05:09:49,c2f585f13be27d8f7e3ddf646845f8e18915aec3,1760be64acb9a06dc5235717b3c47c6c66ecbf96,持卡人消费,学士楼商务网关,-6.0,74.67,4416,正常
2016/04/01 09:37:12,c2f585f13be27d8f7e3ddf646845f8e18915aec3,1760be64acb9a06dc5235717b3c47c6c66ecbf96,持卡人消费,学士楼商务网关,-3.6,71.07,4417,正常
2016/04/17 09:38:12,c2f585f13be27d8f7e3ddf646845f8e18915aec3,1760be64acb9a06dc5235717b3c47c6c66ecbf96,持卡人消费,学士楼商务网关,-3.4,67.67,4418,正常
2016/04/17 13:54:03,c2f585f13be27d8f7e3ddf646845f8e18915aec3,1760be64acb9a06dc5235717b3c47c6c66ecbf96,持卡人消费,硕果园（工大商店）,-14.0,53.67,4419,正常
2016/04/17 18:37:49,c2f585f13be27d8f7e3ddf646845f8e18915aec3,1760be64acb9a06dc5235717b3c47c6c66ecbf96,持卡人消费,学士楼商务网关,-3.5,50.17,4420,正常
2016/04/17 18:38:36,c2f585f13be27d8f7e3ddf646845f8e18915aec3,1760be64acb9a06dc5235717b3c47c6c66ecbf96,持卡人消费,学士楼商务网关,-4.8,45.37,4421,正常
2016/04/17 18:39:49,c2f585f13be27d8f7e3ddf646845f8e18915aec3,1760be64acb9a06dc5235717b3c47c6c66ecbf96,持卡人消费,学士楼商务网关,-3.0,42.37,4422,正常
2016/04/18 08:00:32,c2f585f13be27d8f7e3ddf646845f8e18915aec3,1760be64acb9a06dc5235717b3c47c6c66ecbf96,持卡人消费,学士楼商务网关,-1.0,41.37,4423,正常
2016/04/18 08:01:06,c2f585f13be27d8f7e3ddf646845f8e18915aec3,1760be64acb9a06dc5235717b3c47c6c66ecbf96,持卡人消费,学士楼商务网关,-7.0,34.37,4424,正常
2016/04/18 14:17:41,c2f585f13be27d8f7e3ddf646845f8e18915aec3,1760be64acb9a06dc5235717b3c47c6c66ecbf96,持卡人消费,硕果园（工大商店）,-10.0,24.37,4425,正常
2016/04/18 17:55:41,c2f585f13be27d8f7e3ddf646845f8e18915aec3,1760be64acb9a06dc5235717b3c47c6c66ecbf96,持卡人消费,学苑楼商务网关,-4.0,20.37,4426,正常
2016/04/19 07:41:34,c2f585f13be27d8f7e3ddf646845f8e18915aec3,1760be64acb9a06dc5235717b3c47c6c66ecbf96,持卡人消费,学士楼商务网关,-7.0,13.37,4427,正常
2016/04/19 07:43:36,c2f585f13be27d8f7e3ddf646845f8e18915aec3,1760be64acb9a06dc5235717b3c47c6c66ecbf96,持卡人消费,学士楼商务网关,-1.0,12.37,4428,正常
2016/04/19 09:59:06,c2f585f13be27d8f7e3ddf646845f8e18915aec3,1760be64acb9a06dc5235717b3c47c6c66ecbf96,持卡人消费,超市商务子系统,-0.4,11.97,4429,正常
2016/04/20 07:52:44,c2f585f13be27d8f7e3ddf646845f8e18915aec3,1760be64acb9a06dc5235717b3c47c6c66ecbf96,持卡人消费,学士楼商务网关,-7.0,4.97,4430,正常
2016/04/20 07:53:24,c2f585f13be27d8f7e3ddf646845f8e18915aec3,1760be64acb9a06dc5235717b3c47c6c66ecbf96,持卡人消费,学士楼商务网关,-1.2,3.77,4431,正常
2016/04/20 07:55:56,c2f585f13be27d8f7e3ddf646845f8e18915aec3,1760be64acb9a06dc5235717b3c47c6c66ecbf96,持卡人消费,学士楼商务网关,-2.4,1.37,4432,正常
2016/04/20 07:56:07,c2f585f13be27d8f7e3ddf646845f8e18915aec3,1760be64acb9a06dc5235717b3c47c6c66ecbf96,持卡人消费,学士楼商务网关,-1.0,0.37,4433,正常
2016/04/21 17:21:31,c2f585f13be27d8f7e3ddf646845f8e18915aec3,1760be64acb9a06dc5235717b3c47c6c66ecbf96,存款,现金充值机,200.0,200.37,4434,正常
2016/04/21 17:44:37,c2f585f13be27d8f7e3ddf646845f8e18915aec3,1760be64acb9a06dc5235717b3c47c6c66ecbf96,持卡人消费,学苑楼商务网关,-5.0,195.37,4435,正常
2016/04/21 18:00:43,c2f585f13be27d8f7e3ddf646845f8e18915aec3,1760be64acb9a06dc5235717b3c47c6c66ecbf96,持卡人消费,硕果园（工大商店）,-12.0,183.37,4436,正常
2016/04/22 07:54:55,c2f585f13be27d8f7e3ddf646845f8e18915aec3,1760be64acb9a06dc5235717b3c47c6c66ecbf96,持卡人消费,学士楼商务网关,-6.3,177.07,4437,正常
2016/04/22 11:49:58,c2f585f13be27d8f7e3ddf646845f8e18915aec3,1760be64acb9a06dc5235717b3c47c6c66ecbf96,持卡人消费,学苑楼商务网关,-8.0,169.07,4438,正常
2016/04/22 11:51:17,c2f585f13be27d8f7e3ddf646845f8e18915aec3,1760be64acb9a06dc5235717b3c47c6c66ecbf96,持卡人消费,学苑楼商务网关,-3.0,166.07,4439,正常
2016/04/23 12:08:09,c2f585f13be27d8f7e3ddf646845f8e18915aec3,1760be64acb9a06dc5235717b3c47c6c66ecbf96,持卡人消费,硕果园（工大商店）,-11.0,155.07,4440,正常
2016/04/24 08:53:14,c2f585f13be27d8f7e3ddf646845f8e18915aec3,1760be64acb9a06dc5235717b3c47c6c66ecbf96,持卡人消费,硕果园（工大商店）,-6.0,149.07,4441,正常
2016/04/24 08:53:54,c2f585f13be27d8f7e3ddf646845f8e18915aec3,1760be64acb9a06dc5235717b3c47c6c66ecbf96,持卡人消费,硕果园（工大商店）,-7.0,142.07,4442,正常
2016/04/25 12:59:08,c2f585f13be27d8f7e3ddf646845f8e18915aec3,1760be64acb9a06dc5235717b3c47c6c66ecbf96,持卡人消费,硕果园（工大商店）,-15.0,127.07,4443,正常
2016/04/25 13:06:10,c2f585f13be27d8f7e3ddf646845f8e18915aec3,1760be64acb9a06dc5235717b3c47c6c66ecbf96,持卡人消费,硕果园（工大商店）,-4.0,123.07,4444,正常
2016/04/25 17:36:26,c2f585f13be27d8f7e3ddf646845f8e18915aec3,1760be64acb9a06dc5235717b3c47c6c66ecbf96,持卡人消费,学子楼商务网关,-4.1,118.97,4445,正常
2016/04/25 17:37:24,c2f585f13be27d8f7e3ddf646845f8e18915aec3,1760be64acb9a06dc5235717b3c47c6c66ecbf96,持卡人消费,学子楼商务网关,-6.1,112.87,4446,正常
2016/04/25 18:32:06,c2f585f13be27d8f7e3ddf646845f8e18915aec3,1760be64acb9a06dc5235717b3c47c6c66ecbf96,持卡人消费,一校区水控新,-0.75,112.12,4448,正常
2016/04/25 18:33:38,c2f585f13be27d8f7e3ddf646845f8e18915aec3,1760be64acb9a06dc5235717b3c47c6c66ecbf96,持卡人消费,一校区水控新,-0.26,111.86,4450,正常
2016/04/25 19:23:21,c2f585f13be27d8f7e3ddf646845f8e18915aec3,1760be64acb9a06dc5235717b3c47c6c66ecbf96,持卡人消费,A2,-3.0,108.86,4451,正常
2016/04/26 07:26:53,c2f585f13be27d8f7e3ddf646845f8e18915aec3,1760be64acb9a06dc5235717b3c47c6c66ecbf96,持卡人消费,学士楼商务网关,-7.0,101.86,4452,正常
2016/04/26 14:27:38,c2f585f13be27d8f7e3ddf646845f8e18915aec3,1760be64acb9a06dc5235717b3c47c6c66ecbf96,持卡人消费,学子楼商务网关,-9.5,92.36,4453,正常
2016/04/26 15:52:09,c2f585f13be27d8f7e3ddf646845f8e18915aec3,1760be64acb9a06dc5235717b3c47c6c66ecbf96,持卡人消费,网络中心,-30.0,62.36,4454,正常
2016/04/26 17:22:10,c2f585f13be27d8f7e3ddf646845f8e18915aec3,1760be64acb9a06dc5235717b3c47c6c66ecbf96,持卡人消费,学士楼商务网关,-3.6,58.76,4455,正常
2016/04/26 17:23:24,c2f585f13be27d8f7e3ddf646845f8e18915aec3,1760be64acb9a06dc5235717b3c47c6c66ecbf96,持卡人消费,学士楼商务网关,-2.0,56.76,4456,正常
2016/04/26 17:24:33,c2f585f13be27d8f7e3ddf646845f8e18915aec3,1760be64acb9a06dc5235717b3c47c6c66ecbf96,持卡人消费,学士楼商务网关,-3.0,53.76,4457,正常
2016/04/27 08:52:53,c2f585f13be27d8f7e3ddf646845f8e18915aec3,1760be64acb9a06dc5235717b3c47c6c66ecbf96,持卡人消费,硕果园（工大商店）,-13.0,40.76,4458,正常
2016/04/27 13:38:54,c2f585f13be27d8f7e3ddf646845f8e18915aec3,1760be64acb9a06dc5235717b3c47c6c66ecbf96,持卡人消费,硕果园（工大商店）,-11.0,29.76,4459,正常
2016/04/27 17:46:09,c2f585f13be27d8f7e3ddf646845f8e18915aec3,1760be64acb9a06dc5235717b3c47c6c66ecbf96,持卡人消费,学子楼商务网关,-6.1,23.66,4460,正常
2016/04/27 19:17:02,c2f585f13be27d8f7e3ddf646845f8e18915aec3,1760be64acb9a06dc5235717b3c47c6c66ecbf96,持卡人消费,超市商务子系统,-9.0,14.66,4461,正常
2016/04/27 19:27:05,c2f585f13be27d8f7e3ddf646845f8e18915aec3,1760be64acb9a06dc5235717b3c47c6c66ecbf96,持卡人消费,硕果园（工大商店）,-9.0,5.66,4462,正常
2016/04/28 08:33:20,c2f585f13be27d8f7e3ddf646845f8e18915aec3,1760be64acb9a06dc5235717b3c47c6c66ecbf96,存款,卡中心综合业务,150.0,155.66,4463,正常
2016/04/28 09:36:25,c2f585f13be27d8f7e3ddf646845f8e18915aec3,1760be64acb9a06dc5235717b3c47c6c66ecbf96,持卡人消费,硕果园（工大商店）,-13.0,142.66,4464,正常
2016/04/28 15:23:36,c2f585f13be27d8f7e3ddf646845f8e18915aec3,1760be64acb9a06dc5235717b3c47c6c66ecbf96,持卡人消费,硕果园（工大商店）,-11.0,131.66,4465,正常
2016/04/29 07:58:07,c2f585f13be27d8f7e3ddf646845f8e18915aec3,1760be64acb9a06dc5235717b3c47c6c66ecbf96,持卡人消费,学士楼商务网关,-7.0,124.66,4466,正常
2016/04/29 07:59:34,c2f585f13be27d8f7e3ddf646845f8e18915aec3,1760be64acb9a06dc5235717b3c47c6c66ecbf96,持卡人消费,学士楼商务网关,-1.0,123.66,4467,正常
2016/04/30 15:49:16,c2f585f13be27d8f7e3ddf646845f8e18915aec3,1760be64acb9a06dc5235717b3c47c6c66ecbf96,持卡人消费,硕果园（工大商店）,-12.0,111.66,4468,正常
