交易发生时间,学号,姓名,交易类型,子系统名称,交易额,现有余额,次数,状态
2016/04/04 11:38:23,1dbe3f653c042d2c470878d9b77660b18338f52f,1778f2440ab297375b84f8d6aa7f255efedd640c,存款,现金充值机,100.0,103.95,2817,正常
2016/04/04 12:00:58,1dbe3f653c042d2c470878d9b77660b18338f52f,1778f2440ab297375b84f8d6aa7f255efedd640c,持卡人消费,学士楼商务网关,-17.0,86.95,2818,正常
2016/04/04 12:18:31,1dbe3f653c042d2c470878d9b77660b18338f52f,1778f2440ab297375b84f8d6aa7f255efedd640c,持卡人消费,超市商务子系统,-15.0,71.95,2819,正常
2016/04/06 11:33:45,1dbe3f653c042d2c470878d9b77660b18338f52f,1778f2440ab297375b84f8d6aa7f255efedd640c,持卡人消费,学苑楼商务网关,-7.0,64.95,2820,正常
2016/04/06 11:34:22,1dbe3f653c042d2c470878d9b77660b18338f52f,1778f2440ab297375b84f8d6aa7f255efedd640c,持卡人消费,学苑楼商务网关,-3.0,61.95,2821,正常
2016/04/06 11:35:50,1dbe3f653c042d2c470878d9b77660b18338f52f,1778f2440ab297375b84f8d6aa7f255efedd640c,持卡人消费,学苑楼商务网关,-8.0,53.95,2822,正常
2016/04/06 11:36:03,1dbe3f653c042d2c470878d9b77660b18338f52f,1778f2440ab297375b84f8d6aa7f255efedd640c,持卡人消费,学苑楼商务网关,-7.0,46.95,2823,正常
2016/04/06 11:37:25,1dbe3f653c042d2c470878d9b77660b18338f52f,1778f2440ab297375b84f8d6aa7f255efedd640c,持卡人消费,学苑楼商务网关,-3.0,43.95,2824,正常
2016/04/07 11:31:57,1dbe3f653c042d2c470878d9b77660b18338f52f,1778f2440ab297375b84f8d6aa7f255efedd640c,持卡人消费,学苑楼商务网关,-7.0,36.95,2825,正常
2016/04/07 11:33:28,1dbe3f653c042d2c470878d9b77660b18338f52f,1778f2440ab297375b84f8d6aa7f255efedd640c,持卡人消费,学苑楼商务网关,-7.5,29.45,2826,正常
2016/04/07 11:36:00,1dbe3f653c042d2c470878d9b77660b18338f52f,1778f2440ab297375b84f8d6aa7f255efedd640c,持卡人消费,学苑楼商务网关,-1.5,27.95,2827,正常
2016/04/07 11:36:46,1dbe3f653c042d2c470878d9b77660b18338f52f,1778f2440ab297375b84f8d6aa7f255efedd640c,持卡人消费,学苑楼商务网关,-6.0,21.95,2828,正常
2016/04/08 08:16:08,1dbe3f653c042d2c470878d9b77660b18338f52f,1778f2440ab297375b84f8d6aa7f255efedd640c,持卡人消费,学士楼商务网关,-5.0,16.95,2829,正常
2016/04/08 08:16:39,1dbe3f653c042d2c470878d9b77660b18338f52f,1778f2440ab297375b84f8d6aa7f255efedd640c,持卡人消费,学士楼商务网关,-0.6,16.35,2830,正常
2016/04/08 08:17:03,1dbe3f653c042d2c470878d9b77660b18338f52f,1778f2440ab297375b84f8d6aa7f255efedd640c,持卡人消费,学士楼商务网关,-0.6,15.75,2831,正常
2016/04/08 12:01:56,1dbe3f653c042d2c470878d9b77660b18338f52f,1778f2440ab297375b84f8d6aa7f255efedd640c,持卡人消费,超市商务子系统,-9.9,5.85,2832,正常
2016/04/08 12:20:54,1dbe3f653c042d2c470878d9b77660b18338f52f,1778f2440ab297375b84f8d6aa7f255efedd640c,持卡人消费,一校区水控新,-0.32,5.53,2834,正常
2016/04/08 12:23:14,1dbe3f653c042d2c470878d9b77660b18338f52f,1778f2440ab297375b84f8d6aa7f255efedd640c,持卡人消费,一校区水控新,-0.37,5.16,2836,正常
2016/04/08 12:28:40,1dbe3f653c042d2c470878d9b77660b18338f52f,1778f2440ab297375b84f8d6aa7f255efedd640c,持卡人消费,一校区水控新,-0.94,4.22,2838,正常
2016/04/15 17:08:36,1dbe3f653c042d2c470878d9b77660b18338f52f,1778f2440ab297375b84f8d6aa7f255efedd640c,存款,现金充值机,100.0,104.22,2839,正常
2016/04/15 17:31:48,1dbe3f653c042d2c470878d9b77660b18338f52f,1778f2440ab297375b84f8d6aa7f255efedd640c,持卡人消费,学苑楼商务网关,-7.0,97.22,2840,正常
2016/04/15 17:32:18,1dbe3f653c042d2c470878d9b77660b18338f52f,1778f2440ab297375b84f8d6aa7f255efedd640c,持卡人消费,学苑楼商务网关,-10.0,87.22,2841,正常
2016/04/15 17:49:54,1dbe3f653c042d2c470878d9b77660b18338f52f,1778f2440ab297375b84f8d6aa7f255efedd640c,持卡人消费,学苑楼商务网关,-9.0,78.22,2842,正常
2016/04/15 17:50:30,1dbe3f653c042d2c470878d9b77660b18338f52f,1778f2440ab297375b84f8d6aa7f255efedd640c,持卡人消费,学苑楼商务网关,-9.3,68.92,2843,正常
2016/04/17 18:00:57,1dbe3f653c042d2c470878d9b77660b18338f52f,1778f2440ab297375b84f8d6aa7f255efedd640c,持卡人消费,学士楼商务网关,-8.0,60.92,2844,正常
2016/04/17 18:01:41,1dbe3f653c042d2c470878d9b77660b18338f52f,1778f2440ab297375b84f8d6aa7f255efedd640c,持卡人消费,学士楼商务网关,-5.0,55.92,2845,正常
2016/04/17 18:02:19,1dbe3f653c042d2c470878d9b77660b18338f52f,1778f2440ab297375b84f8d6aa7f255efedd640c,持卡人消费,学士楼商务网关,-3.7,52.22,2846,正常
2016/04/17 18:18:12,1dbe3f653c042d2c470878d9b77660b18338f52f,1778f2440ab297375b84f8d6aa7f255efedd640c,持卡人消费,硕果园（工大商店）,-5.0,47.22,2847,正常
2016/04/19 19:15:13,1dbe3f653c042d2c470878d9b77660b18338f52f,1778f2440ab297375b84f8d6aa7f255efedd640c,持卡人消费,超市商务子系统,-2.5,44.72,2848,正常
2016/04/20 17:32:44,1dbe3f653c042d2c470878d9b77660b18338f52f,1778f2440ab297375b84f8d6aa7f255efedd640c,持卡人消费,学子楼商务网关,-3.0,41.72,2849,正常
2016/04/20 17:33:20,1dbe3f653c042d2c470878d9b77660b18338f52f,1778f2440ab297375b84f8d6aa7f255efedd640c,持卡人消费,学子楼商务网关,-9.6,32.12,2850,正常
2016/04/20 17:33:26,1dbe3f653c042d2c470878d9b77660b18338f52f,1778f2440ab297375b84f8d6aa7f255efedd640c,持卡人消费,学子楼商务网关,-7.2,24.92,2851,正常
2016/04/20 17:34:26,1dbe3f653c042d2c470878d9b77660b18338f52f,1778f2440ab297375b84f8d6aa7f255efedd640c,持卡人消费,学子楼商务网关,-4.0,20.92,2852,正常
2016/04/22 20:47:04,1dbe3f653c042d2c470878d9b77660b18338f52f,1778f2440ab297375b84f8d6aa7f255efedd640c,持卡人消费,硕果园（工大商店）,-0.5,20.42,2853,正常
2016/04/23 08:11:44,1dbe3f653c042d2c470878d9b77660b18338f52f,1778f2440ab297375b84f8d6aa7f255efedd640c,持卡人消费,学士楼商务网关,-3.5,16.92,2854,正常
2016/04/23 08:13:30,1dbe3f653c042d2c470878d9b77660b18338f52f,1778f2440ab297375b84f8d6aa7f255efedd640c,持卡人消费,学士楼商务网关,-2.0,14.92,2855,正常
2016/04/25 08:53:21,1dbe3f653c042d2c470878d9b77660b18338f52f,1778f2440ab297375b84f8d6aa7f255efedd640c,持卡人消费,学士楼商务网关,-1.9,13.02,2856,正常
2016/04/25 08:54:14,1dbe3f653c042d2c470878d9b77660b18338f52f,1778f2440ab297375b84f8d6aa7f255efedd640c,持卡人消费,学士楼商务网关,-2.0,11.02,2857,正常
2016/04/25 17:15:08,1dbe3f653c042d2c470878d9b77660b18338f52f,1778f2440ab297375b84f8d6aa7f255efedd640c,存款,卡中心综合业务,100.0,111.02,2858,正常
2016/04/25 17:18:18,1dbe3f653c042d2c470878d9b77660b18338f52f,1778f2440ab297375b84f8d6aa7f255efedd640c,持卡人消费,学苑楼商务网关,-4.0,107.02,2859,正常
2016/04/25 17:20:23,1dbe3f653c042d2c470878d9b77660b18338f52f,1778f2440ab297375b84f8d6aa7f255efedd640c,持卡人消费,学苑楼商务网关,-3.0,104.02,2860,正常
2016/04/26 08:35:11,1dbe3f653c042d2c470878d9b77660b18338f52f,1778f2440ab297375b84f8d6aa7f255efedd640c,持卡人消费,学士楼商务网关,-2.6,101.42,2861,正常
2016/04/26 08:35:51,1dbe3f653c042d2c470878d9b77660b18338f52f,1778f2440ab297375b84f8d6aa7f255efedd640c,持卡人消费,学士楼商务网关,-0.6,100.82,2862,正常
2016/04/26 08:36:47,1dbe3f653c042d2c470878d9b77660b18338f52f,1778f2440ab297375b84f8d6aa7f255efedd640c,持卡人消费,学士楼商务网关,-2.0,98.82,2863,正常
2016/04/26 11:36:32,1dbe3f653c042d2c470878d9b77660b18338f52f,1778f2440ab297375b84f8d6aa7f255efedd640c,持卡人消费,学苑楼商务网关,-8.0,90.82,2864,正常
2016/04/26 17:23:16,1dbe3f653c042d2c470878d9b77660b18338f52f,1778f2440ab297375b84f8d6aa7f255efedd640c,持卡人消费,学士楼商务网关,-12.5,78.32,2865,正常
2016/04/26 17:25:00,1dbe3f653c042d2c470878d9b77660b18338f52f,1778f2440ab297375b84f8d6aa7f255efedd640c,持卡人消费,学士楼商务网关,-3.0,75.32,2866,正常
2016/04/26 17:42:15,1dbe3f653c042d2c470878d9b77660b18338f52f,1778f2440ab297375b84f8d6aa7f255efedd640c,持卡人消费,超市商务子系统,-8.0,67.32,2867,正常
2016/04/26 17:50:54,1dbe3f653c042d2c470878d9b77660b18338f52f,1778f2440ab297375b84f8d6aa7f255efedd640c,持卡人消费,超市商务子系统,-17.6,49.72,2868,正常
2016/04/27 11:30:36,1dbe3f653c042d2c470878d9b77660b18338f52f,1778f2440ab297375b84f8d6aa7f255efedd640c,持卡人消费,学苑楼商务网关,-8.0,41.72,2869,正常
2016/04/27 11:31:15,1dbe3f653c042d2c470878d9b77660b18338f52f,1778f2440ab297375b84f8d6aa7f255efedd640c,持卡人消费,学苑楼商务网关,-10.0,31.72,2870,正常
2016/04/27 11:32:03,1dbe3f653c042d2c470878d9b77660b18338f52f,1778f2440ab297375b84f8d6aa7f255efedd640c,持卡人消费,学苑楼商务网关,-3.0,28.72,2871,正常
2016/04/29 11:13:10,1dbe3f653c042d2c470878d9b77660b18338f52f,1778f2440ab297375b84f8d6aa7f255efedd640c,持卡人消费,学苑楼商务网关,-5.0,23.72,2872,正常
2016/04/29 11:16:02,1dbe3f653c042d2c470878d9b77660b18338f52f,1778f2440ab297375b84f8d6aa7f255efedd640c,持卡人消费,学苑楼商务网关,-7.0,16.72,2873,正常
2016/04/29 17:26:23,1dbe3f653c042d2c470878d9b77660b18338f52f,1778f2440ab297375b84f8d6aa7f255efedd640c,持卡人消费,学苑楼商务网关,-8.0,8.72,2874,正常
2016/04/29 17:27:24,1dbe3f653c042d2c470878d9b77660b18338f52f,1778f2440ab297375b84f8d6aa7f255efedd640c,持卡人消费,学苑楼商务网关,-3.0,5.72,2875,正常
2016/04/29 19:32:23,1dbe3f653c042d2c470878d9b77660b18338f52f,1778f2440ab297375b84f8d6aa7f255efedd640c,持卡人消费,一校区水控新,-1.9,3.82,2877,正常
