交易发生时间,学号,姓名,交易类型,子系统名称,交易额,现有余额,次数,状态
2016/04/02 08:40:43,b9f8b1a77d61616df2334146c31c8fe317ce895c,1797dc4991e70804d5ec8a4d8d674b2a1755b21d,持卡人消费,学士楼商务网关,-2.7,4.70,3296,正常
2016/04/02 16:25:32,b9f8b1a77d61616df2334146c31c8fe317ce895c,1797dc4991e70804d5ec8a4d8d674b2a1755b21d,存款,现金充值机,10.0,14.70,3297,正常
2016/04/02 16:42:12,b9f8b1a77d61616df2334146c31c8fe317ce895c,1797dc4991e70804d5ec8a4d8d674b2a1755b21d,持卡人消费,学苑楼商务网关,-8.0,6.70,3298,正常
2016/04/03 08:44:27,b9f8b1a77d61616df2334146c31c8fe317ce895c,1797dc4991e70804d5ec8a4d8d674b2a1755b21d,持卡人消费,学士楼商务网关,-1.6,5.10,3299,正常
2016/04/04 07:22:50,b9f8b1a77d61616df2334146c31c8fe317ce895c,1797dc4991e70804d5ec8a4d8d674b2a1755b21d,持卡人消费,学士楼商务网关,-2.7,2.40,3300,正常
2016/04/04 11:33:22,b9f8b1a77d61616df2334146c31c8fe317ce895c,1797dc4991e70804d5ec8a4d8d674b2a1755b21d,存款,现金充值机,20.0,22.40,3301,正常
2016/04/04 11:50:00,b9f8b1a77d61616df2334146c31c8fe317ce895c,1797dc4991e70804d5ec8a4d8d674b2a1755b21d,持卡人消费,学苑楼商务网关,-9.0,13.40,3302,正常
2016/04/05 20:29:37,b9f8b1a77d61616df2334146c31c8fe317ce895c,1797dc4991e70804d5ec8a4d8d674b2a1755b21d,持卡人消费,超市商务子系统,-0.9,12.50,3303,正常
2016/04/06 08:06:27,b9f8b1a77d61616df2334146c31c8fe317ce895c,1797dc4991e70804d5ec8a4d8d674b2a1755b21d,持卡人消费,学士楼商务网关,-1.6,10.90,3304,正常
2016/04/06 17:27:37,b9f8b1a77d61616df2334146c31c8fe317ce895c,1797dc4991e70804d5ec8a4d8d674b2a1755b21d,持卡人消费,一区图书馆APOS,-3.45,7.45,3305,正常
2016/04/06 17:12:16,b9f8b1a77d61616df2334146c31c8fe317ce895c,1797dc4991e70804d5ec8a4d8d674b2a1755b21d,存款,现金充值机,10.0,17.45,3306,正常
2016/04/06 17:28:59,b9f8b1a77d61616df2334146c31c8fe317ce895c,1797dc4991e70804d5ec8a4d8d674b2a1755b21d,持卡人消费,学苑楼商务网关,-7.0,10.45,3307,正常
2016/04/06 17:33:13,b9f8b1a77d61616df2334146c31c8fe317ce895c,1797dc4991e70804d5ec8a4d8d674b2a1755b21d,持卡人消费,学苑楼商务网关,-0.8,9.65,3308,正常
2016/04/07 10:17:01,b9f8b1a77d61616df2334146c31c8fe317ce895c,1797dc4991e70804d5ec8a4d8d674b2a1755b21d,持卡人消费,A2,-3.0,6.65,3309,正常
2016/04/09 08:36:42,b9f8b1a77d61616df2334146c31c8fe317ce895c,1797dc4991e70804d5ec8a4d8d674b2a1755b21d,持卡人消费,学士楼商务网关,-2.7,3.95,3310,正常
2016/04/09 22:05:06,b9f8b1a77d61616df2334146c31c8fe317ce895c,1797dc4991e70804d5ec8a4d8d674b2a1755b21d,持卡人消费,A2,-3.0,0.95,3311,正常
2016/04/11 17:15:29,b9f8b1a77d61616df2334146c31c8fe317ce895c,1797dc4991e70804d5ec8a4d8d674b2a1755b21d,存款,现金充值机,100.0,100.95,3312,正常
2016/04/11 17:36:55,b9f8b1a77d61616df2334146c31c8fe317ce895c,1797dc4991e70804d5ec8a4d8d674b2a1755b21d,持卡人消费,学苑楼商务网关,-8.0,92.95,3313,正常
2016/04/12 17:58:59,b9f8b1a77d61616df2334146c31c8fe317ce895c,1797dc4991e70804d5ec8a4d8d674b2a1755b21d,持卡人消费,学士楼商务网关,-7.1,85.85,3314,正常
2016/04/13 16:53:22,b9f8b1a77d61616df2334146c31c8fe317ce895c,1797dc4991e70804d5ec8a4d8d674b2a1755b21d,持卡人消费,学苑楼商务网关,-10.0,75.85,3315,正常
2016/04/13 16:54:42,b9f8b1a77d61616df2334146c31c8fe317ce895c,1797dc4991e70804d5ec8a4d8d674b2a1755b21d,持卡人消费,学苑楼商务网关,-8.0,67.85,3316,正常
2016/04/14 08:13:55,b9f8b1a77d61616df2334146c31c8fe317ce895c,1797dc4991e70804d5ec8a4d8d674b2a1755b21d,持卡人消费,学士楼商务网关,-1.6,66.25,3317,正常
2016/04/14 13:10:37,b9f8b1a77d61616df2334146c31c8fe317ce895c,1797dc4991e70804d5ec8a4d8d674b2a1755b21d,持卡人消费,游泳馆,-6.0,60.25,3318,正常
2016/04/14 17:11:08,b9f8b1a77d61616df2334146c31c8fe317ce895c,1797dc4991e70804d5ec8a4d8d674b2a1755b21d,持卡人消费,学苑楼商务网关,-7.0,53.25,3319,正常
2016/04/14 17:11:22,b9f8b1a77d61616df2334146c31c8fe317ce895c,1797dc4991e70804d5ec8a4d8d674b2a1755b21d,持卡人消费,学苑楼商务网关,-8.0,45.25,3320,正常
2016/04/14 17:12:27,b9f8b1a77d61616df2334146c31c8fe317ce895c,1797dc4991e70804d5ec8a4d8d674b2a1755b21d,持卡人消费,学苑楼商务网关,-2.5,42.75,3321,正常
2016/04/14 17:13:17,b9f8b1a77d61616df2334146c31c8fe317ce895c,1797dc4991e70804d5ec8a4d8d674b2a1755b21d,持卡人消费,学苑楼商务网关,-0.8,41.95,3322,正常
2016/04/18 12:20:08,b9f8b1a77d61616df2334146c31c8fe317ce895c,1797dc4991e70804d5ec8a4d8d674b2a1755b21d,持卡人消费,游泳馆,-12.0,29.95,3323,正常
2016/04/19 17:54:27,b9f8b1a77d61616df2334146c31c8fe317ce895c,1797dc4991e70804d5ec8a4d8d674b2a1755b21d,持卡人消费,学士楼商务网关,-6.0,23.95,3324,正常
2016/04/19 17:56:55,b9f8b1a77d61616df2334146c31c8fe317ce895c,1797dc4991e70804d5ec8a4d8d674b2a1755b21d,持卡人消费,学士楼商务网关,-4.0,19.95,3325,正常
2016/04/20 17:47:03,b9f8b1a77d61616df2334146c31c8fe317ce895c,1797dc4991e70804d5ec8a4d8d674b2a1755b21d,持卡人消费,学子楼商务网关,-7.2,12.75,3326,正常
2016/04/21 07:57:49,b9f8b1a77d61616df2334146c31c8fe317ce895c,1797dc4991e70804d5ec8a4d8d674b2a1755b21d,持卡人消费,学士楼商务网关,-2.7,10.05,3327,正常
2016/04/21 11:55:05,b9f8b1a77d61616df2334146c31c8fe317ce895c,1797dc4991e70804d5ec8a4d8d674b2a1755b21d,持卡人消费,游泳馆,-6.0,4.05,3328,正常
