交易发生时间,学号,姓名,交易类型,子系统名称,交易额,现有余额,次数,状态
2016/04/01 18:01:04,a6d7665ae01996a88fe2e531a939f79dd57f2fba,18afd9d782ecf7e00d86248b2eb0bf90a472cb3e,持卡人消费,学子楼商务网关,-3.6,238.91,3582,正常
2016/04/01 18:02:15,a6d7665ae01996a88fe2e531a939f79dd57f2fba,18afd9d782ecf7e00d86248b2eb0bf90a472cb3e,持卡人消费,学子楼商务网关,-5.0,233.91,3583,正常
2016/04/03 19:43:33,a6d7665ae01996a88fe2e531a939f79dd57f2fba,18afd9d782ecf7e00d86248b2eb0bf90a472cb3e,持卡人消费,15公寓浴池,-2.0,231.91,3584,正常
2016/04/03 19:46:50,a6d7665ae01996a88fe2e531a939f79dd57f2fba,18afd9d782ecf7e00d86248b2eb0bf90a472cb3e,持卡人消费,15公寓浴池,-0.14,231.77,3586,正常
2016/04/03 19:52:06,a6d7665ae01996a88fe2e531a939f79dd57f2fba,18afd9d782ecf7e00d86248b2eb0bf90a472cb3e,持卡人消费,15公寓浴池,-0.34,231.43,3588,正常
2016/04/03 19:58:26,a6d7665ae01996a88fe2e531a939f79dd57f2fba,18afd9d782ecf7e00d86248b2eb0bf90a472cb3e,持卡人消费,15公寓浴池,-0.51,230.92,3590,正常
2016/04/03 20:06:16,a6d7665ae01996a88fe2e531a939f79dd57f2fba,18afd9d782ecf7e00d86248b2eb0bf90a472cb3e,持卡人消费,15公寓浴池,-1.06,229.86,3592,正常
2016/04/03 20:14:01,a6d7665ae01996a88fe2e531a939f79dd57f2fba,18afd9d782ecf7e00d86248b2eb0bf90a472cb3e,持卡人消费,15公寓浴池,-0.42,229.44,3594,正常
2016/04/03 20:28:47,a6d7665ae01996a88fe2e531a939f79dd57f2fba,18afd9d782ecf7e00d86248b2eb0bf90a472cb3e,持卡人消费,15公寓浴池,-2.0,225.44,3596,正常
2016/04/03 20:18:34,a6d7665ae01996a88fe2e531a939f79dd57f2fba,18afd9d782ecf7e00d86248b2eb0bf90a472cb3e,持卡人消费,15公寓浴池,-0.11,227.33,3597,正常
2016/04/03 20:24:02,a6d7665ae01996a88fe2e531a939f79dd57f2fba,18afd9d782ecf7e00d86248b2eb0bf90a472cb3e,持卡人消费,15公寓浴池,-1.02,226.31,3599,正常
2016/04/03 20:36:09,a6d7665ae01996a88fe2e531a939f79dd57f2fba,18afd9d782ecf7e00d86248b2eb0bf90a472cb3e,持卡人消费,15公寓浴池,-1.86,224.45,3601,正常
2016/04/05 08:08:43,a6d7665ae01996a88fe2e531a939f79dd57f2fba,18afd9d782ecf7e00d86248b2eb0bf90a472cb3e,持卡人消费,学士楼商务网关,-2.3,222.15,3602,正常
2016/04/05 11:54:55,a6d7665ae01996a88fe2e531a939f79dd57f2fba,18afd9d782ecf7e00d86248b2eb0bf90a472cb3e,持卡人消费,学士楼商务网关,-6.6,215.55,3603,正常
2016/04/05 17:59:59,a6d7665ae01996a88fe2e531a939f79dd57f2fba,18afd9d782ecf7e00d86248b2eb0bf90a472cb3e,持卡人消费,学士楼商务网关,-8.1,207.45,3604,正常
2016/04/06 11:56:28,a6d7665ae01996a88fe2e531a939f79dd57f2fba,18afd9d782ecf7e00d86248b2eb0bf90a472cb3e,持卡人消费,学士楼商务网关,-8.1,199.35,3605,正常
2016/04/06 18:26:00,a6d7665ae01996a88fe2e531a939f79dd57f2fba,18afd9d782ecf7e00d86248b2eb0bf90a472cb3e,持卡人消费,学士楼商务网关,-4.0,195.35,3606,正常
2016/04/06 18:27:26,a6d7665ae01996a88fe2e531a939f79dd57f2fba,18afd9d782ecf7e00d86248b2eb0bf90a472cb3e,持卡人消费,学士楼商务网关,-14.0,181.35,3607,正常
2016/04/07 19:14:09,a6d7665ae01996a88fe2e531a939f79dd57f2fba,18afd9d782ecf7e00d86248b2eb0bf90a472cb3e,持卡人消费,硕果园（工大商店）,-14.0,167.35,3608,正常
2016/04/08 17:58:05,a6d7665ae01996a88fe2e531a939f79dd57f2fba,18afd9d782ecf7e00d86248b2eb0bf90a472cb3e,持卡人消费,学子楼商务网关,-10.5,156.85,3609,正常
2016/04/09 17:51:45,a6d7665ae01996a88fe2e531a939f79dd57f2fba,18afd9d782ecf7e00d86248b2eb0bf90a472cb3e,持卡人消费,学子楼商务网关,-4.0,152.85,3610,正常
2016/04/09 20:50:14,a6d7665ae01996a88fe2e531a939f79dd57f2fba,18afd9d782ecf7e00d86248b2eb0bf90a472cb3e,持卡人消费,超市商务子系统,-18.0,134.85,3611,正常
2016/04/09 20:52:48,a6d7665ae01996a88fe2e531a939f79dd57f2fba,18afd9d782ecf7e00d86248b2eb0bf90a472cb3e,持卡人消费,超市商务子系统,-3.4,131.45,3612,正常
2016/04/10 17:41:10,a6d7665ae01996a88fe2e531a939f79dd57f2fba,18afd9d782ecf7e00d86248b2eb0bf90a472cb3e,持卡人消费,学士楼商务网关,-3.3,128.15,3613,正常
2016/04/11 09:03:55,a6d7665ae01996a88fe2e531a939f79dd57f2fba,18afd9d782ecf7e00d86248b2eb0bf90a472cb3e,持卡人消费,超市商务子系统,-18.0,110.15,3614,正常
2016/04/11 11:56:31,a6d7665ae01996a88fe2e531a939f79dd57f2fba,18afd9d782ecf7e00d86248b2eb0bf90a472cb3e,持卡人消费,学士楼商务网关,-4.8,105.35,3615,正常
2016/04/11 17:53:12,a6d7665ae01996a88fe2e531a939f79dd57f2fba,18afd9d782ecf7e00d86248b2eb0bf90a472cb3e,持卡人消费,学士楼商务网关,-5.6,99.75,3616,正常
2016/04/12 13:13:55,a6d7665ae01996a88fe2e531a939f79dd57f2fba,18afd9d782ecf7e00d86248b2eb0bf90a472cb3e,持卡人消费,硕果园（工大商店）,-15.0,84.75,3617,正常
2016/04/12 18:12:43,a6d7665ae01996a88fe2e531a939f79dd57f2fba,18afd9d782ecf7e00d86248b2eb0bf90a472cb3e,持卡人消费,学子楼商务网关,-10.5,74.25,3618,正常
2016/04/12 19:35:02,a6d7665ae01996a88fe2e531a939f79dd57f2fba,18afd9d782ecf7e00d86248b2eb0bf90a472cb3e,持卡人消费,15公寓浴池,-0.9,67.35,3621,正常
2016/04/12 19:52:46,a6d7665ae01996a88fe2e531a939f79dd57f2fba,18afd9d782ecf7e00d86248b2eb0bf90a472cb3e,持卡人消费,15公寓浴池,-2.0,65.35,3622,正常
2016/04/12 19:57:41,a6d7665ae01996a88fe2e531a939f79dd57f2fba,18afd9d782ecf7e00d86248b2eb0bf90a472cb3e,持卡人消费,15公寓浴池,-0.94,64.41,3624,正常
2016/04/12 20:07:56,a6d7665ae01996a88fe2e531a939f79dd57f2fba,18afd9d782ecf7e00d86248b2eb0bf90a472cb3e,持卡人消费,15公寓浴池,-0.75,63.66,3626,正常
2016/04/12 20:17:57,a6d7665ae01996a88fe2e531a939f79dd57f2fba,18afd9d782ecf7e00d86248b2eb0bf90a472cb3e,持卡人消费,15公寓浴池,-1.65,62.01,3628,正常
2016/04/13 12:05:29,a6d7665ae01996a88fe2e531a939f79dd57f2fba,18afd9d782ecf7e00d86248b2eb0bf90a472cb3e,持卡人消费,学苑楼商务网关,-9.0,53.01,3629,正常
2016/04/14 13:02:26,a6d7665ae01996a88fe2e531a939f79dd57f2fba,18afd9d782ecf7e00d86248b2eb0bf90a472cb3e,持卡人消费,硕果园（工大商店）,-8.0,45.01,3630,正常
2016/04/14 13:03:17,a6d7665ae01996a88fe2e531a939f79dd57f2fba,18afd9d782ecf7e00d86248b2eb0bf90a472cb3e,持卡人消费,硕果园（工大商店）,-7.0,38.01,3631,正常
2016/04/15 11:56:54,a6d7665ae01996a88fe2e531a939f79dd57f2fba,18afd9d782ecf7e00d86248b2eb0bf90a472cb3e,持卡人消费,学士楼商务网关,-4.3,33.71,3632,正常
2016/04/15 12:03:33,a6d7665ae01996a88fe2e531a939f79dd57f2fba,18afd9d782ecf7e00d86248b2eb0bf90a472cb3e,存款,现金充值机,300.0,333.71,3633,正常
2016/04/15 18:11:21,a6d7665ae01996a88fe2e531a939f79dd57f2fba,18afd9d782ecf7e00d86248b2eb0bf90a472cb3e,持卡人消费,硕果园（工大商店）,-12.0,321.71,3634,正常
2016/04/16 17:21:13,a6d7665ae01996a88fe2e531a939f79dd57f2fba,18afd9d782ecf7e00d86248b2eb0bf90a472cb3e,持卡人消费,学士楼商务网关,-3.6,318.11,3635,正常
2016/04/18 12:01:02,a6d7665ae01996a88fe2e531a939f79dd57f2fba,18afd9d782ecf7e00d86248b2eb0bf90a472cb3e,持卡人消费,学士楼商务网关,-6.1,312.01,3636,正常
2016/04/18 18:50:39,a6d7665ae01996a88fe2e531a939f79dd57f2fba,18afd9d782ecf7e00d86248b2eb0bf90a472cb3e,持卡人消费,硕果园（工大商店）,-13.0,299.01,3637,正常
2016/04/18 18:53:22,a6d7665ae01996a88fe2e531a939f79dd57f2fba,18afd9d782ecf7e00d86248b2eb0bf90a472cb3e,持卡人消费,硕果园（工大商店）,-18.8,280.21,3638,正常
2016/04/19 11:04:24,a6d7665ae01996a88fe2e531a939f79dd57f2fba,18afd9d782ecf7e00d86248b2eb0bf90a472cb3e,持卡人消费,学士楼商务网关,-5.9,274.31,3639,正常
2016/04/19 17:56:47,a6d7665ae01996a88fe2e531a939f79dd57f2fba,18afd9d782ecf7e00d86248b2eb0bf90a472cb3e,持卡人消费,学士楼商务网关,-6.4,267.91,3640,正常
2016/04/20 17:57:25,a6d7665ae01996a88fe2e531a939f79dd57f2fba,18afd9d782ecf7e00d86248b2eb0bf90a472cb3e,持卡人消费,学士楼商务网关,-8.9,259.01,3641,正常
2016/04/21 14:23:14,a6d7665ae01996a88fe2e531a939f79dd57f2fba,18afd9d782ecf7e00d86248b2eb0bf90a472cb3e,持卡人消费,硕果园（工大商店）,-8.0,251.01,3642,正常
2016/04/22 17:52:46,a6d7665ae01996a88fe2e531a939f79dd57f2fba,18afd9d782ecf7e00d86248b2eb0bf90a472cb3e,持卡人消费,学士楼商务网关,-3.3,247.71,3643,正常
2016/04/24 21:14:36,a6d7665ae01996a88fe2e531a939f79dd57f2fba,18afd9d782ecf7e00d86248b2eb0bf90a472cb3e,持卡人消费,学子超市园丁总店,-17.7,230.01,3644,正常
2016/04/25 11:59:17,a6d7665ae01996a88fe2e531a939f79dd57f2fba,18afd9d782ecf7e00d86248b2eb0bf90a472cb3e,持卡人消费,学士楼商务网关,-3.8,226.21,3645,正常
2016/04/25 18:08:52,a6d7665ae01996a88fe2e531a939f79dd57f2fba,18afd9d782ecf7e00d86248b2eb0bf90a472cb3e,持卡人消费,学士楼商务网关,-5.9,220.31,3646,正常
2016/04/26 11:57:42,a6d7665ae01996a88fe2e531a939f79dd57f2fba,18afd9d782ecf7e00d86248b2eb0bf90a472cb3e,持卡人消费,学士楼商务网关,-11.1,209.21,3647,正常
2016/04/27 11:28:16,a6d7665ae01996a88fe2e531a939f79dd57f2fba,18afd9d782ecf7e00d86248b2eb0bf90a472cb3e,持卡人消费,学苑楼商务网关,-0.4,208.81,3648,正常
2016/04/27 11:29:18,a6d7665ae01996a88fe2e531a939f79dd57f2fba,18afd9d782ecf7e00d86248b2eb0bf90a472cb3e,持卡人消费,学苑楼商务网关,-8.0,200.81,3649,正常
2016/04/27 13:32:29,a6d7665ae01996a88fe2e531a939f79dd57f2fba,18afd9d782ecf7e00d86248b2eb0bf90a472cb3e,持卡人消费,超市商务子系统,-10.0,190.81,3650,正常
2016/04/27 18:14:33,a6d7665ae01996a88fe2e531a939f79dd57f2fba,18afd9d782ecf7e00d86248b2eb0bf90a472cb3e,持卡人消费,硕果园（工大商店）,-14.0,176.81,3651,正常
2016/04/27 18:15:11,a6d7665ae01996a88fe2e531a939f79dd57f2fba,18afd9d782ecf7e00d86248b2eb0bf90a472cb3e,持卡人消费,硕果园（工大商店）,-1.0,175.81,3652,正常
2016/04/28 02:03:19,a6d7665ae01996a88fe2e531a939f79dd57f2fba,18afd9d782ecf7e00d86248b2eb0bf90a472cb3e,持卡人消费,学士楼商务网关,-4.4,171.41,3653,正常
2016/04/29 08:35:45,a6d7665ae01996a88fe2e531a939f79dd57f2fba,18afd9d782ecf7e00d86248b2eb0bf90a472cb3e,持卡人消费,硕果园（工大商店）,-5.0,166.41,3654,正常
2016/04/29 11:14:13,a6d7665ae01996a88fe2e531a939f79dd57f2fba,18afd9d782ecf7e00d86248b2eb0bf90a472cb3e,持卡人消费,学子楼商务网关,-10.5,155.91,3655,正常
2016/04/29 17:56:27,a6d7665ae01996a88fe2e531a939f79dd57f2fba,18afd9d782ecf7e00d86248b2eb0bf90a472cb3e,持卡人消费,学苑楼商务网关,-7.0,148.91,3656,正常
2016/04/29 19:27:43,a6d7665ae01996a88fe2e531a939f79dd57f2fba,18afd9d782ecf7e00d86248b2eb0bf90a472cb3e,持卡人消费,15公寓浴池,-2.0,146.91,3657,正常
2016/04/29 19:28:53,a6d7665ae01996a88fe2e531a939f79dd57f2fba,18afd9d782ecf7e00d86248b2eb0bf90a472cb3e,持卡人消费,15公寓浴池,-0.02,146.89,3659,正常
2016/04/29 19:44:47,a6d7665ae01996a88fe2e531a939f79dd57f2fba,18afd9d782ecf7e00d86248b2eb0bf90a472cb3e,持卡人消费,15公寓浴池,-2.0,144.89,3660,正常
2016/04/29 19:58:46,a6d7665ae01996a88fe2e531a939f79dd57f2fba,18afd9d782ecf7e00d86248b2eb0bf90a472cb3e,持卡人消费,15公寓浴池,-2.0,142.89,3661,正常
2016/04/29 20:06:16,a6d7665ae01996a88fe2e531a939f79dd57f2fba,18afd9d782ecf7e00d86248b2eb0bf90a472cb3e,持卡人消费,15公寓浴池,-1.39,141.50,3663,正常
2016/04/29 20:15:25,a6d7665ae01996a88fe2e531a939f79dd57f2fba,18afd9d782ecf7e00d86248b2eb0bf90a472cb3e,持卡人消费,15公寓浴池,-1.02,140.48,3665,正常
2016/04/29 20:19:14,a6d7665ae01996a88fe2e531a939f79dd57f2fba,18afd9d782ecf7e00d86248b2eb0bf90a472cb3e,持卡人消费,15公寓浴池,-0.67,139.81,3667,正常
2016/04/30 11:47:12,a6d7665ae01996a88fe2e531a939f79dd57f2fba,18afd9d782ecf7e00d86248b2eb0bf90a472cb3e,持卡人消费,学苑楼商务网关,-9.0,130.81,3668,正常
2016/04/30 12:27:15,a6d7665ae01996a88fe2e531a939f79dd57f2fba,18afd9d782ecf7e00d86248b2eb0bf90a472cb3e,持卡人消费,超市商务子系统,-5.0,125.81,3669,正常
2016/04/30 12:28:54,a6d7665ae01996a88fe2e531a939f79dd57f2fba,18afd9d782ecf7e00d86248b2eb0bf90a472cb3e,持卡人消费,超市商务子系统,-15.5,110.31,3670,正常
