交易发生时间,学号,姓名,交易类型,子系统名称,交易额,现有余额,次数,状态
2016/04/07 11:52:09,a1e0ecf53c4584dcf1cd29056fb4d5c1519012aa,18b678ffc3ab4343a5704b73409c4b58a466bba7,持卡人消费,硕果园（工大商店）,-12.0,163.69,2358,正常
2016/04/07 12:10:44,a1e0ecf53c4584dcf1cd29056fb4d5c1519012aa,18b678ffc3ab4343a5704b73409c4b58a466bba7,持卡人消费,硕果园（工大商店）,-1.5,162.19,2359,正常
2016/04/07 19:19:55,a1e0ecf53c4584dcf1cd29056fb4d5c1519012aa,18b678ffc3ab4343a5704b73409c4b58a466bba7,持卡人消费,学子便利店A01后楼,-1.5,160.69,2360,正常
2016/04/08 09:49:37,a1e0ecf53c4584dcf1cd29056fb4d5c1519012aa,18b678ffc3ab4343a5704b73409c4b58a466bba7,持卡人消费,学子便利店A01后楼,-1.0,159.69,2361,正常
2016/04/08 13:17:14,a1e0ecf53c4584dcf1cd29056fb4d5c1519012aa,18b678ffc3ab4343a5704b73409c4b58a466bba7,持卡人消费,学子便利店A01后楼,-1.0,158.69,2362,正常
2016/04/11 17:06:02,a1e0ecf53c4584dcf1cd29056fb4d5c1519012aa,18b678ffc3ab4343a5704b73409c4b58a466bba7,持卡人消费,超市商务子系统,-49.0,109.69,2363,正常
2016/04/11 17:12:05,a1e0ecf53c4584dcf1cd29056fb4d5c1519012aa,18b678ffc3ab4343a5704b73409c4b58a466bba7,持卡人消费,硕果园（工大商店）,-12.0,97.69,2364,正常
2016/04/13 17:22:58,a1e0ecf53c4584dcf1cd29056fb4d5c1519012aa,18b678ffc3ab4343a5704b73409c4b58a466bba7,持卡人消费,学士楼商务网关,-13.6,84.09,2365,正常
2016/04/13 17:55:57,a1e0ecf53c4584dcf1cd29056fb4d5c1519012aa,18b678ffc3ab4343a5704b73409c4b58a466bba7,持卡人消费,超市商务子系统,-9.5,74.59,2366,正常
2016/04/13 19:20:19,a1e0ecf53c4584dcf1cd29056fb4d5c1519012aa,18b678ffc3ab4343a5704b73409c4b58a466bba7,持卡人消费,学子便利店A01后楼,-1.0,73.59,2367,正常
2016/04/14 09:11:40,a1e0ecf53c4584dcf1cd29056fb4d5c1519012aa,18b678ffc3ab4343a5704b73409c4b58a466bba7,持卡人消费,学子便利店A01后楼,-12.0,61.59,2368,正常
2016/04/14 11:55:46,a1e0ecf53c4584dcf1cd29056fb4d5c1519012aa,18b678ffc3ab4343a5704b73409c4b58a466bba7,持卡人消费,硕果园（工大商店）,-10.0,51.59,2369,正常
2016/04/16 14:49:28,a1e0ecf53c4584dcf1cd29056fb4d5c1519012aa,18b678ffc3ab4343a5704b73409c4b58a466bba7,持卡人消费,学子便利店A01后楼,-2.8,48.79,2370,正常
2016/04/18 11:45:16,a1e0ecf53c4584dcf1cd29056fb4d5c1519012aa,18b678ffc3ab4343a5704b73409c4b58a466bba7,持卡人消费,学子便利店A01后楼,-1.0,47.79,2371,正常
2016/04/19 12:52:45,a1e0ecf53c4584dcf1cd29056fb4d5c1519012aa,18b678ffc3ab4343a5704b73409c4b58a466bba7,持卡人消费,学子便利店A01后楼,-1.5,46.29,2372,正常
2016/04/21 11:52:37,a1e0ecf53c4584dcf1cd29056fb4d5c1519012aa,18b678ffc3ab4343a5704b73409c4b58a466bba7,持卡人消费,硕果园（工大商店）,-15.0,31.29,2373,正常
2016/04/21 12:14:42,a1e0ecf53c4584dcf1cd29056fb4d5c1519012aa,18b678ffc3ab4343a5704b73409c4b58a466bba7,持卡人消费,学子便利店A01后楼,-1.5,29.79,2374,正常
2016/04/21 21:50:15,a1e0ecf53c4584dcf1cd29056fb4d5c1519012aa,18b678ffc3ab4343a5704b73409c4b58a466bba7,持卡人消费,超市商务子系统,-1.5,28.29,2375,正常
2016/04/25 07:39:53,a1e0ecf53c4584dcf1cd29056fb4d5c1519012aa,18b678ffc3ab4343a5704b73409c4b58a466bba7,持卡人消费,学子便利店A01后楼,-1.0,27.29,2376,正常
2016/04/27 13:22:16,a1e0ecf53c4584dcf1cd29056fb4d5c1519012aa,18b678ffc3ab4343a5704b73409c4b58a466bba7,持卡人消费,学子便利店A01后楼,-1.0,26.29,2377,正常
2016/04/27 17:42:06,a1e0ecf53c4584dcf1cd29056fb4d5c1519012aa,18b678ffc3ab4343a5704b73409c4b58a466bba7,持卡人消费,学士楼商务网关,-2.11,24.18,2378,正常
2016/04/27 17:43:17,a1e0ecf53c4584dcf1cd29056fb4d5c1519012aa,18b678ffc3ab4343a5704b73409c4b58a466bba7,持卡人消费,学士楼商务网关,-3.6,20.58,2379,正常
2016/04/28 11:36:27,a1e0ecf53c4584dcf1cd29056fb4d5c1519012aa,18b678ffc3ab4343a5704b73409c4b58a466bba7,持卡人消费,硕果园（工大商店）,-14.0,6.58,2380,正常
2016/04/30 17:46:26,a1e0ecf53c4584dcf1cd29056fb4d5c1519012aa,18b678ffc3ab4343a5704b73409c4b58a466bba7,持卡人消费,学子便利店A01后楼,-2.8,3.78,2381,正常
