交易发生时间,学号,姓名,交易类型,子系统名称,交易额,现有余额,次数,状态
2016/04/01 07:43:44,3eb8aaf3cdca0a43a323d563cd0c5514dd51c0d3,18bc1eb3b5a715d38351e7a35e2b26c3f8a7216a,持卡人消费,学士楼商务网关,-3.1,142.20,4825,正常
2016/04/01 18:17:21,3eb8aaf3cdca0a43a323d563cd0c5514dd51c0d3,18bc1eb3b5a715d38351e7a35e2b26c3f8a7216a,持卡人消费,硕果园（工大商店）,-9.0,133.20,4826,正常
2016/04/01 18:17:51,3eb8aaf3cdca0a43a323d563cd0c5514dd51c0d3,18bc1eb3b5a715d38351e7a35e2b26c3f8a7216a,持卡人消费,硕果园（工大商店）,-5.0,128.20,4827,正常
2016/04/01 18:19:44,3eb8aaf3cdca0a43a323d563cd0c5514dd51c0d3,18bc1eb3b5a715d38351e7a35e2b26c3f8a7216a,持卡人消费,硕果园（工大商店）,-3.0,125.20,4828,正常
2016/04/02 08:39:01,3eb8aaf3cdca0a43a323d563cd0c5514dd51c0d3,18bc1eb3b5a715d38351e7a35e2b26c3f8a7216a,持卡人消费,A7,-3.0,122.20,4829,正常
2016/04/02 11:57:31,3eb8aaf3cdca0a43a323d563cd0c5514dd51c0d3,18bc1eb3b5a715d38351e7a35e2b26c3f8a7216a,持卡人消费,学苑楼商务网关,-15.0,107.20,4830,正常
2016/04/02 11:58:51,3eb8aaf3cdca0a43a323d563cd0c5514dd51c0d3,18bc1eb3b5a715d38351e7a35e2b26c3f8a7216a,持卡人消费,学苑楼商务网关,-8.0,99.20,4831,正常
2016/04/02 12:00:26,3eb8aaf3cdca0a43a323d563cd0c5514dd51c0d3,18bc1eb3b5a715d38351e7a35e2b26c3f8a7216a,持卡人消费,学苑楼商务网关,-3.2,96.00,4832,正常
2016/04/02 16:49:52,3eb8aaf3cdca0a43a323d563cd0c5514dd51c0d3,18bc1eb3b5a715d38351e7a35e2b26c3f8a7216a,持卡人消费,一校区水控新,-0.72,95.28,4833,正常
2016/04/02 16:58:59,3eb8aaf3cdca0a43a323d563cd0c5514dd51c0d3,18bc1eb3b5a715d38351e7a35e2b26c3f8a7216a,持卡人消费,一校区水控新,-1.36,93.92,4834,正常
2016/04/03 17:39:33,3eb8aaf3cdca0a43a323d563cd0c5514dd51c0d3,18bc1eb3b5a715d38351e7a35e2b26c3f8a7216a,持卡人消费,学士楼商务网关,-7.2,86.72,4835,正常
2016/04/03 17:40:05,3eb8aaf3cdca0a43a323d563cd0c5514dd51c0d3,18bc1eb3b5a715d38351e7a35e2b26c3f8a7216a,持卡人消费,学士楼商务网关,-1.0,85.72,4836,正常
2016/04/03 18:04:22,3eb8aaf3cdca0a43a323d563cd0c5514dd51c0d3,18bc1eb3b5a715d38351e7a35e2b26c3f8a7216a,持卡人消费,超市商务子系统,-13.5,72.22,4837,正常
2016/04/04 18:41:15,3eb8aaf3cdca0a43a323d563cd0c5514dd51c0d3,18bc1eb3b5a715d38351e7a35e2b26c3f8a7216a,持卡人消费,硕果园（工大商店）,-12.0,60.22,4838,正常
2016/04/04 18:41:50,3eb8aaf3cdca0a43a323d563cd0c5514dd51c0d3,18bc1eb3b5a715d38351e7a35e2b26c3f8a7216a,持卡人消费,硕果园（工大商店）,-6.0,54.22,4839,正常
2016/04/05 11:50:32,3eb8aaf3cdca0a43a323d563cd0c5514dd51c0d3,18bc1eb3b5a715d38351e7a35e2b26c3f8a7216a,持卡人消费,学士楼商务网关,-8.0,46.22,4840,正常
2016/04/05 11:51:18,3eb8aaf3cdca0a43a323d563cd0c5514dd51c0d3,18bc1eb3b5a715d38351e7a35e2b26c3f8a7216a,持卡人消费,学士楼商务网关,-0.8,45.42,4841,正常
2016/04/05 16:36:26,3eb8aaf3cdca0a43a323d563cd0c5514dd51c0d3,18bc1eb3b5a715d38351e7a35e2b26c3f8a7216a,持卡人消费,学子楼商务网关,-8.0,37.42,4842,正常
2016/04/05 16:37:13,3eb8aaf3cdca0a43a323d563cd0c5514dd51c0d3,18bc1eb3b5a715d38351e7a35e2b26c3f8a7216a,持卡人消费,学子楼商务网关,-4.0,33.42,4843,正常
2016/04/05 16:57:04,3eb8aaf3cdca0a43a323d563cd0c5514dd51c0d3,18bc1eb3b5a715d38351e7a35e2b26c3f8a7216a,持卡人消费,超市商务子系统,-9.3,24.12,4844,正常
2016/04/05 20:11:08,3eb8aaf3cdca0a43a323d563cd0c5514dd51c0d3,18bc1eb3b5a715d38351e7a35e2b26c3f8a7216a,持卡人消费,一校区水控新,-0.02,22.10,4847,正常
2016/04/05 20:13:30,3eb8aaf3cdca0a43a323d563cd0c5514dd51c0d3,18bc1eb3b5a715d38351e7a35e2b26c3f8a7216a,持卡人消费,一校区水控新,-0.66,23.44,4848,正常
2016/04/05 20:22:58,3eb8aaf3cdca0a43a323d563cd0c5514dd51c0d3,18bc1eb3b5a715d38351e7a35e2b26c3f8a7216a,持卡人消费,一校区水控新,-1.3,22.14,4850,正常
2016/04/06 11:21:29,3eb8aaf3cdca0a43a323d563cd0c5514dd51c0d3,18bc1eb3b5a715d38351e7a35e2b26c3f8a7216a,持卡人消费,学苑楼商务网关,-10.0,12.14,4851,正常
2016/04/06 11:21:57,3eb8aaf3cdca0a43a323d563cd0c5514dd51c0d3,18bc1eb3b5a715d38351e7a35e2b26c3f8a7216a,持卡人消费,学苑楼商务网关,-0.5,11.64,4852,正常
2016/04/06 17:07:34,3eb8aaf3cdca0a43a323d563cd0c5514dd51c0d3,18bc1eb3b5a715d38351e7a35e2b26c3f8a7216a,持卡人消费,南苑网关,-2.3,9.34,4853,正常
2016/04/06 17:08:19,3eb8aaf3cdca0a43a323d563cd0c5514dd51c0d3,18bc1eb3b5a715d38351e7a35e2b26c3f8a7216a,持卡人消费,南苑网关,-9.0,0.34,4854,正常
2016/04/07 10:54:59,3eb8aaf3cdca0a43a323d563cd0c5514dd51c0d3,18bc1eb3b5a715d38351e7a35e2b26c3f8a7216a,存款,现金充值机,100.0,100.34,4855,正常
2016/04/07 11:17:33,3eb8aaf3cdca0a43a323d563cd0c5514dd51c0d3,18bc1eb3b5a715d38351e7a35e2b26c3f8a7216a,持卡人消费,南苑网关,-0.2,100.14,4856,正常
2016/04/07 11:17:46,3eb8aaf3cdca0a43a323d563cd0c5514dd51c0d3,18bc1eb3b5a715d38351e7a35e2b26c3f8a7216a,持卡人消费,南苑网关,-11.28,88.86,4857,正常
2016/04/07 16:43:25,3eb8aaf3cdca0a43a323d563cd0c5514dd51c0d3,18bc1eb3b5a715d38351e7a35e2b26c3f8a7216a,持卡人消费,学苑楼商务网关,-9.0,79.86,4858,正常
2016/04/07 16:48:21,3eb8aaf3cdca0a43a323d563cd0c5514dd51c0d3,18bc1eb3b5a715d38351e7a35e2b26c3f8a7216a,存款,现金充值机,100.0,179.86,4859,正常
2016/04/08 08:15:12,3eb8aaf3cdca0a43a323d563cd0c5514dd51c0d3,18bc1eb3b5a715d38351e7a35e2b26c3f8a7216a,持卡人消费,南苑网关,-2.1,177.76,4860,正常
2016/04/08 11:42:37,3eb8aaf3cdca0a43a323d563cd0c5514dd51c0d3,18bc1eb3b5a715d38351e7a35e2b26c3f8a7216a,持卡人消费,学苑楼商务网关,-15.0,162.76,4861,正常
2016/04/09 18:12:45,3eb8aaf3cdca0a43a323d563cd0c5514dd51c0d3,18bc1eb3b5a715d38351e7a35e2b26c3f8a7216a,持卡人消费,学士楼商务网关,-6.0,156.76,4862,正常
2016/04/09 18:13:40,3eb8aaf3cdca0a43a323d563cd0c5514dd51c0d3,18bc1eb3b5a715d38351e7a35e2b26c3f8a7216a,持卡人消费,学士楼商务网关,-0.8,155.96,4863,正常
2016/04/09 18:31:38,3eb8aaf3cdca0a43a323d563cd0c5514dd51c0d3,18bc1eb3b5a715d38351e7a35e2b26c3f8a7216a,持卡人消费,硕果园（工大商店）,-7.4,148.56,4864,正常
2016/04/10 17:36:28,3eb8aaf3cdca0a43a323d563cd0c5514dd51c0d3,18bc1eb3b5a715d38351e7a35e2b26c3f8a7216a,持卡人消费,学苑楼商务网关,-7.0,141.56,4865,正常
2016/04/10 18:10:34,3eb8aaf3cdca0a43a323d563cd0c5514dd51c0d3,18bc1eb3b5a715d38351e7a35e2b26c3f8a7216a,持卡人消费,A7,-3.0,138.56,4866,正常
2016/04/10 18:45:58,3eb8aaf3cdca0a43a323d563cd0c5514dd51c0d3,18bc1eb3b5a715d38351e7a35e2b26c3f8a7216a,持卡人消费,游泳馆,-6.0,132.56,4867,正常
2016/04/11 17:54:03,3eb8aaf3cdca0a43a323d563cd0c5514dd51c0d3,18bc1eb3b5a715d38351e7a35e2b26c3f8a7216a,持卡人消费,南苑网关,-7.0,125.56,4868,正常
2016/04/11 17:55:00,3eb8aaf3cdca0a43a323d563cd0c5514dd51c0d3,18bc1eb3b5a715d38351e7a35e2b26c3f8a7216a,持卡人消费,南苑网关,-2.0,123.56,4869,正常
2016/04/12 11:43:11,3eb8aaf3cdca0a43a323d563cd0c5514dd51c0d3,18bc1eb3b5a715d38351e7a35e2b26c3f8a7216a,持卡人消费,学士楼商务网关,-8.0,115.56,4870,正常
2016/04/12 11:43:51,3eb8aaf3cdca0a43a323d563cd0c5514dd51c0d3,18bc1eb3b5a715d38351e7a35e2b26c3f8a7216a,持卡人消费,学士楼商务网关,-0.8,114.76,4871,正常
2016/04/12 16:55:15,3eb8aaf3cdca0a43a323d563cd0c5514dd51c0d3,18bc1eb3b5a715d38351e7a35e2b26c3f8a7216a,持卡人消费,南苑网关,-3.8,110.96,4872,正常
2016/04/12 16:56:28,3eb8aaf3cdca0a43a323d563cd0c5514dd51c0d3,18bc1eb3b5a715d38351e7a35e2b26c3f8a7216a,持卡人消费,南苑网关,-8.4,102.56,4873,正常
2016/04/13 18:22:30,3eb8aaf3cdca0a43a323d563cd0c5514dd51c0d3,18bc1eb3b5a715d38351e7a35e2b26c3f8a7216a,持卡人消费,硕果园（工大商店）,-15.0,87.56,4874,正常
2016/04/13 18:23:20,3eb8aaf3cdca0a43a323d563cd0c5514dd51c0d3,18bc1eb3b5a715d38351e7a35e2b26c3f8a7216a,持卡人消费,硕果园（工大商店）,-6.0,81.56,4875,正常
2016/04/13 18:39:19,3eb8aaf3cdca0a43a323d563cd0c5514dd51c0d3,18bc1eb3b5a715d38351e7a35e2b26c3f8a7216a,持卡人消费,硕果园（工大商店）,-5.0,76.56,4876,正常
2016/04/14 09:40:40,3eb8aaf3cdca0a43a323d563cd0c5514dd51c0d3,18bc1eb3b5a715d38351e7a35e2b26c3f8a7216a,持卡人消费,学子超市园丁总店,-5.0,71.56,4877,正常
2016/04/14 11:35:20,3eb8aaf3cdca0a43a323d563cd0c5514dd51c0d3,18bc1eb3b5a715d38351e7a35e2b26c3f8a7216a,持卡人消费,南苑网关,-3.3,68.26,4878,正常
2016/04/15 08:13:49,3eb8aaf3cdca0a43a323d563cd0c5514dd51c0d3,18bc1eb3b5a715d38351e7a35e2b26c3f8a7216a,持卡人消费,南苑网关,-1.0,67.26,4879,正常
2016/04/15 08:14:15,3eb8aaf3cdca0a43a323d563cd0c5514dd51c0d3,18bc1eb3b5a715d38351e7a35e2b26c3f8a7216a,持卡人消费,南苑网关,-0.25,67.01,4880,正常
2016/04/15 11:05:29,3eb8aaf3cdca0a43a323d563cd0c5514dd51c0d3,18bc1eb3b5a715d38351e7a35e2b26c3f8a7216a,持卡人消费,南苑网关,-0.2,66.81,4881,正常
2016/04/15 11:05:30,3eb8aaf3cdca0a43a323d563cd0c5514dd51c0d3,18bc1eb3b5a715d38351e7a35e2b26c3f8a7216a,持卡人消费,南苑网关,-0.2,66.61,4882,正常
2016/04/15 11:05:42,3eb8aaf3cdca0a43a323d563cd0c5514dd51c0d3,18bc1eb3b5a715d38351e7a35e2b26c3f8a7216a,持卡人消费,南苑网关,-10.32,56.29,4883,正常
2016/04/15 17:32:26,3eb8aaf3cdca0a43a323d563cd0c5514dd51c0d3,18bc1eb3b5a715d38351e7a35e2b26c3f8a7216a,持卡人消费,学苑楼商务网关,-10.0,46.29,4884,正常
2016/04/15 17:49:46,3eb8aaf3cdca0a43a323d563cd0c5514dd51c0d3,18bc1eb3b5a715d38351e7a35e2b26c3f8a7216a,持卡人消费,学苑楼商务网关,-10.3,35.99,4885,正常
2016/04/15 18:17:31,3eb8aaf3cdca0a43a323d563cd0c5514dd51c0d3,18bc1eb3b5a715d38351e7a35e2b26c3f8a7216a,持卡人消费,一校区水控新,-0.65,35.34,4886,正常
2016/04/15 18:25:28,3eb8aaf3cdca0a43a323d563cd0c5514dd51c0d3,18bc1eb3b5a715d38351e7a35e2b26c3f8a7216a,持卡人消费,一校区水控新,-1.24,34.10,4887,正常
2016/04/15 18:26:16,3eb8aaf3cdca0a43a323d563cd0c5514dd51c0d3,18bc1eb3b5a715d38351e7a35e2b26c3f8a7216a,持卡人消费,一校区水控新,-0.01,34.09,4888,正常
2016/04/16 11:34:06,3eb8aaf3cdca0a43a323d563cd0c5514dd51c0d3,18bc1eb3b5a715d38351e7a35e2b26c3f8a7216a,持卡人消费,学士楼商务网关,-9.8,24.29,4889,正常
2016/04/17 12:17:11,3eb8aaf3cdca0a43a323d563cd0c5514dd51c0d3,18bc1eb3b5a715d38351e7a35e2b26c3f8a7216a,持卡人消费,超市商务子系统,-21.0,3.29,4890,正常
2016/04/17 16:06:32,3eb8aaf3cdca0a43a323d563cd0c5514dd51c0d3,18bc1eb3b5a715d38351e7a35e2b26c3f8a7216a,持卡人消费,一校区水控新,-2.0,1.29,4891,正常
2016/04/17 18:08:53,3eb8aaf3cdca0a43a323d563cd0c5514dd51c0d3,18bc1eb3b5a715d38351e7a35e2b26c3f8a7216a,存款,学苑楼综合业务2,200.0,201.29,4892,正常
2016/04/17 18:11:17,3eb8aaf3cdca0a43a323d563cd0c5514dd51c0d3,18bc1eb3b5a715d38351e7a35e2b26c3f8a7216a,持卡人消费,学苑楼商务网关,-8.8,192.49,4893,正常
2016/04/17 18:33:01,3eb8aaf3cdca0a43a323d563cd0c5514dd51c0d3,18bc1eb3b5a715d38351e7a35e2b26c3f8a7216a,持卡人消费,学子超市园丁总店,-4.2,188.29,4894,正常
2016/04/18 11:19:27,3eb8aaf3cdca0a43a323d563cd0c5514dd51c0d3,18bc1eb3b5a715d38351e7a35e2b26c3f8a7216a,持卡人消费,南苑网关,-0.2,188.09,4895,正常
2016/04/18 11:19:28,3eb8aaf3cdca0a43a323d563cd0c5514dd51c0d3,18bc1eb3b5a715d38351e7a35e2b26c3f8a7216a,持卡人消费,南苑网关,-0.2,187.89,4896,正常
2016/04/18 11:19:38,3eb8aaf3cdca0a43a323d563cd0c5514dd51c0d3,18bc1eb3b5a715d38351e7a35e2b26c3f8a7216a,持卡人消费,南苑网关,-8.64,179.25,4897,正常
2016/04/18 18:35:38,3eb8aaf3cdca0a43a323d563cd0c5514dd51c0d3,18bc1eb3b5a715d38351e7a35e2b26c3f8a7216a,持卡人消费,硕果园（工大商店）,-12.0,167.25,4898,正常
2016/04/18 18:36:10,3eb8aaf3cdca0a43a323d563cd0c5514dd51c0d3,18bc1eb3b5a715d38351e7a35e2b26c3f8a7216a,持卡人消费,硕果园（工大商店）,-6.0,161.25,4899,正常
2016/04/18 18:51:28,3eb8aaf3cdca0a43a323d563cd0c5514dd51c0d3,18bc1eb3b5a715d38351e7a35e2b26c3f8a7216a,持卡人消费,硕果园（工大商店）,-5.0,156.25,4900,正常
2016/04/19 11:40:27,3eb8aaf3cdca0a43a323d563cd0c5514dd51c0d3,18bc1eb3b5a715d38351e7a35e2b26c3f8a7216a,持卡人消费,学士楼商务网关,-4.8,151.45,4901,正常
2016/04/19 12:07:24,3eb8aaf3cdca0a43a323d563cd0c5514dd51c0d3,18bc1eb3b5a715d38351e7a35e2b26c3f8a7216a,持卡人消费,硕果园（工大商店）,-12.0,139.45,4902,正常
2016/04/20 11:05:35,3eb8aaf3cdca0a43a323d563cd0c5514dd51c0d3,18bc1eb3b5a715d38351e7a35e2b26c3f8a7216a,持卡人消费,南苑网关,-0.2,139.25,4903,正常
2016/04/20 11:05:37,3eb8aaf3cdca0a43a323d563cd0c5514dd51c0d3,18bc1eb3b5a715d38351e7a35e2b26c3f8a7216a,持卡人消费,南苑网关,-0.2,139.05,4904,正常
2016/04/20 11:05:48,3eb8aaf3cdca0a43a323d563cd0c5514dd51c0d3,18bc1eb3b5a715d38351e7a35e2b26c3f8a7216a,持卡人消费,南苑网关,-11.04,128.01,4905,正常
2016/04/20 11:06:58,3eb8aaf3cdca0a43a323d563cd0c5514dd51c0d3,18bc1eb3b5a715d38351e7a35e2b26c3f8a7216a,持卡人消费,南苑网关,-3.0,125.01,4906,正常
2016/04/20 17:58:17,3eb8aaf3cdca0a43a323d563cd0c5514dd51c0d3,18bc1eb3b5a715d38351e7a35e2b26c3f8a7216a,持卡人消费,学士楼商务网关,-7.68,117.33,4907,正常
2016/04/20 18:04:27,3eb8aaf3cdca0a43a323d563cd0c5514dd51c0d3,18bc1eb3b5a715d38351e7a35e2b26c3f8a7216a,持卡人消费,学士楼商务网关,-2.5,114.83,4908,正常
2016/04/20 18:17:20,3eb8aaf3cdca0a43a323d563cd0c5514dd51c0d3,18bc1eb3b5a715d38351e7a35e2b26c3f8a7216a,持卡人消费,硕果园（工大商店）,-6.0,108.83,4909,正常
2016/04/20 18:18:00,3eb8aaf3cdca0a43a323d563cd0c5514dd51c0d3,18bc1eb3b5a715d38351e7a35e2b26c3f8a7216a,持卡人消费,硕果园（工大商店）,-5.0,103.83,4910,正常
2016/04/20 20:26:49,3eb8aaf3cdca0a43a323d563cd0c5514dd51c0d3,18bc1eb3b5a715d38351e7a35e2b26c3f8a7216a,持卡人消费,一校区水控新,-0.76,103.07,4911,正常
2016/04/20 20:32:48,3eb8aaf3cdca0a43a323d563cd0c5514dd51c0d3,18bc1eb3b5a715d38351e7a35e2b26c3f8a7216a,持卡人消费,一校区水控新,-0.99,102.08,4912,正常
2016/04/20 20:33:19,3eb8aaf3cdca0a43a323d563cd0c5514dd51c0d3,18bc1eb3b5a715d38351e7a35e2b26c3f8a7216a,持卡人消费,一校区水控新,-0.01,102.07,4913,正常
2016/04/20 20:46:05,3eb8aaf3cdca0a43a323d563cd0c5514dd51c0d3,18bc1eb3b5a715d38351e7a35e2b26c3f8a7216a,持卡人消费,A7,-3.0,99.07,4914,正常
2016/04/21 12:26:33,3eb8aaf3cdca0a43a323d563cd0c5514dd51c0d3,18bc1eb3b5a715d38351e7a35e2b26c3f8a7216a,持卡人消费,学苑楼商务网关,-10.0,89.07,4915,正常
2016/04/22 11:14:44,3eb8aaf3cdca0a43a323d563cd0c5514dd51c0d3,18bc1eb3b5a715d38351e7a35e2b26c3f8a7216a,持卡人消费,南苑网关,-7.0,82.07,4916,正常
2016/04/22 11:25:27,3eb8aaf3cdca0a43a323d563cd0c5514dd51c0d3,18bc1eb3b5a715d38351e7a35e2b26c3f8a7216a,持卡人消费,南苑网关,-4.0,78.07,4917,正常
2016/04/22 17:17:47,3eb8aaf3cdca0a43a323d563cd0c5514dd51c0d3,18bc1eb3b5a715d38351e7a35e2b26c3f8a7216a,持卡人消费,南苑网关,-2.3,75.77,4918,正常
2016/04/22 17:18:39,3eb8aaf3cdca0a43a323d563cd0c5514dd51c0d3,18bc1eb3b5a715d38351e7a35e2b26c3f8a7216a,持卡人消费,南苑网关,-12.0,63.77,4919,正常
2016/04/23 12:07:05,3eb8aaf3cdca0a43a323d563cd0c5514dd51c0d3,18bc1eb3b5a715d38351e7a35e2b26c3f8a7216a,持卡人消费,南苑网关,-6.0,57.77,4920,正常
2016/04/23 12:15:08,3eb8aaf3cdca0a43a323d563cd0c5514dd51c0d3,18bc1eb3b5a715d38351e7a35e2b26c3f8a7216a,持卡人消费,南苑网关,-3.0,54.77,4921,正常
2016/04/23 20:18:40,3eb8aaf3cdca0a43a323d563cd0c5514dd51c0d3,18bc1eb3b5a715d38351e7a35e2b26c3f8a7216a,持卡人消费,学子超市园丁总店,-6.0,48.77,4922,正常
2016/04/24 11:33:36,3eb8aaf3cdca0a43a323d563cd0c5514dd51c0d3,18bc1eb3b5a715d38351e7a35e2b26c3f8a7216a,持卡人消费,南苑网关,-3.8,44.97,4923,正常
2016/04/25 11:23:10,3eb8aaf3cdca0a43a323d563cd0c5514dd51c0d3,18bc1eb3b5a715d38351e7a35e2b26c3f8a7216a,持卡人消费,学士楼商务网关,-3.8,41.17,4924,正常
2016/04/25 11:32:42,3eb8aaf3cdca0a43a323d563cd0c5514dd51c0d3,18bc1eb3b5a715d38351e7a35e2b26c3f8a7216a,持卡人消费,学士楼商务网关,-0.5,40.67,4925,正常
2016/04/25 11:37:48,3eb8aaf3cdca0a43a323d563cd0c5514dd51c0d3,18bc1eb3b5a715d38351e7a35e2b26c3f8a7216a,持卡人消费,硕果园（工大商店）,-3.4,37.27,4926,正常
2016/04/25 17:39:38,3eb8aaf3cdca0a43a323d563cd0c5514dd51c0d3,18bc1eb3b5a715d38351e7a35e2b26c3f8a7216a,存款,现金充值机,200.0,237.27,4927,正常
2016/04/25 18:01:40,3eb8aaf3cdca0a43a323d563cd0c5514dd51c0d3,18bc1eb3b5a715d38351e7a35e2b26c3f8a7216a,持卡人消费,学苑楼商务网关,-8.0,229.27,4928,正常
2016/04/25 18:03:54,3eb8aaf3cdca0a43a323d563cd0c5514dd51c0d3,18bc1eb3b5a715d38351e7a35e2b26c3f8a7216a,持卡人消费,学苑楼商务网关,-0.5,228.77,4929,正常
2016/04/25 18:17:27,3eb8aaf3cdca0a43a323d563cd0c5514dd51c0d3,18bc1eb3b5a715d38351e7a35e2b26c3f8a7216a,持卡人消费,硕果园（工大商店）,-6.0,222.77,4930,正常
2016/04/25 18:24:10,3eb8aaf3cdca0a43a323d563cd0c5514dd51c0d3,18bc1eb3b5a715d38351e7a35e2b26c3f8a7216a,持卡人消费,超市商务子系统,-32.8,189.97,4931,正常
2016/04/25 19:35:58,3eb8aaf3cdca0a43a323d563cd0c5514dd51c0d3,18bc1eb3b5a715d38351e7a35e2b26c3f8a7216a,持卡人消费,一校区水控新,-1.07,188.90,4933,正常
2016/04/25 19:43:45,3eb8aaf3cdca0a43a323d563cd0c5514dd51c0d3,18bc1eb3b5a715d38351e7a35e2b26c3f8a7216a,持卡人消费,一校区水控新,-1.25,187.65,4935,正常
2016/04/26 11:36:27,3eb8aaf3cdca0a43a323d563cd0c5514dd51c0d3,18bc1eb3b5a715d38351e7a35e2b26c3f8a7216a,持卡人消费,南苑网关,-0.2,187.45,4936,正常
2016/04/26 11:36:29,3eb8aaf3cdca0a43a323d563cd0c5514dd51c0d3,18bc1eb3b5a715d38351e7a35e2b26c3f8a7216a,持卡人消费,南苑网关,-0.2,187.25,4937,正常
2016/04/26 11:36:46,3eb8aaf3cdca0a43a323d563cd0c5514dd51c0d3,18bc1eb3b5a715d38351e7a35e2b26c3f8a7216a,持卡人消费,南苑网关,-6.72,180.53,4938,正常
2016/04/27 12:42:28,3eb8aaf3cdca0a43a323d563cd0c5514dd51c0d3,18bc1eb3b5a715d38351e7a35e2b26c3f8a7216a,持卡人消费,硕果园（工大商店）,-9.0,171.53,4939,正常
2016/04/27 12:43:06,3eb8aaf3cdca0a43a323d563cd0c5514dd51c0d3,18bc1eb3b5a715d38351e7a35e2b26c3f8a7216a,持卡人消费,硕果园（工大商店）,-6.0,165.53,4940,正常
2016/04/27 17:32:06,3eb8aaf3cdca0a43a323d563cd0c5514dd51c0d3,18bc1eb3b5a715d38351e7a35e2b26c3f8a7216a,持卡人消费,学士楼商务网关,-3.8,161.73,4941,正常
2016/04/27 17:44:30,3eb8aaf3cdca0a43a323d563cd0c5514dd51c0d3,18bc1eb3b5a715d38351e7a35e2b26c3f8a7216a,持卡人消费,学士楼商务网关,-0.5,161.23,4942,正常
2016/04/27 17:56:57,3eb8aaf3cdca0a43a323d563cd0c5514dd51c0d3,18bc1eb3b5a715d38351e7a35e2b26c3f8a7216a,持卡人消费,硕果园（工大商店）,-5.0,156.23,4943,正常
2016/04/28 11:03:40,3eb8aaf3cdca0a43a323d563cd0c5514dd51c0d3,18bc1eb3b5a715d38351e7a35e2b26c3f8a7216a,持卡人消费,南苑网关,-0.2,156.03,4944,正常
2016/04/28 11:03:41,3eb8aaf3cdca0a43a323d563cd0c5514dd51c0d3,18bc1eb3b5a715d38351e7a35e2b26c3f8a7216a,持卡人消费,南苑网关,-0.2,155.83,4945,正常
2016/04/28 11:03:51,3eb8aaf3cdca0a43a323d563cd0c5514dd51c0d3,18bc1eb3b5a715d38351e7a35e2b26c3f8a7216a,持卡人消费,南苑网关,-9.84,145.99,4946,正常
2016/04/28 20:36:57,3eb8aaf3cdca0a43a323d563cd0c5514dd51c0d3,18bc1eb3b5a715d38351e7a35e2b26c3f8a7216a,持卡人消费,网络中心,-30.0,115.99,4947,正常
2016/04/29 11:39:57,3eb8aaf3cdca0a43a323d563cd0c5514dd51c0d3,18bc1eb3b5a715d38351e7a35e2b26c3f8a7216a,持卡人消费,学苑楼商务网关,-15.0,100.99,4948,正常
2016/04/29 18:26:10,3eb8aaf3cdca0a43a323d563cd0c5514dd51c0d3,18bc1eb3b5a715d38351e7a35e2b26c3f8a7216a,持卡人消费,硕果园（工大商店）,-8.0,92.99,4949,正常
2016/04/29 18:26:40,3eb8aaf3cdca0a43a323d563cd0c5514dd51c0d3,18bc1eb3b5a715d38351e7a35e2b26c3f8a7216a,持卡人消费,硕果园（工大商店）,-5.0,87.99,4950,正常
2016/04/29 18:41:55,3eb8aaf3cdca0a43a323d563cd0c5514dd51c0d3,18bc1eb3b5a715d38351e7a35e2b26c3f8a7216a,持卡人消费,超市商务子系统,-8.0,79.99,4951,正常
2016/04/29 18:47:15,3eb8aaf3cdca0a43a323d563cd0c5514dd51c0d3,18bc1eb3b5a715d38351e7a35e2b26c3f8a7216a,持卡人消费,超市商务子系统,-32.9,47.09,4952,正常
2016/04/29 19:37:30,3eb8aaf3cdca0a43a323d563cd0c5514dd51c0d3,18bc1eb3b5a715d38351e7a35e2b26c3f8a7216a,持卡人消费,游泳馆,-6.0,41.09,4953,正常
