交易发生时间,学号,姓名,交易类型,子系统名称,交易额,现有余额,次数,状态
2016/04/05 18:36:12,bf92427079b6ebb97e8f0aed3f0e0165c84e1f73,18cba8e8953628548ef9200a80ebf9f68a7c5ed8,持卡人消费,学子楼商务网关,-12.0,33.18,2631,正常
2016/04/06 17:42:01,bf92427079b6ebb97e8f0aed3f0e0165c84e1f73,18cba8e8953628548ef9200a80ebf9f68a7c5ed8,持卡人消费,学苑楼商务网关,-8.0,25.18,2632,正常
2016/04/06 17:45:10,bf92427079b6ebb97e8f0aed3f0e0165c84e1f73,18cba8e8953628548ef9200a80ebf9f68a7c5ed8,持卡人消费,学苑楼商务网关,-1.5,23.68,2633,正常
2016/04/07 11:03:46,bf92427079b6ebb97e8f0aed3f0e0165c84e1f73,18cba8e8953628548ef9200a80ebf9f68a7c5ed8,持卡人消费,学苑楼商务网关,-7.0,16.68,2634,正常
2016/04/07 11:04:31,bf92427079b6ebb97e8f0aed3f0e0165c84e1f73,18cba8e8953628548ef9200a80ebf9f68a7c5ed8,持卡人消费,学苑楼商务网关,-1.5,15.18,2635,正常
2016/04/11 11:28:05,bf92427079b6ebb97e8f0aed3f0e0165c84e1f73,18cba8e8953628548ef9200a80ebf9f68a7c5ed8,持卡人消费,硕果园（工大商店）,-9.0,6.18,2636,正常
2016/04/20 12:09:04,bf92427079b6ebb97e8f0aed3f0e0165c84e1f73,18cba8e8953628548ef9200a80ebf9f68a7c5ed8,持卡人消费,超市商务子系统,-1.5,4.68,2637,正常
