交易发生时间,学号,姓名,交易类型,子系统名称,交易额,现有余额,次数,状态
2016/04/01 07:37:49,6bf370aadb30e1ab84424fb8e6e6a1e9f1756222,18d7634710ae8b5578ca3b4d52651de73bd3c8e0,持卡人消费,学士楼商务网关,-1.9,11.43,3652,正常
2016/04/01 12:07:07,6bf370aadb30e1ab84424fb8e6e6a1e9f1756222,18d7634710ae8b5578ca3b4d52651de73bd3c8e0,持卡人消费,学苑楼商务网关,-9.0,2.43,3653,正常
2016/04/02 17:38:34,6bf370aadb30e1ab84424fb8e6e6a1e9f1756222,18d7634710ae8b5578ca3b4d52651de73bd3c8e0,存款,现金充值机,100.0,102.43,3654,正常
2016/04/02 17:55:16,6bf370aadb30e1ab84424fb8e6e6a1e9f1756222,18d7634710ae8b5578ca3b4d52651de73bd3c8e0,持卡人消费,学苑楼商务网关,-4.5,97.93,3655,正常
2016/04/02 18:08:52,6bf370aadb30e1ab84424fb8e6e6a1e9f1756222,18d7634710ae8b5578ca3b4d52651de73bd3c8e0,持卡人消费,超市商务子系统,-6.0,91.93,3656,正常
2016/04/02 18:09:34,6bf370aadb30e1ab84424fb8e6e6a1e9f1756222,18d7634710ae8b5578ca3b4d52651de73bd3c8e0,持卡人消费,超市商务子系统,-2.5,89.43,3657,正常
2016/04/04 16:24:08,6bf370aadb30e1ab84424fb8e6e6a1e9f1756222,18d7634710ae8b5578ca3b4d52651de73bd3c8e0,持卡人消费,超市商务子系统,-8.1,81.33,3658,正常
2016/04/04 16:27:14,6bf370aadb30e1ab84424fb8e6e6a1e9f1756222,18d7634710ae8b5578ca3b4d52651de73bd3c8e0,持卡人消费,超市商务子系统,-2.9,78.43,3659,正常
2016/04/05 12:08:01,6bf370aadb30e1ab84424fb8e6e6a1e9f1756222,18d7634710ae8b5578ca3b4d52651de73bd3c8e0,持卡人消费,学苑楼商务网关,-8.8,69.63,3660,正常
2016/04/05 17:50:30,6bf370aadb30e1ab84424fb8e6e6a1e9f1756222,18d7634710ae8b5578ca3b4d52651de73bd3c8e0,持卡人消费,学苑楼商务网关,-4.0,65.63,3661,正常
2016/04/05 17:51:35,6bf370aadb30e1ab84424fb8e6e6a1e9f1756222,18d7634710ae8b5578ca3b4d52651de73bd3c8e0,持卡人消费,学苑楼商务网关,-1.0,64.63,3662,正常
2016/04/05 17:52:00,6bf370aadb30e1ab84424fb8e6e6a1e9f1756222,18d7634710ae8b5578ca3b4d52651de73bd3c8e0,持卡人消费,学苑楼商务网关,-0.4,64.23,3663,正常
2016/04/05 17:52:46,6bf370aadb30e1ab84424fb8e6e6a1e9f1756222,18d7634710ae8b5578ca3b4d52651de73bd3c8e0,持卡人消费,学苑楼商务网关,-1.6,62.63,3664,正常
2016/04/06 08:56:33,6bf370aadb30e1ab84424fb8e6e6a1e9f1756222,18d7634710ae8b5578ca3b4d52651de73bd3c8e0,持卡人消费,学士楼商务网关,-2.0,60.63,3665,正常
2016/04/06 08:57:04,6bf370aadb30e1ab84424fb8e6e6a1e9f1756222,18d7634710ae8b5578ca3b4d52651de73bd3c8e0,持卡人消费,学士楼商务网关,-0.6,60.03,3666,正常
2016/04/06 08:58:22,6bf370aadb30e1ab84424fb8e6e6a1e9f1756222,18d7634710ae8b5578ca3b4d52651de73bd3c8e0,持卡人消费,学士楼商务网关,-0.5,59.53,3667,正常
2016/04/06 12:09:10,6bf370aadb30e1ab84424fb8e6e6a1e9f1756222,18d7634710ae8b5578ca3b4d52651de73bd3c8e0,持卡人消费,学苑楼商务网关,-8.0,51.53,3668,正常
2016/04/06 12:10:29,6bf370aadb30e1ab84424fb8e6e6a1e9f1756222,18d7634710ae8b5578ca3b4d52651de73bd3c8e0,持卡人消费,学苑楼商务网关,-7.0,44.53,3669,正常
2016/04/06 12:10:48,6bf370aadb30e1ab84424fb8e6e6a1e9f1756222,18d7634710ae8b5578ca3b4d52651de73bd3c8e0,持卡人消费,学苑楼商务网关,-1.5,43.03,3670,正常
2016/04/06 18:00:55,6bf370aadb30e1ab84424fb8e6e6a1e9f1756222,18d7634710ae8b5578ca3b4d52651de73bd3c8e0,持卡人消费,学苑楼商务网关,-5.0,38.03,3671,正常
2016/04/06 18:01:25,6bf370aadb30e1ab84424fb8e6e6a1e9f1756222,18d7634710ae8b5578ca3b4d52651de73bd3c8e0,持卡人消费,学苑楼商务网关,-6.5,31.53,3672,正常
2016/04/07 07:23:27,6bf370aadb30e1ab84424fb8e6e6a1e9f1756222,18d7634710ae8b5578ca3b4d52651de73bd3c8e0,持卡人消费,超市商务子系统,-2.0,29.53,3673,正常
2016/04/07 12:07:35,6bf370aadb30e1ab84424fb8e6e6a1e9f1756222,18d7634710ae8b5578ca3b4d52651de73bd3c8e0,持卡人消费,学苑楼商务网关,-8.0,21.53,3674,正常
2016/04/08 09:25:41,6bf370aadb30e1ab84424fb8e6e6a1e9f1756222,18d7634710ae8b5578ca3b4d52651de73bd3c8e0,持卡人消费,学士楼商务网关,-2.6,18.93,3675,正常
2016/04/08 12:14:01,6bf370aadb30e1ab84424fb8e6e6a1e9f1756222,18d7634710ae8b5578ca3b4d52651de73bd3c8e0,持卡人消费,学苑楼商务网关,-7.5,11.43,3676,正常
2016/04/08 17:50:49,6bf370aadb30e1ab84424fb8e6e6a1e9f1756222,18d7634710ae8b5578ca3b4d52651de73bd3c8e0,持卡人消费,学苑楼商务网关,-8.0,3.43,3677,正常
2016/04/08 17:51:49,6bf370aadb30e1ab84424fb8e6e6a1e9f1756222,18d7634710ae8b5578ca3b4d52651de73bd3c8e0,持卡人消费,学苑楼商务网关,-3.0,0.43,3678,正常
2016/04/09 11:55:44,6bf370aadb30e1ab84424fb8e6e6a1e9f1756222,18d7634710ae8b5578ca3b4d52651de73bd3c8e0,存款,学苑楼综合业务2,100.0,100.43,3679,正常
2016/04/09 11:57:29,6bf370aadb30e1ab84424fb8e6e6a1e9f1756222,18d7634710ae8b5578ca3b4d52651de73bd3c8e0,持卡人消费,学苑楼商务网关,-7.0,93.43,3680,正常
2016/04/09 12:06:20,6bf370aadb30e1ab84424fb8e6e6a1e9f1756222,18d7634710ae8b5578ca3b4d52651de73bd3c8e0,持卡人消费,学苑楼商务网关,-1.5,91.93,3681,正常
2016/04/09 18:10:33,6bf370aadb30e1ab84424fb8e6e6a1e9f1756222,18d7634710ae8b5578ca3b4d52651de73bd3c8e0,持卡人消费,学苑楼商务网关,-4.4,87.53,3682,正常
2016/04/09 18:11:39,6bf370aadb30e1ab84424fb8e6e6a1e9f1756222,18d7634710ae8b5578ca3b4d52651de73bd3c8e0,持卡人消费,学苑楼商务网关,-0.8,86.73,3683,正常
2016/04/09 21:37:02,6bf370aadb30e1ab84424fb8e6e6a1e9f1756222,18d7634710ae8b5578ca3b4d52651de73bd3c8e0,持卡人消费,超市商务子系统,-2.9,83.83,3684,正常
2016/04/09 21:37:48,6bf370aadb30e1ab84424fb8e6e6a1e9f1756222,18d7634710ae8b5578ca3b4d52651de73bd3c8e0,持卡人消费,超市商务子系统,-6.0,77.83,3685,正常
2016/04/10 08:52:04,6bf370aadb30e1ab84424fb8e6e6a1e9f1756222,18d7634710ae8b5578ca3b4d52651de73bd3c8e0,持卡人消费,学士楼商务网关,-9.4,68.43,3686,正常
2016/04/10 12:18:43,6bf370aadb30e1ab84424fb8e6e6a1e9f1756222,18d7634710ae8b5578ca3b4d52651de73bd3c8e0,持卡人消费,学苑楼商务网关,-8.0,60.43,3687,正常
2016/04/10 17:27:54,6bf370aadb30e1ab84424fb8e6e6a1e9f1756222,18d7634710ae8b5578ca3b4d52651de73bd3c8e0,持卡人消费,学苑楼商务网关,-3.4,57.03,3688,正常
2016/04/10 17:29:06,6bf370aadb30e1ab84424fb8e6e6a1e9f1756222,18d7634710ae8b5578ca3b4d52651de73bd3c8e0,持卡人消费,学苑楼商务网关,-0.4,56.63,3689,正常
2016/04/11 08:56:34,6bf370aadb30e1ab84424fb8e6e6a1e9f1756222,18d7634710ae8b5578ca3b4d52651de73bd3c8e0,持卡人消费,学士楼商务网关,-2.7,53.93,3690,正常
2016/04/11 08:56:37,6bf370aadb30e1ab84424fb8e6e6a1e9f1756222,18d7634710ae8b5578ca3b4d52651de73bd3c8e0,持卡人消费,学士楼商务网关,-2.4,51.53,3691,正常
2016/04/11 08:57:56,6bf370aadb30e1ab84424fb8e6e6a1e9f1756222,18d7634710ae8b5578ca3b4d52651de73bd3c8e0,持卡人消费,学士楼商务网关,-1.0,50.53,3692,正常
2016/04/11 12:16:19,6bf370aadb30e1ab84424fb8e6e6a1e9f1756222,18d7634710ae8b5578ca3b4d52651de73bd3c8e0,持卡人消费,学苑楼商务网关,-9.0,41.53,3693,正常
2016/04/11 14:44:23,6bf370aadb30e1ab84424fb8e6e6a1e9f1756222,18d7634710ae8b5578ca3b4d52651de73bd3c8e0,持卡人消费,硕果园（工大商店）,-3.8,37.73,3694,正常
2016/04/11 17:45:12,6bf370aadb30e1ab84424fb8e6e6a1e9f1756222,18d7634710ae8b5578ca3b4d52651de73bd3c8e0,持卡人消费,学苑楼商务网关,-5.0,32.73,3695,正常
2016/04/11 17:46:39,6bf370aadb30e1ab84424fb8e6e6a1e9f1756222,18d7634710ae8b5578ca3b4d52651de73bd3c8e0,持卡人消费,学苑楼商务网关,-1.43,31.30,3696,正常
2016/04/11 20:40:31,6bf370aadb30e1ab84424fb8e6e6a1e9f1756222,18d7634710ae8b5578ca3b4d52651de73bd3c8e0,持卡人消费,A15,-3.0,28.30,3697,正常
2016/04/12 09:37:28,6bf370aadb30e1ab84424fb8e6e6a1e9f1756222,18d7634710ae8b5578ca3b4d52651de73bd3c8e0,持卡人消费,超市商务子系统,-2.5,25.80,3698,正常
2016/04/12 11:53:13,6bf370aadb30e1ab84424fb8e6e6a1e9f1756222,18d7634710ae8b5578ca3b4d52651de73bd3c8e0,持卡人消费,学苑楼商务网关,-7.0,18.80,3699,正常
2016/04/12 17:44:10,6bf370aadb30e1ab84424fb8e6e6a1e9f1756222,18d7634710ae8b5578ca3b4d52651de73bd3c8e0,持卡人消费,学苑楼商务网关,-7.0,11.80,3700,正常
2016/04/12 17:46:07,6bf370aadb30e1ab84424fb8e6e6a1e9f1756222,18d7634710ae8b5578ca3b4d52651de73bd3c8e0,持卡人消费,学苑楼商务网关,-0.8,11.00,3701,正常
2016/04/13 08:32:41,6bf370aadb30e1ab84424fb8e6e6a1e9f1756222,18d7634710ae8b5578ca3b4d52651de73bd3c8e0,持卡人消费,学士楼商务网关,-1.9,9.10,3702,正常
2016/04/13 12:05:46,6bf370aadb30e1ab84424fb8e6e6a1e9f1756222,18d7634710ae8b5578ca3b4d52651de73bd3c8e0,持卡人消费,学苑楼商务网关,-6.0,3.10,3703,正常
2016/04/13 12:25:26,6bf370aadb30e1ab84424fb8e6e6a1e9f1756222,18d7634710ae8b5578ca3b4d52651de73bd3c8e0,存款,卡中心综合业务,100.0,103.10,3704,正常
2016/04/14 07:43:37,6bf370aadb30e1ab84424fb8e6e6a1e9f1756222,18d7634710ae8b5578ca3b4d52651de73bd3c8e0,持卡人消费,超市商务子系统,-3.0,100.10,3705,正常
2016/04/14 12:17:36,6bf370aadb30e1ab84424fb8e6e6a1e9f1756222,18d7634710ae8b5578ca3b4d52651de73bd3c8e0,持卡人消费,学苑楼商务网关,-8.8,91.30,3706,正常
2016/04/14 17:45:59,6bf370aadb30e1ab84424fb8e6e6a1e9f1756222,18d7634710ae8b5578ca3b4d52651de73bd3c8e0,持卡人消费,学苑楼商务网关,-5.4,85.90,3707,正常
2016/04/14 17:46:49,6bf370aadb30e1ab84424fb8e6e6a1e9f1756222,18d7634710ae8b5578ca3b4d52651de73bd3c8e0,持卡人消费,学苑楼商务网关,-0.8,85.10,3708,正常
2016/04/15 08:57:40,6bf370aadb30e1ab84424fb8e6e6a1e9f1756222,18d7634710ae8b5578ca3b4d52651de73bd3c8e0,持卡人消费,学士楼商务网关,-1.7,83.40,3709,正常
2016/04/15 12:25:03,6bf370aadb30e1ab84424fb8e6e6a1e9f1756222,18d7634710ae8b5578ca3b4d52651de73bd3c8e0,持卡人消费,学苑楼商务网关,-9.0,74.40,3710,正常
2016/04/16 12:34:38,6bf370aadb30e1ab84424fb8e6e6a1e9f1756222,18d7634710ae8b5578ca3b4d52651de73bd3c8e0,持卡人消费,15公寓浴池,-2.0,72.40,3711,正常
2016/04/16 12:43:56,6bf370aadb30e1ab84424fb8e6e6a1e9f1756222,18d7634710ae8b5578ca3b4d52651de73bd3c8e0,持卡人消费,15公寓浴池,-1.78,70.62,3713,正常
2016/04/16 12:46:31,6bf370aadb30e1ab84424fb8e6e6a1e9f1756222,18d7634710ae8b5578ca3b4d52651de73bd3c8e0,持卡人消费,15公寓浴池,-0.26,70.36,3715,正常
2016/04/16 17:54:32,6bf370aadb30e1ab84424fb8e6e6a1e9f1756222,18d7634710ae8b5578ca3b4d52651de73bd3c8e0,持卡人消费,学苑楼商务网关,-3.4,66.96,3716,正常
2016/04/16 17:55:02,6bf370aadb30e1ab84424fb8e6e6a1e9f1756222,18d7634710ae8b5578ca3b4d52651de73bd3c8e0,持卡人消费,学苑楼商务网关,-0.8,66.16,3717,正常
2016/04/17 17:33:14,6bf370aadb30e1ab84424fb8e6e6a1e9f1756222,18d7634710ae8b5578ca3b4d52651de73bd3c8e0,持卡人消费,学苑楼商务网关,-3.9,62.26,3718,正常
2016/04/17 17:33:47,6bf370aadb30e1ab84424fb8e6e6a1e9f1756222,18d7634710ae8b5578ca3b4d52651de73bd3c8e0,持卡人消费,学苑楼商务网关,-0.8,61.46,3719,正常
2016/04/17 17:35:26,6bf370aadb30e1ab84424fb8e6e6a1e9f1756222,18d7634710ae8b5578ca3b4d52651de73bd3c8e0,持卡人消费,学苑楼商务网关,-2.97,58.49,3720,正常
2016/04/18 07:54:34,6bf370aadb30e1ab84424fb8e6e6a1e9f1756222,18d7634710ae8b5578ca3b4d52651de73bd3c8e0,持卡人消费,学士楼商务网关,-2.4,56.09,3721,正常
2016/04/18 12:06:35,6bf370aadb30e1ab84424fb8e6e6a1e9f1756222,18d7634710ae8b5578ca3b4d52651de73bd3c8e0,持卡人消费,学苑楼商务网关,-9.0,47.09,3722,正常
2016/04/19 07:10:50,6bf370aadb30e1ab84424fb8e6e6a1e9f1756222,18d7634710ae8b5578ca3b4d52651de73bd3c8e0,持卡人消费,学士楼商务网关,-3.3,43.79,3723,正常
2016/04/19 12:05:26,6bf370aadb30e1ab84424fb8e6e6a1e9f1756222,18d7634710ae8b5578ca3b4d52651de73bd3c8e0,持卡人消费,学苑楼商务网关,-8.0,35.79,3724,正常
2016/04/19 12:47:03,6bf370aadb30e1ab84424fb8e6e6a1e9f1756222,18d7634710ae8b5578ca3b4d52651de73bd3c8e0,持卡人消费,超市商务子系统,-7.0,28.79,3725,正常
2016/04/20 07:12:09,6bf370aadb30e1ab84424fb8e6e6a1e9f1756222,18d7634710ae8b5578ca3b4d52651de73bd3c8e0,持卡人消费,学士楼商务网关,-2.9,25.89,3726,正常
2016/04/20 12:26:47,6bf370aadb30e1ab84424fb8e6e6a1e9f1756222,18d7634710ae8b5578ca3b4d52651de73bd3c8e0,持卡人消费,学苑楼商务网关,-8.8,17.09,3727,正常
2016/04/20 17:10:16,6bf370aadb30e1ab84424fb8e6e6a1e9f1756222,18d7634710ae8b5578ca3b4d52651de73bd3c8e0,持卡人消费,学苑楼商务网关,-3.0,14.09,3728,正常
2016/04/20 17:11:14,6bf370aadb30e1ab84424fb8e6e6a1e9f1756222,18d7634710ae8b5578ca3b4d52651de73bd3c8e0,持卡人消费,学苑楼商务网关,-3.0,11.09,3729,正常
2016/04/20 17:11:34,6bf370aadb30e1ab84424fb8e6e6a1e9f1756222,18d7634710ae8b5578ca3b4d52651de73bd3c8e0,持卡人消费,学苑楼商务网关,-0.4,10.69,3730,正常
2016/04/20 17:12:39,6bf370aadb30e1ab84424fb8e6e6a1e9f1756222,18d7634710ae8b5578ca3b4d52651de73bd3c8e0,持卡人消费,学苑楼商务网关,-0.8,9.89,3731,正常
2016/04/21 07:14:40,6bf370aadb30e1ab84424fb8e6e6a1e9f1756222,18d7634710ae8b5578ca3b4d52651de73bd3c8e0,持卡人消费,学士楼商务网关,-2.9,6.99,3732,正常
2016/04/21 10:12:47,6bf370aadb30e1ab84424fb8e6e6a1e9f1756222,18d7634710ae8b5578ca3b4d52651de73bd3c8e0,持卡人消费,超市商务子系统,-2.7,4.29,3733,正常
2016/04/21 10:13:31,6bf370aadb30e1ab84424fb8e6e6a1e9f1756222,18d7634710ae8b5578ca3b4d52651de73bd3c8e0,持卡人消费,超市商务子系统,-3.0,1.29,3734,正常
2016/04/21 12:03:17,6bf370aadb30e1ab84424fb8e6e6a1e9f1756222,18d7634710ae8b5578ca3b4d52651de73bd3c8e0,存款,现金充值机,100.0,101.29,3735,正常
2016/04/21 12:24:59,6bf370aadb30e1ab84424fb8e6e6a1e9f1756222,18d7634710ae8b5578ca3b4d52651de73bd3c8e0,持卡人消费,学苑楼商务网关,-6.0,95.29,3736,正常
2016/04/21 12:46:49,6bf370aadb30e1ab84424fb8e6e6a1e9f1756222,18d7634710ae8b5578ca3b4d52651de73bd3c8e0,持卡人消费,学苑楼商务网关,-13.0,82.29,3737,正常
2016/04/21 18:01:21,6bf370aadb30e1ab84424fb8e6e6a1e9f1756222,18d7634710ae8b5578ca3b4d52651de73bd3c8e0,持卡人消费,学苑楼商务网关,-4.4,77.89,3738,正常
2016/04/21 18:02:18,6bf370aadb30e1ab84424fb8e6e6a1e9f1756222,18d7634710ae8b5578ca3b4d52651de73bd3c8e0,持卡人消费,学苑楼商务网关,-0.5,77.39,3739,正常
2016/04/22 09:59:42,6bf370aadb30e1ab84424fb8e6e6a1e9f1756222,18d7634710ae8b5578ca3b4d52651de73bd3c8e0,持卡人消费,超市商务子系统,-2.5,74.89,3740,正常
2016/04/22 10:00:55,6bf370aadb30e1ab84424fb8e6e6a1e9f1756222,18d7634710ae8b5578ca3b4d52651de73bd3c8e0,持卡人消费,超市商务子系统,-1.9,72.99,3741,正常
2016/04/22 12:24:17,6bf370aadb30e1ab84424fb8e6e6a1e9f1756222,18d7634710ae8b5578ca3b4d52651de73bd3c8e0,持卡人消费,学苑楼商务网关,-8.0,64.99,3742,正常
2016/04/23 09:29:29,6bf370aadb30e1ab84424fb8e6e6a1e9f1756222,18d7634710ae8b5578ca3b4d52651de73bd3c8e0,持卡人消费,超市商务子系统,-2.0,62.99,3743,正常
2016/04/23 11:28:31,6bf370aadb30e1ab84424fb8e6e6a1e9f1756222,18d7634710ae8b5578ca3b4d52651de73bd3c8e0,持卡人消费,学苑楼商务网关,-5.4,57.59,3744,正常
2016/04/23 11:29:40,6bf370aadb30e1ab84424fb8e6e6a1e9f1756222,18d7634710ae8b5578ca3b4d52651de73bd3c8e0,持卡人消费,学苑楼商务网关,-3.5,54.09,3745,正常
2016/04/23 17:32:58,6bf370aadb30e1ab84424fb8e6e6a1e9f1756222,18d7634710ae8b5578ca3b4d52651de73bd3c8e0,持卡人消费,学苑楼商务网关,-1.8,52.29,3746,正常
2016/04/23 19:35:45,6bf370aadb30e1ab84424fb8e6e6a1e9f1756222,18d7634710ae8b5578ca3b4d52651de73bd3c8e0,持卡人消费,网络中心,-30.0,22.29,3747,正常
2016/04/23 20:14:17,6bf370aadb30e1ab84424fb8e6e6a1e9f1756222,18d7634710ae8b5578ca3b4d52651de73bd3c8e0,持卡人消费,15公寓浴池,-2.0,20.29,3748,正常
2016/04/23 20:25:17,6bf370aadb30e1ab84424fb8e6e6a1e9f1756222,18d7634710ae8b5578ca3b4d52651de73bd3c8e0,持卡人消费,15公寓浴池,-2.0,18.29,3749,正常
2016/04/23 20:27:52,6bf370aadb30e1ab84424fb8e6e6a1e9f1756222,18d7634710ae8b5578ca3b4d52651de73bd3c8e0,持卡人消费,15公寓浴池,-0.45,17.84,3751,正常
2016/04/23 20:28:57,6bf370aadb30e1ab84424fb8e6e6a1e9f1756222,18d7634710ae8b5578ca3b4d52651de73bd3c8e0,持卡人消费,15公寓浴池,-0.13,17.71,3753,正常
2016/04/23 20:32:07,6bf370aadb30e1ab84424fb8e6e6a1e9f1756222,18d7634710ae8b5578ca3b4d52651de73bd3c8e0,持卡人消费,15公寓浴池,-0.42,17.29,3755,正常
2016/04/24 12:14:29,6bf370aadb30e1ab84424fb8e6e6a1e9f1756222,18d7634710ae8b5578ca3b4d52651de73bd3c8e0,持卡人消费,学苑楼商务网关,-6.0,11.29,3756,正常
2016/04/24 17:33:36,6bf370aadb30e1ab84424fb8e6e6a1e9f1756222,18d7634710ae8b5578ca3b4d52651de73bd3c8e0,持卡人消费,学苑楼商务网关,-6.0,5.29,3757,正常
2016/04/25 08:37:45,6bf370aadb30e1ab84424fb8e6e6a1e9f1756222,18d7634710ae8b5578ca3b4d52651de73bd3c8e0,持卡人消费,学士楼商务网关,-2.9,2.39,3758,正常
2016/04/26 17:45:57,6bf370aadb30e1ab84424fb8e6e6a1e9f1756222,18d7634710ae8b5578ca3b4d52651de73bd3c8e0,存款,学苑楼综合业务2,50.0,52.39,3759,正常
2016/04/26 17:52:12,6bf370aadb30e1ab84424fb8e6e6a1e9f1756222,18d7634710ae8b5578ca3b4d52651de73bd3c8e0,持卡人消费,学苑楼商务网关,-7.0,45.39,3760,正常
2016/04/27 09:01:05,6bf370aadb30e1ab84424fb8e6e6a1e9f1756222,18d7634710ae8b5578ca3b4d52651de73bd3c8e0,持卡人消费,学士楼商务网关,-1.9,43.49,3761,正常
2016/04/27 12:04:45,6bf370aadb30e1ab84424fb8e6e6a1e9f1756222,18d7634710ae8b5578ca3b4d52651de73bd3c8e0,持卡人消费,学苑楼商务网关,-6.0,37.49,3762,正常
2016/04/28 12:12:29,6bf370aadb30e1ab84424fb8e6e6a1e9f1756222,18d7634710ae8b5578ca3b4d52651de73bd3c8e0,持卡人消费,学苑楼商务网关,-7.0,30.49,3763,正常
2016/04/28 15:31:27,6bf370aadb30e1ab84424fb8e6e6a1e9f1756222,18d7634710ae8b5578ca3b4d52651de73bd3c8e0,持卡人消费,超市商务子系统,-7.0,23.49,3764,正常
2016/04/29 10:42:42,6bf370aadb30e1ab84424fb8e6e6a1e9f1756222,18d7634710ae8b5578ca3b4d52651de73bd3c8e0,持卡人消费,学苑楼商务网关,-9.0,14.49,3765,正常
2016/04/29 10:45:09,6bf370aadb30e1ab84424fb8e6e6a1e9f1756222,18d7634710ae8b5578ca3b4d52651de73bd3c8e0,持卡人消费,学苑楼商务网关,-1.5,12.99,3766,正常
2016/04/29 17:36:04,6bf370aadb30e1ab84424fb8e6e6a1e9f1756222,18d7634710ae8b5578ca3b4d52651de73bd3c8e0,持卡人消费,学苑楼商务网关,-3.9,9.09,3767,正常
2016/04/29 17:36:30,6bf370aadb30e1ab84424fb8e6e6a1e9f1756222,18d7634710ae8b5578ca3b4d52651de73bd3c8e0,持卡人消费,学苑楼商务网关,-0.8,8.29,3768,正常
2016/04/29 19:43:05,6bf370aadb30e1ab84424fb8e6e6a1e9f1756222,18d7634710ae8b5578ca3b4d52651de73bd3c8e0,持卡人消费,15公寓浴池,-2.0,6.29,3769,正常
2016/04/29 19:50:57,6bf370aadb30e1ab84424fb8e6e6a1e9f1756222,18d7634710ae8b5578ca3b4d52651de73bd3c8e0,持卡人消费,15公寓浴池,-1.5,4.79,3771,正常
2016/04/29 19:53:50,6bf370aadb30e1ab84424fb8e6e6a1e9f1756222,18d7634710ae8b5578ca3b4d52651de73bd3c8e0,持卡人消费,15公寓浴池,-0.35,4.44,3773,正常
2016/04/30 11:43:16,6bf370aadb30e1ab84424fb8e6e6a1e9f1756222,18d7634710ae8b5578ca3b4d52651de73bd3c8e0,存款,学苑楼综合业务2,20.0,24.44,3774,正常
2016/04/30 11:45:59,6bf370aadb30e1ab84424fb8e6e6a1e9f1756222,18d7634710ae8b5578ca3b4d52651de73bd3c8e0,持卡人消费,学苑楼商务网关,-8.0,16.44,3775,正常
2016/04/30 11:46:56,6bf370aadb30e1ab84424fb8e6e6a1e9f1756222,18d7634710ae8b5578ca3b4d52651de73bd3c8e0,持卡人消费,学苑楼商务网关,-9.0,7.44,3776,正常
2016/04/30 12:03:57,6bf370aadb30e1ab84424fb8e6e6a1e9f1756222,18d7634710ae8b5578ca3b4d52651de73bd3c8e0,持卡人消费,学苑楼商务网关,-3.0,4.44,3777,正常
2016/04/30 12:20:07,6bf370aadb30e1ab84424fb8e6e6a1e9f1756222,18d7634710ae8b5578ca3b4d52651de73bd3c8e0,持卡人消费,超市商务子系统,-4.4,0.04,3778,正常
