交易发生时间,学号,姓名,交易类型,子系统名称,交易额,现有余额,次数,状态
2016/04/01 11:03:09,795702ef9428f0ecf78881b456a04c14eb1d9448,19e2db10eef7975b67246b4c1f974a4af354f1c9,持卡人消费,学士楼商务网关,-12.0,22.54,3783,正常
2016/04/02 18:06:55,795702ef9428f0ecf78881b456a04c14eb1d9448,19e2db10eef7975b67246b4c1f974a4af354f1c9,持卡人消费,15公寓浴池,-0.21,22.33,3785,正常
2016/04/02 18:08:44,795702ef9428f0ecf78881b456a04c14eb1d9448,19e2db10eef7975b67246b4c1f974a4af354f1c9,持卡人消费,15公寓浴池,-0.19,22.14,3787,正常
2016/04/04 16:57:36,795702ef9428f0ecf78881b456a04c14eb1d9448,19e2db10eef7975b67246b4c1f974a4af354f1c9,持卡人消费,学子便利店A01后楼,-2.0,20.14,3788,正常
2016/04/06 07:49:43,795702ef9428f0ecf78881b456a04c14eb1d9448,19e2db10eef7975b67246b4c1f974a4af354f1c9,持卡人消费,学士楼商务网关,-4.86,15.28,3789,正常
2016/04/06 10:00:46,795702ef9428f0ecf78881b456a04c14eb1d9448,19e2db10eef7975b67246b4c1f974a4af354f1c9,持卡人消费,硕果园（工大商店）,-12.0,3.28,3790,正常
2016/04/07 14:59:03,795702ef9428f0ecf78881b456a04c14eb1d9448,19e2db10eef7975b67246b4c1f974a4af354f1c9,存款,现金充值机,100.0,103.28,3791,正常
2016/04/07 15:21:51,795702ef9428f0ecf78881b456a04c14eb1d9448,19e2db10eef7975b67246b4c1f974a4af354f1c9,持卡人消费,硕果园（工大商店）,-14.8,88.48,3792,正常
2016/04/08 15:12:18,795702ef9428f0ecf78881b456a04c14eb1d9448,19e2db10eef7975b67246b4c1f974a4af354f1c9,持卡人消费,15公寓浴池,-0.45,88.03,3794,正常
2016/04/08 15:14:13,795702ef9428f0ecf78881b456a04c14eb1d9448,19e2db10eef7975b67246b4c1f974a4af354f1c9,持卡人消费,15公寓浴池,-0.24,87.79,3796,正常
2016/04/09 07:50:52,795702ef9428f0ecf78881b456a04c14eb1d9448,19e2db10eef7975b67246b4c1f974a4af354f1c9,持卡人消费,学士楼商务网关,-5.6,82.19,3797,正常
2016/04/10 08:41:40,795702ef9428f0ecf78881b456a04c14eb1d9448,19e2db10eef7975b67246b4c1f974a4af354f1c9,持卡人消费,学士楼商务网关,-3.4,78.79,3798,正常
2016/04/10 08:42:53,795702ef9428f0ecf78881b456a04c14eb1d9448,19e2db10eef7975b67246b4c1f974a4af354f1c9,持卡人消费,学士楼商务网关,-2.0,76.79,3799,正常
2016/04/10 17:48:19,795702ef9428f0ecf78881b456a04c14eb1d9448,19e2db10eef7975b67246b4c1f974a4af354f1c9,持卡人消费,学士楼商务网关,-7.5,69.29,3800,正常
2016/04/10 17:48:54,795702ef9428f0ecf78881b456a04c14eb1d9448,19e2db10eef7975b67246b4c1f974a4af354f1c9,持卡人消费,学士楼商务网关,-2.0,67.29,3801,正常
2016/04/10 17:49:03,795702ef9428f0ecf78881b456a04c14eb1d9448,19e2db10eef7975b67246b4c1f974a4af354f1c9,持卡人消费,学士楼商务网关,-0.5,66.79,3802,正常
2016/04/10 19:59:06,795702ef9428f0ecf78881b456a04c14eb1d9448,19e2db10eef7975b67246b4c1f974a4af354f1c9,持卡人消费,学子便利店A01后楼,-2.8,63.99,3803,正常
2016/04/11 08:22:24,795702ef9428f0ecf78881b456a04c14eb1d9448,19e2db10eef7975b67246b4c1f974a4af354f1c9,持卡人消费,学士楼商务网关,-3.4,60.59,3804,正常
2016/04/11 08:23:08,795702ef9428f0ecf78881b456a04c14eb1d9448,19e2db10eef7975b67246b4c1f974a4af354f1c9,持卡人消费,学士楼商务网关,-2.0,58.59,3805,正常
2016/04/11 08:23:11,795702ef9428f0ecf78881b456a04c14eb1d9448,19e2db10eef7975b67246b4c1f974a4af354f1c9,持卡人消费,学士楼商务网关,-0.1,58.49,3806,正常
2016/04/11 08:24:10,795702ef9428f0ecf78881b456a04c14eb1d9448,19e2db10eef7975b67246b4c1f974a4af354f1c9,持卡人消费,学士楼商务网关,-2.0,56.49,3807,正常
2016/04/11 13:43:59,795702ef9428f0ecf78881b456a04c14eb1d9448,19e2db10eef7975b67246b4c1f974a4af354f1c9,持卡人消费,15公寓浴池,-0.58,55.91,3809,正常
2016/04/12 17:40:10,795702ef9428f0ecf78881b456a04c14eb1d9448,19e2db10eef7975b67246b4c1f974a4af354f1c9,持卡人消费,学子楼商务网关,-7.2,48.71,3810,正常
2016/04/12 19:19:34,795702ef9428f0ecf78881b456a04c14eb1d9448,19e2db10eef7975b67246b4c1f974a4af354f1c9,持卡人消费,学子便利店A01后楼,-10.4,33.81,3812,正常
2016/04/15 15:22:18,795702ef9428f0ecf78881b456a04c14eb1d9448,19e2db10eef7975b67246b4c1f974a4af354f1c9,持卡人消费,15公寓浴池,-0.51,33.30,3814,正常
2016/04/16 07:54:55,795702ef9428f0ecf78881b456a04c14eb1d9448,19e2db10eef7975b67246b4c1f974a4af354f1c9,持卡人消费,学士楼商务网关,-3.8,29.50,3815,正常
2016/04/16 07:55:01,795702ef9428f0ecf78881b456a04c14eb1d9448,19e2db10eef7975b67246b4c1f974a4af354f1c9,持卡人消费,学士楼商务网关,-0.6,28.90,3816,正常
2016/04/16 07:55:49,795702ef9428f0ecf78881b456a04c14eb1d9448,19e2db10eef7975b67246b4c1f974a4af354f1c9,持卡人消费,学士楼商务网关,-2.0,26.90,3817,正常
2016/04/16 12:25:21,795702ef9428f0ecf78881b456a04c14eb1d9448,19e2db10eef7975b67246b4c1f974a4af354f1c9,持卡人消费,学士楼商务网关,-10.0,16.90,3818,正常
2016/04/16 12:26:21,795702ef9428f0ecf78881b456a04c14eb1d9448,19e2db10eef7975b67246b4c1f974a4af354f1c9,持卡人消费,学士楼商务网关,-1.0,15.90,3819,正常
2016/04/16 12:26:35,795702ef9428f0ecf78881b456a04c14eb1d9448,19e2db10eef7975b67246b4c1f974a4af354f1c9,持卡人消费,学士楼商务网关,-1.0,14.90,3820,正常
2016/04/16 12:46:55,795702ef9428f0ecf78881b456a04c14eb1d9448,19e2db10eef7975b67246b4c1f974a4af354f1c9,持卡人消费,硕果园（工大商店）,-10.8,4.10,3821,正常
2016/04/16 13:50:07,795702ef9428f0ecf78881b456a04c14eb1d9448,19e2db10eef7975b67246b4c1f974a4af354f1c9,持卡人消费,15公寓浴池,-0.11,3.99,3823,正常
2016/04/16 13:51:41,795702ef9428f0ecf78881b456a04c14eb1d9448,19e2db10eef7975b67246b4c1f974a4af354f1c9,持卡人消费,15公寓浴池,-0.14,3.85,3825,正常
2016/04/16 17:23:11,795702ef9428f0ecf78881b456a04c14eb1d9448,19e2db10eef7975b67246b4c1f974a4af354f1c9,存款,学苑楼综合业务2,50.0,53.85,3826,正常
2016/04/16 17:26:54,795702ef9428f0ecf78881b456a04c14eb1d9448,19e2db10eef7975b67246b4c1f974a4af354f1c9,持卡人消费,学苑楼商务网关,-8.0,45.85,3827,正常
2016/04/16 17:28:00,795702ef9428f0ecf78881b456a04c14eb1d9448,19e2db10eef7975b67246b4c1f974a4af354f1c9,持卡人消费,学苑楼商务网关,-4.0,41.85,3828,正常
2016/04/16 17:28:53,795702ef9428f0ecf78881b456a04c14eb1d9448,19e2db10eef7975b67246b4c1f974a4af354f1c9,持卡人消费,学苑楼商务网关,-0.5,41.35,3829,正常
2016/04/16 17:29:15,795702ef9428f0ecf78881b456a04c14eb1d9448,19e2db10eef7975b67246b4c1f974a4af354f1c9,持卡人消费,学苑楼商务网关,-2.8,38.55,3830,正常
2016/04/17 08:41:51,795702ef9428f0ecf78881b456a04c14eb1d9448,19e2db10eef7975b67246b4c1f974a4af354f1c9,持卡人消费,学士楼商务网关,-3.8,34.75,3831,正常
2016/04/17 08:42:33,795702ef9428f0ecf78881b456a04c14eb1d9448,19e2db10eef7975b67246b4c1f974a4af354f1c9,持卡人消费,学士楼商务网关,-0.6,34.15,3832,正常
2016/04/17 08:43:13,795702ef9428f0ecf78881b456a04c14eb1d9448,19e2db10eef7975b67246b4c1f974a4af354f1c9,持卡人消费,学士楼商务网关,-2.0,32.15,3833,正常
2016/04/17 08:46:13,795702ef9428f0ecf78881b456a04c14eb1d9448,19e2db10eef7975b67246b4c1f974a4af354f1c9,持卡人消费,学士楼商务网关,-0.5,31.65,3834,正常
2016/04/17 11:34:42,795702ef9428f0ecf78881b456a04c14eb1d9448,19e2db10eef7975b67246b4c1f974a4af354f1c9,持卡人消费,学苑楼商务网关,-8.0,23.65,3835,正常
2016/04/17 11:35:52,795702ef9428f0ecf78881b456a04c14eb1d9448,19e2db10eef7975b67246b4c1f974a4af354f1c9,持卡人消费,学苑楼商务网关,-5.0,18.65,3836,正常
2016/04/17 11:36:36,795702ef9428f0ecf78881b456a04c14eb1d9448,19e2db10eef7975b67246b4c1f974a4af354f1c9,持卡人消费,学苑楼商务网关,-0.5,18.15,3837,正常
2016/04/17 11:36:50,795702ef9428f0ecf78881b456a04c14eb1d9448,19e2db10eef7975b67246b4c1f974a4af354f1c9,持卡人消费,学苑楼商务网关,-2.8,15.35,3838,正常
2016/04/18 08:05:05,795702ef9428f0ecf78881b456a04c14eb1d9448,19e2db10eef7975b67246b4c1f974a4af354f1c9,持卡人消费,学士楼商务网关,-2.4,12.95,3839,正常
2016/04/18 08:05:36,795702ef9428f0ecf78881b456a04c14eb1d9448,19e2db10eef7975b67246b4c1f974a4af354f1c9,持卡人消费,学士楼商务网关,-1.0,11.95,3840,正常
2016/04/18 08:05:57,795702ef9428f0ecf78881b456a04c14eb1d9448,19e2db10eef7975b67246b4c1f974a4af354f1c9,持卡人消费,学士楼商务网关,-2.0,9.95,3841,正常
2016/04/18 11:20:14,795702ef9428f0ecf78881b456a04c14eb1d9448,19e2db10eef7975b67246b4c1f974a4af354f1c9,存款,现金充值机,100.0,109.95,3842,正常
2016/04/18 11:42:37,795702ef9428f0ecf78881b456a04c14eb1d9448,19e2db10eef7975b67246b4c1f974a4af354f1c9,持卡人消费,学苑楼商务网关,-8.0,101.95,3843,正常
2016/04/18 11:43:14,795702ef9428f0ecf78881b456a04c14eb1d9448,19e2db10eef7975b67246b4c1f974a4af354f1c9,持卡人消费,学苑楼商务网关,-4.0,97.95,3844,正常
2016/04/18 11:45:24,795702ef9428f0ecf78881b456a04c14eb1d9448,19e2db10eef7975b67246b4c1f974a4af354f1c9,持卡人消费,学苑楼商务网关,-1.5,96.45,3845,正常
2016/04/18 12:05:59,795702ef9428f0ecf78881b456a04c14eb1d9448,19e2db10eef7975b67246b4c1f974a4af354f1c9,持卡人消费,硕果园（工大商店）,-6.4,90.05,3846,正常
2016/04/18 15:43:45,795702ef9428f0ecf78881b456a04c14eb1d9448,19e2db10eef7975b67246b4c1f974a4af354f1c9,持卡人消费,15公寓浴池,-0.26,89.79,3848,正常
2016/04/18 15:45:26,795702ef9428f0ecf78881b456a04c14eb1d9448,19e2db10eef7975b67246b4c1f974a4af354f1c9,持卡人消费,15公寓浴池,-0.16,89.63,3850,正常
2016/04/19 08:53:41,795702ef9428f0ecf78881b456a04c14eb1d9448,19e2db10eef7975b67246b4c1f974a4af354f1c9,持卡人消费,学士楼商务网关,-3.4,86.23,3851,正常
2016/04/19 08:54:31,795702ef9428f0ecf78881b456a04c14eb1d9448,19e2db10eef7975b67246b4c1f974a4af354f1c9,持卡人消费,学士楼商务网关,-2.0,84.23,3852,正常
2016/04/19 12:10:06,795702ef9428f0ecf78881b456a04c14eb1d9448,19e2db10eef7975b67246b4c1f974a4af354f1c9,持卡人消费,学苑楼商务网关,-14.0,70.23,3853,正常
2016/04/19 12:11:40,795702ef9428f0ecf78881b456a04c14eb1d9448,19e2db10eef7975b67246b4c1f974a4af354f1c9,持卡人消费,学苑楼商务网关,-1.4,68.83,3854,正常
2016/04/19 14:57:43,795702ef9428f0ecf78881b456a04c14eb1d9448,19e2db10eef7975b67246b4c1f974a4af354f1c9,持卡人消费,15公寓浴池,-0.48,68.35,3856,正常
2016/04/19 14:59:01,795702ef9428f0ecf78881b456a04c14eb1d9448,19e2db10eef7975b67246b4c1f974a4af354f1c9,持卡人消费,15公寓浴池,-0.22,68.13,3858,正常
2016/04/19 17:37:41,795702ef9428f0ecf78881b456a04c14eb1d9448,19e2db10eef7975b67246b4c1f974a4af354f1c9,持卡人消费,学苑楼商务网关,-4.0,64.13,3859,正常
2016/04/19 17:38:09,795702ef9428f0ecf78881b456a04c14eb1d9448,19e2db10eef7975b67246b4c1f974a4af354f1c9,持卡人消费,学苑楼商务网关,-4.0,60.13,3860,正常
2016/04/19 17:39:02,795702ef9428f0ecf78881b456a04c14eb1d9448,19e2db10eef7975b67246b4c1f974a4af354f1c9,持卡人消费,学苑楼商务网关,-4.0,56.13,3861,正常
2016/04/19 17:39:42,795702ef9428f0ecf78881b456a04c14eb1d9448,19e2db10eef7975b67246b4c1f974a4af354f1c9,持卡人消费,学苑楼商务网关,-4.0,52.13,3862,正常
2016/04/19 17:41:51,795702ef9428f0ecf78881b456a04c14eb1d9448,19e2db10eef7975b67246b4c1f974a4af354f1c9,持卡人消费,学苑楼商务网关,-1.1,51.03,3863,正常
2016/04/19 17:42:15,795702ef9428f0ecf78881b456a04c14eb1d9448,19e2db10eef7975b67246b4c1f974a4af354f1c9,持卡人消费,学苑楼商务网关,-0.4,50.63,3864,正常
2016/04/19 18:07:18,795702ef9428f0ecf78881b456a04c14eb1d9448,19e2db10eef7975b67246b4c1f974a4af354f1c9,持卡人消费,学苑楼商务网关,-0.5,50.13,3865,正常
2016/04/20 08:15:16,795702ef9428f0ecf78881b456a04c14eb1d9448,19e2db10eef7975b67246b4c1f974a4af354f1c9,持卡人消费,学士楼商务网关,-2.4,47.73,3866,正常
2016/04/20 08:16:18,795702ef9428f0ecf78881b456a04c14eb1d9448,19e2db10eef7975b67246b4c1f974a4af354f1c9,持卡人消费,学士楼商务网关,-2.0,45.73,3867,正常
2016/04/20 08:16:46,795702ef9428f0ecf78881b456a04c14eb1d9448,19e2db10eef7975b67246b4c1f974a4af354f1c9,持卡人消费,学士楼商务网关,-2.0,43.73,3868,正常
2016/04/20 11:18:10,795702ef9428f0ecf78881b456a04c14eb1d9448,19e2db10eef7975b67246b4c1f974a4af354f1c9,持卡人消费,学苑楼商务网关,-8.0,35.73,3869,正常
2016/04/20 11:18:41,795702ef9428f0ecf78881b456a04c14eb1d9448,19e2db10eef7975b67246b4c1f974a4af354f1c9,持卡人消费,学苑楼商务网关,-4.0,31.73,3870,正常
2016/04/20 11:20:17,795702ef9428f0ecf78881b456a04c14eb1d9448,19e2db10eef7975b67246b4c1f974a4af354f1c9,持卡人消费,学苑楼商务网关,-2.5,29.23,3871,正常
2016/04/20 15:17:14,795702ef9428f0ecf78881b456a04c14eb1d9448,19e2db10eef7975b67246b4c1f974a4af354f1c9,持卡人消费,硕果园（工大商店）,-5.9,23.33,3872,正常
2016/04/20 17:15:25,795702ef9428f0ecf78881b456a04c14eb1d9448,19e2db10eef7975b67246b4c1f974a4af354f1c9,持卡人消费,学士楼商务网关,-17.5,5.83,3873,正常
2016/04/20 17:17:24,795702ef9428f0ecf78881b456a04c14eb1d9448,19e2db10eef7975b67246b4c1f974a4af354f1c9,持卡人消费,学士楼商务网关,-2.0,3.83,3874,正常
2016/04/21 11:36:05,795702ef9428f0ecf78881b456a04c14eb1d9448,19e2db10eef7975b67246b4c1f974a4af354f1c9,持卡人消费,学子便利店A01后楼,-0.4,3.43,3875,正常
2016/04/21 13:46:41,795702ef9428f0ecf78881b456a04c14eb1d9448,19e2db10eef7975b67246b4c1f974a4af354f1c9,持卡人消费,15公寓浴池,-0.66,2.77,3877,正常
2016/04/21 14:57:14,795702ef9428f0ecf78881b456a04c14eb1d9448,19e2db10eef7975b67246b4c1f974a4af354f1c9,存款,现金充值机,100.0,102.77,3878,正常
2016/04/21 17:11:39,795702ef9428f0ecf78881b456a04c14eb1d9448,19e2db10eef7975b67246b4c1f974a4af354f1c9,持卡人消费,15公寓浴池,-0.08,102.69,3880,正常
2016/04/21 17:13:46,795702ef9428f0ecf78881b456a04c14eb1d9448,19e2db10eef7975b67246b4c1f974a4af354f1c9,持卡人消费,15公寓浴池,-0.27,102.42,3882,正常
2016/04/21 17:33:18,795702ef9428f0ecf78881b456a04c14eb1d9448,19e2db10eef7975b67246b4c1f974a4af354f1c9,持卡人消费,学士楼商务网关,-7.1,95.32,3883,正常
2016/04/21 17:34:10,795702ef9428f0ecf78881b456a04c14eb1d9448,19e2db10eef7975b67246b4c1f974a4af354f1c9,持卡人消费,学士楼商务网关,-0.63,94.69,3884,正常
2016/04/21 17:34:17,795702ef9428f0ecf78881b456a04c14eb1d9448,19e2db10eef7975b67246b4c1f974a4af354f1c9,持卡人消费,学士楼商务网关,-1.0,93.69,3885,正常
2016/04/21 17:55:15,795702ef9428f0ecf78881b456a04c14eb1d9448,19e2db10eef7975b67246b4c1f974a4af354f1c9,持卡人消费,硕果园（工大商店）,-7.3,86.39,3886,正常
2016/04/21 21:42:48,795702ef9428f0ecf78881b456a04c14eb1d9448,19e2db10eef7975b67246b4c1f974a4af354f1c9,持卡人消费,超市商务子系统,-22.0,64.39,3887,正常
2016/04/22 07:45:15,795702ef9428f0ecf78881b456a04c14eb1d9448,19e2db10eef7975b67246b4c1f974a4af354f1c9,持卡人消费,学士楼商务网关,-5.4,58.99,3888,正常
2016/04/22 07:46:04,795702ef9428f0ecf78881b456a04c14eb1d9448,19e2db10eef7975b67246b4c1f974a4af354f1c9,持卡人消费,学士楼商务网关,-2.0,56.99,3889,正常
2016/04/22 11:14:18,795702ef9428f0ecf78881b456a04c14eb1d9448,19e2db10eef7975b67246b4c1f974a4af354f1c9,持卡人消费,学苑楼商务网关,-10.0,46.99,3890,正常
2016/04/22 11:15:54,795702ef9428f0ecf78881b456a04c14eb1d9448,19e2db10eef7975b67246b4c1f974a4af354f1c9,持卡人消费,学苑楼商务网关,-3.0,43.99,3891,正常
2016/04/22 11:16:53,795702ef9428f0ecf78881b456a04c14eb1d9448,19e2db10eef7975b67246b4c1f974a4af354f1c9,持卡人消费,学苑楼商务网关,-3.3,40.69,3892,正常
2016/04/22 11:41:12,795702ef9428f0ecf78881b456a04c14eb1d9448,19e2db10eef7975b67246b4c1f974a4af354f1c9,持卡人消费,硕果园（工大商店）,-7.8,32.89,3893,正常
2016/04/22 14:04:17,795702ef9428f0ecf78881b456a04c14eb1d9448,19e2db10eef7975b67246b4c1f974a4af354f1c9,持卡人消费,15公寓浴池,-0.22,32.67,3895,正常
2016/04/22 14:06:07,795702ef9428f0ecf78881b456a04c14eb1d9448,19e2db10eef7975b67246b4c1f974a4af354f1c9,持卡人消费,15公寓浴池,-0.21,32.46,3897,正常
2016/04/23 08:40:41,795702ef9428f0ecf78881b456a04c14eb1d9448,19e2db10eef7975b67246b4c1f974a4af354f1c9,持卡人消费,学士楼商务网关,-2.4,30.06,3898,正常
2016/04/23 08:41:36,795702ef9428f0ecf78881b456a04c14eb1d9448,19e2db10eef7975b67246b4c1f974a4af354f1c9,持卡人消费,学士楼商务网关,-2.0,28.06,3899,正常
2016/04/23 08:42:10,795702ef9428f0ecf78881b456a04c14eb1d9448,19e2db10eef7975b67246b4c1f974a4af354f1c9,持卡人消费,学士楼商务网关,-2.0,26.06,3900,正常
2016/04/23 10:14:37,795702ef9428f0ecf78881b456a04c14eb1d9448,19e2db10eef7975b67246b4c1f974a4af354f1c9,持卡人消费,硕果园（工大商店）,-3.6,22.46,3901,正常
2016/04/23 11:32:51,795702ef9428f0ecf78881b456a04c14eb1d9448,19e2db10eef7975b67246b4c1f974a4af354f1c9,持卡人消费,学苑楼商务网关,-13.0,9.46,3902,正常
2016/04/23 11:35:20,795702ef9428f0ecf78881b456a04c14eb1d9448,19e2db10eef7975b67246b4c1f974a4af354f1c9,持卡人消费,学苑楼商务网关,-1.13,8.33,3903,正常
2016/04/23 17:31:24,795702ef9428f0ecf78881b456a04c14eb1d9448,19e2db10eef7975b67246b4c1f974a4af354f1c9,持卡人消费,15公寓浴池,-0.24,8.09,3905,正常
2016/04/23 17:33:25,795702ef9428f0ecf78881b456a04c14eb1d9448,19e2db10eef7975b67246b4c1f974a4af354f1c9,持卡人消费,15公寓浴池,-0.22,7.87,3907,正常
2016/04/23 17:43:10,795702ef9428f0ecf78881b456a04c14eb1d9448,19e2db10eef7975b67246b4c1f974a4af354f1c9,存款,现金充值机,100.0,107.87,3908,正常
2016/04/23 18:04:51,795702ef9428f0ecf78881b456a04c14eb1d9448,19e2db10eef7975b67246b4c1f974a4af354f1c9,持卡人消费,学苑楼商务网关,-20.0,87.87,3909,正常
2016/04/24 12:02:46,795702ef9428f0ecf78881b456a04c14eb1d9448,19e2db10eef7975b67246b4c1f974a4af354f1c9,持卡人消费,学士楼商务网关,-10.4,77.47,3910,正常
2016/04/24 12:03:31,795702ef9428f0ecf78881b456a04c14eb1d9448,19e2db10eef7975b67246b4c1f974a4af354f1c9,持卡人消费,学士楼商务网关,-2.0,75.47,3911,正常
2016/04/24 12:03:40,795702ef9428f0ecf78881b456a04c14eb1d9448,19e2db10eef7975b67246b4c1f974a4af354f1c9,持卡人消费,学士楼商务网关,-1.0,74.47,3912,正常
2016/04/24 20:33:19,795702ef9428f0ecf78881b456a04c14eb1d9448,19e2db10eef7975b67246b4c1f974a4af354f1c9,持卡人消费,超市商务子系统,-4.9,69.57,3913,正常
2016/04/24 20:34:51,795702ef9428f0ecf78881b456a04c14eb1d9448,19e2db10eef7975b67246b4c1f974a4af354f1c9,持卡人消费,超市商务子系统,-19.6,49.97,3914,正常
2016/04/25 07:47:52,795702ef9428f0ecf78881b456a04c14eb1d9448,19e2db10eef7975b67246b4c1f974a4af354f1c9,持卡人消费,学士楼商务网关,-2.4,47.57,3915,正常
2016/04/25 07:48:38,795702ef9428f0ecf78881b456a04c14eb1d9448,19e2db10eef7975b67246b4c1f974a4af354f1c9,持卡人消费,学士楼商务网关,-2.0,45.57,3916,正常
2016/04/25 07:49:12,795702ef9428f0ecf78881b456a04c14eb1d9448,19e2db10eef7975b67246b4c1f974a4af354f1c9,持卡人消费,学士楼商务网关,-2.0,43.57,3917,正常
2016/04/25 07:56:12,795702ef9428f0ecf78881b456a04c14eb1d9448,19e2db10eef7975b67246b4c1f974a4af354f1c9,持卡人消费,学士楼商务网关,-0.5,43.07,3918,正常
2016/04/25 11:22:54,795702ef9428f0ecf78881b456a04c14eb1d9448,19e2db10eef7975b67246b4c1f974a4af354f1c9,持卡人消费,学苑楼商务网关,-14.0,29.07,3919,正常
2016/04/25 11:24:03,795702ef9428f0ecf78881b456a04c14eb1d9448,19e2db10eef7975b67246b4c1f974a4af354f1c9,持卡人消费,学苑楼商务网关,-1.13,27.94,3920,正常
2016/04/25 13:20:43,795702ef9428f0ecf78881b456a04c14eb1d9448,19e2db10eef7975b67246b4c1f974a4af354f1c9,持卡人消费,硕果园（工大商店）,-9.2,18.74,3921,正常
2016/04/25 17:42:39,795702ef9428f0ecf78881b456a04c14eb1d9448,19e2db10eef7975b67246b4c1f974a4af354f1c9,持卡人消费,学士楼商务网关,-12.54,6.20,3922,正常
2016/04/25 17:45:32,795702ef9428f0ecf78881b456a04c14eb1d9448,19e2db10eef7975b67246b4c1f974a4af354f1c9,持卡人消费,学士楼商务网关,-6.2,0.00,3923,正常
2016/04/28 07:47:27,795702ef9428f0ecf78881b456a04c14eb1d9448,19e2db10eef7975b67246b4c1f974a4af354f1c9,存款,卡中心综合业务,50.0,50.00,3924,正常
2016/04/28 07:52:20,795702ef9428f0ecf78881b456a04c14eb1d9448,19e2db10eef7975b67246b4c1f974a4af354f1c9,持卡人消费,学士楼商务网关,-1.8,48.20,3925,正常
2016/04/28 07:53:29,795702ef9428f0ecf78881b456a04c14eb1d9448,19e2db10eef7975b67246b4c1f974a4af354f1c9,持卡人消费,学士楼商务网关,-2.1,46.10,3926,正常
2016/04/28 07:54:09,795702ef9428f0ecf78881b456a04c14eb1d9448,19e2db10eef7975b67246b4c1f974a4af354f1c9,持卡人消费,学士楼商务网关,-2.0,44.10,3927,正常
2016/04/28 11:01:48,795702ef9428f0ecf78881b456a04c14eb1d9448,19e2db10eef7975b67246b4c1f974a4af354f1c9,持卡人消费,学苑楼商务网关,-7.0,37.10,3928,正常
2016/04/28 14:00:46,795702ef9428f0ecf78881b456a04c14eb1d9448,19e2db10eef7975b67246b4c1f974a4af354f1c9,持卡人消费,15公寓浴池,-0.13,36.97,3930,正常
2016/04/28 14:11:34,795702ef9428f0ecf78881b456a04c14eb1d9448,19e2db10eef7975b67246b4c1f974a4af354f1c9,持卡人消费,15公寓浴池,-2.0,34.97,3931,正常
2016/04/28 14:09:43,795702ef9428f0ecf78881b456a04c14eb1d9448,19e2db10eef7975b67246b4c1f974a4af354f1c9,持卡人消费,15公寓浴池,-2.0,30.97,3933,正常
2016/04/28 14:02:16,795702ef9428f0ecf78881b456a04c14eb1d9448,19e2db10eef7975b67246b4c1f974a4af354f1c9,持卡人消费,15公寓浴池,-0.16,32.81,3934,正常
2016/04/28 17:54:39,795702ef9428f0ecf78881b456a04c14eb1d9448,19e2db10eef7975b67246b4c1f974a4af354f1c9,持卡人消费,学子楼商务网关,-10.0,22.81,3935,正常
2016/04/28 17:56:30,795702ef9428f0ecf78881b456a04c14eb1d9448,19e2db10eef7975b67246b4c1f974a4af354f1c9,持卡人消费,学子楼商务网关,-4.5,18.31,3936,正常
2016/04/28 20:22:43,795702ef9428f0ecf78881b456a04c14eb1d9448,19e2db10eef7975b67246b4c1f974a4af354f1c9,持卡人消费,硕果园（工大商店）,-12.4,5.91,3937,正常
2016/04/29 09:26:33,795702ef9428f0ecf78881b456a04c14eb1d9448,19e2db10eef7975b67246b4c1f974a4af354f1c9,持卡人消费,学子超市园丁总店,-3.4,2.51,3938,正常
2016/04/29 17:42:44,795702ef9428f0ecf78881b456a04c14eb1d9448,19e2db10eef7975b67246b4c1f974a4af354f1c9,持卡人消费,15公寓浴池,-0.24,2.27,3940,正常
2016/04/29 17:44:50,795702ef9428f0ecf78881b456a04c14eb1d9448,19e2db10eef7975b67246b4c1f974a4af354f1c9,持卡人消费,15公寓浴池,-0.22,2.05,3942,正常
