交易发生时间,学号,姓名,交易类型,子系统名称,交易额,现有余额,次数,状态
2016/04/02 11:28:56,367d1466babbb6ea29521a7e63452dbdfc58908f,19e2db10eef7975b67246b4c1f974a4af354f1c9,持卡人消费,学子超市园丁总店,-4.8,90.17,2182,正常
2016/04/04 13:39:54,367d1466babbb6ea29521a7e63452dbdfc58908f,19e2db10eef7975b67246b4c1f974a4af354f1c9,持卡人消费,硕果园（工大商店）,-10.0,80.17,2183,正常
2016/04/04 14:19:00,367d1466babbb6ea29521a7e63452dbdfc58908f,19e2db10eef7975b67246b4c1f974a4af354f1c9,持卡人消费,超市商务子系统,-6.2,73.97,2184,正常
2016/04/05 16:32:50,367d1466babbb6ea29521a7e63452dbdfc58908f,19e2db10eef7975b67246b4c1f974a4af354f1c9,持卡人消费,学苑楼商务网关,-0.63,73.34,2185,正常
2016/04/05 16:33:30,367d1466babbb6ea29521a7e63452dbdfc58908f,19e2db10eef7975b67246b4c1f974a4af354f1c9,持卡人消费,学苑楼商务网关,-3.0,70.34,2186,正常
2016/04/05 16:35:24,367d1466babbb6ea29521a7e63452dbdfc58908f,19e2db10eef7975b67246b4c1f974a4af354f1c9,持卡人消费,学苑楼商务网关,-0.5,69.84,2187,正常
2016/04/05 16:53:30,367d1466babbb6ea29521a7e63452dbdfc58908f,19e2db10eef7975b67246b4c1f974a4af354f1c9,持卡人消费,超市商务子系统,-2.8,67.04,2188,正常
2016/04/06 08:11:28,367d1466babbb6ea29521a7e63452dbdfc58908f,19e2db10eef7975b67246b4c1f974a4af354f1c9,持卡人消费,学士楼商务网关,-0.9,66.14,2189,正常
2016/04/06 08:12:22,367d1466babbb6ea29521a7e63452dbdfc58908f,19e2db10eef7975b67246b4c1f974a4af354f1c9,持卡人消费,学士楼商务网关,-1.0,65.14,2190,正常
2016/04/06 12:23:40,367d1466babbb6ea29521a7e63452dbdfc58908f,19e2db10eef7975b67246b4c1f974a4af354f1c9,持卡人消费,学苑楼商务网关,-7.0,58.14,2191,正常
2016/04/06 13:02:49,367d1466babbb6ea29521a7e63452dbdfc58908f,19e2db10eef7975b67246b4c1f974a4af354f1c9,持卡人消费,超市商务子系统,-2.4,55.74,2192,正常
2016/04/07 15:25:43,367d1466babbb6ea29521a7e63452dbdfc58908f,19e2db10eef7975b67246b4c1f974a4af354f1c9,持卡人消费,学子超市园丁总店,-3.2,52.54,2193,正常
2016/04/08 12:28:41,367d1466babbb6ea29521a7e63452dbdfc58908f,19e2db10eef7975b67246b4c1f974a4af354f1c9,持卡人消费,学苑楼商务网关,-5.0,47.54,2194,正常
2016/04/08 16:44:47,367d1466babbb6ea29521a7e63452dbdfc58908f,19e2db10eef7975b67246b4c1f974a4af354f1c9,持卡人消费,学士楼商务网关,-4.0,43.54,2195,正常
2016/04/08 16:50:17,367d1466babbb6ea29521a7e63452dbdfc58908f,19e2db10eef7975b67246b4c1f974a4af354f1c9,持卡人消费,学士楼商务网关,-9.0,34.54,2196,正常
2016/04/08 16:54:04,367d1466babbb6ea29521a7e63452dbdfc58908f,19e2db10eef7975b67246b4c1f974a4af354f1c9,持卡人消费,学士楼商务网关,-0.1,34.44,2197,正常
2016/04/08 17:19:16,367d1466babbb6ea29521a7e63452dbdfc58908f,19e2db10eef7975b67246b4c1f974a4af354f1c9,持卡人消费,超市商务子系统,-2.4,32.04,2198,正常
2016/04/10 09:40:14,367d1466babbb6ea29521a7e63452dbdfc58908f,19e2db10eef7975b67246b4c1f974a4af354f1c9,持卡人消费,超市商务子系统,-1.0,31.04,2199,正常
2016/04/11 11:36:05,367d1466babbb6ea29521a7e63452dbdfc58908f,19e2db10eef7975b67246b4c1f974a4af354f1c9,持卡人消费,学苑楼商务网关,-2.5,28.54,2200,正常
2016/04/11 17:03:34,367d1466babbb6ea29521a7e63452dbdfc58908f,19e2db10eef7975b67246b4c1f974a4af354f1c9,持卡人消费,超市商务子系统,-2.4,26.14,2201,正常
2016/04/11 19:24:03,367d1466babbb6ea29521a7e63452dbdfc58908f,19e2db10eef7975b67246b4c1f974a4af354f1c9,持卡人消费,15公寓浴池,-0.9,25.24,2203,正常
2016/04/11 19:36:04,367d1466babbb6ea29521a7e63452dbdfc58908f,19e2db10eef7975b67246b4c1f974a4af354f1c9,持卡人消费,15公寓浴池,-0.16,25.08,2205,正常
2016/04/11 19:37:41,367d1466babbb6ea29521a7e63452dbdfc58908f,19e2db10eef7975b67246b4c1f974a4af354f1c9,持卡人消费,15公寓浴池,-0.08,25.00,2207,正常
2016/04/11 19:56:44,367d1466babbb6ea29521a7e63452dbdfc58908f,19e2db10eef7975b67246b4c1f974a4af354f1c9,持卡人消费,15公寓浴池,-2.0,23.00,2208,正常
2016/04/11 19:57:46,367d1466babbb6ea29521a7e63452dbdfc58908f,19e2db10eef7975b67246b4c1f974a4af354f1c9,持卡人消费,15公寓浴池,-0.16,22.84,2210,正常
2016/04/13 10:42:43,367d1466babbb6ea29521a7e63452dbdfc58908f,19e2db10eef7975b67246b4c1f974a4af354f1c9,持卡人消费,学子超市园丁总店,-1.6,21.24,2211,正常
2016/04/17 10:17:26,367d1466babbb6ea29521a7e63452dbdfc58908f,19e2db10eef7975b67246b4c1f974a4af354f1c9,持卡人消费,学子超市园丁总店,-1.6,19.64,2212,正常
2016/04/18 12:36:23,367d1466babbb6ea29521a7e63452dbdfc58908f,19e2db10eef7975b67246b4c1f974a4af354f1c9,持卡人消费,学子超市园丁总店,-1.6,18.04,2213,正常
2016/04/20 17:44:43,367d1466babbb6ea29521a7e63452dbdfc58908f,19e2db10eef7975b67246b4c1f974a4af354f1c9,持卡人消费,学苑楼商务网关,-8.0,10.04,2214,正常
2016/04/21 08:58:53,367d1466babbb6ea29521a7e63452dbdfc58908f,19e2db10eef7975b67246b4c1f974a4af354f1c9,持卡人消费,学士楼商务网关,-2.0,8.04,2215,正常
2016/04/21 08:59:11,367d1466babbb6ea29521a7e63452dbdfc58908f,19e2db10eef7975b67246b4c1f974a4af354f1c9,持卡人消费,学士楼商务网关,-0.2,7.84,2216,正常
2016/04/22 11:55:51,367d1466babbb6ea29521a7e63452dbdfc58908f,19e2db10eef7975b67246b4c1f974a4af354f1c9,持卡人消费,学子超市园丁总店,-7.8,0.04,2217,正常
2016/04/24 13:44:42,367d1466babbb6ea29521a7e63452dbdfc58908f,19e2db10eef7975b67246b4c1f974a4af354f1c9,存款,现金充值机,100.0,100.04,2218,正常
2016/04/25 17:27:48,367d1466babbb6ea29521a7e63452dbdfc58908f,19e2db10eef7975b67246b4c1f974a4af354f1c9,持卡人消费,超市商务子系统,-4.7,95.34,2219,正常
2016/04/26 16:08:25,367d1466babbb6ea29521a7e63452dbdfc58908f,19e2db10eef7975b67246b4c1f974a4af354f1c9,持卡人消费,学士楼商务网关,-2.0,93.34,2220,正常
2016/04/26 16:09:41,367d1466babbb6ea29521a7e63452dbdfc58908f,19e2db10eef7975b67246b4c1f974a4af354f1c9,持卡人消费,学士楼商务网关,-4.0,89.34,2221,正常
2016/04/26 16:36:18,367d1466babbb6ea29521a7e63452dbdfc58908f,19e2db10eef7975b67246b4c1f974a4af354f1c9,持卡人消费,超市商务子系统,-2.7,86.64,2222,正常
2016/04/26 16:39:40,367d1466babbb6ea29521a7e63452dbdfc58908f,19e2db10eef7975b67246b4c1f974a4af354f1c9,持卡人消费,超市商务子系统,-9.6,77.04,2223,正常
2016/04/27 18:03:35,367d1466babbb6ea29521a7e63452dbdfc58908f,19e2db10eef7975b67246b4c1f974a4af354f1c9,持卡人消费,学士楼商务网关,-7.4,69.64,2224,正常
2016/04/27 20:56:19,367d1466babbb6ea29521a7e63452dbdfc58908f,19e2db10eef7975b67246b4c1f974a4af354f1c9,持卡人消费,超市商务子系统,-2.5,67.14,2225,正常
2016/04/27 21:03:08,367d1466babbb6ea29521a7e63452dbdfc58908f,19e2db10eef7975b67246b4c1f974a4af354f1c9,持卡人消费,超市商务子系统,-7.7,59.44,2226,正常
2016/04/28 07:43:30,367d1466babbb6ea29521a7e63452dbdfc58908f,19e2db10eef7975b67246b4c1f974a4af354f1c9,持卡人消费,学士楼商务网关,-3.1,56.34,2227,正常
2016/04/28 11:05:27,367d1466babbb6ea29521a7e63452dbdfc58908f,19e2db10eef7975b67246b4c1f974a4af354f1c9,持卡人消费,学苑楼商务网关,-5.0,51.34,2228,正常
2016/04/28 11:05:41,367d1466babbb6ea29521a7e63452dbdfc58908f,19e2db10eef7975b67246b4c1f974a4af354f1c9,持卡人消费,学苑楼商务网关,-4.0,47.34,2229,正常
2016/04/28 11:06:47,367d1466babbb6ea29521a7e63452dbdfc58908f,19e2db10eef7975b67246b4c1f974a4af354f1c9,持卡人消费,学苑楼商务网关,-4.0,43.34,2230,正常
2016/04/28 11:06:53,367d1466babbb6ea29521a7e63452dbdfc58908f,19e2db10eef7975b67246b4c1f974a4af354f1c9,持卡人消费,学苑楼商务网关,-0.4,42.94,2231,正常
2016/04/28 11:07:59,367d1466babbb6ea29521a7e63452dbdfc58908f,19e2db10eef7975b67246b4c1f974a4af354f1c9,持卡人消费,学苑楼商务网关,-1.9,41.04,2232,正常
2016/04/28 11:08:47,367d1466babbb6ea29521a7e63452dbdfc58908f,19e2db10eef7975b67246b4c1f974a4af354f1c9,持卡人消费,学苑楼商务网关,-4.0,37.04,2233,正常
2016/04/28 11:32:06,367d1466babbb6ea29521a7e63452dbdfc58908f,19e2db10eef7975b67246b4c1f974a4af354f1c9,持卡人消费,学苑楼商务网关,-10.0,27.04,2234,正常
2016/04/28 11:38:51,367d1466babbb6ea29521a7e63452dbdfc58908f,19e2db10eef7975b67246b4c1f974a4af354f1c9,持卡人消费,学苑楼商务网关,-7.1,19.94,2235,正常
2016/04/28 11:39:07,367d1466babbb6ea29521a7e63452dbdfc58908f,19e2db10eef7975b67246b4c1f974a4af354f1c9,持卡人消费,学苑楼商务网关,-0.1,19.84,2236,正常
2016/04/29 16:16:31,367d1466babbb6ea29521a7e63452dbdfc58908f,19e2db10eef7975b67246b4c1f974a4af354f1c9,持卡人消费,15公寓浴池,-1.73,18.11,2238,正常
2016/04/29 17:00:17,367d1466babbb6ea29521a7e63452dbdfc58908f,19e2db10eef7975b67246b4c1f974a4af354f1c9,持卡人消费,学子超市园丁总店,-4.8,13.31,2239,正常
