交易发生时间,学号,姓名,交易类型,子系统名称,交易额,现有余额,次数,状态
2016/04/01 10:56:37,038182ab31fd8a7cbfedda0d44b71ae57727f082,19ebdea348773e47e85cc20d3e7f6e910328aa63,持卡人消费,学士楼商务网关,-13.4,139.94,3354,正常
2016/04/02 12:28:38,038182ab31fd8a7cbfedda0d44b71ae57727f082,19ebdea348773e47e85cc20d3e7f6e910328aa63,持卡人消费,学士楼商务网关,-8.6,131.34,3355,正常
2016/04/02 12:48:28,038182ab31fd8a7cbfedda0d44b71ae57727f082,19ebdea348773e47e85cc20d3e7f6e910328aa63,持卡人消费,超市商务子系统,-5.0,126.34,3356,正常
2016/04/02 19:51:37,038182ab31fd8a7cbfedda0d44b71ae57727f082,19ebdea348773e47e85cc20d3e7f6e910328aa63,持卡人消费,15公寓浴池,-2.0,124.34,3357,正常
2016/04/03 11:42:46,038182ab31fd8a7cbfedda0d44b71ae57727f082,19ebdea348773e47e85cc20d3e7f6e910328aa63,持卡人消费,学士楼商务网关,-3.0,121.34,3358,正常
2016/04/03 11:57:24,038182ab31fd8a7cbfedda0d44b71ae57727f082,19ebdea348773e47e85cc20d3e7f6e910328aa63,持卡人消费,硕果园（工大商店）,-4.2,117.14,3359,正常
2016/04/04 11:54:08,038182ab31fd8a7cbfedda0d44b71ae57727f082,19ebdea348773e47e85cc20d3e7f6e910328aa63,持卡人消费,学士楼商务网关,-7.9,109.24,3360,正常
2016/04/04 16:31:55,038182ab31fd8a7cbfedda0d44b71ae57727f082,19ebdea348773e47e85cc20d3e7f6e910328aa63,持卡人消费,硕果园（工大商店）,-9.0,100.24,3361,正常
2016/04/05 11:09:25,038182ab31fd8a7cbfedda0d44b71ae57727f082,19ebdea348773e47e85cc20d3e7f6e910328aa63,持卡人消费,学苑楼商务网关,-8.0,92.24,3362,正常
2016/04/05 11:10:47,038182ab31fd8a7cbfedda0d44b71ae57727f082,19ebdea348773e47e85cc20d3e7f6e910328aa63,持卡人消费,学苑楼商务网关,-1.5,90.74,3363,正常
2016/04/05 12:54:47,038182ab31fd8a7cbfedda0d44b71ae57727f082,19ebdea348773e47e85cc20d3e7f6e910328aa63,持卡人消费,硕果园（工大商店）,-10.0,80.74,3364,正常
2016/04/05 17:02:49,038182ab31fd8a7cbfedda0d44b71ae57727f082,19ebdea348773e47e85cc20d3e7f6e910328aa63,持卡人消费,硕果园（工大商店）,-12.0,68.74,3365,正常
2016/04/05 19:53:07,038182ab31fd8a7cbfedda0d44b71ae57727f082,19ebdea348773e47e85cc20d3e7f6e910328aa63,持卡人消费,15公寓浴池,-2.0,66.74,3366,正常
2016/04/06 18:04:44,038182ab31fd8a7cbfedda0d44b71ae57727f082,19ebdea348773e47e85cc20d3e7f6e910328aa63,持卡人消费,硕果园（工大商店）,-14.0,52.74,3367,正常
2016/04/06 18:24:44,038182ab31fd8a7cbfedda0d44b71ae57727f082,19ebdea348773e47e85cc20d3e7f6e910328aa63,持卡人消费,超市商务子系统,-5.0,47.74,3368,正常
2016/04/07 17:40:13,038182ab31fd8a7cbfedda0d44b71ae57727f082,19ebdea348773e47e85cc20d3e7f6e910328aa63,持卡人消费,硕果园（工大商店）,-12.0,35.74,3369,正常
2016/04/08 11:14:12,038182ab31fd8a7cbfedda0d44b71ae57727f082,19ebdea348773e47e85cc20d3e7f6e910328aa63,持卡人消费,硕果园（工大商店）,-10.0,25.74,3370,正常
2016/04/08 18:35:18,038182ab31fd8a7cbfedda0d44b71ae57727f082,19ebdea348773e47e85cc20d3e7f6e910328aa63,持卡人消费,硕果园（工大商店）,-14.0,11.74,3371,正常
2016/04/08 21:47:37,038182ab31fd8a7cbfedda0d44b71ae57727f082,19ebdea348773e47e85cc20d3e7f6e910328aa63,持卡人消费,A2,-3.0,8.74,3372,正常
2016/04/09 16:58:23,038182ab31fd8a7cbfedda0d44b71ae57727f082,19ebdea348773e47e85cc20d3e7f6e910328aa63,持卡人消费,15公寓浴池,-2.0,6.74,3373,正常
2016/04/09 17:00:26,038182ab31fd8a7cbfedda0d44b71ae57727f082,19ebdea348773e47e85cc20d3e7f6e910328aa63,持卡人消费,15公寓浴池,-0.38,6.36,3375,正常
2016/04/11 14:28:57,038182ab31fd8a7cbfedda0d44b71ae57727f082,19ebdea348773e47e85cc20d3e7f6e910328aa63,持卡人消费,硕果园（工大商店）,-4.0,2.36,3376,正常
2016/04/13 11:19:31,038182ab31fd8a7cbfedda0d44b71ae57727f082,19ebdea348773e47e85cc20d3e7f6e910328aa63,存款,现金充值机,100.0,102.36,3377,正常
2016/04/13 11:41:39,038182ab31fd8a7cbfedda0d44b71ae57727f082,19ebdea348773e47e85cc20d3e7f6e910328aa63,持卡人消费,学苑楼商务网关,-8.0,94.36,3378,正常
2016/04/13 11:43:24,038182ab31fd8a7cbfedda0d44b71ae57727f082,19ebdea348773e47e85cc20d3e7f6e910328aa63,持卡人消费,学苑楼商务网关,-5.6,88.76,3379,正常
2016/04/13 11:46:05,038182ab31fd8a7cbfedda0d44b71ae57727f082,19ebdea348773e47e85cc20d3e7f6e910328aa63,持卡人消费,学苑楼商务网关,-10.0,78.76,3380,正常
2016/04/13 11:48:52,038182ab31fd8a7cbfedda0d44b71ae57727f082,19ebdea348773e47e85cc20d3e7f6e910328aa63,持卡人消费,学苑楼商务网关,-10.0,68.76,3381,正常
2016/04/13 17:29:44,038182ab31fd8a7cbfedda0d44b71ae57727f082,19ebdea348773e47e85cc20d3e7f6e910328aa63,持卡人消费,硕果园（工大商店）,-12.0,56.76,3382,正常
2016/04/14 09:29:38,038182ab31fd8a7cbfedda0d44b71ae57727f082,19ebdea348773e47e85cc20d3e7f6e910328aa63,持卡人消费,硕果园（工大商店）,-0.7,56.06,3383,正常
2016/04/14 11:38:07,038182ab31fd8a7cbfedda0d44b71ae57727f082,19ebdea348773e47e85cc20d3e7f6e910328aa63,持卡人消费,硕果园（工大商店）,-10.0,46.06,3384,正常
2016/04/16 11:22:33,038182ab31fd8a7cbfedda0d44b71ae57727f082,19ebdea348773e47e85cc20d3e7f6e910328aa63,持卡人消费,学苑楼商务网关,-8.0,38.06,3385,正常
2016/04/16 19:32:48,038182ab31fd8a7cbfedda0d44b71ae57727f082,19ebdea348773e47e85cc20d3e7f6e910328aa63,持卡人消费,15公寓浴池,-2.0,36.06,3386,正常
2016/04/17 12:01:33,038182ab31fd8a7cbfedda0d44b71ae57727f082,19ebdea348773e47e85cc20d3e7f6e910328aa63,持卡人消费,学苑楼商务网关,-8.0,28.06,3389,正常
2016/04/17 12:03:08,038182ab31fd8a7cbfedda0d44b71ae57727f082,19ebdea348773e47e85cc20d3e7f6e910328aa63,持卡人消费,学苑楼商务网关,-6.0,22.06,3390,正常
2016/04/17 12:03:36,038182ab31fd8a7cbfedda0d44b71ae57727f082,19ebdea348773e47e85cc20d3e7f6e910328aa63,持卡人消费,学苑楼商务网关,-5.0,17.06,3391,正常
2016/04/18 12:44:59,038182ab31fd8a7cbfedda0d44b71ae57727f082,19ebdea348773e47e85cc20d3e7f6e910328aa63,持卡人消费,硕果园（工大商店）,-12.0,5.06,3392,正常
2016/04/19 11:57:32,038182ab31fd8a7cbfedda0d44b71ae57727f082,19ebdea348773e47e85cc20d3e7f6e910328aa63,存款,现金充值机,200.0,205.06,3393,正常
2016/04/19 12:21:20,038182ab31fd8a7cbfedda0d44b71ae57727f082,19ebdea348773e47e85cc20d3e7f6e910328aa63,持卡人消费,学苑楼商务网关,-16.0,189.06,3394,正常
2016/04/19 12:29:27,038182ab31fd8a7cbfedda0d44b71ae57727f082,19ebdea348773e47e85cc20d3e7f6e910328aa63,持卡人消费,学苑楼商务网关,-1.5,187.56,3395,正常
2016/04/19 17:17:24,038182ab31fd8a7cbfedda0d44b71ae57727f082,19ebdea348773e47e85cc20d3e7f6e910328aa63,持卡人消费,学苑楼商务网关,-8.0,179.56,3396,正常
2016/04/19 17:30:55,038182ab31fd8a7cbfedda0d44b71ae57727f082,19ebdea348773e47e85cc20d3e7f6e910328aa63,持卡人消费,学苑楼商务网关,-1.5,178.06,3397,正常
2016/04/20 13:19:39,038182ab31fd8a7cbfedda0d44b71ae57727f082,19ebdea348773e47e85cc20d3e7f6e910328aa63,持卡人消费,硕果园（工大商店）,-12.0,166.06,3398,正常
2016/04/20 13:41:16,038182ab31fd8a7cbfedda0d44b71ae57727f082,19ebdea348773e47e85cc20d3e7f6e910328aa63,持卡人消费,硕果园（工大商店）,-3.0,163.06,3399,正常
2016/04/20 18:52:52,038182ab31fd8a7cbfedda0d44b71ae57727f082,19ebdea348773e47e85cc20d3e7f6e910328aa63,持卡人消费,15公寓浴池,-2.0,161.06,3400,正常
2016/04/20 18:55:05,038182ab31fd8a7cbfedda0d44b71ae57727f082,19ebdea348773e47e85cc20d3e7f6e910328aa63,持卡人消费,15公寓浴池,-0.4,160.66,3402,正常
2016/04/21 12:36:46,038182ab31fd8a7cbfedda0d44b71ae57727f082,19ebdea348773e47e85cc20d3e7f6e910328aa63,持卡人消费,硕果园（工大商店）,-4.0,156.66,3403,正常
2016/04/22 12:07:51,038182ab31fd8a7cbfedda0d44b71ae57727f082,19ebdea348773e47e85cc20d3e7f6e910328aa63,持卡人消费,学士楼商务网关,-7.6,149.06,3404,正常
2016/04/23 12:11:14,038182ab31fd8a7cbfedda0d44b71ae57727f082,19ebdea348773e47e85cc20d3e7f6e910328aa63,持卡人消费,硕果园（工大商店）,-10.0,139.06,3405,正常
2016/04/23 20:39:15,038182ab31fd8a7cbfedda0d44b71ae57727f082,19ebdea348773e47e85cc20d3e7f6e910328aa63,持卡人消费,15公寓浴池,-1.74,137.32,3407,正常
2016/04/24 19:51:56,038182ab31fd8a7cbfedda0d44b71ae57727f082,19ebdea348773e47e85cc20d3e7f6e910328aa63,持卡人消费,硕果园（工大商店）,-25.6,111.72,3408,正常
2016/04/24 20:07:41,038182ab31fd8a7cbfedda0d44b71ae57727f082,19ebdea348773e47e85cc20d3e7f6e910328aa63,持卡人消费,A2,-3.0,108.72,3409,正常
2016/04/25 11:21:02,038182ab31fd8a7cbfedda0d44b71ae57727f082,19ebdea348773e47e85cc20d3e7f6e910328aa63,持卡人消费,学苑楼商务网关,-6.0,102.72,3410,正常
2016/04/25 11:22:18,038182ab31fd8a7cbfedda0d44b71ae57727f082,19ebdea348773e47e85cc20d3e7f6e910328aa63,持卡人消费,学苑楼商务网关,-5.8,96.92,3411,正常
2016/04/25 11:38:37,038182ab31fd8a7cbfedda0d44b71ae57727f082,19ebdea348773e47e85cc20d3e7f6e910328aa63,持卡人消费,学苑楼商务网关,-1.5,95.42,3412,正常
2016/04/26 12:30:04,038182ab31fd8a7cbfedda0d44b71ae57727f082,19ebdea348773e47e85cc20d3e7f6e910328aa63,持卡人消费,硕果园（工大商店）,-14.0,81.42,3413,正常
2016/04/26 12:30:16,038182ab31fd8a7cbfedda0d44b71ae57727f082,19ebdea348773e47e85cc20d3e7f6e910328aa63,持卡人消费,硕果园（工大商店）,-1.0,80.42,3414,正常
2016/04/26 20:19:22,038182ab31fd8a7cbfedda0d44b71ae57727f082,19ebdea348773e47e85cc20d3e7f6e910328aa63,持卡人消费,15公寓浴池,-1.78,78.64,3416,正常
2016/04/26 20:19:57,038182ab31fd8a7cbfedda0d44b71ae57727f082,19ebdea348773e47e85cc20d3e7f6e910328aa63,持卡人消费,15公寓浴池,-0.02,78.62,3418,正常
2016/04/27 12:25:20,038182ab31fd8a7cbfedda0d44b71ae57727f082,19ebdea348773e47e85cc20d3e7f6e910328aa63,持卡人消费,硕果园（工大商店）,-12.0,66.62,3419,正常
2016/04/27 12:43:31,038182ab31fd8a7cbfedda0d44b71ae57727f082,19ebdea348773e47e85cc20d3e7f6e910328aa63,持卡人消费,硕果园（工大商店）,-4.5,62.12,3420,正常
2016/04/28 11:40:15,038182ab31fd8a7cbfedda0d44b71ae57727f082,19ebdea348773e47e85cc20d3e7f6e910328aa63,持卡人消费,学苑楼商务网关,-9.0,53.12,3421,正常
2016/04/28 11:49:56,038182ab31fd8a7cbfedda0d44b71ae57727f082,19ebdea348773e47e85cc20d3e7f6e910328aa63,持卡人消费,学苑楼商务网关,-1.5,51.62,3422,正常
2016/04/28 11:50:04,038182ab31fd8a7cbfedda0d44b71ae57727f082,19ebdea348773e47e85cc20d3e7f6e910328aa63,持卡人消费,学苑楼商务网关,-1.5,50.12,3423,正常
2016/04/29 11:27:53,038182ab31fd8a7cbfedda0d44b71ae57727f082,19ebdea348773e47e85cc20d3e7f6e910328aa63,持卡人消费,硕果园（工大商店）,-12.0,38.12,3424,正常
2016/04/29 19:29:04,038182ab31fd8a7cbfedda0d44b71ae57727f082,19ebdea348773e47e85cc20d3e7f6e910328aa63,持卡人消费,硕果园（工大商店）,-14.0,24.12,3425,正常
2016/04/30 11:13:13,038182ab31fd8a7cbfedda0d44b71ae57727f082,19ebdea348773e47e85cc20d3e7f6e910328aa63,持卡人消费,超市商务子系统,-7.0,17.12,3426,正常
2016/04/30 20:41:42,038182ab31fd8a7cbfedda0d44b71ae57727f082,19ebdea348773e47e85cc20d3e7f6e910328aa63,持卡人消费,15公寓浴池,-1.63,15.49,3428,正常
2016/04/30 20:59:26,038182ab31fd8a7cbfedda0d44b71ae57727f082,19ebdea348773e47e85cc20d3e7f6e910328aa63,持卡人消费,A2,-3.0,12.49,3429,正常
