交易发生时间,学号,姓名,交易类型,子系统名称,交易额,现有余额,次数,状态
2016/04/04 17:47:12,4be121547766119ac6882c85827ceed6362a3584,19ec212864686b8d049bfdf8ceff589ac519a6fe,存款,现金充值机,100.0,107.68,3700,正常
2016/04/04 18:05:58,4be121547766119ac6882c85827ceed6362a3584,19ec212864686b8d049bfdf8ceff589ac519a6fe,持卡人消费,超市商务子系统,-1.0,106.68,3701,正常
2016/04/04 18:10:29,4be121547766119ac6882c85827ceed6362a3584,19ec212864686b8d049bfdf8ceff589ac519a6fe,持卡人消费,学士楼商务网关,-7.1,99.58,3702,正常
2016/04/05 19:28:07,4be121547766119ac6882c85827ceed6362a3584,19ec212864686b8d049bfdf8ceff589ac519a6fe,持卡人消费,硕果园（工大商店）,-7.0,92.58,3703,正常
2016/04/05 20:08:44,4be121547766119ac6882c85827ceed6362a3584,19ec212864686b8d049bfdf8ceff589ac519a6fe,持卡人消费,超市商务子系统,-23.2,69.38,3704,正常
2016/04/06 10:34:11,4be121547766119ac6882c85827ceed6362a3584,19ec212864686b8d049bfdf8ceff589ac519a6fe,持卡人消费,超市商务子系统,-5.0,64.38,3705,正常
2016/04/06 10:37:36,4be121547766119ac6882c85827ceed6362a3584,19ec212864686b8d049bfdf8ceff589ac519a6fe,持卡人消费,学苑楼商务网关,-8.8,55.58,3706,正常
2016/04/06 16:28:31,4be121547766119ac6882c85827ceed6362a3584,19ec212864686b8d049bfdf8ceff589ac519a6fe,持卡人消费,硕果园（工大商店）,-12.0,43.58,3707,正常
2016/04/06 16:29:19,4be121547766119ac6882c85827ceed6362a3584,19ec212864686b8d049bfdf8ceff589ac519a6fe,持卡人消费,硕果园（工大商店）,-1.0,42.58,3708,正常
2016/04/06 19:36:45,4be121547766119ac6882c85827ceed6362a3584,19ec212864686b8d049bfdf8ceff589ac519a6fe,持卡人消费,超市商务子系统,-10.0,32.58,3709,正常
2016/04/07 09:37:57,4be121547766119ac6882c85827ceed6362a3584,19ec212864686b8d049bfdf8ceff589ac519a6fe,持卡人消费,硕果园（工大商店）,-7.0,25.58,3710,正常
2016/04/07 14:01:48,4be121547766119ac6882c85827ceed6362a3584,19ec212864686b8d049bfdf8ceff589ac519a6fe,持卡人消费,硕果园（工大商店）,-15.0,10.58,3711,正常
2016/04/07 14:19:35,4be121547766119ac6882c85827ceed6362a3584,19ec212864686b8d049bfdf8ceff589ac519a6fe,持卡人消费,硕果园（工大商店）,-9.5,1.08,3712,正常
2016/04/09 11:56:00,4be121547766119ac6882c85827ceed6362a3584,19ec212864686b8d049bfdf8ceff589ac519a6fe,持卡人消费,超市商务子系统,-0.6,0.48,3713,正常
2016/04/10 11:42:13,4be121547766119ac6882c85827ceed6362a3584,19ec212864686b8d049bfdf8ceff589ac519a6fe,存款,学苑楼综合业务3,100.0,100.48,3714,正常
2016/04/10 11:44:40,4be121547766119ac6882c85827ceed6362a3584,19ec212864686b8d049bfdf8ceff589ac519a6fe,持卡人消费,学苑楼商务网关,-8.0,92.48,3715,正常
2016/04/10 11:57:10,4be121547766119ac6882c85827ceed6362a3584,19ec212864686b8d049bfdf8ceff589ac519a6fe,持卡人消费,硕果园（工大商店）,-6.0,86.48,3716,正常
2016/04/10 12:37:54,4be121547766119ac6882c85827ceed6362a3584,19ec212864686b8d049bfdf8ceff589ac519a6fe,持卡人消费,15公寓浴池,-2.0,84.48,3717,正常
2016/04/10 12:48:21,4be121547766119ac6882c85827ceed6362a3584,19ec212864686b8d049bfdf8ceff589ac519a6fe,持卡人消费,15公寓浴池,-2.0,82.48,3718,正常
2016/04/10 12:50:33,4be121547766119ac6882c85827ceed6362a3584,19ec212864686b8d049bfdf8ceff589ac519a6fe,持卡人消费,15公寓浴池,-0.4,82.08,3720,正常
2016/04/10 14:31:14,4be121547766119ac6882c85827ceed6362a3584,19ec212864686b8d049bfdf8ceff589ac519a6fe,持卡人消费,超市商务子系统,-4.8,77.28,3721,正常
2016/04/10 18:03:17,4be121547766119ac6882c85827ceed6362a3584,19ec212864686b8d049bfdf8ceff589ac519a6fe,持卡人消费,硕果园（工大商店）,-9.0,68.28,3722,正常
2016/04/11 10:01:12,4be121547766119ac6882c85827ceed6362a3584,19ec212864686b8d049bfdf8ceff589ac519a6fe,持卡人消费,硕果园（工大商店）,-5.0,63.28,3723,正常
2016/04/12 09:36:06,4be121547766119ac6882c85827ceed6362a3584,19ec212864686b8d049bfdf8ceff589ac519a6fe,持卡人消费,硕果园（工大商店）,-7.0,56.28,3724,正常
2016/04/12 09:51:12,4be121547766119ac6882c85827ceed6362a3584,19ec212864686b8d049bfdf8ceff589ac519a6fe,持卡人消费,超市商务子系统,-12.5,43.78,3725,正常
2016/04/12 09:51:55,4be121547766119ac6882c85827ceed6362a3584,19ec212864686b8d049bfdf8ceff589ac519a6fe,持卡人消费,超市商务子系统,-7.3,36.48,3726,正常
2016/04/12 14:32:12,4be121547766119ac6882c85827ceed6362a3584,19ec212864686b8d049bfdf8ceff589ac519a6fe,持卡人消费,硕果园（工大商店）,-12.0,24.48,3727,正常
2016/04/12 14:32:26,4be121547766119ac6882c85827ceed6362a3584,19ec212864686b8d049bfdf8ceff589ac519a6fe,持卡人消费,硕果园（工大商店）,-2.0,22.48,3728,正常
2016/04/12 14:34:18,4be121547766119ac6882c85827ceed6362a3584,19ec212864686b8d049bfdf8ceff589ac519a6fe,持卡人消费,硕果园（工大商店）,-6.0,16.48,3729,正常
2016/04/12 14:36:20,4be121547766119ac6882c85827ceed6362a3584,19ec212864686b8d049bfdf8ceff589ac519a6fe,持卡人消费,硕果园（工大商店）,-1.0,15.48,3730,正常
2016/04/12 20:29:17,4be121547766119ac6882c85827ceed6362a3584,19ec212864686b8d049bfdf8ceff589ac519a6fe,持卡人消费,硕果园（工大商店）,-5.3,10.18,3731,正常
2016/04/13 11:23:13,4be121547766119ac6882c85827ceed6362a3584,19ec212864686b8d049bfdf8ceff589ac519a6fe,持卡人消费,学苑楼商务网关,-9.0,1.18,3732,正常
2016/04/13 16:55:42,4be121547766119ac6882c85827ceed6362a3584,19ec212864686b8d049bfdf8ceff589ac519a6fe,存款,现金充值机,100.0,101.18,3733,正常
2016/04/13 17:18:13,4be121547766119ac6882c85827ceed6362a3584,19ec212864686b8d049bfdf8ceff589ac519a6fe,持卡人消费,学苑楼商务网关,-8.0,93.18,3734,正常
2016/04/13 17:19:55,4be121547766119ac6882c85827ceed6362a3584,19ec212864686b8d049bfdf8ceff589ac519a6fe,持卡人消费,学苑楼商务网关,-6.6,86.58,3735,正常
2016/04/13 17:38:25,4be121547766119ac6882c85827ceed6362a3584,19ec212864686b8d049bfdf8ceff589ac519a6fe,持卡人消费,超市商务子系统,-7.2,79.38,3736,正常
2016/04/14 09:02:15,4be121547766119ac6882c85827ceed6362a3584,19ec212864686b8d049bfdf8ceff589ac519a6fe,持卡人消费,硕果园（工大商店）,-7.0,72.38,3737,正常
2016/04/14 13:07:03,4be121547766119ac6882c85827ceed6362a3584,19ec212864686b8d049bfdf8ceff589ac519a6fe,持卡人消费,硕果园（工大商店）,-12.0,60.38,3738,正常
2016/04/14 15:29:21,4be121547766119ac6882c85827ceed6362a3584,19ec212864686b8d049bfdf8ceff589ac519a6fe,持卡人消费,身份前置机,-0.04,60.34,3739,正常
2016/04/14 18:30:27,4be121547766119ac6882c85827ceed6362a3584,19ec212864686b8d049bfdf8ceff589ac519a6fe,持卡人消费,硕果园（工大商店）,-8.0,52.34,3740,正常
2016/04/14 18:32:37,4be121547766119ac6882c85827ceed6362a3584,19ec212864686b8d049bfdf8ceff589ac519a6fe,持卡人消费,硕果园（工大商店）,-5.5,46.84,3741,正常
2016/04/15 09:28:26,4be121547766119ac6882c85827ceed6362a3584,19ec212864686b8d049bfdf8ceff589ac519a6fe,持卡人消费,硕果园（工大商店）,-6.5,40.34,3742,正常
2016/04/15 09:48:59,4be121547766119ac6882c85827ceed6362a3584,19ec212864686b8d049bfdf8ceff589ac519a6fe,持卡人消费,超市商务子系统,-6.5,33.84,3743,正常
2016/04/15 16:12:25,4be121547766119ac6882c85827ceed6362a3584,19ec212864686b8d049bfdf8ceff589ac519a6fe,持卡人消费,硕果园（工大商店）,-15.0,18.84,3744,正常
2016/04/15 16:12:54,4be121547766119ac6882c85827ceed6362a3584,19ec212864686b8d049bfdf8ceff589ac519a6fe,持卡人消费,硕果园（工大商店）,-1.0,17.84,3745,正常
2016/04/15 16:26:52,4be121547766119ac6882c85827ceed6362a3584,19ec212864686b8d049bfdf8ceff589ac519a6fe,持卡人消费,硕果园（工大商店）,-6.0,11.84,3746,正常
2016/04/15 22:11:28,4be121547766119ac6882c85827ceed6362a3584,19ec212864686b8d049bfdf8ceff589ac519a6fe,持卡人消费,硕果园（工大商店）,-6.3,5.54,3747,正常
2016/04/17 18:32:19,4be121547766119ac6882c85827ceed6362a3584,19ec212864686b8d049bfdf8ceff589ac519a6fe,持卡人消费,超市商务子系统,-1.0,4.54,3748,正常
2016/04/18 12:36:15,4be121547766119ac6882c85827ceed6362a3584,19ec212864686b8d049bfdf8ceff589ac519a6fe,存款,卡中心综合业务,100.0,104.54,3749,正常
2016/04/18 18:54:24,4be121547766119ac6882c85827ceed6362a3584,19ec212864686b8d049bfdf8ceff589ac519a6fe,持卡人消费,硕果园（工大商店）,-10.0,94.54,3750,正常
2016/04/19 09:39:12,4be121547766119ac6882c85827ceed6362a3584,19ec212864686b8d049bfdf8ceff589ac519a6fe,持卡人消费,硕果园（工大商店）,-7.0,87.54,3751,正常
2016/04/19 13:31:25,4be121547766119ac6882c85827ceed6362a3584,19ec212864686b8d049bfdf8ceff589ac519a6fe,持卡人消费,15公寓浴池,-2.0,85.54,3752,正常
2016/04/19 13:43:17,4be121547766119ac6882c85827ceed6362a3584,19ec212864686b8d049bfdf8ceff589ac519a6fe,持卡人消费,15公寓浴池,-2.0,83.54,3753,正常
2016/04/19 13:44:13,4be121547766119ac6882c85827ceed6362a3584,19ec212864686b8d049bfdf8ceff589ac519a6fe,持卡人消费,15公寓浴池,-0.18,83.36,3755,正常
2016/04/19 14:01:59,4be121547766119ac6882c85827ceed6362a3584,19ec212864686b8d049bfdf8ceff589ac519a6fe,持卡人消费,A2,-3.0,80.36,3756,正常
2016/04/19 21:07:17,4be121547766119ac6882c85827ceed6362a3584,19ec212864686b8d049bfdf8ceff589ac519a6fe,持卡人消费,硕果园（工大商店）,-3.0,77.36,3757,正常
2016/04/19 21:09:42,4be121547766119ac6882c85827ceed6362a3584,19ec212864686b8d049bfdf8ceff589ac519a6fe,持卡人消费,硕果园（工大商店）,-9.5,67.86,3758,正常
2016/04/20 09:38:45,4be121547766119ac6882c85827ceed6362a3584,19ec212864686b8d049bfdf8ceff589ac519a6fe,持卡人消费,硕果园（工大商店）,-7.0,60.86,3759,正常
2016/04/20 13:36:42,4be121547766119ac6882c85827ceed6362a3584,19ec212864686b8d049bfdf8ceff589ac519a6fe,持卡人消费,15公寓浴池,-1.49,59.37,3761,正常
2016/04/20 14:14:03,4be121547766119ac6882c85827ceed6362a3584,19ec212864686b8d049bfdf8ceff589ac519a6fe,持卡人消费,15公寓浴池,-1.39,57.98,3763,正常
2016/04/20 14:23:45,4be121547766119ac6882c85827ceed6362a3584,19ec212864686b8d049bfdf8ceff589ac519a6fe,持卡人消费,15公寓浴池,-1.02,56.96,3765,正常
2016/04/20 14:59:53,4be121547766119ac6882c85827ceed6362a3584,19ec212864686b8d049bfdf8ceff589ac519a6fe,持卡人消费,A2,-6.0,50.96,3766,正常
2016/04/20 15:00:29,4be121547766119ac6882c85827ceed6362a3584,19ec212864686b8d049bfdf8ceff589ac519a6fe,持卡人消费,A2,-6.0,44.96,3767,正常
2016/04/20 18:00:56,4be121547766119ac6882c85827ceed6362a3584,19ec212864686b8d049bfdf8ceff589ac519a6fe,持卡人消费,超市商务子系统,-10.8,34.16,3768,正常
2016/04/21 09:33:50,4be121547766119ac6882c85827ceed6362a3584,19ec212864686b8d049bfdf8ceff589ac519a6fe,持卡人消费,硕果园（工大商店）,-7.0,27.16,3769,正常
2016/04/21 12:02:26,4be121547766119ac6882c85827ceed6362a3584,19ec212864686b8d049bfdf8ceff589ac519a6fe,持卡人消费,超市商务子系统,-19.4,7.76,3770,正常
2016/04/24 12:14:37,4be121547766119ac6882c85827ceed6362a3584,19ec212864686b8d049bfdf8ceff589ac519a6fe,持卡人消费,15公寓浴池,-0.24,7.52,3772,正常
2016/04/24 12:25:15,4be121547766119ac6882c85827ceed6362a3584,19ec212864686b8d049bfdf8ceff589ac519a6fe,持卡人消费,15公寓浴池,-2.0,5.52,3773,正常
2016/04/24 12:35:43,4be121547766119ac6882c85827ceed6362a3584,19ec212864686b8d049bfdf8ceff589ac519a6fe,持卡人消费,15公寓浴池,-2.0,3.52,3774,正常
2016/04/24 12:36:41,4be121547766119ac6882c85827ceed6362a3584,19ec212864686b8d049bfdf8ceff589ac519a6fe,持卡人消费,15公寓浴池,-0.16,3.36,3776,正常
2016/04/29 08:07:50,4be121547766119ac6882c85827ceed6362a3584,19ec212864686b8d049bfdf8ceff589ac519a6fe,存款,卡中心综合业务,50.0,53.36,3777,正常
2016/04/29 08:08:43,4be121547766119ac6882c85827ceed6362a3584,19ec212864686b8d049bfdf8ceff589ac519a6fe,持卡人消费,学苑楼商务网关,-9.0,44.36,3778,正常
2016/04/29 11:20:59,4be121547766119ac6882c85827ceed6362a3584,19ec212864686b8d049bfdf8ceff589ac519a6fe,持卡人消费,超市商务子系统,-6.0,38.36,3779,正常
2016/04/29 11:22:02,4be121547766119ac6882c85827ceed6362a3584,19ec212864686b8d049bfdf8ceff589ac519a6fe,持卡人消费,超市商务子系统,-3.0,35.36,3780,正常
2016/04/29 17:48:23,4be121547766119ac6882c85827ceed6362a3584,19ec212864686b8d049bfdf8ceff589ac519a6fe,持卡人消费,硕果园（工大商店）,-13.0,22.36,3781,正常
2016/04/30 03:17:46,4be121547766119ac6882c85827ceed6362a3584,19ec212864686b8d049bfdf8ceff589ac519a6fe,持卡人消费,学苑楼商务网关,-6.2,16.16,3782,正常
2016/04/30 12:56:30,4be121547766119ac6882c85827ceed6362a3584,19ec212864686b8d049bfdf8ceff589ac519a6fe,持卡人消费,超市商务子系统,-15.2,0.96,3783,正常
