交易发生时间,学号,姓名,交易类型,子系统名称,交易额,现有余额,次数,状态
2016/04/02 16:21:37,3eacebdeaa1b2f0f9e99907429fc2d455c0ff6c7,19f0e1eb8f37073e1a9be46849fd95b63ee35212,持卡人消费,硕果园（工大商店）,-15.0,313.65,2477,正常
2016/04/02 16:24:19,3eacebdeaa1b2f0f9e99907429fc2d455c0ff6c7,19f0e1eb8f37073e1a9be46849fd95b63ee35212,持卡人消费,硕果园（工大商店）,-6.0,307.65,2478,正常
2016/04/03 12:03:14,3eacebdeaa1b2f0f9e99907429fc2d455c0ff6c7,19f0e1eb8f37073e1a9be46849fd95b63ee35212,持卡人消费,硕果园（工大商店）,-13.0,294.65,2479,正常
2016/04/03 12:03:39,3eacebdeaa1b2f0f9e99907429fc2d455c0ff6c7,19f0e1eb8f37073e1a9be46849fd95b63ee35212,持卡人消费,硕果园（工大商店）,-2.0,292.65,2480,正常
2016/04/05 07:54:19,3eacebdeaa1b2f0f9e99907429fc2d455c0ff6c7,19f0e1eb8f37073e1a9be46849fd95b63ee35212,持卡人消费,学士楼商务网关,-4.48,288.17,2481,正常
2016/04/04 11:38:43,3eacebdeaa1b2f0f9e99907429fc2d455c0ff6c7,19f0e1eb8f37073e1a9be46849fd95b63ee35212,持卡人消费,学士楼商务网关,-10.1,278.07,2482,正常
2016/04/04 11:40:32,3eacebdeaa1b2f0f9e99907429fc2d455c0ff6c7,19f0e1eb8f37073e1a9be46849fd95b63ee35212,持卡人消费,学士楼商务网关,-3.0,275.07,2483,正常
2016/04/05 06:11:51,3eacebdeaa1b2f0f9e99907429fc2d455c0ff6c7,19f0e1eb8f37073e1a9be46849fd95b63ee35212,持卡人消费,学士楼商务网关,-7.5,267.57,2484,正常
2016/04/05 06:13:29,3eacebdeaa1b2f0f9e99907429fc2d455c0ff6c7,19f0e1eb8f37073e1a9be46849fd95b63ee35212,持卡人消费,学士楼商务网关,-3.0,264.57,2485,正常
2016/04/05 06:13:53,3eacebdeaa1b2f0f9e99907429fc2d455c0ff6c7,19f0e1eb8f37073e1a9be46849fd95b63ee35212,持卡人消费,学士楼商务网关,-1.8,262.77,2486,正常
2016/04/05 06:14:37,3eacebdeaa1b2f0f9e99907429fc2d455c0ff6c7,19f0e1eb8f37073e1a9be46849fd95b63ee35212,持卡人消费,学士楼商务网关,-4.0,258.77,2487,正常
2016/04/05 11:55:12,3eacebdeaa1b2f0f9e99907429fc2d455c0ff6c7,19f0e1eb8f37073e1a9be46849fd95b63ee35212,持卡人消费,硕果园（工大商店）,-11.5,247.27,2488,正常
2016/04/06 08:41:36,3eacebdeaa1b2f0f9e99907429fc2d455c0ff6c7,19f0e1eb8f37073e1a9be46849fd95b63ee35212,持卡人消费,学士楼商务网关,-2.0,245.27,2489,正常
2016/04/06 08:41:43,3eacebdeaa1b2f0f9e99907429fc2d455c0ff6c7,19f0e1eb8f37073e1a9be46849fd95b63ee35212,持卡人消费,学士楼商务网关,-0.2,245.07,2490,正常
2016/04/06 11:56:07,3eacebdeaa1b2f0f9e99907429fc2d455c0ff6c7,19f0e1eb8f37073e1a9be46849fd95b63ee35212,持卡人消费,一校区水控新,-0.03,245.04,2492,正常
2016/04/06 12:06:41,3eacebdeaa1b2f0f9e99907429fc2d455c0ff6c7,19f0e1eb8f37073e1a9be46849fd95b63ee35212,持卡人消费,一校区水控新,-2.0,243.04,2493,正常
2016/04/08 08:22:50,3eacebdeaa1b2f0f9e99907429fc2d455c0ff6c7,19f0e1eb8f37073e1a9be46849fd95b63ee35212,持卡人消费,学士楼商务网关,-3.0,240.04,2494,正常
2016/04/08 08:22:58,3eacebdeaa1b2f0f9e99907429fc2d455c0ff6c7,19f0e1eb8f37073e1a9be46849fd95b63ee35212,持卡人消费,学士楼商务网关,-0.2,239.84,2495,正常
2016/04/08 08:24:07,3eacebdeaa1b2f0f9e99907429fc2d455c0ff6c7,19f0e1eb8f37073e1a9be46849fd95b63ee35212,持卡人消费,学士楼商务网关,-3.0,236.84,2496,正常
2016/04/10 22:26:45,3eacebdeaa1b2f0f9e99907429fc2d455c0ff6c7,19f0e1eb8f37073e1a9be46849fd95b63ee35212,持卡人消费,学子便利店A01后楼,-14.2,222.64,2497,正常
2016/04/11 11:38:22,3eacebdeaa1b2f0f9e99907429fc2d455c0ff6c7,19f0e1eb8f37073e1a9be46849fd95b63ee35212,持卡人消费,学士楼商务网关,-6.72,215.92,2498,正常
2016/04/11 11:40:26,3eacebdeaa1b2f0f9e99907429fc2d455c0ff6c7,19f0e1eb8f37073e1a9be46849fd95b63ee35212,持卡人消费,学士楼商务网关,-13.4,202.52,2499,正常
2016/04/12 15:32:39,3eacebdeaa1b2f0f9e99907429fc2d455c0ff6c7,19f0e1eb8f37073e1a9be46849fd95b63ee35212,持卡人消费,一校区水控新,-2.0,200.52,2500,正常
2016/04/12 15:33:24,3eacebdeaa1b2f0f9e99907429fc2d455c0ff6c7,19f0e1eb8f37073e1a9be46849fd95b63ee35212,持卡人消费,一校区水控新,-0.1,200.42,2502,正常
2016/04/12 21:05:56,3eacebdeaa1b2f0f9e99907429fc2d455c0ff6c7,19f0e1eb8f37073e1a9be46849fd95b63ee35212,持卡人消费,学子便利店A01后楼,-13.1,187.32,2503,正常
2016/04/13 11:30:59,3eacebdeaa1b2f0f9e99907429fc2d455c0ff6c7,19f0e1eb8f37073e1a9be46849fd95b63ee35212,持卡人消费,学子楼商务网关,-19.0,168.32,2504,正常
2016/04/13 11:32:08,3eacebdeaa1b2f0f9e99907429fc2d455c0ff6c7,19f0e1eb8f37073e1a9be46849fd95b63ee35212,持卡人消费,学子楼商务网关,-0.6,167.72,2505,正常
2016/04/16 08:41:30,3eacebdeaa1b2f0f9e99907429fc2d455c0ff6c7,19f0e1eb8f37073e1a9be46849fd95b63ee35212,持卡人消费,学士楼商务网关,-5.4,162.32,2506,正常
2016/04/16 17:20:53,3eacebdeaa1b2f0f9e99907429fc2d455c0ff6c7,19f0e1eb8f37073e1a9be46849fd95b63ee35212,持卡人消费,硕果园（工大商店）,-16.0,146.32,2507,正常
2016/04/18 15:43:14,3eacebdeaa1b2f0f9e99907429fc2d455c0ff6c7,19f0e1eb8f37073e1a9be46849fd95b63ee35212,持卡人消费,一校区水控新,-1.87,144.45,2509,正常
2016/04/18 22:50:30,3eacebdeaa1b2f0f9e99907429fc2d455c0ff6c7,19f0e1eb8f37073e1a9be46849fd95b63ee35212,持卡人消费,A1,-15.0,129.45,2510,正常
2016/04/22 17:00:37,3eacebdeaa1b2f0f9e99907429fc2d455c0ff6c7,19f0e1eb8f37073e1a9be46849fd95b63ee35212,持卡人消费,硕果园（工大商店）,-14.0,115.45,2511,正常
2016/04/22 17:17:04,3eacebdeaa1b2f0f9e99907429fc2d455c0ff6c7,19f0e1eb8f37073e1a9be46849fd95b63ee35212,持卡人消费,硕果园（工大商店）,-9.0,106.45,2512,正常
2016/04/25 14:10:56,3eacebdeaa1b2f0f9e99907429fc2d455c0ff6c7,19f0e1eb8f37073e1a9be46849fd95b63ee35212,持卡人消费,一校区水控新,-1.49,104.96,2514,正常
2016/04/26 09:01:34,3eacebdeaa1b2f0f9e99907429fc2d455c0ff6c7,19f0e1eb8f37073e1a9be46849fd95b63ee35212,持卡人消费,网络中心,-30.0,74.96,2515,正常
2016/04/26 09:26:08,3eacebdeaa1b2f0f9e99907429fc2d455c0ff6c7,19f0e1eb8f37073e1a9be46849fd95b63ee35212,持卡人消费,硕果园（工大商店）,-8.0,66.96,2516,正常
2016/04/26 09:30:26,3eacebdeaa1b2f0f9e99907429fc2d455c0ff6c7,19f0e1eb8f37073e1a9be46849fd95b63ee35212,持卡人消费,硕果园（工大商店）,-10.0,56.96,2517,正常
2016/04/26 14:04:05,3eacebdeaa1b2f0f9e99907429fc2d455c0ff6c7,19f0e1eb8f37073e1a9be46849fd95b63ee35212,存款,现金充值机,300.0,356.96,2518,正常
2016/04/26 17:16:40,3eacebdeaa1b2f0f9e99907429fc2d455c0ff6c7,19f0e1eb8f37073e1a9be46849fd95b63ee35212,持卡人消费,学子楼商务网关,-6.0,350.96,2519,正常
2016/04/26 17:17:07,3eacebdeaa1b2f0f9e99907429fc2d455c0ff6c7,19f0e1eb8f37073e1a9be46849fd95b63ee35212,持卡人消费,学子楼商务网关,-3.1,347.86,2520,正常
2016/04/26 17:18:23,3eacebdeaa1b2f0f9e99907429fc2d455c0ff6c7,19f0e1eb8f37073e1a9be46849fd95b63ee35212,持卡人消费,学子楼商务网关,-8.0,339.86,2521,正常
2016/04/26 17:37:07,3eacebdeaa1b2f0f9e99907429fc2d455c0ff6c7,19f0e1eb8f37073e1a9be46849fd95b63ee35212,持卡人消费,超市商务子系统,-80.0,259.86,2522,正常
2016/04/27 12:14:24,3eacebdeaa1b2f0f9e99907429fc2d455c0ff6c7,19f0e1eb8f37073e1a9be46849fd95b63ee35212,持卡人消费,学苑楼商务网关,-5.6,254.26,2523,正常
2016/04/27 12:14:59,3eacebdeaa1b2f0f9e99907429fc2d455c0ff6c7,19f0e1eb8f37073e1a9be46849fd95b63ee35212,持卡人消费,学苑楼商务网关,-8.0,246.26,2524,正常
2016/04/27 12:15:25,3eacebdeaa1b2f0f9e99907429fc2d455c0ff6c7,19f0e1eb8f37073e1a9be46849fd95b63ee35212,持卡人消费,学苑楼商务网关,-8.0,238.26,2525,正常
2016/04/27 12:16:59,3eacebdeaa1b2f0f9e99907429fc2d455c0ff6c7,19f0e1eb8f37073e1a9be46849fd95b63ee35212,持卡人消费,学苑楼商务网关,-4.5,233.76,2526,正常
2016/04/29 07:55:44,3eacebdeaa1b2f0f9e99907429fc2d455c0ff6c7,19f0e1eb8f37073e1a9be46849fd95b63ee35212,持卡人消费,学苑楼商务网关,-5.0,228.76,2527,正常
2016/04/29 07:55:51,3eacebdeaa1b2f0f9e99907429fc2d455c0ff6c7,19f0e1eb8f37073e1a9be46849fd95b63ee35212,持卡人消费,学苑楼商务网关,-1.0,227.76,2528,正常
2016/04/29 19:35:58,3eacebdeaa1b2f0f9e99907429fc2d455c0ff6c7,19f0e1eb8f37073e1a9be46849fd95b63ee35212,持卡人消费,学子便利店A01后楼,-2.0,225.76,2529,正常
