交易发生时间,学号,姓名,交易类型,子系统名称,交易额,现有余额,次数,状态
2016/04/01 11:15:12,2f441f4b9bcb003f018dd2547b36dfce574fc4f2,1a07b4e5ee3b84816482b9ee8116f8c69cd855dc,持卡人消费,南苑网关,-9.6,71.98,2737,正常
2016/04/02 10:06:54,2f441f4b9bcb003f018dd2547b36dfce574fc4f2,1a07b4e5ee3b84816482b9ee8116f8c69cd855dc,持卡人消费,学子便利店A01后楼,-1.8,70.18,2738,正常
2016/04/02 21:55:41,2f441f4b9bcb003f018dd2547b36dfce574fc4f2,1a07b4e5ee3b84816482b9ee8116f8c69cd855dc,持卡人消费,学子便利店A01后楼,-13.2,56.98,2739,正常
2016/04/05 08:39:58,2f441f4b9bcb003f018dd2547b36dfce574fc4f2,1a07b4e5ee3b84816482b9ee8116f8c69cd855dc,持卡人消费,学子便利店A01后楼,-1.8,55.18,2740,正常
2016/04/05 11:06:32,2f441f4b9bcb003f018dd2547b36dfce574fc4f2,1a07b4e5ee3b84816482b9ee8116f8c69cd855dc,持卡人消费,南苑网关,-8.88,46.30,2741,正常
2016/04/05 14:50:02,2f441f4b9bcb003f018dd2547b36dfce574fc4f2,1a07b4e5ee3b84816482b9ee8116f8c69cd855dc,持卡人消费,学子便利店A01后楼,-1.8,44.50,2742,正常
2016/04/06 08:42:40,2f441f4b9bcb003f018dd2547b36dfce574fc4f2,1a07b4e5ee3b84816482b9ee8116f8c69cd855dc,持卡人消费,学子便利店A01后楼,-1.7,42.80,2743,正常
2016/04/06 11:16:46,2f441f4b9bcb003f018dd2547b36dfce574fc4f2,1a07b4e5ee3b84816482b9ee8116f8c69cd855dc,持卡人消费,南苑网关,-8.88,33.92,2744,正常
2016/04/08 08:51:22,2f441f4b9bcb003f018dd2547b36dfce574fc4f2,1a07b4e5ee3b84816482b9ee8116f8c69cd855dc,持卡人消费,学子便利店A01后楼,-2.9,31.02,2745,正常
2016/04/08 11:33:01,2f441f4b9bcb003f018dd2547b36dfce574fc4f2,1a07b4e5ee3b84816482b9ee8116f8c69cd855dc,持卡人消费,学苑楼商务网关,-8.0,23.02,2746,正常
2016/04/08 14:27:19,2f441f4b9bcb003f018dd2547b36dfce574fc4f2,1a07b4e5ee3b84816482b9ee8116f8c69cd855dc,持卡人消费,硕果园（工大商店）,-6.0,17.02,2747,正常
2016/04/08 19:38:45,2f441f4b9bcb003f018dd2547b36dfce574fc4f2,1a07b4e5ee3b84816482b9ee8116f8c69cd855dc,持卡人消费,学子便利店A01后楼,-1.8,15.22,2748,正常
2016/04/09 11:44:53,2f441f4b9bcb003f018dd2547b36dfce574fc4f2,1a07b4e5ee3b84816482b9ee8116f8c69cd855dc,持卡人消费,学士楼商务网关,-6.6,8.62,2749,正常
2016/04/09 11:45:41,2f441f4b9bcb003f018dd2547b36dfce574fc4f2,1a07b4e5ee3b84816482b9ee8116f8c69cd855dc,持卡人消费,学士楼商务网关,-3.4,5.22,2750,正常
2016/04/09 11:36:40,2f441f4b9bcb003f018dd2547b36dfce574fc4f2,1a07b4e5ee3b84816482b9ee8116f8c69cd855dc,存款,现金充值机,100.0,105.22,2751,正常
2016/04/09 20:54:34,2f441f4b9bcb003f018dd2547b36dfce574fc4f2,1a07b4e5ee3b84816482b9ee8116f8c69cd855dc,持卡人消费,学子便利店A01后楼,-8.5,96.72,2752,正常
2016/04/10 19:15:37,2f441f4b9bcb003f018dd2547b36dfce574fc4f2,1a07b4e5ee3b84816482b9ee8116f8c69cd855dc,持卡人消费,超市商务子系统,-28.0,68.72,2753,正常
2016/04/11 11:02:58,2f441f4b9bcb003f018dd2547b36dfce574fc4f2,1a07b4e5ee3b84816482b9ee8116f8c69cd855dc,持卡人消费,南苑网关,-7.0,61.72,2754,正常
2016/04/12 08:44:23,2f441f4b9bcb003f018dd2547b36dfce574fc4f2,1a07b4e5ee3b84816482b9ee8116f8c69cd855dc,持卡人消费,学子便利店A01后楼,-1.8,59.92,2755,正常
2016/04/12 15:31:58,2f441f4b9bcb003f018dd2547b36dfce574fc4f2,1a07b4e5ee3b84816482b9ee8116f8c69cd855dc,持卡人消费,学子便利店A01后楼,-7.8,52.12,2756,正常
2016/04/14 08:50:08,2f441f4b9bcb003f018dd2547b36dfce574fc4f2,1a07b4e5ee3b84816482b9ee8116f8c69cd855dc,持卡人消费,学子便利店A01后楼,-1.8,50.32,2757,正常
2016/04/14 11:18:35,2f441f4b9bcb003f018dd2547b36dfce574fc4f2,1a07b4e5ee3b84816482b9ee8116f8c69cd855dc,持卡人消费,南苑网关,-8.88,41.44,2758,正常
2016/04/14 15:48:31,2f441f4b9bcb003f018dd2547b36dfce574fc4f2,1a07b4e5ee3b84816482b9ee8116f8c69cd855dc,持卡人消费,学子便利店A01后楼,-14.6,26.84,2759,正常
2016/04/16 13:54:50,2f441f4b9bcb003f018dd2547b36dfce574fc4f2,1a07b4e5ee3b84816482b9ee8116f8c69cd855dc,持卡人消费,15公寓浴池,-1.46,25.38,2761,正常
2016/04/16 14:07:30,2f441f4b9bcb003f018dd2547b36dfce574fc4f2,1a07b4e5ee3b84816482b9ee8116f8c69cd855dc,持卡人消费,15公寓浴池,-1.46,23.92,2763,正常
2016/04/16 14:17:29,2f441f4b9bcb003f018dd2547b36dfce574fc4f2,1a07b4e5ee3b84816482b9ee8116f8c69cd855dc,持卡人消费,学子便利店A01后楼,-2.6,21.32,2764,正常
2016/04/18 08:52:01,2f441f4b9bcb003f018dd2547b36dfce574fc4f2,1a07b4e5ee3b84816482b9ee8116f8c69cd855dc,持卡人消费,学子便利店A01后楼,-3.8,17.52,2765,正常
2016/04/18 11:15:38,2f441f4b9bcb003f018dd2547b36dfce574fc4f2,1a07b4e5ee3b84816482b9ee8116f8c69cd855dc,持卡人消费,南苑网关,-9.6,7.92,2766,正常
2016/04/18 11:26:58,2f441f4b9bcb003f018dd2547b36dfce574fc4f2,1a07b4e5ee3b84816482b9ee8116f8c69cd855dc,存款,学苑楼综合业务,100.0,107.92,2767,正常
2016/04/18 11:27:29,2f441f4b9bcb003f018dd2547b36dfce574fc4f2,1a07b4e5ee3b84816482b9ee8116f8c69cd855dc,持卡人消费,南苑网关,-3.5,104.42,2768,正常
2016/04/19 11:40:20,2f441f4b9bcb003f018dd2547b36dfce574fc4f2,1a07b4e5ee3b84816482b9ee8116f8c69cd855dc,持卡人消费,学苑楼商务网关,-8.0,96.42,2769,正常
2016/04/19 17:34:36,2f441f4b9bcb003f018dd2547b36dfce574fc4f2,1a07b4e5ee3b84816482b9ee8116f8c69cd855dc,持卡人消费,学士楼商务网关,-8.4,88.02,2770,正常
2016/04/19 19:10:39,2f441f4b9bcb003f018dd2547b36dfce574fc4f2,1a07b4e5ee3b84816482b9ee8116f8c69cd855dc,持卡人消费,学子便利店A01后楼,-3.0,85.02,2771,正常
2016/04/20 09:03:18,2f441f4b9bcb003f018dd2547b36dfce574fc4f2,1a07b4e5ee3b84816482b9ee8116f8c69cd855dc,持卡人消费,学子便利店A01后楼,-1.7,83.32,2772,正常
2016/04/20 11:25:21,2f441f4b9bcb003f018dd2547b36dfce574fc4f2,1a07b4e5ee3b84816482b9ee8116f8c69cd855dc,持卡人消费,南苑网关,-7.2,76.12,2773,正常
2016/04/20 20:58:31,2f441f4b9bcb003f018dd2547b36dfce574fc4f2,1a07b4e5ee3b84816482b9ee8116f8c69cd855dc,持卡人消费,学子便利店A01后楼,-8.1,68.02,2774,正常
2016/04/21 08:37:59,2f441f4b9bcb003f018dd2547b36dfce574fc4f2,1a07b4e5ee3b84816482b9ee8116f8c69cd855dc,持卡人消费,学子便利店A01后楼,-1.8,66.22,2775,正常
2016/04/21 11:21:49,2f441f4b9bcb003f018dd2547b36dfce574fc4f2,1a07b4e5ee3b84816482b9ee8116f8c69cd855dc,持卡人消费,南苑网关,-9.84,56.38,2776,正常
2016/04/22 08:34:25,2f441f4b9bcb003f018dd2547b36dfce574fc4f2,1a07b4e5ee3b84816482b9ee8116f8c69cd855dc,持卡人消费,学子便利店A01后楼,-1.7,54.68,2777,正常
2016/04/22 11:23:42,2f441f4b9bcb003f018dd2547b36dfce574fc4f2,1a07b4e5ee3b84816482b9ee8116f8c69cd855dc,持卡人消费,南苑网关,-7.2,47.48,2778,正常
2016/04/22 17:16:26,2f441f4b9bcb003f018dd2547b36dfce574fc4f2,1a07b4e5ee3b84816482b9ee8116f8c69cd855dc,持卡人消费,南苑网关,-16.2,31.28,2779,正常
2016/04/22 17:16:59,2f441f4b9bcb003f018dd2547b36dfce574fc4f2,1a07b4e5ee3b84816482b9ee8116f8c69cd855dc,持卡人消费,南苑网关,-2.9,28.38,2780,正常
2016/04/22 17:44:43,2f441f4b9bcb003f018dd2547b36dfce574fc4f2,1a07b4e5ee3b84816482b9ee8116f8c69cd855dc,持卡人消费,学子便利店A01后楼,-2.8,25.58,2781,正常
2016/04/24 17:19:06,2f441f4b9bcb003f018dd2547b36dfce574fc4f2,1a07b4e5ee3b84816482b9ee8116f8c69cd855dc,持卡人消费,学士楼商务网关,-7.2,18.38,2782,正常
2016/04/24 17:20:17,2f441f4b9bcb003f018dd2547b36dfce574fc4f2,1a07b4e5ee3b84816482b9ee8116f8c69cd855dc,持卡人消费,学士楼商务网关,-3.6,14.78,2783,正常
2016/04/24 19:45:54,2f441f4b9bcb003f018dd2547b36dfce574fc4f2,1a07b4e5ee3b84816482b9ee8116f8c69cd855dc,持卡人消费,15公寓浴池,-2.0,12.78,2784,正常
2016/04/24 19:57:28,2f441f4b9bcb003f018dd2547b36dfce574fc4f2,1a07b4e5ee3b84816482b9ee8116f8c69cd855dc,持卡人消费,15公寓浴池,-2.0,10.78,2785,正常
2016/04/24 20:09:47,2f441f4b9bcb003f018dd2547b36dfce574fc4f2,1a07b4e5ee3b84816482b9ee8116f8c69cd855dc,持卡人消费,学子便利店A01后楼,-5.8,4.98,2786,正常
2016/04/25 08:35:47,2f441f4b9bcb003f018dd2547b36dfce574fc4f2,1a07b4e5ee3b84816482b9ee8116f8c69cd855dc,持卡人消费,学子便利店A01后楼,-1.8,3.18,2787,正常
2016/04/25 11:25:54,2f441f4b9bcb003f018dd2547b36dfce574fc4f2,1a07b4e5ee3b84816482b9ee8116f8c69cd855dc,存款,学苑楼综合业务,100.0,103.18,2788,正常
2016/04/25 11:30:57,2f441f4b9bcb003f018dd2547b36dfce574fc4f2,1a07b4e5ee3b84816482b9ee8116f8c69cd855dc,持卡人消费,南苑网关,-8.16,95.02,2789,正常
2016/04/25 21:23:47,2f441f4b9bcb003f018dd2547b36dfce574fc4f2,1a07b4e5ee3b84816482b9ee8116f8c69cd855dc,持卡人消费,学子便利店A01后楼,-3.8,91.22,2790,正常
2016/04/26 10:54:21,2f441f4b9bcb003f018dd2547b36dfce574fc4f2,1a07b4e5ee3b84816482b9ee8116f8c69cd855dc,持卡人消费,网络中心,-30.0,61.22,2791,正常
2016/04/27 17:22:03,2f441f4b9bcb003f018dd2547b36dfce574fc4f2,1a07b4e5ee3b84816482b9ee8116f8c69cd855dc,持卡人消费,南苑网关,-2.0,59.22,2792,正常
2016/04/27 17:23:29,2f441f4b9bcb003f018dd2547b36dfce574fc4f2,1a07b4e5ee3b84816482b9ee8116f8c69cd855dc,持卡人消费,南苑网关,-8.0,51.22,2793,正常
2016/04/27 17:25:02,2f441f4b9bcb003f018dd2547b36dfce574fc4f2,1a07b4e5ee3b84816482b9ee8116f8c69cd855dc,持卡人消费,南苑网关,-1.0,50.22,2794,正常
2016/04/27 17:37:07,2f441f4b9bcb003f018dd2547b36dfce574fc4f2,1a07b4e5ee3b84816482b9ee8116f8c69cd855dc,持卡人消费,南苑网关,-4.5,45.72,2795,正常
2016/04/28 08:39:24,2f441f4b9bcb003f018dd2547b36dfce574fc4f2,1a07b4e5ee3b84816482b9ee8116f8c69cd855dc,持卡人消费,学子便利店A01后楼,-1.8,43.92,2796,正常
2016/04/28 18:00:04,2f441f4b9bcb003f018dd2547b36dfce574fc4f2,1a07b4e5ee3b84816482b9ee8116f8c69cd855dc,持卡人消费,学士楼商务网关,-2.8,41.12,2797,正常
2016/04/28 18:01:06,2f441f4b9bcb003f018dd2547b36dfce574fc4f2,1a07b4e5ee3b84816482b9ee8116f8c69cd855dc,持卡人消费,学士楼商务网关,-3.4,37.72,2798,正常
