交易发生时间,学号,姓名,交易类型,子系统名称,交易额,现有余额,次数,状态
2016/04/11 16:17:56,75e94aa7baed0524936c84e2fb338fe9681b71e4,1a2a36cf45f4ebc310377d547c82979e8439f7d4,持卡人消费,一校区水控新,-0.98,29.31,3745,正常
2016/04/11 16:23:31,75e94aa7baed0524936c84e2fb338fe9681b71e4,1a2a36cf45f4ebc310377d547c82979e8439f7d4,持卡人消费,一校区水控新,-0.29,29.02,3747,正常
2016/04/11 16:26:18,75e94aa7baed0524936c84e2fb338fe9681b71e4,1a2a36cf45f4ebc310377d547c82979e8439f7d4,持卡人消费,一校区水控新,-0.32,28.70,3749,正常
2016/04/11 17:52:45,75e94aa7baed0524936c84e2fb338fe9681b71e4,1a2a36cf45f4ebc310377d547c82979e8439f7d4,存款,现金充值机,100.0,128.70,3750,正常
2016/04/12 12:49:40,75e94aa7baed0524936c84e2fb338fe9681b71e4,1a2a36cf45f4ebc310377d547c82979e8439f7d4,持卡人消费,网络中心,-30.0,98.70,3751,正常
2016/04/14 19:04:56,75e94aa7baed0524936c84e2fb338fe9681b71e4,1a2a36cf45f4ebc310377d547c82979e8439f7d4,持卡人消费,学子便利店A01后楼,-10.2,88.50,3752,正常
2016/04/16 13:03:40,75e94aa7baed0524936c84e2fb338fe9681b71e4,1a2a36cf45f4ebc310377d547c82979e8439f7d4,持卡人消费,一校区水控新,-0.62,87.88,3754,正常
2016/04/16 13:08:52,75e94aa7baed0524936c84e2fb338fe9681b71e4,1a2a36cf45f4ebc310377d547c82979e8439f7d4,持卡人消费,一校区水控新,-0.38,87.50,3756,正常
2016/04/16 13:11:15,75e94aa7baed0524936c84e2fb338fe9681b71e4,1a2a36cf45f4ebc310377d547c82979e8439f7d4,持卡人消费,一校区水控新,-0.26,87.24,3758,正常
2016/04/18 21:48:53,75e94aa7baed0524936c84e2fb338fe9681b71e4,1a2a36cf45f4ebc310377d547c82979e8439f7d4,持卡人消费,学子便利店A01后楼,-6.5,80.74,3759,正常
2016/04/19 17:56:54,75e94aa7baed0524936c84e2fb338fe9681b71e4,1a2a36cf45f4ebc310377d547c82979e8439f7d4,持卡人消费,学子楼商务网关,-8.0,72.74,3760,正常
2016/04/19 17:58:10,75e94aa7baed0524936c84e2fb338fe9681b71e4,1a2a36cf45f4ebc310377d547c82979e8439f7d4,持卡人消费,学子楼商务网关,-6.0,66.74,3761,正常
2016/04/19 17:58:47,75e94aa7baed0524936c84e2fb338fe9681b71e4,1a2a36cf45f4ebc310377d547c82979e8439f7d4,持卡人消费,学子楼商务网关,-4.0,62.74,3762,正常
2016/04/20 11:36:57,75e94aa7baed0524936c84e2fb338fe9681b71e4,1a2a36cf45f4ebc310377d547c82979e8439f7d4,持卡人消费,学士楼商务网关,-4.8,57.94,3763,正常
2016/04/20 11:38:41,75e94aa7baed0524936c84e2fb338fe9681b71e4,1a2a36cf45f4ebc310377d547c82979e8439f7d4,持卡人消费,学士楼商务网关,-2.5,55.44,3764,正常
2016/04/20 18:45:27,75e94aa7baed0524936c84e2fb338fe9681b71e4,1a2a36cf45f4ebc310377d547c82979e8439f7d4,持卡人消费,一校区水控新,-0.96,54.48,3765,正常
2016/04/20 18:49:58,75e94aa7baed0524936c84e2fb338fe9681b71e4,1a2a36cf45f4ebc310377d547c82979e8439f7d4,持卡人消费,一校区水控新,-0.19,54.29,3766,正常
2016/04/20 18:53:36,75e94aa7baed0524936c84e2fb338fe9681b71e4,1a2a36cf45f4ebc310377d547c82979e8439f7d4,持卡人消费,一校区水控新,-0.3,53.99,3767,正常
2016/04/20 18:54:22,75e94aa7baed0524936c84e2fb338fe9681b71e4,1a2a36cf45f4ebc310377d547c82979e8439f7d4,持卡人消费,一校区水控新,-0.09,53.90,3768,正常
2016/04/20 19:04:32,75e94aa7baed0524936c84e2fb338fe9681b71e4,1a2a36cf45f4ebc310377d547c82979e8439f7d4,持卡人消费,A1,-3.0,50.90,3769,正常
2016/04/21 12:28:33,75e94aa7baed0524936c84e2fb338fe9681b71e4,1a2a36cf45f4ebc310377d547c82979e8439f7d4,持卡人消费,15公寓浴池,-0.08,50.82,3771,正常
2016/04/21 12:29:03,75e94aa7baed0524936c84e2fb338fe9681b71e4,1a2a36cf45f4ebc310377d547c82979e8439f7d4,持卡人消费,15公寓浴池,-0.05,50.77,3773,正常
2016/04/21 12:30:56,75e94aa7baed0524936c84e2fb338fe9681b71e4,1a2a36cf45f4ebc310377d547c82979e8439f7d4,持卡人消费,15公寓浴池,-0.05,50.72,3775,正常
2016/04/21 12:31:21,75e94aa7baed0524936c84e2fb338fe9681b71e4,1a2a36cf45f4ebc310377d547c82979e8439f7d4,持卡人消费,15公寓浴池,-0.05,50.67,3777,正常
2016/04/21 12:32:38,75e94aa7baed0524936c84e2fb338fe9681b71e4,1a2a36cf45f4ebc310377d547c82979e8439f7d4,持卡人消费,15公寓浴池,-0.08,50.59,3779,正常
2016/04/21 12:37:40,75e94aa7baed0524936c84e2fb338fe9681b71e4,1a2a36cf45f4ebc310377d547c82979e8439f7d4,持卡人消费,15公寓浴池,-0.54,50.05,3781,正常
2016/04/21 12:42:45,75e94aa7baed0524936c84e2fb338fe9681b71e4,1a2a36cf45f4ebc310377d547c82979e8439f7d4,持卡人消费,15公寓浴池,-0.32,49.73,3783,正常
2016/04/22 12:37:21,75e94aa7baed0524936c84e2fb338fe9681b71e4,1a2a36cf45f4ebc310377d547c82979e8439f7d4,存款,卡中心综合业务,100.0,149.73,3784,正常
2016/04/22 12:40:36,75e94aa7baed0524936c84e2fb338fe9681b71e4,1a2a36cf45f4ebc310377d547c82979e8439f7d4,持卡人消费,学士楼商务网关,-4.3,145.43,3785,正常
2016/04/22 12:41:30,75e94aa7baed0524936c84e2fb338fe9681b71e4,1a2a36cf45f4ebc310377d547c82979e8439f7d4,持卡人消费,学士楼商务网关,-2.5,142.93,3786,正常
2016/04/22 15:39:39,75e94aa7baed0524936c84e2fb338fe9681b71e4,1a2a36cf45f4ebc310377d547c82979e8439f7d4,持卡人消费,一校区水控新,-2.0,140.93,3787,正常
2016/04/22 15:48:21,75e94aa7baed0524936c84e2fb338fe9681b71e4,1a2a36cf45f4ebc310377d547c82979e8439f7d4,持卡人消费,一校区水控新,-1.64,139.29,3788,正常
2016/04/23 14:19:20,75e94aa7baed0524936c84e2fb338fe9681b71e4,1a2a36cf45f4ebc310377d547c82979e8439f7d4,持卡人消费,超市商务子系统,-2.6,136.69,3789,正常
2016/04/23 20:46:40,75e94aa7baed0524936c84e2fb338fe9681b71e4,1a2a36cf45f4ebc310377d547c82979e8439f7d4,持卡人消费,一校区水控新,-1.12,135.57,3791,正常
2016/04/23 20:50:17,75e94aa7baed0524936c84e2fb338fe9681b71e4,1a2a36cf45f4ebc310377d547c82979e8439f7d4,持卡人消费,一校区水控新,-0.19,135.38,3793,正常
2016/04/23 20:52:41,75e94aa7baed0524936c84e2fb338fe9681b71e4,1a2a36cf45f4ebc310377d547c82979e8439f7d4,持卡人消费,一校区水控新,-0.24,135.14,3795,正常
2016/04/24 13:20:22,75e94aa7baed0524936c84e2fb338fe9681b71e4,1a2a36cf45f4ebc310377d547c82979e8439f7d4,持卡人消费,硕果园（工大商店）,-9.0,126.14,3796,正常
2016/04/24 13:21:39,75e94aa7baed0524936c84e2fb338fe9681b71e4,1a2a36cf45f4ebc310377d547c82979e8439f7d4,持卡人消费,硕果园（工大商店）,-7.0,119.14,3797,正常
2016/04/25 10:56:34,75e94aa7baed0524936c84e2fb338fe9681b71e4,1a2a36cf45f4ebc310377d547c82979e8439f7d4,持卡人消费,学士楼商务网关,-6.4,112.74,3798,正常
2016/04/25 11:08:24,75e94aa7baed0524936c84e2fb338fe9681b71e4,1a2a36cf45f4ebc310377d547c82979e8439f7d4,持卡人消费,学士楼商务网关,-3.0,109.74,3799,正常
2016/04/25 18:17:15,75e94aa7baed0524936c84e2fb338fe9681b71e4,1a2a36cf45f4ebc310377d547c82979e8439f7d4,持卡人消费,学士楼商务网关,-7.2,102.54,3800,正常
2016/04/26 12:07:13,75e94aa7baed0524936c84e2fb338fe9681b71e4,1a2a36cf45f4ebc310377d547c82979e8439f7d4,持卡人消费,学士楼商务网关,-3.6,98.94,3801,正常
2016/04/26 12:07:50,75e94aa7baed0524936c84e2fb338fe9681b71e4,1a2a36cf45f4ebc310377d547c82979e8439f7d4,持卡人消费,学士楼商务网关,-2.0,96.94,3802,正常
2016/04/26 12:08:27,75e94aa7baed0524936c84e2fb338fe9681b71e4,1a2a36cf45f4ebc310377d547c82979e8439f7d4,持卡人消费,学士楼商务网关,-2.0,94.94,3803,正常
2016/04/26 19:22:46,75e94aa7baed0524936c84e2fb338fe9681b71e4,1a2a36cf45f4ebc310377d547c82979e8439f7d4,持卡人消费,学士楼商务网关,-3.3,91.64,3804,正常
2016/04/26 19:23:47,75e94aa7baed0524936c84e2fb338fe9681b71e4,1a2a36cf45f4ebc310377d547c82979e8439f7d4,持卡人消费,学士楼商务网关,-2.5,89.14,3805,正常
2016/04/26 19:38:59,75e94aa7baed0524936c84e2fb338fe9681b71e4,1a2a36cf45f4ebc310377d547c82979e8439f7d4,持卡人消费,超市商务子系统,-29.4,59.74,3806,正常
2016/04/27 14:20:22,75e94aa7baed0524936c84e2fb338fe9681b71e4,1a2a36cf45f4ebc310377d547c82979e8439f7d4,持卡人消费,学士楼商务网关,-7.8,51.94,3807,正常
2016/04/27 18:18:56,75e94aa7baed0524936c84e2fb338fe9681b71e4,1a2a36cf45f4ebc310377d547c82979e8439f7d4,持卡人消费,学士楼商务网关,-0.4,51.54,3808,正常
2016/04/27 18:19:56,75e94aa7baed0524936c84e2fb338fe9681b71e4,1a2a36cf45f4ebc310377d547c82979e8439f7d4,持卡人消费,学士楼商务网关,-2.5,49.04,3809,正常
2016/04/27 18:20:11,75e94aa7baed0524936c84e2fb338fe9681b71e4,1a2a36cf45f4ebc310377d547c82979e8439f7d4,持卡人消费,学士楼商务网关,-0.6,48.44,3810,正常
2016/04/28 12:53:03,75e94aa7baed0524936c84e2fb338fe9681b71e4,1a2a36cf45f4ebc310377d547c82979e8439f7d4,持卡人消费,一校区水控新,-0.77,47.67,3812,正常
2016/04/28 12:56:40,75e94aa7baed0524936c84e2fb338fe9681b71e4,1a2a36cf45f4ebc310377d547c82979e8439f7d4,持卡人消费,一校区水控新,-0.19,47.48,3814,正常
2016/04/28 12:58:44,75e94aa7baed0524936c84e2fb338fe9681b71e4,1a2a36cf45f4ebc310377d547c82979e8439f7d4,持卡人消费,一校区水控新,-0.18,47.30,3816,正常
2016/04/28 12:59:45,75e94aa7baed0524936c84e2fb338fe9681b71e4,1a2a36cf45f4ebc310377d547c82979e8439f7d4,持卡人消费,一校区水控新,-0.02,47.28,3818,正常
2016/04/28 13:03:44,75e94aa7baed0524936c84e2fb338fe9681b71e4,1a2a36cf45f4ebc310377d547c82979e8439f7d4,持卡人消费,A1,-6.0,41.28,3819,正常
2016/04/28 18:30:46,75e94aa7baed0524936c84e2fb338fe9681b71e4,1a2a36cf45f4ebc310377d547c82979e8439f7d4,持卡人消费,学士楼商务网关,-3.4,37.88,3820,正常
2016/04/28 18:31:47,75e94aa7baed0524936c84e2fb338fe9681b71e4,1a2a36cf45f4ebc310377d547c82979e8439f7d4,持卡人消费,学士楼商务网关,-2.5,35.38,3821,正常
2016/04/29 13:54:46,75e94aa7baed0524936c84e2fb338fe9681b71e4,1a2a36cf45f4ebc310377d547c82979e8439f7d4,持卡人消费,一校区水控新,-2.0,33.38,3822,正常
2016/04/29 17:45:06,75e94aa7baed0524936c84e2fb338fe9681b71e4,1a2a36cf45f4ebc310377d547c82979e8439f7d4,持卡人消费,学子便利店A01后楼,-9.3,24.08,3823,正常
2016/04/29 17:45:41,75e94aa7baed0524936c84e2fb338fe9681b71e4,1a2a36cf45f4ebc310377d547c82979e8439f7d4,持卡人消费,学子便利店A01后楼,-6.0,18.08,3824,正常
2016/04/30 13:14:05,75e94aa7baed0524936c84e2fb338fe9681b71e4,1a2a36cf45f4ebc310377d547c82979e8439f7d4,持卡人消费,学子便利店A01后楼,-7.5,10.58,3825,正常
2016/04/30 17:51:11,75e94aa7baed0524936c84e2fb338fe9681b71e4,1a2a36cf45f4ebc310377d547c82979e8439f7d4,持卡人消费,超市商务子系统,-3.0,7.58,3826,正常
