交易发生时间,学号,姓名,交易类型,子系统名称,交易额,现有余额,次数,状态
2016/04/07 17:36:57,4d06b714b7efc3d99eb3c4297d97a89ecd91ac02,1a2bc125278afea9c15d40aa36541164f13cf6cc,持卡人消费,硕果园（工大商店）,-7.2,18.74,3381,正常
2016/04/08 11:33:46,4d06b714b7efc3d99eb3c4297d97a89ecd91ac02,1a2bc125278afea9c15d40aa36541164f13cf6cc,持卡人消费,学士楼商务网关,-8.1,10.64,3382,正常
2016/04/08 17:26:09,4d06b714b7efc3d99eb3c4297d97a89ecd91ac02,1a2bc125278afea9c15d40aa36541164f13cf6cc,持卡人消费,15公寓浴池,-2.0,8.64,3383,正常
2016/04/08 17:31:16,4d06b714b7efc3d99eb3c4297d97a89ecd91ac02,1a2bc125278afea9c15d40aa36541164f13cf6cc,持卡人消费,15公寓浴池,-0.96,7.68,3385,正常
2016/04/09 17:16:09,4d06b714b7efc3d99eb3c4297d97a89ecd91ac02,1a2bc125278afea9c15d40aa36541164f13cf6cc,存款,现金充值机,200.0,207.68,3386,正常
2016/04/09 17:37:38,4d06b714b7efc3d99eb3c4297d97a89ecd91ac02,1a2bc125278afea9c15d40aa36541164f13cf6cc,持卡人消费,学苑楼商务网关,-7.0,200.68,3387,正常
2016/04/09 17:37:50,4d06b714b7efc3d99eb3c4297d97a89ecd91ac02,1a2bc125278afea9c15d40aa36541164f13cf6cc,持卡人消费,学苑楼商务网关,-9.0,191.68,3388,正常
2016/04/09 17:47:05,4d06b714b7efc3d99eb3c4297d97a89ecd91ac02,1a2bc125278afea9c15d40aa36541164f13cf6cc,持卡人消费,学苑楼商务网关,-0.5,191.18,3389,正常
2016/04/09 18:00:00,4d06b714b7efc3d99eb3c4297d97a89ecd91ac02,1a2bc125278afea9c15d40aa36541164f13cf6cc,持卡人消费,超市商务子系统,-5.6,185.58,3390,正常
2016/04/09 18:01:07,4d06b714b7efc3d99eb3c4297d97a89ecd91ac02,1a2bc125278afea9c15d40aa36541164f13cf6cc,持卡人消费,超市商务子系统,-53.0,132.58,3391,正常
2016/04/10 17:44:48,4d06b714b7efc3d99eb3c4297d97a89ecd91ac02,1a2bc125278afea9c15d40aa36541164f13cf6cc,持卡人消费,学士楼商务网关,-8.6,123.98,3392,正常
2016/04/10 17:49:55,4d06b714b7efc3d99eb3c4297d97a89ecd91ac02,1a2bc125278afea9c15d40aa36541164f13cf6cc,持卡人消费,学士楼商务网关,-7.5,116.48,3393,正常
2016/04/10 17:59:03,4d06b714b7efc3d99eb3c4297d97a89ecd91ac02,1a2bc125278afea9c15d40aa36541164f13cf6cc,持卡人消费,超市商务子系统,-5.0,111.48,3394,正常
2016/04/10 18:00:33,4d06b714b7efc3d99eb3c4297d97a89ecd91ac02,1a2bc125278afea9c15d40aa36541164f13cf6cc,持卡人消费,超市商务子系统,-8.5,102.98,3395,正常
2016/04/11 17:18:59,4d06b714b7efc3d99eb3c4297d97a89ecd91ac02,1a2bc125278afea9c15d40aa36541164f13cf6cc,持卡人消费,硕果园（工大商店）,-20.0,82.98,3396,正常
2016/04/12 17:28:13,4d06b714b7efc3d99eb3c4297d97a89ecd91ac02,1a2bc125278afea9c15d40aa36541164f13cf6cc,持卡人消费,学苑楼商务网关,-6.0,76.98,3397,正常
2016/04/12 17:45:09,4d06b714b7efc3d99eb3c4297d97a89ecd91ac02,1a2bc125278afea9c15d40aa36541164f13cf6cc,持卡人消费,学苑楼商务网关,-6.2,70.78,3398,正常
2016/04/12 17:47:59,4d06b714b7efc3d99eb3c4297d97a89ecd91ac02,1a2bc125278afea9c15d40aa36541164f13cf6cc,持卡人消费,硕果园（工大商店）,-11.0,59.78,3399,正常
2016/04/13 13:21:18,4d06b714b7efc3d99eb3c4297d97a89ecd91ac02,1a2bc125278afea9c15d40aa36541164f13cf6cc,持卡人消费,游泳馆,-6.0,53.78,3400,正常
2016/04/14 17:33:56,4d06b714b7efc3d99eb3c4297d97a89ecd91ac02,1a2bc125278afea9c15d40aa36541164f13cf6cc,持卡人消费,学士楼商务网关,-10.6,43.18,3401,正常
2016/04/15 11:39:57,4d06b714b7efc3d99eb3c4297d97a89ecd91ac02,1a2bc125278afea9c15d40aa36541164f13cf6cc,持卡人消费,学士楼商务网关,-8.6,34.58,3402,正常
2016/04/15 13:22:42,4d06b714b7efc3d99eb3c4297d97a89ecd91ac02,1a2bc125278afea9c15d40aa36541164f13cf6cc,持卡人消费,网络中心,-30.0,4.58,3403,正常
2016/04/15 17:54:01,4d06b714b7efc3d99eb3c4297d97a89ecd91ac02,1a2bc125278afea9c15d40aa36541164f13cf6cc,持卡人消费,超市商务子系统,-0.8,3.78,3404,正常
2016/04/17 09:06:08,4d06b714b7efc3d99eb3c4297d97a89ecd91ac02,1a2bc125278afea9c15d40aa36541164f13cf6cc,存款,卡中心综合业务,200.0,203.78,3405,正常
2016/04/17 17:39:52,4d06b714b7efc3d99eb3c4297d97a89ecd91ac02,1a2bc125278afea9c15d40aa36541164f13cf6cc,持卡人消费,硕果园（工大商店）,-12.0,191.78,3406,正常
2016/04/17 17:55:35,4d06b714b7efc3d99eb3c4297d97a89ecd91ac02,1a2bc125278afea9c15d40aa36541164f13cf6cc,持卡人消费,超市商务子系统,-7.0,184.78,3407,正常
2016/04/17 17:57:47,4d06b714b7efc3d99eb3c4297d97a89ecd91ac02,1a2bc125278afea9c15d40aa36541164f13cf6cc,持卡人消费,超市商务子系统,-8.8,175.98,3408,正常
2016/04/18 17:34:51,4d06b714b7efc3d99eb3c4297d97a89ecd91ac02,1a2bc125278afea9c15d40aa36541164f13cf6cc,持卡人消费,硕果园（工大商店）,-24.0,151.98,3409,正常
2016/04/19 15:22:50,4d06b714b7efc3d99eb3c4297d97a89ecd91ac02,1a2bc125278afea9c15d40aa36541164f13cf6cc,持卡人消费,A2,-3.0,148.98,3410,正常
2016/04/19 15:44:06,4d06b714b7efc3d99eb3c4297d97a89ecd91ac02,1a2bc125278afea9c15d40aa36541164f13cf6cc,持卡人消费,15公寓浴池,-1.98,147.00,3412,正常
2016/04/19 15:50:01,4d06b714b7efc3d99eb3c4297d97a89ecd91ac02,1a2bc125278afea9c15d40aa36541164f13cf6cc,持卡人消费,15公寓浴池,-1.12,145.88,3414,正常
2016/04/20 11:05:09,4d06b714b7efc3d99eb3c4297d97a89ecd91ac02,1a2bc125278afea9c15d40aa36541164f13cf6cc,持卡人消费,硕果园（工大商店）,-21.0,124.88,3415,正常
2016/04/20 17:24:12,4d06b714b7efc3d99eb3c4297d97a89ecd91ac02,1a2bc125278afea9c15d40aa36541164f13cf6cc,持卡人消费,学苑楼商务网关,-9.0,115.88,3416,正常
2016/04/20 17:25:48,4d06b714b7efc3d99eb3c4297d97a89ecd91ac02,1a2bc125278afea9c15d40aa36541164f13cf6cc,持卡人消费,学苑楼商务网关,-0.5,115.38,3417,正常
2016/04/20 17:36:07,4d06b714b7efc3d99eb3c4297d97a89ecd91ac02,1a2bc125278afea9c15d40aa36541164f13cf6cc,持卡人消费,超市商务子系统,-7.6,107.78,3418,正常
2016/04/20 17:37:45,4d06b714b7efc3d99eb3c4297d97a89ecd91ac02,1a2bc125278afea9c15d40aa36541164f13cf6cc,持卡人消费,超市商务子系统,-9.5,98.28,3419,正常
2016/04/20 17:38:21,4d06b714b7efc3d99eb3c4297d97a89ecd91ac02,1a2bc125278afea9c15d40aa36541164f13cf6cc,持卡人消费,超市商务子系统,-21.1,77.18,3420,正常
2016/04/20 17:40:58,4d06b714b7efc3d99eb3c4297d97a89ecd91ac02,1a2bc125278afea9c15d40aa36541164f13cf6cc,持卡人消费,硕果园（工大商店）,-10.0,67.18,3421,正常
2016/04/22 16:22:37,4d06b714b7efc3d99eb3c4297d97a89ecd91ac02,1a2bc125278afea9c15d40aa36541164f13cf6cc,持卡人消费,硕果园（工大商店）,-12.0,55.18,3422,正常
2016/04/22 18:30:38,4d06b714b7efc3d99eb3c4297d97a89ecd91ac02,1a2bc125278afea9c15d40aa36541164f13cf6cc,持卡人消费,硕果园（工大商店）,-15.0,40.18,3423,正常
2016/04/22 18:35:04,4d06b714b7efc3d99eb3c4297d97a89ecd91ac02,1a2bc125278afea9c15d40aa36541164f13cf6cc,持卡人消费,硕果园（工大商店）,-2.5,37.68,3424,正常
2016/04/24 15:15:01,4d06b714b7efc3d99eb3c4297d97a89ecd91ac02,1a2bc125278afea9c15d40aa36541164f13cf6cc,持卡人消费,15公寓浴池,-2.0,35.68,3425,正常
2016/04/24 15:17:25,4d06b714b7efc3d99eb3c4297d97a89ecd91ac02,1a2bc125278afea9c15d40aa36541164f13cf6cc,持卡人消费,15公寓浴池,-0.45,35.23,3427,正常
2016/04/25 11:05:03,4d06b714b7efc3d99eb3c4297d97a89ecd91ac02,1a2bc125278afea9c15d40aa36541164f13cf6cc,持卡人消费,学士楼商务网关,-12.1,23.13,3428,正常
2016/04/27 11:30:52,4d06b714b7efc3d99eb3c4297d97a89ecd91ac02,1a2bc125278afea9c15d40aa36541164f13cf6cc,持卡人消费,硕果园（工大商店）,-7.0,16.13,3429,正常
2016/04/27 17:30:34,4d06b714b7efc3d99eb3c4297d97a89ecd91ac02,1a2bc125278afea9c15d40aa36541164f13cf6cc,持卡人消费,学苑楼商务网关,-7.0,9.13,3430,正常
2016/04/27 17:46:36,4d06b714b7efc3d99eb3c4297d97a89ecd91ac02,1a2bc125278afea9c15d40aa36541164f13cf6cc,持卡人消费,超市商务子系统,-5.5,3.63,3431,正常
2016/04/29 16:26:48,4d06b714b7efc3d99eb3c4297d97a89ecd91ac02,1a2bc125278afea9c15d40aa36541164f13cf6cc,持卡人消费,15公寓浴池,-2.0,1.63,3432,正常
2016/04/29 16:58:27,4d06b714b7efc3d99eb3c4297d97a89ecd91ac02,1a2bc125278afea9c15d40aa36541164f13cf6cc,存款,现金充值机,200.0,201.63,3433,正常
2016/04/29 17:21:05,4d06b714b7efc3d99eb3c4297d97a89ecd91ac02,1a2bc125278afea9c15d40aa36541164f13cf6cc,持卡人消费,学苑楼商务网关,-7.0,194.63,3434,正常
2016/04/29 17:35:15,4d06b714b7efc3d99eb3c4297d97a89ecd91ac02,1a2bc125278afea9c15d40aa36541164f13cf6cc,持卡人消费,超市商务子系统,-5.5,189.13,3435,正常
2016/04/29 17:37:55,4d06b714b7efc3d99eb3c4297d97a89ecd91ac02,1a2bc125278afea9c15d40aa36541164f13cf6cc,持卡人消费,超市商务子系统,-8.1,181.03,3436,正常
2016/04/30 11:37:27,4d06b714b7efc3d99eb3c4297d97a89ecd91ac02,1a2bc125278afea9c15d40aa36541164f13cf6cc,持卡人消费,硕果园（工大商店）,-12.0,169.03,3437,正常
2016/04/30 11:40:39,4d06b714b7efc3d99eb3c4297d97a89ecd91ac02,1a2bc125278afea9c15d40aa36541164f13cf6cc,持卡人消费,硕果园（工大商店）,-5.0,164.03,3438,正常
2016/04/30 11:53:24,4d06b714b7efc3d99eb3c4297d97a89ecd91ac02,1a2bc125278afea9c15d40aa36541164f13cf6cc,持卡人消费,硕果园（工大商店）,-12.0,152.03,3439,正常
2016/04/30 18:12:16,4d06b714b7efc3d99eb3c4297d97a89ecd91ac02,1a2bc125278afea9c15d40aa36541164f13cf6cc,持卡人消费,硕果园（工大商店）,-10.0,142.03,3440,正常
2016/04/30 18:38:03,4d06b714b7efc3d99eb3c4297d97a89ecd91ac02,1a2bc125278afea9c15d40aa36541164f13cf6cc,持卡人消费,超市商务子系统,-5.9,136.13,3441,正常
