交易发生时间,学号,姓名,交易类型,子系统名称,交易额,现有余额,次数,状态
2016/04/05 12:09:00,7824f89443cc5806650ac6290b823b2d50170c96,1a4cc7e5bcedf29ef601b5fa1ca6c9b6590a4359,持卡人消费,硕果园（工大商店）,-10.0,108.42,3762,正常
2016/04/05 19:29:48,7824f89443cc5806650ac6290b823b2d50170c96,1a4cc7e5bcedf29ef601b5fa1ca6c9b6590a4359,持卡人消费,超市商务子系统,-10.0,98.42,3763,正常
2016/04/05 19:31:48,7824f89443cc5806650ac6290b823b2d50170c96,1a4cc7e5bcedf29ef601b5fa1ca6c9b6590a4359,持卡人消费,超市商务子系统,-3.6,94.82,3764,正常
2016/04/06 08:15:36,7824f89443cc5806650ac6290b823b2d50170c96,1a4cc7e5bcedf29ef601b5fa1ca6c9b6590a4359,持卡人消费,学士楼商务网关,-3.8,91.02,3765,正常
2016/04/06 11:22:09,7824f89443cc5806650ac6290b823b2d50170c96,1a4cc7e5bcedf29ef601b5fa1ca6c9b6590a4359,持卡人消费,硕果园（工大商店）,-9.0,82.02,3766,正常
2016/04/07 11:23:47,7824f89443cc5806650ac6290b823b2d50170c96,1a4cc7e5bcedf29ef601b5fa1ca6c9b6590a4359,持卡人消费,学子超市园丁总店,-2.0,80.02,3767,正常
2016/04/08 11:35:24,7824f89443cc5806650ac6290b823b2d50170c96,1a4cc7e5bcedf29ef601b5fa1ca6c9b6590a4359,持卡人消费,硕果园（工大商店）,-14.0,66.02,3768,正常
2016/04/08 17:40:12,7824f89443cc5806650ac6290b823b2d50170c96,1a4cc7e5bcedf29ef601b5fa1ca6c9b6590a4359,持卡人消费,学子超市园丁总店,-3.2,62.82,3769,正常
2016/04/09 08:28:20,7824f89443cc5806650ac6290b823b2d50170c96,1a4cc7e5bcedf29ef601b5fa1ca6c9b6590a4359,持卡人消费,学士楼商务网关,-1.9,60.92,3770,正常
2016/04/09 17:58:07,7824f89443cc5806650ac6290b823b2d50170c96,1a4cc7e5bcedf29ef601b5fa1ca6c9b6590a4359,持卡人消费,硕果园（工大商店）,-5.0,55.92,3771,正常
2016/04/09 17:59:41,7824f89443cc5806650ac6290b823b2d50170c96,1a4cc7e5bcedf29ef601b5fa1ca6c9b6590a4359,持卡人消费,硕果园（工大商店）,-5.0,50.92,3772,正常
2016/04/10 11:23:49,7824f89443cc5806650ac6290b823b2d50170c96,1a4cc7e5bcedf29ef601b5fa1ca6c9b6590a4359,持卡人消费,硕果园（工大商店）,-12.0,38.92,3773,正常
2016/04/10 18:21:35,7824f89443cc5806650ac6290b823b2d50170c96,1a4cc7e5bcedf29ef601b5fa1ca6c9b6590a4359,持卡人消费,超市商务子系统,-4.5,34.42,3774,正常
2016/04/10 18:32:01,7824f89443cc5806650ac6290b823b2d50170c96,1a4cc7e5bcedf29ef601b5fa1ca6c9b6590a4359,持卡人消费,超市商务子系统,-20.6,13.82,3775,正常
2016/04/11 15:25:19,7824f89443cc5806650ac6290b823b2d50170c96,1a4cc7e5bcedf29ef601b5fa1ca6c9b6590a4359,存款,现金充值机,200.0,213.82,3776,正常
2016/04/12 07:51:05,7824f89443cc5806650ac6290b823b2d50170c96,1a4cc7e5bcedf29ef601b5fa1ca6c9b6590a4359,持卡人消费,学士楼商务网关,-1.8,212.02,3777,正常
2016/04/12 10:56:59,7824f89443cc5806650ac6290b823b2d50170c96,1a4cc7e5bcedf29ef601b5fa1ca6c9b6590a4359,持卡人消费,硕果园（工大商店）,-10.0,202.02,3778,正常
2016/04/12 15:02:07,7824f89443cc5806650ac6290b823b2d50170c96,1a4cc7e5bcedf29ef601b5fa1ca6c9b6590a4359,持卡人消费,15公寓浴池,-2.0,200.02,3779,正常
2016/04/12 15:07:13,7824f89443cc5806650ac6290b823b2d50170c96,1a4cc7e5bcedf29ef601b5fa1ca6c9b6590a4359,持卡人消费,15公寓浴池,-0.93,199.09,3781,正常
2016/04/12 15:11:34,7824f89443cc5806650ac6290b823b2d50170c96,1a4cc7e5bcedf29ef601b5fa1ca6c9b6590a4359,持卡人消费,15公寓浴池,-0.42,198.67,3783,正常
2016/04/12 17:07:38,7824f89443cc5806650ac6290b823b2d50170c96,1a4cc7e5bcedf29ef601b5fa1ca6c9b6590a4359,持卡人消费,学子超市园丁总店,-9.8,188.87,3784,正常
2016/04/13 11:17:22,7824f89443cc5806650ac6290b823b2d50170c96,1a4cc7e5bcedf29ef601b5fa1ca6c9b6590a4359,持卡人消费,学苑楼商务网关,-7.0,181.87,3785,正常
2016/04/13 11:49:18,7824f89443cc5806650ac6290b823b2d50170c96,1a4cc7e5bcedf29ef601b5fa1ca6c9b6590a4359,持卡人消费,学苑楼商务网关,-9.0,172.87,3786,正常
2016/04/13 11:52:58,7824f89443cc5806650ac6290b823b2d50170c96,1a4cc7e5bcedf29ef601b5fa1ca6c9b6590a4359,持卡人消费,超市商务子系统,-16.5,156.37,3787,正常
2016/04/13 11:53:10,7824f89443cc5806650ac6290b823b2d50170c96,1a4cc7e5bcedf29ef601b5fa1ca6c9b6590a4359,持卡人消费,超市商务子系统,-0.5,155.87,3788,正常
2016/04/13 11:56:36,7824f89443cc5806650ac6290b823b2d50170c96,1a4cc7e5bcedf29ef601b5fa1ca6c9b6590a4359,持卡人消费,超市商务子系统,-8.5,147.37,3789,正常
2016/04/13 12:04:21,7824f89443cc5806650ac6290b823b2d50170c96,1a4cc7e5bcedf29ef601b5fa1ca6c9b6590a4359,持卡人消费,超市商务子系统,-13.8,133.57,3790,正常
2016/04/13 16:20:39,7824f89443cc5806650ac6290b823b2d50170c96,1a4cc7e5bcedf29ef601b5fa1ca6c9b6590a4359,持卡人消费,学子超市园丁总店,-1.6,131.97,3791,正常
2016/04/14 11:12:48,7824f89443cc5806650ac6290b823b2d50170c96,1a4cc7e5bcedf29ef601b5fa1ca6c9b6590a4359,持卡人消费,硕果园（工大商店）,-9.0,122.97,3792,正常
2016/04/14 11:13:04,7824f89443cc5806650ac6290b823b2d50170c96,1a4cc7e5bcedf29ef601b5fa1ca6c9b6590a4359,持卡人消费,硕果园（工大商店）,-10.0,112.97,3793,正常
2016/04/15 10:56:32,7824f89443cc5806650ac6290b823b2d50170c96,1a4cc7e5bcedf29ef601b5fa1ca6c9b6590a4359,持卡人消费,学子楼商务网关,-4.8,108.17,3794,正常
2016/04/18 12:38:34,7824f89443cc5806650ac6290b823b2d50170c96,1a4cc7e5bcedf29ef601b5fa1ca6c9b6590a4359,持卡人消费,网络中心,-30.0,78.17,3795,正常
2016/04/18 16:55:13,7824f89443cc5806650ac6290b823b2d50170c96,1a4cc7e5bcedf29ef601b5fa1ca6c9b6590a4359,持卡人消费,硕果园（工大商店）,-7.0,71.17,3796,正常
2016/04/20 13:47:23,7824f89443cc5806650ac6290b823b2d50170c96,1a4cc7e5bcedf29ef601b5fa1ca6c9b6590a4359,持卡人消费,15公寓浴池,-2.0,69.17,3797,正常
2016/04/20 13:49:41,7824f89443cc5806650ac6290b823b2d50170c96,1a4cc7e5bcedf29ef601b5fa1ca6c9b6590a4359,持卡人消费,15公寓浴池,-0.29,68.88,3799,正常
2016/04/20 13:53:44,7824f89443cc5806650ac6290b823b2d50170c96,1a4cc7e5bcedf29ef601b5fa1ca6c9b6590a4359,持卡人消费,15公寓浴池,-0.48,68.40,3801,正常
2016/04/20 17:36:08,7824f89443cc5806650ac6290b823b2d50170c96,1a4cc7e5bcedf29ef601b5fa1ca6c9b6590a4359,持卡人消费,硕果园（工大商店）,-5.0,63.40,3802,正常
2016/04/23 17:10:40,7824f89443cc5806650ac6290b823b2d50170c96,1a4cc7e5bcedf29ef601b5fa1ca6c9b6590a4359,持卡人消费,超市商务子系统,-9.1,54.30,3803,正常
2016/04/23 17:27:20,7824f89443cc5806650ac6290b823b2d50170c96,1a4cc7e5bcedf29ef601b5fa1ca6c9b6590a4359,持卡人消费,超市商务子系统,-2.2,52.10,3804,正常
2016/04/23 17:29:09,7824f89443cc5806650ac6290b823b2d50170c96,1a4cc7e5bcedf29ef601b5fa1ca6c9b6590a4359,持卡人消费,超市商务子系统,-15.5,36.60,3805,正常
2016/04/26 12:16:29,7824f89443cc5806650ac6290b823b2d50170c96,1a4cc7e5bcedf29ef601b5fa1ca6c9b6590a4359,持卡人消费,硕果园（工大商店）,-14.0,22.60,3806,正常
2016/04/27 11:30:10,7824f89443cc5806650ac6290b823b2d50170c96,1a4cc7e5bcedf29ef601b5fa1ca6c9b6590a4359,持卡人消费,硕果园（工大商店）,-12.0,10.60,3807,正常
2016/04/29 20:18:13,7824f89443cc5806650ac6290b823b2d50170c96,1a4cc7e5bcedf29ef601b5fa1ca6c9b6590a4359,持卡人消费,15公寓浴池,-2.0,8.60,3808,正常
2016/04/29 20:21:19,7824f89443cc5806650ac6290b823b2d50170c96,1a4cc7e5bcedf29ef601b5fa1ca6c9b6590a4359,持卡人消费,15公寓浴池,-0.29,8.31,3810,正常
2016/04/29 20:26:24,7824f89443cc5806650ac6290b823b2d50170c96,1a4cc7e5bcedf29ef601b5fa1ca6c9b6590a4359,持卡人消费,15公寓浴池,-0.58,7.73,3812,正常
