交易发生时间,学号,姓名,交易类型,子系统名称,交易额,现有余额,次数,状态
2016/04/01 07:25:25,7b7a39d2f967d7417cf13622eacbb07e34ab6ac9,1a4fe7ff1cfba97a66365c910135f2104ea9c397,存款,现金充值机,100.0,102.00,3105,正常
2016/04/01 07:27:15,7b7a39d2f967d7417cf13622eacbb07e34ab6ac9,1a4fe7ff1cfba97a66365c910135f2104ea9c397,持卡人消费,五食堂商务网关,-5.0,97.00,3106,正常
2016/04/04 11:15:33,7b7a39d2f967d7417cf13622eacbb07e34ab6ac9,1a4fe7ff1cfba97a66365c910135f2104ea9c397,持卡人消费,五食堂商务网关,-6.0,91.00,3107,正常
2016/04/04 17:11:52,7b7a39d2f967d7417cf13622eacbb07e34ab6ac9,1a4fe7ff1cfba97a66365c910135f2104ea9c397,持卡人消费,五食堂商务网关,-8.0,83.00,3108,正常
2016/04/05 11:08:58,7b7a39d2f967d7417cf13622eacbb07e34ab6ac9,1a4fe7ff1cfba97a66365c910135f2104ea9c397,持卡人消费,九食堂商务网关,-8.0,75.00,3109,正常
2016/04/05 17:19:44,7b7a39d2f967d7417cf13622eacbb07e34ab6ac9,1a4fe7ff1cfba97a66365c910135f2104ea9c397,持卡人消费,九食堂商务网关,-8.0,67.00,3110,正常
2016/04/05 18:16:28,7b7a39d2f967d7417cf13622eacbb07e34ab6ac9,1a4fe7ff1cfba97a66365c910135f2104ea9c397,持卡人消费,二区水控,-0.83,66.17,3112,正常
2016/04/06 10:52:18,7b7a39d2f967d7417cf13622eacbb07e34ab6ac9,1a4fe7ff1cfba97a66365c910135f2104ea9c397,持卡人消费,五食堂商务网关,-6.5,59.67,3113,正常
2016/04/07 11:42:35,7b7a39d2f967d7417cf13622eacbb07e34ab6ac9,1a4fe7ff1cfba97a66365c910135f2104ea9c397,持卡人消费,五食堂商务网关,-8.0,51.67,3114,正常
2016/04/07 17:10:57,7b7a39d2f967d7417cf13622eacbb07e34ab6ac9,1a4fe7ff1cfba97a66365c910135f2104ea9c397,持卡人消费,五食堂商务网关,-5.0,46.67,3115,正常
2016/04/08 11:15:14,7b7a39d2f967d7417cf13622eacbb07e34ab6ac9,1a4fe7ff1cfba97a66365c910135f2104ea9c397,持卡人消费,五食堂商务网关,-5.0,41.67,3116,正常
2016/04/08 17:08:53,7b7a39d2f967d7417cf13622eacbb07e34ab6ac9,1a4fe7ff1cfba97a66365c910135f2104ea9c397,持卡人消费,九食堂商务网关,-5.0,36.67,3117,正常
2016/04/08 17:09:52,7b7a39d2f967d7417cf13622eacbb07e34ab6ac9,1a4fe7ff1cfba97a66365c910135f2104ea9c397,持卡人消费,九食堂商务网关,-1.5,35.17,3118,正常
2016/04/09 12:19:54,7b7a39d2f967d7417cf13622eacbb07e34ab6ac9,1a4fe7ff1cfba97a66365c910135f2104ea9c397,持卡人消费,九食堂商务网关,-8.0,27.17,3119,正常
2016/04/09 16:48:42,7b7a39d2f967d7417cf13622eacbb07e34ab6ac9,1a4fe7ff1cfba97a66365c910135f2104ea9c397,持卡人消费,五食堂商务网关,-8.0,19.17,3120,正常
2016/04/10 12:10:31,7b7a39d2f967d7417cf13622eacbb07e34ab6ac9,1a4fe7ff1cfba97a66365c910135f2104ea9c397,持卡人消费,九食堂商务网关,-9.0,10.17,3121,正常
2016/04/10 12:10:37,7b7a39d2f967d7417cf13622eacbb07e34ab6ac9,1a4fe7ff1cfba97a66365c910135f2104ea9c397,持卡人消费,九食堂商务网关,-9.0,1.17,3122,正常
2016/04/10 17:50:36,7b7a39d2f967d7417cf13622eacbb07e34ab6ac9,1a4fe7ff1cfba97a66365c910135f2104ea9c397,存款,现金充值机,100.0,101.17,3123,正常
2016/04/10 17:52:30,7b7a39d2f967d7417cf13622eacbb07e34ab6ac9,1a4fe7ff1cfba97a66365c910135f2104ea9c397,持卡人消费,五食堂商务网关,-2.0,99.17,3124,正常
2016/04/10 17:53:06,7b7a39d2f967d7417cf13622eacbb07e34ab6ac9,1a4fe7ff1cfba97a66365c910135f2104ea9c397,持卡人消费,五食堂商务网关,-2.0,97.17,3125,正常
2016/04/10 21:16:45,7b7a39d2f967d7417cf13622eacbb07e34ab6ac9,1a4fe7ff1cfba97a66365c910135f2104ea9c397,持卡人消费,学子便利店B07,-4.0,93.17,3126,正常
2016/04/11 11:13:18,7b7a39d2f967d7417cf13622eacbb07e34ab6ac9,1a4fe7ff1cfba97a66365c910135f2104ea9c397,持卡人消费,九食堂商务网关,-9.0,84.17,3127,正常
2016/04/11 17:32:55,7b7a39d2f967d7417cf13622eacbb07e34ab6ac9,1a4fe7ff1cfba97a66365c910135f2104ea9c397,持卡人消费,五食堂商务网关,-8.0,76.17,3128,正常
2016/04/12 11:53:23,7b7a39d2f967d7417cf13622eacbb07e34ab6ac9,1a4fe7ff1cfba97a66365c910135f2104ea9c397,持卡人消费,五食堂商务网关,-8.0,68.17,3129,正常
2016/04/12 17:17:32,7b7a39d2f967d7417cf13622eacbb07e34ab6ac9,1a4fe7ff1cfba97a66365c910135f2104ea9c397,持卡人消费,五食堂商务网关,-5.0,63.17,3130,正常
2016/04/12 17:25:53,7b7a39d2f967d7417cf13622eacbb07e34ab6ac9,1a4fe7ff1cfba97a66365c910135f2104ea9c397,持卡人消费,五食堂商务网关,-8.0,55.17,3131,正常
2016/04/12 18:52:10,7b7a39d2f967d7417cf13622eacbb07e34ab6ac9,1a4fe7ff1cfba97a66365c910135f2104ea9c397,持卡人消费,二区水控,-1.71,53.46,3133,正常
2016/04/13 11:12:41,7b7a39d2f967d7417cf13622eacbb07e34ab6ac9,1a4fe7ff1cfba97a66365c910135f2104ea9c397,持卡人消费,五食堂商务网关,-6.0,47.46,3134,正常
2016/04/13 17:07:26,7b7a39d2f967d7417cf13622eacbb07e34ab6ac9,1a4fe7ff1cfba97a66365c910135f2104ea9c397,持卡人消费,九食堂商务网关,-8.0,39.46,3135,正常
2016/04/13 17:23:28,7b7a39d2f967d7417cf13622eacbb07e34ab6ac9,1a4fe7ff1cfba97a66365c910135f2104ea9c397,持卡人消费,九食堂商务网关,-4.6,34.86,3136,正常
2016/04/14 11:31:43,7b7a39d2f967d7417cf13622eacbb07e34ab6ac9,1a4fe7ff1cfba97a66365c910135f2104ea9c397,持卡人消费,五食堂商务网关,-5.0,29.86,3137,正常
2016/04/14 17:38:28,7b7a39d2f967d7417cf13622eacbb07e34ab6ac9,1a4fe7ff1cfba97a66365c910135f2104ea9c397,持卡人消费,九食堂商务网关,-8.0,21.86,3138,正常
2016/04/14 17:52:57,7b7a39d2f967d7417cf13622eacbb07e34ab6ac9,1a4fe7ff1cfba97a66365c910135f2104ea9c397,持卡人消费,九食堂商务网关,-3.0,18.86,3139,正常
2016/04/15 11:24:06,7b7a39d2f967d7417cf13622eacbb07e34ab6ac9,1a4fe7ff1cfba97a66365c910135f2104ea9c397,存款,现金充值机,100.0,118.86,3140,正常
2016/04/15 11:24:39,7b7a39d2f967d7417cf13622eacbb07e34ab6ac9,1a4fe7ff1cfba97a66365c910135f2104ea9c397,持卡人消费,五食堂商务网关,-6.0,112.86,3141,正常
2016/04/15 18:07:04,7b7a39d2f967d7417cf13622eacbb07e34ab6ac9,1a4fe7ff1cfba97a66365c910135f2104ea9c397,持卡人消费,五食堂商务网关,-0.8,112.06,3142,正常
2016/04/16 12:11:17,7b7a39d2f967d7417cf13622eacbb07e34ab6ac9,1a4fe7ff1cfba97a66365c910135f2104ea9c397,持卡人消费,四食堂商务网关,-8.0,104.06,3143,正常
2016/04/16 17:00:27,7b7a39d2f967d7417cf13622eacbb07e34ab6ac9,1a4fe7ff1cfba97a66365c910135f2104ea9c397,持卡人消费,九食堂商务网关,-9.0,95.06,3144,正常
2016/04/17 11:50:36,7b7a39d2f967d7417cf13622eacbb07e34ab6ac9,1a4fe7ff1cfba97a66365c910135f2104ea9c397,持卡人消费,五食堂商务网关,-5.0,90.06,3145,正常
2016/04/17 12:01:05,7b7a39d2f967d7417cf13622eacbb07e34ab6ac9,1a4fe7ff1cfba97a66365c910135f2104ea9c397,持卡人消费,五食堂商务网关,-6.0,84.06,3146,正常
2016/04/17 17:28:17,7b7a39d2f967d7417cf13622eacbb07e34ab6ac9,1a4fe7ff1cfba97a66365c910135f2104ea9c397,持卡人消费,四食堂商务网关,-9.31,74.75,3147,正常
2016/04/17 21:11:20,7b7a39d2f967d7417cf13622eacbb07e34ab6ac9,1a4fe7ff1cfba97a66365c910135f2104ea9c397,持卡人消费,学子便利店B07,-3.5,71.25,3148,正常
2016/04/18 12:05:29,7b7a39d2f967d7417cf13622eacbb07e34ab6ac9,1a4fe7ff1cfba97a66365c910135f2104ea9c397,持卡人消费,四食堂商务网关,-6.4,64.85,3149,正常
2016/04/18 12:12:25,7b7a39d2f967d7417cf13622eacbb07e34ab6ac9,1a4fe7ff1cfba97a66365c910135f2104ea9c397,持卡人消费,四食堂商务网关,-4.0,60.85,3150,正常
2016/04/18 17:41:11,7b7a39d2f967d7417cf13622eacbb07e34ab6ac9,1a4fe7ff1cfba97a66365c910135f2104ea9c397,持卡人消费,九食堂商务网关,-10.0,50.85,3151,正常
2016/04/19 10:52:29,7b7a39d2f967d7417cf13622eacbb07e34ab6ac9,1a4fe7ff1cfba97a66365c910135f2104ea9c397,持卡人消费,九食堂商务网关,-8.0,42.85,3152,正常
2016/04/19 17:13:06,7b7a39d2f967d7417cf13622eacbb07e34ab6ac9,1a4fe7ff1cfba97a66365c910135f2104ea9c397,持卡人消费,四食堂商务网关,-6.4,36.45,3153,正常
2016/04/19 19:13:38,7b7a39d2f967d7417cf13622eacbb07e34ab6ac9,1a4fe7ff1cfba97a66365c910135f2104ea9c397,持卡人消费,二区水控,-2.1,34.35,3155,正常
2016/04/20 11:33:39,7b7a39d2f967d7417cf13622eacbb07e34ab6ac9,1a4fe7ff1cfba97a66365c910135f2104ea9c397,持卡人消费,五食堂商务网关,-5.0,29.35,3156,正常
2016/04/20 17:35:17,7b7a39d2f967d7417cf13622eacbb07e34ab6ac9,1a4fe7ff1cfba97a66365c910135f2104ea9c397,持卡人消费,九食堂商务网关,-9.0,20.35,3157,正常
2016/04/21 11:45:08,7b7a39d2f967d7417cf13622eacbb07e34ab6ac9,1a4fe7ff1cfba97a66365c910135f2104ea9c397,持卡人消费,九食堂商务网关,-8.0,12.35,3158,正常
2016/04/21 12:00:46,7b7a39d2f967d7417cf13622eacbb07e34ab6ac9,1a4fe7ff1cfba97a66365c910135f2104ea9c397,持卡人消费,九食堂商务网关,-7.0,5.35,3159,正常
2016/04/21 18:00:35,7b7a39d2f967d7417cf13622eacbb07e34ab6ac9,1a4fe7ff1cfba97a66365c910135f2104ea9c397,持卡人消费,四食堂商务网关,-5.2,0.15,3160,正常
2016/04/22 11:15:39,7b7a39d2f967d7417cf13622eacbb07e34ab6ac9,1a4fe7ff1cfba97a66365c910135f2104ea9c397,存款,现金充值机,100.0,100.15,3161,正常
2016/04/22 11:48:06,7b7a39d2f967d7417cf13622eacbb07e34ab6ac9,1a4fe7ff1cfba97a66365c910135f2104ea9c397,持卡人消费,九食堂商务网关,-5.1,95.05,3162,正常
2016/04/22 17:06:20,7b7a39d2f967d7417cf13622eacbb07e34ab6ac9,1a4fe7ff1cfba97a66365c910135f2104ea9c397,持卡人消费,二区水控,-2.08,92.97,3164,正常
2016/04/23 11:27:23,7b7a39d2f967d7417cf13622eacbb07e34ab6ac9,1a4fe7ff1cfba97a66365c910135f2104ea9c397,持卡人消费,九食堂商务网关,-2.0,90.97,3165,正常
2016/04/23 11:28:24,7b7a39d2f967d7417cf13622eacbb07e34ab6ac9,1a4fe7ff1cfba97a66365c910135f2104ea9c397,持卡人消费,九食堂商务网关,-1.0,89.97,3166,正常
2016/04/23 11:29:24,7b7a39d2f967d7417cf13622eacbb07e34ab6ac9,1a4fe7ff1cfba97a66365c910135f2104ea9c397,持卡人消费,九食堂商务网关,-2.5,87.47,3167,正常
2016/04/23 11:38:06,7b7a39d2f967d7417cf13622eacbb07e34ab6ac9,1a4fe7ff1cfba97a66365c910135f2104ea9c397,持卡人消费,九食堂商务网关,-7.0,80.47,3168,正常
2016/04/23 16:23:53,7b7a39d2f967d7417cf13622eacbb07e34ab6ac9,1a4fe7ff1cfba97a66365c910135f2104ea9c397,持卡人消费,四食堂商务网关,-6.4,74.07,3169,正常
2016/04/23 16:33:39,7b7a39d2f967d7417cf13622eacbb07e34ab6ac9,1a4fe7ff1cfba97a66365c910135f2104ea9c397,持卡人消费,四食堂商务网关,-1.2,72.87,3170,正常
