交易发生时间,学号,姓名,交易类型,子系统名称,交易额,现有余额,次数,状态
2016/04/08 11:14:55,de8ce62f31aadc9084c4ebecad3a9c41ca26438f,1a50b32b9048b0880c06f819fec9d84d43761b96,持卡人消费,学士楼商务网关,-2.5,20.98,3935,正常
2016/04/08 11:16:04,de8ce62f31aadc9084c4ebecad3a9c41ca26438f,1a50b32b9048b0880c06f819fec9d84d43761b96,持卡人消费,学士楼商务网关,-2.0,18.98,3936,正常
2016/04/08 17:07:46,de8ce62f31aadc9084c4ebecad3a9c41ca26438f,1a50b32b9048b0880c06f819fec9d84d43761b96,持卡人消费,学士楼商务网关,-3.2,15.78,3937,正常
2016/04/08 17:08:39,de8ce62f31aadc9084c4ebecad3a9c41ca26438f,1a50b32b9048b0880c06f819fec9d84d43761b96,持卡人消费,学士楼商务网关,-0.5,15.28,3938,正常
2016/04/08 17:09:12,de8ce62f31aadc9084c4ebecad3a9c41ca26438f,1a50b32b9048b0880c06f819fec9d84d43761b96,持卡人消费,学士楼商务网关,-2.0,13.28,3939,正常
2016/04/09 07:53:54,de8ce62f31aadc9084c4ebecad3a9c41ca26438f,1a50b32b9048b0880c06f819fec9d84d43761b96,存款,卡中心综合业务,100.0,113.28,3940,正常
2016/04/09 07:54:41,de8ce62f31aadc9084c4ebecad3a9c41ca26438f,1a50b32b9048b0880c06f819fec9d84d43761b96,持卡人消费,学苑楼商务网关,-2.5,110.78,3941,正常
2016/04/09 08:08:02,de8ce62f31aadc9084c4ebecad3a9c41ca26438f,1a50b32b9048b0880c06f819fec9d84d43761b96,持卡人消费,学苑楼商务网关,-2.0,108.78,3942,正常
2016/04/09 11:30:55,de8ce62f31aadc9084c4ebecad3a9c41ca26438f,1a50b32b9048b0880c06f819fec9d84d43761b96,持卡人消费,学士楼商务网关,-15.0,93.78,3943,正常
2016/04/09 13:52:02,de8ce62f31aadc9084c4ebecad3a9c41ca26438f,1a50b32b9048b0880c06f819fec9d84d43761b96,持卡人消费,学子超市园丁总店,-1.8,91.98,3944,正常
2016/04/09 17:08:15,de8ce62f31aadc9084c4ebecad3a9c41ca26438f,1a50b32b9048b0880c06f819fec9d84d43761b96,持卡人消费,学士楼商务网关,-1.5,90.48,3945,正常
2016/04/09 17:08:55,de8ce62f31aadc9084c4ebecad3a9c41ca26438f,1a50b32b9048b0880c06f819fec9d84d43761b96,持卡人消费,学士楼商务网关,-3.0,87.48,3946,正常
2016/04/09 17:09:19,de8ce62f31aadc9084c4ebecad3a9c41ca26438f,1a50b32b9048b0880c06f819fec9d84d43761b96,持卡人消费,学士楼商务网关,-2.0,85.48,3947,正常
2016/04/10 08:10:57,de8ce62f31aadc9084c4ebecad3a9c41ca26438f,1a50b32b9048b0880c06f819fec9d84d43761b96,持卡人消费,学士楼商务网关,-2.8,82.68,3948,正常
2016/04/10 08:11:45,de8ce62f31aadc9084c4ebecad3a9c41ca26438f,1a50b32b9048b0880c06f819fec9d84d43761b96,持卡人消费,学士楼商务网关,-2.0,80.68,3949,正常
2016/04/10 11:14:19,de8ce62f31aadc9084c4ebecad3a9c41ca26438f,1a50b32b9048b0880c06f819fec9d84d43761b96,持卡人消费,学苑楼商务网关,-9.0,71.68,3950,正常
2016/04/11 08:23:31,de8ce62f31aadc9084c4ebecad3a9c41ca26438f,1a50b32b9048b0880c06f819fec9d84d43761b96,持卡人消费,学苑楼商务网关,-2.7,68.98,3951,正常
2016/04/11 08:24:31,de8ce62f31aadc9084c4ebecad3a9c41ca26438f,1a50b32b9048b0880c06f819fec9d84d43761b96,持卡人消费,学苑楼商务网关,-3.0,65.98,3952,正常
2016/04/11 11:15:11,de8ce62f31aadc9084c4ebecad3a9c41ca26438f,1a50b32b9048b0880c06f819fec9d84d43761b96,持卡人消费,学士楼商务网关,-5.0,60.98,3953,正常
2016/04/11 11:15:56,de8ce62f31aadc9084c4ebecad3a9c41ca26438f,1a50b32b9048b0880c06f819fec9d84d43761b96,持卡人消费,学士楼商务网关,-2.66,58.32,3954,正常
2016/04/11 11:16:45,de8ce62f31aadc9084c4ebecad3a9c41ca26438f,1a50b32b9048b0880c06f819fec9d84d43761b96,持卡人消费,学士楼商务网关,-2.0,56.32,3955,正常
2016/04/11 11:18:01,de8ce62f31aadc9084c4ebecad3a9c41ca26438f,1a50b32b9048b0880c06f819fec9d84d43761b96,持卡人消费,学士楼商务网关,-2.0,54.32,3956,正常
2016/04/11 19:02:01,de8ce62f31aadc9084c4ebecad3a9c41ca26438f,1a50b32b9048b0880c06f819fec9d84d43761b96,持卡人消费,超市商务子系统,-10.9,43.42,3957,正常
2016/04/12 08:09:17,de8ce62f31aadc9084c4ebecad3a9c41ca26438f,1a50b32b9048b0880c06f819fec9d84d43761b96,持卡人消费,学苑楼商务网关,-2.2,41.22,3958,正常
2016/04/12 10:58:23,de8ce62f31aadc9084c4ebecad3a9c41ca26438f,1a50b32b9048b0880c06f819fec9d84d43761b96,存款,现金充值机,100.0,141.22,3959,正常
2016/04/12 11:21:13,de8ce62f31aadc9084c4ebecad3a9c41ca26438f,1a50b32b9048b0880c06f819fec9d84d43761b96,持卡人消费,学苑楼商务网关,-5.0,136.22,3960,正常
2016/04/12 11:22:16,de8ce62f31aadc9084c4ebecad3a9c41ca26438f,1a50b32b9048b0880c06f819fec9d84d43761b96,持卡人消费,学苑楼商务网关,-3.0,133.22,3961,正常
2016/04/12 11:22:59,de8ce62f31aadc9084c4ebecad3a9c41ca26438f,1a50b32b9048b0880c06f819fec9d84d43761b96,持卡人消费,学苑楼商务网关,-2.0,131.22,3962,正常
2016/04/12 17:13:44,de8ce62f31aadc9084c4ebecad3a9c41ca26438f,1a50b32b9048b0880c06f819fec9d84d43761b96,持卡人消费,学士楼商务网关,-4.0,127.22,3963,正常
2016/04/12 17:14:57,de8ce62f31aadc9084c4ebecad3a9c41ca26438f,1a50b32b9048b0880c06f819fec9d84d43761b96,持卡人消费,学士楼商务网关,-0.5,126.72,3964,正常
2016/04/12 17:17:05,de8ce62f31aadc9084c4ebecad3a9c41ca26438f,1a50b32b9048b0880c06f819fec9d84d43761b96,持卡人消费,学士楼商务网关,-2.5,124.22,3965,正常
2016/04/12 17:17:44,de8ce62f31aadc9084c4ebecad3a9c41ca26438f,1a50b32b9048b0880c06f819fec9d84d43761b96,持卡人消费,学士楼商务网关,-0.8,123.42,3966,正常
2016/04/12 18:55:20,de8ce62f31aadc9084c4ebecad3a9c41ca26438f,1a50b32b9048b0880c06f819fec9d84d43761b96,持卡人消费,硕果园（工大商店）,-7.6,115.82,3967,正常
2016/04/13 08:00:04,de8ce62f31aadc9084c4ebecad3a9c41ca26438f,1a50b32b9048b0880c06f819fec9d84d43761b96,持卡人消费,学士楼商务网关,-3.2,112.62,3968,正常
2016/04/13 11:22:29,de8ce62f31aadc9084c4ebecad3a9c41ca26438f,1a50b32b9048b0880c06f819fec9d84d43761b96,持卡人消费,学士楼商务网关,-5.0,107.62,3969,正常
2016/04/13 11:23:05,de8ce62f31aadc9084c4ebecad3a9c41ca26438f,1a50b32b9048b0880c06f819fec9d84d43761b96,持卡人消费,学士楼商务网关,-2.0,105.62,3970,正常
2016/04/13 11:24:45,de8ce62f31aadc9084c4ebecad3a9c41ca26438f,1a50b32b9048b0880c06f819fec9d84d43761b96,持卡人消费,学士楼商务网关,-3.0,102.62,3971,正常
2016/04/13 11:25:11,de8ce62f31aadc9084c4ebecad3a9c41ca26438f,1a50b32b9048b0880c06f819fec9d84d43761b96,持卡人消费,学士楼商务网关,-1.8,100.82,3972,正常
2016/04/13 17:14:33,de8ce62f31aadc9084c4ebecad3a9c41ca26438f,1a50b32b9048b0880c06f819fec9d84d43761b96,持卡人消费,学士楼商务网关,-2.0,98.82,3973,正常
2016/04/13 17:16:10,de8ce62f31aadc9084c4ebecad3a9c41ca26438f,1a50b32b9048b0880c06f819fec9d84d43761b96,持卡人消费,学士楼商务网关,-3.0,95.82,3974,正常
2016/04/13 17:16:41,de8ce62f31aadc9084c4ebecad3a9c41ca26438f,1a50b32b9048b0880c06f819fec9d84d43761b96,持卡人消费,学士楼商务网关,-2.0,93.82,3975,正常
2016/04/14 07:58:30,de8ce62f31aadc9084c4ebecad3a9c41ca26438f,1a50b32b9048b0880c06f819fec9d84d43761b96,持卡人消费,学苑楼商务网关,-1.5,92.32,3976,正常
2016/04/14 07:59:20,de8ce62f31aadc9084c4ebecad3a9c41ca26438f,1a50b32b9048b0880c06f819fec9d84d43761b96,持卡人消费,学苑楼商务网关,-1.0,91.32,3977,正常
2016/04/14 08:00:05,de8ce62f31aadc9084c4ebecad3a9c41ca26438f,1a50b32b9048b0880c06f819fec9d84d43761b96,持卡人消费,学苑楼商务网关,-3.5,87.82,3978,正常
2016/04/14 11:13:08,de8ce62f31aadc9084c4ebecad3a9c41ca26438f,1a50b32b9048b0880c06f819fec9d84d43761b96,持卡人消费,学士楼商务网关,-9.5,78.32,3979,正常
2016/04/14 20:04:47,de8ce62f31aadc9084c4ebecad3a9c41ca26438f,1a50b32b9048b0880c06f819fec9d84d43761b96,持卡人消费,硕果园（工大商店）,-8.7,69.62,3980,正常
2016/04/15 10:56:05,de8ce62f31aadc9084c4ebecad3a9c41ca26438f,1a50b32b9048b0880c06f819fec9d84d43761b96,持卡人消费,学士楼商务网关,-2.5,67.12,3981,正常
2016/04/15 10:57:29,de8ce62f31aadc9084c4ebecad3a9c41ca26438f,1a50b32b9048b0880c06f819fec9d84d43761b96,持卡人消费,学士楼商务网关,-2.0,65.12,3982,正常
2016/04/16 11:08:07,de8ce62f31aadc9084c4ebecad3a9c41ca26438f,1a50b32b9048b0880c06f819fec9d84d43761b96,持卡人消费,学士楼商务网关,-2.5,56.02,3985,正常
2016/04/16 13:55:30,de8ce62f31aadc9084c4ebecad3a9c41ca26438f,1a50b32b9048b0880c06f819fec9d84d43761b96,持卡人消费,学子超市园丁总店,-1.8,54.22,3986,正常
2016/04/17 11:20:07,de8ce62f31aadc9084c4ebecad3a9c41ca26438f,1a50b32b9048b0880c06f819fec9d84d43761b96,持卡人消费,学苑楼商务网关,-6.0,48.22,3987,正常
2016/04/17 11:22:13,de8ce62f31aadc9084c4ebecad3a9c41ca26438f,1a50b32b9048b0880c06f819fec9d84d43761b96,持卡人消费,学苑楼商务网关,-3.0,45.22,3988,正常
2016/04/17 11:22:43,de8ce62f31aadc9084c4ebecad3a9c41ca26438f,1a50b32b9048b0880c06f819fec9d84d43761b96,持卡人消费,学苑楼商务网关,-1.5,43.72,3989,正常
2016/04/17 18:31:30,de8ce62f31aadc9084c4ebecad3a9c41ca26438f,1a50b32b9048b0880c06f819fec9d84d43761b96,持卡人消费,学子超市园丁总店,-3.4,40.32,3990,正常
2016/04/17 18:32:00,de8ce62f31aadc9084c4ebecad3a9c41ca26438f,1a50b32b9048b0880c06f819fec9d84d43761b96,持卡人消费,学子超市园丁总店,-3.4,36.92,3991,正常
2016/04/18 08:36:33,de8ce62f31aadc9084c4ebecad3a9c41ca26438f,1a50b32b9048b0880c06f819fec9d84d43761b96,持卡人消费,学士楼商务网关,-2.9,34.02,3992,正常
2016/04/18 11:13:38,de8ce62f31aadc9084c4ebecad3a9c41ca26438f,1a50b32b9048b0880c06f819fec9d84d43761b96,持卡人消费,学士楼商务网关,-1.2,32.82,3993,正常
2016/04/18 11:14:29,de8ce62f31aadc9084c4ebecad3a9c41ca26438f,1a50b32b9048b0880c06f819fec9d84d43761b96,持卡人消费,学士楼商务网关,-5.0,27.82,3994,正常
2016/04/18 11:14:48,de8ce62f31aadc9084c4ebecad3a9c41ca26438f,1a50b32b9048b0880c06f819fec9d84d43761b96,持卡人消费,学士楼商务网关,-2.0,25.82,3995,正常
2016/04/18 17:00:41,de8ce62f31aadc9084c4ebecad3a9c41ca26438f,1a50b32b9048b0880c06f819fec9d84d43761b96,持卡人消费,学士楼商务网关,-3.5,22.32,3996,正常
2016/04/18 17:02:17,de8ce62f31aadc9084c4ebecad3a9c41ca26438f,1a50b32b9048b0880c06f819fec9d84d43761b96,持卡人消费,学士楼商务网关,-2.0,20.32,3997,正常
2016/04/18 17:03:14,de8ce62f31aadc9084c4ebecad3a9c41ca26438f,1a50b32b9048b0880c06f819fec9d84d43761b96,持卡人消费,学士楼商务网关,-3.0,17.32,3998,正常
2016/04/19 08:27:31,de8ce62f31aadc9084c4ebecad3a9c41ca26438f,1a50b32b9048b0880c06f819fec9d84d43761b96,持卡人消费,学士楼商务网关,-1.9,15.42,3999,正常
2016/04/20 11:21:17,de8ce62f31aadc9084c4ebecad3a9c41ca26438f,1a50b32b9048b0880c06f819fec9d84d43761b96,持卡人消费,学士楼商务网关,-3.2,12.22,4000,正常
2016/04/20 11:21:36,de8ce62f31aadc9084c4ebecad3a9c41ca26438f,1a50b32b9048b0880c06f819fec9d84d43761b96,持卡人消费,学士楼商务网关,-0.5,11.72,4001,正常
2016/04/20 11:22:36,de8ce62f31aadc9084c4ebecad3a9c41ca26438f,1a50b32b9048b0880c06f819fec9d84d43761b96,持卡人消费,学士楼商务网关,-2.0,9.72,4002,正常
2016/04/20 11:23:08,de8ce62f31aadc9084c4ebecad3a9c41ca26438f,1a50b32b9048b0880c06f819fec9d84d43761b96,持卡人消费,学士楼商务网关,-4.0,5.72,4003,正常
2016/04/20 18:16:03,de8ce62f31aadc9084c4ebecad3a9c41ca26438f,1a50b32b9048b0880c06f819fec9d84d43761b96,存款,现金充值机,200.0,205.72,4004,正常
2016/04/20 18:39:34,de8ce62f31aadc9084c4ebecad3a9c41ca26438f,1a50b32b9048b0880c06f819fec9d84d43761b96,持卡人消费,超市商务子系统,-10.0,195.72,4005,正常
2016/04/20 18:41:29,de8ce62f31aadc9084c4ebecad3a9c41ca26438f,1a50b32b9048b0880c06f819fec9d84d43761b96,持卡人消费,超市商务子系统,-2.2,193.52,4006,正常
2016/04/21 08:27:16,de8ce62f31aadc9084c4ebecad3a9c41ca26438f,1a50b32b9048b0880c06f819fec9d84d43761b96,持卡人消费,学士楼商务网关,-1.9,191.62,4007,正常
2016/04/21 11:16:02,de8ce62f31aadc9084c4ebecad3a9c41ca26438f,1a50b32b9048b0880c06f819fec9d84d43761b96,持卡人消费,学士楼商务网关,-15.0,176.62,4008,正常
2016/04/21 17:09:41,de8ce62f31aadc9084c4ebecad3a9c41ca26438f,1a50b32b9048b0880c06f819fec9d84d43761b96,持卡人消费,学士楼商务网关,-1.3,175.32,4009,正常
2016/04/21 17:09:57,de8ce62f31aadc9084c4ebecad3a9c41ca26438f,1a50b32b9048b0880c06f819fec9d84d43761b96,持卡人消费,学士楼商务网关,-0.2,175.12,4010,正常
2016/04/21 17:11:21,de8ce62f31aadc9084c4ebecad3a9c41ca26438f,1a50b32b9048b0880c06f819fec9d84d43761b96,持卡人消费,学士楼商务网关,-2.0,173.12,4011,正常
2016/04/21 17:11:46,de8ce62f31aadc9084c4ebecad3a9c41ca26438f,1a50b32b9048b0880c06f819fec9d84d43761b96,持卡人消费,学士楼商务网关,-3.5,169.62,4012,正常
2016/04/21 18:50:57,de8ce62f31aadc9084c4ebecad3a9c41ca26438f,1a50b32b9048b0880c06f819fec9d84d43761b96,持卡人消费,游泳馆,-6.0,163.62,4013,正常
2016/04/21 20:37:32,de8ce62f31aadc9084c4ebecad3a9c41ca26438f,1a50b32b9048b0880c06f819fec9d84d43761b96,持卡人消费,学子超市园丁总店,-8.2,155.42,4014,正常
2016/04/22 09:18:40,de8ce62f31aadc9084c4ebecad3a9c41ca26438f,1a50b32b9048b0880c06f819fec9d84d43761b96,持卡人消费,超市商务子系统,-5.6,149.82,4015,正常
2016/04/22 09:20:32,de8ce62f31aadc9084c4ebecad3a9c41ca26438f,1a50b32b9048b0880c06f819fec9d84d43761b96,持卡人消费,超市商务子系统,-2.2,147.62,4016,正常
2016/04/22 11:03:15,de8ce62f31aadc9084c4ebecad3a9c41ca26438f,1a50b32b9048b0880c06f819fec9d84d43761b96,持卡人消费,学士楼商务网关,-2.0,145.62,4017,正常
2016/04/22 11:03:57,de8ce62f31aadc9084c4ebecad3a9c41ca26438f,1a50b32b9048b0880c06f819fec9d84d43761b96,持卡人消费,学士楼商务网关,-3.0,142.62,4018,正常
2016/04/22 11:05:00,de8ce62f31aadc9084c4ebecad3a9c41ca26438f,1a50b32b9048b0880c06f819fec9d84d43761b96,持卡人消费,学士楼商务网关,-3.0,139.62,4019,正常
2016/04/23 09:12:10,de8ce62f31aadc9084c4ebecad3a9c41ca26438f,1a50b32b9048b0880c06f819fec9d84d43761b96,持卡人消费,超市商务子系统,-4.0,135.62,4020,正常
2016/04/23 09:13:18,de8ce62f31aadc9084c4ebecad3a9c41ca26438f,1a50b32b9048b0880c06f819fec9d84d43761b96,持卡人消费,超市商务子系统,-2.2,133.42,4021,正常
2016/04/24 08:08:22,de8ce62f31aadc9084c4ebecad3a9c41ca26438f,1a50b32b9048b0880c06f819fec9d84d43761b96,持卡人消费,学士楼商务网关,-1.9,131.52,4022,正常
2016/04/24 11:09:19,de8ce62f31aadc9084c4ebecad3a9c41ca26438f,1a50b32b9048b0880c06f819fec9d84d43761b96,持卡人消费,学士楼商务网关,-11.78,119.74,4023,正常
2016/04/24 11:10:33,de8ce62f31aadc9084c4ebecad3a9c41ca26438f,1a50b32b9048b0880c06f819fec9d84d43761b96,持卡人消费,学士楼商务网关,-6.5,113.24,4024,正常
2016/04/25 17:21:35,de8ce62f31aadc9084c4ebecad3a9c41ca26438f,1a50b32b9048b0880c06f819fec9d84d43761b96,持卡人消费,学士楼商务网关,-0.5,112.74,4025,正常
2016/04/25 17:22:04,de8ce62f31aadc9084c4ebecad3a9c41ca26438f,1a50b32b9048b0880c06f819fec9d84d43761b96,持卡人消费,学士楼商务网关,-2.6,110.14,4026,正常
2016/04/25 17:23:02,de8ce62f31aadc9084c4ebecad3a9c41ca26438f,1a50b32b9048b0880c06f819fec9d84d43761b96,持卡人消费,学士楼商务网关,-3.0,107.14,4027,正常
2016/04/25 17:45:31,de8ce62f31aadc9084c4ebecad3a9c41ca26438f,1a50b32b9048b0880c06f819fec9d84d43761b96,持卡人消费,超市商务子系统,-6.4,100.74,4028,正常
2016/04/25 19:09:06,de8ce62f31aadc9084c4ebecad3a9c41ca26438f,1a50b32b9048b0880c06f819fec9d84d43761b96,持卡人消费,硕果园（工大商店）,-4.0,96.74,4029,正常
2016/04/26 19:01:44,de8ce62f31aadc9084c4ebecad3a9c41ca26438f,1a50b32b9048b0880c06f819fec9d84d43761b96,持卡人消费,超市商务子系统,-35.0,61.74,4030,正常
2016/04/26 19:17:40,de8ce62f31aadc9084c4ebecad3a9c41ca26438f,1a50b32b9048b0880c06f819fec9d84d43761b96,持卡人消费,硕果园（工大商店）,-4.1,57.64,4031,正常
2016/04/27 07:41:40,de8ce62f31aadc9084c4ebecad3a9c41ca26438f,1a50b32b9048b0880c06f819fec9d84d43761b96,持卡人消费,学苑楼商务网关,-2.4,55.24,4032,正常
2016/04/27 18:17:03,de8ce62f31aadc9084c4ebecad3a9c41ca26438f,1a50b32b9048b0880c06f819fec9d84d43761b96,持卡人消费,学子超市园丁总店,-9.1,46.14,4033,正常
2016/04/29 19:50:30,de8ce62f31aadc9084c4ebecad3a9c41ca26438f,1a50b32b9048b0880c06f819fec9d84d43761b96,持卡人消费,学子超市园丁总店,-10.4,35.74,4034,正常
2016/04/30 19:53:50,de8ce62f31aadc9084c4ebecad3a9c41ca26438f,1a50b32b9048b0880c06f819fec9d84d43761b96,持卡人消费,学子超市园丁总店,-5.4,30.34,4035,正常
