交易发生时间,学号,姓名,交易类型,子系统名称,交易额,现有余额,次数,状态
2016/04/05 14:26:22,8b2b7552ecb0fbf79fdf1203df4a4a4677f184be,1a6790b97177aee695e4bd3c3e5320a043ff4c6f,存款,现金充值机,50.0,50.31,3537,正常
2016/04/05 15:17:46,8b2b7552ecb0fbf79fdf1203df4a4a4677f184be,1a6790b97177aee695e4bd3c3e5320a043ff4c6f,持卡人消费,一校区水控新,-2.0,48.31,3538,正常
2016/04/05 15:27:11,8b2b7552ecb0fbf79fdf1203df4a4a4677f184be,1a6790b97177aee695e4bd3c3e5320a043ff4c6f,持卡人消费,一校区水控新,-1.81,46.50,3540,正常
2016/04/05 17:33:13,8b2b7552ecb0fbf79fdf1203df4a4a4677f184be,1a6790b97177aee695e4bd3c3e5320a043ff4c6f,持卡人消费,硕果园（工大商店）,-27.0,19.50,3541,正常
2016/04/06 18:59:16,8b2b7552ecb0fbf79fdf1203df4a4a4677f184be,1a6790b97177aee695e4bd3c3e5320a043ff4c6f,持卡人消费,硕果园（工大商店）,-18.0,1.50,3542,正常
2016/04/06 18:47:56,8b2b7552ecb0fbf79fdf1203df4a4a4677f184be,1a6790b97177aee695e4bd3c3e5320a043ff4c6f,存款,现金充值机,50.0,51.50,3543,正常
2016/04/06 19:25:41,8b2b7552ecb0fbf79fdf1203df4a4a4677f184be,1a6790b97177aee695e4bd3c3e5320a043ff4c6f,持卡人消费,学士楼商务网关,-0.5,51.00,3544,正常
2016/04/06 20:18:09,8b2b7552ecb0fbf79fdf1203df4a4a4677f184be,1a6790b97177aee695e4bd3c3e5320a043ff4c6f,持卡人消费,15公寓浴池,-0.06,50.94,3546,正常
2016/04/06 20:19:27,8b2b7552ecb0fbf79fdf1203df4a4a4677f184be,1a6790b97177aee695e4bd3c3e5320a043ff4c6f,持卡人消费,15公寓浴池,-0.03,50.91,3548,正常
2016/04/06 20:29:59,8b2b7552ecb0fbf79fdf1203df4a4a4677f184be,1a6790b97177aee695e4bd3c3e5320a043ff4c6f,持卡人消费,15公寓浴池,-2.0,48.91,3549,正常
2016/04/06 20:36:20,8b2b7552ecb0fbf79fdf1203df4a4a4677f184be,1a6790b97177aee695e4bd3c3e5320a043ff4c6f,持卡人消费,15公寓浴池,-1.2,47.71,3551,正常
2016/04/06 20:42:39,8b2b7552ecb0fbf79fdf1203df4a4a4677f184be,1a6790b97177aee695e4bd3c3e5320a043ff4c6f,持卡人消费,15公寓浴池,-1.15,46.56,3553,正常
2016/04/06 20:53:41,8b2b7552ecb0fbf79fdf1203df4a4a4677f184be,1a6790b97177aee695e4bd3c3e5320a043ff4c6f,持卡人消费,15公寓浴池,-2.0,44.56,3554,正常
2016/04/06 20:48:53,8b2b7552ecb0fbf79fdf1203df4a4a4677f184be,1a6790b97177aee695e4bd3c3e5320a043ff4c6f,持卡人消费,15公寓浴池,-0.88,43.68,3556,正常
2016/04/06 20:51:05,8b2b7552ecb0fbf79fdf1203df4a4a4677f184be,1a6790b97177aee695e4bd3c3e5320a043ff4c6f,持卡人消费,15公寓浴池,-0.06,43.62,3558,正常
2016/04/08 15:30:45,8b2b7552ecb0fbf79fdf1203df4a4a4677f184be,1a6790b97177aee695e4bd3c3e5320a043ff4c6f,持卡人消费,一校区水控新,-2.0,41.62,3559,正常
2016/04/08 15:41:13,8b2b7552ecb0fbf79fdf1203df4a4a4677f184be,1a6790b97177aee695e4bd3c3e5320a043ff4c6f,持卡人消费,一校区水控新,-2.0,39.62,3560,正常
2016/04/08 15:42:34,8b2b7552ecb0fbf79fdf1203df4a4a4677f184be,1a6790b97177aee695e4bd3c3e5320a043ff4c6f,持卡人消费,一校区水控新,-0.26,39.36,3562,正常
2016/04/11 14:21:58,8b2b7552ecb0fbf79fdf1203df4a4a4677f184be,1a6790b97177aee695e4bd3c3e5320a043ff4c6f,持卡人消费,硕果园（工大商店）,-15.0,24.36,3563,正常
2016/04/11 14:25:55,8b2b7552ecb0fbf79fdf1203df4a4a4677f184be,1a6790b97177aee695e4bd3c3e5320a043ff4c6f,持卡人消费,硕果园（工大商店）,-3.0,21.36,3564,正常
2016/04/11 15:10:34,8b2b7552ecb0fbf79fdf1203df4a4a4677f184be,1a6790b97177aee695e4bd3c3e5320a043ff4c6f,持卡人消费,一校区水控新,-2.0,19.36,3565,正常
2016/04/11 15:21:03,8b2b7552ecb0fbf79fdf1203df4a4a4677f184be,1a6790b97177aee695e4bd3c3e5320a043ff4c6f,持卡人消费,一校区水控新,-2.0,17.36,3566,正常
2016/04/11 15:24:36,8b2b7552ecb0fbf79fdf1203df4a4a4677f184be,1a6790b97177aee695e4bd3c3e5320a043ff4c6f,持卡人消费,一校区水控新,-0.67,16.69,3568,正常
2016/04/12 19:26:51,8b2b7552ecb0fbf79fdf1203df4a4a4677f184be,1a6790b97177aee695e4bd3c3e5320a043ff4c6f,持卡人消费,硕果园（工大商店）,-8.0,8.69,3569,正常
2016/04/13 14:57:58,8b2b7552ecb0fbf79fdf1203df4a4a4677f184be,1a6790b97177aee695e4bd3c3e5320a043ff4c6f,持卡人消费,超市商务子系统,-2.7,5.99,3570,正常
2016/04/13 19:29:28,8b2b7552ecb0fbf79fdf1203df4a4a4677f184be,1a6790b97177aee695e4bd3c3e5320a043ff4c6f,持卡人消费,学子超市园丁总店,-0.6,5.39,3571,正常
2016/04/17 15:38:34,8b2b7552ecb0fbf79fdf1203df4a4a4677f184be,1a6790b97177aee695e4bd3c3e5320a043ff4c6f,存款,卡中心综合业务,50.0,55.39,3572,正常
2016/04/17 16:01:16,8b2b7552ecb0fbf79fdf1203df4a4a4677f184be,1a6790b97177aee695e4bd3c3e5320a043ff4c6f,持卡人消费,一校区水控新,-2.0,53.39,3573,正常
2016/04/17 16:11:53,8b2b7552ecb0fbf79fdf1203df4a4a4677f184be,1a6790b97177aee695e4bd3c3e5320a043ff4c6f,持卡人消费,一校区水控新,-2.0,51.39,3574,正常
2016/04/17 16:16:35,8b2b7552ecb0fbf79fdf1203df4a4a4677f184be,1a6790b97177aee695e4bd3c3e5320a043ff4c6f,持卡人消费,一校区水控新,-0.9,50.49,3576,正常
2016/04/17 18:48:23,8b2b7552ecb0fbf79fdf1203df4a4a4677f184be,1a6790b97177aee695e4bd3c3e5320a043ff4c6f,持卡人消费,超市商务子系统,-5.0,45.49,3577,正常
2016/04/18 17:50:38,8b2b7552ecb0fbf79fdf1203df4a4a4677f184be,1a6790b97177aee695e4bd3c3e5320a043ff4c6f,持卡人消费,超市商务子系统,-0.1,45.39,3578,正常
2016/04/20 12:42:29,8b2b7552ecb0fbf79fdf1203df4a4a4677f184be,1a6790b97177aee695e4bd3c3e5320a043ff4c6f,持卡人消费,一校区水控新,-2.0,43.39,3579,正常
2016/04/20 12:53:01,8b2b7552ecb0fbf79fdf1203df4a4a4677f184be,1a6790b97177aee695e4bd3c3e5320a043ff4c6f,持卡人消费,一校区水控新,-2.0,41.39,3580,正常
2016/04/20 12:57:47,8b2b7552ecb0fbf79fdf1203df4a4a4677f184be,1a6790b97177aee695e4bd3c3e5320a043ff4c6f,持卡人消费,一校区水控新,-0.67,40.72,3582,正常
2016/04/22 19:09:36,8b2b7552ecb0fbf79fdf1203df4a4a4677f184be,1a6790b97177aee695e4bd3c3e5320a043ff4c6f,持卡人消费,硕果园（工大商店）,-20.0,20.72,3583,正常
2016/04/22 19:35:58,8b2b7552ecb0fbf79fdf1203df4a4a4677f184be,1a6790b97177aee695e4bd3c3e5320a043ff4c6f,持卡人消费,硕果园（工大商店）,-3.0,17.72,3584,正常
2016/04/23 11:35:13,8b2b7552ecb0fbf79fdf1203df4a4a4677f184be,1a6790b97177aee695e4bd3c3e5320a043ff4c6f,持卡人消费,硕果园（工大商店）,-0.5,17.22,3585,正常
2016/04/23 14:00:59,8b2b7552ecb0fbf79fdf1203df4a4a4677f184be,1a6790b97177aee695e4bd3c3e5320a043ff4c6f,持卡人消费,一校区水控新,-2.0,15.22,3586,正常
2016/04/23 14:12:12,8b2b7552ecb0fbf79fdf1203df4a4a4677f184be,1a6790b97177aee695e4bd3c3e5320a043ff4c6f,持卡人消费,一校区水控新,-1.97,13.25,3588,正常
2016/04/24 09:45:37,8b2b7552ecb0fbf79fdf1203df4a4a4677f184be,1a6790b97177aee695e4bd3c3e5320a043ff4c6f,持卡人消费,超市商务子系统,-0.3,12.95,3589,正常
2016/04/26 16:58:53,8b2b7552ecb0fbf79fdf1203df4a4a4677f184be,1a6790b97177aee695e4bd3c3e5320a043ff4c6f,持卡人消费,一校区水控新,-2.0,10.95,3590,正常
2016/04/26 17:06:08,8b2b7552ecb0fbf79fdf1203df4a4a4677f184be,1a6790b97177aee695e4bd3c3e5320a043ff4c6f,持卡人消费,一校区水控新,-1.39,9.56,3592,正常
2016/04/29 14:22:12,8b2b7552ecb0fbf79fdf1203df4a4a4677f184be,1a6790b97177aee695e4bd3c3e5320a043ff4c6f,持卡人消费,一校区水控新,-2.0,7.56,3593,正常
2016/04/29 14:27:07,8b2b7552ecb0fbf79fdf1203df4a4a4677f184be,1a6790b97177aee695e4bd3c3e5320a043ff4c6f,持卡人消费,一校区水控新,-0.93,6.63,3595,正常
2016/04/30 07:39:58,8b2b7552ecb0fbf79fdf1203df4a4a4677f184be,1a6790b97177aee695e4bd3c3e5320a043ff4c6f,持卡人消费,学士楼商务网关,-2.1,4.53,3596,正常
2016/04/30 07:40:55,8b2b7552ecb0fbf79fdf1203df4a4a4677f184be,1a6790b97177aee695e4bd3c3e5320a043ff4c6f,持卡人消费,学士楼商务网关,-2.0,2.53,3597,正常
2016/04/30 16:11:33,8b2b7552ecb0fbf79fdf1203df4a4a4677f184be,1a6790b97177aee695e4bd3c3e5320a043ff4c6f,存款,卡中心综合业务,100.0,102.53,3598,正常
2016/04/30 16:32:24,8b2b7552ecb0fbf79fdf1203df4a4a4677f184be,1a6790b97177aee695e4bd3c3e5320a043ff4c6f,持卡人消费,一校区水控新,-2.0,100.53,3599,正常
2016/04/30 16:37:16,8b2b7552ecb0fbf79fdf1203df4a4a4677f184be,1a6790b97177aee695e4bd3c3e5320a043ff4c6f,持卡人消费,一校区水控新,-0.93,99.60,3601,正常
