交易发生时间,学号,姓名,交易类型,子系统名称,交易额,现有余额,次数,状态
2016/04/03 10:56:54,4a508c35dc2629cf045699597813e41ad5bf91e0,1a6a0b7e1564b37d103a34e2d367fb3a5be71ab6,持卡人消费,学苑楼商务网关,-7.0,2.94,3650,正常
2016/04/03 10:44:19,4a508c35dc2629cf045699597813e41ad5bf91e0,1a6a0b7e1564b37d103a34e2d367fb3a5be71ab6,存款,现金充值机,50.0,52.94,3651,正常
2016/04/03 11:01:26,4a508c35dc2629cf045699597813e41ad5bf91e0,1a6a0b7e1564b37d103a34e2d367fb3a5be71ab6,持卡人消费,学苑楼商务网关,-8.0,44.94,3652,正常
2016/04/03 11:01:56,4a508c35dc2629cf045699597813e41ad5bf91e0,1a6a0b7e1564b37d103a34e2d367fb3a5be71ab6,持卡人消费,学苑楼商务网关,-7.0,37.94,3653,正常
2016/04/03 13:02:52,4a508c35dc2629cf045699597813e41ad5bf91e0,1a6a0b7e1564b37d103a34e2d367fb3a5be71ab6,持卡人消费,超市商务子系统,-6.0,31.94,3654,正常
2016/04/03 13:15:19,4a508c35dc2629cf045699597813e41ad5bf91e0,1a6a0b7e1564b37d103a34e2d367fb3a5be71ab6,持卡人消费,超市商务子系统,-1.5,30.44,3655,正常
2016/04/03 13:23:19,4a508c35dc2629cf045699597813e41ad5bf91e0,1a6a0b7e1564b37d103a34e2d367fb3a5be71ab6,持卡人消费,超市商务子系统,-0.7,29.74,3656,正常
2016/04/03 13:24:12,4a508c35dc2629cf045699597813e41ad5bf91e0,1a6a0b7e1564b37d103a34e2d367fb3a5be71ab6,持卡人消费,超市商务子系统,-0.7,29.04,3657,正常
2016/04/06 11:59:11,4a508c35dc2629cf045699597813e41ad5bf91e0,1a6a0b7e1564b37d103a34e2d367fb3a5be71ab6,持卡人消费,土木楼网关,-0.9,28.14,3658,正常
2016/04/06 12:02:25,4a508c35dc2629cf045699597813e41ad5bf91e0,1a6a0b7e1564b37d103a34e2d367fb3a5be71ab6,持卡人消费,土木楼网关,-2.5,25.64,3659,正常
2016/04/06 17:47:28,4a508c35dc2629cf045699597813e41ad5bf91e0,1a6a0b7e1564b37d103a34e2d367fb3a5be71ab6,持卡人消费,土木楼网关,-4.0,21.64,3660,正常
2016/04/06 17:49:14,4a508c35dc2629cf045699597813e41ad5bf91e0,1a6a0b7e1564b37d103a34e2d367fb3a5be71ab6,持卡人消费,土木楼网关,-1.0,20.64,3661,正常
2016/04/06 17:49:30,4a508c35dc2629cf045699597813e41ad5bf91e0,1a6a0b7e1564b37d103a34e2d367fb3a5be71ab6,持卡人消费,土木楼网关,-0.2,20.44,3662,正常
2016/04/06 17:50:03,4a508c35dc2629cf045699597813e41ad5bf91e0,1a6a0b7e1564b37d103a34e2d367fb3a5be71ab6,持卡人消费,土木楼网关,-0.8,19.64,3663,正常
2016/04/07 11:33:55,4a508c35dc2629cf045699597813e41ad5bf91e0,1a6a0b7e1564b37d103a34e2d367fb3a5be71ab6,持卡人消费,土木楼网关,-5.0,14.64,3664,正常
2016/04/07 11:34:52,4a508c35dc2629cf045699597813e41ad5bf91e0,1a6a0b7e1564b37d103a34e2d367fb3a5be71ab6,持卡人消费,土木楼网关,-4.5,10.14,3665,正常
2016/04/07 11:35:31,4a508c35dc2629cf045699597813e41ad5bf91e0,1a6a0b7e1564b37d103a34e2d367fb3a5be71ab6,持卡人消费,土木楼网关,-0.9,9.24,3666,正常
2016/04/07 17:00:28,4a508c35dc2629cf045699597813e41ad5bf91e0,1a6a0b7e1564b37d103a34e2d367fb3a5be71ab6,存款,现金充值机,100.0,109.24,3667,正常
2016/04/07 17:22:29,4a508c35dc2629cf045699597813e41ad5bf91e0,1a6a0b7e1564b37d103a34e2d367fb3a5be71ab6,持卡人消费,土木楼网关,-4.0,105.24,3668,正常
2016/04/07 17:25:26,4a508c35dc2629cf045699597813e41ad5bf91e0,1a6a0b7e1564b37d103a34e2d367fb3a5be71ab6,持卡人消费,土木楼网关,-5.0,100.24,3669,正常
2016/04/08 11:18:38,4a508c35dc2629cf045699597813e41ad5bf91e0,1a6a0b7e1564b37d103a34e2d367fb3a5be71ab6,持卡人消费,土木楼网关,-2.0,98.24,3670,正常
2016/04/08 11:22:05,4a508c35dc2629cf045699597813e41ad5bf91e0,1a6a0b7e1564b37d103a34e2d367fb3a5be71ab6,持卡人消费,土木楼网关,-5.9,92.34,3671,正常
2016/04/08 17:25:24,4a508c35dc2629cf045699597813e41ad5bf91e0,1a6a0b7e1564b37d103a34e2d367fb3a5be71ab6,持卡人消费,土木楼网关,-7.5,84.84,3672,正常
2016/04/08 17:27:19,4a508c35dc2629cf045699597813e41ad5bf91e0,1a6a0b7e1564b37d103a34e2d367fb3a5be71ab6,持卡人消费,土木楼网关,-5.0,79.84,3673,正常
2016/04/08 17:32:10,4a508c35dc2629cf045699597813e41ad5bf91e0,1a6a0b7e1564b37d103a34e2d367fb3a5be71ab6,持卡人消费,土木楼网关,-0.2,79.64,3674,正常
2016/04/09 17:11:58,4a508c35dc2629cf045699597813e41ad5bf91e0,1a6a0b7e1564b37d103a34e2d367fb3a5be71ab6,持卡人消费,土木楼网关,-7.9,71.74,3675,正常
2016/04/09 17:12:34,4a508c35dc2629cf045699597813e41ad5bf91e0,1a6a0b7e1564b37d103a34e2d367fb3a5be71ab6,持卡人消费,土木楼网关,-7.9,63.84,3676,正常
2016/04/09 17:13:29,4a508c35dc2629cf045699597813e41ad5bf91e0,1a6a0b7e1564b37d103a34e2d367fb3a5be71ab6,持卡人消费,土木楼网关,-5.9,57.94,3677,正常
2016/04/09 17:13:56,4a508c35dc2629cf045699597813e41ad5bf91e0,1a6a0b7e1564b37d103a34e2d367fb3a5be71ab6,持卡人消费,土木楼网关,-4.5,53.44,3678,正常
2016/04/09 17:14:25,4a508c35dc2629cf045699597813e41ad5bf91e0,1a6a0b7e1564b37d103a34e2d367fb3a5be71ab6,持卡人消费,土木楼网关,-1.9,51.54,3679,正常
2016/04/09 17:14:32,4a508c35dc2629cf045699597813e41ad5bf91e0,1a6a0b7e1564b37d103a34e2d367fb3a5be71ab6,持卡人消费,土木楼网关,-0.1,51.44,3680,正常
2016/04/10 11:40:23,4a508c35dc2629cf045699597813e41ad5bf91e0,1a6a0b7e1564b37d103a34e2d367fb3a5be71ab6,持卡人消费,土木楼网关,-6.4,45.04,3681,正常
2016/04/10 11:41:28,4a508c35dc2629cf045699597813e41ad5bf91e0,1a6a0b7e1564b37d103a34e2d367fb3a5be71ab6,持卡人消费,土木楼网关,-6.1,38.94,3682,正常
2016/04/10 17:13:17,4a508c35dc2629cf045699597813e41ad5bf91e0,1a6a0b7e1564b37d103a34e2d367fb3a5be71ab6,持卡人消费,土木楼网关,-8.4,30.54,3683,正常
2016/04/11 11:36:50,4a508c35dc2629cf045699597813e41ad5bf91e0,1a6a0b7e1564b37d103a34e2d367fb3a5be71ab6,持卡人消费,土木楼网关,-4.9,25.64,3684,正常
2016/04/11 11:38:14,4a508c35dc2629cf045699597813e41ad5bf91e0,1a6a0b7e1564b37d103a34e2d367fb3a5be71ab6,持卡人消费,土木楼网关,-6.5,19.14,3685,正常
2016/04/11 17:33:50,4a508c35dc2629cf045699597813e41ad5bf91e0,1a6a0b7e1564b37d103a34e2d367fb3a5be71ab6,持卡人消费,硕果园（工大商店）,-16.0,3.14,3686,正常
2016/04/11 20:52:33,4a508c35dc2629cf045699597813e41ad5bf91e0,1a6a0b7e1564b37d103a34e2d367fb3a5be71ab6,持卡人消费,学子超市A05,-0.8,2.34,3687,正常
2016/04/12 13:18:27,4a508c35dc2629cf045699597813e41ad5bf91e0,1a6a0b7e1564b37d103a34e2d367fb3a5be71ab6,存款,现金充值机,100.0,102.34,3688,正常
2016/04/12 13:55:56,4a508c35dc2629cf045699597813e41ad5bf91e0,1a6a0b7e1564b37d103a34e2d367fb3a5be71ab6,持卡人消费,土木楼水控,-3.0,99.34,3689,正常
2016/04/12 14:08:22,4a508c35dc2629cf045699597813e41ad5bf91e0,1a6a0b7e1564b37d103a34e2d367fb3a5be71ab6,持卡人消费,土木楼水控,-2.49,96.85,3690,正常
2016/04/12 14:14:01,4a508c35dc2629cf045699597813e41ad5bf91e0,1a6a0b7e1564b37d103a34e2d367fb3a5be71ab6,持卡人消费,土木楼水控,-0.74,96.11,3691,正常
2016/04/12 18:29:37,4a508c35dc2629cf045699597813e41ad5bf91e0,1a6a0b7e1564b37d103a34e2d367fb3a5be71ab6,持卡人消费,A5,-3.0,93.11,3692,正常
2016/04/13 11:51:06,4a508c35dc2629cf045699597813e41ad5bf91e0,1a6a0b7e1564b37d103a34e2d367fb3a5be71ab6,持卡人消费,土木楼网关,-6.0,87.11,3693,正常
2016/04/13 11:54:45,4a508c35dc2629cf045699597813e41ad5bf91e0,1a6a0b7e1564b37d103a34e2d367fb3a5be71ab6,持卡人消费,土木楼网关,-5.5,81.61,3694,正常
2016/04/13 11:54:53,4a508c35dc2629cf045699597813e41ad5bf91e0,1a6a0b7e1564b37d103a34e2d367fb3a5be71ab6,持卡人消费,土木楼网关,-0.1,81.51,3695,正常
2016/04/14 11:06:30,4a508c35dc2629cf045699597813e41ad5bf91e0,1a6a0b7e1564b37d103a34e2d367fb3a5be71ab6,持卡人消费,土木楼网关,-3.9,77.61,3696,正常
2016/04/14 11:06:49,4a508c35dc2629cf045699597813e41ad5bf91e0,1a6a0b7e1564b37d103a34e2d367fb3a5be71ab6,持卡人消费,土木楼网关,-2.0,75.61,3697,正常
2016/04/14 11:07:58,4a508c35dc2629cf045699597813e41ad5bf91e0,1a6a0b7e1564b37d103a34e2d367fb3a5be71ab6,持卡人消费,土木楼网关,-2.0,73.61,3698,正常
2016/04/14 11:08:56,4a508c35dc2629cf045699597813e41ad5bf91e0,1a6a0b7e1564b37d103a34e2d367fb3a5be71ab6,持卡人消费,土木楼网关,-9.7,63.91,3699,正常
2016/04/14 11:09:29,4a508c35dc2629cf045699597813e41ad5bf91e0,1a6a0b7e1564b37d103a34e2d367fb3a5be71ab6,持卡人消费,土木楼网关,-5.0,58.91,3700,正常
2016/04/14 17:18:14,4a508c35dc2629cf045699597813e41ad5bf91e0,1a6a0b7e1564b37d103a34e2d367fb3a5be71ab6,持卡人消费,土木楼网关,-5.1,53.81,3701,正常
2016/04/16 12:22:42,4a508c35dc2629cf045699597813e41ad5bf91e0,1a6a0b7e1564b37d103a34e2d367fb3a5be71ab6,持卡人消费,学子超市A05,-0.3,53.51,3702,正常
2016/04/17 14:06:34,4a508c35dc2629cf045699597813e41ad5bf91e0,1a6a0b7e1564b37d103a34e2d367fb3a5be71ab6,持卡人消费,土木楼水控,-3.0,50.51,3703,正常
2016/04/17 14:20:53,4a508c35dc2629cf045699597813e41ad5bf91e0,1a6a0b7e1564b37d103a34e2d367fb3a5be71ab6,持卡人消费,土木楼水控,-2.85,47.66,3704,正常
2016/04/17 14:26:07,4a508c35dc2629cf045699597813e41ad5bf91e0,1a6a0b7e1564b37d103a34e2d367fb3a5be71ab6,持卡人消费,土木楼水控,-0.74,46.92,3705,正常
2016/04/17 18:13:17,4a508c35dc2629cf045699597813e41ad5bf91e0,1a6a0b7e1564b37d103a34e2d367fb3a5be71ab6,持卡人消费,学子超市A05,-0.9,46.02,3706,正常
2016/04/20 11:55:31,4a508c35dc2629cf045699597813e41ad5bf91e0,1a6a0b7e1564b37d103a34e2d367fb3a5be71ab6,持卡人消费,土木楼网关,-4.0,42.02,3707,正常
2016/04/20 11:57:22,4a508c35dc2629cf045699597813e41ad5bf91e0,1a6a0b7e1564b37d103a34e2d367fb3a5be71ab6,持卡人消费,土木楼网关,-6.4,35.62,3708,正常
2016/04/20 11:57:27,4a508c35dc2629cf045699597813e41ad5bf91e0,1a6a0b7e1564b37d103a34e2d367fb3a5be71ab6,持卡人消费,土木楼网关,-1.5,34.12,3709,正常
2016/04/20 12:19:13,4a508c35dc2629cf045699597813e41ad5bf91e0,1a6a0b7e1564b37d103a34e2d367fb3a5be71ab6,持卡人消费,学子超市A05,-0.8,33.32,3710,正常
2016/04/20 18:42:43,4a508c35dc2629cf045699597813e41ad5bf91e0,1a6a0b7e1564b37d103a34e2d367fb3a5be71ab6,持卡人消费,A5,-3.0,30.32,3711,正常
2016/04/20 18:27:49,4a508c35dc2629cf045699597813e41ad5bf91e0,1a6a0b7e1564b37d103a34e2d367fb3a5be71ab6,存款,现金充值机,100.0,130.32,3712,正常
2016/04/22 08:24:45,4a508c35dc2629cf045699597813e41ad5bf91e0,1a6a0b7e1564b37d103a34e2d367fb3a5be71ab6,持卡人消费,学子超市A05,-1.0,129.32,3713,正常
2016/04/22 12:34:08,4a508c35dc2629cf045699597813e41ad5bf91e0,1a6a0b7e1564b37d103a34e2d367fb3a5be71ab6,持卡人消费,土木楼网关,-6.1,123.22,3714,正常
2016/04/22 18:18:02,4a508c35dc2629cf045699597813e41ad5bf91e0,1a6a0b7e1564b37d103a34e2d367fb3a5be71ab6,持卡人消费,A5,-3.0,120.22,3715,正常
2016/04/22 18:37:43,4a508c35dc2629cf045699597813e41ad5bf91e0,1a6a0b7e1564b37d103a34e2d367fb3a5be71ab6,持卡人消费,土木楼水控,-3.0,117.22,3716,正常
2016/04/22 18:41:33,4a508c35dc2629cf045699597813e41ad5bf91e0,1a6a0b7e1564b37d103a34e2d367fb3a5be71ab6,持卡人消费,土木楼水控,-0.74,116.48,3717,正常
2016/04/22 18:46:20,4a508c35dc2629cf045699597813e41ad5bf91e0,1a6a0b7e1564b37d103a34e2d367fb3a5be71ab6,持卡人消费,土木楼水控,-0.64,115.84,3718,正常
2016/04/24 12:40:54,4a508c35dc2629cf045699597813e41ad5bf91e0,1a6a0b7e1564b37d103a34e2d367fb3a5be71ab6,持卡人消费,网络中心,-30.0,85.84,3719,正常
2016/04/26 19:57:11,4a508c35dc2629cf045699597813e41ad5bf91e0,1a6a0b7e1564b37d103a34e2d367fb3a5be71ab6,持卡人消费,A5,-3.0,82.84,3720,正常
2016/04/26 20:18:22,4a508c35dc2629cf045699597813e41ad5bf91e0,1a6a0b7e1564b37d103a34e2d367fb3a5be71ab6,持卡人消费,土木楼水控,-2.91,79.93,3722,正常
2016/04/26 20:21:28,4a508c35dc2629cf045699597813e41ad5bf91e0,1a6a0b7e1564b37d103a34e2d367fb3a5be71ab6,持卡人消费,土木楼水控,-0.6,79.33,3724,正常
2016/04/26 20:25:33,4a508c35dc2629cf045699597813e41ad5bf91e0,1a6a0b7e1564b37d103a34e2d367fb3a5be71ab6,持卡人消费,土木楼水控,-0.56,78.77,3726,正常
2016/04/29 16:37:58,4a508c35dc2629cf045699597813e41ad5bf91e0,1a6a0b7e1564b37d103a34e2d367fb3a5be71ab6,持卡人消费,土木楼水控,-3.0,75.77,3727,正常
2016/04/29 16:39:37,4a508c35dc2629cf045699597813e41ad5bf91e0,1a6a0b7e1564b37d103a34e2d367fb3a5be71ab6,持卡人消费,土木楼水控,-3.0,69.77,3729,正常
2016/04/29 16:39:35,4a508c35dc2629cf045699597813e41ad5bf91e0,1a6a0b7e1564b37d103a34e2d367fb3a5be71ab6,持卡人消费,土木楼水控,-2.33,70.44,3730,正常
2016/04/29 16:40:53,4a508c35dc2629cf045699597813e41ad5bf91e0,1a6a0b7e1564b37d103a34e2d367fb3a5be71ab6,持卡人消费,土木楼水控,-0.23,70.21,3731,正常
