交易发生时间,学号,姓名,交易类型,子系统名称,交易额,现有余额,次数,状态
2016/04/08 10:16:44,0cd4d6743ea963e95bbb452cba2ebbb2a73889f0,1adf9cfaa2d42d054b672e75dba55c63b8de52bd,持卡人消费,硕果园（工大商店）,-11.0,62.28,2638,正常
2016/04/08 18:59:01,0cd4d6743ea963e95bbb452cba2ebbb2a73889f0,1adf9cfaa2d42d054b672e75dba55c63b8de52bd,持卡人消费,一校区水控新,-2.0,60.28,2639,正常
2016/04/08 19:04:23,0cd4d6743ea963e95bbb452cba2ebbb2a73889f0,1adf9cfaa2d42d054b672e75dba55c63b8de52bd,持卡人消费,一校区水控新,-1.02,59.26,2641,正常
2016/04/09 17:55:35,0cd4d6743ea963e95bbb452cba2ebbb2a73889f0,1adf9cfaa2d42d054b672e75dba55c63b8de52bd,持卡人消费,一校区水控新,-2.0,57.26,2642,正常
2016/04/10 19:52:45,0cd4d6743ea963e95bbb452cba2ebbb2a73889f0,1adf9cfaa2d42d054b672e75dba55c63b8de52bd,持卡人消费,超市商务子系统,-10.2,47.06,2643,正常
2016/04/15 11:32:38,0cd4d6743ea963e95bbb452cba2ebbb2a73889f0,1adf9cfaa2d42d054b672e75dba55c63b8de52bd,持卡人消费,学士楼商务网关,-7.1,39.96,2644,正常
2016/04/16 20:43:22,0cd4d6743ea963e95bbb452cba2ebbb2a73889f0,1adf9cfaa2d42d054b672e75dba55c63b8de52bd,持卡人消费,一校区水控新,-2.0,37.96,2645,正常
2016/04/16 20:49:58,0cd4d6743ea963e95bbb452cba2ebbb2a73889f0,1adf9cfaa2d42d054b672e75dba55c63b8de52bd,持卡人消费,一校区水控新,-1.23,36.73,2646,正常
2016/04/18 18:04:48,0cd4d6743ea963e95bbb452cba2ebbb2a73889f0,1adf9cfaa2d42d054b672e75dba55c63b8de52bd,持卡人消费,超市商务子系统,-5.0,31.73,2647,正常
2016/04/22 17:26:42,0cd4d6743ea963e95bbb452cba2ebbb2a73889f0,1adf9cfaa2d42d054b672e75dba55c63b8de52bd,持卡人消费,硕果园（工大商店）,-5.0,26.73,2648,正常
2016/04/23 18:21:36,0cd4d6743ea963e95bbb452cba2ebbb2a73889f0,1adf9cfaa2d42d054b672e75dba55c63b8de52bd,持卡人消费,一校区水控新,-2.0,24.73,2649,正常
2016/04/23 18:24:27,0cd4d6743ea963e95bbb452cba2ebbb2a73889f0,1adf9cfaa2d42d054b672e75dba55c63b8de52bd,持卡人消费,一校区水控新,-0.52,24.21,2650,正常
2016/04/23 18:39:59,0cd4d6743ea963e95bbb452cba2ebbb2a73889f0,1adf9cfaa2d42d054b672e75dba55c63b8de52bd,持卡人消费,A2,-3.0,21.21,2651,正常
2016/04/25 18:19:40,0cd4d6743ea963e95bbb452cba2ebbb2a73889f0,1adf9cfaa2d42d054b672e75dba55c63b8de52bd,持卡人消费,学苑楼商务网关,-8.0,13.21,2652,正常
2016/04/25 21:08:28,0cd4d6743ea963e95bbb452cba2ebbb2a73889f0,1adf9cfaa2d42d054b672e75dba55c63b8de52bd,持卡人消费,超市商务子系统,-8.0,5.21,2653,正常
2016/04/29 07:44:02,0cd4d6743ea963e95bbb452cba2ebbb2a73889f0,1adf9cfaa2d42d054b672e75dba55c63b8de52bd,持卡人消费,学士楼商务网关,-3.0,2.21,2654,正常
2016/04/29 19:46:25,0cd4d6743ea963e95bbb452cba2ebbb2a73889f0,1adf9cfaa2d42d054b672e75dba55c63b8de52bd,持卡人消费,一校区水控新,-2.0,0.21,2655,正常
