交易发生时间,学号,姓名,交易类型,子系统名称,交易额,现有余额,次数,状态
2016/04/08 11:38:52,bb6ffd84766eba29b047959c6468efef10fff0ce,1aefffc04db2ad610eb91c57fc25ce485e1fcd6b,持卡人消费,学苑楼商务网关,-6.0,137.93,1470,正常
2016/04/08 11:40:36,bb6ffd84766eba29b047959c6468efef10fff0ce,1aefffc04db2ad610eb91c57fc25ce485e1fcd6b,持卡人消费,学苑楼商务网关,-1.5,136.43,1471,正常
2016/04/13 07:00:47,bb6ffd84766eba29b047959c6468efef10fff0ce,1aefffc04db2ad610eb91c57fc25ce485e1fcd6b,持卡人消费,学苑楼商务网关,-9.0,127.43,1472,正常
2016/04/13 07:00:49,bb6ffd84766eba29b047959c6468efef10fff0ce,1aefffc04db2ad610eb91c57fc25ce485e1fcd6b,持卡人消费,学苑楼商务网关,-9.0,118.43,1473,正常
2016/04/14 14:21:58,bb6ffd84766eba29b047959c6468efef10fff0ce,1aefffc04db2ad610eb91c57fc25ce485e1fcd6b,持卡人消费,学子超市园丁总店,-0.2,118.23,1474,正常
2016/04/22 09:08:33,bb6ffd84766eba29b047959c6468efef10fff0ce,1aefffc04db2ad610eb91c57fc25ce485e1fcd6b,持卡人消费,学苑楼商务网关,-7.0,111.23,1475,正常
2016/04/27 07:06:03,bb6ffd84766eba29b047959c6468efef10fff0ce,1aefffc04db2ad610eb91c57fc25ce485e1fcd6b,持卡人消费,超市商务子系统,-3.5,107.73,1476,正常
2016/04/28 07:13:45,bb6ffd84766eba29b047959c6468efef10fff0ce,1aefffc04db2ad610eb91c57fc25ce485e1fcd6b,持卡人消费,超市商务子系统,-3.5,104.23,1477,正常
2016/04/29 07:02:57,bb6ffd84766eba29b047959c6468efef10fff0ce,1aefffc04db2ad610eb91c57fc25ce485e1fcd6b,持卡人消费,学苑楼商务网关,-9.0,95.23,1478,正常
2016/04/29 07:02:58,bb6ffd84766eba29b047959c6468efef10fff0ce,1aefffc04db2ad610eb91c57fc25ce485e1fcd6b,持卡人消费,学苑楼商务网关,-9.0,86.23,1479,正常
