交易发生时间,学号,姓名,交易类型,子系统名称,交易额,现有余额,次数,状态
2016/04/01 08:19:16,486ec8da58a1ed80d57b6ef9e19a6e0f9c5a9d7f,1b18048e3d9330a4ddd611efe4ffbc8da96f0909,持卡人消费,硕果园（工大商店）,-5.0,171.20,4830,正常
2016/04/01 11:44:54,486ec8da58a1ed80d57b6ef9e19a6e0f9c5a9d7f,1b18048e3d9330a4ddd611efe4ffbc8da96f0909,持卡人消费,学士楼商务网关,-9.0,162.20,4831,正常
2016/04/01 15:04:30,486ec8da58a1ed80d57b6ef9e19a6e0f9c5a9d7f,1b18048e3d9330a4ddd611efe4ffbc8da96f0909,持卡人消费,一校区水控新,-0.28,161.92,4832,正常
2016/04/01 15:08:41,486ec8da58a1ed80d57b6ef9e19a6e0f9c5a9d7f,1b18048e3d9330a4ddd611efe4ffbc8da96f0909,持卡人消费,一校区水控新,-0.59,161.33,4833,正常
2016/04/01 15:13:05,486ec8da58a1ed80d57b6ef9e19a6e0f9c5a9d7f,1b18048e3d9330a4ddd611efe4ffbc8da96f0909,持卡人消费,一校区水控新,-0.44,160.89,4834,正常
2016/04/01 15:16:52,486ec8da58a1ed80d57b6ef9e19a6e0f9c5a9d7f,1b18048e3d9330a4ddd611efe4ffbc8da96f0909,持卡人消费,一校区水控新,-0.33,160.56,4835,正常
2016/04/03 09:10:02,486ec8da58a1ed80d57b6ef9e19a6e0f9c5a9d7f,1b18048e3d9330a4ddd611efe4ffbc8da96f0909,持卡人消费,硕果园（工大商店）,-8.0,152.56,4836,正常
2016/04/03 17:29:13,486ec8da58a1ed80d57b6ef9e19a6e0f9c5a9d7f,1b18048e3d9330a4ddd611efe4ffbc8da96f0909,持卡人消费,学苑楼商务网关,-6.0,146.56,4837,正常
2016/04/03 17:30:57,486ec8da58a1ed80d57b6ef9e19a6e0f9c5a9d7f,1b18048e3d9330a4ddd611efe4ffbc8da96f0909,持卡人消费,学苑楼商务网关,-0.8,145.76,4838,正常
2016/04/04 16:53:59,486ec8da58a1ed80d57b6ef9e19a6e0f9c5a9d7f,1b18048e3d9330a4ddd611efe4ffbc8da96f0909,持卡人消费,硕果园（工大商店）,-16.6,129.16,4839,正常
2016/04/05 08:09:33,486ec8da58a1ed80d57b6ef9e19a6e0f9c5a9d7f,1b18048e3d9330a4ddd611efe4ffbc8da96f0909,持卡人消费,学士楼商务网关,-3.0,126.16,4840,正常
2016/04/06 08:29:31,486ec8da58a1ed80d57b6ef9e19a6e0f9c5a9d7f,1b18048e3d9330a4ddd611efe4ffbc8da96f0909,持卡人消费,学苑楼商务网关,-2.0,124.16,4841,正常
2016/04/06 08:30:52,486ec8da58a1ed80d57b6ef9e19a6e0f9c5a9d7f,1b18048e3d9330a4ddd611efe4ffbc8da96f0909,持卡人消费,学苑楼商务网关,-2.6,121.56,4842,正常
2016/04/06 11:24:09,486ec8da58a1ed80d57b6ef9e19a6e0f9c5a9d7f,1b18048e3d9330a4ddd611efe4ffbc8da96f0909,持卡人消费,学苑楼商务网关,-8.8,112.76,4843,正常
2016/04/06 13:54:51,486ec8da58a1ed80d57b6ef9e19a6e0f9c5a9d7f,1b18048e3d9330a4ddd611efe4ffbc8da96f0909,持卡人消费,一校区水控新,-0.88,111.88,4845,正常
2016/04/06 13:58:36,486ec8da58a1ed80d57b6ef9e19a6e0f9c5a9d7f,1b18048e3d9330a4ddd611efe4ffbc8da96f0909,持卡人消费,一校区水控新,-0.34,111.54,4847,正常
2016/04/06 14:02:16,486ec8da58a1ed80d57b6ef9e19a6e0f9c5a9d7f,1b18048e3d9330a4ddd611efe4ffbc8da96f0909,持卡人消费,一校区水控新,-0.34,111.20,4849,正常
2016/04/06 14:07:12,486ec8da58a1ed80d57b6ef9e19a6e0f9c5a9d7f,1b18048e3d9330a4ddd611efe4ffbc8da96f0909,持卡人消费,一校区水控新,-0.45,110.75,4851,正常
2016/04/06 17:39:46,486ec8da58a1ed80d57b6ef9e19a6e0f9c5a9d7f,1b18048e3d9330a4ddd611efe4ffbc8da96f0909,持卡人消费,学苑楼商务网关,-6.0,104.75,4852,正常
2016/04/06 17:41:30,486ec8da58a1ed80d57b6ef9e19a6e0f9c5a9d7f,1b18048e3d9330a4ddd611efe4ffbc8da96f0909,持卡人消费,学苑楼商务网关,-6.0,98.75,4853,正常
2016/04/07 08:21:17,486ec8da58a1ed80d57b6ef9e19a6e0f9c5a9d7f,1b18048e3d9330a4ddd611efe4ffbc8da96f0909,持卡人消费,硕果园（工大商店）,-6.0,92.75,4854,正常
2016/04/07 12:09:32,486ec8da58a1ed80d57b6ef9e19a6e0f9c5a9d7f,1b18048e3d9330a4ddd611efe4ffbc8da96f0909,持卡人消费,A7,-3.0,89.75,4855,正常
2016/04/07 17:37:21,486ec8da58a1ed80d57b6ef9e19a6e0f9c5a9d7f,1b18048e3d9330a4ddd611efe4ffbc8da96f0909,持卡人消费,学苑楼商务网关,-9.0,80.75,4856,正常
2016/04/08 08:32:48,486ec8da58a1ed80d57b6ef9e19a6e0f9c5a9d7f,1b18048e3d9330a4ddd611efe4ffbc8da96f0909,持卡人消费,学苑楼商务网关,-1.5,79.25,4857,正常
2016/04/08 11:41:56,486ec8da58a1ed80d57b6ef9e19a6e0f9c5a9d7f,1b18048e3d9330a4ddd611efe4ffbc8da96f0909,持卡人消费,学子楼商务网关,-8.0,71.25,4858,正常
2016/04/08 17:28:11,486ec8da58a1ed80d57b6ef9e19a6e0f9c5a9d7f,1b18048e3d9330a4ddd611efe4ffbc8da96f0909,持卡人消费,硕果园（工大商店）,-12.0,59.25,4859,正常
2016/04/08 21:47:09,486ec8da58a1ed80d57b6ef9e19a6e0f9c5a9d7f,1b18048e3d9330a4ddd611efe4ffbc8da96f0909,持卡人消费,超市商务子系统,-28.5,30.75,4860,正常
2016/04/09 12:24:07,486ec8da58a1ed80d57b6ef9e19a6e0f9c5a9d7f,1b18048e3d9330a4ddd611efe4ffbc8da96f0909,持卡人消费,学子楼商务网关,-7.2,23.55,4861,正常
2016/04/09 17:42:08,486ec8da58a1ed80d57b6ef9e19a6e0f9c5a9d7f,1b18048e3d9330a4ddd611efe4ffbc8da96f0909,持卡人消费,硕果园（工大商店）,-11.0,12.55,4862,正常
2016/04/10 08:45:25,486ec8da58a1ed80d57b6ef9e19a6e0f9c5a9d7f,1b18048e3d9330a4ddd611efe4ffbc8da96f0909,持卡人消费,超市商务子系统,-6.0,6.55,4863,正常
2016/04/10 08:50:41,486ec8da58a1ed80d57b6ef9e19a6e0f9c5a9d7f,1b18048e3d9330a4ddd611efe4ffbc8da96f0909,存款,学苑楼综合业务2,300.0,306.55,4864,正常
2016/04/10 11:33:13,486ec8da58a1ed80d57b6ef9e19a6e0f9c5a9d7f,1b18048e3d9330a4ddd611efe4ffbc8da96f0909,持卡人消费,学苑楼商务网关,-6.0,300.55,4865,正常
2016/04/10 17:21:30,486ec8da58a1ed80d57b6ef9e19a6e0f9c5a9d7f,1b18048e3d9330a4ddd611efe4ffbc8da96f0909,持卡人消费,硕果园（工大商店）,-9.0,291.55,4866,正常
2016/04/11 07:51:35,486ec8da58a1ed80d57b6ef9e19a6e0f9c5a9d7f,1b18048e3d9330a4ddd611efe4ffbc8da96f0909,持卡人消费,学苑楼商务网关,-1.2,290.35,4867,正常
2016/04/11 11:40:43,486ec8da58a1ed80d57b6ef9e19a6e0f9c5a9d7f,1b18048e3d9330a4ddd611efe4ffbc8da96f0909,持卡人消费,学苑楼商务网关,-6.0,284.35,4868,正常
2016/04/11 17:14:22,486ec8da58a1ed80d57b6ef9e19a6e0f9c5a9d7f,1b18048e3d9330a4ddd611efe4ffbc8da96f0909,持卡人消费,硕果园（工大商店）,-10.0,274.35,4869,正常
2016/04/12 08:00:08,486ec8da58a1ed80d57b6ef9e19a6e0f9c5a9d7f,1b18048e3d9330a4ddd611efe4ffbc8da96f0909,持卡人消费,学苑楼商务网关,-1.5,272.85,4870,正常
2016/04/12 11:33:54,486ec8da58a1ed80d57b6ef9e19a6e0f9c5a9d7f,1b18048e3d9330a4ddd611efe4ffbc8da96f0909,持卡人消费,学子楼商务网关,-9.6,263.25,4871,正常
2016/04/12 17:27:32,486ec8da58a1ed80d57b6ef9e19a6e0f9c5a9d7f,1b18048e3d9330a4ddd611efe4ffbc8da96f0909,持卡人消费,硕果园（工大商店）,-10.0,253.25,4872,正常
2016/04/13 08:07:57,486ec8da58a1ed80d57b6ef9e19a6e0f9c5a9d7f,1b18048e3d9330a4ddd611efe4ffbc8da96f0909,持卡人消费,学苑楼商务网关,-2.8,250.45,4873,正常
2016/04/13 11:43:29,486ec8da58a1ed80d57b6ef9e19a6e0f9c5a9d7f,1b18048e3d9330a4ddd611efe4ffbc8da96f0909,持卡人消费,学苑楼商务网关,-8.0,242.45,4874,正常
2016/04/13 21:43:53,486ec8da58a1ed80d57b6ef9e19a6e0f9c5a9d7f,1b18048e3d9330a4ddd611efe4ffbc8da96f0909,持卡人消费,超市商务子系统,-10.0,232.45,4875,正常
2016/04/14 08:17:44,486ec8da58a1ed80d57b6ef9e19a6e0f9c5a9d7f,1b18048e3d9330a4ddd611efe4ffbc8da96f0909,持卡人消费,硕果园（工大商店）,-8.0,224.45,4876,正常
2016/04/14 20:10:54,486ec8da58a1ed80d57b6ef9e19a6e0f9c5a9d7f,1b18048e3d9330a4ddd611efe4ffbc8da96f0909,持卡人消费,一校区水控新,-0.35,224.10,4878,正常
2016/04/14 20:13:11,486ec8da58a1ed80d57b6ef9e19a6e0f9c5a9d7f,1b18048e3d9330a4ddd611efe4ffbc8da96f0909,持卡人消费,一校区水控新,-0.24,223.86,4880,正常
2016/04/14 20:18:48,486ec8da58a1ed80d57b6ef9e19a6e0f9c5a9d7f,1b18048e3d9330a4ddd611efe4ffbc8da96f0909,持卡人消费,一校区水控新,-0.54,223.32,4882,正常
2016/04/14 20:24:02,486ec8da58a1ed80d57b6ef9e19a6e0f9c5a9d7f,1b18048e3d9330a4ddd611efe4ffbc8da96f0909,持卡人消费,一校区水控新,-0.59,222.73,4884,正常
2016/04/15 08:21:51,486ec8da58a1ed80d57b6ef9e19a6e0f9c5a9d7f,1b18048e3d9330a4ddd611efe4ffbc8da96f0909,持卡人消费,学苑楼商务网关,-1.2,221.53,4885,正常
2016/04/15 11:37:48,486ec8da58a1ed80d57b6ef9e19a6e0f9c5a9d7f,1b18048e3d9330a4ddd611efe4ffbc8da96f0909,持卡人消费,学苑楼商务网关,-6.0,215.53,4886,正常
2016/04/15 17:25:29,486ec8da58a1ed80d57b6ef9e19a6e0f9c5a9d7f,1b18048e3d9330a4ddd611efe4ffbc8da96f0909,持卡人消费,硕果园（工大商店）,-16.0,199.53,4887,正常
2016/04/16 11:36:12,486ec8da58a1ed80d57b6ef9e19a6e0f9c5a9d7f,1b18048e3d9330a4ddd611efe4ffbc8da96f0909,持卡人消费,硕果园（工大商店）,-11.0,188.53,4888,正常
2016/04/16 17:52:59,486ec8da58a1ed80d57b6ef9e19a6e0f9c5a9d7f,1b18048e3d9330a4ddd611efe4ffbc8da96f0909,持卡人消费,学士楼商务网关,-8.0,180.53,4889,正常
2016/04/17 11:00:46,486ec8da58a1ed80d57b6ef9e19a6e0f9c5a9d7f,1b18048e3d9330a4ddd611efe4ffbc8da96f0909,持卡人消费,硕果园（工大商店）,-8.0,172.53,4890,正常
2016/04/18 08:00:18,486ec8da58a1ed80d57b6ef9e19a6e0f9c5a9d7f,1b18048e3d9330a4ddd611efe4ffbc8da96f0909,持卡人消费,学苑楼商务网关,-1.5,171.03,4891,正常
2016/04/18 18:32:48,486ec8da58a1ed80d57b6ef9e19a6e0f9c5a9d7f,1b18048e3d9330a4ddd611efe4ffbc8da96f0909,持卡人消费,硕果园（工大商店）,-13.4,157.63,4892,正常
2016/04/19 08:08:39,486ec8da58a1ed80d57b6ef9e19a6e0f9c5a9d7f,1b18048e3d9330a4ddd611efe4ffbc8da96f0909,持卡人消费,学苑楼商务网关,-1.5,156.13,4893,正常
2016/04/19 12:06:17,486ec8da58a1ed80d57b6ef9e19a6e0f9c5a9d7f,1b18048e3d9330a4ddd611efe4ffbc8da96f0909,持卡人消费,学苑楼商务网关,-8.0,148.13,4894,正常
2016/04/19 14:19:31,486ec8da58a1ed80d57b6ef9e19a6e0f9c5a9d7f,1b18048e3d9330a4ddd611efe4ffbc8da96f0909,持卡人消费,一校区水控新,-0.38,147.75,4896,正常
2016/04/19 14:23:31,486ec8da58a1ed80d57b6ef9e19a6e0f9c5a9d7f,1b18048e3d9330a4ddd611efe4ffbc8da96f0909,持卡人消费,一校区水控新,-0.54,147.21,4898,正常
2016/04/19 14:28:07,486ec8da58a1ed80d57b6ef9e19a6e0f9c5a9d7f,1b18048e3d9330a4ddd611efe4ffbc8da96f0909,持卡人消费,一校区水控新,-0.43,146.78,4900,正常
2016/04/19 14:31:07,486ec8da58a1ed80d57b6ef9e19a6e0f9c5a9d7f,1b18048e3d9330a4ddd611efe4ffbc8da96f0909,持卡人消费,一校区水控新,-0.24,146.54,4902,正常
2016/04/19 14:35:29,486ec8da58a1ed80d57b6ef9e19a6e0f9c5a9d7f,1b18048e3d9330a4ddd611efe4ffbc8da96f0909,持卡人消费,一校区水控新,-0.4,146.14,4904,正常
2016/04/20 08:11:58,486ec8da58a1ed80d57b6ef9e19a6e0f9c5a9d7f,1b18048e3d9330a4ddd611efe4ffbc8da96f0909,持卡人消费,学苑楼商务网关,-1.2,144.94,4905,正常
2016/04/20 12:11:05,486ec8da58a1ed80d57b6ef9e19a6e0f9c5a9d7f,1b18048e3d9330a4ddd611efe4ffbc8da96f0909,持卡人消费,硕果园（工大商店）,-10.0,134.94,4906,正常
2016/04/21 10:59:52,486ec8da58a1ed80d57b6ef9e19a6e0f9c5a9d7f,1b18048e3d9330a4ddd611efe4ffbc8da96f0909,持卡人消费,学苑楼商务网关,-6.0,128.94,4907,正常
2016/04/22 07:51:49,486ec8da58a1ed80d57b6ef9e19a6e0f9c5a9d7f,1b18048e3d9330a4ddd611efe4ffbc8da96f0909,持卡人消费,学苑楼商务网关,-1.5,127.44,4908,正常
2016/04/22 11:42:13,486ec8da58a1ed80d57b6ef9e19a6e0f9c5a9d7f,1b18048e3d9330a4ddd611efe4ffbc8da96f0909,持卡人消费,学苑楼商务网关,-8.0,119.44,4909,正常
2016/04/22 11:43:00,486ec8da58a1ed80d57b6ef9e19a6e0f9c5a9d7f,1b18048e3d9330a4ddd611efe4ffbc8da96f0909,持卡人消费,学苑楼商务网关,-6.0,113.44,4910,正常
2016/04/22 18:52:11,486ec8da58a1ed80d57b6ef9e19a6e0f9c5a9d7f,1b18048e3d9330a4ddd611efe4ffbc8da96f0909,持卡人消费,硕果园（工大商店）,-14.0,99.44,4911,正常
2016/04/23 12:00:30,486ec8da58a1ed80d57b6ef9e19a6e0f9c5a9d7f,1b18048e3d9330a4ddd611efe4ffbc8da96f0909,持卡人消费,硕果园（工大商店）,-9.0,90.44,4912,正常
2016/04/24 08:47:19,486ec8da58a1ed80d57b6ef9e19a6e0f9c5a9d7f,1b18048e3d9330a4ddd611efe4ffbc8da96f0909,持卡人消费,超市商务子系统,-5.0,85.44,4913,正常
2016/04/24 12:14:28,486ec8da58a1ed80d57b6ef9e19a6e0f9c5a9d7f,1b18048e3d9330a4ddd611efe4ffbc8da96f0909,持卡人消费,硕果园（工大商店）,-10.0,75.44,4914,正常
2016/04/24 14:30:44,486ec8da58a1ed80d57b6ef9e19a6e0f9c5a9d7f,1b18048e3d9330a4ddd611efe4ffbc8da96f0909,持卡人消费,一校区水控新,-0.83,74.61,4916,正常
2016/04/24 14:32:29,486ec8da58a1ed80d57b6ef9e19a6e0f9c5a9d7f,1b18048e3d9330a4ddd611efe4ffbc8da96f0909,持卡人消费,一校区水控新,-0.18,74.43,4918,正常
2016/04/24 14:36:03,486ec8da58a1ed80d57b6ef9e19a6e0f9c5a9d7f,1b18048e3d9330a4ddd611efe4ffbc8da96f0909,持卡人消费,一校区水控新,-0.3,74.13,4920,正常
2016/04/24 14:40:39,486ec8da58a1ed80d57b6ef9e19a6e0f9c5a9d7f,1b18048e3d9330a4ddd611efe4ffbc8da96f0909,持卡人消费,一校区水控新,-0.4,73.73,4922,正常
2016/04/24 18:37:46,486ec8da58a1ed80d57b6ef9e19a6e0f9c5a9d7f,1b18048e3d9330a4ddd611efe4ffbc8da96f0909,持卡人消费,硕果园（工大商店）,-12.0,61.73,4923,正常
2016/04/25 12:03:39,486ec8da58a1ed80d57b6ef9e19a6e0f9c5a9d7f,1b18048e3d9330a4ddd611efe4ffbc8da96f0909,持卡人消费,硕果园（工大商店）,-7.0,54.73,4924,正常
2016/04/25 12:15:46,486ec8da58a1ed80d57b6ef9e19a6e0f9c5a9d7f,1b18048e3d9330a4ddd611efe4ffbc8da96f0909,持卡人消费,硕果园（工大商店）,-5.0,49.73,4925,正常
2016/04/25 18:07:48,486ec8da58a1ed80d57b6ef9e19a6e0f9c5a9d7f,1b18048e3d9330a4ddd611efe4ffbc8da96f0909,持卡人消费,硕果园（工大商店）,-12.0,37.73,4926,正常
2016/04/26 07:57:30,486ec8da58a1ed80d57b6ef9e19a6e0f9c5a9d7f,1b18048e3d9330a4ddd611efe4ffbc8da96f0909,持卡人消费,学苑楼商务网关,-1.5,36.23,4927,正常
2016/04/26 12:20:57,486ec8da58a1ed80d57b6ef9e19a6e0f9c5a9d7f,1b18048e3d9330a4ddd611efe4ffbc8da96f0909,持卡人消费,学苑楼商务网关,-9.0,27.23,4928,正常
2016/04/26 17:43:44,486ec8da58a1ed80d57b6ef9e19a6e0f9c5a9d7f,1b18048e3d9330a4ddd611efe4ffbc8da96f0909,持卡人消费,硕果园（工大商店）,-8.0,19.23,4929,正常
2016/04/26 17:43:47,486ec8da58a1ed80d57b6ef9e19a6e0f9c5a9d7f,1b18048e3d9330a4ddd611efe4ffbc8da96f0909,持卡人消费,硕果园（工大商店）,-1.0,18.23,4930,正常
2016/04/27 07:58:16,486ec8da58a1ed80d57b6ef9e19a6e0f9c5a9d7f,1b18048e3d9330a4ddd611efe4ffbc8da96f0909,存款,卡中心综合业务,300.0,318.23,4931,正常
2016/04/27 07:59:01,486ec8da58a1ed80d57b6ef9e19a6e0f9c5a9d7f,1b18048e3d9330a4ddd611efe4ffbc8da96f0909,持卡人消费,学苑楼商务网关,-1.5,316.73,4932,正常
2016/04/27 14:45:30,486ec8da58a1ed80d57b6ef9e19a6e0f9c5a9d7f,1b18048e3d9330a4ddd611efe4ffbc8da96f0909,持卡人消费,硕果园（工大商店）,-9.0,307.73,4933,正常
2016/04/27 14:47:53,486ec8da58a1ed80d57b6ef9e19a6e0f9c5a9d7f,1b18048e3d9330a4ddd611efe4ffbc8da96f0909,持卡人消费,硕果园（工大商店）,-5.0,302.73,4934,正常
2016/04/28 11:27:55,486ec8da58a1ed80d57b6ef9e19a6e0f9c5a9d7f,1b18048e3d9330a4ddd611efe4ffbc8da96f0909,持卡人消费,硕果园（工大商店）,-8.0,294.73,4935,正常
2016/04/28 18:29:15,486ec8da58a1ed80d57b6ef9e19a6e0f9c5a9d7f,1b18048e3d9330a4ddd611efe4ffbc8da96f0909,持卡人消费,硕果园（工大商店）,-12.0,282.73,4936,正常
2016/04/29 07:57:25,486ec8da58a1ed80d57b6ef9e19a6e0f9c5a9d7f,1b18048e3d9330a4ddd611efe4ffbc8da96f0909,持卡人消费,网络中心,-30.0,252.73,4937,正常
2016/04/29 08:07:52,486ec8da58a1ed80d57b6ef9e19a6e0f9c5a9d7f,1b18048e3d9330a4ddd611efe4ffbc8da96f0909,持卡人消费,学苑楼商务网关,-1.2,251.53,4938,正常
2016/04/29 11:38:54,486ec8da58a1ed80d57b6ef9e19a6e0f9c5a9d7f,1b18048e3d9330a4ddd611efe4ffbc8da96f0909,持卡人消费,学子楼商务网关,-7.2,244.33,4939,正常
2016/04/29 18:30:28,486ec8da58a1ed80d57b6ef9e19a6e0f9c5a9d7f,1b18048e3d9330a4ddd611efe4ffbc8da96f0909,持卡人消费,硕果园（工大商店）,-12.0,232.33,4940,正常
2016/04/29 18:50:54,486ec8da58a1ed80d57b6ef9e19a6e0f9c5a9d7f,1b18048e3d9330a4ddd611efe4ffbc8da96f0909,持卡人消费,硕果园（工大商店）,-5.0,227.33,4941,正常
2016/04/30 09:01:20,486ec8da58a1ed80d57b6ef9e19a6e0f9c5a9d7f,1b18048e3d9330a4ddd611efe4ffbc8da96f0909,持卡人消费,硕果园（工大商店）,-8.0,219.33,4942,正常
