交易发生时间,学号,姓名,交易类型,子系统名称,交易额,现有余额,次数,状态
2016/04/01 11:47:14,421d43aacbbc19cf8ba12a292c41a1355b9b6e6c,1b3a0e5b1a6ba5444516e5366bd7386481621a64,持卡人消费,学士楼商务网关,-8.8,51.34,4361,正常
2016/04/01 11:48:33,421d43aacbbc19cf8ba12a292c41a1355b9b6e6c,1b3a0e5b1a6ba5444516e5366bd7386481621a64,持卡人消费,学士楼商务网关,-1.5,49.84,4362,正常
2016/04/02 11:58:36,421d43aacbbc19cf8ba12a292c41a1355b9b6e6c,1b3a0e5b1a6ba5444516e5366bd7386481621a64,持卡人消费,学苑楼商务网关,-6.0,43.84,4363,正常
2016/04/02 11:59:06,421d43aacbbc19cf8ba12a292c41a1355b9b6e6c,1b3a0e5b1a6ba5444516e5366bd7386481621a64,持卡人消费,学苑楼商务网关,-9.0,34.84,4364,正常
2016/04/02 12:00:12,421d43aacbbc19cf8ba12a292c41a1355b9b6e6c,1b3a0e5b1a6ba5444516e5366bd7386481621a64,持卡人消费,学苑楼商务网关,-3.2,31.64,4365,正常
2016/04/02 12:01:29,421d43aacbbc19cf8ba12a292c41a1355b9b6e6c,1b3a0e5b1a6ba5444516e5366bd7386481621a64,存款,现金充值机,200.0,231.64,4366,正常
2016/04/02 12:20:36,421d43aacbbc19cf8ba12a292c41a1355b9b6e6c,1b3a0e5b1a6ba5444516e5366bd7386481621a64,持卡人消费,硕果园（工大商店）,-3.2,228.44,4367,正常
2016/04/03 08:04:18,421d43aacbbc19cf8ba12a292c41a1355b9b6e6c,1b3a0e5b1a6ba5444516e5366bd7386481621a64,持卡人消费,学士楼商务网关,-3.0,225.44,4368,正常
2016/04/03 08:04:41,421d43aacbbc19cf8ba12a292c41a1355b9b6e6c,1b3a0e5b1a6ba5444516e5366bd7386481621a64,持卡人消费,学士楼商务网关,-0.5,224.94,4369,正常
2016/04/03 11:04:00,421d43aacbbc19cf8ba12a292c41a1355b9b6e6c,1b3a0e5b1a6ba5444516e5366bd7386481621a64,持卡人消费,学苑楼商务网关,-15.0,209.94,4370,正常
2016/04/03 17:39:41,421d43aacbbc19cf8ba12a292c41a1355b9b6e6c,1b3a0e5b1a6ba5444516e5366bd7386481621a64,持卡人消费,学士楼商务网关,-3.0,206.94,4371,正常
2016/04/03 17:40:35,421d43aacbbc19cf8ba12a292c41a1355b9b6e6c,1b3a0e5b1a6ba5444516e5366bd7386481621a64,持卡人消费,学士楼商务网关,-0.5,206.44,4372,正常
2016/04/03 17:41:14,421d43aacbbc19cf8ba12a292c41a1355b9b6e6c,1b3a0e5b1a6ba5444516e5366bd7386481621a64,持卡人消费,学士楼商务网关,-4.6,201.84,4373,正常
2016/04/03 18:04:48,421d43aacbbc19cf8ba12a292c41a1355b9b6e6c,1b3a0e5b1a6ba5444516e5366bd7386481621a64,持卡人消费,超市商务子系统,-0.2,201.64,4374,正常
2016/04/05 16:56:13,421d43aacbbc19cf8ba12a292c41a1355b9b6e6c,1b3a0e5b1a6ba5444516e5366bd7386481621a64,持卡人消费,南苑网关,-3.6,198.04,4375,正常
2016/04/05 16:56:26,421d43aacbbc19cf8ba12a292c41a1355b9b6e6c,1b3a0e5b1a6ba5444516e5366bd7386481621a64,持卡人消费,南苑网关,-4.5,193.54,4376,正常
2016/04/06 10:26:01,421d43aacbbc19cf8ba12a292c41a1355b9b6e6c,1b3a0e5b1a6ba5444516e5366bd7386481621a64,持卡人消费,学苑楼商务网关,-7.0,186.54,4377,正常
2016/04/06 14:25:03,421d43aacbbc19cf8ba12a292c41a1355b9b6e6c,1b3a0e5b1a6ba5444516e5366bd7386481621a64,持卡人消费,一校区水控新,-1.1,185.44,4378,正常
2016/04/06 14:28:12,421d43aacbbc19cf8ba12a292c41a1355b9b6e6c,1b3a0e5b1a6ba5444516e5366bd7386481621a64,持卡人消费,一校区水控新,-0.25,185.19,4379,正常
2016/04/06 14:33:13,421d43aacbbc19cf8ba12a292c41a1355b9b6e6c,1b3a0e5b1a6ba5444516e5366bd7386481621a64,持卡人消费,一校区水控新,-0.28,184.91,4380,正常
2016/04/07 12:00:45,421d43aacbbc19cf8ba12a292c41a1355b9b6e6c,1b3a0e5b1a6ba5444516e5366bd7386481621a64,持卡人消费,学子超市园丁总店,-2.5,182.41,4381,正常
2016/04/08 11:47:23,421d43aacbbc19cf8ba12a292c41a1355b9b6e6c,1b3a0e5b1a6ba5444516e5366bd7386481621a64,持卡人消费,学苑楼商务网关,-6.0,176.41,4382,正常
2016/04/08 12:05:30,421d43aacbbc19cf8ba12a292c41a1355b9b6e6c,1b3a0e5b1a6ba5444516e5366bd7386481621a64,持卡人消费,硕果园（工大商店）,-8.0,168.41,4383,正常
2016/04/08 17:35:17,421d43aacbbc19cf8ba12a292c41a1355b9b6e6c,1b3a0e5b1a6ba5444516e5366bd7386481621a64,持卡人消费,学士楼商务网关,-3.0,165.41,4384,正常
2016/04/08 17:36:17,421d43aacbbc19cf8ba12a292c41a1355b9b6e6c,1b3a0e5b1a6ba5444516e5366bd7386481621a64,持卡人消费,学士楼商务网关,-0.4,165.01,4385,正常
2016/04/09 16:56:04,421d43aacbbc19cf8ba12a292c41a1355b9b6e6c,1b3a0e5b1a6ba5444516e5366bd7386481621a64,持卡人消费,南苑网关,-7.0,158.01,4386,正常
2016/04/09 16:57:21,421d43aacbbc19cf8ba12a292c41a1355b9b6e6c,1b3a0e5b1a6ba5444516e5366bd7386481621a64,持卡人消费,南苑网关,-2.0,156.01,4387,正常
2016/04/09 16:58:05,421d43aacbbc19cf8ba12a292c41a1355b9b6e6c,1b3a0e5b1a6ba5444516e5366bd7386481621a64,持卡人消费,南苑网关,-2.0,154.01,4388,正常
2016/04/10 11:17:44,421d43aacbbc19cf8ba12a292c41a1355b9b6e6c,1b3a0e5b1a6ba5444516e5366bd7386481621a64,持卡人消费,学苑楼商务网关,-7.0,147.01,4389,正常
2016/04/10 17:36:27,421d43aacbbc19cf8ba12a292c41a1355b9b6e6c,1b3a0e5b1a6ba5444516e5366bd7386481621a64,持卡人消费,学苑楼商务网关,-8.0,139.01,4390,正常
2016/04/10 17:40:11,421d43aacbbc19cf8ba12a292c41a1355b9b6e6c,1b3a0e5b1a6ba5444516e5366bd7386481621a64,持卡人消费,学苑楼商务网关,-3.0,136.01,4391,正常
2016/04/11 11:25:13,421d43aacbbc19cf8ba12a292c41a1355b9b6e6c,1b3a0e5b1a6ba5444516e5366bd7386481621a64,持卡人消费,南苑网关,-9.6,126.41,4392,正常
2016/04/11 11:27:49,421d43aacbbc19cf8ba12a292c41a1355b9b6e6c,1b3a0e5b1a6ba5444516e5366bd7386481621a64,持卡人消费,南苑网关,-0.2,126.21,4393,正常
2016/04/11 11:28:10,421d43aacbbc19cf8ba12a292c41a1355b9b6e6c,1b3a0e5b1a6ba5444516e5366bd7386481621a64,持卡人消费,南苑网关,-10.32,115.89,4394,正常
2016/04/11 16:58:47,421d43aacbbc19cf8ba12a292c41a1355b9b6e6c,1b3a0e5b1a6ba5444516e5366bd7386481621a64,持卡人消费,南苑网关,-9.0,106.89,4395,正常
2016/04/11 16:59:26,421d43aacbbc19cf8ba12a292c41a1355b9b6e6c,1b3a0e5b1a6ba5444516e5366bd7386481621a64,持卡人消费,南苑网关,-3.3,103.59,4396,正常
2016/04/12 17:37:11,421d43aacbbc19cf8ba12a292c41a1355b9b6e6c,1b3a0e5b1a6ba5444516e5366bd7386481621a64,持卡人消费,学士楼商务网关,-3.0,100.59,4397,正常
2016/04/12 17:37:42,421d43aacbbc19cf8ba12a292c41a1355b9b6e6c,1b3a0e5b1a6ba5444516e5366bd7386481621a64,持卡人消费,学士楼商务网关,-2.5,98.09,4398,正常
2016/04/12 18:02:09,421d43aacbbc19cf8ba12a292c41a1355b9b6e6c,1b3a0e5b1a6ba5444516e5366bd7386481621a64,持卡人消费,一校区水控新,-1.1,96.99,4400,正常
2016/04/12 18:04:49,421d43aacbbc19cf8ba12a292c41a1355b9b6e6c,1b3a0e5b1a6ba5444516e5366bd7386481621a64,持卡人消费,一校区水控新,-0.37,96.62,4402,正常
2016/04/13 11:14:54,421d43aacbbc19cf8ba12a292c41a1355b9b6e6c,1b3a0e5b1a6ba5444516e5366bd7386481621a64,持卡人消费,南苑网关,-12.48,84.14,4403,正常
2016/04/13 11:18:40,421d43aacbbc19cf8ba12a292c41a1355b9b6e6c,1b3a0e5b1a6ba5444516e5366bd7386481621a64,持卡人消费,南苑网关,-0.2,83.94,4404,正常
2016/04/13 11:18:53,421d43aacbbc19cf8ba12a292c41a1355b9b6e6c,1b3a0e5b1a6ba5444516e5366bd7386481621a64,持卡人消费,南苑网关,-7.68,76.26,4405,正常
2016/04/13 17:03:18,421d43aacbbc19cf8ba12a292c41a1355b9b6e6c,1b3a0e5b1a6ba5444516e5366bd7386481621a64,持卡人消费,学士楼商务网关,-5.1,71.16,4406,正常
2016/04/13 17:04:01,421d43aacbbc19cf8ba12a292c41a1355b9b6e6c,1b3a0e5b1a6ba5444516e5366bd7386481621a64,持卡人消费,学士楼商务网关,-2.0,69.16,4407,正常
2016/04/13 17:04:27,421d43aacbbc19cf8ba12a292c41a1355b9b6e6c,1b3a0e5b1a6ba5444516e5366bd7386481621a64,持卡人消费,学士楼商务网关,-1.5,67.66,4408,正常
2016/04/13 17:04:45,421d43aacbbc19cf8ba12a292c41a1355b9b6e6c,1b3a0e5b1a6ba5444516e5366bd7386481621a64,持卡人消费,学士楼商务网关,-5.8,61.86,4409,正常
2016/04/15 11:19:48,421d43aacbbc19cf8ba12a292c41a1355b9b6e6c,1b3a0e5b1a6ba5444516e5366bd7386481621a64,持卡人消费,学苑楼商务网关,-8.8,53.06,4410,正常
2016/04/15 17:19:52,421d43aacbbc19cf8ba12a292c41a1355b9b6e6c,1b3a0e5b1a6ba5444516e5366bd7386481621a64,持卡人消费,南苑网关,-12.3,40.76,4411,正常
2016/04/15 17:21:01,421d43aacbbc19cf8ba12a292c41a1355b9b6e6c,1b3a0e5b1a6ba5444516e5366bd7386481621a64,持卡人消费,南苑网关,-0.6,40.16,4412,正常
2016/04/16 08:17:18,421d43aacbbc19cf8ba12a292c41a1355b9b6e6c,1b3a0e5b1a6ba5444516e5366bd7386481621a64,持卡人消费,学士楼商务网关,-3.0,37.16,4413,正常
2016/04/16 08:18:06,421d43aacbbc19cf8ba12a292c41a1355b9b6e6c,1b3a0e5b1a6ba5444516e5366bd7386481621a64,持卡人消费,学士楼商务网关,-0.5,36.66,4414,正常
2016/04/16 17:23:30,421d43aacbbc19cf8ba12a292c41a1355b9b6e6c,1b3a0e5b1a6ba5444516e5366bd7386481621a64,持卡人消费,南苑网关,-3.6,33.06,4415,正常
2016/04/16 17:24:02,421d43aacbbc19cf8ba12a292c41a1355b9b6e6c,1b3a0e5b1a6ba5444516e5366bd7386481621a64,持卡人消费,南苑网关,-8.0,25.06,4416,正常
2016/04/17 11:27:53,421d43aacbbc19cf8ba12a292c41a1355b9b6e6c,1b3a0e5b1a6ba5444516e5366bd7386481621a64,持卡人消费,硕果园（工大商店）,-14.6,10.46,4417,正常
2016/04/18 11:09:34,421d43aacbbc19cf8ba12a292c41a1355b9b6e6c,1b3a0e5b1a6ba5444516e5366bd7386481621a64,存款,现金充值机,200.0,210.46,4418,正常
2016/04/18 11:31:10,421d43aacbbc19cf8ba12a292c41a1355b9b6e6c,1b3a0e5b1a6ba5444516e5366bd7386481621a64,持卡人消费,学苑楼商务网关,-8.8,201.66,4419,正常
2016/04/19 10:10:23,421d43aacbbc19cf8ba12a292c41a1355b9b6e6c,1b3a0e5b1a6ba5444516e5366bd7386481621a64,持卡人消费,硕果园（工大商店）,-10.0,191.66,4420,正常
2016/04/19 10:11:18,421d43aacbbc19cf8ba12a292c41a1355b9b6e6c,1b3a0e5b1a6ba5444516e5366bd7386481621a64,持卡人消费,硕果园（工大商店）,-4.0,187.66,4421,正常
2016/04/19 17:25:46,421d43aacbbc19cf8ba12a292c41a1355b9b6e6c,1b3a0e5b1a6ba5444516e5366bd7386481621a64,持卡人消费,学子楼商务网关,-7.2,180.46,4422,正常
2016/04/19 17:29:34,421d43aacbbc19cf8ba12a292c41a1355b9b6e6c,1b3a0e5b1a6ba5444516e5366bd7386481621a64,持卡人消费,学子楼商务网关,-3.5,176.96,4423,正常
2016/04/19 18:00:12,421d43aacbbc19cf8ba12a292c41a1355b9b6e6c,1b3a0e5b1a6ba5444516e5366bd7386481621a64,持卡人消费,一校区水控新,-1.18,175.78,4425,正常
2016/04/19 18:03:00,421d43aacbbc19cf8ba12a292c41a1355b9b6e6c,1b3a0e5b1a6ba5444516e5366bd7386481621a64,持卡人消费,一校区水控新,-0.38,175.40,4427,正常
2016/04/20 11:09:37,421d43aacbbc19cf8ba12a292c41a1355b9b6e6c,1b3a0e5b1a6ba5444516e5366bd7386481621a64,持卡人消费,学苑楼商务网关,-7.0,168.40,4428,正常
2016/04/20 11:12:26,421d43aacbbc19cf8ba12a292c41a1355b9b6e6c,1b3a0e5b1a6ba5444516e5366bd7386481621a64,持卡人消费,学苑楼商务网关,-3.5,164.90,4429,正常
2016/04/20 11:38:40,421d43aacbbc19cf8ba12a292c41a1355b9b6e6c,1b3a0e5b1a6ba5444516e5366bd7386481621a64,持卡人消费,超市商务子系统,-3.0,161.90,4430,正常
2016/04/20 17:55:17,421d43aacbbc19cf8ba12a292c41a1355b9b6e6c,1b3a0e5b1a6ba5444516e5366bd7386481621a64,持卡人消费,学士楼商务网关,-3.8,158.10,4431,正常
2016/04/21 11:47:52,421d43aacbbc19cf8ba12a292c41a1355b9b6e6c,1b3a0e5b1a6ba5444516e5366bd7386481621a64,持卡人消费,硕果园（工大商店）,-9.0,149.10,4432,正常
2016/04/22 11:26:27,421d43aacbbc19cf8ba12a292c41a1355b9b6e6c,1b3a0e5b1a6ba5444516e5366bd7386481621a64,持卡人消费,学苑楼商务网关,-9.0,140.10,4433,正常
2016/04/22 11:27:41,421d43aacbbc19cf8ba12a292c41a1355b9b6e6c,1b3a0e5b1a6ba5444516e5366bd7386481621a64,持卡人消费,学苑楼商务网关,-1.5,138.60,4434,正常
2016/04/22 11:43:20,421d43aacbbc19cf8ba12a292c41a1355b9b6e6c,1b3a0e5b1a6ba5444516e5366bd7386481621a64,持卡人消费,学苑楼商务网关,-4.1,134.50,4435,正常
2016/04/22 17:29:26,421d43aacbbc19cf8ba12a292c41a1355b9b6e6c,1b3a0e5b1a6ba5444516e5366bd7386481621a64,持卡人消费,学士楼商务网关,-0.5,134.00,4436,正常
2016/04/22 17:30:36,421d43aacbbc19cf8ba12a292c41a1355b9b6e6c,1b3a0e5b1a6ba5444516e5366bd7386481621a64,持卡人消费,学士楼商务网关,-0.63,133.37,4437,正常
2016/04/22 17:31:13,421d43aacbbc19cf8ba12a292c41a1355b9b6e6c,1b3a0e5b1a6ba5444516e5366bd7386481621a64,持卡人消费,学士楼商务网关,-4.0,129.37,4438,正常
2016/04/22 17:45:27,421d43aacbbc19cf8ba12a292c41a1355b9b6e6c,1b3a0e5b1a6ba5444516e5366bd7386481621a64,持卡人消费,网络中心,-30.0,99.37,4439,正常
2016/04/23 11:24:11,421d43aacbbc19cf8ba12a292c41a1355b9b6e6c,1b3a0e5b1a6ba5444516e5366bd7386481621a64,持卡人消费,南苑网关,-6.8,92.57,4440,正常
2016/04/23 11:25:21,421d43aacbbc19cf8ba12a292c41a1355b9b6e6c,1b3a0e5b1a6ba5444516e5366bd7386481621a64,持卡人消费,南苑网关,-3.0,89.57,4441,正常
2016/04/23 17:52:00,421d43aacbbc19cf8ba12a292c41a1355b9b6e6c,1b3a0e5b1a6ba5444516e5366bd7386481621a64,持卡人消费,学士楼商务网关,-0.6,88.97,4442,正常
2016/04/23 17:53:58,421d43aacbbc19cf8ba12a292c41a1355b9b6e6c,1b3a0e5b1a6ba5444516e5366bd7386481621a64,持卡人消费,学士楼商务网关,-4.0,84.97,4443,正常
2016/04/23 17:54:02,421d43aacbbc19cf8ba12a292c41a1355b9b6e6c,1b3a0e5b1a6ba5444516e5366bd7386481621a64,持卡人消费,学士楼商务网关,-2.6,82.37,4444,正常
2016/04/23 18:18:46,421d43aacbbc19cf8ba12a292c41a1355b9b6e6c,1b3a0e5b1a6ba5444516e5366bd7386481621a64,持卡人消费,超市商务子系统,-0.8,81.57,4445,正常
2016/04/24 08:01:44,421d43aacbbc19cf8ba12a292c41a1355b9b6e6c,1b3a0e5b1a6ba5444516e5366bd7386481621a64,持卡人消费,学士楼商务网关,-2.6,78.97,4446,正常
2016/04/24 08:02:02,421d43aacbbc19cf8ba12a292c41a1355b9b6e6c,1b3a0e5b1a6ba5444516e5366bd7386481621a64,持卡人消费,学士楼商务网关,-0.4,78.57,4447,正常
2016/04/24 17:45:26,421d43aacbbc19cf8ba12a292c41a1355b9b6e6c,1b3a0e5b1a6ba5444516e5366bd7386481621a64,持卡人消费,一校区水控新,-0.01,78.56,4448,正常
2016/04/24 17:47:51,421d43aacbbc19cf8ba12a292c41a1355b9b6e6c,1b3a0e5b1a6ba5444516e5366bd7386481621a64,持卡人消费,一校区水控新,-0.43,78.13,4449,正常
2016/04/24 17:50:09,421d43aacbbc19cf8ba12a292c41a1355b9b6e6c,1b3a0e5b1a6ba5444516e5366bd7386481621a64,持卡人消费,一校区水控新,-0.25,77.88,4450,正常
2016/04/24 19:04:57,421d43aacbbc19cf8ba12a292c41a1355b9b6e6c,1b3a0e5b1a6ba5444516e5366bd7386481621a64,持卡人消费,学子超市园丁总店,-9.2,68.68,4451,正常
2016/04/25 17:26:52,421d43aacbbc19cf8ba12a292c41a1355b9b6e6c,1b3a0e5b1a6ba5444516e5366bd7386481621a64,持卡人消费,学士楼商务网关,-3.5,65.18,4452,正常
2016/04/25 17:27:39,421d43aacbbc19cf8ba12a292c41a1355b9b6e6c,1b3a0e5b1a6ba5444516e5366bd7386481621a64,持卡人消费,学士楼商务网关,-2.5,62.68,4453,正常
2016/04/26 11:03:12,421d43aacbbc19cf8ba12a292c41a1355b9b6e6c,1b3a0e5b1a6ba5444516e5366bd7386481621a64,存款,学苑楼综合业务3,200.0,262.68,4454,正常
2016/04/26 11:06:41,421d43aacbbc19cf8ba12a292c41a1355b9b6e6c,1b3a0e5b1a6ba5444516e5366bd7386481621a64,持卡人消费,学苑楼商务网关,-4.0,258.68,4455,正常
2016/04/26 11:07:26,421d43aacbbc19cf8ba12a292c41a1355b9b6e6c,1b3a0e5b1a6ba5444516e5366bd7386481621a64,持卡人消费,学苑楼商务网关,-5.8,252.88,4456,正常
2016/04/26 11:28:37,421d43aacbbc19cf8ba12a292c41a1355b9b6e6c,1b3a0e5b1a6ba5444516e5366bd7386481621a64,持卡人消费,超市商务子系统,-7.0,245.88,4457,正常
2016/04/26 17:11:14,421d43aacbbc19cf8ba12a292c41a1355b9b6e6c,1b3a0e5b1a6ba5444516e5366bd7386481621a64,持卡人消费,学士楼商务网关,-2.5,243.38,4458,正常
2016/04/26 17:13:06,421d43aacbbc19cf8ba12a292c41a1355b9b6e6c,1b3a0e5b1a6ba5444516e5366bd7386481621a64,持卡人消费,学士楼商务网关,-4.0,239.38,4459,正常
2016/04/26 17:13:12,421d43aacbbc19cf8ba12a292c41a1355b9b6e6c,1b3a0e5b1a6ba5444516e5366bd7386481621a64,持卡人消费,学士楼商务网关,-3.5,235.88,4460,正常
2016/04/27 11:16:10,421d43aacbbc19cf8ba12a292c41a1355b9b6e6c,1b3a0e5b1a6ba5444516e5366bd7386481621a64,持卡人消费,学士楼商务网关,-9.9,225.98,4461,正常
2016/04/27 11:17:19,421d43aacbbc19cf8ba12a292c41a1355b9b6e6c,1b3a0e5b1a6ba5444516e5366bd7386481621a64,持卡人消费,学士楼商务网关,-3.0,222.98,4462,正常
2016/04/27 17:33:24,421d43aacbbc19cf8ba12a292c41a1355b9b6e6c,1b3a0e5b1a6ba5444516e5366bd7386481621a64,持卡人消费,学士楼商务网关,-8.4,214.58,4463,正常
2016/04/27 17:34:05,421d43aacbbc19cf8ba12a292c41a1355b9b6e6c,1b3a0e5b1a6ba5444516e5366bd7386481621a64,持卡人消费,学士楼商务网关,-4.0,210.58,4464,正常
2016/04/28 11:42:44,421d43aacbbc19cf8ba12a292c41a1355b9b6e6c,1b3a0e5b1a6ba5444516e5366bd7386481621a64,持卡人消费,学苑楼商务网关,-8.8,201.78,4465,正常
2016/04/28 17:31:43,421d43aacbbc19cf8ba12a292c41a1355b9b6e6c,1b3a0e5b1a6ba5444516e5366bd7386481621a64,持卡人消费,学士楼商务网关,-2.1,199.68,4466,正常
2016/04/28 17:33:03,421d43aacbbc19cf8ba12a292c41a1355b9b6e6c,1b3a0e5b1a6ba5444516e5366bd7386481621a64,持卡人消费,学士楼商务网关,-4.0,195.68,4467,正常
2016/04/28 17:33:35,421d43aacbbc19cf8ba12a292c41a1355b9b6e6c,1b3a0e5b1a6ba5444516e5366bd7386481621a64,持卡人消费,学士楼商务网关,-2.5,193.18,4468,正常
2016/04/28 17:58:56,421d43aacbbc19cf8ba12a292c41a1355b9b6e6c,1b3a0e5b1a6ba5444516e5366bd7386481621a64,持卡人消费,超市商务子系统,-3.1,190.08,4469,正常
2016/04/28 17:59:02,421d43aacbbc19cf8ba12a292c41a1355b9b6e6c,1b3a0e5b1a6ba5444516e5366bd7386481621a64,持卡人消费,超市商务子系统,-0.2,189.88,4470,正常
2016/04/29 17:40:35,421d43aacbbc19cf8ba12a292c41a1355b9b6e6c,1b3a0e5b1a6ba5444516e5366bd7386481621a64,持卡人消费,学苑楼商务网关,-4.0,185.88,4471,正常
2016/04/29 17:41:25,421d43aacbbc19cf8ba12a292c41a1355b9b6e6c,1b3a0e5b1a6ba5444516e5366bd7386481621a64,持卡人消费,学苑楼商务网关,-1.0,184.88,4472,正常
2016/04/29 17:41:27,421d43aacbbc19cf8ba12a292c41a1355b9b6e6c,1b3a0e5b1a6ba5444516e5366bd7386481621a64,持卡人消费,学苑楼商务网关,-0.5,184.38,4473,正常
2016/04/29 18:05:05,421d43aacbbc19cf8ba12a292c41a1355b9b6e6c,1b3a0e5b1a6ba5444516e5366bd7386481621a64,持卡人消费,超市商务子系统,-7.6,176.78,4474,正常
2016/04/30 11:47:07,421d43aacbbc19cf8ba12a292c41a1355b9b6e6c,1b3a0e5b1a6ba5444516e5366bd7386481621a64,持卡人消费,学苑楼商务网关,-12.0,164.78,4475,正常
2016/04/30 12:09:53,421d43aacbbc19cf8ba12a292c41a1355b9b6e6c,1b3a0e5b1a6ba5444516e5366bd7386481621a64,持卡人消费,超市商务子系统,-3.8,160.98,4476,正常
2016/04/30 19:34:04,421d43aacbbc19cf8ba12a292c41a1355b9b6e6c,1b3a0e5b1a6ba5444516e5366bd7386481621a64,持卡人消费,一校区水控新,-0.01,160.97,4477,正常
2016/04/30 19:38:47,421d43aacbbc19cf8ba12a292c41a1355b9b6e6c,1b3a0e5b1a6ba5444516e5366bd7386481621a64,持卡人消费,一校区水控新,-0.62,160.35,4478,正常
2016/04/30 19:41:37,421d43aacbbc19cf8ba12a292c41a1355b9b6e6c,1b3a0e5b1a6ba5444516e5366bd7386481621a64,持卡人消费,一校区水控新,-0.36,159.99,4479,正常
