交易发生时间,学号,姓名,交易类型,子系统名称,交易额,现有余额,次数,状态
2016/04/05 17:18:02,3a1b99711424e6bc6ede068b3db71e2e1022a00e,1be873f5602796c3fa9e3e5614fa7753c30225d3,持卡人消费,超市商务子系统,-0.3,16.00,3137,正常
2016/04/06 08:13:10,3a1b99711424e6bc6ede068b3db71e2e1022a00e,1be873f5602796c3fa9e3e5614fa7753c30225d3,持卡人消费,学士楼商务网关,-3.2,12.80,3138,正常
2016/04/07 17:07:14,3a1b99711424e6bc6ede068b3db71e2e1022a00e,1be873f5602796c3fa9e3e5614fa7753c30225d3,存款,卡中心综合业务,100.0,112.80,3139,正常
2016/04/07 17:08:28,3a1b99711424e6bc6ede068b3db71e2e1022a00e,1be873f5602796c3fa9e3e5614fa7753c30225d3,持卡人消费,学苑楼商务网关,-7.0,105.80,3140,正常
2016/04/10 11:55:19,3a1b99711424e6bc6ede068b3db71e2e1022a00e,1be873f5602796c3fa9e3e5614fa7753c30225d3,持卡人消费,学苑楼商务网关,-7.0,98.80,3141,正常
2016/04/10 18:12:18,3a1b99711424e6bc6ede068b3db71e2e1022a00e,1be873f5602796c3fa9e3e5614fa7753c30225d3,持卡人消费,硕果园（工大商店）,-14.0,84.80,3142,正常
2016/04/11 08:23:41,3a1b99711424e6bc6ede068b3db71e2e1022a00e,1be873f5602796c3fa9e3e5614fa7753c30225d3,持卡人消费,学士楼商务网关,-4.1,80.70,3143,正常
2016/04/11 11:26:37,3a1b99711424e6bc6ede068b3db71e2e1022a00e,1be873f5602796c3fa9e3e5614fa7753c30225d3,持卡人消费,学士楼商务网关,-4.5,76.20,3144,正常
2016/04/12 08:17:31,3a1b99711424e6bc6ede068b3db71e2e1022a00e,1be873f5602796c3fa9e3e5614fa7753c30225d3,持卡人消费,学士楼商务网关,-4.1,72.10,3145,正常
2016/04/12 10:30:09,3a1b99711424e6bc6ede068b3db71e2e1022a00e,1be873f5602796c3fa9e3e5614fa7753c30225d3,持卡人消费,硕果园（工大商店）,-12.0,60.10,3146,正常
2016/04/14 21:00:47,3a1b99711424e6bc6ede068b3db71e2e1022a00e,1be873f5602796c3fa9e3e5614fa7753c30225d3,持卡人消费,学子超市园丁总店,-3.2,56.90,3147,正常
2016/04/17 18:23:57,3a1b99711424e6bc6ede068b3db71e2e1022a00e,1be873f5602796c3fa9e3e5614fa7753c30225d3,持卡人消费,学苑楼商务网关,-7.0,49.90,3148,正常
2016/04/17 19:16:12,3a1b99711424e6bc6ede068b3db71e2e1022a00e,1be873f5602796c3fa9e3e5614fa7753c30225d3,持卡人消费,超市商务子系统,-4.2,45.70,3149,正常
2016/04/18 15:09:33,3a1b99711424e6bc6ede068b3db71e2e1022a00e,1be873f5602796c3fa9e3e5614fa7753c30225d3,持卡人消费,超市商务子系统,-5.5,40.20,3150,正常
2016/04/18 20:27:27,3a1b99711424e6bc6ede068b3db71e2e1022a00e,1be873f5602796c3fa9e3e5614fa7753c30225d3,持卡人消费,超市商务子系统,-7.9,32.30,3151,正常
2016/04/20 17:16:50,3a1b99711424e6bc6ede068b3db71e2e1022a00e,1be873f5602796c3fa9e3e5614fa7753c30225d3,持卡人消费,学苑楼商务网关,-6.0,26.30,3152,正常
2016/04/21 12:24:37,3a1b99711424e6bc6ede068b3db71e2e1022a00e,1be873f5602796c3fa9e3e5614fa7753c30225d3,持卡人消费,超市商务子系统,-6.0,20.30,3153,正常
2016/04/21 17:22:09,3a1b99711424e6bc6ede068b3db71e2e1022a00e,1be873f5602796c3fa9e3e5614fa7753c30225d3,持卡人消费,学苑楼商务网关,-7.32,12.98,3154,正常
2016/04/21 18:20:45,3a1b99711424e6bc6ede068b3db71e2e1022a00e,1be873f5602796c3fa9e3e5614fa7753c30225d3,持卡人消费,超市商务子系统,-6.0,6.98,3155,正常
2016/04/25 18:13:17,3a1b99711424e6bc6ede068b3db71e2e1022a00e,1be873f5602796c3fa9e3e5614fa7753c30225d3,持卡人消费,15公寓浴池,-0.61,6.37,3157,正常
2016/04/25 18:20:21,3a1b99711424e6bc6ede068b3db71e2e1022a00e,1be873f5602796c3fa9e3e5614fa7753c30225d3,持卡人消费,15公寓浴池,-0.38,5.99,3159,正常
2016/04/25 18:28:50,3a1b99711424e6bc6ede068b3db71e2e1022a00e,1be873f5602796c3fa9e3e5614fa7753c30225d3,持卡人消费,15公寓浴池,-0.93,5.06,3161,正常
2016/04/25 18:29:04,3a1b99711424e6bc6ede068b3db71e2e1022a00e,1be873f5602796c3fa9e3e5614fa7753c30225d3,持卡人消费,15公寓浴池,-0.02,5.04,3163,正常
2016/04/25 18:33:51,3a1b99711424e6bc6ede068b3db71e2e1022a00e,1be873f5602796c3fa9e3e5614fa7753c30225d3,持卡人消费,15公寓浴池,-0.53,4.51,3165,正常
