交易发生时间,学号,姓名,交易类型,子系统名称,交易额,现有余额,次数,状态
2016/04/01 09:11:59,dd39c900c442be1c041a279e00374ddad2e4b4a3,1bfcf6e5c4dc110649179869369035bb3565feea,持卡人消费,学子便利店A01后楼,-5.8,22.30,3880,正常
2016/04/01 11:31:36,dd39c900c442be1c041a279e00374ddad2e4b4a3,1bfcf6e5c4dc110649179869369035bb3565feea,持卡人消费,学子便利店A01后楼,-1.5,20.80,3881,正常
2016/04/01 18:10:32,dd39c900c442be1c041a279e00374ddad2e4b4a3,1bfcf6e5c4dc110649179869369035bb3565feea,持卡人消费,学子便利店A01后楼,-9.1,11.70,3882,正常
2016/04/02 20:03:44,dd39c900c442be1c041a279e00374ddad2e4b4a3,1bfcf6e5c4dc110649179869369035bb3565feea,持卡人消费,学子便利店A01后楼,-4.8,6.90,3883,正常
2016/04/04 13:57:17,dd39c900c442be1c041a279e00374ddad2e4b4a3,1bfcf6e5c4dc110649179869369035bb3565feea,持卡人消费,学子便利店A01后楼,-1.5,5.40,3884,正常
2016/04/05 18:53:07,dd39c900c442be1c041a279e00374ddad2e4b4a3,1bfcf6e5c4dc110649179869369035bb3565feea,持卡人消费,学子便利店A01后楼,-1.5,3.90,3885,正常
2016/04/09 12:54:30,dd39c900c442be1c041a279e00374ddad2e4b4a3,1bfcf6e5c4dc110649179869369035bb3565feea,持卡人消费,学子便利店A01后楼,-0.7,3.20,3886,正常
2016/04/10 13:24:09,dd39c900c442be1c041a279e00374ddad2e4b4a3,1bfcf6e5c4dc110649179869369035bb3565feea,持卡人消费,学子便利店A01后楼,-0.4,2.80,3887,正常
2016/04/11 13:14:19,dd39c900c442be1c041a279e00374ddad2e4b4a3,1bfcf6e5c4dc110649179869369035bb3565feea,持卡人消费,学子便利店A01后楼,-0.5,2.30,3888,正常
2016/04/11 21:03:18,dd39c900c442be1c041a279e00374ddad2e4b4a3,1bfcf6e5c4dc110649179869369035bb3565feea,持卡人消费,学子便利店A01后楼,-0.4,1.90,3889,正常
2016/04/12 14:04:06,dd39c900c442be1c041a279e00374ddad2e4b4a3,1bfcf6e5c4dc110649179869369035bb3565feea,持卡人消费,学子便利店A01后楼,-0.5,1.40,3890,正常
2016/04/13 19:01:20,dd39c900c442be1c041a279e00374ddad2e4b4a3,1bfcf6e5c4dc110649179869369035bb3565feea,持卡人消费,学子便利店A01后楼,-0.4,1.00,3891,正常
2016/04/14 21:15:34,dd39c900c442be1c041a279e00374ddad2e4b4a3,1bfcf6e5c4dc110649179869369035bb3565feea,持卡人消费,学子便利店A01后楼,-0.4,0.60,3892,正常
2016/04/17 20:04:50,dd39c900c442be1c041a279e00374ddad2e4b4a3,1bfcf6e5c4dc110649179869369035bb3565feea,持卡人消费,学子便利店A01后楼,-0.2,0.40,3893,正常
2016/04/29 14:32:50,dd39c900c442be1c041a279e00374ddad2e4b4a3,1bfcf6e5c4dc110649179869369035bb3565feea,持卡人消费,学子便利店A01后楼,-0.3,0.10,3894,正常
2016/04/29 17:40:25,dd39c900c442be1c041a279e00374ddad2e4b4a3,1bfcf6e5c4dc110649179869369035bb3565feea,存款,现金充值机,100.0,100.10,3895,正常
2016/04/29 18:01:24,dd39c900c442be1c041a279e00374ddad2e4b4a3,1bfcf6e5c4dc110649179869369035bb3565feea,持卡人消费,学苑楼商务网关,-8.0,92.10,3896,正常
2016/04/29 18:03:23,dd39c900c442be1c041a279e00374ddad2e4b4a3,1bfcf6e5c4dc110649179869369035bb3565feea,持卡人消费,学苑楼商务网关,-1.5,90.60,3897,正常
2016/04/29 18:48:14,dd39c900c442be1c041a279e00374ddad2e4b4a3,1bfcf6e5c4dc110649179869369035bb3565feea,持卡人消费,15公寓浴池,-2.0,88.60,3898,正常
2016/04/29 18:55:36,dd39c900c442be1c041a279e00374ddad2e4b4a3,1bfcf6e5c4dc110649179869369035bb3565feea,持卡人消费,15公寓浴池,-1.33,87.27,3900,正常
2016/04/29 19:04:01,dd39c900c442be1c041a279e00374ddad2e4b4a3,1bfcf6e5c4dc110649179869369035bb3565feea,持卡人消费,15公寓浴池,-0.78,86.49,3902,正常
2016/04/29 21:05:15,dd39c900c442be1c041a279e00374ddad2e4b4a3,1bfcf6e5c4dc110649179869369035bb3565feea,持卡人消费,网络中心,-30.0,56.49,3903,正常
