交易发生时间,学号,姓名,交易类型,子系统名称,交易额,现有余额,次数,状态
2016/04/11 17:58:27,5aa3ab0ecb6c0d4a2081034ce202e61df933d7f9,1c3f26f8161757a6adbad12c740edc01f65258ad,存款,学苑楼综合业务3,250.0,250.65,3025,正常
2016/04/12 07:08:15,5aa3ab0ecb6c0d4a2081034ce202e61df933d7f9,1c3f26f8161757a6adbad12c740edc01f65258ad,持卡人消费,学士楼商务网关,-5.3,245.35,3026,正常
2016/04/12 17:53:41,5aa3ab0ecb6c0d4a2081034ce202e61df933d7f9,1c3f26f8161757a6adbad12c740edc01f65258ad,持卡人消费,学士楼商务网关,-4.76,240.59,3027,正常
2016/04/12 17:55:07,5aa3ab0ecb6c0d4a2081034ce202e61df933d7f9,1c3f26f8161757a6adbad12c740edc01f65258ad,持卡人消费,学士楼商务网关,-5.2,235.39,3028,正常
2016/04/13 18:40:27,5aa3ab0ecb6c0d4a2081034ce202e61df933d7f9,1c3f26f8161757a6adbad12c740edc01f65258ad,持卡人消费,A7,-3.0,232.39,3029,正常
2016/04/13 18:50:53,5aa3ab0ecb6c0d4a2081034ce202e61df933d7f9,1c3f26f8161757a6adbad12c740edc01f65258ad,持卡人消费,硕果园（工大商店）,-13.5,218.89,3030,正常
2016/04/13 19:08:55,5aa3ab0ecb6c0d4a2081034ce202e61df933d7f9,1c3f26f8161757a6adbad12c740edc01f65258ad,持卡人消费,硕果园（工大商店）,-7.5,211.39,3031,正常
2016/04/14 07:06:32,5aa3ab0ecb6c0d4a2081034ce202e61df933d7f9,1c3f26f8161757a6adbad12c740edc01f65258ad,持卡人消费,学士楼商务网关,-3.7,207.69,3032,正常
2016/04/14 11:35:25,5aa3ab0ecb6c0d4a2081034ce202e61df933d7f9,1c3f26f8161757a6adbad12c740edc01f65258ad,持卡人消费,硕果园（工大商店）,-14.0,193.69,3033,正常
2016/04/14 11:36:47,5aa3ab0ecb6c0d4a2081034ce202e61df933d7f9,1c3f26f8161757a6adbad12c740edc01f65258ad,持卡人消费,硕果园（工大商店）,-6.0,187.69,3034,正常
2016/04/14 18:58:15,5aa3ab0ecb6c0d4a2081034ce202e61df933d7f9,1c3f26f8161757a6adbad12c740edc01f65258ad,持卡人消费,硕果园（工大商店）,-10.0,177.69,3035,正常
2016/04/14 19:07:18,5aa3ab0ecb6c0d4a2081034ce202e61df933d7f9,1c3f26f8161757a6adbad12c740edc01f65258ad,持卡人消费,硕果园（工大商店）,-5.0,172.69,3036,正常
2016/04/15 07:07:12,5aa3ab0ecb6c0d4a2081034ce202e61df933d7f9,1c3f26f8161757a6adbad12c740edc01f65258ad,持卡人消费,学士楼商务网关,-4.1,168.59,3037,正常
2016/04/15 07:07:58,5aa3ab0ecb6c0d4a2081034ce202e61df933d7f9,1c3f26f8161757a6adbad12c740edc01f65258ad,持卡人消费,学士楼商务网关,-5.0,163.59,3038,正常
2016/04/15 19:34:58,5aa3ab0ecb6c0d4a2081034ce202e61df933d7f9,1c3f26f8161757a6adbad12c740edc01f65258ad,持卡人消费,硕果园（工大商店）,-13.5,150.09,3039,正常
2016/04/17 07:53:00,5aa3ab0ecb6c0d4a2081034ce202e61df933d7f9,1c3f26f8161757a6adbad12c740edc01f65258ad,持卡人消费,硕果园（工大商店）,-8.5,141.59,3040,正常
2016/04/17 17:32:03,5aa3ab0ecb6c0d4a2081034ce202e61df933d7f9,1c3f26f8161757a6adbad12c740edc01f65258ad,持卡人消费,学士楼商务网关,-3.36,138.23,3041,正常
2016/04/17 17:34:11,5aa3ab0ecb6c0d4a2081034ce202e61df933d7f9,1c3f26f8161757a6adbad12c740edc01f65258ad,持卡人消费,学士楼商务网关,-8.5,129.73,3042,正常
2016/04/17 18:30:03,5aa3ab0ecb6c0d4a2081034ce202e61df933d7f9,1c3f26f8161757a6adbad12c740edc01f65258ad,持卡人消费,A7,-3.0,126.73,3043,正常
2016/04/17 18:56:56,5aa3ab0ecb6c0d4a2081034ce202e61df933d7f9,1c3f26f8161757a6adbad12c740edc01f65258ad,持卡人消费,A7,-3.0,123.73,3044,正常
2016/04/18 07:03:57,5aa3ab0ecb6c0d4a2081034ce202e61df933d7f9,1c3f26f8161757a6adbad12c740edc01f65258ad,持卡人消费,学士楼商务网关,-7.4,116.33,3045,正常
2016/04/18 18:40:55,5aa3ab0ecb6c0d4a2081034ce202e61df933d7f9,1c3f26f8161757a6adbad12c740edc01f65258ad,持卡人消费,游泳馆,-6.0,110.33,3046,正常
2016/04/19 07:22:14,5aa3ab0ecb6c0d4a2081034ce202e61df933d7f9,1c3f26f8161757a6adbad12c740edc01f65258ad,持卡人消费,学士楼商务网关,-6.4,103.93,3047,正常
2016/04/19 12:19:23,5aa3ab0ecb6c0d4a2081034ce202e61df933d7f9,1c3f26f8161757a6adbad12c740edc01f65258ad,持卡人消费,硕果园（工大商店）,-13.5,90.43,3048,正常
2016/04/19 17:39:54,5aa3ab0ecb6c0d4a2081034ce202e61df933d7f9,1c3f26f8161757a6adbad12c740edc01f65258ad,持卡人消费,学士楼商务网关,-4.2,86.23,3049,正常
2016/04/19 17:41:46,5aa3ab0ecb6c0d4a2081034ce202e61df933d7f9,1c3f26f8161757a6adbad12c740edc01f65258ad,持卡人消费,学士楼商务网关,-10.5,75.73,3050,正常
2016/04/20 07:01:15,5aa3ab0ecb6c0d4a2081034ce202e61df933d7f9,1c3f26f8161757a6adbad12c740edc01f65258ad,持卡人消费,学士楼商务网关,-6.2,69.53,3051,正常
2016/04/20 17:36:25,5aa3ab0ecb6c0d4a2081034ce202e61df933d7f9,1c3f26f8161757a6adbad12c740edc01f65258ad,持卡人消费,学士楼商务网关,-3.36,66.17,3052,正常
2016/04/20 17:38:23,5aa3ab0ecb6c0d4a2081034ce202e61df933d7f9,1c3f26f8161757a6adbad12c740edc01f65258ad,持卡人消费,学士楼商务网关,-8.7,57.47,3053,正常
2016/04/21 07:44:30,5aa3ab0ecb6c0d4a2081034ce202e61df933d7f9,1c3f26f8161757a6adbad12c740edc01f65258ad,持卡人消费,学士楼商务网关,-5.5,51.97,3054,正常
2016/04/22 07:05:54,5aa3ab0ecb6c0d4a2081034ce202e61df933d7f9,1c3f26f8161757a6adbad12c740edc01f65258ad,持卡人消费,学士楼商务网关,-4.6,47.37,3055,正常
2016/04/22 12:01:09,5aa3ab0ecb6c0d4a2081034ce202e61df933d7f9,1c3f26f8161757a6adbad12c740edc01f65258ad,持卡人消费,学士楼商务网关,-5.04,42.33,3056,正常
2016/04/22 12:03:26,5aa3ab0ecb6c0d4a2081034ce202e61df933d7f9,1c3f26f8161757a6adbad12c740edc01f65258ad,持卡人消费,学士楼商务网关,-10.5,31.83,3057,正常
2016/04/22 17:39:54,5aa3ab0ecb6c0d4a2081034ce202e61df933d7f9,1c3f26f8161757a6adbad12c740edc01f65258ad,持卡人消费,硕果园（工大商店）,-13.5,18.33,3058,正常
2016/04/24 08:24:57,5aa3ab0ecb6c0d4a2081034ce202e61df933d7f9,1c3f26f8161757a6adbad12c740edc01f65258ad,持卡人消费,学士楼商务网关,-4.7,13.63,3059,正常
2016/04/24 08:25:12,5aa3ab0ecb6c0d4a2081034ce202e61df933d7f9,1c3f26f8161757a6adbad12c740edc01f65258ad,持卡人消费,学士楼商务网关,-1.0,12.63,3060,正常
2016/04/24 17:18:51,5aa3ab0ecb6c0d4a2081034ce202e61df933d7f9,1c3f26f8161757a6adbad12c740edc01f65258ad,存款,学苑楼综合业务3,300.0,312.63,3061,正常
2016/04/24 17:21:41,5aa3ab0ecb6c0d4a2081034ce202e61df933d7f9,1c3f26f8161757a6adbad12c740edc01f65258ad,持卡人消费,学士楼商务网关,-3.9,308.73,3062,正常
2016/04/24 17:24:45,5aa3ab0ecb6c0d4a2081034ce202e61df933d7f9,1c3f26f8161757a6adbad12c740edc01f65258ad,持卡人消费,学士楼商务网关,-6.1,302.63,3063,正常
2016/04/25 07:09:59,5aa3ab0ecb6c0d4a2081034ce202e61df933d7f9,1c3f26f8161757a6adbad12c740edc01f65258ad,持卡人消费,学士楼商务网关,-4.7,297.93,3064,正常
2016/04/25 16:36:46,5aa3ab0ecb6c0d4a2081034ce202e61df933d7f9,1c3f26f8161757a6adbad12c740edc01f65258ad,持卡人消费,一校区水控新,-2.0,295.93,3065,正常
2016/04/25 16:45:48,5aa3ab0ecb6c0d4a2081034ce202e61df933d7f9,1c3f26f8161757a6adbad12c740edc01f65258ad,持卡人消费,一校区水控新,-1.71,294.22,3067,正常
2016/04/26 07:16:27,5aa3ab0ecb6c0d4a2081034ce202e61df933d7f9,1c3f26f8161757a6adbad12c740edc01f65258ad,持卡人消费,学士楼商务网关,-5.2,289.02,3068,正常
2016/04/27 07:06:55,5aa3ab0ecb6c0d4a2081034ce202e61df933d7f9,1c3f26f8161757a6adbad12c740edc01f65258ad,持卡人消费,学士楼商务网关,-7.1,281.92,3069,正常
2016/04/27 17:22:22,5aa3ab0ecb6c0d4a2081034ce202e61df933d7f9,1c3f26f8161757a6adbad12c740edc01f65258ad,持卡人消费,硕果园（工大商店）,-13.5,268.42,3070,正常
2016/04/28 16:02:22,5aa3ab0ecb6c0d4a2081034ce202e61df933d7f9,1c3f26f8161757a6adbad12c740edc01f65258ad,持卡人消费,学子超市园丁总店,-4.0,264.42,3071,正常
2016/04/28 16:03:00,5aa3ab0ecb6c0d4a2081034ce202e61df933d7f9,1c3f26f8161757a6adbad12c740edc01f65258ad,持卡人消费,学子超市园丁总店,-7.8,256.62,3072,正常
