交易发生时间,学号,姓名,交易类型,子系统名称,交易额,现有余额,次数,状态
2016/04/01 11:44:25,ad761d034a09270c0c08868aaaa9417737b751ff,1c4c2acda8d9e15e744df1cab4796b12c176bbea,持卡人消费,四食堂商务网关,-9.12,322.60,6994,正常
2016/04/01 12:06:05,ad761d034a09270c0c08868aaaa9417737b751ff,1c4c2acda8d9e15e744df1cab4796b12c176bbea,持卡人消费,四食堂商务网关,-3.4,319.20,6995,正常
2016/04/01 19:38:11,ad761d034a09270c0c08868aaaa9417737b751ff,1c4c2acda8d9e15e744df1cab4796b12c176bbea,持卡人消费,二区水控,-0.69,318.51,6997,正常
2016/04/01 19:42:26,ad761d034a09270c0c08868aaaa9417737b751ff,1c4c2acda8d9e15e744df1cab4796b12c176bbea,持卡人消费,二区水控,-0.43,318.08,6999,正常
2016/04/01 19:48:59,ad761d034a09270c0c08868aaaa9417737b751ff,1c4c2acda8d9e15e744df1cab4796b12c176bbea,持卡人消费,二区水控,-0.83,317.25,7001,正常
2016/04/02 11:09:23,ad761d034a09270c0c08868aaaa9417737b751ff,1c4c2acda8d9e15e744df1cab4796b12c176bbea,持卡人消费,九食堂商务网关,-12.0,305.25,7002,正常
2016/04/02 11:23:51,ad761d034a09270c0c08868aaaa9417737b751ff,1c4c2acda8d9e15e744df1cab4796b12c176bbea,持卡人消费,九食堂商务网关,-2.6,302.65,7003,正常
2016/04/02 16:56:49,ad761d034a09270c0c08868aaaa9417737b751ff,1c4c2acda8d9e15e744df1cab4796b12c176bbea,持卡人消费,九食堂商务网关,-3.5,299.15,7004,正常
2016/04/02 16:57:41,ad761d034a09270c0c08868aaaa9417737b751ff,1c4c2acda8d9e15e744df1cab4796b12c176bbea,持卡人消费,九食堂商务网关,-3.0,296.15,7005,正常
2016/04/02 18:44:29,ad761d034a09270c0c08868aaaa9417737b751ff,1c4c2acda8d9e15e744df1cab4796b12c176bbea,持卡人消费,二区水控,-0.67,295.48,7007,正常
2016/04/02 18:59:46,ad761d034a09270c0c08868aaaa9417737b751ff,1c4c2acda8d9e15e744df1cab4796b12c176bbea,持卡人消费,二区水控,-2.45,293.03,7009,正常
2016/04/03 17:48:51,ad761d034a09270c0c08868aaaa9417737b751ff,1c4c2acda8d9e15e744df1cab4796b12c176bbea,持卡人消费,二区水控,-1.09,291.94,7011,正常
2016/04/03 18:05:43,ad761d034a09270c0c08868aaaa9417737b751ff,1c4c2acda8d9e15e744df1cab4796b12c176bbea,持卡人消费,二区水控,-2.59,289.35,7013,正常
2016/04/04 11:24:36,ad761d034a09270c0c08868aaaa9417737b751ff,1c4c2acda8d9e15e744df1cab4796b12c176bbea,持卡人消费,四食堂商务网关,-7.0,282.35,7014,正常
2016/04/05 09:21:20,ad761d034a09270c0c08868aaaa9417737b751ff,1c4c2acda8d9e15e744df1cab4796b12c176bbea,持卡人消费,学子便利店B07,-4.8,277.55,7015,正常
2016/04/05 11:34:47,ad761d034a09270c0c08868aaaa9417737b751ff,1c4c2acda8d9e15e744df1cab4796b12c176bbea,持卡人消费,四食堂商务网关,-10.56,266.99,7016,正常
2016/04/05 13:19:14,ad761d034a09270c0c08868aaaa9417737b751ff,1c4c2acda8d9e15e744df1cab4796b12c176bbea,持卡人消费,学子便利店B07,-3.0,263.99,7017,正常
2016/04/05 16:54:27,ad761d034a09270c0c08868aaaa9417737b751ff,1c4c2acda8d9e15e744df1cab4796b12c176bbea,持卡人消费,二区水控,-0.96,263.03,7019,正常
2016/04/05 17:07:02,ad761d034a09270c0c08868aaaa9417737b751ff,1c4c2acda8d9e15e744df1cab4796b12c176bbea,持卡人消费,二区水控,-2.06,260.97,7021,正常
2016/04/05 17:40:35,ad761d034a09270c0c08868aaaa9417737b751ff,1c4c2acda8d9e15e744df1cab4796b12c176bbea,持卡人消费,四食堂商务网关,-2.0,258.97,7022,正常
2016/04/05 17:41:13,ad761d034a09270c0c08868aaaa9417737b751ff,1c4c2acda8d9e15e744df1cab4796b12c176bbea,持卡人消费,四食堂商务网关,-1.0,257.97,7023,正常
2016/04/05 17:42:28,ad761d034a09270c0c08868aaaa9417737b751ff,1c4c2acda8d9e15e744df1cab4796b12c176bbea,持卡人消费,四食堂商务网关,-1.5,256.47,7024,正常
2016/04/05 17:50:41,ad761d034a09270c0c08868aaaa9417737b751ff,1c4c2acda8d9e15e744df1cab4796b12c176bbea,持卡人消费,四食堂商务网关,-3.6,252.87,7025,正常
2016/04/06 11:34:35,ad761d034a09270c0c08868aaaa9417737b751ff,1c4c2acda8d9e15e744df1cab4796b12c176bbea,持卡人消费,四食堂商务网关,-10.22,242.65,7026,正常
2016/04/06 11:55:06,ad761d034a09270c0c08868aaaa9417737b751ff,1c4c2acda8d9e15e744df1cab4796b12c176bbea,持卡人消费,四食堂商务网关,-2.3,240.35,7027,正常
2016/04/06 17:22:46,ad761d034a09270c0c08868aaaa9417737b751ff,1c4c2acda8d9e15e744df1cab4796b12c176bbea,持卡人消费,二区水控,-3.0,237.35,7028,正常
2016/04/06 17:26:37,ad761d034a09270c0c08868aaaa9417737b751ff,1c4c2acda8d9e15e744df1cab4796b12c176bbea,持卡人消费,二区水控,-0.74,236.61,7030,正常
2016/04/06 17:49:52,ad761d034a09270c0c08868aaaa9417737b751ff,1c4c2acda8d9e15e744df1cab4796b12c176bbea,持卡人消费,四食堂商务网关,-3.5,233.11,7031,正常
2016/04/06 17:50:20,ad761d034a09270c0c08868aaaa9417737b751ff,1c4c2acda8d9e15e744df1cab4796b12c176bbea,持卡人消费,四食堂商务网关,-4.0,229.11,7032,正常
2016/04/06 17:50:35,ad761d034a09270c0c08868aaaa9417737b751ff,1c4c2acda8d9e15e744df1cab4796b12c176bbea,持卡人消费,四食堂商务网关,-1.2,227.91,7033,正常
2016/04/06 18:02:17,ad761d034a09270c0c08868aaaa9417737b751ff,1c4c2acda8d9e15e744df1cab4796b12c176bbea,持卡人消费,四食堂商务网关,-3.4,224.51,7034,正常
2016/04/07 11:27:39,ad761d034a09270c0c08868aaaa9417737b751ff,1c4c2acda8d9e15e744df1cab4796b12c176bbea,持卡人消费,四食堂商务网关,-10.78,213.73,7035,正常
2016/04/07 16:40:54,ad761d034a09270c0c08868aaaa9417737b751ff,1c4c2acda8d9e15e744df1cab4796b12c176bbea,持卡人消费,二区水控,-0.82,212.91,7037,正常
2016/04/07 16:42:41,ad761d034a09270c0c08868aaaa9417737b751ff,1c4c2acda8d9e15e744df1cab4796b12c176bbea,持卡人消费,二区水控,-0.05,212.86,7039,正常
2016/04/07 16:59:07,ad761d034a09270c0c08868aaaa9417737b751ff,1c4c2acda8d9e15e744df1cab4796b12c176bbea,持卡人消费,二区水控,-2.18,210.68,7041,正常
2016/04/07 17:28:20,ad761d034a09270c0c08868aaaa9417737b751ff,1c4c2acda8d9e15e744df1cab4796b12c176bbea,持卡人消费,四食堂商务网关,-2.5,208.18,7042,正常
2016/04/07 17:29:33,ad761d034a09270c0c08868aaaa9417737b751ff,1c4c2acda8d9e15e744df1cab4796b12c176bbea,持卡人消费,四食堂商务网关,-1.0,207.18,7043,正常
2016/04/07 17:32:38,ad761d034a09270c0c08868aaaa9417737b751ff,1c4c2acda8d9e15e744df1cab4796b12c176bbea,持卡人消费,四食堂商务网关,-2.0,205.18,7044,正常
2016/04/07 17:50:53,ad761d034a09270c0c08868aaaa9417737b751ff,1c4c2acda8d9e15e744df1cab4796b12c176bbea,持卡人消费,四食堂商务网关,-3.0,202.18,7045,正常
2016/04/07 17:52:43,ad761d034a09270c0c08868aaaa9417737b751ff,1c4c2acda8d9e15e744df1cab4796b12c176bbea,持卡人消费,五食堂商务网关,-1.8,200.38,7046,正常
2016/04/08 11:56:38,ad761d034a09270c0c08868aaaa9417737b751ff,1c4c2acda8d9e15e744df1cab4796b12c176bbea,持卡人消费,四食堂商务网关,-14.0,186.38,7047,正常
2016/04/08 12:01:01,ad761d034a09270c0c08868aaaa9417737b751ff,1c4c2acda8d9e15e744df1cab4796b12c176bbea,持卡人消费,四食堂商务网关,-10.0,176.38,7048,正常
2016/04/08 12:25:09,ad761d034a09270c0c08868aaaa9417737b751ff,1c4c2acda8d9e15e744df1cab4796b12c176bbea,持卡人消费,学子便利店B07,-3.0,173.38,7049,正常
2016/04/08 17:27:43,ad761d034a09270c0c08868aaaa9417737b751ff,1c4c2acda8d9e15e744df1cab4796b12c176bbea,持卡人消费,四食堂商务网关,-4.5,168.88,7050,正常
2016/04/08 17:28:58,ad761d034a09270c0c08868aaaa9417737b751ff,1c4c2acda8d9e15e744df1cab4796b12c176bbea,持卡人消费,四食堂商务网关,-1.5,167.38,7051,正常
2016/04/08 17:54:05,ad761d034a09270c0c08868aaaa9417737b751ff,1c4c2acda8d9e15e744df1cab4796b12c176bbea,持卡人消费,五食堂商务网关,-1.3,166.08,7052,正常
2016/04/08 18:33:29,ad761d034a09270c0c08868aaaa9417737b751ff,1c4c2acda8d9e15e744df1cab4796b12c176bbea,持卡人消费,二区水控,-1.1,164.98,7054,正常
2016/04/08 18:47:23,ad761d034a09270c0c08868aaaa9417737b751ff,1c4c2acda8d9e15e744df1cab4796b12c176bbea,持卡人消费,二区水控,-2.05,162.93,7056,正常
2016/04/09 18:05:40,ad761d034a09270c0c08868aaaa9417737b751ff,1c4c2acda8d9e15e744df1cab4796b12c176bbea,持卡人消费,五食堂商务网关,-3.0,159.93,7057,正常
2016/04/09 18:05:46,ad761d034a09270c0c08868aaaa9417737b751ff,1c4c2acda8d9e15e744df1cab4796b12c176bbea,持卡人消费,五食堂商务网关,-2.3,157.63,7058,正常
2016/04/09 18:48:34,ad761d034a09270c0c08868aaaa9417737b751ff,1c4c2acda8d9e15e744df1cab4796b12c176bbea,持卡人消费,二区水控,-0.65,156.98,7059,正常
2016/04/09 19:02:23,ad761d034a09270c0c08868aaaa9417737b751ff,1c4c2acda8d9e15e744df1cab4796b12c176bbea,持卡人消费,二区水控,-2.04,154.94,7060,正常
2016/04/10 11:37:33,ad761d034a09270c0c08868aaaa9417737b751ff,1c4c2acda8d9e15e744df1cab4796b12c176bbea,持卡人消费,四食堂商务网关,-6.67,148.27,7061,正常
2016/04/10 17:53:42,ad761d034a09270c0c08868aaaa9417737b751ff,1c4c2acda8d9e15e744df1cab4796b12c176bbea,持卡人消费,九食堂商务网关,-9.0,139.27,7062,正常
2016/04/10 19:28:23,ad761d034a09270c0c08868aaaa9417737b751ff,1c4c2acda8d9e15e744df1cab4796b12c176bbea,持卡人消费,二区水控,-0.5,138.77,7064,正常
2016/04/10 19:40:26,ad761d034a09270c0c08868aaaa9417737b751ff,1c4c2acda8d9e15e744df1cab4796b12c176bbea,持卡人消费,二区水控,-1.79,136.98,7066,正常
2016/04/11 08:10:42,ad761d034a09270c0c08868aaaa9417737b751ff,1c4c2acda8d9e15e744df1cab4796b12c176bbea,持卡人消费,学子便利店B07,-4.4,132.58,7067,正常
2016/04/11 12:04:04,ad761d034a09270c0c08868aaaa9417737b751ff,1c4c2acda8d9e15e744df1cab4796b12c176bbea,持卡人消费,四食堂商务网关,-12.0,120.58,7068,正常
2016/04/11 12:04:23,ad761d034a09270c0c08868aaaa9417737b751ff,1c4c2acda8d9e15e744df1cab4796b12c176bbea,持卡人消费,四食堂商务网关,-12.5,108.08,7069,正常
2016/04/11 12:21:39,ad761d034a09270c0c08868aaaa9417737b751ff,1c4c2acda8d9e15e744df1cab4796b12c176bbea,持卡人消费,五食堂商务网关,-1.9,106.18,7070,正常
2016/04/11 17:57:04,ad761d034a09270c0c08868aaaa9417737b751ff,1c4c2acda8d9e15e744df1cab4796b12c176bbea,持卡人消费,二区水控,-0.03,106.15,7072,正常
2016/04/11 18:02:45,ad761d034a09270c0c08868aaaa9417737b751ff,1c4c2acda8d9e15e744df1cab4796b12c176bbea,持卡人消费,二区水控,-1.02,105.13,7074,正常
2016/04/11 18:15:46,ad761d034a09270c0c08868aaaa9417737b751ff,1c4c2acda8d9e15e744df1cab4796b12c176bbea,持卡人消费,二区水控,-1.94,103.19,7076,正常
2016/04/12 12:00:39,ad761d034a09270c0c08868aaaa9417737b751ff,1c4c2acda8d9e15e744df1cab4796b12c176bbea,持卡人消费,四食堂商务网关,-2.0,101.19,7077,正常
2016/04/12 17:55:49,ad761d034a09270c0c08868aaaa9417737b751ff,1c4c2acda8d9e15e744df1cab4796b12c176bbea,持卡人消费,四食堂商务网关,-2.0,99.19,7078,正常
2016/04/12 17:56:43,ad761d034a09270c0c08868aaaa9417737b751ff,1c4c2acda8d9e15e744df1cab4796b12c176bbea,持卡人消费,四食堂商务网关,-1.5,97.69,7079,正常
2016/04/12 18:02:05,ad761d034a09270c0c08868aaaa9417737b751ff,1c4c2acda8d9e15e744df1cab4796b12c176bbea,持卡人消费,四食堂商务网关,-2.0,95.69,7080,正常
2016/04/12 18:17:36,ad761d034a09270c0c08868aaaa9417737b751ff,1c4c2acda8d9e15e744df1cab4796b12c176bbea,持卡人消费,五食堂商务网关,-2.5,93.19,7081,正常
2016/04/12 18:17:41,ad761d034a09270c0c08868aaaa9417737b751ff,1c4c2acda8d9e15e744df1cab4796b12c176bbea,持卡人消费,五食堂商务网关,-2.5,90.69,7082,正常
2016/04/12 18:32:04,ad761d034a09270c0c08868aaaa9417737b751ff,1c4c2acda8d9e15e744df1cab4796b12c176bbea,持卡人消费,二区水控,-0.02,90.67,7084,正常
2016/04/12 18:35:58,ad761d034a09270c0c08868aaaa9417737b751ff,1c4c2acda8d9e15e744df1cab4796b12c176bbea,持卡人消费,二区水控,-0.7,89.97,7086,正常
2016/04/12 18:47:21,ad761d034a09270c0c08868aaaa9417737b751ff,1c4c2acda8d9e15e744df1cab4796b12c176bbea,持卡人消费,二区水控,-1.71,88.26,7088,正常
2016/04/13 10:36:50,ad761d034a09270c0c08868aaaa9417737b751ff,1c4c2acda8d9e15e744df1cab4796b12c176bbea,持卡人消费,学子便利店B07,-5.9,82.36,7089,正常
2016/04/13 11:24:10,ad761d034a09270c0c08868aaaa9417737b751ff,1c4c2acda8d9e15e744df1cab4796b12c176bbea,持卡人消费,九食堂商务网关,-12.0,70.36,7090,正常
2016/04/13 11:26:42,ad761d034a09270c0c08868aaaa9417737b751ff,1c4c2acda8d9e15e744df1cab4796b12c176bbea,持卡人消费,九食堂商务网关,-8.0,62.36,7091,正常
2016/04/13 11:40:21,ad761d034a09270c0c08868aaaa9417737b751ff,1c4c2acda8d9e15e744df1cab4796b12c176bbea,持卡人消费,九食堂商务网关,-1.3,61.06,7092,正常
2016/04/13 17:16:56,ad761d034a09270c0c08868aaaa9417737b751ff,1c4c2acda8d9e15e744df1cab4796b12c176bbea,持卡人消费,二区水控,-0.83,60.23,7094,正常
2016/04/13 17:28:36,ad761d034a09270c0c08868aaaa9417737b751ff,1c4c2acda8d9e15e744df1cab4796b12c176bbea,持卡人消费,二区水控,-1.78,58.45,7096,正常
2016/04/13 18:19:28,ad761d034a09270c0c08868aaaa9417737b751ff,1c4c2acda8d9e15e744df1cab4796b12c176bbea,持卡人消费,五食堂商务网关,-2.6,55.85,7097,正常
2016/04/13 18:22:56,ad761d034a09270c0c08868aaaa9417737b751ff,1c4c2acda8d9e15e744df1cab4796b12c176bbea,持卡人消费,四食堂商务网关,-2.4,53.45,7098,正常
2016/04/13 18:24:02,ad761d034a09270c0c08868aaaa9417737b751ff,1c4c2acda8d9e15e744df1cab4796b12c176bbea,持卡人消费,四食堂商务网关,-4.5,48.95,7099,正常
2016/04/14 09:33:11,ad761d034a09270c0c08868aaaa9417737b751ff,1c4c2acda8d9e15e744df1cab4796b12c176bbea,存款,现金充值机,600.0,648.95,7100,正常
2016/04/14 11:25:14,ad761d034a09270c0c08868aaaa9417737b751ff,1c4c2acda8d9e15e744df1cab4796b12c176bbea,持卡人消费,四食堂商务网关,-0.4,648.55,7101,正常
2016/04/14 11:25:28,ad761d034a09270c0c08868aaaa9417737b751ff,1c4c2acda8d9e15e744df1cab4796b12c176bbea,持卡人消费,四食堂商务网关,-11.74,636.81,7102,正常
2016/04/14 11:25:38,ad761d034a09270c0c08868aaaa9417737b751ff,1c4c2acda8d9e15e744df1cab4796b12c176bbea,持卡人消费,四食堂商务网关,-12.0,624.81,7103,正常
2016/04/14 17:43:09,ad761d034a09270c0c08868aaaa9417737b751ff,1c4c2acda8d9e15e744df1cab4796b12c176bbea,持卡人消费,九食堂商务网关,-9.0,615.81,7104,正常
2016/04/14 17:48:10,ad761d034a09270c0c08868aaaa9417737b751ff,1c4c2acda8d9e15e744df1cab4796b12c176bbea,持卡人消费,九食堂商务网关,-1.0,614.81,7105,正常
2016/04/14 18:06:03,ad761d034a09270c0c08868aaaa9417737b751ff,1c4c2acda8d9e15e744df1cab4796b12c176bbea,持卡人消费,九食堂商务网关,-1.7,613.11,7106,正常
2016/04/14 18:06:56,ad761d034a09270c0c08868aaaa9417737b751ff,1c4c2acda8d9e15e744df1cab4796b12c176bbea,持卡人消费,九食堂商务网关,-3.9,609.21,7107,正常
2016/04/14 18:15:01,ad761d034a09270c0c08868aaaa9417737b751ff,1c4c2acda8d9e15e744df1cab4796b12c176bbea,持卡人消费,学子便利店B07,-2.0,607.21,7108,正常
2016/04/14 19:01:04,ad761d034a09270c0c08868aaaa9417737b751ff,1c4c2acda8d9e15e744df1cab4796b12c176bbea,持卡人消费,二区水控,-0.86,606.35,7109,正常
2016/04/14 19:15:19,ad761d034a09270c0c08868aaaa9417737b751ff,1c4c2acda8d9e15e744df1cab4796b12c176bbea,持卡人消费,二区水控,-1.92,604.43,7110,正常
2016/04/15 11:43:15,ad761d034a09270c0c08868aaaa9417737b751ff,1c4c2acda8d9e15e744df1cab4796b12c176bbea,持卡人消费,九食堂商务网关,-5.0,599.43,7111,正常
2016/04/15 11:43:30,ad761d034a09270c0c08868aaaa9417737b751ff,1c4c2acda8d9e15e744df1cab4796b12c176bbea,持卡人消费,九食堂商务网关,-1.0,598.43,7112,正常
2016/04/15 12:03:50,ad761d034a09270c0c08868aaaa9417737b751ff,1c4c2acda8d9e15e744df1cab4796b12c176bbea,持卡人消费,九食堂商务网关,-1.6,596.83,7113,正常
2016/04/16 11:27:42,ad761d034a09270c0c08868aaaa9417737b751ff,1c4c2acda8d9e15e744df1cab4796b12c176bbea,持卡人消费,学子便利店B07,-10.4,586.43,7114,正常
2016/04/16 14:30:30,ad761d034a09270c0c08868aaaa9417737b751ff,1c4c2acda8d9e15e744df1cab4796b12c176bbea,持卡人消费,二区水控,-0.67,585.76,7116,正常
2016/04/16 14:45:29,ad761d034a09270c0c08868aaaa9417737b751ff,1c4c2acda8d9e15e744df1cab4796b12c176bbea,持卡人消费,二区水控,-2.37,583.39,7118,正常
2016/04/16 17:05:50,ad761d034a09270c0c08868aaaa9417737b751ff,1c4c2acda8d9e15e744df1cab4796b12c176bbea,持卡人消费,四食堂商务网关,-2.0,581.39,7119,正常
2016/04/16 17:06:28,ad761d034a09270c0c08868aaaa9417737b751ff,1c4c2acda8d9e15e744df1cab4796b12c176bbea,持卡人消费,四食堂商务网关,-2.0,579.39,7120,正常
2016/04/16 17:20:09,ad761d034a09270c0c08868aaaa9417737b751ff,1c4c2acda8d9e15e744df1cab4796b12c176bbea,持卡人消费,四食堂商务网关,-2.4,576.99,7121,正常
2016/04/16 17:21:48,ad761d034a09270c0c08868aaaa9417737b751ff,1c4c2acda8d9e15e744df1cab4796b12c176bbea,持卡人消费,五食堂商务网关,-1.3,575.69,7122,正常
2016/04/17 11:18:24,ad761d034a09270c0c08868aaaa9417737b751ff,1c4c2acda8d9e15e744df1cab4796b12c176bbea,持卡人消费,四食堂商务网关,-15.0,560.69,7123,正常
2016/04/17 17:32:34,ad761d034a09270c0c08868aaaa9417737b751ff,1c4c2acda8d9e15e744df1cab4796b12c176bbea,持卡人消费,四食堂商务网关,-2.5,558.19,7124,正常
2016/04/17 17:33:55,ad761d034a09270c0c08868aaaa9417737b751ff,1c4c2acda8d9e15e744df1cab4796b12c176bbea,持卡人消费,四食堂商务网关,-2.0,556.19,7125,正常
2016/04/17 17:51:16,ad761d034a09270c0c08868aaaa9417737b751ff,1c4c2acda8d9e15e744df1cab4796b12c176bbea,持卡人消费,五食堂商务网关,-1.0,555.19,7126,正常
2016/04/17 17:51:52,ad761d034a09270c0c08868aaaa9417737b751ff,1c4c2acda8d9e15e744df1cab4796b12c176bbea,持卡人消费,五食堂商务网关,-2.5,552.69,7127,正常
2016/04/18 11:24:27,ad761d034a09270c0c08868aaaa9417737b751ff,1c4c2acda8d9e15e744df1cab4796b12c176bbea,持卡人消费,四食堂商务网关,-8.98,543.71,7128,正常
2016/04/18 11:26:13,ad761d034a09270c0c08868aaaa9417737b751ff,1c4c2acda8d9e15e744df1cab4796b12c176bbea,持卡人消费,四食堂商务网关,-10.13,533.58,7129,正常
2016/04/18 11:50:14,ad761d034a09270c0c08868aaaa9417737b751ff,1c4c2acda8d9e15e744df1cab4796b12c176bbea,持卡人消费,四食堂商务网关,-2.2,531.38,7130,正常
2016/04/18 11:50:20,ad761d034a09270c0c08868aaaa9417737b751ff,1c4c2acda8d9e15e744df1cab4796b12c176bbea,持卡人消费,四食堂商务网关,-2.3,529.08,7131,正常
2016/04/18 18:53:49,ad761d034a09270c0c08868aaaa9417737b751ff,1c4c2acda8d9e15e744df1cab4796b12c176bbea,持卡人消费,二区水控,-0.03,529.05,7133,正常
2016/04/18 18:58:29,ad761d034a09270c0c08868aaaa9417737b751ff,1c4c2acda8d9e15e744df1cab4796b12c176bbea,持卡人消费,二区水控,-0.85,528.20,7135,正常
2016/04/18 19:14:06,ad761d034a09270c0c08868aaaa9417737b751ff,1c4c2acda8d9e15e744df1cab4796b12c176bbea,持卡人消费,二区水控,-2.77,525.43,7137,正常
2016/04/18 19:55:49,ad761d034a09270c0c08868aaaa9417737b751ff,1c4c2acda8d9e15e744df1cab4796b12c176bbea,持卡人消费,学子便利店B07,-3.3,522.13,7138,正常
2016/04/19 08:08:34,ad761d034a09270c0c08868aaaa9417737b751ff,1c4c2acda8d9e15e744df1cab4796b12c176bbea,持卡人消费,学子便利店B07,-2.4,519.73,7139,正常
2016/04/19 11:17:25,ad761d034a09270c0c08868aaaa9417737b751ff,1c4c2acda8d9e15e744df1cab4796b12c176bbea,持卡人消费,四食堂商务网关,-10.49,509.24,7140,正常
2016/04/19 17:26:07,ad761d034a09270c0c08868aaaa9417737b751ff,1c4c2acda8d9e15e744df1cab4796b12c176bbea,持卡人消费,四食堂商务网关,-2.0,507.24,7141,正常
2016/04/19 17:28:20,ad761d034a09270c0c08868aaaa9417737b751ff,1c4c2acda8d9e15e744df1cab4796b12c176bbea,持卡人消费,四食堂商务网关,-4.5,502.74,7142,正常
2016/04/19 18:50:42,ad761d034a09270c0c08868aaaa9417737b751ff,1c4c2acda8d9e15e744df1cab4796b12c176bbea,持卡人消费,二区水控,-0.02,502.72,7144,正常
2016/04/19 18:50:58,ad761d034a09270c0c08868aaaa9417737b751ff,1c4c2acda8d9e15e744df1cab4796b12c176bbea,持卡人消费,二区水控,-0.01,502.71,7145,正常
2016/04/19 18:51:12,ad761d034a09270c0c08868aaaa9417737b751ff,1c4c2acda8d9e15e744df1cab4796b12c176bbea,持卡人消费,二区水控,-0.02,502.69,7147,正常
2016/04/19 18:55:07,ad761d034a09270c0c08868aaaa9417737b751ff,1c4c2acda8d9e15e744df1cab4796b12c176bbea,持卡人消费,二区水控,-0.74,501.95,7149,正常
2016/04/19 19:06:32,ad761d034a09270c0c08868aaaa9417737b751ff,1c4c2acda8d9e15e744df1cab4796b12c176bbea,持卡人消费,二区水控,-1.74,500.21,7151,正常
2016/04/20 11:28:10,ad761d034a09270c0c08868aaaa9417737b751ff,1c4c2acda8d9e15e744df1cab4796b12c176bbea,持卡人消费,四食堂商务网关,-7.73,492.48,7152,正常
2016/04/20 11:28:15,ad761d034a09270c0c08868aaaa9417737b751ff,1c4c2acda8d9e15e744df1cab4796b12c176bbea,持卡人消费,四食堂商务网关,-8.18,484.30,7153,正常
2016/04/20 11:55:33,ad761d034a09270c0c08868aaaa9417737b751ff,1c4c2acda8d9e15e744df1cab4796b12c176bbea,持卡人消费,学子便利店B07,-3.0,481.30,7154,正常
2016/04/20 17:37:30,ad761d034a09270c0c08868aaaa9417737b751ff,1c4c2acda8d9e15e744df1cab4796b12c176bbea,持卡人消费,九食堂商务网关,-2.0,479.30,7155,正常
2016/04/20 17:38:33,ad761d034a09270c0c08868aaaa9417737b751ff,1c4c2acda8d9e15e744df1cab4796b12c176bbea,持卡人消费,九食堂商务网关,-2.6,476.70,7156,正常
2016/04/20 18:16:58,ad761d034a09270c0c08868aaaa9417737b751ff,1c4c2acda8d9e15e744df1cab4796b12c176bbea,持卡人消费,二区水控,-0.72,475.98,7158,正常
2016/04/20 18:29:17,ad761d034a09270c0c08868aaaa9417737b751ff,1c4c2acda8d9e15e744df1cab4796b12c176bbea,持卡人消费,二区水控,-1.82,474.16,7160,正常
2016/04/21 11:57:26,ad761d034a09270c0c08868aaaa9417737b751ff,1c4c2acda8d9e15e744df1cab4796b12c176bbea,持卡人消费,五食堂商务网关,-1.9,472.26,7161,正常
2016/04/21 17:45:50,ad761d034a09270c0c08868aaaa9417737b751ff,1c4c2acda8d9e15e744df1cab4796b12c176bbea,持卡人消费,四食堂商务网关,-2.5,469.76,7162,正常
2016/04/21 17:46:40,ad761d034a09270c0c08868aaaa9417737b751ff,1c4c2acda8d9e15e744df1cab4796b12c176bbea,持卡人消费,四食堂商务网关,-4.5,465.26,7163,正常
2016/04/21 17:55:57,ad761d034a09270c0c08868aaaa9417737b751ff,1c4c2acda8d9e15e744df1cab4796b12c176bbea,持卡人消费,五食堂商务网关,-2.3,462.96,7164,正常
2016/04/21 17:56:15,ad761d034a09270c0c08868aaaa9417737b751ff,1c4c2acda8d9e15e744df1cab4796b12c176bbea,持卡人消费,五食堂商务网关,-1.0,461.96,7165,正常
2016/04/21 19:42:36,ad761d034a09270c0c08868aaaa9417737b751ff,1c4c2acda8d9e15e744df1cab4796b12c176bbea,持卡人消费,二区水控,-0.77,461.19,7167,正常
2016/04/21 19:44:36,ad761d034a09270c0c08868aaaa9417737b751ff,1c4c2acda8d9e15e744df1cab4796b12c176bbea,持卡人消费,二区水控,-0.05,461.14,7169,正常
2016/04/21 19:59:19,ad761d034a09270c0c08868aaaa9417737b751ff,1c4c2acda8d9e15e744df1cab4796b12c176bbea,持卡人消费,二区水控,-2.11,459.03,7171,正常
2016/04/22 11:29:02,ad761d034a09270c0c08868aaaa9417737b751ff,1c4c2acda8d9e15e744df1cab4796b12c176bbea,持卡人消费,四食堂商务网关,-8.83,450.20,7172,正常
2016/04/22 11:44:51,ad761d034a09270c0c08868aaaa9417737b751ff,1c4c2acda8d9e15e744df1cab4796b12c176bbea,持卡人消费,五食堂商务网关,-1.9,448.30,7173,正常
2016/04/24 08:40:09,ad761d034a09270c0c08868aaaa9417737b751ff,1c4c2acda8d9e15e744df1cab4796b12c176bbea,持卡人消费,学子便利店B07,-9.5,438.80,7174,正常
2016/04/28 09:00:55,ad761d034a09270c0c08868aaaa9417737b751ff,1c4c2acda8d9e15e744df1cab4796b12c176bbea,持卡人消费,学子便利店B07,-6.7,432.10,7175,正常
2016/04/28 11:48:56,ad761d034a09270c0c08868aaaa9417737b751ff,1c4c2acda8d9e15e744df1cab4796b12c176bbea,持卡人消费,四食堂商务网关,-8.62,423.48,7176,正常
2016/04/28 11:49:27,ad761d034a09270c0c08868aaaa9417737b751ff,1c4c2acda8d9e15e744df1cab4796b12c176bbea,持卡人消费,四食堂商务网关,-6.29,417.19,7177,正常
2016/04/28 11:49:52,ad761d034a09270c0c08868aaaa9417737b751ff,1c4c2acda8d9e15e744df1cab4796b12c176bbea,持卡人消费,四食堂商务网关,-6.58,410.61,7178,正常
2016/04/28 14:14:51,ad761d034a09270c0c08868aaaa9417737b751ff,1c4c2acda8d9e15e744df1cab4796b12c176bbea,持卡人消费,二区水控,-0.77,409.84,7180,正常
2016/04/28 14:25:31,ad761d034a09270c0c08868aaaa9417737b751ff,1c4c2acda8d9e15e744df1cab4796b12c176bbea,持卡人消费,二区水控,-1.66,408.18,7182,正常
2016/04/28 16:58:58,ad761d034a09270c0c08868aaaa9417737b751ff,1c4c2acda8d9e15e744df1cab4796b12c176bbea,持卡人消费,九食堂商务网关,-9.0,399.18,7183,正常
2016/04/28 17:04:45,ad761d034a09270c0c08868aaaa9417737b751ff,1c4c2acda8d9e15e744df1cab4796b12c176bbea,持卡人消费,九食堂商务网关,-8.0,391.18,7184,正常
2016/04/28 20:18:44,ad761d034a09270c0c08868aaaa9417737b751ff,1c4c2acda8d9e15e744df1cab4796b12c176bbea,持卡人消费,学子便利店B07,-5.2,385.98,7185,正常
2016/04/28 22:04:58,ad761d034a09270c0c08868aaaa9417737b751ff,1c4c2acda8d9e15e744df1cab4796b12c176bbea,持卡人消费,学子便利店B07,-10.0,375.98,7186,正常
2016/04/29 11:14:52,ad761d034a09270c0c08868aaaa9417737b751ff,1c4c2acda8d9e15e744df1cab4796b12c176bbea,持卡人消费,四食堂商务网关,-9.05,366.93,7187,正常
2016/04/29 15:14:43,ad761d034a09270c0c08868aaaa9417737b751ff,1c4c2acda8d9e15e744df1cab4796b12c176bbea,持卡人消费,学子便利店B07,-4.0,362.93,7188,正常
2016/04/30 11:29:48,ad761d034a09270c0c08868aaaa9417737b751ff,1c4c2acda8d9e15e744df1cab4796b12c176bbea,持卡人消费,四食堂商务网关,-6.0,356.93,7189,正常
2016/04/30 11:30:11,ad761d034a09270c0c08868aaaa9417737b751ff,1c4c2acda8d9e15e744df1cab4796b12c176bbea,持卡人消费,四食堂商务网关,-2.0,354.93,7190,正常
2016/04/30 11:49:49,ad761d034a09270c0c08868aaaa9417737b751ff,1c4c2acda8d9e15e744df1cab4796b12c176bbea,持卡人消费,四食堂商务网关,-2.8,352.13,7191,正常
