交易发生时间,学号,姓名,交易类型,子系统名称,交易额,现有余额,次数,状态
2016/04/03 12:10:53,778ba34c8b60c497b0c4252471507571a41ddf5a,1cb65aaee7a248aa0a25671d33def399bff901e1,持卡人消费,硕果园（工大商店）,-12.0,117.58,1615,正常
2016/04/08 17:27:13,778ba34c8b60c497b0c4252471507571a41ddf5a,1cb65aaee7a248aa0a25671d33def399bff901e1,持卡人消费,硕果园（工大商店）,-9.0,108.58,1616,正常
2016/04/14 17:27:59,778ba34c8b60c497b0c4252471507571a41ddf5a,1cb65aaee7a248aa0a25671d33def399bff901e1,持卡人消费,学士楼商务网关,-14.9,93.68,1617,正常
2016/04/14 17:41:57,778ba34c8b60c497b0c4252471507571a41ddf5a,1cb65aaee7a248aa0a25671d33def399bff901e1,持卡人消费,硕果园（工大商店）,-18.0,75.68,1618,正常
2016/04/15 12:10:43,778ba34c8b60c497b0c4252471507571a41ddf5a,1cb65aaee7a248aa0a25671d33def399bff901e1,持卡人消费,硕果园（工大商店）,-14.0,61.68,1619,正常
2016/04/15 12:11:53,778ba34c8b60c497b0c4252471507571a41ddf5a,1cb65aaee7a248aa0a25671d33def399bff901e1,持卡人消费,硕果园（工大商店）,-5.0,56.68,1620,正常
2016/04/15 12:12:31,778ba34c8b60c497b0c4252471507571a41ddf5a,1cb65aaee7a248aa0a25671d33def399bff901e1,持卡人消费,硕果园（工大商店）,-12.0,44.68,1621,正常
2016/04/17 17:55:28,778ba34c8b60c497b0c4252471507571a41ddf5a,1cb65aaee7a248aa0a25671d33def399bff901e1,持卡人消费,硕果园（工大商店）,-17.0,27.68,1622,正常
2016/04/18 13:42:00,778ba34c8b60c497b0c4252471507571a41ddf5a,1cb65aaee7a248aa0a25671d33def399bff901e1,持卡人消费,A2,-3.0,24.68,1623,正常
2016/04/19 12:09:38,778ba34c8b60c497b0c4252471507571a41ddf5a,1cb65aaee7a248aa0a25671d33def399bff901e1,持卡人消费,硕果园（工大商店）,-12.0,12.68,1624,正常
2016/04/19 12:09:41,778ba34c8b60c497b0c4252471507571a41ddf5a,1cb65aaee7a248aa0a25671d33def399bff901e1,持卡人消费,硕果园（工大商店）,-12.0,0.68,1625,正常
2016/04/24 17:43:40,778ba34c8b60c497b0c4252471507571a41ddf5a,1cb65aaee7a248aa0a25671d33def399bff901e1,存款,学苑楼综合业务3,100.0,100.68,1626,正常
2016/04/24 17:58:13,778ba34c8b60c497b0c4252471507571a41ddf5a,1cb65aaee7a248aa0a25671d33def399bff901e1,持卡人消费,15公寓浴池,-0.05,100.63,1628,正常
2016/04/24 18:07:08,778ba34c8b60c497b0c4252471507571a41ddf5a,1cb65aaee7a248aa0a25671d33def399bff901e1,持卡人消费,15公寓浴池,-1.7,98.93,1630,正常
2016/04/24 18:17:58,778ba34c8b60c497b0c4252471507571a41ddf5a,1cb65aaee7a248aa0a25671d33def399bff901e1,持卡人消费,15公寓浴池,-2.0,96.93,1631,正常
2016/04/24 18:31:54,778ba34c8b60c497b0c4252471507571a41ddf5a,1cb65aaee7a248aa0a25671d33def399bff901e1,持卡人消费,15公寓浴池,-2.0,94.93,1632,正常
2016/04/24 18:40:48,778ba34c8b60c497b0c4252471507571a41ddf5a,1cb65aaee7a248aa0a25671d33def399bff901e1,持卡人消费,15公寓浴池,-0.5,94.43,1634,正常
2016/04/26 17:03:19,778ba34c8b60c497b0c4252471507571a41ddf5a,1cb65aaee7a248aa0a25671d33def399bff901e1,持卡人消费,硕果园（工大商店）,-26.0,68.43,1635,正常
2016/04/26 17:31:00,778ba34c8b60c497b0c4252471507571a41ddf5a,1cb65aaee7a248aa0a25671d33def399bff901e1,持卡人消费,网络中心,-30.0,38.43,1636,正常
