交易发生时间,学号,姓名,交易类型,子系统名称,交易额,现有余额,次数,状态
2016/04/01 11:45:38,c20d522ee9deb709b618467826ae5e109442b583,1cb65aaee7a248aa0a25671d33def399bff901e1,持卡人消费,学苑楼商务网关,-2.0,78.86,4232,正常
2016/04/01 11:50:39,c20d522ee9deb709b618467826ae5e109442b583,1cb65aaee7a248aa0a25671d33def399bff901e1,持卡人消费,学苑楼商务网关,-0.5,78.36,4233,正常
2016/04/01 11:54:58,c20d522ee9deb709b618467826ae5e109442b583,1cb65aaee7a248aa0a25671d33def399bff901e1,持卡人消费,学苑楼商务网关,-10.0,68.36,4234,正常
2016/04/01 11:55:07,c20d522ee9deb709b618467826ae5e109442b583,1cb65aaee7a248aa0a25671d33def399bff901e1,持卡人消费,学苑楼商务网关,-1.0,67.36,4235,正常
2016/04/01 14:50:31,c20d522ee9deb709b618467826ae5e109442b583,1cb65aaee7a248aa0a25671d33def399bff901e1,持卡人消费,超市商务子系统,-38.3,29.06,4236,正常
2016/04/01 14:51:12,c20d522ee9deb709b618467826ae5e109442b583,1cb65aaee7a248aa0a25671d33def399bff901e1,持卡人消费,超市商务子系统,-18.5,10.56,4237,正常
2016/04/03 20:41:54,c20d522ee9deb709b618467826ae5e109442b583,1cb65aaee7a248aa0a25671d33def399bff901e1,持卡人消费,超市商务子系统,-4.5,6.06,4238,正常
2016/04/04 09:07:15,c20d522ee9deb709b618467826ae5e109442b583,1cb65aaee7a248aa0a25671d33def399bff901e1,存款,现金充值机,100.0,106.06,4239,正常
2016/04/04 11:39:16,c20d522ee9deb709b618467826ae5e109442b583,1cb65aaee7a248aa0a25671d33def399bff901e1,持卡人消费,学苑楼商务网关,-7.0,99.06,4240,正常
2016/04/04 11:41:06,c20d522ee9deb709b618467826ae5e109442b583,1cb65aaee7a248aa0a25671d33def399bff901e1,持卡人消费,学苑楼商务网关,-0.8,98.26,4241,正常
2016/04/04 17:37:38,c20d522ee9deb709b618467826ae5e109442b583,1cb65aaee7a248aa0a25671d33def399bff901e1,持卡人消费,学苑楼商务网关,-8.0,90.26,4242,正常
2016/04/05 09:05:22,c20d522ee9deb709b618467826ae5e109442b583,1cb65aaee7a248aa0a25671d33def399bff901e1,持卡人消费,学士楼商务网关,-1.0,89.26,4243,正常
2016/04/05 09:06:11,c20d522ee9deb709b618467826ae5e109442b583,1cb65aaee7a248aa0a25671d33def399bff901e1,持卡人消费,学士楼商务网关,-3.0,86.26,4244,正常
2016/04/05 09:06:40,c20d522ee9deb709b618467826ae5e109442b583,1cb65aaee7a248aa0a25671d33def399bff901e1,持卡人消费,学士楼商务网关,-1.0,85.26,4245,正常
2016/04/05 13:48:13,c20d522ee9deb709b618467826ae5e109442b583,1cb65aaee7a248aa0a25671d33def399bff901e1,持卡人消费,一校区水控新,-0.77,84.49,4247,正常
2016/04/05 13:50:15,c20d522ee9deb709b618467826ae5e109442b583,1cb65aaee7a248aa0a25671d33def399bff901e1,持卡人消费,一校区水控新,-0.02,84.47,4249,正常
2016/04/05 13:51:01,c20d522ee9deb709b618467826ae5e109442b583,1cb65aaee7a248aa0a25671d33def399bff901e1,持卡人消费,一校区水控新,-0.13,84.34,4251,正常
2016/04/05 13:56:12,c20d522ee9deb709b618467826ae5e109442b583,1cb65aaee7a248aa0a25671d33def399bff901e1,持卡人消费,一校区水控新,-0.78,83.56,4253,正常
2016/04/06 11:14:53,c20d522ee9deb709b618467826ae5e109442b583,1cb65aaee7a248aa0a25671d33def399bff901e1,持卡人消费,学苑楼商务网关,-8.8,74.76,4254,正常
2016/04/06 17:23:26,c20d522ee9deb709b618467826ae5e109442b583,1cb65aaee7a248aa0a25671d33def399bff901e1,持卡人消费,学士楼商务网关,-6.0,68.76,4255,正常
2016/04/07 11:56:35,c20d522ee9deb709b618467826ae5e109442b583,1cb65aaee7a248aa0a25671d33def399bff901e1,持卡人消费,学苑楼商务网关,-7.0,61.76,4256,正常
2016/04/07 11:59:05,c20d522ee9deb709b618467826ae5e109442b583,1cb65aaee7a248aa0a25671d33def399bff901e1,持卡人消费,学苑楼商务网关,-0.8,60.96,4257,正常
2016/04/07 16:28:24,c20d522ee9deb709b618467826ae5e109442b583,1cb65aaee7a248aa0a25671d33def399bff901e1,持卡人消费,A2,-3.0,57.96,4258,正常
2016/04/07 17:12:42,c20d522ee9deb709b618467826ae5e109442b583,1cb65aaee7a248aa0a25671d33def399bff901e1,持卡人消费,学士楼商务网关,-4.1,53.86,4259,正常
2016/04/08 08:40:18,c20d522ee9deb709b618467826ae5e109442b583,1cb65aaee7a248aa0a25671d33def399bff901e1,持卡人消费,学士楼商务网关,-3.6,50.26,4260,正常
2016/04/08 08:40:42,c20d522ee9deb709b618467826ae5e109442b583,1cb65aaee7a248aa0a25671d33def399bff901e1,持卡人消费,学士楼商务网关,-1.0,49.26,4261,正常
2016/04/08 08:50:04,c20d522ee9deb709b618467826ae5e109442b583,1cb65aaee7a248aa0a25671d33def399bff901e1,持卡人消费,学士楼商务网关,-2.5,46.76,4262,正常
2016/04/08 11:13:12,c20d522ee9deb709b618467826ae5e109442b583,1cb65aaee7a248aa0a25671d33def399bff901e1,持卡人消费,学士楼商务网关,-5.4,41.36,4263,正常
2016/04/08 11:13:48,c20d522ee9deb709b618467826ae5e109442b583,1cb65aaee7a248aa0a25671d33def399bff901e1,持卡人消费,学士楼商务网关,-6.6,34.76,4264,正常
2016/04/08 17:12:25,c20d522ee9deb709b618467826ae5e109442b583,1cb65aaee7a248aa0a25671d33def399bff901e1,持卡人消费,学士楼商务网关,-6.0,28.76,4265,正常
2016/04/09 11:33:50,c20d522ee9deb709b618467826ae5e109442b583,1cb65aaee7a248aa0a25671d33def399bff901e1,持卡人消费,硕果园（工大商店）,-15.0,13.76,4266,正常
2016/04/10 15:19:00,c20d522ee9deb709b618467826ae5e109442b583,1cb65aaee7a248aa0a25671d33def399bff901e1,存款,现金充值机,100.0,113.76,4267,正常
2016/04/10 16:28:42,c20d522ee9deb709b618467826ae5e109442b583,1cb65aaee7a248aa0a25671d33def399bff901e1,持卡人消费,学苑楼商务网关,-7.0,106.76,4268,正常
2016/04/10 16:31:21,c20d522ee9deb709b618467826ae5e109442b583,1cb65aaee7a248aa0a25671d33def399bff901e1,持卡人消费,学苑楼商务网关,-0.8,105.96,4269,正常
2016/04/11 17:28:56,c20d522ee9deb709b618467826ae5e109442b583,1cb65aaee7a248aa0a25671d33def399bff901e1,持卡人消费,学士楼商务网关,-6.0,99.96,4270,正常
2016/04/11 17:32:38,c20d522ee9deb709b618467826ae5e109442b583,1cb65aaee7a248aa0a25671d33def399bff901e1,持卡人消费,学士楼商务网关,-3.0,96.96,4271,正常
2016/04/12 17:38:22,c20d522ee9deb709b618467826ae5e109442b583,1cb65aaee7a248aa0a25671d33def399bff901e1,持卡人消费,一校区水控新,-1.04,95.92,4273,正常
2016/04/12 17:43:18,c20d522ee9deb709b618467826ae5e109442b583,1cb65aaee7a248aa0a25671d33def399bff901e1,持卡人消费,一校区水控新,-0.42,95.50,4275,正常
2016/04/12 17:45:25,c20d522ee9deb709b618467826ae5e109442b583,1cb65aaee7a248aa0a25671d33def399bff901e1,持卡人消费,一校区水控新,-0.18,95.32,4277,正常
2016/04/12 18:52:54,c20d522ee9deb709b618467826ae5e109442b583,1cb65aaee7a248aa0a25671d33def399bff901e1,持卡人消费,硕果园（工大商店）,-12.0,83.32,4278,正常
2016/04/12 18:55:24,c20d522ee9deb709b618467826ae5e109442b583,1cb65aaee7a248aa0a25671d33def399bff901e1,持卡人消费,硕果园（工大商店）,-3.5,79.82,4279,正常
2016/04/13 11:28:21,c20d522ee9deb709b618467826ae5e109442b583,1cb65aaee7a248aa0a25671d33def399bff901e1,持卡人消费,学士楼商务网关,-10.6,69.22,4280,正常
2016/04/13 11:46:15,c20d522ee9deb709b618467826ae5e109442b583,1cb65aaee7a248aa0a25671d33def399bff901e1,持卡人消费,硕果园（工大商店）,-10.0,59.22,4281,正常
2016/04/13 17:33:04,c20d522ee9deb709b618467826ae5e109442b583,1cb65aaee7a248aa0a25671d33def399bff901e1,持卡人消费,学苑楼商务网关,-3.0,56.22,4282,正常
2016/04/13 17:43:31,c20d522ee9deb709b618467826ae5e109442b583,1cb65aaee7a248aa0a25671d33def399bff901e1,持卡人消费,学苑楼商务网关,-17.9,38.32,4283,正常
2016/04/14 17:29:04,c20d522ee9deb709b618467826ae5e109442b583,1cb65aaee7a248aa0a25671d33def399bff901e1,持卡人消费,硕果园（工大商店）,-12.0,26.32,4284,正常
2016/04/14 17:31:23,c20d522ee9deb709b618467826ae5e109442b583,1cb65aaee7a248aa0a25671d33def399bff901e1,持卡人消费,硕果园（工大商店）,-3.0,23.32,4285,正常
2016/04/15 11:20:13,c20d522ee9deb709b618467826ae5e109442b583,1cb65aaee7a248aa0a25671d33def399bff901e1,持卡人消费,学士楼商务网关,-10.6,12.72,4286,正常
2016/04/16 11:57:21,c20d522ee9deb709b618467826ae5e109442b583,1cb65aaee7a248aa0a25671d33def399bff901e1,持卡人消费,学苑楼商务网关,-7.0,5.72,4287,正常
2016/04/16 12:00:05,c20d522ee9deb709b618467826ae5e109442b583,1cb65aaee7a248aa0a25671d33def399bff901e1,持卡人消费,学苑楼商务网关,-0.8,4.92,4288,正常
2016/04/18 11:10:57,c20d522ee9deb709b618467826ae5e109442b583,1cb65aaee7a248aa0a25671d33def399bff901e1,存款,学苑楼综合业务2,100.0,104.92,4289,正常
2016/04/18 11:12:21,c20d522ee9deb709b618467826ae5e109442b583,1cb65aaee7a248aa0a25671d33def399bff901e1,持卡人消费,学苑楼商务网关,-8.8,96.12,4290,正常
2016/04/18 17:12:58,c20d522ee9deb709b618467826ae5e109442b583,1cb65aaee7a248aa0a25671d33def399bff901e1,持卡人消费,硕果园（工大商店）,-16.0,80.12,4291,正常
2016/04/18 17:15:16,c20d522ee9deb709b618467826ae5e109442b583,1cb65aaee7a248aa0a25671d33def399bff901e1,持卡人消费,硕果园（工大商店）,-3.0,77.12,4292,正常
2016/04/19 11:38:08,c20d522ee9deb709b618467826ae5e109442b583,1cb65aaee7a248aa0a25671d33def399bff901e1,持卡人消费,硕果园（工大商店）,-7.0,70.12,4293,正常
2016/04/19 11:38:41,c20d522ee9deb709b618467826ae5e109442b583,1cb65aaee7a248aa0a25671d33def399bff901e1,持卡人消费,硕果园（工大商店）,-8.0,62.12,4294,正常
2016/04/19 11:53:43,c20d522ee9deb709b618467826ae5e109442b583,1cb65aaee7a248aa0a25671d33def399bff901e1,持卡人消费,硕果园（工大商店）,-3.0,59.12,4295,正常
2016/04/19 17:37:33,c20d522ee9deb709b618467826ae5e109442b583,1cb65aaee7a248aa0a25671d33def399bff901e1,持卡人消费,硕果园（工大商店）,-14.0,45.12,4296,正常
2016/04/21 11:30:45,c20d522ee9deb709b618467826ae5e109442b583,1cb65aaee7a248aa0a25671d33def399bff901e1,持卡人消费,学苑楼商务网关,-7.0,38.12,4297,正常
2016/04/21 11:32:18,c20d522ee9deb709b618467826ae5e109442b583,1cb65aaee7a248aa0a25671d33def399bff901e1,持卡人消费,学苑楼商务网关,-0.8,37.32,4298,正常
2016/04/21 11:40:54,c20d522ee9deb709b618467826ae5e109442b583,1cb65aaee7a248aa0a25671d33def399bff901e1,持卡人消费,学苑楼商务网关,-7.0,30.32,4299,正常
2016/04/21 11:40:58,c20d522ee9deb709b618467826ae5e109442b583,1cb65aaee7a248aa0a25671d33def399bff901e1,持卡人消费,学苑楼商务网关,-0.8,29.52,4300,正常
2016/04/21 18:45:05,c20d522ee9deb709b618467826ae5e109442b583,1cb65aaee7a248aa0a25671d33def399bff901e1,持卡人消费,一校区水控新,-1.04,28.48,4302,正常
2016/04/21 18:51:39,c20d522ee9deb709b618467826ae5e109442b583,1cb65aaee7a248aa0a25671d33def399bff901e1,持卡人消费,一校区水控新,-0.64,27.84,4304,正常
2016/04/21 18:53:36,c20d522ee9deb709b618467826ae5e109442b583,1cb65aaee7a248aa0a25671d33def399bff901e1,持卡人消费,一校区水控新,-0.18,27.66,4306,正常
2016/04/22 09:10:43,c20d522ee9deb709b618467826ae5e109442b583,1cb65aaee7a248aa0a25671d33def399bff901e1,持卡人消费,硕果园（工大商店）,-6.0,21.66,4307,正常
2016/04/22 09:11:33,c20d522ee9deb709b618467826ae5e109442b583,1cb65aaee7a248aa0a25671d33def399bff901e1,持卡人消费,硕果园（工大商店）,-5.0,16.66,4308,正常
2016/04/22 11:13:35,c20d522ee9deb709b618467826ae5e109442b583,1cb65aaee7a248aa0a25671d33def399bff901e1,持卡人消费,学士楼商务网关,-8.5,8.16,4309,正常
2016/04/22 11:35:46,c20d522ee9deb709b618467826ae5e109442b583,1cb65aaee7a248aa0a25671d33def399bff901e1,持卡人消费,学士楼商务网关,-2.5,5.66,4310,正常
2016/04/22 16:58:26,c20d522ee9deb709b618467826ae5e109442b583,1cb65aaee7a248aa0a25671d33def399bff901e1,存款,现金充值机,100.0,105.66,4311,正常
2016/04/22 17:19:39,c20d522ee9deb709b618467826ae5e109442b583,1cb65aaee7a248aa0a25671d33def399bff901e1,持卡人消费,学苑楼商务网关,-8.8,96.86,4312,正常
2016/04/22 17:30:18,c20d522ee9deb709b618467826ae5e109442b583,1cb65aaee7a248aa0a25671d33def399bff901e1,持卡人消费,学苑楼商务网关,-9.0,87.86,4313,正常
2016/04/23 11:46:17,c20d522ee9deb709b618467826ae5e109442b583,1cb65aaee7a248aa0a25671d33def399bff901e1,持卡人消费,学士楼商务网关,-6.0,81.86,4314,正常
2016/04/24 11:20:00,c20d522ee9deb709b618467826ae5e109442b583,1cb65aaee7a248aa0a25671d33def399bff901e1,持卡人消费,学苑楼商务网关,-8.8,73.06,4315,正常
2016/04/25 07:20:49,c20d522ee9deb709b618467826ae5e109442b583,1cb65aaee7a248aa0a25671d33def399bff901e1,持卡人消费,硕果园（工大商店）,-6.0,67.06,4316,正常
2016/04/25 07:22:33,c20d522ee9deb709b618467826ae5e109442b583,1cb65aaee7a248aa0a25671d33def399bff901e1,持卡人消费,硕果园（工大商店）,-5.0,62.06,4317,正常
2016/04/25 11:44:46,c20d522ee9deb709b618467826ae5e109442b583,1cb65aaee7a248aa0a25671d33def399bff901e1,持卡人消费,学苑楼商务网关,-7.8,54.26,4318,正常
2016/04/25 17:32:03,c20d522ee9deb709b618467826ae5e109442b583,1cb65aaee7a248aa0a25671d33def399bff901e1,持卡人消费,学士楼商务网关,-10.4,43.86,4319,正常
2016/04/26 17:13:38,c20d522ee9deb709b618467826ae5e109442b583,1cb65aaee7a248aa0a25671d33def399bff901e1,持卡人消费,硕果园（工大商店）,-3.0,40.86,4320,正常
2016/04/26 17:14:04,c20d522ee9deb709b618467826ae5e109442b583,1cb65aaee7a248aa0a25671d33def399bff901e1,持卡人消费,硕果园（工大商店）,-7.0,33.86,4321,正常
2016/04/26 20:16:51,c20d522ee9deb709b618467826ae5e109442b583,1cb65aaee7a248aa0a25671d33def399bff901e1,持卡人消费,一校区水控新,-0.86,33.00,4322,正常
2016/04/26 20:22:08,c20d522ee9deb709b618467826ae5e109442b583,1cb65aaee7a248aa0a25671d33def399bff901e1,持卡人消费,一校区水控新,-0.38,32.62,4323,正常
2016/04/26 20:24:26,c20d522ee9deb709b618467826ae5e109442b583,1cb65aaee7a248aa0a25671d33def399bff901e1,持卡人消费,一校区水控新,-0.24,32.38,4324,正常
2016/04/27 12:10:27,c20d522ee9deb709b618467826ae5e109442b583,1cb65aaee7a248aa0a25671d33def399bff901e1,持卡人消费,硕果园（工大商店）,-14.0,18.38,4325,正常
2016/04/27 17:35:25,c20d522ee9deb709b618467826ae5e109442b583,1cb65aaee7a248aa0a25671d33def399bff901e1,持卡人消费,学士楼商务网关,-3.6,14.78,4326,正常
2016/04/27 17:37:11,c20d522ee9deb709b618467826ae5e109442b583,1cb65aaee7a248aa0a25671d33def399bff901e1,持卡人消费,学士楼商务网关,-1.0,13.78,4327,正常
2016/04/28 17:32:29,c20d522ee9deb709b618467826ae5e109442b583,1cb65aaee7a248aa0a25671d33def399bff901e1,持卡人消费,学苑楼商务网关,-7.8,5.98,4328,正常
