交易发生时间,学号,姓名,交易类型,子系统名称,交易额,现有余额,次数,状态
2016/04/07 18:52:00,a79b7acc04bcebf771eac01a330bdbec3b287710,1cc1cfa1c0f4717017c1090ab3d52d2a892d2394,持卡人消费,一校区水控新,-0.06,10.03,2021,正常
2016/04/07 18:56:18,a79b7acc04bcebf771eac01a330bdbec3b287710,1cc1cfa1c0f4717017c1090ab3d52d2a892d2394,持卡人消费,一校区水控新,-0.78,9.25,2022,正常
2016/04/07 19:00:08,a79b7acc04bcebf771eac01a330bdbec3b287710,1cc1cfa1c0f4717017c1090ab3d52d2a892d2394,持卡人消费,一校区水控新,-0.17,9.08,2023,正常
2016/04/07 19:05:45,a79b7acc04bcebf771eac01a330bdbec3b287710,1cc1cfa1c0f4717017c1090ab3d52d2a892d2394,持卡人消费,一校区水控新,-0.25,8.83,2024,正常
2016/04/07 19:09:27,a79b7acc04bcebf771eac01a330bdbec3b287710,1cc1cfa1c0f4717017c1090ab3d52d2a892d2394,持卡人消费,一校区水控新,-0.16,8.67,2025,正常
2016/04/07 19:12:32,a79b7acc04bcebf771eac01a330bdbec3b287710,1cc1cfa1c0f4717017c1090ab3d52d2a892d2394,持卡人消费,一校区水控新,-0.22,8.45,2026,正常
2016/04/07 19:14:50,a79b7acc04bcebf771eac01a330bdbec3b287710,1cc1cfa1c0f4717017c1090ab3d52d2a892d2394,持卡人消费,一校区水控新,-0.19,8.26,2027,正常
2016/04/07 19:23:22,a79b7acc04bcebf771eac01a330bdbec3b287710,1cc1cfa1c0f4717017c1090ab3d52d2a892d2394,持卡人消费,一校区水控新,-1.34,6.92,2028,正常
2016/04/07 19:58:44,a79b7acc04bcebf771eac01a330bdbec3b287710,1cc1cfa1c0f4717017c1090ab3d52d2a892d2394,持卡人消费,超市商务子系统,-0.9,6.02,2029,正常
2016/04/08 12:19:29,a79b7acc04bcebf771eac01a330bdbec3b287710,1cc1cfa1c0f4717017c1090ab3d52d2a892d2394,存款,学苑楼综合业务2,100.0,106.02,2030,正常
2016/04/08 12:20:56,a79b7acc04bcebf771eac01a330bdbec3b287710,1cc1cfa1c0f4717017c1090ab3d52d2a892d2394,持卡人消费,学苑楼商务网关,-7.0,99.02,2031,正常
2016/04/11 12:22:35,a79b7acc04bcebf771eac01a330bdbec3b287710,1cc1cfa1c0f4717017c1090ab3d52d2a892d2394,持卡人消费,学苑楼商务网关,-7.0,92.02,2032,正常
2016/04/11 12:35:23,a79b7acc04bcebf771eac01a330bdbec3b287710,1cc1cfa1c0f4717017c1090ab3d52d2a892d2394,持卡人消费,学苑楼商务网关,-5.0,87.02,2033,正常
2016/04/11 20:10:06,a79b7acc04bcebf771eac01a330bdbec3b287710,1cc1cfa1c0f4717017c1090ab3d52d2a892d2394,持卡人消费,15公寓浴池,-0.03,86.99,2035,正常
2016/04/11 20:15:30,a79b7acc04bcebf771eac01a330bdbec3b287710,1cc1cfa1c0f4717017c1090ab3d52d2a892d2394,持卡人消费,15公寓浴池,-1.02,85.97,2037,正常
2016/04/11 20:21:55,a79b7acc04bcebf771eac01a330bdbec3b287710,1cc1cfa1c0f4717017c1090ab3d52d2a892d2394,持卡人消费,15公寓浴池,-0.93,85.04,2039,正常
2016/04/12 08:21:55,a79b7acc04bcebf771eac01a330bdbec3b287710,1cc1cfa1c0f4717017c1090ab3d52d2a892d2394,持卡人消费,学苑楼商务网关,-9.0,76.04,2040,正常
2016/04/12 20:33:58,a79b7acc04bcebf771eac01a330bdbec3b287710,1cc1cfa1c0f4717017c1090ab3d52d2a892d2394,持卡人消费,15公寓浴池,-0.13,75.91,2042,正常
2016/04/12 20:40:08,a79b7acc04bcebf771eac01a330bdbec3b287710,1cc1cfa1c0f4717017c1090ab3d52d2a892d2394,持卡人消费,15公寓浴池,-1.18,74.73,2044,正常
2016/04/13 15:32:25,a79b7acc04bcebf771eac01a330bdbec3b287710,1cc1cfa1c0f4717017c1090ab3d52d2a892d2394,持卡人消费,学子楼商务网关,-9.6,65.13,2045,正常
2016/04/14 12:06:32,a79b7acc04bcebf771eac01a330bdbec3b287710,1cc1cfa1c0f4717017c1090ab3d52d2a892d2394,持卡人消费,硕果园（工大商店）,-7.0,58.13,2046,正常
2016/04/14 20:05:41,a79b7acc04bcebf771eac01a330bdbec3b287710,1cc1cfa1c0f4717017c1090ab3d52d2a892d2394,持卡人消费,15公寓浴池,-0.21,57.92,2048,正常
2016/04/14 20:13:59,a79b7acc04bcebf771eac01a330bdbec3b287710,1cc1cfa1c0f4717017c1090ab3d52d2a892d2394,持卡人消费,15公寓浴池,-1.57,56.35,2050,正常
2016/04/16 09:10:50,a79b7acc04bcebf771eac01a330bdbec3b287710,1cc1cfa1c0f4717017c1090ab3d52d2a892d2394,持卡人消费,学士楼商务网关,-3.2,53.15,2051,正常
2016/04/16 09:12:44,a79b7acc04bcebf771eac01a330bdbec3b287710,1cc1cfa1c0f4717017c1090ab3d52d2a892d2394,持卡人消费,学士楼商务网关,-3.9,49.25,2052,正常
2016/04/20 12:35:05,a79b7acc04bcebf771eac01a330bdbec3b287710,1cc1cfa1c0f4717017c1090ab3d52d2a892d2394,持卡人消费,学苑楼商务网关,-7.0,42.25,2053,正常
2016/04/21 12:29:51,a79b7acc04bcebf771eac01a330bdbec3b287710,1cc1cfa1c0f4717017c1090ab3d52d2a892d2394,持卡人消费,学苑楼商务网关,-7.5,34.75,2054,正常
2016/04/21 20:28:26,a79b7acc04bcebf771eac01a330bdbec3b287710,1cc1cfa1c0f4717017c1090ab3d52d2a892d2394,持卡人消费,一校区水控新,-0.88,33.87,2056,正常
2016/04/21 20:33:19,a79b7acc04bcebf771eac01a330bdbec3b287710,1cc1cfa1c0f4717017c1090ab3d52d2a892d2394,持卡人消费,一校区水控新,-0.11,33.76,2058,正常
2016/04/21 20:36:27,a79b7acc04bcebf771eac01a330bdbec3b287710,1cc1cfa1c0f4717017c1090ab3d52d2a892d2394,持卡人消费,一校区水控新,-0.19,33.57,2060,正常
2016/04/21 20:39:32,a79b7acc04bcebf771eac01a330bdbec3b287710,1cc1cfa1c0f4717017c1090ab3d52d2a892d2394,持卡人消费,一校区水控新,-0.19,33.38,2062,正常
2016/04/21 20:50:14,a79b7acc04bcebf771eac01a330bdbec3b287710,1cc1cfa1c0f4717017c1090ab3d52d2a892d2394,持卡人消费,一校区水控新,-1.9,31.48,2064,正常
2016/04/22 11:29:04,a79b7acc04bcebf771eac01a330bdbec3b287710,1cc1cfa1c0f4717017c1090ab3d52d2a892d2394,持卡人消费,硕果园（工大商店）,-10.0,21.48,2065,正常
2016/04/22 11:29:10,a79b7acc04bcebf771eac01a330bdbec3b287710,1cc1cfa1c0f4717017c1090ab3d52d2a892d2394,持卡人消费,硕果园（工大商店）,-7.0,14.48,2066,正常
2016/04/22 11:36:16,a79b7acc04bcebf771eac01a330bdbec3b287710,1cc1cfa1c0f4717017c1090ab3d52d2a892d2394,持卡人消费,硕果园（工大商店）,-1.0,13.48,2067,正常
2016/04/23 07:07:58,a79b7acc04bcebf771eac01a330bdbec3b287710,1cc1cfa1c0f4717017c1090ab3d52d2a892d2394,持卡人消费,学苑楼商务网关,-4.6,8.88,2068,正常
2016/04/23 07:09:11,a79b7acc04bcebf771eac01a330bdbec3b287710,1cc1cfa1c0f4717017c1090ab3d52d2a892d2394,持卡人消费,学苑楼商务网关,-2.4,6.48,2069,正常
2016/04/23 07:09:52,a79b7acc04bcebf771eac01a330bdbec3b287710,1cc1cfa1c0f4717017c1090ab3d52d2a892d2394,持卡人消费,学苑楼商务网关,-0.2,6.28,2070,正常
2016/04/23 07:15:33,a79b7acc04bcebf771eac01a330bdbec3b287710,1cc1cfa1c0f4717017c1090ab3d52d2a892d2394,持卡人消费,学苑楼商务网关,-2.0,4.28,2071,正常
2016/04/25 06:32:27,a79b7acc04bcebf771eac01a330bdbec3b287710,1cc1cfa1c0f4717017c1090ab3d52d2a892d2394,存款,现金充值机,10.0,14.28,2072,正常
2016/04/25 06:53:51,a79b7acc04bcebf771eac01a330bdbec3b287710,1cc1cfa1c0f4717017c1090ab3d52d2a892d2394,持卡人消费,学苑楼商务网关,-4.0,10.28,2073,正常
2016/04/25 06:53:55,a79b7acc04bcebf771eac01a330bdbec3b287710,1cc1cfa1c0f4717017c1090ab3d52d2a892d2394,持卡人消费,学苑楼商务网关,-2.4,7.88,2074,正常
2016/04/25 06:54:05,a79b7acc04bcebf771eac01a330bdbec3b287710,1cc1cfa1c0f4717017c1090ab3d52d2a892d2394,持卡人消费,学苑楼商务网关,-1.2,6.68,2075,正常
2016/04/25 06:55:01,a79b7acc04bcebf771eac01a330bdbec3b287710,1cc1cfa1c0f4717017c1090ab3d52d2a892d2394,持卡人消费,学苑楼商务网关,-0.2,6.48,2076,正常
2016/04/25 07:03:32,a79b7acc04bcebf771eac01a330bdbec3b287710,1cc1cfa1c0f4717017c1090ab3d52d2a892d2394,持卡人消费,学苑楼商务网关,-2.0,4.48,2077,正常
2016/04/25 20:25:40,a79b7acc04bcebf771eac01a330bdbec3b287710,1cc1cfa1c0f4717017c1090ab3d52d2a892d2394,持卡人消费,一校区水控新,-1.87,2.61,2079,正常
2016/04/26 12:26:02,a79b7acc04bcebf771eac01a330bdbec3b287710,1cc1cfa1c0f4717017c1090ab3d52d2a892d2394,存款,现金充值机,20.0,22.61,2080,正常
2016/04/26 12:47:47,a79b7acc04bcebf771eac01a330bdbec3b287710,1cc1cfa1c0f4717017c1090ab3d52d2a892d2394,持卡人消费,学苑楼商务网关,-6.0,16.61,2081,正常
2016/04/26 20:52:24,a79b7acc04bcebf771eac01a330bdbec3b287710,1cc1cfa1c0f4717017c1090ab3d52d2a892d2394,持卡人消费,15公寓浴池,-2.0,14.61,2082,正常
2016/04/26 20:47:23,a79b7acc04bcebf771eac01a330bdbec3b287710,1cc1cfa1c0f4717017c1090ab3d52d2a892d2394,持卡人消费,15公寓浴池,-0.99,13.62,2084,正常
2016/04/28 11:48:59,a79b7acc04bcebf771eac01a330bdbec3b287710,1cc1cfa1c0f4717017c1090ab3d52d2a892d2394,持卡人消费,学苑楼商务网关,-6.0,7.62,2085,正常
