交易发生时间,学号,姓名,交易类型,子系统名称,交易额,现有余额,次数,状态
2016/04/01 12:27:06,a515d0264d4b5b02f081dde76ca0ca80a2346c34,1cdcf639807230a5441c04dec497953db9209a0b,持卡人消费,学士楼商务网关,-15.0,15.66,3942,正常
2016/04/01 12:35:15,a515d0264d4b5b02f081dde76ca0ca80a2346c34,1cdcf639807230a5441c04dec497953db9209a0b,银行转帐,转账前置机,50.0,15.66,3942,正常
2016/04/02 11:57:30,a515d0264d4b5b02f081dde76ca0ca80a2346c34,1cdcf639807230a5441c04dec497953db9209a0b,持卡人消费,学士楼商务网关,-4.0,61.66,3944,正常
2016/04/02 11:58:56,a515d0264d4b5b02f081dde76ca0ca80a2346c34,1cdcf639807230a5441c04dec497953db9209a0b,持卡人消费,学士楼商务网关,-4.3,57.36,3945,正常
2016/04/03 12:00:34,a515d0264d4b5b02f081dde76ca0ca80a2346c34,1cdcf639807230a5441c04dec497953db9209a0b,持卡人消费,学士楼商务网关,-5.6,51.76,3946,正常
2016/04/03 18:57:23,a515d0264d4b5b02f081dde76ca0ca80a2346c34,1cdcf639807230a5441c04dec497953db9209a0b,持卡人消费,硕果园（工大商店）,-12.0,39.76,3947,正常
2016/04/03 19:08:09,a515d0264d4b5b02f081dde76ca0ca80a2346c34,1cdcf639807230a5441c04dec497953db9209a0b,持卡人消费,硕果园（工大商店）,-5.0,34.76,3948,正常
2016/04/04 12:12:19,a515d0264d4b5b02f081dde76ca0ca80a2346c34,1cdcf639807230a5441c04dec497953db9209a0b,持卡人消费,学士楼商务网关,-8.0,26.76,3949,正常
2016/04/04 12:14:30,a515d0264d4b5b02f081dde76ca0ca80a2346c34,1cdcf639807230a5441c04dec497953db9209a0b,持卡人消费,学士楼商务网关,-8.0,18.76,3950,正常
2016/04/04 12:19:58,a515d0264d4b5b02f081dde76ca0ca80a2346c34,1cdcf639807230a5441c04dec497953db9209a0b,银行转帐,转账前置机,50.0,18.76,3950,正常
2016/04/04 12:15:45,a515d0264d4b5b02f081dde76ca0ca80a2346c34,1cdcf639807230a5441c04dec497953db9209a0b,持卡人消费,学士楼商务网关,-0.6,18.16,3951,正常
2016/04/04 18:40:01,a515d0264d4b5b02f081dde76ca0ca80a2346c34,1cdcf639807230a5441c04dec497953db9209a0b,持卡人消费,硕果园（工大商店）,-16.0,52.16,3953,正常
2016/04/04 19:25:27,a515d0264d4b5b02f081dde76ca0ca80a2346c34,1cdcf639807230a5441c04dec497953db9209a0b,持卡人消费,超市商务子系统,-16.5,35.66,3954,正常
2016/04/04 19:29:59,a515d0264d4b5b02f081dde76ca0ca80a2346c34,1cdcf639807230a5441c04dec497953db9209a0b,持卡人消费,超市商务子系统,-5.7,29.96,3955,正常
2016/04/05 12:09:51,a515d0264d4b5b02f081dde76ca0ca80a2346c34,1cdcf639807230a5441c04dec497953db9209a0b,持卡人消费,学苑楼商务网关,-8.8,21.16,3956,正常
2016/04/05 12:30:24,a515d0264d4b5b02f081dde76ca0ca80a2346c34,1cdcf639807230a5441c04dec497953db9209a0b,持卡人消费,超市商务子系统,-1.5,19.66,3957,正常
2016/04/05 12:31:11,a515d0264d4b5b02f081dde76ca0ca80a2346c34,1cdcf639807230a5441c04dec497953db9209a0b,持卡人消费,超市商务子系统,-7.3,12.36,3958,正常
2016/04/05 12:39:24,a515d0264d4b5b02f081dde76ca0ca80a2346c34,1cdcf639807230a5441c04dec497953db9209a0b,银行转帐,转账前置机,50.0,12.36,3958,正常
2016/04/05 18:03:30,a515d0264d4b5b02f081dde76ca0ca80a2346c34,1cdcf639807230a5441c04dec497953db9209a0b,持卡人消费,学士楼商务网关,-3.0,59.36,3960,正常
2016/04/05 18:05:46,a515d0264d4b5b02f081dde76ca0ca80a2346c34,1cdcf639807230a5441c04dec497953db9209a0b,持卡人消费,学士楼商务网关,-3.8,55.56,3961,正常
2016/04/05 18:07:18,a515d0264d4b5b02f081dde76ca0ca80a2346c34,1cdcf639807230a5441c04dec497953db9209a0b,持卡人消费,学士楼商务网关,-2.0,53.56,3962,正常
2016/04/06 11:50:42,a515d0264d4b5b02f081dde76ca0ca80a2346c34,1cdcf639807230a5441c04dec497953db9209a0b,持卡人消费,学士楼商务网关,-8.0,45.56,3963,正常
2016/04/06 19:08:03,a515d0264d4b5b02f081dde76ca0ca80a2346c34,1cdcf639807230a5441c04dec497953db9209a0b,持卡人消费,硕果园（工大商店）,-8.0,37.56,3964,正常
2016/04/06 20:34:09,a515d0264d4b5b02f081dde76ca0ca80a2346c34,1cdcf639807230a5441c04dec497953db9209a0b,持卡人消费,一校区水控新,-2.0,35.56,3965,正常
2016/04/06 20:35:57,a515d0264d4b5b02f081dde76ca0ca80a2346c34,1cdcf639807230a5441c04dec497953db9209a0b,持卡人消费,一校区水控新,-0.16,35.40,3967,正常
2016/04/06 20:39:33,a515d0264d4b5b02f081dde76ca0ca80a2346c34,1cdcf639807230a5441c04dec497953db9209a0b,持卡人消费,一校区水控新,-0.02,35.38,3969,正常
2016/04/06 20:45:41,a515d0264d4b5b02f081dde76ca0ca80a2346c34,1cdcf639807230a5441c04dec497953db9209a0b,持卡人消费,一校区水控新,-1.01,34.37,3971,正常
2016/04/07 11:52:45,a515d0264d4b5b02f081dde76ca0ca80a2346c34,1cdcf639807230a5441c04dec497953db9209a0b,持卡人消费,学苑楼商务网关,-8.0,26.37,3972,正常
2016/04/07 11:54:15,a515d0264d4b5b02f081dde76ca0ca80a2346c34,1cdcf639807230a5441c04dec497953db9209a0b,持卡人消费,学苑楼商务网关,-8.7,17.67,3973,正常
2016/04/07 12:02:43,a515d0264d4b5b02f081dde76ca0ca80a2346c34,1cdcf639807230a5441c04dec497953db9209a0b,银行转帐,转账前置机,50.0,17.67,3973,正常
2016/04/07 18:11:16,a515d0264d4b5b02f081dde76ca0ca80a2346c34,1cdcf639807230a5441c04dec497953db9209a0b,持卡人消费,学苑楼商务网关,-8.0,59.67,3975,正常
2016/04/07 18:13:23,a515d0264d4b5b02f081dde76ca0ca80a2346c34,1cdcf639807230a5441c04dec497953db9209a0b,持卡人消费,学苑楼商务网关,-20.0,39.67,3976,正常
2016/04/07 18:14:30,a515d0264d4b5b02f081dde76ca0ca80a2346c34,1cdcf639807230a5441c04dec497953db9209a0b,持卡人消费,学苑楼商务网关,-4.0,35.67,3977,正常
2016/04/08 12:47:41,a515d0264d4b5b02f081dde76ca0ca80a2346c34,1cdcf639807230a5441c04dec497953db9209a0b,持卡人消费,学士楼商务网关,-6.8,28.87,3978,正常
2016/04/08 17:34:51,a515d0264d4b5b02f081dde76ca0ca80a2346c34,1cdcf639807230a5441c04dec497953db9209a0b,持卡人消费,学苑楼商务网关,-8.8,20.07,3979,正常
2016/04/08 17:37:09,a515d0264d4b5b02f081dde76ca0ca80a2346c34,1cdcf639807230a5441c04dec497953db9209a0b,持卡人消费,学苑楼商务网关,-4.0,16.07,3980,正常
2016/04/08 17:39:37,a515d0264d4b5b02f081dde76ca0ca80a2346c34,1cdcf639807230a5441c04dec497953db9209a0b,银行转帐,转账前置机,50.0,16.07,3980,正常
2016/04/09 11:50:40,a515d0264d4b5b02f081dde76ca0ca80a2346c34,1cdcf639807230a5441c04dec497953db9209a0b,持卡人消费,学士楼商务网关,-2.5,63.57,3982,正常
2016/04/09 11:51:50,a515d0264d4b5b02f081dde76ca0ca80a2346c34,1cdcf639807230a5441c04dec497953db9209a0b,持卡人消费,学士楼商务网关,-4.6,58.97,3983,正常
2016/04/09 14:04:06,a515d0264d4b5b02f081dde76ca0ca80a2346c34,1cdcf639807230a5441c04dec497953db9209a0b,持卡人消费,一校区水控新,-1.92,57.05,3985,正常
2016/04/09 14:13:28,a515d0264d4b5b02f081dde76ca0ca80a2346c34,1cdcf639807230a5441c04dec497953db9209a0b,持卡人消费,一校区水控新,-1.02,56.03,3987,正常
2016/04/10 11:59:22,a515d0264d4b5b02f081dde76ca0ca80a2346c34,1cdcf639807230a5441c04dec497953db9209a0b,持卡人消费,学士楼商务网关,-4.0,52.03,3988,正常
2016/04/10 12:00:46,a515d0264d4b5b02f081dde76ca0ca80a2346c34,1cdcf639807230a5441c04dec497953db9209a0b,持卡人消费,学士楼商务网关,-5.8,46.23,3989,正常
2016/04/10 18:39:53,a515d0264d4b5b02f081dde76ca0ca80a2346c34,1cdcf639807230a5441c04dec497953db9209a0b,持卡人消费,硕果园（工大商店）,-8.0,38.23,3990,正常
2016/04/10 18:42:06,a515d0264d4b5b02f081dde76ca0ca80a2346c34,1cdcf639807230a5441c04dec497953db9209a0b,持卡人消费,硕果园（工大商店）,-15.0,23.23,3991,正常
2016/04/10 19:05:59,a515d0264d4b5b02f081dde76ca0ca80a2346c34,1cdcf639807230a5441c04dec497953db9209a0b,持卡人消费,硕果园（工大商店）,-5.0,18.23,3992,正常
2016/04/10 19:06:54,a515d0264d4b5b02f081dde76ca0ca80a2346c34,1cdcf639807230a5441c04dec497953db9209a0b,银行转帐,转账前置机,50.0,18.23,3992,正常
2016/04/11 11:45:28,a515d0264d4b5b02f081dde76ca0ca80a2346c34,1cdcf639807230a5441c04dec497953db9209a0b,持卡人消费,学苑楼商务网关,-8.8,59.43,3994,正常
2016/04/11 17:53:15,a515d0264d4b5b02f081dde76ca0ca80a2346c34,1cdcf639807230a5441c04dec497953db9209a0b,持卡人消费,学苑楼商务网关,-6.0,53.43,3995,正常
2016/04/11 17:55:16,a515d0264d4b5b02f081dde76ca0ca80a2346c34,1cdcf639807230a5441c04dec497953db9209a0b,持卡人消费,学苑楼商务网关,-8.8,44.63,3996,正常
2016/04/11 17:57:04,a515d0264d4b5b02f081dde76ca0ca80a2346c34,1cdcf639807230a5441c04dec497953db9209a0b,持卡人消费,学苑楼商务网关,-2.0,42.63,3997,正常
2016/04/11 18:26:36,a515d0264d4b5b02f081dde76ca0ca80a2346c34,1cdcf639807230a5441c04dec497953db9209a0b,持卡人消费,学苑楼商务网关,-4.0,38.63,3998,正常
2016/04/11 20:06:21,a515d0264d4b5b02f081dde76ca0ca80a2346c34,1cdcf639807230a5441c04dec497953db9209a0b,持卡人消费,A7,-3.0,35.63,3999,正常
2016/04/12 12:19:44,a515d0264d4b5b02f081dde76ca0ca80a2346c34,1cdcf639807230a5441c04dec497953db9209a0b,持卡人消费,硕果园（工大商店）,-10.0,25.63,4000,正常
2016/04/12 18:41:58,a515d0264d4b5b02f081dde76ca0ca80a2346c34,1cdcf639807230a5441c04dec497953db9209a0b,银行转帐,转账前置机,50.0,10.43,4001,正常
2016/04/12 18:42:25,a515d0264d4b5b02f081dde76ca0ca80a2346c34,1cdcf639807230a5441c04dec497953db9209a0b,持卡人消费,学子楼商务网关,-15.2,10.43,4001,正常
2016/04/12 19:09:10,a515d0264d4b5b02f081dde76ca0ca80a2346c34,1cdcf639807230a5441c04dec497953db9209a0b,持卡人消费,超市商务子系统,-4.0,56.43,4003,正常
2016/04/12 20:32:39,a515d0264d4b5b02f081dde76ca0ca80a2346c34,1cdcf639807230a5441c04dec497953db9209a0b,持卡人消费,一校区水控新,-2.0,54.43,4004,正常
2016/04/12 20:33:47,a515d0264d4b5b02f081dde76ca0ca80a2346c34,1cdcf639807230a5441c04dec497953db9209a0b,持卡人消费,一校区水控新,-0.19,54.24,4006,正常
2016/04/12 20:41:48,a515d0264d4b5b02f081dde76ca0ca80a2346c34,1cdcf639807230a5441c04dec497953db9209a0b,持卡人消费,一校区水控新,-0.69,53.55,4008,正常
2016/04/13 12:32:51,a515d0264d4b5b02f081dde76ca0ca80a2346c34,1cdcf639807230a5441c04dec497953db9209a0b,持卡人消费,学苑楼商务网关,-8.8,44.75,4009,正常
2016/04/13 18:09:56,a515d0264d4b5b02f081dde76ca0ca80a2346c34,1cdcf639807230a5441c04dec497953db9209a0b,持卡人消费,学士楼商务网关,-5.0,39.75,4010,正常
2016/04/13 18:11:50,a515d0264d4b5b02f081dde76ca0ca80a2346c34,1cdcf639807230a5441c04dec497953db9209a0b,持卡人消费,学士楼商务网关,-4.0,35.75,4011,正常
2016/04/13 18:29:42,a515d0264d4b5b02f081dde76ca0ca80a2346c34,1cdcf639807230a5441c04dec497953db9209a0b,持卡人消费,学士楼商务网关,-4.5,31.25,4012,正常
2016/04/14 17:55:33,a515d0264d4b5b02f081dde76ca0ca80a2346c34,1cdcf639807230a5441c04dec497953db9209a0b,持卡人消费,学士楼商务网关,-14.4,16.85,4013,正常
2016/04/14 17:57:50,a515d0264d4b5b02f081dde76ca0ca80a2346c34,1cdcf639807230a5441c04dec497953db9209a0b,持卡人消费,学士楼商务网关,-12.6,4.25,4014,正常
2016/04/14 17:58:22,a515d0264d4b5b02f081dde76ca0ca80a2346c34,1cdcf639807230a5441c04dec497953db9209a0b,银行转帐,转账前置机,50.0,4.25,4014,正常
2016/04/14 17:59:13,a515d0264d4b5b02f081dde76ca0ca80a2346c34,1cdcf639807230a5441c04dec497953db9209a0b,持卡人消费,学士楼商务网关,-3.3,0.95,4015,正常
2016/04/14 19:14:48,a515d0264d4b5b02f081dde76ca0ca80a2346c34,1cdcf639807230a5441c04dec497953db9209a0b,持卡人消费,超市商务子系统,-7.8,43.15,4017,正常
2016/04/15 11:59:14,a515d0264d4b5b02f081dde76ca0ca80a2346c34,1cdcf639807230a5441c04dec497953db9209a0b,持卡人消费,学苑楼商务网关,-8.0,35.15,4018,正常
2016/04/15 12:09:05,a515d0264d4b5b02f081dde76ca0ca80a2346c34,1cdcf639807230a5441c04dec497953db9209a0b,持卡人消费,学苑楼商务网关,-1.5,33.65,4019,正常
2016/04/15 12:10:18,a515d0264d4b5b02f081dde76ca0ca80a2346c34,1cdcf639807230a5441c04dec497953db9209a0b,持卡人消费,学苑楼商务网关,-5.1,28.55,4020,正常
2016/04/15 20:27:08,a515d0264d4b5b02f081dde76ca0ca80a2346c34,1cdcf639807230a5441c04dec497953db9209a0b,银行转帐,转账前置机,50.0,13.65,4021,正常
2016/04/15 20:28:28,a515d0264d4b5b02f081dde76ca0ca80a2346c34,1cdcf639807230a5441c04dec497953db9209a0b,持卡人消费,学子超市园丁总店,-14.9,13.65,4021,正常
2016/04/16 15:17:54,a515d0264d4b5b02f081dde76ca0ca80a2346c34,1cdcf639807230a5441c04dec497953db9209a0b,持卡人消费,硕果园（工大商店）,-8.0,55.65,4023,正常
2016/04/16 05:30:04,a515d0264d4b5b02f081dde76ca0ca80a2346c34,1cdcf639807230a5441c04dec497953db9209a0b,持卡人消费,学士楼商务网关,-12.0,43.65,4024,正常
2016/04/16 05:31:55,a515d0264d4b5b02f081dde76ca0ca80a2346c34,1cdcf639807230a5441c04dec497953db9209a0b,持卡人消费,学士楼商务网关,-0.8,42.85,4025,正常
2016/04/16 19:02:12,a515d0264d4b5b02f081dde76ca0ca80a2346c34,1cdcf639807230a5441c04dec497953db9209a0b,持卡人消费,超市商务子系统,-0.8,42.05,4026,正常
2016/04/16 19:07:49,a515d0264d4b5b02f081dde76ca0ca80a2346c34,1cdcf639807230a5441c04dec497953db9209a0b,持卡人消费,超市商务子系统,-20.2,21.85,4027,正常
2016/04/17 18:26:56,a515d0264d4b5b02f081dde76ca0ca80a2346c34,1cdcf639807230a5441c04dec497953db9209a0b,持卡人消费,学士楼商务网关,-3.8,18.05,4028,正常
2016/04/17 18:28:49,a515d0264d4b5b02f081dde76ca0ca80a2346c34,1cdcf639807230a5441c04dec497953db9209a0b,持卡人消费,学士楼商务网关,-3.0,15.05,4029,正常
2016/04/17 18:34:16,a515d0264d4b5b02f081dde76ca0ca80a2346c34,1cdcf639807230a5441c04dec497953db9209a0b,银行转帐,转账前置机,50.0,15.05,4029,正常
2016/04/17 18:38:01,a515d0264d4b5b02f081dde76ca0ca80a2346c34,1cdcf639807230a5441c04dec497953db9209a0b,持卡人消费,学士楼商务网关,-0.5,64.55,4031,正常
2016/04/17 20:36:01,a515d0264d4b5b02f081dde76ca0ca80a2346c34,1cdcf639807230a5441c04dec497953db9209a0b,持卡人消费,一校区水控新,-2.0,62.55,4032,正常
2016/04/17 20:40:22,a515d0264d4b5b02f081dde76ca0ca80a2346c34,1cdcf639807230a5441c04dec497953db9209a0b,持卡人消费,一校区水控新,-0.67,61.88,4034,正常
2016/04/17 20:45:36,a515d0264d4b5b02f081dde76ca0ca80a2346c34,1cdcf639807230a5441c04dec497953db9209a0b,持卡人消费,一校区水控新,-0.54,61.34,4036,正常
2016/04/17 20:49:21,a515d0264d4b5b02f081dde76ca0ca80a2346c34,1cdcf639807230a5441c04dec497953db9209a0b,持卡人消费,一校区水控新,-0.61,60.73,4038,正常
2016/04/18 12:28:58,a515d0264d4b5b02f081dde76ca0ca80a2346c34,1cdcf639807230a5441c04dec497953db9209a0b,持卡人消费,学子楼商务网关,-17.5,43.23,4039,正常
2016/04/18 18:30:21,a515d0264d4b5b02f081dde76ca0ca80a2346c34,1cdcf639807230a5441c04dec497953db9209a0b,持卡人消费,学苑楼商务网关,-8.8,34.43,4040,正常
2016/04/18 18:45:11,a515d0264d4b5b02f081dde76ca0ca80a2346c34,1cdcf639807230a5441c04dec497953db9209a0b,持卡人消费,学苑楼商务网关,-4.0,30.43,4041,正常
2016/04/19 11:22:48,a515d0264d4b5b02f081dde76ca0ca80a2346c34,1cdcf639807230a5441c04dec497953db9209a0b,持卡人消费,学苑楼商务网关,-8.0,22.43,4042,正常
2016/04/19 11:34:57,a515d0264d4b5b02f081dde76ca0ca80a2346c34,1cdcf639807230a5441c04dec497953db9209a0b,持卡人消费,学苑楼商务网关,-1.5,20.93,4043,正常
2016/04/19 18:38:13,a515d0264d4b5b02f081dde76ca0ca80a2346c34,1cdcf639807230a5441c04dec497953db9209a0b,持卡人消费,学苑楼商务网关,-7.9,13.03,4044,正常
2016/04/19 18:39:53,a515d0264d4b5b02f081dde76ca0ca80a2346c34,1cdcf639807230a5441c04dec497953db9209a0b,银行转帐,转账前置机,50.0,13.03,4044,正常
2016/04/19 18:57:09,a515d0264d4b5b02f081dde76ca0ca80a2346c34,1cdcf639807230a5441c04dec497953db9209a0b,持卡人消费,超市商务子系统,-4.0,59.03,4046,正常
2016/04/20 08:18:20,a515d0264d4b5b02f081dde76ca0ca80a2346c34,1cdcf639807230a5441c04dec497953db9209a0b,持卡人消费,学士楼商务网关,-2.6,56.43,4047,正常
2016/04/20 11:50:46,a515d0264d4b5b02f081dde76ca0ca80a2346c34,1cdcf639807230a5441c04dec497953db9209a0b,持卡人消费,学士楼商务网关,-6.5,49.93,4048,正常
2016/04/20 11:50:50,a515d0264d4b5b02f081dde76ca0ca80a2346c34,1cdcf639807230a5441c04dec497953db9209a0b,持卡人消费,学士楼商务网关,-0.6,49.33,4049,正常
2016/04/20 17:55:17,a515d0264d4b5b02f081dde76ca0ca80a2346c34,1cdcf639807230a5441c04dec497953db9209a0b,持卡人消费,学苑楼商务网关,-8.0,41.33,4050,正常
2016/04/20 18:27:25,a515d0264d4b5b02f081dde76ca0ca80a2346c34,1cdcf639807230a5441c04dec497953db9209a0b,持卡人消费,学苑楼商务网关,-4.0,37.33,4051,正常
2016/04/20 20:37:04,a515d0264d4b5b02f081dde76ca0ca80a2346c34,1cdcf639807230a5441c04dec497953db9209a0b,持卡人消费,一校区水控新,-2.0,35.33,4052,正常
2016/04/20 20:38:49,a515d0264d4b5b02f081dde76ca0ca80a2346c34,1cdcf639807230a5441c04dec497953db9209a0b,持卡人消费,一校区水控新,-0.18,35.15,4054,正常
2016/04/20 20:50:08,a515d0264d4b5b02f081dde76ca0ca80a2346c34,1cdcf639807230a5441c04dec497953db9209a0b,持卡人消费,一校区水控新,-1.07,34.08,4056,正常
2016/04/21 11:37:30,a515d0264d4b5b02f081dde76ca0ca80a2346c34,1cdcf639807230a5441c04dec497953db9209a0b,持卡人消费,学士楼商务网关,-8.0,26.08,4057,正常
2016/04/21 11:43:02,a515d0264d4b5b02f081dde76ca0ca80a2346c34,1cdcf639807230a5441c04dec497953db9209a0b,持卡人消费,学士楼商务网关,-15.6,10.48,4058,正常
2016/04/21 11:45:49,a515d0264d4b5b02f081dde76ca0ca80a2346c34,1cdcf639807230a5441c04dec497953db9209a0b,持卡人消费,学士楼商务网关,-9.6,0.88,4059,正常
2016/04/21 11:46:22,a515d0264d4b5b02f081dde76ca0ca80a2346c34,1cdcf639807230a5441c04dec497953db9209a0b,银行转帐,转账前置机,50.0,0.88,4059,正常
2016/04/21 18:07:18,a515d0264d4b5b02f081dde76ca0ca80a2346c34,1cdcf639807230a5441c04dec497953db9209a0b,持卡人消费,学苑楼商务网关,-3.0,47.88,4061,正常
2016/04/21 18:08:42,a515d0264d4b5b02f081dde76ca0ca80a2346c34,1cdcf639807230a5441c04dec497953db9209a0b,持卡人消费,学苑楼商务网关,-6.0,41.88,4062,正常
2016/04/22 12:28:06,a515d0264d4b5b02f081dde76ca0ca80a2346c34,1cdcf639807230a5441c04dec497953db9209a0b,持卡人消费,学士楼商务网关,-6.6,35.28,4063,正常
2016/04/22 12:29:10,a515d0264d4b5b02f081dde76ca0ca80a2346c34,1cdcf639807230a5441c04dec497953db9209a0b,持卡人消费,学士楼商务网关,-4.0,31.28,4064,正常
2016/04/22 17:42:59,a515d0264d4b5b02f081dde76ca0ca80a2346c34,1cdcf639807230a5441c04dec497953db9209a0b,持卡人消费,学苑楼商务网关,-8.0,23.28,4065,正常
2016/04/22 20:31:07,a515d0264d4b5b02f081dde76ca0ca80a2346c34,1cdcf639807230a5441c04dec497953db9209a0b,持卡人消费,超市商务子系统,-8.9,14.38,4066,正常
2016/04/22 20:31:33,a515d0264d4b5b02f081dde76ca0ca80a2346c34,1cdcf639807230a5441c04dec497953db9209a0b,银行转帐,转账前置机,50.0,14.38,4066,正常
2016/04/22 20:31:43,a515d0264d4b5b02f081dde76ca0ca80a2346c34,1cdcf639807230a5441c04dec497953db9209a0b,持卡人消费,超市商务子系统,-6.0,8.38,4067,正常
2016/04/23 16:46:48,a515d0264d4b5b02f081dde76ca0ca80a2346c34,1cdcf639807230a5441c04dec497953db9209a0b,持卡人消费,一校区水控新,-2.0,6.38,4068,正常
2016/04/23 16:57:43,a515d0264d4b5b02f081dde76ca0ca80a2346c34,1cdcf639807230a5441c04dec497953db9209a0b,持卡人消费,一校区水控新,-1.12,5.26,4070,正常
2016/04/23 18:51:17,a515d0264d4b5b02f081dde76ca0ca80a2346c34,1cdcf639807230a5441c04dec497953db9209a0b,持卡人消费,硕果园（工大商店）,-12.0,43.26,4072,正常
2016/04/23 18:52:09,a515d0264d4b5b02f081dde76ca0ca80a2346c34,1cdcf639807230a5441c04dec497953db9209a0b,持卡人消费,硕果园（工大商店）,-3.0,40.26,4073,正常
2016/04/24 18:35:20,a515d0264d4b5b02f081dde76ca0ca80a2346c34,1cdcf639807230a5441c04dec497953db9209a0b,持卡人消费,学士楼商务网关,-11.8,28.46,4074,正常
2016/04/24 19:17:45,a515d0264d4b5b02f081dde76ca0ca80a2346c34,1cdcf639807230a5441c04dec497953db9209a0b,持卡人消费,超市商务子系统,-25.0,3.46,4075,正常
2016/04/24 19:17:56,a515d0264d4b5b02f081dde76ca0ca80a2346c34,1cdcf639807230a5441c04dec497953db9209a0b,银行转帐,转账前置机,50.0,3.46,4075,正常
2016/04/24 19:20:15,a515d0264d4b5b02f081dde76ca0ca80a2346c34,1cdcf639807230a5441c04dec497953db9209a0b,持卡人消费,超市商务子系统,-26.9,26.56,4077,正常
2016/04/25 11:52:31,a515d0264d4b5b02f081dde76ca0ca80a2346c34,1cdcf639807230a5441c04dec497953db9209a0b,持卡人消费,学士楼商务网关,-12.0,14.56,4078,正常
2016/04/25 11:54:35,a515d0264d4b5b02f081dde76ca0ca80a2346c34,1cdcf639807230a5441c04dec497953db9209a0b,持卡人消费,学士楼商务网关,-0.8,13.76,4079,正常
2016/04/25 18:01:02,a515d0264d4b5b02f081dde76ca0ca80a2346c34,1cdcf639807230a5441c04dec497953db9209a0b,持卡人消费,学士楼商务网关,-10.0,3.76,4080,正常
2016/04/25 18:01:31,a515d0264d4b5b02f081dde76ca0ca80a2346c34,1cdcf639807230a5441c04dec497953db9209a0b,持卡人消费,学士楼商务网关,-3.0,0.76,4081,正常
2016/04/25 18:03:46,a515d0264d4b5b02f081dde76ca0ca80a2346c34,1cdcf639807230a5441c04dec497953db9209a0b,持卡人消费,学士楼商务网关,-0.6,0.16,4082,正常
2016/04/27 18:08:41,a515d0264d4b5b02f081dde76ca0ca80a2346c34,1cdcf639807230a5441c04dec497953db9209a0b,存款,卡中心综合业务,50.0,50.16,4083,正常
2016/04/27 18:10:31,a515d0264d4b5b02f081dde76ca0ca80a2346c34,1cdcf639807230a5441c04dec497953db9209a0b,持卡人消费,学苑楼商务网关,-8.8,41.36,4084,正常
2016/04/27 20:40:05,a515d0264d4b5b02f081dde76ca0ca80a2346c34,1cdcf639807230a5441c04dec497953db9209a0b,持卡人消费,一校区水控新,-2.0,39.36,4085,正常
2016/04/27 20:43:53,a515d0264d4b5b02f081dde76ca0ca80a2346c34,1cdcf639807230a5441c04dec497953db9209a0b,持卡人消费,一校区水控新,-0.66,38.70,4087,正常
2016/04/27 20:53:52,a515d0264d4b5b02f081dde76ca0ca80a2346c34,1cdcf639807230a5441c04dec497953db9209a0b,持卡人消费,一校区水控新,-1.1,37.60,4089,正常
2016/04/28 11:26:26,a515d0264d4b5b02f081dde76ca0ca80a2346c34,1cdcf639807230a5441c04dec497953db9209a0b,持卡人消费,学士楼商务网关,-3.91,33.69,4090,正常
2016/04/28 11:27:10,a515d0264d4b5b02f081dde76ca0ca80a2346c34,1cdcf639807230a5441c04dec497953db9209a0b,持卡人消费,学士楼商务网关,-5.0,28.69,4091,正常
2016/04/28 18:28:31,a515d0264d4b5b02f081dde76ca0ca80a2346c34,1cdcf639807230a5441c04dec497953db9209a0b,持卡人消费,硕果园（工大商店）,-20.0,8.69,4092,正常
2016/04/28 18:29:05,a515d0264d4b5b02f081dde76ca0ca80a2346c34,1cdcf639807230a5441c04dec497953db9209a0b,银行转帐,转账前置机,50.0,8.69,4092,正常
2016/04/28 18:31:31,a515d0264d4b5b02f081dde76ca0ca80a2346c34,1cdcf639807230a5441c04dec497953db9209a0b,持卡人消费,硕果园（工大商店）,-3.0,55.69,4094,正常
