交易发生时间,学号,姓名,交易类型,子系统名称,交易额,现有余额,次数,状态
2016/04/01 08:39:04,8f30b2396b2f479564ce4f26b25f825abcac71d2,1cec564c0f2ff2a071221f3077c1cedeb348740c,存款,现金充值机,100.0,107.40,1051,正常
2016/04/01 08:56:05,8f30b2396b2f479564ce4f26b25f825abcac71d2,1cec564c0f2ff2a071221f3077c1cedeb348740c,持卡人消费,网络中心,-30.0,77.40,1052,正常
2016/04/02 17:06:45,8f30b2396b2f479564ce4f26b25f825abcac71d2,1cec564c0f2ff2a071221f3077c1cedeb348740c,持卡人消费,土木楼网关,-6.0,71.40,1053,正常
2016/04/02 17:07:53,8f30b2396b2f479564ce4f26b25f825abcac71d2,1cec564c0f2ff2a071221f3077c1cedeb348740c,持卡人消费,土木楼网关,-0.74,70.66,1054,正常
2016/04/13 18:46:07,8f30b2396b2f479564ce4f26b25f825abcac71d2,1cec564c0f2ff2a071221f3077c1cedeb348740c,持卡人消费,土木楼水控,-0.51,70.15,1056,正常
2016/04/13 18:48:22,8f30b2396b2f479564ce4f26b25f825abcac71d2,1cec564c0f2ff2a071221f3077c1cedeb348740c,持卡人消费,土木楼水控,-0.22,69.93,1058,正常
2016/04/13 18:51:27,8f30b2396b2f479564ce4f26b25f825abcac71d2,1cec564c0f2ff2a071221f3077c1cedeb348740c,持卡人消费,土木楼水控,-0.26,69.67,1060,正常
2016/04/13 18:52:00,8f30b2396b2f479564ce4f26b25f825abcac71d2,1cec564c0f2ff2a071221f3077c1cedeb348740c,持卡人消费,土木楼水控,-0.03,69.64,1062,正常
2016/04/16 10:46:24,8f30b2396b2f479564ce4f26b25f825abcac71d2,1cec564c0f2ff2a071221f3077c1cedeb348740c,持卡人消费,学苑楼商务网关,-8.0,61.64,1063,正常
2016/04/16 11:12:38,8f30b2396b2f479564ce4f26b25f825abcac71d2,1cec564c0f2ff2a071221f3077c1cedeb348740c,持卡人消费,学苑楼商务网关,-6.0,55.64,1064,正常
2016/04/19 12:59:51,8f30b2396b2f479564ce4f26b25f825abcac71d2,1cec564c0f2ff2a071221f3077c1cedeb348740c,持卡人消费,游泳馆,-6.0,49.64,1065,正常
2016/04/19 16:15:36,8f30b2396b2f479564ce4f26b25f825abcac71d2,1cec564c0f2ff2a071221f3077c1cedeb348740c,持卡人消费,硕果园（工大商店）,-5.0,44.64,1066,正常
2016/04/19 16:18:20,8f30b2396b2f479564ce4f26b25f825abcac71d2,1cec564c0f2ff2a071221f3077c1cedeb348740c,持卡人消费,硕果园（工大商店）,-8.0,36.64,1067,正常
2016/04/20 11:57:43,8f30b2396b2f479564ce4f26b25f825abcac71d2,1cec564c0f2ff2a071221f3077c1cedeb348740c,持卡人消费,硕果园（工大商店）,-10.0,26.64,1068,正常
2016/04/23 17:14:43,8f30b2396b2f479564ce4f26b25f825abcac71d2,1cec564c0f2ff2a071221f3077c1cedeb348740c,持卡人消费,土木楼网关,-5.4,21.24,1069,正常
2016/04/24 16:57:11,8f30b2396b2f479564ce4f26b25f825abcac71d2,1cec564c0f2ff2a071221f3077c1cedeb348740c,持卡人消费,土木楼水控,-0.03,21.21,1071,正常
2016/04/24 16:58:37,8f30b2396b2f479564ce4f26b25f825abcac71d2,1cec564c0f2ff2a071221f3077c1cedeb348740c,持卡人消费,土木楼水控,-0.27,20.94,1072,正常
2016/04/24 17:01:54,8f30b2396b2f479564ce4f26b25f825abcac71d2,1cec564c0f2ff2a071221f3077c1cedeb348740c,持卡人消费,土木楼水控,-0.27,20.67,1073,正常
2016/04/24 17:04:12,8f30b2396b2f479564ce4f26b25f825abcac71d2,1cec564c0f2ff2a071221f3077c1cedeb348740c,持卡人消费,土木楼水控,-0.25,20.42,1074,正常
2016/04/24 17:06:03,8f30b2396b2f479564ce4f26b25f825abcac71d2,1cec564c0f2ff2a071221f3077c1cedeb348740c,持卡人消费,土木楼水控,-0.17,20.25,1075,正常
