交易发生时间,学号,姓名,交易类型,子系统名称,交易额,现有余额,次数,状态
2016/04/01 10:41:03,ffa17f9872808cd2dee05a8144cfdfdb3c509424,1d2cb6cd41d913a3dd937654766e7546af62fba5,持卡人消费,学士楼商务网关,-4.6,61.65,3567,正常
2016/04/01 17:14:14,ffa17f9872808cd2dee05a8144cfdfdb3c509424,1d2cb6cd41d913a3dd937654766e7546af62fba5,持卡人消费,学苑楼商务网关,-6.0,55.65,3568,正常
2016/04/02 11:07:33,ffa17f9872808cd2dee05a8144cfdfdb3c509424,1d2cb6cd41d913a3dd937654766e7546af62fba5,持卡人消费,学士楼商务网关,-3.6,52.05,3569,正常
2016/04/02 11:08:37,ffa17f9872808cd2dee05a8144cfdfdb3c509424,1d2cb6cd41d913a3dd937654766e7546af62fba5,持卡人消费,学士楼商务网关,-2.0,50.05,3570,正常
2016/04/02 17:23:35,ffa17f9872808cd2dee05a8144cfdfdb3c509424,1d2cb6cd41d913a3dd937654766e7546af62fba5,持卡人消费,学苑楼商务网关,-8.0,42.05,3571,正常
2016/04/03 11:03:05,ffa17f9872808cd2dee05a8144cfdfdb3c509424,1d2cb6cd41d913a3dd937654766e7546af62fba5,持卡人消费,学士楼商务网关,-3.6,38.45,3572,正常
2016/04/03 17:40:13,ffa17f9872808cd2dee05a8144cfdfdb3c509424,1d2cb6cd41d913a3dd937654766e7546af62fba5,持卡人消费,学士楼商务网关,-3.0,35.45,3573,正常
2016/04/03 17:41:16,ffa17f9872808cd2dee05a8144cfdfdb3c509424,1d2cb6cd41d913a3dd937654766e7546af62fba5,持卡人消费,学士楼商务网关,-2.06,33.39,3574,正常
2016/04/04 11:09:37,ffa17f9872808cd2dee05a8144cfdfdb3c509424,1d2cb6cd41d913a3dd937654766e7546af62fba5,存款,现金充值机,100.0,133.39,3575,正常
2016/04/04 11:25:51,ffa17f9872808cd2dee05a8144cfdfdb3c509424,1d2cb6cd41d913a3dd937654766e7546af62fba5,持卡人消费,学苑楼商务网关,-6.0,127.39,3576,正常
2016/04/04 17:24:02,ffa17f9872808cd2dee05a8144cfdfdb3c509424,1d2cb6cd41d913a3dd937654766e7546af62fba5,持卡人消费,学士楼商务网关,-6.1,121.29,3577,正常
2016/04/04 17:40:19,ffa17f9872808cd2dee05a8144cfdfdb3c509424,1d2cb6cd41d913a3dd937654766e7546af62fba5,持卡人消费,学士楼商务网关,-8.4,112.89,3578,正常
2016/04/05 11:48:03,ffa17f9872808cd2dee05a8144cfdfdb3c509424,1d2cb6cd41d913a3dd937654766e7546af62fba5,持卡人消费,学苑楼商务网关,-4.1,108.79,3579,正常
2016/04/05 11:50:09,ffa17f9872808cd2dee05a8144cfdfdb3c509424,1d2cb6cd41d913a3dd937654766e7546af62fba5,持卡人消费,学苑楼商务网关,-1.0,107.79,3580,正常
2016/04/05 17:11:44,ffa17f9872808cd2dee05a8144cfdfdb3c509424,1d2cb6cd41d913a3dd937654766e7546af62fba5,持卡人消费,学苑楼商务网关,-6.0,101.79,3581,正常
2016/04/06 11:12:25,ffa17f9872808cd2dee05a8144cfdfdb3c509424,1d2cb6cd41d913a3dd937654766e7546af62fba5,持卡人消费,学苑楼商务网关,-3.0,98.79,3582,正常
2016/04/06 11:13:51,ffa17f9872808cd2dee05a8144cfdfdb3c509424,1d2cb6cd41d913a3dd937654766e7546af62fba5,持卡人消费,学苑楼商务网关,-1.0,97.79,3583,正常
2016/04/06 16:57:02,ffa17f9872808cd2dee05a8144cfdfdb3c509424,1d2cb6cd41d913a3dd937654766e7546af62fba5,持卡人消费,学士楼商务网关,-4.6,93.19,3584,正常
2016/04/07 11:26:27,ffa17f9872808cd2dee05a8144cfdfdb3c509424,1d2cb6cd41d913a3dd937654766e7546af62fba5,持卡人消费,学士楼商务网关,-6.2,86.99,3585,正常
2016/04/07 17:26:15,ffa17f9872808cd2dee05a8144cfdfdb3c509424,1d2cb6cd41d913a3dd937654766e7546af62fba5,持卡人消费,学士楼商务网关,-3.6,83.39,3586,正常
2016/04/07 17:27:35,ffa17f9872808cd2dee05a8144cfdfdb3c509424,1d2cb6cd41d913a3dd937654766e7546af62fba5,持卡人消费,学士楼商务网关,-1.0,82.39,3587,正常
2016/04/08 11:13:35,ffa17f9872808cd2dee05a8144cfdfdb3c509424,1d2cb6cd41d913a3dd937654766e7546af62fba5,持卡人消费,学苑楼商务网关,-3.0,79.39,3588,正常
2016/04/08 11:14:41,ffa17f9872808cd2dee05a8144cfdfdb3c509424,1d2cb6cd41d913a3dd937654766e7546af62fba5,持卡人消费,学苑楼商务网关,-1.0,78.39,3589,正常
2016/04/08 11:14:46,ffa17f9872808cd2dee05a8144cfdfdb3c509424,1d2cb6cd41d913a3dd937654766e7546af62fba5,持卡人消费,学苑楼商务网关,-1.0,77.39,3590,正常
2016/04/08 11:15:38,ffa17f9872808cd2dee05a8144cfdfdb3c509424,1d2cb6cd41d913a3dd937654766e7546af62fba5,持卡人消费,学苑楼商务网关,-3.5,73.89,3591,正常
2016/04/08 11:20:23,ffa17f9872808cd2dee05a8144cfdfdb3c509424,1d2cb6cd41d913a3dd937654766e7546af62fba5,持卡人消费,学苑楼商务网关,-1.0,72.89,3592,正常
2016/04/09 10:41:50,ffa17f9872808cd2dee05a8144cfdfdb3c509424,1d2cb6cd41d913a3dd937654766e7546af62fba5,持卡人消费,学士楼商务网关,-6.0,66.89,3593,正常
2016/04/09 10:42:03,ffa17f9872808cd2dee05a8144cfdfdb3c509424,1d2cb6cd41d913a3dd937654766e7546af62fba5,持卡人消费,学士楼商务网关,-0.6,66.29,3594,正常
2016/04/09 13:29:00,ffa17f9872808cd2dee05a8144cfdfdb3c509424,1d2cb6cd41d913a3dd937654766e7546af62fba5,持卡人消费,一校区水控新,-0.24,66.05,3596,正常
2016/04/09 13:33:17,ffa17f9872808cd2dee05a8144cfdfdb3c509424,1d2cb6cd41d913a3dd937654766e7546af62fba5,持卡人消费,一校区水控新,-0.11,65.94,3598,正常
2016/04/09 13:39:22,ffa17f9872808cd2dee05a8144cfdfdb3c509424,1d2cb6cd41d913a3dd937654766e7546af62fba5,持卡人消费,一校区水控新,-0.54,65.40,3600,正常
2016/04/09 13:40:34,ffa17f9872808cd2dee05a8144cfdfdb3c509424,1d2cb6cd41d913a3dd937654766e7546af62fba5,持卡人消费,一校区水控新,-0.08,65.32,3602,正常
2016/04/09 17:07:23,ffa17f9872808cd2dee05a8144cfdfdb3c509424,1d2cb6cd41d913a3dd937654766e7546af62fba5,持卡人消费,学苑楼商务网关,-7.0,58.32,3603,正常
2016/04/10 11:13:49,ffa17f9872808cd2dee05a8144cfdfdb3c509424,1d2cb6cd41d913a3dd937654766e7546af62fba5,持卡人消费,学士楼商务网关,-4.6,53.72,3604,正常
2016/04/10 17:15:43,ffa17f9872808cd2dee05a8144cfdfdb3c509424,1d2cb6cd41d913a3dd937654766e7546af62fba5,持卡人消费,学苑楼商务网关,-1.6,52.12,3605,正常
2016/04/10 17:16:43,ffa17f9872808cd2dee05a8144cfdfdb3c509424,1d2cb6cd41d913a3dd937654766e7546af62fba5,持卡人消费,学苑楼商务网关,-1.0,51.12,3606,正常
2016/04/11 11:14:25,ffa17f9872808cd2dee05a8144cfdfdb3c509424,1d2cb6cd41d913a3dd937654766e7546af62fba5,持卡人消费,学苑楼商务网关,-3.0,48.12,3607,正常
2016/04/11 11:14:56,ffa17f9872808cd2dee05a8144cfdfdb3c509424,1d2cb6cd41d913a3dd937654766e7546af62fba5,持卡人消费,学苑楼商务网关,-1.0,47.12,3608,正常
2016/04/11 11:15:29,ffa17f9872808cd2dee05a8144cfdfdb3c509424,1d2cb6cd41d913a3dd937654766e7546af62fba5,持卡人消费,学苑楼商务网关,-1.0,46.12,3609,正常
2016/04/11 17:17:00,ffa17f9872808cd2dee05a8144cfdfdb3c509424,1d2cb6cd41d913a3dd937654766e7546af62fba5,持卡人消费,学苑楼商务网关,-1.0,45.12,3610,正常
2016/04/11 17:19:32,ffa17f9872808cd2dee05a8144cfdfdb3c509424,1d2cb6cd41d913a3dd937654766e7546af62fba5,持卡人消费,学苑楼商务网关,-3.0,42.12,3611,正常
2016/04/12 11:55:44,ffa17f9872808cd2dee05a8144cfdfdb3c509424,1d2cb6cd41d913a3dd937654766e7546af62fba5,持卡人消费,学苑楼商务网关,-10.0,32.12,3612,正常
2016/04/12 12:06:50,ffa17f9872808cd2dee05a8144cfdfdb3c509424,1d2cb6cd41d913a3dd937654766e7546af62fba5,持卡人消费,学苑楼商务网关,-5.1,27.02,3613,正常
2016/04/12 17:08:51,ffa17f9872808cd2dee05a8144cfdfdb3c509424,1d2cb6cd41d913a3dd937654766e7546af62fba5,持卡人消费,学苑楼商务网关,-6.0,21.02,3614,正常
2016/04/12 17:09:32,ffa17f9872808cd2dee05a8144cfdfdb3c509424,1d2cb6cd41d913a3dd937654766e7546af62fba5,持卡人消费,学苑楼商务网关,-6.0,15.02,3615,正常
2016/04/13 11:20:47,ffa17f9872808cd2dee05a8144cfdfdb3c509424,1d2cb6cd41d913a3dd937654766e7546af62fba5,持卡人消费,学苑楼商务网关,-3.5,11.52,3616,正常
2016/04/13 11:22:00,ffa17f9872808cd2dee05a8144cfdfdb3c509424,1d2cb6cd41d913a3dd937654766e7546af62fba5,持卡人消费,学苑楼商务网关,-1.6,9.92,3617,正常
2016/04/13 17:17:39,ffa17f9872808cd2dee05a8144cfdfdb3c509424,1d2cb6cd41d913a3dd937654766e7546af62fba5,存款,学苑楼综合业务3,200.0,209.92,3618,正常
2016/04/13 17:19:41,ffa17f9872808cd2dee05a8144cfdfdb3c509424,1d2cb6cd41d913a3dd937654766e7546af62fba5,持卡人消费,学苑楼商务网关,-6.0,203.92,3619,正常
2016/04/14 11:13:45,ffa17f9872808cd2dee05a8144cfdfdb3c509424,1d2cb6cd41d913a3dd937654766e7546af62fba5,持卡人消费,学苑楼商务网关,-4.1,199.82,3620,正常
2016/04/14 11:15:16,ffa17f9872808cd2dee05a8144cfdfdb3c509424,1d2cb6cd41d913a3dd937654766e7546af62fba5,持卡人消费,学苑楼商务网关,-1.0,198.82,3621,正常
2016/04/14 16:55:24,ffa17f9872808cd2dee05a8144cfdfdb3c509424,1d2cb6cd41d913a3dd937654766e7546af62fba5,持卡人消费,学苑楼商务网关,-2.5,196.32,3622,正常
2016/04/14 16:55:50,ffa17f9872808cd2dee05a8144cfdfdb3c509424,1d2cb6cd41d913a3dd937654766e7546af62fba5,持卡人消费,学苑楼商务网关,-3.0,193.32,3623,正常
2016/04/15 11:21:35,ffa17f9872808cd2dee05a8144cfdfdb3c509424,1d2cb6cd41d913a3dd937654766e7546af62fba5,持卡人消费,学苑楼商务网关,-3.0,190.32,3624,正常
2016/04/15 17:26:57,ffa17f9872808cd2dee05a8144cfdfdb3c509424,1d2cb6cd41d913a3dd937654766e7546af62fba5,持卡人消费,学士楼商务网关,-5.0,185.32,3625,正常
2016/04/16 11:04:11,ffa17f9872808cd2dee05a8144cfdfdb3c509424,1d2cb6cd41d913a3dd937654766e7546af62fba5,持卡人消费,学苑楼商务网关,-7.0,178.32,3626,正常
2016/04/16 11:09:29,ffa17f9872808cd2dee05a8144cfdfdb3c509424,1d2cb6cd41d913a3dd937654766e7546af62fba5,持卡人消费,学苑楼商务网关,-1.5,176.82,3627,正常
2016/04/16 17:06:42,ffa17f9872808cd2dee05a8144cfdfdb3c509424,1d2cb6cd41d913a3dd937654766e7546af62fba5,持卡人消费,学苑楼商务网关,-3.6,173.22,3628,正常
2016/04/16 17:08:04,ffa17f9872808cd2dee05a8144cfdfdb3c509424,1d2cb6cd41d913a3dd937654766e7546af62fba5,持卡人消费,学苑楼商务网关,-0.2,173.02,3629,正常
2016/04/17 11:27:01,ffa17f9872808cd2dee05a8144cfdfdb3c509424,1d2cb6cd41d913a3dd937654766e7546af62fba5,持卡人消费,学苑楼商务网关,-7.9,165.12,3630,正常
2016/04/17 11:46:34,ffa17f9872808cd2dee05a8144cfdfdb3c509424,1d2cb6cd41d913a3dd937654766e7546af62fba5,持卡人消费,超市商务子系统,-5.5,159.62,3631,正常
2016/04/17 17:24:39,ffa17f9872808cd2dee05a8144cfdfdb3c509424,1d2cb6cd41d913a3dd937654766e7546af62fba5,持卡人消费,学苑楼商务网关,-3.6,156.02,3632,正常
2016/04/17 17:26:05,ffa17f9872808cd2dee05a8144cfdfdb3c509424,1d2cb6cd41d913a3dd937654766e7546af62fba5,持卡人消费,学苑楼商务网关,-1.0,155.02,3633,正常
2016/04/18 11:17:56,ffa17f9872808cd2dee05a8144cfdfdb3c509424,1d2cb6cd41d913a3dd937654766e7546af62fba5,持卡人消费,学苑楼商务网关,-7.5,147.52,3634,正常
2016/04/18 17:22:00,ffa17f9872808cd2dee05a8144cfdfdb3c509424,1d2cb6cd41d913a3dd937654766e7546af62fba5,持卡人消费,学士楼商务网关,-3.6,143.92,3635,正常
2016/04/18 17:24:08,ffa17f9872808cd2dee05a8144cfdfdb3c509424,1d2cb6cd41d913a3dd937654766e7546af62fba5,持卡人消费,学士楼商务网关,-2.6,141.32,3636,正常
2016/04/19 11:56:26,ffa17f9872808cd2dee05a8144cfdfdb3c509424,1d2cb6cd41d913a3dd937654766e7546af62fba5,持卡人消费,学苑楼商务网关,-3.6,137.72,3637,正常
2016/04/19 11:57:31,ffa17f9872808cd2dee05a8144cfdfdb3c509424,1d2cb6cd41d913a3dd937654766e7546af62fba5,持卡人消费,学苑楼商务网关,-10.0,127.72,3638,正常
2016/04/19 11:59:02,ffa17f9872808cd2dee05a8144cfdfdb3c509424,1d2cb6cd41d913a3dd937654766e7546af62fba5,持卡人消费,学苑楼商务网关,-1.5,126.22,3639,正常
2016/04/19 17:14:52,ffa17f9872808cd2dee05a8144cfdfdb3c509424,1d2cb6cd41d913a3dd937654766e7546af62fba5,持卡人消费,学士楼商务网关,-5.0,121.22,3640,正常
2016/04/19 17:16:39,ffa17f9872808cd2dee05a8144cfdfdb3c509424,1d2cb6cd41d913a3dd937654766e7546af62fba5,持卡人消费,学士楼商务网关,-1.5,119.72,3641,正常
2016/04/20 11:15:16,ffa17f9872808cd2dee05a8144cfdfdb3c509424,1d2cb6cd41d913a3dd937654766e7546af62fba5,持卡人消费,学士楼商务网关,-7.2,112.52,3642,正常
2016/04/20 17:10:30,ffa17f9872808cd2dee05a8144cfdfdb3c509424,1d2cb6cd41d913a3dd937654766e7546af62fba5,持卡人消费,学士楼商务网关,-4.1,108.42,3643,正常
2016/04/20 17:11:31,ffa17f9872808cd2dee05a8144cfdfdb3c509424,1d2cb6cd41d913a3dd937654766e7546af62fba5,持卡人消费,学士楼商务网关,-1.0,107.42,3644,正常
2016/04/21 11:09:07,ffa17f9872808cd2dee05a8144cfdfdb3c509424,1d2cb6cd41d913a3dd937654766e7546af62fba5,持卡人消费,学苑楼商务网关,-6.0,101.42,3645,正常
2016/04/21 11:10:50,ffa17f9872808cd2dee05a8144cfdfdb3c509424,1d2cb6cd41d913a3dd937654766e7546af62fba5,持卡人消费,学苑楼商务网关,-1.5,99.92,3646,正常
2016/04/22 11:01:37,ffa17f9872808cd2dee05a8144cfdfdb3c509424,1d2cb6cd41d913a3dd937654766e7546af62fba5,持卡人消费,学苑楼商务网关,-1.0,98.92,3647,正常
2016/04/22 11:02:06,ffa17f9872808cd2dee05a8144cfdfdb3c509424,1d2cb6cd41d913a3dd937654766e7546af62fba5,持卡人消费,学苑楼商务网关,-3.6,95.32,3648,正常
2016/04/22 16:07:39,ffa17f9872808cd2dee05a8144cfdfdb3c509424,1d2cb6cd41d913a3dd937654766e7546af62fba5,持卡人消费,一校区水控新,-0.34,94.98,3650,正常
2016/04/22 16:12:11,ffa17f9872808cd2dee05a8144cfdfdb3c509424,1d2cb6cd41d913a3dd937654766e7546af62fba5,持卡人消费,一校区水控新,-0.13,94.85,3652,正常
2016/04/22 16:14:02,ffa17f9872808cd2dee05a8144cfdfdb3c509424,1d2cb6cd41d913a3dd937654766e7546af62fba5,持卡人消费,一校区水控新,-0.16,94.69,3654,正常
2016/04/22 16:19:50,ffa17f9872808cd2dee05a8144cfdfdb3c509424,1d2cb6cd41d913a3dd937654766e7546af62fba5,持卡人消费,一校区水控新,-0.58,94.11,3656,正常
2016/04/22 16:55:27,ffa17f9872808cd2dee05a8144cfdfdb3c509424,1d2cb6cd41d913a3dd937654766e7546af62fba5,持卡人消费,学士楼商务网关,-10.0,84.11,3657,正常
2016/04/22 16:56:16,ffa17f9872808cd2dee05a8144cfdfdb3c509424,1d2cb6cd41d913a3dd937654766e7546af62fba5,持卡人消费,学士楼商务网关,-4.0,80.11,3658,正常
2016/04/23 11:21:58,ffa17f9872808cd2dee05a8144cfdfdb3c509424,1d2cb6cd41d913a3dd937654766e7546af62fba5,持卡人消费,学苑楼商务网关,-1.0,79.11,3659,正常
2016/04/23 11:22:27,ffa17f9872808cd2dee05a8144cfdfdb3c509424,1d2cb6cd41d913a3dd937654766e7546af62fba5,持卡人消费,学苑楼商务网关,-3.6,75.51,3660,正常
2016/04/23 17:30:29,ffa17f9872808cd2dee05a8144cfdfdb3c509424,1d2cb6cd41d913a3dd937654766e7546af62fba5,持卡人消费,学苑楼商务网关,-3.0,72.51,3661,正常
2016/04/23 17:31:42,ffa17f9872808cd2dee05a8144cfdfdb3c509424,1d2cb6cd41d913a3dd937654766e7546af62fba5,持卡人消费,学苑楼商务网关,-1.5,71.01,3662,正常
2016/04/24 11:19:11,ffa17f9872808cd2dee05a8144cfdfdb3c509424,1d2cb6cd41d913a3dd937654766e7546af62fba5,持卡人消费,学苑楼商务网关,-7.0,64.01,3663,正常
2016/04/24 17:11:50,ffa17f9872808cd2dee05a8144cfdfdb3c509424,1d2cb6cd41d913a3dd937654766e7546af62fba5,持卡人消费,学苑楼商务网关,-1.0,63.01,3664,正常
2016/04/24 17:12:15,ffa17f9872808cd2dee05a8144cfdfdb3c509424,1d2cb6cd41d913a3dd937654766e7546af62fba5,持卡人消费,学苑楼商务网关,-3.0,60.01,3665,正常
2016/04/25 08:19:56,ffa17f9872808cd2dee05a8144cfdfdb3c509424,1d2cb6cd41d913a3dd937654766e7546af62fba5,持卡人消费,网络中心,-30.0,30.01,3666,正常
2016/04/25 11:01:28,ffa17f9872808cd2dee05a8144cfdfdb3c509424,1d2cb6cd41d913a3dd937654766e7546af62fba5,持卡人消费,学苑楼商务网关,-1.5,28.51,3667,正常
2016/04/25 11:01:47,ffa17f9872808cd2dee05a8144cfdfdb3c509424,1d2cb6cd41d913a3dd937654766e7546af62fba5,持卡人消费,学苑楼商务网关,-3.6,24.91,3668,正常
2016/04/25 17:24:00,ffa17f9872808cd2dee05a8144cfdfdb3c509424,1d2cb6cd41d913a3dd937654766e7546af62fba5,持卡人消费,学苑楼商务网关,-6.0,18.91,3669,正常
2016/04/25 17:38:27,ffa17f9872808cd2dee05a8144cfdfdb3c509424,1d2cb6cd41d913a3dd937654766e7546af62fba5,存款,卡中心综合业务,200.0,218.91,3670,正常
2016/04/26 11:39:27,ffa17f9872808cd2dee05a8144cfdfdb3c509424,1d2cb6cd41d913a3dd937654766e7546af62fba5,持卡人消费,学苑楼商务网关,-1.5,217.41,3671,正常
2016/04/26 11:39:52,ffa17f9872808cd2dee05a8144cfdfdb3c509424,1d2cb6cd41d913a3dd937654766e7546af62fba5,持卡人消费,学苑楼商务网关,-3.6,213.81,3672,正常
2016/04/26 17:18:57,ffa17f9872808cd2dee05a8144cfdfdb3c509424,1d2cb6cd41d913a3dd937654766e7546af62fba5,持卡人消费,学士楼商务网关,-3.6,210.21,3673,正常
2016/04/26 17:20:55,ffa17f9872808cd2dee05a8144cfdfdb3c509424,1d2cb6cd41d913a3dd937654766e7546af62fba5,持卡人消费,学士楼商务网关,-1.0,209.21,3674,正常
2016/04/26 17:42:19,ffa17f9872808cd2dee05a8144cfdfdb3c509424,1d2cb6cd41d913a3dd937654766e7546af62fba5,持卡人消费,超市商务子系统,-5.5,203.71,3675,正常
2016/04/27 11:39:21,ffa17f9872808cd2dee05a8144cfdfdb3c509424,1d2cb6cd41d913a3dd937654766e7546af62fba5,持卡人消费,学苑楼商务网关,-6.0,197.71,3676,正常
2016/04/27 17:55:12,ffa17f9872808cd2dee05a8144cfdfdb3c509424,1d2cb6cd41d913a3dd937654766e7546af62fba5,持卡人消费,学苑楼商务网关,-6.0,191.71,3677,正常
2016/04/28 11:28:59,ffa17f9872808cd2dee05a8144cfdfdb3c509424,1d2cb6cd41d913a3dd937654766e7546af62fba5,持卡人消费,学苑楼商务网关,-4.6,187.11,3678,正常
2016/04/28 11:30:09,ffa17f9872808cd2dee05a8144cfdfdb3c509424,1d2cb6cd41d913a3dd937654766e7546af62fba5,持卡人消费,学苑楼商务网关,-3.5,183.61,3679,正常
2016/04/28 11:31:23,ffa17f9872808cd2dee05a8144cfdfdb3c509424,1d2cb6cd41d913a3dd937654766e7546af62fba5,持卡人消费,学苑楼商务网关,-4.5,179.11,3680,正常
2016/04/29 11:36:33,ffa17f9872808cd2dee05a8144cfdfdb3c509424,1d2cb6cd41d913a3dd937654766e7546af62fba5,持卡人消费,学苑楼商务网关,-1.5,177.61,3681,正常
2016/04/29 11:37:02,ffa17f9872808cd2dee05a8144cfdfdb3c509424,1d2cb6cd41d913a3dd937654766e7546af62fba5,持卡人消费,学苑楼商务网关,-3.6,174.01,3682,正常
2016/04/29 17:23:15,ffa17f9872808cd2dee05a8144cfdfdb3c509424,1d2cb6cd41d913a3dd937654766e7546af62fba5,持卡人消费,学苑楼商务网关,-1.0,173.01,3683,正常
2016/04/29 17:23:55,ffa17f9872808cd2dee05a8144cfdfdb3c509424,1d2cb6cd41d913a3dd937654766e7546af62fba5,持卡人消费,学苑楼商务网关,-3.0,170.01,3684,正常
2016/04/30 11:35:43,ffa17f9872808cd2dee05a8144cfdfdb3c509424,1d2cb6cd41d913a3dd937654766e7546af62fba5,持卡人消费,学士楼商务网关,-4.6,165.41,3685,正常
2016/04/30 16:28:02,ffa17f9872808cd2dee05a8144cfdfdb3c509424,1d2cb6cd41d913a3dd937654766e7546af62fba5,持卡人消费,一校区水控新,-0.01,165.40,3686,正常
2016/04/30 16:30:18,ffa17f9872808cd2dee05a8144cfdfdb3c509424,1d2cb6cd41d913a3dd937654766e7546af62fba5,持卡人消费,一校区水控新,-0.42,164.98,3688,正常
2016/04/30 16:33:52,ffa17f9872808cd2dee05a8144cfdfdb3c509424,1d2cb6cd41d913a3dd937654766e7546af62fba5,持卡人消费,一校区水控新,-0.1,164.88,3690,正常
2016/04/30 16:37:34,ffa17f9872808cd2dee05a8144cfdfdb3c509424,1d2cb6cd41d913a3dd937654766e7546af62fba5,持卡人消费,一校区水控新,-0.5,164.38,3692,正常
2016/04/30 16:40:18,ffa17f9872808cd2dee05a8144cfdfdb3c509424,1d2cb6cd41d913a3dd937654766e7546af62fba5,持卡人消费,一校区水控新,-0.29,164.09,3694,正常
2016/04/30 17:02:55,ffa17f9872808cd2dee05a8144cfdfdb3c509424,1d2cb6cd41d913a3dd937654766e7546af62fba5,持卡人消费,学苑楼商务网关,-3.0,161.09,3695,正常
2016/04/30 17:04:20,ffa17f9872808cd2dee05a8144cfdfdb3c509424,1d2cb6cd41d913a3dd937654766e7546af62fba5,持卡人消费,学苑楼商务网关,-1.0,160.09,3696,正常
