交易发生时间,学号,姓名,交易类型,子系统名称,交易额,现有余额,次数,状态
2016/04/02 08:56:49,9b203b7a8713d480659ffcbea1f3047d1448d592,1d2f620587e2add5e30cc1c6e7cabda5e78341a0,持卡人消费,超市商务子系统,-1.0,44.74,3139,正常
2016/04/15 16:37:13,9b203b7a8713d480659ffcbea1f3047d1448d592,1d2f620587e2add5e30cc1c6e7cabda5e78341a0,持卡人消费,A15,-6.0,38.74,3140,正常
2016/04/16 08:14:21,9b203b7a8713d480659ffcbea1f3047d1448d592,1d2f620587e2add5e30cc1c6e7cabda5e78341a0,持卡人消费,超市商务子系统,-1.5,37.24,3141,正常
2016/04/17 08:34:54,9b203b7a8713d480659ffcbea1f3047d1448d592,1d2f620587e2add5e30cc1c6e7cabda5e78341a0,持卡人消费,超市商务子系统,-1.5,35.74,3142,正常
2016/04/17 11:32:56,9b203b7a8713d480659ffcbea1f3047d1448d592,1d2f620587e2add5e30cc1c6e7cabda5e78341a0,持卡人消费,学苑楼商务网关,-7.0,28.74,3143,正常
2016/04/17 11:34:09,9b203b7a8713d480659ffcbea1f3047d1448d592,1d2f620587e2add5e30cc1c6e7cabda5e78341a0,持卡人消费,学苑楼商务网关,-2.25,26.49,3144,正常
2016/04/17 12:00:48,9b203b7a8713d480659ffcbea1f3047d1448d592,1d2f620587e2add5e30cc1c6e7cabda5e78341a0,持卡人消费,超市商务子系统,-10.8,15.69,3145,正常
2016/04/17 12:02:42,9b203b7a8713d480659ffcbea1f3047d1448d592,1d2f620587e2add5e30cc1c6e7cabda5e78341a0,持卡人消费,超市商务子系统,-2.1,13.59,3146,正常
2016/04/17 12:03:32,9b203b7a8713d480659ffcbea1f3047d1448d592,1d2f620587e2add5e30cc1c6e7cabda5e78341a0,持卡人消费,超市商务子系统,-6.2,7.39,3147,正常
2016/04/17 20:31:54,9b203b7a8713d480659ffcbea1f3047d1448d592,1d2f620587e2add5e30cc1c6e7cabda5e78341a0,持卡人消费,学子超市园丁总店,-0.2,7.19,3148,正常
2016/04/17 20:32:01,9b203b7a8713d480659ffcbea1f3047d1448d592,1d2f620587e2add5e30cc1c6e7cabda5e78341a0,持卡人消费,学子超市园丁总店,-0.2,6.99,3149,正常
2016/04/21 11:14:35,9b203b7a8713d480659ffcbea1f3047d1448d592,1d2f620587e2add5e30cc1c6e7cabda5e78341a0,存款,卡中心综合业务,200.0,206.99,3150,正常
2016/04/21 11:17:30,9b203b7a8713d480659ffcbea1f3047d1448d592,1d2f620587e2add5e30cc1c6e7cabda5e78341a0,持卡人消费,学苑楼商务网关,-7.0,199.99,3151,正常
2016/04/21 11:17:35,9b203b7a8713d480659ffcbea1f3047d1448d592,1d2f620587e2add5e30cc1c6e7cabda5e78341a0,持卡人消费,学苑楼商务网关,-0.1,199.89,3152,正常
2016/04/21 11:17:49,9b203b7a8713d480659ffcbea1f3047d1448d592,1d2f620587e2add5e30cc1c6e7cabda5e78341a0,持卡人消费,学苑楼商务网关,-6.1,193.79,3153,正常
2016/04/21 11:20:54,9b203b7a8713d480659ffcbea1f3047d1448d592,1d2f620587e2add5e30cc1c6e7cabda5e78341a0,持卡人消费,学苑楼商务网关,-7.1,186.69,3154,正常
2016/04/21 11:23:01,9b203b7a8713d480659ffcbea1f3047d1448d592,1d2f620587e2add5e30cc1c6e7cabda5e78341a0,持卡人消费,学苑楼商务网关,-9.0,177.69,3155,正常
2016/04/22 16:42:11,9b203b7a8713d480659ffcbea1f3047d1448d592,1d2f620587e2add5e30cc1c6e7cabda5e78341a0,持卡人消费,15公寓浴池,-2.0,175.69,3156,正常
2016/04/22 16:56:10,9b203b7a8713d480659ffcbea1f3047d1448d592,1d2f620587e2add5e30cc1c6e7cabda5e78341a0,持卡人消费,15公寓浴池,-2.0,173.69,3157,正常
2016/04/22 17:00:46,9b203b7a8713d480659ffcbea1f3047d1448d592,1d2f620587e2add5e30cc1c6e7cabda5e78341a0,持卡人消费,15公寓浴池,-0.27,173.42,3159,正常
2016/04/22 17:04:13,9b203b7a8713d480659ffcbea1f3047d1448d592,1d2f620587e2add5e30cc1c6e7cabda5e78341a0,持卡人消费,15公寓浴池,-0.35,173.07,3161,正常
2016/04/24 08:21:18,9b203b7a8713d480659ffcbea1f3047d1448d592,1d2f620587e2add5e30cc1c6e7cabda5e78341a0,持卡人消费,超市商务子系统,-3.0,170.07,3162,正常
2016/04/25 11:30:11,9b203b7a8713d480659ffcbea1f3047d1448d592,1d2f620587e2add5e30cc1c6e7cabda5e78341a0,持卡人消费,学苑楼商务网关,-9.0,161.07,3163,正常
2016/04/25 16:00:15,9b203b7a8713d480659ffcbea1f3047d1448d592,1d2f620587e2add5e30cc1c6e7cabda5e78341a0,持卡人消费,学子超市园丁总店,-5.5,155.57,3164,正常
2016/04/25 16:00:23,9b203b7a8713d480659ffcbea1f3047d1448d592,1d2f620587e2add5e30cc1c6e7cabda5e78341a0,持卡人消费,学子超市园丁总店,-0.2,155.37,3165,正常
2016/04/26 08:01:04,9b203b7a8713d480659ffcbea1f3047d1448d592,1d2f620587e2add5e30cc1c6e7cabda5e78341a0,持卡人消费,超市商务子系统,-1.0,154.37,3166,正常
2016/04/26 17:36:04,9b203b7a8713d480659ffcbea1f3047d1448d592,1d2f620587e2add5e30cc1c6e7cabda5e78341a0,持卡人消费,学苑楼商务网关,-7.0,147.37,3167,正常
2016/04/26 17:38:55,9b203b7a8713d480659ffcbea1f3047d1448d592,1d2f620587e2add5e30cc1c6e7cabda5e78341a0,持卡人消费,学苑楼商务网关,-0.1,147.27,3168,正常
2016/04/26 18:33:00,9b203b7a8713d480659ffcbea1f3047d1448d592,1d2f620587e2add5e30cc1c6e7cabda5e78341a0,持卡人消费,超市商务子系统,-10.0,137.27,3169,正常
2016/04/26 17:45:54,9b203b7a8713d480659ffcbea1f3047d1448d592,1d2f620587e2add5e30cc1c6e7cabda5e78341a0,持卡人消费,学苑楼商务网关,-10.0,127.27,3170,正常
2016/04/26 17:46:38,9b203b7a8713d480659ffcbea1f3047d1448d592,1d2f620587e2add5e30cc1c6e7cabda5e78341a0,持卡人消费,学苑楼商务网关,-0.2,127.07,3171,正常
2016/04/28 14:27:21,9b203b7a8713d480659ffcbea1f3047d1448d592,1d2f620587e2add5e30cc1c6e7cabda5e78341a0,持卡人消费,15公寓浴池,-2.0,125.07,3172,正常
2016/04/28 14:34:22,9b203b7a8713d480659ffcbea1f3047d1448d592,1d2f620587e2add5e30cc1c6e7cabda5e78341a0,持卡人消费,15公寓浴池,-0.8,124.27,3174,正常
2016/04/28 14:37:54,9b203b7a8713d480659ffcbea1f3047d1448d592,1d2f620587e2add5e30cc1c6e7cabda5e78341a0,持卡人消费,15公寓浴池,-0.03,124.24,3176,正常
2016/04/28 14:41:35,9b203b7a8713d480659ffcbea1f3047d1448d592,1d2f620587e2add5e30cc1c6e7cabda5e78341a0,持卡人消费,15公寓浴池,-0.35,123.89,3178,正常
2016/04/28 14:43:56,9b203b7a8713d480659ffcbea1f3047d1448d592,1d2f620587e2add5e30cc1c6e7cabda5e78341a0,持卡人消费,15公寓浴池,-0.38,123.51,3180,正常
