交易发生时间,学号,姓名,交易类型,子系统名称,交易额,现有余额,次数,状态
2016/04/01 11:10:59,f8c4cb7a7e08b86c28b127c0f1bae1bb7fd0c9af,1d55463775c57db5c89367ec4bb24a6eec69f91f,持卡人消费,学苑楼商务网关,-4.4,142.72,3667,正常
2016/04/01 11:11:34,f8c4cb7a7e08b86c28b127c0f1bae1bb7fd0c9af,1d55463775c57db5c89367ec4bb24a6eec69f91f,持卡人消费,学苑楼商务网关,-4.5,138.22,3668,正常
2016/04/05 19:53:22,f8c4cb7a7e08b86c28b127c0f1bae1bb7fd0c9af,1d55463775c57db5c89367ec4bb24a6eec69f91f,持卡人消费,15公寓浴池,-0.74,137.48,3670,正常
2016/04/05 19:59:35,f8c4cb7a7e08b86c28b127c0f1bae1bb7fd0c9af,1d55463775c57db5c89367ec4bb24a6eec69f91f,持卡人消费,15公寓浴池,-0.05,137.43,3672,正常
2016/04/05 19:59:47,f8c4cb7a7e08b86c28b127c0f1bae1bb7fd0c9af,1d55463775c57db5c89367ec4bb24a6eec69f91f,持卡人消费,15公寓浴池,-0.02,137.41,3674,正常
2016/04/05 20:01:29,f8c4cb7a7e08b86c28b127c0f1bae1bb7fd0c9af,1d55463775c57db5c89367ec4bb24a6eec69f91f,持卡人消费,15公寓浴池,-0.26,137.15,3676,正常
2016/04/05 20:11:00,f8c4cb7a7e08b86c28b127c0f1bae1bb7fd0c9af,1d55463775c57db5c89367ec4bb24a6eec69f91f,持卡人消费,15公寓浴池,-1.71,135.44,3678,正常
2016/04/05 20:22:40,f8c4cb7a7e08b86c28b127c0f1bae1bb7fd0c9af,1d55463775c57db5c89367ec4bb24a6eec69f91f,持卡人消费,15公寓浴池,-1.12,134.32,3680,正常
2016/04/07 17:11:15,f8c4cb7a7e08b86c28b127c0f1bae1bb7fd0c9af,1d55463775c57db5c89367ec4bb24a6eec69f91f,持卡人消费,超市商务子系统,-0.2,134.12,3681,正常
2016/04/08 17:21:27,f8c4cb7a7e08b86c28b127c0f1bae1bb7fd0c9af,1d55463775c57db5c89367ec4bb24a6eec69f91f,持卡人消费,硕果园（工大商店）,-15.8,118.32,3682,正常
2016/04/09 12:58:24,f8c4cb7a7e08b86c28b127c0f1bae1bb7fd0c9af,1d55463775c57db5c89367ec4bb24a6eec69f91f,持卡人消费,15公寓浴池,-2.0,116.32,3683,正常
2016/04/09 13:00:41,f8c4cb7a7e08b86c28b127c0f1bae1bb7fd0c9af,1d55463775c57db5c89367ec4bb24a6eec69f91f,持卡人消费,15公寓浴池,-0.1,116.22,3685,正常
2016/04/09 13:02:41,f8c4cb7a7e08b86c28b127c0f1bae1bb7fd0c9af,1d55463775c57db5c89367ec4bb24a6eec69f91f,持卡人消费,15公寓浴池,-0.05,116.17,3687,正常
2016/04/09 13:09:02,f8c4cb7a7e08b86c28b127c0f1bae1bb7fd0c9af,1d55463775c57db5c89367ec4bb24a6eec69f91f,持卡人消费,15公寓浴池,-0.9,115.27,3689,正常
2016/04/09 13:11:27,f8c4cb7a7e08b86c28b127c0f1bae1bb7fd0c9af,1d55463775c57db5c89367ec4bb24a6eec69f91f,持卡人消费,15公寓浴池,-0.03,115.24,3691,正常
2016/04/09 18:25:34,f8c4cb7a7e08b86c28b127c0f1bae1bb7fd0c9af,1d55463775c57db5c89367ec4bb24a6eec69f91f,持卡人消费,学苑楼商务网关,-3.0,112.24,3692,正常
2016/04/11 11:42:50,f8c4cb7a7e08b86c28b127c0f1bae1bb7fd0c9af,1d55463775c57db5c89367ec4bb24a6eec69f91f,持卡人消费,学子楼商务网关,-5.5,106.74,3693,正常
2016/04/11 11:44:42,f8c4cb7a7e08b86c28b127c0f1bae1bb7fd0c9af,1d55463775c57db5c89367ec4bb24a6eec69f91f,持卡人消费,学子楼商务网关,-4.0,102.74,3694,正常
2016/04/12 09:08:14,f8c4cb7a7e08b86c28b127c0f1bae1bb7fd0c9af,1d55463775c57db5c89367ec4bb24a6eec69f91f,持卡人消费,超市商务子系统,-2.0,100.74,3695,正常
2016/04/12 12:31:32,f8c4cb7a7e08b86c28b127c0f1bae1bb7fd0c9af,1d55463775c57db5c89367ec4bb24a6eec69f91f,持卡人消费,学苑楼商务网关,-4.4,96.34,3696,正常
2016/04/12 12:32:08,f8c4cb7a7e08b86c28b127c0f1bae1bb7fd0c9af,1d55463775c57db5c89367ec4bb24a6eec69f91f,持卡人消费,学苑楼商务网关,-6.0,90.34,3697,正常
2016/04/12 17:32:06,f8c4cb7a7e08b86c28b127c0f1bae1bb7fd0c9af,1d55463775c57db5c89367ec4bb24a6eec69f91f,持卡人消费,学苑楼商务网关,-3.5,86.84,3698,正常
2016/04/12 17:45:07,f8c4cb7a7e08b86c28b127c0f1bae1bb7fd0c9af,1d55463775c57db5c89367ec4bb24a6eec69f91f,持卡人消费,超市商务子系统,-0.7,86.14,3699,正常
2016/04/12 18:02:32,f8c4cb7a7e08b86c28b127c0f1bae1bb7fd0c9af,1d55463775c57db5c89367ec4bb24a6eec69f91f,持卡人消费,超市商务子系统,-0.9,85.24,3700,正常
2016/04/12 19:56:08,f8c4cb7a7e08b86c28b127c0f1bae1bb7fd0c9af,1d55463775c57db5c89367ec4bb24a6eec69f91f,持卡人消费,15公寓浴池,-1.65,83.59,3702,正常
2016/04/12 19:58:12,f8c4cb7a7e08b86c28b127c0f1bae1bb7fd0c9af,1d55463775c57db5c89367ec4bb24a6eec69f91f,持卡人消费,15公寓浴池,-0.05,83.54,3704,正常
2016/04/12 20:01:29,f8c4cb7a7e08b86c28b127c0f1bae1bb7fd0c9af,1d55463775c57db5c89367ec4bb24a6eec69f91f,持卡人消费,15公寓浴池,-0.24,83.30,3706,正常
2016/04/12 20:10:55,f8c4cb7a7e08b86c28b127c0f1bae1bb7fd0c9af,1d55463775c57db5c89367ec4bb24a6eec69f91f,持卡人消费,15公寓浴池,-1.18,82.12,3708,正常
2016/04/13 11:35:00,f8c4cb7a7e08b86c28b127c0f1bae1bb7fd0c9af,1d55463775c57db5c89367ec4bb24a6eec69f91f,持卡人消费,学苑楼商务网关,-4.4,77.72,3709,正常
2016/04/13 11:35:35,f8c4cb7a7e08b86c28b127c0f1bae1bb7fd0c9af,1d55463775c57db5c89367ec4bb24a6eec69f91f,持卡人消费,学苑楼商务网关,-5.0,72.72,3710,正常
2016/04/13 16:48:58,f8c4cb7a7e08b86c28b127c0f1bae1bb7fd0c9af,1d55463775c57db5c89367ec4bb24a6eec69f91f,持卡人消费,学苑楼商务网关,-2.5,70.22,3711,正常
2016/04/14 12:13:47,f8c4cb7a7e08b86c28b127c0f1bae1bb7fd0c9af,1d55463775c57db5c89367ec4bb24a6eec69f91f,持卡人消费,学子楼商务网关,-0.5,69.72,3712,正常
2016/04/14 12:15:25,f8c4cb7a7e08b86c28b127c0f1bae1bb7fd0c9af,1d55463775c57db5c89367ec4bb24a6eec69f91f,持卡人消费,学子楼商务网关,-24.0,45.72,3713,正常
2016/04/14 12:17:00,f8c4cb7a7e08b86c28b127c0f1bae1bb7fd0c9af,1d55463775c57db5c89367ec4bb24a6eec69f91f,持卡人消费,学子楼商务网关,-6.5,39.22,3714,正常
2016/04/14 12:17:59,f8c4cb7a7e08b86c28b127c0f1bae1bb7fd0c9af,1d55463775c57db5c89367ec4bb24a6eec69f91f,持卡人消费,学子楼商务网关,-3.5,35.72,3715,正常
2016/04/15 11:39:14,f8c4cb7a7e08b86c28b127c0f1bae1bb7fd0c9af,1d55463775c57db5c89367ec4bb24a6eec69f91f,存款,学苑楼综合业务2,200.0,235.72,3716,正常
2016/04/15 11:41:14,f8c4cb7a7e08b86c28b127c0f1bae1bb7fd0c9af,1d55463775c57db5c89367ec4bb24a6eec69f91f,持卡人消费,学苑楼商务网关,-8.0,227.72,3717,正常
2016/04/18 09:06:09,f8c4cb7a7e08b86c28b127c0f1bae1bb7fd0c9af,1d55463775c57db5c89367ec4bb24a6eec69f91f,持卡人消费,超市商务子系统,-0.2,227.52,3718,正常
2016/04/18 16:31:55,f8c4cb7a7e08b86c28b127c0f1bae1bb7fd0c9af,1d55463775c57db5c89367ec4bb24a6eec69f91f,持卡人消费,硕果园（工大商店）,-9.0,218.52,3719,正常
2016/04/18 16:32:55,f8c4cb7a7e08b86c28b127c0f1bae1bb7fd0c9af,1d55463775c57db5c89367ec4bb24a6eec69f91f,持卡人消费,硕果园（工大商店）,-5.5,213.02,3720,正常
2016/04/19 12:25:11,f8c4cb7a7e08b86c28b127c0f1bae1bb7fd0c9af,1d55463775c57db5c89367ec4bb24a6eec69f91f,持卡人消费,学子楼商务网关,-0.5,212.52,3721,正常
2016/04/19 12:26:10,f8c4cb7a7e08b86c28b127c0f1bae1bb7fd0c9af,1d55463775c57db5c89367ec4bb24a6eec69f91f,持卡人消费,学子楼商务网关,-5.5,207.02,3722,正常
2016/04/19 12:27:24,f8c4cb7a7e08b86c28b127c0f1bae1bb7fd0c9af,1d55463775c57db5c89367ec4bb24a6eec69f91f,持卡人消费,学子楼商务网关,-4.0,203.02,3723,正常
2016/04/19 17:38:22,f8c4cb7a7e08b86c28b127c0f1bae1bb7fd0c9af,1d55463775c57db5c89367ec4bb24a6eec69f91f,持卡人消费,学苑楼商务网关,-7.0,196.02,3724,正常
2016/04/20 09:01:35,f8c4cb7a7e08b86c28b127c0f1bae1bb7fd0c9af,1d55463775c57db5c89367ec4bb24a6eec69f91f,持卡人消费,超市商务子系统,-0.5,195.52,3725,正常
2016/04/20 11:31:31,f8c4cb7a7e08b86c28b127c0f1bae1bb7fd0c9af,1d55463775c57db5c89367ec4bb24a6eec69f91f,持卡人消费,学苑楼商务网关,-3.9,191.62,3726,正常
2016/04/20 11:32:43,f8c4cb7a7e08b86c28b127c0f1bae1bb7fd0c9af,1d55463775c57db5c89367ec4bb24a6eec69f91f,持卡人消费,学苑楼商务网关,-8.0,183.62,3727,正常
2016/04/20 17:51:20,f8c4cb7a7e08b86c28b127c0f1bae1bb7fd0c9af,1d55463775c57db5c89367ec4bb24a6eec69f91f,持卡人消费,学苑楼商务网关,-7.0,176.62,3728,正常
2016/04/20 19:58:08,f8c4cb7a7e08b86c28b127c0f1bae1bb7fd0c9af,1d55463775c57db5c89367ec4bb24a6eec69f91f,持卡人消费,15公寓浴池,-0.02,176.60,3730,正常
2016/04/20 20:08:43,f8c4cb7a7e08b86c28b127c0f1bae1bb7fd0c9af,1d55463775c57db5c89367ec4bb24a6eec69f91f,持卡人消费,15公寓浴池,-2.0,174.60,3731,正常
2016/04/20 20:11:40,f8c4cb7a7e08b86c28b127c0f1bae1bb7fd0c9af,1d55463775c57db5c89367ec4bb24a6eec69f91f,持卡人消费,15公寓浴池,-0.53,174.07,3733,正常
2016/04/20 20:13:40,f8c4cb7a7e08b86c28b127c0f1bae1bb7fd0c9af,1d55463775c57db5c89367ec4bb24a6eec69f91f,持卡人消费,15公寓浴池,-0.08,173.99,3735,正常
2016/04/20 20:21:00,f8c4cb7a7e08b86c28b127c0f1bae1bb7fd0c9af,1d55463775c57db5c89367ec4bb24a6eec69f91f,持卡人消费,15公寓浴池,-1.06,172.93,3737,正常
2016/04/21 12:06:34,f8c4cb7a7e08b86c28b127c0f1bae1bb7fd0c9af,1d55463775c57db5c89367ec4bb24a6eec69f91f,持卡人消费,学子楼商务网关,-7.0,165.93,3738,正常
2016/04/21 12:10:25,f8c4cb7a7e08b86c28b127c0f1bae1bb7fd0c9af,1d55463775c57db5c89367ec4bb24a6eec69f91f,持卡人消费,学子楼商务网关,-5.5,160.43,3739,正常
2016/04/21 18:13:04,f8c4cb7a7e08b86c28b127c0f1bae1bb7fd0c9af,1d55463775c57db5c89367ec4bb24a6eec69f91f,持卡人消费,硕果园（工大商店）,-14.0,146.43,3740,正常
2016/04/22 08:30:18,f8c4cb7a7e08b86c28b127c0f1bae1bb7fd0c9af,1d55463775c57db5c89367ec4bb24a6eec69f91f,持卡人消费,超市商务子系统,-2.0,144.43,3741,正常
2016/04/22 11:18:14,f8c4cb7a7e08b86c28b127c0f1bae1bb7fd0c9af,1d55463775c57db5c89367ec4bb24a6eec69f91f,持卡人消费,学苑楼商务网关,-4.4,140.03,3742,正常
2016/04/22 11:19:03,f8c4cb7a7e08b86c28b127c0f1bae1bb7fd0c9af,1d55463775c57db5c89367ec4bb24a6eec69f91f,持卡人消费,学苑楼商务网关,-4.0,136.03,3743,正常
2016/04/22 11:36:36,f8c4cb7a7e08b86c28b127c0f1bae1bb7fd0c9af,1d55463775c57db5c89367ec4bb24a6eec69f91f,持卡人消费,学苑楼商务网关,-15.0,121.03,3744,正常
2016/04/22 17:00:08,f8c4cb7a7e08b86c28b127c0f1bae1bb7fd0c9af,1d55463775c57db5c89367ec4bb24a6eec69f91f,持卡人消费,硕果园（工大商店）,-9.0,112.03,3745,正常
2016/04/23 17:20:01,f8c4cb7a7e08b86c28b127c0f1bae1bb7fd0c9af,1d55463775c57db5c89367ec4bb24a6eec69f91f,持卡人消费,硕果园（工大商店）,-13.5,98.53,3746,正常
2016/04/25 16:36:30,f8c4cb7a7e08b86c28b127c0f1bae1bb7fd0c9af,1d55463775c57db5c89367ec4bb24a6eec69f91f,持卡人消费,超市商务子系统,-2.0,96.53,3747,正常
2016/04/25 19:58:42,f8c4cb7a7e08b86c28b127c0f1bae1bb7fd0c9af,1d55463775c57db5c89367ec4bb24a6eec69f91f,持卡人消费,15公寓浴池,-2.0,94.53,3748,正常
2016/04/25 20:01:09,f8c4cb7a7e08b86c28b127c0f1bae1bb7fd0c9af,1d55463775c57db5c89367ec4bb24a6eec69f91f,持卡人消费,15公寓浴池,-0.45,94.08,3750,正常
2016/04/25 20:04:39,f8c4cb7a7e08b86c28b127c0f1bae1bb7fd0c9af,1d55463775c57db5c89367ec4bb24a6eec69f91f,持卡人消费,15公寓浴池,-0.21,93.87,3752,正常
2016/04/25 20:10:48,f8c4cb7a7e08b86c28b127c0f1bae1bb7fd0c9af,1d55463775c57db5c89367ec4bb24a6eec69f91f,持卡人消费,15公寓浴池,-0.83,93.04,3754,正常
2016/04/28 08:38:32,f8c4cb7a7e08b86c28b127c0f1bae1bb7fd0c9af,1d55463775c57db5c89367ec4bb24a6eec69f91f,持卡人消费,超市商务子系统,-4.0,89.04,3755,正常
2016/04/29 07:46:53,f8c4cb7a7e08b86c28b127c0f1bae1bb7fd0c9af,1d55463775c57db5c89367ec4bb24a6eec69f91f,持卡人消费,超市商务子系统,-2.0,87.04,3756,正常
2016/04/29 11:11:30,f8c4cb7a7e08b86c28b127c0f1bae1bb7fd0c9af,1d55463775c57db5c89367ec4bb24a6eec69f91f,持卡人消费,学苑楼商务网关,-5.4,81.64,3757,正常
2016/04/29 11:12:24,f8c4cb7a7e08b86c28b127c0f1bae1bb7fd0c9af,1d55463775c57db5c89367ec4bb24a6eec69f91f,持卡人消费,学苑楼商务网关,-3.0,78.64,3758,正常
2016/04/29 16:22:37,f8c4cb7a7e08b86c28b127c0f1bae1bb7fd0c9af,1d55463775c57db5c89367ec4bb24a6eec69f91f,持卡人消费,超市商务子系统,-0.3,78.34,3759,正常
2016/04/29 16:35:21,f8c4cb7a7e08b86c28b127c0f1bae1bb7fd0c9af,1d55463775c57db5c89367ec4bb24a6eec69f91f,持卡人消费,硕果园（工大商店）,-12.4,65.94,3760,正常
