交易发生时间,学号,姓名,交易类型,子系统名称,交易额,现有余额,次数,状态
2016/04/01 10:49:46,b631fb32af18965d31e2941d37c16baaba3bfa13,1d7f44ce47d27383733cf0d0fdffc0a586ca0b46,持卡人消费,学苑楼商务网关,-6.8,78.90,6903,正常
2016/04/01 10:50:31,b631fb32af18965d31e2941d37c16baaba3bfa13,1d7f44ce47d27383733cf0d0fdffc0a586ca0b46,持卡人消费,学苑楼商务网关,-3.5,75.40,6904,正常
2016/04/01 10:54:35,b631fb32af18965d31e2941d37c16baaba3bfa13,1d7f44ce47d27383733cf0d0fdffc0a586ca0b46,持卡人消费,学苑楼商务网关,-1.5,73.90,6905,正常
2016/04/01 19:00:28,b631fb32af18965d31e2941d37c16baaba3bfa13,1d7f44ce47d27383733cf0d0fdffc0a586ca0b46,持卡人消费,硕果园（工大商店）,-12.0,61.90,6906,正常
2016/04/02 08:49:19,b631fb32af18965d31e2941d37c16baaba3bfa13,1d7f44ce47d27383733cf0d0fdffc0a586ca0b46,持卡人消费,硕果园（工大商店）,-6.5,55.40,6907,正常
2016/04/02 13:39:51,b631fb32af18965d31e2941d37c16baaba3bfa13,1d7f44ce47d27383733cf0d0fdffc0a586ca0b46,持卡人消费,硕果园（工大商店）,-10.0,45.40,6908,正常
2016/04/02 13:40:42,b631fb32af18965d31e2941d37c16baaba3bfa13,1d7f44ce47d27383733cf0d0fdffc0a586ca0b46,持卡人消费,硕果园（工大商店）,-2.5,42.90,6909,正常
2016/04/02 13:41:44,b631fb32af18965d31e2941d37c16baaba3bfa13,1d7f44ce47d27383733cf0d0fdffc0a586ca0b46,持卡人消费,硕果园（工大商店）,-5.0,37.90,6910,正常
2016/04/03 11:04:29,b631fb32af18965d31e2941d37c16baaba3bfa13,1d7f44ce47d27383733cf0d0fdffc0a586ca0b46,持卡人消费,学苑楼商务网关,-9.0,28.90,6911,正常
2016/04/03 11:06:40,b631fb32af18965d31e2941d37c16baaba3bfa13,1d7f44ce47d27383733cf0d0fdffc0a586ca0b46,持卡人消费,学苑楼商务网关,-3.8,25.10,6912,正常
2016/04/03 16:40:15,b631fb32af18965d31e2941d37c16baaba3bfa13,1d7f44ce47d27383733cf0d0fdffc0a586ca0b46,持卡人消费,硕果园（工大商店）,-12.0,13.10,6913,正常
2016/04/03 16:41:29,b631fb32af18965d31e2941d37c16baaba3bfa13,1d7f44ce47d27383733cf0d0fdffc0a586ca0b46,持卡人消费,硕果园（工大商店）,-1.0,12.10,6914,正常
2016/04/03 19:22:52,b631fb32af18965d31e2941d37c16baaba3bfa13,1d7f44ce47d27383733cf0d0fdffc0a586ca0b46,持卡人消费,一校区水控新,-0.27,11.83,6916,正常
2016/04/03 19:27:09,b631fb32af18965d31e2941d37c16baaba3bfa13,1d7f44ce47d27383733cf0d0fdffc0a586ca0b46,持卡人消费,一校区水控新,-0.42,11.41,6918,正常
2016/04/03 19:33:43,b631fb32af18965d31e2941d37c16baaba3bfa13,1d7f44ce47d27383733cf0d0fdffc0a586ca0b46,持卡人消费,一校区水控新,-0.69,10.72,6920,正常
2016/04/03 19:38:29,b631fb32af18965d31e2941d37c16baaba3bfa13,1d7f44ce47d27383733cf0d0fdffc0a586ca0b46,持卡人消费,一校区水控新,-0.14,10.58,6922,正常
2016/04/03 19:45:51,b631fb32af18965d31e2941d37c16baaba3bfa13,1d7f44ce47d27383733cf0d0fdffc0a586ca0b46,持卡人消费,一校区水控新,-0.06,10.52,6924,正常
2016/04/03 20:16:21,b631fb32af18965d31e2941d37c16baaba3bfa13,1d7f44ce47d27383733cf0d0fdffc0a586ca0b46,持卡人消费,超市商务子系统,-2.8,7.72,6925,正常
2016/04/04 08:38:28,b631fb32af18965d31e2941d37c16baaba3bfa13,1d7f44ce47d27383733cf0d0fdffc0a586ca0b46,持卡人消费,硕果园（工大商店）,-6.0,1.72,6926,正常
2016/04/04 09:54:39,b631fb32af18965d31e2941d37c16baaba3bfa13,1d7f44ce47d27383733cf0d0fdffc0a586ca0b46,持卡人消费,硕果园（工大商店）,-0.1,1.62,6927,正常
2016/04/04 16:50:04,b631fb32af18965d31e2941d37c16baaba3bfa13,1d7f44ce47d27383733cf0d0fdffc0a586ca0b46,持卡人消费,硕果园（工大商店）,-0.5,1.12,6928,正常
2016/04/06 10:22:55,b631fb32af18965d31e2941d37c16baaba3bfa13,1d7f44ce47d27383733cf0d0fdffc0a586ca0b46,持卡人消费,硕果园（工大商店）,-0.5,0.62,6929,正常
2016/04/07 16:39:34,b631fb32af18965d31e2941d37c16baaba3bfa13,1d7f44ce47d27383733cf0d0fdffc0a586ca0b46,持卡人消费,硕果园（工大商店）,-0.5,0.12,6930,正常
2016/04/10 16:16:53,b631fb32af18965d31e2941d37c16baaba3bfa13,1d7f44ce47d27383733cf0d0fdffc0a586ca0b46,存款,现金充值机,100.0,100.12,6931,正常
2016/04/10 16:37:35,b631fb32af18965d31e2941d37c16baaba3bfa13,1d7f44ce47d27383733cf0d0fdffc0a586ca0b46,持卡人消费,学苑楼商务网关,-0.4,99.72,6932,正常
2016/04/10 16:40:18,b631fb32af18965d31e2941d37c16baaba3bfa13,1d7f44ce47d27383733cf0d0fdffc0a586ca0b46,持卡人消费,学苑楼商务网关,-2.0,97.72,6933,正常
2016/04/10 16:42:04,b631fb32af18965d31e2941d37c16baaba3bfa13,1d7f44ce47d27383733cf0d0fdffc0a586ca0b46,持卡人消费,学苑楼商务网关,-1.0,96.72,6934,正常
2016/04/10 18:35:29,b631fb32af18965d31e2941d37c16baaba3bfa13,1d7f44ce47d27383733cf0d0fdffc0a586ca0b46,持卡人消费,硕果园（工大商店）,-5.0,91.72,6935,正常
2016/04/11 12:39:50,b631fb32af18965d31e2941d37c16baaba3bfa13,1d7f44ce47d27383733cf0d0fdffc0a586ca0b46,持卡人消费,硕果园（工大商店）,-6.5,85.22,6936,正常
2016/04/11 12:40:46,b631fb32af18965d31e2941d37c16baaba3bfa13,1d7f44ce47d27383733cf0d0fdffc0a586ca0b46,持卡人消费,硕果园（工大商店）,-5.0,80.22,6937,正常
2016/04/11 12:41:35,b631fb32af18965d31e2941d37c16baaba3bfa13,1d7f44ce47d27383733cf0d0fdffc0a586ca0b46,持卡人消费,硕果园（工大商店）,-2.5,77.72,6938,正常
2016/04/12 08:53:04,b631fb32af18965d31e2941d37c16baaba3bfa13,1d7f44ce47d27383733cf0d0fdffc0a586ca0b46,持卡人消费,硕果园（工大商店）,-8.0,69.72,6939,正常
2016/04/12 08:53:44,b631fb32af18965d31e2941d37c16baaba3bfa13,1d7f44ce47d27383733cf0d0fdffc0a586ca0b46,持卡人消费,硕果园（工大商店）,-2.0,67.72,6940,正常
2016/04/12 09:02:46,b631fb32af18965d31e2941d37c16baaba3bfa13,1d7f44ce47d27383733cf0d0fdffc0a586ca0b46,持卡人消费,硕果园（工大商店）,-3.5,64.22,6941,正常
2016/04/12 13:23:22,b631fb32af18965d31e2941d37c16baaba3bfa13,1d7f44ce47d27383733cf0d0fdffc0a586ca0b46,持卡人消费,硕果园（工大商店）,-8.0,56.22,6942,正常
2016/04/12 13:34:33,b631fb32af18965d31e2941d37c16baaba3bfa13,1d7f44ce47d27383733cf0d0fdffc0a586ca0b46,持卡人消费,硕果园（工大商店）,-3.5,52.72,6943,正常
2016/04/13 09:01:22,b631fb32af18965d31e2941d37c16baaba3bfa13,1d7f44ce47d27383733cf0d0fdffc0a586ca0b46,持卡人消费,硕果园（工大商店）,-12.0,40.72,6944,正常
2016/04/13 09:03:16,b631fb32af18965d31e2941d37c16baaba3bfa13,1d7f44ce47d27383733cf0d0fdffc0a586ca0b46,持卡人消费,硕果园（工大商店）,-2.5,38.22,6945,正常
2016/04/13 14:23:44,b631fb32af18965d31e2941d37c16baaba3bfa13,1d7f44ce47d27383733cf0d0fdffc0a586ca0b46,持卡人消费,硕果园（工大商店）,-9.0,29.22,6946,正常
2016/04/13 14:24:26,b631fb32af18965d31e2941d37c16baaba3bfa13,1d7f44ce47d27383733cf0d0fdffc0a586ca0b46,持卡人消费,硕果园（工大商店）,-4.0,25.22,6947,正常
2016/04/14 07:58:11,b631fb32af18965d31e2941d37c16baaba3bfa13,1d7f44ce47d27383733cf0d0fdffc0a586ca0b46,持卡人消费,学苑楼商务网关,-5.0,20.22,6948,正常
2016/04/14 13:05:18,b631fb32af18965d31e2941d37c16baaba3bfa13,1d7f44ce47d27383733cf0d0fdffc0a586ca0b46,持卡人消费,硕果园（工大商店）,-3.0,17.22,6949,正常
2016/04/14 13:06:05,b631fb32af18965d31e2941d37c16baaba3bfa13,1d7f44ce47d27383733cf0d0fdffc0a586ca0b46,持卡人消费,硕果园（工大商店）,-3.0,14.22,6950,正常
2016/04/14 13:07:10,b631fb32af18965d31e2941d37c16baaba3bfa13,1d7f44ce47d27383733cf0d0fdffc0a586ca0b46,持卡人消费,硕果园（工大商店）,-12.0,2.22,6951,正常
2016/04/15 07:45:40,b631fb32af18965d31e2941d37c16baaba3bfa13,1d7f44ce47d27383733cf0d0fdffc0a586ca0b46,存款,现金充值机,50.0,52.22,6952,正常
2016/04/15 08:06:59,b631fb32af18965d31e2941d37c16baaba3bfa13,1d7f44ce47d27383733cf0d0fdffc0a586ca0b46,持卡人消费,学苑楼商务网关,-2.5,49.72,6953,正常
2016/04/15 08:07:40,b631fb32af18965d31e2941d37c16baaba3bfa13,1d7f44ce47d27383733cf0d0fdffc0a586ca0b46,持卡人消费,学苑楼商务网关,-1.0,48.72,6954,正常
2016/04/15 08:08:38,b631fb32af18965d31e2941d37c16baaba3bfa13,1d7f44ce47d27383733cf0d0fdffc0a586ca0b46,持卡人消费,学苑楼商务网关,-0.2,48.52,6955,正常
2016/04/15 08:09:11,b631fb32af18965d31e2941d37c16baaba3bfa13,1d7f44ce47d27383733cf0d0fdffc0a586ca0b46,持卡人消费,学苑楼商务网关,-0.2,48.32,6956,正常
2016/04/15 08:13:19,b631fb32af18965d31e2941d37c16baaba3bfa13,1d7f44ce47d27383733cf0d0fdffc0a586ca0b46,持卡人消费,学苑楼商务网关,-1.0,47.32,6957,正常
2016/04/15 12:42:45,b631fb32af18965d31e2941d37c16baaba3bfa13,1d7f44ce47d27383733cf0d0fdffc0a586ca0b46,持卡人消费,硕果园（工大商店）,-9.2,38.12,6958,正常
2016/04/15 13:00:08,b631fb32af18965d31e2941d37c16baaba3bfa13,1d7f44ce47d27383733cf0d0fdffc0a586ca0b46,持卡人消费,硕果园（工大商店）,-5.5,32.62,6959,正常
2016/04/16 08:02:13,b631fb32af18965d31e2941d37c16baaba3bfa13,1d7f44ce47d27383733cf0d0fdffc0a586ca0b46,持卡人消费,学苑楼商务网关,-0.9,31.72,6960,正常
2016/04/16 08:02:32,b631fb32af18965d31e2941d37c16baaba3bfa13,1d7f44ce47d27383733cf0d0fdffc0a586ca0b46,持卡人消费,学苑楼商务网关,-1.0,30.72,6961,正常
2016/04/16 08:03:02,b631fb32af18965d31e2941d37c16baaba3bfa13,1d7f44ce47d27383733cf0d0fdffc0a586ca0b46,持卡人消费,学苑楼商务网关,-2.5,28.22,6962,正常
2016/04/16 08:03:46,b631fb32af18965d31e2941d37c16baaba3bfa13,1d7f44ce47d27383733cf0d0fdffc0a586ca0b46,持卡人消费,学苑楼商务网关,-0.6,27.62,6963,正常
2016/04/16 08:11:01,b631fb32af18965d31e2941d37c16baaba3bfa13,1d7f44ce47d27383733cf0d0fdffc0a586ca0b46,持卡人消费,学苑楼商务网关,-2.8,24.82,6964,正常
2016/04/16 15:28:43,b631fb32af18965d31e2941d37c16baaba3bfa13,1d7f44ce47d27383733cf0d0fdffc0a586ca0b46,持卡人消费,硕果园（工大商店）,-15.0,9.82,6965,正常
2016/04/16 15:41:46,b631fb32af18965d31e2941d37c16baaba3bfa13,1d7f44ce47d27383733cf0d0fdffc0a586ca0b46,持卡人消费,硕果园（工大商店）,-1.0,8.82,6966,正常
2016/04/17 09:07:12,b631fb32af18965d31e2941d37c16baaba3bfa13,1d7f44ce47d27383733cf0d0fdffc0a586ca0b46,持卡人消费,硕果园（工大商店）,-8.0,0.82,6967,正常
2016/04/17 09:14:48,b631fb32af18965d31e2941d37c16baaba3bfa13,1d7f44ce47d27383733cf0d0fdffc0a586ca0b46,存款,现金充值机,100.0,100.82,6968,正常
2016/04/17 09:33:51,b631fb32af18965d31e2941d37c16baaba3bfa13,1d7f44ce47d27383733cf0d0fdffc0a586ca0b46,持卡人消费,网络中心,-30.0,70.82,6969,正常
2016/04/17 19:02:59,b631fb32af18965d31e2941d37c16baaba3bfa13,1d7f44ce47d27383733cf0d0fdffc0a586ca0b46,持卡人消费,硕果园（工大商店）,-1.0,69.82,6970,正常
2016/04/18 07:43:09,b631fb32af18965d31e2941d37c16baaba3bfa13,1d7f44ce47d27383733cf0d0fdffc0a586ca0b46,持卡人消费,学苑楼商务网关,-4.5,65.32,6971,正常
2016/04/18 07:45:29,b631fb32af18965d31e2941d37c16baaba3bfa13,1d7f44ce47d27383733cf0d0fdffc0a586ca0b46,持卡人消费,学苑楼商务网关,-0.6,64.72,6972,正常
2016/04/18 07:45:52,b631fb32af18965d31e2941d37c16baaba3bfa13,1d7f44ce47d27383733cf0d0fdffc0a586ca0b46,持卡人消费,学苑楼商务网关,-0.9,63.82,6973,正常
2016/04/19 07:55:54,b631fb32af18965d31e2941d37c16baaba3bfa13,1d7f44ce47d27383733cf0d0fdffc0a586ca0b46,持卡人消费,学苑楼商务网关,-9.0,54.82,6974,正常
2016/04/19 12:47:30,b631fb32af18965d31e2941d37c16baaba3bfa13,1d7f44ce47d27383733cf0d0fdffc0a586ca0b46,持卡人消费,硕果园（工大商店）,-8.5,46.32,6975,正常
2016/04/19 12:48:42,b631fb32af18965d31e2941d37c16baaba3bfa13,1d7f44ce47d27383733cf0d0fdffc0a586ca0b46,持卡人消费,硕果园（工大商店）,-9.0,37.32,6976,正常
2016/04/19 17:46:17,b631fb32af18965d31e2941d37c16baaba3bfa13,1d7f44ce47d27383733cf0d0fdffc0a586ca0b46,持卡人消费,硕果园（工大商店）,-6.0,31.32,6977,正常
2016/04/20 08:26:24,b631fb32af18965d31e2941d37c16baaba3bfa13,1d7f44ce47d27383733cf0d0fdffc0a586ca0b46,持卡人消费,学苑楼商务网关,-2.5,28.82,6978,正常
2016/04/20 08:27:31,b631fb32af18965d31e2941d37c16baaba3bfa13,1d7f44ce47d27383733cf0d0fdffc0a586ca0b46,持卡人消费,学苑楼商务网关,-2.6,26.22,6979,正常
2016/04/20 08:34:21,b631fb32af18965d31e2941d37c16baaba3bfa13,1d7f44ce47d27383733cf0d0fdffc0a586ca0b46,持卡人消费,学苑楼商务网关,-1.8,24.42,6980,正常
2016/04/20 20:29:37,b631fb32af18965d31e2941d37c16baaba3bfa13,1d7f44ce47d27383733cf0d0fdffc0a586ca0b46,持卡人消费,学士楼商务网关,-3.4,21.02,6981,正常
2016/04/20 20:30:07,b631fb32af18965d31e2941d37c16baaba3bfa13,1d7f44ce47d27383733cf0d0fdffc0a586ca0b46,持卡人消费,学士楼商务网关,-1.5,19.52,6982,正常
2016/04/20 20:37:08,b631fb32af18965d31e2941d37c16baaba3bfa13,1d7f44ce47d27383733cf0d0fdffc0a586ca0b46,持卡人消费,学士楼商务网关,-2.0,17.52,6983,正常
2016/04/21 16:15:21,b631fb32af18965d31e2941d37c16baaba3bfa13,1d7f44ce47d27383733cf0d0fdffc0a586ca0b46,持卡人消费,硕果园（工大商店）,-6.0,11.52,6984,正常
2016/04/21 21:37:57,b631fb32af18965d31e2941d37c16baaba3bfa13,1d7f44ce47d27383733cf0d0fdffc0a586ca0b46,持卡人消费,硕果园（工大商店）,-9.6,1.92,6985,正常
2016/04/22 11:05:50,b631fb32af18965d31e2941d37c16baaba3bfa13,1d7f44ce47d27383733cf0d0fdffc0a586ca0b46,持卡人消费,学苑楼商务网关,-1.8,0.12,6986,正常
2016/04/23 09:56:49,b631fb32af18965d31e2941d37c16baaba3bfa13,1d7f44ce47d27383733cf0d0fdffc0a586ca0b46,存款,现金充值机,20.0,20.12,6987,正常
2016/04/23 09:57:31,b631fb32af18965d31e2941d37c16baaba3bfa13,1d7f44ce47d27383733cf0d0fdffc0a586ca0b46,存款,现金充值机,20.0,40.12,6988,正常
2016/04/23 10:19:51,b631fb32af18965d31e2941d37c16baaba3bfa13,1d7f44ce47d27383733cf0d0fdffc0a586ca0b46,持卡人消费,学苑楼商务网关,-8.8,31.32,6989,正常
2016/04/23 11:22:13,b631fb32af18965d31e2941d37c16baaba3bfa13,1d7f44ce47d27383733cf0d0fdffc0a586ca0b46,持卡人消费,超市商务子系统,-3.5,27.82,6990,正常
2016/04/23 16:19:30,b631fb32af18965d31e2941d37c16baaba3bfa13,1d7f44ce47d27383733cf0d0fdffc0a586ca0b46,持卡人消费,硕果园（工大商店）,-11.0,16.82,6991,正常
2016/04/23 16:21:21,b631fb32af18965d31e2941d37c16baaba3bfa13,1d7f44ce47d27383733cf0d0fdffc0a586ca0b46,持卡人消费,硕果园（工大商店）,-4.0,12.82,6992,正常
2016/04/24 07:32:17,b631fb32af18965d31e2941d37c16baaba3bfa13,1d7f44ce47d27383733cf0d0fdffc0a586ca0b46,持卡人消费,学苑楼商务网关,-6.0,6.82,6993,正常
2016/04/24 07:34:43,b631fb32af18965d31e2941d37c16baaba3bfa13,1d7f44ce47d27383733cf0d0fdffc0a586ca0b46,持卡人消费,学苑楼商务网关,-0.5,6.32,6994,正常
2016/04/24 07:45:26,b631fb32af18965d31e2941d37c16baaba3bfa13,1d7f44ce47d27383733cf0d0fdffc0a586ca0b46,持卡人消费,学苑楼商务网关,-1.0,5.32,6995,正常
2016/04/24 13:30:41,b631fb32af18965d31e2941d37c16baaba3bfa13,1d7f44ce47d27383733cf0d0fdffc0a586ca0b46,持卡人消费,学士楼商务网关,-5.0,0.32,6996,正常
2016/04/24 15:33:02,b631fb32af18965d31e2941d37c16baaba3bfa13,1d7f44ce47d27383733cf0d0fdffc0a586ca0b46,存款,现金充值机,100.0,100.32,6997,正常
2016/04/24 15:54:16,b631fb32af18965d31e2941d37c16baaba3bfa13,1d7f44ce47d27383733cf0d0fdffc0a586ca0b46,持卡人消费,学苑楼商务网关,-7.6,92.72,6998,正常
2016/04/24 20:54:24,b631fb32af18965d31e2941d37c16baaba3bfa13,1d7f44ce47d27383733cf0d0fdffc0a586ca0b46,持卡人消费,硕果园（工大商店）,-2.5,90.22,6999,正常
2016/04/24 20:55:48,b631fb32af18965d31e2941d37c16baaba3bfa13,1d7f44ce47d27383733cf0d0fdffc0a586ca0b46,持卡人消费,硕果园（工大商店）,-10.0,80.22,7000,正常
2016/04/25 10:54:27,b631fb32af18965d31e2941d37c16baaba3bfa13,1d7f44ce47d27383733cf0d0fdffc0a586ca0b46,持卡人消费,硕果园（工大商店）,-10.0,70.22,7001,正常
2016/04/25 10:54:32,b631fb32af18965d31e2941d37c16baaba3bfa13,1d7f44ce47d27383733cf0d0fdffc0a586ca0b46,持卡人消费,硕果园（工大商店）,-1.0,69.22,7002,正常
2016/04/25 10:59:47,b631fb32af18965d31e2941d37c16baaba3bfa13,1d7f44ce47d27383733cf0d0fdffc0a586ca0b46,持卡人消费,硕果园（工大商店）,-2.5,66.72,7003,正常
2016/04/25 17:06:15,b631fb32af18965d31e2941d37c16baaba3bfa13,1d7f44ce47d27383733cf0d0fdffc0a586ca0b46,持卡人消费,学子楼商务网关,-10.8,55.92,7004,正常
2016/04/25 17:11:34,b631fb32af18965d31e2941d37c16baaba3bfa13,1d7f44ce47d27383733cf0d0fdffc0a586ca0b46,持卡人消费,学子楼商务网关,-4.5,51.42,7005,正常
2016/04/25 21:31:36,b631fb32af18965d31e2941d37c16baaba3bfa13,1d7f44ce47d27383733cf0d0fdffc0a586ca0b46,持卡人消费,A18,-3.0,48.42,7006,正常
2016/04/26 10:50:42,b631fb32af18965d31e2941d37c16baaba3bfa13,1d7f44ce47d27383733cf0d0fdffc0a586ca0b46,持卡人消费,学士楼商务网关,-6.0,42.42,7007,正常
2016/04/26 10:51:57,b631fb32af18965d31e2941d37c16baaba3bfa13,1d7f44ce47d27383733cf0d0fdffc0a586ca0b46,持卡人消费,学士楼商务网关,-3.57,38.85,7008,正常
2016/04/26 10:52:09,b631fb32af18965d31e2941d37c16baaba3bfa13,1d7f44ce47d27383733cf0d0fdffc0a586ca0b46,持卡人消费,学士楼商务网关,-0.8,38.05,7009,正常
2016/04/26 10:56:59,b631fb32af18965d31e2941d37c16baaba3bfa13,1d7f44ce47d27383733cf0d0fdffc0a586ca0b46,持卡人消费,学士楼商务网关,-5.95,32.10,7010,正常
2016/04/26 11:18:03,b631fb32af18965d31e2941d37c16baaba3bfa13,1d7f44ce47d27383733cf0d0fdffc0a586ca0b46,持卡人消费,超市商务子系统,-4.0,28.10,7011,正常
2016/04/26 15:31:35,b631fb32af18965d31e2941d37c16baaba3bfa13,1d7f44ce47d27383733cf0d0fdffc0a586ca0b46,持卡人消费,学子楼商务网关,-4.0,24.10,7012,正常
2016/04/26 15:50:50,b631fb32af18965d31e2941d37c16baaba3bfa13,1d7f44ce47d27383733cf0d0fdffc0a586ca0b46,持卡人消费,超市商务子系统,-8.7,15.40,7013,正常
2016/04/27 18:47:06,b631fb32af18965d31e2941d37c16baaba3bfa13,1d7f44ce47d27383733cf0d0fdffc0a586ca0b46,持卡人消费,硕果园（工大商店）,-8.5,6.90,7014,正常
2016/04/28 15:07:34,b631fb32af18965d31e2941d37c16baaba3bfa13,1d7f44ce47d27383733cf0d0fdffc0a586ca0b46,持卡人消费,超市商务子系统,-0.5,6.40,7015,正常
2016/04/28 18:37:40,b631fb32af18965d31e2941d37c16baaba3bfa13,1d7f44ce47d27383733cf0d0fdffc0a586ca0b46,持卡人消费,硕果园（工大商店）,-3.0,3.40,7016,正常
