交易发生时间,学号,姓名,交易类型,子系统名称,交易额,现有余额,次数,状态
2016/04/02 17:16:00,8a3bde2a6e3e3cc9e2744ace80ee2e996c270982,1e36ffafeaa854ca4e6bdc35be9c8f06b18da721,持卡人消费,学苑楼商务网关,-7.5,3.56,2659,正常
2016/04/05 10:27:13,8a3bde2a6e3e3cc9e2744ace80ee2e996c270982,1e36ffafeaa854ca4e6bdc35be9c8f06b18da721,存款,现金充值机,100.0,103.56,2660,正常
2016/04/05 10:45:34,8a3bde2a6e3e3cc9e2744ace80ee2e996c270982,1e36ffafeaa854ca4e6bdc35be9c8f06b18da721,持卡人消费,学苑楼商务网关,-1.0,102.56,2661,正常
2016/04/05 10:48:34,8a3bde2a6e3e3cc9e2744ace80ee2e996c270982,1e36ffafeaa854ca4e6bdc35be9c8f06b18da721,持卡人消费,学苑楼商务网关,-7.5,95.06,2662,正常
2016/04/05 17:46:32,8a3bde2a6e3e3cc9e2744ace80ee2e996c270982,1e36ffafeaa854ca4e6bdc35be9c8f06b18da721,持卡人消费,学苑楼商务网关,-8.0,87.06,2663,正常
2016/04/07 13:16:23,8a3bde2a6e3e3cc9e2744ace80ee2e996c270982,1e36ffafeaa854ca4e6bdc35be9c8f06b18da721,持卡人消费,一校区水控新,-1.38,85.68,2665,正常
2016/04/07 13:25:55,8a3bde2a6e3e3cc9e2744ace80ee2e996c270982,1e36ffafeaa854ca4e6bdc35be9c8f06b18da721,持卡人消费,一校区水控新,-1.65,84.03,2667,正常
2016/04/07 13:32:24,8a3bde2a6e3e3cc9e2744ace80ee2e996c270982,1e36ffafeaa854ca4e6bdc35be9c8f06b18da721,持卡人消费,一校区水控新,-0.75,83.28,2669,正常
2016/04/07 19:44:57,8a3bde2a6e3e3cc9e2744ace80ee2e996c270982,1e36ffafeaa854ca4e6bdc35be9c8f06b18da721,持卡人消费,A18,-9.0,74.28,2670,正常
2016/04/08 11:38:27,8a3bde2a6e3e3cc9e2744ace80ee2e996c270982,1e36ffafeaa854ca4e6bdc35be9c8f06b18da721,持卡人消费,硕果园（工大商店）,-12.5,61.78,2671,正常
2016/04/10 18:30:31,8a3bde2a6e3e3cc9e2744ace80ee2e996c270982,1e36ffafeaa854ca4e6bdc35be9c8f06b18da721,持卡人消费,硕果园（工大商店）,-10.0,51.78,2672,正常
2016/04/12 17:35:31,8a3bde2a6e3e3cc9e2744ace80ee2e996c270982,1e36ffafeaa854ca4e6bdc35be9c8f06b18da721,持卡人消费,学苑楼商务网关,-6.0,45.78,2673,正常
2016/04/12 17:39:33,8a3bde2a6e3e3cc9e2744ace80ee2e996c270982,1e36ffafeaa854ca4e6bdc35be9c8f06b18da721,持卡人消费,学苑楼商务网关,-0.8,44.98,2674,正常
2016/04/13 17:26:48,8a3bde2a6e3e3cc9e2744ace80ee2e996c270982,1e36ffafeaa854ca4e6bdc35be9c8f06b18da721,持卡人消费,学苑楼商务网关,-8.0,36.98,2675,正常
2016/04/13 21:25:13,8a3bde2a6e3e3cc9e2744ace80ee2e996c270982,1e36ffafeaa854ca4e6bdc35be9c8f06b18da721,持卡人消费,硕果园（工大商店）,-18.5,18.48,2676,正常
2016/04/15 07:59:50,8a3bde2a6e3e3cc9e2744ace80ee2e996c270982,1e36ffafeaa854ca4e6bdc35be9c8f06b18da721,持卡人消费,学苑楼商务网关,-0.2,18.28,2677,正常
2016/04/15 08:00:29,8a3bde2a6e3e3cc9e2744ace80ee2e996c270982,1e36ffafeaa854ca4e6bdc35be9c8f06b18da721,持卡人消费,学苑楼商务网关,-2.6,15.68,2678,正常
2016/04/15 08:01:10,8a3bde2a6e3e3cc9e2744ace80ee2e996c270982,1e36ffafeaa854ca4e6bdc35be9c8f06b18da721,持卡人消费,学苑楼商务网关,-0.2,15.48,2679,正常
2016/04/15 11:41:29,8a3bde2a6e3e3cc9e2744ace80ee2e996c270982,1e36ffafeaa854ca4e6bdc35be9c8f06b18da721,持卡人消费,学苑楼商务网关,-6.0,9.48,2680,正常
2016/04/16 07:43:05,8a3bde2a6e3e3cc9e2744ace80ee2e996c270982,1e36ffafeaa854ca4e6bdc35be9c8f06b18da721,持卡人消费,学苑楼商务网关,-1.2,8.28,2681,正常
2016/04/16 07:43:54,8a3bde2a6e3e3cc9e2744ace80ee2e996c270982,1e36ffafeaa854ca4e6bdc35be9c8f06b18da721,持卡人消费,学苑楼商务网关,-0.2,8.08,2682,正常
2016/04/16 07:44:21,8a3bde2a6e3e3cc9e2744ace80ee2e996c270982,1e36ffafeaa854ca4e6bdc35be9c8f06b18da721,持卡人消费,学苑楼商务网关,-0.5,7.58,2683,正常
2016/04/16 11:25:52,8a3bde2a6e3e3cc9e2744ace80ee2e996c270982,1e36ffafeaa854ca4e6bdc35be9c8f06b18da721,持卡人消费,学苑楼商务网关,-6.0,1.58,2684,正常
2016/04/18 10:31:51,8a3bde2a6e3e3cc9e2744ace80ee2e996c270982,1e36ffafeaa854ca4e6bdc35be9c8f06b18da721,存款,现金充值机,100.0,101.58,2685,正常
2016/04/18 10:53:22,8a3bde2a6e3e3cc9e2744ace80ee2e996c270982,1e36ffafeaa854ca4e6bdc35be9c8f06b18da721,持卡人消费,学苑楼商务网关,-8.0,93.58,2686,正常
2016/04/18 20:41:25,8a3bde2a6e3e3cc9e2744ace80ee2e996c270982,1e36ffafeaa854ca4e6bdc35be9c8f06b18da721,持卡人消费,硕果园（工大商店）,-3.0,90.58,2687,正常
2016/04/19 17:25:41,8a3bde2a6e3e3cc9e2744ace80ee2e996c270982,1e36ffafeaa854ca4e6bdc35be9c8f06b18da721,持卡人消费,学苑楼商务网关,-7.5,83.08,2688,正常
2016/04/20 15:13:35,8a3bde2a6e3e3cc9e2744ace80ee2e996c270982,1e36ffafeaa854ca4e6bdc35be9c8f06b18da721,持卡人消费,超市商务子系统,-4.0,79.08,2689,正常
2016/04/21 16:54:30,8a3bde2a6e3e3cc9e2744ace80ee2e996c270982,1e36ffafeaa854ca4e6bdc35be9c8f06b18da721,持卡人消费,学苑楼商务网关,-15.0,64.08,2690,正常
2016/04/21 16:58:34,8a3bde2a6e3e3cc9e2744ace80ee2e996c270982,1e36ffafeaa854ca4e6bdc35be9c8f06b18da721,持卡人消费,学苑楼商务网关,-10.0,54.08,2691,正常
2016/04/23 07:58:01,8a3bde2a6e3e3cc9e2744ace80ee2e996c270982,1e36ffafeaa854ca4e6bdc35be9c8f06b18da721,持卡人消费,超市商务子系统,-3.0,51.08,2692,正常
2016/04/26 17:27:10,8a3bde2a6e3e3cc9e2744ace80ee2e996c270982,1e36ffafeaa854ca4e6bdc35be9c8f06b18da721,持卡人消费,学苑楼商务网关,-7.0,44.08,2693,正常
2016/04/26 17:29:24,8a3bde2a6e3e3cc9e2744ace80ee2e996c270982,1e36ffafeaa854ca4e6bdc35be9c8f06b18da721,持卡人消费,学苑楼商务网关,-0.8,43.28,2694,正常
2016/04/26 17:45:43,8a3bde2a6e3e3cc9e2744ace80ee2e996c270982,1e36ffafeaa854ca4e6bdc35be9c8f06b18da721,持卡人消费,学苑楼商务网关,-6.0,37.28,2695,正常
2016/04/26 20:50:38,8a3bde2a6e3e3cc9e2744ace80ee2e996c270982,1e36ffafeaa854ca4e6bdc35be9c8f06b18da721,持卡人消费,网络中心,-30.0,7.28,2696,正常
2016/04/28 06:28:52,8a3bde2a6e3e3cc9e2744ace80ee2e996c270982,1e36ffafeaa854ca4e6bdc35be9c8f06b18da721,持卡人消费,学苑楼商务网关,-3.3,3.98,2697,正常
2016/04/28 06:30:07,8a3bde2a6e3e3cc9e2744ace80ee2e996c270982,1e36ffafeaa854ca4e6bdc35be9c8f06b18da721,持卡人消费,学苑楼商务网关,-2.6,1.38,2698,正常
2016/04/28 06:30:25,8a3bde2a6e3e3cc9e2744ace80ee2e996c270982,1e36ffafeaa854ca4e6bdc35be9c8f06b18da721,持卡人消费,学苑楼商务网关,-0.2,1.18,2699,正常
