交易发生时间,学号,姓名,交易类型,子系统名称,交易额,现有余额,次数,状态
2016/04/01 11:46:55,e57707e9ef84263b4c54d1fa1e12a5c0e68f8d30,1e77405129adb1d6f00c25e3ec56e97d5686b053,持卡人消费,超市商务子系统,-15.9,15.93,3238,正常
2016/04/01 17:33:57,e57707e9ef84263b4c54d1fa1e12a5c0e68f8d30,1e77405129adb1d6f00c25e3ec56e97d5686b053,持卡人消费,学苑楼商务网关,-4.5,11.43,3239,正常
2016/04/02 14:29:29,e57707e9ef84263b4c54d1fa1e12a5c0e68f8d30,1e77405129adb1d6f00c25e3ec56e97d5686b053,持卡人消费,超市商务子系统,-7.2,4.23,3240,正常
2016/04/03 17:21:05,e57707e9ef84263b4c54d1fa1e12a5c0e68f8d30,1e77405129adb1d6f00c25e3ec56e97d5686b053,存款,现金充值机,200.0,204.23,3241,正常
2016/04/03 17:38:30,e57707e9ef84263b4c54d1fa1e12a5c0e68f8d30,1e77405129adb1d6f00c25e3ec56e97d5686b053,持卡人消费,学苑楼商务网关,-6.0,198.23,3242,正常
2016/04/03 17:56:47,e57707e9ef84263b4c54d1fa1e12a5c0e68f8d30,1e77405129adb1d6f00c25e3ec56e97d5686b053,持卡人消费,超市商务子系统,-14.2,184.03,3243,正常
2016/04/03 19:53:07,e57707e9ef84263b4c54d1fa1e12a5c0e68f8d30,1e77405129adb1d6f00c25e3ec56e97d5686b053,持卡人消费,超市商务子系统,-15.2,168.83,3244,正常
2016/04/04 11:10:55,e57707e9ef84263b4c54d1fa1e12a5c0e68f8d30,1e77405129adb1d6f00c25e3ec56e97d5686b053,持卡人消费,硕果园（工大商店）,-24.0,144.83,3245,正常
2016/04/04 17:18:08,e57707e9ef84263b4c54d1fa1e12a5c0e68f8d30,1e77405129adb1d6f00c25e3ec56e97d5686b053,持卡人消费,学苑楼商务网关,-4.5,140.33,3246,正常
2016/04/06 11:05:32,e57707e9ef84263b4c54d1fa1e12a5c0e68f8d30,1e77405129adb1d6f00c25e3ec56e97d5686b053,持卡人消费,硕果园（工大商店）,-1.0,139.33,3247,正常
2016/04/06 11:05:35,e57707e9ef84263b4c54d1fa1e12a5c0e68f8d30,1e77405129adb1d6f00c25e3ec56e97d5686b053,持卡人消费,硕果园（工大商店）,-11.0,128.33,3248,正常
2016/04/06 18:10:57,e57707e9ef84263b4c54d1fa1e12a5c0e68f8d30,1e77405129adb1d6f00c25e3ec56e97d5686b053,持卡人消费,硕果园（工大商店）,-8.0,120.33,3249,正常
2016/04/07 10:03:56,e57707e9ef84263b4c54d1fa1e12a5c0e68f8d30,1e77405129adb1d6f00c25e3ec56e97d5686b053,持卡人消费,超市商务子系统,-5.0,115.33,3250,正常
2016/04/07 20:45:27,e57707e9ef84263b4c54d1fa1e12a5c0e68f8d30,1e77405129adb1d6f00c25e3ec56e97d5686b053,持卡人消费,硕果园（工大商店）,-10.0,105.33,3251,正常
2016/04/08 11:58:41,e57707e9ef84263b4c54d1fa1e12a5c0e68f8d30,1e77405129adb1d6f00c25e3ec56e97d5686b053,持卡人消费,硕果园（工大商店）,-9.0,96.33,3252,正常
2016/04/08 12:09:28,e57707e9ef84263b4c54d1fa1e12a5c0e68f8d30,1e77405129adb1d6f00c25e3ec56e97d5686b053,持卡人消费,硕果园（工大商店）,-1.0,95.33,3253,正常
2016/04/08 17:29:24,e57707e9ef84263b4c54d1fa1e12a5c0e68f8d30,1e77405129adb1d6f00c25e3ec56e97d5686b053,持卡人消费,学苑楼商务网关,-4.5,90.83,3254,正常
2016/04/08 21:45:17,e57707e9ef84263b4c54d1fa1e12a5c0e68f8d30,1e77405129adb1d6f00c25e3ec56e97d5686b053,持卡人消费,超市商务子系统,-24.0,66.83,3255,正常
2016/04/08 21:47:41,e57707e9ef84263b4c54d1fa1e12a5c0e68f8d30,1e77405129adb1d6f00c25e3ec56e97d5686b053,持卡人消费,超市商务子系统,-14.3,52.53,3256,正常
2016/04/09 12:47:29,e57707e9ef84263b4c54d1fa1e12a5c0e68f8d30,1e77405129adb1d6f00c25e3ec56e97d5686b053,持卡人消费,硕果园（工大商店）,-14.0,38.53,3257,正常
2016/04/10 12:06:26,e57707e9ef84263b4c54d1fa1e12a5c0e68f8d30,1e77405129adb1d6f00c25e3ec56e97d5686b053,持卡人消费,硕果园（工大商店）,-24.0,14.53,3258,正常
2016/04/11 09:33:18,e57707e9ef84263b4c54d1fa1e12a5c0e68f8d30,1e77405129adb1d6f00c25e3ec56e97d5686b053,持卡人消费,超市商务子系统,-3.0,11.53,3259,正常
2016/04/11 11:59:03,e57707e9ef84263b4c54d1fa1e12a5c0e68f8d30,1e77405129adb1d6f00c25e3ec56e97d5686b053,持卡人消费,学士楼商务网关,-4.4,7.13,3260,正常
2016/04/11 21:05:22,e57707e9ef84263b4c54d1fa1e12a5c0e68f8d30,1e77405129adb1d6f00c25e3ec56e97d5686b053,持卡人消费,超市商务子系统,-3.4,3.73,3261,正常
2016/04/11 21:07:21,e57707e9ef84263b4c54d1fa1e12a5c0e68f8d30,1e77405129adb1d6f00c25e3ec56e97d5686b053,持卡人消费,超市商务子系统,-0.7,3.03,3262,正常
2016/04/12 11:12:22,e57707e9ef84263b4c54d1fa1e12a5c0e68f8d30,1e77405129adb1d6f00c25e3ec56e97d5686b053,持卡人消费,硕果园（工大商店）,-1.0,2.03,3263,正常
2016/04/12 11:13:14,e57707e9ef84263b4c54d1fa1e12a5c0e68f8d30,1e77405129adb1d6f00c25e3ec56e97d5686b053,持卡人消费,硕果园（工大商店）,-1.0,1.03,3264,正常
2016/04/13 16:41:00,e57707e9ef84263b4c54d1fa1e12a5c0e68f8d30,1e77405129adb1d6f00c25e3ec56e97d5686b053,存款,现金充值机,200.0,201.03,3265,正常
2016/04/13 17:02:13,e57707e9ef84263b4c54d1fa1e12a5c0e68f8d30,1e77405129adb1d6f00c25e3ec56e97d5686b053,持卡人消费,学苑楼商务网关,-4.6,196.43,3266,正常
2016/04/13 17:07:13,e57707e9ef84263b4c54d1fa1e12a5c0e68f8d30,1e77405129adb1d6f00c25e3ec56e97d5686b053,持卡人消费,学苑楼商务网关,-9.0,187.43,3267,正常
2016/04/14 11:18:39,e57707e9ef84263b4c54d1fa1e12a5c0e68f8d30,1e77405129adb1d6f00c25e3ec56e97d5686b053,持卡人消费,硕果园（工大商店）,-9.0,178.43,3268,正常
2016/04/14 14:15:52,e57707e9ef84263b4c54d1fa1e12a5c0e68f8d30,1e77405129adb1d6f00c25e3ec56e97d5686b053,持卡人消费,超市商务子系统,-6.8,171.63,3269,正常
2016/04/14 16:57:49,e57707e9ef84263b4c54d1fa1e12a5c0e68f8d30,1e77405129adb1d6f00c25e3ec56e97d5686b053,持卡人消费,学苑楼商务网关,-5.0,166.63,3270,正常
2016/04/14 20:47:40,e57707e9ef84263b4c54d1fa1e12a5c0e68f8d30,1e77405129adb1d6f00c25e3ec56e97d5686b053,持卡人消费,超市商务子系统,-11.2,155.43,3271,正常
2016/04/15 11:24:35,e57707e9ef84263b4c54d1fa1e12a5c0e68f8d30,1e77405129adb1d6f00c25e3ec56e97d5686b053,持卡人消费,硕果园（工大商店）,-13.0,142.43,3272,正常
2016/04/17 17:52:31,e57707e9ef84263b4c54d1fa1e12a5c0e68f8d30,1e77405129adb1d6f00c25e3ec56e97d5686b053,持卡人消费,硕果园（工大商店）,-10.0,132.43,3273,正常
2016/04/18 17:01:24,e57707e9ef84263b4c54d1fa1e12a5c0e68f8d30,1e77405129adb1d6f00c25e3ec56e97d5686b053,持卡人消费,学苑楼商务网关,-8.0,124.43,3274,正常
2016/04/18 17:12:06,e57707e9ef84263b4c54d1fa1e12a5c0e68f8d30,1e77405129adb1d6f00c25e3ec56e97d5686b053,持卡人消费,学苑楼商务网关,-0.1,124.33,3275,正常
2016/04/18 19:57:00,e57707e9ef84263b4c54d1fa1e12a5c0e68f8d30,1e77405129adb1d6f00c25e3ec56e97d5686b053,持卡人消费,超市商务子系统,-0.2,124.13,3276,正常
2016/04/19 12:04:53,e57707e9ef84263b4c54d1fa1e12a5c0e68f8d30,1e77405129adb1d6f00c25e3ec56e97d5686b053,持卡人消费,硕果园（工大商店）,-5.0,119.13,3277,正常
2016/04/19 12:06:05,e57707e9ef84263b4c54d1fa1e12a5c0e68f8d30,1e77405129adb1d6f00c25e3ec56e97d5686b053,持卡人消费,硕果园（工大商店）,-10.0,109.13,3278,正常
2016/04/19 12:20:26,e57707e9ef84263b4c54d1fa1e12a5c0e68f8d30,1e77405129adb1d6f00c25e3ec56e97d5686b053,持卡人消费,A7,-3.0,106.13,3279,正常
2016/04/19 15:48:54,e57707e9ef84263b4c54d1fa1e12a5c0e68f8d30,1e77405129adb1d6f00c25e3ec56e97d5686b053,持卡人消费,超市商务子系统,-4.0,102.13,3280,正常
2016/04/19 18:44:15,e57707e9ef84263b4c54d1fa1e12a5c0e68f8d30,1e77405129adb1d6f00c25e3ec56e97d5686b053,持卡人消费,硕果园（工大商店）,-6.0,96.13,3281,正常
2016/04/20 10:46:17,e57707e9ef84263b4c54d1fa1e12a5c0e68f8d30,1e77405129adb1d6f00c25e3ec56e97d5686b053,持卡人消费,硕果园（工大商店）,-4.0,92.13,3282,正常
2016/04/20 17:21:50,e57707e9ef84263b4c54d1fa1e12a5c0e68f8d30,1e77405129adb1d6f00c25e3ec56e97d5686b053,持卡人消费,超市商务子系统,-50.0,42.13,3283,正常
2016/04/21 12:30:40,e57707e9ef84263b4c54d1fa1e12a5c0e68f8d30,1e77405129adb1d6f00c25e3ec56e97d5686b053,持卡人消费,硕果园（工大商店）,-10.0,32.13,3284,正常
2016/04/21 12:31:23,e57707e9ef84263b4c54d1fa1e12a5c0e68f8d30,1e77405129adb1d6f00c25e3ec56e97d5686b053,持卡人消费,硕果园（工大商店）,-8.0,24.13,3285,正常
2016/04/21 17:48:15,e57707e9ef84263b4c54d1fa1e12a5c0e68f8d30,1e77405129adb1d6f00c25e3ec56e97d5686b053,持卡人消费,硕果园（工大商店）,-8.0,16.13,3286,正常
2016/04/22 11:40:44,e57707e9ef84263b4c54d1fa1e12a5c0e68f8d30,1e77405129adb1d6f00c25e3ec56e97d5686b053,持卡人消费,硕果园（工大商店）,-5.0,11.13,3287,正常
2016/04/22 16:50:54,e57707e9ef84263b4c54d1fa1e12a5c0e68f8d30,1e77405129adb1d6f00c25e3ec56e97d5686b053,持卡人消费,学士楼商务网关,-7.0,4.13,3288,正常
2016/04/22 16:56:45,e57707e9ef84263b4c54d1fa1e12a5c0e68f8d30,1e77405129adb1d6f00c25e3ec56e97d5686b053,持卡人消费,学士楼商务网关,-0.5,3.63,3289,正常
2016/04/23 17:02:22,e57707e9ef84263b4c54d1fa1e12a5c0e68f8d30,1e77405129adb1d6f00c25e3ec56e97d5686b053,持卡人消费,超市商务子系统,-0.5,3.13,3290,正常
2016/04/23 17:02:34,e57707e9ef84263b4c54d1fa1e12a5c0e68f8d30,1e77405129adb1d6f00c25e3ec56e97d5686b053,持卡人消费,超市商务子系统,-0.2,2.93,3291,正常
2016/04/25 11:11:44,e57707e9ef84263b4c54d1fa1e12a5c0e68f8d30,1e77405129adb1d6f00c25e3ec56e97d5686b053,存款,现金充值机,100.0,102.93,3292,正常
2016/04/25 11:32:47,e57707e9ef84263b4c54d1fa1e12a5c0e68f8d30,1e77405129adb1d6f00c25e3ec56e97d5686b053,持卡人消费,学苑楼商务网关,-3.4,99.53,3293,正常
2016/04/25 14:35:52,e57707e9ef84263b4c54d1fa1e12a5c0e68f8d30,1e77405129adb1d6f00c25e3ec56e97d5686b053,持卡人消费,超市商务子系统,-4.0,95.53,3294,正常
2016/04/25 14:38:08,e57707e9ef84263b4c54d1fa1e12a5c0e68f8d30,1e77405129adb1d6f00c25e3ec56e97d5686b053,持卡人消费,超市商务子系统,-15.6,79.93,3295,正常
2016/04/25 17:13:06,e57707e9ef84263b4c54d1fa1e12a5c0e68f8d30,1e77405129adb1d6f00c25e3ec56e97d5686b053,持卡人消费,硕果园（工大商店）,-5.0,74.93,3296,正常
2016/04/25 19:02:42,e57707e9ef84263b4c54d1fa1e12a5c0e68f8d30,1e77405129adb1d6f00c25e3ec56e97d5686b053,持卡人消费,超市商务子系统,-14.9,60.03,3297,正常
2016/04/25 19:04:42,e57707e9ef84263b4c54d1fa1e12a5c0e68f8d30,1e77405129adb1d6f00c25e3ec56e97d5686b053,持卡人消费,超市商务子系统,-2.0,58.03,3298,正常
2016/04/26 15:51:04,e57707e9ef84263b4c54d1fa1e12a5c0e68f8d30,1e77405129adb1d6f00c25e3ec56e97d5686b053,持卡人消费,超市商务子系统,-11.2,46.83,3299,正常
2016/04/26 15:51:53,e57707e9ef84263b4c54d1fa1e12a5c0e68f8d30,1e77405129adb1d6f00c25e3ec56e97d5686b053,持卡人消费,超市商务子系统,-3.0,43.83,3300,正常
2016/04/26 19:47:18,e57707e9ef84263b4c54d1fa1e12a5c0e68f8d30,1e77405129adb1d6f00c25e3ec56e97d5686b053,持卡人消费,硕果园（工大商店）,-10.0,33.83,3301,正常
2016/04/26 19:48:09,e57707e9ef84263b4c54d1fa1e12a5c0e68f8d30,1e77405129adb1d6f00c25e3ec56e97d5686b053,持卡人消费,硕果园（工大商店）,-7.0,26.83,3302,正常
2016/04/27 11:22:40,e57707e9ef84263b4c54d1fa1e12a5c0e68f8d30,1e77405129adb1d6f00c25e3ec56e97d5686b053,持卡人消费,硕果园（工大商店）,-12.0,14.83,3303,正常
2016/04/28 11:02:06,e57707e9ef84263b4c54d1fa1e12a5c0e68f8d30,1e77405129adb1d6f00c25e3ec56e97d5686b053,持卡人消费,硕果园（工大商店）,-9.0,5.83,3304,正常
2016/04/28 17:47:03,e57707e9ef84263b4c54d1fa1e12a5c0e68f8d30,1e77405129adb1d6f00c25e3ec56e97d5686b053,持卡人消费,学苑楼商务网关,-3.4,2.43,3305,正常
