交易发生时间,学号,姓名,交易类型,子系统名称,交易额,现有余额,次数,状态
2016/04/01 11:48:39,21f12c737ed6222b26e34cb339360411dc2f1711,1e99acd980fb0b5fa88ce24e1fc28ee34528544d,持卡人消费,硕果园（工大商店）,-14.0,34.76,2704,正常
2016/04/04 16:19:07,21f12c737ed6222b26e34cb339360411dc2f1711,1e99acd980fb0b5fa88ce24e1fc28ee34528544d,持卡人消费,硕果园（工大商店）,-23.6,11.16,2705,正常
2016/04/05 11:29:40,21f12c737ed6222b26e34cb339360411dc2f1711,1e99acd980fb0b5fa88ce24e1fc28ee34528544d,存款,学苑楼综合业务2,100.0,111.16,2706,正常
2016/04/05 11:30:59,21f12c737ed6222b26e34cb339360411dc2f1711,1e99acd980fb0b5fa88ce24e1fc28ee34528544d,持卡人消费,学苑楼商务网关,-8.0,103.16,2707,正常
2016/04/05 11:32:05,21f12c737ed6222b26e34cb339360411dc2f1711,1e99acd980fb0b5fa88ce24e1fc28ee34528544d,持卡人消费,学苑楼商务网关,-1.5,101.66,2708,正常
2016/04/05 17:27:01,21f12c737ed6222b26e34cb339360411dc2f1711,1e99acd980fb0b5fa88ce24e1fc28ee34528544d,持卡人消费,硕果园（工大商店）,-14.0,87.66,2709,正常
2016/04/06 17:33:47,21f12c737ed6222b26e34cb339360411dc2f1711,1e99acd980fb0b5fa88ce24e1fc28ee34528544d,持卡人消费,硕果园（工大商店）,-15.0,72.66,2710,正常
2016/04/06 17:35:58,21f12c737ed6222b26e34cb339360411dc2f1711,1e99acd980fb0b5fa88ce24e1fc28ee34528544d,持卡人消费,硕果园（工大商店）,-2.0,70.66,2711,正常
2016/04/06 17:40:29,21f12c737ed6222b26e34cb339360411dc2f1711,1e99acd980fb0b5fa88ce24e1fc28ee34528544d,持卡人消费,硕果园（工大商店）,-7.0,63.66,2712,正常
2016/04/07 11:30:25,21f12c737ed6222b26e34cb339360411dc2f1711,1e99acd980fb0b5fa88ce24e1fc28ee34528544d,持卡人消费,硕果园（工大商店）,-3.5,60.16,2713,正常
2016/04/08 08:36:31,21f12c737ed6222b26e34cb339360411dc2f1711,1e99acd980fb0b5fa88ce24e1fc28ee34528544d,持卡人消费,学士楼商务网关,-3.4,56.76,2714,正常
2016/04/08 08:37:51,21f12c737ed6222b26e34cb339360411dc2f1711,1e99acd980fb0b5fa88ce24e1fc28ee34528544d,持卡人消费,学士楼商务网关,-0.6,56.16,2715,正常
2016/04/08 08:45:19,21f12c737ed6222b26e34cb339360411dc2f1711,1e99acd980fb0b5fa88ce24e1fc28ee34528544d,持卡人消费,硕果园（工大商店）,-1.5,54.66,2716,正常
2016/04/08 16:19:19,21f12c737ed6222b26e34cb339360411dc2f1711,1e99acd980fb0b5fa88ce24e1fc28ee34528544d,持卡人消费,一校区水控新,-0.72,53.94,2718,正常
2016/04/08 16:19:55,21f12c737ed6222b26e34cb339360411dc2f1711,1e99acd980fb0b5fa88ce24e1fc28ee34528544d,持卡人消费,一校区水控新,-0.08,53.86,2720,正常
2016/04/08 16:24:21,21f12c737ed6222b26e34cb339360411dc2f1711,1e99acd980fb0b5fa88ce24e1fc28ee34528544d,持卡人消费,一校区水控新,-0.59,53.27,2722,正常
2016/04/08 16:42:04,21f12c737ed6222b26e34cb339360411dc2f1711,1e99acd980fb0b5fa88ce24e1fc28ee34528544d,持卡人消费,硕果园（工大商店）,-8.0,45.27,2723,正常
2016/04/08 16:43:29,21f12c737ed6222b26e34cb339360411dc2f1711,1e99acd980fb0b5fa88ce24e1fc28ee34528544d,持卡人消费,硕果园（工大商店）,-13.5,31.77,2724,正常
2016/04/08 16:52:23,21f12c737ed6222b26e34cb339360411dc2f1711,1e99acd980fb0b5fa88ce24e1fc28ee34528544d,持卡人消费,硕果园（工大商店）,-5.0,26.77,2725,正常
2016/04/09 15:14:09,21f12c737ed6222b26e34cb339360411dc2f1711,1e99acd980fb0b5fa88ce24e1fc28ee34528544d,持卡人消费,A2,-3.0,23.77,2726,正常
2016/04/09 16:01:21,21f12c737ed6222b26e34cb339360411dc2f1711,1e99acd980fb0b5fa88ce24e1fc28ee34528544d,持卡人消费,A2,-3.0,20.77,2727,正常
2016/04/10 08:05:56,21f12c737ed6222b26e34cb339360411dc2f1711,1e99acd980fb0b5fa88ce24e1fc28ee34528544d,持卡人消费,学士楼商务网关,-3.0,17.77,2728,正常
2016/04/10 08:16:30,21f12c737ed6222b26e34cb339360411dc2f1711,1e99acd980fb0b5fa88ce24e1fc28ee34528544d,持卡人消费,硕果园（工大商店）,-4.0,13.77,2729,正常
2016/04/11 16:48:58,21f12c737ed6222b26e34cb339360411dc2f1711,1e99acd980fb0b5fa88ce24e1fc28ee34528544d,存款,学苑楼综合业务3,100.0,113.77,2730,正常
2016/04/11 16:52:16,21f12c737ed6222b26e34cb339360411dc2f1711,1e99acd980fb0b5fa88ce24e1fc28ee34528544d,持卡人消费,学士楼商务网关,-10.8,102.97,2731,正常
2016/04/11 16:56:36,21f12c737ed6222b26e34cb339360411dc2f1711,1e99acd980fb0b5fa88ce24e1fc28ee34528544d,持卡人消费,学士楼商务网关,-7.6,95.37,2732,正常
2016/04/11 17:07:55,21f12c737ed6222b26e34cb339360411dc2f1711,1e99acd980fb0b5fa88ce24e1fc28ee34528544d,持卡人消费,硕果园（工大商店）,-0.6,94.77,2733,正常
2016/04/12 10:31:26,21f12c737ed6222b26e34cb339360411dc2f1711,1e99acd980fb0b5fa88ce24e1fc28ee34528544d,持卡人消费,硕果园（工大商店）,-12.0,82.77,2734,正常
2016/04/12 10:32:35,21f12c737ed6222b26e34cb339360411dc2f1711,1e99acd980fb0b5fa88ce24e1fc28ee34528544d,持卡人消费,硕果园（工大商店）,-15.0,67.77,2735,正常
2016/04/12 10:38:57,21f12c737ed6222b26e34cb339360411dc2f1711,1e99acd980fb0b5fa88ce24e1fc28ee34528544d,持卡人消费,硕果园（工大商店）,-9.0,58.77,2736,正常
2016/04/12 10:41:39,21f12c737ed6222b26e34cb339360411dc2f1711,1e99acd980fb0b5fa88ce24e1fc28ee34528544d,持卡人消费,硕果园（工大商店）,-5.0,53.77,2737,正常
2016/04/12 17:43:13,21f12c737ed6222b26e34cb339360411dc2f1711,1e99acd980fb0b5fa88ce24e1fc28ee34528544d,持卡人消费,超市商务子系统,-5.5,48.27,2738,正常
2016/04/12 17:45:06,21f12c737ed6222b26e34cb339360411dc2f1711,1e99acd980fb0b5fa88ce24e1fc28ee34528544d,持卡人消费,超市商务子系统,-13.0,35.27,2739,正常
2016/04/12 17:51:30,21f12c737ed6222b26e34cb339360411dc2f1711,1e99acd980fb0b5fa88ce24e1fc28ee34528544d,持卡人消费,硕果园（工大商店）,-10.0,25.27,2740,正常
2016/04/13 07:52:42,21f12c737ed6222b26e34cb339360411dc2f1711,1e99acd980fb0b5fa88ce24e1fc28ee34528544d,持卡人消费,学士楼商务网关,-5.6,19.67,2741,正常
2016/04/13 11:27:35,21f12c737ed6222b26e34cb339360411dc2f1711,1e99acd980fb0b5fa88ce24e1fc28ee34528544d,持卡人消费,硕果园（工大商店）,-14.0,5.67,2742,正常
2016/04/15 11:33:30,21f12c737ed6222b26e34cb339360411dc2f1711,1e99acd980fb0b5fa88ce24e1fc28ee34528544d,存款,卡中心综合业务,50.0,55.67,2743,正常
2016/04/15 11:35:14,21f12c737ed6222b26e34cb339360411dc2f1711,1e99acd980fb0b5fa88ce24e1fc28ee34528544d,持卡人消费,学子楼商务网关,-10.4,45.27,2744,正常
2016/04/15 11:36:50,21f12c737ed6222b26e34cb339360411dc2f1711,1e99acd980fb0b5fa88ce24e1fc28ee34528544d,持卡人消费,学子楼商务网关,-3.5,41.77,2745,正常
2016/04/15 11:37:44,21f12c737ed6222b26e34cb339360411dc2f1711,1e99acd980fb0b5fa88ce24e1fc28ee34528544d,持卡人消费,学子楼商务网关,-6.0,35.77,2746,正常
2016/04/16 15:18:33,21f12c737ed6222b26e34cb339360411dc2f1711,1e99acd980fb0b5fa88ce24e1fc28ee34528544d,持卡人消费,一校区水控新,-0.88,34.89,2748,正常
2016/04/16 15:29:24,21f12c737ed6222b26e34cb339360411dc2f1711,1e99acd980fb0b5fa88ce24e1fc28ee34528544d,持卡人消费,一校区水控新,-1.74,33.15,2750,正常
2016/04/16 17:19:39,21f12c737ed6222b26e34cb339360411dc2f1711,1e99acd980fb0b5fa88ce24e1fc28ee34528544d,持卡人消费,硕果园（工大商店）,-14.3,18.85,2751,正常
2016/04/18 11:08:14,21f12c737ed6222b26e34cb339360411dc2f1711,1e99acd980fb0b5fa88ce24e1fc28ee34528544d,持卡人消费,硕果园（工大商店）,-8.0,10.85,2752,正常
2016/04/18 11:09:03,21f12c737ed6222b26e34cb339360411dc2f1711,1e99acd980fb0b5fa88ce24e1fc28ee34528544d,持卡人消费,硕果园（工大商店）,-3.0,7.85,2753,正常
2016/04/19 20:20:02,21f12c737ed6222b26e34cb339360411dc2f1711,1e99acd980fb0b5fa88ce24e1fc28ee34528544d,持卡人消费,A2,-3.0,4.85,2754,正常
2016/04/20 20:27:23,21f12c737ed6222b26e34cb339360411dc2f1711,1e99acd980fb0b5fa88ce24e1fc28ee34528544d,持卡人消费,一校区水控新,-1.15,3.70,2756,正常
2016/04/20 20:33:20,21f12c737ed6222b26e34cb339360411dc2f1711,1e99acd980fb0b5fa88ce24e1fc28ee34528544d,持卡人消费,一校区水控新,-0.88,2.82,2758,正常
2016/04/27 20:44:11,21f12c737ed6222b26e34cb339360411dc2f1711,1e99acd980fb0b5fa88ce24e1fc28ee34528544d,持卡人消费,一校区水控新,-0.16,2.66,2760,正常
2016/04/27 20:54:46,21f12c737ed6222b26e34cb339360411dc2f1711,1e99acd980fb0b5fa88ce24e1fc28ee34528544d,持卡人消费,一校区水控新,-2.0,0.66,2761,正常
2016/04/29 11:00:09,21f12c737ed6222b26e34cb339360411dc2f1711,1e99acd980fb0b5fa88ce24e1fc28ee34528544d,持卡人消费,超市商务子系统,-0.4,0.26,2762,正常
