交易发生时间,学号,姓名,交易类型,子系统名称,交易额,现有余额,次数,状态
2016/04/02 11:37:39,a02e7ea1f4debce44ff0311cb8c97bba82f796c6,1ea49c177750549df76dde29d406d9901b5733fc,持卡人消费,硕果园（工大商店）,-12.0,126.36,3914,正常
2016/04/03 17:33:44,a02e7ea1f4debce44ff0311cb8c97bba82f796c6,1ea49c177750549df76dde29d406d9901b5733fc,持卡人消费,硕果园（工大商店）,-9.0,117.36,3915,正常
2016/04/03 18:30:30,a02e7ea1f4debce44ff0311cb8c97bba82f796c6,1ea49c177750549df76dde29d406d9901b5733fc,持卡人消费,一校区水控新,-1.02,116.34,3916,正常
2016/04/03 18:37:21,a02e7ea1f4debce44ff0311cb8c97bba82f796c6,1ea49c177750549df76dde29d406d9901b5733fc,持卡人消费,一校区水控新,-0.89,115.45,3917,正常
2016/04/04 08:09:08,a02e7ea1f4debce44ff0311cb8c97bba82f796c6,1ea49c177750549df76dde29d406d9901b5733fc,持卡人消费,A7,-3.0,112.45,3918,正常
2016/04/04 08:14:45,a02e7ea1f4debce44ff0311cb8c97bba82f796c6,1ea49c177750549df76dde29d406d9901b5733fc,持卡人消费,学士楼商务网关,-1.2,111.25,3919,正常
2016/04/04 17:46:16,a02e7ea1f4debce44ff0311cb8c97bba82f796c6,1ea49c177750549df76dde29d406d9901b5733fc,持卡人消费,学苑楼商务网关,-7.0,104.25,3920,正常
2016/04/04 17:49:31,a02e7ea1f4debce44ff0311cb8c97bba82f796c6,1ea49c177750549df76dde29d406d9901b5733fc,持卡人消费,学苑楼商务网关,-1.6,102.65,3921,正常
2016/04/05 08:40:52,a02e7ea1f4debce44ff0311cb8c97bba82f796c6,1ea49c177750549df76dde29d406d9901b5733fc,持卡人消费,学士楼商务网关,-2.9,99.75,3922,正常
2016/04/06 08:23:07,a02e7ea1f4debce44ff0311cb8c97bba82f796c6,1ea49c177750549df76dde29d406d9901b5733fc,持卡人消费,学士楼商务网关,-1.9,97.85,3923,正常
2016/04/06 11:16:21,a02e7ea1f4debce44ff0311cb8c97bba82f796c6,1ea49c177750549df76dde29d406d9901b5733fc,持卡人消费,硕果园（工大商店）,-6.0,91.85,3924,正常
2016/04/06 11:17:16,a02e7ea1f4debce44ff0311cb8c97bba82f796c6,1ea49c177750549df76dde29d406d9901b5733fc,持卡人消费,硕果园（工大商店）,-12.0,79.85,3925,正常
2016/04/06 11:27:42,a02e7ea1f4debce44ff0311cb8c97bba82f796c6,1ea49c177750549df76dde29d406d9901b5733fc,持卡人消费,硕果园（工大商店）,-2.0,77.85,3926,正常
2016/04/07 08:51:50,a02e7ea1f4debce44ff0311cb8c97bba82f796c6,1ea49c177750549df76dde29d406d9901b5733fc,持卡人消费,学士楼商务网关,-1.9,75.95,3927,正常
2016/04/07 19:35:36,a02e7ea1f4debce44ff0311cb8c97bba82f796c6,1ea49c177750549df76dde29d406d9901b5733fc,持卡人消费,网络中心,-30.0,45.95,3928,正常
2016/04/08 08:36:19,a02e7ea1f4debce44ff0311cb8c97bba82f796c6,1ea49c177750549df76dde29d406d9901b5733fc,持卡人消费,学士楼商务网关,-1.9,44.05,3929,正常
2016/04/09 08:59:58,a02e7ea1f4debce44ff0311cb8c97bba82f796c6,1ea49c177750549df76dde29d406d9901b5733fc,持卡人消费,学士楼商务网关,-2.5,41.55,3930,正常
2016/04/09 17:14:41,a02e7ea1f4debce44ff0311cb8c97bba82f796c6,1ea49c177750549df76dde29d406d9901b5733fc,持卡人消费,学苑楼商务网关,-8.0,33.55,3931,正常
2016/04/09 17:15:06,a02e7ea1f4debce44ff0311cb8c97bba82f796c6,1ea49c177750549df76dde29d406d9901b5733fc,持卡人消费,学苑楼商务网关,-7.0,26.55,3932,正常
2016/04/10 08:23:58,a02e7ea1f4debce44ff0311cb8c97bba82f796c6,1ea49c177750549df76dde29d406d9901b5733fc,持卡人消费,学士楼商务网关,-1.2,25.35,3933,正常
2016/04/11 08:16:02,a02e7ea1f4debce44ff0311cb8c97bba82f796c6,1ea49c177750549df76dde29d406d9901b5733fc,持卡人消费,学士楼商务网关,-1.9,23.45,3934,正常
2016/04/11 08:16:16,a02e7ea1f4debce44ff0311cb8c97bba82f796c6,1ea49c177750549df76dde29d406d9901b5733fc,持卡人消费,学士楼商务网关,-1.9,21.55,3935,正常
2016/04/11 17:13:09,a02e7ea1f4debce44ff0311cb8c97bba82f796c6,1ea49c177750549df76dde29d406d9901b5733fc,存款,现金充值机,100.0,121.55,3936,正常
2016/04/11 17:36:57,a02e7ea1f4debce44ff0311cb8c97bba82f796c6,1ea49c177750549df76dde29d406d9901b5733fc,持卡人消费,硕果园（工大商店）,-9.0,112.55,3937,正常
2016/04/12 09:03:12,a02e7ea1f4debce44ff0311cb8c97bba82f796c6,1ea49c177750549df76dde29d406d9901b5733fc,持卡人消费,学士楼商务网关,-2.2,110.35,3938,正常
2016/04/12 11:43:17,a02e7ea1f4debce44ff0311cb8c97bba82f796c6,1ea49c177750549df76dde29d406d9901b5733fc,持卡人消费,学苑楼商务网关,-7.0,103.35,3939,正常
2016/04/13 09:02:02,a02e7ea1f4debce44ff0311cb8c97bba82f796c6,1ea49c177750549df76dde29d406d9901b5733fc,持卡人消费,学士楼商务网关,-2.0,101.35,3940,正常
2016/04/13 09:02:16,a02e7ea1f4debce44ff0311cb8c97bba82f796c6,1ea49c177750549df76dde29d406d9901b5733fc,持卡人消费,学士楼商务网关,-0.2,101.15,3941,正常
2016/04/13 19:57:11,a02e7ea1f4debce44ff0311cb8c97bba82f796c6,1ea49c177750549df76dde29d406d9901b5733fc,持卡人消费,一校区水控新,-0.98,100.17,3943,正常
2016/04/13 20:03:18,a02e7ea1f4debce44ff0311cb8c97bba82f796c6,1ea49c177750549df76dde29d406d9901b5733fc,持卡人消费,一校区水控新,-0.72,99.45,3945,正常
2016/04/14 09:02:49,a02e7ea1f4debce44ff0311cb8c97bba82f796c6,1ea49c177750549df76dde29d406d9901b5733fc,持卡人消费,学士楼商务网关,-2.2,97.25,3946,正常
2016/04/15 08:21:29,a02e7ea1f4debce44ff0311cb8c97bba82f796c6,1ea49c177750549df76dde29d406d9901b5733fc,持卡人消费,学士楼商务网关,-1.9,95.35,3947,正常
2016/04/15 11:42:41,a02e7ea1f4debce44ff0311cb8c97bba82f796c6,1ea49c177750549df76dde29d406d9901b5733fc,持卡人消费,硕果园（工大商店）,-12.0,83.35,3948,正常
2016/04/17 12:36:10,a02e7ea1f4debce44ff0311cb8c97bba82f796c6,1ea49c177750549df76dde29d406d9901b5733fc,持卡人消费,学士楼商务网关,-3.0,80.35,3949,正常
2016/04/17 12:36:37,a02e7ea1f4debce44ff0311cb8c97bba82f796c6,1ea49c177750549df76dde29d406d9901b5733fc,持卡人消费,学士楼商务网关,-1.5,78.85,3950,正常
2016/04/17 12:36:50,a02e7ea1f4debce44ff0311cb8c97bba82f796c6,1ea49c177750549df76dde29d406d9901b5733fc,持卡人消费,学士楼商务网关,-0.5,78.35,3951,正常
2016/04/17 17:58:49,a02e7ea1f4debce44ff0311cb8c97bba82f796c6,1ea49c177750549df76dde29d406d9901b5733fc,持卡人消费,硕果园（工大商店）,-14.0,64.35,3952,正常
2016/04/18 08:55:32,a02e7ea1f4debce44ff0311cb8c97bba82f796c6,1ea49c177750549df76dde29d406d9901b5733fc,持卡人消费,学士楼商务网关,-1.8,62.55,3953,正常
2016/04/19 08:53:32,a02e7ea1f4debce44ff0311cb8c97bba82f796c6,1ea49c177750549df76dde29d406d9901b5733fc,持卡人消费,学士楼商务网关,-2.2,60.35,3954,正常
2016/04/19 13:15:16,a02e7ea1f4debce44ff0311cb8c97bba82f796c6,1ea49c177750549df76dde29d406d9901b5733fc,持卡人消费,硕果园（工大商店）,-9.0,51.35,3955,正常
2016/04/20 08:48:02,a02e7ea1f4debce44ff0311cb8c97bba82f796c6,1ea49c177750549df76dde29d406d9901b5733fc,持卡人消费,学士楼商务网关,-2.6,48.75,3956,正常
2016/04/20 11:01:50,a02e7ea1f4debce44ff0311cb8c97bba82f796c6,1ea49c177750549df76dde29d406d9901b5733fc,持卡人消费,南苑网关,-11.52,37.23,3957,正常
2016/04/21 08:47:13,a02e7ea1f4debce44ff0311cb8c97bba82f796c6,1ea49c177750549df76dde29d406d9901b5733fc,持卡人消费,学士楼商务网关,-1.9,35.33,3958,正常
2016/04/22 08:54:16,a02e7ea1f4debce44ff0311cb8c97bba82f796c6,1ea49c177750549df76dde29d406d9901b5733fc,持卡人消费,学士楼商务网关,-1.3,34.03,3959,正常
2016/04/22 17:31:02,a02e7ea1f4debce44ff0311cb8c97bba82f796c6,1ea49c177750549df76dde29d406d9901b5733fc,存款,现金充值机,100.0,134.03,3960,正常
2016/04/22 17:52:26,a02e7ea1f4debce44ff0311cb8c97bba82f796c6,1ea49c177750549df76dde29d406d9901b5733fc,持卡人消费,学苑楼商务网关,-8.8,125.23,3961,正常
2016/04/23 09:02:15,a02e7ea1f4debce44ff0311cb8c97bba82f796c6,1ea49c177750549df76dde29d406d9901b5733fc,持卡人消费,学士楼商务网关,-2.0,123.23,3962,正常
2016/04/23 09:02:52,a02e7ea1f4debce44ff0311cb8c97bba82f796c6,1ea49c177750549df76dde29d406d9901b5733fc,持卡人消费,学士楼商务网关,-0.2,123.03,3963,正常
2016/04/23 12:06:47,a02e7ea1f4debce44ff0311cb8c97bba82f796c6,1ea49c177750549df76dde29d406d9901b5733fc,持卡人消费,硕果园（工大商店）,-10.0,113.03,3964,正常
2016/04/23 13:06:55,a02e7ea1f4debce44ff0311cb8c97bba82f796c6,1ea49c177750549df76dde29d406d9901b5733fc,持卡人消费,一校区水控新,-0.9,112.13,3966,正常
2016/04/23 13:11:54,a02e7ea1f4debce44ff0311cb8c97bba82f796c6,1ea49c177750549df76dde29d406d9901b5733fc,持卡人消费,一校区水控新,-0.42,111.71,3968,正常
2016/04/24 08:45:59,a02e7ea1f4debce44ff0311cb8c97bba82f796c6,1ea49c177750549df76dde29d406d9901b5733fc,持卡人消费,学士楼商务网关,-2.5,109.21,3969,正常
2016/04/24 08:47:39,a02e7ea1f4debce44ff0311cb8c97bba82f796c6,1ea49c177750549df76dde29d406d9901b5733fc,持卡人消费,学士楼商务网关,-3.0,106.21,3970,正常
2016/04/24 17:50:51,a02e7ea1f4debce44ff0311cb8c97bba82f796c6,1ea49c177750549df76dde29d406d9901b5733fc,持卡人消费,学苑楼商务网关,-16.0,90.21,3971,正常
2016/04/25 11:31:47,a02e7ea1f4debce44ff0311cb8c97bba82f796c6,1ea49c177750549df76dde29d406d9901b5733fc,持卡人消费,南苑网关,-11.52,78.69,3972,正常
2016/04/26 08:20:44,a02e7ea1f4debce44ff0311cb8c97bba82f796c6,1ea49c177750549df76dde29d406d9901b5733fc,持卡人消费,学士楼商务网关,-1.9,76.79,3973,正常
2016/04/26 11:43:57,a02e7ea1f4debce44ff0311cb8c97bba82f796c6,1ea49c177750549df76dde29d406d9901b5733fc,持卡人消费,学苑楼商务网关,-8.8,67.99,3974,正常
2016/04/27 08:32:34,a02e7ea1f4debce44ff0311cb8c97bba82f796c6,1ea49c177750549df76dde29d406d9901b5733fc,持卡人消费,学士楼商务网关,-1.9,66.09,3975,正常
2016/04/28 08:28:50,a02e7ea1f4debce44ff0311cb8c97bba82f796c6,1ea49c177750549df76dde29d406d9901b5733fc,持卡人消费,学士楼商务网关,-1.9,64.19,3976,正常
2016/04/28 11:36:57,a02e7ea1f4debce44ff0311cb8c97bba82f796c6,1ea49c177750549df76dde29d406d9901b5733fc,持卡人消费,学苑楼商务网关,-8.8,55.39,3977,正常
2016/04/28 11:37:01,a02e7ea1f4debce44ff0311cb8c97bba82f796c6,1ea49c177750549df76dde29d406d9901b5733fc,持卡人消费,学苑楼商务网关,-8.8,46.59,3978,正常
2016/04/28 17:10:37,a02e7ea1f4debce44ff0311cb8c97bba82f796c6,1ea49c177750549df76dde29d406d9901b5733fc,持卡人消费,学苑楼商务网关,-1.0,45.59,3979,正常
2016/04/28 17:11:01,a02e7ea1f4debce44ff0311cb8c97bba82f796c6,1ea49c177750549df76dde29d406d9901b5733fc,持卡人消费,学苑楼商务网关,-2.0,43.59,3980,正常
2016/04/29 08:27:28,a02e7ea1f4debce44ff0311cb8c97bba82f796c6,1ea49c177750549df76dde29d406d9901b5733fc,持卡人消费,学士楼商务网关,-2.5,41.09,3981,正常
2016/04/30 18:44:33,a02e7ea1f4debce44ff0311cb8c97bba82f796c6,1ea49c177750549df76dde29d406d9901b5733fc,持卡人消费,一校区水控新,-1.08,40.01,3982,正常
2016/04/30 18:51:46,a02e7ea1f4debce44ff0311cb8c97bba82f796c6,1ea49c177750549df76dde29d406d9901b5733fc,持卡人消费,一校区水控新,-0.89,39.12,3983,正常
2016/04/30 19:11:01,a02e7ea1f4debce44ff0311cb8c97bba82f796c6,1ea49c177750549df76dde29d406d9901b5733fc,持卡人消费,A7,-3.0,36.12,3984,正常
