交易发生时间,学号,姓名,交易类型,子系统名称,交易额,现有余额,次数,状态
2016/04/01 17:03:40,7fa529da424ca7894304b5d92e93014185e13fee,1eda1ed6d43c73d4cbe7b554b0bae4e1ff678035,持卡人消费,二区水控,-2.8,26.53,2166,正常
2016/04/06 08:41:01,7fa529da424ca7894304b5d92e93014185e13fee,1eda1ed6d43c73d4cbe7b554b0bae4e1ff678035,持卡人消费,学子便利店B07,-2.0,24.53,2167,正常
2016/04/06 17:07:13,7fa529da424ca7894304b5d92e93014185e13fee,1eda1ed6d43c73d4cbe7b554b0bae4e1ff678035,持卡人消费,学子便利店B07,-5.3,19.23,2168,正常
2016/04/07 12:28:59,7fa529da424ca7894304b5d92e93014185e13fee,1eda1ed6d43c73d4cbe7b554b0bae4e1ff678035,持卡人消费,学子便利店B07,-5.0,14.23,2169,正常
2016/04/08 11:52:29,7fa529da424ca7894304b5d92e93014185e13fee,1eda1ed6d43c73d4cbe7b554b0bae4e1ff678035,持卡人消费,学子便利店B07,-11.9,2.33,2170,正常
2016/04/08 18:04:35,7fa529da424ca7894304b5d92e93014185e13fee,1eda1ed6d43c73d4cbe7b554b0bae4e1ff678035,持卡人消费,学子便利店B07,-0.6,1.73,2171,正常
2016/04/10 11:56:04,7fa529da424ca7894304b5d92e93014185e13fee,1eda1ed6d43c73d4cbe7b554b0bae4e1ff678035,存款,2区卡中心综合业务,100.0,101.73,2172,正常
2016/04/10 11:59:39,7fa529da424ca7894304b5d92e93014185e13fee,1eda1ed6d43c73d4cbe7b554b0bae4e1ff678035,持卡人消费,九食堂商务网关,-10.0,91.73,2173,正常
2016/04/10 12:01:42,7fa529da424ca7894304b5d92e93014185e13fee,1eda1ed6d43c73d4cbe7b554b0bae4e1ff678035,持卡人消费,九食堂商务网关,-9.0,82.73,2174,正常
2016/04/10 12:31:04,7fa529da424ca7894304b5d92e93014185e13fee,1eda1ed6d43c73d4cbe7b554b0bae4e1ff678035,持卡人消费,学子便利店B07,-7.0,75.73,2175,正常
2016/04/11 13:33:27,7fa529da424ca7894304b5d92e93014185e13fee,1eda1ed6d43c73d4cbe7b554b0bae4e1ff678035,持卡人消费,网络中心,-30.0,45.73,2176,正常
2016/04/11 21:43:49,7fa529da424ca7894304b5d92e93014185e13fee,1eda1ed6d43c73d4cbe7b554b0bae4e1ff678035,持卡人消费,学子便利店B07,-4.0,41.73,2177,正常
2016/04/13 11:52:40,7fa529da424ca7894304b5d92e93014185e13fee,1eda1ed6d43c73d4cbe7b554b0bae4e1ff678035,持卡人消费,学子便利店B07,-1.2,40.53,2178,正常
2016/04/14 18:44:23,7fa529da424ca7894304b5d92e93014185e13fee,1eda1ed6d43c73d4cbe7b554b0bae4e1ff678035,持卡人消费,学子便利店B07,-5.3,35.23,2179,正常
2016/04/15 22:03:07,7fa529da424ca7894304b5d92e93014185e13fee,1eda1ed6d43c73d4cbe7b554b0bae4e1ff678035,持卡人消费,学子便利店B07,-16.2,19.03,2180,正常
2016/04/18 19:00:31,7fa529da424ca7894304b5d92e93014185e13fee,1eda1ed6d43c73d4cbe7b554b0bae4e1ff678035,持卡人消费,学子便利店B07,-13.8,5.23,2181,正常
2016/04/21 12:03:53,7fa529da424ca7894304b5d92e93014185e13fee,1eda1ed6d43c73d4cbe7b554b0bae4e1ff678035,持卡人消费,学子便利店B07,-0.2,5.03,2182,正常
2016/04/22 12:01:34,7fa529da424ca7894304b5d92e93014185e13fee,1eda1ed6d43c73d4cbe7b554b0bae4e1ff678035,持卡人消费,学子便利店B07,-0.5,4.53,2183,正常
2016/04/23 11:17:53,7fa529da424ca7894304b5d92e93014185e13fee,1eda1ed6d43c73d4cbe7b554b0bae4e1ff678035,持卡人消费,学子便利店B07,-0.6,3.93,2184,正常
2016/04/26 19:08:10,7fa529da424ca7894304b5d92e93014185e13fee,1eda1ed6d43c73d4cbe7b554b0bae4e1ff678035,持卡人消费,二区水控,-2.28,1.65,2185,正常
2016/04/27 11:23:40,7fa529da424ca7894304b5d92e93014185e13fee,1eda1ed6d43c73d4cbe7b554b0bae4e1ff678035,持卡人消费,学子便利店B07,-0.6,1.05,2186,正常
