交易发生时间,学号,姓名,交易类型,子系统名称,交易额,现有余额,次数,状态
2016/04/01 08:55:33,33d8c4f04f2bdc397b8e7eda8a2a076d7f1f4100,1ee3919cae27089e938e15e7b97d75f59f8d8b5e,持卡人消费,学士楼商务网关,-1.6,88.29,3946,正常
2016/04/01 12:02:48,33d8c4f04f2bdc397b8e7eda8a2a076d7f1f4100,1ee3919cae27089e938e15e7b97d75f59f8d8b5e,持卡人消费,硕果园（工大商店）,-9.0,79.29,3947,正常
2016/04/01 16:56:35,33d8c4f04f2bdc397b8e7eda8a2a076d7f1f4100,1ee3919cae27089e938e15e7b97d75f59f8d8b5e,持卡人消费,硕果园（工大商店）,-12.0,67.29,3948,正常
2016/04/02 17:04:59,33d8c4f04f2bdc397b8e7eda8a2a076d7f1f4100,1ee3919cae27089e938e15e7b97d75f59f8d8b5e,持卡人消费,学士楼商务网关,-7.1,60.19,3949,正常
2016/04/03 11:25:54,33d8c4f04f2bdc397b8e7eda8a2a076d7f1f4100,1ee3919cae27089e938e15e7b97d75f59f8d8b5e,存款,现金充值机,300.0,360.19,3950,正常
2016/04/03 11:43:12,33d8c4f04f2bdc397b8e7eda8a2a076d7f1f4100,1ee3919cae27089e938e15e7b97d75f59f8d8b5e,持卡人消费,学苑楼商务网关,-8.0,352.19,3951,正常
2016/04/03 11:59:06,33d8c4f04f2bdc397b8e7eda8a2a076d7f1f4100,1ee3919cae27089e938e15e7b97d75f59f8d8b5e,持卡人消费,超市商务子系统,-6.8,345.39,3952,正常
2016/04/03 12:00:10,33d8c4f04f2bdc397b8e7eda8a2a076d7f1f4100,1ee3919cae27089e938e15e7b97d75f59f8d8b5e,持卡人消费,超市商务子系统,-16.7,328.69,3953,正常
2016/04/03 17:37:09,33d8c4f04f2bdc397b8e7eda8a2a076d7f1f4100,1ee3919cae27089e938e15e7b97d75f59f8d8b5e,持卡人消费,硕果园（工大商店）,-11.0,317.69,3954,正常
2016/04/03 20:42:14,33d8c4f04f2bdc397b8e7eda8a2a076d7f1f4100,1ee3919cae27089e938e15e7b97d75f59f8d8b5e,持卡人消费,一校区水控新,-2.0,315.69,3955,正常
2016/04/03 20:48:54,33d8c4f04f2bdc397b8e7eda8a2a076d7f1f4100,1ee3919cae27089e938e15e7b97d75f59f8d8b5e,持卡人消费,一校区水控新,-1.26,314.43,3956,正常
2016/04/04 11:06:50,33d8c4f04f2bdc397b8e7eda8a2a076d7f1f4100,1ee3919cae27089e938e15e7b97d75f59f8d8b5e,持卡人消费,学苑楼商务网关,-8.8,305.63,3957,正常
2016/04/04 18:05:47,33d8c4f04f2bdc397b8e7eda8a2a076d7f1f4100,1ee3919cae27089e938e15e7b97d75f59f8d8b5e,持卡人消费,硕果园（工大商店）,-12.0,293.63,3958,正常
2016/04/05 11:02:09,33d8c4f04f2bdc397b8e7eda8a2a076d7f1f4100,1ee3919cae27089e938e15e7b97d75f59f8d8b5e,持卡人消费,学士楼商务网关,-3.1,290.53,3959,正常
2016/04/05 11:02:21,33d8c4f04f2bdc397b8e7eda8a2a076d7f1f4100,1ee3919cae27089e938e15e7b97d75f59f8d8b5e,持卡人消费,学士楼商务网关,-3.1,287.43,3960,正常
2016/04/05 11:04:14,33d8c4f04f2bdc397b8e7eda8a2a076d7f1f4100,1ee3919cae27089e938e15e7b97d75f59f8d8b5e,持卡人消费,学士楼商务网关,-0.6,286.83,3961,正常
2016/04/05 17:14:08,33d8c4f04f2bdc397b8e7eda8a2a076d7f1f4100,1ee3919cae27089e938e15e7b97d75f59f8d8b5e,持卡人消费,硕果园（工大商店）,-12.0,274.83,3962,正常
2016/04/07 09:44:04,33d8c4f04f2bdc397b8e7eda8a2a076d7f1f4100,1ee3919cae27089e938e15e7b97d75f59f8d8b5e,持卡人消费,超市商务子系统,-7.0,267.83,3963,正常
2016/04/07 09:44:33,33d8c4f04f2bdc397b8e7eda8a2a076d7f1f4100,1ee3919cae27089e938e15e7b97d75f59f8d8b5e,持卡人消费,超市商务子系统,-1.0,266.83,3964,正常
2016/04/07 17:05:34,33d8c4f04f2bdc397b8e7eda8a2a076d7f1f4100,1ee3919cae27089e938e15e7b97d75f59f8d8b5e,持卡人消费,硕果园（工大商店）,-9.0,257.83,3965,正常
2016/04/08 10:36:25,33d8c4f04f2bdc397b8e7eda8a2a076d7f1f4100,1ee3919cae27089e938e15e7b97d75f59f8d8b5e,持卡人消费,硕果园（工大商店）,-12.0,245.83,3966,正常
2016/04/08 16:47:08,33d8c4f04f2bdc397b8e7eda8a2a076d7f1f4100,1ee3919cae27089e938e15e7b97d75f59f8d8b5e,持卡人消费,硕果园（工大商店）,-10.0,235.83,3967,正常
2016/04/08 17:10:24,33d8c4f04f2bdc397b8e7eda8a2a076d7f1f4100,1ee3919cae27089e938e15e7b97d75f59f8d8b5e,持卡人消费,硕果园（工大商店）,-5.0,230.83,3968,正常
2016/04/08 18:47:49,33d8c4f04f2bdc397b8e7eda8a2a076d7f1f4100,1ee3919cae27089e938e15e7b97d75f59f8d8b5e,持卡人消费,一校区水控新,-2.0,228.83,3969,正常
2016/04/08 18:58:16,33d8c4f04f2bdc397b8e7eda8a2a076d7f1f4100,1ee3919cae27089e938e15e7b97d75f59f8d8b5e,持卡人消费,一校区水控新,-2.0,226.83,3970,正常
2016/04/08 19:02:09,33d8c4f04f2bdc397b8e7eda8a2a076d7f1f4100,1ee3919cae27089e938e15e7b97d75f59f8d8b5e,持卡人消费,一校区水控新,-0.74,226.09,3972,正常
2016/04/08 19:02:28,33d8c4f04f2bdc397b8e7eda8a2a076d7f1f4100,1ee3919cae27089e938e15e7b97d75f59f8d8b5e,持卡人消费,一校区水控新,-0.03,226.06,3974,正常
2016/04/08 19:11:17,33d8c4f04f2bdc397b8e7eda8a2a076d7f1f4100,1ee3919cae27089e938e15e7b97d75f59f8d8b5e,持卡人消费,A7,-6.0,220.06,3975,正常
2016/04/09 11:09:30,33d8c4f04f2bdc397b8e7eda8a2a076d7f1f4100,1ee3919cae27089e938e15e7b97d75f59f8d8b5e,持卡人消费,学士楼商务网关,-3.1,216.96,3976,正常
2016/04/09 11:10:15,33d8c4f04f2bdc397b8e7eda8a2a076d7f1f4100,1ee3919cae27089e938e15e7b97d75f59f8d8b5e,持卡人消费,学士楼商务网关,-0.6,216.36,3977,正常
2016/04/09 11:11:09,33d8c4f04f2bdc397b8e7eda8a2a076d7f1f4100,1ee3919cae27089e938e15e7b97d75f59f8d8b5e,持卡人消费,学士楼商务网关,-3.0,213.36,3978,正常
2016/04/09 11:32:06,33d8c4f04f2bdc397b8e7eda8a2a076d7f1f4100,1ee3919cae27089e938e15e7b97d75f59f8d8b5e,持卡人消费,超市商务子系统,-23.0,190.36,3979,正常
2016/04/10 12:00:43,33d8c4f04f2bdc397b8e7eda8a2a076d7f1f4100,1ee3919cae27089e938e15e7b97d75f59f8d8b5e,持卡人消费,硕果园（工大商店）,-12.0,178.36,3980,正常
2016/04/10 17:20:16,33d8c4f04f2bdc397b8e7eda8a2a076d7f1f4100,1ee3919cae27089e938e15e7b97d75f59f8d8b5e,持卡人消费,硕果园（工大商店）,-12.0,166.36,3981,正常
2016/04/10 17:46:46,33d8c4f04f2bdc397b8e7eda8a2a076d7f1f4100,1ee3919cae27089e938e15e7b97d75f59f8d8b5e,持卡人消费,超市商务子系统,-7.2,159.16,3982,正常
2016/04/11 11:43:02,33d8c4f04f2bdc397b8e7eda8a2a076d7f1f4100,1ee3919cae27089e938e15e7b97d75f59f8d8b5e,持卡人消费,学士楼商务网关,-5.0,154.16,3983,正常
2016/04/11 11:44:31,33d8c4f04f2bdc397b8e7eda8a2a076d7f1f4100,1ee3919cae27089e938e15e7b97d75f59f8d8b5e,持卡人消费,学士楼商务网关,-3.1,151.06,3984,正常
2016/04/11 17:31:20,33d8c4f04f2bdc397b8e7eda8a2a076d7f1f4100,1ee3919cae27089e938e15e7b97d75f59f8d8b5e,持卡人消费,学士楼商务网关,-1.4,149.66,3985,正常
2016/04/11 17:32:47,33d8c4f04f2bdc397b8e7eda8a2a076d7f1f4100,1ee3919cae27089e938e15e7b97d75f59f8d8b5e,持卡人消费,学士楼商务网关,-3.0,146.66,3986,正常
2016/04/12 11:39:46,33d8c4f04f2bdc397b8e7eda8a2a076d7f1f4100,1ee3919cae27089e938e15e7b97d75f59f8d8b5e,持卡人消费,学士楼商务网关,-10.0,136.66,3987,正常
2016/04/13 11:11:06,33d8c4f04f2bdc397b8e7eda8a2a076d7f1f4100,1ee3919cae27089e938e15e7b97d75f59f8d8b5e,存款,卡中心综合业务,200.0,336.66,3988,正常
2016/04/13 11:11:59,33d8c4f04f2bdc397b8e7eda8a2a076d7f1f4100,1ee3919cae27089e938e15e7b97d75f59f8d8b5e,持卡人消费,学苑楼商务网关,-3.1,333.56,3989,正常
2016/04/13 11:13:22,33d8c4f04f2bdc397b8e7eda8a2a076d7f1f4100,1ee3919cae27089e938e15e7b97d75f59f8d8b5e,持卡人消费,学苑楼商务网关,-3.5,330.06,3990,正常
2016/04/13 11:24:12,33d8c4f04f2bdc397b8e7eda8a2a076d7f1f4100,1ee3919cae27089e938e15e7b97d75f59f8d8b5e,持卡人消费,学苑楼商务网关,-9.0,321.06,3991,正常
2016/04/13 18:35:55,33d8c4f04f2bdc397b8e7eda8a2a076d7f1f4100,1ee3919cae27089e938e15e7b97d75f59f8d8b5e,持卡人消费,一校区水控新,-2.0,319.06,3992,正常
2016/04/13 18:46:23,33d8c4f04f2bdc397b8e7eda8a2a076d7f1f4100,1ee3919cae27089e938e15e7b97d75f59f8d8b5e,持卡人消费,一校区水控新,-2.0,317.06,3993,正常
2016/04/13 18:50:29,33d8c4f04f2bdc397b8e7eda8a2a076d7f1f4100,1ee3919cae27089e938e15e7b97d75f59f8d8b5e,持卡人消费,一校区水控新,-0.72,316.34,3996,正常
2016/04/14 12:00:36,33d8c4f04f2bdc397b8e7eda8a2a076d7f1f4100,1ee3919cae27089e938e15e7b97d75f59f8d8b5e,持卡人消费,学士楼商务网关,-3.1,313.24,3997,正常
2016/04/14 12:01:55,33d8c4f04f2bdc397b8e7eda8a2a076d7f1f4100,1ee3919cae27089e938e15e7b97d75f59f8d8b5e,持卡人消费,学士楼商务网关,-0.6,312.64,3998,正常
2016/04/14 18:07:12,33d8c4f04f2bdc397b8e7eda8a2a076d7f1f4100,1ee3919cae27089e938e15e7b97d75f59f8d8b5e,持卡人消费,硕果园（工大商店）,-8.0,304.64,3999,正常
2016/04/15 11:03:55,33d8c4f04f2bdc397b8e7eda8a2a076d7f1f4100,1ee3919cae27089e938e15e7b97d75f59f8d8b5e,持卡人消费,学士楼商务网关,-3.1,301.54,4000,正常
2016/04/15 11:05:48,33d8c4f04f2bdc397b8e7eda8a2a076d7f1f4100,1ee3919cae27089e938e15e7b97d75f59f8d8b5e,持卡人消费,学士楼商务网关,-7.8,293.74,4001,正常
2016/04/15 17:30:10,33d8c4f04f2bdc397b8e7eda8a2a076d7f1f4100,1ee3919cae27089e938e15e7b97d75f59f8d8b5e,持卡人消费,学士楼商务网关,-3.1,290.64,4002,正常
2016/04/15 17:30:55,33d8c4f04f2bdc397b8e7eda8a2a076d7f1f4100,1ee3919cae27089e938e15e7b97d75f59f8d8b5e,持卡人消费,学士楼商务网关,-4.0,286.64,4003,正常
2016/04/16 10:15:21,33d8c4f04f2bdc397b8e7eda8a2a076d7f1f4100,1ee3919cae27089e938e15e7b97d75f59f8d8b5e,持卡人消费,硕果园（工大商店）,-12.0,274.64,4004,正常
2016/04/16 19:18:33,33d8c4f04f2bdc397b8e7eda8a2a076d7f1f4100,1ee3919cae27089e938e15e7b97d75f59f8d8b5e,持卡人消费,学士楼商务网关,-2.0,272.64,4005,正常
2016/04/16 21:15:47,33d8c4f04f2bdc397b8e7eda8a2a076d7f1f4100,1ee3919cae27089e938e15e7b97d75f59f8d8b5e,持卡人消费,超市商务子系统,-26.9,245.74,4006,正常
2016/04/17 11:14:34,33d8c4f04f2bdc397b8e7eda8a2a076d7f1f4100,1ee3919cae27089e938e15e7b97d75f59f8d8b5e,持卡人消费,学苑楼商务网关,-9.0,236.74,4007,正常
2016/04/17 11:16:23,33d8c4f04f2bdc397b8e7eda8a2a076d7f1f4100,1ee3919cae27089e938e15e7b97d75f59f8d8b5e,持卡人消费,学苑楼商务网关,-10.0,226.74,4008,正常
2016/04/17 14:06:49,33d8c4f04f2bdc397b8e7eda8a2a076d7f1f4100,1ee3919cae27089e938e15e7b97d75f59f8d8b5e,持卡人消费,一校区水控新,-2.0,224.74,4009,正常
2016/04/17 14:17:48,33d8c4f04f2bdc397b8e7eda8a2a076d7f1f4100,1ee3919cae27089e938e15e7b97d75f59f8d8b5e,持卡人消费,一校区水控新,-2.0,222.74,4010,正常
2016/04/17 14:19:26,33d8c4f04f2bdc397b8e7eda8a2a076d7f1f4100,1ee3919cae27089e938e15e7b97d75f59f8d8b5e,持卡人消费,一校区水控新,-0.3,222.44,4012,正常
2016/04/17 18:18:27,33d8c4f04f2bdc397b8e7eda8a2a076d7f1f4100,1ee3919cae27089e938e15e7b97d75f59f8d8b5e,持卡人消费,硕果园（工大商店）,-8.0,214.44,4013,正常
2016/04/18 13:21:41,33d8c4f04f2bdc397b8e7eda8a2a076d7f1f4100,1ee3919cae27089e938e15e7b97d75f59f8d8b5e,持卡人消费,硕果园（工大商店）,-8.0,206.44,4014,正常
2016/04/18 17:25:22,33d8c4f04f2bdc397b8e7eda8a2a076d7f1f4100,1ee3919cae27089e938e15e7b97d75f59f8d8b5e,持卡人消费,学士楼商务网关,-1.9,204.54,4015,正常
2016/04/18 17:26:39,33d8c4f04f2bdc397b8e7eda8a2a076d7f1f4100,1ee3919cae27089e938e15e7b97d75f59f8d8b5e,持卡人消费,学士楼商务网关,-1.5,203.04,4016,正常
2016/04/18 17:38:31,33d8c4f04f2bdc397b8e7eda8a2a076d7f1f4100,1ee3919cae27089e938e15e7b97d75f59f8d8b5e,持卡人消费,超市商务子系统,-5.0,198.04,4017,正常
2016/04/18 17:42:00,33d8c4f04f2bdc397b8e7eda8a2a076d7f1f4100,1ee3919cae27089e938e15e7b97d75f59f8d8b5e,持卡人消费,超市商务子系统,-12.4,185.64,4018,正常
2016/04/18 17:44:04,33d8c4f04f2bdc397b8e7eda8a2a076d7f1f4100,1ee3919cae27089e938e15e7b97d75f59f8d8b5e,持卡人消费,超市商务子系统,-1.7,183.94,4019,正常
2016/04/19 12:57:38,33d8c4f04f2bdc397b8e7eda8a2a076d7f1f4100,1ee3919cae27089e938e15e7b97d75f59f8d8b5e,持卡人消费,硕果园（工大商店）,-12.0,171.94,4020,正常
2016/04/20 12:56:16,33d8c4f04f2bdc397b8e7eda8a2a076d7f1f4100,1ee3919cae27089e938e15e7b97d75f59f8d8b5e,持卡人消费,学士楼商务网关,-1.5,170.44,4021,正常
2016/04/20 12:56:37,33d8c4f04f2bdc397b8e7eda8a2a076d7f1f4100,1ee3919cae27089e938e15e7b97d75f59f8d8b5e,持卡人消费,学士楼商务网关,-0.5,169.94,4022,正常
2016/04/20 12:58:09,33d8c4f04f2bdc397b8e7eda8a2a076d7f1f4100,1ee3919cae27089e938e15e7b97d75f59f8d8b5e,持卡人消费,学士楼商务网关,-2.5,167.44,4023,正常
2016/04/20 13:58:09,33d8c4f04f2bdc397b8e7eda8a2a076d7f1f4100,1ee3919cae27089e938e15e7b97d75f59f8d8b5e,持卡人消费,学士楼商务网关,-5.0,162.44,4024,正常
2016/04/20 18:59:32,33d8c4f04f2bdc397b8e7eda8a2a076d7f1f4100,1ee3919cae27089e938e15e7b97d75f59f8d8b5e,持卡人消费,学士楼商务网关,-2.5,159.94,4025,正常
2016/04/20 19:02:29,33d8c4f04f2bdc397b8e7eda8a2a076d7f1f4100,1ee3919cae27089e938e15e7b97d75f59f8d8b5e,持卡人消费,学士楼商务网关,-5.0,154.94,4026,正常
2016/04/20 19:04:09,33d8c4f04f2bdc397b8e7eda8a2a076d7f1f4100,1ee3919cae27089e938e15e7b97d75f59f8d8b5e,持卡人消费,学士楼商务网关,-2.5,152.44,4027,正常
2016/04/22 10:50:22,33d8c4f04f2bdc397b8e7eda8a2a076d7f1f4100,1ee3919cae27089e938e15e7b97d75f59f8d8b5e,持卡人消费,学士楼商务网关,-1.9,150.54,4028,正常
2016/04/23 10:57:56,33d8c4f04f2bdc397b8e7eda8a2a076d7f1f4100,1ee3919cae27089e938e15e7b97d75f59f8d8b5e,持卡人消费,学士楼商务网关,-1.9,148.64,4029,正常
2016/04/23 10:58:31,33d8c4f04f2bdc397b8e7eda8a2a076d7f1f4100,1ee3919cae27089e938e15e7b97d75f59f8d8b5e,持卡人消费,学士楼商务网关,-2.5,146.14,4030,正常
2016/04/23 16:25:13,33d8c4f04f2bdc397b8e7eda8a2a076d7f1f4100,1ee3919cae27089e938e15e7b97d75f59f8d8b5e,持卡人消费,一校区水控新,-2.0,144.14,4031,正常
2016/04/23 16:36:23,33d8c4f04f2bdc397b8e7eda8a2a076d7f1f4100,1ee3919cae27089e938e15e7b97d75f59f8d8b5e,持卡人消费,一校区水控新,-2.0,142.14,4032,正常
2016/04/23 16:39:21,33d8c4f04f2bdc397b8e7eda8a2a076d7f1f4100,1ee3919cae27089e938e15e7b97d75f59f8d8b5e,持卡人消费,一校区水控新,-0.56,141.58,4034,正常
2016/04/23 16:54:31,33d8c4f04f2bdc397b8e7eda8a2a076d7f1f4100,1ee3919cae27089e938e15e7b97d75f59f8d8b5e,持卡人消费,A7,-6.0,135.58,4035,正常
2016/04/23 17:04:03,33d8c4f04f2bdc397b8e7eda8a2a076d7f1f4100,1ee3919cae27089e938e15e7b97d75f59f8d8b5e,持卡人消费,学士楼商务网关,-3.1,132.48,4036,正常
2016/04/23 17:05:37,33d8c4f04f2bdc397b8e7eda8a2a076d7f1f4100,1ee3919cae27089e938e15e7b97d75f59f8d8b5e,持卡人消费,学士楼商务网关,-5.0,127.48,4037,正常
2016/04/23 17:28:03,33d8c4f04f2bdc397b8e7eda8a2a076d7f1f4100,1ee3919cae27089e938e15e7b97d75f59f8d8b5e,持卡人消费,超市商务子系统,-29.0,98.48,4038,正常
2016/04/24 11:17:22,33d8c4f04f2bdc397b8e7eda8a2a076d7f1f4100,1ee3919cae27089e938e15e7b97d75f59f8d8b5e,持卡人消费,学士楼商务网关,-1.9,96.58,4039,正常
2016/04/24 11:18:01,33d8c4f04f2bdc397b8e7eda8a2a076d7f1f4100,1ee3919cae27089e938e15e7b97d75f59f8d8b5e,持卡人消费,学士楼商务网关,-2.5,94.08,4040,正常
2016/04/24 17:13:59,33d8c4f04f2bdc397b8e7eda8a2a076d7f1f4100,1ee3919cae27089e938e15e7b97d75f59f8d8b5e,存款,现金充值机,200.0,294.08,4041,正常
2016/04/24 17:36:06,33d8c4f04f2bdc397b8e7eda8a2a076d7f1f4100,1ee3919cae27089e938e15e7b97d75f59f8d8b5e,持卡人消费,学苑楼商务网关,-8.0,286.08,4042,正常
2016/04/24 17:37:23,33d8c4f04f2bdc397b8e7eda8a2a076d7f1f4100,1ee3919cae27089e938e15e7b97d75f59f8d8b5e,持卡人消费,学苑楼商务网关,-6.0,280.08,4043,正常
2016/04/24 17:53:18,33d8c4f04f2bdc397b8e7eda8a2a076d7f1f4100,1ee3919cae27089e938e15e7b97d75f59f8d8b5e,持卡人消费,超市商务子系统,-17.5,262.58,4044,正常
2016/04/25 11:16:58,33d8c4f04f2bdc397b8e7eda8a2a076d7f1f4100,1ee3919cae27089e938e15e7b97d75f59f8d8b5e,持卡人消费,学士楼商务网关,-1.9,260.68,4045,正常
2016/04/25 11:18:30,33d8c4f04f2bdc397b8e7eda8a2a076d7f1f4100,1ee3919cae27089e938e15e7b97d75f59f8d8b5e,持卡人消费,学士楼商务网关,-2.5,258.18,4046,正常
2016/04/25 17:06:02,33d8c4f04f2bdc397b8e7eda8a2a076d7f1f4100,1ee3919cae27089e938e15e7b97d75f59f8d8b5e,持卡人消费,学苑楼商务网关,-8.0,250.18,4047,正常
2016/04/25 17:18:12,33d8c4f04f2bdc397b8e7eda8a2a076d7f1f4100,1ee3919cae27089e938e15e7b97d75f59f8d8b5e,持卡人消费,学士楼商务网关,-5.0,245.18,4048,正常
2016/04/26 11:05:40,33d8c4f04f2bdc397b8e7eda8a2a076d7f1f4100,1ee3919cae27089e938e15e7b97d75f59f8d8b5e,持卡人消费,硕果园（工大商店）,-13.0,232.18,4049,正常
2016/04/26 17:11:14,33d8c4f04f2bdc397b8e7eda8a2a076d7f1f4100,1ee3919cae27089e938e15e7b97d75f59f8d8b5e,持卡人消费,学士楼商务网关,-10.0,222.18,4050,正常
2016/04/27 11:36:48,33d8c4f04f2bdc397b8e7eda8a2a076d7f1f4100,1ee3919cae27089e938e15e7b97d75f59f8d8b5e,持卡人消费,学士楼商务网关,-26.2,195.98,4051,正常
2016/04/27 17:12:11,33d8c4f04f2bdc397b8e7eda8a2a076d7f1f4100,1ee3919cae27089e938e15e7b97d75f59f8d8b5e,持卡人消费,学苑楼商务网关,-7.0,188.98,4052,正常
2016/04/27 17:28:21,33d8c4f04f2bdc397b8e7eda8a2a076d7f1f4100,1ee3919cae27089e938e15e7b97d75f59f8d8b5e,持卡人消费,学苑楼商务网关,-6.0,182.98,4053,正常
2016/04/27 19:43:40,33d8c4f04f2bdc397b8e7eda8a2a076d7f1f4100,1ee3919cae27089e938e15e7b97d75f59f8d8b5e,持卡人消费,超市商务子系统,-0.6,182.38,4054,正常
2016/04/29 11:39:28,33d8c4f04f2bdc397b8e7eda8a2a076d7f1f4100,1ee3919cae27089e938e15e7b97d75f59f8d8b5e,持卡人消费,学士楼商务网关,-10.0,172.38,4055,正常
2016/04/29 12:17:10,33d8c4f04f2bdc397b8e7eda8a2a076d7f1f4100,1ee3919cae27089e938e15e7b97d75f59f8d8b5e,持卡人消费,硕果园（工大商店）,-5.0,167.38,4056,正常
2016/04/29 20:38:50,33d8c4f04f2bdc397b8e7eda8a2a076d7f1f4100,1ee3919cae27089e938e15e7b97d75f59f8d8b5e,持卡人消费,一校区水控新,-1.76,165.62,4058,正常
2016/04/29 20:46:48,33d8c4f04f2bdc397b8e7eda8a2a076d7f1f4100,1ee3919cae27089e938e15e7b97d75f59f8d8b5e,持卡人消费,一校区水控新,-1.5,164.12,4060,正常
2016/04/30 17:31:34,33d8c4f04f2bdc397b8e7eda8a2a076d7f1f4100,1ee3919cae27089e938e15e7b97d75f59f8d8b5e,持卡人消费,硕果园（工大商店）,-14.0,150.12,4061,正常
2016/04/30 17:50:33,33d8c4f04f2bdc397b8e7eda8a2a076d7f1f4100,1ee3919cae27089e938e15e7b97d75f59f8d8b5e,持卡人消费,超市商务子系统,-12.2,137.92,4062,正常
2016/04/30 17:54:14,33d8c4f04f2bdc397b8e7eda8a2a076d7f1f4100,1ee3919cae27089e938e15e7b97d75f59f8d8b5e,持卡人消费,超市商务子系统,-3.9,134.02,4063,正常
