交易发生时间,学号,姓名,交易类型,子系统名称,交易额,现有余额,次数,状态
2016/04/01 11:37:24,147b7ec9ee9827138bb37fb88d18fbb256c8aca7,1ef06c48fbd8c7dfa06aa784a23d1a05c477c037,持卡人消费,四食堂商务网关,-8.4,87.73,4256,正常
2016/04/01 11:40:13,147b7ec9ee9827138bb37fb88d18fbb256c8aca7,1ef06c48fbd8c7dfa06aa784a23d1a05c477c037,持卡人消费,四食堂商务网关,-4.0,83.73,4257,正常
2016/04/02 18:07:11,147b7ec9ee9827138bb37fb88d18fbb256c8aca7,1ef06c48fbd8c7dfa06aa784a23d1a05c477c037,持卡人消费,学子便利店B07,-3.4,80.33,4258,正常
2016/04/06 14:12:50,147b7ec9ee9827138bb37fb88d18fbb256c8aca7,1ef06c48fbd8c7dfa06aa784a23d1a05c477c037,持卡人消费,学子便利店B07,-3.8,76.53,4259,正常
2016/04/07 09:58:30,147b7ec9ee9827138bb37fb88d18fbb256c8aca7,1ef06c48fbd8c7dfa06aa784a23d1a05c477c037,持卡人消费,学子便利店B07,-8.9,67.63,4260,正常
2016/04/07 11:39:45,147b7ec9ee9827138bb37fb88d18fbb256c8aca7,1ef06c48fbd8c7dfa06aa784a23d1a05c477c037,持卡人消费,五食堂商务网关,-6.0,61.63,4261,正常
2016/04/07 17:06:48,147b7ec9ee9827138bb37fb88d18fbb256c8aca7,1ef06c48fbd8c7dfa06aa784a23d1a05c477c037,持卡人消费,九食堂商务网关,-2.0,59.63,4262,正常
2016/04/07 17:07:45,147b7ec9ee9827138bb37fb88d18fbb256c8aca7,1ef06c48fbd8c7dfa06aa784a23d1a05c477c037,持卡人消费,九食堂商务网关,-4.0,55.63,4263,正常
2016/04/07 19:21:21,147b7ec9ee9827138bb37fb88d18fbb256c8aca7,1ef06c48fbd8c7dfa06aa784a23d1a05c477c037,持卡人消费,二区水控,-0.1,55.53,4265,正常
2016/04/07 19:37:11,147b7ec9ee9827138bb37fb88d18fbb256c8aca7,1ef06c48fbd8c7dfa06aa784a23d1a05c477c037,持卡人消费,二区水控,-3.0,52.53,4266,正常
2016/04/07 19:38:13,147b7ec9ee9827138bb37fb88d18fbb256c8aca7,1ef06c48fbd8c7dfa06aa784a23d1a05c477c037,持卡人消费,二区水控,-0.19,52.34,4268,正常
2016/04/07 20:07:21,147b7ec9ee9827138bb37fb88d18fbb256c8aca7,1ef06c48fbd8c7dfa06aa784a23d1a05c477c037,持卡人消费,学子便利店B07,-0.5,51.84,4269,正常
2016/04/08 11:39:23,147b7ec9ee9827138bb37fb88d18fbb256c8aca7,1ef06c48fbd8c7dfa06aa784a23d1a05c477c037,持卡人消费,九食堂商务网关,-2.0,49.84,4270,正常
2016/04/08 11:40:06,147b7ec9ee9827138bb37fb88d18fbb256c8aca7,1ef06c48fbd8c7dfa06aa784a23d1a05c477c037,持卡人消费,九食堂商务网关,-4.0,45.84,4271,正常
2016/04/09 16:51:39,147b7ec9ee9827138bb37fb88d18fbb256c8aca7,1ef06c48fbd8c7dfa06aa784a23d1a05c477c037,持卡人消费,五食堂商务网关,-8.0,37.84,4272,正常
2016/04/10 11:40:51,147b7ec9ee9827138bb37fb88d18fbb256c8aca7,1ef06c48fbd8c7dfa06aa784a23d1a05c477c037,持卡人消费,九食堂商务网关,-3.1,34.74,4273,正常
2016/04/10 16:48:03,147b7ec9ee9827138bb37fb88d18fbb256c8aca7,1ef06c48fbd8c7dfa06aa784a23d1a05c477c037,持卡人消费,五食堂商务网关,-8.0,26.74,4274,正常
2016/04/11 11:20:14,147b7ec9ee9827138bb37fb88d18fbb256c8aca7,1ef06c48fbd8c7dfa06aa784a23d1a05c477c037,持卡人消费,九食堂商务网关,-4.0,22.74,4275,正常
2016/04/11 11:20:56,147b7ec9ee9827138bb37fb88d18fbb256c8aca7,1ef06c48fbd8c7dfa06aa784a23d1a05c477c037,持卡人消费,九食堂商务网关,-2.0,20.74,4276,正常
2016/04/11 19:14:39,147b7ec9ee9827138bb37fb88d18fbb256c8aca7,1ef06c48fbd8c7dfa06aa784a23d1a05c477c037,持卡人消费,学子便利店B07,-4.0,16.74,4277,正常
2016/04/12 10:52:44,147b7ec9ee9827138bb37fb88d18fbb256c8aca7,1ef06c48fbd8c7dfa06aa784a23d1a05c477c037,存款,现金充值机,200.0,216.74,4278,正常
2016/04/12 11:27:26,147b7ec9ee9827138bb37fb88d18fbb256c8aca7,1ef06c48fbd8c7dfa06aa784a23d1a05c477c037,持卡人消费,九食堂商务网关,-5.0,211.74,4279,正常
2016/04/12 11:28:08,147b7ec9ee9827138bb37fb88d18fbb256c8aca7,1ef06c48fbd8c7dfa06aa784a23d1a05c477c037,持卡人消费,九食堂商务网关,-1.0,210.74,4280,正常
2016/04/12 17:02:46,147b7ec9ee9827138bb37fb88d18fbb256c8aca7,1ef06c48fbd8c7dfa06aa784a23d1a05c477c037,持卡人消费,四食堂商务网关,-7.58,203.16,4281,正常
2016/04/12 21:10:24,147b7ec9ee9827138bb37fb88d18fbb256c8aca7,1ef06c48fbd8c7dfa06aa784a23d1a05c477c037,持卡人消费,学子便利店B05,-20.0,183.16,4282,正常
2016/04/12 21:11:25,147b7ec9ee9827138bb37fb88d18fbb256c8aca7,1ef06c48fbd8c7dfa06aa784a23d1a05c477c037,持卡人消费,学子便利店B05,-2.5,180.66,4283,正常
2016/04/12 21:11:51,147b7ec9ee9827138bb37fb88d18fbb256c8aca7,1ef06c48fbd8c7dfa06aa784a23d1a05c477c037,持卡人消费,学子便利店B05,-2.0,178.66,4284,正常
2016/04/13 08:14:08,147b7ec9ee9827138bb37fb88d18fbb256c8aca7,1ef06c48fbd8c7dfa06aa784a23d1a05c477c037,持卡人消费,学子便利店B07,-4.1,174.56,4285,正常
2016/04/13 11:18:10,147b7ec9ee9827138bb37fb88d18fbb256c8aca7,1ef06c48fbd8c7dfa06aa784a23d1a05c477c037,持卡人消费,五食堂商务网关,-5.0,169.56,4286,正常
2016/04/13 11:18:30,147b7ec9ee9827138bb37fb88d18fbb256c8aca7,1ef06c48fbd8c7dfa06aa784a23d1a05c477c037,持卡人消费,五食堂商务网关,-7.0,162.56,4287,正常
2016/04/13 11:31:34,147b7ec9ee9827138bb37fb88d18fbb256c8aca7,1ef06c48fbd8c7dfa06aa784a23d1a05c477c037,持卡人消费,五食堂商务网关,-2.1,160.46,4288,正常
2016/04/13 16:20:28,147b7ec9ee9827138bb37fb88d18fbb256c8aca7,1ef06c48fbd8c7dfa06aa784a23d1a05c477c037,持卡人消费,二区水控,-3.0,157.46,4289,正常
2016/04/13 16:23:57,147b7ec9ee9827138bb37fb88d18fbb256c8aca7,1ef06c48fbd8c7dfa06aa784a23d1a05c477c037,持卡人消费,二区水控,-0.66,156.80,4291,正常
2016/04/13 16:26:11,147b7ec9ee9827138bb37fb88d18fbb256c8aca7,1ef06c48fbd8c7dfa06aa784a23d1a05c477c037,持卡人消费,二区水控,-0.4,156.40,4293,正常
2016/04/13 17:12:58,147b7ec9ee9827138bb37fb88d18fbb256c8aca7,1ef06c48fbd8c7dfa06aa784a23d1a05c477c037,持卡人消费,五食堂商务网关,-6.0,150.40,4294,正常
2016/04/14 12:48:36,147b7ec9ee9827138bb37fb88d18fbb256c8aca7,1ef06c48fbd8c7dfa06aa784a23d1a05c477c037,持卡人消费,学子便利店B07,-4.8,145.60,4295,正常
2016/04/14 17:05:08,147b7ec9ee9827138bb37fb88d18fbb256c8aca7,1ef06c48fbd8c7dfa06aa784a23d1a05c477c037,持卡人消费,五食堂商务网关,-8.0,137.60,4296,正常
2016/04/14 17:06:14,147b7ec9ee9827138bb37fb88d18fbb256c8aca7,1ef06c48fbd8c7dfa06aa784a23d1a05c477c037,持卡人消费,五食堂商务网关,-5.0,132.60,4297,正常
2016/04/14 17:18:03,147b7ec9ee9827138bb37fb88d18fbb256c8aca7,1ef06c48fbd8c7dfa06aa784a23d1a05c477c037,持卡人消费,五食堂商务网关,-2.3,130.30,4298,正常
2016/04/14 21:58:40,147b7ec9ee9827138bb37fb88d18fbb256c8aca7,1ef06c48fbd8c7dfa06aa784a23d1a05c477c037,持卡人消费,学子便利店B07,-2.0,128.30,4299,正常
2016/04/14 21:59:06,147b7ec9ee9827138bb37fb88d18fbb256c8aca7,1ef06c48fbd8c7dfa06aa784a23d1a05c477c037,持卡人消费,学子便利店B07,-2.5,125.80,4300,正常
2016/04/15 08:36:58,147b7ec9ee9827138bb37fb88d18fbb256c8aca7,1ef06c48fbd8c7dfa06aa784a23d1a05c477c037,持卡人消费,学子便利店B07,-4.3,121.50,4301,正常
2016/04/15 11:03:06,147b7ec9ee9827138bb37fb88d18fbb256c8aca7,1ef06c48fbd8c7dfa06aa784a23d1a05c477c037,持卡人消费,五食堂商务网关,-5.0,116.50,4302,正常
2016/04/15 11:03:31,147b7ec9ee9827138bb37fb88d18fbb256c8aca7,1ef06c48fbd8c7dfa06aa784a23d1a05c477c037,持卡人消费,五食堂商务网关,-6.0,110.50,4303,正常
2016/04/15 16:55:54,147b7ec9ee9827138bb37fb88d18fbb256c8aca7,1ef06c48fbd8c7dfa06aa784a23d1a05c477c037,持卡人消费,五食堂商务网关,-6.0,104.50,4304,正常
2016/04/16 11:31:52,147b7ec9ee9827138bb37fb88d18fbb256c8aca7,1ef06c48fbd8c7dfa06aa784a23d1a05c477c037,持卡人消费,九食堂商务网关,-2.0,102.50,4305,正常
2016/04/16 11:32:46,147b7ec9ee9827138bb37fb88d18fbb256c8aca7,1ef06c48fbd8c7dfa06aa784a23d1a05c477c037,持卡人消费,九食堂商务网关,-4.0,98.50,4306,正常
2016/04/18 11:04:43,147b7ec9ee9827138bb37fb88d18fbb256c8aca7,1ef06c48fbd8c7dfa06aa784a23d1a05c477c037,持卡人消费,四食堂商务网关,-8.16,90.34,4307,正常
2016/04/18 17:14:58,147b7ec9ee9827138bb37fb88d18fbb256c8aca7,1ef06c48fbd8c7dfa06aa784a23d1a05c477c037,持卡人消费,九食堂商务网关,-1.65,88.69,4308,正常
2016/04/18 17:15:45,147b7ec9ee9827138bb37fb88d18fbb256c8aca7,1ef06c48fbd8c7dfa06aa784a23d1a05c477c037,持卡人消费,九食堂商务网关,-2.0,86.69,4309,正常
2016/04/18 17:17:42,147b7ec9ee9827138bb37fb88d18fbb256c8aca7,1ef06c48fbd8c7dfa06aa784a23d1a05c477c037,持卡人消费,九食堂商务网关,-0.5,86.19,4310,正常
2016/04/19 11:12:06,147b7ec9ee9827138bb37fb88d18fbb256c8aca7,1ef06c48fbd8c7dfa06aa784a23d1a05c477c037,持卡人消费,九食堂商务网关,-3.1,83.09,4311,正常
2016/04/19 15:25:50,147b7ec9ee9827138bb37fb88d18fbb256c8aca7,1ef06c48fbd8c7dfa06aa784a23d1a05c477c037,持卡人消费,学子便利店B07,-3.5,79.59,4312,正常
2016/04/19 17:09:41,147b7ec9ee9827138bb37fb88d18fbb256c8aca7,1ef06c48fbd8c7dfa06aa784a23d1a05c477c037,持卡人消费,四食堂商务网关,-8.57,71.02,4313,正常
2016/04/20 17:01:53,147b7ec9ee9827138bb37fb88d18fbb256c8aca7,1ef06c48fbd8c7dfa06aa784a23d1a05c477c037,持卡人消费,学子便利店B05,-15.0,56.02,4314,正常
2016/04/20 17:03:37,147b7ec9ee9827138bb37fb88d18fbb256c8aca7,1ef06c48fbd8c7dfa06aa784a23d1a05c477c037,持卡人消费,五食堂商务网关,-6.0,50.02,4315,正常
2016/04/20 17:04:29,147b7ec9ee9827138bb37fb88d18fbb256c8aca7,1ef06c48fbd8c7dfa06aa784a23d1a05c477c037,持卡人消费,五食堂商务网关,-6.0,44.02,4316,正常
2016/04/21 11:21:00,147b7ec9ee9827138bb37fb88d18fbb256c8aca7,1ef06c48fbd8c7dfa06aa784a23d1a05c477c037,持卡人消费,四食堂商务网关,-6.8,37.22,4317,正常
2016/04/21 17:06:03,147b7ec9ee9827138bb37fb88d18fbb256c8aca7,1ef06c48fbd8c7dfa06aa784a23d1a05c477c037,持卡人消费,四食堂商务网关,-8.3,28.92,4318,正常
2016/04/22 11:16:29,147b7ec9ee9827138bb37fb88d18fbb256c8aca7,1ef06c48fbd8c7dfa06aa784a23d1a05c477c037,持卡人消费,九食堂商务网关,-4.0,24.92,4319,正常
2016/04/22 11:18:14,147b7ec9ee9827138bb37fb88d18fbb256c8aca7,1ef06c48fbd8c7dfa06aa784a23d1a05c477c037,持卡人消费,九食堂商务网关,-1.0,23.92,4320,正常
2016/04/22 15:29:33,147b7ec9ee9827138bb37fb88d18fbb256c8aca7,1ef06c48fbd8c7dfa06aa784a23d1a05c477c037,持卡人消费,学子便利店B07,-3.9,20.02,4321,正常
2016/04/23 11:40:27,147b7ec9ee9827138bb37fb88d18fbb256c8aca7,1ef06c48fbd8c7dfa06aa784a23d1a05c477c037,持卡人消费,九食堂商务网关,-3.1,16.92,4322,正常
2016/04/23 17:38:07,147b7ec9ee9827138bb37fb88d18fbb256c8aca7,1ef06c48fbd8c7dfa06aa784a23d1a05c477c037,持卡人消费,五食堂商务网关,-8.0,8.92,4323,正常
2016/04/23 17:41:27,147b7ec9ee9827138bb37fb88d18fbb256c8aca7,1ef06c48fbd8c7dfa06aa784a23d1a05c477c037,持卡人消费,五食堂商务网关,-0.5,8.42,4324,正常
2016/04/24 14:22:12,147b7ec9ee9827138bb37fb88d18fbb256c8aca7,1ef06c48fbd8c7dfa06aa784a23d1a05c477c037,持卡人消费,二区水控,-2.81,5.61,4325,正常
2016/04/24 16:56:09,147b7ec9ee9827138bb37fb88d18fbb256c8aca7,1ef06c48fbd8c7dfa06aa784a23d1a05c477c037,存款,现金充值机,100.0,105.61,4326,正常
2016/04/24 16:58:15,147b7ec9ee9827138bb37fb88d18fbb256c8aca7,1ef06c48fbd8c7dfa06aa784a23d1a05c477c037,持卡人消费,五食堂商务网关,-5.0,100.61,4327,正常
2016/04/24 17:06:28,147b7ec9ee9827138bb37fb88d18fbb256c8aca7,1ef06c48fbd8c7dfa06aa784a23d1a05c477c037,持卡人消费,五食堂商务网关,-1.1,99.51,4328,正常
2016/04/24 17:06:43,147b7ec9ee9827138bb37fb88d18fbb256c8aca7,1ef06c48fbd8c7dfa06aa784a23d1a05c477c037,持卡人消费,五食堂商务网关,-0.7,98.81,4329,正常
2016/04/24 21:48:06,147b7ec9ee9827138bb37fb88d18fbb256c8aca7,1ef06c48fbd8c7dfa06aa784a23d1a05c477c037,持卡人消费,学子便利店B07,-2.5,96.31,4330,正常
2016/04/25 11:21:16,147b7ec9ee9827138bb37fb88d18fbb256c8aca7,1ef06c48fbd8c7dfa06aa784a23d1a05c477c037,持卡人消费,四食堂商务网关,-7.3,89.01,4331,正常
2016/04/25 16:53:41,147b7ec9ee9827138bb37fb88d18fbb256c8aca7,1ef06c48fbd8c7dfa06aa784a23d1a05c477c037,持卡人消费,五食堂商务网关,-6.0,83.01,4332,正常
2016/04/25 16:54:43,147b7ec9ee9827138bb37fb88d18fbb256c8aca7,1ef06c48fbd8c7dfa06aa784a23d1a05c477c037,持卡人消费,五食堂商务网关,-6.0,77.01,4333,正常
2016/04/25 20:53:34,147b7ec9ee9827138bb37fb88d18fbb256c8aca7,1ef06c48fbd8c7dfa06aa784a23d1a05c477c037,持卡人消费,学子便利店B07,-1.0,76.01,4334,正常
2016/04/26 11:28:31,147b7ec9ee9827138bb37fb88d18fbb256c8aca7,1ef06c48fbd8c7dfa06aa784a23d1a05c477c037,持卡人消费,五食堂商务网关,-6.0,70.01,4335,正常
2016/04/27 11:22:39,147b7ec9ee9827138bb37fb88d18fbb256c8aca7,1ef06c48fbd8c7dfa06aa784a23d1a05c477c037,持卡人消费,九食堂商务网关,-5.5,64.51,4336,正常
2016/04/28 11:50:45,147b7ec9ee9827138bb37fb88d18fbb256c8aca7,1ef06c48fbd8c7dfa06aa784a23d1a05c477c037,持卡人消费,学子便利店B07,-6.3,58.21,4337,正常
2016/04/29 14:29:23,147b7ec9ee9827138bb37fb88d18fbb256c8aca7,1ef06c48fbd8c7dfa06aa784a23d1a05c477c037,持卡人消费,学子便利店B07,-2.5,55.71,4338,正常
2016/04/29 22:09:50,147b7ec9ee9827138bb37fb88d18fbb256c8aca7,1ef06c48fbd8c7dfa06aa784a23d1a05c477c037,持卡人消费,学子便利店B07,-12.6,43.11,4339,正常
2016/04/30 17:33:18,147b7ec9ee9827138bb37fb88d18fbb256c8aca7,1ef06c48fbd8c7dfa06aa784a23d1a05c477c037,持卡人消费,五食堂商务网关,-6.0,37.11,4340,正常
2016/04/30 20:32:45,147b7ec9ee9827138bb37fb88d18fbb256c8aca7,1ef06c48fbd8c7dfa06aa784a23d1a05c477c037,持卡人消费,学子便利店B07,-6.4,30.71,4341,正常
