交易发生时间,学号,姓名,交易类型,子系统名称,交易额,现有余额,次数,状态
2016/04/16 19:11:25,57e2eb2a2b85d022956682926ac4e8b69bb42650,1f77b623574baa43de1e9403cdfda845262d3ff7,持卡人消费,超市商务子系统,-15.9,80.74,984,正常
2016/04/19 11:50:41,57e2eb2a2b85d022956682926ac4e8b69bb42650,1f77b623574baa43de1e9403cdfda845262d3ff7,持卡人消费,学苑楼商务网关,-6.0,74.74,985,正常
2016/04/19 11:58:01,57e2eb2a2b85d022956682926ac4e8b69bb42650,1f77b623574baa43de1e9403cdfda845262d3ff7,持卡人消费,学苑楼商务网关,-2.5,72.24,986,正常
2016/04/19 11:59:26,57e2eb2a2b85d022956682926ac4e8b69bb42650,1f77b623574baa43de1e9403cdfda845262d3ff7,持卡人消费,学苑楼商务网关,-5.0,67.24,987,正常
2016/04/19 12:00:36,57e2eb2a2b85d022956682926ac4e8b69bb42650,1f77b623574baa43de1e9403cdfda845262d3ff7,持卡人消费,学苑楼商务网关,-7.0,60.24,988,正常
2016/04/19 12:03:06,57e2eb2a2b85d022956682926ac4e8b69bb42650,1f77b623574baa43de1e9403cdfda845262d3ff7,持卡人消费,学苑楼商务网关,-0.5,59.74,989,正常
2016/04/19 12:03:13,57e2eb2a2b85d022956682926ac4e8b69bb42650,1f77b623574baa43de1e9403cdfda845262d3ff7,持卡人消费,学苑楼商务网关,-0.4,59.34,990,正常
2016/04/19 12:03:23,57e2eb2a2b85d022956682926ac4e8b69bb42650,1f77b623574baa43de1e9403cdfda845262d3ff7,持卡人消费,学苑楼商务网关,-2.5,56.84,991,正常
2016/04/19 12:08:15,57e2eb2a2b85d022956682926ac4e8b69bb42650,1f77b623574baa43de1e9403cdfda845262d3ff7,持卡人消费,学苑楼商务网关,-12.0,44.84,992,正常
2016/04/25 18:01:22,57e2eb2a2b85d022956682926ac4e8b69bb42650,1f77b623574baa43de1e9403cdfda845262d3ff7,持卡人消费,学苑楼商务网关,-7.5,37.34,993,正常
2016/04/25 18:06:14,57e2eb2a2b85d022956682926ac4e8b69bb42650,1f77b623574baa43de1e9403cdfda845262d3ff7,持卡人消费,学苑楼商务网关,-7.0,30.34,994,正常
2016/04/25 18:07:33,57e2eb2a2b85d022956682926ac4e8b69bb42650,1f77b623574baa43de1e9403cdfda845262d3ff7,持卡人消费,学苑楼商务网关,-2.0,28.34,995,正常
