交易发生时间,学号,姓名,交易类型,子系统名称,交易额,现有余额,次数,状态
2016/04/01 09:18:54,6d199c399bc72c4c453bdc30e93b84b09d6e0b64,1f95588ab55a0bb803b0b5c45d12e638567d790d,持卡人消费,超市商务子系统,-3.0,291.86,4648,正常
2016/04/01 12:17:45,6d199c399bc72c4c453bdc30e93b84b09d6e0b64,1f95588ab55a0bb803b0b5c45d12e638567d790d,持卡人消费,学士楼商务网关,-9.0,282.86,4649,正常
2016/04/01 12:49:52,6d199c399bc72c4c453bdc30e93b84b09d6e0b64,1f95588ab55a0bb803b0b5c45d12e638567d790d,持卡人消费,学子超市园丁总店,-1.8,281.06,4650,正常
2016/04/01 17:43:32,6d199c399bc72c4c453bdc30e93b84b09d6e0b64,1f95588ab55a0bb803b0b5c45d12e638567d790d,持卡人消费,学子超市园丁总店,-3.2,277.86,4651,正常
2016/04/02 11:32:13,6d199c399bc72c4c453bdc30e93b84b09d6e0b64,1f95588ab55a0bb803b0b5c45d12e638567d790d,持卡人消费,学士楼商务网关,-8.5,269.36,4652,正常
2016/04/02 17:10:34,6d199c399bc72c4c453bdc30e93b84b09d6e0b64,1f95588ab55a0bb803b0b5c45d12e638567d790d,持卡人消费,学子超市园丁总店,-1.2,268.16,4653,正常
2016/04/03 08:25:22,6d199c399bc72c4c453bdc30e93b84b09d6e0b64,1f95588ab55a0bb803b0b5c45d12e638567d790d,持卡人消费,超市商务子系统,-3.0,265.16,4654,正常
2016/04/03 13:50:01,6d199c399bc72c4c453bdc30e93b84b09d6e0b64,1f95588ab55a0bb803b0b5c45d12e638567d790d,持卡人消费,学子超市园丁总店,-1.2,263.96,4655,正常
2016/04/03 16:51:47,6d199c399bc72c4c453bdc30e93b84b09d6e0b64,1f95588ab55a0bb803b0b5c45d12e638567d790d,持卡人消费,学子超市园丁总店,-3.5,260.46,4656,正常
2016/04/04 08:46:47,6d199c399bc72c4c453bdc30e93b84b09d6e0b64,1f95588ab55a0bb803b0b5c45d12e638567d790d,持卡人消费,超市商务子系统,-3.5,256.96,4657,正常
2016/04/04 10:34:27,6d199c399bc72c4c453bdc30e93b84b09d6e0b64,1f95588ab55a0bb803b0b5c45d12e638567d790d,持卡人消费,学子超市园丁总店,-1.2,255.76,4658,正常
2016/04/04 13:43:56,6d199c399bc72c4c453bdc30e93b84b09d6e0b64,1f95588ab55a0bb803b0b5c45d12e638567d790d,持卡人消费,学子超市园丁总店,-1.6,254.16,4659,正常
2016/04/04 13:44:14,6d199c399bc72c4c453bdc30e93b84b09d6e0b64,1f95588ab55a0bb803b0b5c45d12e638567d790d,持卡人消费,学子超市园丁总店,-11.9,242.26,4660,正常
2016/04/04 17:15:56,6d199c399bc72c4c453bdc30e93b84b09d6e0b64,1f95588ab55a0bb803b0b5c45d12e638567d790d,持卡人消费,超市商务子系统,-16.4,225.86,4661,正常
2016/04/04 17:21:46,6d199c399bc72c4c453bdc30e93b84b09d6e0b64,1f95588ab55a0bb803b0b5c45d12e638567d790d,持卡人消费,超市商务子系统,-6.6,219.26,4662,正常
2016/04/05 17:00:45,6d199c399bc72c4c453bdc30e93b84b09d6e0b64,1f95588ab55a0bb803b0b5c45d12e638567d790d,持卡人消费,学子超市园丁总店,-1.6,217.66,4663,正常
2016/04/06 14:39:56,6d199c399bc72c4c453bdc30e93b84b09d6e0b64,1f95588ab55a0bb803b0b5c45d12e638567d790d,持卡人消费,超市商务子系统,-33.8,183.86,4664,正常
2016/04/06 14:40:00,6d199c399bc72c4c453bdc30e93b84b09d6e0b64,1f95588ab55a0bb803b0b5c45d12e638567d790d,持卡人消费,超市商务子系统,-0.2,183.66,4665,正常
2016/04/06 18:24:34,6d199c399bc72c4c453bdc30e93b84b09d6e0b64,1f95588ab55a0bb803b0b5c45d12e638567d790d,持卡人消费,学子超市园丁总店,-6.9,176.76,4666,正常
2016/04/06 18:25:39,6d199c399bc72c4c453bdc30e93b84b09d6e0b64,1f95588ab55a0bb803b0b5c45d12e638567d790d,持卡人消费,学子超市园丁总店,-4.5,172.26,4667,正常
2016/04/07 07:50:05,6d199c399bc72c4c453bdc30e93b84b09d6e0b64,1f95588ab55a0bb803b0b5c45d12e638567d790d,持卡人消费,超市商务子系统,-1.0,171.26,4668,正常
2016/04/07 13:50:13,6d199c399bc72c4c453bdc30e93b84b09d6e0b64,1f95588ab55a0bb803b0b5c45d12e638567d790d,持卡人消费,学子超市园丁总店,-7.4,163.86,4669,正常
2016/04/08 11:02:37,6d199c399bc72c4c453bdc30e93b84b09d6e0b64,1f95588ab55a0bb803b0b5c45d12e638567d790d,持卡人消费,学士楼商务网关,-8.5,155.36,4670,正常
2016/04/08 17:20:23,6d199c399bc72c4c453bdc30e93b84b09d6e0b64,1f95588ab55a0bb803b0b5c45d12e638567d790d,持卡人消费,学子超市园丁总店,-1.2,154.16,4671,正常
2016/04/09 11:38:39,6d199c399bc72c4c453bdc30e93b84b09d6e0b64,1f95588ab55a0bb803b0b5c45d12e638567d790d,持卡人消费,学子超市园丁总店,-5.8,148.36,4672,正常
2016/04/10 13:36:04,6d199c399bc72c4c453bdc30e93b84b09d6e0b64,1f95588ab55a0bb803b0b5c45d12e638567d790d,持卡人消费,学子超市园丁总店,-9.1,139.26,4673,正常
2016/04/11 11:44:44,6d199c399bc72c4c453bdc30e93b84b09d6e0b64,1f95588ab55a0bb803b0b5c45d12e638567d790d,持卡人消费,学士楼商务网关,-7.4,131.86,4674,正常
2016/04/11 12:12:32,6d199c399bc72c4c453bdc30e93b84b09d6e0b64,1f95588ab55a0bb803b0b5c45d12e638567d790d,持卡人消费,学子超市园丁总店,-6.6,125.26,4675,正常
2016/04/12 10:58:01,6d199c399bc72c4c453bdc30e93b84b09d6e0b64,1f95588ab55a0bb803b0b5c45d12e638567d790d,持卡人消费,学士楼商务网关,-12.0,113.26,4676,正常
2016/04/12 11:23:26,6d199c399bc72c4c453bdc30e93b84b09d6e0b64,1f95588ab55a0bb803b0b5c45d12e638567d790d,持卡人消费,超市商务子系统,-5.9,107.36,4677,正常
2016/04/12 11:33:25,6d199c399bc72c4c453bdc30e93b84b09d6e0b64,1f95588ab55a0bb803b0b5c45d12e638567d790d,持卡人消费,超市商务子系统,-25.3,82.06,4678,正常
2016/04/13 15:00:48,6d199c399bc72c4c453bdc30e93b84b09d6e0b64,1f95588ab55a0bb803b0b5c45d12e638567d790d,持卡人消费,学子超市园丁总店,-1.2,80.86,4679,正常
2016/04/13 17:23:03,6d199c399bc72c4c453bdc30e93b84b09d6e0b64,1f95588ab55a0bb803b0b5c45d12e638567d790d,持卡人消费,学子超市园丁总店,-11.5,69.36,4680,正常
2016/04/14 08:54:57,6d199c399bc72c4c453bdc30e93b84b09d6e0b64,1f95588ab55a0bb803b0b5c45d12e638567d790d,持卡人消费,超市商务子系统,-1.0,68.36,4681,正常
2016/04/14 11:18:02,6d199c399bc72c4c453bdc30e93b84b09d6e0b64,1f95588ab55a0bb803b0b5c45d12e638567d790d,持卡人消费,学士楼商务网关,-13.0,55.36,4682,正常
2016/04/15 08:38:21,6d199c399bc72c4c453bdc30e93b84b09d6e0b64,1f95588ab55a0bb803b0b5c45d12e638567d790d,持卡人消费,超市商务子系统,-1.0,54.36,4683,正常
2016/04/15 11:41:59,6d199c399bc72c4c453bdc30e93b84b09d6e0b64,1f95588ab55a0bb803b0b5c45d12e638567d790d,持卡人消费,学子超市园丁总店,-6.8,47.56,4684,正常
2016/04/16 12:48:53,6d199c399bc72c4c453bdc30e93b84b09d6e0b64,1f95588ab55a0bb803b0b5c45d12e638567d790d,持卡人消费,学苑楼商务网关,-1.5,46.06,4685,正常
2016/04/17 09:34:59,6d199c399bc72c4c453bdc30e93b84b09d6e0b64,1f95588ab55a0bb803b0b5c45d12e638567d790d,持卡人消费,超市商务子系统,-3.0,43.06,4686,正常
2016/04/18 07:46:57,6d199c399bc72c4c453bdc30e93b84b09d6e0b64,1f95588ab55a0bb803b0b5c45d12e638567d790d,持卡人消费,学士楼商务网关,-3.8,39.26,4687,正常
2016/04/18 18:51:41,6d199c399bc72c4c453bdc30e93b84b09d6e0b64,1f95588ab55a0bb803b0b5c45d12e638567d790d,持卡人消费,学子超市园丁总店,-8.5,30.76,4688,正常
2016/04/19 09:32:37,6d199c399bc72c4c453bdc30e93b84b09d6e0b64,1f95588ab55a0bb803b0b5c45d12e638567d790d,持卡人消费,超市商务子系统,-2.0,28.76,4689,正常
2016/04/19 11:06:42,6d199c399bc72c4c453bdc30e93b84b09d6e0b64,1f95588ab55a0bb803b0b5c45d12e638567d790d,持卡人消费,学苑楼商务网关,-5.0,23.76,4690,正常
2016/04/19 11:08:41,6d199c399bc72c4c453bdc30e93b84b09d6e0b64,1f95588ab55a0bb803b0b5c45d12e638567d790d,持卡人消费,学苑楼商务网关,-1.0,22.76,4691,正常
2016/04/19 11:10:36,6d199c399bc72c4c453bdc30e93b84b09d6e0b64,1f95588ab55a0bb803b0b5c45d12e638567d790d,持卡人消费,学苑楼商务网关,-12.0,10.76,4692,正常
2016/04/19 16:44:57,6d199c399bc72c4c453bdc30e93b84b09d6e0b64,1f95588ab55a0bb803b0b5c45d12e638567d790d,持卡人消费,学子超市园丁总店,-1.2,9.56,4693,正常
2016/04/20 21:46:28,6d199c399bc72c4c453bdc30e93b84b09d6e0b64,1f95588ab55a0bb803b0b5c45d12e638567d790d,持卡人消费,学子超市园丁总店,-0.8,8.76,4694,正常
2016/04/21 08:36:09,6d199c399bc72c4c453bdc30e93b84b09d6e0b64,1f95588ab55a0bb803b0b5c45d12e638567d790d,持卡人消费,超市商务子系统,-2.0,6.76,4695,正常
2016/04/21 12:22:00,6d199c399bc72c4c453bdc30e93b84b09d6e0b64,1f95588ab55a0bb803b0b5c45d12e638567d790d,存款,现金充值机,300.0,306.76,4696,正常
2016/04/21 12:51:40,6d199c399bc72c4c453bdc30e93b84b09d6e0b64,1f95588ab55a0bb803b0b5c45d12e638567d790d,持卡人消费,学子超市园丁总店,-1.6,305.16,4697,正常
2016/04/21 12:52:28,6d199c399bc72c4c453bdc30e93b84b09d6e0b64,1f95588ab55a0bb803b0b5c45d12e638567d790d,持卡人消费,学子超市园丁总店,-2.5,302.66,4698,正常
2016/04/21 12:59:23,6d199c399bc72c4c453bdc30e93b84b09d6e0b64,1f95588ab55a0bb803b0b5c45d12e638567d790d,持卡人消费,网络中心,-30.0,272.66,4699,正常
2016/04/22 08:44:29,6d199c399bc72c4c453bdc30e93b84b09d6e0b64,1f95588ab55a0bb803b0b5c45d12e638567d790d,持卡人消费,超市商务子系统,-1.0,271.66,4700,正常
2016/04/22 08:44:39,6d199c399bc72c4c453bdc30e93b84b09d6e0b64,1f95588ab55a0bb803b0b5c45d12e638567d790d,持卡人消费,超市商务子系统,-1.0,270.66,4701,正常
2016/04/22 11:48:06,6d199c399bc72c4c453bdc30e93b84b09d6e0b64,1f95588ab55a0bb803b0b5c45d12e638567d790d,持卡人消费,学子超市园丁总店,-1.6,269.06,4702,正常
2016/04/22 16:21:20,6d199c399bc72c4c453bdc30e93b84b09d6e0b64,1f95588ab55a0bb803b0b5c45d12e638567d790d,持卡人消费,学子超市园丁总店,-1.6,267.46,4703,正常
2016/04/22 19:47:05,6d199c399bc72c4c453bdc30e93b84b09d6e0b64,1f95588ab55a0bb803b0b5c45d12e638567d790d,持卡人消费,学子超市园丁总店,-8.5,258.96,4704,正常
2016/04/23 08:47:58,6d199c399bc72c4c453bdc30e93b84b09d6e0b64,1f95588ab55a0bb803b0b5c45d12e638567d790d,持卡人消费,超市商务子系统,-2.0,256.96,4705,正常
2016/04/23 13:10:52,6d199c399bc72c4c453bdc30e93b84b09d6e0b64,1f95588ab55a0bb803b0b5c45d12e638567d790d,持卡人消费,学子超市园丁总店,-3.2,253.76,4706,正常
2016/04/23 16:37:33,6d199c399bc72c4c453bdc30e93b84b09d6e0b64,1f95588ab55a0bb803b0b5c45d12e638567d790d,持卡人消费,超市商务子系统,-5.9,247.86,4707,正常
2016/04/23 16:47:56,6d199c399bc72c4c453bdc30e93b84b09d6e0b64,1f95588ab55a0bb803b0b5c45d12e638567d790d,持卡人消费,超市商务子系统,-27.8,220.06,4708,正常
2016/04/23 16:57:03,6d199c399bc72c4c453bdc30e93b84b09d6e0b64,1f95588ab55a0bb803b0b5c45d12e638567d790d,持卡人消费,学子超市园丁总店,-1.6,218.46,4709,正常
2016/04/24 19:19:11,6d199c399bc72c4c453bdc30e93b84b09d6e0b64,1f95588ab55a0bb803b0b5c45d12e638567d790d,持卡人消费,超市商务子系统,-13.9,204.56,4710,正常
2016/04/25 17:27:29,6d199c399bc72c4c453bdc30e93b84b09d6e0b64,1f95588ab55a0bb803b0b5c45d12e638567d790d,持卡人消费,超市商务子系统,-6.0,198.56,4711,正常
2016/04/26 14:16:49,6d199c399bc72c4c453bdc30e93b84b09d6e0b64,1f95588ab55a0bb803b0b5c45d12e638567d790d,持卡人消费,超市商务子系统,-9.0,189.56,4712,正常
2016/04/26 11:22:06,6d199c399bc72c4c453bdc30e93b84b09d6e0b64,1f95588ab55a0bb803b0b5c45d12e638567d790d,持卡人消费,学苑楼商务网关,-1.5,188.06,4713,正常
2016/04/26 11:24:13,6d199c399bc72c4c453bdc30e93b84b09d6e0b64,1f95588ab55a0bb803b0b5c45d12e638567d790d,持卡人消费,学苑楼商务网关,-8.0,180.06,4714,正常
2016/04/26 14:12:14,6d199c399bc72c4c453bdc30e93b84b09d6e0b64,1f95588ab55a0bb803b0b5c45d12e638567d790d,持卡人消费,超市商务子系统,-10.0,170.06,4715,正常
2016/04/26 14:12:14,6d199c399bc72c4c453bdc30e93b84b09d6e0b64,1f95588ab55a0bb803b0b5c45d12e638567d790d,持卡人消费,超市商务子系统,-10.0,160.06,4716,正常
2016/04/26 12:00:34,6d199c399bc72c4c453bdc30e93b84b09d6e0b64,1f95588ab55a0bb803b0b5c45d12e638567d790d,持卡人消费,超市商务子系统,-7.5,152.56,4717,正常
2016/04/26 17:38:23,6d199c399bc72c4c453bdc30e93b84b09d6e0b64,1f95588ab55a0bb803b0b5c45d12e638567d790d,持卡人消费,学子超市园丁总店,-1.6,150.96,4718,正常
2016/04/26 17:41:19,6d199c399bc72c4c453bdc30e93b84b09d6e0b64,1f95588ab55a0bb803b0b5c45d12e638567d790d,持卡人消费,学子超市园丁总店,-10.5,140.46,4719,正常
2016/04/27 08:55:00,6d199c399bc72c4c453bdc30e93b84b09d6e0b64,1f95588ab55a0bb803b0b5c45d12e638567d790d,持卡人消费,超市商务子系统,-3.0,137.46,4720,正常
2016/04/27 19:21:19,6d199c399bc72c4c453bdc30e93b84b09d6e0b64,1f95588ab55a0bb803b0b5c45d12e638567d790d,持卡人消费,学子超市园丁总店,-8.9,128.56,4721,正常
2016/04/28 07:44:33,6d199c399bc72c4c453bdc30e93b84b09d6e0b64,1f95588ab55a0bb803b0b5c45d12e638567d790d,持卡人消费,学士楼商务网关,-6.6,121.96,4722,正常
2016/04/28 12:10:42,6d199c399bc72c4c453bdc30e93b84b09d6e0b64,1f95588ab55a0bb803b0b5c45d12e638567d790d,持卡人消费,学子楼商务网关,-6.0,115.96,4723,正常
2016/04/28 12:11:51,6d199c399bc72c4c453bdc30e93b84b09d6e0b64,1f95588ab55a0bb803b0b5c45d12e638567d790d,持卡人消费,学子楼商务网关,-4.0,111.96,4724,正常
2016/04/28 12:47:38,6d199c399bc72c4c453bdc30e93b84b09d6e0b64,1f95588ab55a0bb803b0b5c45d12e638567d790d,持卡人消费,超市商务子系统,-25.0,86.96,4725,正常
2016/04/29 19:21:59,6d199c399bc72c4c453bdc30e93b84b09d6e0b64,1f95588ab55a0bb803b0b5c45d12e638567d790d,持卡人消费,15公寓浴池,-0.03,86.93,4727,正常
2016/04/29 19:32:32,6d199c399bc72c4c453bdc30e93b84b09d6e0b64,1f95588ab55a0bb803b0b5c45d12e638567d790d,持卡人消费,15公寓浴池,-2.0,84.93,4728,正常
2016/04/29 19:43:10,6d199c399bc72c4c453bdc30e93b84b09d6e0b64,1f95588ab55a0bb803b0b5c45d12e638567d790d,持卡人消费,15公寓浴池,-2.0,82.93,4729,正常
2016/04/29 19:43:59,6d199c399bc72c4c453bdc30e93b84b09d6e0b64,1f95588ab55a0bb803b0b5c45d12e638567d790d,持卡人消费,15公寓浴池,-0.05,82.88,4731,正常
2016/04/29 19:56:16,6d199c399bc72c4c453bdc30e93b84b09d6e0b64,1f95588ab55a0bb803b0b5c45d12e638567d790d,持卡人消费,15公寓浴池,-2.0,80.88,4732,正常
2016/04/30 09:18:40,6d199c399bc72c4c453bdc30e93b84b09d6e0b64,1f95588ab55a0bb803b0b5c45d12e638567d790d,持卡人消费,超市商务子系统,-3.0,77.88,4733,正常
2016/04/30 13:17:26,6d199c399bc72c4c453bdc30e93b84b09d6e0b64,1f95588ab55a0bb803b0b5c45d12e638567d790d,持卡人消费,学子超市园丁总店,-3.0,74.88,4734,正常
