交易发生时间,学号,姓名,交易类型,子系统名称,交易额,现有余额,次数,状态
2016/04/01 12:17:23,0ffa4f5e30c6e0626d2d4ef5923ca447dcbe573e,1ff158aceb40338f7c6b970cdcd6efc827f7b054,持卡人消费,学苑楼商务网关,-6.0,27.58,3969,正常
2016/04/01 21:37:02,0ffa4f5e30c6e0626d2d4ef5923ca447dcbe573e,1ff158aceb40338f7c6b970cdcd6efc827f7b054,持卡人消费,超市商务子系统,-5.8,21.78,3970,正常
2016/04/01 21:44:01,0ffa4f5e30c6e0626d2d4ef5923ca447dcbe573e,1ff158aceb40338f7c6b970cdcd6efc827f7b054,持卡人消费,超市商务子系统,-10.9,10.88,3971,正常
2016/04/03 09:16:44,0ffa4f5e30c6e0626d2d4ef5923ca447dcbe573e,1ff158aceb40338f7c6b970cdcd6efc827f7b054,持卡人消费,超市商务子系统,-2.6,8.28,3972,正常
2016/04/03 19:22:16,0ffa4f5e30c6e0626d2d4ef5923ca447dcbe573e,1ff158aceb40338f7c6b970cdcd6efc827f7b054,持卡人消费,一校区水控新,-2.0,6.28,3973,正常
2016/04/03 19:26:57,0ffa4f5e30c6e0626d2d4ef5923ca447dcbe573e,1ff158aceb40338f7c6b970cdcd6efc827f7b054,持卡人消费,一校区水控新,-0.88,5.40,3975,正常
2016/04/05 10:04:58,0ffa4f5e30c6e0626d2d4ef5923ca447dcbe573e,1ff158aceb40338f7c6b970cdcd6efc827f7b054,持卡人消费,超市商务子系统,-4.4,1.00,3976,正常
2016/04/06 10:57:00,0ffa4f5e30c6e0626d2d4ef5923ca447dcbe573e,1ff158aceb40338f7c6b970cdcd6efc827f7b054,存款,现金充值机,100.0,101.00,3977,正常
2016/04/06 11:13:47,0ffa4f5e30c6e0626d2d4ef5923ca447dcbe573e,1ff158aceb40338f7c6b970cdcd6efc827f7b054,持卡人消费,学苑楼商务网关,-9.0,92.00,3978,正常
2016/04/06 17:22:26,0ffa4f5e30c6e0626d2d4ef5923ca447dcbe573e,1ff158aceb40338f7c6b970cdcd6efc827f7b054,持卡人消费,学苑楼商务网关,-12.0,80.00,3979,正常
2016/04/06 20:04:28,0ffa4f5e30c6e0626d2d4ef5923ca447dcbe573e,1ff158aceb40338f7c6b970cdcd6efc827f7b054,持卡人消费,超市商务子系统,-17.9,62.10,3980,正常
2016/04/07 08:02:21,0ffa4f5e30c6e0626d2d4ef5923ca447dcbe573e,1ff158aceb40338f7c6b970cdcd6efc827f7b054,持卡人消费,学士楼商务网关,-2.5,59.60,3981,正常
2016/04/07 11:17:15,0ffa4f5e30c6e0626d2d4ef5923ca447dcbe573e,1ff158aceb40338f7c6b970cdcd6efc827f7b054,持卡人消费,硕果园（工大商店）,-14.0,45.60,3982,正常
2016/04/07 13:00:22,0ffa4f5e30c6e0626d2d4ef5923ca447dcbe573e,1ff158aceb40338f7c6b970cdcd6efc827f7b054,持卡人消费,超市商务子系统,-3.0,42.60,3983,正常
2016/04/07 17:40:45,0ffa4f5e30c6e0626d2d4ef5923ca447dcbe573e,1ff158aceb40338f7c6b970cdcd6efc827f7b054,持卡人消费,硕果园（工大商店）,-14.0,28.60,3984,正常
2016/04/08 08:39:11,0ffa4f5e30c6e0626d2d4ef5923ca447dcbe573e,1ff158aceb40338f7c6b970cdcd6efc827f7b054,持卡人消费,超市商务子系统,-13.9,14.70,3985,正常
2016/04/09 11:24:39,0ffa4f5e30c6e0626d2d4ef5923ca447dcbe573e,1ff158aceb40338f7c6b970cdcd6efc827f7b054,存款,现金充值机,100.0,114.70,3986,正常
2016/04/09 11:44:37,0ffa4f5e30c6e0626d2d4ef5923ca447dcbe573e,1ff158aceb40338f7c6b970cdcd6efc827f7b054,持卡人消费,学苑楼商务网关,-6.1,108.60,3987,正常
2016/04/09 13:12:11,0ffa4f5e30c6e0626d2d4ef5923ca447dcbe573e,1ff158aceb40338f7c6b970cdcd6efc827f7b054,持卡人消费,一校区水控新,-0.03,108.57,3989,正常
2016/04/09 13:21:00,0ffa4f5e30c6e0626d2d4ef5923ca447dcbe573e,1ff158aceb40338f7c6b970cdcd6efc827f7b054,持卡人消费,一校区水控新,-1.68,106.89,3991,正常
2016/04/09 13:40:13,0ffa4f5e30c6e0626d2d4ef5923ca447dcbe573e,1ff158aceb40338f7c6b970cdcd6efc827f7b054,持卡人消费,超市商务子系统,-5.8,101.09,3992,正常
2016/04/09 20:06:40,0ffa4f5e30c6e0626d2d4ef5923ca447dcbe573e,1ff158aceb40338f7c6b970cdcd6efc827f7b054,持卡人消费,超市商务子系统,-3.5,97.59,3993,正常
2016/04/10 08:37:53,0ffa4f5e30c6e0626d2d4ef5923ca447dcbe573e,1ff158aceb40338f7c6b970cdcd6efc827f7b054,持卡人消费,超市商务子系统,-3.5,94.09,3994,正常
2016/04/10 12:20:38,0ffa4f5e30c6e0626d2d4ef5923ca447dcbe573e,1ff158aceb40338f7c6b970cdcd6efc827f7b054,持卡人消费,硕果园（工大商店）,-14.0,80.09,3995,正常
2016/04/10 14:30:00,0ffa4f5e30c6e0626d2d4ef5923ca447dcbe573e,1ff158aceb40338f7c6b970cdcd6efc827f7b054,持卡人消费,超市商务子系统,-4.2,75.89,3996,正常
2016/04/10 17:09:30,0ffa4f5e30c6e0626d2d4ef5923ca447dcbe573e,1ff158aceb40338f7c6b970cdcd6efc827f7b054,持卡人消费,学苑楼商务网关,-6.0,69.89,3997,正常
2016/04/10 17:09:39,0ffa4f5e30c6e0626d2d4ef5923ca447dcbe573e,1ff158aceb40338f7c6b970cdcd6efc827f7b054,持卡人消费,学苑楼商务网关,-0.1,69.79,3998,正常
2016/04/10 19:23:00,0ffa4f5e30c6e0626d2d4ef5923ca447dcbe573e,1ff158aceb40338f7c6b970cdcd6efc827f7b054,持卡人消费,超市商务子系统,-13.1,56.69,3999,正常
2016/04/11 07:33:27,0ffa4f5e30c6e0626d2d4ef5923ca447dcbe573e,1ff158aceb40338f7c6b970cdcd6efc827f7b054,持卡人消费,学苑楼商务网关,-2.0,54.69,4000,正常
2016/04/11 07:33:34,0ffa4f5e30c6e0626d2d4ef5923ca447dcbe573e,1ff158aceb40338f7c6b970cdcd6efc827f7b054,持卡人消费,学苑楼商务网关,-0.6,54.09,4001,正常
2016/04/11 17:17:19,0ffa4f5e30c6e0626d2d4ef5923ca447dcbe573e,1ff158aceb40338f7c6b970cdcd6efc827f7b054,持卡人消费,学苑楼商务网关,-6.0,48.09,4002,正常
2016/04/11 17:34:20,0ffa4f5e30c6e0626d2d4ef5923ca447dcbe573e,1ff158aceb40338f7c6b970cdcd6efc827f7b054,持卡人消费,超市商务子系统,-8.0,40.09,4003,正常
2016/04/12 11:39:53,0ffa4f5e30c6e0626d2d4ef5923ca447dcbe573e,1ff158aceb40338f7c6b970cdcd6efc827f7b054,持卡人消费,学苑楼商务网关,-10.0,30.09,4004,正常
2016/04/12 11:40:00,0ffa4f5e30c6e0626d2d4ef5923ca447dcbe573e,1ff158aceb40338f7c6b970cdcd6efc827f7b054,持卡人消费,学苑楼商务网关,-10.0,20.09,4005,正常
2016/04/13 11:12:06,0ffa4f5e30c6e0626d2d4ef5923ca447dcbe573e,1ff158aceb40338f7c6b970cdcd6efc827f7b054,持卡人消费,学子楼商务网关,-6.0,14.09,4006,正常
2016/04/14 11:34:55,0ffa4f5e30c6e0626d2d4ef5923ca447dcbe573e,1ff158aceb40338f7c6b970cdcd6efc827f7b054,持卡人消费,学苑楼商务网关,-9.0,5.09,4007,正常
2016/04/14 11:36:13,0ffa4f5e30c6e0626d2d4ef5923ca447dcbe573e,1ff158aceb40338f7c6b970cdcd6efc827f7b054,持卡人消费,学苑楼商务网关,-5.0,0.09,4008,正常
2016/04/14 16:56:39,0ffa4f5e30c6e0626d2d4ef5923ca447dcbe573e,1ff158aceb40338f7c6b970cdcd6efc827f7b054,存款,现金充值机,100.0,100.09,4009,正常
2016/04/14 20:29:38,0ffa4f5e30c6e0626d2d4ef5923ca447dcbe573e,1ff158aceb40338f7c6b970cdcd6efc827f7b054,持卡人消费,一校区水控新,-0.02,100.07,4011,正常
2016/04/14 20:40:08,0ffa4f5e30c6e0626d2d4ef5923ca447dcbe573e,1ff158aceb40338f7c6b970cdcd6efc827f7b054,持卡人消费,一校区水控新,-2.0,98.07,4012,正常
2016/04/14 20:41:03,0ffa4f5e30c6e0626d2d4ef5923ca447dcbe573e,1ff158aceb40338f7c6b970cdcd6efc827f7b054,持卡人消费,一校区水控新,-0.16,97.91,4014,正常
2016/04/15 07:49:21,0ffa4f5e30c6e0626d2d4ef5923ca447dcbe573e,1ff158aceb40338f7c6b970cdcd6efc827f7b054,持卡人消费,学苑楼商务网关,-6.1,91.81,4015,正常
2016/04/15 11:29:24,0ffa4f5e30c6e0626d2d4ef5923ca447dcbe573e,1ff158aceb40338f7c6b970cdcd6efc827f7b054,持卡人消费,学士楼商务网关,-3.9,87.91,4016,正常
2016/04/15 11:29:45,0ffa4f5e30c6e0626d2d4ef5923ca447dcbe573e,1ff158aceb40338f7c6b970cdcd6efc827f7b054,持卡人消费,学士楼商务网关,-9.4,78.51,4017,正常
2016/04/15 17:13:05,0ffa4f5e30c6e0626d2d4ef5923ca447dcbe573e,1ff158aceb40338f7c6b970cdcd6efc827f7b054,持卡人消费,学子楼商务网关,-14.0,64.51,4018,正常
2016/04/16 11:18:21,0ffa4f5e30c6e0626d2d4ef5923ca447dcbe573e,1ff158aceb40338f7c6b970cdcd6efc827f7b054,持卡人消费,硕果园（工大商店）,-7.0,57.51,4019,正常
2016/04/16 11:22:09,0ffa4f5e30c6e0626d2d4ef5923ca447dcbe573e,1ff158aceb40338f7c6b970cdcd6efc827f7b054,持卡人消费,硕果园（工大商店）,-1.0,56.51,4020,正常
2016/04/17 20:10:00,0ffa4f5e30c6e0626d2d4ef5923ca447dcbe573e,1ff158aceb40338f7c6b970cdcd6efc827f7b054,持卡人消费,超市商务子系统,-13.5,43.01,4021,正常
2016/04/18 07:40:28,0ffa4f5e30c6e0626d2d4ef5923ca447dcbe573e,1ff158aceb40338f7c6b970cdcd6efc827f7b054,持卡人消费,学苑楼商务网关,-2.0,41.01,4022,正常
2016/04/18 09:37:31,0ffa4f5e30c6e0626d2d4ef5923ca447dcbe573e,1ff158aceb40338f7c6b970cdcd6efc827f7b054,持卡人消费,超市商务子系统,-3.5,37.51,4023,正常
2016/04/18 11:57:12,0ffa4f5e30c6e0626d2d4ef5923ca447dcbe573e,1ff158aceb40338f7c6b970cdcd6efc827f7b054,持卡人消费,硕果园（工大商店）,-10.0,27.51,4024,正常
2016/04/18 17:02:25,0ffa4f5e30c6e0626d2d4ef5923ca447dcbe573e,1ff158aceb40338f7c6b970cdcd6efc827f7b054,持卡人消费,学士楼商务网关,-3.9,23.61,4025,正常
2016/04/19 17:09:22,0ffa4f5e30c6e0626d2d4ef5923ca447dcbe573e,1ff158aceb40338f7c6b970cdcd6efc827f7b054,持卡人消费,学苑楼商务网关,-2.0,21.61,4026,正常
2016/04/19 17:09:54,0ffa4f5e30c6e0626d2d4ef5923ca447dcbe573e,1ff158aceb40338f7c6b970cdcd6efc827f7b054,持卡人消费,学苑楼商务网关,-3.0,18.61,4027,正常
2016/04/19 18:19:10,0ffa4f5e30c6e0626d2d4ef5923ca447dcbe573e,1ff158aceb40338f7c6b970cdcd6efc827f7b054,持卡人消费,一校区水控新,-1.8,16.81,4028,正常
2016/04/20 07:52:18,0ffa4f5e30c6e0626d2d4ef5923ca447dcbe573e,1ff158aceb40338f7c6b970cdcd6efc827f7b054,持卡人消费,学苑楼商务网关,-2.0,14.81,4029,正常
2016/04/20 10:46:20,0ffa4f5e30c6e0626d2d4ef5923ca447dcbe573e,1ff158aceb40338f7c6b970cdcd6efc827f7b054,持卡人消费,学苑楼商务网关,-9.0,5.81,4030,正常
2016/04/20 10:49:16,0ffa4f5e30c6e0626d2d4ef5923ca447dcbe573e,1ff158aceb40338f7c6b970cdcd6efc827f7b054,存款,现金充值机,100.0,105.81,4031,正常
2016/04/20 11:17:25,0ffa4f5e30c6e0626d2d4ef5923ca447dcbe573e,1ff158aceb40338f7c6b970cdcd6efc827f7b054,持卡人消费,超市商务子系统,-5.1,100.71,4032,正常
2016/04/20 17:19:09,0ffa4f5e30c6e0626d2d4ef5923ca447dcbe573e,1ff158aceb40338f7c6b970cdcd6efc827f7b054,持卡人消费,学苑楼商务网关,-6.1,94.61,4033,正常
2016/04/20 17:28:31,0ffa4f5e30c6e0626d2d4ef5923ca447dcbe573e,1ff158aceb40338f7c6b970cdcd6efc827f7b054,持卡人消费,超市商务子系统,-7.5,87.11,4034,正常
2016/04/22 12:43:34,0ffa4f5e30c6e0626d2d4ef5923ca447dcbe573e,1ff158aceb40338f7c6b970cdcd6efc827f7b054,持卡人消费,硕果园（工大商店）,-12.0,75.11,4035,正常
2016/04/22 15:51:40,0ffa4f5e30c6e0626d2d4ef5923ca447dcbe573e,1ff158aceb40338f7c6b970cdcd6efc827f7b054,持卡人消费,超市商务子系统,-7.5,67.61,4036,正常
2016/04/22 17:45:32,0ffa4f5e30c6e0626d2d4ef5923ca447dcbe573e,1ff158aceb40338f7c6b970cdcd6efc827f7b054,持卡人消费,学苑楼商务网关,-7.0,60.61,4037,正常
2016/04/22 17:50:30,0ffa4f5e30c6e0626d2d4ef5923ca447dcbe573e,1ff158aceb40338f7c6b970cdcd6efc827f7b054,持卡人消费,学苑楼商务网关,-0.1,60.51,4038,正常
2016/04/22 20:14:32,0ffa4f5e30c6e0626d2d4ef5923ca447dcbe573e,1ff158aceb40338f7c6b970cdcd6efc827f7b054,持卡人消费,一校区水控新,-2.0,58.51,4039,正常
2016/04/22 20:16:17,0ffa4f5e30c6e0626d2d4ef5923ca447dcbe573e,1ff158aceb40338f7c6b970cdcd6efc827f7b054,持卡人消费,一校区水控新,-0.32,58.19,4041,正常
2016/04/23 07:35:22,0ffa4f5e30c6e0626d2d4ef5923ca447dcbe573e,1ff158aceb40338f7c6b970cdcd6efc827f7b054,持卡人消费,学苑楼商务网关,-2.6,55.59,4042,正常
2016/04/23 11:24:26,0ffa4f5e30c6e0626d2d4ef5923ca447dcbe573e,1ff158aceb40338f7c6b970cdcd6efc827f7b054,持卡人消费,学苑楼商务网关,-9.0,46.59,4043,正常
2016/04/24 15:43:12,0ffa4f5e30c6e0626d2d4ef5923ca447dcbe573e,1ff158aceb40338f7c6b970cdcd6efc827f7b054,持卡人消费,超市商务子系统,-3.5,43.09,4044,正常
2016/04/24 15:53:17,0ffa4f5e30c6e0626d2d4ef5923ca447dcbe573e,1ff158aceb40338f7c6b970cdcd6efc827f7b054,持卡人消费,硕果园（工大商店）,-12.0,31.09,4045,正常
2016/04/24 20:12:47,0ffa4f5e30c6e0626d2d4ef5923ca447dcbe573e,1ff158aceb40338f7c6b970cdcd6efc827f7b054,持卡人消费,超市商务子系统,-3.5,27.59,4046,正常
2016/04/24 20:15:46,0ffa4f5e30c6e0626d2d4ef5923ca447dcbe573e,1ff158aceb40338f7c6b970cdcd6efc827f7b054,持卡人消费,超市商务子系统,-5.4,22.19,4047,正常
2016/04/25 11:50:21,0ffa4f5e30c6e0626d2d4ef5923ca447dcbe573e,1ff158aceb40338f7c6b970cdcd6efc827f7b054,持卡人消费,学苑楼商务网关,-6.1,16.09,4048,正常
2016/04/25 17:37:20,0ffa4f5e30c6e0626d2d4ef5923ca447dcbe573e,1ff158aceb40338f7c6b970cdcd6efc827f7b054,持卡人消费,学士楼商务网关,-6.6,9.49,4049,正常
2016/04/25 17:59:15,0ffa4f5e30c6e0626d2d4ef5923ca447dcbe573e,1ff158aceb40338f7c6b970cdcd6efc827f7b054,持卡人消费,超市商务子系统,-3.9,5.59,4050,正常
2016/04/27 11:23:56,0ffa4f5e30c6e0626d2d4ef5923ca447dcbe573e,1ff158aceb40338f7c6b970cdcd6efc827f7b054,存款,学苑楼综合业务3,100.0,105.59,4051,正常
2016/04/27 11:26:10,0ffa4f5e30c6e0626d2d4ef5923ca447dcbe573e,1ff158aceb40338f7c6b970cdcd6efc827f7b054,持卡人消费,学苑楼商务网关,-10.0,95.59,4052,正常
2016/04/27 17:24:31,0ffa4f5e30c6e0626d2d4ef5923ca447dcbe573e,1ff158aceb40338f7c6b970cdcd6efc827f7b054,持卡人消费,硕果园（工大商店）,-14.0,81.59,4053,正常
2016/04/28 07:48:58,0ffa4f5e30c6e0626d2d4ef5923ca447dcbe573e,1ff158aceb40338f7c6b970cdcd6efc827f7b054,持卡人消费,学苑楼商务网关,-2.6,78.99,4054,正常
2016/04/28 11:16:47,0ffa4f5e30c6e0626d2d4ef5923ca447dcbe573e,1ff158aceb40338f7c6b970cdcd6efc827f7b054,持卡人消费,学苑楼商务网关,-8.0,70.99,4055,正常
2016/04/28 11:17:12,0ffa4f5e30c6e0626d2d4ef5923ca447dcbe573e,1ff158aceb40338f7c6b970cdcd6efc827f7b054,持卡人消费,学苑楼商务网关,-6.0,64.99,4056,正常
2016/04/28 13:26:55,0ffa4f5e30c6e0626d2d4ef5923ca447dcbe573e,1ff158aceb40338f7c6b970cdcd6efc827f7b054,持卡人消费,超市商务子系统,-2.6,62.39,4057,正常
2016/04/28 16:57:35,0ffa4f5e30c6e0626d2d4ef5923ca447dcbe573e,1ff158aceb40338f7c6b970cdcd6efc827f7b054,持卡人消费,一校区水控新,-2.0,60.39,4058,正常
2016/04/28 17:00:15,0ffa4f5e30c6e0626d2d4ef5923ca447dcbe573e,1ff158aceb40338f7c6b970cdcd6efc827f7b054,持卡人消费,一校区水控新,-0.5,59.89,4060,正常
2016/04/28 19:31:09,0ffa4f5e30c6e0626d2d4ef5923ca447dcbe573e,1ff158aceb40338f7c6b970cdcd6efc827f7b054,持卡人消费,超市商务子系统,-8.6,51.29,4061,正常
2016/04/29 11:08:34,0ffa4f5e30c6e0626d2d4ef5923ca447dcbe573e,1ff158aceb40338f7c6b970cdcd6efc827f7b054,持卡人消费,硕果园（工大商店）,-14.0,37.29,4062,正常
2016/04/29 16:15:23,0ffa4f5e30c6e0626d2d4ef5923ca447dcbe573e,1ff158aceb40338f7c6b970cdcd6efc827f7b054,持卡人消费,超市商务子系统,-3.2,34.09,4063,正常
2016/04/29 16:18:06,0ffa4f5e30c6e0626d2d4ef5923ca447dcbe573e,1ff158aceb40338f7c6b970cdcd6efc827f7b054,持卡人消费,超市商务子系统,-6.1,27.99,4064,正常
2016/04/29 17:59:28,0ffa4f5e30c6e0626d2d4ef5923ca447dcbe573e,1ff158aceb40338f7c6b970cdcd6efc827f7b054,持卡人消费,学苑楼商务网关,-6.1,21.89,4065,正常
