交易发生时间,学号,姓名,交易类型,子系统名称,交易额,现有余额,次数,状态
2016/06/01 13:40:07,bc09ea8e93d5afc5f2fc8e38c5ccda1a61b3c583,00d77d6dc3be6627957713e8d559b0d8bb706e18,持卡人消费,学士楼商务网关,-3.0,82.77,3740,正常
2016/06/01 13:40:47,bc09ea8e93d5afc5f2fc8e38c5ccda1a61b3c583,00d77d6dc3be6627957713e8d559b0d8bb706e18,持卡人消费,学士楼商务网关,-2.0,80.77,3741,正常
2016/06/01 14:25:03,bc09ea8e93d5afc5f2fc8e38c5ccda1a61b3c583,00d77d6dc3be6627957713e8d559b0d8bb706e18,持卡人消费,超市商务子系统,-11.3,69.47,3742,正常
2016/06/01 20:34:13,bc09ea8e93d5afc5f2fc8e38c5ccda1a61b3c583,00d77d6dc3be6627957713e8d559b0d8bb706e18,持卡人消费,15公寓浴池,-0.56,68.91,3744,正常
2016/06/01 20:41:16,bc09ea8e93d5afc5f2fc8e38c5ccda1a61b3c583,00d77d6dc3be6627957713e8d559b0d8bb706e18,持卡人消费,15公寓浴池,-1.22,67.69,3746,正常
2016/06/01 20:45:55,bc09ea8e93d5afc5f2fc8e38c5ccda1a61b3c583,00d77d6dc3be6627957713e8d559b0d8bb706e18,持卡人消费,15公寓浴池,-0.8,66.89,3748,正常
2016/06/03 11:24:45,bc09ea8e93d5afc5f2fc8e38c5ccda1a61b3c583,00d77d6dc3be6627957713e8d559b0d8bb706e18,持卡人消费,学苑楼商务网关,-1.0,65.89,3749,正常
2016/06/03 11:24:53,bc09ea8e93d5afc5f2fc8e38c5ccda1a61b3c583,00d77d6dc3be6627957713e8d559b0d8bb706e18,持卡人消费,学苑楼商务网关,-0.5,65.39,3750,正常
2016/06/03 11:26:14,bc09ea8e93d5afc5f2fc8e38c5ccda1a61b3c583,00d77d6dc3be6627957713e8d559b0d8bb706e18,持卡人消费,学苑楼商务网关,-0.4,64.99,3751,正常
2016/06/03 11:38:03,bc09ea8e93d5afc5f2fc8e38c5ccda1a61b3c583,00d77d6dc3be6627957713e8d559b0d8bb706e18,持卡人消费,超市商务子系统,-9.5,55.49,3752,正常
2016/06/03 20:36:52,bc09ea8e93d5afc5f2fc8e38c5ccda1a61b3c583,00d77d6dc3be6627957713e8d559b0d8bb706e18,持卡人消费,15公寓浴池,-0.53,54.96,3754,正常
2016/06/03 20:38:56,bc09ea8e93d5afc5f2fc8e38c5ccda1a61b3c583,00d77d6dc3be6627957713e8d559b0d8bb706e18,持卡人消费,15公寓浴池,-0.32,54.64,3756,正常
2016/06/03 20:43:07,bc09ea8e93d5afc5f2fc8e38c5ccda1a61b3c583,00d77d6dc3be6627957713e8d559b0d8bb706e18,持卡人消费,15公寓浴池,-0.7,53.94,3758,正常
2016/06/05 11:35:46,bc09ea8e93d5afc5f2fc8e38c5ccda1a61b3c583,00d77d6dc3be6627957713e8d559b0d8bb706e18,持卡人消费,学苑楼商务网关,-8.0,45.94,3759,正常
2016/06/05 11:39:04,bc09ea8e93d5afc5f2fc8e38c5ccda1a61b3c583,00d77d6dc3be6627957713e8d559b0d8bb706e18,持卡人消费,学苑楼商务网关,-0.5,45.44,3760,正常
2016/06/05 13:45:28,bc09ea8e93d5afc5f2fc8e38c5ccda1a61b3c583,00d77d6dc3be6627957713e8d559b0d8bb706e18,持卡人消费,超市商务子系统,-3.6,41.84,3761,正常
2016/06/05 20:32:05,bc09ea8e93d5afc5f2fc8e38c5ccda1a61b3c583,00d77d6dc3be6627957713e8d559b0d8bb706e18,持卡人消费,15公寓浴池,-0.11,41.73,3763,正常
2016/06/05 20:35:08,bc09ea8e93d5afc5f2fc8e38c5ccda1a61b3c583,00d77d6dc3be6627957713e8d559b0d8bb706e18,持卡人消费,15公寓浴池,-0.56,41.17,3765,正常
2016/06/05 20:38:06,bc09ea8e93d5afc5f2fc8e38c5ccda1a61b3c583,00d77d6dc3be6627957713e8d559b0d8bb706e18,持卡人消费,15公寓浴池,-0.51,40.66,3767,正常
2016/06/06 09:32:15,bc09ea8e93d5afc5f2fc8e38c5ccda1a61b3c583,00d77d6dc3be6627957713e8d559b0d8bb706e18,持卡人消费,学士楼商务网关,-2.0,38.66,3768,正常
2016/06/06 09:32:25,bc09ea8e93d5afc5f2fc8e38c5ccda1a61b3c583,00d77d6dc3be6627957713e8d559b0d8bb706e18,持卡人消费,学士楼商务网关,-0.6,38.06,3769,正常
2016/06/06 14:06:46,bc09ea8e93d5afc5f2fc8e38c5ccda1a61b3c583,00d77d6dc3be6627957713e8d559b0d8bb706e18,持卡人消费,学士楼商务网关,-2.0,36.06,3770,正常
2016/06/06 14:08:09,bc09ea8e93d5afc5f2fc8e38c5ccda1a61b3c583,00d77d6dc3be6627957713e8d559b0d8bb706e18,持卡人消费,学士楼商务网关,-1.5,34.56,3771,正常
2016/06/07 11:43:02,bc09ea8e93d5afc5f2fc8e38c5ccda1a61b3c583,00d77d6dc3be6627957713e8d559b0d8bb706e18,持卡人消费,学苑楼商务网关,-1.5,33.06,3772,正常
2016/06/07 11:44:12,bc09ea8e93d5afc5f2fc8e38c5ccda1a61b3c583,00d77d6dc3be6627957713e8d559b0d8bb706e18,持卡人消费,学苑楼商务网关,-2.7,30.36,3773,正常
2016/06/07 11:58:54,bc09ea8e93d5afc5f2fc8e38c5ccda1a61b3c583,00d77d6dc3be6627957713e8d559b0d8bb706e18,持卡人消费,超市商务子系统,-6.7,23.66,3774,正常
2016/06/08 13:34:58,bc09ea8e93d5afc5f2fc8e38c5ccda1a61b3c583,00d77d6dc3be6627957713e8d559b0d8bb706e18,持卡人消费,学士楼商务网关,-1.5,22.16,3775,正常
2016/06/08 13:35:54,bc09ea8e93d5afc5f2fc8e38c5ccda1a61b3c583,00d77d6dc3be6627957713e8d559b0d8bb706e18,持卡人消费,学士楼商务网关,-2.0,20.16,3776,正常
2016/06/08 13:53:25,bc09ea8e93d5afc5f2fc8e38c5ccda1a61b3c583,00d77d6dc3be6627957713e8d559b0d8bb706e18,持卡人消费,超市商务子系统,-2.0,18.16,3777,正常
2016/06/08 20:45:17,bc09ea8e93d5afc5f2fc8e38c5ccda1a61b3c583,00d77d6dc3be6627957713e8d559b0d8bb706e18,持卡人消费,15公寓浴池,-0.58,17.58,3779,正常
2016/06/08 20:54:43,bc09ea8e93d5afc5f2fc8e38c5ccda1a61b3c583,00d77d6dc3be6627957713e8d559b0d8bb706e18,持卡人消费,15公寓浴池,-1.71,15.87,3781,正常
2016/06/09 07:49:15,bc09ea8e93d5afc5f2fc8e38c5ccda1a61b3c583,00d77d6dc3be6627957713e8d559b0d8bb706e18,持卡人消费,学士楼商务网关,-1.8,14.07,3782,正常
2016/06/09 07:49:50,bc09ea8e93d5afc5f2fc8e38c5ccda1a61b3c583,00d77d6dc3be6627957713e8d559b0d8bb706e18,持卡人消费,学士楼商务网关,-0.6,13.47,3783,正常
2016/06/09 07:50:40,bc09ea8e93d5afc5f2fc8e38c5ccda1a61b3c583,00d77d6dc3be6627957713e8d559b0d8bb706e18,持卡人消费,学士楼商务网关,-2.0,11.47,3784,正常
2016/06/09 07:52:03,bc09ea8e93d5afc5f2fc8e38c5ccda1a61b3c583,00d77d6dc3be6627957713e8d559b0d8bb706e18,持卡人消费,学士楼商务网关,-0.2,11.27,3785,正常
2016/06/09 08:06:00,bc09ea8e93d5afc5f2fc8e38c5ccda1a61b3c583,00d77d6dc3be6627957713e8d559b0d8bb706e18,持卡人消费,学士楼商务网关,-1.5,9.77,3786,正常
2016/06/09 08:06:08,bc09ea8e93d5afc5f2fc8e38c5ccda1a61b3c583,00d77d6dc3be6627957713e8d559b0d8bb706e18,持卡人消费,学士楼商务网关,-2.1,7.67,3787,正常
2016/06/09 17:48:44,bc09ea8e93d5afc5f2fc8e38c5ccda1a61b3c583,00d77d6dc3be6627957713e8d559b0d8bb706e18,持卡人消费,学士楼商务网关,-3.4,4.27,3788,正常
2016/06/10 20:11:59,bc09ea8e93d5afc5f2fc8e38c5ccda1a61b3c583,00d77d6dc3be6627957713e8d559b0d8bb706e18,持卡人消费,15公寓浴池,-0.03,4.24,3790,正常
2016/06/10 20:14:22,bc09ea8e93d5afc5f2fc8e38c5ccda1a61b3c583,00d77d6dc3be6627957713e8d559b0d8bb706e18,持卡人消费,15公寓浴池,-0.45,3.79,3792,正常
2016/06/10 20:21:03,bc09ea8e93d5afc5f2fc8e38c5ccda1a61b3c583,00d77d6dc3be6627957713e8d559b0d8bb706e18,持卡人消费,15公寓浴池,-1.14,2.65,3794,正常
2016/06/11 11:30:51,bc09ea8e93d5afc5f2fc8e38c5ccda1a61b3c583,00d77d6dc3be6627957713e8d559b0d8bb706e18,存款,学苑楼综合业务2,100.0,102.65,3795,正常
2016/06/11 11:33:50,bc09ea8e93d5afc5f2fc8e38c5ccda1a61b3c583,00d77d6dc3be6627957713e8d559b0d8bb706e18,持卡人消费,学士楼商务网关,-3.0,99.65,3796,正常
2016/06/11 11:35:20,bc09ea8e93d5afc5f2fc8e38c5ccda1a61b3c583,00d77d6dc3be6627957713e8d559b0d8bb706e18,持卡人消费,学士楼商务网关,-2.0,97.65,3797,正常
2016/06/11 20:47:15,bc09ea8e93d5afc5f2fc8e38c5ccda1a61b3c583,00d77d6dc3be6627957713e8d559b0d8bb706e18,持卡人消费,15公寓浴池,-1.01,96.64,3799,正常
2016/06/12 10:56:30,bc09ea8e93d5afc5f2fc8e38c5ccda1a61b3c583,00d77d6dc3be6627957713e8d559b0d8bb706e18,持卡人消费,学士楼商务网关,-1.5,95.14,3800,正常
2016/06/12 10:57:11,bc09ea8e93d5afc5f2fc8e38c5ccda1a61b3c583,00d77d6dc3be6627957713e8d559b0d8bb706e18,持卡人消费,学士楼商务网关,-3.0,92.14,3801,正常
2016/06/13 11:33:41,bc09ea8e93d5afc5f2fc8e38c5ccda1a61b3c583,00d77d6dc3be6627957713e8d559b0d8bb706e18,持卡人消费,学苑楼商务网关,-3.9,88.24,3802,正常
2016/06/13 11:45:44,bc09ea8e93d5afc5f2fc8e38c5ccda1a61b3c583,00d77d6dc3be6627957713e8d559b0d8bb706e18,持卡人消费,超市商务子系统,-5.8,82.44,3803,正常
2016/06/13 20:40:47,bc09ea8e93d5afc5f2fc8e38c5ccda1a61b3c583,00d77d6dc3be6627957713e8d559b0d8bb706e18,持卡人消费,15公寓浴池,-0.5,81.94,3805,正常
2016/06/13 20:51:48,bc09ea8e93d5afc5f2fc8e38c5ccda1a61b3c583,00d77d6dc3be6627957713e8d559b0d8bb706e18,持卡人消费,15公寓浴池,-2.0,79.94,3806,正常
2016/06/13 20:52:39,bc09ea8e93d5afc5f2fc8e38c5ccda1a61b3c583,00d77d6dc3be6627957713e8d559b0d8bb706e18,持卡人消费,15公寓浴池,-0.14,79.80,3808,正常
2016/06/14 12:49:08,bc09ea8e93d5afc5f2fc8e38c5ccda1a61b3c583,00d77d6dc3be6627957713e8d559b0d8bb706e18,持卡人消费,学士楼商务网关,-3.4,76.40,3809,正常
2016/06/15 11:48:38,bc09ea8e93d5afc5f2fc8e38c5ccda1a61b3c583,00d77d6dc3be6627957713e8d559b0d8bb706e18,持卡人消费,学苑楼商务网关,-8.0,68.40,3810,正常
2016/06/16 13:51:01,bc09ea8e93d5afc5f2fc8e38c5ccda1a61b3c583,00d77d6dc3be6627957713e8d559b0d8bb706e18,持卡人消费,学士楼商务网关,-7.0,61.40,3811,正常
2016/06/16 14:04:44,bc09ea8e93d5afc5f2fc8e38c5ccda1a61b3c583,00d77d6dc3be6627957713e8d559b0d8bb706e18,持卡人消费,学士楼商务网关,-4.0,57.40,3812,正常
2016/06/16 17:30:34,bc09ea8e93d5afc5f2fc8e38c5ccda1a61b3c583,00d77d6dc3be6627957713e8d559b0d8bb706e18,持卡人消费,学苑楼商务网关,-3.5,53.90,3813,正常
2016/06/16 17:31:08,bc09ea8e93d5afc5f2fc8e38c5ccda1a61b3c583,00d77d6dc3be6627957713e8d559b0d8bb706e18,持卡人消费,学苑楼商务网关,-1.6,52.30,3814,正常
2016/06/16 17:48:49,bc09ea8e93d5afc5f2fc8e38c5ccda1a61b3c583,00d77d6dc3be6627957713e8d559b0d8bb706e18,持卡人消费,超市商务子系统,-8.0,44.30,3815,正常
2016/06/17 10:53:47,bc09ea8e93d5afc5f2fc8e38c5ccda1a61b3c583,00d77d6dc3be6627957713e8d559b0d8bb706e18,持卡人消费,网络中心,-30.0,14.30,3816,正常
2016/06/17 12:59:09,bc09ea8e93d5afc5f2fc8e38c5ccda1a61b3c583,00d77d6dc3be6627957713e8d559b0d8bb706e18,持卡人消费,学士楼商务网关,-4.0,10.30,3817,正常
2016/06/17 12:59:54,bc09ea8e93d5afc5f2fc8e38c5ccda1a61b3c583,00d77d6dc3be6627957713e8d559b0d8bb706e18,持卡人消费,学士楼商务网关,-1.5,8.80,3818,正常
2016/06/17 18:45:01,bc09ea8e93d5afc5f2fc8e38c5ccda1a61b3c583,00d77d6dc3be6627957713e8d559b0d8bb706e18,持卡人消费,学士楼商务网关,-3.0,5.80,3819,正常
2016/06/17 18:45:31,bc09ea8e93d5afc5f2fc8e38c5ccda1a61b3c583,00d77d6dc3be6627957713e8d559b0d8bb706e18,持卡人消费,学士楼商务网关,-1.3,4.50,3820,正常
2016/06/18 11:31:19,bc09ea8e93d5afc5f2fc8e38c5ccda1a61b3c583,00d77d6dc3be6627957713e8d559b0d8bb706e18,存款,卡中心综合业务,100.0,104.50,3821,正常
2016/06/18 11:32:15,bc09ea8e93d5afc5f2fc8e38c5ccda1a61b3c583,00d77d6dc3be6627957713e8d559b0d8bb706e18,持卡人消费,学苑楼商务网关,-2.5,102.00,3822,正常
2016/06/18 11:32:27,bc09ea8e93d5afc5f2fc8e38c5ccda1a61b3c583,00d77d6dc3be6627957713e8d559b0d8bb706e18,持卡人消费,学苑楼商务网关,-0.5,101.50,3823,正常
2016/06/18 11:33:29,bc09ea8e93d5afc5f2fc8e38c5ccda1a61b3c583,00d77d6dc3be6627957713e8d559b0d8bb706e18,持卡人消费,学苑楼商务网关,-1.5,100.00,3824,正常
2016/06/18 11:51:00,bc09ea8e93d5afc5f2fc8e38c5ccda1a61b3c583,00d77d6dc3be6627957713e8d559b0d8bb706e18,持卡人消费,超市商务子系统,-7.3,92.70,3825,正常
2016/06/18 17:35:21,bc09ea8e93d5afc5f2fc8e38c5ccda1a61b3c583,00d77d6dc3be6627957713e8d559b0d8bb706e18,持卡人消费,学苑楼商务网关,-1.6,91.10,3826,正常
2016/06/18 17:36:43,bc09ea8e93d5afc5f2fc8e38c5ccda1a61b3c583,00d77d6dc3be6627957713e8d559b0d8bb706e18,持卡人消费,学苑楼商务网关,-0.5,90.60,3827,正常
2016/06/19 07:40:18,bc09ea8e93d5afc5f2fc8e38c5ccda1a61b3c583,00d77d6dc3be6627957713e8d559b0d8bb706e18,持卡人消费,学士楼商务网关,-0.5,90.10,3828,正常
2016/06/19 07:41:04,bc09ea8e93d5afc5f2fc8e38c5ccda1a61b3c583,00d77d6dc3be6627957713e8d559b0d8bb706e18,持卡人消费,学士楼商务网关,-1.6,88.50,3829,正常
2016/06/19 12:11:43,bc09ea8e93d5afc5f2fc8e38c5ccda1a61b3c583,00d77d6dc3be6627957713e8d559b0d8bb706e18,持卡人消费,学士楼商务网关,-3.0,85.50,3830,正常
2016/06/19 20:38:20,bc09ea8e93d5afc5f2fc8e38c5ccda1a61b3c583,00d77d6dc3be6627957713e8d559b0d8bb706e18,持卡人消费,15公寓浴池,-0.48,85.02,3832,正常
2016/06/19 20:45:06,bc09ea8e93d5afc5f2fc8e38c5ccda1a61b3c583,00d77d6dc3be6627957713e8d559b0d8bb706e18,持卡人消费,15公寓浴池,-1.2,83.82,3834,正常
2016/06/19 20:52:30,bc09ea8e93d5afc5f2fc8e38c5ccda1a61b3c583,00d77d6dc3be6627957713e8d559b0d8bb706e18,持卡人消费,15公寓浴池,-1.34,82.48,3836,正常
2016/06/20 11:45:56,bc09ea8e93d5afc5f2fc8e38c5ccda1a61b3c583,00d77d6dc3be6627957713e8d559b0d8bb706e18,持卡人消费,学苑楼商务网关,-3.0,79.48,3837,正常
2016/06/20 11:46:04,bc09ea8e93d5afc5f2fc8e38c5ccda1a61b3c583,00d77d6dc3be6627957713e8d559b0d8bb706e18,持卡人消费,学苑楼商务网关,-0.4,79.08,3838,正常
2016/06/20 12:20:01,bc09ea8e93d5afc5f2fc8e38c5ccda1a61b3c583,00d77d6dc3be6627957713e8d559b0d8bb706e18,持卡人消费,超市商务子系统,-2.9,76.18,3839,正常
2016/06/20 12:22:44,bc09ea8e93d5afc5f2fc8e38c5ccda1a61b3c583,00d77d6dc3be6627957713e8d559b0d8bb706e18,持卡人消费,超市商务子系统,-12.8,63.38,3840,正常
2016/06/20 12:22:58,bc09ea8e93d5afc5f2fc8e38c5ccda1a61b3c583,00d77d6dc3be6627957713e8d559b0d8bb706e18,持卡人消费,超市商务子系统,-0.2,63.18,3841,正常
2016/06/20 20:33:45,bc09ea8e93d5afc5f2fc8e38c5ccda1a61b3c583,00d77d6dc3be6627957713e8d559b0d8bb706e18,持卡人消费,15公寓浴池,-0.46,62.72,3843,正常
2016/06/20 20:35:50,bc09ea8e93d5afc5f2fc8e38c5ccda1a61b3c583,00d77d6dc3be6627957713e8d559b0d8bb706e18,持卡人消费,15公寓浴池,-0.27,62.45,3845,正常
2016/06/20 20:41:15,bc09ea8e93d5afc5f2fc8e38c5ccda1a61b3c583,00d77d6dc3be6627957713e8d559b0d8bb706e18,持卡人消费,15公寓浴池,-0.94,61.51,3847,正常
2016/06/21 11:48:28,bc09ea8e93d5afc5f2fc8e38c5ccda1a61b3c583,00d77d6dc3be6627957713e8d559b0d8bb706e18,持卡人消费,学苑楼商务网关,-4.4,57.11,3848,正常
2016/06/21 12:01:18,bc09ea8e93d5afc5f2fc8e38c5ccda1a61b3c583,00d77d6dc3be6627957713e8d559b0d8bb706e18,持卡人消费,超市商务子系统,-4.1,53.01,3849,正常
2016/06/22 10:36:17,bc09ea8e93d5afc5f2fc8e38c5ccda1a61b3c583,00d77d6dc3be6627957713e8d559b0d8bb706e18,持卡人消费,学士楼商务网关,-2.0,51.01,3850,正常
2016/06/22 11:32:02,bc09ea8e93d5afc5f2fc8e38c5ccda1a61b3c583,00d77d6dc3be6627957713e8d559b0d8bb706e18,持卡人消费,超市商务子系统,-7.0,44.01,3851,正常
2016/06/22 20:09:21,bc09ea8e93d5afc5f2fc8e38c5ccda1a61b3c583,00d77d6dc3be6627957713e8d559b0d8bb706e18,持卡人消费,15公寓浴池,-0.51,43.50,3853,正常
2016/06/22 20:11:45,bc09ea8e93d5afc5f2fc8e38c5ccda1a61b3c583,00d77d6dc3be6627957713e8d559b0d8bb706e18,持卡人消费,15公寓浴池,-0.37,43.13,3855,正常
2016/06/22 20:13:12,bc09ea8e93d5afc5f2fc8e38c5ccda1a61b3c583,00d77d6dc3be6627957713e8d559b0d8bb706e18,持卡人消费,15公寓浴池,-0.22,42.91,3857,正常
2016/06/22 20:16:51,bc09ea8e93d5afc5f2fc8e38c5ccda1a61b3c583,00d77d6dc3be6627957713e8d559b0d8bb706e18,持卡人消费,15公寓浴池,-0.27,42.64,3859,正常
2016/06/22 20:20:49,bc09ea8e93d5afc5f2fc8e38c5ccda1a61b3c583,00d77d6dc3be6627957713e8d559b0d8bb706e18,持卡人消费,15公寓浴池,-0.51,42.13,3861,正常
2016/06/22 20:25:05,bc09ea8e93d5afc5f2fc8e38c5ccda1a61b3c583,00d77d6dc3be6627957713e8d559b0d8bb706e18,持卡人消费,15公寓浴池,-0.72,41.41,3863,正常
2016/06/23 09:35:18,bc09ea8e93d5afc5f2fc8e38c5ccda1a61b3c583,00d77d6dc3be6627957713e8d559b0d8bb706e18,持卡人消费,网络中心,-30.0,11.41,3864,正常
2016/06/24 10:27:17,bc09ea8e93d5afc5f2fc8e38c5ccda1a61b3c583,00d77d6dc3be6627957713e8d559b0d8bb706e18,持卡人消费,学士楼商务网关,-2.0,9.41,3865,正常
2016/06/24 10:28:02,bc09ea8e93d5afc5f2fc8e38c5ccda1a61b3c583,00d77d6dc3be6627957713e8d559b0d8bb706e18,持卡人消费,学士楼商务网关,-1.3,8.11,3866,正常
2016/06/24 10:28:16,bc09ea8e93d5afc5f2fc8e38c5ccda1a61b3c583,00d77d6dc3be6627957713e8d559b0d8bb706e18,持卡人消费,学士楼商务网关,-3.1,5.01,3867,正常
2016/06/24 10:29:00,bc09ea8e93d5afc5f2fc8e38c5ccda1a61b3c583,00d77d6dc3be6627957713e8d559b0d8bb706e18,持卡人消费,学士楼商务网关,-0.2,4.81,3868,正常
2016/06/24 16:41:06,bc09ea8e93d5afc5f2fc8e38c5ccda1a61b3c583,00d77d6dc3be6627957713e8d559b0d8bb706e18,存款,学苑楼综合业务3,100.0,104.81,3869,正常
2016/06/24 16:44:24,bc09ea8e93d5afc5f2fc8e38c5ccda1a61b3c583,00d77d6dc3be6627957713e8d559b0d8bb706e18,持卡人消费,学苑楼商务网关,-10.0,94.81,3870,正常
2016/06/24 16:45:35,bc09ea8e93d5afc5f2fc8e38c5ccda1a61b3c583,00d77d6dc3be6627957713e8d559b0d8bb706e18,持卡人消费,学苑楼商务网关,-6.0,88.81,3871,正常
2016/06/24 17:09:58,bc09ea8e93d5afc5f2fc8e38c5ccda1a61b3c583,00d77d6dc3be6627957713e8d559b0d8bb706e18,持卡人消费,超市商务子系统,-6.3,82.51,3872,正常
2016/06/25 12:54:26,bc09ea8e93d5afc5f2fc8e38c5ccda1a61b3c583,00d77d6dc3be6627957713e8d559b0d8bb706e18,持卡人消费,学士楼商务网关,-0.2,82.31,3873,正常
2016/06/25 12:54:50,bc09ea8e93d5afc5f2fc8e38c5ccda1a61b3c583,00d77d6dc3be6627957713e8d559b0d8bb706e18,持卡人消费,学士楼商务网关,-1.0,81.31,3874,正常
2016/06/25 12:55:46,bc09ea8e93d5afc5f2fc8e38c5ccda1a61b3c583,00d77d6dc3be6627957713e8d559b0d8bb706e18,持卡人消费,学士楼商务网关,-3.0,78.31,3875,正常
2016/06/25 17:56:15,bc09ea8e93d5afc5f2fc8e38c5ccda1a61b3c583,00d77d6dc3be6627957713e8d559b0d8bb706e18,持卡人消费,硕果园（工大商店）,-3.4,74.91,3876,正常
2016/06/25 20:35:25,bc09ea8e93d5afc5f2fc8e38c5ccda1a61b3c583,00d77d6dc3be6627957713e8d559b0d8bb706e18,持卡人消费,15公寓浴池,-0.1,74.81,3878,正常
2016/06/25 20:37:14,bc09ea8e93d5afc5f2fc8e38c5ccda1a61b3c583,00d77d6dc3be6627957713e8d559b0d8bb706e18,持卡人消费,15公寓浴池,-0.06,74.75,3880,正常
2016/06/25 20:39:59,bc09ea8e93d5afc5f2fc8e38c5ccda1a61b3c583,00d77d6dc3be6627957713e8d559b0d8bb706e18,持卡人消费,15公寓浴池,-0.48,74.27,3882,正常
2016/06/25 20:48:31,bc09ea8e93d5afc5f2fc8e38c5ccda1a61b3c583,00d77d6dc3be6627957713e8d559b0d8bb706e18,持卡人消费,15公寓浴池,-1.47,72.80,3884,正常
2016/06/26 11:46:01,bc09ea8e93d5afc5f2fc8e38c5ccda1a61b3c583,00d77d6dc3be6627957713e8d559b0d8bb706e18,持卡人消费,学士楼商务网关,-3.4,69.40,3885,正常
2016/06/26 12:16:10,bc09ea8e93d5afc5f2fc8e38c5ccda1a61b3c583,00d77d6dc3be6627957713e8d559b0d8bb706e18,持卡人消费,超市商务子系统,-5.7,63.70,3886,正常
2016/06/26 17:35:42,bc09ea8e93d5afc5f2fc8e38c5ccda1a61b3c583,00d77d6dc3be6627957713e8d559b0d8bb706e18,持卡人消费,15公寓浴池,-0.34,63.36,3888,正常
2016/06/26 17:43:39,bc09ea8e93d5afc5f2fc8e38c5ccda1a61b3c583,00d77d6dc3be6627957713e8d559b0d8bb706e18,持卡人消费,15公寓浴池,-1.28,62.08,3890,正常
2016/06/27 11:36:59,bc09ea8e93d5afc5f2fc8e38c5ccda1a61b3c583,00d77d6dc3be6627957713e8d559b0d8bb706e18,持卡人消费,学士楼商务网关,-6.0,56.08,3891,正常
2016/06/27 11:37:42,bc09ea8e93d5afc5f2fc8e38c5ccda1a61b3c583,00d77d6dc3be6627957713e8d559b0d8bb706e18,持卡人消费,学士楼商务网关,-0.4,55.68,3892,正常
2016/06/27 20:36:10,bc09ea8e93d5afc5f2fc8e38c5ccda1a61b3c583,00d77d6dc3be6627957713e8d559b0d8bb706e18,持卡人消费,15公寓浴池,-0.02,55.66,3894,正常
2016/06/27 20:36:21,bc09ea8e93d5afc5f2fc8e38c5ccda1a61b3c583,00d77d6dc3be6627957713e8d559b0d8bb706e18,持卡人消费,15公寓浴池,-0.02,55.64,3896,正常
2016/06/27 20:37:07,bc09ea8e93d5afc5f2fc8e38c5ccda1a61b3c583,00d77d6dc3be6627957713e8d559b0d8bb706e18,持卡人消费,15公寓浴池,-0.03,55.61,3898,正常
2016/06/27 20:39:53,bc09ea8e93d5afc5f2fc8e38c5ccda1a61b3c583,00d77d6dc3be6627957713e8d559b0d8bb706e18,持卡人消费,15公寓浴池,-0.45,55.16,3900,正常
2016/06/27 20:50:48,bc09ea8e93d5afc5f2fc8e38c5ccda1a61b3c583,00d77d6dc3be6627957713e8d559b0d8bb706e18,持卡人消费,15公寓浴池,-2.0,53.16,3901,正常
2016/06/28 12:59:01,bc09ea8e93d5afc5f2fc8e38c5ccda1a61b3c583,00d77d6dc3be6627957713e8d559b0d8bb706e18,持卡人消费,学士楼商务网关,-2.6,50.56,3902,正常
2016/06/28 13:01:39,bc09ea8e93d5afc5f2fc8e38c5ccda1a61b3c583,00d77d6dc3be6627957713e8d559b0d8bb706e18,持卡人消费,学士楼商务网关,-1.5,49.06,3903,正常
2016/06/28 13:15:24,bc09ea8e93d5afc5f2fc8e38c5ccda1a61b3c583,00d77d6dc3be6627957713e8d559b0d8bb706e18,持卡人消费,超市商务子系统,-11.4,37.66,3904,正常
2016/06/28 13:16:32,bc09ea8e93d5afc5f2fc8e38c5ccda1a61b3c583,00d77d6dc3be6627957713e8d559b0d8bb706e18,持卡人消费,超市商务子系统,-2.5,35.16,3905,正常
2016/06/28 20:39:27,bc09ea8e93d5afc5f2fc8e38c5ccda1a61b3c583,00d77d6dc3be6627957713e8d559b0d8bb706e18,持卡人消费,15公寓浴池,-0.51,34.65,3907,正常
2016/06/28 20:41:42,bc09ea8e93d5afc5f2fc8e38c5ccda1a61b3c583,00d77d6dc3be6627957713e8d559b0d8bb706e18,持卡人消费,15公寓浴池,-0.29,34.36,3909,正常
2016/06/28 20:45:49,bc09ea8e93d5afc5f2fc8e38c5ccda1a61b3c583,00d77d6dc3be6627957713e8d559b0d8bb706e18,持卡人消费,15公寓浴池,-0.72,33.64,3911,正常
2016/06/29 11:18:01,bc09ea8e93d5afc5f2fc8e38c5ccda1a61b3c583,00d77d6dc3be6627957713e8d559b0d8bb706e18,持卡人消费,学士楼商务网关,-1.5,32.14,3912,正常
2016/06/29 11:18:09,bc09ea8e93d5afc5f2fc8e38c5ccda1a61b3c583,00d77d6dc3be6627957713e8d559b0d8bb706e18,持卡人消费,学士楼商务网关,-1.5,30.64,3913,正常
2016/06/29 11:19:12,bc09ea8e93d5afc5f2fc8e38c5ccda1a61b3c583,00d77d6dc3be6627957713e8d559b0d8bb706e18,持卡人消费,学士楼商务网关,-2.5,28.14,3914,正常
2016/06/29 11:20:06,bc09ea8e93d5afc5f2fc8e38c5ccda1a61b3c583,00d77d6dc3be6627957713e8d559b0d8bb706e18,持卡人消费,学士楼商务网关,-2.0,26.14,3915,正常
2016/06/29 16:00:43,bc09ea8e93d5afc5f2fc8e38c5ccda1a61b3c583,00d77d6dc3be6627957713e8d559b0d8bb706e18,持卡人消费,学苑楼商务网关,-3.7,22.44,3916,正常
2016/06/29 16:10:23,bc09ea8e93d5afc5f2fc8e38c5ccda1a61b3c583,00d77d6dc3be6627957713e8d559b0d8bb706e18,持卡人消费,硕果园（工大商店）,-7.0,15.44,3917,正常
2016/06/29 20:36:36,bc09ea8e93d5afc5f2fc8e38c5ccda1a61b3c583,00d77d6dc3be6627957713e8d559b0d8bb706e18,持卡人消费,15公寓浴池,-0.59,14.85,3919,正常
2016/06/29 20:37:31,bc09ea8e93d5afc5f2fc8e38c5ccda1a61b3c583,00d77d6dc3be6627957713e8d559b0d8bb706e18,持卡人消费,15公寓浴池,-0.11,14.74,3921,正常
2016/06/29 20:41:33,bc09ea8e93d5afc5f2fc8e38c5ccda1a61b3c583,00d77d6dc3be6627957713e8d559b0d8bb706e18,持卡人消费,15公寓浴池,-0.66,14.08,3923,正常
