交易发生时间,学号,姓名,交易类型,子系统名称,交易额,现有余额,次数,状态
2016/06/02 18:53:24,8859963c65bb245364f27c4e69e32166ab5fcd5f,02467d302defb005ec9af95b12419765b5b6d8c7,持卡人消费,学子便利店A01后楼,-1.4,11.32,3527,正常
2016/06/04 13:39:14,8859963c65bb245364f27c4e69e32166ab5fcd5f,02467d302defb005ec9af95b12419765b5b6d8c7,持卡人消费,15公寓浴池,-2.0,9.32,3528,正常
2016/06/04 13:42:28,8859963c65bb245364f27c4e69e32166ab5fcd5f,02467d302defb005ec9af95b12419765b5b6d8c7,持卡人消费,15公寓浴池,-0.61,8.71,3530,正常
2016/06/04 13:46:47,8859963c65bb245364f27c4e69e32166ab5fcd5f,02467d302defb005ec9af95b12419765b5b6d8c7,持卡人消费,15公寓浴池,-0.4,8.31,3532,正常
2016/06/04 13:55:19,8859963c65bb245364f27c4e69e32166ab5fcd5f,02467d302defb005ec9af95b12419765b5b6d8c7,持卡人消费,学子便利店A01后楼,-7.0,1.31,3533,正常
2016/06/08 12:36:16,8859963c65bb245364f27c4e69e32166ab5fcd5f,02467d302defb005ec9af95b12419765b5b6d8c7,持卡人消费,学子便利店A01后楼,-0.8,0.51,3534,正常
2016/06/12 18:30:49,8859963c65bb245364f27c4e69e32166ab5fcd5f,02467d302defb005ec9af95b12419765b5b6d8c7,持卡人消费,学子便利店A01后楼,-0.1,0.41,3535,正常
2016/06/18 13:58:36,8859963c65bb245364f27c4e69e32166ab5fcd5f,02467d302defb005ec9af95b12419765b5b6d8c7,存款,现金充值机,100.0,100.41,3536,正常
2016/06/18 19:58:46,8859963c65bb245364f27c4e69e32166ab5fcd5f,02467d302defb005ec9af95b12419765b5b6d8c7,持卡人消费,学子便利店A01后楼,-6.0,94.41,3537,正常
2016/06/18 19:58:49,8859963c65bb245364f27c4e69e32166ab5fcd5f,02467d302defb005ec9af95b12419765b5b6d8c7,持卡人消费,学子便利店A01后楼,-0.9,93.51,3538,正常
2016/06/19 10:56:35,8859963c65bb245364f27c4e69e32166ab5fcd5f,02467d302defb005ec9af95b12419765b5b6d8c7,持卡人消费,硕果园（工大商店）,-6.0,87.51,3539,正常
2016/06/19 10:57:04,8859963c65bb245364f27c4e69e32166ab5fcd5f,02467d302defb005ec9af95b12419765b5b6d8c7,持卡人消费,硕果园（工大商店）,-6.0,81.51,3540,正常
2016/06/19 17:15:03,8859963c65bb245364f27c4e69e32166ab5fcd5f,02467d302defb005ec9af95b12419765b5b6d8c7,持卡人消费,硕果园（工大商店）,-7.0,74.51,3541,正常
2016/06/19 17:15:33,8859963c65bb245364f27c4e69e32166ab5fcd5f,02467d302defb005ec9af95b12419765b5b6d8c7,持卡人消费,硕果园（工大商店）,-5.0,69.51,3542,正常
2016/06/19 22:04:36,8859963c65bb245364f27c4e69e32166ab5fcd5f,02467d302defb005ec9af95b12419765b5b6d8c7,持卡人消费,学子便利店A01后楼,-4.2,65.31,3543,正常
2016/06/20 07:58:08,8859963c65bb245364f27c4e69e32166ab5fcd5f,02467d302defb005ec9af95b12419765b5b6d8c7,持卡人消费,学子便利店A01后楼,-10.9,54.41,3544,正常
2016/06/20 08:37:44,8859963c65bb245364f27c4e69e32166ab5fcd5f,02467d302defb005ec9af95b12419765b5b6d8c7,持卡人消费,学子便利店A01后楼,-2.7,51.71,3545,正常
2016/06/20 14:31:10,8859963c65bb245364f27c4e69e32166ab5fcd5f,02467d302defb005ec9af95b12419765b5b6d8c7,持卡人消费,A1,-4.6,47.11,3546,正常
2016/06/20 20:54:01,8859963c65bb245364f27c4e69e32166ab5fcd5f,02467d302defb005ec9af95b12419765b5b6d8c7,持卡人消费,学子便利店A01后楼,-7.8,39.31,3547,正常
2016/06/21 08:50:20,8859963c65bb245364f27c4e69e32166ab5fcd5f,02467d302defb005ec9af95b12419765b5b6d8c7,持卡人消费,硕果园（工大商店）,-6.0,33.31,3548,正常
2016/06/21 12:56:44,8859963c65bb245364f27c4e69e32166ab5fcd5f,02467d302defb005ec9af95b12419765b5b6d8c7,持卡人消费,硕果园（工大商店）,-11.0,22.31,3549,正常
2016/06/22 12:13:59,8859963c65bb245364f27c4e69e32166ab5fcd5f,02467d302defb005ec9af95b12419765b5b6d8c7,持卡人消费,学苑楼商务网关,-2.6,19.71,3550,正常
2016/06/22 21:36:02,8859963c65bb245364f27c4e69e32166ab5fcd5f,02467d302defb005ec9af95b12419765b5b6d8c7,持卡人消费,学子便利店A01后楼,-7.7,12.01,3551,正常
2016/06/23 17:38:50,8859963c65bb245364f27c4e69e32166ab5fcd5f,02467d302defb005ec9af95b12419765b5b6d8c7,持卡人消费,学子便利店A01后楼,-2.7,9.31,3552,正常
2016/06/23 19:29:22,8859963c65bb245364f27c4e69e32166ab5fcd5f,02467d302defb005ec9af95b12419765b5b6d8c7,持卡人消费,15公寓浴池,-1.84,7.47,3554,正常
2016/06/23 19:33:03,8859963c65bb245364f27c4e69e32166ab5fcd5f,02467d302defb005ec9af95b12419765b5b6d8c7,持卡人消费,15公寓浴池,-0.29,7.18,3556,正常
2016/06/23 19:34:19,8859963c65bb245364f27c4e69e32166ab5fcd5f,02467d302defb005ec9af95b12419765b5b6d8c7,持卡人消费,15公寓浴池,-0.22,6.96,3558,正常
2016/06/23 19:47:38,8859963c65bb245364f27c4e69e32166ab5fcd5f,02467d302defb005ec9af95b12419765b5b6d8c7,持卡人消费,学子便利店A01后楼,-0.6,6.36,3559,正常
2016/06/27 18:40:55,8859963c65bb245364f27c4e69e32166ab5fcd5f,02467d302defb005ec9af95b12419765b5b6d8c7,持卡人消费,学子便利店A01后楼,-0.6,5.76,3560,正常
2016/06/27 20:25:04,8859963c65bb245364f27c4e69e32166ab5fcd5f,02467d302defb005ec9af95b12419765b5b6d8c7,持卡人消费,学子便利店A01后楼,-0.3,5.46,3561,正常
2016/06/27 20:25:12,8859963c65bb245364f27c4e69e32166ab5fcd5f,02467d302defb005ec9af95b12419765b5b6d8c7,持卡人消费,学子便利店A01后楼,-0.1,5.36,3562,正常
