交易发生时间,学号,姓名,交易类型,子系统名称,交易额,现有余额,次数,状态
2016/06/01 09:07:52,1f04cdd2423dc2099d5187cba2b4f1d715cb0f38,03c6ab535e6abe9d059fb6f83e19c4acfa178333,持卡人消费,学士楼商务网关,-2.5,73.81,3918,正常
2016/06/01 09:08:42,1f04cdd2423dc2099d5187cba2b4f1d715cb0f38,03c6ab535e6abe9d059fb6f83e19c4acfa178333,持卡人消费,学士楼商务网关,-0.6,73.21,3919,正常
2016/06/01 12:26:10,1f04cdd2423dc2099d5187cba2b4f1d715cb0f38,03c6ab535e6abe9d059fb6f83e19c4acfa178333,持卡人消费,学士楼商务网关,-4.2,69.01,3920,正常
2016/06/01 14:22:51,1f04cdd2423dc2099d5187cba2b4f1d715cb0f38,03c6ab535e6abe9d059fb6f83e19c4acfa178333,持卡人消费,15公寓浴池,-2.0,67.01,3921,正常
2016/06/01 14:28:07,1f04cdd2423dc2099d5187cba2b4f1d715cb0f38,03c6ab535e6abe9d059fb6f83e19c4acfa178333,持卡人消费,15公寓浴池,-0.72,66.29,3923,正常
2016/06/01 17:17:13,1f04cdd2423dc2099d5187cba2b4f1d715cb0f38,03c6ab535e6abe9d059fb6f83e19c4acfa178333,持卡人消费,学苑楼商务网关,-7.0,59.29,3924,正常
2016/06/02 08:32:36,1f04cdd2423dc2099d5187cba2b4f1d715cb0f38,03c6ab535e6abe9d059fb6f83e19c4acfa178333,持卡人消费,学士楼商务网关,-2.9,56.39,3925,正常
2016/06/02 18:43:29,1f04cdd2423dc2099d5187cba2b4f1d715cb0f38,03c6ab535e6abe9d059fb6f83e19c4acfa178333,持卡人消费,硕果园（工大商店）,-9.0,47.39,3926,正常
2016/06/04 03:33:09,1f04cdd2423dc2099d5187cba2b4f1d715cb0f38,03c6ab535e6abe9d059fb6f83e19c4acfa178333,持卡人消费,学士楼商务网关,-2.2,45.19,3927,正常
2016/06/03 11:24:09,1f04cdd2423dc2099d5187cba2b4f1d715cb0f38,03c6ab535e6abe9d059fb6f83e19c4acfa178333,持卡人消费,学士楼商务网关,-5.0,40.19,3928,正常
2016/06/03 17:18:39,1f04cdd2423dc2099d5187cba2b4f1d715cb0f38,03c6ab535e6abe9d059fb6f83e19c4acfa178333,持卡人消费,学士楼商务网关,-5.02,35.17,3929,正常
2016/06/03 17:50:16,1f04cdd2423dc2099d5187cba2b4f1d715cb0f38,03c6ab535e6abe9d059fb6f83e19c4acfa178333,持卡人消费,身份前置机,-0.08,35.09,3930,正常
2016/06/04 08:54:51,1f04cdd2423dc2099d5187cba2b4f1d715cb0f38,03c6ab535e6abe9d059fb6f83e19c4acfa178333,持卡人消费,学士楼商务网关,-3.1,31.99,3931,正常
2016/06/04 08:55:04,1f04cdd2423dc2099d5187cba2b4f1d715cb0f38,03c6ab535e6abe9d059fb6f83e19c4acfa178333,持卡人消费,学士楼商务网关,-2.2,29.79,3932,正常
2016/06/05 09:05:16,1f04cdd2423dc2099d5187cba2b4f1d715cb0f38,03c6ab535e6abe9d059fb6f83e19c4acfa178333,持卡人消费,学士楼商务网关,-3.5,26.29,3933,正常
2016/06/05 09:05:18,1f04cdd2423dc2099d5187cba2b4f1d715cb0f38,03c6ab535e6abe9d059fb6f83e19c4acfa178333,持卡人消费,学士楼商务网关,-0.3,25.99,3934,正常
2016/06/05 09:05:44,1f04cdd2423dc2099d5187cba2b4f1d715cb0f38,03c6ab535e6abe9d059fb6f83e19c4acfa178333,持卡人消费,学士楼商务网关,-2.2,23.79,3935,正常
2016/06/05 09:06:58,1f04cdd2423dc2099d5187cba2b4f1d715cb0f38,03c6ab535e6abe9d059fb6f83e19c4acfa178333,持卡人消费,学士楼商务网关,-0.6,23.19,3936,正常
2016/06/05 14:10:29,1f04cdd2423dc2099d5187cba2b4f1d715cb0f38,03c6ab535e6abe9d059fb6f83e19c4acfa178333,持卡人消费,学士楼商务网关,-3.6,19.59,3937,正常
2016/06/05 14:10:45,1f04cdd2423dc2099d5187cba2b4f1d715cb0f38,03c6ab535e6abe9d059fb6f83e19c4acfa178333,持卡人消费,学士楼商务网关,-7.1,12.49,3938,正常
2016/06/05 17:40:39,1f04cdd2423dc2099d5187cba2b4f1d715cb0f38,03c6ab535e6abe9d059fb6f83e19c4acfa178333,持卡人消费,学士楼商务网关,-5.0,7.49,3939,正常
2016/06/05 17:41:00,1f04cdd2423dc2099d5187cba2b4f1d715cb0f38,03c6ab535e6abe9d059fb6f83e19c4acfa178333,持卡人消费,学士楼商务网关,-0.6,6.89,3940,正常
2016/06/05 18:45:55,1f04cdd2423dc2099d5187cba2b4f1d715cb0f38,03c6ab535e6abe9d059fb6f83e19c4acfa178333,持卡人消费,15公寓浴池,-2.0,4.89,3941,正常
2016/06/05 18:48:45,1f04cdd2423dc2099d5187cba2b4f1d715cb0f38,03c6ab535e6abe9d059fb6f83e19c4acfa178333,持卡人消费,15公寓浴池,-0.35,4.54,3943,正常
2016/06/06 12:33:30,1f04cdd2423dc2099d5187cba2b4f1d715cb0f38,03c6ab535e6abe9d059fb6f83e19c4acfa178333,存款,现金充值机,100.0,104.54,3944,正常
2016/06/06 17:15:07,1f04cdd2423dc2099d5187cba2b4f1d715cb0f38,03c6ab535e6abe9d059fb6f83e19c4acfa178333,持卡人消费,学士楼商务网关,-5.6,98.94,3945,正常
2016/06/07 08:18:21,1f04cdd2423dc2099d5187cba2b4f1d715cb0f38,03c6ab535e6abe9d059fb6f83e19c4acfa178333,持卡人消费,学士楼商务网关,-2.6,96.34,3946,正常
2016/06/07 17:32:38,1f04cdd2423dc2099d5187cba2b4f1d715cb0f38,03c6ab535e6abe9d059fb6f83e19c4acfa178333,持卡人消费,学士楼商务网关,-3.8,92.54,3947,正常
2016/06/08 08:19:06,1f04cdd2423dc2099d5187cba2b4f1d715cb0f38,03c6ab535e6abe9d059fb6f83e19c4acfa178333,持卡人消费,学士楼商务网关,-1.9,90.64,3948,正常
2016/06/08 11:26:24,1f04cdd2423dc2099d5187cba2b4f1d715cb0f38,03c6ab535e6abe9d059fb6f83e19c4acfa178333,持卡人消费,学苑楼商务网关,-2.5,88.14,3949,正常
2016/06/09 08:24:05,1f04cdd2423dc2099d5187cba2b4f1d715cb0f38,03c6ab535e6abe9d059fb6f83e19c4acfa178333,持卡人消费,学士楼商务网关,-2.2,85.94,3950,正常
2016/06/09 11:50:25,1f04cdd2423dc2099d5187cba2b4f1d715cb0f38,03c6ab535e6abe9d059fb6f83e19c4acfa178333,持卡人消费,学士楼商务网关,-4.0,81.94,3951,正常
2016/06/09 11:51:05,1f04cdd2423dc2099d5187cba2b4f1d715cb0f38,03c6ab535e6abe9d059fb6f83e19c4acfa178333,持卡人消费,学士楼商务网关,-0.8,81.14,3952,正常
2016/06/10 11:59:59,1f04cdd2423dc2099d5187cba2b4f1d715cb0f38,03c6ab535e6abe9d059fb6f83e19c4acfa178333,持卡人消费,学士楼商务网关,-2.8,78.34,3953,正常
2016/06/10 17:45:51,1f04cdd2423dc2099d5187cba2b4f1d715cb0f38,03c6ab535e6abe9d059fb6f83e19c4acfa178333,持卡人消费,学士楼商务网关,-4.0,74.34,3954,正常
2016/06/10 17:46:32,1f04cdd2423dc2099d5187cba2b4f1d715cb0f38,03c6ab535e6abe9d059fb6f83e19c4acfa178333,持卡人消费,学士楼商务网关,-0.8,73.54,3955,正常
2016/06/11 11:41:32,1f04cdd2423dc2099d5187cba2b4f1d715cb0f38,03c6ab535e6abe9d059fb6f83e19c4acfa178333,持卡人消费,硕果园（工大商店）,-7.0,66.54,3956,正常
2016/06/11 11:42:30,1f04cdd2423dc2099d5187cba2b4f1d715cb0f38,03c6ab535e6abe9d059fb6f83e19c4acfa178333,持卡人消费,硕果园（工大商店）,-12.0,54.54,3957,正常
2016/06/11 12:04:58,1f04cdd2423dc2099d5187cba2b4f1d715cb0f38,03c6ab535e6abe9d059fb6f83e19c4acfa178333,持卡人消费,硕果园（工大商店）,-5.7,48.84,3958,正常
2016/06/11 17:37:07,1f04cdd2423dc2099d5187cba2b4f1d715cb0f38,03c6ab535e6abe9d059fb6f83e19c4acfa178333,持卡人消费,学士楼商务网关,-2.0,46.84,3959,正常
2016/06/12 08:59:20,1f04cdd2423dc2099d5187cba2b4f1d715cb0f38,03c6ab535e6abe9d059fb6f83e19c4acfa178333,持卡人消费,学士楼商务网关,-3.2,43.64,3960,正常
2016/06/12 17:37:03,1f04cdd2423dc2099d5187cba2b4f1d715cb0f38,03c6ab535e6abe9d059fb6f83e19c4acfa178333,持卡人消费,学士楼商务网关,-3.3,40.34,3961,正常
2016/06/12 17:37:23,1f04cdd2423dc2099d5187cba2b4f1d715cb0f38,03c6ab535e6abe9d059fb6f83e19c4acfa178333,持卡人消费,学士楼商务网关,-3.0,37.34,3962,正常
2016/06/12 17:38:39,1f04cdd2423dc2099d5187cba2b4f1d715cb0f38,03c6ab535e6abe9d059fb6f83e19c4acfa178333,持卡人消费,学士楼商务网关,-2.0,35.34,3963,正常
2016/06/13 08:51:42,1f04cdd2423dc2099d5187cba2b4f1d715cb0f38,03c6ab535e6abe9d059fb6f83e19c4acfa178333,持卡人消费,学士楼商务网关,-4.4,30.94,3964,正常
2016/06/13 08:51:57,1f04cdd2423dc2099d5187cba2b4f1d715cb0f38,03c6ab535e6abe9d059fb6f83e19c4acfa178333,持卡人消费,学士楼商务网关,-2.0,28.94,3965,正常
2016/06/13 08:52:51,1f04cdd2423dc2099d5187cba2b4f1d715cb0f38,03c6ab535e6abe9d059fb6f83e19c4acfa178333,持卡人消费,学士楼商务网关,-0.2,28.74,3966,正常
2016/06/13 08:53:12,1f04cdd2423dc2099d5187cba2b4f1d715cb0f38,03c6ab535e6abe9d059fb6f83e19c4acfa178333,持卡人消费,学士楼商务网关,-0.6,28.14,3967,正常
2016/06/13 17:22:07,1f04cdd2423dc2099d5187cba2b4f1d715cb0f38,03c6ab535e6abe9d059fb6f83e19c4acfa178333,持卡人消费,学士楼商务网关,-5.1,23.04,3968,正常
2016/06/13 20:24:46,1f04cdd2423dc2099d5187cba2b4f1d715cb0f38,03c6ab535e6abe9d059fb6f83e19c4acfa178333,持卡人消费,一校区水控新,-1.88,21.16,3969,正常
2016/06/13 20:26:36,1f04cdd2423dc2099d5187cba2b4f1d715cb0f38,03c6ab535e6abe9d059fb6f83e19c4acfa178333,持卡人消费,一校区水控新,-0.33,20.83,3970,正常
2016/06/13 20:30:38,1f04cdd2423dc2099d5187cba2b4f1d715cb0f38,03c6ab535e6abe9d059fb6f83e19c4acfa178333,持卡人消费,一校区水控新,-0.4,20.43,3971,正常
2016/06/14 08:51:24,1f04cdd2423dc2099d5187cba2b4f1d715cb0f38,03c6ab535e6abe9d059fb6f83e19c4acfa178333,持卡人消费,学士楼商务网关,-2.3,18.13,3972,正常
2016/06/14 18:19:19,1f04cdd2423dc2099d5187cba2b4f1d715cb0f38,03c6ab535e6abe9d059fb6f83e19c4acfa178333,持卡人消费,硕果园（工大商店）,-12.0,6.13,3973,正常
2016/06/15 08:34:42,1f04cdd2423dc2099d5187cba2b4f1d715cb0f38,03c6ab535e6abe9d059fb6f83e19c4acfa178333,持卡人消费,学士楼商务网关,-2.2,3.93,3974,正常
2016/06/15 08:34:46,1f04cdd2423dc2099d5187cba2b4f1d715cb0f38,03c6ab535e6abe9d059fb6f83e19c4acfa178333,持卡人消费,学士楼商务网关,-0.4,3.53,3975,正常
2016/06/15 11:26:21,1f04cdd2423dc2099d5187cba2b4f1d715cb0f38,03c6ab535e6abe9d059fb6f83e19c4acfa178333,持卡人消费,学士楼商务网关,-2.2,1.33,3976,正常
2016/06/15 17:15:41,1f04cdd2423dc2099d5187cba2b4f1d715cb0f38,03c6ab535e6abe9d059fb6f83e19c4acfa178333,持卡人消费,学士楼商务网关,-0.6,0.73,3977,正常
2016/06/15 17:15:49,1f04cdd2423dc2099d5187cba2b4f1d715cb0f38,03c6ab535e6abe9d059fb6f83e19c4acfa178333,持卡人消费,学士楼商务网关,-0.2,0.53,3978,正常
2016/06/16 07:40:23,1f04cdd2423dc2099d5187cba2b4f1d715cb0f38,03c6ab535e6abe9d059fb6f83e19c4acfa178333,存款,现金充值机,100.0,100.53,3979,正常
2016/06/16 08:03:28,1f04cdd2423dc2099d5187cba2b4f1d715cb0f38,03c6ab535e6abe9d059fb6f83e19c4acfa178333,持卡人消费,学苑楼商务网关,-2.9,97.63,3980,正常
2016/06/16 11:38:35,1f04cdd2423dc2099d5187cba2b4f1d715cb0f38,03c6ab535e6abe9d059fb6f83e19c4acfa178333,持卡人消费,学士楼商务网关,-5.6,92.03,3981,正常
2016/06/16 17:04:42,1f04cdd2423dc2099d5187cba2b4f1d715cb0f38,03c6ab535e6abe9d059fb6f83e19c4acfa178333,持卡人消费,硕果园（工大商店）,-9.0,83.03,3982,正常
2016/06/17 08:20:44,1f04cdd2423dc2099d5187cba2b4f1d715cb0f38,03c6ab535e6abe9d059fb6f83e19c4acfa178333,持卡人消费,学士楼商务网关,-1.9,81.13,3983,正常
2016/06/17 11:19:26,1f04cdd2423dc2099d5187cba2b4f1d715cb0f38,03c6ab535e6abe9d059fb6f83e19c4acfa178333,持卡人消费,学士楼商务网关,-5.6,75.53,3984,正常
2016/06/17 17:28:51,1f04cdd2423dc2099d5187cba2b4f1d715cb0f38,03c6ab535e6abe9d059fb6f83e19c4acfa178333,持卡人消费,学苑楼商务网关,-8.0,67.53,3985,正常
2016/06/18 08:58:50,1f04cdd2423dc2099d5187cba2b4f1d715cb0f38,03c6ab535e6abe9d059fb6f83e19c4acfa178333,持卡人消费,学士楼商务网关,-1.9,65.63,3986,正常
2016/06/18 08:59:28,1f04cdd2423dc2099d5187cba2b4f1d715cb0f38,03c6ab535e6abe9d059fb6f83e19c4acfa178333,持卡人消费,学士楼商务网关,-0.6,65.03,3987,正常
2016/06/18 12:09:45,1f04cdd2423dc2099d5187cba2b4f1d715cb0f38,03c6ab535e6abe9d059fb6f83e19c4acfa178333,持卡人消费,学士楼商务网关,-6.8,58.23,3988,正常
2016/06/18 12:27:02,1f04cdd2423dc2099d5187cba2b4f1d715cb0f38,03c6ab535e6abe9d059fb6f83e19c4acfa178333,持卡人消费,超市商务子系统,-2.9,55.33,3989,正常
2016/06/18 17:40:43,1f04cdd2423dc2099d5187cba2b4f1d715cb0f38,03c6ab535e6abe9d059fb6f83e19c4acfa178333,持卡人消费,硕果园（工大商店）,-9.0,46.33,3990,正常
2016/06/19 11:49:33,1f04cdd2423dc2099d5187cba2b4f1d715cb0f38,03c6ab535e6abe9d059fb6f83e19c4acfa178333,持卡人消费,学士楼商务网关,-8.5,37.83,3991,正常
2016/06/19 14:25:35,1f04cdd2423dc2099d5187cba2b4f1d715cb0f38,03c6ab535e6abe9d059fb6f83e19c4acfa178333,持卡人消费,15公寓浴池,-2.0,35.83,3992,正常
2016/06/19 14:25:40,1f04cdd2423dc2099d5187cba2b4f1d715cb0f38,03c6ab535e6abe9d059fb6f83e19c4acfa178333,持卡人消费,15公寓浴池,-2.0,35.83,3993,正常
2016/06/19 14:25:42,1f04cdd2423dc2099d5187cba2b4f1d715cb0f38,03c6ab535e6abe9d059fb6f83e19c4acfa178333,持卡人消费,15公寓浴池,-1.94,33.89,3995,正常
2016/06/19 14:36:13,1f04cdd2423dc2099d5187cba2b4f1d715cb0f38,03c6ab535e6abe9d059fb6f83e19c4acfa178333,持卡人消费,15公寓浴池,-2.0,31.89,3996,正常
2016/06/19 14:36:17,1f04cdd2423dc2099d5187cba2b4f1d715cb0f38,03c6ab535e6abe9d059fb6f83e19c4acfa178333,持卡人消费,15公寓浴池,-2.0,29.89,3997,正常
2016/06/19 14:32:02,1f04cdd2423dc2099d5187cba2b4f1d715cb0f38,03c6ab535e6abe9d059fb6f83e19c4acfa178333,持卡人消费,15公寓浴池,-1.17,28.72,3999,正常
2016/06/19 14:37:17,1f04cdd2423dc2099d5187cba2b4f1d715cb0f38,03c6ab535e6abe9d059fb6f83e19c4acfa178333,持卡人消费,15公寓浴池,-0.82,27.90,4001,正常
2016/06/19 14:47:47,1f04cdd2423dc2099d5187cba2b4f1d715cb0f38,03c6ab535e6abe9d059fb6f83e19c4acfa178333,持卡人消费,15公寓浴池,-2.0,25.90,4002,正常
2016/06/19 14:37:31,1f04cdd2423dc2099d5187cba2b4f1d715cb0f38,03c6ab535e6abe9d059fb6f83e19c4acfa178333,持卡人消费,15公寓浴池,-0.02,26.70,4004,正常
2016/06/19 14:44:04,1f04cdd2423dc2099d5187cba2b4f1d715cb0f38,03c6ab535e6abe9d059fb6f83e19c4acfa178333,持卡人消费,15公寓浴池,-1.23,25.47,4006,正常
2016/06/19 14:51:35,1f04cdd2423dc2099d5187cba2b4f1d715cb0f38,03c6ab535e6abe9d059fb6f83e19c4acfa178333,持卡人消费,15公寓浴池,-1.26,24.21,4008,正常
2016/06/19 17:35:10,1f04cdd2423dc2099d5187cba2b4f1d715cb0f38,03c6ab535e6abe9d059fb6f83e19c4acfa178333,持卡人消费,硕果园（工大商店）,-12.0,12.21,4009,正常
2016/06/20 08:43:33,1f04cdd2423dc2099d5187cba2b4f1d715cb0f38,03c6ab535e6abe9d059fb6f83e19c4acfa178333,持卡人消费,学士楼商务网关,-1.9,10.31,4010,正常
2016/06/20 12:17:45,1f04cdd2423dc2099d5187cba2b4f1d715cb0f38,03c6ab535e6abe9d059fb6f83e19c4acfa178333,持卡人消费,学士楼商务网关,-4.0,6.31,4011,正常
2016/06/20 12:20:06,1f04cdd2423dc2099d5187cba2b4f1d715cb0f38,03c6ab535e6abe9d059fb6f83e19c4acfa178333,持卡人消费,学士楼商务网关,-0.6,5.71,4012,正常
2016/06/21 11:55:58,1f04cdd2423dc2099d5187cba2b4f1d715cb0f38,03c6ab535e6abe9d059fb6f83e19c4acfa178333,持卡人消费,学士楼商务网关,-3.6,2.11,4013,正常
2016/06/22 11:43:34,1f04cdd2423dc2099d5187cba2b4f1d715cb0f38,03c6ab535e6abe9d059fb6f83e19c4acfa178333,存款,卡中心综合业务,100.0,102.11,4014,正常
2016/06/22 11:45:25,1f04cdd2423dc2099d5187cba2b4f1d715cb0f38,03c6ab535e6abe9d059fb6f83e19c4acfa178333,持卡人消费,学苑楼商务网关,-5.0,97.11,4015,正常
2016/06/22 14:54:25,1f04cdd2423dc2099d5187cba2b4f1d715cb0f38,03c6ab535e6abe9d059fb6f83e19c4acfa178333,持卡人消费,15公寓浴池,-2.0,93.11,4017,正常
2016/06/22 14:53:28,1f04cdd2423dc2099d5187cba2b4f1d715cb0f38,03c6ab535e6abe9d059fb6f83e19c4acfa178333,持卡人消费,15公寓浴池,-1.98,93.13,4018,正常
2016/06/22 15:03:59,1f04cdd2423dc2099d5187cba2b4f1d715cb0f38,03c6ab535e6abe9d059fb6f83e19c4acfa178333,持卡人消费,15公寓浴池,-2.0,91.13,4019,正常
2016/06/22 14:57:05,1f04cdd2423dc2099d5187cba2b4f1d715cb0f38,03c6ab535e6abe9d059fb6f83e19c4acfa178333,持卡人消费,15公寓浴池,-0.5,90.63,4021,正常
2016/06/22 15:04:23,1f04cdd2423dc2099d5187cba2b4f1d715cb0f38,03c6ab535e6abe9d059fb6f83e19c4acfa178333,持卡人消费,15公寓浴池,-0.06,90.57,4023,正常
2016/06/22 19:44:28,1f04cdd2423dc2099d5187cba2b4f1d715cb0f38,03c6ab535e6abe9d059fb6f83e19c4acfa178333,持卡人消费,硕果园（工大商店）,-12.0,78.57,4024,正常
2016/06/23 10:02:48,1f04cdd2423dc2099d5187cba2b4f1d715cb0f38,03c6ab535e6abe9d059fb6f83e19c4acfa178333,持卡人消费,学士楼商务网关,-14.0,64.57,4025,正常
2016/06/23 16:10:44,1f04cdd2423dc2099d5187cba2b4f1d715cb0f38,03c6ab535e6abe9d059fb6f83e19c4acfa178333,持卡人消费,15公寓浴池,-2.0,62.57,4026,正常
2016/06/23 16:14:05,1f04cdd2423dc2099d5187cba2b4f1d715cb0f38,03c6ab535e6abe9d059fb6f83e19c4acfa178333,持卡人消费,15公寓浴池,-0.37,62.20,4028,正常
2016/06/23 18:25:35,1f04cdd2423dc2099d5187cba2b4f1d715cb0f38,03c6ab535e6abe9d059fb6f83e19c4acfa178333,持卡人消费,硕果园（工大商店）,-10.0,52.20,4029,正常
2016/06/24 08:55:22,1f04cdd2423dc2099d5187cba2b4f1d715cb0f38,03c6ab535e6abe9d059fb6f83e19c4acfa178333,持卡人消费,学士楼商务网关,-2.6,49.15,4031,正常
2016/06/24 12:02:01,1f04cdd2423dc2099d5187cba2b4f1d715cb0f38,03c6ab535e6abe9d059fb6f83e19c4acfa178333,持卡人消费,学士楼商务网关,-7.8,43.95,4031,正常
2016/06/24 17:29:53,1f04cdd2423dc2099d5187cba2b4f1d715cb0f38,03c6ab535e6abe9d059fb6f83e19c4acfa178333,持卡人消费,学士楼商务网关,-8.1,35.85,4032,正常
2016/06/25 11:38:18,1f04cdd2423dc2099d5187cba2b4f1d715cb0f38,03c6ab535e6abe9d059fb6f83e19c4acfa178333,持卡人消费,学士楼商务网关,-3.8,32.05,4033,正常
2016/06/25 15:09:06,1f04cdd2423dc2099d5187cba2b4f1d715cb0f38,03c6ab535e6abe9d059fb6f83e19c4acfa178333,持卡人消费,15公寓浴池,-1.65,30.40,4035,正常
2016/06/25 15:13:40,1f04cdd2423dc2099d5187cba2b4f1d715cb0f38,03c6ab535e6abe9d059fb6f83e19c4acfa178333,持卡人消费,15公寓浴池,-0.43,29.97,4037,正常
2016/06/25 17:13:56,1f04cdd2423dc2099d5187cba2b4f1d715cb0f38,03c6ab535e6abe9d059fb6f83e19c4acfa178333,持卡人消费,学士楼商务网关,-12.0,17.97,4038,正常
2016/06/26 07:11:36,1f04cdd2423dc2099d5187cba2b4f1d715cb0f38,03c6ab535e6abe9d059fb6f83e19c4acfa178333,持卡人消费,学士楼商务网关,-1.3,16.67,4039,正常
2016/06/26 11:47:13,1f04cdd2423dc2099d5187cba2b4f1d715cb0f38,03c6ab535e6abe9d059fb6f83e19c4acfa178333,持卡人消费,学苑楼商务网关,-8.8,7.87,4040,正常
2016/06/26 18:55:22,1f04cdd2423dc2099d5187cba2b4f1d715cb0f38,03c6ab535e6abe9d059fb6f83e19c4acfa178333,持卡人消费,学士楼商务网关,-1.4,6.47,4041,正常
2016/06/26 18:57:10,1f04cdd2423dc2099d5187cba2b4f1d715cb0f38,03c6ab535e6abe9d059fb6f83e19c4acfa178333,持卡人消费,学士楼商务网关,-2.0,4.47,4042,正常
2016/06/28 11:51:49,1f04cdd2423dc2099d5187cba2b4f1d715cb0f38,03c6ab535e6abe9d059fb6f83e19c4acfa178333,存款,学苑楼综合业务2,100.0,104.47,4043,正常
2016/06/28 11:54:47,1f04cdd2423dc2099d5187cba2b4f1d715cb0f38,03c6ab535e6abe9d059fb6f83e19c4acfa178333,持卡人消费,学苑楼商务网关,-8.8,95.67,4044,正常
2016/06/28 18:06:48,1f04cdd2423dc2099d5187cba2b4f1d715cb0f38,03c6ab535e6abe9d059fb6f83e19c4acfa178333,持卡人消费,学士楼商务网关,-2.2,93.47,4045,正常
2016/06/28 18:08:19,1f04cdd2423dc2099d5187cba2b4f1d715cb0f38,03c6ab535e6abe9d059fb6f83e19c4acfa178333,持卡人消费,学士楼商务网关,-2.0,91.47,4046,正常
2016/06/29 08:59:19,1f04cdd2423dc2099d5187cba2b4f1d715cb0f38,03c6ab535e6abe9d059fb6f83e19c4acfa178333,持卡人消费,学士楼商务网关,-1.3,85.20,4048,正常
2016/06/29 08:59:26,1f04cdd2423dc2099d5187cba2b4f1d715cb0f38,03c6ab535e6abe9d059fb6f83e19c4acfa178333,持卡人消费,学士楼商务网关,-1.5,83.70,4049,正常
2016/06/29 09:00:38,1f04cdd2423dc2099d5187cba2b4f1d715cb0f38,03c6ab535e6abe9d059fb6f83e19c4acfa178333,持卡人消费,学士楼商务网关,-0.6,83.10,4050,正常
2016/06/29 17:16:41,1f04cdd2423dc2099d5187cba2b4f1d715cb0f38,03c6ab535e6abe9d059fb6f83e19c4acfa178333,持卡人消费,硕果园（工大商店）,-12.0,71.10,4051,正常
2016/06/29 18:50:38,1f04cdd2423dc2099d5187cba2b4f1d715cb0f38,03c6ab535e6abe9d059fb6f83e19c4acfa178333,持卡人消费,15公寓浴池,-0.13,70.97,4053,正常
2016/06/29 19:00:08,1f04cdd2423dc2099d5187cba2b4f1d715cb0f38,03c6ab535e6abe9d059fb6f83e19c4acfa178333,持卡人消费,15公寓浴池,-1.74,69.23,4055,正常
2016/06/29 19:04:52,1f04cdd2423dc2099d5187cba2b4f1d715cb0f38,03c6ab535e6abe9d059fb6f83e19c4acfa178333,持卡人消费,15公寓浴池,-0.54,68.69,4057,正常
2016/06/30 08:37:22,1f04cdd2423dc2099d5187cba2b4f1d715cb0f38,03c6ab535e6abe9d059fb6f83e19c4acfa178333,持卡人消费,学士楼商务网关,-4.7,63.99,4058,正常
2016/06/30 08:39:13,1f04cdd2423dc2099d5187cba2b4f1d715cb0f38,03c6ab535e6abe9d059fb6f83e19c4acfa178333,持卡人消费,学士楼商务网关,-0.6,63.39,4059,正常
2016/06/30 11:59:22,1f04cdd2423dc2099d5187cba2b4f1d715cb0f38,03c6ab535e6abe9d059fb6f83e19c4acfa178333,持卡人消费,学士楼商务网关,-6.0,57.39,4060,正常
2016/06/30 12:00:23,1f04cdd2423dc2099d5187cba2b4f1d715cb0f38,03c6ab535e6abe9d059fb6f83e19c4acfa178333,持卡人消费,学士楼商务网关,-0.8,56.59,4061,正常
