交易发生时间,学号,姓名,交易类型,子系统名称,交易额,现有余额,次数,状态
2016/06/01 20:12:28,5bb5c0556a163b3bca1ea0e7fbbc792ae17b568b,03fe7455f40ecb6ef22a4b751deb9fceab27a2dd,持卡人消费,15公寓浴池,-1.06,1.98,3621,正常
2016/06/02 11:31:33,5bb5c0556a163b3bca1ea0e7fbbc792ae17b568b,03fe7455f40ecb6ef22a4b751deb9fceab27a2dd,存款,学苑楼综合业务2,50.0,51.98,3622,正常
2016/06/02 17:30:06,5bb5c0556a163b3bca1ea0e7fbbc792ae17b568b,03fe7455f40ecb6ef22a4b751deb9fceab27a2dd,持卡人消费,四食堂商务网关,-6.36,45.62,3623,正常
2016/06/05 12:27:52,5bb5c0556a163b3bca1ea0e7fbbc792ae17b568b,03fe7455f40ecb6ef22a4b751deb9fceab27a2dd,持卡人消费,15公寓浴池,-1.57,44.05,3625,正常
2016/06/05 14:42:46,5bb5c0556a163b3bca1ea0e7fbbc792ae17b568b,03fe7455f40ecb6ef22a4b751deb9fceab27a2dd,持卡人消费,学子便利店A01后楼,-4.0,40.05,3626,正常
2016/06/05 20:47:29,5bb5c0556a163b3bca1ea0e7fbbc792ae17b568b,03fe7455f40ecb6ef22a4b751deb9fceab27a2dd,持卡人消费,学子便利店A01后楼,-8.7,31.35,3627,正常
2016/06/10 14:55:05,5bb5c0556a163b3bca1ea0e7fbbc792ae17b568b,03fe7455f40ecb6ef22a4b751deb9fceab27a2dd,持卡人消费,A1,-2.3,29.05,3628,正常
2016/06/10 15:10:22,5bb5c0556a163b3bca1ea0e7fbbc792ae17b568b,03fe7455f40ecb6ef22a4b751deb9fceab27a2dd,持卡人消费,一校区水控新,-1.53,27.52,3629,正常
2016/06/10 22:15:58,5bb5c0556a163b3bca1ea0e7fbbc792ae17b568b,03fe7455f40ecb6ef22a4b751deb9fceab27a2dd,持卡人消费,学子便利店A01后楼,-5.8,21.72,3630,正常
2016/06/13 11:23:24,5bb5c0556a163b3bca1ea0e7fbbc792ae17b568b,03fe7455f40ecb6ef22a4b751deb9fceab27a2dd,持卡人消费,学士楼商务网关,-8.0,13.72,3631,正常
2016/06/13 11:28:02,5bb5c0556a163b3bca1ea0e7fbbc792ae17b568b,03fe7455f40ecb6ef22a4b751deb9fceab27a2dd,持卡人消费,学士楼商务网关,-4.6,9.12,3632,正常
2016/06/15 10:55:49,5bb5c0556a163b3bca1ea0e7fbbc792ae17b568b,03fe7455f40ecb6ef22a4b751deb9fceab27a2dd,存款,学苑楼综合业务2,50.0,59.12,3633,正常
2016/06/15 10:59:47,5bb5c0556a163b3bca1ea0e7fbbc792ae17b568b,03fe7455f40ecb6ef22a4b751deb9fceab27a2dd,持卡人消费,学士楼商务网关,-6.0,53.12,3634,正常
2016/06/15 11:04:35,5bb5c0556a163b3bca1ea0e7fbbc792ae17b568b,03fe7455f40ecb6ef22a4b751deb9fceab27a2dd,持卡人消费,学士楼商务网关,-3.6,49.52,3635,正常
2016/06/15 16:33:20,5bb5c0556a163b3bca1ea0e7fbbc792ae17b568b,03fe7455f40ecb6ef22a4b751deb9fceab27a2dd,持卡人消费,15公寓浴池,-2.0,47.52,3636,正常
2016/06/15 16:34:27,5bb5c0556a163b3bca1ea0e7fbbc792ae17b568b,03fe7455f40ecb6ef22a4b751deb9fceab27a2dd,持卡人消费,15公寓浴池,-0.18,47.34,3638,正常
2016/06/16 11:09:58,5bb5c0556a163b3bca1ea0e7fbbc792ae17b568b,03fe7455f40ecb6ef22a4b751deb9fceab27a2dd,持卡人消费,学士楼商务网关,-10.6,36.74,3639,正常
2016/06/18 11:18:15,5bb5c0556a163b3bca1ea0e7fbbc792ae17b568b,03fe7455f40ecb6ef22a4b751deb9fceab27a2dd,持卡人消费,学士楼商务网关,-8.4,28.34,3640,正常
2016/06/20 17:34:08,5bb5c0556a163b3bca1ea0e7fbbc792ae17b568b,03fe7455f40ecb6ef22a4b751deb9fceab27a2dd,持卡人消费,南苑网关,-8.4,19.94,3641,正常
2016/06/28 09:09:21,5bb5c0556a163b3bca1ea0e7fbbc792ae17b568b,03fe7455f40ecb6ef22a4b751deb9fceab27a2dd,持卡人消费,学子便利店A01后楼,-5.0,14.94,3642,正常
