交易发生时间,学号,姓名,交易类型,子系统名称,交易额,现有余额,次数,状态
2016/06/01 07:44:53,7ddb745659f0ea8707a58407be0f82ddc59b7c4d,052bee323319875cabe5d0fe191dfcf4a07954f3,持卡人消费,学士楼商务网关,-8.7,127.60,5881,正常
2016/06/02 07:34:18,7ddb745659f0ea8707a58407be0f82ddc59b7c4d,052bee323319875cabe5d0fe191dfcf4a07954f3,持卡人消费,学子便利店A01后楼,-6.8,120.80,5882,正常
2016/06/02 11:16:58,7ddb745659f0ea8707a58407be0f82ddc59b7c4d,052bee323319875cabe5d0fe191dfcf4a07954f3,持卡人消费,硕果园（工大商店）,-10.5,110.30,5883,正常
2016/06/02 18:26:20,7ddb745659f0ea8707a58407be0f82ddc59b7c4d,052bee323319875cabe5d0fe191dfcf4a07954f3,持卡人消费,超市商务子系统,-0.5,109.80,5884,正常
2016/06/03 08:39:28,7ddb745659f0ea8707a58407be0f82ddc59b7c4d,052bee323319875cabe5d0fe191dfcf4a07954f3,持卡人消费,学士楼商务网关,-2.8,107.00,5885,正常
2016/06/03 08:40:37,7ddb745659f0ea8707a58407be0f82ddc59b7c4d,052bee323319875cabe5d0fe191dfcf4a07954f3,持卡人消费,学士楼商务网关,-1.5,105.50,5886,正常
2016/06/03 08:41:01,7ddb745659f0ea8707a58407be0f82ddc59b7c4d,052bee323319875cabe5d0fe191dfcf4a07954f3,持卡人消费,学士楼商务网关,-2.0,103.50,5887,正常
2016/06/04 09:24:38,7ddb745659f0ea8707a58407be0f82ddc59b7c4d,052bee323319875cabe5d0fe191dfcf4a07954f3,持卡人消费,学子便利店A01后楼,-10.3,93.20,5888,正常
2016/06/04 17:45:35,7ddb745659f0ea8707a58407be0f82ddc59b7c4d,052bee323319875cabe5d0fe191dfcf4a07954f3,持卡人消费,学士楼商务网关,-8.4,84.80,5889,正常
2016/06/04 17:45:47,7ddb745659f0ea8707a58407be0f82ddc59b7c4d,052bee323319875cabe5d0fe191dfcf4a07954f3,持卡人消费,学士楼商务网关,-3.92,80.88,5890,正常
2016/06/04 17:47:55,7ddb745659f0ea8707a58407be0f82ddc59b7c4d,052bee323319875cabe5d0fe191dfcf4a07954f3,持卡人消费,学士楼商务网关,-8.2,72.68,5891,正常
2016/06/04 18:35:31,7ddb745659f0ea8707a58407be0f82ddc59b7c4d,052bee323319875cabe5d0fe191dfcf4a07954f3,持卡人消费,学子便利店A01后楼,-9.9,62.78,5892,正常
2016/06/05 07:35:58,7ddb745659f0ea8707a58407be0f82ddc59b7c4d,052bee323319875cabe5d0fe191dfcf4a07954f3,持卡人消费,学子便利店A01后楼,-10.2,52.58,5893,正常
2016/06/05 16:53:49,7ddb745659f0ea8707a58407be0f82ddc59b7c4d,052bee323319875cabe5d0fe191dfcf4a07954f3,持卡人消费,一校区水控新,-1.74,50.84,5895,正常
2016/06/05 17:00:03,7ddb745659f0ea8707a58407be0f82ddc59b7c4d,052bee323319875cabe5d0fe191dfcf4a07954f3,持卡人消费,一校区水控新,-0.59,50.25,5897,正常
2016/06/05 17:43:59,7ddb745659f0ea8707a58407be0f82ddc59b7c4d,052bee323319875cabe5d0fe191dfcf4a07954f3,持卡人消费,学苑楼商务网关,-4.0,46.25,5898,正常
2016/06/05 17:44:43,7ddb745659f0ea8707a58407be0f82ddc59b7c4d,052bee323319875cabe5d0fe191dfcf4a07954f3,持卡人消费,学苑楼商务网关,-8.0,38.25,5899,正常
2016/06/05 17:46:13,7ddb745659f0ea8707a58407be0f82ddc59b7c4d,052bee323319875cabe5d0fe191dfcf4a07954f3,持卡人消费,学苑楼商务网关,-2.3,35.95,5900,正常
2016/06/05 17:47:11,7ddb745659f0ea8707a58407be0f82ddc59b7c4d,052bee323319875cabe5d0fe191dfcf4a07954f3,持卡人消费,学苑楼商务网关,-11.0,24.95,5901,正常
2016/06/06 11:02:24,7ddb745659f0ea8707a58407be0f82ddc59b7c4d,052bee323319875cabe5d0fe191dfcf4a07954f3,存款,现金充值机,150.0,174.95,5902,正常
2016/06/06 11:26:16,7ddb745659f0ea8707a58407be0f82ddc59b7c4d,052bee323319875cabe5d0fe191dfcf4a07954f3,持卡人消费,学士楼商务网关,-1.76,173.19,5903,正常
2016/06/06 11:27:23,7ddb745659f0ea8707a58407be0f82ddc59b7c4d,052bee323319875cabe5d0fe191dfcf4a07954f3,持卡人消费,学士楼商务网关,-7.0,166.19,5904,正常
2016/06/07 08:11:06,7ddb745659f0ea8707a58407be0f82ddc59b7c4d,052bee323319875cabe5d0fe191dfcf4a07954f3,持卡人消费,学士楼商务网关,-6.7,159.49,5905,正常
2016/06/07 08:13:06,7ddb745659f0ea8707a58407be0f82ddc59b7c4d,052bee323319875cabe5d0fe191dfcf4a07954f3,持卡人消费,学士楼商务网关,-5.9,153.59,5906,正常
2016/06/07 08:14:41,7ddb745659f0ea8707a58407be0f82ddc59b7c4d,052bee323319875cabe5d0fe191dfcf4a07954f3,持卡人消费,学士楼商务网关,-1.0,152.59,5907,正常
2016/06/07 11:46:37,7ddb745659f0ea8707a58407be0f82ddc59b7c4d,052bee323319875cabe5d0fe191dfcf4a07954f3,持卡人消费,学苑楼商务网关,-8.0,144.59,5908,正常
2016/06/07 11:48:18,7ddb745659f0ea8707a58407be0f82ddc59b7c4d,052bee323319875cabe5d0fe191dfcf4a07954f3,持卡人消费,学苑楼商务网关,-5.6,138.99,5909,正常
2016/06/07 11:51:32,7ddb745659f0ea8707a58407be0f82ddc59b7c4d,052bee323319875cabe5d0fe191dfcf4a07954f3,持卡人消费,学苑楼商务网关,-7.0,131.99,5910,正常
2016/06/07 17:53:07,7ddb745659f0ea8707a58407be0f82ddc59b7c4d,052bee323319875cabe5d0fe191dfcf4a07954f3,持卡人消费,学士楼商务网关,-4.8,127.19,5911,正常
2016/06/07 17:55:27,7ddb745659f0ea8707a58407be0f82ddc59b7c4d,052bee323319875cabe5d0fe191dfcf4a07954f3,持卡人消费,学士楼商务网关,-5.0,122.19,5912,正常
2016/06/07 18:01:15,7ddb745659f0ea8707a58407be0f82ddc59b7c4d,052bee323319875cabe5d0fe191dfcf4a07954f3,持卡人消费,学士楼商务网关,-3.0,119.19,5913,正常
2016/06/08 08:41:10,7ddb745659f0ea8707a58407be0f82ddc59b7c4d,052bee323319875cabe5d0fe191dfcf4a07954f3,持卡人消费,学士楼商务网关,-6.5,112.69,5914,正常
2016/06/08 16:39:36,7ddb745659f0ea8707a58407be0f82ddc59b7c4d,052bee323319875cabe5d0fe191dfcf4a07954f3,持卡人消费,学子超市园丁总店,-13.7,98.99,5915,正常
2016/06/09 08:11:35,7ddb745659f0ea8707a58407be0f82ddc59b7c4d,052bee323319875cabe5d0fe191dfcf4a07954f3,持卡人消费,学士楼商务网关,-7.0,91.99,5916,正常
2016/06/09 11:31:38,7ddb745659f0ea8707a58407be0f82ddc59b7c4d,052bee323319875cabe5d0fe191dfcf4a07954f3,持卡人消费,学士楼商务网关,-7.6,84.39,5917,正常
2016/06/09 11:34:18,7ddb745659f0ea8707a58407be0f82ddc59b7c4d,052bee323319875cabe5d0fe191dfcf4a07954f3,持卡人消费,学士楼商务网关,-2.6,81.79,5918,正常
2016/06/09 11:34:50,7ddb745659f0ea8707a58407be0f82ddc59b7c4d,052bee323319875cabe5d0fe191dfcf4a07954f3,持卡人消费,学士楼商务网关,-4.63,77.16,5919,正常
2016/06/09 12:22:57,7ddb745659f0ea8707a58407be0f82ddc59b7c4d,052bee323319875cabe5d0fe191dfcf4a07954f3,持卡人消费,超市商务子系统,-1.5,75.66,5920,正常
2016/06/10 09:14:13,7ddb745659f0ea8707a58407be0f82ddc59b7c4d,052bee323319875cabe5d0fe191dfcf4a07954f3,持卡人消费,学士楼商务网关,-2.8,72.86,5921,正常
2016/06/10 12:00:08,7ddb745659f0ea8707a58407be0f82ddc59b7c4d,052bee323319875cabe5d0fe191dfcf4a07954f3,持卡人消费,学士楼商务网关,-4.1,68.76,5922,正常
2016/06/10 12:01:16,7ddb745659f0ea8707a58407be0f82ddc59b7c4d,052bee323319875cabe5d0fe191dfcf4a07954f3,持卡人消费,学士楼商务网关,-1.62,67.14,5923,正常
2016/06/10 12:36:04,7ddb745659f0ea8707a58407be0f82ddc59b7c4d,052bee323319875cabe5d0fe191dfcf4a07954f3,持卡人消费,超市商务子系统,-12.5,54.64,5924,正常
2016/06/10 17:36:31,7ddb745659f0ea8707a58407be0f82ddc59b7c4d,052bee323319875cabe5d0fe191dfcf4a07954f3,持卡人消费,学士楼商务网关,-3.36,51.28,5925,正常
2016/06/10 17:40:18,7ddb745659f0ea8707a58407be0f82ddc59b7c4d,052bee323319875cabe5d0fe191dfcf4a07954f3,持卡人消费,学士楼商务网关,-14.7,36.58,5926,正常
2016/06/10 18:35:52,7ddb745659f0ea8707a58407be0f82ddc59b7c4d,052bee323319875cabe5d0fe191dfcf4a07954f3,持卡人消费,一校区水控新,-1.55,35.03,5928,正常
2016/06/10 18:40:51,7ddb745659f0ea8707a58407be0f82ddc59b7c4d,052bee323319875cabe5d0fe191dfcf4a07954f3,持卡人消费,一校区水控新,-0.45,34.58,5930,正常
2016/06/11 11:49:23,7ddb745659f0ea8707a58407be0f82ddc59b7c4d,052bee323319875cabe5d0fe191dfcf4a07954f3,持卡人消费,学士楼商务网关,-5.79,28.79,5931,正常
2016/06/11 11:54:22,7ddb745659f0ea8707a58407be0f82ddc59b7c4d,052bee323319875cabe5d0fe191dfcf4a07954f3,持卡人消费,学士楼商务网关,-7.5,21.29,5932,正常
2016/06/11 12:29:47,7ddb745659f0ea8707a58407be0f82ddc59b7c4d,052bee323319875cabe5d0fe191dfcf4a07954f3,持卡人消费,超市商务子系统,-1.5,19.79,5933,正常
2016/06/12 09:34:07,7ddb745659f0ea8707a58407be0f82ddc59b7c4d,052bee323319875cabe5d0fe191dfcf4a07954f3,持卡人消费,学子便利店A01后楼,-3.8,15.99,5934,正常
2016/06/12 16:28:28,7ddb745659f0ea8707a58407be0f82ddc59b7c4d,052bee323319875cabe5d0fe191dfcf4a07954f3,持卡人消费,一校区水控新,-1.41,14.58,5936,正常
2016/06/12 16:33:06,7ddb745659f0ea8707a58407be0f82ddc59b7c4d,052bee323319875cabe5d0fe191dfcf4a07954f3,持卡人消费,一校区水控新,-0.56,14.02,5938,正常
2016/06/12 17:39:42,7ddb745659f0ea8707a58407be0f82ddc59b7c4d,052bee323319875cabe5d0fe191dfcf4a07954f3,持卡人消费,学士楼商务网关,-3.4,1.02,5940,正常
2016/06/13 07:59:33,7ddb745659f0ea8707a58407be0f82ddc59b7c4d,052bee323319875cabe5d0fe191dfcf4a07954f3,存款,现金充值机,200.0,201.02,5941,正常
2016/06/13 08:21:50,7ddb745659f0ea8707a58407be0f82ddc59b7c4d,052bee323319875cabe5d0fe191dfcf4a07954f3,持卡人消费,学苑楼商务网关,-9.0,192.02,5942,正常
2016/06/13 08:47:38,7ddb745659f0ea8707a58407be0f82ddc59b7c4d,052bee323319875cabe5d0fe191dfcf4a07954f3,持卡人消费,学士楼商务网关,-8.6,183.42,5943,正常
2016/06/13 08:47:55,7ddb745659f0ea8707a58407be0f82ddc59b7c4d,052bee323319875cabe5d0fe191dfcf4a07954f3,持卡人消费,学士楼商务网关,-0.1,183.32,5944,正常
2016/06/13 11:37:31,7ddb745659f0ea8707a58407be0f82ddc59b7c4d,052bee323319875cabe5d0fe191dfcf4a07954f3,持卡人消费,学士楼商务网关,-7.6,175.72,5945,正常
2016/06/13 15:41:16,7ddb745659f0ea8707a58407be0f82ddc59b7c4d,052bee323319875cabe5d0fe191dfcf4a07954f3,持卡人消费,学子便利店A01后楼,-8.8,166.92,5946,正常
2016/06/13 18:23:58,7ddb745659f0ea8707a58407be0f82ddc59b7c4d,052bee323319875cabe5d0fe191dfcf4a07954f3,持卡人消费,学士楼商务网关,-4.4,162.52,5947,正常
2016/06/13 18:26:07,7ddb745659f0ea8707a58407be0f82ddc59b7c4d,052bee323319875cabe5d0fe191dfcf4a07954f3,持卡人消费,学士楼商务网关,-0.5,162.02,5948,正常
2016/06/13 18:28:32,7ddb745659f0ea8707a58407be0f82ddc59b7c4d,052bee323319875cabe5d0fe191dfcf4a07954f3,持卡人消费,学士楼商务网关,-8.4,153.62,5949,正常
2016/06/13 19:00:08,7ddb745659f0ea8707a58407be0f82ddc59b7c4d,052bee323319875cabe5d0fe191dfcf4a07954f3,持卡人消费,超市商务子系统,-4.5,149.12,5950,正常
2016/06/14 10:39:43,7ddb745659f0ea8707a58407be0f82ddc59b7c4d,052bee323319875cabe5d0fe191dfcf4a07954f3,持卡人消费,学子便利店A01后楼,-4.2,144.92,5951,正常
2016/06/14 19:22:52,7ddb745659f0ea8707a58407be0f82ddc59b7c4d,052bee323319875cabe5d0fe191dfcf4a07954f3,持卡人消费,学士楼商务网关,-3.0,141.92,5952,正常
2016/06/14 19:23:55,7ddb745659f0ea8707a58407be0f82ddc59b7c4d,052bee323319875cabe5d0fe191dfcf4a07954f3,持卡人消费,学士楼商务网关,-8.4,133.52,5953,正常
2016/06/14 19:24:56,7ddb745659f0ea8707a58407be0f82ddc59b7c4d,052bee323319875cabe5d0fe191dfcf4a07954f3,持卡人消费,学士楼商务网关,-1.9,131.62,5954,正常
2016/06/14 19:26:34,7ddb745659f0ea8707a58407be0f82ddc59b7c4d,052bee323319875cabe5d0fe191dfcf4a07954f3,持卡人消费,学士楼商务网关,-1.1,130.52,5955,正常
2016/06/14 20:12:05,7ddb745659f0ea8707a58407be0f82ddc59b7c4d,052bee323319875cabe5d0fe191dfcf4a07954f3,持卡人消费,学子便利店A01后楼,-5.9,124.62,5956,正常
2016/06/15 08:50:38,7ddb745659f0ea8707a58407be0f82ddc59b7c4d,052bee323319875cabe5d0fe191dfcf4a07954f3,持卡人消费,学士楼商务网关,-4.6,120.02,5957,正常
2016/06/15 08:51:29,7ddb745659f0ea8707a58407be0f82ddc59b7c4d,052bee323319875cabe5d0fe191dfcf4a07954f3,持卡人消费,学士楼商务网关,-2.0,118.02,5958,正常
2016/06/15 12:45:47,7ddb745659f0ea8707a58407be0f82ddc59b7c4d,052bee323319875cabe5d0fe191dfcf4a07954f3,持卡人消费,学子便利店A01后楼,-0.5,117.52,5959,正常
2016/06/16 08:32:22,7ddb745659f0ea8707a58407be0f82ddc59b7c4d,052bee323319875cabe5d0fe191dfcf4a07954f3,持卡人消费,学士楼商务网关,-4.6,112.92,5960,正常
2016/06/16 17:00:43,7ddb745659f0ea8707a58407be0f82ddc59b7c4d,052bee323319875cabe5d0fe191dfcf4a07954f3,持卡人消费,一校区水控新,-1.96,110.96,5961,正常
2016/06/16 17:07:46,7ddb745659f0ea8707a58407be0f82ddc59b7c4d,052bee323319875cabe5d0fe191dfcf4a07954f3,持卡人消费,一校区水控新,-0.73,110.23,5962,正常
2016/06/17 08:36:36,7ddb745659f0ea8707a58407be0f82ddc59b7c4d,052bee323319875cabe5d0fe191dfcf4a07954f3,持卡人消费,学士楼商务网关,-4.0,106.23,5963,正常
2016/06/17 08:37:15,7ddb745659f0ea8707a58407be0f82ddc59b7c4d,052bee323319875cabe5d0fe191dfcf4a07954f3,持卡人消费,学士楼商务网关,-0.6,105.63,5964,正常
2016/06/17 08:38:55,7ddb745659f0ea8707a58407be0f82ddc59b7c4d,052bee323319875cabe5d0fe191dfcf4a07954f3,持卡人消费,学士楼商务网关,-2.0,103.63,5965,正常
2016/06/17 08:57:46,7ddb745659f0ea8707a58407be0f82ddc59b7c4d,052bee323319875cabe5d0fe191dfcf4a07954f3,持卡人消费,学士楼商务网关,-3.6,100.03,5966,正常
2016/06/17 14:14:07,7ddb745659f0ea8707a58407be0f82ddc59b7c4d,052bee323319875cabe5d0fe191dfcf4a07954f3,持卡人消费,学士楼商务网关,-1.8,98.23,5967,正常
2016/06/17 14:15:53,7ddb745659f0ea8707a58407be0f82ddc59b7c4d,052bee323319875cabe5d0fe191dfcf4a07954f3,持卡人消费,学士楼商务网关,-4.14,94.09,5968,正常
2016/06/17 14:16:09,7ddb745659f0ea8707a58407be0f82ddc59b7c4d,052bee323319875cabe5d0fe191dfcf4a07954f3,持卡人消费,学士楼商务网关,-2.0,92.09,5969,正常
2016/06/17 14:44:38,7ddb745659f0ea8707a58407be0f82ddc59b7c4d,052bee323319875cabe5d0fe191dfcf4a07954f3,持卡人消费,学士楼商务网关,-1.5,90.59,5970,正常
2016/06/17 17:46:12,7ddb745659f0ea8707a58407be0f82ddc59b7c4d,052bee323319875cabe5d0fe191dfcf4a07954f3,持卡人消费,超市商务子系统,-7.0,83.59,5971,正常
2016/06/18 20:16:42,7ddb745659f0ea8707a58407be0f82ddc59b7c4d,052bee323319875cabe5d0fe191dfcf4a07954f3,持卡人消费,学子便利店A01后楼,-11.0,72.59,5972,正常
2016/06/19 11:41:00,7ddb745659f0ea8707a58407be0f82ddc59b7c4d,052bee323319875cabe5d0fe191dfcf4a07954f3,持卡人消费,学子便利店A01后楼,-8.4,64.19,5973,正常
2016/06/20 08:33:26,7ddb745659f0ea8707a58407be0f82ddc59b7c4d,052bee323319875cabe5d0fe191dfcf4a07954f3,持卡人消费,学士楼商务网关,-4.3,59.89,5974,正常
2016/06/20 10:39:33,7ddb745659f0ea8707a58407be0f82ddc59b7c4d,052bee323319875cabe5d0fe191dfcf4a07954f3,持卡人消费,身份前置机,-1.27,58.62,5975,正常
2016/06/20 12:15:49,7ddb745659f0ea8707a58407be0f82ddc59b7c4d,052bee323319875cabe5d0fe191dfcf4a07954f3,持卡人消费,学苑楼商务网关,-14.0,44.62,5976,正常
2016/06/20 12:33:22,7ddb745659f0ea8707a58407be0f82ddc59b7c4d,052bee323319875cabe5d0fe191dfcf4a07954f3,持卡人消费,学苑楼商务网关,-2.0,42.62,5977,正常
2016/06/21 12:55:44,7ddb745659f0ea8707a58407be0f82ddc59b7c4d,052bee323319875cabe5d0fe191dfcf4a07954f3,持卡人消费,一校区水控新,-1.87,40.75,5979,正常
2016/06/21 13:02:34,7ddb745659f0ea8707a58407be0f82ddc59b7c4d,052bee323319875cabe5d0fe191dfcf4a07954f3,持卡人消费,一校区水控新,-0.58,40.17,5981,正常
2016/06/22 08:15:35,7ddb745659f0ea8707a58407be0f82ddc59b7c4d,052bee323319875cabe5d0fe191dfcf4a07954f3,持卡人消费,学士楼商务网关,-5.3,34.87,5982,正常
2016/06/22 11:29:44,7ddb745659f0ea8707a58407be0f82ddc59b7c4d,052bee323319875cabe5d0fe191dfcf4a07954f3,持卡人消费,学士楼商务网关,-8.6,26.27,5983,正常
2016/06/22 17:24:01,7ddb745659f0ea8707a58407be0f82ddc59b7c4d,052bee323319875cabe5d0fe191dfcf4a07954f3,持卡人消费,学士楼商务网关,-8.4,17.87,5984,正常
2016/06/22 17:24:13,7ddb745659f0ea8707a58407be0f82ddc59b7c4d,052bee323319875cabe5d0fe191dfcf4a07954f3,持卡人消费,学士楼商务网关,-4.76,13.11,5985,正常
2016/06/22 17:27:48,7ddb745659f0ea8707a58407be0f82ddc59b7c4d,052bee323319875cabe5d0fe191dfcf4a07954f3,持卡人消费,学士楼商务网关,-5.1,8.01,5986,正常
2016/06/23 11:19:31,7ddb745659f0ea8707a58407be0f82ddc59b7c4d,052bee323319875cabe5d0fe191dfcf4a07954f3,持卡人消费,学苑楼商务网关,-3.5,4.51,5987,正常
2016/06/23 10:59:52,7ddb745659f0ea8707a58407be0f82ddc59b7c4d,052bee323319875cabe5d0fe191dfcf4a07954f3,存款,现金充值机,300.0,304.51,5988,正常
2016/06/23 11:25:56,7ddb745659f0ea8707a58407be0f82ddc59b7c4d,052bee323319875cabe5d0fe191dfcf4a07954f3,持卡人消费,学士楼商务网关,-7.2,297.31,5989,正常
2016/06/23 11:26:03,7ddb745659f0ea8707a58407be0f82ddc59b7c4d,052bee323319875cabe5d0fe191dfcf4a07954f3,持卡人消费,学士楼商务网关,-3.36,293.95,5990,正常
2016/06/23 11:28:14,7ddb745659f0ea8707a58407be0f82ddc59b7c4d,052bee323319875cabe5d0fe191dfcf4a07954f3,持卡人消费,学士楼商务网关,-6.6,287.35,5991,正常
2016/06/23 14:54:27,7ddb745659f0ea8707a58407be0f82ddc59b7c4d,052bee323319875cabe5d0fe191dfcf4a07954f3,持卡人消费,一校区水控新,-1.8,285.55,5992,正常
2016/06/23 15:00:11,7ddb745659f0ea8707a58407be0f82ddc59b7c4d,052bee323319875cabe5d0fe191dfcf4a07954f3,持卡人消费,一校区水控新,-0.52,285.03,5993,正常
2016/06/23 15:04:46,7ddb745659f0ea8707a58407be0f82ddc59b7c4d,052bee323319875cabe5d0fe191dfcf4a07954f3,持卡人消费,一校区水控新,-0.38,284.65,5994,正常
2016/06/23 15:17:29,7ddb745659f0ea8707a58407be0f82ddc59b7c4d,052bee323319875cabe5d0fe191dfcf4a07954f3,持卡人消费,学子超市园丁总店,-36.2,248.45,5995,正常
2016/06/24 08:46:49,7ddb745659f0ea8707a58407be0f82ddc59b7c4d,052bee323319875cabe5d0fe191dfcf4a07954f3,持卡人消费,学苑楼商务网关,-2.9,245.55,5996,正常
2016/06/24 11:50:00,7ddb745659f0ea8707a58407be0f82ddc59b7c4d,052bee323319875cabe5d0fe191dfcf4a07954f3,持卡人消费,学士楼商务网关,-4.6,240.95,5997,正常
2016/06/24 11:50:16,7ddb745659f0ea8707a58407be0f82ddc59b7c4d,052bee323319875cabe5d0fe191dfcf4a07954f3,持卡人消费,学士楼商务网关,-2.5,238.45,5998,正常
2016/06/24 11:51:40,7ddb745659f0ea8707a58407be0f82ddc59b7c4d,052bee323319875cabe5d0fe191dfcf4a07954f3,持卡人消费,学士楼商务网关,-1.5,236.95,5999,正常
2016/06/24 17:34:06,7ddb745659f0ea8707a58407be0f82ddc59b7c4d,052bee323319875cabe5d0fe191dfcf4a07954f3,持卡人消费,学士楼商务网关,-7.28,229.67,6000,正常
2016/06/24 17:37:03,7ddb745659f0ea8707a58407be0f82ddc59b7c4d,052bee323319875cabe5d0fe191dfcf4a07954f3,持卡人消费,学士楼商务网关,-9.5,220.17,6001,正常
2016/06/24 17:44:35,7ddb745659f0ea8707a58407be0f82ddc59b7c4d,052bee323319875cabe5d0fe191dfcf4a07954f3,持卡人消费,学士楼商务网关,-1.0,219.17,6002,正常
2016/06/25 08:42:14,7ddb745659f0ea8707a58407be0f82ddc59b7c4d,052bee323319875cabe5d0fe191dfcf4a07954f3,持卡人消费,学子便利店A01后楼,-4.0,215.17,6003,正常
2016/06/25 17:34:02,7ddb745659f0ea8707a58407be0f82ddc59b7c4d,052bee323319875cabe5d0fe191dfcf4a07954f3,持卡人消费,学士楼商务网关,-8.2,206.97,6004,正常
2016/06/26 11:27:07,7ddb745659f0ea8707a58407be0f82ddc59b7c4d,052bee323319875cabe5d0fe191dfcf4a07954f3,持卡人消费,学士楼商务网关,-9.6,197.37,6005,正常
2016/06/26 11:27:13,7ddb745659f0ea8707a58407be0f82ddc59b7c4d,052bee323319875cabe5d0fe191dfcf4a07954f3,持卡人消费,学士楼商务网关,-4.2,193.17,6006,正常
2016/06/26 11:29:03,7ddb745659f0ea8707a58407be0f82ddc59b7c4d,052bee323319875cabe5d0fe191dfcf4a07954f3,持卡人消费,学士楼商务网关,-2.6,190.57,6007,正常
2016/06/26 11:50:14,7ddb745659f0ea8707a58407be0f82ddc59b7c4d,052bee323319875cabe5d0fe191dfcf4a07954f3,持卡人消费,超市商务子系统,-1.5,189.07,6008,正常
2016/06/26 13:37:53,7ddb745659f0ea8707a58407be0f82ddc59b7c4d,052bee323319875cabe5d0fe191dfcf4a07954f3,持卡人消费,超市商务子系统,-7.8,181.27,6009,正常
2016/06/26 17:16:28,7ddb745659f0ea8707a58407be0f82ddc59b7c4d,052bee323319875cabe5d0fe191dfcf4a07954f3,持卡人消费,学士楼商务网关,-6.72,174.55,6010,正常
2016/06/26 17:18:50,7ddb745659f0ea8707a58407be0f82ddc59b7c4d,052bee323319875cabe5d0fe191dfcf4a07954f3,持卡人消费,学士楼商务网关,-8.0,166.55,6011,正常
2016/06/27 07:36:14,7ddb745659f0ea8707a58407be0f82ddc59b7c4d,052bee323319875cabe5d0fe191dfcf4a07954f3,持卡人消费,学士楼商务网关,-4.6,161.95,6012,正常
2016/06/27 07:37:25,7ddb745659f0ea8707a58407be0f82ddc59b7c4d,052bee323319875cabe5d0fe191dfcf4a07954f3,持卡人消费,学士楼商务网关,-2.0,159.95,6013,正常
2016/06/28 07:32:40,7ddb745659f0ea8707a58407be0f82ddc59b7c4d,052bee323319875cabe5d0fe191dfcf4a07954f3,持卡人消费,学士楼商务网关,-3.0,156.95,6014,正常
2016/06/28 17:34:57,7ddb745659f0ea8707a58407be0f82ddc59b7c4d,052bee323319875cabe5d0fe191dfcf4a07954f3,持卡人消费,学士楼商务网关,-7.56,149.39,6015,正常
2016/06/28 17:38:20,7ddb745659f0ea8707a58407be0f82ddc59b7c4d,052bee323319875cabe5d0fe191dfcf4a07954f3,持卡人消费,学士楼商务网关,-7.1,142.29,6016,正常
2016/06/28 18:42:53,7ddb745659f0ea8707a58407be0f82ddc59b7c4d,052bee323319875cabe5d0fe191dfcf4a07954f3,持卡人消费,学子超市园丁总店,-25.0,117.29,6017,正常
2016/06/28 18:50:21,7ddb745659f0ea8707a58407be0f82ddc59b7c4d,052bee323319875cabe5d0fe191dfcf4a07954f3,持卡人消费,学子便利店A01后楼,-5.9,111.39,6018,正常
2016/06/29 11:29:31,7ddb745659f0ea8707a58407be0f82ddc59b7c4d,052bee323319875cabe5d0fe191dfcf4a07954f3,持卡人消费,四食堂商务网关,-14.88,96.51,6019,正常
2016/06/29 20:49:31,7ddb745659f0ea8707a58407be0f82ddc59b7c4d,052bee323319875cabe5d0fe191dfcf4a07954f3,持卡人消费,学子超市园丁总店,-9.8,86.71,6020,正常
2016/06/30 08:47:11,7ddb745659f0ea8707a58407be0f82ddc59b7c4d,052bee323319875cabe5d0fe191dfcf4a07954f3,持卡人消费,学士楼商务网关,-5.6,81.11,6021,正常
2016/06/30 09:09:17,7ddb745659f0ea8707a58407be0f82ddc59b7c4d,052bee323319875cabe5d0fe191dfcf4a07954f3,持卡人消费,一区图书馆APOS,-10.95,70.16,6022,正常
2016/06/30 09:33:46,7ddb745659f0ea8707a58407be0f82ddc59b7c4d,052bee323319875cabe5d0fe191dfcf4a07954f3,持卡人消费,一区图书馆存包柜,-10.0,60.16,6023,正常
2016/06/30 12:37:24,7ddb745659f0ea8707a58407be0f82ddc59b7c4d,052bee323319875cabe5d0fe191dfcf4a07954f3,持卡人消费,学士楼商务网关,-5.4,54.76,6024,正常
2016/06/30 12:38:34,7ddb745659f0ea8707a58407be0f82ddc59b7c4d,052bee323319875cabe5d0fe191dfcf4a07954f3,持卡人消费,学士楼商务网关,-8.4,46.36,6025,正常
2016/06/30 12:39:10,7ddb745659f0ea8707a58407be0f82ddc59b7c4d,052bee323319875cabe5d0fe191dfcf4a07954f3,持卡人消费,学士楼商务网关,-1.0,45.36,6026,正常
2016/06/30 12:39:17,7ddb745659f0ea8707a58407be0f82ddc59b7c4d,052bee323319875cabe5d0fe191dfcf4a07954f3,持卡人消费,学士楼商务网关,-0.5,44.86,6027,正常
2016/06/30 12:40:19,7ddb745659f0ea8707a58407be0f82ddc59b7c4d,052bee323319875cabe5d0fe191dfcf4a07954f3,持卡人消费,学士楼商务网关,-3.5,41.36,6028,正常
2016/06/30 12:52:42,7ddb745659f0ea8707a58407be0f82ddc59b7c4d,052bee323319875cabe5d0fe191dfcf4a07954f3,持卡人消费,学士楼商务网关,-0.2,41.16,6029,正常
2016/06/30 16:20:56,7ddb745659f0ea8707a58407be0f82ddc59b7c4d,052bee323319875cabe5d0fe191dfcf4a07954f3,持卡人消费,一校区水控新,-1.25,39.91,6031,正常
2016/06/30 16:30:46,7ddb745659f0ea8707a58407be0f82ddc59b7c4d,052bee323319875cabe5d0fe191dfcf4a07954f3,持卡人消费,一校区水控新,-1.15,38.76,6033,正常
2016/06/30 17:12:53,7ddb745659f0ea8707a58407be0f82ddc59b7c4d,052bee323319875cabe5d0fe191dfcf4a07954f3,持卡人消费,一校区水控新,-1.5,37.26,6035,正常
2016/06/30 17:14:02,7ddb745659f0ea8707a58407be0f82ddc59b7c4d,052bee323319875cabe5d0fe191dfcf4a07954f3,持卡人消费,一校区水控新,-0.03,37.23,6037,正常
