交易发生时间,学号,姓名,交易类型,子系统名称,交易额,现有余额,次数,状态
2016/06/01 17:32:12,400ebeeb8f4b2d51919022c371b2363fb8e2dfa0,055d9478a3caaab3a85ee2c679cca11952af7c51,持卡人消费,学苑楼商务网关,-0.5,3.62,3490,正常
2016/06/01 17:53:11,400ebeeb8f4b2d51919022c371b2363fb8e2dfa0,055d9478a3caaab3a85ee2c679cca11952af7c51,存款,学苑楼综合业务2,100.0,103.62,3491,正常
2016/06/02 14:53:46,400ebeeb8f4b2d51919022c371b2363fb8e2dfa0,055d9478a3caaab3a85ee2c679cca11952af7c51,持卡人消费,15公寓浴池,-1.47,102.15,3493,正常
2016/06/03 12:47:29,400ebeeb8f4b2d51919022c371b2363fb8e2dfa0,055d9478a3caaab3a85ee2c679cca11952af7c51,持卡人消费,学子便利店A01后楼,-1.0,101.15,3494,正常
2016/06/04 11:24:20,400ebeeb8f4b2d51919022c371b2363fb8e2dfa0,055d9478a3caaab3a85ee2c679cca11952af7c51,持卡人消费,学子便利店A01后楼,-4.5,96.65,3495,正常
2016/06/05 17:51:41,400ebeeb8f4b2d51919022c371b2363fb8e2dfa0,055d9478a3caaab3a85ee2c679cca11952af7c51,持卡人消费,学苑楼商务网关,-2.0,94.65,3496,正常
2016/06/05 17:52:59,400ebeeb8f4b2d51919022c371b2363fb8e2dfa0,055d9478a3caaab3a85ee2c679cca11952af7c51,持卡人消费,学苑楼商务网关,-7.0,87.65,3497,正常
2016/06/07 08:26:59,400ebeeb8f4b2d51919022c371b2363fb8e2dfa0,055d9478a3caaab3a85ee2c679cca11952af7c51,持卡人消费,学子便利店A01后楼,-0.5,87.15,3498,正常
2016/06/07 11:47:25,400ebeeb8f4b2d51919022c371b2363fb8e2dfa0,055d9478a3caaab3a85ee2c679cca11952af7c51,持卡人消费,学子便利店A01后楼,-3.0,84.15,3499,正常
2016/06/07 12:05:50,400ebeeb8f4b2d51919022c371b2363fb8e2dfa0,055d9478a3caaab3a85ee2c679cca11952af7c51,持卡人消费,学苑楼商务网关,-9.0,75.15,3500,正常
2016/06/07 12:07:49,400ebeeb8f4b2d51919022c371b2363fb8e2dfa0,055d9478a3caaab3a85ee2c679cca11952af7c51,持卡人消费,学苑楼商务网关,-6.0,69.15,3501,正常
2016/06/07 12:09:16,400ebeeb8f4b2d51919022c371b2363fb8e2dfa0,055d9478a3caaab3a85ee2c679cca11952af7c51,持卡人消费,学苑楼商务网关,-2.0,67.15,3502,正常
2016/06/07 12:21:25,400ebeeb8f4b2d51919022c371b2363fb8e2dfa0,055d9478a3caaab3a85ee2c679cca11952af7c51,存款,现金充值机,100.0,167.15,3503,正常
2016/06/08 18:13:22,400ebeeb8f4b2d51919022c371b2363fb8e2dfa0,055d9478a3caaab3a85ee2c679cca11952af7c51,持卡人消费,学士楼商务网关,-1.5,165.65,3504,正常
2016/06/08 18:14:50,400ebeeb8f4b2d51919022c371b2363fb8e2dfa0,055d9478a3caaab3a85ee2c679cca11952af7c51,持卡人消费,学士楼商务网关,-3.0,162.65,3505,正常
2016/06/09 08:35:51,400ebeeb8f4b2d51919022c371b2363fb8e2dfa0,055d9478a3caaab3a85ee2c679cca11952af7c51,持卡人消费,学子便利店A01后楼,-0.4,162.25,3506,正常
2016/06/10 11:19:41,400ebeeb8f4b2d51919022c371b2363fb8e2dfa0,055d9478a3caaab3a85ee2c679cca11952af7c51,持卡人消费,学苑楼商务网关,-8.8,153.45,3507,正常
2016/06/10 11:20:35,400ebeeb8f4b2d51919022c371b2363fb8e2dfa0,055d9478a3caaab3a85ee2c679cca11952af7c51,持卡人消费,学苑楼商务网关,-5.0,148.45,3508,正常
2016/06/11 13:39:11,400ebeeb8f4b2d51919022c371b2363fb8e2dfa0,055d9478a3caaab3a85ee2c679cca11952af7c51,持卡人消费,15公寓浴池,-2.0,146.45,3509,正常
2016/06/11 17:42:57,400ebeeb8f4b2d51919022c371b2363fb8e2dfa0,055d9478a3caaab3a85ee2c679cca11952af7c51,持卡人消费,学苑楼商务网关,-8.8,137.65,3510,正常
2016/06/11 17:44:14,400ebeeb8f4b2d51919022c371b2363fb8e2dfa0,055d9478a3caaab3a85ee2c679cca11952af7c51,持卡人消费,学苑楼商务网关,-5.0,132.65,3511,正常
2016/06/12 09:48:51,400ebeeb8f4b2d51919022c371b2363fb8e2dfa0,055d9478a3caaab3a85ee2c679cca11952af7c51,持卡人消费,学士楼商务网关,-2.2,130.45,3512,正常
2016/06/12 09:49:51,400ebeeb8f4b2d51919022c371b2363fb8e2dfa0,055d9478a3caaab3a85ee2c679cca11952af7c51,持卡人消费,学士楼商务网关,-2.0,128.45,3513,正常
2016/06/12 13:28:55,400ebeeb8f4b2d51919022c371b2363fb8e2dfa0,055d9478a3caaab3a85ee2c679cca11952af7c51,持卡人消费,学子便利店A01后楼,-0.5,127.95,3514,正常
2016/06/12 17:30:19,400ebeeb8f4b2d51919022c371b2363fb8e2dfa0,055d9478a3caaab3a85ee2c679cca11952af7c51,持卡人消费,学士楼商务网关,-11.0,114.54,3516,正常
2016/06/12 22:05:37,400ebeeb8f4b2d51919022c371b2363fb8e2dfa0,055d9478a3caaab3a85ee2c679cca11952af7c51,持卡人消费,学子便利店A01后楼,-9.9,104.64,3517,正常
2016/06/13 17:55:30,400ebeeb8f4b2d51919022c371b2363fb8e2dfa0,055d9478a3caaab3a85ee2c679cca11952af7c51,持卡人消费,15公寓浴池,-0.24,102.40,3520,正常
2016/06/13 18:03:12,400ebeeb8f4b2d51919022c371b2363fb8e2dfa0,055d9478a3caaab3a85ee2c679cca11952af7c51,持卡人消费,15公寓浴池,-1.49,102.91,3521,正常
2016/06/15 15:40:59,400ebeeb8f4b2d51919022c371b2363fb8e2dfa0,055d9478a3caaab3a85ee2c679cca11952af7c51,持卡人消费,15公寓浴池,-0.02,102.89,3523,正常
2016/06/15 15:51:27,400ebeeb8f4b2d51919022c371b2363fb8e2dfa0,055d9478a3caaab3a85ee2c679cca11952af7c51,持卡人消费,15公寓浴池,-2.0,100.89,3524,正常
2016/06/15 15:51:36,400ebeeb8f4b2d51919022c371b2363fb8e2dfa0,055d9478a3caaab3a85ee2c679cca11952af7c51,持卡人消费,15公寓浴池,-2.0,98.89,3525,正常
2016/06/15 16:01:01,400ebeeb8f4b2d51919022c371b2363fb8e2dfa0,055d9478a3caaab3a85ee2c679cca11952af7c51,持卡人消费,学子便利店A01后楼,-3.0,95.89,3526,正常
2016/06/15 17:37:13,400ebeeb8f4b2d51919022c371b2363fb8e2dfa0,055d9478a3caaab3a85ee2c679cca11952af7c51,持卡人消费,学士楼商务网关,-19.96,75.93,3527,正常
2016/06/15 17:38:33,400ebeeb8f4b2d51919022c371b2363fb8e2dfa0,055d9478a3caaab3a85ee2c679cca11952af7c51,持卡人消费,学士楼商务网关,-3.4,72.53,3528,正常
2016/06/16 14:31:03,400ebeeb8f4b2d51919022c371b2363fb8e2dfa0,055d9478a3caaab3a85ee2c679cca11952af7c51,持卡人消费,15公寓浴池,-2.0,70.53,3529,正常
2016/06/16 14:30:16,400ebeeb8f4b2d51919022c371b2363fb8e2dfa0,055d9478a3caaab3a85ee2c679cca11952af7c51,持卡人消费,15公寓浴池,-1.81,68.72,3531,正常
2016/06/16 14:31:26,400ebeeb8f4b2d51919022c371b2363fb8e2dfa0,055d9478a3caaab3a85ee2c679cca11952af7c51,持卡人消费,15公寓浴池,-0.05,68.67,3533,正常
2016/06/17 12:48:44,400ebeeb8f4b2d51919022c371b2363fb8e2dfa0,055d9478a3caaab3a85ee2c679cca11952af7c51,持卡人消费,学子便利店A01后楼,-0.5,68.17,3534,正常
2016/06/17 17:15:21,400ebeeb8f4b2d51919022c371b2363fb8e2dfa0,055d9478a3caaab3a85ee2c679cca11952af7c51,存款,现金充值机,100.0,168.17,3535,正常
2016/06/17 17:39:02,400ebeeb8f4b2d51919022c371b2363fb8e2dfa0,055d9478a3caaab3a85ee2c679cca11952af7c51,持卡人消费,学苑楼商务网关,-8.8,159.37,3536,正常
2016/06/19 22:15:16,400ebeeb8f4b2d51919022c371b2363fb8e2dfa0,055d9478a3caaab3a85ee2c679cca11952af7c51,持卡人消费,学子便利店A01后楼,-0.2,159.17,3537,正常
2016/06/19 22:15:25,400ebeeb8f4b2d51919022c371b2363fb8e2dfa0,055d9478a3caaab3a85ee2c679cca11952af7c51,持卡人消费,学子便利店A01后楼,-7.7,151.47,3538,正常
2016/06/21 11:26:44,400ebeeb8f4b2d51919022c371b2363fb8e2dfa0,055d9478a3caaab3a85ee2c679cca11952af7c51,持卡人消费,学苑楼商务网关,-6.8,144.67,3539,正常
2016/06/21 11:29:02,400ebeeb8f4b2d51919022c371b2363fb8e2dfa0,055d9478a3caaab3a85ee2c679cca11952af7c51,持卡人消费,学苑楼商务网关,-5.0,139.67,3540,正常
2016/06/22 09:12:30,400ebeeb8f4b2d51919022c371b2363fb8e2dfa0,055d9478a3caaab3a85ee2c679cca11952af7c51,持卡人消费,学子便利店A01后楼,-2.5,137.17,3541,正常
2016/06/22 11:16:39,400ebeeb8f4b2d51919022c371b2363fb8e2dfa0,055d9478a3caaab3a85ee2c679cca11952af7c51,持卡人消费,学苑楼商务网关,-9.0,128.17,3542,正常
2016/06/22 11:17:46,400ebeeb8f4b2d51919022c371b2363fb8e2dfa0,055d9478a3caaab3a85ee2c679cca11952af7c51,持卡人消费,学苑楼商务网关,-7.0,121.17,3543,正常
2016/06/22 17:39:15,400ebeeb8f4b2d51919022c371b2363fb8e2dfa0,055d9478a3caaab3a85ee2c679cca11952af7c51,持卡人消费,学苑楼商务网关,-8.0,113.17,3544,正常
2016/06/22 17:39:25,400ebeeb8f4b2d51919022c371b2363fb8e2dfa0,055d9478a3caaab3a85ee2c679cca11952af7c51,持卡人消费,学苑楼商务网关,-1.0,112.17,3545,正常
2016/06/22 18:02:44,400ebeeb8f4b2d51919022c371b2363fb8e2dfa0,055d9478a3caaab3a85ee2c679cca11952af7c51,持卡人消费,超市商务子系统,-4.5,107.67,3546,正常
2016/06/23 16:15:17,400ebeeb8f4b2d51919022c371b2363fb8e2dfa0,055d9478a3caaab3a85ee2c679cca11952af7c51,持卡人消费,15公寓浴池,-2.0,105.67,3547,正常
2016/06/23 16:17:17,400ebeeb8f4b2d51919022c371b2363fb8e2dfa0,055d9478a3caaab3a85ee2c679cca11952af7c51,持卡人消费,15公寓浴池,-0.37,105.30,3549,正常
2016/06/25 13:21:56,400ebeeb8f4b2d51919022c371b2363fb8e2dfa0,055d9478a3caaab3a85ee2c679cca11952af7c51,持卡人消费,15公寓浴池,-2.0,103.30,3550,正常
2016/06/25 13:21:58,400ebeeb8f4b2d51919022c371b2363fb8e2dfa0,055d9478a3caaab3a85ee2c679cca11952af7c51,持卡人消费,15公寓浴池,-2.0,101.30,3551,正常
2016/06/25 13:26:28,400ebeeb8f4b2d51919022c371b2363fb8e2dfa0,055d9478a3caaab3a85ee2c679cca11952af7c51,持卡人消费,15公寓浴池,-0.85,100.45,3553,正常
2016/06/25 17:17:53,400ebeeb8f4b2d51919022c371b2363fb8e2dfa0,055d9478a3caaab3a85ee2c679cca11952af7c51,持卡人消费,学苑楼商务网关,-4.0,96.45,3554,正常
2016/06/25 17:18:06,400ebeeb8f4b2d51919022c371b2363fb8e2dfa0,055d9478a3caaab3a85ee2c679cca11952af7c51,持卡人消费,学苑楼商务网关,-1.0,95.45,3555,正常
2016/06/25 17:19:04,400ebeeb8f4b2d51919022c371b2363fb8e2dfa0,055d9478a3caaab3a85ee2c679cca11952af7c51,持卡人消费,学苑楼商务网关,-7.0,88.45,3556,正常
2016/06/25 17:19:58,400ebeeb8f4b2d51919022c371b2363fb8e2dfa0,055d9478a3caaab3a85ee2c679cca11952af7c51,持卡人消费,学苑楼商务网关,-4.0,84.45,3557,正常
2016/06/25 17:20:38,400ebeeb8f4b2d51919022c371b2363fb8e2dfa0,055d9478a3caaab3a85ee2c679cca11952af7c51,持卡人消费,学苑楼商务网关,-0.2,84.25,3558,正常
2016/06/25 17:21:13,400ebeeb8f4b2d51919022c371b2363fb8e2dfa0,055d9478a3caaab3a85ee2c679cca11952af7c51,持卡人消费,学苑楼商务网关,-2.1,82.15,3559,正常
2016/06/25 17:31:10,400ebeeb8f4b2d51919022c371b2363fb8e2dfa0,055d9478a3caaab3a85ee2c679cca11952af7c51,持卡人消费,学苑楼商务网关,-0.5,81.65,3560,正常
2016/06/27 07:46:29,400ebeeb8f4b2d51919022c371b2363fb8e2dfa0,055d9478a3caaab3a85ee2c679cca11952af7c51,持卡人消费,南苑超市A17,-1.2,80.45,3561,正常
2016/06/28 10:32:41,400ebeeb8f4b2d51919022c371b2363fb8e2dfa0,055d9478a3caaab3a85ee2c679cca11952af7c51,持卡人消费,学子便利店A01后楼,-14.0,66.45,3562,正常
2016/06/28 13:33:03,400ebeeb8f4b2d51919022c371b2363fb8e2dfa0,055d9478a3caaab3a85ee2c679cca11952af7c51,持卡人消费,15公寓浴池,-2.0,64.45,3563,正常
2016/06/28 13:33:06,400ebeeb8f4b2d51919022c371b2363fb8e2dfa0,055d9478a3caaab3a85ee2c679cca11952af7c51,持卡人消费,15公寓浴池,-2.0,62.45,3564,正常
2016/06/28 13:33:11,400ebeeb8f4b2d51919022c371b2363fb8e2dfa0,055d9478a3caaab3a85ee2c679cca11952af7c51,持卡人消费,15公寓浴池,-2.0,60.45,3565,正常
2016/06/28 13:34:18,400ebeeb8f4b2d51919022c371b2363fb8e2dfa0,055d9478a3caaab3a85ee2c679cca11952af7c51,持卡人消费,15公寓浴池,-2.0,58.45,3566,正常
2016/06/28 13:36:10,400ebeeb8f4b2d51919022c371b2363fb8e2dfa0,055d9478a3caaab3a85ee2c679cca11952af7c51,持卡人消费,15公寓浴池,-0.51,57.94,3568,正常
2016/06/30 12:52:40,400ebeeb8f4b2d51919022c371b2363fb8e2dfa0,055d9478a3caaab3a85ee2c679cca11952af7c51,持卡人消费,15公寓浴池,-2.0,55.94,3569,正常
2016/06/30 12:42:27,400ebeeb8f4b2d51919022c371b2363fb8e2dfa0,055d9478a3caaab3a85ee2c679cca11952af7c51,持卡人消费,15公寓浴池,-0.02,55.92,3571,正常
2016/06/30 12:53:01,400ebeeb8f4b2d51919022c371b2363fb8e2dfa0,055d9478a3caaab3a85ee2c679cca11952af7c51,持卡人消费,15公寓浴池,-2.0,53.92,3572,正常
2016/06/30 12:55:23,400ebeeb8f4b2d51919022c371b2363fb8e2dfa0,055d9478a3caaab3a85ee2c679cca11952af7c51,持卡人消费,15公寓浴池,-2.0,49.92,3574,正常
2016/06/30 12:54:25,400ebeeb8f4b2d51919022c371b2363fb8e2dfa0,055d9478a3caaab3a85ee2c679cca11952af7c51,持卡人消费,15公寓浴池,-0.32,51.60,3575,正常
2016/06/30 13:35:35,400ebeeb8f4b2d51919022c371b2363fb8e2dfa0,055d9478a3caaab3a85ee2c679cca11952af7c51,持卡人消费,学子便利店A01后楼,-9.0,42.60,3576,正常
2016/06/30 16:44:03,400ebeeb8f4b2d51919022c371b2363fb8e2dfa0,055d9478a3caaab3a85ee2c679cca11952af7c51,持卡人消费,15公寓浴池,-2.0,40.60,3577,正常
2016/06/30 16:44:21,400ebeeb8f4b2d51919022c371b2363fb8e2dfa0,055d9478a3caaab3a85ee2c679cca11952af7c51,持卡人消费,15公寓浴池,-2.0,38.60,3578,正常
2016/06/30 16:45:22,400ebeeb8f4b2d51919022c371b2363fb8e2dfa0,055d9478a3caaab3a85ee2c679cca11952af7c51,持卡人消费,15公寓浴池,-0.24,38.36,3580,正常
