交易发生时间,学号,姓名,交易类型,子系统名称,交易额,现有余额,次数,状态
2016/06/06 12:35:40,c9ada5a3556bdc3849f08a94307c74ca1d25b2f4,080263de8a7b0306e31641ca349e43dce63f9a3d,持卡人消费,硕果园（工大商店）,-16.0,21.43,2424,正常
2016/06/06 12:41:11,c9ada5a3556bdc3849f08a94307c74ca1d25b2f4,080263de8a7b0306e31641ca349e43dce63f9a3d,持卡人消费,硕果园（工大商店）,-5.0,16.43,2425,正常
2016/06/07 10:04:03,c9ada5a3556bdc3849f08a94307c74ca1d25b2f4,080263de8a7b0306e31641ca349e43dce63f9a3d,存款,现金充值机,100.0,116.43,2426,正常
2016/06/07 12:23:16,c9ada5a3556bdc3849f08a94307c74ca1d25b2f4,080263de8a7b0306e31641ca349e43dce63f9a3d,持卡人消费,学苑楼商务网关,-6.0,110.43,2427,正常
2016/06/07 17:22:35,c9ada5a3556bdc3849f08a94307c74ca1d25b2f4,080263de8a7b0306e31641ca349e43dce63f9a3d,持卡人消费,一区图书馆BPOS,-0.3,110.13,2428,正常
2016/06/07 17:59:32,c9ada5a3556bdc3849f08a94307c74ca1d25b2f4,080263de8a7b0306e31641ca349e43dce63f9a3d,持卡人消费,学士楼商务网关,-8.0,102.13,2429,正常
2016/06/07 18:02:24,c9ada5a3556bdc3849f08a94307c74ca1d25b2f4,080263de8a7b0306e31641ca349e43dce63f9a3d,持卡人消费,学士楼商务网关,-0.7,101.43,2430,正常
2016/06/07 19:09:22,c9ada5a3556bdc3849f08a94307c74ca1d25b2f4,080263de8a7b0306e31641ca349e43dce63f9a3d,持卡人消费,一校区水控新,-2.0,99.43,2431,正常
2016/06/08 09:14:42,c9ada5a3556bdc3849f08a94307c74ca1d25b2f4,080263de8a7b0306e31641ca349e43dce63f9a3d,持卡人消费,学士楼商务网关,-6.0,93.43,2432,正常
2016/06/08 09:16:21,c9ada5a3556bdc3849f08a94307c74ca1d25b2f4,080263de8a7b0306e31641ca349e43dce63f9a3d,持卡人消费,学士楼商务网关,-2.5,90.93,2433,正常
2016/06/08 12:31:41,c9ada5a3556bdc3849f08a94307c74ca1d25b2f4,080263de8a7b0306e31641ca349e43dce63f9a3d,持卡人消费,学苑楼商务网关,-8.0,82.93,2434,正常
2016/06/08 12:51:57,c9ada5a3556bdc3849f08a94307c74ca1d25b2f4,080263de8a7b0306e31641ca349e43dce63f9a3d,持卡人消费,超市商务子系统,-5.5,77.43,2435,正常
2016/06/10 07:48:01,c9ada5a3556bdc3849f08a94307c74ca1d25b2f4,080263de8a7b0306e31641ca349e43dce63f9a3d,持卡人消费,硕果园（工大商店）,-6.0,71.43,2436,正常
2016/06/10 07:48:34,c9ada5a3556bdc3849f08a94307c74ca1d25b2f4,080263de8a7b0306e31641ca349e43dce63f9a3d,持卡人消费,硕果园（工大商店）,-3.0,68.43,2437,正常
2016/06/10 19:44:56,c9ada5a3556bdc3849f08a94307c74ca1d25b2f4,080263de8a7b0306e31641ca349e43dce63f9a3d,持卡人消费,硕果园（工大商店）,-14.0,54.43,2438,正常
2016/06/21 11:25:56,c9ada5a3556bdc3849f08a94307c74ca1d25b2f4,080263de8a7b0306e31641ca349e43dce63f9a3d,持卡人消费,硕果园（工大商店）,-3.0,51.43,2439,正常
2016/06/21 11:26:32,c9ada5a3556bdc3849f08a94307c74ca1d25b2f4,080263de8a7b0306e31641ca349e43dce63f9a3d,持卡人消费,硕果园（工大商店）,-2.0,49.43,2440,正常
2016/06/21 12:54:30,c9ada5a3556bdc3849f08a94307c74ca1d25b2f4,080263de8a7b0306e31641ca349e43dce63f9a3d,持卡人消费,学士楼商务网关,-2.0,47.43,2441,正常
2016/06/21 12:55:58,c9ada5a3556bdc3849f08a94307c74ca1d25b2f4,080263de8a7b0306e31641ca349e43dce63f9a3d,持卡人消费,学士楼商务网关,-3.5,43.93,2442,正常
2016/06/21 16:47:27,c9ada5a3556bdc3849f08a94307c74ca1d25b2f4,080263de8a7b0306e31641ca349e43dce63f9a3d,持卡人消费,学苑楼商务网关,-9.0,34.93,2443,正常
2016/06/21 20:05:18,c9ada5a3556bdc3849f08a94307c74ca1d25b2f4,080263de8a7b0306e31641ca349e43dce63f9a3d,持卡人消费,硕果园（工大商店）,-2.0,32.93,2444,正常
2016/06/22 11:41:21,c9ada5a3556bdc3849f08a94307c74ca1d25b2f4,080263de8a7b0306e31641ca349e43dce63f9a3d,持卡人消费,学士楼商务网关,-10.5,22.43,2445,正常
2016/06/22 11:59:29,c9ada5a3556bdc3849f08a94307c74ca1d25b2f4,080263de8a7b0306e31641ca349e43dce63f9a3d,持卡人消费,硕果园（工大商店）,-3.0,19.43,2446,正常
2016/06/22 13:04:00,c9ada5a3556bdc3849f08a94307c74ca1d25b2f4,080263de8a7b0306e31641ca349e43dce63f9a3d,持卡人消费,硕果园（工大商店）,-7.0,12.43,2447,正常
2016/06/22 13:08:17,c9ada5a3556bdc3849f08a94307c74ca1d25b2f4,080263de8a7b0306e31641ca349e43dce63f9a3d,持卡人消费,学士楼商务网关,-7.0,5.43,2448,正常
