交易发生时间,学号,姓名,交易类型,子系统名称,交易额,现有余额,次数,状态
2016/06/01 11:37:20,1099b08ac04ea89cea4571884a56cd5e54ffb2e0,0999766dd8df8f76ba088f77ed21c01628d438d5,存款,现金充值机,300.0,337.95,4390,正常
2016/06/01 12:02:03,1099b08ac04ea89cea4571884a56cd5e54ffb2e0,0999766dd8df8f76ba088f77ed21c01628d438d5,持卡人消费,学苑楼商务网关,-7.5,330.45,4391,正常
2016/06/01 18:59:33,1099b08ac04ea89cea4571884a56cd5e54ffb2e0,0999766dd8df8f76ba088f77ed21c01628d438d5,持卡人消费,一校区水控新,-2.0,328.45,4392,正常
2016/06/01 19:09:35,1099b08ac04ea89cea4571884a56cd5e54ffb2e0,0999766dd8df8f76ba088f77ed21c01628d438d5,持卡人消费,一校区水控新,-0.45,328.00,4394,正常
2016/06/01 19:11:31,1099b08ac04ea89cea4571884a56cd5e54ffb2e0,0999766dd8df8f76ba088f77ed21c01628d438d5,持卡人消费,一校区水控新,-0.11,327.89,4396,正常
2016/06/02 11:33:31,1099b08ac04ea89cea4571884a56cd5e54ffb2e0,0999766dd8df8f76ba088f77ed21c01628d438d5,持卡人消费,学苑楼商务网关,-1.5,326.39,4397,正常
2016/06/02 11:33:33,1099b08ac04ea89cea4571884a56cd5e54ffb2e0,0999766dd8df8f76ba088f77ed21c01628d438d5,持卡人消费,学苑楼商务网关,-0.5,325.89,4398,正常
2016/06/02 11:35:27,1099b08ac04ea89cea4571884a56cd5e54ffb2e0,0999766dd8df8f76ba088f77ed21c01628d438d5,持卡人消费,学苑楼商务网关,-0.6,325.29,4399,正常
2016/06/02 11:36:59,1099b08ac04ea89cea4571884a56cd5e54ffb2e0,0999766dd8df8f76ba088f77ed21c01628d438d5,持卡人消费,学苑楼商务网关,-6.0,319.29,4400,正常
2016/06/02 11:59:57,1099b08ac04ea89cea4571884a56cd5e54ffb2e0,0999766dd8df8f76ba088f77ed21c01628d438d5,持卡人消费,超市商务子系统,-27.5,291.79,4401,正常
2016/06/03 18:06:47,1099b08ac04ea89cea4571884a56cd5e54ffb2e0,0999766dd8df8f76ba088f77ed21c01628d438d5,持卡人消费,学苑楼商务网关,-8.8,282.99,4402,正常
2016/06/04 11:16:42,1099b08ac04ea89cea4571884a56cd5e54ffb2e0,0999766dd8df8f76ba088f77ed21c01628d438d5,持卡人消费,学苑楼商务网关,-2.4,280.59,4403,正常
2016/06/04 17:25:53,1099b08ac04ea89cea4571884a56cd5e54ffb2e0,0999766dd8df8f76ba088f77ed21c01628d438d5,持卡人消费,学苑楼商务网关,-8.8,271.79,4404,正常
2016/06/04 17:47:18,1099b08ac04ea89cea4571884a56cd5e54ffb2e0,0999766dd8df8f76ba088f77ed21c01628d438d5,持卡人消费,超市商务子系统,-6.9,264.89,4405,正常
2016/06/05 19:14:12,1099b08ac04ea89cea4571884a56cd5e54ffb2e0,0999766dd8df8f76ba088f77ed21c01628d438d5,持卡人消费,一校区水控新,-1.54,263.35,4407,正常
2016/06/05 19:34:07,1099b08ac04ea89cea4571884a56cd5e54ffb2e0,0999766dd8df8f76ba088f77ed21c01628d438d5,持卡人消费,一校区水控新,-1.34,262.01,4409,正常
2016/06/06 17:56:06,1099b08ac04ea89cea4571884a56cd5e54ffb2e0,0999766dd8df8f76ba088f77ed21c01628d438d5,持卡人消费,学苑楼商务网关,-8.8,253.21,4410,正常
2016/06/06 19:39:46,1099b08ac04ea89cea4571884a56cd5e54ffb2e0,0999766dd8df8f76ba088f77ed21c01628d438d5,持卡人消费,硕果园（工大商店）,-2.0,251.21,4411,正常
2016/06/07 11:39:49,1099b08ac04ea89cea4571884a56cd5e54ffb2e0,0999766dd8df8f76ba088f77ed21c01628d438d5,持卡人消费,学苑楼商务网关,-7.5,243.71,4412,正常
2016/06/07 17:17:11,1099b08ac04ea89cea4571884a56cd5e54ffb2e0,0999766dd8df8f76ba088f77ed21c01628d438d5,持卡人消费,学士楼商务网关,-6.0,237.71,4413,正常
2016/06/07 17:17:43,1099b08ac04ea89cea4571884a56cd5e54ffb2e0,0999766dd8df8f76ba088f77ed21c01628d438d5,持卡人消费,学士楼商务网关,-0.6,237.11,4414,正常
2016/06/07 17:18:57,1099b08ac04ea89cea4571884a56cd5e54ffb2e0,0999766dd8df8f76ba088f77ed21c01628d438d5,持卡人消费,学士楼商务网关,-0.5,236.61,4415,正常
2016/06/08 11:34:44,1099b08ac04ea89cea4571884a56cd5e54ffb2e0,0999766dd8df8f76ba088f77ed21c01628d438d5,持卡人消费,学苑楼商务网关,-7.5,229.11,4416,正常
2016/06/09 11:14:55,1099b08ac04ea89cea4571884a56cd5e54ffb2e0,0999766dd8df8f76ba088f77ed21c01628d438d5,持卡人消费,学士楼商务网关,-1.4,227.71,4417,正常
2016/06/09 11:16:24,1099b08ac04ea89cea4571884a56cd5e54ffb2e0,0999766dd8df8f76ba088f77ed21c01628d438d5,持卡人消费,学士楼商务网关,-3.5,224.21,4418,正常
2016/06/09 17:37:52,1099b08ac04ea89cea4571884a56cd5e54ffb2e0,0999766dd8df8f76ba088f77ed21c01628d438d5,持卡人消费,学士楼商务网关,-2.0,222.21,4419,正常
2016/06/09 17:38:41,1099b08ac04ea89cea4571884a56cd5e54ffb2e0,0999766dd8df8f76ba088f77ed21c01628d438d5,持卡人消费,学士楼商务网关,-2.3,219.91,4420,正常
2016/06/10 11:34:30,1099b08ac04ea89cea4571884a56cd5e54ffb2e0,0999766dd8df8f76ba088f77ed21c01628d438d5,持卡人消费,学苑楼商务网关,-8.8,211.11,4421,正常
2016/06/10 12:08:24,1099b08ac04ea89cea4571884a56cd5e54ffb2e0,0999766dd8df8f76ba088f77ed21c01628d438d5,持卡人消费,超市商务子系统,-19.0,192.11,4422,正常
2016/06/10 15:19:40,1099b08ac04ea89cea4571884a56cd5e54ffb2e0,0999766dd8df8f76ba088f77ed21c01628d438d5,持卡人消费,一校区水控新,-1.41,190.70,4424,正常
2016/06/10 15:30:43,1099b08ac04ea89cea4571884a56cd5e54ffb2e0,0999766dd8df8f76ba088f77ed21c01628d438d5,持卡人消费,一校区水控新,-0.35,190.35,4426,正常
2016/06/10 15:33:53,1099b08ac04ea89cea4571884a56cd5e54ffb2e0,0999766dd8df8f76ba088f77ed21c01628d438d5,持卡人消费,一校区水控新,-0.38,189.97,4428,正常
2016/06/10 17:25:18,1099b08ac04ea89cea4571884a56cd5e54ffb2e0,0999766dd8df8f76ba088f77ed21c01628d438d5,持卡人消费,学苑楼商务网关,-7.5,182.47,4429,正常
2016/06/10 17:57:27,1099b08ac04ea89cea4571884a56cd5e54ffb2e0,0999766dd8df8f76ba088f77ed21c01628d438d5,持卡人消费,超市商务子系统,-3.8,178.67,4430,正常
2016/06/12 10:49:18,1099b08ac04ea89cea4571884a56cd5e54ffb2e0,0999766dd8df8f76ba088f77ed21c01628d438d5,持卡人消费,学士楼商务网关,-7.0,171.67,4431,正常
2016/06/12 17:51:30,1099b08ac04ea89cea4571884a56cd5e54ffb2e0,0999766dd8df8f76ba088f77ed21c01628d438d5,持卡人消费,学子楼商务网关,-3.2,168.47,4432,正常
2016/06/12 17:51:45,1099b08ac04ea89cea4571884a56cd5e54ffb2e0,0999766dd8df8f76ba088f77ed21c01628d438d5,持卡人消费,学子楼商务网关,-4.8,163.67,4433,正常
2016/06/12 20:45:29,1099b08ac04ea89cea4571884a56cd5e54ffb2e0,0999766dd8df8f76ba088f77ed21c01628d438d5,持卡人消费,超市商务子系统,-1.9,161.77,4434,正常
2016/06/13 11:39:12,1099b08ac04ea89cea4571884a56cd5e54ffb2e0,0999766dd8df8f76ba088f77ed21c01628d438d5,持卡人消费,学苑楼商务网关,-8.6,153.17,4435,正常
2016/06/13 12:01:46,1099b08ac04ea89cea4571884a56cd5e54ffb2e0,0999766dd8df8f76ba088f77ed21c01628d438d5,持卡人消费,一区图书馆BPOS,-0.1,153.07,4436,正常
2016/06/13 17:30:47,1099b08ac04ea89cea4571884a56cd5e54ffb2e0,0999766dd8df8f76ba088f77ed21c01628d438d5,持卡人消费,学士楼商务网关,-5.5,147.57,4437,正常
2016/06/13 17:32:20,1099b08ac04ea89cea4571884a56cd5e54ffb2e0,0999766dd8df8f76ba088f77ed21c01628d438d5,持卡人消费,学士楼商务网关,-3.5,144.07,4438,正常
2016/06/14 14:24:05,1099b08ac04ea89cea4571884a56cd5e54ffb2e0,0999766dd8df8f76ba088f77ed21c01628d438d5,持卡人消费,一校区水控新,-1.26,142.81,4440,正常
2016/06/14 14:25:23,1099b08ac04ea89cea4571884a56cd5e54ffb2e0,0999766dd8df8f76ba088f77ed21c01628d438d5,持卡人消费,一校区水控新,-0.21,142.60,4442,正常
2016/06/14 14:35:52,1099b08ac04ea89cea4571884a56cd5e54ffb2e0,0999766dd8df8f76ba088f77ed21c01628d438d5,持卡人消费,一校区水控新,-0.5,142.10,4444,正常
2016/06/14 14:39:14,1099b08ac04ea89cea4571884a56cd5e54ffb2e0,0999766dd8df8f76ba088f77ed21c01628d438d5,持卡人消费,一校区水控新,-0.21,141.89,4446,正常
2016/06/15 07:31:53,1099b08ac04ea89cea4571884a56cd5e54ffb2e0,0999766dd8df8f76ba088f77ed21c01628d438d5,持卡人消费,学苑楼商务网关,-9.0,132.89,4447,正常
2016/06/16 12:25:37,1099b08ac04ea89cea4571884a56cd5e54ffb2e0,0999766dd8df8f76ba088f77ed21c01628d438d5,持卡人消费,超市商务子系统,-3.3,129.59,4448,正常
2016/06/16 18:04:38,1099b08ac04ea89cea4571884a56cd5e54ffb2e0,0999766dd8df8f76ba088f77ed21c01628d438d5,持卡人消费,硕果园（工大商店）,-15.0,114.59,4449,正常
2016/06/17 11:27:34,1099b08ac04ea89cea4571884a56cd5e54ffb2e0,0999766dd8df8f76ba088f77ed21c01628d438d5,持卡人消费,学士楼商务网关,-6.0,108.59,4450,正常
2016/06/17 11:28:16,1099b08ac04ea89cea4571884a56cd5e54ffb2e0,0999766dd8df8f76ba088f77ed21c01628d438d5,持卡人消费,学士楼商务网关,-0.6,107.99,4451,正常
2016/06/18 11:49:39,1099b08ac04ea89cea4571884a56cd5e54ffb2e0,0999766dd8df8f76ba088f77ed21c01628d438d5,持卡人消费,学苑楼商务网关,-7.5,100.49,4452,正常
2016/06/18 17:44:04,1099b08ac04ea89cea4571884a56cd5e54ffb2e0,0999766dd8df8f76ba088f77ed21c01628d438d5,持卡人消费,硕果园（工大商店）,-8.0,92.49,4453,正常
2016/06/19 20:23:11,1099b08ac04ea89cea4571884a56cd5e54ffb2e0,0999766dd8df8f76ba088f77ed21c01628d438d5,持卡人消费,一校区水控新,-2.0,90.49,4454,正常
2016/06/19 20:26:24,1099b08ac04ea89cea4571884a56cd5e54ffb2e0,0999766dd8df8f76ba088f77ed21c01628d438d5,持卡人消费,一校区水控新,-0.08,90.41,4456,正常
2016/06/19 20:31:14,1099b08ac04ea89cea4571884a56cd5e54ffb2e0,0999766dd8df8f76ba088f77ed21c01628d438d5,持卡人消费,一校区水控新,-0.11,90.30,4458,正常
2016/06/19 20:40:05,1099b08ac04ea89cea4571884a56cd5e54ffb2e0,0999766dd8df8f76ba088f77ed21c01628d438d5,持卡人消费,一校区水控新,-0.43,89.87,4460,正常
2016/06/20 14:57:25,1099b08ac04ea89cea4571884a56cd5e54ffb2e0,0999766dd8df8f76ba088f77ed21c01628d438d5,持卡人消费,超市商务子系统,-22.2,67.67,4461,正常
2016/06/21 19:29:32,1099b08ac04ea89cea4571884a56cd5e54ffb2e0,0999766dd8df8f76ba088f77ed21c01628d438d5,持卡人消费,一校区水控新,-1.66,66.01,4463,正常
2016/06/21 19:46:44,1099b08ac04ea89cea4571884a56cd5e54ffb2e0,0999766dd8df8f76ba088f77ed21c01628d438d5,持卡人消费,一校区水控新,-0.66,65.35,4465,正常
2016/06/21 19:50:22,1099b08ac04ea89cea4571884a56cd5e54ffb2e0,0999766dd8df8f76ba088f77ed21c01628d438d5,持卡人消费,一校区水控新,-0.34,65.01,4467,正常
2016/06/21 19:51:33,1099b08ac04ea89cea4571884a56cd5e54ffb2e0,0999766dd8df8f76ba088f77ed21c01628d438d5,持卡人消费,一校区水控新,-0.11,64.90,4469,正常
2016/06/22 17:36:35,1099b08ac04ea89cea4571884a56cd5e54ffb2e0,0999766dd8df8f76ba088f77ed21c01628d438d5,持卡人消费,学苑楼商务网关,-7.5,57.40,4470,正常
2016/06/22 23:14:47,1099b08ac04ea89cea4571884a56cd5e54ffb2e0,0999766dd8df8f76ba088f77ed21c01628d438d5,持卡人消费,网络中心,-30.0,27.40,4471,正常
2016/06/23 12:13:04,1099b08ac04ea89cea4571884a56cd5e54ffb2e0,0999766dd8df8f76ba088f77ed21c01628d438d5,持卡人消费,学子超市园丁总店,-6.9,20.50,4472,正常
2016/06/24 11:22:23,1099b08ac04ea89cea4571884a56cd5e54ffb2e0,0999766dd8df8f76ba088f77ed21c01628d438d5,存款,学苑楼综合业务3,100.0,120.50,4473,正常
2016/06/24 11:24:08,1099b08ac04ea89cea4571884a56cd5e54ffb2e0,0999766dd8df8f76ba088f77ed21c01628d438d5,持卡人消费,学苑楼商务网关,-8.8,111.70,4474,正常
2016/06/24 14:01:42,1099b08ac04ea89cea4571884a56cd5e54ffb2e0,0999766dd8df8f76ba088f77ed21c01628d438d5,持卡人消费,超市商务子系统,-3.0,108.70,4475,正常
2016/06/24 14:02:57,1099b08ac04ea89cea4571884a56cd5e54ffb2e0,0999766dd8df8f76ba088f77ed21c01628d438d5,持卡人消费,超市商务子系统,-3.3,105.40,4476,正常
2016/06/25 11:06:56,1099b08ac04ea89cea4571884a56cd5e54ffb2e0,0999766dd8df8f76ba088f77ed21c01628d438d5,持卡人消费,学苑楼商务网关,-8.8,96.60,4477,正常
2016/06/25 11:32:22,1099b08ac04ea89cea4571884a56cd5e54ffb2e0,0999766dd8df8f76ba088f77ed21c01628d438d5,持卡人消费,学士楼商务网关,-0.9,95.70,4478,正常
2016/06/25 14:40:25,1099b08ac04ea89cea4571884a56cd5e54ffb2e0,0999766dd8df8f76ba088f77ed21c01628d438d5,持卡人消费,超市商务子系统,-9.2,86.50,4479,正常
2016/06/25 15:13:55,1099b08ac04ea89cea4571884a56cd5e54ffb2e0,0999766dd8df8f76ba088f77ed21c01628d438d5,持卡人消费,一校区水控新,-1.5,85.00,4481,正常
2016/06/25 15:17:59,1099b08ac04ea89cea4571884a56cd5e54ffb2e0,0999766dd8df8f76ba088f77ed21c01628d438d5,持卡人消费,一校区水控新,-0.42,84.58,4483,正常
2016/06/25 15:19:05,1099b08ac04ea89cea4571884a56cd5e54ffb2e0,0999766dd8df8f76ba088f77ed21c01628d438d5,持卡人消费,一校区水控新,-0.18,84.40,4485,正常
2016/06/25 17:23:19,1099b08ac04ea89cea4571884a56cd5e54ffb2e0,0999766dd8df8f76ba088f77ed21c01628d438d5,持卡人消费,学士楼商务网关,-3.0,81.40,4486,正常
2016/06/25 17:24:37,1099b08ac04ea89cea4571884a56cd5e54ffb2e0,0999766dd8df8f76ba088f77ed21c01628d438d5,持卡人消费,学士楼商务网关,-4.6,76.80,4487,正常
2016/06/26 11:20:08,1099b08ac04ea89cea4571884a56cd5e54ffb2e0,0999766dd8df8f76ba088f77ed21c01628d438d5,持卡人消费,学士楼商务网关,-2.6,74.20,4488,正常
2016/06/26 11:21:20,1099b08ac04ea89cea4571884a56cd5e54ffb2e0,0999766dd8df8f76ba088f77ed21c01628d438d5,持卡人消费,学士楼商务网关,-1.0,73.20,4489,正常
2016/06/26 15:10:21,1099b08ac04ea89cea4571884a56cd5e54ffb2e0,0999766dd8df8f76ba088f77ed21c01628d438d5,持卡人消费,超市商务子系统,-6.3,66.90,4490,正常
2016/06/27 17:19:00,1099b08ac04ea89cea4571884a56cd5e54ffb2e0,0999766dd8df8f76ba088f77ed21c01628d438d5,持卡人消费,学苑楼商务网关,-7.5,59.40,4491,正常
2016/06/27 18:58:07,1099b08ac04ea89cea4571884a56cd5e54ffb2e0,0999766dd8df8f76ba088f77ed21c01628d438d5,持卡人消费,一校区水控新,-2.0,57.40,4492,正常
2016/06/27 18:58:12,1099b08ac04ea89cea4571884a56cd5e54ffb2e0,0999766dd8df8f76ba088f77ed21c01628d438d5,持卡人消费,一校区水控新,-2.0,55.40,4493,正常
2016/06/27 19:07:37,1099b08ac04ea89cea4571884a56cd5e54ffb2e0,0999766dd8df8f76ba088f77ed21c01628d438d5,持卡人消费,一校区水控新,-2.0,53.40,4494,正常
2016/06/27 19:05:24,1099b08ac04ea89cea4571884a56cd5e54ffb2e0,0999766dd8df8f76ba088f77ed21c01628d438d5,持卡人消费,一校区水控新,-0.86,52.54,4496,正常
2016/06/27 19:13:51,1099b08ac04ea89cea4571884a56cd5e54ffb2e0,0999766dd8df8f76ba088f77ed21c01628d438d5,持卡人消费,一校区水控新,-0.92,51.62,4497,正常
2016/06/28 07:21:59,1099b08ac04ea89cea4571884a56cd5e54ffb2e0,0999766dd8df8f76ba088f77ed21c01628d438d5,持卡人消费,学士楼商务网关,-2.6,49.02,4498,正常
2016/06/28 12:28:15,1099b08ac04ea89cea4571884a56cd5e54ffb2e0,0999766dd8df8f76ba088f77ed21c01628d438d5,持卡人消费,学子超市园丁总店,-2.6,46.42,4499,正常
2016/06/28 15:54:03,1099b08ac04ea89cea4571884a56cd5e54ffb2e0,0999766dd8df8f76ba088f77ed21c01628d438d5,持卡人消费,超市商务子系统,-3.3,43.12,4500,正常
2016/06/28 20:11:06,1099b08ac04ea89cea4571884a56cd5e54ffb2e0,0999766dd8df8f76ba088f77ed21c01628d438d5,持卡人消费,一校区水控新,-1.18,41.94,4502,正常
2016/06/28 20:16:57,1099b08ac04ea89cea4571884a56cd5e54ffb2e0,0999766dd8df8f76ba088f77ed21c01628d438d5,持卡人消费,一校区水控新,-0.8,41.14,4504,正常
2016/06/29 14:11:00,1099b08ac04ea89cea4571884a56cd5e54ffb2e0,0999766dd8df8f76ba088f77ed21c01628d438d5,持卡人消费,硕果园（工大商店）,-8.0,33.14,4505,正常
2016/06/30 12:37:30,1099b08ac04ea89cea4571884a56cd5e54ffb2e0,0999766dd8df8f76ba088f77ed21c01628d438d5,持卡人消费,硕果园（工大商店）,-4.0,29.14,4506,正常
