交易发生时间,学号,姓名,交易类型,子系统名称,交易额,现有余额,次数,状态
2016/06/02 20:01:41,1caeb27ce466cfa4c6d4c90276bd6f0e0eec6c66,0a88c1f95da0e1e3c7fd201e7dc3a2783148e515,持卡人消费,一校区水控新,-2.0,123.61,3751,正常
2016/06/04 12:30:55,1caeb27ce466cfa4c6d4c90276bd6f0e0eec6c66,0a88c1f95da0e1e3c7fd201e7dc3a2783148e515,持卡人消费,硕果园（工大商店）,-12.0,111.61,3752,正常
2016/06/05 11:49:29,1caeb27ce466cfa4c6d4c90276bd6f0e0eec6c66,0a88c1f95da0e1e3c7fd201e7dc3a2783148e515,持卡人消费,学士楼商务网关,-4.6,107.01,3753,正常
2016/06/05 11:50:42,1caeb27ce466cfa4c6d4c90276bd6f0e0eec6c66,0a88c1f95da0e1e3c7fd201e7dc3a2783148e515,持卡人消费,学士楼商务网关,-2.0,105.01,3754,正常
2016/06/05 12:29:03,1caeb27ce466cfa4c6d4c90276bd6f0e0eec6c66,0a88c1f95da0e1e3c7fd201e7dc3a2783148e515,持卡人消费,一校区水控新,-2.0,103.01,3755,正常
2016/06/05 19:03:35,1caeb27ce466cfa4c6d4c90276bd6f0e0eec6c66,0a88c1f95da0e1e3c7fd201e7dc3a2783148e515,持卡人消费,硕果园（工大商店）,-9.0,94.01,3756,正常
2016/06/05 19:04:50,1caeb27ce466cfa4c6d4c90276bd6f0e0eec6c66,0a88c1f95da0e1e3c7fd201e7dc3a2783148e515,持卡人消费,硕果园（工大商店）,-10.0,84.01,3757,正常
2016/06/05 19:05:06,1caeb27ce466cfa4c6d4c90276bd6f0e0eec6c66,0a88c1f95da0e1e3c7fd201e7dc3a2783148e515,持卡人消费,硕果园（工大商店）,-1.0,83.01,3758,正常
2016/06/05 19:06:32,1caeb27ce466cfa4c6d4c90276bd6f0e0eec6c66,0a88c1f95da0e1e3c7fd201e7dc3a2783148e515,持卡人消费,硕果园（工大商店）,-4.0,79.01,3759,正常
2016/06/05 19:23:32,1caeb27ce466cfa4c6d4c90276bd6f0e0eec6c66,0a88c1f95da0e1e3c7fd201e7dc3a2783148e515,持卡人消费,网络中心,-30.0,49.01,3760,正常
2016/06/07 11:51:36,1caeb27ce466cfa4c6d4c90276bd6f0e0eec6c66,0a88c1f95da0e1e3c7fd201e7dc3a2783148e515,持卡人消费,硕果园（工大商店）,-10.0,39.01,3761,正常
2016/06/07 18:12:58,1caeb27ce466cfa4c6d4c90276bd6f0e0eec6c66,0a88c1f95da0e1e3c7fd201e7dc3a2783148e515,持卡人消费,学士楼商务网关,-8.6,30.41,3762,正常
2016/06/09 11:16:06,1caeb27ce466cfa4c6d4c90276bd6f0e0eec6c66,0a88c1f95da0e1e3c7fd201e7dc3a2783148e515,持卡人消费,学苑楼商务网关,-9.0,21.41,3763,正常
2016/06/10 18:19:40,1caeb27ce466cfa4c6d4c90276bd6f0e0eec6c66,0a88c1f95da0e1e3c7fd201e7dc3a2783148e515,持卡人消费,一校区水控新,-2.0,17.41,3765,正常
2016/06/10 18:15:09,1caeb27ce466cfa4c6d4c90276bd6f0e0eec6c66,0a88c1f95da0e1e3c7fd201e7dc3a2783148e515,持卡人消费,一校区水控新,-1.15,18.26,3766,正常
2016/06/10 18:19:22,1caeb27ce466cfa4c6d4c90276bd6f0e0eec6c66,0a88c1f95da0e1e3c7fd201e7dc3a2783148e515,持卡人消费,一校区水控新,-0.54,17.72,3768,正常
2016/06/13 17:00:05,1caeb27ce466cfa4c6d4c90276bd6f0e0eec6c66,0a88c1f95da0e1e3c7fd201e7dc3a2783148e515,持卡人消费,一校区水控新,-2.0,15.72,3769,正常
2016/06/13 17:01:48,1caeb27ce466cfa4c6d4c90276bd6f0e0eec6c66,0a88c1f95da0e1e3c7fd201e7dc3a2783148e515,持卡人消费,一校区水控新,-0.32,15.40,3771,正常
2016/06/14 17:29:31,1caeb27ce466cfa4c6d4c90276bd6f0e0eec6c66,0a88c1f95da0e1e3c7fd201e7dc3a2783148e515,持卡人消费,学苑楼商务网关,-6.0,9.40,3772,正常
2016/06/18 19:00:17,1caeb27ce466cfa4c6d4c90276bd6f0e0eec6c66,0a88c1f95da0e1e3c7fd201e7dc3a2783148e515,持卡人消费,一校区水控新,-2.0,7.40,3773,正常
2016/06/18 19:00:57,1caeb27ce466cfa4c6d4c90276bd6f0e0eec6c66,0a88c1f95da0e1e3c7fd201e7dc3a2783148e515,持卡人消费,一校区水控新,-0.13,7.27,3775,正常
2016/06/20 14:54:26,1caeb27ce466cfa4c6d4c90276bd6f0e0eec6c66,0a88c1f95da0e1e3c7fd201e7dc3a2783148e515,持卡人消费,一校区水控新,-2.0,5.27,3776,正常
2016/06/20 14:57:50,1caeb27ce466cfa4c6d4c90276bd6f0e0eec6c66,0a88c1f95da0e1e3c7fd201e7dc3a2783148e515,持卡人消费,一校区水控新,-0.64,4.63,3778,正常
2016/06/28 12:27:18,1caeb27ce466cfa4c6d4c90276bd6f0e0eec6c66,0a88c1f95da0e1e3c7fd201e7dc3a2783148e515,存款,学苑楼综合业务3,50.0,54.63,3779,正常
2016/06/28 12:28:16,1caeb27ce466cfa4c6d4c90276bd6f0e0eec6c66,0a88c1f95da0e1e3c7fd201e7dc3a2783148e515,持卡人消费,学苑楼商务网关,-9.0,45.63,3780,正常
2016/06/28 12:28:20,1caeb27ce466cfa4c6d4c90276bd6f0e0eec6c66,0a88c1f95da0e1e3c7fd201e7dc3a2783148e515,持卡人消费,学苑楼商务网关,-7.0,38.63,3781,正常
2016/06/28 12:29:14,1caeb27ce466cfa4c6d4c90276bd6f0e0eec6c66,0a88c1f95da0e1e3c7fd201e7dc3a2783148e515,持卡人消费,学苑楼商务网关,-3.0,35.63,3782,正常
2016/06/28 17:20:44,1caeb27ce466cfa4c6d4c90276bd6f0e0eec6c66,0a88c1f95da0e1e3c7fd201e7dc3a2783148e515,持卡人消费,一校区水控新,-1.82,33.81,3784,正常
2016/06/29 18:38:39,1caeb27ce466cfa4c6d4c90276bd6f0e0eec6c66,0a88c1f95da0e1e3c7fd201e7dc3a2783148e515,持卡人消费,硕果园（工大商店）,-8.0,25.81,3785,正常
2016/06/30 11:37:36,1caeb27ce466cfa4c6d4c90276bd6f0e0eec6c66,0a88c1f95da0e1e3c7fd201e7dc3a2783148e515,持卡人消费,硕果园（工大商店）,-12.0,13.81,3786,正常
