交易发生时间,学号,姓名,交易类型,子系统名称,交易额,现有余额,次数,状态
2016/06/04 17:23:51,0fc33c6bcaa42da0eab1db31b7ddf753f6d4def8,0c7ce1008f84e574718827dad7f1be01995fd773,存款,2区卡中心综合业务,200.0,200.38,4626,正常
2016/06/04 17:26:01,0fc33c6bcaa42da0eab1db31b7ddf753f6d4def8,0c7ce1008f84e574718827dad7f1be01995fd773,持卡人消费,九食堂商务网关,-9.0,191.38,4627,正常
2016/06/04 22:19:42,0fc33c6bcaa42da0eab1db31b7ddf753f6d4def8,0c7ce1008f84e574718827dad7f1be01995fd773,持卡人消费,学子便利店B07,-9.0,182.38,4628,正常
2016/06/05 17:09:35,0fc33c6bcaa42da0eab1db31b7ddf753f6d4def8,0c7ce1008f84e574718827dad7f1be01995fd773,持卡人消费,九食堂商务网关,-8.0,174.38,4629,正常
2016/06/06 07:55:42,0fc33c6bcaa42da0eab1db31b7ddf753f6d4def8,0c7ce1008f84e574718827dad7f1be01995fd773,持卡人消费,九食堂商务网关,-2.6,171.78,4630,正常
2016/06/06 11:04:05,0fc33c6bcaa42da0eab1db31b7ddf753f6d4def8,0c7ce1008f84e574718827dad7f1be01995fd773,持卡人消费,九食堂商务网关,-8.0,163.78,4631,正常
2016/06/06 17:09:02,0fc33c6bcaa42da0eab1db31b7ddf753f6d4def8,0c7ce1008f84e574718827dad7f1be01995fd773,持卡人消费,九食堂商务网关,-10.0,153.78,4632,正常
2016/06/06 17:18:50,0fc33c6bcaa42da0eab1db31b7ddf753f6d4def8,0c7ce1008f84e574718827dad7f1be01995fd773,持卡人消费,九食堂商务网关,-8.0,145.78,4633,正常
2016/06/06 21:49:11,0fc33c6bcaa42da0eab1db31b7ddf753f6d4def8,0c7ce1008f84e574718827dad7f1be01995fd773,持卡人消费,学子便利店B07,-6.0,139.78,4634,正常
2016/06/07 08:06:21,0fc33c6bcaa42da0eab1db31b7ddf753f6d4def8,0c7ce1008f84e574718827dad7f1be01995fd773,持卡人消费,九食堂商务网关,-4.5,135.28,4635,正常
2016/06/07 11:32:33,0fc33c6bcaa42da0eab1db31b7ddf753f6d4def8,0c7ce1008f84e574718827dad7f1be01995fd773,持卡人消费,九食堂商务网关,-10.1,125.18,4636,正常
2016/06/07 17:05:40,0fc33c6bcaa42da0eab1db31b7ddf753f6d4def8,0c7ce1008f84e574718827dad7f1be01995fd773,持卡人消费,九食堂商务网关,-10.0,115.18,4637,正常
2016/06/08 16:51:11,0fc33c6bcaa42da0eab1db31b7ddf753f6d4def8,0c7ce1008f84e574718827dad7f1be01995fd773,持卡人消费,九食堂商务网关,-8.0,107.18,4638,正常
2016/06/08 21:59:10,0fc33c6bcaa42da0eab1db31b7ddf753f6d4def8,0c7ce1008f84e574718827dad7f1be01995fd773,持卡人消费,学子便利店B07,-10.0,97.18,4639,正常
2016/06/09 09:17:29,0fc33c6bcaa42da0eab1db31b7ddf753f6d4def8,0c7ce1008f84e574718827dad7f1be01995fd773,持卡人消费,学子便利店B07,-3.8,93.38,4640,正常
2016/06/09 22:21:18,0fc33c6bcaa42da0eab1db31b7ddf753f6d4def8,0c7ce1008f84e574718827dad7f1be01995fd773,持卡人消费,学子便利店B07,-7.5,85.88,4641,正常
2016/06/10 22:04:03,0fc33c6bcaa42da0eab1db31b7ddf753f6d4def8,0c7ce1008f84e574718827dad7f1be01995fd773,持卡人消费,学子便利店B07,-6.0,79.88,4642,正常
2016/06/11 11:18:39,0fc33c6bcaa42da0eab1db31b7ddf753f6d4def8,0c7ce1008f84e574718827dad7f1be01995fd773,持卡人消费,九食堂商务网关,-9.0,70.88,4643,正常
2016/06/11 14:36:39,0fc33c6bcaa42da0eab1db31b7ddf753f6d4def8,0c7ce1008f84e574718827dad7f1be01995fd773,持卡人消费,二区水控,-0.26,70.62,4645,正常
2016/06/11 14:41:01,0fc33c6bcaa42da0eab1db31b7ddf753f6d4def8,0c7ce1008f84e574718827dad7f1be01995fd773,持卡人消费,二区水控,-0.3,70.32,4647,正常
2016/06/11 14:43:56,0fc33c6bcaa42da0eab1db31b7ddf753f6d4def8,0c7ce1008f84e574718827dad7f1be01995fd773,持卡人消费,二区水控,-0.46,69.86,4649,正常
2016/06/11 14:49:06,0fc33c6bcaa42da0eab1db31b7ddf753f6d4def8,0c7ce1008f84e574718827dad7f1be01995fd773,持卡人消费,二区水控,-0.48,69.38,4651,正常
2016/06/11 17:21:12,0fc33c6bcaa42da0eab1db31b7ddf753f6d4def8,0c7ce1008f84e574718827dad7f1be01995fd773,持卡人消费,九食堂商务网关,-8.0,61.38,4652,正常
2016/06/11 22:24:39,0fc33c6bcaa42da0eab1db31b7ddf753f6d4def8,0c7ce1008f84e574718827dad7f1be01995fd773,持卡人消费,学子便利店B07,-6.7,54.68,4653,正常
2016/06/13 11:04:50,0fc33c6bcaa42da0eab1db31b7ddf753f6d4def8,0c7ce1008f84e574718827dad7f1be01995fd773,持卡人消费,九食堂商务网关,-12.0,42.68,4654,正常
2016/06/13 11:21:30,0fc33c6bcaa42da0eab1db31b7ddf753f6d4def8,0c7ce1008f84e574718827dad7f1be01995fd773,持卡人消费,学子便利店B07,-3.5,39.18,4655,正常
2016/06/13 17:02:53,0fc33c6bcaa42da0eab1db31b7ddf753f6d4def8,0c7ce1008f84e574718827dad7f1be01995fd773,持卡人消费,九食堂商务网关,-8.0,31.18,4656,正常
2016/06/13 17:16:07,0fc33c6bcaa42da0eab1db31b7ddf753f6d4def8,0c7ce1008f84e574718827dad7f1be01995fd773,持卡人消费,九食堂商务网关,-3.0,28.18,4657,正常
2016/06/14 07:41:36,0fc33c6bcaa42da0eab1db31b7ddf753f6d4def8,0c7ce1008f84e574718827dad7f1be01995fd773,持卡人消费,九食堂商务网关,-2.1,26.08,4658,正常
2016/06/14 11:04:57,0fc33c6bcaa42da0eab1db31b7ddf753f6d4def8,0c7ce1008f84e574718827dad7f1be01995fd773,持卡人消费,九食堂商务网关,-9.0,17.08,4659,正常
2016/06/14 17:08:22,0fc33c6bcaa42da0eab1db31b7ddf753f6d4def8,0c7ce1008f84e574718827dad7f1be01995fd773,持卡人消费,九食堂商务网关,-10.0,7.08,4660,正常
2016/06/14 22:16:20,0fc33c6bcaa42da0eab1db31b7ddf753f6d4def8,0c7ce1008f84e574718827dad7f1be01995fd773,持卡人消费,学子便利店B07,-4.5,2.58,4661,正常
2016/06/15 10:26:25,0fc33c6bcaa42da0eab1db31b7ddf753f6d4def8,0c7ce1008f84e574718827dad7f1be01995fd773,存款,现金充值机,100.0,102.58,4662,正常
2016/06/15 11:01:11,0fc33c6bcaa42da0eab1db31b7ddf753f6d4def8,0c7ce1008f84e574718827dad7f1be01995fd773,持卡人消费,九食堂商务网关,-9.0,93.58,4663,正常
2016/06/15 11:15:42,0fc33c6bcaa42da0eab1db31b7ddf753f6d4def8,0c7ce1008f84e574718827dad7f1be01995fd773,持卡人消费,九食堂商务网关,-3.0,90.58,4664,正常
2016/06/15 11:16:15,0fc33c6bcaa42da0eab1db31b7ddf753f6d4def8,0c7ce1008f84e574718827dad7f1be01995fd773,持卡人消费,九食堂商务网关,-2.5,88.08,4665,正常
2016/06/15 17:02:11,0fc33c6bcaa42da0eab1db31b7ddf753f6d4def8,0c7ce1008f84e574718827dad7f1be01995fd773,持卡人消费,九食堂商务网关,-10.0,78.08,4666,正常
2016/06/16 10:56:02,0fc33c6bcaa42da0eab1db31b7ddf753f6d4def8,0c7ce1008f84e574718827dad7f1be01995fd773,持卡人消费,九食堂商务网关,-8.0,70.08,4667,正常
2016/06/16 22:15:00,0fc33c6bcaa42da0eab1db31b7ddf753f6d4def8,0c7ce1008f84e574718827dad7f1be01995fd773,持卡人消费,学子便利店B07,-5.0,65.08,4668,正常
2016/06/17 15:25:22,0fc33c6bcaa42da0eab1db31b7ddf753f6d4def8,0c7ce1008f84e574718827dad7f1be01995fd773,持卡人消费,二区水控,-0.24,64.84,4670,正常
2016/06/17 15:30:06,0fc33c6bcaa42da0eab1db31b7ddf753f6d4def8,0c7ce1008f84e574718827dad7f1be01995fd773,持卡人消费,二区水控,-0.32,64.52,4672,正常
2016/06/17 15:32:23,0fc33c6bcaa42da0eab1db31b7ddf753f6d4def8,0c7ce1008f84e574718827dad7f1be01995fd773,持卡人消费,二区水控,-0.3,64.22,4674,正常
2016/06/17 15:35:40,0fc33c6bcaa42da0eab1db31b7ddf753f6d4def8,0c7ce1008f84e574718827dad7f1be01995fd773,持卡人消费,二区水控,-0.26,63.96,4676,正常
2016/06/17 15:38:04,0fc33c6bcaa42da0eab1db31b7ddf753f6d4def8,0c7ce1008f84e574718827dad7f1be01995fd773,持卡人消费,二区水控,-0.21,63.75,4678,正常
2016/06/17 15:47:07,0fc33c6bcaa42da0eab1db31b7ddf753f6d4def8,0c7ce1008f84e574718827dad7f1be01995fd773,持卡人消费,学子便利店B07,-3.2,60.55,4679,正常
2016/06/17 18:36:09,0fc33c6bcaa42da0eab1db31b7ddf753f6d4def8,0c7ce1008f84e574718827dad7f1be01995fd773,持卡人消费,学子便利店B07,-8.5,52.05,4680,正常
2016/06/17 22:04:55,0fc33c6bcaa42da0eab1db31b7ddf753f6d4def8,0c7ce1008f84e574718827dad7f1be01995fd773,持卡人消费,学子便利店B07,-5.6,46.45,4681,正常
2016/06/18 15:24:48,0fc33c6bcaa42da0eab1db31b7ddf753f6d4def8,0c7ce1008f84e574718827dad7f1be01995fd773,持卡人消费,学子便利店B07,-3.0,43.45,4682,正常
2016/06/18 17:51:49,0fc33c6bcaa42da0eab1db31b7ddf753f6d4def8,0c7ce1008f84e574718827dad7f1be01995fd773,持卡人消费,九食堂商务网关,-10.0,33.45,4683,正常
2016/06/18 21:56:21,0fc33c6bcaa42da0eab1db31b7ddf753f6d4def8,0c7ce1008f84e574718827dad7f1be01995fd773,持卡人消费,学子便利店B07,-9.4,24.05,4684,正常
2016/06/19 16:52:25,0fc33c6bcaa42da0eab1db31b7ddf753f6d4def8,0c7ce1008f84e574718827dad7f1be01995fd773,持卡人消费,九食堂商务网关,-8.0,16.05,4685,正常
2016/06/20 10:54:30,0fc33c6bcaa42da0eab1db31b7ddf753f6d4def8,0c7ce1008f84e574718827dad7f1be01995fd773,持卡人消费,九食堂商务网关,-10.0,6.05,4686,正常
2016/06/20 15:29:04,0fc33c6bcaa42da0eab1db31b7ddf753f6d4def8,0c7ce1008f84e574718827dad7f1be01995fd773,持卡人消费,学子便利店B07,-3.0,3.05,4687,正常
2016/06/21 08:08:11,0fc33c6bcaa42da0eab1db31b7ddf753f6d4def8,0c7ce1008f84e574718827dad7f1be01995fd773,存款,2区卡中心综合业务,100.0,103.05,4688,正常
2016/06/21 08:10:09,0fc33c6bcaa42da0eab1db31b7ddf753f6d4def8,0c7ce1008f84e574718827dad7f1be01995fd773,持卡人消费,九食堂商务网关,-3.6,99.45,4689,正常
2016/06/21 11:08:37,0fc33c6bcaa42da0eab1db31b7ddf753f6d4def8,0c7ce1008f84e574718827dad7f1be01995fd773,持卡人消费,九食堂商务网关,-9.0,90.45,4690,正常
2016/06/21 17:06:07,0fc33c6bcaa42da0eab1db31b7ddf753f6d4def8,0c7ce1008f84e574718827dad7f1be01995fd773,持卡人消费,九食堂商务网关,-10.0,80.45,4691,正常
2016/06/22 11:05:56,0fc33c6bcaa42da0eab1db31b7ddf753f6d4def8,0c7ce1008f84e574718827dad7f1be01995fd773,持卡人消费,九食堂商务网关,-10.0,70.45,4692,正常
2016/06/22 14:57:51,0fc33c6bcaa42da0eab1db31b7ddf753f6d4def8,0c7ce1008f84e574718827dad7f1be01995fd773,持卡人消费,二区水控,-0.4,70.05,4694,正常
2016/06/22 15:02:52,0fc33c6bcaa42da0eab1db31b7ddf753f6d4def8,0c7ce1008f84e574718827dad7f1be01995fd773,持卡人消费,二区水控,-0.35,69.70,4696,正常
2016/06/22 15:07:01,0fc33c6bcaa42da0eab1db31b7ddf753f6d4def8,0c7ce1008f84e574718827dad7f1be01995fd773,持卡人消费,二区水控,-0.48,69.22,4698,正常
2016/06/22 17:15:46,0fc33c6bcaa42da0eab1db31b7ddf753f6d4def8,0c7ce1008f84e574718827dad7f1be01995fd773,持卡人消费,九食堂商务网关,-8.0,61.22,4699,正常
2016/06/22 21:08:49,0fc33c6bcaa42da0eab1db31b7ddf753f6d4def8,0c7ce1008f84e574718827dad7f1be01995fd773,持卡人消费,学子便利店B07,-3.2,58.02,4700,正常
2016/06/23 19:17:45,0fc33c6bcaa42da0eab1db31b7ddf753f6d4def8,0c7ce1008f84e574718827dad7f1be01995fd773,持卡人消费,学子便利店B07,-8.5,49.52,4701,正常
2016/06/24 07:59:32,0fc33c6bcaa42da0eab1db31b7ddf753f6d4def8,0c7ce1008f84e574718827dad7f1be01995fd773,持卡人消费,九食堂商务网关,-2.6,46.92,4702,正常
2016/06/24 11:03:21,0fc33c6bcaa42da0eab1db31b7ddf753f6d4def8,0c7ce1008f84e574718827dad7f1be01995fd773,持卡人消费,九食堂商务网关,-10.0,36.92,4703,正常
2016/06/24 17:00:08,0fc33c6bcaa42da0eab1db31b7ddf753f6d4def8,0c7ce1008f84e574718827dad7f1be01995fd773,持卡人消费,九食堂商务网关,-9.0,27.92,4704,正常
2016/06/24 22:18:04,0fc33c6bcaa42da0eab1db31b7ddf753f6d4def8,0c7ce1008f84e574718827dad7f1be01995fd773,持卡人消费,学子便利店B07,-4.5,23.42,4705,正常
2016/06/25 10:56:26,0fc33c6bcaa42da0eab1db31b7ddf753f6d4def8,0c7ce1008f84e574718827dad7f1be01995fd773,持卡人消费,九食堂商务网关,-10.0,13.42,4706,正常
2016/06/25 22:13:19,0fc33c6bcaa42da0eab1db31b7ddf753f6d4def8,0c7ce1008f84e574718827dad7f1be01995fd773,持卡人消费,学子便利店B07,-6.5,6.92,4707,正常
2016/06/26 11:01:57,0fc33c6bcaa42da0eab1db31b7ddf753f6d4def8,0c7ce1008f84e574718827dad7f1be01995fd773,持卡人消费,九食堂商务网关,-3.0,3.92,4708,正常
2016/06/27 16:39:17,0fc33c6bcaa42da0eab1db31b7ddf753f6d4def8,0c7ce1008f84e574718827dad7f1be01995fd773,存款,现金充值机,100.0,103.92,4709,正常
2016/06/27 20:39:58,0fc33c6bcaa42da0eab1db31b7ddf753f6d4def8,0c7ce1008f84e574718827dad7f1be01995fd773,持卡人消费,学子便利店B07,-7.3,96.62,4710,正常
2016/06/28 07:34:02,0fc33c6bcaa42da0eab1db31b7ddf753f6d4def8,0c7ce1008f84e574718827dad7f1be01995fd773,持卡人消费,九食堂商务网关,-3.0,93.62,4711,正常
2016/06/28 11:03:39,0fc33c6bcaa42da0eab1db31b7ddf753f6d4def8,0c7ce1008f84e574718827dad7f1be01995fd773,持卡人消费,九食堂商务网关,-11.0,82.62,4712,正常
2016/06/28 16:04:20,0fc33c6bcaa42da0eab1db31b7ddf753f6d4def8,0c7ce1008f84e574718827dad7f1be01995fd773,持卡人消费,学子便利店B07,-5.0,77.62,4713,正常
2016/06/28 17:09:31,0fc33c6bcaa42da0eab1db31b7ddf753f6d4def8,0c7ce1008f84e574718827dad7f1be01995fd773,持卡人消费,九食堂商务网关,-9.0,68.62,4714,正常
2016/06/28 20:27:41,0fc33c6bcaa42da0eab1db31b7ddf753f6d4def8,0c7ce1008f84e574718827dad7f1be01995fd773,持卡人消费,二区水控,-1.23,67.39,4716,正常
2016/06/28 20:56:24,0fc33c6bcaa42da0eab1db31b7ddf753f6d4def8,0c7ce1008f84e574718827dad7f1be01995fd773,持卡人消费,二区水控,-2.72,64.67,4718,正常
2016/06/28 22:22:58,0fc33c6bcaa42da0eab1db31b7ddf753f6d4def8,0c7ce1008f84e574718827dad7f1be01995fd773,持卡人消费,学子便利店B07,-5.2,59.47,4719,正常
2016/06/29 17:33:41,0fc33c6bcaa42da0eab1db31b7ddf753f6d4def8,0c7ce1008f84e574718827dad7f1be01995fd773,持卡人消费,四食堂商务网关,-6.0,53.47,4720,正常
2016/06/29 17:34:22,0fc33c6bcaa42da0eab1db31b7ddf753f6d4def8,0c7ce1008f84e574718827dad7f1be01995fd773,持卡人消费,四食堂商务网关,-1.5,51.97,4721,正常
2016/06/29 18:03:54,0fc33c6bcaa42da0eab1db31b7ddf753f6d4def8,0c7ce1008f84e574718827dad7f1be01995fd773,持卡人消费,网络中心,-30.0,21.97,4722,正常
2016/06/29 22:15:10,0fc33c6bcaa42da0eab1db31b7ddf753f6d4def8,0c7ce1008f84e574718827dad7f1be01995fd773,持卡人消费,学子便利店B07,-4.5,17.47,4723,正常
