交易发生时间,学号,姓名,交易类型,子系统名称,交易额,现有余额,次数,状态
2016/06/01 12:16:54,b68a053d522ffe8afa529c2a673c377b0afa903c,0d08c715cfb1200df8b9aedd7130c74091ab4556,持卡人消费,学子超市园丁总店,-44.5,138.60,4552,正常
2016/06/02 11:47:08,b68a053d522ffe8afa529c2a673c377b0afa903c,0d08c715cfb1200df8b9aedd7130c74091ab4556,持卡人消费,学士楼商务网关,-11.99,126.61,4553,正常
2016/06/02 11:50:47,b68a053d522ffe8afa529c2a673c377b0afa903c,0d08c715cfb1200df8b9aedd7130c74091ab4556,持卡人消费,学士楼商务网关,-14.2,112.41,4554,正常
2016/06/02 17:43:18,b68a053d522ffe8afa529c2a673c377b0afa903c,0d08c715cfb1200df8b9aedd7130c74091ab4556,持卡人消费,学士楼商务网关,-2.05,110.36,4555,正常
2016/06/02 17:43:32,b68a053d522ffe8afa529c2a673c377b0afa903c,0d08c715cfb1200df8b9aedd7130c74091ab4556,持卡人消费,学士楼商务网关,-10.08,100.28,4556,正常
2016/06/02 17:45:19,b68a053d522ffe8afa529c2a673c377b0afa903c,0d08c715cfb1200df8b9aedd7130c74091ab4556,持卡人消费,学士楼商务网关,-0.4,99.88,4557,正常
2016/06/03 17:32:19,b68a053d522ffe8afa529c2a673c377b0afa903c,0d08c715cfb1200df8b9aedd7130c74091ab4556,持卡人消费,学士楼商务网关,-8.96,90.92,4558,正常
2016/06/03 17:32:40,b68a053d522ffe8afa529c2a673c377b0afa903c,0d08c715cfb1200df8b9aedd7130c74091ab4556,持卡人消费,学士楼商务网关,-1.86,89.06,4559,正常
2016/06/03 17:34:32,b68a053d522ffe8afa529c2a673c377b0afa903c,0d08c715cfb1200df8b9aedd7130c74091ab4556,持卡人消费,学士楼商务网关,-7.0,82.06,4560,正常
2016/06/03 17:51:08,b68a053d522ffe8afa529c2a673c377b0afa903c,0d08c715cfb1200df8b9aedd7130c74091ab4556,持卡人消费,A9,-2.3,79.76,4561,正常
2016/06/04 17:11:57,b68a053d522ffe8afa529c2a673c377b0afa903c,0d08c715cfb1200df8b9aedd7130c74091ab4556,持卡人消费,学士楼商务网关,-1.86,77.90,4562,正常
2016/06/04 17:12:13,b68a053d522ffe8afa529c2a673c377b0afa903c,0d08c715cfb1200df8b9aedd7130c74091ab4556,持卡人消费,学士楼商务网关,-7.84,70.06,4563,正常
2016/06/04 17:13:18,b68a053d522ffe8afa529c2a673c377b0afa903c,0d08c715cfb1200df8b9aedd7130c74091ab4556,持卡人消费,学士楼商务网关,-5.0,65.06,4564,正常
2016/06/05 10:46:17,b68a053d522ffe8afa529c2a673c377b0afa903c,0d08c715cfb1200df8b9aedd7130c74091ab4556,持卡人消费,超市商务子系统,-1.3,63.76,4565,正常
2016/06/05 10:58:20,b68a053d522ffe8afa529c2a673c377b0afa903c,0d08c715cfb1200df8b9aedd7130c74091ab4556,持卡人消费,学士楼商务网关,-12.0,51.76,4566,正常
2016/06/05 10:58:48,b68a053d522ffe8afa529c2a673c377b0afa903c,0d08c715cfb1200df8b9aedd7130c74091ab4556,持卡人消费,学士楼商务网关,-2.3,49.46,4567,正常
2016/06/05 10:59:36,b68a053d522ffe8afa529c2a673c377b0afa903c,0d08c715cfb1200df8b9aedd7130c74091ab4556,持卡人消费,学士楼商务网关,-5.8,43.66,4568,正常
2016/06/06 10:33:58,b68a053d522ffe8afa529c2a673c377b0afa903c,0d08c715cfb1200df8b9aedd7130c74091ab4556,存款,现金充值机,100.0,143.66,4569,正常
2016/06/06 10:57:13,b68a053d522ffe8afa529c2a673c377b0afa903c,0d08c715cfb1200df8b9aedd7130c74091ab4556,持卡人消费,超市商务子系统,-1.5,142.16,4570,正常
2016/06/06 11:11:33,b68a053d522ffe8afa529c2a673c377b0afa903c,0d08c715cfb1200df8b9aedd7130c74091ab4556,持卡人消费,学士楼商务网关,-10.8,131.36,4571,正常
2016/06/06 11:11:45,b68a053d522ffe8afa529c2a673c377b0afa903c,0d08c715cfb1200df8b9aedd7130c74091ab4556,持卡人消费,学士楼商务网关,-2.11,129.25,4572,正常
2016/06/06 11:14:46,b68a053d522ffe8afa529c2a673c377b0afa903c,0d08c715cfb1200df8b9aedd7130c74091ab4556,持卡人消费,学士楼商务网关,-16.0,113.25,4573,正常
2016/06/06 11:41:00,b68a053d522ffe8afa529c2a673c377b0afa903c,0d08c715cfb1200df8b9aedd7130c74091ab4556,持卡人消费,超市商务子系统,-31.6,81.65,4574,正常
2016/06/06 11:42:21,b68a053d522ffe8afa529c2a673c377b0afa903c,0d08c715cfb1200df8b9aedd7130c74091ab4556,持卡人消费,超市商务子系统,-0.2,81.45,4575,正常
2016/06/06 17:53:44,b68a053d522ffe8afa529c2a673c377b0afa903c,0d08c715cfb1200df8b9aedd7130c74091ab4556,持卡人消费,A9,-2.3,79.15,4576,正常
2016/06/07 11:05:20,b68a053d522ffe8afa529c2a673c377b0afa903c,0d08c715cfb1200df8b9aedd7130c74091ab4556,持卡人消费,南苑网关,-0.2,78.95,4577,正常
2016/06/07 11:05:37,b68a053d522ffe8afa529c2a673c377b0afa903c,0d08c715cfb1200df8b9aedd7130c74091ab4556,持卡人消费,南苑网关,-19.68,59.27,4578,正常
2016/06/12 15:08:48,b68a053d522ffe8afa529c2a673c377b0afa903c,0d08c715cfb1200df8b9aedd7130c74091ab4556,持卡人消费,网络中心,-30.0,29.27,4579,正常
2016/06/12 16:14:08,b68a053d522ffe8afa529c2a673c377b0afa903c,0d08c715cfb1200df8b9aedd7130c74091ab4556,持卡人消费,A9,-2.3,26.97,4580,正常
2016/06/12 20:10:43,b68a053d522ffe8afa529c2a673c377b0afa903c,0d08c715cfb1200df8b9aedd7130c74091ab4556,持卡人消费,硕果园（工大商店）,-8.0,18.97,4581,正常
2016/06/13 07:28:22,b68a053d522ffe8afa529c2a673c377b0afa903c,0d08c715cfb1200df8b9aedd7130c74091ab4556,持卡人消费,学苑楼商务网关,-4.0,14.97,4582,正常
2016/06/13 11:42:48,b68a053d522ffe8afa529c2a673c377b0afa903c,0d08c715cfb1200df8b9aedd7130c74091ab4556,存款,现金充值机,100.0,114.97,4583,正常
2016/06/13 12:02:38,b68a053d522ffe8afa529c2a673c377b0afa903c,0d08c715cfb1200df8b9aedd7130c74091ab4556,持卡人消费,南苑网关,-23.52,91.45,4584,正常
2016/06/13 17:02:57,b68a053d522ffe8afa529c2a673c377b0afa903c,0d08c715cfb1200df8b9aedd7130c74091ab4556,持卡人消费,一区图书馆BPOS,-0.3,91.15,4585,正常
2016/06/13 17:13:28,b68a053d522ffe8afa529c2a673c377b0afa903c,0d08c715cfb1200df8b9aedd7130c74091ab4556,持卡人消费,超市商务子系统,-11.0,80.15,4586,正常
2016/06/14 07:45:00,b68a053d522ffe8afa529c2a673c377b0afa903c,0d08c715cfb1200df8b9aedd7130c74091ab4556,持卡人消费,学苑楼商务网关,-3.1,77.05,4587,正常
2016/06/14 07:45:07,b68a053d522ffe8afa529c2a673c377b0afa903c,0d08c715cfb1200df8b9aedd7130c74091ab4556,持卡人消费,学苑楼商务网关,-2.0,75.05,4588,正常
2016/06/15 06:53:08,b68a053d522ffe8afa529c2a673c377b0afa903c,0d08c715cfb1200df8b9aedd7130c74091ab4556,持卡人消费,学苑楼商务网关,-3.63,71.42,4589,正常
2016/06/15 22:08:15,b68a053d522ffe8afa529c2a673c377b0afa903c,0d08c715cfb1200df8b9aedd7130c74091ab4556,持卡人消费,硕果园（工大商店）,-18.0,53.42,4590,正常
2016/06/15 22:08:44,b68a053d522ffe8afa529c2a673c377b0afa903c,0d08c715cfb1200df8b9aedd7130c74091ab4556,持卡人消费,硕果园（工大商店）,-6.0,47.42,4591,正常
2016/06/16 07:57:02,b68a053d522ffe8afa529c2a673c377b0afa903c,0d08c715cfb1200df8b9aedd7130c74091ab4556,持卡人消费,学苑楼商务网关,-3.2,44.22,4592,正常
2016/06/16 07:57:20,b68a053d522ffe8afa529c2a673c377b0afa903c,0d08c715cfb1200df8b9aedd7130c74091ab4556,持卡人消费,学苑楼商务网关,-2.0,42.22,4593,正常
2016/06/16 13:16:18,b68a053d522ffe8afa529c2a673c377b0afa903c,0d08c715cfb1200df8b9aedd7130c74091ab4556,持卡人消费,超市商务子系统,-11.8,30.42,4594,正常
2016/06/17 10:57:54,b68a053d522ffe8afa529c2a673c377b0afa903c,0d08c715cfb1200df8b9aedd7130c74091ab4556,持卡人消费,学苑楼商务网关,-8.0,22.42,4595,正常
2016/06/17 16:47:57,b68a053d522ffe8afa529c2a673c377b0afa903c,0d08c715cfb1200df8b9aedd7130c74091ab4556,存款,现金充值机,80.0,102.42,4596,正常
2016/06/17 17:10:09,b68a053d522ffe8afa529c2a673c377b0afa903c,0d08c715cfb1200df8b9aedd7130c74091ab4556,持卡人消费,学苑楼商务网关,-9.8,92.62,4597,正常
2016/06/17 17:11:19,b68a053d522ffe8afa529c2a673c377b0afa903c,0d08c715cfb1200df8b9aedd7130c74091ab4556,持卡人消费,学苑楼商务网关,-2.5,90.12,4598,正常
2016/06/18 09:57:05,b68a053d522ffe8afa529c2a673c377b0afa903c,0d08c715cfb1200df8b9aedd7130c74091ab4556,持卡人消费,硕果园（工大商店）,-13.0,77.12,4599,正常
2016/06/18 09:58:24,b68a053d522ffe8afa529c2a673c377b0afa903c,0d08c715cfb1200df8b9aedd7130c74091ab4556,持卡人消费,硕果园（工大商店）,-6.0,71.12,4600,正常
2016/06/18 17:23:58,b68a053d522ffe8afa529c2a673c377b0afa903c,0d08c715cfb1200df8b9aedd7130c74091ab4556,持卡人消费,学苑楼商务网关,-8.0,63.12,4601,正常
2016/06/19 09:40:59,b68a053d522ffe8afa529c2a673c377b0afa903c,0d08c715cfb1200df8b9aedd7130c74091ab4556,持卡人消费,硕果园（工大商店）,-6.0,57.12,4602,正常
2016/06/19 09:42:38,b68a053d522ffe8afa529c2a673c377b0afa903c,0d08c715cfb1200df8b9aedd7130c74091ab4556,持卡人消费,硕果园（工大商店）,-3.0,54.12,4603,正常
2016/06/19 10:58:20,b68a053d522ffe8afa529c2a673c377b0afa903c,0d08c715cfb1200df8b9aedd7130c74091ab4556,持卡人消费,学士楼商务网关,-10.2,43.92,4604,正常
2016/06/19 10:58:41,b68a053d522ffe8afa529c2a673c377b0afa903c,0d08c715cfb1200df8b9aedd7130c74091ab4556,持卡人消费,学士楼商务网关,-1.6,42.32,4605,正常
2016/06/19 11:00:32,b68a053d522ffe8afa529c2a673c377b0afa903c,0d08c715cfb1200df8b9aedd7130c74091ab4556,持卡人消费,学士楼商务网关,-6.0,36.32,4606,正常
2016/06/19 17:29:13,b68a053d522ffe8afa529c2a673c377b0afa903c,0d08c715cfb1200df8b9aedd7130c74091ab4556,持卡人消费,学士楼商务网关,-11.0,25.32,4607,正常
2016/06/20 14:20:59,b68a053d522ffe8afa529c2a673c377b0afa903c,0d08c715cfb1200df8b9aedd7130c74091ab4556,持卡人消费,硕果园（工大商店）,-10.0,15.32,4608,正常
2016/06/20 20:43:06,b68a053d522ffe8afa529c2a673c377b0afa903c,0d08c715cfb1200df8b9aedd7130c74091ab4556,持卡人消费,学子超市园丁总店,-3.8,11.52,4609,正常
2016/06/20 22:01:29,b68a053d522ffe8afa529c2a673c377b0afa903c,0d08c715cfb1200df8b9aedd7130c74091ab4556,持卡人消费,硕果园（工大商店）,-10.0,1.52,4610,正常
2016/06/21 08:04:21,b68a053d522ffe8afa529c2a673c377b0afa903c,0d08c715cfb1200df8b9aedd7130c74091ab4556,存款,现金充值机,300.0,301.52,4611,正常
2016/06/21 08:26:19,b68a053d522ffe8afa529c2a673c377b0afa903c,0d08c715cfb1200df8b9aedd7130c74091ab4556,持卡人消费,学苑楼商务网关,-9.0,292.52,4612,正常
2016/06/21 15:52:57,b68a053d522ffe8afa529c2a673c377b0afa903c,0d08c715cfb1200df8b9aedd7130c74091ab4556,持卡人消费,硕果园（工大商店）,-10.0,282.52,4613,正常
2016/06/21 16:15:47,b68a053d522ffe8afa529c2a673c377b0afa903c,0d08c715cfb1200df8b9aedd7130c74091ab4556,持卡人消费,游泳馆,-6.0,276.52,4614,正常
2016/06/21 17:37:47,b68a053d522ffe8afa529c2a673c377b0afa903c,0d08c715cfb1200df8b9aedd7130c74091ab4556,持卡人消费,学士楼商务网关,-8.96,267.56,4615,正常
2016/06/21 17:38:04,b68a053d522ffe8afa529c2a673c377b0afa903c,0d08c715cfb1200df8b9aedd7130c74091ab4556,持卡人消费,学士楼商务网关,-2.3,265.26,4616,正常
2016/06/21 17:39:15,b68a053d522ffe8afa529c2a673c377b0afa903c,0d08c715cfb1200df8b9aedd7130c74091ab4556,持卡人消费,学士楼商务网关,-6.0,259.26,4617,正常
2016/06/22 11:27:04,b68a053d522ffe8afa529c2a673c377b0afa903c,0d08c715cfb1200df8b9aedd7130c74091ab4556,持卡人消费,学士楼商务网关,-14.4,244.86,4618,正常
2016/06/22 11:27:23,b68a053d522ffe8afa529c2a673c377b0afa903c,0d08c715cfb1200df8b9aedd7130c74091ab4556,持卡人消费,学士楼商务网关,-2.24,242.62,4619,正常
2016/06/22 11:28:38,b68a053d522ffe8afa529c2a673c377b0afa903c,0d08c715cfb1200df8b9aedd7130c74091ab4556,持卡人消费,学士楼商务网关,-6.0,236.62,4620,正常
2016/06/22 11:48:24,b68a053d522ffe8afa529c2a673c377b0afa903c,0d08c715cfb1200df8b9aedd7130c74091ab4556,持卡人消费,硕果园（工大商店）,-6.0,230.62,4621,正常
2016/06/22 17:02:59,b68a053d522ffe8afa529c2a673c377b0afa903c,0d08c715cfb1200df8b9aedd7130c74091ab4556,持卡人消费,南苑网关,-15.84,214.78,4622,正常
2016/06/22 18:51:45,b68a053d522ffe8afa529c2a673c377b0afa903c,0d08c715cfb1200df8b9aedd7130c74091ab4556,持卡人消费,超市商务子系统,-25.3,189.48,4623,正常
2016/06/23 17:21:23,b68a053d522ffe8afa529c2a673c377b0afa903c,0d08c715cfb1200df8b9aedd7130c74091ab4556,持卡人消费,硕果园（工大商店）,-5.0,184.48,4624,正常
2016/06/23 20:48:14,b68a053d522ffe8afa529c2a673c377b0afa903c,0d08c715cfb1200df8b9aedd7130c74091ab4556,持卡人消费,超市商务子系统,-11.3,173.18,4625,正常
2016/06/23 20:49:34,b68a053d522ffe8afa529c2a673c377b0afa903c,0d08c715cfb1200df8b9aedd7130c74091ab4556,持卡人消费,超市商务子系统,-24.5,148.68,4626,正常
2016/06/24 11:55:58,b68a053d522ffe8afa529c2a673c377b0afa903c,0d08c715cfb1200df8b9aedd7130c74091ab4556,持卡人消费,学士楼商务网关,-6.72,141.96,4627,正常
2016/06/24 11:56:06,b68a053d522ffe8afa529c2a673c377b0afa903c,0d08c715cfb1200df8b9aedd7130c74091ab4556,持卡人消费,学士楼商务网关,-2.3,139.66,4628,正常
2016/06/24 11:56:42,b68a053d522ffe8afa529c2a673c377b0afa903c,0d08c715cfb1200df8b9aedd7130c74091ab4556,持卡人消费,学士楼商务网关,-10.8,128.86,4629,正常
2016/06/24 11:58:55,b68a053d522ffe8afa529c2a673c377b0afa903c,0d08c715cfb1200df8b9aedd7130c74091ab4556,持卡人消费,学士楼商务网关,-4.5,124.36,4630,正常
2016/06/24 12:11:37,b68a053d522ffe8afa529c2a673c377b0afa903c,0d08c715cfb1200df8b9aedd7130c74091ab4556,持卡人消费,硕果园（工大商店）,-6.0,118.36,4631,正常
2016/06/24 15:48:55,b68a053d522ffe8afa529c2a673c377b0afa903c,0d08c715cfb1200df8b9aedd7130c74091ab4556,持卡人消费,硕果园（工大商店）,-13.0,105.36,4632,正常
2016/06/24 15:51:10,b68a053d522ffe8afa529c2a673c377b0afa903c,0d08c715cfb1200df8b9aedd7130c74091ab4556,持卡人消费,硕果园（工大商店）,-10.0,95.36,4633,正常
2016/06/24 15:56:55,b68a053d522ffe8afa529c2a673c377b0afa903c,0d08c715cfb1200df8b9aedd7130c74091ab4556,持卡人消费,硕果园（工大商店）,-2.0,93.36,4634,正常
2016/06/24 16:01:36,b68a053d522ffe8afa529c2a673c377b0afa903c,0d08c715cfb1200df8b9aedd7130c74091ab4556,持卡人消费,硕果园（工大商店）,-4.0,89.36,4635,正常
2016/06/24 16:43:03,b68a053d522ffe8afa529c2a673c377b0afa903c,0d08c715cfb1200df8b9aedd7130c74091ab4556,持卡人消费,A9,-2.3,87.06,4636,正常
2016/06/25 11:09:17,b68a053d522ffe8afa529c2a673c377b0afa903c,0d08c715cfb1200df8b9aedd7130c74091ab4556,持卡人消费,学士楼商务网关,-7.56,79.50,4637,正常
2016/06/25 11:11:23,b68a053d522ffe8afa529c2a673c377b0afa903c,0d08c715cfb1200df8b9aedd7130c74091ab4556,持卡人消费,学士楼商务网关,-6.0,73.50,4638,正常
2016/06/26 12:11:00,b68a053d522ffe8afa529c2a673c377b0afa903c,0d08c715cfb1200df8b9aedd7130c74091ab4556,存款,现金充值机,200.0,273.50,4639,正常
2016/06/26 12:39:31,b68a053d522ffe8afa529c2a673c377b0afa903c,0d08c715cfb1200df8b9aedd7130c74091ab4556,持卡人消费,硕果园（工大商店）,-10.0,263.50,4640,正常
2016/06/26 12:52:00,b68a053d522ffe8afa529c2a673c377b0afa903c,0d08c715cfb1200df8b9aedd7130c74091ab4556,持卡人消费,硕果园（工大商店）,-10.0,253.50,4641,正常
2016/06/26 19:50:55,b68a053d522ffe8afa529c2a673c377b0afa903c,0d08c715cfb1200df8b9aedd7130c74091ab4556,持卡人消费,超市商务子系统,-11.0,242.50,4642,正常
2016/06/27 11:23:54,b68a053d522ffe8afa529c2a673c377b0afa903c,0d08c715cfb1200df8b9aedd7130c74091ab4556,持卡人消费,超市商务子系统,-8.8,233.70,4643,正常
2016/06/27 14:48:56,b68a053d522ffe8afa529c2a673c377b0afa903c,0d08c715cfb1200df8b9aedd7130c74091ab4556,持卡人消费,网络中心,-30.0,203.70,4644,正常
2016/06/27 15:08:57,b68a053d522ffe8afa529c2a673c377b0afa903c,0d08c715cfb1200df8b9aedd7130c74091ab4556,持卡人消费,超市商务子系统,-17.6,186.10,4645,正常
2016/06/27 16:23:51,b68a053d522ffe8afa529c2a673c377b0afa903c,0d08c715cfb1200df8b9aedd7130c74091ab4556,持卡人消费,硕果园（工大商店）,-10.0,176.10,4646,正常
2016/06/27 19:44:21,b68a053d522ffe8afa529c2a673c377b0afa903c,0d08c715cfb1200df8b9aedd7130c74091ab4556,持卡人消费,硕果园（工大商店）,-7.0,169.10,4647,正常
2016/06/28 06:42:20,b68a053d522ffe8afa529c2a673c377b0afa903c,0d08c715cfb1200df8b9aedd7130c74091ab4556,持卡人消费,学苑楼商务网关,-2.23,166.87,4648,正常
2016/06/28 10:20:02,b68a053d522ffe8afa529c2a673c377b0afa903c,0d08c715cfb1200df8b9aedd7130c74091ab4556,持卡人消费,超市商务子系统,-8.8,158.07,4649,正常
2016/06/28 15:46:11,b68a053d522ffe8afa529c2a673c377b0afa903c,0d08c715cfb1200df8b9aedd7130c74091ab4556,持卡人消费,硕果园（工大商店）,-10.0,148.07,4650,正常
2016/06/28 16:17:37,b68a053d522ffe8afa529c2a673c377b0afa903c,0d08c715cfb1200df8b9aedd7130c74091ab4556,持卡人消费,15公寓浴池,-1.69,146.38,4651,正常
2016/06/28 16:36:06,b68a053d522ffe8afa529c2a673c377b0afa903c,0d08c715cfb1200df8b9aedd7130c74091ab4556,持卡人消费,硕果园（工大商店）,-10.0,136.38,4652,正常
2016/06/28 19:43:19,b68a053d522ffe8afa529c2a673c377b0afa903c,0d08c715cfb1200df8b9aedd7130c74091ab4556,持卡人消费,超市商务子系统,-11.7,124.68,4653,正常
2016/06/28 19:46:26,b68a053d522ffe8afa529c2a673c377b0afa903c,0d08c715cfb1200df8b9aedd7130c74091ab4556,持卡人消费,超市商务子系统,-8.8,115.88,4654,正常
2016/06/29 06:31:04,b68a053d522ffe8afa529c2a673c377b0afa903c,0d08c715cfb1200df8b9aedd7130c74091ab4556,持卡人消费,游泳馆,-5.0,110.88,4655,正常
2016/06/29 07:31:35,b68a053d522ffe8afa529c2a673c377b0afa903c,0d08c715cfb1200df8b9aedd7130c74091ab4556,持卡人消费,学苑楼商务网关,-9.0,101.88,4656,正常
2016/06/29 11:35:54,b68a053d522ffe8afa529c2a673c377b0afa903c,0d08c715cfb1200df8b9aedd7130c74091ab4556,持卡人消费,学士楼商务网关,-5.32,96.56,4657,正常
2016/06/29 11:36:03,b68a053d522ffe8afa529c2a673c377b0afa903c,0d08c715cfb1200df8b9aedd7130c74091ab4556,持卡人消费,学士楼商务网关,-2.5,94.06,4658,正常
2016/06/29 11:37:39,b68a053d522ffe8afa529c2a673c377b0afa903c,0d08c715cfb1200df8b9aedd7130c74091ab4556,持卡人消费,学士楼商务网关,-7.0,87.06,4659,正常
2016/06/29 17:08:28,b68a053d522ffe8afa529c2a673c377b0afa903c,0d08c715cfb1200df8b9aedd7130c74091ab4556,持卡人消费,学士楼商务网关,-8.68,78.38,4660,正常
2016/06/29 17:09:09,b68a053d522ffe8afa529c2a673c377b0afa903c,0d08c715cfb1200df8b9aedd7130c74091ab4556,持卡人消费,学士楼商务网关,-2.5,75.88,4661,正常
2016/06/29 17:10:23,b68a053d522ffe8afa529c2a673c377b0afa903c,0d08c715cfb1200df8b9aedd7130c74091ab4556,持卡人消费,学士楼商务网关,-6.5,69.38,4662,正常
2016/06/29 17:49:40,b68a053d522ffe8afa529c2a673c377b0afa903c,0d08c715cfb1200df8b9aedd7130c74091ab4556,持卡人消费,学士楼商务网关,-9.86,59.52,4663,正常
2016/06/29 17:50:11,b68a053d522ffe8afa529c2a673c377b0afa903c,0d08c715cfb1200df8b9aedd7130c74091ab4556,持卡人消费,学士楼商务网关,-5.15,54.37,4664,正常
2016/06/29 20:00:45,b68a053d522ffe8afa529c2a673c377b0afa903c,0d08c715cfb1200df8b9aedd7130c74091ab4556,持卡人消费,超市商务子系统,-5.5,48.87,4665,正常
