交易发生时间,学号,姓名,交易类型,子系统名称,交易额,现有余额,次数,状态
2016/06/01 09:29:27,ec60113e951c047d25a6c9efb899a60cfc749d20,0f507d1d623a874a9dda5fc4ad97d3e27d381aed,持卡人消费,学士楼商务网关,-3.0,61.12,5232,正常
2016/06/01 15:37:40,ec60113e951c047d25a6c9efb899a60cfc749d20,0f507d1d623a874a9dda5fc4ad97d3e27d381aed,持卡人消费,硕果园（工大商店）,-9.0,52.12,5233,正常
2016/06/01 15:38:52,ec60113e951c047d25a6c9efb899a60cfc749d20,0f507d1d623a874a9dda5fc4ad97d3e27d381aed,持卡人消费,硕果园（工大商店）,-1.0,51.12,5234,正常
2016/06/01 15:43:43,ec60113e951c047d25a6c9efb899a60cfc749d20,0f507d1d623a874a9dda5fc4ad97d3e27d381aed,持卡人消费,硕果园（工大商店）,-3.5,47.62,5235,正常
2016/06/02 06:58:56,ec60113e951c047d25a6c9efb899a60cfc749d20,0f507d1d623a874a9dda5fc4ad97d3e27d381aed,持卡人消费,学士楼商务网关,-3.2,44.42,5236,正常
2016/06/02 07:00:14,ec60113e951c047d25a6c9efb899a60cfc749d20,0f507d1d623a874a9dda5fc4ad97d3e27d381aed,持卡人消费,学士楼商务网关,-1.0,43.42,5237,正常
2016/06/02 11:06:17,ec60113e951c047d25a6c9efb899a60cfc749d20,0f507d1d623a874a9dda5fc4ad97d3e27d381aed,持卡人消费,硕果园（工大商店）,-12.0,31.42,5238,正常
2016/06/02 11:08:13,ec60113e951c047d25a6c9efb899a60cfc749d20,0f507d1d623a874a9dda5fc4ad97d3e27d381aed,持卡人消费,硕果园（工大商店）,-4.0,27.42,5239,正常
2016/06/02 11:08:45,ec60113e951c047d25a6c9efb899a60cfc749d20,0f507d1d623a874a9dda5fc4ad97d3e27d381aed,持卡人消费,硕果园（工大商店）,-1.0,26.42,5240,正常
2016/06/02 11:09:28,ec60113e951c047d25a6c9efb899a60cfc749d20,0f507d1d623a874a9dda5fc4ad97d3e27d381aed,持卡人消费,硕果园（工大商店）,-11.0,15.42,5241,正常
2016/06/02 11:25:37,ec60113e951c047d25a6c9efb899a60cfc749d20,0f507d1d623a874a9dda5fc4ad97d3e27d381aed,持卡人消费,硕果园（工大商店）,-2.5,12.92,5242,正常
2016/06/03 12:44:43,ec60113e951c047d25a6c9efb899a60cfc749d20,0f507d1d623a874a9dda5fc4ad97d3e27d381aed,持卡人消费,南苑网关,-8.4,4.52,5243,正常
2016/06/03 17:30:40,ec60113e951c047d25a6c9efb899a60cfc749d20,0f507d1d623a874a9dda5fc4ad97d3e27d381aed,存款,现金充值机,200.0,204.52,5244,正常
2016/06/03 17:50:10,ec60113e951c047d25a6c9efb899a60cfc749d20,0f507d1d623a874a9dda5fc4ad97d3e27d381aed,持卡人消费,南苑网关,-7.0,197.52,5245,正常
2016/06/03 17:52:55,ec60113e951c047d25a6c9efb899a60cfc749d20,0f507d1d623a874a9dda5fc4ad97d3e27d381aed,持卡人消费,南苑网关,-1.0,196.52,5246,正常
2016/06/04 12:07:47,ec60113e951c047d25a6c9efb899a60cfc749d20,0f507d1d623a874a9dda5fc4ad97d3e27d381aed,持卡人消费,南苑网关,-0.2,196.32,5247,正常
2016/06/04 12:08:00,ec60113e951c047d25a6c9efb899a60cfc749d20,0f507d1d623a874a9dda5fc4ad97d3e27d381aed,持卡人消费,南苑网关,-8.88,187.44,5248,正常
2016/06/04 17:17:20,ec60113e951c047d25a6c9efb899a60cfc749d20,0f507d1d623a874a9dda5fc4ad97d3e27d381aed,持卡人消费,南苑网关,-0.2,187.24,5249,正常
2016/06/04 17:17:43,ec60113e951c047d25a6c9efb899a60cfc749d20,0f507d1d623a874a9dda5fc4ad97d3e27d381aed,持卡人消费,南苑网关,-8.88,178.36,5250,正常
2016/06/05 00:24:08,ec60113e951c047d25a6c9efb899a60cfc749d20,0f507d1d623a874a9dda5fc4ad97d3e27d381aed,持卡人消费,网络中心,-30.0,148.36,5251,正常
2016/06/05 11:18:14,ec60113e951c047d25a6c9efb899a60cfc749d20,0f507d1d623a874a9dda5fc4ad97d3e27d381aed,持卡人消费,南苑网关,-0.2,148.16,5252,正常
2016/06/05 11:18:42,ec60113e951c047d25a6c9efb899a60cfc749d20,0f507d1d623a874a9dda5fc4ad97d3e27d381aed,持卡人消费,南苑网关,-7.44,140.72,5253,正常
2016/06/05 17:15:52,ec60113e951c047d25a6c9efb899a60cfc749d20,0f507d1d623a874a9dda5fc4ad97d3e27d381aed,持卡人消费,南苑网关,-0.2,140.52,5254,正常
2016/06/05 17:16:05,ec60113e951c047d25a6c9efb899a60cfc749d20,0f507d1d623a874a9dda5fc4ad97d3e27d381aed,持卡人消费,南苑网关,-10.32,130.20,5255,正常
2016/06/06 11:05:52,ec60113e951c047d25a6c9efb899a60cfc749d20,0f507d1d623a874a9dda5fc4ad97d3e27d381aed,持卡人消费,南苑网关,-0.2,130.00,5256,正常
2016/06/06 11:06:09,ec60113e951c047d25a6c9efb899a60cfc749d20,0f507d1d623a874a9dda5fc4ad97d3e27d381aed,持卡人消费,南苑网关,-9.36,120.64,5257,正常
2016/06/06 17:24:36,ec60113e951c047d25a6c9efb899a60cfc749d20,0f507d1d623a874a9dda5fc4ad97d3e27d381aed,持卡人消费,南苑网关,-9.84,110.80,5258,正常
2016/06/07 08:35:30,ec60113e951c047d25a6c9efb899a60cfc749d20,0f507d1d623a874a9dda5fc4ad97d3e27d381aed,持卡人消费,学子超市园丁总店,-5.5,105.30,5259,正常
2016/06/07 11:09:49,ec60113e951c047d25a6c9efb899a60cfc749d20,0f507d1d623a874a9dda5fc4ad97d3e27d381aed,持卡人消费,南苑网关,-10.8,94.50,5260,正常
2016/06/07 17:02:31,ec60113e951c047d25a6c9efb899a60cfc749d20,0f507d1d623a874a9dda5fc4ad97d3e27d381aed,持卡人消费,南苑网关,-0.2,94.30,5261,正常
2016/06/07 17:02:44,ec60113e951c047d25a6c9efb899a60cfc749d20,0f507d1d623a874a9dda5fc4ad97d3e27d381aed,持卡人消费,南苑网关,-8.88,85.42,5262,正常
2016/06/08 10:57:38,ec60113e951c047d25a6c9efb899a60cfc749d20,0f507d1d623a874a9dda5fc4ad97d3e27d381aed,持卡人消费,南苑网关,-12.24,73.18,5263,正常
2016/06/08 17:41:53,ec60113e951c047d25a6c9efb899a60cfc749d20,0f507d1d623a874a9dda5fc4ad97d3e27d381aed,持卡人消费,南苑网关,-0.2,72.98,5264,正常
2016/06/08 17:42:09,ec60113e951c047d25a6c9efb899a60cfc749d20,0f507d1d623a874a9dda5fc4ad97d3e27d381aed,持卡人消费,南苑网关,-8.4,64.58,5265,正常
2016/06/10 11:09:55,ec60113e951c047d25a6c9efb899a60cfc749d20,0f507d1d623a874a9dda5fc4ad97d3e27d381aed,持卡人消费,南苑网关,-0.2,64.38,5266,正常
2016/06/10 11:10:06,ec60113e951c047d25a6c9efb899a60cfc749d20,0f507d1d623a874a9dda5fc4ad97d3e27d381aed,持卡人消费,南苑网关,-8.16,56.22,5267,正常
2016/06/10 16:57:34,ec60113e951c047d25a6c9efb899a60cfc749d20,0f507d1d623a874a9dda5fc4ad97d3e27d381aed,持卡人消费,南苑网关,-7.92,48.30,5268,正常
2016/06/10 17:18:20,ec60113e951c047d25a6c9efb899a60cfc749d20,0f507d1d623a874a9dda5fc4ad97d3e27d381aed,持卡人消费,南苑网关,-4.5,43.80,5269,正常
2016/06/10 20:21:46,ec60113e951c047d25a6c9efb899a60cfc749d20,0f507d1d623a874a9dda5fc4ad97d3e27d381aed,持卡人消费,一校区水控新,-0.7,43.10,5270,正常
2016/06/10 20:29:00,ec60113e951c047d25a6c9efb899a60cfc749d20,0f507d1d623a874a9dda5fc4ad97d3e27d381aed,持卡人消费,一校区水控新,-1.04,42.06,5271,正常
2016/06/10 20:29:29,ec60113e951c047d25a6c9efb899a60cfc749d20,0f507d1d623a874a9dda5fc4ad97d3e27d381aed,持卡人消费,一校区水控新,-0.04,42.02,5272,正常
2016/06/10 20:34:19,ec60113e951c047d25a6c9efb899a60cfc749d20,0f507d1d623a874a9dda5fc4ad97d3e27d381aed,持卡人消费,一校区水控新,-0.48,41.54,5273,正常
2016/06/11 13:02:19,ec60113e951c047d25a6c9efb899a60cfc749d20,0f507d1d623a874a9dda5fc4ad97d3e27d381aed,持卡人消费,硕果园（工大商店）,-9.0,32.54,5274,正常
2016/06/11 19:44:40,ec60113e951c047d25a6c9efb899a60cfc749d20,0f507d1d623a874a9dda5fc4ad97d3e27d381aed,持卡人消费,硕果园（工大商店）,-18.1,14.44,5275,正常
2016/06/11 19:45:43,ec60113e951c047d25a6c9efb899a60cfc749d20,0f507d1d623a874a9dda5fc4ad97d3e27d381aed,持卡人消费,硕果园（工大商店）,-5.0,9.44,5276,正常
2016/06/12 16:47:50,ec60113e951c047d25a6c9efb899a60cfc749d20,0f507d1d623a874a9dda5fc4ad97d3e27d381aed,存款,现金充值机,50.0,59.44,5277,正常
2016/06/12 17:11:52,ec60113e951c047d25a6c9efb899a60cfc749d20,0f507d1d623a874a9dda5fc4ad97d3e27d381aed,持卡人消费,南苑网关,-0.2,59.24,5278,正常
2016/06/12 17:12:11,ec60113e951c047d25a6c9efb899a60cfc749d20,0f507d1d623a874a9dda5fc4ad97d3e27d381aed,持卡人消费,南苑网关,-10.32,48.92,5279,正常
2016/06/13 17:08:05,ec60113e951c047d25a6c9efb899a60cfc749d20,0f507d1d623a874a9dda5fc4ad97d3e27d381aed,持卡人消费,南苑网关,-0.2,48.72,5280,正常
2016/06/13 17:08:24,ec60113e951c047d25a6c9efb899a60cfc749d20,0f507d1d623a874a9dda5fc4ad97d3e27d381aed,持卡人消费,南苑网关,-10.8,37.92,5281,正常
2016/06/14 17:14:04,ec60113e951c047d25a6c9efb899a60cfc749d20,0f507d1d623a874a9dda5fc4ad97d3e27d381aed,持卡人消费,南苑网关,-12.96,24.96,5282,正常
2016/06/14 17:11:45,ec60113e951c047d25a6c9efb899a60cfc749d20,0f507d1d623a874a9dda5fc4ad97d3e27d381aed,存款,现金充值机,100.0,124.96,5283,正常
2016/06/15 20:08:37,ec60113e951c047d25a6c9efb899a60cfc749d20,0f507d1d623a874a9dda5fc4ad97d3e27d381aed,持卡人消费,一校区水控新,-0.54,124.42,5285,正常
2016/06/15 20:13:20,ec60113e951c047d25a6c9efb899a60cfc749d20,0f507d1d623a874a9dda5fc4ad97d3e27d381aed,持卡人消费,一校区水控新,-0.51,123.91,5287,正常
2016/06/16 17:29:40,ec60113e951c047d25a6c9efb899a60cfc749d20,0f507d1d623a874a9dda5fc4ad97d3e27d381aed,持卡人消费,南苑网关,-0.2,123.71,5288,正常
2016/06/16 17:30:00,ec60113e951c047d25a6c9efb899a60cfc749d20,0f507d1d623a874a9dda5fc4ad97d3e27d381aed,持卡人消费,南苑网关,-8.88,114.83,5289,正常
2016/06/17 12:12:47,ec60113e951c047d25a6c9efb899a60cfc749d20,0f507d1d623a874a9dda5fc4ad97d3e27d381aed,持卡人消费,A2,-2.3,112.53,5290,正常
2016/06/17 17:13:59,ec60113e951c047d25a6c9efb899a60cfc749d20,0f507d1d623a874a9dda5fc4ad97d3e27d381aed,持卡人消费,南苑网关,-0.2,112.33,5291,正常
2016/06/17 17:14:13,ec60113e951c047d25a6c9efb899a60cfc749d20,0f507d1d623a874a9dda5fc4ad97d3e27d381aed,持卡人消费,南苑网关,-9.84,102.49,5292,正常
2016/06/18 12:52:24,ec60113e951c047d25a6c9efb899a60cfc749d20,0f507d1d623a874a9dda5fc4ad97d3e27d381aed,持卡人消费,硕果园（工大商店）,-10.0,92.49,5293,正常
2016/06/18 12:53:19,ec60113e951c047d25a6c9efb899a60cfc749d20,0f507d1d623a874a9dda5fc4ad97d3e27d381aed,持卡人消费,硕果园（工大商店）,-5.5,86.99,5294,正常
2016/06/18 18:17:00,ec60113e951c047d25a6c9efb899a60cfc749d20,0f507d1d623a874a9dda5fc4ad97d3e27d381aed,持卡人消费,学子楼商务网关,-7.2,79.79,5295,正常
2016/06/18 18:17:17,ec60113e951c047d25a6c9efb899a60cfc749d20,0f507d1d623a874a9dda5fc4ad97d3e27d381aed,持卡人消费,学子楼商务网关,-8.4,71.39,5296,正常
2016/06/19 17:17:27,ec60113e951c047d25a6c9efb899a60cfc749d20,0f507d1d623a874a9dda5fc4ad97d3e27d381aed,持卡人消费,南苑网关,-4.0,67.39,5297,正常
2016/06/19 17:19:23,ec60113e951c047d25a6c9efb899a60cfc749d20,0f507d1d623a874a9dda5fc4ad97d3e27d381aed,持卡人消费,南苑网关,-4.2,63.19,5298,正常
2016/06/20 12:56:32,ec60113e951c047d25a6c9efb899a60cfc749d20,0f507d1d623a874a9dda5fc4ad97d3e27d381aed,持卡人消费,硕果园（工大商店）,-12.0,51.19,5299,正常
2016/06/20 13:19:59,ec60113e951c047d25a6c9efb899a60cfc749d20,0f507d1d623a874a9dda5fc4ad97d3e27d381aed,持卡人消费,硕果园（工大商店）,-6.6,44.59,5300,正常
2016/06/21 18:48:16,ec60113e951c047d25a6c9efb899a60cfc749d20,0f507d1d623a874a9dda5fc4ad97d3e27d381aed,持卡人消费,硕果园（工大商店）,-11.0,33.59,5301,正常
2016/06/21 18:59:28,ec60113e951c047d25a6c9efb899a60cfc749d20,0f507d1d623a874a9dda5fc4ad97d3e27d381aed,持卡人消费,硕果园（工大商店）,-7.0,26.59,5302,正常
2016/06/23 09:38:49,ec60113e951c047d25a6c9efb899a60cfc749d20,0f507d1d623a874a9dda5fc4ad97d3e27d381aed,存款,现金充值机,100.0,126.59,5303,正常
2016/06/23 10:05:04,ec60113e951c047d25a6c9efb899a60cfc749d20,0f507d1d623a874a9dda5fc4ad97d3e27d381aed,持卡人消费,超市商务子系统,-0.7,125.89,5304,正常
2016/06/24 12:56:57,ec60113e951c047d25a6c9efb899a60cfc749d20,0f507d1d623a874a9dda5fc4ad97d3e27d381aed,持卡人消费,一校区水控新,-0.59,125.30,5306,正常
2016/06/24 12:57:16,ec60113e951c047d25a6c9efb899a60cfc749d20,0f507d1d623a874a9dda5fc4ad97d3e27d381aed,持卡人消费,一校区水控新,-0.05,125.25,5308,正常
2016/06/24 13:02:19,ec60113e951c047d25a6c9efb899a60cfc749d20,0f507d1d623a874a9dda5fc4ad97d3e27d381aed,持卡人消费,一校区水控新,-0.48,124.77,5310,正常
2016/06/24 13:02:55,ec60113e951c047d25a6c9efb899a60cfc749d20,0f507d1d623a874a9dda5fc4ad97d3e27d381aed,持卡人消费,一校区水控新,-0.1,124.67,5312,正常
2016/06/24 13:43:04,ec60113e951c047d25a6c9efb899a60cfc749d20,0f507d1d623a874a9dda5fc4ad97d3e27d381aed,持卡人消费,一区图书馆APOS,-3.2,121.47,5313,正常
2016/06/24 13:47:36,ec60113e951c047d25a6c9efb899a60cfc749d20,0f507d1d623a874a9dda5fc4ad97d3e27d381aed,持卡人消费,硕果园（工大商店）,-12.0,109.47,5314,正常
2016/06/24 13:53:02,ec60113e951c047d25a6c9efb899a60cfc749d20,0f507d1d623a874a9dda5fc4ad97d3e27d381aed,持卡人消费,硕果园（工大商店）,-0.5,108.97,5315,正常
2016/06/25 12:40:33,ec60113e951c047d25a6c9efb899a60cfc749d20,0f507d1d623a874a9dda5fc4ad97d3e27d381aed,持卡人消费,硕果园（工大商店）,-11.5,97.47,5316,正常
2016/06/25 17:29:37,ec60113e951c047d25a6c9efb899a60cfc749d20,0f507d1d623a874a9dda5fc4ad97d3e27d381aed,持卡人消费,硕果园（工大商店）,-12.0,85.47,5317,正常
2016/06/26 13:02:41,ec60113e951c047d25a6c9efb899a60cfc749d20,0f507d1d623a874a9dda5fc4ad97d3e27d381aed,持卡人消费,硕果园（工大商店）,-17.9,67.57,5318,正常
2016/06/26 13:13:26,ec60113e951c047d25a6c9efb899a60cfc749d20,0f507d1d623a874a9dda5fc4ad97d3e27d381aed,持卡人消费,硕果园（工大商店）,-4.2,63.37,5319,正常
2016/06/26 18:59:27,ec60113e951c047d25a6c9efb899a60cfc749d20,0f507d1d623a874a9dda5fc4ad97d3e27d381aed,持卡人消费,硕果园（工大商店）,-23.0,40.37,5320,正常
2016/06/27 12:59:00,ec60113e951c047d25a6c9efb899a60cfc749d20,0f507d1d623a874a9dda5fc4ad97d3e27d381aed,持卡人消费,硕果园（工大商店）,-9.0,31.37,5321,正常
2016/06/27 16:58:09,ec60113e951c047d25a6c9efb899a60cfc749d20,0f507d1d623a874a9dda5fc4ad97d3e27d381aed,持卡人消费,一校区水控新,-0.66,30.71,5323,正常
2016/06/27 17:03:53,ec60113e951c047d25a6c9efb899a60cfc749d20,0f507d1d623a874a9dda5fc4ad97d3e27d381aed,持卡人消费,一校区水控新,-0.72,29.99,5325,正常
2016/06/29 08:22:51,ec60113e951c047d25a6c9efb899a60cfc749d20,0f507d1d623a874a9dda5fc4ad97d3e27d381aed,持卡人消费,学苑楼商务网关,-9.0,20.99,5326,正常
