交易发生时间,学号,姓名,交易类型,子系统名称,交易额,现有余额,次数,状态
2016/06/01 12:28:42,4f4cadb392f0356915ab1ca1ac2f97f6cea32671,0fd9c7c05006fabdc317b721282b297cf4958ccf,持卡人消费,学子便利店A01后楼,-2.0,47.97,3253,正常
2016/06/02 13:00:13,4f4cadb392f0356915ab1ca1ac2f97f6cea32671,0fd9c7c05006fabdc317b721282b297cf4958ccf,持卡人消费,硕果园（工大商店）,-10.0,37.97,3254,正常
2016/06/02 14:14:22,4f4cadb392f0356915ab1ca1ac2f97f6cea32671,0fd9c7c05006fabdc317b721282b297cf4958ccf,持卡人消费,学子便利店A01后楼,-6.0,31.97,3255,正常
2016/06/02 19:32:04,4f4cadb392f0356915ab1ca1ac2f97f6cea32671,0fd9c7c05006fabdc317b721282b297cf4958ccf,持卡人消费,硕果园（工大商店）,-11.0,20.97,3256,正常
2016/06/03 12:20:07,4f4cadb392f0356915ab1ca1ac2f97f6cea32671,0fd9c7c05006fabdc317b721282b297cf4958ccf,持卡人消费,硕果园（工大商店）,-13.0,7.97,3257,正常
2016/06/03 12:21:34,4f4cadb392f0356915ab1ca1ac2f97f6cea32671,0fd9c7c05006fabdc317b721282b297cf4958ccf,持卡人消费,硕果园（工大商店）,-3.0,4.97,3258,正常
2016/06/03 19:33:51,4f4cadb392f0356915ab1ca1ac2f97f6cea32671,0fd9c7c05006fabdc317b721282b297cf4958ccf,持卡人消费,学子便利店A01后楼,-3.0,1.97,3259,正常
2016/06/04 21:55:46,4f4cadb392f0356915ab1ca1ac2f97f6cea32671,0fd9c7c05006fabdc317b721282b297cf4958ccf,持卡人消费,学子便利店A01后楼,-1.8,0.17,3260,正常
2016/06/06 07:25:54,4f4cadb392f0356915ab1ca1ac2f97f6cea32671,0fd9c7c05006fabdc317b721282b297cf4958ccf,存款,现金充值机,100.0,100.17,3261,正常
2016/06/07 10:13:41,4f4cadb392f0356915ab1ca1ac2f97f6cea32671,0fd9c7c05006fabdc317b721282b297cf4958ccf,持卡人消费,学子便利店A01后楼,-3.8,96.37,3262,正常
2016/06/07 12:16:10,4f4cadb392f0356915ab1ca1ac2f97f6cea32671,0fd9c7c05006fabdc317b721282b297cf4958ccf,持卡人消费,学苑楼商务网关,-7.5,88.87,3263,正常
2016/06/07 17:32:41,4f4cadb392f0356915ab1ca1ac2f97f6cea32671,0fd9c7c05006fabdc317b721282b297cf4958ccf,持卡人消费,学苑楼商务网关,-8.0,80.87,3264,正常
2016/06/07 21:33:47,4f4cadb392f0356915ab1ca1ac2f97f6cea32671,0fd9c7c05006fabdc317b721282b297cf4958ccf,持卡人消费,学子便利店A01后楼,-3.0,77.87,3265,正常
2016/06/08 16:02:19,4f4cadb392f0356915ab1ca1ac2f97f6cea32671,0fd9c7c05006fabdc317b721282b297cf4958ccf,持卡人消费,学子便利店A01后楼,-3.0,74.87,3266,正常
2016/06/08 17:25:37,4f4cadb392f0356915ab1ca1ac2f97f6cea32671,0fd9c7c05006fabdc317b721282b297cf4958ccf,持卡人消费,学士楼商务网关,-12.5,62.37,3267,正常
2016/06/08 17:45:19,4f4cadb392f0356915ab1ca1ac2f97f6cea32671,0fd9c7c05006fabdc317b721282b297cf4958ccf,持卡人消费,硕果园（工大商店）,-11.0,51.37,3268,正常
2016/06/08 17:46:31,4f4cadb392f0356915ab1ca1ac2f97f6cea32671,0fd9c7c05006fabdc317b721282b297cf4958ccf,持卡人消费,硕果园（工大商店）,-1.0,50.37,3269,正常
2016/06/09 12:24:40,4f4cadb392f0356915ab1ca1ac2f97f6cea32671,0fd9c7c05006fabdc317b721282b297cf4958ccf,持卡人消费,硕果园（工大商店）,-14.0,36.37,3270,正常
2016/06/09 12:54:24,4f4cadb392f0356915ab1ca1ac2f97f6cea32671,0fd9c7c05006fabdc317b721282b297cf4958ccf,持卡人消费,学子便利店A01后楼,-4.0,32.37,3271,正常
2016/06/09 19:09:54,4f4cadb392f0356915ab1ca1ac2f97f6cea32671,0fd9c7c05006fabdc317b721282b297cf4958ccf,持卡人消费,硕果园（工大商店）,-9.0,23.37,3272,正常
2016/06/09 19:13:48,4f4cadb392f0356915ab1ca1ac2f97f6cea32671,0fd9c7c05006fabdc317b721282b297cf4958ccf,持卡人消费,硕果园（工大商店）,-4.0,19.37,3273,正常
2016/06/10 13:04:23,4f4cadb392f0356915ab1ca1ac2f97f6cea32671,0fd9c7c05006fabdc317b721282b297cf4958ccf,持卡人消费,硕果园（工大商店）,-4.0,15.37,3274,正常
2016/06/10 20:06:07,4f4cadb392f0356915ab1ca1ac2f97f6cea32671,0fd9c7c05006fabdc317b721282b297cf4958ccf,持卡人消费,硕果园（工大商店）,-3.0,12.37,3275,正常
2016/06/11 12:06:47,4f4cadb392f0356915ab1ca1ac2f97f6cea32671,0fd9c7c05006fabdc317b721282b297cf4958ccf,持卡人消费,学士楼商务网关,-8.0,4.37,3276,正常
2016/06/12 20:53:52,4f4cadb392f0356915ab1ca1ac2f97f6cea32671,0fd9c7c05006fabdc317b721282b297cf4958ccf,持卡人消费,学子便利店A01后楼,-0.2,4.17,3277,正常
2016/06/13 21:13:10,4f4cadb392f0356915ab1ca1ac2f97f6cea32671,0fd9c7c05006fabdc317b721282b297cf4958ccf,持卡人消费,学子便利店A01后楼,-0.3,3.87,3278,正常
2016/06/14 20:53:30,4f4cadb392f0356915ab1ca1ac2f97f6cea32671,0fd9c7c05006fabdc317b721282b297cf4958ccf,持卡人消费,学子便利店A01后楼,-0.8,3.07,3279,正常
2016/06/15 20:33:03,4f4cadb392f0356915ab1ca1ac2f97f6cea32671,0fd9c7c05006fabdc317b721282b297cf4958ccf,持卡人消费,学子便利店A01后楼,-0.2,2.87,3280,正常
2016/06/16 19:59:18,4f4cadb392f0356915ab1ca1ac2f97f6cea32671,0fd9c7c05006fabdc317b721282b297cf4958ccf,持卡人消费,学子便利店A01后楼,-0.6,2.27,3281,正常
2016/06/17 20:35:36,4f4cadb392f0356915ab1ca1ac2f97f6cea32671,0fd9c7c05006fabdc317b721282b297cf4958ccf,持卡人消费,学子便利店A01后楼,-0.8,1.47,3282,正常
2016/06/18 16:09:11,4f4cadb392f0356915ab1ca1ac2f97f6cea32671,0fd9c7c05006fabdc317b721282b297cf4958ccf,持卡人消费,学子便利店A01后楼,-0.8,0.67,3283,正常
2016/06/19 22:17:05,4f4cadb392f0356915ab1ca1ac2f97f6cea32671,0fd9c7c05006fabdc317b721282b297cf4958ccf,持卡人消费,学子便利店A01后楼,-0.2,0.47,3284,正常
2016/06/23 11:48:24,4f4cadb392f0356915ab1ca1ac2f97f6cea32671,0fd9c7c05006fabdc317b721282b297cf4958ccf,存款,学苑楼综合业务3,50.0,50.47,3285,正常
2016/06/23 11:51:31,4f4cadb392f0356915ab1ca1ac2f97f6cea32671,0fd9c7c05006fabdc317b721282b297cf4958ccf,持卡人消费,学苑楼商务网关,-7.5,42.97,3286,正常
2016/06/23 11:53:03,4f4cadb392f0356915ab1ca1ac2f97f6cea32671,0fd9c7c05006fabdc317b721282b297cf4958ccf,持卡人消费,学苑楼商务网关,-3.0,39.97,3287,正常
2016/06/23 13:51:09,4f4cadb392f0356915ab1ca1ac2f97f6cea32671,0fd9c7c05006fabdc317b721282b297cf4958ccf,持卡人消费,身份前置机,-1.55,38.42,3288,正常
2016/06/23 17:22:44,4f4cadb392f0356915ab1ca1ac2f97f6cea32671,0fd9c7c05006fabdc317b721282b297cf4958ccf,持卡人消费,学子便利店A01后楼,-3.0,35.42,3289,正常
2016/06/24 15:21:07,4f4cadb392f0356915ab1ca1ac2f97f6cea32671,0fd9c7c05006fabdc317b721282b297cf4958ccf,持卡人消费,学子便利店A01后楼,-3.0,32.42,3290,正常
2016/06/25 12:22:47,4f4cadb392f0356915ab1ca1ac2f97f6cea32671,0fd9c7c05006fabdc317b721282b297cf4958ccf,存款,卡中心综合业务,100.0,132.42,3291,正常
2016/06/25 12:24:34,4f4cadb392f0356915ab1ca1ac2f97f6cea32671,0fd9c7c05006fabdc317b721282b297cf4958ccf,持卡人消费,学苑楼商务网关,-12.0,120.42,3292,正常
2016/06/25 12:25:17,4f4cadb392f0356915ab1ca1ac2f97f6cea32671,0fd9c7c05006fabdc317b721282b297cf4958ccf,持卡人消费,学苑楼商务网关,-3.0,117.42,3293,正常
2016/06/25 12:59:13,4f4cadb392f0356915ab1ca1ac2f97f6cea32671,0fd9c7c05006fabdc317b721282b297cf4958ccf,持卡人消费,A1,-4.6,112.82,3294,正常
2016/06/25 17:24:13,4f4cadb392f0356915ab1ca1ac2f97f6cea32671,0fd9c7c05006fabdc317b721282b297cf4958ccf,持卡人消费,学苑楼商务网关,-7.0,105.82,3295,正常
2016/06/25 21:04:43,4f4cadb392f0356915ab1ca1ac2f97f6cea32671,0fd9c7c05006fabdc317b721282b297cf4958ccf,持卡人消费,学子便利店A01后楼,-3.0,102.82,3296,正常
2016/06/26 11:06:58,4f4cadb392f0356915ab1ca1ac2f97f6cea32671,0fd9c7c05006fabdc317b721282b297cf4958ccf,持卡人消费,硕果园（工大商店）,-13.0,89.82,3297,正常
2016/06/26 11:22:26,4f4cadb392f0356915ab1ca1ac2f97f6cea32671,0fd9c7c05006fabdc317b721282b297cf4958ccf,持卡人消费,硕果园（工大商店）,-13.0,76.82,3298,正常
2016/06/26 12:23:54,4f4cadb392f0356915ab1ca1ac2f97f6cea32671,0fd9c7c05006fabdc317b721282b297cf4958ccf,持卡人消费,学子便利店A01后楼,-1.2,75.62,3299,正常
2016/06/26 18:55:02,4f4cadb392f0356915ab1ca1ac2f97f6cea32671,0fd9c7c05006fabdc317b721282b297cf4958ccf,持卡人消费,学子便利店A01后楼,-2.5,73.12,3300,正常
2016/06/26 21:30:37,4f4cadb392f0356915ab1ca1ac2f97f6cea32671,0fd9c7c05006fabdc317b721282b297cf4958ccf,持卡人消费,学子便利店A01后楼,-7.0,66.12,3301,正常
2016/06/27 16:13:58,4f4cadb392f0356915ab1ca1ac2f97f6cea32671,0fd9c7c05006fabdc317b721282b297cf4958ccf,持卡人消费,学子便利店A01后楼,-4.0,62.12,3302,正常
2016/06/27 20:14:14,4f4cadb392f0356915ab1ca1ac2f97f6cea32671,0fd9c7c05006fabdc317b721282b297cf4958ccf,持卡人消费,学子便利店A01后楼,-6.6,55.52,3303,正常
2016/06/28 10:57:24,4f4cadb392f0356915ab1ca1ac2f97f6cea32671,0fd9c7c05006fabdc317b721282b297cf4958ccf,持卡人消费,网络中心,-30.0,25.52,3304,正常
2016/06/28 18:14:01,4f4cadb392f0356915ab1ca1ac2f97f6cea32671,0fd9c7c05006fabdc317b721282b297cf4958ccf,持卡人消费,学子便利店A01后楼,-2.7,22.82,3305,正常
2016/06/28 18:56:53,4f4cadb392f0356915ab1ca1ac2f97f6cea32671,0fd9c7c05006fabdc317b721282b297cf4958ccf,持卡人消费,15公寓浴池,-1.33,21.49,3307,正常
2016/06/28 19:00:02,4f4cadb392f0356915ab1ca1ac2f97f6cea32671,0fd9c7c05006fabdc317b721282b297cf4958ccf,持卡人消费,15公寓浴池,-0.48,21.01,3309,正常
2016/06/29 12:53:18,4f4cadb392f0356915ab1ca1ac2f97f6cea32671,0fd9c7c05006fabdc317b721282b297cf4958ccf,持卡人消费,身份前置机,-2.85,18.16,3310,正常
2016/06/29 17:39:14,4f4cadb392f0356915ab1ca1ac2f97f6cea32671,0fd9c7c05006fabdc317b721282b297cf4958ccf,持卡人消费,学子便利店A01后楼,-7.8,10.36,3311,正常
2016/06/29 21:04:09,4f4cadb392f0356915ab1ca1ac2f97f6cea32671,0fd9c7c05006fabdc317b721282b297cf4958ccf,持卡人消费,学子便利店A01后楼,-4.0,6.36,3312,正常
2016/06/30 19:55:19,4f4cadb392f0356915ab1ca1ac2f97f6cea32671,0fd9c7c05006fabdc317b721282b297cf4958ccf,持卡人消费,硕果园（工大商店）,-3.0,3.36,3313,正常
