交易发生时间,学号,姓名,交易类型,子系统名称,交易额,现有余额,次数,状态
2016/06/01 11:18:05,1ddfa6725b1c5f1f251794fa2ed1c4909d584b30,1030c25017a1992cde5c030bfb83921176fc3ce7,持卡人消费,学士楼商务网关,-4.6,33.97,4910,正常
2016/06/01 11:19:19,1ddfa6725b1c5f1f251794fa2ed1c4909d584b30,1030c25017a1992cde5c030bfb83921176fc3ce7,持卡人消费,学士楼商务网关,-4.0,29.97,4911,正常
2016/06/02 11:21:25,1ddfa6725b1c5f1f251794fa2ed1c4909d584b30,1030c25017a1992cde5c030bfb83921176fc3ce7,持卡人消费,硕果园（工大商店）,-10.0,19.97,4912,正常
2016/06/03 11:18:41,1ddfa6725b1c5f1f251794fa2ed1c4909d584b30,1030c25017a1992cde5c030bfb83921176fc3ce7,存款,学苑楼综合业务2,100.0,119.97,4913,正常
2016/06/03 11:21:08,1ddfa6725b1c5f1f251794fa2ed1c4909d584b30,1030c25017a1992cde5c030bfb83921176fc3ce7,持卡人消费,学苑楼商务网关,-3.0,116.97,4914,正常
2016/06/03 11:22:08,1ddfa6725b1c5f1f251794fa2ed1c4909d584b30,1030c25017a1992cde5c030bfb83921176fc3ce7,持卡人消费,学苑楼商务网关,-3.5,113.47,4915,正常
2016/06/03 11:22:42,1ddfa6725b1c5f1f251794fa2ed1c4909d584b30,1030c25017a1992cde5c030bfb83921176fc3ce7,持卡人消费,学苑楼商务网关,-0.6,112.87,4916,正常
2016/06/03 11:24:13,1ddfa6725b1c5f1f251794fa2ed1c4909d584b30,1030c25017a1992cde5c030bfb83921176fc3ce7,持卡人消费,学苑楼商务网关,-2.0,110.87,4917,正常
2016/06/03 16:55:31,1ddfa6725b1c5f1f251794fa2ed1c4909d584b30,1030c25017a1992cde5c030bfb83921176fc3ce7,持卡人消费,学士楼商务网关,-0.9,109.97,4918,正常
2016/06/03 16:57:55,1ddfa6725b1c5f1f251794fa2ed1c4909d584b30,1030c25017a1992cde5c030bfb83921176fc3ce7,持卡人消费,硕果园（工大商店）,-9.0,100.97,4919,正常
2016/06/04 08:03:59,1ddfa6725b1c5f1f251794fa2ed1c4909d584b30,1030c25017a1992cde5c030bfb83921176fc3ce7,持卡人消费,硕果园（工大商店）,-5.5,95.47,4920,正常
2016/06/04 11:54:44,1ddfa6725b1c5f1f251794fa2ed1c4909d584b30,1030c25017a1992cde5c030bfb83921176fc3ce7,持卡人消费,学苑楼商务网关,-8.0,87.47,4921,正常
2016/06/04 17:31:00,1ddfa6725b1c5f1f251794fa2ed1c4909d584b30,1030c25017a1992cde5c030bfb83921176fc3ce7,持卡人消费,硕果园（工大商店）,-10.0,77.47,4922,正常
2016/06/05 11:38:51,1ddfa6725b1c5f1f251794fa2ed1c4909d584b30,1030c25017a1992cde5c030bfb83921176fc3ce7,持卡人消费,学士楼商务网关,-4.0,73.47,4923,正常
2016/06/05 11:40:13,1ddfa6725b1c5f1f251794fa2ed1c4909d584b30,1030c25017a1992cde5c030bfb83921176fc3ce7,持卡人消费,学士楼商务网关,-4.1,69.37,4924,正常
2016/06/05 11:41:20,1ddfa6725b1c5f1f251794fa2ed1c4909d584b30,1030c25017a1992cde5c030bfb83921176fc3ce7,持卡人消费,学士楼商务网关,-0.7,68.67,4925,正常
2016/06/05 11:55:58,1ddfa6725b1c5f1f251794fa2ed1c4909d584b30,1030c25017a1992cde5c030bfb83921176fc3ce7,持卡人消费,硕果园（工大商店）,-2.0,66.67,4926,正常
2016/06/05 17:19:15,1ddfa6725b1c5f1f251794fa2ed1c4909d584b30,1030c25017a1992cde5c030bfb83921176fc3ce7,持卡人消费,硕果园（工大商店）,-11.0,55.67,4927,正常
2016/06/06 07:23:55,1ddfa6725b1c5f1f251794fa2ed1c4909d584b30,1030c25017a1992cde5c030bfb83921176fc3ce7,持卡人消费,硕果园（工大商店）,-4.0,51.67,4928,正常
2016/06/06 11:39:09,1ddfa6725b1c5f1f251794fa2ed1c4909d584b30,1030c25017a1992cde5c030bfb83921176fc3ce7,持卡人消费,学苑楼商务网关,-8.0,43.67,4929,正常
2016/06/06 17:05:49,1ddfa6725b1c5f1f251794fa2ed1c4909d584b30,1030c25017a1992cde5c030bfb83921176fc3ce7,持卡人消费,学苑楼商务网关,-8.0,35.67,4930,正常
2016/06/06 17:07:08,1ddfa6725b1c5f1f251794fa2ed1c4909d584b30,1030c25017a1992cde5c030bfb83921176fc3ce7,持卡人消费,学苑楼商务网关,-1.5,34.17,4931,正常
2016/06/07 16:35:41,1ddfa6725b1c5f1f251794fa2ed1c4909d584b30,1030c25017a1992cde5c030bfb83921176fc3ce7,持卡人消费,硕果园（工大商店）,-9.0,25.17,4932,正常
2016/06/07 16:41:25,1ddfa6725b1c5f1f251794fa2ed1c4909d584b30,1030c25017a1992cde5c030bfb83921176fc3ce7,持卡人消费,硕果园（工大商店）,-2.0,23.17,4933,正常
2016/06/07 17:00:34,1ddfa6725b1c5f1f251794fa2ed1c4909d584b30,1030c25017a1992cde5c030bfb83921176fc3ce7,持卡人消费,硕果园（工大商店）,-2.9,20.27,4934,正常
2016/06/08 12:07:10,1ddfa6725b1c5f1f251794fa2ed1c4909d584b30,1030c25017a1992cde5c030bfb83921176fc3ce7,持卡人消费,硕果园（工大商店）,-10.0,10.27,4935,正常
2016/06/08 17:44:42,1ddfa6725b1c5f1f251794fa2ed1c4909d584b30,1030c25017a1992cde5c030bfb83921176fc3ce7,持卡人消费,硕果园（工大商店）,-3.0,7.27,4936,正常
2016/06/09 13:43:56,1ddfa6725b1c5f1f251794fa2ed1c4909d584b30,1030c25017a1992cde5c030bfb83921176fc3ce7,持卡人消费,硕果园（工大商店）,-1.5,5.77,4937,正常
2016/06/09 13:50:54,1ddfa6725b1c5f1f251794fa2ed1c4909d584b30,1030c25017a1992cde5c030bfb83921176fc3ce7,持卡人消费,硕果园（工大商店）,-1.5,4.27,4938,正常
2016/06/10 11:16:21,1ddfa6725b1c5f1f251794fa2ed1c4909d584b30,1030c25017a1992cde5c030bfb83921176fc3ce7,存款,现金充值机,100.0,104.27,4939,正常
2016/06/10 11:44:10,1ddfa6725b1c5f1f251794fa2ed1c4909d584b30,1030c25017a1992cde5c030bfb83921176fc3ce7,持卡人消费,硕果园（工大商店）,-9.0,95.27,4940,正常
2016/06/10 11:46:10,1ddfa6725b1c5f1f251794fa2ed1c4909d584b30,1030c25017a1992cde5c030bfb83921176fc3ce7,持卡人消费,硕果园（工大商店）,-4.5,90.77,4941,正常
2016/06/10 17:30:27,1ddfa6725b1c5f1f251794fa2ed1c4909d584b30,1030c25017a1992cde5c030bfb83921176fc3ce7,持卡人消费,学士楼商务网关,-3.8,86.97,4942,正常
2016/06/10 18:03:45,1ddfa6725b1c5f1f251794fa2ed1c4909d584b30,1030c25017a1992cde5c030bfb83921176fc3ce7,持卡人消费,学士楼商务网关,-2.1,84.87,4943,正常
2016/06/10 18:05:04,1ddfa6725b1c5f1f251794fa2ed1c4909d584b30,1030c25017a1992cde5c030bfb83921176fc3ce7,持卡人消费,学士楼商务网关,-2.1,82.77,4944,正常
2016/06/11 11:31:59,1ddfa6725b1c5f1f251794fa2ed1c4909d584b30,1030c25017a1992cde5c030bfb83921176fc3ce7,持卡人消费,学士楼商务网关,-4.6,78.17,4945,正常
2016/06/11 11:33:21,1ddfa6725b1c5f1f251794fa2ed1c4909d584b30,1030c25017a1992cde5c030bfb83921176fc3ce7,持卡人消费,学士楼商务网关,-4.0,74.17,4946,正常
2016/06/11 11:34:01,1ddfa6725b1c5f1f251794fa2ed1c4909d584b30,1030c25017a1992cde5c030bfb83921176fc3ce7,持卡人消费,学士楼商务网关,-1.8,72.37,4947,正常
2016/06/11 12:25:22,1ddfa6725b1c5f1f251794fa2ed1c4909d584b30,1030c25017a1992cde5c030bfb83921176fc3ce7,持卡人消费,15公寓浴池,-1.5,70.87,4949,正常
2016/06/11 12:34:39,1ddfa6725b1c5f1f251794fa2ed1c4909d584b30,1030c25017a1992cde5c030bfb83921176fc3ce7,持卡人消费,15公寓浴池,-1.57,69.30,4951,正常
2016/06/11 17:29:31,1ddfa6725b1c5f1f251794fa2ed1c4909d584b30,1030c25017a1992cde5c030bfb83921176fc3ce7,持卡人消费,学苑楼商务网关,-8.0,61.30,4952,正常
2016/06/11 17:31:02,1ddfa6725b1c5f1f251794fa2ed1c4909d584b30,1030c25017a1992cde5c030bfb83921176fc3ce7,持卡人消费,学苑楼商务网关,-2.0,59.30,4953,正常
2016/06/11 17:50:24,1ddfa6725b1c5f1f251794fa2ed1c4909d584b30,1030c25017a1992cde5c030bfb83921176fc3ce7,持卡人消费,硕果园（工大商店）,-5.5,53.80,4954,正常
2016/06/12 10:40:12,1ddfa6725b1c5f1f251794fa2ed1c4909d584b30,1030c25017a1992cde5c030bfb83921176fc3ce7,持卡人消费,学士楼商务网关,-7.0,46.80,4955,正常
2016/06/12 10:43:43,1ddfa6725b1c5f1f251794fa2ed1c4909d584b30,1030c25017a1992cde5c030bfb83921176fc3ce7,持卡人消费,学士楼商务网关,-2.5,44.30,4956,正常
2016/06/12 17:01:18,1ddfa6725b1c5f1f251794fa2ed1c4909d584b30,1030c25017a1992cde5c030bfb83921176fc3ce7,持卡人消费,硕果园（工大商店）,-8.0,36.30,4957,正常
2016/06/12 17:13:41,1ddfa6725b1c5f1f251794fa2ed1c4909d584b30,1030c25017a1992cde5c030bfb83921176fc3ce7,持卡人消费,硕果园（工大商店）,-8.0,28.30,4958,正常
2016/06/12 17:19:49,1ddfa6725b1c5f1f251794fa2ed1c4909d584b30,1030c25017a1992cde5c030bfb83921176fc3ce7,持卡人消费,硕果园（工大商店）,-3.0,25.30,4959,正常
2016/06/14 08:29:44,1ddfa6725b1c5f1f251794fa2ed1c4909d584b30,1030c25017a1992cde5c030bfb83921176fc3ce7,持卡人消费,学苑楼商务网关,-2.5,22.80,4960,正常
2016/06/14 10:30:09,1ddfa6725b1c5f1f251794fa2ed1c4909d584b30,1030c25017a1992cde5c030bfb83921176fc3ce7,存款,学苑楼综合业务2,100.0,122.80,4961,正常
2016/06/14 10:33:41,1ddfa6725b1c5f1f251794fa2ed1c4909d584b30,1030c25017a1992cde5c030bfb83921176fc3ce7,持卡人消费,学苑楼商务网关,-9.0,113.80,4962,正常
2016/06/14 10:36:09,1ddfa6725b1c5f1f251794fa2ed1c4909d584b30,1030c25017a1992cde5c030bfb83921176fc3ce7,持卡人消费,学苑楼商务网关,-1.5,112.30,4963,正常
2016/06/14 19:25:58,1ddfa6725b1c5f1f251794fa2ed1c4909d584b30,1030c25017a1992cde5c030bfb83921176fc3ce7,持卡人消费,硕果园（工大商店）,-10.0,102.30,4964,正常
2016/06/14 19:30:23,1ddfa6725b1c5f1f251794fa2ed1c4909d584b30,1030c25017a1992cde5c030bfb83921176fc3ce7,持卡人消费,硕果园（工大商店）,-2.5,99.80,4965,正常
2016/06/15 11:12:51,1ddfa6725b1c5f1f251794fa2ed1c4909d584b30,1030c25017a1992cde5c030bfb83921176fc3ce7,持卡人消费,学士楼商务网关,-10.0,89.80,4966,正常
2016/06/15 11:13:30,1ddfa6725b1c5f1f251794fa2ed1c4909d584b30,1030c25017a1992cde5c030bfb83921176fc3ce7,持卡人消费,学士楼商务网关,-1.8,88.00,4967,正常
2016/06/15 11:16:20,1ddfa6725b1c5f1f251794fa2ed1c4909d584b30,1030c25017a1992cde5c030bfb83921176fc3ce7,持卡人消费,学士楼商务网关,-0.8,87.20,4968,正常
2016/06/15 17:40:16,1ddfa6725b1c5f1f251794fa2ed1c4909d584b30,1030c25017a1992cde5c030bfb83921176fc3ce7,持卡人消费,硕果园（工大商店）,-10.0,77.20,4969,正常
2016/06/16 14:54:42,1ddfa6725b1c5f1f251794fa2ed1c4909d584b30,1030c25017a1992cde5c030bfb83921176fc3ce7,持卡人消费,学士楼商务网关,-9.0,68.20,4970,正常
2016/06/16 14:56:09,1ddfa6725b1c5f1f251794fa2ed1c4909d584b30,1030c25017a1992cde5c030bfb83921176fc3ce7,持卡人消费,学士楼商务网关,-1.95,66.25,4971,正常
2016/06/16 15:00:21,1ddfa6725b1c5f1f251794fa2ed1c4909d584b30,1030c25017a1992cde5c030bfb83921176fc3ce7,持卡人消费,学士楼商务网关,-2.0,64.25,4972,正常
2016/06/18 13:00:52,1ddfa6725b1c5f1f251794fa2ed1c4909d584b30,1030c25017a1992cde5c030bfb83921176fc3ce7,持卡人消费,硕果园（工大商店）,-10.0,54.25,4973,正常
2016/06/18 18:26:28,1ddfa6725b1c5f1f251794fa2ed1c4909d584b30,1030c25017a1992cde5c030bfb83921176fc3ce7,持卡人消费,硕果园（工大商店）,-10.0,44.25,4974,正常
2016/06/18 19:11:08,1ddfa6725b1c5f1f251794fa2ed1c4909d584b30,1030c25017a1992cde5c030bfb83921176fc3ce7,持卡人消费,15公寓浴池,-1.73,42.52,4976,正常
2016/06/19 12:24:13,1ddfa6725b1c5f1f251794fa2ed1c4909d584b30,1030c25017a1992cde5c030bfb83921176fc3ce7,持卡人消费,学士楼商务网关,-8.0,34.52,4977,正常
2016/06/19 12:28:55,1ddfa6725b1c5f1f251794fa2ed1c4909d584b30,1030c25017a1992cde5c030bfb83921176fc3ce7,持卡人消费,学士楼商务网关,-1.5,33.02,4978,正常
2016/06/19 17:38:15,1ddfa6725b1c5f1f251794fa2ed1c4909d584b30,1030c25017a1992cde5c030bfb83921176fc3ce7,持卡人消费,硕果园（工大商店）,-8.0,25.02,4979,正常
2016/06/20 11:28:23,1ddfa6725b1c5f1f251794fa2ed1c4909d584b30,1030c25017a1992cde5c030bfb83921176fc3ce7,持卡人消费,学士楼商务网关,-4.0,21.02,4980,正常
2016/06/20 11:29:48,1ddfa6725b1c5f1f251794fa2ed1c4909d584b30,1030c25017a1992cde5c030bfb83921176fc3ce7,持卡人消费,学士楼商务网关,-2.05,18.97,4981,正常
2016/06/20 11:29:50,1ddfa6725b1c5f1f251794fa2ed1c4909d584b30,1030c25017a1992cde5c030bfb83921176fc3ce7,持卡人消费,学士楼商务网关,-0.05,18.92,4982,正常
2016/06/20 18:01:46,1ddfa6725b1c5f1f251794fa2ed1c4909d584b30,1030c25017a1992cde5c030bfb83921176fc3ce7,持卡人消费,学苑楼商务网关,-1.5,17.42,4983,正常
2016/06/20 18:03:22,1ddfa6725b1c5f1f251794fa2ed1c4909d584b30,1030c25017a1992cde5c030bfb83921176fc3ce7,持卡人消费,学苑楼商务网关,-7.0,10.42,4984,正常
2016/06/20 18:25:00,1ddfa6725b1c5f1f251794fa2ed1c4909d584b30,1030c25017a1992cde5c030bfb83921176fc3ce7,持卡人消费,硕果园（工大商店）,-3.5,6.92,4985,正常
2016/06/21 09:28:10,1ddfa6725b1c5f1f251794fa2ed1c4909d584b30,1030c25017a1992cde5c030bfb83921176fc3ce7,持卡人消费,硕果园（工大商店）,-3.0,3.92,4986,正常
2016/06/25 19:06:28,1ddfa6725b1c5f1f251794fa2ed1c4909d584b30,1030c25017a1992cde5c030bfb83921176fc3ce7,持卡人消费,硕果园（工大商店）,-1.0,2.92,4987,正常
2016/06/25 19:15:14,1ddfa6725b1c5f1f251794fa2ed1c4909d584b30,1030c25017a1992cde5c030bfb83921176fc3ce7,持卡人消费,硕果园（工大商店）,-2.5,0.42,4988,正常
2016/06/27 11:07:09,1ddfa6725b1c5f1f251794fa2ed1c4909d584b30,1030c25017a1992cde5c030bfb83921176fc3ce7,存款,学苑楼综合业务2,100.0,100.42,4989,正常
2016/06/27 11:09:30,1ddfa6725b1c5f1f251794fa2ed1c4909d584b30,1030c25017a1992cde5c030bfb83921176fc3ce7,持卡人消费,学苑楼商务网关,-7.0,93.42,4990,正常
2016/06/27 17:34:38,1ddfa6725b1c5f1f251794fa2ed1c4909d584b30,1030c25017a1992cde5c030bfb83921176fc3ce7,持卡人消费,硕果园（工大商店）,-12.0,81.42,4991,正常
2016/06/27 17:34:50,1ddfa6725b1c5f1f251794fa2ed1c4909d584b30,1030c25017a1992cde5c030bfb83921176fc3ce7,持卡人消费,硕果园（工大商店）,-12.0,69.42,4992,正常
2016/06/28 10:29:57,1ddfa6725b1c5f1f251794fa2ed1c4909d584b30,1030c25017a1992cde5c030bfb83921176fc3ce7,持卡人消费,硕果园（工大商店）,-8.0,61.42,4993,正常
2016/06/28 10:31:13,1ddfa6725b1c5f1f251794fa2ed1c4909d584b30,1030c25017a1992cde5c030bfb83921176fc3ce7,持卡人消费,硕果园（工大商店）,-3.0,58.42,4994,正常
2016/06/28 13:53:46,1ddfa6725b1c5f1f251794fa2ed1c4909d584b30,1030c25017a1992cde5c030bfb83921176fc3ce7,持卡人消费,15公寓浴池,-2.0,56.42,4995,正常
2016/06/29 14:23:04,1ddfa6725b1c5f1f251794fa2ed1c4909d584b30,1030c25017a1992cde5c030bfb83921176fc3ce7,持卡人消费,硕果园（工大商店）,-10.0,46.42,4996,正常
2016/06/29 14:24:17,1ddfa6725b1c5f1f251794fa2ed1c4909d584b30,1030c25017a1992cde5c030bfb83921176fc3ce7,持卡人消费,硕果园（工大商店）,-2.0,44.42,4997,正常
2016/06/30 13:44:50,1ddfa6725b1c5f1f251794fa2ed1c4909d584b30,1030c25017a1992cde5c030bfb83921176fc3ce7,持卡人消费,硕果园（工大商店）,-16.8,27.62,4998,正常
2016/06/30 13:46:55,1ddfa6725b1c5f1f251794fa2ed1c4909d584b30,1030c25017a1992cde5c030bfb83921176fc3ce7,持卡人消费,硕果园（工大商店）,-2.0,25.62,4999,正常
2016/06/30 19:33:31,1ddfa6725b1c5f1f251794fa2ed1c4909d584b30,1030c25017a1992cde5c030bfb83921176fc3ce7,持卡人消费,硕果园（工大商店）,-6.0,19.62,5000,正常
