交易发生时间,学号,姓名,交易类型,子系统名称,交易额,现有余额,次数,状态
2016/06/01 07:57:33,b622e60bf0bd01fcf4ff3ccddea20d4a183542d2,10e99478804a05478937d17e8684462c543f2dc0,持卡人消费,学士楼商务网关,-3.2,43.56,4199,正常
2016/06/01 11:40:19,b622e60bf0bd01fcf4ff3ccddea20d4a183542d2,10e99478804a05478937d17e8684462c543f2dc0,持卡人消费,学士楼商务网关,-7.0,36.56,4200,正常
2016/06/01 12:37:42,b622e60bf0bd01fcf4ff3ccddea20d4a183542d2,10e99478804a05478937d17e8684462c543f2dc0,持卡人消费,学苑楼商务网关,-7.0,29.56,4201,正常
2016/06/01 17:59:57,b622e60bf0bd01fcf4ff3ccddea20d4a183542d2,10e99478804a05478937d17e8684462c543f2dc0,持卡人消费,学苑楼商务网关,-8.8,20.76,4202,正常
2016/06/02 11:42:22,b622e60bf0bd01fcf4ff3ccddea20d4a183542d2,10e99478804a05478937d17e8684462c543f2dc0,持卡人消费,学士楼商务网关,-6.0,14.76,4203,正常
2016/06/02 17:27:59,b622e60bf0bd01fcf4ff3ccddea20d4a183542d2,10e99478804a05478937d17e8684462c543f2dc0,存款,现金充值机,200.0,214.76,4204,正常
2016/06/02 17:55:12,b622e60bf0bd01fcf4ff3ccddea20d4a183542d2,10e99478804a05478937d17e8684462c543f2dc0,持卡人消费,学士楼商务网关,-10.6,204.16,4205,正常
2016/06/03 07:27:06,b622e60bf0bd01fcf4ff3ccddea20d4a183542d2,10e99478804a05478937d17e8684462c543f2dc0,持卡人消费,学士楼商务网关,-2.4,201.76,4206,正常
2016/06/03 08:48:56,b622e60bf0bd01fcf4ff3ccddea20d4a183542d2,10e99478804a05478937d17e8684462c543f2dc0,持卡人消费,超市商务子系统,-4.0,197.76,4207,正常
2016/06/04 08:12:00,b622e60bf0bd01fcf4ff3ccddea20d4a183542d2,10e99478804a05478937d17e8684462c543f2dc0,持卡人消费,学士楼商务网关,-3.2,194.56,4208,正常
2016/06/04 18:00:50,b622e60bf0bd01fcf4ff3ccddea20d4a183542d2,10e99478804a05478937d17e8684462c543f2dc0,持卡人消费,学士楼商务网关,-4.1,190.46,4209,正常
2016/06/04 18:29:55,b622e60bf0bd01fcf4ff3ccddea20d4a183542d2,10e99478804a05478937d17e8684462c543f2dc0,持卡人消费,一校区水控新,-2.0,188.46,4210,正常
2016/06/04 18:24:11,b622e60bf0bd01fcf4ff3ccddea20d4a183542d2,10e99478804a05478937d17e8684462c543f2dc0,持卡人消费,一校区水控新,-0.88,187.58,4212,正常
2016/06/05 09:00:27,b622e60bf0bd01fcf4ff3ccddea20d4a183542d2,10e99478804a05478937d17e8684462c543f2dc0,持卡人消费,学士楼商务网关,-4.6,182.98,4213,正常
2016/06/05 13:25:23,b622e60bf0bd01fcf4ff3ccddea20d4a183542d2,10e99478804a05478937d17e8684462c543f2dc0,持卡人消费,硕果园（工大商店）,-10.0,172.98,4214,正常
2016/06/05 13:34:28,b622e60bf0bd01fcf4ff3ccddea20d4a183542d2,10e99478804a05478937d17e8684462c543f2dc0,持卡人消费,硕果园（工大商店）,-1.0,171.98,4215,正常
2016/06/05 15:47:02,b622e60bf0bd01fcf4ff3ccddea20d4a183542d2,10e99478804a05478937d17e8684462c543f2dc0,持卡人消费,超市商务子系统,-12.0,159.98,4216,正常
2016/06/06 11:06:05,b622e60bf0bd01fcf4ff3ccddea20d4a183542d2,10e99478804a05478937d17e8684462c543f2dc0,持卡人消费,学士楼商务网关,-6.0,153.98,4217,正常
2016/06/06 17:06:31,b622e60bf0bd01fcf4ff3ccddea20d4a183542d2,10e99478804a05478937d17e8684462c543f2dc0,持卡人消费,硕果园（工大商店）,-11.0,142.98,4218,正常
2016/06/07 07:46:29,b622e60bf0bd01fcf4ff3ccddea20d4a183542d2,10e99478804a05478937d17e8684462c543f2dc0,持卡人消费,硕果园（工大商店）,-5.0,137.98,4219,正常
2016/06/07 11:43:01,b622e60bf0bd01fcf4ff3ccddea20d4a183542d2,10e99478804a05478937d17e8684462c543f2dc0,持卡人消费,学士楼商务网关,-11.4,126.58,4220,正常
2016/06/08 08:23:33,b622e60bf0bd01fcf4ff3ccddea20d4a183542d2,10e99478804a05478937d17e8684462c543f2dc0,持卡人消费,学苑楼商务网关,-3.8,122.78,4221,正常
2016/06/08 08:28:01,b622e60bf0bd01fcf4ff3ccddea20d4a183542d2,10e99478804a05478937d17e8684462c543f2dc0,持卡人消费,学苑楼商务网关,-4.0,118.78,4222,正常
2016/06/08 11:02:51,b622e60bf0bd01fcf4ff3ccddea20d4a183542d2,10e99478804a05478937d17e8684462c543f2dc0,持卡人消费,学士楼商务网关,-9.0,109.78,4223,正常
2016/06/08 11:03:17,b622e60bf0bd01fcf4ff3ccddea20d4a183542d2,10e99478804a05478937d17e8684462c543f2dc0,持卡人消费,学士楼商务网关,-1.0,108.78,4224,正常
2016/06/08 17:05:57,b622e60bf0bd01fcf4ff3ccddea20d4a183542d2,10e99478804a05478937d17e8684462c543f2dc0,持卡人消费,学苑楼商务网关,-7.5,101.28,4225,正常
2016/06/09 07:32:08,b622e60bf0bd01fcf4ff3ccddea20d4a183542d2,10e99478804a05478937d17e8684462c543f2dc0,持卡人消费,学士楼商务网关,-4.6,96.68,4226,正常
2016/06/09 17:38:48,b622e60bf0bd01fcf4ff3ccddea20d4a183542d2,10e99478804a05478937d17e8684462c543f2dc0,持卡人消费,学士楼商务网关,-10.9,85.78,4227,正常
2016/06/10 07:47:39,b622e60bf0bd01fcf4ff3ccddea20d4a183542d2,10e99478804a05478937d17e8684462c543f2dc0,持卡人消费,学士楼商务网关,-3.6,82.18,4228,正常
2016/06/10 11:40:16,b622e60bf0bd01fcf4ff3ccddea20d4a183542d2,10e99478804a05478937d17e8684462c543f2dc0,持卡人消费,学苑楼商务网关,-8.8,73.38,4229,正常
2016/06/10 17:17:23,b622e60bf0bd01fcf4ff3ccddea20d4a183542d2,10e99478804a05478937d17e8684462c543f2dc0,持卡人消费,学苑楼商务网关,-8.8,64.58,4230,正常
2016/06/11 07:44:24,b622e60bf0bd01fcf4ff3ccddea20d4a183542d2,10e99478804a05478937d17e8684462c543f2dc0,持卡人消费,硕果园（工大商店）,-6.0,58.58,4231,正常
2016/06/11 11:20:31,b622e60bf0bd01fcf4ff3ccddea20d4a183542d2,10e99478804a05478937d17e8684462c543f2dc0,持卡人消费,学苑楼商务网关,-8.0,50.58,4232,正常
2016/06/11 11:39:04,b622e60bf0bd01fcf4ff3ccddea20d4a183542d2,10e99478804a05478937d17e8684462c543f2dc0,持卡人消费,超市商务子系统,-10.6,39.98,4233,正常
2016/06/11 11:40:09,b622e60bf0bd01fcf4ff3ccddea20d4a183542d2,10e99478804a05478937d17e8684462c543f2dc0,持卡人消费,超市商务子系统,-10.0,29.98,4234,正常
2016/06/11 17:13:10,b622e60bf0bd01fcf4ff3ccddea20d4a183542d2,10e99478804a05478937d17e8684462c543f2dc0,持卡人消费,学苑楼商务网关,-8.0,21.98,4235,正常
2016/06/12 07:44:51,b622e60bf0bd01fcf4ff3ccddea20d4a183542d2,10e99478804a05478937d17e8684462c543f2dc0,持卡人消费,学士楼商务网关,-2.1,19.88,4236,正常
2016/06/12 17:51:19,b622e60bf0bd01fcf4ff3ccddea20d4a183542d2,10e99478804a05478937d17e8684462c543f2dc0,持卡人消费,学士楼商务网关,-7.0,12.88,4237,正常
2016/06/13 10:50:31,b622e60bf0bd01fcf4ff3ccddea20d4a183542d2,10e99478804a05478937d17e8684462c543f2dc0,持卡人消费,学士楼商务网关,-8.0,4.88,4238,正常
2016/06/13 18:00:44,b622e60bf0bd01fcf4ff3ccddea20d4a183542d2,10e99478804a05478937d17e8684462c543f2dc0,存款,卡中心综合业务,200.0,204.88,4239,正常
2016/06/13 18:02:11,b622e60bf0bd01fcf4ff3ccddea20d4a183542d2,10e99478804a05478937d17e8684462c543f2dc0,持卡人消费,学苑楼商务网关,-6.0,198.88,4240,正常
2016/06/13 18:22:17,b622e60bf0bd01fcf4ff3ccddea20d4a183542d2,10e99478804a05478937d17e8684462c543f2dc0,持卡人消费,超市商务子系统,-13.6,185.28,4241,正常
2016/06/14 07:46:37,b622e60bf0bd01fcf4ff3ccddea20d4a183542d2,10e99478804a05478937d17e8684462c543f2dc0,持卡人消费,学士楼商务网关,-2.1,183.18,4242,正常
2016/06/14 11:43:02,b622e60bf0bd01fcf4ff3ccddea20d4a183542d2,10e99478804a05478937d17e8684462c543f2dc0,持卡人消费,学士楼商务网关,-9.0,174.18,4243,正常
2016/06/15 06:59:01,b622e60bf0bd01fcf4ff3ccddea20d4a183542d2,10e99478804a05478937d17e8684462c543f2dc0,持卡人消费,学士楼商务网关,-2.4,171.78,4244,正常
2016/06/15 10:31:18,b622e60bf0bd01fcf4ff3ccddea20d4a183542d2,10e99478804a05478937d17e8684462c543f2dc0,持卡人消费,学苑楼商务网关,-7.5,164.28,4245,正常
2016/06/15 10:33:54,b622e60bf0bd01fcf4ff3ccddea20d4a183542d2,10e99478804a05478937d17e8684462c543f2dc0,持卡人消费,学苑楼商务网关,-1.5,162.78,4246,正常
2016/06/15 17:43:42,b622e60bf0bd01fcf4ff3ccddea20d4a183542d2,10e99478804a05478937d17e8684462c543f2dc0,持卡人消费,学士楼商务网关,-7.0,155.78,4247,正常
2016/06/16 06:44:30,b622e60bf0bd01fcf4ff3ccddea20d4a183542d2,10e99478804a05478937d17e8684462c543f2dc0,持卡人消费,学士楼商务网关,-5.1,150.68,4248,正常
2016/06/16 11:26:00,b622e60bf0bd01fcf4ff3ccddea20d4a183542d2,10e99478804a05478937d17e8684462c543f2dc0,持卡人消费,学苑楼商务网关,-7.5,143.18,4249,正常
2016/06/16 17:31:45,b622e60bf0bd01fcf4ff3ccddea20d4a183542d2,10e99478804a05478937d17e8684462c543f2dc0,持卡人消费,学士楼商务网关,-6.0,137.18,4250,正常
2016/06/16 17:47:04,b622e60bf0bd01fcf4ff3ccddea20d4a183542d2,10e99478804a05478937d17e8684462c543f2dc0,持卡人消费,超市商务子系统,-10.5,126.68,4251,正常
2016/06/17 08:35:25,b622e60bf0bd01fcf4ff3ccddea20d4a183542d2,10e99478804a05478937d17e8684462c543f2dc0,持卡人消费,学士楼商务网关,-2.1,124.58,4252,正常
2016/06/17 11:57:28,b622e60bf0bd01fcf4ff3ccddea20d4a183542d2,10e99478804a05478937d17e8684462c543f2dc0,持卡人消费,学士楼商务网关,-9.0,115.58,4253,正常
2016/06/17 17:47:29,b622e60bf0bd01fcf4ff3ccddea20d4a183542d2,10e99478804a05478937d17e8684462c543f2dc0,持卡人消费,学苑楼商务网关,-8.0,107.58,4254,正常
2016/06/18 08:13:43,b622e60bf0bd01fcf4ff3ccddea20d4a183542d2,10e99478804a05478937d17e8684462c543f2dc0,持卡人消费,学士楼商务网关,-4.6,102.98,4255,正常
2016/06/18 11:49:36,b622e60bf0bd01fcf4ff3ccddea20d4a183542d2,10e99478804a05478937d17e8684462c543f2dc0,持卡人消费,学苑楼商务网关,-8.0,94.98,4256,正常
2016/06/18 17:53:53,b622e60bf0bd01fcf4ff3ccddea20d4a183542d2,10e99478804a05478937d17e8684462c543f2dc0,持卡人消费,学苑楼商务网关,-9.0,85.98,4257,正常
2016/06/19 08:18:05,b622e60bf0bd01fcf4ff3ccddea20d4a183542d2,10e99478804a05478937d17e8684462c543f2dc0,持卡人消费,学士楼商务网关,-4.0,81.98,4258,正常
2016/06/19 12:18:26,b622e60bf0bd01fcf4ff3ccddea20d4a183542d2,10e99478804a05478937d17e8684462c543f2dc0,持卡人消费,学苑楼商务网关,-7.0,74.98,4259,正常
2016/06/19 17:51:51,b622e60bf0bd01fcf4ff3ccddea20d4a183542d2,10e99478804a05478937d17e8684462c543f2dc0,持卡人消费,学士楼商务网关,-7.8,67.18,4260,正常
2016/06/20 07:55:06,b622e60bf0bd01fcf4ff3ccddea20d4a183542d2,10e99478804a05478937d17e8684462c543f2dc0,持卡人消费,学士楼商务网关,-2.7,64.48,4261,正常
2016/06/20 13:35:50,b622e60bf0bd01fcf4ff3ccddea20d4a183542d2,10e99478804a05478937d17e8684462c543f2dc0,持卡人消费,硕果园（工大商店）,-10.0,54.48,4262,正常
2016/06/20 18:28:44,b622e60bf0bd01fcf4ff3ccddea20d4a183542d2,10e99478804a05478937d17e8684462c543f2dc0,持卡人消费,学士楼商务网关,-3.6,50.88,4263,正常
2016/06/20 18:29:59,b622e60bf0bd01fcf4ff3ccddea20d4a183542d2,10e99478804a05478937d17e8684462c543f2dc0,持卡人消费,学士楼商务网关,-3.0,47.88,4264,正常
2016/06/21 08:36:03,b622e60bf0bd01fcf4ff3ccddea20d4a183542d2,10e99478804a05478937d17e8684462c543f2dc0,持卡人消费,硕果园（工大商店）,-6.0,41.88,4265,正常
2016/06/21 11:46:10,b622e60bf0bd01fcf4ff3ccddea20d4a183542d2,10e99478804a05478937d17e8684462c543f2dc0,持卡人消费,学士楼商务网关,-9.0,32.88,4266,正常
2016/06/22 15:16:20,b622e60bf0bd01fcf4ff3ccddea20d4a183542d2,10e99478804a05478937d17e8684462c543f2dc0,持卡人消费,一校区水控新,-0.86,30.02,4268,正常
2016/06/22 15:19:47,b622e60bf0bd01fcf4ff3ccddea20d4a183542d2,10e99478804a05478937d17e8684462c543f2dc0,持卡人消费,一校区水控新,-0.51,29.51,4269,正常
2016/06/22 15:19:50,b622e60bf0bd01fcf4ff3ccddea20d4a183542d2,10e99478804a05478937d17e8684462c543f2dc0,持卡人消费,一校区水控新,-1.55,29.96,4270,正常
2016/06/22 15:21:27,b622e60bf0bd01fcf4ff3ccddea20d4a183542d2,10e99478804a05478937d17e8684462c543f2dc0,持卡人消费,一校区水控新,-0.12,27.84,4272,正常
2016/06/22 15:23:22,b622e60bf0bd01fcf4ff3ccddea20d4a183542d2,10e99478804a05478937d17e8684462c543f2dc0,持卡人消费,一校区水控新,-0.3,27.54,4273,正常
2016/06/22 15:23:25,b622e60bf0bd01fcf4ff3ccddea20d4a183542d2,10e99478804a05478937d17e8684462c543f2dc0,持卡人消费,一校区水控新,-0.53,29.01,4274,正常
2016/06/22 15:25:14,b622e60bf0bd01fcf4ff3ccddea20d4a183542d2,10e99478804a05478937d17e8684462c543f2dc0,持卡人消费,一校区水控新,-0.34,28.67,4276,正常
2016/06/22 16:47:25,b622e60bf0bd01fcf4ff3ccddea20d4a183542d2,10e99478804a05478937d17e8684462c543f2dc0,持卡人消费,硕果园（工大商店）,-7.0,21.67,4277,正常
2016/06/22 16:49:24,b622e60bf0bd01fcf4ff3ccddea20d4a183542d2,10e99478804a05478937d17e8684462c543f2dc0,持卡人消费,硕果园（工大商店）,-3.0,18.67,4278,正常
2016/06/23 08:08:32,b622e60bf0bd01fcf4ff3ccddea20d4a183542d2,10e99478804a05478937d17e8684462c543f2dc0,持卡人消费,学士楼商务网关,-2.1,16.57,4279,正常
2016/06/23 12:07:50,b622e60bf0bd01fcf4ff3ccddea20d4a183542d2,10e99478804a05478937d17e8684462c543f2dc0,存款,卡中心综合业务,200.0,216.57,4280,正常
2016/06/23 12:11:15,b622e60bf0bd01fcf4ff3ccddea20d4a183542d2,10e99478804a05478937d17e8684462c543f2dc0,持卡人消费,学苑楼商务网关,-7.5,209.07,4281,正常
2016/06/24 10:18:20,b622e60bf0bd01fcf4ff3ccddea20d4a183542d2,10e99478804a05478937d17e8684462c543f2dc0,持卡人消费,硕果园（工大商店）,-10.0,199.07,4282,正常
2016/06/24 10:50:54,b622e60bf0bd01fcf4ff3ccddea20d4a183542d2,10e99478804a05478937d17e8684462c543f2dc0,持卡人消费,硕果园（工大商店）,-6.5,192.57,4283,正常
2016/06/25 07:36:00,b622e60bf0bd01fcf4ff3ccddea20d4a183542d2,10e99478804a05478937d17e8684462c543f2dc0,持卡人消费,硕果园（工大商店）,-7.5,185.07,4284,正常
2016/06/25 12:18:44,b622e60bf0bd01fcf4ff3ccddea20d4a183542d2,10e99478804a05478937d17e8684462c543f2dc0,持卡人消费,学苑楼商务网关,-9.0,170.07,4286,正常
2016/06/25 18:07:36,b622e60bf0bd01fcf4ff3ccddea20d4a183542d2,10e99478804a05478937d17e8684462c543f2dc0,持卡人消费,学苑楼商务网关,-8.0,162.07,4287,正常
2016/06/26 07:28:14,b622e60bf0bd01fcf4ff3ccddea20d4a183542d2,10e99478804a05478937d17e8684462c543f2dc0,持卡人消费,学士楼商务网关,-3.6,158.47,4288,正常
2016/06/26 11:57:53,b622e60bf0bd01fcf4ff3ccddea20d4a183542d2,10e99478804a05478937d17e8684462c543f2dc0,持卡人消费,学士楼商务网关,-7.8,150.67,4289,正常
2016/06/26 17:33:02,b622e60bf0bd01fcf4ff3ccddea20d4a183542d2,10e99478804a05478937d17e8684462c543f2dc0,持卡人消费,学苑楼商务网关,-8.0,142.67,4290,正常
2016/06/27 07:12:42,b622e60bf0bd01fcf4ff3ccddea20d4a183542d2,10e99478804a05478937d17e8684462c543f2dc0,持卡人消费,学士楼商务网关,-2.9,139.77,4291,正常
2016/06/27 07:12:54,b622e60bf0bd01fcf4ff3ccddea20d4a183542d2,10e99478804a05478937d17e8684462c543f2dc0,持卡人消费,学士楼商务网关,-0.3,139.47,4292,正常
2016/06/27 12:18:16,b622e60bf0bd01fcf4ff3ccddea20d4a183542d2,10e99478804a05478937d17e8684462c543f2dc0,持卡人消费,学苑楼商务网关,-8.8,130.67,4293,正常
2016/06/28 11:36:41,b622e60bf0bd01fcf4ff3ccddea20d4a183542d2,10e99478804a05478937d17e8684462c543f2dc0,持卡人消费,学士楼商务网关,-6.0,124.67,4294,正常
2016/06/28 11:37:40,b622e60bf0bd01fcf4ff3ccddea20d4a183542d2,10e99478804a05478937d17e8684462c543f2dc0,持卡人消费,学士楼商务网关,-4.2,120.47,4295,正常
2016/06/29 08:20:20,b622e60bf0bd01fcf4ff3ccddea20d4a183542d2,10e99478804a05478937d17e8684462c543f2dc0,持卡人消费,学士楼商务网关,-3.1,117.37,4296,正常
2016/06/29 10:10:18,b622e60bf0bd01fcf4ff3ccddea20d4a183542d2,10e99478804a05478937d17e8684462c543f2dc0,持卡人消费,超市商务子系统,-7.5,109.87,4297,正常
2016/06/29 11:56:34,b622e60bf0bd01fcf4ff3ccddea20d4a183542d2,10e99478804a05478937d17e8684462c543f2dc0,持卡人消费,学苑楼商务网关,-7.5,102.37,4298,正常
2016/06/29 11:57:53,b622e60bf0bd01fcf4ff3ccddea20d4a183542d2,10e99478804a05478937d17e8684462c543f2dc0,持卡人消费,学苑楼商务网关,-5.0,97.37,4299,正常
2016/06/30 11:34:49,b622e60bf0bd01fcf4ff3ccddea20d4a183542d2,10e99478804a05478937d17e8684462c543f2dc0,持卡人消费,学士楼商务网关,-8.6,88.77,4300,正常
2016/06/30 11:35:17,b622e60bf0bd01fcf4ff3ccddea20d4a183542d2,10e99478804a05478937d17e8684462c543f2dc0,持卡人消费,学士楼商务网关,-0.8,87.97,4301,正常
2016/06/30 11:35:55,b622e60bf0bd01fcf4ff3ccddea20d4a183542d2,10e99478804a05478937d17e8684462c543f2dc0,持卡人消费,学士楼商务网关,-8.0,79.97,4302,正常
