交易发生时间,学号,姓名,交易类型,子系统名称,交易额,现有余额,次数,状态
2016/06/07 11:47:57,c34c856e4e4ab8788a0ecef763a55a339f74f1b2,1263b515ac3c17503460b28af4eb7a26b468d1d5,存款,学苑楼综合业务2,100.0,129.37,2587,正常
2016/06/07 11:53:56,c34c856e4e4ab8788a0ecef763a55a339f74f1b2,1263b515ac3c17503460b28af4eb7a26b468d1d5,持卡人消费,学苑楼商务网关,-6.0,123.37,2588,正常
2016/06/07 12:27:01,c34c856e4e4ab8788a0ecef763a55a339f74f1b2,1263b515ac3c17503460b28af4eb7a26b468d1d5,持卡人消费,网络中心,-30.0,93.37,2589,正常
2016/06/07 17:53:45,c34c856e4e4ab8788a0ecef763a55a339f74f1b2,1263b515ac3c17503460b28af4eb7a26b468d1d5,持卡人消费,学苑楼商务网关,-3.4,89.97,2590,正常
2016/06/07 17:54:41,c34c856e4e4ab8788a0ecef763a55a339f74f1b2,1263b515ac3c17503460b28af4eb7a26b468d1d5,持卡人消费,学苑楼商务网关,-3.0,86.97,2591,正常
2016/06/07 18:46:04,c34c856e4e4ab8788a0ecef763a55a339f74f1b2,1263b515ac3c17503460b28af4eb7a26b468d1d5,持卡人消费,A15,-4.6,82.37,2592,正常
2016/06/08 12:25:16,c34c856e4e4ab8788a0ecef763a55a339f74f1b2,1263b515ac3c17503460b28af4eb7a26b468d1d5,持卡人消费,15公寓浴池,-2.0,80.37,2593,正常
2016/06/08 12:26:12,c34c856e4e4ab8788a0ecef763a55a339f74f1b2,1263b515ac3c17503460b28af4eb7a26b468d1d5,持卡人消费,15公寓浴池,-0.18,80.19,2595,正常
2016/06/15 09:29:39,c34c856e4e4ab8788a0ecef763a55a339f74f1b2,1263b515ac3c17503460b28af4eb7a26b468d1d5,持卡人消费,学士楼商务网关,-3.6,76.59,2596,正常
2016/06/15 09:30:33,c34c856e4e4ab8788a0ecef763a55a339f74f1b2,1263b515ac3c17503460b28af4eb7a26b468d1d5,持卡人消费,学士楼商务网关,-2.9,73.69,2597,正常
2016/06/20 11:09:45,c34c856e4e4ab8788a0ecef763a55a339f74f1b2,1263b515ac3c17503460b28af4eb7a26b468d1d5,持卡人消费,学苑楼商务网关,-9.0,64.69,2598,正常
2016/06/20 11:10:39,c34c856e4e4ab8788a0ecef763a55a339f74f1b2,1263b515ac3c17503460b28af4eb7a26b468d1d5,持卡人消费,学苑楼商务网关,-6.0,58.69,2599,正常
2016/06/20 11:12:12,c34c856e4e4ab8788a0ecef763a55a339f74f1b2,1263b515ac3c17503460b28af4eb7a26b468d1d5,持卡人消费,学苑楼商务网关,-6.4,52.29,2600,正常
2016/06/20 18:31:42,c34c856e4e4ab8788a0ecef763a55a339f74f1b2,1263b515ac3c17503460b28af4eb7a26b468d1d5,持卡人消费,学士楼商务网关,-5.0,47.29,2601,正常
2016/06/20 18:31:49,c34c856e4e4ab8788a0ecef763a55a339f74f1b2,1263b515ac3c17503460b28af4eb7a26b468d1d5,持卡人消费,学士楼商务网关,-0.4,46.89,2602,正常
2016/06/20 18:33:01,c34c856e4e4ab8788a0ecef763a55a339f74f1b2,1263b515ac3c17503460b28af4eb7a26b468d1d5,持卡人消费,学士楼商务网关,-2.3,44.59,2603,正常
2016/06/20 19:43:43,c34c856e4e4ab8788a0ecef763a55a339f74f1b2,1263b515ac3c17503460b28af4eb7a26b468d1d5,持卡人消费,15公寓浴池,-2.0,42.59,2604,正常
2016/06/20 19:49:24,c34c856e4e4ab8788a0ecef763a55a339f74f1b2,1263b515ac3c17503460b28af4eb7a26b468d1d5,持卡人消费,15公寓浴池,-1.06,41.53,2606,正常
2016/06/22 12:05:32,c34c856e4e4ab8788a0ecef763a55a339f74f1b2,1263b515ac3c17503460b28af4eb7a26b468d1d5,持卡人消费,学苑楼商务网关,-8.0,33.53,2607,正常
2016/06/22 12:06:17,c34c856e4e4ab8788a0ecef763a55a339f74f1b2,1263b515ac3c17503460b28af4eb7a26b468d1d5,持卡人消费,学苑楼商务网关,-3.5,30.03,2608,正常
2016/06/23 08:15:39,c34c856e4e4ab8788a0ecef763a55a339f74f1b2,1263b515ac3c17503460b28af4eb7a26b468d1d5,持卡人消费,超市商务子系统,-6.5,23.53,2609,正常
2016/06/23 14:55:46,c34c856e4e4ab8788a0ecef763a55a339f74f1b2,1263b515ac3c17503460b28af4eb7a26b468d1d5,持卡人消费,硕果园（工大商店）,-9.0,14.53,2610,正常
2016/06/23 14:56:08,c34c856e4e4ab8788a0ecef763a55a339f74f1b2,1263b515ac3c17503460b28af4eb7a26b468d1d5,持卡人消费,硕果园（工大商店）,-14.0,0.53,2611,正常
