交易发生时间,学号,姓名,交易类型,子系统名称,交易额,现有余额,次数,状态
2016/06/01 10:54:53,0875da8013644cb124a2b7fc0b9c98ea901bb061,1263e7945d111a4bcf23757e9f3f85db54e5b2f7,持卡人消费,四食堂商务网关,-5.93,40.05,8714,正常
2016/06/01 17:16:12,0875da8013644cb124a2b7fc0b9c98ea901bb061,1263e7945d111a4bcf23757e9f3f85db54e5b2f7,持卡人消费,学子便利店B03,-6.0,34.05,8715,正常
2016/06/02 18:50:28,0875da8013644cb124a2b7fc0b9c98ea901bb061,1263e7945d111a4bcf23757e9f3f85db54e5b2f7,持卡人消费,学子便利店B03,-2.0,32.05,8716,正常
2016/06/03 07:20:41,0875da8013644cb124a2b7fc0b9c98ea901bb061,1263e7945d111a4bcf23757e9f3f85db54e5b2f7,持卡人消费,四食堂商务网关,-3.1,28.95,8717,正常
2016/06/03 19:58:17,0875da8013644cb124a2b7fc0b9c98ea901bb061,1263e7945d111a4bcf23757e9f3f85db54e5b2f7,持卡人消费,学子便利店B03,-2.0,26.95,8718,正常
2016/06/04 08:52:14,0875da8013644cb124a2b7fc0b9c98ea901bb061,1263e7945d111a4bcf23757e9f3f85db54e5b2f7,持卡人消费,学子便利店B03,-10.1,16.85,8719,正常
2016/06/04 15:26:11,0875da8013644cb124a2b7fc0b9c98ea901bb061,1263e7945d111a4bcf23757e9f3f85db54e5b2f7,持卡人消费,二区水控,-3.0,13.85,8720,正常
2016/06/04 15:35:38,0875da8013644cb124a2b7fc0b9c98ea901bb061,1263e7945d111a4bcf23757e9f3f85db54e5b2f7,持卡人消费,二区水控,-1.62,12.23,8722,正常
2016/06/04 15:41:17,0875da8013644cb124a2b7fc0b9c98ea901bb061,1263e7945d111a4bcf23757e9f3f85db54e5b2f7,持卡人消费,二区水控,-0.93,11.30,8724,正常
2016/06/04 17:07:04,0875da8013644cb124a2b7fc0b9c98ea901bb061,1263e7945d111a4bcf23757e9f3f85db54e5b2f7,存款,现金充值机,50.0,61.30,8725,正常
2016/06/04 17:40:15,0875da8013644cb124a2b7fc0b9c98ea901bb061,1263e7945d111a4bcf23757e9f3f85db54e5b2f7,持卡人消费,九食堂商务网关,-0.5,60.80,8726,正常
2016/06/04 20:14:23,0875da8013644cb124a2b7fc0b9c98ea901bb061,1263e7945d111a4bcf23757e9f3f85db54e5b2f7,持卡人消费,学子便利店B03,-7.3,53.50,8727,正常
2016/06/05 11:03:40,0875da8013644cb124a2b7fc0b9c98ea901bb061,1263e7945d111a4bcf23757e9f3f85db54e5b2f7,持卡人消费,九食堂商务网关,-7.0,46.50,8728,正常
2016/06/05 11:10:11,0875da8013644cb124a2b7fc0b9c98ea901bb061,1263e7945d111a4bcf23757e9f3f85db54e5b2f7,持卡人消费,九食堂商务网关,-2.0,44.50,8729,正常
2016/06/05 19:32:39,0875da8013644cb124a2b7fc0b9c98ea901bb061,1263e7945d111a4bcf23757e9f3f85db54e5b2f7,持卡人消费,二区水控,-0.02,44.48,8731,正常
2016/06/05 19:32:48,0875da8013644cb124a2b7fc0b9c98ea901bb061,1263e7945d111a4bcf23757e9f3f85db54e5b2f7,持卡人消费,二区水控,-0.02,44.46,8733,正常
2016/06/05 19:33:03,0875da8013644cb124a2b7fc0b9c98ea901bb061,1263e7945d111a4bcf23757e9f3f85db54e5b2f7,持卡人消费,二区水控,-0.03,44.43,8735,正常
2016/06/05 19:33:13,0875da8013644cb124a2b7fc0b9c98ea901bb061,1263e7945d111a4bcf23757e9f3f85db54e5b2f7,持卡人消费,二区水控,-0.02,44.41,8737,正常
2016/06/05 19:37:02,0875da8013644cb124a2b7fc0b9c98ea901bb061,1263e7945d111a4bcf23757e9f3f85db54e5b2f7,持卡人消费,二区水控,-0.72,43.69,8739,正常
2016/06/05 19:44:29,0875da8013644cb124a2b7fc0b9c98ea901bb061,1263e7945d111a4bcf23757e9f3f85db54e5b2f7,持卡人消费,二区水控,-1.17,42.52,8741,正常
2016/06/05 19:51:01,0875da8013644cb124a2b7fc0b9c98ea901bb061,1263e7945d111a4bcf23757e9f3f85db54e5b2f7,持卡人消费,二区水控,-1.04,41.48,8743,正常
2016/06/05 20:06:27,0875da8013644cb124a2b7fc0b9c98ea901bb061,1263e7945d111a4bcf23757e9f3f85db54e5b2f7,持卡人消费,学子便利店B03,-7.6,33.88,8744,正常
2016/06/06 11:32:26,0875da8013644cb124a2b7fc0b9c98ea901bb061,1263e7945d111a4bcf23757e9f3f85db54e5b2f7,持卡人消费,九食堂商务网关,-7.0,26.88,8745,正常
2016/06/06 16:44:45,0875da8013644cb124a2b7fc0b9c98ea901bb061,1263e7945d111a4bcf23757e9f3f85db54e5b2f7,持卡人消费,学子便利店B03,-1.0,25.88,8746,正常
2016/06/07 11:47:11,0875da8013644cb124a2b7fc0b9c98ea901bb061,1263e7945d111a4bcf23757e9f3f85db54e5b2f7,持卡人消费,四食堂商务网关,-4.61,21.27,8747,正常
2016/06/07 15:11:34,0875da8013644cb124a2b7fc0b9c98ea901bb061,1263e7945d111a4bcf23757e9f3f85db54e5b2f7,持卡人消费,学子便利店B03,-2.0,19.27,8748,正常
2016/06/08 08:37:27,0875da8013644cb124a2b7fc0b9c98ea901bb061,1263e7945d111a4bcf23757e9f3f85db54e5b2f7,持卡人消费,学子便利店B03,-6.0,13.27,8749,正常
2016/06/08 07:41:10,0875da8013644cb124a2b7fc0b9c98ea901bb061,1263e7945d111a4bcf23757e9f3f85db54e5b2f7,持卡人消费,四食堂商务网关,-1.5,11.77,8750,正常
2016/06/08 07:41:13,0875da8013644cb124a2b7fc0b9c98ea901bb061,1263e7945d111a4bcf23757e9f3f85db54e5b2f7,持卡人消费,四食堂商务网关,-0.5,11.27,8751,正常
2016/06/08 10:26:09,0875da8013644cb124a2b7fc0b9c98ea901bb061,1263e7945d111a4bcf23757e9f3f85db54e5b2f7,存款,现金充值机,100.0,111.27,8752,正常
2016/06/08 12:41:54,0875da8013644cb124a2b7fc0b9c98ea901bb061,1263e7945d111a4bcf23757e9f3f85db54e5b2f7,持卡人消费,二区水控,-0.05,111.22,8754,正常
2016/06/08 12:57:32,0875da8013644cb124a2b7fc0b9c98ea901bb061,1263e7945d111a4bcf23757e9f3f85db54e5b2f7,持卡人消费,二区水控,-3.0,108.22,8755,正常
2016/06/08 13:05:29,0875da8013644cb124a2b7fc0b9c98ea901bb061,1263e7945d111a4bcf23757e9f3f85db54e5b2f7,持卡人消费,二区水控,-1.42,106.80,8756,正常
2016/06/08 13:13:44,0875da8013644cb124a2b7fc0b9c98ea901bb061,1263e7945d111a4bcf23757e9f3f85db54e5b2f7,持卡人消费,二区水控,-1.28,105.52,8757,正常
2016/06/08 17:17:59,0875da8013644cb124a2b7fc0b9c98ea901bb061,1263e7945d111a4bcf23757e9f3f85db54e5b2f7,持卡人消费,学子便利店B03,-12.2,93.32,8758,正常
2016/06/08 20:35:55,0875da8013644cb124a2b7fc0b9c98ea901bb061,1263e7945d111a4bcf23757e9f3f85db54e5b2f7,持卡人消费,学子便利店B03,-13.2,80.12,8759,正常
2016/06/10 11:17:41,0875da8013644cb124a2b7fc0b9c98ea901bb061,1263e7945d111a4bcf23757e9f3f85db54e5b2f7,持卡人消费,九食堂商务网关,-7.0,73.12,8760,正常
2016/06/10 15:33:05,0875da8013644cb124a2b7fc0b9c98ea901bb061,1263e7945d111a4bcf23757e9f3f85db54e5b2f7,持卡人消费,二区水控,-0.05,73.07,8762,正常
2016/06/10 15:33:14,0875da8013644cb124a2b7fc0b9c98ea901bb061,1263e7945d111a4bcf23757e9f3f85db54e5b2f7,持卡人消费,二区水控,-0.02,73.05,8764,正常
2016/06/10 15:49:02,0875da8013644cb124a2b7fc0b9c98ea901bb061,1263e7945d111a4bcf23757e9f3f85db54e5b2f7,持卡人消费,二区水控,-3.0,70.05,8765,正常
2016/06/10 15:49:52,0875da8013644cb124a2b7fc0b9c98ea901bb061,1263e7945d111a4bcf23757e9f3f85db54e5b2f7,持卡人消费,二区水控,-0.14,69.91,8767,正常
2016/06/10 15:57:50,0875da8013644cb124a2b7fc0b9c98ea901bb061,1263e7945d111a4bcf23757e9f3f85db54e5b2f7,持卡人消费,二区水控,-1.23,68.68,8769,正常
2016/06/10 15:58:27,0875da8013644cb124a2b7fc0b9c98ea901bb061,1263e7945d111a4bcf23757e9f3f85db54e5b2f7,持卡人消费,二区水控,-0.06,68.62,8771,正常
2016/06/10 16:15:06,0875da8013644cb124a2b7fc0b9c98ea901bb061,1263e7945d111a4bcf23757e9f3f85db54e5b2f7,持卡人消费,学子便利店B03,-3.7,64.92,8772,正常
2016/06/11 21:14:47,0875da8013644cb124a2b7fc0b9c98ea901bb061,1263e7945d111a4bcf23757e9f3f85db54e5b2f7,持卡人消费,学子便利店B03,-4.2,60.72,8773,正常
2016/06/11 21:15:15,0875da8013644cb124a2b7fc0b9c98ea901bb061,1263e7945d111a4bcf23757e9f3f85db54e5b2f7,持卡人消费,学子便利店B03,-6.5,54.22,8774,正常
2016/06/12 17:01:17,0875da8013644cb124a2b7fc0b9c98ea901bb061,1263e7945d111a4bcf23757e9f3f85db54e5b2f7,持卡人消费,硕果园（工大商店）,-7.0,47.22,8775,正常
2016/06/12 22:25:50,0875da8013644cb124a2b7fc0b9c98ea901bb061,1263e7945d111a4bcf23757e9f3f85db54e5b2f7,持卡人消费,学子便利店B03,-2.9,44.32,8776,正常
2016/06/13 17:23:50,0875da8013644cb124a2b7fc0b9c98ea901bb061,1263e7945d111a4bcf23757e9f3f85db54e5b2f7,持卡人消费,学子便利店B03,-5.0,39.32,8777,正常
2016/06/13 20:49:36,0875da8013644cb124a2b7fc0b9c98ea901bb061,1263e7945d111a4bcf23757e9f3f85db54e5b2f7,持卡人消费,学子便利店B03,-0.2,39.12,8778,正常
2016/06/14 15:11:23,0875da8013644cb124a2b7fc0b9c98ea901bb061,1263e7945d111a4bcf23757e9f3f85db54e5b2f7,持卡人消费,二区水控,-3.0,36.12,8779,正常
2016/06/14 15:13:04,0875da8013644cb124a2b7fc0b9c98ea901bb061,1263e7945d111a4bcf23757e9f3f85db54e5b2f7,持卡人消费,二区水控,-0.13,35.99,8781,正常
2016/06/14 15:21:40,0875da8013644cb124a2b7fc0b9c98ea901bb061,1263e7945d111a4bcf23757e9f3f85db54e5b2f7,持卡人消费,二区水控,-1.3,34.69,8783,正常
2016/06/14 15:38:42,0875da8013644cb124a2b7fc0b9c98ea901bb061,1263e7945d111a4bcf23757e9f3f85db54e5b2f7,持卡人消费,学子便利店B03,-9.3,25.39,8784,正常
2016/06/15 06:31:18,0875da8013644cb124a2b7fc0b9c98ea901bb061,1263e7945d111a4bcf23757e9f3f85db54e5b2f7,持卡人消费,四食堂商务网关,-3.1,22.29,8785,正常
2016/06/15 16:50:10,0875da8013644cb124a2b7fc0b9c98ea901bb061,1263e7945d111a4bcf23757e9f3f85db54e5b2f7,持卡人消费,学子便利店B03,-5.0,17.29,8786,正常
2016/06/16 11:23:32,0875da8013644cb124a2b7fc0b9c98ea901bb061,1263e7945d111a4bcf23757e9f3f85db54e5b2f7,持卡人消费,四食堂商务网关,-4.37,12.92,8787,正常
2016/06/18 13:42:15,0875da8013644cb124a2b7fc0b9c98ea901bb061,1263e7945d111a4bcf23757e9f3f85db54e5b2f7,持卡人消费,二区水控,-0.02,12.90,8789,正常
2016/06/18 13:42:24,0875da8013644cb124a2b7fc0b9c98ea901bb061,1263e7945d111a4bcf23757e9f3f85db54e5b2f7,持卡人消费,二区水控,-0.02,12.88,8791,正常
2016/06/18 13:56:59,0875da8013644cb124a2b7fc0b9c98ea901bb061,1263e7945d111a4bcf23757e9f3f85db54e5b2f7,持卡人消费,二区水控,-2.77,10.11,8793,正常
2016/06/18 14:11:40,0875da8013644cb124a2b7fc0b9c98ea901bb061,1263e7945d111a4bcf23757e9f3f85db54e5b2f7,持卡人消费,二区水控,-2.64,7.47,8795,正常
2016/06/18 16:57:16,0875da8013644cb124a2b7fc0b9c98ea901bb061,1263e7945d111a4bcf23757e9f3f85db54e5b2f7,持卡人消费,学子便利店B03,-6.0,1.47,8796,正常
2016/06/19 11:41:34,0875da8013644cb124a2b7fc0b9c98ea901bb061,1263e7945d111a4bcf23757e9f3f85db54e5b2f7,存款,2区卡中心综合业务,50.0,51.47,8797,正常
2016/06/19 11:43:29,0875da8013644cb124a2b7fc0b9c98ea901bb061,1263e7945d111a4bcf23757e9f3f85db54e5b2f7,持卡人消费,九食堂商务网关,-7.0,44.47,8798,正常
2016/06/19 11:47:46,0875da8013644cb124a2b7fc0b9c98ea901bb061,1263e7945d111a4bcf23757e9f3f85db54e5b2f7,持卡人消费,九食堂商务网关,-2.0,42.47,8799,正常
2016/06/19 12:06:32,0875da8013644cb124a2b7fc0b9c98ea901bb061,1263e7945d111a4bcf23757e9f3f85db54e5b2f7,持卡人消费,九食堂商务网关,-5.5,36.97,8800,正常
2016/06/20 11:45:37,0875da8013644cb124a2b7fc0b9c98ea901bb061,1263e7945d111a4bcf23757e9f3f85db54e5b2f7,持卡人消费,四食堂商务网关,-6.48,30.49,8801,正常
2016/06/21 10:58:19,0875da8013644cb124a2b7fc0b9c98ea901bb061,1263e7945d111a4bcf23757e9f3f85db54e5b2f7,持卡人消费,九食堂商务网关,-7.0,23.49,8802,正常
2016/06/21 11:21:22,0875da8013644cb124a2b7fc0b9c98ea901bb061,1263e7945d111a4bcf23757e9f3f85db54e5b2f7,持卡人消费,九食堂商务网关,-2.6,20.89,8803,正常
2016/06/21 11:26:01,0875da8013644cb124a2b7fc0b9c98ea901bb061,1263e7945d111a4bcf23757e9f3f85db54e5b2f7,持卡人消费,学子便利店B03,-9.3,11.59,8804,正常
2016/06/21 19:31:33,0875da8013644cb124a2b7fc0b9c98ea901bb061,1263e7945d111a4bcf23757e9f3f85db54e5b2f7,持卡人消费,二区水控,-0.01,11.58,8805,正常
2016/06/21 19:31:46,0875da8013644cb124a2b7fc0b9c98ea901bb061,1263e7945d111a4bcf23757e9f3f85db54e5b2f7,持卡人消费,二区水控,-0.01,11.57,8806,正常
2016/06/21 19:34:28,0875da8013644cb124a2b7fc0b9c98ea901bb061,1263e7945d111a4bcf23757e9f3f85db54e5b2f7,持卡人消费,二区水控,-0.19,11.38,8807,正常
2016/06/21 19:37:35,0875da8013644cb124a2b7fc0b9c98ea901bb061,1263e7945d111a4bcf23757e9f3f85db54e5b2f7,持卡人消费,二区水控,-0.44,10.94,8808,正常
2016/06/21 19:39:00,0875da8013644cb124a2b7fc0b9c98ea901bb061,1263e7945d111a4bcf23757e9f3f85db54e5b2f7,持卡人消费,二区水控,-0.11,10.83,8809,正常
2016/06/21 19:53:47,0875da8013644cb124a2b7fc0b9c98ea901bb061,1263e7945d111a4bcf23757e9f3f85db54e5b2f7,持卡人消费,二区水控,-2.54,8.29,8810,正常
2016/06/21 19:58:41,0875da8013644cb124a2b7fc0b9c98ea901bb061,1263e7945d111a4bcf23757e9f3f85db54e5b2f7,持卡人消费,二区水控,-0.56,7.73,8811,正常
2016/06/21 20:26:06,0875da8013644cb124a2b7fc0b9c98ea901bb061,1263e7945d111a4bcf23757e9f3f85db54e5b2f7,持卡人消费,二区水控,-0.56,7.17,8813,正常
2016/06/21 20:27:30,0875da8013644cb124a2b7fc0b9c98ea901bb061,1263e7945d111a4bcf23757e9f3f85db54e5b2f7,持卡人消费,二区水控,-0.22,6.95,8815,正常
2016/06/22 10:12:55,0875da8013644cb124a2b7fc0b9c98ea901bb061,1263e7945d111a4bcf23757e9f3f85db54e5b2f7,持卡人消费,学子便利店B03,-0.6,6.35,8816,正常
2016/06/24 11:56:39,0875da8013644cb124a2b7fc0b9c98ea901bb061,1263e7945d111a4bcf23757e9f3f85db54e5b2f7,存款,现金充值机,20.0,26.35,8817,正常
2016/06/25 09:33:34,0875da8013644cb124a2b7fc0b9c98ea901bb061,1263e7945d111a4bcf23757e9f3f85db54e5b2f7,持卡人消费,学子便利店B03,-0.8,25.55,8818,正常
2016/06/25 13:44:48,0875da8013644cb124a2b7fc0b9c98ea901bb061,1263e7945d111a4bcf23757e9f3f85db54e5b2f7,持卡人消费,学子便利店B05,-3.5,22.05,8819,正常
2016/06/25 18:26:33,0875da8013644cb124a2b7fc0b9c98ea901bb061,1263e7945d111a4bcf23757e9f3f85db54e5b2f7,持卡人消费,学子便利店B03,-0.2,21.85,8820,正常
2016/06/26 12:28:08,0875da8013644cb124a2b7fc0b9c98ea901bb061,1263e7945d111a4bcf23757e9f3f85db54e5b2f7,持卡人消费,四食堂商务网关,-3.6,18.25,8821,正常
2016/06/26 12:29:29,0875da8013644cb124a2b7fc0b9c98ea901bb061,1263e7945d111a4bcf23757e9f3f85db54e5b2f7,持卡人消费,四食堂商务网关,-4.0,14.25,8822,正常
2016/06/26 18:35:01,0875da8013644cb124a2b7fc0b9c98ea901bb061,1263e7945d111a4bcf23757e9f3f85db54e5b2f7,持卡人消费,学子便利店B03,-0.9,13.35,8823,正常
2016/06/29 11:04:53,0875da8013644cb124a2b7fc0b9c98ea901bb061,1263e7945d111a4bcf23757e9f3f85db54e5b2f7,持卡人消费,四食堂商务网关,-6.0,7.35,8824,正常
2016/06/29 18:39:38,0875da8013644cb124a2b7fc0b9c98ea901bb061,1263e7945d111a4bcf23757e9f3f85db54e5b2f7,持卡人消费,二区水控,-0.05,4.30,8827,正常
2016/06/29 18:40:12,0875da8013644cb124a2b7fc0b9c98ea901bb061,1263e7945d111a4bcf23757e9f3f85db54e5b2f7,持卡人消费,二区水控,-0.13,7.17,8828,正常
2016/06/29 18:41:57,0875da8013644cb124a2b7fc0b9c98ea901bb061,1263e7945d111a4bcf23757e9f3f85db54e5b2f7,持卡人消费,二区水控,-0.21,6.96,8830,正常
2016/06/29 18:46:49,0875da8013644cb124a2b7fc0b9c98ea901bb061,1263e7945d111a4bcf23757e9f3f85db54e5b2f7,持卡人消费,二区水控,-0.82,6.14,8832,正常
2016/06/29 18:49:53,0875da8013644cb124a2b7fc0b9c98ea901bb061,1263e7945d111a4bcf23757e9f3f85db54e5b2f7,持卡人消费,二区水控,-0.37,5.77,8834,正常
2016/06/29 18:51:29,0875da8013644cb124a2b7fc0b9c98ea901bb061,1263e7945d111a4bcf23757e9f3f85db54e5b2f7,持卡人消费,二区水控,-0.08,5.69,8836,正常
2016/06/29 18:55:55,0875da8013644cb124a2b7fc0b9c98ea901bb061,1263e7945d111a4bcf23757e9f3f85db54e5b2f7,持卡人消费,二区水控,-0.7,4.99,8838,正常
2016/06/29 18:57:07,0875da8013644cb124a2b7fc0b9c98ea901bb061,1263e7945d111a4bcf23757e9f3f85db54e5b2f7,持卡人消费,二区水控,-0.11,4.88,8840,正常
2016/06/29 18:59:26,0875da8013644cb124a2b7fc0b9c98ea901bb061,1263e7945d111a4bcf23757e9f3f85db54e5b2f7,持卡人消费,二区水控,-0.18,4.70,8842,正常
2016/06/29 19:00:24,0875da8013644cb124a2b7fc0b9c98ea901bb061,1263e7945d111a4bcf23757e9f3f85db54e5b2f7,持卡人消费,二区水控,-0.03,4.67,8844,正常
2016/06/29 19:07:44,0875da8013644cb124a2b7fc0b9c98ea901bb061,1263e7945d111a4bcf23757e9f3f85db54e5b2f7,持卡人消费,二区水控,-1.07,3.60,8846,正常
2016/06/30 08:43:18,0875da8013644cb124a2b7fc0b9c98ea901bb061,1263e7945d111a4bcf23757e9f3f85db54e5b2f7,持卡人消费,学子便利店B03,-0.3,3.30,8847,正常
2016/06/30 11:29:11,0875da8013644cb124a2b7fc0b9c98ea901bb061,1263e7945d111a4bcf23757e9f3f85db54e5b2f7,存款,现金充值机,100.0,103.30,8848,正常
2016/06/30 12:04:07,0875da8013644cb124a2b7fc0b9c98ea901bb061,1263e7945d111a4bcf23757e9f3f85db54e5b2f7,持卡人消费,九食堂商务网关,-7.0,96.30,8849,正常
2016/06/30 12:04:56,0875da8013644cb124a2b7fc0b9c98ea901bb061,1263e7945d111a4bcf23757e9f3f85db54e5b2f7,持卡人消费,九食堂商务网关,-11.5,84.80,8850,正常
2016/06/30 12:05:00,0875da8013644cb124a2b7fc0b9c98ea901bb061,1263e7945d111a4bcf23757e9f3f85db54e5b2f7,持卡人消费,九食堂商务网关,-11.0,73.80,8851,正常
2016/06/30 12:06:02,0875da8013644cb124a2b7fc0b9c98ea901bb061,1263e7945d111a4bcf23757e9f3f85db54e5b2f7,持卡人消费,九食堂商务网关,-8.0,65.80,8852,正常
2016/06/30 17:15:33,0875da8013644cb124a2b7fc0b9c98ea901bb061,1263e7945d111a4bcf23757e9f3f85db54e5b2f7,持卡人消费,学子便利店B03,-12.0,53.80,8853,正常
2016/06/30 17:15:47,0875da8013644cb124a2b7fc0b9c98ea901bb061,1263e7945d111a4bcf23757e9f3f85db54e5b2f7,持卡人消费,学子便利店B03,-4.0,49.80,8854,正常
