交易发生时间,学号,姓名,交易类型,子系统名称,交易额,现有余额,次数,状态
2016/06/01 18:07:26,b1e6bfb1f7e7e9bffd49364e6dda6f6e28f5788d,126b3bb4d8afc2dfc996800359a068b8af3133db,持卡人消费,超市商务子系统,-2.5,11.73,3042,正常
2016/06/04 15:51:13,b1e6bfb1f7e7e9bffd49364e6dda6f6e28f5788d,126b3bb4d8afc2dfc996800359a068b8af3133db,存款,现金充值机,200.0,211.73,3043,正常
2016/06/04 16:14:35,b1e6bfb1f7e7e9bffd49364e6dda6f6e28f5788d,126b3bb4d8afc2dfc996800359a068b8af3133db,持卡人消费,超市商务子系统,-6.0,205.73,3044,正常
2016/06/04 16:16:47,b1e6bfb1f7e7e9bffd49364e6dda6f6e28f5788d,126b3bb4d8afc2dfc996800359a068b8af3133db,持卡人消费,超市商务子系统,-13.6,192.13,3045,正常
2016/06/04 16:23:02,b1e6bfb1f7e7e9bffd49364e6dda6f6e28f5788d,126b3bb4d8afc2dfc996800359a068b8af3133db,持卡人消费,超市商务子系统,-30.2,161.93,3046,正常
2016/06/06 17:03:57,b1e6bfb1f7e7e9bffd49364e6dda6f6e28f5788d,126b3bb4d8afc2dfc996800359a068b8af3133db,持卡人消费,一校区水控新,-0.67,161.26,3048,正常
2016/06/06 17:17:18,b1e6bfb1f7e7e9bffd49364e6dda6f6e28f5788d,126b3bb4d8afc2dfc996800359a068b8af3133db,持卡人消费,一校区水控新,-1.95,159.31,3050,正常
2016/06/07 11:11:44,b1e6bfb1f7e7e9bffd49364e6dda6f6e28f5788d,126b3bb4d8afc2dfc996800359a068b8af3133db,持卡人消费,学苑楼商务网关,-3.0,156.31,3051,正常
2016/06/07 11:12:03,b1e6bfb1f7e7e9bffd49364e6dda6f6e28f5788d,126b3bb4d8afc2dfc996800359a068b8af3133db,持卡人消费,学苑楼商务网关,-0.4,155.91,3052,正常
2016/06/07 11:12:59,b1e6bfb1f7e7e9bffd49364e6dda6f6e28f5788d,126b3bb4d8afc2dfc996800359a068b8af3133db,持卡人消费,学苑楼商务网关,-1.6,154.31,3053,正常
2016/06/07 11:14:24,b1e6bfb1f7e7e9bffd49364e6dda6f6e28f5788d,126b3bb4d8afc2dfc996800359a068b8af3133db,持卡人消费,学苑楼商务网关,-4.0,150.31,3054,正常
2016/06/07 17:22:18,b1e6bfb1f7e7e9bffd49364e6dda6f6e28f5788d,126b3bb4d8afc2dfc996800359a068b8af3133db,持卡人消费,学苑楼商务网关,-9.8,140.51,3055,正常
2016/06/13 11:08:25,b1e6bfb1f7e7e9bffd49364e6dda6f6e28f5788d,126b3bb4d8afc2dfc996800359a068b8af3133db,持卡人消费,硕果园（工大商店）,-10.0,130.51,3056,正常
2016/06/13 11:09:41,b1e6bfb1f7e7e9bffd49364e6dda6f6e28f5788d,126b3bb4d8afc2dfc996800359a068b8af3133db,持卡人消费,硕果园（工大商店）,-2.0,128.51,3057,正常
2016/06/14 18:18:02,b1e6bfb1f7e7e9bffd49364e6dda6f6e28f5788d,126b3bb4d8afc2dfc996800359a068b8af3133db,持卡人消费,学苑楼商务网关,-6.0,122.51,3058,正常
2016/06/14 18:18:23,b1e6bfb1f7e7e9bffd49364e6dda6f6e28f5788d,126b3bb4d8afc2dfc996800359a068b8af3133db,持卡人消费,学苑楼商务网关,-1.0,121.51,3059,正常
2016/06/14 18:35:06,b1e6bfb1f7e7e9bffd49364e6dda6f6e28f5788d,126b3bb4d8afc2dfc996800359a068b8af3133db,持卡人消费,硕果园（工大商店）,-9.1,112.41,3060,正常
2016/06/15 16:20:31,b1e6bfb1f7e7e9bffd49364e6dda6f6e28f5788d,126b3bb4d8afc2dfc996800359a068b8af3133db,持卡人消费,一校区水控新,-0.74,111.67,3062,正常
2016/06/15 16:31:24,b1e6bfb1f7e7e9bffd49364e6dda6f6e28f5788d,126b3bb4d8afc2dfc996800359a068b8af3133db,持卡人消费,一校区水控新,-1.49,110.18,3064,正常
2016/06/22 06:45:26,b1e6bfb1f7e7e9bffd49364e6dda6f6e28f5788d,126b3bb4d8afc2dfc996800359a068b8af3133db,持卡人消费,学苑楼商务网关,-0.9,109.28,3065,正常
2016/06/22 06:47:04,b1e6bfb1f7e7e9bffd49364e6dda6f6e28f5788d,126b3bb4d8afc2dfc996800359a068b8af3133db,持卡人消费,学苑楼商务网关,-1.0,108.28,3066,正常
2016/06/22 06:47:53,b1e6bfb1f7e7e9bffd49364e6dda6f6e28f5788d,126b3bb4d8afc2dfc996800359a068b8af3133db,持卡人消费,学苑楼商务网关,-1.0,107.28,3067,正常
2016/06/22 06:48:23,b1e6bfb1f7e7e9bffd49364e6dda6f6e28f5788d,126b3bb4d8afc2dfc996800359a068b8af3133db,持卡人消费,学苑楼商务网关,-2.3,104.98,3068,正常
2016/06/22 06:51:39,b1e6bfb1f7e7e9bffd49364e6dda6f6e28f5788d,126b3bb4d8afc2dfc996800359a068b8af3133db,持卡人消费,学苑楼商务网关,-0.2,104.78,3069,正常
2016/06/23 16:16:26,b1e6bfb1f7e7e9bffd49364e6dda6f6e28f5788d,126b3bb4d8afc2dfc996800359a068b8af3133db,持卡人消费,一校区水控新,-0.53,104.25,3071,正常
2016/06/23 16:25:16,b1e6bfb1f7e7e9bffd49364e6dda6f6e28f5788d,126b3bb4d8afc2dfc996800359a068b8af3133db,持卡人消费,一校区水控新,-1.25,103.00,3073,正常
2016/06/23 16:42:16,b1e6bfb1f7e7e9bffd49364e6dda6f6e28f5788d,126b3bb4d8afc2dfc996800359a068b8af3133db,持卡人消费,A7,-2.3,100.70,3074,正常
2016/06/25 09:22:56,b1e6bfb1f7e7e9bffd49364e6dda6f6e28f5788d,126b3bb4d8afc2dfc996800359a068b8af3133db,持卡人消费,超市商务子系统,-10.0,90.70,3075,正常
2016/06/25 09:31:48,b1e6bfb1f7e7e9bffd49364e6dda6f6e28f5788d,126b3bb4d8afc2dfc996800359a068b8af3133db,持卡人消费,超市商务子系统,-5.9,84.80,3076,正常
2016/06/27 11:24:12,b1e6bfb1f7e7e9bffd49364e6dda6f6e28f5788d,126b3bb4d8afc2dfc996800359a068b8af3133db,持卡人消费,学苑楼商务网关,-10.0,74.80,3077,正常
2016/06/27 11:26:27,b1e6bfb1f7e7e9bffd49364e6dda6f6e28f5788d,126b3bb4d8afc2dfc996800359a068b8af3133db,持卡人消费,学苑楼商务网关,-3.0,71.80,3078,正常
2016/06/29 17:23:26,b1e6bfb1f7e7e9bffd49364e6dda6f6e28f5788d,126b3bb4d8afc2dfc996800359a068b8af3133db,持卡人消费,九食堂商务网关,-10.0,61.80,3079,正常
2016/06/29 17:25:05,b1e6bfb1f7e7e9bffd49364e6dda6f6e28f5788d,126b3bb4d8afc2dfc996800359a068b8af3133db,持卡人消费,九食堂商务网关,-10.0,51.80,3080,正常
2016/06/29 17:44:41,b1e6bfb1f7e7e9bffd49364e6dda6f6e28f5788d,126b3bb4d8afc2dfc996800359a068b8af3133db,持卡人消费,九食堂商务网关,-22.4,29.40,3081,正常
2016/06/29 17:56:28,b1e6bfb1f7e7e9bffd49364e6dda6f6e28f5788d,126b3bb4d8afc2dfc996800359a068b8af3133db,持卡人消费,九食堂商务网关,-0.1,29.30,3082,正常
2016/06/30 10:53:30,b1e6bfb1f7e7e9bffd49364e6dda6f6e28f5788d,126b3bb4d8afc2dfc996800359a068b8af3133db,持卡人消费,超市商务子系统,-7.0,22.30,3083,正常
2016/06/30 10:58:30,b1e6bfb1f7e7e9bffd49364e6dda6f6e28f5788d,126b3bb4d8afc2dfc996800359a068b8af3133db,持卡人消费,超市商务子系统,-3.0,19.30,3084,正常
2016/06/30 11:02:03,b1e6bfb1f7e7e9bffd49364e6dda6f6e28f5788d,126b3bb4d8afc2dfc996800359a068b8af3133db,持卡人消费,超市商务子系统,-9.9,9.40,3085,正常
2016/06/30 17:49:33,b1e6bfb1f7e7e9bffd49364e6dda6f6e28f5788d,126b3bb4d8afc2dfc996800359a068b8af3133db,持卡人消费,学士楼商务网关,-0.2,9.20,3086,正常
2016/06/30 18:22:36,b1e6bfb1f7e7e9bffd49364e6dda6f6e28f5788d,126b3bb4d8afc2dfc996800359a068b8af3133db,持卡人消费,学士楼商务网关,-0.5,8.70,3087,正常
