交易发生时间,学号,姓名,交易类型,子系统名称,交易额,现有余额,次数,状态
2016/06/01 11:41:11,70f9abce89bb551b35f7880db53ce6a9d129d977,14dd39aa4a5e45f0b76bc0b2f3d7af5421bcf89a,持卡人消费,学士楼商务网关,-6.0,102.27,4312,正常
2016/06/01 17:51:31,70f9abce89bb551b35f7880db53ce6a9d129d977,14dd39aa4a5e45f0b76bc0b2f3d7af5421bcf89a,持卡人消费,硕果园（工大商店）,-8.0,94.27,4313,正常
2016/06/01 17:52:37,70f9abce89bb551b35f7880db53ce6a9d129d977,14dd39aa4a5e45f0b76bc0b2f3d7af5421bcf89a,持卡人消费,硕果园（工大商店）,-5.0,89.27,4314,正常
2016/06/02 12:32:13,70f9abce89bb551b35f7880db53ce6a9d129d977,14dd39aa4a5e45f0b76bc0b2f3d7af5421bcf89a,持卡人消费,学士楼商务网关,-3.0,86.27,4315,正常
2016/06/02 12:32:31,70f9abce89bb551b35f7880db53ce6a9d129d977,14dd39aa4a5e45f0b76bc0b2f3d7af5421bcf89a,持卡人消费,学士楼商务网关,-6.0,80.27,4316,正常
2016/06/02 12:33:36,70f9abce89bb551b35f7880db53ce6a9d129d977,14dd39aa4a5e45f0b76bc0b2f3d7af5421bcf89a,持卡人消费,学士楼商务网关,-1.0,79.27,4317,正常
2016/06/02 12:33:49,70f9abce89bb551b35f7880db53ce6a9d129d977,14dd39aa4a5e45f0b76bc0b2f3d7af5421bcf89a,持卡人消费,学士楼商务网关,-2.0,77.27,4318,正常
2016/06/02 12:53:33,70f9abce89bb551b35f7880db53ce6a9d129d977,14dd39aa4a5e45f0b76bc0b2f3d7af5421bcf89a,持卡人消费,超市商务子系统,-9.5,67.77,4319,正常
2016/06/02 13:03:27,70f9abce89bb551b35f7880db53ce6a9d129d977,14dd39aa4a5e45f0b76bc0b2f3d7af5421bcf89a,持卡人消费,超市商务子系统,-0.5,67.27,4320,正常
2016/06/02 14:45:16,70f9abce89bb551b35f7880db53ce6a9d129d977,14dd39aa4a5e45f0b76bc0b2f3d7af5421bcf89a,持卡人消费,15公寓浴池,-2.0,65.27,4321,正常
2016/06/03 11:20:52,70f9abce89bb551b35f7880db53ce6a9d129d977,14dd39aa4a5e45f0b76bc0b2f3d7af5421bcf89a,持卡人消费,学苑楼商务网关,-8.0,57.27,4322,正常
2016/06/03 16:35:42,70f9abce89bb551b35f7880db53ce6a9d129d977,14dd39aa4a5e45f0b76bc0b2f3d7af5421bcf89a,持卡人消费,15公寓浴池,-0.02,57.25,4324,正常
2016/06/03 16:43:27,70f9abce89bb551b35f7880db53ce6a9d129d977,14dd39aa4a5e45f0b76bc0b2f3d7af5421bcf89a,持卡人消费,15公寓浴池,-1.47,55.78,4326,正常
2016/06/03 17:35:26,70f9abce89bb551b35f7880db53ce6a9d129d977,14dd39aa4a5e45f0b76bc0b2f3d7af5421bcf89a,持卡人消费,学苑楼商务网关,-3.8,51.98,4327,正常
2016/06/03 17:35:31,70f9abce89bb551b35f7880db53ce6a9d129d977,14dd39aa4a5e45f0b76bc0b2f3d7af5421bcf89a,持卡人消费,学苑楼商务网关,-8.0,43.98,4328,正常
2016/06/03 17:36:52,70f9abce89bb551b35f7880db53ce6a9d129d977,14dd39aa4a5e45f0b76bc0b2f3d7af5421bcf89a,持卡人消费,学苑楼商务网关,-3.0,40.98,4329,正常
2016/06/03 17:41:25,70f9abce89bb551b35f7880db53ce6a9d129d977,14dd39aa4a5e45f0b76bc0b2f3d7af5421bcf89a,持卡人消费,学苑楼商务网关,-4.1,36.88,4330,正常
2016/06/03 21:03:14,70f9abce89bb551b35f7880db53ce6a9d129d977,14dd39aa4a5e45f0b76bc0b2f3d7af5421bcf89a,持卡人消费,超市商务子系统,-1.8,35.08,4331,正常
2016/06/04 18:07:04,70f9abce89bb551b35f7880db53ce6a9d129d977,14dd39aa4a5e45f0b76bc0b2f3d7af5421bcf89a,持卡人消费,硕果园（工大商店）,-12.0,23.08,4332,正常
2016/06/05 07:50:11,70f9abce89bb551b35f7880db53ce6a9d129d977,14dd39aa4a5e45f0b76bc0b2f3d7af5421bcf89a,持卡人消费,学士楼商务网关,-4.3,18.78,4333,正常
2016/06/05 07:50:50,70f9abce89bb551b35f7880db53ce6a9d129d977,14dd39aa4a5e45f0b76bc0b2f3d7af5421bcf89a,持卡人消费,学士楼商务网关,-1.0,17.78,4334,正常
2016/06/07 08:43:35,70f9abce89bb551b35f7880db53ce6a9d129d977,14dd39aa4a5e45f0b76bc0b2f3d7af5421bcf89a,持卡人消费,学士楼商务网关,-2.3,15.48,4335,正常
2016/06/08 09:03:38,70f9abce89bb551b35f7880db53ce6a9d129d977,14dd39aa4a5e45f0b76bc0b2f3d7af5421bcf89a,持卡人消费,学士楼商务网关,-2.4,13.08,4336,正常
2016/06/08 11:34:26,70f9abce89bb551b35f7880db53ce6a9d129d977,14dd39aa4a5e45f0b76bc0b2f3d7af5421bcf89a,存款,学苑楼综合业务2,200.0,213.08,4337,正常
2016/06/08 11:37:21,70f9abce89bb551b35f7880db53ce6a9d129d977,14dd39aa4a5e45f0b76bc0b2f3d7af5421bcf89a,持卡人消费,学苑楼商务网关,-8.0,205.08,4338,正常
2016/06/08 14:41:42,70f9abce89bb551b35f7880db53ce6a9d129d977,14dd39aa4a5e45f0b76bc0b2f3d7af5421bcf89a,持卡人消费,15公寓浴池,-2.0,203.08,4339,正常
2016/06/08 15:23:15,70f9abce89bb551b35f7880db53ce6a9d129d977,14dd39aa4a5e45f0b76bc0b2f3d7af5421bcf89a,持卡人消费,一校区水控新,-0.03,203.05,4341,正常
2016/06/08 15:34:05,70f9abce89bb551b35f7880db53ce6a9d129d977,14dd39aa4a5e45f0b76bc0b2f3d7af5421bcf89a,持卡人消费,一校区水控新,-1.96,201.09,4342,正常
2016/06/08 15:37:55,70f9abce89bb551b35f7880db53ce6a9d129d977,14dd39aa4a5e45f0b76bc0b2f3d7af5421bcf89a,持卡人消费,一校区水控新,-0.7,200.39,4343,正常
2016/06/08 15:50:09,70f9abce89bb551b35f7880db53ce6a9d129d977,14dd39aa4a5e45f0b76bc0b2f3d7af5421bcf89a,持卡人消费,一校区水控新,-2.0,198.39,4344,正常
2016/06/09 08:59:47,70f9abce89bb551b35f7880db53ce6a9d129d977,14dd39aa4a5e45f0b76bc0b2f3d7af5421bcf89a,持卡人消费,学士楼商务网关,-2.3,196.09,4345,正常
2016/06/09 11:14:58,70f9abce89bb551b35f7880db53ce6a9d129d977,14dd39aa4a5e45f0b76bc0b2f3d7af5421bcf89a,持卡人消费,学士楼商务网关,-4.0,192.09,4346,正常
2016/06/09 17:54:25,70f9abce89bb551b35f7880db53ce6a9d129d977,14dd39aa4a5e45f0b76bc0b2f3d7af5421bcf89a,持卡人消费,九食堂商务网关,-9.0,183.09,4347,正常
2016/06/10 09:04:30,70f9abce89bb551b35f7880db53ce6a9d129d977,14dd39aa4a5e45f0b76bc0b2f3d7af5421bcf89a,持卡人消费,学士楼商务网关,-2.4,180.69,4348,正常
2016/06/10 11:33:48,70f9abce89bb551b35f7880db53ce6a9d129d977,14dd39aa4a5e45f0b76bc0b2f3d7af5421bcf89a,持卡人消费,学苑楼商务网关,-7.5,173.19,4349,正常
2016/06/10 17:18:50,70f9abce89bb551b35f7880db53ce6a9d129d977,14dd39aa4a5e45f0b76bc0b2f3d7af5421bcf89a,持卡人消费,硕果园（工大商店）,-14.0,159.19,4350,正常
2016/06/11 08:36:22,70f9abce89bb551b35f7880db53ce6a9d129d977,14dd39aa4a5e45f0b76bc0b2f3d7af5421bcf89a,持卡人消费,学士楼商务网关,-2.5,156.69,4351,正常
2016/06/11 11:36:39,70f9abce89bb551b35f7880db53ce6a9d129d977,14dd39aa4a5e45f0b76bc0b2f3d7af5421bcf89a,持卡人消费,学士楼商务网关,-3.0,153.69,4352,正常
2016/06/11 11:36:55,70f9abce89bb551b35f7880db53ce6a9d129d977,14dd39aa4a5e45f0b76bc0b2f3d7af5421bcf89a,持卡人消费,学士楼商务网关,-2.5,151.19,4353,正常
2016/06/11 11:38:29,70f9abce89bb551b35f7880db53ce6a9d129d977,14dd39aa4a5e45f0b76bc0b2f3d7af5421bcf89a,持卡人消费,学士楼商务网关,-2.5,148.69,4354,正常
2016/06/11 17:28:17,70f9abce89bb551b35f7880db53ce6a9d129d977,14dd39aa4a5e45f0b76bc0b2f3d7af5421bcf89a,持卡人消费,15公寓浴池,-1.73,146.96,4356,正常
2016/06/11 20:11:14,70f9abce89bb551b35f7880db53ce6a9d129d977,14dd39aa4a5e45f0b76bc0b2f3d7af5421bcf89a,持卡人消费,超市商务子系统,-10.9,136.06,4357,正常
2016/06/12 08:35:03,70f9abce89bb551b35f7880db53ce6a9d129d977,14dd39aa4a5e45f0b76bc0b2f3d7af5421bcf89a,持卡人消费,学士楼商务网关,-2.3,133.76,4358,正常
2016/06/12 11:47:37,70f9abce89bb551b35f7880db53ce6a9d129d977,14dd39aa4a5e45f0b76bc0b2f3d7af5421bcf89a,持卡人消费,学士楼商务网关,-6.0,127.76,4359,正常
2016/06/13 08:54:06,70f9abce89bb551b35f7880db53ce6a9d129d977,14dd39aa4a5e45f0b76bc0b2f3d7af5421bcf89a,持卡人消费,学士楼商务网关,-2.3,125.46,4360,正常
2016/06/13 11:45:12,70f9abce89bb551b35f7880db53ce6a9d129d977,14dd39aa4a5e45f0b76bc0b2f3d7af5421bcf89a,持卡人消费,学苑楼商务网关,-4.0,121.46,4361,正常
2016/06/13 11:46:05,70f9abce89bb551b35f7880db53ce6a9d129d977,14dd39aa4a5e45f0b76bc0b2f3d7af5421bcf89a,持卡人消费,学苑楼商务网关,-8.0,113.46,4362,正常
2016/06/13 14:32:34,70f9abce89bb551b35f7880db53ce6a9d129d977,14dd39aa4a5e45f0b76bc0b2f3d7af5421bcf89a,持卡人消费,游泳馆,-6.0,107.46,4363,正常
2016/06/13 17:22:47,70f9abce89bb551b35f7880db53ce6a9d129d977,14dd39aa4a5e45f0b76bc0b2f3d7af5421bcf89a,持卡人消费,学苑楼商务网关,-7.0,100.46,4364,正常
2016/06/13 17:23:07,70f9abce89bb551b35f7880db53ce6a9d129d977,14dd39aa4a5e45f0b76bc0b2f3d7af5421bcf89a,持卡人消费,学苑楼商务网关,-7.0,93.46,4365,正常
2016/06/13 17:55:43,70f9abce89bb551b35f7880db53ce6a9d129d977,14dd39aa4a5e45f0b76bc0b2f3d7af5421bcf89a,持卡人消费,超市商务子系统,-6.4,87.06,4366,正常
2016/06/14 08:47:38,70f9abce89bb551b35f7880db53ce6a9d129d977,14dd39aa4a5e45f0b76bc0b2f3d7af5421bcf89a,持卡人消费,学士楼商务网关,-2.3,84.76,4367,正常
2016/06/14 11:37:57,70f9abce89bb551b35f7880db53ce6a9d129d977,14dd39aa4a5e45f0b76bc0b2f3d7af5421bcf89a,持卡人消费,学士楼商务网关,-8.0,76.76,4368,正常
2016/06/14 11:38:20,70f9abce89bb551b35f7880db53ce6a9d129d977,14dd39aa4a5e45f0b76bc0b2f3d7af5421bcf89a,持卡人消费,学士楼商务网关,-6.0,70.76,4369,正常
2016/06/14 11:47:18,70f9abce89bb551b35f7880db53ce6a9d129d977,14dd39aa4a5e45f0b76bc0b2f3d7af5421bcf89a,持卡人消费,学士楼商务网关,-4.98,65.78,4370,正常
2016/06/15 11:52:11,70f9abce89bb551b35f7880db53ce6a9d129d977,14dd39aa4a5e45f0b76bc0b2f3d7af5421bcf89a,持卡人消费,学苑楼商务网关,-9.0,56.78,4371,正常
2016/06/15 17:26:38,70f9abce89bb551b35f7880db53ce6a9d129d977,14dd39aa4a5e45f0b76bc0b2f3d7af5421bcf89a,持卡人消费,学士楼商务网关,-6.0,50.78,4372,正常
2016/06/15 17:27:05,70f9abce89bb551b35f7880db53ce6a9d129d977,14dd39aa4a5e45f0b76bc0b2f3d7af5421bcf89a,持卡人消费,学士楼商务网关,-5.0,45.78,4373,正常
2016/06/15 17:27:51,70f9abce89bb551b35f7880db53ce6a9d129d977,14dd39aa4a5e45f0b76bc0b2f3d7af5421bcf89a,持卡人消费,学士楼商务网关,-1.68,44.10,4374,正常
2016/06/16 09:08:07,70f9abce89bb551b35f7880db53ce6a9d129d977,14dd39aa4a5e45f0b76bc0b2f3d7af5421bcf89a,持卡人消费,学士楼商务网关,-2.5,41.60,4375,正常
2016/06/16 12:00:36,70f9abce89bb551b35f7880db53ce6a9d129d977,14dd39aa4a5e45f0b76bc0b2f3d7af5421bcf89a,持卡人消费,学士楼商务网关,-6.0,35.60,4376,正常
2016/06/16 16:01:24,70f9abce89bb551b35f7880db53ce6a9d129d977,14dd39aa4a5e45f0b76bc0b2f3d7af5421bcf89a,持卡人消费,15公寓浴池,-0.18,35.42,4378,正常
2016/06/16 16:08:30,70f9abce89bb551b35f7880db53ce6a9d129d977,14dd39aa4a5e45f0b76bc0b2f3d7af5421bcf89a,持卡人消费,15公寓浴池,-1.33,34.09,4380,正常
2016/06/16 17:25:57,70f9abce89bb551b35f7880db53ce6a9d129d977,14dd39aa4a5e45f0b76bc0b2f3d7af5421bcf89a,存款,学苑楼综合业务3,100.0,134.09,4381,正常
2016/06/16 17:29:21,70f9abce89bb551b35f7880db53ce6a9d129d977,14dd39aa4a5e45f0b76bc0b2f3d7af5421bcf89a,持卡人消费,学苑楼商务网关,-3.0,131.09,4382,正常
2016/06/17 08:37:53,70f9abce89bb551b35f7880db53ce6a9d129d977,14dd39aa4a5e45f0b76bc0b2f3d7af5421bcf89a,持卡人消费,学士楼商务网关,-2.5,128.59,4383,正常
2016/06/17 17:29:21,70f9abce89bb551b35f7880db53ce6a9d129d977,14dd39aa4a5e45f0b76bc0b2f3d7af5421bcf89a,持卡人消费,学苑楼商务网关,-4.0,124.59,4384,正常
2016/06/17 17:31:39,70f9abce89bb551b35f7880db53ce6a9d129d977,14dd39aa4a5e45f0b76bc0b2f3d7af5421bcf89a,持卡人消费,学苑楼商务网关,-8.0,116.59,4385,正常
2016/06/17 17:32:06,70f9abce89bb551b35f7880db53ce6a9d129d977,14dd39aa4a5e45f0b76bc0b2f3d7af5421bcf89a,持卡人消费,学苑楼商务网关,-1.0,115.59,4386,正常
2016/06/17 17:35:34,70f9abce89bb551b35f7880db53ce6a9d129d977,14dd39aa4a5e45f0b76bc0b2f3d7af5421bcf89a,持卡人消费,学苑楼商务网关,-4.4,111.19,4387,正常
2016/06/17 18:18:21,70f9abce89bb551b35f7880db53ce6a9d129d977,14dd39aa4a5e45f0b76bc0b2f3d7af5421bcf89a,持卡人消费,超市商务子系统,-10.5,100.69,4388,正常
2016/06/18 13:52:24,70f9abce89bb551b35f7880db53ce6a9d129d977,14dd39aa4a5e45f0b76bc0b2f3d7af5421bcf89a,持卡人消费,15公寓浴池,-1.73,98.96,4390,正常
2016/06/19 08:48:48,70f9abce89bb551b35f7880db53ce6a9d129d977,14dd39aa4a5e45f0b76bc0b2f3d7af5421bcf89a,持卡人消费,学士楼商务网关,-2.5,96.46,4391,正常
2016/06/19 11:43:06,70f9abce89bb551b35f7880db53ce6a9d129d977,14dd39aa4a5e45f0b76bc0b2f3d7af5421bcf89a,持卡人消费,学士楼商务网关,-3.0,93.46,4392,正常
2016/06/19 11:45:27,70f9abce89bb551b35f7880db53ce6a9d129d977,14dd39aa4a5e45f0b76bc0b2f3d7af5421bcf89a,持卡人消费,学士楼商务网关,-1.0,92.46,4393,正常
2016/06/20 11:25:34,70f9abce89bb551b35f7880db53ce6a9d129d977,14dd39aa4a5e45f0b76bc0b2f3d7af5421bcf89a,持卡人消费,学士楼商务网关,-6.0,86.46,4394,正常
2016/06/20 11:33:28,70f9abce89bb551b35f7880db53ce6a9d129d977,14dd39aa4a5e45f0b76bc0b2f3d7af5421bcf89a,持卡人消费,学士楼商务网关,-2.1,84.36,4395,正常
2016/06/20 17:52:56,70f9abce89bb551b35f7880db53ce6a9d129d977,14dd39aa4a5e45f0b76bc0b2f3d7af5421bcf89a,持卡人消费,15公寓浴池,-1.5,82.86,4397,正常
2016/06/21 11:21:46,70f9abce89bb551b35f7880db53ce6a9d129d977,14dd39aa4a5e45f0b76bc0b2f3d7af5421bcf89a,持卡人消费,学士楼商务网关,-6.0,76.86,4398,正常
2016/06/21 17:43:14,70f9abce89bb551b35f7880db53ce6a9d129d977,14dd39aa4a5e45f0b76bc0b2f3d7af5421bcf89a,持卡人消费,学苑楼商务网关,-4.0,72.86,4399,正常
2016/06/22 11:08:39,70f9abce89bb551b35f7880db53ce6a9d129d977,14dd39aa4a5e45f0b76bc0b2f3d7af5421bcf89a,持卡人消费,学苑楼商务网关,-7.5,65.36,4400,正常
2016/06/22 11:28:58,70f9abce89bb551b35f7880db53ce6a9d129d977,14dd39aa4a5e45f0b76bc0b2f3d7af5421bcf89a,持卡人消费,学苑楼商务网关,-5.0,60.36,4401,正常
2016/06/22 16:15:06,70f9abce89bb551b35f7880db53ce6a9d129d977,14dd39aa4a5e45f0b76bc0b2f3d7af5421bcf89a,持卡人消费,15公寓浴池,-0.02,60.34,4403,正常
2016/06/22 16:23:47,70f9abce89bb551b35f7880db53ce6a9d129d977,14dd39aa4a5e45f0b76bc0b2f3d7af5421bcf89a,持卡人消费,15公寓浴池,-1.65,58.69,4405,正常
2016/06/22 17:44:38,70f9abce89bb551b35f7880db53ce6a9d129d977,14dd39aa4a5e45f0b76bc0b2f3d7af5421bcf89a,持卡人消费,学苑楼商务网关,-6.0,52.69,4406,正常
2016/06/22 17:46:05,70f9abce89bb551b35f7880db53ce6a9d129d977,14dd39aa4a5e45f0b76bc0b2f3d7af5421bcf89a,持卡人消费,学苑楼商务网关,-2.5,50.19,4407,正常
2016/06/22 17:47:03,70f9abce89bb551b35f7880db53ce6a9d129d977,14dd39aa4a5e45f0b76bc0b2f3d7af5421bcf89a,持卡人消费,学苑楼商务网关,-5.0,45.19,4408,正常
2016/06/23 17:28:12,70f9abce89bb551b35f7880db53ce6a9d129d977,14dd39aa4a5e45f0b76bc0b2f3d7af5421bcf89a,持卡人消费,学苑楼商务网关,-10.0,35.19,4409,正常
2016/06/23 17:29:39,70f9abce89bb551b35f7880db53ce6a9d129d977,14dd39aa4a5e45f0b76bc0b2f3d7af5421bcf89a,持卡人消费,学苑楼商务网关,-4.0,31.19,4410,正常
2016/06/24 08:59:00,70f9abce89bb551b35f7880db53ce6a9d129d977,14dd39aa4a5e45f0b76bc0b2f3d7af5421bcf89a,持卡人消费,学士楼商务网关,-2.7,28.49,4411,正常
2016/06/24 08:59:43,70f9abce89bb551b35f7880db53ce6a9d129d977,14dd39aa4a5e45f0b76bc0b2f3d7af5421bcf89a,持卡人消费,学士楼商务网关,-0.2,28.29,4412,正常
2016/06/24 11:44:02,70f9abce89bb551b35f7880db53ce6a9d129d977,14dd39aa4a5e45f0b76bc0b2f3d7af5421bcf89a,持卡人消费,学苑楼商务网关,-8.8,19.49,4413,正常
2016/06/25 08:54:33,70f9abce89bb551b35f7880db53ce6a9d129d977,14dd39aa4a5e45f0b76bc0b2f3d7af5421bcf89a,持卡人消费,学士楼商务网关,-2.3,17.19,4414,正常
2016/06/25 11:23:30,70f9abce89bb551b35f7880db53ce6a9d129d977,14dd39aa4a5e45f0b76bc0b2f3d7af5421bcf89a,持卡人消费,学士楼商务网关,-1.65,15.54,4415,正常
2016/06/25 11:24:28,70f9abce89bb551b35f7880db53ce6a9d129d977,14dd39aa4a5e45f0b76bc0b2f3d7af5421bcf89a,持卡人消费,学士楼商务网关,-0.4,15.14,4416,正常
2016/06/26 08:38:43,70f9abce89bb551b35f7880db53ce6a9d129d977,14dd39aa4a5e45f0b76bc0b2f3d7af5421bcf89a,持卡人消费,学士楼商务网关,-2.5,12.64,4417,正常
2016/06/26 16:00:53,70f9abce89bb551b35f7880db53ce6a9d129d977,14dd39aa4a5e45f0b76bc0b2f3d7af5421bcf89a,持卡人消费,15公寓浴池,-0.02,12.62,4419,正常
2016/06/26 16:11:19,70f9abce89bb551b35f7880db53ce6a9d129d977,14dd39aa4a5e45f0b76bc0b2f3d7af5421bcf89a,持卡人消费,15公寓浴池,-2.0,10.62,4420,正常
2016/06/26 18:58:17,70f9abce89bb551b35f7880db53ce6a9d129d977,14dd39aa4a5e45f0b76bc0b2f3d7af5421bcf89a,持卡人消费,学士楼商务网关,-0.5,10.12,4421,正常
2016/06/27 07:35:41,70f9abce89bb551b35f7880db53ce6a9d129d977,14dd39aa4a5e45f0b76bc0b2f3d7af5421bcf89a,持卡人消费,学士楼商务网关,-2.4,7.72,4422,正常
2016/06/27 16:13:37,70f9abce89bb551b35f7880db53ce6a9d129d977,14dd39aa4a5e45f0b76bc0b2f3d7af5421bcf89a,持卡人消费,15公寓浴池,-1.23,6.49,4424,正常
2016/06/28 11:52:24,70f9abce89bb551b35f7880db53ce6a9d129d977,14dd39aa4a5e45f0b76bc0b2f3d7af5421bcf89a,存款,学苑楼综合业务2,50.0,56.49,4425,正常
2016/06/29 11:38:58,70f9abce89bb551b35f7880db53ce6a9d129d977,14dd39aa4a5e45f0b76bc0b2f3d7af5421bcf89a,持卡人消费,学士楼商务网关,-6.0,50.49,4426,正常
2016/06/29 11:40:22,70f9abce89bb551b35f7880db53ce6a9d129d977,14dd39aa4a5e45f0b76bc0b2f3d7af5421bcf89a,持卡人消费,学士楼商务网关,-6.0,44.49,4427,正常
2016/06/30 08:51:04,70f9abce89bb551b35f7880db53ce6a9d129d977,14dd39aa4a5e45f0b76bc0b2f3d7af5421bcf89a,持卡人消费,学士楼商务网关,-2.5,41.99,4428,正常
2016/06/30 16:37:28,70f9abce89bb551b35f7880db53ce6a9d129d977,14dd39aa4a5e45f0b76bc0b2f3d7af5421bcf89a,持卡人消费,15公寓浴池,-2.0,39.99,4429,正常
2016/06/30 17:33:14,70f9abce89bb551b35f7880db53ce6a9d129d977,14dd39aa4a5e45f0b76bc0b2f3d7af5421bcf89a,持卡人消费,学苑楼商务网关,-3.0,36.99,4430,正常
2016/06/30 17:34:18,70f9abce89bb551b35f7880db53ce6a9d129d977,14dd39aa4a5e45f0b76bc0b2f3d7af5421bcf89a,持卡人消费,学苑楼商务网关,-5.0,31.99,4431,正常
2016/06/30 17:36:44,70f9abce89bb551b35f7880db53ce6a9d129d977,14dd39aa4a5e45f0b76bc0b2f3d7af5421bcf89a,持卡人消费,学苑楼商务网关,-4.0,27.99,4432,正常
2016/06/30 17:37:08,70f9abce89bb551b35f7880db53ce6a9d129d977,14dd39aa4a5e45f0b76bc0b2f3d7af5421bcf89a,持卡人消费,学苑楼商务网关,-2.0,25.99,4433,正常
