交易发生时间,学号,姓名,交易类型,子系统名称,交易额,现有余额,次数,状态
2016/06/01 11:31:25,2e742bf1f3c553ee1ec3125efc41d8930e993d21,14dde1dc84ed7bcd672e4ba30be8ab1a20b815dd,持卡人消费,学苑楼商务网关,-8.0,33.61,1546,正常
2016/06/01 11:34:28,2e742bf1f3c553ee1ec3125efc41d8930e993d21,14dde1dc84ed7bcd672e4ba30be8ab1a20b815dd,持卡人消费,学苑楼商务网关,-8.0,25.61,1547,正常
2016/06/01 11:34:58,2e742bf1f3c553ee1ec3125efc41d8930e993d21,14dde1dc84ed7bcd672e4ba30be8ab1a20b815dd,持卡人消费,学苑楼商务网关,-0.4,25.21,1548,正常
2016/06/02 11:28:30,2e742bf1f3c553ee1ec3125efc41d8930e993d21,14dde1dc84ed7bcd672e4ba30be8ab1a20b815dd,持卡人消费,学子楼商务网关,-7.25,17.96,1549,正常
2016/06/02 11:36:58,2e742bf1f3c553ee1ec3125efc41d8930e993d21,14dde1dc84ed7bcd672e4ba30be8ab1a20b815dd,持卡人消费,学子楼商务网关,-6.0,11.96,1550,正常
2016/06/03 11:21:05,2e742bf1f3c553ee1ec3125efc41d8930e993d21,14dde1dc84ed7bcd672e4ba30be8ab1a20b815dd,持卡人消费,学子楼商务网关,-10.5,1.46,1551,正常
2016/06/04 11:13:59,2e742bf1f3c553ee1ec3125efc41d8930e993d21,14dde1dc84ed7bcd672e4ba30be8ab1a20b815dd,存款,卡中心综合业务,100.0,101.46,1552,正常
2016/06/04 11:17:02,2e742bf1f3c553ee1ec3125efc41d8930e993d21,14dde1dc84ed7bcd672e4ba30be8ab1a20b815dd,持卡人消费,学苑楼商务网关,-10.0,91.46,1553,正常
2016/06/04 11:18:13,2e742bf1f3c553ee1ec3125efc41d8930e993d21,14dde1dc84ed7bcd672e4ba30be8ab1a20b815dd,持卡人消费,学苑楼商务网关,-8.05,83.41,1554,正常
2016/06/04 11:18:29,2e742bf1f3c553ee1ec3125efc41d8930e993d21,14dde1dc84ed7bcd672e4ba30be8ab1a20b815dd,持卡人消费,学苑楼商务网关,-9.8,73.61,1555,正常
2016/06/04 11:24:53,2e742bf1f3c553ee1ec3125efc41d8930e993d21,14dde1dc84ed7bcd672e4ba30be8ab1a20b815dd,持卡人消费,学苑楼商务网关,-0.4,73.21,1556,正常
2016/06/04 11:57:03,2e742bf1f3c553ee1ec3125efc41d8930e993d21,14dde1dc84ed7bcd672e4ba30be8ab1a20b815dd,持卡人消费,学苑楼商务网关,-0.1,73.11,1557,正常
2016/06/06 11:30:09,2e742bf1f3c553ee1ec3125efc41d8930e993d21,14dde1dc84ed7bcd672e4ba30be8ab1a20b815dd,持卡人消费,学子楼商务网关,-9.75,63.36,1558,正常
2016/06/13 11:21:05,2e742bf1f3c553ee1ec3125efc41d8930e993d21,14dde1dc84ed7bcd672e4ba30be8ab1a20b815dd,持卡人消费,学子楼商务网关,-6.5,56.86,1559,正常
2016/06/13 11:21:36,2e742bf1f3c553ee1ec3125efc41d8930e993d21,14dde1dc84ed7bcd672e4ba30be8ab1a20b815dd,持卡人消费,学子楼商务网关,-8.0,48.86,1560,正常
2016/06/14 11:11:51,2e742bf1f3c553ee1ec3125efc41d8930e993d21,14dde1dc84ed7bcd672e4ba30be8ab1a20b815dd,持卡人消费,学苑楼商务网关,-2.0,46.86,1561,正常
2016/06/14 11:13:21,2e742bf1f3c553ee1ec3125efc41d8930e993d21,14dde1dc84ed7bcd672e4ba30be8ab1a20b815dd,持卡人消费,学苑楼商务网关,-8.0,38.86,1562,正常
2016/06/14 11:13:58,2e742bf1f3c553ee1ec3125efc41d8930e993d21,14dde1dc84ed7bcd672e4ba30be8ab1a20b815dd,持卡人消费,学苑楼商务网关,-5.0,33.86,1563,正常
2016/06/14 11:14:38,2e742bf1f3c553ee1ec3125efc41d8930e993d21,14dde1dc84ed7bcd672e4ba30be8ab1a20b815dd,持卡人消费,学苑楼商务网关,-7.0,26.86,1564,正常
2016/06/14 11:17:52,2e742bf1f3c553ee1ec3125efc41d8930e993d21,14dde1dc84ed7bcd672e4ba30be8ab1a20b815dd,持卡人消费,学苑楼商务网关,-10.08,16.78,1565,正常
2016/06/15 11:29:22,2e742bf1f3c553ee1ec3125efc41d8930e993d21,14dde1dc84ed7bcd672e4ba30be8ab1a20b815dd,持卡人消费,学子楼商务网关,-10.5,6.28,1566,正常
2016/06/15 17:24:23,2e742bf1f3c553ee1ec3125efc41d8930e993d21,14dde1dc84ed7bcd672e4ba30be8ab1a20b815dd,存款,学苑楼综合业务3,100.0,106.28,1567,正常
2016/06/15 17:26:34,2e742bf1f3c553ee1ec3125efc41d8930e993d21,14dde1dc84ed7bcd672e4ba30be8ab1a20b815dd,持卡人消费,学苑楼商务网关,-7.0,99.28,1568,正常
2016/06/15 17:28:35,2e742bf1f3c553ee1ec3125efc41d8930e993d21,14dde1dc84ed7bcd672e4ba30be8ab1a20b815dd,持卡人消费,学苑楼商务网关,-12.0,87.28,1569,正常
2016/06/16 11:36:37,2e742bf1f3c553ee1ec3125efc41d8930e993d21,14dde1dc84ed7bcd672e4ba30be8ab1a20b815dd,持卡人消费,学苑楼商务网关,-4.0,83.28,1570,正常
2016/06/16 11:37:17,2e742bf1f3c553ee1ec3125efc41d8930e993d21,14dde1dc84ed7bcd672e4ba30be8ab1a20b815dd,持卡人消费,学苑楼商务网关,-3.2,80.08,1571,正常
2016/06/16 11:37:35,2e742bf1f3c553ee1ec3125efc41d8930e993d21,14dde1dc84ed7bcd672e4ba30be8ab1a20b815dd,持卡人消费,学苑楼商务网关,-0.4,79.68,1572,正常
2016/06/16 11:40:54,2e742bf1f3c553ee1ec3125efc41d8930e993d21,14dde1dc84ed7bcd672e4ba30be8ab1a20b815dd,持卡人消费,学苑楼商务网关,-11.9,67.78,1573,正常
2016/06/16 17:11:15,2e742bf1f3c553ee1ec3125efc41d8930e993d21,14dde1dc84ed7bcd672e4ba30be8ab1a20b815dd,持卡人消费,学苑楼商务网关,-10.0,57.78,1574,正常
2016/06/16 17:12:34,2e742bf1f3c553ee1ec3125efc41d8930e993d21,14dde1dc84ed7bcd672e4ba30be8ab1a20b815dd,持卡人消费,学苑楼商务网关,-4.0,53.78,1575,正常
2016/06/16 17:13:49,2e742bf1f3c553ee1ec3125efc41d8930e993d21,14dde1dc84ed7bcd672e4ba30be8ab1a20b815dd,持卡人消费,学苑楼商务网关,-0.8,52.98,1576,正常
2016/06/17 11:32:56,2e742bf1f3c553ee1ec3125efc41d8930e993d21,14dde1dc84ed7bcd672e4ba30be8ab1a20b815dd,持卡人消费,学苑楼商务网关,-12.0,40.98,1577,正常
2016/06/17 11:33:54,2e742bf1f3c553ee1ec3125efc41d8930e993d21,14dde1dc84ed7bcd672e4ba30be8ab1a20b815dd,持卡人消费,学苑楼商务网关,-0.6,40.38,1578,正常
2016/06/17 11:34:41,2e742bf1f3c553ee1ec3125efc41d8930e993d21,14dde1dc84ed7bcd672e4ba30be8ab1a20b815dd,持卡人消费,学苑楼商务网关,-12.0,28.38,1579,正常
2016/06/20 11:19:39,2e742bf1f3c553ee1ec3125efc41d8930e993d21,14dde1dc84ed7bcd672e4ba30be8ab1a20b815dd,存款,卡中心综合业务,100.0,128.38,1580,正常
2016/06/20 11:23:45,2e742bf1f3c553ee1ec3125efc41d8930e993d21,14dde1dc84ed7bcd672e4ba30be8ab1a20b815dd,持卡人消费,学苑楼商务网关,-12.0,116.38,1581,正常
2016/06/20 11:24:40,2e742bf1f3c553ee1ec3125efc41d8930e993d21,14dde1dc84ed7bcd672e4ba30be8ab1a20b815dd,持卡人消费,学苑楼商务网关,-5.6,110.78,1582,正常
2016/06/20 11:25:37,2e742bf1f3c553ee1ec3125efc41d8930e993d21,14dde1dc84ed7bcd672e4ba30be8ab1a20b815dd,持卡人消费,学苑楼商务网关,-6.0,104.78,1583,正常
2016/06/21 11:05:57,2e742bf1f3c553ee1ec3125efc41d8930e993d21,14dde1dc84ed7bcd672e4ba30be8ab1a20b815dd,持卡人消费,学苑楼商务网关,-7.0,97.78,1584,正常
2016/06/21 11:06:00,2e742bf1f3c553ee1ec3125efc41d8930e993d21,14dde1dc84ed7bcd672e4ba30be8ab1a20b815dd,持卡人消费,学苑楼商务网关,-6.0,91.78,1585,正常
2016/06/21 11:07:30,2e742bf1f3c553ee1ec3125efc41d8930e993d21,14dde1dc84ed7bcd672e4ba30be8ab1a20b815dd,持卡人消费,学苑楼商务网关,-8.0,83.78,1586,正常
2016/06/21 11:07:56,2e742bf1f3c553ee1ec3125efc41d8930e993d21,14dde1dc84ed7bcd672e4ba30be8ab1a20b815dd,持卡人消费,学苑楼商务网关,-0.6,83.18,1587,正常
2016/06/21 16:57:00,2e742bf1f3c553ee1ec3125efc41d8930e993d21,14dde1dc84ed7bcd672e4ba30be8ab1a20b815dd,持卡人消费,学子楼商务网关,-6.5,76.68,1588,正常
2016/06/21 17:02:22,2e742bf1f3c553ee1ec3125efc41d8930e993d21,14dde1dc84ed7bcd672e4ba30be8ab1a20b815dd,持卡人消费,学子楼商务网关,-6.0,70.68,1589,正常
2016/06/23 11:24:48,2e742bf1f3c553ee1ec3125efc41d8930e993d21,14dde1dc84ed7bcd672e4ba30be8ab1a20b815dd,持卡人消费,学苑楼商务网关,-8.8,61.88,1590,正常
2016/06/24 07:58:36,2e742bf1f3c553ee1ec3125efc41d8930e993d21,14dde1dc84ed7bcd672e4ba30be8ab1a20b815dd,持卡人消费,学士楼商务网关,-6.3,55.58,1591,正常
2016/06/26 14:38:52,2e742bf1f3c553ee1ec3125efc41d8930e993d21,14dde1dc84ed7bcd672e4ba30be8ab1a20b815dd,持卡人消费,超市商务子系统,-10.0,45.58,1592,正常
2016/06/27 07:20:05,2e742bf1f3c553ee1ec3125efc41d8930e993d21,14dde1dc84ed7bcd672e4ba30be8ab1a20b815dd,持卡人消费,学士楼商务网关,-3.8,41.78,1593,正常
2016/06/29 12:16:55,2e742bf1f3c553ee1ec3125efc41d8930e993d21,14dde1dc84ed7bcd672e4ba30be8ab1a20b815dd,持卡人消费,学子楼商务网关,-18.5,23.28,1594,正常
2016/06/29 12:18:38,2e742bf1f3c553ee1ec3125efc41d8930e993d21,14dde1dc84ed7bcd672e4ba30be8ab1a20b815dd,持卡人消费,学子楼商务网关,-12.0,11.28,1595,正常
2016/06/30 11:20:38,2e742bf1f3c553ee1ec3125efc41d8930e993d21,14dde1dc84ed7bcd672e4ba30be8ab1a20b815dd,存款,卡中心综合业务,100.0,111.28,1596,正常
2016/06/30 11:23:22,2e742bf1f3c553ee1ec3125efc41d8930e993d21,14dde1dc84ed7bcd672e4ba30be8ab1a20b815dd,持卡人消费,学苑楼商务网关,-4.6,106.68,1597,正常
2016/06/30 11:23:47,2e742bf1f3c553ee1ec3125efc41d8930e993d21,14dde1dc84ed7bcd672e4ba30be8ab1a20b815dd,持卡人消费,学苑楼商务网关,-12.0,94.68,1598,正常
2016/06/30 11:24:41,2e742bf1f3c553ee1ec3125efc41d8930e993d21,14dde1dc84ed7bcd672e4ba30be8ab1a20b815dd,持卡人消费,学苑楼商务网关,-6.0,88.68,1599,正常
2016/06/30 11:27:22,2e742bf1f3c553ee1ec3125efc41d8930e993d21,14dde1dc84ed7bcd672e4ba30be8ab1a20b815dd,持卡人消费,学苑楼商务网关,-4.0,84.68,1600,正常
