交易发生时间,学号,姓名,交易类型,子系统名称,交易额,现有余额,次数,状态
2016/06/02 17:25:17,8779a68da481eba156393b54118a2e1fbd9c97cc,15f752f49c424abb36b7f21fb37f1b82d4a72e72,持卡人消费,学士楼商务网关,-5.1,43.79,4528,正常
2016/06/03 11:42:54,8779a68da481eba156393b54118a2e1fbd9c97cc,15f752f49c424abb36b7f21fb37f1b82d4a72e72,持卡人消费,学士楼商务网关,-9.5,32.95,4535,正常
2016/06/03 18:11:53,8779a68da481eba156393b54118a2e1fbd9c97cc,15f752f49c424abb36b7f21fb37f1b82d4a72e72,持卡人消费,学苑楼商务网关,-8.0,24.95,4536,正常
2016/06/04 12:14:12,8779a68da481eba156393b54118a2e1fbd9c97cc,15f752f49c424abb36b7f21fb37f1b82d4a72e72,持卡人消费,学士楼商务网关,-2.4,22.55,4537,正常
2016/06/04 12:14:19,8779a68da481eba156393b54118a2e1fbd9c97cc,15f752f49c424abb36b7f21fb37f1b82d4a72e72,持卡人消费,学士楼商务网关,-0.4,22.15,4538,正常
2016/06/04 12:21:41,8779a68da481eba156393b54118a2e1fbd9c97cc,15f752f49c424abb36b7f21fb37f1b82d4a72e72,持卡人消费,学士楼商务网关,-0.7,21.45,4539,正常
2016/06/06 17:22:54,8779a68da481eba156393b54118a2e1fbd9c97cc,15f752f49c424abb36b7f21fb37f1b82d4a72e72,存款,卡中心综合业务,100.0,121.45,4540,正常
2016/06/06 17:29:07,8779a68da481eba156393b54118a2e1fbd9c97cc,15f752f49c424abb36b7f21fb37f1b82d4a72e72,持卡人消费,学苑楼商务网关,-4.0,117.45,4541,正常
2016/06/06 17:30:11,8779a68da481eba156393b54118a2e1fbd9c97cc,15f752f49c424abb36b7f21fb37f1b82d4a72e72,持卡人消费,学苑楼商务网关,-12.0,105.45,4542,正常
2016/06/07 17:38:14,8779a68da481eba156393b54118a2e1fbd9c97cc,15f752f49c424abb36b7f21fb37f1b82d4a72e72,持卡人消费,一校区水控新,-0.27,105.18,4544,正常
2016/06/07 17:41:44,8779a68da481eba156393b54118a2e1fbd9c97cc,15f752f49c424abb36b7f21fb37f1b82d4a72e72,持卡人消费,一校区水控新,-0.3,104.88,4546,正常
2016/06/07 17:44:44,8779a68da481eba156393b54118a2e1fbd9c97cc,15f752f49c424abb36b7f21fb37f1b82d4a72e72,持卡人消费,一校区水控新,-0.46,104.42,4548,正常
2016/06/08 17:22:41,8779a68da481eba156393b54118a2e1fbd9c97cc,15f752f49c424abb36b7f21fb37f1b82d4a72e72,持卡人消费,学子便利店A01后楼,-7.6,96.82,4549,正常
2016/06/08 20:48:34,8779a68da481eba156393b54118a2e1fbd9c97cc,15f752f49c424abb36b7f21fb37f1b82d4a72e72,持卡人消费,一校区水控新,-0.42,96.40,4551,正常
2016/06/08 20:52:55,8779a68da481eba156393b54118a2e1fbd9c97cc,15f752f49c424abb36b7f21fb37f1b82d4a72e72,持卡人消费,一校区水控新,-0.46,95.94,4553,正常
2016/06/08 20:55:54,8779a68da481eba156393b54118a2e1fbd9c97cc,15f752f49c424abb36b7f21fb37f1b82d4a72e72,持卡人消费,一校区水控新,-0.32,95.62,4555,正常
2016/06/08 20:57:29,8779a68da481eba156393b54118a2e1fbd9c97cc,15f752f49c424abb36b7f21fb37f1b82d4a72e72,持卡人消费,一校区水控新,-0.16,95.46,4557,正常
2016/06/10 19:07:59,8779a68da481eba156393b54118a2e1fbd9c97cc,15f752f49c424abb36b7f21fb37f1b82d4a72e72,持卡人消费,学子便利店A01后楼,-4.5,90.96,4558,正常
2016/06/11 12:46:21,8779a68da481eba156393b54118a2e1fbd9c97cc,15f752f49c424abb36b7f21fb37f1b82d4a72e72,持卡人消费,硕果园（工大商店）,-10.0,80.96,4559,正常
2016/06/12 14:57:32,8779a68da481eba156393b54118a2e1fbd9c97cc,15f752f49c424abb36b7f21fb37f1b82d4a72e72,持卡人消费,学子便利店A01后楼,-11.5,69.46,4560,正常
2016/06/12 15:00:20,8779a68da481eba156393b54118a2e1fbd9c97cc,15f752f49c424abb36b7f21fb37f1b82d4a72e72,持卡人消费,学子便利店A01后楼,-0.4,69.06,4561,正常
2016/06/12 19:56:03,8779a68da481eba156393b54118a2e1fbd9c97cc,15f752f49c424abb36b7f21fb37f1b82d4a72e72,持卡人消费,学士楼商务网关,-2.9,66.16,4562,正常
2016/06/13 09:16:29,8779a68da481eba156393b54118a2e1fbd9c97cc,15f752f49c424abb36b7f21fb37f1b82d4a72e72,持卡人消费,学子便利店A01后楼,-1.5,64.66,4563,正常
2016/06/13 12:06:01,8779a68da481eba156393b54118a2e1fbd9c97cc,15f752f49c424abb36b7f21fb37f1b82d4a72e72,持卡人消费,学苑楼商务网关,-2.51,62.15,4564,正常
2016/06/13 12:06:16,8779a68da481eba156393b54118a2e1fbd9c97cc,15f752f49c424abb36b7f21fb37f1b82d4a72e72,持卡人消费,学苑楼商务网关,-0.1,62.05,4565,正常
2016/06/13 12:07:02,8779a68da481eba156393b54118a2e1fbd9c97cc,15f752f49c424abb36b7f21fb37f1b82d4a72e72,持卡人消费,学苑楼商务网关,-2.7,59.35,4566,正常
2016/06/13 19:06:28,8779a68da481eba156393b54118a2e1fbd9c97cc,15f752f49c424abb36b7f21fb37f1b82d4a72e72,持卡人消费,一校区水控新,-0.27,59.08,4568,正常
2016/06/13 19:11:36,8779a68da481eba156393b54118a2e1fbd9c97cc,15f752f49c424abb36b7f21fb37f1b82d4a72e72,持卡人消费,一校区水控新,-0.58,58.50,4570,正常
2016/06/13 19:13:06,8779a68da481eba156393b54118a2e1fbd9c97cc,15f752f49c424abb36b7f21fb37f1b82d4a72e72,持卡人消费,一校区水控新,-0.18,58.32,4572,正常
2016/06/14 12:08:45,8779a68da481eba156393b54118a2e1fbd9c97cc,15f752f49c424abb36b7f21fb37f1b82d4a72e72,持卡人消费,学苑楼商务网关,-2.1,56.22,4573,正常
2016/06/14 12:09:51,8779a68da481eba156393b54118a2e1fbd9c97cc,15f752f49c424abb36b7f21fb37f1b82d4a72e72,持卡人消费,学苑楼商务网关,-2.69,53.53,4574,正常
2016/06/16 12:13:27,8779a68da481eba156393b54118a2e1fbd9c97cc,15f752f49c424abb36b7f21fb37f1b82d4a72e72,持卡人消费,学苑楼商务网关,-2.58,50.95,4575,正常
2016/06/16 12:14:50,8779a68da481eba156393b54118a2e1fbd9c97cc,15f752f49c424abb36b7f21fb37f1b82d4a72e72,持卡人消费,学苑楼商务网关,-2.1,48.85,4576,正常
2016/06/16 12:15:10,8779a68da481eba156393b54118a2e1fbd9c97cc,15f752f49c424abb36b7f21fb37f1b82d4a72e72,持卡人消费,学苑楼商务网关,-1.0,47.85,4577,正常
2016/06/17 11:56:44,8779a68da481eba156393b54118a2e1fbd9c97cc,15f752f49c424abb36b7f21fb37f1b82d4a72e72,持卡人消费,学苑楼商务网关,-9.8,38.05,4578,正常
2016/06/17 12:05:12,8779a68da481eba156393b54118a2e1fbd9c97cc,15f752f49c424abb36b7f21fb37f1b82d4a72e72,持卡人消费,学苑楼商务网关,-0.4,37.65,4579,正常
2016/06/17 13:58:25,8779a68da481eba156393b54118a2e1fbd9c97cc,15f752f49c424abb36b7f21fb37f1b82d4a72e72,持卡人消费,一校区水控新,-0.45,37.20,4581,正常
2016/06/17 14:07:37,8779a68da481eba156393b54118a2e1fbd9c97cc,15f752f49c424abb36b7f21fb37f1b82d4a72e72,持卡人消费,一校区水控新,-1.3,35.90,4583,正常
2016/06/20 09:03:05,8779a68da481eba156393b54118a2e1fbd9c97cc,15f752f49c424abb36b7f21fb37f1b82d4a72e72,持卡人消费,学士楼商务网关,-2.0,33.90,4584,正常
2016/06/20 11:09:57,8779a68da481eba156393b54118a2e1fbd9c97cc,15f752f49c424abb36b7f21fb37f1b82d4a72e72,持卡人消费,学苑楼商务网关,-8.0,25.90,4585,正常
2016/06/21 11:43:45,8779a68da481eba156393b54118a2e1fbd9c97cc,15f752f49c424abb36b7f21fb37f1b82d4a72e72,持卡人消费,学士楼商务网关,-8.0,17.90,4586,正常
2016/06/21 12:03:36,8779a68da481eba156393b54118a2e1fbd9c97cc,15f752f49c424abb36b7f21fb37f1b82d4a72e72,持卡人消费,一校区水控新,-0.14,17.76,4588,正常
2016/06/21 12:06:27,8779a68da481eba156393b54118a2e1fbd9c97cc,15f752f49c424abb36b7f21fb37f1b82d4a72e72,持卡人消费,一校区水控新,-0.3,17.46,4590,正常
2016/06/21 17:13:06,8779a68da481eba156393b54118a2e1fbd9c97cc,15f752f49c424abb36b7f21fb37f1b82d4a72e72,持卡人消费,学士楼商务网关,-12.0,5.46,4591,正常
2016/06/21 17:15:19,8779a68da481eba156393b54118a2e1fbd9c97cc,15f752f49c424abb36b7f21fb37f1b82d4a72e72,持卡人消费,学士楼商务网关,-2.0,3.46,4592,正常
2016/06/22 08:36:36,8779a68da481eba156393b54118a2e1fbd9c97cc,15f752f49c424abb36b7f21fb37f1b82d4a72e72,持卡人消费,学士楼商务网关,-0.4,3.06,4593,正常
2016/06/22 11:25:43,8779a68da481eba156393b54118a2e1fbd9c97cc,15f752f49c424abb36b7f21fb37f1b82d4a72e72,持卡人消费,超市商务子系统,-0.7,2.36,4594,正常
2016/06/23 17:12:18,8779a68da481eba156393b54118a2e1fbd9c97cc,15f752f49c424abb36b7f21fb37f1b82d4a72e72,存款,现金充值机,50.0,52.36,4595,正常
2016/06/23 17:36:57,8779a68da481eba156393b54118a2e1fbd9c97cc,15f752f49c424abb36b7f21fb37f1b82d4a72e72,持卡人消费,学子楼商务网关,-8.4,43.96,4596,正常
2016/06/24 08:32:37,8779a68da481eba156393b54118a2e1fbd9c97cc,15f752f49c424abb36b7f21fb37f1b82d4a72e72,持卡人消费,学苑楼商务网关,-2.5,41.46,4597,正常
2016/06/24 08:32:41,8779a68da481eba156393b54118a2e1fbd9c97cc,15f752f49c424abb36b7f21fb37f1b82d4a72e72,持卡人消费,学苑楼商务网关,-3.0,38.46,4598,正常
2016/06/24 11:51:21,8779a68da481eba156393b54118a2e1fbd9c97cc,15f752f49c424abb36b7f21fb37f1b82d4a72e72,持卡人消费,学苑楼商务网关,-8.5,29.96,4599,正常
2016/06/24 17:49:40,8779a68da481eba156393b54118a2e1fbd9c97cc,15f752f49c424abb36b7f21fb37f1b82d4a72e72,持卡人消费,学苑楼商务网关,-7.0,22.96,4600,正常
2016/06/25 09:09:41,8779a68da481eba156393b54118a2e1fbd9c97cc,15f752f49c424abb36b7f21fb37f1b82d4a72e72,持卡人消费,学子便利店A01后楼,-5.9,17.06,4601,正常
2016/06/25 11:41:32,8779a68da481eba156393b54118a2e1fbd9c97cc,15f752f49c424abb36b7f21fb37f1b82d4a72e72,持卡人消费,学苑楼商务网关,-2.5,14.56,4602,正常
2016/06/25 11:42:27,8779a68da481eba156393b54118a2e1fbd9c97cc,15f752f49c424abb36b7f21fb37f1b82d4a72e72,持卡人消费,学苑楼商务网关,-1.0,13.56,4603,正常
2016/06/25 18:25:07,8779a68da481eba156393b54118a2e1fbd9c97cc,15f752f49c424abb36b7f21fb37f1b82d4a72e72,持卡人消费,学子楼商务网关,-6.5,7.06,4604,正常
2016/06/25 18:26:01,8779a68da481eba156393b54118a2e1fbd9c97cc,15f752f49c424abb36b7f21fb37f1b82d4a72e72,持卡人消费,学子楼商务网关,-7.0,0.06,4605,正常
2016/06/26 11:59:09,8779a68da481eba156393b54118a2e1fbd9c97cc,15f752f49c424abb36b7f21fb37f1b82d4a72e72,存款,现金充值机,20.0,20.06,4606,正常
2016/06/26 12:31:25,8779a68da481eba156393b54118a2e1fbd9c97cc,15f752f49c424abb36b7f21fb37f1b82d4a72e72,持卡人消费,学士楼商务网关,-3.9,16.16,4607,正常
2016/06/26 12:39:32,8779a68da481eba156393b54118a2e1fbd9c97cc,15f752f49c424abb36b7f21fb37f1b82d4a72e72,持卡人消费,学士楼商务网关,-2.1,14.06,4608,正常
2016/06/27 09:14:23,8779a68da481eba156393b54118a2e1fbd9c97cc,15f752f49c424abb36b7f21fb37f1b82d4a72e72,持卡人消费,学士楼商务网关,-1.4,12.66,4609,正常
2016/06/27 11:36:54,8779a68da481eba156393b54118a2e1fbd9c97cc,15f752f49c424abb36b7f21fb37f1b82d4a72e72,持卡人消费,学苑楼商务网关,-6.0,6.66,4610,正常
2016/06/27 18:11:12,8779a68da481eba156393b54118a2e1fbd9c97cc,15f752f49c424abb36b7f21fb37f1b82d4a72e72,持卡人消费,学苑楼商务网关,-2.3,4.36,4611,正常
2016/06/27 20:29:07,8779a68da481eba156393b54118a2e1fbd9c97cc,15f752f49c424abb36b7f21fb37f1b82d4a72e72,持卡人消费,一校区水控新,-1.3,3.06,4613,正常
2016/06/28 07:31:49,8779a68da481eba156393b54118a2e1fbd9c97cc,15f752f49c424abb36b7f21fb37f1b82d4a72e72,持卡人消费,学士楼商务网关,-0.3,2.76,4614,正常
2016/06/28 07:32:00,8779a68da481eba156393b54118a2e1fbd9c97cc,15f752f49c424abb36b7f21fb37f1b82d4a72e72,持卡人消费,学士楼商务网关,-1.1,1.66,4615,正常
2016/06/29 08:54:02,8779a68da481eba156393b54118a2e1fbd9c97cc,15f752f49c424abb36b7f21fb37f1b82d4a72e72,存款,学苑楼综合业务2,20.0,21.66,4616,正常
2016/06/29 09:24:33,8779a68da481eba156393b54118a2e1fbd9c97cc,15f752f49c424abb36b7f21fb37f1b82d4a72e72,存款,卡中心综合业务,20.0,41.66,4617,正常
2016/06/29 09:28:08,8779a68da481eba156393b54118a2e1fbd9c97cc,15f752f49c424abb36b7f21fb37f1b82d4a72e72,持卡人消费,一区图书馆BPOS,-29.65,12.01,4618,正常
2016/06/29 13:22:24,8779a68da481eba156393b54118a2e1fbd9c97cc,15f752f49c424abb36b7f21fb37f1b82d4a72e72,持卡人消费,学子便利店A01后楼,-0.9,11.11,4619,正常
2016/06/29 18:49:50,8779a68da481eba156393b54118a2e1fbd9c97cc,15f752f49c424abb36b7f21fb37f1b82d4a72e72,持卡人消费,学士楼商务网关,-6.0,5.11,4620,正常
2016/06/29 20:36:53,8779a68da481eba156393b54118a2e1fbd9c97cc,15f752f49c424abb36b7f21fb37f1b82d4a72e72,持卡人消费,一校区水控新,-0.32,4.79,4622,正常
2016/06/29 20:39:27,8779a68da481eba156393b54118a2e1fbd9c97cc,15f752f49c424abb36b7f21fb37f1b82d4a72e72,持卡人消费,一校区水控新,-0.27,4.52,4624,正常
2016/06/29 20:40:44,8779a68da481eba156393b54118a2e1fbd9c97cc,15f752f49c424abb36b7f21fb37f1b82d4a72e72,持卡人消费,一校区水控新,-0.11,4.41,4626,正常
