交易发生时间,学号,姓名,交易类型,子系统名称,交易额,现有余额,次数,状态
2016/06/24 13:17:07,dcce952be4ba8cbfe186dd1e983798497071c529,15fa0547f3a63990bca753f53abdbed580f1c9da,存款,现金充值机,10.0,10.41,1432,正常
2016/06/24 13:17:45,dcce952be4ba8cbfe186dd1e983798497071c529,15fa0547f3a63990bca753f53abdbed580f1c9da,存款,现金充值机,10.0,20.41,1433,正常
2016/06/24 13:42:26,dcce952be4ba8cbfe186dd1e983798497071c529,15fa0547f3a63990bca753f53abdbed580f1c9da,持卡人消费,一区图书馆APOS,-5.2,15.21,1434,正常
2016/06/25 13:22:10,dcce952be4ba8cbfe186dd1e983798497071c529,15fa0547f3a63990bca753f53abdbed580f1c9da,持卡人消费,硕果园（工大商店）,-10.0,5.21,1435,正常
2016/06/25 19:22:04,dcce952be4ba8cbfe186dd1e983798497071c529,15fa0547f3a63990bca753f53abdbed580f1c9da,持卡人消费,硕果园（工大商店）,-2.0,3.21,1436,正常
