交易发生时间,学号,姓名,交易类型,子系统名称,交易额,现有余额,次数,状态
2016/06/06 20:50:25,f9ac6647e2a807d319314fc2fe14d5a9ecda0892,174477c410a67b08efe62d191cf3daed6d407b88,持卡人消费,15公寓浴池,-0.82,13.83,3903,正常
2016/06/07 20:50:19,f9ac6647e2a807d319314fc2fe14d5a9ecda0892,174477c410a67b08efe62d191cf3daed6d407b88,持卡人消费,15公寓浴池,-1.1,12.73,3905,正常
2016/06/10 20:24:40,f9ac6647e2a807d319314fc2fe14d5a9ecda0892,174477c410a67b08efe62d191cf3daed6d407b88,持卡人消费,15公寓浴池,-1.49,11.24,3907,正常
2016/06/11 20:47:26,f9ac6647e2a807d319314fc2fe14d5a9ecda0892,174477c410a67b08efe62d191cf3daed6d407b88,持卡人消费,15公寓浴池,-0.99,10.25,3908,正常
2016/06/12 12:49:22,f9ac6647e2a807d319314fc2fe14d5a9ecda0892,174477c410a67b08efe62d191cf3daed6d407b88,持卡人消费,学士楼商务网关,-3.6,6.65,3909,正常
2016/06/12 12:50:33,f9ac6647e2a807d319314fc2fe14d5a9ecda0892,174477c410a67b08efe62d191cf3daed6d407b88,持卡人消费,学士楼商务网关,-2.0,4.65,3910,正常
2016/06/12 12:51:28,f9ac6647e2a807d319314fc2fe14d5a9ecda0892,174477c410a67b08efe62d191cf3daed6d407b88,持卡人消费,学士楼商务网关,-1.0,3.65,3911,正常
2016/06/13 16:17:06,f9ac6647e2a807d319314fc2fe14d5a9ecda0892,174477c410a67b08efe62d191cf3daed6d407b88,存款,现金充值机,100.0,103.65,3912,正常
2016/06/13 16:40:37,f9ac6647e2a807d319314fc2fe14d5a9ecda0892,174477c410a67b08efe62d191cf3daed6d407b88,持卡人消费,学苑楼商务网关,-9.0,94.65,3913,正常
2016/06/14 08:23:33,f9ac6647e2a807d319314fc2fe14d5a9ecda0892,174477c410a67b08efe62d191cf3daed6d407b88,持卡人消费,学士楼商务网关,-1.0,93.65,3914,正常
2016/06/14 08:25:26,f9ac6647e2a807d319314fc2fe14d5a9ecda0892,174477c410a67b08efe62d191cf3daed6d407b88,持卡人消费,学士楼商务网关,-1.5,92.15,3915,正常
2016/06/14 11:59:22,f9ac6647e2a807d319314fc2fe14d5a9ecda0892,174477c410a67b08efe62d191cf3daed6d407b88,持卡人消费,土木楼网关,-4.5,87.65,3916,正常
2016/06/14 11:59:38,f9ac6647e2a807d319314fc2fe14d5a9ecda0892,174477c410a67b08efe62d191cf3daed6d407b88,持卡人消费,土木楼网关,-5.0,82.65,3917,正常
2016/06/14 12:00:32,f9ac6647e2a807d319314fc2fe14d5a9ecda0892,174477c410a67b08efe62d191cf3daed6d407b88,持卡人消费,土木楼网关,-0.6,82.05,3918,正常
2016/06/14 12:00:55,f9ac6647e2a807d319314fc2fe14d5a9ecda0892,174477c410a67b08efe62d191cf3daed6d407b88,持卡人消费,土木楼网关,-1.0,81.05,3919,正常
2016/06/14 18:06:20,f9ac6647e2a807d319314fc2fe14d5a9ecda0892,174477c410a67b08efe62d191cf3daed6d407b88,持卡人消费,学子便利店A01后楼,-12.9,68.15,3920,正常
2016/06/14 18:17:55,f9ac6647e2a807d319314fc2fe14d5a9ecda0892,174477c410a67b08efe62d191cf3daed6d407b88,持卡人消费,15公寓浴池,-1.14,67.01,3922,正常
2016/06/15 07:39:27,f9ac6647e2a807d319314fc2fe14d5a9ecda0892,174477c410a67b08efe62d191cf3daed6d407b88,持卡人消费,学士楼商务网关,-2.5,64.51,3923,正常
2016/06/15 17:31:13,f9ac6647e2a807d319314fc2fe14d5a9ecda0892,174477c410a67b08efe62d191cf3daed6d407b88,持卡人消费,学苑楼商务网关,-8.8,55.71,3924,正常
2016/06/16 07:45:45,f9ac6647e2a807d319314fc2fe14d5a9ecda0892,174477c410a67b08efe62d191cf3daed6d407b88,持卡人消费,学士楼商务网关,-2.1,53.61,3925,正常
2016/06/17 12:38:05,f9ac6647e2a807d319314fc2fe14d5a9ecda0892,174477c410a67b08efe62d191cf3daed6d407b88,持卡人消费,学士楼商务网关,-4.6,49.01,3926,正常
2016/06/17 12:39:02,f9ac6647e2a807d319314fc2fe14d5a9ecda0892,174477c410a67b08efe62d191cf3daed6d407b88,持卡人消费,学士楼商务网关,-3.8,45.21,3927,正常
2016/06/17 20:30:06,f9ac6647e2a807d319314fc2fe14d5a9ecda0892,174477c410a67b08efe62d191cf3daed6d407b88,持卡人消费,15公寓浴池,-1.14,44.07,3929,正常
2016/06/18 16:32:42,f9ac6647e2a807d319314fc2fe14d5a9ecda0892,174477c410a67b08efe62d191cf3daed6d407b88,持卡人消费,学士楼商务网关,-12.0,32.07,3930,正常
2016/06/18 16:34:21,f9ac6647e2a807d319314fc2fe14d5a9ecda0892,174477c410a67b08efe62d191cf3daed6d407b88,持卡人消费,学士楼商务网关,-1.5,30.57,3931,正常
2016/06/18 22:28:24,f9ac6647e2a807d319314fc2fe14d5a9ecda0892,174477c410a67b08efe62d191cf3daed6d407b88,持卡人消费,学子便利店A01后楼,-7.8,22.77,3932,正常
2016/06/19 08:05:57,f9ac6647e2a807d319314fc2fe14d5a9ecda0892,174477c410a67b08efe62d191cf3daed6d407b88,持卡人消费,学子便利店A01后楼,-5.8,16.97,3933,正常
2016/06/19 19:58:43,f9ac6647e2a807d319314fc2fe14d5a9ecda0892,174477c410a67b08efe62d191cf3daed6d407b88,持卡人消费,15公寓浴池,-1.02,15.95,3935,正常
2016/06/19 20:21:55,f9ac6647e2a807d319314fc2fe14d5a9ecda0892,174477c410a67b08efe62d191cf3daed6d407b88,持卡人消费,学士楼商务网关,-3.6,12.35,3936,正常
2016/06/19 20:23:08,f9ac6647e2a807d319314fc2fe14d5a9ecda0892,174477c410a67b08efe62d191cf3daed6d407b88,持卡人消费,学士楼商务网关,-1.8,10.55,3937,正常
2016/06/19 20:24:02,f9ac6647e2a807d319314fc2fe14d5a9ecda0892,174477c410a67b08efe62d191cf3daed6d407b88,持卡人消费,学士楼商务网关,-2.0,8.55,3938,正常
2016/06/21 18:45:16,f9ac6647e2a807d319314fc2fe14d5a9ecda0892,174477c410a67b08efe62d191cf3daed6d407b88,持卡人消费,15公寓浴池,-0.91,7.64,3940,正常
2016/06/22 08:49:45,f9ac6647e2a807d319314fc2fe14d5a9ecda0892,174477c410a67b08efe62d191cf3daed6d407b88,持卡人消费,土木楼网关,-1.75,5.89,3941,正常
2016/06/22 08:50:04,f9ac6647e2a807d319314fc2fe14d5a9ecda0892,174477c410a67b08efe62d191cf3daed6d407b88,持卡人消费,土木楼网关,-0.85,5.04,3942,正常
2016/06/22 08:50:25,f9ac6647e2a807d319314fc2fe14d5a9ecda0892,174477c410a67b08efe62d191cf3daed6d407b88,持卡人消费,土木楼网关,-3.25,1.79,3943,正常
2016/06/26 11:45:27,f9ac6647e2a807d319314fc2fe14d5a9ecda0892,174477c410a67b08efe62d191cf3daed6d407b88,存款,现金充值机,50.0,51.79,3944,正常
2016/06/26 12:11:14,f9ac6647e2a807d319314fc2fe14d5a9ecda0892,174477c410a67b08efe62d191cf3daed6d407b88,持卡人消费,学苑楼商务网关,-8.0,43.79,3945,正常
2016/06/26 20:07:26,f9ac6647e2a807d319314fc2fe14d5a9ecda0892,174477c410a67b08efe62d191cf3daed6d407b88,持卡人消费,15公寓浴池,-1.44,42.35,3947,正常
2016/06/29 16:40:37,f9ac6647e2a807d319314fc2fe14d5a9ecda0892,174477c410a67b08efe62d191cf3daed6d407b88,持卡人消费,学苑楼商务网关,-7.5,34.85,3948,正常
2016/06/29 19:37:00,f9ac6647e2a807d319314fc2fe14d5a9ecda0892,174477c410a67b08efe62d191cf3daed6d407b88,持卡人消费,15公寓浴池,-1.02,33.83,3950,正常
2016/06/30 11:50:26,f9ac6647e2a807d319314fc2fe14d5a9ecda0892,174477c410a67b08efe62d191cf3daed6d407b88,持卡人消费,学士楼商务网关,-14.1,19.73,3951,正常
