交易发生时间,学号,姓名,交易类型,子系统名称,交易额,现有余额,次数,状态
2016/06/04 08:56:15,b9f8b1a77d61616df2334146c31c8fe317ce895c,1797dc4991e70804d5ec8a4d8d674b2a1755b21d,持卡人消费,学士楼商务网关,-2.5,0.88,3368,正常
2016/06/04 09:02:41,b9f8b1a77d61616df2334146c31c8fe317ce895c,1797dc4991e70804d5ec8a4d8d674b2a1755b21d,持卡人消费,学士楼商务网关,-0.7,0.18,3369,正常
2016/06/18 07:35:30,b9f8b1a77d61616df2334146c31c8fe317ce895c,1797dc4991e70804d5ec8a4d8d674b2a1755b21d,存款,现金充值机,50.0,50.18,3370,正常
2016/06/18 07:56:55,b9f8b1a77d61616df2334146c31c8fe317ce895c,1797dc4991e70804d5ec8a4d8d674b2a1755b21d,持卡人消费,学苑楼商务网关,-9.0,41.18,3371,正常
2016/06/20 13:03:21,b9f8b1a77d61616df2334146c31c8fe317ce895c,1797dc4991e70804d5ec8a4d8d674b2a1755b21d,持卡人消费,一校区水控新,-2.0,37.18,3373,正常
2016/06/20 12:58:18,b9f8b1a77d61616df2334146c31c8fe317ce895c,1797dc4991e70804d5ec8a4d8d674b2a1755b21d,持卡人消费,一校区水控新,-1.06,38.12,3374,正常
2016/06/20 13:06:20,b9f8b1a77d61616df2334146c31c8fe317ce895c,1797dc4991e70804d5ec8a4d8d674b2a1755b21d,持卡人消费,一校区水控新,-1.14,34.98,3377,正常
2016/06/20 13:07:38,b9f8b1a77d61616df2334146c31c8fe317ce895c,1797dc4991e70804d5ec8a4d8d674b2a1755b21d,持卡人消费,一校区水控新,-0.5,36.48,3378,正常
2016/06/21 08:00:03,b9f8b1a77d61616df2334146c31c8fe317ce895c,1797dc4991e70804d5ec8a4d8d674b2a1755b21d,持卡人消费,学士楼商务网关,-9.1,27.38,3379,正常
2016/06/21 08:01:04,b9f8b1a77d61616df2334146c31c8fe317ce895c,1797dc4991e70804d5ec8a4d8d674b2a1755b21d,持卡人消费,学士楼商务网关,-5.0,22.38,3380,正常
2016/06/21 08:04:49,b9f8b1a77d61616df2334146c31c8fe317ce895c,1797dc4991e70804d5ec8a4d8d674b2a1755b21d,持卡人消费,学士楼商务网关,-1.0,21.38,3381,正常
2016/06/25 11:48:07,b9f8b1a77d61616df2334146c31c8fe317ce895c,1797dc4991e70804d5ec8a4d8d674b2a1755b21d,持卡人消费,学苑楼商务网关,-7.0,14.38,3382,正常
2016/06/25 11:51:16,b9f8b1a77d61616df2334146c31c8fe317ce895c,1797dc4991e70804d5ec8a4d8d674b2a1755b21d,持卡人消费,学苑楼商务网关,-0.8,13.58,3383,正常
2016/06/26 15:41:47,b9f8b1a77d61616df2334146c31c8fe317ce895c,1797dc4991e70804d5ec8a4d8d674b2a1755b21d,持卡人消费,游泳馆,-6.0,7.58,3384,正常
2016/06/26 15:41:54,b9f8b1a77d61616df2334146c31c8fe317ce895c,1797dc4991e70804d5ec8a4d8d674b2a1755b21d,持卡人消费,游泳馆,-6.0,1.58,3385,正常
2016/06/27 17:37:38,b9f8b1a77d61616df2334146c31c8fe317ce895c,1797dc4991e70804d5ec8a4d8d674b2a1755b21d,持卡人消费,学士楼商务网关,-0.6,0.98,3386,正常
