交易发生时间,学号,姓名,交易类型,子系统名称,交易额,现有余额,次数,状态
2016/06/01 07:41:50,57e307f74a909eeb0265e992515081df17ab458f,180912b5ee8c31ada71fcc9127b590c28a5291ca,持卡人消费,学士楼商务网关,-1.8,43.87,5942,正常
2016/06/01 07:43:07,57e307f74a909eeb0265e992515081df17ab458f,180912b5ee8c31ada71fcc9127b590c28a5291ca,持卡人消费,学士楼商务网关,-0.5,43.37,5943,正常
2016/06/01 11:01:00,57e307f74a909eeb0265e992515081df17ab458f,180912b5ee8c31ada71fcc9127b590c28a5291ca,持卡人消费,学士楼商务网关,-6.0,37.37,5944,正常
2016/06/01 11:04:32,57e307f74a909eeb0265e992515081df17ab458f,180912b5ee8c31ada71fcc9127b590c28a5291ca,持卡人消费,学士楼商务网关,-2.1,35.27,5945,正常
2016/06/01 17:33:43,57e307f74a909eeb0265e992515081df17ab458f,180912b5ee8c31ada71fcc9127b590c28a5291ca,持卡人消费,学苑楼商务网关,-6.0,29.27,5946,正常
2016/06/01 17:35:18,57e307f74a909eeb0265e992515081df17ab458f,180912b5ee8c31ada71fcc9127b590c28a5291ca,持卡人消费,学苑楼商务网关,-0.5,28.77,5947,正常
2016/06/02 07:39:40,57e307f74a909eeb0265e992515081df17ab458f,180912b5ee8c31ada71fcc9127b590c28a5291ca,持卡人消费,学士楼商务网关,-2.2,26.57,5948,正常
2016/06/02 11:47:12,57e307f74a909eeb0265e992515081df17ab458f,180912b5ee8c31ada71fcc9127b590c28a5291ca,持卡人消费,学士楼商务网关,-4.8,21.77,5949,正常
2016/06/02 11:48:17,57e307f74a909eeb0265e992515081df17ab458f,180912b5ee8c31ada71fcc9127b590c28a5291ca,持卡人消费,学士楼商务网关,-3.0,18.77,5950,正常
2016/06/02 17:28:06,57e307f74a909eeb0265e992515081df17ab458f,180912b5ee8c31ada71fcc9127b590c28a5291ca,持卡人消费,学士楼商务网关,-5.4,13.37,5951,正常
2016/06/02 18:12:49,57e307f74a909eeb0265e992515081df17ab458f,180912b5ee8c31ada71fcc9127b590c28a5291ca,持卡人消费,一校区水控新,-2.0,11.37,5952,正常
2016/06/02 18:17:58,57e307f74a909eeb0265e992515081df17ab458f,180912b5ee8c31ada71fcc9127b590c28a5291ca,持卡人消费,一校区水控新,-0.91,10.46,5954,正常
2016/06/02 18:21:15,57e307f74a909eeb0265e992515081df17ab458f,180912b5ee8c31ada71fcc9127b590c28a5291ca,持卡人消费,一校区水控新,-0.4,10.06,5956,正常
2016/06/02 18:40:02,57e307f74a909eeb0265e992515081df17ab458f,180912b5ee8c31ada71fcc9127b590c28a5291ca,存款,现金充值机,200.0,210.06,5957,正常
2016/06/03 07:38:15,57e307f74a909eeb0265e992515081df17ab458f,180912b5ee8c31ada71fcc9127b590c28a5291ca,持卡人消费,学士楼商务网关,-2.1,207.96,5958,正常
2016/06/03 11:48:49,57e307f74a909eeb0265e992515081df17ab458f,180912b5ee8c31ada71fcc9127b590c28a5291ca,持卡人消费,学苑楼商务网关,-8.0,199.96,5959,正常
2016/06/03 17:38:39,57e307f74a909eeb0265e992515081df17ab458f,180912b5ee8c31ada71fcc9127b590c28a5291ca,持卡人消费,学苑楼商务网关,-0.5,199.46,5960,正常
2016/06/03 17:40:00,57e307f74a909eeb0265e992515081df17ab458f,180912b5ee8c31ada71fcc9127b590c28a5291ca,持卡人消费,学苑楼商务网关,-6.0,193.46,5961,正常
2016/06/03 17:41:47,57e307f74a909eeb0265e992515081df17ab458f,180912b5ee8c31ada71fcc9127b590c28a5291ca,持卡人消费,学苑楼商务网关,-3.3,190.16,5962,正常
2016/06/04 07:37:07,57e307f74a909eeb0265e992515081df17ab458f,180912b5ee8c31ada71fcc9127b590c28a5291ca,持卡人消费,学士楼商务网关,-3.1,187.06,5963,正常
2016/06/04 11:50:45,57e307f74a909eeb0265e992515081df17ab458f,180912b5ee8c31ada71fcc9127b590c28a5291ca,持卡人消费,学士楼商务网关,-8.0,179.06,5964,正常
2016/06/04 11:52:17,57e307f74a909eeb0265e992515081df17ab458f,180912b5ee8c31ada71fcc9127b590c28a5291ca,持卡人消费,学士楼商务网关,-2.1,176.96,5965,正常
2016/06/04 17:23:20,57e307f74a909eeb0265e992515081df17ab458f,180912b5ee8c31ada71fcc9127b590c28a5291ca,持卡人消费,学士楼商务网关,-2.2,174.76,5966,正常
2016/06/04 17:24:17,57e307f74a909eeb0265e992515081df17ab458f,180912b5ee8c31ada71fcc9127b590c28a5291ca,持卡人消费,学士楼商务网关,-1.0,173.76,5967,正常
2016/06/04 17:24:38,57e307f74a909eeb0265e992515081df17ab458f,180912b5ee8c31ada71fcc9127b590c28a5291ca,持卡人消费,学士楼商务网关,-2.0,171.76,5968,正常
2016/06/05 09:12:48,57e307f74a909eeb0265e992515081df17ab458f,180912b5ee8c31ada71fcc9127b590c28a5291ca,持卡人消费,学士楼商务网关,-1.6,170.16,5969,正常
2016/06/05 09:13:37,57e307f74a909eeb0265e992515081df17ab458f,180912b5ee8c31ada71fcc9127b590c28a5291ca,持卡人消费,学士楼商务网关,-1.5,168.66,5970,正常
2016/06/05 10:50:56,57e307f74a909eeb0265e992515081df17ab458f,180912b5ee8c31ada71fcc9127b590c28a5291ca,持卡人消费,学士楼商务网关,-6.0,162.66,5971,正常
2016/06/05 10:54:23,57e307f74a909eeb0265e992515081df17ab458f,180912b5ee8c31ada71fcc9127b590c28a5291ca,持卡人消费,学士楼商务网关,-2.3,160.36,5972,正常
2016/06/05 17:31:48,57e307f74a909eeb0265e992515081df17ab458f,180912b5ee8c31ada71fcc9127b590c28a5291ca,持卡人消费,学士楼商务网关,-1.5,158.86,5973,正常
2016/06/05 17:34:05,57e307f74a909eeb0265e992515081df17ab458f,180912b5ee8c31ada71fcc9127b590c28a5291ca,持卡人消费,学士楼商务网关,-3.0,155.86,5974,正常
2016/06/06 08:01:04,57e307f74a909eeb0265e992515081df17ab458f,180912b5ee8c31ada71fcc9127b590c28a5291ca,持卡人消费,学士楼商务网关,-1.8,154.06,5975,正常
2016/06/06 08:01:57,57e307f74a909eeb0265e992515081df17ab458f,180912b5ee8c31ada71fcc9127b590c28a5291ca,持卡人消费,学士楼商务网关,-0.5,153.56,5976,正常
2016/06/06 11:27:31,57e307f74a909eeb0265e992515081df17ab458f,180912b5ee8c31ada71fcc9127b590c28a5291ca,持卡人消费,学苑楼商务网关,-9.0,144.56,5977,正常
2016/06/06 17:43:00,57e307f74a909eeb0265e992515081df17ab458f,180912b5ee8c31ada71fcc9127b590c28a5291ca,持卡人消费,学士楼商务网关,-7.1,137.46,5978,正常
2016/06/07 08:07:55,57e307f74a909eeb0265e992515081df17ab458f,180912b5ee8c31ada71fcc9127b590c28a5291ca,持卡人消费,学士楼商务网关,-3.6,133.86,5979,正常
2016/06/07 11:35:00,57e307f74a909eeb0265e992515081df17ab458f,180912b5ee8c31ada71fcc9127b590c28a5291ca,持卡人消费,学士楼商务网关,-4.8,129.06,5980,正常
2016/06/07 11:36:45,57e307f74a909eeb0265e992515081df17ab458f,180912b5ee8c31ada71fcc9127b590c28a5291ca,持卡人消费,学士楼商务网关,-2.5,126.56,5981,正常
2016/06/08 07:57:11,57e307f74a909eeb0265e992515081df17ab458f,180912b5ee8c31ada71fcc9127b590c28a5291ca,持卡人消费,学士楼商务网关,-1.6,124.96,5982,正常
2016/06/08 07:58:27,57e307f74a909eeb0265e992515081df17ab458f,180912b5ee8c31ada71fcc9127b590c28a5291ca,持卡人消费,学士楼商务网关,-0.5,124.46,5983,正常
2016/06/08 12:02:55,57e307f74a909eeb0265e992515081df17ab458f,180912b5ee8c31ada71fcc9127b590c28a5291ca,持卡人消费,学苑楼商务网关,-8.0,116.46,5984,正常
2016/06/08 17:21:17,57e307f74a909eeb0265e992515081df17ab458f,180912b5ee8c31ada71fcc9127b590c28a5291ca,持卡人消费,学士楼商务网关,-4.0,112.46,5985,正常
2016/06/08 17:59:25,57e307f74a909eeb0265e992515081df17ab458f,180912b5ee8c31ada71fcc9127b590c28a5291ca,持卡人消费,15公寓浴池,-1.55,110.91,5987,正常
2016/06/08 18:08:20,57e307f74a909eeb0265e992515081df17ab458f,180912b5ee8c31ada71fcc9127b590c28a5291ca,持卡人消费,15公寓浴池,-1.54,109.37,5989,正常
2016/06/09 08:20:19,57e307f74a909eeb0265e992515081df17ab458f,180912b5ee8c31ada71fcc9127b590c28a5291ca,持卡人消费,学士楼商务网关,-2.8,106.57,5990,正常
2016/06/09 08:20:31,57e307f74a909eeb0265e992515081df17ab458f,180912b5ee8c31ada71fcc9127b590c28a5291ca,持卡人消费,学士楼商务网关,-3.6,102.97,5991,正常
2016/06/09 17:09:29,57e307f74a909eeb0265e992515081df17ab458f,180912b5ee8c31ada71fcc9127b590c28a5291ca,持卡人消费,学士楼商务网关,-5.7,97.27,5992,正常
2016/06/09 17:48:00,57e307f74a909eeb0265e992515081df17ab458f,180912b5ee8c31ada71fcc9127b590c28a5291ca,持卡人消费,超市商务子系统,-3.0,94.27,5993,正常
2016/06/10 08:24:44,57e307f74a909eeb0265e992515081df17ab458f,180912b5ee8c31ada71fcc9127b590c28a5291ca,持卡人消费,学士楼商务网关,-1.4,92.87,5994,正常
2016/06/10 11:40:41,57e307f74a909eeb0265e992515081df17ab458f,180912b5ee8c31ada71fcc9127b590c28a5291ca,持卡人消费,学士楼商务网关,-7.8,85.07,5995,正常
2016/06/10 17:23:28,57e307f74a909eeb0265e992515081df17ab458f,180912b5ee8c31ada71fcc9127b590c28a5291ca,持卡人消费,学士楼商务网关,-1.5,83.57,5996,正常
2016/06/10 17:23:33,57e307f74a909eeb0265e992515081df17ab458f,180912b5ee8c31ada71fcc9127b590c28a5291ca,持卡人消费,学士楼商务网关,-0.5,83.07,5997,正常
2016/06/10 17:25:06,57e307f74a909eeb0265e992515081df17ab458f,180912b5ee8c31ada71fcc9127b590c28a5291ca,持卡人消费,学士楼商务网关,-3.0,80.07,5998,正常
2016/06/10 17:54:22,57e307f74a909eeb0265e992515081df17ab458f,180912b5ee8c31ada71fcc9127b590c28a5291ca,持卡人消费,超市商务子系统,-2.9,77.17,5999,正常
2016/06/11 11:22:23,57e307f74a909eeb0265e992515081df17ab458f,180912b5ee8c31ada71fcc9127b590c28a5291ca,持卡人消费,学士楼商务网关,-8.8,68.37,6000,正常
2016/06/11 17:38:45,57e307f74a909eeb0265e992515081df17ab458f,180912b5ee8c31ada71fcc9127b590c28a5291ca,持卡人消费,学士楼商务网关,-1.5,66.87,6001,正常
2016/06/11 17:39:46,57e307f74a909eeb0265e992515081df17ab458f,180912b5ee8c31ada71fcc9127b590c28a5291ca,持卡人消费,学士楼商务网关,-6.0,60.87,6002,正常
2016/06/12 08:33:01,57e307f74a909eeb0265e992515081df17ab458f,180912b5ee8c31ada71fcc9127b590c28a5291ca,持卡人消费,学士楼商务网关,-3.4,57.47,6003,正常
2016/06/12 11:43:19,57e307f74a909eeb0265e992515081df17ab458f,180912b5ee8c31ada71fcc9127b590c28a5291ca,持卡人消费,学士楼商务网关,-4.8,52.67,6004,正常
2016/06/12 11:44:33,57e307f74a909eeb0265e992515081df17ab458f,180912b5ee8c31ada71fcc9127b590c28a5291ca,持卡人消费,学士楼商务网关,-2.5,50.17,6005,正常
2016/06/12 17:33:00,57e307f74a909eeb0265e992515081df17ab458f,180912b5ee8c31ada71fcc9127b590c28a5291ca,持卡人消费,学士楼商务网关,-1.5,48.67,6006,正常
2016/06/12 17:33:36,57e307f74a909eeb0265e992515081df17ab458f,180912b5ee8c31ada71fcc9127b590c28a5291ca,持卡人消费,学士楼商务网关,-2.4,46.27,6007,正常
2016/06/12 17:35:27,57e307f74a909eeb0265e992515081df17ab458f,180912b5ee8c31ada71fcc9127b590c28a5291ca,持卡人消费,学士楼商务网关,-2.0,44.27,6008,正常
2016/06/13 08:22:34,57e307f74a909eeb0265e992515081df17ab458f,180912b5ee8c31ada71fcc9127b590c28a5291ca,持卡人消费,学士楼商务网关,-3.1,41.17,6009,正常
2016/06/13 11:38:36,57e307f74a909eeb0265e992515081df17ab458f,180912b5ee8c31ada71fcc9127b590c28a5291ca,持卡人消费,学士楼商务网关,-6.0,35.17,6010,正常
2016/06/13 17:32:48,57e307f74a909eeb0265e992515081df17ab458f,180912b5ee8c31ada71fcc9127b590c28a5291ca,持卡人消费,学士楼商务网关,-1.5,33.67,6011,正常
2016/06/13 17:33:11,57e307f74a909eeb0265e992515081df17ab458f,180912b5ee8c31ada71fcc9127b590c28a5291ca,持卡人消费,学士楼商务网关,-2.5,31.17,6012,正常
2016/06/13 17:34:05,57e307f74a909eeb0265e992515081df17ab458f,180912b5ee8c31ada71fcc9127b590c28a5291ca,持卡人消费,学士楼商务网关,-2.0,29.17,6013,正常
2016/06/14 07:46:36,57e307f74a909eeb0265e992515081df17ab458f,180912b5ee8c31ada71fcc9127b590c28a5291ca,持卡人消费,学士楼商务网关,-2.4,26.77,6014,正常
2016/06/14 11:23:38,57e307f74a909eeb0265e992515081df17ab458f,180912b5ee8c31ada71fcc9127b590c28a5291ca,持卡人消费,学士楼商务网关,-9.6,17.17,6015,正常
2016/06/14 17:37:57,57e307f74a909eeb0265e992515081df17ab458f,180912b5ee8c31ada71fcc9127b590c28a5291ca,持卡人消费,学苑楼商务网关,-6.0,11.17,6016,正常
2016/06/14 17:39:18,57e307f74a909eeb0265e992515081df17ab458f,180912b5ee8c31ada71fcc9127b590c28a5291ca,持卡人消费,学苑楼商务网关,-0.5,10.67,6017,正常
2016/06/15 07:58:34,57e307f74a909eeb0265e992515081df17ab458f,180912b5ee8c31ada71fcc9127b590c28a5291ca,持卡人消费,学士楼商务网关,-2.9,7.77,6018,正常
2016/06/15 11:19:44,57e307f74a909eeb0265e992515081df17ab458f,180912b5ee8c31ada71fcc9127b590c28a5291ca,持卡人消费,学士楼商务网关,-5.0,2.77,6019,正常
2016/06/15 14:51:28,57e307f74a909eeb0265e992515081df17ab458f,180912b5ee8c31ada71fcc9127b590c28a5291ca,存款,卡中心综合业务,100.0,102.77,6020,正常
2016/06/15 15:21:31,57e307f74a909eeb0265e992515081df17ab458f,180912b5ee8c31ada71fcc9127b590c28a5291ca,持卡人消费,一校区水控新,-1.95,100.82,6021,正常
2016/06/15 15:28:31,57e307f74a909eeb0265e992515081df17ab458f,180912b5ee8c31ada71fcc9127b590c28a5291ca,持卡人消费,一校区水控新,-1.31,99.51,6022,正常
2016/06/15 17:36:31,57e307f74a909eeb0265e992515081df17ab458f,180912b5ee8c31ada71fcc9127b590c28a5291ca,持卡人消费,学士楼商务网关,-2.5,97.01,6023,正常
2016/06/15 17:38:35,57e307f74a909eeb0265e992515081df17ab458f,180912b5ee8c31ada71fcc9127b590c28a5291ca,持卡人消费,学士楼商务网关,-1.4,95.61,6024,正常
2016/06/15 17:38:49,57e307f74a909eeb0265e992515081df17ab458f,180912b5ee8c31ada71fcc9127b590c28a5291ca,持卡人消费,学士楼商务网关,-5.0,90.61,6025,正常
2016/06/16 08:14:42,57e307f74a909eeb0265e992515081df17ab458f,180912b5ee8c31ada71fcc9127b590c28a5291ca,持卡人消费,学士楼商务网关,-3.4,87.21,6026,正常
2016/06/16 11:26:26,57e307f74a909eeb0265e992515081df17ab458f,180912b5ee8c31ada71fcc9127b590c28a5291ca,持卡人消费,学苑楼商务网关,-8.0,79.21,6027,正常
2016/06/16 11:28:19,57e307f74a909eeb0265e992515081df17ab458f,180912b5ee8c31ada71fcc9127b590c28a5291ca,持卡人消费,学苑楼商务网关,-4.5,74.71,6028,正常
2016/06/16 17:55:57,57e307f74a909eeb0265e992515081df17ab458f,180912b5ee8c31ada71fcc9127b590c28a5291ca,持卡人消费,学士楼商务网关,-3.0,71.71,6029,正常
2016/06/16 17:56:37,57e307f74a909eeb0265e992515081df17ab458f,180912b5ee8c31ada71fcc9127b590c28a5291ca,持卡人消费,学士楼商务网关,-2.0,69.71,6030,正常
2016/06/17 08:45:38,57e307f74a909eeb0265e992515081df17ab458f,180912b5ee8c31ada71fcc9127b590c28a5291ca,持卡人消费,学士楼商务网关,-3.6,66.11,6031,正常
2016/06/17 11:35:38,57e307f74a909eeb0265e992515081df17ab458f,180912b5ee8c31ada71fcc9127b590c28a5291ca,持卡人消费,学士楼商务网关,-8.6,57.51,6032,正常
2016/06/17 17:35:53,57e307f74a909eeb0265e992515081df17ab458f,180912b5ee8c31ada71fcc9127b590c28a5291ca,持卡人消费,学苑楼商务网关,-6.0,51.51,6033,正常
2016/06/17 17:38:21,57e307f74a909eeb0265e992515081df17ab458f,180912b5ee8c31ada71fcc9127b590c28a5291ca,持卡人消费,学苑楼商务网关,-2.0,49.51,6034,正常
2016/06/17 17:49:44,57e307f74a909eeb0265e992515081df17ab458f,180912b5ee8c31ada71fcc9127b590c28a5291ca,持卡人消费,学苑楼商务网关,-2.9,46.61,6035,正常
2016/06/18 08:13:50,57e307f74a909eeb0265e992515081df17ab458f,180912b5ee8c31ada71fcc9127b590c28a5291ca,持卡人消费,学士楼商务网关,-2.2,44.41,6036,正常
2016/06/18 11:40:20,57e307f74a909eeb0265e992515081df17ab458f,180912b5ee8c31ada71fcc9127b590c28a5291ca,持卡人消费,学士楼商务网关,-6.0,38.41,6037,正常
2016/06/18 11:44:09,57e307f74a909eeb0265e992515081df17ab458f,180912b5ee8c31ada71fcc9127b590c28a5291ca,持卡人消费,学士楼商务网关,-0.6,37.81,6038,正常
2016/06/18 11:54:22,57e307f74a909eeb0265e992515081df17ab458f,180912b5ee8c31ada71fcc9127b590c28a5291ca,持卡人消费,学士楼商务网关,-1.5,36.31,6039,正常
2016/06/18 17:48:30,57e307f74a909eeb0265e992515081df17ab458f,180912b5ee8c31ada71fcc9127b590c28a5291ca,持卡人消费,学士楼商务网关,-1.4,34.91,6040,正常
2016/06/18 17:48:38,57e307f74a909eeb0265e992515081df17ab458f,180912b5ee8c31ada71fcc9127b590c28a5291ca,持卡人消费,学士楼商务网关,-2.0,32.91,6041,正常
2016/06/18 17:50:11,57e307f74a909eeb0265e992515081df17ab458f,180912b5ee8c31ada71fcc9127b590c28a5291ca,持卡人消费,学士楼商务网关,-2.0,30.91,6042,正常
2016/06/18 18:02:03,57e307f74a909eeb0265e992515081df17ab458f,180912b5ee8c31ada71fcc9127b590c28a5291ca,持卡人消费,硕果园（工大商店）,-4.7,26.21,6043,正常
2016/06/19 08:34:53,57e307f74a909eeb0265e992515081df17ab458f,180912b5ee8c31ada71fcc9127b590c28a5291ca,持卡人消费,学士楼商务网关,-2.1,24.11,6044,正常
2016/06/19 10:52:13,57e307f74a909eeb0265e992515081df17ab458f,180912b5ee8c31ada71fcc9127b590c28a5291ca,持卡人消费,学苑楼商务网关,-4.8,19.31,6045,正常
2016/06/19 10:53:40,57e307f74a909eeb0265e992515081df17ab458f,180912b5ee8c31ada71fcc9127b590c28a5291ca,持卡人消费,学苑楼商务网关,-3.0,16.31,6046,正常
2016/06/19 17:31:11,57e307f74a909eeb0265e992515081df17ab458f,180912b5ee8c31ada71fcc9127b590c28a5291ca,持卡人消费,学士楼商务网关,-7.6,8.71,6047,正常
2016/06/19 17:29:25,57e307f74a909eeb0265e992515081df17ab458f,180912b5ee8c31ada71fcc9127b590c28a5291ca,存款,现金充值机,200.0,208.71,6048,正常
2016/06/20 07:55:05,57e307f74a909eeb0265e992515081df17ab458f,180912b5ee8c31ada71fcc9127b590c28a5291ca,持卡人消费,学士楼商务网关,-1.8,206.91,6049,正常
2016/06/20 07:56:14,57e307f74a909eeb0265e992515081df17ab458f,180912b5ee8c31ada71fcc9127b590c28a5291ca,持卡人消费,学士楼商务网关,-0.5,206.41,6050,正常
2016/06/20 11:43:25,57e307f74a909eeb0265e992515081df17ab458f,180912b5ee8c31ada71fcc9127b590c28a5291ca,持卡人消费,学苑楼商务网关,-4.8,201.61,6051,正常
2016/06/20 11:43:58,57e307f74a909eeb0265e992515081df17ab458f,180912b5ee8c31ada71fcc9127b590c28a5291ca,持卡人消费,学苑楼商务网关,-3.0,198.61,6052,正常
2016/06/20 17:39:46,57e307f74a909eeb0265e992515081df17ab458f,180912b5ee8c31ada71fcc9127b590c28a5291ca,持卡人消费,学士楼商务网关,-1.5,197.11,6053,正常
2016/06/20 17:40:01,57e307f74a909eeb0265e992515081df17ab458f,180912b5ee8c31ada71fcc9127b590c28a5291ca,持卡人消费,学士楼商务网关,-2.0,195.11,6054,正常
2016/06/20 17:41:26,57e307f74a909eeb0265e992515081df17ab458f,180912b5ee8c31ada71fcc9127b590c28a5291ca,持卡人消费,学士楼商务网关,-2.0,193.11,6055,正常
2016/06/20 18:03:56,57e307f74a909eeb0265e992515081df17ab458f,180912b5ee8c31ada71fcc9127b590c28a5291ca,持卡人消费,硕果园（工大商店）,-4.3,188.81,6056,正常
2016/06/21 08:07:16,57e307f74a909eeb0265e992515081df17ab458f,180912b5ee8c31ada71fcc9127b590c28a5291ca,持卡人消费,学士楼商务网关,-2.53,186.28,6057,正常
2016/06/21 11:36:50,57e307f74a909eeb0265e992515081df17ab458f,180912b5ee8c31ada71fcc9127b590c28a5291ca,持卡人消费,学士楼商务网关,-4.8,181.48,6058,正常
2016/06/21 11:38:14,57e307f74a909eeb0265e992515081df17ab458f,180912b5ee8c31ada71fcc9127b590c28a5291ca,持卡人消费,学士楼商务网关,-2.0,179.48,6059,正常
2016/06/21 17:04:12,57e307f74a909eeb0265e992515081df17ab458f,180912b5ee8c31ada71fcc9127b590c28a5291ca,持卡人消费,学苑楼商务网关,-3.6,175.88,6060,正常
2016/06/21 17:05:31,57e307f74a909eeb0265e992515081df17ab458f,180912b5ee8c31ada71fcc9127b590c28a5291ca,持卡人消费,学苑楼商务网关,-1.5,174.38,6061,正常
2016/06/22 09:25:49,57e307f74a909eeb0265e992515081df17ab458f,180912b5ee8c31ada71fcc9127b590c28a5291ca,持卡人消费,硕果园（工大商店）,-5.0,169.38,6062,正常
2016/06/22 12:02:33,57e307f74a909eeb0265e992515081df17ab458f,180912b5ee8c31ada71fcc9127b590c28a5291ca,持卡人消费,学苑楼商务网关,-8.0,161.38,6063,正常
2016/06/22 17:38:50,57e307f74a909eeb0265e992515081df17ab458f,180912b5ee8c31ada71fcc9127b590c28a5291ca,持卡人消费,学苑楼商务网关,-1.0,160.38,6064,正常
2016/06/22 17:40:32,57e307f74a909eeb0265e992515081df17ab458f,180912b5ee8c31ada71fcc9127b590c28a5291ca,持卡人消费,学苑楼商务网关,-6.0,154.38,6065,正常
2016/06/22 18:37:19,57e307f74a909eeb0265e992515081df17ab458f,180912b5ee8c31ada71fcc9127b590c28a5291ca,持卡人消费,一校区水控新,-2.0,152.38,6066,正常
2016/06/22 18:44:37,57e307f74a909eeb0265e992515081df17ab458f,180912b5ee8c31ada71fcc9127b590c28a5291ca,持卡人消费,一校区水控新,-1.39,150.99,6068,正常
2016/06/23 07:54:19,57e307f74a909eeb0265e992515081df17ab458f,180912b5ee8c31ada71fcc9127b590c28a5291ca,持卡人消费,学士楼商务网关,-2.53,148.46,6069,正常
2016/06/23 12:00:55,57e307f74a909eeb0265e992515081df17ab458f,180912b5ee8c31ada71fcc9127b590c28a5291ca,持卡人消费,学士楼商务网关,-10.3,138.16,6070,正常
2016/06/23 17:22:30,57e307f74a909eeb0265e992515081df17ab458f,180912b5ee8c31ada71fcc9127b590c28a5291ca,持卡人消费,学士楼商务网关,-2.0,136.16,6071,正常
2016/06/23 17:22:41,57e307f74a909eeb0265e992515081df17ab458f,180912b5ee8c31ada71fcc9127b590c28a5291ca,持卡人消费,学士楼商务网关,-1.0,135.16,6072,正常
2016/06/23 17:23:37,57e307f74a909eeb0265e992515081df17ab458f,180912b5ee8c31ada71fcc9127b590c28a5291ca,持卡人消费,学士楼商务网关,-2.0,133.16,6073,正常
2016/06/24 07:53:42,57e307f74a909eeb0265e992515081df17ab458f,180912b5ee8c31ada71fcc9127b590c28a5291ca,持卡人消费,学士楼商务网关,-2.6,130.56,6074,正常
2016/06/24 11:14:50,57e307f74a909eeb0265e992515081df17ab458f,180912b5ee8c31ada71fcc9127b590c28a5291ca,持卡人消费,学士楼商务网关,-4.3,126.26,6075,正常
2016/06/24 11:16:12,57e307f74a909eeb0265e992515081df17ab458f,180912b5ee8c31ada71fcc9127b590c28a5291ca,持卡人消费,学士楼商务网关,-3.0,123.26,6076,正常
2016/06/24 17:21:43,57e307f74a909eeb0265e992515081df17ab458f,180912b5ee8c31ada71fcc9127b590c28a5291ca,持卡人消费,学士楼商务网关,-6.9,116.36,6077,正常
2016/06/24 18:16:52,57e307f74a909eeb0265e992515081df17ab458f,180912b5ee8c31ada71fcc9127b590c28a5291ca,持卡人消费,硕果园（工大商店）,-4.7,111.66,6078,正常
2016/06/25 07:53:27,57e307f74a909eeb0265e992515081df17ab458f,180912b5ee8c31ada71fcc9127b590c28a5291ca,持卡人消费,学士楼商务网关,-3.4,108.26,6079,正常
2016/06/25 12:01:57,57e307f74a909eeb0265e992515081df17ab458f,180912b5ee8c31ada71fcc9127b590c28a5291ca,持卡人消费,学士楼商务网关,-8.0,100.26,6080,正常
2016/06/25 12:02:32,57e307f74a909eeb0265e992515081df17ab458f,180912b5ee8c31ada71fcc9127b590c28a5291ca,持卡人消费,学士楼商务网关,-0.6,99.66,6081,正常
2016/06/25 18:02:36,57e307f74a909eeb0265e992515081df17ab458f,180912b5ee8c31ada71fcc9127b590c28a5291ca,持卡人消费,学士楼商务网关,-2.0,97.66,6082,正常
2016/06/25 18:03:06,57e307f74a909eeb0265e992515081df17ab458f,180912b5ee8c31ada71fcc9127b590c28a5291ca,持卡人消费,学士楼商务网关,-1.4,96.26,6083,正常
2016/06/25 18:04:16,57e307f74a909eeb0265e992515081df17ab458f,180912b5ee8c31ada71fcc9127b590c28a5291ca,持卡人消费,学士楼商务网关,-2.0,94.26,6084,正常
2016/06/26 08:25:26,57e307f74a909eeb0265e992515081df17ab458f,180912b5ee8c31ada71fcc9127b590c28a5291ca,持卡人消费,学士楼商务网关,-1.6,92.66,6085,正常
2016/06/26 11:23:59,57e307f74a909eeb0265e992515081df17ab458f,180912b5ee8c31ada71fcc9127b590c28a5291ca,持卡人消费,学士楼商务网关,-6.8,85.86,6086,正常
2016/06/26 18:18:53,57e307f74a909eeb0265e992515081df17ab458f,180912b5ee8c31ada71fcc9127b590c28a5291ca,持卡人消费,学士楼商务网关,-7.0,78.86,6087,正常
2016/06/26 18:20:06,57e307f74a909eeb0265e992515081df17ab458f,180912b5ee8c31ada71fcc9127b590c28a5291ca,持卡人消费,学士楼商务网关,-0.6,78.26,6088,正常
2016/06/27 07:27:21,57e307f74a909eeb0265e992515081df17ab458f,180912b5ee8c31ada71fcc9127b590c28a5291ca,持卡人消费,学士楼商务网关,-2.53,75.73,6089,正常
2016/06/27 12:18:23,57e307f74a909eeb0265e992515081df17ab458f,180912b5ee8c31ada71fcc9127b590c28a5291ca,持卡人消费,学苑楼商务网关,-8.0,67.73,6090,正常
2016/06/28 11:36:33,57e307f74a909eeb0265e992515081df17ab458f,180912b5ee8c31ada71fcc9127b590c28a5291ca,持卡人消费,学士楼商务网关,-8.8,58.93,6091,正常
2016/06/28 11:38:22,57e307f74a909eeb0265e992515081df17ab458f,180912b5ee8c31ada71fcc9127b590c28a5291ca,持卡人消费,学士楼商务网关,-4.6,54.33,6092,正常
2016/06/28 13:12:47,57e307f74a909eeb0265e992515081df17ab458f,180912b5ee8c31ada71fcc9127b590c28a5291ca,持卡人消费,一校区水控新,-2.0,52.33,6093,正常
2016/06/28 13:18:53,57e307f74a909eeb0265e992515081df17ab458f,180912b5ee8c31ada71fcc9127b590c28a5291ca,持卡人消费,一校区水控新,-1.12,51.21,6097,正常
2016/06/28 18:28:17,57e307f74a909eeb0265e992515081df17ab458f,180912b5ee8c31ada71fcc9127b590c28a5291ca,持卡人消费,学士楼商务网关,-2.2,49.01,6098,正常
2016/06/28 18:29:56,57e307f74a909eeb0265e992515081df17ab458f,180912b5ee8c31ada71fcc9127b590c28a5291ca,持卡人消费,学士楼商务网关,-2.0,47.01,6099,正常
2016/06/28 18:52:33,57e307f74a909eeb0265e992515081df17ab458f,180912b5ee8c31ada71fcc9127b590c28a5291ca,持卡人消费,一区图书馆BPOS,-0.25,46.76,6100,正常
2016/06/29 08:00:30,57e307f74a909eeb0265e992515081df17ab458f,180912b5ee8c31ada71fcc9127b590c28a5291ca,持卡人消费,学士楼商务网关,-3.4,43.36,6101,正常
2016/06/29 17:42:15,57e307f74a909eeb0265e992515081df17ab458f,180912b5ee8c31ada71fcc9127b590c28a5291ca,持卡人消费,学士楼商务网关,-1.0,42.36,6102,正常
2016/06/29 17:42:20,57e307f74a909eeb0265e992515081df17ab458f,180912b5ee8c31ada71fcc9127b590c28a5291ca,持卡人消费,学士楼商务网关,-1.0,41.36,6103,正常
2016/06/29 17:44:25,57e307f74a909eeb0265e992515081df17ab458f,180912b5ee8c31ada71fcc9127b590c28a5291ca,持卡人消费,学士楼商务网关,-2.0,39.36,6104,正常
2016/06/30 08:24:24,57e307f74a909eeb0265e992515081df17ab458f,180912b5ee8c31ada71fcc9127b590c28a5291ca,持卡人消费,学士楼商务网关,-2.1,37.26,6105,正常
2016/06/30 12:08:08,57e307f74a909eeb0265e992515081df17ab458f,180912b5ee8c31ada71fcc9127b590c28a5291ca,存款,现金充值机,200.0,231.26,6106,正常
