交易发生时间,学号,姓名,交易类型,子系统名称,交易额,现有余额,次数,状态
2016/06/02 17:02:49,48bd5e5d2c28f9b2e3f7f91387eb2af20aabaa7a,185a7b1cc309e323222cfb4c732e7a2a88115fab,持卡人消费,四食堂商务网关,-5.54,43.88,5818,正常
2016/06/02 17:17:03,48bd5e5d2c28f9b2e3f7f91387eb2af20aabaa7a,185a7b1cc309e323222cfb4c732e7a2a88115fab,持卡人消费,四食堂商务网关,-14.0,29.88,5819,正常
2016/06/03 12:03:48,48bd5e5d2c28f9b2e3f7f91387eb2af20aabaa7a,185a7b1cc309e323222cfb4c732e7a2a88115fab,持卡人消费,学子便利店B03,-9.2,20.68,5820,正常
2016/06/03 12:03:53,48bd5e5d2c28f9b2e3f7f91387eb2af20aabaa7a,185a7b1cc309e323222cfb4c732e7a2a88115fab,持卡人消费,学子便利店B03,-0.2,20.48,5821,正常
2016/06/03 15:31:34,48bd5e5d2c28f9b2e3f7f91387eb2af20aabaa7a,185a7b1cc309e323222cfb4c732e7a2a88115fab,持卡人消费,学子便利店B03,-14.4,6.08,5822,正常
2016/06/04 12:06:09,48bd5e5d2c28f9b2e3f7f91387eb2af20aabaa7a,185a7b1cc309e323222cfb4c732e7a2a88115fab,存款,现金充值机,200.0,206.08,5823,正常
2016/06/04 13:04:32,48bd5e5d2c28f9b2e3f7f91387eb2af20aabaa7a,185a7b1cc309e323222cfb4c732e7a2a88115fab,持卡人消费,学子便利店B03,-7.3,198.78,5824,正常
2016/06/05 09:10:52,48bd5e5d2c28f9b2e3f7f91387eb2af20aabaa7a,185a7b1cc309e323222cfb4c732e7a2a88115fab,持卡人消费,学子便利店B03,-9.0,189.78,5825,正常
2016/06/05 10:38:21,48bd5e5d2c28f9b2e3f7f91387eb2af20aabaa7a,185a7b1cc309e323222cfb4c732e7a2a88115fab,持卡人消费,网络中心,-30.0,159.78,5826,正常
2016/06/05 20:00:07,48bd5e5d2c28f9b2e3f7f91387eb2af20aabaa7a,185a7b1cc309e323222cfb4c732e7a2a88115fab,持卡人消费,学子便利店B03,-11.4,148.38,5827,正常
2016/06/06 11:16:35,48bd5e5d2c28f9b2e3f7f91387eb2af20aabaa7a,185a7b1cc309e323222cfb4c732e7a2a88115fab,持卡人消费,四食堂商务网关,-6.29,142.09,5828,正常
2016/06/07 08:19:21,48bd5e5d2c28f9b2e3f7f91387eb2af20aabaa7a,185a7b1cc309e323222cfb4c732e7a2a88115fab,持卡人消费,四食堂商务网关,-3.6,138.49,5829,正常
2016/06/08 16:15:19,48bd5e5d2c28f9b2e3f7f91387eb2af20aabaa7a,185a7b1cc309e323222cfb4c732e7a2a88115fab,持卡人消费,学子便利店B03,-8.0,130.49,5830,正常
2016/06/09 11:13:48,48bd5e5d2c28f9b2e3f7f91387eb2af20aabaa7a,185a7b1cc309e323222cfb4c732e7a2a88115fab,持卡人消费,九食堂商务网关,-14.0,116.49,5831,正常
2016/06/09 11:28:24,48bd5e5d2c28f9b2e3f7f91387eb2af20aabaa7a,185a7b1cc309e323222cfb4c732e7a2a88115fab,持卡人消费,九食堂商务网关,-14.4,102.09,5832,正常
2016/06/10 09:40:25,48bd5e5d2c28f9b2e3f7f91387eb2af20aabaa7a,185a7b1cc309e323222cfb4c732e7a2a88115fab,持卡人消费,学子便利店B03,-7.6,94.49,5833,正常
2016/06/10 18:40:34,48bd5e5d2c28f9b2e3f7f91387eb2af20aabaa7a,185a7b1cc309e323222cfb4c732e7a2a88115fab,持卡人消费,学子便利店B03,-2.8,91.69,5834,正常
2016/06/11 10:36:25,48bd5e5d2c28f9b2e3f7f91387eb2af20aabaa7a,185a7b1cc309e323222cfb4c732e7a2a88115fab,持卡人消费,九食堂商务网关,-9.0,82.69,5835,正常
2016/06/11 10:44:57,48bd5e5d2c28f9b2e3f7f91387eb2af20aabaa7a,185a7b1cc309e323222cfb4c732e7a2a88115fab,持卡人消费,九食堂商务网关,-9.0,73.69,5836,正常
2016/06/11 20:24:16,48bd5e5d2c28f9b2e3f7f91387eb2af20aabaa7a,185a7b1cc309e323222cfb4c732e7a2a88115fab,持卡人消费,学子便利店B03,-12.0,61.69,5837,正常
2016/06/13 11:17:07,48bd5e5d2c28f9b2e3f7f91387eb2af20aabaa7a,185a7b1cc309e323222cfb4c732e7a2a88115fab,持卡人消费,四食堂商务网关,-5.88,55.81,5838,正常
2016/06/13 16:36:02,48bd5e5d2c28f9b2e3f7f91387eb2af20aabaa7a,185a7b1cc309e323222cfb4c732e7a2a88115fab,持卡人消费,学子便利店B03,-4.0,51.81,5839,正常
2016/06/14 11:13:36,48bd5e5d2c28f9b2e3f7f91387eb2af20aabaa7a,185a7b1cc309e323222cfb4c732e7a2a88115fab,持卡人消费,四食堂商务网关,-6.0,45.81,5840,正常
2016/06/14 11:25:42,48bd5e5d2c28f9b2e3f7f91387eb2af20aabaa7a,185a7b1cc309e323222cfb4c732e7a2a88115fab,持卡人消费,五食堂商务网关,-7.0,38.81,5841,正常
2016/06/14 14:01:26,48bd5e5d2c28f9b2e3f7f91387eb2af20aabaa7a,185a7b1cc309e323222cfb4c732e7a2a88115fab,持卡人消费,学子便利店B03,-4.0,34.81,5842,正常
2016/06/14 18:53:26,48bd5e5d2c28f9b2e3f7f91387eb2af20aabaa7a,185a7b1cc309e323222cfb4c732e7a2a88115fab,持卡人消费,学子便利店B03,-2.8,32.01,5843,正常
2016/06/15 11:06:54,48bd5e5d2c28f9b2e3f7f91387eb2af20aabaa7a,185a7b1cc309e323222cfb4c732e7a2a88115fab,持卡人消费,四食堂商务网关,-6.0,26.01,5844,正常
2016/06/16 11:07:15,48bd5e5d2c28f9b2e3f7f91387eb2af20aabaa7a,185a7b1cc309e323222cfb4c732e7a2a88115fab,存款,现金充值机,50.0,76.01,5845,正常
2016/06/16 11:07:54,48bd5e5d2c28f9b2e3f7f91387eb2af20aabaa7a,185a7b1cc309e323222cfb4c732e7a2a88115fab,存款,现金充值机,30.0,106.01,5846,正常
2016/06/16 11:12:49,48bd5e5d2c28f9b2e3f7f91387eb2af20aabaa7a,185a7b1cc309e323222cfb4c732e7a2a88115fab,持卡人消费,五食堂商务网关,-6.5,99.51,5847,正常
2016/06/16 11:36:02,48bd5e5d2c28f9b2e3f7f91387eb2af20aabaa7a,185a7b1cc309e323222cfb4c732e7a2a88115fab,持卡人消费,学子便利店B03,-4.0,95.51,5848,正常
2016/06/17 09:21:39,48bd5e5d2c28f9b2e3f7f91387eb2af20aabaa7a,185a7b1cc309e323222cfb4c732e7a2a88115fab,持卡人消费,学子便利店B03,-12.0,83.51,5849,正常
2016/06/17 12:52:14,48bd5e5d2c28f9b2e3f7f91387eb2af20aabaa7a,185a7b1cc309e323222cfb4c732e7a2a88115fab,持卡人消费,学子便利店B03,-8.0,75.51,5850,正常
2016/06/18 11:08:11,48bd5e5d2c28f9b2e3f7f91387eb2af20aabaa7a,185a7b1cc309e323222cfb4c732e7a2a88115fab,持卡人消费,四食堂商务网关,-5.0,70.51,5851,正常
2016/06/18 11:16:57,48bd5e5d2c28f9b2e3f7f91387eb2af20aabaa7a,185a7b1cc309e323222cfb4c732e7a2a88115fab,持卡人消费,四食堂商务网关,-14.0,56.51,5852,正常
2016/06/18 11:18:56,48bd5e5d2c28f9b2e3f7f91387eb2af20aabaa7a,185a7b1cc309e323222cfb4c732e7a2a88115fab,持卡人消费,学子便利店B03,-5.9,50.61,5853,正常
2016/06/18 20:39:19,48bd5e5d2c28f9b2e3f7f91387eb2af20aabaa7a,185a7b1cc309e323222cfb4c732e7a2a88115fab,持卡人消费,学子便利店B03,-2.6,48.01,5854,正常
2016/06/19 11:31:56,48bd5e5d2c28f9b2e3f7f91387eb2af20aabaa7a,185a7b1cc309e323222cfb4c732e7a2a88115fab,持卡人消费,四食堂商务网关,-6.0,42.01,5855,正常
2016/06/20 09:09:45,48bd5e5d2c28f9b2e3f7f91387eb2af20aabaa7a,185a7b1cc309e323222cfb4c732e7a2a88115fab,持卡人消费,学子便利店B03,-12.0,30.01,5856,正常
2016/06/20 09:09:51,48bd5e5d2c28f9b2e3f7f91387eb2af20aabaa7a,185a7b1cc309e323222cfb4c732e7a2a88115fab,持卡人消费,学子便利店B03,-0.2,29.81,5857,正常
2016/06/20 11:50:08,48bd5e5d2c28f9b2e3f7f91387eb2af20aabaa7a,185a7b1cc309e323222cfb4c732e7a2a88115fab,持卡人消费,学子便利店B03,-2.7,27.11,5858,正常
2016/06/21 11:16:55,48bd5e5d2c28f9b2e3f7f91387eb2af20aabaa7a,185a7b1cc309e323222cfb4c732e7a2a88115fab,持卡人消费,四食堂商务网关,-6.0,21.11,5859,正常
2016/06/22 09:54:50,48bd5e5d2c28f9b2e3f7f91387eb2af20aabaa7a,185a7b1cc309e323222cfb4c732e7a2a88115fab,持卡人消费,学子便利店B03,-20.6,0.51,5860,正常
2016/06/23 11:14:16,48bd5e5d2c28f9b2e3f7f91387eb2af20aabaa7a,185a7b1cc309e323222cfb4c732e7a2a88115fab,存款,现金充值机,100.0,100.51,5861,正常
2016/06/23 11:20:20,48bd5e5d2c28f9b2e3f7f91387eb2af20aabaa7a,185a7b1cc309e323222cfb4c732e7a2a88115fab,持卡人消费,五食堂商务网关,-9.5,91.01,5862,正常
2016/06/23 11:35:06,48bd5e5d2c28f9b2e3f7f91387eb2af20aabaa7a,185a7b1cc309e323222cfb4c732e7a2a88115fab,持卡人消费,四食堂商务网关,-13.0,78.01,5863,正常
2016/06/23 11:35:29,48bd5e5d2c28f9b2e3f7f91387eb2af20aabaa7a,185a7b1cc309e323222cfb4c732e7a2a88115fab,持卡人消费,四食堂商务网关,-0.2,77.81,5864,正常
2016/06/23 11:39:39,48bd5e5d2c28f9b2e3f7f91387eb2af20aabaa7a,185a7b1cc309e323222cfb4c732e7a2a88115fab,持卡人消费,学子便利店B03,-14.0,63.81,5865,正常
2016/06/23 20:34:01,48bd5e5d2c28f9b2e3f7f91387eb2af20aabaa7a,185a7b1cc309e323222cfb4c732e7a2a88115fab,持卡人消费,二区水控,-0.06,63.75,5867,正常
2016/06/23 20:49:44,48bd5e5d2c28f9b2e3f7f91387eb2af20aabaa7a,185a7b1cc309e323222cfb4c732e7a2a88115fab,持卡人消费,二区水控,-3.0,60.75,5868,正常
2016/06/23 20:50:30,48bd5e5d2c28f9b2e3f7f91387eb2af20aabaa7a,185a7b1cc309e323222cfb4c732e7a2a88115fab,持卡人消费,二区水控,-0.13,60.62,5870,正常
2016/06/23 20:51:41,48bd5e5d2c28f9b2e3f7f91387eb2af20aabaa7a,185a7b1cc309e323222cfb4c732e7a2a88115fab,持卡人消费,二区水控,-0.05,60.57,5872,正常
2016/06/24 09:00:21,48bd5e5d2c28f9b2e3f7f91387eb2af20aabaa7a,185a7b1cc309e323222cfb4c732e7a2a88115fab,持卡人消费,学子便利店B03,-5.0,55.57,5873,正常
2016/06/24 11:40:42,48bd5e5d2c28f9b2e3f7f91387eb2af20aabaa7a,185a7b1cc309e323222cfb4c732e7a2a88115fab,持卡人消费,学子便利店B03,-8.0,47.57,5874,正常
2016/06/28 10:49:21,48bd5e5d2c28f9b2e3f7f91387eb2af20aabaa7a,185a7b1cc309e323222cfb4c732e7a2a88115fab,持卡人消费,学子便利店B03,-4.8,42.77,5875,正常
2016/06/28 13:12:12,48bd5e5d2c28f9b2e3f7f91387eb2af20aabaa7a,185a7b1cc309e323222cfb4c732e7a2a88115fab,持卡人消费,学子便利店B03,-3.0,39.77,5876,正常
2016/06/28 13:13:38,48bd5e5d2c28f9b2e3f7f91387eb2af20aabaa7a,185a7b1cc309e323222cfb4c732e7a2a88115fab,持卡人消费,学子便利店B03,-1.3,38.47,5877,正常
