交易发生时间,学号,姓名,交易类型,子系统名称,交易额,现有余额,次数,状态
2016/06/01 08:46:51,4b93ee7e7297b4024a5bff40c1e8edbf46f8754e,18630b80f758000aa1296faaf8e3ddda707ec7f1,持卡人消费,学士楼商务网关,-3.0,62.44,3504,正常
2016/06/01 17:29:23,4b93ee7e7297b4024a5bff40c1e8edbf46f8754e,18630b80f758000aa1296faaf8e3ddda707ec7f1,持卡人消费,学士楼商务网关,-8.1,54.34,3505,正常
2016/06/02 11:36:12,4b93ee7e7297b4024a5bff40c1e8edbf46f8754e,18630b80f758000aa1296faaf8e3ddda707ec7f1,持卡人消费,学士楼商务网关,-16.8,37.54,3506,正常
2016/06/02 11:37:33,4b93ee7e7297b4024a5bff40c1e8edbf46f8754e,18630b80f758000aa1296faaf8e3ddda707ec7f1,持卡人消费,学士楼商务网关,-4.5,33.04,3507,正常
2016/06/02 11:37:59,4b93ee7e7297b4024a5bff40c1e8edbf46f8754e,18630b80f758000aa1296faaf8e3ddda707ec7f1,持卡人消费,学士楼商务网关,-2.6,30.44,3508,正常
2016/06/02 18:18:23,4b93ee7e7297b4024a5bff40c1e8edbf46f8754e,18630b80f758000aa1296faaf8e3ddda707ec7f1,持卡人消费,学士楼商务网关,-8.0,22.44,3509,正常
2016/06/03 08:58:50,4b93ee7e7297b4024a5bff40c1e8edbf46f8754e,18630b80f758000aa1296faaf8e3ddda707ec7f1,持卡人消费,学士楼商务网关,-2.0,20.44,3510,正常
2016/06/04 12:21:10,4b93ee7e7297b4024a5bff40c1e8edbf46f8754e,18630b80f758000aa1296faaf8e3ddda707ec7f1,持卡人消费,一校区水控新,-0.27,20.17,3512,正常
2016/06/04 12:26:10,4b93ee7e7297b4024a5bff40c1e8edbf46f8754e,18630b80f758000aa1296faaf8e3ddda707ec7f1,持卡人消费,一校区水控新,-0.85,19.32,3514,正常
2016/06/04 12:27:22,4b93ee7e7297b4024a5bff40c1e8edbf46f8754e,18630b80f758000aa1296faaf8e3ddda707ec7f1,持卡人消费,一校区水控新,-0.14,19.18,3516,正常
2016/06/04 12:29:16,4b93ee7e7297b4024a5bff40c1e8edbf46f8754e,18630b80f758000aa1296faaf8e3ddda707ec7f1,持卡人消费,一校区水控新,-0.06,19.12,3518,正常
2016/06/04 12:30:15,4b93ee7e7297b4024a5bff40c1e8edbf46f8754e,18630b80f758000aa1296faaf8e3ddda707ec7f1,持卡人消费,一校区水控新,-0.03,19.09,3520,正常
2016/06/04 13:51:19,4b93ee7e7297b4024a5bff40c1e8edbf46f8754e,18630b80f758000aa1296faaf8e3ddda707ec7f1,持卡人消费,学士楼商务网关,-9.0,10.09,3521,正常
2016/06/05 08:58:32,4b93ee7e7297b4024a5bff40c1e8edbf46f8754e,18630b80f758000aa1296faaf8e3ddda707ec7f1,持卡人消费,学士楼商务网关,-2.0,8.09,3522,正常
2016/06/05 17:03:19,4b93ee7e7297b4024a5bff40c1e8edbf46f8754e,18630b80f758000aa1296faaf8e3ddda707ec7f1,持卡人消费,学士楼商务网关,-4.6,3.49,3523,正常
2016/06/05 17:03:36,4b93ee7e7297b4024a5bff40c1e8edbf46f8754e,18630b80f758000aa1296faaf8e3ddda707ec7f1,持卡人消费,学士楼商务网关,-3.0,0.49,3524,正常
2016/06/06 11:33:42,4b93ee7e7297b4024a5bff40c1e8edbf46f8754e,18630b80f758000aa1296faaf8e3ddda707ec7f1,存款,卡中心综合业务,100.0,100.49,3525,正常
2016/06/06 11:42:44,4b93ee7e7297b4024a5bff40c1e8edbf46f8754e,18630b80f758000aa1296faaf8e3ddda707ec7f1,持卡人消费,学士楼商务网关,-5.32,95.17,3526,正常
2016/06/06 11:43:30,4b93ee7e7297b4024a5bff40c1e8edbf46f8754e,18630b80f758000aa1296faaf8e3ddda707ec7f1,持卡人消费,学士楼商务网关,-4.1,91.07,3527,正常
2016/06/06 18:36:04,4b93ee7e7297b4024a5bff40c1e8edbf46f8754e,18630b80f758000aa1296faaf8e3ddda707ec7f1,持卡人消费,硕果园（工大商店）,-10.0,81.07,3528,正常
2016/06/07 11:18:09,4b93ee7e7297b4024a5bff40c1e8edbf46f8754e,18630b80f758000aa1296faaf8e3ddda707ec7f1,持卡人消费,学苑楼商务网关,-9.0,72.07,3529,正常
2016/06/07 11:31:10,4b93ee7e7297b4024a5bff40c1e8edbf46f8754e,18630b80f758000aa1296faaf8e3ddda707ec7f1,持卡人消费,学苑楼商务网关,-2.1,69.97,3530,正常
2016/06/07 16:55:00,4b93ee7e7297b4024a5bff40c1e8edbf46f8754e,18630b80f758000aa1296faaf8e3ddda707ec7f1,持卡人消费,学士楼商务网关,-10.2,59.77,3531,正常
2016/06/07 22:21:06,4b93ee7e7297b4024a5bff40c1e8edbf46f8754e,18630b80f758000aa1296faaf8e3ddda707ec7f1,持卡人消费,A2,-2.3,57.47,3532,正常
2016/06/08 11:47:10,4b93ee7e7297b4024a5bff40c1e8edbf46f8754e,18630b80f758000aa1296faaf8e3ddda707ec7f1,持卡人消费,硕果园（工大商店）,-10.0,47.47,3533,正常
2016/06/08 17:23:11,4b93ee7e7297b4024a5bff40c1e8edbf46f8754e,18630b80f758000aa1296faaf8e3ddda707ec7f1,持卡人消费,学士楼商务网关,-6.72,40.75,3534,正常
2016/06/08 17:23:44,4b93ee7e7297b4024a5bff40c1e8edbf46f8754e,18630b80f758000aa1296faaf8e3ddda707ec7f1,持卡人消费,学士楼商务网关,-3.1,37.65,3535,正常
2016/06/13 09:06:08,4b93ee7e7297b4024a5bff40c1e8edbf46f8754e,18630b80f758000aa1296faaf8e3ddda707ec7f1,持卡人消费,学士楼商务网关,-0.3,37.35,3536,正常
2016/06/13 09:08:48,4b93ee7e7297b4024a5bff40c1e8edbf46f8754e,18630b80f758000aa1296faaf8e3ddda707ec7f1,持卡人消费,学士楼商务网关,-1.5,35.85,3537,正常
2016/06/13 12:05:40,4b93ee7e7297b4024a5bff40c1e8edbf46f8754e,18630b80f758000aa1296faaf8e3ddda707ec7f1,持卡人消费,学士楼商务网关,-4.48,31.37,3538,正常
2016/06/13 12:06:57,4b93ee7e7297b4024a5bff40c1e8edbf46f8754e,18630b80f758000aa1296faaf8e3ddda707ec7f1,持卡人消费,学士楼商务网关,-4.1,27.27,3539,正常
2016/06/13 16:54:58,4b93ee7e7297b4024a5bff40c1e8edbf46f8754e,18630b80f758000aa1296faaf8e3ddda707ec7f1,持卡人消费,学士楼商务网关,-11.0,16.27,3540,正常
2016/06/14 12:06:37,4b93ee7e7297b4024a5bff40c1e8edbf46f8754e,18630b80f758000aa1296faaf8e3ddda707ec7f1,持卡人消费,学士楼商务网关,-5.88,10.39,3541,正常
2016/06/14 12:08:15,4b93ee7e7297b4024a5bff40c1e8edbf46f8754e,18630b80f758000aa1296faaf8e3ddda707ec7f1,持卡人消费,学士楼商务网关,-2.9,7.49,3542,正常
2016/06/14 14:44:03,4b93ee7e7297b4024a5bff40c1e8edbf46f8754e,18630b80f758000aa1296faaf8e3ddda707ec7f1,持卡人消费,15公寓浴池,-0.01,7.48,3543,正常
2016/06/14 14:54:41,4b93ee7e7297b4024a5bff40c1e8edbf46f8754e,18630b80f758000aa1296faaf8e3ddda707ec7f1,持卡人消费,15公寓浴池,-2.0,5.48,3544,正常
2016/06/14 14:56:45,4b93ee7e7297b4024a5bff40c1e8edbf46f8754e,18630b80f758000aa1296faaf8e3ddda707ec7f1,持卡人消费,15公寓浴池,-0.27,5.21,3545,正常
2016/06/16 18:02:20,4b93ee7e7297b4024a5bff40c1e8edbf46f8754e,18630b80f758000aa1296faaf8e3ddda707ec7f1,存款,现金充值机,50.0,55.21,3546,正常
2016/06/16 18:35:18,4b93ee7e7297b4024a5bff40c1e8edbf46f8754e,18630b80f758000aa1296faaf8e3ddda707ec7f1,持卡人消费,硕果园（工大商店）,-20.0,35.21,3547,正常
2016/06/18 11:47:42,4b93ee7e7297b4024a5bff40c1e8edbf46f8754e,18630b80f758000aa1296faaf8e3ddda707ec7f1,持卡人消费,学士楼商务网关,-6.15,29.06,3548,正常
2016/06/18 11:48:23,4b93ee7e7297b4024a5bff40c1e8edbf46f8754e,18630b80f758000aa1296faaf8e3ddda707ec7f1,持卡人消费,学士楼商务网关,-3.9,25.16,3549,正常
2016/06/19 11:18:22,4b93ee7e7297b4024a5bff40c1e8edbf46f8754e,18630b80f758000aa1296faaf8e3ddda707ec7f1,持卡人消费,学士楼商务网关,-7.84,17.32,3550,正常
2016/06/19 11:19:10,4b93ee7e7297b4024a5bff40c1e8edbf46f8754e,18630b80f758000aa1296faaf8e3ddda707ec7f1,持卡人消费,学士楼商务网关,-3.9,13.42,3551,正常
2016/06/19 18:28:05,4b93ee7e7297b4024a5bff40c1e8edbf46f8754e,18630b80f758000aa1296faaf8e3ddda707ec7f1,持卡人消费,硕果园（工大商店）,-12.0,1.42,3552,正常
2016/06/21 11:01:21,4b93ee7e7297b4024a5bff40c1e8edbf46f8754e,18630b80f758000aa1296faaf8e3ddda707ec7f1,存款,学苑楼综合业务2,100.0,101.42,3553,正常
2016/06/21 11:06:21,4b93ee7e7297b4024a5bff40c1e8edbf46f8754e,18630b80f758000aa1296faaf8e3ddda707ec7f1,持卡人消费,学士楼商务网关,-6.16,95.26,3554,正常
2016/06/21 11:07:10,4b93ee7e7297b4024a5bff40c1e8edbf46f8754e,18630b80f758000aa1296faaf8e3ddda707ec7f1,持卡人消费,学士楼商务网关,-5.1,90.16,3555,正常
2016/06/22 11:14:46,4b93ee7e7297b4024a5bff40c1e8edbf46f8754e,18630b80f758000aa1296faaf8e3ddda707ec7f1,持卡人消费,学士楼商务网关,-9.1,81.06,3556,正常
2016/06/22 18:17:00,4b93ee7e7297b4024a5bff40c1e8edbf46f8754e,18630b80f758000aa1296faaf8e3ddda707ec7f1,持卡人消费,一校区水控新,-2.0,79.06,3557,正常
2016/06/22 18:21:22,4b93ee7e7297b4024a5bff40c1e8edbf46f8754e,18630b80f758000aa1296faaf8e3ddda707ec7f1,持卡人消费,一校区水控新,-0.7,78.36,3558,正常
2016/06/23 09:57:42,4b93ee7e7297b4024a5bff40c1e8edbf46f8754e,18630b80f758000aa1296faaf8e3ddda707ec7f1,持卡人消费,学士楼商务网关,-9.0,69.36,3559,正常
2016/06/23 18:43:26,4b93ee7e7297b4024a5bff40c1e8edbf46f8754e,18630b80f758000aa1296faaf8e3ddda707ec7f1,持卡人消费,15公寓浴池,-0.24,69.12,3561,正常
2016/06/23 18:53:03,4b93ee7e7297b4024a5bff40c1e8edbf46f8754e,18630b80f758000aa1296faaf8e3ddda707ec7f1,持卡人消费,15公寓浴池,-1.84,67.28,3563,正常
2016/06/24 11:12:13,4b93ee7e7297b4024a5bff40c1e8edbf46f8754e,18630b80f758000aa1296faaf8e3ddda707ec7f1,持卡人消费,学士楼商务网关,-4.48,62.80,3564,正常
2016/06/24 11:13:19,4b93ee7e7297b4024a5bff40c1e8edbf46f8754e,18630b80f758000aa1296faaf8e3ddda707ec7f1,持卡人消费,学士楼商务网关,-6.6,56.20,3565,正常
2016/06/24 17:17:58,4b93ee7e7297b4024a5bff40c1e8edbf46f8754e,18630b80f758000aa1296faaf8e3ddda707ec7f1,持卡人消费,学士楼商务网关,-6.16,50.04,3566,正常
2016/06/24 17:19:31,4b93ee7e7297b4024a5bff40c1e8edbf46f8754e,18630b80f758000aa1296faaf8e3ddda707ec7f1,持卡人消费,学士楼商务网关,-6.4,43.64,3567,正常
2016/06/25 17:16:17,4b93ee7e7297b4024a5bff40c1e8edbf46f8754e,18630b80f758000aa1296faaf8e3ddda707ec7f1,持卡人消费,学士楼商务网关,-6.16,37.48,3568,正常
2016/06/25 17:17:35,4b93ee7e7297b4024a5bff40c1e8edbf46f8754e,18630b80f758000aa1296faaf8e3ddda707ec7f1,持卡人消费,学士楼商务网关,-4.1,33.38,3569,正常
2016/06/25 20:20:00,4b93ee7e7297b4024a5bff40c1e8edbf46f8754e,18630b80f758000aa1296faaf8e3ddda707ec7f1,持卡人消费,一校区水控新,-2.0,31.38,3570,正常
2016/06/25 20:23:45,4b93ee7e7297b4024a5bff40c1e8edbf46f8754e,18630b80f758000aa1296faaf8e3ddda707ec7f1,持卡人消费,一校区水控新,-0.72,30.66,3572,正常
2016/06/27 17:50:15,4b93ee7e7297b4024a5bff40c1e8edbf46f8754e,18630b80f758000aa1296faaf8e3ddda707ec7f1,持卡人消费,学士楼商务网关,-5.6,25.06,3573,正常
2016/06/27 17:51:06,4b93ee7e7297b4024a5bff40c1e8edbf46f8754e,18630b80f758000aa1296faaf8e3ddda707ec7f1,持卡人消费,学士楼商务网关,-4.6,20.46,3574,正常
2016/06/28 08:16:10,4b93ee7e7297b4024a5bff40c1e8edbf46f8754e,18630b80f758000aa1296faaf8e3ddda707ec7f1,持卡人消费,学士楼商务网关,-2.0,18.46,3575,正常
2016/06/28 12:06:55,4b93ee7e7297b4024a5bff40c1e8edbf46f8754e,18630b80f758000aa1296faaf8e3ddda707ec7f1,持卡人消费,学士楼商务网关,-8.0,10.46,3576,正常
