交易发生时间,学号,姓名,交易类型,子系统名称,交易额,现有余额,次数,状态
2016/06/01 08:48:57,2d5432c14aa3cb3b734e080b157dc1b7d6ca05cb,1907957b72a56e4909d02c4ae136a2ce9f0eea09,持卡人消费,学士楼商务网关,-3.3,198.13,3280,正常
2016/06/01 08:50:06,2d5432c14aa3cb3b734e080b157dc1b7d6ca05cb,1907957b72a56e4909d02c4ae136a2ce9f0eea09,持卡人消费,学士楼商务网关,-0.5,197.63,3281,正常
2016/06/01 11:53:41,2d5432c14aa3cb3b734e080b157dc1b7d6ca05cb,1907957b72a56e4909d02c4ae136a2ce9f0eea09,持卡人消费,学苑楼商务网关,-9.0,188.63,3282,正常
2016/06/02 10:15:46,2d5432c14aa3cb3b734e080b157dc1b7d6ca05cb,1907957b72a56e4909d02c4ae136a2ce9f0eea09,持卡人消费,硕果园（工大商店）,-10.0,178.63,3283,正常
2016/06/02 10:16:56,2d5432c14aa3cb3b734e080b157dc1b7d6ca05cb,1907957b72a56e4909d02c4ae136a2ce9f0eea09,持卡人消费,硕果园（工大商店）,-2.0,176.63,3284,正常
2016/06/02 18:01:04,2d5432c14aa3cb3b734e080b157dc1b7d6ca05cb,1907957b72a56e4909d02c4ae136a2ce9f0eea09,持卡人消费,学苑楼商务网关,-5.0,171.63,3285,正常
2016/06/03 11:19:12,2d5432c14aa3cb3b734e080b157dc1b7d6ca05cb,1907957b72a56e4909d02c4ae136a2ce9f0eea09,持卡人消费,学士楼商务网关,-8.6,163.03,3286,正常
2016/06/03 11:41:20,2d5432c14aa3cb3b734e080b157dc1b7d6ca05cb,1907957b72a56e4909d02c4ae136a2ce9f0eea09,持卡人消费,超市商务子系统,-2.7,160.33,3287,正常
2016/06/03 17:31:41,2d5432c14aa3cb3b734e080b157dc1b7d6ca05cb,1907957b72a56e4909d02c4ae136a2ce9f0eea09,持卡人消费,学苑楼商务网关,-7.0,153.33,3288,正常
2016/06/04 11:21:14,2d5432c14aa3cb3b734e080b157dc1b7d6ca05cb,1907957b72a56e4909d02c4ae136a2ce9f0eea09,持卡人消费,学士楼商务网关,-1.9,151.43,3289,正常
2016/06/04 11:21:46,2d5432c14aa3cb3b734e080b157dc1b7d6ca05cb,1907957b72a56e4909d02c4ae136a2ce9f0eea09,持卡人消费,学士楼商务网关,-4.0,147.43,3290,正常
2016/06/04 17:17:37,2d5432c14aa3cb3b734e080b157dc1b7d6ca05cb,1907957b72a56e4909d02c4ae136a2ce9f0eea09,持卡人消费,硕果园（工大商店）,-8.1,139.33,3291,正常
2016/06/05 17:07:14,2d5432c14aa3cb3b734e080b157dc1b7d6ca05cb,1907957b72a56e4909d02c4ae136a2ce9f0eea09,持卡人消费,硕果园（工大商店）,-12.2,127.13,3292,正常
2016/06/05 18:59:38,2d5432c14aa3cb3b734e080b157dc1b7d6ca05cb,1907957b72a56e4909d02c4ae136a2ce9f0eea09,持卡人消费,15公寓浴池,-1.92,125.21,3294,正常
2016/06/05 19:04:51,2d5432c14aa3cb3b734e080b157dc1b7d6ca05cb,1907957b72a56e4909d02c4ae136a2ce9f0eea09,持卡人消费,15公寓浴池,-0.85,124.36,3296,正常
2016/06/05 20:44:58,2d5432c14aa3cb3b734e080b157dc1b7d6ca05cb,1907957b72a56e4909d02c4ae136a2ce9f0eea09,持卡人消费,硕果园（工大商店）,-12.0,112.36,3297,正常
2016/06/05 20:46:42,2d5432c14aa3cb3b734e080b157dc1b7d6ca05cb,1907957b72a56e4909d02c4ae136a2ce9f0eea09,持卡人消费,硕果园（工大商店）,-8.0,104.36,3298,正常
2016/06/06 08:49:21,2d5432c14aa3cb3b734e080b157dc1b7d6ca05cb,1907957b72a56e4909d02c4ae136a2ce9f0eea09,持卡人消费,学士楼商务网关,-3.6,100.76,3299,正常
2016/06/06 11:36:39,2d5432c14aa3cb3b734e080b157dc1b7d6ca05cb,1907957b72a56e4909d02c4ae136a2ce9f0eea09,持卡人消费,硕果园（工大商店）,-4.0,96.76,3300,正常
2016/06/06 19:37:17,2d5432c14aa3cb3b734e080b157dc1b7d6ca05cb,1907957b72a56e4909d02c4ae136a2ce9f0eea09,持卡人消费,硕果园（工大商店）,-15.1,81.66,3301,正常
2016/06/06 19:37:50,2d5432c14aa3cb3b734e080b157dc1b7d6ca05cb,1907957b72a56e4909d02c4ae136a2ce9f0eea09,持卡人消费,硕果园（工大商店）,-8.0,73.66,3302,正常
2016/06/07 10:02:58,2d5432c14aa3cb3b734e080b157dc1b7d6ca05cb,1907957b72a56e4909d02c4ae136a2ce9f0eea09,持卡人消费,硕果园（工大商店）,-2.0,71.66,3304,正常
2016/06/07 10:04:22,2d5432c14aa3cb3b734e080b157dc1b7d6ca05cb,1907957b72a56e4909d02c4ae136a2ce9f0eea09,持卡人消费,硕果园（工大商店）,-9.0,62.66,3305,正常
2016/06/07 17:13:40,2d5432c14aa3cb3b734e080b157dc1b7d6ca05cb,1907957b72a56e4909d02c4ae136a2ce9f0eea09,持卡人消费,硕果园（工大商店）,-12.0,50.66,3306,正常
2016/06/07 17:14:32,2d5432c14aa3cb3b734e080b157dc1b7d6ca05cb,1907957b72a56e4909d02c4ae136a2ce9f0eea09,持卡人消费,硕果园（工大商店）,-1.5,49.16,3307,正常
2016/06/07 17:39:10,2d5432c14aa3cb3b734e080b157dc1b7d6ca05cb,1907957b72a56e4909d02c4ae136a2ce9f0eea09,持卡人消费,硕果园（工大商店）,-11.0,38.16,3308,正常
2016/06/08 08:30:52,2d5432c14aa3cb3b734e080b157dc1b7d6ca05cb,1907957b72a56e4909d02c4ae136a2ce9f0eea09,持卡人消费,学士楼商务网关,-3.8,34.36,3309,正常
2016/06/08 11:43:05,2d5432c14aa3cb3b734e080b157dc1b7d6ca05cb,1907957b72a56e4909d02c4ae136a2ce9f0eea09,持卡人消费,硕果园（工大商店）,-9.3,25.06,3310,正常
2016/06/09 11:13:34,2d5432c14aa3cb3b734e080b157dc1b7d6ca05cb,1907957b72a56e4909d02c4ae136a2ce9f0eea09,持卡人消费,硕果园（工大商店）,-7.0,18.06,3311,正常
2016/06/10 11:48:21,2d5432c14aa3cb3b734e080b157dc1b7d6ca05cb,1907957b72a56e4909d02c4ae136a2ce9f0eea09,持卡人消费,硕果园（工大商店）,-14.0,4.06,3312,正常
2016/06/10 12:14:53,2d5432c14aa3cb3b734e080b157dc1b7d6ca05cb,1907957b72a56e4909d02c4ae136a2ce9f0eea09,持卡人消费,硕果园（工大商店）,-1.0,3.06,3313,正常
2016/06/10 17:13:50,2d5432c14aa3cb3b734e080b157dc1b7d6ca05cb,1907957b72a56e4909d02c4ae136a2ce9f0eea09,持卡人消费,硕果园（工大商店）,-0.1,2.96,3314,正常
2016/06/11 11:24:56,2d5432c14aa3cb3b734e080b157dc1b7d6ca05cb,1907957b72a56e4909d02c4ae136a2ce9f0eea09,存款,卡中心综合业务,300.0,302.96,3315,正常
2016/06/11 11:27:44,2d5432c14aa3cb3b734e080b157dc1b7d6ca05cb,1907957b72a56e4909d02c4ae136a2ce9f0eea09,持卡人消费,学苑楼商务网关,-8.0,294.96,3316,正常
2016/06/11 11:28:57,2d5432c14aa3cb3b734e080b157dc1b7d6ca05cb,1907957b72a56e4909d02c4ae136a2ce9f0eea09,持卡人消费,学苑楼商务网关,-3.0,291.96,3317,正常
2016/06/11 11:50:33,2d5432c14aa3cb3b734e080b157dc1b7d6ca05cb,1907957b72a56e4909d02c4ae136a2ce9f0eea09,持卡人消费,超市商务子系统,-20.0,271.96,3318,正常
2016/06/11 11:58:12,2d5432c14aa3cb3b734e080b157dc1b7d6ca05cb,1907957b72a56e4909d02c4ae136a2ce9f0eea09,持卡人消费,超市商务子系统,-18.1,253.86,3319,正常
2016/06/11 18:10:27,2d5432c14aa3cb3b734e080b157dc1b7d6ca05cb,1907957b72a56e4909d02c4ae136a2ce9f0eea09,持卡人消费,硕果园（工大商店）,-12.0,241.86,3320,正常
2016/06/11 18:12:32,2d5432c14aa3cb3b734e080b157dc1b7d6ca05cb,1907957b72a56e4909d02c4ae136a2ce9f0eea09,持卡人消费,硕果园（工大商店）,-3.0,238.86,3321,正常
2016/06/12 11:12:18,2d5432c14aa3cb3b734e080b157dc1b7d6ca05cb,1907957b72a56e4909d02c4ae136a2ce9f0eea09,持卡人消费,学苑楼商务网关,-8.0,230.86,3322,正常
2016/06/12 11:19:38,2d5432c14aa3cb3b734e080b157dc1b7d6ca05cb,1907957b72a56e4909d02c4ae136a2ce9f0eea09,持卡人消费,学苑楼商务网关,-3.0,227.86,3323,正常
2016/06/12 17:00:30,2d5432c14aa3cb3b734e080b157dc1b7d6ca05cb,1907957b72a56e4909d02c4ae136a2ce9f0eea09,持卡人消费,学士楼商务网关,-4.4,223.46,3324,正常
2016/06/12 17:02:58,2d5432c14aa3cb3b734e080b157dc1b7d6ca05cb,1907957b72a56e4909d02c4ae136a2ce9f0eea09,持卡人消费,学士楼商务网关,-0.9,222.56,3325,正常
2016/06/12 17:03:42,2d5432c14aa3cb3b734e080b157dc1b7d6ca05cb,1907957b72a56e4909d02c4ae136a2ce9f0eea09,持卡人消费,学士楼商务网关,-3.0,219.56,3326,正常
2016/06/13 11:23:07,2d5432c14aa3cb3b734e080b157dc1b7d6ca05cb,1907957b72a56e4909d02c4ae136a2ce9f0eea09,持卡人消费,学士楼商务网关,-3.5,216.06,3327,正常
2016/06/13 11:23:49,2d5432c14aa3cb3b734e080b157dc1b7d6ca05cb,1907957b72a56e4909d02c4ae136a2ce9f0eea09,持卡人消费,学士楼商务网关,-3.0,213.06,3328,正常
2016/06/13 11:24:31,2d5432c14aa3cb3b734e080b157dc1b7d6ca05cb,1907957b72a56e4909d02c4ae136a2ce9f0eea09,持卡人消费,学士楼商务网关,-1.5,211.56,3329,正常
2016/06/13 18:12:13,2d5432c14aa3cb3b734e080b157dc1b7d6ca05cb,1907957b72a56e4909d02c4ae136a2ce9f0eea09,持卡人消费,硕果园（工大商店）,-10.0,201.56,3330,正常
2016/06/13 18:13:35,2d5432c14aa3cb3b734e080b157dc1b7d6ca05cb,1907957b72a56e4909d02c4ae136a2ce9f0eea09,持卡人消费,硕果园（工大商店）,-3.2,198.36,3331,正常
2016/06/13 18:26:29,2d5432c14aa3cb3b734e080b157dc1b7d6ca05cb,1907957b72a56e4909d02c4ae136a2ce9f0eea09,持卡人消费,硕果园（工大商店）,-13.0,185.36,3332,正常
2016/06/13 18:26:37,2d5432c14aa3cb3b734e080b157dc1b7d6ca05cb,1907957b72a56e4909d02c4ae136a2ce9f0eea09,持卡人消费,硕果园（工大商店）,-1.0,184.36,3333,正常
2016/06/14 10:27:12,2d5432c14aa3cb3b734e080b157dc1b7d6ca05cb,1907957b72a56e4909d02c4ae136a2ce9f0eea09,持卡人消费,硕果园（工大商店）,-7.1,177.26,3334,正常
2016/06/14 19:14:16,2d5432c14aa3cb3b734e080b157dc1b7d6ca05cb,1907957b72a56e4909d02c4ae136a2ce9f0eea09,持卡人消费,硕果园（工大商店）,-10.0,167.26,3335,正常
2016/06/14 19:14:23,2d5432c14aa3cb3b734e080b157dc1b7d6ca05cb,1907957b72a56e4909d02c4ae136a2ce9f0eea09,持卡人消费,硕果园（工大商店）,-1.0,166.26,3336,正常
2016/06/14 19:15:47,2d5432c14aa3cb3b734e080b157dc1b7d6ca05cb,1907957b72a56e4909d02c4ae136a2ce9f0eea09,持卡人消费,硕果园（工大商店）,-4.0,162.26,3337,正常
2016/06/15 11:11:33,2d5432c14aa3cb3b734e080b157dc1b7d6ca05cb,1907957b72a56e4909d02c4ae136a2ce9f0eea09,持卡人消费,学士楼商务网关,-1.9,160.36,3338,正常
2016/06/15 11:11:50,2d5432c14aa3cb3b734e080b157dc1b7d6ca05cb,1907957b72a56e4909d02c4ae136a2ce9f0eea09,持卡人消费,学士楼商务网关,-3.5,156.86,3339,正常
2016/06/15 11:12:48,2d5432c14aa3cb3b734e080b157dc1b7d6ca05cb,1907957b72a56e4909d02c4ae136a2ce9f0eea09,持卡人消费,学士楼商务网关,-4.0,152.86,3340,正常
2016/06/16 08:53:41,2d5432c14aa3cb3b734e080b157dc1b7d6ca05cb,1907957b72a56e4909d02c4ae136a2ce9f0eea09,持卡人消费,学士楼商务网关,-2.5,150.36,3341,正常
2016/06/16 08:54:42,2d5432c14aa3cb3b734e080b157dc1b7d6ca05cb,1907957b72a56e4909d02c4ae136a2ce9f0eea09,持卡人消费,学士楼商务网关,-0.5,149.86,3342,正常
2016/06/16 11:27:26,2d5432c14aa3cb3b734e080b157dc1b7d6ca05cb,1907957b72a56e4909d02c4ae136a2ce9f0eea09,持卡人消费,硕果园（工大商店）,-10.0,139.86,3343,正常
2016/06/17 17:21:03,2d5432c14aa3cb3b734e080b157dc1b7d6ca05cb,1907957b72a56e4909d02c4ae136a2ce9f0eea09,持卡人消费,硕果园（工大商店）,-9.0,130.86,3344,正常
2016/06/17 17:23:41,2d5432c14aa3cb3b734e080b157dc1b7d6ca05cb,1907957b72a56e4909d02c4ae136a2ce9f0eea09,持卡人消费,硕果园（工大商店）,-10.0,120.86,3345,正常
2016/06/18 11:45:35,2d5432c14aa3cb3b734e080b157dc1b7d6ca05cb,1907957b72a56e4909d02c4ae136a2ce9f0eea09,持卡人消费,硕果园（工大商店）,-9.0,111.86,3346,正常
2016/06/18 13:44:48,2d5432c14aa3cb3b734e080b157dc1b7d6ca05cb,1907957b72a56e4909d02c4ae136a2ce9f0eea09,持卡人消费,15公寓浴池,-2.0,109.86,3347,正常
2016/06/18 13:46:13,2d5432c14aa3cb3b734e080b157dc1b7d6ca05cb,1907957b72a56e4909d02c4ae136a2ce9f0eea09,持卡人消费,15公寓浴池,-0.26,109.60,3349,正常
2016/06/19 11:16:59,2d5432c14aa3cb3b734e080b157dc1b7d6ca05cb,1907957b72a56e4909d02c4ae136a2ce9f0eea09,持卡人消费,学苑楼商务网关,-4.6,105.00,3350,正常
2016/06/19 11:18:07,2d5432c14aa3cb3b734e080b157dc1b7d6ca05cb,1907957b72a56e4909d02c4ae136a2ce9f0eea09,持卡人消费,学苑楼商务网关,-1.5,103.50,3351,正常
2016/06/20 09:56:43,2d5432c14aa3cb3b734e080b157dc1b7d6ca05cb,1907957b72a56e4909d02c4ae136a2ce9f0eea09,持卡人消费,硕果园（工大商店）,-2.0,101.50,3352,正常
2016/06/20 09:57:19,2d5432c14aa3cb3b734e080b157dc1b7d6ca05cb,1907957b72a56e4909d02c4ae136a2ce9f0eea09,持卡人消费,硕果园（工大商店）,-6.0,95.50,3353,正常
2016/06/20 09:57:54,2d5432c14aa3cb3b734e080b157dc1b7d6ca05cb,1907957b72a56e4909d02c4ae136a2ce9f0eea09,持卡人消费,硕果园（工大商店）,-1.0,94.50,3354,正常
2016/06/20 17:36:08,2d5432c14aa3cb3b734e080b157dc1b7d6ca05cb,1907957b72a56e4909d02c4ae136a2ce9f0eea09,持卡人消费,硕果园（工大商店）,-15.0,79.50,3355,正常
2016/06/20 18:06:04,2d5432c14aa3cb3b734e080b157dc1b7d6ca05cb,1907957b72a56e4909d02c4ae136a2ce9f0eea09,持卡人消费,硕果园（工大商店）,-5.3,74.20,3356,正常
2016/06/21 09:16:35,2d5432c14aa3cb3b734e080b157dc1b7d6ca05cb,1907957b72a56e4909d02c4ae136a2ce9f0eea09,持卡人消费,硕果园（工大商店）,-2.0,72.20,3357,正常
2016/06/21 09:18:58,2d5432c14aa3cb3b734e080b157dc1b7d6ca05cb,1907957b72a56e4909d02c4ae136a2ce9f0eea09,持卡人消费,硕果园（工大商店）,-7.0,65.20,3358,正常
2016/06/21 19:36:43,2d5432c14aa3cb3b734e080b157dc1b7d6ca05cb,1907957b72a56e4909d02c4ae136a2ce9f0eea09,持卡人消费,15公寓浴池,-0.61,64.59,3360,正常
2016/06/21 19:40:22,2d5432c14aa3cb3b734e080b157dc1b7d6ca05cb,1907957b72a56e4909d02c4ae136a2ce9f0eea09,持卡人消费,15公寓浴池,-0.48,64.11,3362,正常
2016/06/22 08:54:23,2d5432c14aa3cb3b734e080b157dc1b7d6ca05cb,1907957b72a56e4909d02c4ae136a2ce9f0eea09,持卡人消费,学士楼商务网关,-3.3,60.81,3363,正常
2016/06/22 11:51:47,2d5432c14aa3cb3b734e080b157dc1b7d6ca05cb,1907957b72a56e4909d02c4ae136a2ce9f0eea09,持卡人消费,硕果园（工大商店）,-23.0,37.81,3364,正常
2016/06/22 11:52:38,2d5432c14aa3cb3b734e080b157dc1b7d6ca05cb,1907957b72a56e4909d02c4ae136a2ce9f0eea09,持卡人消费,硕果园（工大商店）,-11.9,25.91,3365,正常
2016/06/22 14:52:58,2d5432c14aa3cb3b734e080b157dc1b7d6ca05cb,1907957b72a56e4909d02c4ae136a2ce9f0eea09,持卡人消费,硕果园（工大商店）,-11.0,14.91,3366,正常
2016/06/22 18:04:05,2d5432c14aa3cb3b734e080b157dc1b7d6ca05cb,1907957b72a56e4909d02c4ae136a2ce9f0eea09,持卡人消费,学子楼商务网关,-6.0,8.91,3367,正常
2016/06/22 18:06:23,2d5432c14aa3cb3b734e080b157dc1b7d6ca05cb,1907957b72a56e4909d02c4ae136a2ce9f0eea09,持卡人消费,学子楼商务网关,-3.6,5.31,3368,正常
2016/06/24 10:49:56,2d5432c14aa3cb3b734e080b157dc1b7d6ca05cb,1907957b72a56e4909d02c4ae136a2ce9f0eea09,存款,卡中心综合业务,200.0,205.31,3369,正常
2016/06/24 10:52:10,2d5432c14aa3cb3b734e080b157dc1b7d6ca05cb,1907957b72a56e4909d02c4ae136a2ce9f0eea09,持卡人消费,学苑楼商务网关,-15.6,189.71,3370,正常
2016/06/24 17:13:29,2d5432c14aa3cb3b734e080b157dc1b7d6ca05cb,1907957b72a56e4909d02c4ae136a2ce9f0eea09,持卡人消费,硕果园（工大商店）,-10.0,179.71,3371,正常
2016/06/24 17:17:00,2d5432c14aa3cb3b734e080b157dc1b7d6ca05cb,1907957b72a56e4909d02c4ae136a2ce9f0eea09,持卡人消费,硕果园（工大商店）,-10.0,169.71,3372,正常
2016/06/25 12:06:14,2d5432c14aa3cb3b734e080b157dc1b7d6ca05cb,1907957b72a56e4909d02c4ae136a2ce9f0eea09,持卡人消费,硕果园（工大商店）,-2.0,167.71,3373,正常
2016/06/25 12:07:58,2d5432c14aa3cb3b734e080b157dc1b7d6ca05cb,1907957b72a56e4909d02c4ae136a2ce9f0eea09,持卡人消费,硕果园（工大商店）,-9.0,158.71,3374,正常
2016/06/25 16:05:44,2d5432c14aa3cb3b734e080b157dc1b7d6ca05cb,1907957b72a56e4909d02c4ae136a2ce9f0eea09,持卡人消费,超市商务子系统,-20.0,138.71,3375,正常
2016/06/26 11:05:30,2d5432c14aa3cb3b734e080b157dc1b7d6ca05cb,1907957b72a56e4909d02c4ae136a2ce9f0eea09,持卡人消费,学士楼商务网关,-3.5,135.21,3376,正常
2016/06/26 11:06:35,2d5432c14aa3cb3b734e080b157dc1b7d6ca05cb,1907957b72a56e4909d02c4ae136a2ce9f0eea09,持卡人消费,学士楼商务网关,-0.4,134.81,3377,正常
2016/06/26 11:07:12,2d5432c14aa3cb3b734e080b157dc1b7d6ca05cb,1907957b72a56e4909d02c4ae136a2ce9f0eea09,持卡人消费,学士楼商务网关,-4.0,130.81,3378,正常
2016/06/26 17:37:56,2d5432c14aa3cb3b734e080b157dc1b7d6ca05cb,1907957b72a56e4909d02c4ae136a2ce9f0eea09,持卡人消费,硕果园（工大商店）,-10.0,120.81,3379,正常
2016/06/26 17:38:15,2d5432c14aa3cb3b734e080b157dc1b7d6ca05cb,1907957b72a56e4909d02c4ae136a2ce9f0eea09,持卡人消费,硕果园（工大商店）,-8.0,112.81,3380,正常
2016/06/27 08:22:53,2d5432c14aa3cb3b734e080b157dc1b7d6ca05cb,1907957b72a56e4909d02c4ae136a2ce9f0eea09,持卡人消费,学士楼商务网关,-2.4,110.41,3381,正常
2016/06/27 08:24:07,2d5432c14aa3cb3b734e080b157dc1b7d6ca05cb,1907957b72a56e4909d02c4ae136a2ce9f0eea09,持卡人消费,学士楼商务网关,-0.6,109.81,3382,正常
2016/06/27 11:59:25,2d5432c14aa3cb3b734e080b157dc1b7d6ca05cb,1907957b72a56e4909d02c4ae136a2ce9f0eea09,持卡人消费,学苑楼商务网关,-12.0,97.81,3383,正常
2016/06/27 12:01:04,2d5432c14aa3cb3b734e080b157dc1b7d6ca05cb,1907957b72a56e4909d02c4ae136a2ce9f0eea09,持卡人消费,学苑楼商务网关,-8.0,89.81,3384,正常
2016/06/27 12:02:45,2d5432c14aa3cb3b734e080b157dc1b7d6ca05cb,1907957b72a56e4909d02c4ae136a2ce9f0eea09,持卡人消费,学苑楼商务网关,-5.0,84.81,3385,正常
2016/06/27 17:20:04,2d5432c14aa3cb3b734e080b157dc1b7d6ca05cb,1907957b72a56e4909d02c4ae136a2ce9f0eea09,持卡人消费,学苑楼商务网关,-10.4,74.41,3386,正常
2016/06/27 17:40:07,2d5432c14aa3cb3b734e080b157dc1b7d6ca05cb,1907957b72a56e4909d02c4ae136a2ce9f0eea09,持卡人消费,超市商务子系统,-18.0,56.41,3387,正常
2016/06/27 18:12:38,2d5432c14aa3cb3b734e080b157dc1b7d6ca05cb,1907957b72a56e4909d02c4ae136a2ce9f0eea09,持卡人消费,15公寓浴池,-1.1,55.31,3389,正常
2016/06/27 18:15:35,2d5432c14aa3cb3b734e080b157dc1b7d6ca05cb,1907957b72a56e4909d02c4ae136a2ce9f0eea09,持卡人消费,15公寓浴池,-0.3,55.01,3391,正常
2016/06/28 11:04:07,2d5432c14aa3cb3b734e080b157dc1b7d6ca05cb,1907957b72a56e4909d02c4ae136a2ce9f0eea09,持卡人消费,学士楼商务网关,-4.6,50.41,3392,正常
2016/06/28 11:05:13,2d5432c14aa3cb3b734e080b157dc1b7d6ca05cb,1907957b72a56e4909d02c4ae136a2ce9f0eea09,持卡人消费,学士楼商务网关,-4.0,46.41,3393,正常
2016/06/28 11:06:00,2d5432c14aa3cb3b734e080b157dc1b7d6ca05cb,1907957b72a56e4909d02c4ae136a2ce9f0eea09,持卡人消费,学士楼商务网关,-4.5,41.91,3394,正常
2016/06/28 17:41:20,2d5432c14aa3cb3b734e080b157dc1b7d6ca05cb,1907957b72a56e4909d02c4ae136a2ce9f0eea09,持卡人消费,学士楼商务网关,-9.2,32.71,3395,正常
2016/06/28 17:41:44,2d5432c14aa3cb3b734e080b157dc1b7d6ca05cb,1907957b72a56e4909d02c4ae136a2ce9f0eea09,持卡人消费,学士楼商务网关,-3.0,29.71,3396,正常
2016/06/28 17:57:05,2d5432c14aa3cb3b734e080b157dc1b7d6ca05cb,1907957b72a56e4909d02c4ae136a2ce9f0eea09,持卡人消费,硕果园（工大商店）,-8.6,21.11,3397,正常
2016/06/29 07:23:11,2d5432c14aa3cb3b734e080b157dc1b7d6ca05cb,1907957b72a56e4909d02c4ae136a2ce9f0eea09,持卡人消费,学士楼商务网关,-0.5,20.61,3398,正常
2016/06/29 07:23:30,2d5432c14aa3cb3b734e080b157dc1b7d6ca05cb,1907957b72a56e4909d02c4ae136a2ce9f0eea09,持卡人消费,学士楼商务网关,-1.9,18.71,3399,正常
2016/06/29 07:27:50,2d5432c14aa3cb3b734e080b157dc1b7d6ca05cb,1907957b72a56e4909d02c4ae136a2ce9f0eea09,持卡人消费,学士楼商务网关,-1.0,17.71,3400,正常
2016/06/29 11:11:18,2d5432c14aa3cb3b734e080b157dc1b7d6ca05cb,1907957b72a56e4909d02c4ae136a2ce9f0eea09,持卡人消费,学士楼商务网关,-4.6,13.11,3401,正常
2016/06/29 11:11:33,2d5432c14aa3cb3b734e080b157dc1b7d6ca05cb,1907957b72a56e4909d02c4ae136a2ce9f0eea09,持卡人消费,学士楼商务网关,-1.0,12.11,3402,正常
2016/06/29 11:12:43,2d5432c14aa3cb3b734e080b157dc1b7d6ca05cb,1907957b72a56e4909d02c4ae136a2ce9f0eea09,持卡人消费,学士楼商务网关,-1.5,10.61,3403,正常
2016/06/30 11:41:14,2d5432c14aa3cb3b734e080b157dc1b7d6ca05cb,1907957b72a56e4909d02c4ae136a2ce9f0eea09,持卡人消费,学士楼商务网关,-1.4,9.21,3404,正常
2016/06/30 11:42:10,2d5432c14aa3cb3b734e080b157dc1b7d6ca05cb,1907957b72a56e4909d02c4ae136a2ce9f0eea09,持卡人消费,学士楼商务网关,-3.5,5.71,3405,正常
