交易发生时间,学号,姓名,交易类型,子系统名称,交易额,现有余额,次数,状态
2016/06/01 12:01:08,8f7f99c1e7893cea0f2a7b899ae76edaaf20051f,19d632c3b4c5d2bfd7ccc782fadff0aca77d6fb3,持卡人消费,学士楼商务网关,-12.0,185.36,3435,正常
2016/06/01 16:21:23,8f7f99c1e7893cea0f2a7b899ae76edaaf20051f,19d632c3b4c5d2bfd7ccc782fadff0aca77d6fb3,持卡人消费,15公寓浴池,-2.0,183.36,3436,正常
2016/06/01 18:15:39,8f7f99c1e7893cea0f2a7b899ae76edaaf20051f,19d632c3b4c5d2bfd7ccc782fadff0aca77d6fb3,持卡人消费,学士楼商务网关,-4.6,178.76,3437,正常
2016/06/01 18:17:02,8f7f99c1e7893cea0f2a7b899ae76edaaf20051f,19d632c3b4c5d2bfd7ccc782fadff0aca77d6fb3,持卡人消费,学士楼商务网关,-2.0,176.76,3438,正常
2016/06/02 12:17:08,8f7f99c1e7893cea0f2a7b899ae76edaaf20051f,19d632c3b4c5d2bfd7ccc782fadff0aca77d6fb3,持卡人消费,学苑楼商务网关,-12.0,164.76,3439,正常
2016/06/02 12:42:18,8f7f99c1e7893cea0f2a7b899ae76edaaf20051f,19d632c3b4c5d2bfd7ccc782fadff0aca77d6fb3,持卡人消费,学苑楼商务网关,-2.9,161.86,3440,正常
2016/06/02 18:06:09,8f7f99c1e7893cea0f2a7b899ae76edaaf20051f,19d632c3b4c5d2bfd7ccc782fadff0aca77d6fb3,持卡人消费,学士楼商务网关,-3.6,158.26,3441,正常
2016/06/02 18:07:04,8f7f99c1e7893cea0f2a7b899ae76edaaf20051f,19d632c3b4c5d2bfd7ccc782fadff0aca77d6fb3,持卡人消费,学士楼商务网关,-3.0,155.26,3442,正常
2016/06/03 12:17:07,8f7f99c1e7893cea0f2a7b899ae76edaaf20051f,19d632c3b4c5d2bfd7ccc782fadff0aca77d6fb3,持卡人消费,学士楼商务网关,-6.0,149.26,3443,正常
2016/06/03 12:19:31,8f7f99c1e7893cea0f2a7b899ae76edaaf20051f,19d632c3b4c5d2bfd7ccc782fadff0aca77d6fb3,持卡人消费,学士楼商务网关,-1.4,147.86,3444,正常
2016/06/03 18:04:22,8f7f99c1e7893cea0f2a7b899ae76edaaf20051f,19d632c3b4c5d2bfd7ccc782fadff0aca77d6fb3,持卡人消费,学士楼商务网关,-3.6,144.26,3445,正常
2016/06/03 18:05:34,8f7f99c1e7893cea0f2a7b899ae76edaaf20051f,19d632c3b4c5d2bfd7ccc782fadff0aca77d6fb3,持卡人消费,学士楼商务网关,-2.0,142.26,3446,正常
2016/06/04 18:20:42,8f7f99c1e7893cea0f2a7b899ae76edaaf20051f,19d632c3b4c5d2bfd7ccc782fadff0aca77d6fb3,持卡人消费,学士楼商务网关,-8.0,134.26,3447,正常
2016/06/05 12:39:10,8f7f99c1e7893cea0f2a7b899ae76edaaf20051f,19d632c3b4c5d2bfd7ccc782fadff0aca77d6fb3,持卡人消费,学苑楼商务网关,-8.8,125.46,3448,正常
2016/06/05 12:46:19,8f7f99c1e7893cea0f2a7b899ae76edaaf20051f,19d632c3b4c5d2bfd7ccc782fadff0aca77d6fb3,持卡人消费,学苑楼商务网关,-1.5,123.96,3449,正常
2016/06/05 13:28:18,8f7f99c1e7893cea0f2a7b899ae76edaaf20051f,19d632c3b4c5d2bfd7ccc782fadff0aca77d6fb3,持卡人消费,超市商务子系统,-3.8,120.16,3450,正常
2016/06/06 08:05:49,8f7f99c1e7893cea0f2a7b899ae76edaaf20051f,19d632c3b4c5d2bfd7ccc782fadff0aca77d6fb3,持卡人消费,学士楼商务网关,-2.7,117.46,3451,正常
2016/06/06 12:14:00,8f7f99c1e7893cea0f2a7b899ae76edaaf20051f,19d632c3b4c5d2bfd7ccc782fadff0aca77d6fb3,持卡人消费,学士楼商务网关,-7.0,110.46,3452,正常
2016/06/06 19:05:29,8f7f99c1e7893cea0f2a7b899ae76edaaf20051f,19d632c3b4c5d2bfd7ccc782fadff0aca77d6fb3,持卡人消费,硕果园（工大商店）,-13.0,97.46,3453,正常
2016/06/06 19:22:34,8f7f99c1e7893cea0f2a7b899ae76edaaf20051f,19d632c3b4c5d2bfd7ccc782fadff0aca77d6fb3,持卡人消费,硕果园（工大商店）,-4.0,93.46,3454,正常
2016/06/07 11:51:52,8f7f99c1e7893cea0f2a7b899ae76edaaf20051f,19d632c3b4c5d2bfd7ccc782fadff0aca77d6fb3,持卡人消费,学苑楼商务网关,-7.9,85.56,3455,正常
2016/06/08 12:01:00,8f7f99c1e7893cea0f2a7b899ae76edaaf20051f,19d632c3b4c5d2bfd7ccc782fadff0aca77d6fb3,持卡人消费,硕果园（工大商店）,-12.0,73.56,3456,正常
2016/06/08 12:10:14,8f7f99c1e7893cea0f2a7b899ae76edaaf20051f,19d632c3b4c5d2bfd7ccc782fadff0aca77d6fb3,持卡人消费,硕果园（工大商店）,-6.0,67.56,3457,正常
2016/06/08 17:59:57,8f7f99c1e7893cea0f2a7b899ae76edaaf20051f,19d632c3b4c5d2bfd7ccc782fadff0aca77d6fb3,持卡人消费,学士楼商务网关,-3.1,64.46,3458,正常
2016/06/08 18:01:36,8f7f99c1e7893cea0f2a7b899ae76edaaf20051f,19d632c3b4c5d2bfd7ccc782fadff0aca77d6fb3,持卡人消费,学士楼商务网关,-1.4,63.06,3459,正常
2016/06/08 19:16:51,8f7f99c1e7893cea0f2a7b899ae76edaaf20051f,19d632c3b4c5d2bfd7ccc782fadff0aca77d6fb3,持卡人消费,15公寓浴池,-2.0,61.06,3460,正常
2016/06/08 19:22:37,8f7f99c1e7893cea0f2a7b899ae76edaaf20051f,19d632c3b4c5d2bfd7ccc782fadff0aca77d6fb3,持卡人消费,15公寓浴池,-1.1,59.96,3462,正常
2016/06/09 11:50:23,8f7f99c1e7893cea0f2a7b899ae76edaaf20051f,19d632c3b4c5d2bfd7ccc782fadff0aca77d6fb3,持卡人消费,学士楼商务网关,-8.0,51.96,3463,正常
2016/06/09 11:50:59,8f7f99c1e7893cea0f2a7b899ae76edaaf20051f,19d632c3b4c5d2bfd7ccc782fadff0aca77d6fb3,持卡人消费,学士楼商务网关,-7.0,44.96,3464,正常
2016/06/09 11:52:12,8f7f99c1e7893cea0f2a7b899ae76edaaf20051f,19d632c3b4c5d2bfd7ccc782fadff0aca77d6fb3,持卡人消费,学士楼商务网关,-1.0,43.96,3465,正常
2016/06/09 17:53:28,8f7f99c1e7893cea0f2a7b899ae76edaaf20051f,19d632c3b4c5d2bfd7ccc782fadff0aca77d6fb3,持卡人消费,学士楼商务网关,-3.6,40.36,3466,正常
2016/06/09 17:54:25,8f7f99c1e7893cea0f2a7b899ae76edaaf20051f,19d632c3b4c5d2bfd7ccc782fadff0aca77d6fb3,持卡人消费,学士楼商务网关,-1.4,38.96,3467,正常
2016/06/10 12:12:58,8f7f99c1e7893cea0f2a7b899ae76edaaf20051f,19d632c3b4c5d2bfd7ccc782fadff0aca77d6fb3,持卡人消费,学士楼商务网关,-3.0,35.96,3468,正常
2016/06/10 12:14:17,8f7f99c1e7893cea0f2a7b899ae76edaaf20051f,19d632c3b4c5d2bfd7ccc782fadff0aca77d6fb3,持卡人消费,学士楼商务网关,-2.0,33.96,3469,正常
2016/06/10 12:14:58,8f7f99c1e7893cea0f2a7b899ae76edaaf20051f,19d632c3b4c5d2bfd7ccc782fadff0aca77d6fb3,持卡人消费,学士楼商务网关,-0.6,33.36,3470,正常
2016/06/10 17:16:01,8f7f99c1e7893cea0f2a7b899ae76edaaf20051f,19d632c3b4c5d2bfd7ccc782fadff0aca77d6fb3,持卡人消费,学苑楼商务网关,-12.0,21.36,3471,正常
2016/06/11 11:58:29,8f7f99c1e7893cea0f2a7b899ae76edaaf20051f,19d632c3b4c5d2bfd7ccc782fadff0aca77d6fb3,持卡人消费,学士楼商务网关,-3.6,17.76,3472,正常
2016/06/11 12:00:41,8f7f99c1e7893cea0f2a7b899ae76edaaf20051f,19d632c3b4c5d2bfd7ccc782fadff0aca77d6fb3,持卡人消费,学士楼商务网关,-2.0,15.76,3473,正常
2016/06/11 12:16:54,8f7f99c1e7893cea0f2a7b899ae76edaaf20051f,19d632c3b4c5d2bfd7ccc782fadff0aca77d6fb3,持卡人消费,超市商务子系统,-6.9,8.86,3474,正常
2016/06/11 18:15:34,8f7f99c1e7893cea0f2a7b899ae76edaaf20051f,19d632c3b4c5d2bfd7ccc782fadff0aca77d6fb3,持卡人消费,学士楼商务网关,-3.6,5.26,3475,正常
2016/06/11 18:16:52,8f7f99c1e7893cea0f2a7b899ae76edaaf20051f,19d632c3b4c5d2bfd7ccc782fadff0aca77d6fb3,持卡人消费,学士楼商务网关,-2.0,3.26,3476,正常
2016/06/12 12:08:21,8f7f99c1e7893cea0f2a7b899ae76edaaf20051f,19d632c3b4c5d2bfd7ccc782fadff0aca77d6fb3,存款,卡中心综合业务,200.0,203.26,3477,正常
2016/06/12 12:11:38,8f7f99c1e7893cea0f2a7b899ae76edaaf20051f,19d632c3b4c5d2bfd7ccc782fadff0aca77d6fb3,持卡人消费,学苑楼商务网关,-9.0,194.26,3478,正常
2016/06/12 18:12:37,8f7f99c1e7893cea0f2a7b899ae76edaaf20051f,19d632c3b4c5d2bfd7ccc782fadff0aca77d6fb3,持卡人消费,学苑楼商务网关,-8.0,186.26,3479,正常
2016/06/12 18:34:40,8f7f99c1e7893cea0f2a7b899ae76edaaf20051f,19d632c3b4c5d2bfd7ccc782fadff0aca77d6fb3,持卡人消费,超市商务子系统,-6.9,179.36,3480,正常
2016/06/13 12:30:04,8f7f99c1e7893cea0f2a7b899ae76edaaf20051f,19d632c3b4c5d2bfd7ccc782fadff0aca77d6fb3,持卡人消费,硕果园（工大商店）,-10.0,169.36,3481,正常
2016/06/14 12:10:29,8f7f99c1e7893cea0f2a7b899ae76edaaf20051f,19d632c3b4c5d2bfd7ccc782fadff0aca77d6fb3,持卡人消费,学士楼商务网关,-6.0,163.36,3482,正常
2016/06/14 18:12:38,8f7f99c1e7893cea0f2a7b899ae76edaaf20051f,19d632c3b4c5d2bfd7ccc782fadff0aca77d6fb3,持卡人消费,学士楼商务网关,-4.6,158.76,3483,正常
2016/06/14 18:14:11,8f7f99c1e7893cea0f2a7b899ae76edaaf20051f,19d632c3b4c5d2bfd7ccc782fadff0aca77d6fb3,持卡人消费,学士楼商务网关,-0.7,158.06,3484,正常
2016/06/15 11:52:59,8f7f99c1e7893cea0f2a7b899ae76edaaf20051f,19d632c3b4c5d2bfd7ccc782fadff0aca77d6fb3,持卡人消费,学苑楼商务网关,-8.0,150.06,3485,正常
2016/06/15 15:42:06,8f7f99c1e7893cea0f2a7b899ae76edaaf20051f,19d632c3b4c5d2bfd7ccc782fadff0aca77d6fb3,持卡人消费,超市商务子系统,-30.0,120.06,3486,正常
2016/06/15 17:33:28,8f7f99c1e7893cea0f2a7b899ae76edaaf20051f,19d632c3b4c5d2bfd7ccc782fadff0aca77d6fb3,持卡人消费,学士楼商务网关,-11.1,108.96,3487,正常
2016/06/16 11:53:55,8f7f99c1e7893cea0f2a7b899ae76edaaf20051f,19d632c3b4c5d2bfd7ccc782fadff0aca77d6fb3,持卡人消费,学苑楼商务网关,-5.0,103.96,3488,正常
2016/06/16 11:54:07,8f7f99c1e7893cea0f2a7b899ae76edaaf20051f,19d632c3b4c5d2bfd7ccc782fadff0aca77d6fb3,持卡人消费,学苑楼商务网关,-1.0,102.96,3489,正常
2016/06/16 11:55:39,8f7f99c1e7893cea0f2a7b899ae76edaaf20051f,19d632c3b4c5d2bfd7ccc782fadff0aca77d6fb3,持卡人消费,学苑楼商务网关,-1.5,101.46,3490,正常
2016/06/16 12:15:21,8f7f99c1e7893cea0f2a7b899ae76edaaf20051f,19d632c3b4c5d2bfd7ccc782fadff0aca77d6fb3,持卡人消费,超市商务子系统,-7.7,93.76,3491,正常
2016/06/16 18:09:13,8f7f99c1e7893cea0f2a7b899ae76edaaf20051f,19d632c3b4c5d2bfd7ccc782fadff0aca77d6fb3,持卡人消费,硕果园（工大商店）,-12.0,81.76,3492,正常
2016/06/16 19:50:21,8f7f99c1e7893cea0f2a7b899ae76edaaf20051f,19d632c3b4c5d2bfd7ccc782fadff0aca77d6fb3,持卡人消费,一校区水控新,-0.03,81.73,3494,正常
2016/06/16 20:00:52,8f7f99c1e7893cea0f2a7b899ae76edaaf20051f,19d632c3b4c5d2bfd7ccc782fadff0aca77d6fb3,持卡人消费,一校区水控新,-2.0,79.73,3495,正常
2016/06/16 20:01:23,8f7f99c1e7893cea0f2a7b899ae76edaaf20051f,19d632c3b4c5d2bfd7ccc782fadff0aca77d6fb3,持卡人消费,一校区水控新,-0.06,79.67,3496,正常
2016/06/17 12:10:27,8f7f99c1e7893cea0f2a7b899ae76edaaf20051f,19d632c3b4c5d2bfd7ccc782fadff0aca77d6fb3,持卡人消费,学苑楼商务网关,-8.8,70.87,3497,正常
2016/06/17 17:52:31,8f7f99c1e7893cea0f2a7b899ae76edaaf20051f,19d632c3b4c5d2bfd7ccc782fadff0aca77d6fb3,持卡人消费,学士楼商务网关,-8.0,62.87,3498,正常
2016/06/18 12:14:46,8f7f99c1e7893cea0f2a7b899ae76edaaf20051f,19d632c3b4c5d2bfd7ccc782fadff0aca77d6fb3,持卡人消费,学士楼商务网关,-3.1,59.77,3499,正常
2016/06/18 12:16:03,8f7f99c1e7893cea0f2a7b899ae76edaaf20051f,19d632c3b4c5d2bfd7ccc782fadff0aca77d6fb3,持卡人消费,学士楼商务网关,-3.0,56.77,3500,正常
2016/06/18 17:34:14,8f7f99c1e7893cea0f2a7b899ae76edaaf20051f,19d632c3b4c5d2bfd7ccc782fadff0aca77d6fb3,持卡人消费,学士楼商务网关,-3.6,53.17,3501,正常
2016/06/18 17:35:27,8f7f99c1e7893cea0f2a7b899ae76edaaf20051f,19d632c3b4c5d2bfd7ccc782fadff0aca77d6fb3,持卡人消费,学士楼商务网关,-3.0,50.17,3502,正常
2016/06/19 12:11:11,8f7f99c1e7893cea0f2a7b899ae76edaaf20051f,19d632c3b4c5d2bfd7ccc782fadff0aca77d6fb3,持卡人消费,学士楼商务网关,-6.06,44.11,3503,正常
2016/06/19 18:09:48,8f7f99c1e7893cea0f2a7b899ae76edaaf20051f,19d632c3b4c5d2bfd7ccc782fadff0aca77d6fb3,持卡人消费,学士楼商务网关,-3.6,40.51,3504,正常
2016/06/19 18:10:48,8f7f99c1e7893cea0f2a7b899ae76edaaf20051f,19d632c3b4c5d2bfd7ccc782fadff0aca77d6fb3,持卡人消费,学士楼商务网关,-1.4,39.11,3505,正常
2016/06/20 12:23:18,8f7f99c1e7893cea0f2a7b899ae76edaaf20051f,19d632c3b4c5d2bfd7ccc782fadff0aca77d6fb3,持卡人消费,学苑楼商务网关,-12.0,27.11,3506,正常
2016/06/20 12:44:09,8f7f99c1e7893cea0f2a7b899ae76edaaf20051f,19d632c3b4c5d2bfd7ccc782fadff0aca77d6fb3,持卡人消费,超市商务子系统,-7.8,19.31,3507,正常
2016/06/20 18:14:57,8f7f99c1e7893cea0f2a7b899ae76edaaf20051f,19d632c3b4c5d2bfd7ccc782fadff0aca77d6fb3,持卡人消费,学子楼商务网关,-10.2,9.11,3508,正常
2016/06/20 20:27:26,8f7f99c1e7893cea0f2a7b899ae76edaaf20051f,19d632c3b4c5d2bfd7ccc782fadff0aca77d6fb3,持卡人消费,15公寓浴池,-2.0,7.11,3509,正常
2016/06/21 12:19:41,8f7f99c1e7893cea0f2a7b899ae76edaaf20051f,19d632c3b4c5d2bfd7ccc782fadff0aca77d6fb3,持卡人消费,学士楼商务网关,-7.0,0.11,3510,正常
2016/06/22 08:04:52,8f7f99c1e7893cea0f2a7b899ae76edaaf20051f,19d632c3b4c5d2bfd7ccc782fadff0aca77d6fb3,存款,现金充值机,100.0,100.11,3511,正常
2016/06/22 08:27:17,8f7f99c1e7893cea0f2a7b899ae76edaaf20051f,19d632c3b4c5d2bfd7ccc782fadff0aca77d6fb3,持卡人消费,学苑楼商务网关,-2.0,98.11,3512,正常
2016/06/22 12:18:37,8f7f99c1e7893cea0f2a7b899ae76edaaf20051f,19d632c3b4c5d2bfd7ccc782fadff0aca77d6fb3,持卡人消费,学苑楼商务网关,-7.0,91.11,3513,正常
2016/06/22 12:45:12,8f7f99c1e7893cea0f2a7b899ae76edaaf20051f,19d632c3b4c5d2bfd7ccc782fadff0aca77d6fb3,持卡人消费,学苑楼商务网关,-3.0,88.11,3514,正常
2016/06/22 17:48:18,8f7f99c1e7893cea0f2a7b899ae76edaaf20051f,19d632c3b4c5d2bfd7ccc782fadff0aca77d6fb3,持卡人消费,学士楼商务网关,-3.6,84.51,3515,正常
2016/06/22 17:49:18,8f7f99c1e7893cea0f2a7b899ae76edaaf20051f,19d632c3b4c5d2bfd7ccc782fadff0aca77d6fb3,持卡人消费,学士楼商务网关,-3.0,81.51,3516,正常
2016/06/23 17:50:35,8f7f99c1e7893cea0f2a7b899ae76edaaf20051f,19d632c3b4c5d2bfd7ccc782fadff0aca77d6fb3,持卡人消费,学苑楼商务网关,-8.0,73.51,3517,正常
2016/06/23 18:09:28,8f7f99c1e7893cea0f2a7b899ae76edaaf20051f,19d632c3b4c5d2bfd7ccc782fadff0aca77d6fb3,持卡人消费,学苑楼商务网关,-2.1,71.41,3518,正常
2016/06/24 12:06:02,8f7f99c1e7893cea0f2a7b899ae76edaaf20051f,19d632c3b4c5d2bfd7ccc782fadff0aca77d6fb3,持卡人消费,学士楼商务网关,-3.0,68.41,3519,正常
2016/06/24 12:06:42,8f7f99c1e7893cea0f2a7b899ae76edaaf20051f,19d632c3b4c5d2bfd7ccc782fadff0aca77d6fb3,持卡人消费,学士楼商务网关,-4.0,64.41,3520,正常
2016/06/24 12:07:44,8f7f99c1e7893cea0f2a7b899ae76edaaf20051f,19d632c3b4c5d2bfd7ccc782fadff0aca77d6fb3,持卡人消费,学士楼商务网关,-2.9,61.51,3521,正常
2016/06/24 17:27:18,8f7f99c1e7893cea0f2a7b899ae76edaaf20051f,19d632c3b4c5d2bfd7ccc782fadff0aca77d6fb3,持卡人消费,学士楼商务网关,-6.8,54.71,3522,正常
2016/06/25 12:16:05,8f7f99c1e7893cea0f2a7b899ae76edaaf20051f,19d632c3b4c5d2bfd7ccc782fadff0aca77d6fb3,持卡人消费,学苑楼商务网关,-8.0,46.71,3523,正常
2016/06/25 12:18:01,8f7f99c1e7893cea0f2a7b899ae76edaaf20051f,19d632c3b4c5d2bfd7ccc782fadff0aca77d6fb3,持卡人消费,学苑楼商务网关,-1.5,45.21,3524,正常
2016/06/25 12:39:05,8f7f99c1e7893cea0f2a7b899ae76edaaf20051f,19d632c3b4c5d2bfd7ccc782fadff0aca77d6fb3,持卡人消费,超市商务子系统,-2.5,42.71,3525,正常
2016/06/25 17:12:23,8f7f99c1e7893cea0f2a7b899ae76edaaf20051f,19d632c3b4c5d2bfd7ccc782fadff0aca77d6fb3,存款,现金充值机,20.0,62.71,3526,正常
2016/06/25 17:35:58,8f7f99c1e7893cea0f2a7b899ae76edaaf20051f,19d632c3b4c5d2bfd7ccc782fadff0aca77d6fb3,持卡人消费,学苑楼商务网关,-9.0,53.71,3527,正常
2016/06/25 17:41:16,8f7f99c1e7893cea0f2a7b899ae76edaaf20051f,19d632c3b4c5d2bfd7ccc782fadff0aca77d6fb3,持卡人消费,学苑楼商务网关,-1.0,52.71,3528,正常
2016/06/26 12:16:53,8f7f99c1e7893cea0f2a7b899ae76edaaf20051f,19d632c3b4c5d2bfd7ccc782fadff0aca77d6fb3,持卡人消费,学士楼商务网关,-5.9,46.81,3529,正常
2016/06/26 13:36:14,8f7f99c1e7893cea0f2a7b899ae76edaaf20051f,19d632c3b4c5d2bfd7ccc782fadff0aca77d6fb3,持卡人消费,15公寓浴池,-2.0,44.81,3530,正常
2016/06/26 17:57:23,8f7f99c1e7893cea0f2a7b899ae76edaaf20051f,19d632c3b4c5d2bfd7ccc782fadff0aca77d6fb3,持卡人消费,学士楼商务网关,-6.0,38.81,3531,正常
2016/06/26 17:58:48,8f7f99c1e7893cea0f2a7b899ae76edaaf20051f,19d632c3b4c5d2bfd7ccc782fadff0aca77d6fb3,持卡人消费,学士楼商务网关,-1.0,37.81,3532,正常
2016/06/27 07:51:00,8f7f99c1e7893cea0f2a7b899ae76edaaf20051f,19d632c3b4c5d2bfd7ccc782fadff0aca77d6fb3,持卡人消费,学士楼商务网关,-2.5,35.31,3533,正常
2016/06/27 11:52:10,8f7f99c1e7893cea0f2a7b899ae76edaaf20051f,19d632c3b4c5d2bfd7ccc782fadff0aca77d6fb3,持卡人消费,学苑楼商务网关,-6.0,29.31,3534,正常
2016/06/27 18:15:10,8f7f99c1e7893cea0f2a7b899ae76edaaf20051f,19d632c3b4c5d2bfd7ccc782fadff0aca77d6fb3,持卡人消费,学苑楼商务网关,-6.0,23.31,3535,正常
2016/06/28 07:43:34,8f7f99c1e7893cea0f2a7b899ae76edaaf20051f,19d632c3b4c5d2bfd7ccc782fadff0aca77d6fb3,持卡人消费,学士楼商务网关,-3.6,19.71,3536,正常
2016/06/28 07:43:59,8f7f99c1e7893cea0f2a7b899ae76edaaf20051f,19d632c3b4c5d2bfd7ccc782fadff0aca77d6fb3,持卡人消费,学士楼商务网关,-3.2,16.51,3537,正常
2016/06/28 11:29:35,8f7f99c1e7893cea0f2a7b899ae76edaaf20051f,19d632c3b4c5d2bfd7ccc782fadff0aca77d6fb3,持卡人消费,学苑楼商务网关,-1.5,15.01,3538,正常
2016/06/28 11:30:01,8f7f99c1e7893cea0f2a7b899ae76edaaf20051f,19d632c3b4c5d2bfd7ccc782fadff0aca77d6fb3,持卡人消费,学苑楼商务网关,-1.5,13.51,3539,正常
2016/06/28 11:30:02,8f7f99c1e7893cea0f2a7b899ae76edaaf20051f,19d632c3b4c5d2bfd7ccc782fadff0aca77d6fb3,持卡人消费,学苑楼商务网关,-1.5,12.01,3540,正常
2016/06/28 11:31:40,8f7f99c1e7893cea0f2a7b899ae76edaaf20051f,19d632c3b4c5d2bfd7ccc782fadff0aca77d6fb3,持卡人消费,学苑楼商务网关,-3.5,8.51,3541,正常
2016/06/29 11:59:39,8f7f99c1e7893cea0f2a7b899ae76edaaf20051f,19d632c3b4c5d2bfd7ccc782fadff0aca77d6fb3,存款,现金充值机,100.0,108.51,3542,正常
2016/06/29 12:25:29,8f7f99c1e7893cea0f2a7b899ae76edaaf20051f,19d632c3b4c5d2bfd7ccc782fadff0aca77d6fb3,持卡人消费,学苑楼商务网关,-8.0,100.51,3543,正常
2016/06/29 17:44:21,8f7f99c1e7893cea0f2a7b899ae76edaaf20051f,19d632c3b4c5d2bfd7ccc782fadff0aca77d6fb3,持卡人消费,学苑楼商务网关,-2.0,98.51,3544,正常
2016/06/29 17:46:02,8f7f99c1e7893cea0f2a7b899ae76edaaf20051f,19d632c3b4c5d2bfd7ccc782fadff0aca77d6fb3,持卡人消费,学苑楼商务网关,-3.1,95.41,3545,正常
2016/06/29 17:49:15,8f7f99c1e7893cea0f2a7b899ae76edaaf20051f,19d632c3b4c5d2bfd7ccc782fadff0aca77d6fb3,持卡人消费,学苑楼商务网关,-0.8,94.61,3546,正常
2016/06/30 12:09:48,8f7f99c1e7893cea0f2a7b899ae76edaaf20051f,19d632c3b4c5d2bfd7ccc782fadff0aca77d6fb3,持卡人消费,学士楼商务网关,-5.0,89.61,3547,正常
2016/06/30 12:14:34,8f7f99c1e7893cea0f2a7b899ae76edaaf20051f,19d632c3b4c5d2bfd7ccc782fadff0aca77d6fb3,持卡人消费,学士楼商务网关,-6.0,83.61,3548,正常
