交易发生时间,学号,姓名,交易类型,子系统名称,交易额,现有余额,次数,状态
2016/06/01 16:40:49,3eacebdeaa1b2f0f9e99907429fc2d455c0ff6c7,19f0e1eb8f37073e1a9be46849fd95b63ee35212,持卡人消费,超市商务子系统,-1.2,188.04,2566,正常
2016/06/02 17:20:33,3eacebdeaa1b2f0f9e99907429fc2d455c0ff6c7,19f0e1eb8f37073e1a9be46849fd95b63ee35212,持卡人消费,硕果园（工大商店）,-12.0,176.04,2567,正常
2016/06/03 13:07:06,3eacebdeaa1b2f0f9e99907429fc2d455c0ff6c7,19f0e1eb8f37073e1a9be46849fd95b63ee35212,持卡人消费,一校区水控新,-0.27,175.77,2569,正常
2016/06/03 13:17:34,3eacebdeaa1b2f0f9e99907429fc2d455c0ff6c7,19f0e1eb8f37073e1a9be46849fd95b63ee35212,持卡人消费,一校区水控新,-2.0,173.77,2570,正常
2016/06/05 12:00:14,3eacebdeaa1b2f0f9e99907429fc2d455c0ff6c7,19f0e1eb8f37073e1a9be46849fd95b63ee35212,持卡人消费,硕果园（工大商店）,-12.0,161.77,2571,正常
2016/06/05 12:01:24,3eacebdeaa1b2f0f9e99907429fc2d455c0ff6c7,19f0e1eb8f37073e1a9be46849fd95b63ee35212,持卡人消费,硕果园（工大商店）,-3.0,158.77,2572,正常
2016/06/05 12:02:30,3eacebdeaa1b2f0f9e99907429fc2d455c0ff6c7,19f0e1eb8f37073e1a9be46849fd95b63ee35212,持卡人消费,硕果园（工大商店）,-14.0,144.77,2573,正常
2016/06/06 07:52:44,3eacebdeaa1b2f0f9e99907429fc2d455c0ff6c7,19f0e1eb8f37073e1a9be46849fd95b63ee35212,持卡人消费,学士楼商务网关,-6.5,138.27,2574,正常
2016/06/06 07:52:55,3eacebdeaa1b2f0f9e99907429fc2d455c0ff6c7,19f0e1eb8f37073e1a9be46849fd95b63ee35212,持卡人消费,学士楼商务网关,-3.3,134.97,2575,正常
2016/06/06 07:53:26,3eacebdeaa1b2f0f9e99907429fc2d455c0ff6c7,19f0e1eb8f37073e1a9be46849fd95b63ee35212,持卡人消费,学士楼商务网关,-2.0,132.97,2576,正常
2016/06/06 07:55:13,3eacebdeaa1b2f0f9e99907429fc2d455c0ff6c7,19f0e1eb8f37073e1a9be46849fd95b63ee35212,持卡人消费,学士楼商务网关,-1.0,131.97,2577,正常
2016/06/06 11:17:33,3eacebdeaa1b2f0f9e99907429fc2d455c0ff6c7,19f0e1eb8f37073e1a9be46849fd95b63ee35212,持卡人消费,硕果园（工大商店）,-9.0,122.97,2578,正常
2016/06/07 12:14:35,3eacebdeaa1b2f0f9e99907429fc2d455c0ff6c7,19f0e1eb8f37073e1a9be46849fd95b63ee35212,持卡人消费,一校区水控新,-1.71,121.26,2580,正常
2016/06/07 16:54:17,3eacebdeaa1b2f0f9e99907429fc2d455c0ff6c7,19f0e1eb8f37073e1a9be46849fd95b63ee35212,持卡人消费,学士楼商务网关,-8.0,113.26,2581,正常
2016/06/07 16:57:55,3eacebdeaa1b2f0f9e99907429fc2d455c0ff6c7,19f0e1eb8f37073e1a9be46849fd95b63ee35212,持卡人消费,学士楼商务网关,-9.5,103.76,2582,正常
2016/06/07 16:58:15,3eacebdeaa1b2f0f9e99907429fc2d455c0ff6c7,19f0e1eb8f37073e1a9be46849fd95b63ee35212,持卡人消费,学士楼商务网关,-4.5,99.26,2583,正常
2016/06/07 16:59:25,3eacebdeaa1b2f0f9e99907429fc2d455c0ff6c7,19f0e1eb8f37073e1a9be46849fd95b63ee35212,持卡人消费,学士楼商务网关,-0.6,98.66,2584,正常
2016/06/08 16:40:38,3eacebdeaa1b2f0f9e99907429fc2d455c0ff6c7,19f0e1eb8f37073e1a9be46849fd95b63ee35212,持卡人消费,一校区水控新,-2.0,96.66,2585,正常
2016/06/08 16:42:25,3eacebdeaa1b2f0f9e99907429fc2d455c0ff6c7,19f0e1eb8f37073e1a9be46849fd95b63ee35212,持卡人消费,一校区水控新,-0.32,96.34,2587,正常
2016/06/11 11:34:57,3eacebdeaa1b2f0f9e99907429fc2d455c0ff6c7,19f0e1eb8f37073e1a9be46849fd95b63ee35212,持卡人消费,学士楼商务网关,-13.2,83.14,2588,正常
2016/06/11 11:37:27,3eacebdeaa1b2f0f9e99907429fc2d455c0ff6c7,19f0e1eb8f37073e1a9be46849fd95b63ee35212,持卡人消费,学士楼商务网关,-5.4,77.74,2589,正常
2016/06/11 15:43:19,3eacebdeaa1b2f0f9e99907429fc2d455c0ff6c7,19f0e1eb8f37073e1a9be46849fd95b63ee35212,持卡人消费,学子便利店A01后楼,-25.4,52.34,2590,正常
2016/06/12 15:55:12,3eacebdeaa1b2f0f9e99907429fc2d455c0ff6c7,19f0e1eb8f37073e1a9be46849fd95b63ee35212,持卡人消费,一校区水控新,-2.0,50.34,2591,正常
2016/06/13 11:56:30,3eacebdeaa1b2f0f9e99907429fc2d455c0ff6c7,19f0e1eb8f37073e1a9be46849fd95b63ee35212,持卡人消费,学士楼商务网关,-17.4,32.94,2592,正常
2016/06/13 11:58:15,3eacebdeaa1b2f0f9e99907429fc2d455c0ff6c7,19f0e1eb8f37073e1a9be46849fd95b63ee35212,持卡人消费,学士楼商务网关,-6.9,26.04,2593,正常
2016/06/14 17:21:38,3eacebdeaa1b2f0f9e99907429fc2d455c0ff6c7,19f0e1eb8f37073e1a9be46849fd95b63ee35212,持卡人消费,学士楼商务网关,-13.8,12.24,2594,正常
2016/06/14 17:22:26,3eacebdeaa1b2f0f9e99907429fc2d455c0ff6c7,19f0e1eb8f37073e1a9be46849fd95b63ee35212,持卡人消费,学士楼商务网关,-7.0,5.24,2595,正常
2016/06/15 13:04:48,3eacebdeaa1b2f0f9e99907429fc2d455c0ff6c7,19f0e1eb8f37073e1a9be46849fd95b63ee35212,存款,现金充值机,200.0,205.24,2596,正常
2016/06/15 16:51:15,3eacebdeaa1b2f0f9e99907429fc2d455c0ff6c7,19f0e1eb8f37073e1a9be46849fd95b63ee35212,持卡人消费,学士楼商务网关,-14.4,190.84,2597,正常
2016/06/15 16:51:25,3eacebdeaa1b2f0f9e99907429fc2d455c0ff6c7,19f0e1eb8f37073e1a9be46849fd95b63ee35212,持卡人消费,学士楼商务网关,-12.54,178.30,2598,正常
2016/06/15 16:53:10,3eacebdeaa1b2f0f9e99907429fc2d455c0ff6c7,19f0e1eb8f37073e1a9be46849fd95b63ee35212,持卡人消费,学士楼商务网关,-4.5,173.80,2599,正常
2016/06/15 21:02:58,3eacebdeaa1b2f0f9e99907429fc2d455c0ff6c7,19f0e1eb8f37073e1a9be46849fd95b63ee35212,持卡人消费,学子便利店A01后楼,-8.9,164.90,2600,正常
2016/06/16 13:56:40,3eacebdeaa1b2f0f9e99907429fc2d455c0ff6c7,19f0e1eb8f37073e1a9be46849fd95b63ee35212,持卡人消费,一校区水控新,-2.0,162.90,2601,正常
2016/06/16 13:57:31,3eacebdeaa1b2f0f9e99907429fc2d455c0ff6c7,19f0e1eb8f37073e1a9be46849fd95b63ee35212,持卡人消费,一校区水控新,-0.14,162.76,2603,正常
2016/06/16 17:03:27,3eacebdeaa1b2f0f9e99907429fc2d455c0ff6c7,19f0e1eb8f37073e1a9be46849fd95b63ee35212,持卡人消费,学士楼商务网关,-9.1,153.66,2604,正常
2016/06/19 12:53:46,3eacebdeaa1b2f0f9e99907429fc2d455c0ff6c7,19f0e1eb8f37073e1a9be46849fd95b63ee35212,持卡人消费,学士楼商务网关,-1.5,152.16,2605,正常
2016/06/20 18:37:09,3eacebdeaa1b2f0f9e99907429fc2d455c0ff6c7,19f0e1eb8f37073e1a9be46849fd95b63ee35212,持卡人消费,硕果园（工大商店）,-20.3,131.86,2606,正常
2016/06/21 17:01:10,3eacebdeaa1b2f0f9e99907429fc2d455c0ff6c7,19f0e1eb8f37073e1a9be46849fd95b63ee35212,持卡人消费,学子楼商务网关,-12.0,119.86,2607,正常
2016/06/21 17:01:54,3eacebdeaa1b2f0f9e99907429fc2d455c0ff6c7,19f0e1eb8f37073e1a9be46849fd95b63ee35212,持卡人消费,学子楼商务网关,-12.0,107.86,2608,正常
2016/06/21 17:03:16,3eacebdeaa1b2f0f9e99907429fc2d455c0ff6c7,19f0e1eb8f37073e1a9be46849fd95b63ee35212,持卡人消费,学子楼商务网关,-4.0,103.86,2609,正常
2016/06/22 13:31:36,3eacebdeaa1b2f0f9e99907429fc2d455c0ff6c7,19f0e1eb8f37073e1a9be46849fd95b63ee35212,持卡人消费,一校区水控新,-0.16,103.70,2611,正常
2016/06/22 13:40:54,3eacebdeaa1b2f0f9e99907429fc2d455c0ff6c7,19f0e1eb8f37073e1a9be46849fd95b63ee35212,持卡人消费,一校区水控新,-1.76,101.94,2613,正常
2016/06/23 08:33:23,3eacebdeaa1b2f0f9e99907429fc2d455c0ff6c7,19f0e1eb8f37073e1a9be46849fd95b63ee35212,持卡人消费,学士楼商务网关,-9.2,92.74,2614,正常
2016/06/23 08:34:35,3eacebdeaa1b2f0f9e99907429fc2d455c0ff6c7,19f0e1eb8f37073e1a9be46849fd95b63ee35212,持卡人消费,学士楼商务网关,-10.0,82.74,2615,正常
2016/06/23 10:01:14,3eacebdeaa1b2f0f9e99907429fc2d455c0ff6c7,19f0e1eb8f37073e1a9be46849fd95b63ee35212,持卡人消费,学子便利店A01后楼,-2.5,80.24,2616,正常
2016/06/23 12:06:15,3eacebdeaa1b2f0f9e99907429fc2d455c0ff6c7,19f0e1eb8f37073e1a9be46849fd95b63ee35212,持卡人消费,硕果园（工大商店）,-16.0,64.24,2617,正常
2016/06/23 20:37:07,3eacebdeaa1b2f0f9e99907429fc2d455c0ff6c7,19f0e1eb8f37073e1a9be46849fd95b63ee35212,持卡人消费,一校区水控新,-0.59,63.65,2618,正常
2016/06/23 20:41:10,3eacebdeaa1b2f0f9e99907429fc2d455c0ff6c7,19f0e1eb8f37073e1a9be46849fd95b63ee35212,持卡人消费,一校区水控新,-0.5,63.15,2620,正常
2016/06/24 14:24:19,3eacebdeaa1b2f0f9e99907429fc2d455c0ff6c7,19f0e1eb8f37073e1a9be46849fd95b63ee35212,持卡人消费,硕果园（工大商店）,-7.0,56.15,2621,正常
2016/06/24 14:26:12,3eacebdeaa1b2f0f9e99907429fc2d455c0ff6c7,19f0e1eb8f37073e1a9be46849fd95b63ee35212,持卡人消费,硕果园（工大商店）,-13.5,42.65,2622,正常
2016/06/24 18:03:08,3eacebdeaa1b2f0f9e99907429fc2d455c0ff6c7,19f0e1eb8f37073e1a9be46849fd95b63ee35212,持卡人消费,硕果园（工大商店）,-12.0,30.65,2623,正常
2016/06/27 13:15:43,3eacebdeaa1b2f0f9e99907429fc2d455c0ff6c7,19f0e1eb8f37073e1a9be46849fd95b63ee35212,持卡人消费,一校区水控新,-2.0,28.65,2624,正常
2016/06/27 13:17:32,3eacebdeaa1b2f0f9e99907429fc2d455c0ff6c7,19f0e1eb8f37073e1a9be46849fd95b63ee35212,持卡人消费,一校区水控新,-0.34,28.31,2626,正常
2016/06/27 20:11:47,3eacebdeaa1b2f0f9e99907429fc2d455c0ff6c7,19f0e1eb8f37073e1a9be46849fd95b63ee35212,持卡人消费,硕果园（工大商店）,-7.0,21.31,2627,正常
2016/06/27 20:12:29,3eacebdeaa1b2f0f9e99907429fc2d455c0ff6c7,19f0e1eb8f37073e1a9be46849fd95b63ee35212,持卡人消费,硕果园（工大商店）,-7.0,14.31,2628,正常
2016/06/28 07:41:12,3eacebdeaa1b2f0f9e99907429fc2d455c0ff6c7,19f0e1eb8f37073e1a9be46849fd95b63ee35212,持卡人消费,学士楼商务网关,-6.5,7.81,2629,正常
