交易发生时间,学号,姓名,交易类型,子系统名称,交易额,现有余额,次数,状态
2016/06/02 07:48:42,c0c54d2390821b5fb5d8d5dcc920a43cfaabf3ab,1b673afcd5ec4035e5760b5a45c34ef033eabacf,持卡人消费,四食堂商务网关,-1.0,73.93,5014,正常
2016/06/02 08:11:20,c0c54d2390821b5fb5d8d5dcc920a43cfaabf3ab,1b673afcd5ec4035e5760b5a45c34ef033eabacf,持卡人消费,学子便利店B03,-6.0,67.93,5015,正常
2016/06/02 11:37:10,c0c54d2390821b5fb5d8d5dcc920a43cfaabf3ab,1b673afcd5ec4035e5760b5a45c34ef033eabacf,持卡人消费,九食堂商务网关,-7.0,60.93,5016,正常
2016/06/02 12:10:30,c0c54d2390821b5fb5d8d5dcc920a43cfaabf3ab,1b673afcd5ec4035e5760b5a45c34ef033eabacf,持卡人消费,二区水控,-0.3,60.63,5018,正常
2016/06/02 12:15:35,c0c54d2390821b5fb5d8d5dcc920a43cfaabf3ab,1b673afcd5ec4035e5760b5a45c34ef033eabacf,持卡人消费,二区水控,-0.51,60.12,5020,正常
2016/06/02 12:18:05,c0c54d2390821b5fb5d8d5dcc920a43cfaabf3ab,1b673afcd5ec4035e5760b5a45c34ef033eabacf,持卡人消费,二区水控,-0.22,59.90,5022,正常
2016/06/02 12:25:08,c0c54d2390821b5fb5d8d5dcc920a43cfaabf3ab,1b673afcd5ec4035e5760b5a45c34ef033eabacf,持卡人消费,二区水控,-0.98,58.92,5024,正常
2016/06/02 17:08:56,c0c54d2390821b5fb5d8d5dcc920a43cfaabf3ab,1b673afcd5ec4035e5760b5a45c34ef033eabacf,持卡人消费,学子便利店B03,-9.3,49.62,5025,正常
2016/06/03 17:05:11,c0c54d2390821b5fb5d8d5dcc920a43cfaabf3ab,1b673afcd5ec4035e5760b5a45c34ef033eabacf,持卡人消费,学子便利店B03,-4.0,45.62,5026,正常
2016/06/03 17:56:45,c0c54d2390821b5fb5d8d5dcc920a43cfaabf3ab,1b673afcd5ec4035e5760b5a45c34ef033eabacf,持卡人消费,学子便利店B03,-7.5,38.12,5027,正常
2016/06/04 08:35:26,c0c54d2390821b5fb5d8d5dcc920a43cfaabf3ab,1b673afcd5ec4035e5760b5a45c34ef033eabacf,持卡人消费,学子便利店B03,-7.5,30.62,5028,正常
2016/06/04 11:30:05,c0c54d2390821b5fb5d8d5dcc920a43cfaabf3ab,1b673afcd5ec4035e5760b5a45c34ef033eabacf,持卡人消费,学子便利店B03,-1.0,29.62,5029,正常
2016/06/04 21:29:35,c0c54d2390821b5fb5d8d5dcc920a43cfaabf3ab,1b673afcd5ec4035e5760b5a45c34ef033eabacf,持卡人消费,学子便利店B03,-7.0,22.62,5030,正常
2016/06/05 11:30:36,c0c54d2390821b5fb5d8d5dcc920a43cfaabf3ab,1b673afcd5ec4035e5760b5a45c34ef033eabacf,持卡人消费,四食堂商务网关,-10.0,12.62,5031,正常
2016/06/05 12:22:57,c0c54d2390821b5fb5d8d5dcc920a43cfaabf3ab,1b673afcd5ec4035e5760b5a45c34ef033eabacf,持卡人消费,学子便利店B03,-2.0,10.62,5032,正常
2016/06/05 12:23:19,c0c54d2390821b5fb5d8d5dcc920a43cfaabf3ab,1b673afcd5ec4035e5760b5a45c34ef033eabacf,持卡人消费,学子便利店B03,-4.6,6.02,5033,正常
2016/06/05 17:50:01,c0c54d2390821b5fb5d8d5dcc920a43cfaabf3ab,1b673afcd5ec4035e5760b5a45c34ef033eabacf,存款,现金充值机,50.0,56.02,5034,正常
2016/06/05 19:06:16,c0c54d2390821b5fb5d8d5dcc920a43cfaabf3ab,1b673afcd5ec4035e5760b5a45c34ef033eabacf,持卡人消费,二区水控,-0.32,55.70,5036,正常
2016/06/05 19:11:55,c0c54d2390821b5fb5d8d5dcc920a43cfaabf3ab,1b673afcd5ec4035e5760b5a45c34ef033eabacf,持卡人消费,二区水控,-0.62,55.08,5038,正常
2016/06/05 19:14:30,c0c54d2390821b5fb5d8d5dcc920a43cfaabf3ab,1b673afcd5ec4035e5760b5a45c34ef033eabacf,持卡人消费,二区水控,-0.24,54.84,5040,正常
2016/06/05 19:21:10,c0c54d2390821b5fb5d8d5dcc920a43cfaabf3ab,1b673afcd5ec4035e5760b5a45c34ef033eabacf,持卡人消费,二区水控,-0.88,53.96,5042,正常
2016/06/05 19:50:26,c0c54d2390821b5fb5d8d5dcc920a43cfaabf3ab,1b673afcd5ec4035e5760b5a45c34ef033eabacf,持卡人消费,学子便利店B03,-14.3,39.66,5043,正常
2016/06/06 11:23:54,c0c54d2390821b5fb5d8d5dcc920a43cfaabf3ab,1b673afcd5ec4035e5760b5a45c34ef033eabacf,持卡人消费,四食堂商务网关,-8.0,31.66,5044,正常
2016/06/06 11:26:43,c0c54d2390821b5fb5d8d5dcc920a43cfaabf3ab,1b673afcd5ec4035e5760b5a45c34ef033eabacf,持卡人消费,四食堂商务网关,-2.0,29.66,5045,正常
2016/06/06 22:20:44,c0c54d2390821b5fb5d8d5dcc920a43cfaabf3ab,1b673afcd5ec4035e5760b5a45c34ef033eabacf,持卡人消费,学子便利店B03,-5.0,24.66,5046,正常
2016/06/07 11:26:13,c0c54d2390821b5fb5d8d5dcc920a43cfaabf3ab,1b673afcd5ec4035e5760b5a45c34ef033eabacf,持卡人消费,四食堂商务网关,-8.0,16.66,5047,正常
2016/06/07 11:27:50,c0c54d2390821b5fb5d8d5dcc920a43cfaabf3ab,1b673afcd5ec4035e5760b5a45c34ef033eabacf,持卡人消费,四食堂商务网关,-1.0,15.66,5048,正常
2016/06/07 11:48:45,c0c54d2390821b5fb5d8d5dcc920a43cfaabf3ab,1b673afcd5ec4035e5760b5a45c34ef033eabacf,持卡人消费,学子便利店B03,-2.0,13.66,5049,正常
2016/06/07 18:12:29,c0c54d2390821b5fb5d8d5dcc920a43cfaabf3ab,1b673afcd5ec4035e5760b5a45c34ef033eabacf,持卡人消费,学子便利店B03,-7.0,6.66,5050,正常
2016/06/08 19:42:10,c0c54d2390821b5fb5d8d5dcc920a43cfaabf3ab,1b673afcd5ec4035e5760b5a45c34ef033eabacf,持卡人消费,二区水控,-0.22,6.44,5052,正常
2016/06/08 19:47:48,c0c54d2390821b5fb5d8d5dcc920a43cfaabf3ab,1b673afcd5ec4035e5760b5a45c34ef033eabacf,持卡人消费,二区水控,-0.45,5.99,5054,正常
2016/06/08 19:50:34,c0c54d2390821b5fb5d8d5dcc920a43cfaabf3ab,1b673afcd5ec4035e5760b5a45c34ef033eabacf,持卡人消费,二区水控,-0.26,5.73,5056,正常
2016/06/08 19:57:21,c0c54d2390821b5fb5d8d5dcc920a43cfaabf3ab,1b673afcd5ec4035e5760b5a45c34ef033eabacf,持卡人消费,二区水控,-0.86,4.87,5058,正常
2016/06/11 11:52:44,c0c54d2390821b5fb5d8d5dcc920a43cfaabf3ab,1b673afcd5ec4035e5760b5a45c34ef033eabacf,存款,2区卡中心综合业务,100.0,104.87,5059,正常
2016/06/11 11:57:39,c0c54d2390821b5fb5d8d5dcc920a43cfaabf3ab,1b673afcd5ec4035e5760b5a45c34ef033eabacf,持卡人消费,学子便利店B03,-5.0,99.87,5060,正常
2016/06/11 17:29:03,c0c54d2390821b5fb5d8d5dcc920a43cfaabf3ab,1b673afcd5ec4035e5760b5a45c34ef033eabacf,持卡人消费,二区水控,-0.32,99.55,5062,正常
2016/06/11 17:32:49,c0c54d2390821b5fb5d8d5dcc920a43cfaabf3ab,1b673afcd5ec4035e5760b5a45c34ef033eabacf,持卡人消费,二区水控,-0.32,99.23,5064,正常
2016/06/11 17:38:24,c0c54d2390821b5fb5d8d5dcc920a43cfaabf3ab,1b673afcd5ec4035e5760b5a45c34ef033eabacf,持卡人消费,二区水控,-0.62,98.61,5066,正常
2016/06/11 17:44:29,c0c54d2390821b5fb5d8d5dcc920a43cfaabf3ab,1b673afcd5ec4035e5760b5a45c34ef033eabacf,持卡人消费,二区水控,-0.86,97.75,5068,正常
2016/06/11 18:04:20,c0c54d2390821b5fb5d8d5dcc920a43cfaabf3ab,1b673afcd5ec4035e5760b5a45c34ef033eabacf,持卡人消费,学子便利店B03,-7.2,90.55,5069,正常
2016/06/12 08:46:30,c0c54d2390821b5fb5d8d5dcc920a43cfaabf3ab,1b673afcd5ec4035e5760b5a45c34ef033eabacf,持卡人消费,学子便利店B03,-7.5,83.05,5070,正常
2016/06/12 12:22:25,c0c54d2390821b5fb5d8d5dcc920a43cfaabf3ab,1b673afcd5ec4035e5760b5a45c34ef033eabacf,持卡人消费,学子便利店B03,-9.8,73.25,5071,正常
2016/06/12 17:15:08,c0c54d2390821b5fb5d8d5dcc920a43cfaabf3ab,1b673afcd5ec4035e5760b5a45c34ef033eabacf,持卡人消费,四食堂商务网关,-9.0,64.25,5072,正常
2016/06/12 17:16:53,c0c54d2390821b5fb5d8d5dcc920a43cfaabf3ab,1b673afcd5ec4035e5760b5a45c34ef033eabacf,持卡人消费,四食堂商务网关,-6.1,58.15,5073,正常
2016/06/12 17:16:59,c0c54d2390821b5fb5d8d5dcc920a43cfaabf3ab,1b673afcd5ec4035e5760b5a45c34ef033eabacf,持卡人消费,四食堂商务网关,-1.0,57.15,5074,正常
2016/06/13 11:38:06,c0c54d2390821b5fb5d8d5dcc920a43cfaabf3ab,1b673afcd5ec4035e5760b5a45c34ef033eabacf,持卡人消费,九食堂商务网关,-11.0,46.15,5075,正常
2016/06/13 12:04:00,c0c54d2390821b5fb5d8d5dcc920a43cfaabf3ab,1b673afcd5ec4035e5760b5a45c34ef033eabacf,持卡人消费,学子便利店B03,-14.2,31.95,5076,正常
2016/06/13 18:13:44,c0c54d2390821b5fb5d8d5dcc920a43cfaabf3ab,1b673afcd5ec4035e5760b5a45c34ef033eabacf,持卡人消费,二区水控,-0.43,31.52,5078,正常
2016/06/13 18:19:34,c0c54d2390821b5fb5d8d5dcc920a43cfaabf3ab,1b673afcd5ec4035e5760b5a45c34ef033eabacf,持卡人消费,二区水控,-0.54,30.98,5080,正常
2016/06/13 18:22:03,c0c54d2390821b5fb5d8d5dcc920a43cfaabf3ab,1b673afcd5ec4035e5760b5a45c34ef033eabacf,持卡人消费,二区水控,-0.22,30.76,5082,正常
2016/06/13 18:29:21,c0c54d2390821b5fb5d8d5dcc920a43cfaabf3ab,1b673afcd5ec4035e5760b5a45c34ef033eabacf,持卡人消费,二区水控,-0.94,29.82,5084,正常
2016/06/13 18:56:45,c0c54d2390821b5fb5d8d5dcc920a43cfaabf3ab,1b673afcd5ec4035e5760b5a45c34ef033eabacf,持卡人消费,学子便利店B05,-7.2,22.62,5085,正常
2016/06/15 11:32:40,c0c54d2390821b5fb5d8d5dcc920a43cfaabf3ab,1b673afcd5ec4035e5760b5a45c34ef033eabacf,持卡人消费,九食堂商务网关,-10.0,12.62,5086,正常
2016/06/15 11:16:40,c0c54d2390821b5fb5d8d5dcc920a43cfaabf3ab,1b673afcd5ec4035e5760b5a45c34ef033eabacf,存款,现金充值机,100.0,112.62,5087,正常
2016/06/15 16:03:23,c0c54d2390821b5fb5d8d5dcc920a43cfaabf3ab,1b673afcd5ec4035e5760b5a45c34ef033eabacf,持卡人消费,学子便利店B03,-15.4,97.22,5088,正常
2016/06/16 11:17:02,c0c54d2390821b5fb5d8d5dcc920a43cfaabf3ab,1b673afcd5ec4035e5760b5a45c34ef033eabacf,持卡人消费,学子便利店B03,-5.9,91.32,5089,正常
2016/06/16 17:20:04,c0c54d2390821b5fb5d8d5dcc920a43cfaabf3ab,1b673afcd5ec4035e5760b5a45c34ef033eabacf,持卡人消费,四食堂商务网关,-8.0,83.32,5090,正常
2016/06/16 17:24:55,c0c54d2390821b5fb5d8d5dcc920a43cfaabf3ab,1b673afcd5ec4035e5760b5a45c34ef033eabacf,持卡人消费,学子便利店B03,-8.0,75.32,5091,正常
2016/06/16 18:59:36,c0c54d2390821b5fb5d8d5dcc920a43cfaabf3ab,1b673afcd5ec4035e5760b5a45c34ef033eabacf,持卡人消费,二区水控,-0.38,74.94,5093,正常
2016/06/16 19:04:47,c0c54d2390821b5fb5d8d5dcc920a43cfaabf3ab,1b673afcd5ec4035e5760b5a45c34ef033eabacf,持卡人消费,二区水控,-0.42,74.52,5095,正常
2016/06/16 19:09:22,c0c54d2390821b5fb5d8d5dcc920a43cfaabf3ab,1b673afcd5ec4035e5760b5a45c34ef033eabacf,持卡人消费,二区水控,-0.29,74.23,5097,正常
2016/06/16 19:14:42,c0c54d2390821b5fb5d8d5dcc920a43cfaabf3ab,1b673afcd5ec4035e5760b5a45c34ef033eabacf,持卡人消费,二区水控,-0.53,73.70,5099,正常
2016/06/16 19:21:09,c0c54d2390821b5fb5d8d5dcc920a43cfaabf3ab,1b673afcd5ec4035e5760b5a45c34ef033eabacf,持卡人消费,二区水控,-0.88,72.82,5101,正常
2016/06/16 19:49:18,c0c54d2390821b5fb5d8d5dcc920a43cfaabf3ab,1b673afcd5ec4035e5760b5a45c34ef033eabacf,持卡人消费,学子便利店B03,-7.8,65.02,5102,正常
2016/06/17 18:24:35,c0c54d2390821b5fb5d8d5dcc920a43cfaabf3ab,1b673afcd5ec4035e5760b5a45c34ef033eabacf,持卡人消费,学子便利店B03,-3.5,61.52,5103,正常
2016/06/18 13:07:44,c0c54d2390821b5fb5d8d5dcc920a43cfaabf3ab,1b673afcd5ec4035e5760b5a45c34ef033eabacf,持卡人消费,四食堂商务网关,-8.0,53.52,5104,正常
2016/06/18 13:11:18,c0c54d2390821b5fb5d8d5dcc920a43cfaabf3ab,1b673afcd5ec4035e5760b5a45c34ef033eabacf,持卡人消费,四食堂商务网关,-6.0,47.52,5105,正常
2016/06/18 13:59:11,c0c54d2390821b5fb5d8d5dcc920a43cfaabf3ab,1b673afcd5ec4035e5760b5a45c34ef033eabacf,持卡人消费,二区水控,-0.22,47.30,5107,正常
2016/06/18 14:00:50,c0c54d2390821b5fb5d8d5dcc920a43cfaabf3ab,1b673afcd5ec4035e5760b5a45c34ef033eabacf,持卡人消费,二区水控,-0.16,47.14,5109,正常
2016/06/18 14:06:29,c0c54d2390821b5fb5d8d5dcc920a43cfaabf3ab,1b673afcd5ec4035e5760b5a45c34ef033eabacf,持卡人消费,二区水控,-0.77,46.37,5111,正常
2016/06/18 14:08:16,c0c54d2390821b5fb5d8d5dcc920a43cfaabf3ab,1b673afcd5ec4035e5760b5a45c34ef033eabacf,持卡人消费,二区水控,-0.03,46.34,5113,正常
2016/06/18 14:26:56,c0c54d2390821b5fb5d8d5dcc920a43cfaabf3ab,1b673afcd5ec4035e5760b5a45c34ef033eabacf,持卡人消费,学子便利店B03,-9.0,37.34,5114,正常
2016/06/19 11:14:26,c0c54d2390821b5fb5d8d5dcc920a43cfaabf3ab,1b673afcd5ec4035e5760b5a45c34ef033eabacf,持卡人消费,学子便利店B03,-7.5,29.84,5115,正常
2016/06/19 19:52:24,c0c54d2390821b5fb5d8d5dcc920a43cfaabf3ab,1b673afcd5ec4035e5760b5a45c34ef033eabacf,持卡人消费,学子便利店B03,-9.7,20.14,5116,正常
2016/06/20 11:34:49,c0c54d2390821b5fb5d8d5dcc920a43cfaabf3ab,1b673afcd5ec4035e5760b5a45c34ef033eabacf,存款,现金充值机,100.0,120.14,5117,正常
2016/06/20 11:38:25,c0c54d2390821b5fb5d8d5dcc920a43cfaabf3ab,1b673afcd5ec4035e5760b5a45c34ef033eabacf,持卡人消费,五食堂商务网关,-7.0,113.14,5118,正常
2016/06/20 11:43:09,c0c54d2390821b5fb5d8d5dcc920a43cfaabf3ab,1b673afcd5ec4035e5760b5a45c34ef033eabacf,持卡人消费,五食堂商务网关,-2.0,111.14,5119,正常
2016/06/20 12:01:16,c0c54d2390821b5fb5d8d5dcc920a43cfaabf3ab,1b673afcd5ec4035e5760b5a45c34ef033eabacf,持卡人消费,学子便利店B03,-15.4,95.74,5120,正常
2016/06/20 18:09:28,c0c54d2390821b5fb5d8d5dcc920a43cfaabf3ab,1b673afcd5ec4035e5760b5a45c34ef033eabacf,持卡人消费,学子便利店B03,-10.0,85.74,5121,正常
2016/06/20 20:07:12,c0c54d2390821b5fb5d8d5dcc920a43cfaabf3ab,1b673afcd5ec4035e5760b5a45c34ef033eabacf,持卡人消费,二区水控,-0.02,85.72,5123,正常
2016/06/20 20:08:54,c0c54d2390821b5fb5d8d5dcc920a43cfaabf3ab,1b673afcd5ec4035e5760b5a45c34ef033eabacf,持卡人消费,二区水控,-0.32,85.40,5125,正常
2016/06/20 20:13:26,c0c54d2390821b5fb5d8d5dcc920a43cfaabf3ab,1b673afcd5ec4035e5760b5a45c34ef033eabacf,持卡人消费,二区水控,-0.54,84.86,5129,正常
2016/06/20 20:15:14,c0c54d2390821b5fb5d8d5dcc920a43cfaabf3ab,1b673afcd5ec4035e5760b5a45c34ef033eabacf,持卡人消费,二区水控,-0.18,84.68,5131,正常
2016/06/20 20:19:53,c0c54d2390821b5fb5d8d5dcc920a43cfaabf3ab,1b673afcd5ec4035e5760b5a45c34ef033eabacf,持卡人消费,二区水控,-0.7,83.98,5133,正常
2016/06/20 20:39:08,c0c54d2390821b5fb5d8d5dcc920a43cfaabf3ab,1b673afcd5ec4035e5760b5a45c34ef033eabacf,持卡人消费,学子便利店B03,-7.9,76.08,5134,正常
2016/06/21 11:39:44,c0c54d2390821b5fb5d8d5dcc920a43cfaabf3ab,1b673afcd5ec4035e5760b5a45c34ef033eabacf,持卡人消费,学子便利店B03,-8.2,67.88,5135,正常
2016/06/21 11:39:50,c0c54d2390821b5fb5d8d5dcc920a43cfaabf3ab,1b673afcd5ec4035e5760b5a45c34ef033eabacf,持卡人消费,学子便利店B03,-8.2,67.88,5135,正常
2016/06/21 11:40:32,c0c54d2390821b5fb5d8d5dcc920a43cfaabf3ab,1b673afcd5ec4035e5760b5a45c34ef033eabacf,持卡人消费,学子便利店B03,-8.2,67.88,5135,正常
2016/06/21 19:33:10,c0c54d2390821b5fb5d8d5dcc920a43cfaabf3ab,1b673afcd5ec4035e5760b5a45c34ef033eabacf,持卡人消费,学子便利店B03,-10.1,57.78,5136,正常
2016/06/22 06:53:42,c0c54d2390821b5fb5d8d5dcc920a43cfaabf3ab,1b673afcd5ec4035e5760b5a45c34ef033eabacf,持卡人消费,五食堂商务网关,-3.5,54.28,5137,正常
2016/06/22 11:43:27,c0c54d2390821b5fb5d8d5dcc920a43cfaabf3ab,1b673afcd5ec4035e5760b5a45c34ef033eabacf,持卡人消费,九食堂商务网关,-12.0,42.28,5138,正常
2016/06/24 11:39:31,c0c54d2390821b5fb5d8d5dcc920a43cfaabf3ab,1b673afcd5ec4035e5760b5a45c34ef033eabacf,持卡人消费,九食堂商务网关,-11.0,31.28,5139,正常
2016/06/24 17:18:19,c0c54d2390821b5fb5d8d5dcc920a43cfaabf3ab,1b673afcd5ec4035e5760b5a45c34ef033eabacf,持卡人消费,二区水控,-0.06,31.22,5141,正常
2016/06/24 17:20:16,c0c54d2390821b5fb5d8d5dcc920a43cfaabf3ab,1b673afcd5ec4035e5760b5a45c34ef033eabacf,持卡人消费,二区水控,-0.37,30.85,5143,正常
2016/06/24 17:24:02,c0c54d2390821b5fb5d8d5dcc920a43cfaabf3ab,1b673afcd5ec4035e5760b5a45c34ef033eabacf,持卡人消费,二区水控,-0.34,30.51,5145,正常
2016/06/24 17:29:02,c0c54d2390821b5fb5d8d5dcc920a43cfaabf3ab,1b673afcd5ec4035e5760b5a45c34ef033eabacf,持卡人消费,二区水控,-0.54,29.97,5147,正常
2016/06/24 17:30:49,c0c54d2390821b5fb5d8d5dcc920a43cfaabf3ab,1b673afcd5ec4035e5760b5a45c34ef033eabacf,持卡人消费,二区水控,-0.14,29.83,5149,正常
2016/06/24 17:37:14,c0c54d2390821b5fb5d8d5dcc920a43cfaabf3ab,1b673afcd5ec4035e5760b5a45c34ef033eabacf,持卡人消费,二区水控,-0.98,28.85,5151,正常
2016/06/24 18:04:43,c0c54d2390821b5fb5d8d5dcc920a43cfaabf3ab,1b673afcd5ec4035e5760b5a45c34ef033eabacf,持卡人消费,学子便利店B03,-8.0,20.85,5152,正常
2016/06/24 18:05:06,c0c54d2390821b5fb5d8d5dcc920a43cfaabf3ab,1b673afcd5ec4035e5760b5a45c34ef033eabacf,持卡人消费,学子便利店B03,-4.0,16.85,5153,正常
2016/06/25 11:24:31,c0c54d2390821b5fb5d8d5dcc920a43cfaabf3ab,1b673afcd5ec4035e5760b5a45c34ef033eabacf,持卡人消费,九食堂商务网关,-9.0,7.85,5154,正常
2016/06/25 11:52:22,c0c54d2390821b5fb5d8d5dcc920a43cfaabf3ab,1b673afcd5ec4035e5760b5a45c34ef033eabacf,存款,2区卡中心综合业务,100.0,107.85,5155,正常
2016/06/25 17:05:06,c0c54d2390821b5fb5d8d5dcc920a43cfaabf3ab,1b673afcd5ec4035e5760b5a45c34ef033eabacf,持卡人消费,学子便利店B03,-1.8,106.05,5156,正常
2016/06/25 17:05:37,c0c54d2390821b5fb5d8d5dcc920a43cfaabf3ab,1b673afcd5ec4035e5760b5a45c34ef033eabacf,持卡人消费,学子便利店B03,-4.0,102.05,5157,正常
2016/06/25 17:12:46,c0c54d2390821b5fb5d8d5dcc920a43cfaabf3ab,1b673afcd5ec4035e5760b5a45c34ef033eabacf,持卡人消费,学子便利店B03,-8.9,93.15,5158,正常
2016/06/26 11:38:54,c0c54d2390821b5fb5d8d5dcc920a43cfaabf3ab,1b673afcd5ec4035e5760b5a45c34ef033eabacf,持卡人消费,九食堂商务网关,-10.0,66.75,5160,正常
2016/06/26 11:41:09,c0c54d2390821b5fb5d8d5dcc920a43cfaabf3ab,1b673afcd5ec4035e5760b5a45c34ef033eabacf,持卡人消费,九食堂商务网关,-1.0,65.75,5161,正常
2016/06/26 12:07:23,c0c54d2390821b5fb5d8d5dcc920a43cfaabf3ab,1b673afcd5ec4035e5760b5a45c34ef033eabacf,持卡人消费,学子便利店B03,-13.5,52.25,5162,正常
2016/06/26 19:18:42,c0c54d2390821b5fb5d8d5dcc920a43cfaabf3ab,1b673afcd5ec4035e5760b5a45c34ef033eabacf,持卡人消费,学子便利店B03,-7.5,44.75,5163,正常
2016/06/27 11:52:39,c0c54d2390821b5fb5d8d5dcc920a43cfaabf3ab,1b673afcd5ec4035e5760b5a45c34ef033eabacf,持卡人消费,九食堂商务网关,-11.0,33.75,5164,正常
2016/06/27 11:52:40,c0c54d2390821b5fb5d8d5dcc920a43cfaabf3ab,1b673afcd5ec4035e5760b5a45c34ef033eabacf,持卡人消费,九食堂商务网关,-10.0,23.75,5165,正常
2016/06/27 12:32:41,c0c54d2390821b5fb5d8d5dcc920a43cfaabf3ab,1b673afcd5ec4035e5760b5a45c34ef033eabacf,持卡人消费,学子便利店B03,-1.9,21.85,5166,正常
2016/06/27 18:29:17,c0c54d2390821b5fb5d8d5dcc920a43cfaabf3ab,1b673afcd5ec4035e5760b5a45c34ef033eabacf,持卡人消费,学子便利店B03,-0.8,21.05,5167,正常
2016/06/28 08:31:10,c0c54d2390821b5fb5d8d5dcc920a43cfaabf3ab,1b673afcd5ec4035e5760b5a45c34ef033eabacf,持卡人消费,学子便利店B03,-4.0,17.05,5168,正常
2016/06/28 11:57:17,c0c54d2390821b5fb5d8d5dcc920a43cfaabf3ab,1b673afcd5ec4035e5760b5a45c34ef033eabacf,持卡人消费,九食堂商务网关,-3.5,13.55,5169,正常
2016/06/28 11:34:05,c0c54d2390821b5fb5d8d5dcc920a43cfaabf3ab,1b673afcd5ec4035e5760b5a45c34ef033eabacf,存款,现金充值机,20.0,33.55,5170,正常
2016/06/28 14:02:08,c0c54d2390821b5fb5d8d5dcc920a43cfaabf3ab,1b673afcd5ec4035e5760b5a45c34ef033eabacf,持卡人消费,学子便利店B03,-2.7,30.85,5171,正常
2016/06/28 14:32:17,c0c54d2390821b5fb5d8d5dcc920a43cfaabf3ab,1b673afcd5ec4035e5760b5a45c34ef033eabacf,持卡人消费,二区水控,-0.05,30.80,5173,正常
2016/06/28 14:33:53,c0c54d2390821b5fb5d8d5dcc920a43cfaabf3ab,1b673afcd5ec4035e5760b5a45c34ef033eabacf,持卡人消费,二区水控,-0.3,30.50,5175,正常
2016/06/28 14:38:20,c0c54d2390821b5fb5d8d5dcc920a43cfaabf3ab,1b673afcd5ec4035e5760b5a45c34ef033eabacf,持卡人消费,二区水控,-0.46,30.04,5177,正常
2016/06/28 14:45:45,c0c54d2390821b5fb5d8d5dcc920a43cfaabf3ab,1b673afcd5ec4035e5760b5a45c34ef033eabacf,持卡人消费,二区水控,-1.09,28.95,5179,正常
2016/06/28 15:08:30,c0c54d2390821b5fb5d8d5dcc920a43cfaabf3ab,1b673afcd5ec4035e5760b5a45c34ef033eabacf,持卡人消费,学子便利店B03,-3.5,25.45,5180,正常
2016/06/29 15:53:55,c0c54d2390821b5fb5d8d5dcc920a43cfaabf3ab,1b673afcd5ec4035e5760b5a45c34ef033eabacf,持卡人消费,学子便利店B03,-8.0,17.45,5181,正常
2016/06/29 19:23:24,c0c54d2390821b5fb5d8d5dcc920a43cfaabf3ab,1b673afcd5ec4035e5760b5a45c34ef033eabacf,持卡人消费,学子便利店B03,-9.0,8.45,5182,正常
2016/06/30 09:17:33,c0c54d2390821b5fb5d8d5dcc920a43cfaabf3ab,1b673afcd5ec4035e5760b5a45c34ef033eabacf,持卡人消费,学子便利店B03,-0.5,7.95,5183,正常
2016/06/30 15:28:09,c0c54d2390821b5fb5d8d5dcc920a43cfaabf3ab,1b673afcd5ec4035e5760b5a45c34ef033eabacf,持卡人消费,学子便利店B03,-2.8,5.15,5184,正常
