交易发生时间,学号,姓名,交易类型,子系统名称,交易额,现有余额,次数,状态
2016/06/02 20:28:54,53015651b0d8ea1129d5918db5c1ecb10d4ebd55,1c4a595e0d72142bdae405b9b6cf5cc2fa920c6b,持卡人消费,15公寓浴池,-0.61,27.08,8280,正常
2016/06/02 20:31:05,53015651b0d8ea1129d5918db5c1ecb10d4ebd55,1c4a595e0d72142bdae405b9b6cf5cc2fa920c6b,持卡人消费,15公寓浴池,-0.13,26.95,8282,正常
2016/06/02 20:33:04,53015651b0d8ea1129d5918db5c1ecb10d4ebd55,1c4a595e0d72142bdae405b9b6cf5cc2fa920c6b,持卡人消费,15公寓浴池,-0.18,26.77,8284,正常
2016/06/02 20:38:24,53015651b0d8ea1129d5918db5c1ecb10d4ebd55,1c4a595e0d72142bdae405b9b6cf5cc2fa920c6b,持卡人消费,15公寓浴池,-0.83,25.94,8286,正常
2016/06/02 20:41:27,53015651b0d8ea1129d5918db5c1ecb10d4ebd55,1c4a595e0d72142bdae405b9b6cf5cc2fa920c6b,持卡人消费,15公寓浴池,-0.24,25.70,8288,正常
2016/06/02 20:46:59,53015651b0d8ea1129d5918db5c1ecb10d4ebd55,1c4a595e0d72142bdae405b9b6cf5cc2fa920c6b,持卡人消费,15公寓浴池,-0.9,24.80,8290,正常
2016/06/02 20:49:48,53015651b0d8ea1129d5918db5c1ecb10d4ebd55,1c4a595e0d72142bdae405b9b6cf5cc2fa920c6b,持卡人消费,15公寓浴池,-0.32,24.48,8292,正常
2016/06/03 11:25:05,53015651b0d8ea1129d5918db5c1ecb10d4ebd55,1c4a595e0d72142bdae405b9b6cf5cc2fa920c6b,存款,学苑楼综合业务2,100.0,124.48,8293,正常
2016/06/03 11:27:44,53015651b0d8ea1129d5918db5c1ecb10d4ebd55,1c4a595e0d72142bdae405b9b6cf5cc2fa920c6b,持卡人消费,学苑楼商务网关,-8.0,116.48,8294,正常
2016/06/03 12:01:51,53015651b0d8ea1129d5918db5c1ecb10d4ebd55,1c4a595e0d72142bdae405b9b6cf5cc2fa920c6b,持卡人消费,超市商务子系统,-7.0,109.48,8295,正常
2016/06/03 20:11:55,53015651b0d8ea1129d5918db5c1ecb10d4ebd55,1c4a595e0d72142bdae405b9b6cf5cc2fa920c6b,持卡人消费,15公寓浴池,-1.36,108.12,8297,正常
2016/06/03 20:15:22,53015651b0d8ea1129d5918db5c1ecb10d4ebd55,1c4a595e0d72142bdae405b9b6cf5cc2fa920c6b,持卡人消费,15公寓浴池,-0.27,107.85,8299,正常
2016/06/03 20:22:25,53015651b0d8ea1129d5918db5c1ecb10d4ebd55,1c4a595e0d72142bdae405b9b6cf5cc2fa920c6b,持卡人消费,15公寓浴池,-1.06,106.79,8301,正常
2016/06/03 20:24:44,53015651b0d8ea1129d5918db5c1ecb10d4ebd55,1c4a595e0d72142bdae405b9b6cf5cc2fa920c6b,持卡人消费,15公寓浴池,-0.21,106.58,8303,正常
2016/06/05 11:16:49,53015651b0d8ea1129d5918db5c1ecb10d4ebd55,1c4a595e0d72142bdae405b9b6cf5cc2fa920c6b,持卡人消费,学苑楼商务网关,-8.8,97.78,8304,正常
2016/06/05 12:28:37,53015651b0d8ea1129d5918db5c1ecb10d4ebd55,1c4a595e0d72142bdae405b9b6cf5cc2fa920c6b,持卡人消费,超市商务子系统,-7.0,90.78,8305,正常
2016/06/05 12:50:51,53015651b0d8ea1129d5918db5c1ecb10d4ebd55,1c4a595e0d72142bdae405b9b6cf5cc2fa920c6b,持卡人消费,网络中心,-30.0,60.78,8306,正常
2016/06/05 19:55:23,53015651b0d8ea1129d5918db5c1ecb10d4ebd55,1c4a595e0d72142bdae405b9b6cf5cc2fa920c6b,持卡人消费,15公寓浴池,-0.21,60.57,8308,正常
2016/06/05 19:57:35,53015651b0d8ea1129d5918db5c1ecb10d4ebd55,1c4a595e0d72142bdae405b9b6cf5cc2fa920c6b,持卡人消费,15公寓浴池,-0.14,60.43,8310,正常
2016/06/05 20:00:05,53015651b0d8ea1129d5918db5c1ecb10d4ebd55,1c4a595e0d72142bdae405b9b6cf5cc2fa920c6b,持卡人消费,15公寓浴池,-0.24,60.19,8312,正常
2016/06/05 20:03:13,53015651b0d8ea1129d5918db5c1ecb10d4ebd55,1c4a595e0d72142bdae405b9b6cf5cc2fa920c6b,持卡人消费,15公寓浴池,-0.03,60.16,8314,正常
2016/06/05 20:10:26,53015651b0d8ea1129d5918db5c1ecb10d4ebd55,1c4a595e0d72142bdae405b9b6cf5cc2fa920c6b,持卡人消费,15公寓浴池,-0.13,60.03,8316,正常
2016/06/05 20:14:50,53015651b0d8ea1129d5918db5c1ecb10d4ebd55,1c4a595e0d72142bdae405b9b6cf5cc2fa920c6b,持卡人消费,15公寓浴池,-0.11,59.92,8318,正常
2016/06/05 20:20:03,53015651b0d8ea1129d5918db5c1ecb10d4ebd55,1c4a595e0d72142bdae405b9b6cf5cc2fa920c6b,持卡人消费,15公寓浴池,-0.56,59.36,8320,正常
2016/06/05 20:22:47,53015651b0d8ea1129d5918db5c1ecb10d4ebd55,1c4a595e0d72142bdae405b9b6cf5cc2fa920c6b,持卡人消费,15公寓浴池,-0.11,59.25,8322,正常
2016/06/05 20:27:36,53015651b0d8ea1129d5918db5c1ecb10d4ebd55,1c4a595e0d72142bdae405b9b6cf5cc2fa920c6b,持卡人消费,15公寓浴池,-0.34,58.91,8324,正常
2016/06/05 20:29:14,53015651b0d8ea1129d5918db5c1ecb10d4ebd55,1c4a595e0d72142bdae405b9b6cf5cc2fa920c6b,持卡人消费,15公寓浴池,-0.18,58.73,8326,正常
2016/06/05 20:31:45,53015651b0d8ea1129d5918db5c1ecb10d4ebd55,1c4a595e0d72142bdae405b9b6cf5cc2fa920c6b,持卡人消费,15公寓浴池,-0.24,58.49,8328,正常
2016/06/05 20:37:16,53015651b0d8ea1129d5918db5c1ecb10d4ebd55,1c4a595e0d72142bdae405b9b6cf5cc2fa920c6b,持卡人消费,15公寓浴池,-0.85,57.64,8330,正常
2016/06/05 20:40:14,53015651b0d8ea1129d5918db5c1ecb10d4ebd55,1c4a595e0d72142bdae405b9b6cf5cc2fa920c6b,持卡人消费,15公寓浴池,-0.27,57.37,8332,正常
2016/06/05 20:40:58,53015651b0d8ea1129d5918db5c1ecb10d4ebd55,1c4a595e0d72142bdae405b9b6cf5cc2fa920c6b,持卡人消费,15公寓浴池,-0.03,57.34,8334,正常
2016/06/08 12:14:57,53015651b0d8ea1129d5918db5c1ecb10d4ebd55,1c4a595e0d72142bdae405b9b6cf5cc2fa920c6b,持卡人消费,学苑楼商务网关,-7.0,50.34,8335,正常
2016/06/08 20:29:31,53015651b0d8ea1129d5918db5c1ecb10d4ebd55,1c4a595e0d72142bdae405b9b6cf5cc2fa920c6b,持卡人消费,15公寓浴池,-0.02,50.32,8337,正常
2016/06/08 20:30:03,53015651b0d8ea1129d5918db5c1ecb10d4ebd55,1c4a595e0d72142bdae405b9b6cf5cc2fa920c6b,持卡人消费,15公寓浴池,-0.02,50.30,8339,正常
2016/06/08 20:31:08,53015651b0d8ea1129d5918db5c1ecb10d4ebd55,1c4a595e0d72142bdae405b9b6cf5cc2fa920c6b,持卡人消费,15公寓浴池,-0.18,50.12,8341,正常
2016/06/08 20:31:44,53015651b0d8ea1129d5918db5c1ecb10d4ebd55,1c4a595e0d72142bdae405b9b6cf5cc2fa920c6b,持卡人消费,15公寓浴池,-0.06,50.06,8343,正常
2016/06/08 20:32:51,53015651b0d8ea1129d5918db5c1ecb10d4ebd55,1c4a595e0d72142bdae405b9b6cf5cc2fa920c6b,持卡人消费,15公寓浴池,-0.19,49.87,8345,正常
2016/06/08 20:35:10,53015651b0d8ea1129d5918db5c1ecb10d4ebd55,1c4a595e0d72142bdae405b9b6cf5cc2fa920c6b,持卡人消费,15公寓浴池,-0.18,49.69,8347,正常
2016/06/08 20:36:36,53015651b0d8ea1129d5918db5c1ecb10d4ebd55,1c4a595e0d72142bdae405b9b6cf5cc2fa920c6b,持卡人消费,15公寓浴池,-0.11,49.58,8349,正常
2016/06/08 20:42:44,53015651b0d8ea1129d5918db5c1ecb10d4ebd55,1c4a595e0d72142bdae405b9b6cf5cc2fa920c6b,持卡人消费,15公寓浴池,-0.9,48.68,8351,正常
2016/06/08 20:44:55,53015651b0d8ea1129d5918db5c1ecb10d4ebd55,1c4a595e0d72142bdae405b9b6cf5cc2fa920c6b,持卡人消费,15公寓浴池,-0.21,48.47,8353,正常
2016/06/08 20:49:21,53015651b0d8ea1129d5918db5c1ecb10d4ebd55,1c4a595e0d72142bdae405b9b6cf5cc2fa920c6b,持卡人消费,15公寓浴池,-0.83,47.64,8355,正常
2016/06/10 12:05:44,53015651b0d8ea1129d5918db5c1ecb10d4ebd55,1c4a595e0d72142bdae405b9b6cf5cc2fa920c6b,持卡人消费,学苑楼商务网关,-8.8,38.84,8356,正常
2016/06/10 12:37:53,53015651b0d8ea1129d5918db5c1ecb10d4ebd55,1c4a595e0d72142bdae405b9b6cf5cc2fa920c6b,持卡人消费,超市商务子系统,-7.0,31.84,8357,正常
2016/06/10 13:14:15,53015651b0d8ea1129d5918db5c1ecb10d4ebd55,1c4a595e0d72142bdae405b9b6cf5cc2fa920c6b,持卡人消费,学子超市园丁总店,-4.5,27.34,8358,正常
2016/06/10 17:39:14,53015651b0d8ea1129d5918db5c1ecb10d4ebd55,1c4a595e0d72142bdae405b9b6cf5cc2fa920c6b,持卡人消费,学苑楼商务网关,-14.0,13.34,8359,正常
2016/06/11 12:13:20,53015651b0d8ea1129d5918db5c1ecb10d4ebd55,1c4a595e0d72142bdae405b9b6cf5cc2fa920c6b,持卡人消费,学苑楼商务网关,-8.8,4.54,8360,正常
2016/06/11 17:05:43,53015651b0d8ea1129d5918db5c1ecb10d4ebd55,1c4a595e0d72142bdae405b9b6cf5cc2fa920c6b,存款,现金充值机,100.0,104.54,8361,正常
2016/06/11 17:29:06,53015651b0d8ea1129d5918db5c1ecb10d4ebd55,1c4a595e0d72142bdae405b9b6cf5cc2fa920c6b,持卡人消费,学苑楼商务网关,-7.0,97.54,8362,正常
2016/06/11 19:05:09,53015651b0d8ea1129d5918db5c1ecb10d4ebd55,1c4a595e0d72142bdae405b9b6cf5cc2fa920c6b,持卡人消费,15公寓浴池,-0.22,97.32,8364,正常
2016/06/11 19:07:28,53015651b0d8ea1129d5918db5c1ecb10d4ebd55,1c4a595e0d72142bdae405b9b6cf5cc2fa920c6b,持卡人消费,15公寓浴池,-0.24,97.08,8366,正常
2016/06/11 19:10:38,53015651b0d8ea1129d5918db5c1ecb10d4ebd55,1c4a595e0d72142bdae405b9b6cf5cc2fa920c6b,持卡人消费,15公寓浴池,-0.27,96.81,8368,正常
2016/06/11 19:19:11,53015651b0d8ea1129d5918db5c1ecb10d4ebd55,1c4a595e0d72142bdae405b9b6cf5cc2fa920c6b,持卡人消费,15公寓浴池,-0.21,96.60,8370,正常
2016/06/11 19:21:35,53015651b0d8ea1129d5918db5c1ecb10d4ebd55,1c4a595e0d72142bdae405b9b6cf5cc2fa920c6b,持卡人消费,15公寓浴池,-0.06,96.54,8372,正常
2016/06/11 19:26:53,53015651b0d8ea1129d5918db5c1ecb10d4ebd55,1c4a595e0d72142bdae405b9b6cf5cc2fa920c6b,持卡人消费,15公寓浴池,-0.14,96.40,8374,正常
2016/06/11 19:31:37,53015651b0d8ea1129d5918db5c1ecb10d4ebd55,1c4a595e0d72142bdae405b9b6cf5cc2fa920c6b,持卡人消费,15公寓浴池,-0.42,95.98,8376,正常
2016/06/11 19:34:15,53015651b0d8ea1129d5918db5c1ecb10d4ebd55,1c4a595e0d72142bdae405b9b6cf5cc2fa920c6b,持卡人消费,15公寓浴池,-0.21,95.77,8378,正常
2016/06/11 19:38:37,53015651b0d8ea1129d5918db5c1ecb10d4ebd55,1c4a595e0d72142bdae405b9b6cf5cc2fa920c6b,持卡人消费,15公寓浴池,-0.05,95.72,8380,正常
2016/06/11 19:44:30,53015651b0d8ea1129d5918db5c1ecb10d4ebd55,1c4a595e0d72142bdae405b9b6cf5cc2fa920c6b,持卡人消费,15公寓浴池,-0.3,95.42,8382,正常
2016/06/11 19:47:07,53015651b0d8ea1129d5918db5c1ecb10d4ebd55,1c4a595e0d72142bdae405b9b6cf5cc2fa920c6b,持卡人消费,15公寓浴池,-0.24,95.18,8384,正常
2016/06/11 19:52:31,53015651b0d8ea1129d5918db5c1ecb10d4ebd55,1c4a595e0d72142bdae405b9b6cf5cc2fa920c6b,持卡人消费,15公寓浴池,-0.74,94.44,8386,正常
2016/06/11 19:57:00,53015651b0d8ea1129d5918db5c1ecb10d4ebd55,1c4a595e0d72142bdae405b9b6cf5cc2fa920c6b,持卡人消费,15公寓浴池,-0.56,93.88,8388,正常
2016/06/12 11:54:15,53015651b0d8ea1129d5918db5c1ecb10d4ebd55,1c4a595e0d72142bdae405b9b6cf5cc2fa920c6b,持卡人消费,学苑楼商务网关,-6.0,87.88,8389,正常
2016/06/14 19:58:17,53015651b0d8ea1129d5918db5c1ecb10d4ebd55,1c4a595e0d72142bdae405b9b6cf5cc2fa920c6b,持卡人消费,15公寓浴池,-0.53,87.35,8391,正常
2016/06/14 20:00:48,53015651b0d8ea1129d5918db5c1ecb10d4ebd55,1c4a595e0d72142bdae405b9b6cf5cc2fa920c6b,持卡人消费,15公寓浴池,-0.11,87.24,8393,正常
2016/06/14 20:05:00,53015651b0d8ea1129d5918db5c1ecb10d4ebd55,1c4a595e0d72142bdae405b9b6cf5cc2fa920c6b,持卡人消费,15公寓浴池,-0.56,86.68,8395,正常
2016/06/14 20:07:16,53015651b0d8ea1129d5918db5c1ecb10d4ebd55,1c4a595e0d72142bdae405b9b6cf5cc2fa920c6b,持卡人消费,15公寓浴池,-0.14,86.54,8397,正常
2016/06/14 20:14:05,53015651b0d8ea1129d5918db5c1ecb10d4ebd55,1c4a595e0d72142bdae405b9b6cf5cc2fa920c6b,持卡人消费,15公寓浴池,-0.42,86.12,8399,正常
2016/06/14 20:18:29,53015651b0d8ea1129d5918db5c1ecb10d4ebd55,1c4a595e0d72142bdae405b9b6cf5cc2fa920c6b,持卡人消费,15公寓浴池,-0.61,85.51,8401,正常
2016/06/14 20:20:53,53015651b0d8ea1129d5918db5c1ecb10d4ebd55,1c4a595e0d72142bdae405b9b6cf5cc2fa920c6b,持卡人消费,15公寓浴池,-0.27,85.24,8403,正常
2016/06/15 12:00:16,53015651b0d8ea1129d5918db5c1ecb10d4ebd55,1c4a595e0d72142bdae405b9b6cf5cc2fa920c6b,持卡人消费,学苑楼商务网关,-8.0,77.24,8404,正常
2016/06/16 11:18:08,53015651b0d8ea1129d5918db5c1ecb10d4ebd55,1c4a595e0d72142bdae405b9b6cf5cc2fa920c6b,持卡人消费,学苑楼商务网关,-3.0,74.24,8405,正常
2016/06/16 11:20:30,53015651b0d8ea1129d5918db5c1ecb10d4ebd55,1c4a595e0d72142bdae405b9b6cf5cc2fa920c6b,持卡人消费,学苑楼商务网关,-6.0,68.24,8406,正常
2016/06/16 19:48:45,53015651b0d8ea1129d5918db5c1ecb10d4ebd55,1c4a595e0d72142bdae405b9b6cf5cc2fa920c6b,持卡人消费,15公寓浴池,-0.18,68.06,8408,正常
2016/06/16 19:50:53,53015651b0d8ea1129d5918db5c1ecb10d4ebd55,1c4a595e0d72142bdae405b9b6cf5cc2fa920c6b,持卡人消费,15公寓浴池,-0.16,67.90,8410,正常
2016/06/16 19:52:57,53015651b0d8ea1129d5918db5c1ecb10d4ebd55,1c4a595e0d72142bdae405b9b6cf5cc2fa920c6b,持卡人消费,15公寓浴池,-0.18,67.72,8412,正常
2016/06/16 19:58:05,53015651b0d8ea1129d5918db5c1ecb10d4ebd55,1c4a595e0d72142bdae405b9b6cf5cc2fa920c6b,持卡人消费,15公寓浴池,-0.75,66.97,8414,正常
2016/06/16 20:06:20,53015651b0d8ea1129d5918db5c1ecb10d4ebd55,1c4a595e0d72142bdae405b9b6cf5cc2fa920c6b,持卡人消费,15公寓浴池,-0.18,66.79,8416,正常
2016/06/16 20:09:32,53015651b0d8ea1129d5918db5c1ecb10d4ebd55,1c4a595e0d72142bdae405b9b6cf5cc2fa920c6b,持卡人消费,15公寓浴池,-0.08,66.71,8418,正常
2016/06/16 20:13:13,53015651b0d8ea1129d5918db5c1ecb10d4ebd55,1c4a595e0d72142bdae405b9b6cf5cc2fa920c6b,持卡人消费,15公寓浴池,-0.13,66.58,8420,正常
2016/06/16 20:14:58,53015651b0d8ea1129d5918db5c1ecb10d4ebd55,1c4a595e0d72142bdae405b9b6cf5cc2fa920c6b,持卡人消费,15公寓浴池,-0.13,66.45,8422,正常
2016/06/16 20:19:29,53015651b0d8ea1129d5918db5c1ecb10d4ebd55,1c4a595e0d72142bdae405b9b6cf5cc2fa920c6b,持卡人消费,15公寓浴池,-0.62,65.83,8424,正常
2016/06/16 20:26:14,53015651b0d8ea1129d5918db5c1ecb10d4ebd55,1c4a595e0d72142bdae405b9b6cf5cc2fa920c6b,持卡人消费,15公寓浴池,-0.27,65.56,8426,正常
2016/06/16 20:31:11,53015651b0d8ea1129d5918db5c1ecb10d4ebd55,1c4a595e0d72142bdae405b9b6cf5cc2fa920c6b,持卡人消费,15公寓浴池,-0.69,64.87,8428,正常
2016/06/16 20:35:14,53015651b0d8ea1129d5918db5c1ecb10d4ebd55,1c4a595e0d72142bdae405b9b6cf5cc2fa920c6b,持卡人消费,15公寓浴池,-0.48,64.39,8430,正常
2016/06/17 10:25:06,53015651b0d8ea1129d5918db5c1ecb10d4ebd55,1c4a595e0d72142bdae405b9b6cf5cc2fa920c6b,持卡人消费,九食堂商务网关,-8.0,56.39,8431,正常
2016/06/17 14:13:04,53015651b0d8ea1129d5918db5c1ecb10d4ebd55,1c4a595e0d72142bdae405b9b6cf5cc2fa920c6b,持卡人消费,学子超市园丁总店,-7.0,49.39,8432,正常
2016/06/17 20:20:40,53015651b0d8ea1129d5918db5c1ecb10d4ebd55,1c4a595e0d72142bdae405b9b6cf5cc2fa920c6b,持卡人消费,15公寓浴池,-0.38,49.01,8434,正常
2016/06/17 20:26:51,53015651b0d8ea1129d5918db5c1ecb10d4ebd55,1c4a595e0d72142bdae405b9b6cf5cc2fa920c6b,持卡人消费,15公寓浴池,-0.85,48.16,8436,正常
2016/06/19 19:16:16,53015651b0d8ea1129d5918db5c1ecb10d4ebd55,1c4a595e0d72142bdae405b9b6cf5cc2fa920c6b,持卡人消费,15公寓浴池,-0.24,47.92,8438,正常
2016/06/19 19:19:48,53015651b0d8ea1129d5918db5c1ecb10d4ebd55,1c4a595e0d72142bdae405b9b6cf5cc2fa920c6b,持卡人消费,15公寓浴池,-0.43,47.49,8440,正常
2016/06/19 19:23:47,53015651b0d8ea1129d5918db5c1ecb10d4ebd55,1c4a595e0d72142bdae405b9b6cf5cc2fa920c6b,持卡人消费,15公寓浴池,-0.7,46.79,8442,正常
2016/06/19 19:25:01,53015651b0d8ea1129d5918db5c1ecb10d4ebd55,1c4a595e0d72142bdae405b9b6cf5cc2fa920c6b,持卡人消费,15公寓浴池,-0.13,46.66,8444,正常
2016/06/19 19:28:33,53015651b0d8ea1129d5918db5c1ecb10d4ebd55,1c4a595e0d72142bdae405b9b6cf5cc2fa920c6b,持卡人消费,15公寓浴池,-0.4,46.26,8446,正常
2016/06/19 19:33:14,53015651b0d8ea1129d5918db5c1ecb10d4ebd55,1c4a595e0d72142bdae405b9b6cf5cc2fa920c6b,持卡人消费,15公寓浴池,-0.61,45.65,8448,正常
2016/06/21 12:00:12,53015651b0d8ea1129d5918db5c1ecb10d4ebd55,1c4a595e0d72142bdae405b9b6cf5cc2fa920c6b,持卡人消费,学苑楼商务网关,-6.0,39.65,8449,正常
2016/06/21 12:37:57,53015651b0d8ea1129d5918db5c1ecb10d4ebd55,1c4a595e0d72142bdae405b9b6cf5cc2fa920c6b,持卡人消费,超市商务子系统,-6.0,33.65,8450,正常
2016/06/22 11:50:45,53015651b0d8ea1129d5918db5c1ecb10d4ebd55,1c4a595e0d72142bdae405b9b6cf5cc2fa920c6b,持卡人消费,学苑楼商务网关,-9.0,24.65,8451,正常
2016/06/22 12:08:11,53015651b0d8ea1129d5918db5c1ecb10d4ebd55,1c4a595e0d72142bdae405b9b6cf5cc2fa920c6b,持卡人消费,学苑楼商务网关,-14.2,10.45,8452,正常
2016/06/22 14:58:49,53015651b0d8ea1129d5918db5c1ecb10d4ebd55,1c4a595e0d72142bdae405b9b6cf5cc2fa920c6b,存款,现金充值机,100.0,110.45,8453,正常
2016/06/22 15:22:15,53015651b0d8ea1129d5918db5c1ecb10d4ebd55,1c4a595e0d72142bdae405b9b6cf5cc2fa920c6b,持卡人消费,超市商务子系统,-7.0,103.45,8454,正常
2016/06/22 19:15:39,53015651b0d8ea1129d5918db5c1ecb10d4ebd55,1c4a595e0d72142bdae405b9b6cf5cc2fa920c6b,持卡人消费,15公寓浴池,-0.27,103.18,8456,正常
2016/06/22 19:17:43,53015651b0d8ea1129d5918db5c1ecb10d4ebd55,1c4a595e0d72142bdae405b9b6cf5cc2fa920c6b,持卡人消费,15公寓浴池,-0.14,103.04,8458,正常
2016/06/22 19:19:52,53015651b0d8ea1129d5918db5c1ecb10d4ebd55,1c4a595e0d72142bdae405b9b6cf5cc2fa920c6b,持卡人消费,15公寓浴池,-0.19,102.85,8460,正常
2016/06/22 19:22:10,53015651b0d8ea1129d5918db5c1ecb10d4ebd55,1c4a595e0d72142bdae405b9b6cf5cc2fa920c6b,持卡人消费,15公寓浴池,-0.19,102.66,8462,正常
2016/06/22 19:23:02,53015651b0d8ea1129d5918db5c1ecb10d4ebd55,1c4a595e0d72142bdae405b9b6cf5cc2fa920c6b,持卡人消费,15公寓浴池,-0.06,102.60,8464,正常
2016/06/22 19:26:35,53015651b0d8ea1129d5918db5c1ecb10d4ebd55,1c4a595e0d72142bdae405b9b6cf5cc2fa920c6b,持卡人消费,15公寓浴池,-0.4,102.20,8466,正常
2016/06/22 19:32:58,53015651b0d8ea1129d5918db5c1ecb10d4ebd55,1c4a595e0d72142bdae405b9b6cf5cc2fa920c6b,持卡人消费,15公寓浴池,-0.11,102.09,8468,正常
2016/06/22 19:36:22,53015651b0d8ea1129d5918db5c1ecb10d4ebd55,1c4a595e0d72142bdae405b9b6cf5cc2fa920c6b,持卡人消费,15公寓浴池,-0.1,101.99,8470,正常
2016/06/22 19:40:03,53015651b0d8ea1129d5918db5c1ecb10d4ebd55,1c4a595e0d72142bdae405b9b6cf5cc2fa920c6b,持卡人消费,15公寓浴池,-0.11,101.88,8472,正常
2016/06/22 19:45:17,53015651b0d8ea1129d5918db5c1ecb10d4ebd55,1c4a595e0d72142bdae405b9b6cf5cc2fa920c6b,持卡人消费,15公寓浴池,-0.35,101.53,8474,正常
2016/06/22 19:48:32,53015651b0d8ea1129d5918db5c1ecb10d4ebd55,1c4a595e0d72142bdae405b9b6cf5cc2fa920c6b,持卡人消费,15公寓浴池,-0.26,101.27,8476,正常
2016/06/22 19:50:13,53015651b0d8ea1129d5918db5c1ecb10d4ebd55,1c4a595e0d72142bdae405b9b6cf5cc2fa920c6b,持卡人消费,15公寓浴池,-0.19,101.08,8478,正常
2016/06/22 19:52:50,53015651b0d8ea1129d5918db5c1ecb10d4ebd55,1c4a595e0d72142bdae405b9b6cf5cc2fa920c6b,持卡人消费,15公寓浴池,-0.14,100.94,8480,正常
2016/06/22 19:56:36,53015651b0d8ea1129d5918db5c1ecb10d4ebd55,1c4a595e0d72142bdae405b9b6cf5cc2fa920c6b,持卡人消费,15公寓浴池,-0.66,100.28,8482,正常
2016/06/22 19:58:23,53015651b0d8ea1129d5918db5c1ecb10d4ebd55,1c4a595e0d72142bdae405b9b6cf5cc2fa920c6b,持卡人消费,15公寓浴池,-0.3,99.98,8484,正常
2016/06/22 20:01:01,53015651b0d8ea1129d5918db5c1ecb10d4ebd55,1c4a595e0d72142bdae405b9b6cf5cc2fa920c6b,持卡人消费,15公寓浴池,-0.24,99.74,8486,正常
2016/06/25 20:05:55,53015651b0d8ea1129d5918db5c1ecb10d4ebd55,1c4a595e0d72142bdae405b9b6cf5cc2fa920c6b,持卡人消费,15公寓浴池,-0.58,99.16,8488,正常
2016/06/25 20:12:00,53015651b0d8ea1129d5918db5c1ecb10d4ebd55,1c4a595e0d72142bdae405b9b6cf5cc2fa920c6b,持卡人消费,15公寓浴池,-0.96,98.20,8490,正常
2016/06/25 20:16:20,53015651b0d8ea1129d5918db5c1ecb10d4ebd55,1c4a595e0d72142bdae405b9b6cf5cc2fa920c6b,持卡人消费,15公寓浴池,-0.1,98.10,8492,正常
2016/06/25 20:17:33,53015651b0d8ea1129d5918db5c1ecb10d4ebd55,1c4a595e0d72142bdae405b9b6cf5cc2fa920c6b,持卡人消费,15公寓浴池,-0.11,97.99,8494,正常
2016/06/25 20:19:40,53015651b0d8ea1129d5918db5c1ecb10d4ebd55,1c4a595e0d72142bdae405b9b6cf5cc2fa920c6b,持卡人消费,15公寓浴池,-0.06,97.93,8496,正常
2016/06/25 20:24:58,53015651b0d8ea1129d5918db5c1ecb10d4ebd55,1c4a595e0d72142bdae405b9b6cf5cc2fa920c6b,持卡人消费,15公寓浴池,-0.64,97.29,8498,正常
2016/06/25 20:28:40,53015651b0d8ea1129d5918db5c1ecb10d4ebd55,1c4a595e0d72142bdae405b9b6cf5cc2fa920c6b,持卡人消费,15公寓浴池,-0.21,97.08,8500,正常
2016/06/25 20:31:57,53015651b0d8ea1129d5918db5c1ecb10d4ebd55,1c4a595e0d72142bdae405b9b6cf5cc2fa920c6b,持卡人消费,15公寓浴池,-0.11,96.97,8502,正常
2016/06/25 20:34:24,53015651b0d8ea1129d5918db5c1ecb10d4ebd55,1c4a595e0d72142bdae405b9b6cf5cc2fa920c6b,持卡人消费,15公寓浴池,-0.21,96.76,8504,正常
2016/06/25 20:40:43,53015651b0d8ea1129d5918db5c1ecb10d4ebd55,1c4a595e0d72142bdae405b9b6cf5cc2fa920c6b,持卡人消费,15公寓浴池,-0.74,96.02,8506,正常
2016/06/25 20:43:58,53015651b0d8ea1129d5918db5c1ecb10d4ebd55,1c4a595e0d72142bdae405b9b6cf5cc2fa920c6b,持卡人消费,15公寓浴池,-0.32,95.70,8508,正常
2016/06/26 17:56:19,53015651b0d8ea1129d5918db5c1ecb10d4ebd55,1c4a595e0d72142bdae405b9b6cf5cc2fa920c6b,持卡人消费,学苑楼商务网关,-8.0,87.70,8509,正常
2016/06/27 20:15:17,53015651b0d8ea1129d5918db5c1ecb10d4ebd55,1c4a595e0d72142bdae405b9b6cf5cc2fa920c6b,持卡人消费,15公寓浴池,-0.78,86.92,8511,正常
2016/06/27 20:18:54,53015651b0d8ea1129d5918db5c1ecb10d4ebd55,1c4a595e0d72142bdae405b9b6cf5cc2fa920c6b,持卡人消费,15公寓浴池,-0.34,86.58,8513,正常
2016/06/27 20:20:30,53015651b0d8ea1129d5918db5c1ecb10d4ebd55,1c4a595e0d72142bdae405b9b6cf5cc2fa920c6b,持卡人消费,15公寓浴池,-0.19,86.39,8515,正常
2016/06/27 20:23:12,53015651b0d8ea1129d5918db5c1ecb10d4ebd55,1c4a595e0d72142bdae405b9b6cf5cc2fa920c6b,持卡人消费,15公寓浴池,-0.26,86.13,8517,正常
2016/06/27 20:27:34,53015651b0d8ea1129d5918db5c1ecb10d4ebd55,1c4a595e0d72142bdae405b9b6cf5cc2fa920c6b,持卡人消费,15公寓浴池,-0.64,85.49,8519,正常
2016/06/27 20:30:52,53015651b0d8ea1129d5918db5c1ecb10d4ebd55,1c4a595e0d72142bdae405b9b6cf5cc2fa920c6b,持卡人消费,15公寓浴池,-0.4,85.09,8521,正常
2016/06/28 20:25:22,53015651b0d8ea1129d5918db5c1ecb10d4ebd55,1c4a595e0d72142bdae405b9b6cf5cc2fa920c6b,持卡人消费,15公寓浴池,-1.95,83.14,8523,正常
2016/06/28 20:26:56,53015651b0d8ea1129d5918db5c1ecb10d4ebd55,1c4a595e0d72142bdae405b9b6cf5cc2fa920c6b,持卡人消费,15公寓浴池,-0.11,83.03,8525,正常
2016/06/28 20:31:48,53015651b0d8ea1129d5918db5c1ecb10d4ebd55,1c4a595e0d72142bdae405b9b6cf5cc2fa920c6b,持卡人消费,15公寓浴池,-0.77,82.26,8527,正常
2016/06/29 11:59:55,53015651b0d8ea1129d5918db5c1ecb10d4ebd55,1c4a595e0d72142bdae405b9b6cf5cc2fa920c6b,持卡人消费,学苑楼商务网关,-8.0,74.26,8528,正常
2016/06/29 12:40:41,53015651b0d8ea1129d5918db5c1ecb10d4ebd55,1c4a595e0d72142bdae405b9b6cf5cc2fa920c6b,持卡人消费,学苑楼商务网关,-7.1,67.16,8529,正常
