交易发生时间,学号,姓名,交易类型,子系统名称,交易额,现有余额,次数,状态
2016/06/01 10:15:37,ad761d034a09270c0c08868aaaa9417737b751ff,1c4c2acda8d9e15e744df1cab4796b12c176bbea,持卡人消费,学子便利店B07,-4.0,431.40,7355,正常
2016/06/01 12:08:59,ad761d034a09270c0c08868aaaa9417737b751ff,1c4c2acda8d9e15e744df1cab4796b12c176bbea,持卡人消费,学子便利店B07,-6.3,425.10,7356,正常
2016/06/01 19:58:56,ad761d034a09270c0c08868aaaa9417737b751ff,1c4c2acda8d9e15e744df1cab4796b12c176bbea,持卡人消费,二区水控,-0.7,424.40,7358,正常
2016/06/01 20:08:30,ad761d034a09270c0c08868aaaa9417737b751ff,1c4c2acda8d9e15e744df1cab4796b12c176bbea,持卡人消费,二区水控,-1.46,422.94,7360,正常
2016/06/01 22:35:45,ad761d034a09270c0c08868aaaa9417737b751ff,1c4c2acda8d9e15e744df1cab4796b12c176bbea,持卡人消费,学子便利店B07,-2.0,420.94,7361,正常
2016/06/02 11:21:23,ad761d034a09270c0c08868aaaa9417737b751ff,1c4c2acda8d9e15e744df1cab4796b12c176bbea,持卡人消费,九食堂商务网关,-12.0,408.94,7362,正常
2016/06/02 11:21:40,ad761d034a09270c0c08868aaaa9417737b751ff,1c4c2acda8d9e15e744df1cab4796b12c176bbea,持卡人消费,九食堂商务网关,-8.0,400.94,7363,正常
2016/06/02 17:25:57,ad761d034a09270c0c08868aaaa9417737b751ff,1c4c2acda8d9e15e744df1cab4796b12c176bbea,持卡人消费,九食堂商务网关,-7.0,393.94,7364,正常
2016/06/02 18:52:58,ad761d034a09270c0c08868aaaa9417737b751ff,1c4c2acda8d9e15e744df1cab4796b12c176bbea,持卡人消费,二区水控,-0.75,393.19,7365,正常
2016/06/02 19:02:45,ad761d034a09270c0c08868aaaa9417737b751ff,1c4c2acda8d9e15e744df1cab4796b12c176bbea,持卡人消费,二区水控,-1.5,391.69,7366,正常
2016/06/03 11:09:02,ad761d034a09270c0c08868aaaa9417737b751ff,1c4c2acda8d9e15e744df1cab4796b12c176bbea,持卡人消费,九食堂商务网关,-11.0,380.69,7367,正常
2016/06/03 11:10:10,ad761d034a09270c0c08868aaaa9417737b751ff,1c4c2acda8d9e15e744df1cab4796b12c176bbea,持卡人消费,九食堂商务网关,-10.0,370.69,7368,正常
2016/06/03 20:47:42,ad761d034a09270c0c08868aaaa9417737b751ff,1c4c2acda8d9e15e744df1cab4796b12c176bbea,持卡人消费,二区水控,-0.02,370.67,7370,正常
2016/06/03 20:51:35,ad761d034a09270c0c08868aaaa9417737b751ff,1c4c2acda8d9e15e744df1cab4796b12c176bbea,持卡人消费,二区水控,-0.67,370.00,7372,正常
2016/06/03 21:00:20,ad761d034a09270c0c08868aaaa9417737b751ff,1c4c2acda8d9e15e744df1cab4796b12c176bbea,持卡人消费,二区水控,-1.39,368.61,7374,正常
2016/06/04 09:54:13,ad761d034a09270c0c08868aaaa9417737b751ff,1c4c2acda8d9e15e744df1cab4796b12c176bbea,持卡人消费,学子便利店B07,-4.4,364.21,7375,正常
2016/06/04 16:50:40,ad761d034a09270c0c08868aaaa9417737b751ff,1c4c2acda8d9e15e744df1cab4796b12c176bbea,持卡人消费,九食堂商务网关,-7.0,357.21,7376,正常
2016/06/04 16:50:54,ad761d034a09270c0c08868aaaa9417737b751ff,1c4c2acda8d9e15e744df1cab4796b12c176bbea,持卡人消费,九食堂商务网关,-9.0,348.21,7377,正常
2016/06/04 19:41:37,ad761d034a09270c0c08868aaaa9417737b751ff,1c4c2acda8d9e15e744df1cab4796b12c176bbea,持卡人消费,二区水控,-0.56,347.65,7379,正常
2016/06/04 19:51:58,ad761d034a09270c0c08868aaaa9417737b751ff,1c4c2acda8d9e15e744df1cab4796b12c176bbea,持卡人消费,二区水控,-1.62,346.03,7381,正常
2016/06/05 14:41:49,ad761d034a09270c0c08868aaaa9417737b751ff,1c4c2acda8d9e15e744df1cab4796b12c176bbea,持卡人消费,学子便利店B07,-3.8,342.23,7382,正常
2016/06/05 17:28:52,ad761d034a09270c0c08868aaaa9417737b751ff,1c4c2acda8d9e15e744df1cab4796b12c176bbea,持卡人消费,学子便利店B07,-6.5,335.73,7383,正常
2016/06/05 19:44:36,ad761d034a09270c0c08868aaaa9417737b751ff,1c4c2acda8d9e15e744df1cab4796b12c176bbea,持卡人消费,二区水控,-0.6,335.13,7384,正常
2016/06/05 19:54:54,ad761d034a09270c0c08868aaaa9417737b751ff,1c4c2acda8d9e15e744df1cab4796b12c176bbea,持卡人消费,二区水控,-1.47,333.66,7385,正常
2016/06/06 17:37:29,ad761d034a09270c0c08868aaaa9417737b751ff,1c4c2acda8d9e15e744df1cab4796b12c176bbea,持卡人消费,九食堂商务网关,-3.5,330.16,7386,正常
2016/06/06 17:38:02,ad761d034a09270c0c08868aaaa9417737b751ff,1c4c2acda8d9e15e744df1cab4796b12c176bbea,持卡人消费,九食堂商务网关,-2.0,328.16,7387,正常
2016/06/06 17:38:39,ad761d034a09270c0c08868aaaa9417737b751ff,1c4c2acda8d9e15e744df1cab4796b12c176bbea,持卡人消费,九食堂商务网关,-5.6,322.56,7388,正常
2016/06/06 17:39:00,ad761d034a09270c0c08868aaaa9417737b751ff,1c4c2acda8d9e15e744df1cab4796b12c176bbea,持卡人消费,九食堂商务网关,-5.0,317.56,7389,正常
2016/06/06 18:32:26,ad761d034a09270c0c08868aaaa9417737b751ff,1c4c2acda8d9e15e744df1cab4796b12c176bbea,持卡人消费,二区水控,-0.64,316.92,7390,正常
2016/06/06 18:44:57,ad761d034a09270c0c08868aaaa9417737b751ff,1c4c2acda8d9e15e744df1cab4796b12c176bbea,持卡人消费,二区水控,-1.93,314.99,7391,正常
2016/06/07 11:26:10,ad761d034a09270c0c08868aaaa9417737b751ff,1c4c2acda8d9e15e744df1cab4796b12c176bbea,持卡人消费,九食堂商务网关,-8.0,306.99,7392,正常
2016/06/07 11:26:14,ad761d034a09270c0c08868aaaa9417737b751ff,1c4c2acda8d9e15e744df1cab4796b12c176bbea,持卡人消费,九食堂商务网关,-8.0,298.99,7393,正常
2016/06/07 11:44:54,ad761d034a09270c0c08868aaaa9417737b751ff,1c4c2acda8d9e15e744df1cab4796b12c176bbea,持卡人消费,九食堂商务网关,-9.0,289.99,7394,正常
2016/06/07 18:49:14,ad761d034a09270c0c08868aaaa9417737b751ff,1c4c2acda8d9e15e744df1cab4796b12c176bbea,持卡人消费,二区水控,-0.61,289.38,7396,正常
2016/06/07 19:01:28,ad761d034a09270c0c08868aaaa9417737b751ff,1c4c2acda8d9e15e744df1cab4796b12c176bbea,持卡人消费,二区水控,-2.02,287.36,7398,正常
2016/06/08 09:32:23,ad761d034a09270c0c08868aaaa9417737b751ff,1c4c2acda8d9e15e744df1cab4796b12c176bbea,持卡人消费,学子便利店B07,-1.2,286.16,7399,正常
2016/06/08 11:17:40,ad761d034a09270c0c08868aaaa9417737b751ff,1c4c2acda8d9e15e744df1cab4796b12c176bbea,持卡人消费,九食堂商务网关,-3.6,282.56,7400,正常
2016/06/08 11:17:46,ad761d034a09270c0c08868aaaa9417737b751ff,1c4c2acda8d9e15e744df1cab4796b12c176bbea,持卡人消费,九食堂商务网关,-1.0,281.56,7401,正常
2016/06/08 11:17:50,ad761d034a09270c0c08868aaaa9417737b751ff,1c4c2acda8d9e15e744df1cab4796b12c176bbea,持卡人消费,九食堂商务网关,-1.0,280.56,7402,正常
2016/06/08 11:29:48,ad761d034a09270c0c08868aaaa9417737b751ff,1c4c2acda8d9e15e744df1cab4796b12c176bbea,持卡人消费,九食堂商务网关,-1.3,279.26,7403,正常
2016/06/08 17:12:59,ad761d034a09270c0c08868aaaa9417737b751ff,1c4c2acda8d9e15e744df1cab4796b12c176bbea,持卡人消费,九食堂商务网关,-12.0,267.26,7404,正常
2016/06/08 17:27:12,ad761d034a09270c0c08868aaaa9417737b751ff,1c4c2acda8d9e15e744df1cab4796b12c176bbea,持卡人消费,九食堂商务网关,-5.5,261.76,7405,正常
2016/06/08 18:24:38,ad761d034a09270c0c08868aaaa9417737b751ff,1c4c2acda8d9e15e744df1cab4796b12c176bbea,持卡人消费,二区水控,-0.57,261.19,7406,正常
2016/06/08 18:34:27,ad761d034a09270c0c08868aaaa9417737b751ff,1c4c2acda8d9e15e744df1cab4796b12c176bbea,持卡人消费,二区水控,-1.55,259.64,7407,正常
2016/06/09 09:50:38,ad761d034a09270c0c08868aaaa9417737b751ff,1c4c2acda8d9e15e744df1cab4796b12c176bbea,持卡人消费,学子便利店B07,-1.2,258.44,7408,正常
2016/06/09 09:50:43,ad761d034a09270c0c08868aaaa9417737b751ff,1c4c2acda8d9e15e744df1cab4796b12c176bbea,持卡人消费,学子便利店B07,-1.0,257.44,7409,正常
2016/06/09 11:58:28,ad761d034a09270c0c08868aaaa9417737b751ff,1c4c2acda8d9e15e744df1cab4796b12c176bbea,持卡人消费,九食堂商务网关,-2.5,254.94,7410,正常
2016/06/09 11:58:37,ad761d034a09270c0c08868aaaa9417737b751ff,1c4c2acda8d9e15e744df1cab4796b12c176bbea,持卡人消费,九食堂商务网关,-0.8,254.14,7411,正常
2016/06/09 11:58:58,ad761d034a09270c0c08868aaaa9417737b751ff,1c4c2acda8d9e15e744df1cab4796b12c176bbea,持卡人消费,九食堂商务网关,-1.0,253.14,7412,正常
2016/06/09 15:23:05,ad761d034a09270c0c08868aaaa9417737b751ff,1c4c2acda8d9e15e744df1cab4796b12c176bbea,持卡人消费,学子便利店B05,-3.6,249.54,7413,正常
2016/06/10 11:17:48,ad761d034a09270c0c08868aaaa9417737b751ff,1c4c2acda8d9e15e744df1cab4796b12c176bbea,持卡人消费,九食堂商务网关,-8.0,241.54,7414,正常
2016/06/10 11:30:28,ad761d034a09270c0c08868aaaa9417737b751ff,1c4c2acda8d9e15e744df1cab4796b12c176bbea,持卡人消费,九食堂商务网关,-12.16,229.38,7415,正常
2016/06/10 11:53:22,ad761d034a09270c0c08868aaaa9417737b751ff,1c4c2acda8d9e15e744df1cab4796b12c176bbea,持卡人消费,九食堂商务网关,-8.0,221.38,7416,正常
2016/06/10 17:06:04,ad761d034a09270c0c08868aaaa9417737b751ff,1c4c2acda8d9e15e744df1cab4796b12c176bbea,持卡人消费,九食堂商务网关,-3.0,218.38,7417,正常
2016/06/10 17:06:43,ad761d034a09270c0c08868aaaa9417737b751ff,1c4c2acda8d9e15e744df1cab4796b12c176bbea,持卡人消费,九食堂商务网关,-2.0,216.38,7418,正常
2016/06/10 17:07:19,ad761d034a09270c0c08868aaaa9417737b751ff,1c4c2acda8d9e15e744df1cab4796b12c176bbea,持卡人消费,九食堂商务网关,-1.0,215.38,7419,正常
2016/06/10 17:07:35,ad761d034a09270c0c08868aaaa9417737b751ff,1c4c2acda8d9e15e744df1cab4796b12c176bbea,持卡人消费,九食堂商务网关,-1.2,214.18,7420,正常
2016/06/10 18:27:02,ad761d034a09270c0c08868aaaa9417737b751ff,1c4c2acda8d9e15e744df1cab4796b12c176bbea,持卡人消费,二区水控,-0.7,213.48,7422,正常
2016/06/10 18:27:49,ad761d034a09270c0c08868aaaa9417737b751ff,1c4c2acda8d9e15e744df1cab4796b12c176bbea,持卡人消费,二区水控,-0.03,213.45,7424,正常
2016/06/10 18:37:08,ad761d034a09270c0c08868aaaa9417737b751ff,1c4c2acda8d9e15e744df1cab4796b12c176bbea,持卡人消费,二区水控,-1.47,211.98,7426,正常
2016/06/11 00:34:37,ad761d034a09270c0c08868aaaa9417737b751ff,1c4c2acda8d9e15e744df1cab4796b12c176bbea,持卡人消费,网络中心,-30.0,181.98,7427,正常
2016/06/11 11:36:58,ad761d034a09270c0c08868aaaa9417737b751ff,1c4c2acda8d9e15e744df1cab4796b12c176bbea,持卡人消费,九食堂商务网关,-12.0,169.98,7428,正常
2016/06/11 11:50:46,ad761d034a09270c0c08868aaaa9417737b751ff,1c4c2acda8d9e15e744df1cab4796b12c176bbea,持卡人消费,九食堂商务网关,-2.5,167.48,7429,正常
2016/06/11 17:09:30,ad761d034a09270c0c08868aaaa9417737b751ff,1c4c2acda8d9e15e744df1cab4796b12c176bbea,持卡人消费,九食堂商务网关,-11.0,156.48,7430,正常
2016/06/11 18:37:03,ad761d034a09270c0c08868aaaa9417737b751ff,1c4c2acda8d9e15e744df1cab4796b12c176bbea,持卡人消费,二区水控,-0.72,155.76,7432,正常
2016/06/11 18:49:16,ad761d034a09270c0c08868aaaa9417737b751ff,1c4c2acda8d9e15e744df1cab4796b12c176bbea,持卡人消费,二区水控,-1.82,153.94,7434,正常
2016/06/12 09:42:18,ad761d034a09270c0c08868aaaa9417737b751ff,1c4c2acda8d9e15e744df1cab4796b12c176bbea,持卡人消费,学子便利店B07,-8.6,145.34,7435,正常
2016/06/12 11:47:29,ad761d034a09270c0c08868aaaa9417737b751ff,1c4c2acda8d9e15e744df1cab4796b12c176bbea,持卡人消费,九食堂商务网关,-6.4,138.94,7436,正常
2016/06/12 17:51:46,ad761d034a09270c0c08868aaaa9417737b751ff,1c4c2acda8d9e15e744df1cab4796b12c176bbea,持卡人消费,九食堂商务网关,-2.9,136.04,7437,正常
2016/06/12 17:52:00,ad761d034a09270c0c08868aaaa9417737b751ff,1c4c2acda8d9e15e744df1cab4796b12c176bbea,持卡人消费,九食堂商务网关,-0.7,135.34,7438,正常
2016/06/12 18:32:57,ad761d034a09270c0c08868aaaa9417737b751ff,1c4c2acda8d9e15e744df1cab4796b12c176bbea,持卡人消费,二区水控,-0.77,134.57,7440,正常
2016/06/12 18:34:13,ad761d034a09270c0c08868aaaa9417737b751ff,1c4c2acda8d9e15e744df1cab4796b12c176bbea,持卡人消费,二区水控,-0.03,134.54,7442,正常
2016/06/12 18:46:02,ad761d034a09270c0c08868aaaa9417737b751ff,1c4c2acda8d9e15e744df1cab4796b12c176bbea,持卡人消费,二区水控,-1.9,132.64,7444,正常
2016/06/13 09:59:16,ad761d034a09270c0c08868aaaa9417737b751ff,1c4c2acda8d9e15e744df1cab4796b12c176bbea,持卡人消费,学子便利店B07,-2.5,130.14,7445,正常
2016/06/13 09:59:20,ad761d034a09270c0c08868aaaa9417737b751ff,1c4c2acda8d9e15e744df1cab4796b12c176bbea,持卡人消费,学子便利店B07,-2.0,128.14,7446,正常
2016/06/13 11:47:43,ad761d034a09270c0c08868aaaa9417737b751ff,1c4c2acda8d9e15e744df1cab4796b12c176bbea,持卡人消费,九食堂商务网关,-3.0,125.14,7447,正常
2016/06/13 11:48:21,ad761d034a09270c0c08868aaaa9417737b751ff,1c4c2acda8d9e15e744df1cab4796b12c176bbea,持卡人消费,九食堂商务网关,-2.0,123.14,7448,正常
2016/06/13 11:48:25,ad761d034a09270c0c08868aaaa9417737b751ff,1c4c2acda8d9e15e744df1cab4796b12c176bbea,持卡人消费,九食堂商务网关,-0.8,122.34,7449,正常
2016/06/13 11:49:47,ad761d034a09270c0c08868aaaa9417737b751ff,1c4c2acda8d9e15e744df1cab4796b12c176bbea,持卡人消费,九食堂商务网关,-2.0,120.34,7450,正常
2016/06/14 17:24:45,ad761d034a09270c0c08868aaaa9417737b751ff,1c4c2acda8d9e15e744df1cab4796b12c176bbea,持卡人消费,九食堂商务网关,-5.0,115.34,7451,正常
2016/06/14 17:25:08,ad761d034a09270c0c08868aaaa9417737b751ff,1c4c2acda8d9e15e744df1cab4796b12c176bbea,持卡人消费,九食堂商务网关,-2.5,112.84,7452,正常
2016/06/14 17:25:23,ad761d034a09270c0c08868aaaa9417737b751ff,1c4c2acda8d9e15e744df1cab4796b12c176bbea,持卡人消费,九食堂商务网关,-0.8,112.04,7453,正常
2016/06/14 19:35:47,ad761d034a09270c0c08868aaaa9417737b751ff,1c4c2acda8d9e15e744df1cab4796b12c176bbea,持卡人消费,二区水控,-0.7,111.34,7455,正常
2016/06/14 19:47:16,ad761d034a09270c0c08868aaaa9417737b751ff,1c4c2acda8d9e15e744df1cab4796b12c176bbea,持卡人消费,二区水控,-1.78,109.56,7457,正常
2016/06/14 19:48:04,ad761d034a09270c0c08868aaaa9417737b751ff,1c4c2acda8d9e15e744df1cab4796b12c176bbea,持卡人消费,二区水控,-0.08,109.48,7459,正常
2016/06/14 20:11:55,ad761d034a09270c0c08868aaaa9417737b751ff,1c4c2acda8d9e15e744df1cab4796b12c176bbea,持卡人消费,学子便利店B07,-1.2,108.28,7460,正常
2016/06/15 20:49:36,ad761d034a09270c0c08868aaaa9417737b751ff,1c4c2acda8d9e15e744df1cab4796b12c176bbea,持卡人消费,二区水控,-0.43,107.85,7462,正常
2016/06/15 20:58:08,ad761d034a09270c0c08868aaaa9417737b751ff,1c4c2acda8d9e15e744df1cab4796b12c176bbea,持卡人消费,二区水控,-1.36,106.49,7464,正常
2016/06/16 13:01:16,ad761d034a09270c0c08868aaaa9417737b751ff,1c4c2acda8d9e15e744df1cab4796b12c176bbea,持卡人消费,学子便利店B07,-3.0,103.49,7465,正常
2016/06/16 17:31:27,ad761d034a09270c0c08868aaaa9417737b751ff,1c4c2acda8d9e15e744df1cab4796b12c176bbea,持卡人消费,九食堂商务网关,-10.0,93.49,7466,正常
2016/06/16 17:32:05,ad761d034a09270c0c08868aaaa9417737b751ff,1c4c2acda8d9e15e744df1cab4796b12c176bbea,持卡人消费,九食堂商务网关,-1.0,92.49,7467,正常
2016/06/16 17:33:35,ad761d034a09270c0c08868aaaa9417737b751ff,1c4c2acda8d9e15e744df1cab4796b12c176bbea,持卡人消费,九食堂商务网关,-11.0,81.49,7468,正常
2016/06/16 19:21:47,ad761d034a09270c0c08868aaaa9417737b751ff,1c4c2acda8d9e15e744df1cab4796b12c176bbea,持卡人消费,二区水控,-0.57,80.92,7469,正常
2016/06/16 19:31:10,ad761d034a09270c0c08868aaaa9417737b751ff,1c4c2acda8d9e15e744df1cab4796b12c176bbea,持卡人消费,二区水控,-1.4,79.52,7470,正常
2016/06/17 11:29:35,ad761d034a09270c0c08868aaaa9417737b751ff,1c4c2acda8d9e15e744df1cab4796b12c176bbea,持卡人消费,九食堂商务网关,-10.0,69.52,7471,正常
2016/06/17 16:49:01,ad761d034a09270c0c08868aaaa9417737b751ff,1c4c2acda8d9e15e744df1cab4796b12c176bbea,持卡人消费,九食堂商务网关,-12.5,57.02,7472,正常
2016/06/17 18:22:56,ad761d034a09270c0c08868aaaa9417737b751ff,1c4c2acda8d9e15e744df1cab4796b12c176bbea,持卡人消费,二区水控,-0.54,56.48,7474,正常
2016/06/17 18:35:45,ad761d034a09270c0c08868aaaa9417737b751ff,1c4c2acda8d9e15e744df1cab4796b12c176bbea,持卡人消费,二区水控,-2.0,54.48,7476,正常
2016/06/17 18:55:27,ad761d034a09270c0c08868aaaa9417737b751ff,1c4c2acda8d9e15e744df1cab4796b12c176bbea,持卡人消费,学子便利店B07,-6.5,47.98,7477,正常
2016/06/18 18:08:46,ad761d034a09270c0c08868aaaa9417737b751ff,1c4c2acda8d9e15e744df1cab4796b12c176bbea,持卡人消费,学子便利店B07,-2.4,45.58,7478,正常
2016/06/18 20:44:29,ad761d034a09270c0c08868aaaa9417737b751ff,1c4c2acda8d9e15e744df1cab4796b12c176bbea,持卡人消费,二区水控,-0.58,45.00,7480,正常
2016/06/18 20:57:16,ad761d034a09270c0c08868aaaa9417737b751ff,1c4c2acda8d9e15e744df1cab4796b12c176bbea,持卡人消费,二区水控,-1.92,43.08,7481,正常
2016/06/19 13:22:16,ad761d034a09270c0c08868aaaa9417737b751ff,1c4c2acda8d9e15e744df1cab4796b12c176bbea,持卡人消费,学子便利店B07,-4.8,38.28,7482,正常
2016/06/19 14:30:03,ad761d034a09270c0c08868aaaa9417737b751ff,1c4c2acda8d9e15e744df1cab4796b12c176bbea,持卡人消费,学子便利店B07,-2.6,35.68,7483,正常
2016/06/19 17:31:41,ad761d034a09270c0c08868aaaa9417737b751ff,1c4c2acda8d9e15e744df1cab4796b12c176bbea,持卡人消费,九食堂商务网关,-9.3,26.38,7484,正常
2016/06/19 19:22:54,ad761d034a09270c0c08868aaaa9417737b751ff,1c4c2acda8d9e15e744df1cab4796b12c176bbea,持卡人消费,四食堂商务网关,-5.0,21.38,7485,正常
2016/06/19 20:49:54,ad761d034a09270c0c08868aaaa9417737b751ff,1c4c2acda8d9e15e744df1cab4796b12c176bbea,持卡人消费,二区水控,-0.59,20.79,7487,正常
2016/06/19 21:00:32,ad761d034a09270c0c08868aaaa9417737b751ff,1c4c2acda8d9e15e744df1cab4796b12c176bbea,持卡人消费,二区水控,-1.68,19.11,7489,正常
2016/06/20 11:25:50,ad761d034a09270c0c08868aaaa9417737b751ff,1c4c2acda8d9e15e744df1cab4796b12c176bbea,持卡人消费,四食堂商务网关,-0.2,18.91,7490,正常
2016/06/20 11:26:04,ad761d034a09270c0c08868aaaa9417737b751ff,1c4c2acda8d9e15e744df1cab4796b12c176bbea,持卡人消费,四食堂商务网关,-10.92,7.99,7491,正常
2016/06/20 20:22:42,ad761d034a09270c0c08868aaaa9417737b751ff,1c4c2acda8d9e15e744df1cab4796b12c176bbea,持卡人消费,学子便利店B07,-2.0,5.99,7492,正常
2016/06/20 20:50:07,ad761d034a09270c0c08868aaaa9417737b751ff,1c4c2acda8d9e15e744df1cab4796b12c176bbea,持卡人消费,学子便利店B07,-2.5,3.49,7493,正常
2016/06/21 11:18:10,ad761d034a09270c0c08868aaaa9417737b751ff,1c4c2acda8d9e15e744df1cab4796b12c176bbea,持卡人消费,九食堂商务网关,-2.5,0.99,7494,正常
2016/06/21 11:18:29,ad761d034a09270c0c08868aaaa9417737b751ff,1c4c2acda8d9e15e744df1cab4796b12c176bbea,持卡人消费,九食堂商务网关,-0.7,0.29,7495,正常
2016/06/22 15:20:29,ad761d034a09270c0c08868aaaa9417737b751ff,1c4c2acda8d9e15e744df1cab4796b12c176bbea,存款,2区卡中心综合业务,300.0,300.29,7496,正常
2016/06/22 22:06:14,ad761d034a09270c0c08868aaaa9417737b751ff,1c4c2acda8d9e15e744df1cab4796b12c176bbea,持卡人消费,学子便利店B07,-3.0,297.29,7497,正常
2016/06/23 12:50:27,ad761d034a09270c0c08868aaaa9417737b751ff,1c4c2acda8d9e15e744df1cab4796b12c176bbea,持卡人消费,二区水控,-0.46,296.83,7498,正常
2016/06/23 13:00:34,ad761d034a09270c0c08868aaaa9417737b751ff,1c4c2acda8d9e15e744df1cab4796b12c176bbea,持卡人消费,二区水控,-1.42,295.41,7499,正常
2016/06/24 08:01:23,ad761d034a09270c0c08868aaaa9417737b751ff,1c4c2acda8d9e15e744df1cab4796b12c176bbea,持卡人消费,学子便利店B07,-4.0,291.41,7500,正常
2016/06/24 10:54:21,ad761d034a09270c0c08868aaaa9417737b751ff,1c4c2acda8d9e15e744df1cab4796b12c176bbea,持卡人消费,超市商务子系统,-6.2,285.21,7501,正常
2016/06/24 17:11:21,ad761d034a09270c0c08868aaaa9417737b751ff,1c4c2acda8d9e15e744df1cab4796b12c176bbea,持卡人消费,九食堂商务网关,-9.0,276.21,7502,正常
2016/06/24 17:12:26,ad761d034a09270c0c08868aaaa9417737b751ff,1c4c2acda8d9e15e744df1cab4796b12c176bbea,持卡人消费,九食堂商务网关,-10.0,266.21,7503,正常
2016/06/24 17:25:29,ad761d034a09270c0c08868aaaa9417737b751ff,1c4c2acda8d9e15e744df1cab4796b12c176bbea,持卡人消费,九食堂商务网关,-6.2,260.01,7504,正常
2016/06/24 17:25:41,ad761d034a09270c0c08868aaaa9417737b751ff,1c4c2acda8d9e15e744df1cab4796b12c176bbea,持卡人消费,九食堂商务网关,-5.0,255.01,7505,正常
2016/06/24 19:49:52,ad761d034a09270c0c08868aaaa9417737b751ff,1c4c2acda8d9e15e744df1cab4796b12c176bbea,持卡人消费,二区水控,-0.66,254.35,7507,正常
2016/06/24 20:00:32,ad761d034a09270c0c08868aaaa9417737b751ff,1c4c2acda8d9e15e744df1cab4796b12c176bbea,持卡人消费,二区水控,-1.62,252.73,7509,正常
2016/06/25 06:38:23,ad761d034a09270c0c08868aaaa9417737b751ff,1c4c2acda8d9e15e744df1cab4796b12c176bbea,持卡人消费,九食堂商务网关,-2.3,250.43,7510,正常
2016/06/25 06:39:42,ad761d034a09270c0c08868aaaa9417737b751ff,1c4c2acda8d9e15e744df1cab4796b12c176bbea,持卡人消费,九食堂商务网关,-0.8,249.63,7511,正常
2016/06/25 09:16:54,ad761d034a09270c0c08868aaaa9417737b751ff,1c4c2acda8d9e15e744df1cab4796b12c176bbea,持卡人消费,超市商务子系统,-8.0,241.63,7512,正常
2016/06/25 09:20:23,ad761d034a09270c0c08868aaaa9417737b751ff,1c4c2acda8d9e15e744df1cab4796b12c176bbea,持卡人消费,超市商务子系统,-1.5,240.13,7513,正常
2016/06/25 16:44:30,ad761d034a09270c0c08868aaaa9417737b751ff,1c4c2acda8d9e15e744df1cab4796b12c176bbea,持卡人消费,二区水控,-0.77,239.36,7515,正常
2016/06/25 16:57:45,ad761d034a09270c0c08868aaaa9417737b751ff,1c4c2acda8d9e15e744df1cab4796b12c176bbea,持卡人消费,二区水控,-2.1,237.26,7517,正常
2016/06/26 08:19:30,ad761d034a09270c0c08868aaaa9417737b751ff,1c4c2acda8d9e15e744df1cab4796b12c176bbea,持卡人消费,学子便利店B07,-2.4,234.86,7518,正常
2016/06/26 12:34:41,ad761d034a09270c0c08868aaaa9417737b751ff,1c4c2acda8d9e15e744df1cab4796b12c176bbea,持卡人消费,学子便利店B07,-15.7,219.16,7519,正常
2016/06/26 19:56:17,ad761d034a09270c0c08868aaaa9417737b751ff,1c4c2acda8d9e15e744df1cab4796b12c176bbea,持卡人消费,二区水控,-0.72,218.44,7521,正常
2016/06/26 19:57:42,ad761d034a09270c0c08868aaaa9417737b751ff,1c4c2acda8d9e15e744df1cab4796b12c176bbea,持卡人消费,二区水控,-0.24,218.20,7523,正常
2016/06/26 20:08:21,ad761d034a09270c0c08868aaaa9417737b751ff,1c4c2acda8d9e15e744df1cab4796b12c176bbea,持卡人消费,二区水控,-1.66,216.54,7525,正常
2016/06/26 22:14:26,ad761d034a09270c0c08868aaaa9417737b751ff,1c4c2acda8d9e15e744df1cab4796b12c176bbea,持卡人消费,学子便利店B07,-2.5,214.04,7526,正常
2016/06/27 08:11:31,ad761d034a09270c0c08868aaaa9417737b751ff,1c4c2acda8d9e15e744df1cab4796b12c176bbea,持卡人消费,学子便利店B07,-7.8,206.24,7527,正常
2016/06/27 11:16:21,ad761d034a09270c0c08868aaaa9417737b751ff,1c4c2acda8d9e15e744df1cab4796b12c176bbea,持卡人消费,学士楼商务网关,-8.9,197.34,7528,正常
2016/06/27 21:27:08,ad761d034a09270c0c08868aaaa9417737b751ff,1c4c2acda8d9e15e744df1cab4796b12c176bbea,持卡人消费,学子便利店B07,-2.6,194.74,7529,正常
2016/06/28 08:29:07,ad761d034a09270c0c08868aaaa9417737b751ff,1c4c2acda8d9e15e744df1cab4796b12c176bbea,持卡人消费,学子便利店B07,-4.0,190.74,7530,正常
2016/06/28 11:54:36,ad761d034a09270c0c08868aaaa9417737b751ff,1c4c2acda8d9e15e744df1cab4796b12c176bbea,持卡人消费,学士楼商务网关,-6.0,184.74,7531,正常
2016/06/28 11:58:37,ad761d034a09270c0c08868aaaa9417737b751ff,1c4c2acda8d9e15e744df1cab4796b12c176bbea,持卡人消费,学士楼商务网关,-11.9,172.84,7532,正常
2016/06/28 18:20:35,ad761d034a09270c0c08868aaaa9417737b751ff,1c4c2acda8d9e15e744df1cab4796b12c176bbea,持卡人消费,学士楼商务网关,-8.0,164.84,7533,正常
2016/06/28 18:23:22,ad761d034a09270c0c08868aaaa9417737b751ff,1c4c2acda8d9e15e744df1cab4796b12c176bbea,持卡人消费,学士楼商务网关,-0.4,164.44,7534,正常
2016/06/28 18:23:34,ad761d034a09270c0c08868aaaa9417737b751ff,1c4c2acda8d9e15e744df1cab4796b12c176bbea,持卡人消费,学士楼商务网关,-3.0,161.44,7535,正常
2016/06/28 19:31:27,ad761d034a09270c0c08868aaaa9417737b751ff,1c4c2acda8d9e15e744df1cab4796b12c176bbea,持卡人消费,二区水控,-0.45,160.99,7537,正常
2016/06/28 19:33:07,ad761d034a09270c0c08868aaaa9417737b751ff,1c4c2acda8d9e15e744df1cab4796b12c176bbea,持卡人消费,二区水控,-0.29,160.70,7539,正常
2016/06/28 19:45:32,ad761d034a09270c0c08868aaaa9417737b751ff,1c4c2acda8d9e15e744df1cab4796b12c176bbea,持卡人消费,二区水控,-1.98,158.72,7541,正常
2016/06/28 20:09:25,ad761d034a09270c0c08868aaaa9417737b751ff,1c4c2acda8d9e15e744df1cab4796b12c176bbea,持卡人消费,二区水控,-1.97,156.75,7543,正常
2016/06/28 20:25:53,ad761d034a09270c0c08868aaaa9417737b751ff,1c4c2acda8d9e15e744df1cab4796b12c176bbea,持卡人消费,学子便利店B07,-9.9,146.85,7544,正常
2016/06/29 07:37:57,ad761d034a09270c0c08868aaaa9417737b751ff,1c4c2acda8d9e15e744df1cab4796b12c176bbea,持卡人消费,学子便利店B07,-1.2,145.65,7545,正常
2016/06/29 08:44:27,ad761d034a09270c0c08868aaaa9417737b751ff,1c4c2acda8d9e15e744df1cab4796b12c176bbea,持卡人消费,学子便利店B07,-4.5,141.15,7546,正常
2016/06/29 11:35:57,ad761d034a09270c0c08868aaaa9417737b751ff,1c4c2acda8d9e15e744df1cab4796b12c176bbea,持卡人消费,九食堂商务网关,-12.0,129.15,7547,正常
2016/06/29 12:04:17,ad761d034a09270c0c08868aaaa9417737b751ff,1c4c2acda8d9e15e744df1cab4796b12c176bbea,持卡人消费,学子便利店B07,-1.2,127.95,7548,正常
2016/06/29 16:56:30,ad761d034a09270c0c08868aaaa9417737b751ff,1c4c2acda8d9e15e744df1cab4796b12c176bbea,持卡人消费,学子便利店B07,-4.0,123.95,7549,正常
2016/06/29 20:36:46,ad761d034a09270c0c08868aaaa9417737b751ff,1c4c2acda8d9e15e744df1cab4796b12c176bbea,持卡人消费,二区水控,-0.08,123.87,7551,正常
2016/06/29 20:37:07,ad761d034a09270c0c08868aaaa9417737b751ff,1c4c2acda8d9e15e744df1cab4796b12c176bbea,持卡人消费,二区水控,-0.03,120.84,7554,正常
2016/06/29 20:40:29,ad761d034a09270c0c08868aaaa9417737b751ff,1c4c2acda8d9e15e744df1cab4796b12c176bbea,持卡人消费,二区水控,-0.61,120.23,7556,正常
2016/06/29 20:45:18,ad761d034a09270c0c08868aaaa9417737b751ff,1c4c2acda8d9e15e744df1cab4796b12c176bbea,持卡人消费,二区水控,-1.63,118.60,7558,正常
2016/06/29 20:50:44,ad761d034a09270c0c08868aaaa9417737b751ff,1c4c2acda8d9e15e744df1cab4796b12c176bbea,持卡人消费,二区水控,-1.6,120.00,7559,正常
2016/06/30 09:58:26,ad761d034a09270c0c08868aaaa9417737b751ff,1c4c2acda8d9e15e744df1cab4796b12c176bbea,持卡人消费,学子便利店B07,-1.2,118.80,7560,正常
2016/06/30 10:59:15,ad761d034a09270c0c08868aaaa9417737b751ff,1c4c2acda8d9e15e744df1cab4796b12c176bbea,持卡人消费,九食堂商务网关,-8.0,110.80,7561,正常
