交易发生时间,学号,姓名,交易类型,子系统名称,交易额,现有余额,次数,状态
2016/06/01 18:12:41,a515d0264d4b5b02f081dde76ca0ca80a2346c34,1cdcf639807230a5441c04dec497953db9209a0b,持卡人消费,学苑楼商务网关,-8.8,43.81,4187,正常
2016/06/02 12:24:18,a515d0264d4b5b02f081dde76ca0ca80a2346c34,1cdcf639807230a5441c04dec497953db9209a0b,持卡人消费,学苑楼商务网关,-8.0,35.81,4188,正常
2016/06/02 13:28:17,a515d0264d4b5b02f081dde76ca0ca80a2346c34,1cdcf639807230a5441c04dec497953db9209a0b,持卡人消费,一校区水控新,-2.0,33.81,4189,正常
2016/06/02 13:35:32,a515d0264d4b5b02f081dde76ca0ca80a2346c34,1cdcf639807230a5441c04dec497953db9209a0b,持卡人消费,一校区水控新,-0.54,33.27,4191,正常
2016/06/02 13:36:07,a515d0264d4b5b02f081dde76ca0ca80a2346c34,1cdcf639807230a5441c04dec497953db9209a0b,持卡人消费,一校区水控新,-0.1,33.17,4193,正常
2016/06/02 18:06:29,a515d0264d4b5b02f081dde76ca0ca80a2346c34,1cdcf639807230a5441c04dec497953db9209a0b,持卡人消费,学苑楼商务网关,-2.5,30.67,4194,正常
2016/06/02 18:08:50,a515d0264d4b5b02f081dde76ca0ca80a2346c34,1cdcf639807230a5441c04dec497953db9209a0b,持卡人消费,学苑楼商务网关,-1.8,28.87,4195,正常
2016/06/02 18:10:14,a515d0264d4b5b02f081dde76ca0ca80a2346c34,1cdcf639807230a5441c04dec497953db9209a0b,持卡人消费,学苑楼商务网关,-3.0,25.87,4196,正常
2016/06/02 18:11:29,a515d0264d4b5b02f081dde76ca0ca80a2346c34,1cdcf639807230a5441c04dec497953db9209a0b,持卡人消费,学苑楼商务网关,-25.0,0.87,4197,正常
2016/06/02 18:12:59,a515d0264d4b5b02f081dde76ca0ca80a2346c34,1cdcf639807230a5441c04dec497953db9209a0b,银行转帐,转账前置机,50.0,0.87,4197,正常
2016/06/04 12:46:49,a515d0264d4b5b02f081dde76ca0ca80a2346c34,1cdcf639807230a5441c04dec497953db9209a0b,持卡人消费,学士楼商务网关,-4.3,46.57,4199,正常
2016/06/04 12:48:13,a515d0264d4b5b02f081dde76ca0ca80a2346c34,1cdcf639807230a5441c04dec497953db9209a0b,持卡人消费,学士楼商务网关,-3.0,43.57,4200,正常
2016/06/04 19:30:22,a515d0264d4b5b02f081dde76ca0ca80a2346c34,1cdcf639807230a5441c04dec497953db9209a0b,持卡人消费,硕果园（工大商店）,-16.0,27.57,4201,正常
2016/06/04 19:46:08,a515d0264d4b5b02f081dde76ca0ca80a2346c34,1cdcf639807230a5441c04dec497953db9209a0b,持卡人消费,硕果园（工大商店）,-8.0,19.57,4202,正常
2016/06/04 19:46:28,a515d0264d4b5b02f081dde76ca0ca80a2346c34,1cdcf639807230a5441c04dec497953db9209a0b,银行转帐,转账前置机,50.0,19.57,4202,正常
2016/06/05 17:52:02,a515d0264d4b5b02f081dde76ca0ca80a2346c34,1cdcf639807230a5441c04dec497953db9209a0b,持卡人消费,学士楼商务网关,-6.0,63.57,4204,正常
2016/06/05 17:52:12,a515d0264d4b5b02f081dde76ca0ca80a2346c34,1cdcf639807230a5441c04dec497953db9209a0b,持卡人消费,学士楼商务网关,-4.0,59.57,4205,正常
2016/06/05 17:52:50,a515d0264d4b5b02f081dde76ca0ca80a2346c34,1cdcf639807230a5441c04dec497953db9209a0b,持卡人消费,学士楼商务网关,-0.8,58.77,4206,正常
2016/06/05 17:53:32,a515d0264d4b5b02f081dde76ca0ca80a2346c34,1cdcf639807230a5441c04dec497953db9209a0b,持卡人消费,学士楼商务网关,-3.0,55.77,4207,正常
2016/06/05 18:41:43,a515d0264d4b5b02f081dde76ca0ca80a2346c34,1cdcf639807230a5441c04dec497953db9209a0b,持卡人消费,网络中心,-30.0,25.77,4208,正常
2016/06/06 12:03:04,a515d0264d4b5b02f081dde76ca0ca80a2346c34,1cdcf639807230a5441c04dec497953db9209a0b,持卡人消费,学士楼商务网关,-3.2,22.57,4209,正常
2016/06/06 14:23:36,a515d0264d4b5b02f081dde76ca0ca80a2346c34,1cdcf639807230a5441c04dec497953db9209a0b,持卡人消费,一校区水控新,-1.86,20.71,4211,正常
2016/06/06 14:31:01,a515d0264d4b5b02f081dde76ca0ca80a2346c34,1cdcf639807230a5441c04dec497953db9209a0b,持卡人消费,一校区水控新,-0.61,20.10,4213,正常
2016/06/06 17:33:51,a515d0264d4b5b02f081dde76ca0ca80a2346c34,1cdcf639807230a5441c04dec497953db9209a0b,持卡人消费,硕果园（工大商店）,-12.0,8.10,4214,正常
2016/06/06 17:36:09,a515d0264d4b5b02f081dde76ca0ca80a2346c34,1cdcf639807230a5441c04dec497953db9209a0b,银行转帐,转账前置机,50.0,8.10,4214,正常
2016/06/07 11:40:34,a515d0264d4b5b02f081dde76ca0ca80a2346c34,1cdcf639807230a5441c04dec497953db9209a0b,持卡人消费,学士楼商务网关,-4.1,54.00,4216,正常
2016/06/07 17:29:34,a515d0264d4b5b02f081dde76ca0ca80a2346c34,1cdcf639807230a5441c04dec497953db9209a0b,持卡人消费,学苑楼商务网关,-7.0,47.00,4217,正常
2016/06/07 17:30:18,a515d0264d4b5b02f081dde76ca0ca80a2346c34,1cdcf639807230a5441c04dec497953db9209a0b,持卡人消费,学苑楼商务网关,-9.8,37.20,4218,正常
2016/06/08 11:28:30,a515d0264d4b5b02f081dde76ca0ca80a2346c34,1cdcf639807230a5441c04dec497953db9209a0b,持卡人消费,学士楼商务网关,-7.0,30.20,4219,正常
2016/06/09 12:31:56,a515d0264d4b5b02f081dde76ca0ca80a2346c34,1cdcf639807230a5441c04dec497953db9209a0b,持卡人消费,硕果园（工大商店）,-13.6,16.60,4220,正常
2016/06/09 12:34:17,a515d0264d4b5b02f081dde76ca0ca80a2346c34,1cdcf639807230a5441c04dec497953db9209a0b,银行转帐,转账前置机,50.0,16.60,4220,正常
2016/06/10 17:19:14,a515d0264d4b5b02f081dde76ca0ca80a2346c34,1cdcf639807230a5441c04dec497953db9209a0b,持卡人消费,学苑楼商务网关,-8.8,57.80,4222,正常
2016/06/11 13:11:24,a515d0264d4b5b02f081dde76ca0ca80a2346c34,1cdcf639807230a5441c04dec497953db9209a0b,持卡人消费,硕果园（工大商店）,-14.0,43.80,4223,正常
2016/06/11 13:12:55,a515d0264d4b5b02f081dde76ca0ca80a2346c34,1cdcf639807230a5441c04dec497953db9209a0b,持卡人消费,硕果园（工大商店）,-8.0,35.80,4224,正常
2016/06/11 18:03:03,a515d0264d4b5b02f081dde76ca0ca80a2346c34,1cdcf639807230a5441c04dec497953db9209a0b,持卡人消费,学士楼商务网关,-3.1,32.70,4225,正常
2016/06/12 13:16:37,a515d0264d4b5b02f081dde76ca0ca80a2346c34,1cdcf639807230a5441c04dec497953db9209a0b,持卡人消费,学子便利店B05,-17.2,15.50,4226,正常
2016/06/12 13:16:59,a515d0264d4b5b02f081dde76ca0ca80a2346c34,1cdcf639807230a5441c04dec497953db9209a0b,持卡人消费,学子便利店B05,-14.9,0.60,4227,正常
2016/06/12 13:19:40,a515d0264d4b5b02f081dde76ca0ca80a2346c34,1cdcf639807230a5441c04dec497953db9209a0b,银行转帐,转账前置机,50.0,0.60,4227,正常
2016/06/13 13:55:11,a515d0264d4b5b02f081dde76ca0ca80a2346c34,1cdcf639807230a5441c04dec497953db9209a0b,持卡人消费,硕果园（工大商店）,-10.0,40.60,4229,正常
2016/06/13 14:03:08,a515d0264d4b5b02f081dde76ca0ca80a2346c34,1cdcf639807230a5441c04dec497953db9209a0b,持卡人消费,硕果园（工大商店）,-9.0,31.60,4230,正常
2016/06/13 17:37:25,a515d0264d4b5b02f081dde76ca0ca80a2346c34,1cdcf639807230a5441c04dec497953db9209a0b,持卡人消费,学士楼商务网关,-8.0,23.60,4231,正常
2016/06/13 17:41:04,a515d0264d4b5b02f081dde76ca0ca80a2346c34,1cdcf639807230a5441c04dec497953db9209a0b,持卡人消费,学士楼商务网关,-5.6,18.00,4232,正常
2016/06/13 17:44:52,a515d0264d4b5b02f081dde76ca0ca80a2346c34,1cdcf639807230a5441c04dec497953db9209a0b,银行转帐,转账前置机,50.0,18.00,4232,正常
2016/06/13 17:57:10,a515d0264d4b5b02f081dde76ca0ca80a2346c34,1cdcf639807230a5441c04dec497953db9209a0b,持卡人消费,学士楼商务网关,-3.0,65.00,4234,正常
2016/06/13 20:22:03,a515d0264d4b5b02f081dde76ca0ca80a2346c34,1cdcf639807230a5441c04dec497953db9209a0b,持卡人消费,一校区水控新,-2.0,63.00,4235,正常
2016/06/13 20:31:50,a515d0264d4b5b02f081dde76ca0ca80a2346c34,1cdcf639807230a5441c04dec497953db9209a0b,持卡人消费,一校区水控新,-0.91,62.09,4237,正常
2016/06/14 11:53:01,a515d0264d4b5b02f081dde76ca0ca80a2346c34,1cdcf639807230a5441c04dec497953db9209a0b,持卡人消费,学苑楼商务网关,-10.0,52.09,4238,正常
2016/06/14 11:54:02,a515d0264d4b5b02f081dde76ca0ca80a2346c34,1cdcf639807230a5441c04dec497953db9209a0b,持卡人消费,学苑楼商务网关,-0.8,51.29,4239,正常
2016/06/14 11:59:27,a515d0264d4b5b02f081dde76ca0ca80a2346c34,1cdcf639807230a5441c04dec497953db9209a0b,持卡人消费,学苑楼商务网关,-4.0,47.29,4240,正常
2016/06/15 12:48:12,a515d0264d4b5b02f081dde76ca0ca80a2346c34,1cdcf639807230a5441c04dec497953db9209a0b,持卡人消费,学士楼商务网关,-3.6,43.69,4241,正常
2016/06/15 17:46:31,a515d0264d4b5b02f081dde76ca0ca80a2346c34,1cdcf639807230a5441c04dec497953db9209a0b,持卡人消费,学士楼商务网关,-4.1,39.59,4242,正常
2016/06/15 19:02:15,a515d0264d4b5b02f081dde76ca0ca80a2346c34,1cdcf639807230a5441c04dec497953db9209a0b,持卡人消费,一校区水控新,-1.73,37.86,4244,正常
2016/06/15 19:07:08,a515d0264d4b5b02f081dde76ca0ca80a2346c34,1cdcf639807230a5441c04dec497953db9209a0b,持卡人消费,一校区水控新,-0.61,37.25,4246,正常
2016/06/16 18:23:51,a515d0264d4b5b02f081dde76ca0ca80a2346c34,1cdcf639807230a5441c04dec497953db9209a0b,持卡人消费,硕果园（工大商店）,-12.0,25.25,4247,正常
2016/06/16 18:44:56,a515d0264d4b5b02f081dde76ca0ca80a2346c34,1cdcf639807230a5441c04dec497953db9209a0b,持卡人消费,硕果园（工大商店）,-5.0,20.25,4248,正常
2016/06/16 18:46:42,a515d0264d4b5b02f081dde76ca0ca80a2346c34,1cdcf639807230a5441c04dec497953db9209a0b,持卡人消费,硕果园（工大商店）,-17.0,3.25,4249,正常
2016/06/16 18:48:31,a515d0264d4b5b02f081dde76ca0ca80a2346c34,1cdcf639807230a5441c04dec497953db9209a0b,银行转帐,转账前置机,50.0,3.25,4249,正常
2016/06/17 12:02:08,a515d0264d4b5b02f081dde76ca0ca80a2346c34,1cdcf639807230a5441c04dec497953db9209a0b,持卡人消费,学苑楼商务网关,-6.0,47.25,4251,正常
2016/06/18 12:03:44,a515d0264d4b5b02f081dde76ca0ca80a2346c34,1cdcf639807230a5441c04dec497953db9209a0b,持卡人消费,学苑楼商务网关,-8.0,39.25,4252,正常
2016/06/18 12:24:29,a515d0264d4b5b02f081dde76ca0ca80a2346c34,1cdcf639807230a5441c04dec497953db9209a0b,持卡人消费,超市商务子系统,-28.5,10.75,4253,正常
2016/06/18 12:27:45,a515d0264d4b5b02f081dde76ca0ca80a2346c34,1cdcf639807230a5441c04dec497953db9209a0b,银行转帐,转账前置机,50.0,10.75,4253,正常
2016/06/18 14:06:45,a515d0264d4b5b02f081dde76ca0ca80a2346c34,1cdcf639807230a5441c04dec497953db9209a0b,持卡人消费,一校区水控新,-1.71,9.04,4255,正常
2016/06/18 14:15:52,a515d0264d4b5b02f081dde76ca0ca80a2346c34,1cdcf639807230a5441c04dec497953db9209a0b,持卡人消费,一校区水控新,-0.93,8.11,4257,正常
2016/06/19 11:19:56,a515d0264d4b5b02f081dde76ca0ca80a2346c34,1cdcf639807230a5441c04dec497953db9209a0b,持卡人消费,学苑楼商务网关,-7.0,51.11,4259,正常
2016/06/19 21:10:14,a515d0264d4b5b02f081dde76ca0ca80a2346c34,1cdcf639807230a5441c04dec497953db9209a0b,持卡人消费,A7,-2.3,48.81,4260,正常
2016/06/20 11:19:48,a515d0264d4b5b02f081dde76ca0ca80a2346c34,1cdcf639807230a5441c04dec497953db9209a0b,持卡人消费,学苑楼商务网关,-9.8,39.01,4261,正常
2016/06/20 18:08:59,a515d0264d4b5b02f081dde76ca0ca80a2346c34,1cdcf639807230a5441c04dec497953db9209a0b,持卡人消费,硕果园（工大商店）,-16.0,23.01,4262,正常
2016/06/20 18:30:29,a515d0264d4b5b02f081dde76ca0ca80a2346c34,1cdcf639807230a5441c04dec497953db9209a0b,持卡人消费,硕果园（工大商店）,-3.8,19.21,4263,正常
2016/06/20 18:31:38,a515d0264d4b5b02f081dde76ca0ca80a2346c34,1cdcf639807230a5441c04dec497953db9209a0b,银行转帐,转账前置机,50.0,19.21,4263,正常
2016/06/20 20:27:18,a515d0264d4b5b02f081dde76ca0ca80a2346c34,1cdcf639807230a5441c04dec497953db9209a0b,持卡人消费,一校区水控新,-1.52,17.69,4265,正常
2016/06/20 20:30:02,a515d0264d4b5b02f081dde76ca0ca80a2346c34,1cdcf639807230a5441c04dec497953db9209a0b,持卡人消费,一校区水控新,-0.06,17.63,4267,正常
2016/06/20 20:30:24,a515d0264d4b5b02f081dde76ca0ca80a2346c34,1cdcf639807230a5441c04dec497953db9209a0b,持卡人消费,一校区水控新,-0.02,17.61,4269,正常
2016/06/20 20:30:53,a515d0264d4b5b02f081dde76ca0ca80a2346c34,1cdcf639807230a5441c04dec497953db9209a0b,持卡人消费,一校区水控新,-0.08,17.53,4271,正常
2016/06/20 20:32:15,a515d0264d4b5b02f081dde76ca0ca80a2346c34,1cdcf639807230a5441c04dec497953db9209a0b,持卡人消费,一校区水控新,-0.05,17.48,4273,正常
2016/06/20 20:34:58,a515d0264d4b5b02f081dde76ca0ca80a2346c34,1cdcf639807230a5441c04dec497953db9209a0b,持卡人消费,一校区水控新,-0.51,16.97,4275,正常
2016/06/21 19:58:12,a515d0264d4b5b02f081dde76ca0ca80a2346c34,1cdcf639807230a5441c04dec497953db9209a0b,持卡人消费,硕果园（工大商店）,-12.0,54.97,4277,正常
2016/06/21 20:19:42,a515d0264d4b5b02f081dde76ca0ca80a2346c34,1cdcf639807230a5441c04dec497953db9209a0b,持卡人消费,硕果园（工大商店）,-3.0,51.97,4278,正常
2016/06/22 13:04:34,a515d0264d4b5b02f081dde76ca0ca80a2346c34,1cdcf639807230a5441c04dec497953db9209a0b,持卡人消费,硕果园（工大商店）,-10.0,41.97,4279,正常
2016/06/22 19:13:43,a515d0264d4b5b02f081dde76ca0ca80a2346c34,1cdcf639807230a5441c04dec497953db9209a0b,持卡人消费,学士楼商务网关,-4.1,37.87,4280,正常
2016/06/23 12:57:05,a515d0264d4b5b02f081dde76ca0ca80a2346c34,1cdcf639807230a5441c04dec497953db9209a0b,持卡人消费,硕果园（工大商店）,-12.0,25.87,4281,正常
2016/06/23 13:00:22,a515d0264d4b5b02f081dde76ca0ca80a2346c34,1cdcf639807230a5441c04dec497953db9209a0b,持卡人消费,硕果园（工大商店）,-3.0,22.87,4282,正常
2016/06/23 13:07:58,a515d0264d4b5b02f081dde76ca0ca80a2346c34,1cdcf639807230a5441c04dec497953db9209a0b,持卡人消费,硕果园（工大商店）,-8.0,14.87,4283,正常
2016/06/23 13:09:26,a515d0264d4b5b02f081dde76ca0ca80a2346c34,1cdcf639807230a5441c04dec497953db9209a0b,银行转帐,转账前置机,50.0,14.87,4283,正常
2016/06/23 17:43:43,a515d0264d4b5b02f081dde76ca0ca80a2346c34,1cdcf639807230a5441c04dec497953db9209a0b,持卡人消费,学苑楼商务网关,-6.0,58.87,4285,正常
2016/06/23 18:06:13,a515d0264d4b5b02f081dde76ca0ca80a2346c34,1cdcf639807230a5441c04dec497953db9209a0b,持卡人消费,超市商务子系统,-25.9,32.97,4286,正常
2016/06/23 20:30:10,a515d0264d4b5b02f081dde76ca0ca80a2346c34,1cdcf639807230a5441c04dec497953db9209a0b,持卡人消费,一校区水控新,-1.82,31.15,4288,正常
2016/06/23 20:38:37,a515d0264d4b5b02f081dde76ca0ca80a2346c34,1cdcf639807230a5441c04dec497953db9209a0b,持卡人消费,一校区水控新,-0.69,30.46,4290,正常
2016/06/23 20:40:55,a515d0264d4b5b02f081dde76ca0ca80a2346c34,1cdcf639807230a5441c04dec497953db9209a0b,持卡人消费,一校区水控新,-0.34,30.12,4292,正常
2016/06/25 12:04:11,a515d0264d4b5b02f081dde76ca0ca80a2346c34,1cdcf639807230a5441c04dec497953db9209a0b,持卡人消费,学士楼商务网关,-5.3,24.82,4293,正常
2016/06/25 12:44:01,a515d0264d4b5b02f081dde76ca0ca80a2346c34,1cdcf639807230a5441c04dec497953db9209a0b,持卡人消费,一校区水控新,-0.9,23.92,4295,正常
2016/06/25 12:52:09,a515d0264d4b5b02f081dde76ca0ca80a2346c34,1cdcf639807230a5441c04dec497953db9209a0b,持卡人消费,一校区水控新,-0.83,23.09,4297,正常
2016/06/27 12:33:11,a515d0264d4b5b02f081dde76ca0ca80a2346c34,1cdcf639807230a5441c04dec497953db9209a0b,持卡人消费,学苑楼商务网关,-1.5,21.59,4298,正常
2016/06/27 12:33:56,a515d0264d4b5b02f081dde76ca0ca80a2346c34,1cdcf639807230a5441c04dec497953db9209a0b,持卡人消费,学苑楼商务网关,-8.8,12.79,4299,正常
2016/06/27 12:39:13,a515d0264d4b5b02f081dde76ca0ca80a2346c34,1cdcf639807230a5441c04dec497953db9209a0b,银行转帐,转账前置机,50.0,12.79,4299,正常
2016/06/27 20:35:58,a515d0264d4b5b02f081dde76ca0ca80a2346c34,1cdcf639807230a5441c04dec497953db9209a0b,持卡人消费,一校区水控新,-1.02,11.77,4301,正常
2016/06/27 20:43:47,a515d0264d4b5b02f081dde76ca0ca80a2346c34,1cdcf639807230a5441c04dec497953db9209a0b,持卡人消费,一校区水控新,-0.72,11.05,4303,正常
2016/06/28 17:49:22,a515d0264d4b5b02f081dde76ca0ca80a2346c34,1cdcf639807230a5441c04dec497953db9209a0b,持卡人消费,学苑楼商务网关,-8.0,53.05,4305,正常
2016/06/28 17:52:50,a515d0264d4b5b02f081dde76ca0ca80a2346c34,1cdcf639807230a5441c04dec497953db9209a0b,持卡人消费,学苑楼商务网关,-2.7,50.35,4306,正常
2016/06/28 20:31:52,a515d0264d4b5b02f081dde76ca0ca80a2346c34,1cdcf639807230a5441c04dec497953db9209a0b,持卡人消费,一校区水控新,-0.82,49.53,4308,正常
2016/06/28 20:37:00,a515d0264d4b5b02f081dde76ca0ca80a2346c34,1cdcf639807230a5441c04dec497953db9209a0b,持卡人消费,一校区水控新,-0.7,48.83,4310,正常
