交易发生时间,学号,姓名,交易类型,子系统名称,交易额,现有余额,次数,状态
2016/06/01 19:15:40,d210470ca73446b6aad4f14bca74c2c2f8aa2014,1ea8b305be373a34f74aa8b60cb42e360cb6344a,持卡人消费,硕果园（工大商店）,-12.0,31.31,3360,正常
2016/06/01 20:35:11,d210470ca73446b6aad4f14bca74c2c2f8aa2014,1ea8b305be373a34f74aa8b60cb42e360cb6344a,持卡人消费,一校区水控新,-2.0,29.31,3361,正常
2016/06/01 20:41:17,d210470ca73446b6aad4f14bca74c2c2f8aa2014,1ea8b305be373a34f74aa8b60cb42e360cb6344a,持卡人消费,一校区水控新,-1.15,28.16,3363,正常
2016/06/02 18:44:07,d210470ca73446b6aad4f14bca74c2c2f8aa2014,1ea8b305be373a34f74aa8b60cb42e360cb6344a,持卡人消费,硕果园（工大商店）,-14.0,14.16,3364,正常
2016/06/02 18:44:37,d210470ca73446b6aad4f14bca74c2c2f8aa2014,1ea8b305be373a34f74aa8b60cb42e360cb6344a,银行转帐,转账前置机,50.0,14.16,3364,正常
2016/06/03 19:38:35,d210470ca73446b6aad4f14bca74c2c2f8aa2014,1ea8b305be373a34f74aa8b60cb42e360cb6344a,持卡人消费,硕果园（工大商店）,-14.0,50.16,3366,正常
2016/06/04 19:02:47,d210470ca73446b6aad4f14bca74c2c2f8aa2014,1ea8b305be373a34f74aa8b60cb42e360cb6344a,持卡人消费,硕果园（工大商店）,-10.0,40.16,3367,正常
2016/06/04 19:04:27,d210470ca73446b6aad4f14bca74c2c2f8aa2014,1ea8b305be373a34f74aa8b60cb42e360cb6344a,持卡人消费,硕果园（工大商店）,-3.5,36.66,3368,正常
2016/06/05 18:42:41,d210470ca73446b6aad4f14bca74c2c2f8aa2014,1ea8b305be373a34f74aa8b60cb42e360cb6344a,持卡人消费,一校区水控新,-2.0,34.66,3369,正常
2016/06/05 18:49:39,d210470ca73446b6aad4f14bca74c2c2f8aa2014,1ea8b305be373a34f74aa8b60cb42e360cb6344a,持卡人消费,一校区水控新,-1.33,33.33,3371,正常
2016/06/05 19:08:29,d210470ca73446b6aad4f14bca74c2c2f8aa2014,1ea8b305be373a34f74aa8b60cb42e360cb6344a,持卡人消费,A2,-6.9,26.43,3372,正常
2016/06/06 18:13:05,d210470ca73446b6aad4f14bca74c2c2f8aa2014,1ea8b305be373a34f74aa8b60cb42e360cb6344a,持卡人消费,硕果园（工大商店）,-12.0,14.43,3373,正常
2016/06/06 18:14:53,d210470ca73446b6aad4f14bca74c2c2f8aa2014,1ea8b305be373a34f74aa8b60cb42e360cb6344a,银行转帐,转账前置机,50.0,14.43,3373,正常
2016/06/07 12:26:42,d210470ca73446b6aad4f14bca74c2c2f8aa2014,1ea8b305be373a34f74aa8b60cb42e360cb6344a,持卡人消费,硕果园（工大商店）,-16.2,48.23,3375,正常
2016/06/07 12:29:21,d210470ca73446b6aad4f14bca74c2c2f8aa2014,1ea8b305be373a34f74aa8b60cb42e360cb6344a,持卡人消费,硕果园（工大商店）,-3.5,44.73,3376,正常
2016/06/07 18:17:40,d210470ca73446b6aad4f14bca74c2c2f8aa2014,1ea8b305be373a34f74aa8b60cb42e360cb6344a,持卡人消费,硕果园（工大商店）,-15.0,29.73,3377,正常
2016/06/08 20:44:16,d210470ca73446b6aad4f14bca74c2c2f8aa2014,1ea8b305be373a34f74aa8b60cb42e360cb6344a,持卡人消费,一校区水控新,-2.0,27.73,3378,正常
2016/06/08 20:53:04,d210470ca73446b6aad4f14bca74c2c2f8aa2014,1ea8b305be373a34f74aa8b60cb42e360cb6344a,持卡人消费,一校区水控新,-1.66,26.07,3379,正常
2016/06/09 18:11:56,d210470ca73446b6aad4f14bca74c2c2f8aa2014,1ea8b305be373a34f74aa8b60cb42e360cb6344a,持卡人消费,硕果园（工大商店）,-16.0,10.07,3380,正常
2016/06/09 18:13:48,d210470ca73446b6aad4f14bca74c2c2f8aa2014,1ea8b305be373a34f74aa8b60cb42e360cb6344a,银行转帐,转账前置机,50.0,10.07,3380,正常
2016/06/11 19:19:58,d210470ca73446b6aad4f14bca74c2c2f8aa2014,1ea8b305be373a34f74aa8b60cb42e360cb6344a,持卡人消费,硕果园（工大商店）,-12.0,48.07,3382,正常
2016/06/12 19:22:28,d210470ca73446b6aad4f14bca74c2c2f8aa2014,1ea8b305be373a34f74aa8b60cb42e360cb6344a,持卡人消费,硕果园（工大商店）,-14.0,34.07,3383,正常
2016/06/12 19:58:06,d210470ca73446b6aad4f14bca74c2c2f8aa2014,1ea8b305be373a34f74aa8b60cb42e360cb6344a,持卡人消费,一校区水控新,-2.0,32.07,3384,正常
2016/06/12 20:00:59,d210470ca73446b6aad4f14bca74c2c2f8aa2014,1ea8b305be373a34f74aa8b60cb42e360cb6344a,持卡人消费,一校区水控新,-0.49,31.58,3385,正常
2016/06/13 12:20:23,d210470ca73446b6aad4f14bca74c2c2f8aa2014,1ea8b305be373a34f74aa8b60cb42e360cb6344a,持卡人消费,硕果园（工大商店）,-12.0,19.58,3386,正常
2016/06/13 12:26:57,d210470ca73446b6aad4f14bca74c2c2f8aa2014,1ea8b305be373a34f74aa8b60cb42e360cb6344a,银行转帐,转账前置机,50.0,19.58,3386,正常
2016/06/14 11:49:55,d210470ca73446b6aad4f14bca74c2c2f8aa2014,1ea8b305be373a34f74aa8b60cb42e360cb6344a,持卡人消费,硕果园（工大商店）,-14.0,55.58,3388,正常
2016/06/14 11:56:05,d210470ca73446b6aad4f14bca74c2c2f8aa2014,1ea8b305be373a34f74aa8b60cb42e360cb6344a,持卡人消费,硕果园（工大商店）,-4.0,51.58,3389,正常
2016/06/15 13:10:43,d210470ca73446b6aad4f14bca74c2c2f8aa2014,1ea8b305be373a34f74aa8b60cb42e360cb6344a,持卡人消费,硕果园（工大商店）,-14.0,37.58,3390,正常
2016/06/15 13:12:18,d210470ca73446b6aad4f14bca74c2c2f8aa2014,1ea8b305be373a34f74aa8b60cb42e360cb6344a,持卡人消费,硕果园（工大商店）,-1.5,36.08,3391,正常
2016/06/16 12:13:35,d210470ca73446b6aad4f14bca74c2c2f8aa2014,1ea8b305be373a34f74aa8b60cb42e360cb6344a,持卡人消费,硕果园（工大商店）,-3.5,32.58,3392,正常
2016/06/16 12:14:57,d210470ca73446b6aad4f14bca74c2c2f8aa2014,1ea8b305be373a34f74aa8b60cb42e360cb6344a,持卡人消费,硕果园（工大商店）,-15.0,17.58,3393,正常
2016/06/16 18:22:41,d210470ca73446b6aad4f14bca74c2c2f8aa2014,1ea8b305be373a34f74aa8b60cb42e360cb6344a,持卡人消费,硕果园（工大商店）,-13.0,4.58,3394,正常
2016/06/16 19:00:18,d210470ca73446b6aad4f14bca74c2c2f8aa2014,1ea8b305be373a34f74aa8b60cb42e360cb6344a,持卡人消费,一校区水控新,-2.0,2.58,3395,正常
2016/06/18 20:47:08,d210470ca73446b6aad4f14bca74c2c2f8aa2014,1ea8b305be373a34f74aa8b60cb42e360cb6344a,持卡人消费,硕果园（工大商店）,-2.5,0.08,3396,正常
