交易发生时间,学号,姓名,交易类型,子系统名称,交易额,现有余额,次数,状态
2016/06/01 12:01:36,6d199c399bc72c4c453bdc30e93b84b09d6e0b64,1f95588ab55a0bb803b0b5c45d12e638567d790d,存款,现金充值机,300.0,300.30,4819,正常
2016/06/01 12:26:42,6d199c399bc72c4c453bdc30e93b84b09d6e0b64,1f95588ab55a0bb803b0b5c45d12e638567d790d,持卡人消费,学苑楼商务网关,-4.0,296.30,4820,正常
2016/06/01 12:28:57,6d199c399bc72c4c453bdc30e93b84b09d6e0b64,1f95588ab55a0bb803b0b5c45d12e638567d790d,持卡人消费,学苑楼商务网关,-4.0,292.30,4821,正常
2016/06/01 12:30:12,6d199c399bc72c4c453bdc30e93b84b09d6e0b64,1f95588ab55a0bb803b0b5c45d12e638567d790d,持卡人消费,学苑楼商务网关,-1.0,291.30,4822,正常
2016/06/01 16:29:01,6d199c399bc72c4c453bdc30e93b84b09d6e0b64,1f95588ab55a0bb803b0b5c45d12e638567d790d,持卡人消费,超市商务子系统,-2.5,288.80,4823,正常
2016/06/01 16:33:44,6d199c399bc72c4c453bdc30e93b84b09d6e0b64,1f95588ab55a0bb803b0b5c45d12e638567d790d,持卡人消费,超市商务子系统,-28.0,260.80,4824,正常
2016/06/02 11:51:43,6d199c399bc72c4c453bdc30e93b84b09d6e0b64,1f95588ab55a0bb803b0b5c45d12e638567d790d,持卡人消费,学苑楼商务网关,-2.0,258.80,4825,正常
2016/06/02 11:55:17,6d199c399bc72c4c453bdc30e93b84b09d6e0b64,1f95588ab55a0bb803b0b5c45d12e638567d790d,持卡人消费,学苑楼商务网关,-7.92,250.88,4826,正常
2016/06/02 18:10:39,6d199c399bc72c4c453bdc30e93b84b09d6e0b64,1f95588ab55a0bb803b0b5c45d12e638567d790d,持卡人消费,超市商务子系统,-9.0,241.88,4827,正常
2016/06/03 10:01:59,6d199c399bc72c4c453bdc30e93b84b09d6e0b64,1f95588ab55a0bb803b0b5c45d12e638567d790d,持卡人消费,超市商务子系统,-12.4,229.48,4828,正常
2016/06/03 11:12:37,6d199c399bc72c4c453bdc30e93b84b09d6e0b64,1f95588ab55a0bb803b0b5c45d12e638567d790d,持卡人消费,学苑楼商务网关,-10.0,219.48,4829,正常
2016/06/03 11:14:09,6d199c399bc72c4c453bdc30e93b84b09d6e0b64,1f95588ab55a0bb803b0b5c45d12e638567d790d,持卡人消费,学苑楼商务网关,-4.0,215.48,4830,正常
2016/06/03 17:50:12,6d199c399bc72c4c453bdc30e93b84b09d6e0b64,1f95588ab55a0bb803b0b5c45d12e638567d790d,持卡人消费,学士楼商务网关,-6.5,208.98,4831,正常
2016/06/04 19:21:44,6d199c399bc72c4c453bdc30e93b84b09d6e0b64,1f95588ab55a0bb803b0b5c45d12e638567d790d,持卡人消费,15公寓浴池,-2.0,206.98,4832,正常
2016/06/04 19:30:36,6d199c399bc72c4c453bdc30e93b84b09d6e0b64,1f95588ab55a0bb803b0b5c45d12e638567d790d,持卡人消费,15公寓浴池,-1.68,205.30,4834,正常
2016/06/04 19:35:01,6d199c399bc72c4c453bdc30e93b84b09d6e0b64,1f95588ab55a0bb803b0b5c45d12e638567d790d,持卡人消费,15公寓浴池,-0.62,204.68,4836,正常
2016/06/05 12:49:12,6d199c399bc72c4c453bdc30e93b84b09d6e0b64,1f95588ab55a0bb803b0b5c45d12e638567d790d,持卡人消费,硕果园（工大商店）,-6.0,198.68,4837,正常
2016/06/05 14:32:37,6d199c399bc72c4c453bdc30e93b84b09d6e0b64,1f95588ab55a0bb803b0b5c45d12e638567d790d,持卡人消费,超市商务子系统,-3.0,195.68,4838,正常
2016/06/05 18:23:17,6d199c399bc72c4c453bdc30e93b84b09d6e0b64,1f95588ab55a0bb803b0b5c45d12e638567d790d,持卡人消费,学苑楼商务网关,-5.0,190.68,4839,正常
2016/06/06 17:49:59,6d199c399bc72c4c453bdc30e93b84b09d6e0b64,1f95588ab55a0bb803b0b5c45d12e638567d790d,持卡人消费,学苑楼商务网关,-5.3,185.38,4840,正常
2016/06/06 20:15:45,6d199c399bc72c4c453bdc30e93b84b09d6e0b64,1f95588ab55a0bb803b0b5c45d12e638567d790d,持卡人消费,超市商务子系统,-12.9,172.48,4841,正常
2016/06/06 20:26:16,6d199c399bc72c4c453bdc30e93b84b09d6e0b64,1f95588ab55a0bb803b0b5c45d12e638567d790d,持卡人消费,A15,-9.2,163.28,4842,正常
2016/06/07 14:34:51,6d199c399bc72c4c453bdc30e93b84b09d6e0b64,1f95588ab55a0bb803b0b5c45d12e638567d790d,持卡人消费,学子超市园丁总店,-1.6,161.68,4843,正常
2016/06/07 17:28:25,6d199c399bc72c4c453bdc30e93b84b09d6e0b64,1f95588ab55a0bb803b0b5c45d12e638567d790d,持卡人消费,学苑楼商务网关,-5.0,156.68,4844,正常
2016/06/07 17:50:42,6d199c399bc72c4c453bdc30e93b84b09d6e0b64,1f95588ab55a0bb803b0b5c45d12e638567d790d,持卡人消费,学苑楼商务网关,-0.1,156.58,4845,正常
2016/06/08 07:59:17,6d199c399bc72c4c453bdc30e93b84b09d6e0b64,1f95588ab55a0bb803b0b5c45d12e638567d790d,持卡人消费,超市商务子系统,-3.0,153.58,4846,正常
2016/06/11 14:48:10,6d199c399bc72c4c453bdc30e93b84b09d6e0b64,1f95588ab55a0bb803b0b5c45d12e638567d790d,持卡人消费,学子超市园丁总店,-8.0,145.58,4847,正常
2016/06/11 20:17:20,6d199c399bc72c4c453bdc30e93b84b09d6e0b64,1f95588ab55a0bb803b0b5c45d12e638567d790d,持卡人消费,15公寓浴池,-0.18,143.40,4850,正常
2016/06/11 20:17:32,6d199c399bc72c4c453bdc30e93b84b09d6e0b64,1f95588ab55a0bb803b0b5c45d12e638567d790d,持卡人消费,15公寓浴池,-0.05,145.35,4851,正常
2016/06/11 20:28:02,6d199c399bc72c4c453bdc30e93b84b09d6e0b64,1f95588ab55a0bb803b0b5c45d12e638567d790d,持卡人消费,15公寓浴池,-2.0,143.35,4852,正常
2016/06/11 20:38:31,6d199c399bc72c4c453bdc30e93b84b09d6e0b64,1f95588ab55a0bb803b0b5c45d12e638567d790d,持卡人消费,15公寓浴池,-2.0,141.35,4853,正常
2016/06/11 20:38:45,6d199c399bc72c4c453bdc30e93b84b09d6e0b64,1f95588ab55a0bb803b0b5c45d12e638567d790d,持卡人消费,15公寓浴池,-0.02,141.33,4855,正常
2016/06/11 20:44:28,6d199c399bc72c4c453bdc30e93b84b09d6e0b64,1f95588ab55a0bb803b0b5c45d12e638567d790d,持卡人消费,15公寓浴池,-0.7,140.63,4857,正常
2016/06/12 09:33:46,6d199c399bc72c4c453bdc30e93b84b09d6e0b64,1f95588ab55a0bb803b0b5c45d12e638567d790d,持卡人消费,超市商务子系统,-4.7,135.93,4858,正常
2016/06/12 09:36:04,6d199c399bc72c4c453bdc30e93b84b09d6e0b64,1f95588ab55a0bb803b0b5c45d12e638567d790d,持卡人消费,超市商务子系统,-9.6,126.33,4859,正常
2016/06/12 11:35:42,6d199c399bc72c4c453bdc30e93b84b09d6e0b64,1f95588ab55a0bb803b0b5c45d12e638567d790d,持卡人消费,学苑楼商务网关,-4.0,122.33,4860,正常
2016/06/12 11:36:03,6d199c399bc72c4c453bdc30e93b84b09d6e0b64,1f95588ab55a0bb803b0b5c45d12e638567d790d,持卡人消费,学苑楼商务网关,-4.0,118.33,4861,正常
2016/06/12 11:39:43,6d199c399bc72c4c453bdc30e93b84b09d6e0b64,1f95588ab55a0bb803b0b5c45d12e638567d790d,持卡人消费,学苑楼商务网关,-3.0,115.33,4862,正常
2016/06/12 12:10:42,6d199c399bc72c4c453bdc30e93b84b09d6e0b64,1f95588ab55a0bb803b0b5c45d12e638567d790d,持卡人消费,超市商务子系统,-9.8,105.53,4863,正常
2016/06/12 17:35:00,6d199c399bc72c4c453bdc30e93b84b09d6e0b64,1f95588ab55a0bb803b0b5c45d12e638567d790d,持卡人消费,学苑楼商务网关,-5.5,100.03,4864,正常
2016/06/12 18:15:52,6d199c399bc72c4c453bdc30e93b84b09d6e0b64,1f95588ab55a0bb803b0b5c45d12e638567d790d,持卡人消费,超市商务子系统,-3.9,96.13,4865,正常
2016/06/13 11:34:10,6d199c399bc72c4c453bdc30e93b84b09d6e0b64,1f95588ab55a0bb803b0b5c45d12e638567d790d,持卡人消费,学苑楼商务网关,-7.0,89.13,4866,正常
2016/06/13 12:21:35,6d199c399bc72c4c453bdc30e93b84b09d6e0b64,1f95588ab55a0bb803b0b5c45d12e638567d790d,持卡人消费,超市商务子系统,-6.9,82.23,4867,正常
2016/06/13 16:39:03,6d199c399bc72c4c453bdc30e93b84b09d6e0b64,1f95588ab55a0bb803b0b5c45d12e638567d790d,持卡人消费,硕果园（工大商店）,-15.0,67.23,4868,正常
2016/06/13 17:09:03,6d199c399bc72c4c453bdc30e93b84b09d6e0b64,1f95588ab55a0bb803b0b5c45d12e638567d790d,持卡人消费,超市商务子系统,-26.7,40.53,4869,正常
2016/06/13 17:11:44,6d199c399bc72c4c453bdc30e93b84b09d6e0b64,1f95588ab55a0bb803b0b5c45d12e638567d790d,持卡人消费,超市商务子系统,-5.0,35.53,4870,正常
2016/06/15 11:05:01,6d199c399bc72c4c453bdc30e93b84b09d6e0b64,1f95588ab55a0bb803b0b5c45d12e638567d790d,持卡人消费,超市商务子系统,-0.5,35.03,4871,正常
2016/06/17 11:45:33,6d199c399bc72c4c453bdc30e93b84b09d6e0b64,1f95588ab55a0bb803b0b5c45d12e638567d790d,持卡人消费,学苑楼商务网关,-5.0,30.03,4872,正常
2016/06/17 11:47:13,6d199c399bc72c4c453bdc30e93b84b09d6e0b64,1f95588ab55a0bb803b0b5c45d12e638567d790d,持卡人消费,学苑楼商务网关,-4.0,26.03,4873,正常
2016/06/17 11:47:55,6d199c399bc72c4c453bdc30e93b84b09d6e0b64,1f95588ab55a0bb803b0b5c45d12e638567d790d,持卡人消费,学苑楼商务网关,-6.0,20.03,4874,正常
2016/06/18 09:43:12,6d199c399bc72c4c453bdc30e93b84b09d6e0b64,1f95588ab55a0bb803b0b5c45d12e638567d790d,持卡人消费,游泳馆,-6.0,14.03,4875,正常
2016/06/18 11:39:45,6d199c399bc72c4c453bdc30e93b84b09d6e0b64,1f95588ab55a0bb803b0b5c45d12e638567d790d,持卡人消费,超市商务子系统,-0.4,13.63,4876,正常
2016/06/18 11:41:52,6d199c399bc72c4c453bdc30e93b84b09d6e0b64,1f95588ab55a0bb803b0b5c45d12e638567d790d,持卡人消费,超市商务子系统,-0.5,13.13,4877,正常
2016/06/18 11:43:31,6d199c399bc72c4c453bdc30e93b84b09d6e0b64,1f95588ab55a0bb803b0b5c45d12e638567d790d,持卡人消费,超市商务子系统,-3.0,10.13,4878,正常
2016/06/22 12:18:15,6d199c399bc72c4c453bdc30e93b84b09d6e0b64,1f95588ab55a0bb803b0b5c45d12e638567d790d,存款,现金充值机,100.0,110.13,4879,正常
2016/06/22 17:53:56,6d199c399bc72c4c453bdc30e93b84b09d6e0b64,1f95588ab55a0bb803b0b5c45d12e638567d790d,持卡人消费,超市商务子系统,-4.8,105.33,4880,正常
2016/06/22 17:55:42,6d199c399bc72c4c453bdc30e93b84b09d6e0b64,1f95588ab55a0bb803b0b5c45d12e638567d790d,持卡人消费,超市商务子系统,-0.1,105.23,4881,正常
2016/06/22 17:56:33,6d199c399bc72c4c453bdc30e93b84b09d6e0b64,1f95588ab55a0bb803b0b5c45d12e638567d790d,持卡人消费,超市商务子系统,-11.5,93.73,4882,正常
2016/06/23 12:27:37,6d199c399bc72c4c453bdc30e93b84b09d6e0b64,1f95588ab55a0bb803b0b5c45d12e638567d790d,持卡人消费,超市商务子系统,-13.5,80.23,4883,正常
2016/06/24 11:40:36,6d199c399bc72c4c453bdc30e93b84b09d6e0b64,1f95588ab55a0bb803b0b5c45d12e638567d790d,持卡人消费,学子楼商务网关,-6.0,74.23,4884,正常
2016/06/24 11:41:50,6d199c399bc72c4c453bdc30e93b84b09d6e0b64,1f95588ab55a0bb803b0b5c45d12e638567d790d,持卡人消费,学子楼商务网关,-4.0,70.23,4885,正常
2016/06/24 20:15:43,6d199c399bc72c4c453bdc30e93b84b09d6e0b64,1f95588ab55a0bb803b0b5c45d12e638567d790d,持卡人消费,15公寓浴池,-2.0,68.23,4886,正常
2016/06/24 20:22:47,6d199c399bc72c4c453bdc30e93b84b09d6e0b64,1f95588ab55a0bb803b0b5c45d12e638567d790d,持卡人消费,15公寓浴池,-1.34,66.89,4888,正常
2016/06/24 20:29:02,6d199c399bc72c4c453bdc30e93b84b09d6e0b64,1f95588ab55a0bb803b0b5c45d12e638567d790d,持卡人消费,15公寓浴池,-0.64,66.25,4890,正常
2016/06/26 17:12:44,6d199c399bc72c4c453bdc30e93b84b09d6e0b64,1f95588ab55a0bb803b0b5c45d12e638567d790d,持卡人消费,学子超市园丁总店,-6.0,60.25,4891,正常
2016/06/27 12:40:02,6d199c399bc72c4c453bdc30e93b84b09d6e0b64,1f95588ab55a0bb803b0b5c45d12e638567d790d,持卡人消费,硕果园（工大商店）,-13.0,47.25,4892,正常
2016/06/28 13:07:08,6d199c399bc72c4c453bdc30e93b84b09d6e0b64,1f95588ab55a0bb803b0b5c45d12e638567d790d,持卡人消费,15公寓浴池,-2.0,45.25,4893,正常
2016/06/28 13:07:19,6d199c399bc72c4c453bdc30e93b84b09d6e0b64,1f95588ab55a0bb803b0b5c45d12e638567d790d,持卡人消费,15公寓浴池,-1.92,41.33,4896,正常
2016/06/28 13:09:01,6d199c399bc72c4c453bdc30e93b84b09d6e0b64,1f95588ab55a0bb803b0b5c45d12e638567d790d,持卡人消费,15公寓浴池,-0.27,41.06,4898,正常
2016/06/28 13:16:46,6d199c399bc72c4c453bdc30e93b84b09d6e0b64,1f95588ab55a0bb803b0b5c45d12e638567d790d,持卡人消费,15公寓浴池,-0.86,40.20,4900,正常
2016/06/28 13:17:22,6d199c399bc72c4c453bdc30e93b84b09d6e0b64,1f95588ab55a0bb803b0b5c45d12e638567d790d,持卡人消费,15公寓浴池,-1.94,40.26,4901,正常
2016/06/28 13:21:30,6d199c399bc72c4c453bdc30e93b84b09d6e0b64,1f95588ab55a0bb803b0b5c45d12e638567d790d,持卡人消费,15公寓浴池,-0.46,39.80,4903,正常
2016/06/29 11:31:33,6d199c399bc72c4c453bdc30e93b84b09d6e0b64,1f95588ab55a0bb803b0b5c45d12e638567d790d,持卡人消费,学子超市园丁总店,-4.5,35.30,4904,正常
2016/06/29 13:08:45,6d199c399bc72c4c453bdc30e93b84b09d6e0b64,1f95588ab55a0bb803b0b5c45d12e638567d790d,持卡人消费,超市商务子系统,-5.8,29.50,4905,正常
2016/06/29 13:10:13,6d199c399bc72c4c453bdc30e93b84b09d6e0b64,1f95588ab55a0bb803b0b5c45d12e638567d790d,持卡人消费,超市商务子系统,-2.1,27.40,4906,正常
2016/06/30 19:59:40,6d199c399bc72c4c453bdc30e93b84b09d6e0b64,1f95588ab55a0bb803b0b5c45d12e638567d790d,持卡人消费,学子超市园丁总店,-14.0,13.40,4907,正常
