交易发生时间,学号,姓名,交易类型,子系统名称,交易额,现有余额,次数,状态
2016/06/10 19:16:33,9bb21b02932c28b11df041291eb1f5f179a77b7e,214a9040298e1f066056cac7ceac26a83b181ab3,持卡人消费,15公寓浴池,-0.9,118.65,3696,正常
2016/06/10 19:21:14,9bb21b02932c28b11df041291eb1f5f179a77b7e,214a9040298e1f066056cac7ceac26a83b181ab3,持卡人消费,15公寓浴池,-0.34,118.31,3698,正常
2016/06/10 19:23:47,9bb21b02932c28b11df041291eb1f5f179a77b7e,214a9040298e1f066056cac7ceac26a83b181ab3,持卡人消费,15公寓浴池,-0.22,118.09,3700,正常
2016/06/13 07:50:16,9bb21b02932c28b11df041291eb1f5f179a77b7e,214a9040298e1f066056cac7ceac26a83b181ab3,持卡人消费,A2,-2.3,115.79,3701,正常
2016/06/14 11:13:18,9bb21b02932c28b11df041291eb1f5f179a77b7e,214a9040298e1f066056cac7ceac26a83b181ab3,持卡人消费,硕果园（工大商店）,-10.0,105.79,3702,正常
2016/06/15 11:34:45,9bb21b02932c28b11df041291eb1f5f179a77b7e,214a9040298e1f066056cac7ceac26a83b181ab3,持卡人消费,学子楼商务网关,-7.6,98.19,3703,正常
2016/06/15 11:35:41,9bb21b02932c28b11df041291eb1f5f179a77b7e,214a9040298e1f066056cac7ceac26a83b181ab3,持卡人消费,学子楼商务网关,-4.0,94.19,3704,正常
2016/06/15 17:46:46,9bb21b02932c28b11df041291eb1f5f179a77b7e,214a9040298e1f066056cac7ceac26a83b181ab3,持卡人消费,学士楼商务网关,-8.0,86.19,3705,正常
2016/06/16 07:53:25,9bb21b02932c28b11df041291eb1f5f179a77b7e,214a9040298e1f066056cac7ceac26a83b181ab3,持卡人消费,学士楼商务网关,-8.5,77.69,3706,正常
2016/06/16 11:56:57,9bb21b02932c28b11df041291eb1f5f179a77b7e,214a9040298e1f066056cac7ceac26a83b181ab3,持卡人消费,学苑楼商务网关,-8.0,69.69,3707,正常
2016/06/16 18:20:35,9bb21b02932c28b11df041291eb1f5f179a77b7e,214a9040298e1f066056cac7ceac26a83b181ab3,持卡人消费,15公寓浴池,-2.0,65.69,3709,正常
2016/06/16 18:14:23,9bb21b02932c28b11df041291eb1f5f179a77b7e,214a9040298e1f066056cac7ceac26a83b181ab3,持卡人消费,15公寓浴池,-0.98,66.71,3710,正常
2016/06/16 18:21:27,9bb21b02932c28b11df041291eb1f5f179a77b7e,214a9040298e1f066056cac7ceac26a83b181ab3,持卡人消费,15公寓浴池,-0.72,65.99,3712,正常
2016/06/16 18:24:10,9bb21b02932c28b11df041291eb1f5f179a77b7e,214a9040298e1f066056cac7ceac26a83b181ab3,持卡人消费,15公寓浴池,-0.34,65.65,3714,正常
2016/06/16 18:59:44,9bb21b02932c28b11df041291eb1f5f179a77b7e,214a9040298e1f066056cac7ceac26a83b181ab3,持卡人消费,学士楼商务网关,-7.2,58.45,3715,正常
2016/06/17 08:37:35,9bb21b02932c28b11df041291eb1f5f179a77b7e,214a9040298e1f066056cac7ceac26a83b181ab3,持卡人消费,A2,-2.3,56.15,3716,正常
2016/06/17 09:00:27,9bb21b02932c28b11df041291eb1f5f179a77b7e,214a9040298e1f066056cac7ceac26a83b181ab3,持卡人消费,学士楼商务网关,-5.3,50.85,3717,正常
2016/06/17 09:24:12,9bb21b02932c28b11df041291eb1f5f179a77b7e,214a9040298e1f066056cac7ceac26a83b181ab3,持卡人消费,超市商务子系统,-0.4,50.45,3718,正常
2016/06/17 11:39:01,9bb21b02932c28b11df041291eb1f5f179a77b7e,214a9040298e1f066056cac7ceac26a83b181ab3,持卡人消费,学苑楼商务网关,-8.0,42.45,3719,正常
2016/06/21 08:44:03,9bb21b02932c28b11df041291eb1f5f179a77b7e,214a9040298e1f066056cac7ceac26a83b181ab3,持卡人消费,学士楼商务网关,-5.0,37.45,3720,正常
2016/06/21 10:27:27,9bb21b02932c28b11df041291eb1f5f179a77b7e,214a9040298e1f066056cac7ceac26a83b181ab3,持卡人消费,游泳馆,-6.0,31.45,3721,正常
2016/06/21 17:27:58,9bb21b02932c28b11df041291eb1f5f179a77b7e,214a9040298e1f066056cac7ceac26a83b181ab3,持卡人消费,硕果园（工大商店）,-12.2,19.25,3722,正常
2016/06/22 08:40:30,9bb21b02932c28b11df041291eb1f5f179a77b7e,214a9040298e1f066056cac7ceac26a83b181ab3,持卡人消费,学士楼商务网关,-5.0,14.25,3723,正常
2016/06/23 08:30:22,9bb21b02932c28b11df041291eb1f5f179a77b7e,214a9040298e1f066056cac7ceac26a83b181ab3,持卡人消费,学士楼商务网关,-4.4,9.85,3724,正常
2016/06/24 09:03:21,9bb21b02932c28b11df041291eb1f5f179a77b7e,214a9040298e1f066056cac7ceac26a83b181ab3,持卡人消费,学士楼商务网关,-4.4,5.45,3725,正常
2016/06/24 20:22:12,9bb21b02932c28b11df041291eb1f5f179a77b7e,214a9040298e1f066056cac7ceac26a83b181ab3,持卡人消费,一校区水控新,-2.0,3.45,3726,正常
2016/06/24 20:27:31,9bb21b02932c28b11df041291eb1f5f179a77b7e,214a9040298e1f066056cac7ceac26a83b181ab3,持卡人消费,一校区水控新,-1.01,2.44,3728,正常
