交易发生时间,学号,姓名,交易类型,子系统名称,交易额,现有余额,次数,状态
2016/06/01 11:22:06,f69ac99b5eb330ce53b01cec78248b92b76c54ee,23acc2de23c53ee3a246f217ad00ae31576e79a4,存款,现金充值机,100.0,101.52,3161,正常
2016/06/01 11:48:22,f69ac99b5eb330ce53b01cec78248b92b76c54ee,23acc2de23c53ee3a246f217ad00ae31576e79a4,持卡人消费,南苑网关,-8.16,93.36,3162,正常
2016/06/04 18:31:58,f69ac99b5eb330ce53b01cec78248b92b76c54ee,23acc2de23c53ee3a246f217ad00ae31576e79a4,持卡人消费,硕果园（工大商店）,-10.5,82.86,3163,正常
2016/06/04 19:19:50,f69ac99b5eb330ce53b01cec78248b92b76c54ee,23acc2de23c53ee3a246f217ad00ae31576e79a4,持卡人消费,超市商务子系统,-5.7,77.16,3164,正常
2016/06/05 18:52:56,f69ac99b5eb330ce53b01cec78248b92b76c54ee,23acc2de23c53ee3a246f217ad00ae31576e79a4,持卡人消费,硕果园（工大商店）,-14.0,63.16,3165,正常
2016/06/05 18:59:17,f69ac99b5eb330ce53b01cec78248b92b76c54ee,23acc2de23c53ee3a246f217ad00ae31576e79a4,持卡人消费,硕果园（工大商店）,-9.0,54.16,3166,正常
2016/06/05 20:19:46,f69ac99b5eb330ce53b01cec78248b92b76c54ee,23acc2de23c53ee3a246f217ad00ae31576e79a4,持卡人消费,15公寓浴池,-2.0,52.16,3167,正常
2016/06/05 20:26:29,f69ac99b5eb330ce53b01cec78248b92b76c54ee,23acc2de23c53ee3a246f217ad00ae31576e79a4,持卡人消费,15公寓浴池,-0.61,51.55,3169,正常
2016/06/05 20:39:56,f69ac99b5eb330ce53b01cec78248b92b76c54ee,23acc2de23c53ee3a246f217ad00ae31576e79a4,持卡人消费,A15,-2.3,49.25,3170,正常
2016/06/07 19:16:01,f69ac99b5eb330ce53b01cec78248b92b76c54ee,23acc2de23c53ee3a246f217ad00ae31576e79a4,持卡人消费,硕果园（工大商店）,-14.0,35.25,3171,正常
2016/06/07 20:00:30,f69ac99b5eb330ce53b01cec78248b92b76c54ee,23acc2de23c53ee3a246f217ad00ae31576e79a4,持卡人消费,超市商务子系统,-8.7,26.55,3172,正常
2016/06/07 20:08:48,f69ac99b5eb330ce53b01cec78248b92b76c54ee,23acc2de23c53ee3a246f217ad00ae31576e79a4,持卡人消费,超市商务子系统,-11.2,15.35,3173,正常
2016/06/08 20:25:21,f69ac99b5eb330ce53b01cec78248b92b76c54ee,23acc2de23c53ee3a246f217ad00ae31576e79a4,持卡人消费,15公寓浴池,-0.53,14.82,3175,正常
2016/06/08 20:32:01,f69ac99b5eb330ce53b01cec78248b92b76c54ee,23acc2de23c53ee3a246f217ad00ae31576e79a4,持卡人消费,15公寓浴池,-1.14,13.68,3177,正常
2016/06/08 20:36:07,f69ac99b5eb330ce53b01cec78248b92b76c54ee,23acc2de23c53ee3a246f217ad00ae31576e79a4,持卡人消费,15公寓浴池,-0.42,13.26,3179,正常
2016/06/09 19:56:37,f69ac99b5eb330ce53b01cec78248b92b76c54ee,23acc2de23c53ee3a246f217ad00ae31576e79a4,持卡人消费,超市商务子系统,-3.9,9.36,3180,正常
2016/06/09 20:26:14,f69ac99b5eb330ce53b01cec78248b92b76c54ee,23acc2de23c53ee3a246f217ad00ae31576e79a4,持卡人消费,A15,-2.3,7.06,3181,正常
2016/06/10 18:48:49,f69ac99b5eb330ce53b01cec78248b92b76c54ee,23acc2de23c53ee3a246f217ad00ae31576e79a4,持卡人消费,硕果园（工大商店）,-0.2,6.86,3182,正常
2016/06/10 19:28:01,f69ac99b5eb330ce53b01cec78248b92b76c54ee,23acc2de23c53ee3a246f217ad00ae31576e79a4,持卡人消费,超市商务子系统,-0.1,6.76,3183,正常
2016/06/10 19:48:25,f69ac99b5eb330ce53b01cec78248b92b76c54ee,23acc2de23c53ee3a246f217ad00ae31576e79a4,持卡人消费,超市商务子系统,-3.2,3.56,3184,正常
2016/06/11 16:53:04,f69ac99b5eb330ce53b01cec78248b92b76c54ee,23acc2de23c53ee3a246f217ad00ae31576e79a4,持卡人消费,15公寓浴池,-0.83,2.73,3186,正常
2016/06/11 17:00:05,f69ac99b5eb330ce53b01cec78248b92b76c54ee,23acc2de23c53ee3a246f217ad00ae31576e79a4,持卡人消费,15公寓浴池,-0.13,2.60,3188,正常
2016/06/11 17:03:09,f69ac99b5eb330ce53b01cec78248b92b76c54ee,23acc2de23c53ee3a246f217ad00ae31576e79a4,持卡人消费,15公寓浴池,-0.26,2.34,3190,正常
2016/06/13 11:11:31,f69ac99b5eb330ce53b01cec78248b92b76c54ee,23acc2de23c53ee3a246f217ad00ae31576e79a4,存款,现金充值机,100.0,102.34,3191,正常
2016/06/13 11:39:30,f69ac99b5eb330ce53b01cec78248b92b76c54ee,23acc2de23c53ee3a246f217ad00ae31576e79a4,持卡人消费,南苑网关,-9.84,92.50,3192,正常
2016/06/13 18:49:23,f69ac99b5eb330ce53b01cec78248b92b76c54ee,23acc2de23c53ee3a246f217ad00ae31576e79a4,持卡人消费,硕果园（工大商店）,-14.0,78.50,3193,正常
2016/06/13 19:25:27,f69ac99b5eb330ce53b01cec78248b92b76c54ee,23acc2de23c53ee3a246f217ad00ae31576e79a4,持卡人消费,超市商务子系统,-11.5,67.00,3194,正常
2016/06/14 18:11:33,f69ac99b5eb330ce53b01cec78248b92b76c54ee,23acc2de23c53ee3a246f217ad00ae31576e79a4,持卡人消费,学士楼商务网关,-5.88,61.12,3195,正常
2016/06/14 18:12:59,f69ac99b5eb330ce53b01cec78248b92b76c54ee,23acc2de23c53ee3a246f217ad00ae31576e79a4,持卡人消费,学士楼商务网关,-5.5,55.62,3196,正常
2016/06/14 18:52:55,f69ac99b5eb330ce53b01cec78248b92b76c54ee,23acc2de23c53ee3a246f217ad00ae31576e79a4,持卡人消费,超市商务子系统,-9.7,45.92,3197,正常
2016/06/15 18:29:40,f69ac99b5eb330ce53b01cec78248b92b76c54ee,23acc2de23c53ee3a246f217ad00ae31576e79a4,持卡人消费,硕果园（工大商店）,-14.0,31.92,3198,正常
2016/06/15 19:16:24,f69ac99b5eb330ce53b01cec78248b92b76c54ee,23acc2de23c53ee3a246f217ad00ae31576e79a4,持卡人消费,超市商务子系统,-3.5,28.42,3199,正常
2016/06/16 11:47:57,f69ac99b5eb330ce53b01cec78248b92b76c54ee,23acc2de23c53ee3a246f217ad00ae31576e79a4,持卡人消费,南苑网关,-11.76,16.66,3200,正常
2016/06/17 20:03:11,f69ac99b5eb330ce53b01cec78248b92b76c54ee,23acc2de23c53ee3a246f217ad00ae31576e79a4,持卡人消费,15公寓浴池,-1.5,15.16,3202,正常
2016/06/17 20:03:45,f69ac99b5eb330ce53b01cec78248b92b76c54ee,23acc2de23c53ee3a246f217ad00ae31576e79a4,持卡人消费,15公寓浴池,-0.02,15.14,3204,正常
2016/06/17 20:08:53,f69ac99b5eb330ce53b01cec78248b92b76c54ee,23acc2de23c53ee3a246f217ad00ae31576e79a4,持卡人消费,15公寓浴池,-0.4,14.74,3206,正常
2016/06/17 20:11:47,f69ac99b5eb330ce53b01cec78248b92b76c54ee,23acc2de23c53ee3a246f217ad00ae31576e79a4,持卡人消费,15公寓浴池,-0.08,14.66,3208,正常
2016/06/20 17:48:12,f69ac99b5eb330ce53b01cec78248b92b76c54ee,23acc2de23c53ee3a246f217ad00ae31576e79a4,存款,现金充值机,100.0,114.66,3209,正常
2016/06/20 18:15:24,f69ac99b5eb330ce53b01cec78248b92b76c54ee,23acc2de23c53ee3a246f217ad00ae31576e79a4,持卡人消费,学士楼商务网关,-10.5,104.16,3210,正常
2016/06/23 19:04:50,f69ac99b5eb330ce53b01cec78248b92b76c54ee,23acc2de23c53ee3a246f217ad00ae31576e79a4,持卡人消费,硕果园（工大商店）,-14.0,90.16,3211,正常
2016/06/23 19:06:20,f69ac99b5eb330ce53b01cec78248b92b76c54ee,23acc2de23c53ee3a246f217ad00ae31576e79a4,持卡人消费,硕果园（工大商店）,-12.0,78.16,3212,正常
2016/06/25 15:39:51,f69ac99b5eb330ce53b01cec78248b92b76c54ee,23acc2de23c53ee3a246f217ad00ae31576e79a4,持卡人消费,15公寓浴池,-1.89,76.27,3214,正常
2016/06/25 15:43:58,f69ac99b5eb330ce53b01cec78248b92b76c54ee,23acc2de23c53ee3a246f217ad00ae31576e79a4,持卡人消费,15公寓浴池,-0.19,76.08,3216,正常
2016/06/25 15:47:15,f69ac99b5eb330ce53b01cec78248b92b76c54ee,23acc2de23c53ee3a246f217ad00ae31576e79a4,持卡人消费,15公寓浴池,-0.43,75.65,3218,正常
2016/06/25 18:47:22,f69ac99b5eb330ce53b01cec78248b92b76c54ee,23acc2de23c53ee3a246f217ad00ae31576e79a4,持卡人消费,硕果园（工大商店）,-14.0,61.65,3219,正常
2016/06/26 18:30:27,f69ac99b5eb330ce53b01cec78248b92b76c54ee,23acc2de23c53ee3a246f217ad00ae31576e79a4,持卡人消费,硕果园（工大商店）,-12.0,49.65,3220,正常
2016/06/27 18:48:52,f69ac99b5eb330ce53b01cec78248b92b76c54ee,23acc2de23c53ee3a246f217ad00ae31576e79a4,持卡人消费,硕果园（工大商店）,-14.0,35.65,3221,正常
2016/06/27 19:07:35,f69ac99b5eb330ce53b01cec78248b92b76c54ee,23acc2de23c53ee3a246f217ad00ae31576e79a4,持卡人消费,硕果园（工大商店）,-3.0,32.65,3222,正常
