交易发生时间,学号,姓名,交易类型,子系统名称,交易额,现有余额,次数,状态
2016/06/10 12:03:03,bcc55477629183574db9d2f5c4e103bb83570217,247dfcce7d2ebf02efc33041d98da0e68e463d5c,存款,现金充值机,100.0,101.94,4391,正常
2016/06/11 12:41:59,bcc55477629183574db9d2f5c4e103bb83570217,247dfcce7d2ebf02efc33041d98da0e68e463d5c,持卡人消费,硕果园（工大商店）,-32.0,69.94,4392,正常
2016/06/13 08:51:40,bcc55477629183574db9d2f5c4e103bb83570217,247dfcce7d2ebf02efc33041d98da0e68e463d5c,持卡人消费,超市商务子系统,-3.5,66.44,4393,正常
2016/06/14 08:40:58,bcc55477629183574db9d2f5c4e103bb83570217,247dfcce7d2ebf02efc33041d98da0e68e463d5c,持卡人消费,超市商务子系统,-3.0,63.44,4394,正常
2016/06/14 13:48:31,bcc55477629183574db9d2f5c4e103bb83570217,247dfcce7d2ebf02efc33041d98da0e68e463d5c,持卡人消费,硕果园（工大商店）,-8.0,55.44,4395,正常
2016/06/14 14:10:41,bcc55477629183574db9d2f5c4e103bb83570217,247dfcce7d2ebf02efc33041d98da0e68e463d5c,持卡人消费,硕果园（工大商店）,-5.0,50.44,4396,正常
2016/06/14 18:08:49,bcc55477629183574db9d2f5c4e103bb83570217,247dfcce7d2ebf02efc33041d98da0e68e463d5c,持卡人消费,学苑楼商务网关,-8.0,42.44,4397,正常
2016/06/16 09:50:29,bcc55477629183574db9d2f5c4e103bb83570217,247dfcce7d2ebf02efc33041d98da0e68e463d5c,持卡人消费,学士楼商务网关,-2.1,40.34,4398,正常
2016/06/16 12:15:32,bcc55477629183574db9d2f5c4e103bb83570217,247dfcce7d2ebf02efc33041d98da0e68e463d5c,持卡人消费,学苑楼商务网关,-7.0,33.34,4399,正常
2016/06/19 09:31:52,bcc55477629183574db9d2f5c4e103bb83570217,247dfcce7d2ebf02efc33041d98da0e68e463d5c,持卡人消费,学士楼商务网关,-2.5,30.84,4400,正常
2016/06/19 17:17:13,bcc55477629183574db9d2f5c4e103bb83570217,247dfcce7d2ebf02efc33041d98da0e68e463d5c,持卡人消费,学苑楼商务网关,-1.5,29.34,4401,正常
2016/06/19 17:18:23,bcc55477629183574db9d2f5c4e103bb83570217,247dfcce7d2ebf02efc33041d98da0e68e463d5c,持卡人消费,学苑楼商务网关,-1.0,28.34,4402,正常
2016/06/19 17:19:30,bcc55477629183574db9d2f5c4e103bb83570217,247dfcce7d2ebf02efc33041d98da0e68e463d5c,持卡人消费,学苑楼商务网关,-0.5,27.84,4403,正常
2016/06/19 17:19:52,bcc55477629183574db9d2f5c4e103bb83570217,247dfcce7d2ebf02efc33041d98da0e68e463d5c,持卡人消费,学苑楼商务网关,-2.5,25.34,4404,正常
2016/06/19 17:20:54,bcc55477629183574db9d2f5c4e103bb83570217,247dfcce7d2ebf02efc33041d98da0e68e463d5c,持卡人消费,学苑楼商务网关,-0.2,25.14,4405,正常
2016/06/19 18:50:19,bcc55477629183574db9d2f5c4e103bb83570217,247dfcce7d2ebf02efc33041d98da0e68e463d5c,持卡人消费,超市商务子系统,-6.0,19.14,4406,正常
2016/06/26 09:23:27,bcc55477629183574db9d2f5c4e103bb83570217,247dfcce7d2ebf02efc33041d98da0e68e463d5c,持卡人消费,学士楼商务网关,-2.0,17.14,4407,正常
2016/06/26 09:25:36,bcc55477629183574db9d2f5c4e103bb83570217,247dfcce7d2ebf02efc33041d98da0e68e463d5c,持卡人消费,学士楼商务网关,-0.2,16.94,4408,正常
2016/06/26 12:03:01,bcc55477629183574db9d2f5c4e103bb83570217,247dfcce7d2ebf02efc33041d98da0e68e463d5c,持卡人消费,学士楼商务网关,-12.5,4.44,4409,正常
2016/06/26 18:01:36,bcc55477629183574db9d2f5c4e103bb83570217,247dfcce7d2ebf02efc33041d98da0e68e463d5c,存款,现金充值机,50.0,54.44,4410,正常
2016/06/26 18:26:26,bcc55477629183574db9d2f5c4e103bb83570217,247dfcce7d2ebf02efc33041d98da0e68e463d5c,持卡人消费,学苑楼商务网关,-16.0,38.44,4411,正常
2016/06/26 19:08:09,bcc55477629183574db9d2f5c4e103bb83570217,247dfcce7d2ebf02efc33041d98da0e68e463d5c,持卡人消费,超市商务子系统,-6.9,31.54,4412,正常
2016/06/28 07:46:17,bcc55477629183574db9d2f5c4e103bb83570217,247dfcce7d2ebf02efc33041d98da0e68e463d5c,持卡人消费,学士楼商务网关,-2.8,28.74,4413,正常
2016/06/30 09:08:04,bcc55477629183574db9d2f5c4e103bb83570217,247dfcce7d2ebf02efc33041d98da0e68e463d5c,持卡人消费,学士楼商务网关,-4.4,24.34,4414,正常
2016/06/30 09:25:11,bcc55477629183574db9d2f5c4e103bb83570217,247dfcce7d2ebf02efc33041d98da0e68e463d5c,持卡人消费,超市商务子系统,-7.0,17.34,4415,正常
