交易发生时间,学号,姓名,交易类型,子系统名称,交易额,现有余额,次数,状态
2016/06/01 18:16:10,91d5cff2e38bdc08198a4e26f773f4d5f7052ffd,2546fb246b3116a60f951f7994dd719a0558dc08,持卡人消费,硕果园（工大商店）,-5.0,94.17,2793,正常
2016/06/01 20:36:20,91d5cff2e38bdc08198a4e26f773f4d5f7052ffd,2546fb246b3116a60f951f7994dd719a0558dc08,持卡人消费,硕果园（工大商店）,-2.5,91.67,2794,正常
2016/06/06 15:03:12,91d5cff2e38bdc08198a4e26f773f4d5f7052ffd,2546fb246b3116a60f951f7994dd719a0558dc08,持卡人消费,硕果园（工大商店）,-17.2,74.47,2795,正常
2016/06/06 15:04:31,91d5cff2e38bdc08198a4e26f773f4d5f7052ffd,2546fb246b3116a60f951f7994dd719a0558dc08,持卡人消费,硕果园（工大商店）,-4.0,70.47,2796,正常
2016/06/06 15:09:36,91d5cff2e38bdc08198a4e26f773f4d5f7052ffd,2546fb246b3116a60f951f7994dd719a0558dc08,持卡人消费,硕果园（工大商店）,-5.9,64.57,2797,正常
2016/06/07 11:10:00,91d5cff2e38bdc08198a4e26f773f4d5f7052ffd,2546fb246b3116a60f951f7994dd719a0558dc08,持卡人消费,硕果园（工大商店）,-22.9,41.67,2798,正常
2016/06/07 11:12:54,91d5cff2e38bdc08198a4e26f773f4d5f7052ffd,2546fb246b3116a60f951f7994dd719a0558dc08,持卡人消费,硕果园（工大商店）,-3.0,38.67,2799,正常
2016/06/07 11:14:21,91d5cff2e38bdc08198a4e26f773f4d5f7052ffd,2546fb246b3116a60f951f7994dd719a0558dc08,持卡人消费,硕果园（工大商店）,-6.0,32.67,2800,正常
2016/06/10 18:07:05,91d5cff2e38bdc08198a4e26f773f4d5f7052ffd,2546fb246b3116a60f951f7994dd719a0558dc08,持卡人消费,硕果园（工大商店）,-10.0,22.67,2801,正常
2016/06/11 08:38:47,91d5cff2e38bdc08198a4e26f773f4d5f7052ffd,2546fb246b3116a60f951f7994dd719a0558dc08,持卡人消费,学士楼商务网关,-1.0,21.67,2802,正常
2016/06/11 08:42:08,91d5cff2e38bdc08198a4e26f773f4d5f7052ffd,2546fb246b3116a60f951f7994dd719a0558dc08,持卡人消费,学士楼商务网关,-1.0,20.67,2803,正常
2016/06/12 20:23:44,91d5cff2e38bdc08198a4e26f773f4d5f7052ffd,2546fb246b3116a60f951f7994dd719a0558dc08,持卡人消费,硕果园（工大商店）,-10.0,10.67,2804,正常
2016/06/12 20:26:38,91d5cff2e38bdc08198a4e26f773f4d5f7052ffd,2546fb246b3116a60f951f7994dd719a0558dc08,持卡人消费,硕果园（工大商店）,-2.5,8.17,2805,正常
2016/06/14 08:31:38,91d5cff2e38bdc08198a4e26f773f4d5f7052ffd,2546fb246b3116a60f951f7994dd719a0558dc08,持卡人消费,学士楼商务网关,-1.5,6.67,2806,正常
2016/06/18 14:25:52,91d5cff2e38bdc08198a4e26f773f4d5f7052ffd,2546fb246b3116a60f951f7994dd719a0558dc08,持卡人消费,身份前置机,-0.38,6.29,2807,正常
2016/06/18 16:50:05,91d5cff2e38bdc08198a4e26f773f4d5f7052ffd,2546fb246b3116a60f951f7994dd719a0558dc08,持卡人消费,身份前置机,-2.31,3.98,2808,正常
2016/06/18 17:59:38,91d5cff2e38bdc08198a4e26f773f4d5f7052ffd,2546fb246b3116a60f951f7994dd719a0558dc08,持卡人消费,身份前置机,-0.52,3.46,2809,正常
