交易发生时间,学号,姓名,交易类型,子系统名称,交易额,现有余额,次数,状态
2016/06/01 07:49:39,579e43d645d1951ddb73c393a5cced2f2dd4f4e6,25cdf28f8d40414c55125d9a2a9c100e5328f3e9,持卡人消费,学士楼商务网关,-2.6,85.93,10878,正常
2016/06/01 11:34:30,579e43d645d1951ddb73c393a5cced2f2dd4f4e6,25cdf28f8d40414c55125d9a2a9c100e5328f3e9,持卡人消费,学苑楼商务网关,-7.0,78.93,10879,正常
2016/06/01 17:28:04,579e43d645d1951ddb73c393a5cced2f2dd4f4e6,25cdf28f8d40414c55125d9a2a9c100e5328f3e9,持卡人消费,学苑楼商务网关,-8.0,70.93,10880,正常
2016/06/02 08:35:56,579e43d645d1951ddb73c393a5cced2f2dd4f4e6,25cdf28f8d40414c55125d9a2a9c100e5328f3e9,持卡人消费,学士楼商务网关,-2.6,68.33,10881,正常
2016/06/02 08:37:31,579e43d645d1951ddb73c393a5cced2f2dd4f4e6,25cdf28f8d40414c55125d9a2a9c100e5328f3e9,持卡人消费,学士楼商务网关,-0.2,68.13,10882,正常
2016/06/02 11:49:52,579e43d645d1951ddb73c393a5cced2f2dd4f4e6,25cdf28f8d40414c55125d9a2a9c100e5328f3e9,持卡人消费,学士楼商务网关,-3.8,64.33,10883,正常
2016/06/02 11:51:28,579e43d645d1951ddb73c393a5cced2f2dd4f4e6,25cdf28f8d40414c55125d9a2a9c100e5328f3e9,持卡人消费,学士楼商务网关,-3.0,61.33,10884,正常
2016/06/02 17:33:24,579e43d645d1951ddb73c393a5cced2f2dd4f4e6,25cdf28f8d40414c55125d9a2a9c100e5328f3e9,持卡人消费,学苑楼商务网关,-8.0,53.33,10885,正常
2016/06/02 17:33:51,579e43d645d1951ddb73c393a5cced2f2dd4f4e6,25cdf28f8d40414c55125d9a2a9c100e5328f3e9,持卡人消费,学苑楼商务网关,-3.8,49.53,10886,正常
2016/06/02 17:35:48,579e43d645d1951ddb73c393a5cced2f2dd4f4e6,25cdf28f8d40414c55125d9a2a9c100e5328f3e9,持卡人消费,学苑楼商务网关,-0.8,48.73,10887,正常
2016/06/02 21:38:05,579e43d645d1951ddb73c393a5cced2f2dd4f4e6,25cdf28f8d40414c55125d9a2a9c100e5328f3e9,持卡人消费,学子超市园丁总店,-1.8,46.93,10888,正常
2016/06/03 07:48:06,579e43d645d1951ddb73c393a5cced2f2dd4f4e6,25cdf28f8d40414c55125d9a2a9c100e5328f3e9,持卡人消费,学士楼商务网关,-2.6,44.33,10889,正常
2016/06/03 12:25:10,579e43d645d1951ddb73c393a5cced2f2dd4f4e6,25cdf28f8d40414c55125d9a2a9c100e5328f3e9,持卡人消费,学子便利店A01后楼,-4.0,40.33,10890,正常
2016/06/03 12:40:22,579e43d645d1951ddb73c393a5cced2f2dd4f4e6,25cdf28f8d40414c55125d9a2a9c100e5328f3e9,持卡人消费,15公寓浴池,-0.24,38.09,10893,正常
2016/06/03 12:48:15,579e43d645d1951ddb73c393a5cced2f2dd4f4e6,25cdf28f8d40414c55125d9a2a9c100e5328f3e9,持卡人消费,15公寓浴池,-0.93,37.16,10895,正常
2016/06/03 12:48:19,579e43d645d1951ddb73c393a5cced2f2dd4f4e6,25cdf28f8d40414c55125d9a2a9c100e5328f3e9,持卡人消费,15公寓浴池,-1.81,37.35,10896,正常
2016/06/03 12:49:08,579e43d645d1951ddb73c393a5cced2f2dd4f4e6,25cdf28f8d40414c55125d9a2a9c100e5328f3e9,持卡人消费,15公寓浴池,-0.14,37.21,10898,正常
2016/06/03 12:49:57,579e43d645d1951ddb73c393a5cced2f2dd4f4e6,25cdf28f8d40414c55125d9a2a9c100e5328f3e9,持卡人消费,15公寓浴池,-0.05,37.16,10900,正常
2016/06/03 15:26:02,579e43d645d1951ddb73c393a5cced2f2dd4f4e6,25cdf28f8d40414c55125d9a2a9c100e5328f3e9,持卡人消费,学子便利店A01后楼,-3.0,34.16,10901,正常
2016/06/03 17:58:44,579e43d645d1951ddb73c393a5cced2f2dd4f4e6,25cdf28f8d40414c55125d9a2a9c100e5328f3e9,持卡人消费,硕果园（工大商店）,-9.0,25.16,10902,正常
2016/06/04 09:17:30,579e43d645d1951ddb73c393a5cced2f2dd4f4e6,25cdf28f8d40414c55125d9a2a9c100e5328f3e9,持卡人消费,学士楼商务网关,-5.0,20.16,10903,正常
2016/06/04 17:20:47,579e43d645d1951ddb73c393a5cced2f2dd4f4e6,25cdf28f8d40414c55125d9a2a9c100e5328f3e9,持卡人消费,学苑楼商务网关,-7.0,13.16,10904,正常
2016/06/04 17:22:40,579e43d645d1951ddb73c393a5cced2f2dd4f4e6,25cdf28f8d40414c55125d9a2a9c100e5328f3e9,持卡人消费,学苑楼商务网关,-6.0,7.16,10905,正常
2016/06/05 08:47:55,579e43d645d1951ddb73c393a5cced2f2dd4f4e6,25cdf28f8d40414c55125d9a2a9c100e5328f3e9,持卡人消费,学士楼商务网关,-2.1,5.06,10906,正常
2016/06/05 08:48:16,579e43d645d1951ddb73c393a5cced2f2dd4f4e6,25cdf28f8d40414c55125d9a2a9c100e5328f3e9,持卡人消费,学士楼商务网关,-2.0,3.06,10907,正常
2016/06/05 08:49:44,579e43d645d1951ddb73c393a5cced2f2dd4f4e6,25cdf28f8d40414c55125d9a2a9c100e5328f3e9,持卡人消费,学士楼商务网关,-1.2,1.86,10908,正常
2016/06/05 11:02:02,579e43d645d1951ddb73c393a5cced2f2dd4f4e6,25cdf28f8d40414c55125d9a2a9c100e5328f3e9,存款,现金充值机,200.0,201.86,10909,正常
2016/06/05 11:25:30,579e43d645d1951ddb73c393a5cced2f2dd4f4e6,25cdf28f8d40414c55125d9a2a9c100e5328f3e9,持卡人消费,学苑楼商务网关,-3.8,198.06,10910,正常
2016/06/05 11:26:46,579e43d645d1951ddb73c393a5cced2f2dd4f4e6,25cdf28f8d40414c55125d9a2a9c100e5328f3e9,持卡人消费,学苑楼商务网关,-0.5,197.56,10911,正常
2016/06/05 11:26:48,579e43d645d1951ddb73c393a5cced2f2dd4f4e6,25cdf28f8d40414c55125d9a2a9c100e5328f3e9,持卡人消费,学苑楼商务网关,-0.5,197.06,10912,正常
2016/06/05 11:29:15,579e43d645d1951ddb73c393a5cced2f2dd4f4e6,25cdf28f8d40414c55125d9a2a9c100e5328f3e9,持卡人消费,学苑楼商务网关,-1.2,195.86,10913,正常
2016/06/05 18:41:19,579e43d645d1951ddb73c393a5cced2f2dd4f4e6,25cdf28f8d40414c55125d9a2a9c100e5328f3e9,持卡人消费,学子便利店A01后楼,-0.2,195.66,10914,正常
2016/06/05 18:53:35,579e43d645d1951ddb73c393a5cced2f2dd4f4e6,25cdf28f8d40414c55125d9a2a9c100e5328f3e9,持卡人消费,15公寓浴池,-0.3,195.36,10916,正常
2016/06/05 18:55:02,579e43d645d1951ddb73c393a5cced2f2dd4f4e6,25cdf28f8d40414c55125d9a2a9c100e5328f3e9,持卡人消费,15公寓浴池,-0.18,195.18,10918,正常
2016/06/05 18:55:23,579e43d645d1951ddb73c393a5cced2f2dd4f4e6,25cdf28f8d40414c55125d9a2a9c100e5328f3e9,持卡人消费,15公寓浴池,-0.03,195.15,10920,正常
2016/06/05 18:57:53,579e43d645d1951ddb73c393a5cced2f2dd4f4e6,25cdf28f8d40414c55125d9a2a9c100e5328f3e9,持卡人消费,15公寓浴池,-0.19,194.96,10922,正常
2016/06/05 18:58:11,579e43d645d1951ddb73c393a5cced2f2dd4f4e6,25cdf28f8d40414c55125d9a2a9c100e5328f3e9,持卡人消费,15公寓浴池,-0.03,194.93,10924,正常
2016/06/05 19:04:22,579e43d645d1951ddb73c393a5cced2f2dd4f4e6,25cdf28f8d40414c55125d9a2a9c100e5328f3e9,持卡人消费,15公寓浴池,-1.12,193.81,10926,正常
2016/06/05 19:04:36,579e43d645d1951ddb73c393a5cced2f2dd4f4e6,25cdf28f8d40414c55125d9a2a9c100e5328f3e9,持卡人消费,15公寓浴池,-0.03,193.78,10928,正常
2016/06/06 17:24:14,579e43d645d1951ddb73c393a5cced2f2dd4f4e6,25cdf28f8d40414c55125d9a2a9c100e5328f3e9,持卡人消费,学苑楼商务网关,-8.0,185.78,10929,正常
2016/06/07 08:21:16,579e43d645d1951ddb73c393a5cced2f2dd4f4e6,25cdf28f8d40414c55125d9a2a9c100e5328f3e9,持卡人消费,学士楼商务网关,-2.6,183.18,10930,正常
2016/06/07 17:19:17,579e43d645d1951ddb73c393a5cced2f2dd4f4e6,25cdf28f8d40414c55125d9a2a9c100e5328f3e9,持卡人消费,学苑楼商务网关,-9.0,174.18,10931,正常
2016/06/07 18:07:46,579e43d645d1951ddb73c393a5cced2f2dd4f4e6,25cdf28f8d40414c55125d9a2a9c100e5328f3e9,持卡人消费,15公寓浴池,-0.22,173.96,10933,正常
2016/06/07 18:09:30,579e43d645d1951ddb73c393a5cced2f2dd4f4e6,25cdf28f8d40414c55125d9a2a9c100e5328f3e9,持卡人消费,15公寓浴池,-0.18,173.78,10935,正常
2016/06/07 18:11:13,579e43d645d1951ddb73c393a5cced2f2dd4f4e6,25cdf28f8d40414c55125d9a2a9c100e5328f3e9,持卡人消费,15公寓浴池,-0.27,173.51,10937,正常
2016/06/07 18:11:29,579e43d645d1951ddb73c393a5cced2f2dd4f4e6,25cdf28f8d40414c55125d9a2a9c100e5328f3e9,持卡人消费,15公寓浴池,-0.03,173.48,10939,正常
2016/06/07 18:14:29,579e43d645d1951ddb73c393a5cced2f2dd4f4e6,25cdf28f8d40414c55125d9a2a9c100e5328f3e9,持卡人消费,15公寓浴池,-0.24,173.24,10941,正常
2016/06/07 18:14:42,579e43d645d1951ddb73c393a5cced2f2dd4f4e6,25cdf28f8d40414c55125d9a2a9c100e5328f3e9,持卡人消费,15公寓浴池,-0.03,173.21,10943,正常
2016/06/07 18:20:05,579e43d645d1951ddb73c393a5cced2f2dd4f4e6,25cdf28f8d40414c55125d9a2a9c100e5328f3e9,持卡人消费,15公寓浴池,-0.94,172.27,10945,正常
2016/06/07 18:20:43,579e43d645d1951ddb73c393a5cced2f2dd4f4e6,25cdf28f8d40414c55125d9a2a9c100e5328f3e9,持卡人消费,15公寓浴池,-0.05,172.22,10947,正常
2016/06/08 09:51:33,579e43d645d1951ddb73c393a5cced2f2dd4f4e6,25cdf28f8d40414c55125d9a2a9c100e5328f3e9,持卡人消费,超市商务子系统,-4.0,168.22,10948,正常
2016/06/08 11:36:34,579e43d645d1951ddb73c393a5cced2f2dd4f4e6,25cdf28f8d40414c55125d9a2a9c100e5328f3e9,持卡人消费,学苑楼商务网关,-7.0,161.22,10949,正常
2016/06/08 17:30:11,579e43d645d1951ddb73c393a5cced2f2dd4f4e6,25cdf28f8d40414c55125d9a2a9c100e5328f3e9,持卡人消费,学苑楼商务网关,-9.0,152.22,10950,正常
2016/06/09 07:56:04,579e43d645d1951ddb73c393a5cced2f2dd4f4e6,25cdf28f8d40414c55125d9a2a9c100e5328f3e9,持卡人消费,学子便利店A01后楼,-5.2,147.02,10951,正常
2016/06/09 11:37:55,579e43d645d1951ddb73c393a5cced2f2dd4f4e6,25cdf28f8d40414c55125d9a2a9c100e5328f3e9,持卡人消费,学士楼商务网关,-4.8,142.22,10952,正常
2016/06/09 11:38:55,579e43d645d1951ddb73c393a5cced2f2dd4f4e6,25cdf28f8d40414c55125d9a2a9c100e5328f3e9,持卡人消费,学士楼商务网关,-1.0,141.22,10953,正常
2016/06/09 05:29:44,579e43d645d1951ddb73c393a5cced2f2dd4f4e6,25cdf28f8d40414c55125d9a2a9c100e5328f3e9,持卡人消费,学士楼商务网关,-4.8,136.42,10954,正常
2016/06/09 17:30:24,579e43d645d1951ddb73c393a5cced2f2dd4f4e6,25cdf28f8d40414c55125d9a2a9c100e5328f3e9,持卡人消费,学士楼商务网关,-1.8,134.62,10955,正常
2016/06/10 09:06:48,579e43d645d1951ddb73c393a5cced2f2dd4f4e6,25cdf28f8d40414c55125d9a2a9c100e5328f3e9,持卡人消费,学士楼商务网关,-2.25,132.37,10956,正常
2016/06/10 09:06:56,579e43d645d1951ddb73c393a5cced2f2dd4f4e6,25cdf28f8d40414c55125d9a2a9c100e5328f3e9,持卡人消费,学士楼商务网关,-0.5,131.87,10957,正常
2016/06/10 11:37:32,579e43d645d1951ddb73c393a5cced2f2dd4f4e6,25cdf28f8d40414c55125d9a2a9c100e5328f3e9,持卡人消费,学士楼商务网关,-7.8,124.07,10958,正常
2016/06/10 11:38:45,579e43d645d1951ddb73c393a5cced2f2dd4f4e6,25cdf28f8d40414c55125d9a2a9c100e5328f3e9,持卡人消费,学士楼商务网关,-2.0,122.07,10959,正常
2016/06/10 16:52:09,579e43d645d1951ddb73c393a5cced2f2dd4f4e6,25cdf28f8d40414c55125d9a2a9c100e5328f3e9,持卡人消费,学子便利店A01后楼,-3.6,118.47,10960,正常
2016/06/10 19:07:10,579e43d645d1951ddb73c393a5cced2f2dd4f4e6,25cdf28f8d40414c55125d9a2a9c100e5328f3e9,持卡人消费,学子便利店A01后楼,-4.5,113.97,10961,正常
2016/06/10 19:23:36,579e43d645d1951ddb73c393a5cced2f2dd4f4e6,25cdf28f8d40414c55125d9a2a9c100e5328f3e9,持卡人消费,15公寓浴池,-0.27,113.70,10963,正常
2016/06/10 19:25:19,579e43d645d1951ddb73c393a5cced2f2dd4f4e6,25cdf28f8d40414c55125d9a2a9c100e5328f3e9,持卡人消费,15公寓浴池,-0.19,113.51,10965,正常
2016/06/10 19:27:03,579e43d645d1951ddb73c393a5cced2f2dd4f4e6,25cdf28f8d40414c55125d9a2a9c100e5328f3e9,持卡人消费,15公寓浴池,-0.26,113.25,10967,正常
2016/06/10 19:27:25,579e43d645d1951ddb73c393a5cced2f2dd4f4e6,25cdf28f8d40414c55125d9a2a9c100e5328f3e9,持卡人消费,15公寓浴池,-0.02,113.23,10969,正常
2016/06/10 19:29:22,579e43d645d1951ddb73c393a5cced2f2dd4f4e6,25cdf28f8d40414c55125d9a2a9c100e5328f3e9,持卡人消费,15公寓浴池,-0.1,113.13,10971,正常
2016/06/10 19:35:05,579e43d645d1951ddb73c393a5cced2f2dd4f4e6,25cdf28f8d40414c55125d9a2a9c100e5328f3e9,持卡人消费,15公寓浴池,-1.01,112.12,10973,正常
2016/06/11 09:44:33,579e43d645d1951ddb73c393a5cced2f2dd4f4e6,25cdf28f8d40414c55125d9a2a9c100e5328f3e9,持卡人消费,学子便利店A01后楼,-3.5,108.62,10974,正常
2016/06/11 12:28:44,579e43d645d1951ddb73c393a5cced2f2dd4f4e6,25cdf28f8d40414c55125d9a2a9c100e5328f3e9,持卡人消费,学士楼商务网关,-4.8,103.82,10975,正常
2016/06/12 08:50:46,579e43d645d1951ddb73c393a5cced2f2dd4f4e6,25cdf28f8d40414c55125d9a2a9c100e5328f3e9,持卡人消费,学士楼商务网关,-5.0,98.82,10976,正常
2016/06/12 11:30:04,579e43d645d1951ddb73c393a5cced2f2dd4f4e6,25cdf28f8d40414c55125d9a2a9c100e5328f3e9,持卡人消费,学苑楼商务网关,-8.8,90.02,10977,正常
2016/06/12 17:14:35,579e43d645d1951ddb73c393a5cced2f2dd4f4e6,25cdf28f8d40414c55125d9a2a9c100e5328f3e9,持卡人消费,学士楼商务网关,-4.0,86.02,10978,正常
2016/06/12 17:15:17,579e43d645d1951ddb73c393a5cced2f2dd4f4e6,25cdf28f8d40414c55125d9a2a9c100e5328f3e9,持卡人消费,学士楼商务网关,-2.2,83.82,10979,正常
2016/06/12 17:15:41,579e43d645d1951ddb73c393a5cced2f2dd4f4e6,25cdf28f8d40414c55125d9a2a9c100e5328f3e9,持卡人消费,学士楼商务网关,-0.2,83.62,10980,正常
2016/06/12 17:34:43,579e43d645d1951ddb73c393a5cced2f2dd4f4e6,25cdf28f8d40414c55125d9a2a9c100e5328f3e9,持卡人消费,超市商务子系统,-6.0,77.62,10981,正常
2016/06/12 20:17:11,579e43d645d1951ddb73c393a5cced2f2dd4f4e6,25cdf28f8d40414c55125d9a2a9c100e5328f3e9,持卡人消费,超市商务子系统,-7.9,69.72,10982,正常
2016/06/12 20:35:42,579e43d645d1951ddb73c393a5cced2f2dd4f4e6,25cdf28f8d40414c55125d9a2a9c100e5328f3e9,持卡人消费,15公寓浴池,-0.21,69.51,10984,正常
2016/06/12 20:37:06,579e43d645d1951ddb73c393a5cced2f2dd4f4e6,25cdf28f8d40414c55125d9a2a9c100e5328f3e9,持卡人消费,15公寓浴池,-0.16,69.35,10986,正常
2016/06/12 20:38:53,579e43d645d1951ddb73c393a5cced2f2dd4f4e6,25cdf28f8d40414c55125d9a2a9c100e5328f3e9,持卡人消费,15公寓浴池,-0.21,69.14,10988,正常
2016/06/12 20:39:25,579e43d645d1951ddb73c393a5cced2f2dd4f4e6,25cdf28f8d40414c55125d9a2a9c100e5328f3e9,持卡人消费,15公寓浴池,-0.08,69.06,10990,正常
2016/06/12 20:41:56,579e43d645d1951ddb73c393a5cced2f2dd4f4e6,25cdf28f8d40414c55125d9a2a9c100e5328f3e9,持卡人消费,15公寓浴池,-0.19,68.87,10992,正常
2016/06/12 20:42:13,579e43d645d1951ddb73c393a5cced2f2dd4f4e6,25cdf28f8d40414c55125d9a2a9c100e5328f3e9,持卡人消费,15公寓浴池,-0.03,68.84,10994,正常
2016/06/12 20:46:57,579e43d645d1951ddb73c393a5cced2f2dd4f4e6,25cdf28f8d40414c55125d9a2a9c100e5328f3e9,持卡人消费,15公寓浴池,-0.82,68.02,10996,正常
2016/06/12 20:47:46,579e43d645d1951ddb73c393a5cced2f2dd4f4e6,25cdf28f8d40414c55125d9a2a9c100e5328f3e9,持卡人消费,15公寓浴池,-0.11,67.91,10998,正常
2016/06/13 07:42:11,579e43d645d1951ddb73c393a5cced2f2dd4f4e6,25cdf28f8d40414c55125d9a2a9c100e5328f3e9,持卡人消费,学士楼商务网关,-2.6,65.31,10999,正常
2016/06/13 10:15:57,579e43d645d1951ddb73c393a5cced2f2dd4f4e6,25cdf28f8d40414c55125d9a2a9c100e5328f3e9,持卡人消费,超市商务子系统,-15.0,50.31,11000,正常
2016/06/13 10:25:00,579e43d645d1951ddb73c393a5cced2f2dd4f4e6,25cdf28f8d40414c55125d9a2a9c100e5328f3e9,持卡人消费,学子便利店A01后楼,-0.2,50.11,11001,正常
2016/06/13 11:01:37,579e43d645d1951ddb73c393a5cced2f2dd4f4e6,25cdf28f8d40414c55125d9a2a9c100e5328f3e9,持卡人消费,学子便利店A01后楼,-0.2,49.91,11002,正常
2016/06/13 11:12:35,579e43d645d1951ddb73c393a5cced2f2dd4f4e6,25cdf28f8d40414c55125d9a2a9c100e5328f3e9,持卡人消费,学士楼商务网关,-4.8,45.11,11003,正常
2016/06/13 11:12:53,579e43d645d1951ddb73c393a5cced2f2dd4f4e6,25cdf28f8d40414c55125d9a2a9c100e5328f3e9,持卡人消费,学士楼商务网关,-4.8,40.31,11004,正常
2016/06/13 11:13:36,579e43d645d1951ddb73c393a5cced2f2dd4f4e6,25cdf28f8d40414c55125d9a2a9c100e5328f3e9,持卡人消费,学士楼商务网关,-1.0,39.31,11005,正常
2016/06/13 11:27:01,579e43d645d1951ddb73c393a5cced2f2dd4f4e6,25cdf28f8d40414c55125d9a2a9c100e5328f3e9,持卡人消费,学士楼商务网关,-1.86,37.45,11006,正常
2016/06/13 11:27:27,579e43d645d1951ddb73c393a5cced2f2dd4f4e6,25cdf28f8d40414c55125d9a2a9c100e5328f3e9,持卡人消费,学士楼商务网关,-2.43,35.02,11007,正常
2016/06/15 09:52:16,579e43d645d1951ddb73c393a5cced2f2dd4f4e6,25cdf28f8d40414c55125d9a2a9c100e5328f3e9,持卡人消费,学士楼商务网关,-6.3,28.72,11008,正常
2016/06/15 12:28:25,579e43d645d1951ddb73c393a5cced2f2dd4f4e6,25cdf28f8d40414c55125d9a2a9c100e5328f3e9,持卡人消费,15公寓浴池,-0.03,28.69,11010,正常
2016/06/15 12:29:46,579e43d645d1951ddb73c393a5cced2f2dd4f4e6,25cdf28f8d40414c55125d9a2a9c100e5328f3e9,持卡人消费,15公寓浴池,-0.24,28.45,11012,正常
2016/06/15 12:31:20,579e43d645d1951ddb73c393a5cced2f2dd4f4e6,25cdf28f8d40414c55125d9a2a9c100e5328f3e9,持卡人消费,15公寓浴池,-0.21,28.24,11014,正常
2016/06/15 12:32:46,579e43d645d1951ddb73c393a5cced2f2dd4f4e6,25cdf28f8d40414c55125d9a2a9c100e5328f3e9,持卡人消费,15公寓浴池,-0.16,28.08,11016,正常
2016/06/15 12:35:03,579e43d645d1951ddb73c393a5cced2f2dd4f4e6,25cdf28f8d40414c55125d9a2a9c100e5328f3e9,持卡人消费,15公寓浴池,-0.1,27.98,11018,正常
2016/06/15 12:36:15,579e43d645d1951ddb73c393a5cced2f2dd4f4e6,25cdf28f8d40414c55125d9a2a9c100e5328f3e9,持卡人消费,15公寓浴池,-0.21,27.77,11020,正常
2016/06/15 12:36:31,579e43d645d1951ddb73c393a5cced2f2dd4f4e6,25cdf28f8d40414c55125d9a2a9c100e5328f3e9,持卡人消费,15公寓浴池,-0.02,27.75,11022,正常
2016/06/15 12:39:01,579e43d645d1951ddb73c393a5cced2f2dd4f4e6,25cdf28f8d40414c55125d9a2a9c100e5328f3e9,持卡人消费,15公寓浴池,-0.37,27.38,11024,正常
2016/06/15 12:42:11,579e43d645d1951ddb73c393a5cced2f2dd4f4e6,25cdf28f8d40414c55125d9a2a9c100e5328f3e9,持卡人消费,15公寓浴池,-0.03,27.35,11026,正常
2016/06/15 12:46:08,579e43d645d1951ddb73c393a5cced2f2dd4f4e6,25cdf28f8d40414c55125d9a2a9c100e5328f3e9,持卡人消费,15公寓浴池,-0.72,26.63,11028,正常
2016/06/15 18:04:26,579e43d645d1951ddb73c393a5cced2f2dd4f4e6,25cdf28f8d40414c55125d9a2a9c100e5328f3e9,持卡人消费,硕果园（工大商店）,-5.0,21.63,11029,正常
2016/06/15 18:08:44,579e43d645d1951ddb73c393a5cced2f2dd4f4e6,25cdf28f8d40414c55125d9a2a9c100e5328f3e9,持卡人消费,硕果园（工大商店）,-3.0,18.63,11030,正常
2016/06/16 09:12:47,579e43d645d1951ddb73c393a5cced2f2dd4f4e6,25cdf28f8d40414c55125d9a2a9c100e5328f3e9,持卡人消费,超市商务子系统,-4.0,14.63,11031,正常
2016/06/16 11:55:53,579e43d645d1951ddb73c393a5cced2f2dd4f4e6,25cdf28f8d40414c55125d9a2a9c100e5328f3e9,持卡人消费,学士楼商务网关,-6.8,7.83,11032,正常
2016/06/16 17:19:08,579e43d645d1951ddb73c393a5cced2f2dd4f4e6,25cdf28f8d40414c55125d9a2a9c100e5328f3e9,持卡人消费,学苑楼商务网关,-7.0,0.83,11033,正常
2016/06/17 07:51:01,579e43d645d1951ddb73c393a5cced2f2dd4f4e6,25cdf28f8d40414c55125d9a2a9c100e5328f3e9,持卡人消费,学士楼商务网关,-0.6,0.23,11034,正常
2016/06/17 07:33:17,579e43d645d1951ddb73c393a5cced2f2dd4f4e6,25cdf28f8d40414c55125d9a2a9c100e5328f3e9,存款,现金充值机,200.0,200.23,11035,正常
2016/06/17 10:01:58,579e43d645d1951ddb73c393a5cced2f2dd4f4e6,25cdf28f8d40414c55125d9a2a9c100e5328f3e9,持卡人消费,超市商务子系统,-5.6,194.63,11036,正常
2016/06/17 10:32:09,579e43d645d1951ddb73c393a5cced2f2dd4f4e6,25cdf28f8d40414c55125d9a2a9c100e5328f3e9,持卡人消费,学子便利店A01后楼,-3.8,190.83,11037,正常
2016/06/17 19:29:34,579e43d645d1951ddb73c393a5cced2f2dd4f4e6,25cdf28f8d40414c55125d9a2a9c100e5328f3e9,持卡人消费,15公寓浴池,-0.29,190.54,11039,正常
2016/06/17 19:31:20,579e43d645d1951ddb73c393a5cced2f2dd4f4e6,25cdf28f8d40414c55125d9a2a9c100e5328f3e9,持卡人消费,15公寓浴池,-0.21,190.33,11041,正常
2016/06/17 19:31:49,579e43d645d1951ddb73c393a5cced2f2dd4f4e6,25cdf28f8d40414c55125d9a2a9c100e5328f3e9,持卡人消费,15公寓浴池,-0.02,190.31,11043,正常
2016/06/17 19:32:53,579e43d645d1951ddb73c393a5cced2f2dd4f4e6,25cdf28f8d40414c55125d9a2a9c100e5328f3e9,持卡人消费,15公寓浴池,-0.18,190.13,11045,正常
2016/06/17 19:33:17,579e43d645d1951ddb73c393a5cced2f2dd4f4e6,25cdf28f8d40414c55125d9a2a9c100e5328f3e9,持卡人消费,15公寓浴池,-0.05,190.08,11047,正常
2016/06/17 19:36:03,579e43d645d1951ddb73c393a5cced2f2dd4f4e6,25cdf28f8d40414c55125d9a2a9c100e5328f3e9,持卡人消费,15公寓浴池,-0.18,189.90,11049,正常
2016/06/17 19:38:08,579e43d645d1951ddb73c393a5cced2f2dd4f4e6,25cdf28f8d40414c55125d9a2a9c100e5328f3e9,持卡人消费,15公寓浴池,-0.3,189.60,11051,正常
2016/06/17 19:42:39,579e43d645d1951ddb73c393a5cced2f2dd4f4e6,25cdf28f8d40414c55125d9a2a9c100e5328f3e9,持卡人消费,15公寓浴池,-0.74,188.86,11053,正常
2016/06/17 19:43:05,579e43d645d1951ddb73c393a5cced2f2dd4f4e6,25cdf28f8d40414c55125d9a2a9c100e5328f3e9,持卡人消费,15公寓浴池,-0.05,188.81,11055,正常
2016/06/18 09:02:40,579e43d645d1951ddb73c393a5cced2f2dd4f4e6,25cdf28f8d40414c55125d9a2a9c100e5328f3e9,持卡人消费,学士楼商务网关,-5.0,183.81,11056,正常
2016/06/18 11:51:17,579e43d645d1951ddb73c393a5cced2f2dd4f4e6,25cdf28f8d40414c55125d9a2a9c100e5328f3e9,持卡人消费,学苑楼商务网关,-3.3,180.51,11057,正常
2016/06/18 11:52:41,579e43d645d1951ddb73c393a5cced2f2dd4f4e6,25cdf28f8d40414c55125d9a2a9c100e5328f3e9,持卡人消费,学苑楼商务网关,-3.0,177.51,11058,正常
2016/06/19 08:44:17,579e43d645d1951ddb73c393a5cced2f2dd4f4e6,25cdf28f8d40414c55125d9a2a9c100e5328f3e9,持卡人消费,学士楼商务网关,-2.7,174.81,11059,正常
2016/06/19 11:36:05,579e43d645d1951ddb73c393a5cced2f2dd4f4e6,25cdf28f8d40414c55125d9a2a9c100e5328f3e9,持卡人消费,学苑楼商务网关,-6.0,168.81,11060,正常
2016/06/19 11:57:09,579e43d645d1951ddb73c393a5cced2f2dd4f4e6,25cdf28f8d40414c55125d9a2a9c100e5328f3e9,持卡人消费,超市商务子系统,-14.0,154.81,11061,正常
2016/06/19 17:12:48,579e43d645d1951ddb73c393a5cced2f2dd4f4e6,25cdf28f8d40414c55125d9a2a9c100e5328f3e9,持卡人消费,学苑楼商务网关,-3.8,151.01,11062,正常
2016/06/19 17:13:50,579e43d645d1951ddb73c393a5cced2f2dd4f4e6,25cdf28f8d40414c55125d9a2a9c100e5328f3e9,持卡人消费,学苑楼商务网关,-3.5,147.51,11063,正常
2016/06/19 20:37:09,579e43d645d1951ddb73c393a5cced2f2dd4f4e6,25cdf28f8d40414c55125d9a2a9c100e5328f3e9,持卡人消费,15公寓浴池,-0.32,147.19,11065,正常
2016/06/19 20:38:30,579e43d645d1951ddb73c393a5cced2f2dd4f4e6,25cdf28f8d40414c55125d9a2a9c100e5328f3e9,持卡人消费,15公寓浴池,-0.13,147.06,11067,正常
2016/06/19 20:39:51,579e43d645d1951ddb73c393a5cced2f2dd4f4e6,25cdf28f8d40414c55125d9a2a9c100e5328f3e9,持卡人消费,15公寓浴池,-0.18,146.88,11069,正常
2016/06/19 20:42:01,579e43d645d1951ddb73c393a5cced2f2dd4f4e6,25cdf28f8d40414c55125d9a2a9c100e5328f3e9,持卡人消费,15公寓浴池,-0.16,146.72,11071,正常
2016/06/19 20:48:07,579e43d645d1951ddb73c393a5cced2f2dd4f4e6,25cdf28f8d40414c55125d9a2a9c100e5328f3e9,持卡人消费,15公寓浴池,-1.06,145.66,11073,正常
2016/06/19 20:48:59,579e43d645d1951ddb73c393a5cced2f2dd4f4e6,25cdf28f8d40414c55125d9a2a9c100e5328f3e9,持卡人消费,15公寓浴池,-0.13,145.53,11075,正常
2016/06/19 20:49:20,579e43d645d1951ddb73c393a5cced2f2dd4f4e6,25cdf28f8d40414c55125d9a2a9c100e5328f3e9,持卡人消费,15公寓浴池,-0.03,145.50,11077,正常
2016/06/20 07:48:49,579e43d645d1951ddb73c393a5cced2f2dd4f4e6,25cdf28f8d40414c55125d9a2a9c100e5328f3e9,持卡人消费,学子便利店A01后楼,-3.5,142.00,11078,正常
2016/06/20 17:42:09,579e43d645d1951ddb73c393a5cced2f2dd4f4e6,25cdf28f8d40414c55125d9a2a9c100e5328f3e9,持卡人消费,15公寓浴池,-0.42,141.58,11080,正常
2016/06/20 17:44:27,579e43d645d1951ddb73c393a5cced2f2dd4f4e6,25cdf28f8d40414c55125d9a2a9c100e5328f3e9,持卡人消费,15公寓浴池,-0.26,141.32,11082,正常
2016/06/20 17:44:56,579e43d645d1951ddb73c393a5cced2f2dd4f4e6,25cdf28f8d40414c55125d9a2a9c100e5328f3e9,持卡人消费,15公寓浴池,-0.08,141.24,11084,正常
2016/06/20 17:47:35,579e43d645d1951ddb73c393a5cced2f2dd4f4e6,25cdf28f8d40414c55125d9a2a9c100e5328f3e9,持卡人消费,15公寓浴池,-0.13,141.11,11086,正常
2016/06/20 17:47:52,579e43d645d1951ddb73c393a5cced2f2dd4f4e6,25cdf28f8d40414c55125d9a2a9c100e5328f3e9,持卡人消费,15公寓浴池,-0.02,141.09,11088,正常
2016/06/20 17:53:07,579e43d645d1951ddb73c393a5cced2f2dd4f4e6,25cdf28f8d40414c55125d9a2a9c100e5328f3e9,持卡人消费,15公寓浴池,-0.91,140.18,11090,正常
2016/06/20 17:53:30,579e43d645d1951ddb73c393a5cced2f2dd4f4e6,25cdf28f8d40414c55125d9a2a9c100e5328f3e9,持卡人消费,15公寓浴池,-0.05,140.13,11092,正常
2016/06/21 08:43:40,579e43d645d1951ddb73c393a5cced2f2dd4f4e6,25cdf28f8d40414c55125d9a2a9c100e5328f3e9,持卡人消费,学士楼商务网关,-2.2,137.93,11093,正常
2016/06/21 11:36:38,579e43d645d1951ddb73c393a5cced2f2dd4f4e6,25cdf28f8d40414c55125d9a2a9c100e5328f3e9,持卡人消费,学士楼商务网关,-9.8,128.13,11094,正常
2016/06/22 08:43:30,579e43d645d1951ddb73c393a5cced2f2dd4f4e6,25cdf28f8d40414c55125d9a2a9c100e5328f3e9,持卡人消费,超市商务子系统,-1.8,126.33,11095,正常
2016/06/22 12:29:18,579e43d645d1951ddb73c393a5cced2f2dd4f4e6,25cdf28f8d40414c55125d9a2a9c100e5328f3e9,持卡人消费,硕果园（工大商店）,-10.0,116.33,11096,正常
2016/06/22 16:53:53,579e43d645d1951ddb73c393a5cced2f2dd4f4e6,25cdf28f8d40414c55125d9a2a9c100e5328f3e9,持卡人消费,15公寓浴池,-0.38,115.95,11098,正常
2016/06/22 16:55:10,579e43d645d1951ddb73c393a5cced2f2dd4f4e6,25cdf28f8d40414c55125d9a2a9c100e5328f3e9,持卡人消费,15公寓浴池,-0.11,115.84,11100,正常
2016/06/22 16:56:24,579e43d645d1951ddb73c393a5cced2f2dd4f4e6,25cdf28f8d40414c55125d9a2a9c100e5328f3e9,持卡人消费,15公寓浴池,-0.16,115.68,11102,正常
2016/06/22 16:58:58,579e43d645d1951ddb73c393a5cced2f2dd4f4e6,25cdf28f8d40414c55125d9a2a9c100e5328f3e9,持卡人消费,15公寓浴池,-0.18,115.50,11104,正常
2016/06/22 17:04:43,579e43d645d1951ddb73c393a5cced2f2dd4f4e6,25cdf28f8d40414c55125d9a2a9c100e5328f3e9,持卡人消费,15公寓浴池,-0.99,114.51,11106,正常
2016/06/22 17:05:31,579e43d645d1951ddb73c393a5cced2f2dd4f4e6,25cdf28f8d40414c55125d9a2a9c100e5328f3e9,持卡人消费,15公寓浴池,-0.13,114.38,11108,正常
2016/06/23 08:26:35,579e43d645d1951ddb73c393a5cced2f2dd4f4e6,25cdf28f8d40414c55125d9a2a9c100e5328f3e9,持卡人消费,学士楼商务网关,-2.6,111.78,11109,正常
2016/06/23 08:27:45,579e43d645d1951ddb73c393a5cced2f2dd4f4e6,25cdf28f8d40414c55125d9a2a9c100e5328f3e9,持卡人消费,学士楼商务网关,-2.0,109.78,11110,正常
2016/06/23 11:52:02,579e43d645d1951ddb73c393a5cced2f2dd4f4e6,25cdf28f8d40414c55125d9a2a9c100e5328f3e9,持卡人消费,硕果园（工大商店）,-10.0,99.78,11111,正常
2016/06/23 17:25:24,579e43d645d1951ddb73c393a5cced2f2dd4f4e6,25cdf28f8d40414c55125d9a2a9c100e5328f3e9,持卡人消费,学苑楼商务网关,-7.0,92.78,11112,正常
2016/06/23 17:26:13,579e43d645d1951ddb73c393a5cced2f2dd4f4e6,25cdf28f8d40414c55125d9a2a9c100e5328f3e9,持卡人消费,学苑楼商务网关,-0.4,92.38,11113,正常
2016/06/23 17:35:34,579e43d645d1951ddb73c393a5cced2f2dd4f4e6,25cdf28f8d40414c55125d9a2a9c100e5328f3e9,持卡人消费,学苑楼商务网关,-1.5,90.88,11114,正常
2016/06/23 17:35:52,579e43d645d1951ddb73c393a5cced2f2dd4f4e6,25cdf28f8d40414c55125d9a2a9c100e5328f3e9,持卡人消费,学苑楼商务网关,-1.5,89.38,11115,正常
2016/06/23 17:36:57,579e43d645d1951ddb73c393a5cced2f2dd4f4e6,25cdf28f8d40414c55125d9a2a9c100e5328f3e9,持卡人消费,学苑楼商务网关,-1.0,88.38,11116,正常
2016/06/24 13:13:28,579e43d645d1951ddb73c393a5cced2f2dd4f4e6,25cdf28f8d40414c55125d9a2a9c100e5328f3e9,持卡人消费,硕果园（工大商店）,-10.0,78.38,11117,正常
2016/06/24 18:12:46,579e43d645d1951ddb73c393a5cced2f2dd4f4e6,25cdf28f8d40414c55125d9a2a9c100e5328f3e9,持卡人消费,学士楼商务网关,-6.8,71.58,11118,正常
2016/06/24 18:13:53,579e43d645d1951ddb73c393a5cced2f2dd4f4e6,25cdf28f8d40414c55125d9a2a9c100e5328f3e9,持卡人消费,学士楼商务网关,-0.2,71.38,11119,正常
2016/06/24 20:38:58,579e43d645d1951ddb73c393a5cced2f2dd4f4e6,25cdf28f8d40414c55125d9a2a9c100e5328f3e9,持卡人消费,15公寓浴池,-0.25,71.13,11120,正常
2016/06/24 20:40:42,579e43d645d1951ddb73c393a5cced2f2dd4f4e6,25cdf28f8d40414c55125d9a2a9c100e5328f3e9,持卡人消费,15公寓浴池,-0.25,70.88,11121,正常
2016/06/24 20:42:36,579e43d645d1951ddb73c393a5cced2f2dd4f4e6,25cdf28f8d40414c55125d9a2a9c100e5328f3e9,持卡人消费,15公寓浴池,-0.04,70.84,11122,正常
2016/06/24 20:42:51,579e43d645d1951ddb73c393a5cced2f2dd4f4e6,25cdf28f8d40414c55125d9a2a9c100e5328f3e9,持卡人消费,15公寓浴池,-0.03,70.81,11123,正常
2016/06/24 20:46:15,579e43d645d1951ddb73c393a5cced2f2dd4f4e6,25cdf28f8d40414c55125d9a2a9c100e5328f3e9,持卡人消费,15公寓浴池,-0.56,70.25,11124,正常
2016/06/24 20:49:50,579e43d645d1951ddb73c393a5cced2f2dd4f4e6,25cdf28f8d40414c55125d9a2a9c100e5328f3e9,持卡人消费,15公寓浴池,-0.66,69.59,11126,正常
2016/06/24 20:50:42,579e43d645d1951ddb73c393a5cced2f2dd4f4e6,25cdf28f8d40414c55125d9a2a9c100e5328f3e9,持卡人消费,15公寓浴池,-0.11,69.48,11128,正常
2016/06/25 09:07:02,579e43d645d1951ddb73c393a5cced2f2dd4f4e6,25cdf28f8d40414c55125d9a2a9c100e5328f3e9,持卡人消费,学子便利店A01后楼,-3.5,65.98,11129,正常
2016/06/25 10:41:10,579e43d645d1951ddb73c393a5cced2f2dd4f4e6,25cdf28f8d40414c55125d9a2a9c100e5328f3e9,持卡人消费,学士楼商务网关,-6.0,59.98,11130,正常
2016/06/25 10:43:57,579e43d645d1951ddb73c393a5cced2f2dd4f4e6,25cdf28f8d40414c55125d9a2a9c100e5328f3e9,持卡人消费,学士楼商务网关,-6.0,53.98,11131,正常
2016/06/25 17:09:20,579e43d645d1951ddb73c393a5cced2f2dd4f4e6,25cdf28f8d40414c55125d9a2a9c100e5328f3e9,持卡人消费,学士楼商务网关,-7.6,46.38,11132,正常
2016/06/26 09:05:35,579e43d645d1951ddb73c393a5cced2f2dd4f4e6,25cdf28f8d40414c55125d9a2a9c100e5328f3e9,持卡人消费,学子便利店A01后楼,-3.0,43.38,11133,正常
2016/06/26 10:59:43,579e43d645d1951ddb73c393a5cced2f2dd4f4e6,25cdf28f8d40414c55125d9a2a9c100e5328f3e9,持卡人消费,硕果园（工大商店）,-10.0,33.38,11134,正常
2016/06/26 10:59:52,579e43d645d1951ddb73c393a5cced2f2dd4f4e6,25cdf28f8d40414c55125d9a2a9c100e5328f3e9,持卡人消费,硕果园（工大商店）,-1.0,32.38,11135,正常
2016/06/26 17:40:30,579e43d645d1951ddb73c393a5cced2f2dd4f4e6,25cdf28f8d40414c55125d9a2a9c100e5328f3e9,持卡人消费,学士楼商务网关,-4.0,28.38,11136,正常
2016/06/26 17:41:31,579e43d645d1951ddb73c393a5cced2f2dd4f4e6,25cdf28f8d40414c55125d9a2a9c100e5328f3e9,持卡人消费,学士楼商务网关,-5.3,23.08,11137,正常
2016/06/26 17:42:35,579e43d645d1951ddb73c393a5cced2f2dd4f4e6,25cdf28f8d40414c55125d9a2a9c100e5328f3e9,持卡人消费,学士楼商务网关,-0.8,22.28,11138,正常
2016/06/26 20:31:26,579e43d645d1951ddb73c393a5cced2f2dd4f4e6,25cdf28f8d40414c55125d9a2a9c100e5328f3e9,持卡人消费,15公寓浴池,-0.35,21.93,11140,正常
2016/06/26 20:33:24,579e43d645d1951ddb73c393a5cced2f2dd4f4e6,25cdf28f8d40414c55125d9a2a9c100e5328f3e9,持卡人消费,15公寓浴池,-0.27,21.66,11142,正常
2016/06/26 20:36:06,579e43d645d1951ddb73c393a5cced2f2dd4f4e6,25cdf28f8d40414c55125d9a2a9c100e5328f3e9,持卡人消费,15公寓浴池,-0.18,21.48,11144,正常
2016/06/26 20:36:18,579e43d645d1951ddb73c393a5cced2f2dd4f4e6,25cdf28f8d40414c55125d9a2a9c100e5328f3e9,持卡人消费,15公寓浴池,-0.02,21.46,11146,正常
2016/06/26 20:39:21,579e43d645d1951ddb73c393a5cced2f2dd4f4e6,25cdf28f8d40414c55125d9a2a9c100e5328f3e9,持卡人消费,15公寓浴池,-0.5,20.96,11148,正常
2016/06/26 20:41:55,579e43d645d1951ddb73c393a5cced2f2dd4f4e6,25cdf28f8d40414c55125d9a2a9c100e5328f3e9,持卡人消费,15公寓浴池,-0.46,20.50,11150,正常
2016/06/27 10:53:24,579e43d645d1951ddb73c393a5cced2f2dd4f4e6,25cdf28f8d40414c55125d9a2a9c100e5328f3e9,持卡人消费,超市商务子系统,-4.0,16.50,11151,正常
2016/06/27 11:35:48,579e43d645d1951ddb73c393a5cced2f2dd4f4e6,25cdf28f8d40414c55125d9a2a9c100e5328f3e9,持卡人消费,学苑楼商务网关,-1.3,15.20,11152,正常
2016/06/27 11:36:57,579e43d645d1951ddb73c393a5cced2f2dd4f4e6,25cdf28f8d40414c55125d9a2a9c100e5328f3e9,持卡人消费,学苑楼商务网关,-4.0,11.20,11153,正常
2016/06/28 07:54:39,579e43d645d1951ddb73c393a5cced2f2dd4f4e6,25cdf28f8d40414c55125d9a2a9c100e5328f3e9,持卡人消费,学士楼商务网关,-2.8,8.40,11154,正常
2016/06/28 12:09:22,579e43d645d1951ddb73c393a5cced2f2dd4f4e6,25cdf28f8d40414c55125d9a2a9c100e5328f3e9,持卡人消费,学苑楼商务网关,-8.0,0.40,11155,正常
2016/06/28 17:05:21,579e43d645d1951ddb73c393a5cced2f2dd4f4e6,25cdf28f8d40414c55125d9a2a9c100e5328f3e9,存款,现金充值机,100.0,100.40,11156,正常
2016/06/28 17:26:44,579e43d645d1951ddb73c393a5cced2f2dd4f4e6,25cdf28f8d40414c55125d9a2a9c100e5328f3e9,持卡人消费,学苑楼商务网关,-7.0,93.40,11157,正常
2016/06/28 17:31:49,579e43d645d1951ddb73c393a5cced2f2dd4f4e6,25cdf28f8d40414c55125d9a2a9c100e5328f3e9,持卡人消费,学苑楼商务网关,-1.2,92.20,11158,正常
2016/06/28 17:46:29,579e43d645d1951ddb73c393a5cced2f2dd4f4e6,25cdf28f8d40414c55125d9a2a9c100e5328f3e9,持卡人消费,学士楼商务网关,-5.2,87.00,11159,正常
2016/06/28 17:46:31,579e43d645d1951ddb73c393a5cced2f2dd4f4e6,25cdf28f8d40414c55125d9a2a9c100e5328f3e9,持卡人消费,学士楼商务网关,-0.1,86.90,11160,正常
2016/06/28 19:40:12,579e43d645d1951ddb73c393a5cced2f2dd4f4e6,25cdf28f8d40414c55125d9a2a9c100e5328f3e9,持卡人消费,15公寓浴池,-0.51,86.39,11162,正常
2016/06/28 19:41:45,579e43d645d1951ddb73c393a5cced2f2dd4f4e6,25cdf28f8d40414c55125d9a2a9c100e5328f3e9,持卡人消费,15公寓浴池,-0.18,86.21,11164,正常
2016/06/28 19:43:42,579e43d645d1951ddb73c393a5cced2f2dd4f4e6,25cdf28f8d40414c55125d9a2a9c100e5328f3e9,持卡人消费,15公寓浴池,-0.29,85.92,11166,正常
2016/06/28 19:46:15,579e43d645d1951ddb73c393a5cced2f2dd4f4e6,25cdf28f8d40414c55125d9a2a9c100e5328f3e9,持卡人消费,15公寓浴池,-0.13,85.79,11168,正常
2016/06/28 19:46:31,579e43d645d1951ddb73c393a5cced2f2dd4f4e6,25cdf28f8d40414c55125d9a2a9c100e5328f3e9,持卡人消费,15公寓浴池,-0.02,85.77,11170,正常
2016/06/28 19:49:20,579e43d645d1951ddb73c393a5cced2f2dd4f4e6,25cdf28f8d40414c55125d9a2a9c100e5328f3e9,持卡人消费,15公寓浴池,-0.43,85.34,11172,正常
2016/06/28 20:00:25,579e43d645d1951ddb73c393a5cced2f2dd4f4e6,25cdf28f8d40414c55125d9a2a9c100e5328f3e9,持卡人消费,15公寓浴池,-1.34,84.00,11174,正常
2016/06/28 20:00:50,579e43d645d1951ddb73c393a5cced2f2dd4f4e6,25cdf28f8d40414c55125d9a2a9c100e5328f3e9,持卡人消费,15公寓浴池,-0.02,83.98,11176,正常
2016/06/29 11:10:27,579e43d645d1951ddb73c393a5cced2f2dd4f4e6,25cdf28f8d40414c55125d9a2a9c100e5328f3e9,持卡人消费,学士楼商务网关,-6.0,77.98,11177,正常
2016/06/29 17:18:43,579e43d645d1951ddb73c393a5cced2f2dd4f4e6,25cdf28f8d40414c55125d9a2a9c100e5328f3e9,持卡人消费,学子便利店A01后楼,-2.5,75.48,11178,正常
2016/06/30 11:10:44,579e43d645d1951ddb73c393a5cced2f2dd4f4e6,25cdf28f8d40414c55125d9a2a9c100e5328f3e9,持卡人消费,硕果园（工大商店）,-10.0,65.48,11179,正常
2016/06/30 20:22:23,579e43d645d1951ddb73c393a5cced2f2dd4f4e6,25cdf28f8d40414c55125d9a2a9c100e5328f3e9,持卡人消费,15公寓浴池,-0.27,65.21,11181,正常
2016/06/30 20:24:53,579e43d645d1951ddb73c393a5cced2f2dd4f4e6,25cdf28f8d40414c55125d9a2a9c100e5328f3e9,持卡人消费,15公寓浴池,-0.32,64.89,11183,正常
2016/06/30 20:27:58,579e43d645d1951ddb73c393a5cced2f2dd4f4e6,25cdf28f8d40414c55125d9a2a9c100e5328f3e9,持卡人消费,15公寓浴池,-0.21,64.68,11185,正常
2016/06/30 20:35:26,579e43d645d1951ddb73c393a5cced2f2dd4f4e6,25cdf28f8d40414c55125d9a2a9c100e5328f3e9,持卡人消费,15公寓浴池,-1.31,63.37,11187,正常
2016/06/30 20:35:48,579e43d645d1951ddb73c393a5cced2f2dd4f4e6,25cdf28f8d40414c55125d9a2a9c100e5328f3e9,持卡人消费,15公寓浴池,-0.03,63.34,11189,正常
2016/06/30 20:36:47,579e43d645d1951ddb73c393a5cced2f2dd4f4e6,25cdf28f8d40414c55125d9a2a9c100e5328f3e9,持卡人消费,15公寓浴池,-0.03,63.31,11191,正常
