交易发生时间,学号,姓名,交易类型,子系统名称,交易额,现有余额,次数,状态
2016/06/16 08:32:42,e1102db6fd1917fe1b1c44c94663627e81182ef4,2688bb4b560bd61d75c11cabb711cd65f50683d2,存款,现金充值机,100.0,133.53,3731,正常
2016/06/16 11:17:52,e1102db6fd1917fe1b1c44c94663627e81182ef4,2688bb4b560bd61d75c11cabb711cd65f50683d2,持卡人消费,学士楼商务网关,-11.1,122.43,3733,正常
2016/06/16 15:31:12,e1102db6fd1917fe1b1c44c94663627e81182ef4,2688bb4b560bd61d75c11cabb711cd65f50683d2,持卡人消费,硕果园（工大商店）,-3.0,119.43,3734,正常
2016/06/16 17:25:25,e1102db6fd1917fe1b1c44c94663627e81182ef4,2688bb4b560bd61d75c11cabb711cd65f50683d2,持卡人消费,一校区水控新,-1.92,117.51,3736,正常
2016/06/16 18:45:09,e1102db6fd1917fe1b1c44c94663627e81182ef4,2688bb4b560bd61d75c11cabb711cd65f50683d2,持卡人消费,超市商务子系统,-2.5,115.01,3737,正常
2016/06/17 09:00:36,e1102db6fd1917fe1b1c44c94663627e81182ef4,2688bb4b560bd61d75c11cabb711cd65f50683d2,持卡人消费,学子便利店A01后楼,-7.5,107.51,3738,正常
2016/06/17 10:39:41,e1102db6fd1917fe1b1c44c94663627e81182ef4,2688bb4b560bd61d75c11cabb711cd65f50683d2,持卡人消费,学子便利店A01后楼,-2.6,104.91,3739,正常
2016/06/17 12:02:14,e1102db6fd1917fe1b1c44c94663627e81182ef4,2688bb4b560bd61d75c11cabb711cd65f50683d2,持卡人消费,学苑楼商务网关,-8.0,96.91,3740,正常
2016/06/17 16:44:39,e1102db6fd1917fe1b1c44c94663627e81182ef4,2688bb4b560bd61d75c11cabb711cd65f50683d2,持卡人消费,硕果园（工大商店）,-3.0,93.91,3741,正常
2016/06/17 17:59:24,e1102db6fd1917fe1b1c44c94663627e81182ef4,2688bb4b560bd61d75c11cabb711cd65f50683d2,持卡人消费,学子便利店A01后楼,-4.5,89.41,3742,正常
2016/06/17 18:37:14,e1102db6fd1917fe1b1c44c94663627e81182ef4,2688bb4b560bd61d75c11cabb711cd65f50683d2,持卡人消费,一校区水控新,-1.33,88.08,3744,正常
2016/06/18 09:28:46,e1102db6fd1917fe1b1c44c94663627e81182ef4,2688bb4b560bd61d75c11cabb711cd65f50683d2,持卡人消费,硕果园（工大商店）,-6.0,82.08,3745,正常
2016/06/18 09:30:05,e1102db6fd1917fe1b1c44c94663627e81182ef4,2688bb4b560bd61d75c11cabb711cd65f50683d2,持卡人消费,硕果园（工大商店）,-3.0,79.08,3746,正常
2016/06/18 11:49:38,e1102db6fd1917fe1b1c44c94663627e81182ef4,2688bb4b560bd61d75c11cabb711cd65f50683d2,持卡人消费,学苑楼商务网关,-1.5,77.58,3747,正常
2016/06/18 11:50:53,e1102db6fd1917fe1b1c44c94663627e81182ef4,2688bb4b560bd61d75c11cabb711cd65f50683d2,持卡人消费,学苑楼商务网关,-0.5,77.08,3748,正常
2016/06/19 08:55:18,e1102db6fd1917fe1b1c44c94663627e81182ef4,2688bb4b560bd61d75c11cabb711cd65f50683d2,持卡人消费,硕果园（工大商店）,-6.0,71.08,3749,正常
2016/06/19 08:55:29,e1102db6fd1917fe1b1c44c94663627e81182ef4,2688bb4b560bd61d75c11cabb711cd65f50683d2,持卡人消费,硕果园（工大商店）,-3.0,68.08,3750,正常
2016/06/19 11:23:28,e1102db6fd1917fe1b1c44c94663627e81182ef4,2688bb4b560bd61d75c11cabb711cd65f50683d2,持卡人消费,学士楼商务网关,-8.0,60.08,3751,正常
2016/06/19 11:33:23,e1102db6fd1917fe1b1c44c94663627e81182ef4,2688bb4b560bd61d75c11cabb711cd65f50683d2,持卡人消费,学士楼商务网关,-3.6,56.48,3752,正常
2016/06/19 17:05:43,e1102db6fd1917fe1b1c44c94663627e81182ef4,2688bb4b560bd61d75c11cabb711cd65f50683d2,持卡人消费,学子便利店A01后楼,-1.8,54.68,3753,正常
2016/06/19 18:34:02,e1102db6fd1917fe1b1c44c94663627e81182ef4,2688bb4b560bd61d75c11cabb711cd65f50683d2,持卡人消费,一校区水控新,-2.0,52.68,3754,正常
2016/06/20 08:31:49,e1102db6fd1917fe1b1c44c94663627e81182ef4,2688bb4b560bd61d75c11cabb711cd65f50683d2,持卡人消费,学子便利店A01后楼,-7.0,45.68,3755,正常
2016/06/20 13:44:16,e1102db6fd1917fe1b1c44c94663627e81182ef4,2688bb4b560bd61d75c11cabb711cd65f50683d2,持卡人消费,硕果园（工大商店）,-12.0,33.68,3756,正常
2016/06/20 18:31:06,e1102db6fd1917fe1b1c44c94663627e81182ef4,2688bb4b560bd61d75c11cabb711cd65f50683d2,持卡人消费,A1,-2.3,31.38,3757,正常
2016/06/20 18:36:16,e1102db6fd1917fe1b1c44c94663627e81182ef4,2688bb4b560bd61d75c11cabb711cd65f50683d2,持卡人消费,学子便利店A01后楼,-3.8,27.58,3758,正常
2016/06/20 18:43:09,e1102db6fd1917fe1b1c44c94663627e81182ef4,2688bb4b560bd61d75c11cabb711cd65f50683d2,持卡人消费,一校区水控新,-0.03,27.55,3760,正常
2016/06/20 18:52:09,e1102db6fd1917fe1b1c44c94663627e81182ef4,2688bb4b560bd61d75c11cabb711cd65f50683d2,持卡人消费,一校区水控新,-1.71,25.84,3762,正常
2016/06/20 19:09:00,e1102db6fd1917fe1b1c44c94663627e81182ef4,2688bb4b560bd61d75c11cabb711cd65f50683d2,持卡人消费,学子便利店A01后楼,-12.9,12.94,3763,正常
2016/06/20 19:23:43,e1102db6fd1917fe1b1c44c94663627e81182ef4,2688bb4b560bd61d75c11cabb711cd65f50683d2,持卡人消费,学子便利店A01后楼,-1.8,11.14,3764,正常
2016/06/21 08:51:18,e1102db6fd1917fe1b1c44c94663627e81182ef4,2688bb4b560bd61d75c11cabb711cd65f50683d2,持卡人消费,硕果园（工大商店）,-6.0,5.14,3765,正常
2016/06/21 08:53:57,e1102db6fd1917fe1b1c44c94663627e81182ef4,2688bb4b560bd61d75c11cabb711cd65f50683d2,持卡人消费,硕果园（工大商店）,-3.0,2.14,3766,正常
2016/06/22 16:52:08,e1102db6fd1917fe1b1c44c94663627e81182ef4,2688bb4b560bd61d75c11cabb711cd65f50683d2,补助,学苑楼综合业务3,100.0,2.14,3766,正常
2016/06/22 18:44:43,e1102db6fd1917fe1b1c44c94663627e81182ef4,2688bb4b560bd61d75c11cabb711cd65f50683d2,持卡人消费,学子便利店A01后楼,-5.8,88.61,3771,正常
2016/06/23 09:04:47,e1102db6fd1917fe1b1c44c94663627e81182ef4,2688bb4b560bd61d75c11cabb711cd65f50683d2,持卡人消费,硕果园（工大商店）,-6.0,82.61,3772,正常
2016/06/23 09:05:16,e1102db6fd1917fe1b1c44c94663627e81182ef4,2688bb4b560bd61d75c11cabb711cd65f50683d2,持卡人消费,硕果园（工大商店）,-3.0,79.61,3773,正常
2016/06/23 20:44:38,e1102db6fd1917fe1b1c44c94663627e81182ef4,2688bb4b560bd61d75c11cabb711cd65f50683d2,持卡人消费,超市商务子系统,-2.5,77.11,3774,正常
2016/06/24 13:21:48,e1102db6fd1917fe1b1c44c94663627e81182ef4,2688bb4b560bd61d75c11cabb711cd65f50683d2,持卡人消费,硕果园（工大商店）,-6.0,71.11,3775,正常
2016/06/24 13:22:04,e1102db6fd1917fe1b1c44c94663627e81182ef4,2688bb4b560bd61d75c11cabb711cd65f50683d2,持卡人消费,硕果园（工大商店）,-3.0,68.11,3776,正常
2016/06/24 18:06:59,e1102db6fd1917fe1b1c44c94663627e81182ef4,2688bb4b560bd61d75c11cabb711cd65f50683d2,持卡人消费,学子便利店A01后楼,-4.2,63.91,3777,正常
2016/06/24 18:22:52,e1102db6fd1917fe1b1c44c94663627e81182ef4,2688bb4b560bd61d75c11cabb711cd65f50683d2,持卡人消费,一校区水控新,-2.0,61.91,3778,正常
2016/06/24 18:49:13,e1102db6fd1917fe1b1c44c94663627e81182ef4,2688bb4b560bd61d75c11cabb711cd65f50683d2,持卡人消费,硕果园（工大商店）,-3.0,58.91,3779,正常
2016/06/25 18:38:41,e1102db6fd1917fe1b1c44c94663627e81182ef4,2688bb4b560bd61d75c11cabb711cd65f50683d2,持卡人消费,硕果园（工大商店）,-3.0,55.91,3780,正常
2016/06/25 18:40:00,e1102db6fd1917fe1b1c44c94663627e81182ef4,2688bb4b560bd61d75c11cabb711cd65f50683d2,持卡人消费,硕果园（工大商店）,-8.0,47.91,3781,正常
2016/06/25 18:40:03,e1102db6fd1917fe1b1c44c94663627e81182ef4,2688bb4b560bd61d75c11cabb711cd65f50683d2,持卡人消费,硕果园（工大商店）,-2.0,45.91,3782,正常
2016/06/26 08:08:28,e1102db6fd1917fe1b1c44c94663627e81182ef4,2688bb4b560bd61d75c11cabb711cd65f50683d2,持卡人消费,学子便利店A01后楼,-1.8,44.11,3783,正常
2016/06/27 09:26:32,e1102db6fd1917fe1b1c44c94663627e81182ef4,2688bb4b560bd61d75c11cabb711cd65f50683d2,持卡人消费,硕果园（工大商店）,-6.0,38.11,3784,正常
2016/06/27 09:26:59,e1102db6fd1917fe1b1c44c94663627e81182ef4,2688bb4b560bd61d75c11cabb711cd65f50683d2,持卡人消费,硕果园（工大商店）,-3.0,35.11,3785,正常
2016/06/27 09:48:05,e1102db6fd1917fe1b1c44c94663627e81182ef4,2688bb4b560bd61d75c11cabb711cd65f50683d2,持卡人消费,学子便利店A01后楼,-4.4,30.71,3786,正常
2016/06/27 09:48:08,e1102db6fd1917fe1b1c44c94663627e81182ef4,2688bb4b560bd61d75c11cabb711cd65f50683d2,持卡人消费,学子便利店A01后楼,-0.1,30.61,3787,正常
2016/06/27 20:22:27,e1102db6fd1917fe1b1c44c94663627e81182ef4,2688bb4b560bd61d75c11cabb711cd65f50683d2,持卡人消费,学子便利店A01后楼,-4.5,26.11,3788,正常
2016/06/28 08:12:15,e1102db6fd1917fe1b1c44c94663627e81182ef4,2688bb4b560bd61d75c11cabb711cd65f50683d2,持卡人消费,学苑楼商务网关,-9.0,17.11,3789,正常
2016/06/28 11:41:30,e1102db6fd1917fe1b1c44c94663627e81182ef4,2688bb4b560bd61d75c11cabb711cd65f50683d2,持卡人消费,学子便利店A01后楼,-1.5,15.61,3790,正常
2016/06/28 13:53:48,e1102db6fd1917fe1b1c44c94663627e81182ef4,2688bb4b560bd61d75c11cabb711cd65f50683d2,持卡人消费,学子便利店A01后楼,-4.5,11.11,3791,正常
2016/06/28 14:49:16,e1102db6fd1917fe1b1c44c94663627e81182ef4,2688bb4b560bd61d75c11cabb711cd65f50683d2,持卡人消费,学子便利店A01后楼,-3.7,7.41,3792,正常
2016/06/28 18:25:05,e1102db6fd1917fe1b1c44c94663627e81182ef4,2688bb4b560bd61d75c11cabb711cd65f50683d2,持卡人消费,学子便利店A01后楼,-1.5,5.91,3793,正常
2016/06/28 18:39:58,e1102db6fd1917fe1b1c44c94663627e81182ef4,2688bb4b560bd61d75c11cabb711cd65f50683d2,持卡人消费,一校区水控新,-2.0,3.91,3794,正常
2016/06/28 18:41:34,e1102db6fd1917fe1b1c44c94663627e81182ef4,2688bb4b560bd61d75c11cabb711cd65f50683d2,持卡人消费,一校区水控新,-0.21,3.70,3796,正常
2016/06/28 18:41:54,e1102db6fd1917fe1b1c44c94663627e81182ef4,2688bb4b560bd61d75c11cabb711cd65f50683d2,持卡人消费,一校区水控新,-0.03,3.67,3798,正常
2016/06/28 20:30:45,e1102db6fd1917fe1b1c44c94663627e81182ef4,2688bb4b560bd61d75c11cabb711cd65f50683d2,持卡人消费,学子便利店A01后楼,-0.5,3.17,3799,正常
2016/06/29 08:14:42,e1102db6fd1917fe1b1c44c94663627e81182ef4,2688bb4b560bd61d75c11cabb711cd65f50683d2,持卡人消费,硕果园（工大商店）,-1.0,2.17,3800,正常
2016/06/29 11:22:35,e1102db6fd1917fe1b1c44c94663627e81182ef4,2688bb4b560bd61d75c11cabb711cd65f50683d2,持卡人消费,学子便利店A01后楼,-1.2,0.97,3801,正常
2016/06/29 14:58:57,e1102db6fd1917fe1b1c44c94663627e81182ef4,2688bb4b560bd61d75c11cabb711cd65f50683d2,存款,卡中心综合业务,50.0,50.97,3802,正常
2016/06/29 19:04:06,e1102db6fd1917fe1b1c44c94663627e81182ef4,2688bb4b560bd61d75c11cabb711cd65f50683d2,持卡人消费,学子便利店A01后楼,-3.8,47.17,3803,正常
2016/06/29 21:46:38,e1102db6fd1917fe1b1c44c94663627e81182ef4,2688bb4b560bd61d75c11cabb711cd65f50683d2,持卡人消费,学子便利店A01后楼,-1.8,45.37,3804,正常
2016/06/30 11:22:48,e1102db6fd1917fe1b1c44c94663627e81182ef4,2688bb4b560bd61d75c11cabb711cd65f50683d2,持卡人消费,学子便利店A01后楼,-4.0,41.37,3805,正常
2016/06/30 19:39:26,e1102db6fd1917fe1b1c44c94663627e81182ef4,2688bb4b560bd61d75c11cabb711cd65f50683d2,持卡人消费,一校区水控新,-1.68,39.69,3807,正常
2016/06/30 19:50:30,e1102db6fd1917fe1b1c44c94663627e81182ef4,2688bb4b560bd61d75c11cabb711cd65f50683d2,持卡人消费,学子便利店A01后楼,-4.0,35.69,3808,正常
