交易发生时间,学号,姓名,交易类型,子系统名称,交易额,现有余额,次数,状态
2016/06/01 22:41:57,d0001be30181fef318171a69e460a7e80bfe06d2,26df32c9ab4a7360cd905f29837109c05cd054c7,持卡人消费,A15,-3.0,2.52,2788,正常
2016/06/03 19:23:37,d0001be30181fef318171a69e460a7e80bfe06d2,26df32c9ab4a7360cd905f29837109c05cd054c7,持卡人消费,15公寓浴池,-0.03,2.49,2790,正常
2016/06/03 19:24:19,d0001be30181fef318171a69e460a7e80bfe06d2,26df32c9ab4a7360cd905f29837109c05cd054c7,持卡人消费,15公寓浴池,-0.1,2.39,2792,正常
2016/06/03 19:26:50,d0001be30181fef318171a69e460a7e80bfe06d2,26df32c9ab4a7360cd905f29837109c05cd054c7,持卡人消费,15公寓浴池,-0.05,2.34,2794,正常
2016/06/03 19:29:17,d0001be30181fef318171a69e460a7e80bfe06d2,26df32c9ab4a7360cd905f29837109c05cd054c7,持卡人消费,15公寓浴池,-0.06,2.28,2796,正常
2016/06/03 19:31:07,d0001be30181fef318171a69e460a7e80bfe06d2,26df32c9ab4a7360cd905f29837109c05cd054c7,持卡人消费,15公寓浴池,-0.11,2.17,2798,正常
2016/06/03 19:36:02,d0001be30181fef318171a69e460a7e80bfe06d2,26df32c9ab4a7360cd905f29837109c05cd054c7,持卡人消费,15公寓浴池,-0.69,1.48,2800,正常
2016/06/13 07:57:54,d0001be30181fef318171a69e460a7e80bfe06d2,26df32c9ab4a7360cd905f29837109c05cd054c7,持卡人消费,超市商务子系统,-1.0,0.48,2801,正常
