交易发生时间,学号,姓名,交易类型,子系统名称,交易额,现有余额,次数,状态
2016/06/01 21:20:02,095d2172882d55e39bb4f04aa10ca9cf754f546b,2762b5a93d93e0a3daa2e0ff0e6a4ce53566fa55,持卡人消费,A9,-3.0,91.96,4292,正常
2016/06/01 21:23:05,095d2172882d55e39bb4f04aa10ca9cf754f546b,2762b5a93d93e0a3daa2e0ff0e6a4ce53566fa55,持卡人消费,超市商务子系统,-10.5,81.46,4293,正常
2016/06/01 21:24:54,095d2172882d55e39bb4f04aa10ca9cf754f546b,2762b5a93d93e0a3daa2e0ff0e6a4ce53566fa55,持卡人消费,超市商务子系统,-12.8,68.66,4294,正常
2016/06/01 21:26:00,095d2172882d55e39bb4f04aa10ca9cf754f546b,2762b5a93d93e0a3daa2e0ff0e6a4ce53566fa55,持卡人消费,超市商务子系统,-6.8,61.86,4295,正常
2016/06/03 09:30:33,095d2172882d55e39bb4f04aa10ca9cf754f546b,2762b5a93d93e0a3daa2e0ff0e6a4ce53566fa55,持卡人消费,超市商务子系统,-10.5,51.36,4296,正常
2016/06/03 09:32:38,095d2172882d55e39bb4f04aa10ca9cf754f546b,2762b5a93d93e0a3daa2e0ff0e6a4ce53566fa55,持卡人消费,超市商务子系统,-2.8,48.56,4297,正常
2016/06/03 11:41:27,095d2172882d55e39bb4f04aa10ca9cf754f546b,2762b5a93d93e0a3daa2e0ff0e6a4ce53566fa55,持卡人消费,学苑楼商务网关,-9.0,39.56,4298,正常
2016/06/03 11:42:55,095d2172882d55e39bb4f04aa10ca9cf754f546b,2762b5a93d93e0a3daa2e0ff0e6a4ce53566fa55,持卡人消费,学苑楼商务网关,-4.5,35.06,4299,正常
2016/06/04 18:43:43,095d2172882d55e39bb4f04aa10ca9cf754f546b,2762b5a93d93e0a3daa2e0ff0e6a4ce53566fa55,持卡人消费,超市商务子系统,-3.8,31.26,4300,正常
2016/06/04 21:32:34,095d2172882d55e39bb4f04aa10ca9cf754f546b,2762b5a93d93e0a3daa2e0ff0e6a4ce53566fa55,持卡人消费,学士楼商务网关,-6.0,25.26,4301,正常
2016/06/04 21:32:44,095d2172882d55e39bb4f04aa10ca9cf754f546b,2762b5a93d93e0a3daa2e0ff0e6a4ce53566fa55,持卡人消费,学士楼商务网关,-3.7,21.56,4302,正常
2016/06/04 21:33:20,095d2172882d55e39bb4f04aa10ca9cf754f546b,2762b5a93d93e0a3daa2e0ff0e6a4ce53566fa55,持卡人消费,学士楼商务网关,-0.6,20.96,4303,正常
2016/06/05 13:45:04,095d2172882d55e39bb4f04aa10ca9cf754f546b,2762b5a93d93e0a3daa2e0ff0e6a4ce53566fa55,持卡人消费,硕果园（工大商店）,-3.5,17.46,4304,正常
2016/06/05 21:03:20,095d2172882d55e39bb4f04aa10ca9cf754f546b,2762b5a93d93e0a3daa2e0ff0e6a4ce53566fa55,持卡人消费,学士楼商务网关,-3.0,14.46,4305,正常
2016/06/05 21:03:33,095d2172882d55e39bb4f04aa10ca9cf754f546b,2762b5a93d93e0a3daa2e0ff0e6a4ce53566fa55,持卡人消费,学士楼商务网关,-2.0,12.46,4306,正常
2016/06/05 21:04:13,095d2172882d55e39bb4f04aa10ca9cf754f546b,2762b5a93d93e0a3daa2e0ff0e6a4ce53566fa55,持卡人消费,学士楼商务网关,-4.5,7.96,4307,正常
2016/06/05 21:04:20,095d2172882d55e39bb4f04aa10ca9cf754f546b,2762b5a93d93e0a3daa2e0ff0e6a4ce53566fa55,持卡人消费,学士楼商务网关,-0.4,7.56,4308,正常
2016/06/05 21:16:46,095d2172882d55e39bb4f04aa10ca9cf754f546b,2762b5a93d93e0a3daa2e0ff0e6a4ce53566fa55,持卡人消费,硕果园（工大商店）,-5.3,2.26,4309,正常
2016/06/09 10:28:55,095d2172882d55e39bb4f04aa10ca9cf754f546b,2762b5a93d93e0a3daa2e0ff0e6a4ce53566fa55,持卡人消费,超市商务子系统,-0.6,1.66,4310,正常
2016/06/12 17:44:08,095d2172882d55e39bb4f04aa10ca9cf754f546b,2762b5a93d93e0a3daa2e0ff0e6a4ce53566fa55,存款,现金充值机,100.0,101.66,4311,正常
2016/06/12 18:26:14,095d2172882d55e39bb4f04aa10ca9cf754f546b,2762b5a93d93e0a3daa2e0ff0e6a4ce53566fa55,持卡人消费,一校区水控新,-2.0,99.66,4312,正常
2016/06/12 18:31:52,095d2172882d55e39bb4f04aa10ca9cf754f546b,2762b5a93d93e0a3daa2e0ff0e6a4ce53566fa55,持卡人消费,一校区水控新,-1.04,98.62,4314,正常
2016/06/12 19:03:20,095d2172882d55e39bb4f04aa10ca9cf754f546b,2762b5a93d93e0a3daa2e0ff0e6a4ce53566fa55,持卡人消费,硕果园（工大商店）,-17.5,81.12,4315,正常
2016/06/12 19:06:12,095d2172882d55e39bb4f04aa10ca9cf754f546b,2762b5a93d93e0a3daa2e0ff0e6a4ce53566fa55,持卡人消费,硕果园（工大商店）,-8.0,73.12,4316,正常
2016/06/12 21:24:25,095d2172882d55e39bb4f04aa10ca9cf754f546b,2762b5a93d93e0a3daa2e0ff0e6a4ce53566fa55,持卡人消费,硕果园（工大商店）,-9.7,63.42,4317,正常
2016/06/13 20:33:48,095d2172882d55e39bb4f04aa10ca9cf754f546b,2762b5a93d93e0a3daa2e0ff0e6a4ce53566fa55,持卡人消费,超市商务子系统,-12.2,51.22,4318,正常
2016/06/13 20:36:33,095d2172882d55e39bb4f04aa10ca9cf754f546b,2762b5a93d93e0a3daa2e0ff0e6a4ce53566fa55,持卡人消费,超市商务子系统,-15.3,35.92,4319,正常
2016/06/15 12:11:03,095d2172882d55e39bb4f04aa10ca9cf754f546b,2762b5a93d93e0a3daa2e0ff0e6a4ce53566fa55,持卡人消费,学苑楼商务网关,-6.0,29.92,4320,正常
2016/06/15 21:00:54,095d2172882d55e39bb4f04aa10ca9cf754f546b,2762b5a93d93e0a3daa2e0ff0e6a4ce53566fa55,持卡人消费,超市商务子系统,-8.8,21.12,4321,正常
2016/06/15 21:04:01,095d2172882d55e39bb4f04aa10ca9cf754f546b,2762b5a93d93e0a3daa2e0ff0e6a4ce53566fa55,持卡人消费,A9,-4.6,16.52,4322,正常
2016/06/17 20:16:13,095d2172882d55e39bb4f04aa10ca9cf754f546b,2762b5a93d93e0a3daa2e0ff0e6a4ce53566fa55,持卡人消费,超市商务子系统,-7.2,9.32,4323,正常
2016/06/17 20:21:11,095d2172882d55e39bb4f04aa10ca9cf754f546b,2762b5a93d93e0a3daa2e0ff0e6a4ce53566fa55,持卡人消费,超市商务子系统,-0.5,8.82,4324,正常
2016/06/22 17:02:56,095d2172882d55e39bb4f04aa10ca9cf754f546b,2762b5a93d93e0a3daa2e0ff0e6a4ce53566fa55,持卡人消费,一校区水控新,-2.0,6.82,4325,正常
2016/06/22 17:08:31,095d2172882d55e39bb4f04aa10ca9cf754f546b,2762b5a93d93e0a3daa2e0ff0e6a4ce53566fa55,持卡人消费,一校区水控新,-1.01,5.81,4327,正常
