交易发生时间,学号,姓名,交易类型,子系统名称,交易额,现有余额,次数,状态
2016/06/01 10:23:10,0a1fcee4c9bbc3551d277c6fab83c6ef6e121c3d,277ac25630cc774552c54207461af1118ba45863,持卡人消费,学子便利店A01后楼,-4.6,181.54,5260,正常
2016/06/01 12:42:41,0a1fcee4c9bbc3551d277c6fab83c6ef6e121c3d,277ac25630cc774552c54207461af1118ba45863,持卡人消费,学子便利店A01后楼,-7.6,173.94,5261,正常
2016/06/01 13:10:45,0a1fcee4c9bbc3551d277c6fab83c6ef6e121c3d,277ac25630cc774552c54207461af1118ba45863,持卡人消费,15公寓浴池,-0.02,173.92,5263,正常
2016/06/01 13:10:57,0a1fcee4c9bbc3551d277c6fab83c6ef6e121c3d,277ac25630cc774552c54207461af1118ba45863,持卡人消费,15公寓浴池,-0.02,173.90,5265,正常
2016/06/01 13:17:04,0a1fcee4c9bbc3551d277c6fab83c6ef6e121c3d,277ac25630cc774552c54207461af1118ba45863,持卡人消费,15公寓浴池,-1.15,172.75,5267,正常
2016/06/01 13:24:09,0a1fcee4c9bbc3551d277c6fab83c6ef6e121c3d,277ac25630cc774552c54207461af1118ba45863,持卡人消费,15公寓浴池,-0.83,171.92,5269,正常
2016/06/01 13:34:42,0a1fcee4c9bbc3551d277c6fab83c6ef6e121c3d,277ac25630cc774552c54207461af1118ba45863,持卡人消费,学子便利店A01后楼,-3.0,168.92,5270,正常
2016/06/02 09:01:18,0a1fcee4c9bbc3551d277c6fab83c6ef6e121c3d,277ac25630cc774552c54207461af1118ba45863,持卡人消费,学子便利店A01后楼,-4.6,164.32,5271,正常
2016/06/02 12:01:46,0a1fcee4c9bbc3551d277c6fab83c6ef6e121c3d,277ac25630cc774552c54207461af1118ba45863,持卡人消费,学子楼商务网关,-9.6,154.72,5272,正常
2016/06/02 12:02:44,0a1fcee4c9bbc3551d277c6fab83c6ef6e121c3d,277ac25630cc774552c54207461af1118ba45863,持卡人消费,学子楼商务网关,-4.0,150.72,5273,正常
2016/06/02 12:03:34,0a1fcee4c9bbc3551d277c6fab83c6ef6e121c3d,277ac25630cc774552c54207461af1118ba45863,持卡人消费,学子楼商务网关,-1.5,149.22,5274,正常
2016/06/02 12:25:49,0a1fcee4c9bbc3551d277c6fab83c6ef6e121c3d,277ac25630cc774552c54207461af1118ba45863,持卡人消费,学苑楼商务网关,-5.1,144.12,5275,正常
2016/06/02 16:30:34,0a1fcee4c9bbc3551d277c6fab83c6ef6e121c3d,277ac25630cc774552c54207461af1118ba45863,持卡人消费,硕果园（工大商店）,-8.0,136.12,5276,正常
2016/06/02 16:31:44,0a1fcee4c9bbc3551d277c6fab83c6ef6e121c3d,277ac25630cc774552c54207461af1118ba45863,持卡人消费,硕果园（工大商店）,-5.0,131.12,5277,正常
2016/06/02 19:50:29,0a1fcee4c9bbc3551d277c6fab83c6ef6e121c3d,277ac25630cc774552c54207461af1118ba45863,持卡人消费,学子便利店A01后楼,-3.8,127.32,5278,正常
2016/06/02 20:04:26,0a1fcee4c9bbc3551d277c6fab83c6ef6e121c3d,277ac25630cc774552c54207461af1118ba45863,持卡人消费,学子便利店A01后楼,-2.6,124.72,5279,正常
2016/06/02 20:15:08,0a1fcee4c9bbc3551d277c6fab83c6ef6e121c3d,277ac25630cc774552c54207461af1118ba45863,持卡人消费,15公寓浴池,-1.31,123.41,5281,正常
2016/06/02 20:22:07,0a1fcee4c9bbc3551d277c6fab83c6ef6e121c3d,277ac25630cc774552c54207461af1118ba45863,持卡人消费,15公寓浴池,-1.06,122.35,5283,正常
2016/06/02 20:39:10,0a1fcee4c9bbc3551d277c6fab83c6ef6e121c3d,277ac25630cc774552c54207461af1118ba45863,持卡人消费,学子便利店A01后楼,-2.5,119.85,5284,正常
2016/06/02 22:29:13,0a1fcee4c9bbc3551d277c6fab83c6ef6e121c3d,277ac25630cc774552c54207461af1118ba45863,持卡人消费,学子便利店A01后楼,-1.0,118.85,5285,正常
2016/06/03 14:13:05,0a1fcee4c9bbc3551d277c6fab83c6ef6e121c3d,277ac25630cc774552c54207461af1118ba45863,持卡人消费,学子便利店A01后楼,-2.0,116.85,5286,正常
2016/06/03 18:02:59,0a1fcee4c9bbc3551d277c6fab83c6ef6e121c3d,277ac25630cc774552c54207461af1118ba45863,持卡人消费,15公寓浴池,-2.0,112.85,5288,正常
2016/06/03 17:52:43,0a1fcee4c9bbc3551d277c6fab83c6ef6e121c3d,277ac25630cc774552c54207461af1118ba45863,持卡人消费,15公寓浴池,-0.19,114.66,5289,正常
2016/06/03 17:57:13,0a1fcee4c9bbc3551d277c6fab83c6ef6e121c3d,277ac25630cc774552c54207461af1118ba45863,持卡人消费,15公寓浴池,-0.83,113.83,5291,正常
2016/06/03 18:05:14,0a1fcee4c9bbc3551d277c6fab83c6ef6e121c3d,277ac25630cc774552c54207461af1118ba45863,持卡人消费,15公寓浴池,-0.94,112.89,5293,正常
2016/06/03 18:24:09,0a1fcee4c9bbc3551d277c6fab83c6ef6e121c3d,277ac25630cc774552c54207461af1118ba45863,持卡人消费,学子便利店A01后楼,-4.0,108.89,5294,正常
2016/06/03 19:30:23,0a1fcee4c9bbc3551d277c6fab83c6ef6e121c3d,277ac25630cc774552c54207461af1118ba45863,持卡人消费,学子便利店A01后楼,-3.8,105.09,5295,正常
2016/06/03 19:41:09,0a1fcee4c9bbc3551d277c6fab83c6ef6e121c3d,277ac25630cc774552c54207461af1118ba45863,持卡人消费,15公寓浴池,-0.13,102.96,5298,正常
2016/06/03 19:46:52,0a1fcee4c9bbc3551d277c6fab83c6ef6e121c3d,277ac25630cc774552c54207461af1118ba45863,持卡人消费,15公寓浴池,-1.07,101.89,5300,正常
2016/06/03 19:47:56,0a1fcee4c9bbc3551d277c6fab83c6ef6e121c3d,277ac25630cc774552c54207461af1118ba45863,持卡人消费,15公寓浴池,-1.41,102.48,5301,正常
2016/06/03 19:49:55,0a1fcee4c9bbc3551d277c6fab83c6ef6e121c3d,277ac25630cc774552c54207461af1118ba45863,持卡人消费,15公寓浴池,-0.27,102.21,5303,正常
2016/06/03 20:31:15,0a1fcee4c9bbc3551d277c6fab83c6ef6e121c3d,277ac25630cc774552c54207461af1118ba45863,持卡人消费,学子便利店A01后楼,-5.7,96.51,5304,正常
2016/06/04 12:04:09,0a1fcee4c9bbc3551d277c6fab83c6ef6e121c3d,277ac25630cc774552c54207461af1118ba45863,持卡人消费,学子便利店A01后楼,-2.5,94.01,5305,正常
2016/06/04 14:48:20,0a1fcee4c9bbc3551d277c6fab83c6ef6e121c3d,277ac25630cc774552c54207461af1118ba45863,持卡人消费,学子便利店A01后楼,-10.0,84.01,5306,正常
2016/06/04 17:36:04,0a1fcee4c9bbc3551d277c6fab83c6ef6e121c3d,277ac25630cc774552c54207461af1118ba45863,持卡人消费,学子便利店A01后楼,-3.8,80.21,5307,正常
2016/06/04 17:53:02,0a1fcee4c9bbc3551d277c6fab83c6ef6e121c3d,277ac25630cc774552c54207461af1118ba45863,持卡人消费,15公寓浴池,-1.71,78.50,5309,正常
2016/06/04 18:28:08,0a1fcee4c9bbc3551d277c6fab83c6ef6e121c3d,277ac25630cc774552c54207461af1118ba45863,持卡人消费,15公寓浴池,-0.83,77.67,5311,正常
2016/06/04 18:35:33,0a1fcee4c9bbc3551d277c6fab83c6ef6e121c3d,277ac25630cc774552c54207461af1118ba45863,持卡人消费,15公寓浴池,-1.07,76.60,5313,正常
2016/06/04 21:21:02,0a1fcee4c9bbc3551d277c6fab83c6ef6e121c3d,277ac25630cc774552c54207461af1118ba45863,持卡人消费,学子便利店A01后楼,-10.4,66.20,5314,正常
2016/06/05 15:06:50,0a1fcee4c9bbc3551d277c6fab83c6ef6e121c3d,277ac25630cc774552c54207461af1118ba45863,持卡人消费,学子便利店A01后楼,-8.4,57.80,5315,正常
2016/06/06 10:50:32,0a1fcee4c9bbc3551d277c6fab83c6ef6e121c3d,277ac25630cc774552c54207461af1118ba45863,持卡人消费,学苑楼商务网关,-7.0,50.80,5316,正常
2016/06/06 10:51:48,0a1fcee4c9bbc3551d277c6fab83c6ef6e121c3d,277ac25630cc774552c54207461af1118ba45863,持卡人消费,学苑楼商务网关,-1.5,49.30,5317,正常
2016/06/06 10:54:28,0a1fcee4c9bbc3551d277c6fab83c6ef6e121c3d,277ac25630cc774552c54207461af1118ba45863,持卡人消费,学苑楼商务网关,-13.1,36.20,5318,正常
2016/06/06 18:50:07,0a1fcee4c9bbc3551d277c6fab83c6ef6e121c3d,277ac25630cc774552c54207461af1118ba45863,持卡人消费,学子便利店A01后楼,-3.5,32.70,5319,正常
2016/06/07 08:52:08,0a1fcee4c9bbc3551d277c6fab83c6ef6e121c3d,277ac25630cc774552c54207461af1118ba45863,持卡人消费,学子便利店A01后楼,-5.0,27.70,5320,正常
2016/06/08 11:16:38,0a1fcee4c9bbc3551d277c6fab83c6ef6e121c3d,277ac25630cc774552c54207461af1118ba45863,存款,卡中心综合业务,50.0,77.70,5321,正常
2016/06/08 11:20:33,0a1fcee4c9bbc3551d277c6fab83c6ef6e121c3d,277ac25630cc774552c54207461af1118ba45863,持卡人消费,学苑楼商务网关,-10.0,67.70,5322,正常
2016/06/08 11:21:09,0a1fcee4c9bbc3551d277c6fab83c6ef6e121c3d,277ac25630cc774552c54207461af1118ba45863,持卡人消费,学苑楼商务网关,-0.4,67.30,5323,正常
2016/06/08 11:22:11,0a1fcee4c9bbc3551d277c6fab83c6ef6e121c3d,277ac25630cc774552c54207461af1118ba45863,持卡人消费,学苑楼商务网关,-4.0,63.30,5324,正常
2016/06/08 11:22:22,0a1fcee4c9bbc3551d277c6fab83c6ef6e121c3d,277ac25630cc774552c54207461af1118ba45863,持卡人消费,学苑楼商务网关,-0.2,63.10,5325,正常
2016/06/08 11:23:51,0a1fcee4c9bbc3551d277c6fab83c6ef6e121c3d,277ac25630cc774552c54207461af1118ba45863,持卡人消费,学苑楼商务网关,-4.0,59.10,5326,正常
2016/06/08 11:42:31,0a1fcee4c9bbc3551d277c6fab83c6ef6e121c3d,277ac25630cc774552c54207461af1118ba45863,持卡人消费,学士楼商务网关,-9.9,49.20,5327,正常
2016/06/09 09:19:37,0a1fcee4c9bbc3551d277c6fab83c6ef6e121c3d,277ac25630cc774552c54207461af1118ba45863,持卡人消费,学子便利店A01后楼,-6.5,42.70,5328,正常
2016/06/09 19:47:15,0a1fcee4c9bbc3551d277c6fab83c6ef6e121c3d,277ac25630cc774552c54207461af1118ba45863,持卡人消费,学子便利店A01后楼,-4.2,38.50,5329,正常
2016/06/09 20:14:12,0a1fcee4c9bbc3551d277c6fab83c6ef6e121c3d,277ac25630cc774552c54207461af1118ba45863,持卡人消费,学子便利店A01后楼,-5.9,32.60,5330,正常
2016/06/11 16:46:33,0a1fcee4c9bbc3551d277c6fab83c6ef6e121c3d,277ac25630cc774552c54207461af1118ba45863,持卡人消费,15公寓浴池,-0.91,31.69,5332,正常
2016/06/11 16:53:40,0a1fcee4c9bbc3551d277c6fab83c6ef6e121c3d,277ac25630cc774552c54207461af1118ba45863,持卡人消费,15公寓浴池,-0.94,30.75,5334,正常
2016/06/12 08:50:42,0a1fcee4c9bbc3551d277c6fab83c6ef6e121c3d,277ac25630cc774552c54207461af1118ba45863,持卡人消费,学子便利店A01后楼,-7.5,23.25,5335,正常
2016/06/12 17:49:11,0a1fcee4c9bbc3551d277c6fab83c6ef6e121c3d,277ac25630cc774552c54207461af1118ba45863,持卡人消费,学子便利店A01后楼,-14.4,8.85,5336,正常
2016/06/12 20:40:48,0a1fcee4c9bbc3551d277c6fab83c6ef6e121c3d,277ac25630cc774552c54207461af1118ba45863,持卡人消费,学子便利店A01后楼,-4.0,4.85,5337,正常
2016/06/12 20:46:55,0a1fcee4c9bbc3551d277c6fab83c6ef6e121c3d,277ac25630cc774552c54207461af1118ba45863,持卡人消费,15公寓浴池,-0.69,4.16,5339,正常
2016/06/12 20:52:39,0a1fcee4c9bbc3551d277c6fab83c6ef6e121c3d,277ac25630cc774552c54207461af1118ba45863,持卡人消费,15公寓浴池,-0.62,3.54,5341,正常
2016/06/12 21:01:56,0a1fcee4c9bbc3551d277c6fab83c6ef6e121c3d,277ac25630cc774552c54207461af1118ba45863,持卡人消费,学子便利店A01后楼,-2.7,0.84,5342,正常
2016/06/13 13:41:51,0a1fcee4c9bbc3551d277c6fab83c6ef6e121c3d,277ac25630cc774552c54207461af1118ba45863,存款,现金充值机,200.0,200.84,5343,正常
2016/06/13 14:04:06,0a1fcee4c9bbc3551d277c6fab83c6ef6e121c3d,277ac25630cc774552c54207461af1118ba45863,持卡人消费,学苑楼商务网关,-4.2,196.64,5344,正常
2016/06/13 17:20:14,0a1fcee4c9bbc3551d277c6fab83c6ef6e121c3d,277ac25630cc774552c54207461af1118ba45863,持卡人消费,学子楼商务网关,-2.5,194.14,5345,正常
2016/06/13 17:20:33,0a1fcee4c9bbc3551d277c6fab83c6ef6e121c3d,277ac25630cc774552c54207461af1118ba45863,持卡人消费,学子楼商务网关,-3.1,191.04,5346,正常
2016/06/13 17:34:55,0a1fcee4c9bbc3551d277c6fab83c6ef6e121c3d,277ac25630cc774552c54207461af1118ba45863,持卡人消费,学苑楼商务网关,-0.4,190.64,5347,正常
2016/06/13 18:00:34,0a1fcee4c9bbc3551d277c6fab83c6ef6e121c3d,277ac25630cc774552c54207461af1118ba45863,持卡人消费,学子便利店A01后楼,-9.8,180.84,5348,正常
2016/06/13 20:48:24,0a1fcee4c9bbc3551d277c6fab83c6ef6e121c3d,277ac25630cc774552c54207461af1118ba45863,持卡人消费,15公寓浴池,-1.57,179.27,5350,正常
2016/06/13 21:12:53,0a1fcee4c9bbc3551d277c6fab83c6ef6e121c3d,277ac25630cc774552c54207461af1118ba45863,持卡人消费,学子便利店A01后楼,-6.9,172.37,5351,正常
2016/06/14 20:49:13,0a1fcee4c9bbc3551d277c6fab83c6ef6e121c3d,277ac25630cc774552c54207461af1118ba45863,持卡人消费,学子便利店A01后楼,-3.8,168.57,5352,正常
2016/06/14 22:29:50,0a1fcee4c9bbc3551d277c6fab83c6ef6e121c3d,277ac25630cc774552c54207461af1118ba45863,持卡人消费,学子便利店A01后楼,-8.5,160.07,5353,正常
2016/06/15 13:58:44,0a1fcee4c9bbc3551d277c6fab83c6ef6e121c3d,277ac25630cc774552c54207461af1118ba45863,持卡人消费,学子便利店A01后楼,-4.6,155.47,5354,正常
2016/06/15 17:32:37,0a1fcee4c9bbc3551d277c6fab83c6ef6e121c3d,277ac25630cc774552c54207461af1118ba45863,持卡人消费,硕果园（工大商店）,-16.0,139.47,5355,正常
2016/06/15 17:33:09,0a1fcee4c9bbc3551d277c6fab83c6ef6e121c3d,277ac25630cc774552c54207461af1118ba45863,持卡人消费,硕果园（工大商店）,-3.0,136.47,5356,正常
2016/06/15 17:35:28,0a1fcee4c9bbc3551d277c6fab83c6ef6e121c3d,277ac25630cc774552c54207461af1118ba45863,持卡人消费,硕果园（工大商店）,-1.0,135.47,5357,正常
2016/06/15 18:32:43,0a1fcee4c9bbc3551d277c6fab83c6ef6e121c3d,277ac25630cc774552c54207461af1118ba45863,持卡人消费,学子便利店A01后楼,-3.6,131.87,5358,正常
2016/06/15 22:22:24,0a1fcee4c9bbc3551d277c6fab83c6ef6e121c3d,277ac25630cc774552c54207461af1118ba45863,持卡人消费,学子便利店A01后楼,-3.6,128.27,5359,正常
2016/06/16 09:59:57,0a1fcee4c9bbc3551d277c6fab83c6ef6e121c3d,277ac25630cc774552c54207461af1118ba45863,持卡人消费,学子便利店A01后楼,-10.9,117.37,5360,正常
2016/06/16 13:42:52,0a1fcee4c9bbc3551d277c6fab83c6ef6e121c3d,277ac25630cc774552c54207461af1118ba45863,持卡人消费,学子便利店A01后楼,-3.4,113.97,5361,正常
2016/06/16 14:04:57,0a1fcee4c9bbc3551d277c6fab83c6ef6e121c3d,277ac25630cc774552c54207461af1118ba45863,持卡人消费,学子便利店A01后楼,-4.0,109.97,5362,正常
2016/06/16 16:53:38,0a1fcee4c9bbc3551d277c6fab83c6ef6e121c3d,277ac25630cc774552c54207461af1118ba45863,持卡人消费,15公寓浴池,-0.86,109.11,5364,正常
2016/06/16 17:02:10,0a1fcee4c9bbc3551d277c6fab83c6ef6e121c3d,277ac25630cc774552c54207461af1118ba45863,持卡人消费,15公寓浴池,-1.25,107.86,5366,正常
2016/06/16 18:07:31,0a1fcee4c9bbc3551d277c6fab83c6ef6e121c3d,277ac25630cc774552c54207461af1118ba45863,持卡人消费,学子便利店A01后楼,-1.5,106.36,5367,正常
2016/06/17 15:50:23,0a1fcee4c9bbc3551d277c6fab83c6ef6e121c3d,277ac25630cc774552c54207461af1118ba45863,持卡人消费,学子便利店A01后楼,-4.5,101.86,5368,正常
2016/06/17 17:00:49,0a1fcee4c9bbc3551d277c6fab83c6ef6e121c3d,277ac25630cc774552c54207461af1118ba45863,持卡人消费,15公寓浴池,-1.84,100.02,5370,正常
2016/06/17 20:17:10,0a1fcee4c9bbc3551d277c6fab83c6ef6e121c3d,277ac25630cc774552c54207461af1118ba45863,持卡人消费,学子便利店A01后楼,-16.3,83.72,5371,正常
2016/06/20 13:02:23,0a1fcee4c9bbc3551d277c6fab83c6ef6e121c3d,277ac25630cc774552c54207461af1118ba45863,持卡人消费,15公寓浴池,-0.46,83.26,5372,正常
2016/06/20 13:05:29,0a1fcee4c9bbc3551d277c6fab83c6ef6e121c3d,277ac25630cc774552c54207461af1118ba45863,持卡人消费,15公寓浴池,-0.03,83.23,5373,正常
2016/06/20 13:11:21,0a1fcee4c9bbc3551d277c6fab83c6ef6e121c3d,277ac25630cc774552c54207461af1118ba45863,持卡人消费,15公寓浴池,-1.1,82.13,5374,正常
2016/06/20 13:41:39,0a1fcee4c9bbc3551d277c6fab83c6ef6e121c3d,277ac25630cc774552c54207461af1118ba45863,持卡人消费,学子便利店A01后楼,-3.9,78.23,5375,正常
2016/06/20 13:53:31,0a1fcee4c9bbc3551d277c6fab83c6ef6e121c3d,277ac25630cc774552c54207461af1118ba45863,持卡人消费,硕果园（工大商店）,-12.0,66.23,5376,正常
2016/06/20 18:28:13,0a1fcee4c9bbc3551d277c6fab83c6ef6e121c3d,277ac25630cc774552c54207461af1118ba45863,持卡人消费,硕果园（工大商店）,-15.0,51.23,5377,正常
2016/06/20 18:28:35,0a1fcee4c9bbc3551d277c6fab83c6ef6e121c3d,277ac25630cc774552c54207461af1118ba45863,持卡人消费,硕果园（工大商店）,-3.0,48.23,5378,正常
2016/06/20 18:30:12,0a1fcee4c9bbc3551d277c6fab83c6ef6e121c3d,277ac25630cc774552c54207461af1118ba45863,持卡人消费,硕果园（工大商店）,-5.0,43.23,5379,正常
2016/06/20 18:50:38,0a1fcee4c9bbc3551d277c6fab83c6ef6e121c3d,277ac25630cc774552c54207461af1118ba45863,持卡人消费,硕果园（工大商店）,-3.5,39.73,5380,正常
2016/06/20 21:43:45,0a1fcee4c9bbc3551d277c6fab83c6ef6e121c3d,277ac25630cc774552c54207461af1118ba45863,持卡人消费,学子便利店A01后楼,-8.5,31.23,5381,正常
2016/06/21 13:39:41,0a1fcee4c9bbc3551d277c6fab83c6ef6e121c3d,277ac25630cc774552c54207461af1118ba45863,持卡人消费,学子便利店A01后楼,-3.5,27.73,5382,正常
2016/06/22 14:27:12,0a1fcee4c9bbc3551d277c6fab83c6ef6e121c3d,277ac25630cc774552c54207461af1118ba45863,持卡人消费,15公寓浴池,-0.82,26.91,5384,正常
2016/06/22 14:33:41,0a1fcee4c9bbc3551d277c6fab83c6ef6e121c3d,277ac25630cc774552c54207461af1118ba45863,持卡人消费,15公寓浴池,-0.78,26.13,5386,正常
2016/06/22 14:40:26,0a1fcee4c9bbc3551d277c6fab83c6ef6e121c3d,277ac25630cc774552c54207461af1118ba45863,持卡人消费,学子便利店A01后楼,-3.4,22.73,5387,正常
2016/06/23 11:41:52,0a1fcee4c9bbc3551d277c6fab83c6ef6e121c3d,277ac25630cc774552c54207461af1118ba45863,存款,学苑楼综合业务3,100.0,122.73,5388,正常
2016/06/23 11:46:10,0a1fcee4c9bbc3551d277c6fab83c6ef6e121c3d,277ac25630cc774552c54207461af1118ba45863,持卡人消费,学士楼商务网关,-8.8,113.93,5389,正常
2016/06/23 11:46:23,0a1fcee4c9bbc3551d277c6fab83c6ef6e121c3d,277ac25630cc774552c54207461af1118ba45863,持卡人消费,学士楼商务网关,-33.5,80.43,5390,正常
2016/06/24 09:33:18,0a1fcee4c9bbc3551d277c6fab83c6ef6e121c3d,277ac25630cc774552c54207461af1118ba45863,持卡人消费,学子便利店A01后楼,-4.0,76.43,5391,正常
2016/06/24 18:35:59,0a1fcee4c9bbc3551d277c6fab83c6ef6e121c3d,277ac25630cc774552c54207461af1118ba45863,持卡人消费,15公寓浴池,-1.18,75.25,5393,正常
2016/06/25 17:18:06,0a1fcee4c9bbc3551d277c6fab83c6ef6e121c3d,277ac25630cc774552c54207461af1118ba45863,持卡人消费,15公寓浴池,-0.96,74.29,5395,正常
2016/06/25 17:25:58,0a1fcee4c9bbc3551d277c6fab83c6ef6e121c3d,277ac25630cc774552c54207461af1118ba45863,持卡人消费,15公寓浴池,-1.04,73.25,5397,正常
2016/06/25 21:18:46,0a1fcee4c9bbc3551d277c6fab83c6ef6e121c3d,277ac25630cc774552c54207461af1118ba45863,持卡人消费,学子便利店A01后楼,-1.0,72.25,5398,正常
2016/06/26 18:15:44,0a1fcee4c9bbc3551d277c6fab83c6ef6e121c3d,277ac25630cc774552c54207461af1118ba45863,持卡人消费,15公寓浴池,-1.34,70.91,5400,正常
2016/06/27 19:30:18,0a1fcee4c9bbc3551d277c6fab83c6ef6e121c3d,277ac25630cc774552c54207461af1118ba45863,持卡人消费,学子便利店A01后楼,-4.0,66.91,5401,正常
2016/06/27 19:43:24,0a1fcee4c9bbc3551d277c6fab83c6ef6e121c3d,277ac25630cc774552c54207461af1118ba45863,持卡人消费,15公寓浴池,-1.34,65.57,5403,正常
2016/06/27 21:49:40,0a1fcee4c9bbc3551d277c6fab83c6ef6e121c3d,277ac25630cc774552c54207461af1118ba45863,持卡人消费,学子便利店A01后楼,-7.0,58.57,5404,正常
2016/06/28 14:12:09,0a1fcee4c9bbc3551d277c6fab83c6ef6e121c3d,277ac25630cc774552c54207461af1118ba45863,持卡人消费,学子便利店A01后楼,-4.5,54.07,5405,正常
2016/06/28 17:23:36,0a1fcee4c9bbc3551d277c6fab83c6ef6e121c3d,277ac25630cc774552c54207461af1118ba45863,持卡人消费,硕果园（工大商店）,-1.0,53.07,5406,正常
2016/06/28 19:34:38,0a1fcee4c9bbc3551d277c6fab83c6ef6e121c3d,277ac25630cc774552c54207461af1118ba45863,持卡人消费,学子便利店A01后楼,-4.0,49.07,5407,正常
2016/06/28 20:11:06,0a1fcee4c9bbc3551d277c6fab83c6ef6e121c3d,277ac25630cc774552c54207461af1118ba45863,持卡人消费,学子便利店A01后楼,-3.0,46.07,5408,正常
2016/06/28 20:21:53,0a1fcee4c9bbc3551d277c6fab83c6ef6e121c3d,277ac25630cc774552c54207461af1118ba45863,持卡人消费,15公寓浴池,-1.26,44.81,5410,正常
2016/06/28 20:29:44,0a1fcee4c9bbc3551d277c6fab83c6ef6e121c3d,277ac25630cc774552c54207461af1118ba45863,持卡人消费,15公寓浴池,-1.02,43.79,5412,正常
2016/06/28 20:37:23,0a1fcee4c9bbc3551d277c6fab83c6ef6e121c3d,277ac25630cc774552c54207461af1118ba45863,持卡人消费,学子便利店A01后楼,-2.6,41.19,5413,正常
2016/06/29 11:20:20,0a1fcee4c9bbc3551d277c6fab83c6ef6e121c3d,277ac25630cc774552c54207461af1118ba45863,持卡人消费,学子便利店A01后楼,-3.8,37.39,5414,正常
2016/06/29 12:12:33,0a1fcee4c9bbc3551d277c6fab83c6ef6e121c3d,277ac25630cc774552c54207461af1118ba45863,持卡人消费,15公寓浴池,-0.08,37.31,5416,正常
2016/06/29 12:13:12,0a1fcee4c9bbc3551d277c6fab83c6ef6e121c3d,277ac25630cc774552c54207461af1118ba45863,持卡人消费,15公寓浴池,-0.1,37.21,5418,正常
2016/06/29 12:15:05,0a1fcee4c9bbc3551d277c6fab83c6ef6e121c3d,277ac25630cc774552c54207461af1118ba45863,持卡人消费,15公寓浴池,-0.32,36.89,5420,正常
2016/06/29 12:23:56,0a1fcee4c9bbc3551d277c6fab83c6ef6e121c3d,277ac25630cc774552c54207461af1118ba45863,持卡人消费,15公寓浴池,-1.18,35.71,5422,正常
2016/06/29 20:10:45,0a1fcee4c9bbc3551d277c6fab83c6ef6e121c3d,277ac25630cc774552c54207461af1118ba45863,持卡人消费,学子便利店A01后楼,-1.6,34.11,5423,正常
2016/06/30 09:28:03,0a1fcee4c9bbc3551d277c6fab83c6ef6e121c3d,277ac25630cc774552c54207461af1118ba45863,持卡人消费,学子便利店A01后楼,-3.0,31.11,5424,正常
