交易发生时间,学号,姓名,交易类型,子系统名称,交易额,现有余额,次数,状态
2016/06/01 12:19:00,35e7a8bdd4121fbba2be4d83aca61ce174efdd7e,283210a75fb21c8620470ef8c63e4fa6a1ed2144,持卡人消费,学苑楼商务网关,-8.8,128.85,6633,正常
2016/06/01 14:23:09,35e7a8bdd4121fbba2be4d83aca61ce174efdd7e,283210a75fb21c8620470ef8c63e4fa6a1ed2144,持卡人消费,超市商务子系统,-7.0,121.85,6634,正常
2016/06/02 11:28:38,35e7a8bdd4121fbba2be4d83aca61ce174efdd7e,283210a75fb21c8620470ef8c63e4fa6a1ed2144,持卡人消费,学士楼商务网关,-13.5,108.35,6635,正常
2016/06/03 20:15:20,35e7a8bdd4121fbba2be4d83aca61ce174efdd7e,283210a75fb21c8620470ef8c63e4fa6a1ed2144,持卡人消费,15公寓浴池,-0.3,108.05,6637,正常
2016/06/03 20:17:59,35e7a8bdd4121fbba2be4d83aca61ce174efdd7e,283210a75fb21c8620470ef8c63e4fa6a1ed2144,持卡人消费,15公寓浴池,-0.21,107.84,6639,正常
2016/06/03 20:28:35,35e7a8bdd4121fbba2be4d83aca61ce174efdd7e,283210a75fb21c8620470ef8c63e4fa6a1ed2144,持卡人消费,15公寓浴池,-1.86,105.98,6641,正常
2016/06/03 20:31:41,35e7a8bdd4121fbba2be4d83aca61ce174efdd7e,283210a75fb21c8620470ef8c63e4fa6a1ed2144,持卡人消费,15公寓浴池,-0.37,105.61,6643,正常
2016/06/03 20:34:16,35e7a8bdd4121fbba2be4d83aca61ce174efdd7e,283210a75fb21c8620470ef8c63e4fa6a1ed2144,持卡人消费,15公寓浴池,-0.11,105.50,6645,正常
2016/06/04 10:35:03,35e7a8bdd4121fbba2be4d83aca61ce174efdd7e,283210a75fb21c8620470ef8c63e4fa6a1ed2144,持卡人消费,学士楼商务网关,-3.4,102.10,6646,正常
2016/06/04 10:51:40,35e7a8bdd4121fbba2be4d83aca61ce174efdd7e,283210a75fb21c8620470ef8c63e4fa6a1ed2144,持卡人消费,超市商务子系统,-7.0,95.10,6647,正常
2016/06/04 17:52:06,35e7a8bdd4121fbba2be4d83aca61ce174efdd7e,283210a75fb21c8620470ef8c63e4fa6a1ed2144,持卡人消费,学苑楼商务网关,-7.0,88.10,6648,正常
2016/06/04 18:15:28,35e7a8bdd4121fbba2be4d83aca61ce174efdd7e,283210a75fb21c8620470ef8c63e4fa6a1ed2144,持卡人消费,学苑楼商务网关,-5.0,83.10,6649,正常
2016/06/05 11:22:59,35e7a8bdd4121fbba2be4d83aca61ce174efdd7e,283210a75fb21c8620470ef8c63e4fa6a1ed2144,持卡人消费,学苑楼商务网关,-8.0,75.10,6650,正常
2016/06/05 17:28:13,35e7a8bdd4121fbba2be4d83aca61ce174efdd7e,283210a75fb21c8620470ef8c63e4fa6a1ed2144,持卡人消费,学士楼商务网关,-8.3,66.80,6651,正常
2016/06/05 20:12:25,35e7a8bdd4121fbba2be4d83aca61ce174efdd7e,283210a75fb21c8620470ef8c63e4fa6a1ed2144,持卡人消费,15公寓浴池,-0.72,66.08,6653,正常
2016/06/05 20:13:37,35e7a8bdd4121fbba2be4d83aca61ce174efdd7e,283210a75fb21c8620470ef8c63e4fa6a1ed2144,持卡人消费,15公寓浴池,-0.03,66.05,6655,正常
2016/06/05 20:14:51,35e7a8bdd4121fbba2be4d83aca61ce174efdd7e,283210a75fb21c8620470ef8c63e4fa6a1ed2144,持卡人消费,15公寓浴池,-0.05,66.00,6657,正常
2016/06/05 20:26:56,35e7a8bdd4121fbba2be4d83aca61ce174efdd7e,283210a75fb21c8620470ef8c63e4fa6a1ed2144,持卡人消费,15公寓浴池,-2.0,64.00,6658,正常
2016/06/05 20:27:22,35e7a8bdd4121fbba2be4d83aca61ce174efdd7e,283210a75fb21c8620470ef8c63e4fa6a1ed2144,持卡人消费,15公寓浴池,-0.06,63.94,6660,正常
2016/06/06 11:05:18,35e7a8bdd4121fbba2be4d83aca61ce174efdd7e,283210a75fb21c8620470ef8c63e4fa6a1ed2144,持卡人消费,学苑楼商务网关,-7.5,56.44,6661,正常
2016/06/06 17:22:47,35e7a8bdd4121fbba2be4d83aca61ce174efdd7e,283210a75fb21c8620470ef8c63e4fa6a1ed2144,持卡人消费,学士楼商务网关,-4.0,52.44,6662,正常
2016/06/06 17:48:20,35e7a8bdd4121fbba2be4d83aca61ce174efdd7e,283210a75fb21c8620470ef8c63e4fa6a1ed2144,持卡人消费,超市商务子系统,-4.8,47.64,6663,正常
2016/06/07 12:28:22,35e7a8bdd4121fbba2be4d83aca61ce174efdd7e,283210a75fb21c8620470ef8c63e4fa6a1ed2144,持卡人消费,学苑楼商务网关,-6.0,41.64,6664,正常
2016/06/07 12:30:43,35e7a8bdd4121fbba2be4d83aca61ce174efdd7e,283210a75fb21c8620470ef8c63e4fa6a1ed2144,持卡人消费,学苑楼商务网关,-0.8,40.84,6665,正常
2016/06/07 12:46:41,35e7a8bdd4121fbba2be4d83aca61ce174efdd7e,283210a75fb21c8620470ef8c63e4fa6a1ed2144,存款,卡中心综合业务,200.0,240.84,6666,正常
2016/06/07 12:55:32,35e7a8bdd4121fbba2be4d83aca61ce174efdd7e,283210a75fb21c8620470ef8c63e4fa6a1ed2144,持卡人消费,超市商务子系统,-10.6,230.24,6667,正常
2016/06/07 15:26:42,35e7a8bdd4121fbba2be4d83aca61ce174efdd7e,283210a75fb21c8620470ef8c63e4fa6a1ed2144,持卡人消费,超市商务子系统,-7.0,223.24,6668,正常
2016/06/08 10:32:02,35e7a8bdd4121fbba2be4d83aca61ce174efdd7e,283210a75fb21c8620470ef8c63e4fa6a1ed2144,持卡人消费,超市商务子系统,-8.5,214.74,6669,正常
2016/06/08 10:35:36,35e7a8bdd4121fbba2be4d83aca61ce174efdd7e,283210a75fb21c8620470ef8c63e4fa6a1ed2144,持卡人消费,学苑楼商务网关,-7.0,207.74,6670,正常
2016/06/08 18:01:01,35e7a8bdd4121fbba2be4d83aca61ce174efdd7e,283210a75fb21c8620470ef8c63e4fa6a1ed2144,持卡人消费,超市商务子系统,-3.5,204.24,6671,正常
2016/06/08 20:13:58,35e7a8bdd4121fbba2be4d83aca61ce174efdd7e,283210a75fb21c8620470ef8c63e4fa6a1ed2144,持卡人消费,15公寓浴池,-0.35,203.89,6673,正常
2016/06/08 20:16:55,35e7a8bdd4121fbba2be4d83aca61ce174efdd7e,283210a75fb21c8620470ef8c63e4fa6a1ed2144,持卡人消费,15公寓浴池,-0.19,203.70,6675,正常
2016/06/08 20:18:16,35e7a8bdd4121fbba2be4d83aca61ce174efdd7e,283210a75fb21c8620470ef8c63e4fa6a1ed2144,持卡人消费,15公寓浴池,-0.03,203.67,6677,正常
2016/06/08 20:29:34,35e7a8bdd4121fbba2be4d83aca61ce174efdd7e,283210a75fb21c8620470ef8c63e4fa6a1ed2144,持卡人消费,15公寓浴池,-2.0,201.67,6678,正常
2016/06/08 20:30:54,35e7a8bdd4121fbba2be4d83aca61ce174efdd7e,283210a75fb21c8620470ef8c63e4fa6a1ed2144,持卡人消费,15公寓浴池,-0.22,201.45,6680,正常
2016/06/09 12:08:58,35e7a8bdd4121fbba2be4d83aca61ce174efdd7e,283210a75fb21c8620470ef8c63e4fa6a1ed2144,持卡人消费,超市商务子系统,-7.0,194.45,6681,正常
2016/06/09 12:49:29,35e7a8bdd4121fbba2be4d83aca61ce174efdd7e,283210a75fb21c8620470ef8c63e4fa6a1ed2144,持卡人消费,网络中心,-30.0,164.45,6682,正常
2016/06/10 11:39:47,35e7a8bdd4121fbba2be4d83aca61ce174efdd7e,283210a75fb21c8620470ef8c63e4fa6a1ed2144,持卡人消费,学苑楼商务网关,-9.0,155.45,6683,正常
2016/06/10 17:55:01,35e7a8bdd4121fbba2be4d83aca61ce174efdd7e,283210a75fb21c8620470ef8c63e4fa6a1ed2144,持卡人消费,硕果园（工大商店）,-6.0,149.45,6684,正常
2016/06/10 17:58:41,35e7a8bdd4121fbba2be4d83aca61ce174efdd7e,283210a75fb21c8620470ef8c63e4fa6a1ed2144,持卡人消费,硕果园（工大商店）,-3.0,146.45,6685,正常
2016/06/10 21:38:18,35e7a8bdd4121fbba2be4d83aca61ce174efdd7e,283210a75fb21c8620470ef8c63e4fa6a1ed2144,持卡人消费,超市商务子系统,-12.0,134.45,6686,正常
2016/06/10 21:39:18,35e7a8bdd4121fbba2be4d83aca61ce174efdd7e,283210a75fb21c8620470ef8c63e4fa6a1ed2144,持卡人消费,超市商务子系统,-10.5,123.95,6687,正常
2016/06/11 11:27:04,35e7a8bdd4121fbba2be4d83aca61ce174efdd7e,283210a75fb21c8620470ef8c63e4fa6a1ed2144,持卡人消费,学士楼商务网关,-3.9,120.05,6688,正常
2016/06/11 17:28:41,35e7a8bdd4121fbba2be4d83aca61ce174efdd7e,283210a75fb21c8620470ef8c63e4fa6a1ed2144,持卡人消费,15公寓浴池,-0.21,119.84,6690,正常
2016/06/11 17:31:31,35e7a8bdd4121fbba2be4d83aca61ce174efdd7e,283210a75fb21c8620470ef8c63e4fa6a1ed2144,持卡人消费,15公寓浴池,-0.18,119.66,6692,正常
2016/06/11 17:36:51,35e7a8bdd4121fbba2be4d83aca61ce174efdd7e,283210a75fb21c8620470ef8c63e4fa6a1ed2144,持卡人消费,15公寓浴池,-0.78,118.88,6694,正常
2016/06/11 17:40:51,35e7a8bdd4121fbba2be4d83aca61ce174efdd7e,283210a75fb21c8620470ef8c63e4fa6a1ed2144,持卡人消费,15公寓浴池,-0.54,118.34,6696,正常
2016/06/11 17:41:53,35e7a8bdd4121fbba2be4d83aca61ce174efdd7e,283210a75fb21c8620470ef8c63e4fa6a1ed2144,持卡人消费,15公寓浴池,-0.08,118.26,6698,正常
2016/06/11 17:46:04,35e7a8bdd4121fbba2be4d83aca61ce174efdd7e,283210a75fb21c8620470ef8c63e4fa6a1ed2144,持卡人消费,15公寓浴池,-0.74,117.52,6700,正常
2016/06/11 17:46:25,35e7a8bdd4121fbba2be4d83aca61ce174efdd7e,283210a75fb21c8620470ef8c63e4fa6a1ed2144,持卡人消费,15公寓浴池,-0.03,117.49,6702,正常
2016/06/12 11:13:05,35e7a8bdd4121fbba2be4d83aca61ce174efdd7e,283210a75fb21c8620470ef8c63e4fa6a1ed2144,持卡人消费,学苑楼商务网关,-7.0,110.49,6703,正常
2016/06/12 11:38:20,35e7a8bdd4121fbba2be4d83aca61ce174efdd7e,283210a75fb21c8620470ef8c63e4fa6a1ed2144,持卡人消费,超市商务子系统,-2.5,107.99,6704,正常
2016/06/12 18:08:15,35e7a8bdd4121fbba2be4d83aca61ce174efdd7e,283210a75fb21c8620470ef8c63e4fa6a1ed2144,持卡人消费,学士楼商务网关,-3.4,104.59,6705,正常
2016/06/12 18:26:45,35e7a8bdd4121fbba2be4d83aca61ce174efdd7e,283210a75fb21c8620470ef8c63e4fa6a1ed2144,持卡人消费,超市商务子系统,-10.5,94.09,6706,正常
2016/06/13 11:52:53,35e7a8bdd4121fbba2be4d83aca61ce174efdd7e,283210a75fb21c8620470ef8c63e4fa6a1ed2144,持卡人消费,学士楼商务网关,-6.0,88.09,6707,正常
2016/06/14 10:30:00,35e7a8bdd4121fbba2be4d83aca61ce174efdd7e,283210a75fb21c8620470ef8c63e4fa6a1ed2144,持卡人消费,硕果园（工大商店）,-13.0,75.09,6708,正常
2016/06/14 13:57:17,35e7a8bdd4121fbba2be4d83aca61ce174efdd7e,283210a75fb21c8620470ef8c63e4fa6a1ed2144,持卡人消费,硕果园（工大商店）,-4.0,71.09,6709,正常
2016/06/14 18:15:45,35e7a8bdd4121fbba2be4d83aca61ce174efdd7e,283210a75fb21c8620470ef8c63e4fa6a1ed2144,持卡人消费,学士楼商务网关,-2.0,69.09,6710,正常
2016/06/14 18:17:00,35e7a8bdd4121fbba2be4d83aca61ce174efdd7e,283210a75fb21c8620470ef8c63e4fa6a1ed2144,持卡人消费,学士楼商务网关,-3.5,65.59,6711,正常
2016/06/14 18:35:06,35e7a8bdd4121fbba2be4d83aca61ce174efdd7e,283210a75fb21c8620470ef8c63e4fa6a1ed2144,持卡人消费,超市商务子系统,-7.7,57.89,6712,正常
2016/06/15 12:42:16,35e7a8bdd4121fbba2be4d83aca61ce174efdd7e,283210a75fb21c8620470ef8c63e4fa6a1ed2144,持卡人消费,学士楼商务网关,-3.8,54.09,6713,正常
2016/06/15 12:42:51,35e7a8bdd4121fbba2be4d83aca61ce174efdd7e,283210a75fb21c8620470ef8c63e4fa6a1ed2144,持卡人消费,学士楼商务网关,-3.0,51.09,6714,正常
2016/06/15 20:09:03,35e7a8bdd4121fbba2be4d83aca61ce174efdd7e,283210a75fb21c8620470ef8c63e4fa6a1ed2144,持卡人消费,15公寓浴池,-0.27,50.82,6716,正常
2016/06/15 20:11:39,35e7a8bdd4121fbba2be4d83aca61ce174efdd7e,283210a75fb21c8620470ef8c63e4fa6a1ed2144,持卡人消费,15公寓浴池,-0.21,50.61,6718,正常
2016/06/15 20:18:51,35e7a8bdd4121fbba2be4d83aca61ce174efdd7e,283210a75fb21c8620470ef8c63e4fa6a1ed2144,持卡人消费,15公寓浴池,-1.09,49.52,6720,正常
2016/06/15 20:19:45,35e7a8bdd4121fbba2be4d83aca61ce174efdd7e,283210a75fb21c8620470ef8c63e4fa6a1ed2144,持卡人消费,15公寓浴池,-0.02,49.50,6722,正常
2016/06/15 20:25:47,35e7a8bdd4121fbba2be4d83aca61ce174efdd7e,283210a75fb21c8620470ef8c63e4fa6a1ed2144,持卡人消费,15公寓浴池,-1.07,48.43,6724,正常
2016/06/16 12:12:07,35e7a8bdd4121fbba2be4d83aca61ce174efdd7e,283210a75fb21c8620470ef8c63e4fa6a1ed2144,持卡人消费,学苑楼商务网关,-8.8,39.63,6725,正常
2016/06/16 19:00:31,35e7a8bdd4121fbba2be4d83aca61ce174efdd7e,283210a75fb21c8620470ef8c63e4fa6a1ed2144,持卡人消费,超市商务子系统,-10.5,29.13,6726,正常
2016/06/17 11:41:49,35e7a8bdd4121fbba2be4d83aca61ce174efdd7e,283210a75fb21c8620470ef8c63e4fa6a1ed2144,持卡人消费,学士楼商务网关,-8.0,21.13,6727,正常
2016/06/17 12:11:28,35e7a8bdd4121fbba2be4d83aca61ce174efdd7e,283210a75fb21c8620470ef8c63e4fa6a1ed2144,存款,学苑楼综合业务2,200.0,221.13,6728,正常
2016/06/17 17:17:13,35e7a8bdd4121fbba2be4d83aca61ce174efdd7e,283210a75fb21c8620470ef8c63e4fa6a1ed2144,持卡人消费,学苑楼商务网关,-4.0,217.13,6729,正常
2016/06/17 17:17:23,35e7a8bdd4121fbba2be4d83aca61ce174efdd7e,283210a75fb21c8620470ef8c63e4fa6a1ed2144,持卡人消费,学苑楼商务网关,-1.5,215.63,6730,正常
2016/06/17 20:19:56,35e7a8bdd4121fbba2be4d83aca61ce174efdd7e,283210a75fb21c8620470ef8c63e4fa6a1ed2144,持卡人消费,15公寓浴池,-0.3,215.33,6732,正常
2016/06/17 20:22:05,35e7a8bdd4121fbba2be4d83aca61ce174efdd7e,283210a75fb21c8620470ef8c63e4fa6a1ed2144,持卡人消费,15公寓浴池,-0.14,215.19,6734,正常
2016/06/17 20:24:10,35e7a8bdd4121fbba2be4d83aca61ce174efdd7e,283210a75fb21c8620470ef8c63e4fa6a1ed2144,持卡人消费,15公寓浴池,-0.14,215.05,6736,正常
2016/06/17 20:25:14,35e7a8bdd4121fbba2be4d83aca61ce174efdd7e,283210a75fb21c8620470ef8c63e4fa6a1ed2144,持卡人消费,15公寓浴池,-0.06,214.99,6738,正常
2016/06/17 20:31:56,35e7a8bdd4121fbba2be4d83aca61ce174efdd7e,283210a75fb21c8620470ef8c63e4fa6a1ed2144,持卡人消费,15公寓浴池,-1.01,213.98,6740,正常
2016/06/18 11:13:48,35e7a8bdd4121fbba2be4d83aca61ce174efdd7e,283210a75fb21c8620470ef8c63e4fa6a1ed2144,持卡人消费,学苑楼商务网关,-7.5,206.48,6741,正常
2016/06/18 11:39:11,35e7a8bdd4121fbba2be4d83aca61ce174efdd7e,283210a75fb21c8620470ef8c63e4fa6a1ed2144,持卡人消费,超市商务子系统,-3.6,202.88,6742,正常
2016/06/19 10:59:46,35e7a8bdd4121fbba2be4d83aca61ce174efdd7e,283210a75fb21c8620470ef8c63e4fa6a1ed2144,持卡人消费,超市商务子系统,-5.9,196.98,6743,正常
2016/06/19 11:05:19,35e7a8bdd4121fbba2be4d83aca61ce174efdd7e,283210a75fb21c8620470ef8c63e4fa6a1ed2144,持卡人消费,超市商务子系统,-6.9,190.08,6744,正常
2016/06/19 11:12:30,35e7a8bdd4121fbba2be4d83aca61ce174efdd7e,283210a75fb21c8620470ef8c63e4fa6a1ed2144,持卡人消费,学士楼商务网关,-6.0,184.08,6745,正常
2016/06/20 07:04:59,35e7a8bdd4121fbba2be4d83aca61ce174efdd7e,283210a75fb21c8620470ef8c63e4fa6a1ed2144,持卡人消费,学士楼商务网关,-2.9,181.18,6746,正常
2016/06/20 13:43:04,35e7a8bdd4121fbba2be4d83aca61ce174efdd7e,283210a75fb21c8620470ef8c63e4fa6a1ed2144,持卡人消费,硕果园（工大商店）,-10.0,171.18,6747,正常
2016/06/20 14:06:11,35e7a8bdd4121fbba2be4d83aca61ce174efdd7e,283210a75fb21c8620470ef8c63e4fa6a1ed2144,持卡人消费,超市商务子系统,-16.6,154.58,6748,正常
2016/06/20 19:01:39,35e7a8bdd4121fbba2be4d83aca61ce174efdd7e,283210a75fb21c8620470ef8c63e4fa6a1ed2144,持卡人消费,15公寓浴池,-0.34,154.24,6750,正常
2016/06/20 19:02:12,35e7a8bdd4121fbba2be4d83aca61ce174efdd7e,283210a75fb21c8620470ef8c63e4fa6a1ed2144,持卡人消费,15公寓浴池,-0.03,154.21,6752,正常
2016/06/20 19:04:19,35e7a8bdd4121fbba2be4d83aca61ce174efdd7e,283210a75fb21c8620470ef8c63e4fa6a1ed2144,持卡人消费,15公寓浴池,-0.11,154.10,6754,正常
2016/06/20 19:06:00,35e7a8bdd4121fbba2be4d83aca61ce174efdd7e,283210a75fb21c8620470ef8c63e4fa6a1ed2144,持卡人消费,15公寓浴池,-0.14,153.96,6756,正常
2016/06/20 19:17:24,35e7a8bdd4121fbba2be4d83aca61ce174efdd7e,283210a75fb21c8620470ef8c63e4fa6a1ed2144,持卡人消费,15公寓浴池,-1.94,152.02,6758,正常
2016/06/21 08:21:13,35e7a8bdd4121fbba2be4d83aca61ce174efdd7e,283210a75fb21c8620470ef8c63e4fa6a1ed2144,持卡人消费,学士楼商务网关,-3.3,148.72,6759,正常
2016/06/22 11:26:24,35e7a8bdd4121fbba2be4d83aca61ce174efdd7e,283210a75fb21c8620470ef8c63e4fa6a1ed2144,持卡人消费,学士楼商务网关,-6.0,142.72,6760,正常
2016/06/22 20:22:42,35e7a8bdd4121fbba2be4d83aca61ce174efdd7e,283210a75fb21c8620470ef8c63e4fa6a1ed2144,持卡人消费,15公寓浴池,-0.29,142.43,6762,正常
2016/06/22 20:25:07,35e7a8bdd4121fbba2be4d83aca61ce174efdd7e,283210a75fb21c8620470ef8c63e4fa6a1ed2144,持卡人消费,15公寓浴池,-0.14,142.29,6764,正常
2016/06/22 20:29:10,35e7a8bdd4121fbba2be4d83aca61ce174efdd7e,283210a75fb21c8620470ef8c63e4fa6a1ed2144,持卡人消费,15公寓浴池,-0.61,141.68,6766,正常
2016/06/22 20:36:22,35e7a8bdd4121fbba2be4d83aca61ce174efdd7e,283210a75fb21c8620470ef8c63e4fa6a1ed2144,持卡人消费,15公寓浴池,-1.33,140.35,6768,正常
2016/06/23 09:30:07,35e7a8bdd4121fbba2be4d83aca61ce174efdd7e,283210a75fb21c8620470ef8c63e4fa6a1ed2144,持卡人消费,超市商务子系统,-9.3,131.05,6769,正常
2016/06/23 09:31:02,35e7a8bdd4121fbba2be4d83aca61ce174efdd7e,283210a75fb21c8620470ef8c63e4fa6a1ed2144,持卡人消费,超市商务子系统,-9.6,121.45,6770,正常
2016/06/23 11:28:38,35e7a8bdd4121fbba2be4d83aca61ce174efdd7e,283210a75fb21c8620470ef8c63e4fa6a1ed2144,持卡人消费,学苑楼商务网关,-7.5,113.95,6771,正常
2016/06/23 18:46:39,35e7a8bdd4121fbba2be4d83aca61ce174efdd7e,283210a75fb21c8620470ef8c63e4fa6a1ed2144,持卡人消费,学子超市园丁总店,-8.4,105.55,6772,正常
2016/06/24 12:24:43,35e7a8bdd4121fbba2be4d83aca61ce174efdd7e,283210a75fb21c8620470ef8c63e4fa6a1ed2144,持卡人消费,学苑楼商务网关,-7.0,106.95,6772,正常
2016/06/24 12:50:23,35e7a8bdd4121fbba2be4d83aca61ce174efdd7e,283210a75fb21c8620470ef8c63e4fa6a1ed2144,持卡人消费,超市商务子系统,-10.0,96.95,6773,正常
2016/06/25 07:49:19,35e7a8bdd4121fbba2be4d83aca61ce174efdd7e,283210a75fb21c8620470ef8c63e4fa6a1ed2144,持卡人消费,学士楼商务网关,-5.5,91.45,6774,正常
2016/06/25 20:14:53,35e7a8bdd4121fbba2be4d83aca61ce174efdd7e,283210a75fb21c8620470ef8c63e4fa6a1ed2144,持卡人消费,15公寓浴池,-0.42,91.03,6776,正常
2016/06/25 20:17:47,35e7a8bdd4121fbba2be4d83aca61ce174efdd7e,283210a75fb21c8620470ef8c63e4fa6a1ed2144,持卡人消费,15公寓浴池,-0.18,90.85,6778,正常
2016/06/25 20:20:07,35e7a8bdd4121fbba2be4d83aca61ce174efdd7e,283210a75fb21c8620470ef8c63e4fa6a1ed2144,持卡人消费,15公寓浴池,-0.1,90.75,6780,正常
2016/06/25 20:20:19,35e7a8bdd4121fbba2be4d83aca61ce174efdd7e,283210a75fb21c8620470ef8c63e4fa6a1ed2144,持卡人消费,15公寓浴池,-0.02,90.73,6782,正常
2016/06/25 20:26:40,35e7a8bdd4121fbba2be4d83aca61ce174efdd7e,283210a75fb21c8620470ef8c63e4fa6a1ed2144,持卡人消费,15公寓浴池,-0.93,89.80,6784,正常
2016/06/25 20:30:05,35e7a8bdd4121fbba2be4d83aca61ce174efdd7e,283210a75fb21c8620470ef8c63e4fa6a1ed2144,持卡人消费,15公寓浴池,-0.56,89.24,6786,正常
2016/06/25 20:32:02,35e7a8bdd4121fbba2be4d83aca61ce174efdd7e,283210a75fb21c8620470ef8c63e4fa6a1ed2144,持卡人消费,15公寓浴池,-0.19,89.05,6788,正常
2016/06/25 20:48:52,35e7a8bdd4121fbba2be4d83aca61ce174efdd7e,283210a75fb21c8620470ef8c63e4fa6a1ed2144,持卡人消费,学子超市园丁总店,-5.9,83.15,6789,正常
2016/06/26 09:23:46,35e7a8bdd4121fbba2be4d83aca61ce174efdd7e,283210a75fb21c8620470ef8c63e4fa6a1ed2144,持卡人消费,超市商务子系统,-7.0,76.15,6790,正常
2016/06/26 12:25:25,35e7a8bdd4121fbba2be4d83aca61ce174efdd7e,283210a75fb21c8620470ef8c63e4fa6a1ed2144,持卡人消费,学苑楼商务网关,-7.0,69.15,6791,正常
2016/06/26 12:49:58,35e7a8bdd4121fbba2be4d83aca61ce174efdd7e,283210a75fb21c8620470ef8c63e4fa6a1ed2144,持卡人消费,硕果园（工大商店）,-4.3,64.85,6792,正常
2016/06/27 07:50:49,35e7a8bdd4121fbba2be4d83aca61ce174efdd7e,283210a75fb21c8620470ef8c63e4fa6a1ed2144,持卡人消费,学士楼商务网关,-1.6,63.25,6793,正常
2016/06/27 12:40:40,35e7a8bdd4121fbba2be4d83aca61ce174efdd7e,283210a75fb21c8620470ef8c63e4fa6a1ed2144,持卡人消费,硕果园（工大商店）,-11.0,52.25,6794,正常
2016/06/27 16:55:14,35e7a8bdd4121fbba2be4d83aca61ce174efdd7e,283210a75fb21c8620470ef8c63e4fa6a1ed2144,持卡人消费,15公寓浴池,-0.27,51.98,6796,正常
2016/06/27 16:57:09,35e7a8bdd4121fbba2be4d83aca61ce174efdd7e,283210a75fb21c8620470ef8c63e4fa6a1ed2144,持卡人消费,15公寓浴池,-0.13,51.85,6798,正常
2016/06/27 16:59:29,35e7a8bdd4121fbba2be4d83aca61ce174efdd7e,283210a75fb21c8620470ef8c63e4fa6a1ed2144,持卡人消费,15公寓浴池,-0.24,51.61,6800,正常
2016/06/27 17:07:03,35e7a8bdd4121fbba2be4d83aca61ce174efdd7e,283210a75fb21c8620470ef8c63e4fa6a1ed2144,持卡人消费,15公寓浴池,-1.17,50.44,6802,正常
2016/06/27 17:08:17,35e7a8bdd4121fbba2be4d83aca61ce174efdd7e,283210a75fb21c8620470ef8c63e4fa6a1ed2144,持卡人消费,15公寓浴池,-0.1,50.34,6804,正常
2016/06/27 17:14:13,35e7a8bdd4121fbba2be4d83aca61ce174efdd7e,283210a75fb21c8620470ef8c63e4fa6a1ed2144,持卡人消费,15公寓浴池,-1.04,49.30,6806,正常
2016/06/29 12:26:36,35e7a8bdd4121fbba2be4d83aca61ce174efdd7e,283210a75fb21c8620470ef8c63e4fa6a1ed2144,持卡人消费,学苑楼商务网关,-7.5,33.40,6808,正常
2016/06/29 12:27:50,35e7a8bdd4121fbba2be4d83aca61ce174efdd7e,283210a75fb21c8620470ef8c63e4fa6a1ed2144,持卡人消费,学苑楼商务网关,-3.0,30.40,6809,正常
2016/06/29 13:53:13,35e7a8bdd4121fbba2be4d83aca61ce174efdd7e,283210a75fb21c8620470ef8c63e4fa6a1ed2144,持卡人消费,15公寓浴池,-0.22,30.18,6811,正常
2016/06/29 13:57:10,35e7a8bdd4121fbba2be4d83aca61ce174efdd7e,283210a75fb21c8620470ef8c63e4fa6a1ed2144,持卡人消费,15公寓浴池,-0.61,29.57,6813,正常
2016/06/29 13:58:38,35e7a8bdd4121fbba2be4d83aca61ce174efdd7e,283210a75fb21c8620470ef8c63e4fa6a1ed2144,持卡人消费,15公寓浴池,-0.22,29.35,6815,正常
2016/06/30 15:18:15,35e7a8bdd4121fbba2be4d83aca61ce174efdd7e,283210a75fb21c8620470ef8c63e4fa6a1ed2144,持卡人消费,超市商务子系统,-7.0,22.35,6816,正常
2016/06/30 20:27:17,35e7a8bdd4121fbba2be4d83aca61ce174efdd7e,283210a75fb21c8620470ef8c63e4fa6a1ed2144,持卡人消费,15公寓浴池,-0.32,22.03,6818,正常
2016/06/30 20:29:56,35e7a8bdd4121fbba2be4d83aca61ce174efdd7e,283210a75fb21c8620470ef8c63e4fa6a1ed2144,持卡人消费,15公寓浴池,-0.21,21.82,6820,正常
2016/06/30 20:34:37,35e7a8bdd4121fbba2be4d83aca61ce174efdd7e,283210a75fb21c8620470ef8c63e4fa6a1ed2144,持卡人消费,15公寓浴池,-0.64,21.18,6822,正常
2016/06/30 20:36:03,35e7a8bdd4121fbba2be4d83aca61ce174efdd7e,283210a75fb21c8620470ef8c63e4fa6a1ed2144,持卡人消费,15公寓浴池,-0.1,21.08,6824,正常
2016/06/30 20:42:31,35e7a8bdd4121fbba2be4d83aca61ce174efdd7e,283210a75fb21c8620470ef8c63e4fa6a1ed2144,持卡人消费,15公寓浴池,-1.04,20.04,6826,正常
