交易发生时间,学号,姓名,交易类型,子系统名称,交易额,现有余额,次数,状态
2016/06/02 18:08:07,dce9fb5f1679fb6e40ca402ac75a1e1c6102b5d7,28ab8914865bd8f06edfddf094de20dbde405d98,持卡人消费,超市商务子系统,-0.3,2.47,4954,正常
2016/06/02 20:17:54,dce9fb5f1679fb6e40ca402ac75a1e1c6102b5d7,28ab8914865bd8f06edfddf094de20dbde405d98,持卡人消费,15公寓浴池,-1.17,1.30,4956,正常
2016/06/07 13:45:09,dce9fb5f1679fb6e40ca402ac75a1e1c6102b5d7,28ab8914865bd8f06edfddf094de20dbde405d98,持卡人消费,超市商务子系统,-0.9,0.40,4957,正常
2016/06/10 12:11:23,dce9fb5f1679fb6e40ca402ac75a1e1c6102b5d7,28ab8914865bd8f06edfddf094de20dbde405d98,存款,现金充值机,40.0,40.40,4958,正常
2016/06/10 13:49:16,dce9fb5f1679fb6e40ca402ac75a1e1c6102b5d7,28ab8914865bd8f06edfddf094de20dbde405d98,持卡人消费,15公寓浴池,-2.0,38.40,4959,正常
2016/06/10 13:55:29,dce9fb5f1679fb6e40ca402ac75a1e1c6102b5d7,28ab8914865bd8f06edfddf094de20dbde405d98,持卡人消费,15公寓浴池,-1.15,37.25,4961,正常
2016/06/11 08:10:54,dce9fb5f1679fb6e40ca402ac75a1e1c6102b5d7,28ab8914865bd8f06edfddf094de20dbde405d98,持卡人消费,超市商务子系统,-4.0,33.25,4962,正常
2016/06/11 19:03:16,dce9fb5f1679fb6e40ca402ac75a1e1c6102b5d7,28ab8914865bd8f06edfddf094de20dbde405d98,持卡人消费,15公寓浴池,-2.0,31.25,4963,正常
2016/06/11 19:06:27,dce9fb5f1679fb6e40ca402ac75a1e1c6102b5d7,28ab8914865bd8f06edfddf094de20dbde405d98,持卡人消费,15公寓浴池,-0.56,30.69,4965,正常
2016/06/11 19:21:18,dce9fb5f1679fb6e40ca402ac75a1e1c6102b5d7,28ab8914865bd8f06edfddf094de20dbde405d98,持卡人消费,学子超市园丁总店,-9.7,20.99,4966,正常
2016/06/14 15:12:56,dce9fb5f1679fb6e40ca402ac75a1e1c6102b5d7,28ab8914865bd8f06edfddf094de20dbde405d98,持卡人消费,一区图书馆APOS,-9.5,11.49,4967,正常
2016/06/15 12:52:24,dce9fb5f1679fb6e40ca402ac75a1e1c6102b5d7,28ab8914865bd8f06edfddf094de20dbde405d98,存款,现金充值机,100.0,111.49,4968,正常
2016/06/15 13:18:31,dce9fb5f1679fb6e40ca402ac75a1e1c6102b5d7,28ab8914865bd8f06edfddf094de20dbde405d98,持卡人消费,超市商务子系统,-2.8,108.69,4969,正常
2016/06/15 13:21:06,dce9fb5f1679fb6e40ca402ac75a1e1c6102b5d7,28ab8914865bd8f06edfddf094de20dbde405d98,持卡人消费,超市商务子系统,-2.0,106.69,4970,正常
2016/06/15 19:25:34,dce9fb5f1679fb6e40ca402ac75a1e1c6102b5d7,28ab8914865bd8f06edfddf094de20dbde405d98,持卡人消费,游泳馆,-6.0,100.69,4971,正常
2016/06/16 08:36:14,dce9fb5f1679fb6e40ca402ac75a1e1c6102b5d7,28ab8914865bd8f06edfddf094de20dbde405d98,持卡人消费,超市商务子系统,-3.0,97.69,4972,正常
2016/06/17 08:36:35,dce9fb5f1679fb6e40ca402ac75a1e1c6102b5d7,28ab8914865bd8f06edfddf094de20dbde405d98,持卡人消费,超市商务子系统,-4.5,93.19,4973,正常
2016/06/17 16:46:04,dce9fb5f1679fb6e40ca402ac75a1e1c6102b5d7,28ab8914865bd8f06edfddf094de20dbde405d98,持卡人消费,超市商务子系统,-13.0,80.19,4974,正常
2016/06/17 16:48:37,dce9fb5f1679fb6e40ca402ac75a1e1c6102b5d7,28ab8914865bd8f06edfddf094de20dbde405d98,持卡人消费,超市商务子系统,-6.5,73.69,4975,正常
2016/06/17 20:16:52,dce9fb5f1679fb6e40ca402ac75a1e1c6102b5d7,28ab8914865bd8f06edfddf094de20dbde405d98,持卡人消费,学子超市园丁总店,-0.8,72.89,4976,正常
2016/06/18 11:57:57,dce9fb5f1679fb6e40ca402ac75a1e1c6102b5d7,28ab8914865bd8f06edfddf094de20dbde405d98,持卡人消费,学苑楼商务网关,-6.0,66.89,4977,正常
2016/06/18 11:58:06,dce9fb5f1679fb6e40ca402ac75a1e1c6102b5d7,28ab8914865bd8f06edfddf094de20dbde405d98,持卡人消费,学苑楼商务网关,-3.0,63.89,4978,正常
2016/06/18 11:59:35,dce9fb5f1679fb6e40ca402ac75a1e1c6102b5d7,28ab8914865bd8f06edfddf094de20dbde405d98,持卡人消费,学苑楼商务网关,-1.0,62.89,4979,正常
2016/06/19 11:45:32,dce9fb5f1679fb6e40ca402ac75a1e1c6102b5d7,28ab8914865bd8f06edfddf094de20dbde405d98,持卡人消费,学士楼商务网关,-11.5,51.39,4980,正常
2016/06/19 19:55:56,dce9fb5f1679fb6e40ca402ac75a1e1c6102b5d7,28ab8914865bd8f06edfddf094de20dbde405d98,持卡人消费,A15,-2.3,49.09,4981,正常
2016/06/20 19:06:12,dce9fb5f1679fb6e40ca402ac75a1e1c6102b5d7,28ab8914865bd8f06edfddf094de20dbde405d98,持卡人消费,15公寓浴池,-2.0,47.09,4982,正常
2016/06/20 19:15:37,dce9fb5f1679fb6e40ca402ac75a1e1c6102b5d7,28ab8914865bd8f06edfddf094de20dbde405d98,持卡人消费,15公寓浴池,-1.5,45.59,4984,正常
2016/06/21 08:23:28,dce9fb5f1679fb6e40ca402ac75a1e1c6102b5d7,28ab8914865bd8f06edfddf094de20dbde405d98,持卡人消费,超市商务子系统,-3.5,42.09,4985,正常
2016/06/21 11:30:29,dce9fb5f1679fb6e40ca402ac75a1e1c6102b5d7,28ab8914865bd8f06edfddf094de20dbde405d98,持卡人消费,学苑楼商务网关,-6.0,36.09,4986,正常
2016/06/21 11:32:17,dce9fb5f1679fb6e40ca402ac75a1e1c6102b5d7,28ab8914865bd8f06edfddf094de20dbde405d98,持卡人消费,学苑楼商务网关,-5.2,30.89,4987,正常
2016/06/21 16:00:28,dce9fb5f1679fb6e40ca402ac75a1e1c6102b5d7,28ab8914865bd8f06edfddf094de20dbde405d98,持卡人消费,超市商务子系统,-13.7,17.19,4988,正常
2016/06/21 16:02:36,dce9fb5f1679fb6e40ca402ac75a1e1c6102b5d7,28ab8914865bd8f06edfddf094de20dbde405d98,持卡人消费,超市商务子系统,-5.6,11.59,4989,正常
2016/06/23 11:16:58,dce9fb5f1679fb6e40ca402ac75a1e1c6102b5d7,28ab8914865bd8f06edfddf094de20dbde405d98,存款,学苑楼综合业务3,50.0,61.59,4990,正常
2016/06/23 11:19:10,dce9fb5f1679fb6e40ca402ac75a1e1c6102b5d7,28ab8914865bd8f06edfddf094de20dbde405d98,持卡人消费,学苑楼商务网关,-8.0,53.59,4991,正常
2016/06/23 11:20:18,dce9fb5f1679fb6e40ca402ac75a1e1c6102b5d7,28ab8914865bd8f06edfddf094de20dbde405d98,持卡人消费,学苑楼商务网关,-1.0,52.59,4992,正常
2016/06/23 11:38:02,dce9fb5f1679fb6e40ca402ac75a1e1c6102b5d7,28ab8914865bd8f06edfddf094de20dbde405d98,持卡人消费,学苑楼商务网关,-14.0,38.59,4993,正常
2016/06/25 19:00:17,dce9fb5f1679fb6e40ca402ac75a1e1c6102b5d7,28ab8914865bd8f06edfddf094de20dbde405d98,持卡人消费,15公寓浴池,-2.0,36.59,4994,正常
2016/06/25 19:03:50,dce9fb5f1679fb6e40ca402ac75a1e1c6102b5d7,28ab8914865bd8f06edfddf094de20dbde405d98,持卡人消费,15公寓浴池,-0.64,35.95,4996,正常
2016/06/25 19:05:14,dce9fb5f1679fb6e40ca402ac75a1e1c6102b5d7,28ab8914865bd8f06edfddf094de20dbde405d98,持卡人消费,15公寓浴池,-0.18,35.77,4998,正常
2016/06/25 19:18:12,dce9fb5f1679fb6e40ca402ac75a1e1c6102b5d7,28ab8914865bd8f06edfddf094de20dbde405d98,持卡人消费,学子超市园丁总店,-1.8,33.97,4999,正常
2016/06/26 08:11:31,dce9fb5f1679fb6e40ca402ac75a1e1c6102b5d7,28ab8914865bd8f06edfddf094de20dbde405d98,持卡人消费,超市商务子系统,-3.5,30.47,5000,正常
2016/06/27 07:23:47,dce9fb5f1679fb6e40ca402ac75a1e1c6102b5d7,28ab8914865bd8f06edfddf094de20dbde405d98,持卡人消费,学士楼商务网关,-4.0,26.47,5001,正常
2016/06/27 10:15:22,dce9fb5f1679fb6e40ca402ac75a1e1c6102b5d7,28ab8914865bd8f06edfddf094de20dbde405d98,持卡人消费,硕果园（工大商店）,-13.0,13.47,5002,正常
2016/06/27 16:13:40,dce9fb5f1679fb6e40ca402ac75a1e1c6102b5d7,28ab8914865bd8f06edfddf094de20dbde405d98,持卡人消费,15公寓浴池,-2.0,11.47,5003,正常
2016/06/28 09:05:25,dce9fb5f1679fb6e40ca402ac75a1e1c6102b5d7,28ab8914865bd8f06edfddf094de20dbde405d98,持卡人消费,超市商务子系统,-3.0,8.47,5004,正常
2016/06/28 09:06:47,dce9fb5f1679fb6e40ca402ac75a1e1c6102b5d7,28ab8914865bd8f06edfddf094de20dbde405d98,持卡人消费,超市商务子系统,-2.0,6.47,5005,正常
2016/06/29 20:33:50,dce9fb5f1679fb6e40ca402ac75a1e1c6102b5d7,28ab8914865bd8f06edfddf094de20dbde405d98,持卡人消费,15公寓浴池,-1.3,5.17,5007,正常
