交易发生时间,学号,姓名,交易类型,子系统名称,交易额,现有余额,次数,状态
2016/06/01 11:48:51,d86382105bce1e2de1588930e18fd36ad72a90f2,29dcb3804eedcedfbc26b1c594b48972615b4ccc,持卡人消费,学士楼商务网关,-3.5,34.69,5599,正常
2016/06/01 15:00:15,d86382105bce1e2de1588930e18fd36ad72a90f2,29dcb3804eedcedfbc26b1c594b48972615b4ccc,持卡人消费,15公寓浴池,-0.03,34.66,5601,正常
2016/06/01 15:01:40,d86382105bce1e2de1588930e18fd36ad72a90f2,29dcb3804eedcedfbc26b1c594b48972615b4ccc,持卡人消费,15公寓浴池,-0.24,34.42,5603,正常
2016/06/01 15:06:27,d86382105bce1e2de1588930e18fd36ad72a90f2,29dcb3804eedcedfbc26b1c594b48972615b4ccc,持卡人消费,15公寓浴池,-0.4,34.02,5605,正常
2016/06/01 15:08:26,d86382105bce1e2de1588930e18fd36ad72a90f2,29dcb3804eedcedfbc26b1c594b48972615b4ccc,持卡人消费,15公寓浴池,-0.02,34.00,5607,正常
2016/06/01 15:09:05,d86382105bce1e2de1588930e18fd36ad72a90f2,29dcb3804eedcedfbc26b1c594b48972615b4ccc,持卡人消费,15公寓浴池,-0.11,33.89,5609,正常
2016/06/01 15:15:12,d86382105bce1e2de1588930e18fd36ad72a90f2,29dcb3804eedcedfbc26b1c594b48972615b4ccc,持卡人消费,15公寓浴池,-0.61,33.28,5611,正常
2016/06/02 12:15:19,d86382105bce1e2de1588930e18fd36ad72a90f2,29dcb3804eedcedfbc26b1c594b48972615b4ccc,持卡人消费,学士楼商务网关,-3.3,29.98,5612,正常
2016/06/03 10:44:18,d86382105bce1e2de1588930e18fd36ad72a90f2,29dcb3804eedcedfbc26b1c594b48972615b4ccc,持卡人消费,学士楼商务网关,-3.5,26.48,5613,正常
2016/06/08 11:24:13,d86382105bce1e2de1588930e18fd36ad72a90f2,29dcb3804eedcedfbc26b1c594b48972615b4ccc,持卡人消费,学士楼商务网关,-3.1,23.38,5614,正常
2016/06/08 11:24:15,d86382105bce1e2de1588930e18fd36ad72a90f2,29dcb3804eedcedfbc26b1c594b48972615b4ccc,持卡人消费,学士楼商务网关,-0.1,23.28,5615,正常
2016/06/08 11:24:17,d86382105bce1e2de1588930e18fd36ad72a90f2,29dcb3804eedcedfbc26b1c594b48972615b4ccc,持卡人消费,学士楼商务网关,-0.1,23.18,5616,正常
2016/06/08 14:21:38,d86382105bce1e2de1588930e18fd36ad72a90f2,29dcb3804eedcedfbc26b1c594b48972615b4ccc,持卡人消费,15公寓浴池,-0.53,22.65,5618,正常
2016/06/08 14:24:33,d86382105bce1e2de1588930e18fd36ad72a90f2,29dcb3804eedcedfbc26b1c594b48972615b4ccc,持卡人消费,15公寓浴池,-0.24,22.41,5620,正常
2016/06/08 14:26:34,d86382105bce1e2de1588930e18fd36ad72a90f2,29dcb3804eedcedfbc26b1c594b48972615b4ccc,持卡人消费,15公寓浴池,-0.29,22.12,5622,正常
2016/06/08 14:29:13,d86382105bce1e2de1588930e18fd36ad72a90f2,29dcb3804eedcedfbc26b1c594b48972615b4ccc,持卡人消费,15公寓浴池,-0.06,22.06,5624,正常
2016/06/08 14:32:12,d86382105bce1e2de1588930e18fd36ad72a90f2,29dcb3804eedcedfbc26b1c594b48972615b4ccc,持卡人消费,15公寓浴池,-0.02,22.04,5626,正常
2016/06/08 14:32:53,d86382105bce1e2de1588930e18fd36ad72a90f2,29dcb3804eedcedfbc26b1c594b48972615b4ccc,持卡人消费,15公寓浴池,-0.11,21.93,5628,正常
2016/06/08 14:36:43,d86382105bce1e2de1588930e18fd36ad72a90f2,29dcb3804eedcedfbc26b1c594b48972615b4ccc,持卡人消费,15公寓浴池,-0.43,21.50,5630,正常
2016/06/08 14:45:43,d86382105bce1e2de1588930e18fd36ad72a90f2,29dcb3804eedcedfbc26b1c594b48972615b4ccc,持卡人消费,A15,-2.3,19.20,5631,正常
2016/06/08 18:18:40,d86382105bce1e2de1588930e18fd36ad72a90f2,29dcb3804eedcedfbc26b1c594b48972615b4ccc,持卡人消费,学子超市园丁总店,-6.4,12.80,5632,正常
2016/06/09 18:44:51,d86382105bce1e2de1588930e18fd36ad72a90f2,29dcb3804eedcedfbc26b1c594b48972615b4ccc,持卡人消费,学士楼商务网关,-3.1,9.70,5633,正常
2016/06/10 20:23:27,d86382105bce1e2de1588930e18fd36ad72a90f2,29dcb3804eedcedfbc26b1c594b48972615b4ccc,持卡人消费,15公寓浴池,-0.21,9.49,5635,正常
2016/06/10 20:28:02,d86382105bce1e2de1588930e18fd36ad72a90f2,29dcb3804eedcedfbc26b1c594b48972615b4ccc,持卡人消费,15公寓浴池,-0.5,8.99,5637,正常
2016/06/10 20:32:57,d86382105bce1e2de1588930e18fd36ad72a90f2,29dcb3804eedcedfbc26b1c594b48972615b4ccc,持卡人消费,15公寓浴池,-0.11,8.88,5639,正常
2016/06/10 20:38:29,d86382105bce1e2de1588930e18fd36ad72a90f2,29dcb3804eedcedfbc26b1c594b48972615b4ccc,持卡人消费,15公寓浴池,-0.32,8.56,5641,正常
2016/06/11 11:31:21,d86382105bce1e2de1588930e18fd36ad72a90f2,29dcb3804eedcedfbc26b1c594b48972615b4ccc,持卡人消费,学士楼商务网关,-4.0,4.56,5642,正常
2016/06/11 11:31:32,d86382105bce1e2de1588930e18fd36ad72a90f2,29dcb3804eedcedfbc26b1c594b48972615b4ccc,持卡人消费,学士楼商务网关,-0.1,4.46,5643,正常
2016/06/11 17:01:45,d86382105bce1e2de1588930e18fd36ad72a90f2,29dcb3804eedcedfbc26b1c594b48972615b4ccc,存款,现金充值机,100.0,104.46,5644,正常
2016/06/11 17:43:17,d86382105bce1e2de1588930e18fd36ad72a90f2,29dcb3804eedcedfbc26b1c594b48972615b4ccc,持卡人消费,超市商务子系统,-7.9,96.56,5645,正常
2016/06/12 11:31:14,d86382105bce1e2de1588930e18fd36ad72a90f2,29dcb3804eedcedfbc26b1c594b48972615b4ccc,持卡人消费,学士楼商务网关,-4.1,92.46,5646,正常
2016/06/12 16:12:46,d86382105bce1e2de1588930e18fd36ad72a90f2,29dcb3804eedcedfbc26b1c594b48972615b4ccc,持卡人消费,15公寓浴池,-0.13,92.33,5648,正常
2016/06/12 16:17:14,d86382105bce1e2de1588930e18fd36ad72a90f2,29dcb3804eedcedfbc26b1c594b48972615b4ccc,持卡人消费,15公寓浴池,-0.34,91.99,5650,正常
2016/06/12 16:20:07,d86382105bce1e2de1588930e18fd36ad72a90f2,29dcb3804eedcedfbc26b1c594b48972615b4ccc,持卡人消费,15公寓浴池,-0.1,91.89,5652,正常
2016/06/12 16:25:18,d86382105bce1e2de1588930e18fd36ad72a90f2,29dcb3804eedcedfbc26b1c594b48972615b4ccc,持卡人消费,15公寓浴池,-0.53,91.36,5654,正常
2016/06/14 14:13:43,d86382105bce1e2de1588930e18fd36ad72a90f2,29dcb3804eedcedfbc26b1c594b48972615b4ccc,持卡人消费,15公寓浴池,-0.14,91.22,5656,正常
2016/06/14 14:14:48,d86382105bce1e2de1588930e18fd36ad72a90f2,29dcb3804eedcedfbc26b1c594b48972615b4ccc,持卡人消费,15公寓浴池,-0.19,91.03,5658,正常
2016/06/14 14:18:08,d86382105bce1e2de1588930e18fd36ad72a90f2,29dcb3804eedcedfbc26b1c594b48972615b4ccc,持卡人消费,15公寓浴池,-0.27,90.76,5660,正常
2016/06/14 14:19:53,d86382105bce1e2de1588930e18fd36ad72a90f2,29dcb3804eedcedfbc26b1c594b48972615b4ccc,持卡人消费,15公寓浴池,-0.26,90.50,5662,正常
2016/06/14 14:24:06,d86382105bce1e2de1588930e18fd36ad72a90f2,29dcb3804eedcedfbc26b1c594b48972615b4ccc,持卡人消费,15公寓浴池,-0.37,90.13,5664,正常
2016/06/14 14:27:19,d86382105bce1e2de1588930e18fd36ad72a90f2,29dcb3804eedcedfbc26b1c594b48972615b4ccc,持卡人消费,15公寓浴池,-0.42,89.71,5666,正常
2016/06/14 18:10:13,d86382105bce1e2de1588930e18fd36ad72a90f2,29dcb3804eedcedfbc26b1c594b48972615b4ccc,持卡人消费,学士楼商务网关,-3.1,86.61,5667,正常
2016/06/14 18:20:57,d86382105bce1e2de1588930e18fd36ad72a90f2,29dcb3804eedcedfbc26b1c594b48972615b4ccc,持卡人消费,学子超市园丁总店,-5.5,81.11,5668,正常
2016/06/15 08:44:59,d86382105bce1e2de1588930e18fd36ad72a90f2,29dcb3804eedcedfbc26b1c594b48972615b4ccc,持卡人消费,硕果园（工大商店）,-5.0,76.11,5669,正常
2016/06/15 16:19:39,d86382105bce1e2de1588930e18fd36ad72a90f2,29dcb3804eedcedfbc26b1c594b48972615b4ccc,持卡人消费,15公寓浴池,-0.11,76.00,5671,正常
2016/06/15 16:22:52,d86382105bce1e2de1588930e18fd36ad72a90f2,29dcb3804eedcedfbc26b1c594b48972615b4ccc,持卡人消费,15公寓浴池,-0.3,75.70,5673,正常
2016/06/15 16:24:43,d86382105bce1e2de1588930e18fd36ad72a90f2,29dcb3804eedcedfbc26b1c594b48972615b4ccc,持卡人消费,15公寓浴池,-0.08,75.62,5675,正常
2016/06/15 16:30:07,d86382105bce1e2de1588930e18fd36ad72a90f2,29dcb3804eedcedfbc26b1c594b48972615b4ccc,持卡人消费,15公寓浴池,-0.45,75.17,5677,正常
2016/06/16 11:29:43,d86382105bce1e2de1588930e18fd36ad72a90f2,29dcb3804eedcedfbc26b1c594b48972615b4ccc,持卡人消费,学士楼商务网关,-3.1,72.07,5678,正常
2016/06/16 11:38:36,d86382105bce1e2de1588930e18fd36ad72a90f2,29dcb3804eedcedfbc26b1c594b48972615b4ccc,持卡人消费,A15,-2.3,69.77,5679,正常
2016/06/17 19:54:50,d86382105bce1e2de1588930e18fd36ad72a90f2,29dcb3804eedcedfbc26b1c594b48972615b4ccc,持卡人消费,15公寓浴池,-0.18,69.59,5681,正常
2016/06/17 19:58:21,d86382105bce1e2de1588930e18fd36ad72a90f2,29dcb3804eedcedfbc26b1c594b48972615b4ccc,持卡人消费,15公寓浴池,-0.38,69.21,5683,正常
2016/06/17 20:02:13,d86382105bce1e2de1588930e18fd36ad72a90f2,29dcb3804eedcedfbc26b1c594b48972615b4ccc,持卡人消费,15公寓浴池,-0.14,69.07,5685,正常
2016/06/17 20:07:32,d86382105bce1e2de1588930e18fd36ad72a90f2,29dcb3804eedcedfbc26b1c594b48972615b4ccc,持卡人消费,15公寓浴池,-0.43,68.64,5687,正常
2016/06/18 09:34:06,d86382105bce1e2de1588930e18fd36ad72a90f2,29dcb3804eedcedfbc26b1c594b48972615b4ccc,持卡人消费,A15,-2.3,66.34,5688,正常
2016/06/18 14:43:21,d86382105bce1e2de1588930e18fd36ad72a90f2,29dcb3804eedcedfbc26b1c594b48972615b4ccc,持卡人消费,15公寓浴池,-0.03,66.31,5690,正常
2016/06/18 14:44:43,d86382105bce1e2de1588930e18fd36ad72a90f2,29dcb3804eedcedfbc26b1c594b48972615b4ccc,持卡人消费,15公寓浴池,-0.24,66.07,5692,正常
2016/06/18 14:47:44,d86382105bce1e2de1588930e18fd36ad72a90f2,29dcb3804eedcedfbc26b1c594b48972615b4ccc,持卡人消费,15公寓浴池,-0.27,65.80,5694,正常
2016/06/18 14:49:34,d86382105bce1e2de1588930e18fd36ad72a90f2,29dcb3804eedcedfbc26b1c594b48972615b4ccc,持卡人消费,15公寓浴池,-0.24,65.56,5696,正常
2016/06/18 14:51:44,d86382105bce1e2de1588930e18fd36ad72a90f2,29dcb3804eedcedfbc26b1c594b48972615b4ccc,持卡人消费,15公寓浴池,-0.08,65.48,5698,正常
2016/06/18 14:55:15,d86382105bce1e2de1588930e18fd36ad72a90f2,29dcb3804eedcedfbc26b1c594b48972615b4ccc,持卡人消费,15公寓浴池,-0.37,65.11,5700,正常
2016/06/19 11:38:35,d86382105bce1e2de1588930e18fd36ad72a90f2,29dcb3804eedcedfbc26b1c594b48972615b4ccc,持卡人消费,学士楼商务网关,-3.3,61.81,5701,正常
2016/06/19 15:52:11,d86382105bce1e2de1588930e18fd36ad72a90f2,29dcb3804eedcedfbc26b1c594b48972615b4ccc,持卡人消费,15公寓浴池,-0.18,61.63,5703,正常
2016/06/19 15:54:54,d86382105bce1e2de1588930e18fd36ad72a90f2,29dcb3804eedcedfbc26b1c594b48972615b4ccc,持卡人消费,15公寓浴池,-0.21,61.42,5705,正常
2016/06/19 15:57:42,d86382105bce1e2de1588930e18fd36ad72a90f2,29dcb3804eedcedfbc26b1c594b48972615b4ccc,持卡人消费,15公寓浴池,-0.11,61.31,5707,正常
2016/06/19 16:00:31,d86382105bce1e2de1588930e18fd36ad72a90f2,29dcb3804eedcedfbc26b1c594b48972615b4ccc,持卡人消费,15公寓浴池,-0.34,60.97,5709,正常
2016/06/21 12:06:05,d86382105bce1e2de1588930e18fd36ad72a90f2,29dcb3804eedcedfbc26b1c594b48972615b4ccc,持卡人消费,A15,-2.3,58.67,5710,正常
2016/06/21 16:17:06,d86382105bce1e2de1588930e18fd36ad72a90f2,29dcb3804eedcedfbc26b1c594b48972615b4ccc,持卡人消费,15公寓浴池,-0.19,58.48,5712,正常
2016/06/21 16:20:14,d86382105bce1e2de1588930e18fd36ad72a90f2,29dcb3804eedcedfbc26b1c594b48972615b4ccc,持卡人消费,15公寓浴池,-0.24,58.24,5714,正常
2016/06/21 16:22:02,d86382105bce1e2de1588930e18fd36ad72a90f2,29dcb3804eedcedfbc26b1c594b48972615b4ccc,持卡人消费,15公寓浴池,-0.06,58.18,5716,正常
2016/06/21 16:25:14,d86382105bce1e2de1588930e18fd36ad72a90f2,29dcb3804eedcedfbc26b1c594b48972615b4ccc,持卡人消费,15公寓浴池,-0.4,57.78,5718,正常
2016/06/21 20:16:12,d86382105bce1e2de1588930e18fd36ad72a90f2,29dcb3804eedcedfbc26b1c594b48972615b4ccc,持卡人消费,超市商务子系统,-0.4,57.38,5719,正常
2016/06/21 20:33:34,d86382105bce1e2de1588930e18fd36ad72a90f2,29dcb3804eedcedfbc26b1c594b48972615b4ccc,持卡人消费,网络中心,-30.0,27.38,5720,正常
2016/06/22 11:30:05,d86382105bce1e2de1588930e18fd36ad72a90f2,29dcb3804eedcedfbc26b1c594b48972615b4ccc,持卡人消费,学士楼商务网关,-6.0,21.38,5721,正常
2016/06/22 20:14:53,d86382105bce1e2de1588930e18fd36ad72a90f2,29dcb3804eedcedfbc26b1c594b48972615b4ccc,持卡人消费,15公寓浴池,-0.18,21.20,5723,正常
2016/06/22 20:17:27,d86382105bce1e2de1588930e18fd36ad72a90f2,29dcb3804eedcedfbc26b1c594b48972615b4ccc,持卡人消费,15公寓浴池,-0.22,20.98,5725,正常
2016/06/22 20:19:16,d86382105bce1e2de1588930e18fd36ad72a90f2,29dcb3804eedcedfbc26b1c594b48972615b4ccc,持卡人消费,15公寓浴池,-0.05,20.93,5727,正常
2016/06/22 20:21:56,d86382105bce1e2de1588930e18fd36ad72a90f2,29dcb3804eedcedfbc26b1c594b48972615b4ccc,持卡人消费,15公寓浴池,-0.32,20.61,5729,正常
2016/06/23 12:45:24,d86382105bce1e2de1588930e18fd36ad72a90f2,29dcb3804eedcedfbc26b1c594b48972615b4ccc,持卡人消费,超市商务子系统,-2.0,18.61,5730,正常
2016/06/24 09:29:39,d86382105bce1e2de1588930e18fd36ad72a90f2,29dcb3804eedcedfbc26b1c594b48972615b4ccc,持卡人消费,超市商务子系统,-2.0,16.61,5731,正常
2016/06/24 14:03:27,d86382105bce1e2de1588930e18fd36ad72a90f2,29dcb3804eedcedfbc26b1c594b48972615b4ccc,持卡人消费,15公寓浴池,-0.13,16.48,5733,正常
2016/06/24 14:05:53,d86382105bce1e2de1588930e18fd36ad72a90f2,29dcb3804eedcedfbc26b1c594b48972615b4ccc,持卡人消费,15公寓浴池,-0.19,16.29,5735,正常
2016/06/24 14:08:03,d86382105bce1e2de1588930e18fd36ad72a90f2,29dcb3804eedcedfbc26b1c594b48972615b4ccc,持卡人消费,15公寓浴池,-0.3,15.99,5737,正常
2016/06/24 14:10:00,d86382105bce1e2de1588930e18fd36ad72a90f2,29dcb3804eedcedfbc26b1c594b48972615b4ccc,持卡人消费,15公寓浴池,-0.08,15.91,5739,正常
2016/06/24 14:14:21,d86382105bce1e2de1588930e18fd36ad72a90f2,29dcb3804eedcedfbc26b1c594b48972615b4ccc,持卡人消费,15公寓浴池,-0.48,15.43,5741,正常
2016/06/26 13:44:37,d86382105bce1e2de1588930e18fd36ad72a90f2,29dcb3804eedcedfbc26b1c594b48972615b4ccc,持卡人消费,15公寓浴池,-0.22,15.21,5743,正常
2016/06/26 13:47:58,d86382105bce1e2de1588930e18fd36ad72a90f2,29dcb3804eedcedfbc26b1c594b48972615b4ccc,持卡人消费,15公寓浴池,-0.34,14.87,5745,正常
2016/06/26 13:50:09,d86382105bce1e2de1588930e18fd36ad72a90f2,29dcb3804eedcedfbc26b1c594b48972615b4ccc,持卡人消费,15公寓浴池,-0.32,14.55,5747,正常
2016/06/26 13:52:53,d86382105bce1e2de1588930e18fd36ad72a90f2,29dcb3804eedcedfbc26b1c594b48972615b4ccc,持卡人消费,15公寓浴池,-0.18,14.37,5749,正常
2016/06/26 13:57:43,d86382105bce1e2de1588930e18fd36ad72a90f2,29dcb3804eedcedfbc26b1c594b48972615b4ccc,持卡人消费,15公寓浴池,-0.5,13.87,5751,正常
2016/06/27 16:30:13,d86382105bce1e2de1588930e18fd36ad72a90f2,29dcb3804eedcedfbc26b1c594b48972615b4ccc,持卡人消费,15公寓浴池,-0.03,13.84,5753,正常
2016/06/27 16:31:35,d86382105bce1e2de1588930e18fd36ad72a90f2,29dcb3804eedcedfbc26b1c594b48972615b4ccc,持卡人消费,15公寓浴池,-0.26,13.58,5755,正常
2016/06/27 16:34:49,d86382105bce1e2de1588930e18fd36ad72a90f2,29dcb3804eedcedfbc26b1c594b48972615b4ccc,持卡人消费,15公寓浴池,-0.3,13.28,5757,正常
2016/06/27 16:36:41,d86382105bce1e2de1588930e18fd36ad72a90f2,29dcb3804eedcedfbc26b1c594b48972615b4ccc,持卡人消费,15公寓浴池,-0.08,13.20,5759,正常
2016/06/27 16:39:57,d86382105bce1e2de1588930e18fd36ad72a90f2,29dcb3804eedcedfbc26b1c594b48972615b4ccc,持卡人消费,15公寓浴池,-0.38,12.82,5761,正常
2016/06/29 14:10:59,d86382105bce1e2de1588930e18fd36ad72a90f2,29dcb3804eedcedfbc26b1c594b48972615b4ccc,持卡人消费,15公寓浴池,-0.18,12.64,5763,正常
2016/06/29 14:13:45,d86382105bce1e2de1588930e18fd36ad72a90f2,29dcb3804eedcedfbc26b1c594b48972615b4ccc,持卡人消费,15公寓浴池,-0.26,12.38,5765,正常
2016/06/29 14:15:46,d86382105bce1e2de1588930e18fd36ad72a90f2,29dcb3804eedcedfbc26b1c594b48972615b4ccc,持卡人消费,15公寓浴池,-0.08,12.30,5767,正常
2016/06/29 14:19:07,d86382105bce1e2de1588930e18fd36ad72a90f2,29dcb3804eedcedfbc26b1c594b48972615b4ccc,持卡人消费,15公寓浴池,-0.32,11.98,5769,正常
