交易发生时间,学号,姓名,交易类型,子系统名称,交易额,现有余额,次数,状态
2016/06/01 18:32:39,e7fa87fbb3b593983128c134d9cfec8c3b2ee502,29fee87280f8630fd4246cd98d053c2a5ad193ad,持卡人消费,学士楼商务网关,-5.1,21.13,5041,正常
2016/06/01 18:33:53,e7fa87fbb3b593983128c134d9cfec8c3b2ee502,29fee87280f8630fd4246cd98d053c2a5ad193ad,持卡人消费,学士楼商务网关,-2.0,19.13,5042,正常
2016/06/02 08:02:07,e7fa87fbb3b593983128c134d9cfec8c3b2ee502,29fee87280f8630fd4246cd98d053c2a5ad193ad,持卡人消费,学士楼商务网关,-3.1,16.03,5043,正常
2016/06/02 08:03:09,e7fa87fbb3b593983128c134d9cfec8c3b2ee502,29fee87280f8630fd4246cd98d053c2a5ad193ad,持卡人消费,学士楼商务网关,-3.6,12.43,5044,正常
2016/06/02 11:45:53,e7fa87fbb3b593983128c134d9cfec8c3b2ee502,29fee87280f8630fd4246cd98d053c2a5ad193ad,存款,卡中心综合业务,100.0,112.43,5045,正常
2016/06/02 11:47:05,e7fa87fbb3b593983128c134d9cfec8c3b2ee502,29fee87280f8630fd4246cd98d053c2a5ad193ad,持卡人消费,学苑楼商务网关,-5.0,107.43,5046,正常
2016/06/02 11:49:08,e7fa87fbb3b593983128c134d9cfec8c3b2ee502,29fee87280f8630fd4246cd98d053c2a5ad193ad,持卡人消费,学苑楼商务网关,-6.0,101.43,5047,正常
2016/06/02 17:14:39,e7fa87fbb3b593983128c134d9cfec8c3b2ee502,29fee87280f8630fd4246cd98d053c2a5ad193ad,持卡人消费,学苑楼商务网关,-9.8,91.63,5048,正常
2016/06/02 17:31:11,e7fa87fbb3b593983128c134d9cfec8c3b2ee502,29fee87280f8630fd4246cd98d053c2a5ad193ad,持卡人消费,学苑楼商务网关,-2.0,89.63,5049,正常
2016/06/03 08:38:20,e7fa87fbb3b593983128c134d9cfec8c3b2ee502,29fee87280f8630fd4246cd98d053c2a5ad193ad,持卡人消费,学士楼商务网关,-3.5,86.13,5050,正常
2016/06/03 11:08:55,e7fa87fbb3b593983128c134d9cfec8c3b2ee502,29fee87280f8630fd4246cd98d053c2a5ad193ad,持卡人消费,学士楼商务网关,-2.0,84.13,5051,正常
2016/06/03 11:09:34,e7fa87fbb3b593983128c134d9cfec8c3b2ee502,29fee87280f8630fd4246cd98d053c2a5ad193ad,持卡人消费,学士楼商务网关,-4.0,80.13,5052,正常
2016/06/03 11:10:18,e7fa87fbb3b593983128c134d9cfec8c3b2ee502,29fee87280f8630fd4246cd98d053c2a5ad193ad,持卡人消费,学士楼商务网关,-1.0,79.13,5053,正常
2016/06/03 17:26:27,e7fa87fbb3b593983128c134d9cfec8c3b2ee502,29fee87280f8630fd4246cd98d053c2a5ad193ad,持卡人消费,学苑楼商务网关,-6.0,73.13,5054,正常
2016/06/04 08:26:11,e7fa87fbb3b593983128c134d9cfec8c3b2ee502,29fee87280f8630fd4246cd98d053c2a5ad193ad,持卡人消费,学士楼商务网关,-4.1,69.03,5055,正常
2016/06/04 17:14:23,e7fa87fbb3b593983128c134d9cfec8c3b2ee502,29fee87280f8630fd4246cd98d053c2a5ad193ad,持卡人消费,学苑楼商务网关,-6.0,63.03,5056,正常
2016/06/04 17:16:21,e7fa87fbb3b593983128c134d9cfec8c3b2ee502,29fee87280f8630fd4246cd98d053c2a5ad193ad,持卡人消费,学苑楼商务网关,-1.0,62.03,5057,正常
2016/06/04 19:30:41,e7fa87fbb3b593983128c134d9cfec8c3b2ee502,29fee87280f8630fd4246cd98d053c2a5ad193ad,持卡人消费,15公寓浴池,-1.95,60.08,5059,正常
2016/06/06 07:25:32,e7fa87fbb3b593983128c134d9cfec8c3b2ee502,29fee87280f8630fd4246cd98d053c2a5ad193ad,持卡人消费,学士楼商务网关,-3.1,56.98,5060,正常
2016/06/06 07:25:36,e7fa87fbb3b593983128c134d9cfec8c3b2ee502,29fee87280f8630fd4246cd98d053c2a5ad193ad,持卡人消费,学士楼商务网关,-3.6,53.38,5061,正常
2016/06/06 07:26:05,e7fa87fbb3b593983128c134d9cfec8c3b2ee502,29fee87280f8630fd4246cd98d053c2a5ad193ad,持卡人消费,学士楼商务网关,-3.1,50.28,5062,正常
2016/06/06 07:28:06,e7fa87fbb3b593983128c134d9cfec8c3b2ee502,29fee87280f8630fd4246cd98d053c2a5ad193ad,持卡人消费,学士楼商务网关,-3.6,46.68,5063,正常
2016/06/06 11:58:54,e7fa87fbb3b593983128c134d9cfec8c3b2ee502,29fee87280f8630fd4246cd98d053c2a5ad193ad,持卡人消费,学苑楼商务网关,-5.0,41.68,5064,正常
2016/06/06 17:53:47,e7fa87fbb3b593983128c134d9cfec8c3b2ee502,29fee87280f8630fd4246cd98d053c2a5ad193ad,持卡人消费,学士楼商务网关,-4.4,37.28,5065,正常
2016/06/06 17:54:56,e7fa87fbb3b593983128c134d9cfec8c3b2ee502,29fee87280f8630fd4246cd98d053c2a5ad193ad,持卡人消费,学士楼商务网关,-6.6,30.68,5066,正常
2016/06/08 08:11:14,e7fa87fbb3b593983128c134d9cfec8c3b2ee502,29fee87280f8630fd4246cd98d053c2a5ad193ad,持卡人消费,学士楼商务网关,-4.1,26.58,5067,正常
2016/06/08 08:11:31,e7fa87fbb3b593983128c134d9cfec8c3b2ee502,29fee87280f8630fd4246cd98d053c2a5ad193ad,持卡人消费,学士楼商务网关,-2.3,24.28,5068,正常
2016/06/08 08:11:40,e7fa87fbb3b593983128c134d9cfec8c3b2ee502,29fee87280f8630fd4246cd98d053c2a5ad193ad,持卡人消费,学士楼商务网关,-3.1,21.18,5069,正常
2016/06/08 16:37:29,e7fa87fbb3b593983128c134d9cfec8c3b2ee502,29fee87280f8630fd4246cd98d053c2a5ad193ad,持卡人消费,学士楼商务网关,-3.6,17.58,5070,正常
2016/06/08 16:38:04,e7fa87fbb3b593983128c134d9cfec8c3b2ee502,29fee87280f8630fd4246cd98d053c2a5ad193ad,持卡人消费,学士楼商务网关,-2.0,15.58,5071,正常
2016/06/09 08:13:19,e7fa87fbb3b593983128c134d9cfec8c3b2ee502,29fee87280f8630fd4246cd98d053c2a5ad193ad,持卡人消费,学士楼商务网关,-3.1,12.48,5072,正常
2016/06/09 08:13:36,e7fa87fbb3b593983128c134d9cfec8c3b2ee502,29fee87280f8630fd4246cd98d053c2a5ad193ad,持卡人消费,学士楼商务网关,-3.1,9.38,5073,正常
2016/06/09 08:15:03,e7fa87fbb3b593983128c134d9cfec8c3b2ee502,29fee87280f8630fd4246cd98d053c2a5ad193ad,持卡人消费,学士楼商务网关,-4.6,4.78,5074,正常
