交易发生时间,学号,姓名,交易类型,子系统名称,交易额,现有余额,次数,状态
2016/06/01 14:23:07,3c0e3d6deb3d367a6e240f25d6c24c73230a1829,2cb5e66336b3bb1af02e187b372a26730a9b36df,存款,卡中心综合业务,200.0,201.54,4944,正常
2016/06/01 17:14:15,3c0e3d6deb3d367a6e240f25d6c24c73230a1829,2cb5e66336b3bb1af02e187b372a26730a9b36df,持卡人消费,一校区水控新,-1.33,200.21,4946,正常
2016/06/01 17:24:28,3c0e3d6deb3d367a6e240f25d6c24c73230a1829,2cb5e66336b3bb1af02e187b372a26730a9b36df,持卡人消费,一校区水控新,-0.93,199.28,4948,正常
2016/06/01 17:28:40,3c0e3d6deb3d367a6e240f25d6c24c73230a1829,2cb5e66336b3bb1af02e187b372a26730a9b36df,持卡人消费,一校区水控新,-0.45,198.83,4950,正常
2016/06/01 17:31:24,3c0e3d6deb3d367a6e240f25d6c24c73230a1829,2cb5e66336b3bb1af02e187b372a26730a9b36df,持卡人消费,一校区水控新,-0.26,198.57,4952,正常
2016/06/02 11:23:51,3c0e3d6deb3d367a6e240f25d6c24c73230a1829,2cb5e66336b3bb1af02e187b372a26730a9b36df,持卡人消费,学士楼商务网关,-1.7,196.87,4953,正常
2016/06/02 13:44:35,3c0e3d6deb3d367a6e240f25d6c24c73230a1829,2cb5e66336b3bb1af02e187b372a26730a9b36df,持卡人消费,一校区水控新,-0.51,196.36,4954,正常
2016/06/02 13:48:31,3c0e3d6deb3d367a6e240f25d6c24c73230a1829,2cb5e66336b3bb1af02e187b372a26730a9b36df,持卡人消费,一校区水控新,-0.48,195.88,4955,正常
2016/06/02 13:54:19,3c0e3d6deb3d367a6e240f25d6c24c73230a1829,2cb5e66336b3bb1af02e187b372a26730a9b36df,持卡人消费,一校区水控新,-0.72,195.16,4956,正常
2016/06/02 13:54:57,3c0e3d6deb3d367a6e240f25d6c24c73230a1829,2cb5e66336b3bb1af02e187b372a26730a9b36df,持卡人消费,一校区水控新,-0.09,195.07,4957,正常
2016/06/03 12:16:04,3c0e3d6deb3d367a6e240f25d6c24c73230a1829,2cb5e66336b3bb1af02e187b372a26730a9b36df,持卡人消费,学苑楼商务网关,-8.0,187.07,4958,正常
2016/06/03 12:16:11,3c0e3d6deb3d367a6e240f25d6c24c73230a1829,2cb5e66336b3bb1af02e187b372a26730a9b36df,持卡人消费,学苑楼商务网关,-1.0,186.07,4959,正常
2016/06/03 18:18:18,3c0e3d6deb3d367a6e240f25d6c24c73230a1829,2cb5e66336b3bb1af02e187b372a26730a9b36df,持卡人消费,学苑楼商务网关,-3.5,182.57,4960,正常
2016/06/03 18:36:34,3c0e3d6deb3d367a6e240f25d6c24c73230a1829,2cb5e66336b3bb1af02e187b372a26730a9b36df,持卡人消费,硕果园（工大商店）,-20.0,162.57,4961,正常
2016/06/04 08:36:40,3c0e3d6deb3d367a6e240f25d6c24c73230a1829,2cb5e66336b3bb1af02e187b372a26730a9b36df,持卡人消费,硕果园（工大商店）,-8.0,154.57,4962,正常
2016/06/04 20:28:19,3c0e3d6deb3d367a6e240f25d6c24c73230a1829,2cb5e66336b3bb1af02e187b372a26730a9b36df,持卡人消费,一校区水控新,-0.8,153.77,4964,正常
2016/06/04 20:34:59,3c0e3d6deb3d367a6e240f25d6c24c73230a1829,2cb5e66336b3bb1af02e187b372a26730a9b36df,持卡人消费,一校区水控新,-0.5,151.27,4967,正常
2016/06/04 20:38:40,3c0e3d6deb3d367a6e240f25d6c24c73230a1829,2cb5e66336b3bb1af02e187b372a26730a9b36df,持卡人消费,一校区水控新,-1.41,151.86,4968,正常
2016/06/05 18:02:47,3c0e3d6deb3d367a6e240f25d6c24c73230a1829,2cb5e66336b3bb1af02e187b372a26730a9b36df,持卡人消费,学苑楼商务网关,-8.8,143.06,4969,正常
2016/06/05 18:03:56,3c0e3d6deb3d367a6e240f25d6c24c73230a1829,2cb5e66336b3bb1af02e187b372a26730a9b36df,持卡人消费,学苑楼商务网关,-3.5,139.56,4970,正常
2016/06/06 11:18:42,3c0e3d6deb3d367a6e240f25d6c24c73230a1829,2cb5e66336b3bb1af02e187b372a26730a9b36df,持卡人消费,学子楼商务网关,-3.6,135.96,4971,正常
2016/06/06 11:18:56,3c0e3d6deb3d367a6e240f25d6c24c73230a1829,2cb5e66336b3bb1af02e187b372a26730a9b36df,持卡人消费,学子楼商务网关,-5.4,130.56,4972,正常
2016/06/06 11:19:16,3c0e3d6deb3d367a6e240f25d6c24c73230a1829,2cb5e66336b3bb1af02e187b372a26730a9b36df,持卡人消费,学子楼商务网关,-4.0,126.56,4973,正常
2016/06/06 11:21:53,3c0e3d6deb3d367a6e240f25d6c24c73230a1829,2cb5e66336b3bb1af02e187b372a26730a9b36df,持卡人消费,学子楼商务网关,-4.0,122.56,4974,正常
2016/06/06 18:31:35,3c0e3d6deb3d367a6e240f25d6c24c73230a1829,2cb5e66336b3bb1af02e187b372a26730a9b36df,持卡人消费,学苑楼商务网关,-8.0,114.56,4975,正常
2016/06/06 18:31:47,3c0e3d6deb3d367a6e240f25d6c24c73230a1829,2cb5e66336b3bb1af02e187b372a26730a9b36df,持卡人消费,学苑楼商务网关,-8.0,106.56,4976,正常
2016/06/06 18:31:55,3c0e3d6deb3d367a6e240f25d6c24c73230a1829,2cb5e66336b3bb1af02e187b372a26730a9b36df,持卡人消费,学苑楼商务网关,-8.0,98.56,4977,正常
2016/06/07 12:17:07,3c0e3d6deb3d367a6e240f25d6c24c73230a1829,2cb5e66336b3bb1af02e187b372a26730a9b36df,持卡人消费,学苑楼商务网关,-3.5,95.06,4978,正常
2016/06/07 12:18:19,3c0e3d6deb3d367a6e240f25d6c24c73230a1829,2cb5e66336b3bb1af02e187b372a26730a9b36df,持卡人消费,学苑楼商务网关,-6.0,89.06,4979,正常
2016/06/07 12:36:41,3c0e3d6deb3d367a6e240f25d6c24c73230a1829,2cb5e66336b3bb1af02e187b372a26730a9b36df,持卡人消费,一区图书馆APOS,-12.3,76.76,4980,正常
2016/06/07 18:07:08,3c0e3d6deb3d367a6e240f25d6c24c73230a1829,2cb5e66336b3bb1af02e187b372a26730a9b36df,持卡人消费,学苑楼商务网关,-8.8,67.96,4981,正常
2016/06/08 08:47:46,3c0e3d6deb3d367a6e240f25d6c24c73230a1829,2cb5e66336b3bb1af02e187b372a26730a9b36df,持卡人消费,学士楼商务网关,-3.1,64.86,4982,正常
2016/06/08 19:46:17,3c0e3d6deb3d367a6e240f25d6c24c73230a1829,2cb5e66336b3bb1af02e187b372a26730a9b36df,持卡人消费,学士楼商务网关,-7.0,57.86,4983,正常
2016/06/08 19:54:06,3c0e3d6deb3d367a6e240f25d6c24c73230a1829,2cb5e66336b3bb1af02e187b372a26730a9b36df,持卡人消费,学士楼商务网关,-1.0,56.86,4984,正常
2016/06/10 09:37:20,3c0e3d6deb3d367a6e240f25d6c24c73230a1829,2cb5e66336b3bb1af02e187b372a26730a9b36df,持卡人消费,学士楼商务网关,-1.9,54.96,4985,正常
2016/06/10 13:33:58,3c0e3d6deb3d367a6e240f25d6c24c73230a1829,2cb5e66336b3bb1af02e187b372a26730a9b36df,持卡人消费,学士楼商务网关,-3.8,51.16,4986,正常
2016/06/10 13:34:59,3c0e3d6deb3d367a6e240f25d6c24c73230a1829,2cb5e66336b3bb1af02e187b372a26730a9b36df,持卡人消费,学士楼商务网关,-2.5,48.66,4987,正常
2016/06/10 13:49:29,3c0e3d6deb3d367a6e240f25d6c24c73230a1829,2cb5e66336b3bb1af02e187b372a26730a9b36df,持卡人消费,学士楼商务网关,-1.5,47.16,4988,正常
2016/06/11 08:24:06,3c0e3d6deb3d367a6e240f25d6c24c73230a1829,2cb5e66336b3bb1af02e187b372a26730a9b36df,持卡人消费,学士楼商务网关,-3.1,44.06,4989,正常
2016/06/11 12:02:53,3c0e3d6deb3d367a6e240f25d6c24c73230a1829,2cb5e66336b3bb1af02e187b372a26730a9b36df,持卡人消费,学士楼商务网关,-1.28,42.78,4990,正常
2016/06/11 12:05:36,3c0e3d6deb3d367a6e240f25d6c24c73230a1829,2cb5e66336b3bb1af02e187b372a26730a9b36df,持卡人消费,学士楼商务网关,-4.9,37.88,4991,正常
2016/06/11 20:19:49,3c0e3d6deb3d367a6e240f25d6c24c73230a1829,2cb5e66336b3bb1af02e187b372a26730a9b36df,持卡人消费,学士楼商务网关,-5.8,32.08,4992,正常
2016/06/11 20:21:00,3c0e3d6deb3d367a6e240f25d6c24c73230a1829,2cb5e66336b3bb1af02e187b372a26730a9b36df,持卡人消费,学士楼商务网关,-2.5,29.58,4993,正常
2016/06/11 20:21:16,3c0e3d6deb3d367a6e240f25d6c24c73230a1829,2cb5e66336b3bb1af02e187b372a26730a9b36df,持卡人消费,学士楼商务网关,-1.0,28.58,4994,正常
2016/06/11 20:35:43,3c0e3d6deb3d367a6e240f25d6c24c73230a1829,2cb5e66336b3bb1af02e187b372a26730a9b36df,持卡人消费,学士楼商务网关,-1.5,27.08,4995,正常
2016/06/12 08:37:21,3c0e3d6deb3d367a6e240f25d6c24c73230a1829,2cb5e66336b3bb1af02e187b372a26730a9b36df,持卡人消费,学士楼商务网关,-3.1,23.98,4996,正常
2016/06/13 08:47:56,3c0e3d6deb3d367a6e240f25d6c24c73230a1829,2cb5e66336b3bb1af02e187b372a26730a9b36df,持卡人消费,学士楼商务网关,-2.4,21.58,4997,正常
2016/06/15 09:09:26,3c0e3d6deb3d367a6e240f25d6c24c73230a1829,2cb5e66336b3bb1af02e187b372a26730a9b36df,持卡人消费,学士楼商务网关,-3.9,17.68,4998,正常
2016/06/16 09:19:12,3c0e3d6deb3d367a6e240f25d6c24c73230a1829,2cb5e66336b3bb1af02e187b372a26730a9b36df,持卡人消费,学士楼商务网关,-2.5,15.18,4999,正常
2016/06/16 09:19:52,3c0e3d6deb3d367a6e240f25d6c24c73230a1829,2cb5e66336b3bb1af02e187b372a26730a9b36df,持卡人消费,学士楼商务网关,-2.6,12.58,5000,正常
2016/06/16 09:26:23,3c0e3d6deb3d367a6e240f25d6c24c73230a1829,2cb5e66336b3bb1af02e187b372a26730a9b36df,持卡人消费,学士楼商务网关,-2.5,10.08,5001,正常
2016/06/16 12:58:56,3c0e3d6deb3d367a6e240f25d6c24c73230a1829,2cb5e66336b3bb1af02e187b372a26730a9b36df,持卡人消费,15公寓浴池,-0.85,9.23,5003,正常
2016/06/16 13:10:55,3c0e3d6deb3d367a6e240f25d6c24c73230a1829,2cb5e66336b3bb1af02e187b372a26730a9b36df,持卡人消费,15公寓浴池,-2.0,7.23,5004,正常
2016/06/16 13:15:21,3c0e3d6deb3d367a6e240f25d6c24c73230a1829,2cb5e66336b3bb1af02e187b372a26730a9b36df,持卡人消费,15公寓浴池,-0.74,6.49,5006,正常
2016/06/20 08:03:21,3c0e3d6deb3d367a6e240f25d6c24c73230a1829,2cb5e66336b3bb1af02e187b372a26730a9b36df,持卡人消费,学士楼商务网关,-3.4,3.09,5007,正常
2016/06/25 08:38:50,3c0e3d6deb3d367a6e240f25d6c24c73230a1829,2cb5e66336b3bb1af02e187b372a26730a9b36df,持卡人消费,学士楼商务网关,-1.9,1.19,5008,正常
