交易发生时间,学号,姓名,交易类型,子系统名称,交易额,现有余额,次数,状态
2016/06/07 08:14:53,7f204ef6f7498025e65efc2ae90b9bcd4974a248,2d1a5de817161190dc39b22651f312dd5387d54b,持卡人消费,学士楼商务网关,-3.0,41.69,5429,正常
2016/06/07 11:45:59,7f204ef6f7498025e65efc2ae90b9bcd4974a248,2d1a5de817161190dc39b22651f312dd5387d54b,持卡人消费,学苑楼商务网关,-4.6,37.09,5430,正常
2016/06/07 11:47:33,7f204ef6f7498025e65efc2ae90b9bcd4974a248,2d1a5de817161190dc39b22651f312dd5387d54b,持卡人消费,学苑楼商务网关,-5.0,32.09,5431,正常
2016/06/07 11:49:25,7f204ef6f7498025e65efc2ae90b9bcd4974a248,2d1a5de817161190dc39b22651f312dd5387d54b,持卡人消费,学苑楼商务网关,-3.5,28.59,5432,正常
2016/06/07 17:53:11,7f204ef6f7498025e65efc2ae90b9bcd4974a248,2d1a5de817161190dc39b22651f312dd5387d54b,持卡人消费,学士楼商务网关,-6.6,21.99,5433,正常
2016/06/07 17:54:42,7f204ef6f7498025e65efc2ae90b9bcd4974a248,2d1a5de817161190dc39b22651f312dd5387d54b,持卡人消费,学士楼商务网关,-12.0,9.99,5434,正常
2016/06/07 17:55:27,7f204ef6f7498025e65efc2ae90b9bcd4974a248,2d1a5de817161190dc39b22651f312dd5387d54b,持卡人消费,学士楼商务网关,-2.0,7.99,5435,正常
2016/06/07 18:03:09,7f204ef6f7498025e65efc2ae90b9bcd4974a248,2d1a5de817161190dc39b22651f312dd5387d54b,持卡人消费,学士楼商务网关,-0.6,7.39,5436,正常
2016/06/07 21:12:57,7f204ef6f7498025e65efc2ae90b9bcd4974a248,2d1a5de817161190dc39b22651f312dd5387d54b,持卡人消费,超市商务子系统,-3.8,3.59,5437,正常
2016/06/08 08:44:10,7f204ef6f7498025e65efc2ae90b9bcd4974a248,2d1a5de817161190dc39b22651f312dd5387d54b,持卡人消费,学士楼商务网关,-3.0,0.59,5438,正常
2016/06/08 08:40:25,7f204ef6f7498025e65efc2ae90b9bcd4974a248,2d1a5de817161190dc39b22651f312dd5387d54b,存款,现金充值机,200.0,200.59,5439,正常
2016/06/08 11:24:55,7f204ef6f7498025e65efc2ae90b9bcd4974a248,2d1a5de817161190dc39b22651f312dd5387d54b,持卡人消费,学苑楼商务网关,-23.0,177.59,5440,正常
2016/06/08 16:40:55,7f204ef6f7498025e65efc2ae90b9bcd4974a248,2d1a5de817161190dc39b22651f312dd5387d54b,持卡人消费,学子超市园丁总店,-4.5,173.09,5441,正常
2016/06/09 08:09:51,7f204ef6f7498025e65efc2ae90b9bcd4974a248,2d1a5de817161190dc39b22651f312dd5387d54b,持卡人消费,学士楼商务网关,-7.5,165.59,5442,正常
2016/06/09 11:31:55,7f204ef6f7498025e65efc2ae90b9bcd4974a248,2d1a5de817161190dc39b22651f312dd5387d54b,持卡人消费,学士楼商务网关,-4.0,161.59,5443,正常
2016/06/09 11:33:00,7f204ef6f7498025e65efc2ae90b9bcd4974a248,2d1a5de817161190dc39b22651f312dd5387d54b,持卡人消费,学士楼商务网关,-2.5,159.09,5444,正常
2016/06/09 11:33:59,7f204ef6f7498025e65efc2ae90b9bcd4974a248,2d1a5de817161190dc39b22651f312dd5387d54b,持卡人消费,学士楼商务网关,-1.0,158.09,5445,正常
2016/06/09 12:16:22,7f204ef6f7498025e65efc2ae90b9bcd4974a248,2d1a5de817161190dc39b22651f312dd5387d54b,持卡人消费,超市商务子系统,-26.1,131.99,5446,正常
2016/06/10 09:14:27,7f204ef6f7498025e65efc2ae90b9bcd4974a248,2d1a5de817161190dc39b22651f312dd5387d54b,持卡人消费,学士楼商务网关,-2.8,129.19,5447,正常
2016/06/10 12:00:22,7f204ef6f7498025e65efc2ae90b9bcd4974a248,2d1a5de817161190dc39b22651f312dd5387d54b,持卡人消费,学士楼商务网关,-2.0,127.19,5448,正常
2016/06/10 12:01:14,7f204ef6f7498025e65efc2ae90b9bcd4974a248,2d1a5de817161190dc39b22651f312dd5387d54b,持卡人消费,学士楼商务网关,-2.5,124.69,5449,正常
2016/06/10 12:36:07,7f204ef6f7498025e65efc2ae90b9bcd4974a248,2d1a5de817161190dc39b22651f312dd5387d54b,持卡人消费,超市商务子系统,-9.9,114.79,5450,正常
2016/06/10 17:36:43,7f204ef6f7498025e65efc2ae90b9bcd4974a248,2d1a5de817161190dc39b22651f312dd5387d54b,持卡人消费,学士楼商务网关,-2.37,112.42,5451,正常
2016/06/10 17:39:24,7f204ef6f7498025e65efc2ae90b9bcd4974a248,2d1a5de817161190dc39b22651f312dd5387d54b,持卡人消费,学士楼商务网关,-4.5,107.92,5452,正常
2016/06/10 17:40:48,7f204ef6f7498025e65efc2ae90b9bcd4974a248,2d1a5de817161190dc39b22651f312dd5387d54b,持卡人消费,学士楼商务网关,-5.0,102.92,5453,正常
2016/06/11 08:58:40,7f204ef6f7498025e65efc2ae90b9bcd4974a248,2d1a5de817161190dc39b22651f312dd5387d54b,持卡人消费,硕果园（工大商店）,-8.0,94.92,5454,正常
2016/06/11 11:53:44,7f204ef6f7498025e65efc2ae90b9bcd4974a248,2d1a5de817161190dc39b22651f312dd5387d54b,持卡人消费,学士楼商务网关,-7.8,87.12,5455,正常
2016/06/12 11:10:14,7f204ef6f7498025e65efc2ae90b9bcd4974a248,2d1a5de817161190dc39b22651f312dd5387d54b,持卡人消费,学子超市园丁总店,-0.8,86.32,5456,正常
2016/06/12 17:40:20,7f204ef6f7498025e65efc2ae90b9bcd4974a248,2d1a5de817161190dc39b22651f312dd5387d54b,持卡人消费,学士楼商务网关,-9.1,77.22,5457,正常
2016/06/12 18:14:47,7f204ef6f7498025e65efc2ae90b9bcd4974a248,2d1a5de817161190dc39b22651f312dd5387d54b,持卡人消费,硕果园（工大商店）,-3.9,73.32,5458,正常
2016/06/12 18:17:34,7f204ef6f7498025e65efc2ae90b9bcd4974a248,2d1a5de817161190dc39b22651f312dd5387d54b,持卡人消费,硕果园（工大商店）,-9.8,63.52,5459,正常
2016/06/13 11:37:46,7f204ef6f7498025e65efc2ae90b9bcd4974a248,2d1a5de817161190dc39b22651f312dd5387d54b,持卡人消费,学士楼商务网关,-8.1,55.42,5460,正常
2016/06/13 15:32:03,7f204ef6f7498025e65efc2ae90b9bcd4974a248,2d1a5de817161190dc39b22651f312dd5387d54b,持卡人消费,游泳馆,-6.0,49.42,5461,正常
2016/06/13 17:16:03,7f204ef6f7498025e65efc2ae90b9bcd4974a248,2d1a5de817161190dc39b22651f312dd5387d54b,持卡人消费,游泳馆,-10.0,39.42,5462,正常
2016/06/14 11:33:38,7f204ef6f7498025e65efc2ae90b9bcd4974a248,2d1a5de817161190dc39b22651f312dd5387d54b,持卡人消费,学苑楼商务网关,-7.0,32.42,5463,正常
2016/06/14 11:35:24,7f204ef6f7498025e65efc2ae90b9bcd4974a248,2d1a5de817161190dc39b22651f312dd5387d54b,持卡人消费,学苑楼商务网关,-1.0,31.42,5464,正常
2016/06/14 12:15:10,7f204ef6f7498025e65efc2ae90b9bcd4974a248,2d1a5de817161190dc39b22651f312dd5387d54b,持卡人消费,超市商务子系统,-10.1,21.32,5465,正常
2016/06/14 17:15:22,7f204ef6f7498025e65efc2ae90b9bcd4974a248,2d1a5de817161190dc39b22651f312dd5387d54b,持卡人消费,学苑楼商务网关,-8.0,13.32,5466,正常
2016/06/15 08:50:05,7f204ef6f7498025e65efc2ae90b9bcd4974a248,2d1a5de817161190dc39b22651f312dd5387d54b,持卡人消费,学士楼商务网关,-6.0,7.32,5467,正常
2016/06/15 08:50:19,7f204ef6f7498025e65efc2ae90b9bcd4974a248,2d1a5de817161190dc39b22651f312dd5387d54b,持卡人消费,学士楼商务网关,-2.8,4.52,5468,正常
2016/06/15 11:34:15,7f204ef6f7498025e65efc2ae90b9bcd4974a248,2d1a5de817161190dc39b22651f312dd5387d54b,存款,卡中心综合业务,100.0,104.52,5469,正常
2016/06/15 11:37:13,7f204ef6f7498025e65efc2ae90b9bcd4974a248,2d1a5de817161190dc39b22651f312dd5387d54b,持卡人消费,学苑楼商务网关,-4.0,100.52,5470,正常
2016/06/15 11:39:25,7f204ef6f7498025e65efc2ae90b9bcd4974a248,2d1a5de817161190dc39b22651f312dd5387d54b,持卡人消费,学苑楼商务网关,-1.0,99.52,5471,正常
2016/06/15 16:44:20,7f204ef6f7498025e65efc2ae90b9bcd4974a248,2d1a5de817161190dc39b22651f312dd5387d54b,持卡人消费,学苑楼商务网关,-7.0,92.52,5472,正常
2016/06/15 17:17:18,7f204ef6f7498025e65efc2ae90b9bcd4974a248,2d1a5de817161190dc39b22651f312dd5387d54b,持卡人消费,硕果园（工大商店）,-5.0,87.52,5473,正常
2016/06/16 08:32:33,7f204ef6f7498025e65efc2ae90b9bcd4974a248,2d1a5de817161190dc39b22651f312dd5387d54b,持卡人消费,学士楼商务网关,-2.8,84.72,5474,正常
2016/06/16 11:52:54,7f204ef6f7498025e65efc2ae90b9bcd4974a248,2d1a5de817161190dc39b22651f312dd5387d54b,持卡人消费,学苑楼商务网关,-4.0,80.72,5475,正常
2016/06/16 11:54:20,7f204ef6f7498025e65efc2ae90b9bcd4974a248,2d1a5de817161190dc39b22651f312dd5387d54b,持卡人消费,学苑楼商务网关,-1.0,79.72,5476,正常
2016/06/17 14:14:31,7f204ef6f7498025e65efc2ae90b9bcd4974a248,2d1a5de817161190dc39b22651f312dd5387d54b,持卡人消费,学士楼商务网关,-1.0,78.72,5477,正常
2016/06/18 08:12:15,7f204ef6f7498025e65efc2ae90b9bcd4974a248,2d1a5de817161190dc39b22651f312dd5387d54b,持卡人消费,学士楼商务网关,-6.9,71.82,5478,正常
2016/06/18 19:18:27,7f204ef6f7498025e65efc2ae90b9bcd4974a248,2d1a5de817161190dc39b22651f312dd5387d54b,持卡人消费,一校区水控新,-1.54,70.28,5480,正常
2016/06/18 19:26:00,7f204ef6f7498025e65efc2ae90b9bcd4974a248,2d1a5de817161190dc39b22651f312dd5387d54b,持卡人消费,一校区水控新,-1.17,69.11,5482,正常
2016/06/19 09:14:32,7f204ef6f7498025e65efc2ae90b9bcd4974a248,2d1a5de817161190dc39b22651f312dd5387d54b,持卡人消费,学士楼商务网关,-1.8,67.31,5483,正常
2016/06/19 12:11:30,7f204ef6f7498025e65efc2ae90b9bcd4974a248,2d1a5de817161190dc39b22651f312dd5387d54b,持卡人消费,学苑楼商务网关,-4.0,63.31,5484,正常
2016/06/19 12:11:58,7f204ef6f7498025e65efc2ae90b9bcd4974a248,2d1a5de817161190dc39b22651f312dd5387d54b,持卡人消费,学苑楼商务网关,-6.0,57.31,5485,正常
2016/06/19 12:13:41,7f204ef6f7498025e65efc2ae90b9bcd4974a248,2d1a5de817161190dc39b22651f312dd5387d54b,持卡人消费,学苑楼商务网关,-4.1,53.21,5486,正常
2016/06/19 17:31:50,7f204ef6f7498025e65efc2ae90b9bcd4974a248,2d1a5de817161190dc39b22651f312dd5387d54b,持卡人消费,学苑楼商务网关,-2.2,51.01,5487,正常
2016/06/19 17:33:17,7f204ef6f7498025e65efc2ae90b9bcd4974a248,2d1a5de817161190dc39b22651f312dd5387d54b,持卡人消费,学苑楼商务网关,-1.0,50.01,5488,正常
2016/06/19 17:52:28,7f204ef6f7498025e65efc2ae90b9bcd4974a248,2d1a5de817161190dc39b22651f312dd5387d54b,持卡人消费,学苑楼商务网关,-5.7,44.31,5489,正常
2016/06/20 08:32:57,7f204ef6f7498025e65efc2ae90b9bcd4974a248,2d1a5de817161190dc39b22651f312dd5387d54b,持卡人消费,学士楼商务网关,-3.1,41.21,5490,正常
2016/06/20 08:33:00,7f204ef6f7498025e65efc2ae90b9bcd4974a248,2d1a5de817161190dc39b22651f312dd5387d54b,持卡人消费,学士楼商务网关,-0.9,40.31,5491,正常
2016/06/20 12:15:58,7f204ef6f7498025e65efc2ae90b9bcd4974a248,2d1a5de817161190dc39b22651f312dd5387d54b,持卡人消费,学苑楼商务网关,-9.0,31.31,5492,正常
2016/06/20 22:28:26,7f204ef6f7498025e65efc2ae90b9bcd4974a248,2d1a5de817161190dc39b22651f312dd5387d54b,持卡人消费,学子便利店A01后楼,-4.0,27.31,5493,正常
2016/06/21 08:13:49,7f204ef6f7498025e65efc2ae90b9bcd4974a248,2d1a5de817161190dc39b22651f312dd5387d54b,持卡人消费,学士楼商务网关,-2.5,24.81,5494,正常
2016/06/21 08:13:51,7f204ef6f7498025e65efc2ae90b9bcd4974a248,2d1a5de817161190dc39b22651f312dd5387d54b,持卡人消费,学士楼商务网关,-1.0,23.81,5495,正常
2016/06/21 11:33:48,7f204ef6f7498025e65efc2ae90b9bcd4974a248,2d1a5de817161190dc39b22651f312dd5387d54b,持卡人消费,学苑楼商务网关,-1.0,22.81,5496,正常
2016/06/21 11:34:40,7f204ef6f7498025e65efc2ae90b9bcd4974a248,2d1a5de817161190dc39b22651f312dd5387d54b,持卡人消费,学苑楼商务网关,-3.5,19.31,5497,正常
2016/06/21 17:09:18,7f204ef6f7498025e65efc2ae90b9bcd4974a248,2d1a5de817161190dc39b22651f312dd5387d54b,存款,现金充值机,100.0,119.31,5498,正常
2016/06/21 17:32:54,7f204ef6f7498025e65efc2ae90b9bcd4974a248,2d1a5de817161190dc39b22651f312dd5387d54b,持卡人消费,学苑楼商务网关,-7.1,112.21,5499,正常
2016/06/21 17:34:09,7f204ef6f7498025e65efc2ae90b9bcd4974a248,2d1a5de817161190dc39b22651f312dd5387d54b,持卡人消费,学苑楼商务网关,-4.6,107.61,5500,正常
2016/06/21 17:34:51,7f204ef6f7498025e65efc2ae90b9bcd4974a248,2d1a5de817161190dc39b22651f312dd5387d54b,持卡人消费,学苑楼商务网关,-10.0,97.61,5501,正常
2016/06/21 17:42:23,7f204ef6f7498025e65efc2ae90b9bcd4974a248,2d1a5de817161190dc39b22651f312dd5387d54b,持卡人消费,学苑楼商务网关,-4.1,93.51,5502,正常
2016/06/21 17:42:35,7f204ef6f7498025e65efc2ae90b9bcd4974a248,2d1a5de817161190dc39b22651f312dd5387d54b,持卡人消费,学苑楼商务网关,-0.8,92.71,5503,正常
2016/06/21 17:43:26,7f204ef6f7498025e65efc2ae90b9bcd4974a248,2d1a5de817161190dc39b22651f312dd5387d54b,持卡人消费,学苑楼商务网关,-6.1,86.61,5504,正常
2016/06/22 08:15:06,7f204ef6f7498025e65efc2ae90b9bcd4974a248,2d1a5de817161190dc39b22651f312dd5387d54b,持卡人消费,学士楼商务网关,-2.8,83.81,5505,正常
2016/06/22 11:29:11,7f204ef6f7498025e65efc2ae90b9bcd4974a248,2d1a5de817161190dc39b22651f312dd5387d54b,持卡人消费,学士楼商务网关,-4.0,79.81,5506,正常
2016/06/22 11:29:41,7f204ef6f7498025e65efc2ae90b9bcd4974a248,2d1a5de817161190dc39b22651f312dd5387d54b,持卡人消费,学士楼商务网关,-3.0,76.81,5507,正常
2016/06/22 11:31:00,7f204ef6f7498025e65efc2ae90b9bcd4974a248,2d1a5de817161190dc39b22651f312dd5387d54b,持卡人消费,学士楼商务网关,-0.6,76.21,5508,正常
2016/06/22 17:24:27,7f204ef6f7498025e65efc2ae90b9bcd4974a248,2d1a5de817161190dc39b22651f312dd5387d54b,持卡人消费,学士楼商务网关,-2.05,74.16,5509,正常
2016/06/22 17:24:40,7f204ef6f7498025e65efc2ae90b9bcd4974a248,2d1a5de817161190dc39b22651f312dd5387d54b,持卡人消费,学士楼商务网关,-5.1,69.06,5510,正常
2016/06/22 17:28:55,7f204ef6f7498025e65efc2ae90b9bcd4974a248,2d1a5de817161190dc39b22651f312dd5387d54b,持卡人消费,学士楼商务网关,-4.5,64.56,5511,正常
2016/06/22 17:49:53,7f204ef6f7498025e65efc2ae90b9bcd4974a248,2d1a5de817161190dc39b22651f312dd5387d54b,持卡人消费,学士楼商务网关,-2.0,62.56,5512,正常
2016/06/23 08:32:28,7f204ef6f7498025e65efc2ae90b9bcd4974a248,2d1a5de817161190dc39b22651f312dd5387d54b,持卡人消费,学士楼商务网关,-3.1,59.46,5513,正常
2016/06/23 11:28:10,7f204ef6f7498025e65efc2ae90b9bcd4974a248,2d1a5de817161190dc39b22651f312dd5387d54b,持卡人消费,学士楼商务网关,-5.7,53.76,5514,正常
2016/06/23 11:29:30,7f204ef6f7498025e65efc2ae90b9bcd4974a248,2d1a5de817161190dc39b22651f312dd5387d54b,持卡人消费,学士楼商务网关,-5.0,48.76,5515,正常
2016/06/23 17:44:42,7f204ef6f7498025e65efc2ae90b9bcd4974a248,2d1a5de817161190dc39b22651f312dd5387d54b,持卡人消费,学子超市园丁总店,-11.3,37.46,5516,正常
2016/06/24 08:46:51,7f204ef6f7498025e65efc2ae90b9bcd4974a248,2d1a5de817161190dc39b22651f312dd5387d54b,持卡人消费,学苑楼商务网关,-2.0,35.46,5517,正常
2016/06/24 08:49:04,7f204ef6f7498025e65efc2ae90b9bcd4974a248,2d1a5de817161190dc39b22651f312dd5387d54b,持卡人消费,学苑楼商务网关,-2.0,33.46,5518,正常
2016/06/24 11:49:49,7f204ef6f7498025e65efc2ae90b9bcd4974a248,2d1a5de817161190dc39b22651f312dd5387d54b,持卡人消费,学士楼商务网关,-4.6,28.86,5519,正常
2016/06/24 11:50:45,7f204ef6f7498025e65efc2ae90b9bcd4974a248,2d1a5de817161190dc39b22651f312dd5387d54b,持卡人消费,学士楼商务网关,-3.5,25.36,5520,正常
2016/06/24 15:15:59,7f204ef6f7498025e65efc2ae90b9bcd4974a248,2d1a5de817161190dc39b22651f312dd5387d54b,持卡人消费,学子便利店A01后楼,-2.0,23.36,5521,正常
2016/06/24 17:34:30,7f204ef6f7498025e65efc2ae90b9bcd4974a248,2d1a5de817161190dc39b22651f312dd5387d54b,持卡人消费,学士楼商务网关,-5.7,17.66,5522,正常
2016/06/24 17:36:10,7f204ef6f7498025e65efc2ae90b9bcd4974a248,2d1a5de817161190dc39b22651f312dd5387d54b,持卡人消费,学士楼商务网关,-8.0,9.66,5523,正常
2016/06/24 17:46:49,7f204ef6f7498025e65efc2ae90b9bcd4974a248,2d1a5de817161190dc39b22651f312dd5387d54b,持卡人消费,学士楼商务网关,-2.6,7.06,5524,正常
2016/06/25 07:32:09,7f204ef6f7498025e65efc2ae90b9bcd4974a248,2d1a5de817161190dc39b22651f312dd5387d54b,持卡人消费,学士楼商务网关,-2.8,4.26,5525,正常
2016/06/25 07:22:16,7f204ef6f7498025e65efc2ae90b9bcd4974a248,2d1a5de817161190dc39b22651f312dd5387d54b,存款,现金充值机,100.0,104.26,5526,正常
2016/06/25 12:10:17,7f204ef6f7498025e65efc2ae90b9bcd4974a248,2d1a5de817161190dc39b22651f312dd5387d54b,持卡人消费,学苑楼商务网关,-15.0,89.26,5527,正常
2016/06/25 17:32:36,7f204ef6f7498025e65efc2ae90b9bcd4974a248,2d1a5de817161190dc39b22651f312dd5387d54b,持卡人消费,学士楼商务网关,-5.4,83.86,5528,正常
2016/06/25 17:37:03,7f204ef6f7498025e65efc2ae90b9bcd4974a248,2d1a5de817161190dc39b22651f312dd5387d54b,持卡人消费,学士楼商务网关,-6.0,77.86,5529,正常
2016/06/26 08:22:35,7f204ef6f7498025e65efc2ae90b9bcd4974a248,2d1a5de817161190dc39b22651f312dd5387d54b,持卡人消费,学士楼商务网关,-2.3,75.56,5530,正常
2016/06/26 08:22:40,7f204ef6f7498025e65efc2ae90b9bcd4974a248,2d1a5de817161190dc39b22651f312dd5387d54b,持卡人消费,学士楼商务网关,-1.5,74.06,5531,正常
2016/06/26 08:23:50,7f204ef6f7498025e65efc2ae90b9bcd4974a248,2d1a5de817161190dc39b22651f312dd5387d54b,持卡人消费,学士楼商务网关,-0.5,73.56,5532,正常
2016/06/26 11:47:50,7f204ef6f7498025e65efc2ae90b9bcd4974a248,2d1a5de817161190dc39b22651f312dd5387d54b,持卡人消费,学苑楼商务网关,-8.0,65.56,5533,正常
2016/06/26 12:10:02,7f204ef6f7498025e65efc2ae90b9bcd4974a248,2d1a5de817161190dc39b22651f312dd5387d54b,持卡人消费,学苑楼商务网关,-12.7,52.86,5534,正常
2016/06/26 17:16:46,7f204ef6f7498025e65efc2ae90b9bcd4974a248,2d1a5de817161190dc39b22651f312dd5387d54b,持卡人消费,学士楼商务网关,-5.7,47.16,5535,正常
2016/06/26 17:18:07,7f204ef6f7498025e65efc2ae90b9bcd4974a248,2d1a5de817161190dc39b22651f312dd5387d54b,持卡人消费,学士楼商务网关,-8.0,39.16,5536,正常
2016/06/26 17:23:33,7f204ef6f7498025e65efc2ae90b9bcd4974a248,2d1a5de817161190dc39b22651f312dd5387d54b,持卡人消费,学士楼商务网关,-3.1,36.06,5537,正常
2016/06/26 19:32:12,7f204ef6f7498025e65efc2ae90b9bcd4974a248,2d1a5de817161190dc39b22651f312dd5387d54b,持卡人消费,硕果园（工大商店）,-6.0,30.06,5538,正常
2016/06/27 11:25:09,7f204ef6f7498025e65efc2ae90b9bcd4974a248,2d1a5de817161190dc39b22651f312dd5387d54b,持卡人消费,学士楼商务网关,-3.1,26.96,5539,正常
2016/06/27 11:26:47,7f204ef6f7498025e65efc2ae90b9bcd4974a248,2d1a5de817161190dc39b22651f312dd5387d54b,持卡人消费,学士楼商务网关,-2.0,24.96,5540,正常
2016/06/27 14:57:36,7f204ef6f7498025e65efc2ae90b9bcd4974a248,2d1a5de817161190dc39b22651f312dd5387d54b,持卡人消费,15公寓浴池,-0.02,22.94,5543,正常
2016/06/27 15:02:14,7f204ef6f7498025e65efc2ae90b9bcd4974a248,2d1a5de817161190dc39b22651f312dd5387d54b,持卡人消费,15公寓浴池,-0.91,22.03,5545,正常
2016/06/27 15:02:17,7f204ef6f7498025e65efc2ae90b9bcd4974a248,2d1a5de817161190dc39b22651f312dd5387d54b,持卡人消费,15公寓浴池,-0.86,23.17,5546,正常
2016/06/27 15:12:47,7f204ef6f7498025e65efc2ae90b9bcd4974a248,2d1a5de817161190dc39b22651f312dd5387d54b,持卡人消费,15公寓浴池,-2.0,21.17,5547,正常
2016/06/27 17:43:57,7f204ef6f7498025e65efc2ae90b9bcd4974a248,2d1a5de817161190dc39b22651f312dd5387d54b,持卡人消费,学士楼商务网关,-4.6,16.57,5548,正常
2016/06/27 17:44:43,7f204ef6f7498025e65efc2ae90b9bcd4974a248,2d1a5de817161190dc39b22651f312dd5387d54b,持卡人消费,学士楼商务网关,-3.0,13.57,5549,正常
2016/06/27 17:45:56,7f204ef6f7498025e65efc2ae90b9bcd4974a248,2d1a5de817161190dc39b22651f312dd5387d54b,持卡人消费,学士楼商务网关,-3.2,10.37,5550,正常
2016/06/27 17:45:58,7f204ef6f7498025e65efc2ae90b9bcd4974a248,2d1a5de817161190dc39b22651f312dd5387d54b,持卡人消费,学士楼商务网关,-3.6,6.77,5551,正常
2016/06/28 06:51:37,7f204ef6f7498025e65efc2ae90b9bcd4974a248,2d1a5de817161190dc39b22651f312dd5387d54b,持卡人消费,学士楼商务网关,-2.8,3.97,5552,正常
2016/06/28 06:52:56,7f204ef6f7498025e65efc2ae90b9bcd4974a248,2d1a5de817161190dc39b22651f312dd5387d54b,持卡人消费,学士楼商务网关,-3.0,0.97,5553,正常
2016/06/28 06:53:02,7f204ef6f7498025e65efc2ae90b9bcd4974a248,2d1a5de817161190dc39b22651f312dd5387d54b,持卡人消费,学士楼商务网关,-0.1,0.87,5554,正常
2016/06/28 10:29:02,7f204ef6f7498025e65efc2ae90b9bcd4974a248,2d1a5de817161190dc39b22651f312dd5387d54b,存款,现金充值机,50.0,50.87,5555,正常
2016/06/28 10:51:58,7f204ef6f7498025e65efc2ae90b9bcd4974a248,2d1a5de817161190dc39b22651f312dd5387d54b,持卡人消费,学苑楼商务网关,-1.0,49.87,5556,正常
2016/06/28 10:53:52,7f204ef6f7498025e65efc2ae90b9bcd4974a248,2d1a5de817161190dc39b22651f312dd5387d54b,持卡人消费,学苑楼商务网关,-2.0,47.87,5557,正常
2016/06/28 10:55:20,7f204ef6f7498025e65efc2ae90b9bcd4974a248,2d1a5de817161190dc39b22651f312dd5387d54b,持卡人消费,学苑楼商务网关,-4.8,43.07,5558,正常
2016/06/28 13:05:40,7f204ef6f7498025e65efc2ae90b9bcd4974a248,2d1a5de817161190dc39b22651f312dd5387d54b,持卡人消费,15公寓浴池,-0.98,42.09,5560,正常
2016/06/28 13:13:10,7f204ef6f7498025e65efc2ae90b9bcd4974a248,2d1a5de817161190dc39b22651f312dd5387d54b,持卡人消费,15公寓浴池,-1.2,40.89,5562,正常
2016/06/28 13:22:04,7f204ef6f7498025e65efc2ae90b9bcd4974a248,2d1a5de817161190dc39b22651f312dd5387d54b,持卡人消费,15公寓浴池,-1.18,39.71,5564,正常
2016/06/28 13:28:00,7f204ef6f7498025e65efc2ae90b9bcd4974a248,2d1a5de817161190dc39b22651f312dd5387d54b,持卡人消费,学子便利店A01后楼,-2.5,37.21,5565,正常
2016/06/28 17:34:36,7f204ef6f7498025e65efc2ae90b9bcd4974a248,2d1a5de817161190dc39b22651f312dd5387d54b,持卡人消费,学士楼商务网关,-6.9,30.31,5566,正常
2016/06/28 17:37:23,7f204ef6f7498025e65efc2ae90b9bcd4974a248,2d1a5de817161190dc39b22651f312dd5387d54b,持卡人消费,学士楼商务网关,-6.1,24.21,5567,正常
2016/06/29 11:10:59,7f204ef6f7498025e65efc2ae90b9bcd4974a248,2d1a5de817161190dc39b22651f312dd5387d54b,持卡人消费,学苑楼商务网关,-4.6,19.61,5568,正常
2016/06/29 11:12:06,7f204ef6f7498025e65efc2ae90b9bcd4974a248,2d1a5de817161190dc39b22651f312dd5387d54b,持卡人消费,学苑楼商务网关,-6.0,13.61,5569,正常
2016/06/29 11:14:46,7f204ef6f7498025e65efc2ae90b9bcd4974a248,2d1a5de817161190dc39b22651f312dd5387d54b,持卡人消费,学苑楼商务网关,-3.0,10.61,5570,正常
2016/06/29 11:32:43,7f204ef6f7498025e65efc2ae90b9bcd4974a248,2d1a5de817161190dc39b22651f312dd5387d54b,持卡人消费,学苑楼商务网关,-0.1,10.51,5571,正常
2016/06/29 15:05:41,7f204ef6f7498025e65efc2ae90b9bcd4974a248,2d1a5de817161190dc39b22651f312dd5387d54b,持卡人消费,游泳馆,-6.0,4.51,5572,正常
2016/06/30 08:46:48,7f204ef6f7498025e65efc2ae90b9bcd4974a248,2d1a5de817161190dc39b22651f312dd5387d54b,持卡人消费,学士楼商务网关,-2.8,1.71,5573,正常
2016/06/30 12:12:19,7f204ef6f7498025e65efc2ae90b9bcd4974a248,2d1a5de817161190dc39b22651f312dd5387d54b,存款,现金充值机,50.0,51.71,5574,正常
2016/06/30 12:37:49,7f204ef6f7498025e65efc2ae90b9bcd4974a248,2d1a5de817161190dc39b22651f312dd5387d54b,持卡人消费,学士楼商务网关,-4.1,47.61,5575,正常
2016/06/30 12:39:21,7f204ef6f7498025e65efc2ae90b9bcd4974a248,2d1a5de817161190dc39b22651f312dd5387d54b,持卡人消费,学士楼商务网关,-2.5,45.11,5576,正常
2016/06/30 12:39:59,7f204ef6f7498025e65efc2ae90b9bcd4974a248,2d1a5de817161190dc39b22651f312dd5387d54b,持卡人消费,学士楼商务网关,-0.6,44.51,5577,正常
