交易发生时间,学号,姓名,交易类型,子系统名称,交易额,现有余额,次数,状态
2016/06/03 12:07:51,baaae6b83dc96b8553a41cb2ef14bf13b3ba3089,2d3dfcb3455ff86484a876d0e87d567ca9bd9ee5,持卡人消费,学士楼商务网关,-12.9,11.58,3569,正常
2016/06/03 17:45:28,baaae6b83dc96b8553a41cb2ef14bf13b3ba3089,2d3dfcb3455ff86484a876d0e87d567ca9bd9ee5,持卡人消费,学士楼商务网关,-4.2,7.38,3570,正常
2016/06/03 17:46:04,baaae6b83dc96b8553a41cb2ef14bf13b3ba3089,2d3dfcb3455ff86484a876d0e87d567ca9bd9ee5,持卡人消费,学士楼商务网关,-4.75,2.63,3571,正常
2016/06/05 18:57:20,baaae6b83dc96b8553a41cb2ef14bf13b3ba3089,2d3dfcb3455ff86484a876d0e87d567ca9bd9ee5,持卡人消费,15公寓浴池,-0.8,1.83,3573,正常
2016/06/06 17:35:03,baaae6b83dc96b8553a41cb2ef14bf13b3ba3089,2d3dfcb3455ff86484a876d0e87d567ca9bd9ee5,存款,现金充值机,100.0,101.83,3574,正常
2016/06/06 18:02:28,baaae6b83dc96b8553a41cb2ef14bf13b3ba3089,2d3dfcb3455ff86484a876d0e87d567ca9bd9ee5,持卡人消费,硕果园（工大商店）,-13.8,88.03,3575,正常
2016/06/06 18:04:32,baaae6b83dc96b8553a41cb2ef14bf13b3ba3089,2d3dfcb3455ff86484a876d0e87d567ca9bd9ee5,持卡人消费,硕果园（工大商店）,-12.6,75.43,3576,正常
2016/06/07 08:06:38,baaae6b83dc96b8553a41cb2ef14bf13b3ba3089,2d3dfcb3455ff86484a876d0e87d567ca9bd9ee5,持卡人消费,学士楼商务网关,-5.2,70.23,3577,正常
2016/06/07 11:59:10,baaae6b83dc96b8553a41cb2ef14bf13b3ba3089,2d3dfcb3455ff86484a876d0e87d567ca9bd9ee5,持卡人消费,学士楼商务网关,-5.04,65.19,3578,正常
2016/06/07 12:01:25,baaae6b83dc96b8553a41cb2ef14bf13b3ba3089,2d3dfcb3455ff86484a876d0e87d567ca9bd9ee5,持卡人消费,学士楼商务网关,-8.1,57.09,3579,正常
2016/06/07 18:50:23,baaae6b83dc96b8553a41cb2ef14bf13b3ba3089,2d3dfcb3455ff86484a876d0e87d567ca9bd9ee5,持卡人消费,硕果园（工大商店）,-12.5,44.59,3580,正常
2016/06/08 14:20:37,baaae6b83dc96b8553a41cb2ef14bf13b3ba3089,2d3dfcb3455ff86484a876d0e87d567ca9bd9ee5,持卡人消费,硕果园（工大商店）,-18.0,26.59,3581,正常
2016/06/09 13:55:55,baaae6b83dc96b8553a41cb2ef14bf13b3ba3089,2d3dfcb3455ff86484a876d0e87d567ca9bd9ee5,持卡人消费,硕果园（工大商店）,-16.8,9.79,3582,正常
2016/06/09 21:06:20,baaae6b83dc96b8553a41cb2ef14bf13b3ba3089,2d3dfcb3455ff86484a876d0e87d567ca9bd9ee5,持卡人消费,A2,-2.3,7.49,3583,正常
2016/06/10 13:10:36,baaae6b83dc96b8553a41cb2ef14bf13b3ba3089,2d3dfcb3455ff86484a876d0e87d567ca9bd9ee5,持卡人消费,硕果园（工大商店）,-0.3,7.19,3584,正常
2016/06/10 18:18:12,baaae6b83dc96b8553a41cb2ef14bf13b3ba3089,2d3dfcb3455ff86484a876d0e87d567ca9bd9ee5,持卡人消费,硕果园（工大商店）,-0.8,6.39,3585,正常
2016/06/11 13:22:27,baaae6b83dc96b8553a41cb2ef14bf13b3ba3089,2d3dfcb3455ff86484a876d0e87d567ca9bd9ee5,持卡人消费,硕果园（工大商店）,-0.9,5.49,3586,正常
2016/06/11 17:39:19,baaae6b83dc96b8553a41cb2ef14bf13b3ba3089,2d3dfcb3455ff86484a876d0e87d567ca9bd9ee5,存款,现金充值机,200.0,205.49,3587,正常
2016/06/11 18:01:33,baaae6b83dc96b8553a41cb2ef14bf13b3ba3089,2d3dfcb3455ff86484a876d0e87d567ca9bd9ee5,持卡人消费,学苑楼商务网关,-8.8,196.69,3588,正常
2016/06/12 18:12:50,baaae6b83dc96b8553a41cb2ef14bf13b3ba3089,2d3dfcb3455ff86484a876d0e87d567ca9bd9ee5,持卡人消费,15公寓浴池,-1.1,195.59,3590,正常
2016/06/12 18:19:27,baaae6b83dc96b8553a41cb2ef14bf13b3ba3089,2d3dfcb3455ff86484a876d0e87d567ca9bd9ee5,持卡人消费,15公寓浴池,-1.1,194.49,3592,正常
2016/06/13 13:46:30,baaae6b83dc96b8553a41cb2ef14bf13b3ba3089,2d3dfcb3455ff86484a876d0e87d567ca9bd9ee5,持卡人消费,硕果园（工大商店）,-14.4,180.09,3593,正常
2016/06/13 13:51:44,baaae6b83dc96b8553a41cb2ef14bf13b3ba3089,2d3dfcb3455ff86484a876d0e87d567ca9bd9ee5,持卡人消费,硕果园（工大商店）,-19.0,161.09,3594,正常
2016/06/16 08:54:51,baaae6b83dc96b8553a41cb2ef14bf13b3ba3089,2d3dfcb3455ff86484a876d0e87d567ca9bd9ee5,持卡人消费,学士楼商务网关,-3.7,157.39,3595,正常
2016/06/16 13:08:52,baaae6b83dc96b8553a41cb2ef14bf13b3ba3089,2d3dfcb3455ff86484a876d0e87d567ca9bd9ee5,持卡人消费,硕果园（工大商店）,-17.8,139.59,3596,正常
2016/06/16 18:22:39,baaae6b83dc96b8553a41cb2ef14bf13b3ba3089,2d3dfcb3455ff86484a876d0e87d567ca9bd9ee5,持卡人消费,硕果园（工大商店）,-12.0,127.59,3597,正常
2016/06/17 11:49:55,baaae6b83dc96b8553a41cb2ef14bf13b3ba3089,2d3dfcb3455ff86484a876d0e87d567ca9bd9ee5,持卡人消费,硕果园（工大商店）,-10.0,117.59,3598,正常
2016/06/17 11:53:06,baaae6b83dc96b8553a41cb2ef14bf13b3ba3089,2d3dfcb3455ff86484a876d0e87d567ca9bd9ee5,持卡人消费,硕果园（工大商店）,-12.0,105.59,3599,正常
2016/06/17 19:09:27,baaae6b83dc96b8553a41cb2ef14bf13b3ba3089,2d3dfcb3455ff86484a876d0e87d567ca9bd9ee5,持卡人消费,硕果园（工大商店）,-10.0,95.59,3600,正常
2016/06/17 19:09:56,baaae6b83dc96b8553a41cb2ef14bf13b3ba3089,2d3dfcb3455ff86484a876d0e87d567ca9bd9ee5,持卡人消费,硕果园（工大商店）,-14.0,81.59,3601,正常
2016/06/18 13:06:37,baaae6b83dc96b8553a41cb2ef14bf13b3ba3089,2d3dfcb3455ff86484a876d0e87d567ca9bd9ee5,持卡人消费,硕果园（工大商店）,-10.0,71.59,3602,正常
2016/06/18 13:11:08,baaae6b83dc96b8553a41cb2ef14bf13b3ba3089,2d3dfcb3455ff86484a876d0e87d567ca9bd9ee5,持卡人消费,硕果园（工大商店）,-15.6,55.99,3603,正常
2016/06/18 19:06:10,baaae6b83dc96b8553a41cb2ef14bf13b3ba3089,2d3dfcb3455ff86484a876d0e87d567ca9bd9ee5,持卡人消费,硕果园（工大商店）,-14.0,41.99,3604,正常
2016/06/19 11:57:38,baaae6b83dc96b8553a41cb2ef14bf13b3ba3089,2d3dfcb3455ff86484a876d0e87d567ca9bd9ee5,持卡人消费,硕果园（工大商店）,-10.0,31.99,3605,正常
2016/06/19 18:09:19,baaae6b83dc96b8553a41cb2ef14bf13b3ba3089,2d3dfcb3455ff86484a876d0e87d567ca9bd9ee5,持卡人消费,15公寓浴池,-1.25,30.74,3607,正常
2016/06/19 18:13:34,baaae6b83dc96b8553a41cb2ef14bf13b3ba3089,2d3dfcb3455ff86484a876d0e87d567ca9bd9ee5,持卡人消费,15公寓浴池,-0.32,30.42,3609,正常
2016/06/19 18:35:55,baaae6b83dc96b8553a41cb2ef14bf13b3ba3089,2d3dfcb3455ff86484a876d0e87d567ca9bd9ee5,持卡人消费,学士楼商务网关,-8.5,21.92,3610,正常
2016/06/19 18:37:13,baaae6b83dc96b8553a41cb2ef14bf13b3ba3089,2d3dfcb3455ff86484a876d0e87d567ca9bd9ee5,持卡人消费,学士楼商务网关,-3.0,18.92,3611,正常
2016/06/20 11:25:53,baaae6b83dc96b8553a41cb2ef14bf13b3ba3089,2d3dfcb3455ff86484a876d0e87d567ca9bd9ee5,持卡人消费,学士楼商务网关,-11.1,7.82,3612,正常
2016/06/23 08:10:53,baaae6b83dc96b8553a41cb2ef14bf13b3ba3089,2d3dfcb3455ff86484a876d0e87d567ca9bd9ee5,持卡人消费,学士楼商务网关,-3.7,4.12,3613,正常
2016/06/23 12:49:52,baaae6b83dc96b8553a41cb2ef14bf13b3ba3089,2d3dfcb3455ff86484a876d0e87d567ca9bd9ee5,持卡人消费,一区图书馆APOS,-1.1,3.02,3614,正常
2016/06/25 17:55:35,baaae6b83dc96b8553a41cb2ef14bf13b3ba3089,2d3dfcb3455ff86484a876d0e87d567ca9bd9ee5,持卡人消费,15公寓浴池,-0.14,2.88,3616,正常
2016/06/25 18:06:41,baaae6b83dc96b8553a41cb2ef14bf13b3ba3089,2d3dfcb3455ff86484a876d0e87d567ca9bd9ee5,持卡人消费,15公寓浴池,-1.73,1.15,3618,正常
2016/06/30 11:44:42,baaae6b83dc96b8553a41cb2ef14bf13b3ba3089,2d3dfcb3455ff86484a876d0e87d567ca9bd9ee5,存款,现金充值机,100.0,101.15,3619,正常
2016/06/30 12:08:16,baaae6b83dc96b8553a41cb2ef14bf13b3ba3089,2d3dfcb3455ff86484a876d0e87d567ca9bd9ee5,持卡人消费,学苑楼商务网关,-7.5,93.65,3620,正常
2016/06/30 18:50:14,baaae6b83dc96b8553a41cb2ef14bf13b3ba3089,2d3dfcb3455ff86484a876d0e87d567ca9bd9ee5,持卡人消费,硕果园（工大商店）,-11.0,82.65,3621,正常
