交易发生时间,学号,姓名,交易类型,子系统名称,交易额,现有余额,次数,状态
2016/06/01 12:41:57,7442d89bdfdf4142129a2c4e3856ab67138f3ea7,2f2eac8377eab70e3edf911369e67a2f14e326b3,持卡人消费,学士楼商务网关,-7.0,156.81,5044,正常
2016/06/01 17:43:54,7442d89bdfdf4142129a2c4e3856ab67138f3ea7,2f2eac8377eab70e3edf911369e67a2f14e326b3,持卡人消费,一校区水控新,-0.24,156.57,5046,正常
2016/06/01 17:47:20,7442d89bdfdf4142129a2c4e3856ab67138f3ea7,2f2eac8377eab70e3edf911369e67a2f14e326b3,持卡人消费,一校区水控新,-0.26,156.31,5048,正常
2016/06/01 17:57:03,7442d89bdfdf4142129a2c4e3856ab67138f3ea7,2f2eac8377eab70e3edf911369e67a2f14e326b3,持卡人消费,一校区水控新,-0.77,155.54,5050,正常
2016/06/01 17:58:22,7442d89bdfdf4142129a2c4e3856ab67138f3ea7,2f2eac8377eab70e3edf911369e67a2f14e326b3,持卡人消费,一校区水控新,-0.06,155.48,5052,正常
2016/06/01 18:52:56,7442d89bdfdf4142129a2c4e3856ab67138f3ea7,2f2eac8377eab70e3edf911369e67a2f14e326b3,持卡人消费,学士楼商务网关,-7.3,148.18,5053,正常
2016/06/01 18:54:07,7442d89bdfdf4142129a2c4e3856ab67138f3ea7,2f2eac8377eab70e3edf911369e67a2f14e326b3,持卡人消费,学士楼商务网关,-0.5,147.68,5054,正常
2016/06/02 12:15:21,7442d89bdfdf4142129a2c4e3856ab67138f3ea7,2f2eac8377eab70e3edf911369e67a2f14e326b3,持卡人消费,学苑楼商务网关,-7.5,140.18,5055,正常
2016/06/02 18:19:52,7442d89bdfdf4142129a2c4e3856ab67138f3ea7,2f2eac8377eab70e3edf911369e67a2f14e326b3,持卡人消费,学苑楼商务网关,-8.0,132.18,5056,正常
2016/06/03 08:43:36,7442d89bdfdf4142129a2c4e3856ab67138f3ea7,2f2eac8377eab70e3edf911369e67a2f14e326b3,持卡人消费,学士楼商务网关,-2.1,130.08,5057,正常
2016/06/03 11:45:20,7442d89bdfdf4142129a2c4e3856ab67138f3ea7,2f2eac8377eab70e3edf911369e67a2f14e326b3,持卡人消费,学士楼商务网关,-6.8,123.28,5058,正常
2016/06/03 18:08:45,7442d89bdfdf4142129a2c4e3856ab67138f3ea7,2f2eac8377eab70e3edf911369e67a2f14e326b3,持卡人消费,学士楼商务网关,-5.8,117.48,5059,正常
2016/06/03 18:09:51,7442d89bdfdf4142129a2c4e3856ab67138f3ea7,2f2eac8377eab70e3edf911369e67a2f14e326b3,持卡人消费,学士楼商务网关,-3.0,114.48,5060,正常
2016/06/04 07:48:25,7442d89bdfdf4142129a2c4e3856ab67138f3ea7,2f2eac8377eab70e3edf911369e67a2f14e326b3,持卡人消费,学士楼商务网关,-2.1,112.38,5061,正常
2016/06/04 11:54:56,7442d89bdfdf4142129a2c4e3856ab67138f3ea7,2f2eac8377eab70e3edf911369e67a2f14e326b3,持卡人消费,学苑楼商务网关,-7.0,105.38,5062,正常
2016/06/04 18:48:05,7442d89bdfdf4142129a2c4e3856ab67138f3ea7,2f2eac8377eab70e3edf911369e67a2f14e326b3,持卡人消费,学士楼商务网关,-7.8,97.58,5063,正常
2016/06/04 18:49:12,7442d89bdfdf4142129a2c4e3856ab67138f3ea7,2f2eac8377eab70e3edf911369e67a2f14e326b3,持卡人消费,学士楼商务网关,-0.5,97.08,5064,正常
2016/06/05 08:36:45,7442d89bdfdf4142129a2c4e3856ab67138f3ea7,2f2eac8377eab70e3edf911369e67a2f14e326b3,持卡人消费,学士楼商务网关,-2.1,94.98,5065,正常
2016/06/05 12:40:18,7442d89bdfdf4142129a2c4e3856ab67138f3ea7,2f2eac8377eab70e3edf911369e67a2f14e326b3,持卡人消费,学士楼商务网关,-7.0,87.98,5066,正常
2016/06/05 18:29:39,7442d89bdfdf4142129a2c4e3856ab67138f3ea7,2f2eac8377eab70e3edf911369e67a2f14e326b3,持卡人消费,学士楼商务网关,-6.3,81.68,5067,正常
2016/06/05 18:31:00,7442d89bdfdf4142129a2c4e3856ab67138f3ea7,2f2eac8377eab70e3edf911369e67a2f14e326b3,持卡人消费,学士楼商务网关,-0.5,81.18,5068,正常
2016/06/05 20:04:25,7442d89bdfdf4142129a2c4e3856ab67138f3ea7,2f2eac8377eab70e3edf911369e67a2f14e326b3,持卡人消费,一校区水控新,-0.19,80.99,5070,正常
2016/06/05 20:07:22,7442d89bdfdf4142129a2c4e3856ab67138f3ea7,2f2eac8377eab70e3edf911369e67a2f14e326b3,持卡人消费,一校区水控新,-0.24,80.75,5072,正常
2016/06/05 20:16:03,7442d89bdfdf4142129a2c4e3856ab67138f3ea7,2f2eac8377eab70e3edf911369e67a2f14e326b3,持卡人消费,一校区水控新,-0.74,80.01,5074,正常
2016/06/05 20:17:56,7442d89bdfdf4142129a2c4e3856ab67138f3ea7,2f2eac8377eab70e3edf911369e67a2f14e326b3,持卡人消费,一校区水控新,-0.05,79.96,5076,正常
2016/06/06 07:32:38,7442d89bdfdf4142129a2c4e3856ab67138f3ea7,2f2eac8377eab70e3edf911369e67a2f14e326b3,持卡人消费,学士楼商务网关,-2.1,77.86,5077,正常
2016/06/06 12:05:41,7442d89bdfdf4142129a2c4e3856ab67138f3ea7,2f2eac8377eab70e3edf911369e67a2f14e326b3,持卡人消费,学苑楼商务网关,-8.0,69.86,5078,正常
2016/06/06 19:12:01,7442d89bdfdf4142129a2c4e3856ab67138f3ea7,2f2eac8377eab70e3edf911369e67a2f14e326b3,持卡人消费,学士楼商务网关,-6.3,63.56,5079,正常
2016/06/06 19:13:13,7442d89bdfdf4142129a2c4e3856ab67138f3ea7,2f2eac8377eab70e3edf911369e67a2f14e326b3,持卡人消费,学士楼商务网关,-0.5,63.06,5080,正常
2016/06/07 08:21:35,7442d89bdfdf4142129a2c4e3856ab67138f3ea7,2f2eac8377eab70e3edf911369e67a2f14e326b3,持卡人消费,学士楼商务网关,-2.1,60.96,5081,正常
2016/06/07 17:03:14,7442d89bdfdf4142129a2c4e3856ab67138f3ea7,2f2eac8377eab70e3edf911369e67a2f14e326b3,持卡人消费,学士楼商务网关,-6.8,54.16,5082,正常
2016/06/08 08:04:04,7442d89bdfdf4142129a2c4e3856ab67138f3ea7,2f2eac8377eab70e3edf911369e67a2f14e326b3,持卡人消费,学士楼商务网关,-2.1,52.06,5083,正常
2016/06/08 11:40:24,7442d89bdfdf4142129a2c4e3856ab67138f3ea7,2f2eac8377eab70e3edf911369e67a2f14e326b3,持卡人消费,学苑楼商务网关,-8.0,44.06,5084,正常
2016/06/08 12:19:32,7442d89bdfdf4142129a2c4e3856ab67138f3ea7,2f2eac8377eab70e3edf911369e67a2f14e326b3,持卡人消费,超市商务子系统,-2.3,41.76,5085,正常
2016/06/08 18:15:51,7442d89bdfdf4142129a2c4e3856ab67138f3ea7,2f2eac8377eab70e3edf911369e67a2f14e326b3,持卡人消费,硕果园（工大商店）,-10.0,31.76,5086,正常
2016/06/09 08:33:18,7442d89bdfdf4142129a2c4e3856ab67138f3ea7,2f2eac8377eab70e3edf911369e67a2f14e326b3,持卡人消费,学士楼商务网关,-2.1,29.66,5087,正常
2016/06/09 12:33:03,7442d89bdfdf4142129a2c4e3856ab67138f3ea7,2f2eac8377eab70e3edf911369e67a2f14e326b3,持卡人消费,学士楼商务网关,-7.0,22.66,5088,正常
2016/06/09 18:40:28,7442d89bdfdf4142129a2c4e3856ab67138f3ea7,2f2eac8377eab70e3edf911369e67a2f14e326b3,持卡人消费,学士楼商务网关,-6.8,15.86,5089,正常
2016/06/09 18:41:35,7442d89bdfdf4142129a2c4e3856ab67138f3ea7,2f2eac8377eab70e3edf911369e67a2f14e326b3,持卡人消费,学士楼商务网关,-0.5,15.36,5090,正常
2016/06/10 09:02:58,7442d89bdfdf4142129a2c4e3856ab67138f3ea7,2f2eac8377eab70e3edf911369e67a2f14e326b3,持卡人消费,学士楼商务网关,-2.1,13.26,5091,正常
2016/06/10 12:46:55,7442d89bdfdf4142129a2c4e3856ab67138f3ea7,2f2eac8377eab70e3edf911369e67a2f14e326b3,持卡人消费,学士楼商务网关,-7.0,6.26,5092,正常
2016/06/10 17:53:59,7442d89bdfdf4142129a2c4e3856ab67138f3ea7,2f2eac8377eab70e3edf911369e67a2f14e326b3,存款,现金充值机,200.0,206.26,5093,正常
2016/06/10 18:16:59,7442d89bdfdf4142129a2c4e3856ab67138f3ea7,2f2eac8377eab70e3edf911369e67a2f14e326b3,持卡人消费,学苑楼商务网关,-8.8,197.46,5094,正常
2016/06/10 19:08:13,7442d89bdfdf4142129a2c4e3856ab67138f3ea7,2f2eac8377eab70e3edf911369e67a2f14e326b3,持卡人消费,一校区水控新,-0.37,197.09,5096,正常
2016/06/10 19:12:25,7442d89bdfdf4142129a2c4e3856ab67138f3ea7,2f2eac8377eab70e3edf911369e67a2f14e326b3,持卡人消费,一校区水控新,-0.22,196.87,5098,正常
2016/06/10 19:24:21,7442d89bdfdf4142129a2c4e3856ab67138f3ea7,2f2eac8377eab70e3edf911369e67a2f14e326b3,持卡人消费,一校区水控新,-0.99,195.88,5100,正常
2016/06/10 19:26:03,7442d89bdfdf4142129a2c4e3856ab67138f3ea7,2f2eac8377eab70e3edf911369e67a2f14e326b3,持卡人消费,一校区水控新,-0.08,195.80,5102,正常
2016/06/11 08:29:23,7442d89bdfdf4142129a2c4e3856ab67138f3ea7,2f2eac8377eab70e3edf911369e67a2f14e326b3,持卡人消费,学士楼商务网关,-2.3,193.50,5103,正常
2016/06/11 08:29:31,7442d89bdfdf4142129a2c4e3856ab67138f3ea7,2f2eac8377eab70e3edf911369e67a2f14e326b3,持卡人消费,学士楼商务网关,-0.6,192.90,5104,正常
2016/06/11 13:17:36,7442d89bdfdf4142129a2c4e3856ab67138f3ea7,2f2eac8377eab70e3edf911369e67a2f14e326b3,持卡人消费,学士楼商务网关,-8.0,184.90,5105,正常
2016/06/11 18:17:52,7442d89bdfdf4142129a2c4e3856ab67138f3ea7,2f2eac8377eab70e3edf911369e67a2f14e326b3,持卡人消费,学士楼商务网关,-6.8,178.10,5106,正常
2016/06/11 18:19:45,7442d89bdfdf4142129a2c4e3856ab67138f3ea7,2f2eac8377eab70e3edf911369e67a2f14e326b3,持卡人消费,学士楼商务网关,-0.5,177.60,5107,正常
2016/06/12 09:15:14,7442d89bdfdf4142129a2c4e3856ab67138f3ea7,2f2eac8377eab70e3edf911369e67a2f14e326b3,持卡人消费,学士楼商务网关,-2.9,174.70,5108,正常
2016/06/12 12:10:22,7442d89bdfdf4142129a2c4e3856ab67138f3ea7,2f2eac8377eab70e3edf911369e67a2f14e326b3,持卡人消费,学苑楼商务网关,-7.0,167.70,5109,正常
2016/06/12 18:02:48,7442d89bdfdf4142129a2c4e3856ab67138f3ea7,2f2eac8377eab70e3edf911369e67a2f14e326b3,持卡人消费,学苑楼商务网关,-8.0,159.70,5110,正常
2016/06/13 10:55:12,7442d89bdfdf4142129a2c4e3856ab67138f3ea7,2f2eac8377eab70e3edf911369e67a2f14e326b3,持卡人消费,学士楼商务网关,-2.7,157.00,5111,正常
2016/06/13 17:14:18,7442d89bdfdf4142129a2c4e3856ab67138f3ea7,2f2eac8377eab70e3edf911369e67a2f14e326b3,持卡人消费,学士楼商务网关,-7.3,149.70,5112,正常
2016/06/14 12:08:30,7442d89bdfdf4142129a2c4e3856ab67138f3ea7,2f2eac8377eab70e3edf911369e67a2f14e326b3,持卡人消费,学苑楼商务网关,-8.0,141.70,5113,正常
2016/06/14 18:11:34,7442d89bdfdf4142129a2c4e3856ab67138f3ea7,2f2eac8377eab70e3edf911369e67a2f14e326b3,持卡人消费,学苑楼商务网关,-8.0,133.70,5114,正常
2016/06/15 08:34:21,7442d89bdfdf4142129a2c4e3856ab67138f3ea7,2f2eac8377eab70e3edf911369e67a2f14e326b3,持卡人消费,学士楼商务网关,-3.3,130.40,5115,正常
2016/06/15 12:41:18,7442d89bdfdf4142129a2c4e3856ab67138f3ea7,2f2eac8377eab70e3edf911369e67a2f14e326b3,持卡人消费,学士楼商务网关,-7.0,123.40,5116,正常
2016/06/15 17:45:33,7442d89bdfdf4142129a2c4e3856ab67138f3ea7,2f2eac8377eab70e3edf911369e67a2f14e326b3,持卡人消费,学士楼商务网关,-7.8,115.60,5117,正常
2016/06/16 08:13:52,7442d89bdfdf4142129a2c4e3856ab67138f3ea7,2f2eac8377eab70e3edf911369e67a2f14e326b3,持卡人消费,学士楼商务网关,-2.9,112.70,5118,正常
2016/06/16 12:11:30,7442d89bdfdf4142129a2c4e3856ab67138f3ea7,2f2eac8377eab70e3edf911369e67a2f14e326b3,持卡人消费,学苑楼商务网关,-9.0,103.70,5119,正常
2016/06/16 18:18:42,7442d89bdfdf4142129a2c4e3856ab67138f3ea7,2f2eac8377eab70e3edf911369e67a2f14e326b3,持卡人消费,学士楼商务网关,-7.6,96.10,5120,正常
2016/06/16 18:20:00,7442d89bdfdf4142129a2c4e3856ab67138f3ea7,2f2eac8377eab70e3edf911369e67a2f14e326b3,持卡人消费,学士楼商务网关,-0.5,95.60,5121,正常
2016/06/16 19:13:35,7442d89bdfdf4142129a2c4e3856ab67138f3ea7,2f2eac8377eab70e3edf911369e67a2f14e326b3,持卡人消费,一校区水控新,-0.3,95.30,5122,正常
2016/06/16 19:18:26,7442d89bdfdf4142129a2c4e3856ab67138f3ea7,2f2eac8377eab70e3edf911369e67a2f14e326b3,持卡人消费,一校区水控新,-0.35,94.95,5123,正常
2016/06/16 19:30:35,7442d89bdfdf4142129a2c4e3856ab67138f3ea7,2f2eac8377eab70e3edf911369e67a2f14e326b3,持卡人消费,一校区水控新,-1.02,93.93,5124,正常
2016/06/16 19:32:44,7442d89bdfdf4142129a2c4e3856ab67138f3ea7,2f2eac8377eab70e3edf911369e67a2f14e326b3,持卡人消费,一校区水控新,-0.08,93.85,5125,正常
2016/06/17 08:20:05,7442d89bdfdf4142129a2c4e3856ab67138f3ea7,2f2eac8377eab70e3edf911369e67a2f14e326b3,持卡人消费,学士楼商务网关,-3.3,90.55,5126,正常
2016/06/17 12:02:39,7442d89bdfdf4142129a2c4e3856ab67138f3ea7,2f2eac8377eab70e3edf911369e67a2f14e326b3,持卡人消费,学苑楼商务网关,-7.0,83.55,5127,正常
2016/06/17 18:27:08,7442d89bdfdf4142129a2c4e3856ab67138f3ea7,2f2eac8377eab70e3edf911369e67a2f14e326b3,持卡人消费,学士楼商务网关,-0.5,83.05,5128,正常
2016/06/17 18:28:25,7442d89bdfdf4142129a2c4e3856ab67138f3ea7,2f2eac8377eab70e3edf911369e67a2f14e326b3,持卡人消费,学士楼商务网关,-3.6,79.45,5129,正常
2016/06/17 18:29:15,7442d89bdfdf4142129a2c4e3856ab67138f3ea7,2f2eac8377eab70e3edf911369e67a2f14e326b3,持卡人消费,学士楼商务网关,-5.0,74.45,5130,正常
2016/06/18 08:58:44,7442d89bdfdf4142129a2c4e3856ab67138f3ea7,2f2eac8377eab70e3edf911369e67a2f14e326b3,持卡人消费,学士楼商务网关,-3.3,71.15,5131,正常
2016/06/18 12:09:29,7442d89bdfdf4142129a2c4e3856ab67138f3ea7,2f2eac8377eab70e3edf911369e67a2f14e326b3,持卡人消费,学苑楼商务网关,-7.0,64.15,5132,正常
2016/06/18 18:21:18,7442d89bdfdf4142129a2c4e3856ab67138f3ea7,2f2eac8377eab70e3edf911369e67a2f14e326b3,持卡人消费,学苑楼商务网关,-8.0,56.15,5133,正常
2016/06/19 08:54:50,7442d89bdfdf4142129a2c4e3856ab67138f3ea7,2f2eac8377eab70e3edf911369e67a2f14e326b3,持卡人消费,学士楼商务网关,-2.9,53.25,5134,正常
2016/06/19 12:21:49,7442d89bdfdf4142129a2c4e3856ab67138f3ea7,2f2eac8377eab70e3edf911369e67a2f14e326b3,持卡人消费,学苑楼商务网关,-8.0,45.25,5135,正常
2016/06/19 18:49:21,7442d89bdfdf4142129a2c4e3856ab67138f3ea7,2f2eac8377eab70e3edf911369e67a2f14e326b3,持卡人消费,学士楼商务网关,-3.6,41.65,5136,正常
2016/06/19 18:50:07,7442d89bdfdf4142129a2c4e3856ab67138f3ea7,2f2eac8377eab70e3edf911369e67a2f14e326b3,持卡人消费,学士楼商务网关,-0.5,41.15,5137,正常
2016/06/19 18:52:17,7442d89bdfdf4142129a2c4e3856ab67138f3ea7,2f2eac8377eab70e3edf911369e67a2f14e326b3,持卡人消费,学士楼商务网关,-4.5,36.65,5138,正常
2016/06/19 19:16:36,7442d89bdfdf4142129a2c4e3856ab67138f3ea7,2f2eac8377eab70e3edf911369e67a2f14e326b3,持卡人消费,超市商务子系统,-5.5,31.15,5139,正常
2016/06/20 08:59:46,7442d89bdfdf4142129a2c4e3856ab67138f3ea7,2f2eac8377eab70e3edf911369e67a2f14e326b3,持卡人消费,学士楼商务网关,-2.9,28.25,5140,正常
2016/06/20 12:23:30,7442d89bdfdf4142129a2c4e3856ab67138f3ea7,2f2eac8377eab70e3edf911369e67a2f14e326b3,持卡人消费,学苑楼商务网关,-8.0,20.25,5141,正常
2016/06/20 17:47:01,7442d89bdfdf4142129a2c4e3856ab67138f3ea7,2f2eac8377eab70e3edf911369e67a2f14e326b3,持卡人消费,学士楼商务网关,-6.8,13.45,5142,正常
2016/06/20 18:51:21,7442d89bdfdf4142129a2c4e3856ab67138f3ea7,2f2eac8377eab70e3edf911369e67a2f14e326b3,持卡人消费,一校区水控新,-0.29,13.16,5144,正常
2016/06/20 18:55:45,7442d89bdfdf4142129a2c4e3856ab67138f3ea7,2f2eac8377eab70e3edf911369e67a2f14e326b3,持卡人消费,一校区水控新,-0.35,12.81,5146,正常
2016/06/20 19:05:29,7442d89bdfdf4142129a2c4e3856ab67138f3ea7,2f2eac8377eab70e3edf911369e67a2f14e326b3,持卡人消费,一校区水控新,-0.9,11.91,5148,正常
2016/06/20 19:07:27,7442d89bdfdf4142129a2c4e3856ab67138f3ea7,2f2eac8377eab70e3edf911369e67a2f14e326b3,持卡人消费,一校区水控新,-0.05,11.86,5150,正常
2016/06/21 11:12:13,7442d89bdfdf4142129a2c4e3856ab67138f3ea7,2f2eac8377eab70e3edf911369e67a2f14e326b3,持卡人消费,学士楼商务网关,-7.0,4.86,5151,正常
2016/06/21 18:03:56,7442d89bdfdf4142129a2c4e3856ab67138f3ea7,2f2eac8377eab70e3edf911369e67a2f14e326b3,存款,现金充值机,200.0,204.86,5152,正常
2016/06/21 18:26:56,7442d89bdfdf4142129a2c4e3856ab67138f3ea7,2f2eac8377eab70e3edf911369e67a2f14e326b3,持卡人消费,学苑楼商务网关,-8.0,196.86,5153,正常
2016/06/22 11:21:56,7442d89bdfdf4142129a2c4e3856ab67138f3ea7,2f2eac8377eab70e3edf911369e67a2f14e326b3,持卡人消费,学士楼商务网关,-7.0,189.86,5154,正常
2016/06/22 18:14:47,7442d89bdfdf4142129a2c4e3856ab67138f3ea7,2f2eac8377eab70e3edf911369e67a2f14e326b3,持卡人消费,学苑楼商务网关,-8.8,181.06,5155,正常
2016/06/23 08:43:23,7442d89bdfdf4142129a2c4e3856ab67138f3ea7,2f2eac8377eab70e3edf911369e67a2f14e326b3,持卡人消费,学士楼商务网关,-2.9,178.16,5156,正常
2016/06/23 12:11:01,7442d89bdfdf4142129a2c4e3856ab67138f3ea7,2f2eac8377eab70e3edf911369e67a2f14e326b3,持卡人消费,学苑楼商务网关,-7.0,171.16,5157,正常
2016/06/23 18:13:36,7442d89bdfdf4142129a2c4e3856ab67138f3ea7,2f2eac8377eab70e3edf911369e67a2f14e326b3,持卡人消费,学苑楼商务网关,-9.0,162.16,5158,正常
2016/06/24 12:16:04,7442d89bdfdf4142129a2c4e3856ab67138f3ea7,2f2eac8377eab70e3edf911369e67a2f14e326b3,持卡人消费,学苑楼商务网关,-8.0,154.16,5159,正常
2016/06/24 20:14:26,7442d89bdfdf4142129a2c4e3856ab67138f3ea7,2f2eac8377eab70e3edf911369e67a2f14e326b3,持卡人消费,一校区水控新,-0.27,153.89,5160,正常
2016/06/24 20:18:02,7442d89bdfdf4142129a2c4e3856ab67138f3ea7,2f2eac8377eab70e3edf911369e67a2f14e326b3,持卡人消费,一校区水控新,-0.2,153.69,5161,正常
2016/06/24 20:27:43,7442d89bdfdf4142129a2c4e3856ab67138f3ea7,2f2eac8377eab70e3edf911369e67a2f14e326b3,持卡人消费,一校区水控新,-0.83,152.86,5162,正常
2016/06/24 20:29:12,7442d89bdfdf4142129a2c4e3856ab67138f3ea7,2f2eac8377eab70e3edf911369e67a2f14e326b3,持卡人消费,一校区水控新,-0.08,152.78,5163,正常
2016/06/25 12:47:31,7442d89bdfdf4142129a2c4e3856ab67138f3ea7,2f2eac8377eab70e3edf911369e67a2f14e326b3,持卡人消费,学士楼商务网关,-7.0,145.78,5164,正常
2016/06/25 18:12:22,7442d89bdfdf4142129a2c4e3856ab67138f3ea7,2f2eac8377eab70e3edf911369e67a2f14e326b3,持卡人消费,学士楼商务网关,-6.6,139.18,5165,正常
2016/06/25 18:13:32,7442d89bdfdf4142129a2c4e3856ab67138f3ea7,2f2eac8377eab70e3edf911369e67a2f14e326b3,持卡人消费,学士楼商务网关,-0.5,138.68,5166,正常
2016/06/26 13:35:09,7442d89bdfdf4142129a2c4e3856ab67138f3ea7,2f2eac8377eab70e3edf911369e67a2f14e326b3,持卡人消费,学士楼商务网关,-8.0,130.68,5167,正常
2016/06/26 18:15:25,7442d89bdfdf4142129a2c4e3856ab67138f3ea7,2f2eac8377eab70e3edf911369e67a2f14e326b3,持卡人消费,学士楼商务网关,-7.1,123.58,5168,正常
2016/06/26 18:16:29,7442d89bdfdf4142129a2c4e3856ab67138f3ea7,2f2eac8377eab70e3edf911369e67a2f14e326b3,持卡人消费,学士楼商务网关,-0.5,123.08,5169,正常
2016/06/27 11:29:14,7442d89bdfdf4142129a2c4e3856ab67138f3ea7,2f2eac8377eab70e3edf911369e67a2f14e326b3,持卡人消费,学苑楼商务网关,-8.0,115.08,5170,正常
2016/06/27 18:56:16,7442d89bdfdf4142129a2c4e3856ab67138f3ea7,2f2eac8377eab70e3edf911369e67a2f14e326b3,持卡人消费,学士楼商务网关,-6.6,108.48,5171,正常
2016/06/27 18:57:40,7442d89bdfdf4142129a2c4e3856ab67138f3ea7,2f2eac8377eab70e3edf911369e67a2f14e326b3,持卡人消费,学士楼商务网关,-0.5,107.98,5172,正常
2016/06/27 19:59:58,7442d89bdfdf4142129a2c4e3856ab67138f3ea7,2f2eac8377eab70e3edf911369e67a2f14e326b3,持卡人消费,一校区水控新,-0.22,107.76,5174,正常
2016/06/27 20:02:39,7442d89bdfdf4142129a2c4e3856ab67138f3ea7,2f2eac8377eab70e3edf911369e67a2f14e326b3,持卡人消费,一校区水控新,-0.19,107.57,5176,正常
2016/06/27 20:13:17,7442d89bdfdf4142129a2c4e3856ab67138f3ea7,2f2eac8377eab70e3edf911369e67a2f14e326b3,持卡人消费,一校区水控新,-0.83,106.74,5178,正常
2016/06/27 20:14:47,7442d89bdfdf4142129a2c4e3856ab67138f3ea7,2f2eac8377eab70e3edf911369e67a2f14e326b3,持卡人消费,一校区水控新,-0.06,106.68,5180,正常
2016/06/28 07:14:00,7442d89bdfdf4142129a2c4e3856ab67138f3ea7,2f2eac8377eab70e3edf911369e67a2f14e326b3,持卡人消费,学士楼商务网关,-2.9,103.78,5181,正常
2016/06/28 11:34:40,7442d89bdfdf4142129a2c4e3856ab67138f3ea7,2f2eac8377eab70e3edf911369e67a2f14e326b3,持卡人消费,硕果园（工大商店）,-9.0,94.78,5182,正常
2016/06/28 16:25:51,7442d89bdfdf4142129a2c4e3856ab67138f3ea7,2f2eac8377eab70e3edf911369e67a2f14e326b3,持卡人消费,一校区水控新,-1.78,93.00,5184,正常
2016/06/28 16:27:30,7442d89bdfdf4142129a2c4e3856ab67138f3ea7,2f2eac8377eab70e3edf911369e67a2f14e326b3,持卡人消费,一校区水控新,-0.11,92.89,5186,正常
2016/06/28 16:28:54,7442d89bdfdf4142129a2c4e3856ab67138f3ea7,2f2eac8377eab70e3edf911369e67a2f14e326b3,持卡人消费,一校区水控新,-0.16,92.73,5188,正常
2016/06/28 16:32:39,7442d89bdfdf4142129a2c4e3856ab67138f3ea7,2f2eac8377eab70e3edf911369e67a2f14e326b3,持卡人消费,一校区水控新,-0.34,92.39,5190,正常
2016/06/28 16:33:25,7442d89bdfdf4142129a2c4e3856ab67138f3ea7,2f2eac8377eab70e3edf911369e67a2f14e326b3,持卡人消费,一校区水控新,-0.03,92.36,5192,正常
2016/06/28 18:01:10,7442d89bdfdf4142129a2c4e3856ab67138f3ea7,2f2eac8377eab70e3edf911369e67a2f14e326b3,持卡人消费,学苑楼商务网关,-8.8,83.56,5193,正常
2016/06/29 08:31:29,7442d89bdfdf4142129a2c4e3856ab67138f3ea7,2f2eac8377eab70e3edf911369e67a2f14e326b3,持卡人消费,学士楼商务网关,-3.3,80.26,5194,正常
2016/06/29 11:28:03,7442d89bdfdf4142129a2c4e3856ab67138f3ea7,2f2eac8377eab70e3edf911369e67a2f14e326b3,持卡人消费,学苑楼商务网关,-8.0,72.26,5195,正常
2016/06/29 11:51:41,7442d89bdfdf4142129a2c4e3856ab67138f3ea7,2f2eac8377eab70e3edf911369e67a2f14e326b3,持卡人消费,超市商务子系统,-4.0,68.26,5196,正常
2016/06/29 11:54:15,7442d89bdfdf4142129a2c4e3856ab67138f3ea7,2f2eac8377eab70e3edf911369e67a2f14e326b3,持卡人消费,超市商务子系统,-1.8,66.46,5197,正常
2016/06/30 11:47:51,7442d89bdfdf4142129a2c4e3856ab67138f3ea7,2f2eac8377eab70e3edf911369e67a2f14e326b3,持卡人消费,学士楼商务网关,-7.0,59.46,5198,正常
