交易发生时间,学号,姓名,交易类型,子系统名称,交易额,现有余额,次数,状态
2016/06/01 09:04:02,8ef4449ee9369a1e277804a5b55dbac1eeb2d912,3226b479acf6419711a970d6e2e59278c9371b8b,持卡人消费,学士楼商务网关,-2.6,89.89,4703,正常
2016/06/01 11:23:18,8ef4449ee9369a1e277804a5b55dbac1eeb2d912,3226b479acf6419711a970d6e2e59278c9371b8b,持卡人消费,学苑楼商务网关,-7.0,82.89,4704,正常
2016/06/01 11:24:55,8ef4449ee9369a1e277804a5b55dbac1eeb2d912,3226b479acf6419711a970d6e2e59278c9371b8b,持卡人消费,学苑楼商务网关,-1.0,81.89,4705,正常
2016/06/01 11:26:59,8ef4449ee9369a1e277804a5b55dbac1eeb2d912,3226b479acf6419711a970d6e2e59278c9371b8b,持卡人消费,学苑楼商务网关,-10.0,71.89,4706,正常
2016/06/01 20:05:49,8ef4449ee9369a1e277804a5b55dbac1eeb2d912,3226b479acf6419711a970d6e2e59278c9371b8b,持卡人消费,一校区水控新,-0.72,71.17,4708,正常
2016/06/01 20:12:28,8ef4449ee9369a1e277804a5b55dbac1eeb2d912,3226b479acf6419711a970d6e2e59278c9371b8b,持卡人消费,一校区水控新,-1.01,70.16,4710,正常
2016/06/01 20:25:08,8ef4449ee9369a1e277804a5b55dbac1eeb2d912,3226b479acf6419711a970d6e2e59278c9371b8b,持卡人消费,学子超市园丁总店,-7.0,63.16,4711,正常
2016/06/02 08:27:20,8ef4449ee9369a1e277804a5b55dbac1eeb2d912,3226b479acf6419711a970d6e2e59278c9371b8b,持卡人消费,学士楼商务网关,-2.9,60.26,4712,正常
2016/06/02 12:06:40,8ef4449ee9369a1e277804a5b55dbac1eeb2d912,3226b479acf6419711a970d6e2e59278c9371b8b,持卡人消费,学士楼商务网关,-3.3,56.96,4713,正常
2016/06/02 12:08:04,8ef4449ee9369a1e277804a5b55dbac1eeb2d912,3226b479acf6419711a970d6e2e59278c9371b8b,持卡人消费,学士楼商务网关,-2.6,54.36,4714,正常
2016/06/02 16:39:17,8ef4449ee9369a1e277804a5b55dbac1eeb2d912,3226b479acf6419711a970d6e2e59278c9371b8b,持卡人消费,南苑网关,-7.0,47.36,4715,正常
2016/06/03 09:17:22,8ef4449ee9369a1e277804a5b55dbac1eeb2d912,3226b479acf6419711a970d6e2e59278c9371b8b,持卡人消费,学士楼商务网关,-2.4,44.96,4716,正常
2016/06/03 12:04:42,8ef4449ee9369a1e277804a5b55dbac1eeb2d912,3226b479acf6419711a970d6e2e59278c9371b8b,持卡人消费,学士楼商务网关,-3.8,41.16,4717,正常
2016/06/03 12:05:55,8ef4449ee9369a1e277804a5b55dbac1eeb2d912,3226b479acf6419711a970d6e2e59278c9371b8b,持卡人消费,学士楼商务网关,-2.0,39.16,4718,正常
2016/06/03 14:43:21,8ef4449ee9369a1e277804a5b55dbac1eeb2d912,3226b479acf6419711a970d6e2e59278c9371b8b,持卡人消费,超市商务子系统,-2.5,36.66,4719,正常
2016/06/03 18:57:04,8ef4449ee9369a1e277804a5b55dbac1eeb2d912,3226b479acf6419711a970d6e2e59278c9371b8b,持卡人消费,学士楼商务网关,-7.0,29.66,4720,正常
2016/06/04 09:05:13,8ef4449ee9369a1e277804a5b55dbac1eeb2d912,3226b479acf6419711a970d6e2e59278c9371b8b,持卡人消费,学士楼商务网关,-2.9,26.76,4721,正常
2016/06/04 11:17:57,8ef4449ee9369a1e277804a5b55dbac1eeb2d912,3226b479acf6419711a970d6e2e59278c9371b8b,持卡人消费,学苑楼商务网关,-7.0,19.76,4722,正常
2016/06/04 11:19:23,8ef4449ee9369a1e277804a5b55dbac1eeb2d912,3226b479acf6419711a970d6e2e59278c9371b8b,持卡人消费,学苑楼商务网关,-0.8,18.96,4723,正常
2016/06/04 16:22:03,8ef4449ee9369a1e277804a5b55dbac1eeb2d912,3226b479acf6419711a970d6e2e59278c9371b8b,持卡人消费,硕果园（工大商店）,-9.0,9.96,4724,正常
2016/06/04 16:28:22,8ef4449ee9369a1e277804a5b55dbac1eeb2d912,3226b479acf6419711a970d6e2e59278c9371b8b,持卡人消费,硕果园（工大商店）,-5.0,4.96,4725,正常
2016/06/05 09:02:39,8ef4449ee9369a1e277804a5b55dbac1eeb2d912,3226b479acf6419711a970d6e2e59278c9371b8b,持卡人消费,学士楼商务网关,-2.0,2.96,4726,正常
2016/06/05 09:09:21,8ef4449ee9369a1e277804a5b55dbac1eeb2d912,3226b479acf6419711a970d6e2e59278c9371b8b,存款,现金充值机,100.0,102.96,4727,正常
2016/06/05 10:30:48,8ef4449ee9369a1e277804a5b55dbac1eeb2d912,3226b479acf6419711a970d6e2e59278c9371b8b,持卡人消费,学子超市园丁总店,-1.0,101.96,4728,正常
2016/06/05 12:18:41,8ef4449ee9369a1e277804a5b55dbac1eeb2d912,3226b479acf6419711a970d6e2e59278c9371b8b,持卡人消费,学苑楼商务网关,-6.5,95.46,4729,正常
2016/06/05 18:51:15,8ef4449ee9369a1e277804a5b55dbac1eeb2d912,3226b479acf6419711a970d6e2e59278c9371b8b,持卡人消费,一校区水控新,-0.78,94.68,4731,正常
2016/06/05 18:59:38,8ef4449ee9369a1e277804a5b55dbac1eeb2d912,3226b479acf6419711a970d6e2e59278c9371b8b,持卡人消费,一校区水控新,-1.39,93.29,4733,正常
2016/06/06 09:11:06,8ef4449ee9369a1e277804a5b55dbac1eeb2d912,3226b479acf6419711a970d6e2e59278c9371b8b,持卡人消费,学士楼商务网关,-2.0,91.29,4734,正常
2016/06/06 13:38:27,8ef4449ee9369a1e277804a5b55dbac1eeb2d912,3226b479acf6419711a970d6e2e59278c9371b8b,持卡人消费,硕果园（工大商店）,-9.0,82.29,4735,正常
2016/06/06 13:59:07,8ef4449ee9369a1e277804a5b55dbac1eeb2d912,3226b479acf6419711a970d6e2e59278c9371b8b,持卡人消费,超市商务子系统,-4.8,77.49,4736,正常
2016/06/06 17:45:21,8ef4449ee9369a1e277804a5b55dbac1eeb2d912,3226b479acf6419711a970d6e2e59278c9371b8b,持卡人消费,学苑楼商务网关,-3.5,73.99,4737,正常
2016/06/07 08:03:54,8ef4449ee9369a1e277804a5b55dbac1eeb2d912,3226b479acf6419711a970d6e2e59278c9371b8b,持卡人消费,学士楼商务网关,-2.0,71.99,4738,正常
2016/06/07 08:04:57,8ef4449ee9369a1e277804a5b55dbac1eeb2d912,3226b479acf6419711a970d6e2e59278c9371b8b,持卡人消费,学士楼商务网关,-1.0,70.99,4739,正常
2016/06/07 08:16:08,8ef4449ee9369a1e277804a5b55dbac1eeb2d912,3226b479acf6419711a970d6e2e59278c9371b8b,持卡人消费,学士楼商务网关,-1.3,69.69,4740,正常
2016/06/07 08:16:13,8ef4449ee9369a1e277804a5b55dbac1eeb2d912,3226b479acf6419711a970d6e2e59278c9371b8b,持卡人消费,学士楼商务网关,-0.1,69.59,4741,正常
2016/06/07 12:46:04,8ef4449ee9369a1e277804a5b55dbac1eeb2d912,3226b479acf6419711a970d6e2e59278c9371b8b,持卡人消费,学苑楼商务网关,-9.0,60.59,4742,正常
2016/06/07 17:29:59,8ef4449ee9369a1e277804a5b55dbac1eeb2d912,3226b479acf6419711a970d6e2e59278c9371b8b,持卡人消费,学苑楼商务网关,-8.0,52.59,4743,正常
2016/06/08 07:34:11,8ef4449ee9369a1e277804a5b55dbac1eeb2d912,3226b479acf6419711a970d6e2e59278c9371b8b,持卡人消费,学士楼商务网关,-3.5,49.09,4744,正常
2016/06/08 12:47:08,8ef4449ee9369a1e277804a5b55dbac1eeb2d912,3226b479acf6419711a970d6e2e59278c9371b8b,持卡人消费,学苑楼商务网关,-8.0,41.09,4745,正常
2016/06/09 08:16:45,8ef4449ee9369a1e277804a5b55dbac1eeb2d912,3226b479acf6419711a970d6e2e59278c9371b8b,持卡人消费,学士楼商务网关,-3.0,38.09,4746,正常
2016/06/10 09:01:46,8ef4449ee9369a1e277804a5b55dbac1eeb2d912,3226b479acf6419711a970d6e2e59278c9371b8b,持卡人消费,学士楼商务网关,-3.0,29.09,4748,正常
2016/06/11 08:41:23,8ef4449ee9369a1e277804a5b55dbac1eeb2d912,3226b479acf6419711a970d6e2e59278c9371b8b,持卡人消费,学士楼商务网关,-3.0,26.09,4749,正常
2016/06/11 13:31:26,8ef4449ee9369a1e277804a5b55dbac1eeb2d912,3226b479acf6419711a970d6e2e59278c9371b8b,持卡人消费,硕果园（工大商店）,-9.0,17.09,4750,正常
2016/06/11 17:56:51,8ef4449ee9369a1e277804a5b55dbac1eeb2d912,3226b479acf6419711a970d6e2e59278c9371b8b,持卡人消费,一校区水控新,-0.56,16.53,4752,正常
2016/06/11 18:02:27,8ef4449ee9369a1e277804a5b55dbac1eeb2d912,3226b479acf6419711a970d6e2e59278c9371b8b,持卡人消费,一校区水控新,-0.86,15.67,4754,正常
2016/06/11 18:22:25,8ef4449ee9369a1e277804a5b55dbac1eeb2d912,3226b479acf6419711a970d6e2e59278c9371b8b,持卡人消费,学士楼商务网关,-3.3,12.37,4755,正常
2016/06/12 08:15:38,8ef4449ee9369a1e277804a5b55dbac1eeb2d912,3226b479acf6419711a970d6e2e59278c9371b8b,持卡人消费,学士楼商务网关,-2.0,10.37,4756,正常
2016/06/12 17:38:23,8ef4449ee9369a1e277804a5b55dbac1eeb2d912,3226b479acf6419711a970d6e2e59278c9371b8b,持卡人消费,一校区水控新,-0.38,9.99,4757,正常
2016/06/12 17:44:10,8ef4449ee9369a1e277804a5b55dbac1eeb2d912,3226b479acf6419711a970d6e2e59278c9371b8b,持卡人消费,一校区水控新,-0.88,9.11,4758,正常
2016/06/13 08:26:44,8ef4449ee9369a1e277804a5b55dbac1eeb2d912,3226b479acf6419711a970d6e2e59278c9371b8b,持卡人消费,学士楼商务网关,-3.0,6.11,4759,正常
2016/06/13 15:01:33,8ef4449ee9369a1e277804a5b55dbac1eeb2d912,3226b479acf6419711a970d6e2e59278c9371b8b,持卡人消费,一校区水控新,-0.75,5.36,4761,正常
2016/06/13 15:07:38,8ef4449ee9369a1e277804a5b55dbac1eeb2d912,3226b479acf6419711a970d6e2e59278c9371b8b,持卡人消费,一校区水控新,-0.94,4.42,4763,正常
2016/06/14 08:12:22,8ef4449ee9369a1e277804a5b55dbac1eeb2d912,3226b479acf6419711a970d6e2e59278c9371b8b,持卡人消费,学士楼商务网关,-2.0,2.42,4764,正常
2016/06/14 08:12:24,8ef4449ee9369a1e277804a5b55dbac1eeb2d912,3226b479acf6419711a970d6e2e59278c9371b8b,持卡人消费,学士楼商务网关,-0.6,1.82,4765,正常
2016/06/14 11:59:52,8ef4449ee9369a1e277804a5b55dbac1eeb2d912,3226b479acf6419711a970d6e2e59278c9371b8b,存款,卡中心综合业务,100.0,101.82,4766,正常
2016/06/14 12:03:06,8ef4449ee9369a1e277804a5b55dbac1eeb2d912,3226b479acf6419711a970d6e2e59278c9371b8b,持卡人消费,学苑楼商务网关,-8.0,93.82,4767,正常
2016/06/14 19:53:09,8ef4449ee9369a1e277804a5b55dbac1eeb2d912,3226b479acf6419711a970d6e2e59278c9371b8b,持卡人消费,学士楼商务网关,-8.0,85.82,4768,正常
2016/06/14 20:17:14,8ef4449ee9369a1e277804a5b55dbac1eeb2d912,3226b479acf6419711a970d6e2e59278c9371b8b,持卡人消费,超市商务子系统,-2.5,83.32,4769,正常
2016/06/15 00:09:40,8ef4449ee9369a1e277804a5b55dbac1eeb2d912,3226b479acf6419711a970d6e2e59278c9371b8b,持卡人消费,网络中心,-30.0,53.32,4770,正常
2016/06/15 09:06:38,8ef4449ee9369a1e277804a5b55dbac1eeb2d912,3226b479acf6419711a970d6e2e59278c9371b8b,持卡人消费,学士楼商务网关,-2.0,51.32,4771,正常
2016/06/15 13:29:10,8ef4449ee9369a1e277804a5b55dbac1eeb2d912,3226b479acf6419711a970d6e2e59278c9371b8b,持卡人消费,超市商务子系统,-6.0,45.32,4772,正常
2016/06/15 16:53:09,8ef4449ee9369a1e277804a5b55dbac1eeb2d912,3226b479acf6419711a970d6e2e59278c9371b8b,持卡人消费,一校区水控新,-2.0,43.32,4773,正常
2016/06/15 16:51:48,8ef4449ee9369a1e277804a5b55dbac1eeb2d912,3226b479acf6419711a970d6e2e59278c9371b8b,持卡人消费,一校区水控新,-0.05,41.27,4776,正常
2016/06/15 16:52:54,8ef4449ee9369a1e277804a5b55dbac1eeb2d912,3226b479acf6419711a970d6e2e59278c9371b8b,持卡人消费,一校区水控新,-0.77,42.50,4777,正常
2016/06/15 16:53:18,8ef4449ee9369a1e277804a5b55dbac1eeb2d912,3226b479acf6419711a970d6e2e59278c9371b8b,持卡人消费,一校区水控新,-0.02,42.48,4779,正常
2016/06/15 16:57:12,8ef4449ee9369a1e277804a5b55dbac1eeb2d912,3226b479acf6419711a970d6e2e59278c9371b8b,持卡人消费,一校区水控新,-0.49,39.99,4781,正常
2016/06/15 17:00:21,8ef4449ee9369a1e277804a5b55dbac1eeb2d912,3226b479acf6419711a970d6e2e59278c9371b8b,持卡人消费,一校区水控新,-1.15,40.84,4782,正常
2016/06/16 08:45:02,8ef4449ee9369a1e277804a5b55dbac1eeb2d912,3226b479acf6419711a970d6e2e59278c9371b8b,持卡人消费,学士楼商务网关,-2.0,38.84,4783,正常
2016/06/16 12:12:57,8ef4449ee9369a1e277804a5b55dbac1eeb2d912,3226b479acf6419711a970d6e2e59278c9371b8b,持卡人消费,学苑楼商务网关,-7.0,31.84,4784,正常
2016/06/16 12:13:57,8ef4449ee9369a1e277804a5b55dbac1eeb2d912,3226b479acf6419711a970d6e2e59278c9371b8b,持卡人消费,学苑楼商务网关,-0.8,31.04,4785,正常
2016/06/16 12:39:48,8ef4449ee9369a1e277804a5b55dbac1eeb2d912,3226b479acf6419711a970d6e2e59278c9371b8b,持卡人消费,超市商务子系统,-2.5,28.54,4786,正常
2016/06/16 17:49:50,8ef4449ee9369a1e277804a5b55dbac1eeb2d912,3226b479acf6419711a970d6e2e59278c9371b8b,持卡人消费,学士楼商务网关,-3.3,25.24,4787,正常
2016/06/16 17:51:14,8ef4449ee9369a1e277804a5b55dbac1eeb2d912,3226b479acf6419711a970d6e2e59278c9371b8b,持卡人消费,学士楼商务网关,-3.0,22.24,4788,正常
2016/06/16 21:43:49,8ef4449ee9369a1e277804a5b55dbac1eeb2d912,3226b479acf6419711a970d6e2e59278c9371b8b,持卡人消费,超市商务子系统,-4.5,17.74,4789,正常
2016/06/17 11:34:57,8ef4449ee9369a1e277804a5b55dbac1eeb2d912,3226b479acf6419711a970d6e2e59278c9371b8b,持卡人消费,学苑楼商务网关,-4.3,13.44,4790,正常
2016/06/17 11:35:22,8ef4449ee9369a1e277804a5b55dbac1eeb2d912,3226b479acf6419711a970d6e2e59278c9371b8b,持卡人消费,学苑楼商务网关,-5.0,8.44,4791,正常
2016/06/17 11:36:29,8ef4449ee9369a1e277804a5b55dbac1eeb2d912,3226b479acf6419711a970d6e2e59278c9371b8b,持卡人消费,学苑楼商务网关,-3.0,5.44,4792,正常
2016/06/17 11:37:59,8ef4449ee9369a1e277804a5b55dbac1eeb2d912,3226b479acf6419711a970d6e2e59278c9371b8b,持卡人消费,学苑楼商务网关,-3.0,2.44,4793,正常
2016/06/18 11:02:34,8ef4449ee9369a1e277804a5b55dbac1eeb2d912,3226b479acf6419711a970d6e2e59278c9371b8b,存款,现金充值机,50.0,52.44,4794,正常
2016/06/18 11:25:15,8ef4449ee9369a1e277804a5b55dbac1eeb2d912,3226b479acf6419711a970d6e2e59278c9371b8b,持卡人消费,学苑楼商务网关,-8.0,44.44,4795,正常
2016/06/18 11:25:17,8ef4449ee9369a1e277804a5b55dbac1eeb2d912,3226b479acf6419711a970d6e2e59278c9371b8b,持卡人消费,学苑楼商务网关,-8.0,36.44,4796,正常
2016/06/19 08:30:30,8ef4449ee9369a1e277804a5b55dbac1eeb2d912,3226b479acf6419711a970d6e2e59278c9371b8b,持卡人消费,学士楼商务网关,-3.0,33.44,4797,正常
2016/06/19 15:18:24,8ef4449ee9369a1e277804a5b55dbac1eeb2d912,3226b479acf6419711a970d6e2e59278c9371b8b,持卡人消费,硕果园（工大商店）,-10.0,23.44,4798,正常
2016/06/20 08:15:25,8ef4449ee9369a1e277804a5b55dbac1eeb2d912,3226b479acf6419711a970d6e2e59278c9371b8b,持卡人消费,学士楼商务网关,-3.0,20.44,4799,正常
2016/06/20 15:39:36,8ef4449ee9369a1e277804a5b55dbac1eeb2d912,3226b479acf6419711a970d6e2e59278c9371b8b,持卡人消费,学士楼商务网关,-3.3,17.14,4800,正常
2016/06/20 20:17:54,8ef4449ee9369a1e277804a5b55dbac1eeb2d912,3226b479acf6419711a970d6e2e59278c9371b8b,持卡人消费,一校区水控新,-0.3,16.84,4802,正常
2016/06/20 20:24:45,8ef4449ee9369a1e277804a5b55dbac1eeb2d912,3226b479acf6419711a970d6e2e59278c9371b8b,持卡人消费,一校区水控新,-1.04,15.80,4804,正常
2016/06/21 09:00:20,8ef4449ee9369a1e277804a5b55dbac1eeb2d912,3226b479acf6419711a970d6e2e59278c9371b8b,持卡人消费,学士楼商务网关,-2.4,13.40,4805,正常
2016/06/21 09:32:55,8ef4449ee9369a1e277804a5b55dbac1eeb2d912,3226b479acf6419711a970d6e2e59278c9371b8b,持卡人消费,学子超市园丁总店,-2.0,11.40,4806,正常
2016/06/21 12:08:04,8ef4449ee9369a1e277804a5b55dbac1eeb2d912,3226b479acf6419711a970d6e2e59278c9371b8b,持卡人消费,学士楼商务网关,-4.8,6.60,4807,正常
2016/06/21 17:35:38,8ef4449ee9369a1e277804a5b55dbac1eeb2d912,3226b479acf6419711a970d6e2e59278c9371b8b,持卡人消费,超市商务子系统,-3.7,2.90,4808,正常
2016/06/22 08:24:24,8ef4449ee9369a1e277804a5b55dbac1eeb2d912,3226b479acf6419711a970d6e2e59278c9371b8b,存款,现金充值机,50.0,52.90,4809,正常
2016/06/22 08:46:33,8ef4449ee9369a1e277804a5b55dbac1eeb2d912,3226b479acf6419711a970d6e2e59278c9371b8b,持卡人消费,学苑楼商务网关,-9.0,43.90,4810,正常
2016/06/22 16:55:23,8ef4449ee9369a1e277804a5b55dbac1eeb2d912,3226b479acf6419711a970d6e2e59278c9371b8b,持卡人消费,学士楼商务网关,-10.2,33.70,4811,正常
2016/06/23 08:16:35,8ef4449ee9369a1e277804a5b55dbac1eeb2d912,3226b479acf6419711a970d6e2e59278c9371b8b,持卡人消费,学士楼商务网关,-2.6,31.10,4812,正常
2016/06/23 17:44:03,8ef4449ee9369a1e277804a5b55dbac1eeb2d912,3226b479acf6419711a970d6e2e59278c9371b8b,持卡人消费,学士楼商务网关,-5.3,25.80,4813,正常
2016/06/23 17:47:36,8ef4449ee9369a1e277804a5b55dbac1eeb2d912,3226b479acf6419711a970d6e2e59278c9371b8b,持卡人消费,学士楼商务网关,-3.5,22.30,4814,正常
2016/06/23 21:16:40,8ef4449ee9369a1e277804a5b55dbac1eeb2d912,3226b479acf6419711a970d6e2e59278c9371b8b,持卡人消费,超市商务子系统,-8.9,13.40,4815,正常
2016/06/24 09:28:44,8ef4449ee9369a1e277804a5b55dbac1eeb2d912,3226b479acf6419711a970d6e2e59278c9371b8b,持卡人消费,学士楼商务网关,-2.4,11.00,4816,正常
2016/06/24 09:29:22,8ef4449ee9369a1e277804a5b55dbac1eeb2d912,3226b479acf6419711a970d6e2e59278c9371b8b,持卡人消费,学士楼商务网关,-0.2,10.80,4817,正常
2016/06/24 12:28:20,8ef4449ee9369a1e277804a5b55dbac1eeb2d912,3226b479acf6419711a970d6e2e59278c9371b8b,持卡人消费,学士楼商务网关,-7.0,3.80,4818,正常
2016/06/24 12:47:24,8ef4449ee9369a1e277804a5b55dbac1eeb2d912,3226b479acf6419711a970d6e2e59278c9371b8b,存款,学苑楼综合业务2,100.0,103.80,4819,正常
2016/06/24 12:49:43,8ef4449ee9369a1e277804a5b55dbac1eeb2d912,3226b479acf6419711a970d6e2e59278c9371b8b,持卡人消费,超市商务子系统,-2.5,101.30,4820,正常
2016/06/24 16:55:41,8ef4449ee9369a1e277804a5b55dbac1eeb2d912,3226b479acf6419711a970d6e2e59278c9371b8b,持卡人消费,一校区水控新,-0.56,100.74,4821,正常
2016/06/24 17:01:19,8ef4449ee9369a1e277804a5b55dbac1eeb2d912,3226b479acf6419711a970d6e2e59278c9371b8b,持卡人消费,一校区水控新,-0.84,99.90,4822,正常
2016/06/24 18:00:54,8ef4449ee9369a1e277804a5b55dbac1eeb2d912,3226b479acf6419711a970d6e2e59278c9371b8b,持卡人消费,硕果园（工大商店）,-33.0,66.90,4823,正常
2016/06/25 09:22:32,8ef4449ee9369a1e277804a5b55dbac1eeb2d912,3226b479acf6419711a970d6e2e59278c9371b8b,持卡人消费,学士楼商务网关,-2.9,64.00,4824,正常
2016/06/25 12:36:44,8ef4449ee9369a1e277804a5b55dbac1eeb2d912,3226b479acf6419711a970d6e2e59278c9371b8b,持卡人消费,学士楼商务网关,-1.0,63.00,4825,正常
2016/06/25 12:37:04,8ef4449ee9369a1e277804a5b55dbac1eeb2d912,3226b479acf6419711a970d6e2e59278c9371b8b,持卡人消费,学士楼商务网关,-2.4,60.60,4826,正常
2016/06/25 12:38:09,8ef4449ee9369a1e277804a5b55dbac1eeb2d912,3226b479acf6419711a970d6e2e59278c9371b8b,持卡人消费,学士楼商务网关,-0.6,60.00,4827,正常
2016/06/25 13:03:22,8ef4449ee9369a1e277804a5b55dbac1eeb2d912,3226b479acf6419711a970d6e2e59278c9371b8b,持卡人消费,超市商务子系统,-2.9,57.10,4828,正常
2016/06/25 18:42:18,8ef4449ee9369a1e277804a5b55dbac1eeb2d912,3226b479acf6419711a970d6e2e59278c9371b8b,持卡人消费,硕果园（工大商店）,-10.0,47.10,4829,正常
2016/06/26 08:26:15,8ef4449ee9369a1e277804a5b55dbac1eeb2d912,3226b479acf6419711a970d6e2e59278c9371b8b,持卡人消费,学士楼商务网关,-2.5,44.60,4830,正常
2016/06/26 08:26:38,8ef4449ee9369a1e277804a5b55dbac1eeb2d912,3226b479acf6419711a970d6e2e59278c9371b8b,持卡人消费,学士楼商务网关,-1.0,43.60,4831,正常
2016/06/26 14:02:22,8ef4449ee9369a1e277804a5b55dbac1eeb2d912,3226b479acf6419711a970d6e2e59278c9371b8b,持卡人消费,硕果园（工大商店）,-9.0,34.60,4832,正常
2016/06/26 21:31:27,8ef4449ee9369a1e277804a5b55dbac1eeb2d912,3226b479acf6419711a970d6e2e59278c9371b8b,持卡人消费,超市商务子系统,-5.0,29.60,4833,正常
2016/06/26 21:36:33,8ef4449ee9369a1e277804a5b55dbac1eeb2d912,3226b479acf6419711a970d6e2e59278c9371b8b,持卡人消费,超市商务子系统,-6.4,23.20,4834,正常
2016/06/27 08:49:00,8ef4449ee9369a1e277804a5b55dbac1eeb2d912,3226b479acf6419711a970d6e2e59278c9371b8b,持卡人消费,学士楼商务网关,-2.9,20.30,4835,正常
2016/06/27 12:32:18,8ef4449ee9369a1e277804a5b55dbac1eeb2d912,3226b479acf6419711a970d6e2e59278c9371b8b,持卡人消费,学苑楼商务网关,-7.0,13.30,4836,正常
2016/06/27 18:57:44,8ef4449ee9369a1e277804a5b55dbac1eeb2d912,3226b479acf6419711a970d6e2e59278c9371b8b,持卡人消费,学士楼商务网关,-5.8,7.50,4837,正常
2016/06/27 18:59:04,8ef4449ee9369a1e277804a5b55dbac1eeb2d912,3226b479acf6419711a970d6e2e59278c9371b8b,持卡人消费,学士楼商务网关,-2.0,5.50,4838,正常
2016/06/28 07:18:13,8ef4449ee9369a1e277804a5b55dbac1eeb2d912,3226b479acf6419711a970d6e2e59278c9371b8b,持卡人消费,学士楼商务网关,-2.6,2.90,4839,正常
2016/06/29 12:53:01,8ef4449ee9369a1e277804a5b55dbac1eeb2d912,3226b479acf6419711a970d6e2e59278c9371b8b,存款,现金充值机,50.0,52.90,4840,正常
2016/06/29 13:19:24,8ef4449ee9369a1e277804a5b55dbac1eeb2d912,3226b479acf6419711a970d6e2e59278c9371b8b,持卡人消费,超市商务子系统,-10.5,42.40,4841,正常
2016/06/30 08:51:50,8ef4449ee9369a1e277804a5b55dbac1eeb2d912,3226b479acf6419711a970d6e2e59278c9371b8b,持卡人消费,学士楼商务网关,-3.5,38.90,4842,正常
2016/06/30 12:01:50,8ef4449ee9369a1e277804a5b55dbac1eeb2d912,3226b479acf6419711a970d6e2e59278c9371b8b,持卡人消费,学苑楼商务网关,-3.6,35.30,4843,正常
2016/06/30 12:02:37,8ef4449ee9369a1e277804a5b55dbac1eeb2d912,3226b479acf6419711a970d6e2e59278c9371b8b,持卡人消费,学苑楼商务网关,-3.0,32.30,4844,正常
