交易发生时间,学号,姓名,交易类型,子系统名称,交易额,现有余额,次数,状态
2016/06/01 09:09:48,b6ea7283ebd60a7691110b4f0182f6999e9d06e8,327710e5e8f0dc24ac534ccd44eac475f23f1c1a,持卡人消费,学士楼商务网关,-3.4,368.83,5225,正常
2016/06/01 11:23:38,b6ea7283ebd60a7691110b4f0182f6999e9d06e8,327710e5e8f0dc24ac534ccd44eac475f23f1c1a,持卡人消费,学士楼商务网关,-8.2,360.63,5226,正常
2016/06/01 17:11:08,b6ea7283ebd60a7691110b4f0182f6999e9d06e8,327710e5e8f0dc24ac534ccd44eac475f23f1c1a,持卡人消费,学苑楼商务网关,-8.8,351.83,5227,正常
2016/06/01 18:51:12,b6ea7283ebd60a7691110b4f0182f6999e9d06e8,327710e5e8f0dc24ac534ccd44eac475f23f1c1a,持卡人消费,学子便利店A01后楼,-1.0,350.83,5228,正常
2016/06/02 07:08:03,b6ea7283ebd60a7691110b4f0182f6999e9d06e8,327710e5e8f0dc24ac534ccd44eac475f23f1c1a,持卡人消费,学士楼商务网关,-6.7,344.13,5229,正常
2016/06/02 11:28:15,b6ea7283ebd60a7691110b4f0182f6999e9d06e8,327710e5e8f0dc24ac534ccd44eac475f23f1c1a,持卡人消费,学士楼商务网关,-8.2,335.93,5230,正常
2016/06/02 16:12:25,b6ea7283ebd60a7691110b4f0182f6999e9d06e8,327710e5e8f0dc24ac534ccd44eac475f23f1c1a,持卡人消费,一校区水控新,-0.72,335.21,5232,正常
2016/06/02 16:16:00,b6ea7283ebd60a7691110b4f0182f6999e9d06e8,327710e5e8f0dc24ac534ccd44eac475f23f1c1a,持卡人消费,一校区水控新,-0.45,334.76,5234,正常
2016/06/02 16:21:39,b6ea7283ebd60a7691110b4f0182f6999e9d06e8,327710e5e8f0dc24ac534ccd44eac475f23f1c1a,持卡人消费,一校区水控新,-0.11,334.65,5236,正常
2016/06/02 16:27:25,b6ea7283ebd60a7691110b4f0182f6999e9d06e8,327710e5e8f0dc24ac534ccd44eac475f23f1c1a,持卡人消费,一校区水控新,-0.29,334.36,5238,正常
2016/06/02 16:36:21,b6ea7283ebd60a7691110b4f0182f6999e9d06e8,327710e5e8f0dc24ac534ccd44eac475f23f1c1a,持卡人消费,一校区水控新,-0.75,333.61,5240,正常
2016/06/03 11:57:52,b6ea7283ebd60a7691110b4f0182f6999e9d06e8,327710e5e8f0dc24ac534ccd44eac475f23f1c1a,持卡人消费,学士楼商务网关,-10.9,322.71,5241,正常
2016/06/04 09:20:57,b6ea7283ebd60a7691110b4f0182f6999e9d06e8,327710e5e8f0dc24ac534ccd44eac475f23f1c1a,持卡人消费,学士楼商务网关,-3.4,319.31,5242,正常
2016/06/04 14:07:15,b6ea7283ebd60a7691110b4f0182f6999e9d06e8,327710e5e8f0dc24ac534ccd44eac475f23f1c1a,持卡人消费,硕果园（工大商店）,-13.0,306.31,5243,正常
2016/06/04 19:42:27,b6ea7283ebd60a7691110b4f0182f6999e9d06e8,327710e5e8f0dc24ac534ccd44eac475f23f1c1a,持卡人消费,硕果园（工大商店）,-20.0,286.31,5244,正常
2016/06/05 09:59:55,b6ea7283ebd60a7691110b4f0182f6999e9d06e8,327710e5e8f0dc24ac534ccd44eac475f23f1c1a,持卡人消费,超市商务子系统,-8.9,277.41,5245,正常
2016/06/05 10:56:23,b6ea7283ebd60a7691110b4f0182f6999e9d06e8,327710e5e8f0dc24ac534ccd44eac475f23f1c1a,持卡人消费,学士楼商务网关,-6.7,270.71,5246,正常
2016/06/05 20:58:46,b6ea7283ebd60a7691110b4f0182f6999e9d06e8,327710e5e8f0dc24ac534ccd44eac475f23f1c1a,持卡人消费,学子便利店A01后楼,-5.8,264.91,5247,正常
2016/06/06 08:17:05,b6ea7283ebd60a7691110b4f0182f6999e9d06e8,327710e5e8f0dc24ac534ccd44eac475f23f1c1a,持卡人消费,学士楼商务网关,-3.4,261.51,5248,正常
2016/06/06 11:00:12,b6ea7283ebd60a7691110b4f0182f6999e9d06e8,327710e5e8f0dc24ac534ccd44eac475f23f1c1a,持卡人消费,学苑楼商务网关,-9.0,252.51,5249,正常
2016/06/07 11:21:41,b6ea7283ebd60a7691110b4f0182f6999e9d06e8,327710e5e8f0dc24ac534ccd44eac475f23f1c1a,持卡人消费,学士楼商务网关,-7.2,245.31,5250,正常
2016/06/07 11:22:51,b6ea7283ebd60a7691110b4f0182f6999e9d06e8,327710e5e8f0dc24ac534ccd44eac475f23f1c1a,持卡人消费,学士楼商务网关,-7.0,238.31,5251,正常
2016/06/07 17:46:51,b6ea7283ebd60a7691110b4f0182f6999e9d06e8,327710e5e8f0dc24ac534ccd44eac475f23f1c1a,持卡人消费,学苑楼商务网关,-8.0,230.31,5252,正常
2016/06/07 20:34:59,b6ea7283ebd60a7691110b4f0182f6999e9d06e8,327710e5e8f0dc24ac534ccd44eac475f23f1c1a,持卡人消费,超市商务子系统,-31.2,199.11,5253,正常
2016/06/08 11:54:04,b6ea7283ebd60a7691110b4f0182f6999e9d06e8,327710e5e8f0dc24ac534ccd44eac475f23f1c1a,持卡人消费,学士楼商务网关,-5.1,194.01,5254,正常
2016/06/08 15:33:45,b6ea7283ebd60a7691110b4f0182f6999e9d06e8,327710e5e8f0dc24ac534ccd44eac475f23f1c1a,持卡人消费,一校区水控新,-0.74,193.27,5256,正常
2016/06/08 15:38:39,b6ea7283ebd60a7691110b4f0182f6999e9d06e8,327710e5e8f0dc24ac534ccd44eac475f23f1c1a,持卡人消费,一校区水控新,-0.58,192.69,5258,正常
2016/06/08 15:44:50,b6ea7283ebd60a7691110b4f0182f6999e9d06e8,327710e5e8f0dc24ac534ccd44eac475f23f1c1a,持卡人消费,一校区水控新,-0.26,192.43,5260,正常
2016/06/08 15:45:17,b6ea7283ebd60a7691110b4f0182f6999e9d06e8,327710e5e8f0dc24ac534ccd44eac475f23f1c1a,持卡人消费,一校区水控新,-0.06,192.37,5262,正常
2016/06/08 15:50:03,b6ea7283ebd60a7691110b4f0182f6999e9d06e8,327710e5e8f0dc24ac534ccd44eac475f23f1c1a,持卡人消费,一校区水控新,-0.27,192.10,5264,正常
2016/06/08 16:00:22,b6ea7283ebd60a7691110b4f0182f6999e9d06e8,327710e5e8f0dc24ac534ccd44eac475f23f1c1a,持卡人消费,一校区水控新,-0.75,191.35,5266,正常
2016/06/09 09:10:09,b6ea7283ebd60a7691110b4f0182f6999e9d06e8,327710e5e8f0dc24ac534ccd44eac475f23f1c1a,持卡人消费,学士楼商务网关,-1.9,189.45,5267,正常
2016/06/09 13:07:06,b6ea7283ebd60a7691110b4f0182f6999e9d06e8,327710e5e8f0dc24ac534ccd44eac475f23f1c1a,持卡人消费,硕果园（工大商店）,-11.0,178.45,5268,正常
2016/06/10 11:39:08,b6ea7283ebd60a7691110b4f0182f6999e9d06e8,327710e5e8f0dc24ac534ccd44eac475f23f1c1a,持卡人消费,学士楼商务网关,-8.4,170.05,5269,正常
2016/06/10 11:39:40,b6ea7283ebd60a7691110b4f0182f6999e9d06e8,327710e5e8f0dc24ac534ccd44eac475f23f1c1a,持卡人消费,学士楼商务网关,-3.4,166.65,5270,正常
2016/06/10 18:45:46,b6ea7283ebd60a7691110b4f0182f6999e9d06e8,327710e5e8f0dc24ac534ccd44eac475f23f1c1a,持卡人消费,硕果园（工大商店）,-17.0,149.65,5271,正常
2016/06/11 12:46:54,b6ea7283ebd60a7691110b4f0182f6999e9d06e8,327710e5e8f0dc24ac534ccd44eac475f23f1c1a,持卡人消费,硕果园（工大商店）,-1.0,148.65,5272,正常
2016/06/11 12:49:53,b6ea7283ebd60a7691110b4f0182f6999e9d06e8,327710e5e8f0dc24ac534ccd44eac475f23f1c1a,持卡人消费,硕果园（工大商店）,-23.1,125.55,5273,正常
2016/06/12 09:19:56,b6ea7283ebd60a7691110b4f0182f6999e9d06e8,327710e5e8f0dc24ac534ccd44eac475f23f1c1a,持卡人消费,学士楼商务网关,-2.0,123.55,5274,正常
2016/06/12 11:24:39,b6ea7283ebd60a7691110b4f0182f6999e9d06e8,327710e5e8f0dc24ac534ccd44eac475f23f1c1a,持卡人消费,学士楼商务网关,-10.2,113.35,5275,正常
2016/06/12 17:34:41,b6ea7283ebd60a7691110b4f0182f6999e9d06e8,327710e5e8f0dc24ac534ccd44eac475f23f1c1a,持卡人消费,学士楼商务网关,-4.9,99.45,5277,正常
2016/06/13 11:20:01,b6ea7283ebd60a7691110b4f0182f6999e9d06e8,327710e5e8f0dc24ac534ccd44eac475f23f1c1a,持卡人消费,学士楼商务网关,-13.9,85.55,5278,正常
2016/06/14 10:19:06,b6ea7283ebd60a7691110b4f0182f6999e9d06e8,327710e5e8f0dc24ac534ccd44eac475f23f1c1a,持卡人消费,学子便利店A01后楼,-3.6,81.95,5279,正常
2016/06/14 12:53:44,b6ea7283ebd60a7691110b4f0182f6999e9d06e8,327710e5e8f0dc24ac534ccd44eac475f23f1c1a,持卡人消费,一校区水控新,-1.02,80.93,5280,正常
2016/06/14 12:57:45,b6ea7283ebd60a7691110b4f0182f6999e9d06e8,327710e5e8f0dc24ac534ccd44eac475f23f1c1a,持卡人消费,一校区水控新,-0.27,80.66,5281,正常
2016/06/14 13:00:40,b6ea7283ebd60a7691110b4f0182f6999e9d06e8,327710e5e8f0dc24ac534ccd44eac475f23f1c1a,持卡人消费,一校区水控新,-0.08,80.58,5282,正常
2016/06/14 13:04:14,b6ea7283ebd60a7691110b4f0182f6999e9d06e8,327710e5e8f0dc24ac534ccd44eac475f23f1c1a,持卡人消费,一校区水控新,-0.04,80.54,5283,正常
2016/06/14 13:10:39,b6ea7283ebd60a7691110b4f0182f6999e9d06e8,327710e5e8f0dc24ac534ccd44eac475f23f1c1a,持卡人消费,一校区水控新,-0.2,80.34,5284,正常
2016/06/14 13:14:30,b6ea7283ebd60a7691110b4f0182f6999e9d06e8,327710e5e8f0dc24ac534ccd44eac475f23f1c1a,持卡人消费,一校区水控新,-0.16,80.18,5285,正常
2016/06/14 13:29:05,b6ea7283ebd60a7691110b4f0182f6999e9d06e8,327710e5e8f0dc24ac534ccd44eac475f23f1c1a,持卡人消费,一校区水控新,-0.97,79.21,5286,正常
2016/06/14 18:31:04,b6ea7283ebd60a7691110b4f0182f6999e9d06e8,327710e5e8f0dc24ac534ccd44eac475f23f1c1a,持卡人消费,硕果园（工大商店）,-8.0,71.21,5287,正常
2016/06/15 09:25:01,b6ea7283ebd60a7691110b4f0182f6999e9d06e8,327710e5e8f0dc24ac534ccd44eac475f23f1c1a,持卡人消费,学子便利店A01后楼,-10.9,60.31,5288,正常
2016/06/15 11:38:50,b6ea7283ebd60a7691110b4f0182f6999e9d06e8,327710e5e8f0dc24ac534ccd44eac475f23f1c1a,持卡人消费,学士楼商务网关,-11.4,48.91,5289,正常
2016/06/15 18:19:11,b6ea7283ebd60a7691110b4f0182f6999e9d06e8,327710e5e8f0dc24ac534ccd44eac475f23f1c1a,持卡人消费,学子便利店A01后楼,-6.0,42.91,5290,正常
2016/06/16 09:01:46,b6ea7283ebd60a7691110b4f0182f6999e9d06e8,327710e5e8f0dc24ac534ccd44eac475f23f1c1a,持卡人消费,学子便利店A01后楼,-4.4,38.51,5291,正常
2016/06/16 11:19:35,b6ea7283ebd60a7691110b4f0182f6999e9d06e8,327710e5e8f0dc24ac534ccd44eac475f23f1c1a,持卡人消费,学子楼商务网关,-12.0,26.51,5292,正常
2016/06/16 11:19:54,b6ea7283ebd60a7691110b4f0182f6999e9d06e8,327710e5e8f0dc24ac534ccd44eac475f23f1c1a,持卡人消费,学子楼商务网关,-0.8,25.71,5293,正常
2016/06/16 17:19:34,b6ea7283ebd60a7691110b4f0182f6999e9d06e8,327710e5e8f0dc24ac534ccd44eac475f23f1c1a,持卡人消费,学士楼商务网关,-6.4,19.31,5294,正常
2016/06/18 11:48:15,b6ea7283ebd60a7691110b4f0182f6999e9d06e8,327710e5e8f0dc24ac534ccd44eac475f23f1c1a,持卡人消费,学子楼商务网关,-8.0,11.31,5295,正常
2016/06/18 11:48:29,b6ea7283ebd60a7691110b4f0182f6999e9d06e8,327710e5e8f0dc24ac534ccd44eac475f23f1c1a,持卡人消费,学子楼商务网关,-2.0,9.31,5296,正常
2016/06/19 14:19:23,b6ea7283ebd60a7691110b4f0182f6999e9d06e8,327710e5e8f0dc24ac534ccd44eac475f23f1c1a,持卡人消费,一校区水控新,-0.66,8.65,5298,正常
2016/06/19 14:23:55,b6ea7283ebd60a7691110b4f0182f6999e9d06e8,327710e5e8f0dc24ac534ccd44eac475f23f1c1a,持卡人消费,一校区水控新,-0.51,8.14,5300,正常
2016/06/19 14:24:26,b6ea7283ebd60a7691110b4f0182f6999e9d06e8,327710e5e8f0dc24ac534ccd44eac475f23f1c1a,持卡人消费,一校区水控新,-0.05,8.09,5302,正常
2016/06/19 14:36:40,b6ea7283ebd60a7691110b4f0182f6999e9d06e8,327710e5e8f0dc24ac534ccd44eac475f23f1c1a,持卡人消费,一校区水控新,-0.91,7.18,5304,正常
2016/06/19 14:37:37,b6ea7283ebd60a7691110b4f0182f6999e9d06e8,327710e5e8f0dc24ac534ccd44eac475f23f1c1a,持卡人消费,一校区水控新,-0.16,7.02,5306,正常
2016/06/19 19:52:56,b6ea7283ebd60a7691110b4f0182f6999e9d06e8,327710e5e8f0dc24ac534ccd44eac475f23f1c1a,持卡人消费,硕果园（工大商店）,-0.5,6.52,5307,正常
2016/06/19 19:53:55,b6ea7283ebd60a7691110b4f0182f6999e9d06e8,327710e5e8f0dc24ac534ccd44eac475f23f1c1a,持卡人消费,硕果园（工大商店）,-3.2,3.32,5308,正常
2016/06/20 11:45:42,b6ea7283ebd60a7691110b4f0182f6999e9d06e8,327710e5e8f0dc24ac534ccd44eac475f23f1c1a,存款,卡中心综合业务,200.0,203.32,5309,正常
2016/06/20 11:47:22,b6ea7283ebd60a7691110b4f0182f6999e9d06e8,327710e5e8f0dc24ac534ccd44eac475f23f1c1a,持卡人消费,学苑楼商务网关,-8.0,195.32,5310,正常
2016/06/20 12:07:16,b6ea7283ebd60a7691110b4f0182f6999e9d06e8,327710e5e8f0dc24ac534ccd44eac475f23f1c1a,持卡人消费,硕果园（工大商店）,-3.5,191.82,5311,正常
2016/06/21 10:54:07,b6ea7283ebd60a7691110b4f0182f6999e9d06e8,327710e5e8f0dc24ac534ccd44eac475f23f1c1a,持卡人消费,学子便利店A01后楼,-8.5,183.32,5312,正常
2016/06/21 11:28:45,b6ea7283ebd60a7691110b4f0182f6999e9d06e8,327710e5e8f0dc24ac534ccd44eac475f23f1c1a,持卡人消费,学士楼商务网关,-8.7,174.62,5313,正常
2016/06/21 11:48:53,b6ea7283ebd60a7691110b4f0182f6999e9d06e8,327710e5e8f0dc24ac534ccd44eac475f23f1c1a,持卡人消费,超市商务子系统,-14.0,160.62,5314,正常
2016/06/22 10:54:24,b6ea7283ebd60a7691110b4f0182f6999e9d06e8,327710e5e8f0dc24ac534ccd44eac475f23f1c1a,持卡人消费,学子便利店A01后楼,-4.6,156.02,5315,正常
2016/06/22 11:29:53,b6ea7283ebd60a7691110b4f0182f6999e9d06e8,327710e5e8f0dc24ac534ccd44eac475f23f1c1a,持卡人消费,学士楼商务网关,-8.7,147.32,5316,正常
2016/06/22 11:48:40,b6ea7283ebd60a7691110b4f0182f6999e9d06e8,327710e5e8f0dc24ac534ccd44eac475f23f1c1a,持卡人消费,硕果园（工大商店）,-3.0,144.32,5317,正常
2016/06/22 15:40:30,b6ea7283ebd60a7691110b4f0182f6999e9d06e8,327710e5e8f0dc24ac534ccd44eac475f23f1c1a,持卡人消费,一校区水控新,-0.34,143.98,5319,正常
2016/06/22 15:43:27,b6ea7283ebd60a7691110b4f0182f6999e9d06e8,327710e5e8f0dc24ac534ccd44eac475f23f1c1a,持卡人消费,一校区水控新,-0.3,143.68,5321,正常
2016/06/22 15:45:34,b6ea7283ebd60a7691110b4f0182f6999e9d06e8,327710e5e8f0dc24ac534ccd44eac475f23f1c1a,持卡人消费,一校区水控新,-0.06,143.62,5323,正常
2016/06/22 15:49:18,b6ea7283ebd60a7691110b4f0182f6999e9d06e8,327710e5e8f0dc24ac534ccd44eac475f23f1c1a,持卡人消费,一校区水控新,-0.14,143.48,5325,正常
2016/06/22 15:50:19,b6ea7283ebd60a7691110b4f0182f6999e9d06e8,327710e5e8f0dc24ac534ccd44eac475f23f1c1a,持卡人消费,一校区水控新,-0.03,143.45,5327,正常
2016/06/22 15:58:04,b6ea7283ebd60a7691110b4f0182f6999e9d06e8,327710e5e8f0dc24ac534ccd44eac475f23f1c1a,持卡人消费,一校区水控新,-0.56,142.89,5329,正常
2016/06/22 16:06:34,b6ea7283ebd60a7691110b4f0182f6999e9d06e8,327710e5e8f0dc24ac534ccd44eac475f23f1c1a,持卡人消费,学子便利店A01后楼,-6.8,136.09,5330,正常
2016/06/22 17:13:34,b6ea7283ebd60a7691110b4f0182f6999e9d06e8,327710e5e8f0dc24ac534ccd44eac475f23f1c1a,持卡人消费,学士楼商务网关,-10.0,126.09,5331,正常
2016/06/22 17:18:06,b6ea7283ebd60a7691110b4f0182f6999e9d06e8,327710e5e8f0dc24ac534ccd44eac475f23f1c1a,持卡人消费,学士楼商务网关,-2.4,123.69,5332,正常
2016/06/23 08:09:22,b6ea7283ebd60a7691110b4f0182f6999e9d06e8,327710e5e8f0dc24ac534ccd44eac475f23f1c1a,持卡人消费,学士楼商务网关,-3.9,119.79,5333,正常
2016/06/23 10:39:54,b6ea7283ebd60a7691110b4f0182f6999e9d06e8,327710e5e8f0dc24ac534ccd44eac475f23f1c1a,持卡人消费,一区图书馆APOS,-8.2,111.59,5334,正常
2016/06/23 11:38:25,b6ea7283ebd60a7691110b4f0182f6999e9d06e8,327710e5e8f0dc24ac534ccd44eac475f23f1c1a,持卡人消费,学士楼商务网关,-11.2,100.39,5335,正常
2016/06/24 11:38:43,b6ea7283ebd60a7691110b4f0182f6999e9d06e8,327710e5e8f0dc24ac534ccd44eac475f23f1c1a,持卡人消费,学士楼商务网关,-11.7,88.69,5336,正常
2016/06/24 17:10:35,b6ea7283ebd60a7691110b4f0182f6999e9d06e8,327710e5e8f0dc24ac534ccd44eac475f23f1c1a,持卡人消费,一校区水控新,-0.33,88.36,5337,正常
2016/06/24 17:14:20,b6ea7283ebd60a7691110b4f0182f6999e9d06e8,327710e5e8f0dc24ac534ccd44eac475f23f1c1a,持卡人消费,一校区水控新,-0.33,88.03,5338,正常
2016/06/24 17:15:06,b6ea7283ebd60a7691110b4f0182f6999e9d06e8,327710e5e8f0dc24ac534ccd44eac475f23f1c1a,持卡人消费,一校区水控新,-0.11,87.92,5339,正常
2016/06/24 17:21:28,b6ea7283ebd60a7691110b4f0182f6999e9d06e8,327710e5e8f0dc24ac534ccd44eac475f23f1c1a,持卡人消费,一校区水控新,-0.49,87.43,5340,正常
2016/06/25 11:26:28,b6ea7283ebd60a7691110b4f0182f6999e9d06e8,327710e5e8f0dc24ac534ccd44eac475f23f1c1a,持卡人消费,学士楼商务网关,-15.0,72.43,5341,正常
2016/06/25 11:29:01,b6ea7283ebd60a7691110b4f0182f6999e9d06e8,327710e5e8f0dc24ac534ccd44eac475f23f1c1a,持卡人消费,学士楼商务网关,-3.7,68.73,5342,正常
2016/06/26 10:54:26,b6ea7283ebd60a7691110b4f0182f6999e9d06e8,327710e5e8f0dc24ac534ccd44eac475f23f1c1a,持卡人消费,学士楼商务网关,-10.9,57.83,5343,正常
2016/06/26 17:06:12,b6ea7283ebd60a7691110b4f0182f6999e9d06e8,327710e5e8f0dc24ac534ccd44eac475f23f1c1a,持卡人消费,学苑楼商务网关,-8.0,49.83,5344,正常
2016/06/26 17:19:45,b6ea7283ebd60a7691110b4f0182f6999e9d06e8,327710e5e8f0dc24ac534ccd44eac475f23f1c1a,持卡人消费,学苑楼商务网关,-8.0,41.83,5345,正常
2016/06/26 20:57:58,b6ea7283ebd60a7691110b4f0182f6999e9d06e8,327710e5e8f0dc24ac534ccd44eac475f23f1c1a,持卡人消费,超市商务子系统,-8.9,32.93,5346,正常
2016/06/26 21:02:00,b6ea7283ebd60a7691110b4f0182f6999e9d06e8,327710e5e8f0dc24ac534ccd44eac475f23f1c1a,持卡人消费,超市商务子系统,-19.7,13.23,5347,正常
2016/06/27 11:07:54,b6ea7283ebd60a7691110b4f0182f6999e9d06e8,327710e5e8f0dc24ac534ccd44eac475f23f1c1a,存款,学苑楼综合业务2,100.0,113.23,5348,正常
2016/06/27 11:09:20,b6ea7283ebd60a7691110b4f0182f6999e9d06e8,327710e5e8f0dc24ac534ccd44eac475f23f1c1a,持卡人消费,学苑楼商务网关,-8.0,105.23,5349,正常
2016/06/28 07:53:16,b6ea7283ebd60a7691110b4f0182f6999e9d06e8,327710e5e8f0dc24ac534ccd44eac475f23f1c1a,持卡人消费,学士楼商务网关,-3.9,99.73,5356,正常
2016/06/28 11:32:44,b6ea7283ebd60a7691110b4f0182f6999e9d06e8,327710e5e8f0dc24ac534ccd44eac475f23f1c1a,持卡人消费,学士楼商务网关,-14.2,85.53,5357,正常
2016/06/30 17:30:28,b6ea7283ebd60a7691110b4f0182f6999e9d06e8,327710e5e8f0dc24ac534ccd44eac475f23f1c1a,持卡人消费,学士楼商务网关,-12.4,73.13,5358,正常
