交易发生时间,学号,姓名,交易类型,子系统名称,交易额,现有余额,次数,状态
2016/06/03 10:38:20,bbe08ca01286e0d8452b689baada658606983fd1,334976a81a7e9878b6ec4d0b3ffc0f6302bf8859,持卡人消费,学子便利店B05,-1.0,0.79,3870,正常
2016/06/07 13:07:07,bbe08ca01286e0d8452b689baada658606983fd1,334976a81a7e9878b6ec4d0b3ffc0f6302bf8859,持卡人消费,学子便利店B07,-0.7,0.09,3871,正常
2016/06/11 17:00:36,bbe08ca01286e0d8452b689baada658606983fd1,334976a81a7e9878b6ec4d0b3ffc0f6302bf8859,存款,现金充值机,100.0,100.09,3872,正常
2016/06/11 17:35:04,bbe08ca01286e0d8452b689baada658606983fd1,334976a81a7e9878b6ec4d0b3ffc0f6302bf8859,持卡人消费,九食堂商务网关,-10.0,90.09,3873,正常
2016/06/11 17:49:48,bbe08ca01286e0d8452b689baada658606983fd1,334976a81a7e9878b6ec4d0b3ffc0f6302bf8859,持卡人消费,九食堂商务网关,-8.0,82.09,3874,正常
2016/06/12 17:13:40,bbe08ca01286e0d8452b689baada658606983fd1,334976a81a7e9878b6ec4d0b3ffc0f6302bf8859,持卡人消费,九食堂商务网关,-13.0,69.09,3875,正常
2016/06/12 17:44:01,bbe08ca01286e0d8452b689baada658606983fd1,334976a81a7e9878b6ec4d0b3ffc0f6302bf8859,持卡人消费,学子便利店B05,-1.5,67.59,3876,正常
2016/06/13 11:02:14,bbe08ca01286e0d8452b689baada658606983fd1,334976a81a7e9878b6ec4d0b3ffc0f6302bf8859,持卡人消费,九食堂商务网关,-15.0,52.59,3877,正常
2016/06/13 11:26:41,bbe08ca01286e0d8452b689baada658606983fd1,334976a81a7e9878b6ec4d0b3ffc0f6302bf8859,持卡人消费,学子便利店B05,-23.0,29.59,3878,正常
2016/06/13 21:02:48,bbe08ca01286e0d8452b689baada658606983fd1,334976a81a7e9878b6ec4d0b3ffc0f6302bf8859,持卡人消费,学子便利店B07,-0.8,28.79,3879,正常
2016/06/14 11:54:20,bbe08ca01286e0d8452b689baada658606983fd1,334976a81a7e9878b6ec4d0b3ffc0f6302bf8859,持卡人消费,九食堂商务网关,-20.0,8.79,3880,正常
2016/06/14 12:14:09,bbe08ca01286e0d8452b689baada658606983fd1,334976a81a7e9878b6ec4d0b3ffc0f6302bf8859,持卡人消费,学子便利店B05,-0.5,8.29,3881,正常
2016/06/15 13:20:05,bbe08ca01286e0d8452b689baada658606983fd1,334976a81a7e9878b6ec4d0b3ffc0f6302bf8859,持卡人消费,二区水控,-1.57,6.72,3883,正常
2016/06/15 17:30:09,bbe08ca01286e0d8452b689baada658606983fd1,334976a81a7e9878b6ec4d0b3ffc0f6302bf8859,持卡人消费,五食堂商务网关,-1.8,4.92,3884,正常
2016/06/16 11:01:00,bbe08ca01286e0d8452b689baada658606983fd1,334976a81a7e9878b6ec4d0b3ffc0f6302bf8859,存款,现金充值机,100.0,104.92,3885,正常
2016/06/16 11:34:28,bbe08ca01286e0d8452b689baada658606983fd1,334976a81a7e9878b6ec4d0b3ffc0f6302bf8859,持卡人消费,九食堂商务网关,-15.0,89.92,3886,正常
2016/06/16 22:18:56,bbe08ca01286e0d8452b689baada658606983fd1,334976a81a7e9878b6ec4d0b3ffc0f6302bf8859,持卡人消费,学子便利店B07,-6.9,83.02,3887,正常
2016/06/17 08:40:11,bbe08ca01286e0d8452b689baada658606983fd1,334976a81a7e9878b6ec4d0b3ffc0f6302bf8859,持卡人消费,学子便利店B05,-12.4,70.62,3888,正常
2016/06/17 11:41:45,bbe08ca01286e0d8452b689baada658606983fd1,334976a81a7e9878b6ec4d0b3ffc0f6302bf8859,持卡人消费,九食堂商务网关,-12.1,58.52,3889,正常
2016/06/17 17:30:42,bbe08ca01286e0d8452b689baada658606983fd1,334976a81a7e9878b6ec4d0b3ffc0f6302bf8859,持卡人消费,学子便利店B07,-2.6,55.92,3890,正常
2016/06/18 12:06:33,bbe08ca01286e0d8452b689baada658606983fd1,334976a81a7e9878b6ec4d0b3ffc0f6302bf8859,持卡人消费,九食堂商务网关,-12.0,43.92,3891,正常
2016/06/18 12:25:45,bbe08ca01286e0d8452b689baada658606983fd1,334976a81a7e9878b6ec4d0b3ffc0f6302bf8859,持卡人消费,学子便利店B07,-0.9,43.02,3892,正常
2016/06/18 18:37:48,bbe08ca01286e0d8452b689baada658606983fd1,334976a81a7e9878b6ec4d0b3ffc0f6302bf8859,持卡人消费,二区水控,-0.06,42.96,3894,正常
2016/06/18 18:39:10,bbe08ca01286e0d8452b689baada658606983fd1,334976a81a7e9878b6ec4d0b3ffc0f6302bf8859,持卡人消费,二区水控,-0.16,42.80,3896,正常
2016/06/18 18:47:22,bbe08ca01286e0d8452b689baada658606983fd1,334976a81a7e9878b6ec4d0b3ffc0f6302bf8859,持卡人消费,二区水控,-1.55,41.25,3898,正常
2016/06/18 21:47:06,bbe08ca01286e0d8452b689baada658606983fd1,334976a81a7e9878b6ec4d0b3ffc0f6302bf8859,持卡人消费,学子便利店B07,-5.0,36.25,3899,正常
2016/06/19 12:04:28,bbe08ca01286e0d8452b689baada658606983fd1,334976a81a7e9878b6ec4d0b3ffc0f6302bf8859,持卡人消费,九食堂商务网关,-13.0,23.25,3900,正常
2016/06/19 12:27:36,bbe08ca01286e0d8452b689baada658606983fd1,334976a81a7e9878b6ec4d0b3ffc0f6302bf8859,持卡人消费,学子便利店B05,-0.5,22.75,3901,正常
2016/06/19 17:17:47,bbe08ca01286e0d8452b689baada658606983fd1,334976a81a7e9878b6ec4d0b3ffc0f6302bf8859,持卡人消费,四食堂商务网关,-6.38,16.37,3902,正常
2016/06/20 10:56:35,bbe08ca01286e0d8452b689baada658606983fd1,334976a81a7e9878b6ec4d0b3ffc0f6302bf8859,持卡人消费,九食堂商务网关,-8.0,8.37,3903,正常
2016/06/20 11:14:19,bbe08ca01286e0d8452b689baada658606983fd1,334976a81a7e9878b6ec4d0b3ffc0f6302bf8859,持卡人消费,学子便利店B05,-1.0,7.37,3904,正常
2016/06/21 12:52:19,bbe08ca01286e0d8452b689baada658606983fd1,334976a81a7e9878b6ec4d0b3ffc0f6302bf8859,持卡人消费,二区水控,-1.57,5.80,3906,正常
2016/06/21 14:11:33,bbe08ca01286e0d8452b689baada658606983fd1,334976a81a7e9878b6ec4d0b3ffc0f6302bf8859,持卡人消费,学子便利店B05,-0.5,5.30,3907,正常
2016/06/22 10:07:44,bbe08ca01286e0d8452b689baada658606983fd1,334976a81a7e9878b6ec4d0b3ffc0f6302bf8859,存款,现金充值机,100.0,105.30,3908,正常
2016/06/22 10:42:08,bbe08ca01286e0d8452b689baada658606983fd1,334976a81a7e9878b6ec4d0b3ffc0f6302bf8859,持卡人消费,九食堂商务网关,-10.0,95.30,3909,正常
2016/06/22 10:54:46,bbe08ca01286e0d8452b689baada658606983fd1,334976a81a7e9878b6ec4d0b3ffc0f6302bf8859,持卡人消费,九食堂商务网关,-14.0,81.30,3910,正常
2016/06/22 10:59:16,bbe08ca01286e0d8452b689baada658606983fd1,334976a81a7e9878b6ec4d0b3ffc0f6302bf8859,持卡人消费,学子便利店B05,-10.5,70.80,3911,正常
2016/06/22 17:30:14,bbe08ca01286e0d8452b689baada658606983fd1,334976a81a7e9878b6ec4d0b3ffc0f6302bf8859,持卡人消费,五食堂商务网关,-7.0,63.80,3912,正常
2016/06/22 17:32:46,bbe08ca01286e0d8452b689baada658606983fd1,334976a81a7e9878b6ec4d0b3ffc0f6302bf8859,持卡人消费,五食堂商务网关,-4.0,59.80,3913,正常
2016/06/23 09:33:40,bbe08ca01286e0d8452b689baada658606983fd1,334976a81a7e9878b6ec4d0b3ffc0f6302bf8859,持卡人消费,学子便利店B07,-11.2,48.60,3914,正常
2016/06/23 17:06:00,bbe08ca01286e0d8452b689baada658606983fd1,334976a81a7e9878b6ec4d0b3ffc0f6302bf8859,持卡人消费,九食堂商务网关,-12.0,36.60,3915,正常
2016/06/23 17:06:03,bbe08ca01286e0d8452b689baada658606983fd1,334976a81a7e9878b6ec4d0b3ffc0f6302bf8859,持卡人消费,九食堂商务网关,-1.0,35.60,3916,正常
2016/06/23 17:11:09,bbe08ca01286e0d8452b689baada658606983fd1,334976a81a7e9878b6ec4d0b3ffc0f6302bf8859,持卡人消费,九食堂商务网关,-5.0,30.60,3917,正常
2016/06/24 08:37:35,bbe08ca01286e0d8452b689baada658606983fd1,334976a81a7e9878b6ec4d0b3ffc0f6302bf8859,持卡人消费,学子便利店B05,-7.5,23.10,3918,正常
2016/06/24 10:54:23,bbe08ca01286e0d8452b689baada658606983fd1,334976a81a7e9878b6ec4d0b3ffc0f6302bf8859,持卡人消费,九食堂商务网关,-16.0,7.10,3919,正常
2016/06/25 13:34:58,bbe08ca01286e0d8452b689baada658606983fd1,334976a81a7e9878b6ec4d0b3ffc0f6302bf8859,持卡人消费,二区水控,-1.7,5.40,3921,正常
2016/06/26 12:43:56,bbe08ca01286e0d8452b689baada658606983fd1,334976a81a7e9878b6ec4d0b3ffc0f6302bf8859,持卡人消费,学子便利店B05,-0.3,5.10,3922,正常
2016/06/27 10:50:00,bbe08ca01286e0d8452b689baada658606983fd1,334976a81a7e9878b6ec4d0b3ffc0f6302bf8859,存款,现金充值机,100.0,105.10,3923,正常
2016/06/27 11:24:17,bbe08ca01286e0d8452b689baada658606983fd1,334976a81a7e9878b6ec4d0b3ffc0f6302bf8859,持卡人消费,九食堂商务网关,-12.0,93.10,3924,正常
2016/06/27 11:27:11,bbe08ca01286e0d8452b689baada658606983fd1,334976a81a7e9878b6ec4d0b3ffc0f6302bf8859,持卡人消费,九食堂商务网关,-5.0,88.10,3925,正常
2016/06/27 14:51:25,bbe08ca01286e0d8452b689baada658606983fd1,334976a81a7e9878b6ec4d0b3ffc0f6302bf8859,持卡人消费,学子便利店B07,-4.9,83.20,3926,正常
2016/06/27 16:57:08,bbe08ca01286e0d8452b689baada658606983fd1,334976a81a7e9878b6ec4d0b3ffc0f6302bf8859,持卡人消费,九食堂商务网关,-12.0,71.20,3927,正常
2016/06/27 20:12:46,bbe08ca01286e0d8452b689baada658606983fd1,334976a81a7e9878b6ec4d0b3ffc0f6302bf8859,持卡人消费,学子便利店B05,-22.0,49.20,3928,正常
2016/06/28 10:52:08,bbe08ca01286e0d8452b689baada658606983fd1,334976a81a7e9878b6ec4d0b3ffc0f6302bf8859,持卡人消费,学子便利店B07,-6.9,42.30,3929,正常
2016/06/28 19:31:30,bbe08ca01286e0d8452b689baada658606983fd1,334976a81a7e9878b6ec4d0b3ffc0f6302bf8859,持卡人消费,二区水控,-1.87,40.43,3931,正常
2016/06/28 19:45:40,bbe08ca01286e0d8452b689baada658606983fd1,334976a81a7e9878b6ec4d0b3ffc0f6302bf8859,持卡人消费,学子便利店B07,-6.0,34.43,3932,正常
2016/06/29 07:26:46,bbe08ca01286e0d8452b689baada658606983fd1,334976a81a7e9878b6ec4d0b3ffc0f6302bf8859,持卡人消费,学子便利店B05,-24.5,9.93,3933,正常
2016/06/29 11:15:38,bbe08ca01286e0d8452b689baada658606983fd1,334976a81a7e9878b6ec4d0b3ffc0f6302bf8859,持卡人消费,学子便利店B07,-0.9,9.03,3934,正常
2016/06/29 13:24:14,bbe08ca01286e0d8452b689baada658606983fd1,334976a81a7e9878b6ec4d0b3ffc0f6302bf8859,持卡人消费,二区水控,-2.49,6.54,3935,正常
2016/06/29 19:09:12,bbe08ca01286e0d8452b689baada658606983fd1,334976a81a7e9878b6ec4d0b3ffc0f6302bf8859,持卡人消费,学子便利店B07,-0.1,6.44,3936,正常
