交易发生时间,学号,姓名,交易类型,子系统名称,交易额,现有余额,次数,状态
2016/06/01 07:59:44,0dac26dd5dabf1ee2ff56de1d72ce0eb4c76d78e,33cd8adec559f3d24ffa2079fb3f9afc0c0b57de,持卡人消费,学士楼商务网关,-1.9,17.63,3164,正常
2016/06/01 11:23:24,0dac26dd5dabf1ee2ff56de1d72ce0eb4c76d78e,33cd8adec559f3d24ffa2079fb3f9afc0c0b57de,持卡人消费,硕果园（工大商店）,-9.0,8.63,3165,正常
2016/06/04 10:59:32,0dac26dd5dabf1ee2ff56de1d72ce0eb4c76d78e,33cd8adec559f3d24ffa2079fb3f9afc0c0b57de,存款,现金充值机,100.0,108.63,3166,正常
2016/06/04 11:22:03,0dac26dd5dabf1ee2ff56de1d72ce0eb4c76d78e,33cd8adec559f3d24ffa2079fb3f9afc0c0b57de,持卡人消费,学苑楼商务网关,-4.4,104.23,3167,正常
2016/06/04 17:35:11,0dac26dd5dabf1ee2ff56de1d72ce0eb4c76d78e,33cd8adec559f3d24ffa2079fb3f9afc0c0b57de,持卡人消费,学士楼商务网关,-6.96,97.27,3168,正常
2016/06/04 17:35:29,0dac26dd5dabf1ee2ff56de1d72ce0eb4c76d78e,33cd8adec559f3d24ffa2079fb3f9afc0c0b57de,持卡人消费,学士楼商务网关,-1.86,95.41,3169,正常
2016/06/04 17:39:12,0dac26dd5dabf1ee2ff56de1d72ce0eb4c76d78e,33cd8adec559f3d24ffa2079fb3f9afc0c0b57de,持卡人消费,学士楼商务网关,-4.9,90.51,3170,正常
2016/06/05 12:01:17,0dac26dd5dabf1ee2ff56de1d72ce0eb4c76d78e,33cd8adec559f3d24ffa2079fb3f9afc0c0b57de,持卡人消费,硕果园（工大商店）,-7.0,83.51,3171,正常
2016/06/05 15:46:01,0dac26dd5dabf1ee2ff56de1d72ce0eb4c76d78e,33cd8adec559f3d24ffa2079fb3f9afc0c0b57de,持卡人消费,15公寓浴池,-0.08,83.43,3173,正常
2016/06/05 15:56:35,0dac26dd5dabf1ee2ff56de1d72ce0eb4c76d78e,33cd8adec559f3d24ffa2079fb3f9afc0c0b57de,持卡人消费,15公寓浴池,-2.0,81.43,3174,正常
2016/06/05 16:02:50,0dac26dd5dabf1ee2ff56de1d72ce0eb4c76d78e,33cd8adec559f3d24ffa2079fb3f9afc0c0b57de,持卡人消费,15公寓浴池,-1.15,80.28,3176,正常
2016/06/05 17:30:10,0dac26dd5dabf1ee2ff56de1d72ce0eb4c76d78e,33cd8adec559f3d24ffa2079fb3f9afc0c0b57de,持卡人消费,学士楼商务网关,-5.2,75.08,3177,正常
2016/06/05 17:48:59,0dac26dd5dabf1ee2ff56de1d72ce0eb4c76d78e,33cd8adec559f3d24ffa2079fb3f9afc0c0b57de,持卡人消费,超市商务子系统,-4.0,71.08,3178,正常
2016/06/06 11:06:51,0dac26dd5dabf1ee2ff56de1d72ce0eb4c76d78e,33cd8adec559f3d24ffa2079fb3f9afc0c0b57de,持卡人消费,硕果园（工大商店）,-9.0,62.08,3179,正常
2016/06/06 17:28:54,0dac26dd5dabf1ee2ff56de1d72ce0eb4c76d78e,33cd8adec559f3d24ffa2079fb3f9afc0c0b57de,持卡人消费,硕果园（工大商店）,-8.0,54.08,3180,正常
2016/06/07 11:39:23,0dac26dd5dabf1ee2ff56de1d72ce0eb4c76d78e,33cd8adec559f3d24ffa2079fb3f9afc0c0b57de,持卡人消费,硕果园（工大商店）,-8.0,46.08,3181,正常
2016/06/07 16:59:20,0dac26dd5dabf1ee2ff56de1d72ce0eb4c76d78e,33cd8adec559f3d24ffa2079fb3f9afc0c0b57de,持卡人消费,学士楼商务网关,-7.2,38.88,3182,正常
2016/06/07 17:02:28,0dac26dd5dabf1ee2ff56de1d72ce0eb4c76d78e,33cd8adec559f3d24ffa2079fb3f9afc0c0b57de,持卡人消费,学士楼商务网关,-2.0,36.88,3183,正常
2016/06/08 08:38:19,0dac26dd5dabf1ee2ff56de1d72ce0eb4c76d78e,33cd8adec559f3d24ffa2079fb3f9afc0c0b57de,持卡人消费,学士楼商务网关,-2.3,34.58,3184,正常
2016/06/08 11:33:59,0dac26dd5dabf1ee2ff56de1d72ce0eb4c76d78e,33cd8adec559f3d24ffa2079fb3f9afc0c0b57de,持卡人消费,学苑楼商务网关,-7.0,27.58,3185,正常
2016/06/08 17:02:37,0dac26dd5dabf1ee2ff56de1d72ce0eb4c76d78e,33cd8adec559f3d24ffa2079fb3f9afc0c0b57de,持卡人消费,硕果园（工大商店）,-6.0,21.58,3186,正常
2016/06/08 17:03:28,0dac26dd5dabf1ee2ff56de1d72ce0eb4c76d78e,33cd8adec559f3d24ffa2079fb3f9afc0c0b57de,持卡人消费,硕果园（工大商店）,-3.0,18.58,3187,正常
2016/06/09 09:04:06,0dac26dd5dabf1ee2ff56de1d72ce0eb4c76d78e,33cd8adec559f3d24ffa2079fb3f9afc0c0b57de,持卡人消费,学士楼商务网关,-1.9,16.68,3188,正常
2016/06/09 11:24:15,0dac26dd5dabf1ee2ff56de1d72ce0eb4c76d78e,33cd8adec559f3d24ffa2079fb3f9afc0c0b57de,持卡人消费,学士楼商务网关,-2.1,14.58,3189,正常
2016/06/09 11:25:23,0dac26dd5dabf1ee2ff56de1d72ce0eb4c76d78e,33cd8adec559f3d24ffa2079fb3f9afc0c0b57de,持卡人消费,学士楼商务网关,-1.8,12.78,3190,正常
2016/06/11 09:05:01,0dac26dd5dabf1ee2ff56de1d72ce0eb4c76d78e,33cd8adec559f3d24ffa2079fb3f9afc0c0b57de,持卡人消费,学士楼商务网关,-5.0,7.78,3191,正常
2016/06/11 09:05:38,0dac26dd5dabf1ee2ff56de1d72ce0eb4c76d78e,33cd8adec559f3d24ffa2079fb3f9afc0c0b57de,持卡人消费,学士楼商务网关,-2.3,5.48,3192,正常
2016/06/11 11:40:55,0dac26dd5dabf1ee2ff56de1d72ce0eb4c76d78e,33cd8adec559f3d24ffa2079fb3f9afc0c0b57de,持卡人消费,学士楼商务网关,-3.9,1.58,3193,正常
2016/06/13 08:40:31,0dac26dd5dabf1ee2ff56de1d72ce0eb4c76d78e,33cd8adec559f3d24ffa2079fb3f9afc0c0b57de,存款,现金充值机,100.0,101.58,3194,正常
2016/06/13 11:17:50,0dac26dd5dabf1ee2ff56de1d72ce0eb4c76d78e,33cd8adec559f3d24ffa2079fb3f9afc0c0b57de,持卡人消费,硕果园（工大商店）,-8.0,93.58,3195,正常
2016/06/13 17:33:04,0dac26dd5dabf1ee2ff56de1d72ce0eb4c76d78e,33cd8adec559f3d24ffa2079fb3f9afc0c0b57de,持卡人消费,学士楼商务网关,-3.0,90.58,3196,正常
2016/06/14 11:56:58,0dac26dd5dabf1ee2ff56de1d72ce0eb4c76d78e,33cd8adec559f3d24ffa2079fb3f9afc0c0b57de,持卡人消费,硕果园（工大商店）,-10.0,80.58,3197,正常
2016/06/14 17:43:08,0dac26dd5dabf1ee2ff56de1d72ce0eb4c76d78e,33cd8adec559f3d24ffa2079fb3f9afc0c0b57de,持卡人消费,学苑楼商务网关,-7.0,73.58,3198,正常
2016/06/15 12:36:19,0dac26dd5dabf1ee2ff56de1d72ce0eb4c76d78e,33cd8adec559f3d24ffa2079fb3f9afc0c0b57de,持卡人消费,硕果园（工大商店）,-10.0,63.58,3199,正常
2016/06/16 12:39:53,0dac26dd5dabf1ee2ff56de1d72ce0eb4c76d78e,33cd8adec559f3d24ffa2079fb3f9afc0c0b57de,持卡人消费,学士楼商务网关,-3.9,59.68,3200,正常
2016/06/16 17:34:56,0dac26dd5dabf1ee2ff56de1d72ce0eb4c76d78e,33cd8adec559f3d24ffa2079fb3f9afc0c0b57de,持卡人消费,学苑楼商务网关,-6.0,53.68,3201,正常
2016/06/16 17:36:27,0dac26dd5dabf1ee2ff56de1d72ce0eb4c76d78e,33cd8adec559f3d24ffa2079fb3f9afc0c0b57de,持卡人消费,学苑楼商务网关,-0.8,52.88,3202,正常
2016/06/17 09:05:21,0dac26dd5dabf1ee2ff56de1d72ce0eb4c76d78e,33cd8adec559f3d24ffa2079fb3f9afc0c0b57de,持卡人消费,学士楼商务网关,-2.3,50.58,3203,正常
2016/06/17 11:30:41,0dac26dd5dabf1ee2ff56de1d72ce0eb4c76d78e,33cd8adec559f3d24ffa2079fb3f9afc0c0b57de,持卡人消费,学士楼商务网关,-3.4,47.18,3204,正常
2016/06/24 17:34:35,0dac26dd5dabf1ee2ff56de1d72ce0eb4c76d78e,33cd8adec559f3d24ffa2079fb3f9afc0c0b57de,持卡人消费,学士楼商务网关,-8.0,39.18,3205,正常
2016/06/18 18:09:43,0dac26dd5dabf1ee2ff56de1d72ce0eb4c76d78e,33cd8adec559f3d24ffa2079fb3f9afc0c0b57de,持卡人消费,硕果园（工大商店）,-10.0,29.18,3206,正常
2016/06/19 09:06:48,0dac26dd5dabf1ee2ff56de1d72ce0eb4c76d78e,33cd8adec559f3d24ffa2079fb3f9afc0c0b57de,持卡人消费,学士楼商务网关,-2.3,26.88,3207,正常
2016/06/19 11:24:29,0dac26dd5dabf1ee2ff56de1d72ce0eb4c76d78e,33cd8adec559f3d24ffa2079fb3f9afc0c0b57de,持卡人消费,学苑楼商务网关,-7.5,19.38,3208,正常
2016/06/19 17:44:41,0dac26dd5dabf1ee2ff56de1d72ce0eb4c76d78e,33cd8adec559f3d24ffa2079fb3f9afc0c0b57de,持卡人消费,学士楼商务网关,-7.2,12.18,3209,正常
2016/06/21 08:50:03,0dac26dd5dabf1ee2ff56de1d72ce0eb4c76d78e,33cd8adec559f3d24ffa2079fb3f9afc0c0b57de,持卡人消费,学士楼商务网关,-1.3,10.88,3210,正常
2016/06/21 18:17:52,0dac26dd5dabf1ee2ff56de1d72ce0eb4c76d78e,33cd8adec559f3d24ffa2079fb3f9afc0c0b57de,持卡人消费,学士楼商务网关,-6.4,4.48,3211,正常
2016/06/21 18:20:05,0dac26dd5dabf1ee2ff56de1d72ce0eb4c76d78e,33cd8adec559f3d24ffa2079fb3f9afc0c0b57de,持卡人消费,学士楼商务网关,-2.0,2.48,3212,正常
2016/06/22 08:56:01,0dac26dd5dabf1ee2ff56de1d72ce0eb4c76d78e,33cd8adec559f3d24ffa2079fb3f9afc0c0b57de,存款,现金充值机,200.0,202.48,3213,正常
2016/06/22 12:02:28,0dac26dd5dabf1ee2ff56de1d72ce0eb4c76d78e,33cd8adec559f3d24ffa2079fb3f9afc0c0b57de,持卡人消费,学士楼商务网关,-4.9,197.58,3214,正常
2016/06/22 18:20:19,0dac26dd5dabf1ee2ff56de1d72ce0eb4c76d78e,33cd8adec559f3d24ffa2079fb3f9afc0c0b57de,持卡人消费,学士楼商务网关,-6.4,191.18,3215,正常
2016/06/22 20:00:39,0dac26dd5dabf1ee2ff56de1d72ce0eb4c76d78e,33cd8adec559f3d24ffa2079fb3f9afc0c0b57de,持卡人消费,15公寓浴池,-0.69,190.49,3217,正常
2016/06/22 20:14:36,0dac26dd5dabf1ee2ff56de1d72ce0eb4c76d78e,33cd8adec559f3d24ffa2079fb3f9afc0c0b57de,持卡人消费,15公寓浴池,-2.0,188.49,3218,正常
2016/06/23 09:57:22,0dac26dd5dabf1ee2ff56de1d72ce0eb4c76d78e,33cd8adec559f3d24ffa2079fb3f9afc0c0b57de,持卡人消费,学士楼商务网关,-3.3,185.19,3219,正常
2016/06/23 09:57:32,0dac26dd5dabf1ee2ff56de1d72ce0eb4c76d78e,33cd8adec559f3d24ffa2079fb3f9afc0c0b57de,持卡人消费,学士楼商务网关,-4.9,180.29,3220,正常
2016/06/23 10:01:41,0dac26dd5dabf1ee2ff56de1d72ce0eb4c76d78e,33cd8adec559f3d24ffa2079fb3f9afc0c0b57de,持卡人消费,学士楼商务网关,-4.5,175.79,3221,正常
2016/06/23 10:02:31,0dac26dd5dabf1ee2ff56de1d72ce0eb4c76d78e,33cd8adec559f3d24ffa2079fb3f9afc0c0b57de,持卡人消费,学士楼商务网关,-0.3,175.49,3222,正常
2016/06/24 11:18:02,0dac26dd5dabf1ee2ff56de1d72ce0eb4c76d78e,33cd8adec559f3d24ffa2079fb3f9afc0c0b57de,持卡人消费,学士楼商务网关,-8.0,167.49,3223,正常
2016/06/24 18:34:26,0dac26dd5dabf1ee2ff56de1d72ce0eb4c76d78e,33cd8adec559f3d24ffa2079fb3f9afc0c0b57de,持卡人消费,学士楼商务网关,-2.0,165.49,3224,正常
2016/06/24 18:35:23,0dac26dd5dabf1ee2ff56de1d72ce0eb4c76d78e,33cd8adec559f3d24ffa2079fb3f9afc0c0b57de,持卡人消费,学士楼商务网关,-3.0,162.49,3225,正常
2016/06/25 08:06:55,0dac26dd5dabf1ee2ff56de1d72ce0eb4c76d78e,33cd8adec559f3d24ffa2079fb3f9afc0c0b57de,持卡人消费,学士楼商务网关,-2.3,160.19,3226,正常
2016/06/25 11:30:32,0dac26dd5dabf1ee2ff56de1d72ce0eb4c76d78e,33cd8adec559f3d24ffa2079fb3f9afc0c0b57de,持卡人消费,学士楼商务网关,-3.9,156.29,3227,正常
2016/06/25 16:54:02,0dac26dd5dabf1ee2ff56de1d72ce0eb4c76d78e,33cd8adec559f3d24ffa2079fb3f9afc0c0b57de,持卡人消费,硕果园（工大商店）,-12.0,144.29,3228,正常
2016/06/26 09:05:31,0dac26dd5dabf1ee2ff56de1d72ce0eb4c76d78e,33cd8adec559f3d24ffa2079fb3f9afc0c0b57de,持卡人消费,学士楼商务网关,-2.3,141.99,3229,正常
2016/06/26 12:18:19,0dac26dd5dabf1ee2ff56de1d72ce0eb4c76d78e,33cd8adec559f3d24ffa2079fb3f9afc0c0b57de,持卡人消费,学士楼商务网关,-4.1,137.89,3230,正常
2016/06/26 19:10:29,0dac26dd5dabf1ee2ff56de1d72ce0eb4c76d78e,33cd8adec559f3d24ffa2079fb3f9afc0c0b57de,持卡人消费,学士楼商务网关,-2.5,135.39,3231,正常
2016/06/27 12:40:49,0dac26dd5dabf1ee2ff56de1d72ce0eb4c76d78e,33cd8adec559f3d24ffa2079fb3f9afc0c0b57de,持卡人消费,学士楼商务网关,-4.9,130.49,3232,正常
2016/06/27 17:09:19,0dac26dd5dabf1ee2ff56de1d72ce0eb4c76d78e,33cd8adec559f3d24ffa2079fb3f9afc0c0b57de,持卡人消费,学士楼商务网关,-4.5,125.99,3233,正常
2016/06/28 07:51:18,0dac26dd5dabf1ee2ff56de1d72ce0eb4c76d78e,33cd8adec559f3d24ffa2079fb3f9afc0c0b57de,持卡人消费,学士楼商务网关,-2.3,123.69,3234,正常
2016/06/28 12:06:14,0dac26dd5dabf1ee2ff56de1d72ce0eb4c76d78e,33cd8adec559f3d24ffa2079fb3f9afc0c0b57de,持卡人消费,学士楼商务网关,-4.9,118.79,3235,正常
2016/06/28 12:07:04,0dac26dd5dabf1ee2ff56de1d72ce0eb4c76d78e,33cd8adec559f3d24ffa2079fb3f9afc0c0b57de,持卡人消费,学士楼商务网关,-2.9,115.89,3236,正常
2016/06/28 14:46:38,0dac26dd5dabf1ee2ff56de1d72ce0eb4c76d78e,33cd8adec559f3d24ffa2079fb3f9afc0c0b57de,持卡人消费,15公寓浴池,-2.0,113.89,3237,正常
2016/06/28 14:51:38,0dac26dd5dabf1ee2ff56de1d72ce0eb4c76d78e,33cd8adec559f3d24ffa2079fb3f9afc0c0b57de,持卡人消费,15公寓浴池,-0.94,112.95,3239,正常
2016/06/28 14:54:14,0dac26dd5dabf1ee2ff56de1d72ce0eb4c76d78e,33cd8adec559f3d24ffa2079fb3f9afc0c0b57de,持卡人消费,15公寓浴池,-0.42,110.53,3242,正常
2016/06/28 14:54:36,0dac26dd5dabf1ee2ff56de1d72ce0eb4c76d78e,33cd8adec559f3d24ffa2079fb3f9afc0c0b57de,持卡人消费,15公寓浴池,-0.42,112.11,3243,正常
2016/06/28 14:57:34,0dac26dd5dabf1ee2ff56de1d72ce0eb4c76d78e,33cd8adec559f3d24ffa2079fb3f9afc0c0b57de,持卡人消费,15公寓浴池,-0.18,111.93,3245,正常
2016/06/28 14:59:48,0dac26dd5dabf1ee2ff56de1d72ce0eb4c76d78e,33cd8adec559f3d24ffa2079fb3f9afc0c0b57de,持卡人消费,15公寓浴池,-0.18,111.75,3247,正常
2016/06/28 15:01:59,0dac26dd5dabf1ee2ff56de1d72ce0eb4c76d78e,33cd8adec559f3d24ffa2079fb3f9afc0c0b57de,持卡人消费,15公寓浴池,-0.26,111.49,3249,正常
2016/06/30 08:42:14,0dac26dd5dabf1ee2ff56de1d72ce0eb4c76d78e,33cd8adec559f3d24ffa2079fb3f9afc0c0b57de,持卡人消费,学士楼商务网关,-2.3,109.19,3250,正常
2016/06/30 08:42:26,0dac26dd5dabf1ee2ff56de1d72ce0eb4c76d78e,33cd8adec559f3d24ffa2079fb3f9afc0c0b57de,持卡人消费,学士楼商务网关,-3.6,105.59,3251,正常
2016/06/30 13:18:01,0dac26dd5dabf1ee2ff56de1d72ce0eb4c76d78e,33cd8adec559f3d24ffa2079fb3f9afc0c0b57de,持卡人消费,硕果园（工大商店）,-12.0,93.59,3252,正常
2016/06/30 18:20:21,0dac26dd5dabf1ee2ff56de1d72ce0eb4c76d78e,33cd8adec559f3d24ffa2079fb3f9afc0c0b57de,持卡人消费,硕果园（工大商店）,-8.5,85.09,3253,正常
2016/06/30 18:39:47,0dac26dd5dabf1ee2ff56de1d72ce0eb4c76d78e,33cd8adec559f3d24ffa2079fb3f9afc0c0b57de,持卡人消费,硕果园（工大商店）,-7.0,78.09,3254,正常
