交易发生时间,学号,姓名,交易类型,子系统名称,交易额,现有余额,次数,状态
2016/06/01 09:06:06,e29491222e2c544837c79f1f4c0896ad3095a10f,33f2a577d3978b75538afdc77f8caafb01c398c4,持卡人消费,超市商务子系统,-24.8,50.44,5179,正常
2016/06/01 15:15:39,e29491222e2c544837c79f1f4c0896ad3095a10f,33f2a577d3978b75538afdc77f8caafb01c398c4,持卡人消费,一校区水控新,-0.6,49.84,5180,正常
2016/06/01 15:21:11,e29491222e2c544837c79f1f4c0896ad3095a10f,33f2a577d3978b75538afdc77f8caafb01c398c4,持卡人消费,一校区水控新,-0.7,49.14,5181,正常
2016/06/03 11:58:35,e29491222e2c544837c79f1f4c0896ad3095a10f,33f2a577d3978b75538afdc77f8caafb01c398c4,持卡人消费,硕果园（工大商店）,-4.0,45.14,5182,正常
2016/06/05 18:26:45,e29491222e2c544837c79f1f4c0896ad3095a10f,33f2a577d3978b75538afdc77f8caafb01c398c4,持卡人消费,一校区水控新,-0.53,44.61,5184,正常
2016/06/05 18:29:12,e29491222e2c544837c79f1f4c0896ad3095a10f,33f2a577d3978b75538afdc77f8caafb01c398c4,持卡人消费,一校区水控新,-0.08,44.53,5186,正常
2016/06/05 18:33:39,e29491222e2c544837c79f1f4c0896ad3095a10f,33f2a577d3978b75538afdc77f8caafb01c398c4,持卡人消费,一校区水控新,-0.83,43.70,5187,正常
2016/06/06 18:35:28,e29491222e2c544837c79f1f4c0896ad3095a10f,33f2a577d3978b75538afdc77f8caafb01c398c4,持卡人消费,硕果园（工大商店）,-8.0,35.70,5188,正常
2016/06/06 19:07:23,e29491222e2c544837c79f1f4c0896ad3095a10f,33f2a577d3978b75538afdc77f8caafb01c398c4,持卡人消费,超市商务子系统,-26.3,9.40,5189,正常
2016/06/08 19:48:23,e29491222e2c544837c79f1f4c0896ad3095a10f,33f2a577d3978b75538afdc77f8caafb01c398c4,持卡人消费,一校区水控新,-0.54,8.86,5190,正常
2016/06/08 19:56:16,e29491222e2c544837c79f1f4c0896ad3095a10f,33f2a577d3978b75538afdc77f8caafb01c398c4,持卡人消费,一校区水控新,-1.0,7.86,5191,正常
2016/06/13 09:08:07,e29491222e2c544837c79f1f4c0896ad3095a10f,33f2a577d3978b75538afdc77f8caafb01c398c4,持卡人消费,超市商务子系统,-0.8,7.06,5192,正常
2016/06/13 20:20:50,e29491222e2c544837c79f1f4c0896ad3095a10f,33f2a577d3978b75538afdc77f8caafb01c398c4,持卡人消费,一校区水控新,-0.44,6.62,5193,正常
2016/06/13 20:26:52,e29491222e2c544837c79f1f4c0896ad3095a10f,33f2a577d3978b75538afdc77f8caafb01c398c4,持卡人消费,一校区水控新,-0.84,5.78,5194,正常
2016/06/15 18:18:11,e29491222e2c544837c79f1f4c0896ad3095a10f,33f2a577d3978b75538afdc77f8caafb01c398c4,持卡人消费,学士楼商务网关,-2.8,2.98,5195,正常
2016/06/15 18:19:54,e29491222e2c544837c79f1f4c0896ad3095a10f,33f2a577d3978b75538afdc77f8caafb01c398c4,持卡人消费,学士楼商务网关,-2.5,0.48,5196,正常
2016/06/15 18:17:09,e29491222e2c544837c79f1f4c0896ad3095a10f,33f2a577d3978b75538afdc77f8caafb01c398c4,存款,现金充值机,100.0,100.48,5197,正常
2016/06/16 13:05:44,e29491222e2c544837c79f1f4c0896ad3095a10f,33f2a577d3978b75538afdc77f8caafb01c398c4,持卡人消费,硕果园（工大商店）,-12.0,88.48,5198,正常
2016/06/16 16:49:44,e29491222e2c544837c79f1f4c0896ad3095a10f,33f2a577d3978b75538afdc77f8caafb01c398c4,持卡人消费,一校区水控新,-0.67,87.81,5199,正常
2016/06/16 16:56:24,e29491222e2c544837c79f1f4c0896ad3095a10f,33f2a577d3978b75538afdc77f8caafb01c398c4,持卡人消费,一校区水控新,-0.94,86.87,5200,正常
2016/06/16 16:58:33,e29491222e2c544837c79f1f4c0896ad3095a10f,33f2a577d3978b75538afdc77f8caafb01c398c4,持卡人消费,一校区水控新,-0.16,86.71,5201,正常
2016/06/17 11:58:16,e29491222e2c544837c79f1f4c0896ad3095a10f,33f2a577d3978b75538afdc77f8caafb01c398c4,持卡人消费,硕果园（工大商店）,-12.0,74.71,5202,正常
2016/06/19 17:49:39,e29491222e2c544837c79f1f4c0896ad3095a10f,33f2a577d3978b75538afdc77f8caafb01c398c4,持卡人消费,一校区水控新,-0.01,74.70,5203,正常
2016/06/19 17:49:51,e29491222e2c544837c79f1f4c0896ad3095a10f,33f2a577d3978b75538afdc77f8caafb01c398c4,持卡人消费,一校区水控新,-0.01,74.69,5204,正常
2016/06/19 17:51:21,e29491222e2c544837c79f1f4c0896ad3095a10f,33f2a577d3978b75538afdc77f8caafb01c398c4,持卡人消费,一校区水控新,-0.26,74.43,5206,正常
2016/06/19 17:53:08,e29491222e2c544837c79f1f4c0896ad3095a10f,33f2a577d3978b75538afdc77f8caafb01c398c4,持卡人消费,一校区水控新,-0.22,74.21,5208,正常
2016/06/19 18:00:19,e29491222e2c544837c79f1f4c0896ad3095a10f,33f2a577d3978b75538afdc77f8caafb01c398c4,持卡人消费,一校区水控新,-1.09,73.12,5210,正常
2016/06/20 11:11:26,e29491222e2c544837c79f1f4c0896ad3095a10f,33f2a577d3978b75538afdc77f8caafb01c398c4,持卡人消费,学苑楼商务网关,-8.0,65.12,5211,正常
2016/06/20 11:11:29,e29491222e2c544837c79f1f4c0896ad3095a10f,33f2a577d3978b75538afdc77f8caafb01c398c4,持卡人消费,学苑楼商务网关,-12.0,53.12,5212,正常
2016/06/21 12:08:37,e29491222e2c544837c79f1f4c0896ad3095a10f,33f2a577d3978b75538afdc77f8caafb01c398c4,持卡人消费,硕果园（工大商店）,-13.0,40.12,5213,正常
2016/06/21 17:09:04,e29491222e2c544837c79f1f4c0896ad3095a10f,33f2a577d3978b75538afdc77f8caafb01c398c4,持卡人消费,一校区水控新,-0.62,39.50,5214,正常
2016/06/21 17:13:40,e29491222e2c544837c79f1f4c0896ad3095a10f,33f2a577d3978b75538afdc77f8caafb01c398c4,持卡人消费,一校区水控新,-0.57,38.93,5215,正常
2016/06/21 17:55:04,e29491222e2c544837c79f1f4c0896ad3095a10f,33f2a577d3978b75538afdc77f8caafb01c398c4,持卡人消费,超市商务子系统,-9.0,29.93,5216,正常
2016/06/21 17:58:26,e29491222e2c544837c79f1f4c0896ad3095a10f,33f2a577d3978b75538afdc77f8caafb01c398c4,持卡人消费,超市商务子系统,-1.9,28.03,5217,正常
2016/06/23 11:16:09,e29491222e2c544837c79f1f4c0896ad3095a10f,33f2a577d3978b75538afdc77f8caafb01c398c4,持卡人消费,一区图书馆BPOS,-0.75,27.28,5218,正常
2016/06/23 11:22:03,e29491222e2c544837c79f1f4c0896ad3095a10f,33f2a577d3978b75538afdc77f8caafb01c398c4,持卡人消费,学苑楼商务网关,-8.8,18.48,5219,正常
2016/06/23 11:50:22,e29491222e2c544837c79f1f4c0896ad3095a10f,33f2a577d3978b75538afdc77f8caafb01c398c4,持卡人消费,学苑楼商务网关,-4.1,14.38,5220,正常
2016/06/24 17:56:51,e29491222e2c544837c79f1f4c0896ad3095a10f,33f2a577d3978b75538afdc77f8caafb01c398c4,持卡人消费,一校区水控新,-0.58,13.80,5222,正常
2016/06/24 18:01:31,e29491222e2c544837c79f1f4c0896ad3095a10f,33f2a577d3978b75538afdc77f8caafb01c398c4,持卡人消费,一校区水控新,-0.62,13.18,5224,正常
2016/06/25 12:36:00,e29491222e2c544837c79f1f4c0896ad3095a10f,33f2a577d3978b75538afdc77f8caafb01c398c4,持卡人消费,一校区水控新,-0.43,12.75,5226,正常
2016/06/25 12:39:16,e29491222e2c544837c79f1f4c0896ad3095a10f,33f2a577d3978b75538afdc77f8caafb01c398c4,持卡人消费,一校区水控新,-0.4,12.35,5228,正常
2016/06/26 08:55:15,e29491222e2c544837c79f1f4c0896ad3095a10f,33f2a577d3978b75538afdc77f8caafb01c398c4,持卡人消费,学士楼商务网关,-1.0,11.35,5229,正常
2016/06/26 08:55:47,e29491222e2c544837c79f1f4c0896ad3095a10f,33f2a577d3978b75538afdc77f8caafb01c398c4,持卡人消费,学士楼商务网关,-2.0,9.35,5230,正常
2016/06/26 13:08:35,e29491222e2c544837c79f1f4c0896ad3095a10f,33f2a577d3978b75538afdc77f8caafb01c398c4,持卡人消费,超市商务子系统,-1.0,8.35,5231,正常
2016/06/27 20:14:37,e29491222e2c544837c79f1f4c0896ad3095a10f,33f2a577d3978b75538afdc77f8caafb01c398c4,持卡人消费,一校区水控新,-0.54,7.81,5233,正常
2016/06/27 20:20:16,e29491222e2c544837c79f1f4c0896ad3095a10f,33f2a577d3978b75538afdc77f8caafb01c398c4,持卡人消费,一校区水控新,-0.78,7.03,5235,正常
2016/06/30 20:34:41,e29491222e2c544837c79f1f4c0896ad3095a10f,33f2a577d3978b75538afdc77f8caafb01c398c4,持卡人消费,一校区水控新,-0.43,6.60,5237,正常
2016/06/30 20:40:13,e29491222e2c544837c79f1f4c0896ad3095a10f,33f2a577d3978b75538afdc77f8caafb01c398c4,持卡人消费,一校区水控新,-0.77,5.83,5239,正常
