交易发生时间,学号,姓名,交易类型,子系统名称,交易额,现有余额,次数,状态
2016/06/01 08:05:08,968d108410bff7939ebcd41cb1c449cf08b64f5d,33f2a577d3978b75538afdc77f8caafb01c398c4,持卡人消费,学士楼商务网关,-5.5,112.50,4169,正常
2016/06/01 11:24:20,968d108410bff7939ebcd41cb1c449cf08b64f5d,33f2a577d3978b75538afdc77f8caafb01c398c4,持卡人消费,硕果园（工大商店）,-8.0,104.50,4170,正常
2016/06/01 13:58:07,968d108410bff7939ebcd41cb1c449cf08b64f5d,33f2a577d3978b75538afdc77f8caafb01c398c4,持卡人消费,超市商务子系统,-2.5,102.00,4171,正常
2016/06/01 16:48:19,968d108410bff7939ebcd41cb1c449cf08b64f5d,33f2a577d3978b75538afdc77f8caafb01c398c4,持卡人消费,超市商务子系统,-8.0,94.00,4172,正常
2016/06/01 16:48:41,968d108410bff7939ebcd41cb1c449cf08b64f5d,33f2a577d3978b75538afdc77f8caafb01c398c4,持卡人消费,超市商务子系统,-6.0,88.00,4173,正常
2016/06/02 08:32:11,968d108410bff7939ebcd41cb1c449cf08b64f5d,33f2a577d3978b75538afdc77f8caafb01c398c4,持卡人消费,学士楼商务网关,-2.5,85.50,4174,正常
2016/06/02 11:59:33,968d108410bff7939ebcd41cb1c449cf08b64f5d,33f2a577d3978b75538afdc77f8caafb01c398c4,持卡人消费,硕果园（工大商店）,-16.0,69.50,4175,正常
2016/06/02 17:09:02,968d108410bff7939ebcd41cb1c449cf08b64f5d,33f2a577d3978b75538afdc77f8caafb01c398c4,持卡人消费,学苑楼商务网关,-6.8,62.70,4176,正常
2016/06/02 21:16:56,968d108410bff7939ebcd41cb1c449cf08b64f5d,33f2a577d3978b75538afdc77f8caafb01c398c4,持卡人消费,超市商务子系统,-28.8,33.90,4177,正常
2016/06/02 21:18:28,968d108410bff7939ebcd41cb1c449cf08b64f5d,33f2a577d3978b75538afdc77f8caafb01c398c4,持卡人消费,超市商务子系统,-5.4,28.50,4178,正常
2016/06/03 11:16:09,968d108410bff7939ebcd41cb1c449cf08b64f5d,33f2a577d3978b75538afdc77f8caafb01c398c4,持卡人消费,学苑楼商务网关,-3.5,25.00,4179,正常
2016/06/03 11:17:42,968d108410bff7939ebcd41cb1c449cf08b64f5d,33f2a577d3978b75538afdc77f8caafb01c398c4,持卡人消费,学苑楼商务网关,-0.5,24.50,4180,正常
2016/06/04 07:51:52,968d108410bff7939ebcd41cb1c449cf08b64f5d,33f2a577d3978b75538afdc77f8caafb01c398c4,持卡人消费,学士楼商务网关,-1.6,22.90,4181,正常
2016/06/04 11:53:07,968d108410bff7939ebcd41cb1c449cf08b64f5d,33f2a577d3978b75538afdc77f8caafb01c398c4,持卡人消费,硕果园（工大商店）,-12.0,10.90,4182,正常
2016/06/04 11:59:48,968d108410bff7939ebcd41cb1c449cf08b64f5d,33f2a577d3978b75538afdc77f8caafb01c398c4,持卡人消费,硕果园（工大商店）,-5.0,5.90,4183,正常
2016/06/05 08:20:11,968d108410bff7939ebcd41cb1c449cf08b64f5d,33f2a577d3978b75538afdc77f8caafb01c398c4,持卡人消费,学士楼商务网关,-3.0,2.90,4184,正常
2016/06/05 11:33:55,968d108410bff7939ebcd41cb1c449cf08b64f5d,33f2a577d3978b75538afdc77f8caafb01c398c4,存款,学苑楼综合业务3,100.0,102.90,4185,正常
2016/06/05 11:37:53,968d108410bff7939ebcd41cb1c449cf08b64f5d,33f2a577d3978b75538afdc77f8caafb01c398c4,持卡人消费,学苑楼商务网关,-7.0,95.90,4186,正常
2016/06/05 11:38:22,968d108410bff7939ebcd41cb1c449cf08b64f5d,33f2a577d3978b75538afdc77f8caafb01c398c4,持卡人消费,学苑楼商务网关,-4.0,91.90,4187,正常
2016/06/05 11:38:56,968d108410bff7939ebcd41cb1c449cf08b64f5d,33f2a577d3978b75538afdc77f8caafb01c398c4,持卡人消费,学苑楼商务网关,-0.8,91.10,4188,正常
2016/06/05 11:40:41,968d108410bff7939ebcd41cb1c449cf08b64f5d,33f2a577d3978b75538afdc77f8caafb01c398c4,持卡人消费,学苑楼商务网关,-2.0,89.10,4189,正常
2016/06/05 17:18:20,968d108410bff7939ebcd41cb1c449cf08b64f5d,33f2a577d3978b75538afdc77f8caafb01c398c4,持卡人消费,超市商务子系统,-8.7,80.40,4190,正常
2016/06/05 17:21:55,968d108410bff7939ebcd41cb1c449cf08b64f5d,33f2a577d3978b75538afdc77f8caafb01c398c4,持卡人消费,硕果园（工大商店）,-10.0,70.40,4191,正常
2016/06/06 07:33:16,968d108410bff7939ebcd41cb1c449cf08b64f5d,33f2a577d3978b75538afdc77f8caafb01c398c4,持卡人消费,学士楼商务网关,-2.7,67.70,4192,正常
2016/06/06 11:35:16,968d108410bff7939ebcd41cb1c449cf08b64f5d,33f2a577d3978b75538afdc77f8caafb01c398c4,持卡人消费,硕果园（工大商店）,-9.0,58.70,4193,正常
2016/06/06 16:28:38,968d108410bff7939ebcd41cb1c449cf08b64f5d,33f2a577d3978b75538afdc77f8caafb01c398c4,持卡人消费,硕果园（工大商店）,-9.0,49.70,4194,正常
2016/06/07 16:31:14,968d108410bff7939ebcd41cb1c449cf08b64f5d,33f2a577d3978b75538afdc77f8caafb01c398c4,持卡人消费,15公寓浴池,-2.0,47.70,4195,正常
2016/06/07 16:38:06,968d108410bff7939ebcd41cb1c449cf08b64f5d,33f2a577d3978b75538afdc77f8caafb01c398c4,持卡人消费,15公寓浴池,-1.26,46.44,4197,正常
2016/06/07 17:31:31,968d108410bff7939ebcd41cb1c449cf08b64f5d,33f2a577d3978b75538afdc77f8caafb01c398c4,持卡人消费,学士楼商务网关,-9.9,36.54,4198,正常
2016/06/08 08:13:32,968d108410bff7939ebcd41cb1c449cf08b64f5d,33f2a577d3978b75538afdc77f8caafb01c398c4,持卡人消费,学士楼商务网关,-3.5,33.04,4199,正常
2016/06/08 11:27:45,968d108410bff7939ebcd41cb1c449cf08b64f5d,33f2a577d3978b75538afdc77f8caafb01c398c4,持卡人消费,学士楼商务网关,-9.6,23.44,4200,正常
2016/06/08 11:48:48,968d108410bff7939ebcd41cb1c449cf08b64f5d,33f2a577d3978b75538afdc77f8caafb01c398c4,持卡人消费,超市商务子系统,-2.8,20.64,4201,正常
2016/06/08 17:41:29,968d108410bff7939ebcd41cb1c449cf08b64f5d,33f2a577d3978b75538afdc77f8caafb01c398c4,持卡人消费,学士楼商务网关,-11.0,9.64,4202,正常
2016/06/08 18:01:46,968d108410bff7939ebcd41cb1c449cf08b64f5d,33f2a577d3978b75538afdc77f8caafb01c398c4,持卡人消费,超市商务子系统,-1.5,8.14,4203,正常
2016/06/09 08:02:07,968d108410bff7939ebcd41cb1c449cf08b64f5d,33f2a577d3978b75538afdc77f8caafb01c398c4,持卡人消费,学士楼商务网关,-4.7,3.44,4204,正常
2016/06/09 13:48:00,968d108410bff7939ebcd41cb1c449cf08b64f5d,33f2a577d3978b75538afdc77f8caafb01c398c4,持卡人消费,超市商务子系统,-0.9,2.54,4205,正常
2016/06/10 08:10:10,968d108410bff7939ebcd41cb1c449cf08b64f5d,33f2a577d3978b75538afdc77f8caafb01c398c4,存款,卡中心综合业务,200.0,202.54,4206,正常
2016/06/10 08:20:57,968d108410bff7939ebcd41cb1c449cf08b64f5d,33f2a577d3978b75538afdc77f8caafb01c398c4,持卡人消费,学士楼商务网关,-2.3,200.24,4207,正常
2016/06/10 08:34:34,968d108410bff7939ebcd41cb1c449cf08b64f5d,33f2a577d3978b75538afdc77f8caafb01c398c4,持卡人消费,超市商务子系统,-1.5,198.74,4208,正常
2016/06/10 11:26:59,968d108410bff7939ebcd41cb1c449cf08b64f5d,33f2a577d3978b75538afdc77f8caafb01c398c4,持卡人消费,硕果园（工大商店）,-12.0,186.74,4209,正常
2016/06/10 17:32:52,968d108410bff7939ebcd41cb1c449cf08b64f5d,33f2a577d3978b75538afdc77f8caafb01c398c4,持卡人消费,硕果园（工大商店）,-7.0,179.74,4210,正常
2016/06/10 17:35:50,968d108410bff7939ebcd41cb1c449cf08b64f5d,33f2a577d3978b75538afdc77f8caafb01c398c4,持卡人消费,硕果园（工大商店）,-6.0,173.74,4211,正常
2016/06/11 12:01:39,968d108410bff7939ebcd41cb1c449cf08b64f5d,33f2a577d3978b75538afdc77f8caafb01c398c4,持卡人消费,硕果园（工大商店）,-9.0,164.74,4212,正常
2016/06/11 18:24:05,968d108410bff7939ebcd41cb1c449cf08b64f5d,33f2a577d3978b75538afdc77f8caafb01c398c4,持卡人消费,学苑楼商务网关,-8.0,156.74,4213,正常
2016/06/11 18:43:43,968d108410bff7939ebcd41cb1c449cf08b64f5d,33f2a577d3978b75538afdc77f8caafb01c398c4,持卡人消费,超市商务子系统,-2.0,154.74,4214,正常
2016/06/12 07:58:00,968d108410bff7939ebcd41cb1c449cf08b64f5d,33f2a577d3978b75538afdc77f8caafb01c398c4,持卡人消费,学士楼商务网关,-4.6,150.14,4215,正常
2016/06/12 11:31:08,968d108410bff7939ebcd41cb1c449cf08b64f5d,33f2a577d3978b75538afdc77f8caafb01c398c4,持卡人消费,学士楼商务网关,-10.1,140.04,4216,正常
2016/06/12 16:34:57,968d108410bff7939ebcd41cb1c449cf08b64f5d,33f2a577d3978b75538afdc77f8caafb01c398c4,持卡人消费,硕果园（工大商店）,-12.0,128.04,4217,正常
2016/06/13 07:54:16,968d108410bff7939ebcd41cb1c449cf08b64f5d,33f2a577d3978b75538afdc77f8caafb01c398c4,持卡人消费,学士楼商务网关,-2.5,125.54,4218,正常
2016/06/13 11:22:28,968d108410bff7939ebcd41cb1c449cf08b64f5d,33f2a577d3978b75538afdc77f8caafb01c398c4,持卡人消费,学士楼商务网关,-4.0,121.54,4219,正常
2016/06/13 17:29:01,968d108410bff7939ebcd41cb1c449cf08b64f5d,33f2a577d3978b75538afdc77f8caafb01c398c4,持卡人消费,硕果园（工大商店）,-16.0,105.54,4220,正常
2016/06/13 17:39:10,968d108410bff7939ebcd41cb1c449cf08b64f5d,33f2a577d3978b75538afdc77f8caafb01c398c4,持卡人消费,硕果园（工大商店）,-1.0,104.54,4221,正常
2016/06/14 10:26:59,968d108410bff7939ebcd41cb1c449cf08b64f5d,33f2a577d3978b75538afdc77f8caafb01c398c4,持卡人消费,硕果园（工大商店）,-7.0,97.54,4222,正常
2016/06/14 10:27:21,968d108410bff7939ebcd41cb1c449cf08b64f5d,33f2a577d3978b75538afdc77f8caafb01c398c4,持卡人消费,硕果园（工大商店）,-5.0,92.54,4223,正常
2016/06/14 12:30:24,968d108410bff7939ebcd41cb1c449cf08b64f5d,33f2a577d3978b75538afdc77f8caafb01c398c4,持卡人消费,学苑楼商务网关,-6.0,86.54,4224,正常
2016/06/14 12:38:19,968d108410bff7939ebcd41cb1c449cf08b64f5d,33f2a577d3978b75538afdc77f8caafb01c398c4,持卡人消费,学苑楼商务网关,-4.0,82.54,4225,正常
2016/06/14 12:52:22,968d108410bff7939ebcd41cb1c449cf08b64f5d,33f2a577d3978b75538afdc77f8caafb01c398c4,持卡人消费,学苑楼商务网关,-0.1,82.44,4226,正常
2016/06/15 19:42:37,968d108410bff7939ebcd41cb1c449cf08b64f5d,33f2a577d3978b75538afdc77f8caafb01c398c4,持卡人消费,硕果园（工大商店）,-13.0,69.44,4227,正常
2016/06/16 08:25:00,968d108410bff7939ebcd41cb1c449cf08b64f5d,33f2a577d3978b75538afdc77f8caafb01c398c4,持卡人消费,学士楼商务网关,-6.5,62.94,4228,正常
2016/06/16 08:25:06,968d108410bff7939ebcd41cb1c449cf08b64f5d,33f2a577d3978b75538afdc77f8caafb01c398c4,持卡人消费,学士楼商务网关,-3.1,59.84,4229,正常
2016/06/16 11:31:00,968d108410bff7939ebcd41cb1c449cf08b64f5d,33f2a577d3978b75538afdc77f8caafb01c398c4,持卡人消费,学士楼商务网关,-11.5,48.34,4230,正常
2016/06/16 13:56:26,968d108410bff7939ebcd41cb1c449cf08b64f5d,33f2a577d3978b75538afdc77f8caafb01c398c4,持卡人消费,超市商务子系统,-1.5,46.84,4231,正常
2016/06/16 16:54:14,968d108410bff7939ebcd41cb1c449cf08b64f5d,33f2a577d3978b75538afdc77f8caafb01c398c4,持卡人消费,硕果园（工大商店）,-9.0,37.84,4232,正常
2016/06/17 08:02:55,968d108410bff7939ebcd41cb1c449cf08b64f5d,33f2a577d3978b75538afdc77f8caafb01c398c4,持卡人消费,学士楼商务网关,-3.7,34.14,4233,正常
2016/06/17 14:09:04,968d108410bff7939ebcd41cb1c449cf08b64f5d,33f2a577d3978b75538afdc77f8caafb01c398c4,持卡人消费,超市商务子系统,-1.5,32.64,4234,正常
2016/06/18 09:06:27,968d108410bff7939ebcd41cb1c449cf08b64f5d,33f2a577d3978b75538afdc77f8caafb01c398c4,持卡人消费,学士楼商务网关,-3.1,29.54,4235,正常
2016/06/18 11:59:35,968d108410bff7939ebcd41cb1c449cf08b64f5d,33f2a577d3978b75538afdc77f8caafb01c398c4,持卡人消费,学子楼商务网关,-6.0,23.54,4236,正常
2016/06/18 12:00:02,968d108410bff7939ebcd41cb1c449cf08b64f5d,33f2a577d3978b75538afdc77f8caafb01c398c4,持卡人消费,学子楼商务网关,-4.0,19.54,4237,正常
2016/06/18 12:00:55,968d108410bff7939ebcd41cb1c449cf08b64f5d,33f2a577d3978b75538afdc77f8caafb01c398c4,持卡人消费,学子楼商务网关,-10.2,9.34,4238,正常
2016/06/18 18:37:41,968d108410bff7939ebcd41cb1c449cf08b64f5d,33f2a577d3978b75538afdc77f8caafb01c398c4,持卡人消费,硕果园（工大商店）,-4.0,5.34,4239,正常
2016/06/20 11:40:43,968d108410bff7939ebcd41cb1c449cf08b64f5d,33f2a577d3978b75538afdc77f8caafb01c398c4,存款,卡中心综合业务,50.0,55.34,4240,正常
2016/06/20 11:44:11,968d108410bff7939ebcd41cb1c449cf08b64f5d,33f2a577d3978b75538afdc77f8caafb01c398c4,持卡人消费,学苑楼商务网关,-7.5,47.84,4241,正常
2016/06/20 11:44:20,968d108410bff7939ebcd41cb1c449cf08b64f5d,33f2a577d3978b75538afdc77f8caafb01c398c4,持卡人消费,学苑楼商务网关,-9.0,38.84,4242,正常
2016/06/21 11:10:29,968d108410bff7939ebcd41cb1c449cf08b64f5d,33f2a577d3978b75538afdc77f8caafb01c398c4,持卡人消费,硕果园（工大商店）,-24.0,14.84,4243,正常
2016/06/21 11:17:32,968d108410bff7939ebcd41cb1c449cf08b64f5d,33f2a577d3978b75538afdc77f8caafb01c398c4,持卡人消费,硕果园（工大商店）,-5.0,9.84,4244,正常
2016/06/21 18:13:14,968d108410bff7939ebcd41cb1c449cf08b64f5d,33f2a577d3978b75538afdc77f8caafb01c398c4,持卡人消费,超市商务子系统,-1.5,8.34,4245,正常
2016/06/22 11:38:18,968d108410bff7939ebcd41cb1c449cf08b64f5d,33f2a577d3978b75538afdc77f8caafb01c398c4,持卡人消费,学苑楼商务网关,-6.0,2.34,4246,正常
2016/06/22 11:59:06,968d108410bff7939ebcd41cb1c449cf08b64f5d,33f2a577d3978b75538afdc77f8caafb01c398c4,持卡人消费,超市商务子系统,-1.5,0.84,4247,正常
2016/06/23 12:01:01,968d108410bff7939ebcd41cb1c449cf08b64f5d,33f2a577d3978b75538afdc77f8caafb01c398c4,存款,卡中心综合业务,50.0,50.84,4248,正常
2016/06/23 12:04:11,968d108410bff7939ebcd41cb1c449cf08b64f5d,33f2a577d3978b75538afdc77f8caafb01c398c4,持卡人消费,学苑楼商务网关,-7.0,43.84,4249,正常
2016/06/23 12:29:08,968d108410bff7939ebcd41cb1c449cf08b64f5d,33f2a577d3978b75538afdc77f8caafb01c398c4,持卡人消费,超市商务子系统,-21.4,22.44,4250,正常
2016/06/23 17:14:18,968d108410bff7939ebcd41cb1c449cf08b64f5d,33f2a577d3978b75538afdc77f8caafb01c398c4,持卡人消费,15公寓浴池,-2.0,20.44,4251,正常
2016/06/23 17:22:02,968d108410bff7939ebcd41cb1c449cf08b64f5d,33f2a577d3978b75538afdc77f8caafb01c398c4,持卡人消费,15公寓浴池,-1.44,19.00,4253,正常
2016/06/23 19:20:03,968d108410bff7939ebcd41cb1c449cf08b64f5d,33f2a577d3978b75538afdc77f8caafb01c398c4,持卡人消费,硕果园（工大商店）,-14.0,5.00,4254,正常
2016/06/24 18:17:37,968d108410bff7939ebcd41cb1c449cf08b64f5d,33f2a577d3978b75538afdc77f8caafb01c398c4,存款,现金充值机,100.0,105.00,4255,正常
2016/06/24 18:43:40,968d108410bff7939ebcd41cb1c449cf08b64f5d,33f2a577d3978b75538afdc77f8caafb01c398c4,持卡人消费,硕果园（工大商店）,-13.0,92.00,4256,正常
2016/06/25 08:34:07,968d108410bff7939ebcd41cb1c449cf08b64f5d,33f2a577d3978b75538afdc77f8caafb01c398c4,持卡人消费,学士楼商务网关,-1.9,90.10,4257,正常
2016/06/25 08:48:57,968d108410bff7939ebcd41cb1c449cf08b64f5d,33f2a577d3978b75538afdc77f8caafb01c398c4,持卡人消费,超市商务子系统,-2.7,87.40,4258,正常
2016/06/25 15:55:25,968d108410bff7939ebcd41cb1c449cf08b64f5d,33f2a577d3978b75538afdc77f8caafb01c398c4,持卡人消费,一区图书馆APOS,-18.9,68.50,4259,正常
2016/06/26 17:28:26,968d108410bff7939ebcd41cb1c449cf08b64f5d,33f2a577d3978b75538afdc77f8caafb01c398c4,持卡人消费,硕果园（工大商店）,-12.0,56.50,4260,正常
2016/06/27 08:43:22,968d108410bff7939ebcd41cb1c449cf08b64f5d,33f2a577d3978b75538afdc77f8caafb01c398c4,持卡人消费,学士楼商务网关,-2.5,54.00,4261,正常
2016/06/27 08:43:31,968d108410bff7939ebcd41cb1c449cf08b64f5d,33f2a577d3978b75538afdc77f8caafb01c398c4,持卡人消费,学士楼商务网关,-2.3,51.70,4262,正常
2016/06/27 12:01:36,968d108410bff7939ebcd41cb1c449cf08b64f5d,33f2a577d3978b75538afdc77f8caafb01c398c4,持卡人消费,硕果园（工大商店）,-15.0,36.70,4263,正常
2016/06/27 17:23:50,968d108410bff7939ebcd41cb1c449cf08b64f5d,33f2a577d3978b75538afdc77f8caafb01c398c4,持卡人消费,硕果园（工大商店）,-9.0,27.70,4264,正常
2016/06/28 07:19:10,968d108410bff7939ebcd41cb1c449cf08b64f5d,33f2a577d3978b75538afdc77f8caafb01c398c4,持卡人消费,学士楼商务网关,-2.5,25.20,4265,正常
2016/06/28 11:33:06,968d108410bff7939ebcd41cb1c449cf08b64f5d,33f2a577d3978b75538afdc77f8caafb01c398c4,持卡人消费,硕果园（工大商店）,-7.0,18.20,4266,正常
2016/06/28 11:33:50,968d108410bff7939ebcd41cb1c449cf08b64f5d,33f2a577d3978b75538afdc77f8caafb01c398c4,持卡人消费,硕果园（工大商店）,-5.0,13.20,4267,正常
2016/06/28 18:39:23,968d108410bff7939ebcd41cb1c449cf08b64f5d,33f2a577d3978b75538afdc77f8caafb01c398c4,持卡人消费,15公寓浴池,-0.42,12.78,4269,正常
2016/06/28 18:41:59,968d108410bff7939ebcd41cb1c449cf08b64f5d,33f2a577d3978b75538afdc77f8caafb01c398c4,持卡人消费,15公寓浴池,-0.19,12.59,4271,正常
2016/06/28 18:51:06,968d108410bff7939ebcd41cb1c449cf08b64f5d,33f2a577d3978b75538afdc77f8caafb01c398c4,持卡人消费,15公寓浴池,-0.74,11.85,4273,正常
2016/06/28 18:52:57,968d108410bff7939ebcd41cb1c449cf08b64f5d,33f2a577d3978b75538afdc77f8caafb01c398c4,持卡人消费,15公寓浴池,-0.1,11.75,4275,正常
2016/06/29 08:10:39,968d108410bff7939ebcd41cb1c449cf08b64f5d,33f2a577d3978b75538afdc77f8caafb01c398c4,存款,卡中心综合业务,50.0,61.75,4276,正常
2016/06/29 08:11:36,968d108410bff7939ebcd41cb1c449cf08b64f5d,33f2a577d3978b75538afdc77f8caafb01c398c4,持卡人消费,学苑楼商务网关,-1.5,60.25,4277,正常
2016/06/29 11:19:17,968d108410bff7939ebcd41cb1c449cf08b64f5d,33f2a577d3978b75538afdc77f8caafb01c398c4,持卡人消费,硕果园（工大商店）,-12.0,48.25,4278,正常
2016/06/30 11:57:22,968d108410bff7939ebcd41cb1c449cf08b64f5d,33f2a577d3978b75538afdc77f8caafb01c398c4,持卡人消费,硕果园（工大商店）,-11.0,37.25,4279,正常
