交易发生时间,学号,姓名,交易类型,子系统名称,交易额,现有余额,次数,状态
2016/06/01 08:14:35,ad1472498a0e1187fc4b1a87d889ebb2dae6d1e8,33f394255d5e6eca8aec2369c33c711d9f8df90b,持卡人消费,四食堂商务网关,-2.5,41.91,5889,正常
2016/06/01 08:14:51,ad1472498a0e1187fc4b1a87d889ebb2dae6d1e8,33f394255d5e6eca8aec2369c33c711d9f8df90b,持卡人消费,四食堂商务网关,-3.6,38.31,5890,正常
2016/06/01 08:29:53,ad1472498a0e1187fc4b1a87d889ebb2dae6d1e8,33f394255d5e6eca8aec2369c33c711d9f8df90b,持卡人消费,网络中心,-30.0,8.31,5891,正常
2016/06/01 17:35:49,ad1472498a0e1187fc4b1a87d889ebb2dae6d1e8,33f394255d5e6eca8aec2369c33c711d9f8df90b,持卡人消费,四食堂商务网关,-0.2,8.11,5892,正常
2016/06/01 17:36:04,ad1472498a0e1187fc4b1a87d889ebb2dae6d1e8,33f394255d5e6eca8aec2369c33c711d9f8df90b,持卡人消费,四食堂商务网关,-7.46,0.65,5893,正常
2016/06/02 11:36:15,ad1472498a0e1187fc4b1a87d889ebb2dae6d1e8,33f394255d5e6eca8aec2369c33c711d9f8df90b,存款,现金充值机,110.0,110.65,5894,正常
2016/06/02 11:43:04,ad1472498a0e1187fc4b1a87d889ebb2dae6d1e8,33f394255d5e6eca8aec2369c33c711d9f8df90b,持卡人消费,四食堂商务网关,-0.2,110.45,5895,正常
2016/06/02 11:43:20,ad1472498a0e1187fc4b1a87d889ebb2dae6d1e8,33f394255d5e6eca8aec2369c33c711d9f8df90b,持卡人消费,四食堂商务网关,-8.18,102.27,5896,正常
2016/06/02 17:31:52,ad1472498a0e1187fc4b1a87d889ebb2dae6d1e8,33f394255d5e6eca8aec2369c33c711d9f8df90b,持卡人消费,四食堂商务网关,-0.2,102.07,5897,正常
2016/06/02 17:32:13,ad1472498a0e1187fc4b1a87d889ebb2dae6d1e8,33f394255d5e6eca8aec2369c33c711d9f8df90b,持卡人消费,四食堂商务网关,-9.34,92.73,5898,正常
2016/06/03 08:42:05,ad1472498a0e1187fc4b1a87d889ebb2dae6d1e8,33f394255d5e6eca8aec2369c33c711d9f8df90b,持卡人消费,四食堂商务网关,-3.0,89.73,5899,正常
2016/06/03 08:59:06,ad1472498a0e1187fc4b1a87d889ebb2dae6d1e8,33f394255d5e6eca8aec2369c33c711d9f8df90b,持卡人消费,学子便利店B07,-7.0,82.73,5900,正常
2016/06/03 11:46:13,ad1472498a0e1187fc4b1a87d889ebb2dae6d1e8,33f394255d5e6eca8aec2369c33c711d9f8df90b,持卡人消费,九食堂商务网关,-9.0,73.73,5901,正常
2016/06/03 11:53:34,ad1472498a0e1187fc4b1a87d889ebb2dae6d1e8,33f394255d5e6eca8aec2369c33c711d9f8df90b,持卡人消费,九食堂商务网关,-4.0,69.73,5902,正常
2016/06/03 17:39:05,ad1472498a0e1187fc4b1a87d889ebb2dae6d1e8,33f394255d5e6eca8aec2369c33c711d9f8df90b,持卡人消费,四食堂商务网关,-0.2,69.53,5903,正常
2016/06/03 17:39:20,ad1472498a0e1187fc4b1a87d889ebb2dae6d1e8,33f394255d5e6eca8aec2369c33c711d9f8df90b,持卡人消费,四食堂商务网关,-6.53,63.00,5904,正常
2016/06/04 08:56:24,ad1472498a0e1187fc4b1a87d889ebb2dae6d1e8,33f394255d5e6eca8aec2369c33c711d9f8df90b,持卡人消费,四食堂商务网关,-1.4,61.60,5905,正常
2016/06/04 11:28:22,ad1472498a0e1187fc4b1a87d889ebb2dae6d1e8,33f394255d5e6eca8aec2369c33c711d9f8df90b,持卡人消费,五食堂商务网关,-7.0,54.60,5906,正常
2016/06/04 11:32:47,ad1472498a0e1187fc4b1a87d889ebb2dae6d1e8,33f394255d5e6eca8aec2369c33c711d9f8df90b,持卡人消费,五食堂商务网关,-1.0,53.60,5907,正常
2016/06/04 17:10:26,ad1472498a0e1187fc4b1a87d889ebb2dae6d1e8,33f394255d5e6eca8aec2369c33c711d9f8df90b,持卡人消费,四食堂商务网关,-0.2,53.40,5908,正常
2016/06/04 17:10:42,ad1472498a0e1187fc4b1a87d889ebb2dae6d1e8,33f394255d5e6eca8aec2369c33c711d9f8df90b,持卡人消费,四食堂商务网关,-6.19,47.21,5909,正常
2016/06/05 08:53:54,ad1472498a0e1187fc4b1a87d889ebb2dae6d1e8,33f394255d5e6eca8aec2369c33c711d9f8df90b,持卡人消费,四食堂商务网关,-1.9,45.31,5910,正常
2016/06/05 09:06:43,ad1472498a0e1187fc4b1a87d889ebb2dae6d1e8,33f394255d5e6eca8aec2369c33c711d9f8df90b,持卡人消费,学子便利店B07,-6.2,39.11,5911,正常
2016/06/05 11:32:30,ad1472498a0e1187fc4b1a87d889ebb2dae6d1e8,33f394255d5e6eca8aec2369c33c711d9f8df90b,持卡人消费,九食堂商务网关,-9.0,30.11,5912,正常
2016/06/05 17:21:21,ad1472498a0e1187fc4b1a87d889ebb2dae6d1e8,33f394255d5e6eca8aec2369c33c711d9f8df90b,持卡人消费,四食堂商务网关,-0.2,29.91,5913,正常
2016/06/05 17:21:38,ad1472498a0e1187fc4b1a87d889ebb2dae6d1e8,33f394255d5e6eca8aec2369c33c711d9f8df90b,持卡人消费,四食堂商务网关,-9.38,20.53,5914,正常
2016/06/05 20:25:12,ad1472498a0e1187fc4b1a87d889ebb2dae6d1e8,33f394255d5e6eca8aec2369c33c711d9f8df90b,持卡人消费,二区水控,-0.4,20.13,5916,正常
2016/06/05 20:33:48,ad1472498a0e1187fc4b1a87d889ebb2dae6d1e8,33f394255d5e6eca8aec2369c33c711d9f8df90b,持卡人消费,二区水控,-0.9,19.23,5918,正常
2016/06/06 11:17:28,ad1472498a0e1187fc4b1a87d889ebb2dae6d1e8,33f394255d5e6eca8aec2369c33c711d9f8df90b,持卡人消费,九食堂商务网关,-10.0,9.23,5919,正常
2016/06/06 11:23:34,ad1472498a0e1187fc4b1a87d889ebb2dae6d1e8,33f394255d5e6eca8aec2369c33c711d9f8df90b,持卡人消费,九食堂商务网关,-5.0,4.23,5920,正常
2016/06/06 11:08:10,ad1472498a0e1187fc4b1a87d889ebb2dae6d1e8,33f394255d5e6eca8aec2369c33c711d9f8df90b,存款,现金充值机,100.0,104.23,5921,正常
2016/06/06 17:30:23,ad1472498a0e1187fc4b1a87d889ebb2dae6d1e8,33f394255d5e6eca8aec2369c33c711d9f8df90b,持卡人消费,四食堂商务网关,-0.2,104.03,5922,正常
2016/06/06 17:30:33,ad1472498a0e1187fc4b1a87d889ebb2dae6d1e8,33f394255d5e6eca8aec2369c33c711d9f8df90b,持卡人消费,四食堂商务网关,-8.33,95.70,5923,正常
2016/06/07 08:43:57,ad1472498a0e1187fc4b1a87d889ebb2dae6d1e8,33f394255d5e6eca8aec2369c33c711d9f8df90b,持卡人消费,四食堂商务网关,-2.5,93.20,5924,正常
2016/06/07 11:50:38,ad1472498a0e1187fc4b1a87d889ebb2dae6d1e8,33f394255d5e6eca8aec2369c33c711d9f8df90b,持卡人消费,九食堂商务网关,-9.0,84.20,5925,正常
2016/06/07 17:33:41,ad1472498a0e1187fc4b1a87d889ebb2dae6d1e8,33f394255d5e6eca8aec2369c33c711d9f8df90b,持卡人消费,四食堂商务网关,-5.2,79.00,5926,正常
2016/06/07 17:33:43,ad1472498a0e1187fc4b1a87d889ebb2dae6d1e8,33f394255d5e6eca8aec2369c33c711d9f8df90b,持卡人消费,四食堂商务网关,-1.0,78.00,5927,正常
2016/06/07 17:55:53,ad1472498a0e1187fc4b1a87d889ebb2dae6d1e8,33f394255d5e6eca8aec2369c33c711d9f8df90b,持卡人消费,五食堂商务网关,-5.4,72.60,5928,正常
2016/06/08 07:56:23,ad1472498a0e1187fc4b1a87d889ebb2dae6d1e8,33f394255d5e6eca8aec2369c33c711d9f8df90b,持卡人消费,四食堂商务网关,-2.0,70.60,5929,正常
2016/06/08 09:09:24,ad1472498a0e1187fc4b1a87d889ebb2dae6d1e8,33f394255d5e6eca8aec2369c33c711d9f8df90b,持卡人消费,学子便利店B07,-2.8,67.80,5930,正常
2016/06/08 10:29:56,ad1472498a0e1187fc4b1a87d889ebb2dae6d1e8,33f394255d5e6eca8aec2369c33c711d9f8df90b,持卡人消费,四食堂商务网关,-0.2,67.60,5931,正常
2016/06/08 10:30:23,ad1472498a0e1187fc4b1a87d889ebb2dae6d1e8,33f394255d5e6eca8aec2369c33c711d9f8df90b,持卡人消费,四食堂商务网关,-7.25,60.35,5932,正常
2016/06/08 10:30:34,ad1472498a0e1187fc4b1a87d889ebb2dae6d1e8,33f394255d5e6eca8aec2369c33c711d9f8df90b,持卡人消费,四食堂商务网关,-8.64,51.71,5933,正常
2016/06/08 17:23:44,ad1472498a0e1187fc4b1a87d889ebb2dae6d1e8,33f394255d5e6eca8aec2369c33c711d9f8df90b,持卡人消费,九食堂商务网关,-9.0,42.71,5934,正常
2016/06/08 17:43:46,ad1472498a0e1187fc4b1a87d889ebb2dae6d1e8,33f394255d5e6eca8aec2369c33c711d9f8df90b,持卡人消费,学子便利店B07,-7.0,35.71,5935,正常
2016/06/09 08:13:43,ad1472498a0e1187fc4b1a87d889ebb2dae6d1e8,33f394255d5e6eca8aec2369c33c711d9f8df90b,持卡人消费,九食堂商务网关,-2.0,33.71,5936,正常
2016/06/09 08:14:19,ad1472498a0e1187fc4b1a87d889ebb2dae6d1e8,33f394255d5e6eca8aec2369c33c711d9f8df90b,持卡人消费,九食堂商务网关,-0.65,33.06,5937,正常
2016/06/09 12:02:05,ad1472498a0e1187fc4b1a87d889ebb2dae6d1e8,33f394255d5e6eca8aec2369c33c711d9f8df90b,持卡人消费,九食堂商务网关,-5.0,28.06,5938,正常
2016/06/10 11:32:33,ad1472498a0e1187fc4b1a87d889ebb2dae6d1e8,33f394255d5e6eca8aec2369c33c711d9f8df90b,持卡人消费,九食堂商务网关,-9.0,19.06,5939,正常
2016/06/10 11:49:15,ad1472498a0e1187fc4b1a87d889ebb2dae6d1e8,33f394255d5e6eca8aec2369c33c711d9f8df90b,持卡人消费,学子便利店B07,-2.0,17.06,5940,正常
2016/06/10 17:22:02,ad1472498a0e1187fc4b1a87d889ebb2dae6d1e8,33f394255d5e6eca8aec2369c33c711d9f8df90b,持卡人消费,九食堂商务网关,-5.2,11.86,5941,正常
2016/06/10 17:06:16,ad1472498a0e1187fc4b1a87d889ebb2dae6d1e8,33f394255d5e6eca8aec2369c33c711d9f8df90b,存款,现金充值机,50.0,61.86,5942,正常
2016/06/11 09:59:35,ad1472498a0e1187fc4b1a87d889ebb2dae6d1e8,33f394255d5e6eca8aec2369c33c711d9f8df90b,持卡人消费,学子便利店B07,-7.2,54.66,5943,正常
2016/06/11 11:52:30,ad1472498a0e1187fc4b1a87d889ebb2dae6d1e8,33f394255d5e6eca8aec2369c33c711d9f8df90b,持卡人消费,九食堂商务网关,-7.0,47.66,5944,正常
2016/06/11 16:16:50,ad1472498a0e1187fc4b1a87d889ebb2dae6d1e8,33f394255d5e6eca8aec2369c33c711d9f8df90b,持卡人消费,学子便利店B07,-1.2,46.46,5945,正常
2016/06/17 08:34:28,ad1472498a0e1187fc4b1a87d889ebb2dae6d1e8,33f394255d5e6eca8aec2369c33c711d9f8df90b,持卡人消费,四食堂商务网关,-3.0,43.46,5946,正常
2016/06/17 08:47:10,ad1472498a0e1187fc4b1a87d889ebb2dae6d1e8,33f394255d5e6eca8aec2369c33c711d9f8df90b,持卡人消费,学子便利店B07,-2.5,40.96,5947,正常
2016/06/17 11:15:41,ad1472498a0e1187fc4b1a87d889ebb2dae6d1e8,33f394255d5e6eca8aec2369c33c711d9f8df90b,存款,现金充值机,100.0,140.96,5948,正常
2016/06/17 11:49:02,ad1472498a0e1187fc4b1a87d889ebb2dae6d1e8,33f394255d5e6eca8aec2369c33c711d9f8df90b,持卡人消费,九食堂商务网关,-9.0,131.96,5949,正常
2016/06/17 17:25:13,ad1472498a0e1187fc4b1a87d889ebb2dae6d1e8,33f394255d5e6eca8aec2369c33c711d9f8df90b,持卡人消费,四食堂商务网关,-0.2,131.76,5950,正常
2016/06/17 17:25:43,ad1472498a0e1187fc4b1a87d889ebb2dae6d1e8,33f394255d5e6eca8aec2369c33c711d9f8df90b,持卡人消费,四食堂商务网关,-8.04,123.72,5951,正常
2016/06/17 18:41:19,ad1472498a0e1187fc4b1a87d889ebb2dae6d1e8,33f394255d5e6eca8aec2369c33c711d9f8df90b,持卡人消费,二区水控,-0.48,120.24,5954,正常
2016/06/17 18:50:19,ad1472498a0e1187fc4b1a87d889ebb2dae6d1e8,33f394255d5e6eca8aec2369c33c711d9f8df90b,持卡人消费,二区水控,-0.9,119.34,5956,正常
2016/06/18 08:33:41,ad1472498a0e1187fc4b1a87d889ebb2dae6d1e8,33f394255d5e6eca8aec2369c33c711d9f8df90b,持卡人消费,四食堂商务网关,-2.6,116.74,5957,正常
2016/06/18 11:29:39,ad1472498a0e1187fc4b1a87d889ebb2dae6d1e8,33f394255d5e6eca8aec2369c33c711d9f8df90b,持卡人消费,四食堂商务网关,-0.2,116.54,5958,正常
2016/06/18 11:29:55,ad1472498a0e1187fc4b1a87d889ebb2dae6d1e8,33f394255d5e6eca8aec2369c33c711d9f8df90b,持卡人消费,四食堂商务网关,-6.55,109.99,5959,正常
2016/06/18 17:30:52,ad1472498a0e1187fc4b1a87d889ebb2dae6d1e8,33f394255d5e6eca8aec2369c33c711d9f8df90b,持卡人消费,四食堂商务网关,-0.2,109.79,5960,正常
2016/06/18 17:31:07,ad1472498a0e1187fc4b1a87d889ebb2dae6d1e8,33f394255d5e6eca8aec2369c33c711d9f8df90b,持卡人消费,四食堂商务网关,-7.37,102.42,5961,正常
2016/06/18 17:48:17,ad1472498a0e1187fc4b1a87d889ebb2dae6d1e8,33f394255d5e6eca8aec2369c33c711d9f8df90b,持卡人消费,四食堂商务网关,-7.0,95.42,5962,正常
2016/06/19 08:45:10,ad1472498a0e1187fc4b1a87d889ebb2dae6d1e8,33f394255d5e6eca8aec2369c33c711d9f8df90b,持卡人消费,四食堂商务网关,-2.0,93.42,5963,正常
2016/06/19 08:57:46,ad1472498a0e1187fc4b1a87d889ebb2dae6d1e8,33f394255d5e6eca8aec2369c33c711d9f8df90b,持卡人消费,学子便利店B07,-2.6,90.82,5964,正常
2016/06/19 12:02:40,ad1472498a0e1187fc4b1a87d889ebb2dae6d1e8,33f394255d5e6eca8aec2369c33c711d9f8df90b,持卡人消费,九食堂商务网关,-7.0,83.82,5965,正常
2016/06/19 12:17:09,ad1472498a0e1187fc4b1a87d889ebb2dae6d1e8,33f394255d5e6eca8aec2369c33c711d9f8df90b,持卡人消费,九食堂商务网关,-6.2,77.62,5966,正常
2016/06/19 17:04:59,ad1472498a0e1187fc4b1a87d889ebb2dae6d1e8,33f394255d5e6eca8aec2369c33c711d9f8df90b,持卡人消费,四食堂商务网关,-0.2,77.42,5967,正常
2016/06/19 17:05:47,ad1472498a0e1187fc4b1a87d889ebb2dae6d1e8,33f394255d5e6eca8aec2369c33c711d9f8df90b,持卡人消费,四食堂商务网关,-6.58,70.84,5968,正常
2016/06/20 08:12:55,ad1472498a0e1187fc4b1a87d889ebb2dae6d1e8,33f394255d5e6eca8aec2369c33c711d9f8df90b,持卡人消费,四食堂商务网关,-2.0,68.84,5969,正常
2016/06/20 11:47:51,ad1472498a0e1187fc4b1a87d889ebb2dae6d1e8,33f394255d5e6eca8aec2369c33c711d9f8df90b,持卡人消费,九食堂商务网关,-10.0,58.84,5970,正常
2016/06/20 11:47:54,ad1472498a0e1187fc4b1a87d889ebb2dae6d1e8,33f394255d5e6eca8aec2369c33c711d9f8df90b,持卡人消费,九食堂商务网关,-14.0,44.84,5971,正常
2016/06/20 17:49:44,ad1472498a0e1187fc4b1a87d889ebb2dae6d1e8,33f394255d5e6eca8aec2369c33c711d9f8df90b,持卡人消费,九食堂商务网关,-9.0,35.84,5972,正常
2016/06/20 17:49:48,ad1472498a0e1187fc4b1a87d889ebb2dae6d1e8,33f394255d5e6eca8aec2369c33c711d9f8df90b,持卡人消费,九食堂商务网关,-10.0,25.84,5973,正常
2016/06/20 20:15:52,ad1472498a0e1187fc4b1a87d889ebb2dae6d1e8,33f394255d5e6eca8aec2369c33c711d9f8df90b,持卡人消费,二区水控,-0.02,25.82,5975,正常
2016/06/20 20:19:30,ad1472498a0e1187fc4b1a87d889ebb2dae6d1e8,33f394255d5e6eca8aec2369c33c711d9f8df90b,持卡人消费,二区水控,-0.66,25.16,5977,正常
2016/06/20 20:27:20,ad1472498a0e1187fc4b1a87d889ebb2dae6d1e8,33f394255d5e6eca8aec2369c33c711d9f8df90b,持卡人消费,二区水控,-0.8,24.36,5979,正常
2016/06/20 20:47:57,ad1472498a0e1187fc4b1a87d889ebb2dae6d1e8,33f394255d5e6eca8aec2369c33c711d9f8df90b,持卡人消费,二区水控,-1.44,22.92,5981,正常
2016/06/21 08:54:31,ad1472498a0e1187fc4b1a87d889ebb2dae6d1e8,33f394255d5e6eca8aec2369c33c711d9f8df90b,持卡人消费,四食堂商务网关,-2.0,20.92,5982,正常
2016/06/21 11:15:09,ad1472498a0e1187fc4b1a87d889ebb2dae6d1e8,33f394255d5e6eca8aec2369c33c711d9f8df90b,持卡人消费,九食堂商务网关,-6.2,14.72,5983,正常
2016/06/21 11:18:11,ad1472498a0e1187fc4b1a87d889ebb2dae6d1e8,33f394255d5e6eca8aec2369c33c711d9f8df90b,持卡人消费,九食堂商务网关,-1.0,13.72,5984,正常
2016/06/21 11:30:10,ad1472498a0e1187fc4b1a87d889ebb2dae6d1e8,33f394255d5e6eca8aec2369c33c711d9f8df90b,存款,2区卡中心综合业务,50.0,63.72,5985,正常
2016/06/21 11:34:12,ad1472498a0e1187fc4b1a87d889ebb2dae6d1e8,33f394255d5e6eca8aec2369c33c711d9f8df90b,持卡人消费,学子便利店B07,-2.0,61.72,5986,正常
2016/06/21 16:55:27,ad1472498a0e1187fc4b1a87d889ebb2dae6d1e8,33f394255d5e6eca8aec2369c33c711d9f8df90b,持卡人消费,四食堂商务网关,-0.2,61.52,5987,正常
2016/06/21 16:55:38,ad1472498a0e1187fc4b1a87d889ebb2dae6d1e8,33f394255d5e6eca8aec2369c33c711d9f8df90b,持卡人消费,四食堂商务网关,-7.15,54.37,5988,正常
2016/06/22 09:20:16,ad1472498a0e1187fc4b1a87d889ebb2dae6d1e8,33f394255d5e6eca8aec2369c33c711d9f8df90b,持卡人消费,学子便利店B07,-0.6,53.77,5989,正常
2016/06/22 11:53:18,ad1472498a0e1187fc4b1a87d889ebb2dae6d1e8,33f394255d5e6eca8aec2369c33c711d9f8df90b,持卡人消费,四食堂商务网关,-0.2,53.57,5990,正常
2016/06/22 11:53:32,ad1472498a0e1187fc4b1a87d889ebb2dae6d1e8,33f394255d5e6eca8aec2369c33c711d9f8df90b,持卡人消费,四食堂商务网关,-6.24,47.33,5991,正常
2016/06/22 17:47:35,ad1472498a0e1187fc4b1a87d889ebb2dae6d1e8,33f394255d5e6eca8aec2369c33c711d9f8df90b,持卡人消费,九食堂商务网关,-10.0,37.33,5992,正常
2016/06/22 20:21:42,ad1472498a0e1187fc4b1a87d889ebb2dae6d1e8,33f394255d5e6eca8aec2369c33c711d9f8df90b,持卡人消费,二区水控,-0.48,36.85,5994,正常
2016/06/22 20:30:01,ad1472498a0e1187fc4b1a87d889ebb2dae6d1e8,33f394255d5e6eca8aec2369c33c711d9f8df90b,持卡人消费,二区水控,-0.91,35.94,5996,正常
2016/06/23 08:30:32,ad1472498a0e1187fc4b1a87d889ebb2dae6d1e8,33f394255d5e6eca8aec2369c33c711d9f8df90b,持卡人消费,四食堂商务网关,-3.0,32.94,5997,正常
2016/06/23 11:47:34,ad1472498a0e1187fc4b1a87d889ebb2dae6d1e8,33f394255d5e6eca8aec2369c33c711d9f8df90b,持卡人消费,九食堂商务网关,-9.0,23.94,5998,正常
2016/06/23 12:05:46,ad1472498a0e1187fc4b1a87d889ebb2dae6d1e8,33f394255d5e6eca8aec2369c33c711d9f8df90b,持卡人消费,九食堂商务网关,-5.2,18.74,5999,正常
2016/06/23 17:40:49,ad1472498a0e1187fc4b1a87d889ebb2dae6d1e8,33f394255d5e6eca8aec2369c33c711d9f8df90b,持卡人消费,九食堂商务网关,-8.5,10.24,6000,正常
2016/06/23 18:00:02,ad1472498a0e1187fc4b1a87d889ebb2dae6d1e8,33f394255d5e6eca8aec2369c33c711d9f8df90b,持卡人消费,九食堂商务网关,-4.7,5.54,6001,正常
2016/06/24 08:50:04,ad1472498a0e1187fc4b1a87d889ebb2dae6d1e8,33f394255d5e6eca8aec2369c33c711d9f8df90b,持卡人消费,四食堂商务网关,-2.0,3.54,6002,正常
2016/06/24 11:45:16,ad1472498a0e1187fc4b1a87d889ebb2dae6d1e8,33f394255d5e6eca8aec2369c33c711d9f8df90b,存款,现金充值机,100.0,103.54,6003,正常
2016/06/24 11:53:13,ad1472498a0e1187fc4b1a87d889ebb2dae6d1e8,33f394255d5e6eca8aec2369c33c711d9f8df90b,持卡人消费,四食堂商务网关,-0.2,103.34,6004,正常
2016/06/24 11:53:31,ad1472498a0e1187fc4b1a87d889ebb2dae6d1e8,33f394255d5e6eca8aec2369c33c711d9f8df90b,持卡人消费,四食堂商务网关,-7.66,95.68,6005,正常
2016/06/25 08:46:02,ad1472498a0e1187fc4b1a87d889ebb2dae6d1e8,33f394255d5e6eca8aec2369c33c711d9f8df90b,持卡人消费,四食堂商务网关,-2.0,93.68,6006,正常
2016/06/25 08:58:24,ad1472498a0e1187fc4b1a87d889ebb2dae6d1e8,33f394255d5e6eca8aec2369c33c711d9f8df90b,持卡人消费,学子便利店B07,-2.0,91.68,6007,正常
2016/06/25 11:51:59,ad1472498a0e1187fc4b1a87d889ebb2dae6d1e8,33f394255d5e6eca8aec2369c33c711d9f8df90b,持卡人消费,四食堂商务网关,-0.2,91.48,6008,正常
2016/06/25 11:52:22,ad1472498a0e1187fc4b1a87d889ebb2dae6d1e8,33f394255d5e6eca8aec2369c33c711d9f8df90b,持卡人消费,四食堂商务网关,-7.2,84.28,6009,正常
2016/06/25 11:52:33,ad1472498a0e1187fc4b1a87d889ebb2dae6d1e8,33f394255d5e6eca8aec2369c33c711d9f8df90b,持卡人消费,四食堂商务网关,-11.4,72.88,6010,正常
2016/06/25 18:30:07,ad1472498a0e1187fc4b1a87d889ebb2dae6d1e8,33f394255d5e6eca8aec2369c33c711d9f8df90b,持卡人消费,四食堂商务网关,-5.0,67.88,6011,正常
2016/06/25 18:30:53,ad1472498a0e1187fc4b1a87d889ebb2dae6d1e8,33f394255d5e6eca8aec2369c33c711d9f8df90b,持卡人消费,四食堂商务网关,-4.0,63.88,6012,正常
2016/06/26 08:41:20,ad1472498a0e1187fc4b1a87d889ebb2dae6d1e8,33f394255d5e6eca8aec2369c33c711d9f8df90b,持卡人消费,四食堂商务网关,-2.6,61.28,6013,正常
2016/06/26 11:41:01,ad1472498a0e1187fc4b1a87d889ebb2dae6d1e8,33f394255d5e6eca8aec2369c33c711d9f8df90b,持卡人消费,四食堂商务网关,-8.95,52.33,6014,正常
2016/06/26 11:41:07,ad1472498a0e1187fc4b1a87d889ebb2dae6d1e8,33f394255d5e6eca8aec2369c33c711d9f8df90b,持卡人消费,四食堂商务网关,-10.13,42.20,6015,正常
2016/06/26 11:42:30,ad1472498a0e1187fc4b1a87d889ebb2dae6d1e8,33f394255d5e6eca8aec2369c33c711d9f8df90b,持卡人消费,四食堂商务网关,-0.2,42.00,6016,正常
2016/06/26 11:42:43,ad1472498a0e1187fc4b1a87d889ebb2dae6d1e8,33f394255d5e6eca8aec2369c33c711d9f8df90b,持卡人消费,四食堂商务网关,-8.18,33.82,6017,正常
2016/06/26 12:05:14,ad1472498a0e1187fc4b1a87d889ebb2dae6d1e8,33f394255d5e6eca8aec2369c33c711d9f8df90b,持卡人消费,学子便利店B07,-3.8,30.02,6018,正常
2016/06/26 16:59:42,ad1472498a0e1187fc4b1a87d889ebb2dae6d1e8,33f394255d5e6eca8aec2369c33c711d9f8df90b,持卡人消费,四食堂商务网关,-0.2,29.82,6019,正常
2016/06/26 17:00:05,ad1472498a0e1187fc4b1a87d889ebb2dae6d1e8,33f394255d5e6eca8aec2369c33c711d9f8df90b,持卡人消费,四食堂商务网关,-7.92,21.90,6020,正常
2016/06/26 20:51:16,ad1472498a0e1187fc4b1a87d889ebb2dae6d1e8,33f394255d5e6eca8aec2369c33c711d9f8df90b,持卡人消费,学子便利店B07,-4.2,17.70,6021,正常
2016/06/26 20:51:26,ad1472498a0e1187fc4b1a87d889ebb2dae6d1e8,33f394255d5e6eca8aec2369c33c711d9f8df90b,持卡人消费,学子便利店B07,-4.2,13.50,6022,正常
2016/06/27 08:57:07,ad1472498a0e1187fc4b1a87d889ebb2dae6d1e8,33f394255d5e6eca8aec2369c33c711d9f8df90b,持卡人消费,四食堂商务网关,-1.8,11.70,6023,正常
2016/06/27 09:04:59,ad1472498a0e1187fc4b1a87d889ebb2dae6d1e8,33f394255d5e6eca8aec2369c33c711d9f8df90b,持卡人消费,四食堂商务网关,-7.0,4.70,6024,正常
2016/06/27 11:26:10,ad1472498a0e1187fc4b1a87d889ebb2dae6d1e8,33f394255d5e6eca8aec2369c33c711d9f8df90b,存款,现金充值机,100.0,104.70,6025,正常
2016/06/27 12:00:32,ad1472498a0e1187fc4b1a87d889ebb2dae6d1e8,33f394255d5e6eca8aec2369c33c711d9f8df90b,持卡人消费,九食堂商务网关,-7.2,97.50,6026,正常
2016/06/28 08:31:50,ad1472498a0e1187fc4b1a87d889ebb2dae6d1e8,33f394255d5e6eca8aec2369c33c711d9f8df90b,持卡人消费,四食堂商务网关,-2.0,95.50,6027,正常
2016/06/28 08:49:15,ad1472498a0e1187fc4b1a87d889ebb2dae6d1e8,33f394255d5e6eca8aec2369c33c711d9f8df90b,持卡人消费,学子便利店B07,-14.1,81.40,6028,正常
2016/06/28 11:48:16,ad1472498a0e1187fc4b1a87d889ebb2dae6d1e8,33f394255d5e6eca8aec2369c33c711d9f8df90b,持卡人消费,四食堂商务网关,-0.2,81.20,6029,正常
2016/06/28 11:48:36,ad1472498a0e1187fc4b1a87d889ebb2dae6d1e8,33f394255d5e6eca8aec2369c33c711d9f8df90b,持卡人消费,四食堂商务网关,-7.97,73.23,6030,正常
2016/06/28 17:49:21,ad1472498a0e1187fc4b1a87d889ebb2dae6d1e8,33f394255d5e6eca8aec2369c33c711d9f8df90b,持卡人消费,五食堂商务网关,-6.0,67.23,6031,正常
2016/06/28 19:38:36,ad1472498a0e1187fc4b1a87d889ebb2dae6d1e8,33f394255d5e6eca8aec2369c33c711d9f8df90b,持卡人消费,二区水控,-0.4,66.83,6032,正常
2016/06/28 19:48:36,ad1472498a0e1187fc4b1a87d889ebb2dae6d1e8,33f394255d5e6eca8aec2369c33c711d9f8df90b,持卡人消费,二区水控,-1.16,65.67,6033,正常
2016/06/28 22:18:12,ad1472498a0e1187fc4b1a87d889ebb2dae6d1e8,33f394255d5e6eca8aec2369c33c711d9f8df90b,持卡人消费,学子便利店B07,-7.7,57.97,6034,正常
2016/06/28 22:18:40,ad1472498a0e1187fc4b1a87d889ebb2dae6d1e8,33f394255d5e6eca8aec2369c33c711d9f8df90b,持卡人消费,学子便利店B07,-6.4,51.57,6035,正常
2016/06/29 07:40:24,ad1472498a0e1187fc4b1a87d889ebb2dae6d1e8,33f394255d5e6eca8aec2369c33c711d9f8df90b,持卡人消费,九食堂商务网关,-3.3,48.27,6036,正常
2016/06/29 07:40:28,ad1472498a0e1187fc4b1a87d889ebb2dae6d1e8,33f394255d5e6eca8aec2369c33c711d9f8df90b,持卡人消费,九食堂商务网关,-0.5,47.77,6037,正常
2016/06/29 11:59:40,ad1472498a0e1187fc4b1a87d889ebb2dae6d1e8,33f394255d5e6eca8aec2369c33c711d9f8df90b,持卡人消费,四食堂商务网关,-5.2,42.57,6038,正常
2016/06/29 11:59:54,ad1472498a0e1187fc4b1a87d889ebb2dae6d1e8,33f394255d5e6eca8aec2369c33c711d9f8df90b,持卡人消费,四食堂商务网关,-5.0,37.57,6039,正常
2016/06/29 19:21:31,ad1472498a0e1187fc4b1a87d889ebb2dae6d1e8,33f394255d5e6eca8aec2369c33c711d9f8df90b,持卡人消费,网络中心,-30.0,7.57,6040,正常
