交易发生时间,学号,姓名,交易类型,子系统名称,交易额,现有余额,次数,状态
2016/06/02 11:48:29,4a8d821f5b2901acc092e6c046e2447aba817e7e,35ce1a5c1bba04c698e1c1cbf6d8196e8a24614c,持卡人消费,学士楼商务网关,-9.8,12.05,2101,正常
2016/06/02 17:04:39,4a8d821f5b2901acc092e6c046e2447aba817e7e,35ce1a5c1bba04c698e1c1cbf6d8196e8a24614c,存款,卡中心综合业务,200.0,212.05,2102,正常
2016/06/02 17:09:47,4a8d821f5b2901acc092e6c046e2447aba817e7e,35ce1a5c1bba04c698e1c1cbf6d8196e8a24614c,持卡人消费,学士楼商务网关,-10.3,201.75,2103,正常
2016/06/02 17:34:27,4a8d821f5b2901acc092e6c046e2447aba817e7e,35ce1a5c1bba04c698e1c1cbf6d8196e8a24614c,持卡人消费,超市商务子系统,-7.9,193.85,2104,正常
2016/06/03 16:58:40,4a8d821f5b2901acc092e6c046e2447aba817e7e,35ce1a5c1bba04c698e1c1cbf6d8196e8a24614c,持卡人消费,学士楼商务网关,-8.3,185.55,2105,正常
2016/06/03 16:58:42,4a8d821f5b2901acc092e6c046e2447aba817e7e,35ce1a5c1bba04c698e1c1cbf6d8196e8a24614c,持卡人消费,学士楼商务网关,-8.3,177.25,2106,正常
2016/06/03 17:16:50,4a8d821f5b2901acc092e6c046e2447aba817e7e,35ce1a5c1bba04c698e1c1cbf6d8196e8a24614c,持卡人消费,硕果园（工大商店）,-14.9,162.35,2107,正常
2016/06/03 17:17:39,4a8d821f5b2901acc092e6c046e2447aba817e7e,35ce1a5c1bba04c698e1c1cbf6d8196e8a24614c,持卡人消费,硕果园（工大商店）,-13.2,149.15,2108,正常
2016/06/04 10:10:03,4a8d821f5b2901acc092e6c046e2447aba817e7e,35ce1a5c1bba04c698e1c1cbf6d8196e8a24614c,持卡人消费,网络中心,-30.0,119.15,2109,正常
2016/06/06 11:59:10,4a8d821f5b2901acc092e6c046e2447aba817e7e,35ce1a5c1bba04c698e1c1cbf6d8196e8a24614c,持卡人消费,学苑楼商务网关,-7.0,112.15,2110,正常
2016/06/06 12:03:45,4a8d821f5b2901acc092e6c046e2447aba817e7e,35ce1a5c1bba04c698e1c1cbf6d8196e8a24614c,持卡人消费,学苑楼商务网关,-0.8,111.35,2111,正常
2016/06/06 17:52:34,4a8d821f5b2901acc092e6c046e2447aba817e7e,35ce1a5c1bba04c698e1c1cbf6d8196e8a24614c,持卡人消费,学苑楼商务网关,-9.0,102.35,2112,正常
2016/06/06 18:11:22,4a8d821f5b2901acc092e6c046e2447aba817e7e,35ce1a5c1bba04c698e1c1cbf6d8196e8a24614c,持卡人消费,超市商务子系统,-2.7,99.65,2113,正常
2016/06/07 11:34:35,4a8d821f5b2901acc092e6c046e2447aba817e7e,35ce1a5c1bba04c698e1c1cbf6d8196e8a24614c,持卡人消费,硕果园（工大商店）,-15.6,84.05,2114,正常
2016/06/07 11:35:53,4a8d821f5b2901acc092e6c046e2447aba817e7e,35ce1a5c1bba04c698e1c1cbf6d8196e8a24614c,持卡人消费,硕果园（工大商店）,-4.0,80.05,2115,正常
2016/06/08 11:09:41,4a8d821f5b2901acc092e6c046e2447aba817e7e,35ce1a5c1bba04c698e1c1cbf6d8196e8a24614c,持卡人消费,学苑楼商务网关,-9.0,71.05,2116,正常
2016/06/08 17:14:32,4a8d821f5b2901acc092e6c046e2447aba817e7e,35ce1a5c1bba04c698e1c1cbf6d8196e8a24614c,持卡人消费,硕果园（工大商店）,-10.0,61.05,2117,正常
2016/06/08 17:16:35,4a8d821f5b2901acc092e6c046e2447aba817e7e,35ce1a5c1bba04c698e1c1cbf6d8196e8a24614c,持卡人消费,硕果园（工大商店）,-4.0,57.05,2118,正常
2016/06/09 11:52:12,4a8d821f5b2901acc092e6c046e2447aba817e7e,35ce1a5c1bba04c698e1c1cbf6d8196e8a24614c,持卡人消费,学士楼商务网关,-8.3,48.75,2119,正常
2016/06/10 11:45:29,4a8d821f5b2901acc092e6c046e2447aba817e7e,35ce1a5c1bba04c698e1c1cbf6d8196e8a24614c,持卡人消费,学士楼商务网关,-5.5,43.25,2120,正常
2016/06/10 11:45:31,4a8d821f5b2901acc092e6c046e2447aba817e7e,35ce1a5c1bba04c698e1c1cbf6d8196e8a24614c,持卡人消费,学士楼商务网关,-9.3,33.95,2121,正常
2016/06/10 12:03:59,4a8d821f5b2901acc092e6c046e2447aba817e7e,35ce1a5c1bba04c698e1c1cbf6d8196e8a24614c,持卡人消费,学士楼商务网关,-3.0,30.95,2122,正常
2016/06/11 13:17:28,4a8d821f5b2901acc092e6c046e2447aba817e7e,35ce1a5c1bba04c698e1c1cbf6d8196e8a24614c,持卡人消费,硕果园（工大商店）,-12.0,18.95,2123,正常
2016/06/11 20:14:58,4a8d821f5b2901acc092e6c046e2447aba817e7e,35ce1a5c1bba04c698e1c1cbf6d8196e8a24614c,持卡人消费,15公寓浴池,-2.0,16.95,2124,正常
2016/06/11 20:06:26,4a8d821f5b2901acc092e6c046e2447aba817e7e,35ce1a5c1bba04c698e1c1cbf6d8196e8a24614c,持卡人消费,15公寓浴池,-0.06,16.89,2126,正常
2016/06/11 20:07:07,4a8d821f5b2901acc092e6c046e2447aba817e7e,35ce1a5c1bba04c698e1c1cbf6d8196e8a24614c,持卡人消费,15公寓浴池,-0.06,16.83,2128,正常
2016/06/11 20:17:36,4a8d821f5b2901acc092e6c046e2447aba817e7e,35ce1a5c1bba04c698e1c1cbf6d8196e8a24614c,持卡人消费,15公寓浴池,-2.0,14.83,2129,正常
2016/06/11 20:19:45,4a8d821f5b2901acc092e6c046e2447aba817e7e,35ce1a5c1bba04c698e1c1cbf6d8196e8a24614c,持卡人消费,15公寓浴池,-0.38,12.45,2132,正常
2016/06/11 20:20:39,4a8d821f5b2901acc092e6c046e2447aba817e7e,35ce1a5c1bba04c698e1c1cbf6d8196e8a24614c,持卡人消费,15公寓浴池,-1.07,13.38,2133,正常
2016/06/15 11:14:51,4a8d821f5b2901acc092e6c046e2447aba817e7e,35ce1a5c1bba04c698e1c1cbf6d8196e8a24614c,存款,学苑楼综合业务2,200.0,213.38,2134,正常
2016/06/15 11:16:53,4a8d821f5b2901acc092e6c046e2447aba817e7e,35ce1a5c1bba04c698e1c1cbf6d8196e8a24614c,持卡人消费,学苑楼商务网关,-8.0,205.38,2135,正常
2016/06/15 11:17:12,4a8d821f5b2901acc092e6c046e2447aba817e7e,35ce1a5c1bba04c698e1c1cbf6d8196e8a24614c,持卡人消费,学苑楼商务网关,-8.0,197.38,2136,正常
2016/06/15 11:18:11,4a8d821f5b2901acc092e6c046e2447aba817e7e,35ce1a5c1bba04c698e1c1cbf6d8196e8a24614c,持卡人消费,学苑楼商务网关,-1.5,195.88,2137,正常
2016/06/15 11:31:00,4a8d821f5b2901acc092e6c046e2447aba817e7e,35ce1a5c1bba04c698e1c1cbf6d8196e8a24614c,持卡人消费,硕果园（工大商店）,-18.9,176.98,2138,正常
2016/06/16 08:37:09,4a8d821f5b2901acc092e6c046e2447aba817e7e,35ce1a5c1bba04c698e1c1cbf6d8196e8a24614c,持卡人消费,学士楼商务网关,-3.0,173.98,2139,正常
2016/06/16 08:37:36,4a8d821f5b2901acc092e6c046e2447aba817e7e,35ce1a5c1bba04c698e1c1cbf6d8196e8a24614c,持卡人消费,学士楼商务网关,-3.1,170.88,2140,正常
2016/06/17 11:38:25,4a8d821f5b2901acc092e6c046e2447aba817e7e,35ce1a5c1bba04c698e1c1cbf6d8196e8a24614c,持卡人消费,学士楼商务网关,-14.8,156.08,2141,正常
2016/06/17 11:40:32,4a8d821f5b2901acc092e6c046e2447aba817e7e,35ce1a5c1bba04c698e1c1cbf6d8196e8a24614c,持卡人消费,学士楼商务网关,-3.0,153.08,2142,正常
2016/06/17 12:59:32,4a8d821f5b2901acc092e6c046e2447aba817e7e,35ce1a5c1bba04c698e1c1cbf6d8196e8a24614c,持卡人消费,硕果园（工大商店）,-2.0,151.08,2143,正常
2016/06/17 16:52:21,4a8d821f5b2901acc092e6c046e2447aba817e7e,35ce1a5c1bba04c698e1c1cbf6d8196e8a24614c,持卡人消费,硕果园（工大商店）,-12.0,139.08,2144,正常
2016/06/18 11:05:57,4a8d821f5b2901acc092e6c046e2447aba817e7e,35ce1a5c1bba04c698e1c1cbf6d8196e8a24614c,持卡人消费,硕果园（工大商店）,-12.0,127.08,2145,正常
2016/06/18 11:07:05,4a8d821f5b2901acc092e6c046e2447aba817e7e,35ce1a5c1bba04c698e1c1cbf6d8196e8a24614c,持卡人消费,硕果园（工大商店）,-1.0,126.08,2146,正常
2016/06/19 10:29:04,4a8d821f5b2901acc092e6c046e2447aba817e7e,35ce1a5c1bba04c698e1c1cbf6d8196e8a24614c,持卡人消费,硕果园（工大商店）,-16.0,110.08,2147,正常
2016/06/19 10:29:52,4a8d821f5b2901acc092e6c046e2447aba817e7e,35ce1a5c1bba04c698e1c1cbf6d8196e8a24614c,持卡人消费,硕果园（工大商店）,-1.0,109.08,2148,正常
2016/06/20 08:46:07,4a8d821f5b2901acc092e6c046e2447aba817e7e,35ce1a5c1bba04c698e1c1cbf6d8196e8a24614c,持卡人消费,硕果园（工大商店）,-8.0,101.08,2149,正常
2016/06/21 10:28:11,4a8d821f5b2901acc092e6c046e2447aba817e7e,35ce1a5c1bba04c698e1c1cbf6d8196e8a24614c,持卡人消费,硕果园（工大商店）,-10.0,91.08,2150,正常
2016/06/21 16:27:41,4a8d821f5b2901acc092e6c046e2447aba817e7e,35ce1a5c1bba04c698e1c1cbf6d8196e8a24614c,持卡人消费,硕果园（工大商店）,-12.0,79.08,2151,正常
2016/06/22 13:23:12,4a8d821f5b2901acc092e6c046e2447aba817e7e,35ce1a5c1bba04c698e1c1cbf6d8196e8a24614c,持卡人消费,硕果园（工大商店）,-19.0,60.08,2152,正常
2016/06/22 13:24:05,4a8d821f5b2901acc092e6c046e2447aba817e7e,35ce1a5c1bba04c698e1c1cbf6d8196e8a24614c,持卡人消费,硕果园（工大商店）,-1.0,59.08,2153,正常
2016/06/23 07:35:46,4a8d821f5b2901acc092e6c046e2447aba817e7e,35ce1a5c1bba04c698e1c1cbf6d8196e8a24614c,持卡人消费,学士楼商务网关,-2.3,56.78,2154,正常
2016/06/24 09:07:59,4a8d821f5b2901acc092e6c046e2447aba817e7e,35ce1a5c1bba04c698e1c1cbf6d8196e8a24614c,持卡人消费,网络中心,-30.0,26.78,2155,正常
2016/06/24 17:01:36,4a8d821f5b2901acc092e6c046e2447aba817e7e,35ce1a5c1bba04c698e1c1cbf6d8196e8a24614c,存款,现金充值机,100.0,126.78,2156,正常
2016/06/24 17:25:17,4a8d821f5b2901acc092e6c046e2447aba817e7e,35ce1a5c1bba04c698e1c1cbf6d8196e8a24614c,持卡人消费,硕果园（工大商店）,-12.0,114.78,2157,正常
2016/06/24 18:35:00,4a8d821f5b2901acc092e6c046e2447aba817e7e,35ce1a5c1bba04c698e1c1cbf6d8196e8a24614c,持卡人消费,网络中心,-30.0,84.78,2158,正常
2016/06/25 19:25:21,4a8d821f5b2901acc092e6c046e2447aba817e7e,35ce1a5c1bba04c698e1c1cbf6d8196e8a24614c,持卡人消费,15公寓浴池,-2.0,82.78,2159,正常
2016/06/25 19:26:30,4a8d821f5b2901acc092e6c046e2447aba817e7e,35ce1a5c1bba04c698e1c1cbf6d8196e8a24614c,持卡人消费,15公寓浴池,-0.19,82.59,2161,正常
2016/06/26 10:01:39,4a8d821f5b2901acc092e6c046e2447aba817e7e,35ce1a5c1bba04c698e1c1cbf6d8196e8a24614c,持卡人消费,硕果园（工大商店）,-12.0,70.59,2162,正常
2016/06/27 12:02:29,4a8d821f5b2901acc092e6c046e2447aba817e7e,35ce1a5c1bba04c698e1c1cbf6d8196e8a24614c,持卡人消费,学士楼商务网关,-13.3,57.29,2163,正常
