交易发生时间,学号,姓名,交易类型,子系统名称,交易额,现有余额,次数,状态
2016/06/01 20:15:12,74a6cd0eb2c90a1b320f7771b1dc259e0a3841a9,371d8b7948f699508cdaccc07001b4bdef454e3f,持卡人消费,15公寓浴池,-0.98,28.46,3567,正常
2016/06/03 18:42:56,74a6cd0eb2c90a1b320f7771b1dc259e0a3841a9,371d8b7948f699508cdaccc07001b4bdef454e3f,持卡人消费,15公寓浴池,-0.98,27.48,3569,正常
2016/06/04 17:08:23,74a6cd0eb2c90a1b320f7771b1dc259e0a3841a9,371d8b7948f699508cdaccc07001b4bdef454e3f,持卡人消费,15公寓浴池,-1.23,26.25,3571,正常
2016/06/06 11:21:17,74a6cd0eb2c90a1b320f7771b1dc259e0a3841a9,371d8b7948f699508cdaccc07001b4bdef454e3f,持卡人消费,学苑楼商务网关,-8.8,17.45,3572,正常
2016/06/06 11:22:19,74a6cd0eb2c90a1b320f7771b1dc259e0a3841a9,371d8b7948f699508cdaccc07001b4bdef454e3f,持卡人消费,学苑楼商务网关,-1.5,15.95,3573,正常
2016/06/09 07:12:03,74a6cd0eb2c90a1b320f7771b1dc259e0a3841a9,371d8b7948f699508cdaccc07001b4bdef454e3f,存款,现金充值机,30.0,45.95,3574,正常
2016/06/09 07:37:52,74a6cd0eb2c90a1b320f7771b1dc259e0a3841a9,371d8b7948f699508cdaccc07001b4bdef454e3f,持卡人消费,网络中心,-30.0,15.95,3575,正常
2016/06/10 19:45:47,74a6cd0eb2c90a1b320f7771b1dc259e0a3841a9,371d8b7948f699508cdaccc07001b4bdef454e3f,持卡人消费,15公寓浴池,-1.39,14.56,3577,正常
2016/06/13 11:16:38,74a6cd0eb2c90a1b320f7771b1dc259e0a3841a9,371d8b7948f699508cdaccc07001b4bdef454e3f,存款,现金充值机,30.0,44.56,3578,正常
2016/06/13 11:40:06,74a6cd0eb2c90a1b320f7771b1dc259e0a3841a9,371d8b7948f699508cdaccc07001b4bdef454e3f,持卡人消费,学苑楼商务网关,-8.0,36.56,3579,正常
2016/06/13 11:40:30,74a6cd0eb2c90a1b320f7771b1dc259e0a3841a9,371d8b7948f699508cdaccc07001b4bdef454e3f,持卡人消费,学苑楼商务网关,-10.0,26.56,3580,正常
2016/06/13 11:41:14,74a6cd0eb2c90a1b320f7771b1dc259e0a3841a9,371d8b7948f699508cdaccc07001b4bdef454e3f,持卡人消费,学苑楼商务网关,-8.0,18.56,3581,正常
2016/06/13 11:43:00,74a6cd0eb2c90a1b320f7771b1dc259e0a3841a9,371d8b7948f699508cdaccc07001b4bdef454e3f,持卡人消费,学苑楼商务网关,-8.0,10.56,3582,正常
2016/06/14 18:09:04,74a6cd0eb2c90a1b320f7771b1dc259e0a3841a9,371d8b7948f699508cdaccc07001b4bdef454e3f,持卡人消费,15公寓浴池,-1.15,9.41,3583,正常
2016/06/16 14:29:20,74a6cd0eb2c90a1b320f7771b1dc259e0a3841a9,371d8b7948f699508cdaccc07001b4bdef454e3f,持卡人消费,15公寓浴池,-0.96,8.45,3584,正常
2016/06/17 14:52:27,74a6cd0eb2c90a1b320f7771b1dc259e0a3841a9,371d8b7948f699508cdaccc07001b4bdef454e3f,持卡人消费,15公寓浴池,-1.02,7.43,3586,正常
2016/06/23 20:20:02,74a6cd0eb2c90a1b320f7771b1dc259e0a3841a9,371d8b7948f699508cdaccc07001b4bdef454e3f,持卡人消费,15公寓浴池,-1.21,6.22,3587,正常
2016/06/26 20:25:56,74a6cd0eb2c90a1b320f7771b1dc259e0a3841a9,371d8b7948f699508cdaccc07001b4bdef454e3f,持卡人消费,15公寓浴池,-1.02,5.20,3589,正常
2016/06/28 18:10:30,74a6cd0eb2c90a1b320f7771b1dc259e0a3841a9,371d8b7948f699508cdaccc07001b4bdef454e3f,持卡人消费,15公寓浴池,-0.86,4.34,3591,正常
2016/06/29 11:24:22,74a6cd0eb2c90a1b320f7771b1dc259e0a3841a9,371d8b7948f699508cdaccc07001b4bdef454e3f,存款,卡中心综合业务,20.0,24.34,3592,正常
2016/06/29 11:26:50,74a6cd0eb2c90a1b320f7771b1dc259e0a3841a9,371d8b7948f699508cdaccc07001b4bdef454e3f,持卡人消费,学苑楼商务网关,-7.5,16.84,3593,正常
