交易发生时间,学号,姓名,交易类型,子系统名称,交易额,现有余额,次数,状态
2016/06/01 09:01:03,e2d83fdd0b8628df9db0633aad8b96662bb1265f,3776e8733a29ac2d6f158532966af000d0fa2fea,持卡人消费,学子便利店B07,-7.8,114.55,4897,正常
2016/06/01 16:57:19,e2d83fdd0b8628df9db0633aad8b96662bb1265f,3776e8733a29ac2d6f158532966af000d0fa2fea,持卡人消费,九食堂商务网关,-2.6,111.95,4898,正常
2016/06/01 21:09:19,e2d83fdd0b8628df9db0633aad8b96662bb1265f,3776e8733a29ac2d6f158532966af000d0fa2fea,持卡人消费,学子便利店B07,-2.2,109.75,4899,正常
2016/06/02 09:04:24,e2d83fdd0b8628df9db0633aad8b96662bb1265f,3776e8733a29ac2d6f158532966af000d0fa2fea,持卡人消费,学子便利店B07,-7.8,101.95,4900,正常
2016/06/02 10:50:40,e2d83fdd0b8628df9db0633aad8b96662bb1265f,3776e8733a29ac2d6f158532966af000d0fa2fea,持卡人消费,九食堂商务网关,-9.0,92.95,4901,正常
2016/06/02 13:56:10,e2d83fdd0b8628df9db0633aad8b96662bb1265f,3776e8733a29ac2d6f158532966af000d0fa2fea,持卡人消费,学子便利店B07,-4.5,88.45,4902,正常
2016/06/02 17:19:29,e2d83fdd0b8628df9db0633aad8b96662bb1265f,3776e8733a29ac2d6f158532966af000d0fa2fea,持卡人消费,四食堂商务网关,-8.0,80.45,4903,正常
2016/06/02 17:22:26,e2d83fdd0b8628df9db0633aad8b96662bb1265f,3776e8733a29ac2d6f158532966af000d0fa2fea,持卡人消费,四食堂商务网关,-3.0,77.45,4904,正常
2016/06/03 09:41:09,e2d83fdd0b8628df9db0633aad8b96662bb1265f,3776e8733a29ac2d6f158532966af000d0fa2fea,持卡人消费,学子便利店B07,-5.6,71.85,4905,正常
2016/06/03 11:30:51,e2d83fdd0b8628df9db0633aad8b96662bb1265f,3776e8733a29ac2d6f158532966af000d0fa2fea,持卡人消费,四食堂商务网关,-5.0,66.85,4906,正常
2016/06/03 11:54:33,e2d83fdd0b8628df9db0633aad8b96662bb1265f,3776e8733a29ac2d6f158532966af000d0fa2fea,持卡人消费,学子便利店B07,-2.8,64.05,4907,正常
2016/06/03 14:00:27,e2d83fdd0b8628df9db0633aad8b96662bb1265f,3776e8733a29ac2d6f158532966af000d0fa2fea,持卡人消费,学子便利店B07,-5.0,59.05,4908,正常
2016/06/03 17:15:03,e2d83fdd0b8628df9db0633aad8b96662bb1265f,3776e8733a29ac2d6f158532966af000d0fa2fea,持卡人消费,五食堂商务网关,-2.2,56.85,4909,正常
2016/06/03 17:25:15,e2d83fdd0b8628df9db0633aad8b96662bb1265f,3776e8733a29ac2d6f158532966af000d0fa2fea,持卡人消费,五食堂商务网关,-6.0,50.85,4910,正常
2016/06/04 11:34:53,e2d83fdd0b8628df9db0633aad8b96662bb1265f,3776e8733a29ac2d6f158532966af000d0fa2fea,持卡人消费,学子便利店B07,-6.9,43.95,4911,正常
2016/06/04 16:57:18,e2d83fdd0b8628df9db0633aad8b96662bb1265f,3776e8733a29ac2d6f158532966af000d0fa2fea,持卡人消费,九食堂商务网关,-5.5,38.45,4912,正常
2016/06/04 16:58:11,e2d83fdd0b8628df9db0633aad8b96662bb1265f,3776e8733a29ac2d6f158532966af000d0fa2fea,持卡人消费,九食堂商务网关,-0.5,37.95,4913,正常
2016/06/04 19:22:04,e2d83fdd0b8628df9db0633aad8b96662bb1265f,3776e8733a29ac2d6f158532966af000d0fa2fea,持卡人消费,二区水控,-0.26,37.69,4915,正常
2016/06/04 19:23:48,e2d83fdd0b8628df9db0633aad8b96662bb1265f,3776e8733a29ac2d6f158532966af000d0fa2fea,持卡人消费,二区水控,-0.18,37.51,4917,正常
2016/06/04 19:25:29,e2d83fdd0b8628df9db0633aad8b96662bb1265f,3776e8733a29ac2d6f158532966af000d0fa2fea,持卡人消费,二区水控,-0.13,37.38,4919,正常
2016/06/04 19:32:55,e2d83fdd0b8628df9db0633aad8b96662bb1265f,3776e8733a29ac2d6f158532966af000d0fa2fea,持卡人消费,二区水控,-0.48,36.90,4921,正常
2016/06/04 19:36:44,e2d83fdd0b8628df9db0633aad8b96662bb1265f,3776e8733a29ac2d6f158532966af000d0fa2fea,持卡人消费,二区水控,-0.35,36.55,4923,正常
2016/06/04 19:38:45,e2d83fdd0b8628df9db0633aad8b96662bb1265f,3776e8733a29ac2d6f158532966af000d0fa2fea,持卡人消费,二区水控,-0.37,36.18,4925,正常
2016/06/04 19:45:44,e2d83fdd0b8628df9db0633aad8b96662bb1265f,3776e8733a29ac2d6f158532966af000d0fa2fea,持卡人消费,学子便利店B07,-3.5,32.68,4926,正常
2016/06/05 08:39:27,e2d83fdd0b8628df9db0633aad8b96662bb1265f,3776e8733a29ac2d6f158532966af000d0fa2fea,持卡人消费,学子便利店B07,-7.6,25.08,4927,正常
2016/06/05 14:51:16,e2d83fdd0b8628df9db0633aad8b96662bb1265f,3776e8733a29ac2d6f158532966af000d0fa2fea,持卡人消费,学子便利店B07,-4.2,20.88,4928,正常
2016/06/05 16:58:30,e2d83fdd0b8628df9db0633aad8b96662bb1265f,3776e8733a29ac2d6f158532966af000d0fa2fea,存款,现金充值机,100.0,120.88,4929,正常
2016/06/05 17:02:00,e2d83fdd0b8628df9db0633aad8b96662bb1265f,3776e8733a29ac2d6f158532966af000d0fa2fea,持卡人消费,五食堂商务网关,-2.2,118.68,4930,正常
2016/06/05 17:08:05,e2d83fdd0b8628df9db0633aad8b96662bb1265f,3776e8733a29ac2d6f158532966af000d0fa2fea,持卡人消费,五食堂商务网关,-7.0,111.68,4931,正常
2016/06/06 09:38:23,e2d83fdd0b8628df9db0633aad8b96662bb1265f,3776e8733a29ac2d6f158532966af000d0fa2fea,持卡人消费,学子便利店B07,-4.7,106.98,4932,正常
2016/06/06 12:15:17,e2d83fdd0b8628df9db0633aad8b96662bb1265f,3776e8733a29ac2d6f158532966af000d0fa2fea,持卡人消费,四食堂商务网关,-10.5,96.48,4933,正常
2016/06/06 12:19:55,e2d83fdd0b8628df9db0633aad8b96662bb1265f,3776e8733a29ac2d6f158532966af000d0fa2fea,持卡人消费,四食堂商务网关,-3.0,93.48,4934,正常
2016/06/06 17:25:35,e2d83fdd0b8628df9db0633aad8b96662bb1265f,3776e8733a29ac2d6f158532966af000d0fa2fea,持卡人消费,五食堂商务网关,-2.2,91.28,4935,正常
2016/06/06 17:26:49,e2d83fdd0b8628df9db0633aad8b96662bb1265f,3776e8733a29ac2d6f158532966af000d0fa2fea,持卡人消费,五食堂商务网关,-6.0,85.28,4936,正常
2016/06/06 19:42:13,e2d83fdd0b8628df9db0633aad8b96662bb1265f,3776e8733a29ac2d6f158532966af000d0fa2fea,持卡人消费,学子便利店B07,-5.5,79.78,4937,正常
2016/06/07 09:27:10,e2d83fdd0b8628df9db0633aad8b96662bb1265f,3776e8733a29ac2d6f158532966af000d0fa2fea,持卡人消费,学子便利店B07,-3.9,75.88,4938,正常
2016/06/07 11:42:14,e2d83fdd0b8628df9db0633aad8b96662bb1265f,3776e8733a29ac2d6f158532966af000d0fa2fea,持卡人消费,五食堂商务网关,-9.96,65.92,4939,正常
2016/06/07 11:44:46,e2d83fdd0b8628df9db0633aad8b96662bb1265f,3776e8733a29ac2d6f158532966af000d0fa2fea,持卡人消费,五食堂商务网关,-0.5,65.42,4940,正常
2016/06/08 09:16:53,e2d83fdd0b8628df9db0633aad8b96662bb1265f,3776e8733a29ac2d6f158532966af000d0fa2fea,持卡人消费,学子便利店B07,-5.8,59.62,4941,正常
2016/06/08 22:16:34,e2d83fdd0b8628df9db0633aad8b96662bb1265f,3776e8733a29ac2d6f158532966af000d0fa2fea,持卡人消费,学子便利店B07,-4.2,55.42,4942,正常
2016/06/09 09:10:59,e2d83fdd0b8628df9db0633aad8b96662bb1265f,3776e8733a29ac2d6f158532966af000d0fa2fea,持卡人消费,学子便利店B07,-7.2,48.22,4943,正常
2016/06/09 22:03:03,e2d83fdd0b8628df9db0633aad8b96662bb1265f,3776e8733a29ac2d6f158532966af000d0fa2fea,持卡人消费,学子便利店B07,-5.5,42.72,4944,正常
2016/06/10 09:49:46,e2d83fdd0b8628df9db0633aad8b96662bb1265f,3776e8733a29ac2d6f158532966af000d0fa2fea,持卡人消费,学子便利店B07,-3.4,39.32,4945,正常
2016/06/10 11:44:16,e2d83fdd0b8628df9db0633aad8b96662bb1265f,3776e8733a29ac2d6f158532966af000d0fa2fea,持卡人消费,九食堂商务网关,-10.0,29.32,4946,正常
2016/06/10 14:22:23,e2d83fdd0b8628df9db0633aad8b96662bb1265f,3776e8733a29ac2d6f158532966af000d0fa2fea,持卡人消费,学子便利店B07,-2.5,26.82,4947,正常
2016/06/10 17:43:51,e2d83fdd0b8628df9db0633aad8b96662bb1265f,3776e8733a29ac2d6f158532966af000d0fa2fea,持卡人消费,学子便利店B07,-8.4,18.42,4948,正常
2016/06/11 09:11:44,e2d83fdd0b8628df9db0633aad8b96662bb1265f,3776e8733a29ac2d6f158532966af000d0fa2fea,持卡人消费,学子便利店B07,-4.7,13.72,4949,正常
2016/06/11 13:12:35,e2d83fdd0b8628df9db0633aad8b96662bb1265f,3776e8733a29ac2d6f158532966af000d0fa2fea,持卡人消费,学子便利店B07,-2.0,11.72,4950,正常
2016/06/11 14:59:24,e2d83fdd0b8628df9db0633aad8b96662bb1265f,3776e8733a29ac2d6f158532966af000d0fa2fea,持卡人消费,学子便利店B07,-4.2,7.52,4951,正常
2016/06/11 17:36:50,e2d83fdd0b8628df9db0633aad8b96662bb1265f,3776e8733a29ac2d6f158532966af000d0fa2fea,持卡人消费,九食堂商务网关,-4.0,3.52,4952,正常
2016/06/12 17:11:10,e2d83fdd0b8628df9db0633aad8b96662bb1265f,3776e8733a29ac2d6f158532966af000d0fa2fea,存款,现金充值机,100.0,103.52,4953,正常
2016/06/12 17:14:50,e2d83fdd0b8628df9db0633aad8b96662bb1265f,3776e8733a29ac2d6f158532966af000d0fa2fea,持卡人消费,五食堂商务网关,-4.0,99.52,4954,正常
2016/06/12 17:15:43,e2d83fdd0b8628df9db0633aad8b96662bb1265f,3776e8733a29ac2d6f158532966af000d0fa2fea,持卡人消费,五食堂商务网关,-3.0,96.52,4955,正常
2016/06/13 09:18:20,e2d83fdd0b8628df9db0633aad8b96662bb1265f,3776e8733a29ac2d6f158532966af000d0fa2fea,持卡人消费,学子便利店B07,-3.9,92.62,4956,正常
2016/06/13 11:36:07,e2d83fdd0b8628df9db0633aad8b96662bb1265f,3776e8733a29ac2d6f158532966af000d0fa2fea,持卡人消费,四食堂商务网关,-9.36,83.26,4957,正常
2016/06/14 09:03:53,e2d83fdd0b8628df9db0633aad8b96662bb1265f,3776e8733a29ac2d6f158532966af000d0fa2fea,持卡人消费,学子便利店B07,-4.7,78.56,4958,正常
2016/06/14 11:32:18,e2d83fdd0b8628df9db0633aad8b96662bb1265f,3776e8733a29ac2d6f158532966af000d0fa2fea,持卡人消费,四食堂商务网关,-5.4,73.16,4959,正常
2016/06/14 17:33:24,e2d83fdd0b8628df9db0633aad8b96662bb1265f,3776e8733a29ac2d6f158532966af000d0fa2fea,持卡人消费,五食堂商务网关,-7.5,65.66,4960,正常
2016/06/14 19:08:56,e2d83fdd0b8628df9db0633aad8b96662bb1265f,3776e8733a29ac2d6f158532966af000d0fa2fea,持卡人消费,二区水控,-0.22,65.44,4962,正常
2016/06/14 19:10:38,e2d83fdd0b8628df9db0633aad8b96662bb1265f,3776e8733a29ac2d6f158532966af000d0fa2fea,持卡人消费,二区水控,-0.13,65.31,4964,正常
2016/06/14 19:12:53,e2d83fdd0b8628df9db0633aad8b96662bb1265f,3776e8733a29ac2d6f158532966af000d0fa2fea,持卡人消费,二区水控,-0.24,65.07,4966,正常
2016/06/14 19:22:17,e2d83fdd0b8628df9db0633aad8b96662bb1265f,3776e8733a29ac2d6f158532966af000d0fa2fea,持卡人消费,二区水控,-0.62,64.45,4968,正常
2016/06/14 19:27:03,e2d83fdd0b8628df9db0633aad8b96662bb1265f,3776e8733a29ac2d6f158532966af000d0fa2fea,持卡人消费,二区水控,-0.48,63.97,4970,正常
2016/06/14 19:41:16,e2d83fdd0b8628df9db0633aad8b96662bb1265f,3776e8733a29ac2d6f158532966af000d0fa2fea,持卡人消费,学子便利店B07,-4.2,59.77,4971,正常
2016/06/15 08:38:54,e2d83fdd0b8628df9db0633aad8b96662bb1265f,3776e8733a29ac2d6f158532966af000d0fa2fea,持卡人消费,学子便利店B07,-4.7,55.07,4972,正常
2016/06/16 09:01:21,e2d83fdd0b8628df9db0633aad8b96662bb1265f,3776e8733a29ac2d6f158532966af000d0fa2fea,持卡人消费,学子便利店B07,-7.0,48.07,4973,正常
2016/06/16 11:42:47,e2d83fdd0b8628df9db0633aad8b96662bb1265f,3776e8733a29ac2d6f158532966af000d0fa2fea,持卡人消费,四食堂商务网关,-8.0,40.07,4974,正常
2016/06/17 09:17:46,e2d83fdd0b8628df9db0633aad8b96662bb1265f,3776e8733a29ac2d6f158532966af000d0fa2fea,持卡人消费,学子便利店B07,-4.7,35.37,4975,正常
2016/06/17 11:24:46,e2d83fdd0b8628df9db0633aad8b96662bb1265f,3776e8733a29ac2d6f158532966af000d0fa2fea,持卡人消费,学子便利店B07,-7.6,27.77,4976,正常
2016/06/17 18:57:46,e2d83fdd0b8628df9db0633aad8b96662bb1265f,3776e8733a29ac2d6f158532966af000d0fa2fea,持卡人消费,学子便利店B07,-8.9,18.87,4977,正常
2016/06/18 15:46:24,e2d83fdd0b8628df9db0633aad8b96662bb1265f,3776e8733a29ac2d6f158532966af000d0fa2fea,持卡人消费,硕果园（工大商店）,-7.0,11.87,4978,正常
2016/06/18 16:34:24,e2d83fdd0b8628df9db0633aad8b96662bb1265f,3776e8733a29ac2d6f158532966af000d0fa2fea,持卡人消费,硕果园（工大商店）,-8.0,3.87,4979,正常
2016/06/19 09:04:45,e2d83fdd0b8628df9db0633aad8b96662bb1265f,3776e8733a29ac2d6f158532966af000d0fa2fea,持卡人消费,学子便利店B07,-2.9,0.97,4980,正常
2016/06/19 11:27:30,e2d83fdd0b8628df9db0633aad8b96662bb1265f,3776e8733a29ac2d6f158532966af000d0fa2fea,存款,现金充值机,100.0,100.97,4981,正常
2016/06/19 11:30:54,e2d83fdd0b8628df9db0633aad8b96662bb1265f,3776e8733a29ac2d6f158532966af000d0fa2fea,持卡人消费,五食堂商务网关,-8.0,92.97,4982,正常
2016/06/19 14:05:21,e2d83fdd0b8628df9db0633aad8b96662bb1265f,3776e8733a29ac2d6f158532966af000d0fa2fea,持卡人消费,学子便利店B07,-3.2,89.77,4983,正常
2016/06/19 17:40:58,e2d83fdd0b8628df9db0633aad8b96662bb1265f,3776e8733a29ac2d6f158532966af000d0fa2fea,持卡人消费,九食堂商务网关,-7.0,82.77,4984,正常
2016/06/20 08:31:43,e2d83fdd0b8628df9db0633aad8b96662bb1265f,3776e8733a29ac2d6f158532966af000d0fa2fea,持卡人消费,学子便利店B07,-4.7,78.07,4985,正常
2016/06/20 11:42:36,e2d83fdd0b8628df9db0633aad8b96662bb1265f,3776e8733a29ac2d6f158532966af000d0fa2fea,持卡人消费,九食堂商务网关,-6.0,72.07,4986,正常
2016/06/20 11:45:03,e2d83fdd0b8628df9db0633aad8b96662bb1265f,3776e8733a29ac2d6f158532966af000d0fa2fea,持卡人消费,九食堂商务网关,-12.0,60.07,4987,正常
2016/06/20 17:26:36,e2d83fdd0b8628df9db0633aad8b96662bb1265f,3776e8733a29ac2d6f158532966af000d0fa2fea,持卡人消费,九食堂商务网关,-8.0,52.07,4988,正常
2016/06/21 09:17:44,e2d83fdd0b8628df9db0633aad8b96662bb1265f,3776e8733a29ac2d6f158532966af000d0fa2fea,持卡人消费,学子便利店B07,-3.5,48.57,4989,正常
2016/06/21 14:50:30,e2d83fdd0b8628df9db0633aad8b96662bb1265f,3776e8733a29ac2d6f158532966af000d0fa2fea,持卡人消费,学子便利店B07,-2.0,46.57,4990,正常
2016/06/21 17:14:12,e2d83fdd0b8628df9db0633aad8b96662bb1265f,3776e8733a29ac2d6f158532966af000d0fa2fea,持卡人消费,四食堂商务网关,-5.0,41.57,4991,正常
2016/06/21 17:16:13,e2d83fdd0b8628df9db0633aad8b96662bb1265f,3776e8733a29ac2d6f158532966af000d0fa2fea,持卡人消费,四食堂商务网关,-3.0,38.57,4992,正常
2016/06/22 09:04:49,e2d83fdd0b8628df9db0633aad8b96662bb1265f,3776e8733a29ac2d6f158532966af000d0fa2fea,持卡人消费,学子便利店B07,-7.9,30.67,4993,正常
2016/06/22 11:43:28,e2d83fdd0b8628df9db0633aad8b96662bb1265f,3776e8733a29ac2d6f158532966af000d0fa2fea,持卡人消费,四食堂商务网关,-10.5,20.17,4994,正常
2016/06/22 12:46:38,e2d83fdd0b8628df9db0633aad8b96662bb1265f,3776e8733a29ac2d6f158532966af000d0fa2fea,持卡人消费,四食堂商务网关,-4.5,15.67,4995,正常
2016/06/22 14:22:59,e2d83fdd0b8628df9db0633aad8b96662bb1265f,3776e8733a29ac2d6f158532966af000d0fa2fea,持卡人消费,学子便利店B07,-3.8,11.87,4996,正常
2016/06/23 08:32:29,e2d83fdd0b8628df9db0633aad8b96662bb1265f,3776e8733a29ac2d6f158532966af000d0fa2fea,持卡人消费,学子便利店B07,-5.0,6.87,4997,正常
2016/06/24 08:17:47,e2d83fdd0b8628df9db0633aad8b96662bb1265f,3776e8733a29ac2d6f158532966af000d0fa2fea,持卡人消费,四食堂商务网关,-3.8,3.07,4998,正常
2016/06/25 07:56:00,e2d83fdd0b8628df9db0633aad8b96662bb1265f,3776e8733a29ac2d6f158532966af000d0fa2fea,持卡人消费,学子便利店B07,-0.2,2.87,4999,正常
2016/06/25 11:47:14,e2d83fdd0b8628df9db0633aad8b96662bb1265f,3776e8733a29ac2d6f158532966af000d0fa2fea,存款,2区卡中心综合业务,50.0,52.87,5000,正常
2016/06/25 11:50:15,e2d83fdd0b8628df9db0633aad8b96662bb1265f,3776e8733a29ac2d6f158532966af000d0fa2fea,持卡人消费,九食堂商务网关,-10.0,42.87,5001,正常
2016/06/25 14:22:15,e2d83fdd0b8628df9db0633aad8b96662bb1265f,3776e8733a29ac2d6f158532966af000d0fa2fea,持卡人消费,学子便利店B07,-4.2,38.67,5002,正常
2016/06/26 11:51:54,e2d83fdd0b8628df9db0633aad8b96662bb1265f,3776e8733a29ac2d6f158532966af000d0fa2fea,持卡人消费,九食堂商务网关,-11.0,27.67,5003,正常
2016/06/26 12:05:22,e2d83fdd0b8628df9db0633aad8b96662bb1265f,3776e8733a29ac2d6f158532966af000d0fa2fea,持卡人消费,九食堂商务网关,-3.0,24.67,5004,正常
2016/06/27 14:54:29,e2d83fdd0b8628df9db0633aad8b96662bb1265f,3776e8733a29ac2d6f158532966af000d0fa2fea,持卡人消费,学子便利店B07,-3.9,20.77,5005,正常
2016/06/28 09:07:13,e2d83fdd0b8628df9db0633aad8b96662bb1265f,3776e8733a29ac2d6f158532966af000d0fa2fea,持卡人消费,学子便利店B07,-7.0,13.77,5006,正常
2016/06/28 11:27:45,e2d83fdd0b8628df9db0633aad8b96662bb1265f,3776e8733a29ac2d6f158532966af000d0fa2fea,持卡人消费,四食堂商务网关,-5.0,8.77,5007,正常
2016/06/29 09:58:12,e2d83fdd0b8628df9db0633aad8b96662bb1265f,3776e8733a29ac2d6f158532966af000d0fa2fea,持卡人消费,学子便利店B07,-4.6,4.17,5008,正常
2016/06/29 20:21:51,e2d83fdd0b8628df9db0633aad8b96662bb1265f,3776e8733a29ac2d6f158532966af000d0fa2fea,持卡人消费,学子便利店B07,-2.7,1.47,5009,正常
2016/06/30 12:25:48,e2d83fdd0b8628df9db0633aad8b96662bb1265f,3776e8733a29ac2d6f158532966af000d0fa2fea,持卡人消费,学子便利店B07,-0.7,0.77,5010,正常
