交易发生时间,学号,姓名,交易类型,子系统名称,交易额,现有余额,次数,状态
2016/06/02 14:11:39,6ecd2042701178a6e75911ed9161eb7782609703,38f674dfd6cc1a911e1c8f325aa3a420b55d0bc6,持卡人消费,学子便利店A01后楼,-8.0,4.42,2926,正常
2016/06/03 08:32:01,6ecd2042701178a6e75911ed9161eb7782609703,38f674dfd6cc1a911e1c8f325aa3a420b55d0bc6,持卡人消费,学子便利店A01后楼,-0.3,4.12,2927,正常
2016/06/03 12:22:46,6ecd2042701178a6e75911ed9161eb7782609703,38f674dfd6cc1a911e1c8f325aa3a420b55d0bc6,持卡人消费,硕果园（工大商店）,-2.0,2.12,2928,正常
2016/06/05 15:55:18,6ecd2042701178a6e75911ed9161eb7782609703,38f674dfd6cc1a911e1c8f325aa3a420b55d0bc6,持卡人消费,一校区水控新,-2.0,0.12,2929,正常
2016/06/12 15:19:26,6ecd2042701178a6e75911ed9161eb7782609703,38f674dfd6cc1a911e1c8f325aa3a420b55d0bc6,存款,现金充值机,100.0,100.12,2930,正常
2016/06/12 15:45:26,6ecd2042701178a6e75911ed9161eb7782609703,38f674dfd6cc1a911e1c8f325aa3a420b55d0bc6,持卡人消费,硕果园（工大商店）,-8.9,91.22,2931,正常
2016/06/12 16:12:42,6ecd2042701178a6e75911ed9161eb7782609703,38f674dfd6cc1a911e1c8f325aa3a420b55d0bc6,持卡人消费,一校区水控新,-0.81,90.41,2932,正常
2016/06/12 16:24:33,6ecd2042701178a6e75911ed9161eb7782609703,38f674dfd6cc1a911e1c8f325aa3a420b55d0bc6,持卡人消费,学子超市园丁总店,-13.5,76.91,2933,正常
2016/06/14 18:45:13,6ecd2042701178a6e75911ed9161eb7782609703,38f674dfd6cc1a911e1c8f325aa3a420b55d0bc6,持卡人消费,硕果园（工大商店）,-18.6,58.31,2934,正常
2016/06/14 18:46:16,6ecd2042701178a6e75911ed9161eb7782609703,38f674dfd6cc1a911e1c8f325aa3a420b55d0bc6,持卡人消费,硕果园（工大商店）,-4.0,54.31,2935,正常
2016/06/15 10:57:14,6ecd2042701178a6e75911ed9161eb7782609703,38f674dfd6cc1a911e1c8f325aa3a420b55d0bc6,持卡人消费,硕果园（工大商店）,-2.0,52.31,2936,正常
2016/06/15 11:17:58,6ecd2042701178a6e75911ed9161eb7782609703,38f674dfd6cc1a911e1c8f325aa3a420b55d0bc6,持卡人消费,硕果园（工大商店）,-16.0,36.31,2937,正常
2016/06/16 15:56:11,6ecd2042701178a6e75911ed9161eb7782609703,38f674dfd6cc1a911e1c8f325aa3a420b55d0bc6,持卡人消费,学子便利店A01后楼,-6.9,29.41,2938,正常
2016/06/16 19:15:52,6ecd2042701178a6e75911ed9161eb7782609703,38f674dfd6cc1a911e1c8f325aa3a420b55d0bc6,持卡人消费,一校区水控新,-0.83,28.58,2940,正常
2016/06/24 10:08:16,6ecd2042701178a6e75911ed9161eb7782609703,38f674dfd6cc1a911e1c8f325aa3a420b55d0bc6,持卡人消费,学子便利店A01后楼,-6.0,22.58,2941,正常
2016/06/24 15:38:21,6ecd2042701178a6e75911ed9161eb7782609703,38f674dfd6cc1a911e1c8f325aa3a420b55d0bc6,持卡人消费,学子便利店A01后楼,-8.6,13.98,2942,正常
2016/06/29 20:04:25,6ecd2042701178a6e75911ed9161eb7782609703,38f674dfd6cc1a911e1c8f325aa3a420b55d0bc6,持卡人消费,学子便利店A01后楼,-2.0,11.07,2945,正常
