交易发生时间,学号,姓名,交易类型,子系统名称,交易额,现有余额,次数,状态
2016/06/02 20:40:10,bd669833d2d28d51b3e36b4bacde77f865ebfe22,39ce265e3e63bf273730deb78b87ff8b3e01c932,持卡人消费,一校区水控新,-1.79,20.99,1005,正常
2016/06/27 20:20:45,bd669833d2d28d51b3e36b4bacde77f865ebfe22,39ce265e3e63bf273730deb78b87ff8b3e01c932,持卡人消费,一校区水控新,-0.01,20.98,1006,正常
2016/06/27 20:20:56,bd669833d2d28d51b3e36b4bacde77f865ebfe22,39ce265e3e63bf273730deb78b87ff8b3e01c932,持卡人消费,一校区水控新,-0.01,20.97,1007,正常
2016/06/27 20:21:07,bd669833d2d28d51b3e36b4bacde77f865ebfe22,39ce265e3e63bf273730deb78b87ff8b3e01c932,持卡人消费,一校区水控新,-0.01,20.96,1008,正常
2016/06/27 20:31:49,bd669833d2d28d51b3e36b4bacde77f865ebfe22,39ce265e3e63bf273730deb78b87ff8b3e01c932,持卡人消费,一校区水控新,-2.0,18.96,1009,正常
2016/06/29 14:00:16,bd669833d2d28d51b3e36b4bacde77f865ebfe22,39ce265e3e63bf273730deb78b87ff8b3e01c932,持卡人消费,一区图书馆APOS,-1.65,17.31,1010,正常
