交易发生时间,学号,姓名,交易类型,子系统名称,交易额,现有余额,次数,状态
2016/06/01 14:25:39,c86f0d37a08e7c387b8ef3fa077c76f08dfef76d,3b45914ef7f7472648565f81bac6b44fede839dd,持卡人消费,硕果园（工大商店）,-10.0,179.02,5619,正常
2016/06/01 14:39:18,c86f0d37a08e7c387b8ef3fa077c76f08dfef76d,3b45914ef7f7472648565f81bac6b44fede839dd,持卡人消费,硕果园（工大商店）,-4.0,175.02,5620,正常
2016/06/01 14:46:35,c86f0d37a08e7c387b8ef3fa077c76f08dfef76d,3b45914ef7f7472648565f81bac6b44fede839dd,持卡人消费,硕果园（工大商店）,-3.0,172.02,5621,正常
2016/06/02 18:45:40,c86f0d37a08e7c387b8ef3fa077c76f08dfef76d,3b45914ef7f7472648565f81bac6b44fede839dd,持卡人消费,硕果园（工大商店）,-10.0,162.02,5622,正常
2016/06/02 18:47:23,c86f0d37a08e7c387b8ef3fa077c76f08dfef76d,3b45914ef7f7472648565f81bac6b44fede839dd,持卡人消费,硕果园（工大商店）,-3.5,158.52,5623,正常
2016/06/04 12:29:32,c86f0d37a08e7c387b8ef3fa077c76f08dfef76d,3b45914ef7f7472648565f81bac6b44fede839dd,持卡人消费,硕果园（工大商店）,-9.0,149.52,5624,正常
2016/06/04 14:16:30,c86f0d37a08e7c387b8ef3fa077c76f08dfef76d,3b45914ef7f7472648565f81bac6b44fede839dd,持卡人消费,一校区水控新,-2.0,147.52,5625,正常
2016/06/04 14:25:13,c86f0d37a08e7c387b8ef3fa077c76f08dfef76d,3b45914ef7f7472648565f81bac6b44fede839dd,持卡人消费,一校区水控新,-2.0,141.52,5628,正常
2016/06/04 14:17:01,c86f0d37a08e7c387b8ef3fa077c76f08dfef76d,3b45914ef7f7472648565f81bac6b44fede839dd,持卡人消费,一校区水控新,-0.13,143.39,5629,正常
2016/06/04 14:17:10,c86f0d37a08e7c387b8ef3fa077c76f08dfef76d,3b45914ef7f7472648565f81bac6b44fede839dd,持卡人消费,一校区水控新,-0.13,145.26,5630,正常
2016/06/04 14:26:10,c86f0d37a08e7c387b8ef3fa077c76f08dfef76d,3b45914ef7f7472648565f81bac6b44fede839dd,持卡人消费,一校区水控新,-1.7,141.56,5633,正常
2016/06/04 14:30:46,c86f0d37a08e7c387b8ef3fa077c76f08dfef76d,3b45914ef7f7472648565f81bac6b44fede839dd,持卡人消费,一校区水控新,-0.03,141.53,5635,正常
2016/06/04 14:31:06,c86f0d37a08e7c387b8ef3fa077c76f08dfef76d,3b45914ef7f7472648565f81bac6b44fede839dd,持卡人消费,一校区水控新,-1.12,140.41,5637,正常
2016/06/04 14:31:14,c86f0d37a08e7c387b8ef3fa077c76f08dfef76d,3b45914ef7f7472648565f81bac6b44fede839dd,持卡人消费,一校区水控新,-0.06,142.35,5638,正常
2016/06/04 14:35:59,c86f0d37a08e7c387b8ef3fa077c76f08dfef76d,3b45914ef7f7472648565f81bac6b44fede839dd,持卡人消费,一校区水控新,-0.9,141.45,5640,正常
2016/06/04 14:37:22,c86f0d37a08e7c387b8ef3fa077c76f08dfef76d,3b45914ef7f7472648565f81bac6b44fede839dd,持卡人消费,一校区水控新,-0.06,141.39,5642,正常
2016/06/06 13:02:25,c86f0d37a08e7c387b8ef3fa077c76f08dfef76d,3b45914ef7f7472648565f81bac6b44fede839dd,持卡人消费,硕果园（工大商店）,-9.0,132.39,5643,正常
2016/06/06 13:05:27,c86f0d37a08e7c387b8ef3fa077c76f08dfef76d,3b45914ef7f7472648565f81bac6b44fede839dd,持卡人消费,硕果园（工大商店）,-3.0,129.39,5644,正常
2016/06/06 13:18:00,c86f0d37a08e7c387b8ef3fa077c76f08dfef76d,3b45914ef7f7472648565f81bac6b44fede839dd,持卡人消费,硕果园（工大商店）,-3.7,125.69,5645,正常
2016/06/06 13:58:24,c86f0d37a08e7c387b8ef3fa077c76f08dfef76d,3b45914ef7f7472648565f81bac6b44fede839dd,持卡人消费,一校区水控新,-2.0,123.69,5646,正常
2016/06/07 12:46:23,c86f0d37a08e7c387b8ef3fa077c76f08dfef76d,3b45914ef7f7472648565f81bac6b44fede839dd,持卡人消费,硕果园（工大商店）,-9.0,114.69,5647,正常
2016/06/08 12:02:19,c86f0d37a08e7c387b8ef3fa077c76f08dfef76d,3b45914ef7f7472648565f81bac6b44fede839dd,持卡人消费,学士楼商务网关,-7.5,107.19,5648,正常
2016/06/10 13:58:25,c86f0d37a08e7c387b8ef3fa077c76f08dfef76d,3b45914ef7f7472648565f81bac6b44fede839dd,持卡人消费,硕果园（工大商店）,-14.0,93.19,5649,正常
2016/06/10 14:00:08,c86f0d37a08e7c387b8ef3fa077c76f08dfef76d,3b45914ef7f7472648565f81bac6b44fede839dd,持卡人消费,硕果园（工大商店）,-2.5,90.69,5650,正常
2016/06/10 16:49:27,c86f0d37a08e7c387b8ef3fa077c76f08dfef76d,3b45914ef7f7472648565f81bac6b44fede839dd,持卡人消费,一校区水控新,-2.0,86.69,5652,正常
2016/06/10 16:48:22,c86f0d37a08e7c387b8ef3fa077c76f08dfef76d,3b45914ef7f7472648565f81bac6b44fede839dd,持卡人消费,一校区水控新,-1.84,86.85,5653,正常
2016/06/10 16:57:20,c86f0d37a08e7c387b8ef3fa077c76f08dfef76d,3b45914ef7f7472648565f81bac6b44fede839dd,持卡人消费,一校区水控新,-1.17,85.68,5655,正常
2016/06/10 16:58:30,c86f0d37a08e7c387b8ef3fa077c76f08dfef76d,3b45914ef7f7472648565f81bac6b44fede839dd,持卡人消费,一校区水控新,-0.06,85.62,5657,正常
2016/06/11 13:02:37,c86f0d37a08e7c387b8ef3fa077c76f08dfef76d,3b45914ef7f7472648565f81bac6b44fede839dd,持卡人消费,硕果园（工大商店）,-8.0,77.62,5658,正常
2016/06/12 14:14:03,c86f0d37a08e7c387b8ef3fa077c76f08dfef76d,3b45914ef7f7472648565f81bac6b44fede839dd,持卡人消费,硕果园（工大商店）,-12.0,65.62,5659,正常
2016/06/12 14:52:24,c86f0d37a08e7c387b8ef3fa077c76f08dfef76d,3b45914ef7f7472648565f81bac6b44fede839dd,持卡人消费,硕果园（工大商店）,-9.0,56.62,5660,正常
2016/06/12 19:10:56,c86f0d37a08e7c387b8ef3fa077c76f08dfef76d,3b45914ef7f7472648565f81bac6b44fede839dd,持卡人消费,硕果园（工大商店）,-15.0,41.62,5661,正常
2016/06/12 19:26:25,c86f0d37a08e7c387b8ef3fa077c76f08dfef76d,3b45914ef7f7472648565f81bac6b44fede839dd,持卡人消费,硕果园（工大商店）,-3.0,38.62,5662,正常
2016/06/13 19:54:51,c86f0d37a08e7c387b8ef3fa077c76f08dfef76d,3b45914ef7f7472648565f81bac6b44fede839dd,持卡人消费,硕果园（工大商店）,-15.7,22.92,5663,正常
2016/06/13 20:01:24,c86f0d37a08e7c387b8ef3fa077c76f08dfef76d,3b45914ef7f7472648565f81bac6b44fede839dd,持卡人消费,硕果园（工大商店）,-3.5,19.42,5664,正常
2016/06/13 20:19:00,c86f0d37a08e7c387b8ef3fa077c76f08dfef76d,3b45914ef7f7472648565f81bac6b44fede839dd,持卡人消费,硕果园（工大商店）,-0.1,19.32,5665,正常
2016/06/15 18:40:58,c86f0d37a08e7c387b8ef3fa077c76f08dfef76d,3b45914ef7f7472648565f81bac6b44fede839dd,持卡人消费,硕果园（工大商店）,-3.0,16.32,5666,正常
2016/06/17 14:16:26,c86f0d37a08e7c387b8ef3fa077c76f08dfef76d,3b45914ef7f7472648565f81bac6b44fede839dd,持卡人消费,一校区水控新,-2.0,14.32,5667,正常
2016/06/17 14:24:30,c86f0d37a08e7c387b8ef3fa077c76f08dfef76d,3b45914ef7f7472648565f81bac6b44fede839dd,持卡人消费,一校区水控新,-0.74,13.58,5669,正常
2016/06/17 14:25:50,c86f0d37a08e7c387b8ef3fa077c76f08dfef76d,3b45914ef7f7472648565f81bac6b44fede839dd,持卡人消费,一校区水控新,-0.1,13.48,5671,正常
2016/06/17 14:26:13,c86f0d37a08e7c387b8ef3fa077c76f08dfef76d,3b45914ef7f7472648565f81bac6b44fede839dd,持卡人消费,一校区水控新,-0.03,13.45,5673,正常
2016/06/17 16:53:57,c86f0d37a08e7c387b8ef3fa077c76f08dfef76d,3b45914ef7f7472648565f81bac6b44fede839dd,存款,卡中心综合业务,50.0,63.45,5674,正常
2016/06/17 17:03:26,c86f0d37a08e7c387b8ef3fa077c76f08dfef76d,3b45914ef7f7472648565f81bac6b44fede839dd,持卡人消费,硕果园（工大商店）,-10.0,53.45,5675,正常
2016/06/17 17:10:22,c86f0d37a08e7c387b8ef3fa077c76f08dfef76d,3b45914ef7f7472648565f81bac6b44fede839dd,持卡人消费,硕果园（工大商店）,-6.5,46.95,5676,正常
2016/06/18 13:38:14,c86f0d37a08e7c387b8ef3fa077c76f08dfef76d,3b45914ef7f7472648565f81bac6b44fede839dd,持卡人消费,硕果园（工大商店）,-8.0,38.95,5677,正常
2016/06/18 18:16:19,c86f0d37a08e7c387b8ef3fa077c76f08dfef76d,3b45914ef7f7472648565f81bac6b44fede839dd,持卡人消费,学子楼商务网关,-10.5,28.45,5678,正常
2016/06/18 18:17:10,c86f0d37a08e7c387b8ef3fa077c76f08dfef76d,3b45914ef7f7472648565f81bac6b44fede839dd,持卡人消费,学子楼商务网关,-4.0,24.45,5679,正常
2016/06/19 12:36:57,c86f0d37a08e7c387b8ef3fa077c76f08dfef76d,3b45914ef7f7472648565f81bac6b44fede839dd,持卡人消费,硕果园（工大商店）,-9.0,15.45,5680,正常
2016/06/19 12:49:24,c86f0d37a08e7c387b8ef3fa077c76f08dfef76d,3b45914ef7f7472648565f81bac6b44fede839dd,持卡人消费,硕果园（工大商店）,-3.0,12.45,5681,正常
2016/06/20 13:02:54,c86f0d37a08e7c387b8ef3fa077c76f08dfef76d,3b45914ef7f7472648565f81bac6b44fede839dd,持卡人消费,硕果园（工大商店）,-3.5,8.95,5682,正常
2016/06/20 13:20:16,c86f0d37a08e7c387b8ef3fa077c76f08dfef76d,3b45914ef7f7472648565f81bac6b44fede839dd,持卡人消费,硕果园（工大商店）,-0.3,8.65,5683,正常
2016/06/22 11:50:48,c86f0d37a08e7c387b8ef3fa077c76f08dfef76d,3b45914ef7f7472648565f81bac6b44fede839dd,持卡人消费,硕果园（工大商店）,-1.0,7.65,5684,正常
2016/06/23 09:38:08,c86f0d37a08e7c387b8ef3fa077c76f08dfef76d,3b45914ef7f7472648565f81bac6b44fede839dd,存款,现金充值机,100.0,107.65,5685,正常
2016/06/23 10:14:14,c86f0d37a08e7c387b8ef3fa077c76f08dfef76d,3b45914ef7f7472648565f81bac6b44fede839dd,持卡人消费,超市商务子系统,-53.3,54.35,5686,正常
2016/06/24 12:01:11,c86f0d37a08e7c387b8ef3fa077c76f08dfef76d,3b45914ef7f7472648565f81bac6b44fede839dd,持卡人消费,网络中心,-30.0,24.35,5687,正常
2016/06/24 14:43:01,c86f0d37a08e7c387b8ef3fa077c76f08dfef76d,3b45914ef7f7472648565f81bac6b44fede839dd,持卡人消费,一校区水控新,-0.08,24.27,5689,正常
2016/06/24 14:51:48,c86f0d37a08e7c387b8ef3fa077c76f08dfef76d,3b45914ef7f7472648565f81bac6b44fede839dd,持卡人消费,一校区水控新,-1.63,22.64,5691,正常
2016/06/24 14:58:32,c86f0d37a08e7c387b8ef3fa077c76f08dfef76d,3b45914ef7f7472648565f81bac6b44fede839dd,持卡人消费,一校区水控新,-0.67,21.97,5693,正常
2016/06/24 15:00:00,c86f0d37a08e7c387b8ef3fa077c76f08dfef76d,3b45914ef7f7472648565f81bac6b44fede839dd,持卡人消费,一校区水控新,-0.1,21.87,5695,正常
2016/06/24 15:02:00,c86f0d37a08e7c387b8ef3fa077c76f08dfef76d,3b45914ef7f7472648565f81bac6b44fede839dd,持卡人消费,一校区水控新,-0.05,21.82,5697,正常
2016/06/26 20:41:25,c86f0d37a08e7c387b8ef3fa077c76f08dfef76d,3b45914ef7f7472648565f81bac6b44fede839dd,持卡人消费,硕果园（工大商店）,-0.8,21.02,5698,正常
2016/06/28 13:35:37,c86f0d37a08e7c387b8ef3fa077c76f08dfef76d,3b45914ef7f7472648565f81bac6b44fede839dd,持卡人消费,一校区水控新,-1.17,19.85,5700,正常
2016/06/28 13:42:24,c86f0d37a08e7c387b8ef3fa077c76f08dfef76d,3b45914ef7f7472648565f81bac6b44fede839dd,持卡人消费,一校区水控新,-0.66,19.19,5702,正常
2016/06/28 13:43:40,c86f0d37a08e7c387b8ef3fa077c76f08dfef76d,3b45914ef7f7472648565f81bac6b44fede839dd,持卡人消费,一校区水控新,-0.08,19.11,5704,正常
