交易发生时间,学号,姓名,交易类型,子系统名称,交易额,现有余额,次数,状态
2016/06/01 11:30:47,3b8372f6409ac3f99c59a8192ad191fb6a0ca2cc,3b897e16df304f1e542486f9c2122dcd4eccc0ae,存款,2区卡中心综合业务,300.0,301.27,4417,正常
2016/06/01 11:32:12,3b8372f6409ac3f99c59a8192ad191fb6a0ca2cc,3b897e16df304f1e542486f9c2122dcd4eccc0ae,持卡人消费,九食堂商务网关,-11.0,290.27,4418,正常
2016/06/01 16:35:04,3b8372f6409ac3f99c59a8192ad191fb6a0ca2cc,3b897e16df304f1e542486f9c2122dcd4eccc0ae,持卡人消费,九食堂商务网关,-9.0,281.27,4419,正常
2016/06/01 16:41:54,3b8372f6409ac3f99c59a8192ad191fb6a0ca2cc,3b897e16df304f1e542486f9c2122dcd4eccc0ae,持卡人消费,九食堂商务网关,-2.5,278.77,4420,正常
2016/06/02 10:53:57,3b8372f6409ac3f99c59a8192ad191fb6a0ca2cc,3b897e16df304f1e542486f9c2122dcd4eccc0ae,持卡人消费,九食堂商务网关,-11.0,267.77,4421,正常
2016/06/02 16:52:06,3b8372f6409ac3f99c59a8192ad191fb6a0ca2cc,3b897e16df304f1e542486f9c2122dcd4eccc0ae,持卡人消费,九食堂商务网关,-9.0,258.77,4422,正常
2016/06/02 17:00:24,3b8372f6409ac3f99c59a8192ad191fb6a0ca2cc,3b897e16df304f1e542486f9c2122dcd4eccc0ae,持卡人消费,九食堂商务网关,-2.5,256.27,4423,正常
2016/06/03 11:07:25,3b8372f6409ac3f99c59a8192ad191fb6a0ca2cc,3b897e16df304f1e542486f9c2122dcd4eccc0ae,持卡人消费,九食堂商务网关,-9.0,247.27,4424,正常
2016/06/03 17:46:08,3b8372f6409ac3f99c59a8192ad191fb6a0ca2cc,3b897e16df304f1e542486f9c2122dcd4eccc0ae,持卡人消费,五食堂商务网关,-8.0,239.27,4425,正常
2016/06/04 07:41:16,3b8372f6409ac3f99c59a8192ad191fb6a0ca2cc,3b897e16df304f1e542486f9c2122dcd4eccc0ae,持卡人消费,学子便利店B07,-3.5,235.77,4426,正常
2016/06/04 10:44:33,3b8372f6409ac3f99c59a8192ad191fb6a0ca2cc,3b897e16df304f1e542486f9c2122dcd4eccc0ae,持卡人消费,九食堂商务网关,-13.0,222.77,4427,正常
2016/06/04 17:01:16,3b8372f6409ac3f99c59a8192ad191fb6a0ca2cc,3b897e16df304f1e542486f9c2122dcd4eccc0ae,持卡人消费,九食堂商务网关,-12.0,210.77,4428,正常
2016/06/05 07:33:42,3b8372f6409ac3f99c59a8192ad191fb6a0ca2cc,3b897e16df304f1e542486f9c2122dcd4eccc0ae,持卡人消费,学子便利店B07,-2.5,208.27,4429,正常
2016/06/05 10:52:38,3b8372f6409ac3f99c59a8192ad191fb6a0ca2cc,3b897e16df304f1e542486f9c2122dcd4eccc0ae,持卡人消费,四食堂商务网关,-14.28,193.99,4430,正常
2016/06/05 10:59:06,3b8372f6409ac3f99c59a8192ad191fb6a0ca2cc,3b897e16df304f1e542486f9c2122dcd4eccc0ae,持卡人消费,四食堂商务网关,-3.0,190.99,4431,正常
2016/06/05 16:59:35,3b8372f6409ac3f99c59a8192ad191fb6a0ca2cc,3b897e16df304f1e542486f9c2122dcd4eccc0ae,持卡人消费,四食堂商务网关,-0.7,190.29,4432,正常
2016/06/05 16:59:39,3b8372f6409ac3f99c59a8192ad191fb6a0ca2cc,3b897e16df304f1e542486f9c2122dcd4eccc0ae,持卡人消费,四食堂商务网关,-2.0,188.29,4433,正常
2016/06/05 17:00:26,3b8372f6409ac3f99c59a8192ad191fb6a0ca2cc,3b897e16df304f1e542486f9c2122dcd4eccc0ae,持卡人消费,四食堂商务网关,-0.8,187.49,4434,正常
2016/06/05 17:01:37,3b8372f6409ac3f99c59a8192ad191fb6a0ca2cc,3b897e16df304f1e542486f9c2122dcd4eccc0ae,持卡人消费,四食堂商务网关,-2.0,185.49,4435,正常
2016/06/06 10:52:36,3b8372f6409ac3f99c59a8192ad191fb6a0ca2cc,3b897e16df304f1e542486f9c2122dcd4eccc0ae,持卡人消费,九食堂商务网关,-11.0,174.49,4436,正常
2016/06/06 16:49:55,3b8372f6409ac3f99c59a8192ad191fb6a0ca2cc,3b897e16df304f1e542486f9c2122dcd4eccc0ae,持卡人消费,九食堂商务网关,-9.0,165.49,4437,正常
2016/06/07 07:42:21,3b8372f6409ac3f99c59a8192ad191fb6a0ca2cc,3b897e16df304f1e542486f9c2122dcd4eccc0ae,持卡人消费,学子便利店B07,-2.5,162.99,4438,正常
2016/06/07 10:56:40,3b8372f6409ac3f99c59a8192ad191fb6a0ca2cc,3b897e16df304f1e542486f9c2122dcd4eccc0ae,持卡人消费,九食堂商务网关,-11.0,151.99,4439,正常
2016/06/07 13:54:14,3b8372f6409ac3f99c59a8192ad191fb6a0ca2cc,3b897e16df304f1e542486f9c2122dcd4eccc0ae,持卡人消费,二区水控,-1.63,150.36,4441,正常
2016/06/07 14:59:37,3b8372f6409ac3f99c59a8192ad191fb6a0ca2cc,3b897e16df304f1e542486f9c2122dcd4eccc0ae,持卡人消费,四食堂商务网关,-1.0,149.36,4442,正常
2016/06/07 15:00:04,3b8372f6409ac3f99c59a8192ad191fb6a0ca2cc,3b897e16df304f1e542486f9c2122dcd4eccc0ae,持卡人消费,四食堂商务网关,-8.0,141.36,4443,正常
2016/06/08 07:38:58,3b8372f6409ac3f99c59a8192ad191fb6a0ca2cc,3b897e16df304f1e542486f9c2122dcd4eccc0ae,持卡人消费,学子便利店B07,-2.5,138.86,4444,正常
2016/06/08 10:55:02,3b8372f6409ac3f99c59a8192ad191fb6a0ca2cc,3b897e16df304f1e542486f9c2122dcd4eccc0ae,持卡人消费,九食堂商务网关,-10.0,128.86,4445,正常
2016/06/08 14:30:58,3b8372f6409ac3f99c59a8192ad191fb6a0ca2cc,3b897e16df304f1e542486f9c2122dcd4eccc0ae,持卡人消费,学子便利店B07,-2.0,126.86,4446,正常
2016/06/08 17:37:08,3b8372f6409ac3f99c59a8192ad191fb6a0ca2cc,3b897e16df304f1e542486f9c2122dcd4eccc0ae,持卡人消费,九食堂商务网关,-13.0,113.86,4447,正常
2016/06/09 11:09:59,3b8372f6409ac3f99c59a8192ad191fb6a0ca2cc,3b897e16df304f1e542486f9c2122dcd4eccc0ae,持卡人消费,九食堂商务网关,-9.0,104.86,4448,正常
2016/06/09 11:11:40,3b8372f6409ac3f99c59a8192ad191fb6a0ca2cc,3b897e16df304f1e542486f9c2122dcd4eccc0ae,持卡人消费,九食堂商务网关,-8.0,96.86,4449,正常
2016/06/09 17:11:27,3b8372f6409ac3f99c59a8192ad191fb6a0ca2cc,3b897e16df304f1e542486f9c2122dcd4eccc0ae,持卡人消费,九食堂商务网关,-9.0,87.86,4450,正常
2016/06/09 22:03:40,3b8372f6409ac3f99c59a8192ad191fb6a0ca2cc,3b897e16df304f1e542486f9c2122dcd4eccc0ae,持卡人消费,学子便利店B07,-2.0,85.86,4451,正常
2016/06/10 07:09:44,3b8372f6409ac3f99c59a8192ad191fb6a0ca2cc,3b897e16df304f1e542486f9c2122dcd4eccc0ae,持卡人消费,九食堂商务网关,-4.0,81.86,4452,正常
2016/06/10 10:59:04,3b8372f6409ac3f99c59a8192ad191fb6a0ca2cc,3b897e16df304f1e542486f9c2122dcd4eccc0ae,持卡人消费,九食堂商务网关,-9.0,72.86,4453,正常
2016/06/10 16:41:43,3b8372f6409ac3f99c59a8192ad191fb6a0ca2cc,3b897e16df304f1e542486f9c2122dcd4eccc0ae,持卡人消费,九食堂商务网关,-10.0,62.86,4454,正常
2016/06/10 19:51:17,3b8372f6409ac3f99c59a8192ad191fb6a0ca2cc,3b897e16df304f1e542486f9c2122dcd4eccc0ae,持卡人消费,学子便利店B07,-5.8,57.06,4455,正常
2016/06/11 11:18:34,3b8372f6409ac3f99c59a8192ad191fb6a0ca2cc,3b897e16df304f1e542486f9c2122dcd4eccc0ae,持卡人消费,九食堂商务网关,-11.0,46.06,4456,正常
2016/06/11 17:03:44,3b8372f6409ac3f99c59a8192ad191fb6a0ca2cc,3b897e16df304f1e542486f9c2122dcd4eccc0ae,持卡人消费,九食堂商务网关,-11.0,35.06,4457,正常
2016/06/12 10:57:43,3b8372f6409ac3f99c59a8192ad191fb6a0ca2cc,3b897e16df304f1e542486f9c2122dcd4eccc0ae,持卡人消费,九食堂商务网关,-11.0,24.06,4458,正常
2016/06/12 16:35:09,3b8372f6409ac3f99c59a8192ad191fb6a0ca2cc,3b897e16df304f1e542486f9c2122dcd4eccc0ae,持卡人消费,九食堂商务网关,-8.0,16.06,4459,正常
2016/06/12 16:37:19,3b8372f6409ac3f99c59a8192ad191fb6a0ca2cc,3b897e16df304f1e542486f9c2122dcd4eccc0ae,持卡人消费,九食堂商务网关,-4.5,11.56,4460,正常
2016/06/13 10:28:29,3b8372f6409ac3f99c59a8192ad191fb6a0ca2cc,3b897e16df304f1e542486f9c2122dcd4eccc0ae,存款,现金充值机,300.0,311.56,4461,正常
2016/06/13 11:02:18,3b8372f6409ac3f99c59a8192ad191fb6a0ca2cc,3b897e16df304f1e542486f9c2122dcd4eccc0ae,持卡人消费,九食堂商务网关,-10.0,301.56,4462,正常
2016/06/13 16:43:48,3b8372f6409ac3f99c59a8192ad191fb6a0ca2cc,3b897e16df304f1e542486f9c2122dcd4eccc0ae,持卡人消费,五食堂商务网关,-7.0,294.56,4463,正常
2016/06/13 16:50:48,3b8372f6409ac3f99c59a8192ad191fb6a0ca2cc,3b897e16df304f1e542486f9c2122dcd4eccc0ae,持卡人消费,五食堂商务网关,-8.93,285.63,4464,正常
2016/06/14 11:22:17,3b8372f6409ac3f99c59a8192ad191fb6a0ca2cc,3b897e16df304f1e542486f9c2122dcd4eccc0ae,持卡人消费,五食堂商务网关,-8.0,277.63,4465,正常
2016/06/14 16:42:56,3b8372f6409ac3f99c59a8192ad191fb6a0ca2cc,3b897e16df304f1e542486f9c2122dcd4eccc0ae,持卡人消费,五食堂商务网关,-11.0,266.63,4466,正常
2016/06/15 07:45:11,3b8372f6409ac3f99c59a8192ad191fb6a0ca2cc,3b897e16df304f1e542486f9c2122dcd4eccc0ae,持卡人消费,学子便利店B07,-2.5,264.13,4467,正常
2016/06/15 11:11:04,3b8372f6409ac3f99c59a8192ad191fb6a0ca2cc,3b897e16df304f1e542486f9c2122dcd4eccc0ae,持卡人消费,四食堂商务网关,-0.4,263.73,4468,正常
2016/06/15 11:11:21,3b8372f6409ac3f99c59a8192ad191fb6a0ca2cc,3b897e16df304f1e542486f9c2122dcd4eccc0ae,持卡人消费,四食堂商务网关,-12.89,250.84,4469,正常
2016/06/15 16:35:44,3b8372f6409ac3f99c59a8192ad191fb6a0ca2cc,3b897e16df304f1e542486f9c2122dcd4eccc0ae,持卡人消费,学子便利店B07,-3.5,247.34,4470,正常
2016/06/15 16:39:55,3b8372f6409ac3f99c59a8192ad191fb6a0ca2cc,3b897e16df304f1e542486f9c2122dcd4eccc0ae,持卡人消费,九食堂商务网关,-11.0,236.34,4471,正常
2016/06/15 21:20:39,3b8372f6409ac3f99c59a8192ad191fb6a0ca2cc,3b897e16df304f1e542486f9c2122dcd4eccc0ae,持卡人消费,学子便利店B07,-3.5,232.84,4472,正常
2016/06/16 11:00:44,3b8372f6409ac3f99c59a8192ad191fb6a0ca2cc,3b897e16df304f1e542486f9c2122dcd4eccc0ae,持卡人消费,五食堂商务网关,-7.0,225.84,4473,正常
2016/06/16 11:08:32,3b8372f6409ac3f99c59a8192ad191fb6a0ca2cc,3b897e16df304f1e542486f9c2122dcd4eccc0ae,持卡人消费,五食堂商务网关,-6.0,219.84,4474,正常
2016/06/16 16:51:35,3b8372f6409ac3f99c59a8192ad191fb6a0ca2cc,3b897e16df304f1e542486f9c2122dcd4eccc0ae,持卡人消费,九食堂商务网关,-9.0,210.84,4475,正常
2016/06/17 07:34:53,3b8372f6409ac3f99c59a8192ad191fb6a0ca2cc,3b897e16df304f1e542486f9c2122dcd4eccc0ae,持卡人消费,学子便利店B07,-2.5,208.34,4476,正常
2016/06/17 10:59:58,3b8372f6409ac3f99c59a8192ad191fb6a0ca2cc,3b897e16df304f1e542486f9c2122dcd4eccc0ae,持卡人消费,五食堂商务网关,-7.0,201.34,4477,正常
2016/06/17 11:01:27,3b8372f6409ac3f99c59a8192ad191fb6a0ca2cc,3b897e16df304f1e542486f9c2122dcd4eccc0ae,持卡人消费,五食堂商务网关,-5.0,196.34,4478,正常
2016/06/17 16:38:46,3b8372f6409ac3f99c59a8192ad191fb6a0ca2cc,3b897e16df304f1e542486f9c2122dcd4eccc0ae,持卡人消费,九食堂商务网关,-11.0,185.34,4479,正常
2016/06/17 18:40:50,3b8372f6409ac3f99c59a8192ad191fb6a0ca2cc,3b897e16df304f1e542486f9c2122dcd4eccc0ae,持卡人消费,学子便利店B07,-4.8,180.54,4480,正常
2016/06/18 09:43:55,3b8372f6409ac3f99c59a8192ad191fb6a0ca2cc,3b897e16df304f1e542486f9c2122dcd4eccc0ae,持卡人消费,学子便利店B07,-2.0,178.54,4481,正常
2016/06/18 10:51:02,3b8372f6409ac3f99c59a8192ad191fb6a0ca2cc,3b897e16df304f1e542486f9c2122dcd4eccc0ae,持卡人消费,九食堂商务网关,-11.0,167.54,4482,正常
2016/06/18 12:51:32,3b8372f6409ac3f99c59a8192ad191fb6a0ca2cc,3b897e16df304f1e542486f9c2122dcd4eccc0ae,持卡人消费,学子便利店B07,-2.0,165.54,4483,正常
2016/06/18 16:03:35,3b8372f6409ac3f99c59a8192ad191fb6a0ca2cc,3b897e16df304f1e542486f9c2122dcd4eccc0ae,持卡人消费,硕果园（工大商店）,-8.0,157.54,4484,正常
2016/06/18 17:21:54,3b8372f6409ac3f99c59a8192ad191fb6a0ca2cc,3b897e16df304f1e542486f9c2122dcd4eccc0ae,持卡人消费,九食堂商务网关,-12.0,145.54,4485,正常
2016/06/19 10:59:54,3b8372f6409ac3f99c59a8192ad191fb6a0ca2cc,3b897e16df304f1e542486f9c2122dcd4eccc0ae,持卡人消费,四食堂商务网关,-10.37,135.17,4486,正常
2016/06/19 17:54:01,3b8372f6409ac3f99c59a8192ad191fb6a0ca2cc,3b897e16df304f1e542486f9c2122dcd4eccc0ae,持卡人消费,五食堂商务网关,-8.0,127.17,4487,正常
2016/06/20 11:26:59,3b8372f6409ac3f99c59a8192ad191fb6a0ca2cc,3b897e16df304f1e542486f9c2122dcd4eccc0ae,持卡人消费,五食堂商务网关,-8.0,119.17,4488,正常
2016/06/20 11:28:32,3b8372f6409ac3f99c59a8192ad191fb6a0ca2cc,3b897e16df304f1e542486f9c2122dcd4eccc0ae,持卡人消费,五食堂商务网关,-7.0,112.17,4489,正常
2016/06/20 16:44:15,3b8372f6409ac3f99c59a8192ad191fb6a0ca2cc,3b897e16df304f1e542486f9c2122dcd4eccc0ae,持卡人消费,五食堂商务网关,-2.5,109.67,4490,正常
2016/06/20 16:44:45,3b8372f6409ac3f99c59a8192ad191fb6a0ca2cc,3b897e16df304f1e542486f9c2122dcd4eccc0ae,持卡人消费,五食堂商务网关,-0.6,109.07,4491,正常
2016/06/20 16:45:25,3b8372f6409ac3f99c59a8192ad191fb6a0ca2cc,3b897e16df304f1e542486f9c2122dcd4eccc0ae,持卡人消费,五食堂商务网关,-6.0,103.07,4492,正常
2016/06/21 11:01:57,3b8372f6409ac3f99c59a8192ad191fb6a0ca2cc,3b897e16df304f1e542486f9c2122dcd4eccc0ae,持卡人消费,九食堂商务网关,-5.0,98.07,4493,正常
2016/06/21 11:03:19,3b8372f6409ac3f99c59a8192ad191fb6a0ca2cc,3b897e16df304f1e542486f9c2122dcd4eccc0ae,持卡人消费,九食堂商务网关,-3.3,94.77,4494,正常
2016/06/21 14:11:24,3b8372f6409ac3f99c59a8192ad191fb6a0ca2cc,3b897e16df304f1e542486f9c2122dcd4eccc0ae,持卡人消费,学子便利店B07,-4.0,90.77,4495,正常
2016/06/21 16:56:31,3b8372f6409ac3f99c59a8192ad191fb6a0ca2cc,3b897e16df304f1e542486f9c2122dcd4eccc0ae,持卡人消费,九食堂商务网关,-9.0,81.77,4496,正常
2016/06/21 16:57:58,3b8372f6409ac3f99c59a8192ad191fb6a0ca2cc,3b897e16df304f1e542486f9c2122dcd4eccc0ae,持卡人消费,九食堂商务网关,-4.5,77.27,4497,正常
2016/06/22 08:49:03,3b8372f6409ac3f99c59a8192ad191fb6a0ca2cc,3b897e16df304f1e542486f9c2122dcd4eccc0ae,持卡人消费,学子便利店B07,-2.0,75.27,4498,正常
2016/06/22 11:02:12,3b8372f6409ac3f99c59a8192ad191fb6a0ca2cc,3b897e16df304f1e542486f9c2122dcd4eccc0ae,持卡人消费,九食堂商务网关,-11.0,64.27,4499,正常
2016/06/22 17:07:49,3b8372f6409ac3f99c59a8192ad191fb6a0ca2cc,3b897e16df304f1e542486f9c2122dcd4eccc0ae,持卡人消费,九食堂商务网关,-11.0,53.27,4500,正常
2016/06/23 10:44:28,3b8372f6409ac3f99c59a8192ad191fb6a0ca2cc,3b897e16df304f1e542486f9c2122dcd4eccc0ae,持卡人消费,九食堂商务网关,-11.0,42.27,4501,正常
2016/06/23 15:16:57,3b8372f6409ac3f99c59a8192ad191fb6a0ca2cc,3b897e16df304f1e542486f9c2122dcd4eccc0ae,持卡人消费,四食堂商务网关,-8.0,34.27,4502,正常
2016/06/24 11:53:26,3b8372f6409ac3f99c59a8192ad191fb6a0ca2cc,3b897e16df304f1e542486f9c2122dcd4eccc0ae,持卡人消费,九食堂商务网关,-11.0,23.27,4503,正常
2016/06/25 11:25:05,3b8372f6409ac3f99c59a8192ad191fb6a0ca2cc,3b897e16df304f1e542486f9c2122dcd4eccc0ae,持卡人消费,九食堂商务网关,-11.0,12.27,4504,正常
2016/06/25 16:40:17,3b8372f6409ac3f99c59a8192ad191fb6a0ca2cc,3b897e16df304f1e542486f9c2122dcd4eccc0ae,持卡人消费,九食堂商务网关,-11.0,1.27,4505,正常
2016/06/26 16:15:42,3b8372f6409ac3f99c59a8192ad191fb6a0ca2cc,3b897e16df304f1e542486f9c2122dcd4eccc0ae,存款,现金充值机,100.0,101.27,4506,正常
2016/06/26 16:48:55,3b8372f6409ac3f99c59a8192ad191fb6a0ca2cc,3b897e16df304f1e542486f9c2122dcd4eccc0ae,持卡人消费,九食堂商务网关,-11.0,90.27,4507,正常
2016/06/26 17:00:55,3b8372f6409ac3f99c59a8192ad191fb6a0ca2cc,3b897e16df304f1e542486f9c2122dcd4eccc0ae,持卡人消费,九食堂商务网关,-11.0,79.27,4508,正常
2016/06/27 11:46:58,3b8372f6409ac3f99c59a8192ad191fb6a0ca2cc,3b897e16df304f1e542486f9c2122dcd4eccc0ae,持卡人消费,九食堂商务网关,-11.0,68.27,4509,正常
2016/06/27 17:34:19,3b8372f6409ac3f99c59a8192ad191fb6a0ca2cc,3b897e16df304f1e542486f9c2122dcd4eccc0ae,持卡人消费,九食堂商务网关,-9.0,59.27,4510,正常
2016/06/28 16:33:53,3b8372f6409ac3f99c59a8192ad191fb6a0ca2cc,3b897e16df304f1e542486f9c2122dcd4eccc0ae,持卡人消费,九食堂商务网关,-1.0,58.27,4511,正常
2016/06/28 16:35:32,3b8372f6409ac3f99c59a8192ad191fb6a0ca2cc,3b897e16df304f1e542486f9c2122dcd4eccc0ae,持卡人消费,九食堂商务网关,-11.0,47.27,4512,正常
2016/06/28 19:09:25,3b8372f6409ac3f99c59a8192ad191fb6a0ca2cc,3b897e16df304f1e542486f9c2122dcd4eccc0ae,持卡人消费,二区水控,-0.1,47.17,4514,正常
2016/06/28 19:10:37,3b8372f6409ac3f99c59a8192ad191fb6a0ca2cc,3b897e16df304f1e542486f9c2122dcd4eccc0ae,持卡人消费,二区水控,-0.1,47.07,4516,正常
2016/06/28 19:12:44,3b8372f6409ac3f99c59a8192ad191fb6a0ca2cc,3b897e16df304f1e542486f9c2122dcd4eccc0ae,持卡人消费,二区水控,-0.06,47.01,4518,正常
2016/06/28 19:13:41,3b8372f6409ac3f99c59a8192ad191fb6a0ca2cc,3b897e16df304f1e542486f9c2122dcd4eccc0ae,持卡人消费,二区水控,-0.03,46.98,4520,正常
2016/06/28 19:15:11,3b8372f6409ac3f99c59a8192ad191fb6a0ca2cc,3b897e16df304f1e542486f9c2122dcd4eccc0ae,持卡人消费,二区水控,-0.14,46.84,4522,正常
2016/06/28 19:20:05,3b8372f6409ac3f99c59a8192ad191fb6a0ca2cc,3b897e16df304f1e542486f9c2122dcd4eccc0ae,持卡人消费,二区水控,-0.42,46.42,4524,正常
2016/06/28 19:22:04,3b8372f6409ac3f99c59a8192ad191fb6a0ca2cc,3b897e16df304f1e542486f9c2122dcd4eccc0ae,持卡人消费,二区水控,-0.22,46.20,4526,正常
2016/06/29 07:51:27,3b8372f6409ac3f99c59a8192ad191fb6a0ca2cc,3b897e16df304f1e542486f9c2122dcd4eccc0ae,持卡人消费,九食堂商务网关,-3.0,43.20,4527,正常
2016/06/29 11:39:19,3b8372f6409ac3f99c59a8192ad191fb6a0ca2cc,3b897e16df304f1e542486f9c2122dcd4eccc0ae,持卡人消费,学子便利店B07,-1.5,41.70,4528,正常
2016/06/29 16:07:08,3b8372f6409ac3f99c59a8192ad191fb6a0ca2cc,3b897e16df304f1e542486f9c2122dcd4eccc0ae,持卡人消费,学子便利店B07,-2.0,39.70,4529,正常
2016/06/29 18:01:54,3b8372f6409ac3f99c59a8192ad191fb6a0ca2cc,3b897e16df304f1e542486f9c2122dcd4eccc0ae,持卡人消费,九食堂商务网关,-11.0,28.70,4530,正常
2016/06/30 09:48:05,3b8372f6409ac3f99c59a8192ad191fb6a0ca2cc,3b897e16df304f1e542486f9c2122dcd4eccc0ae,持卡人消费,学子便利店B07,-4.8,23.90,4531,正常
2016/06/30 11:31:50,3b8372f6409ac3f99c59a8192ad191fb6a0ca2cc,3b897e16df304f1e542486f9c2122dcd4eccc0ae,持卡人消费,九食堂商务网关,-1.0,22.90,4532,正常
2016/06/30 11:34:29,3b8372f6409ac3f99c59a8192ad191fb6a0ca2cc,3b897e16df304f1e542486f9c2122dcd4eccc0ae,持卡人消费,九食堂商务网关,-9.0,13.90,4533,正常
2016/06/30 15:07:05,3b8372f6409ac3f99c59a8192ad191fb6a0ca2cc,3b897e16df304f1e542486f9c2122dcd4eccc0ae,持卡人消费,学子便利店B07,-2.0,11.90,4534,正常
2016/06/30 16:36:12,3b8372f6409ac3f99c59a8192ad191fb6a0ca2cc,3b897e16df304f1e542486f9c2122dcd4eccc0ae,持卡人消费,九食堂商务网关,-11.0,0.90,4535,正常
