交易发生时间,学号,姓名,交易类型,子系统名称,交易额,现有余额,次数,状态
2016/06/01 20:51:33,bf47515afbba0941773fe42124b86d46242f7c09,3c7ebcf3439ae95d5f4995b79ba74d36c7eb1de0,持卡人消费,学子便利店B07,-4.4,18.27,2679,正常
2016/06/02 12:39:16,bf47515afbba0941773fe42124b86d46242f7c09,3c7ebcf3439ae95d5f4995b79ba74d36c7eb1de0,持卡人消费,学子便利店B07,-7.0,11.27,2680,正常
2016/06/03 19:51:25,bf47515afbba0941773fe42124b86d46242f7c09,3c7ebcf3439ae95d5f4995b79ba74d36c7eb1de0,持卡人消费,二区水控,-1.47,9.80,2682,正常
2016/06/03 20:39:12,bf47515afbba0941773fe42124b86d46242f7c09,3c7ebcf3439ae95d5f4995b79ba74d36c7eb1de0,持卡人消费,学子便利店B07,-0.8,9.00,2683,正常
2016/06/13 21:19:02,bf47515afbba0941773fe42124b86d46242f7c09,3c7ebcf3439ae95d5f4995b79ba74d36c7eb1de0,持卡人消费,学子便利店B07,-5.7,3.30,2684,正常
2016/06/14 11:22:54,bf47515afbba0941773fe42124b86d46242f7c09,3c7ebcf3439ae95d5f4995b79ba74d36c7eb1de0,存款,2区卡中心综合业务,200.0,203.30,2685,正常
2016/06/15 11:20:13,bf47515afbba0941773fe42124b86d46242f7c09,3c7ebcf3439ae95d5f4995b79ba74d36c7eb1de0,持卡人消费,九食堂商务网关,-12.0,191.30,2686,正常
2016/06/15 11:57:10,bf47515afbba0941773fe42124b86d46242f7c09,3c7ebcf3439ae95d5f4995b79ba74d36c7eb1de0,持卡人消费,学子便利店B07,-5.7,185.60,2687,正常
2016/06/15 22:11:12,bf47515afbba0941773fe42124b86d46242f7c09,3c7ebcf3439ae95d5f4995b79ba74d36c7eb1de0,持卡人消费,学子便利店B07,-9.9,175.70,2688,正常
2016/06/16 11:09:15,bf47515afbba0941773fe42124b86d46242f7c09,3c7ebcf3439ae95d5f4995b79ba74d36c7eb1de0,持卡人消费,九食堂商务网关,-12.0,163.70,2689,正常
2016/06/16 11:45:22,bf47515afbba0941773fe42124b86d46242f7c09,3c7ebcf3439ae95d5f4995b79ba74d36c7eb1de0,持卡人消费,学子便利店B07,-6.8,156.90,2690,正常
2016/06/16 20:52:51,bf47515afbba0941773fe42124b86d46242f7c09,3c7ebcf3439ae95d5f4995b79ba74d36c7eb1de0,持卡人消费,二区水控,-1.38,155.52,2692,正常
2016/06/17 21:36:58,bf47515afbba0941773fe42124b86d46242f7c09,3c7ebcf3439ae95d5f4995b79ba74d36c7eb1de0,持卡人消费,学子便利店B07,-10.0,145.52,2693,正常
2016/06/18 12:03:42,bf47515afbba0941773fe42124b86d46242f7c09,3c7ebcf3439ae95d5f4995b79ba74d36c7eb1de0,持卡人消费,学子便利店B07,-9.2,136.32,2694,正常
2016/06/19 19:23:52,bf47515afbba0941773fe42124b86d46242f7c09,3c7ebcf3439ae95d5f4995b79ba74d36c7eb1de0,持卡人消费,学子便利店B07,-7.0,129.32,2695,正常
2016/06/19 20:52:00,bf47515afbba0941773fe42124b86d46242f7c09,3c7ebcf3439ae95d5f4995b79ba74d36c7eb1de0,持卡人消费,二区水控,-1.5,127.82,2697,正常
2016/06/20 13:26:14,bf47515afbba0941773fe42124b86d46242f7c09,3c7ebcf3439ae95d5f4995b79ba74d36c7eb1de0,持卡人消费,学子便利店B07,-7.0,120.82,2698,正常
2016/06/20 22:23:07,bf47515afbba0941773fe42124b86d46242f7c09,3c7ebcf3439ae95d5f4995b79ba74d36c7eb1de0,持卡人消费,学子便利店B07,-2.7,118.12,2699,正常
2016/06/21 20:50:48,bf47515afbba0941773fe42124b86d46242f7c09,3c7ebcf3439ae95d5f4995b79ba74d36c7eb1de0,持卡人消费,学子便利店B07,-7.4,110.72,2700,正常
2016/06/22 17:28:37,bf47515afbba0941773fe42124b86d46242f7c09,3c7ebcf3439ae95d5f4995b79ba74d36c7eb1de0,持卡人消费,二区水控,-1.78,105.94,2703,正常
2016/06/22 17:30:52,bf47515afbba0941773fe42124b86d46242f7c09,3c7ebcf3439ae95d5f4995b79ba74d36c7eb1de0,持卡人消费,二区水控,-2.18,106.76,2704,正常
2016/06/22 22:00:42,bf47515afbba0941773fe42124b86d46242f7c09,3c7ebcf3439ae95d5f4995b79ba74d36c7eb1de0,持卡人消费,学子便利店B07,-7.2,99.56,2705,正常
2016/06/24 06:42:17,bf47515afbba0941773fe42124b86d46242f7c09,3c7ebcf3439ae95d5f4995b79ba74d36c7eb1de0,持卡人消费,九食堂商务网关,-4.5,95.06,2706,正常
2016/06/24 06:43:12,bf47515afbba0941773fe42124b86d46242f7c09,3c7ebcf3439ae95d5f4995b79ba74d36c7eb1de0,持卡人消费,九食堂商务网关,-3.4,91.66,2707,正常
2016/06/24 19:38:05,bf47515afbba0941773fe42124b86d46242f7c09,3c7ebcf3439ae95d5f4995b79ba74d36c7eb1de0,持卡人消费,二区水控,-1.66,84.00,2711,正常
2016/06/24 19:39:24,bf47515afbba0941773fe42124b86d46242f7c09,3c7ebcf3439ae95d5f4995b79ba74d36c7eb1de0,持卡人消费,二区水控,-1.9,85.10,2712,正常
2016/06/24 19:39:34,bf47515afbba0941773fe42124b86d46242f7c09,3c7ebcf3439ae95d5f4995b79ba74d36c7eb1de0,持卡人消费,二区水控,-1.87,86.23,2713,正常
2016/06/24 20:59:19,bf47515afbba0941773fe42124b86d46242f7c09,3c7ebcf3439ae95d5f4995b79ba74d36c7eb1de0,持卡人消费,学子便利店B07,-18.0,68.23,2714,正常
2016/06/25 20:10:55,bf47515afbba0941773fe42124b86d46242f7c09,3c7ebcf3439ae95d5f4995b79ba74d36c7eb1de0,持卡人消费,学子便利店B07,-6.8,61.43,2715,正常
2016/06/27 17:30:48,bf47515afbba0941773fe42124b86d46242f7c09,3c7ebcf3439ae95d5f4995b79ba74d36c7eb1de0,持卡人消费,二区水控,-1.68,59.75,2717,正常
2016/06/28 14:43:21,bf47515afbba0941773fe42124b86d46242f7c09,3c7ebcf3439ae95d5f4995b79ba74d36c7eb1de0,持卡人消费,网络中心,-30.0,29.75,2718,正常
2016/06/28 16:12:21,bf47515afbba0941773fe42124b86d46242f7c09,3c7ebcf3439ae95d5f4995b79ba74d36c7eb1de0,持卡人消费,学子便利店B07,-5.7,24.05,2719,正常
2016/06/28 20:31:16,bf47515afbba0941773fe42124b86d46242f7c09,3c7ebcf3439ae95d5f4995b79ba74d36c7eb1de0,持卡人消费,二区水控,-1.9,22.15,2721,正常
2016/06/28 20:37:19,bf47515afbba0941773fe42124b86d46242f7c09,3c7ebcf3439ae95d5f4995b79ba74d36c7eb1de0,持卡人消费,学子便利店B07,-4.0,18.15,2722,正常
2016/06/29 14:18:03,bf47515afbba0941773fe42124b86d46242f7c09,3c7ebcf3439ae95d5f4995b79ba74d36c7eb1de0,持卡人消费,学子便利店B07,-7.0,11.15,2723,正常
2016/06/29 19:19:10,bf47515afbba0941773fe42124b86d46242f7c09,3c7ebcf3439ae95d5f4995b79ba74d36c7eb1de0,持卡人消费,二区水控,-1.81,9.34,2725,正常
2016/06/29 20:43:50,bf47515afbba0941773fe42124b86d46242f7c09,3c7ebcf3439ae95d5f4995b79ba74d36c7eb1de0,持卡人消费,二区水控,-0.02,9.32,2727,正常
2016/06/29 20:44:02,bf47515afbba0941773fe42124b86d46242f7c09,3c7ebcf3439ae95d5f4995b79ba74d36c7eb1de0,持卡人消费,二区水控,-0.02,9.30,2729,正常
2016/06/29 20:55:34,bf47515afbba0941773fe42124b86d46242f7c09,3c7ebcf3439ae95d5f4995b79ba74d36c7eb1de0,持卡人消费,二区水控,-2.18,7.12,2731,正常
2016/06/30 11:04:01,bf47515afbba0941773fe42124b86d46242f7c09,3c7ebcf3439ae95d5f4995b79ba74d36c7eb1de0,持卡人消费,学子便利店B07,-0.4,6.72,2732,正常
