交易发生时间,学号,姓名,交易类型,子系统名称,交易额,现有余额,次数,状态
2016/06/01 10:38:35,1c5a6c3bbdab350c417feb272275bf4d9f57e63d,3db520afcc6cdb86246744fab1535786cf2c2a69,持卡人消费,网络中心,-30.0,27.68,3099,正常
2016/06/01 11:32:43,1c5a6c3bbdab350c417feb272275bf4d9f57e63d,3db520afcc6cdb86246744fab1535786cf2c2a69,持卡人消费,九食堂商务网关,-10.0,17.68,3100,正常
2016/06/01 11:33:57,1c5a6c3bbdab350c417feb272275bf4d9f57e63d,3db520afcc6cdb86246744fab1535786cf2c2a69,持卡人消费,九食堂商务网关,-2.5,15.18,3101,正常
2016/06/01 18:24:39,1c5a6c3bbdab350c417feb272275bf4d9f57e63d,3db520afcc6cdb86246744fab1535786cf2c2a69,持卡人消费,四食堂商务网关,-9.6,5.58,3102,正常
2016/06/01 18:27:21,1c5a6c3bbdab350c417feb272275bf4d9f57e63d,3db520afcc6cdb86246744fab1535786cf2c2a69,持卡人消费,四食堂商务网关,-3.0,2.58,3103,正常
2016/06/02 10:22:48,1c5a6c3bbdab350c417feb272275bf4d9f57e63d,3db520afcc6cdb86246744fab1535786cf2c2a69,存款,现金充值机,50.0,52.58,3104,正常
2016/06/02 10:56:07,1c5a6c3bbdab350c417feb272275bf4d9f57e63d,3db520afcc6cdb86246744fab1535786cf2c2a69,持卡人消费,九食堂商务网关,-10.0,42.58,3105,正常
2016/06/02 10:56:57,1c5a6c3bbdab350c417feb272275bf4d9f57e63d,3db520afcc6cdb86246744fab1535786cf2c2a69,持卡人消费,九食堂商务网关,-2.5,40.08,3106,正常
2016/06/02 18:33:06,1c5a6c3bbdab350c417feb272275bf4d9f57e63d,3db520afcc6cdb86246744fab1535786cf2c2a69,持卡人消费,学子便利店B07,-5.0,35.08,3107,正常
2016/06/03 08:20:40,1c5a6c3bbdab350c417feb272275bf4d9f57e63d,3db520afcc6cdb86246744fab1535786cf2c2a69,持卡人消费,学子便利店B07,-6.0,29.08,3108,正常
2016/06/03 08:51:40,1c5a6c3bbdab350c417feb272275bf4d9f57e63d,3db520afcc6cdb86246744fab1535786cf2c2a69,持卡人消费,学子便利店B07,-2.4,26.68,3109,正常
2016/06/03 11:29:59,1c5a6c3bbdab350c417feb272275bf4d9f57e63d,3db520afcc6cdb86246744fab1535786cf2c2a69,持卡人消费,九食堂商务网关,-3.0,23.68,3110,正常
2016/06/03 11:34:19,1c5a6c3bbdab350c417feb272275bf4d9f57e63d,3db520afcc6cdb86246744fab1535786cf2c2a69,持卡人消费,九食堂商务网关,-10.0,13.68,3111,正常
2016/06/03 18:15:43,1c5a6c3bbdab350c417feb272275bf4d9f57e63d,3db520afcc6cdb86246744fab1535786cf2c2a69,持卡人消费,九食堂商务网关,-6.0,7.68,3112,正常
2016/06/03 17:45:02,1c5a6c3bbdab350c417feb272275bf4d9f57e63d,3db520afcc6cdb86246744fab1535786cf2c2a69,存款,现金充值机,10.0,17.68,3113,正常
2016/06/03 18:18:47,1c5a6c3bbdab350c417feb272275bf4d9f57e63d,3db520afcc6cdb86246744fab1535786cf2c2a69,持卡人消费,九食堂商务网关,-10.0,7.68,3114,正常
2016/06/03 18:26:00,1c5a6c3bbdab350c417feb272275bf4d9f57e63d,3db520afcc6cdb86246744fab1535786cf2c2a69,持卡人消费,九食堂商务网关,-6.0,1.68,3115,正常
2016/06/04 07:36:19,1c5a6c3bbdab350c417feb272275bf4d9f57e63d,3db520afcc6cdb86246744fab1535786cf2c2a69,持卡人消费,学子便利店B07,-0.8,0.88,3116,正常
2016/06/04 12:37:02,1c5a6c3bbdab350c417feb272275bf4d9f57e63d,3db520afcc6cdb86246744fab1535786cf2c2a69,存款,现金充值机,100.0,100.88,3117,正常
2016/06/04 12:43:05,1c5a6c3bbdab350c417feb272275bf4d9f57e63d,3db520afcc6cdb86246744fab1535786cf2c2a69,持卡人消费,四食堂商务网关,-9.6,91.28,3118,正常
2016/06/04 12:47:14,1c5a6c3bbdab350c417feb272275bf4d9f57e63d,3db520afcc6cdb86246744fab1535786cf2c2a69,持卡人消费,四食堂商务网关,-3.0,88.28,3119,正常
2016/06/04 18:59:24,1c5a6c3bbdab350c417feb272275bf4d9f57e63d,3db520afcc6cdb86246744fab1535786cf2c2a69,持卡人消费,学子便利店B07,-5.6,82.68,3120,正常
2016/06/05 11:09:40,1c5a6c3bbdab350c417feb272275bf4d9f57e63d,3db520afcc6cdb86246744fab1535786cf2c2a69,持卡人消费,九食堂商务网关,-9.0,73.68,3121,正常
2016/06/05 17:30:06,1c5a6c3bbdab350c417feb272275bf4d9f57e63d,3db520afcc6cdb86246744fab1535786cf2c2a69,持卡人消费,九食堂商务网关,-10.0,63.68,3122,正常
2016/06/05 17:31:56,1c5a6c3bbdab350c417feb272275bf4d9f57e63d,3db520afcc6cdb86246744fab1535786cf2c2a69,持卡人消费,九食堂商务网关,-3.0,60.68,3123,正常
2016/06/06 11:04:19,1c5a6c3bbdab350c417feb272275bf4d9f57e63d,3db520afcc6cdb86246744fab1535786cf2c2a69,持卡人消费,九食堂商务网关,-10.0,50.68,3124,正常
2016/06/06 17:54:50,1c5a6c3bbdab350c417feb272275bf4d9f57e63d,3db520afcc6cdb86246744fab1535786cf2c2a69,持卡人消费,学子便利店B07,-4.0,46.68,3125,正常
2016/06/06 21:06:27,1c5a6c3bbdab350c417feb272275bf4d9f57e63d,3db520afcc6cdb86246744fab1535786cf2c2a69,持卡人消费,学子便利店B07,-2.0,44.68,3126,正常
2016/06/07 11:34:36,1c5a6c3bbdab350c417feb272275bf4d9f57e63d,3db520afcc6cdb86246744fab1535786cf2c2a69,持卡人消费,九食堂商务网关,-10.0,34.68,3127,正常
2016/06/07 18:06:51,1c5a6c3bbdab350c417feb272275bf4d9f57e63d,3db520afcc6cdb86246744fab1535786cf2c2a69,持卡人消费,四食堂商务网关,-8.0,26.68,3128,正常
2016/06/07 18:08:22,1c5a6c3bbdab350c417feb272275bf4d9f57e63d,3db520afcc6cdb86246744fab1535786cf2c2a69,持卡人消费,四食堂商务网关,-4.8,21.88,3129,正常
2016/06/07 21:05:24,1c5a6c3bbdab350c417feb272275bf4d9f57e63d,3db520afcc6cdb86246744fab1535786cf2c2a69,持卡人消费,学子便利店B07,-2.5,19.38,3130,正常
2016/06/08 11:26:39,1c5a6c3bbdab350c417feb272275bf4d9f57e63d,3db520afcc6cdb86246744fab1535786cf2c2a69,持卡人消费,九食堂商务网关,-10.0,9.38,3131,正常
2016/06/08 18:36:12,1c5a6c3bbdab350c417feb272275bf4d9f57e63d,3db520afcc6cdb86246744fab1535786cf2c2a69,持卡人消费,学子便利店B07,-4.2,5.18,3132,正常
2016/06/08 21:18:35,1c5a6c3bbdab350c417feb272275bf4d9f57e63d,3db520afcc6cdb86246744fab1535786cf2c2a69,持卡人消费,学子便利店B07,-3.4,1.78,3133,正常
2016/06/10 16:45:46,1c5a6c3bbdab350c417feb272275bf4d9f57e63d,3db520afcc6cdb86246744fab1535786cf2c2a69,存款,2区卡中心综合业务,100.0,101.78,3134,正常
2016/06/10 16:46:57,1c5a6c3bbdab350c417feb272275bf4d9f57e63d,3db520afcc6cdb86246744fab1535786cf2c2a69,持卡人消费,九食堂商务网关,-20.0,81.78,3135,正常
2016/06/10 16:59:47,1c5a6c3bbdab350c417feb272275bf4d9f57e63d,3db520afcc6cdb86246744fab1535786cf2c2a69,持卡人消费,学子便利店B07,-2.0,79.78,3136,正常
2016/06/10 21:17:48,1c5a6c3bbdab350c417feb272275bf4d9f57e63d,3db520afcc6cdb86246744fab1535786cf2c2a69,持卡人消费,学子便利店B07,-2.4,77.38,3137,正常
2016/06/11 11:05:39,1c5a6c3bbdab350c417feb272275bf4d9f57e63d,3db520afcc6cdb86246744fab1535786cf2c2a69,持卡人消费,九食堂商务网关,-10.0,67.38,3138,正常
2016/06/11 16:07:25,1c5a6c3bbdab350c417feb272275bf4d9f57e63d,3db520afcc6cdb86246744fab1535786cf2c2a69,持卡人消费,学子便利店B07,-1.5,65.88,3139,正常
2016/06/11 18:52:47,1c5a6c3bbdab350c417feb272275bf4d9f57e63d,3db520afcc6cdb86246744fab1535786cf2c2a69,持卡人消费,四食堂商务网关,-8.0,57.88,3140,正常
2016/06/11 18:55:09,1c5a6c3bbdab350c417feb272275bf4d9f57e63d,3db520afcc6cdb86246744fab1535786cf2c2a69,持卡人消费,四食堂商务网关,-12.0,45.88,3141,正常
2016/06/11 20:14:39,1c5a6c3bbdab350c417feb272275bf4d9f57e63d,3db520afcc6cdb86246744fab1535786cf2c2a69,持卡人消费,学子便利店B07,-4.5,41.38,3142,正常
2016/06/12 11:27:24,1c5a6c3bbdab350c417feb272275bf4d9f57e63d,3db520afcc6cdb86246744fab1535786cf2c2a69,持卡人消费,九食堂商务网关,-10.0,31.38,3143,正常
2016/06/12 15:37:52,1c5a6c3bbdab350c417feb272275bf4d9f57e63d,3db520afcc6cdb86246744fab1535786cf2c2a69,持卡人消费,学子便利店B07,-2.6,28.78,3144,正常
2016/06/12 19:58:51,1c5a6c3bbdab350c417feb272275bf4d9f57e63d,3db520afcc6cdb86246744fab1535786cf2c2a69,持卡人消费,学子便利店B07,-4.6,24.18,3145,正常
2016/06/13 11:29:10,1c5a6c3bbdab350c417feb272275bf4d9f57e63d,3db520afcc6cdb86246744fab1535786cf2c2a69,持卡人消费,九食堂商务网关,-10.0,14.18,3146,正常
2016/06/13 11:30:11,1c5a6c3bbdab350c417feb272275bf4d9f57e63d,3db520afcc6cdb86246744fab1535786cf2c2a69,持卡人消费,九食堂商务网关,-2.5,11.68,3147,正常
2016/06/13 16:22:17,1c5a6c3bbdab350c417feb272275bf4d9f57e63d,3db520afcc6cdb86246744fab1535786cf2c2a69,持卡人消费,学子便利店B07,-0.5,13.68,3147,正常
2016/06/13 18:01:48,1c5a6c3bbdab350c417feb272275bf4d9f57e63d,3db520afcc6cdb86246744fab1535786cf2c2a69,持卡人消费,学子便利店B07,-4.6,9.08,3148,正常
2016/06/13 21:48:57,1c5a6c3bbdab350c417feb272275bf4d9f57e63d,3db520afcc6cdb86246744fab1535786cf2c2a69,持卡人消费,学子便利店B07,-4.1,4.98,3149,正常
2016/06/14 20:02:33,1c5a6c3bbdab350c417feb272275bf4d9f57e63d,3db520afcc6cdb86246744fab1535786cf2c2a69,持卡人消费,学子便利店B07,-0.6,4.38,3150,正常
2016/06/15 17:24:57,1c5a6c3bbdab350c417feb272275bf4d9f57e63d,3db520afcc6cdb86246744fab1535786cf2c2a69,存款,现金充值机,100.0,104.38,3151,正常
2016/06/15 18:00:11,1c5a6c3bbdab350c417feb272275bf4d9f57e63d,3db520afcc6cdb86246744fab1535786cf2c2a69,持卡人消费,九食堂商务网关,-12.0,92.38,3152,正常
2016/06/15 18:01:29,1c5a6c3bbdab350c417feb272275bf4d9f57e63d,3db520afcc6cdb86246744fab1535786cf2c2a69,持卡人消费,九食堂商务网关,-3.0,89.38,3153,正常
2016/06/15 21:24:11,1c5a6c3bbdab350c417feb272275bf4d9f57e63d,3db520afcc6cdb86246744fab1535786cf2c2a69,持卡人消费,学子便利店B07,-1.5,87.88,3154,正常
2016/06/16 11:36:48,1c5a6c3bbdab350c417feb272275bf4d9f57e63d,3db520afcc6cdb86246744fab1535786cf2c2a69,持卡人消费,九食堂商务网关,-10.0,77.88,3155,正常
2016/06/16 11:38:40,1c5a6c3bbdab350c417feb272275bf4d9f57e63d,3db520afcc6cdb86246744fab1535786cf2c2a69,持卡人消费,九食堂商务网关,-2.5,75.38,3156,正常
2016/06/16 11:53:31,1c5a6c3bbdab350c417feb272275bf4d9f57e63d,3db520afcc6cdb86246744fab1535786cf2c2a69,持卡人消费,学子便利店B07,-2.7,72.68,3157,正常
2016/06/16 17:54:36,1c5a6c3bbdab350c417feb272275bf4d9f57e63d,3db520afcc6cdb86246744fab1535786cf2c2a69,持卡人消费,学子便利店B07,-3.0,69.68,3158,正常
2016/06/17 21:24:09,1c5a6c3bbdab350c417feb272275bf4d9f57e63d,3db520afcc6cdb86246744fab1535786cf2c2a69,持卡人消费,学子便利店B07,-8.3,61.38,3159,正常
2016/06/18 08:34:40,1c5a6c3bbdab350c417feb272275bf4d9f57e63d,3db520afcc6cdb86246744fab1535786cf2c2a69,持卡人消费,学子便利店B07,-4.1,57.28,3160,正常
2016/06/18 11:20:07,1c5a6c3bbdab350c417feb272275bf4d9f57e63d,3db520afcc6cdb86246744fab1535786cf2c2a69,持卡人消费,九食堂商务网关,-10.0,44.78,3162,正常
2016/06/18 11:21:47,1c5a6c3bbdab350c417feb272275bf4d9f57e63d,3db520afcc6cdb86246744fab1535786cf2c2a69,持卡人消费,九食堂商务网关,-2.5,42.28,3163,正常
2016/06/18 18:09:20,1c5a6c3bbdab350c417feb272275bf4d9f57e63d,3db520afcc6cdb86246744fab1535786cf2c2a69,持卡人消费,学子便利店B07,-4.5,37.78,3164,正常
2016/06/19 16:29:54,1c5a6c3bbdab350c417feb272275bf4d9f57e63d,3db520afcc6cdb86246744fab1535786cf2c2a69,持卡人消费,学子便利店B07,-2.5,35.28,3165,正常
2016/06/19 18:29:15,1c5a6c3bbdab350c417feb272275bf4d9f57e63d,3db520afcc6cdb86246744fab1535786cf2c2a69,持卡人消费,学子便利店B07,-3.5,31.78,3166,正常
2016/06/20 15:45:39,1c5a6c3bbdab350c417feb272275bf4d9f57e63d,3db520afcc6cdb86246744fab1535786cf2c2a69,持卡人消费,学子便利店B07,-2.0,29.78,3167,正常
2016/06/20 17:49:56,1c5a6c3bbdab350c417feb272275bf4d9f57e63d,3db520afcc6cdb86246744fab1535786cf2c2a69,持卡人消费,学子便利店B07,-4.6,25.18,3168,正常
2016/06/20 20:57:10,1c5a6c3bbdab350c417feb272275bf4d9f57e63d,3db520afcc6cdb86246744fab1535786cf2c2a69,持卡人消费,学子便利店B07,-1.8,23.38,3169,正常
2016/06/21 11:08:34,1c5a6c3bbdab350c417feb272275bf4d9f57e63d,3db520afcc6cdb86246744fab1535786cf2c2a69,持卡人消费,九食堂商务网关,-10.0,13.38,3170,正常
2016/06/21 11:24:25,1c5a6c3bbdab350c417feb272275bf4d9f57e63d,3db520afcc6cdb86246744fab1535786cf2c2a69,持卡人消费,学子便利店B07,-2.0,11.38,3171,正常
2016/06/21 18:04:42,1c5a6c3bbdab350c417feb272275bf4d9f57e63d,3db520afcc6cdb86246744fab1535786cf2c2a69,持卡人消费,学子便利店B07,-4.2,7.18,3172,正常
2016/06/22 13:42:01,1c5a6c3bbdab350c417feb272275bf4d9f57e63d,3db520afcc6cdb86246744fab1535786cf2c2a69,持卡人消费,学子便利店B07,-2.0,5.18,3173,正常
2016/06/22 18:44:04,1c5a6c3bbdab350c417feb272275bf4d9f57e63d,3db520afcc6cdb86246744fab1535786cf2c2a69,持卡人消费,学子便利店B07,-2.0,3.18,3174,正常
2016/06/23 11:30:55,1c5a6c3bbdab350c417feb272275bf4d9f57e63d,3db520afcc6cdb86246744fab1535786cf2c2a69,存款,2区卡中心综合业务,300.0,303.18,3175,正常
2016/06/23 11:33:46,1c5a6c3bbdab350c417feb272275bf4d9f57e63d,3db520afcc6cdb86246744fab1535786cf2c2a69,持卡人消费,九食堂商务网关,-10.0,293.18,3176,正常
2016/06/23 11:35:11,1c5a6c3bbdab350c417feb272275bf4d9f57e63d,3db520afcc6cdb86246744fab1535786cf2c2a69,持卡人消费,九食堂商务网关,-4.0,289.18,3177,正常
2016/06/24 11:52:40,1c5a6c3bbdab350c417feb272275bf4d9f57e63d,3db520afcc6cdb86246744fab1535786cf2c2a69,持卡人消费,九食堂商务网关,-10.0,279.18,3178,正常
2016/06/24 11:54:15,1c5a6c3bbdab350c417feb272275bf4d9f57e63d,3db520afcc6cdb86246744fab1535786cf2c2a69,持卡人消费,九食堂商务网关,-2.5,276.68,3179,正常
2016/06/25 17:38:08,1c5a6c3bbdab350c417feb272275bf4d9f57e63d,3db520afcc6cdb86246744fab1535786cf2c2a69,持卡人消费,九食堂商务网关,-9.0,267.68,3180,正常
2016/06/25 20:46:32,1c5a6c3bbdab350c417feb272275bf4d9f57e63d,3db520afcc6cdb86246744fab1535786cf2c2a69,持卡人消费,学子便利店B07,-4.6,263.08,3181,正常
2016/06/25 20:47:42,1c5a6c3bbdab350c417feb272275bf4d9f57e63d,3db520afcc6cdb86246744fab1535786cf2c2a69,持卡人消费,学子便利店B07,-2.0,261.08,3182,正常
2016/06/25 20:58:53,1c5a6c3bbdab350c417feb272275bf4d9f57e63d,3db520afcc6cdb86246744fab1535786cf2c2a69,持卡人消费,学子便利店B07,-0.8,260.28,3183,正常
2016/06/26 12:35:29,1c5a6c3bbdab350c417feb272275bf4d9f57e63d,3db520afcc6cdb86246744fab1535786cf2c2a69,持卡人消费,四食堂商务网关,-9.6,250.68,3184,正常
2016/06/26 12:36:18,1c5a6c3bbdab350c417feb272275bf4d9f57e63d,3db520afcc6cdb86246744fab1535786cf2c2a69,持卡人消费,四食堂商务网关,-8.0,242.68,3185,正常
2016/06/26 12:37:11,1c5a6c3bbdab350c417feb272275bf4d9f57e63d,3db520afcc6cdb86246744fab1535786cf2c2a69,持卡人消费,四食堂商务网关,-2.0,240.68,3186,正常
2016/06/26 12:38:41,1c5a6c3bbdab350c417feb272275bf4d9f57e63d,3db520afcc6cdb86246744fab1535786cf2c2a69,持卡人消费,四食堂商务网关,-1.5,239.18,3187,正常
2016/06/26 18:27:07,1c5a6c3bbdab350c417feb272275bf4d9f57e63d,3db520afcc6cdb86246744fab1535786cf2c2a69,持卡人消费,学子便利店B07,-2.0,237.18,3188,正常
2016/06/26 20:39:47,1c5a6c3bbdab350c417feb272275bf4d9f57e63d,3db520afcc6cdb86246744fab1535786cf2c2a69,持卡人消费,学子便利店B07,-10.4,226.78,3189,正常
2016/06/27 21:34:21,1c5a6c3bbdab350c417feb272275bf4d9f57e63d,3db520afcc6cdb86246744fab1535786cf2c2a69,持卡人消费,学子便利店B07,-7.5,219.28,3190,正常
2016/06/28 12:56:56,1c5a6c3bbdab350c417feb272275bf4d9f57e63d,3db520afcc6cdb86246744fab1535786cf2c2a69,持卡人消费,学子便利店B07,-9.1,210.18,3191,正常
2016/06/28 19:41:55,1c5a6c3bbdab350c417feb272275bf4d9f57e63d,3db520afcc6cdb86246744fab1535786cf2c2a69,持卡人消费,学子便利店B07,-4.6,205.58,3192,正常
2016/06/28 20:52:50,1c5a6c3bbdab350c417feb272275bf4d9f57e63d,3db520afcc6cdb86246744fab1535786cf2c2a69,持卡人消费,二区水控,-3.0,202.58,3193,正常
2016/06/28 20:53:12,1c5a6c3bbdab350c417feb272275bf4d9f57e63d,3db520afcc6cdb86246744fab1535786cf2c2a69,持卡人消费,二区水控,-0.06,202.52,3195,正常
2016/06/29 16:53:46,1c5a6c3bbdab350c417feb272275bf4d9f57e63d,3db520afcc6cdb86246744fab1535786cf2c2a69,持卡人消费,学子便利店B07,-3.9,198.62,3196,正常
2016/06/29 18:45:12,1c5a6c3bbdab350c417feb272275bf4d9f57e63d,3db520afcc6cdb86246744fab1535786cf2c2a69,持卡人消费,网络中心,-30.0,168.62,3197,正常
2016/06/29 21:33:17,1c5a6c3bbdab350c417feb272275bf4d9f57e63d,3db520afcc6cdb86246744fab1535786cf2c2a69,持卡人消费,学子便利店B07,-6.5,162.12,3198,正常
2016/06/30 15:13:10,1c5a6c3bbdab350c417feb272275bf4d9f57e63d,3db520afcc6cdb86246744fab1535786cf2c2a69,持卡人消费,学子便利店B07,-4.2,157.92,3199,正常
2016/06/30 15:13:13,1c5a6c3bbdab350c417feb272275bf4d9f57e63d,3db520afcc6cdb86246744fab1535786cf2c2a69,持卡人消费,学子便利店B07,-1.0,156.92,3200,正常
