交易发生时间,学号,姓名,交易类型,子系统名称,交易额,现有余额,次数,状态
2016/06/02 19:00:51,2e711f4d344dbbe7586049b0a8adeb49bb9ca88e,3e18d24f8feb4194ddcd3bdbb462d30b64cd51d4,持卡人消费,一校区水控新,-0.66,34.10,4419,正常
2016/06/02 19:08:09,2e711f4d344dbbe7586049b0a8adeb49bb9ca88e,3e18d24f8feb4194ddcd3bdbb462d30b64cd51d4,持卡人消费,一校区水控新,-1.09,33.01,4421,正常
2016/06/04 11:02:09,2e711f4d344dbbe7586049b0a8adeb49bb9ca88e,3e18d24f8feb4194ddcd3bdbb462d30b64cd51d4,存款,现金充值机,200.0,233.01,4422,正常
2016/06/04 11:24:53,2e711f4d344dbbe7586049b0a8adeb49bb9ca88e,3e18d24f8feb4194ddcd3bdbb462d30b64cd51d4,持卡人消费,学子楼商务网关,-10.2,222.81,4423,正常
2016/06/04 11:44:12,2e711f4d344dbbe7586049b0a8adeb49bb9ca88e,3e18d24f8feb4194ddcd3bdbb462d30b64cd51d4,持卡人消费,超市商务子系统,-7.0,215.81,4424,正常
2016/06/04 14:17:39,2e711f4d344dbbe7586049b0a8adeb49bb9ca88e,3e18d24f8feb4194ddcd3bdbb462d30b64cd51d4,持卡人消费,超市商务子系统,-3.9,211.91,4425,正常
2016/06/05 19:29:02,2e711f4d344dbbe7586049b0a8adeb49bb9ca88e,3e18d24f8feb4194ddcd3bdbb462d30b64cd51d4,持卡人消费,硕果园（工大商店）,-10.0,201.91,4426,正常
2016/06/06 10:07:53,2e711f4d344dbbe7586049b0a8adeb49bb9ca88e,3e18d24f8feb4194ddcd3bdbb462d30b64cd51d4,持卡人消费,超市商务子系统,-7.0,194.91,4427,正常
2016/06/06 10:15:54,2e711f4d344dbbe7586049b0a8adeb49bb9ca88e,3e18d24f8feb4194ddcd3bdbb462d30b64cd51d4,持卡人消费,硕果园（工大商店）,-12.0,182.91,4428,正常
2016/06/07 12:10:30,2e711f4d344dbbe7586049b0a8adeb49bb9ca88e,3e18d24f8feb4194ddcd3bdbb462d30b64cd51d4,持卡人消费,硕果园（工大商店）,-14.0,168.91,4429,正常
2016/06/07 12:43:24,2e711f4d344dbbe7586049b0a8adeb49bb9ca88e,3e18d24f8feb4194ddcd3bdbb462d30b64cd51d4,持卡人消费,超市商务子系统,-11.0,157.91,4430,正常
2016/06/07 16:47:19,2e711f4d344dbbe7586049b0a8adeb49bb9ca88e,3e18d24f8feb4194ddcd3bdbb462d30b64cd51d4,持卡人消费,九食堂商务网关,-12.0,145.91,4431,正常
2016/06/11 16:47:20,2e711f4d344dbbe7586049b0a8adeb49bb9ca88e,3e18d24f8feb4194ddcd3bdbb462d30b64cd51d4,持卡人消费,一校区水控新,-0.99,144.92,4433,正常
2016/06/11 16:58:30,2e711f4d344dbbe7586049b0a8adeb49bb9ca88e,3e18d24f8feb4194ddcd3bdbb462d30b64cd51d4,持卡人消费,一校区水控新,-1.66,143.26,4435,正常
2016/06/12 11:15:23,2e711f4d344dbbe7586049b0a8adeb49bb9ca88e,3e18d24f8feb4194ddcd3bdbb462d30b64cd51d4,持卡人消费,A1,-2.3,140.96,4436,正常
2016/06/12 11:27:08,2e711f4d344dbbe7586049b0a8adeb49bb9ca88e,3e18d24f8feb4194ddcd3bdbb462d30b64cd51d4,持卡人消费,学苑楼商务网关,-8.8,132.16,4437,正常
2016/06/12 11:27:29,2e711f4d344dbbe7586049b0a8adeb49bb9ca88e,3e18d24f8feb4194ddcd3bdbb462d30b64cd51d4,持卡人消费,学苑楼商务网关,-8.0,124.16,4438,正常
2016/06/12 11:40:09,2e711f4d344dbbe7586049b0a8adeb49bb9ca88e,3e18d24f8feb4194ddcd3bdbb462d30b64cd51d4,持卡人消费,超市商务子系统,-7.0,117.16,4439,正常
2016/06/13 10:18:12,2e711f4d344dbbe7586049b0a8adeb49bb9ca88e,3e18d24f8feb4194ddcd3bdbb462d30b64cd51d4,持卡人消费,A1,-2.3,114.86,4440,正常
2016/06/13 15:33:06,2e711f4d344dbbe7586049b0a8adeb49bb9ca88e,3e18d24f8feb4194ddcd3bdbb462d30b64cd51d4,持卡人消费,一校区水控新,-0.27,114.59,4442,正常
2016/06/13 15:40:04,2e711f4d344dbbe7586049b0a8adeb49bb9ca88e,3e18d24f8feb4194ddcd3bdbb462d30b64cd51d4,持卡人消费,一校区水控新,-1.09,113.50,4444,正常
2016/06/14 13:09:20,2e711f4d344dbbe7586049b0a8adeb49bb9ca88e,3e18d24f8feb4194ddcd3bdbb462d30b64cd51d4,持卡人消费,硕果园（工大商店）,-12.0,101.50,4445,正常
2016/06/14 13:15:18,2e711f4d344dbbe7586049b0a8adeb49bb9ca88e,3e18d24f8feb4194ddcd3bdbb462d30b64cd51d4,持卡人消费,硕果园（工大商店）,-7.0,94.50,4446,正常
2016/06/14 13:31:13,2e711f4d344dbbe7586049b0a8adeb49bb9ca88e,3e18d24f8feb4194ddcd3bdbb462d30b64cd51d4,持卡人消费,超市商务子系统,-3.8,90.70,4447,正常
2016/06/14 19:36:56,2e711f4d344dbbe7586049b0a8adeb49bb9ca88e,3e18d24f8feb4194ddcd3bdbb462d30b64cd51d4,持卡人消费,硕果园（工大商店）,-12.0,78.70,4448,正常
2016/06/19 11:14:34,2e711f4d344dbbe7586049b0a8adeb49bb9ca88e,3e18d24f8feb4194ddcd3bdbb462d30b64cd51d4,持卡人消费,学苑楼商务网关,-2.0,76.70,4449,正常
2016/06/19 11:15:28,2e711f4d344dbbe7586049b0a8adeb49bb9ca88e,3e18d24f8feb4194ddcd3bdbb462d30b64cd51d4,持卡人消费,学苑楼商务网关,-8.0,68.70,4450,正常
2016/06/19 11:34:36,2e711f4d344dbbe7586049b0a8adeb49bb9ca88e,3e18d24f8feb4194ddcd3bdbb462d30b64cd51d4,持卡人消费,超市商务子系统,-9.9,58.80,4451,正常
2016/06/20 19:17:12,2e711f4d344dbbe7586049b0a8adeb49bb9ca88e,3e18d24f8feb4194ddcd3bdbb462d30b64cd51d4,持卡人消费,一校区水控新,-0.33,58.47,4452,正常
2016/06/20 19:26:20,2e711f4d344dbbe7586049b0a8adeb49bb9ca88e,3e18d24f8feb4194ddcd3bdbb462d30b64cd51d4,持卡人消费,一校区水控新,-1.23,57.24,4453,正常
2016/06/26 12:53:06,2e711f4d344dbbe7586049b0a8adeb49bb9ca88e,3e18d24f8feb4194ddcd3bdbb462d30b64cd51d4,持卡人消费,硕果园（工大商店）,-12.0,45.24,4454,正常
2016/06/27 11:30:35,2e711f4d344dbbe7586049b0a8adeb49bb9ca88e,3e18d24f8feb4194ddcd3bdbb462d30b64cd51d4,持卡人消费,学苑楼商务网关,-8.0,37.24,4455,正常
2016/06/27 11:52:42,2e711f4d344dbbe7586049b0a8adeb49bb9ca88e,3e18d24f8feb4194ddcd3bdbb462d30b64cd51d4,持卡人消费,超市商务子系统,-7.0,30.24,4456,正常
2016/06/27 19:33:42,2e711f4d344dbbe7586049b0a8adeb49bb9ca88e,3e18d24f8feb4194ddcd3bdbb462d30b64cd51d4,持卡人消费,一校区水控新,-2.0,26.24,4458,正常
2016/06/27 19:26:05,2e711f4d344dbbe7586049b0a8adeb49bb9ca88e,3e18d24f8feb4194ddcd3bdbb462d30b64cd51d4,持卡人消费,一校区水控新,-0.59,27.65,4459,正常
2016/06/27 19:34:58,2e711f4d344dbbe7586049b0a8adeb49bb9ca88e,3e18d24f8feb4194ddcd3bdbb462d30b64cd51d4,持卡人消费,一校区水控新,-1.15,26.50,4461,正常
2016/06/29 11:34:51,2e711f4d344dbbe7586049b0a8adeb49bb9ca88e,3e18d24f8feb4194ddcd3bdbb462d30b64cd51d4,持卡人消费,学士楼商务网关,-4.3,22.20,4462,正常
2016/06/29 11:37:12,2e711f4d344dbbe7586049b0a8adeb49bb9ca88e,3e18d24f8feb4194ddcd3bdbb462d30b64cd51d4,持卡人消费,学士楼商务网关,-4.14,18.06,4463,正常
