交易发生时间,学号,姓名,交易类型,子系统名称,交易额,现有余额,次数,状态
2016/06/01 07:36:45,d1b97e46189d36ea765834c11d8b24d097f464ab,3f42d2a948f7f8dd5235fe0cd22d4583c27884bf,持卡人消费,学苑楼商务网关,-2.3,35.81,5482,正常
2016/06/01 11:36:11,d1b97e46189d36ea765834c11d8b24d097f464ab,3f42d2a948f7f8dd5235fe0cd22d4583c27884bf,持卡人消费,学苑楼商务网关,-8.0,27.81,5483,正常
2016/06/01 11:45:49,d1b97e46189d36ea765834c11d8b24d097f464ab,3f42d2a948f7f8dd5235fe0cd22d4583c27884bf,持卡人消费,学苑楼商务网关,-3.7,24.11,5484,正常
2016/06/01 15:21:36,d1b97e46189d36ea765834c11d8b24d097f464ab,3f42d2a948f7f8dd5235fe0cd22d4583c27884bf,持卡人消费,超市商务子系统,-9.2,14.91,5485,正常
2016/06/01 17:28:14,d1b97e46189d36ea765834c11d8b24d097f464ab,3f42d2a948f7f8dd5235fe0cd22d4583c27884bf,持卡人消费,一校区水控新,-1.25,13.66,5487,正常
2016/06/01 17:38:44,d1b97e46189d36ea765834c11d8b24d097f464ab,3f42d2a948f7f8dd5235fe0cd22d4583c27884bf,持卡人消费,学士楼商务网关,-4.6,9.06,5488,正常
2016/06/01 17:46:46,d1b97e46189d36ea765834c11d8b24d097f464ab,3f42d2a948f7f8dd5235fe0cd22d4583c27884bf,持卡人消费,学士楼商务网关,-2.6,6.46,5489,正常
2016/06/02 07:28:51,d1b97e46189d36ea765834c11d8b24d097f464ab,3f42d2a948f7f8dd5235fe0cd22d4583c27884bf,持卡人消费,学士楼商务网关,-2.3,4.16,5490,正常
2016/06/02 20:33:50,d1b97e46189d36ea765834c11d8b24d097f464ab,3f42d2a948f7f8dd5235fe0cd22d4583c27884bf,持卡人消费,一校区水控新,-1.65,2.51,5492,正常
2016/06/03 17:46:37,d1b97e46189d36ea765834c11d8b24d097f464ab,3f42d2a948f7f8dd5235fe0cd22d4583c27884bf,存款,卡中心综合业务,100.0,102.51,5493,正常
2016/06/03 17:48:17,d1b97e46189d36ea765834c11d8b24d097f464ab,3f42d2a948f7f8dd5235fe0cd22d4583c27884bf,持卡人消费,学苑楼商务网关,-2.9,99.61,5494,正常
2016/06/03 17:49:35,d1b97e46189d36ea765834c11d8b24d097f464ab,3f42d2a948f7f8dd5235fe0cd22d4583c27884bf,持卡人消费,学苑楼商务网关,-4.1,95.51,5495,正常
2016/06/03 17:58:49,d1b97e46189d36ea765834c11d8b24d097f464ab,3f42d2a948f7f8dd5235fe0cd22d4583c27884bf,持卡人消费,学苑楼商务网关,-12.6,82.91,5496,正常
2016/06/04 17:27:58,d1b97e46189d36ea765834c11d8b24d097f464ab,3f42d2a948f7f8dd5235fe0cd22d4583c27884bf,持卡人消费,硕果园（工大商店）,-10.0,72.91,5497,正常
2016/06/04 19:56:27,d1b97e46189d36ea765834c11d8b24d097f464ab,3f42d2a948f7f8dd5235fe0cd22d4583c27884bf,持卡人消费,一校区水控新,-1.71,71.20,5498,正常
2016/06/05 11:29:32,d1b97e46189d36ea765834c11d8b24d097f464ab,3f42d2a948f7f8dd5235fe0cd22d4583c27884bf,持卡人消费,学苑楼商务网关,-6.0,65.20,5499,正常
2016/06/05 11:29:50,d1b97e46189d36ea765834c11d8b24d097f464ab,3f42d2a948f7f8dd5235fe0cd22d4583c27884bf,持卡人消费,学苑楼商务网关,-0.6,64.60,5500,正常
2016/06/05 11:31:37,d1b97e46189d36ea765834c11d8b24d097f464ab,3f42d2a948f7f8dd5235fe0cd22d4583c27884bf,持卡人消费,学苑楼商务网关,-1.5,63.10,5501,正常
2016/06/05 17:28:15,d1b97e46189d36ea765834c11d8b24d097f464ab,3f42d2a948f7f8dd5235fe0cd22d4583c27884bf,持卡人消费,学苑楼商务网关,-6.0,57.10,5502,正常
2016/06/05 17:28:34,d1b97e46189d36ea765834c11d8b24d097f464ab,3f42d2a948f7f8dd5235fe0cd22d4583c27884bf,持卡人消费,学苑楼商务网关,-0.6,56.50,5503,正常
2016/06/05 19:57:33,d1b97e46189d36ea765834c11d8b24d097f464ab,3f42d2a948f7f8dd5235fe0cd22d4583c27884bf,持卡人消费,一校区水控新,-1.12,55.38,5505,正常
2016/06/06 07:45:44,d1b97e46189d36ea765834c11d8b24d097f464ab,3f42d2a948f7f8dd5235fe0cd22d4583c27884bf,持卡人消费,学士楼商务网关,-3.1,52.28,5506,正常
2016/06/06 11:36:36,d1b97e46189d36ea765834c11d8b24d097f464ab,3f42d2a948f7f8dd5235fe0cd22d4583c27884bf,持卡人消费,学苑楼商务网关,-8.0,44.28,5507,正常
2016/06/06 20:40:10,d1b97e46189d36ea765834c11d8b24d097f464ab,3f42d2a948f7f8dd5235fe0cd22d4583c27884bf,持卡人消费,一校区水控新,-1.2,43.08,5508,正常
2016/06/07 11:15:52,d1b97e46189d36ea765834c11d8b24d097f464ab,3f42d2a948f7f8dd5235fe0cd22d4583c27884bf,持卡人消费,学士楼商务网关,-3.9,39.18,5509,正常
2016/06/08 07:35:56,d1b97e46189d36ea765834c11d8b24d097f464ab,3f42d2a948f7f8dd5235fe0cd22d4583c27884bf,持卡人消费,学士楼商务网关,-2.3,36.88,5510,正常
2016/06/08 11:33:06,d1b97e46189d36ea765834c11d8b24d097f464ab,3f42d2a948f7f8dd5235fe0cd22d4583c27884bf,持卡人消费,一区图书馆APOS,-0.35,36.53,5511,正常
2016/06/08 11:36:47,d1b97e46189d36ea765834c11d8b24d097f464ab,3f42d2a948f7f8dd5235fe0cd22d4583c27884bf,持卡人消费,学苑楼商务网关,-8.0,28.53,5512,正常
2016/06/08 17:22:31,d1b97e46189d36ea765834c11d8b24d097f464ab,3f42d2a948f7f8dd5235fe0cd22d4583c27884bf,持卡人消费,学苑楼商务网关,-6.0,22.53,5513,正常
2016/06/08 19:43:49,d1b97e46189d36ea765834c11d8b24d097f464ab,3f42d2a948f7f8dd5235fe0cd22d4583c27884bf,持卡人消费,一校区水控新,-1.31,21.22,5515,正常
2016/06/09 08:36:58,d1b97e46189d36ea765834c11d8b24d097f464ab,3f42d2a948f7f8dd5235fe0cd22d4583c27884bf,持卡人消费,学士楼商务网关,-3.7,17.52,5516,正常
2016/06/09 11:28:34,d1b97e46189d36ea765834c11d8b24d097f464ab,3f42d2a948f7f8dd5235fe0cd22d4583c27884bf,持卡人消费,学士楼商务网关,-7.7,9.82,5517,正常
2016/06/09 05:10:19,d1b97e46189d36ea765834c11d8b24d097f464ab,3f42d2a948f7f8dd5235fe0cd22d4583c27884bf,持卡人消费,学士楼商务网关,-7.6,2.22,5518,正常
2016/06/10 09:00:24,d1b97e46189d36ea765834c11d8b24d097f464ab,3f42d2a948f7f8dd5235fe0cd22d4583c27884bf,持卡人消费,学士楼商务网关,-2.2,0.02,5519,正常
2016/06/11 11:23:12,d1b97e46189d36ea765834c11d8b24d097f464ab,3f42d2a948f7f8dd5235fe0cd22d4583c27884bf,存款,现金充值机,100.0,100.02,5520,正常
2016/06/11 11:46:13,d1b97e46189d36ea765834c11d8b24d097f464ab,3f42d2a948f7f8dd5235fe0cd22d4583c27884bf,持卡人消费,学苑楼商务网关,-6.0,94.02,5521,正常
2016/06/11 17:25:59,d1b97e46189d36ea765834c11d8b24d097f464ab,3f42d2a948f7f8dd5235fe0cd22d4583c27884bf,持卡人消费,学士楼商务网关,-5.0,89.02,5522,正常
2016/06/12 11:36:15,d1b97e46189d36ea765834c11d8b24d097f464ab,3f42d2a948f7f8dd5235fe0cd22d4583c27884bf,持卡人消费,学士楼商务网关,-5.6,83.42,5523,正常
2016/06/12 17:27:28,d1b97e46189d36ea765834c11d8b24d097f464ab,3f42d2a948f7f8dd5235fe0cd22d4583c27884bf,持卡人消费,学士楼商务网关,-1.95,81.47,5524,正常
2016/06/12 17:29:24,d1b97e46189d36ea765834c11d8b24d097f464ab,3f42d2a948f7f8dd5235fe0cd22d4583c27884bf,持卡人消费,学士楼商务网关,-8.1,73.37,5525,正常
2016/06/12 19:34:56,d1b97e46189d36ea765834c11d8b24d097f464ab,3f42d2a948f7f8dd5235fe0cd22d4583c27884bf,持卡人消费,一校区水控新,-1.34,72.03,5526,正常
2016/06/13 07:43:42,d1b97e46189d36ea765834c11d8b24d097f464ab,3f42d2a948f7f8dd5235fe0cd22d4583c27884bf,持卡人消费,学士楼商务网关,-3.1,68.93,5527,正常
2016/06/13 11:38:07,d1b97e46189d36ea765834c11d8b24d097f464ab,3f42d2a948f7f8dd5235fe0cd22d4583c27884bf,持卡人消费,学苑楼商务网关,-7.0,61.93,5528,正常
2016/06/13 20:23:34,d1b97e46189d36ea765834c11d8b24d097f464ab,3f42d2a948f7f8dd5235fe0cd22d4583c27884bf,持卡人消费,学士楼商务网关,-3.6,58.33,5529,正常
2016/06/13 20:34:02,d1b97e46189d36ea765834c11d8b24d097f464ab,3f42d2a948f7f8dd5235fe0cd22d4583c27884bf,持卡人消费,超市商务子系统,-5.2,53.13,5530,正常
2016/06/13 20:35:16,d1b97e46189d36ea765834c11d8b24d097f464ab,3f42d2a948f7f8dd5235fe0cd22d4583c27884bf,持卡人消费,超市商务子系统,-2.0,51.13,5531,正常
2016/06/14 11:09:40,d1b97e46189d36ea765834c11d8b24d097f464ab,3f42d2a948f7f8dd5235fe0cd22d4583c27884bf,持卡人消费,学苑楼商务网关,-6.0,45.13,5532,正常
2016/06/14 11:10:06,d1b97e46189d36ea765834c11d8b24d097f464ab,3f42d2a948f7f8dd5235fe0cd22d4583c27884bf,持卡人消费,学苑楼商务网关,-0.6,44.53,5533,正常
2016/06/14 11:11:40,d1b97e46189d36ea765834c11d8b24d097f464ab,3f42d2a948f7f8dd5235fe0cd22d4583c27884bf,持卡人消费,学苑楼商务网关,-4.1,40.43,5534,正常
2016/06/14 17:44:44,d1b97e46189d36ea765834c11d8b24d097f464ab,3f42d2a948f7f8dd5235fe0cd22d4583c27884bf,持卡人消费,学士楼商务网关,-5.6,34.83,5535,正常
2016/06/14 20:27:09,d1b97e46189d36ea765834c11d8b24d097f464ab,3f42d2a948f7f8dd5235fe0cd22d4583c27884bf,持卡人消费,一校区水控新,-1.26,33.57,5536,正常
2016/06/15 11:34:47,d1b97e46189d36ea765834c11d8b24d097f464ab,3f42d2a948f7f8dd5235fe0cd22d4583c27884bf,持卡人消费,一区图书馆BPOS,-0.7,32.87,5537,正常
2016/06/15 11:38:20,d1b97e46189d36ea765834c11d8b24d097f464ab,3f42d2a948f7f8dd5235fe0cd22d4583c27884bf,持卡人消费,学苑楼商务网关,-8.0,24.87,5538,正常
2016/06/15 17:54:55,d1b97e46189d36ea765834c11d8b24d097f464ab,3f42d2a948f7f8dd5235fe0cd22d4583c27884bf,持卡人消费,学士楼商务网关,-3.6,21.27,5539,正常
2016/06/16 08:59:41,d1b97e46189d36ea765834c11d8b24d097f464ab,3f42d2a948f7f8dd5235fe0cd22d4583c27884bf,持卡人消费,学士楼商务网关,-3.0,18.27,5540,正常
2016/06/16 11:18:31,d1b97e46189d36ea765834c11d8b24d097f464ab,3f42d2a948f7f8dd5235fe0cd22d4583c27884bf,存款,学苑楼综合业务2,100.0,118.27,5541,正常
2016/06/16 11:22:56,d1b97e46189d36ea765834c11d8b24d097f464ab,3f42d2a948f7f8dd5235fe0cd22d4583c27884bf,持卡人消费,学苑楼商务网关,-7.0,111.27,5542,正常
2016/06/16 11:29:54,d1b97e46189d36ea765834c11d8b24d097f464ab,3f42d2a948f7f8dd5235fe0cd22d4583c27884bf,持卡人消费,学苑楼商务网关,-3.0,108.27,5543,正常
2016/06/16 17:14:31,d1b97e46189d36ea765834c11d8b24d097f464ab,3f42d2a948f7f8dd5235fe0cd22d4583c27884bf,持卡人消费,学苑楼商务网关,-7.0,101.27,5544,正常
2016/06/16 19:51:51,d1b97e46189d36ea765834c11d8b24d097f464ab,3f42d2a948f7f8dd5235fe0cd22d4583c27884bf,持卡人消费,一校区水控新,-1.18,100.09,5546,正常
2016/06/17 07:43:08,d1b97e46189d36ea765834c11d8b24d097f464ab,3f42d2a948f7f8dd5235fe0cd22d4583c27884bf,持卡人消费,学士楼商务网关,-2.4,97.69,5547,正常
2016/06/17 11:04:47,d1b97e46189d36ea765834c11d8b24d097f464ab,3f42d2a948f7f8dd5235fe0cd22d4583c27884bf,持卡人消费,学苑楼商务网关,-8.0,89.69,5548,正常
2016/06/17 17:31:01,d1b97e46189d36ea765834c11d8b24d097f464ab,3f42d2a948f7f8dd5235fe0cd22d4583c27884bf,持卡人消费,学苑楼商务网关,-6.0,83.69,5549,正常
2016/06/17 20:23:19,d1b97e46189d36ea765834c11d8b24d097f464ab,3f42d2a948f7f8dd5235fe0cd22d4583c27884bf,持卡人消费,一校区水控新,-1.22,82.47,5551,正常
2016/06/18 11:22:06,d1b97e46189d36ea765834c11d8b24d097f464ab,3f42d2a948f7f8dd5235fe0cd22d4583c27884bf,持卡人消费,学苑楼商务网关,-6.0,76.47,5552,正常
2016/06/18 11:22:34,d1b97e46189d36ea765834c11d8b24d097f464ab,3f42d2a948f7f8dd5235fe0cd22d4583c27884bf,持卡人消费,学苑楼商务网关,-0.6,75.87,5553,正常
2016/06/18 11:34:42,d1b97e46189d36ea765834c11d8b24d097f464ab,3f42d2a948f7f8dd5235fe0cd22d4583c27884bf,持卡人消费,学苑楼商务网关,-10.0,65.87,5554,正常
2016/06/19 08:41:49,d1b97e46189d36ea765834c11d8b24d097f464ab,3f42d2a948f7f8dd5235fe0cd22d4583c27884bf,持卡人消费,学士楼商务网关,-2.8,63.07,5555,正常
2016/06/19 11:00:50,d1b97e46189d36ea765834c11d8b24d097f464ab,3f42d2a948f7f8dd5235fe0cd22d4583c27884bf,持卡人消费,学苑楼商务网关,-6.0,57.07,5556,正常
2016/06/19 11:01:10,d1b97e46189d36ea765834c11d8b24d097f464ab,3f42d2a948f7f8dd5235fe0cd22d4583c27884bf,持卡人消费,学苑楼商务网关,-0.6,56.47,5557,正常
2016/06/19 11:24:37,d1b97e46189d36ea765834c11d8b24d097f464ab,3f42d2a948f7f8dd5235fe0cd22d4583c27884bf,持卡人消费,超市商务子系统,-1.5,54.97,5558,正常
2016/06/19 17:16:16,d1b97e46189d36ea765834c11d8b24d097f464ab,3f42d2a948f7f8dd5235fe0cd22d4583c27884bf,持卡人消费,学苑楼商务网关,-8.0,46.97,5559,正常
2016/06/19 20:57:59,d1b97e46189d36ea765834c11d8b24d097f464ab,3f42d2a948f7f8dd5235fe0cd22d4583c27884bf,持卡人消费,一校区水控新,-1.23,45.74,5560,正常
2016/06/20 07:39:07,d1b97e46189d36ea765834c11d8b24d097f464ab,3f42d2a948f7f8dd5235fe0cd22d4583c27884bf,持卡人消费,学士楼商务网关,-3.6,42.14,5561,正常
2016/06/20 11:37:12,d1b97e46189d36ea765834c11d8b24d097f464ab,3f42d2a948f7f8dd5235fe0cd22d4583c27884bf,持卡人消费,学苑楼商务网关,-8.0,34.14,5562,正常
2016/06/20 20:25:47,d1b97e46189d36ea765834c11d8b24d097f464ab,3f42d2a948f7f8dd5235fe0cd22d4583c27884bf,持卡人消费,学士楼商务网关,-3.1,31.04,5563,正常
2016/06/21 09:00:21,d1b97e46189d36ea765834c11d8b24d097f464ab,3f42d2a948f7f8dd5235fe0cd22d4583c27884bf,持卡人消费,超市商务子系统,-7.2,23.84,5564,正常
2016/06/21 09:01:17,d1b97e46189d36ea765834c11d8b24d097f464ab,3f42d2a948f7f8dd5235fe0cd22d4583c27884bf,持卡人消费,超市商务子系统,-2.0,21.84,5565,正常
2016/06/21 11:32:41,d1b97e46189d36ea765834c11d8b24d097f464ab,3f42d2a948f7f8dd5235fe0cd22d4583c27884bf,持卡人消费,学士楼商务网关,-6.0,15.84,5566,正常
2016/06/21 17:06:39,d1b97e46189d36ea765834c11d8b24d097f464ab,3f42d2a948f7f8dd5235fe0cd22d4583c27884bf,持卡人消费,学士楼商务网关,-8.0,7.84,5567,正常
2016/06/21 20:14:20,d1b97e46189d36ea765834c11d8b24d097f464ab,3f42d2a948f7f8dd5235fe0cd22d4583c27884bf,持卡人消费,一校区水控新,-1.36,6.48,5569,正常
2016/06/21 20:27:27,d1b97e46189d36ea765834c11d8b24d097f464ab,3f42d2a948f7f8dd5235fe0cd22d4583c27884bf,持卡人消费,超市商务子系统,-2.0,4.48,5570,正常
2016/06/22 07:40:41,d1b97e46189d36ea765834c11d8b24d097f464ab,3f42d2a948f7f8dd5235fe0cd22d4583c27884bf,持卡人消费,学士楼商务网关,-2.4,2.08,5571,正常
2016/06/22 11:38:49,d1b97e46189d36ea765834c11d8b24d097f464ab,3f42d2a948f7f8dd5235fe0cd22d4583c27884bf,存款,学苑楼综合业务2,100.0,102.08,5572,正常
2016/06/22 11:40:04,d1b97e46189d36ea765834c11d8b24d097f464ab,3f42d2a948f7f8dd5235fe0cd22d4583c27884bf,持卡人消费,学苑楼商务网关,-7.0,95.08,5573,正常
2016/06/22 18:03:37,d1b97e46189d36ea765834c11d8b24d097f464ab,3f42d2a948f7f8dd5235fe0cd22d4583c27884bf,持卡人消费,学士楼商务网关,-3.6,91.48,5574,正常
2016/06/22 18:08:51,d1b97e46189d36ea765834c11d8b24d097f464ab,3f42d2a948f7f8dd5235fe0cd22d4583c27884bf,持卡人消费,学士楼商务网关,-3.0,88.48,5575,正常
2016/06/22 21:22:33,d1b97e46189d36ea765834c11d8b24d097f464ab,3f42d2a948f7f8dd5235fe0cd22d4583c27884bf,持卡人消费,超市商务子系统,-2.0,86.48,5576,正常
2016/06/23 08:10:44,d1b97e46189d36ea765834c11d8b24d097f464ab,3f42d2a948f7f8dd5235fe0cd22d4583c27884bf,持卡人消费,超市商务子系统,-2.0,84.48,5577,正常
2016/06/23 11:15:21,d1b97e46189d36ea765834c11d8b24d097f464ab,3f42d2a948f7f8dd5235fe0cd22d4583c27884bf,持卡人消费,学苑楼商务网关,-9.0,75.48,5578,正常
2016/06/23 17:27:09,d1b97e46189d36ea765834c11d8b24d097f464ab,3f42d2a948f7f8dd5235fe0cd22d4583c27884bf,持卡人消费,学士楼商务网关,-6.1,69.38,5579,正常
2016/06/23 20:01:51,d1b97e46189d36ea765834c11d8b24d097f464ab,3f42d2a948f7f8dd5235fe0cd22d4583c27884bf,持卡人消费,一校区水控新,-1.26,68.12,5581,正常
2016/06/24 08:39:57,d1b97e46189d36ea765834c11d8b24d097f464ab,3f42d2a948f7f8dd5235fe0cd22d4583c27884bf,持卡人消费,超市商务子系统,-2.0,66.12,5582,正常
2016/06/24 18:05:04,d1b97e46189d36ea765834c11d8b24d097f464ab,3f42d2a948f7f8dd5235fe0cd22d4583c27884bf,持卡人消费,一校区水控新,-1.23,64.89,5584,正常
2016/06/25 11:25:53,d1b97e46189d36ea765834c11d8b24d097f464ab,3f42d2a948f7f8dd5235fe0cd22d4583c27884bf,持卡人消费,学士楼商务网关,-5.6,59.29,5585,正常
2016/06/25 17:05:10,d1b97e46189d36ea765834c11d8b24d097f464ab,3f42d2a948f7f8dd5235fe0cd22d4583c27884bf,持卡人消费,学士楼商务网关,-7.1,52.19,5586,正常
2016/06/25 17:07:51,d1b97e46189d36ea765834c11d8b24d097f464ab,3f42d2a948f7f8dd5235fe0cd22d4583c27884bf,持卡人消费,学士楼商务网关,-0.2,51.99,5587,正常
2016/06/25 20:51:49,d1b97e46189d36ea765834c11d8b24d097f464ab,3f42d2a948f7f8dd5235fe0cd22d4583c27884bf,持卡人消费,超市商务子系统,-2.0,49.99,5588,正常
2016/06/26 08:26:44,d1b97e46189d36ea765834c11d8b24d097f464ab,3f42d2a948f7f8dd5235fe0cd22d4583c27884bf,持卡人消费,超市商务子系统,-2.0,47.99,5589,正常
2016/06/26 17:23:44,d1b97e46189d36ea765834c11d8b24d097f464ab,3f42d2a948f7f8dd5235fe0cd22d4583c27884bf,持卡人消费,学士楼商务网关,-3.6,44.39,5590,正常
2016/06/26 17:42:48,d1b97e46189d36ea765834c11d8b24d097f464ab,3f42d2a948f7f8dd5235fe0cd22d4583c27884bf,持卡人消费,一校区水控新,-0.83,43.56,5592,正常
2016/06/27 07:37:10,d1b97e46189d36ea765834c11d8b24d097f464ab,3f42d2a948f7f8dd5235fe0cd22d4583c27884bf,持卡人消费,学士楼商务网关,-2.7,40.86,5593,正常
2016/06/27 11:38:38,d1b97e46189d36ea765834c11d8b24d097f464ab,3f42d2a948f7f8dd5235fe0cd22d4583c27884bf,持卡人消费,学苑楼商务网关,-8.0,32.86,5594,正常
2016/06/27 17:29:01,d1b97e46189d36ea765834c11d8b24d097f464ab,3f42d2a948f7f8dd5235fe0cd22d4583c27884bf,持卡人消费,学士楼商务网关,-5.8,27.06,5595,正常
2016/06/27 17:47:41,d1b97e46189d36ea765834c11d8b24d097f464ab,3f42d2a948f7f8dd5235fe0cd22d4583c27884bf,持卡人消费,学士楼商务网关,-4.8,22.26,5596,正常
2016/06/27 20:09:29,d1b97e46189d36ea765834c11d8b24d097f464ab,3f42d2a948f7f8dd5235fe0cd22d4583c27884bf,持卡人消费,一校区水控新,-1.12,21.14,5598,正常
2016/06/27 20:24:08,d1b97e46189d36ea765834c11d8b24d097f464ab,3f42d2a948f7f8dd5235fe0cd22d4583c27884bf,持卡人消费,超市商务子系统,-5.0,16.14,5599,正常
2016/06/28 08:28:38,d1b97e46189d36ea765834c11d8b24d097f464ab,3f42d2a948f7f8dd5235fe0cd22d4583c27884bf,持卡人消费,学士楼商务网关,-3.6,12.54,5600,正常
2016/06/29 07:29:49,d1b97e46189d36ea765834c11d8b24d097f464ab,3f42d2a948f7f8dd5235fe0cd22d4583c27884bf,持卡人消费,学士楼商务网关,-1.2,11.34,5601,正常
2016/06/29 11:38:20,d1b97e46189d36ea765834c11d8b24d097f464ab,3f42d2a948f7f8dd5235fe0cd22d4583c27884bf,持卡人消费,学苑楼商务网关,-7.0,4.34,5602,正常
2016/06/29 11:26:19,d1b97e46189d36ea765834c11d8b24d097f464ab,3f42d2a948f7f8dd5235fe0cd22d4583c27884bf,存款,现金充值机,100.0,104.34,5603,正常
2016/06/29 11:50:43,d1b97e46189d36ea765834c11d8b24d097f464ab,3f42d2a948f7f8dd5235fe0cd22d4583c27884bf,持卡人消费,学苑楼商务网关,-9.1,95.24,5604,正常
2016/06/29 20:50:22,d1b97e46189d36ea765834c11d8b24d097f464ab,3f42d2a948f7f8dd5235fe0cd22d4583c27884bf,持卡人消费,一校区水控新,-1.3,93.94,5606,正常
2016/06/30 07:59:18,d1b97e46189d36ea765834c11d8b24d097f464ab,3f42d2a948f7f8dd5235fe0cd22d4583c27884bf,持卡人消费,学士楼商务网关,-3.5,90.44,5607,正常
2016/06/30 11:23:56,d1b97e46189d36ea765834c11d8b24d097f464ab,3f42d2a948f7f8dd5235fe0cd22d4583c27884bf,持卡人消费,学士楼商务网关,-7.0,83.44,5608,正常
2016/06/30 11:25:41,d1b97e46189d36ea765834c11d8b24d097f464ab,3f42d2a948f7f8dd5235fe0cd22d4583c27884bf,持卡人消费,学士楼商务网关,-0.1,83.34,5609,正常
2016/06/30 18:23:31,d1b97e46189d36ea765834c11d8b24d097f464ab,3f42d2a948f7f8dd5235fe0cd22d4583c27884bf,持卡人消费,学士楼商务网关,-4.6,78.74,5610,正常
2016/06/30 21:05:15,d1b97e46189d36ea765834c11d8b24d097f464ab,3f42d2a948f7f8dd5235fe0cd22d4583c27884bf,持卡人消费,超市商务子系统,-5.0,73.74,5611,正常
2016/06/30 21:05:53,d1b97e46189d36ea765834c11d8b24d097f464ab,3f42d2a948f7f8dd5235fe0cd22d4583c27884bf,持卡人消费,超市商务子系统,-2.0,71.74,5612,正常
