交易发生时间,学号,姓名,交易类型,子系统名称,交易额,现有余额,次数,状态
2016/06/01 17:51:55,fade076fa398dffb954a5c068f0f72b7d5c6b077,404227d9c78cca10e02ab468c3e593b7d78d5a26,持卡人消费,学士楼商务网关,-8.4,33.58,2390,正常
2016/06/01 17:51:57,fade076fa398dffb954a5c068f0f72b7d5c6b077,404227d9c78cca10e02ab468c3e593b7d78d5a26,持卡人消费,学士楼商务网关,-4.0,29.58,2391,正常
2016/06/01 17:52:57,fade076fa398dffb954a5c068f0f72b7d5c6b077,404227d9c78cca10e02ab468c3e593b7d78d5a26,持卡人消费,学士楼商务网关,-0.4,29.18,2392,正常
2016/06/02 12:30:15,fade076fa398dffb954a5c068f0f72b7d5c6b077,404227d9c78cca10e02ab468c3e593b7d78d5a26,持卡人消费,学士楼商务网关,-8.6,20.58,2393,正常
2016/06/02 12:31:22,fade076fa398dffb954a5c068f0f72b7d5c6b077,404227d9c78cca10e02ab468c3e593b7d78d5a26,持卡人消费,学士楼商务网关,-2.0,18.58,2394,正常
2016/06/03 07:04:15,fade076fa398dffb954a5c068f0f72b7d5c6b077,404227d9c78cca10e02ab468c3e593b7d78d5a26,存款,现金充值机,100.0,118.58,2395,正常
2016/06/03 07:25:51,fade076fa398dffb954a5c068f0f72b7d5c6b077,404227d9c78cca10e02ab468c3e593b7d78d5a26,持卡人消费,学苑楼商务网关,-9.0,109.58,2396,正常
2016/06/03 18:31:17,fade076fa398dffb954a5c068f0f72b7d5c6b077,404227d9c78cca10e02ab468c3e593b7d78d5a26,持卡人消费,学士楼商务网关,-5.4,104.18,2397,正常
2016/06/03 18:33:43,fade076fa398dffb954a5c068f0f72b7d5c6b077,404227d9c78cca10e02ab468c3e593b7d78d5a26,持卡人消费,学士楼商务网关,-7.1,97.08,2398,正常
2016/06/04 07:21:14,fade076fa398dffb954a5c068f0f72b7d5c6b077,404227d9c78cca10e02ab468c3e593b7d78d5a26,持卡人消费,学苑楼商务网关,-9.0,88.08,2399,正常
2016/06/04 18:58:03,fade076fa398dffb954a5c068f0f72b7d5c6b077,404227d9c78cca10e02ab468c3e593b7d78d5a26,持卡人消费,一校区水控新,-2.0,86.08,2400,正常
2016/06/05 12:34:06,fade076fa398dffb954a5c068f0f72b7d5c6b077,404227d9c78cca10e02ab468c3e593b7d78d5a26,持卡人消费,学苑楼商务网关,-9.0,77.08,2401,正常
2016/06/05 12:36:58,fade076fa398dffb954a5c068f0f72b7d5c6b077,404227d9c78cca10e02ab468c3e593b7d78d5a26,持卡人消费,学苑楼商务网关,-3.0,74.08,2402,正常
2016/06/06 08:08:34,fade076fa398dffb954a5c068f0f72b7d5c6b077,404227d9c78cca10e02ab468c3e593b7d78d5a26,持卡人消费,学苑楼商务网关,-2.3,71.78,2403,正常
2016/06/06 08:09:20,fade076fa398dffb954a5c068f0f72b7d5c6b077,404227d9c78cca10e02ab468c3e593b7d78d5a26,持卡人消费,学苑楼商务网关,-0.2,71.58,2404,正常
2016/06/07 08:09:17,fade076fa398dffb954a5c068f0f72b7d5c6b077,404227d9c78cca10e02ab468c3e593b7d78d5a26,持卡人消费,学苑楼商务网关,-2.5,69.08,2405,正常
2016/06/12 07:57:04,fade076fa398dffb954a5c068f0f72b7d5c6b077,404227d9c78cca10e02ab468c3e593b7d78d5a26,持卡人消费,学苑楼商务网关,-9.0,60.08,2406,正常
2016/06/12 07:57:05,fade076fa398dffb954a5c068f0f72b7d5c6b077,404227d9c78cca10e02ab468c3e593b7d78d5a26,持卡人消费,学苑楼商务网关,-9.0,51.08,2407,正常
2016/06/12 07:57:07,fade076fa398dffb954a5c068f0f72b7d5c6b077,404227d9c78cca10e02ab468c3e593b7d78d5a26,持卡人消费,学苑楼商务网关,-9.0,42.08,2408,正常
2016/06/12 07:57:09,fade076fa398dffb954a5c068f0f72b7d5c6b077,404227d9c78cca10e02ab468c3e593b7d78d5a26,持卡人消费,学苑楼商务网关,-9.0,33.08,2409,正常
2016/06/12 18:07:07,fade076fa398dffb954a5c068f0f72b7d5c6b077,404227d9c78cca10e02ab468c3e593b7d78d5a26,持卡人消费,学士楼商务网关,-2.4,20.04,2411,正常
2016/06/14 18:44:08,fade076fa398dffb954a5c068f0f72b7d5c6b077,404227d9c78cca10e02ab468c3e593b7d78d5a26,持卡人消费,学士楼商务网关,-8.6,11.44,2412,正常
2016/06/14 18:45:02,fade076fa398dffb954a5c068f0f72b7d5c6b077,404227d9c78cca10e02ab468c3e593b7d78d5a26,持卡人消费,学士楼商务网关,-2.5,8.94,2413,正常
2016/06/15 12:04:53,fade076fa398dffb954a5c068f0f72b7d5c6b077,404227d9c78cca10e02ab468c3e593b7d78d5a26,持卡人消费,学苑楼商务网关,-8.9,0.04,2414,正常
2016/06/16 10:56:52,fade076fa398dffb954a5c068f0f72b7d5c6b077,404227d9c78cca10e02ab468c3e593b7d78d5a26,存款,卡中心综合业务,30.0,30.04,2415,正常
2016/06/16 10:58:11,fade076fa398dffb954a5c068f0f72b7d5c6b077,404227d9c78cca10e02ab468c3e593b7d78d5a26,持卡人消费,学苑楼商务网关,-0.6,29.44,2416,正常
2016/06/16 10:59:19,fade076fa398dffb954a5c068f0f72b7d5c6b077,404227d9c78cca10e02ab468c3e593b7d78d5a26,持卡人消费,学苑楼商务网关,-3.5,25.94,2417,正常
2016/06/16 10:59:29,fade076fa398dffb954a5c068f0f72b7d5c6b077,404227d9c78cca10e02ab468c3e593b7d78d5a26,持卡人消费,学苑楼商务网关,-3.0,22.94,2418,正常
2016/06/18 11:48:02,fade076fa398dffb954a5c068f0f72b7d5c6b077,404227d9c78cca10e02ab468c3e593b7d78d5a26,持卡人消费,学苑楼商务网关,-8.0,14.94,2419,正常
2016/06/18 11:49:03,fade076fa398dffb954a5c068f0f72b7d5c6b077,404227d9c78cca10e02ab468c3e593b7d78d5a26,持卡人消费,学苑楼商务网关,-3.0,11.94,2420,正常
2016/06/19 08:09:02,fade076fa398dffb954a5c068f0f72b7d5c6b077,404227d9c78cca10e02ab468c3e593b7d78d5a26,存款,现金充值机,100.0,111.94,2421,正常
2016/06/19 08:37:15,fade076fa398dffb954a5c068f0f72b7d5c6b077,404227d9c78cca10e02ab468c3e593b7d78d5a26,持卡人消费,学苑楼商务网关,-9.0,102.94,2422,正常
2016/06/19 08:37:17,fade076fa398dffb954a5c068f0f72b7d5c6b077,404227d9c78cca10e02ab468c3e593b7d78d5a26,持卡人消费,学苑楼商务网关,-9.0,93.94,2423,正常
2016/06/19 08:37:18,fade076fa398dffb954a5c068f0f72b7d5c6b077,404227d9c78cca10e02ab468c3e593b7d78d5a26,持卡人消费,学苑楼商务网关,-9.0,84.94,2424,正常
2016/06/19 08:37:20,fade076fa398dffb954a5c068f0f72b7d5c6b077,404227d9c78cca10e02ab468c3e593b7d78d5a26,持卡人消费,学苑楼商务网关,-9.0,75.94,2425,正常
2016/06/21 14:34:01,fade076fa398dffb954a5c068f0f72b7d5c6b077,404227d9c78cca10e02ab468c3e593b7d78d5a26,持卡人消费,一校区水控新,-2.0,73.94,2426,正常
2016/06/21 14:37:57,fade076fa398dffb954a5c068f0f72b7d5c6b077,404227d9c78cca10e02ab468c3e593b7d78d5a26,持卡人消费,一校区水控新,-0.38,73.56,2428,正常
2016/06/21 14:49:17,fade076fa398dffb954a5c068f0f72b7d5c6b077,404227d9c78cca10e02ab468c3e593b7d78d5a26,持卡人消费,一校区水控新,-1.04,72.52,2430,正常
2016/06/21 14:49:34,fade076fa398dffb954a5c068f0f72b7d5c6b077,404227d9c78cca10e02ab468c3e593b7d78d5a26,持卡人消费,一校区水控新,-0.02,72.50,2432,正常
2016/06/21 14:53:58,fade076fa398dffb954a5c068f0f72b7d5c6b077,404227d9c78cca10e02ab468c3e593b7d78d5a26,持卡人消费,一校区水控新,-0.64,71.86,2434,正常
2016/06/21 14:54:57,fade076fa398dffb954a5c068f0f72b7d5c6b077,404227d9c78cca10e02ab468c3e593b7d78d5a26,持卡人消费,一校区水控新,-0.1,71.76,2436,正常
2016/06/22 07:50:04,fade076fa398dffb954a5c068f0f72b7d5c6b077,404227d9c78cca10e02ab468c3e593b7d78d5a26,持卡人消费,学苑楼商务网关,-9.0,62.76,2437,正常
2016/06/22 07:50:05,fade076fa398dffb954a5c068f0f72b7d5c6b077,404227d9c78cca10e02ab468c3e593b7d78d5a26,持卡人消费,学苑楼商务网关,-9.0,53.76,2438,正常
2016/06/23 08:00:53,fade076fa398dffb954a5c068f0f72b7d5c6b077,404227d9c78cca10e02ab468c3e593b7d78d5a26,持卡人消费,学士楼商务网关,-5.3,48.46,2439,正常
2016/06/27 12:10:39,fade076fa398dffb954a5c068f0f72b7d5c6b077,404227d9c78cca10e02ab468c3e593b7d78d5a26,持卡人消费,网络中心,-30.0,18.46,2440,正常
2016/06/27 19:14:29,fade076fa398dffb954a5c068f0f72b7d5c6b077,404227d9c78cca10e02ab468c3e593b7d78d5a26,持卡人消费,一校区水控新,-1.73,16.73,2442,正常
