交易发生时间,学号,姓名,交易类型,子系统名称,交易额,现有余额,次数,状态
2016/06/18 11:49:14,75183937e1abf3dbee7003682c4721925b26c2ec,411c79345dcac453491672a4dc49267b802a5e68,持卡人消费,学苑楼商务网关,-8.0,49.21,2574,正常
2016/06/24 10:29:37,75183937e1abf3dbee7003682c4721925b26c2ec,411c79345dcac453491672a4dc49267b802a5e68,持卡人消费,超市商务子系统,-2.5,46.71,2575,正常
2016/06/24 11:02:10,75183937e1abf3dbee7003682c4721925b26c2ec,411c79345dcac453491672a4dc49267b802a5e68,持卡人消费,一区图书馆APOS,-7.2,39.51,2576,正常
2016/06/29 08:33:15,75183937e1abf3dbee7003682c4721925b26c2ec,411c79345dcac453491672a4dc49267b802a5e68,持卡人消费,硕果园（工大商店）,-8.0,31.51,2577,正常
2016/06/29 08:35:13,75183937e1abf3dbee7003682c4721925b26c2ec,411c79345dcac453491672a4dc49267b802a5e68,持卡人消费,硕果园（工大商店）,-5.0,26.51,2578,正常
