交易发生时间,学号,姓名,交易类型,子系统名称,交易额,现有余额,次数,状态
2016/06/13 12:30:25,73f78bfc9a3e9dfa6cb9bb9aa44c2158b72eafe3,41f68f9cc168b41ebc0d22678e5bbe44ae019f5c,持卡人消费,硕果园（工大商店）,-9.0,8.41,2219,正常
2016/06/13 12:33:49,73f78bfc9a3e9dfa6cb9bb9aa44c2158b72eafe3,41f68f9cc168b41ebc0d22678e5bbe44ae019f5c,持卡人消费,硕果园（工大商店）,-4.0,4.41,2220,正常
2016/06/13 16:46:55,73f78bfc9a3e9dfa6cb9bb9aa44c2158b72eafe3,41f68f9cc168b41ebc0d22678e5bbe44ae019f5c,存款,卡中心综合业务,100.0,104.41,2221,正常
2016/06/13 17:07:36,73f78bfc9a3e9dfa6cb9bb9aa44c2158b72eafe3,41f68f9cc168b41ebc0d22678e5bbe44ae019f5c,持卡人消费,超市商务子系统,-4.9,99.51,2222,正常
2016/06/14 08:18:21,73f78bfc9a3e9dfa6cb9bb9aa44c2158b72eafe3,41f68f9cc168b41ebc0d22678e5bbe44ae019f5c,持卡人消费,学士楼商务网关,-2.8,96.71,2223,正常
2016/06/14 12:16:37,73f78bfc9a3e9dfa6cb9bb9aa44c2158b72eafe3,41f68f9cc168b41ebc0d22678e5bbe44ae019f5c,持卡人消费,学苑楼商务网关,-6.0,90.71,2224,正常
2016/06/14 12:43:45,73f78bfc9a3e9dfa6cb9bb9aa44c2158b72eafe3,41f68f9cc168b41ebc0d22678e5bbe44ae019f5c,持卡人消费,超市商务子系统,-20.3,70.41,2225,正常
2016/06/14 17:46:15,73f78bfc9a3e9dfa6cb9bb9aa44c2158b72eafe3,41f68f9cc168b41ebc0d22678e5bbe44ae019f5c,持卡人消费,15公寓浴池,-0.06,70.35,2227,正常
2016/06/14 17:52:18,73f78bfc9a3e9dfa6cb9bb9aa44c2158b72eafe3,41f68f9cc168b41ebc0d22678e5bbe44ae019f5c,持卡人消费,15公寓浴池,-1.14,69.21,2229,正常
2016/06/14 17:57:44,73f78bfc9a3e9dfa6cb9bb9aa44c2158b72eafe3,41f68f9cc168b41ebc0d22678e5bbe44ae019f5c,持卡人消费,15公寓浴池,-0.82,68.39,2231,正常
2016/06/14 17:58:56,73f78bfc9a3e9dfa6cb9bb9aa44c2158b72eafe3,41f68f9cc168b41ebc0d22678e5bbe44ae019f5c,持卡人消费,15公寓浴池,-0.11,68.28,2233,正常
2016/06/15 08:17:56,73f78bfc9a3e9dfa6cb9bb9aa44c2158b72eafe3,41f68f9cc168b41ebc0d22678e5bbe44ae019f5c,持卡人消费,学士楼商务网关,-3.7,64.58,2234,正常
2016/06/15 12:17:30,73f78bfc9a3e9dfa6cb9bb9aa44c2158b72eafe3,41f68f9cc168b41ebc0d22678e5bbe44ae019f5c,持卡人消费,硕果园（工大商店）,-14.0,50.58,2235,正常
2016/06/15 12:52:08,73f78bfc9a3e9dfa6cb9bb9aa44c2158b72eafe3,41f68f9cc168b41ebc0d22678e5bbe44ae019f5c,持卡人消费,超市商务子系统,-3.5,47.08,2236,正常
2016/06/17 07:00:42,73f78bfc9a3e9dfa6cb9bb9aa44c2158b72eafe3,41f68f9cc168b41ebc0d22678e5bbe44ae019f5c,持卡人消费,学士楼商务网关,-3.1,43.98,2237,正常
2016/06/17 11:21:22,73f78bfc9a3e9dfa6cb9bb9aa44c2158b72eafe3,41f68f9cc168b41ebc0d22678e5bbe44ae019f5c,持卡人消费,学苑楼商务网关,-8.0,35.98,2238,正常
2016/06/19 19:51:24,73f78bfc9a3e9dfa6cb9bb9aa44c2158b72eafe3,41f68f9cc168b41ebc0d22678e5bbe44ae019f5c,持卡人消费,学子超市园丁总店,-6.0,29.98,2239,正常
2016/06/21 07:49:18,73f78bfc9a3e9dfa6cb9bb9aa44c2158b72eafe3,41f68f9cc168b41ebc0d22678e5bbe44ae019f5c,持卡人消费,超市商务子系统,-3.0,26.98,2240,正常
2016/06/21 16:14:30,73f78bfc9a3e9dfa6cb9bb9aa44c2158b72eafe3,41f68f9cc168b41ebc0d22678e5bbe44ae019f5c,持卡人消费,超市商务子系统,-6.1,20.88,2241,正常
2016/06/21 19:59:17,73f78bfc9a3e9dfa6cb9bb9aa44c2158b72eafe3,41f68f9cc168b41ebc0d22678e5bbe44ae019f5c,持卡人消费,超市商务子系统,-0.9,19.98,2242,正常
2016/06/21 20:34:17,73f78bfc9a3e9dfa6cb9bb9aa44c2158b72eafe3,41f68f9cc168b41ebc0d22678e5bbe44ae019f5c,持卡人消费,15公寓浴池,-0.02,19.96,2244,正常
2016/06/21 20:40:31,73f78bfc9a3e9dfa6cb9bb9aa44c2158b72eafe3,41f68f9cc168b41ebc0d22678e5bbe44ae019f5c,持卡人消费,15公寓浴池,-1.15,18.81,2246,正常
2016/06/21 20:44:44,73f78bfc9a3e9dfa6cb9bb9aa44c2158b72eafe3,41f68f9cc168b41ebc0d22678e5bbe44ae019f5c,持卡人消费,15公寓浴池,-0.5,18.31,2248,正常
2016/06/26 20:13:05,73f78bfc9a3e9dfa6cb9bb9aa44c2158b72eafe3,41f68f9cc168b41ebc0d22678e5bbe44ae019f5c,持卡人消费,15公寓浴池,-1.12,17.19,2250,正常
2016/06/26 20:16:54,73f78bfc9a3e9dfa6cb9bb9aa44c2158b72eafe3,41f68f9cc168b41ebc0d22678e5bbe44ae019f5c,持卡人消费,15公寓浴池,-0.53,16.66,2252,正常
2016/06/27 15:55:46,73f78bfc9a3e9dfa6cb9bb9aa44c2158b72eafe3,41f68f9cc168b41ebc0d22678e5bbe44ae019f5c,持卡人消费,超市商务子系统,-6.0,10.66,2253,正常
2016/06/27 15:59:12,73f78bfc9a3e9dfa6cb9bb9aa44c2158b72eafe3,41f68f9cc168b41ebc0d22678e5bbe44ae019f5c,持卡人消费,超市商务子系统,-2.0,8.66,2254,正常
2016/06/28 07:24:21,73f78bfc9a3e9dfa6cb9bb9aa44c2158b72eafe3,41f68f9cc168b41ebc0d22678e5bbe44ae019f5c,持卡人消费,超市商务子系统,-3.0,5.66,2255,正常
2016/06/28 11:56:14,73f78bfc9a3e9dfa6cb9bb9aa44c2158b72eafe3,41f68f9cc168b41ebc0d22678e5bbe44ae019f5c,持卡人消费,学子超市园丁总店,-3.5,2.16,2256,正常
2016/06/28 16:15:42,73f78bfc9a3e9dfa6cb9bb9aa44c2158b72eafe3,41f68f9cc168b41ebc0d22678e5bbe44ae019f5c,持卡人消费,15公寓浴池,-1.23,0.93,2258,正常
