交易发生时间,学号,姓名,交易类型,子系统名称,交易额,现有余额,次数,状态
2016/06/04 15:11:49,d34adfee71e744e2ed651443b0938b9e316bce45,4330bfa29b23babb8f00a5b4d2b4a7845331c324,持卡人消费,15公寓浴池,-0.19,8.56,1711,正常
2016/06/04 15:12:11,d34adfee71e744e2ed651443b0938b9e316bce45,4330bfa29b23babb8f00a5b4d2b4a7845331c324,持卡人消费,15公寓浴池,-0.02,8.54,1713,正常
2016/06/04 15:13:32,d34adfee71e744e2ed651443b0938b9e316bce45,4330bfa29b23babb8f00a5b4d2b4a7845331c324,持卡人消费,15公寓浴池,-0.21,8.33,1715,正常
2016/06/04 15:20:56,d34adfee71e744e2ed651443b0938b9e316bce45,4330bfa29b23babb8f00a5b4d2b4a7845331c324,持卡人消费,15公寓浴池,-1.26,7.07,1717,正常
2016/06/04 15:27:09,d34adfee71e744e2ed651443b0938b9e316bce45,4330bfa29b23babb8f00a5b4d2b4a7845331c324,持卡人消费,15公寓浴池,-0.8,6.27,1719,正常
2016/06/04 15:29:54,d34adfee71e744e2ed651443b0938b9e316bce45,4330bfa29b23babb8f00a5b4d2b4a7845331c324,持卡人消费,15公寓浴池,-0.06,6.21,1721,正常
