交易发生时间,学号,姓名,交易类型,子系统名称,交易额,现有余额,次数,状态
2016/06/01 12:21:21,2626973b75d9d78ccad49b0cd14e79a2d2a12ded,43bfd96eaf24e8acb04ec735e0a47290ca10ab9d,持卡人消费,学士楼商务网关,-5.1,370.91,5719,正常
2016/06/01 12:21:42,2626973b75d9d78ccad49b0cd14e79a2d2a12ded,43bfd96eaf24e8acb04ec735e0a47290ca10ab9d,持卡人消费,学士楼商务网关,-0.4,370.51,5720,正常
2016/06/01 12:22:18,2626973b75d9d78ccad49b0cd14e79a2d2a12ded,43bfd96eaf24e8acb04ec735e0a47290ca10ab9d,持卡人消费,学士楼商务网关,-2.4,368.11,5721,正常
2016/06/02 12:55:55,2626973b75d9d78ccad49b0cd14e79a2d2a12ded,43bfd96eaf24e8acb04ec735e0a47290ca10ab9d,持卡人消费,学士楼商务网关,-1.4,366.71,5722,正常
2016/06/02 12:56:37,2626973b75d9d78ccad49b0cd14e79a2d2a12ded,43bfd96eaf24e8acb04ec735e0a47290ca10ab9d,持卡人消费,学士楼商务网关,-4.5,362.21,5723,正常
2016/06/02 12:57:35,2626973b75d9d78ccad49b0cd14e79a2d2a12ded,43bfd96eaf24e8acb04ec735e0a47290ca10ab9d,持卡人消费,学士楼商务网关,-2.5,359.71,5724,正常
2016/06/02 17:14:01,2626973b75d9d78ccad49b0cd14e79a2d2a12ded,43bfd96eaf24e8acb04ec735e0a47290ca10ab9d,持卡人消费,学士楼商务网关,-8.14,351.57,5725,正常
2016/06/03 02:14:34,2626973b75d9d78ccad49b0cd14e79a2d2a12ded,43bfd96eaf24e8acb04ec735e0a47290ca10ab9d,持卡人消费,学士楼商务网关,-0.4,351.17,5726,正常
2016/06/03 12:40:51,2626973b75d9d78ccad49b0cd14e79a2d2a12ded,43bfd96eaf24e8acb04ec735e0a47290ca10ab9d,持卡人消费,学士楼商务网关,-3.0,348.17,5727,正常
2016/06/03 12:41:31,2626973b75d9d78ccad49b0cd14e79a2d2a12ded,43bfd96eaf24e8acb04ec735e0a47290ca10ab9d,持卡人消费,学士楼商务网关,-1.67,346.50,5728,正常
2016/06/03 12:42:18,2626973b75d9d78ccad49b0cd14e79a2d2a12ded,43bfd96eaf24e8acb04ec735e0a47290ca10ab9d,持卡人消费,学士楼商务网关,-2.5,344.00,5729,正常
2016/06/03 18:54:15,2626973b75d9d78ccad49b0cd14e79a2d2a12ded,43bfd96eaf24e8acb04ec735e0a47290ca10ab9d,持卡人消费,学士楼商务网关,-4.6,339.40,5730,正常
2016/06/03 18:55:27,2626973b75d9d78ccad49b0cd14e79a2d2a12ded,43bfd96eaf24e8acb04ec735e0a47290ca10ab9d,持卡人消费,学士楼商务网关,-5.4,334.00,5731,正常
2016/06/03 20:18:29,2626973b75d9d78ccad49b0cd14e79a2d2a12ded,43bfd96eaf24e8acb04ec735e0a47290ca10ab9d,持卡人消费,15公寓浴池,-0.18,333.82,5733,正常
2016/06/03 20:19:58,2626973b75d9d78ccad49b0cd14e79a2d2a12ded,43bfd96eaf24e8acb04ec735e0a47290ca10ab9d,持卡人消费,15公寓浴池,-0.14,333.68,5735,正常
2016/06/03 20:23:26,2626973b75d9d78ccad49b0cd14e79a2d2a12ded,43bfd96eaf24e8acb04ec735e0a47290ca10ab9d,持卡人消费,15公寓浴池,-0.22,333.46,5737,正常
2016/06/03 20:26:25,2626973b75d9d78ccad49b0cd14e79a2d2a12ded,43bfd96eaf24e8acb04ec735e0a47290ca10ab9d,持卡人消费,15公寓浴池,-0.29,333.17,5739,正常
2016/06/04 11:52:49,2626973b75d9d78ccad49b0cd14e79a2d2a12ded,43bfd96eaf24e8acb04ec735e0a47290ca10ab9d,持卡人消费,学苑楼商务网关,-8.0,325.17,5740,正常
2016/06/04 19:04:10,2626973b75d9d78ccad49b0cd14e79a2d2a12ded,43bfd96eaf24e8acb04ec735e0a47290ca10ab9d,持卡人消费,学士楼商务网关,-5.98,319.19,5741,正常
2016/06/04 19:04:52,2626973b75d9d78ccad49b0cd14e79a2d2a12ded,43bfd96eaf24e8acb04ec735e0a47290ca10ab9d,持卡人消费,学士楼商务网关,-0.4,318.79,5742,正常
2016/06/04 19:05:39,2626973b75d9d78ccad49b0cd14e79a2d2a12ded,43bfd96eaf24e8acb04ec735e0a47290ca10ab9d,持卡人消费,学士楼商务网关,-3.0,315.79,5743,正常
2016/06/05 12:53:54,2626973b75d9d78ccad49b0cd14e79a2d2a12ded,43bfd96eaf24e8acb04ec735e0a47290ca10ab9d,持卡人消费,学士楼商务网关,-3.6,312.19,5744,正常
2016/06/05 12:55:19,2626973b75d9d78ccad49b0cd14e79a2d2a12ded,43bfd96eaf24e8acb04ec735e0a47290ca10ab9d,持卡人消费,学士楼商务网关,-4.8,307.39,5745,正常
2016/06/05 18:22:14,2626973b75d9d78ccad49b0cd14e79a2d2a12ded,43bfd96eaf24e8acb04ec735e0a47290ca10ab9d,持卡人消费,学士楼商务网关,-0.2,307.19,5746,正常
2016/06/05 18:22:44,2626973b75d9d78ccad49b0cd14e79a2d2a12ded,43bfd96eaf24e8acb04ec735e0a47290ca10ab9d,持卡人消费,学士楼商务网关,-1.95,305.24,5747,正常
2016/06/05 18:24:04,2626973b75d9d78ccad49b0cd14e79a2d2a12ded,43bfd96eaf24e8acb04ec735e0a47290ca10ab9d,持卡人消费,学士楼商务网关,-6.0,299.24,5748,正常
2016/06/06 06:46:57,2626973b75d9d78ccad49b0cd14e79a2d2a12ded,43bfd96eaf24e8acb04ec735e0a47290ca10ab9d,持卡人消费,学士楼商务网关,-4.0,295.24,5749,正常
2016/06/06 06:47:16,2626973b75d9d78ccad49b0cd14e79a2d2a12ded,43bfd96eaf24e8acb04ec735e0a47290ca10ab9d,持卡人消费,学士楼商务网关,-1.6,293.64,5750,正常
2016/06/06 06:47:57,2626973b75d9d78ccad49b0cd14e79a2d2a12ded,43bfd96eaf24e8acb04ec735e0a47290ca10ab9d,持卡人消费,学士楼商务网关,-0.5,293.14,5751,正常
2016/06/06 11:39:15,2626973b75d9d78ccad49b0cd14e79a2d2a12ded,43bfd96eaf24e8acb04ec735e0a47290ca10ab9d,持卡人消费,学苑楼商务网关,-8.0,285.14,5752,正常
2016/06/06 16:41:44,2626973b75d9d78ccad49b0cd14e79a2d2a12ded,43bfd96eaf24e8acb04ec735e0a47290ca10ab9d,持卡人消费,学苑楼商务网关,-8.8,276.34,5753,正常
2016/06/06 16:42:48,2626973b75d9d78ccad49b0cd14e79a2d2a12ded,43bfd96eaf24e8acb04ec735e0a47290ca10ab9d,持卡人消费,学苑楼商务网关,-8.8,267.54,5754,正常
2016/06/06 16:54:07,2626973b75d9d78ccad49b0cd14e79a2d2a12ded,43bfd96eaf24e8acb04ec735e0a47290ca10ab9d,持卡人消费,学士楼商务网关,-4.5,263.04,5755,正常
2016/06/07 11:36:00,2626973b75d9d78ccad49b0cd14e79a2d2a12ded,43bfd96eaf24e8acb04ec735e0a47290ca10ab9d,持卡人消费,学士楼商务网关,-4.1,258.94,5756,正常
2016/06/07 11:37:31,2626973b75d9d78ccad49b0cd14e79a2d2a12ded,43bfd96eaf24e8acb04ec735e0a47290ca10ab9d,持卡人消费,学士楼商务网关,-8.1,250.84,5757,正常
2016/06/07 16:37:15,2626973b75d9d78ccad49b0cd14e79a2d2a12ded,43bfd96eaf24e8acb04ec735e0a47290ca10ab9d,持卡人消费,硕果园（工大商店）,-8.0,242.84,5758,正常
2016/06/07 16:37:50,2626973b75d9d78ccad49b0cd14e79a2d2a12ded,43bfd96eaf24e8acb04ec735e0a47290ca10ab9d,持卡人消费,硕果园（工大商店）,-1.0,241.84,5759,正常
2016/06/07 19:12:15,2626973b75d9d78ccad49b0cd14e79a2d2a12ded,43bfd96eaf24e8acb04ec735e0a47290ca10ab9d,持卡人消费,15公寓浴池,-0.13,241.71,5761,正常
2016/06/07 19:13:17,2626973b75d9d78ccad49b0cd14e79a2d2a12ded,43bfd96eaf24e8acb04ec735e0a47290ca10ab9d,持卡人消费,15公寓浴池,-0.1,241.61,5763,正常
2016/06/07 19:15:24,2626973b75d9d78ccad49b0cd14e79a2d2a12ded,43bfd96eaf24e8acb04ec735e0a47290ca10ab9d,持卡人消费,15公寓浴池,-0.24,241.37,5765,正常
2016/06/07 19:18:54,2626973b75d9d78ccad49b0cd14e79a2d2a12ded,43bfd96eaf24e8acb04ec735e0a47290ca10ab9d,持卡人消费,15公寓浴池,-0.29,241.08,5767,正常
2016/06/07 19:22:49,2626973b75d9d78ccad49b0cd14e79a2d2a12ded,43bfd96eaf24e8acb04ec735e0a47290ca10ab9d,持卡人消费,15公寓浴池,-0.35,240.73,5769,正常
2016/06/08 07:04:28,2626973b75d9d78ccad49b0cd14e79a2d2a12ded,43bfd96eaf24e8acb04ec735e0a47290ca10ab9d,持卡人消费,学士楼商务网关,-2.8,237.93,5770,正常
2016/06/08 14:06:27,2626973b75d9d78ccad49b0cd14e79a2d2a12ded,43bfd96eaf24e8acb04ec735e0a47290ca10ab9d,持卡人消费,超市商务子系统,-6.0,231.93,5771,正常
2016/06/08 18:07:46,2626973b75d9d78ccad49b0cd14e79a2d2a12ded,43bfd96eaf24e8acb04ec735e0a47290ca10ab9d,持卡人消费,学士楼商务网关,-4.0,227.93,5772,正常
2016/06/08 18:08:59,2626973b75d9d78ccad49b0cd14e79a2d2a12ded,43bfd96eaf24e8acb04ec735e0a47290ca10ab9d,持卡人消费,学士楼商务网关,-0.4,227.53,5773,正常
2016/06/08 18:09:29,2626973b75d9d78ccad49b0cd14e79a2d2a12ded,43bfd96eaf24e8acb04ec735e0a47290ca10ab9d,持卡人消费,学士楼商务网关,-4.5,223.03,5774,正常
2016/06/09 12:28:02,2626973b75d9d78ccad49b0cd14e79a2d2a12ded,43bfd96eaf24e8acb04ec735e0a47290ca10ab9d,持卡人消费,学士楼商务网关,-5.98,217.05,5775,正常
2016/06/09 12:28:55,2626973b75d9d78ccad49b0cd14e79a2d2a12ded,43bfd96eaf24e8acb04ec735e0a47290ca10ab9d,持卡人消费,学士楼商务网关,-1.7,215.35,5776,正常
2016/06/09 19:17:50,2626973b75d9d78ccad49b0cd14e79a2d2a12ded,43bfd96eaf24e8acb04ec735e0a47290ca10ab9d,持卡人消费,学士楼商务网关,-2.0,213.35,5777,正常
2016/06/09 19:18:54,2626973b75d9d78ccad49b0cd14e79a2d2a12ded,43bfd96eaf24e8acb04ec735e0a47290ca10ab9d,持卡人消费,学士楼商务网关,-6.8,206.55,5778,正常
2016/06/10 12:16:15,2626973b75d9d78ccad49b0cd14e79a2d2a12ded,43bfd96eaf24e8acb04ec735e0a47290ca10ab9d,持卡人消费,学士楼商务网关,-1.4,205.15,5779,正常
2016/06/10 12:16:58,2626973b75d9d78ccad49b0cd14e79a2d2a12ded,43bfd96eaf24e8acb04ec735e0a47290ca10ab9d,持卡人消费,学士楼商务网关,-4.5,200.65,5780,正常
2016/06/10 12:17:12,2626973b75d9d78ccad49b0cd14e79a2d2a12ded,43bfd96eaf24e8acb04ec735e0a47290ca10ab9d,持卡人消费,学士楼商务网关,-0.2,200.45,5781,正常
2016/06/10 17:53:34,2626973b75d9d78ccad49b0cd14e79a2d2a12ded,43bfd96eaf24e8acb04ec735e0a47290ca10ab9d,持卡人消费,学士楼商务网关,-4.0,196.45,5782,正常
2016/06/10 17:53:48,2626973b75d9d78ccad49b0cd14e79a2d2a12ded,43bfd96eaf24e8acb04ec735e0a47290ca10ab9d,持卡人消费,学士楼商务网关,-5.0,191.45,5783,正常
2016/06/10 17:55:06,2626973b75d9d78ccad49b0cd14e79a2d2a12ded,43bfd96eaf24e8acb04ec735e0a47290ca10ab9d,持卡人消费,学士楼商务网关,-0.2,191.25,5784,正常
2016/06/10 17:55:28,2626973b75d9d78ccad49b0cd14e79a2d2a12ded,43bfd96eaf24e8acb04ec735e0a47290ca10ab9d,持卡人消费,学士楼商务网关,-0.7,190.55,5785,正常
2016/06/11 11:50:43,2626973b75d9d78ccad49b0cd14e79a2d2a12ded,43bfd96eaf24e8acb04ec735e0a47290ca10ab9d,持卡人消费,学士楼商务网关,-9.6,180.95,5786,正常
2016/06/11 17:29:00,2626973b75d9d78ccad49b0cd14e79a2d2a12ded,43bfd96eaf24e8acb04ec735e0a47290ca10ab9d,持卡人消费,学士楼商务网关,-3.0,177.95,5787,正常
2016/06/11 17:30:13,2626973b75d9d78ccad49b0cd14e79a2d2a12ded,43bfd96eaf24e8acb04ec735e0a47290ca10ab9d,持卡人消费,学士楼商务网关,-6.6,171.35,5788,正常
2016/06/11 17:30:44,2626973b75d9d78ccad49b0cd14e79a2d2a12ded,43bfd96eaf24e8acb04ec735e0a47290ca10ab9d,持卡人消费,学士楼商务网关,-4.6,166.75,5789,正常
2016/06/12 17:50:59,2626973b75d9d78ccad49b0cd14e79a2d2a12ded,43bfd96eaf24e8acb04ec735e0a47290ca10ab9d,持卡人消费,学苑楼商务网关,-8.0,158.75,5790,正常
2016/06/12 19:40:15,2626973b75d9d78ccad49b0cd14e79a2d2a12ded,43bfd96eaf24e8acb04ec735e0a47290ca10ab9d,持卡人消费,15公寓浴池,-0.16,158.59,5792,正常
2016/06/12 19:43:09,2626973b75d9d78ccad49b0cd14e79a2d2a12ded,43bfd96eaf24e8acb04ec735e0a47290ca10ab9d,持卡人消费,15公寓浴池,-0.29,158.30,5794,正常
2016/06/12 19:48:08,2626973b75d9d78ccad49b0cd14e79a2d2a12ded,43bfd96eaf24e8acb04ec735e0a47290ca10ab9d,持卡人消费,15公寓浴池,-0.35,157.95,5796,正常
2016/06/12 19:52:29,2626973b75d9d78ccad49b0cd14e79a2d2a12ded,43bfd96eaf24e8acb04ec735e0a47290ca10ab9d,持卡人消费,15公寓浴池,-0.29,157.66,5798,正常
2016/06/13 11:19:25,2626973b75d9d78ccad49b0cd14e79a2d2a12ded,43bfd96eaf24e8acb04ec735e0a47290ca10ab9d,持卡人消费,学士楼商务网关,-4.0,153.66,5799,正常
2016/06/13 11:19:42,2626973b75d9d78ccad49b0cd14e79a2d2a12ded,43bfd96eaf24e8acb04ec735e0a47290ca10ab9d,持卡人消费,学士楼商务网关,-5.1,148.56,5800,正常
2016/06/13 11:20:07,2626973b75d9d78ccad49b0cd14e79a2d2a12ded,43bfd96eaf24e8acb04ec735e0a47290ca10ab9d,持卡人消费,学士楼商务网关,-0.6,147.96,5801,正常
2016/06/13 11:20:50,2626973b75d9d78ccad49b0cd14e79a2d2a12ded,43bfd96eaf24e8acb04ec735e0a47290ca10ab9d,持卡人消费,学士楼商务网关,-4.0,143.96,5802,正常
2016/06/13 11:21:06,2626973b75d9d78ccad49b0cd14e79a2d2a12ded,43bfd96eaf24e8acb04ec735e0a47290ca10ab9d,持卡人消费,学士楼商务网关,-0.6,143.36,5803,正常
2016/06/13 16:37:56,2626973b75d9d78ccad49b0cd14e79a2d2a12ded,43bfd96eaf24e8acb04ec735e0a47290ca10ab9d,持卡人消费,硕果园（工大商店）,-12.0,131.36,5804,正常
2016/06/14 08:05:02,2626973b75d9d78ccad49b0cd14e79a2d2a12ded,43bfd96eaf24e8acb04ec735e0a47290ca10ab9d,持卡人消费,学士楼商务网关,-3.3,128.06,5805,正常
2016/06/14 11:43:15,2626973b75d9d78ccad49b0cd14e79a2d2a12ded,43bfd96eaf24e8acb04ec735e0a47290ca10ab9d,持卡人消费,硕果园（工大商店）,-9.0,119.06,5806,正常
2016/06/14 18:19:08,2626973b75d9d78ccad49b0cd14e79a2d2a12ded,43bfd96eaf24e8acb04ec735e0a47290ca10ab9d,持卡人消费,学士楼商务网关,-4.6,114.46,5807,正常
2016/06/14 18:20:24,2626973b75d9d78ccad49b0cd14e79a2d2a12ded,43bfd96eaf24e8acb04ec735e0a47290ca10ab9d,持卡人消费,学士楼商务网关,-2.6,111.86,5808,正常
2016/06/14 18:22:13,2626973b75d9d78ccad49b0cd14e79a2d2a12ded,43bfd96eaf24e8acb04ec735e0a47290ca10ab9d,持卡人消费,学士楼商务网关,-5.0,106.86,5809,正常
2016/06/15 11:00:53,2626973b75d9d78ccad49b0cd14e79a2d2a12ded,43bfd96eaf24e8acb04ec735e0a47290ca10ab9d,持卡人消费,学士楼商务网关,-4.5,102.36,5810,正常
2016/06/15 11:01:17,2626973b75d9d78ccad49b0cd14e79a2d2a12ded,43bfd96eaf24e8acb04ec735e0a47290ca10ab9d,持卡人消费,学士楼商务网关,-3.6,98.76,5811,正常
2016/06/15 11:15:15,2626973b75d9d78ccad49b0cd14e79a2d2a12ded,43bfd96eaf24e8acb04ec735e0a47290ca10ab9d,持卡人消费,硕果园（工大商店）,-12.0,86.76,5812,正常
2016/06/15 17:51:56,2626973b75d9d78ccad49b0cd14e79a2d2a12ded,43bfd96eaf24e8acb04ec735e0a47290ca10ab9d,持卡人消费,学士楼商务网关,-6.21,80.55,5813,正常
2016/06/15 17:52:44,2626973b75d9d78ccad49b0cd14e79a2d2a12ded,43bfd96eaf24e8acb04ec735e0a47290ca10ab9d,持卡人消费,学士楼商务网关,-1.4,79.15,5814,正常
2016/06/15 17:53:55,2626973b75d9d78ccad49b0cd14e79a2d2a12ded,43bfd96eaf24e8acb04ec735e0a47290ca10ab9d,持卡人消费,学士楼商务网关,-0.2,78.95,5815,正常
2016/06/16 11:41:54,2626973b75d9d78ccad49b0cd14e79a2d2a12ded,43bfd96eaf24e8acb04ec735e0a47290ca10ab9d,持卡人消费,学士楼商务网关,-1.4,77.55,5816,正常
2016/06/16 11:42:16,2626973b75d9d78ccad49b0cd14e79a2d2a12ded,43bfd96eaf24e8acb04ec735e0a47290ca10ab9d,持卡人消费,学士楼商务网关,-0.2,77.35,5817,正常
2016/06/16 11:44:48,2626973b75d9d78ccad49b0cd14e79a2d2a12ded,43bfd96eaf24e8acb04ec735e0a47290ca10ab9d,持卡人消费,学士楼商务网关,-2.5,74.85,5818,正常
2016/06/16 17:28:27,2626973b75d9d78ccad49b0cd14e79a2d2a12ded,43bfd96eaf24e8acb04ec735e0a47290ca10ab9d,持卡人消费,学士楼商务网关,-3.6,71.25,5819,正常
2016/06/16 17:29:52,2626973b75d9d78ccad49b0cd14e79a2d2a12ded,43bfd96eaf24e8acb04ec735e0a47290ca10ab9d,持卡人消费,学士楼商务网关,-5.98,65.27,5820,正常
2016/06/16 18:35:54,2626973b75d9d78ccad49b0cd14e79a2d2a12ded,43bfd96eaf24e8acb04ec735e0a47290ca10ab9d,持卡人消费,15公寓浴池,-0.11,65.16,5822,正常
2016/06/16 18:36:45,2626973b75d9d78ccad49b0cd14e79a2d2a12ded,43bfd96eaf24e8acb04ec735e0a47290ca10ab9d,持卡人消费,15公寓浴池,-0.03,65.13,5824,正常
2016/06/16 18:39:20,2626973b75d9d78ccad49b0cd14e79a2d2a12ded,43bfd96eaf24e8acb04ec735e0a47290ca10ab9d,持卡人消费,15公寓浴池,-0.27,64.86,5826,正常
2016/06/16 18:44:29,2626973b75d9d78ccad49b0cd14e79a2d2a12ded,43bfd96eaf24e8acb04ec735e0a47290ca10ab9d,持卡人消费,15公寓浴池,-0.35,64.51,5828,正常
2016/06/16 18:48:46,2626973b75d9d78ccad49b0cd14e79a2d2a12ded,43bfd96eaf24e8acb04ec735e0a47290ca10ab9d,持卡人消费,15公寓浴池,-0.4,64.11,5830,正常
2016/06/17 11:38:46,2626973b75d9d78ccad49b0cd14e79a2d2a12ded,43bfd96eaf24e8acb04ec735e0a47290ca10ab9d,持卡人消费,学士楼商务网关,-3.9,60.21,5831,正常
2016/06/17 11:40:10,2626973b75d9d78ccad49b0cd14e79a2d2a12ded,43bfd96eaf24e8acb04ec735e0a47290ca10ab9d,持卡人消费,学士楼商务网关,-3.6,56.61,5832,正常
2016/06/18 11:33:56,2626973b75d9d78ccad49b0cd14e79a2d2a12ded,43bfd96eaf24e8acb04ec735e0a47290ca10ab9d,持卡人消费,学士楼商务网关,-6.0,50.61,5833,正常
2016/06/18 11:34:21,2626973b75d9d78ccad49b0cd14e79a2d2a12ded,43bfd96eaf24e8acb04ec735e0a47290ca10ab9d,持卡人消费,学士楼商务网关,-0.2,50.41,5834,正常
2016/06/18 11:39:13,2626973b75d9d78ccad49b0cd14e79a2d2a12ded,43bfd96eaf24e8acb04ec735e0a47290ca10ab9d,持卡人消费,学士楼商务网关,-1.4,49.01,5835,正常
2016/06/18 18:35:08,2626973b75d9d78ccad49b0cd14e79a2d2a12ded,43bfd96eaf24e8acb04ec735e0a47290ca10ab9d,持卡人消费,学士楼商务网关,-0.2,48.81,5836,正常
2016/06/18 18:36:15,2626973b75d9d78ccad49b0cd14e79a2d2a12ded,43bfd96eaf24e8acb04ec735e0a47290ca10ab9d,持卡人消费,学士楼商务网关,-2.6,46.21,5837,正常
2016/06/19 12:17:32,2626973b75d9d78ccad49b0cd14e79a2d2a12ded,43bfd96eaf24e8acb04ec735e0a47290ca10ab9d,持卡人消费,学士楼商务网关,-5.0,41.21,5838,正常
2016/06/19 12:19:07,2626973b75d9d78ccad49b0cd14e79a2d2a12ded,43bfd96eaf24e8acb04ec735e0a47290ca10ab9d,持卡人消费,学士楼商务网关,-0.6,40.61,5839,正常
2016/06/19 12:20:02,2626973b75d9d78ccad49b0cd14e79a2d2a12ded,43bfd96eaf24e8acb04ec735e0a47290ca10ab9d,持卡人消费,学士楼商务网关,-2.0,38.61,5840,正常
2016/06/20 11:30:54,2626973b75d9d78ccad49b0cd14e79a2d2a12ded,43bfd96eaf24e8acb04ec735e0a47290ca10ab9d,持卡人消费,学士楼商务网关,-0.2,38.41,5841,正常
2016/06/20 11:33:01,2626973b75d9d78ccad49b0cd14e79a2d2a12ded,43bfd96eaf24e8acb04ec735e0a47290ca10ab9d,持卡人消费,学士楼商务网关,-3.0,35.41,5842,正常
2016/06/20 11:34:14,2626973b75d9d78ccad49b0cd14e79a2d2a12ded,43bfd96eaf24e8acb04ec735e0a47290ca10ab9d,持卡人消费,学士楼商务网关,-4.2,31.21,5843,正常
2016/06/20 17:52:53,2626973b75d9d78ccad49b0cd14e79a2d2a12ded,43bfd96eaf24e8acb04ec735e0a47290ca10ab9d,持卡人消费,学士楼商务网关,-5.3,25.91,5844,正常
2016/06/20 17:53:33,2626973b75d9d78ccad49b0cd14e79a2d2a12ded,43bfd96eaf24e8acb04ec735e0a47290ca10ab9d,持卡人消费,学士楼商务网关,-3.6,22.31,5845,正常
2016/06/20 19:21:38,2626973b75d9d78ccad49b0cd14e79a2d2a12ded,43bfd96eaf24e8acb04ec735e0a47290ca10ab9d,持卡人消费,15公寓浴池,-0.13,22.18,5847,正常
2016/06/20 19:23:46,2626973b75d9d78ccad49b0cd14e79a2d2a12ded,43bfd96eaf24e8acb04ec735e0a47290ca10ab9d,持卡人消费,15公寓浴池,-0.26,21.92,5849,正常
2016/06/20 19:28:12,2626973b75d9d78ccad49b0cd14e79a2d2a12ded,43bfd96eaf24e8acb04ec735e0a47290ca10ab9d,持卡人消费,15公寓浴池,-0.22,21.70,5851,正常
2016/06/20 19:31:47,2626973b75d9d78ccad49b0cd14e79a2d2a12ded,43bfd96eaf24e8acb04ec735e0a47290ca10ab9d,持卡人消费,15公寓浴池,-0.26,21.44,5853,正常
2016/06/21 11:19:32,2626973b75d9d78ccad49b0cd14e79a2d2a12ded,43bfd96eaf24e8acb04ec735e0a47290ca10ab9d,存款,卡中心综合业务,50.0,71.44,5854,正常
2016/06/21 11:21:43,2626973b75d9d78ccad49b0cd14e79a2d2a12ded,43bfd96eaf24e8acb04ec735e0a47290ca10ab9d,持卡人消费,学苑楼商务网关,-8.8,62.64,5855,正常
2016/06/23 17:01:21,2626973b75d9d78ccad49b0cd14e79a2d2a12ded,43bfd96eaf24e8acb04ec735e0a47290ca10ab9d,持卡人消费,学士楼商务网关,-6.21,56.43,5856,正常
2016/06/23 17:02:09,2626973b75d9d78ccad49b0cd14e79a2d2a12ded,43bfd96eaf24e8acb04ec735e0a47290ca10ab9d,持卡人消费,学士楼商务网关,-0.5,55.93,5857,正常
2016/06/23 17:02:54,2626973b75d9d78ccad49b0cd14e79a2d2a12ded,43bfd96eaf24e8acb04ec735e0a47290ca10ab9d,持卡人消费,学士楼商务网关,-3.0,52.93,5858,正常
2016/06/24 12:45:36,2626973b75d9d78ccad49b0cd14e79a2d2a12ded,43bfd96eaf24e8acb04ec735e0a47290ca10ab9d,持卡人消费,学士楼商务网关,-7.82,45.11,5859,正常
2016/06/24 12:46:12,2626973b75d9d78ccad49b0cd14e79a2d2a12ded,43bfd96eaf24e8acb04ec735e0a47290ca10ab9d,持卡人消费,学士楼商务网关,-0.2,44.91,5860,正常
2016/06/24 12:46:57,2626973b75d9d78ccad49b0cd14e79a2d2a12ded,43bfd96eaf24e8acb04ec735e0a47290ca10ab9d,持卡人消费,学士楼商务网关,-1.3,43.61,5861,正常
2016/06/24 20:34:39,2626973b75d9d78ccad49b0cd14e79a2d2a12ded,43bfd96eaf24e8acb04ec735e0a47290ca10ab9d,持卡人消费,15公寓浴池,-0.13,43.48,5863,正常
2016/06/24 20:36:13,2626973b75d9d78ccad49b0cd14e79a2d2a12ded,43bfd96eaf24e8acb04ec735e0a47290ca10ab9d,持卡人消费,15公寓浴池,-0.16,43.32,5865,正常
2016/06/24 20:37:25,2626973b75d9d78ccad49b0cd14e79a2d2a12ded,43bfd96eaf24e8acb04ec735e0a47290ca10ab9d,持卡人消费,15公寓浴池,-0.11,43.21,5867,正常
2016/06/24 20:40:50,2626973b75d9d78ccad49b0cd14e79a2d2a12ded,43bfd96eaf24e8acb04ec735e0a47290ca10ab9d,持卡人消费,15公寓浴池,-0.24,42.97,5869,正常
2016/06/24 20:45:16,2626973b75d9d78ccad49b0cd14e79a2d2a12ded,43bfd96eaf24e8acb04ec735e0a47290ca10ab9d,持卡人消费,15公寓浴池,-0.34,42.63,5871,正常
2016/06/25 11:21:41,2626973b75d9d78ccad49b0cd14e79a2d2a12ded,43bfd96eaf24e8acb04ec735e0a47290ca10ab9d,持卡人消费,学士楼商务网关,-0.2,42.43,5872,正常
2016/06/25 11:23:08,2626973b75d9d78ccad49b0cd14e79a2d2a12ded,43bfd96eaf24e8acb04ec735e0a47290ca10ab9d,持卡人消费,学士楼商务网关,-4.0,38.43,5873,正常
2016/06/25 11:23:40,2626973b75d9d78ccad49b0cd14e79a2d2a12ded,43bfd96eaf24e8acb04ec735e0a47290ca10ab9d,持卡人消费,学士楼商务网关,-3.3,35.13,5874,正常
2016/06/25 17:33:48,2626973b75d9d78ccad49b0cd14e79a2d2a12ded,43bfd96eaf24e8acb04ec735e0a47290ca10ab9d,持卡人消费,学士楼商务网关,-4.6,30.53,5875,正常
2016/06/25 17:34:20,2626973b75d9d78ccad49b0cd14e79a2d2a12ded,43bfd96eaf24e8acb04ec735e0a47290ca10ab9d,持卡人消费,学士楼商务网关,-3.0,27.53,5876,正常
2016/06/26 11:40:53,2626973b75d9d78ccad49b0cd14e79a2d2a12ded,43bfd96eaf24e8acb04ec735e0a47290ca10ab9d,持卡人消费,学士楼商务网关,-5.0,22.53,5877,正常
2016/06/26 11:42:07,2626973b75d9d78ccad49b0cd14e79a2d2a12ded,43bfd96eaf24e8acb04ec735e0a47290ca10ab9d,持卡人消费,学士楼商务网关,-4.1,18.43,5878,正常
2016/06/26 16:51:59,2626973b75d9d78ccad49b0cd14e79a2d2a12ded,43bfd96eaf24e8acb04ec735e0a47290ca10ab9d,持卡人消费,15公寓浴池,-0.43,18.00,5880,正常
2016/06/26 16:55:56,2626973b75d9d78ccad49b0cd14e79a2d2a12ded,43bfd96eaf24e8acb04ec735e0a47290ca10ab9d,持卡人消费,15公寓浴池,-0.38,17.62,5882,正常
2016/06/26 17:02:32,2626973b75d9d78ccad49b0cd14e79a2d2a12ded,43bfd96eaf24e8acb04ec735e0a47290ca10ab9d,持卡人消费,15公寓浴池,-0.7,16.92,5884,正常
2016/06/26 17:08:07,2626973b75d9d78ccad49b0cd14e79a2d2a12ded,43bfd96eaf24e8acb04ec735e0a47290ca10ab9d,持卡人消费,15公寓浴池,-0.88,16.04,5886,正常
2016/06/26 17:09:53,2626973b75d9d78ccad49b0cd14e79a2d2a12ded,43bfd96eaf24e8acb04ec735e0a47290ca10ab9d,持卡人消费,15公寓浴池,-0.26,15.78,5888,正常
2016/06/28 11:37:49,2626973b75d9d78ccad49b0cd14e79a2d2a12ded,43bfd96eaf24e8acb04ec735e0a47290ca10ab9d,存款,学苑楼综合业务3,50.0,65.78,5889,正常
2016/06/28 11:40:26,2626973b75d9d78ccad49b0cd14e79a2d2a12ded,43bfd96eaf24e8acb04ec735e0a47290ca10ab9d,持卡人消费,学苑楼商务网关,-6.4,59.38,5890,正常
2016/06/28 20:27:06,2626973b75d9d78ccad49b0cd14e79a2d2a12ded,43bfd96eaf24e8acb04ec735e0a47290ca10ab9d,持卡人消费,15公寓浴池,-0.1,59.28,5892,正常
2016/06/28 20:29:42,2626973b75d9d78ccad49b0cd14e79a2d2a12ded,43bfd96eaf24e8acb04ec735e0a47290ca10ab9d,持卡人消费,15公寓浴池,-0.34,58.94,5894,正常
2016/06/28 20:34:10,2626973b75d9d78ccad49b0cd14e79a2d2a12ded,43bfd96eaf24e8acb04ec735e0a47290ca10ab9d,持卡人消费,15公寓浴池,-0.3,58.64,5896,正常
2016/06/28 20:37:53,2626973b75d9d78ccad49b0cd14e79a2d2a12ded,43bfd96eaf24e8acb04ec735e0a47290ca10ab9d,持卡人消费,15公寓浴池,-0.29,58.35,5898,正常
2016/06/29 12:19:51,2626973b75d9d78ccad49b0cd14e79a2d2a12ded,43bfd96eaf24e8acb04ec735e0a47290ca10ab9d,持卡人消费,学士楼商务网关,-4.6,53.75,5899,正常
2016/06/29 12:20:27,2626973b75d9d78ccad49b0cd14e79a2d2a12ded,43bfd96eaf24e8acb04ec735e0a47290ca10ab9d,持卡人消费,学士楼商务网关,-0.2,53.55,5900,正常
2016/06/29 12:21:41,2626973b75d9d78ccad49b0cd14e79a2d2a12ded,43bfd96eaf24e8acb04ec735e0a47290ca10ab9d,持卡人消费,学士楼商务网关,-2.0,51.55,5901,正常
2016/06/30 12:10:41,2626973b75d9d78ccad49b0cd14e79a2d2a12ded,43bfd96eaf24e8acb04ec735e0a47290ca10ab9d,持卡人消费,学士楼商务网关,-4.0,47.55,5902,正常
2016/06/30 12:11:17,2626973b75d9d78ccad49b0cd14e79a2d2a12ded,43bfd96eaf24e8acb04ec735e0a47290ca10ab9d,持卡人消费,学士楼商务网关,-0.2,47.35,5903,正常
