交易发生时间,学号,姓名,交易类型,子系统名称,交易额,现有余额,次数,状态
2016/06/02 19:28:15,d229e335fb8897cb3c43ea65c82aad89eaa1f7db,43cb4d64fbcf0f97e9cd5cbc300a077eef83bd70,持卡人消费,一校区水控新,-0.42,28.56,2824,正常
2016/06/02 19:30:09,d229e335fb8897cb3c43ea65c82aad89eaa1f7db,43cb4d64fbcf0f97e9cd5cbc300a077eef83bd70,持卡人消费,一校区水控新,-0.29,28.27,2826,正常
2016/06/02 19:33:06,d229e335fb8897cb3c43ea65c82aad89eaa1f7db,43cb4d64fbcf0f97e9cd5cbc300a077eef83bd70,持卡人消费,一校区水控新,-0.4,27.87,2828,正常
2016/06/03 16:35:04,d229e335fb8897cb3c43ea65c82aad89eaa1f7db,43cb4d64fbcf0f97e9cd5cbc300a077eef83bd70,持卡人消费,硕果园（工大商店）,-7.0,20.87,2829,正常
2016/06/03 16:49:27,d229e335fb8897cb3c43ea65c82aad89eaa1f7db,43cb4d64fbcf0f97e9cd5cbc300a077eef83bd70,持卡人消费,超市商务子系统,-5.5,15.37,2830,正常
2016/06/03 16:55:46,d229e335fb8897cb3c43ea65c82aad89eaa1f7db,43cb4d64fbcf0f97e9cd5cbc300a077eef83bd70,持卡人消费,超市商务子系统,-4.1,11.27,2831,正常
2016/06/04 11:14:24,d229e335fb8897cb3c43ea65c82aad89eaa1f7db,43cb4d64fbcf0f97e9cd5cbc300a077eef83bd70,持卡人消费,学苑楼商务网关,-6.0,5.27,2832,正常
2016/06/04 11:15:40,d229e335fb8897cb3c43ea65c82aad89eaa1f7db,43cb4d64fbcf0f97e9cd5cbc300a077eef83bd70,持卡人消费,学苑楼商务网关,-0.8,4.47,2833,正常
2016/06/04 11:16:37,d229e335fb8897cb3c43ea65c82aad89eaa1f7db,43cb4d64fbcf0f97e9cd5cbc300a077eef83bd70,持卡人消费,学苑楼商务网关,-3.0,1.47,2834,正常
2016/06/06 13:51:28,d229e335fb8897cb3c43ea65c82aad89eaa1f7db,43cb4d64fbcf0f97e9cd5cbc300a077eef83bd70,持卡人消费,学子便利店A01后楼,-1.0,0.47,2835,正常
2016/06/07 07:35:47,d229e335fb8897cb3c43ea65c82aad89eaa1f7db,43cb4d64fbcf0f97e9cd5cbc300a077eef83bd70,存款,现金充值机,100.0,100.47,2836,正常
2016/06/07 07:57:14,d229e335fb8897cb3c43ea65c82aad89eaa1f7db,43cb4d64fbcf0f97e9cd5cbc300a077eef83bd70,持卡人消费,学苑楼商务网关,-9.0,91.47,2837,正常
2016/06/07 08:35:04,d229e335fb8897cb3c43ea65c82aad89eaa1f7db,43cb4d64fbcf0f97e9cd5cbc300a077eef83bd70,持卡人消费,网络中心,-30.0,61.47,2838,正常
2016/06/07 13:49:22,d229e335fb8897cb3c43ea65c82aad89eaa1f7db,43cb4d64fbcf0f97e9cd5cbc300a077eef83bd70,持卡人消费,学子便利店A01后楼,-8.8,52.67,2839,正常
2016/06/08 08:00:45,d229e335fb8897cb3c43ea65c82aad89eaa1f7db,43cb4d64fbcf0f97e9cd5cbc300a077eef83bd70,持卡人消费,学苑楼商务网关,-9.0,43.67,2840,正常
2016/06/13 19:46:06,d229e335fb8897cb3c43ea65c82aad89eaa1f7db,43cb4d64fbcf0f97e9cd5cbc300a077eef83bd70,持卡人消费,学子便利店A01后楼,-5.7,37.97,2841,正常
2016/06/15 14:01:57,d229e335fb8897cb3c43ea65c82aad89eaa1f7db,43cb4d64fbcf0f97e9cd5cbc300a077eef83bd70,持卡人消费,一校区水控新,-0.48,37.49,2842,正常
2016/06/15 14:06:56,d229e335fb8897cb3c43ea65c82aad89eaa1f7db,43cb4d64fbcf0f97e9cd5cbc300a077eef83bd70,持卡人消费,一校区水控新,-0.64,36.85,2843,正常
2016/06/16 08:00:43,d229e335fb8897cb3c43ea65c82aad89eaa1f7db,43cb4d64fbcf0f97e9cd5cbc300a077eef83bd70,持卡人消费,学苑楼商务网关,-9.0,27.85,2844,正常
2016/06/16 11:27:14,d229e335fb8897cb3c43ea65c82aad89eaa1f7db,43cb4d64fbcf0f97e9cd5cbc300a077eef83bd70,持卡人消费,学士楼商务网关,-12.0,15.85,2845,正常
2016/06/16 11:29:30,d229e335fb8897cb3c43ea65c82aad89eaa1f7db,43cb4d64fbcf0f97e9cd5cbc300a077eef83bd70,持卡人消费,学士楼商务网关,-4.8,11.05,2846,正常
2016/06/16 15:08:41,d229e335fb8897cb3c43ea65c82aad89eaa1f7db,43cb4d64fbcf0f97e9cd5cbc300a077eef83bd70,持卡人消费,超市商务子系统,-5.5,5.55,2847,正常
2016/06/17 07:57:43,d229e335fb8897cb3c43ea65c82aad89eaa1f7db,43cb4d64fbcf0f97e9cd5cbc300a077eef83bd70,存款,现金充值机,100.0,105.55,2848,正常
2016/06/17 08:19:25,d229e335fb8897cb3c43ea65c82aad89eaa1f7db,43cb4d64fbcf0f97e9cd5cbc300a077eef83bd70,持卡人消费,学苑楼商务网关,-9.0,96.55,2849,正常
2016/06/27 16:57:31,d229e335fb8897cb3c43ea65c82aad89eaa1f7db,43cb4d64fbcf0f97e9cd5cbc300a077eef83bd70,持卡人消费,超市商务子系统,-21.3,75.25,2850,正常
2016/06/28 20:19:13,d229e335fb8897cb3c43ea65c82aad89eaa1f7db,43cb4d64fbcf0f97e9cd5cbc300a077eef83bd70,持卡人消费,学子超市园丁总店,-11.0,64.25,2851,正常
2016/06/29 16:26:53,d229e335fb8897cb3c43ea65c82aad89eaa1f7db,43cb4d64fbcf0f97e9cd5cbc300a077eef83bd70,持卡人消费,一校区水控新,-1.34,62.91,2853,正常
