交易发生时间,学号,姓名,交易类型,子系统名称,交易额,现有余额,次数,状态
2016/06/01 07:33:45,e9f7df75f3bd4a2220934e221a53963d7d1dcee4,5b1e12551e9872364a175f4530994e0c1dc056fe,持卡人消费,五食堂商务网关,-4.5,36.37,5296,正常
2016/06/01 07:51:02,e9f7df75f3bd4a2220934e221a53963d7d1dcee4,5b1e12551e9872364a175f4530994e0c1dc056fe,持卡人消费,学子便利店B05,-10.0,26.37,5297,正常
2016/06/02 08:18:29,e9f7df75f3bd4a2220934e221a53963d7d1dcee4,5b1e12551e9872364a175f4530994e0c1dc056fe,持卡人消费,五食堂商务网关,-2.0,24.37,5298,正常
2016/06/02 11:57:50,e9f7df75f3bd4a2220934e221a53963d7d1dcee4,5b1e12551e9872364a175f4530994e0c1dc056fe,持卡人消费,五食堂商务网关,-4.9,19.47,5299,正常
2016/06/02 13:18:25,e9f7df75f3bd4a2220934e221a53963d7d1dcee4,5b1e12551e9872364a175f4530994e0c1dc056fe,持卡人消费,学子便利店B07,-2.0,17.47,5300,正常
2016/06/02 17:48:07,e9f7df75f3bd4a2220934e221a53963d7d1dcee4,5b1e12551e9872364a175f4530994e0c1dc056fe,持卡人消费,五食堂商务网关,-4.8,12.67,5301,正常
2016/06/03 08:09:17,e9f7df75f3bd4a2220934e221a53963d7d1dcee4,5b1e12551e9872364a175f4530994e0c1dc056fe,持卡人消费,五食堂商务网关,-2.0,10.67,5302,正常
2016/06/03 11:50:47,e9f7df75f3bd4a2220934e221a53963d7d1dcee4,5b1e12551e9872364a175f4530994e0c1dc056fe,持卡人消费,五食堂商务网关,-4.9,5.77,5303,正常
2016/06/04 07:44:25,e9f7df75f3bd4a2220934e221a53963d7d1dcee4,5b1e12551e9872364a175f4530994e0c1dc056fe,持卡人消费,五食堂商务网关,-2.7,3.07,5304,正常
2016/06/04 17:35:43,e9f7df75f3bd4a2220934e221a53963d7d1dcee4,5b1e12551e9872364a175f4530994e0c1dc056fe,存款,现金充值机,100.0,103.07,5305,正常
2016/06/04 17:41:15,e9f7df75f3bd4a2220934e221a53963d7d1dcee4,5b1e12551e9872364a175f4530994e0c1dc056fe,持卡人消费,五食堂商务网关,-5.2,97.87,5306,正常
2016/06/04 20:05:29,e9f7df75f3bd4a2220934e221a53963d7d1dcee4,5b1e12551e9872364a175f4530994e0c1dc056fe,持卡人消费,二区水控,-0.06,97.81,5307,正常
2016/06/04 20:07:15,e9f7df75f3bd4a2220934e221a53963d7d1dcee4,5b1e12551e9872364a175f4530994e0c1dc056fe,持卡人消费,二区水控,-0.3,97.51,5309,正常
2016/06/04 20:12:51,e9f7df75f3bd4a2220934e221a53963d7d1dcee4,5b1e12551e9872364a175f4530994e0c1dc056fe,持卡人消费,二区水控,-1.01,96.50,5311,正常
2016/06/04 20:17:36,e9f7df75f3bd4a2220934e221a53963d7d1dcee4,5b1e12551e9872364a175f4530994e0c1dc056fe,持卡人消费,二区水控,-0.43,96.07,5313,正常
2016/06/04 20:20:15,e9f7df75f3bd4a2220934e221a53963d7d1dcee4,5b1e12551e9872364a175f4530994e0c1dc056fe,持卡人消费,二区水控,-0.11,95.96,5315,正常
2016/06/04 20:23:48,e9f7df75f3bd4a2220934e221a53963d7d1dcee4,5b1e12551e9872364a175f4530994e0c1dc056fe,持卡人消费,二区水控,-0.46,95.50,5317,正常
2016/06/06 07:59:14,e9f7df75f3bd4a2220934e221a53963d7d1dcee4,5b1e12551e9872364a175f4530994e0c1dc056fe,持卡人消费,五食堂商务网关,-2.7,92.80,5318,正常
2016/06/06 07:59:19,e9f7df75f3bd4a2220934e221a53963d7d1dcee4,5b1e12551e9872364a175f4530994e0c1dc056fe,持卡人消费,五食堂商务网关,-0.5,92.30,5319,正常
2016/06/06 11:36:27,e9f7df75f3bd4a2220934e221a53963d7d1dcee4,5b1e12551e9872364a175f4530994e0c1dc056fe,持卡人消费,五食堂商务网关,-5.8,86.50,5320,正常
2016/06/07 07:34:22,e9f7df75f3bd4a2220934e221a53963d7d1dcee4,5b1e12551e9872364a175f4530994e0c1dc056fe,持卡人消费,五食堂商务网关,-3.2,83.30,5321,正常
2016/06/07 11:41:28,e9f7df75f3bd4a2220934e221a53963d7d1dcee4,5b1e12551e9872364a175f4530994e0c1dc056fe,持卡人消费,五食堂商务网关,-4.8,78.50,5322,正常
2016/06/07 16:45:48,e9f7df75f3bd4a2220934e221a53963d7d1dcee4,5b1e12551e9872364a175f4530994e0c1dc056fe,持卡人消费,学子便利店B07,-1.0,77.50,5323,正常
2016/06/08 11:31:54,e9f7df75f3bd4a2220934e221a53963d7d1dcee4,5b1e12551e9872364a175f4530994e0c1dc056fe,持卡人消费,五食堂商务网关,-4.8,72.70,5324,正常
2016/06/09 11:57:59,e9f7df75f3bd4a2220934e221a53963d7d1dcee4,5b1e12551e9872364a175f4530994e0c1dc056fe,持卡人消费,五食堂商务网关,-6.8,65.90,5325,正常
2016/06/09 12:17:44,e9f7df75f3bd4a2220934e221a53963d7d1dcee4,5b1e12551e9872364a175f4530994e0c1dc056fe,持卡人消费,五食堂商务网关,-0.1,65.80,5326,正常
2016/06/09 17:19:20,e9f7df75f3bd4a2220934e221a53963d7d1dcee4,5b1e12551e9872364a175f4530994e0c1dc056fe,持卡人消费,五食堂商务网关,-4.9,60.90,5327,正常
2016/06/10 17:11:34,e9f7df75f3bd4a2220934e221a53963d7d1dcee4,5b1e12551e9872364a175f4530994e0c1dc056fe,持卡人消费,五食堂商务网关,-3.9,57.00,5328,正常
2016/06/11 11:42:13,e9f7df75f3bd4a2220934e221a53963d7d1dcee4,5b1e12551e9872364a175f4530994e0c1dc056fe,持卡人消费,五食堂商务网关,-4.9,52.10,5329,正常
2016/06/11 16:44:12,e9f7df75f3bd4a2220934e221a53963d7d1dcee4,5b1e12551e9872364a175f4530994e0c1dc056fe,持卡人消费,五食堂商务网关,-4.9,47.20,5330,正常
2016/06/11 19:47:45,e9f7df75f3bd4a2220934e221a53963d7d1dcee4,5b1e12551e9872364a175f4530994e0c1dc056fe,持卡人消费,学子便利店B07,-1.6,45.60,5331,正常
2016/06/12 07:41:54,e9f7df75f3bd4a2220934e221a53963d7d1dcee4,5b1e12551e9872364a175f4530994e0c1dc056fe,持卡人消费,五食堂商务网关,-3.2,42.40,5332,正常
2016/06/12 07:43:15,e9f7df75f3bd4a2220934e221a53963d7d1dcee4,5b1e12551e9872364a175f4530994e0c1dc056fe,持卡人消费,五食堂商务网关,-0.8,41.60,5333,正常
2016/06/12 11:22:32,e9f7df75f3bd4a2220934e221a53963d7d1dcee4,5b1e12551e9872364a175f4530994e0c1dc056fe,持卡人消费,五食堂商务网关,-9.9,31.70,5334,正常
2016/06/12 16:59:49,e9f7df75f3bd4a2220934e221a53963d7d1dcee4,5b1e12551e9872364a175f4530994e0c1dc056fe,持卡人消费,二区水控,-1.5,30.20,5336,正常
2016/06/12 17:01:50,e9f7df75f3bd4a2220934e221a53963d7d1dcee4,5b1e12551e9872364a175f4530994e0c1dc056fe,持卡人消费,二区水控,-0.03,30.17,5338,正常
2016/06/12 17:05:21,e9f7df75f3bd4a2220934e221a53963d7d1dcee4,5b1e12551e9872364a175f4530994e0c1dc056fe,持卡人消费,二区水控,-0.37,29.80,5340,正常
2016/06/12 17:08:31,e9f7df75f3bd4a2220934e221a53963d7d1dcee4,5b1e12551e9872364a175f4530994e0c1dc056fe,持卡人消费,二区水控,-0.16,29.64,5342,正常
2016/06/12 19:19:11,e9f7df75f3bd4a2220934e221a53963d7d1dcee4,5b1e12551e9872364a175f4530994e0c1dc056fe,持卡人消费,学子便利店B07,-5.5,24.14,5343,正常
2016/06/13 07:47:48,e9f7df75f3bd4a2220934e221a53963d7d1dcee4,5b1e12551e9872364a175f4530994e0c1dc056fe,持卡人消费,五食堂商务网关,-2.5,21.64,5344,正常
2016/06/13 07:48:08,e9f7df75f3bd4a2220934e221a53963d7d1dcee4,5b1e12551e9872364a175f4530994e0c1dc056fe,持卡人消费,五食堂商务网关,-1.0,20.64,5345,正常
2016/06/13 10:52:02,e9f7df75f3bd4a2220934e221a53963d7d1dcee4,5b1e12551e9872364a175f4530994e0c1dc056fe,持卡人消费,五食堂商务网关,-4.9,15.74,5346,正常
2016/06/13 16:54:41,e9f7df75f3bd4a2220934e221a53963d7d1dcee4,5b1e12551e9872364a175f4530994e0c1dc056fe,持卡人消费,五食堂商务网关,-3.5,12.24,5347,正常
2016/06/13 16:55:02,e9f7df75f3bd4a2220934e221a53963d7d1dcee4,5b1e12551e9872364a175f4530994e0c1dc056fe,持卡人消费,五食堂商务网关,-3.9,8.34,5348,正常
2016/06/14 07:52:24,e9f7df75f3bd4a2220934e221a53963d7d1dcee4,5b1e12551e9872364a175f4530994e0c1dc056fe,持卡人消费,五食堂商务网关,-2.5,5.84,5349,正常
2016/06/14 11:28:37,e9f7df75f3bd4a2220934e221a53963d7d1dcee4,5b1e12551e9872364a175f4530994e0c1dc056fe,持卡人消费,五食堂商务网关,-4.1,1.74,5350,正常
2016/06/16 15:25:22,e9f7df75f3bd4a2220934e221a53963d7d1dcee4,5b1e12551e9872364a175f4530994e0c1dc056fe,持卡人消费,学子便利店B07,-0.5,1.24,5351,正常
2016/06/16 17:18:14,e9f7df75f3bd4a2220934e221a53963d7d1dcee4,5b1e12551e9872364a175f4530994e0c1dc056fe,存款,现金充值机,30.0,31.24,5352,正常
2016/06/16 17:22:50,e9f7df75f3bd4a2220934e221a53963d7d1dcee4,5b1e12551e9872364a175f4530994e0c1dc056fe,持卡人消费,五食堂商务网关,-5.1,26.14,5353,正常
2016/06/17 09:53:01,e9f7df75f3bd4a2220934e221a53963d7d1dcee4,5b1e12551e9872364a175f4530994e0c1dc056fe,持卡人消费,学子便利店B07,-3.9,22.24,5354,正常
2016/06/17 11:01:57,e9f7df75f3bd4a2220934e221a53963d7d1dcee4,5b1e12551e9872364a175f4530994e0c1dc056fe,持卡人消费,五食堂商务网关,-4.7,17.54,5355,正常
2016/06/17 19:57:54,e9f7df75f3bd4a2220934e221a53963d7d1dcee4,5b1e12551e9872364a175f4530994e0c1dc056fe,持卡人消费,二区水控,-1.02,16.52,5357,正常
2016/06/17 20:04:09,e9f7df75f3bd4a2220934e221a53963d7d1dcee4,5b1e12551e9872364a175f4530994e0c1dc056fe,持卡人消费,二区水控,-0.56,15.96,5359,正常
2016/06/18 08:14:41,e9f7df75f3bd4a2220934e221a53963d7d1dcee4,5b1e12551e9872364a175f4530994e0c1dc056fe,持卡人消费,五食堂商务网关,-4.0,11.96,5360,正常
2016/06/18 11:35:55,e9f7df75f3bd4a2220934e221a53963d7d1dcee4,5b1e12551e9872364a175f4530994e0c1dc056fe,持卡人消费,五食堂商务网关,-3.8,8.16,5361,正常
2016/06/18 11:36:50,e9f7df75f3bd4a2220934e221a53963d7d1dcee4,5b1e12551e9872364a175f4530994e0c1dc056fe,持卡人消费,五食堂商务网关,-6.0,2.16,5362,正常
2016/06/19 08:33:03,e9f7df75f3bd4a2220934e221a53963d7d1dcee4,5b1e12551e9872364a175f4530994e0c1dc056fe,持卡人消费,学子便利店B07,-2.0,0.16,5363,正常
2016/06/21 11:07:13,e9f7df75f3bd4a2220934e221a53963d7d1dcee4,5b1e12551e9872364a175f4530994e0c1dc056fe,存款,现金充值机,100.0,100.16,5364,正常
2016/06/21 11:13:09,e9f7df75f3bd4a2220934e221a53963d7d1dcee4,5b1e12551e9872364a175f4530994e0c1dc056fe,持卡人消费,五食堂商务网关,-8.9,91.26,5365,正常
2016/06/21 17:19:53,e9f7df75f3bd4a2220934e221a53963d7d1dcee4,5b1e12551e9872364a175f4530994e0c1dc056fe,持卡人消费,五食堂商务网关,-4.8,86.46,5366,正常
2016/06/21 22:02:59,e9f7df75f3bd4a2220934e221a53963d7d1dcee4,5b1e12551e9872364a175f4530994e0c1dc056fe,持卡人消费,学子便利店B07,-3.0,83.46,5367,正常
2016/06/22 07:31:51,e9f7df75f3bd4a2220934e221a53963d7d1dcee4,5b1e12551e9872364a175f4530994e0c1dc056fe,持卡人消费,五食堂商务网关,-2.1,81.36,5368,正常
2016/06/22 11:10:15,e9f7df75f3bd4a2220934e221a53963d7d1dcee4,5b1e12551e9872364a175f4530994e0c1dc056fe,持卡人消费,五食堂商务网关,-6.0,75.36,5369,正常
2016/06/22 20:10:42,e9f7df75f3bd4a2220934e221a53963d7d1dcee4,5b1e12551e9872364a175f4530994e0c1dc056fe,持卡人消费,二区水控,-1.04,74.32,5371,正常
2016/06/22 20:15:14,e9f7df75f3bd4a2220934e221a53963d7d1dcee4,5b1e12551e9872364a175f4530994e0c1dc056fe,持卡人消费,二区水控,-0.64,73.68,5373,正常
2016/06/22 20:20:18,e9f7df75f3bd4a2220934e221a53963d7d1dcee4,5b1e12551e9872364a175f4530994e0c1dc056fe,持卡人消费,二区水控,-0.46,73.22,5375,正常
2016/06/22 22:10:00,e9f7df75f3bd4a2220934e221a53963d7d1dcee4,5b1e12551e9872364a175f4530994e0c1dc056fe,持卡人消费,学子便利店B07,-2.5,70.72,5376,正常
2016/06/23 07:41:29,e9f7df75f3bd4a2220934e221a53963d7d1dcee4,5b1e12551e9872364a175f4530994e0c1dc056fe,持卡人消费,五食堂商务网关,-2.2,68.52,5377,正常
2016/06/23 11:40:15,e9f7df75f3bd4a2220934e221a53963d7d1dcee4,5b1e12551e9872364a175f4530994e0c1dc056fe,持卡人消费,五食堂商务网关,-4.9,63.62,5378,正常
2016/06/23 22:15:29,e9f7df75f3bd4a2220934e221a53963d7d1dcee4,5b1e12551e9872364a175f4530994e0c1dc056fe,持卡人消费,学子便利店B07,-12.2,51.42,5379,正常
2016/06/24 07:58:23,e9f7df75f3bd4a2220934e221a53963d7d1dcee4,5b1e12551e9872364a175f4530994e0c1dc056fe,持卡人消费,五食堂商务网关,-1.5,49.92,5380,正常
2016/06/24 11:16:17,e9f7df75f3bd4a2220934e221a53963d7d1dcee4,5b1e12551e9872364a175f4530994e0c1dc056fe,持卡人消费,五食堂商务网关,-0.9,49.02,5381,正常
2016/06/24 11:16:53,e9f7df75f3bd4a2220934e221a53963d7d1dcee4,5b1e12551e9872364a175f4530994e0c1dc056fe,持卡人消费,五食堂商务网关,-5.9,43.12,5382,正常
2016/06/24 20:05:13,e9f7df75f3bd4a2220934e221a53963d7d1dcee4,5b1e12551e9872364a175f4530994e0c1dc056fe,持卡人消费,二区水控,-2.93,40.19,5384,正常
2016/06/24 22:07:07,e9f7df75f3bd4a2220934e221a53963d7d1dcee4,5b1e12551e9872364a175f4530994e0c1dc056fe,持卡人消费,学子便利店B07,-6.5,33.69,5385,正常
2016/06/25 08:45:47,e9f7df75f3bd4a2220934e221a53963d7d1dcee4,5b1e12551e9872364a175f4530994e0c1dc056fe,持卡人消费,学子便利店B07,-4.5,29.19,5386,正常
2016/06/26 13:19:49,e9f7df75f3bd4a2220934e221a53963d7d1dcee4,5b1e12551e9872364a175f4530994e0c1dc056fe,持卡人消费,学子便利店B07,-4.5,24.69,5387,正常
2016/06/26 22:16:06,e9f7df75f3bd4a2220934e221a53963d7d1dcee4,5b1e12551e9872364a175f4530994e0c1dc056fe,持卡人消费,学子便利店B07,-12.5,12.19,5388,正常
2016/06/27 08:04:20,e9f7df75f3bd4a2220934e221a53963d7d1dcee4,5b1e12551e9872364a175f4530994e0c1dc056fe,持卡人消费,五食堂商务网关,-2.5,9.69,5389,正常
2016/06/27 12:29:27,e9f7df75f3bd4a2220934e221a53963d7d1dcee4,5b1e12551e9872364a175f4530994e0c1dc056fe,持卡人消费,学子便利店B07,-6.9,2.79,5390,正常
2016/06/28 13:21:52,e9f7df75f3bd4a2220934e221a53963d7d1dcee4,5b1e12551e9872364a175f4530994e0c1dc056fe,持卡人消费,学子便利店B07,-0.8,1.99,5391,正常
2016/06/30 08:13:33,e9f7df75f3bd4a2220934e221a53963d7d1dcee4,5b1e12551e9872364a175f4530994e0c1dc056fe,存款,现金充值机,50.0,51.99,5392,正常
2016/06/30 08:19:25,e9f7df75f3bd4a2220934e221a53963d7d1dcee4,5b1e12551e9872364a175f4530994e0c1dc056fe,持卡人消费,五食堂商务网关,-2.1,49.89,5393,正常
2016/06/30 11:59:09,e9f7df75f3bd4a2220934e221a53963d7d1dcee4,5b1e12551e9872364a175f4530994e0c1dc056fe,持卡人消费,五食堂商务网关,-18.9,30.99,5394,正常
2016/06/30 12:39:42,e9f7df75f3bd4a2220934e221a53963d7d1dcee4,5b1e12551e9872364a175f4530994e0c1dc056fe,持卡人消费,二区水控,-1.34,29.65,5396,正常
2016/06/30 12:44:24,e9f7df75f3bd4a2220934e221a53963d7d1dcee4,5b1e12551e9872364a175f4530994e0c1dc056fe,持卡人消费,二区水控,-0.37,29.28,5398,正常
2016/06/30 12:46:15,e9f7df75f3bd4a2220934e221a53963d7d1dcee4,5b1e12551e9872364a175f4530994e0c1dc056fe,持卡人消费,二区水控,-0.22,29.06,5400,正常
2016/06/30 13:03:50,e9f7df75f3bd4a2220934e221a53963d7d1dcee4,5b1e12551e9872364a175f4530994e0c1dc056fe,持卡人消费,学子便利店B07,-1.0,28.06,5401,正常
2016/06/30 13:05:18,e9f7df75f3bd4a2220934e221a53963d7d1dcee4,5b1e12551e9872364a175f4530994e0c1dc056fe,持卡人消费,学子便利店B07,-7.2,20.86,5402,正常
2016/06/30 17:14:32,e9f7df75f3bd4a2220934e221a53963d7d1dcee4,5b1e12551e9872364a175f4530994e0c1dc056fe,持卡人消费,五食堂商务网关,-4.9,15.96,5403,正常
