交易发生时间,学号,姓名,交易类型,子系统名称,交易额,现有余额,次数,状态
2016/06/01 09:27:04,a1701d64d93f3a4c79f78a61316fd5da3bc18bfc,461607d19c3b8e003d2832db5a7cb8bf0e412b74,持卡人消费,学士楼商务网关,-4.5,135.48,6086,正常
2016/06/01 09:29:13,a1701d64d93f3a4c79f78a61316fd5da3bc18bfc,461607d19c3b8e003d2832db5a7cb8bf0e412b74,持卡人消费,学士楼商务网关,-1.0,134.48,6087,正常
2016/06/01 09:47:21,a1701d64d93f3a4c79f78a61316fd5da3bc18bfc,461607d19c3b8e003d2832db5a7cb8bf0e412b74,持卡人消费,超市商务子系统,-5.9,128.58,6088,正常
2016/06/01 12:41:33,a1701d64d93f3a4c79f78a61316fd5da3bc18bfc,461607d19c3b8e003d2832db5a7cb8bf0e412b74,持卡人消费,学子便利店A01后楼,-2.7,125.88,6089,正常
2016/06/01 13:49:39,a1701d64d93f3a4c79f78a61316fd5da3bc18bfc,461607d19c3b8e003d2832db5a7cb8bf0e412b74,持卡人消费,15公寓浴池,-0.69,125.19,6091,正常
2016/06/01 13:52:42,a1701d64d93f3a4c79f78a61316fd5da3bc18bfc,461607d19c3b8e003d2832db5a7cb8bf0e412b74,持卡人消费,15公寓浴池,-0.37,124.82,6093,正常
2016/06/01 13:59:42,a1701d64d93f3a4c79f78a61316fd5da3bc18bfc,461607d19c3b8e003d2832db5a7cb8bf0e412b74,持卡人消费,15公寓浴池,-0.37,124.45,6095,正常
2016/06/01 14:02:30,a1701d64d93f3a4c79f78a61316fd5da3bc18bfc,461607d19c3b8e003d2832db5a7cb8bf0e412b74,持卡人消费,15公寓浴池,-0.37,124.08,6097,正常
2016/06/01 14:03:08,a1701d64d93f3a4c79f78a61316fd5da3bc18bfc,461607d19c3b8e003d2832db5a7cb8bf0e412b74,持卡人消费,15公寓浴池,-0.05,124.03,6099,正常
2016/06/01 17:01:24,a1701d64d93f3a4c79f78a61316fd5da3bc18bfc,461607d19c3b8e003d2832db5a7cb8bf0e412b74,持卡人消费,学士楼商务网关,-5.3,118.73,6100,正常
2016/06/02 22:26:43,a1701d64d93f3a4c79f78a61316fd5da3bc18bfc,461607d19c3b8e003d2832db5a7cb8bf0e412b74,持卡人消费,学子便利店A01后楼,-7.8,110.93,6101,正常
2016/06/03 11:09:05,a1701d64d93f3a4c79f78a61316fd5da3bc18bfc,461607d19c3b8e003d2832db5a7cb8bf0e412b74,持卡人消费,南苑网关,-6.0,104.93,6102,正常
2016/06/03 17:08:29,a1701d64d93f3a4c79f78a61316fd5da3bc18bfc,461607d19c3b8e003d2832db5a7cb8bf0e412b74,持卡人消费,南苑网关,-8.64,96.29,6103,正常
2016/06/03 18:30:36,a1701d64d93f3a4c79f78a61316fd5da3bc18bfc,461607d19c3b8e003d2832db5a7cb8bf0e412b74,持卡人消费,网络中心,-30.0,66.29,6104,正常
2016/06/03 20:38:30,a1701d64d93f3a4c79f78a61316fd5da3bc18bfc,461607d19c3b8e003d2832db5a7cb8bf0e412b74,持卡人消费,学子便利店A01后楼,-5.3,60.99,6105,正常
2016/06/04 09:05:31,a1701d64d93f3a4c79f78a61316fd5da3bc18bfc,461607d19c3b8e003d2832db5a7cb8bf0e412b74,持卡人消费,学士楼商务网关,-2.6,58.39,6106,正常
2016/06/04 09:07:03,a1701d64d93f3a4c79f78a61316fd5da3bc18bfc,461607d19c3b8e003d2832db5a7cb8bf0e412b74,持卡人消费,学士楼商务网关,-2.0,56.39,6107,正常
2016/06/04 15:03:10,a1701d64d93f3a4c79f78a61316fd5da3bc18bfc,461607d19c3b8e003d2832db5a7cb8bf0e412b74,持卡人消费,15公寓浴池,-0.72,55.67,6109,正常
2016/06/04 15:06:03,a1701d64d93f3a4c79f78a61316fd5da3bc18bfc,461607d19c3b8e003d2832db5a7cb8bf0e412b74,持卡人消费,15公寓浴池,-0.35,55.32,6111,正常
2016/06/04 17:04:06,a1701d64d93f3a4c79f78a61316fd5da3bc18bfc,461607d19c3b8e003d2832db5a7cb8bf0e412b74,持卡人消费,南苑网关,-0.2,55.12,6112,正常
2016/06/04 17:04:21,a1701d64d93f3a4c79f78a61316fd5da3bc18bfc,461607d19c3b8e003d2832db5a7cb8bf0e412b74,持卡人消费,南苑网关,-12.48,42.64,6113,正常
2016/06/05 09:16:40,a1701d64d93f3a4c79f78a61316fd5da3bc18bfc,461607d19c3b8e003d2832db5a7cb8bf0e412b74,持卡人消费,学士楼商务网关,-6.0,36.64,6114,正常
2016/06/05 17:04:47,a1701d64d93f3a4c79f78a61316fd5da3bc18bfc,461607d19c3b8e003d2832db5a7cb8bf0e412b74,持卡人消费,南苑网关,-0.2,36.44,6115,正常
2016/06/05 17:04:59,a1701d64d93f3a4c79f78a61316fd5da3bc18bfc,461607d19c3b8e003d2832db5a7cb8bf0e412b74,持卡人消费,南苑网关,-11.76,24.68,6116,正常
2016/06/05 20:05:54,a1701d64d93f3a4c79f78a61316fd5da3bc18bfc,461607d19c3b8e003d2832db5a7cb8bf0e412b74,持卡人消费,15公寓浴池,-0.38,24.30,6118,正常
2016/06/05 20:06:13,a1701d64d93f3a4c79f78a61316fd5da3bc18bfc,461607d19c3b8e003d2832db5a7cb8bf0e412b74,持卡人消费,15公寓浴池,-0.03,24.27,6120,正常
2016/06/05 20:10:34,a1701d64d93f3a4c79f78a61316fd5da3bc18bfc,461607d19c3b8e003d2832db5a7cb8bf0e412b74,持卡人消费,15公寓浴池,-0.51,23.76,6122,正常
2016/06/05 20:21:03,a1701d64d93f3a4c79f78a61316fd5da3bc18bfc,461607d19c3b8e003d2832db5a7cb8bf0e412b74,持卡人消费,学子便利店A01后楼,-8.8,14.96,6123,正常
2016/06/06 07:39:11,a1701d64d93f3a4c79f78a61316fd5da3bc18bfc,461607d19c3b8e003d2832db5a7cb8bf0e412b74,持卡人消费,学士楼商务网关,-2.3,12.66,6124,正常
2016/06/06 11:03:43,a1701d64d93f3a4c79f78a61316fd5da3bc18bfc,461607d19c3b8e003d2832db5a7cb8bf0e412b74,存款,学苑楼综合业务3,40.0,52.66,6125,正常
2016/06/06 11:05:15,a1701d64d93f3a4c79f78a61316fd5da3bc18bfc,461607d19c3b8e003d2832db5a7cb8bf0e412b74,持卡人消费,学苑楼商务网关,-3.2,49.46,6126,正常
2016/06/06 11:09:41,a1701d64d93f3a4c79f78a61316fd5da3bc18bfc,461607d19c3b8e003d2832db5a7cb8bf0e412b74,持卡人消费,学士楼商务网关,-8.2,41.26,6127,正常
2016/06/06 17:30:50,a1701d64d93f3a4c79f78a61316fd5da3bc18bfc,461607d19c3b8e003d2832db5a7cb8bf0e412b74,持卡人消费,南苑网关,-7.0,34.26,6128,正常
2016/06/07 07:45:57,a1701d64d93f3a4c79f78a61316fd5da3bc18bfc,461607d19c3b8e003d2832db5a7cb8bf0e412b74,持卡人消费,学士楼商务网关,-4.8,29.46,6129,正常
2016/06/07 11:01:53,a1701d64d93f3a4c79f78a61316fd5da3bc18bfc,461607d19c3b8e003d2832db5a7cb8bf0e412b74,持卡人消费,南苑网关,-0.2,29.26,6130,正常
2016/06/07 11:02:17,a1701d64d93f3a4c79f78a61316fd5da3bc18bfc,461607d19c3b8e003d2832db5a7cb8bf0e412b74,持卡人消费,南苑网关,-12.0,17.26,6131,正常
2016/06/07 16:15:34,a1701d64d93f3a4c79f78a61316fd5da3bc18bfc,461607d19c3b8e003d2832db5a7cb8bf0e412b74,持卡人消费,硕果园（工大商店）,-13.0,4.26,6132,正常
2016/06/08 07:41:42,a1701d64d93f3a4c79f78a61316fd5da3bc18bfc,461607d19c3b8e003d2832db5a7cb8bf0e412b74,持卡人消费,学士楼商务网关,-4.0,0.26,6133,正常
2016/06/08 08:02:36,a1701d64d93f3a4c79f78a61316fd5da3bc18bfc,461607d19c3b8e003d2832db5a7cb8bf0e412b74,存款,学苑楼综合业务2,200.0,200.26,6134,正常
2016/06/08 11:26:18,a1701d64d93f3a4c79f78a61316fd5da3bc18bfc,461607d19c3b8e003d2832db5a7cb8bf0e412b74,持卡人消费,学士楼商务网关,-7.0,193.26,6135,正常
2016/06/08 11:27:00,a1701d64d93f3a4c79f78a61316fd5da3bc18bfc,461607d19c3b8e003d2832db5a7cb8bf0e412b74,持卡人消费,学士楼商务网关,-0.6,192.66,6136,正常
2016/06/08 17:04:30,a1701d64d93f3a4c79f78a61316fd5da3bc18bfc,461607d19c3b8e003d2832db5a7cb8bf0e412b74,持卡人消费,南苑网关,-13.68,178.98,6137,正常
2016/06/09 08:31:03,a1701d64d93f3a4c79f78a61316fd5da3bc18bfc,461607d19c3b8e003d2832db5a7cb8bf0e412b74,持卡人消费,学士楼商务网关,-1.3,177.68,6138,正常
2016/06/09 08:31:41,a1701d64d93f3a4c79f78a61316fd5da3bc18bfc,461607d19c3b8e003d2832db5a7cb8bf0e412b74,持卡人消费,学士楼商务网关,-2.6,175.08,6139,正常
2016/06/09 08:32:10,a1701d64d93f3a4c79f78a61316fd5da3bc18bfc,461607d19c3b8e003d2832db5a7cb8bf0e412b74,持卡人消费,学士楼商务网关,-1.0,174.08,6140,正常
2016/06/09 11:02:06,a1701d64d93f3a4c79f78a61316fd5da3bc18bfc,461607d19c3b8e003d2832db5a7cb8bf0e412b74,持卡人消费,学士楼商务网关,-11.1,162.98,6141,正常
2016/06/10 10:18:48,a1701d64d93f3a4c79f78a61316fd5da3bc18bfc,461607d19c3b8e003d2832db5a7cb8bf0e412b74,持卡人消费,学士楼商务网关,-6.0,156.98,6142,正常
2016/06/10 14:10:11,a1701d64d93f3a4c79f78a61316fd5da3bc18bfc,461607d19c3b8e003d2832db5a7cb8bf0e412b74,持卡人消费,15公寓浴池,-0.4,156.58,6144,正常
2016/06/10 14:14:12,a1701d64d93f3a4c79f78a61316fd5da3bc18bfc,461607d19c3b8e003d2832db5a7cb8bf0e412b74,持卡人消费,15公寓浴池,-0.5,156.08,6146,正常
2016/06/10 15:08:59,a1701d64d93f3a4c79f78a61316fd5da3bc18bfc,461607d19c3b8e003d2832db5a7cb8bf0e412b74,持卡人消费,学子便利店A01后楼,-6.8,149.28,6147,正常
2016/06/11 11:03:57,a1701d64d93f3a4c79f78a61316fd5da3bc18bfc,461607d19c3b8e003d2832db5a7cb8bf0e412b74,持卡人消费,南苑网关,-10.8,138.48,6148,正常
2016/06/11 14:19:42,a1701d64d93f3a4c79f78a61316fd5da3bc18bfc,461607d19c3b8e003d2832db5a7cb8bf0e412b74,持卡人消费,学子便利店A01后楼,-5.5,132.98,6149,正常
2016/06/12 08:57:25,a1701d64d93f3a4c79f78a61316fd5da3bc18bfc,461607d19c3b8e003d2832db5a7cb8bf0e412b74,持卡人消费,学子便利店A01后楼,-3.5,129.48,6150,正常
2016/06/12 11:02:42,a1701d64d93f3a4c79f78a61316fd5da3bc18bfc,461607d19c3b8e003d2832db5a7cb8bf0e412b74,持卡人消费,南苑网关,-11.28,118.20,6151,正常
2016/06/13 08:39:31,a1701d64d93f3a4c79f78a61316fd5da3bc18bfc,461607d19c3b8e003d2832db5a7cb8bf0e412b74,持卡人消费,学士楼商务网关,-3.6,114.60,6152,正常
2016/06/13 11:09:41,a1701d64d93f3a4c79f78a61316fd5da3bc18bfc,461607d19c3b8e003d2832db5a7cb8bf0e412b74,持卡人消费,学苑楼商务网关,-6.0,108.60,6153,正常
2016/06/13 11:18:32,a1701d64d93f3a4c79f78a61316fd5da3bc18bfc,461607d19c3b8e003d2832db5a7cb8bf0e412b74,持卡人消费,学苑楼商务网关,-2.6,106.00,6154,正常
2016/06/13 17:03:27,a1701d64d93f3a4c79f78a61316fd5da3bc18bfc,461607d19c3b8e003d2832db5a7cb8bf0e412b74,持卡人消费,南苑网关,-10.08,95.92,6155,正常
2016/06/14 08:43:59,a1701d64d93f3a4c79f78a61316fd5da3bc18bfc,461607d19c3b8e003d2832db5a7cb8bf0e412b74,持卡人消费,学士楼商务网关,-7.0,88.92,6156,正常
2016/06/14 10:46:29,a1701d64d93f3a4c79f78a61316fd5da3bc18bfc,461607d19c3b8e003d2832db5a7cb8bf0e412b74,持卡人消费,超市商务子系统,-3.5,85.42,6157,正常
2016/06/14 12:19:16,a1701d64d93f3a4c79f78a61316fd5da3bc18bfc,461607d19c3b8e003d2832db5a7cb8bf0e412b74,持卡人消费,学子便利店A01后楼,-6.5,78.92,6158,正常
2016/06/14 12:23:48,a1701d64d93f3a4c79f78a61316fd5da3bc18bfc,461607d19c3b8e003d2832db5a7cb8bf0e412b74,持卡人消费,15公寓浴池,-0.06,78.86,6160,正常
2016/06/14 12:26:18,a1701d64d93f3a4c79f78a61316fd5da3bc18bfc,461607d19c3b8e003d2832db5a7cb8bf0e412b74,持卡人消费,15公寓浴池,-0.43,78.43,6161,正常
2016/06/14 12:29:03,a1701d64d93f3a4c79f78a61316fd5da3bc18bfc,461607d19c3b8e003d2832db5a7cb8bf0e412b74,持卡人消费,15公寓浴池,-0.22,78.21,6162,正常
2016/06/14 12:34:42,a1701d64d93f3a4c79f78a61316fd5da3bc18bfc,461607d19c3b8e003d2832db5a7cb8bf0e412b74,持卡人消费,15公寓浴池,-0.46,77.75,6163,正常
2016/06/14 17:04:35,a1701d64d93f3a4c79f78a61316fd5da3bc18bfc,461607d19c3b8e003d2832db5a7cb8bf0e412b74,持卡人消费,南苑网关,-0.2,77.55,6164,正常
2016/06/14 17:04:45,a1701d64d93f3a4c79f78a61316fd5da3bc18bfc,461607d19c3b8e003d2832db5a7cb8bf0e412b74,持卡人消费,南苑网关,-11.28,66.27,6165,正常
2016/06/15 08:54:42,a1701d64d93f3a4c79f78a61316fd5da3bc18bfc,461607d19c3b8e003d2832db5a7cb8bf0e412b74,持卡人消费,学士楼商务网关,-3.6,62.67,6166,正常
2016/06/15 11:01:35,a1701d64d93f3a4c79f78a61316fd5da3bc18bfc,461607d19c3b8e003d2832db5a7cb8bf0e412b74,持卡人消费,南苑网关,-6.0,56.67,6167,正常
2016/06/15 17:05:56,a1701d64d93f3a4c79f78a61316fd5da3bc18bfc,461607d19c3b8e003d2832db5a7cb8bf0e412b74,持卡人消费,南苑网关,-12.0,44.67,6168,正常
2016/06/16 08:42:47,a1701d64d93f3a4c79f78a61316fd5da3bc18bfc,461607d19c3b8e003d2832db5a7cb8bf0e412b74,持卡人消费,学士楼商务网关,-3.9,40.77,6169,正常
2016/06/16 21:18:27,a1701d64d93f3a4c79f78a61316fd5da3bc18bfc,461607d19c3b8e003d2832db5a7cb8bf0e412b74,持卡人消费,学子便利店A01后楼,-5.5,35.27,6170,正常
2016/06/17 08:50:54,a1701d64d93f3a4c79f78a61316fd5da3bc18bfc,461607d19c3b8e003d2832db5a7cb8bf0e412b74,持卡人消费,学士楼商务网关,-3.8,31.47,6171,正常
2016/06/17 09:01:10,a1701d64d93f3a4c79f78a61316fd5da3bc18bfc,461607d19c3b8e003d2832db5a7cb8bf0e412b74,持卡人消费,硕果园（工大商店）,-5.9,25.57,6172,正常
2016/06/17 11:06:39,a1701d64d93f3a4c79f78a61316fd5da3bc18bfc,461607d19c3b8e003d2832db5a7cb8bf0e412b74,持卡人消费,学士楼商务网关,-3.6,21.97,6173,正常
2016/06/17 16:55:00,a1701d64d93f3a4c79f78a61316fd5da3bc18bfc,461607d19c3b8e003d2832db5a7cb8bf0e412b74,持卡人消费,15公寓浴池,-0.05,21.92,6175,正常
2016/06/17 16:59:13,a1701d64d93f3a4c79f78a61316fd5da3bc18bfc,461607d19c3b8e003d2832db5a7cb8bf0e412b74,持卡人消费,15公寓浴池,-0.77,21.15,6177,正常
2016/06/17 16:59:35,a1701d64d93f3a4c79f78a61316fd5da3bc18bfc,461607d19c3b8e003d2832db5a7cb8bf0e412b74,持卡人消费,15公寓浴池,-0.03,21.12,6179,正常
2016/06/17 17:03:39,a1701d64d93f3a4c79f78a61316fd5da3bc18bfc,461607d19c3b8e003d2832db5a7cb8bf0e412b74,持卡人消费,15公寓浴池,-0.32,20.80,6181,正常
2016/06/17 17:12:51,a1701d64d93f3a4c79f78a61316fd5da3bc18bfc,461607d19c3b8e003d2832db5a7cb8bf0e412b74,持卡人消费,学子便利店A01后楼,-5.5,15.30,6182,正常
2016/06/18 09:13:12,a1701d64d93f3a4c79f78a61316fd5da3bc18bfc,461607d19c3b8e003d2832db5a7cb8bf0e412b74,持卡人消费,学士楼商务网关,-5.0,10.30,6183,正常
2016/06/18 11:30:57,a1701d64d93f3a4c79f78a61316fd5da3bc18bfc,461607d19c3b8e003d2832db5a7cb8bf0e412b74,持卡人消费,学士楼商务网关,-3.6,6.70,6184,正常
2016/06/18 21:49:34,a1701d64d93f3a4c79f78a61316fd5da3bc18bfc,461607d19c3b8e003d2832db5a7cb8bf0e412b74,持卡人消费,南苑超市A17,-0.5,6.20,6185,正常
2016/06/18 21:49:39,a1701d64d93f3a4c79f78a61316fd5da3bc18bfc,461607d19c3b8e003d2832db5a7cb8bf0e412b74,持卡人消费,南苑超市A17,-4.5,1.70,6186,正常
2016/06/19 16:37:24,a1701d64d93f3a4c79f78a61316fd5da3bc18bfc,461607d19c3b8e003d2832db5a7cb8bf0e412b74,存款,现金充值机,170.0,171.70,6187,正常
2016/06/19 17:01:48,a1701d64d93f3a4c79f78a61316fd5da3bc18bfc,461607d19c3b8e003d2832db5a7cb8bf0e412b74,持卡人消费,南苑网关,-7.68,164.02,6188,正常
2016/06/19 17:03:23,a1701d64d93f3a4c79f78a61316fd5da3bc18bfc,461607d19c3b8e003d2832db5a7cb8bf0e412b74,持卡人消费,南苑网关,-3.0,161.02,6189,正常
2016/06/20 11:30:52,a1701d64d93f3a4c79f78a61316fd5da3bc18bfc,461607d19c3b8e003d2832db5a7cb8bf0e412b74,持卡人消费,南苑网关,-6.0,155.02,6190,正常
2016/06/20 15:14:30,a1701d64d93f3a4c79f78a61316fd5da3bc18bfc,461607d19c3b8e003d2832db5a7cb8bf0e412b74,持卡人消费,学子便利店A01后楼,-5.5,149.52,6191,正常
2016/06/20 17:04:33,a1701d64d93f3a4c79f78a61316fd5da3bc18bfc,461607d19c3b8e003d2832db5a7cb8bf0e412b74,持卡人消费,南苑网关,-9.6,139.92,6192,正常
2016/06/21 08:12:09,a1701d64d93f3a4c79f78a61316fd5da3bc18bfc,461607d19c3b8e003d2832db5a7cb8bf0e412b74,持卡人消费,学士楼商务网关,-3.4,136.52,6193,正常
2016/06/21 11:11:48,a1701d64d93f3a4c79f78a61316fd5da3bc18bfc,461607d19c3b8e003d2832db5a7cb8bf0e412b74,持卡人消费,南苑网关,-0.2,136.32,6194,正常
2016/06/21 11:12:25,a1701d64d93f3a4c79f78a61316fd5da3bc18bfc,461607d19c3b8e003d2832db5a7cb8bf0e412b74,持卡人消费,南苑网关,-8.88,127.44,6195,正常
2016/06/21 16:38:39,a1701d64d93f3a4c79f78a61316fd5da3bc18bfc,461607d19c3b8e003d2832db5a7cb8bf0e412b74,持卡人消费,学子超市园丁总店,-1.0,126.44,6196,正常
2016/06/21 17:07:29,a1701d64d93f3a4c79f78a61316fd5da3bc18bfc,461607d19c3b8e003d2832db5a7cb8bf0e412b74,持卡人消费,南苑网关,-0.2,126.24,6197,正常
2016/06/21 17:07:43,a1701d64d93f3a4c79f78a61316fd5da3bc18bfc,461607d19c3b8e003d2832db5a7cb8bf0e412b74,持卡人消费,南苑网关,-10.08,116.16,6198,正常
2016/06/22 11:05:09,a1701d64d93f3a4c79f78a61316fd5da3bc18bfc,461607d19c3b8e003d2832db5a7cb8bf0e412b74,持卡人消费,南苑网关,-0.2,115.96,6199,正常
2016/06/22 11:05:29,a1701d64d93f3a4c79f78a61316fd5da3bc18bfc,461607d19c3b8e003d2832db5a7cb8bf0e412b74,持卡人消费,南苑网关,-13.2,102.76,6200,正常
2016/06/22 15:23:42,a1701d64d93f3a4c79f78a61316fd5da3bc18bfc,461607d19c3b8e003d2832db5a7cb8bf0e412b74,持卡人消费,15公寓浴池,-0.83,101.93,6202,正常
2016/06/22 15:26:59,a1701d64d93f3a4c79f78a61316fd5da3bc18bfc,461607d19c3b8e003d2832db5a7cb8bf0e412b74,持卡人消费,15公寓浴池,-0.42,101.51,6204,正常
2016/06/22 16:48:15,a1701d64d93f3a4c79f78a61316fd5da3bc18bfc,461607d19c3b8e003d2832db5a7cb8bf0e412b74,持卡人消费,学子便利店A01后楼,-5.5,96.01,6205,正常
2016/06/23 07:43:20,a1701d64d93f3a4c79f78a61316fd5da3bc18bfc,461607d19c3b8e003d2832db5a7cb8bf0e412b74,持卡人消费,学子便利店A01后楼,-2.5,93.51,6206,正常
2016/06/23 11:02:35,a1701d64d93f3a4c79f78a61316fd5da3bc18bfc,461607d19c3b8e003d2832db5a7cb8bf0e412b74,持卡人消费,南苑网关,-0.2,93.31,6207,正常
2016/06/23 11:02:47,a1701d64d93f3a4c79f78a61316fd5da3bc18bfc,461607d19c3b8e003d2832db5a7cb8bf0e412b74,持卡人消费,南苑网关,-9.84,83.47,6208,正常
2016/06/23 17:10:09,a1701d64d93f3a4c79f78a61316fd5da3bc18bfc,461607d19c3b8e003d2832db5a7cb8bf0e412b74,持卡人消费,南苑网关,-0.2,83.27,6209,正常
2016/06/23 17:10:40,a1701d64d93f3a4c79f78a61316fd5da3bc18bfc,461607d19c3b8e003d2832db5a7cb8bf0e412b74,持卡人消费,南苑网关,-12.0,71.27,6210,正常
2016/06/24 08:15:56,a1701d64d93f3a4c79f78a61316fd5da3bc18bfc,461607d19c3b8e003d2832db5a7cb8bf0e412b74,持卡人消费,学士楼商务网关,-3.5,67.77,6211,正常
2016/06/24 11:02:42,a1701d64d93f3a4c79f78a61316fd5da3bc18bfc,461607d19c3b8e003d2832db5a7cb8bf0e412b74,持卡人消费,南苑网关,-7.2,60.57,6212,正常
2016/06/25 07:55:28,a1701d64d93f3a4c79f78a61316fd5da3bc18bfc,461607d19c3b8e003d2832db5a7cb8bf0e412b74,持卡人消费,学士楼商务网关,-3.5,57.07,6213,正常
2016/06/25 11:04:26,a1701d64d93f3a4c79f78a61316fd5da3bc18bfc,461607d19c3b8e003d2832db5a7cb8bf0e412b74,持卡人消费,南苑网关,-8.64,48.43,6214,正常
2016/06/25 17:04:22,a1701d64d93f3a4c79f78a61316fd5da3bc18bfc,461607d19c3b8e003d2832db5a7cb8bf0e412b74,持卡人消费,南苑网关,-8.4,40.03,6215,正常
2016/06/26 11:03:04,a1701d64d93f3a4c79f78a61316fd5da3bc18bfc,461607d19c3b8e003d2832db5a7cb8bf0e412b74,持卡人消费,南苑网关,-0.2,39.83,6216,正常
2016/06/26 11:06:41,a1701d64d93f3a4c79f78a61316fd5da3bc18bfc,461607d19c3b8e003d2832db5a7cb8bf0e412b74,持卡人消费,南苑网关,-11.76,28.07,6217,正常
2016/06/26 16:58:17,a1701d64d93f3a4c79f78a61316fd5da3bc18bfc,461607d19c3b8e003d2832db5a7cb8bf0e412b74,持卡人消费,南苑网关,-10.08,17.99,6218,正常
2016/06/27 17:08:40,a1701d64d93f3a4c79f78a61316fd5da3bc18bfc,461607d19c3b8e003d2832db5a7cb8bf0e412b74,持卡人消费,南苑网关,-8.88,9.11,6219,正常
2016/06/27 19:04:53,a1701d64d93f3a4c79f78a61316fd5da3bc18bfc,461607d19c3b8e003d2832db5a7cb8bf0e412b74,持卡人消费,游泳馆,-6.0,3.11,6220,正常
2016/06/27 22:18:20,a1701d64d93f3a4c79f78a61316fd5da3bc18bfc,461607d19c3b8e003d2832db5a7cb8bf0e412b74,持卡人消费,学子便利店A01后楼,-0.5,2.61,6221,正常
2016/06/28 07:38:07,a1701d64d93f3a4c79f78a61316fd5da3bc18bfc,461607d19c3b8e003d2832db5a7cb8bf0e412b74,存款,卡中心综合业务,100.0,102.61,6222,正常
2016/06/28 07:43:45,a1701d64d93f3a4c79f78a61316fd5da3bc18bfc,461607d19c3b8e003d2832db5a7cb8bf0e412b74,持卡人消费,学士楼商务网关,-4.2,98.41,6223,正常
2016/06/28 08:02:16,a1701d64d93f3a4c79f78a61316fd5da3bc18bfc,461607d19c3b8e003d2832db5a7cb8bf0e412b74,持卡人消费,一区图书馆APOS,-1.2,97.21,6224,正常
2016/06/28 11:36:29,a1701d64d93f3a4c79f78a61316fd5da3bc18bfc,461607d19c3b8e003d2832db5a7cb8bf0e412b74,持卡人消费,学士楼商务网关,-7.1,90.11,6225,正常
2016/06/28 11:38:25,a1701d64d93f3a4c79f78a61316fd5da3bc18bfc,461607d19c3b8e003d2832db5a7cb8bf0e412b74,持卡人消费,学士楼商务网关,-3.48,86.63,6226,正常
2016/06/29 08:57:37,a1701d64d93f3a4c79f78a61316fd5da3bc18bfc,461607d19c3b8e003d2832db5a7cb8bf0e412b74,持卡人消费,学士楼商务网关,-2.3,84.33,6227,正常
2016/06/29 09:03:16,a1701d64d93f3a4c79f78a61316fd5da3bc18bfc,461607d19c3b8e003d2832db5a7cb8bf0e412b74,持卡人消费,学士楼商务网关,-2.0,82.33,6228,正常
2016/06/29 11:19:59,a1701d64d93f3a4c79f78a61316fd5da3bc18bfc,461607d19c3b8e003d2832db5a7cb8bf0e412b74,持卡人消费,学士楼商务网关,-6.0,76.33,6229,正常
2016/06/29 17:02:06,a1701d64d93f3a4c79f78a61316fd5da3bc18bfc,461607d19c3b8e003d2832db5a7cb8bf0e412b74,持卡人消费,学子便利店A01后楼,-2.6,73.73,6230,正常
2016/06/29 17:34:10,a1701d64d93f3a4c79f78a61316fd5da3bc18bfc,461607d19c3b8e003d2832db5a7cb8bf0e412b74,持卡人消费,15公寓浴池,-0.59,73.14,6232,正常
2016/06/29 17:37:39,a1701d64d93f3a4c79f78a61316fd5da3bc18bfc,461607d19c3b8e003d2832db5a7cb8bf0e412b74,持卡人消费,15公寓浴池,-0.42,72.72,6234,正常
2016/06/29 17:48:52,a1701d64d93f3a4c79f78a61316fd5da3bc18bfc,461607d19c3b8e003d2832db5a7cb8bf0e412b74,持卡人消费,学子便利店A01后楼,-5.5,67.22,6235,正常
2016/06/29 21:04:01,a1701d64d93f3a4c79f78a61316fd5da3bc18bfc,461607d19c3b8e003d2832db5a7cb8bf0e412b74,持卡人消费,学子便利店A01后楼,-6.0,61.22,6236,正常
2016/06/29 21:04:03,a1701d64d93f3a4c79f78a61316fd5da3bc18bfc,461607d19c3b8e003d2832db5a7cb8bf0e412b74,持卡人消费,学子便利店A01后楼,-1.0,60.22,6237,正常
2016/06/30 09:22:59,a1701d64d93f3a4c79f78a61316fd5da3bc18bfc,461607d19c3b8e003d2832db5a7cb8bf0e412b74,持卡人消费,学士楼商务网关,-6.0,54.22,6238,正常
