交易发生时间,学号,姓名,交易类型,子系统名称,交易额,现有余额,次数,状态
2016/06/07 21:39:59,d91c69067eb5f862839d70f2241e4a42930c99db,462a0d2c4013f5d447d6d1005a706ed52d0fefd4,持卡人消费,学子便利店A01后楼,-4.2,37.10,5945,正常
2016/06/08 20:02:25,d91c69067eb5f862839d70f2241e4a42930c99db,462a0d2c4013f5d447d6d1005a706ed52d0fefd4,持卡人消费,15公寓浴池,-1.66,35.44,5947,正常
2016/06/11 20:12:18,d91c69067eb5f862839d70f2241e4a42930c99db,462a0d2c4013f5d447d6d1005a706ed52d0fefd4,持卡人消费,学士楼商务网关,-3.0,32.44,5948,正常
2016/06/11 20:12:51,d91c69067eb5f862839d70f2241e4a42930c99db,462a0d2c4013f5d447d6d1005a706ed52d0fefd4,持卡人消费,学士楼商务网关,-9.35,23.09,5949,正常
2016/06/14 13:10:26,d91c69067eb5f862839d70f2241e4a42930c99db,462a0d2c4013f5d447d6d1005a706ed52d0fefd4,持卡人消费,超市商务子系统,-0.6,22.49,5950,正常
2016/06/15 16:40:27,d91c69067eb5f862839d70f2241e4a42930c99db,462a0d2c4013f5d447d6d1005a706ed52d0fefd4,持卡人消费,15公寓浴池,-2.0,20.49,5951,正常
2016/06/15 16:41:49,d91c69067eb5f862839d70f2241e4a42930c99db,462a0d2c4013f5d447d6d1005a706ed52d0fefd4,持卡人消费,15公寓浴池,-0.21,20.28,5953,正常
2016/06/17 14:32:43,d91c69067eb5f862839d70f2241e4a42930c99db,462a0d2c4013f5d447d6d1005a706ed52d0fefd4,存款,卡中心综合业务,50.0,70.28,5954,正常
2016/06/20 08:33:17,d91c69067eb5f862839d70f2241e4a42930c99db,462a0d2c4013f5d447d6d1005a706ed52d0fefd4,持卡人消费,网络中心,-30.0,40.28,5955,正常
2016/06/20 19:53:25,d91c69067eb5f862839d70f2241e4a42930c99db,462a0d2c4013f5d447d6d1005a706ed52d0fefd4,持卡人消费,15公寓浴池,-1.82,38.46,5957,正常
2016/06/21 20:55:08,d91c69067eb5f862839d70f2241e4a42930c99db,462a0d2c4013f5d447d6d1005a706ed52d0fefd4,持卡人消费,学子便利店A01后楼,-2.0,36.46,5958,正常
2016/06/27 18:52:17,d91c69067eb5f862839d70f2241e4a42930c99db,462a0d2c4013f5d447d6d1005a706ed52d0fefd4,持卡人消费,学子便利店A01后楼,-13.6,22.86,5959,正常
2016/06/30 14:56:30,d91c69067eb5f862839d70f2241e4a42930c99db,462a0d2c4013f5d447d6d1005a706ed52d0fefd4,持卡人消费,游泳馆,-6.0,16.86,5960,正常
