交易发生时间,学号,姓名,交易类型,子系统名称,交易额,现有余额,次数,状态
2016/06/01 08:53:36,3d3cd22feb720b39b60472a70134126139483a85,467fefe35e3d0f1e5cbb8c1adffdd5e1bb4fb904,持卡人消费,学士楼商务网关,-3.6,78.97,4672,正常
2016/06/01 11:58:14,3d3cd22feb720b39b60472a70134126139483a85,467fefe35e3d0f1e5cbb8c1adffdd5e1bb4fb904,持卡人消费,学苑楼商务网关,-4.0,74.97,4673,正常
2016/06/01 17:02:46,3d3cd22feb720b39b60472a70134126139483a85,467fefe35e3d0f1e5cbb8c1adffdd5e1bb4fb904,持卡人消费,学苑楼商务网关,-6.0,68.97,4674,正常
2016/06/02 14:15:48,3d3cd22feb720b39b60472a70134126139483a85,467fefe35e3d0f1e5cbb8c1adffdd5e1bb4fb904,持卡人消费,学士楼商务网关,-4.0,64.97,4675,正常
2016/06/02 14:19:45,3d3cd22feb720b39b60472a70134126139483a85,467fefe35e3d0f1e5cbb8c1adffdd5e1bb4fb904,持卡人消费,硕果园（工大商店）,-14.0,50.97,4676,正常
2016/06/02 20:38:42,3d3cd22feb720b39b60472a70134126139483a85,467fefe35e3d0f1e5cbb8c1adffdd5e1bb4fb904,持卡人消费,超市商务子系统,-7.9,43.07,4677,正常
2016/06/03 11:39:08,3d3cd22feb720b39b60472a70134126139483a85,467fefe35e3d0f1e5cbb8c1adffdd5e1bb4fb904,持卡人消费,学苑楼商务网关,-6.0,37.07,4678,正常
2016/06/03 11:56:33,3d3cd22feb720b39b60472a70134126139483a85,467fefe35e3d0f1e5cbb8c1adffdd5e1bb4fb904,持卡人消费,学苑楼商务网关,-8.0,29.07,4679,正常
2016/06/03 12:07:53,3d3cd22feb720b39b60472a70134126139483a85,467fefe35e3d0f1e5cbb8c1adffdd5e1bb4fb904,持卡人消费,超市商务子系统,-8.6,20.47,4680,正常
2016/06/03 12:11:53,3d3cd22feb720b39b60472a70134126139483a85,467fefe35e3d0f1e5cbb8c1adffdd5e1bb4fb904,持卡人消费,超市商务子系统,-15.3,5.17,4681,正常
2016/06/04 14:21:26,3d3cd22feb720b39b60472a70134126139483a85,467fefe35e3d0f1e5cbb8c1adffdd5e1bb4fb904,持卡人消费,超市商务子系统,-4.7,0.47,4682,正常
2016/06/06 09:09:48,3d3cd22feb720b39b60472a70134126139483a85,467fefe35e3d0f1e5cbb8c1adffdd5e1bb4fb904,存款,现金充值机,200.0,200.47,4683,正常
2016/06/07 11:51:58,3d3cd22feb720b39b60472a70134126139483a85,467fefe35e3d0f1e5cbb8c1adffdd5e1bb4fb904,持卡人消费,学苑楼商务网关,-6.0,194.47,4684,正常
2016/06/07 17:37:28,3d3cd22feb720b39b60472a70134126139483a85,467fefe35e3d0f1e5cbb8c1adffdd5e1bb4fb904,持卡人消费,硕果园（工大商店）,-8.0,186.47,4685,正常
2016/06/07 21:47:19,3d3cd22feb720b39b60472a70134126139483a85,467fefe35e3d0f1e5cbb8c1adffdd5e1bb4fb904,持卡人消费,超市商务子系统,-3.9,182.57,4686,正常
2016/06/09 12:36:49,3d3cd22feb720b39b60472a70134126139483a85,467fefe35e3d0f1e5cbb8c1adffdd5e1bb4fb904,持卡人消费,学士楼商务网关,-1.8,180.77,4687,正常
2016/06/09 12:37:24,3d3cd22feb720b39b60472a70134126139483a85,467fefe35e3d0f1e5cbb8c1adffdd5e1bb4fb904,持卡人消费,学士楼商务网关,-2.0,178.77,4688,正常
2016/06/10 13:22:20,3d3cd22feb720b39b60472a70134126139483a85,467fefe35e3d0f1e5cbb8c1adffdd5e1bb4fb904,持卡人消费,学士楼商务网关,-1.1,177.67,4689,正常
2016/06/10 13:22:50,3d3cd22feb720b39b60472a70134126139483a85,467fefe35e3d0f1e5cbb8c1adffdd5e1bb4fb904,持卡人消费,学士楼商务网关,-1.0,176.67,4690,正常
2016/06/10 13:25:19,3d3cd22feb720b39b60472a70134126139483a85,467fefe35e3d0f1e5cbb8c1adffdd5e1bb4fb904,持卡人消费,硕果园（工大商店）,-11.0,165.67,4691,正常
2016/06/12 20:20:27,3d3cd22feb720b39b60472a70134126139483a85,467fefe35e3d0f1e5cbb8c1adffdd5e1bb4fb904,持卡人消费,15公寓浴池,-0.21,165.46,4693,正常
2016/06/12 20:22:37,3d3cd22feb720b39b60472a70134126139483a85,467fefe35e3d0f1e5cbb8c1adffdd5e1bb4fb904,持卡人消费,15公寓浴池,-0.21,165.25,4695,正常
2016/06/12 20:25:25,3d3cd22feb720b39b60472a70134126139483a85,467fefe35e3d0f1e5cbb8c1adffdd5e1bb4fb904,持卡人消费,15公寓浴池,-0.27,164.98,4697,正常
2016/06/12 20:28:10,3d3cd22feb720b39b60472a70134126139483a85,467fefe35e3d0f1e5cbb8c1adffdd5e1bb4fb904,持卡人消费,15公寓浴池,-0.24,164.74,4699,正常
2016/06/12 20:36:53,3d3cd22feb720b39b60472a70134126139483a85,467fefe35e3d0f1e5cbb8c1adffdd5e1bb4fb904,持卡人消费,15公寓浴池,-1.14,163.60,4701,正常
2016/06/12 20:43:58,3d3cd22feb720b39b60472a70134126139483a85,467fefe35e3d0f1e5cbb8c1adffdd5e1bb4fb904,持卡人消费,15公寓浴池,-0.75,162.85,4703,正常
2016/06/13 20:33:18,3d3cd22feb720b39b60472a70134126139483a85,467fefe35e3d0f1e5cbb8c1adffdd5e1bb4fb904,持卡人消费,15公寓浴池,-1.97,160.88,4705,正常
2016/06/13 20:39:43,3d3cd22feb720b39b60472a70134126139483a85,467fefe35e3d0f1e5cbb8c1adffdd5e1bb4fb904,持卡人消费,15公寓浴池,-0.88,160.00,4707,正常
2016/06/13 20:44:45,3d3cd22feb720b39b60472a70134126139483a85,467fefe35e3d0f1e5cbb8c1adffdd5e1bb4fb904,持卡人消费,15公寓浴池,-0.53,159.47,4709,正常
2016/06/13 20:51:14,3d3cd22feb720b39b60472a70134126139483a85,467fefe35e3d0f1e5cbb8c1adffdd5e1bb4fb904,持卡人消费,15公寓浴池,-0.8,158.67,4711,正常
2016/06/14 08:18:43,3d3cd22feb720b39b60472a70134126139483a85,467fefe35e3d0f1e5cbb8c1adffdd5e1bb4fb904,持卡人消费,超市商务子系统,-4.5,154.17,4712,正常
2016/06/14 12:22:02,3d3cd22feb720b39b60472a70134126139483a85,467fefe35e3d0f1e5cbb8c1adffdd5e1bb4fb904,持卡人消费,学苑楼商务网关,-4.5,149.67,4713,正常
2016/06/14 12:25:53,3d3cd22feb720b39b60472a70134126139483a85,467fefe35e3d0f1e5cbb8c1adffdd5e1bb4fb904,持卡人消费,超市商务子系统,-7.0,142.67,4714,正常
2016/06/14 12:31:26,3d3cd22feb720b39b60472a70134126139483a85,467fefe35e3d0f1e5cbb8c1adffdd5e1bb4fb904,持卡人消费,学士楼商务网关,-1.6,141.07,4715,正常
2016/06/14 12:34:08,3d3cd22feb720b39b60472a70134126139483a85,467fefe35e3d0f1e5cbb8c1adffdd5e1bb4fb904,持卡人消费,硕果园（工大商店）,-11.0,130.07,4716,正常
2016/06/17 17:45:25,3d3cd22feb720b39b60472a70134126139483a85,467fefe35e3d0f1e5cbb8c1adffdd5e1bb4fb904,持卡人消费,超市商务子系统,-13.9,116.17,4717,正常
2016/06/17 17:47:39,3d3cd22feb720b39b60472a70134126139483a85,467fefe35e3d0f1e5cbb8c1adffdd5e1bb4fb904,持卡人消费,学苑楼商务网关,-4.6,111.57,4718,正常
2016/06/17 17:53:55,3d3cd22feb720b39b60472a70134126139483a85,467fefe35e3d0f1e5cbb8c1adffdd5e1bb4fb904,持卡人消费,学士楼商务网关,-1.1,110.47,4719,正常
2016/06/17 17:56:43,3d3cd22feb720b39b60472a70134126139483a85,467fefe35e3d0f1e5cbb8c1adffdd5e1bb4fb904,持卡人消费,硕果园（工大商店）,-11.0,99.47,4720,正常
2016/06/21 21:25:12,3d3cd22feb720b39b60472a70134126139483a85,467fefe35e3d0f1e5cbb8c1adffdd5e1bb4fb904,持卡人消费,学士楼商务网关,-1.1,98.37,4721,正常
2016/06/23 08:19:15,3d3cd22feb720b39b60472a70134126139483a85,467fefe35e3d0f1e5cbb8c1adffdd5e1bb4fb904,持卡人消费,学士楼商务网关,-5.1,93.27,4722,正常
2016/06/23 08:36:00,3d3cd22feb720b39b60472a70134126139483a85,467fefe35e3d0f1e5cbb8c1adffdd5e1bb4fb904,持卡人消费,学士楼商务网关,-12.85,80.42,4723,正常
2016/06/23 08:36:43,3d3cd22feb720b39b60472a70134126139483a85,467fefe35e3d0f1e5cbb8c1adffdd5e1bb4fb904,持卡人消费,学士楼商务网关,-2.0,78.42,4724,正常
2016/06/23 08:37:06,3d3cd22feb720b39b60472a70134126139483a85,467fefe35e3d0f1e5cbb8c1adffdd5e1bb4fb904,持卡人消费,学士楼商务网关,-0.6,77.82,4725,正常
2016/06/23 20:11:18,3d3cd22feb720b39b60472a70134126139483a85,467fefe35e3d0f1e5cbb8c1adffdd5e1bb4fb904,持卡人消费,15公寓浴池,-0.4,77.42,4727,正常
2016/06/23 20:23:22,3d3cd22feb720b39b60472a70134126139483a85,467fefe35e3d0f1e5cbb8c1adffdd5e1bb4fb904,持卡人消费,15公寓浴池,-1.89,75.53,4729,正常
2016/06/23 20:30:03,3d3cd22feb720b39b60472a70134126139483a85,467fefe35e3d0f1e5cbb8c1adffdd5e1bb4fb904,持卡人消费,15公寓浴池,-0.77,74.76,4731,正常
2016/06/23 20:34:41,3d3cd22feb720b39b60472a70134126139483a85,467fefe35e3d0f1e5cbb8c1adffdd5e1bb4fb904,持卡人消费,15公寓浴池,-0.45,74.31,4733,正常
2016/06/23 20:41:51,3d3cd22feb720b39b60472a70134126139483a85,467fefe35e3d0f1e5cbb8c1adffdd5e1bb4fb904,持卡人消费,15公寓浴池,-0.98,73.33,4735,正常
2016/06/24 14:10:40,3d3cd22feb720b39b60472a70134126139483a85,467fefe35e3d0f1e5cbb8c1adffdd5e1bb4fb904,持卡人消费,硕果园（工大商店）,-14.0,59.33,4736,正常
2016/06/25 18:37:23,3d3cd22feb720b39b60472a70134126139483a85,467fefe35e3d0f1e5cbb8c1adffdd5e1bb4fb904,持卡人消费,硕果园（工大商店）,-14.0,45.33,4737,正常
2016/06/25 20:11:04,3d3cd22feb720b39b60472a70134126139483a85,467fefe35e3d0f1e5cbb8c1adffdd5e1bb4fb904,持卡人消费,超市商务子系统,-25.0,20.33,4738,正常
2016/06/27 08:33:06,3d3cd22feb720b39b60472a70134126139483a85,467fefe35e3d0f1e5cbb8c1adffdd5e1bb4fb904,持卡人消费,学士楼商务网关,-3.6,16.73,4739,正常
2016/06/27 12:13:07,3d3cd22feb720b39b60472a70134126139483a85,467fefe35e3d0f1e5cbb8c1adffdd5e1bb4fb904,持卡人消费,硕果园（工大商店）,-7.0,9.73,4740,正常
2016/06/27 12:38:22,3d3cd22feb720b39b60472a70134126139483a85,467fefe35e3d0f1e5cbb8c1adffdd5e1bb4fb904,持卡人消费,学士楼商务网关,-2.0,7.73,4741,正常
2016/06/27 19:07:55,3d3cd22feb720b39b60472a70134126139483a85,467fefe35e3d0f1e5cbb8c1adffdd5e1bb4fb904,持卡人消费,学士楼商务网关,-1.1,6.63,4742,正常
2016/06/27 19:11:25,3d3cd22feb720b39b60472a70134126139483a85,467fefe35e3d0f1e5cbb8c1adffdd5e1bb4fb904,持卡人消费,硕果园（工大商店）,-1.0,5.63,4743,正常
2016/06/29 12:05:48,3d3cd22feb720b39b60472a70134126139483a85,467fefe35e3d0f1e5cbb8c1adffdd5e1bb4fb904,持卡人消费,一区图书馆BPOS,-4.0,1.63,4744,正常
