交易发生时间,学号,姓名,交易类型,子系统名称,交易额,现有余额,次数,状态
2016/06/01 08:36:44,1d8165763c70f2d4b63da632a5a1c1feb3fb57f5,46cf91adf6c4920e5d9c5d7f0291e9563d2f2626,持卡人消费,学士楼商务网关,-5.0,54.05,5237,正常
2016/06/01 08:37:09,1d8165763c70f2d4b63da632a5a1c1feb3fb57f5,46cf91adf6c4920e5d9c5d7f0291e9563d2f2626,持卡人消费,学士楼商务网关,-1.8,52.25,5238,正常
2016/06/01 12:05:36,1d8165763c70f2d4b63da632a5a1c1feb3fb57f5,46cf91adf6c4920e5d9c5d7f0291e9563d2f2626,持卡人消费,学士楼商务网关,-7.29,44.96,5239,正常
2016/06/01 12:06:38,1d8165763c70f2d4b63da632a5a1c1feb3fb57f5,46cf91adf6c4920e5d9c5d7f0291e9563d2f2626,持卡人消费,学士楼商务网关,-4.0,40.96,5240,正常
2016/06/01 18:59:13,1d8165763c70f2d4b63da632a5a1c1feb3fb57f5,46cf91adf6c4920e5d9c5d7f0291e9563d2f2626,持卡人消费,硕果园（工大商店）,-11.0,29.96,5241,正常
2016/06/01 20:47:16,1d8165763c70f2d4b63da632a5a1c1feb3fb57f5,46cf91adf6c4920e5d9c5d7f0291e9563d2f2626,持卡人消费,超市商务子系统,-16.5,13.46,5242,正常
2016/06/02 09:00:16,1d8165763c70f2d4b63da632a5a1c1feb3fb57f5,46cf91adf6c4920e5d9c5d7f0291e9563d2f2626,持卡人消费,学士楼商务网关,-5.0,8.46,5243,正常
2016/06/02 09:00:40,1d8165763c70f2d4b63da632a5a1c1feb3fb57f5,46cf91adf6c4920e5d9c5d7f0291e9563d2f2626,持卡人消费,学士楼商务网关,-1.8,6.66,5244,正常
2016/06/02 11:57:27,1d8165763c70f2d4b63da632a5a1c1feb3fb57f5,46cf91adf6c4920e5d9c5d7f0291e9563d2f2626,持卡人消费,学士楼商务网关,-5.32,1.34,5245,正常
2016/06/03 11:49:51,1d8165763c70f2d4b63da632a5a1c1feb3fb57f5,46cf91adf6c4920e5d9c5d7f0291e9563d2f2626,存款,现金充值机,100.0,101.34,5246,正常
2016/06/03 12:20:14,1d8165763c70f2d4b63da632a5a1c1feb3fb57f5,46cf91adf6c4920e5d9c5d7f0291e9563d2f2626,持卡人消费,超市商务子系统,-18.6,82.74,5247,正常
2016/06/04 11:41:43,1d8165763c70f2d4b63da632a5a1c1feb3fb57f5,46cf91adf6c4920e5d9c5d7f0291e9563d2f2626,持卡人消费,学苑楼商务网关,-7.0,75.74,5248,正常
2016/06/04 11:44:19,1d8165763c70f2d4b63da632a5a1c1feb3fb57f5,46cf91adf6c4920e5d9c5d7f0291e9563d2f2626,持卡人消费,学苑楼商务网关,-1.6,74.14,5249,正常
2016/06/05 11:36:08,1d8165763c70f2d4b63da632a5a1c1feb3fb57f5,46cf91adf6c4920e5d9c5d7f0291e9563d2f2626,持卡人消费,学士楼商务网关,-1.98,72.16,5250,正常
2016/06/05 11:36:30,1d8165763c70f2d4b63da632a5a1c1feb3fb57f5,46cf91adf6c4920e5d9c5d7f0291e9563d2f2626,持卡人消费,学士楼商务网关,-4.2,67.96,5251,正常
2016/06/05 11:39:01,1d8165763c70f2d4b63da632a5a1c1feb3fb57f5,46cf91adf6c4920e5d9c5d7f0291e9563d2f2626,持卡人消费,学士楼商务网关,-3.6,64.36,5252,正常
2016/06/05 20:21:46,1d8165763c70f2d4b63da632a5a1c1feb3fb57f5,46cf91adf6c4920e5d9c5d7f0291e9563d2f2626,持卡人消费,一校区水控新,-0.38,63.98,5254,正常
2016/06/05 20:25:19,1d8165763c70f2d4b63da632a5a1c1feb3fb57f5,46cf91adf6c4920e5d9c5d7f0291e9563d2f2626,持卡人消费,一校区水控新,-0.42,63.56,5256,正常
2016/06/06 09:04:39,1d8165763c70f2d4b63da632a5a1c1feb3fb57f5,46cf91adf6c4920e5d9c5d7f0291e9563d2f2626,持卡人消费,学士楼商务网关,-5.0,58.56,5257,正常
2016/06/06 09:05:20,1d8165763c70f2d4b63da632a5a1c1feb3fb57f5,46cf91adf6c4920e5d9c5d7f0291e9563d2f2626,持卡人消费,学士楼商务网关,-1.8,56.76,5258,正常
2016/06/06 12:06:42,1d8165763c70f2d4b63da632a5a1c1feb3fb57f5,46cf91adf6c4920e5d9c5d7f0291e9563d2f2626,持卡人消费,学士楼商务网关,-5.32,51.44,5259,正常
2016/06/06 12:08:46,1d8165763c70f2d4b63da632a5a1c1feb3fb57f5,46cf91adf6c4920e5d9c5d7f0291e9563d2f2626,持卡人消费,学士楼商务网关,-6.6,44.84,5260,正常
2016/06/06 17:47:24,1d8165763c70f2d4b63da632a5a1c1feb3fb57f5,46cf91adf6c4920e5d9c5d7f0291e9563d2f2626,持卡人消费,学士楼商务网关,-6.44,38.40,5261,正常
2016/06/06 17:47:57,1d8165763c70f2d4b63da632a5a1c1feb3fb57f5,46cf91adf6c4920e5d9c5d7f0291e9563d2f2626,持卡人消费,学士楼商务网关,-3.6,34.80,5262,正常
2016/06/07 08:29:57,1d8165763c70f2d4b63da632a5a1c1feb3fb57f5,46cf91adf6c4920e5d9c5d7f0291e9563d2f2626,持卡人消费,学士楼商务网关,-5.0,29.80,5263,正常
2016/06/07 08:31:34,1d8165763c70f2d4b63da632a5a1c1feb3fb57f5,46cf91adf6c4920e5d9c5d7f0291e9563d2f2626,持卡人消费,学士楼商务网关,-1.2,28.60,5264,正常
2016/06/07 12:03:02,1d8165763c70f2d4b63da632a5a1c1feb3fb57f5,46cf91adf6c4920e5d9c5d7f0291e9563d2f2626,持卡人消费,学士楼商务网关,-6.15,22.45,5265,正常
2016/06/07 12:04:04,1d8165763c70f2d4b63da632a5a1c1feb3fb57f5,46cf91adf6c4920e5d9c5d7f0291e9563d2f2626,持卡人消费,学士楼商务网关,-4.0,18.45,5266,正常
2016/06/09 17:52:31,1d8165763c70f2d4b63da632a5a1c1feb3fb57f5,46cf91adf6c4920e5d9c5d7f0291e9563d2f2626,存款,现金充值机,100.0,118.45,5267,正常
2016/06/09 18:18:01,1d8165763c70f2d4b63da632a5a1c1feb3fb57f5,46cf91adf6c4920e5d9c5d7f0291e9563d2f2626,持卡人消费,学士楼商务网关,-2.0,116.45,5268,正常
2016/06/09 18:19:34,1d8165763c70f2d4b63da632a5a1c1feb3fb57f5,46cf91adf6c4920e5d9c5d7f0291e9563d2f2626,持卡人消费,学士楼商务网关,-7.0,109.45,5269,正常
2016/06/10 12:04:14,1d8165763c70f2d4b63da632a5a1c1feb3fb57f5,46cf91adf6c4920e5d9c5d7f0291e9563d2f2626,持卡人消费,学士楼商务网关,-5.05,104.40,5270,正常
2016/06/10 12:06:08,1d8165763c70f2d4b63da632a5a1c1feb3fb57f5,46cf91adf6c4920e5d9c5d7f0291e9563d2f2626,持卡人消费,学士楼商务网关,-8.4,96.00,5271,正常
2016/06/10 17:23:58,1d8165763c70f2d4b63da632a5a1c1feb3fb57f5,46cf91adf6c4920e5d9c5d7f0291e9563d2f2626,持卡人消费,硕果园（工大商店）,-12.0,84.00,5272,正常
2016/06/11 09:47:16,1d8165763c70f2d4b63da632a5a1c1feb3fb57f5,46cf91adf6c4920e5d9c5d7f0291e9563d2f2626,持卡人消费,学士楼商务网关,-6.0,78.00,5273,正常
2016/06/11 09:49:10,1d8165763c70f2d4b63da632a5a1c1feb3fb57f5,46cf91adf6c4920e5d9c5d7f0291e9563d2f2626,持卡人消费,学士楼商务网关,-1.0,77.00,5274,正常
2016/06/11 11:46:27,1d8165763c70f2d4b63da632a5a1c1feb3fb57f5,46cf91adf6c4920e5d9c5d7f0291e9563d2f2626,持卡人消费,学士楼商务网关,-7.9,69.10,5275,正常
2016/06/12 11:22:07,1d8165763c70f2d4b63da632a5a1c1feb3fb57f5,46cf91adf6c4920e5d9c5d7f0291e9563d2f2626,持卡人消费,土木楼网关,-8.8,60.30,5276,正常
2016/06/12 17:42:47,1d8165763c70f2d4b63da632a5a1c1feb3fb57f5,46cf91adf6c4920e5d9c5d7f0291e9563d2f2626,持卡人消费,学苑楼商务网关,-7.0,53.30,5277,正常
2016/06/12 17:44:45,1d8165763c70f2d4b63da632a5a1c1feb3fb57f5,46cf91adf6c4920e5d9c5d7f0291e9563d2f2626,持卡人消费,学苑楼商务网关,-0.8,52.50,5278,正常
2016/06/12 20:38:10,1d8165763c70f2d4b63da632a5a1c1feb3fb57f5,46cf91adf6c4920e5d9c5d7f0291e9563d2f2626,持卡人消费,超市商务子系统,-0.5,52.00,5279,正常
2016/06/12 20:42:47,1d8165763c70f2d4b63da632a5a1c1feb3fb57f5,46cf91adf6c4920e5d9c5d7f0291e9563d2f2626,持卡人消费,超市商务子系统,-8.8,43.20,5280,正常
2016/06/13 08:46:27,1d8165763c70f2d4b63da632a5a1c1feb3fb57f5,46cf91adf6c4920e5d9c5d7f0291e9563d2f2626,持卡人消费,硕果园（工大商店）,-8.0,35.20,5281,正常
2016/06/13 09:46:57,1d8165763c70f2d4b63da632a5a1c1feb3fb57f5,46cf91adf6c4920e5d9c5d7f0291e9563d2f2626,持卡人消费,学子便利店B05,-1.2,34.00,5282,正常
2016/06/13 11:20:15,1d8165763c70f2d4b63da632a5a1c1feb3fb57f5,46cf91adf6c4920e5d9c5d7f0291e9563d2f2626,持卡人消费,学士楼商务网关,-11.6,22.40,5283,正常
2016/06/14 08:22:04,1d8165763c70f2d4b63da632a5a1c1feb3fb57f5,46cf91adf6c4920e5d9c5d7f0291e9563d2f2626,持卡人消费,学士楼商务网关,-5.0,17.40,5284,正常
2016/06/14 08:24:05,1d8165763c70f2d4b63da632a5a1c1feb3fb57f5,46cf91adf6c4920e5d9c5d7f0291e9563d2f2626,持卡人消费,学士楼商务网关,-1.2,16.20,5285,正常
2016/06/14 15:14:47,1d8165763c70f2d4b63da632a5a1c1feb3fb57f5,46cf91adf6c4920e5d9c5d7f0291e9563d2f2626,持卡人消费,硕果园（工大商店）,-2.5,5.70,5289,正常
2016/06/14 17:51:12,1d8165763c70f2d4b63da632a5a1c1feb3fb57f5,46cf91adf6c4920e5d9c5d7f0291e9563d2f2626,存款,学苑楼综合业务3,100.0,105.70,5290,正常
2016/06/14 17:57:01,1d8165763c70f2d4b63da632a5a1c1feb3fb57f5,46cf91adf6c4920e5d9c5d7f0291e9563d2f2626,持卡人消费,学士楼商务网关,-6.44,99.26,5291,正常
2016/06/14 17:57:35,1d8165763c70f2d4b63da632a5a1c1feb3fb57f5,46cf91adf6c4920e5d9c5d7f0291e9563d2f2626,持卡人消费,学士楼商务网关,-5.0,94.26,5292,正常
2016/06/14 18:13:19,1d8165763c70f2d4b63da632a5a1c1feb3fb57f5,46cf91adf6c4920e5d9c5d7f0291e9563d2f2626,持卡人消费,硕果园（工大商店）,-3.0,91.26,5293,正常
2016/06/15 17:37:56,1d8165763c70f2d4b63da632a5a1c1feb3fb57f5,46cf91adf6c4920e5d9c5d7f0291e9563d2f2626,持卡人消费,学士楼商务网关,-8.6,82.66,5294,正常
2016/06/16 09:30:44,1d8165763c70f2d4b63da632a5a1c1feb3fb57f5,46cf91adf6c4920e5d9c5d7f0291e9563d2f2626,持卡人消费,学士楼商务网关,-5.0,77.66,5295,正常
2016/06/16 09:32:03,1d8165763c70f2d4b63da632a5a1c1feb3fb57f5,46cf91adf6c4920e5d9c5d7f0291e9563d2f2626,持卡人消费,学士楼商务网关,-9.0,68.66,5296,正常
2016/06/16 12:47:05,1d8165763c70f2d4b63da632a5a1c1feb3fb57f5,46cf91adf6c4920e5d9c5d7f0291e9563d2f2626,持卡人消费,硕果园（工大商店）,-11.0,57.66,5297,正常
2016/06/16 20:26:41,1d8165763c70f2d4b63da632a5a1c1feb3fb57f5,46cf91adf6c4920e5d9c5d7f0291e9563d2f2626,持卡人消费,硕果园（工大商店）,-12.0,45.66,5298,正常
2016/06/18 11:49:50,1d8165763c70f2d4b63da632a5a1c1feb3fb57f5,46cf91adf6c4920e5d9c5d7f0291e9563d2f2626,持卡人消费,学苑楼商务网关,-12.0,33.66,5299,正常
2016/06/18 11:51:24,1d8165763c70f2d4b63da632a5a1c1feb3fb57f5,46cf91adf6c4920e5d9c5d7f0291e9563d2f2626,持卡人消费,学苑楼商务网关,-7.0,26.66,5300,正常
2016/06/18 18:24:27,1d8165763c70f2d4b63da632a5a1c1feb3fb57f5,46cf91adf6c4920e5d9c5d7f0291e9563d2f2626,持卡人消费,硕果园（工大商店）,-8.0,18.66,5301,正常
2016/06/18 18:26:14,1d8165763c70f2d4b63da632a5a1c1feb3fb57f5,46cf91adf6c4920e5d9c5d7f0291e9563d2f2626,持卡人消费,硕果园（工大商店）,-2.5,16.16,5302,正常
2016/06/18 20:56:15,1d8165763c70f2d4b63da632a5a1c1feb3fb57f5,46cf91adf6c4920e5d9c5d7f0291e9563d2f2626,持卡人消费,学士楼商务网关,-4.9,11.26,5303,正常
2016/06/18 20:56:23,1d8165763c70f2d4b63da632a5a1c1feb3fb57f5,46cf91adf6c4920e5d9c5d7f0291e9563d2f2626,持卡人消费,学士楼商务网关,-6.0,5.26,5304,正常
2016/06/18 21:03:07,1d8165763c70f2d4b63da632a5a1c1feb3fb57f5,46cf91adf6c4920e5d9c5d7f0291e9563d2f2626,持卡人消费,学士楼商务网关,-3.0,2.26,5305,正常
2016/06/19 09:32:50,1d8165763c70f2d4b63da632a5a1c1feb3fb57f5,46cf91adf6c4920e5d9c5d7f0291e9563d2f2626,持卡人消费,硕果园（工大商店）,-1.5,0.76,5306,正常
2016/06/19 12:32:40,1d8165763c70f2d4b63da632a5a1c1feb3fb57f5,46cf91adf6c4920e5d9c5d7f0291e9563d2f2626,持卡人消费,硕果园（工大商店）,-0.2,0.56,5307,正常
2016/06/21 10:57:49,1d8165763c70f2d4b63da632a5a1c1feb3fb57f5,46cf91adf6c4920e5d9c5d7f0291e9563d2f2626,存款,现金充值机,100.0,100.56,5308,正常
2016/06/21 11:21:29,1d8165763c70f2d4b63da632a5a1c1feb3fb57f5,46cf91adf6c4920e5d9c5d7f0291e9563d2f2626,持卡人消费,学苑楼商务网关,-8.8,91.76,5309,正常
2016/06/22 20:40:13,1d8165763c70f2d4b63da632a5a1c1feb3fb57f5,46cf91adf6c4920e5d9c5d7f0291e9563d2f2626,持卡人消费,一校区水控新,-0.5,91.26,5311,正常
2016/06/22 20:43:33,1d8165763c70f2d4b63da632a5a1c1feb3fb57f5,46cf91adf6c4920e5d9c5d7f0291e9563d2f2626,持卡人消费,一校区水控新,-0.26,91.00,5313,正常
2016/06/22 20:44:08,1d8165763c70f2d4b63da632a5a1c1feb3fb57f5,46cf91adf6c4920e5d9c5d7f0291e9563d2f2626,持卡人消费,一校区水控新,-0.08,90.92,5315,正常
2016/06/23 20:27:07,1d8165763c70f2d4b63da632a5a1c1feb3fb57f5,46cf91adf6c4920e5d9c5d7f0291e9563d2f2626,持卡人消费,硕果园（工大商店）,-8.0,82.92,5316,正常
2016/06/24 09:20:21,1d8165763c70f2d4b63da632a5a1c1feb3fb57f5,46cf91adf6c4920e5d9c5d7f0291e9563d2f2626,持卡人消费,硕果园（工大商店）,-8.0,74.92,5317,正常
2016/06/24 09:34:24,1d8165763c70f2d4b63da632a5a1c1feb3fb57f5,46cf91adf6c4920e5d9c5d7f0291e9563d2f2626,持卡人消费,硕果园（工大商店）,-2.5,72.42,5318,正常
2016/06/24 12:01:18,1d8165763c70f2d4b63da632a5a1c1feb3fb57f5,46cf91adf6c4920e5d9c5d7f0291e9563d2f2626,持卡人消费,学士楼商务网关,-6.44,65.98,5319,正常
2016/06/24 12:01:56,1d8165763c70f2d4b63da632a5a1c1feb3fb57f5,46cf91adf6c4920e5d9c5d7f0291e9563d2f2626,持卡人消费,学士楼商务网关,-3.8,62.18,5320,正常
2016/06/24 17:10:50,1d8165763c70f2d4b63da632a5a1c1feb3fb57f5,46cf91adf6c4920e5d9c5d7f0291e9563d2f2626,持卡人消费,学士楼商务网关,-4.9,57.28,5321,正常
2016/06/24 17:11:41,1d8165763c70f2d4b63da632a5a1c1feb3fb57f5,46cf91adf6c4920e5d9c5d7f0291e9563d2f2626,持卡人消费,学士楼商务网关,-2.0,55.28,5322,正常
2016/06/24 17:12:30,1d8165763c70f2d4b63da632a5a1c1feb3fb57f5,46cf91adf6c4920e5d9c5d7f0291e9563d2f2626,持卡人消费,学士楼商务网关,-6.0,49.28,5323,正常
2016/06/24 20:34:18,1d8165763c70f2d4b63da632a5a1c1feb3fb57f5,46cf91adf6c4920e5d9c5d7f0291e9563d2f2626,持卡人消费,一校区水控新,-0.4,48.88,5325,正常
2016/06/24 20:37:43,1d8165763c70f2d4b63da632a5a1c1feb3fb57f5,46cf91adf6c4920e5d9c5d7f0291e9563d2f2626,持卡人消费,一校区水控新,-0.32,48.56,5327,正常
2016/06/24 21:02:58,1d8165763c70f2d4b63da632a5a1c1feb3fb57f5,46cf91adf6c4920e5d9c5d7f0291e9563d2f2626,持卡人消费,超市商务子系统,-2.1,46.46,5328,正常
2016/06/24 21:04:05,1d8165763c70f2d4b63da632a5a1c1feb3fb57f5,46cf91adf6c4920e5d9c5d7f0291e9563d2f2626,持卡人消费,超市商务子系统,-4.8,41.66,5329,正常
2016/06/25 11:42:50,1d8165763c70f2d4b63da632a5a1c1feb3fb57f5,46cf91adf6c4920e5d9c5d7f0291e9563d2f2626,持卡人消费,硕果园（工大商店）,-12.0,29.66,5330,正常
2016/06/25 11:45:23,1d8165763c70f2d4b63da632a5a1c1feb3fb57f5,46cf91adf6c4920e5d9c5d7f0291e9563d2f2626,持卡人消费,硕果园（工大商店）,-6.0,23.66,5331,正常
2016/06/25 17:54:44,1d8165763c70f2d4b63da632a5a1c1feb3fb57f5,46cf91adf6c4920e5d9c5d7f0291e9563d2f2626,持卡人消费,学士楼商务网关,-9.4,14.26,5332,正常
2016/06/26 18:12:08,1d8165763c70f2d4b63da632a5a1c1feb3fb57f5,46cf91adf6c4920e5d9c5d7f0291e9563d2f2626,持卡人消费,硕果园（工大商店）,-12.0,2.26,5333,正常
2016/06/26 18:28:36,1d8165763c70f2d4b63da632a5a1c1feb3fb57f5,46cf91adf6c4920e5d9c5d7f0291e9563d2f2626,持卡人消费,硕果园（工大商店）,-1.5,0.76,5334,正常
2016/06/27 09:13:50,1d8165763c70f2d4b63da632a5a1c1feb3fb57f5,46cf91adf6c4920e5d9c5d7f0291e9563d2f2626,存款,现金充值机,50.0,50.76,5335,正常
2016/06/27 09:38:30,1d8165763c70f2d4b63da632a5a1c1feb3fb57f5,46cf91adf6c4920e5d9c5d7f0291e9563d2f2626,持卡人消费,学士楼商务网关,-6.0,44.76,5336,正常
2016/06/27 09:39:56,1d8165763c70f2d4b63da632a5a1c1feb3fb57f5,46cf91adf6c4920e5d9c5d7f0291e9563d2f2626,持卡人消费,学士楼商务网关,-7.0,37.76,5337,正常
2016/06/27 09:42:10,1d8165763c70f2d4b63da632a5a1c1feb3fb57f5,46cf91adf6c4920e5d9c5d7f0291e9563d2f2626,持卡人消费,学士楼商务网关,-9.0,28.76,5338,正常
2016/06/27 19:12:10,1d8165763c70f2d4b63da632a5a1c1feb3fb57f5,46cf91adf6c4920e5d9c5d7f0291e9563d2f2626,持卡人消费,一校区水控新,-0.44,28.32,5339,正常
2016/06/27 19:16:28,1d8165763c70f2d4b63da632a5a1c1feb3fb57f5,46cf91adf6c4920e5d9c5d7f0291e9563d2f2626,持卡人消费,一校区水控新,-0.44,27.88,5340,正常
2016/06/28 20:12:38,1d8165763c70f2d4b63da632a5a1c1feb3fb57f5,46cf91adf6c4920e5d9c5d7f0291e9563d2f2626,持卡人消费,硕果园（工大商店）,-2.5,25.38,5341,正常
2016/06/29 15:32:53,1d8165763c70f2d4b63da632a5a1c1feb3fb57f5,46cf91adf6c4920e5d9c5d7f0291e9563d2f2626,持卡人消费,超市商务子系统,-10.8,14.58,5342,正常
2016/06/30 08:48:02,1d8165763c70f2d4b63da632a5a1c1feb3fb57f5,46cf91adf6c4920e5d9c5d7f0291e9563d2f2626,持卡人消费,学士楼商务网关,-6.0,8.58,5343,正常
2016/06/30 08:49:17,1d8165763c70f2d4b63da632a5a1c1feb3fb57f5,46cf91adf6c4920e5d9c5d7f0291e9563d2f2626,持卡人消费,学士楼商务网关,-1.8,6.78,5344,正常
2016/06/30 11:33:09,1d8165763c70f2d4b63da632a5a1c1feb3fb57f5,46cf91adf6c4920e5d9c5d7f0291e9563d2f2626,存款,学苑楼综合业务2,50.0,56.78,5345,正常
2016/06/30 11:38:07,1d8165763c70f2d4b63da632a5a1c1feb3fb57f5,46cf91adf6c4920e5d9c5d7f0291e9563d2f2626,持卡人消费,硕果园（工大商店）,-11.0,45.78,5346,正常
2016/06/30 17:39:24,1d8165763c70f2d4b63da632a5a1c1feb3fb57f5,46cf91adf6c4920e5d9c5d7f0291e9563d2f2626,持卡人消费,学苑楼商务网关,-7.0,38.78,5347,正常
2016/06/30 17:39:48,1d8165763c70f2d4b63da632a5a1c1feb3fb57f5,46cf91adf6c4920e5d9c5d7f0291e9563d2f2626,持卡人消费,学苑楼商务网关,-8.0,30.78,5348,正常
