交易发生时间,学号,姓名,交易类型,子系统名称,交易额,现有余额,次数,状态
2016/06/01 13:00:19,9989aef23803aaa79e76e91c33f3fee5f295e6bd,47869aab87c9427cb7477533c76252c29e36e653,持卡人消费,硕果园（工大商店）,-5.0,19.42,2272,正常
2016/06/03 14:51:59,9989aef23803aaa79e76e91c33f3fee5f295e6bd,47869aab87c9427cb7477533c76252c29e36e653,持卡人消费,硕果园（工大商店）,-3.0,16.42,2273,正常
2016/06/03 18:34:13,9989aef23803aaa79e76e91c33f3fee5f295e6bd,47869aab87c9427cb7477533c76252c29e36e653,持卡人消费,一校区水控新,-2.0,12.42,2275,正常
2016/06/03 18:34:16,9989aef23803aaa79e76e91c33f3fee5f295e6bd,47869aab87c9427cb7477533c76252c29e36e653,持卡人消费,一校区水控新,-2.0,14.42,2276,正常
2016/06/03 18:36:52,9989aef23803aaa79e76e91c33f3fee5f295e6bd,47869aab87c9427cb7477533c76252c29e36e653,持卡人消费,一校区水控新,-0.45,11.97,2279,正常
2016/06/03 18:37:01,9989aef23803aaa79e76e91c33f3fee5f295e6bd,47869aab87c9427cb7477533c76252c29e36e653,持卡人消费,一校区水控新,-0.51,13.46,2280,正常
2016/06/13 18:46:41,9989aef23803aaa79e76e91c33f3fee5f295e6bd,47869aab87c9427cb7477533c76252c29e36e653,持卡人消费,硕果园（工大商店）,-2.6,8.86,2282,正常
2016/06/18 18:33:52,9989aef23803aaa79e76e91c33f3fee5f295e6bd,47869aab87c9427cb7477533c76252c29e36e653,持卡人消费,一校区水控新,-2.0,6.86,2283,正常
2016/06/18 18:32:39,9989aef23803aaa79e76e91c33f3fee5f295e6bd,47869aab87c9427cb7477533c76252c29e36e653,持卡人消费,一校区水控新,-2.0,4.86,2284,正常
2016/06/28 20:46:34,9989aef23803aaa79e76e91c33f3fee5f295e6bd,47869aab87c9427cb7477533c76252c29e36e653,持卡人消费,15公寓浴池,-1.62,3.24,2286,正常
