交易发生时间,学号,姓名,交易类型,子系统名称,交易额,现有余额,次数,状态
2016/06/05 18:23:24,f1bcd279f7ca2bfbdfb4e01105080e9338d16db5,481c85de9ef447277a8cd691c6b33e6a5cefff28,持卡人消费,15公寓浴池,-0.99,110.11,3020,正常
2016/06/05 18:29:54,f1bcd279f7ca2bfbdfb4e01105080e9338d16db5,481c85de9ef447277a8cd691c6b33e6a5cefff28,持卡人消费,15公寓浴池,-0.1,110.01,3022,正常
2016/06/05 18:32:41,f1bcd279f7ca2bfbdfb4e01105080e9338d16db5,481c85de9ef447277a8cd691c6b33e6a5cefff28,持卡人消费,15公寓浴池,-0.13,109.88,3024,正常
2016/06/05 18:42:41,f1bcd279f7ca2bfbdfb4e01105080e9338d16db5,481c85de9ef447277a8cd691c6b33e6a5cefff28,持卡人消费,15公寓浴池,-1.06,108.82,3026,正常
2016/06/06 13:47:10,f1bcd279f7ca2bfbdfb4e01105080e9338d16db5,481c85de9ef447277a8cd691c6b33e6a5cefff28,持卡人消费,硕果园（工大商店）,-14.0,94.82,3027,正常
2016/06/06 14:00:48,f1bcd279f7ca2bfbdfb4e01105080e9338d16db5,481c85de9ef447277a8cd691c6b33e6a5cefff28,持卡人消费,硕果园（工大商店）,-8.0,86.82,3028,正常
2016/06/06 14:43:56,f1bcd279f7ca2bfbdfb4e01105080e9338d16db5,481c85de9ef447277a8cd691c6b33e6a5cefff28,持卡人消费,15公寓浴池,-1.84,84.98,3030,正常
2016/06/10 18:45:54,f1bcd279f7ca2bfbdfb4e01105080e9338d16db5,481c85de9ef447277a8cd691c6b33e6a5cefff28,持卡人消费,15公寓浴池,-2.0,82.98,3031,正常
2016/06/10 18:46:18,f1bcd279f7ca2bfbdfb4e01105080e9338d16db5,481c85de9ef447277a8cd691c6b33e6a5cefff28,持卡人消费,15公寓浴池,-2.0,80.98,3032,正常
2016/06/10 18:47:04,f1bcd279f7ca2bfbdfb4e01105080e9338d16db5,481c85de9ef447277a8cd691c6b33e6a5cefff28,持卡人消费,15公寓浴池,-0.13,80.85,3034,正常
2016/06/10 18:55:21,f1bcd279f7ca2bfbdfb4e01105080e9338d16db5,481c85de9ef447277a8cd691c6b33e6a5cefff28,持卡人消费,15公寓浴池,-0.74,80.11,3036,正常
2016/06/12 13:55:21,f1bcd279f7ca2bfbdfb4e01105080e9338d16db5,481c85de9ef447277a8cd691c6b33e6a5cefff28,持卡人消费,硕果园（工大商店）,-9.0,71.11,3037,正常
2016/06/12 13:55:30,f1bcd279f7ca2bfbdfb4e01105080e9338d16db5,481c85de9ef447277a8cd691c6b33e6a5cefff28,持卡人消费,硕果园（工大商店）,-1.0,70.11,3038,正常
2016/06/12 18:51:58,f1bcd279f7ca2bfbdfb4e01105080e9338d16db5,481c85de9ef447277a8cd691c6b33e6a5cefff28,持卡人消费,15公寓浴池,-2.0,68.11,3039,正常
2016/06/12 18:53:33,f1bcd279f7ca2bfbdfb4e01105080e9338d16db5,481c85de9ef447277a8cd691c6b33e6a5cefff28,持卡人消费,15公寓浴池,-0.08,68.03,3041,正常
2016/06/12 18:54:57,f1bcd279f7ca2bfbdfb4e01105080e9338d16db5,481c85de9ef447277a8cd691c6b33e6a5cefff28,持卡人消费,15公寓浴池,-0.03,68.00,3043,正常
2016/06/12 19:00:01,f1bcd279f7ca2bfbdfb4e01105080e9338d16db5,481c85de9ef447277a8cd691c6b33e6a5cefff28,持卡人消费,15公寓浴池,-0.66,67.34,3045,正常
2016/06/14 07:00:41,f1bcd279f7ca2bfbdfb4e01105080e9338d16db5,481c85de9ef447277a8cd691c6b33e6a5cefff28,持卡人消费,学士楼商务网关,-5.9,61.44,3046,正常
2016/06/16 08:17:09,f1bcd279f7ca2bfbdfb4e01105080e9338d16db5,481c85de9ef447277a8cd691c6b33e6a5cefff28,持卡人消费,学士楼商务网关,-4.9,56.54,3047,正常
2016/06/16 14:10:19,f1bcd279f7ca2bfbdfb4e01105080e9338d16db5,481c85de9ef447277a8cd691c6b33e6a5cefff28,持卡人消费,硕果园（工大商店）,-8.0,48.54,3048,正常
2016/06/18 14:23:18,f1bcd279f7ca2bfbdfb4e01105080e9338d16db5,481c85de9ef447277a8cd691c6b33e6a5cefff28,持卡人消费,学士楼商务网关,-8.0,40.54,3049,正常
2016/06/18 14:25:10,f1bcd279f7ca2bfbdfb4e01105080e9338d16db5,481c85de9ef447277a8cd691c6b33e6a5cefff28,持卡人消费,学士楼商务网关,-0.6,39.94,3050,正常
2016/06/18 14:29:38,f1bcd279f7ca2bfbdfb4e01105080e9338d16db5,481c85de9ef447277a8cd691c6b33e6a5cefff28,持卡人消费,学士楼商务网关,-1.5,38.44,3051,正常
2016/06/18 14:42:59,f1bcd279f7ca2bfbdfb4e01105080e9338d16db5,481c85de9ef447277a8cd691c6b33e6a5cefff28,持卡人消费,硕果园（工大商店）,-2.5,35.94,3052,正常
2016/06/21 08:23:13,f1bcd279f7ca2bfbdfb4e01105080e9338d16db5,481c85de9ef447277a8cd691c6b33e6a5cefff28,持卡人消费,学士楼商务网关,-5.1,30.84,3053,正常
2016/06/21 08:23:46,f1bcd279f7ca2bfbdfb4e01105080e9338d16db5,481c85de9ef447277a8cd691c6b33e6a5cefff28,持卡人消费,学士楼商务网关,-3.5,27.34,3054,正常
2016/06/21 08:24:55,f1bcd279f7ca2bfbdfb4e01105080e9338d16db5,481c85de9ef447277a8cd691c6b33e6a5cefff28,持卡人消费,学士楼商务网关,-3.0,24.34,3055,正常
2016/06/21 11:32:07,f1bcd279f7ca2bfbdfb4e01105080e9338d16db5,481c85de9ef447277a8cd691c6b33e6a5cefff28,持卡人消费,学士楼商务网关,-8.4,15.94,3056,正常
2016/06/21 18:27:44,f1bcd279f7ca2bfbdfb4e01105080e9338d16db5,481c85de9ef447277a8cd691c6b33e6a5cefff28,持卡人消费,15公寓浴池,-2.0,13.94,3057,正常
2016/06/21 18:45:00,f1bcd279f7ca2bfbdfb4e01105080e9338d16db5,481c85de9ef447277a8cd691c6b33e6a5cefff28,持卡人消费,15公寓浴池,-2.0,11.94,3058,正常
2016/06/28 10:33:57,f1bcd279f7ca2bfbdfb4e01105080e9338d16db5,481c85de9ef447277a8cd691c6b33e6a5cefff28,存款,现金充值机,100.0,105.94,3059,正常
2016/06/28 10:59:41,f1bcd279f7ca2bfbdfb4e01105080e9338d16db5,481c85de9ef447277a8cd691c6b33e6a5cefff28,持卡人消费,学苑楼商务网关,-6.0,99.94,3061,正常
2016/06/28 11:31:48,f1bcd279f7ca2bfbdfb4e01105080e9338d16db5,481c85de9ef447277a8cd691c6b33e6a5cefff28,持卡人消费,超市商务子系统,-66.9,33.04,3062,正常
2016/06/29 12:05:25,f1bcd279f7ca2bfbdfb4e01105080e9338d16db5,481c85de9ef447277a8cd691c6b33e6a5cefff28,持卡人消费,学苑楼商务网关,-5.0,28.04,3063,正常
2016/06/29 12:05:36,f1bcd279f7ca2bfbdfb4e01105080e9338d16db5,481c85de9ef447277a8cd691c6b33e6a5cefff28,持卡人消费,学苑楼商务网关,-0.6,27.44,3064,正常
2016/06/29 12:06:11,f1bcd279f7ca2bfbdfb4e01105080e9338d16db5,481c85de9ef447277a8cd691c6b33e6a5cefff28,持卡人消费,学苑楼商务网关,-6.0,21.44,3065,正常
