交易发生时间,学号,姓名,交易类型,子系统名称,交易额,现有余额,次数,状态
2016/06/01 22:27:10,9f344a1730c70128ccdd6abcc77048bb82aebc7c,49860c3f6e882d93523fc5850a4ac4cd3ab633c5,持卡人消费,学子便利店A01后楼,-1.8,98.36,4307,正常
2016/06/02 13:42:12,9f344a1730c70128ccdd6abcc77048bb82aebc7c,49860c3f6e882d93523fc5850a4ac4cd3ab633c5,持卡人消费,硕果园（工大商店）,-6.0,92.36,4308,正常
2016/06/02 20:08:02,9f344a1730c70128ccdd6abcc77048bb82aebc7c,49860c3f6e882d93523fc5850a4ac4cd3ab633c5,持卡人消费,一校区水控新,-0.7,91.66,4310,正常
2016/06/02 20:14:53,9f344a1730c70128ccdd6abcc77048bb82aebc7c,49860c3f6e882d93523fc5850a4ac4cd3ab633c5,持卡人消费,一校区水控新,-1.01,90.65,4312,正常
2016/06/02 20:18:35,9f344a1730c70128ccdd6abcc77048bb82aebc7c,49860c3f6e882d93523fc5850a4ac4cd3ab633c5,持卡人消费,一校区水控新,-0.5,90.15,4314,正常
2016/06/04 13:53:22,9f344a1730c70128ccdd6abcc77048bb82aebc7c,49860c3f6e882d93523fc5850a4ac4cd3ab633c5,持卡人消费,硕果园（工大商店）,-14.0,76.15,4315,正常
2016/06/04 13:55:22,9f344a1730c70128ccdd6abcc77048bb82aebc7c,49860c3f6e882d93523fc5850a4ac4cd3ab633c5,持卡人消费,硕果园（工大商店）,-3.0,73.15,4316,正常
2016/06/04 19:25:33,9f344a1730c70128ccdd6abcc77048bb82aebc7c,49860c3f6e882d93523fc5850a4ac4cd3ab633c5,持卡人消费,一校区水控新,-1.62,71.53,4318,正常
2016/06/04 19:30:12,9f344a1730c70128ccdd6abcc77048bb82aebc7c,49860c3f6e882d93523fc5850a4ac4cd3ab633c5,持卡人消费,一校区水控新,-0.62,70.91,4320,正常
2016/06/04 19:46:39,9f344a1730c70128ccdd6abcc77048bb82aebc7c,49860c3f6e882d93523fc5850a4ac4cd3ab633c5,持卡人消费,学子便利店A01后楼,-10.0,60.91,4321,正常
2016/06/05 17:31:45,9f344a1730c70128ccdd6abcc77048bb82aebc7c,49860c3f6e882d93523fc5850a4ac4cd3ab633c5,持卡人消费,硕果园（工大商店）,-12.0,48.91,4322,正常
2016/06/05 17:39:32,9f344a1730c70128ccdd6abcc77048bb82aebc7c,49860c3f6e882d93523fc5850a4ac4cd3ab633c5,持卡人消费,硕果园（工大商店）,-4.5,44.41,4323,正常
2016/06/05 20:47:20,9f344a1730c70128ccdd6abcc77048bb82aebc7c,49860c3f6e882d93523fc5850a4ac4cd3ab633c5,持卡人消费,一校区水控新,-2.0,42.41,4324,正常
2016/06/05 20:50:32,9f344a1730c70128ccdd6abcc77048bb82aebc7c,49860c3f6e882d93523fc5850a4ac4cd3ab633c5,持卡人消费,一校区水控新,-0.59,41.82,4325,正常
2016/06/05 20:58:25,9f344a1730c70128ccdd6abcc77048bb82aebc7c,49860c3f6e882d93523fc5850a4ac4cd3ab633c5,持卡人消费,A1,-2.3,39.52,4326,正常
2016/06/05 21:02:57,9f344a1730c70128ccdd6abcc77048bb82aebc7c,49860c3f6e882d93523fc5850a4ac4cd3ab633c5,持卡人消费,学子便利店A01后楼,-13.8,25.72,4327,正常
2016/06/07 12:34:58,9f344a1730c70128ccdd6abcc77048bb82aebc7c,49860c3f6e882d93523fc5850a4ac4cd3ab633c5,存款,现金充值机,100.0,125.72,4328,正常
2016/06/07 12:35:19,9f344a1730c70128ccdd6abcc77048bb82aebc7c,49860c3f6e882d93523fc5850a4ac4cd3ab633c5,存款,现金充值机,100.0,225.72,4329,正常
2016/06/07 12:59:59,9f344a1730c70128ccdd6abcc77048bb82aebc7c,49860c3f6e882d93523fc5850a4ac4cd3ab633c5,持卡人消费,硕果园（工大商店）,-14.0,211.72,4330,正常
2016/06/07 13:32:39,9f344a1730c70128ccdd6abcc77048bb82aebc7c,49860c3f6e882d93523fc5850a4ac4cd3ab633c5,持卡人消费,超市商务子系统,-37.3,174.42,4331,正常
2016/06/07 13:35:24,9f344a1730c70128ccdd6abcc77048bb82aebc7c,49860c3f6e882d93523fc5850a4ac4cd3ab633c5,持卡人消费,网络中心,-30.0,144.42,4332,正常
2016/06/07 15:26:07,9f344a1730c70128ccdd6abcc77048bb82aebc7c,49860c3f6e882d93523fc5850a4ac4cd3ab633c5,持卡人消费,游泳馆,-6.0,138.42,4333,正常
2016/06/07 19:13:28,9f344a1730c70128ccdd6abcc77048bb82aebc7c,49860c3f6e882d93523fc5850a4ac4cd3ab633c5,持卡人消费,学子便利店A01后楼,-6.0,132.42,4334,正常
2016/06/09 19:47:14,9f344a1730c70128ccdd6abcc77048bb82aebc7c,49860c3f6e882d93523fc5850a4ac4cd3ab633c5,持卡人消费,超市商务子系统,-0.9,131.52,4335,正常
2016/06/10 19:35:35,9f344a1730c70128ccdd6abcc77048bb82aebc7c,49860c3f6e882d93523fc5850a4ac4cd3ab633c5,持卡人消费,硕果园（工大商店）,-10.0,121.52,4336,正常
2016/06/10 19:37:59,9f344a1730c70128ccdd6abcc77048bb82aebc7c,49860c3f6e882d93523fc5850a4ac4cd3ab633c5,持卡人消费,硕果园（工大商店）,-3.0,118.52,4337,正常
2016/06/11 13:49:41,9f344a1730c70128ccdd6abcc77048bb82aebc7c,49860c3f6e882d93523fc5850a4ac4cd3ab633c5,持卡人消费,硕果园（工大商店）,-12.0,106.52,4338,正常
2016/06/11 13:54:00,9f344a1730c70128ccdd6abcc77048bb82aebc7c,49860c3f6e882d93523fc5850a4ac4cd3ab633c5,持卡人消费,硕果园（工大商店）,-3.0,103.52,4339,正常
2016/06/11 14:23:14,9f344a1730c70128ccdd6abcc77048bb82aebc7c,49860c3f6e882d93523fc5850a4ac4cd3ab633c5,持卡人消费,硕果园（工大商店）,-1.0,102.52,4340,正常
2016/06/11 14:59:56,9f344a1730c70128ccdd6abcc77048bb82aebc7c,49860c3f6e882d93523fc5850a4ac4cd3ab633c5,持卡人消费,学子便利店A01后楼,-5.5,97.02,4341,正常
2016/06/11 19:52:17,9f344a1730c70128ccdd6abcc77048bb82aebc7c,49860c3f6e882d93523fc5850a4ac4cd3ab633c5,持卡人消费,一校区水控新,-1.78,95.24,4343,正常
2016/06/11 19:57:33,9f344a1730c70128ccdd6abcc77048bb82aebc7c,49860c3f6e882d93523fc5850a4ac4cd3ab633c5,持卡人消费,一校区水控新,-0.4,94.84,4345,正常
2016/06/11 20:02:13,9f344a1730c70128ccdd6abcc77048bb82aebc7c,49860c3f6e882d93523fc5850a4ac4cd3ab633c5,持卡人消费,一校区水控新,-0.64,94.20,4347,正常
2016/06/12 13:25:58,9f344a1730c70128ccdd6abcc77048bb82aebc7c,49860c3f6e882d93523fc5850a4ac4cd3ab633c5,持卡人消费,硕果园（工大商店）,-14.0,80.20,4348,正常
2016/06/12 13:54:44,9f344a1730c70128ccdd6abcc77048bb82aebc7c,49860c3f6e882d93523fc5850a4ac4cd3ab633c5,持卡人消费,超市商务子系统,-5.5,74.70,4349,正常
2016/06/13 13:13:24,9f344a1730c70128ccdd6abcc77048bb82aebc7c,49860c3f6e882d93523fc5850a4ac4cd3ab633c5,持卡人消费,硕果园（工大商店）,-8.0,66.70,4350,正常
2016/06/13 13:29:30,9f344a1730c70128ccdd6abcc77048bb82aebc7c,49860c3f6e882d93523fc5850a4ac4cd3ab633c5,持卡人消费,硕果园（工大商店）,-2.0,64.70,4351,正常
2016/06/13 19:55:13,9f344a1730c70128ccdd6abcc77048bb82aebc7c,49860c3f6e882d93523fc5850a4ac4cd3ab633c5,持卡人消费,硕果园（工大商店）,-14.0,50.70,4352,正常
2016/06/13 19:59:13,9f344a1730c70128ccdd6abcc77048bb82aebc7c,49860c3f6e882d93523fc5850a4ac4cd3ab633c5,持卡人消费,硕果园（工大商店）,-4.0,46.70,4353,正常
2016/06/14 08:08:11,9f344a1730c70128ccdd6abcc77048bb82aebc7c,49860c3f6e882d93523fc5850a4ac4cd3ab633c5,持卡人消费,学士楼商务网关,-4.8,41.90,4354,正常
2016/06/14 13:31:17,9f344a1730c70128ccdd6abcc77048bb82aebc7c,49860c3f6e882d93523fc5850a4ac4cd3ab633c5,持卡人消费,硕果园（工大商店）,-14.0,27.90,4355,正常
2016/06/14 13:42:37,9f344a1730c70128ccdd6abcc77048bb82aebc7c,49860c3f6e882d93523fc5850a4ac4cd3ab633c5,持卡人消费,硕果园（工大商店）,-4.0,23.90,4356,正常
2016/06/14 15:41:13,9f344a1730c70128ccdd6abcc77048bb82aebc7c,49860c3f6e882d93523fc5850a4ac4cd3ab633c5,持卡人消费,一校区水控新,-0.74,21.16,4359,正常
2016/06/14 15:41:21,9f344a1730c70128ccdd6abcc77048bb82aebc7c,49860c3f6e882d93523fc5850a4ac4cd3ab633c5,持卡人消费,一校区水控新,-0.67,22.49,4360,正常
2016/06/14 15:47:06,9f344a1730c70128ccdd6abcc77048bb82aebc7c,49860c3f6e882d93523fc5850a4ac4cd3ab633c5,持卡人消费,一校区水控新,-0.78,19.71,4363,正常
2016/06/14 15:51:40,9f344a1730c70128ccdd6abcc77048bb82aebc7c,49860c3f6e882d93523fc5850a4ac4cd3ab633c5,持卡人消费,一校区水控新,-0.69,19.02,4365,正常
2016/06/14 15:52:22,9f344a1730c70128ccdd6abcc77048bb82aebc7c,49860c3f6e882d93523fc5850a4ac4cd3ab633c5,持卡人消费,一校区水控新,-1.95,19.07,4366,正常
2016/06/14 16:03:37,9f344a1730c70128ccdd6abcc77048bb82aebc7c,49860c3f6e882d93523fc5850a4ac4cd3ab633c5,持卡人消费,A1,-2.3,16.77,4367,正常
2016/06/15 13:39:57,9f344a1730c70128ccdd6abcc77048bb82aebc7c,49860c3f6e882d93523fc5850a4ac4cd3ab633c5,持卡人消费,超市商务子系统,-7.4,9.37,4368,正常
2016/06/15 18:50:07,9f344a1730c70128ccdd6abcc77048bb82aebc7c,49860c3f6e882d93523fc5850a4ac4cd3ab633c5,持卡人消费,硕果园（工大商店）,-4.0,5.37,4369,正常
2016/06/16 13:17:41,9f344a1730c70128ccdd6abcc77048bb82aebc7c,49860c3f6e882d93523fc5850a4ac4cd3ab633c5,持卡人消费,一校区水控新,-1.87,3.50,4370,正常
2016/06/16 13:21:26,9f344a1730c70128ccdd6abcc77048bb82aebc7c,49860c3f6e882d93523fc5850a4ac4cd3ab633c5,持卡人消费,一校区水控新,-0.43,3.07,4371,正常
2016/06/27 11:20:46,9f344a1730c70128ccdd6abcc77048bb82aebc7c,49860c3f6e882d93523fc5850a4ac4cd3ab633c5,存款,学苑楼综合业务2,100.0,103.07,4372,正常
2016/06/27 11:21:49,9f344a1730c70128ccdd6abcc77048bb82aebc7c,49860c3f6e882d93523fc5850a4ac4cd3ab633c5,持卡人消费,学苑楼商务网关,-7.0,96.07,4373,正常
2016/06/27 17:52:35,9f344a1730c70128ccdd6abcc77048bb82aebc7c,49860c3f6e882d93523fc5850a4ac4cd3ab633c5,持卡人消费,一校区水控新,-0.62,95.45,4375,正常
2016/06/27 17:58:14,9f344a1730c70128ccdd6abcc77048bb82aebc7c,49860c3f6e882d93523fc5850a4ac4cd3ab633c5,持卡人消费,一校区水控新,-0.74,94.71,4377,正常
2016/06/27 18:01:47,9f344a1730c70128ccdd6abcc77048bb82aebc7c,49860c3f6e882d93523fc5850a4ac4cd3ab633c5,持卡人消费,一校区水控新,-0.51,94.20,4379,正常
2016/06/29 14:51:07,9f344a1730c70128ccdd6abcc77048bb82aebc7c,49860c3f6e882d93523fc5850a4ac4cd3ab633c5,持卡人消费,硕果园（工大商店）,-11.0,83.20,4380,正常
2016/06/29 14:52:48,9f344a1730c70128ccdd6abcc77048bb82aebc7c,49860c3f6e882d93523fc5850a4ac4cd3ab633c5,持卡人消费,硕果园（工大商店）,-6.0,77.20,4381,正常
