交易发生时间,学号,姓名,交易类型,子系统名称,交易额,现有余额,次数,状态
2016/06/01 11:09:36,4e8b31fa8d23a91118ded55e4e1b141d4fb76c0f,4ae8ece55748f4007a7aa4fd6998d4980393f5d7,存款,学苑楼综合业务3,100.0,104.64,3240,被冲正
2016/06/01 11:09:51,4e8b31fa8d23a91118ded55e4e1b141d4fb76c0f,4ae8ece55748f4007a7aa4fd6998d4980393f5d7,存款,学苑楼综合业务3,50.0,54.64,3242,正常
2016/06/01 11:12:47,4e8b31fa8d23a91118ded55e4e1b141d4fb76c0f,4ae8ece55748f4007a7aa4fd6998d4980393f5d7,持卡人消费,学苑楼商务网关,-8.0,46.64,3243,正常
2016/06/01 17:49:40,4e8b31fa8d23a91118ded55e4e1b141d4fb76c0f,4ae8ece55748f4007a7aa4fd6998d4980393f5d7,持卡人消费,学苑楼商务网关,-6.0,40.64,3244,正常
2016/06/02 08:49:09,4e8b31fa8d23a91118ded55e4e1b141d4fb76c0f,4ae8ece55748f4007a7aa4fd6998d4980393f5d7,持卡人消费,学士楼商务网关,-1.5,39.14,3245,正常
2016/06/02 11:19:10,4e8b31fa8d23a91118ded55e4e1b141d4fb76c0f,4ae8ece55748f4007a7aa4fd6998d4980393f5d7,持卡人消费,学士楼商务网关,-7.1,32.04,3246,正常
2016/06/02 19:51:51,4e8b31fa8d23a91118ded55e4e1b141d4fb76c0f,4ae8ece55748f4007a7aa4fd6998d4980393f5d7,持卡人消费,学子便利店A01后楼,-5.2,26.84,3247,正常
2016/06/04 08:51:44,4e8b31fa8d23a91118ded55e4e1b141d4fb76c0f,4ae8ece55748f4007a7aa4fd6998d4980393f5d7,持卡人消费,学子便利店A01后楼,-4.0,22.84,3248,正常
2016/06/04 21:22:50,4e8b31fa8d23a91118ded55e4e1b141d4fb76c0f,4ae8ece55748f4007a7aa4fd6998d4980393f5d7,持卡人消费,学子便利店A01后楼,-2.0,20.84,3249,正常
2016/06/05 14:59:23,4e8b31fa8d23a91118ded55e4e1b141d4fb76c0f,4ae8ece55748f4007a7aa4fd6998d4980393f5d7,持卡人消费,学子便利店A01后楼,-2.7,18.14,3250,正常
2016/06/05 19:10:27,4e8b31fa8d23a91118ded55e4e1b141d4fb76c0f,4ae8ece55748f4007a7aa4fd6998d4980393f5d7,持卡人消费,学子便利店A01后楼,-0.2,17.94,3251,正常
2016/06/06 20:49:52,4e8b31fa8d23a91118ded55e4e1b141d4fb76c0f,4ae8ece55748f4007a7aa4fd6998d4980393f5d7,持卡人消费,15公寓浴池,-1.68,16.26,3253,正常
2016/06/07 08:42:56,4e8b31fa8d23a91118ded55e4e1b141d4fb76c0f,4ae8ece55748f4007a7aa4fd6998d4980393f5d7,持卡人消费,学子便利店A01后楼,-4.0,12.26,3254,正常
2016/06/07 21:46:03,4e8b31fa8d23a91118ded55e4e1b141d4fb76c0f,4ae8ece55748f4007a7aa4fd6998d4980393f5d7,持卡人消费,学子便利店A01后楼,-3.5,8.76,3255,正常
2016/06/08 12:04:39,4e8b31fa8d23a91118ded55e4e1b141d4fb76c0f,4ae8ece55748f4007a7aa4fd6998d4980393f5d7,持卡人消费,学苑楼商务网关,-8.7,0.06,3256,正常
2016/06/09 18:19:32,4e8b31fa8d23a91118ded55e4e1b141d4fb76c0f,4ae8ece55748f4007a7aa4fd6998d4980393f5d7,存款,学苑楼综合业务3,50.0,50.06,3257,正常
2016/06/09 22:06:25,4e8b31fa8d23a91118ded55e4e1b141d4fb76c0f,4ae8ece55748f4007a7aa4fd6998d4980393f5d7,持卡人消费,学子便利店A01后楼,-4.5,45.56,3258,正常
2016/06/10 08:45:09,4e8b31fa8d23a91118ded55e4e1b141d4fb76c0f,4ae8ece55748f4007a7aa4fd6998d4980393f5d7,持卡人消费,学子便利店A01后楼,-1.2,44.36,3259,正常
2016/06/10 12:19:11,4e8b31fa8d23a91118ded55e4e1b141d4fb76c0f,4ae8ece55748f4007a7aa4fd6998d4980393f5d7,持卡人消费,学苑楼商务网关,-8.8,35.56,3260,正常
2016/06/10 17:46:04,4e8b31fa8d23a91118ded55e4e1b141d4fb76c0f,4ae8ece55748f4007a7aa4fd6998d4980393f5d7,持卡人消费,硕果园（工大商店）,-13.0,22.56,3261,正常
2016/06/11 08:12:20,4e8b31fa8d23a91118ded55e4e1b141d4fb76c0f,4ae8ece55748f4007a7aa4fd6998d4980393f5d7,持卡人消费,学子便利店A01后楼,-2.0,20.56,3262,正常
2016/06/11 21:07:29,4e8b31fa8d23a91118ded55e4e1b141d4fb76c0f,4ae8ece55748f4007a7aa4fd6998d4980393f5d7,持卡人消费,学子便利店A01后楼,-2.5,18.06,3263,正常
2016/06/13 11:00:12,4e8b31fa8d23a91118ded55e4e1b141d4fb76c0f,4ae8ece55748f4007a7aa4fd6998d4980393f5d7,持卡人消费,南苑网关,-15.6,2.46,3264,正常
