交易发生时间,学号,姓名,交易类型,子系统名称,交易额,现有余额,次数,状态
2016/06/01 08:02:13,70fc8779306c592acffe1c8b656819b6c62dd32a,4e823e2bac5f8ef75227b51e7882435c811dcc4e,持卡人消费,学士楼商务网关,-1.6,129.59,4799,正常
2016/06/01 11:38:40,70fc8779306c592acffe1c8b656819b6c62dd32a,4e823e2bac5f8ef75227b51e7882435c811dcc4e,持卡人消费,硕果园（工大商店）,-12.0,117.59,4800,正常
2016/06/01 17:03:53,70fc8779306c592acffe1c8b656819b6c62dd32a,4e823e2bac5f8ef75227b51e7882435c811dcc4e,持卡人消费,学苑楼商务网关,-1.5,116.09,4801,正常
2016/06/01 17:14:02,70fc8779306c592acffe1c8b656819b6c62dd32a,4e823e2bac5f8ef75227b51e7882435c811dcc4e,持卡人消费,学苑楼商务网关,-8.0,108.09,4802,正常
2016/06/02 07:59:41,70fc8779306c592acffe1c8b656819b6c62dd32a,4e823e2bac5f8ef75227b51e7882435c811dcc4e,持卡人消费,学士楼商务网关,-1.2,106.89,4803,正常
2016/06/02 11:20:36,70fc8779306c592acffe1c8b656819b6c62dd32a,4e823e2bac5f8ef75227b51e7882435c811dcc4e,持卡人消费,学士楼商务网关,-6.6,100.29,4804,正常
2016/06/02 17:14:20,70fc8779306c592acffe1c8b656819b6c62dd32a,4e823e2bac5f8ef75227b51e7882435c811dcc4e,持卡人消费,学苑楼商务网关,-8.6,91.69,4805,正常
2016/06/03 07:57:06,70fc8779306c592acffe1c8b656819b6c62dd32a,4e823e2bac5f8ef75227b51e7882435c811dcc4e,持卡人消费,学士楼商务网关,-2.2,89.49,4806,正常
2016/06/03 11:21:03,70fc8779306c592acffe1c8b656819b6c62dd32a,4e823e2bac5f8ef75227b51e7882435c811dcc4e,持卡人消费,学士楼商务网关,-8.4,81.09,4807,正常
2016/06/03 17:33:13,70fc8779306c592acffe1c8b656819b6c62dd32a,4e823e2bac5f8ef75227b51e7882435c811dcc4e,持卡人消费,学苑楼商务网关,-4.6,76.49,4808,正常
2016/06/04 08:28:38,70fc8779306c592acffe1c8b656819b6c62dd32a,4e823e2bac5f8ef75227b51e7882435c811dcc4e,持卡人消费,学士楼商务网关,-2.7,73.79,4809,正常
2016/06/04 11:37:49,70fc8779306c592acffe1c8b656819b6c62dd32a,4e823e2bac5f8ef75227b51e7882435c811dcc4e,持卡人消费,学士楼商务网关,-5.4,68.39,4810,正常
2016/06/04 17:17:02,70fc8779306c592acffe1c8b656819b6c62dd32a,4e823e2bac5f8ef75227b51e7882435c811dcc4e,持卡人消费,学士楼商务网关,-5.4,62.99,4811,正常
2016/06/06 08:00:34,70fc8779306c592acffe1c8b656819b6c62dd32a,4e823e2bac5f8ef75227b51e7882435c811dcc4e,持卡人消费,学士楼商务网关,-1.6,61.39,4812,正常
2016/06/06 11:37:18,70fc8779306c592acffe1c8b656819b6c62dd32a,4e823e2bac5f8ef75227b51e7882435c811dcc4e,持卡人消费,学士楼商务网关,-3.4,57.99,4813,正常
2016/06/06 17:22:49,70fc8779306c592acffe1c8b656819b6c62dd32a,4e823e2bac5f8ef75227b51e7882435c811dcc4e,持卡人消费,学苑楼商务网关,-4.6,53.39,4814,正常
2016/06/06 17:30:42,70fc8779306c592acffe1c8b656819b6c62dd32a,4e823e2bac5f8ef75227b51e7882435c811dcc4e,持卡人消费,学苑楼商务网关,-2.6,50.79,4815,正常
2016/06/06 17:54:22,70fc8779306c592acffe1c8b656819b6c62dd32a,4e823e2bac5f8ef75227b51e7882435c811dcc4e,持卡人消费,一校区水控新,-0.78,50.01,4817,正常
2016/06/06 18:00:43,70fc8779306c592acffe1c8b656819b6c62dd32a,4e823e2bac5f8ef75227b51e7882435c811dcc4e,持卡人消费,一校区水控新,-0.82,49.19,4819,正常
2016/06/07 07:58:56,70fc8779306c592acffe1c8b656819b6c62dd32a,4e823e2bac5f8ef75227b51e7882435c811dcc4e,持卡人消费,学士楼商务网关,-1.6,47.59,4820,正常
2016/06/07 11:32:56,70fc8779306c592acffe1c8b656819b6c62dd32a,4e823e2bac5f8ef75227b51e7882435c811dcc4e,持卡人消费,学苑楼商务网关,-9.0,38.59,4821,正常
2016/06/07 17:25:03,70fc8779306c592acffe1c8b656819b6c62dd32a,4e823e2bac5f8ef75227b51e7882435c811dcc4e,持卡人消费,学士楼商务网关,-6.4,32.19,4822,正常
2016/06/08 07:57:57,70fc8779306c592acffe1c8b656819b6c62dd32a,4e823e2bac5f8ef75227b51e7882435c811dcc4e,持卡人消费,学士楼商务网关,-1.6,30.59,4823,正常
2016/06/08 11:37:13,70fc8779306c592acffe1c8b656819b6c62dd32a,4e823e2bac5f8ef75227b51e7882435c811dcc4e,持卡人消费,学苑楼商务网关,-8.0,22.59,4824,正常
2016/06/10 16:23:27,70fc8779306c592acffe1c8b656819b6c62dd32a,4e823e2bac5f8ef75227b51e7882435c811dcc4e,持卡人消费,硕果园（工大商店）,-6.0,16.59,4825,正常
2016/06/12 08:04:44,70fc8779306c592acffe1c8b656819b6c62dd32a,4e823e2bac5f8ef75227b51e7882435c811dcc4e,持卡人消费,学士楼商务网关,-1.2,15.39,4826,正常
2016/06/12 12:01:27,70fc8779306c592acffe1c8b656819b6c62dd32a,4e823e2bac5f8ef75227b51e7882435c811dcc4e,持卡人消费,学士楼商务网关,-5.4,9.99,4827,正常
2016/06/12 16:39:38,70fc8779306c592acffe1c8b656819b6c62dd32a,4e823e2bac5f8ef75227b51e7882435c811dcc4e,存款,现金充值机,50.0,59.99,4828,正常
2016/06/12 17:03:39,70fc8779306c592acffe1c8b656819b6c62dd32a,4e823e2bac5f8ef75227b51e7882435c811dcc4e,持卡人消费,学苑楼商务网关,-6.0,53.99,4829,正常
2016/06/13 07:57:13,70fc8779306c592acffe1c8b656819b6c62dd32a,4e823e2bac5f8ef75227b51e7882435c811dcc4e,持卡人消费,学士楼商务网关,-1.6,52.39,4830,正常
2016/06/13 11:51:42,70fc8779306c592acffe1c8b656819b6c62dd32a,4e823e2bac5f8ef75227b51e7882435c811dcc4e,持卡人消费,学士楼商务网关,-5.4,46.99,4831,正常
2016/06/13 17:25:25,70fc8779306c592acffe1c8b656819b6c62dd32a,4e823e2bac5f8ef75227b51e7882435c811dcc4e,持卡人消费,学苑楼商务网关,-8.6,38.39,4832,正常
2016/06/13 17:43:48,70fc8779306c592acffe1c8b656819b6c62dd32a,4e823e2bac5f8ef75227b51e7882435c811dcc4e,持卡人消费,学苑楼商务网关,-2.5,35.89,4833,正常
2016/06/14 07:50:16,70fc8779306c592acffe1c8b656819b6c62dd32a,4e823e2bac5f8ef75227b51e7882435c811dcc4e,持卡人消费,学士楼商务网关,-1.6,34.29,4834,正常
2016/06/14 11:37:25,70fc8779306c592acffe1c8b656819b6c62dd32a,4e823e2bac5f8ef75227b51e7882435c811dcc4e,持卡人消费,学苑楼商务网关,-8.0,26.29,4835,正常
2016/06/14 11:37:41,70fc8779306c592acffe1c8b656819b6c62dd32a,4e823e2bac5f8ef75227b51e7882435c811dcc4e,持卡人消费,学苑楼商务网关,-0.6,25.69,4836,正常
2016/06/14 17:14:02,70fc8779306c592acffe1c8b656819b6c62dd32a,4e823e2bac5f8ef75227b51e7882435c811dcc4e,持卡人消费,学士楼商务网关,-6.6,19.09,4837,正常
2016/06/14 17:44:40,70fc8779306c592acffe1c8b656819b6c62dd32a,4e823e2bac5f8ef75227b51e7882435c811dcc4e,持卡人消费,一校区水控新,-0.82,18.27,4839,正常
2016/06/14 17:50:17,70fc8779306c592acffe1c8b656819b6c62dd32a,4e823e2bac5f8ef75227b51e7882435c811dcc4e,持卡人消费,一校区水控新,-0.82,17.45,4841,正常
2016/06/14 17:51:43,70fc8779306c592acffe1c8b656819b6c62dd32a,4e823e2bac5f8ef75227b51e7882435c811dcc4e,持卡人消费,一校区水控新,-0.05,17.40,4843,正常
2016/06/14 17:57:31,70fc8779306c592acffe1c8b656819b6c62dd32a,4e823e2bac5f8ef75227b51e7882435c811dcc4e,持卡人消费,A7,-2.3,15.10,4844,正常
2016/06/15 07:55:48,70fc8779306c592acffe1c8b656819b6c62dd32a,4e823e2bac5f8ef75227b51e7882435c811dcc4e,持卡人消费,学士楼商务网关,-1.6,13.50,4845,正常
2016/06/15 11:40:57,70fc8779306c592acffe1c8b656819b6c62dd32a,4e823e2bac5f8ef75227b51e7882435c811dcc4e,持卡人消费,学士楼商务网关,-7.6,5.90,4846,正常
2016/06/16 07:57:02,70fc8779306c592acffe1c8b656819b6c62dd32a,4e823e2bac5f8ef75227b51e7882435c811dcc4e,持卡人消费,学士楼商务网关,-1.6,4.30,4847,正常
2016/06/16 11:24:40,70fc8779306c592acffe1c8b656819b6c62dd32a,4e823e2bac5f8ef75227b51e7882435c811dcc4e,持卡人消费,学士楼商务网关,-2.4,1.90,4848,正常
2016/06/16 11:11:06,70fc8779306c592acffe1c8b656819b6c62dd32a,4e823e2bac5f8ef75227b51e7882435c811dcc4e,存款,现金充值机,300.0,301.90,4849,正常
2016/06/16 17:16:49,70fc8779306c592acffe1c8b656819b6c62dd32a,4e823e2bac5f8ef75227b51e7882435c811dcc4e,持卡人消费,学士楼商务网关,-8.4,293.50,4850,正常
2016/06/17 07:23:06,70fc8779306c592acffe1c8b656819b6c62dd32a,4e823e2bac5f8ef75227b51e7882435c811dcc4e,持卡人消费,学士楼商务网关,-1.6,291.90,4851,正常
2016/06/17 11:52:50,70fc8779306c592acffe1c8b656819b6c62dd32a,4e823e2bac5f8ef75227b51e7882435c811dcc4e,持卡人消费,学士楼商务网关,-7.6,284.30,4852,正常
2016/06/17 17:47:16,70fc8779306c592acffe1c8b656819b6c62dd32a,4e823e2bac5f8ef75227b51e7882435c811dcc4e,持卡人消费,学苑楼商务网关,-8.0,276.30,4853,正常
2016/06/18 12:01:18,70fc8779306c592acffe1c8b656819b6c62dd32a,4e823e2bac5f8ef75227b51e7882435c811dcc4e,持卡人消费,硕果园（工大商店）,-14.0,262.30,4854,正常
2016/06/19 09:27:10,70fc8779306c592acffe1c8b656819b6c62dd32a,4e823e2bac5f8ef75227b51e7882435c811dcc4e,持卡人消费,学子超市园丁总店,-42.8,219.50,4855,正常
2016/06/19 10:48:08,70fc8779306c592acffe1c8b656819b6c62dd32a,4e823e2bac5f8ef75227b51e7882435c811dcc4e,持卡人消费,硕果园（工大商店）,-24.0,195.50,4856,正常
2016/06/19 17:49:55,70fc8779306c592acffe1c8b656819b6c62dd32a,4e823e2bac5f8ef75227b51e7882435c811dcc4e,持卡人消费,学士楼商务网关,-7.4,188.10,4857,正常
2016/06/20 07:54:04,70fc8779306c592acffe1c8b656819b6c62dd32a,4e823e2bac5f8ef75227b51e7882435c811dcc4e,持卡人消费,学士楼商务网关,-1.6,186.50,4858,正常
2016/06/20 11:26:10,70fc8779306c592acffe1c8b656819b6c62dd32a,4e823e2bac5f8ef75227b51e7882435c811dcc4e,持卡人消费,学苑楼商务网关,-6.0,180.50,4859,正常
2016/06/20 17:02:57,70fc8779306c592acffe1c8b656819b6c62dd32a,4e823e2bac5f8ef75227b51e7882435c811dcc4e,持卡人消费,学士楼商务网关,-8.4,172.10,4860,正常
2016/06/21 07:50:40,70fc8779306c592acffe1c8b656819b6c62dd32a,4e823e2bac5f8ef75227b51e7882435c811dcc4e,持卡人消费,学士楼商务网关,-1.6,170.50,4861,正常
2016/06/21 11:33:12,70fc8779306c592acffe1c8b656819b6c62dd32a,4e823e2bac5f8ef75227b51e7882435c811dcc4e,持卡人消费,学士楼商务网关,-7.4,163.10,4862,正常
2016/06/21 16:55:31,70fc8779306c592acffe1c8b656819b6c62dd32a,4e823e2bac5f8ef75227b51e7882435c811dcc4e,持卡人消费,学士楼商务网关,-8.4,154.70,4863,正常
2016/06/21 17:29:28,70fc8779306c592acffe1c8b656819b6c62dd32a,4e823e2bac5f8ef75227b51e7882435c811dcc4e,持卡人消费,一校区水控新,-0.51,154.19,4865,正常
2016/06/21 17:32:41,70fc8779306c592acffe1c8b656819b6c62dd32a,4e823e2bac5f8ef75227b51e7882435c811dcc4e,持卡人消费,一校区水控新,-0.45,153.74,4867,正常
2016/06/22 07:47:46,70fc8779306c592acffe1c8b656819b6c62dd32a,4e823e2bac5f8ef75227b51e7882435c811dcc4e,持卡人消费,学士楼商务网关,-1.6,152.14,4868,正常
2016/06/22 11:26:46,70fc8779306c592acffe1c8b656819b6c62dd32a,4e823e2bac5f8ef75227b51e7882435c811dcc4e,持卡人消费,学士楼商务网关,-7.4,144.74,4869,正常
2016/06/22 11:26:54,70fc8779306c592acffe1c8b656819b6c62dd32a,4e823e2bac5f8ef75227b51e7882435c811dcc4e,持卡人消费,学士楼商务网关,-15.7,129.04,4870,正常
2016/06/22 11:46:32,70fc8779306c592acffe1c8b656819b6c62dd32a,4e823e2bac5f8ef75227b51e7882435c811dcc4e,持卡人消费,硕果园（工大商店）,-4.0,125.04,4871,正常
2016/06/22 17:05:12,70fc8779306c592acffe1c8b656819b6c62dd32a,4e823e2bac5f8ef75227b51e7882435c811dcc4e,持卡人消费,学士楼商务网关,-5.4,119.64,4872,正常
2016/06/23 07:59:20,70fc8779306c592acffe1c8b656819b6c62dd32a,4e823e2bac5f8ef75227b51e7882435c811dcc4e,持卡人消费,学士楼商务网关,-1.6,118.04,4873,正常
2016/06/23 11:24:00,70fc8779306c592acffe1c8b656819b6c62dd32a,4e823e2bac5f8ef75227b51e7882435c811dcc4e,持卡人消费,学士楼商务网关,-7.4,110.64,4874,正常
2016/06/24 11:22:43,70fc8779306c592acffe1c8b656819b6c62dd32a,4e823e2bac5f8ef75227b51e7882435c811dcc4e,持卡人消费,学士楼商务网关,-7.4,103.24,4875,正常
2016/06/24 11:29:32,70fc8779306c592acffe1c8b656819b6c62dd32a,4e823e2bac5f8ef75227b51e7882435c811dcc4e,持卡人消费,硕果园（工大商店）,-4.0,99.24,4876,正常
2016/06/24 17:08:29,70fc8779306c592acffe1c8b656819b6c62dd32a,4e823e2bac5f8ef75227b51e7882435c811dcc4e,持卡人消费,学士楼商务网关,-8.4,90.84,4877,正常
2016/06/25 08:03:34,70fc8779306c592acffe1c8b656819b6c62dd32a,4e823e2bac5f8ef75227b51e7882435c811dcc4e,持卡人消费,学士楼商务网关,-4.1,86.74,4878,正常
2016/06/25 11:56:33,70fc8779306c592acffe1c8b656819b6c62dd32a,4e823e2bac5f8ef75227b51e7882435c811dcc4e,持卡人消费,学士楼商务网关,-4.4,82.34,4879,正常
2016/06/25 16:55:15,70fc8779306c592acffe1c8b656819b6c62dd32a,4e823e2bac5f8ef75227b51e7882435c811dcc4e,持卡人消费,学士楼商务网关,-7.4,74.94,4880,正常
2016/06/26 11:37:35,70fc8779306c592acffe1c8b656819b6c62dd32a,4e823e2bac5f8ef75227b51e7882435c811dcc4e,持卡人消费,学士楼商务网关,-5.4,69.54,4881,正常
2016/06/27 07:36:01,70fc8779306c592acffe1c8b656819b6c62dd32a,4e823e2bac5f8ef75227b51e7882435c811dcc4e,持卡人消费,学士楼商务网关,-1.6,67.94,4882,正常
2016/06/27 11:47:31,70fc8779306c592acffe1c8b656819b6c62dd32a,4e823e2bac5f8ef75227b51e7882435c811dcc4e,持卡人消费,学苑楼商务网关,-10.0,57.94,4883,正常
2016/06/27 11:48:25,70fc8779306c592acffe1c8b656819b6c62dd32a,4e823e2bac5f8ef75227b51e7882435c811dcc4e,持卡人消费,学苑楼商务网关,-8.8,49.14,4884,正常
2016/06/27 17:13:10,70fc8779306c592acffe1c8b656819b6c62dd32a,4e823e2bac5f8ef75227b51e7882435c811dcc4e,持卡人消费,学士楼商务网关,-6.4,42.74,4885,正常
2016/06/27 18:57:08,70fc8779306c592acffe1c8b656819b6c62dd32a,4e823e2bac5f8ef75227b51e7882435c811dcc4e,持卡人消费,一校区水控新,-0.59,42.15,4887,正常
2016/06/27 19:00:58,70fc8779306c592acffe1c8b656819b6c62dd32a,4e823e2bac5f8ef75227b51e7882435c811dcc4e,持卡人消费,一校区水控新,-0.54,41.61,4889,正常
2016/06/28 11:37:49,70fc8779306c592acffe1c8b656819b6c62dd32a,4e823e2bac5f8ef75227b51e7882435c811dcc4e,持卡人消费,硕果园（工大商店）,-6.0,35.61,4890,正常
2016/06/29 08:09:10,70fc8779306c592acffe1c8b656819b6c62dd32a,4e823e2bac5f8ef75227b51e7882435c811dcc4e,持卡人消费,学士楼商务网关,-1.2,34.41,4891,正常
