交易发生时间,学号,姓名,交易类型,子系统名称,交易额,现有余额,次数,状态
2016/06/01 11:40:54,26cc1d91a05a5f853b9bee0e68da9556cdf0f4fc,4f1e3e370420bad80d2d9b28b4a08837d832a488,持卡人消费,网络中心,-30.0,105.93,2666,正常
2016/06/08 17:10:28,26cc1d91a05a5f853b9bee0e68da9556cdf0f4fc,4f1e3e370420bad80d2d9b28b4a08837d832a488,持卡人消费,15公寓浴池,-2.0,101.93,2668,正常
2016/06/08 17:04:03,26cc1d91a05a5f853b9bee0e68da9556cdf0f4fc,4f1e3e370420bad80d2d9b28b4a08837d832a488,持卡人消费,15公寓浴池,-1.68,102.25,2669,正常
2016/06/13 11:34:05,26cc1d91a05a5f853b9bee0e68da9556cdf0f4fc,4f1e3e370420bad80d2d9b28b4a08837d832a488,持卡人消费,学苑楼商务网关,-7.0,95.25,2670,正常
2016/06/13 11:49:01,26cc1d91a05a5f853b9bee0e68da9556cdf0f4fc,4f1e3e370420bad80d2d9b28b4a08837d832a488,持卡人消费,网络中心,-30.0,65.25,2671,正常
2016/06/14 14:36:44,26cc1d91a05a5f853b9bee0e68da9556cdf0f4fc,4f1e3e370420bad80d2d9b28b4a08837d832a488,持卡人消费,15公寓浴池,-2.0,63.25,2672,正常
2016/06/15 19:03:42,26cc1d91a05a5f853b9bee0e68da9556cdf0f4fc,4f1e3e370420bad80d2d9b28b4a08837d832a488,持卡人消费,15公寓浴池,-0.19,63.06,2674,正常
2016/06/15 19:04:40,26cc1d91a05a5f853b9bee0e68da9556cdf0f4fc,4f1e3e370420bad80d2d9b28b4a08837d832a488,持卡人消费,15公寓浴池,-0.08,62.98,2676,正常
2016/06/15 19:05:41,26cc1d91a05a5f853b9bee0e68da9556cdf0f4fc,4f1e3e370420bad80d2d9b28b4a08837d832a488,持卡人消费,15公寓浴池,-0.11,62.87,2678,正常
2016/06/15 19:08:26,26cc1d91a05a5f853b9bee0e68da9556cdf0f4fc,4f1e3e370420bad80d2d9b28b4a08837d832a488,持卡人消费,15公寓浴池,-0.18,62.69,2680,正常
2016/06/15 19:12:19,26cc1d91a05a5f853b9bee0e68da9556cdf0f4fc,4f1e3e370420bad80d2d9b28b4a08837d832a488,持卡人消费,15公寓浴池,-0.34,62.35,2682,正常
2016/06/16 17:43:24,26cc1d91a05a5f853b9bee0e68da9556cdf0f4fc,4f1e3e370420bad80d2d9b28b4a08837d832a488,持卡人消费,学苑楼商务网关,-7.0,55.35,2683,正常
2016/06/22 14:25:05,26cc1d91a05a5f853b9bee0e68da9556cdf0f4fc,4f1e3e370420bad80d2d9b28b4a08837d832a488,持卡人消费,15公寓浴池,-2.0,53.35,2684,正常
2016/06/23 11:15:59,26cc1d91a05a5f853b9bee0e68da9556cdf0f4fc,4f1e3e370420bad80d2d9b28b4a08837d832a488,持卡人消费,学苑楼商务网关,-7.0,46.35,2685,正常
2016/06/30 16:54:16,26cc1d91a05a5f853b9bee0e68da9556cdf0f4fc,4f1e3e370420bad80d2d9b28b4a08837d832a488,持卡人消费,15公寓浴池,-0.73,45.62,2686,正常
2016/06/30 16:58:44,26cc1d91a05a5f853b9bee0e68da9556cdf0f4fc,4f1e3e370420bad80d2d9b28b4a08837d832a488,持卡人消费,15公寓浴池,-0.62,45.00,2687,正常
