交易发生时间,学号,姓名,交易类型,子系统名称,交易额,现有余额,次数,状态
2016/06/01 11:25:10,80aebf541cfee328742afd89472f84192c16af34,4fc1e9d3938a1cb73a517f1aa5b2cea71381a7bf,持卡人消费,学苑楼商务网关,-6.0,83.05,2858,正常
2016/06/01 11:46:18,80aebf541cfee328742afd89472f84192c16af34,4fc1e9d3938a1cb73a517f1aa5b2cea71381a7bf,持卡人消费,超市商务子系统,-3.3,79.75,2859,正常
2016/06/01 16:37:06,80aebf541cfee328742afd89472f84192c16af34,4fc1e9d3938a1cb73a517f1aa5b2cea71381a7bf,持卡人消费,15公寓浴池,-0.16,79.59,2861,正常
2016/06/01 16:39:38,80aebf541cfee328742afd89472f84192c16af34,4fc1e9d3938a1cb73a517f1aa5b2cea71381a7bf,持卡人消费,15公寓浴池,-0.24,79.35,2863,正常
2016/06/01 16:46:56,80aebf541cfee328742afd89472f84192c16af34,4fc1e9d3938a1cb73a517f1aa5b2cea71381a7bf,持卡人消费,15公寓浴池,-0.98,78.37,2865,正常
2016/06/02 18:01:07,80aebf541cfee328742afd89472f84192c16af34,4fc1e9d3938a1cb73a517f1aa5b2cea71381a7bf,持卡人消费,硕果园（工大商店）,-11.0,67.37,2866,正常
2016/06/02 20:11:27,80aebf541cfee328742afd89472f84192c16af34,4fc1e9d3938a1cb73a517f1aa5b2cea71381a7bf,持卡人消费,超市商务子系统,-5.0,62.37,2867,正常
2016/06/03 11:12:50,80aebf541cfee328742afd89472f84192c16af34,4fc1e9d3938a1cb73a517f1aa5b2cea71381a7bf,持卡人消费,学苑楼商务网关,-7.9,54.47,2868,正常
2016/06/03 17:09:41,80aebf541cfee328742afd89472f84192c16af34,4fc1e9d3938a1cb73a517f1aa5b2cea71381a7bf,持卡人消费,学士楼商务网关,-7.0,47.47,2869,正常
2016/06/03 17:09:48,80aebf541cfee328742afd89472f84192c16af34,4fc1e9d3938a1cb73a517f1aa5b2cea71381a7bf,持卡人消费,学士楼商务网关,-2.0,45.47,2870,正常
2016/06/04 06:50:57,80aebf541cfee328742afd89472f84192c16af34,4fc1e9d3938a1cb73a517f1aa5b2cea71381a7bf,持卡人消费,学士楼商务网关,-4.0,41.47,2871,正常
2016/06/06 11:20:50,80aebf541cfee328742afd89472f84192c16af34,4fc1e9d3938a1cb73a517f1aa5b2cea71381a7bf,持卡人消费,学苑楼商务网关,-7.5,33.97,2872,正常
2016/06/06 12:02:56,80aebf541cfee328742afd89472f84192c16af34,4fc1e9d3938a1cb73a517f1aa5b2cea71381a7bf,持卡人消费,超市商务子系统,-5.0,28.97,2873,正常
2016/06/07 11:21:44,80aebf541cfee328742afd89472f84192c16af34,4fc1e9d3938a1cb73a517f1aa5b2cea71381a7bf,持卡人消费,硕果园（工大商店）,-10.0,18.97,2874,正常
2016/06/08 16:17:14,80aebf541cfee328742afd89472f84192c16af34,4fc1e9d3938a1cb73a517f1aa5b2cea71381a7bf,存款,现金充值机,100.0,118.97,2875,正常
2016/06/08 16:54:42,80aebf541cfee328742afd89472f84192c16af34,4fc1e9d3938a1cb73a517f1aa5b2cea71381a7bf,持卡人消费,15公寓浴池,-0.18,118.79,2877,正常
2016/06/08 16:56:12,80aebf541cfee328742afd89472f84192c16af34,4fc1e9d3938a1cb73a517f1aa5b2cea71381a7bf,持卡人消费,15公寓浴池,-0.11,118.68,2879,正常
2016/06/08 16:58:09,80aebf541cfee328742afd89472f84192c16af34,4fc1e9d3938a1cb73a517f1aa5b2cea71381a7bf,持卡人消费,15公寓浴池,-0.19,118.49,2881,正常
2016/06/08 17:04:51,80aebf541cfee328742afd89472f84192c16af34,4fc1e9d3938a1cb73a517f1aa5b2cea71381a7bf,持卡人消费,15公寓浴池,-0.93,117.56,2883,正常
2016/06/08 19:55:26,80aebf541cfee328742afd89472f84192c16af34,4fc1e9d3938a1cb73a517f1aa5b2cea71381a7bf,持卡人消费,超市商务子系统,-4.0,113.56,2884,正常
2016/06/09 07:26:43,80aebf541cfee328742afd89472f84192c16af34,4fc1e9d3938a1cb73a517f1aa5b2cea71381a7bf,持卡人消费,学士楼商务网关,-3.1,110.46,2885,正常
2016/06/09 11:10:39,80aebf541cfee328742afd89472f84192c16af34,4fc1e9d3938a1cb73a517f1aa5b2cea71381a7bf,持卡人消费,学苑楼商务网关,-7.9,102.56,2886,正常
2016/06/09 11:49:38,80aebf541cfee328742afd89472f84192c16af34,4fc1e9d3938a1cb73a517f1aa5b2cea71381a7bf,持卡人消费,硕果园（工大商店）,-4.3,98.26,2887,正常
2016/06/09 19:00:03,80aebf541cfee328742afd89472f84192c16af34,4fc1e9d3938a1cb73a517f1aa5b2cea71381a7bf,持卡人消费,超市商务子系统,-2.7,95.56,2888,正常
2016/06/09 19:04:11,80aebf541cfee328742afd89472f84192c16af34,4fc1e9d3938a1cb73a517f1aa5b2cea71381a7bf,持卡人消费,硕果园（工大商店）,-10.0,85.56,2889,正常
2016/06/11 17:24:15,80aebf541cfee328742afd89472f84192c16af34,4fc1e9d3938a1cb73a517f1aa5b2cea71381a7bf,持卡人消费,学苑楼商务网关,-7.5,78.06,2890,正常
2016/06/12 12:50:52,80aebf541cfee328742afd89472f84192c16af34,4fc1e9d3938a1cb73a517f1aa5b2cea71381a7bf,持卡人消费,硕果园（工大商店）,-10.0,68.06,2891,正常
2016/06/12 19:56:48,80aebf541cfee328742afd89472f84192c16af34,4fc1e9d3938a1cb73a517f1aa5b2cea71381a7bf,持卡人消费,超市商务子系统,-3.5,64.56,2892,正常
2016/06/12 20:01:42,80aebf541cfee328742afd89472f84192c16af34,4fc1e9d3938a1cb73a517f1aa5b2cea71381a7bf,持卡人消费,超市商务子系统,-21.9,42.66,2893,正常
2016/06/13 07:24:30,80aebf541cfee328742afd89472f84192c16af34,4fc1e9d3938a1cb73a517f1aa5b2cea71381a7bf,持卡人消费,学士楼商务网关,-3.1,39.56,2894,正常
2016/06/14 19:22:59,80aebf541cfee328742afd89472f84192c16af34,4fc1e9d3938a1cb73a517f1aa5b2cea71381a7bf,持卡人消费,超市商务子系统,-8.2,31.36,2895,正常
2016/06/15 13:14:59,80aebf541cfee328742afd89472f84192c16af34,4fc1e9d3938a1cb73a517f1aa5b2cea71381a7bf,持卡人消费,硕果园（工大商店）,-8.0,23.36,2896,正常
2016/06/16 11:43:25,80aebf541cfee328742afd89472f84192c16af34,4fc1e9d3938a1cb73a517f1aa5b2cea71381a7bf,持卡人消费,超市商务子系统,-5.0,18.36,2897,正常
2016/06/16 11:47:08,80aebf541cfee328742afd89472f84192c16af34,4fc1e9d3938a1cb73a517f1aa5b2cea71381a7bf,持卡人消费,学苑楼商务网关,-6.2,12.16,2898,正常
2016/06/16 11:52:28,80aebf541cfee328742afd89472f84192c16af34,4fc1e9d3938a1cb73a517f1aa5b2cea71381a7bf,持卡人消费,硕果园（工大商店）,-10.0,2.16,2899,正常
2016/06/16 16:12:13,80aebf541cfee328742afd89472f84192c16af34,4fc1e9d3938a1cb73a517f1aa5b2cea71381a7bf,持卡人消费,15公寓浴池,-0.26,1.90,2901,正常
2016/06/17 07:00:23,80aebf541cfee328742afd89472f84192c16af34,4fc1e9d3938a1cb73a517f1aa5b2cea71381a7bf,存款,现金充值机,100.0,101.90,2902,正常
2016/06/17 07:26:27,80aebf541cfee328742afd89472f84192c16af34,4fc1e9d3938a1cb73a517f1aa5b2cea71381a7bf,持卡人消费,学士楼商务网关,-3.5,98.40,2903,正常
2016/06/17 11:44:19,80aebf541cfee328742afd89472f84192c16af34,4fc1e9d3938a1cb73a517f1aa5b2cea71381a7bf,持卡人消费,超市商务子系统,-19.6,78.80,2904,正常
2016/06/17 17:16:14,80aebf541cfee328742afd89472f84192c16af34,4fc1e9d3938a1cb73a517f1aa5b2cea71381a7bf,持卡人消费,硕果园（工大商店）,-4.0,74.80,2905,正常
2016/06/18 18:26:44,80aebf541cfee328742afd89472f84192c16af34,4fc1e9d3938a1cb73a517f1aa5b2cea71381a7bf,持卡人消费,硕果园（工大商店）,-4.5,70.30,2906,正常
2016/06/19 11:54:50,80aebf541cfee328742afd89472f84192c16af34,4fc1e9d3938a1cb73a517f1aa5b2cea71381a7bf,持卡人消费,硕果园（工大商店）,-10.0,60.30,2907,正常
2016/06/19 11:56:03,80aebf541cfee328742afd89472f84192c16af34,4fc1e9d3938a1cb73a517f1aa5b2cea71381a7bf,持卡人消费,硕果园（工大商店）,-3.0,57.30,2908,正常
2016/06/20 11:34:02,80aebf541cfee328742afd89472f84192c16af34,4fc1e9d3938a1cb73a517f1aa5b2cea71381a7bf,持卡人消费,超市商务子系统,-5.0,52.30,2909,正常
2016/06/20 11:38:40,80aebf541cfee328742afd89472f84192c16af34,4fc1e9d3938a1cb73a517f1aa5b2cea71381a7bf,持卡人消费,硕果园（工大商店）,-9.0,43.30,2910,正常
2016/06/20 11:47:26,80aebf541cfee328742afd89472f84192c16af34,4fc1e9d3938a1cb73a517f1aa5b2cea71381a7bf,持卡人消费,硕果园（工大商店）,-4.3,39.00,2911,正常
2016/06/20 18:41:19,80aebf541cfee328742afd89472f84192c16af34,4fc1e9d3938a1cb73a517f1aa5b2cea71381a7bf,持卡人消费,超市商务子系统,-29.0,10.00,2912,正常
2016/06/21 17:01:55,80aebf541cfee328742afd89472f84192c16af34,4fc1e9d3938a1cb73a517f1aa5b2cea71381a7bf,持卡人消费,学苑楼商务网关,-7.5,2.50,2913,正常
2016/06/22 11:44:34,80aebf541cfee328742afd89472f84192c16af34,4fc1e9d3938a1cb73a517f1aa5b2cea71381a7bf,存款,学苑楼综合业务2,50.0,52.50,2914,正常
2016/06/22 11:47:04,80aebf541cfee328742afd89472f84192c16af34,4fc1e9d3938a1cb73a517f1aa5b2cea71381a7bf,持卡人消费,学苑楼商务网关,-7.9,44.60,2915,正常
2016/06/22 13:41:04,80aebf541cfee328742afd89472f84192c16af34,4fc1e9d3938a1cb73a517f1aa5b2cea71381a7bf,持卡人消费,硕果园（工大商店）,-3.9,40.70,2916,正常
2016/06/23 17:03:08,80aebf541cfee328742afd89472f84192c16af34,4fc1e9d3938a1cb73a517f1aa5b2cea71381a7bf,持卡人消费,15公寓浴池,-0.19,40.51,2918,正常
2016/06/23 17:05:31,80aebf541cfee328742afd89472f84192c16af34,4fc1e9d3938a1cb73a517f1aa5b2cea71381a7bf,持卡人消费,15公寓浴池,-0.21,40.30,2920,正常
2016/06/23 17:14:23,80aebf541cfee328742afd89472f84192c16af34,4fc1e9d3938a1cb73a517f1aa5b2cea71381a7bf,持卡人消费,15公寓浴池,-1.28,39.02,2922,正常
2016/06/23 18:21:15,80aebf541cfee328742afd89472f84192c16af34,4fc1e9d3938a1cb73a517f1aa5b2cea71381a7bf,持卡人消费,超市商务子系统,-4.0,35.02,2923,正常
2016/06/24 11:20:17,80aebf541cfee328742afd89472f84192c16af34,4fc1e9d3938a1cb73a517f1aa5b2cea71381a7bf,持卡人消费,学苑楼商务网关,-7.5,27.52,2924,正常
2016/06/24 20:28:20,80aebf541cfee328742afd89472f84192c16af34,4fc1e9d3938a1cb73a517f1aa5b2cea71381a7bf,持卡人消费,一校区水控新,-2.0,25.52,2925,正常
2016/06/24 20:28:30,80aebf541cfee328742afd89472f84192c16af34,4fc1e9d3938a1cb73a517f1aa5b2cea71381a7bf,持卡人消费,一校区水控新,-2.0,23.52,2926,正常
2016/06/24 20:30:23,80aebf541cfee328742afd89472f84192c16af34,4fc1e9d3938a1cb73a517f1aa5b2cea71381a7bf,持卡人消费,一校区水控新,-0.37,21.15,2929,正常
2016/06/24 20:32:53,80aebf541cfee328742afd89472f84192c16af34,4fc1e9d3938a1cb73a517f1aa5b2cea71381a7bf,持卡人消费,一校区水控新,-0.8,22.35,2930,正常
2016/06/25 11:55:43,80aebf541cfee328742afd89472f84192c16af34,4fc1e9d3938a1cb73a517f1aa5b2cea71381a7bf,持卡人消费,学士楼商务网关,-5.6,16.75,2931,正常
2016/06/25 12:20:17,80aebf541cfee328742afd89472f84192c16af34,4fc1e9d3938a1cb73a517f1aa5b2cea71381a7bf,持卡人消费,超市商务子系统,-5.0,11.75,2932,正常
2016/06/27 12:26:43,80aebf541cfee328742afd89472f84192c16af34,4fc1e9d3938a1cb73a517f1aa5b2cea71381a7bf,持卡人消费,硕果园（工大商店）,-3.0,8.75,2933,正常
2016/06/27 18:47:14,80aebf541cfee328742afd89472f84192c16af34,4fc1e9d3938a1cb73a517f1aa5b2cea71381a7bf,持卡人消费,硕果园（工大商店）,-3.6,5.15,2934,正常
2016/06/28 07:42:13,80aebf541cfee328742afd89472f84192c16af34,4fc1e9d3938a1cb73a517f1aa5b2cea71381a7bf,持卡人消费,学士楼商务网关,-3.5,1.65,2935,正常
2016/06/28 12:05:54,80aebf541cfee328742afd89472f84192c16af34,4fc1e9d3938a1cb73a517f1aa5b2cea71381a7bf,存款,卡中心综合业务,50.0,51.65,2936,正常
2016/06/28 12:09:31,80aebf541cfee328742afd89472f84192c16af34,4fc1e9d3938a1cb73a517f1aa5b2cea71381a7bf,持卡人消费,学苑楼商务网关,-7.6,44.05,2937,正常
2016/06/29 11:42:55,80aebf541cfee328742afd89472f84192c16af34,4fc1e9d3938a1cb73a517f1aa5b2cea71381a7bf,持卡人消费,硕果园（工大商店）,-10.0,34.05,2938,正常
2016/06/29 11:44:18,80aebf541cfee328742afd89472f84192c16af34,4fc1e9d3938a1cb73a517f1aa5b2cea71381a7bf,持卡人消费,硕果园（工大商店）,-3.0,31.05,2939,正常
2016/06/29 13:51:16,80aebf541cfee328742afd89472f84192c16af34,4fc1e9d3938a1cb73a517f1aa5b2cea71381a7bf,持卡人消费,超市商务子系统,-4.0,27.05,2940,正常
2016/06/29 15:52:34,80aebf541cfee328742afd89472f84192c16af34,4fc1e9d3938a1cb73a517f1aa5b2cea71381a7bf,持卡人消费,15公寓浴池,-0.21,26.84,2942,正常
2016/06/29 15:54:53,80aebf541cfee328742afd89472f84192c16af34,4fc1e9d3938a1cb73a517f1aa5b2cea71381a7bf,持卡人消费,15公寓浴池,-0.22,26.62,2944,正常
2016/06/29 16:02:36,80aebf541cfee328742afd89472f84192c16af34,4fc1e9d3938a1cb73a517f1aa5b2cea71381a7bf,持卡人消费,15公寓浴池,-1.06,25.56,2946,正常
2016/06/29 19:51:45,80aebf541cfee328742afd89472f84192c16af34,4fc1e9d3938a1cb73a517f1aa5b2cea71381a7bf,持卡人消费,身份前置机,-0.04,25.52,2947,正常
2016/06/29 20:47:36,80aebf541cfee328742afd89472f84192c16af34,4fc1e9d3938a1cb73a517f1aa5b2cea71381a7bf,持卡人消费,硕果园（工大商店）,-12.5,13.02,2948,正常
2016/06/29 20:49:06,80aebf541cfee328742afd89472f84192c16af34,4fc1e9d3938a1cb73a517f1aa5b2cea71381a7bf,持卡人消费,硕果园（工大商店）,-8.0,5.02,2949,正常
2016/06/30 06:33:52,80aebf541cfee328742afd89472f84192c16af34,4fc1e9d3938a1cb73a517f1aa5b2cea71381a7bf,存款,现金充值机,100.0,105.02,2950,正常
2016/06/30 07:56:32,80aebf541cfee328742afd89472f84192c16af34,4fc1e9d3938a1cb73a517f1aa5b2cea71381a7bf,持卡人消费,学士楼商务网关,-3.5,101.52,2951,正常
2016/06/30 11:51:27,80aebf541cfee328742afd89472f84192c16af34,4fc1e9d3938a1cb73a517f1aa5b2cea71381a7bf,持卡人消费,南苑网关,-2.0,99.52,2952,正常
2016/06/30 11:51:33,80aebf541cfee328742afd89472f84192c16af34,4fc1e9d3938a1cb73a517f1aa5b2cea71381a7bf,持卡人消费,南苑网关,-14.64,84.88,2953,正常
2016/06/30 11:53:15,80aebf541cfee328742afd89472f84192c16af34,4fc1e9d3938a1cb73a517f1aa5b2cea71381a7bf,持卡人消费,南苑网关,-0.2,84.68,2954,正常
