交易发生时间,学号,姓名,交易类型,子系统名称,交易额,现有余额,次数,状态
2016/06/05 12:11:57,7d670fed9b341b241d35e5c1344978456eac0090,4fc1e9d3938a1cb73a517f1aa5b2cea71381a7bf,存款,卡中心综合业务,100.0,100.06,3313,正常
2016/06/05 12:13:48,7d670fed9b341b241d35e5c1344978456eac0090,4fc1e9d3938a1cb73a517f1aa5b2cea71381a7bf,持卡人消费,学苑楼商务网关,-5.0,95.06,3314,正常
2016/06/05 12:24:01,7d670fed9b341b241d35e5c1344978456eac0090,4fc1e9d3938a1cb73a517f1aa5b2cea71381a7bf,持卡人消费,学苑楼商务网关,-2.5,92.56,3315,正常
2016/06/05 13:18:17,7d670fed9b341b241d35e5c1344978456eac0090,4fc1e9d3938a1cb73a517f1aa5b2cea71381a7bf,持卡人消费,15公寓浴池,-2.0,90.56,3316,正常
2016/06/05 18:25:49,7d670fed9b341b241d35e5c1344978456eac0090,4fc1e9d3938a1cb73a517f1aa5b2cea71381a7bf,持卡人消费,硕果园（工大商店）,-13.0,77.56,3317,正常
2016/06/06 11:31:50,7d670fed9b341b241d35e5c1344978456eac0090,4fc1e9d3938a1cb73a517f1aa5b2cea71381a7bf,持卡人消费,学苑楼商务网关,-8.0,69.56,3318,正常
2016/06/06 11:33:25,7d670fed9b341b241d35e5c1344978456eac0090,4fc1e9d3938a1cb73a517f1aa5b2cea71381a7bf,持卡人消费,学苑楼商务网关,-8.0,61.56,3319,正常
2016/06/06 11:35:04,7d670fed9b341b241d35e5c1344978456eac0090,4fc1e9d3938a1cb73a517f1aa5b2cea71381a7bf,持卡人消费,学苑楼商务网关,-7.5,54.06,3320,正常
2016/06/06 15:32:51,7d670fed9b341b241d35e5c1344978456eac0090,4fc1e9d3938a1cb73a517f1aa5b2cea71381a7bf,持卡人消费,超市商务子系统,-12.8,41.26,3321,正常
2016/06/07 20:34:04,7d670fed9b341b241d35e5c1344978456eac0090,4fc1e9d3938a1cb73a517f1aa5b2cea71381a7bf,持卡人消费,15公寓浴池,-2.0,39.26,3322,正常
2016/06/08 12:40:28,7d670fed9b341b241d35e5c1344978456eac0090,4fc1e9d3938a1cb73a517f1aa5b2cea71381a7bf,持卡人消费,硕果园（工大商店）,-11.0,28.26,3323,正常
2016/06/08 12:50:10,7d670fed9b341b241d35e5c1344978456eac0090,4fc1e9d3938a1cb73a517f1aa5b2cea71381a7bf,持卡人消费,硕果园（工大商店）,-3.5,24.76,3324,正常
2016/06/08 18:32:38,7d670fed9b341b241d35e5c1344978456eac0090,4fc1e9d3938a1cb73a517f1aa5b2cea71381a7bf,持卡人消费,学子便利店A01后楼,-0.8,23.96,3325,正常
2016/06/10 13:06:31,7d670fed9b341b241d35e5c1344978456eac0090,4fc1e9d3938a1cb73a517f1aa5b2cea71381a7bf,持卡人消费,学子便利店A01后楼,-3.0,20.96,3326,正常
2016/06/10 13:18:54,7d670fed9b341b241d35e5c1344978456eac0090,4fc1e9d3938a1cb73a517f1aa5b2cea71381a7bf,持卡人消费,学子便利店A01后楼,-0.2,20.76,3327,正常
2016/06/10 21:25:52,7d670fed9b341b241d35e5c1344978456eac0090,4fc1e9d3938a1cb73a517f1aa5b2cea71381a7bf,持卡人消费,学子便利店A01后楼,-0.6,20.16,3328,正常
2016/06/11 14:56:07,7d670fed9b341b241d35e5c1344978456eac0090,4fc1e9d3938a1cb73a517f1aa5b2cea71381a7bf,持卡人消费,15公寓浴池,-0.98,19.18,3330,正常
2016/06/11 14:59:07,7d670fed9b341b241d35e5c1344978456eac0090,4fc1e9d3938a1cb73a517f1aa5b2cea71381a7bf,持卡人消费,15公寓浴池,-0.35,18.83,3332,正常
2016/06/15 19:59:10,7d670fed9b341b241d35e5c1344978456eac0090,4fc1e9d3938a1cb73a517f1aa5b2cea71381a7bf,持卡人消费,15公寓浴池,-2.0,16.83,3333,正常
2016/06/15 19:59:30,7d670fed9b341b241d35e5c1344978456eac0090,4fc1e9d3938a1cb73a517f1aa5b2cea71381a7bf,持卡人消费,15公寓浴池,-0.05,16.78,3335,正常
2016/06/16 12:06:50,7d670fed9b341b241d35e5c1344978456eac0090,4fc1e9d3938a1cb73a517f1aa5b2cea71381a7bf,持卡人消费,硕果园（工大商店）,-3.0,13.78,3336,正常
2016/06/17 11:34:20,7d670fed9b341b241d35e5c1344978456eac0090,4fc1e9d3938a1cb73a517f1aa5b2cea71381a7bf,持卡人消费,硕果园（工大商店）,-13.0,0.78,3337,正常
2016/06/17 19:15:16,7d670fed9b341b241d35e5c1344978456eac0090,4fc1e9d3938a1cb73a517f1aa5b2cea71381a7bf,持卡人消费,学子便利店A01后楼,-0.3,0.48,3338,正常
2016/06/27 16:13:17,7d670fed9b341b241d35e5c1344978456eac0090,4fc1e9d3938a1cb73a517f1aa5b2cea71381a7bf,持卡人消费,学子便利店A01后楼,-0.3,0.18,3339,正常
2016/06/28 17:53:14,7d670fed9b341b241d35e5c1344978456eac0090,4fc1e9d3938a1cb73a517f1aa5b2cea71381a7bf,存款,学苑楼综合业务3,100.0,100.18,3340,正常
2016/06/28 19:25:59,7d670fed9b341b241d35e5c1344978456eac0090,4fc1e9d3938a1cb73a517f1aa5b2cea71381a7bf,持卡人消费,硕果园（工大商店）,-12.0,88.18,3341,正常
2016/06/29 13:03:21,7d670fed9b341b241d35e5c1344978456eac0090,4fc1e9d3938a1cb73a517f1aa5b2cea71381a7bf,持卡人消费,学子便利店A01后楼,-13.6,74.58,3342,正常
2016/06/30 19:21:38,7d670fed9b341b241d35e5c1344978456eac0090,4fc1e9d3938a1cb73a517f1aa5b2cea71381a7bf,持卡人消费,学子便利店A01后楼,-3.9,70.68,3343,正常
