交易发生时间,学号,姓名,交易类型,子系统名称,交易额,现有余额,次数,状态
2016/06/01 09:07:29,de17295bedff6409f5a94aa4d4e21a83b5cd1adb,50fcf0fc5708f52814fc758f83c38ad71a0c8e7d,持卡人消费,学士楼商务网关,-0.4,8.01,4439,正常
2016/06/01 09:08:22,de17295bedff6409f5a94aa4d4e21a83b5cd1adb,50fcf0fc5708f52814fc758f83c38ad71a0c8e7d,持卡人消费,学士楼商务网关,-5.0,3.01,4440,正常
2016/06/01 15:58:49,de17295bedff6409f5a94aa4d4e21a83b5cd1adb,50fcf0fc5708f52814fc758f83c38ad71a0c8e7d,持卡人消费,学子超市园丁总店,-1.5,1.51,4441,正常
2016/06/02 17:23:22,de17295bedff6409f5a94aa4d4e21a83b5cd1adb,50fcf0fc5708f52814fc758f83c38ad71a0c8e7d,存款,学苑楼综合业务2,100.0,101.51,4442,正常
2016/06/02 17:24:38,de17295bedff6409f5a94aa4d4e21a83b5cd1adb,50fcf0fc5708f52814fc758f83c38ad71a0c8e7d,持卡人消费,学苑楼商务网关,-4.5,97.01,4443,正常
2016/06/03 12:57:05,de17295bedff6409f5a94aa4d4e21a83b5cd1adb,50fcf0fc5708f52814fc758f83c38ad71a0c8e7d,持卡人消费,硕果园（工大商店）,-14.0,83.01,4444,正常
2016/06/03 13:26:17,de17295bedff6409f5a94aa4d4e21a83b5cd1adb,50fcf0fc5708f52814fc758f83c38ad71a0c8e7d,持卡人消费,一区图书馆APOS,-0.6,82.41,4445,正常
2016/06/03 16:21:06,de17295bedff6409f5a94aa4d4e21a83b5cd1adb,50fcf0fc5708f52814fc758f83c38ad71a0c8e7d,持卡人消费,一校区水控新,-2.0,80.41,4446,正常
2016/06/03 16:23:33,de17295bedff6409f5a94aa4d4e21a83b5cd1adb,50fcf0fc5708f52814fc758f83c38ad71a0c8e7d,持卡人消费,一校区水控新,-0.46,79.95,4448,正常
2016/06/03 17:19:13,de17295bedff6409f5a94aa4d4e21a83b5cd1adb,50fcf0fc5708f52814fc758f83c38ad71a0c8e7d,持卡人消费,硕果园（工大商店）,-13.0,66.95,4449,正常
2016/06/03 18:25:24,de17295bedff6409f5a94aa4d4e21a83b5cd1adb,50fcf0fc5708f52814fc758f83c38ad71a0c8e7d,持卡人消费,硕果园（工大商店）,-8.0,58.95,4450,正常
2016/06/04 11:20:02,de17295bedff6409f5a94aa4d4e21a83b5cd1adb,50fcf0fc5708f52814fc758f83c38ad71a0c8e7d,持卡人消费,超市商务子系统,-4.0,54.95,4451,正常
2016/06/04 11:44:50,de17295bedff6409f5a94aa4d4e21a83b5cd1adb,50fcf0fc5708f52814fc758f83c38ad71a0c8e7d,持卡人消费,网络中心,-30.0,24.95,4452,正常
2016/06/04 19:34:06,de17295bedff6409f5a94aa4d4e21a83b5cd1adb,50fcf0fc5708f52814fc758f83c38ad71a0c8e7d,持卡人消费,硕果园（工大商店）,-14.0,10.95,4453,正常
2016/06/04 19:40:37,de17295bedff6409f5a94aa4d4e21a83b5cd1adb,50fcf0fc5708f52814fc758f83c38ad71a0c8e7d,持卡人消费,硕果园（工大商店）,-1.0,9.95,4454,正常
2016/06/04 19:56:50,de17295bedff6409f5a94aa4d4e21a83b5cd1adb,50fcf0fc5708f52814fc758f83c38ad71a0c8e7d,持卡人消费,硕果园（工大商店）,-0.5,9.45,4455,正常
2016/06/05 09:11:35,de17295bedff6409f5a94aa4d4e21a83b5cd1adb,50fcf0fc5708f52814fc758f83c38ad71a0c8e7d,持卡人消费,学士楼商务网关,-3.6,5.85,4456,正常
2016/06/05 09:12:28,de17295bedff6409f5a94aa4d4e21a83b5cd1adb,50fcf0fc5708f52814fc758f83c38ad71a0c8e7d,持卡人消费,学士楼商务网关,-0.4,5.45,4457,正常
2016/06/05 11:58:15,de17295bedff6409f5a94aa4d4e21a83b5cd1adb,50fcf0fc5708f52814fc758f83c38ad71a0c8e7d,存款,学苑楼综合业务3,100.0,105.45,4458,正常
2016/06/05 12:02:36,de17295bedff6409f5a94aa4d4e21a83b5cd1adb,50fcf0fc5708f52814fc758f83c38ad71a0c8e7d,持卡人消费,超市商务子系统,-3.8,101.65,4459,正常
2016/06/05 17:05:18,de17295bedff6409f5a94aa4d4e21a83b5cd1adb,50fcf0fc5708f52814fc758f83c38ad71a0c8e7d,持卡人消费,超市商务子系统,-8.0,93.65,4460,正常
2016/06/05 18:28:11,de17295bedff6409f5a94aa4d4e21a83b5cd1adb,50fcf0fc5708f52814fc758f83c38ad71a0c8e7d,持卡人消费,一校区水控新,-2.0,91.65,4461,正常
2016/06/05 18:31:29,de17295bedff6409f5a94aa4d4e21a83b5cd1adb,50fcf0fc5708f52814fc758f83c38ad71a0c8e7d,持卡人消费,一校区水控新,-0.62,91.03,4463,正常
2016/06/06 08:43:31,de17295bedff6409f5a94aa4d4e21a83b5cd1adb,50fcf0fc5708f52814fc758f83c38ad71a0c8e7d,持卡人消费,学士楼商务网关,-4.0,87.03,4464,正常
2016/06/06 12:29:57,de17295bedff6409f5a94aa4d4e21a83b5cd1adb,50fcf0fc5708f52814fc758f83c38ad71a0c8e7d,持卡人消费,学苑楼商务网关,-8.0,79.03,4465,正常
2016/06/06 13:08:32,de17295bedff6409f5a94aa4d4e21a83b5cd1adb,50fcf0fc5708f52814fc758f83c38ad71a0c8e7d,持卡人消费,一校区水控新,-1.6,77.43,4467,正常
2016/06/06 18:44:14,de17295bedff6409f5a94aa4d4e21a83b5cd1adb,50fcf0fc5708f52814fc758f83c38ad71a0c8e7d,持卡人消费,硕果园（工大商店）,-12.0,65.43,4468,正常
2016/06/06 18:58:56,de17295bedff6409f5a94aa4d4e21a83b5cd1adb,50fcf0fc5708f52814fc758f83c38ad71a0c8e7d,持卡人消费,硕果园（工大商店）,-8.0,57.43,4469,正常
2016/06/07 12:02:46,de17295bedff6409f5a94aa4d4e21a83b5cd1adb,50fcf0fc5708f52814fc758f83c38ad71a0c8e7d,持卡人消费,学苑楼商务网关,-8.0,49.43,4470,正常
2016/06/07 19:02:53,de17295bedff6409f5a94aa4d4e21a83b5cd1adb,50fcf0fc5708f52814fc758f83c38ad71a0c8e7d,持卡人消费,一校区水控新,-2.0,47.43,4471,正常
2016/06/07 19:07:03,de17295bedff6409f5a94aa4d4e21a83b5cd1adb,50fcf0fc5708f52814fc758f83c38ad71a0c8e7d,持卡人消费,一校区水控新,-0.78,46.65,4473,正常
2016/06/08 09:39:51,de17295bedff6409f5a94aa4d4e21a83b5cd1adb,50fcf0fc5708f52814fc758f83c38ad71a0c8e7d,持卡人消费,硕果园（工大商店）,-10.0,36.65,4474,正常
2016/06/08 11:35:53,de17295bedff6409f5a94aa4d4e21a83b5cd1adb,50fcf0fc5708f52814fc758f83c38ad71a0c8e7d,持卡人消费,硕果园（工大商店）,-10.0,26.65,4475,正常
2016/06/08 17:28:04,de17295bedff6409f5a94aa4d4e21a83b5cd1adb,50fcf0fc5708f52814fc758f83c38ad71a0c8e7d,持卡人消费,硕果园（工大商店）,-12.0,14.65,4476,正常
2016/06/09 11:45:13,de17295bedff6409f5a94aa4d4e21a83b5cd1adb,50fcf0fc5708f52814fc758f83c38ad71a0c8e7d,持卡人消费,超市商务子系统,-1.6,13.05,4477,正常
2016/06/11 19:04:37,de17295bedff6409f5a94aa4d4e21a83b5cd1adb,50fcf0fc5708f52814fc758f83c38ad71a0c8e7d,持卡人消费,一校区水控新,-1.66,11.39,4479,正常
2016/06/13 20:20:05,de17295bedff6409f5a94aa4d4e21a83b5cd1adb,50fcf0fc5708f52814fc758f83c38ad71a0c8e7d,持卡人消费,身份前置机,-0.98,10.41,4480,正常
2016/06/14 15:48:51,de17295bedff6409f5a94aa4d4e21a83b5cd1adb,50fcf0fc5708f52814fc758f83c38ad71a0c8e7d,持卡人消费,身份前置机,-1.02,9.39,4481,正常
2016/06/15 14:38:28,de17295bedff6409f5a94aa4d4e21a83b5cd1adb,50fcf0fc5708f52814fc758f83c38ad71a0c8e7d,持卡人消费,一校区水控新,-2.0,7.39,4482,正常
2016/06/16 13:57:33,de17295bedff6409f5a94aa4d4e21a83b5cd1adb,50fcf0fc5708f52814fc758f83c38ad71a0c8e7d,持卡人消费,身份前置机,-0.83,6.56,4483,正常
2016/06/16 17:28:59,de17295bedff6409f5a94aa4d4e21a83b5cd1adb,50fcf0fc5708f52814fc758f83c38ad71a0c8e7d,持卡人消费,身份前置机,-1.71,4.85,4484,正常
2016/06/17 11:50:31,de17295bedff6409f5a94aa4d4e21a83b5cd1adb,50fcf0fc5708f52814fc758f83c38ad71a0c8e7d,持卡人消费,身份前置机,-1.61,3.24,4485,正常
2016/06/17 16:12:57,de17295bedff6409f5a94aa4d4e21a83b5cd1adb,50fcf0fc5708f52814fc758f83c38ad71a0c8e7d,存款,卡中心综合业务,50.0,53.24,4486,正常
2016/06/17 16:15:14,de17295bedff6409f5a94aa4d4e21a83b5cd1adb,50fcf0fc5708f52814fc758f83c38ad71a0c8e7d,持卡人消费,超市商务子系统,-1.5,51.74,4487,正常
2016/06/17 19:27:31,de17295bedff6409f5a94aa4d4e21a83b5cd1adb,50fcf0fc5708f52814fc758f83c38ad71a0c8e7d,持卡人消费,身份前置机,-3.07,48.67,4488,正常
2016/06/17 20:07:53,de17295bedff6409f5a94aa4d4e21a83b5cd1adb,50fcf0fc5708f52814fc758f83c38ad71a0c8e7d,持卡人消费,学子超市园丁总店,-4.0,44.67,4489,正常
2016/06/18 08:26:43,de17295bedff6409f5a94aa4d4e21a83b5cd1adb,50fcf0fc5708f52814fc758f83c38ad71a0c8e7d,持卡人消费,硕果园（工大商店）,-6.0,38.67,4490,正常
2016/06/18 08:29:04,de17295bedff6409f5a94aa4d4e21a83b5cd1adb,50fcf0fc5708f52814fc758f83c38ad71a0c8e7d,持卡人消费,硕果园（工大商店）,-2.5,36.17,4491,正常
2016/06/18 10:41:41,de17295bedff6409f5a94aa4d4e21a83b5cd1adb,50fcf0fc5708f52814fc758f83c38ad71a0c8e7d,持卡人消费,身份前置机,-1.78,34.39,4492,正常
2016/06/18 11:57:17,de17295bedff6409f5a94aa4d4e21a83b5cd1adb,50fcf0fc5708f52814fc758f83c38ad71a0c8e7d,持卡人消费,身份前置机,-0.3,34.09,4493,正常
2016/06/18 15:22:54,de17295bedff6409f5a94aa4d4e21a83b5cd1adb,50fcf0fc5708f52814fc758f83c38ad71a0c8e7d,持卡人消费,身份前置机,-3.4,30.69,4494,正常
2016/06/18 15:30:43,de17295bedff6409f5a94aa4d4e21a83b5cd1adb,50fcf0fc5708f52814fc758f83c38ad71a0c8e7d,持卡人消费,硕果园（工大商店）,-13.0,17.69,4495,正常
2016/06/18 20:21:01,de17295bedff6409f5a94aa4d4e21a83b5cd1adb,50fcf0fc5708f52814fc758f83c38ad71a0c8e7d,持卡人消费,身份前置机,-2.62,15.07,4496,正常
2016/06/19 14:49:15,de17295bedff6409f5a94aa4d4e21a83b5cd1adb,50fcf0fc5708f52814fc758f83c38ad71a0c8e7d,持卡人消费,一校区水控新,-2.0,13.07,4497,正常
2016/06/20 09:34:24,de17295bedff6409f5a94aa4d4e21a83b5cd1adb,50fcf0fc5708f52814fc758f83c38ad71a0c8e7d,持卡人消费,身份前置机,-3.49,9.58,4498,正常
2016/06/20 09:43:02,de17295bedff6409f5a94aa4d4e21a83b5cd1adb,50fcf0fc5708f52814fc758f83c38ad71a0c8e7d,持卡人消费,身份前置机,-0.13,9.45,4499,正常
2016/06/20 12:25:21,de17295bedff6409f5a94aa4d4e21a83b5cd1adb,50fcf0fc5708f52814fc758f83c38ad71a0c8e7d,持卡人消费,一校区水控新,-2.0,7.45,4500,正常
2016/06/20 20:03:16,de17295bedff6409f5a94aa4d4e21a83b5cd1adb,50fcf0fc5708f52814fc758f83c38ad71a0c8e7d,持卡人消费,一校区水控新,-2.0,5.45,4501,正常
2016/06/20 19:57:17,de17295bedff6409f5a94aa4d4e21a83b5cd1adb,50fcf0fc5708f52814fc758f83c38ad71a0c8e7d,持卡人消费,一校区水控新,-0.85,4.60,4503,正常
2016/06/20 19:59:07,de17295bedff6409f5a94aa4d4e21a83b5cd1adb,50fcf0fc5708f52814fc758f83c38ad71a0c8e7d,持卡人消费,一校区水控新,-0.01,4.59,4504,正常
2016/06/20 19:59:17,de17295bedff6409f5a94aa4d4e21a83b5cd1adb,50fcf0fc5708f52814fc758f83c38ad71a0c8e7d,持卡人消费,一校区水控新,-0.01,4.58,4505,正常
2016/06/20 20:06:32,de17295bedff6409f5a94aa4d4e21a83b5cd1adb,50fcf0fc5708f52814fc758f83c38ad71a0c8e7d,持卡人消费,一校区水控新,-2.0,2.58,4506,正常
2016/06/20 20:04:13,de17295bedff6409f5a94aa4d4e21a83b5cd1adb,50fcf0fc5708f52814fc758f83c38ad71a0c8e7d,持卡人消费,一校区水控新,-0.12,2.46,4507,正常
2016/06/21 12:50:35,de17295bedff6409f5a94aa4d4e21a83b5cd1adb,50fcf0fc5708f52814fc758f83c38ad71a0c8e7d,存款,卡中心综合业务,50.0,52.46,4508,正常
2016/06/21 14:38:10,de17295bedff6409f5a94aa4d4e21a83b5cd1adb,50fcf0fc5708f52814fc758f83c38ad71a0c8e7d,持卡人消费,身份前置机,-1.47,50.99,4509,正常
2016/06/21 18:31:52,de17295bedff6409f5a94aa4d4e21a83b5cd1adb,50fcf0fc5708f52814fc758f83c38ad71a0c8e7d,持卡人消费,硕果园（工大商店）,-13.0,37.99,4510,正常
2016/06/22 09:31:22,de17295bedff6409f5a94aa4d4e21a83b5cd1adb,50fcf0fc5708f52814fc758f83c38ad71a0c8e7d,持卡人消费,硕果园（工大商店）,-13.0,24.99,4511,正常
2016/06/22 10:53:37,de17295bedff6409f5a94aa4d4e21a83b5cd1adb,50fcf0fc5708f52814fc758f83c38ad71a0c8e7d,持卡人消费,身份前置机,-1.06,23.93,4512,正常
2016/06/22 17:41:25,de17295bedff6409f5a94aa4d4e21a83b5cd1adb,50fcf0fc5708f52814fc758f83c38ad71a0c8e7d,持卡人消费,一校区水控新,-1.66,22.27,4514,正常
2016/06/23 13:21:31,de17295bedff6409f5a94aa4d4e21a83b5cd1adb,50fcf0fc5708f52814fc758f83c38ad71a0c8e7d,持卡人消费,身份前置机,-3.61,18.66,4515,正常
2016/06/23 16:14:58,de17295bedff6409f5a94aa4d4e21a83b5cd1adb,50fcf0fc5708f52814fc758f83c38ad71a0c8e7d,持卡人消费,身份前置机,-0.36,18.30,4516,正常
2016/06/25 14:06:53,de17295bedff6409f5a94aa4d4e21a83b5cd1adb,50fcf0fc5708f52814fc758f83c38ad71a0c8e7d,持卡人消费,一校区水控新,-2.0,16.30,4517,正常
2016/06/25 14:14:23,de17295bedff6409f5a94aa4d4e21a83b5cd1adb,50fcf0fc5708f52814fc758f83c38ad71a0c8e7d,持卡人消费,一校区水控新,-0.69,15.61,4519,正常
2016/06/25 14:39:18,de17295bedff6409f5a94aa4d4e21a83b5cd1adb,50fcf0fc5708f52814fc758f83c38ad71a0c8e7d,持卡人消费,超市商务子系统,-8.0,7.61,4520,正常
2016/06/26 14:06:00,de17295bedff6409f5a94aa4d4e21a83b5cd1adb,50fcf0fc5708f52814fc758f83c38ad71a0c8e7d,持卡人消费,超市商务子系统,-0.6,7.01,4521,正常
2016/06/27 10:37:06,de17295bedff6409f5a94aa4d4e21a83b5cd1adb,50fcf0fc5708f52814fc758f83c38ad71a0c8e7d,持卡人消费,身份前置机,-0.41,6.60,4522,正常
2016/06/27 13:45:50,de17295bedff6409f5a94aa4d4e21a83b5cd1adb,50fcf0fc5708f52814fc758f83c38ad71a0c8e7d,持卡人消费,身份前置机,-0.21,6.39,4523,正常
2016/06/27 17:42:52,de17295bedff6409f5a94aa4d4e21a83b5cd1adb,50fcf0fc5708f52814fc758f83c38ad71a0c8e7d,持卡人消费,身份前置机,-0.11,6.28,4524,正常
2016/06/27 21:27:47,de17295bedff6409f5a94aa4d4e21a83b5cd1adb,50fcf0fc5708f52814fc758f83c38ad71a0c8e7d,持卡人消费,身份前置机,-3.72,2.56,4525,正常
2016/06/30 15:13:59,de17295bedff6409f5a94aa4d4e21a83b5cd1adb,50fcf0fc5708f52814fc758f83c38ad71a0c8e7d,持卡人消费,身份前置机,-0.76,1.80,4526,正常
