交易发生时间,学号,姓名,交易类型,子系统名称,交易额,现有余额,次数,状态
2016/06/01 10:58:10,8772ef439b61757aa504127f9149ddfb9579db03,51ae2c8af54dc193e2be6b2ca7bf3973282afa4f,持卡人消费,学苑楼商务网关,-9.0,26.22,5607,正常
2016/06/01 15:38:45,8772ef439b61757aa504127f9149ddfb9579db03,51ae2c8af54dc193e2be6b2ca7bf3973282afa4f,扣款,学苑楼综合业务2,-6.0,26.22,5607,正常
2016/06/01 15:18:46,8772ef439b61757aa504127f9149ddfb9579db03,51ae2c8af54dc193e2be6b2ca7bf3973282afa4f,存款,现金充值机,100.0,120.22,5609,正常
2016/06/01 15:44:45,8772ef439b61757aa504127f9149ddfb9579db03,51ae2c8af54dc193e2be6b2ca7bf3973282afa4f,持卡人消费,超市商务子系统,-8.0,112.22,5610,正常
2016/06/01 17:36:35,8772ef439b61757aa504127f9149ddfb9579db03,51ae2c8af54dc193e2be6b2ca7bf3973282afa4f,持卡人消费,学苑楼商务网关,-9.0,103.22,5611,正常
2016/06/02 07:58:15,8772ef439b61757aa504127f9149ddfb9579db03,51ae2c8af54dc193e2be6b2ca7bf3973282afa4f,持卡人消费,学士楼商务网关,-1.9,99.88,5618,正常
2016/06/03 07:55:18,8772ef439b61757aa504127f9149ddfb9579db03,51ae2c8af54dc193e2be6b2ca7bf3973282afa4f,持卡人消费,学士楼商务网关,-2.3,97.58,5619,正常
2016/06/03 11:43:00,8772ef439b61757aa504127f9149ddfb9579db03,51ae2c8af54dc193e2be6b2ca7bf3973282afa4f,持卡人消费,学士楼商务网关,-3.13,94.45,5620,正常
2016/06/03 15:50:04,8772ef439b61757aa504127f9149ddfb9579db03,51ae2c8af54dc193e2be6b2ca7bf3973282afa4f,持卡人消费,一校区水控新,-0.11,94.34,5622,正常
2016/06/03 15:54:13,8772ef439b61757aa504127f9149ddfb9579db03,51ae2c8af54dc193e2be6b2ca7bf3973282afa4f,持卡人消费,一校区水控新,-0.66,93.68,5624,正常
2016/06/04 12:07:15,8772ef439b61757aa504127f9149ddfb9579db03,51ae2c8af54dc193e2be6b2ca7bf3973282afa4f,持卡人消费,学苑楼商务网关,-8.8,84.88,5625,正常
2016/06/04 17:42:40,8772ef439b61757aa504127f9149ddfb9579db03,51ae2c8af54dc193e2be6b2ca7bf3973282afa4f,持卡人消费,一校区水控新,-0.11,84.77,5627,正常
2016/06/04 17:45:02,8772ef439b61757aa504127f9149ddfb9579db03,51ae2c8af54dc193e2be6b2ca7bf3973282afa4f,持卡人消费,一校区水控新,-0.37,84.40,5629,正常
2016/06/04 17:49:27,8772ef439b61757aa504127f9149ddfb9579db03,51ae2c8af54dc193e2be6b2ca7bf3973282afa4f,持卡人消费,一校区水控新,-0.61,83.79,5631,正常
2016/06/05 20:48:37,8772ef439b61757aa504127f9149ddfb9579db03,51ae2c8af54dc193e2be6b2ca7bf3973282afa4f,持卡人消费,超市商务子系统,-3.0,80.79,5632,正常
2016/06/05 21:32:20,8772ef439b61757aa504127f9149ddfb9579db03,51ae2c8af54dc193e2be6b2ca7bf3973282afa4f,持卡人消费,硕果园（工大商店）,-0.9,79.89,5633,正常
2016/06/07 11:41:57,8772ef439b61757aa504127f9149ddfb9579db03,51ae2c8af54dc193e2be6b2ca7bf3973282afa4f,持卡人消费,学苑楼商务网关,-7.0,72.89,5634,正常
2016/06/07 17:28:05,8772ef439b61757aa504127f9149ddfb9579db03,51ae2c8af54dc193e2be6b2ca7bf3973282afa4f,持卡人消费,学苑楼商务网关,-5.0,67.89,5635,正常
2016/06/07 17:58:49,8772ef439b61757aa504127f9149ddfb9579db03,51ae2c8af54dc193e2be6b2ca7bf3973282afa4f,持卡人消费,学苑楼商务网关,-0.5,67.39,5636,正常
2016/06/07 17:59:41,8772ef439b61757aa504127f9149ddfb9579db03,51ae2c8af54dc193e2be6b2ca7bf3973282afa4f,持卡人消费,学苑楼商务网关,-2.7,64.69,5637,正常
2016/06/07 19:05:04,8772ef439b61757aa504127f9149ddfb9579db03,51ae2c8af54dc193e2be6b2ca7bf3973282afa4f,持卡人消费,一校区水控新,-0.2,64.49,5638,正常
2016/06/07 19:08:31,8772ef439b61757aa504127f9149ddfb9579db03,51ae2c8af54dc193e2be6b2ca7bf3973282afa4f,持卡人消费,一校区水控新,-0.51,63.98,5639,正常
2016/06/07 19:10:46,8772ef439b61757aa504127f9149ddfb9579db03,51ae2c8af54dc193e2be6b2ca7bf3973282afa4f,持卡人消费,一校区水控新,-0.42,63.56,5641,正常
2016/06/07 19:16:15,8772ef439b61757aa504127f9149ddfb9579db03,51ae2c8af54dc193e2be6b2ca7bf3973282afa4f,持卡人消费,一校区水控新,-0.67,62.89,5643,正常
2016/06/08 07:46:28,8772ef439b61757aa504127f9149ddfb9579db03,51ae2c8af54dc193e2be6b2ca7bf3973282afa4f,持卡人消费,学士楼商务网关,-1.9,60.99,5644,正常
2016/06/08 15:20:56,8772ef439b61757aa504127f9149ddfb9579db03,51ae2c8af54dc193e2be6b2ca7bf3973282afa4f,持卡人消费,超市商务子系统,-9.9,51.09,5645,正常
2016/06/10 15:23:04,8772ef439b61757aa504127f9149ddfb9579db03,51ae2c8af54dc193e2be6b2ca7bf3973282afa4f,持卡人消费,一校区水控新,-0.1,50.99,5647,正常
2016/06/10 15:27:20,8772ef439b61757aa504127f9149ddfb9579db03,51ae2c8af54dc193e2be6b2ca7bf3973282afa4f,持卡人消费,一校区水控新,-0.67,50.32,5649,正常
2016/06/10 15:31:02,8772ef439b61757aa504127f9149ddfb9579db03,51ae2c8af54dc193e2be6b2ca7bf3973282afa4f,持卡人消费,一校区水控新,-0.46,49.86,5651,正常
2016/06/11 09:23:32,8772ef439b61757aa504127f9149ddfb9579db03,51ae2c8af54dc193e2be6b2ca7bf3973282afa4f,持卡人消费,学士楼商务网关,-2.3,47.56,5652,正常
2016/06/11 19:00:57,8772ef439b61757aa504127f9149ddfb9579db03,51ae2c8af54dc193e2be6b2ca7bf3973282afa4f,持卡人消费,一校区水控新,-0.51,47.05,5654,正常
2016/06/11 19:03:24,8772ef439b61757aa504127f9149ddfb9579db03,51ae2c8af54dc193e2be6b2ca7bf3973282afa4f,持卡人消费,一校区水控新,-0.29,46.76,5656,正常
2016/06/12 17:47:45,8772ef439b61757aa504127f9149ddfb9579db03,51ae2c8af54dc193e2be6b2ca7bf3973282afa4f,持卡人消费,学士楼商务网关,-5.6,41.16,5657,正常
2016/06/13 08:23:01,8772ef439b61757aa504127f9149ddfb9579db03,51ae2c8af54dc193e2be6b2ca7bf3973282afa4f,持卡人消费,学士楼商务网关,-2.9,38.26,5658,正常
2016/06/14 12:27:25,8772ef439b61757aa504127f9149ddfb9579db03,51ae2c8af54dc193e2be6b2ca7bf3973282afa4f,持卡人消费,学苑楼商务网关,-8.6,29.66,5659,正常
2016/06/14 20:32:20,8772ef439b61757aa504127f9149ddfb9579db03,51ae2c8af54dc193e2be6b2ca7bf3973282afa4f,持卡人消费,一校区水控新,-0.02,29.64,5661,正常
2016/06/14 20:33:01,8772ef439b61757aa504127f9149ddfb9579db03,51ae2c8af54dc193e2be6b2ca7bf3973282afa4f,持卡人消费,一校区水控新,-0.1,29.54,5663,正常
2016/06/14 20:36:18,8772ef439b61757aa504127f9149ddfb9579db03,51ae2c8af54dc193e2be6b2ca7bf3973282afa4f,持卡人消费,一校区水控新,-0.48,29.06,5665,正常
2016/06/14 20:39:29,8772ef439b61757aa504127f9149ddfb9579db03,51ae2c8af54dc193e2be6b2ca7bf3973282afa4f,持卡人消费,一校区水控新,-0.4,28.66,5667,正常
2016/06/15 08:16:10,8772ef439b61757aa504127f9149ddfb9579db03,51ae2c8af54dc193e2be6b2ca7bf3973282afa4f,持卡人消费,学士楼商务网关,-1.9,26.76,5668,正常
2016/06/16 12:10:45,8772ef439b61757aa504127f9149ddfb9579db03,51ae2c8af54dc193e2be6b2ca7bf3973282afa4f,持卡人消费,学苑楼商务网关,-7.5,19.26,5669,正常
2016/06/16 12:15:56,8772ef439b61757aa504127f9149ddfb9579db03,51ae2c8af54dc193e2be6b2ca7bf3973282afa4f,存款,现金充值机,50.0,69.26,5670,正常
2016/06/16 12:16:12,8772ef439b61757aa504127f9149ddfb9579db03,51ae2c8af54dc193e2be6b2ca7bf3973282afa4f,存款,现金充值机,10.0,79.26,5671,正常
2016/06/16 18:31:53,8772ef439b61757aa504127f9149ddfb9579db03,51ae2c8af54dc193e2be6b2ca7bf3973282afa4f,持卡人消费,15公寓浴池,-0.16,79.10,5673,正常
2016/06/16 18:36:19,8772ef439b61757aa504127f9149ddfb9579db03,51ae2c8af54dc193e2be6b2ca7bf3973282afa4f,持卡人消费,15公寓浴池,-0.75,78.35,5675,正常
2016/06/16 18:41:29,8772ef439b61757aa504127f9149ddfb9579db03,51ae2c8af54dc193e2be6b2ca7bf3973282afa4f,持卡人消费,15公寓浴池,-0.64,77.71,5677,正常
2016/06/17 08:50:29,8772ef439b61757aa504127f9149ddfb9579db03,51ae2c8af54dc193e2be6b2ca7bf3973282afa4f,持卡人消费,学士楼商务网关,-2.9,74.81,5678,正常
2016/06/17 17:57:01,8772ef439b61757aa504127f9149ddfb9579db03,51ae2c8af54dc193e2be6b2ca7bf3973282afa4f,持卡人消费,学士楼商务网关,-6.96,67.85,5679,正常
2016/06/17 17:59:04,8772ef439b61757aa504127f9149ddfb9579db03,51ae2c8af54dc193e2be6b2ca7bf3973282afa4f,持卡人消费,学士楼商务网关,-5.3,62.55,5680,正常
2016/06/19 08:42:39,8772ef439b61757aa504127f9149ddfb9579db03,51ae2c8af54dc193e2be6b2ca7bf3973282afa4f,持卡人消费,学士楼商务网关,-1.9,60.65,5681,正常
2016/06/19 17:01:14,8772ef439b61757aa504127f9149ddfb9579db03,51ae2c8af54dc193e2be6b2ca7bf3973282afa4f,持卡人消费,超市商务子系统,-0.3,60.35,5682,正常
2016/06/19 19:15:30,8772ef439b61757aa504127f9149ddfb9579db03,51ae2c8af54dc193e2be6b2ca7bf3973282afa4f,持卡人消费,一校区水控新,-0.16,60.19,5684,正常
2016/06/19 19:21:13,8772ef439b61757aa504127f9149ddfb9579db03,51ae2c8af54dc193e2be6b2ca7bf3973282afa4f,持卡人消费,一校区水控新,-0.88,59.31,5686,正常
2016/06/19 19:25:56,8772ef439b61757aa504127f9149ddfb9579db03,51ae2c8af54dc193e2be6b2ca7bf3973282afa4f,持卡人消费,一校区水控新,-0.59,58.72,5688,正常
2016/06/20 15:05:53,8772ef439b61757aa504127f9149ddfb9579db03,51ae2c8af54dc193e2be6b2ca7bf3973282afa4f,持卡人消费,超市商务子系统,-0.8,57.92,5689,正常
2016/06/20 17:19:33,8772ef439b61757aa504127f9149ddfb9579db03,51ae2c8af54dc193e2be6b2ca7bf3973282afa4f,持卡人消费,一校区水控新,-0.96,56.96,5691,正常
2016/06/20 17:24:09,8772ef439b61757aa504127f9149ddfb9579db03,51ae2c8af54dc193e2be6b2ca7bf3973282afa4f,持卡人消费,一校区水控新,-0.61,56.35,5693,正常
2016/06/21 13:30:45,8772ef439b61757aa504127f9149ddfb9579db03,51ae2c8af54dc193e2be6b2ca7bf3973282afa4f,持卡人消费,游泳馆,-6.0,50.35,5694,正常
2016/06/21 17:33:12,8772ef439b61757aa504127f9149ddfb9579db03,51ae2c8af54dc193e2be6b2ca7bf3973282afa4f,持卡人消费,学苑楼商务网关,-7.0,43.35,5695,正常
2016/06/21 19:01:08,8772ef439b61757aa504127f9149ddfb9579db03,51ae2c8af54dc193e2be6b2ca7bf3973282afa4f,持卡人消费,硕果园（工大商店）,-3.8,39.55,5696,正常
2016/06/22 17:05:09,8772ef439b61757aa504127f9149ddfb9579db03,51ae2c8af54dc193e2be6b2ca7bf3973282afa4f,持卡人消费,一校区水控新,-0.28,39.27,5697,正常
2016/06/22 17:08:33,8772ef439b61757aa504127f9149ddfb9579db03,51ae2c8af54dc193e2be6b2ca7bf3973282afa4f,持卡人消费,一校区水控新,-0.59,38.68,5698,正常
2016/06/22 17:12:46,8772ef439b61757aa504127f9149ddfb9579db03,51ae2c8af54dc193e2be6b2ca7bf3973282afa4f,持卡人消费,一校区水控新,-0.52,38.16,5699,正常
2016/06/23 10:41:34,8772ef439b61757aa504127f9149ddfb9579db03,51ae2c8af54dc193e2be6b2ca7bf3973282afa4f,持卡人消费,学士楼商务网关,-4.6,33.56,5700,正常
2016/06/24 08:20:41,8772ef439b61757aa504127f9149ddfb9579db03,51ae2c8af54dc193e2be6b2ca7bf3973282afa4f,持卡人消费,学士楼商务网关,-2.5,31.06,5701,正常
2016/06/24 08:22:20,8772ef439b61757aa504127f9149ddfb9579db03,51ae2c8af54dc193e2be6b2ca7bf3973282afa4f,持卡人消费,学士楼商务网关,-1.0,30.06,5702,正常
2016/06/24 11:36:04,8772ef439b61757aa504127f9149ddfb9579db03,51ae2c8af54dc193e2be6b2ca7bf3973282afa4f,持卡人消费,学士楼商务网关,-2.3,27.76,5703,正常
2016/06/24 16:11:16,8772ef439b61757aa504127f9149ddfb9579db03,51ae2c8af54dc193e2be6b2ca7bf3973282afa4f,持卡人消费,一校区水控新,-0.1,27.66,5705,正常
2016/06/24 16:17:20,8772ef439b61757aa504127f9149ddfb9579db03,51ae2c8af54dc193e2be6b2ca7bf3973282afa4f,持卡人消费,一校区水控新,-0.99,26.67,5707,正常
2016/06/24 16:23:17,8772ef439b61757aa504127f9149ddfb9579db03,51ae2c8af54dc193e2be6b2ca7bf3973282afa4f,持卡人消费,一校区水控新,-0.78,25.89,5709,正常
2016/06/27 09:05:56,8772ef439b61757aa504127f9149ddfb9579db03,51ae2c8af54dc193e2be6b2ca7bf3973282afa4f,持卡人消费,学士楼商务网关,-1.9,23.99,5710,正常
2016/06/27 09:06:04,8772ef439b61757aa504127f9149ddfb9579db03,51ae2c8af54dc193e2be6b2ca7bf3973282afa4f,持卡人消费,学士楼商务网关,-3.2,20.79,5711,正常
2016/06/27 11:33:19,8772ef439b61757aa504127f9149ddfb9579db03,51ae2c8af54dc193e2be6b2ca7bf3973282afa4f,持卡人消费,学士楼商务网关,-4.6,16.19,5712,正常
2016/06/27 17:16:58,8772ef439b61757aa504127f9149ddfb9579db03,51ae2c8af54dc193e2be6b2ca7bf3973282afa4f,持卡人消费,一校区水控新,-0.03,16.16,5714,正常
2016/06/27 17:17:52,8772ef439b61757aa504127f9149ddfb9579db03,51ae2c8af54dc193e2be6b2ca7bf3973282afa4f,持卡人消费,一校区水控新,-0.09,16.07,5715,正常
2016/06/27 17:22:46,8772ef439b61757aa504127f9149ddfb9579db03,51ae2c8af54dc193e2be6b2ca7bf3973282afa4f,持卡人消费,一校区水控新,-0.81,15.26,5716,正常
2016/06/27 17:26:03,8772ef439b61757aa504127f9149ddfb9579db03,51ae2c8af54dc193e2be6b2ca7bf3973282afa4f,持卡人消费,一校区水控新,-0.36,14.90,5717,正常
2016/06/27 17:28:21,8772ef439b61757aa504127f9149ddfb9579db03,51ae2c8af54dc193e2be6b2ca7bf3973282afa4f,持卡人消费,一校区水控新,-0.33,14.57,5718,正常
2016/06/27 18:19:00,8772ef439b61757aa504127f9149ddfb9579db03,51ae2c8af54dc193e2be6b2ca7bf3973282afa4f,持卡人消费,学苑楼商务网关,-8.5,6.07,5719,正常
2016/06/27 18:21:06,8772ef439b61757aa504127f9149ddfb9579db03,51ae2c8af54dc193e2be6b2ca7bf3973282afa4f,存款,现金充值机,30.0,36.07,5720,正常
2016/06/28 13:22:21,8772ef439b61757aa504127f9149ddfb9579db03,51ae2c8af54dc193e2be6b2ca7bf3973282afa4f,持卡人消费,硕果园（工大商店）,-8.0,28.07,5721,正常
2016/06/28 13:43:12,8772ef439b61757aa504127f9149ddfb9579db03,51ae2c8af54dc193e2be6b2ca7bf3973282afa4f,持卡人消费,硕果园（工大商店）,-3.8,24.27,5722,正常
2016/06/28 15:39:31,8772ef439b61757aa504127f9149ddfb9579db03,51ae2c8af54dc193e2be6b2ca7bf3973282afa4f,持卡人消费,一校区水控新,-0.13,24.14,5724,正常
2016/06/28 15:45:47,8772ef439b61757aa504127f9149ddfb9579db03,51ae2c8af54dc193e2be6b2ca7bf3973282afa4f,持卡人消费,一校区水控新,-0.93,23.21,5726,正常
2016/06/28 15:50:05,8772ef439b61757aa504127f9149ddfb9579db03,51ae2c8af54dc193e2be6b2ca7bf3973282afa4f,持卡人消费,一校区水控新,-0.54,22.67,5728,正常
2016/06/29 17:45:58,8772ef439b61757aa504127f9149ddfb9579db03,51ae2c8af54dc193e2be6b2ca7bf3973282afa4f,持卡人消费,15公寓浴池,-0.16,22.51,5730,正常
2016/06/29 17:51:46,8772ef439b61757aa504127f9149ddfb9579db03,51ae2c8af54dc193e2be6b2ca7bf3973282afa4f,持卡人消费,15公寓浴池,-0.98,21.53,5732,正常
2016/06/29 17:56:02,8772ef439b61757aa504127f9149ddfb9579db03,51ae2c8af54dc193e2be6b2ca7bf3973282afa4f,持卡人消费,15公寓浴池,-0.53,21.00,5734,正常
