交易发生时间,学号,姓名,交易类型,子系统名称,交易额,现有余额,次数,状态
2016/06/01 11:45:38,875980af2fd9b6a0bb7239ff92d0922f1234b516,5212cc58bb100f267b63537585be87f63b3ebe1d,持卡人消费,学士楼商务网关,-6.0,215.23,5717,正常
2016/06/01 17:36:31,875980af2fd9b6a0bb7239ff92d0922f1234b516,5212cc58bb100f267b63537585be87f63b3ebe1d,持卡人消费,硕果园（工大商店）,-9.0,206.23,5718,正常
2016/06/02 12:18:44,875980af2fd9b6a0bb7239ff92d0922f1234b516,5212cc58bb100f267b63537585be87f63b3ebe1d,持卡人消费,硕果园（工大商店）,-11.0,195.23,5719,正常
2016/06/02 15:03:48,875980af2fd9b6a0bb7239ff92d0922f1234b516,5212cc58bb100f267b63537585be87f63b3ebe1d,持卡人消费,超市商务子系统,-0.8,194.43,5720,正常
2016/06/02 17:49:11,875980af2fd9b6a0bb7239ff92d0922f1234b516,5212cc58bb100f267b63537585be87f63b3ebe1d,持卡人消费,学士楼商务网关,-7.0,187.43,5721,正常
2016/06/02 20:10:31,875980af2fd9b6a0bb7239ff92d0922f1234b516,5212cc58bb100f267b63537585be87f63b3ebe1d,持卡人消费,一校区水控新,-0.34,187.09,5723,正常
2016/06/02 20:20:52,875980af2fd9b6a0bb7239ff92d0922f1234b516,5212cc58bb100f267b63537585be87f63b3ebe1d,持卡人消费,一校区水控新,-1.41,185.68,5725,正常
2016/06/02 20:24:29,875980af2fd9b6a0bb7239ff92d0922f1234b516,5212cc58bb100f267b63537585be87f63b3ebe1d,持卡人消费,一校区水控新,-0.59,185.09,5727,正常
2016/06/03 18:40:09,875980af2fd9b6a0bb7239ff92d0922f1234b516,5212cc58bb100f267b63537585be87f63b3ebe1d,持卡人消费,硕果园（工大商店）,-15.0,170.09,5728,正常
2016/06/04 11:47:13,875980af2fd9b6a0bb7239ff92d0922f1234b516,5212cc58bb100f267b63537585be87f63b3ebe1d,持卡人消费,学苑楼商务网关,-6.6,163.49,5729,正常
2016/06/04 17:39:55,875980af2fd9b6a0bb7239ff92d0922f1234b516,5212cc58bb100f267b63537585be87f63b3ebe1d,持卡人消费,硕果园（工大商店）,-9.0,154.49,5730,正常
2016/06/05 12:10:59,875980af2fd9b6a0bb7239ff92d0922f1234b516,5212cc58bb100f267b63537585be87f63b3ebe1d,持卡人消费,硕果园（工大商店）,-1.0,153.49,5731,正常
2016/06/05 12:12:12,875980af2fd9b6a0bb7239ff92d0922f1234b516,5212cc58bb100f267b63537585be87f63b3ebe1d,持卡人消费,硕果园（工大商店）,-12.0,141.49,5732,正常
2016/06/05 17:44:30,875980af2fd9b6a0bb7239ff92d0922f1234b516,5212cc58bb100f267b63537585be87f63b3ebe1d,持卡人消费,硕果园（工大商店）,-12.0,129.49,5733,正常
2016/06/06 11:43:40,875980af2fd9b6a0bb7239ff92d0922f1234b516,5212cc58bb100f267b63537585be87f63b3ebe1d,持卡人消费,学苑楼商务网关,-6.5,122.99,5734,正常
2016/06/06 11:46:32,875980af2fd9b6a0bb7239ff92d0922f1234b516,5212cc58bb100f267b63537585be87f63b3ebe1d,持卡人消费,学苑楼商务网关,-3.4,119.59,5735,正常
2016/06/06 11:46:36,875980af2fd9b6a0bb7239ff92d0922f1234b516,5212cc58bb100f267b63537585be87f63b3ebe1d,持卡人消费,学苑楼商务网关,-2.0,117.59,5736,正常
2016/06/07 11:51:12,875980af2fd9b6a0bb7239ff92d0922f1234b516,5212cc58bb100f267b63537585be87f63b3ebe1d,持卡人消费,学士楼商务网关,-4.6,112.99,5737,正常
2016/06/07 11:53:20,875980af2fd9b6a0bb7239ff92d0922f1234b516,5212cc58bb100f267b63537585be87f63b3ebe1d,持卡人消费,学士楼商务网关,-2.0,110.99,5738,正常
2016/06/07 17:42:25,875980af2fd9b6a0bb7239ff92d0922f1234b516,5212cc58bb100f267b63537585be87f63b3ebe1d,持卡人消费,硕果园（工大商店）,-9.0,101.99,5739,正常
2016/06/07 17:42:31,875980af2fd9b6a0bb7239ff92d0922f1234b516,5212cc58bb100f267b63537585be87f63b3ebe1d,持卡人消费,硕果园（工大商店）,-3.0,98.99,5740,正常
2016/06/08 11:37:37,875980af2fd9b6a0bb7239ff92d0922f1234b516,5212cc58bb100f267b63537585be87f63b3ebe1d,持卡人消费,学士楼商务网关,-6.0,92.99,5741,正常
2016/06/08 11:38:38,875980af2fd9b6a0bb7239ff92d0922f1234b516,5212cc58bb100f267b63537585be87f63b3ebe1d,持卡人消费,学士楼商务网关,-3.42,89.57,5742,正常
2016/06/08 17:33:57,875980af2fd9b6a0bb7239ff92d0922f1234b516,5212cc58bb100f267b63537585be87f63b3ebe1d,持卡人消费,硕果园（工大商店）,-12.0,77.57,5743,正常
2016/06/09 11:46:33,875980af2fd9b6a0bb7239ff92d0922f1234b516,5212cc58bb100f267b63537585be87f63b3ebe1d,持卡人消费,学士楼商务网关,-6.0,71.57,5744,正常
2016/06/09 11:46:34,875980af2fd9b6a0bb7239ff92d0922f1234b516,5212cc58bb100f267b63537585be87f63b3ebe1d,持卡人消费,学士楼商务网关,-1.0,70.57,5745,正常
2016/06/09 11:59:37,875980af2fd9b6a0bb7239ff92d0922f1234b516,5212cc58bb100f267b63537585be87f63b3ebe1d,持卡人消费,学士楼商务网关,-2.0,68.57,5746,正常
2016/06/09 05:47:43,875980af2fd9b6a0bb7239ff92d0922f1234b516,5212cc58bb100f267b63537585be87f63b3ebe1d,持卡人消费,学士楼商务网关,-3.0,65.57,5747,正常
2016/06/09 05:48:03,875980af2fd9b6a0bb7239ff92d0922f1234b516,5212cc58bb100f267b63537585be87f63b3ebe1d,持卡人消费,学士楼商务网关,-3.6,61.97,5748,正常
2016/06/10 14:32:53,875980af2fd9b6a0bb7239ff92d0922f1234b516,5212cc58bb100f267b63537585be87f63b3ebe1d,持卡人消费,硕果园（工大商店）,-12.0,49.97,5749,正常
2016/06/10 14:55:09,875980af2fd9b6a0bb7239ff92d0922f1234b516,5212cc58bb100f267b63537585be87f63b3ebe1d,持卡人消费,硕果园（工大商店）,-3.5,46.47,5750,正常
2016/06/10 17:57:03,875980af2fd9b6a0bb7239ff92d0922f1234b516,5212cc58bb100f267b63537585be87f63b3ebe1d,持卡人消费,学士楼商务网关,-1.1,45.37,5751,正常
2016/06/10 17:58:47,875980af2fd9b6a0bb7239ff92d0922f1234b516,5212cc58bb100f267b63537585be87f63b3ebe1d,持卡人消费,学士楼商务网关,-6.0,39.37,5752,正常
2016/06/10 18:43:01,875980af2fd9b6a0bb7239ff92d0922f1234b516,5212cc58bb100f267b63537585be87f63b3ebe1d,持卡人消费,一校区水控新,-0.53,38.84,5754,正常
2016/06/10 18:52:57,875980af2fd9b6a0bb7239ff92d0922f1234b516,5212cc58bb100f267b63537585be87f63b3ebe1d,持卡人消费,一校区水控新,-1.44,37.40,5756,正常
2016/06/11 12:18:06,875980af2fd9b6a0bb7239ff92d0922f1234b516,5212cc58bb100f267b63537585be87f63b3ebe1d,持卡人消费,硕果园（工大商店）,-9.0,28.40,5757,正常
2016/06/11 19:05:07,875980af2fd9b6a0bb7239ff92d0922f1234b516,5212cc58bb100f267b63537585be87f63b3ebe1d,持卡人消费,硕果园（工大商店）,-14.0,14.40,5758,正常
2016/06/12 11:48:26,875980af2fd9b6a0bb7239ff92d0922f1234b516,5212cc58bb100f267b63537585be87f63b3ebe1d,持卡人消费,学士楼商务网关,-6.0,8.40,5759,正常
2016/06/12 18:01:29,875980af2fd9b6a0bb7239ff92d0922f1234b516,5212cc58bb100f267b63537585be87f63b3ebe1d,持卡人消费,学士楼商务网关,-1.4,7.00,5760,正常
2016/06/12 18:01:41,875980af2fd9b6a0bb7239ff92d0922f1234b516,5212cc58bb100f267b63537585be87f63b3ebe1d,持卡人消费,学士楼商务网关,-0.7,6.30,5761,正常
2016/06/12 18:01:47,875980af2fd9b6a0bb7239ff92d0922f1234b516,5212cc58bb100f267b63537585be87f63b3ebe1d,持卡人消费,学士楼商务网关,-0.4,5.90,5762,正常
2016/06/13 07:34:13,875980af2fd9b6a0bb7239ff92d0922f1234b516,5212cc58bb100f267b63537585be87f63b3ebe1d,存款,现金充值机,200.0,205.90,5763,正常
2016/06/13 11:20:40,875980af2fd9b6a0bb7239ff92d0922f1234b516,5212cc58bb100f267b63537585be87f63b3ebe1d,持卡人消费,学士楼商务网关,-6.0,199.90,5764,正常
2016/06/13 17:10:37,875980af2fd9b6a0bb7239ff92d0922f1234b516,5212cc58bb100f267b63537585be87f63b3ebe1d,持卡人消费,学士楼商务网关,-0.8,199.10,5765,正常
2016/06/13 17:11:39,875980af2fd9b6a0bb7239ff92d0922f1234b516,5212cc58bb100f267b63537585be87f63b3ebe1d,持卡人消费,学士楼商务网关,-6.0,193.10,5766,正常
2016/06/13 17:12:43,875980af2fd9b6a0bb7239ff92d0922f1234b516,5212cc58bb100f267b63537585be87f63b3ebe1d,持卡人消费,学士楼商务网关,-5.1,188.00,5767,正常
2016/06/14 11:49:34,875980af2fd9b6a0bb7239ff92d0922f1234b516,5212cc58bb100f267b63537585be87f63b3ebe1d,持卡人消费,学士楼商务网关,-6.0,182.00,5768,正常
2016/06/14 17:49:05,875980af2fd9b6a0bb7239ff92d0922f1234b516,5212cc58bb100f267b63537585be87f63b3ebe1d,持卡人消费,学士楼商务网关,-1.1,180.90,5769,正常
2016/06/14 17:50:43,875980af2fd9b6a0bb7239ff92d0922f1234b516,5212cc58bb100f267b63537585be87f63b3ebe1d,持卡人消费,学士楼商务网关,-2.0,178.90,5770,正常
2016/06/14 17:51:23,875980af2fd9b6a0bb7239ff92d0922f1234b516,5212cc58bb100f267b63537585be87f63b3ebe1d,持卡人消费,学士楼商务网关,-6.0,172.90,5771,正常
2016/06/15 13:49:33,875980af2fd9b6a0bb7239ff92d0922f1234b516,5212cc58bb100f267b63537585be87f63b3ebe1d,持卡人消费,硕果园（工大商店）,-9.0,163.90,5772,正常
2016/06/15 17:34:52,875980af2fd9b6a0bb7239ff92d0922f1234b516,5212cc58bb100f267b63537585be87f63b3ebe1d,持卡人消费,学士楼商务网关,-0.8,163.10,5773,正常
2016/06/15 17:36:26,875980af2fd9b6a0bb7239ff92d0922f1234b516,5212cc58bb100f267b63537585be87f63b3ebe1d,持卡人消费,学士楼商务网关,-9.2,153.90,5774,正常
2016/06/15 17:37:39,875980af2fd9b6a0bb7239ff92d0922f1234b516,5212cc58bb100f267b63537585be87f63b3ebe1d,持卡人消费,学士楼商务网关,-2.0,151.90,5775,正常
2016/06/16 12:02:01,875980af2fd9b6a0bb7239ff92d0922f1234b516,5212cc58bb100f267b63537585be87f63b3ebe1d,持卡人消费,学士楼商务网关,-6.0,145.90,5776,正常
2016/06/16 17:34:29,875980af2fd9b6a0bb7239ff92d0922f1234b516,5212cc58bb100f267b63537585be87f63b3ebe1d,持卡人消费,学士楼商务网关,-2.8,143.10,5777,正常
2016/06/16 17:35:57,875980af2fd9b6a0bb7239ff92d0922f1234b516,5212cc58bb100f267b63537585be87f63b3ebe1d,持卡人消费,学士楼商务网关,-6.0,137.10,5778,正常
2016/06/17 08:23:51,875980af2fd9b6a0bb7239ff92d0922f1234b516,5212cc58bb100f267b63537585be87f63b3ebe1d,持卡人消费,学士楼商务网关,-1.5,135.60,5779,正常
2016/06/17 08:24:42,875980af2fd9b6a0bb7239ff92d0922f1234b516,5212cc58bb100f267b63537585be87f63b3ebe1d,持卡人消费,学士楼商务网关,-1.2,134.40,5780,正常
2016/06/17 11:45:04,875980af2fd9b6a0bb7239ff92d0922f1234b516,5212cc58bb100f267b63537585be87f63b3ebe1d,持卡人消费,学士楼商务网关,-5.0,129.40,5781,正常
2016/06/17 11:45:12,875980af2fd9b6a0bb7239ff92d0922f1234b516,5212cc58bb100f267b63537585be87f63b3ebe1d,持卡人消费,学士楼商务网关,-0.6,128.80,5782,正常
2016/06/17 11:46:50,875980af2fd9b6a0bb7239ff92d0922f1234b516,5212cc58bb100f267b63537585be87f63b3ebe1d,持卡人消费,学士楼商务网关,-2.0,126.80,5783,正常
2016/06/18 11:46:53,875980af2fd9b6a0bb7239ff92d0922f1234b516,5212cc58bb100f267b63537585be87f63b3ebe1d,持卡人消费,学士楼商务网关,-2.0,124.80,5784,正常
2016/06/18 11:47:24,875980af2fd9b6a0bb7239ff92d0922f1234b516,5212cc58bb100f267b63537585be87f63b3ebe1d,持卡人消费,学士楼商务网关,-3.0,121.80,5785,正常
2016/06/18 11:49:30,875980af2fd9b6a0bb7239ff92d0922f1234b516,5212cc58bb100f267b63537585be87f63b3ebe1d,持卡人消费,学士楼商务网关,-6.0,115.80,5786,正常
2016/06/19 11:33:57,875980af2fd9b6a0bb7239ff92d0922f1234b516,5212cc58bb100f267b63537585be87f63b3ebe1d,持卡人消费,硕果园（工大商店）,-12.0,103.80,5787,正常
2016/06/19 17:37:36,875980af2fd9b6a0bb7239ff92d0922f1234b516,5212cc58bb100f267b63537585be87f63b3ebe1d,持卡人消费,硕果园（工大商店）,-12.0,91.80,5788,正常
2016/06/19 18:12:09,875980af2fd9b6a0bb7239ff92d0922f1234b516,5212cc58bb100f267b63537585be87f63b3ebe1d,持卡人消费,一校区水控新,-0.3,91.50,5790,正常
2016/06/19 18:22:39,875980af2fd9b6a0bb7239ff92d0922f1234b516,5212cc58bb100f267b63537585be87f63b3ebe1d,持卡人消费,一校区水控新,-1.33,90.17,5792,正常
2016/06/19 18:26:16,875980af2fd9b6a0bb7239ff92d0922f1234b516,5212cc58bb100f267b63537585be87f63b3ebe1d,持卡人消费,一校区水控新,-0.45,89.72,5794,正常
2016/06/20 08:54:01,875980af2fd9b6a0bb7239ff92d0922f1234b516,5212cc58bb100f267b63537585be87f63b3ebe1d,持卡人消费,超市商务子系统,-0.1,89.62,5795,正常
2016/06/20 11:24:58,875980af2fd9b6a0bb7239ff92d0922f1234b516,5212cc58bb100f267b63537585be87f63b3ebe1d,持卡人消费,学士楼商务网关,-7.0,82.62,5796,正常
2016/06/20 18:22:59,875980af2fd9b6a0bb7239ff92d0922f1234b516,5212cc58bb100f267b63537585be87f63b3ebe1d,持卡人消费,硕果园（工大商店）,-10.0,72.62,5797,正常
2016/06/20 18:38:47,875980af2fd9b6a0bb7239ff92d0922f1234b516,5212cc58bb100f267b63537585be87f63b3ebe1d,持卡人消费,硕果园（工大商店）,-1.0,71.62,5798,正常
2016/06/21 17:36:39,875980af2fd9b6a0bb7239ff92d0922f1234b516,5212cc58bb100f267b63537585be87f63b3ebe1d,持卡人消费,学苑楼商务网关,-7.8,63.82,5799,正常
2016/06/22 08:21:42,875980af2fd9b6a0bb7239ff92d0922f1234b516,5212cc58bb100f267b63537585be87f63b3ebe1d,持卡人消费,学士楼商务网关,-2.5,61.32,5800,正常
2016/06/22 08:21:58,875980af2fd9b6a0bb7239ff92d0922f1234b516,5212cc58bb100f267b63537585be87f63b3ebe1d,持卡人消费,学士楼商务网关,-0.2,61.12,5801,正常
2016/06/22 11:30:59,875980af2fd9b6a0bb7239ff92d0922f1234b516,5212cc58bb100f267b63537585be87f63b3ebe1d,持卡人消费,学士楼商务网关,-6.0,55.12,5802,正常
2016/06/22 17:42:36,875980af2fd9b6a0bb7239ff92d0922f1234b516,5212cc58bb100f267b63537585be87f63b3ebe1d,持卡人消费,学士楼商务网关,-3.6,51.52,5803,正常
2016/06/22 17:43:38,875980af2fd9b6a0bb7239ff92d0922f1234b516,5212cc58bb100f267b63537585be87f63b3ebe1d,持卡人消费,学士楼商务网关,-3.0,48.52,5804,正常
2016/06/23 19:21:04,875980af2fd9b6a0bb7239ff92d0922f1234b516,5212cc58bb100f267b63537585be87f63b3ebe1d,持卡人消费,硕果园（工大商店）,-11.0,37.52,5805,正常
2016/06/24 11:50:28,875980af2fd9b6a0bb7239ff92d0922f1234b516,5212cc58bb100f267b63537585be87f63b3ebe1d,持卡人消费,学苑楼商务网关,-4.5,33.02,5806,正常
2016/06/24 11:51:51,875980af2fd9b6a0bb7239ff92d0922f1234b516,5212cc58bb100f267b63537585be87f63b3ebe1d,持卡人消费,学苑楼商务网关,-2.0,31.02,5807,正常
2016/06/24 17:45:25,875980af2fd9b6a0bb7239ff92d0922f1234b516,5212cc58bb100f267b63537585be87f63b3ebe1d,持卡人消费,学苑楼商务网关,-9.8,21.22,5808,正常
2016/06/25 17:57:08,875980af2fd9b6a0bb7239ff92d0922f1234b516,5212cc58bb100f267b63537585be87f63b3ebe1d,持卡人消费,学士楼商务网关,-0.8,20.42,5809,正常
2016/06/25 17:58:00,875980af2fd9b6a0bb7239ff92d0922f1234b516,5212cc58bb100f267b63537585be87f63b3ebe1d,持卡人消费,学士楼商务网关,-6.0,14.42,5810,正常
2016/06/26 11:25:41,875980af2fd9b6a0bb7239ff92d0922f1234b516,5212cc58bb100f267b63537585be87f63b3ebe1d,存款,现金充值机,100.0,114.42,5811,正常
2016/06/27 00:47:38,875980af2fd9b6a0bb7239ff92d0922f1234b516,5212cc58bb100f267b63537585be87f63b3ebe1d,持卡人消费,学苑楼商务网关,-5.1,109.32,5812,正常
2016/06/26 17:22:17,875980af2fd9b6a0bb7239ff92d0922f1234b516,5212cc58bb100f267b63537585be87f63b3ebe1d,持卡人消费,学士楼商务网关,-0.4,108.92,5813,正常
2016/06/26 17:22:30,875980af2fd9b6a0bb7239ff92d0922f1234b516,5212cc58bb100f267b63537585be87f63b3ebe1d,持卡人消费,学士楼商务网关,-3.0,105.92,5814,正常
2016/06/26 17:24:12,875980af2fd9b6a0bb7239ff92d0922f1234b516,5212cc58bb100f267b63537585be87f63b3ebe1d,持卡人消费,学士楼商务网关,-2.0,103.92,5815,正常
2016/06/27 09:37:08,875980af2fd9b6a0bb7239ff92d0922f1234b516,5212cc58bb100f267b63537585be87f63b3ebe1d,持卡人消费,硕果园（工大商店）,-6.0,97.92,5816,正常
2016/06/27 11:40:36,875980af2fd9b6a0bb7239ff92d0922f1234b516,5212cc58bb100f267b63537585be87f63b3ebe1d,持卡人消费,学士楼商务网关,-5.0,92.92,5817,正常
2016/06/27 11:40:54,875980af2fd9b6a0bb7239ff92d0922f1234b516,5212cc58bb100f267b63537585be87f63b3ebe1d,持卡人消费,学士楼商务网关,-0.4,92.52,5818,正常
2016/06/27 11:42:13,875980af2fd9b6a0bb7239ff92d0922f1234b516,5212cc58bb100f267b63537585be87f63b3ebe1d,持卡人消费,学士楼商务网关,-0.4,92.12,5819,正常
2016/06/27 17:42:40,875980af2fd9b6a0bb7239ff92d0922f1234b516,5212cc58bb100f267b63537585be87f63b3ebe1d,持卡人消费,学士楼商务网关,-4.98,87.14,5820,正常
2016/06/27 17:44:17,875980af2fd9b6a0bb7239ff92d0922f1234b516,5212cc58bb100f267b63537585be87f63b3ebe1d,持卡人消费,学士楼商务网关,-2.1,85.04,5821,正常
2016/06/27 17:45:13,875980af2fd9b6a0bb7239ff92d0922f1234b516,5212cc58bb100f267b63537585be87f63b3ebe1d,持卡人消费,学士楼商务网关,-3.0,82.04,5822,正常
2016/06/27 17:46:07,875980af2fd9b6a0bb7239ff92d0922f1234b516,5212cc58bb100f267b63537585be87f63b3ebe1d,持卡人消费,学士楼商务网关,-2.5,79.54,5823,正常
2016/06/27 18:41:58,875980af2fd9b6a0bb7239ff92d0922f1234b516,5212cc58bb100f267b63537585be87f63b3ebe1d,持卡人消费,一校区水控新,-0.37,79.17,5825,正常
2016/06/27 18:47:24,875980af2fd9b6a0bb7239ff92d0922f1234b516,5212cc58bb100f267b63537585be87f63b3ebe1d,持卡人消费,一校区水控新,-0.74,78.43,5827,正常
2016/06/27 18:53:40,875980af2fd9b6a0bb7239ff92d0922f1234b516,5212cc58bb100f267b63537585be87f63b3ebe1d,持卡人消费,一校区水控新,-0.74,77.69,5829,正常
2016/06/28 07:35:51,875980af2fd9b6a0bb7239ff92d0922f1234b516,5212cc58bb100f267b63537585be87f63b3ebe1d,持卡人消费,学士楼商务网关,-1.7,75.99,5830,正常
2016/06/28 07:36:31,875980af2fd9b6a0bb7239ff92d0922f1234b516,5212cc58bb100f267b63537585be87f63b3ebe1d,持卡人消费,学士楼商务网关,-2.0,73.99,5831,正常
2016/06/28 13:22:14,875980af2fd9b6a0bb7239ff92d0922f1234b516,5212cc58bb100f267b63537585be87f63b3ebe1d,持卡人消费,硕果园（工大商店）,-10.0,63.99,5832,正常
2016/06/28 17:33:33,875980af2fd9b6a0bb7239ff92d0922f1234b516,5212cc58bb100f267b63537585be87f63b3ebe1d,持卡人消费,学士楼商务网关,-1.0,62.99,5833,正常
2016/06/28 17:34:08,875980af2fd9b6a0bb7239ff92d0922f1234b516,5212cc58bb100f267b63537585be87f63b3ebe1d,持卡人消费,学士楼商务网关,-2.0,60.99,5834,正常
2016/06/28 17:34:40,875980af2fd9b6a0bb7239ff92d0922f1234b516,5212cc58bb100f267b63537585be87f63b3ebe1d,持卡人消费,学士楼商务网关,-2.6,58.39,5835,正常
2016/06/28 17:35:42,875980af2fd9b6a0bb7239ff92d0922f1234b516,5212cc58bb100f267b63537585be87f63b3ebe1d,持卡人消费,学士楼商务网关,-0.7,57.69,5836,正常
2016/06/29 11:44:07,875980af2fd9b6a0bb7239ff92d0922f1234b516,5212cc58bb100f267b63537585be87f63b3ebe1d,持卡人消费,学士楼商务网关,-1.8,55.89,5837,正常
2016/06/29 11:45:08,875980af2fd9b6a0bb7239ff92d0922f1234b516,5212cc58bb100f267b63537585be87f63b3ebe1d,持卡人消费,学士楼商务网关,-2.0,53.89,5838,正常
2016/06/29 11:45:54,875980af2fd9b6a0bb7239ff92d0922f1234b516,5212cc58bb100f267b63537585be87f63b3ebe1d,持卡人消费,学士楼商务网关,-3.0,50.89,5839,正常
2016/06/29 17:33:34,875980af2fd9b6a0bb7239ff92d0922f1234b516,5212cc58bb100f267b63537585be87f63b3ebe1d,持卡人消费,学子楼商务网关,-7.2,43.69,5840,正常
2016/06/30 16:55:05,875980af2fd9b6a0bb7239ff92d0922f1234b516,5212cc58bb100f267b63537585be87f63b3ebe1d,持卡人消费,一区图书馆存包柜,-40.0,3.69,5841,正常
