交易发生时间,学号,姓名,交易类型,子系统名称,交易额,现有余额,次数,状态
2016/06/20 06:11:54,fd9305a76db8903fbf96b3c86a391f5b03067a95,5359f53ac27f44efebc4a06a3fb575a0680922d0,存款,现金充值机,100.0,103.12,4189,正常
2016/06/20 06:44:38,fd9305a76db8903fbf96b3c86a391f5b03067a95,5359f53ac27f44efebc4a06a3fb575a0680922d0,持卡人消费,学士楼商务网关,-9.7,93.42,4190,正常
2016/06/20 06:46:38,fd9305a76db8903fbf96b3c86a391f5b03067a95,5359f53ac27f44efebc4a06a3fb575a0680922d0,持卡人消费,学士楼商务网关,-1.5,91.92,4191,正常
2016/06/20 07:03:13,fd9305a76db8903fbf96b3c86a391f5b03067a95,5359f53ac27f44efebc4a06a3fb575a0680922d0,持卡人消费,学士楼商务网关,-0.6,91.32,4192,正常
2016/06/20 09:11:01,fd9305a76db8903fbf96b3c86a391f5b03067a95,5359f53ac27f44efebc4a06a3fb575a0680922d0,持卡人消费,超市商务子系统,-8.8,82.52,4193,正常
2016/06/20 11:28:01,fd9305a76db8903fbf96b3c86a391f5b03067a95,5359f53ac27f44efebc4a06a3fb575a0680922d0,持卡人消费,学士楼商务网关,-11.78,70.74,4194,正常
2016/06/20 11:28:18,fd9305a76db8903fbf96b3c86a391f5b03067a95,5359f53ac27f44efebc4a06a3fb575a0680922d0,持卡人消费,学士楼商务网关,-5.32,65.42,4195,正常
2016/06/20 11:30:20,fd9305a76db8903fbf96b3c86a391f5b03067a95,5359f53ac27f44efebc4a06a3fb575a0680922d0,持卡人消费,学士楼商务网关,-10.5,54.92,4196,正常
2016/06/20 11:59:07,fd9305a76db8903fbf96b3c86a391f5b03067a95,5359f53ac27f44efebc4a06a3fb575a0680922d0,持卡人消费,超市商务子系统,-19.9,35.02,4197,正常
2016/06/21 06:50:50,fd9305a76db8903fbf96b3c86a391f5b03067a95,5359f53ac27f44efebc4a06a3fb575a0680922d0,持卡人消费,学士楼商务网关,-11.0,24.02,4198,正常
2016/06/21 07:02:21,fd9305a76db8903fbf96b3c86a391f5b03067a95,5359f53ac27f44efebc4a06a3fb575a0680922d0,持卡人消费,学士楼商务网关,-1.6,22.42,4199,正常
2016/06/21 06:57:14,fd9305a76db8903fbf96b3c86a391f5b03067a95,5359f53ac27f44efebc4a06a3fb575a0680922d0,存款,现金充值机,100.0,122.42,4200,正常
2016/06/21 07:21:37,fd9305a76db8903fbf96b3c86a391f5b03067a95,5359f53ac27f44efebc4a06a3fb575a0680922d0,持卡人消费,网络中心,-30.0,92.42,4201,正常
2016/06/21 08:21:54,fd9305a76db8903fbf96b3c86a391f5b03067a95,5359f53ac27f44efebc4a06a3fb575a0680922d0,持卡人消费,学子便利店A01后楼,-6.0,86.42,4202,正常
2016/06/21 12:50:48,fd9305a76db8903fbf96b3c86a391f5b03067a95,5359f53ac27f44efebc4a06a3fb575a0680922d0,持卡人消费,超市商务子系统,-26.3,60.12,4203,正常
2016/06/22 11:19:22,fd9305a76db8903fbf96b3c86a391f5b03067a95,5359f53ac27f44efebc4a06a3fb575a0680922d0,持卡人消费,学苑楼商务网关,-12.0,48.12,4204,正常
2016/06/22 11:19:25,fd9305a76db8903fbf96b3c86a391f5b03067a95,5359f53ac27f44efebc4a06a3fb575a0680922d0,持卡人消费,学苑楼商务网关,-1.6,46.52,4205,正常
2016/06/22 11:22:03,fd9305a76db8903fbf96b3c86a391f5b03067a95,5359f53ac27f44efebc4a06a3fb575a0680922d0,持卡人消费,学苑楼商务网关,-8.0,38.52,4206,正常
2016/06/22 11:23:30,fd9305a76db8903fbf96b3c86a391f5b03067a95,5359f53ac27f44efebc4a06a3fb575a0680922d0,持卡人消费,学苑楼商务网关,-3.0,35.52,4207,正常
2016/06/22 11:44:44,fd9305a76db8903fbf96b3c86a391f5b03067a95,5359f53ac27f44efebc4a06a3fb575a0680922d0,持卡人消费,学苑楼商务网关,-0.5,35.02,4208,正常
2016/06/22 11:53:26,fd9305a76db8903fbf96b3c86a391f5b03067a95,5359f53ac27f44efebc4a06a3fb575a0680922d0,持卡人消费,超市商务子系统,-3.8,31.22,4209,正常
2016/06/24 13:43:08,fd9305a76db8903fbf96b3c86a391f5b03067a95,5359f53ac27f44efebc4a06a3fb575a0680922d0,持卡人消费,超市商务子系统,-10.0,21.22,4210,正常
2016/06/24 13:46:18,fd9305a76db8903fbf96b3c86a391f5b03067a95,5359f53ac27f44efebc4a06a3fb575a0680922d0,持卡人消费,超市商务子系统,-9.9,11.32,4211,正常
2016/06/24 17:07:59,fd9305a76db8903fbf96b3c86a391f5b03067a95,5359f53ac27f44efebc4a06a3fb575a0680922d0,存款,现金充值机,100.0,111.32,4212,正常
2016/06/24 17:37:07,fd9305a76db8903fbf96b3c86a391f5b03067a95,5359f53ac27f44efebc4a06a3fb575a0680922d0,持卡人消费,学士楼商务网关,-8.12,103.20,4213,正常
2016/06/24 17:37:27,fd9305a76db8903fbf96b3c86a391f5b03067a95,5359f53ac27f44efebc4a06a3fb575a0680922d0,持卡人消费,学士楼商务网关,-8.74,94.46,4214,正常
2016/06/24 17:39:38,fd9305a76db8903fbf96b3c86a391f5b03067a95,5359f53ac27f44efebc4a06a3fb575a0680922d0,持卡人消费,学士楼商务网关,-10.5,83.96,4215,正常
2016/06/24 17:58:32,fd9305a76db8903fbf96b3c86a391f5b03067a95,5359f53ac27f44efebc4a06a3fb575a0680922d0,持卡人消费,超市商务子系统,-3.9,80.06,4216,正常
2016/06/26 11:03:52,fd9305a76db8903fbf96b3c86a391f5b03067a95,5359f53ac27f44efebc4a06a3fb575a0680922d0,持卡人消费,学士楼商务网关,-18.44,61.62,4217,正常
2016/06/26 11:04:30,fd9305a76db8903fbf96b3c86a391f5b03067a95,5359f53ac27f44efebc4a06a3fb575a0680922d0,持卡人消费,学士楼商务网关,-9.88,51.74,4218,正常
2016/06/26 11:06:45,fd9305a76db8903fbf96b3c86a391f5b03067a95,5359f53ac27f44efebc4a06a3fb575a0680922d0,持卡人消费,学士楼商务网关,-5.0,46.74,4219,正常
2016/06/26 11:35:49,fd9305a76db8903fbf96b3c86a391f5b03067a95,5359f53ac27f44efebc4a06a3fb575a0680922d0,持卡人消费,超市商务子系统,-3.9,42.84,4220,正常
2016/06/26 17:12:09,fd9305a76db8903fbf96b3c86a391f5b03067a95,5359f53ac27f44efebc4a06a3fb575a0680922d0,持卡人消费,学苑楼商务网关,-16.0,26.84,4221,正常
2016/06/26 17:13:17,fd9305a76db8903fbf96b3c86a391f5b03067a95,5359f53ac27f44efebc4a06a3fb575a0680922d0,持卡人消费,学苑楼商务网关,-4.8,22.04,4222,正常
2016/06/26 17:13:39,fd9305a76db8903fbf96b3c86a391f5b03067a95,5359f53ac27f44efebc4a06a3fb575a0680922d0,持卡人消费,学苑楼商务网关,-4.0,18.04,4223,正常
2016/06/26 17:22:54,fd9305a76db8903fbf96b3c86a391f5b03067a95,5359f53ac27f44efebc4a06a3fb575a0680922d0,持卡人消费,学苑楼商务网关,-3.0,15.04,4224,正常
2016/06/27 09:57:13,fd9305a76db8903fbf96b3c86a391f5b03067a95,5359f53ac27f44efebc4a06a3fb575a0680922d0,持卡人消费,超市商务子系统,-3.9,11.14,4225,正常
2016/06/27 12:04:07,fd9305a76db8903fbf96b3c86a391f5b03067a95,5359f53ac27f44efebc4a06a3fb575a0680922d0,存款,现金充值机,100.0,111.14,4226,正常
2016/06/27 12:28:36,fd9305a76db8903fbf96b3c86a391f5b03067a95,5359f53ac27f44efebc4a06a3fb575a0680922d0,持卡人消费,学苑楼商务网关,-12.0,99.14,4227,正常
2016/06/27 12:28:47,fd9305a76db8903fbf96b3c86a391f5b03067a95,5359f53ac27f44efebc4a06a3fb575a0680922d0,持卡人消费,学苑楼商务网关,-6.0,93.14,4228,正常
2016/06/27 12:30:15,fd9305a76db8903fbf96b3c86a391f5b03067a95,5359f53ac27f44efebc4a06a3fb575a0680922d0,持卡人消费,学苑楼商务网关,-3.0,90.14,4229,正常
2016/06/27 12:55:09,fd9305a76db8903fbf96b3c86a391f5b03067a95,5359f53ac27f44efebc4a06a3fb575a0680922d0,持卡人消费,超市商务子系统,-3.9,86.24,4230,正常
2016/06/28 11:41:37,fd9305a76db8903fbf96b3c86a391f5b03067a95,5359f53ac27f44efebc4a06a3fb575a0680922d0,持卡人消费,九食堂商务网关,-8.0,78.24,4231,正常
2016/06/28 11:43:18,fd9305a76db8903fbf96b3c86a391f5b03067a95,5359f53ac27f44efebc4a06a3fb575a0680922d0,持卡人消费,九食堂商务网关,-11.0,67.24,4232,正常
2016/06/28 11:45:13,fd9305a76db8903fbf96b3c86a391f5b03067a95,5359f53ac27f44efebc4a06a3fb575a0680922d0,持卡人消费,九食堂商务网关,-4.0,63.24,4233,正常
2016/06/29 07:07:29,fd9305a76db8903fbf96b3c86a391f5b03067a95,5359f53ac27f44efebc4a06a3fb575a0680922d0,持卡人消费,学士楼商务网关,-6.0,57.24,4234,正常
2016/06/29 11:30:59,fd9305a76db8903fbf96b3c86a391f5b03067a95,5359f53ac27f44efebc4a06a3fb575a0680922d0,持卡人消费,学士楼商务网关,-26.4,30.84,4235,正常
2016/06/29 11:43:54,fd9305a76db8903fbf96b3c86a391f5b03067a95,5359f53ac27f44efebc4a06a3fb575a0680922d0,持卡人消费,超市商务子系统,-9.9,20.94,4236,正常
2016/06/29 14:56:52,fd9305a76db8903fbf96b3c86a391f5b03067a95,5359f53ac27f44efebc4a06a3fb575a0680922d0,持卡人消费,超市商务子系统,-3.0,17.94,4237,正常
