交易发生时间,学号,姓名,交易类型,子系统名称,交易额,现有余额,次数,状态
2016/06/01 11:42:40,3cb0471e9a3b606464d62c54067117d965cf1ee2,5390d9d5f3fff4655d91ac6fc5ca99b7271591aa,持卡人消费,学苑楼商务网关,-5.0,93.86,4465,正常
2016/06/01 11:46:09,3cb0471e9a3b606464d62c54067117d965cf1ee2,5390d9d5f3fff4655d91ac6fc5ca99b7271591aa,持卡人消费,学苑楼商务网关,-3.0,90.86,4466,正常
2016/06/01 12:06:42,3cb0471e9a3b606464d62c54067117d965cf1ee2,5390d9d5f3fff4655d91ac6fc5ca99b7271591aa,持卡人消费,学苑楼商务网关,-5.0,85.86,4467,正常
2016/06/01 17:33:41,3cb0471e9a3b606464d62c54067117d965cf1ee2,5390d9d5f3fff4655d91ac6fc5ca99b7271591aa,持卡人消费,学士楼商务网关,-1.0,84.86,4468,正常
2016/06/01 17:35:25,3cb0471e9a3b606464d62c54067117d965cf1ee2,5390d9d5f3fff4655d91ac6fc5ca99b7271591aa,持卡人消费,学士楼商务网关,-4.0,80.86,4469,正常
2016/06/02 09:32:55,3cb0471e9a3b606464d62c54067117d965cf1ee2,5390d9d5f3fff4655d91ac6fc5ca99b7271591aa,持卡人消费,游泳馆,-6.0,74.86,4470,正常
2016/06/02 11:53:56,3cb0471e9a3b606464d62c54067117d965cf1ee2,5390d9d5f3fff4655d91ac6fc5ca99b7271591aa,持卡人消费,学士楼商务网关,-4.0,70.86,4471,正常
2016/06/02 11:54:03,3cb0471e9a3b606464d62c54067117d965cf1ee2,5390d9d5f3fff4655d91ac6fc5ca99b7271591aa,持卡人消费,学士楼商务网关,-0.4,70.46,4472,正常
2016/06/02 12:26:52,3cb0471e9a3b606464d62c54067117d965cf1ee2,5390d9d5f3fff4655d91ac6fc5ca99b7271591aa,持卡人消费,超市商务子系统,-2.0,68.46,4473,正常
2016/06/02 12:34:55,3cb0471e9a3b606464d62c54067117d965cf1ee2,5390d9d5f3fff4655d91ac6fc5ca99b7271591aa,持卡人消费,硕果园（工大商店）,-2.5,65.96,4474,正常
2016/06/02 17:35:36,3cb0471e9a3b606464d62c54067117d965cf1ee2,5390d9d5f3fff4655d91ac6fc5ca99b7271591aa,持卡人消费,学士楼商务网关,-4.6,61.36,4475,正常
2016/06/02 18:32:43,3cb0471e9a3b606464d62c54067117d965cf1ee2,5390d9d5f3fff4655d91ac6fc5ca99b7271591aa,持卡人消费,学子超市园丁总店,-1.6,59.76,4476,正常
2016/06/03 11:39:03,3cb0471e9a3b606464d62c54067117d965cf1ee2,5390d9d5f3fff4655d91ac6fc5ca99b7271591aa,持卡人消费,学士楼商务网关,-8.0,51.76,4477,正常
2016/06/03 11:40:33,3cb0471e9a3b606464d62c54067117d965cf1ee2,5390d9d5f3fff4655d91ac6fc5ca99b7271591aa,持卡人消费,学士楼商务网关,-3.5,48.26,4478,正常
2016/06/03 11:53:10,3cb0471e9a3b606464d62c54067117d965cf1ee2,5390d9d5f3fff4655d91ac6fc5ca99b7271591aa,持卡人消费,学士楼商务网关,-0.1,48.16,4479,正常
2016/06/03 20:03:54,3cb0471e9a3b606464d62c54067117d965cf1ee2,5390d9d5f3fff4655d91ac6fc5ca99b7271591aa,持卡人消费,学子超市园丁总店,-7.6,40.56,4480,正常
2016/06/04 15:08:31,3cb0471e9a3b606464d62c54067117d965cf1ee2,5390d9d5f3fff4655d91ac6fc5ca99b7271591aa,持卡人消费,游泳馆,-6.0,34.56,4481,正常
2016/06/04 19:26:06,3cb0471e9a3b606464d62c54067117d965cf1ee2,5390d9d5f3fff4655d91ac6fc5ca99b7271591aa,持卡人消费,学子超市园丁总店,-4.0,30.56,4482,正常
2016/06/05 17:41:51,3cb0471e9a3b606464d62c54067117d965cf1ee2,5390d9d5f3fff4655d91ac6fc5ca99b7271591aa,持卡人消费,学士楼商务网关,-4.0,26.56,4483,正常
2016/06/05 17:42:26,3cb0471e9a3b606464d62c54067117d965cf1ee2,5390d9d5f3fff4655d91ac6fc5ca99b7271591aa,持卡人消费,学士楼商务网关,-1.0,25.56,4484,正常
2016/06/06 09:43:50,3cb0471e9a3b606464d62c54067117d965cf1ee2,5390d9d5f3fff4655d91ac6fc5ca99b7271591aa,持卡人消费,游泳馆,-6.0,19.56,4485,正常
2016/06/06 12:01:19,3cb0471e9a3b606464d62c54067117d965cf1ee2,5390d9d5f3fff4655d91ac6fc5ca99b7271591aa,持卡人消费,学士楼商务网关,-6.5,13.06,4486,正常
2016/06/07 10:06:51,3cb0471e9a3b606464d62c54067117d965cf1ee2,5390d9d5f3fff4655d91ac6fc5ca99b7271591aa,存款,卡中心综合业务,100.0,113.06,4487,正常
2016/06/07 11:44:34,3cb0471e9a3b606464d62c54067117d965cf1ee2,5390d9d5f3fff4655d91ac6fc5ca99b7271591aa,持卡人消费,学士楼商务网关,-4.6,108.46,4488,正常
2016/06/07 12:17:28,3cb0471e9a3b606464d62c54067117d965cf1ee2,5390d9d5f3fff4655d91ac6fc5ca99b7271591aa,持卡人消费,超市商务子系统,-5.9,102.56,4489,正常
2016/06/07 12:35:33,3cb0471e9a3b606464d62c54067117d965cf1ee2,5390d9d5f3fff4655d91ac6fc5ca99b7271591aa,持卡人消费,网络中心,-30.0,72.56,4490,正常
2016/06/07 17:34:52,3cb0471e9a3b606464d62c54067117d965cf1ee2,5390d9d5f3fff4655d91ac6fc5ca99b7271591aa,持卡人消费,学士楼商务网关,-4.0,68.56,4491,正常
2016/06/07 17:35:56,3cb0471e9a3b606464d62c54067117d965cf1ee2,5390d9d5f3fff4655d91ac6fc5ca99b7271591aa,持卡人消费,学士楼商务网关,-0.4,68.16,4492,正常
2016/06/07 17:54:34,3cb0471e9a3b606464d62c54067117d965cf1ee2,5390d9d5f3fff4655d91ac6fc5ca99b7271591aa,持卡人消费,学士楼商务网关,-2.6,65.56,4493,正常
2016/06/08 09:23:14,3cb0471e9a3b606464d62c54067117d965cf1ee2,5390d9d5f3fff4655d91ac6fc5ca99b7271591aa,持卡人消费,游泳馆,-6.0,59.56,4494,正常
2016/06/08 11:49:34,3cb0471e9a3b606464d62c54067117d965cf1ee2,5390d9d5f3fff4655d91ac6fc5ca99b7271591aa,持卡人消费,学士楼商务网关,-3.0,56.56,4495,正常
2016/06/08 17:44:40,3cb0471e9a3b606464d62c54067117d965cf1ee2,5390d9d5f3fff4655d91ac6fc5ca99b7271591aa,持卡人消费,学子超市园丁总店,-1.6,54.96,4496,正常
2016/06/09 17:38:22,3cb0471e9a3b606464d62c54067117d965cf1ee2,5390d9d5f3fff4655d91ac6fc5ca99b7271591aa,持卡人消费,学士楼商务网关,-4.1,50.86,4497,正常
2016/06/10 07:14:13,3cb0471e9a3b606464d62c54067117d965cf1ee2,5390d9d5f3fff4655d91ac6fc5ca99b7271591aa,持卡人消费,超市商务子系统,-2.0,48.86,4498,正常
2016/06/10 17:42:46,3cb0471e9a3b606464d62c54067117d965cf1ee2,5390d9d5f3fff4655d91ac6fc5ca99b7271591aa,持卡人消费,学士楼商务网关,-5.0,43.86,4499,正常
2016/06/11 12:08:35,3cb0471e9a3b606464d62c54067117d965cf1ee2,5390d9d5f3fff4655d91ac6fc5ca99b7271591aa,持卡人消费,15公寓浴池,-1.06,42.80,4501,正常
2016/06/11 12:13:20,3cb0471e9a3b606464d62c54067117d965cf1ee2,5390d9d5f3fff4655d91ac6fc5ca99b7271591aa,持卡人消费,15公寓浴池,-0.56,42.24,4503,正常
2016/06/12 06:07:37,3cb0471e9a3b606464d62c54067117d965cf1ee2,5390d9d5f3fff4655d91ac6fc5ca99b7271591aa,持卡人消费,游泳馆,-5.0,37.24,4504,正常
2016/06/12 11:36:02,3cb0471e9a3b606464d62c54067117d965cf1ee2,5390d9d5f3fff4655d91ac6fc5ca99b7271591aa,持卡人消费,学士楼商务网关,-4.6,32.64,4505,正常
2016/06/12 12:06:41,3cb0471e9a3b606464d62c54067117d965cf1ee2,5390d9d5f3fff4655d91ac6fc5ca99b7271591aa,持卡人消费,超市商务子系统,-3.2,29.44,4506,正常
2016/06/12 17:45:53,3cb0471e9a3b606464d62c54067117d965cf1ee2,5390d9d5f3fff4655d91ac6fc5ca99b7271591aa,持卡人消费,学士楼商务网关,-4.0,25.44,4507,正常
2016/06/12 17:46:34,3cb0471e9a3b606464d62c54067117d965cf1ee2,5390d9d5f3fff4655d91ac6fc5ca99b7271591aa,持卡人消费,学士楼商务网关,-1.0,24.44,4508,正常
2016/06/13 17:39:37,3cb0471e9a3b606464d62c54067117d965cf1ee2,5390d9d5f3fff4655d91ac6fc5ca99b7271591aa,持卡人消费,学士楼商务网关,-4.4,20.04,4509,正常
2016/06/14 07:10:06,3cb0471e9a3b606464d62c54067117d965cf1ee2,5390d9d5f3fff4655d91ac6fc5ca99b7271591aa,持卡人消费,超市商务子系统,-2.0,18.04,4510,正常
2016/06/14 08:20:58,3cb0471e9a3b606464d62c54067117d965cf1ee2,5390d9d5f3fff4655d91ac6fc5ca99b7271591aa,持卡人消费,超市商务子系统,-2.0,16.04,4511,正常
2016/06/14 09:39:20,3cb0471e9a3b606464d62c54067117d965cf1ee2,5390d9d5f3fff4655d91ac6fc5ca99b7271591aa,持卡人消费,游泳馆,-6.0,10.04,4512,正常
2016/06/14 11:51:07,3cb0471e9a3b606464d62c54067117d965cf1ee2,5390d9d5f3fff4655d91ac6fc5ca99b7271591aa,持卡人消费,学士楼商务网关,-4.0,6.04,4513,正常
2016/06/14 11:51:38,3cb0471e9a3b606464d62c54067117d965cf1ee2,5390d9d5f3fff4655d91ac6fc5ca99b7271591aa,持卡人消费,学士楼商务网关,-1.0,5.04,4514,正常
2016/06/14 11:58:03,3cb0471e9a3b606464d62c54067117d965cf1ee2,5390d9d5f3fff4655d91ac6fc5ca99b7271591aa,存款,现金充值机,100.0,105.04,4515,正常
2016/06/14 12:31:01,3cb0471e9a3b606464d62c54067117d965cf1ee2,5390d9d5f3fff4655d91ac6fc5ca99b7271591aa,持卡人消费,超市商务子系统,-9.7,95.34,4516,正常
2016/06/14 17:40:56,3cb0471e9a3b606464d62c54067117d965cf1ee2,5390d9d5f3fff4655d91ac6fc5ca99b7271591aa,持卡人消费,学士楼商务网关,-2.9,92.44,4517,正常
2016/06/15 11:45:41,3cb0471e9a3b606464d62c54067117d965cf1ee2,5390d9d5f3fff4655d91ac6fc5ca99b7271591aa,持卡人消费,学士楼商务网关,-3.5,88.94,4518,正常
2016/06/15 11:45:54,3cb0471e9a3b606464d62c54067117d965cf1ee2,5390d9d5f3fff4655d91ac6fc5ca99b7271591aa,持卡人消费,学士楼商务网关,-0.5,88.44,4519,正常
2016/06/15 11:46:39,3cb0471e9a3b606464d62c54067117d965cf1ee2,5390d9d5f3fff4655d91ac6fc5ca99b7271591aa,持卡人消费,学士楼商务网关,-1.0,87.44,4520,正常
2016/06/15 12:17:36,3cb0471e9a3b606464d62c54067117d965cf1ee2,5390d9d5f3fff4655d91ac6fc5ca99b7271591aa,持卡人消费,超市商务子系统,-4.2,83.24,4521,正常
2016/06/16 09:41:52,3cb0471e9a3b606464d62c54067117d965cf1ee2,5390d9d5f3fff4655d91ac6fc5ca99b7271591aa,持卡人消费,游泳馆,-6.0,77.24,4522,正常
2016/06/16 11:57:28,3cb0471e9a3b606464d62c54067117d965cf1ee2,5390d9d5f3fff4655d91ac6fc5ca99b7271591aa,持卡人消费,学士楼商务网关,-2.5,74.74,4523,正常
2016/06/16 11:58:41,3cb0471e9a3b606464d62c54067117d965cf1ee2,5390d9d5f3fff4655d91ac6fc5ca99b7271591aa,持卡人消费,学士楼商务网关,-1.0,73.74,4524,正常
2016/06/16 17:34:49,3cb0471e9a3b606464d62c54067117d965cf1ee2,5390d9d5f3fff4655d91ac6fc5ca99b7271591aa,持卡人消费,学士楼商务网关,-3.4,70.34,4525,正常
2016/06/16 17:37:46,3cb0471e9a3b606464d62c54067117d965cf1ee2,5390d9d5f3fff4655d91ac6fc5ca99b7271591aa,持卡人消费,学士楼商务网关,-2.0,68.34,4526,正常
2016/06/24 17:31:25,3cb0471e9a3b606464d62c54067117d965cf1ee2,5390d9d5f3fff4655d91ac6fc5ca99b7271591aa,持卡人消费,学士楼商务网关,-5.6,62.74,4527,正常
2016/06/18 17:47:59,3cb0471e9a3b606464d62c54067117d965cf1ee2,5390d9d5f3fff4655d91ac6fc5ca99b7271591aa,持卡人消费,学士楼商务网关,-4.4,58.34,4528,正常
2016/06/18 19:00:23,3cb0471e9a3b606464d62c54067117d965cf1ee2,5390d9d5f3fff4655d91ac6fc5ca99b7271591aa,持卡人消费,15公寓浴池,-0.21,58.13,4530,正常
2016/06/18 19:01:34,3cb0471e9a3b606464d62c54067117d965cf1ee2,5390d9d5f3fff4655d91ac6fc5ca99b7271591aa,持卡人消费,15公寓浴池,-0.03,58.10,4532,正常
2016/06/18 19:08:59,3cb0471e9a3b606464d62c54067117d965cf1ee2,5390d9d5f3fff4655d91ac6fc5ca99b7271591aa,持卡人消费,15公寓浴池,-1.09,57.01,4534,正常
2016/06/18 19:16:49,3cb0471e9a3b606464d62c54067117d965cf1ee2,5390d9d5f3fff4655d91ac6fc5ca99b7271591aa,持卡人消费,15公寓浴池,-1.17,55.84,4536,正常
2016/06/19 21:29:39,3cb0471e9a3b606464d62c54067117d965cf1ee2,5390d9d5f3fff4655d91ac6fc5ca99b7271591aa,持卡人消费,超市商务子系统,-3.0,52.84,4537,正常
2016/06/19 21:30:06,3cb0471e9a3b606464d62c54067117d965cf1ee2,5390d9d5f3fff4655d91ac6fc5ca99b7271591aa,持卡人消费,超市商务子系统,-5.9,46.94,4538,正常
2016/06/20 09:36:24,3cb0471e9a3b606464d62c54067117d965cf1ee2,5390d9d5f3fff4655d91ac6fc5ca99b7271591aa,持卡人消费,游泳馆,-6.0,40.94,4539,正常
2016/06/20 12:10:42,3cb0471e9a3b606464d62c54067117d965cf1ee2,5390d9d5f3fff4655d91ac6fc5ca99b7271591aa,持卡人消费,学士楼商务网关,-8.0,32.94,4540,正常
2016/06/20 12:11:15,3cb0471e9a3b606464d62c54067117d965cf1ee2,5390d9d5f3fff4655d91ac6fc5ca99b7271591aa,持卡人消费,学士楼商务网关,-1.96,30.98,4541,正常
2016/06/21 07:24:34,3cb0471e9a3b606464d62c54067117d965cf1ee2,5390d9d5f3fff4655d91ac6fc5ca99b7271591aa,持卡人消费,超市商务子系统,-3.0,27.98,4542,正常
2016/06/21 11:27:49,3cb0471e9a3b606464d62c54067117d965cf1ee2,5390d9d5f3fff4655d91ac6fc5ca99b7271591aa,持卡人消费,学子楼商务网关,-4.0,23.98,4543,正常
2016/06/21 11:27:56,3cb0471e9a3b606464d62c54067117d965cf1ee2,5390d9d5f3fff4655d91ac6fc5ca99b7271591aa,持卡人消费,学子楼商务网关,-0.4,23.58,4544,正常
2016/06/21 11:47:40,3cb0471e9a3b606464d62c54067117d965cf1ee2,5390d9d5f3fff4655d91ac6fc5ca99b7271591aa,持卡人消费,学苑楼商务网关,-2.6,20.98,4545,正常
2016/06/21 12:04:12,3cb0471e9a3b606464d62c54067117d965cf1ee2,5390d9d5f3fff4655d91ac6fc5ca99b7271591aa,持卡人消费,超市商务子系统,-4.9,16.08,4546,正常
2016/06/22 07:26:11,3cb0471e9a3b606464d62c54067117d965cf1ee2,5390d9d5f3fff4655d91ac6fc5ca99b7271591aa,持卡人消费,超市商务子系统,-2.0,14.08,4547,正常
2016/06/22 11:24:39,3cb0471e9a3b606464d62c54067117d965cf1ee2,5390d9d5f3fff4655d91ac6fc5ca99b7271591aa,持卡人消费,九食堂商务网关,-7.0,7.08,4548,正常
2016/06/22 18:29:41,3cb0471e9a3b606464d62c54067117d965cf1ee2,5390d9d5f3fff4655d91ac6fc5ca99b7271591aa,持卡人消费,15公寓浴池,-0.16,6.92,4550,正常
2016/06/22 18:34:58,3cb0471e9a3b606464d62c54067117d965cf1ee2,5390d9d5f3fff4655d91ac6fc5ca99b7271591aa,持卡人消费,15公寓浴池,-0.56,6.36,4552,正常
2016/06/23 19:46:15,3cb0471e9a3b606464d62c54067117d965cf1ee2,5390d9d5f3fff4655d91ac6fc5ca99b7271591aa,持卡人消费,超市商务子系统,-2.0,4.36,4553,正常
2016/06/23 19:57:41,3cb0471e9a3b606464d62c54067117d965cf1ee2,5390d9d5f3fff4655d91ac6fc5ca99b7271591aa,持卡人消费,硕果园（工大商店）,-2.4,1.96,4554,正常
2016/06/24 11:40:56,3cb0471e9a3b606464d62c54067117d965cf1ee2,5390d9d5f3fff4655d91ac6fc5ca99b7271591aa,存款,学苑楼综合业务3,100.0,101.96,4555,正常
2016/06/24 11:42:15,3cb0471e9a3b606464d62c54067117d965cf1ee2,5390d9d5f3fff4655d91ac6fc5ca99b7271591aa,持卡人消费,学苑楼商务网关,-4.0,97.96,4556,正常
2016/06/24 11:43:09,3cb0471e9a3b606464d62c54067117d965cf1ee2,5390d9d5f3fff4655d91ac6fc5ca99b7271591aa,持卡人消费,学苑楼商务网关,-0.5,97.46,4557,正常
2016/06/24 11:59:50,3cb0471e9a3b606464d62c54067117d965cf1ee2,5390d9d5f3fff4655d91ac6fc5ca99b7271591aa,持卡人消费,学苑楼商务网关,-4.2,93.26,4558,正常
2016/06/24 12:12:02,3cb0471e9a3b606464d62c54067117d965cf1ee2,5390d9d5f3fff4655d91ac6fc5ca99b7271591aa,持卡人消费,超市商务子系统,-17.8,75.46,4559,正常
2016/06/24 17:38:17,3cb0471e9a3b606464d62c54067117d965cf1ee2,5390d9d5f3fff4655d91ac6fc5ca99b7271591aa,持卡人消费,学士楼商务网关,-3.6,71.86,4560,正常
2016/06/24 19:44:48,3cb0471e9a3b606464d62c54067117d965cf1ee2,5390d9d5f3fff4655d91ac6fc5ca99b7271591aa,持卡人消费,15公寓浴池,-0.18,71.68,4562,正常
2016/06/24 19:49:32,3cb0471e9a3b606464d62c54067117d965cf1ee2,5390d9d5f3fff4655d91ac6fc5ca99b7271591aa,持卡人消费,15公寓浴池,-0.43,71.25,4564,正常
2016/06/25 17:36:19,3cb0471e9a3b606464d62c54067117d965cf1ee2,5390d9d5f3fff4655d91ac6fc5ca99b7271591aa,持卡人消费,学苑楼商务网关,-1.0,70.25,4565,正常
2016/06/25 17:37:04,3cb0471e9a3b606464d62c54067117d965cf1ee2,5390d9d5f3fff4655d91ac6fc5ca99b7271591aa,持卡人消费,学苑楼商务网关,-0.5,69.75,4566,正常
2016/06/25 17:38:15,3cb0471e9a3b606464d62c54067117d965cf1ee2,5390d9d5f3fff4655d91ac6fc5ca99b7271591aa,持卡人消费,学苑楼商务网关,-1.0,68.75,4567,正常
2016/06/26 18:40:05,3cb0471e9a3b606464d62c54067117d965cf1ee2,5390d9d5f3fff4655d91ac6fc5ca99b7271591aa,持卡人消费,15公寓浴池,-0.85,67.90,4569,正常
2016/06/26 18:47:54,3cb0471e9a3b606464d62c54067117d965cf1ee2,5390d9d5f3fff4655d91ac6fc5ca99b7271591aa,持卡人消费,15公寓浴池,-1.09,66.81,4571,正常
2016/06/28 07:41:34,3cb0471e9a3b606464d62c54067117d965cf1ee2,5390d9d5f3fff4655d91ac6fc5ca99b7271591aa,持卡人消费,超市商务子系统,-2.0,64.81,4572,正常
2016/06/28 11:35:08,3cb0471e9a3b606464d62c54067117d965cf1ee2,5390d9d5f3fff4655d91ac6fc5ca99b7271591aa,持卡人消费,学士楼商务网关,-0.6,64.21,4573,正常
2016/06/28 11:37:17,3cb0471e9a3b606464d62c54067117d965cf1ee2,5390d9d5f3fff4655d91ac6fc5ca99b7271591aa,持卡人消费,学士楼商务网关,-2.5,61.71,4574,正常
2016/06/28 11:38:40,3cb0471e9a3b606464d62c54067117d965cf1ee2,5390d9d5f3fff4655d91ac6fc5ca99b7271591aa,持卡人消费,学士楼商务网关,-1.0,60.71,4575,正常
2016/06/28 12:08:48,3cb0471e9a3b606464d62c54067117d965cf1ee2,5390d9d5f3fff4655d91ac6fc5ca99b7271591aa,持卡人消费,学苑楼商务网关,-2.1,58.61,4576,正常
2016/06/28 17:20:04,3cb0471e9a3b606464d62c54067117d965cf1ee2,5390d9d5f3fff4655d91ac6fc5ca99b7271591aa,持卡人消费,15公寓浴池,-0.19,58.42,4578,正常
2016/06/28 17:24:24,3cb0471e9a3b606464d62c54067117d965cf1ee2,5390d9d5f3fff4655d91ac6fc5ca99b7271591aa,持卡人消费,15公寓浴池,-0.42,58.00,4580,正常
