交易发生时间,学号,姓名,交易类型,子系统名称,交易额,现有余额,次数,状态
2016/06/01 09:24:41,c387efda521dbfc462b674e24695ab2cf9765089,550268dc2f1bd02b29940b62fd594fa80b8b7b26,持卡人消费,学子便利店A01后楼,-5.5,147.37,3405,正常
2016/06/01 13:33:05,c387efda521dbfc462b674e24695ab2cf9765089,550268dc2f1bd02b29940b62fd594fa80b8b7b26,持卡人消费,硕果园（工大商店）,-3.0,144.37,3406,正常
2016/06/01 13:35:21,c387efda521dbfc462b674e24695ab2cf9765089,550268dc2f1bd02b29940b62fd594fa80b8b7b26,持卡人消费,硕果园（工大商店）,-8.0,136.37,3407,正常
2016/06/01 13:41:11,c387efda521dbfc462b674e24695ab2cf9765089,550268dc2f1bd02b29940b62fd594fa80b8b7b26,持卡人消费,硕果园（工大商店）,-0.5,135.87,3408,正常
2016/06/01 18:51:03,c387efda521dbfc462b674e24695ab2cf9765089,550268dc2f1bd02b29940b62fd594fa80b8b7b26,持卡人消费,15公寓浴池,-1.09,132.78,3411,正常
2016/06/01 18:52:45,c387efda521dbfc462b674e24695ab2cf9765089,550268dc2f1bd02b29940b62fd594fa80b8b7b26,持卡人消费,15公寓浴池,-1.44,133.34,3412,正常
2016/06/02 10:36:17,c387efda521dbfc462b674e24695ab2cf9765089,550268dc2f1bd02b29940b62fd594fa80b8b7b26,持卡人消费,学苑楼商务网关,-6.0,127.34,3413,正常
2016/06/02 10:38:35,c387efda521dbfc462b674e24695ab2cf9765089,550268dc2f1bd02b29940b62fd594fa80b8b7b26,持卡人消费,学苑楼商务网关,-0.6,126.74,3414,正常
2016/06/02 10:46:30,c387efda521dbfc462b674e24695ab2cf9765089,550268dc2f1bd02b29940b62fd594fa80b8b7b26,持卡人消费,学苑楼商务网关,-5.0,121.74,3415,正常
2016/06/03 12:45:17,c387efda521dbfc462b674e24695ab2cf9765089,550268dc2f1bd02b29940b62fd594fa80b8b7b26,持卡人消费,学士楼商务网关,-6.0,115.74,3416,正常
2016/06/04 12:22:22,c387efda521dbfc462b674e24695ab2cf9765089,550268dc2f1bd02b29940b62fd594fa80b8b7b26,持卡人消费,学士楼商务网关,-4.1,111.64,3417,正常
2016/06/04 17:10:31,c387efda521dbfc462b674e24695ab2cf9765089,550268dc2f1bd02b29940b62fd594fa80b8b7b26,持卡人消费,学士楼商务网关,-1.0,110.64,3418,正常
2016/06/04 17:11:26,c387efda521dbfc462b674e24695ab2cf9765089,550268dc2f1bd02b29940b62fd594fa80b8b7b26,持卡人消费,学士楼商务网关,-4.1,106.54,3419,正常
2016/06/04 17:11:33,c387efda521dbfc462b674e24695ab2cf9765089,550268dc2f1bd02b29940b62fd594fa80b8b7b26,持卡人消费,学士楼商务网关,-0.6,105.94,3420,正常
2016/06/04 17:12:34,c387efda521dbfc462b674e24695ab2cf9765089,550268dc2f1bd02b29940b62fd594fa80b8b7b26,持卡人消费,学士楼商务网关,-8.0,97.94,3421,正常
2016/06/05 11:51:38,c387efda521dbfc462b674e24695ab2cf9765089,550268dc2f1bd02b29940b62fd594fa80b8b7b26,持卡人消费,学苑楼商务网关,-8.0,89.94,3422,正常
2016/06/05 11:56:49,c387efda521dbfc462b674e24695ab2cf9765089,550268dc2f1bd02b29940b62fd594fa80b8b7b26,持卡人消费,学苑楼商务网关,-3.0,86.94,3423,正常
2016/06/05 17:45:39,c387efda521dbfc462b674e24695ab2cf9765089,550268dc2f1bd02b29940b62fd594fa80b8b7b26,持卡人消费,学苑楼商务网关,-8.8,78.14,3424,正常
2016/06/05 19:10:29,c387efda521dbfc462b674e24695ab2cf9765089,550268dc2f1bd02b29940b62fd594fa80b8b7b26,持卡人消费,15公寓浴池,-2.0,76.14,3425,正常
2016/06/06 10:59:13,c387efda521dbfc462b674e24695ab2cf9765089,550268dc2f1bd02b29940b62fd594fa80b8b7b26,持卡人消费,超市商务子系统,-12.0,64.14,3426,正常
2016/06/07 10:36:45,c387efda521dbfc462b674e24695ab2cf9765089,550268dc2f1bd02b29940b62fd594fa80b8b7b26,持卡人消费,超市商务子系统,-14.0,50.14,3427,正常
2016/06/07 10:40:39,c387efda521dbfc462b674e24695ab2cf9765089,550268dc2f1bd02b29940b62fd594fa80b8b7b26,持卡人消费,学苑楼商务网关,-7.0,43.14,3428,正常
2016/06/07 17:05:57,c387efda521dbfc462b674e24695ab2cf9765089,550268dc2f1bd02b29940b62fd594fa80b8b7b26,持卡人消费,学苑楼商务网关,-7.5,35.64,3429,正常
2016/06/08 11:16:39,c387efda521dbfc462b674e24695ab2cf9765089,550268dc2f1bd02b29940b62fd594fa80b8b7b26,持卡人消费,学苑楼商务网关,-8.8,26.84,3430,正常
2016/06/08 11:17:30,c387efda521dbfc462b674e24695ab2cf9765089,550268dc2f1bd02b29940b62fd594fa80b8b7b26,持卡人消费,学苑楼商务网关,-7.5,19.34,3431,正常
2016/06/08 11:18:36,c387efda521dbfc462b674e24695ab2cf9765089,550268dc2f1bd02b29940b62fd594fa80b8b7b26,持卡人消费,学苑楼商务网关,-3.0,16.34,3432,正常
2016/06/08 17:21:22,c387efda521dbfc462b674e24695ab2cf9765089,550268dc2f1bd02b29940b62fd594fa80b8b7b26,持卡人消费,硕果园（工大商店）,-1.0,15.34,3433,正常
2016/06/08 20:35:30,c387efda521dbfc462b674e24695ab2cf9765089,550268dc2f1bd02b29940b62fd594fa80b8b7b26,持卡人消费,学子便利店A01后楼,-4.0,11.34,3434,正常
2016/06/09 14:34:58,c387efda521dbfc462b674e24695ab2cf9765089,550268dc2f1bd02b29940b62fd594fa80b8b7b26,持卡人消费,学子便利店A01后楼,-3.0,8.34,3435,正常
2016/06/09 19:10:50,c387efda521dbfc462b674e24695ab2cf9765089,550268dc2f1bd02b29940b62fd594fa80b8b7b26,持卡人消费,硕果园（工大商店）,-6.0,2.34,3436,正常
2016/06/10 11:38:37,c387efda521dbfc462b674e24695ab2cf9765089,550268dc2f1bd02b29940b62fd594fa80b8b7b26,持卡人消费,硕果园（工大商店）,-1.0,1.34,3437,正常
2016/06/11 11:22:45,c387efda521dbfc462b674e24695ab2cf9765089,550268dc2f1bd02b29940b62fd594fa80b8b7b26,存款,卡中心综合业务,100.0,101.34,3438,正常
2016/06/11 11:35:57,c387efda521dbfc462b674e24695ab2cf9765089,550268dc2f1bd02b29940b62fd594fa80b8b7b26,持卡人消费,硕果园（工大商店）,-10.0,91.34,3439,正常
2016/06/11 18:04:07,c387efda521dbfc462b674e24695ab2cf9765089,550268dc2f1bd02b29940b62fd594fa80b8b7b26,持卡人消费,学子便利店A01后楼,-5.8,85.54,3440,正常
2016/06/12 11:32:04,c387efda521dbfc462b674e24695ab2cf9765089,550268dc2f1bd02b29940b62fd594fa80b8b7b26,持卡人消费,硕果园（工大商店）,-33.5,52.04,3441,正常
2016/06/12 11:34:24,c387efda521dbfc462b674e24695ab2cf9765089,550268dc2f1bd02b29940b62fd594fa80b8b7b26,持卡人消费,硕果园（工大商店）,-11.5,40.54,3442,正常
2016/06/13 20:42:04,c387efda521dbfc462b674e24695ab2cf9765089,550268dc2f1bd02b29940b62fd594fa80b8b7b26,持卡人消费,硕果园（工大商店）,-12.0,28.54,3443,正常
2016/06/14 08:15:04,c387efda521dbfc462b674e24695ab2cf9765089,550268dc2f1bd02b29940b62fd594fa80b8b7b26,持卡人消费,学子便利店A01后楼,-3.6,24.94,3444,正常
2016/06/14 12:17:17,c387efda521dbfc462b674e24695ab2cf9765089,550268dc2f1bd02b29940b62fd594fa80b8b7b26,持卡人消费,硕果园（工大商店）,-6.0,18.94,3445,正常
2016/06/14 12:24:37,c387efda521dbfc462b674e24695ab2cf9765089,550268dc2f1bd02b29940b62fd594fa80b8b7b26,持卡人消费,超市商务子系统,-6.0,12.94,3446,正常
2016/06/15 11:35:06,c387efda521dbfc462b674e24695ab2cf9765089,550268dc2f1bd02b29940b62fd594fa80b8b7b26,持卡人消费,学士楼商务网关,-9.2,3.74,3447,正常
2016/06/15 11:35:46,c387efda521dbfc462b674e24695ab2cf9765089,550268dc2f1bd02b29940b62fd594fa80b8b7b26,持卡人消费,学士楼商务网关,-0.6,3.14,3448,正常
2016/06/16 11:39:14,c387efda521dbfc462b674e24695ab2cf9765089,550268dc2f1bd02b29940b62fd594fa80b8b7b26,存款,卡中心综合业务,100.0,103.14,3449,正常
2016/06/16 11:42:01,c387efda521dbfc462b674e24695ab2cf9765089,550268dc2f1bd02b29940b62fd594fa80b8b7b26,持卡人消费,学苑楼商务网关,-8.8,94.34,3450,正常
2016/06/16 11:43:29,c387efda521dbfc462b674e24695ab2cf9765089,550268dc2f1bd02b29940b62fd594fa80b8b7b26,持卡人消费,学苑楼商务网关,-8.0,86.34,3451,正常
2016/06/16 18:26:34,c387efda521dbfc462b674e24695ab2cf9765089,550268dc2f1bd02b29940b62fd594fa80b8b7b26,持卡人消费,硕果园（工大商店）,-11.0,75.34,3452,正常
2016/06/17 10:10:01,c387efda521dbfc462b674e24695ab2cf9765089,550268dc2f1bd02b29940b62fd594fa80b8b7b26,持卡人消费,学子便利店A01后楼,-1.2,74.14,3453,正常
2016/06/17 10:18:11,c387efda521dbfc462b674e24695ab2cf9765089,550268dc2f1bd02b29940b62fd594fa80b8b7b26,持卡人消费,学士楼商务网关,-3.6,70.54,3454,正常
2016/06/18 19:44:10,c387efda521dbfc462b674e24695ab2cf9765089,550268dc2f1bd02b29940b62fd594fa80b8b7b26,持卡人消费,一校区水控新,-1.97,68.57,3456,正常
2016/06/18 21:13:49,c387efda521dbfc462b674e24695ab2cf9765089,550268dc2f1bd02b29940b62fd594fa80b8b7b26,持卡人消费,学子便利店A01后楼,-3.8,64.77,3457,正常
2016/06/19 13:55:45,c387efda521dbfc462b674e24695ab2cf9765089,550268dc2f1bd02b29940b62fd594fa80b8b7b26,持卡人消费,学子便利店A01后楼,-3.4,61.37,3458,正常
2016/06/20 21:09:26,c387efda521dbfc462b674e24695ab2cf9765089,550268dc2f1bd02b29940b62fd594fa80b8b7b26,持卡人消费,硕果园（工大商店）,-8.0,53.37,3459,正常
2016/06/21 12:37:15,c387efda521dbfc462b674e24695ab2cf9765089,550268dc2f1bd02b29940b62fd594fa80b8b7b26,持卡人消费,超市商务子系统,-7.0,46.37,3460,正常
2016/06/21 12:40:57,c387efda521dbfc462b674e24695ab2cf9765089,550268dc2f1bd02b29940b62fd594fa80b8b7b26,持卡人消费,学苑楼商务网关,-8.8,37.57,3461,正常
2016/06/22 08:35:40,c387efda521dbfc462b674e24695ab2cf9765089,550268dc2f1bd02b29940b62fd594fa80b8b7b26,持卡人消费,学子便利店A01后楼,-3.0,34.57,3462,正常
2016/06/22 17:31:09,c387efda521dbfc462b674e24695ab2cf9765089,550268dc2f1bd02b29940b62fd594fa80b8b7b26,持卡人消费,学苑楼商务网关,-7.5,27.07,3463,正常
2016/06/23 19:39:26,c387efda521dbfc462b674e24695ab2cf9765089,550268dc2f1bd02b29940b62fd594fa80b8b7b26,持卡人消费,学子便利店A01后楼,-3.9,23.17,3464,正常
2016/06/24 20:27:42,c387efda521dbfc462b674e24695ab2cf9765089,550268dc2f1bd02b29940b62fd594fa80b8b7b26,持卡人消费,15公寓浴池,-1.42,21.75,3466,正常
2016/06/25 11:43:46,c387efda521dbfc462b674e24695ab2cf9765089,550268dc2f1bd02b29940b62fd594fa80b8b7b26,持卡人消费,学苑楼商务网关,-9.0,12.75,3467,正常
2016/06/25 17:53:49,c387efda521dbfc462b674e24695ab2cf9765089,550268dc2f1bd02b29940b62fd594fa80b8b7b26,持卡人消费,学苑楼商务网关,-4.5,8.25,3468,正常
2016/06/26 10:30:16,c387efda521dbfc462b674e24695ab2cf9765089,550268dc2f1bd02b29940b62fd594fa80b8b7b26,持卡人消费,超市商务子系统,-5.8,2.45,3469,正常
2016/06/26 10:13:17,c387efda521dbfc462b674e24695ab2cf9765089,550268dc2f1bd02b29940b62fd594fa80b8b7b26,存款,现金充值机,100.0,102.45,3470,正常
2016/06/26 10:38:27,c387efda521dbfc462b674e24695ab2cf9765089,550268dc2f1bd02b29940b62fd594fa80b8b7b26,持卡人消费,学苑楼商务网关,-7.0,95.45,3471,正常
2016/06/26 10:38:50,c387efda521dbfc462b674e24695ab2cf9765089,550268dc2f1bd02b29940b62fd594fa80b8b7b26,持卡人消费,学苑楼商务网关,-2.0,93.45,3472,正常
2016/06/27 16:22:04,c387efda521dbfc462b674e24695ab2cf9765089,550268dc2f1bd02b29940b62fd594fa80b8b7b26,持卡人消费,学士楼商务网关,-4.1,89.35,3473,正常
2016/06/27 16:59:34,c387efda521dbfc462b674e24695ab2cf9765089,550268dc2f1bd02b29940b62fd594fa80b8b7b26,持卡人消费,学子便利店A01后楼,-7.5,81.85,3474,正常
2016/06/27 21:25:49,c387efda521dbfc462b674e24695ab2cf9765089,550268dc2f1bd02b29940b62fd594fa80b8b7b26,持卡人消费,学子便利店A01后楼,-9.0,72.85,3475,正常
2016/06/28 17:34:28,c387efda521dbfc462b674e24695ab2cf9765089,550268dc2f1bd02b29940b62fd594fa80b8b7b26,持卡人消费,学士楼商务网关,-6.6,66.25,3476,正常
2016/06/28 17:35:26,c387efda521dbfc462b674e24695ab2cf9765089,550268dc2f1bd02b29940b62fd594fa80b8b7b26,持卡人消费,学士楼商务网关,-4.0,62.25,3477,正常
2016/06/28 20:17:09,c387efda521dbfc462b674e24695ab2cf9765089,550268dc2f1bd02b29940b62fd594fa80b8b7b26,持卡人消费,学子便利店A01后楼,-3.9,58.35,3478,正常
2016/06/29 11:14:48,c387efda521dbfc462b674e24695ab2cf9765089,550268dc2f1bd02b29940b62fd594fa80b8b7b26,持卡人消费,学士楼商务网关,-4.0,54.35,3479,正常
2016/06/29 11:15:52,c387efda521dbfc462b674e24695ab2cf9765089,550268dc2f1bd02b29940b62fd594fa80b8b7b26,持卡人消费,学士楼商务网关,-4.14,50.21,3480,正常
2016/06/29 11:16:34,c387efda521dbfc462b674e24695ab2cf9765089,550268dc2f1bd02b29940b62fd594fa80b8b7b26,持卡人消费,学士楼商务网关,-0.6,49.61,3481,正常
2016/06/29 21:09:20,c387efda521dbfc462b674e24695ab2cf9765089,550268dc2f1bd02b29940b62fd594fa80b8b7b26,持卡人消费,学子便利店A01后楼,-4.0,45.61,3482,正常
2016/06/30 14:56:39,c387efda521dbfc462b674e24695ab2cf9765089,550268dc2f1bd02b29940b62fd594fa80b8b7b26,持卡人消费,学子便利店A01后楼,-4.0,41.61,3483,正常
2016/06/30 18:55:11,c387efda521dbfc462b674e24695ab2cf9765089,550268dc2f1bd02b29940b62fd594fa80b8b7b26,持卡人消费,硕果园（工大商店）,-12.0,29.61,3484,正常
2016/06/30 19:02:34,c387efda521dbfc462b674e24695ab2cf9765089,550268dc2f1bd02b29940b62fd594fa80b8b7b26,持卡人消费,硕果园（工大商店）,-3.0,26.61,3485,正常
2016/06/30 21:39:01,c387efda521dbfc462b674e24695ab2cf9765089,550268dc2f1bd02b29940b62fd594fa80b8b7b26,持卡人消费,学子便利店A01后楼,-6.5,20.11,3486,正常
