交易发生时间,学号,姓名,交易类型,子系统名称,交易额,现有余额,次数,状态
2016/06/01 12:30:25,ba0d9f4a9d58216f694ef86629175fd8fe40c25b,55d6e56331ed5ee761ba5278daeae712e1e9059d,持卡人消费,学苑楼商务网关,-7.0,24.50,2320,正常
2016/06/04 18:35:01,ba0d9f4a9d58216f694ef86629175fd8fe40c25b,55d6e56331ed5ee761ba5278daeae712e1e9059d,持卡人消费,15公寓浴池,-2.0,22.50,2321,正常
2016/06/04 18:35:06,ba0d9f4a9d58216f694ef86629175fd8fe40c25b,55d6e56331ed5ee761ba5278daeae712e1e9059d,持卡人消费,15公寓浴池,-2.0,20.50,2322,正常
2016/06/05 09:42:22,ba0d9f4a9d58216f694ef86629175fd8fe40c25b,55d6e56331ed5ee761ba5278daeae712e1e9059d,持卡人消费,学士楼商务网关,-3.4,17.10,2323,正常
2016/06/05 09:42:43,ba0d9f4a9d58216f694ef86629175fd8fe40c25b,55d6e56331ed5ee761ba5278daeae712e1e9059d,持卡人消费,学士楼商务网关,-4.6,12.50,2324,正常
2016/06/05 13:13:00,ba0d9f4a9d58216f694ef86629175fd8fe40c25b,55d6e56331ed5ee761ba5278daeae712e1e9059d,存款,学苑楼综合业务3,100.0,112.50,2325,正常
2016/06/05 13:23:06,ba0d9f4a9d58216f694ef86629175fd8fe40c25b,55d6e56331ed5ee761ba5278daeae712e1e9059d,持卡人消费,超市商务子系统,-15.9,96.60,2326,正常
2016/06/06 18:06:17,ba0d9f4a9d58216f694ef86629175fd8fe40c25b,55d6e56331ed5ee761ba5278daeae712e1e9059d,持卡人消费,超市商务子系统,-9.0,87.60,2327,正常
2016/06/07 10:25:09,ba0d9f4a9d58216f694ef86629175fd8fe40c25b,55d6e56331ed5ee761ba5278daeae712e1e9059d,持卡人消费,学士楼商务网关,-6.0,81.60,2328,正常
2016/06/07 10:27:55,ba0d9f4a9d58216f694ef86629175fd8fe40c25b,55d6e56331ed5ee761ba5278daeae712e1e9059d,持卡人消费,学士楼商务网关,-4.0,77.60,2329,正常
2016/06/07 13:14:18,ba0d9f4a9d58216f694ef86629175fd8fe40c25b,55d6e56331ed5ee761ba5278daeae712e1e9059d,持卡人消费,超市商务子系统,-9.0,68.60,2330,正常
2016/06/08 10:42:23,ba0d9f4a9d58216f694ef86629175fd8fe40c25b,55d6e56331ed5ee761ba5278daeae712e1e9059d,持卡人消费,学士楼商务网关,-2.0,66.60,2331,正常
2016/06/08 10:50:51,ba0d9f4a9d58216f694ef86629175fd8fe40c25b,55d6e56331ed5ee761ba5278daeae712e1e9059d,持卡人消费,学士楼商务网关,-30.0,36.60,2332,正常
2016/06/08 19:31:16,ba0d9f4a9d58216f694ef86629175fd8fe40c25b,55d6e56331ed5ee761ba5278daeae712e1e9059d,持卡人消费,15公寓浴池,-2.0,34.60,2333,正常
2016/06/08 19:40:27,ba0d9f4a9d58216f694ef86629175fd8fe40c25b,55d6e56331ed5ee761ba5278daeae712e1e9059d,持卡人消费,15公寓浴池,-1.73,32.87,2335,正常
2016/06/08 20:07:28,ba0d9f4a9d58216f694ef86629175fd8fe40c25b,55d6e56331ed5ee761ba5278daeae712e1e9059d,持卡人消费,超市商务子系统,-18.0,14.87,2336,正常
2016/06/09 10:54:58,ba0d9f4a9d58216f694ef86629175fd8fe40c25b,55d6e56331ed5ee761ba5278daeae712e1e9059d,持卡人消费,硕果园（工大商店）,-10.0,4.87,2337,正常
2016/06/13 18:21:25,ba0d9f4a9d58216f694ef86629175fd8fe40c25b,55d6e56331ed5ee761ba5278daeae712e1e9059d,持卡人消费,学苑楼商务网关,-4.0,0.87,2338,正常
2016/06/13 18:36:18,ba0d9f4a9d58216f694ef86629175fd8fe40c25b,55d6e56331ed5ee761ba5278daeae712e1e9059d,存款,现金充值机,100.0,100.87,2339,正常
2016/06/13 19:04:16,ba0d9f4a9d58216f694ef86629175fd8fe40c25b,55d6e56331ed5ee761ba5278daeae712e1e9059d,持卡人消费,超市商务子系统,-34.2,66.67,2340,正常
2016/06/13 19:06:39,ba0d9f4a9d58216f694ef86629175fd8fe40c25b,55d6e56331ed5ee761ba5278daeae712e1e9059d,持卡人消费,超市商务子系统,-7.2,59.47,2341,正常
2016/06/14 11:48:19,ba0d9f4a9d58216f694ef86629175fd8fe40c25b,55d6e56331ed5ee761ba5278daeae712e1e9059d,持卡人消费,学士楼商务网关,-7.6,51.87,2342,正常
2016/06/14 11:50:23,ba0d9f4a9d58216f694ef86629175fd8fe40c25b,55d6e56331ed5ee761ba5278daeae712e1e9059d,持卡人消费,学士楼商务网关,-15.0,36.87,2343,正常
2016/06/14 15:15:34,ba0d9f4a9d58216f694ef86629175fd8fe40c25b,55d6e56331ed5ee761ba5278daeae712e1e9059d,持卡人消费,超市商务子系统,-26.3,10.57,2344,正常
2016/06/15 11:44:05,ba0d9f4a9d58216f694ef86629175fd8fe40c25b,55d6e56331ed5ee761ba5278daeae712e1e9059d,持卡人消费,超市商务子系统,-10.3,0.27,2345,正常
2016/06/15 11:32:25,ba0d9f4a9d58216f694ef86629175fd8fe40c25b,55d6e56331ed5ee761ba5278daeae712e1e9059d,存款,现金充值机,100.0,100.27,2346,正常
2016/06/15 11:55:09,ba0d9f4a9d58216f694ef86629175fd8fe40c25b,55d6e56331ed5ee761ba5278daeae712e1e9059d,持卡人消费,学子楼商务网关,-7.2,93.07,2347,正常
2016/06/15 14:35:48,ba0d9f4a9d58216f694ef86629175fd8fe40c25b,55d6e56331ed5ee761ba5278daeae712e1e9059d,持卡人消费,超市商务子系统,-6.2,86.87,2348,正常
2016/06/15 14:39:05,ba0d9f4a9d58216f694ef86629175fd8fe40c25b,55d6e56331ed5ee761ba5278daeae712e1e9059d,持卡人消费,硕果园（工大商店）,-8.1,78.77,2349,正常
2016/06/16 14:15:30,ba0d9f4a9d58216f694ef86629175fd8fe40c25b,55d6e56331ed5ee761ba5278daeae712e1e9059d,持卡人消费,硕果园（工大商店）,-9.0,69.77,2350,正常
2016/06/16 17:32:35,ba0d9f4a9d58216f694ef86629175fd8fe40c25b,55d6e56331ed5ee761ba5278daeae712e1e9059d,持卡人消费,学苑楼商务网关,-8.0,61.77,2351,正常
2016/06/16 17:33:14,ba0d9f4a9d58216f694ef86629175fd8fe40c25b,55d6e56331ed5ee761ba5278daeae712e1e9059d,持卡人消费,学苑楼商务网关,-1.0,60.77,2352,正常
2016/06/16 19:55:06,ba0d9f4a9d58216f694ef86629175fd8fe40c25b,55d6e56331ed5ee761ba5278daeae712e1e9059d,持卡人消费,超市商务子系统,-6.1,54.67,2353,正常
2016/06/16 20:58:29,ba0d9f4a9d58216f694ef86629175fd8fe40c25b,55d6e56331ed5ee761ba5278daeae712e1e9059d,持卡人消费,超市商务子系统,-6.0,48.67,2354,正常
2016/06/17 12:45:30,ba0d9f4a9d58216f694ef86629175fd8fe40c25b,55d6e56331ed5ee761ba5278daeae712e1e9059d,持卡人消费,硕果园（工大商店）,-7.1,41.57,2355,正常
2016/06/18 12:01:32,ba0d9f4a9d58216f694ef86629175fd8fe40c25b,55d6e56331ed5ee761ba5278daeae712e1e9059d,持卡人消费,学苑楼商务网关,-9.0,32.57,2356,正常
2016/06/18 12:35:32,ba0d9f4a9d58216f694ef86629175fd8fe40c25b,55d6e56331ed5ee761ba5278daeae712e1e9059d,持卡人消费,超市商务子系统,-0.4,32.17,2357,正常
2016/06/18 12:36:23,ba0d9f4a9d58216f694ef86629175fd8fe40c25b,55d6e56331ed5ee761ba5278daeae712e1e9059d,持卡人消费,超市商务子系统,-11.9,20.27,2358,正常
2016/06/19 16:36:08,ba0d9f4a9d58216f694ef86629175fd8fe40c25b,55d6e56331ed5ee761ba5278daeae712e1e9059d,持卡人消费,硕果园（工大商店）,-5.8,14.47,2359,正常
2016/06/20 13:35:43,ba0d9f4a9d58216f694ef86629175fd8fe40c25b,55d6e56331ed5ee761ba5278daeae712e1e9059d,持卡人消费,超市商务子系统,-9.0,5.47,2360,正常
2016/06/20 14:09:59,ba0d9f4a9d58216f694ef86629175fd8fe40c25b,55d6e56331ed5ee761ba5278daeae712e1e9059d,存款,现金充值机,100.0,105.47,2361,正常
2016/06/20 14:34:09,ba0d9f4a9d58216f694ef86629175fd8fe40c25b,55d6e56331ed5ee761ba5278daeae712e1e9059d,持卡人消费,超市商务子系统,-3.8,101.67,2362,正常
2016/06/20 16:43:16,ba0d9f4a9d58216f694ef86629175fd8fe40c25b,55d6e56331ed5ee761ba5278daeae712e1e9059d,持卡人消费,学士楼商务网关,-11.51,90.16,2363,正常
2016/06/20 16:45:01,ba0d9f4a9d58216f694ef86629175fd8fe40c25b,55d6e56331ed5ee761ba5278daeae712e1e9059d,持卡人消费,学士楼商务网关,-4.5,85.66,2364,正常
2016/06/20 19:23:27,ba0d9f4a9d58216f694ef86629175fd8fe40c25b,55d6e56331ed5ee761ba5278daeae712e1e9059d,持卡人消费,15公寓浴池,-0.02,85.64,2366,正常
2016/06/20 19:34:01,ba0d9f4a9d58216f694ef86629175fd8fe40c25b,55d6e56331ed5ee761ba5278daeae712e1e9059d,持卡人消费,15公寓浴池,-2.0,83.64,2367,正常
2016/06/20 20:25:22,ba0d9f4a9d58216f694ef86629175fd8fe40c25b,55d6e56331ed5ee761ba5278daeae712e1e9059d,持卡人消费,超市商务子系统,-15.0,68.64,2368,正常
2016/06/21 08:41:47,ba0d9f4a9d58216f694ef86629175fd8fe40c25b,55d6e56331ed5ee761ba5278daeae712e1e9059d,持卡人消费,学士楼商务网关,-4.8,63.84,2369,正常
2016/06/21 09:04:54,ba0d9f4a9d58216f694ef86629175fd8fe40c25b,55d6e56331ed5ee761ba5278daeae712e1e9059d,持卡人消费,超市商务子系统,-16.7,47.14,2370,正常
2016/06/21 09:11:39,ba0d9f4a9d58216f694ef86629175fd8fe40c25b,55d6e56331ed5ee761ba5278daeae712e1e9059d,持卡人消费,硕果园（工大商店）,-5.5,41.64,2371,正常
2016/06/21 18:50:35,ba0d9f4a9d58216f694ef86629175fd8fe40c25b,55d6e56331ed5ee761ba5278daeae712e1e9059d,持卡人消费,硕果园（工大商店）,-12.0,29.64,2372,正常
2016/06/21 20:07:59,ba0d9f4a9d58216f694ef86629175fd8fe40c25b,55d6e56331ed5ee761ba5278daeae712e1e9059d,持卡人消费,硕果园（工大商店）,-8.0,21.64,2373,正常
2016/06/23 14:05:48,ba0d9f4a9d58216f694ef86629175fd8fe40c25b,55d6e56331ed5ee761ba5278daeae712e1e9059d,持卡人消费,硕果园（工大商店）,-8.0,13.64,2374,正常
2016/06/23 17:58:21,ba0d9f4a9d58216f694ef86629175fd8fe40c25b,55d6e56331ed5ee761ba5278daeae712e1e9059d,存款,现金充值机,100.0,113.64,2375,正常
2016/06/23 18:24:10,ba0d9f4a9d58216f694ef86629175fd8fe40c25b,55d6e56331ed5ee761ba5278daeae712e1e9059d,持卡人消费,学苑楼商务网关,-9.0,104.64,2376,正常
2016/06/23 18:25:37,ba0d9f4a9d58216f694ef86629175fd8fe40c25b,55d6e56331ed5ee761ba5278daeae712e1e9059d,持卡人消费,学苑楼商务网关,-7.0,97.64,2377,正常
2016/06/24 09:28:46,ba0d9f4a9d58216f694ef86629175fd8fe40c25b,55d6e56331ed5ee761ba5278daeae712e1e9059d,持卡人消费,硕果园（工大商店）,-4.0,93.64,2378,正常
2016/06/24 11:40:32,ba0d9f4a9d58216f694ef86629175fd8fe40c25b,55d6e56331ed5ee761ba5278daeae712e1e9059d,持卡人消费,学苑楼商务网关,-6.4,87.24,2379,正常
2016/06/24 11:42:06,ba0d9f4a9d58216f694ef86629175fd8fe40c25b,55d6e56331ed5ee761ba5278daeae712e1e9059d,持卡人消费,学苑楼商务网关,-3.5,83.74,2380,正常
2016/06/25 11:27:44,ba0d9f4a9d58216f694ef86629175fd8fe40c25b,55d6e56331ed5ee761ba5278daeae712e1e9059d,持卡人消费,硕果园（工大商店）,-18.0,65.74,2381,正常
2016/06/25 11:28:54,ba0d9f4a9d58216f694ef86629175fd8fe40c25b,55d6e56331ed5ee761ba5278daeae712e1e9059d,持卡人消费,硕果园（工大商店）,-12.0,53.74,2382,正常
2016/06/25 11:37:01,ba0d9f4a9d58216f694ef86629175fd8fe40c25b,55d6e56331ed5ee761ba5278daeae712e1e9059d,持卡人消费,硕果园（工大商店）,-14.0,39.74,2383,正常
2016/06/25 15:34:30,ba0d9f4a9d58216f694ef86629175fd8fe40c25b,55d6e56331ed5ee761ba5278daeae712e1e9059d,持卡人消费,超市商务子系统,-9.0,30.74,2384,正常
2016/06/25 17:37:19,ba0d9f4a9d58216f694ef86629175fd8fe40c25b,55d6e56331ed5ee761ba5278daeae712e1e9059d,持卡人消费,硕果园（工大商店）,-0.1,30.64,2385,正常
2016/06/25 17:37:48,ba0d9f4a9d58216f694ef86629175fd8fe40c25b,55d6e56331ed5ee761ba5278daeae712e1e9059d,持卡人消费,硕果园（工大商店）,-6.4,24.24,2386,正常
2016/06/26 17:08:10,ba0d9f4a9d58216f694ef86629175fd8fe40c25b,55d6e56331ed5ee761ba5278daeae712e1e9059d,持卡人消费,硕果园（工大商店）,-1.0,23.24,2387,正常
2016/06/26 17:08:30,ba0d9f4a9d58216f694ef86629175fd8fe40c25b,55d6e56331ed5ee761ba5278daeae712e1e9059d,持卡人消费,硕果园（工大商店）,-15.0,8.24,2388,正常
2016/06/26 17:09:24,ba0d9f4a9d58216f694ef86629175fd8fe40c25b,55d6e56331ed5ee761ba5278daeae712e1e9059d,持卡人消费,硕果园（工大商店）,-5.0,3.24,2389,正常
2016/06/28 08:24:24,ba0d9f4a9d58216f694ef86629175fd8fe40c25b,55d6e56331ed5ee761ba5278daeae712e1e9059d,持卡人消费,学士楼商务网关,-0.8,2.44,2390,正常
2016/06/29 20:16:27,ba0d9f4a9d58216f694ef86629175fd8fe40c25b,55d6e56331ed5ee761ba5278daeae712e1e9059d,持卡人消费,超市商务子系统,-0.4,2.04,2392,正常
2016/06/29 20:20:54,ba0d9f4a9d58216f694ef86629175fd8fe40c25b,55d6e56331ed5ee761ba5278daeae712e1e9059d,持卡人消费,硕果园（工大商店）,-0.6,1.44,2393,正常
