交易发生时间,学号,姓名,交易类型,子系统名称,交易额,现有余额,次数,状态
2016/06/01 08:16:27,0dde0ee578fa0ab8039a91994f8da326fa0e8028,5642e34a6c6a4f956f2d3260068045e8e0833ec2,持卡人消费,学士楼商务网关,-0.5,36.91,3570,正常
2016/06/02 08:36:04,0dde0ee578fa0ab8039a91994f8da326fa0e8028,5642e34a6c6a4f956f2d3260068045e8e0833ec2,持卡人消费,学士楼商务网关,-4.83,32.08,3571,正常
2016/06/02 22:04:43,0dde0ee578fa0ab8039a91994f8da326fa0e8028,5642e34a6c6a4f956f2d3260068045e8e0833ec2,持卡人消费,学子超市园丁总店,-4.1,27.98,3572,正常
2016/06/03 08:37:36,0dde0ee578fa0ab8039a91994f8da326fa0e8028,5642e34a6c6a4f956f2d3260068045e8e0833ec2,持卡人消费,学士楼商务网关,-4.6,23.38,3573,正常
2016/06/03 17:05:55,0dde0ee578fa0ab8039a91994f8da326fa0e8028,5642e34a6c6a4f956f2d3260068045e8e0833ec2,持卡人消费,学苑楼商务网关,-1.5,21.88,3574,正常
2016/06/04 08:25:20,0dde0ee578fa0ab8039a91994f8da326fa0e8028,5642e34a6c6a4f956f2d3260068045e8e0833ec2,持卡人消费,学士楼商务网关,-4.23,17.65,3575,正常
2016/06/04 11:40:57,0dde0ee578fa0ab8039a91994f8da326fa0e8028,5642e34a6c6a4f956f2d3260068045e8e0833ec2,持卡人消费,学苑楼商务网关,-5.6,12.05,3576,正常
2016/06/05 13:01:48,0dde0ee578fa0ab8039a91994f8da326fa0e8028,5642e34a6c6a4f956f2d3260068045e8e0833ec2,持卡人消费,一校区水控新,-1.49,10.56,3578,正常
2016/06/06 08:09:22,0dde0ee578fa0ab8039a91994f8da326fa0e8028,5642e34a6c6a4f956f2d3260068045e8e0833ec2,持卡人消费,学士楼商务网关,-2.0,8.56,3579,正常
2016/06/06 08:09:59,0dde0ee578fa0ab8039a91994f8da326fa0e8028,5642e34a6c6a4f956f2d3260068045e8e0833ec2,持卡人消费,学士楼商务网关,-2.1,6.46,3580,正常
2016/06/08 11:41:57,0dde0ee578fa0ab8039a91994f8da326fa0e8028,5642e34a6c6a4f956f2d3260068045e8e0833ec2,存款,学苑楼综合业务2,100.0,106.46,3581,正常
2016/06/08 11:46:12,0dde0ee578fa0ab8039a91994f8da326fa0e8028,5642e34a6c6a4f956f2d3260068045e8e0833ec2,持卡人消费,学苑楼商务网关,-3.0,103.46,3582,正常
2016/06/09 17:48:33,0dde0ee578fa0ab8039a91994f8da326fa0e8028,5642e34a6c6a4f956f2d3260068045e8e0833ec2,持卡人消费,学士楼商务网关,-3.0,100.46,3583,正常
2016/06/09 05:49:49,0dde0ee578fa0ab8039a91994f8da326fa0e8028,5642e34a6c6a4f956f2d3260068045e8e0833ec2,持卡人消费,学士楼商务网关,-3.4,97.06,3584,正常
2016/06/09 17:51:26,0dde0ee578fa0ab8039a91994f8da326fa0e8028,5642e34a6c6a4f956f2d3260068045e8e0833ec2,持卡人消费,学士楼商务网关,-6.6,90.46,3585,正常
2016/06/09 06:08:06,0dde0ee578fa0ab8039a91994f8da326fa0e8028,5642e34a6c6a4f956f2d3260068045e8e0833ec2,持卡人消费,学士楼商务网关,-0.2,90.26,3586,正常
2016/06/11 11:53:07,0dde0ee578fa0ab8039a91994f8da326fa0e8028,5642e34a6c6a4f956f2d3260068045e8e0833ec2,持卡人消费,学士楼商务网关,-11.1,79.16,3587,正常
2016/06/13 17:19:06,0dde0ee578fa0ab8039a91994f8da326fa0e8028,5642e34a6c6a4f956f2d3260068045e8e0833ec2,持卡人消费,学士楼商务网关,-4.6,74.56,3588,正常
2016/06/13 17:20:08,0dde0ee578fa0ab8039a91994f8da326fa0e8028,5642e34a6c6a4f956f2d3260068045e8e0833ec2,持卡人消费,学士楼商务网关,-3.0,71.56,3589,正常
2016/06/14 12:46:27,0dde0ee578fa0ab8039a91994f8da326fa0e8028,5642e34a6c6a4f956f2d3260068045e8e0833ec2,持卡人消费,一校区水控新,-2.0,69.56,3590,正常
2016/06/14 12:50:57,0dde0ee578fa0ab8039a91994f8da326fa0e8028,5642e34a6c6a4f956f2d3260068045e8e0833ec2,持卡人消费,一校区水控新,-0.62,68.94,3591,正常
2016/06/14 17:43:15,0dde0ee578fa0ab8039a91994f8da326fa0e8028,5642e34a6c6a4f956f2d3260068045e8e0833ec2,持卡人消费,学苑楼商务网关,-4.6,64.34,3592,正常
2016/06/15 11:28:34,0dde0ee578fa0ab8039a91994f8da326fa0e8028,5642e34a6c6a4f956f2d3260068045e8e0833ec2,持卡人消费,学苑楼商务网关,-10.0,54.34,3593,正常
2016/06/15 11:29:23,0dde0ee578fa0ab8039a91994f8da326fa0e8028,5642e34a6c6a4f956f2d3260068045e8e0833ec2,持卡人消费,学苑楼商务网关,-1.5,52.84,3594,正常
2016/06/15 11:29:54,0dde0ee578fa0ab8039a91994f8da326fa0e8028,5642e34a6c6a4f956f2d3260068045e8e0833ec2,持卡人消费,学苑楼商务网关,-1.0,51.84,3595,正常
2016/06/15 11:31:10,0dde0ee578fa0ab8039a91994f8da326fa0e8028,5642e34a6c6a4f956f2d3260068045e8e0833ec2,持卡人消费,学苑楼商务网关,-0.6,51.24,3596,正常
2016/06/15 21:52:05,0dde0ee578fa0ab8039a91994f8da326fa0e8028,5642e34a6c6a4f956f2d3260068045e8e0833ec2,持卡人消费,学子超市园丁总店,-4.2,47.04,3597,正常
2016/06/16 18:14:38,0dde0ee578fa0ab8039a91994f8da326fa0e8028,5642e34a6c6a4f956f2d3260068045e8e0833ec2,持卡人消费,学苑楼商务网关,-7.0,40.04,3598,正常
2016/06/16 21:15:38,0dde0ee578fa0ab8039a91994f8da326fa0e8028,5642e34a6c6a4f956f2d3260068045e8e0833ec2,持卡人消费,超市商务子系统,-2.5,37.54,3599,正常
2016/06/17 11:43:47,0dde0ee578fa0ab8039a91994f8da326fa0e8028,5642e34a6c6a4f956f2d3260068045e8e0833ec2,持卡人消费,学苑楼商务网关,-3.0,34.54,3600,正常
2016/06/17 11:45:21,0dde0ee578fa0ab8039a91994f8da326fa0e8028,5642e34a6c6a4f956f2d3260068045e8e0833ec2,持卡人消费,学苑楼商务网关,-4.6,29.94,3601,正常
2016/06/17 17:38:41,0dde0ee578fa0ab8039a91994f8da326fa0e8028,5642e34a6c6a4f956f2d3260068045e8e0833ec2,持卡人消费,学苑楼商务网关,-1.1,28.84,3602,正常
2016/06/18 17:43:59,0dde0ee578fa0ab8039a91994f8da326fa0e8028,5642e34a6c6a4f956f2d3260068045e8e0833ec2,持卡人消费,学苑楼商务网关,-5.0,23.84,3603,正常
2016/06/18 17:45:36,0dde0ee578fa0ab8039a91994f8da326fa0e8028,5642e34a6c6a4f956f2d3260068045e8e0833ec2,持卡人消费,学苑楼商务网关,-4.0,19.84,3604,正常
2016/06/18 17:46:38,0dde0ee578fa0ab8039a91994f8da326fa0e8028,5642e34a6c6a4f956f2d3260068045e8e0833ec2,持卡人消费,学苑楼商务网关,-4.6,15.24,3605,正常
2016/06/18 17:48:53,0dde0ee578fa0ab8039a91994f8da326fa0e8028,5642e34a6c6a4f956f2d3260068045e8e0833ec2,持卡人消费,学苑楼商务网关,-2.0,13.24,3606,正常
2016/06/19 08:32:11,0dde0ee578fa0ab8039a91994f8da326fa0e8028,5642e34a6c6a4f956f2d3260068045e8e0833ec2,持卡人消费,学士楼商务网关,-2.6,10.64,3607,正常
2016/06/19 11:51:41,0dde0ee578fa0ab8039a91994f8da326fa0e8028,5642e34a6c6a4f956f2d3260068045e8e0833ec2,存款,卡中心综合业务,100.0,110.64,3608,正常
2016/06/19 14:27:23,0dde0ee578fa0ab8039a91994f8da326fa0e8028,5642e34a6c6a4f956f2d3260068045e8e0833ec2,持卡人消费,一校区水控新,-2.0,108.64,3609,正常
2016/06/19 14:30:13,0dde0ee578fa0ab8039a91994f8da326fa0e8028,5642e34a6c6a4f956f2d3260068045e8e0833ec2,持卡人消费,一校区水控新,-0.51,108.13,3610,正常
2016/06/19 14:43:07,0dde0ee578fa0ab8039a91994f8da326fa0e8028,5642e34a6c6a4f956f2d3260068045e8e0833ec2,持卡人消费,学士楼商务网关,-6.0,102.13,3611,正常
2016/06/19 17:43:26,0dde0ee578fa0ab8039a91994f8da326fa0e8028,5642e34a6c6a4f956f2d3260068045e8e0833ec2,持卡人消费,学苑楼商务网关,-3.0,99.13,3612,正常
2016/06/19 17:44:04,0dde0ee578fa0ab8039a91994f8da326fa0e8028,5642e34a6c6a4f956f2d3260068045e8e0833ec2,持卡人消费,学苑楼商务网关,-0.2,98.93,3613,正常
2016/06/20 17:39:26,0dde0ee578fa0ab8039a91994f8da326fa0e8028,5642e34a6c6a4f956f2d3260068045e8e0833ec2,持卡人消费,学苑楼商务网关,-8.0,90.93,3614,正常
2016/06/20 17:41:57,0dde0ee578fa0ab8039a91994f8da326fa0e8028,5642e34a6c6a4f956f2d3260068045e8e0833ec2,持卡人消费,学苑楼商务网关,-0.5,90.43,3615,正常
2016/06/21 17:43:54,0dde0ee578fa0ab8039a91994f8da326fa0e8028,5642e34a6c6a4f956f2d3260068045e8e0833ec2,持卡人消费,学苑楼商务网关,-4.0,86.43,3616,正常
2016/06/21 17:44:42,0dde0ee578fa0ab8039a91994f8da326fa0e8028,5642e34a6c6a4f956f2d3260068045e8e0833ec2,持卡人消费,学苑楼商务网关,-4.6,81.83,3617,正常
2016/06/22 11:48:24,0dde0ee578fa0ab8039a91994f8da326fa0e8028,5642e34a6c6a4f956f2d3260068045e8e0833ec2,持卡人消费,学士楼商务网关,-4.0,77.83,3618,正常
2016/06/22 11:48:26,0dde0ee578fa0ab8039a91994f8da326fa0e8028,5642e34a6c6a4f956f2d3260068045e8e0833ec2,持卡人消费,学士楼商务网关,-0.6,77.23,3619,正常
2016/06/22 11:50:14,0dde0ee578fa0ab8039a91994f8da326fa0e8028,5642e34a6c6a4f956f2d3260068045e8e0833ec2,持卡人消费,学士楼商务网关,-2.5,74.73,3620,正常
2016/06/22 17:39:36,0dde0ee578fa0ab8039a91994f8da326fa0e8028,5642e34a6c6a4f956f2d3260068045e8e0833ec2,持卡人消费,学苑楼商务网关,-4.0,70.73,3621,正常
2016/06/22 17:40:49,0dde0ee578fa0ab8039a91994f8da326fa0e8028,5642e34a6c6a4f956f2d3260068045e8e0833ec2,持卡人消费,学苑楼商务网关,-5.0,65.73,3622,正常
2016/06/22 17:42:59,0dde0ee578fa0ab8039a91994f8da326fa0e8028,5642e34a6c6a4f956f2d3260068045e8e0833ec2,持卡人消费,学苑楼商务网关,-0.6,65.13,3623,正常
2016/06/23 11:19:05,0dde0ee578fa0ab8039a91994f8da326fa0e8028,5642e34a6c6a4f956f2d3260068045e8e0833ec2,持卡人消费,学苑楼商务网关,-10.0,55.13,3624,正常
2016/06/23 17:41:39,0dde0ee578fa0ab8039a91994f8da326fa0e8028,5642e34a6c6a4f956f2d3260068045e8e0833ec2,持卡人消费,学苑楼商务网关,-2.0,53.13,3625,正常
2016/06/23 17:44:57,0dde0ee578fa0ab8039a91994f8da326fa0e8028,5642e34a6c6a4f956f2d3260068045e8e0833ec2,持卡人消费,学苑楼商务网关,-3.0,50.13,3626,正常
2016/06/23 17:47:09,0dde0ee578fa0ab8039a91994f8da326fa0e8028,5642e34a6c6a4f956f2d3260068045e8e0833ec2,持卡人消费,学苑楼商务网关,-3.0,47.13,3627,正常
2016/06/23 17:47:21,0dde0ee578fa0ab8039a91994f8da326fa0e8028,5642e34a6c6a4f956f2d3260068045e8e0833ec2,持卡人消费,学苑楼商务网关,-0.6,46.53,3628,正常
2016/06/25 11:57:54,0dde0ee578fa0ab8039a91994f8da326fa0e8028,5642e34a6c6a4f956f2d3260068045e8e0833ec2,持卡人消费,学苑楼商务网关,-2.0,44.53,3629,正常
2016/06/25 11:59:17,0dde0ee578fa0ab8039a91994f8da326fa0e8028,5642e34a6c6a4f956f2d3260068045e8e0833ec2,持卡人消费,学苑楼商务网关,-7.6,36.93,3630,正常
2016/06/25 17:40:13,0dde0ee578fa0ab8039a91994f8da326fa0e8028,5642e34a6c6a4f956f2d3260068045e8e0833ec2,持卡人消费,学苑楼商务网关,-7.0,29.93,3631,正常
2016/06/25 17:40:37,0dde0ee578fa0ab8039a91994f8da326fa0e8028,5642e34a6c6a4f956f2d3260068045e8e0833ec2,持卡人消费,学苑楼商务网关,-1.5,28.43,3632,正常
2016/06/27 13:07:58,0dde0ee578fa0ab8039a91994f8da326fa0e8028,5642e34a6c6a4f956f2d3260068045e8e0833ec2,持卡人消费,硕果园（工大商店）,-3.5,24.93,3633,正常
2016/06/28 11:52:27,0dde0ee578fa0ab8039a91994f8da326fa0e8028,5642e34a6c6a4f956f2d3260068045e8e0833ec2,持卡人消费,学苑楼商务网关,-4.6,20.33,3634,正常
2016/06/28 11:54:07,0dde0ee578fa0ab8039a91994f8da326fa0e8028,5642e34a6c6a4f956f2d3260068045e8e0833ec2,持卡人消费,学苑楼商务网关,-3.0,17.33,3635,正常
2016/06/28 12:43:19,0dde0ee578fa0ab8039a91994f8da326fa0e8028,5642e34a6c6a4f956f2d3260068045e8e0833ec2,持卡人消费,一校区水控新,-2.0,15.33,3636,正常
2016/06/28 12:45:51,0dde0ee578fa0ab8039a91994f8da326fa0e8028,5642e34a6c6a4f956f2d3260068045e8e0833ec2,持卡人消费,一校区水控新,-0.46,14.87,3638,正常
