交易发生时间,学号,姓名,交易类型,子系统名称,交易额,现有余额,次数,状态
2016/06/01 11:16:14,50191a516dddff3e129e7c64c96336e4b5960cff,5880c97933683e46cba08dc3da04dfb706cdabfb,持卡人消费,硕果园（工大商店）,-8.0,38.52,3432,正常
2016/06/01 13:36:32,50191a516dddff3e129e7c64c96336e4b5960cff,5880c97933683e46cba08dc3da04dfb706cdabfb,持卡人消费,A1,-6.0,32.52,3433,正常
2016/06/01 17:51:02,50191a516dddff3e129e7c64c96336e4b5960cff,5880c97933683e46cba08dc3da04dfb706cdabfb,持卡人消费,硕果园（工大商店）,-8.0,24.52,3434,正常
2016/06/01 17:51:42,50191a516dddff3e129e7c64c96336e4b5960cff,5880c97933683e46cba08dc3da04dfb706cdabfb,持卡人消费,硕果园（工大商店）,-5.0,19.52,3435,正常
2016/06/02 17:51:03,50191a516dddff3e129e7c64c96336e4b5960cff,5880c97933683e46cba08dc3da04dfb706cdabfb,存款,学苑楼综合业务2,100.0,119.52,3436,正常
2016/06/02 17:54:33,50191a516dddff3e129e7c64c96336e4b5960cff,5880c97933683e46cba08dc3da04dfb706cdabfb,持卡人消费,学苑楼商务网关,-8.0,111.52,3437,正常
2016/06/02 18:26:15,50191a516dddff3e129e7c64c96336e4b5960cff,5880c97933683e46cba08dc3da04dfb706cdabfb,持卡人消费,超市商务子系统,-0.5,111.02,3438,正常
2016/06/02 19:17:44,50191a516dddff3e129e7c64c96336e4b5960cff,5880c97933683e46cba08dc3da04dfb706cdabfb,持卡人消费,15公寓浴池,-2.0,109.02,3439,正常
2016/06/02 19:23:36,50191a516dddff3e129e7c64c96336e4b5960cff,5880c97933683e46cba08dc3da04dfb706cdabfb,持卡人消费,15公寓浴池,-1.06,107.96,3441,正常
2016/06/03 12:38:07,50191a516dddff3e129e7c64c96336e4b5960cff,5880c97933683e46cba08dc3da04dfb706cdabfb,持卡人消费,学子便利店A01后楼,-2.6,105.36,3442,正常
2016/06/03 17:58:55,50191a516dddff3e129e7c64c96336e4b5960cff,5880c97933683e46cba08dc3da04dfb706cdabfb,持卡人消费,硕果园（工大商店）,-16.0,89.36,3443,正常
2016/06/04 12:36:07,50191a516dddff3e129e7c64c96336e4b5960cff,5880c97933683e46cba08dc3da04dfb706cdabfb,持卡人消费,学子便利店A01后楼,-1.5,87.86,3444,正常
2016/06/05 17:49:17,50191a516dddff3e129e7c64c96336e4b5960cff,5880c97933683e46cba08dc3da04dfb706cdabfb,持卡人消费,学士楼商务网关,-9.4,78.46,3445,正常
2016/06/05 18:11:00,50191a516dddff3e129e7c64c96336e4b5960cff,5880c97933683e46cba08dc3da04dfb706cdabfb,持卡人消费,超市商务子系统,-19.5,58.96,3446,正常
2016/06/05 19:13:00,50191a516dddff3e129e7c64c96336e4b5960cff,5880c97933683e46cba08dc3da04dfb706cdabfb,持卡人消费,15公寓浴池,-2.0,56.96,3447,正常
2016/06/05 19:14:43,50191a516dddff3e129e7c64c96336e4b5960cff,5880c97933683e46cba08dc3da04dfb706cdabfb,持卡人消费,15公寓浴池,-0.32,56.64,3449,正常
2016/06/06 17:58:32,50191a516dddff3e129e7c64c96336e4b5960cff,5880c97933683e46cba08dc3da04dfb706cdabfb,持卡人消费,学子楼商务网关,-15.4,41.24,3450,正常
2016/06/07 11:42:16,50191a516dddff3e129e7c64c96336e4b5960cff,5880c97933683e46cba08dc3da04dfb706cdabfb,持卡人消费,学苑楼商务网关,-8.0,33.24,3451,正常
2016/06/07 15:38:33,50191a516dddff3e129e7c64c96336e4b5960cff,5880c97933683e46cba08dc3da04dfb706cdabfb,持卡人消费,学子便利店A01后楼,-0.3,32.94,3452,正常
2016/06/07 17:48:14,50191a516dddff3e129e7c64c96336e4b5960cff,5880c97933683e46cba08dc3da04dfb706cdabfb,存款,学苑楼综合业务3,100.0,132.94,3453,正常
2016/06/07 17:50:28,50191a516dddff3e129e7c64c96336e4b5960cff,5880c97933683e46cba08dc3da04dfb706cdabfb,持卡人消费,学苑楼商务网关,-8.8,124.14,3454,正常
2016/06/07 18:10:04,50191a516dddff3e129e7c64c96336e4b5960cff,5880c97933683e46cba08dc3da04dfb706cdabfb,持卡人消费,超市商务子系统,-4.0,120.14,3455,正常
2016/06/09 21:05:44,50191a516dddff3e129e7c64c96336e4b5960cff,5880c97933683e46cba08dc3da04dfb706cdabfb,持卡人消费,超市商务子系统,-9.5,110.64,3456,正常
2016/06/10 11:35:43,50191a516dddff3e129e7c64c96336e4b5960cff,5880c97933683e46cba08dc3da04dfb706cdabfb,持卡人消费,学士楼商务网关,-11.4,99.24,3457,正常
2016/06/10 14:56:36,50191a516dddff3e129e7c64c96336e4b5960cff,5880c97933683e46cba08dc3da04dfb706cdabfb,持卡人消费,15公寓浴池,-2.0,97.24,3458,正常
2016/06/10 15:01:24,50191a516dddff3e129e7c64c96336e4b5960cff,5880c97933683e46cba08dc3da04dfb706cdabfb,持卡人消费,15公寓浴池,-0.91,96.33,3460,正常
2016/06/11 17:47:58,50191a516dddff3e129e7c64c96336e4b5960cff,5880c97933683e46cba08dc3da04dfb706cdabfb,持卡人消费,学苑楼商务网关,-8.0,88.33,3461,正常
2016/06/12 12:04:35,50191a516dddff3e129e7c64c96336e4b5960cff,5880c97933683e46cba08dc3da04dfb706cdabfb,持卡人消费,学苑楼商务网关,-12.0,76.33,3462,正常
2016/06/12 12:05:27,50191a516dddff3e129e7c64c96336e4b5960cff,5880c97933683e46cba08dc3da04dfb706cdabfb,持卡人消费,学苑楼商务网关,-4.4,71.93,3463,正常
2016/06/12 17:26:04,50191a516dddff3e129e7c64c96336e4b5960cff,5880c97933683e46cba08dc3da04dfb706cdabfb,持卡人消费,学士楼商务网关,-11.4,60.53,3464,正常
2016/06/13 17:54:34,50191a516dddff3e129e7c64c96336e4b5960cff,5880c97933683e46cba08dc3da04dfb706cdabfb,持卡人消费,学苑楼商务网关,-13.0,47.53,3465,正常
2016/06/13 18:23:05,50191a516dddff3e129e7c64c96336e4b5960cff,5880c97933683e46cba08dc3da04dfb706cdabfb,持卡人消费,超市商务子系统,-5.5,42.03,3466,正常
2016/06/13 20:31:35,50191a516dddff3e129e7c64c96336e4b5960cff,5880c97933683e46cba08dc3da04dfb706cdabfb,持卡人消费,15公寓浴池,-0.22,41.81,3468,正常
2016/06/13 20:42:06,50191a516dddff3e129e7c64c96336e4b5960cff,5880c97933683e46cba08dc3da04dfb706cdabfb,持卡人消费,15公寓浴池,-2.0,39.81,3469,正常
2016/06/14 11:55:13,50191a516dddff3e129e7c64c96336e4b5960cff,5880c97933683e46cba08dc3da04dfb706cdabfb,持卡人消费,学苑楼商务网关,-9.0,30.81,3470,正常
2016/06/14 17:51:04,50191a516dddff3e129e7c64c96336e4b5960cff,5880c97933683e46cba08dc3da04dfb706cdabfb,持卡人消费,学士楼商务网关,-7.4,23.41,3471,正常
2016/06/14 18:10:10,50191a516dddff3e129e7c64c96336e4b5960cff,5880c97933683e46cba08dc3da04dfb706cdabfb,持卡人消费,超市商务子系统,-5.5,17.91,3472,正常
2016/06/15 10:50:22,50191a516dddff3e129e7c64c96336e4b5960cff,5880c97933683e46cba08dc3da04dfb706cdabfb,持卡人消费,学士楼商务网关,-15.4,2.51,3473,正常
2016/06/15 17:55:31,50191a516dddff3e129e7c64c96336e4b5960cff,5880c97933683e46cba08dc3da04dfb706cdabfb,存款,卡中心综合业务,100.0,102.51,3474,正常
2016/06/15 17:57:40,50191a516dddff3e129e7c64c96336e4b5960cff,5880c97933683e46cba08dc3da04dfb706cdabfb,持卡人消费,学苑楼商务网关,-8.0,94.51,3475,正常
2016/06/15 17:58:19,50191a516dddff3e129e7c64c96336e4b5960cff,5880c97933683e46cba08dc3da04dfb706cdabfb,持卡人消费,学苑楼商务网关,-2.0,92.51,3476,正常
2016/06/15 18:21:08,50191a516dddff3e129e7c64c96336e4b5960cff,5880c97933683e46cba08dc3da04dfb706cdabfb,持卡人消费,超市商务子系统,-0.2,92.31,3477,正常
2016/06/15 18:23:08,50191a516dddff3e129e7c64c96336e4b5960cff,5880c97933683e46cba08dc3da04dfb706cdabfb,持卡人消费,超市商务子系统,-10.1,82.21,3478,正常
2016/06/15 19:09:53,50191a516dddff3e129e7c64c96336e4b5960cff,5880c97933683e46cba08dc3da04dfb706cdabfb,持卡人消费,15公寓浴池,-2.0,80.21,3479,正常
2016/06/15 19:17:02,50191a516dddff3e129e7c64c96336e4b5960cff,5880c97933683e46cba08dc3da04dfb706cdabfb,持卡人消费,15公寓浴池,-1.34,78.87,3481,正常
2016/06/15 19:28:42,50191a516dddff3e129e7c64c96336e4b5960cff,5880c97933683e46cba08dc3da04dfb706cdabfb,持卡人消费,学子便利店A01后楼,-2.7,76.17,3482,正常
2016/06/16 12:30:59,50191a516dddff3e129e7c64c96336e4b5960cff,5880c97933683e46cba08dc3da04dfb706cdabfb,持卡人消费,A1,-4.6,71.57,3483,正常
2016/06/16 12:31:30,50191a516dddff3e129e7c64c96336e4b5960cff,5880c97933683e46cba08dc3da04dfb706cdabfb,持卡人消费,A1,-2.3,69.27,3484,正常
2016/06/16 21:39:34,50191a516dddff3e129e7c64c96336e4b5960cff,5880c97933683e46cba08dc3da04dfb706cdabfb,持卡人消费,学子便利店A01后楼,-7.0,62.27,3485,正常
2016/06/17 11:58:40,50191a516dddff3e129e7c64c96336e4b5960cff,5880c97933683e46cba08dc3da04dfb706cdabfb,持卡人消费,学苑楼商务网关,-14.0,48.27,3486,正常
2016/06/17 12:00:28,50191a516dddff3e129e7c64c96336e4b5960cff,5880c97933683e46cba08dc3da04dfb706cdabfb,持卡人消费,学苑楼商务网关,-3.0,45.27,3487,正常
2016/06/17 17:38:40,50191a516dddff3e129e7c64c96336e4b5960cff,5880c97933683e46cba08dc3da04dfb706cdabfb,持卡人消费,学苑楼商务网关,-8.0,37.27,3488,正常
2016/06/17 17:41:25,50191a516dddff3e129e7c64c96336e4b5960cff,5880c97933683e46cba08dc3da04dfb706cdabfb,持卡人消费,学苑楼商务网关,-3.0,34.27,3489,正常
2016/06/18 12:07:54,50191a516dddff3e129e7c64c96336e4b5960cff,5880c97933683e46cba08dc3da04dfb706cdabfb,持卡人消费,学苑楼商务网关,-7.5,26.77,3490,正常
2016/06/19 11:50:15,50191a516dddff3e129e7c64c96336e4b5960cff,5880c97933683e46cba08dc3da04dfb706cdabfb,持卡人消费,硕果园（工大商店）,-16.0,10.77,3491,正常
2016/06/19 17:42:30,50191a516dddff3e129e7c64c96336e4b5960cff,5880c97933683e46cba08dc3da04dfb706cdabfb,存款,卡中心综合业务,100.0,110.77,3492,正常
2016/06/19 17:46:26,50191a516dddff3e129e7c64c96336e4b5960cff,5880c97933683e46cba08dc3da04dfb706cdabfb,持卡人消费,学苑楼商务网关,-2.0,108.77,3493,正常
2016/06/19 17:48:03,50191a516dddff3e129e7c64c96336e4b5960cff,5880c97933683e46cba08dc3da04dfb706cdabfb,持卡人消费,学苑楼商务网关,-8.0,100.77,3494,正常
2016/06/19 18:17:03,50191a516dddff3e129e7c64c96336e4b5960cff,5880c97933683e46cba08dc3da04dfb706cdabfb,持卡人消费,超市商务子系统,-5.5,95.27,3495,正常
2016/06/19 20:12:47,50191a516dddff3e129e7c64c96336e4b5960cff,5880c97933683e46cba08dc3da04dfb706cdabfb,持卡人消费,15公寓浴池,-0.02,95.25,3497,正常
2016/06/19 20:12:58,50191a516dddff3e129e7c64c96336e4b5960cff,5880c97933683e46cba08dc3da04dfb706cdabfb,持卡人消费,15公寓浴池,-0.02,95.23,3499,正常
2016/06/19 20:23:28,50191a516dddff3e129e7c64c96336e4b5960cff,5880c97933683e46cba08dc3da04dfb706cdabfb,持卡人消费,15公寓浴池,-2.0,93.23,3500,正常
2016/06/19 20:30:15,50191a516dddff3e129e7c64c96336e4b5960cff,5880c97933683e46cba08dc3da04dfb706cdabfb,持卡人消费,15公寓浴池,-1.28,91.95,3502,正常
2016/06/20 17:15:48,50191a516dddff3e129e7c64c96336e4b5960cff,5880c97933683e46cba08dc3da04dfb706cdabfb,持卡人消费,学苑楼商务网关,-9.0,82.95,3503,正常
2016/06/20 21:32:42,50191a516dddff3e129e7c64c96336e4b5960cff,5880c97933683e46cba08dc3da04dfb706cdabfb,持卡人消费,学子便利店A01后楼,-3.1,79.85,3504,正常
2016/06/21 11:36:02,50191a516dddff3e129e7c64c96336e4b5960cff,5880c97933683e46cba08dc3da04dfb706cdabfb,持卡人消费,学子便利店A01后楼,-3.5,76.35,3505,正常
2016/06/21 20:22:13,50191a516dddff3e129e7c64c96336e4b5960cff,5880c97933683e46cba08dc3da04dfb706cdabfb,持卡人消费,15公寓浴池,-0.02,76.33,3507,正常
2016/06/21 20:32:42,50191a516dddff3e129e7c64c96336e4b5960cff,5880c97933683e46cba08dc3da04dfb706cdabfb,持卡人消费,15公寓浴池,-2.0,74.33,3508,正常
2016/06/21 20:36:39,50191a516dddff3e129e7c64c96336e4b5960cff,5880c97933683e46cba08dc3da04dfb706cdabfb,持卡人消费,15公寓浴池,-0.53,73.80,3510,正常
2016/06/21 20:44:16,50191a516dddff3e129e7c64c96336e4b5960cff,5880c97933683e46cba08dc3da04dfb706cdabfb,持卡人消费,学子便利店A01后楼,-2.6,71.20,3511,正常
2016/06/22 12:20:58,50191a516dddff3e129e7c64c96336e4b5960cff,5880c97933683e46cba08dc3da04dfb706cdabfb,持卡人消费,学苑楼商务网关,-8.0,63.20,3512,正常
2016/06/22 12:21:17,50191a516dddff3e129e7c64c96336e4b5960cff,5880c97933683e46cba08dc3da04dfb706cdabfb,持卡人消费,学苑楼商务网关,-4.0,59.20,3513,正常
2016/06/22 12:21:57,50191a516dddff3e129e7c64c96336e4b5960cff,5880c97933683e46cba08dc3da04dfb706cdabfb,持卡人消费,学苑楼商务网关,-17.6,41.60,3514,正常
2016/06/22 12:52:38,50191a516dddff3e129e7c64c96336e4b5960cff,5880c97933683e46cba08dc3da04dfb706cdabfb,持卡人消费,超市商务子系统,-3.3,38.30,3515,正常
2016/06/22 18:16:38,50191a516dddff3e129e7c64c96336e4b5960cff,5880c97933683e46cba08dc3da04dfb706cdabfb,持卡人消费,硕果园（工大商店）,-16.0,22.30,3516,正常
2016/06/23 11:25:13,50191a516dddff3e129e7c64c96336e4b5960cff,5880c97933683e46cba08dc3da04dfb706cdabfb,持卡人消费,硕果园（工大商店）,-16.0,6.30,3517,正常
2016/06/23 18:38:26,50191a516dddff3e129e7c64c96336e4b5960cff,5880c97933683e46cba08dc3da04dfb706cdabfb,持卡人消费,15公寓浴池,-2.0,4.30,3518,正常
2016/06/23 18:41:42,50191a516dddff3e129e7c64c96336e4b5960cff,5880c97933683e46cba08dc3da04dfb706cdabfb,持卡人消费,15公寓浴池,-0.5,3.80,3520,正常
2016/06/23 18:54:57,50191a516dddff3e129e7c64c96336e4b5960cff,5880c97933683e46cba08dc3da04dfb706cdabfb,持卡人消费,学子便利店A01后楼,-3.4,0.40,3521,正常
2016/06/24 18:18:14,50191a516dddff3e129e7c64c96336e4b5960cff,5880c97933683e46cba08dc3da04dfb706cdabfb,持卡人消费,学子便利店A01后楼,-0.1,0.30,3522,正常
2016/06/25 11:56:12,50191a516dddff3e129e7c64c96336e4b5960cff,5880c97933683e46cba08dc3da04dfb706cdabfb,存款,卡中心综合业务,100.0,100.30,3523,正常
2016/06/25 11:59:45,50191a516dddff3e129e7c64c96336e4b5960cff,5880c97933683e46cba08dc3da04dfb706cdabfb,持卡人消费,学苑楼商务网关,-8.0,92.30,3524,正常
2016/06/25 12:22:04,50191a516dddff3e129e7c64c96336e4b5960cff,5880c97933683e46cba08dc3da04dfb706cdabfb,持卡人消费,超市商务子系统,-6.8,85.50,3525,正常
2016/06/25 17:51:15,50191a516dddff3e129e7c64c96336e4b5960cff,5880c97933683e46cba08dc3da04dfb706cdabfb,持卡人消费,学士楼商务网关,-8.9,76.60,3526,正常
2016/06/25 18:12:02,50191a516dddff3e129e7c64c96336e4b5960cff,5880c97933683e46cba08dc3da04dfb706cdabfb,持卡人消费,学子便利店A01后楼,-2.0,74.60,3527,正常
2016/06/25 20:21:41,50191a516dddff3e129e7c64c96336e4b5960cff,5880c97933683e46cba08dc3da04dfb706cdabfb,持卡人消费,15公寓浴池,-0.02,74.58,3529,正常
2016/06/25 20:30:12,50191a516dddff3e129e7c64c96336e4b5960cff,5880c97933683e46cba08dc3da04dfb706cdabfb,持卡人消费,15公寓浴池,-1.62,72.96,3531,正常
2016/06/27 16:58:27,50191a516dddff3e129e7c64c96336e4b5960cff,5880c97933683e46cba08dc3da04dfb706cdabfb,持卡人消费,学子便利店A01后楼,-4.0,68.96,3532,正常
2016/06/27 19:05:28,50191a516dddff3e129e7c64c96336e4b5960cff,5880c97933683e46cba08dc3da04dfb706cdabfb,持卡人消费,学子便利店A01后楼,-4.0,64.96,3533,正常
2016/06/28 11:47:22,50191a516dddff3e129e7c64c96336e4b5960cff,5880c97933683e46cba08dc3da04dfb706cdabfb,持卡人消费,学士楼商务网关,-11.6,53.36,3534,正常
2016/06/28 11:48:42,50191a516dddff3e129e7c64c96336e4b5960cff,5880c97933683e46cba08dc3da04dfb706cdabfb,持卡人消费,学士楼商务网关,-3.5,49.86,3535,正常
2016/06/28 16:59:40,50191a516dddff3e129e7c64c96336e4b5960cff,5880c97933683e46cba08dc3da04dfb706cdabfb,持卡人消费,15公寓浴池,-2.0,47.86,3536,正常
2016/06/28 17:05:39,50191a516dddff3e129e7c64c96336e4b5960cff,5880c97933683e46cba08dc3da04dfb706cdabfb,持卡人消费,15公寓浴池,-1.12,46.74,3538,正常
2016/06/28 17:41:49,50191a516dddff3e129e7c64c96336e4b5960cff,5880c97933683e46cba08dc3da04dfb706cdabfb,持卡人消费,学苑楼商务网关,-8.0,38.74,3539,正常
2016/06/28 18:08:06,50191a516dddff3e129e7c64c96336e4b5960cff,5880c97933683e46cba08dc3da04dfb706cdabfb,持卡人消费,超市商务子系统,-4.0,34.74,3540,正常
2016/06/28 21:31:17,50191a516dddff3e129e7c64c96336e4b5960cff,5880c97933683e46cba08dc3da04dfb706cdabfb,持卡人消费,学子便利店A01后楼,-19.7,15.04,3541,正常
2016/06/29 08:15:10,50191a516dddff3e129e7c64c96336e4b5960cff,5880c97933683e46cba08dc3da04dfb706cdabfb,持卡人消费,一区图书馆BPOS,-1.5,13.54,3542,正常
2016/06/29 08:19:13,50191a516dddff3e129e7c64c96336e4b5960cff,5880c97933683e46cba08dc3da04dfb706cdabfb,持卡人消费,超市商务子系统,-6.0,7.54,3543,正常
2016/06/29 14:36:16,50191a516dddff3e129e7c64c96336e4b5960cff,5880c97933683e46cba08dc3da04dfb706cdabfb,持卡人消费,学子便利店A01后楼,-0.6,6.94,3544,正常
2016/06/29 19:16:34,50191a516dddff3e129e7c64c96336e4b5960cff,5880c97933683e46cba08dc3da04dfb706cdabfb,持卡人消费,学子便利店A01后楼,-4.0,2.94,3545,正常
2016/06/30 12:08:25,50191a516dddff3e129e7c64c96336e4b5960cff,5880c97933683e46cba08dc3da04dfb706cdabfb,存款,学苑楼综合业务2,100.0,102.94,3546,正常
2016/06/30 12:12:34,50191a516dddff3e129e7c64c96336e4b5960cff,5880c97933683e46cba08dc3da04dfb706cdabfb,持卡人消费,学苑楼商务网关,-7.0,95.94,3547,正常
2016/06/30 12:32:21,50191a516dddff3e129e7c64c96336e4b5960cff,5880c97933683e46cba08dc3da04dfb706cdabfb,持卡人消费,超市商务子系统,-4.0,91.94,3548,正常
