交易发生时间,学号,姓名,交易类型,子系统名称,交易额,现有余额,次数,状态
2016/06/01 10:35:04,d411a5a85deb36bd0f394613456d708832e77721,58bc4ee414d55194424e4c746cd8565dcacde9ab,存款,现金充值机,100.0,103.10,3138,正常
2016/06/01 11:00:18,d411a5a85deb36bd0f394613456d708832e77721,58bc4ee414d55194424e4c746cd8565dcacde9ab,持卡人消费,学士楼商务网关,-6.3,96.80,3139,正常
2016/06/01 11:02:52,d411a5a85deb36bd0f394613456d708832e77721,58bc4ee414d55194424e4c746cd8565dcacde9ab,持卡人消费,学士楼商务网关,-5.0,91.80,3140,正常
2016/06/03 11:41:48,d411a5a85deb36bd0f394613456d708832e77721,58bc4ee414d55194424e4c746cd8565dcacde9ab,持卡人消费,学士楼商务网关,-7.5,84.30,3141,正常
2016/06/03 11:44:53,d411a5a85deb36bd0f394613456d708832e77721,58bc4ee414d55194424e4c746cd8565dcacde9ab,持卡人消费,学士楼商务网关,-5.0,79.30,3142,正常
2016/06/04 11:29:23,d411a5a85deb36bd0f394613456d708832e77721,58bc4ee414d55194424e4c746cd8565dcacde9ab,持卡人消费,学士楼商务网关,-5.4,73.90,3143,正常
2016/06/04 11:31:41,d411a5a85deb36bd0f394613456d708832e77721,58bc4ee414d55194424e4c746cd8565dcacde9ab,持卡人消费,学士楼商务网关,-5.0,68.90,3144,正常
2016/06/04 17:11:42,d411a5a85deb36bd0f394613456d708832e77721,58bc4ee414d55194424e4c746cd8565dcacde9ab,持卡人消费,学士楼商务网关,-2.5,66.40,3145,正常
2016/06/04 17:13:55,d411a5a85deb36bd0f394613456d708832e77721,58bc4ee414d55194424e4c746cd8565dcacde9ab,持卡人消费,学士楼商务网关,-4.0,62.40,3146,正常
2016/06/04 20:34:07,d411a5a85deb36bd0f394613456d708832e77721,58bc4ee414d55194424e4c746cd8565dcacde9ab,持卡人消费,超市商务子系统,-3.9,58.50,3147,正常
2016/06/05 10:59:00,d411a5a85deb36bd0f394613456d708832e77721,58bc4ee414d55194424e4c746cd8565dcacde9ab,持卡人消费,学士楼商务网关,-8.7,49.80,3148,正常
2016/06/05 11:00:50,d411a5a85deb36bd0f394613456d708832e77721,58bc4ee414d55194424e4c746cd8565dcacde9ab,持卡人消费,学士楼商务网关,-3.5,46.30,3149,正常
2016/06/05 18:09:55,d411a5a85deb36bd0f394613456d708832e77721,58bc4ee414d55194424e4c746cd8565dcacde9ab,持卡人消费,硕果园（工大商店）,-12.0,34.30,3150,正常
2016/06/05 18:11:57,d411a5a85deb36bd0f394613456d708832e77721,58bc4ee414d55194424e4c746cd8565dcacde9ab,持卡人消费,硕果园（工大商店）,-3.0,31.30,3151,正常
2016/06/05 18:32:34,d411a5a85deb36bd0f394613456d708832e77721,58bc4ee414d55194424e4c746cd8565dcacde9ab,持卡人消费,硕果园（工大商店）,-6.0,25.30,3152,正常
2016/06/06 11:34:34,d411a5a85deb36bd0f394613456d708832e77721,58bc4ee414d55194424e4c746cd8565dcacde9ab,持卡人消费,学苑楼商务网关,-8.8,16.50,3153,正常
2016/06/06 16:51:24,d411a5a85deb36bd0f394613456d708832e77721,58bc4ee414d55194424e4c746cd8565dcacde9ab,持卡人消费,学士楼商务网关,-6.0,10.50,3154,正常
2016/06/06 16:54:06,d411a5a85deb36bd0f394613456d708832e77721,58bc4ee414d55194424e4c746cd8565dcacde9ab,持卡人消费,学士楼商务网关,-4.0,6.50,3155,正常
2016/06/07 13:02:39,d411a5a85deb36bd0f394613456d708832e77721,58bc4ee414d55194424e4c746cd8565dcacde9ab,存款,现金充值机,100.0,106.50,3156,正常
2016/06/07 16:19:26,d411a5a85deb36bd0f394613456d708832e77721,58bc4ee414d55194424e4c746cd8565dcacde9ab,持卡人消费,硕果园（工大商店）,-9.0,97.50,3157,正常
2016/06/07 16:20:14,d411a5a85deb36bd0f394613456d708832e77721,58bc4ee414d55194424e4c746cd8565dcacde9ab,持卡人消费,硕果园（工大商店）,-1.5,96.00,3158,正常
2016/06/08 19:45:20,d411a5a85deb36bd0f394613456d708832e77721,58bc4ee414d55194424e4c746cd8565dcacde9ab,持卡人消费,硕果园（工大商店）,-11.0,85.00,3159,正常
2016/06/08 19:45:43,d411a5a85deb36bd0f394613456d708832e77721,58bc4ee414d55194424e4c746cd8565dcacde9ab,持卡人消费,硕果园（工大商店）,-9.0,76.00,3160,正常
2016/06/08 19:47:24,d411a5a85deb36bd0f394613456d708832e77721,58bc4ee414d55194424e4c746cd8565dcacde9ab,持卡人消费,硕果园（工大商店）,-4.0,72.00,3161,正常
2016/06/09 04:49:33,d411a5a85deb36bd0f394613456d708832e77721,58bc4ee414d55194424e4c746cd8565dcacde9ab,持卡人消费,学士楼商务网关,-5.7,66.30,3162,正常
2016/06/09 17:53:16,d411a5a85deb36bd0f394613456d708832e77721,58bc4ee414d55194424e4c746cd8565dcacde9ab,持卡人消费,学士楼商务网关,-5.8,60.50,3163,正常
2016/06/11 10:45:35,d411a5a85deb36bd0f394613456d708832e77721,58bc4ee414d55194424e4c746cd8565dcacde9ab,持卡人消费,硕果园（工大商店）,-12.0,48.50,3164,正常
2016/06/11 10:46:34,d411a5a85deb36bd0f394613456d708832e77721,58bc4ee414d55194424e4c746cd8565dcacde9ab,持卡人消费,硕果园（工大商店）,-4.0,44.50,3165,正常
2016/06/11 10:49:27,d411a5a85deb36bd0f394613456d708832e77721,58bc4ee414d55194424e4c746cd8565dcacde9ab,持卡人消费,硕果园（工大商店）,-4.5,40.00,3166,正常
2016/06/12 16:43:50,d411a5a85deb36bd0f394613456d708832e77721,58bc4ee414d55194424e4c746cd8565dcacde9ab,持卡人消费,硕果园（工大商店）,-10.0,30.00,3167,正常
2016/06/12 16:44:29,d411a5a85deb36bd0f394613456d708832e77721,58bc4ee414d55194424e4c746cd8565dcacde9ab,持卡人消费,硕果园（工大商店）,-6.0,24.00,3168,正常
2016/06/12 16:49:03,d411a5a85deb36bd0f394613456d708832e77721,58bc4ee414d55194424e4c746cd8565dcacde9ab,持卡人消费,硕果园（工大商店）,-4.0,20.00,3169,正常
2016/06/13 11:26:06,d411a5a85deb36bd0f394613456d708832e77721,58bc4ee414d55194424e4c746cd8565dcacde9ab,持卡人消费,学士楼商务网关,-6.6,13.40,3170,正常
2016/06/13 11:29:00,d411a5a85deb36bd0f394613456d708832e77721,58bc4ee414d55194424e4c746cd8565dcacde9ab,持卡人消费,学士楼商务网关,-4.5,8.90,3171,正常
2016/06/14 12:01:22,d411a5a85deb36bd0f394613456d708832e77721,58bc4ee414d55194424e4c746cd8565dcacde9ab,存款,现金充值机,100.0,108.90,3172,正常
2016/06/14 18:19:09,d411a5a85deb36bd0f394613456d708832e77721,58bc4ee414d55194424e4c746cd8565dcacde9ab,持卡人消费,硕果园（工大商店）,-19.0,89.90,3173,正常
2016/06/15 11:24:49,d411a5a85deb36bd0f394613456d708832e77721,58bc4ee414d55194424e4c746cd8565dcacde9ab,持卡人消费,学士楼商务网关,-7.1,82.80,3174,正常
2016/06/15 13:38:51,d411a5a85deb36bd0f394613456d708832e77721,58bc4ee414d55194424e4c746cd8565dcacde9ab,持卡人消费,一区图书馆BPOS,-4.65,78.15,3175,正常
2016/06/15 15:01:04,d411a5a85deb36bd0f394613456d708832e77721,58bc4ee414d55194424e4c746cd8565dcacde9ab,持卡人消费,身份前置机,-1.31,76.84,3176,正常
2016/06/15 15:07:51,d411a5a85deb36bd0f394613456d708832e77721,58bc4ee414d55194424e4c746cd8565dcacde9ab,持卡人消费,超市商务子系统,-5.0,71.84,3177,正常
2016/06/16 11:23:09,d411a5a85deb36bd0f394613456d708832e77721,58bc4ee414d55194424e4c746cd8565dcacde9ab,持卡人消费,学士楼商务网关,-5.4,66.44,3178,正常
2016/06/16 11:25:25,d411a5a85deb36bd0f394613456d708832e77721,58bc4ee414d55194424e4c746cd8565dcacde9ab,持卡人消费,学士楼商务网关,-3.5,62.94,3179,正常
2016/06/16 17:04:58,d411a5a85deb36bd0f394613456d708832e77721,58bc4ee414d55194424e4c746cd8565dcacde9ab,持卡人消费,硕果园（工大商店）,-12.0,50.94,3180,正常
2016/06/16 17:06:50,d411a5a85deb36bd0f394613456d708832e77721,58bc4ee414d55194424e4c746cd8565dcacde9ab,持卡人消费,硕果园（工大商店）,-9.9,41.04,3181,正常
2016/06/16 17:08:28,d411a5a85deb36bd0f394613456d708832e77721,58bc4ee414d55194424e4c746cd8565dcacde9ab,持卡人消费,硕果园（工大商店）,-3.0,38.04,3182,正常
2016/06/16 18:00:10,d411a5a85deb36bd0f394613456d708832e77721,58bc4ee414d55194424e4c746cd8565dcacde9ab,持卡人消费,超市商务子系统,-4.5,33.54,3183,正常
2016/06/17 12:31:09,d411a5a85deb36bd0f394613456d708832e77721,58bc4ee414d55194424e4c746cd8565dcacde9ab,持卡人消费,硕果园（工大商店）,-12.0,21.54,3184,正常
2016/06/18 12:51:43,d411a5a85deb36bd0f394613456d708832e77721,58bc4ee414d55194424e4c746cd8565dcacde9ab,持卡人消费,硕果园（工大商店）,-12.0,9.54,3185,正常
2016/06/18 12:52:58,d411a5a85deb36bd0f394613456d708832e77721,58bc4ee414d55194424e4c746cd8565dcacde9ab,持卡人消费,硕果园（工大商店）,-7.0,2.54,3186,正常
