交易发生时间,学号,姓名,交易类型,子系统名称,交易额,现有余额,次数,状态
2016/06/01 08:46:17,424d6ef8ee5ae6c3edd2d0be07521ee5fc229f91,5960d5c9cd34299d083220ebc82f872361698ead,持卡人消费,超市商务子系统,-3.0,70.08,5297,正常
2016/06/01 11:55:41,424d6ef8ee5ae6c3edd2d0be07521ee5fc229f91,5960d5c9cd34299d083220ebc82f872361698ead,持卡人消费,南苑网关,-0.2,69.88,5298,正常
2016/06/01 11:55:57,424d6ef8ee5ae6c3edd2d0be07521ee5fc229f91,5960d5c9cd34299d083220ebc82f872361698ead,持卡人消费,南苑网关,-7.2,62.68,5299,正常
2016/06/01 17:07:13,424d6ef8ee5ae6c3edd2d0be07521ee5fc229f91,5960d5c9cd34299d083220ebc82f872361698ead,持卡人消费,南苑网关,-0.2,62.48,5300,正常
2016/06/01 17:07:29,424d6ef8ee5ae6c3edd2d0be07521ee5fc229f91,5960d5c9cd34299d083220ebc82f872361698ead,持卡人消费,南苑网关,-13.2,49.28,5301,正常
2016/06/01 17:28:43,424d6ef8ee5ae6c3edd2d0be07521ee5fc229f91,5960d5c9cd34299d083220ebc82f872361698ead,持卡人消费,南苑网关,-8.16,41.12,5302,正常
2016/06/01 21:00:31,424d6ef8ee5ae6c3edd2d0be07521ee5fc229f91,5960d5c9cd34299d083220ebc82f872361698ead,持卡人消费,超市商务子系统,-1.0,40.12,5303,正常
2016/06/01 21:02:24,424d6ef8ee5ae6c3edd2d0be07521ee5fc229f91,5960d5c9cd34299d083220ebc82f872361698ead,持卡人消费,超市商务子系统,-6.0,34.12,5304,正常
2016/06/01 21:02:31,424d6ef8ee5ae6c3edd2d0be07521ee5fc229f91,5960d5c9cd34299d083220ebc82f872361698ead,持卡人消费,超市商务子系统,-0.2,33.92,5305,正常
2016/06/02 08:15:31,424d6ef8ee5ae6c3edd2d0be07521ee5fc229f91,5960d5c9cd34299d083220ebc82f872361698ead,持卡人消费,超市商务子系统,-3.0,30.92,5306,正常
2016/06/02 11:41:00,424d6ef8ee5ae6c3edd2d0be07521ee5fc229f91,5960d5c9cd34299d083220ebc82f872361698ead,持卡人消费,南苑网关,-14.88,16.04,5307,正常
2016/06/02 11:52:28,424d6ef8ee5ae6c3edd2d0be07521ee5fc229f91,5960d5c9cd34299d083220ebc82f872361698ead,持卡人消费,南苑网关,-0.2,15.84,5308,正常
2016/06/02 11:52:38,424d6ef8ee5ae6c3edd2d0be07521ee5fc229f91,5960d5c9cd34299d083220ebc82f872361698ead,持卡人消费,南苑网关,-8.16,7.68,5309,正常
2016/06/02 16:28:17,424d6ef8ee5ae6c3edd2d0be07521ee5fc229f91,5960d5c9cd34299d083220ebc82f872361698ead,存款,现金充值机,30.0,37.68,5310,正常
2016/06/02 17:10:41,424d6ef8ee5ae6c3edd2d0be07521ee5fc229f91,5960d5c9cd34299d083220ebc82f872361698ead,持卡人消费,学苑楼商务网关,-1.5,36.18,5311,正常
2016/06/02 17:11:13,424d6ef8ee5ae6c3edd2d0be07521ee5fc229f91,5960d5c9cd34299d083220ebc82f872361698ead,持卡人消费,学苑楼商务网关,-1.9,34.28,5312,正常
2016/06/02 17:11:56,424d6ef8ee5ae6c3edd2d0be07521ee5fc229f91,5960d5c9cd34299d083220ebc82f872361698ead,持卡人消费,学苑楼商务网关,-4.3,29.98,5313,正常
2016/06/02 17:21:26,424d6ef8ee5ae6c3edd2d0be07521ee5fc229f91,5960d5c9cd34299d083220ebc82f872361698ead,持卡人消费,学苑楼商务网关,-1.5,28.48,5314,正常
2016/06/02 17:23:03,424d6ef8ee5ae6c3edd2d0be07521ee5fc229f91,5960d5c9cd34299d083220ebc82f872361698ead,持卡人消费,学苑楼商务网关,-1.0,27.48,5315,正常
2016/06/02 17:33:52,424d6ef8ee5ae6c3edd2d0be07521ee5fc229f91,5960d5c9cd34299d083220ebc82f872361698ead,持卡人消费,学苑楼商务网关,-0.6,26.88,5316,正常
2016/06/02 19:29:35,424d6ef8ee5ae6c3edd2d0be07521ee5fc229f91,5960d5c9cd34299d083220ebc82f872361698ead,持卡人消费,15公寓浴池,-0.82,26.06,5318,正常
2016/06/02 19:40:27,424d6ef8ee5ae6c3edd2d0be07521ee5fc229f91,5960d5c9cd34299d083220ebc82f872361698ead,持卡人消费,15公寓浴池,-2.0,24.06,5319,正常
2016/06/02 19:50:58,424d6ef8ee5ae6c3edd2d0be07521ee5fc229f91,5960d5c9cd34299d083220ebc82f872361698ead,持卡人消费,15公寓浴池,-2.0,22.06,5320,正常
2016/06/02 20:02:18,424d6ef8ee5ae6c3edd2d0be07521ee5fc229f91,5960d5c9cd34299d083220ebc82f872361698ead,持卡人消费,15公寓浴池,-2.0,20.06,5321,正常
2016/06/02 20:09:51,424d6ef8ee5ae6c3edd2d0be07521ee5fc229f91,5960d5c9cd34299d083220ebc82f872361698ead,持卡人消费,15公寓浴池,-1.41,18.65,5323,正常
2016/06/02 20:23:24,424d6ef8ee5ae6c3edd2d0be07521ee5fc229f91,5960d5c9cd34299d083220ebc82f872361698ead,持卡人消费,15公寓浴池,-2.0,16.65,5324,正常
2016/06/02 20:27:09,424d6ef8ee5ae6c3edd2d0be07521ee5fc229f91,5960d5c9cd34299d083220ebc82f872361698ead,持卡人消费,15公寓浴池,-0.69,15.96,5326,正常
2016/06/03 09:37:32,424d6ef8ee5ae6c3edd2d0be07521ee5fc229f91,5960d5c9cd34299d083220ebc82f872361698ead,持卡人消费,超市商务子系统,-3.0,12.96,5327,正常
2016/06/03 12:37:18,424d6ef8ee5ae6c3edd2d0be07521ee5fc229f91,5960d5c9cd34299d083220ebc82f872361698ead,持卡人消费,学士楼商务网关,-5.6,7.36,5328,正常
2016/06/03 12:37:49,424d6ef8ee5ae6c3edd2d0be07521ee5fc229f91,5960d5c9cd34299d083220ebc82f872361698ead,持卡人消费,学士楼商务网关,-1.2,6.16,5329,正常
2016/06/03 12:47:12,424d6ef8ee5ae6c3edd2d0be07521ee5fc229f91,5960d5c9cd34299d083220ebc82f872361698ead,持卡人消费,学士楼商务网关,-0.5,5.66,5330,正常
2016/06/03 17:18:38,424d6ef8ee5ae6c3edd2d0be07521ee5fc229f91,5960d5c9cd34299d083220ebc82f872361698ead,存款,现金充值机,10.0,15.66,5331,正常
2016/06/03 17:40:13,424d6ef8ee5ae6c3edd2d0be07521ee5fc229f91,5960d5c9cd34299d083220ebc82f872361698ead,持卡人消费,南苑网关,-0.2,15.46,5332,正常
2016/06/03 17:40:31,424d6ef8ee5ae6c3edd2d0be07521ee5fc229f91,5960d5c9cd34299d083220ebc82f872361698ead,持卡人消费,南苑网关,-12.24,3.22,5333,正常
2016/06/03 17:42:34,424d6ef8ee5ae6c3edd2d0be07521ee5fc229f91,5960d5c9cd34299d083220ebc82f872361698ead,持卡人消费,南苑网关,-2.6,0.62,5334,正常
2016/06/04 10:33:36,424d6ef8ee5ae6c3edd2d0be07521ee5fc229f91,5960d5c9cd34299d083220ebc82f872361698ead,存款,现金充值机,100.0,100.62,5335,正常
2016/06/04 10:58:21,424d6ef8ee5ae6c3edd2d0be07521ee5fc229f91,5960d5c9cd34299d083220ebc82f872361698ead,持卡人消费,南苑网关,-0.2,100.42,5336,正常
2016/06/04 10:58:36,424d6ef8ee5ae6c3edd2d0be07521ee5fc229f91,5960d5c9cd34299d083220ebc82f872361698ead,持卡人消费,南苑网关,-12.96,87.46,5337,正常
2016/06/04 11:02:20,424d6ef8ee5ae6c3edd2d0be07521ee5fc229f91,5960d5c9cd34299d083220ebc82f872361698ead,持卡人消费,南苑网关,-8.4,79.06,5338,正常
2016/06/04 17:35:33,424d6ef8ee5ae6c3edd2d0be07521ee5fc229f91,5960d5c9cd34299d083220ebc82f872361698ead,持卡人消费,南苑网关,-0.2,78.86,5339,正常
2016/06/04 17:35:59,424d6ef8ee5ae6c3edd2d0be07521ee5fc229f91,5960d5c9cd34299d083220ebc82f872361698ead,持卡人消费,南苑网关,-9.84,69.02,5340,正常
2016/06/04 17:39:18,424d6ef8ee5ae6c3edd2d0be07521ee5fc229f91,5960d5c9cd34299d083220ebc82f872361698ead,持卡人消费,南苑网关,-6.0,63.02,5341,正常
2016/06/04 17:41:16,424d6ef8ee5ae6c3edd2d0be07521ee5fc229f91,5960d5c9cd34299d083220ebc82f872361698ead,持卡人消费,南苑网关,-1.0,62.02,5342,正常
2016/06/05 10:54:52,424d6ef8ee5ae6c3edd2d0be07521ee5fc229f91,5960d5c9cd34299d083220ebc82f872361698ead,持卡人消费,学士楼商务网关,-3.0,59.02,5343,正常
2016/06/05 10:55:00,424d6ef8ee5ae6c3edd2d0be07521ee5fc229f91,5960d5c9cd34299d083220ebc82f872361698ead,持卡人消费,学士楼商务网关,-0.1,58.92,5344,正常
2016/06/05 10:55:55,424d6ef8ee5ae6c3edd2d0be07521ee5fc229f91,5960d5c9cd34299d083220ebc82f872361698ead,持卡人消费,学士楼商务网关,-5.6,53.32,5345,正常
2016/06/05 10:56:56,424d6ef8ee5ae6c3edd2d0be07521ee5fc229f91,5960d5c9cd34299d083220ebc82f872361698ead,持卡人消费,学士楼商务网关,-1.2,52.12,5346,正常
2016/06/05 11:06:19,424d6ef8ee5ae6c3edd2d0be07521ee5fc229f91,5960d5c9cd34299d083220ebc82f872361698ead,持卡人消费,学士楼商务网关,-7.0,45.12,5347,正常
2016/06/05 11:09:03,424d6ef8ee5ae6c3edd2d0be07521ee5fc229f91,5960d5c9cd34299d083220ebc82f872361698ead,持卡人消费,学士楼商务网关,-0.5,44.62,5348,正常
2016/06/05 11:33:45,424d6ef8ee5ae6c3edd2d0be07521ee5fc229f91,5960d5c9cd34299d083220ebc82f872361698ead,持卡人消费,学士楼商务网关,-0.5,44.12,5349,正常
2016/06/05 17:40:09,424d6ef8ee5ae6c3edd2d0be07521ee5fc229f91,5960d5c9cd34299d083220ebc82f872361698ead,持卡人消费,南苑网关,-0.2,43.92,5350,正常
2016/06/05 17:40:29,424d6ef8ee5ae6c3edd2d0be07521ee5fc229f91,5960d5c9cd34299d083220ebc82f872361698ead,持卡人消费,南苑网关,-10.56,33.36,5351,正常
2016/06/05 17:40:35,424d6ef8ee5ae6c3edd2d0be07521ee5fc229f91,5960d5c9cd34299d083220ebc82f872361698ead,持卡人消费,南苑网关,-12.2,21.16,5352,正常
2016/06/06 08:20:58,424d6ef8ee5ae6c3edd2d0be07521ee5fc229f91,5960d5c9cd34299d083220ebc82f872361698ead,持卡人消费,学士楼商务网关,-4.1,17.06,5353,正常
2016/06/06 12:09:49,424d6ef8ee5ae6c3edd2d0be07521ee5fc229f91,5960d5c9cd34299d083220ebc82f872361698ead,持卡人消费,学士楼商务网关,-3.0,14.06,5354,正常
2016/06/06 12:10:10,424d6ef8ee5ae6c3edd2d0be07521ee5fc229f91,5960d5c9cd34299d083220ebc82f872361698ead,持卡人消费,学士楼商务网关,-2.6,11.46,5355,正常
2016/06/06 12:11:20,424d6ef8ee5ae6c3edd2d0be07521ee5fc229f91,5960d5c9cd34299d083220ebc82f872361698ead,持卡人消费,学士楼商务网关,-1.2,10.26,5356,正常
2016/06/06 12:12:13,424d6ef8ee5ae6c3edd2d0be07521ee5fc229f91,5960d5c9cd34299d083220ebc82f872361698ead,持卡人消费,学士楼商务网关,-2.5,7.76,5357,正常
2016/06/06 12:23:58,424d6ef8ee5ae6c3edd2d0be07521ee5fc229f91,5960d5c9cd34299d083220ebc82f872361698ead,持卡人消费,学士楼商务网关,-0.5,7.26,5358,正常
2016/06/06 12:42:13,424d6ef8ee5ae6c3edd2d0be07521ee5fc229f91,5960d5c9cd34299d083220ebc82f872361698ead,持卡人消费,学士楼商务网关,-0.5,6.76,5359,正常
2016/06/06 17:28:46,424d6ef8ee5ae6c3edd2d0be07521ee5fc229f91,5960d5c9cd34299d083220ebc82f872361698ead,持卡人消费,南苑网关,-0.2,6.56,5360,正常
2016/06/06 17:30:12,424d6ef8ee5ae6c3edd2d0be07521ee5fc229f91,5960d5c9cd34299d083220ebc82f872361698ead,持卡人消费,南苑网关,-5.08,1.48,5361,正常
2016/06/06 17:18:45,424d6ef8ee5ae6c3edd2d0be07521ee5fc229f91,5960d5c9cd34299d083220ebc82f872361698ead,存款,现金充值机,50.0,51.48,5362,正常
2016/06/06 17:37:59,424d6ef8ee5ae6c3edd2d0be07521ee5fc229f91,5960d5c9cd34299d083220ebc82f872361698ead,持卡人消费,南苑网关,-3.0,48.48,5363,正常
2016/06/06 17:41:07,424d6ef8ee5ae6c3edd2d0be07521ee5fc229f91,5960d5c9cd34299d083220ebc82f872361698ead,持卡人消费,南苑网关,-6.0,42.48,5364,正常
2016/06/07 08:30:38,424d6ef8ee5ae6c3edd2d0be07521ee5fc229f91,5960d5c9cd34299d083220ebc82f872361698ead,持卡人消费,超市商务子系统,-3.0,39.48,5365,正常
2016/06/07 11:34:19,424d6ef8ee5ae6c3edd2d0be07521ee5fc229f91,5960d5c9cd34299d083220ebc82f872361698ead,持卡人消费,南苑网关,-0.2,39.28,5366,正常
2016/06/07 11:34:41,424d6ef8ee5ae6c3edd2d0be07521ee5fc229f91,5960d5c9cd34299d083220ebc82f872361698ead,持卡人消费,南苑网关,-10.56,28.72,5367,正常
2016/06/07 11:34:59,424d6ef8ee5ae6c3edd2d0be07521ee5fc229f91,5960d5c9cd34299d083220ebc82f872361698ead,持卡人消费,南苑网关,-9.6,19.12,5368,正常
2016/06/07 11:35:08,424d6ef8ee5ae6c3edd2d0be07521ee5fc229f91,5960d5c9cd34299d083220ebc82f872361698ead,持卡人消费,南苑网关,-0.2,18.92,5369,正常
2016/06/07 17:18:55,424d6ef8ee5ae6c3edd2d0be07521ee5fc229f91,5960d5c9cd34299d083220ebc82f872361698ead,存款,现金充值机,20.0,38.92,5370,正常
2016/06/07 17:39:00,424d6ef8ee5ae6c3edd2d0be07521ee5fc229f91,5960d5c9cd34299d083220ebc82f872361698ead,持卡人消费,南苑网关,-0.2,38.72,5371,正常
2016/06/07 17:39:12,424d6ef8ee5ae6c3edd2d0be07521ee5fc229f91,5960d5c9cd34299d083220ebc82f872361698ead,持卡人消费,南苑网关,-10.08,28.64,5372,正常
2016/06/07 17:41:50,424d6ef8ee5ae6c3edd2d0be07521ee5fc229f91,5960d5c9cd34299d083220ebc82f872361698ead,持卡人消费,南苑网关,-6.0,22.64,5373,正常
2016/06/07 17:44:47,424d6ef8ee5ae6c3edd2d0be07521ee5fc229f91,5960d5c9cd34299d083220ebc82f872361698ead,持卡人消费,南苑网关,-1.0,21.64,5374,正常
2016/06/08 07:43:57,424d6ef8ee5ae6c3edd2d0be07521ee5fc229f91,5960d5c9cd34299d083220ebc82f872361698ead,持卡人消费,超市商务子系统,-2.0,19.64,5375,正常
2016/06/08 07:43:58,424d6ef8ee5ae6c3edd2d0be07521ee5fc229f91,5960d5c9cd34299d083220ebc82f872361698ead,持卡人消费,超市商务子系统,-1.0,18.64,5376,正常
2016/06/08 11:40:32,424d6ef8ee5ae6c3edd2d0be07521ee5fc229f91,5960d5c9cd34299d083220ebc82f872361698ead,持卡人消费,南苑网关,-0.2,18.44,5377,正常
2016/06/08 11:40:55,424d6ef8ee5ae6c3edd2d0be07521ee5fc229f91,5960d5c9cd34299d083220ebc82f872361698ead,持卡人消费,南苑网关,-12.0,6.44,5378,正常
2016/06/08 11:55:32,424d6ef8ee5ae6c3edd2d0be07521ee5fc229f91,5960d5c9cd34299d083220ebc82f872361698ead,持卡人消费,南苑网关,-6.0,0.44,5379,正常
2016/06/09 13:40:50,424d6ef8ee5ae6c3edd2d0be07521ee5fc229f91,5960d5c9cd34299d083220ebc82f872361698ead,存款,卡中心综合业务,50.0,50.44,5380,正常
2016/06/09 13:41:02,424d6ef8ee5ae6c3edd2d0be07521ee5fc229f91,5960d5c9cd34299d083220ebc82f872361698ead,扣款,卡中心综合业务,-6.0,50.44,5380,正常
2016/06/09 13:46:06,424d6ef8ee5ae6c3edd2d0be07521ee5fc229f91,5960d5c9cd34299d083220ebc82f872361698ead,持卡人消费,硕果园（工大商店）,-4.7,39.74,5382,正常
2016/06/09 17:52:26,424d6ef8ee5ae6c3edd2d0be07521ee5fc229f91,5960d5c9cd34299d083220ebc82f872361698ead,持卡人消费,学士楼商务网关,-5.6,34.14,5383,正常
2016/06/09 17:53:20,424d6ef8ee5ae6c3edd2d0be07521ee5fc229f91,5960d5c9cd34299d083220ebc82f872361698ead,持卡人消费,学士楼商务网关,-2.3,31.84,5384,正常
2016/06/09 17:54:16,424d6ef8ee5ae6c3edd2d0be07521ee5fc229f91,5960d5c9cd34299d083220ebc82f872361698ead,持卡人消费,学士楼商务网关,-5.6,26.24,5385,正常
2016/06/09 17:56:58,424d6ef8ee5ae6c3edd2d0be07521ee5fc229f91,5960d5c9cd34299d083220ebc82f872361698ead,持卡人消费,学士楼商务网关,-0.6,25.64,5386,正常
2016/06/09 18:04:04,424d6ef8ee5ae6c3edd2d0be07521ee5fc229f91,5960d5c9cd34299d083220ebc82f872361698ead,持卡人消费,学士楼商务网关,-2.5,23.14,5387,正常
2016/06/09 18:09:14,424d6ef8ee5ae6c3edd2d0be07521ee5fc229f91,5960d5c9cd34299d083220ebc82f872361698ead,持卡人消费,学士楼商务网关,-0.2,22.94,5388,正常
2016/06/09 18:50:20,424d6ef8ee5ae6c3edd2d0be07521ee5fc229f91,5960d5c9cd34299d083220ebc82f872361698ead,持卡人消费,学士楼商务网关,-0.5,22.44,5389,正常
2016/06/09 18:57:03,424d6ef8ee5ae6c3edd2d0be07521ee5fc229f91,5960d5c9cd34299d083220ebc82f872361698ead,持卡人消费,学士楼商务网关,-3.4,19.04,5390,正常
2016/06/10 10:52:15,424d6ef8ee5ae6c3edd2d0be07521ee5fc229f91,5960d5c9cd34299d083220ebc82f872361698ead,持卡人消费,学士楼商务网关,-5.6,13.44,5391,正常
2016/06/10 10:52:54,424d6ef8ee5ae6c3edd2d0be07521ee5fc229f91,5960d5c9cd34299d083220ebc82f872361698ead,持卡人消费,学士楼商务网关,-0.6,12.84,5392,正常
2016/06/10 10:53:34,424d6ef8ee5ae6c3edd2d0be07521ee5fc229f91,5960d5c9cd34299d083220ebc82f872361698ead,持卡人消费,学士楼商务网关,-2.0,10.84,5393,正常
2016/06/10 11:03:11,424d6ef8ee5ae6c3edd2d0be07521ee5fc229f91,5960d5c9cd34299d083220ebc82f872361698ead,持卡人消费,学士楼商务网关,-0.7,10.14,5394,正常
2016/06/11 10:42:57,424d6ef8ee5ae6c3edd2d0be07521ee5fc229f91,5960d5c9cd34299d083220ebc82f872361698ead,存款,现金充值机,50.0,60.14,5395,正常
2016/06/11 11:06:40,424d6ef8ee5ae6c3edd2d0be07521ee5fc229f91,5960d5c9cd34299d083220ebc82f872361698ead,持卡人消费,南苑网关,-0.2,59.94,5396,正常
2016/06/11 11:06:51,424d6ef8ee5ae6c3edd2d0be07521ee5fc229f91,5960d5c9cd34299d083220ebc82f872361698ead,持卡人消费,南苑网关,-14.16,45.78,5397,正常
2016/06/11 11:10:32,424d6ef8ee5ae6c3edd2d0be07521ee5fc229f91,5960d5c9cd34299d083220ebc82f872361698ead,持卡人消费,南苑网关,-0.2,45.58,5398,正常
2016/06/11 11:10:54,424d6ef8ee5ae6c3edd2d0be07521ee5fc229f91,5960d5c9cd34299d083220ebc82f872361698ead,持卡人消费,南苑网关,-10.32,35.26,5399,正常
2016/06/11 17:09:25,424d6ef8ee5ae6c3edd2d0be07521ee5fc229f91,5960d5c9cd34299d083220ebc82f872361698ead,持卡人消费,南苑网关,-0.2,35.06,5400,正常
2016/06/11 17:09:43,424d6ef8ee5ae6c3edd2d0be07521ee5fc229f91,5960d5c9cd34299d083220ebc82f872361698ead,持卡人消费,南苑网关,-13.44,21.62,5401,正常
2016/06/12 11:15:44,424d6ef8ee5ae6c3edd2d0be07521ee5fc229f91,5960d5c9cd34299d083220ebc82f872361698ead,持卡人消费,学士楼商务网关,-5.6,16.02,5402,正常
2016/06/12 11:16:09,424d6ef8ee5ae6c3edd2d0be07521ee5fc229f91,5960d5c9cd34299d083220ebc82f872361698ead,持卡人消费,学士楼商务网关,-2.0,14.02,5403,正常
2016/06/12 11:16:27,424d6ef8ee5ae6c3edd2d0be07521ee5fc229f91,5960d5c9cd34299d083220ebc82f872361698ead,持卡人消费,学士楼商务网关,-0.6,13.42,5404,正常
2016/06/12 11:20:15,424d6ef8ee5ae6c3edd2d0be07521ee5fc229f91,5960d5c9cd34299d083220ebc82f872361698ead,持卡人消费,学士楼商务网关,-0.7,12.72,5405,正常
2016/06/12 17:43:58,424d6ef8ee5ae6c3edd2d0be07521ee5fc229f91,5960d5c9cd34299d083220ebc82f872361698ead,持卡人消费,南苑网关,-0.2,12.52,5406,正常
2016/06/12 17:44:22,424d6ef8ee5ae6c3edd2d0be07521ee5fc229f91,5960d5c9cd34299d083220ebc82f872361698ead,持卡人消费,南苑网关,-12.24,0.28,5407,正常
2016/06/12 17:27:24,424d6ef8ee5ae6c3edd2d0be07521ee5fc229f91,5960d5c9cd34299d083220ebc82f872361698ead,存款,现金充值机,50.0,50.28,5408,正常
2016/06/12 17:47:11,424d6ef8ee5ae6c3edd2d0be07521ee5fc229f91,5960d5c9cd34299d083220ebc82f872361698ead,持卡人消费,南苑网关,-6.0,44.28,5409,正常
2016/06/12 17:50:37,424d6ef8ee5ae6c3edd2d0be07521ee5fc229f91,5960d5c9cd34299d083220ebc82f872361698ead,持卡人消费,南苑网关,-1.0,43.28,5410,正常
2016/06/13 11:32:49,424d6ef8ee5ae6c3edd2d0be07521ee5fc229f91,5960d5c9cd34299d083220ebc82f872361698ead,持卡人消费,学士楼商务网关,-2.6,40.68,5411,正常
2016/06/13 11:33:09,424d6ef8ee5ae6c3edd2d0be07521ee5fc229f91,5960d5c9cd34299d083220ebc82f872361698ead,持卡人消费,学士楼商务网关,-4.0,36.68,5412,正常
2016/06/13 11:34:00,424d6ef8ee5ae6c3edd2d0be07521ee5fc229f91,5960d5c9cd34299d083220ebc82f872361698ead,持卡人消费,学士楼商务网关,-2.0,34.68,5413,正常
2016/06/13 11:34:13,424d6ef8ee5ae6c3edd2d0be07521ee5fc229f91,5960d5c9cd34299d083220ebc82f872361698ead,持卡人消费,学士楼商务网关,-0.6,34.08,5414,正常
2016/06/13 11:39:28,424d6ef8ee5ae6c3edd2d0be07521ee5fc229f91,5960d5c9cd34299d083220ebc82f872361698ead,持卡人消费,学士楼商务网关,-2.7,31.38,5415,正常
2016/06/13 17:57:27,424d6ef8ee5ae6c3edd2d0be07521ee5fc229f91,5960d5c9cd34299d083220ebc82f872361698ead,持卡人消费,南苑网关,-4.56,26.82,5416,正常
2016/06/13 18:04:13,424d6ef8ee5ae6c3edd2d0be07521ee5fc229f91,5960d5c9cd34299d083220ebc82f872361698ead,持卡人消费,南苑网关,-0.2,26.62,5417,正常
2016/06/13 18:04:31,424d6ef8ee5ae6c3edd2d0be07521ee5fc229f91,5960d5c9cd34299d083220ebc82f872361698ead,持卡人消费,南苑网关,-7.68,18.94,5418,正常
2016/06/14 12:13:40,424d6ef8ee5ae6c3edd2d0be07521ee5fc229f91,5960d5c9cd34299d083220ebc82f872361698ead,持卡人消费,学士楼商务网关,-2.6,16.34,5419,正常
2016/06/14 12:14:00,424d6ef8ee5ae6c3edd2d0be07521ee5fc229f91,5960d5c9cd34299d083220ebc82f872361698ead,持卡人消费,学士楼商务网关,-3.0,13.34,5420,正常
2016/06/14 12:14:53,424d6ef8ee5ae6c3edd2d0be07521ee5fc229f91,5960d5c9cd34299d083220ebc82f872361698ead,持卡人消费,学士楼商务网关,-1.4,11.94,5421,正常
2016/06/14 12:15:16,424d6ef8ee5ae6c3edd2d0be07521ee5fc229f91,5960d5c9cd34299d083220ebc82f872361698ead,持卡人消费,学士楼商务网关,-0.2,11.74,5422,正常
2016/06/15 07:41:09,424d6ef8ee5ae6c3edd2d0be07521ee5fc229f91,5960d5c9cd34299d083220ebc82f872361698ead,持卡人消费,南苑网关,-4.7,7.04,5423,正常
2016/06/15 07:41:19,424d6ef8ee5ae6c3edd2d0be07521ee5fc229f91,5960d5c9cd34299d083220ebc82f872361698ead,持卡人消费,南苑网关,-0.5,6.54,5424,正常
2016/06/15 07:43:03,424d6ef8ee5ae6c3edd2d0be07521ee5fc229f91,5960d5c9cd34299d083220ebc82f872361698ead,持卡人消费,南苑网关,-2.0,4.54,5425,正常
2016/06/15 07:50:33,424d6ef8ee5ae6c3edd2d0be07521ee5fc229f91,5960d5c9cd34299d083220ebc82f872361698ead,持卡人消费,南苑网关,-0.5,4.04,5426,正常
2016/06/15 07:45:52,424d6ef8ee5ae6c3edd2d0be07521ee5fc229f91,5960d5c9cd34299d083220ebc82f872361698ead,存款,现金充值机,50.0,54.04,5427,正常
2016/06/15 17:15:17,424d6ef8ee5ae6c3edd2d0be07521ee5fc229f91,5960d5c9cd34299d083220ebc82f872361698ead,持卡人消费,南苑网关,-0.2,53.84,5428,正常
2016/06/15 17:15:40,424d6ef8ee5ae6c3edd2d0be07521ee5fc229f91,5960d5c9cd34299d083220ebc82f872361698ead,持卡人消费,南苑网关,-16.08,37.76,5429,正常
2016/06/15 17:18:45,424d6ef8ee5ae6c3edd2d0be07521ee5fc229f91,5960d5c9cd34299d083220ebc82f872361698ead,持卡人消费,南苑网关,-3.1,34.66,5430,正常
2016/06/15 17:27:52,424d6ef8ee5ae6c3edd2d0be07521ee5fc229f91,5960d5c9cd34299d083220ebc82f872361698ead,持卡人消费,南苑网关,-0.4,34.26,5431,正常
2016/06/16 08:18:04,424d6ef8ee5ae6c3edd2d0be07521ee5fc229f91,5960d5c9cd34299d083220ebc82f872361698ead,持卡人消费,南苑网关,-4.6,29.66,5432,正常
2016/06/16 08:18:30,424d6ef8ee5ae6c3edd2d0be07521ee5fc229f91,5960d5c9cd34299d083220ebc82f872361698ead,持卡人消费,南苑网关,-0.6,29.06,5433,正常
2016/06/16 08:18:33,424d6ef8ee5ae6c3edd2d0be07521ee5fc229f91,5960d5c9cd34299d083220ebc82f872361698ead,持卡人消费,南苑网关,-0.5,28.56,5434,正常
2016/06/16 17:53:02,424d6ef8ee5ae6c3edd2d0be07521ee5fc229f91,5960d5c9cd34299d083220ebc82f872361698ead,持卡人消费,南苑网关,-0.2,28.36,5435,正常
2016/06/16 17:53:18,424d6ef8ee5ae6c3edd2d0be07521ee5fc229f91,5960d5c9cd34299d083220ebc82f872361698ead,持卡人消费,南苑网关,-11.52,16.84,5436,正常
2016/06/16 17:55:19,424d6ef8ee5ae6c3edd2d0be07521ee5fc229f91,5960d5c9cd34299d083220ebc82f872361698ead,持卡人消费,南苑网关,-3.0,13.84,5437,正常
2016/06/16 17:56:57,424d6ef8ee5ae6c3edd2d0be07521ee5fc229f91,5960d5c9cd34299d083220ebc82f872361698ead,持卡人消费,南苑网关,-2.8,11.04,5438,正常
2016/06/18 07:34:20,424d6ef8ee5ae6c3edd2d0be07521ee5fc229f91,5960d5c9cd34299d083220ebc82f872361698ead,持卡人消费,南苑网关,-1.1,9.94,5439,正常
2016/06/18 07:35:04,424d6ef8ee5ae6c3edd2d0be07521ee5fc229f91,5960d5c9cd34299d083220ebc82f872361698ead,持卡人消费,南苑网关,-4.0,5.94,5440,正常
2016/06/18 11:47:31,424d6ef8ee5ae6c3edd2d0be07521ee5fc229f91,5960d5c9cd34299d083220ebc82f872361698ead,存款,卡中心综合业务,50.0,55.94,5441,正常
2016/06/18 11:51:04,424d6ef8ee5ae6c3edd2d0be07521ee5fc229f91,5960d5c9cd34299d083220ebc82f872361698ead,持卡人消费,学士楼商务网关,-5.0,50.94,5442,正常
2016/06/18 11:51:14,424d6ef8ee5ae6c3edd2d0be07521ee5fc229f91,5960d5c9cd34299d083220ebc82f872361698ead,持卡人消费,学士楼商务网关,-2.6,48.34,5443,正常
2016/06/18 11:52:48,424d6ef8ee5ae6c3edd2d0be07521ee5fc229f91,5960d5c9cd34299d083220ebc82f872361698ead,持卡人消费,学士楼商务网关,-2.0,46.34,5444,正常
2016/06/18 11:52:58,424d6ef8ee5ae6c3edd2d0be07521ee5fc229f91,5960d5c9cd34299d083220ebc82f872361698ead,持卡人消费,学士楼商务网关,-0.6,45.74,5445,正常
2016/06/18 12:04:06,424d6ef8ee5ae6c3edd2d0be07521ee5fc229f91,5960d5c9cd34299d083220ebc82f872361698ead,持卡人消费,学士楼商务网关,-0.5,45.24,5446,正常
2016/06/19 12:43:48,424d6ef8ee5ae6c3edd2d0be07521ee5fc229f91,5960d5c9cd34299d083220ebc82f872361698ead,持卡人消费,学士楼商务网关,-5.0,40.24,5447,正常
2016/06/19 12:44:55,424d6ef8ee5ae6c3edd2d0be07521ee5fc229f91,5960d5c9cd34299d083220ebc82f872361698ead,持卡人消费,学士楼商务网关,-2.6,37.64,5448,正常
2016/06/19 12:45:27,424d6ef8ee5ae6c3edd2d0be07521ee5fc229f91,5960d5c9cd34299d083220ebc82f872361698ead,持卡人消费,学士楼商务网关,-7.82,29.82,5449,正常
2016/06/19 12:46:52,424d6ef8ee5ae6c3edd2d0be07521ee5fc229f91,5960d5c9cd34299d083220ebc82f872361698ead,持卡人消费,学士楼商务网关,-1.2,28.62,5450,正常
2016/06/19 13:02:37,424d6ef8ee5ae6c3edd2d0be07521ee5fc229f91,5960d5c9cd34299d083220ebc82f872361698ead,持卡人消费,学士楼商务网关,-0.5,28.12,5451,正常
2016/06/19 17:33:43,424d6ef8ee5ae6c3edd2d0be07521ee5fc229f91,5960d5c9cd34299d083220ebc82f872361698ead,持卡人消费,南苑网关,-0.2,27.92,5452,正常
2016/06/19 17:33:44,424d6ef8ee5ae6c3edd2d0be07521ee5fc229f91,5960d5c9cd34299d083220ebc82f872361698ead,持卡人消费,南苑网关,-0.2,27.72,5453,正常
2016/06/19 17:34:20,424d6ef8ee5ae6c3edd2d0be07521ee5fc229f91,5960d5c9cd34299d083220ebc82f872361698ead,持卡人消费,南苑网关,-10.32,17.40,5454,正常
2016/06/19 17:34:38,424d6ef8ee5ae6c3edd2d0be07521ee5fc229f91,5960d5c9cd34299d083220ebc82f872361698ead,持卡人消费,南苑网关,-5.28,12.12,5455,正常
2016/06/20 12:19:42,424d6ef8ee5ae6c3edd2d0be07521ee5fc229f91,5960d5c9cd34299d083220ebc82f872361698ead,持卡人消费,南苑网关,-7.0,5.12,5456,正常
2016/06/20 12:19:52,424d6ef8ee5ae6c3edd2d0be07521ee5fc229f91,5960d5c9cd34299d083220ebc82f872361698ead,持卡人消费,南苑网关,-5.0,0.12,5457,正常
2016/06/20 16:15:08,424d6ef8ee5ae6c3edd2d0be07521ee5fc229f91,5960d5c9cd34299d083220ebc82f872361698ead,存款,现金充值机,20.0,20.12,5458,正常
2016/06/20 20:32:16,424d6ef8ee5ae6c3edd2d0be07521ee5fc229f91,5960d5c9cd34299d083220ebc82f872361698ead,持卡人消费,15公寓浴池,-2.0,18.12,5459,正常
2016/06/20 20:43:35,424d6ef8ee5ae6c3edd2d0be07521ee5fc229f91,5960d5c9cd34299d083220ebc82f872361698ead,持卡人消费,15公寓浴池,-2.0,16.12,5460,正常
2016/06/20 20:49:29,424d6ef8ee5ae6c3edd2d0be07521ee5fc229f91,5960d5c9cd34299d083220ebc82f872361698ead,持卡人消费,15公寓浴池,-1.12,15.00,5462,正常
2016/06/21 12:44:41,424d6ef8ee5ae6c3edd2d0be07521ee5fc229f91,5960d5c9cd34299d083220ebc82f872361698ead,持卡人消费,学士楼商务网关,-11.0,4.00,5463,正常
2016/06/21 12:45:10,424d6ef8ee5ae6c3edd2d0be07521ee5fc229f91,5960d5c9cd34299d083220ebc82f872361698ead,持卡人消费,学士楼商务网关,-1.2,2.80,5464,正常
2016/06/21 17:43:37,424d6ef8ee5ae6c3edd2d0be07521ee5fc229f91,5960d5c9cd34299d083220ebc82f872361698ead,存款,现金充值机,10.0,12.80,5465,正常
2016/06/21 17:43:52,424d6ef8ee5ae6c3edd2d0be07521ee5fc229f91,5960d5c9cd34299d083220ebc82f872361698ead,存款,现金充值机,10.0,22.80,5466,正常
2016/06/21 18:07:58,424d6ef8ee5ae6c3edd2d0be07521ee5fc229f91,5960d5c9cd34299d083220ebc82f872361698ead,持卡人消费,学士楼商务网关,-8.0,14.80,5467,正常
2016/06/21 18:08:30,424d6ef8ee5ae6c3edd2d0be07521ee5fc229f91,5960d5c9cd34299d083220ebc82f872361698ead,持卡人消费,学士楼商务网关,-2.6,12.20,5468,正常
2016/06/21 18:09:39,424d6ef8ee5ae6c3edd2d0be07521ee5fc229f91,5960d5c9cd34299d083220ebc82f872361698ead,持卡人消费,学士楼商务网关,-1.4,10.80,5469,正常
2016/06/22 12:19:56,424d6ef8ee5ae6c3edd2d0be07521ee5fc229f91,5960d5c9cd34299d083220ebc82f872361698ead,持卡人消费,学士楼商务网关,-5.0,5.80,5470,正常
2016/06/22 12:21:01,424d6ef8ee5ae6c3edd2d0be07521ee5fc229f91,5960d5c9cd34299d083220ebc82f872361698ead,持卡人消费,学士楼商务网关,-1.4,4.40,5471,正常
2016/06/22 12:21:48,424d6ef8ee5ae6c3edd2d0be07521ee5fc229f91,5960d5c9cd34299d083220ebc82f872361698ead,持卡人消费,学士楼商务网关,-2.0,2.40,5472,正常
2016/06/22 17:30:29,424d6ef8ee5ae6c3edd2d0be07521ee5fc229f91,5960d5c9cd34299d083220ebc82f872361698ead,存款,现金充值机,100.0,102.40,5473,正常
2016/06/22 17:55:06,424d6ef8ee5ae6c3edd2d0be07521ee5fc229f91,5960d5c9cd34299d083220ebc82f872361698ead,持卡人消费,学士楼商务网关,-5.6,96.80,5474,正常
2016/06/22 17:56:09,424d6ef8ee5ae6c3edd2d0be07521ee5fc229f91,5960d5c9cd34299d083220ebc82f872361698ead,持卡人消费,学士楼商务网关,-4.2,92.60,5475,正常
2016/06/22 17:57:27,424d6ef8ee5ae6c3edd2d0be07521ee5fc229f91,5960d5c9cd34299d083220ebc82f872361698ead,持卡人消费,学士楼商务网关,-0.7,91.90,5476,正常
2016/06/22 18:11:30,424d6ef8ee5ae6c3edd2d0be07521ee5fc229f91,5960d5c9cd34299d083220ebc82f872361698ead,持卡人消费,学士楼商务网关,-0.5,91.40,5477,正常
2016/06/23 11:38:27,424d6ef8ee5ae6c3edd2d0be07521ee5fc229f91,5960d5c9cd34299d083220ebc82f872361698ead,持卡人消费,学士楼商务网关,-5.0,86.40,5478,正常
2016/06/23 11:38:43,424d6ef8ee5ae6c3edd2d0be07521ee5fc229f91,5960d5c9cd34299d083220ebc82f872361698ead,持卡人消费,学士楼商务网关,-3.0,83.40,5479,正常
2016/06/23 11:39:50,424d6ef8ee5ae6c3edd2d0be07521ee5fc229f91,5960d5c9cd34299d083220ebc82f872361698ead,持卡人消费,学士楼商务网关,-1.4,82.00,5480,正常
2016/06/23 11:39:55,424d6ef8ee5ae6c3edd2d0be07521ee5fc229f91,5960d5c9cd34299d083220ebc82f872361698ead,持卡人消费,学士楼商务网关,-0.2,81.80,5481,正常
2016/06/23 18:03:55,424d6ef8ee5ae6c3edd2d0be07521ee5fc229f91,5960d5c9cd34299d083220ebc82f872361698ead,持卡人消费,学士楼商务网关,-5.6,76.20,5482,正常
2016/06/23 18:05:20,424d6ef8ee5ae6c3edd2d0be07521ee5fc229f91,5960d5c9cd34299d083220ebc82f872361698ead,持卡人消费,学士楼商务网关,-4.2,72.00,5483,正常
2016/06/23 18:15:09,424d6ef8ee5ae6c3edd2d0be07521ee5fc229f91,5960d5c9cd34299d083220ebc82f872361698ead,持卡人消费,学士楼商务网关,-0.5,71.50,5484,正常
2016/06/23 18:15:36,424d6ef8ee5ae6c3edd2d0be07521ee5fc229f91,5960d5c9cd34299d083220ebc82f872361698ead,持卡人消费,学士楼商务网关,-2.0,69.50,5485,正常
2016/06/24 12:49:10,424d6ef8ee5ae6c3edd2d0be07521ee5fc229f91,5960d5c9cd34299d083220ebc82f872361698ead,持卡人消费,学士楼商务网关,-6.0,63.50,5486,正常
2016/06/24 12:50:59,424d6ef8ee5ae6c3edd2d0be07521ee5fc229f91,5960d5c9cd34299d083220ebc82f872361698ead,持卡人消费,学士楼商务网关,-4.0,59.50,5487,正常
2016/06/24 12:51:17,424d6ef8ee5ae6c3edd2d0be07521ee5fc229f91,5960d5c9cd34299d083220ebc82f872361698ead,持卡人消费,学士楼商务网关,-0.6,58.90,5488,正常
2016/06/24 12:52:06,424d6ef8ee5ae6c3edd2d0be07521ee5fc229f91,5960d5c9cd34299d083220ebc82f872361698ead,持卡人消费,学士楼商务网关,-0.4,58.50,5489,正常
2016/06/25 11:27:01,424d6ef8ee5ae6c3edd2d0be07521ee5fc229f91,5960d5c9cd34299d083220ebc82f872361698ead,持卡人消费,南苑网关,-0.2,58.30,5490,正常
2016/06/25 11:27:39,424d6ef8ee5ae6c3edd2d0be07521ee5fc229f91,5960d5c9cd34299d083220ebc82f872361698ead,持卡人消费,南苑网关,-8.88,49.42,5491,正常
2016/06/25 11:34:24,424d6ef8ee5ae6c3edd2d0be07521ee5fc229f91,5960d5c9cd34299d083220ebc82f872361698ead,持卡人消费,南苑网关,-0.2,49.22,5492,正常
2016/06/25 11:34:58,424d6ef8ee5ae6c3edd2d0be07521ee5fc229f91,5960d5c9cd34299d083220ebc82f872361698ead,持卡人消费,南苑网关,-9.12,40.10,5493,正常
2016/06/25 17:23:36,424d6ef8ee5ae6c3edd2d0be07521ee5fc229f91,5960d5c9cd34299d083220ebc82f872361698ead,持卡人消费,南苑网关,-0.2,39.90,5494,正常
2016/06/25 17:23:53,424d6ef8ee5ae6c3edd2d0be07521ee5fc229f91,5960d5c9cd34299d083220ebc82f872361698ead,持卡人消费,南苑网关,-14.64,25.26,5495,正常
2016/06/26 11:26:25,424d6ef8ee5ae6c3edd2d0be07521ee5fc229f91,5960d5c9cd34299d083220ebc82f872361698ead,持卡人消费,学士楼商务网关,-5.0,20.26,5496,正常
2016/06/26 11:26:43,424d6ef8ee5ae6c3edd2d0be07521ee5fc229f91,5960d5c9cd34299d083220ebc82f872361698ead,持卡人消费,学士楼商务网关,-3.0,17.26,5497,正常
2016/06/26 11:27:53,424d6ef8ee5ae6c3edd2d0be07521ee5fc229f91,5960d5c9cd34299d083220ebc82f872361698ead,持卡人消费,学士楼商务网关,-3.7,13.56,5498,正常
2016/06/26 17:24:54,424d6ef8ee5ae6c3edd2d0be07521ee5fc229f91,5960d5c9cd34299d083220ebc82f872361698ead,持卡人消费,南苑网关,-0.2,13.36,5499,正常
2016/06/26 17:25:12,424d6ef8ee5ae6c3edd2d0be07521ee5fc229f91,5960d5c9cd34299d083220ebc82f872361698ead,持卡人消费,南苑网关,-11.28,2.08,5500,正常
2016/06/26 17:26:34,424d6ef8ee5ae6c3edd2d0be07521ee5fc229f91,5960d5c9cd34299d083220ebc82f872361698ead,持卡人消费,南苑网关,-0.8,1.28,5501,正常
2016/06/27 08:36:40,424d6ef8ee5ae6c3edd2d0be07521ee5fc229f91,5960d5c9cd34299d083220ebc82f872361698ead,持卡人消费,学士楼商务网关,-1.0,0.28,5502,正常
2016/06/27 08:31:59,424d6ef8ee5ae6c3edd2d0be07521ee5fc229f91,5960d5c9cd34299d083220ebc82f872361698ead,存款,现金充值机,100.0,100.28,5503,正常
2016/06/27 12:07:35,424d6ef8ee5ae6c3edd2d0be07521ee5fc229f91,5960d5c9cd34299d083220ebc82f872361698ead,持卡人消费,南苑网关,-3.4,96.88,5504,正常
2016/06/27 12:09:44,424d6ef8ee5ae6c3edd2d0be07521ee5fc229f91,5960d5c9cd34299d083220ebc82f872361698ead,持卡人消费,南苑网关,-7.0,89.88,5505,正常
2016/06/27 12:10:26,424d6ef8ee5ae6c3edd2d0be07521ee5fc229f91,5960d5c9cd34299d083220ebc82f872361698ead,持卡人消费,南苑网关,-1.0,88.88,5506,正常
2016/06/27 12:37:16,424d6ef8ee5ae6c3edd2d0be07521ee5fc229f91,5960d5c9cd34299d083220ebc82f872361698ead,持卡人消费,南苑网关,-4.5,84.38,5507,正常
2016/06/27 16:52:56,424d6ef8ee5ae6c3edd2d0be07521ee5fc229f91,5960d5c9cd34299d083220ebc82f872361698ead,持卡人消费,学士楼商务网关,-8.0,76.38,5508,正常
2016/06/27 16:53:45,424d6ef8ee5ae6c3edd2d0be07521ee5fc229f91,5960d5c9cd34299d083220ebc82f872361698ead,持卡人消费,学士楼商务网关,-6.6,69.78,5509,正常
2016/06/27 16:57:53,424d6ef8ee5ae6c3edd2d0be07521ee5fc229f91,5960d5c9cd34299d083220ebc82f872361698ead,持卡人消费,学士楼商务网关,-6.1,63.68,5510,正常
2016/06/27 17:16:02,424d6ef8ee5ae6c3edd2d0be07521ee5fc229f91,5960d5c9cd34299d083220ebc82f872361698ead,持卡人消费,学士楼商务网关,-1.0,62.68,5511,正常
2016/06/27 20:41:41,424d6ef8ee5ae6c3edd2d0be07521ee5fc229f91,5960d5c9cd34299d083220ebc82f872361698ead,持卡人消费,一校区水控新,-1.38,61.30,5515,正常
2016/06/27 20:51:28,424d6ef8ee5ae6c3edd2d0be07521ee5fc229f91,5960d5c9cd34299d083220ebc82f872361698ead,持卡人消费,一校区水控新,-1.46,59.84,5517,正常
2016/06/27 20:51:49,424d6ef8ee5ae6c3edd2d0be07521ee5fc229f91,5960d5c9cd34299d083220ebc82f872361698ead,持卡人消费,一校区水控新,-0.02,59.82,5519,正常
2016/06/27 20:52:00,424d6ef8ee5ae6c3edd2d0be07521ee5fc229f91,5960d5c9cd34299d083220ebc82f872361698ead,持卡人消费,一校区水控新,-0.02,59.80,5521,正常
2016/06/27 22:27:06,424d6ef8ee5ae6c3edd2d0be07521ee5fc229f91,5960d5c9cd34299d083220ebc82f872361698ead,持卡人消费,网络中心,-30.0,29.80,5522,正常
2016/06/28 12:18:34,424d6ef8ee5ae6c3edd2d0be07521ee5fc229f91,5960d5c9cd34299d083220ebc82f872361698ead,持卡人消费,学士楼商务网关,-2.6,27.20,5523,正常
2016/06/28 12:19:18,424d6ef8ee5ae6c3edd2d0be07521ee5fc229f91,5960d5c9cd34299d083220ebc82f872361698ead,持卡人消费,学士楼商务网关,-3.0,24.20,5524,正常
2016/06/28 12:21:29,424d6ef8ee5ae6c3edd2d0be07521ee5fc229f91,5960d5c9cd34299d083220ebc82f872361698ead,持卡人消费,学士楼商务网关,-3.0,21.20,5525,正常
2016/06/28 12:22:09,424d6ef8ee5ae6c3edd2d0be07521ee5fc229f91,5960d5c9cd34299d083220ebc82f872361698ead,持卡人消费,学士楼商务网关,-0.6,20.60,5526,正常
2016/06/28 12:22:21,424d6ef8ee5ae6c3edd2d0be07521ee5fc229f91,5960d5c9cd34299d083220ebc82f872361698ead,持卡人消费,学士楼商务网关,-0.4,20.20,5527,正常
2016/06/28 12:30:18,424d6ef8ee5ae6c3edd2d0be07521ee5fc229f91,5960d5c9cd34299d083220ebc82f872361698ead,持卡人消费,学士楼商务网关,-0.5,19.70,5528,正常
2016/06/28 12:49:27,424d6ef8ee5ae6c3edd2d0be07521ee5fc229f91,5960d5c9cd34299d083220ebc82f872361698ead,持卡人消费,硕果园（工大商店）,-5.6,14.10,5529,正常
2016/06/28 19:38:19,424d6ef8ee5ae6c3edd2d0be07521ee5fc229f91,5960d5c9cd34299d083220ebc82f872361698ead,持卡人消费,超市商务子系统,-2.7,11.40,5530,正常
2016/06/28 19:39:23,424d6ef8ee5ae6c3edd2d0be07521ee5fc229f91,5960d5c9cd34299d083220ebc82f872361698ead,持卡人消费,超市商务子系统,-1.5,9.90,5531,正常
2016/06/28 20:24:52,424d6ef8ee5ae6c3edd2d0be07521ee5fc229f91,5960d5c9cd34299d083220ebc82f872361698ead,持卡人消费,15公寓浴池,-1.97,7.93,5533,正常
2016/06/28 20:37:02,424d6ef8ee5ae6c3edd2d0be07521ee5fc229f91,5960d5c9cd34299d083220ebc82f872361698ead,持卡人消费,15公寓浴池,-2.0,5.93,5534,正常
2016/06/28 20:41:31,424d6ef8ee5ae6c3edd2d0be07521ee5fc229f91,5960d5c9cd34299d083220ebc82f872361698ead,持卡人消费,15公寓浴池,-0.72,5.21,5536,正常
2016/06/29 11:48:00,424d6ef8ee5ae6c3edd2d0be07521ee5fc229f91,5960d5c9cd34299d083220ebc82f872361698ead,存款,卡中心综合业务,70.0,75.21,5537,正常
2016/06/29 11:51:30,424d6ef8ee5ae6c3edd2d0be07521ee5fc229f91,5960d5c9cd34299d083220ebc82f872361698ead,持卡人消费,学士楼商务网关,-7.6,67.61,5538,正常
2016/06/29 11:52:46,424d6ef8ee5ae6c3edd2d0be07521ee5fc229f91,5960d5c9cd34299d083220ebc82f872361698ead,持卡人消费,学士楼商务网关,-0.6,67.01,5539,正常
2016/06/29 11:54:04,424d6ef8ee5ae6c3edd2d0be07521ee5fc229f91,5960d5c9cd34299d083220ebc82f872361698ead,持卡人消费,学士楼商务网关,-7.0,60.01,5540,正常
2016/06/29 12:11:16,424d6ef8ee5ae6c3edd2d0be07521ee5fc229f91,5960d5c9cd34299d083220ebc82f872361698ead,持卡人消费,学士楼商务网关,-0.5,59.51,5541,正常
2016/06/29 17:18:45,424d6ef8ee5ae6c3edd2d0be07521ee5fc229f91,5960d5c9cd34299d083220ebc82f872361698ead,持卡人消费,学士楼商务网关,-5.0,54.51,5542,正常
2016/06/29 17:19:56,424d6ef8ee5ae6c3edd2d0be07521ee5fc229f91,5960d5c9cd34299d083220ebc82f872361698ead,持卡人消费,学士楼商务网关,-6.0,48.51,5543,正常
2016/06/29 17:20:39,424d6ef8ee5ae6c3edd2d0be07521ee5fc229f91,5960d5c9cd34299d083220ebc82f872361698ead,持卡人消费,学士楼商务网关,-1.5,47.01,5544,正常
2016/06/29 17:23:51,424d6ef8ee5ae6c3edd2d0be07521ee5fc229f91,5960d5c9cd34299d083220ebc82f872361698ead,持卡人消费,学士楼商务网关,-0.1,46.91,5545,正常
2016/06/30 12:14:14,424d6ef8ee5ae6c3edd2d0be07521ee5fc229f91,5960d5c9cd34299d083220ebc82f872361698ead,持卡人消费,学士楼商务网关,-9.5,37.41,5546,正常
2016/06/30 12:17:10,424d6ef8ee5ae6c3edd2d0be07521ee5fc229f91,5960d5c9cd34299d083220ebc82f872361698ead,持卡人消费,学士楼商务网关,-5.4,32.01,5547,正常
2016/06/30 12:35:20,424d6ef8ee5ae6c3edd2d0be07521ee5fc229f91,5960d5c9cd34299d083220ebc82f872361698ead,持卡人消费,学士楼商务网关,-0.5,31.51,5548,正常
2016/06/30 17:55:47,424d6ef8ee5ae6c3edd2d0be07521ee5fc229f91,5960d5c9cd34299d083220ebc82f872361698ead,持卡人消费,学士楼商务网关,-5.0,26.51,5549,正常
2016/06/30 17:56:42,424d6ef8ee5ae6c3edd2d0be07521ee5fc229f91,5960d5c9cd34299d083220ebc82f872361698ead,持卡人消费,学士楼商务网关,-5.9,20.61,5550,正常
2016/06/30 17:58:12,424d6ef8ee5ae6c3edd2d0be07521ee5fc229f91,5960d5c9cd34299d083220ebc82f872361698ead,持卡人消费,学士楼商务网关,-3.0,17.61,5551,正常
2016/06/30 18:13:01,424d6ef8ee5ae6c3edd2d0be07521ee5fc229f91,5960d5c9cd34299d083220ebc82f872361698ead,持卡人消费,学士楼商务网关,-0.5,17.11,5552,正常
