交易发生时间,学号,姓名,交易类型,子系统名称,交易额,现有余额,次数,状态
2016/06/04 20:21:29,35b6673810fa2b29a2481371d1a06e7f5d1e6ec7,596ed9a5257010b6d40f76a19dcfeb5acb9bb239,持卡人消费,学子便利店B07,-3.8,57.13,3999,正常
2016/06/05 08:00:45,35b6673810fa2b29a2481371d1a06e7f5d1e6ec7,596ed9a5257010b6d40f76a19dcfeb5acb9bb239,持卡人消费,九食堂商务网关,-2.6,54.53,4000,正常
2016/06/05 08:01:05,35b6673810fa2b29a2481371d1a06e7f5d1e6ec7,596ed9a5257010b6d40f76a19dcfeb5acb9bb239,持卡人消费,九食堂商务网关,-0.2,54.33,4001,正常
2016/06/06 11:31:23,35b6673810fa2b29a2481371d1a06e7f5d1e6ec7,596ed9a5257010b6d40f76a19dcfeb5acb9bb239,持卡人消费,四食堂商务网关,-8.09,46.24,4002,正常
2016/06/06 18:41:40,35b6673810fa2b29a2481371d1a06e7f5d1e6ec7,596ed9a5257010b6d40f76a19dcfeb5acb9bb239,持卡人消费,学子便利店B07,-3.8,42.44,4003,正常
2016/06/07 08:47:52,35b6673810fa2b29a2481371d1a06e7f5d1e6ec7,596ed9a5257010b6d40f76a19dcfeb5acb9bb239,持卡人消费,学子便利店B07,-9.6,32.84,4004,正常
2016/06/11 15:14:33,35b6673810fa2b29a2481371d1a06e7f5d1e6ec7,596ed9a5257010b6d40f76a19dcfeb5acb9bb239,持卡人消费,学子便利店B07,-1.5,31.34,4005,正常
2016/06/12 11:32:06,35b6673810fa2b29a2481371d1a06e7f5d1e6ec7,596ed9a5257010b6d40f76a19dcfeb5acb9bb239,持卡人消费,九食堂商务网关,-3.1,28.24,4006,正常
2016/06/12 17:40:35,35b6673810fa2b29a2481371d1a06e7f5d1e6ec7,596ed9a5257010b6d40f76a19dcfeb5acb9bb239,持卡人消费,五食堂商务网关,-8.0,20.24,4007,正常
2016/06/13 17:29:30,35b6673810fa2b29a2481371d1a06e7f5d1e6ec7,596ed9a5257010b6d40f76a19dcfeb5acb9bb239,持卡人消费,九食堂商务网关,-5.5,14.74,4008,正常
2016/06/14 17:29:38,35b6673810fa2b29a2481371d1a06e7f5d1e6ec7,596ed9a5257010b6d40f76a19dcfeb5acb9bb239,持卡人消费,九食堂商务网关,-4.6,10.14,4009,正常
2016/06/15 07:29:46,35b6673810fa2b29a2481371d1a06e7f5d1e6ec7,596ed9a5257010b6d40f76a19dcfeb5acb9bb239,持卡人消费,九食堂商务网关,-2.6,7.54,4010,正常
2016/06/18 10:52:10,35b6673810fa2b29a2481371d1a06e7f5d1e6ec7,596ed9a5257010b6d40f76a19dcfeb5acb9bb239,存款,现金充值机,100.0,107.54,4011,正常
2016/06/18 11:26:13,35b6673810fa2b29a2481371d1a06e7f5d1e6ec7,596ed9a5257010b6d40f76a19dcfeb5acb9bb239,持卡人消费,九食堂商务网关,-4.0,103.54,4012,正常
2016/06/18 11:26:24,35b6673810fa2b29a2481371d1a06e7f5d1e6ec7,596ed9a5257010b6d40f76a19dcfeb5acb9bb239,持卡人消费,九食堂商务网关,-0.6,102.94,4013,正常
2016/06/18 15:11:14,35b6673810fa2b29a2481371d1a06e7f5d1e6ec7,596ed9a5257010b6d40f76a19dcfeb5acb9bb239,持卡人消费,学子便利店B07,-6.0,96.94,4014,正常
2016/06/18 15:11:16,35b6673810fa2b29a2481371d1a06e7f5d1e6ec7,596ed9a5257010b6d40f76a19dcfeb5acb9bb239,持卡人消费,学子便利店B07,-1.0,95.94,4015,正常
2016/06/19 08:35:25,35b6673810fa2b29a2481371d1a06e7f5d1e6ec7,596ed9a5257010b6d40f76a19dcfeb5acb9bb239,持卡人消费,学子便利店B07,-5.1,90.84,4016,正常
2016/06/19 12:28:32,35b6673810fa2b29a2481371d1a06e7f5d1e6ec7,596ed9a5257010b6d40f76a19dcfeb5acb9bb239,持卡人消费,四食堂商务网关,-10.0,80.84,4017,正常
2016/06/22 11:31:08,35b6673810fa2b29a2481371d1a06e7f5d1e6ec7,596ed9a5257010b6d40f76a19dcfeb5acb9bb239,持卡人消费,九食堂商务网关,-10.0,70.84,4018,正常
2016/06/22 16:11:38,35b6673810fa2b29a2481371d1a06e7f5d1e6ec7,596ed9a5257010b6d40f76a19dcfeb5acb9bb239,持卡人消费,学子便利店B07,-3.0,67.84,4019,正常
2016/06/22 20:29:07,35b6673810fa2b29a2481371d1a06e7f5d1e6ec7,596ed9a5257010b6d40f76a19dcfeb5acb9bb239,持卡人消费,四食堂商务网关,-8.0,59.84,4020,正常
2016/06/23 08:27:05,35b6673810fa2b29a2481371d1a06e7f5d1e6ec7,596ed9a5257010b6d40f76a19dcfeb5acb9bb239,持卡人消费,四食堂商务网关,-3.1,56.74,4021,正常
2016/06/23 10:49:12,35b6673810fa2b29a2481371d1a06e7f5d1e6ec7,596ed9a5257010b6d40f76a19dcfeb5acb9bb239,持卡人消费,学子便利店B07,-3.8,52.94,4022,正常
2016/06/25 11:32:47,35b6673810fa2b29a2481371d1a06e7f5d1e6ec7,596ed9a5257010b6d40f76a19dcfeb5acb9bb239,持卡人消费,九食堂商务网关,-1.1,51.84,4023,正常
2016/06/25 11:33:57,35b6673810fa2b29a2481371d1a06e7f5d1e6ec7,596ed9a5257010b6d40f76a19dcfeb5acb9bb239,持卡人消费,九食堂商务网关,-3.5,48.34,4024,正常
2016/06/25 11:34:15,35b6673810fa2b29a2481371d1a06e7f5d1e6ec7,596ed9a5257010b6d40f76a19dcfeb5acb9bb239,持卡人消费,九食堂商务网关,-1.5,46.84,4025,正常
2016/06/25 17:32:36,35b6673810fa2b29a2481371d1a06e7f5d1e6ec7,596ed9a5257010b6d40f76a19dcfeb5acb9bb239,持卡人消费,九食堂商务网关,-4.0,42.84,4026,正常
2016/06/26 12:39:55,35b6673810fa2b29a2481371d1a06e7f5d1e6ec7,596ed9a5257010b6d40f76a19dcfeb5acb9bb239,持卡人消费,学子便利店B07,-9.5,33.34,4027,正常
2016/06/26 16:54:50,35b6673810fa2b29a2481371d1a06e7f5d1e6ec7,596ed9a5257010b6d40f76a19dcfeb5acb9bb239,持卡人消费,学子便利店B07,-2.2,31.14,4028,正常
2016/06/27 17:38:50,35b6673810fa2b29a2481371d1a06e7f5d1e6ec7,596ed9a5257010b6d40f76a19dcfeb5acb9bb239,持卡人消费,九食堂商务网关,-5.0,26.14,4029,正常
2016/06/27 17:39:12,35b6673810fa2b29a2481371d1a06e7f5d1e6ec7,596ed9a5257010b6d40f76a19dcfeb5acb9bb239,持卡人消费,九食堂商务网关,-1.0,25.14,4030,正常
2016/06/28 10:47:45,35b6673810fa2b29a2481371d1a06e7f5d1e6ec7,596ed9a5257010b6d40f76a19dcfeb5acb9bb239,持卡人消费,学子便利店B07,-5.0,20.14,4031,正常
2016/06/28 13:22:03,35b6673810fa2b29a2481371d1a06e7f5d1e6ec7,596ed9a5257010b6d40f76a19dcfeb5acb9bb239,持卡人消费,学子便利店B07,-3.7,16.44,4032,正常
2016/06/29 14:29:27,35b6673810fa2b29a2481371d1a06e7f5d1e6ec7,596ed9a5257010b6d40f76a19dcfeb5acb9bb239,持卡人消费,二区水控,-0.3,16.14,4034,正常
2016/06/29 14:34:17,35b6673810fa2b29a2481371d1a06e7f5d1e6ec7,596ed9a5257010b6d40f76a19dcfeb5acb9bb239,持卡人消费,二区水控,-0.34,15.80,4036,正常
2016/06/29 14:38:37,35b6673810fa2b29a2481371d1a06e7f5d1e6ec7,596ed9a5257010b6d40f76a19dcfeb5acb9bb239,持卡人消费,二区水控,-0.53,15.27,4038,正常
2016/06/29 14:46:59,35b6673810fa2b29a2481371d1a06e7f5d1e6ec7,596ed9a5257010b6d40f76a19dcfeb5acb9bb239,持卡人消费,学子便利店B07,-3.7,11.57,4039,正常
2016/06/30 08:37:52,35b6673810fa2b29a2481371d1a06e7f5d1e6ec7,596ed9a5257010b6d40f76a19dcfeb5acb9bb239,持卡人消费,四食堂商务网关,-3.1,8.47,4040,正常
