交易发生时间,学号,姓名,交易类型,子系统名称,交易额,现有余额,次数,状态
2016/06/01 08:20:42,42e7458a499efd05abbac6c492705a8a8748ca90,5a5fe9cadeebaca28c94fc73cba03fb95e4f955d,持卡人消费,学士楼商务网关,-2.7,24.65,4644,正常
2016/06/01 11:39:24,42e7458a499efd05abbac6c492705a8a8748ca90,5a5fe9cadeebaca28c94fc73cba03fb95e4f955d,持卡人消费,学士楼商务网关,-3.0,21.65,4645,正常
2016/06/01 11:40:57,42e7458a499efd05abbac6c492705a8a8748ca90,5a5fe9cadeebaca28c94fc73cba03fb95e4f955d,持卡人消费,学士楼商务网关,-2.0,19.65,4646,正常
2016/06/01 11:41:12,42e7458a499efd05abbac6c492705a8a8748ca90,5a5fe9cadeebaca28c94fc73cba03fb95e4f955d,持卡人消费,学士楼商务网关,-0.2,19.45,4647,正常
2016/06/01 18:12:44,42e7458a499efd05abbac6c492705a8a8748ca90,5a5fe9cadeebaca28c94fc73cba03fb95e4f955d,持卡人消费,硕果园（工大商店）,-12.0,7.45,4648,正常
2016/06/02 17:29:30,42e7458a499efd05abbac6c492705a8a8748ca90,5a5fe9cadeebaca28c94fc73cba03fb95e4f955d,存款,现金充值机,100.0,107.45,4649,正常
2016/06/02 17:51:49,42e7458a499efd05abbac6c492705a8a8748ca90,5a5fe9cadeebaca28c94fc73cba03fb95e4f955d,持卡人消费,学苑楼商务网关,-1.5,105.95,4650,正常
2016/06/02 17:53:48,42e7458a499efd05abbac6c492705a8a8748ca90,5a5fe9cadeebaca28c94fc73cba03fb95e4f955d,持卡人消费,学苑楼商务网关,-0.4,105.55,4651,正常
2016/06/02 18:15:52,42e7458a499efd05abbac6c492705a8a8748ca90,5a5fe9cadeebaca28c94fc73cba03fb95e4f955d,持卡人消费,超市商务子系统,-5.5,100.05,4652,正常
2016/06/03 08:21:17,42e7458a499efd05abbac6c492705a8a8748ca90,5a5fe9cadeebaca28c94fc73cba03fb95e4f955d,持卡人消费,学士楼商务网关,-9.5,90.55,4653,正常
2016/06/03 11:33:42,42e7458a499efd05abbac6c492705a8a8748ca90,5a5fe9cadeebaca28c94fc73cba03fb95e4f955d,持卡人消费,学士楼商务网关,-16.5,74.05,4654,正常
2016/06/03 12:46:34,42e7458a499efd05abbac6c492705a8a8748ca90,5a5fe9cadeebaca28c94fc73cba03fb95e4f955d,持卡人消费,学子便利店A01后楼,-2.0,72.05,4655,正常
2016/06/03 19:38:52,42e7458a499efd05abbac6c492705a8a8748ca90,5a5fe9cadeebaca28c94fc73cba03fb95e4f955d,持卡人消费,15公寓浴池,-1.78,70.27,4657,正常
2016/06/03 19:53:27,42e7458a499efd05abbac6c492705a8a8748ca90,5a5fe9cadeebaca28c94fc73cba03fb95e4f955d,持卡人消费,学子便利店A01后楼,-3.6,66.67,4658,正常
2016/06/04 08:38:00,42e7458a499efd05abbac6c492705a8a8748ca90,5a5fe9cadeebaca28c94fc73cba03fb95e4f955d,持卡人消费,学子便利店A01后楼,-6.1,60.57,4659,正常
2016/06/04 17:21:44,42e7458a499efd05abbac6c492705a8a8748ca90,5a5fe9cadeebaca28c94fc73cba03fb95e4f955d,持卡人消费,学苑楼商务网关,-6.0,54.57,4660,正常
2016/06/04 17:51:28,42e7458a499efd05abbac6c492705a8a8748ca90,5a5fe9cadeebaca28c94fc73cba03fb95e4f955d,持卡人消费,超市商务子系统,-4.2,50.37,4661,正常
2016/06/04 17:53:32,42e7458a499efd05abbac6c492705a8a8748ca90,5a5fe9cadeebaca28c94fc73cba03fb95e4f955d,持卡人消费,超市商务子系统,-4.5,45.87,4662,正常
2016/06/05 10:19:15,42e7458a499efd05abbac6c492705a8a8748ca90,5a5fe9cadeebaca28c94fc73cba03fb95e4f955d,持卡人消费,学子便利店A01后楼,-4.6,41.27,4663,正常
2016/06/05 11:41:46,42e7458a499efd05abbac6c492705a8a8748ca90,5a5fe9cadeebaca28c94fc73cba03fb95e4f955d,持卡人消费,学苑楼商务网关,-6.0,35.27,4664,正常
2016/06/05 11:45:02,42e7458a499efd05abbac6c492705a8a8748ca90,5a5fe9cadeebaca28c94fc73cba03fb95e4f955d,持卡人消费,学苑楼商务网关,-1.0,34.27,4665,正常
2016/06/05 12:34:11,42e7458a499efd05abbac6c492705a8a8748ca90,5a5fe9cadeebaca28c94fc73cba03fb95e4f955d,持卡人消费,学子便利店A01后楼,-3.0,31.27,4666,正常
2016/06/05 20:09:10,42e7458a499efd05abbac6c492705a8a8748ca90,5a5fe9cadeebaca28c94fc73cba03fb95e4f955d,持卡人消费,15公寓浴池,-2.0,29.27,4667,正常
2016/06/05 20:17:24,42e7458a499efd05abbac6c492705a8a8748ca90,5a5fe9cadeebaca28c94fc73cba03fb95e4f955d,持卡人消费,学子便利店A01后楼,-8.8,20.47,4668,正常
2016/06/06 11:00:33,42e7458a499efd05abbac6c492705a8a8748ca90,5a5fe9cadeebaca28c94fc73cba03fb95e4f955d,持卡人消费,硕果园（工大商店）,-13.0,7.47,4669,正常
2016/06/06 13:43:29,42e7458a499efd05abbac6c492705a8a8748ca90,5a5fe9cadeebaca28c94fc73cba03fb95e4f955d,持卡人消费,学子便利店A01后楼,-1.5,5.97,4670,正常
2016/06/06 18:31:39,42e7458a499efd05abbac6c492705a8a8748ca90,5a5fe9cadeebaca28c94fc73cba03fb95e4f955d,持卡人消费,学子便利店A01后楼,-4.6,1.37,4671,正常
2016/06/08 17:19:55,42e7458a499efd05abbac6c492705a8a8748ca90,5a5fe9cadeebaca28c94fc73cba03fb95e4f955d,存款,卡中心综合业务,500.0,501.37,4672,正常
2016/06/09 08:50:16,42e7458a499efd05abbac6c492705a8a8748ca90,5a5fe9cadeebaca28c94fc73cba03fb95e4f955d,持卡人消费,学士楼商务网关,-3.6,497.77,4673,正常
2016/06/09 08:50:57,42e7458a499efd05abbac6c492705a8a8748ca90,5a5fe9cadeebaca28c94fc73cba03fb95e4f955d,持卡人消费,学士楼商务网关,-3.0,494.77,4674,正常
2016/06/09 08:51:15,42e7458a499efd05abbac6c492705a8a8748ca90,5a5fe9cadeebaca28c94fc73cba03fb95e4f955d,持卡人消费,学士楼商务网关,-3.6,491.17,4675,正常
2016/06/09 08:51:25,42e7458a499efd05abbac6c492705a8a8748ca90,5a5fe9cadeebaca28c94fc73cba03fb95e4f955d,持卡人消费,学士楼商务网关,-3.2,487.97,4676,正常
2016/06/09 08:51:30,42e7458a499efd05abbac6c492705a8a8748ca90,5a5fe9cadeebaca28c94fc73cba03fb95e4f955d,持卡人消费,学士楼商务网关,-0.6,487.37,4677,正常
2016/06/09 08:51:47,42e7458a499efd05abbac6c492705a8a8748ca90,5a5fe9cadeebaca28c94fc73cba03fb95e4f955d,持卡人消费,学士楼商务网关,-0.6,486.77,4678,正常
2016/06/09 08:52:32,42e7458a499efd05abbac6c492705a8a8748ca90,5a5fe9cadeebaca28c94fc73cba03fb95e4f955d,持卡人消费,学士楼商务网关,-1.5,485.27,4679,正常
2016/06/09 08:52:40,42e7458a499efd05abbac6c492705a8a8748ca90,5a5fe9cadeebaca28c94fc73cba03fb95e4f955d,持卡人消费,学士楼商务网关,-3.1,482.17,4680,正常
2016/06/09 08:52:59,42e7458a499efd05abbac6c492705a8a8748ca90,5a5fe9cadeebaca28c94fc73cba03fb95e4f955d,持卡人消费,学士楼商务网关,-2.4,479.77,4681,正常
2016/06/09 08:56:57,42e7458a499efd05abbac6c492705a8a8748ca90,5a5fe9cadeebaca28c94fc73cba03fb95e4f955d,持卡人消费,学士楼商务网关,-1.5,478.27,4682,正常
2016/06/09 08:57:19,42e7458a499efd05abbac6c492705a8a8748ca90,5a5fe9cadeebaca28c94fc73cba03fb95e4f955d,持卡人消费,学士楼商务网关,-0.4,477.87,4683,正常
2016/06/09 12:40:57,42e7458a499efd05abbac6c492705a8a8748ca90,5a5fe9cadeebaca28c94fc73cba03fb95e4f955d,持卡人消费,学士楼商务网关,-8.0,469.87,4684,正常
2016/06/09 12:41:08,42e7458a499efd05abbac6c492705a8a8748ca90,5a5fe9cadeebaca28c94fc73cba03fb95e4f955d,持卡人消费,学士楼商务网关,-7.0,462.87,4685,正常
2016/06/09 12:41:30,42e7458a499efd05abbac6c492705a8a8748ca90,5a5fe9cadeebaca28c94fc73cba03fb95e4f955d,持卡人消费,学士楼商务网关,-7.0,455.87,4686,正常
2016/06/09 12:41:55,42e7458a499efd05abbac6c492705a8a8748ca90,5a5fe9cadeebaca28c94fc73cba03fb95e4f955d,持卡人消费,学士楼商务网关,-7.0,448.87,4687,正常
2016/06/09 12:42:35,42e7458a499efd05abbac6c492705a8a8748ca90,5a5fe9cadeebaca28c94fc73cba03fb95e4f955d,持卡人消费,学士楼商务网关,-4.5,444.37,4688,正常
2016/06/09 12:43:50,42e7458a499efd05abbac6c492705a8a8748ca90,5a5fe9cadeebaca28c94fc73cba03fb95e4f955d,持卡人消费,学士楼商务网关,-27.4,416.97,4689,正常
2016/06/09 12:44:20,42e7458a499efd05abbac6c492705a8a8748ca90,5a5fe9cadeebaca28c94fc73cba03fb95e4f955d,持卡人消费,学士楼商务网关,-6.0,410.97,4690,正常
2016/06/09 12:44:28,42e7458a499efd05abbac6c492705a8a8748ca90,5a5fe9cadeebaca28c94fc73cba03fb95e4f955d,持卡人消费,学士楼商务网关,-6.0,404.97,4691,正常
2016/06/09 12:45:07,42e7458a499efd05abbac6c492705a8a8748ca90,5a5fe9cadeebaca28c94fc73cba03fb95e4f955d,持卡人消费,学士楼商务网关,-3.9,401.07,4692,正常
2016/06/09 12:45:24,42e7458a499efd05abbac6c492705a8a8748ca90,5a5fe9cadeebaca28c94fc73cba03fb95e4f955d,持卡人消费,学士楼商务网关,-3.6,397.47,4693,正常
2016/06/09 12:45:56,42e7458a499efd05abbac6c492705a8a8748ca90,5a5fe9cadeebaca28c94fc73cba03fb95e4f955d,持卡人消费,学士楼商务网关,-6.0,391.47,4694,正常
2016/06/09 12:46:58,42e7458a499efd05abbac6c492705a8a8748ca90,5a5fe9cadeebaca28c94fc73cba03fb95e4f955d,持卡人消费,学士楼商务网关,-1.2,390.27,4695,正常
2016/06/09 12:53:51,42e7458a499efd05abbac6c492705a8a8748ca90,5a5fe9cadeebaca28c94fc73cba03fb95e4f955d,持卡人消费,学士楼商务网关,-20.0,370.27,4696,正常
2016/06/09 12:59:56,42e7458a499efd05abbac6c492705a8a8748ca90,5a5fe9cadeebaca28c94fc73cba03fb95e4f955d,持卡人消费,学士楼商务网关,-5.0,365.27,4697,正常
2016/06/10 09:06:04,42e7458a499efd05abbac6c492705a8a8748ca90,5a5fe9cadeebaca28c94fc73cba03fb95e4f955d,持卡人消费,学士楼商务网关,-8.5,356.77,4698,正常
2016/06/10 09:06:09,42e7458a499efd05abbac6c492705a8a8748ca90,5a5fe9cadeebaca28c94fc73cba03fb95e4f955d,持卡人消费,学士楼商务网关,-12.0,344.77,4699,正常
2016/06/10 09:06:12,42e7458a499efd05abbac6c492705a8a8748ca90,5a5fe9cadeebaca28c94fc73cba03fb95e4f955d,持卡人消费,学士楼商务网关,-7.5,337.27,4700,正常
2016/06/10 09:06:35,42e7458a499efd05abbac6c492705a8a8748ca90,5a5fe9cadeebaca28c94fc73cba03fb95e4f955d,持卡人消费,学士楼商务网关,-6.9,330.37,4701,正常
2016/06/10 09:06:47,42e7458a499efd05abbac6c492705a8a8748ca90,5a5fe9cadeebaca28c94fc73cba03fb95e4f955d,持卡人消费,学士楼商务网关,-2.9,327.47,4702,正常
2016/06/10 09:07:14,42e7458a499efd05abbac6c492705a8a8748ca90,5a5fe9cadeebaca28c94fc73cba03fb95e4f955d,持卡人消费,学士楼商务网关,-10.1,317.37,4703,正常
2016/06/10 09:07:41,42e7458a499efd05abbac6c492705a8a8748ca90,5a5fe9cadeebaca28c94fc73cba03fb95e4f955d,持卡人消费,学士楼商务网关,-6.9,310.47,4704,正常
2016/06/10 09:07:50,42e7458a499efd05abbac6c492705a8a8748ca90,5a5fe9cadeebaca28c94fc73cba03fb95e4f955d,持卡人消费,学士楼商务网关,-5.3,305.17,4705,正常
2016/06/10 09:08:38,42e7458a499efd05abbac6c492705a8a8748ca90,5a5fe9cadeebaca28c94fc73cba03fb95e4f955d,持卡人消费,学士楼商务网关,-10.2,294.97,4706,正常
2016/06/10 09:09:00,42e7458a499efd05abbac6c492705a8a8748ca90,5a5fe9cadeebaca28c94fc73cba03fb95e4f955d,持卡人消费,学士楼商务网关,-6.3,288.67,4707,正常
2016/06/10 09:09:46,42e7458a499efd05abbac6c492705a8a8748ca90,5a5fe9cadeebaca28c94fc73cba03fb95e4f955d,持卡人消费,学士楼商务网关,-2.0,286.67,4708,正常
2016/06/10 09:10:01,42e7458a499efd05abbac6c492705a8a8748ca90,5a5fe9cadeebaca28c94fc73cba03fb95e4f955d,持卡人消费,学士楼商务网关,-5.9,280.77,4709,正常
2016/06/10 09:13:12,42e7458a499efd05abbac6c492705a8a8748ca90,5a5fe9cadeebaca28c94fc73cba03fb95e4f955d,持卡人消费,学士楼商务网关,-11.7,269.07,4710,正常
2016/06/10 09:13:18,42e7458a499efd05abbac6c492705a8a8748ca90,5a5fe9cadeebaca28c94fc73cba03fb95e4f955d,持卡人消费,学士楼商务网关,-0.2,268.87,4711,正常
2016/06/10 09:13:30,42e7458a499efd05abbac6c492705a8a8748ca90,5a5fe9cadeebaca28c94fc73cba03fb95e4f955d,持卡人消费,学士楼商务网关,-4.0,264.87,4712,正常
2016/06/10 09:17:14,42e7458a499efd05abbac6c492705a8a8748ca90,5a5fe9cadeebaca28c94fc73cba03fb95e4f955d,持卡人消费,学士楼商务网关,-3.8,261.07,4713,正常
2016/06/11 08:16:37,42e7458a499efd05abbac6c492705a8a8748ca90,5a5fe9cadeebaca28c94fc73cba03fb95e4f955d,持卡人消费,学士楼商务网关,-8.2,252.87,4714,正常
2016/06/11 08:19:53,42e7458a499efd05abbac6c492705a8a8748ca90,5a5fe9cadeebaca28c94fc73cba03fb95e4f955d,持卡人消费,学士楼商务网关,-4.0,248.87,4715,正常
2016/06/11 08:32:25,42e7458a499efd05abbac6c492705a8a8748ca90,5a5fe9cadeebaca28c94fc73cba03fb95e4f955d,持卡人消费,学士楼商务网关,-6.1,242.77,4716,正常
2016/06/13 09:57:51,42e7458a499efd05abbac6c492705a8a8748ca90,5a5fe9cadeebaca28c94fc73cba03fb95e4f955d,持卡人消费,学子便利店A01后楼,-5.8,236.97,4717,正常
2016/06/13 11:57:45,42e7458a499efd05abbac6c492705a8a8748ca90,5a5fe9cadeebaca28c94fc73cba03fb95e4f955d,持卡人消费,学苑楼商务网关,-3.0,233.97,4718,正常
2016/06/13 11:58:29,42e7458a499efd05abbac6c492705a8a8748ca90,5a5fe9cadeebaca28c94fc73cba03fb95e4f955d,持卡人消费,学苑楼商务网关,-0.5,233.47,4719,正常
2016/06/13 11:59:07,42e7458a499efd05abbac6c492705a8a8748ca90,5a5fe9cadeebaca28c94fc73cba03fb95e4f955d,持卡人消费,学苑楼商务网关,-0.4,233.07,4720,正常
2016/06/13 19:40:48,42e7458a499efd05abbac6c492705a8a8748ca90,5a5fe9cadeebaca28c94fc73cba03fb95e4f955d,持卡人消费,15公寓浴池,-0.75,232.32,4722,正常
2016/06/13 19:53:19,42e7458a499efd05abbac6c492705a8a8748ca90,5a5fe9cadeebaca28c94fc73cba03fb95e4f955d,持卡人消费,15公寓浴池,-1.6,230.72,4724,正常
2016/06/13 20:43:10,42e7458a499efd05abbac6c492705a8a8748ca90,5a5fe9cadeebaca28c94fc73cba03fb95e4f955d,持卡人消费,超市商务子系统,-5.5,225.22,4725,正常
2016/06/13 22:26:41,42e7458a499efd05abbac6c492705a8a8748ca90,5a5fe9cadeebaca28c94fc73cba03fb95e4f955d,持卡人消费,学子便利店A01后楼,-1.6,223.62,4726,正常
2016/06/14 08:32:55,42e7458a499efd05abbac6c492705a8a8748ca90,5a5fe9cadeebaca28c94fc73cba03fb95e4f955d,持卡人消费,学士楼商务网关,-3.2,220.42,4727,正常
2016/06/14 12:18:21,42e7458a499efd05abbac6c492705a8a8748ca90,5a5fe9cadeebaca28c94fc73cba03fb95e4f955d,持卡人消费,学士楼商务网关,-7.0,213.42,4728,正常
2016/06/14 12:18:31,42e7458a499efd05abbac6c492705a8a8748ca90,5a5fe9cadeebaca28c94fc73cba03fb95e4f955d,持卡人消费,学士楼商务网关,-7.0,206.42,4729,正常
2016/06/14 12:20:56,42e7458a499efd05abbac6c492705a8a8748ca90,5a5fe9cadeebaca28c94fc73cba03fb95e4f955d,持卡人消费,学士楼商务网关,-1.0,205.42,4730,正常
2016/06/14 17:39:02,42e7458a499efd05abbac6c492705a8a8748ca90,5a5fe9cadeebaca28c94fc73cba03fb95e4f955d,持卡人消费,学苑楼商务网关,-12.0,193.42,4731,正常
2016/06/14 22:22:34,42e7458a499efd05abbac6c492705a8a8748ca90,5a5fe9cadeebaca28c94fc73cba03fb95e4f955d,持卡人消费,学子便利店A01后楼,-1.6,191.82,4732,正常
2016/06/15 08:36:49,42e7458a499efd05abbac6c492705a8a8748ca90,5a5fe9cadeebaca28c94fc73cba03fb95e4f955d,持卡人消费,学子便利店A01后楼,-5.9,185.92,4733,正常
2016/06/15 08:42:31,42e7458a499efd05abbac6c492705a8a8748ca90,5a5fe9cadeebaca28c94fc73cba03fb95e4f955d,持卡人消费,学子便利店A01后楼,-2.0,183.92,4734,正常
2016/06/15 12:35:44,42e7458a499efd05abbac6c492705a8a8748ca90,5a5fe9cadeebaca28c94fc73cba03fb95e4f955d,持卡人消费,学苑楼商务网关,-8.0,175.92,4735,正常
2016/06/15 20:53:10,42e7458a499efd05abbac6c492705a8a8748ca90,5a5fe9cadeebaca28c94fc73cba03fb95e4f955d,持卡人消费,学子便利店A01后楼,-6.9,169.02,4736,正常
2016/06/16 09:27:27,42e7458a499efd05abbac6c492705a8a8748ca90,5a5fe9cadeebaca28c94fc73cba03fb95e4f955d,持卡人消费,学子便利店A01后楼,-4.6,164.42,4737,正常
2016/06/16 17:59:20,42e7458a499efd05abbac6c492705a8a8748ca90,5a5fe9cadeebaca28c94fc73cba03fb95e4f955d,持卡人消费,学苑楼商务网关,-6.0,158.42,4738,正常
2016/06/16 17:59:59,42e7458a499efd05abbac6c492705a8a8748ca90,5a5fe9cadeebaca28c94fc73cba03fb95e4f955d,持卡人消费,学苑楼商务网关,-0.4,158.02,4739,正常
2016/06/16 18:31:13,42e7458a499efd05abbac6c492705a8a8748ca90,5a5fe9cadeebaca28c94fc73cba03fb95e4f955d,持卡人消费,超市商务子系统,-5.7,152.32,4740,正常
2016/06/16 19:19:37,42e7458a499efd05abbac6c492705a8a8748ca90,5a5fe9cadeebaca28c94fc73cba03fb95e4f955d,持卡人消费,15公寓浴池,-1.71,150.61,4742,正常
2016/06/16 21:52:48,42e7458a499efd05abbac6c492705a8a8748ca90,5a5fe9cadeebaca28c94fc73cba03fb95e4f955d,持卡人消费,学子便利店A01后楼,-3.5,147.11,4743,正常
2016/06/17 08:41:55,42e7458a499efd05abbac6c492705a8a8748ca90,5a5fe9cadeebaca28c94fc73cba03fb95e4f955d,持卡人消费,学子便利店A01后楼,-2.0,145.11,4744,正常
2016/06/17 11:46:01,42e7458a499efd05abbac6c492705a8a8748ca90,5a5fe9cadeebaca28c94fc73cba03fb95e4f955d,持卡人消费,硕果园（工大商店）,-13.0,132.11,4745,正常
2016/06/17 21:39:54,42e7458a499efd05abbac6c492705a8a8748ca90,5a5fe9cadeebaca28c94fc73cba03fb95e4f955d,持卡人消费,学子便利店A01后楼,-3.6,128.51,4746,正常
2016/06/18 13:36:02,42e7458a499efd05abbac6c492705a8a8748ca90,5a5fe9cadeebaca28c94fc73cba03fb95e4f955d,持卡人消费,学子便利店A01后楼,-4.6,123.91,4747,正常
2016/06/18 18:54:39,42e7458a499efd05abbac6c492705a8a8748ca90,5a5fe9cadeebaca28c94fc73cba03fb95e4f955d,持卡人消费,学子便利店A01后楼,-4.9,119.01,4748,正常
2016/06/19 10:03:16,42e7458a499efd05abbac6c492705a8a8748ca90,5a5fe9cadeebaca28c94fc73cba03fb95e4f955d,持卡人消费,学子便利店A01后楼,-4.6,114.41,4749,正常
2016/06/19 12:35:36,42e7458a499efd05abbac6c492705a8a8748ca90,5a5fe9cadeebaca28c94fc73cba03fb95e4f955d,持卡人消费,学子楼商务网关,-10.0,104.41,4750,正常
2016/06/19 12:35:43,42e7458a499efd05abbac6c492705a8a8748ca90,5a5fe9cadeebaca28c94fc73cba03fb95e4f955d,持卡人消费,学子楼商务网关,-10.2,94.21,4751,正常
2016/06/19 13:40:44,42e7458a499efd05abbac6c492705a8a8748ca90,5a5fe9cadeebaca28c94fc73cba03fb95e4f955d,持卡人消费,学子便利店A01后楼,-4.2,90.01,4752,正常
2016/06/19 14:55:57,42e7458a499efd05abbac6c492705a8a8748ca90,5a5fe9cadeebaca28c94fc73cba03fb95e4f955d,持卡人消费,15公寓浴池,-2.0,88.01,4753,正常
2016/06/19 15:01:54,42e7458a499efd05abbac6c492705a8a8748ca90,5a5fe9cadeebaca28c94fc73cba03fb95e4f955d,持卡人消费,15公寓浴池,-1.14,86.87,4755,正常
2016/06/19 22:12:46,42e7458a499efd05abbac6c492705a8a8748ca90,5a5fe9cadeebaca28c94fc73cba03fb95e4f955d,持卡人消费,学子便利店A01后楼,-3.6,83.27,4756,正常
2016/06/20 08:10:28,42e7458a499efd05abbac6c492705a8a8748ca90,5a5fe9cadeebaca28c94fc73cba03fb95e4f955d,持卡人消费,学士楼商务网关,-2.7,80.57,4757,正常
2016/06/20 12:37:30,42e7458a499efd05abbac6c492705a8a8748ca90,5a5fe9cadeebaca28c94fc73cba03fb95e4f955d,持卡人消费,硕果园（工大商店）,-11.0,69.57,4758,正常
2016/06/20 14:21:15,42e7458a499efd05abbac6c492705a8a8748ca90,5a5fe9cadeebaca28c94fc73cba03fb95e4f955d,持卡人消费,15公寓浴池,-1.42,68.15,4760,正常
2016/06/20 20:11:48,42e7458a499efd05abbac6c492705a8a8748ca90,5a5fe9cadeebaca28c94fc73cba03fb95e4f955d,持卡人消费,学子便利店A01后楼,-4.0,64.15,4761,正常
2016/06/21 08:21:13,42e7458a499efd05abbac6c492705a8a8748ca90,5a5fe9cadeebaca28c94fc73cba03fb95e4f955d,持卡人消费,学子便利店A01后楼,-4.0,60.15,4762,正常
2016/06/21 11:38:39,42e7458a499efd05abbac6c492705a8a8748ca90,5a5fe9cadeebaca28c94fc73cba03fb95e4f955d,持卡人消费,学子便利店A01后楼,-1.6,58.55,4763,正常
2016/06/21 17:23:25,42e7458a499efd05abbac6c492705a8a8748ca90,5a5fe9cadeebaca28c94fc73cba03fb95e4f955d,持卡人消费,学子便利店A01后楼,-4.6,53.95,4764,正常
2016/06/21 17:54:17,42e7458a499efd05abbac6c492705a8a8748ca90,5a5fe9cadeebaca28c94fc73cba03fb95e4f955d,持卡人消费,学苑楼商务网关,-7.5,46.45,4765,正常
2016/06/21 18:09:42,42e7458a499efd05abbac6c492705a8a8748ca90,5a5fe9cadeebaca28c94fc73cba03fb95e4f955d,持卡人消费,硕果园（工大商店）,-14.0,32.45,4766,正常
2016/06/21 18:52:24,42e7458a499efd05abbac6c492705a8a8748ca90,5a5fe9cadeebaca28c94fc73cba03fb95e4f955d,持卡人消费,学子便利店A01后楼,-6.0,26.45,4767,正常
2016/06/22 08:19:16,42e7458a499efd05abbac6c492705a8a8748ca90,5a5fe9cadeebaca28c94fc73cba03fb95e4f955d,持卡人消费,学子便利店A01后楼,-3.6,22.85,4768,正常
2016/06/22 12:08:32,42e7458a499efd05abbac6c492705a8a8748ca90,5a5fe9cadeebaca28c94fc73cba03fb95e4f955d,持卡人消费,学苑楼商务网关,-9.0,13.85,4769,正常
2016/06/22 17:02:38,42e7458a499efd05abbac6c492705a8a8748ca90,5a5fe9cadeebaca28c94fc73cba03fb95e4f955d,持卡人消费,15公寓浴池,-1.55,12.30,4771,正常
2016/06/23 08:40:19,42e7458a499efd05abbac6c492705a8a8748ca90,5a5fe9cadeebaca28c94fc73cba03fb95e4f955d,持卡人消费,学子便利店A01后楼,-3.5,8.80,4772,正常
2016/06/23 09:41:49,42e7458a499efd05abbac6c492705a8a8748ca90,5a5fe9cadeebaca28c94fc73cba03fb95e4f955d,持卡人消费,学子便利店A01后楼,-0.6,8.20,4773,正常
2016/06/23 11:53:28,42e7458a499efd05abbac6c492705a8a8748ca90,5a5fe9cadeebaca28c94fc73cba03fb95e4f955d,持卡人消费,学子便利店A01后楼,-5.5,2.70,4774,正常
2016/06/23 14:34:25,42e7458a499efd05abbac6c492705a8a8748ca90,5a5fe9cadeebaca28c94fc73cba03fb95e4f955d,持卡人消费,超市商务子系统,-0.9,1.80,4775,正常
2016/06/23 21:41:58,42e7458a499efd05abbac6c492705a8a8748ca90,5a5fe9cadeebaca28c94fc73cba03fb95e4f955d,持卡人消费,学子便利店A01后楼,-1.5,0.30,4776,正常
2016/06/25 11:16:16,42e7458a499efd05abbac6c492705a8a8748ca90,5a5fe9cadeebaca28c94fc73cba03fb95e4f955d,存款,现金充值机,100.0,100.30,4777,正常
2016/06/25 11:40:13,42e7458a499efd05abbac6c492705a8a8748ca90,5a5fe9cadeebaca28c94fc73cba03fb95e4f955d,持卡人消费,学苑楼商务网关,-7.0,93.30,4778,正常
2016/06/25 20:35:47,42e7458a499efd05abbac6c492705a8a8748ca90,5a5fe9cadeebaca28c94fc73cba03fb95e4f955d,持卡人消费,15公寓浴池,-1.65,91.65,4780,正常
2016/06/26 11:43:12,42e7458a499efd05abbac6c492705a8a8748ca90,5a5fe9cadeebaca28c94fc73cba03fb95e4f955d,持卡人消费,学苑楼商务网关,-8.0,83.65,4781,正常
2016/06/26 12:22:31,42e7458a499efd05abbac6c492705a8a8748ca90,5a5fe9cadeebaca28c94fc73cba03fb95e4f955d,持卡人消费,学子便利店A01后楼,-5.0,78.65,4782,正常
2016/06/26 19:17:33,42e7458a499efd05abbac6c492705a8a8748ca90,5a5fe9cadeebaca28c94fc73cba03fb95e4f955d,持卡人消费,学子便利店A01后楼,-4.6,74.05,4783,正常
2016/06/27 11:34:34,42e7458a499efd05abbac6c492705a8a8748ca90,5a5fe9cadeebaca28c94fc73cba03fb95e4f955d,持卡人消费,学子楼商务网关,-16.0,58.05,4784,正常
2016/06/27 12:00:33,42e7458a499efd05abbac6c492705a8a8748ca90,5a5fe9cadeebaca28c94fc73cba03fb95e4f955d,持卡人消费,学子便利店A01后楼,-5.5,52.55,4785,正常
2016/06/27 22:09:12,42e7458a499efd05abbac6c492705a8a8748ca90,5a5fe9cadeebaca28c94fc73cba03fb95e4f955d,持卡人消费,学子便利店A01后楼,-10.0,42.55,4786,正常
2016/06/28 12:13:39,42e7458a499efd05abbac6c492705a8a8748ca90,5a5fe9cadeebaca28c94fc73cba03fb95e4f955d,持卡人消费,学子楼商务网关,-8.0,34.55,4787,正常
2016/06/28 12:45:00,42e7458a499efd05abbac6c492705a8a8748ca90,5a5fe9cadeebaca28c94fc73cba03fb95e4f955d,持卡人消费,学子便利店A01后楼,-2.6,31.95,4788,正常
2016/06/28 15:45:50,42e7458a499efd05abbac6c492705a8a8748ca90,5a5fe9cadeebaca28c94fc73cba03fb95e4f955d,持卡人消费,学子便利店A01后楼,-2.0,29.95,4789,正常
2016/06/28 16:42:34,42e7458a499efd05abbac6c492705a8a8748ca90,5a5fe9cadeebaca28c94fc73cba03fb95e4f955d,持卡人消费,15公寓浴池,-2.0,27.95,4790,正常
2016/06/28 16:42:38,42e7458a499efd05abbac6c492705a8a8748ca90,5a5fe9cadeebaca28c94fc73cba03fb95e4f955d,持卡人消费,15公寓浴池,-2.0,25.95,4791,正常
2016/06/28 16:46:43,42e7458a499efd05abbac6c492705a8a8748ca90,5a5fe9cadeebaca28c94fc73cba03fb95e4f955d,持卡人消费,15公寓浴池,-0.77,25.18,4793,正常
2016/06/28 18:04:43,42e7458a499efd05abbac6c492705a8a8748ca90,5a5fe9cadeebaca28c94fc73cba03fb95e4f955d,持卡人消费,15公寓浴池,-2.0,23.18,4794,正常
2016/06/28 18:06:30,42e7458a499efd05abbac6c492705a8a8748ca90,5a5fe9cadeebaca28c94fc73cba03fb95e4f955d,持卡人消费,15公寓浴池,-0.32,22.86,4796,正常
2016/06/29 11:32:55,42e7458a499efd05abbac6c492705a8a8748ca90,5a5fe9cadeebaca28c94fc73cba03fb95e4f955d,持卡人消费,学士楼商务网关,-4.0,18.86,4797,正常
2016/06/29 11:33:14,42e7458a499efd05abbac6c492705a8a8748ca90,5a5fe9cadeebaca28c94fc73cba03fb95e4f955d,持卡人消费,学士楼商务网关,-3.0,15.86,4798,正常
2016/06/29 14:42:54,42e7458a499efd05abbac6c492705a8a8748ca90,5a5fe9cadeebaca28c94fc73cba03fb95e4f955d,持卡人消费,超市商务子系统,-8.0,7.86,4799,正常
2016/06/29 14:54:24,42e7458a499efd05abbac6c492705a8a8748ca90,5a5fe9cadeebaca28c94fc73cba03fb95e4f955d,持卡人消费,学子便利店A01后楼,-2.6,5.26,4800,正常
2016/06/29 21:54:59,42e7458a499efd05abbac6c492705a8a8748ca90,5a5fe9cadeebaca28c94fc73cba03fb95e4f955d,持卡人消费,学子便利店A01后楼,-0.6,4.66,4801,正常
2016/06/30 16:08:44,42e7458a499efd05abbac6c492705a8a8748ca90,5a5fe9cadeebaca28c94fc73cba03fb95e4f955d,持卡人消费,学子便利店A01后楼,-0.2,4.46,4802,正常
