交易发生时间,学号,姓名,交易类型,子系统名称,交易额,现有余额,次数,状态
2016/06/01 19:33:16,cc83b2641c69d27bfcc294d0ce817c64ec29838a,5a935341c8f5e4649cc4659a7658f05dead6166a,持卡人消费,A15,-3.0,10.95,3276,正常
2016/06/02 17:10:31,cc83b2641c69d27bfcc294d0ce817c64ec29838a,5a935341c8f5e4649cc4659a7658f05dead6166a,持卡人消费,硕果园（工大商店）,-2.0,8.95,3277,正常
2016/06/03 18:51:19,cc83b2641c69d27bfcc294d0ce817c64ec29838a,5a935341c8f5e4649cc4659a7658f05dead6166a,持卡人消费,身份前置机,-0.72,8.23,3278,正常
2016/06/03 19:52:40,cc83b2641c69d27bfcc294d0ce817c64ec29838a,5a935341c8f5e4649cc4659a7658f05dead6166a,持卡人消费,超市商务子系统,-1.1,7.13,3279,正常
2016/06/07 17:14:55,cc83b2641c69d27bfcc294d0ce817c64ec29838a,5a935341c8f5e4649cc4659a7658f05dead6166a,持卡人消费,学士楼商务网关,-7.0,0.13,3280,正常
2016/06/25 12:12:25,cc83b2641c69d27bfcc294d0ce817c64ec29838a,5a935341c8f5e4649cc4659a7658f05dead6166a,存款,现金充值机,20.0,20.13,3281,正常
2016/06/25 14:42:16,cc83b2641c69d27bfcc294d0ce817c64ec29838a,5a935341c8f5e4649cc4659a7658f05dead6166a,持卡人消费,身份前置机,-1.95,18.18,3282,正常
2016/06/25 21:21:24,cc83b2641c69d27bfcc294d0ce817c64ec29838a,5a935341c8f5e4649cc4659a7658f05dead6166a,持卡人消费,身份前置机,-1.01,17.17,3283,正常
2016/06/26 11:50:31,cc83b2641c69d27bfcc294d0ce817c64ec29838a,5a935341c8f5e4649cc4659a7658f05dead6166a,持卡人消费,身份前置机,-2.13,15.04,3284,正常
2016/06/26 16:15:26,cc83b2641c69d27bfcc294d0ce817c64ec29838a,5a935341c8f5e4649cc4659a7658f05dead6166a,持卡人消费,身份前置机,-3.09,11.95,3285,正常
2016/06/28 20:07:28,cc83b2641c69d27bfcc294d0ce817c64ec29838a,5a935341c8f5e4649cc4659a7658f05dead6166a,持卡人消费,15公寓浴池,-0.02,11.93,3287,正常
2016/06/28 20:09:12,cc83b2641c69d27bfcc294d0ce817c64ec29838a,5a935341c8f5e4649cc4659a7658f05dead6166a,持卡人消费,15公寓浴池,-0.29,11.64,3289,正常
2016/06/28 20:20:04,cc83b2641c69d27bfcc294d0ce817c64ec29838a,5a935341c8f5e4649cc4659a7658f05dead6166a,持卡人消费,15公寓浴池,-2.0,9.64,3290,正常
2016/06/28 20:32:36,cc83b2641c69d27bfcc294d0ce817c64ec29838a,5a935341c8f5e4649cc4659a7658f05dead6166a,持卡人消费,15公寓浴池,-2.0,7.64,3291,正常
2016/06/30 15:56:03,cc83b2641c69d27bfcc294d0ce817c64ec29838a,5a935341c8f5e4649cc4659a7658f05dead6166a,持卡人消费,身份前置机,-0.75,6.89,3292,正常
2016/06/30 17:46:20,cc83b2641c69d27bfcc294d0ce817c64ec29838a,5a935341c8f5e4649cc4659a7658f05dead6166a,持卡人消费,15公寓浴池,-2.0,4.89,3293,正常
2016/06/30 17:57:50,cc83b2641c69d27bfcc294d0ce817c64ec29838a,5a935341c8f5e4649cc4659a7658f05dead6166a,持卡人消费,15公寓浴池,-2.0,2.89,3294,正常
2016/06/30 18:00:10,cc83b2641c69d27bfcc294d0ce817c64ec29838a,5a935341c8f5e4649cc4659a7658f05dead6166a,持卡人消费,15公寓浴池,-0.43,2.46,3296,正常
