交易发生时间,学号,姓名,交易类型,子系统名称,交易额,现有余额,次数,状态
2016/06/01 07:53:15,15afa05383091bab9bac64b7dfe7d79e63c6d361,5b2f84f3188d719f628f09fc68592c8febc473b8,持卡人消费,学士楼商务网关,-3.5,42.98,6941,正常
2016/06/01 12:00:04,15afa05383091bab9bac64b7dfe7d79e63c6d361,5b2f84f3188d719f628f09fc68592c8febc473b8,持卡人消费,学士楼商务网关,-3.0,39.98,6942,正常
2016/06/01 12:00:56,15afa05383091bab9bac64b7dfe7d79e63c6d361,5b2f84f3188d719f628f09fc68592c8febc473b8,持卡人消费,学士楼商务网关,-0.8,39.18,6943,正常
2016/06/01 12:03:54,15afa05383091bab9bac64b7dfe7d79e63c6d361,5b2f84f3188d719f628f09fc68592c8febc473b8,持卡人消费,学士楼商务网关,-2.0,37.18,6944,正常
2016/06/02 06:51:43,15afa05383091bab9bac64b7dfe7d79e63c6d361,5b2f84f3188d719f628f09fc68592c8febc473b8,持卡人消费,学士楼商务网关,-4.5,32.68,6945,正常
2016/06/02 11:12:40,15afa05383091bab9bac64b7dfe7d79e63c6d361,5b2f84f3188d719f628f09fc68592c8febc473b8,持卡人消费,学士楼商务网关,-4.5,28.18,6946,正常
2016/06/02 11:12:53,15afa05383091bab9bac64b7dfe7d79e63c6d361,5b2f84f3188d719f628f09fc68592c8febc473b8,持卡人消费,学士楼商务网关,-5.0,23.18,6947,正常
2016/06/02 11:14:25,15afa05383091bab9bac64b7dfe7d79e63c6d361,5b2f84f3188d719f628f09fc68592c8febc473b8,持卡人消费,学士楼商务网关,-0.9,22.28,6948,正常
2016/06/03 08:29:44,15afa05383091bab9bac64b7dfe7d79e63c6d361,5b2f84f3188d719f628f09fc68592c8febc473b8,持卡人消费,学士楼商务网关,-4.0,18.28,6949,正常
2016/06/03 08:31:27,15afa05383091bab9bac64b7dfe7d79e63c6d361,5b2f84f3188d719f628f09fc68592c8febc473b8,持卡人消费,学士楼商务网关,-1.0,17.28,6950,正常
2016/06/03 11:45:47,15afa05383091bab9bac64b7dfe7d79e63c6d361,5b2f84f3188d719f628f09fc68592c8febc473b8,持卡人消费,学士楼商务网关,-7.7,9.58,6951,正常
2016/06/03 20:33:36,15afa05383091bab9bac64b7dfe7d79e63c6d361,5b2f84f3188d719f628f09fc68592c8febc473b8,持卡人消费,一校区水控新,-0.53,9.05,6953,正常
2016/06/03 20:36:38,15afa05383091bab9bac64b7dfe7d79e63c6d361,5b2f84f3188d719f628f09fc68592c8febc473b8,持卡人消费,一校区水控新,-0.16,8.89,6955,正常
2016/06/03 20:38:57,15afa05383091bab9bac64b7dfe7d79e63c6d361,5b2f84f3188d719f628f09fc68592c8febc473b8,持卡人消费,一校区水控新,-0.24,8.65,6957,正常
2016/06/03 20:40:28,15afa05383091bab9bac64b7dfe7d79e63c6d361,5b2f84f3188d719f628f09fc68592c8febc473b8,持卡人消费,一校区水控新,-0.14,8.51,6959,正常
2016/06/03 20:42:24,15afa05383091bab9bac64b7dfe7d79e63c6d361,5b2f84f3188d719f628f09fc68592c8febc473b8,持卡人消费,一校区水控新,-0.21,8.30,6961,正常
2016/06/04 08:05:44,15afa05383091bab9bac64b7dfe7d79e63c6d361,5b2f84f3188d719f628f09fc68592c8febc473b8,持卡人消费,学士楼商务网关,-3.5,4.80,6962,正常
2016/06/04 11:00:00,15afa05383091bab9bac64b7dfe7d79e63c6d361,5b2f84f3188d719f628f09fc68592c8febc473b8,存款,现金充值机,300.0,304.80,6963,正常
2016/06/04 11:23:05,15afa05383091bab9bac64b7dfe7d79e63c6d361,5b2f84f3188d719f628f09fc68592c8febc473b8,持卡人消费,南苑网关,-8.88,295.92,6964,正常
2016/06/04 17:18:19,15afa05383091bab9bac64b7dfe7d79e63c6d361,5b2f84f3188d719f628f09fc68592c8febc473b8,持卡人消费,南苑网关,-8.4,287.52,6965,正常
2016/06/05 07:58:14,15afa05383091bab9bac64b7dfe7d79e63c6d361,5b2f84f3188d719f628f09fc68592c8febc473b8,持卡人消费,学士楼商务网关,-4.0,283.52,6966,正常
2016/06/05 11:18:06,15afa05383091bab9bac64b7dfe7d79e63c6d361,5b2f84f3188d719f628f09fc68592c8febc473b8,持卡人消费,南苑网关,-11.52,272.00,6967,正常
2016/06/05 17:17:18,15afa05383091bab9bac64b7dfe7d79e63c6d361,5b2f84f3188d719f628f09fc68592c8febc473b8,持卡人消费,南苑网关,-10.8,261.20,6968,正常
2016/06/06 07:51:32,15afa05383091bab9bac64b7dfe7d79e63c6d361,5b2f84f3188d719f628f09fc68592c8febc473b8,持卡人消费,学士楼商务网关,-3.5,257.70,6969,正常
2016/06/06 12:22:23,15afa05383091bab9bac64b7dfe7d79e63c6d361,5b2f84f3188d719f628f09fc68592c8febc473b8,持卡人消费,硕果园（工大商店）,-10.0,247.70,6970,正常
2016/06/06 17:23:54,15afa05383091bab9bac64b7dfe7d79e63c6d361,5b2f84f3188d719f628f09fc68592c8febc473b8,持卡人消费,南苑网关,-8.4,239.30,6971,正常
2016/06/07 08:00:42,15afa05383091bab9bac64b7dfe7d79e63c6d361,5b2f84f3188d719f628f09fc68592c8febc473b8,持卡人消费,学士楼商务网关,-4.5,234.80,6972,正常
2016/06/07 08:01:56,15afa05383091bab9bac64b7dfe7d79e63c6d361,5b2f84f3188d719f628f09fc68592c8febc473b8,持卡人消费,学士楼商务网关,-0.2,234.60,6973,正常
2016/06/07 11:22:40,15afa05383091bab9bac64b7dfe7d79e63c6d361,5b2f84f3188d719f628f09fc68592c8febc473b8,持卡人消费,学士楼商务网关,-5.0,229.60,6974,正常
2016/06/07 11:24:13,15afa05383091bab9bac64b7dfe7d79e63c6d361,5b2f84f3188d719f628f09fc68592c8febc473b8,持卡人消费,学士楼商务网关,-10.8,218.80,6975,正常
2016/06/07 11:25:29,15afa05383091bab9bac64b7dfe7d79e63c6d361,5b2f84f3188d719f628f09fc68592c8febc473b8,持卡人消费,学士楼商务网关,-0.4,218.40,6976,正常
2016/06/07 17:02:44,15afa05383091bab9bac64b7dfe7d79e63c6d361,5b2f84f3188d719f628f09fc68592c8febc473b8,持卡人消费,南苑网关,-10.08,208.32,6977,正常
2016/06/07 17:19:07,15afa05383091bab9bac64b7dfe7d79e63c6d361,5b2f84f3188d719f628f09fc68592c8febc473b8,持卡人消费,南苑网关,-5.6,202.72,6978,正常
2016/06/08 10:56:49,15afa05383091bab9bac64b7dfe7d79e63c6d361,5b2f84f3188d719f628f09fc68592c8febc473b8,持卡人消费,南苑网关,-12.48,190.24,6979,正常
2016/06/08 17:41:30,15afa05383091bab9bac64b7dfe7d79e63c6d361,5b2f84f3188d719f628f09fc68592c8febc473b8,持卡人消费,南苑网关,-11.52,178.72,6980,正常
2016/06/10 08:52:47,15afa05383091bab9bac64b7dfe7d79e63c6d361,5b2f84f3188d719f628f09fc68592c8febc473b8,持卡人消费,硕果园（工大商店）,-8.0,170.72,6981,正常
2016/06/10 08:58:44,15afa05383091bab9bac64b7dfe7d79e63c6d361,5b2f84f3188d719f628f09fc68592c8febc473b8,持卡人消费,硕果园（工大商店）,-2.0,168.72,6982,正常
2016/06/10 16:56:23,15afa05383091bab9bac64b7dfe7d79e63c6d361,5b2f84f3188d719f628f09fc68592c8febc473b8,持卡人消费,南苑网关,-0.2,168.52,6983,正常
2016/06/10 16:56:38,15afa05383091bab9bac64b7dfe7d79e63c6d361,5b2f84f3188d719f628f09fc68592c8febc473b8,持卡人消费,南苑网关,-15.12,153.40,6984,正常
2016/06/10 17:17:53,15afa05383091bab9bac64b7dfe7d79e63c6d361,5b2f84f3188d719f628f09fc68592c8febc473b8,持卡人消费,南苑网关,-4.3,149.10,6985,正常
2016/06/11 09:22:09,15afa05383091bab9bac64b7dfe7d79e63c6d361,5b2f84f3188d719f628f09fc68592c8febc473b8,持卡人消费,学士楼商务网关,-3.9,145.20,6986,正常
2016/06/11 09:23:52,15afa05383091bab9bac64b7dfe7d79e63c6d361,5b2f84f3188d719f628f09fc68592c8febc473b8,持卡人消费,学士楼商务网关,-0.2,145.00,6987,正常
2016/06/11 11:57:54,15afa05383091bab9bac64b7dfe7d79e63c6d361,5b2f84f3188d719f628f09fc68592c8febc473b8,持卡人消费,学士楼商务网关,-7.0,138.00,6988,正常
2016/06/11 11:58:54,15afa05383091bab9bac64b7dfe7d79e63c6d361,5b2f84f3188d719f628f09fc68592c8febc473b8,持卡人消费,学士楼商务网关,-2.0,136.00,6989,正常
2016/06/11 13:20:32,15afa05383091bab9bac64b7dfe7d79e63c6d361,5b2f84f3188d719f628f09fc68592c8febc473b8,持卡人消费,15公寓浴池,-0.51,135.49,6991,正常
2016/06/11 13:23:13,15afa05383091bab9bac64b7dfe7d79e63c6d361,5b2f84f3188d719f628f09fc68592c8febc473b8,持卡人消费,15公寓浴池,-0.3,135.19,6993,正常
2016/06/11 13:27:43,15afa05383091bab9bac64b7dfe7d79e63c6d361,5b2f84f3188d719f628f09fc68592c8febc473b8,持卡人消费,15公寓浴池,-0.51,134.68,6995,正常
2016/06/11 13:29:04,15afa05383091bab9bac64b7dfe7d79e63c6d361,5b2f84f3188d719f628f09fc68592c8febc473b8,持卡人消费,15公寓浴池,-0.13,134.55,6997,正常
2016/06/11 13:30:47,15afa05383091bab9bac64b7dfe7d79e63c6d361,5b2f84f3188d719f628f09fc68592c8febc473b8,持卡人消费,15公寓浴池,-0.19,134.36,6999,正常
2016/06/12 10:09:43,15afa05383091bab9bac64b7dfe7d79e63c6d361,5b2f84f3188d719f628f09fc68592c8febc473b8,持卡人消费,硕果园（工大商店）,-9.0,125.36,7000,正常
2016/06/12 10:16:55,15afa05383091bab9bac64b7dfe7d79e63c6d361,5b2f84f3188d719f628f09fc68592c8febc473b8,持卡人消费,硕果园（工大商店）,-2.0,123.36,7001,正常
2016/06/12 17:11:26,15afa05383091bab9bac64b7dfe7d79e63c6d361,5b2f84f3188d719f628f09fc68592c8febc473b8,持卡人消费,南苑网关,-13.92,109.44,7002,正常
2016/06/13 09:01:39,15afa05383091bab9bac64b7dfe7d79e63c6d361,5b2f84f3188d719f628f09fc68592c8febc473b8,持卡人消费,学士楼商务网关,-3.7,105.74,7003,正常
2016/06/13 09:02:43,15afa05383091bab9bac64b7dfe7d79e63c6d361,5b2f84f3188d719f628f09fc68592c8febc473b8,持卡人消费,学士楼商务网关,-1.0,104.74,7004,正常
2016/06/13 11:03:16,15afa05383091bab9bac64b7dfe7d79e63c6d361,5b2f84f3188d719f628f09fc68592c8febc473b8,持卡人消费,南苑网关,-11.28,93.46,7005,正常
2016/06/13 18:40:00,15afa05383091bab9bac64b7dfe7d79e63c6d361,5b2f84f3188d719f628f09fc68592c8febc473b8,持卡人消费,硕果园（工大商店）,-10.0,83.46,7006,正常
2016/06/13 18:40:16,15afa05383091bab9bac64b7dfe7d79e63c6d361,5b2f84f3188d719f628f09fc68592c8febc473b8,持卡人消费,硕果园（工大商店）,-2.0,81.46,7007,正常
2016/06/13 18:57:15,15afa05383091bab9bac64b7dfe7d79e63c6d361,5b2f84f3188d719f628f09fc68592c8febc473b8,持卡人消费,硕果园（工大商店）,-5.0,76.46,7008,正常
2016/06/14 10:11:47,15afa05383091bab9bac64b7dfe7d79e63c6d361,5b2f84f3188d719f628f09fc68592c8febc473b8,持卡人消费,学士楼商务网关,-7.0,69.46,7009,正常
2016/06/14 10:13:13,15afa05383091bab9bac64b7dfe7d79e63c6d361,5b2f84f3188d719f628f09fc68592c8febc473b8,持卡人消费,学士楼商务网关,-2.0,67.46,7010,正常
2016/06/14 16:58:11,15afa05383091bab9bac64b7dfe7d79e63c6d361,5b2f84f3188d719f628f09fc68592c8febc473b8,持卡人消费,南苑网关,-6.96,60.50,7011,正常
2016/06/15 06:15:31,15afa05383091bab9bac64b7dfe7d79e63c6d361,5b2f84f3188d719f628f09fc68592c8febc473b8,持卡人消费,学士楼商务网关,-4.5,56.00,7012,正常
2016/06/16 07:49:13,15afa05383091bab9bac64b7dfe7d79e63c6d361,5b2f84f3188d719f628f09fc68592c8febc473b8,持卡人消费,学苑楼商务网关,-2.5,53.50,7013,正常
2016/06/16 07:49:23,15afa05383091bab9bac64b7dfe7d79e63c6d361,5b2f84f3188d719f628f09fc68592c8febc473b8,持卡人消费,学苑楼商务网关,-1.0,52.50,7014,正常
2016/06/16 11:26:05,15afa05383091bab9bac64b7dfe7d79e63c6d361,5b2f84f3188d719f628f09fc68592c8febc473b8,持卡人消费,南苑网关,-10.32,42.18,7015,正常
2016/06/16 11:38:50,15afa05383091bab9bac64b7dfe7d79e63c6d361,5b2f84f3188d719f628f09fc68592c8febc473b8,持卡人消费,南苑网关,-3.0,39.18,7016,正常
2016/06/16 17:28:53,15afa05383091bab9bac64b7dfe7d79e63c6d361,5b2f84f3188d719f628f09fc68592c8febc473b8,持卡人消费,南苑网关,-8.88,30.30,7017,正常
2016/06/17 07:58:25,15afa05383091bab9bac64b7dfe7d79e63c6d361,5b2f84f3188d719f628f09fc68592c8febc473b8,持卡人消费,学士楼商务网关,-4.0,26.30,7018,正常
2016/06/17 10:58:45,15afa05383091bab9bac64b7dfe7d79e63c6d361,5b2f84f3188d719f628f09fc68592c8febc473b8,持卡人消费,南苑网关,-11.28,15.02,7019,正常
2016/06/17 11:10:22,15afa05383091bab9bac64b7dfe7d79e63c6d361,5b2f84f3188d719f628f09fc68592c8febc473b8,存款,学苑楼综合业务,150.0,165.02,7020,正常
2016/06/17 17:14:24,15afa05383091bab9bac64b7dfe7d79e63c6d361,5b2f84f3188d719f628f09fc68592c8febc473b8,持卡人消费,南苑网关,-12.48,152.54,7021,正常
2016/06/18 09:27:06,15afa05383091bab9bac64b7dfe7d79e63c6d361,5b2f84f3188d719f628f09fc68592c8febc473b8,持卡人消费,硕果园（工大商店）,-8.0,144.54,7022,正常
2016/06/18 09:32:57,15afa05383091bab9bac64b7dfe7d79e63c6d361,5b2f84f3188d719f628f09fc68592c8febc473b8,持卡人消费,学士楼商务网关,-0.4,144.14,7023,正常
2016/06/18 11:57:04,15afa05383091bab9bac64b7dfe7d79e63c6d361,5b2f84f3188d719f628f09fc68592c8febc473b8,持卡人消费,硕果园（工大商店）,-10.0,134.14,7024,正常
2016/06/18 11:58:13,15afa05383091bab9bac64b7dfe7d79e63c6d361,5b2f84f3188d719f628f09fc68592c8febc473b8,持卡人消费,硕果园（工大商店）,-10.0,124.14,7025,正常
2016/06/18 17:34:16,15afa05383091bab9bac64b7dfe7d79e63c6d361,5b2f84f3188d719f628f09fc68592c8febc473b8,持卡人消费,南苑网关,-0.2,123.94,7026,正常
2016/06/18 17:34:29,15afa05383091bab9bac64b7dfe7d79e63c6d361,5b2f84f3188d719f628f09fc68592c8febc473b8,持卡人消费,南苑网关,-8.88,115.06,7027,正常
2016/06/19 06:23:30,15afa05383091bab9bac64b7dfe7d79e63c6d361,5b2f84f3188d719f628f09fc68592c8febc473b8,持卡人消费,南苑网关,-2.4,112.66,7028,正常
2016/06/19 06:23:39,15afa05383091bab9bac64b7dfe7d79e63c6d361,5b2f84f3188d719f628f09fc68592c8febc473b8,持卡人消费,南苑网关,-1.6,111.06,7029,正常
2016/06/19 11:15:01,15afa05383091bab9bac64b7dfe7d79e63c6d361,5b2f84f3188d719f628f09fc68592c8febc473b8,持卡人消费,硕果园（工大商店）,-10.0,101.06,7030,正常
2016/06/19 11:17:43,15afa05383091bab9bac64b7dfe7d79e63c6d361,5b2f84f3188d719f628f09fc68592c8febc473b8,持卡人消费,硕果园（工大商店）,-5.0,96.06,7031,正常
2016/06/19 17:20:18,15afa05383091bab9bac64b7dfe7d79e63c6d361,5b2f84f3188d719f628f09fc68592c8febc473b8,持卡人消费,南苑网关,-7.92,88.14,7032,正常
2016/06/20 11:31:24,15afa05383091bab9bac64b7dfe7d79e63c6d361,5b2f84f3188d719f628f09fc68592c8febc473b8,持卡人消费,学士楼商务网关,-11.2,76.94,7033,正常
2016/06/20 12:43:06,15afa05383091bab9bac64b7dfe7d79e63c6d361,5b2f84f3188d719f628f09fc68592c8febc473b8,持卡人消费,游泳馆,-6.0,70.94,7034,正常
2016/06/20 15:25:49,15afa05383091bab9bac64b7dfe7d79e63c6d361,5b2f84f3188d719f628f09fc68592c8febc473b8,持卡人消费,网络中心,-30.0,40.94,7035,正常
2016/06/20 19:14:54,15afa05383091bab9bac64b7dfe7d79e63c6d361,5b2f84f3188d719f628f09fc68592c8febc473b8,持卡人消费,硕果园（工大商店）,-14.0,26.94,7036,正常
2016/06/20 19:39:03,15afa05383091bab9bac64b7dfe7d79e63c6d361,5b2f84f3188d719f628f09fc68592c8febc473b8,持卡人消费,硕果园（工大商店）,-5.0,21.94,7037,正常
2016/06/21 10:38:07,15afa05383091bab9bac64b7dfe7d79e63c6d361,5b2f84f3188d719f628f09fc68592c8febc473b8,持卡人消费,硕果园（工大商店）,-8.0,13.94,7038,正常
2016/06/21 16:12:47,15afa05383091bab9bac64b7dfe7d79e63c6d361,5b2f84f3188d719f628f09fc68592c8febc473b8,存款,现金充值机,100.0,113.94,7039,正常
2016/06/21 16:38:13,15afa05383091bab9bac64b7dfe7d79e63c6d361,5b2f84f3188d719f628f09fc68592c8febc473b8,持卡人消费,学苑楼商务网关,-7.0,106.94,7040,正常
2016/06/21 16:38:41,15afa05383091bab9bac64b7dfe7d79e63c6d361,5b2f84f3188d719f628f09fc68592c8febc473b8,持卡人消费,学苑楼商务网关,-3.8,103.14,7041,正常
2016/06/21 16:41:58,15afa05383091bab9bac64b7dfe7d79e63c6d361,5b2f84f3188d719f628f09fc68592c8febc473b8,持卡人消费,学苑楼商务网关,-1.5,101.64,7042,正常
2016/06/22 10:11:08,15afa05383091bab9bac64b7dfe7d79e63c6d361,5b2f84f3188d719f628f09fc68592c8febc473b8,持卡人消费,硕果园（工大商店）,-16.0,85.64,7043,正常
2016/06/22 11:42:56,15afa05383091bab9bac64b7dfe7d79e63c6d361,5b2f84f3188d719f628f09fc68592c8febc473b8,持卡人消费,九食堂商务网关,-8.0,77.64,7044,正常
2016/06/22 11:47:32,15afa05383091bab9bac64b7dfe7d79e63c6d361,5b2f84f3188d719f628f09fc68592c8febc473b8,持卡人消费,九食堂商务网关,-6.5,71.14,7045,正常
2016/06/24 09:19:59,15afa05383091bab9bac64b7dfe7d79e63c6d361,5b2f84f3188d719f628f09fc68592c8febc473b8,持卡人消费,硕果园（工大商店）,-8.0,63.14,7046,正常
2016/06/24 12:31:30,15afa05383091bab9bac64b7dfe7d79e63c6d361,5b2f84f3188d719f628f09fc68592c8febc473b8,持卡人消费,硕果园（工大商店）,-8.0,55.14,7047,正常
2016/06/24 12:34:40,15afa05383091bab9bac64b7dfe7d79e63c6d361,5b2f84f3188d719f628f09fc68592c8febc473b8,持卡人消费,硕果园（工大商店）,-2.0,53.14,7048,正常
2016/06/25 12:54:04,15afa05383091bab9bac64b7dfe7d79e63c6d361,5b2f84f3188d719f628f09fc68592c8febc473b8,持卡人消费,学士楼商务网关,-7.5,45.64,7049,正常
2016/06/25 12:55:13,15afa05383091bab9bac64b7dfe7d79e63c6d361,5b2f84f3188d719f628f09fc68592c8febc473b8,持卡人消费,学士楼商务网关,-1.1,44.54,7050,正常
2016/06/25 13:01:40,15afa05383091bab9bac64b7dfe7d79e63c6d361,5b2f84f3188d719f628f09fc68592c8febc473b8,持卡人消费,学士楼商务网关,-4.0,40.54,7051,正常
2016/06/25 17:28:45,15afa05383091bab9bac64b7dfe7d79e63c6d361,5b2f84f3188d719f628f09fc68592c8febc473b8,持卡人消费,硕果园（工大商店）,-18.0,22.54,7052,正常
