交易发生时间,学号,姓名,交易类型,子系统名称,交易额,现有余额,次数,状态
2016/06/01 13:01:25,31d38662d7d9e0d7dc8f379c5fbfb5dd968d13c1,5bb969c34c9b72939de74d063ed60c86974e5ba6,持卡人消费,一校区水控新,-1.54,18.75,4122,正常
2016/06/01 13:01:28,31d38662d7d9e0d7dc8f379c5fbfb5dd968d13c1,5bb969c34c9b72939de74d063ed60c86974e5ba6,持卡人消费,一校区水控新,-1.52,19.23,4123,正常
2016/06/01 13:06:30,31d38662d7d9e0d7dc8f379c5fbfb5dd968d13c1,5bb969c34c9b72939de74d063ed60c86974e5ba6,持卡人消费,一校区水控新,-0.72,16.51,4126,正常
2016/06/01 13:06:32,31d38662d7d9e0d7dc8f379c5fbfb5dd968d13c1,5bb969c34c9b72939de74d063ed60c86974e5ba6,持卡人消费,一校区水控新,-0.74,17.77,4127,正常
2016/06/01 13:09:46,31d38662d7d9e0d7dc8f379c5fbfb5dd968d13c1,5bb969c34c9b72939de74d063ed60c86974e5ba6,持卡人消费,一校区水控新,-0.4,15.37,4130,正常
2016/06/01 13:13:52,31d38662d7d9e0d7dc8f379c5fbfb5dd968d13c1,5bb969c34c9b72939de74d063ed60c86974e5ba6,持卡人消费,一校区水控新,-1.18,14.19,4132,正常
2016/06/01 13:16:19,31d38662d7d9e0d7dc8f379c5fbfb5dd968d13c1,5bb969c34c9b72939de74d063ed60c86974e5ba6,持卡人消费,一校区水控新,-0.93,15.26,4133,正常
2016/06/01 14:09:09,31d38662d7d9e0d7dc8f379c5fbfb5dd968d13c1,5bb969c34c9b72939de74d063ed60c86974e5ba6,持卡人消费,硕果园（工大商店）,-13.0,2.26,4134,正常
2016/06/07 11:21:28,31d38662d7d9e0d7dc8f379c5fbfb5dd968d13c1,5bb969c34c9b72939de74d063ed60c86974e5ba6,存款,现金充值机,50.0,52.26,4135,正常
2016/06/07 11:44:26,31d38662d7d9e0d7dc8f379c5fbfb5dd968d13c1,5bb969c34c9b72939de74d063ed60c86974e5ba6,持卡人消费,学苑楼商务网关,-4.8,47.46,4136,正常
2016/06/07 11:44:41,31d38662d7d9e0d7dc8f379c5fbfb5dd968d13c1,5bb969c34c9b72939de74d063ed60c86974e5ba6,持卡人消费,学苑楼商务网关,-3.0,44.46,4137,正常
2016/06/11 11:50:56,31d38662d7d9e0d7dc8f379c5fbfb5dd968d13c1,5bb969c34c9b72939de74d063ed60c86974e5ba6,持卡人消费,硕果园（工大商店）,-14.0,30.46,4138,正常
2016/06/13 11:45:21,31d38662d7d9e0d7dc8f379c5fbfb5dd968d13c1,5bb969c34c9b72939de74d063ed60c86974e5ba6,持卡人消费,硕果园（工大商店）,-1.0,29.46,4139,正常
2016/06/13 11:45:57,31d38662d7d9e0d7dc8f379c5fbfb5dd968d13c1,5bb969c34c9b72939de74d063ed60c86974e5ba6,持卡人消费,硕果园（工大商店）,-12.0,17.46,4140,正常
2016/06/13 20:14:55,31d38662d7d9e0d7dc8f379c5fbfb5dd968d13c1,5bb969c34c9b72939de74d063ed60c86974e5ba6,持卡人消费,硕果园（工大商店）,-11.0,6.46,4141,正常
2016/06/13 20:15:36,31d38662d7d9e0d7dc8f379c5fbfb5dd968d13c1,5bb969c34c9b72939de74d063ed60c86974e5ba6,持卡人消费,硕果园（工大商店）,-5.0,1.46,4142,正常
2016/06/15 12:14:41,31d38662d7d9e0d7dc8f379c5fbfb5dd968d13c1,5bb969c34c9b72939de74d063ed60c86974e5ba6,存款,现金充值机,100.0,101.46,4143,正常
2016/06/15 12:44:56,31d38662d7d9e0d7dc8f379c5fbfb5dd968d13c1,5bb969c34c9b72939de74d063ed60c86974e5ba6,持卡人消费,硕果园（工大商店）,-18.5,82.96,4144,正常
2016/06/15 19:50:54,31d38662d7d9e0d7dc8f379c5fbfb5dd968d13c1,5bb969c34c9b72939de74d063ed60c86974e5ba6,持卡人消费,超市商务子系统,-7.5,75.46,4145,正常
2016/06/16 12:46:57,31d38662d7d9e0d7dc8f379c5fbfb5dd968d13c1,5bb969c34c9b72939de74d063ed60c86974e5ba6,持卡人消费,硕果园（工大商店）,-15.0,60.46,4146,正常
2016/06/16 18:44:16,31d38662d7d9e0d7dc8f379c5fbfb5dd968d13c1,5bb969c34c9b72939de74d063ed60c86974e5ba6,持卡人消费,超市商务子系统,-7.5,52.96,4147,正常
2016/06/17 11:54:44,31d38662d7d9e0d7dc8f379c5fbfb5dd968d13c1,5bb969c34c9b72939de74d063ed60c86974e5ba6,持卡人消费,硕果园（工大商店）,-12.5,40.46,4148,正常
2016/06/17 11:57:42,31d38662d7d9e0d7dc8f379c5fbfb5dd968d13c1,5bb969c34c9b72939de74d063ed60c86974e5ba6,持卡人消费,硕果园（工大商店）,-13.0,27.46,4149,正常
2016/06/17 17:56:42,31d38662d7d9e0d7dc8f379c5fbfb5dd968d13c1,5bb969c34c9b72939de74d063ed60c86974e5ba6,持卡人消费,硕果园（工大商店）,-12.0,15.46,4150,正常
2016/06/17 17:58:19,31d38662d7d9e0d7dc8f379c5fbfb5dd968d13c1,5bb969c34c9b72939de74d063ed60c86974e5ba6,持卡人消费,硕果园（工大商店）,-12.0,3.46,4151,正常
2016/06/28 16:33:09,31d38662d7d9e0d7dc8f379c5fbfb5dd968d13c1,5bb969c34c9b72939de74d063ed60c86974e5ba6,存款,现金充值机,100.0,103.46,4152,正常
2016/06/29 09:45:30,31d38662d7d9e0d7dc8f379c5fbfb5dd968d13c1,5bb969c34c9b72939de74d063ed60c86974e5ba6,持卡人消费,一区图书馆BPOS,-7.2,96.26,4153,正常
2016/06/29 09:46:29,31d38662d7d9e0d7dc8f379c5fbfb5dd968d13c1,5bb969c34c9b72939de74d063ed60c86974e5ba6,持卡人消费,一区图书馆APOS,-0.6,95.66,4154,正常
