交易发生时间,学号,姓名,交易类型,子系统名称,交易额,现有余额,次数,状态
2016/06/01 11:27:22,5ef74e1374b039dc8e1592afd06cbceb01ac4941,5cfb530b6bd38f75632cd4d720b6eddc2ce7bdf2,持卡人消费,学士楼商务网关,-17.5,82.87,3795,正常
2016/06/01 12:03:26,5ef74e1374b039dc8e1592afd06cbceb01ac4941,5cfb530b6bd38f75632cd4d720b6eddc2ce7bdf2,持卡人消费,超市商务子系统,-13.4,69.47,3796,正常
2016/06/01 12:03:34,5ef74e1374b039dc8e1592afd06cbceb01ac4941,5cfb530b6bd38f75632cd4d720b6eddc2ce7bdf2,持卡人消费,超市商务子系统,-3.5,65.97,3797,正常
2016/06/01 17:27:44,5ef74e1374b039dc8e1592afd06cbceb01ac4941,5cfb530b6bd38f75632cd4d720b6eddc2ce7bdf2,持卡人消费,学士楼商务网关,-24.0,41.97,3798,正常
2016/06/01 17:35:42,5ef74e1374b039dc8e1592afd06cbceb01ac4941,5cfb530b6bd38f75632cd4d720b6eddc2ce7bdf2,持卡人消费,学士楼商务网关,-7.0,34.97,3799,正常
2016/06/01 20:57:27,5ef74e1374b039dc8e1592afd06cbceb01ac4941,5cfb530b6bd38f75632cd4d720b6eddc2ce7bdf2,持卡人消费,超市商务子系统,-13.0,21.97,3800,正常
2016/06/03 12:32:28,5ef74e1374b039dc8e1592afd06cbceb01ac4941,5cfb530b6bd38f75632cd4d720b6eddc2ce7bdf2,持卡人消费,一校区水控新,-0.02,21.95,3802,正常
2016/06/03 12:39:28,5ef74e1374b039dc8e1592afd06cbceb01ac4941,5cfb530b6bd38f75632cd4d720b6eddc2ce7bdf2,持卡人消费,一校区水控新,-1.33,20.62,3804,正常
2016/06/03 12:45:51,5ef74e1374b039dc8e1592afd06cbceb01ac4941,5cfb530b6bd38f75632cd4d720b6eddc2ce7bdf2,持卡人消费,一校区水控新,-0.99,19.63,3806,正常
2016/06/03 12:58:57,5ef74e1374b039dc8e1592afd06cbceb01ac4941,5cfb530b6bd38f75632cd4d720b6eddc2ce7bdf2,持卡人消费,硕果园（工大商店）,-5.0,14.63,3807,正常
2016/06/04 07:52:48,5ef74e1374b039dc8e1592afd06cbceb01ac4941,5cfb530b6bd38f75632cd4d720b6eddc2ce7bdf2,持卡人消费,学士楼商务网关,-2.8,11.83,3808,正常
2016/06/05 18:50:01,5ef74e1374b039dc8e1592afd06cbceb01ac4941,5cfb530b6bd38f75632cd4d720b6eddc2ce7bdf2,持卡人消费,15公寓浴池,-0.26,11.57,3810,正常
2016/06/05 19:00:34,5ef74e1374b039dc8e1592afd06cbceb01ac4941,5cfb530b6bd38f75632cd4d720b6eddc2ce7bdf2,持卡人消费,15公寓浴池,-2.0,9.57,3811,正常
2016/06/05 19:02:49,5ef74e1374b039dc8e1592afd06cbceb01ac4941,5cfb530b6bd38f75632cd4d720b6eddc2ce7bdf2,持卡人消费,15公寓浴池,-0.29,9.28,3813,正常
2016/06/05 19:03:04,5ef74e1374b039dc8e1592afd06cbceb01ac4941,5cfb530b6bd38f75632cd4d720b6eddc2ce7bdf2,持卡人消费,15公寓浴池,-0.02,9.26,3815,正常
2016/06/06 14:40:51,5ef74e1374b039dc8e1592afd06cbceb01ac4941,5cfb530b6bd38f75632cd4d720b6eddc2ce7bdf2,持卡人消费,一校区水控新,-1.78,7.48,3817,正常
2016/06/06 15:31:10,5ef74e1374b039dc8e1592afd06cbceb01ac4941,5cfb530b6bd38f75632cd4d720b6eddc2ce7bdf2,持卡人消费,超市商务子系统,-0.3,7.18,3818,正常
2016/06/06 16:56:08,5ef74e1374b039dc8e1592afd06cbceb01ac4941,5cfb530b6bd38f75632cd4d720b6eddc2ce7bdf2,持卡人消费,超市商务子系统,-2.5,4.68,3819,正常
2016/06/06 21:32:54,5ef74e1374b039dc8e1592afd06cbceb01ac4941,5cfb530b6bd38f75632cd4d720b6eddc2ce7bdf2,持卡人消费,超市商务子系统,-0.3,4.38,3820,正常
2016/06/07 08:31:17,5ef74e1374b039dc8e1592afd06cbceb01ac4941,5cfb530b6bd38f75632cd4d720b6eddc2ce7bdf2,持卡人消费,超市商务子系统,-1.9,2.48,3821,正常
2016/06/07 11:48:42,5ef74e1374b039dc8e1592afd06cbceb01ac4941,5cfb530b6bd38f75632cd4d720b6eddc2ce7bdf2,存款,卡中心综合业务,100.0,102.48,3822,正常
2016/06/07 17:09:16,5ef74e1374b039dc8e1592afd06cbceb01ac4941,5cfb530b6bd38f75632cd4d720b6eddc2ce7bdf2,持卡人消费,学士楼商务网关,-17.0,85.48,3823,正常
2016/06/07 17:10:27,5ef74e1374b039dc8e1592afd06cbceb01ac4941,5cfb530b6bd38f75632cd4d720b6eddc2ce7bdf2,持卡人消费,学士楼商务网关,-8.0,77.48,3824,正常
2016/06/07 17:11:37,5ef74e1374b039dc8e1592afd06cbceb01ac4941,5cfb530b6bd38f75632cd4d720b6eddc2ce7bdf2,持卡人消费,学士楼商务网关,-10.0,67.48,3825,正常
2016/06/07 17:26:09,5ef74e1374b039dc8e1592afd06cbceb01ac4941,5cfb530b6bd38f75632cd4d720b6eddc2ce7bdf2,持卡人消费,学士楼商务网关,-3.0,64.48,3826,正常
2016/06/07 17:27:43,5ef74e1374b039dc8e1592afd06cbceb01ac4941,5cfb530b6bd38f75632cd4d720b6eddc2ce7bdf2,持卡人消费,学士楼商务网关,-3.0,61.48,3827,正常
2016/06/08 08:46:56,5ef74e1374b039dc8e1592afd06cbceb01ac4941,5cfb530b6bd38f75632cd4d720b6eddc2ce7bdf2,持卡人消费,超市商务子系统,-9.4,52.08,3828,正常
2016/06/08 08:48:46,5ef74e1374b039dc8e1592afd06cbceb01ac4941,5cfb530b6bd38f75632cd4d720b6eddc2ce7bdf2,持卡人消费,超市商务子系统,-6.8,45.28,3829,正常
2016/06/08 11:27:48,5ef74e1374b039dc8e1592afd06cbceb01ac4941,5cfb530b6bd38f75632cd4d720b6eddc2ce7bdf2,持卡人消费,学苑楼商务网关,-10.0,35.28,3830,正常
2016/06/09 18:05:50,5ef74e1374b039dc8e1592afd06cbceb01ac4941,5cfb530b6bd38f75632cd4d720b6eddc2ce7bdf2,持卡人消费,超市商务子系统,-8.4,26.88,3831,正常
2016/06/09 18:13:46,5ef74e1374b039dc8e1592afd06cbceb01ac4941,5cfb530b6bd38f75632cd4d720b6eddc2ce7bdf2,持卡人消费,超市商务子系统,-0.2,26.68,3832,正常
2016/06/09 18:25:53,5ef74e1374b039dc8e1592afd06cbceb01ac4941,5cfb530b6bd38f75632cd4d720b6eddc2ce7bdf2,持卡人消费,学子超市园丁总店,-0.1,26.58,3833,正常
2016/06/13 13:26:47,5ef74e1374b039dc8e1592afd06cbceb01ac4941,5cfb530b6bd38f75632cd4d720b6eddc2ce7bdf2,持卡人消费,一校区水控新,-1.04,25.54,3835,正常
2016/06/13 13:34:32,5ef74e1374b039dc8e1592afd06cbceb01ac4941,5cfb530b6bd38f75632cd4d720b6eddc2ce7bdf2,持卡人消费,一校区水控新,-1.2,24.34,3837,正常
2016/06/13 13:35:32,5ef74e1374b039dc8e1592afd06cbceb01ac4941,5cfb530b6bd38f75632cd4d720b6eddc2ce7bdf2,持卡人消费,一校区水控新,-0.03,24.31,3839,正常
2016/06/13 15:33:00,5ef74e1374b039dc8e1592afd06cbceb01ac4941,5cfb530b6bd38f75632cd4d720b6eddc2ce7bdf2,持卡人消费,学士楼商务网关,-7.1,17.21,3840,正常
2016/06/13 15:33:48,5ef74e1374b039dc8e1592afd06cbceb01ac4941,5cfb530b6bd38f75632cd4d720b6eddc2ce7bdf2,持卡人消费,学士楼商务网关,-2.0,15.21,3841,正常
2016/06/14 09:17:56,5ef74e1374b039dc8e1592afd06cbceb01ac4941,5cfb530b6bd38f75632cd4d720b6eddc2ce7bdf2,持卡人消费,超市商务子系统,-6.5,8.71,3842,正常
2016/06/14 11:21:01,5ef74e1374b039dc8e1592afd06cbceb01ac4941,5cfb530b6bd38f75632cd4d720b6eddc2ce7bdf2,存款,现金充值机,100.0,108.71,3843,正常
2016/06/14 11:45:27,5ef74e1374b039dc8e1592afd06cbceb01ac4941,5cfb530b6bd38f75632cd4d720b6eddc2ce7bdf2,持卡人消费,学士楼商务网关,-6.3,102.41,3844,正常
2016/06/14 11:50:27,5ef74e1374b039dc8e1592afd06cbceb01ac4941,5cfb530b6bd38f75632cd4d720b6eddc2ce7bdf2,持卡人消费,学士楼商务网关,-23.0,79.41,3845,正常
2016/06/14 11:55:57,5ef74e1374b039dc8e1592afd06cbceb01ac4941,5cfb530b6bd38f75632cd4d720b6eddc2ce7bdf2,持卡人消费,学士楼商务网关,-2.5,76.91,3846,正常
2016/06/14 12:19:47,5ef74e1374b039dc8e1592afd06cbceb01ac4941,5cfb530b6bd38f75632cd4d720b6eddc2ce7bdf2,持卡人消费,学士楼商务网关,-0.2,76.71,3847,正常
2016/06/14 12:23:54,5ef74e1374b039dc8e1592afd06cbceb01ac4941,5cfb530b6bd38f75632cd4d720b6eddc2ce7bdf2,持卡人消费,学士楼商务网关,-0.1,76.61,3848,正常
2016/06/14 18:57:54,5ef74e1374b039dc8e1592afd06cbceb01ac4941,5cfb530b6bd38f75632cd4d720b6eddc2ce7bdf2,持卡人消费,硕果园（工大商店）,-15.0,61.61,3849,正常
2016/06/14 19:03:59,5ef74e1374b039dc8e1592afd06cbceb01ac4941,5cfb530b6bd38f75632cd4d720b6eddc2ce7bdf2,持卡人消费,硕果园（工大商店）,-5.0,56.61,3850,正常
2016/06/15 07:49:56,5ef74e1374b039dc8e1592afd06cbceb01ac4941,5cfb530b6bd38f75632cd4d720b6eddc2ce7bdf2,持卡人消费,硕果园（工大商店）,-8.0,48.61,3851,正常
2016/06/15 11:17:50,5ef74e1374b039dc8e1592afd06cbceb01ac4941,5cfb530b6bd38f75632cd4d720b6eddc2ce7bdf2,持卡人消费,学苑楼商务网关,-7.0,41.61,3852,正常
2016/06/15 11:18:54,5ef74e1374b039dc8e1592afd06cbceb01ac4941,5cfb530b6bd38f75632cd4d720b6eddc2ce7bdf2,持卡人消费,学苑楼商务网关,-9.0,32.61,3853,正常
2016/06/15 11:31:47,5ef74e1374b039dc8e1592afd06cbceb01ac4941,5cfb530b6bd38f75632cd4d720b6eddc2ce7bdf2,持卡人消费,学苑楼商务网关,-3.2,29.41,3854,正常
2016/06/15 21:44:45,5ef74e1374b039dc8e1592afd06cbceb01ac4941,5cfb530b6bd38f75632cd4d720b6eddc2ce7bdf2,持卡人消费,超市商务子系统,-4.9,24.51,3855,正常
2016/06/16 17:47:56,5ef74e1374b039dc8e1592afd06cbceb01ac4941,5cfb530b6bd38f75632cd4d720b6eddc2ce7bdf2,持卡人消费,学苑楼商务网关,-9.0,15.51,3856,正常
2016/06/16 18:05:55,5ef74e1374b039dc8e1592afd06cbceb01ac4941,5cfb530b6bd38f75632cd4d720b6eddc2ce7bdf2,持卡人消费,学苑楼商务网关,-4.2,11.31,3857,正常
2016/06/17 09:57:47,5ef74e1374b039dc8e1592afd06cbceb01ac4941,5cfb530b6bd38f75632cd4d720b6eddc2ce7bdf2,持卡人消费,超市商务子系统,-2.5,8.81,3858,正常
2016/06/17 11:47:32,5ef74e1374b039dc8e1592afd06cbceb01ac4941,5cfb530b6bd38f75632cd4d720b6eddc2ce7bdf2,持卡人消费,学士楼商务网关,-5.0,3.81,3859,正常
2016/06/17 11:50:44,5ef74e1374b039dc8e1592afd06cbceb01ac4941,5cfb530b6bd38f75632cd4d720b6eddc2ce7bdf2,持卡人消费,学士楼商务网关,-2.5,1.31,3860,正常
2016/06/17 15:41:27,5ef74e1374b039dc8e1592afd06cbceb01ac4941,5cfb530b6bd38f75632cd4d720b6eddc2ce7bdf2,持卡人消费,身份前置机,-0.03,1.28,3861,正常
2016/06/17 15:46:37,5ef74e1374b039dc8e1592afd06cbceb01ac4941,5cfb530b6bd38f75632cd4d720b6eddc2ce7bdf2,持卡人消费,身份前置机,-0.02,1.26,3862,正常
2016/06/17 17:08:03,5ef74e1374b039dc8e1592afd06cbceb01ac4941,5cfb530b6bd38f75632cd4d720b6eddc2ce7bdf2,存款,现金充值机,100.0,101.26,3863,正常
2016/06/17 17:31:37,5ef74e1374b039dc8e1592afd06cbceb01ac4941,5cfb530b6bd38f75632cd4d720b6eddc2ce7bdf2,持卡人消费,学苑楼商务网关,-4.1,97.16,3864,正常
2016/06/24 17:40:10,5ef74e1374b039dc8e1592afd06cbceb01ac4941,5cfb530b6bd38f75632cd4d720b6eddc2ce7bdf2,持卡人消费,学士楼商务网关,-17.0,80.16,3865,正常
2016/06/18 08:44:13,5ef74e1374b039dc8e1592afd06cbceb01ac4941,5cfb530b6bd38f75632cd4d720b6eddc2ce7bdf2,持卡人消费,学子超市园丁总店,-0.9,79.26,3866,正常
2016/06/18 11:46:11,5ef74e1374b039dc8e1592afd06cbceb01ac4941,5cfb530b6bd38f75632cd4d720b6eddc2ce7bdf2,持卡人消费,学苑楼商务网关,-4.0,75.26,3867,正常
2016/06/18 11:47:35,5ef74e1374b039dc8e1592afd06cbceb01ac4941,5cfb530b6bd38f75632cd4d720b6eddc2ce7bdf2,持卡人消费,学苑楼商务网关,-8.0,67.26,3868,正常
2016/06/18 11:48:25,5ef74e1374b039dc8e1592afd06cbceb01ac4941,5cfb530b6bd38f75632cd4d720b6eddc2ce7bdf2,持卡人消费,学苑楼商务网关,-4.5,62.76,3869,正常
2016/06/18 19:14:20,5ef74e1374b039dc8e1592afd06cbceb01ac4941,5cfb530b6bd38f75632cd4d720b6eddc2ce7bdf2,持卡人消费,一校区水控新,-0.57,62.19,3870,正常
2016/06/18 19:18:30,5ef74e1374b039dc8e1592afd06cbceb01ac4941,5cfb530b6bd38f75632cd4d720b6eddc2ce7bdf2,持卡人消费,一校区水控新,-0.43,61.76,3871,正常
2016/06/18 19:23:38,5ef74e1374b039dc8e1592afd06cbceb01ac4941,5cfb530b6bd38f75632cd4d720b6eddc2ce7bdf2,持卡人消费,一校区水控新,-0.64,61.12,3872,正常
2016/06/19 11:59:24,5ef74e1374b039dc8e1592afd06cbceb01ac4941,5cfb530b6bd38f75632cd4d720b6eddc2ce7bdf2,持卡人消费,硕果园（工大商店）,-16.9,44.22,3873,正常
2016/06/19 12:05:40,5ef74e1374b039dc8e1592afd06cbceb01ac4941,5cfb530b6bd38f75632cd4d720b6eddc2ce7bdf2,持卡人消费,硕果园（工大商店）,-4.0,40.22,3874,正常
2016/06/19 12:05:44,5ef74e1374b039dc8e1592afd06cbceb01ac4941,5cfb530b6bd38f75632cd4d720b6eddc2ce7bdf2,持卡人消费,硕果园（工大商店）,-5.0,35.22,3875,正常
2016/06/20 11:31:26,5ef74e1374b039dc8e1592afd06cbceb01ac4941,5cfb530b6bd38f75632cd4d720b6eddc2ce7bdf2,持卡人消费,学士楼商务网关,-15.0,20.22,3876,正常
2016/06/20 11:40:11,5ef74e1374b039dc8e1592afd06cbceb01ac4941,5cfb530b6bd38f75632cd4d720b6eddc2ce7bdf2,持卡人消费,学士楼商务网关,-0.9,19.32,3877,正常
2016/06/20 16:46:57,5ef74e1374b039dc8e1592afd06cbceb01ac4941,5cfb530b6bd38f75632cd4d720b6eddc2ce7bdf2,持卡人消费,学子楼商务网关,-18.0,1.32,3878,正常
2016/06/21 18:10:05,5ef74e1374b039dc8e1592afd06cbceb01ac4941,5cfb530b6bd38f75632cd4d720b6eddc2ce7bdf2,持卡人消费,硕果园（工大商店）,-0.5,0.82,3879,正常
2016/06/22 12:44:50,5ef74e1374b039dc8e1592afd06cbceb01ac4941,5cfb530b6bd38f75632cd4d720b6eddc2ce7bdf2,持卡人消费,硕果园（工大商店）,-0.4,0.42,3880,正常
2016/06/24 16:23:23,5ef74e1374b039dc8e1592afd06cbceb01ac4941,5cfb530b6bd38f75632cd4d720b6eddc2ce7bdf2,存款,现金充值机,100.0,100.42,3881,正常
2016/06/24 16:52:23,5ef74e1374b039dc8e1592afd06cbceb01ac4941,5cfb530b6bd38f75632cd4d720b6eddc2ce7bdf2,持卡人消费,学士楼商务网关,-10.0,90.42,3882,正常
2016/06/24 17:00:16,5ef74e1374b039dc8e1592afd06cbceb01ac4941,5cfb530b6bd38f75632cd4d720b6eddc2ce7bdf2,持卡人消费,学士楼商务网关,-3.2,87.22,3883,正常
2016/06/24 17:42:40,5ef74e1374b039dc8e1592afd06cbceb01ac4941,5cfb530b6bd38f75632cd4d720b6eddc2ce7bdf2,持卡人消费,超市商务子系统,-3.7,83.52,3884,正常
2016/06/25 21:18:51,5ef74e1374b039dc8e1592afd06cbceb01ac4941,5cfb530b6bd38f75632cd4d720b6eddc2ce7bdf2,持卡人消费,超市商务子系统,-7.3,76.22,3885,正常
2016/06/26 12:30:50,5ef74e1374b039dc8e1592afd06cbceb01ac4941,5cfb530b6bd38f75632cd4d720b6eddc2ce7bdf2,持卡人消费,学士楼商务网关,-9.35,66.87,3886,正常
2016/06/26 18:57:55,5ef74e1374b039dc8e1592afd06cbceb01ac4941,5cfb530b6bd38f75632cd4d720b6eddc2ce7bdf2,持卡人消费,硕果园（工大商店）,-17.0,49.87,3887,正常
2016/06/26 18:58:30,5ef74e1374b039dc8e1592afd06cbceb01ac4941,5cfb530b6bd38f75632cd4d720b6eddc2ce7bdf2,持卡人消费,硕果园（工大商店）,-17.0,32.87,3888,正常
2016/06/27 11:52:58,5ef74e1374b039dc8e1592afd06cbceb01ac4941,5cfb530b6bd38f75632cd4d720b6eddc2ce7bdf2,持卡人消费,学士楼商务网关,-15.0,17.87,3889,正常
2016/06/27 11:56:10,5ef74e1374b039dc8e1592afd06cbceb01ac4941,5cfb530b6bd38f75632cd4d720b6eddc2ce7bdf2,持卡人消费,学士楼商务网关,-6.0,11.87,3890,正常
2016/06/27 18:11:50,5ef74e1374b039dc8e1592afd06cbceb01ac4941,5cfb530b6bd38f75632cd4d720b6eddc2ce7bdf2,持卡人消费,学士楼商务网关,-5.7,6.17,3891,正常
2016/06/27 18:12:48,5ef74e1374b039dc8e1592afd06cbceb01ac4941,5cfb530b6bd38f75632cd4d720b6eddc2ce7bdf2,持卡人消费,学士楼商务网关,-2.38,3.79,3892,正常
2016/06/27 18:13:38,5ef74e1374b039dc8e1592afd06cbceb01ac4941,5cfb530b6bd38f75632cd4d720b6eddc2ce7bdf2,持卡人消费,学士楼商务网关,-0.6,3.19,3893,正常
2016/06/28 15:07:30,5ef74e1374b039dc8e1592afd06cbceb01ac4941,5cfb530b6bd38f75632cd4d720b6eddc2ce7bdf2,持卡人消费,学子超市园丁总店,-0.2,2.99,3894,正常
2016/06/28 18:27:42,5ef74e1374b039dc8e1592afd06cbceb01ac4941,5cfb530b6bd38f75632cd4d720b6eddc2ce7bdf2,持卡人消费,硕果园（工大商店）,-0.5,2.49,3895,正常
2016/06/28 20:03:19,5ef74e1374b039dc8e1592afd06cbceb01ac4941,5cfb530b6bd38f75632cd4d720b6eddc2ce7bdf2,持卡人消费,一校区水控新,-1.71,0.78,3897,正常
2016/06/29 15:25:40,5ef74e1374b039dc8e1592afd06cbceb01ac4941,5cfb530b6bd38f75632cd4d720b6eddc2ce7bdf2,持卡人消费,一区图书馆APOS,-0.35,0.43,3898,正常
