交易发生时间,学号,姓名,交易类型,子系统名称,交易额,现有余额,次数,状态
2016/06/01 07:53:31,b07857493541dd15795204ad3c8f3da56ae8fcdf,5ea50f2619932baf6c2fa81db76c654bc6d7fffd,持卡人消费,学士楼商务网关,-3.7,60.52,9747,正常
2016/06/01 13:03:46,b07857493541dd15795204ad3c8f3da56ae8fcdf,5ea50f2619932baf6c2fa81db76c654bc6d7fffd,持卡人消费,一校区水控新,-0.03,60.49,9748,正常
2016/06/01 13:06:05,b07857493541dd15795204ad3c8f3da56ae8fcdf,5ea50f2619932baf6c2fa81db76c654bc6d7fffd,持卡人消费,一校区水控新,-0.43,60.06,9750,正常
2016/06/01 13:08:26,b07857493541dd15795204ad3c8f3da56ae8fcdf,5ea50f2619932baf6c2fa81db76c654bc6d7fffd,持卡人消费,一校区水控新,-0.4,59.66,9752,正常
2016/06/01 13:11:13,b07857493541dd15795204ad3c8f3da56ae8fcdf,5ea50f2619932baf6c2fa81db76c654bc6d7fffd,持卡人消费,一校区水控新,-0.32,59.34,9754,正常
2016/06/01 14:44:31,b07857493541dd15795204ad3c8f3da56ae8fcdf,5ea50f2619932baf6c2fa81db76c654bc6d7fffd,持卡人消费,学子超市园丁总店,-5.0,54.34,9755,正常
2016/06/02 10:47:30,b07857493541dd15795204ad3c8f3da56ae8fcdf,5ea50f2619932baf6c2fa81db76c654bc6d7fffd,持卡人消费,硕果园（工大商店）,-12.0,42.34,9756,正常
2016/06/02 11:04:54,b07857493541dd15795204ad3c8f3da56ae8fcdf,5ea50f2619932baf6c2fa81db76c654bc6d7fffd,持卡人消费,硕果园（工大商店）,-14.3,28.04,9757,正常
2016/06/02 14:30:52,b07857493541dd15795204ad3c8f3da56ae8fcdf,5ea50f2619932baf6c2fa81db76c654bc6d7fffd,持卡人消费,学子超市园丁总店,-2.6,25.44,9758,正常
2016/06/02 17:31:10,b07857493541dd15795204ad3c8f3da56ae8fcdf,5ea50f2619932baf6c2fa81db76c654bc6d7fffd,持卡人消费,学士楼商务网关,-5.0,20.44,9759,正常
2016/06/02 17:32:30,b07857493541dd15795204ad3c8f3da56ae8fcdf,5ea50f2619932baf6c2fa81db76c654bc6d7fffd,持卡人消费,学士楼商务网关,-8.0,12.44,9760,正常
2016/06/03 11:46:06,b07857493541dd15795204ad3c8f3da56ae8fcdf,5ea50f2619932baf6c2fa81db76c654bc6d7fffd,持卡人消费,学苑楼商务网关,-8.0,4.44,9761,正常
2016/06/03 11:46:45,b07857493541dd15795204ad3c8f3da56ae8fcdf,5ea50f2619932baf6c2fa81db76c654bc6d7fffd,持卡人消费,学苑楼商务网关,-1.8,2.64,9762,正常
2016/06/03 12:31:03,b07857493541dd15795204ad3c8f3da56ae8fcdf,5ea50f2619932baf6c2fa81db76c654bc6d7fffd,持卡人消费,一校区水控新,-0.86,1.78,9764,正常
2016/06/03 17:40:22,b07857493541dd15795204ad3c8f3da56ae8fcdf,5ea50f2619932baf6c2fa81db76c654bc6d7fffd,持卡人消费,超市商务子系统,-0.2,1.58,9765,正常
2016/06/03 17:22:41,b07857493541dd15795204ad3c8f3da56ae8fcdf,5ea50f2619932baf6c2fa81db76c654bc6d7fffd,存款,现金充值机,200.0,201.58,9766,正常
2016/06/03 21:44:11,b07857493541dd15795204ad3c8f3da56ae8fcdf,5ea50f2619932baf6c2fa81db76c654bc6d7fffd,持卡人消费,学子便利店A01后楼,-4.9,196.68,9767,正常
2016/06/05 08:37:19,b07857493541dd15795204ad3c8f3da56ae8fcdf,5ea50f2619932baf6c2fa81db76c654bc6d7fffd,持卡人消费,学士楼商务网关,-3.6,193.08,9768,正常
2016/06/05 08:38:31,b07857493541dd15795204ad3c8f3da56ae8fcdf,5ea50f2619932baf6c2fa81db76c654bc6d7fffd,持卡人消费,学士楼商务网关,-0.7,192.38,9769,正常
2016/06/05 09:40:45,b07857493541dd15795204ad3c8f3da56ae8fcdf,5ea50f2619932baf6c2fa81db76c654bc6d7fffd,持卡人消费,超市商务子系统,-10.0,182.38,9770,正常
2016/06/05 12:54:31,b07857493541dd15795204ad3c8f3da56ae8fcdf,5ea50f2619932baf6c2fa81db76c654bc6d7fffd,持卡人消费,硕果园（工大商店）,-10.0,172.38,9771,正常
2016/06/05 13:04:28,b07857493541dd15795204ad3c8f3da56ae8fcdf,5ea50f2619932baf6c2fa81db76c654bc6d7fffd,持卡人消费,硕果园（工大商店）,-6.0,166.38,9772,正常
2016/06/05 13:05:51,b07857493541dd15795204ad3c8f3da56ae8fcdf,5ea50f2619932baf6c2fa81db76c654bc6d7fffd,持卡人消费,硕果园（工大商店）,-5.5,160.88,9773,正常
2016/06/05 13:36:14,b07857493541dd15795204ad3c8f3da56ae8fcdf,5ea50f2619932baf6c2fa81db76c654bc6d7fffd,持卡人消费,一校区水控新,-0.94,159.94,9775,正常
2016/06/05 13:38:53,b07857493541dd15795204ad3c8f3da56ae8fcdf,5ea50f2619932baf6c2fa81db76c654bc6d7fffd,持卡人消费,一校区水控新,-0.3,159.64,9777,正常
2016/06/05 16:26:37,b07857493541dd15795204ad3c8f3da56ae8fcdf,5ea50f2619932baf6c2fa81db76c654bc6d7fffd,持卡人消费,一校区水控新,-0.38,159.26,9779,正常
2016/06/05 16:28:55,b07857493541dd15795204ad3c8f3da56ae8fcdf,5ea50f2619932baf6c2fa81db76c654bc6d7fffd,持卡人消费,一校区水控新,-0.32,158.94,9781,正常
2016/06/05 17:11:17,b07857493541dd15795204ad3c8f3da56ae8fcdf,5ea50f2619932baf6c2fa81db76c654bc6d7fffd,持卡人消费,学士楼商务网关,-10.0,148.94,9782,正常
2016/06/05 17:12:55,b07857493541dd15795204ad3c8f3da56ae8fcdf,5ea50f2619932baf6c2fa81db76c654bc6d7fffd,持卡人消费,学士楼商务网关,-3.2,145.74,9783,正常
2016/06/06 07:34:43,b07857493541dd15795204ad3c8f3da56ae8fcdf,5ea50f2619932baf6c2fa81db76c654bc6d7fffd,持卡人消费,学士楼商务网关,-3.2,142.54,9784,正常
2016/06/06 11:29:45,b07857493541dd15795204ad3c8f3da56ae8fcdf,5ea50f2619932baf6c2fa81db76c654bc6d7fffd,持卡人消费,学苑楼商务网关,-1.5,141.04,9785,正常
2016/06/06 11:30:12,b07857493541dd15795204ad3c8f3da56ae8fcdf,5ea50f2619932baf6c2fa81db76c654bc6d7fffd,持卡人消费,学苑楼商务网关,-4.8,136.24,9786,正常
2016/06/06 11:31:29,b07857493541dd15795204ad3c8f3da56ae8fcdf,5ea50f2619932baf6c2fa81db76c654bc6d7fffd,持卡人消费,学苑楼商务网关,-1.5,134.74,9787,正常
2016/06/06 11:31:37,b07857493541dd15795204ad3c8f3da56ae8fcdf,5ea50f2619932baf6c2fa81db76c654bc6d7fffd,持卡人消费,学苑楼商务网关,-0.4,134.34,9788,正常
2016/06/06 11:33:40,b07857493541dd15795204ad3c8f3da56ae8fcdf,5ea50f2619932baf6c2fa81db76c654bc6d7fffd,持卡人消费,学苑楼商务网关,-3.2,131.14,9789,正常
2016/06/06 11:56:46,b07857493541dd15795204ad3c8f3da56ae8fcdf,5ea50f2619932baf6c2fa81db76c654bc6d7fffd,持卡人消费,超市商务子系统,-2.5,128.64,9790,正常
2016/06/07 08:51:53,b07857493541dd15795204ad3c8f3da56ae8fcdf,5ea50f2619932baf6c2fa81db76c654bc6d7fffd,持卡人消费,学士楼商务网关,-3.2,125.44,9791,正常
2016/06/07 09:07:23,b07857493541dd15795204ad3c8f3da56ae8fcdf,5ea50f2619932baf6c2fa81db76c654bc6d7fffd,持卡人消费,学子超市园丁总店,-5.0,120.44,9792,正常
2016/06/08 21:41:03,b07857493541dd15795204ad3c8f3da56ae8fcdf,5ea50f2619932baf6c2fa81db76c654bc6d7fffd,持卡人消费,学子超市园丁总店,-19.0,101.44,9793,正常
2016/06/08 21:42:39,b07857493541dd15795204ad3c8f3da56ae8fcdf,5ea50f2619932baf6c2fa81db76c654bc6d7fffd,持卡人消费,学子超市园丁总店,-3.0,98.44,9794,正常
2016/06/09 11:53:16,b07857493541dd15795204ad3c8f3da56ae8fcdf,5ea50f2619932baf6c2fa81db76c654bc6d7fffd,持卡人消费,学士楼商务网关,-5.4,93.04,9795,正常
2016/06/09 12:11:43,b07857493541dd15795204ad3c8f3da56ae8fcdf,5ea50f2619932baf6c2fa81db76c654bc6d7fffd,持卡人消费,超市商务子系统,-15.8,77.24,9796,正常
2016/06/09 19:34:40,b07857493541dd15795204ad3c8f3da56ae8fcdf,5ea50f2619932baf6c2fa81db76c654bc6d7fffd,持卡人消费,硕果园（工大商店）,-3.4,73.84,9797,正常
2016/06/09 19:35:56,b07857493541dd15795204ad3c8f3da56ae8fcdf,5ea50f2619932baf6c2fa81db76c654bc6d7fffd,持卡人消费,硕果园（工大商店）,-14.0,59.84,9798,正常
2016/06/09 19:38:31,b07857493541dd15795204ad3c8f3da56ae8fcdf,5ea50f2619932baf6c2fa81db76c654bc6d7fffd,持卡人消费,硕果园（工大商店）,-7.0,52.84,9799,正常
2016/06/10 08:19:13,b07857493541dd15795204ad3c8f3da56ae8fcdf,5ea50f2619932baf6c2fa81db76c654bc6d7fffd,持卡人消费,学士楼商务网关,-2.7,50.14,9800,正常
2016/06/10 08:36:29,b07857493541dd15795204ad3c8f3da56ae8fcdf,5ea50f2619932baf6c2fa81db76c654bc6d7fffd,持卡人消费,超市商务子系统,-4.9,45.24,9801,正常
2016/06/10 10:53:25,b07857493541dd15795204ad3c8f3da56ae8fcdf,5ea50f2619932baf6c2fa81db76c654bc6d7fffd,持卡人消费,身份前置机,-0.62,44.62,9802,正常
2016/06/10 11:22:14,b07857493541dd15795204ad3c8f3da56ae8fcdf,5ea50f2619932baf6c2fa81db76c654bc6d7fffd,持卡人消费,学士楼商务网关,-10.0,34.62,9803,正常
2016/06/10 11:23:17,b07857493541dd15795204ad3c8f3da56ae8fcdf,5ea50f2619932baf6c2fa81db76c654bc6d7fffd,持卡人消费,学士楼商务网关,-4.6,30.02,9804,正常
2016/06/10 14:43:57,b07857493541dd15795204ad3c8f3da56ae8fcdf,5ea50f2619932baf6c2fa81db76c654bc6d7fffd,持卡人消费,一校区水控新,-0.94,29.08,9805,正常
2016/06/10 14:47:48,b07857493541dd15795204ad3c8f3da56ae8fcdf,5ea50f2619932baf6c2fa81db76c654bc6d7fffd,持卡人消费,一校区水控新,-0.4,28.68,9806,正常
2016/06/10 19:39:37,b07857493541dd15795204ad3c8f3da56ae8fcdf,5ea50f2619932baf6c2fa81db76c654bc6d7fffd,持卡人消费,硕果园（工大商店）,-3.1,25.58,9807,正常
2016/06/10 19:42:02,b07857493541dd15795204ad3c8f3da56ae8fcdf,5ea50f2619932baf6c2fa81db76c654bc6d7fffd,持卡人消费,硕果园（工大商店）,-12.0,13.58,9808,正常
2016/06/11 09:28:32,b07857493541dd15795204ad3c8f3da56ae8fcdf,5ea50f2619932baf6c2fa81db76c654bc6d7fffd,持卡人消费,学士楼商务网关,-4.0,9.58,9809,正常
2016/06/11 11:06:42,b07857493541dd15795204ad3c8f3da56ae8fcdf,5ea50f2619932baf6c2fa81db76c654bc6d7fffd,持卡人消费,硕果园（工大商店）,-4.1,5.48,9810,正常
2016/06/11 11:18:31,b07857493541dd15795204ad3c8f3da56ae8fcdf,5ea50f2619932baf6c2fa81db76c654bc6d7fffd,持卡人消费,学士楼商务网关,-4.8,0.68,9811,正常
2016/06/20 11:02:00,b07857493541dd15795204ad3c8f3da56ae8fcdf,5ea50f2619932baf6c2fa81db76c654bc6d7fffd,存款,现金充值机,100.0,100.68,9812,正常
2016/06/20 11:25:18,b07857493541dd15795204ad3c8f3da56ae8fcdf,5ea50f2619932baf6c2fa81db76c654bc6d7fffd,持卡人消费,学苑楼商务网关,-7.5,93.18,9813,正常
2016/06/20 11:27:04,b07857493541dd15795204ad3c8f3da56ae8fcdf,5ea50f2619932baf6c2fa81db76c654bc6d7fffd,持卡人消费,学苑楼商务网关,-2.7,90.48,9814,正常
2016/06/20 12:14:28,b07857493541dd15795204ad3c8f3da56ae8fcdf,5ea50f2619932baf6c2fa81db76c654bc6d7fffd,持卡人消费,一校区水控新,-0.94,89.54,9816,正常
2016/06/20 12:18:03,b07857493541dd15795204ad3c8f3da56ae8fcdf,5ea50f2619932baf6c2fa81db76c654bc6d7fffd,持卡人消费,一校区水控新,-0.4,89.14,9818,正常
2016/06/20 19:59:39,b07857493541dd15795204ad3c8f3da56ae8fcdf,5ea50f2619932baf6c2fa81db76c654bc6d7fffd,持卡人消费,一校区水控新,-0.73,88.41,9819,正常
2016/06/21 07:36:53,b07857493541dd15795204ad3c8f3da56ae8fcdf,5ea50f2619932baf6c2fa81db76c654bc6d7fffd,持卡人消费,学士楼商务网关,-4.6,83.81,9820,正常
2016/06/21 08:34:07,b07857493541dd15795204ad3c8f3da56ae8fcdf,5ea50f2619932baf6c2fa81db76c654bc6d7fffd,持卡人消费,超市商务子系统,-5.0,78.81,9821,正常
2016/06/21 11:54:15,b07857493541dd15795204ad3c8f3da56ae8fcdf,5ea50f2619932baf6c2fa81db76c654bc6d7fffd,持卡人消费,学苑楼商务网关,-8.0,70.81,9822,正常
2016/06/21 11:57:33,b07857493541dd15795204ad3c8f3da56ae8fcdf,5ea50f2619932baf6c2fa81db76c654bc6d7fffd,持卡人消费,学苑楼商务网关,-9.6,61.21,9823,正常
2016/06/21 12:15:47,b07857493541dd15795204ad3c8f3da56ae8fcdf,5ea50f2619932baf6c2fa81db76c654bc6d7fffd,持卡人消费,学苑楼商务网关,-2.4,58.81,9824,正常
2016/06/21 17:37:01,b07857493541dd15795204ad3c8f3da56ae8fcdf,5ea50f2619932baf6c2fa81db76c654bc6d7fffd,持卡人消费,学士楼商务网关,-7.2,51.61,9825,正常
2016/06/21 17:39:02,b07857493541dd15795204ad3c8f3da56ae8fcdf,5ea50f2619932baf6c2fa81db76c654bc6d7fffd,持卡人消费,学士楼商务网关,-3.9,47.71,9826,正常
2016/06/21 20:14:02,b07857493541dd15795204ad3c8f3da56ae8fcdf,5ea50f2619932baf6c2fa81db76c654bc6d7fffd,持卡人消费,一校区水控新,-0.82,46.89,9828,正常
2016/06/21 20:16:13,b07857493541dd15795204ad3c8f3da56ae8fcdf,5ea50f2619932baf6c2fa81db76c654bc6d7fffd,持卡人消费,一校区水控新,-0.32,46.57,9830,正常
2016/06/22 09:45:04,b07857493541dd15795204ad3c8f3da56ae8fcdf,5ea50f2619932baf6c2fa81db76c654bc6d7fffd,持卡人消费,一区图书馆APOS,-0.2,46.37,9831,正常
2016/06/22 12:06:57,b07857493541dd15795204ad3c8f3da56ae8fcdf,5ea50f2619932baf6c2fa81db76c654bc6d7fffd,持卡人消费,15公寓浴池,-0.18,46.19,9833,正常
2016/06/22 12:07:33,b07857493541dd15795204ad3c8f3da56ae8fcdf,5ea50f2619932baf6c2fa81db76c654bc6d7fffd,持卡人消费,15公寓浴池,-0.11,46.08,9835,正常
2016/06/22 12:12:44,b07857493541dd15795204ad3c8f3da56ae8fcdf,5ea50f2619932baf6c2fa81db76c654bc6d7fffd,持卡人消费,15公寓浴池,-0.96,45.12,9837,正常
2016/06/22 12:13:27,b07857493541dd15795204ad3c8f3da56ae8fcdf,5ea50f2619932baf6c2fa81db76c654bc6d7fffd,持卡人消费,15公寓浴池,-0.11,45.01,9839,正常
2016/06/22 12:16:56,b07857493541dd15795204ad3c8f3da56ae8fcdf,5ea50f2619932baf6c2fa81db76c654bc6d7fffd,持卡人消费,15公寓浴池,-0.42,44.59,9841,正常
2016/06/22 12:23:15,b07857493541dd15795204ad3c8f3da56ae8fcdf,5ea50f2619932baf6c2fa81db76c654bc6d7fffd,持卡人消费,学子便利店A01后楼,-3.8,40.79,9842,正常
2016/06/22 21:34:55,b07857493541dd15795204ad3c8f3da56ae8fcdf,5ea50f2619932baf6c2fa81db76c654bc6d7fffd,持卡人消费,学子便利店A01后楼,-7.1,33.69,9843,正常
2016/06/23 16:21:38,b07857493541dd15795204ad3c8f3da56ae8fcdf,5ea50f2619932baf6c2fa81db76c654bc6d7fffd,持卡人消费,一校区水控新,-1.1,32.59,9844,正常
2016/06/23 16:26:22,b07857493541dd15795204ad3c8f3da56ae8fcdf,5ea50f2619932baf6c2fa81db76c654bc6d7fffd,持卡人消费,一校区水控新,-0.68,31.91,9845,正常
2016/06/23 17:08:57,b07857493541dd15795204ad3c8f3da56ae8fcdf,5ea50f2619932baf6c2fa81db76c654bc6d7fffd,持卡人消费,学士楼商务网关,-6.0,25.91,9846,正常
2016/06/23 17:14:45,b07857493541dd15795204ad3c8f3da56ae8fcdf,5ea50f2619932baf6c2fa81db76c654bc6d7fffd,持卡人消费,学士楼商务网关,-5.2,20.71,9847,正常
2016/06/24 07:50:57,b07857493541dd15795204ad3c8f3da56ae8fcdf,5ea50f2619932baf6c2fa81db76c654bc6d7fffd,持卡人消费,学士楼商务网关,-4.6,16.11,9848,正常
2016/06/24 11:52:56,b07857493541dd15795204ad3c8f3da56ae8fcdf,5ea50f2619932baf6c2fa81db76c654bc6d7fffd,持卡人消费,学苑楼商务网关,-6.0,10.11,9849,正常
2016/06/24 11:55:01,b07857493541dd15795204ad3c8f3da56ae8fcdf,5ea50f2619932baf6c2fa81db76c654bc6d7fffd,持卡人消费,学苑楼商务网关,-6.0,4.11,9850,正常
2016/06/24 17:07:36,b07857493541dd15795204ad3c8f3da56ae8fcdf,5ea50f2619932baf6c2fa81db76c654bc6d7fffd,存款,现金充值机,100.0,104.11,9851,正常
2016/06/24 17:31:28,b07857493541dd15795204ad3c8f3da56ae8fcdf,5ea50f2619932baf6c2fa81db76c654bc6d7fffd,持卡人消费,学苑楼商务网关,-8.8,95.31,9852,正常
2016/06/24 17:32:37,b07857493541dd15795204ad3c8f3da56ae8fcdf,5ea50f2619932baf6c2fa81db76c654bc6d7fffd,持卡人消费,学苑楼商务网关,-2.7,92.61,9853,正常
2016/06/24 20:35:03,b07857493541dd15795204ad3c8f3da56ae8fcdf,5ea50f2619932baf6c2fa81db76c654bc6d7fffd,持卡人消费,学子超市园丁总店,-6.1,86.51,9854,正常
2016/06/25 08:45:56,b07857493541dd15795204ad3c8f3da56ae8fcdf,5ea50f2619932baf6c2fa81db76c654bc6d7fffd,持卡人消费,学士楼商务网关,-4.6,81.91,9855,正常
2016/06/25 08:46:01,b07857493541dd15795204ad3c8f3da56ae8fcdf,5ea50f2619932baf6c2fa81db76c654bc6d7fffd,持卡人消费,学士楼商务网关,-1.0,80.91,9856,正常
2016/06/25 13:51:14,b07857493541dd15795204ad3c8f3da56ae8fcdf,5ea50f2619932baf6c2fa81db76c654bc6d7fffd,持卡人消费,一校区水控新,-1.15,79.76,9857,正常
2016/06/25 13:55:23,b07857493541dd15795204ad3c8f3da56ae8fcdf,5ea50f2619932baf6c2fa81db76c654bc6d7fffd,持卡人消费,一校区水控新,-0.54,79.22,9858,正常
2016/06/26 07:11:28,b07857493541dd15795204ad3c8f3da56ae8fcdf,5ea50f2619932baf6c2fa81db76c654bc6d7fffd,持卡人消费,学士楼商务网关,-3.9,75.32,9859,正常
2016/06/26 11:41:39,b07857493541dd15795204ad3c8f3da56ae8fcdf,5ea50f2619932baf6c2fa81db76c654bc6d7fffd,持卡人消费,学苑楼商务网关,-7.0,68.32,9860,正常
2016/06/26 11:45:10,b07857493541dd15795204ad3c8f3da56ae8fcdf,5ea50f2619932baf6c2fa81db76c654bc6d7fffd,持卡人消费,学苑楼商务网关,-4.4,63.92,9861,正常
2016/06/26 13:27:38,b07857493541dd15795204ad3c8f3da56ae8fcdf,5ea50f2619932baf6c2fa81db76c654bc6d7fffd,持卡人消费,一校区水控新,-0.96,62.96,9863,正常
2016/06/26 13:29:42,b07857493541dd15795204ad3c8f3da56ae8fcdf,5ea50f2619932baf6c2fa81db76c654bc6d7fffd,持卡人消费,一校区水控新,-0.27,62.69,9865,正常
2016/06/27 11:15:04,b07857493541dd15795204ad3c8f3da56ae8fcdf,5ea50f2619932baf6c2fa81db76c654bc6d7fffd,持卡人消费,学士楼商务网关,-4.0,58.69,9866,正常
2016/06/27 11:15:46,b07857493541dd15795204ad3c8f3da56ae8fcdf,5ea50f2619932baf6c2fa81db76c654bc6d7fffd,持卡人消费,学士楼商务网关,-2.5,56.19,9867,正常
2016/06/27 11:16:54,b07857493541dd15795204ad3c8f3da56ae8fcdf,5ea50f2619932baf6c2fa81db76c654bc6d7fffd,持卡人消费,学士楼商务网关,-6.0,50.19,9868,正常
2016/06/27 11:20:39,b07857493541dd15795204ad3c8f3da56ae8fcdf,5ea50f2619932baf6c2fa81db76c654bc6d7fffd,持卡人消费,学士楼商务网关,-1.0,49.19,9869,正常
2016/06/27 11:43:09,b07857493541dd15795204ad3c8f3da56ae8fcdf,5ea50f2619932baf6c2fa81db76c654bc6d7fffd,持卡人消费,超市商务子系统,-8.9,40.29,9870,正常
2016/06/27 17:35:07,b07857493541dd15795204ad3c8f3da56ae8fcdf,5ea50f2619932baf6c2fa81db76c654bc6d7fffd,持卡人消费,学苑楼商务网关,-7.9,32.39,9871,正常
2016/06/27 17:37:05,b07857493541dd15795204ad3c8f3da56ae8fcdf,5ea50f2619932baf6c2fa81db76c654bc6d7fffd,持卡人消费,学苑楼商务网关,-4.5,27.89,9872,正常
2016/06/27 20:42:11,b07857493541dd15795204ad3c8f3da56ae8fcdf,5ea50f2619932baf6c2fa81db76c654bc6d7fffd,持卡人消费,一校区水控新,-0.01,27.88,9873,正常
2016/06/27 20:42:19,b07857493541dd15795204ad3c8f3da56ae8fcdf,5ea50f2619932baf6c2fa81db76c654bc6d7fffd,持卡人消费,一校区水控新,-0.01,27.87,9874,正常
2016/06/27 20:42:27,b07857493541dd15795204ad3c8f3da56ae8fcdf,5ea50f2619932baf6c2fa81db76c654bc6d7fffd,持卡人消费,一校区水控新,-0.01,27.86,9875,正常
2016/06/27 20:47:33,b07857493541dd15795204ad3c8f3da56ae8fcdf,5ea50f2619932baf6c2fa81db76c654bc6d7fffd,持卡人消费,一校区水控新,-0.85,27.01,9877,正常
2016/06/27 20:50:08,b07857493541dd15795204ad3c8f3da56ae8fcdf,5ea50f2619932baf6c2fa81db76c654bc6d7fffd,持卡人消费,一校区水控新,-0.32,26.69,9879,正常
2016/06/28 07:13:45,b07857493541dd15795204ad3c8f3da56ae8fcdf,5ea50f2619932baf6c2fa81db76c654bc6d7fffd,持卡人消费,学士楼商务网关,-2.4,24.29,9880,正常
