交易发生时间,学号,姓名,交易类型,子系统名称,交易额,现有余额,次数,状态
2016/06/01 07:49:09,20fbbe20d289dea14e4e7eb37f1d15e4dfafd788,5f5a8b04ddb2494e22d6b8e89da59d212a404ad7,持卡人消费,学士楼商务网关,-3.7,52.29,4126,正常
2016/06/01 11:20:17,20fbbe20d289dea14e4e7eb37f1d15e4dfafd788,5f5a8b04ddb2494e22d6b8e89da59d212a404ad7,持卡人消费,硕果园（工大商店）,-8.0,44.29,4127,正常
2016/06/02 08:53:55,20fbbe20d289dea14e4e7eb37f1d15e4dfafd788,5f5a8b04ddb2494e22d6b8e89da59d212a404ad7,持卡人消费,学士楼商务网关,-6.0,38.29,4128,正常
2016/06/02 17:23:15,20fbbe20d289dea14e4e7eb37f1d15e4dfafd788,5f5a8b04ddb2494e22d6b8e89da59d212a404ad7,持卡人消费,15公寓浴池,-1.71,36.58,4130,正常
2016/06/03 07:54:45,20fbbe20d289dea14e4e7eb37f1d15e4dfafd788,5f5a8b04ddb2494e22d6b8e89da59d212a404ad7,持卡人消费,学士楼商务网关,-2.0,34.58,4131,正常
2016/06/03 07:54:48,20fbbe20d289dea14e4e7eb37f1d15e4dfafd788,5f5a8b04ddb2494e22d6b8e89da59d212a404ad7,持卡人消费,学士楼商务网关,-0.5,34.08,4132,正常
2016/06/04 11:45:59,20fbbe20d289dea14e4e7eb37f1d15e4dfafd788,5f5a8b04ddb2494e22d6b8e89da59d212a404ad7,持卡人消费,南苑网关,-8.4,25.68,4133,正常
2016/06/04 18:02:28,20fbbe20d289dea14e4e7eb37f1d15e4dfafd788,5f5a8b04ddb2494e22d6b8e89da59d212a404ad7,持卡人消费,学士楼商务网关,-12.0,13.68,4134,正常
2016/06/05 08:33:32,20fbbe20d289dea14e4e7eb37f1d15e4dfafd788,5f5a8b04ddb2494e22d6b8e89da59d212a404ad7,持卡人消费,学士楼商务网关,-6.0,7.68,4135,正常
2016/06/05 14:00:58,20fbbe20d289dea14e4e7eb37f1d15e4dfafd788,5f5a8b04ddb2494e22d6b8e89da59d212a404ad7,持卡人消费,游泳馆,-6.0,1.68,4136,正常
2016/06/06 09:44:21,20fbbe20d289dea14e4e7eb37f1d15e4dfafd788,5f5a8b04ddb2494e22d6b8e89da59d212a404ad7,存款,现金充值机,100.0,101.68,4137,正常
2016/06/06 10:06:45,20fbbe20d289dea14e4e7eb37f1d15e4dfafd788,5f5a8b04ddb2494e22d6b8e89da59d212a404ad7,持卡人消费,超市商务子系统,-10.0,91.68,4138,正常
2016/06/06 10:08:14,20fbbe20d289dea14e4e7eb37f1d15e4dfafd788,5f5a8b04ddb2494e22d6b8e89da59d212a404ad7,持卡人消费,超市商务子系统,-15.0,76.68,4139,正常
2016/06/06 10:10:18,20fbbe20d289dea14e4e7eb37f1d15e4dfafd788,5f5a8b04ddb2494e22d6b8e89da59d212a404ad7,持卡人消费,超市商务子系统,-5.7,70.98,4140,正常
2016/06/06 16:54:03,20fbbe20d289dea14e4e7eb37f1d15e4dfafd788,5f5a8b04ddb2494e22d6b8e89da59d212a404ad7,持卡人消费,硕果园（工大商店）,-5.0,65.98,4141,正常
2016/06/06 16:54:10,20fbbe20d289dea14e4e7eb37f1d15e4dfafd788,5f5a8b04ddb2494e22d6b8e89da59d212a404ad7,持卡人消费,硕果园（工大商店）,-2.0,63.98,4142,正常
2016/06/07 20:18:46,20fbbe20d289dea14e4e7eb37f1d15e4dfafd788,5f5a8b04ddb2494e22d6b8e89da59d212a404ad7,持卡人消费,15公寓浴池,-1.04,62.94,4144,正常
2016/06/08 08:48:18,20fbbe20d289dea14e4e7eb37f1d15e4dfafd788,5f5a8b04ddb2494e22d6b8e89da59d212a404ad7,持卡人消费,学士楼商务网关,-2.0,60.94,4145,正常
2016/06/08 08:48:41,20fbbe20d289dea14e4e7eb37f1d15e4dfafd788,5f5a8b04ddb2494e22d6b8e89da59d212a404ad7,持卡人消费,学士楼商务网关,-6.0,54.94,4146,正常
2016/06/09 09:07:58,20fbbe20d289dea14e4e7eb37f1d15e4dfafd788,5f5a8b04ddb2494e22d6b8e89da59d212a404ad7,持卡人消费,学士楼商务网关,-6.0,48.94,4147,正常
2016/06/09 09:08:16,20fbbe20d289dea14e4e7eb37f1d15e4dfafd788,5f5a8b04ddb2494e22d6b8e89da59d212a404ad7,持卡人消费,学士楼商务网关,-1.0,47.94,4148,正常
2016/06/11 12:21:32,20fbbe20d289dea14e4e7eb37f1d15e4dfafd788,5f5a8b04ddb2494e22d6b8e89da59d212a404ad7,持卡人消费,硕果园（工大商店）,-15.0,32.94,4149,正常
2016/06/11 12:27:51,20fbbe20d289dea14e4e7eb37f1d15e4dfafd788,5f5a8b04ddb2494e22d6b8e89da59d212a404ad7,持卡人消费,硕果园（工大商店）,-2.0,30.94,4150,正常
2016/06/11 19:07:55,20fbbe20d289dea14e4e7eb37f1d15e4dfafd788,5f5a8b04ddb2494e22d6b8e89da59d212a404ad7,持卡人消费,硕果园（工大商店）,-10.0,20.94,4151,正常
2016/06/13 08:55:04,20fbbe20d289dea14e4e7eb37f1d15e4dfafd788,5f5a8b04ddb2494e22d6b8e89da59d212a404ad7,持卡人消费,学士楼商务网关,-6.0,14.94,4152,正常
2016/06/13 12:42:50,20fbbe20d289dea14e4e7eb37f1d15e4dfafd788,5f5a8b04ddb2494e22d6b8e89da59d212a404ad7,持卡人消费,学士楼商务网关,-2.1,12.84,4153,正常
2016/06/13 12:43:48,20fbbe20d289dea14e4e7eb37f1d15e4dfafd788,5f5a8b04ddb2494e22d6b8e89da59d212a404ad7,持卡人消费,学士楼商务网关,-1.5,11.34,4154,正常
2016/06/13 17:36:35,20fbbe20d289dea14e4e7eb37f1d15e4dfafd788,5f5a8b04ddb2494e22d6b8e89da59d212a404ad7,持卡人消费,15公寓浴池,-1.41,9.93,4156,正常
2016/06/14 08:00:54,20fbbe20d289dea14e4e7eb37f1d15e4dfafd788,5f5a8b04ddb2494e22d6b8e89da59d212a404ad7,持卡人消费,学士楼商务网关,-6.0,3.93,4157,正常
2016/06/14 08:04:57,20fbbe20d289dea14e4e7eb37f1d15e4dfafd788,5f5a8b04ddb2494e22d6b8e89da59d212a404ad7,持卡人消费,学士楼商务网关,-0.6,3.33,4158,正常
2016/06/14 08:14:33,20fbbe20d289dea14e4e7eb37f1d15e4dfafd788,5f5a8b04ddb2494e22d6b8e89da59d212a404ad7,持卡人消费,学士楼商务网关,-0.5,2.83,4159,正常
2016/06/15 07:04:21,20fbbe20d289dea14e4e7eb37f1d15e4dfafd788,5f5a8b04ddb2494e22d6b8e89da59d212a404ad7,存款,现金充值机,100.0,102.83,4160,正常
2016/06/15 07:26:46,20fbbe20d289dea14e4e7eb37f1d15e4dfafd788,5f5a8b04ddb2494e22d6b8e89da59d212a404ad7,持卡人消费,学苑楼商务网关,-2.5,100.33,4161,正常
2016/06/15 07:28:00,20fbbe20d289dea14e4e7eb37f1d15e4dfafd788,5f5a8b04ddb2494e22d6b8e89da59d212a404ad7,持卡人消费,学苑楼商务网关,-2.0,98.33,4162,正常
2016/06/16 08:52:35,20fbbe20d289dea14e4e7eb37f1d15e4dfafd788,5f5a8b04ddb2494e22d6b8e89da59d212a404ad7,持卡人消费,学苑楼商务网关,-9.0,89.33,4163,正常
2016/06/17 08:10:04,20fbbe20d289dea14e4e7eb37f1d15e4dfafd788,5f5a8b04ddb2494e22d6b8e89da59d212a404ad7,持卡人消费,学士楼商务网关,-6.0,83.33,4164,正常
2016/06/22 14:58:49,20fbbe20d289dea14e4e7eb37f1d15e4dfafd788,5f5a8b04ddb2494e22d6b8e89da59d212a404ad7,持卡人消费,学士楼商务网关,-7.0,76.33,4165,正常
2016/06/22 15:08:06,20fbbe20d289dea14e4e7eb37f1d15e4dfafd788,5f5a8b04ddb2494e22d6b8e89da59d212a404ad7,持卡人消费,学士楼商务网关,-20.0,56.33,4166,正常
2016/06/22 15:22:03,20fbbe20d289dea14e4e7eb37f1d15e4dfafd788,5f5a8b04ddb2494e22d6b8e89da59d212a404ad7,持卡人消费,学士楼商务网关,-0.5,55.83,4167,正常
2016/06/22 15:36:55,20fbbe20d289dea14e4e7eb37f1d15e4dfafd788,5f5a8b04ddb2494e22d6b8e89da59d212a404ad7,持卡人消费,一区图书馆存包柜,-35.0,20.83,4168,正常
2016/06/23 17:14:39,20fbbe20d289dea14e4e7eb37f1d15e4dfafd788,5f5a8b04ddb2494e22d6b8e89da59d212a404ad7,持卡人消费,游泳馆,-6.0,14.83,4169,正常
2016/06/24 08:33:42,20fbbe20d289dea14e4e7eb37f1d15e4dfafd788,5f5a8b04ddb2494e22d6b8e89da59d212a404ad7,持卡人消费,学士楼商务网关,-6.0,8.83,4170,正常
2016/06/24 08:36:25,20fbbe20d289dea14e4e7eb37f1d15e4dfafd788,5f5a8b04ddb2494e22d6b8e89da59d212a404ad7,持卡人消费,学士楼商务网关,-0.6,8.23,4171,正常
2016/06/26 19:22:11,20fbbe20d289dea14e4e7eb37f1d15e4dfafd788,5f5a8b04ddb2494e22d6b8e89da59d212a404ad7,持卡人消费,硕果园（工大商店）,-2.0,6.23,4172,正常
2016/06/27 07:50:22,20fbbe20d289dea14e4e7eb37f1d15e4dfafd788,5f5a8b04ddb2494e22d6b8e89da59d212a404ad7,持卡人消费,学士楼商务网关,-6.0,0.23,4173,正常
2016/06/27 07:50:55,20fbbe20d289dea14e4e7eb37f1d15e4dfafd788,5f5a8b04ddb2494e22d6b8e89da59d212a404ad7,持卡人消费,学士楼商务网关,-0.2,0.03,4174,正常
