交易发生时间,学号,姓名,交易类型,子系统名称,交易额,现有余额,次数,状态
2016/06/01 09:15:08,89c8ea4aa5431430a89e6897ab12148cca82c229,5f7e34b96dcf6d5450ee36bf2f6301837ed8ed55,持卡人消费,学子便利店B07,-3.1,12.19,4991,正常
2016/06/01 11:27:56,89c8ea4aa5431430a89e6897ab12148cca82c229,5f7e34b96dcf6d5450ee36bf2f6301837ed8ed55,持卡人消费,九食堂商务网关,-4.6,7.59,4992,正常
2016/06/01 12:28:01,89c8ea4aa5431430a89e6897ab12148cca82c229,5f7e34b96dcf6d5450ee36bf2f6301837ed8ed55,存款,现金充值机,200.0,207.59,4993,正常
2016/06/01 12:31:28,89c8ea4aa5431430a89e6897ab12148cca82c229,5f7e34b96dcf6d5450ee36bf2f6301837ed8ed55,持卡人消费,网络中心,-30.0,177.59,4994,正常
2016/06/01 16:52:20,89c8ea4aa5431430a89e6897ab12148cca82c229,5f7e34b96dcf6d5450ee36bf2f6301837ed8ed55,持卡人消费,二区水控,-2.74,174.85,4996,正常
2016/06/01 19:37:56,89c8ea4aa5431430a89e6897ab12148cca82c229,5f7e34b96dcf6d5450ee36bf2f6301837ed8ed55,持卡人消费,学子便利店B07,-5.4,169.45,4997,正常
2016/06/02 11:26:20,89c8ea4aa5431430a89e6897ab12148cca82c229,5f7e34b96dcf6d5450ee36bf2f6301837ed8ed55,持卡人消费,九食堂商务网关,-5.6,163.85,4998,正常
2016/06/02 17:30:56,89c8ea4aa5431430a89e6897ab12148cca82c229,5f7e34b96dcf6d5450ee36bf2f6301837ed8ed55,持卡人消费,九食堂商务网关,-10.0,153.85,4999,正常
2016/06/03 09:31:26,89c8ea4aa5431430a89e6897ab12148cca82c229,5f7e34b96dcf6d5450ee36bf2f6301837ed8ed55,持卡人消费,学子便利店B07,-3.6,150.25,5000,正常
2016/06/03 10:42:08,89c8ea4aa5431430a89e6897ab12148cca82c229,5f7e34b96dcf6d5450ee36bf2f6301837ed8ed55,持卡人消费,学子便利店B07,-5.9,144.35,5001,正常
2016/06/03 11:46:39,89c8ea4aa5431430a89e6897ab12148cca82c229,5f7e34b96dcf6d5450ee36bf2f6301837ed8ed55,持卡人消费,九食堂商务网关,-2.6,141.75,5002,正常
2016/06/04 11:32:31,89c8ea4aa5431430a89e6897ab12148cca82c229,5f7e34b96dcf6d5450ee36bf2f6301837ed8ed55,持卡人消费,四食堂商务网关,-6.22,135.53,5003,正常
2016/06/04 16:03:26,89c8ea4aa5431430a89e6897ab12148cca82c229,5f7e34b96dcf6d5450ee36bf2f6301837ed8ed55,持卡人消费,二区水控,-2.93,132.60,5005,正常
2016/06/04 17:44:42,89c8ea4aa5431430a89e6897ab12148cca82c229,5f7e34b96dcf6d5450ee36bf2f6301837ed8ed55,持卡人消费,九食堂商务网关,-9.0,123.60,5006,正常
2016/06/05 09:01:46,89c8ea4aa5431430a89e6897ab12148cca82c229,5f7e34b96dcf6d5450ee36bf2f6301837ed8ed55,持卡人消费,学子便利店B07,-2.6,121.00,5007,正常
2016/06/05 11:33:57,89c8ea4aa5431430a89e6897ab12148cca82c229,5f7e34b96dcf6d5450ee36bf2f6301837ed8ed55,持卡人消费,九食堂商务网关,-2.6,118.40,5008,正常
2016/06/06 10:07:10,89c8ea4aa5431430a89e6897ab12148cca82c229,5f7e34b96dcf6d5450ee36bf2f6301837ed8ed55,持卡人消费,学子便利店B07,-4.1,114.30,5009,正常
2016/06/06 11:31:38,89c8ea4aa5431430a89e6897ab12148cca82c229,5f7e34b96dcf6d5450ee36bf2f6301837ed8ed55,持卡人消费,四食堂商务网关,-4.97,109.33,5010,正常
2016/06/07 16:41:55,89c8ea4aa5431430a89e6897ab12148cca82c229,5f7e34b96dcf6d5450ee36bf2f6301837ed8ed55,持卡人消费,二区水控,-0.21,109.12,5012,正常
2016/06/07 16:58:06,89c8ea4aa5431430a89e6897ab12148cca82c229,5f7e34b96dcf6d5450ee36bf2f6301837ed8ed55,持卡人消费,二区水控,-2.99,106.13,5014,正常
2016/06/07 17:01:12,89c8ea4aa5431430a89e6897ab12148cca82c229,5f7e34b96dcf6d5450ee36bf2f6301837ed8ed55,持卡人消费,二区水控,-0.56,105.57,5016,正常
2016/06/07 17:37:42,89c8ea4aa5431430a89e6897ab12148cca82c229,5f7e34b96dcf6d5450ee36bf2f6301837ed8ed55,持卡人消费,九食堂商务网关,-1.0,104.57,5017,正常
2016/06/07 17:37:52,89c8ea4aa5431430a89e6897ab12148cca82c229,5f7e34b96dcf6d5450ee36bf2f6301837ed8ed55,持卡人消费,九食堂商务网关,-3.5,101.07,5018,正常
2016/06/07 17:47:23,89c8ea4aa5431430a89e6897ab12148cca82c229,5f7e34b96dcf6d5450ee36bf2f6301837ed8ed55,持卡人消费,学子便利店B07,-7.0,94.07,5019,正常
2016/06/08 07:53:13,89c8ea4aa5431430a89e6897ab12148cca82c229,5f7e34b96dcf6d5450ee36bf2f6301837ed8ed55,持卡人消费,四食堂商务网关,-1.5,92.57,5020,正常
2016/06/08 11:28:14,89c8ea4aa5431430a89e6897ab12148cca82c229,5f7e34b96dcf6d5450ee36bf2f6301837ed8ed55,持卡人消费,五食堂商务网关,-10.0,82.57,5021,正常
2016/06/08 10:32:43,89c8ea4aa5431430a89e6897ab12148cca82c229,5f7e34b96dcf6d5450ee36bf2f6301837ed8ed55,持卡人消费,四食堂商务网关,-0.6,81.97,5022,正常
2016/06/08 10:33:21,89c8ea4aa5431430a89e6897ab12148cca82c229,5f7e34b96dcf6d5450ee36bf2f6301837ed8ed55,持卡人消费,四食堂商务网关,-3.0,78.97,5023,正常
2016/06/08 17:44:46,89c8ea4aa5431430a89e6897ab12148cca82c229,5f7e34b96dcf6d5450ee36bf2f6301837ed8ed55,持卡人消费,四食堂商务网关,-8.0,70.97,5024,正常
2016/06/09 12:04:56,89c8ea4aa5431430a89e6897ab12148cca82c229,5f7e34b96dcf6d5450ee36bf2f6301837ed8ed55,持卡人消费,九食堂商务网关,-3.6,67.37,5025,正常
2016/06/09 18:00:48,89c8ea4aa5431430a89e6897ab12148cca82c229,5f7e34b96dcf6d5450ee36bf2f6301837ed8ed55,持卡人消费,九食堂商务网关,-10.0,57.37,5026,正常
2016/06/10 09:24:59,89c8ea4aa5431430a89e6897ab12148cca82c229,5f7e34b96dcf6d5450ee36bf2f6301837ed8ed55,持卡人消费,学子便利店B07,-3.1,54.27,5027,正常
2016/06/10 11:54:24,89c8ea4aa5431430a89e6897ab12148cca82c229,5f7e34b96dcf6d5450ee36bf2f6301837ed8ed55,持卡人消费,九食堂商务网关,-10.0,44.27,5028,正常
2016/06/10 11:54:46,89c8ea4aa5431430a89e6897ab12148cca82c229,5f7e34b96dcf6d5450ee36bf2f6301837ed8ed55,持卡人消费,九食堂商务网关,-10.0,34.27,5029,正常
2016/06/10 17:45:50,89c8ea4aa5431430a89e6897ab12148cca82c229,5f7e34b96dcf6d5450ee36bf2f6301837ed8ed55,持卡人消费,九食堂商务网关,-3.1,31.17,5030,正常
2016/06/11 09:44:02,89c8ea4aa5431430a89e6897ab12148cca82c229,5f7e34b96dcf6d5450ee36bf2f6301837ed8ed55,持卡人消费,学子便利店B07,-3.7,27.47,5031,正常
2016/06/11 09:48:02,89c8ea4aa5431430a89e6897ab12148cca82c229,5f7e34b96dcf6d5450ee36bf2f6301837ed8ed55,持卡人消费,学子便利店B07,-4.1,23.37,5032,正常
2016/06/11 11:37:07,89c8ea4aa5431430a89e6897ab12148cca82c229,5f7e34b96dcf6d5450ee36bf2f6301837ed8ed55,持卡人消费,九食堂商务网关,-8.0,15.37,5033,正常
2016/06/11 17:37:02,89c8ea4aa5431430a89e6897ab12148cca82c229,5f7e34b96dcf6d5450ee36bf2f6301837ed8ed55,持卡人消费,九食堂商务网关,-4.1,11.27,5034,正常
2016/06/11 17:38:00,89c8ea4aa5431430a89e6897ab12148cca82c229,5f7e34b96dcf6d5450ee36bf2f6301837ed8ed55,持卡人消费,九食堂商务网关,-1.0,10.27,5035,正常
2016/06/12 08:32:26,89c8ea4aa5431430a89e6897ab12148cca82c229,5f7e34b96dcf6d5450ee36bf2f6301837ed8ed55,持卡人消费,学子便利店B07,-3.1,7.17,5036,正常
2016/06/12 11:33:25,89c8ea4aa5431430a89e6897ab12148cca82c229,5f7e34b96dcf6d5450ee36bf2f6301837ed8ed55,持卡人消费,九食堂商务网关,-5.6,1.57,5037,正常
2016/06/13 17:29:00,89c8ea4aa5431430a89e6897ab12148cca82c229,5f7e34b96dcf6d5450ee36bf2f6301837ed8ed55,存款,2区卡中心综合业务,100.0,101.57,5038,正常
2016/06/13 17:29:48,89c8ea4aa5431430a89e6897ab12148cca82c229,5f7e34b96dcf6d5450ee36bf2f6301837ed8ed55,持卡人消费,九食堂商务网关,-4.5,97.07,5039,正常
2016/06/13 20:04:14,89c8ea4aa5431430a89e6897ab12148cca82c229,5f7e34b96dcf6d5450ee36bf2f6301837ed8ed55,持卡人消费,二区水控,-3.0,94.07,5040,正常
2016/06/13 20:05:09,89c8ea4aa5431430a89e6897ab12148cca82c229,5f7e34b96dcf6d5450ee36bf2f6301837ed8ed55,持卡人消费,二区水控,-0.16,93.91,5042,正常
2016/06/14 21:55:05,89c8ea4aa5431430a89e6897ab12148cca82c229,5f7e34b96dcf6d5450ee36bf2f6301837ed8ed55,持卡人消费,学子便利店B07,-2.0,91.91,5043,正常
2016/06/15 11:34:04,89c8ea4aa5431430a89e6897ab12148cca82c229,5f7e34b96dcf6d5450ee36bf2f6301837ed8ed55,持卡人消费,九食堂商务网关,-11.0,80.91,5044,正常
2016/06/15 17:15:56,89c8ea4aa5431430a89e6897ab12148cca82c229,5f7e34b96dcf6d5450ee36bf2f6301837ed8ed55,持卡人消费,九食堂商务网关,-5.0,75.91,5045,正常
2016/06/16 11:19:42,89c8ea4aa5431430a89e6897ab12148cca82c229,5f7e34b96dcf6d5450ee36bf2f6301837ed8ed55,持卡人消费,九食堂商务网关,-10.0,65.91,5046,正常
2016/06/16 11:28:27,89c8ea4aa5431430a89e6897ab12148cca82c229,5f7e34b96dcf6d5450ee36bf2f6301837ed8ed55,持卡人消费,九食堂商务网关,-10.0,55.91,5047,正常
2016/06/16 16:51:57,89c8ea4aa5431430a89e6897ab12148cca82c229,5f7e34b96dcf6d5450ee36bf2f6301837ed8ed55,持卡人消费,二区水控,-0.61,55.30,5049,正常
2016/06/16 17:01:21,89c8ea4aa5431430a89e6897ab12148cca82c229,5f7e34b96dcf6d5450ee36bf2f6301837ed8ed55,持卡人消费,二区水控,-1.62,53.68,5051,正常
2016/06/16 17:31:58,89c8ea4aa5431430a89e6897ab12148cca82c229,5f7e34b96dcf6d5450ee36bf2f6301837ed8ed55,持卡人消费,九食堂商务网关,-4.5,49.18,5052,正常
2016/06/17 08:21:10,89c8ea4aa5431430a89e6897ab12148cca82c229,5f7e34b96dcf6d5450ee36bf2f6301837ed8ed55,持卡人消费,学子便利店B07,-2.6,46.58,5053,正常
2016/06/17 11:50:11,89c8ea4aa5431430a89e6897ab12148cca82c229,5f7e34b96dcf6d5450ee36bf2f6301837ed8ed55,持卡人消费,九食堂商务网关,-5.0,41.58,5054,正常
2016/06/17 17:10:40,89c8ea4aa5431430a89e6897ab12148cca82c229,5f7e34b96dcf6d5450ee36bf2f6301837ed8ed55,持卡人消费,九食堂商务网关,-6.0,35.58,5055,正常
2016/06/18 11:27:52,89c8ea4aa5431430a89e6897ab12148cca82c229,5f7e34b96dcf6d5450ee36bf2f6301837ed8ed55,持卡人消费,九食堂商务网关,-5.0,30.58,5056,正常
2016/06/19 08:57:12,89c8ea4aa5431430a89e6897ab12148cca82c229,5f7e34b96dcf6d5450ee36bf2f6301837ed8ed55,持卡人消费,学子便利店B07,-3.1,27.48,5057,正常
2016/06/19 12:28:24,89c8ea4aa5431430a89e6897ab12148cca82c229,5f7e34b96dcf6d5450ee36bf2f6301837ed8ed55,持卡人消费,四食堂商务网关,-9.0,18.48,5058,正常
2016/06/20 11:36:48,89c8ea4aa5431430a89e6897ab12148cca82c229,5f7e34b96dcf6d5450ee36bf2f6301837ed8ed55,持卡人消费,九食堂商务网关,-3.1,15.38,5059,正常
2016/06/20 11:38:32,89c8ea4aa5431430a89e6897ab12148cca82c229,5f7e34b96dcf6d5450ee36bf2f6301837ed8ed55,持卡人消费,九食堂商务网关,-2.5,12.88,5060,正常
2016/06/20 17:40:37,89c8ea4aa5431430a89e6897ab12148cca82c229,5f7e34b96dcf6d5450ee36bf2f6301837ed8ed55,持卡人消费,九食堂商务网关,-5.6,7.28,5061,正常
2016/06/20 17:15:31,89c8ea4aa5431430a89e6897ab12148cca82c229,5f7e34b96dcf6d5450ee36bf2f6301837ed8ed55,存款,现金充值机,100.0,107.28,5062,正常
2016/06/20 17:54:13,89c8ea4aa5431430a89e6897ab12148cca82c229,5f7e34b96dcf6d5450ee36bf2f6301837ed8ed55,持卡人消费,学子便利店B07,-2.6,104.68,5063,正常
2016/06/21 08:37:22,89c8ea4aa5431430a89e6897ab12148cca82c229,5f7e34b96dcf6d5450ee36bf2f6301837ed8ed55,持卡人消费,学子便利店B07,-3.1,101.58,5064,正常
2016/06/21 08:37:36,89c8ea4aa5431430a89e6897ab12148cca82c229,5f7e34b96dcf6d5450ee36bf2f6301837ed8ed55,持卡人消费,学子便利店B07,-2.1,99.48,5065,正常
2016/06/21 08:37:38,89c8ea4aa5431430a89e6897ab12148cca82c229,5f7e34b96dcf6d5450ee36bf2f6301837ed8ed55,持卡人消费,学子便利店B07,-1.0,98.48,5066,正常
2016/06/21 08:48:01,89c8ea4aa5431430a89e6897ab12148cca82c229,5f7e34b96dcf6d5450ee36bf2f6301837ed8ed55,持卡人消费,学子便利店B07,-0.9,97.58,5067,正常
2016/06/21 11:53:03,89c8ea4aa5431430a89e6897ab12148cca82c229,5f7e34b96dcf6d5450ee36bf2f6301837ed8ed55,持卡人消费,九食堂商务网关,-5.0,92.58,5068,正常
2016/06/21 11:53:49,89c8ea4aa5431430a89e6897ab12148cca82c229,5f7e34b96dcf6d5450ee36bf2f6301837ed8ed55,持卡人消费,九食堂商务网关,-1.0,91.58,5069,正常
2016/06/21 17:50:51,89c8ea4aa5431430a89e6897ab12148cca82c229,5f7e34b96dcf6d5450ee36bf2f6301837ed8ed55,持卡人消费,九食堂商务网关,-4.5,87.08,5070,正常
2016/06/21 18:55:13,89c8ea4aa5431430a89e6897ab12148cca82c229,5f7e34b96dcf6d5450ee36bf2f6301837ed8ed55,持卡人消费,二区水控,-3.0,84.08,5071,正常
2016/06/21 22:23:11,89c8ea4aa5431430a89e6897ab12148cca82c229,5f7e34b96dcf6d5450ee36bf2f6301837ed8ed55,持卡人消费,学子便利店B07,-2.7,81.38,5072,正常
2016/06/22 08:13:57,89c8ea4aa5431430a89e6897ab12148cca82c229,5f7e34b96dcf6d5450ee36bf2f6301837ed8ed55,持卡人消费,四食堂商务网关,-2.0,79.38,5073,正常
2016/06/22 11:32:07,89c8ea4aa5431430a89e6897ab12148cca82c229,5f7e34b96dcf6d5450ee36bf2f6301837ed8ed55,持卡人消费,九食堂商务网关,-10.0,69.38,5074,正常
2016/06/22 20:29:05,89c8ea4aa5431430a89e6897ab12148cca82c229,5f7e34b96dcf6d5450ee36bf2f6301837ed8ed55,持卡人消费,四食堂商务网关,-8.0,61.38,5075,正常
2016/06/23 17:28:59,89c8ea4aa5431430a89e6897ab12148cca82c229,5f7e34b96dcf6d5450ee36bf2f6301837ed8ed55,持卡人消费,九食堂商务网关,-4.5,56.88,5076,正常
2016/06/23 17:29:10,89c8ea4aa5431430a89e6897ab12148cca82c229,5f7e34b96dcf6d5450ee36bf2f6301837ed8ed55,持卡人消费,九食堂商务网关,-2.5,54.38,5077,正常
2016/06/23 17:29:44,89c8ea4aa5431430a89e6897ab12148cca82c229,5f7e34b96dcf6d5450ee36bf2f6301837ed8ed55,持卡人消费,九食堂商务网关,-1.0,53.38,5078,正常
2016/06/23 21:01:51,89c8ea4aa5431430a89e6897ab12148cca82c229,5f7e34b96dcf6d5450ee36bf2f6301837ed8ed55,持卡人消费,学子便利店B07,-5.4,47.98,5079,正常
2016/06/24 11:33:34,89c8ea4aa5431430a89e6897ab12148cca82c229,5f7e34b96dcf6d5450ee36bf2f6301837ed8ed55,持卡人消费,九食堂商务网关,-2.0,45.98,5080,正常
2016/06/24 11:33:38,89c8ea4aa5431430a89e6897ab12148cca82c229,5f7e34b96dcf6d5450ee36bf2f6301837ed8ed55,持卡人消费,九食堂商务网关,-0.6,45.38,5081,正常
2016/06/24 17:33:25,89c8ea4aa5431430a89e6897ab12148cca82c229,5f7e34b96dcf6d5450ee36bf2f6301837ed8ed55,持卡人消费,九食堂商务网关,-3.6,41.78,5082,正常
2016/06/24 17:34:27,89c8ea4aa5431430a89e6897ab12148cca82c229,5f7e34b96dcf6d5450ee36bf2f6301837ed8ed55,持卡人消费,九食堂商务网关,-0.5,41.28,5083,正常
2016/06/25 08:25:03,89c8ea4aa5431430a89e6897ab12148cca82c229,5f7e34b96dcf6d5450ee36bf2f6301837ed8ed55,持卡人消费,学子便利店B07,-7.2,34.08,5084,正常
2016/06/25 10:21:30,89c8ea4aa5431430a89e6897ab12148cca82c229,5f7e34b96dcf6d5450ee36bf2f6301837ed8ed55,持卡人消费,学子便利店B07,-6.0,28.08,5085,正常
2016/06/25 11:33:30,89c8ea4aa5431430a89e6897ab12148cca82c229,5f7e34b96dcf6d5450ee36bf2f6301837ed8ed55,持卡人消费,九食堂商务网关,-3.6,24.48,5086,正常
2016/06/25 11:34:31,89c8ea4aa5431430a89e6897ab12148cca82c229,5f7e34b96dcf6d5450ee36bf2f6301837ed8ed55,持卡人消费,九食堂商务网关,-0.5,23.98,5087,正常
2016/06/25 15:57:16,89c8ea4aa5431430a89e6897ab12148cca82c229,5f7e34b96dcf6d5450ee36bf2f6301837ed8ed55,持卡人消费,二区水控,-2.37,21.61,5089,正常
2016/06/25 17:32:59,89c8ea4aa5431430a89e6897ab12148cca82c229,5f7e34b96dcf6d5450ee36bf2f6301837ed8ed55,持卡人消费,九食堂商务网关,-5.6,16.01,5090,正常
2016/06/27 10:07:07,89c8ea4aa5431430a89e6897ab12148cca82c229,5f7e34b96dcf6d5450ee36bf2f6301837ed8ed55,持卡人消费,学子便利店B07,-5.6,10.41,5091,正常
