交易发生时间,学号,姓名,交易类型,子系统名称,交易额,现有余额,次数,状态
2016/06/02 12:33:26,b698324f2c41b1efe5283990bedff074c6e8b431,607741d91c195f974caca9ce752a0092dba672a7,持卡人消费,硕果园（工大商店）,-7.0,91.80,2770,正常
2016/06/02 12:33:59,b698324f2c41b1efe5283990bedff074c6e8b431,607741d91c195f974caca9ce752a0092dba672a7,持卡人消费,硕果园（工大商店）,-3.0,88.80,2771,正常
2016/06/03 12:00:54,b698324f2c41b1efe5283990bedff074c6e8b431,607741d91c195f974caca9ce752a0092dba672a7,持卡人消费,学士楼商务网关,-22.1,66.70,2772,正常
2016/06/03 18:31:12,b698324f2c41b1efe5283990bedff074c6e8b431,607741d91c195f974caca9ce752a0092dba672a7,持卡人消费,硕果园（工大商店）,-7.0,59.70,2773,正常
2016/06/09 11:50:13,b698324f2c41b1efe5283990bedff074c6e8b431,607741d91c195f974caca9ce752a0092dba672a7,持卡人消费,学士楼商务网关,-6.67,53.03,2774,正常
2016/06/09 11:52:39,b698324f2c41b1efe5283990bedff074c6e8b431,607741d91c195f974caca9ce752a0092dba672a7,持卡人消费,学士楼商务网关,-2.0,51.03,2775,正常
2016/06/09 11:53:13,b698324f2c41b1efe5283990bedff074c6e8b431,607741d91c195f974caca9ce752a0092dba672a7,持卡人消费,学士楼商务网关,-0.6,50.43,2776,正常
2016/06/09 12:06:20,b698324f2c41b1efe5283990bedff074c6e8b431,607741d91c195f974caca9ce752a0092dba672a7,持卡人消费,学士楼商务网关,-5.5,44.93,2777,正常
2016/06/10 11:46:05,b698324f2c41b1efe5283990bedff074c6e8b431,607741d91c195f974caca9ce752a0092dba672a7,持卡人消费,学士楼商务网关,-10.25,34.68,2778,正常
2016/06/10 11:46:28,b698324f2c41b1efe5283990bedff074c6e8b431,607741d91c195f974caca9ce752a0092dba672a7,持卡人消费,学士楼商务网关,-0.6,34.08,2779,正常
2016/06/11 18:07:52,b698324f2c41b1efe5283990bedff074c6e8b431,607741d91c195f974caca9ce752a0092dba672a7,持卡人消费,学士楼商务网关,-8.0,26.08,2780,正常
2016/06/11 18:08:02,b698324f2c41b1efe5283990bedff074c6e8b431,607741d91c195f974caca9ce752a0092dba672a7,持卡人消费,学士楼商务网关,-0.6,25.48,2781,正常
2016/06/11 18:09:10,b698324f2c41b1efe5283990bedff074c6e8b431,607741d91c195f974caca9ce752a0092dba672a7,持卡人消费,学士楼商务网关,-2.0,23.48,2782,正常
2016/06/13 12:03:28,b698324f2c41b1efe5283990bedff074c6e8b431,607741d91c195f974caca9ce752a0092dba672a7,持卡人消费,硕果园（工大商店）,-9.0,14.48,2783,正常
2016/06/18 21:37:11,b698324f2c41b1efe5283990bedff074c6e8b431,607741d91c195f974caca9ce752a0092dba672a7,持卡人消费,A2,-4.6,9.88,2784,正常
2016/06/19 18:03:57,b698324f2c41b1efe5283990bedff074c6e8b431,607741d91c195f974caca9ce752a0092dba672a7,持卡人消费,15公寓浴池,-2.0,7.88,2785,正常
2016/06/19 18:07:33,b698324f2c41b1efe5283990bedff074c6e8b431,607741d91c195f974caca9ce752a0092dba672a7,持卡人消费,15公寓浴池,-2.0,5.88,2786,正常
2016/06/24 17:31:21,b698324f2c41b1efe5283990bedff074c6e8b431,607741d91c195f974caca9ce752a0092dba672a7,存款,现金充值机,100.0,105.88,2787,正常
2016/06/24 17:57:09,b698324f2c41b1efe5283990bedff074c6e8b431,607741d91c195f974caca9ce752a0092dba672a7,持卡人消费,学苑楼商务网关,-8.8,97.08,2788,正常
2016/06/24 17:59:35,b698324f2c41b1efe5283990bedff074c6e8b431,607741d91c195f974caca9ce752a0092dba672a7,持卡人消费,学苑楼商务网关,-3.0,94.08,2789,正常
2016/06/25 23:33:34,b698324f2c41b1efe5283990bedff074c6e8b431,607741d91c195f974caca9ce752a0092dba672a7,持卡人消费,网络中心,-30.0,64.08,2790,正常
2016/06/26 11:39:57,b698324f2c41b1efe5283990bedff074c6e8b431,607741d91c195f974caca9ce752a0092dba672a7,持卡人消费,学士楼商务网关,-5.96,58.12,2791,正常
2016/06/26 11:40:00,b698324f2c41b1efe5283990bedff074c6e8b431,607741d91c195f974caca9ce752a0092dba672a7,持卡人消费,学士楼商务网关,-0.02,58.10,2792,正常
2016/06/26 11:40:50,b698324f2c41b1efe5283990bedff074c6e8b431,607741d91c195f974caca9ce752a0092dba672a7,持卡人消费,学士楼商务网关,-0.6,57.50,2793,正常
2016/06/26 11:41:41,b698324f2c41b1efe5283990bedff074c6e8b431,607741d91c195f974caca9ce752a0092dba672a7,持卡人消费,学士楼商务网关,-3.0,54.50,2794,正常
2016/06/27 18:14:07,b698324f2c41b1efe5283990bedff074c6e8b431,607741d91c195f974caca9ce752a0092dba672a7,持卡人消费,学子楼商务网关,-8.0,46.50,2795,正常
