交易发生时间,学号,姓名,交易类型,子系统名称,交易额,现有余额,次数,状态
2016/06/01 12:58:38,e114c145f945f03c7e7b8adbfdd020f6379b0481,61c7766e1a2707bbe4f8c1cd2c7ea232a5f8eaae,持卡人消费,一校区水控新,-2.0,3.35,3962,正常
2016/06/01 13:01:07,e114c145f945f03c7e7b8adbfdd020f6379b0481,61c7766e1a2707bbe4f8c1cd2c7ea232a5f8eaae,持卡人消费,一校区水控新,-0.46,2.89,3964,正常
2016/06/01 13:49:52,e114c145f945f03c7e7b8adbfdd020f6379b0481,61c7766e1a2707bbe4f8c1cd2c7ea232a5f8eaae,存款,现金充值机,100.0,102.89,3965,正常
2016/06/01 14:14:06,e114c145f945f03c7e7b8adbfdd020f6379b0481,61c7766e1a2707bbe4f8c1cd2c7ea232a5f8eaae,持卡人消费,超市商务子系统,-10.9,91.99,3966,正常
2016/06/02 18:26:33,e114c145f945f03c7e7b8adbfdd020f6379b0481,61c7766e1a2707bbe4f8c1cd2c7ea232a5f8eaae,持卡人消费,一校区水控新,-1.62,90.37,3968,正常
2016/06/03 07:46:19,e114c145f945f03c7e7b8adbfdd020f6379b0481,61c7766e1a2707bbe4f8c1cd2c7ea232a5f8eaae,持卡人消费,学苑楼商务网关,-9.0,81.37,3969,正常
2016/06/07 19:52:11,e114c145f945f03c7e7b8adbfdd020f6379b0481,61c7766e1a2707bbe4f8c1cd2c7ea232a5f8eaae,持卡人消费,一校区水控新,-2.0,79.37,3970,正常
2016/06/07 19:53:16,e114c145f945f03c7e7b8adbfdd020f6379b0481,61c7766e1a2707bbe4f8c1cd2c7ea232a5f8eaae,持卡人消费,一校区水控新,-0.19,79.18,3972,正常
2016/06/09 08:39:08,e114c145f945f03c7e7b8adbfdd020f6379b0481,61c7766e1a2707bbe4f8c1cd2c7ea232a5f8eaae,持卡人消费,学士楼商务网关,-3.4,75.78,3973,正常
2016/06/09 04:12:04,e114c145f945f03c7e7b8adbfdd020f6379b0481,61c7766e1a2707bbe4f8c1cd2c7ea232a5f8eaae,持卡人消费,学士楼商务网关,-8.0,67.78,3974,正常
2016/06/09 17:15:37,e114c145f945f03c7e7b8adbfdd020f6379b0481,61c7766e1a2707bbe4f8c1cd2c7ea232a5f8eaae,持卡人消费,学士楼商务网关,-12.2,55.58,3975,正常
2016/06/10 16:14:52,e114c145f945f03c7e7b8adbfdd020f6379b0481,61c7766e1a2707bbe4f8c1cd2c7ea232a5f8eaae,持卡人消费,一校区水控新,-2.0,53.58,3976,正常
2016/06/10 16:19:05,e114c145f945f03c7e7b8adbfdd020f6379b0481,61c7766e1a2707bbe4f8c1cd2c7ea232a5f8eaae,持卡人消费,一校区水控新,-0.8,52.78,3978,正常
2016/06/11 20:46:53,e114c145f945f03c7e7b8adbfdd020f6379b0481,61c7766e1a2707bbe4f8c1cd2c7ea232a5f8eaae,持卡人消费,学子便利店A01后楼,-7.4,45.38,3979,正常
2016/06/12 16:42:06,e114c145f945f03c7e7b8adbfdd020f6379b0481,61c7766e1a2707bbe4f8c1cd2c7ea232a5f8eaae,持卡人消费,一校区水控新,-2.0,43.38,3980,正常
2016/06/12 16:44:00,e114c145f945f03c7e7b8adbfdd020f6379b0481,61c7766e1a2707bbe4f8c1cd2c7ea232a5f8eaae,持卡人消费,一校区水控新,-0.3,43.08,3981,正常
2016/06/13 09:43:49,e114c145f945f03c7e7b8adbfdd020f6379b0481,61c7766e1a2707bbe4f8c1cd2c7ea232a5f8eaae,持卡人消费,超市商务子系统,-4.9,38.18,3982,正常
2016/06/13 11:33:08,e114c145f945f03c7e7b8adbfdd020f6379b0481,61c7766e1a2707bbe4f8c1cd2c7ea232a5f8eaae,持卡人消费,学士楼商务网关,-1.0,37.18,3983,正常
2016/06/13 11:33:26,e114c145f945f03c7e7b8adbfdd020f6379b0481,61c7766e1a2707bbe4f8c1cd2c7ea232a5f8eaae,持卡人消费,学士楼商务网关,-9.3,27.88,3984,正常
2016/06/13 11:33:30,e114c145f945f03c7e7b8adbfdd020f6379b0481,61c7766e1a2707bbe4f8c1cd2c7ea232a5f8eaae,持卡人消费,学士楼商务网关,-8.6,19.28,3985,正常
2016/06/13 11:54:37,e114c145f945f03c7e7b8adbfdd020f6379b0481,61c7766e1a2707bbe4f8c1cd2c7ea232a5f8eaae,持卡人消费,学子便利店A01后楼,-5.3,13.98,3986,正常
2016/06/13 20:15:05,e114c145f945f03c7e7b8adbfdd020f6379b0481,61c7766e1a2707bbe4f8c1cd2c7ea232a5f8eaae,持卡人消费,一校区水控新,-2.0,11.98,3987,正常
2016/06/13 20:19:15,e114c145f945f03c7e7b8adbfdd020f6379b0481,61c7766e1a2707bbe4f8c1cd2c7ea232a5f8eaae,持卡人消费,一校区水控新,-0.78,11.20,3989,正常
2016/06/15 08:00:16,e114c145f945f03c7e7b8adbfdd020f6379b0481,61c7766e1a2707bbe4f8c1cd2c7ea232a5f8eaae,持卡人消费,学士楼商务网关,-3.6,7.60,3990,正常
2016/06/15 08:00:34,e114c145f945f03c7e7b8adbfdd020f6379b0481,61c7766e1a2707bbe4f8c1cd2c7ea232a5f8eaae,持卡人消费,学士楼商务网关,-2.9,4.70,3991,正常
2016/06/15 19:40:44,e114c145f945f03c7e7b8adbfdd020f6379b0481,61c7766e1a2707bbe4f8c1cd2c7ea232a5f8eaae,持卡人消费,一校区水控新,-2.0,2.70,3992,正常
2016/06/15 19:41:49,e114c145f945f03c7e7b8adbfdd020f6379b0481,61c7766e1a2707bbe4f8c1cd2c7ea232a5f8eaae,持卡人消费,一校区水控新,-0.16,2.54,3994,正常
2016/06/15 19:52:33,e114c145f945f03c7e7b8adbfdd020f6379b0481,61c7766e1a2707bbe4f8c1cd2c7ea232a5f8eaae,持卡人消费,学子便利店A01后楼,-0.4,2.14,3995,正常
2016/06/16 15:11:25,e114c145f945f03c7e7b8adbfdd020f6379b0481,61c7766e1a2707bbe4f8c1cd2c7ea232a5f8eaae,存款,现金充值机,100.0,102.14,3996,正常
2016/06/16 18:11:34,e114c145f945f03c7e7b8adbfdd020f6379b0481,61c7766e1a2707bbe4f8c1cd2c7ea232a5f8eaae,持卡人消费,硕果园（工大商店）,-10.0,92.14,3997,正常
2016/06/16 18:34:15,e114c145f945f03c7e7b8adbfdd020f6379b0481,61c7766e1a2707bbe4f8c1cd2c7ea232a5f8eaae,持卡人消费,学子便利店A01后楼,-7.8,84.34,3998,正常
2016/06/17 13:07:13,e114c145f945f03c7e7b8adbfdd020f6379b0481,61c7766e1a2707bbe4f8c1cd2c7ea232a5f8eaae,持卡人消费,一校区水控新,-2.0,82.34,3999,正常
2016/06/17 13:09:26,e114c145f945f03c7e7b8adbfdd020f6379b0481,61c7766e1a2707bbe4f8c1cd2c7ea232a5f8eaae,持卡人消费,一校区水控新,-0.4,81.94,4001,正常
2016/06/17 17:21:05,e114c145f945f03c7e7b8adbfdd020f6379b0481,61c7766e1a2707bbe4f8c1cd2c7ea232a5f8eaae,持卡人消费,学士楼商务网关,-7.1,74.84,4002,正常
2016/06/17 17:22:31,e114c145f945f03c7e7b8adbfdd020f6379b0481,61c7766e1a2707bbe4f8c1cd2c7ea232a5f8eaae,持卡人消费,学士楼商务网关,-4.0,70.84,4003,正常
2016/06/17 17:31:26,e114c145f945f03c7e7b8adbfdd020f6379b0481,61c7766e1a2707bbe4f8c1cd2c7ea232a5f8eaae,持卡人消费,学士楼商务网关,-5.0,65.84,4004,正常
2016/06/17 17:31:31,e114c145f945f03c7e7b8adbfdd020f6379b0481,61c7766e1a2707bbe4f8c1cd2c7ea232a5f8eaae,持卡人消费,学士楼商务网关,-0.1,65.74,4005,正常
2016/06/17 17:41:50,e114c145f945f03c7e7b8adbfdd020f6379b0481,61c7766e1a2707bbe4f8c1cd2c7ea232a5f8eaae,持卡人消费,超市商务子系统,-15.2,50.54,4006,正常
2016/06/17 17:43:40,e114c145f945f03c7e7b8adbfdd020f6379b0481,61c7766e1a2707bbe4f8c1cd2c7ea232a5f8eaae,持卡人消费,超市商务子系统,-23.0,27.54,4007,正常
2016/06/18 13:11:48,e114c145f945f03c7e7b8adbfdd020f6379b0481,61c7766e1a2707bbe4f8c1cd2c7ea232a5f8eaae,持卡人消费,学子便利店A01后楼,-0.8,26.74,4008,正常
2016/06/19 16:28:49,e114c145f945f03c7e7b8adbfdd020f6379b0481,61c7766e1a2707bbe4f8c1cd2c7ea232a5f8eaae,持卡人消费,一校区水控新,-0.24,26.50,4010,正常
2016/06/19 16:39:22,e114c145f945f03c7e7b8adbfdd020f6379b0481,61c7766e1a2707bbe4f8c1cd2c7ea232a5f8eaae,持卡人消费,一校区水控新,-2.0,24.50,4011,正常
2016/06/19 16:42:18,e114c145f945f03c7e7b8adbfdd020f6379b0481,61c7766e1a2707bbe4f8c1cd2c7ea232a5f8eaae,持卡人消费,一校区水控新,-0.54,23.96,4012,正常
2016/06/19 16:49:19,e114c145f945f03c7e7b8adbfdd020f6379b0481,61c7766e1a2707bbe4f8c1cd2c7ea232a5f8eaae,持卡人消费,学子便利店A01后楼,-0.3,23.66,4013,正常
2016/06/19 18:26:22,e114c145f945f03c7e7b8adbfdd020f6379b0481,61c7766e1a2707bbe4f8c1cd2c7ea232a5f8eaae,持卡人消费,硕果园（工大商店）,-4.0,19.66,4014,正常
2016/06/20 20:10:13,e114c145f945f03c7e7b8adbfdd020f6379b0481,61c7766e1a2707bbe4f8c1cd2c7ea232a5f8eaae,持卡人消费,硕果园（工大商店）,-2.0,17.66,4015,正常
2016/06/20 20:51:39,e114c145f945f03c7e7b8adbfdd020f6379b0481,61c7766e1a2707bbe4f8c1cd2c7ea232a5f8eaae,持卡人消费,学子便利店A01后楼,-0.8,16.86,4016,正常
2016/06/21 17:34:35,e114c145f945f03c7e7b8adbfdd020f6379b0481,61c7766e1a2707bbe4f8c1cd2c7ea232a5f8eaae,持卡人消费,一校区水控新,-2.0,14.86,4017,正常
2016/06/21 17:41:16,e114c145f945f03c7e7b8adbfdd020f6379b0481,61c7766e1a2707bbe4f8c1cd2c7ea232a5f8eaae,持卡人消费,一校区水控新,-1.26,13.60,4019,正常
2016/06/22 17:13:22,e114c145f945f03c7e7b8adbfdd020f6379b0481,61c7766e1a2707bbe4f8c1cd2c7ea232a5f8eaae,持卡人消费,学苑楼商务网关,-3.0,10.60,4020,正常
2016/06/22 19:07:56,e114c145f945f03c7e7b8adbfdd020f6379b0481,61c7766e1a2707bbe4f8c1cd2c7ea232a5f8eaae,持卡人消费,一校区水控新,-2.0,8.60,4021,正常
2016/06/24 16:07:16,e114c145f945f03c7e7b8adbfdd020f6379b0481,61c7766e1a2707bbe4f8c1cd2c7ea232a5f8eaae,持卡人消费,一校区水控新,-2.0,6.60,4022,正常
2016/06/24 16:09:35,e114c145f945f03c7e7b8adbfdd020f6379b0481,61c7766e1a2707bbe4f8c1cd2c7ea232a5f8eaae,持卡人消费,一校区水控新,-0.36,6.24,4023,正常
2016/06/24 16:19:13,e114c145f945f03c7e7b8adbfdd020f6379b0481,61c7766e1a2707bbe4f8c1cd2c7ea232a5f8eaae,持卡人消费,学子便利店A01后楼,-0.6,5.64,4024,正常
2016/06/25 09:49:26,e114c145f945f03c7e7b8adbfdd020f6379b0481,61c7766e1a2707bbe4f8c1cd2c7ea232a5f8eaae,持卡人消费,学士楼商务网关,-0.6,5.04,4025,正常
2016/06/26 20:08:13,e114c145f945f03c7e7b8adbfdd020f6379b0481,61c7766e1a2707bbe4f8c1cd2c7ea232a5f8eaae,持卡人消费,一校区水控新,-2.0,3.04,4026,正常
2016/06/27 20:29:29,e114c145f945f03c7e7b8adbfdd020f6379b0481,61c7766e1a2707bbe4f8c1cd2c7ea232a5f8eaae,持卡人消费,一校区水控新,-2.0,1.04,4027,正常
