交易发生时间,学号,姓名,交易类型,子系统名称,交易额,现有余额,次数,状态
2016/06/01 09:17:01,c4d79e54179d5031a52db34bd1dc2c17c5936d9b,62efb42cb11704aeb0e9b8cc6eb2bcac6d96373a,持卡人消费,学士楼商务网关,-2.5,16.06,5351,正常
2016/06/01 11:48:36,c4d79e54179d5031a52db34bd1dc2c17c5936d9b,62efb42cb11704aeb0e9b8cc6eb2bcac6d96373a,持卡人消费,学士楼商务网关,-6.0,10.06,5352,正常
2016/06/02 11:56:31,c4d79e54179d5031a52db34bd1dc2c17c5936d9b,62efb42cb11704aeb0e9b8cc6eb2bcac6d96373a,持卡人消费,学士楼商务网关,-10.0,0.06,5353,正常
2016/06/03 11:57:54,c4d79e54179d5031a52db34bd1dc2c17c5936d9b,62efb42cb11704aeb0e9b8cc6eb2bcac6d96373a,存款,卡中心综合业务,100.0,100.06,5354,正常
2016/06/03 12:00:51,c4d79e54179d5031a52db34bd1dc2c17c5936d9b,62efb42cb11704aeb0e9b8cc6eb2bcac6d96373a,持卡人消费,学苑楼商务网关,-8.0,92.06,5355,正常
2016/06/03 12:27:44,c4d79e54179d5031a52db34bd1dc2c17c5936d9b,62efb42cb11704aeb0e9b8cc6eb2bcac6d96373a,持卡人消费,超市商务子系统,-18.3,73.76,5356,正常
2016/06/04 08:49:28,c4d79e54179d5031a52db34bd1dc2c17c5936d9b,62efb42cb11704aeb0e9b8cc6eb2bcac6d96373a,持卡人消费,学士楼商务网关,-2.2,71.56,5357,正常
2016/06/04 12:01:14,c4d79e54179d5031a52db34bd1dc2c17c5936d9b,62efb42cb11704aeb0e9b8cc6eb2bcac6d96373a,持卡人消费,学士楼商务网关,-8.5,63.06,5358,正常
2016/06/04 12:19:11,c4d79e54179d5031a52db34bd1dc2c17c5936d9b,62efb42cb11704aeb0e9b8cc6eb2bcac6d96373a,持卡人消费,超市商务子系统,-5.4,57.66,5359,正常
2016/06/04 17:36:52,c4d79e54179d5031a52db34bd1dc2c17c5936d9b,62efb42cb11704aeb0e9b8cc6eb2bcac6d96373a,持卡人消费,学士楼商务网关,-6.3,51.36,5360,正常
2016/06/04 18:03:17,c4d79e54179d5031a52db34bd1dc2c17c5936d9b,62efb42cb11704aeb0e9b8cc6eb2bcac6d96373a,持卡人消费,一校区水控新,-0.19,51.17,5362,正常
2016/06/04 18:06:08,c4d79e54179d5031a52db34bd1dc2c17c5936d9b,62efb42cb11704aeb0e9b8cc6eb2bcac6d96373a,持卡人消费,一校区水控新,-0.37,50.80,5364,正常
2016/06/04 18:11:31,c4d79e54179d5031a52db34bd1dc2c17c5936d9b,62efb42cb11704aeb0e9b8cc6eb2bcac6d96373a,持卡人消费,一校区水控新,-0.32,50.48,5366,正常
2016/06/05 11:54:54,c4d79e54179d5031a52db34bd1dc2c17c5936d9b,62efb42cb11704aeb0e9b8cc6eb2bcac6d96373a,持卡人消费,学士楼商务网关,-10.5,39.98,5367,正常
2016/06/05 17:56:19,c4d79e54179d5031a52db34bd1dc2c17c5936d9b,62efb42cb11704aeb0e9b8cc6eb2bcac6d96373a,持卡人消费,学苑楼商务网关,-7.0,32.98,5368,正常
2016/06/05 18:01:41,c4d79e54179d5031a52db34bd1dc2c17c5936d9b,62efb42cb11704aeb0e9b8cc6eb2bcac6d96373a,持卡人消费,学苑楼商务网关,-5.0,27.98,5369,正常
2016/06/06 11:04:16,c4d79e54179d5031a52db34bd1dc2c17c5936d9b,62efb42cb11704aeb0e9b8cc6eb2bcac6d96373a,持卡人消费,学士楼商务网关,-5.0,22.98,5370,正常
2016/06/06 11:06:09,c4d79e54179d5031a52db34bd1dc2c17c5936d9b,62efb42cb11704aeb0e9b8cc6eb2bcac6d96373a,持卡人消费,学士楼商务网关,-3.0,19.98,5371,正常
2016/06/06 18:18:57,c4d79e54179d5031a52db34bd1dc2c17c5936d9b,62efb42cb11704aeb0e9b8cc6eb2bcac6d96373a,持卡人消费,一校区水控新,-0.42,19.56,5373,正常
2016/06/06 18:21:40,c4d79e54179d5031a52db34bd1dc2c17c5936d9b,62efb42cb11704aeb0e9b8cc6eb2bcac6d96373a,持卡人消费,一校区水控新,-0.3,19.26,5375,正常
2016/06/06 18:22:13,c4d79e54179d5031a52db34bd1dc2c17c5936d9b,62efb42cb11704aeb0e9b8cc6eb2bcac6d96373a,持卡人消费,一校区水控新,-0.02,19.24,5377,正常
2016/06/06 18:26:35,c4d79e54179d5031a52db34bd1dc2c17c5936d9b,62efb42cb11704aeb0e9b8cc6eb2bcac6d96373a,持卡人消费,一校区水控新,-0.24,19.00,5381,正常
2016/06/06 18:26:45,c4d79e54179d5031a52db34bd1dc2c17c5936d9b,62efb42cb11704aeb0e9b8cc6eb2bcac6d96373a,持卡人消费,一校区水控新,-0.02,18.98,5383,正常
2016/06/06 18:41:29,c4d79e54179d5031a52db34bd1dc2c17c5936d9b,62efb42cb11704aeb0e9b8cc6eb2bcac6d96373a,持卡人消费,学士楼商务网关,-7.0,11.98,5384,正常
2016/06/06 18:55:29,c4d79e54179d5031a52db34bd1dc2c17c5936d9b,62efb42cb11704aeb0e9b8cc6eb2bcac6d96373a,持卡人消费,学士楼商务网关,-1.0,10.98,5385,正常
2016/06/07 11:37:43,c4d79e54179d5031a52db34bd1dc2c17c5936d9b,62efb42cb11704aeb0e9b8cc6eb2bcac6d96373a,持卡人消费,学苑楼商务网关,-8.0,2.98,5386,正常
2016/06/27 07:48:36,c4d79e54179d5031a52db34bd1dc2c17c5936d9b,62efb42cb11704aeb0e9b8cc6eb2bcac6d96373a,持卡人消费,学士楼商务网关,-2.9,0.08,5387,正常
