交易发生时间,学号,姓名,交易类型,子系统名称,交易额,现有余额,次数,状态
2016/06/16 10:17:15,8b4579387a973711008ed952aabca175cc90fc7f,62f1d5fa43efd00a72ff8f03a4e899e2b6a10a0a,存款,现金充值机,100.0,100.74,1145,正常
2016/06/16 10:39:29,8b4579387a973711008ed952aabca175cc90fc7f,62f1d5fa43efd00a72ff8f03a4e899e2b6a10a0a,存款,卡中心综合业务,100.0,200.74,1146,正常
2016/06/16 10:43:43,8b4579387a973711008ed952aabca175cc90fc7f,62f1d5fa43efd00a72ff8f03a4e899e2b6a10a0a,持卡人消费,学苑楼商务网关,-5.0,195.74,1147,正常
2016/06/16 10:54:35,8b4579387a973711008ed952aabca175cc90fc7f,62f1d5fa43efd00a72ff8f03a4e899e2b6a10a0a,持卡人消费,超市商务子系统,-33.6,162.14,1148,正常
2016/06/16 10:59:14,8b4579387a973711008ed952aabca175cc90fc7f,62f1d5fa43efd00a72ff8f03a4e899e2b6a10a0a,持卡人消费,硕果园（工大商店）,-7.0,155.14,1149,正常
2016/06/16 11:00:38,8b4579387a973711008ed952aabca175cc90fc7f,62f1d5fa43efd00a72ff8f03a4e899e2b6a10a0a,持卡人消费,硕果园（工大商店）,-10.0,145.14,1150,正常
2016/06/17 11:55:53,8b4579387a973711008ed952aabca175cc90fc7f,62f1d5fa43efd00a72ff8f03a4e899e2b6a10a0a,持卡人消费,学士楼商务网关,-4.1,141.04,1151,正常
2016/06/17 11:56:47,8b4579387a973711008ed952aabca175cc90fc7f,62f1d5fa43efd00a72ff8f03a4e899e2b6a10a0a,持卡人消费,学士楼商务网关,-4.0,137.04,1152,正常
2016/06/17 11:57:03,8b4579387a973711008ed952aabca175cc90fc7f,62f1d5fa43efd00a72ff8f03a4e899e2b6a10a0a,持卡人消费,学士楼商务网关,-3.0,134.04,1153,正常
2016/06/17 12:00:02,8b4579387a973711008ed952aabca175cc90fc7f,62f1d5fa43efd00a72ff8f03a4e899e2b6a10a0a,持卡人消费,硕果园（工大商店）,-12.0,122.04,1154,正常
2016/06/18 11:15:28,8b4579387a973711008ed952aabca175cc90fc7f,62f1d5fa43efd00a72ff8f03a4e899e2b6a10a0a,持卡人消费,学士楼商务网关,-16.8,105.24,1155,正常
2016/06/18 11:15:51,8b4579387a973711008ed952aabca175cc90fc7f,62f1d5fa43efd00a72ff8f03a4e899e2b6a10a0a,持卡人消费,学士楼商务网关,-0.2,105.04,1156,正常
2016/06/18 11:17:19,8b4579387a973711008ed952aabca175cc90fc7f,62f1d5fa43efd00a72ff8f03a4e899e2b6a10a0a,持卡人消费,学士楼商务网关,-0.8,104.24,1157,正常
2016/06/18 11:20:11,8b4579387a973711008ed952aabca175cc90fc7f,62f1d5fa43efd00a72ff8f03a4e899e2b6a10a0a,持卡人消费,学士楼商务网关,-1.0,103.24,1158,正常
2016/06/18 16:46:19,8b4579387a973711008ed952aabca175cc90fc7f,62f1d5fa43efd00a72ff8f03a4e899e2b6a10a0a,持卡人消费,学士楼商务网关,-4.1,99.14,1159,正常
2016/06/18 16:46:33,8b4579387a973711008ed952aabca175cc90fc7f,62f1d5fa43efd00a72ff8f03a4e899e2b6a10a0a,持卡人消费,学士楼商务网关,-1.1,98.04,1160,正常
2016/06/18 16:51:31,8b4579387a973711008ed952aabca175cc90fc7f,62f1d5fa43efd00a72ff8f03a4e899e2b6a10a0a,持卡人消费,学士楼商务网关,-6.0,92.04,1161,正常
2016/06/18 16:54:45,8b4579387a973711008ed952aabca175cc90fc7f,62f1d5fa43efd00a72ff8f03a4e899e2b6a10a0a,持卡人消费,学士楼商务网关,-8.8,83.24,1162,正常
2016/06/19 11:39:33,8b4579387a973711008ed952aabca175cc90fc7f,62f1d5fa43efd00a72ff8f03a4e899e2b6a10a0a,持卡人消费,学士楼商务网关,-3.9,79.34,1163,正常
2016/06/20 17:58:24,8b4579387a973711008ed952aabca175cc90fc7f,62f1d5fa43efd00a72ff8f03a4e899e2b6a10a0a,持卡人消费,硕果园（工大商店）,-14.0,65.34,1164,正常
2016/06/22 18:12:43,8b4579387a973711008ed952aabca175cc90fc7f,62f1d5fa43efd00a72ff8f03a4e899e2b6a10a0a,持卡人消费,硕果园（工大商店）,-28.0,37.34,1165,正常
2016/06/27 11:12:14,8b4579387a973711008ed952aabca175cc90fc7f,62f1d5fa43efd00a72ff8f03a4e899e2b6a10a0a,持卡人消费,学士楼商务网关,-15.5,21.84,1166,正常
