交易发生时间,学号,姓名,交易类型,子系统名称,交易额,现有余额,次数,状态
2016/06/01 20:14:32,59fcad2dfc165f2feb012d3bafee5b1a7a790412,65771ee1713b2515bdc085ec93585d20bb041f1c,持卡人消费,一校区水控新,-0.67,84.01,3213,正常
2016/06/01 20:18:45,59fcad2dfc165f2feb012d3bafee5b1a7a790412,65771ee1713b2515bdc085ec93585d20bb041f1c,持卡人消费,一校区水控新,-0.58,83.43,3215,正常
2016/06/03 18:53:09,59fcad2dfc165f2feb012d3bafee5b1a7a790412,65771ee1713b2515bdc085ec93585d20bb041f1c,持卡人消费,硕果园（工大商店）,-2.0,81.43,3216,正常
2016/06/04 13:20:03,59fcad2dfc165f2feb012d3bafee5b1a7a790412,65771ee1713b2515bdc085ec93585d20bb041f1c,持卡人消费,超市商务子系统,-3.8,77.63,3217,正常
2016/06/04 18:55:11,59fcad2dfc165f2feb012d3bafee5b1a7a790412,65771ee1713b2515bdc085ec93585d20bb041f1c,持卡人消费,超市商务子系统,-4.9,72.73,3218,正常
2016/06/05 19:02:54,59fcad2dfc165f2feb012d3bafee5b1a7a790412,65771ee1713b2515bdc085ec93585d20bb041f1c,持卡人消费,硕果园（工大商店）,-2.0,70.73,3219,正常
2016/06/07 14:59:13,59fcad2dfc165f2feb012d3bafee5b1a7a790412,65771ee1713b2515bdc085ec93585d20bb041f1c,持卡人消费,一校区水控新,-2.0,68.73,3220,正常
2016/06/07 14:59:17,59fcad2dfc165f2feb012d3bafee5b1a7a790412,65771ee1713b2515bdc085ec93585d20bb041f1c,持卡人消费,一校区水控新,-2.0,66.73,3221,正常
2016/06/07 15:01:18,59fcad2dfc165f2feb012d3bafee5b1a7a790412,65771ee1713b2515bdc085ec93585d20bb041f1c,持卡人消费,一校区水控新,-0.35,64.38,3223,正常
2016/06/07 15:01:24,59fcad2dfc165f2feb012d3bafee5b1a7a790412,65771ee1713b2515bdc085ec93585d20bb041f1c,持卡人消费,一校区水控新,-0.4,65.98,3224,正常
2016/06/07 17:25:21,59fcad2dfc165f2feb012d3bafee5b1a7a790412,65771ee1713b2515bdc085ec93585d20bb041f1c,持卡人消费,学苑楼商务网关,-7.0,58.98,3225,正常
2016/06/07 18:01:23,59fcad2dfc165f2feb012d3bafee5b1a7a790412,65771ee1713b2515bdc085ec93585d20bb041f1c,持卡人消费,A7,-2.3,56.68,3226,正常
2016/06/08 12:26:59,59fcad2dfc165f2feb012d3bafee5b1a7a790412,65771ee1713b2515bdc085ec93585d20bb041f1c,持卡人消费,超市商务子系统,-7.6,49.08,3227,正常
2016/06/08 19:14:09,59fcad2dfc165f2feb012d3bafee5b1a7a790412,65771ee1713b2515bdc085ec93585d20bb041f1c,持卡人消费,超市商务子系统,-10.7,38.38,3228,正常
2016/06/12 12:36:51,59fcad2dfc165f2feb012d3bafee5b1a7a790412,65771ee1713b2515bdc085ec93585d20bb041f1c,持卡人消费,硕果园（工大商店）,-4.0,34.38,3229,正常
2016/06/12 12:37:52,59fcad2dfc165f2feb012d3bafee5b1a7a790412,65771ee1713b2515bdc085ec93585d20bb041f1c,持卡人消费,硕果园（工大商店）,-4.0,30.38,3230,正常
2016/06/16 19:53:37,59fcad2dfc165f2feb012d3bafee5b1a7a790412,65771ee1713b2515bdc085ec93585d20bb041f1c,持卡人消费,硕果园（工大商店）,-5.0,25.38,3231,正常
2016/06/16 20:07:37,59fcad2dfc165f2feb012d3bafee5b1a7a790412,65771ee1713b2515bdc085ec93585d20bb041f1c,持卡人消费,硕果园（工大商店）,-2.0,23.38,3232,正常
2016/06/18 19:37:39,59fcad2dfc165f2feb012d3bafee5b1a7a790412,65771ee1713b2515bdc085ec93585d20bb041f1c,持卡人消费,硕果园（工大商店）,-9.0,14.38,3233,正常
2016/06/18 19:38:17,59fcad2dfc165f2feb012d3bafee5b1a7a790412,65771ee1713b2515bdc085ec93585d20bb041f1c,持卡人消费,硕果园（工大商店）,-4.0,10.38,3234,正常
2016/06/18 19:54:24,59fcad2dfc165f2feb012d3bafee5b1a7a790412,65771ee1713b2515bdc085ec93585d20bb041f1c,持卡人消费,硕果园（工大商店）,-6.6,3.78,3235,正常
2016/06/19 18:37:07,59fcad2dfc165f2feb012d3bafee5b1a7a790412,65771ee1713b2515bdc085ec93585d20bb041f1c,持卡人消费,一校区水控新,-1.12,2.66,3236,正常
2016/06/20 14:06:30,59fcad2dfc165f2feb012d3bafee5b1a7a790412,65771ee1713b2515bdc085ec93585d20bb041f1c,持卡人消费,一校区水控新,-0.42,2.24,3238,正常
2016/06/20 14:09:10,59fcad2dfc165f2feb012d3bafee5b1a7a790412,65771ee1713b2515bdc085ec93585d20bb041f1c,持卡人消费,一校区水控新,-0.14,2.10,3240,正常
2016/06/20 14:17:42,59fcad2dfc165f2feb012d3bafee5b1a7a790412,65771ee1713b2515bdc085ec93585d20bb041f1c,持卡人消费,一校区水控新,-1.34,0.76,3242,正常
2016/06/21 12:24:33,59fcad2dfc165f2feb012d3bafee5b1a7a790412,65771ee1713b2515bdc085ec93585d20bb041f1c,存款,学苑楼综合业务2,200.0,200.76,3243,正常
2016/06/21 12:26:58,59fcad2dfc165f2feb012d3bafee5b1a7a790412,65771ee1713b2515bdc085ec93585d20bb041f1c,持卡人消费,学苑楼商务网关,-7.0,193.76,3244,正常
2016/06/21 14:55:13,59fcad2dfc165f2feb012d3bafee5b1a7a790412,65771ee1713b2515bdc085ec93585d20bb041f1c,持卡人消费,网络中心,-30.0,163.76,3245,正常
2016/06/24 19:25:07,59fcad2dfc165f2feb012d3bafee5b1a7a790412,65771ee1713b2515bdc085ec93585d20bb041f1c,持卡人消费,硕果园（工大商店）,-14.0,149.76,3246,正常
2016/06/24 19:39:01,59fcad2dfc165f2feb012d3bafee5b1a7a790412,65771ee1713b2515bdc085ec93585d20bb041f1c,持卡人消费,硕果园（工大商店）,-2.0,147.76,3247,正常
2016/06/25 13:22:31,59fcad2dfc165f2feb012d3bafee5b1a7a790412,65771ee1713b2515bdc085ec93585d20bb041f1c,持卡人消费,超市商务子系统,-3.8,143.96,3248,正常
2016/06/26 14:39:16,59fcad2dfc165f2feb012d3bafee5b1a7a790412,65771ee1713b2515bdc085ec93585d20bb041f1c,持卡人消费,硕果园（工大商店）,-12.0,131.96,3249,正常
2016/06/26 14:53:15,59fcad2dfc165f2feb012d3bafee5b1a7a790412,65771ee1713b2515bdc085ec93585d20bb041f1c,持卡人消费,硕果园（工大商店）,-2.0,129.96,3250,正常
2016/06/26 20:05:51,59fcad2dfc165f2feb012d3bafee5b1a7a790412,65771ee1713b2515bdc085ec93585d20bb041f1c,持卡人消费,硕果园（工大商店）,-8.0,121.96,3251,正常
2016/06/27 13:59:57,59fcad2dfc165f2feb012d3bafee5b1a7a790412,65771ee1713b2515bdc085ec93585d20bb041f1c,持卡人消费,一校区水控新,-0.56,121.40,3253,正常
2016/06/27 14:03:06,59fcad2dfc165f2feb012d3bafee5b1a7a790412,65771ee1713b2515bdc085ec93585d20bb041f1c,持卡人消费,一校区水控新,-0.27,121.13,3255,正常
2016/06/27 14:05:52,59fcad2dfc165f2feb012d3bafee5b1a7a790412,65771ee1713b2515bdc085ec93585d20bb041f1c,持卡人消费,一校区水控新,-0.26,120.87,3257,正常
2016/06/27 14:09:49,59fcad2dfc165f2feb012d3bafee5b1a7a790412,65771ee1713b2515bdc085ec93585d20bb041f1c,持卡人消费,一校区水控新,-0.48,120.39,3259,正常
2016/06/27 19:21:46,59fcad2dfc165f2feb012d3bafee5b1a7a790412,65771ee1713b2515bdc085ec93585d20bb041f1c,持卡人消费,硕果园（工大商店）,-14.0,106.39,3260,正常
2016/06/28 10:27:19,59fcad2dfc165f2feb012d3bafee5b1a7a790412,65771ee1713b2515bdc085ec93585d20bb041f1c,持卡人消费,硕果园（工大商店）,-8.0,98.39,3261,正常
2016/06/28 10:27:33,59fcad2dfc165f2feb012d3bafee5b1a7a790412,65771ee1713b2515bdc085ec93585d20bb041f1c,持卡人消费,硕果园（工大商店）,-2.0,96.39,3262,正常
2016/06/28 17:08:01,59fcad2dfc165f2feb012d3bafee5b1a7a790412,65771ee1713b2515bdc085ec93585d20bb041f1c,持卡人消费,学士楼商务网关,-7.5,88.89,3263,正常
2016/06/30 10:12:51,59fcad2dfc165f2feb012d3bafee5b1a7a790412,65771ee1713b2515bdc085ec93585d20bb041f1c,持卡人消费,硕果园（工大商店）,-5.5,83.39,3264,正常
2016/06/30 18:24:12,59fcad2dfc165f2feb012d3bafee5b1a7a790412,65771ee1713b2515bdc085ec93585d20bb041f1c,持卡人消费,硕果园（工大商店）,-3.0,80.39,3265,正常
