交易发生时间,学号,姓名,交易类型,子系统名称,交易额,现有余额,次数,状态
2016/06/01 09:18:54,0865928f3c198468da9471ce211c2ac238c98aa0,65ae0c02ce636fde92b879aa1f107712a1fe7c72,持卡人消费,超市商务子系统,-2.5,28.80,3430,正常
2016/06/01 12:30:15,0865928f3c198468da9471ce211c2ac238c98aa0,65ae0c02ce636fde92b879aa1f107712a1fe7c72,持卡人消费,15公寓浴池,-1.79,27.01,3432,正常
2016/06/01 12:36:34,0865928f3c198468da9471ce211c2ac238c98aa0,65ae0c02ce636fde92b879aa1f107712a1fe7c72,持卡人消费,15公寓浴池,-0.75,26.26,3434,正常
2016/06/01 13:46:57,0865928f3c198468da9471ce211c2ac238c98aa0,65ae0c02ce636fde92b879aa1f107712a1fe7c72,持卡人消费,学士楼商务网关,-3.4,22.86,3435,正常
2016/06/01 13:57:15,0865928f3c198468da9471ce211c2ac238c98aa0,65ae0c02ce636fde92b879aa1f107712a1fe7c72,持卡人消费,硕果园（工大商店）,-3.5,19.36,3436,正常
2016/06/01 17:08:37,0865928f3c198468da9471ce211c2ac238c98aa0,65ae0c02ce636fde92b879aa1f107712a1fe7c72,持卡人消费,学苑楼商务网关,-7.0,12.36,3437,正常
2016/06/02 10:58:28,0865928f3c198468da9471ce211c2ac238c98aa0,65ae0c02ce636fde92b879aa1f107712a1fe7c72,存款,卡中心综合业务,100.0,112.36,3438,正常
2016/06/02 11:01:01,0865928f3c198468da9471ce211c2ac238c98aa0,65ae0c02ce636fde92b879aa1f107712a1fe7c72,持卡人消费,学苑楼商务网关,-6.0,106.36,3439,正常
2016/06/02 11:01:58,0865928f3c198468da9471ce211c2ac238c98aa0,65ae0c02ce636fde92b879aa1f107712a1fe7c72,持卡人消费,学苑楼商务网关,-1.5,104.86,3440,正常
2016/06/02 16:57:58,0865928f3c198468da9471ce211c2ac238c98aa0,65ae0c02ce636fde92b879aa1f107712a1fe7c72,持卡人消费,学苑楼商务网关,-9.0,95.86,3441,正常
2016/06/02 19:11:54,0865928f3c198468da9471ce211c2ac238c98aa0,65ae0c02ce636fde92b879aa1f107712a1fe7c72,持卡人消费,超市商务子系统,-9.7,86.16,3442,正常
2016/06/03 12:17:58,0865928f3c198468da9471ce211c2ac238c98aa0,65ae0c02ce636fde92b879aa1f107712a1fe7c72,持卡人消费,学士楼商务网关,-3.4,82.76,3443,正常
2016/06/03 12:32:06,0865928f3c198468da9471ce211c2ac238c98aa0,65ae0c02ce636fde92b879aa1f107712a1fe7c72,持卡人消费,超市商务子系统,-10.0,72.76,3444,正常
2016/06/03 16:38:56,0865928f3c198468da9471ce211c2ac238c98aa0,65ae0c02ce636fde92b879aa1f107712a1fe7c72,持卡人消费,超市商务子系统,-12.4,60.36,3445,正常
2016/06/03 16:41:58,0865928f3c198468da9471ce211c2ac238c98aa0,65ae0c02ce636fde92b879aa1f107712a1fe7c72,持卡人消费,学士楼商务网关,-7.0,53.36,3446,正常
2016/06/04 11:08:14,0865928f3c198468da9471ce211c2ac238c98aa0,65ae0c02ce636fde92b879aa1f107712a1fe7c72,持卡人消费,学士楼商务网关,-3.4,49.96,3447,正常
2016/06/04 11:20:30,0865928f3c198468da9471ce211c2ac238c98aa0,65ae0c02ce636fde92b879aa1f107712a1fe7c72,持卡人消费,硕果园（工大商店）,-1.5,48.46,3448,正常
2016/06/10 15:37:37,0865928f3c198468da9471ce211c2ac238c98aa0,65ae0c02ce636fde92b879aa1f107712a1fe7c72,持卡人消费,15公寓浴池,-2.0,46.46,3449,正常
2016/06/10 15:42:25,0865928f3c198468da9471ce211c2ac238c98aa0,65ae0c02ce636fde92b879aa1f107712a1fe7c72,持卡人消费,15公寓浴池,-0.91,45.55,3451,正常
2016/06/11 17:58:10,0865928f3c198468da9471ce211c2ac238c98aa0,65ae0c02ce636fde92b879aa1f107712a1fe7c72,持卡人消费,硕果园（工大商店）,-9.0,36.55,3452,正常
2016/06/12 07:35:08,0865928f3c198468da9471ce211c2ac238c98aa0,65ae0c02ce636fde92b879aa1f107712a1fe7c72,持卡人消费,学苑楼商务网关,-9.0,27.55,3453,正常
2016/06/13 12:20:52,0865928f3c198468da9471ce211c2ac238c98aa0,65ae0c02ce636fde92b879aa1f107712a1fe7c72,持卡人消费,15公寓浴池,-2.0,25.55,3454,正常
2016/06/13 12:23:47,0865928f3c198468da9471ce211c2ac238c98aa0,65ae0c02ce636fde92b879aa1f107712a1fe7c72,持卡人消费,15公寓浴池,-0.3,25.25,3456,正常
2016/06/14 12:18:34,0865928f3c198468da9471ce211c2ac238c98aa0,65ae0c02ce636fde92b879aa1f107712a1fe7c72,持卡人消费,硕果园（工大商店）,-10.0,15.25,3457,正常
2016/06/15 08:25:18,0865928f3c198468da9471ce211c2ac238c98aa0,65ae0c02ce636fde92b879aa1f107712a1fe7c72,持卡人消费,超市商务子系统,-1.5,13.75,3458,正常
2016/06/16 20:03:44,0865928f3c198468da9471ce211c2ac238c98aa0,65ae0c02ce636fde92b879aa1f107712a1fe7c72,持卡人消费,15公寓浴池,-2.0,11.75,3459,正常
2016/06/16 20:08:16,0865928f3c198468da9471ce211c2ac238c98aa0,65ae0c02ce636fde92b879aa1f107712a1fe7c72,持卡人消费,15公寓浴池,-0.83,10.92,3461,正常
2016/06/17 06:57:09,0865928f3c198468da9471ce211c2ac238c98aa0,65ae0c02ce636fde92b879aa1f107712a1fe7c72,持卡人消费,学苑楼商务网关,-1.4,9.52,3462,正常
2016/06/20 11:05:41,0865928f3c198468da9471ce211c2ac238c98aa0,65ae0c02ce636fde92b879aa1f107712a1fe7c72,存款,卡中心综合业务,100.0,109.52,3463,正常
2016/06/20 11:12:01,0865928f3c198468da9471ce211c2ac238c98aa0,65ae0c02ce636fde92b879aa1f107712a1fe7c72,持卡人消费,学士楼商务网关,-6.0,103.52,3464,正常
2016/06/20 11:31:35,0865928f3c198468da9471ce211c2ac238c98aa0,65ae0c02ce636fde92b879aa1f107712a1fe7c72,持卡人消费,超市商务子系统,-2.0,101.52,3465,正常
2016/06/20 18:33:20,0865928f3c198468da9471ce211c2ac238c98aa0,65ae0c02ce636fde92b879aa1f107712a1fe7c72,持卡人消费,15公寓浴池,-2.0,99.52,3466,正常
2016/06/20 18:38:29,0865928f3c198468da9471ce211c2ac238c98aa0,65ae0c02ce636fde92b879aa1f107712a1fe7c72,持卡人消费,15公寓浴池,-0.96,98.56,3468,正常
2016/06/22 10:37:16,0865928f3c198468da9471ce211c2ac238c98aa0,65ae0c02ce636fde92b879aa1f107712a1fe7c72,持卡人消费,硕果园（工大商店）,-25.8,72.76,3469,正常
2016/06/24 14:34:13,0865928f3c198468da9471ce211c2ac238c98aa0,65ae0c02ce636fde92b879aa1f107712a1fe7c72,持卡人消费,15公寓浴池,-2.0,70.76,3470,正常
2016/06/24 14:38:37,0865928f3c198468da9471ce211c2ac238c98aa0,65ae0c02ce636fde92b879aa1f107712a1fe7c72,持卡人消费,15公寓浴池,-0.83,69.93,3472,正常
2016/06/24 15:51:46,0865928f3c198468da9471ce211c2ac238c98aa0,65ae0c02ce636fde92b879aa1f107712a1fe7c72,持卡人消费,硕果园（工大商店）,-9.0,60.93,3473,正常
2016/06/24 16:20:05,0865928f3c198468da9471ce211c2ac238c98aa0,65ae0c02ce636fde92b879aa1f107712a1fe7c72,持卡人消费,超市商务子系统,-6.0,54.93,3474,正常
2016/06/25 19:50:42,0865928f3c198468da9471ce211c2ac238c98aa0,65ae0c02ce636fde92b879aa1f107712a1fe7c72,持卡人消费,15公寓浴池,-0.96,53.97,3476,正常
2016/06/26 11:56:52,0865928f3c198468da9471ce211c2ac238c98aa0,65ae0c02ce636fde92b879aa1f107712a1fe7c72,持卡人消费,五食堂商务网关,-3.0,50.97,3477,正常
2016/06/26 11:57:18,0865928f3c198468da9471ce211c2ac238c98aa0,65ae0c02ce636fde92b879aa1f107712a1fe7c72,持卡人消费,五食堂商务网关,-1.4,49.57,3478,正常
2016/06/26 11:58:05,0865928f3c198468da9471ce211c2ac238c98aa0,65ae0c02ce636fde92b879aa1f107712a1fe7c72,持卡人消费,五食堂商务网关,-4.5,45.07,3479,正常
2016/06/26 21:51:37,0865928f3c198468da9471ce211c2ac238c98aa0,65ae0c02ce636fde92b879aa1f107712a1fe7c72,持卡人消费,学子超市园丁总店,-13.5,31.57,3480,正常
2016/06/27 17:03:54,0865928f3c198468da9471ce211c2ac238c98aa0,65ae0c02ce636fde92b879aa1f107712a1fe7c72,持卡人消费,15公寓浴池,-0.03,31.54,3482,正常
2016/06/27 17:12:19,0865928f3c198468da9471ce211c2ac238c98aa0,65ae0c02ce636fde92b879aa1f107712a1fe7c72,持卡人消费,15公寓浴池,-1.58,29.96,3484,正常
2016/06/27 17:56:22,0865928f3c198468da9471ce211c2ac238c98aa0,65ae0c02ce636fde92b879aa1f107712a1fe7c72,持卡人消费,学士楼商务网关,-10.4,19.56,3485,正常
2016/06/28 11:19:41,0865928f3c198468da9471ce211c2ac238c98aa0,65ae0c02ce636fde92b879aa1f107712a1fe7c72,持卡人消费,学士楼商务网关,-5.9,13.66,3486,正常
2016/06/29 11:41:57,0865928f3c198468da9471ce211c2ac238c98aa0,65ae0c02ce636fde92b879aa1f107712a1fe7c72,存款,卡中心综合业务,50.0,63.66,3487,正常
2016/06/29 11:48:03,0865928f3c198468da9471ce211c2ac238c98aa0,65ae0c02ce636fde92b879aa1f107712a1fe7c72,持卡人消费,学苑楼商务网关,-4.4,59.26,3488,正常
2016/06/29 11:49:10,0865928f3c198468da9471ce211c2ac238c98aa0,65ae0c02ce636fde92b879aa1f107712a1fe7c72,持卡人消费,学苑楼商务网关,-3.0,56.26,3489,正常
2016/06/30 12:08:32,0865928f3c198468da9471ce211c2ac238c98aa0,65ae0c02ce636fde92b879aa1f107712a1fe7c72,持卡人消费,学士楼商务网关,-5.4,50.86,3490,正常
2016/06/30 18:19:26,0865928f3c198468da9471ce211c2ac238c98aa0,65ae0c02ce636fde92b879aa1f107712a1fe7c72,持卡人消费,15公寓浴池,-1.92,48.94,3492,正常
