交易发生时间,学号,姓名,交易类型,子系统名称,交易额,现有余额,次数,状态
2016/06/01 08:05:02,d0a1c3ce15d2dae1e1cbe24e3c0890cf12940eb7,661f310d9577629bb91ca90b70844b56fb88e941,持卡人消费,学苑楼商务网关,-9.0,144.15,5785,正常
2016/06/01 10:03:53,d0a1c3ce15d2dae1e1cbe24e3c0890cf12940eb7,661f310d9577629bb91ca90b70844b56fb88e941,持卡人消费,超市商务子系统,-12.8,131.35,5786,正常
2016/06/01 11:55:45,d0a1c3ce15d2dae1e1cbe24e3c0890cf12940eb7,661f310d9577629bb91ca90b70844b56fb88e941,持卡人消费,学苑楼商务网关,-10.0,121.35,5787,正常
2016/06/01 11:58:11,d0a1c3ce15d2dae1e1cbe24e3c0890cf12940eb7,661f310d9577629bb91ca90b70844b56fb88e941,持卡人消费,学苑楼商务网关,-4.0,117.35,5788,正常
2016/06/02 07:56:12,d0a1c3ce15d2dae1e1cbe24e3c0890cf12940eb7,661f310d9577629bb91ca90b70844b56fb88e941,持卡人消费,学士楼商务网关,-7.3,110.05,5789,正常
2016/06/02 11:34:22,d0a1c3ce15d2dae1e1cbe24e3c0890cf12940eb7,661f310d9577629bb91ca90b70844b56fb88e941,持卡人消费,学苑楼商务网关,-8.0,102.05,5790,正常
2016/06/02 11:35:53,d0a1c3ce15d2dae1e1cbe24e3c0890cf12940eb7,661f310d9577629bb91ca90b70844b56fb88e941,持卡人消费,学苑楼商务网关,-11.0,91.05,5791,正常
2016/06/02 12:00:15,d0a1c3ce15d2dae1e1cbe24e3c0890cf12940eb7,661f310d9577629bb91ca90b70844b56fb88e941,持卡人消费,学苑楼商务网关,-15.0,76.05,5792,正常
2016/06/02 12:05:59,d0a1c3ce15d2dae1e1cbe24e3c0890cf12940eb7,661f310d9577629bb91ca90b70844b56fb88e941,持卡人消费,超市商务子系统,-0.5,75.55,5793,正常
2016/06/02 17:17:35,d0a1c3ce15d2dae1e1cbe24e3c0890cf12940eb7,661f310d9577629bb91ca90b70844b56fb88e941,持卡人消费,学苑楼商务网关,-0.2,75.35,5794,正常
2016/06/02 17:18:37,d0a1c3ce15d2dae1e1cbe24e3c0890cf12940eb7,661f310d9577629bb91ca90b70844b56fb88e941,持卡人消费,学苑楼商务网关,-3.5,71.85,5795,正常
2016/06/02 17:19:00,d0a1c3ce15d2dae1e1cbe24e3c0890cf12940eb7,661f310d9577629bb91ca90b70844b56fb88e941,持卡人消费,学苑楼商务网关,-0.5,71.35,5796,正常
2016/06/03 07:52:15,d0a1c3ce15d2dae1e1cbe24e3c0890cf12940eb7,661f310d9577629bb91ca90b70844b56fb88e941,持卡人消费,学士楼商务网关,-1.3,70.05,5797,正常
2016/06/03 07:54:49,d0a1c3ce15d2dae1e1cbe24e3c0890cf12940eb7,661f310d9577629bb91ca90b70844b56fb88e941,持卡人消费,学士楼商务网关,-1.5,68.55,5798,正常
2016/06/03 07:58:21,d0a1c3ce15d2dae1e1cbe24e3c0890cf12940eb7,661f310d9577629bb91ca90b70844b56fb88e941,持卡人消费,学士楼商务网关,-2.0,66.55,5799,正常
2016/06/03 11:41:17,d0a1c3ce15d2dae1e1cbe24e3c0890cf12940eb7,661f310d9577629bb91ca90b70844b56fb88e941,持卡人消费,学苑楼商务网关,-4.4,62.15,5800,正常
2016/06/03 11:42:06,d0a1c3ce15d2dae1e1cbe24e3c0890cf12940eb7,661f310d9577629bb91ca90b70844b56fb88e941,持卡人消费,学苑楼商务网关,-5.0,57.15,5801,正常
2016/06/03 12:00:37,d0a1c3ce15d2dae1e1cbe24e3c0890cf12940eb7,661f310d9577629bb91ca90b70844b56fb88e941,持卡人消费,学苑楼商务网关,-8.0,49.15,5802,正常
2016/06/04 08:08:11,d0a1c3ce15d2dae1e1cbe24e3c0890cf12940eb7,661f310d9577629bb91ca90b70844b56fb88e941,持卡人消费,学士楼商务网关,-3.4,45.75,5803,正常
2016/06/04 11:35:05,d0a1c3ce15d2dae1e1cbe24e3c0890cf12940eb7,661f310d9577629bb91ca90b70844b56fb88e941,持卡人消费,学苑楼商务网关,-7.0,38.75,5804,正常
2016/06/04 15:26:32,d0a1c3ce15d2dae1e1cbe24e3c0890cf12940eb7,661f310d9577629bb91ca90b70844b56fb88e941,持卡人消费,15公寓浴池,-0.74,38.01,5806,正常
2016/06/04 15:29:25,d0a1c3ce15d2dae1e1cbe24e3c0890cf12940eb7,661f310d9577629bb91ca90b70844b56fb88e941,持卡人消费,15公寓浴池,-0.24,37.77,5808,正常
2016/06/04 15:35:35,d0a1c3ce15d2dae1e1cbe24e3c0890cf12940eb7,661f310d9577629bb91ca90b70844b56fb88e941,持卡人消费,15公寓浴池,-0.67,37.10,5810,正常
2016/06/04 15:42:14,d0a1c3ce15d2dae1e1cbe24e3c0890cf12940eb7,661f310d9577629bb91ca90b70844b56fb88e941,持卡人消费,15公寓浴池,-0.27,36.83,5812,正常
2016/06/04 15:45:18,d0a1c3ce15d2dae1e1cbe24e3c0890cf12940eb7,661f310d9577629bb91ca90b70844b56fb88e941,持卡人消费,15公寓浴池,-0.08,36.75,5814,正常
2016/06/04 15:48:05,d0a1c3ce15d2dae1e1cbe24e3c0890cf12940eb7,661f310d9577629bb91ca90b70844b56fb88e941,持卡人消费,15公寓浴池,-0.18,36.57,5816,正常
2016/06/04 15:50:21,d0a1c3ce15d2dae1e1cbe24e3c0890cf12940eb7,661f310d9577629bb91ca90b70844b56fb88e941,持卡人消费,15公寓浴池,-0.02,36.55,5818,正常
2016/06/04 15:54:31,d0a1c3ce15d2dae1e1cbe24e3c0890cf12940eb7,661f310d9577629bb91ca90b70844b56fb88e941,持卡人消费,15公寓浴池,-0.27,36.28,5820,正常
2016/06/05 08:18:31,d0a1c3ce15d2dae1e1cbe24e3c0890cf12940eb7,661f310d9577629bb91ca90b70844b56fb88e941,持卡人消费,学士楼商务网关,-0.9,35.38,5821,正常
2016/06/05 08:20:22,d0a1c3ce15d2dae1e1cbe24e3c0890cf12940eb7,661f310d9577629bb91ca90b70844b56fb88e941,持卡人消费,学士楼商务网关,-3.0,32.38,5822,正常
2016/06/05 20:16:35,d0a1c3ce15d2dae1e1cbe24e3c0890cf12940eb7,661f310d9577629bb91ca90b70844b56fb88e941,持卡人消费,15公寓浴池,-1.86,30.52,5824,正常
2016/06/05 20:20:27,d0a1c3ce15d2dae1e1cbe24e3c0890cf12940eb7,661f310d9577629bb91ca90b70844b56fb88e941,持卡人消费,15公寓浴池,-0.42,30.10,5826,正常
2016/06/06 07:20:21,d0a1c3ce15d2dae1e1cbe24e3c0890cf12940eb7,661f310d9577629bb91ca90b70844b56fb88e941,持卡人消费,学士楼商务网关,-3.7,26.40,5827,正常
2016/06/07 09:30:06,d0a1c3ce15d2dae1e1cbe24e3c0890cf12940eb7,661f310d9577629bb91ca90b70844b56fb88e941,持卡人消费,学士楼商务网关,-1.8,24.60,5828,正常
2016/06/07 11:39:14,d0a1c3ce15d2dae1e1cbe24e3c0890cf12940eb7,661f310d9577629bb91ca90b70844b56fb88e941,持卡人消费,学苑楼商务网关,-0.2,24.40,5829,正常
2016/06/07 11:39:41,d0a1c3ce15d2dae1e1cbe24e3c0890cf12940eb7,661f310d9577629bb91ca90b70844b56fb88e941,持卡人消费,学苑楼商务网关,-3.0,21.40,5830,正常
2016/06/07 11:40:30,d0a1c3ce15d2dae1e1cbe24e3c0890cf12940eb7,661f310d9577629bb91ca90b70844b56fb88e941,持卡人消费,学苑楼商务网关,-1.5,19.90,5831,正常
2016/06/07 11:54:33,d0a1c3ce15d2dae1e1cbe24e3c0890cf12940eb7,661f310d9577629bb91ca90b70844b56fb88e941,存款,学苑楼综合业务3,100.0,119.90,5832,正常
2016/06/07 12:11:57,d0a1c3ce15d2dae1e1cbe24e3c0890cf12940eb7,661f310d9577629bb91ca90b70844b56fb88e941,持卡人消费,超市商务子系统,-2.9,117.00,5833,正常
2016/06/07 17:24:42,d0a1c3ce15d2dae1e1cbe24e3c0890cf12940eb7,661f310d9577629bb91ca90b70844b56fb88e941,持卡人消费,学苑楼商务网关,-4.5,112.50,5834,正常
2016/06/07 20:16:13,d0a1c3ce15d2dae1e1cbe24e3c0890cf12940eb7,661f310d9577629bb91ca90b70844b56fb88e941,持卡人消费,15公寓浴池,-1.73,110.77,5836,正常
2016/06/07 20:19:07,d0a1c3ce15d2dae1e1cbe24e3c0890cf12940eb7,661f310d9577629bb91ca90b70844b56fb88e941,持卡人消费,15公寓浴池,-0.34,110.43,5838,正常
2016/06/07 20:32:59,d0a1c3ce15d2dae1e1cbe24e3c0890cf12940eb7,661f310d9577629bb91ca90b70844b56fb88e941,持卡人消费,A15,-2.3,108.13,5839,正常
2016/06/08 07:57:13,d0a1c3ce15d2dae1e1cbe24e3c0890cf12940eb7,661f310d9577629bb91ca90b70844b56fb88e941,持卡人消费,学士楼商务网关,-2.9,105.23,5840,正常
2016/06/08 11:20:20,d0a1c3ce15d2dae1e1cbe24e3c0890cf12940eb7,661f310d9577629bb91ca90b70844b56fb88e941,持卡人消费,学苑楼商务网关,-11.0,94.23,5841,正常
2016/06/10 15:06:15,d0a1c3ce15d2dae1e1cbe24e3c0890cf12940eb7,661f310d9577629bb91ca90b70844b56fb88e941,扣款,学苑楼综合业务3,-6.0,94.23,5841,正常
2016/06/10 17:22:21,d0a1c3ce15d2dae1e1cbe24e3c0890cf12940eb7,661f310d9577629bb91ca90b70844b56fb88e941,持卡人消费,学士楼商务网关,-7.2,81.03,5843,正常
2016/06/11 07:49:08,d0a1c3ce15d2dae1e1cbe24e3c0890cf12940eb7,661f310d9577629bb91ca90b70844b56fb88e941,持卡人消费,学士楼商务网关,-3.8,77.23,5844,正常
2016/06/11 07:50:00,d0a1c3ce15d2dae1e1cbe24e3c0890cf12940eb7,661f310d9577629bb91ca90b70844b56fb88e941,持卡人消费,学士楼商务网关,-2.0,75.23,5845,正常
2016/06/11 11:55:48,d0a1c3ce15d2dae1e1cbe24e3c0890cf12940eb7,661f310d9577629bb91ca90b70844b56fb88e941,持卡人消费,学苑楼商务网关,-1.5,73.73,5846,正常
2016/06/11 11:56:17,d0a1c3ce15d2dae1e1cbe24e3c0890cf12940eb7,661f310d9577629bb91ca90b70844b56fb88e941,持卡人消费,学苑楼商务网关,-7.0,66.73,5847,正常
2016/06/11 11:58:40,d0a1c3ce15d2dae1e1cbe24e3c0890cf12940eb7,661f310d9577629bb91ca90b70844b56fb88e941,持卡人消费,学苑楼商务网关,-7.0,59.73,5848,正常
2016/06/11 17:03:42,d0a1c3ce15d2dae1e1cbe24e3c0890cf12940eb7,661f310d9577629bb91ca90b70844b56fb88e941,持卡人消费,学士楼商务网关,-5.7,54.03,5849,正常
2016/06/11 17:31:43,d0a1c3ce15d2dae1e1cbe24e3c0890cf12940eb7,661f310d9577629bb91ca90b70844b56fb88e941,持卡人消费,超市商务子系统,-10.5,43.53,5850,正常
2016/06/11 20:09:48,d0a1c3ce15d2dae1e1cbe24e3c0890cf12940eb7,661f310d9577629bb91ca90b70844b56fb88e941,持卡人消费,15公寓浴池,-0.74,42.79,5852,正常
2016/06/11 20:14:33,d0a1c3ce15d2dae1e1cbe24e3c0890cf12940eb7,661f310d9577629bb91ca90b70844b56fb88e941,持卡人消费,15公寓浴池,-0.88,41.91,5854,正常
2016/06/11 20:22:36,d0a1c3ce15d2dae1e1cbe24e3c0890cf12940eb7,661f310d9577629bb91ca90b70844b56fb88e941,持卡人消费,15公寓浴池,-0.16,41.75,5856,正常
2016/06/11 20:32:10,d0a1c3ce15d2dae1e1cbe24e3c0890cf12940eb7,661f310d9577629bb91ca90b70844b56fb88e941,持卡人消费,15公寓浴池,-1.25,40.50,5858,正常
2016/06/11 20:35:38,d0a1c3ce15d2dae1e1cbe24e3c0890cf12940eb7,661f310d9577629bb91ca90b70844b56fb88e941,持卡人消费,15公寓浴池,-0.32,40.18,5860,正常
2016/06/12 07:48:41,d0a1c3ce15d2dae1e1cbe24e3c0890cf12940eb7,661f310d9577629bb91ca90b70844b56fb88e941,持卡人消费,学士楼商务网关,-4.9,35.28,5861,正常
2016/06/12 11:58:11,d0a1c3ce15d2dae1e1cbe24e3c0890cf12940eb7,661f310d9577629bb91ca90b70844b56fb88e941,持卡人消费,学苑楼商务网关,-8.0,27.28,5862,正常
2016/06/12 12:13:04,d0a1c3ce15d2dae1e1cbe24e3c0890cf12940eb7,661f310d9577629bb91ca90b70844b56fb88e941,持卡人消费,学苑楼商务网关,-2.1,25.18,5863,正常
2016/06/12 17:02:18,d0a1c3ce15d2dae1e1cbe24e3c0890cf12940eb7,661f310d9577629bb91ca90b70844b56fb88e941,持卡人消费,学苑楼商务网关,-6.0,19.18,5864,正常
2016/06/13 07:48:51,d0a1c3ce15d2dae1e1cbe24e3c0890cf12940eb7,661f310d9577629bb91ca90b70844b56fb88e941,持卡人消费,学士楼商务网关,-3.8,15.38,5865,正常
2016/06/13 17:13:22,d0a1c3ce15d2dae1e1cbe24e3c0890cf12940eb7,661f310d9577629bb91ca90b70844b56fb88e941,存款,现金充值机,100.0,115.38,5866,正常
2016/06/13 17:37:36,d0a1c3ce15d2dae1e1cbe24e3c0890cf12940eb7,661f310d9577629bb91ca90b70844b56fb88e941,持卡人消费,学苑楼商务网关,-3.0,112.38,5867,正常
2016/06/13 17:38:32,d0a1c3ce15d2dae1e1cbe24e3c0890cf12940eb7,661f310d9577629bb91ca90b70844b56fb88e941,持卡人消费,学苑楼商务网关,-0.2,112.18,5868,正常
2016/06/14 07:39:15,d0a1c3ce15d2dae1e1cbe24e3c0890cf12940eb7,661f310d9577629bb91ca90b70844b56fb88e941,持卡人消费,学士楼商务网关,-5.0,107.18,5869,正常
2016/06/14 11:49:27,d0a1c3ce15d2dae1e1cbe24e3c0890cf12940eb7,661f310d9577629bb91ca90b70844b56fb88e941,持卡人消费,学苑楼商务网关,-4.0,103.18,5870,正常
2016/06/14 11:50:02,d0a1c3ce15d2dae1e1cbe24e3c0890cf12940eb7,661f310d9577629bb91ca90b70844b56fb88e941,持卡人消费,学苑楼商务网关,-3.0,100.18,5871,正常
2016/06/14 11:50:59,d0a1c3ce15d2dae1e1cbe24e3c0890cf12940eb7,661f310d9577629bb91ca90b70844b56fb88e941,持卡人消费,学苑楼商务网关,-1.0,99.18,5872,正常
2016/06/14 17:15:41,d0a1c3ce15d2dae1e1cbe24e3c0890cf12940eb7,661f310d9577629bb91ca90b70844b56fb88e941,持卡人消费,硕果园（工大商店）,-12.0,87.18,5873,正常
2016/06/14 17:45:19,d0a1c3ce15d2dae1e1cbe24e3c0890cf12940eb7,661f310d9577629bb91ca90b70844b56fb88e941,持卡人消费,超市商务子系统,-5.0,82.18,5874,正常
2016/06/14 19:14:06,d0a1c3ce15d2dae1e1cbe24e3c0890cf12940eb7,661f310d9577629bb91ca90b70844b56fb88e941,持卡人消费,15公寓浴池,-1.14,81.04,5876,正常
2016/06/14 19:22:15,d0a1c3ce15d2dae1e1cbe24e3c0890cf12940eb7,661f310d9577629bb91ca90b70844b56fb88e941,持卡人消费,15公寓浴池,-1.25,79.79,5878,正常
2016/06/14 19:24:10,d0a1c3ce15d2dae1e1cbe24e3c0890cf12940eb7,661f310d9577629bb91ca90b70844b56fb88e941,持卡人消费,15公寓浴池,-0.24,79.55,5880,正常
2016/06/14 19:26:56,d0a1c3ce15d2dae1e1cbe24e3c0890cf12940eb7,661f310d9577629bb91ca90b70844b56fb88e941,持卡人消费,15公寓浴池,-0.16,79.39,5882,正常
2016/06/14 19:29:50,d0a1c3ce15d2dae1e1cbe24e3c0890cf12940eb7,661f310d9577629bb91ca90b70844b56fb88e941,持卡人消费,15公寓浴池,-0.1,79.29,5884,正常
2016/06/15 07:41:58,d0a1c3ce15d2dae1e1cbe24e3c0890cf12940eb7,661f310d9577629bb91ca90b70844b56fb88e941,持卡人消费,学士楼商务网关,-3.8,75.49,5885,正常
2016/06/15 17:17:40,d0a1c3ce15d2dae1e1cbe24e3c0890cf12940eb7,661f310d9577629bb91ca90b70844b56fb88e941,持卡人消费,超市商务子系统,-2.3,73.19,5886,正常
2016/06/16 07:44:00,d0a1c3ce15d2dae1e1cbe24e3c0890cf12940eb7,661f310d9577629bb91ca90b70844b56fb88e941,持卡人消费,学士楼商务网关,-2.3,70.89,5887,正常
2016/06/16 07:45:02,d0a1c3ce15d2dae1e1cbe24e3c0890cf12940eb7,661f310d9577629bb91ca90b70844b56fb88e941,持卡人消费,学士楼商务网关,-2.0,68.89,5888,正常
2016/06/16 07:45:27,d0a1c3ce15d2dae1e1cbe24e3c0890cf12940eb7,661f310d9577629bb91ca90b70844b56fb88e941,持卡人消费,学士楼商务网关,-1.0,67.89,5889,正常
2016/06/16 11:22:05,d0a1c3ce15d2dae1e1cbe24e3c0890cf12940eb7,661f310d9577629bb91ca90b70844b56fb88e941,持卡人消费,学苑楼商务网关,-7.0,60.89,5890,正常
2016/06/16 11:50:04,d0a1c3ce15d2dae1e1cbe24e3c0890cf12940eb7,661f310d9577629bb91ca90b70844b56fb88e941,持卡人消费,学苑楼商务网关,-10.0,50.89,5891,正常
2016/06/16 12:00:57,d0a1c3ce15d2dae1e1cbe24e3c0890cf12940eb7,661f310d9577629bb91ca90b70844b56fb88e941,持卡人消费,网络中心,-30.0,20.89,5892,正常
2016/06/16 17:20:15,d0a1c3ce15d2dae1e1cbe24e3c0890cf12940eb7,661f310d9577629bb91ca90b70844b56fb88e941,持卡人消费,学士楼商务网关,-6.0,14.89,5893,正常
2016/06/16 20:10:59,d0a1c3ce15d2dae1e1cbe24e3c0890cf12940eb7,661f310d9577629bb91ca90b70844b56fb88e941,持卡人消费,15公寓浴池,-0.58,14.31,5895,正常
2016/06/16 20:15:51,d0a1c3ce15d2dae1e1cbe24e3c0890cf12940eb7,661f310d9577629bb91ca90b70844b56fb88e941,持卡人消费,15公寓浴池,-0.85,13.46,5897,正常
2016/06/16 20:20:07,d0a1c3ce15d2dae1e1cbe24e3c0890cf12940eb7,661f310d9577629bb91ca90b70844b56fb88e941,持卡人消费,15公寓浴池,-0.38,13.08,5899,正常
2016/06/17 07:51:44,d0a1c3ce15d2dae1e1cbe24e3c0890cf12940eb7,661f310d9577629bb91ca90b70844b56fb88e941,持卡人消费,学士楼商务网关,-0.9,12.18,5900,正常
2016/06/17 07:52:12,d0a1c3ce15d2dae1e1cbe24e3c0890cf12940eb7,661f310d9577629bb91ca90b70844b56fb88e941,持卡人消费,学士楼商务网关,-1.0,11.18,5901,正常
2016/06/17 07:52:38,d0a1c3ce15d2dae1e1cbe24e3c0890cf12940eb7,661f310d9577629bb91ca90b70844b56fb88e941,持卡人消费,学士楼商务网关,-1.4,9.78,5902,正常
2016/06/17 07:52:55,d0a1c3ce15d2dae1e1cbe24e3c0890cf12940eb7,661f310d9577629bb91ca90b70844b56fb88e941,持卡人消费,学士楼商务网关,-1.0,8.78,5903,正常
2016/06/17 11:48:08,d0a1c3ce15d2dae1e1cbe24e3c0890cf12940eb7,661f310d9577629bb91ca90b70844b56fb88e941,存款,卡中心综合业务,100.0,108.78,5904,正常
2016/06/17 11:51:34,d0a1c3ce15d2dae1e1cbe24e3c0890cf12940eb7,661f310d9577629bb91ca90b70844b56fb88e941,持卡人消费,学苑楼商务网关,-5.0,103.78,5905,正常
2016/06/17 11:51:54,d0a1c3ce15d2dae1e1cbe24e3c0890cf12940eb7,661f310d9577629bb91ca90b70844b56fb88e941,持卡人消费,学苑楼商务网关,-1.5,102.28,5906,正常
2016/06/17 11:52:43,d0a1c3ce15d2dae1e1cbe24e3c0890cf12940eb7,661f310d9577629bb91ca90b70844b56fb88e941,持卡人消费,学苑楼商务网关,-4.0,98.28,5907,正常
2016/06/17 11:53:16,d0a1c3ce15d2dae1e1cbe24e3c0890cf12940eb7,661f310d9577629bb91ca90b70844b56fb88e941,持卡人消费,学苑楼商务网关,-7.0,91.28,5908,正常
2016/06/17 12:14:35,d0a1c3ce15d2dae1e1cbe24e3c0890cf12940eb7,661f310d9577629bb91ca90b70844b56fb88e941,持卡人消费,学苑楼商务网关,-6.7,84.58,5909,正常
2016/06/17 12:14:38,d0a1c3ce15d2dae1e1cbe24e3c0890cf12940eb7,661f310d9577629bb91ca90b70844b56fb88e941,持卡人消费,学苑楼商务网关,-10.0,74.58,5910,正常
2016/06/18 07:51:12,d0a1c3ce15d2dae1e1cbe24e3c0890cf12940eb7,661f310d9577629bb91ca90b70844b56fb88e941,持卡人消费,学士楼商务网关,-4.7,69.88,5911,正常
2016/06/18 11:43:19,d0a1c3ce15d2dae1e1cbe24e3c0890cf12940eb7,661f310d9577629bb91ca90b70844b56fb88e941,持卡人消费,学苑楼商务网关,-1.5,68.38,5912,正常
2016/06/18 11:43:43,d0a1c3ce15d2dae1e1cbe24e3c0890cf12940eb7,661f310d9577629bb91ca90b70844b56fb88e941,持卡人消费,学苑楼商务网关,-3.0,65.38,5913,正常
2016/06/18 11:44:33,d0a1c3ce15d2dae1e1cbe24e3c0890cf12940eb7,661f310d9577629bb91ca90b70844b56fb88e941,持卡人消费,学苑楼商务网关,-1.0,64.38,5914,正常
2016/06/18 17:51:04,d0a1c3ce15d2dae1e1cbe24e3c0890cf12940eb7,661f310d9577629bb91ca90b70844b56fb88e941,持卡人消费,学士楼商务网关,-8.2,56.18,5915,正常
2016/06/18 17:51:07,d0a1c3ce15d2dae1e1cbe24e3c0890cf12940eb7,661f310d9577629bb91ca90b70844b56fb88e941,持卡人消费,学士楼商务网关,-5.7,50.48,5916,正常
2016/06/18 18:16:01,d0a1c3ce15d2dae1e1cbe24e3c0890cf12940eb7,661f310d9577629bb91ca90b70844b56fb88e941,持卡人消费,超市商务子系统,-7.5,42.98,5917,正常
2016/06/19 07:49:43,d0a1c3ce15d2dae1e1cbe24e3c0890cf12940eb7,661f310d9577629bb91ca90b70844b56fb88e941,持卡人消费,学士楼商务网关,-5.3,37.68,5918,正常
2016/06/19 12:39:37,d0a1c3ce15d2dae1e1cbe24e3c0890cf12940eb7,661f310d9577629bb91ca90b70844b56fb88e941,持卡人消费,学子超市园丁总店,-5.0,32.68,5919,正常
2016/06/19 17:36:35,d0a1c3ce15d2dae1e1cbe24e3c0890cf12940eb7,661f310d9577629bb91ca90b70844b56fb88e941,持卡人消费,学苑楼商务网关,-6.0,26.68,5920,正常
2016/06/19 17:37:09,d0a1c3ce15d2dae1e1cbe24e3c0890cf12940eb7,661f310d9577629bb91ca90b70844b56fb88e941,持卡人消费,学苑楼商务网关,-13.0,13.68,5921,正常
2016/06/19 17:42:55,d0a1c3ce15d2dae1e1cbe24e3c0890cf12940eb7,661f310d9577629bb91ca90b70844b56fb88e941,持卡人消费,超市商务子系统,-0.4,13.28,5922,正常
2016/06/20 07:39:25,d0a1c3ce15d2dae1e1cbe24e3c0890cf12940eb7,661f310d9577629bb91ca90b70844b56fb88e941,持卡人消费,学士楼商务网关,-5.7,7.58,5923,正常
2016/06/20 14:21:23,d0a1c3ce15d2dae1e1cbe24e3c0890cf12940eb7,661f310d9577629bb91ca90b70844b56fb88e941,存款,现金充值机,100.0,107.58,5924,正常
2016/06/20 14:46:27,d0a1c3ce15d2dae1e1cbe24e3c0890cf12940eb7,661f310d9577629bb91ca90b70844b56fb88e941,持卡人消费,超市商务子系统,-7.5,100.08,5925,正常
2016/06/20 14:50:10,d0a1c3ce15d2dae1e1cbe24e3c0890cf12940eb7,661f310d9577629bb91ca90b70844b56fb88e941,持卡人消费,超市商务子系统,-3.9,96.18,5926,正常
2016/06/20 16:50:59,d0a1c3ce15d2dae1e1cbe24e3c0890cf12940eb7,661f310d9577629bb91ca90b70844b56fb88e941,持卡人消费,15公寓浴池,-0.69,95.49,5928,正常
2016/06/20 16:53:26,d0a1c3ce15d2dae1e1cbe24e3c0890cf12940eb7,661f310d9577629bb91ca90b70844b56fb88e941,持卡人消费,15公寓浴池,-0.26,95.23,5930,正常
2016/06/20 17:00:45,d0a1c3ce15d2dae1e1cbe24e3c0890cf12940eb7,661f310d9577629bb91ca90b70844b56fb88e941,持卡人消费,A15,-2.3,92.93,5931,正常
2016/06/21 07:22:35,d0a1c3ce15d2dae1e1cbe24e3c0890cf12940eb7,661f310d9577629bb91ca90b70844b56fb88e941,持卡人消费,学士楼商务网关,-0.93,92.00,5932,正常
2016/06/21 07:22:54,d0a1c3ce15d2dae1e1cbe24e3c0890cf12940eb7,661f310d9577629bb91ca90b70844b56fb88e941,持卡人消费,学士楼商务网关,-2.6,89.40,5933,正常
2016/06/21 07:23:55,d0a1c3ce15d2dae1e1cbe24e3c0890cf12940eb7,661f310d9577629bb91ca90b70844b56fb88e941,持卡人消费,学士楼商务网关,-2.0,87.40,5934,正常
2016/06/21 11:43:47,d0a1c3ce15d2dae1e1cbe24e3c0890cf12940eb7,661f310d9577629bb91ca90b70844b56fb88e941,持卡人消费,学苑楼商务网关,-3.0,84.40,5935,正常
2016/06/21 11:44:22,d0a1c3ce15d2dae1e1cbe24e3c0890cf12940eb7,661f310d9577629bb91ca90b70844b56fb88e941,持卡人消费,学苑楼商务网关,-3.5,80.90,5936,正常
2016/06/21 11:45:05,d0a1c3ce15d2dae1e1cbe24e3c0890cf12940eb7,661f310d9577629bb91ca90b70844b56fb88e941,持卡人消费,学苑楼商务网关,-0.5,80.40,5937,正常
2016/06/21 12:00:45,d0a1c3ce15d2dae1e1cbe24e3c0890cf12940eb7,661f310d9577629bb91ca90b70844b56fb88e941,持卡人消费,学苑楼商务网关,-24.4,56.00,5938,正常
2016/06/22 07:38:12,d0a1c3ce15d2dae1e1cbe24e3c0890cf12940eb7,661f310d9577629bb91ca90b70844b56fb88e941,持卡人消费,学士楼商务网关,-3.8,52.20,5939,正常
2016/06/22 20:18:30,d0a1c3ce15d2dae1e1cbe24e3c0890cf12940eb7,661f310d9577629bb91ca90b70844b56fb88e941,持卡人消费,15公寓浴池,-0.02,52.18,5941,正常
2016/06/22 20:29:02,d0a1c3ce15d2dae1e1cbe24e3c0890cf12940eb7,661f310d9577629bb91ca90b70844b56fb88e941,持卡人消费,15公寓浴池,-2.0,50.18,5942,正常
2016/06/22 20:30:33,d0a1c3ce15d2dae1e1cbe24e3c0890cf12940eb7,661f310d9577629bb91ca90b70844b56fb88e941,持卡人消费,15公寓浴池,-0.22,49.96,5944,正常
2016/06/22 20:34:11,d0a1c3ce15d2dae1e1cbe24e3c0890cf12940eb7,661f310d9577629bb91ca90b70844b56fb88e941,持卡人消费,15公寓浴池,-0.22,49.74,5946,正常
2016/06/22 20:37:39,d0a1c3ce15d2dae1e1cbe24e3c0890cf12940eb7,661f310d9577629bb91ca90b70844b56fb88e941,持卡人消费,15公寓浴池,-0.43,49.31,5948,正常
2016/06/23 07:35:25,d0a1c3ce15d2dae1e1cbe24e3c0890cf12940eb7,661f310d9577629bb91ca90b70844b56fb88e941,持卡人消费,学士楼商务网关,-2.5,46.81,5949,正常
2016/06/23 07:36:50,d0a1c3ce15d2dae1e1cbe24e3c0890cf12940eb7,661f310d9577629bb91ca90b70844b56fb88e941,持卡人消费,学士楼商务网关,-2.0,44.81,5950,正常
2016/06/23 11:48:45,d0a1c3ce15d2dae1e1cbe24e3c0890cf12940eb7,661f310d9577629bb91ca90b70844b56fb88e941,持卡人消费,学士楼商务网关,-11.7,33.11,5951,正常
2016/06/23 17:25:16,d0a1c3ce15d2dae1e1cbe24e3c0890cf12940eb7,661f310d9577629bb91ca90b70844b56fb88e941,持卡人消费,学苑楼商务网关,-8.0,25.11,5952,正常
2016/06/24 07:56:02,d0a1c3ce15d2dae1e1cbe24e3c0890cf12940eb7,661f310d9577629bb91ca90b70844b56fb88e941,持卡人消费,学士楼商务网关,-5.1,20.01,5953,正常
2016/06/24 11:45:43,d0a1c3ce15d2dae1e1cbe24e3c0890cf12940eb7,661f310d9577629bb91ca90b70844b56fb88e941,持卡人消费,学苑楼商务网关,-7.0,13.01,5954,正常
2016/06/24 12:08:54,d0a1c3ce15d2dae1e1cbe24e3c0890cf12940eb7,661f310d9577629bb91ca90b70844b56fb88e941,持卡人消费,学苑楼商务网关,-6.0,7.01,5955,正常
2016/06/24 17:23:03,d0a1c3ce15d2dae1e1cbe24e3c0890cf12940eb7,661f310d9577629bb91ca90b70844b56fb88e941,存款,学苑楼综合业务2,100.0,107.01,5956,正常
2016/06/24 17:25:13,d0a1c3ce15d2dae1e1cbe24e3c0890cf12940eb7,661f310d9577629bb91ca90b70844b56fb88e941,持卡人消费,学苑楼商务网关,-5.0,102.01,5957,正常
2016/06/24 17:26:40,d0a1c3ce15d2dae1e1cbe24e3c0890cf12940eb7,661f310d9577629bb91ca90b70844b56fb88e941,持卡人消费,学苑楼商务网关,-3.0,99.01,5958,正常
2016/06/24 17:27:44,d0a1c3ce15d2dae1e1cbe24e3c0890cf12940eb7,661f310d9577629bb91ca90b70844b56fb88e941,持卡人消费,学苑楼商务网关,-0.9,98.11,5959,正常
2016/06/25 08:00:38,d0a1c3ce15d2dae1e1cbe24e3c0890cf12940eb7,661f310d9577629bb91ca90b70844b56fb88e941,持卡人消费,学士楼商务网关,-4.9,93.21,5960,正常
2016/06/25 11:41:26,d0a1c3ce15d2dae1e1cbe24e3c0890cf12940eb7,661f310d9577629bb91ca90b70844b56fb88e941,持卡人消费,学苑楼商务网关,-4.2,89.01,5961,正常
2016/06/25 11:42:23,d0a1c3ce15d2dae1e1cbe24e3c0890cf12940eb7,661f310d9577629bb91ca90b70844b56fb88e941,持卡人消费,学苑楼商务网关,-2.5,86.51,5962,正常
2016/06/25 11:58:23,d0a1c3ce15d2dae1e1cbe24e3c0890cf12940eb7,661f310d9577629bb91ca90b70844b56fb88e941,持卡人消费,学苑楼商务网关,-2.5,84.01,5963,正常
2016/06/26 08:16:55,d0a1c3ce15d2dae1e1cbe24e3c0890cf12940eb7,661f310d9577629bb91ca90b70844b56fb88e941,持卡人消费,硕果园（工大商店）,-7.0,77.01,5964,正常
2016/06/26 08:17:28,d0a1c3ce15d2dae1e1cbe24e3c0890cf12940eb7,661f310d9577629bb91ca90b70844b56fb88e941,持卡人消费,硕果园（工大商店）,-2.0,75.01,5965,正常
2016/06/26 11:37:18,d0a1c3ce15d2dae1e1cbe24e3c0890cf12940eb7,661f310d9577629bb91ca90b70844b56fb88e941,持卡人消费,学苑楼商务网关,-2.0,73.01,5966,正常
2016/06/26 11:40:10,d0a1c3ce15d2dae1e1cbe24e3c0890cf12940eb7,661f310d9577629bb91ca90b70844b56fb88e941,持卡人消费,学苑楼商务网关,-1.0,72.01,5967,正常
2016/06/26 11:41:47,d0a1c3ce15d2dae1e1cbe24e3c0890cf12940eb7,661f310d9577629bb91ca90b70844b56fb88e941,持卡人消费,学苑楼商务网关,-3.0,69.01,5968,正常
2016/06/26 11:52:53,d0a1c3ce15d2dae1e1cbe24e3c0890cf12940eb7,661f310d9577629bb91ca90b70844b56fb88e941,持卡人消费,学苑楼商务网关,-2.2,66.81,5969,正常
2016/06/26 17:25:52,d0a1c3ce15d2dae1e1cbe24e3c0890cf12940eb7,661f310d9577629bb91ca90b70844b56fb88e941,持卡人消费,学子楼商务网关,-5.5,61.31,5970,正常
2016/06/26 17:25:55,d0a1c3ce15d2dae1e1cbe24e3c0890cf12940eb7,661f310d9577629bb91ca90b70844b56fb88e941,持卡人消费,学子楼商务网关,-5.5,55.81,5971,正常
2016/06/26 17:26:35,d0a1c3ce15d2dae1e1cbe24e3c0890cf12940eb7,661f310d9577629bb91ca90b70844b56fb88e941,持卡人消费,学子楼商务网关,-2.5,53.31,5972,正常
2016/06/26 20:20:56,d0a1c3ce15d2dae1e1cbe24e3c0890cf12940eb7,661f310d9577629bb91ca90b70844b56fb88e941,持卡人消费,15公寓浴池,-0.34,52.97,5974,正常
2016/06/26 20:28:32,d0a1c3ce15d2dae1e1cbe24e3c0890cf12940eb7,661f310d9577629bb91ca90b70844b56fb88e941,持卡人消费,15公寓浴池,-1.36,51.61,5976,正常
2016/06/26 20:34:23,d0a1c3ce15d2dae1e1cbe24e3c0890cf12940eb7,661f310d9577629bb91ca90b70844b56fb88e941,持卡人消费,15公寓浴池,-0.53,51.08,5978,正常
2016/06/27 06:51:18,d0a1c3ce15d2dae1e1cbe24e3c0890cf12940eb7,661f310d9577629bb91ca90b70844b56fb88e941,持卡人消费,超市商务子系统,-3.0,48.08,5979,正常
2016/06/27 11:34:38,d0a1c3ce15d2dae1e1cbe24e3c0890cf12940eb7,661f310d9577629bb91ca90b70844b56fb88e941,持卡人消费,学苑楼商务网关,-1.9,46.18,5980,正常
2016/06/27 11:35:12,d0a1c3ce15d2dae1e1cbe24e3c0890cf12940eb7,661f310d9577629bb91ca90b70844b56fb88e941,持卡人消费,学苑楼商务网关,-3.0,43.18,5981,正常
2016/06/27 11:49:42,d0a1c3ce15d2dae1e1cbe24e3c0890cf12940eb7,661f310d9577629bb91ca90b70844b56fb88e941,持卡人消费,超市商务子系统,-7.2,35.98,5982,正常
2016/06/28 09:12:11,d0a1c3ce15d2dae1e1cbe24e3c0890cf12940eb7,661f310d9577629bb91ca90b70844b56fb88e941,持卡人消费,超市商务子系统,-2.0,33.98,5983,正常
2016/06/28 13:56:34,d0a1c3ce15d2dae1e1cbe24e3c0890cf12940eb7,661f310d9577629bb91ca90b70844b56fb88e941,持卡人消费,15公寓浴池,-1.06,32.92,5985,正常
2016/06/28 14:01:51,d0a1c3ce15d2dae1e1cbe24e3c0890cf12940eb7,661f310d9577629bb91ca90b70844b56fb88e941,持卡人消费,15公寓浴池,-0.56,32.36,5987,正常
2016/06/29 09:36:29,d0a1c3ce15d2dae1e1cbe24e3c0890cf12940eb7,661f310d9577629bb91ca90b70844b56fb88e941,持卡人消费,学士楼商务网关,-2.2,30.16,5988,正常
2016/06/29 09:37:38,d0a1c3ce15d2dae1e1cbe24e3c0890cf12940eb7,661f310d9577629bb91ca90b70844b56fb88e941,持卡人消费,学士楼商务网关,-2.0,28.16,5989,正常
2016/06/29 19:17:08,d0a1c3ce15d2dae1e1cbe24e3c0890cf12940eb7,661f310d9577629bb91ca90b70844b56fb88e941,持卡人消费,学士楼商务网关,-4.2,23.96,5990,正常
