交易发生时间,学号,姓名,交易类型,子系统名称,交易额,现有余额,次数,状态
2016/06/01 08:19:34,4ceb4e9d74c3c0f61cb0b9bbfe69a19dd882fec5,6759f3f7f97ca42755093effb9634e132e666004,持卡人消费,学士楼商务网关,-3.2,76.72,3981,正常
2016/06/01 08:44:36,4ceb4e9d74c3c0f61cb0b9bbfe69a19dd882fec5,6759f3f7f97ca42755093effb9634e132e666004,持卡人消费,A9,-3.0,73.72,3982,正常
2016/06/01 12:30:52,4ceb4e9d74c3c0f61cb0b9bbfe69a19dd882fec5,6759f3f7f97ca42755093effb9634e132e666004,持卡人消费,硕果园（工大商店）,-12.0,61.72,3983,正常
2016/06/01 18:29:05,4ceb4e9d74c3c0f61cb0b9bbfe69a19dd882fec5,6759f3f7f97ca42755093effb9634e132e666004,持卡人消费,学士楼商务网关,-4.3,57.42,3984,正常
2016/06/01 18:30:16,4ceb4e9d74c3c0f61cb0b9bbfe69a19dd882fec5,6759f3f7f97ca42755093effb9634e132e666004,持卡人消费,学士楼商务网关,-2.0,55.42,3985,正常
2016/06/02 08:13:57,4ceb4e9d74c3c0f61cb0b9bbfe69a19dd882fec5,6759f3f7f97ca42755093effb9634e132e666004,持卡人消费,学士楼商务网关,-3.2,52.22,3986,正常
2016/06/02 10:21:57,4ceb4e9d74c3c0f61cb0b9bbfe69a19dd882fec5,6759f3f7f97ca42755093effb9634e132e666004,持卡人消费,游泳馆,-6.0,46.22,3987,正常
2016/06/02 11:18:04,4ceb4e9d74c3c0f61cb0b9bbfe69a19dd882fec5,6759f3f7f97ca42755093effb9634e132e666004,持卡人消费,学士楼商务网关,-4.3,41.92,3988,正常
2016/06/02 11:19:02,4ceb4e9d74c3c0f61cb0b9bbfe69a19dd882fec5,6759f3f7f97ca42755093effb9634e132e666004,持卡人消费,学士楼商务网关,-2.5,39.42,3989,正常
2016/06/02 11:20:14,4ceb4e9d74c3c0f61cb0b9bbfe69a19dd882fec5,6759f3f7f97ca42755093effb9634e132e666004,持卡人消费,学士楼商务网关,-0.4,39.02,3990,正常
2016/06/02 17:28:38,4ceb4e9d74c3c0f61cb0b9bbfe69a19dd882fec5,6759f3f7f97ca42755093effb9634e132e666004,持卡人消费,学苑楼商务网关,-5.0,34.02,3991,正常
2016/06/02 17:29:51,4ceb4e9d74c3c0f61cb0b9bbfe69a19dd882fec5,6759f3f7f97ca42755093effb9634e132e666004,持卡人消费,学苑楼商务网关,-1.2,32.82,3992,正常
2016/06/03 08:43:57,4ceb4e9d74c3c0f61cb0b9bbfe69a19dd882fec5,6759f3f7f97ca42755093effb9634e132e666004,持卡人消费,学士楼商务网关,-3.2,29.62,3993,正常
2016/06/03 12:18:54,4ceb4e9d74c3c0f61cb0b9bbfe69a19dd882fec5,6759f3f7f97ca42755093effb9634e132e666004,持卡人消费,硕果园（工大商店）,-11.0,18.62,3994,正常
2016/06/03 12:20:05,4ceb4e9d74c3c0f61cb0b9bbfe69a19dd882fec5,6759f3f7f97ca42755093effb9634e132e666004,持卡人消费,硕果园（工大商店）,-2.0,16.62,3995,正常
2016/06/03 17:09:08,4ceb4e9d74c3c0f61cb0b9bbfe69a19dd882fec5,6759f3f7f97ca42755093effb9634e132e666004,持卡人消费,学苑楼商务网关,-9.8,6.82,3996,正常
2016/06/04 08:12:24,4ceb4e9d74c3c0f61cb0b9bbfe69a19dd882fec5,6759f3f7f97ca42755093effb9634e132e666004,持卡人消费,学士楼商务网关,-3.6,3.22,3997,正常
2016/06/05 08:47:12,4ceb4e9d74c3c0f61cb0b9bbfe69a19dd882fec5,6759f3f7f97ca42755093effb9634e132e666004,持卡人消费,学士楼商务网关,-2.5,0.72,3998,正常
2016/06/05 11:42:45,4ceb4e9d74c3c0f61cb0b9bbfe69a19dd882fec5,6759f3f7f97ca42755093effb9634e132e666004,存款,学苑楼综合业务3,100.0,100.72,3999,正常
2016/06/05 11:44:06,4ceb4e9d74c3c0f61cb0b9bbfe69a19dd882fec5,6759f3f7f97ca42755093effb9634e132e666004,持卡人消费,学苑楼商务网关,-7.0,93.72,4000,正常
2016/06/05 11:45:29,4ceb4e9d74c3c0f61cb0b9bbfe69a19dd882fec5,6759f3f7f97ca42755093effb9634e132e666004,持卡人消费,学苑楼商务网关,-0.8,92.92,4001,正常
2016/06/05 17:46:00,4ceb4e9d74c3c0f61cb0b9bbfe69a19dd882fec5,6759f3f7f97ca42755093effb9634e132e666004,持卡人消费,四食堂商务网关,-11.08,81.84,4002,正常
2016/06/05 17:52:09,4ceb4e9d74c3c0f61cb0b9bbfe69a19dd882fec5,6759f3f7f97ca42755093effb9634e132e666004,持卡人消费,四食堂商务网关,-3.0,78.84,4003,正常
2016/06/06 08:25:13,4ceb4e9d74c3c0f61cb0b9bbfe69a19dd882fec5,6759f3f7f97ca42755093effb9634e132e666004,持卡人消费,学士楼商务网关,-3.1,75.74,4004,正常
2016/06/06 11:37:03,4ceb4e9d74c3c0f61cb0b9bbfe69a19dd882fec5,6759f3f7f97ca42755093effb9634e132e666004,持卡人消费,学子楼商务网关,-5.3,70.44,4005,正常
2016/06/06 11:38:14,4ceb4e9d74c3c0f61cb0b9bbfe69a19dd882fec5,6759f3f7f97ca42755093effb9634e132e666004,持卡人消费,学子楼商务网关,-2.5,67.94,4006,正常
2016/06/06 17:28:32,4ceb4e9d74c3c0f61cb0b9bbfe69a19dd882fec5,6759f3f7f97ca42755093effb9634e132e666004,持卡人消费,一校区水控新,-1.3,66.64,4008,正常
2016/06/06 17:40:18,4ceb4e9d74c3c0f61cb0b9bbfe69a19dd882fec5,6759f3f7f97ca42755093effb9634e132e666004,持卡人消费,一校区水控新,-1.02,65.62,4010,正常
2016/06/06 17:51:39,4ceb4e9d74c3c0f61cb0b9bbfe69a19dd882fec5,6759f3f7f97ca42755093effb9634e132e666004,持卡人消费,硕果园（工大商店）,-9.0,56.62,4011,正常
2016/06/06 17:52:12,4ceb4e9d74c3c0f61cb0b9bbfe69a19dd882fec5,6759f3f7f97ca42755093effb9634e132e666004,持卡人消费,硕果园（工大商店）,-6.0,50.62,4012,正常
2016/06/07 08:22:30,4ceb4e9d74c3c0f61cb0b9bbfe69a19dd882fec5,6759f3f7f97ca42755093effb9634e132e666004,持卡人消费,学士楼商务网关,-3.0,47.62,4013,正常
2016/06/07 11:40:13,4ceb4e9d74c3c0f61cb0b9bbfe69a19dd882fec5,6759f3f7f97ca42755093effb9634e132e666004,持卡人消费,学士楼商务网关,-8.1,39.52,4014,正常
2016/06/07 17:39:22,4ceb4e9d74c3c0f61cb0b9bbfe69a19dd882fec5,6759f3f7f97ca42755093effb9634e132e666004,持卡人消费,学士楼商务网关,-9.6,29.92,4015,正常
2016/06/08 08:45:18,4ceb4e9d74c3c0f61cb0b9bbfe69a19dd882fec5,6759f3f7f97ca42755093effb9634e132e666004,持卡人消费,学士楼商务网关,-3.2,26.72,4016,正常
2016/06/08 11:07:29,4ceb4e9d74c3c0f61cb0b9bbfe69a19dd882fec5,6759f3f7f97ca42755093effb9634e132e666004,持卡人消费,学士楼商务网关,-4.0,22.72,4017,正常
2016/06/08 17:38:41,4ceb4e9d74c3c0f61cb0b9bbfe69a19dd882fec5,6759f3f7f97ca42755093effb9634e132e666004,持卡人消费,学士楼商务网关,-4.76,14.96,4019,正常
2016/06/08 17:41:01,4ceb4e9d74c3c0f61cb0b9bbfe69a19dd882fec5,6759f3f7f97ca42755093effb9634e132e666004,持卡人消费,学士楼商务网关,-3.3,11.66,4020,正常
2016/06/09 07:31:16,4ceb4e9d74c3c0f61cb0b9bbfe69a19dd882fec5,6759f3f7f97ca42755093effb9634e132e666004,持卡人消费,学士楼商务网关,-3.1,8.56,4021,正常
2016/06/10 17:07:42,4ceb4e9d74c3c0f61cb0b9bbfe69a19dd882fec5,6759f3f7f97ca42755093effb9634e132e666004,存款,学苑楼综合业务3,50.0,58.56,4022,正常
2016/06/10 17:17:12,4ceb4e9d74c3c0f61cb0b9bbfe69a19dd882fec5,6759f3f7f97ca42755093effb9634e132e666004,持卡人消费,学士楼商务网关,-5.4,53.16,4023,正常
2016/06/11 09:03:30,4ceb4e9d74c3c0f61cb0b9bbfe69a19dd882fec5,6759f3f7f97ca42755093effb9634e132e666004,持卡人消费,学士楼商务网关,-2.5,50.66,4024,正常
2016/06/11 11:57:58,4ceb4e9d74c3c0f61cb0b9bbfe69a19dd882fec5,6759f3f7f97ca42755093effb9634e132e666004,持卡人消费,学士楼商务网关,-5.7,44.96,4025,正常
2016/06/11 11:59:24,4ceb4e9d74c3c0f61cb0b9bbfe69a19dd882fec5,6759f3f7f97ca42755093effb9634e132e666004,持卡人消费,学士楼商务网关,-3.5,41.46,4026,正常
2016/06/11 11:59:32,4ceb4e9d74c3c0f61cb0b9bbfe69a19dd882fec5,6759f3f7f97ca42755093effb9634e132e666004,持卡人消费,学士楼商务网关,-0.8,40.66,4027,正常
2016/06/11 16:41:07,4ceb4e9d74c3c0f61cb0b9bbfe69a19dd882fec5,6759f3f7f97ca42755093effb9634e132e666004,持卡人消费,A9,-2.3,38.36,4028,正常
2016/06/11 17:27:53,4ceb4e9d74c3c0f61cb0b9bbfe69a19dd882fec5,6759f3f7f97ca42755093effb9634e132e666004,持卡人消费,学士楼商务网关,-8.9,29.46,4029,正常
2016/06/12 08:58:03,4ceb4e9d74c3c0f61cb0b9bbfe69a19dd882fec5,6759f3f7f97ca42755093effb9634e132e666004,持卡人消费,学士楼商务网关,-3.0,26.46,4030,正常
2016/06/12 09:29:55,4ceb4e9d74c3c0f61cb0b9bbfe69a19dd882fec5,6759f3f7f97ca42755093effb9634e132e666004,持卡人消费,游泳馆,-6.0,20.46,4031,正常
2016/06/12 11:06:48,4ceb4e9d74c3c0f61cb0b9bbfe69a19dd882fec5,6759f3f7f97ca42755093effb9634e132e666004,持卡人消费,学士楼商务网关,-3.4,17.06,4032,正常
2016/06/12 11:08:00,4ceb4e9d74c3c0f61cb0b9bbfe69a19dd882fec5,6759f3f7f97ca42755093effb9634e132e666004,持卡人消费,学士楼商务网关,-3.0,14.06,4033,正常
2016/06/13 08:12:04,4ceb4e9d74c3c0f61cb0b9bbfe69a19dd882fec5,6759f3f7f97ca42755093effb9634e132e666004,存款,卡中心综合业务,100.0,114.06,4034,正常
2016/06/13 08:13:12,4ceb4e9d74c3c0f61cb0b9bbfe69a19dd882fec5,6759f3f7f97ca42755093effb9634e132e666004,持卡人消费,学苑楼商务网关,-2.5,111.56,4035,正常
2016/06/13 08:13:57,4ceb4e9d74c3c0f61cb0b9bbfe69a19dd882fec5,6759f3f7f97ca42755093effb9634e132e666004,持卡人消费,学苑楼商务网关,-1.0,110.56,4036,正常
2016/06/13 11:35:34,4ceb4e9d74c3c0f61cb0b9bbfe69a19dd882fec5,6759f3f7f97ca42755093effb9634e132e666004,持卡人消费,学士楼商务网关,-9.3,101.26,4037,正常
2016/06/13 17:39:49,4ceb4e9d74c3c0f61cb0b9bbfe69a19dd882fec5,6759f3f7f97ca42755093effb9634e132e666004,持卡人消费,学士楼商务网关,-8.3,92.96,4038,正常
2016/06/14 08:38:44,4ceb4e9d74c3c0f61cb0b9bbfe69a19dd882fec5,6759f3f7f97ca42755093effb9634e132e666004,持卡人消费,学士楼商务网关,-3.2,89.76,4039,正常
2016/06/14 12:40:59,4ceb4e9d74c3c0f61cb0b9bbfe69a19dd882fec5,6759f3f7f97ca42755093effb9634e132e666004,持卡人消费,学士楼商务网关,-8.0,81.76,4040,正常
2016/06/14 17:57:13,4ceb4e9d74c3c0f61cb0b9bbfe69a19dd882fec5,6759f3f7f97ca42755093effb9634e132e666004,持卡人消费,学苑楼商务网关,-8.0,73.76,4041,正常
2016/06/15 10:44:08,4ceb4e9d74c3c0f61cb0b9bbfe69a19dd882fec5,6759f3f7f97ca42755093effb9634e132e666004,持卡人消费,学士楼商务网关,-3.3,70.46,4042,正常
2016/06/15 10:45:39,4ceb4e9d74c3c0f61cb0b9bbfe69a19dd882fec5,6759f3f7f97ca42755093effb9634e132e666004,持卡人消费,学士楼商务网关,-3.9,66.56,4043,正常
2016/06/15 10:46:51,4ceb4e9d74c3c0f61cb0b9bbfe69a19dd882fec5,6759f3f7f97ca42755093effb9634e132e666004,持卡人消费,学士楼商务网关,-0.2,66.36,4044,正常
2016/06/15 16:38:08,4ceb4e9d74c3c0f61cb0b9bbfe69a19dd882fec5,6759f3f7f97ca42755093effb9634e132e666004,持卡人消费,一校区水控新,-0.05,64.31,4047,正常
2016/06/15 16:44:05,4ceb4e9d74c3c0f61cb0b9bbfe69a19dd882fec5,6759f3f7f97ca42755093effb9634e132e666004,持卡人消费,一校区水控新,-1.1,63.21,4049,正常
2016/06/15 16:46:32,4ceb4e9d74c3c0f61cb0b9bbfe69a19dd882fec5,6759f3f7f97ca42755093effb9634e132e666004,持卡人消费,一校区水控新,-1.63,63.58,4050,正常
2016/06/15 16:50:43,4ceb4e9d74c3c0f61cb0b9bbfe69a19dd882fec5,6759f3f7f97ca42755093effb9634e132e666004,持卡人消费,一校区水控新,-0.54,63.04,4052,正常
2016/06/15 16:55:03,4ceb4e9d74c3c0f61cb0b9bbfe69a19dd882fec5,6759f3f7f97ca42755093effb9634e132e666004,持卡人消费,一校区水控新,-0.66,62.38,4054,正常
2016/06/15 17:05:57,4ceb4e9d74c3c0f61cb0b9bbfe69a19dd882fec5,6759f3f7f97ca42755093effb9634e132e666004,持卡人消费,学士楼商务网关,-4.8,57.58,4055,正常
2016/06/15 17:07:28,4ceb4e9d74c3c0f61cb0b9bbfe69a19dd882fec5,6759f3f7f97ca42755093effb9634e132e666004,持卡人消费,学士楼商务网关,-2.0,55.58,4056,正常
2016/06/16 10:16:35,4ceb4e9d74c3c0f61cb0b9bbfe69a19dd882fec5,6759f3f7f97ca42755093effb9634e132e666004,持卡人消费,学士楼商务网关,-8.0,47.58,4057,正常
2016/06/16 10:24:04,4ceb4e9d74c3c0f61cb0b9bbfe69a19dd882fec5,6759f3f7f97ca42755093effb9634e132e666004,持卡人消费,学士楼商务网关,-2.0,45.58,4058,正常
2016/06/17 07:28:05,4ceb4e9d74c3c0f61cb0b9bbfe69a19dd882fec5,6759f3f7f97ca42755093effb9634e132e666004,持卡人消费,学士楼商务网关,-3.2,42.38,4059,正常
2016/06/17 11:44:40,4ceb4e9d74c3c0f61cb0b9bbfe69a19dd882fec5,6759f3f7f97ca42755093effb9634e132e666004,持卡人消费,学士楼商务网关,-4.76,37.62,4060,正常
2016/06/17 11:46:06,4ceb4e9d74c3c0f61cb0b9bbfe69a19dd882fec5,6759f3f7f97ca42755093effb9634e132e666004,持卡人消费,学士楼商务网关,-4.8,32.82,4061,正常
2016/06/17 17:39:27,4ceb4e9d74c3c0f61cb0b9bbfe69a19dd882fec5,6759f3f7f97ca42755093effb9634e132e666004,持卡人消费,学士楼商务网关,-4.8,28.02,4062,正常
2016/06/17 17:40:37,4ceb4e9d74c3c0f61cb0b9bbfe69a19dd882fec5,6759f3f7f97ca42755093effb9634e132e666004,持卡人消费,学士楼商务网关,-2.5,25.52,4063,正常
2016/06/18 08:11:53,4ceb4e9d74c3c0f61cb0b9bbfe69a19dd882fec5,6759f3f7f97ca42755093effb9634e132e666004,持卡人消费,学士楼商务网关,-3.0,22.52,4064,正常
2016/06/18 11:34:37,4ceb4e9d74c3c0f61cb0b9bbfe69a19dd882fec5,6759f3f7f97ca42755093effb9634e132e666004,持卡人消费,学士楼商务网关,-3.3,19.22,4065,正常
2016/06/18 11:36:30,4ceb4e9d74c3c0f61cb0b9bbfe69a19dd882fec5,6759f3f7f97ca42755093effb9634e132e666004,持卡人消费,学士楼商务网关,-3.6,15.62,4066,正常
2016/06/19 08:33:01,4ceb4e9d74c3c0f61cb0b9bbfe69a19dd882fec5,6759f3f7f97ca42755093effb9634e132e666004,持卡人消费,学士楼商务网关,-2.5,13.12,4067,正常
2016/06/19 11:58:08,4ceb4e9d74c3c0f61cb0b9bbfe69a19dd882fec5,6759f3f7f97ca42755093effb9634e132e666004,持卡人消费,学士楼商务网关,-3.3,9.82,4068,正常
2016/06/19 11:59:32,4ceb4e9d74c3c0f61cb0b9bbfe69a19dd882fec5,6759f3f7f97ca42755093effb9634e132e666004,持卡人消费,学士楼商务网关,-5.4,4.42,4069,正常
2016/06/20 08:13:52,4ceb4e9d74c3c0f61cb0b9bbfe69a19dd882fec5,6759f3f7f97ca42755093effb9634e132e666004,持卡人消费,学士楼商务网关,-3.2,1.22,4070,正常
2016/06/21 10:36:10,4ceb4e9d74c3c0f61cb0b9bbfe69a19dd882fec5,6759f3f7f97ca42755093effb9634e132e666004,存款,现金充值机,100.0,101.22,4071,正常
2016/06/21 10:59:22,4ceb4e9d74c3c0f61cb0b9bbfe69a19dd882fec5,6759f3f7f97ca42755093effb9634e132e666004,持卡人消费,学苑楼商务网关,-10.0,91.22,4072,正常
2016/06/21 11:00:09,4ceb4e9d74c3c0f61cb0b9bbfe69a19dd882fec5,6759f3f7f97ca42755093effb9634e132e666004,持卡人消费,学苑楼商务网关,-1.0,90.22,4073,正常
2016/06/21 17:23:19,4ceb4e9d74c3c0f61cb0b9bbfe69a19dd882fec5,6759f3f7f97ca42755093effb9634e132e666004,持卡人消费,学士楼商务网关,-4.0,86.22,4074,正常
2016/06/21 17:23:22,4ceb4e9d74c3c0f61cb0b9bbfe69a19dd882fec5,6759f3f7f97ca42755093effb9634e132e666004,持卡人消费,学士楼商务网关,-0.8,85.42,4075,正常
2016/06/21 17:24:09,4ceb4e9d74c3c0f61cb0b9bbfe69a19dd882fec5,6759f3f7f97ca42755093effb9634e132e666004,持卡人消费,学士楼商务网关,-1.5,83.92,4076,正常
2016/06/22 08:36:48,4ceb4e9d74c3c0f61cb0b9bbfe69a19dd882fec5,6759f3f7f97ca42755093effb9634e132e666004,持卡人消费,学士楼商务网关,-3.2,80.72,4077,正常
2016/06/22 11:46:47,4ceb4e9d74c3c0f61cb0b9bbfe69a19dd882fec5,6759f3f7f97ca42755093effb9634e132e666004,持卡人消费,学士楼商务网关,-9.3,71.42,4078,正常
2016/06/22 17:15:31,4ceb4e9d74c3c0f61cb0b9bbfe69a19dd882fec5,6759f3f7f97ca42755093effb9634e132e666004,持卡人消费,一校区水控新,-1.01,70.41,4080,正常
2016/06/22 17:24:31,4ceb4e9d74c3c0f61cb0b9bbfe69a19dd882fec5,6759f3f7f97ca42755093effb9634e132e666004,持卡人消费,一校区水控新,-0.58,69.83,4082,正常
2016/06/22 17:39:13,4ceb4e9d74c3c0f61cb0b9bbfe69a19dd882fec5,6759f3f7f97ca42755093effb9634e132e666004,持卡人消费,硕果园（工大商店）,-15.4,54.43,4083,正常
2016/06/22 17:40:54,4ceb4e9d74c3c0f61cb0b9bbfe69a19dd882fec5,6759f3f7f97ca42755093effb9634e132e666004,持卡人消费,硕果园（工大商店）,-4.0,50.43,4084,正常
2016/06/23 08:55:53,4ceb4e9d74c3c0f61cb0b9bbfe69a19dd882fec5,6759f3f7f97ca42755093effb9634e132e666004,持卡人消费,学士楼商务网关,-3.95,46.48,4085,正常
2016/06/23 17:40:10,4ceb4e9d74c3c0f61cb0b9bbfe69a19dd882fec5,6759f3f7f97ca42755093effb9634e132e666004,持卡人消费,学士楼商务网关,-5.32,41.16,4086,正常
2016/06/23 17:42:26,4ceb4e9d74c3c0f61cb0b9bbfe69a19dd882fec5,6759f3f7f97ca42755093effb9634e132e666004,持卡人消费,学士楼商务网关,-4.2,36.96,4087,正常
2016/06/24 07:55:39,4ceb4e9d74c3c0f61cb0b9bbfe69a19dd882fec5,6759f3f7f97ca42755093effb9634e132e666004,持卡人消费,学士楼商务网关,-3.0,33.96,4088,正常
2016/06/24 11:36:49,4ceb4e9d74c3c0f61cb0b9bbfe69a19dd882fec5,6759f3f7f97ca42755093effb9634e132e666004,持卡人消费,学士楼商务网关,-8.8,25.16,4089,正常
2016/06/24 17:36:20,4ceb4e9d74c3c0f61cb0b9bbfe69a19dd882fec5,6759f3f7f97ca42755093effb9634e132e666004,持卡人消费,学士楼商务网关,-5.1,20.06,4090,正常
2016/06/24 17:36:47,4ceb4e9d74c3c0f61cb0b9bbfe69a19dd882fec5,6759f3f7f97ca42755093effb9634e132e666004,持卡人消费,学士楼商务网关,-3.0,17.06,4091,正常
2016/06/24 17:37:08,4ceb4e9d74c3c0f61cb0b9bbfe69a19dd882fec5,6759f3f7f97ca42755093effb9634e132e666004,持卡人消费,学士楼商务网关,-0.8,16.26,4092,正常
2016/06/25 08:50:53,4ceb4e9d74c3c0f61cb0b9bbfe69a19dd882fec5,6759f3f7f97ca42755093effb9634e132e666004,持卡人消费,学士楼商务网关,-3.3,12.96,4093,正常
2016/06/25 11:48:28,4ceb4e9d74c3c0f61cb0b9bbfe69a19dd882fec5,6759f3f7f97ca42755093effb9634e132e666004,持卡人消费,学士楼商务网关,-7.8,5.16,4094,正常
2016/06/26 08:17:27,4ceb4e9d74c3c0f61cb0b9bbfe69a19dd882fec5,6759f3f7f97ca42755093effb9634e132e666004,存款,现金充值机,100.0,105.16,4095,正常
2016/06/26 08:40:14,4ceb4e9d74c3c0f61cb0b9bbfe69a19dd882fec5,6759f3f7f97ca42755093effb9634e132e666004,持卡人消费,学苑楼商务网关,-3.0,102.16,4096,正常
2016/06/26 08:44:50,4ceb4e9d74c3c0f61cb0b9bbfe69a19dd882fec5,6759f3f7f97ca42755093effb9634e132e666004,持卡人消费,学苑楼商务网关,-2.5,99.66,4097,正常
2016/06/26 12:09:54,4ceb4e9d74c3c0f61cb0b9bbfe69a19dd882fec5,6759f3f7f97ca42755093effb9634e132e666004,持卡人消费,学士楼商务网关,-3.6,96.06,4098,正常
2016/06/26 12:10:36,4ceb4e9d74c3c0f61cb0b9bbfe69a19dd882fec5,6759f3f7f97ca42755093effb9634e132e666004,持卡人消费,学士楼商务网关,-5.1,90.96,4099,正常
2016/06/26 16:46:21,4ceb4e9d74c3c0f61cb0b9bbfe69a19dd882fec5,6759f3f7f97ca42755093effb9634e132e666004,持卡人消费,一校区水控新,-1.01,89.95,4101,正常
2016/06/26 16:56:40,4ceb4e9d74c3c0f61cb0b9bbfe69a19dd882fec5,6759f3f7f97ca42755093effb9634e132e666004,持卡人消费,一校区水控新,-1.1,88.85,4103,正常
2016/06/26 17:07:18,4ceb4e9d74c3c0f61cb0b9bbfe69a19dd882fec5,6759f3f7f97ca42755093effb9634e132e666004,持卡人消费,学士楼商务网关,-3.3,85.55,4104,正常
2016/06/26 17:08:15,4ceb4e9d74c3c0f61cb0b9bbfe69a19dd882fec5,6759f3f7f97ca42755093effb9634e132e666004,持卡人消费,学士楼商务网关,-2.5,83.05,4105,正常
2016/06/27 08:25:19,4ceb4e9d74c3c0f61cb0b9bbfe69a19dd882fec5,6759f3f7f97ca42755093effb9634e132e666004,持卡人消费,学士楼商务网关,-3.0,80.05,4106,正常
2016/06/27 11:46:09,4ceb4e9d74c3c0f61cb0b9bbfe69a19dd882fec5,6759f3f7f97ca42755093effb9634e132e666004,持卡人消费,学士楼商务网关,-9.3,70.75,4107,正常
2016/06/27 17:40:50,4ceb4e9d74c3c0f61cb0b9bbfe69a19dd882fec5,6759f3f7f97ca42755093effb9634e132e666004,持卡人消费,学士楼商务网关,-5.32,65.43,4108,正常
2016/06/27 17:42:37,4ceb4e9d74c3c0f61cb0b9bbfe69a19dd882fec5,6759f3f7f97ca42755093effb9634e132e666004,持卡人消费,学士楼商务网关,-3.3,62.13,4109,正常
2016/06/28 07:45:36,4ceb4e9d74c3c0f61cb0b9bbfe69a19dd882fec5,6759f3f7f97ca42755093effb9634e132e666004,持卡人消费,学士楼商务网关,-3.0,59.13,4110,正常
2016/06/28 11:34:40,4ceb4e9d74c3c0f61cb0b9bbfe69a19dd882fec5,6759f3f7f97ca42755093effb9634e132e666004,持卡人消费,硕果园（工大商店）,-11.0,48.13,4111,正常
2016/06/28 11:35:26,4ceb4e9d74c3c0f61cb0b9bbfe69a19dd882fec5,6759f3f7f97ca42755093effb9634e132e666004,持卡人消费,硕果园（工大商店）,-4.0,44.13,4112,正常
2016/06/29 08:19:45,4ceb4e9d74c3c0f61cb0b9bbfe69a19dd882fec5,6759f3f7f97ca42755093effb9634e132e666004,持卡人消费,学士楼商务网关,-3.0,41.13,4113,正常
2016/06/29 12:09:12,4ceb4e9d74c3c0f61cb0b9bbfe69a19dd882fec5,6759f3f7f97ca42755093effb9634e132e666004,持卡人消费,学子楼商务网关,-6.3,34.83,4114,正常
2016/06/30 08:19:49,4ceb4e9d74c3c0f61cb0b9bbfe69a19dd882fec5,6759f3f7f97ca42755093effb9634e132e666004,持卡人消费,学士楼商务网关,-3.9,30.93,4115,正常
2016/06/30 12:35:08,4ceb4e9d74c3c0f61cb0b9bbfe69a19dd882fec5,6759f3f7f97ca42755093effb9634e132e666004,持卡人消费,硕果园（工大商店）,-10.0,20.93,4116,正常
2016/06/30 12:35:42,4ceb4e9d74c3c0f61cb0b9bbfe69a19dd882fec5,6759f3f7f97ca42755093effb9634e132e666004,持卡人消费,硕果园（工大商店）,-2.0,18.93,4117,正常
2016/06/30 17:51:25,4ceb4e9d74c3c0f61cb0b9bbfe69a19dd882fec5,6759f3f7f97ca42755093effb9634e132e666004,持卡人消费,学士楼商务网关,-6.72,12.21,4118,正常
2016/06/30 17:53:58,4ceb4e9d74c3c0f61cb0b9bbfe69a19dd882fec5,6759f3f7f97ca42755093effb9634e132e666004,持卡人消费,学士楼商务网关,-4.8,7.41,4119,正常
