交易发生时间,学号,姓名,交易类型,子系统名称,交易额,现有余额,次数,状态
2016/06/01 06:36:16,bcfc295fe1e729d2b6e7dab3491ce2246c49cc3a,688d77db2f6026766d1f2f8ff50cb6cf25d0a90e,持卡人消费,学士楼商务网关,-1.5,63.93,3050,正常
2016/06/01 10:44:59,bcfc295fe1e729d2b6e7dab3491ce2246c49cc3a,688d77db2f6026766d1f2f8ff50cb6cf25d0a90e,持卡人消费,硕果园（工大商店）,-10.0,53.93,3051,正常
2016/06/01 17:22:46,bcfc295fe1e729d2b6e7dab3491ce2246c49cc3a,688d77db2f6026766d1f2f8ff50cb6cf25d0a90e,持卡人消费,学士楼商务网关,-6.0,47.93,3052,正常
2016/06/02 11:13:30,bcfc295fe1e729d2b6e7dab3491ce2246c49cc3a,688d77db2f6026766d1f2f8ff50cb6cf25d0a90e,持卡人消费,学子楼商务网关,-5.5,42.43,3053,正常
2016/06/02 17:18:36,bcfc295fe1e729d2b6e7dab3491ce2246c49cc3a,688d77db2f6026766d1f2f8ff50cb6cf25d0a90e,持卡人消费,学苑楼商务网关,-8.0,34.43,3054,正常
2016/06/02 17:20:34,bcfc295fe1e729d2b6e7dab3491ce2246c49cc3a,688d77db2f6026766d1f2f8ff50cb6cf25d0a90e,持卡人消费,学苑楼商务网关,-3.4,31.03,3055,正常
2016/06/03 08:18:27,bcfc295fe1e729d2b6e7dab3491ce2246c49cc3a,688d77db2f6026766d1f2f8ff50cb6cf25d0a90e,持卡人消费,学士楼商务网关,-2.2,28.83,3056,正常
2016/06/03 08:19:53,bcfc295fe1e729d2b6e7dab3491ce2246c49cc3a,688d77db2f6026766d1f2f8ff50cb6cf25d0a90e,持卡人消费,学士楼商务网关,-1.0,27.83,3057,正常
2016/06/03 21:00:08,bcfc295fe1e729d2b6e7dab3491ce2246c49cc3a,688d77db2f6026766d1f2f8ff50cb6cf25d0a90e,持卡人消费,A2,-2.3,25.53,3058,正常
2016/06/04 07:36:17,bcfc295fe1e729d2b6e7dab3491ce2246c49cc3a,688d77db2f6026766d1f2f8ff50cb6cf25d0a90e,持卡人消费,学士楼商务网关,-1.9,23.63,3059,正常
2016/06/04 11:58:57,bcfc295fe1e729d2b6e7dab3491ce2246c49cc3a,688d77db2f6026766d1f2f8ff50cb6cf25d0a90e,持卡人消费,学苑楼商务网关,-8.8,14.83,3060,正常
2016/06/04 18:06:42,bcfc295fe1e729d2b6e7dab3491ce2246c49cc3a,688d77db2f6026766d1f2f8ff50cb6cf25d0a90e,存款,现金充值机,100.0,114.83,3061,正常
2016/06/04 18:30:08,bcfc295fe1e729d2b6e7dab3491ce2246c49cc3a,688d77db2f6026766d1f2f8ff50cb6cf25d0a90e,持卡人消费,学苑楼商务网关,-12.0,102.83,3062,正常
2016/06/04 18:30:49,bcfc295fe1e729d2b6e7dab3491ce2246c49cc3a,688d77db2f6026766d1f2f8ff50cb6cf25d0a90e,持卡人消费,学苑楼商务网关,-0.4,102.43,3063,正常
2016/06/04 18:31:39,bcfc295fe1e729d2b6e7dab3491ce2246c49cc3a,688d77db2f6026766d1f2f8ff50cb6cf25d0a90e,持卡人消费,学苑楼商务网关,-3.0,99.43,3064,正常
2016/06/05 08:25:29,bcfc295fe1e729d2b6e7dab3491ce2246c49cc3a,688d77db2f6026766d1f2f8ff50cb6cf25d0a90e,持卡人消费,学士楼商务网关,-2.9,96.53,3065,正常
2016/06/05 08:26:14,bcfc295fe1e729d2b6e7dab3491ce2246c49cc3a,688d77db2f6026766d1f2f8ff50cb6cf25d0a90e,持卡人消费,学士楼商务网关,-0.2,96.33,3066,正常
2016/06/06 07:25:42,bcfc295fe1e729d2b6e7dab3491ce2246c49cc3a,688d77db2f6026766d1f2f8ff50cb6cf25d0a90e,持卡人消费,学士楼商务网关,-1.9,94.43,3067,正常
2016/06/06 07:27:39,bcfc295fe1e729d2b6e7dab3491ce2246c49cc3a,688d77db2f6026766d1f2f8ff50cb6cf25d0a90e,持卡人消费,学士楼商务网关,-0.5,93.93,3068,正常
2016/06/06 07:32:27,bcfc295fe1e729d2b6e7dab3491ce2246c49cc3a,688d77db2f6026766d1f2f8ff50cb6cf25d0a90e,持卡人消费,学士楼商务网关,-1.5,92.43,3069,正常
2016/06/06 12:14:09,bcfc295fe1e729d2b6e7dab3491ce2246c49cc3a,688d77db2f6026766d1f2f8ff50cb6cf25d0a90e,持卡人消费,学苑楼商务网关,-7.9,84.53,3070,正常
2016/06/06 12:15:49,bcfc295fe1e729d2b6e7dab3491ce2246c49cc3a,688d77db2f6026766d1f2f8ff50cb6cf25d0a90e,持卡人消费,学苑楼商务网关,-7.0,77.53,3071,正常
2016/06/06 12:16:01,bcfc295fe1e729d2b6e7dab3491ce2246c49cc3a,688d77db2f6026766d1f2f8ff50cb6cf25d0a90e,持卡人消费,学苑楼商务网关,-3.0,74.53,3072,正常
2016/06/06 17:00:09,bcfc295fe1e729d2b6e7dab3491ce2246c49cc3a,688d77db2f6026766d1f2f8ff50cb6cf25d0a90e,持卡人消费,学苑楼商务网关,-11.4,63.13,3073,正常
2016/06/06 18:09:43,bcfc295fe1e729d2b6e7dab3491ce2246c49cc3a,688d77db2f6026766d1f2f8ff50cb6cf25d0a90e,持卡人消费,一校区水控新,-2.0,61.13,3074,正常
2016/06/06 18:20:11,bcfc295fe1e729d2b6e7dab3491ce2246c49cc3a,688d77db2f6026766d1f2f8ff50cb6cf25d0a90e,持卡人消费,一校区水控新,-2.0,59.13,3075,正常
2016/06/06 18:30:40,bcfc295fe1e729d2b6e7dab3491ce2246c49cc3a,688d77db2f6026766d1f2f8ff50cb6cf25d0a90e,持卡人消费,一校区水控新,-2.0,57.13,3076,正常
2016/06/06 18:40:32,bcfc295fe1e729d2b6e7dab3491ce2246c49cc3a,688d77db2f6026766d1f2f8ff50cb6cf25d0a90e,持卡人消费,一校区水控新,-1.89,55.24,3078,正常
2016/06/06 19:14:53,bcfc295fe1e729d2b6e7dab3491ce2246c49cc3a,688d77db2f6026766d1f2f8ff50cb6cf25d0a90e,持卡人消费,A2,-2.3,52.94,3079,正常
2016/06/08 08:08:53,bcfc295fe1e729d2b6e7dab3491ce2246c49cc3a,688d77db2f6026766d1f2f8ff50cb6cf25d0a90e,持卡人消费,学士楼商务网关,-3.3,49.64,3080,正常
2016/06/08 08:10:46,bcfc295fe1e729d2b6e7dab3491ce2246c49cc3a,688d77db2f6026766d1f2f8ff50cb6cf25d0a90e,持卡人消费,学士楼商务网关,-1.0,48.64,3081,正常
2016/06/08 11:37:54,bcfc295fe1e729d2b6e7dab3491ce2246c49cc3a,688d77db2f6026766d1f2f8ff50cb6cf25d0a90e,持卡人消费,学士楼商务网关,-3.1,45.54,3082,正常
2016/06/08 11:39:50,bcfc295fe1e729d2b6e7dab3491ce2246c49cc3a,688d77db2f6026766d1f2f8ff50cb6cf25d0a90e,持卡人消费,学士楼商务网关,-2.0,43.54,3083,正常
2016/06/09 08:02:30,bcfc295fe1e729d2b6e7dab3491ce2246c49cc3a,688d77db2f6026766d1f2f8ff50cb6cf25d0a90e,持卡人消费,学士楼商务网关,-2.7,40.84,3084,正常
2016/06/09 17:52:38,bcfc295fe1e729d2b6e7dab3491ce2246c49cc3a,688d77db2f6026766d1f2f8ff50cb6cf25d0a90e,持卡人消费,学士楼商务网关,-6.0,34.84,3085,正常
2016/06/10 19:25:58,bcfc295fe1e729d2b6e7dab3491ce2246c49cc3a,688d77db2f6026766d1f2f8ff50cb6cf25d0a90e,持卡人消费,A2,-4.6,30.24,3086,正常
2016/06/11 10:26:47,bcfc295fe1e729d2b6e7dab3491ce2246c49cc3a,688d77db2f6026766d1f2f8ff50cb6cf25d0a90e,持卡人消费,硕果园（工大商店）,-11.0,19.24,3087,正常
2016/06/11 10:55:45,bcfc295fe1e729d2b6e7dab3491ce2246c49cc3a,688d77db2f6026766d1f2f8ff50cb6cf25d0a90e,存款,现金充值机,100.0,119.24,3088,正常
2016/06/11 11:19:36,bcfc295fe1e729d2b6e7dab3491ce2246c49cc3a,688d77db2f6026766d1f2f8ff50cb6cf25d0a90e,持卡人消费,学苑楼商务网关,-6.0,113.24,3089,正常
2016/06/11 12:44:58,bcfc295fe1e729d2b6e7dab3491ce2246c49cc3a,688d77db2f6026766d1f2f8ff50cb6cf25d0a90e,持卡人消费,学苑楼商务网关,-13.0,100.24,3090,正常
2016/06/11 12:45:13,bcfc295fe1e729d2b6e7dab3491ce2246c49cc3a,688d77db2f6026766d1f2f8ff50cb6cf25d0a90e,持卡人消费,学苑楼商务网关,-8.0,92.24,3091,正常
2016/06/11 12:45:44,bcfc295fe1e729d2b6e7dab3491ce2246c49cc3a,688d77db2f6026766d1f2f8ff50cb6cf25d0a90e,持卡人消费,学苑楼商务网关,-8.0,84.24,3092,正常
2016/06/11 12:50:49,bcfc295fe1e729d2b6e7dab3491ce2246c49cc3a,688d77db2f6026766d1f2f8ff50cb6cf25d0a90e,持卡人消费,学苑楼商务网关,-8.0,76.24,3093,正常
2016/06/11 20:08:10,bcfc295fe1e729d2b6e7dab3491ce2246c49cc3a,688d77db2f6026766d1f2f8ff50cb6cf25d0a90e,持卡人消费,硕果园（工大商店）,-4.0,72.24,3094,正常
2016/06/12 11:04:35,bcfc295fe1e729d2b6e7dab3491ce2246c49cc3a,688d77db2f6026766d1f2f8ff50cb6cf25d0a90e,持卡人消费,学苑楼商务网关,-5.0,67.24,3095,正常
2016/06/12 11:05:40,bcfc295fe1e729d2b6e7dab3491ce2246c49cc3a,688d77db2f6026766d1f2f8ff50cb6cf25d0a90e,持卡人消费,学苑楼商务网关,-4.0,63.24,3096,正常
2016/06/12 11:08:20,bcfc295fe1e729d2b6e7dab3491ce2246c49cc3a,688d77db2f6026766d1f2f8ff50cb6cf25d0a90e,持卡人消费,学苑楼商务网关,-3.8,59.44,3097,正常
2016/06/12 11:08:51,bcfc295fe1e729d2b6e7dab3491ce2246c49cc3a,688d77db2f6026766d1f2f8ff50cb6cf25d0a90e,持卡人消费,学苑楼商务网关,-0.8,58.64,3098,正常
2016/06/13 17:31:25,bcfc295fe1e729d2b6e7dab3491ce2246c49cc3a,688d77db2f6026766d1f2f8ff50cb6cf25d0a90e,持卡人消费,学士楼商务网关,-4.0,54.64,3099,正常
2016/06/13 17:32:52,bcfc295fe1e729d2b6e7dab3491ce2246c49cc3a,688d77db2f6026766d1f2f8ff50cb6cf25d0a90e,持卡人消费,学士楼商务网关,-3.0,51.64,3100,正常
2016/06/13 17:33:22,bcfc295fe1e729d2b6e7dab3491ce2246c49cc3a,688d77db2f6026766d1f2f8ff50cb6cf25d0a90e,持卡人消费,学士楼商务网关,-0.2,51.44,3101,正常
2016/06/14 08:23:40,bcfc295fe1e729d2b6e7dab3491ce2246c49cc3a,688d77db2f6026766d1f2f8ff50cb6cf25d0a90e,持卡人消费,学士楼商务网关,-3.8,47.64,3102,正常
2016/06/16 11:17:10,bcfc295fe1e729d2b6e7dab3491ce2246c49cc3a,688d77db2f6026766d1f2f8ff50cb6cf25d0a90e,持卡人消费,学苑楼商务网关,-10.0,37.64,3103,正常
2016/06/16 11:17:47,bcfc295fe1e729d2b6e7dab3491ce2246c49cc3a,688d77db2f6026766d1f2f8ff50cb6cf25d0a90e,持卡人消费,学苑楼商务网关,-3.6,34.04,3104,正常
2016/06/16 16:45:00,bcfc295fe1e729d2b6e7dab3491ce2246c49cc3a,688d77db2f6026766d1f2f8ff50cb6cf25d0a90e,持卡人消费,硕果园（工大商店）,-7.0,27.04,3105,正常
2016/06/16 16:47:29,bcfc295fe1e729d2b6e7dab3491ce2246c49cc3a,688d77db2f6026766d1f2f8ff50cb6cf25d0a90e,持卡人消费,硕果园（工大商店）,-4.0,23.04,3106,正常
2016/06/16 17:03:45,bcfc295fe1e729d2b6e7dab3491ce2246c49cc3a,688d77db2f6026766d1f2f8ff50cb6cf25d0a90e,持卡人消费,硕果园（工大商店）,-6.0,17.04,3107,正常
2016/06/20 10:33:46,bcfc295fe1e729d2b6e7dab3491ce2246c49cc3a,688d77db2f6026766d1f2f8ff50cb6cf25d0a90e,持卡人消费,硕果园（工大商店）,-14.0,3.04,3108,正常
2016/06/23 08:24:39,bcfc295fe1e729d2b6e7dab3491ce2246c49cc3a,688d77db2f6026766d1f2f8ff50cb6cf25d0a90e,存款,卡中心综合业务,100.0,103.04,3109,正常
2016/06/23 08:25:48,bcfc295fe1e729d2b6e7dab3491ce2246c49cc3a,688d77db2f6026766d1f2f8ff50cb6cf25d0a90e,持卡人消费,学苑楼商务网关,-1.0,102.04,3110,正常
2016/06/23 08:25:57,bcfc295fe1e729d2b6e7dab3491ce2246c49cc3a,688d77db2f6026766d1f2f8ff50cb6cf25d0a90e,持卡人消费,学苑楼商务网关,-0.5,101.54,3111,正常
2016/06/23 08:27:01,bcfc295fe1e729d2b6e7dab3491ce2246c49cc3a,688d77db2f6026766d1f2f8ff50cb6cf25d0a90e,持卡人消费,学苑楼商务网关,-0.9,100.64,3112,正常
2016/06/23 17:09:18,bcfc295fe1e729d2b6e7dab3491ce2246c49cc3a,688d77db2f6026766d1f2f8ff50cb6cf25d0a90e,持卡人消费,硕果园（工大商店）,-8.0,92.64,3113,正常
2016/06/24 17:16:46,bcfc295fe1e729d2b6e7dab3491ce2246c49cc3a,688d77db2f6026766d1f2f8ff50cb6cf25d0a90e,持卡人消费,学苑楼商务网关,-4.0,88.64,3114,正常
2016/06/24 17:17:19,bcfc295fe1e729d2b6e7dab3491ce2246c49cc3a,688d77db2f6026766d1f2f8ff50cb6cf25d0a90e,持卡人消费,学苑楼商务网关,-3.9,84.74,3115,正常
2016/06/24 17:22:28,bcfc295fe1e729d2b6e7dab3491ce2246c49cc3a,688d77db2f6026766d1f2f8ff50cb6cf25d0a90e,持卡人消费,学苑楼商务网关,-3.5,81.24,3116,正常
2016/06/27 00:18:25,bcfc295fe1e729d2b6e7dab3491ce2246c49cc3a,688d77db2f6026766d1f2f8ff50cb6cf25d0a90e,持卡人消费,网络中心,-30.0,51.24,3117,正常
2016/06/27 09:10:21,bcfc295fe1e729d2b6e7dab3491ce2246c49cc3a,688d77db2f6026766d1f2f8ff50cb6cf25d0a90e,持卡人消费,硕果园（工大商店）,-6.0,45.24,3118,正常
2016/06/27 09:17:54,bcfc295fe1e729d2b6e7dab3491ce2246c49cc3a,688d77db2f6026766d1f2f8ff50cb6cf25d0a90e,持卡人消费,网络中心,-15.0,30.24,3119,正常
2016/06/27 09:20:19,bcfc295fe1e729d2b6e7dab3491ce2246c49cc3a,688d77db2f6026766d1f2f8ff50cb6cf25d0a90e,持卡人消费,网络中心,-15.0,15.24,3120,正常
2016/06/27 15:55:23,bcfc295fe1e729d2b6e7dab3491ce2246c49cc3a,688d77db2f6026766d1f2f8ff50cb6cf25d0a90e,持卡人消费,15公寓浴池,-2.0,13.24,3121,正常
2016/06/27 16:05:55,bcfc295fe1e729d2b6e7dab3491ce2246c49cc3a,688d77db2f6026766d1f2f8ff50cb6cf25d0a90e,持卡人消费,15公寓浴池,-2.0,9.24,3123,正常
2016/06/27 15:55:39,bcfc295fe1e729d2b6e7dab3491ce2246c49cc3a,688d77db2f6026766d1f2f8ff50cb6cf25d0a90e,持卡人消费,15公寓浴池,-1.98,9.26,3124,正常
2016/06/27 16:02:05,bcfc295fe1e729d2b6e7dab3491ce2246c49cc3a,688d77db2f6026766d1f2f8ff50cb6cf25d0a90e,持卡人消费,15公寓浴池,-1.18,8.08,3126,正常
2016/06/27 17:18:17,bcfc295fe1e729d2b6e7dab3491ce2246c49cc3a,688d77db2f6026766d1f2f8ff50cb6cf25d0a90e,存款,卡中心综合业务,50.0,58.08,3127,正常
2016/06/27 17:24:11,bcfc295fe1e729d2b6e7dab3491ce2246c49cc3a,688d77db2f6026766d1f2f8ff50cb6cf25d0a90e,持卡人消费,学苑楼商务网关,-4.0,54.08,3128,正常
2016/06/27 17:25:38,bcfc295fe1e729d2b6e7dab3491ce2246c49cc3a,688d77db2f6026766d1f2f8ff50cb6cf25d0a90e,持卡人消费,学苑楼商务网关,-3.4,50.68,3129,正常
2016/06/28 07:13:59,bcfc295fe1e729d2b6e7dab3491ce2246c49cc3a,688d77db2f6026766d1f2f8ff50cb6cf25d0a90e,持卡人消费,学士楼商务网关,-3.1,47.58,3130,正常
2016/06/28 07:14:08,bcfc295fe1e729d2b6e7dab3491ce2246c49cc3a,688d77db2f6026766d1f2f8ff50cb6cf25d0a90e,持卡人消费,学士楼商务网关,-0.3,47.28,3131,正常
2016/06/28 11:29:22,bcfc295fe1e729d2b6e7dab3491ce2246c49cc3a,688d77db2f6026766d1f2f8ff50cb6cf25d0a90e,持卡人消费,学子楼商务网关,-7.2,40.08,3132,正常
